playerId,player,position,targets,interceptionTouchdowns,draftSeason,forcedFumbles,missedTackles,catchRate,teamName,tackles,jerseyNumber,snapCountsOffball,snapCountsBox,sacks,snapCountsPassRush,playerGameCount,eligibleSeason,snapCountsDl,gradesTackle,yards,receptions,gradesCoverageDefense,hurries,interceptions,snapCountsCoverage,snapCountsDlOverT,snapCountsDlAGap,fumbleRecoveries,gradesRunDefense,snapCountsCorner,hits,penalties,battedPasses,team,stops,declinedPenalties,totalPressures,fumbleRecoveryTouchdowns,longest,snapCountsSlot,missedTackleRate,gradesDefense,yardsPerReception,gradesDefensePenalty,safeties,franchiseId,snapCountsDefense,yardsAfterCatch,snapCountsDlBGap,passBreakUps,qbRatingAgainst,snapCountsRunDefense,tacklesForLoss,assists,snapCountsFs,touchdowns,snapCountsDlOutsideT,gradesPassRushDefense
43872,Mason White,CB,2,0,,0,0,50,OREGON ST,1,D01,8,1,0,0,1,2026,0,75.1,5,1,65.4,0,0,6,0,0,0,60,3,0,0,0,OREGON ST,0,0,0,0,5,4,0,66.2,5,70.7,0,265,8,-1,0,0,56.3,2,0,0,0,0,0,
52348,Noah Taylor,LB,0,0,,0,0,,NWESTERN,1,D38,4,4,0,0,1,2026,0,73.2,0,0,60,0,0,1,0,0,0,56.2,0,0,0,0,NWESTERN,1,0,0,0,,0,0,55.6,,65.1,0,256,4,0,0,0,0,3,0,0,0,0,0,
52925,Zaid Hamdan,DI,0,0,,0,0,,KENT STATE,1,D57,0,0,0,15,1,2025,29,69.7,0,0,,0,0,0,4,4,0,59.4,0,0,0,0,KENT STATE,1,0,0,0,,0,0,56.5,,74.6,0,201,29,0,21,0,0,14,0,0,0,0,0,54.2
53549,DeShawn Pace,LB,0,0,,0,1,,UCF,3,D03,65,15,0,6,1,2025,8,58.7,0,0,66.9,1,0,23,0,0,0,70.4,0,0,0,0,UCF,1,0,1,0,,48,25,68.6,,79.6,0,323,73,0,0,0,0,44,0,0,1,0,8,55.7
53572,Eric Phillips,ED,0,0,,0,0,,CINCINNATI,2,D97,0,0,0,24,1,2025,48,73.7,0,0,,2,0,0,14,0,0,52.8,0,1,1,0,CINCINNATI,2,0,3,0,,0,0,50,,0,0,138,48,0,2,0,0,24,0,0,0,0,32,59
54193,Jaheim Thomas,LB,2,0,2026,0,1,100,WISCONSIN,7,D07,49,48,0,4,1,2025,1,67.4,9,2,65.7,2,0,19,0,0,0,56.5,1,0,0,0,WISCONSIN,4,0,2,0,5,0,10,64.4,4.5,75.4,0,349,50,15,0,0,85.4,27,1,2,0,0,1,73.8
54240,Cheikhsaliou Fall,ED,0,0,,0,0,,CAL,1,D17,0,0,0,15,1,2025,26,75.2,0,0,,1,0,0,8,0,0,66.2,0,0,0,0,CAL,1,0,1,0,,0,0,60.7,,76.3,0,130,26,0,0,0,0,11,1,1,0,0,18,53.4
55516,Malik Denkins,ED,0,0,,0,0,,C MICHIGAN,0,D81,0,0,0,0,1,2027,10,71.5,0,0,,0,0,0,0,0,0,60.8,0,0,0,0,C MICHIGAN,0,0,0,0,,0,0,61.3,,72.5,0,134,10,0,1,0,0,10,0,1,0,0,9,
62277,Jaiden Cameron,ED,0,0,,0,0,,NWESTERN,0,D53,0,0,0,2,1,2025,8,71.3,0,0,,0,0,0,3,0,0,70.1,0,0,0,0,NWESTERN,0,0,0,0,,0,0,71.3,,70.5,0,256,8,0,0,0,0,6,0,1,0,0,5,58.5
62494,Alex Howard,LB,3,0,,0,1,66.7,DUKE,5,D03,51,47,0,3,1,2025,7,70.1,20,2,65.5,1,0,19,0,0,0,59,0,0,1,0,DUKE,3,0,1,0,16,4,12.5,55.6,10,0,0,154,58,19,0,0,85.4,36,0,2,0,0,7,47.3
63872,Kam Butler,ED,1,0,,0,1,100,VIRGINIA,2,D82,0,0,0,29,1,2025,63,50,25,1,50.7,1,0,4,6,0,0,73.2,0,2,0,0,VIRGINIA,2,0,3,0,25,0,25,63.7,25,78.6,0,335,63,26,11,0,118.8,30,0,1,0,0,46,63.8
66051,Josh Minkins,S,1,0,2025,0,2,100,CINCINNATI,3,D00,49,28,0,0,1,2025,0,64,6,1,51.2,0,0,25,0,0,0,65.7,0,0,0,0,CINCINNATI,0,0,0,0,6,13,22.2,56.4,6,76.6,0,138,49,0,0,0,91.7,24,0,4,8,0,0,
66298,Ty Hamilton,DI,0,0,2025,0,0,,OHIO STATE,3,D58,0,0,1,37,1,2025,60,75.5,0,0,60.1,0,0,1,8,2,0,63,0,0,0,0,OHIO STATE,4,0,1,0,,0,0,62,,76.7,0,260,60,0,50,0,0,22,0,1,0,0,0,58.6
70644,Ben Florentine,DI,0,0,,0,1,,WYOMING,1,D94,0,0,0,9,1,2026,19,34.9,0,0,68,0,0,0,1,7,0,58.9,0,0,0,0,WYOMING,1,0,0,0,,0,33.3,64.4,,73.5,0,351,19,0,11,0,0,10,0,1,0,0,0,57
70831,Korey Foreman,ED,0,0,,0,1,,FRESNO ST,0,D00,0,0,0,20,1,2026,27,19.3,0,0,61.1,0,0,3,0,0,0,56.5,0,0,0,0,FRESNO ST,0,0,0,0,,0,100,57.9,,76.9,0,169,27,0,0,0,0,4,0,0,0,0,27,58.3
70879,Tuasivi Nomura,LB,2,0,2025,0,0,0,FRESNO ST,6,D08,40,29,0,7,1,2025,1,82.3,0,0,60.8,0,0,24,0,0,0,69.2,0,0,0,0,FRESNO ST,1,0,0,0,,11,0,62.4,,75.7,0,169,41,0,0,0,39.6,10,0,1,0,0,1,53.3
71322,Keyon Ware-Hudson,DI,0,0,,0,0,,OREGON,0,D95,0,0,0,9,1,2025,16,74.2,0,0,,0,0,0,9,0,0,63.5,0,0,0,0,OREGON,0,0,0,0,,0,0,61.3,,72.4,0,264,16,0,7,0,0,7,0,3,0,0,0,56.5
71370,Domani Jackson,CB,2,0,2026,0,1,100,ALABAMA,1,D01,47,5,0,1,1,2026,0,42.6,12,2,66.8,0,0,23,0,0,0,55.7,42,0,0,0,ALABAMA,1,0,0,0,10,0,50,64.1,6,75.7,0,103,47,12,0,0,91.7,23,0,0,0,0,0,58.1
71391,William Nimmo Jr.,S,0,0,,0,0,,S DIEGO ST,1,D07,33,18,0,0,1,2025,0,73.1,0,0,72.6,0,0,17,0,0,0,70,0,0,0,0,S DIEGO ST,1,0,0,0,,4,0,74.4,,73.7,0,284,33,0,0,0,0,16,0,0,11,0,0,
71406,Akili Arnold,S,7,0,,0,0,71.4,USC,2,D00,81,30,0,4,1,2025,7,77.9,61,5,35.8,3,0,51,0,0,0,64.7,0,0,0,0,USC,0,0,3,0,18,42,0,43.1,12.2,78.8,0,326,88,19,0,0,97.9,33,0,0,9,0,7,63.5
71410,Easton Mascarenas-Arnold,LB,1,0,2025,0,2,100,USC,8,D04,75,75,0,8,1,2025,15,60.5,9,1,57.4,1,0,49,0,0,0,85.8,0,2,0,0,USC,5,0,3,0,9,0,15.4,75.4,9,79.5,0,326,90,2,0,0,104.2,33,0,3,0,0,15,76.9
71957,Sheldon Newton,DI,0,0,,0,0,,BOISE ST,2,D09,0,0,0,16,1,2025,26,72.2,0,0,60,1,0,0,1,4,0,59.5,0,0,0,0,BOISE ST,1,0,1,0,,0,0,60.9,,75.2,0,120,26,0,21,0,0,10,0,0,0,0,0,60
72089,DJ Harvey,CB,9,0,,0,4,55.6,S JOSE ST,3,D02,74,5,0,1,1,2026,1,23.7,69,5,76.8,0,0,45,0,0,0,51.9,59,0,0,0,S JOSE ST,2,0,0,0,43,10,57.1,73.8,13.8,77.9,0,285,75,32,0,3,117.4,29,0,0,0,1,1,60
72332,Kamren Fabiculanan,S,1,0,,0,1,100,WASHINGTON,4,D13,70,32,0,0,1,2025,2,56.3,8,1,66.5,0,0,20,0,0,0,49.7,1,0,0,0,WASHINGTON,2,0,0,0,8,10,16.7,58.3,8,75.8,0,340,72,0,0,0,100,52,0,1,27,0,2,
72338,Raider Damuni,S,2,0,,0,0,50,BYU,3,D03,20,6,0,1,1,2028,1,80.7,13,1,53.7,0,0,12,0,0,0,69,0,0,0,0,BYU,1,0,0,0,13,3,0,59.6,13,74.6,0,128,21,2,0,0,70.8,8,0,1,11,0,1,60
72354,Logan Pili,LB,0,0,,0,0,,UTAH ST,0,D27,5,4,0,0,1,2027,0,76.7,0,0,60,0,0,1,0,0,0,78.3,0,0,0,0,UTAH ST,0,0,0,0,,1,0,80.3,,69.1,0,329,5,0,0,0,0,4,0,2,0,0,0,
72535,Noa Pola-Gates,CB,2,0,,0,0,50,NEW MEXICO,2,D02,55,4,0,0,1,2025,0,78.5,25,1,66.6,0,0,21,0,0,0,63.5,50,0,0,0,NEW MEXICO,0,0,0,0,25,1,0,66.6,25,76.1,0,241,55,20,0,1,95.8,34,0,1,0,0,0,
72538,Jadon Pearson,LB,0,0,,0,0,,UTAH ST,0,D39,14,12,0,1,1,2026,0,,0,0,62.6,0,0,6,0,0,0,41.2,1,0,0,0,UTAH ST,0,0,0,0,,1,,46.5,,67.9,0,329,14,0,0,0,0,7,0,0,0,0,0,59.2
72821,Keith Conley Jr.,ED,0,0,,0,0,,UNLV,1,D99,0,0,0,8,1,2026,11,71.1,0,0,,0,0,0,2,0,0,49.9,0,0,0,0,UNLV,0,0,0,0,,0,0,45.1,,72.6,0,325,11,0,3,0,0,3,0,0,0,0,6,54
73151,Henry Ikahihifo,ED,1,0,,0,0,100,NEVADA,1,D00,2,2,0,26,1,2026,37,72.2,6,1,60.6,1,0,3,0,0,0,69.2,0,1,0,0,NEVADA,1,0,2,0,6,0,0,62.5,6,79.7,0,239,39,0,0,0,91.7,10,0,0,0,0,37,55.9
73389,Marco Notarainni,LB,0,0,,0,1,,BOISE ST,4,D53,20,20,0,1,1,2026,2,53.7,0,0,55.9,1,0,10,0,0,0,85.1,0,0,0,0,BOISE ST,3,0,1,0,,0,16.7,76.4,,74.5,0,120,22,0,0,0,0,11,0,1,0,0,2,67.5
74119,Taariq Al-Uqdah,LB,2,0,,0,0,100,WASH STATE,3,D00,58,55,0,3,1,2027,2,79.2,17,2,67.1,0,1,37,0,0,0,60.2,0,0,0,0,WASH STATE,1,0,0,0,14,3,0,65.4,8.5,77.6,0,341,60,1,0,0,62.5,20,0,1,0,0,2,55.7
74395,Zion Branch,S,3,0,,0,0,33.3,USC,2,D08,59,28,1,2,1,2027,2,80.4,17,1,52.2,0,0,33,0,0,0,71.6,0,0,0,0,USC,2,0,1,0,17,7,0,61.4,17,76.6,0,326,61,5,0,1,53.5,26,0,1,24,0,2,76.4
74498,Treven Ma'ae,DI,0,0,2025,0,0,,BAYLOR,1,D09,0,0,1,30,1,2025,46,72.7,0,0,60,0,0,0,11,2,0,54.6,0,0,0,0,BAYLOR,1,0,1,0,,0,0,60,,75.8,0,118,46,0,25,0,0,16,0,0,0,0,8,62.7
75263,Silas Walters,S,0,0,2026,0,0,,MIAMI OH,3,D29,44,18,0,0,1,2026,0,83.9,0,0,65.1,0,0,16,0,0,0,80.4,0,0,0,0,MIAMI OH,0,0,0,0,,15,0,74.5,,75.5,0,221,44,0,0,0,0,28,0,5,11,0,0,
75816,Chuck Hicks,LB,1,0,,0,1,100,MISSOURI,1,D30,31,29,0,1,1,2025,0,56.8,26,1,46.8,0,0,10,0,0,0,58.5,0,0,0,0,MISSOURI,1,0,0,0,26,2,25,50.3,26,72.9,0,229,31,7,0,0,118.8,20,0,2,0,0,0,59.3
76532,Damaje Yancey,CB,10,0,,0,3,70,TROY,9,D09,85,9,0,0,1,2025,0,50.8,54,7,58.1,0,0,50,0,0,0,67.2,76,0,2,0,TROY,0,0,0,0,12,0,25,57.4,7.7,0,0,318,85,27,0,1,82.9,35,0,0,0,0,0,
76711,Torey Richardson,CB,6,0,,0,2,66.7,TEMPLE,3,D13,60,0,0,0,1,2025,0,33.9,27,4,67,0,0,29,0,0,0,51.7,57,0,0,0,TEMPLE,1,0,0,0,11,2,33.3,64.5,6.8,77.2,0,306,60,19,0,1,76.4,31,0,1,1,0,0,
76792,Dennis Briggs Jr.,DI,0,0,,0,1,,ILLINOIS,2,D06,0,0,0,22,1,2025,53,40.3,0,0,,3,0,0,30,0,0,66.3,0,0,0,0,ILLINOIS,1,0,3,0,,0,33.3,72.4,,75.7,0,187,53,0,21,0,0,31,0,0,0,0,2,73.5
76813,Antonio Colclough,ED,0,0,,0,0,,BUFFALO,1,D06,0,0,0,11,1,2025,27,73,0,0,59.9,1,0,1,5,0,0,71.2,0,0,0,0,BUFFALO,1,0,1,0,,0,0,69,,75.9,0,126,27,0,2,0,0,15,0,0,0,0,20,60.7
76999,Darnell Jefferies,DI,0,0,,0,0,,MINNESOTA,0,D08,0,0,0,6,1,2025,9,,0,0,,0,0,0,1,0,0,61.5,0,0,0,0,MINNESOTA,0,0,0,0,,0,,59.9,,70.6,0,225,9,0,8,0,0,3,0,0,0,0,0,57
77160,Justin Wright,LB,0,0,,0,0,,OKLA STATE,1,D44,21,21,0,3,1,2025,1,73.6,0,0,62.2,1,0,5,0,0,0,75,0,0,0,0,OKLA STATE,1,0,1,0,,0,0,72,,72,0,262,22,0,0,0,0,14,0,0,0,0,1,56.2
77244,Matt Harmon,ED,0,0,2025,0,0,,KENT STATE,3,D07,2,2,0,18,1,2025,36,79.1,0,0,70.6,0,0,1,0,0,0,65.5,0,0,0,0,KENT STATE,2,0,0,0,,0,0,66.8,,79.5,0,201,38,0,0,0,0,19,0,2,0,0,36,56.1
77252,Daniel Bolden,LB,1,0,,0,1,100,TOLEDO,6,D31,65,65,0,0,1,2025,2,73.5,18,1,62.6,0,0,32,0,0,0,80,0,2,0,0,TOLEDO,4,0,2,0,18,0,9.1,74.4,18,77,0,316,67,11,0,0,118.8,35,1,4,0,0,2,
77266,Keye Thompson,LB,1,0,,0,0,100,PITTSBURGH,4,D38,31,31,0,8,1,2025,0,60.6,4,1,71.7,0,0,16,0,0,0,74.9,0,0,0,0,PITTSBURGH,2,0,0,0,4,0,0,72.8,4,74.3,0,268,31,0,0,0,83.3,7,0,0,0,0,0,51.5
77680,Jace Ruder,LB,0,0,,0,0,,N TEXAS,0,D03,1,1,0,0,1,2025,0,,0,0,,0,0,0,0,0,0,60,0,0,0,0,N TEXAS,0,0,0,0,,0,,61.7,,64.1,0,251,1,0,0,0,0,1,0,0,0,0,0,
78169,DaShon Bussell,CB,3,0,,0,0,0,W MICHIGAN,0,D00,22,0,0,0,1,2025,0,,0,0,59.9,0,0,13,0,0,0,66.4,22,0,0,0,W MICHIGAN,0,0,0,0,,0,,62.6,,73.6,0,347,22,0,0,1,39.6,9,0,0,0,0,0,
78999,Marque Collins,CB,4,0,,0,0,50,BYU,0,D02,54,4,0,1,1,2026,0,,69,2,65.9,0,0,33,0,0,0,63.1,47,0,0,0,BYU,0,0,0,0,40,3,,66.1,34.5,76.1,0,128,54,37,0,0,135.4,20,0,0,0,1,0,59.8
81249,Jayden McDonald,LB,3,0,,0,3,66.7,UCONN,7,D10,60,57,0,11,1,2025,3,44.2,6,2,66.6,1,0,24,0,0,0,82.6,0,1,1,0,UCONN,5,0,2,0,4,2,25,74,3,0,0,146,63,7,0,1,70.1,28,2,2,1,0,3,57.5
82212,Jermayne Lole,DI,0,0,,0,1,,TEXAS,2,D99,0,0,0,18,1,2025,39,50.7,0,0,60,1,0,1,9,28,0,71.4,0,1,0,0,TEXAS,2,0,2,0,,0,20,76.1,,76.8,0,311,39,0,2,0,0,20,1,2,0,0,0,73.5
82281,Ezekiel Holmes,DI,0,0,,0,0,,ILLINOIS,0,D33,0,0,0,13,1,2025,25,,0,0,,0,0,0,21,0,0,46.6,0,0,0,0,ILLINOIS,0,0,0,0,,0,,46.8,,73.5,0,187,25,0,3,0,0,12,0,0,0,0,1,55.4
82408,Maurice Strong Jr.,DI,0,0,,0,1,,S ALABAMA,4,D55,0,0,0,14,1,2025,33,49.2,0,0,,0,0,0,0,1,0,76,0,0,0,0,S ALABAMA,4,0,0,0,,0,20,75,,74.9,0,288,33,0,32,0,0,19,2,0,0,0,0,61
82557,Jacob Mangum-Farrar,ED,1,0,,0,0,100,INDIANA,1,D07,0,0,0,7,1,2025,20,72.2,10,1,53.8,0,0,6,0,0,0,62,0,0,0,0,INDIANA,0,0,0,0,10,0,0,58.9,10,75.5,0,190,20,12,0,0,108.3,7,0,0,0,0,20,65.2
82560,Raymond Scott,LB,2,0,,0,0,50,JAMES MAD,2,D01,30,21,0,3,1,2025,2,80.8,5,1,55.9,0,0,16,0,0,0,77,0,1,0,0,JAMES MAD,2,0,1,0,5,9,0,69.5,5,73.7,0,197,32,7,0,0,56.3,13,0,3,0,0,2,69
82562,Solomon Tuliaupupu,ED,0,0,,0,2,,USC,2,D58,2,2,0,12,1,2027,28,26.4,0,0,60.9,1,0,3,0,0,0,57.6,0,0,0,0,USC,2,0,1,0,,0,40,58.3,,78.2,0,326,30,0,0,0,0,15,0,1,0,0,28,58.4
83197,Dustin Johnson,S,3,0,,0,5,33.3,OHIO,8,D06,63,9,0,0,1,2025,0,28.5,3,1,50.9,0,0,43,0,0,0,41.9,0,0,0,0,OHIO,2,0,0,0,3,7,35.7,49.7,3,78.7,0,259,63,8,0,0,42.4,20,0,1,47,0,0,70.4
83314,Jarvis Ware,CB,3,0,,0,2,100,UNLV,5,D13,53,8,0,0,1,2025,0,39.8,38,3,66.1,0,0,29,0,0,0,42.7,45,0,1,0,UNLV,2,0,0,0,21,0,28.6,57.2,12.7,0,0,325,53,5,0,0,118.8,24,0,0,0,0,0,
83838,Armani-Eli Adams,S,0,0,,0,2,,W MICHIGAN,2,D30,22,8,0,0,1,2025,0,25.9,0,0,57.3,0,0,13,0,0,0,54.6,0,0,0,0,W MICHIGAN,1,0,0,0,,2,50,55.2,,72.8,0,347,22,0,0,0,0,9,0,0,12,0,0,
85725,Jayden Dunlap,CB,1,0,,0,0,100,BYU,1,D29,5,1,0,0,1,2026,0,73.5,12,1,53.3,0,0,3,0,0,0,60,4,0,0,0,BYU,0,0,0,0,12,0,0,52.5,12,67.8,0,128,5,1,0,0,116.7,2,0,0,0,0,0,
85774,Gracen Halton,DI,0,0,2026,0,0,,OKLAHOMA,2,D56,0,0,0,19,1,2026,35,74.3,0,0,,2,0,0,6,7,0,75.9,0,0,0,0,OKLAHOMA,1,0,2,0,,0,0,74.7,,76.1,0,261,35,0,20,0,0,16,0,1,0,0,2,63.3
86082,Jacob Bandes,DI,0,0,,0,1,,WASHINGTON,3,D55,0,0,0,12,1,2025,43,53.7,0,0,62.6,0,1,0,4,8,0,53.3,0,0,0,0,WASHINGTON,0,0,0,0,,0,16.7,58.6,,75.9,0,340,43,0,30,0,0,31,0,2,0,0,1,56.7
86168,Jairus Satele,DI,0,0,,0,0,,FRESNO ST,0,D56,0,0,0,21,1,2028,26,,0,0,,0,0,0,4,0,0,29.8,0,1,0,0,FRESNO ST,0,0,1,0,,0,,47.8,,73.6,0,169,26,0,22,0,0,5,0,0,0,0,0,67.2
86527,Rodney Robinson,S,0,0,,0,0,,BOISE ST,2,D04,26,15,0,3,1,2025,5,76.4,0,0,65.4,0,0,16,0,0,0,45.8,0,1,0,0,BOISE ST,2,0,1,0,,10,0,60.2,,74.8,0,120,31,0,0,0,0,12,0,0,1,0,5,68.9
86729,Ozzie Nicholas,LB,2,0,,1,2,50,DUKE,9,D45,69,67,0,2,1,2025,1,53.2,14,1,57.6,1,0,23,0,0,1,62.7,0,0,1,0,DUKE,6,0,1,0,14,2,16.7,56.7,14,0,0,154,70,18,0,0,72.9,45,1,1,0,0,1,58
86877,Ceyair Wright,CB,3,0,2026,0,0,100,NEBRASKA,3,D15,43,3,0,0,1,2026,1,77.9,37,3,50.5,0,0,21,0,0,0,63.6,40,0,0,0,NEBRASKA,0,0,0,0,17,0,0,52.4,12.3,76,0,238,44,6,0,0,118.1,23,0,0,0,0,1,
87618,Logan Taylor,LB,3,0,,0,0,100,HAWAII,8,D16,34,33,0,1,1,2026,1,84,12,3,88.2,0,0,20,0,0,0,79.7,0,1,0,0,HAWAII,5,0,1,0,8,1,0,90.4,4,72.4,0,180,35,4,0,0,83.3,14,0,1,0,0,1,59.1
88453,Dylan Brown,DI,0,0,,0,0,,JVILLE ST,0,D54,0,0,0,6,1,2025,9,,0,0,,0,0,0,0,9,0,67.6,0,0,1,0,JVILLE ST,0,0,0,0,,0,,54,,0,0,196,9,0,0,0,0,3,0,0,0,0,0,57.5
90079,David Reese,ED,0,0,,0,1,,CAL,0,D07,0,0,0,19,1,2026,31,24.8,0,0,,1,0,0,0,0,0,64.9,0,0,0,0,CAL,0,0,1,0,,0,100,61.8,,78.5,0,130,31,0,0,0,0,12,0,0,0,0,31,57.8
90192,Dalton Norris,DI,0,0,,0,0,,MIAMI OH,0,D95,0,0,0,4,1,2025,5,,0,0,,0,0,0,0,0,0,60,0,0,0,0,MIAMI OH,0,0,0,0,,0,,60.2,,69.3,0,221,5,0,5,0,0,1,0,0,0,0,0,59.3
90529,Ose Egbase,ED,0,0,,0,0,,UNLV,0,D26,0,0,0,6,1,2026,6,,0,0,,0,0,0,0,0,0,,0,0,0,0,UNLV,0,0,0,0,,0,,53.5,,71.3,0,325,6,0,0,0,0,0,0,0,0,0,6,54
90783,Tyrice Ivy Jr.,S,0,0,,0,0,,OREGON ST,2,D12,33,13,0,0,1,2026,0,80.2,0,0,66,0,0,20,0,0,0,73.2,0,0,0,0,OREGON ST,1,0,0,0,,2,0,70.4,,75,0,265,33,0,0,0,0,13,1,1,18,0,0,
91245,Trey Laing,ED,0,0,,0,0,,E MICHIGAN,2,D97,0,0,0,6,1,2025,10,74.1,0,0,60,1,0,0,0,0,0,49.5,0,0,1,0,E MICHIGAN,2,0,1,0,,0,0,36.7,,0,0,160,10,0,0,0,0,4,0,0,0,0,10,56.3
97141,Antavious Lane,S,8,0,,0,2,100,N CAROLINA,9,D01,61,24,0,1,1,2025,2,70.8,93,8,53.5,0,0,48,0,0,0,71.3,0,0,0,0,N CAROLINA,2,0,0,0,34,19,18.2,57.3,11.6,77.6,0,245,63,29,0,0,115.1,14,1,0,18,0,2,59.7
97143,Bralyn Lux,CB,1,0,2025,0,0,100,TEXAS TECH,5,D00,56,6,0,1,1,2025,1,80.9,0,1,75.7,1,0,35,0,0,0,73.9,48,0,0,0,TEXAS TECH,4,0,1,0,0,1,0,78.7,0,76.3,0,315,57,3,0,0,79.2,21,0,0,1,0,1,63.8
97220,Anthony Wilson,S,3,0,,0,0,66.7,W VIRGINIA,6,D12,61,16,0,0,1,2025,1,85.8,33,2,67.9,0,0,42,0,0,0,62.8,0,0,0,0,W VIRGINIA,2,0,0,0,23,8,0,67.5,16.5,78.2,0,343,62,5,0,0,143.1,20,0,2,37,1,1,
97225,Brandon Crossley,CB,11,0,2025,0,1,54.5,SMU,3,D01,79,1,0,0,1,2025,1,46.9,53,6,59.2,0,0,53,0,0,0,63.7,73,0,1,0,SMU,2,0,0,0,18,5,25,60.1,8.8,78.7,0,287,80,11,0,0,97.9,27,1,0,0,1,1,
97230,Marcus Harris,CB,5,0,2025,0,0,60,CAL,4,D05,56,5,0,0,1,2025,0,79.1,46,3,57.8,0,0,33,0,0,0,66.3,48,0,1,0,CAL,2,0,0,0,23,2,0,59.6,15.3,76.6,0,130,56,9,0,0,90.4,23,0,0,1,0,0,
97237,Rod Heard II,S,0,0,,0,0,,NOTRE DAME,0,D02,0,0,0,0,1,2025,1,,0,0,,0,0,0,0,0,0,60,0,0,0,0,NOTRE DAME,0,0,0,0,,0,,60.1,,66,0,258,1,0,0,0,0,1,0,0,0,0,1,
97239,Chike Anigbogu,LB,0,0,,0,1,,RICE,1,D07,12,10,0,0,1,2025,0,26.9,0,0,62,0,0,4,0,0,0,40.9,0,0,0,0,RICE,1,0,0,0,,2,50,45,,69.9,0,275,12,0,0,0,0,8,1,0,0,0,0,
97243,Isaiah Essissima,CB,0,0,,0,0,,COLO STATE,0,D01,11,1,0,0,1,2025,0,74.2,0,0,91.4,0,0,6,0,0,0,60,10,0,0,0,COLO STATE,0,0,0,0,,0,,92,,70.5,0,144,11,0,0,0,0,5,0,0,0,0,0,
97324,Jordan Clark,CB,0,0,2025,0,0,,NOTRE DAME,0,D01,6,4,0,1,1,2025,1,,0,0,60.1,0,0,3,0,0,0,60,1,0,0,0,NOTRE DAME,0,0,0,0,,1,,59.8,,68.1,0,258,7,0,0,0,0,3,0,0,0,0,1,59
97329,Derrick Canteen,S,6,0,2025,0,1,100,CINCINNATI,7,D10,44,21,0,0,1,2025,0,67.4,61,6,56.4,0,0,21,0,0,0,68.1,1,0,0,0,CINCINNATI,2,0,0,0,15,20,10,59.8,10.2,77.3,0,138,44,30,0,0,109,23,0,2,2,0,0,
97341,Ken Robinson,S,2,0,,0,0,0,UTSA,1,D04,40,12,0,0,1,2025,0,76.2,0,0,45.2,0,0,25,0,0,0,65.3,0,0,0,0,UTSA,0,0,0,0,,4,0,50.6,,76.7,0,331,40,0,0,1,39.6,15,0,0,24,0,0,
97353,Coco Azema,S,0,0,,0,2,,NWESTERN,1,D00,29,18,0,0,1,2025,0,24.2,0,0,72.2,0,0,16,0,0,0,39.5,2,0,0,0,NWESTERN,1,0,0,0,,1,66.7,60.2,,74.9,0,256,29,0,0,0,0,13,0,0,8,0,0,
97369,Sidney Porter,LB,4,0,,0,0,50,KENNESAW,5,D11,37,5,0,5,1,2025,21,82.6,11,2,58.5,0,0,23,0,0,0,67.8,0,0,0,0,KENNESAW,1,0,0,0,8,32,0,62.8,5.5,83.1,0,200,58,6,0,0,56.3,30,0,2,0,0,21,57.5
97372,Reid Dedman,LB,0,0,,0,0,,GA SOUTHRN,0,D17,7,3,0,0,1,2025,0,76.2,0,0,60,0,0,1,0,0,0,71.5,0,0,0,0,GA SOUTHRN,0,0,0,0,,4,0,71,,71.7,0,174,7,0,0,0,0,6,0,1,0,0,0,
97379,Woodi Washington,CB,1,0,,0,0,100,OKLAHOMA,3,D05,26,11,0,1,1,2025,3,79.3,13,1,66.9,0,0,18,0,0,0,66.5,0,0,0,0,OKLAHOMA,1,0,0,0,13,14,0,68.3,13,76.7,0,261,29,8,0,0,118.8,10,0,0,1,0,3,59.2
97386,Solomon Brown,S,4,0,,0,2,50,BUFFALO,4,D07,60,21,0,0,1,2026,0,36.5,15,2,50.6,0,0,22,0,0,0,62.7,0,0,0,0,BUFFALO,2,0,0,0,13,17,33.3,55,7.5,77.9,0,126,60,7,0,0,99,38,0,0,22,1,0,
97427,Devin Voisin,WR,0,0,,0,0,,S ALABAMA,0,01,1,0,0,0,1,2026,0,,0,0,,0,0,0,0,0,0,60,0,0,0,0,S ALABAMA,0,0,0,0,,0,,60,,60,0,288,1,0,0,0,0,1,0,0,0,0,0,
97468,Trevon Booker,CB,3,0,,0,0,100,CHARLOTTE,2,D20,27,0,0,0,1,2025,0,76.2,19,3,64.5,0,0,15,0,0,0,61.8,27,0,0,0,CHARLOTTE,1,0,0,0,16,0,0,65,6.3,74.2,0,136,27,13,0,0,93.1,12,0,0,0,0,0,
97471,Roderick Roberson,S,1,0,,0,0,0,LA TECH,0,D19,13,7,0,0,1,2025,1,,0,0,77.2,0,0,6,0,0,0,60.3,0,0,0,0,LA TECH,0,0,0,0,,1,,74.9,,73.2,0,208,14,0,0,1,39.6,8,0,0,5,0,1,
97475,Cameron Williams,S,1,0,,0,0,100,GA SOUTHRN,4,D06,34,9,0,0,1,2025,0,82,17,1,53.7,0,0,10,0,0,0,74,0,0,1,0,GA SOUTHRN,2,0,0,0,17,22,0,61.8,17,76.8,0,174,34,2,0,0,118.8,24,0,0,3,0,0,
97483,Dallas Gamble,CB,0,0,,0,0,,S ALABAMA,0,D04,2,0,0,0,1,2025,0,,0,0,61.6,0,0,2,0,0,0,,2,0,0,0,S ALABAMA,0,0,0,0,,0,,62.4,,65.8,0,288,2,0,0,0,0,0,0,0,0,0,0,
97495,Dean Clark,S,4,0,2025,0,1,75,FRESNO ST,4,D32,70,8,0,4,1,2025,4,64.4,17,3,69.9,0,0,55,0,0,0,64.7,0,2,0,0,FRESNO ST,2,0,2,0,12,17,16.7,72.6,5.7,82.1,0,169,74,13,0,0,82.3,15,0,1,45,0,4,75.8
97497,Dane Motley,LB,1,0,,0,0,100,ARK STATE,0,D23,3,1,0,0,1,2025,1,,13,1,43.7,0,0,4,0,0,0,,0,0,0,0,ARK STATE,0,0,0,0,13,2,,39.6,13,70.3,0,113,4,3,0,0,118.8,0,0,0,0,0,1,
97506,Jaden Voisin,S,4,0,,0,2,25,S ALABAMA,3,D02,60,38,0,0,1,2025,0,49.7,3,1,56.3,0,0,27,0,0,0,56,0,0,1,0,S ALABAMA,1,0,0,0,3,5,28.6,52.3,3,0,0,288,60,3,0,0,39.6,33,0,2,17,0,0,
97517,Marvae Myers,CB,5,0,,0,1,60,MIDDLE TN,0,D06,53,0,0,0,1,2026,0,21.4,61,3,53.5,0,0,18,0,0,0,64.6,51,0,0,0,MIDDLE TN,0,0,0,0,37,2,100,56.2,20.3,77,0,224,53,13,0,0,102.9,35,0,0,0,0,0,
97520,Malik Dixon-Williams,S,3,0,2025,0,2,100,UCONN,5,D01,64,16,0,0,1,2025,0,47.7,33,3,52.5,0,0,36,0,0,1,58.2,1,0,0,0,UCONN,1,0,0,0,13,4,25,54,11,77.7,0,146,64,19,0,0,112.5,28,0,1,43,0,0,
97532,Malachi Langley,LB,1,0,,0,0,100,FRESNO ST,7,D09,50,46,0,7,1,2025,0,83.2,3,1,72.6,1,0,32,0,0,0,80.1,0,0,0,0,FRESNO ST,2,0,1,0,3,4,0,78.1,3,76.6,0,169,50,1,0,0,79.2,11,0,2,0,0,0,59.4
97539,Quincy Riley,CB,9,0,2025,0,0,44.4,LOUISVILLE,5,D03,57,6,0,1,1,2025,0,80.8,63,4,68.9,0,0,32,0,0,0,70.5,40,0,0,1,LOUISVILLE,3,0,0,0,54,11,0,73.2,15.8,76.6,0,210,57,42,0,1,105.3,24,1,1,0,1,0,60
97541,Chad Stephens,ED,0,0,,0,0,,E CAROLINA,1,D03,0,0,0,18,1,2025,33,72.2,0,0,,0,0,0,5,0,0,67.4,0,0,0,0,E CAROLINA,1,0,0,0,,0,0,62.2,,75,0,156,33,0,17,0,0,15,0,1,0,0,11,54.1
97543,Jett Elad,S,3,0,,0,4,33.3,UNLV,5,D09,66,15,0,1,1,2026,0,27.7,6,1,81.1,0,0,33,0,0,0,36.4,0,0,0,0,UNLV,1,0,0,0,6,3,44.4,67.9,6,76.9,0,325,66,1,0,2,42.4,32,0,0,48,0,0,58.8
97545,Jackson Barrow,LB,4,0,,0,2,100,TOLEDO,6,D05,66,66,0,0,1,2025,1,47.7,9,4,65.2,0,0,32,0,0,0,47.8,0,0,0,0,TOLEDO,4,0,0,0,9,0,25,56.5,2.3,76.4,0,316,67,14,0,0,118.8,35,2,0,0,2,1,
97546,Dorian Jones,LB,3,0,,0,1,100,VIRGINIA,4,D11,29,29,0,3,1,2026,1,53.8,34,3,59.8,1,0,10,0,0,0,81.9,0,0,0,0,VIRGINIA,3,0,1,0,25,0,16.7,72.6,11.3,72,0,335,30,30,0,0,113.9,17,0,1,0,0,1,57.2
97560,Thomas Gore,DI,0,0,,0,1,,GA TECH,0,D59,0,0,0,16,1,2025,29,28.1,0,0,,1,0,0,0,0,0,71.1,0,0,0,0,GA TECH,0,0,1,0,,0,50,77.3,,74.5,0,176,29,0,29,0,0,13,0,1,0,0,0,73.3
97563,Marcus Fuqua,S,0,0,,0,0,,BUFFALO,5,D10,34,16,0,0,1,2025,0,83.5,0,0,64.5,0,0,10,0,0,0,71.8,0,0,0,0,BUFFALO,2,0,0,0,,7,0,69.9,,74.4,0,126,34,0,0,0,0,24,1,1,11,0,0,
97572,Javon Denis,DI,0,0,,0,1,,MEMPHIS,1,D08,0,0,0,22,1,2025,45,28.6,0,0,,0,0,0,16,7,0,63.8,0,0,0,0,MEMPHIS,1,0,0,0,,0,50,61.5,,76.3,0,218,45,0,12,0,0,23,0,0,0,0,10,57
97609,Damari Roberson,S,2,0,,0,0,100,W MICHIGAN,4,D04,24,2,0,1,1,2025,8,80.5,19,2,61.8,0,0,13,0,0,0,68.6,1,0,0,0,W MICHIGAN,3,0,0,0,18,21,0,65.4,9.5,79.6,0,347,32,8,0,0,145.8,18,0,1,0,1,8,59.5
97675,Terry Jones,CB,2,0,,0,1,100,INDIANA,2,D12,35,10,0,8,1,2025,8,61.1,21,2,58.1,1,0,21,0,0,0,64.1,0,0,0,0,INDIANA,0,0,1,0,15,25,12.5,60.3,10.5,78.8,0,190,43,29,0,0,110.4,14,0,5,0,0,8,59.6
97684,Trey Rucker,S,3,0,2025,0,4,100,OKLA STATE,2,D09,55,33,0,5,1,2025,4,25.1,26,3,43.2,0,0,19,0,0,0,45.1,0,1,0,0,OKLA STATE,0,0,1,0,17,6,57.1,43.1,8.7,77.5,0,262,59,13,0,0,142.4,35,0,1,16,1,4,62.1
97701,Nalu Emerson,LB,2,0,,0,0,50,HAWAII,5,D11,45,39,1,3,1,2025,1,81.9,19,1,72,1,1,28,0,0,0,75.2,0,0,1,0,HAWAII,3,0,2,0,19,6,0,72.6,19,0,0,180,46,7,0,1,43.8,15,0,1,0,0,1,65.9
97703,M.J. Griffin,S,1,0,,0,0,100,LOUISVILLE,1,D26,57,28,0,1,1,2025,0,78.7,6,1,58.1,0,0,27,0,0,0,52.3,1,0,0,0,LOUISVILLE,0,0,0,0,6,9,0,55.4,6,76.6,0,210,57,0,0,0,131.3,29,0,1,19,1,0,60
97704,Matt Salopek,LB,0,0,,0,0,,MIAMI OH,7,D15,43,39,0,1,1,2025,1,82.5,0,0,64.8,0,0,15,0,0,0,88,0,0,0,0,MIAMI OH,6,0,0,0,,4,0,82.3,,74.3,0,221,44,0,0,0,0,28,2,1,0,0,1,59.2
97720,Jalen Davis,LB,0,0,,0,0,,MIDDLE TN,2,D12,19,15,0,0,1,2025,1,77.4,0,0,62.3,0,0,4,0,0,0,36,1,0,0,0,MIDDLE TN,0,0,0,0,,3,0,42.6,,72.3,0,224,20,0,0,0,0,16,0,1,0,0,1,
97725,Wesley Walker,S,0,0,,0,0,,MICHIGAN,2,D13,24,8,0,0,1,2025,0,80.5,0,0,52.9,0,0,12,0,0,0,73.9,0,0,0,0,MICHIGAN,1,0,0,0,,3,0,62.4,,75,0,222,24,0,0,0,0,12,0,1,13,0,0,
97730,Dorian Hopkins,LB,2,0,,0,0,50,UTEP,2,D41,35,35,0,1,1,2025,1,77.4,5,1,53.7,0,0,25,0,0,0,60.5,0,0,0,0,UTEP,1,0,0,0,5,0,0,54.5,5,73.5,0,330,36,3,0,0,56.3,10,0,1,0,0,1,59.6
97750,Marley Cook,DI,0,0,,0,0,,MIAMI FL,0,D57,0,0,0,10,1,2025,13,,0,0,,1,0,0,3,3,0,55.2,0,1,0,0,MIAMI FL,0,0,2,0,,0,,61.4,,71.8,0,220,13,0,7,0,0,3,0,0,0,0,0,67.3
97777,Raymond Cutts,ED,0,0,,0,0,,TROY,2,D00,1,1,0,32,1,2025,58,73.5,0,0,60,2,0,1,15,0,0,69.7,0,1,0,0,TROY,2,0,3,0,,0,0,70,,78.5,0,318,59,0,0,0,0,26,0,0,0,0,43,64.8
97881,Jamal Morris,LB,3,0,,0,1,66.7,HOUSTON,5,D25,35,28,0,2,1,2025,1,59.6,20,2,48.8,0,0,17,0,0,0,69,0,0,0,0,HOUSTON,3,0,0,0,11,7,14.3,57.2,10,74.6,0,182,36,22,0,0,85.4,17,0,1,0,0,1,58.8
97883,Gavin Potter,LB,4,0,,0,2,100,TULSA,7,D19,76,75,0,10,1,2025,5,47.8,35,4,61.8,2,0,39,0,0,0,60,0,2,0,0,TULSA,5,0,4,0,13,1,20,68,8.8,77,0,320,81,24,0,0,103.1,32,0,1,0,0,5,87.4
97889,Jack Kiser,LB,0,0,2025,0,0,,NOTRE DAME,8,D24,37,37,0,0,1,2025,2,84.1,0,0,64.6,0,0,12,0,0,0,72.3,0,0,0,0,NOTRE DAME,4,0,0,0,,0,0,72.5,,76.2,0,258,39,0,0,0,0,27,1,3,0,0,2,
97910,Darius McClendon,S,3,0,,0,1,100,BOWL GREEN,1,D00,28,5,0,2,1,2025,4,58.7,41,3,62,0,0,23,0,0,0,71.6,0,0,0,0,BOWL GREEN,1,0,0,0,22,17,25,65.3,13.7,76.8,0,122,32,33,0,1,118.8,7,0,2,6,0,4,58
97930,Justin Cody,DI,0,0,,0,1,,WAKE,0,D11,0,0,0,27,1,2025,34,22.1,0,0,,4,0,0,3,12,0,47.7,0,0,0,0,WAKE,0,0,4,0,,0,100,45,,75.7,0,339,34,0,18,0,0,7,0,0,0,0,1,50.3
97935,Devo Bridges,ED,0,0,,0,0,,FRESNO ST,0,D05,0,0,0,34,1,2025,46,73.3,0,0,67.9,3,0,3,5,0,0,63.1,0,1,0,0,FRESNO ST,0,0,4,0,,0,0,78.4,,77.7,0,169,46,0,1,0,0,9,0,2,0,0,40,74.6
97959,Christian Clayton,DI,0,0,,0,0,,UTSA,2,D95,0,0,1,20,1,2025,32,74.4,0,0,,1,0,0,9,0,0,77.9,0,0,0,0,UTSA,3,0,2,0,,0,0,77.4,,74.7,0,331,32,0,23,0,0,12,0,0,0,0,0,65.9
97960,Richard Kinley,ED,0,0,,0,0,,LOUISVILLE,0,D91,1,0,0,3,1,2025,7,,0,0,,0,0,0,0,0,0,65.8,1,0,0,0,LOUISVILLE,0,0,0,0,,0,,65.3,,73.3,0,210,8,0,0,0,0,5,0,0,0,0,7,56.8
97962,Kevin Pointer,DI,0,0,,0,0,,WAKE,0,D91,1,1,1,38,1,2025,56,75.1,0,0,60,0,0,0,10,0,0,63.5,0,1,0,0,WAKE,1,0,2,0,,0,0,63.5,,76.6,0,339,57,0,43,0,0,19,0,2,0,0,3,60.3
97966,Josh Pearcy,ED,0,0,2025,0,0,,RICE,3,D05,15,5,0,21,1,2025,38,81.1,0,0,62.1,1,0,6,0,0,0,63.1,0,0,0,0,RICE,1,0,1,0,,10,0,62.8,,80.7,0,275,53,0,0,0,0,26,0,3,0,0,38,59
97967,Eric Hicks Jr.,DI,0,0,,0,1,,TULANE,0,D94,0,0,0,22,1,2025,28,22.1,0,0,,0,0,0,1,22,0,47.6,0,0,0,0,TULANE,0,0,0,0,,0,100,49.6,,76.4,0,319,28,0,5,0,0,6,0,0,0,0,0,56.6
97969,Izeya Floyd,DI,0,0,,0,0,,RICE,1,D50,0,0,1,18,1,2025,45,73.6,0,0,,0,0,0,14,5,0,62.9,0,0,0,0,RICE,1,0,1,0,,0,0,68.4,,75.6,0,275,45,0,26,0,0,27,0,1,0,0,0,72
97972,Bubba Thomas,DI,0,0,2025,0,1,,S ALABAMA,2,D99,0,0,0,19,1,2025,44,33.7,0,0,,2,0,0,0,17,0,64,0,0,0,1,S ALABAMA,1,0,2,0,,0,20,66.3,,77,0,288,44,0,27,0,0,25,0,2,0,0,0,65.3
97974,Demond Taylor Jr.,DI,0,0,,0,0,,N ILLINOIS,0,D10,0,0,0,1,1,2025,2,,0,0,,0,0,0,0,0,0,60,0,0,0,0,N ILLINOIS,0,0,0,0,,0,,61.2,,66.5,0,254,2,0,2,0,0,1,0,0,0,0,0,60
97977,Jalar Holley,DI,0,0,,0,0,,CHARLOTTE,0,D97,0,0,0,2,1,2026,12,,0,0,,0,0,0,4,0,0,45.9,0,0,0,0,CHARLOTTE,0,0,0,0,,0,,44.3,,70.9,0,136,12,0,8,0,0,10,0,0,0,0,0,59.4
98115,Ricky Samuel,DI,0,0,,0,0,,JVILLE ST,1,D97,0,0,0,30,1,2025,43,70.1,0,0,,1,0,0,0,41,0,59.7,0,0,0,0,JVILLE ST,1,0,1,0,,0,0,57,,78.2,0,196,43,0,2,0,0,13,0,0,0,0,0,55
98118,Jahfari Harvey,ED,0,0,2025,0,0,,SMU,0,D06,1,1,0,28,1,2025,48,,0,0,60.3,0,0,2,0,0,0,50.9,0,0,0,0,SMU,0,0,0,0,,0,,64.4,,80.2,0,287,49,0,2,0,0,19,0,0,0,0,46,71.5
98119,Jalil Clemons,ED,0,0,,0,2,,SO MISS,1,D08,0,0,1,16,1,2025,36,54,0,0,60.2,1,0,2,0,0,0,60.7,0,0,0,0,SO MISS,2,0,2,0,,0,50,61.9,,79,0,296,36,0,0,0,0,18,0,1,0,0,36,61
98123,Dan Foster Jr.,LB,0,0,,0,0,,LOUISVILLE,0,D15,1,1,0,0,1,2025,1,,0,0,,0,0,0,0,0,0,60,0,0,0,0,LOUISVILLE,0,0,0,0,,0,,49.1,,67.7,0,210,2,0,0,0,0,2,0,0,0,0,1,
98138,Ramon Puryear Jr.,ED,1,0,,0,0,100,LOUISVILLE,3,D41,0,0,0,31,1,2025,61,78,59,1,53.8,1,0,1,1,0,0,69.4,0,0,0,0,LOUISVILLE,2,0,1,0,59,0,0,59.6,59,80.8,0,210,61,49,4,0,118.8,29,0,1,0,0,56,54.6
98141,Jaylen Hudson,ED,0,0,,0,1,,UMASS,3,D13,2,1,0,8,1,2025,38,55.1,0,0,,0,0,0,8,0,0,70.5,0,1,0,0,UMASS,1,0,1,0,,0,20,72.9,,76.7,0,216,40,0,0,0,0,32,0,1,0,0,30,67.5
98143,Boone Bonnema,LB,0,0,,0,0,,W MICHIGAN,4,D22,35,34,1,2,1,2025,1,80.9,0,0,64.2,0,0,18,0,0,0,73.6,0,0,0,0,W MICHIGAN,2,0,1,0,,1,0,74,,74.3,0,347,36,0,0,0,0,16,0,0,0,0,1,69.2
98144,Keivie Rose,DI,0,0,2025,0,0,,ARKANSAS,2,D93,0,0,0,10,1,2025,31,72.4,0,0,,0,0,0,11,1,0,71.4,0,0,0,0,ARKANSAS,0,0,0,0,,0,0,69.4,,74.4,0,111,31,0,17,0,0,21,0,0,0,0,2,56.9
98145,Brian Ugwu,ED,0,0,,0,1,,MIAMI OH,0,D08,0,0,0,16,1,2025,43,49.2,0,0,,2,0,0,33,0,0,67.9,0,0,0,0,MIAMI OH,0,0,2,0,,0,25,68.6,,76.8,0,221,43,0,1,0,0,27,0,3,0,0,9,63.2
98148,Mike Kelly,ED,0,0,,0,0,,CHARLOTTE,4,D17,0,0,0,22,1,2025,47,78.5,0,0,60,2,0,0,3,0,0,61.5,0,0,0,0,CHARLOTTE,3,0,2,0,,0,0,62.6,,79.3,0,136,47,0,2,0,0,25,0,1,0,0,42,60.2
98154,Ricky Barber,DI,0,0,2025,0,0,,UCF,1,D05,1,0,1,24,1,2025,52,73.6,0,0,59.9,2,0,1,0,2,0,62.1,0,0,0,0,UCF,2,0,3,0,,0,0,66.8,,76.7,0,323,53,0,48,0,0,28,0,1,0,0,2,69.5
98157,C.J. Bazile,ED,0,0,,0,1,,BUFFALO,0,D53,0,0,0,1,1,2025,2,23.1,0,0,,1,0,0,2,0,0,60,0,0,0,0,BUFFALO,0,0,1,0,,0,100,57.6,,65.2,0,126,2,0,0,0,0,1,0,0,0,0,0,57.4
98159,Shae Suiaunoa,LB,2,0,,0,0,100,WYOMING,8,D43,72,61,0,3,1,2025,0,83.2,8,2,72.6,1,0,42,0,0,0,73.1,0,0,0,1,WYOMING,7,0,1,0,11,11,0,75.3,4,73.6,0,351,72,5,0,0,83.3,27,1,0,0,0,0,61.9
98178,Jaylen Pate,ED,0,0,,0,0,,NWESTERN,2,D41,0,0,0,17,1,2025,38,76.5,0,0,60,1,0,0,3,0,0,76.8,0,0,0,0,NWESTERN,2,0,1,0,,0,0,70.9,,77.3,0,256,38,0,0,0,0,21,0,2,0,0,35,54
98185,Seth Mason,DI,0,0,,0,0,,SM HOUSTON,1,D95,0,0,0,14,1,2025,29,68.7,0,0,,0,0,0,1,23,0,60.4,0,0,0,0,SM HOUSTON,0,0,0,0,,0,0,58.9,,76.9,0,281,29,0,5,0,0,15,0,0,0,0,0,56.3
98189,Dal'mont Gourdine,DI,0,0,,0,1,,UCONN,1,D96,1,1,0,26,1,2025,43,29,0,0,,1,0,0,17,6,0,70.7,0,0,0,3,UCONN,1,0,1,0,,0,50,76.1,,76.2,0,146,44,0,18,0,0,18,0,0,0,0,2,72.3
98191,Kobe Hilton,DI,0,0,,0,0,,MIAMI OH,1,D96,0,0,0,7,1,2025,27,69.7,0,0,,0,0,0,0,0,0,61,0,0,0,0,MIAMI OH,1,0,0,0,,0,0,60.8,,73.9,0,221,27,0,27,0,0,20,0,0,0,0,0,58.4
98193,Quindarius Dunnigan,ED,0,0,2026,0,0,,MICH STATE,1,D99,0,0,0,7,1,2026,15,72.9,0,0,,0,0,0,1,2,0,59.1,0,0,0,0,MICH STATE,1,0,0,0,,0,0,56.4,,73.9,0,223,15,0,0,0,0,8,0,1,0,0,12,54.2
98313,Sylvain Yondjouen,ED,0,0,,0,0,,GA TECH,2,D32,0,0,1,16,1,2025,24,74.9,0,0,61.3,1,0,0,5,0,0,60.7,0,0,0,0,GA TECH,2,0,2,0,,0,0,66.4,,75.4,0,176,24,0,0,0,0,8,2,0,0,0,19,59.1
98317,Joshua Harris,DI,0,0,,0,0,,N CAROLINA,2,D06,0,0,0,20,1,2025,25,72.2,0,0,60,0,0,0,0,3,0,68.5,0,0,0,0,N CAROLINA,2,0,0,0,,0,0,72.3,,74.4,0,245,25,0,21,0,0,5,0,0,0,0,1,66.6
98322,Tavion Woodard,ED,0,0,,0,0,,BOISE ST,0,D52,0,0,0,8,1,2025,10,,0,0,,0,0,0,0,0,0,55,0,0,0,0,BOISE ST,0,0,0,0,,0,,48,,74.2,0,120,10,0,0,0,0,2,0,0,0,0,10,62.1
98326,Mykol Clark,ED,0,0,,0,1,,LA TECH,1,D88,0,0,0,14,1,2025,39,32.1,0,0,60,1,0,0,4,0,0,51.7,0,0,0,0,LA TECH,1,0,1,0,,0,25,53.9,,76.9,0,208,39,0,12,0,0,25,0,2,0,0,23,58.6
98331,Jared Harrison-Hunte,DI,0,0,2025,0,0,,SMU,2,D81,0,0,0,42,1,2025,61,75.1,0,0,,0,0,0,11,0,0,64.8,0,1,0,0,SMU,2,0,1,0,,0,0,69.5,,76.6,0,287,61,0,48,0,0,19,0,2,0,0,2,68.2
98333,Darius Alexander,DI,0,0,2025,0,0,,TOLEDO,1,D09,0,0,0,21,1,2025,51,72.7,0,0,,1,0,0,3,0,0,74.4,0,2,0,0,TOLEDO,1,0,3,0,,0,0,75,,76.3,0,316,51,0,45,0,0,30,0,1,0,0,3,66.1
98341,DeVonne Harris,ED,0,0,,0,0,,WYOMING,4,D93,7,7,1,22,1,2025,30,77.7,0,0,64.5,0,0,4,7,0,0,61,0,1,0,0,WYOMING,3,0,2,0,,0,0,68.6,,75.3,0,351,37,0,10,0,0,11,0,1,0,0,13,68.2
98342,R.J. Oben,ED,0,0,,0,0,,NOTRE DAME,0,D09,0,0,0,3,1,2025,15,,0,0,,1,0,0,5,0,0,54.1,0,0,0,0,NOTRE DAME,0,0,1,0,,0,,57.8,,73,0,258,15,0,0,0,0,12,0,0,0,0,10,67.3
98345,Da'Jon Terry,DI,0,0,2025,0,0,,OKLAHOMA,1,D95,1,1,0,19,1,2025,35,74.3,0,0,60,1,0,0,2,12,0,74.4,0,0,0,0,OKLAHOMA,1,0,1,0,,0,0,71.7,,75.7,0,261,36,0,21,0,0,17,0,3,0,0,0,59.4
98348,Jordan Bertagnole,DI,0,0,,0,1,,WYOMING,0,D96,0,0,0,36,1,2025,53,24,0,0,,1,0,0,11,21,0,67.1,0,1,0,0,WYOMING,0,0,2,0,,0,50,67.6,,77.5,0,351,53,0,20,0,0,17,0,1,0,0,1,63.4
98439,DeShawn Holt,ED,0,0,,0,0,,TOLEDO,0,D04,0,0,0,16,1,2025,41,72.2,0,0,,0,0,0,10,0,0,55.6,0,0,0,0,TOLEDO,0,0,0,0,,0,0,53.5,,76.9,0,316,41,0,0,0,0,25,0,1,0,0,31,53.4
98443,Seth Coleman,ED,1,0,2025,0,2,100,ILLINOIS,0,D09,2,0,0,14,1,2025,47,26.9,31,1,47.3,0,0,9,0,0,0,46.2,0,0,0,0,ILLINOIS,0,0,0,0,31,2,66.7,44,31,80.7,0,187,49,23,0,0,158.3,26,0,1,0,1,47,54.2
98506,Christian Rorie,DI,0,0,,0,0,,DUKE,0,D96,0,0,0,4,1,2025,9,,0,0,,0,0,0,0,0,0,62.3,0,0,0,0,DUKE,0,0,0,0,,0,,62.4,,71,0,154,9,0,9,0,0,5,0,0,0,0,0,59
98572,Christian James,DI,0,0,,0,1,,VANDERBILT,0,D91,0,0,0,12,1,2025,18,23.8,0,0,,0,0,0,3,1,0,55.3,0,0,0,0,VANDERBILT,0,0,0,0,,0,100,53.4,,73.7,0,333,18,0,11,0,0,6,0,0,0,0,3,55.6
98574,Nate Clifton,DI,0,0,,0,0,,USC,1,D99,0,0,0,1,1,2025,5,70.2,0,0,,0,0,0,1,0,0,62.7,0,0,0,0,USC,1,0,0,0,,0,0,63.5,,69.8,0,326,5,0,4,0,0,4,0,0,0,0,0,60
98591,Fentrell Cypress II,CB,7,0,2025,0,0,71.4,FLORIDA ST,5,D23,56,1,0,1,1,2025,0,83.1,51,5,63.4,0,0,32,0,0,0,66,55,0,0,0,FLORIDA ST,0,0,0,0,16,0,0,64.3,10.2,76.7,0,167,56,17,0,0,92,23,0,2,0,0,0,60
98640,Nick Jackson,LB,2,0,2025,0,1,100,IOWA,1,D10,39,28,1,3,1,2025,0,64.9,9,2,53.6,1,0,17,0,0,0,76,0,0,0,1,IOWA,0,0,2,0,10,11,20,71.6,4.5,75.6,0,192,39,10,0,0,85.4,19,0,3,0,0,0,87.3
98645,Jaydon Hill,CB,3,0,,0,0,66.7,TEXAS A&M,2,D08,26,1,0,1,1,2025,0,80.8,21,2,70.3,0,0,19,0,0,0,69.5,1,1,0,0,TEXAS A&M,2,0,1,0,17,22,0,75.3,10.5,76.4,0,312,26,11,0,0,86.8,6,1,2,2,0,0,65.4
98782,Jesiah Pierre,LB,4,0,,0,1,50,UCF,4,D14,38,32,0,2,1,2025,1,55.2,31,2,56.1,0,0,15,0,0,0,49.2,0,0,0,0,UCF,2,0,0,0,18,5,16.7,52.4,15.5,72.9,0,323,39,20,0,1,76,22,0,1,0,0,1,66.8
98783,Khris Bogle,ED,0,0,,0,0,,MICH STATE,1,D02,0,0,0,12,1,2025,32,75.2,0,0,60.5,0,0,2,2,0,0,76,0,0,0,0,MICH STATE,1,0,0,0,,0,0,70.1,,77.3,0,223,32,0,1,0,0,18,0,1,0,0,29,54.3
98784,Lloyd Summerall,ED,0,0,,0,1,,JAMES MAD,0,D09,0,0,0,19,1,2025,30,24.9,0,0,60.5,0,0,2,0,0,0,57.6,0,0,0,1,JAMES MAD,0,0,0,0,,0,100,58.1,,77.3,0,197,30,0,1,0,0,9,0,0,0,0,29,57.9
98801,John Burton,LB,0,0,,0,0,,UMASS,1,D37,3,3,0,0,1,2025,0,73.1,0,0,,0,0,0,0,0,0,67.1,0,0,0,0,UMASS,1,0,0,0,,0,0,71.2,,63.8,0,216,3,0,0,0,0,3,0,0,0,0,0,
98829,Dylan Lawrence,S,2,0,,0,1,100,SO MISS,0,D06,13,1,0,0,1,2025,0,21.4,21,2,41.6,0,0,4,0,0,0,62.1,0,0,0,0,SO MISS,0,0,0,0,13,12,50,45,10.5,72.7,0,296,13,14,0,0,110.4,9,0,1,0,0,0,
98838,Shilo Sanders,S,1,0,2025,0,1,100,COLORADO,6,D21,59,2,0,1,1,2025,0,67.4,6,1,62.7,0,0,35,0,0,0,60.9,0,0,1,0,COLORADO,0,0,0,0,6,4,12.5,58.7,6,0,0,143,59,0,0,0,131.3,23,0,1,53,1,0,60
98842,Warren Burrell,CB,9,0,,0,0,55.6,GA TECH,5,D04,55,8,0,0,1,2025,0,80.1,37,5,67.9,0,0,29,0,0,0,64.2,47,0,0,0,GA TECH,1,0,0,0,10,0,0,68.4,7.4,75.6,0,176,55,4,0,0,65.5,26,0,0,0,0,0,
98859,Brandon Turnage,CB,0,0,,0,0,,OLE MISS,0,D08,2,0,0,0,1,2025,0,,0,0,,0,0,0,0,0,0,60,0,0,0,0,OLE MISS,0,0,0,0,,2,,60,,66.4,0,226,2,0,0,0,0,2,0,0,0,0,0,
98867,Jalen Catalon,S,4,0,,0,2,75,UNLV,10,D01,74,34,0,0,1,2026,3,66.3,21,3,57.7,0,0,37,0,0,0,57.8,0,0,0,0,UNLV,3,0,0,0,13,17,14.3,57.8,7,78.1,0,325,77,1,0,0,86.5,40,0,2,23,0,3,
98871,Hudson Clark,CB,3,0,2025,0,1,66.7,ARKANSAS,2,D17,47,0,0,0,1,2025,0,37.2,8,2,67.5,0,1,24,0,0,1,68.6,46,0,0,0,ARKANSAS,1,0,0,0,8,1,33.3,69.1,4,76.6,0,111,47,6,0,0,30.6,23,0,0,0,0,0,
98891,Chris Shearin,S,0,0,,0,0,,JAMES MAD,2,D10,57,30,0,1,1,2025,2,80.2,0,0,66,0,0,34,0,0,1,73.7,0,0,0,0,JAMES MAD,1,0,0,0,,5,0,69.6,,77.6,0,197,59,0,0,0,0,24,0,1,22,0,2,59.2
98901,Jalen Geiger,S,2,0,,0,0,0,TULANE,0,D02,31,6,0,0,1,2025,0,76.4,0,0,60.4,0,0,21,0,0,0,65.3,1,0,0,0,TULANE,0,0,0,0,,6,,62.6,,75.3,0,319,31,0,0,0,39.6,10,0,0,18,0,0,
98903,Maurice Hampton Jr.,S,1,0,,0,1,100,VANDERBILT,0,D34,6,1,0,0,1,2025,0,28.8,31,1,49.9,0,0,4,0,0,0,60,0,0,0,0,VANDERBILT,0,0,0,0,31,0,100,54.4,31,69.8,0,333,6,33,0,0,118.8,2,0,0,5,0,0,
98921,Adarious Jones,ED,0,0,,0,0,,MEMPHIS,0,D55,0,0,0,0,1,2026,3,,0,0,,0,0,0,2,0,0,50.9,0,0,0,0,MEMPHIS,0,0,0,0,,0,,39.6,,67,0,218,3,0,0,0,0,3,0,0,0,0,1,
98929,Collin Clay,DI,0,0,,0,0,,OKLA STATE,1,D93,0,0,0,12,1,2025,33,72.1,0,0,,1,0,0,0,10,0,54.4,0,0,0,0,OKLA STATE,1,0,1,0,,0,0,54,,76.3,0,262,33,0,23,0,0,21,0,1,0,0,0,56.2
98930,Eric Gregory,DI,0,0,2025,0,0,,ARKANSAS,5,D50,0,0,1,32,1,2025,47,76.8,0,0,62,3,0,0,8,10,0,83.1,0,0,1,0,ARKANSAS,5,0,4,0,,0,0,85.8,,0,0,111,47,0,29,0,0,15,1,1,0,0,0,77.7
98938,Stone Handy,ED,0,0,,0,1,,CHARLOTTE,0,D07,0,0,0,14,1,2025,26,24.8,0,0,60,1,0,1,0,0,0,57.5,0,0,0,0,CHARLOTTE,0,0,1,0,,0,100,54,,78.1,0,136,26,0,0,0,0,11,0,0,0,0,26,53.1
98941,Bill Norton,DI,0,0,2025,0,0,,TEXAS,2,D15,0,0,0,4,1,2025,9,72.4,0,0,,0,0,0,0,9,0,74.5,0,0,0,0,TEXAS,2,0,0,0,,0,0,76.3,,72.5,0,311,9,0,0,0,0,5,0,0,0,0,0,59.3
98943,Tymon Mitchell,DI,0,0,,0,0,,TCU,0,D91,0,0,0,2,1,2025,4,,0,0,,0,0,0,0,1,0,60.6,0,0,0,0,TCU,0,0,0,0,,0,,61.8,,68.8,0,305,4,0,3,0,0,2,0,0,0,0,0,59
98951,Cavon Butler,DI,0,0,,0,0,,TOLEDO,3,D52,0,0,0,20,1,2025,47,74.1,0,0,,2,0,0,0,1,0,69.3,0,0,0,0,TOLEDO,3,0,2,0,,0,0,71.8,,76.1,0,316,47,0,45,0,0,27,1,1,0,0,1,67.5
98981,Jahmar Brown,LB,1,0,,0,0,100,LIBERTY,0,D09,19,18,0,2,1,2026,8,,22,1,65.1,0,0,9,0,0,0,60.6,0,0,0,0,LIBERTY,0,0,0,0,22,1,,67.5,22,75.6,0,206,27,14,0,1,118.8,16,0,0,0,0,8,67.9
98999,Kevin Harris,ED,0,0,,0,0,,GA TECH,0,D11,0,0,0,13,1,2025,35,73,0,0,62.8,0,0,3,2,0,0,52.3,0,0,0,0,GA TECH,0,0,0,0,,0,0,54.5,,78.5,0,176,35,0,1,0,0,19,0,1,0,0,32,55.3
99001,Zach Zimos,LB,0,0,,0,0,,LA TECH,4,D21,29,28,0,2,1,2025,3,81.6,0,0,61.6,0,0,7,0,0,0,62,0,2,1,0,LA TECH,4,0,2,0,,1,0,57.4,,0,0,208,32,0,0,0,0,23,1,2,0,0,3,67.5
99039,Patrick Lucas Jr.,DI,0,0,,0,0,,MEMPHIS,0,D50,0,0,0,15,1,2025,38,,0,0,,0,0,0,0,33,0,63.1,0,0,0,0,MEMPHIS,0,0,0,0,,0,,61.7,,77.4,0,218,38,0,5,0,0,23,0,0,0,0,0,56.5
99105,Brandon Mack II,ED,1,0,,1,0,100,HOUSTON,5,D04,0,0,1,14,1,2027,34,80.2,2,1,81.2,0,0,5,0,0,0,66.6,0,0,0,0,HOUSTON,5,0,1,0,2,0,0,74.7,2,78.9,0,182,34,6,0,0,79.2,15,0,1,0,0,34,60.3
99109,K.D. McDaniel,ED,2,0,,0,0,100,GA STATE,1,D47,0,0,0,11,1,2025,28,75.2,70,2,51.1,0,0,5,0,0,0,57.4,0,0,0,0,GA STATE,0,0,0,0,50,0,0,54.4,35,78.1,0,175,28,58,0,0,118.8,12,0,1,0,0,28,60.8
99111,J.J. Weaver,ED,2,0,2025,0,0,100,KENTUCKY,2,D13,4,2,1,15,1,2025,28,79.3,10,2,60.7,2,0,5,0,0,0,75.2,0,0,0,0,KENTUCKY,3,0,3,0,7,2,0,79.4,5,78.7,0,202,32,0,0,0,87.5,12,0,2,0,0,28,76.6
99175,J.P. Purvis,LB,0,0,,0,1,,MISS STATE,0,D26,16,14,0,0,1,2025,0,27.6,0,0,61.7,0,0,5,0,0,0,57.1,0,0,0,0,MISS STATE,0,0,0,0,,2,50,59.2,,69.6,0,227,16,0,0,0,0,11,0,1,0,0,0,
99177,Marcel Brooks,ED,0,0,,0,0,,TCU,0,D09,0,0,0,10,1,2025,11,,0,0,,0,0,0,0,0,0,60,0,0,0,0,TCU,0,0,0,0,,0,,53.8,,73.7,0,305,11,0,0,0,0,1,0,0,0,0,11,53.9
99253,Naim Muhammad,CB,1,0,,0,1,100,KENT STATE,2,D23,37,5,0,2,1,2025,1,57.7,4,1,62.3,0,0,14,0,0,0,71,30,0,0,0,KENT STATE,2,0,0,0,4,2,25,65.3,4,74.8,0,201,38,2,0,0,83.3,22,1,1,0,0,1,56.4
99259,Demarco Jones,CB,2,0,,0,1,100,TULSA,2,D11,24,5,0,0,1,2025,0,35.8,24,2,53.4,0,0,12,0,0,0,48.1,18,0,0,0,TULSA,0,0,0,0,12,1,33.3,49.6,12,72.4,0,320,24,7,0,0,116.7,12,0,0,0,0,0,
99265,Kenyatta Watson II,S,2,0,,0,1,100,GA STATE,3,D01,57,10,0,0,1,2025,0,48.7,27,2,56.3,0,0,27,0,0,0,64.4,0,0,0,0,GA STATE,1,0,0,0,23,4,25,58.9,13.5,77.3,0,175,57,6,0,0,158.3,30,0,0,43,2,0,
99276,Will Jones II,S,3,0,,0,0,66.7,DOMINION,2,D07,22,13,0,1,1,2026,0,77.2,9,2,91.8,0,1,13,0,0,1,61,0,0,0,0,DOMINION,2,0,0,0,7,5,0,92.4,4.5,72.7,0,263,22,12,0,0,30.6,8,0,0,4,0,0,60
99280,Logan Wilson,S,2,0,,0,0,100,CINCINNATI,0,D13,29,9,0,0,1,2026,0,,29,2,43.3,0,0,15,0,0,0,62.7,0,0,0,0,CINCINNATI,0,0,0,0,28,17,,46.9,14.5,75.8,0,138,29,37,0,0,118.8,14,0,0,3,0,0,
99307,Trace Ford,ED,1,0,2025,0,0,0,OKLAHOMA,2,D30,5,2,0,8,1,2025,20,74.1,0,0,70.8,0,0,5,1,0,0,64.9,0,0,0,0,OKLAHOMA,2,0,0,0,,3,0,70.7,,77.4,0,261,25,0,0,0,39.6,12,0,0,0,0,19,61.7
99308,Kody Walterscheid,ED,0,0,,0,1,,OKLA STATE,2,D96,0,0,1,14,1,2025,32,39.6,0,0,,0,0,0,10,0,0,56.3,0,0,0,0,OKLA STATE,3,0,1,0,,0,33.3,57.6,,76.5,0,262,32,0,0,0,0,18,0,0,0,0,22,59.9
99312,Corey Suttle,ED,0,0,,0,0,,MIAMI OH,3,D11,0,0,0,11,1,2025,34,75.9,0,0,60,1,0,0,24,0,0,66.1,0,0,0,0,MIAMI OH,3,0,1,0,,0,0,66.4,,73.4,0,221,34,0,5,0,0,23,0,1,0,0,5,60.5
99314,Garmon Randolph,ED,0,0,2025,0,1,,BAYLOR,1,D05,1,0,0,7,1,2025,14,25.7,0,0,61.8,1,0,4,0,0,0,53.4,0,0,0,0,BAYLOR,1,0,1,0,,1,50,59.4,,76.3,0,118,15,0,0,0,0,4,0,0,0,0,14,64.4
99328,Kori Roberson Jr.,DI,0,0,,0,0,,SMU,1,D92,0,0,0,11,1,2025,19,72.2,0,0,,0,0,0,2,0,0,68.6,0,0,0,0,SMU,0,0,0,0,,0,0,65.1,,72.6,0,287,19,0,17,0,0,8,0,1,0,0,0,56.1
99337,Earl Barquet,DI,0,0,,0,0,,LA MONROE,5,D97,0,0,0,18,1,2025,52,76,0,0,,0,0,0,26,0,0,57.8,0,0,0,0,LA MONROE,3,0,0,0,,0,0,57.3,,76,0,209,52,0,26,0,0,34,0,0,0,0,0,56.5
99340,Xavier Ross,DI,0,0,,0,0,,OKLA STATE,0,D56,0,0,0,10,1,2025,21,70.2,0,0,,0,0,0,3,0,0,39.9,0,0,0,0,OKLA STATE,0,0,0,0,,0,0,40.7,,73.2,0,262,21,0,18,0,0,11,0,1,0,0,0,55.6
99370,David Gbenda,LB,1,0,2025,0,0,100,TEXAS,2,D33,14,14,0,0,1,2025,0,79,0,1,72.9,0,0,4,0,0,0,73.8,0,0,0,0,TEXAS,2,0,0,0,0,0,0,82.1,0,72.1,0,311,14,1,0,0,79.2,10,0,2,0,0,0,
99374,Jared Bartlett,LB,0,0,2025,0,5,,CINCINNATI,5,D07,45,45,1,6,1,2025,1,26.9,0,0,72.5,1,0,16,0,0,0,49.3,0,0,0,1,CINCINNATI,4,0,2,0,,0,41.7,58.6,,77,0,138,46,0,0,0,0,24,0,2,0,0,1,54.9
99378,Zach Marcheselli,LB,5,0,,0,1,80,TULSA,7,D21,69,66,0,5,1,2025,0,72.4,35,4,62,0,0,37,0,0,0,66,0,0,0,0,TULSA,5,0,0,0,25,3,10,63.6,8.8,76.2,0,320,69,10,0,0,95.8,27,1,2,0,0,0,54.2
99388,Austin Moore,LB,1,0,,0,1,100,KANSAS ST,2,D41,60,53,0,10,1,2025,2,49.2,7,1,65.8,4,0,27,0,0,0,66.9,1,1,0,0,KANSAS ST,1,0,5,0,7,6,20,70.6,7,76.2,0,199,62,0,0,0,95.8,25,0,2,0,0,2,70
99396,Matt Jones,LB,5,0,2025,0,3,60,BAYLOR,9,D02,79,65,1,9,1,2025,4,50.5,29,3,47.3,0,0,44,0,0,0,68.8,0,0,0,0,BAYLOR,6,0,1,0,12,14,20,57.1,9.7,76.9,0,118,83,24,0,0,76.3,30,2,3,0,0,4,64.4
99499,Noah Guzman,S,0,0,,0,0,,HOUSTON,0,D06,4,2,0,0,1,2025,0,,0,0,61.5,0,0,3,0,0,0,60,0,0,0,0,HOUSTON,0,0,0,0,,0,,62,,65.9,0,182,4,0,0,0,0,1,0,0,2,0,0,
99502,Deshawn McCuin,CB,5,0,,0,2,60,S DIEGO ST,3,D17,45,8,1,4,1,2026,3,33.5,51,3,59.5,0,0,23,0,0,0,41.3,1,0,0,0,S DIEGO ST,1,0,1,0,25,36,40,54.6,17,78.1,0,284,48,36,0,0,94.6,21,0,0,0,0,3,63.1
99521,Brendan Mott,ED,1,0,,0,2,100,KANSAS ST,2,D38,1,0,0,32,1,2025,54,32.8,8,1,58.5,2,0,2,16,0,1,70.9,0,1,0,0,KANSAS ST,2,0,3,0,8,1,40,59.2,8,78.6,0,199,55,11,3,0,100,21,0,1,0,0,35,49.6
99550,Keenan Garber,CB,5,0,2025,0,1,60,KANSAS ST,3,D01,59,3,0,0,1,2025,0,47.7,50,3,74.7,0,0,34,0,0,0,64.3,55,0,0,0,KANSAS ST,1,0,0,0,36,1,25,74.4,16.7,76.5,0,199,59,14,0,2,133.3,25,0,0,0,1,0,
99725,Chico Bennett Jr.,ED,0,0,,0,2,,VIRGINIA,4,D15,0,0,0,24,1,2025,45,39.6,0,0,61,2,0,2,1,0,0,60.9,0,0,0,0,VIRGINIA,3,0,2,0,,0,25,63.3,,77.9,0,335,45,0,0,0,0,19,1,2,0,0,44,62.5
99732,Joseph Charleston,S,2,0,,0,0,50,MISSOURI,3,D28,32,4,0,0,1,2025,1,83.2,14,1,58.6,0,0,20,0,0,0,50.1,0,0,0,0,MISSOURI,1,0,0,0,14,5,0,55.3,14,75.8,0,229,33,1,0,0,72.9,13,0,2,23,0,1,
99735,Cecil Powell,S,1,0,,0,0,100,TROY,1,D14,39,25,0,2,1,2026,0,79.6,13,1,57.7,0,0,25,0,0,0,66.8,0,0,0,0,TROY,0,0,0,0,13,2,0,63.6,13,74.1,0,318,39,4,0,0,118.8,12,0,1,12,0,0,70.8
99748,Eugene Asante,LB,0,0,2025,0,0,,AUBURN,3,D09,28,23,1,7,1,2025,3,81.4,0,0,55.1,0,0,9,0,0,0,73.5,0,1,0,0,AUBURN,2,0,2,0,,5,0,70.9,,72.2,0,115,31,0,0,0,0,15,0,1,0,0,3,74.1
99753,Aman Greenwood,CB,0,0,,0,0,,AKRON,0,D26,3,0,0,0,1,2026,0,,0,0,70.7,0,0,2,0,0,0,60,0,0,0,0,AKRON,0,0,0,0,,2,,76.8,,70.4,0,102,3,0,0,1,0,1,0,0,1,0,0,
99758,Quashon Fuller,ED,0,0,,0,1,,MARYLAND,1,D05,0,0,0,22,1,2025,34,70.8,0,0,,0,0,0,13,0,0,43.3,0,0,0,0,MARYLAND,1,0,0,0,,0,50,44.5,,75.5,0,215,34,0,4,0,0,12,0,0,0,0,17,53.1
99759,Brandon George,LB,1,0,2025,0,0,100,PITTSBURGH,3,D30,57,57,0,13,1,2025,0,81.5,4,1,74.2,1,1,26,0,0,0,76.7,0,0,0,0,PITTSBURGH,2,0,1,0,4,0,0,79.1,4,76.8,0,268,57,10,0,0,43.8,18,0,4,0,0,0,62.1
99789,LaVonta Bentley,LB,4,0,,0,2,75,COLORADO,4,D20,48,46,0,11,1,2025,5,34.8,45,3,44,0,0,18,0,0,0,71,0,0,0,0,COLORADO,2,0,0,0,19,2,28.6,55.1,15,74.5,0,143,53,24,0,0,111.5,24,0,1,0,0,5,54.6
99808,Kevon Darton,DI,0,0,,0,0,,ARIZONA,0,D45,0,0,0,5,1,2026,11,,0,0,,0,0,0,0,9,0,73.3,0,0,0,0,ARIZONA,0,0,0,0,,0,,72.5,,73.8,0,109,11,0,2,0,0,6,0,0,0,0,0,57.4
99816,C.J. Clark,DI,0,0,,0,0,,MIAMI FL,0,D05,0,0,0,13,1,2025,21,72.2,0,0,60,0,0,0,5,7,0,68.2,0,0,0,0,MIAMI FL,0,0,0,0,,0,0,63.2,,74.8,0,220,21,0,8,0,0,8,0,3,0,0,1,54.4
99825,Terrell Dawkins,ED,0,0,,0,0,,N TEXAS,2,D89,0,0,0,15,1,2025,51,75.4,0,0,,1,0,0,16,0,0,80.9,0,0,0,0,N TEXAS,2,0,1,0,,0,0,80.8,,77.4,0,251,51,0,10,0,0,36,0,1,0,0,25,66.6
99832,Josh Fuga,DI,0,0,2025,0,0,,VA TECH,0,D06,0,0,0,18,1,2025,31,,0,0,,0,0,0,3,0,0,71.2,0,0,0,0,VA TECH,0,0,0,0,,0,,69.1,,74.6,0,337,31,0,28,0,0,13,0,0,0,0,0,60.1
99839,Kristian Varner,DI,0,0,,0,0,,GA SOUTHRN,1,D92,0,0,0,10,1,2025,24,71.9,0,0,,0,0,0,0,0,0,71.7,0,0,0,0,GA SOUTHRN,1,0,0,0,,0,0,73.2,,73.7,0,174,24,0,24,0,0,14,0,1,0,0,0,64.2
99842,Mike Lockhart,DI,0,0,,0,0,,SMU,4,D09,0,0,0,12,1,2026,24,74.9,0,0,,0,0,0,2,3,0,77.2,0,0,0,1,SMU,2,0,0,0,,0,0,82.2,,74.1,0,287,24,0,19,0,0,12,0,0,0,0,0,72.6
99845,Ben Smiley,ED,0,0,,0,1,,VIRGINIA,2,D10,0,0,0,12,1,2026,20,27.2,0,0,58.4,1,0,1,9,0,0,74.1,0,0,0,0,VIRGINIA,2,0,1,0,,0,33.3,57.9,,73.4,0,335,20,0,3,0,0,7,1,0,0,0,8,54
99849,Steve Linton,ED,0,0,,0,0,,BAYLOR,4,D10,5,2,0,20,1,2025,37,79.8,0,0,62.5,3,0,7,1,0,1,77.7,0,0,0,0,BAYLOR,3,0,3,0,,3,0,70.6,,79.7,0,118,42,0,1,0,0,15,2,0,0,0,35,59.3
99852,Kevin Hester Jr.,DI,0,0,,0,0,,N CAROLINA,1,D98,0,0,0,31,1,2025,45,71.9,0,0,,2,0,0,0,7,0,76.1,0,0,0,0,N CAROLINA,1,0,2,0,,0,0,71.4,,76,0,245,45,0,38,0,0,14,0,1,0,0,0,60.7
99854,D'Quan Douse,DI,0,0,,0,0,,MICH STATE,2,D94,0,0,0,7,1,2025,27,73.8,0,0,,0,0,0,0,2,0,78.2,0,0,0,0,MICH STATE,2,0,0,0,,0,0,79.9,,75,0,223,27,0,25,0,0,20,1,1,0,0,0,65.3
99856,Malcolm Ray,DI,0,0,,0,2,,RUTGERS,3,D09,0,0,0,13,1,2025,25,25.3,0,0,,1,0,0,1,6,0,58.1,0,0,0,0,RUTGERS,2,0,1,0,,0,40,65,,75.6,0,278,25,0,18,0,0,12,0,0,0,0,0,71.2
100290,Avi McGary,S,2,0,,0,0,50,BOWL GREEN,1,D15,25,8,1,4,1,2025,6,76.5,4,1,58.8,0,0,14,0,0,0,64.4,0,0,0,0,BOWL GREEN,2,0,1,0,4,17,0,64.1,4,76.4,0,122,31,0,0,0,95.8,13,0,0,0,1,6,69.3
100297,A.J. Watts,S,3,0,,0,2,66.7,MEMPHIS,5,D10,52,35,0,0,1,2025,1,59.4,21,2,50,0,0,27,0,0,0,58.7,0,0,0,0,MEMPHIS,3,0,0,0,12,15,20,52.5,10.5,75.8,0,218,53,6,0,0,86.8,26,1,3,2,0,1,
100299,Patrick Day,S,1,0,,0,0,0,BOWL GREEN,1,D32,16,12,0,1,1,2025,3,78,0,0,54.9,0,0,13,0,0,0,70.3,0,0,0,0,BOWL GREEN,0,0,0,0,,1,0,61.2,,74.8,0,122,19,0,0,0,39.6,5,0,1,3,0,3,59.2
100301,Brock Horne,LB,1,0,,0,0,100,BOWL GREEN,7,D02,40,36,0,3,1,2025,1,83.9,3,1,78.9,0,0,20,0,0,0,62.2,0,1,0,0,BOWL GREEN,3,0,1,0,3,4,0,77.4,3,73.8,0,122,41,7,0,0,79.2,18,1,2,0,0,1,67.3
100302,Kempton Shine,CB,5,0,,0,3,20,VIRGINIA,0,D29,72,5,0,0,1,2025,0,24,5,1,65.9,0,0,38,0,0,0,58.9,67,0,0,0,VIRGINIA,0,0,0,0,5,0,75,65,5,77,0,335,72,0,0,1,39.6,34,0,1,0,0,0,
100316,D'Andre Ragin,ED,0,0,,0,0,,TOLEDO,1,D10,0,0,1,20,1,2025,48,78.1,0,0,60,0,0,1,9,0,0,61.3,0,0,0,0,TOLEDO,1,0,1,0,,0,0,64.5,,78.5,0,316,48,0,0,0,0,27,0,2,0,0,39,65
100330,Corey Thomas Jr.,S,2,0,,0,1,50,VIRGINIA,4,D03,72,37,0,1,1,2025,2,64.3,9,1,58,0,0,37,0,0,0,75.5,0,0,0,0,VIRGINIA,2,0,0,0,9,10,14.3,65.3,9,76.3,0,335,74,2,0,0,62.5,36,0,2,25,0,2,58.9
100382,Miles Williams,S,2,0,,0,0,100,CAL,3,D04,39,16,0,0,1,2025,0,79.5,4,2,77.8,0,0,25,0,0,0,63.8,0,0,0,0,CAL,2,0,0,0,4,6,0,76.3,2,75.8,0,130,39,9,0,0,79.2,14,0,0,17,0,0,
100390,Mishael Powell,S,1,0,2025,0,1,100,MIAMI FL,1,D00,61,15,0,1,1,2025,3,26.7,10,1,67.7,0,0,46,0,0,0,42.8,1,0,0,0,MIAMI FL,0,0,0,0,10,7,50,60.8,10,77.7,0,220,64,7,0,1,108.3,17,0,0,38,0,3,59.3
100391,JaTravis Broughton,CB,3,0,2025,0,1,100,TCU,4,D13,44,2,0,0,1,2025,0,57.7,74,3,52.1,0,0,22,0,0,0,70.7,42,0,0,0,TCU,0,0,0,0,36,0,16.7,56.3,24.7,75.8,0,305,44,38,0,0,118.8,22,0,1,0,0,0,
100407,Connor Soelle,LB,0,0,,0,0,,OREGON,0,D22,6,6,0,0,1,2025,0,,0,0,61.7,0,0,6,0,0,0,,0,0,0,0,OREGON,0,0,0,0,,0,,62.7,,68.9,0,264,6,0,0,0,0,0,0,0,0,0,0,
100444,Stanley Ta'ufo'ou,DI,0,0,,0,2,,ARIZONA,3,D47,0,0,0,26,1,2025,56,47,0,0,68.6,1,0,0,1,44,0,69,0,1,0,0,ARIZONA,3,0,2,0,,0,20,71.2,,78.6,0,109,56,0,10,0,0,30,0,5,0,0,1,62.4
100451,Kristian Williams,DI,0,0,2025,0,0,,MISSOURI,1,D05,0,0,0,18,1,2025,39,69.7,0,0,,0,0,0,2,3,0,62.5,0,0,2,0,MISSOURI,1,1,0,0,,0,0,48.7,,0,0,229,39,0,33,0,0,21,0,0,0,0,1,55.1
100454,Jayden Simon,DI,0,0,,0,0,,UCONN,0,D99,0,0,0,4,1,2025,11,,0,0,,0,0,0,0,6,0,57,0,0,0,0,UCONN,0,0,0,0,,0,,56.1,,72.3,0,146,11,0,5,0,0,7,0,0,0,0,0,58.2
100456,Aeneas DiCosmo,ED,0,0,,0,0,,VANDERBILT,1,D00,0,0,0,6,1,2025,7,71.1,0,0,,0,0,0,3,0,0,61.2,0,0,0,0,VANDERBILT,0,0,0,0,,0,0,60,,70.3,0,333,7,0,3,0,0,1,0,0,0,0,1,56.9
100458,Tristan Sinclair,LB,3,0,,0,0,100,STANFORD,6,D08,72,66,0,11,1,2025,2,83.5,57,3,60.5,0,0,28,0,0,0,69.7,0,1,0,0,STANFORD,4,0,1,0,37,6,0,63.7,19,75.6,0,300,74,64,0,0,118.8,35,0,4,0,0,2,52.9
100461,Marvin Ham II,LB,4,0,,0,4,100,ARK STATE,6,D05,56,40,0,3,1,2025,17,33.4,24,4,65.6,0,0,32,0,0,1,52,0,0,0,0,ARK STATE,4,0,0,0,9,16,33.3,59,6,79.1,0,113,73,32,0,0,91.7,38,2,2,0,0,17,57.6
100485,Daniel Heimuli,LB,0,0,,0,0,,GA STATE,1,D00,12,11,0,1,1,2025,0,75.8,0,0,63.6,0,0,4,0,0,0,65.2,0,0,0,0,GA STATE,0,0,0,0,,1,0,67,,71.9,0,175,12,0,0,0,0,7,0,1,0,0,0,60
100487,Alphonzo Tuputala,LB,1,0,2025,0,0,100,WASHINGTON,8,D11,45,45,0,4,1,2025,19,84.2,8,1,66.2,1,0,13,0,0,0,70.1,0,0,0,0,WASHINGTON,5,0,1,0,8,0,0,70.4,8,78.6,0,340,64,3,0,0,100,47,0,4,0,0,19,56.9
100488,Drew Fowler,LB,0,0,,0,0,,WASHINGTON,1,D54,15,14,0,0,1,2025,0,76.5,0,0,60,0,0,1,0,0,0,60.9,0,0,0,0,WASHINGTON,0,0,0,0,,1,0,61.4,,71,0,340,15,0,0,0,0,14,0,1,0,0,0,
100494,Kyle Thornton,LB,4,0,,0,0,75,WASH STATE,7,D52,54,41,0,9,1,2025,1,83.1,20,3,74,0,0,30,0,0,0,72.7,0,0,0,0,WASH STATE,3,0,0,0,9,13,0,74.5,6.7,76.2,0,341,55,28,0,1,85.4,16,2,1,0,0,1,53.1
100505,John Ward,ED,0,0,,0,0,,S JOSE ST,3,D43,0,0,0,31,1,2025,47,77.2,0,0,61.2,1,0,0,25,0,0,69.3,0,0,0,1,S JOSE ST,2,0,1,0,,0,0,66.8,,77.2,0,285,47,0,3,0,0,16,0,3,0,0,19,58.8
100558,Myles Jernigan,ED,0,0,,0,0,,LOUISVILLE,0,D33,0,0,0,3,1,2025,6,73,0,0,,0,0,0,0,0,0,60,0,0,0,0,LOUISVILLE,0,0,0,0,,0,0,58,,72.2,0,210,6,0,0,0,0,3,0,1,0,0,6,57
100559,Curley Young Jr.,LB,0,0,,0,0,,JVILLE ST,3,D41,9,9,0,2,1,2025,1,77.6,0,0,61.3,0,0,3,0,0,0,66.9,0,0,0,0,JVILLE ST,2,0,0,0,,0,0,70.8,,68.4,0,196,10,0,0,0,0,5,0,0,0,0,1,65.6
100607,Jonathan McGill,S,2,0,,0,1,50,SMU,3,D02,66,18,0,3,1,2025,2,50.3,14,1,60.7,2,0,41,0,0,0,52.4,1,0,0,0,SMU,0,0,2,0,14,4,25,59.4,14,77.4,0,287,68,0,0,0,72.9,24,0,0,43,0,2,65.9
100612,Craig Woodson,S,4,0,2025,0,0,75,CAL,3,D02,54,24,0,1,1,2025,2,80.4,53,3,76.7,1,1,32,0,0,0,68.6,0,0,0,0,CAL,0,0,1,0,29,4,0,75.9,17.7,75.7,0,130,56,15,0,1,77.1,23,0,1,26,0,2,59.4
100673,Tre'shon Devones,CB,0,0,,0,0,,DUKE,0,D24,1,0,0,1,1,2025,0,,0,0,,0,0,0,0,0,0,,0,0,0,0,DUKE,0,0,0,0,,1,,60,,63.8,0,154,1,0,0,0,0,0,0,0,0,0,0,58.3
100703,Latrell Jean,DI,0,0,,0,0,,TEMPLE,1,D07,0,0,0,9,1,2025,21,68.7,0,0,,0,0,0,0,4,0,61.7,0,0,0,0,TEMPLE,1,0,0,0,,0,0,65.5,,74.1,0,306,21,0,17,0,0,12,1,0,0,0,0,66.6
100722,De'Braylon Carroll,DI,0,0,,0,0,,TEXAS TECH,1,D52,0,0,0,17,1,2025,32,72.4,0,0,60,0,0,0,0,14,0,58.1,0,0,0,0,TEXAS TECH,1,0,0,0,,0,0,57.3,,75.9,0,315,32,0,18,0,0,15,0,1,0,0,0,55.6
100942,Hakeem Ajijolaiya,DI,0,0,,1,1,,TCU,2,D93,0,0,0,10,1,2026,30,42.8,0,0,,0,0,0,0,12,0,88.8,0,0,0,0,TCU,2,0,0,0,,0,25,86.3,,76.7,0,305,30,0,18,0,0,20,0,1,0,0,0,57.9
100987,Ja'Len Sims,LB,1,0,,0,1,100,SO MISS,0,D15,34,29,1,2,1,2026,0,68.7,8,1,48.8,0,0,17,0,0,0,68.6,0,0,0,0,SO MISS,1,0,1,0,8,5,16.7,60.6,8,73.7,0,296,34,10,0,0,100,15,0,5,0,0,0,70.7
101091,Jaise Oliver,S,0,0,,0,0,,TCU,0,D25,1,0,0,0,1,2025,0,,0,0,60,0,0,1,0,0,0,,0,0,0,0,TCU,0,0,0,0,,0,,60,,63.1,0,305,1,0,0,0,0,0,0,0,1,0,0,
101162,Isaiah Bagnah,ED,0,0,,0,0,,BYU,1,D13,1,1,0,12,1,2025,27,72.2,0,0,63,0,0,6,3,0,0,66.2,0,0,0,0,BYU,1,0,0,0,,0,0,62.7,,78,0,128,28,0,0,0,0,10,0,0,0,0,24,54.1
101165,Michael Callahan,DI,0,0,,0,0,,BOISE ST,0,D92,0,0,0,17,1,2025,27,,0,0,,0,0,0,5,0,0,62.1,0,0,0,0,BOISE ST,0,0,0,0,,0,,57.9,,73.7,0,120,27,0,22,0,0,10,0,0,0,0,0,54.2
101229,Jordan Cobbs,LB,0,0,,0,0,,S JOSE ST,2,D08,30,29,0,3,1,2025,0,77.7,0,0,64.1,0,0,13,0,0,0,63.6,0,0,0,0,S JOSE ST,1,0,0,0,,1,0,63.8,,73.1,0,285,30,0,0,0,0,14,0,1,0,0,0,55.1
101313,Alexander Teubner,LB,1,0,,1,1,100,BOISE ST,8,D34,55,43,1,6,1,2025,4,70.5,50,1,66.9,0,0,29,0,0,0,68.8,0,1,0,0,BOISE ST,3,0,2,0,50,8,9.1,71.8,50,74.4,0,120,59,7,0,0,118.8,24,1,2,4,0,4,72.3
101343,Ajani Carter,CB,3,0,2025,0,0,66.7,HOUSTON,1,D12,36,5,0,1,1,2025,1,79.4,19,2,62.2,0,0,24,0,0,0,66.1,29,0,0,0,HOUSTON,0,0,0,0,13,1,0,63.6,9.5,74.6,0,182,37,10,0,0,84,12,0,3,1,0,1,60
101373,Javin Wright,LB,0,0,2026,0,0,,NEBRASKA,1,D33,11,5,0,0,1,2026,1,76.9,0,0,71.3,0,0,9,0,0,0,60,0,0,0,0,NEBRASKA,1,0,0,0,,6,0,72.3,,71.7,0,238,12,0,0,0,0,3,1,0,0,0,1,
101377,Quinten Johnson,S,3,0,,0,0,33.3,MICHIGAN,1,D28,41,17,0,1,1,2025,2,78.2,15,1,74.8,0,0,19,0,0,0,59.2,0,0,0,0,MICHIGAN,0,0,0,0,15,5,0,70.8,15,76,0,222,43,3,0,2,50.7,23,0,1,19,0,2,59.6
101399,Da'Raun McKinney,CB,4,0,,0,0,50,C MICHIGAN,4,D05,49,1,0,1,1,2025,0,79.8,20,2,65.6,0,0,28,0,0,0,66,48,0,0,0,C MICHIGAN,3,0,0,0,15,0,0,66.1,10,76.3,0,134,49,-1,0,0,64.6,20,0,0,0,0,0,58.3
101401,Jermari Harris,CB,3,0,2025,0,0,33.3,IOWA,2,D27,36,0,0,0,1,2025,4,76.2,-4,1,69.7,0,0,21,0,0,0,65,35,0,0,0,IOWA,1,0,0,0,-4,1,0,70.1,-4,77.9,0,192,40,1,0,0,42.4,19,1,0,0,0,4,
101402,Sebastian Castro,S,3,0,2025,0,1,66.7,IOWA,1,D29,37,8,0,2,1,2025,3,45.6,12,2,61.3,0,0,19,0,0,0,61,0,0,0,0,IOWA,0,0,0,0,6,29,25,61.1,6,78.7,0,192,40,0,0,0,74.3,19,0,2,0,0,3,57.3
101407,Hakeem Beamon,DI,0,0,,0,0,,PENN STATE,0,D51,2,2,0,8,1,2025,8,,0,0,,1,0,0,0,0,0,60.7,0,0,0,0,PENN STATE,0,0,1,0,,0,,60.8,,73.4,0,266,10,0,3,0,0,2,0,0,0,0,5,59.2
101408,Smith Vilbert,ED,0,0,2026,0,0,,PENN STATE,1,D92,1,0,0,16,1,2026,27,73.3,0,0,,0,0,0,3,0,0,73.3,0,0,0,0,PENN STATE,1,0,0,0,,0,0,66.7,,76.2,0,266,28,0,0,0,0,12,1,1,0,0,24,56.2
101409,Gio Paez,DI,0,0,,0,0,,LSU,2,D99,0,0,0,16,1,2025,36,73.6,0,0,60,2,0,0,0,7,0,59.3,0,1,0,1,LSU,2,0,3,0,,0,0,69.8,,75.7,0,211,36,0,29,0,0,20,0,1,0,0,0,78.5
101410,Rodas Getachew-Johnson,DI,0,0,,0,0,,TEXAS A&M,0,D56,0,0,0,10,1,2025,16,70.2,0,0,,1,0,0,0,3,0,71.7,0,0,0,0,TEXAS A&M,0,0,1,0,,0,0,67.2,,73.4,0,312,16,0,13,0,0,6,0,1,0,0,0,54.6
101411,Michael Fletcher,ED,0,0,2025,0,0,,APP STATE,1,D05,0,0,1,20,1,2025,33,76,0,0,60,2,0,0,20,0,0,74.2,0,1,0,0,APP STATE,1,0,4,0,,0,0,79.8,,75.7,0,108,33,0,0,0,0,13,0,1,0,0,13,72.6
101415,Sulaiman Kpaka,DI,0,0,,0,0,,MISS STATE,1,D08,0,0,0,24,1,2025,41,69.7,0,0,60,0,0,0,10,0,0,55.1,0,0,0,0,MISS STATE,0,0,0,0,,0,0,53.9,,75.6,0,227,41,0,28,0,0,17,0,0,0,0,3,54.1
101424,Anthony Booker Jr.,DI,0,0,2025,0,0,,SMU,2,D10,0,0,0,28,1,2025,45,72.2,0,0,,0,0,0,0,5,0,68.7,0,0,0,0,SMU,1,0,0,0,,0,0,65.1,,76,0,287,45,0,40,0,0,17,0,0,0,0,0,57.7
101431,Logan Richter,DI,0,0,,0,0,,MINNESOTA,0,D96,0,0,0,1,1,2025,1,,0,0,,0,0,0,0,0,0,,0,0,0,0,MINNESOTA,0,0,0,0,,0,,60,,64.7,0,225,1,0,1,0,0,0,0,0,0,0,0,60
101432,Trill Carter,DI,0,0,,0,0,,AUBURN,0,D92,0,0,0,4,1,2025,7,,0,0,,0,0,0,0,6,0,64.5,0,0,0,0,AUBURN,0,0,0,0,,0,,74.2,,71.4,0,115,7,0,1,0,0,3,0,0,0,0,0,67.7
101439,Jeramy Passmore,DI,0,0,,0,1,,FIU,2,D08,0,0,0,20,1,2025,57,57.8,0,0,60,0,0,1,14,1,0,67.3,0,0,0,0,FIU,2,0,0,0,,0,16.7,64.1,,78.2,0,166,57,0,6,0,0,36,0,3,0,0,36,54.8
101446,Ty Robinson,DI,0,0,2025,0,0,,NEBRASKA,3,D09,0,0,0,19,1,2025,41,73.9,0,0,,0,0,0,13,6,0,71.4,0,0,0,0,NEBRASKA,3,0,0,0,,0,0,72.8,,76.2,0,238,41,0,19,0,0,22,1,0,0,0,3,66.1
101453,Jaden McKenzie,DI,0,0,,0,1,,E CAROLINA,2,D93,0,0,0,27,1,2025,35,36,0,0,60,1,1,0,1,17,0,61.3,0,1,0,1,E CAROLINA,2,0,2,0,,0,33.3,70.5,,76.4,0,156,35,0,17,0,0,8,0,0,0,0,0,70.9
101455,Dvon J-Thomas,DI,0,0,2025,0,0,,PENN STATE,1,D91,0,0,0,13,1,2025,31,72.4,0,0,,1,0,0,0,0,0,69.7,0,0,0,0,PENN STATE,1,0,1,0,,0,0,69.8,,74.7,0,266,31,0,31,0,0,18,1,1,0,0,0,62
101457,Maverick Hansen,DI,0,0,,0,0,,MICH STATE,1,D97,1,0,0,11,1,2025,17,69.7,0,0,63.6,0,0,0,0,0,0,57.1,0,0,0,0,MICH STATE,1,0,0,0,,0,0,68.2,,73.8,0,223,18,0,17,0,0,7,1,0,0,0,0,54
101496,Lance Dixon,LB,1,0,2025,0,4,0,TOLEDO,4,D08,23,19,1,6,1,2025,26,29.6,0,0,64.5,0,0,16,0,0,0,47.8,1,0,0,0,TOLEDO,3,0,1,0,,3,40,55.8,,77.5,0,316,49,0,0,0,39.6,27,2,2,0,0,26,64.5
101501,Ryan Meed,LB,0,0,,0,0,,ILLINOIS,1,D34,13,11,0,1,1,2025,3,72.2,0,0,62,0,0,5,0,0,0,70.5,0,0,0,0,ILLINOIS,0,0,0,0,,2,0,69.4,,73.3,0,187,16,0,0,0,0,10,0,0,0,0,3,59.4
101504,Donald Willis,LB,0,0,,0,2,,W MICHIGAN,3,D15,38,36,0,3,1,2025,1,39.1,0,0,57.1,0,0,21,0,0,0,68.8,0,1,1,0,W MICHIGAN,3,0,1,0,,2,33.3,56.2,,0,0,347,39,0,0,0,0,15,0,1,0,0,1,55.5
101505,Ben McNaboe,ED,0,0,,0,0,,OHIO,1,D08,0,0,0,34,1,2025,49,72.2,0,0,60,3,0,1,0,0,0,69.7,0,1,0,0,OHIO,1,0,4,0,,0,0,80.7,,80.4,0,259,49,0,0,0,0,14,0,0,0,0,49,78.4
101510,Charles Willekes,LB,2,0,,1,0,100,ARK STATE,6,D36,72,72,0,1,1,2025,1,81.8,50,2,61.3,0,0,34,0,0,0,80.9,0,0,0,0,ARK STATE,4,0,0,0,26,0,0,72.7,25,78.1,0,113,73,47,0,0,118.8,38,0,1,0,0,1,58.8
101514,Jestin Jacobs,LB,1,0,,0,0,100,OREGON,3,D04,24,23,0,4,1,2025,0,77.8,-4,1,71.6,0,0,12,0,0,0,46.5,0,0,0,0,OREGON,2,0,0,0,-4,1,0,60.3,-4,73.6,0,264,24,3,0,0,79.2,8,1,0,0,0,0,54.7
101520,Jacob Wahlberg,LB,4,0,,0,0,75,W MICHIGAN,3,D08,39,37,0,1,1,2025,2,81.1,36,3,61.7,0,0,22,0,0,1,54.4,0,0,0,0,W MICHIGAN,2,0,0,0,19,2,0,58.3,12,74.2,0,347,41,24,0,0,102.1,18,0,3,0,0,2,60
101601,John Bullock,LB,1,0,2025,0,0,0,NEBRASKA,3,D05,41,34,0,0,1,2025,3,80,0,0,59,0,0,20,0,0,0,62.2,0,0,0,0,NEBRASKA,1,0,0,0,,7,0,60.8,,74.6,0,238,44,0,0,0,39.6,24,0,2,0,0,3,
101664,Bryson Shaw,S,0,0,,0,1,,USC,4,D27,54,27,0,2,1,2025,0,60.5,0,0,52.2,1,0,32,0,0,0,62.8,0,1,1,0,USC,0,0,2,0,,5,16.7,55.1,,0,0,326,54,0,0,0,0,20,0,1,22,0,0,72.6
101666,Tyler Rudolph,S,0,0,,0,1,,UMASS,4,D04,35,22,0,0,1,2025,0,63.4,0,0,61.9,0,0,5,0,0,0,61.1,0,0,0,0,UMASS,3,0,0,0,,2,16.7,61.7,,74.2,0,216,35,0,0,0,0,30,1,1,11,0,0,
101668,Tate Hallock,S,0,0,,1,0,,W MICHIGAN,5,D03,43,12,0,2,1,2026,1,84.5,0,0,93,0,2,23,0,0,0,91.9,1,0,0,0,W MICHIGAN,1,0,0,0,,1,0,95,,75.4,0,347,44,0,0,0,0,19,1,1,29,0,1,57.5
101670,Marvin Grant,S,0,0,,0,1,,KANSAS,1,D04,38,10,1,5,1,2025,1,46.3,0,0,66.4,0,0,18,0,0,0,63.3,0,1,0,0,KANSAS,1,0,2,0,,27,33.3,70.1,,74.6,0,198,39,0,0,0,0,16,0,1,1,0,1,74.8
101674,Cormontae Hamilton,ED,0,0,,0,0,,MEMPHIS,0,D12,0,0,1,8,1,2025,11,70.2,0,0,,0,0,0,4,0,0,61,0,1,0,0,MEMPHIS,1,0,2,0,,0,,64.5,,71.5,0,218,11,0,5,0,0,3,0,0,0,0,2,63.1
101737,Quinn Schulte,S,4,0,,0,0,0,IOWA,2,D30,40,3,0,0,1,2025,0,79.6,0,0,93.2,0,1,21,0,0,0,63.6,0,0,0,0,IOWA,0,0,0,0,,2,0,94,,75.5,0,192,40,0,0,1,0,19,0,0,35,0,0,
101756,Gavin Pringle,CB,2,0,,0,1,100,GA STATE,3,D03,68,2,0,1,1,2025,0,66.4,7,2,65.9,0,0,30,0,0,0,74,66,0,0,0,GA STATE,1,0,0,0,4,0,16.7,68.4,3.5,77.2,0,175,68,7,0,0,81.3,37,0,2,0,0,0,58.7
101807,Alijah Huzzie,CB,5,0,2025,0,1,20,N CAROLINA,2,D28,72,1,0,0,1,2025,0,46.9,11,1,61,0,0,54,0,0,0,70.9,69,0,1,0,N CAROLINA,2,0,0,0,11,2,33.3,62.8,11,77.7,0,245,72,0,0,0,39.6,18,1,0,0,0,0,
101846,Ray Williams,S,1,0,,0,1,0,JAMES MAD,2,D06,24,4,0,0,1,2025,0,38.8,0,0,72.3,0,0,13,0,0,0,55,19,0,0,0,JAMES MAD,2,0,0,0,,1,33.3,68.8,,72.4,0,197,24,0,0,0,39.6,11,0,0,0,0,0,
101963,Kamari Stephens,ED,0,0,,0,0,,ARK STATE,1,D80,0,0,0,6,1,2025,13,71.1,0,0,,0,0,0,1,0,0,71.6,0,0,0,0,ARK STATE,0,0,0,0,,0,0,69.4,,73.5,0,113,13,0,0,0,0,7,0,0,0,0,12,56.6
101973,Marquez Tatum,DI,0,0,,0,0,,FIU,2,D94,0,0,0,23,1,2026,56,74,0,0,60,0,0,0,7,4,0,64.5,0,0,0,0,FIU,1,0,0,0,,0,0,63.4,,76.7,0,166,56,0,44,0,0,33,0,1,0,0,1,56.4
101993,James Carpenter,DI,0,0,2025,0,2,,INDIANA,1,D99,0,0,0,21,1,2025,42,25.9,0,0,61.4,3,0,1,2,7,0,57.8,0,0,0,0,INDIANA,0,0,3,0,,0,40,70.5,,76.6,0,190,42,0,30,0,0,20,0,2,0,0,3,79.6
102111,Tray Dunson,LB,1,0,,0,0,100,UTEP,1,D05,11,11,0,0,1,2025,0,73.1,12,1,51.2,0,0,10,0,0,0,62.3,0,0,0,0,UTEP,1,0,0,0,12,0,0,52,12,71.4,0,330,11,9,0,0,116.7,1,0,0,0,0,0,
102118,Jacob Dobbs,LB,1,0,,0,1,0,JAMES MAD,6,D27,53,50,3,8,1,2025,2,75,0,0,62.4,3,0,25,0,0,0,67.7,0,0,0,0,JAMES MAD,3,0,6,0,,3,11.1,73.6,,75.3,0,197,55,0,0,0,39.6,22,0,2,0,0,2,78.6
102148,Taurus Jones,LB,1,0,,0,0,0,JAMES MAD,0,D00,23,22,0,0,1,2025,1,73.2,0,0,48.9,0,0,14,0,0,0,61,0,0,0,0,JAMES MAD,0,0,0,0,,1,0,51,,73.5,0,197,24,0,0,0,39.6,10,0,1,0,0,1,
102450,Jaylon Jimmerson,CB,2,0,,0,1,50,SM HOUSTON,1,D04,34,9,0,1,1,2025,0,23.6,11,1,48.5,0,0,19,0,0,0,65,1,0,0,0,SM HOUSTON,1,0,0,0,11,24,50,52,11,76.3,0,281,34,9,0,0,66.7,14,0,0,0,0,0,60
102650,Bryquice Brown,CB,2,0,,0,0,100,BOSTON COL,2,D19,14,2,0,0,1,2025,0,77.9,14,2,66.7,0,0,10,0,0,0,60.3,12,0,0,0,BOSTON COL,1,0,0,0,11,0,0,67.3,7,71.2,0,121,14,6,0,0,95.8,4,0,1,0,0,0,
102668,Anthony Switzer,LB,0,0,,1,0,,ARKANSAS,1,D25,21,17,0,2,1,2025,0,77.1,0,0,64.3,0,0,8,0,0,0,74.5,0,0,0,0,ARKANSAS,0,0,0,0,,3,0,76.4,,71.7,0,111,21,0,0,0,0,11,0,1,1,0,0,67.8
102685,Isaiah Rutherford,CB,0,0,,0,0,,UMASS,1,D02,41,4,0,0,1,2025,0,74.8,0,0,70.7,0,0,7,0,0,0,69.1,33,0,0,0,UMASS,0,0,0,0,,3,0,72.2,,74.6,0,216,41,0,0,0,0,34,0,0,0,0,0,
102695,George Udo,S,4,0,,0,1,75,BALL ST,3,D10,64,38,0,3,1,2025,0,49.4,13,3,83.4,0,1,45,0,0,0,52.6,0,0,0,0,BALL ST,2,0,0,0,11,11,25,76.8,4.3,76.2,0,117,64,11,0,0,38.5,16,0,0,15,0,0,57.8
102725,Nana Osafo-Mensah,ED,0,0,,0,1,,TCU,1,D54,1,0,0,32,1,2025,66,41.6,0,0,65.2,3,0,1,11,0,0,46.6,0,0,0,0,TCU,1,0,3,0,,0,33.3,52.6,,79.3,0,305,67,0,3,0,0,34,0,1,0,0,52,55.2
102726,Howard Cross III,DI,0,0,2025,0,1,,NOTRE DAME,2,D56,0,0,0,14,1,2025,38,43.8,0,0,,2,0,0,3,4,0,73.3,0,0,0,0,NOTRE DAME,2,0,2,0,,0,25,75,,75.8,0,258,38,0,31,0,0,24,0,1,0,0,0,66.9
102788,Ositadinma Ekwonu,ED,0,0,,0,0,,CHARLOTTE,1,D10,1,0,0,2,1,2025,15,75.2,0,0,61.3,0,0,2,0,0,0,60,0,0,0,0,CHARLOTTE,0,0,0,0,,1,0,61.1,,76.4,0,136,16,0,0,0,0,12,0,1,0,0,15,59.1
102848,Brendan Harrington,LB,3,0,,0,1,33.3,APP STATE,6,D08,44,41,0,3,1,2026,2,57.7,10,1,60.3,0,0,24,0,0,0,77.8,2,0,0,0,APP STATE,4,0,0,0,10,1,12.5,68.4,10,77.4,0,108,46,7,0,1,43.8,19,1,1,0,0,2,55.2
102860,Jamil Muhammad,ED,1,0,2025,0,0,0,USC,0,D10,2,2,0,15,1,2025,26,,0,0,62.7,0,0,4,0,0,0,56.1,0,0,0,0,USC,0,0,0,0,,0,,54.7,,78.7,0,326,28,0,0,0,39.6,9,0,0,0,0,26,52.3
103555,Torren Union,S,2,0,,0,1,100,UTAH ST,1,D15,31,4,0,1,1,2025,0,48.1,36,2,44,0,0,15,0,0,0,43.8,1,1,0,0,UTAH ST,0,0,1,0,22,22,25,44.6,18,76.6,0,329,31,15,0,0,118.8,15,0,2,4,0,0,72.4
103597,Antonio Carter II,S,2,0,,0,1,100,JVILLE ST,4,D08,41,24,0,1,1,2025,0,65.4,2,2,72.8,0,0,27,0,0,0,66.1,0,0,0,0,JVILLE ST,2,0,0,0,4,7,20,72.2,1,75.6,0,196,41,2,0,1,118.8,13,1,0,10,1,0,60
103620,Kam Alexander,CB,0,0,2025,0,0,,OREGON,0,D11,11,0,0,0,1,2025,0,,0,0,65.1,0,0,9,0,0,0,60,11,0,0,0,OREGON,0,0,0,0,,0,,65.6,,70.9,0,264,11,0,0,0,0,2,0,0,0,0,0,
103655,Logan Lutui,ED,0,0,,0,0,,BYU,0,D59,1,1,0,15,1,2026,28,,0,0,63.3,0,0,5,5,0,0,65.4,0,0,1,0,BYU,0,0,0,0,,0,,58.1,,0,0,128,29,0,2,0,0,9,0,0,0,0,21,59.4
103696,Jevon Leon,ED,0,0,,0,0,,SM HOUSTON,1,D01,0,0,0,13,1,2025,31,73.7,0,0,,2,0,0,2,0,0,54.6,0,0,0,0,SM HOUSTON,1,0,2,0,,0,0,62.3,,76.4,0,281,31,0,2,0,0,18,0,1,0,0,27,70.4
103763,Elijah Anderson-Taylor,LB,4,0,,0,0,50,FIU,10,D01,58,50,0,1,1,2025,5,85.3,3,2,70.4,1,0,24,0,0,0,75.6,1,0,0,0,FIU,9,0,1,0,3,7,0,75.8,1.5,75.8,0,166,63,2,0,0,56.3,38,0,2,0,0,5,60
103830,Brevin Randle,LB,2,0,,0,0,100,UTSA,1,D11,48,47,0,2,1,2025,0,75.8,31,2,56,0,0,29,0,0,0,59.5,0,0,0,1,UTSA,0,0,0,0,32,1,0,59.4,15.5,71.2,0,331,48,21,0,0,118.8,17,0,1,0,0,0,70.6
103845,Anthony Blume,DI,0,0,,0,0,,GA STATE,2,D52,0,0,0,10,1,2025,27,73.8,0,0,,0,0,0,1,13,1,66.3,0,0,0,0,GA STATE,2,0,0,0,,0,0,64.2,,75.4,0,175,27,0,13,0,0,17,0,1,0,0,0,55.6
104220,Justin Whiteside,LB,1,0,,0,0,100,C MICHIGAN,3,D06,37,27,0,4,1,2025,2,78.5,21,1,59.8,0,0,19,0,0,0,60.2,0,0,0,0,C MICHIGAN,2,0,0,0,21,10,0,58.8,21,74.1,0,134,39,5,0,0,118.8,16,1,0,0,0,2,54.8
104231,Zah Frazier,CB,0,0,2025,0,0,,UTSA,2,D03,21,3,0,1,1,2025,0,76.2,0,0,66,0,0,14,0,0,0,68.4,18,0,0,1,UTSA,1,0,0,0,,0,0,74,,72.4,0,331,21,0,0,0,0,6,0,0,0,0,0,60
104362,Kabbash Richards,ED,0,0,,0,0,,AKRON,0,D94,0,0,0,6,1,2025,11,,0,0,,0,0,0,4,0,0,64.5,0,0,0,0,AKRON,0,0,0,0,,0,,63.5,,71.8,0,102,11,0,2,0,0,5,0,0,0,0,5,56.9
104365,Jack Barton,ED,0,0,,0,0,,UCONN,1,D93,0,0,0,9,1,2025,21,71.3,0,0,,0,0,0,13,0,0,62.7,0,0,0,0,UCONN,1,0,0,0,,0,0,60.1,,73.2,0,146,21,0,0,0,0,12,0,0,0,0,8,55.6
104402,Khairi Manns,ED,0,0,,0,1,,JAMES MAD,2,D11,1,1,1,23,1,2025,53,65,0,0,63.2,1,0,10,2,0,0,66.2,0,2,1,0,JAMES MAD,3,0,4,0,,0,20,64.4,,0,0,197,54,0,0,0,0,21,0,2,0,0,51,65.2
104423,Marlem Louis,ED,0,0,,0,0,,S DIEGO ST,0,D32,1,1,0,11,1,2025,21,,0,0,60,0,0,1,0,0,0,65.6,0,0,0,0,S DIEGO ST,0,0,0,0,,0,,67.1,,77.3,0,284,22,0,0,0,0,10,0,0,0,0,21,63.1
104927,Davion Ross,CB,4,0,2025,0,1,50,MEMPHIS,2,D01,53,6,0,0,1,2025,0,53.7,35,2,54.6,0,0,27,0,0,0,42.6,45,0,1,0,MEMPHIS,0,1,0,0,18,0,20,50.7,17.5,76.2,0,218,53,2,0,0,80.2,26,0,2,2,0,0,
105001,Branson Combs,LB,1,0,2025,0,0,100,WAKE,7,D21,53,35,2,5,1,2025,3,85,4,1,74.3,0,0,37,0,0,0,75.5,0,0,0,0,WAKE,4,0,2,0,4,18,0,79.3,4,75,0,339,56,4,0,0,83.3,14,1,4,0,0,3,71.1
105076,Omar Rogers,S,2,0,,0,1,50,E CAROLINA,6,D12,65,20,0,5,1,2025,0,67.6,4,1,62.4,0,0,38,0,0,0,83.6,0,1,0,0,E CAROLINA,2,0,1,0,4,3,14.3,69.8,4,77.3,0,156,65,6,0,0,56.3,22,0,0,42,0,0,57.4
105089,Ja'Corey Benjamin,CB,3,0,,0,0,33.3,BOWL GREEN,1,D07,42,0,0,0,1,2025,0,74.2,64,1,49,0,0,31,0,0,0,61,42,0,0,0,BOWL GREEN,0,0,0,0,64,0,0,49.8,64,75.8,0,122,42,32,0,0,121.5,11,0,0,0,1,0,
105249,Nathan Kapongo,DI,0,0,,0,0,,AKRON,3,D99,0,0,0,37,1,2025,58,73.2,0,0,60,2,0,0,5,6,0,67.1,0,0,0,0,AKRON,2,0,2,0,,0,0,61,,77.2,0,102,58,0,45,0,0,21,0,0,0,0,2,53.1
105795,Trey Jones III,S,0,0,,0,0,,TEXAS A&M,0,D09,3,2,0,0,1,2025,0,,0,0,60,0,0,1,0,0,0,60,0,0,0,0,TEXAS A&M,0,0,0,0,,0,,31.5,,67.2,0,312,3,0,0,0,0,2,0,0,1,0,0,
105835,Amir Wallace,CB,3,0,,0,0,100,S JOSE ST,3,D06,38,0,0,1,1,2025,0,81.1,57,3,58.5,0,0,27,0,0,0,67.5,38,0,0,0,S JOSE ST,2,0,0,0,35,0,0,59.6,19,75,0,285,38,10,0,0,158.3,10,1,2,0,1,0,55.4
105990,Paul Lewis III,S,2,0,,0,0,50,AKRON,6,D09,69,15,0,2,1,2025,7,83.5,17,1,73.2,1,0,50,0,0,1,68.8,0,0,0,0,AKRON,2,0,1,0,17,28,0,74.1,17,80.6,0,102,76,0,0,1,79.2,24,1,1,26,0,7,62
106009,Kendren Smith,CB,4,0,,0,0,50,VIRGINIA,3,D04,67,20,0,0,1,2025,0,80.3,36,2,65.5,0,0,37,0,0,0,67.6,0,1,0,0,VIRGINIA,1,0,1,0,24,46,0,68.3,18,77.4,0,335,67,6,0,0,81.3,30,0,1,1,0,0,63.8
106263,Dylan Wudke,ED,0,0,,0,0,,KANSAS,1,D95,0,0,0,13,1,2025,24,73.9,0,0,60,0,0,1,1,0,0,70.6,0,0,0,0,KANSAS,1,0,0,0,,0,0,65,,75.7,0,198,24,0,0,0,0,10,0,1,0,0,23,54.8
106422,Shane Cokes,DI,0,0,,0,0,,COLORADO,1,D99,0,0,0,10,1,2025,19,70.2,0,0,,0,0,0,2,1,0,54,0,0,0,0,COLORADO,0,0,0,0,,0,0,53.1,,73.5,0,143,19,0,16,0,0,9,0,0,0,0,0,56.4
106423,Charles Looes,ED,0,0,,1,0,,RICE,1,D94,0,0,1,28,1,2025,58,77,0,0,,2,0,0,14,0,1,62.8,0,0,0,0,RICE,2,0,3,0,,0,0,75.5,,77.8,0,275,58,0,10,0,0,30,0,3,0,0,34,82.3
106426,Hank Knez,DI,0,0,,0,0,,NWESTERN,0,D98,0,0,0,0,1,2026,5,69.7,0,0,,0,0,0,0,0,0,46.7,0,0,0,0,NWESTERN,0,0,0,0,,0,0,42.3,,68.8,0,256,5,0,5,0,0,5,0,1,0,0,0,
106431,Jelani Stafford,DI,0,0,,0,0,,UCONN,0,D97,0,0,0,18,1,2025,40,70.1,0,0,,1,0,0,1,23,0,72.6,0,0,1,0,UCONN,0,0,1,0,,0,0,68.4,,0,0,146,40,0,16,0,0,22,0,1,0,0,0,66
106662,Chris Fitzgerald,DI,0,0,,0,0,,JAMES MAD,0,D97,0,0,0,3,1,2025,9,,0,0,,0,0,0,1,0,0,60.7,0,0,0,0,JAMES MAD,0,0,0,0,,0,,60.2,,70.3,0,197,9,0,8,0,0,6,0,0,0,0,0,58.6
106697,Dom Jones,CB,3,0,2025,0,0,33.3,COLO STATE,2,D07,56,3,0,0,1,2025,0,76.2,5,1,74.8,0,0,32,0,0,0,63.7,53,0,0,0,COLO STATE,0,0,0,0,5,0,0,74.4,5,76.7,0,144,56,0,0,1,42.4,24,0,0,0,0,0,
108107,Donnell Brown,ED,0,0,,0,0,,MARYLAND,1,D09,1,1,0,23,1,2025,39,73,0,0,60.3,1,0,3,1,0,0,70,0,0,0,0,MARYLAND,1,0,1,0,,0,0,68,,78.6,0,215,40,0,0,0,0,14,1,0,0,0,38,61.8
108118,Laletia Hale,LB,4,0,,0,0,75,JVILLE ST,3,D16,42,38,0,11,1,2025,4,79.2,35,3,53.6,0,0,21,0,0,0,60.4,0,0,0,0,JVILLE ST,1,0,0,0,23,4,0,53.3,11.7,74.3,0,196,46,17,0,0,101,14,0,1,0,0,4,53
109237,Kobe Hylton,CB,4,0,,0,0,50,OKLA STATE,2,D00,57,14,0,0,1,2026,1,79.2,55,2,48.8,0,1,23,0,0,0,51.7,0,0,1,0,OKLA STATE,0,0,0,0,38,40,0,48.9,27.5,78.1,0,262,58,44,0,1,56.3,35,0,1,3,0,1,
109745,Javier Derritt,DI,0,0,,0,0,,KANSAS,1,D58,0,0,0,4,1,2025,8,71.9,0,0,,0,0,0,0,0,0,68.3,0,0,0,0,KANSAS,1,0,0,0,,0,0,69.5,,70.7,0,198,8,0,8,0,0,4,0,1,0,0,0,59.2
111057,Khalib Gilmore,ED,0,0,,0,0,,BALL ST,0,D58,0,0,0,7,1,2026,9,,0,0,,0,0,0,0,0,0,60,0,0,0,0,BALL ST,0,0,0,0,,0,,40.9,,73.7,0,117,9,0,0,0,0,2,0,0,0,0,9,55.9
116043,Tra Thomas,ED,0,0,,0,0,,TEMPLE,1,D03,0,0,0,21,1,2026,41,73,0,0,60,0,1,0,0,0,0,68.6,0,0,0,0,TEMPLE,0,0,0,0,,0,0,71.5,,79.4,0,306,41,0,0,0,0,20,0,0,0,0,41,61.2
121341,Terrell Allen,ED,0,0,,0,1,,TULANE,3,D09,0,0,0,22,1,2025,29,74.4,0,0,,2,0,0,22,0,0,72,0,1,0,0,TULANE,2,0,3,0,,0,25,78.4,,74.3,0,319,29,0,3,0,0,7,0,0,0,0,4,72.5
121344,Kory Chapman,S,2,0,,0,2,100,UTEP,6,D06,44,15,1,6,1,2025,11,47.7,3,2,57.7,0,0,28,0,0,0,74.7,0,1,0,0,UTEP,5,0,2,0,4,14,25,65.8,1.5,78.7,0,330,55,0,0,0,79.2,21,3,0,15,0,11,67
121345,Elijah Culp,CB,4,0,2026,0,0,50,CHARLOTTE,2,D11,54,2,0,0,1,2026,0,78,64,2,62.1,0,0,25,0,0,0,51.1,51,0,0,0,CHARLOTTE,0,0,0,0,40,1,0,59.6,32,76.5,0,136,54,1,0,1,135.4,29,0,1,0,1,0,
121351,Sam Howard,LB,4,0,,0,0,75,TULANE,2,D15,32,27,0,3,1,2026,0,78.1,67,3,57.5,0,0,24,0,0,1,59.4,0,0,0,0,TULANE,1,0,0,0,44,5,0,59.4,22.3,70.4,0,319,32,57,0,0,116.7,5,0,1,0,0,0,66.6
121407,Yam Banks,S,3,0,,0,0,33.3,OLE MISS,1,D16,46,8,0,0,1,2025,0,82.5,8,1,67.7,0,0,24,0,0,0,74.6,0,0,0,0,OLE MISS,0,0,0,0,8,26,0,71.6,8,78,0,226,46,6,0,0,42.4,22,0,4,12,0,0,
121424,Carlos Johnson Jr.,DI,0,0,,0,0,,S ALABAMA,1,D90,0,0,1,7,1,2025,12,72.4,0,0,,0,0,0,0,3,0,70.5,0,0,0,0,S ALABAMA,2,0,1,0,,0,0,73.4,,72.2,0,288,12,0,9,0,0,5,0,0,0,0,0,64.4
121448,Kristin Booth,ED,0,0,,0,1,,SO MISS,2,D94,3,3,0,24,1,2025,37,48.5,0,0,,1,0,0,0,0,0,72.6,0,1,0,0,SO MISS,1,0,2,0,,0,25,63.3,,77.7,0,296,40,0,4,0,0,16,0,1,0,0,33,51.7
121461,Tyrese Hopkins,LB,0,0,,0,1,,LA MONROE,2,D06,49,48,0,3,1,2026,1,72.5,0,0,65.4,1,0,15,0,0,0,63.4,0,0,0,0,LA MONROE,1,0,1,0,,1,10,64.8,,74.8,0,209,50,0,0,0,0,32,0,7,0,0,1,56.5
121523,Kenneth Harris,CB,1,0,2026,0,0,0,OKLA STATE,1,D23,11,0,0,0,1,2026,0,74.2,0,0,72,0,0,6,0,0,0,60,11,0,0,0,OKLA STATE,0,0,0,0,,0,0,72.9,,70.9,0,262,11,0,0,0,39.6,5,0,0,0,0,0,
121544,Trevian Thomas,S,6,0,2025,0,2,50,ARK STATE,4,D09,71,52,0,2,1,2025,0,50.7,49,3,31.2,0,1,33,0,0,0,71,0,0,0,0,ARK STATE,1,0,0,0,26,5,22.2,43.3,16.3,78.2,0,113,71,2,0,1,38.2,36,0,3,14,0,0,65.7
121664,Michael Batton,LB,3,0,,0,2,100,HOUSTON,8,D44,57,54,0,3,1,2025,3,53,18,3,70.8,0,0,35,0,0,0,54.6,0,1,0,0,HOUSTON,3,0,1,0,8,3,16.7,66.9,6,76.3,0,182,60,16,0,0,91.7,22,1,2,0,0,3,66.7
121668,Channing Canada,CB,4,0,2026,0,0,50,TCU,2,D07,44,4,0,0,1,2026,3,77.6,18,2,70,0,0,23,0,0,0,66.4,38,0,0,0,TCU,2,0,0,0,13,0,0,70.6,9,76.7,0,305,47,-2,0,0,102.1,24,0,0,1,1,3,
121669,Isaiah Cash,S,0,0,,0,1,,SM HOUSTON,3,D19,57,31,0,2,1,2026,4,63.2,0,0,70.6,0,0,25,0,0,0,62.3,0,0,0,0,SM HOUSTON,2,0,0,0,,8,16.7,68.1,,78.3,0,281,61,0,0,0,0,34,0,2,18,0,4,58.6
121724,Immanuel Bush,DI,0,0,,0,1,,JAMES MAD,2,D15,0,0,0,28,1,2026,49,35,0,0,59,3,0,2,1,1,0,74.9,0,0,0,0,JAMES MAD,2,0,3,0,,0,33.3,73.4,,76.1,0,197,49,0,47,0,0,19,1,0,0,0,0,67.8
121726,Jayshaun Coffman,DI,0,0,,0,0,,C MICHIGAN,1,D86,0,0,0,4,1,2026,12,69.7,0,0,,0,0,0,2,0,0,74.2,0,0,0,0,C MICHIGAN,1,0,0,0,,0,0,79.1,,71.2,0,134,12,0,10,0,0,8,0,0,0,0,0,66.6
121728,JoJo Evans Jr.,S,2,0,,0,1,100,FIU,7,D03,57,43,0,1,1,2026,9,74.3,12,2,64.7,0,0,25,0,0,0,77.1,0,0,0,0,FIU,4,0,0,0,6,7,10,71.7,6,78.7,0,166,66,9,0,0,91.7,40,0,2,7,0,9,59.7
121757,An'Darius Coffey,S,1,0,,0,0,100,MEMPHIS,0,D04,2,2,0,0,1,2026,0,,39,1,60,0,0,1,0,0,0,60,0,0,0,0,MEMPHIS,0,0,0,0,39,0,,56.9,39,65.9,0,218,2,0,0,0,158.3,1,0,0,0,1,0,
121780,Devonte Golden-Nelson,CB,7,0,,0,0,57.1,AKRON,5,D03,63,0,0,0,1,2026,0,80.9,36,4,58.9,0,0,38,0,0,0,66.4,63,0,1,0,AKRON,0,0,0,0,16,0,0,60.4,9,77.3,0,102,63,5,0,0,71.1,25,0,0,0,0,0,
121850,Johnny Hodges,LB,3,0,,0,2,66.7,TCU,5,D57,68,64,0,12,1,2026,8,59.7,6,2,84,1,0,27,0,0,0,61.5,0,0,0,0,TCU,2,0,1,0,6,3,16.7,72.7,3,75.4,0,305,76,10,0,0,70.1,37,0,5,0,0,8,53.9
121882,Jordan Brown,LB,0,0,,0,0,,N TEXAS,4,D08,54,54,0,4,1,2025,3,82.4,0,0,71.6,0,0,10,0,0,0,83.5,0,0,0,0,N TEXAS,2,0,0,0,,0,0,83.2,,76.5,0,251,57,0,0,0,0,43,0,4,0,0,3,55.7
121936,Bryan Massey,S,3,0,,0,1,66.7,HOUSTON,1,D22,12,4,0,0,1,2026,1,27.8,28,2,57.1,0,0,8,0,0,0,54.6,0,0,0,0,HOUSTON,1,0,0,0,21,8,50,54,14,72.2,0,182,13,17,0,0,96.5,5,0,0,0,0,1,
121963,Zion Childress,S,3,0,2025,0,4,100,KENTUCKY,3,D11,58,13,0,4,1,2025,10,25.1,33,3,60.4,0,0,31,0,0,0,37.1,0,1,0,0,KENTUCKY,0,0,1,0,22,42,44.4,54.6,11,80.1,0,202,68,28,0,0,112.5,33,0,2,3,0,10,72.9
121981,Issiah Nixon,ED,0,0,,0,0,,SM HOUSTON,0,D18,2,2,1,14,1,2025,29,75.2,0,0,60,1,0,1,2,0,0,47.5,0,0,0,0,SM HOUSTON,1,0,2,0,,0,0,66.8,,78.5,0,281,31,0,0,0,0,16,0,1,0,0,27,83.2
122044,Sione Tonga'uiha,DI,0,0,,0,0,,UTEP,1,D03,0,0,0,29,1,2025,43,73.6,0,0,,2,0,0,0,26,0,74.8,0,0,0,0,UTEP,1,0,2,0,,0,0,67.7,,77.2,0,330,43,0,17,0,0,14,0,2,0,0,0,55.6
122052,Tyler Batty,ED,0,0,2025,0,0,,BYU,1,D92,0,0,0,19,1,2025,39,70.8,0,0,60,1,0,1,16,0,0,46.4,0,1,1,0,BYU,1,0,2,0,,0,0,43.9,,0,0,128,39,0,1,0,0,19,0,0,0,0,22,57.1
122095,Caleb Fox,DI,0,0,,0,0,,TCU,2,D90,1,0,0,24,1,2025,47,72.4,0,0,60,2,0,0,4,18,1,70.7,0,0,0,0,TCU,2,0,2,0,,0,0,69.5,,78.6,0,305,48,0,25,0,0,24,0,0,0,0,0,55.2
122146,Fred Davis II,CB,4,0,2026,0,0,75,JVILLE ST,4,D10,38,2,0,0,1,2026,0,80.7,13,3,79,0,0,25,0,0,0,76.7,36,0,1,0,JVILLE ST,3,1,0,0,7,0,0,78.1,4.3,0,0,196,38,2,0,0,78.1,13,1,1,0,0,0,
122158,Kevin Swint,ED,0,0,,0,0,,GA STATE,3,D09,5,0,0,20,1,2025,50,76.6,0,0,53.9,0,0,6,0,0,0,72.7,0,1,0,0,GA STATE,2,0,1,0,,5,0,64.9,,81.7,0,175,55,0,0,0,0,29,0,0,0,0,50,56.6
122191,Dez Morgan,DI,0,0,,0,1,,CHARLOTTE,0,D90,0,0,0,21,1,2025,42,16.2,0,0,60,0,0,1,1,10,0,37.3,0,0,0,1,CHARLOTTE,0,0,0,0,,0,100,44,,76.6,0,136,42,0,31,0,0,20,0,0,0,0,0,60.1
122208,Marcus Clarke,CB,4,0,,0,2,25,MISSOURI,2,D08,22,1,0,0,1,2025,0,29.1,7,1,38.5,0,0,9,0,0,0,41.9,19,0,0,0,MISSOURI,0,0,0,0,7,2,50,34.5,7,73.6,0,229,22,3,0,0,39.6,13,0,0,0,0,0,
122212,Corey Flagg,LB,1,0,,0,1,100,MISSOURI,5,D11,50,47,0,0,1,2025,0,63.6,2,1,59.8,0,0,22,0,0,0,66,1,0,0,0,MISSOURI,4,0,0,0,2,2,12.5,64.2,2,73,0,229,50,0,0,0,79.2,28,0,2,0,0,0,
122222,Elijah Roberts,ED,0,0,2025,0,2,,SMU,0,D05,6,6,0,41,1,2025,54,19.9,0,0,65.2,6,0,1,2,0,0,63.7,0,0,0,0,SMU,0,0,6,0,,0,100,87.8,,81.5,0,287,60,0,1,0,0,18,0,0,0,0,51,85.1
122230,Chantz Williams,ED,0,0,,0,0,,CHARLOTTE,1,D14,0,0,1,13,1,2025,27,74.6,0,0,,0,0,0,0,0,0,53.6,0,0,0,0,CHARLOTTE,2,0,1,0,,0,0,55.7,,77.4,0,136,27,0,2,0,0,14,1,0,0,0,25,60
122235,Ronald Clarke,S,2,0,,0,0,50,APP STATE,5,D27,48,14,0,1,1,2025,0,83.3,8,1,72.7,0,0,24,0,0,0,63.7,0,0,0,0,APP STATE,1,0,0,0,8,5,0,72.9,8,76.7,0,108,48,2,0,0,60.4,23,0,0,29,0,0,67.2
122248,Jalen McLeod,ED,2,0,2025,0,0,50,AUBURN,1,D35,10,8,0,15,1,2025,26,72.2,14,1,31.9,2,0,6,2,0,0,71.3,0,2,0,0,AUBURN,1,0,4,0,14,2,0,73,14,78.7,0,115,36,7,0,0,72.9,15,0,0,0,0,24,90.6
122252,Jamar Rucks,ED,0,0,,0,1,,KENNESAW,1,D43,0,0,0,17,1,2026,31,53.7,0,0,60.3,4,0,2,0,0,0,65,0,0,1,0,KENNESAW,0,0,4,0,,0,25,61.6,,0,0,200,31,0,0,0,0,12,0,2,0,0,31,65.5
122269,Mike Harris,S,0,0,,0,0,,S ALABAMA,0,D31,1,0,0,0,1,2026,0,,0,0,,0,0,0,0,0,0,60,0,0,0,0,S ALABAMA,0,0,0,0,,0,,60,,60,0,288,1,0,0,0,0,1,0,0,0,0,0,
122271,Lorando Johnson,CB,0,0,,0,0,,BAYLOR,0,D18,3,0,0,1,1,2025,0,,0,0,61.1,0,0,2,0,0,0,,3,0,0,0,BAYLOR,0,0,0,0,,0,,60.9,,67.9,0,118,3,0,0,0,0,0,0,0,0,0,0,60
122274,A.J. McCarty,CB,0,0,,0,1,,TEXAS TECH,2,D01,25,4,0,0,1,2026,4,59.9,0,0,49.1,0,0,18,0,0,0,48.6,1,0,0,0,TEXAS TECH,1,0,0,0,,19,25,46.7,,77.5,0,315,29,0,0,0,0,11,0,1,1,0,4,
122280,Chateau Reed,CB,2,0,,0,1,100,BAYLOR,1,D21,6,0,0,0,1,2025,0,28.3,44,2,50.1,0,0,2,0,0,0,60,6,0,1,0,BAYLOR,0,0,0,0,33,0,50,38.1,22,0,0,118,6,36,0,0,158.3,4,0,0,0,1,0,
122376,Michael Larbie,DI,0,0,,0,0,,RICE,1,D74,0,0,0,18,1,2025,35,73.2,0,0,,1,0,0,7,7,0,64.3,0,0,0,0,RICE,1,0,1,0,,0,0,68.4,,75.6,0,275,35,0,13,0,0,17,0,1,0,0,8,67.6
122378,Dorian Mausi,LB,1,0,2025,1,1,100,AUBURN,7,D12,49,43,0,3,1,2025,1,65,2,1,81.6,1,0,23,0,0,0,51.3,0,0,0,0,AUBURN,5,0,1,0,2,6,11.1,69.1,2,74.7,0,115,50,8,0,0,79.2,24,2,1,0,0,1,56.3
122379,Aeneas Peebles,DI,0,0,2025,0,0,,VA TECH,1,D16,0,0,0,32,1,2025,52,69.7,0,0,59.2,4,0,2,8,2,0,67.6,0,0,0,0,VA TECH,1,0,4,0,,0,0,68.5,,76,0,337,52,0,38,0,0,18,0,0,0,0,4,66.8
122383,Michael Reese,ED,0,0,,1,1,,DUKE,4,D14,0,0,0,15,1,2025,42,63.9,0,0,64.9,2,0,1,1,4,0,70.8,0,0,0,0,DUKE,2,0,2,0,,0,12.5,73.9,,78.2,0,154,42,0,0,0,0,26,0,3,0,0,37,54.9
122387,Ryan Smith,ED,0,0,,0,0,,DUKE,2,D40,0,0,0,10,1,2025,31,74.8,0,0,61,1,0,1,0,0,1,57.8,0,1,0,0,DUKE,0,0,2,0,,0,0,64,,77.7,0,154,31,0,0,0,0,20,0,0,0,0,31,68.7
122389,Jaylen Stinson,S,1,0,,0,4,0,DUKE,2,D02,39,4,0,0,1,2025,3,25.4,0,0,54.2,0,0,18,0,0,0,42.4,0,0,0,0,DUKE,1,0,0,0,,17,50,48.6,,79.3,0,154,42,0,0,0,39.6,24,0,2,18,0,3,
122396,Stephen Dix Jr.,LB,1,0,2026,0,1,100,ARKANSAS,1,D14,40,37,1,10,1,2026,1,43.9,13,1,31.6,1,0,14,0,0,0,55.5,0,1,0,0,ARKANSAS,2,0,3,0,13,3,33.3,40.9,13,75.7,0,111,41,6,0,0,118.8,17,0,1,0,0,1,66.4
122424,Sidney Williams,LB,0,0,,0,1,,MISSOURI,2,D03,21,7,0,2,1,2025,4,40.2,0,0,62.9,0,0,9,0,0,0,59.2,0,0,0,0,MISSOURI,1,0,0,0,,13,33.3,60.8,,77.5,0,229,25,0,0,0,0,14,0,0,1,0,4,56.5
122449,Trevon Locke,DI,0,0,,0,0,,GA SOUTHRN,0,D53,0,0,0,3,1,2025,5,,0,0,,0,0,0,0,1,0,56,0,0,1,0,GA SOUTHRN,0,0,0,0,,0,,29.1,,0,0,174,5,0,4,0,0,2,0,0,0,0,0,59.2
122459,Seth Robertson,CB,0,0,,0,1,,APP STATE,1,D16,34,3,0,0,1,2025,0,27.7,0,0,61.5,0,0,20,0,0,0,63.5,0,0,0,0,APP STATE,0,0,0,0,,31,33.3,62.5,,77.9,0,108,34,0,0,0,0,14,0,1,0,0,0,
122461,Marques Watson-Trent,LB,0,0,,0,1,,GA SOUTHRN,5,D01,51,40,0,8,1,2026,4,59.7,0,0,66.6,1,0,21,0,0,0,67.7,0,0,0,0,GA SOUTHRN,2,0,1,0,,11,14.3,67.2,,76.6,0,174,55,0,0,0,0,26,0,1,0,0,4,54.9
122470,LaMiles Brooks,S,1,0,,0,2,100,GA TECH,3,D01,20,17,0,0,1,2025,0,43.8,31,1,41.4,0,0,6,0,0,0,64.4,0,0,0,0,GA TECH,1,0,0,0,31,0,33.3,52.8,31,72.3,0,176,20,16,0,0,118.8,14,0,1,3,0,0,
122480,Jared Ivey,ED,0,0,2025,1,1,,OLE MISS,3,D15,1,1,1,43,1,2025,64,55.2,0,0,,4,0,0,13,0,1,65.5,0,0,1,0,OLE MISS,3,0,5,0,,0,25,73.5,,1.1,0,226,65,0,9,0,0,22,1,0,0,0,42,78.5
122491,Jason Moore,DI,0,0,,0,0,,GA TECH,1,D95,0,0,0,2,1,2026,7,70.2,0,0,,0,0,0,0,0,0,67.5,0,0,0,0,GA TECH,1,0,0,0,,0,0,69.2,,70.1,0,176,7,0,7,0,0,5,0,0,0,0,0,59.7
122499,Akelo Stone,DI,0,0,,0,0,,OLE MISS,1,D95,0,0,1,18,1,2026,28,72.1,0,0,,0,0,0,1,7,0,57.9,0,0,0,0,OLE MISS,2,0,1,0,,0,0,60,,74.7,0,226,28,0,20,0,0,10,0,0,0,0,0,61.4
122547,Taiwan Berryhill Jr.,LB,2,0,,0,1,50,KANSAS,2,D06,22,21,0,1,1,2025,0,50,2,1,38.1,1,0,13,0,0,0,64.5,0,0,0,0,KANSAS,1,0,1,0,2,1,33.3,47.6,2,71.8,0,198,22,0,0,0,95.8,8,0,0,0,1,0,63.7
122551,Kenean Caldwell,DI,0,0,,0,0,,KANSAS,0,D97,0,0,0,8,1,2026,18,,0,0,,0,0,0,0,4,0,61.4,0,0,0,0,KANSAS,0,0,0,0,,0,,60.7,,73.5,0,198,18,0,14,0,0,10,0,0,0,0,0,58.2
122556,Mello Dotson,CB,6,0,2025,0,2,16.7,KANSAS,3,D03,68,12,0,0,1,2025,2,45.8,3,1,62.5,0,0,39,0,0,0,65.2,56,0,0,0,KANSAS,2,0,0,0,3,0,28.6,63.7,3,76.6,0,198,70,1,0,1,39.6,31,0,2,0,0,2,
122576,Jereme Robinson,ED,0,0,2025,0,0,,KANSAS,1,D90,0,0,0,23,1,2025,48,73,0,0,62.3,1,0,2,13,0,0,60.3,0,0,0,0,KANSAS,0,0,1,0,,0,0,59.9,,77.7,0,198,48,0,0,0,0,23,0,0,0,0,35,56.7
122580,Caleb Taylor,DI,0,0,,0,0,,KANSAS,2,D53,0,0,0,22,1,2025,41,72.4,0,0,,0,0,0,3,6,0,66.6,0,0,0,1,KANSAS,2,0,0,0,,0,0,70.7,,76,0,198,41,0,32,0,0,19,2,0,0,0,0,68.7
122591,Tee Denson,S,1,0,,0,0,100,JVILLE ST,0,D07,18,9,0,0,1,2026,0,,13,1,58.1,0,0,14,0,0,0,60,0,0,0,0,JVILLE ST,0,0,0,0,13,6,,60.8,13,73.1,0,196,18,3,0,0,118.8,4,0,0,3,0,0,
122605,Nate Matlack,ED,0,0,2025,0,0,,PITTSBURGH,0,D02,0,0,0,29,1,2025,41,71.5,0,0,,1,0,0,0,0,0,63.8,0,0,0,0,PITTSBURGH,0,0,1,0,,0,0,65.1,,77.4,0,268,41,0,0,0,0,12,0,1,0,0,41,62.8
122619,Cody Stufflebean,ED,0,0,,0,0,,KANSAS ST,1,D47,0,0,0,20,1,2026,35,74.4,0,0,,2,0,0,10,3,0,50.7,0,0,0,0,KANSAS ST,0,0,2,0,,0,0,51.9,,75.8,0,199,35,0,4,0,0,15,0,2,0,0,18,56.8
122628,Trey Amos,CB,1,0,2025,0,0,0,OLE MISS,4,D09,86,5,0,0,1,2025,0,80.7,0,0,71.6,0,0,53,0,0,0,73.5,81,0,0,0,OLE MISS,0,0,0,0,,0,0,73.4,,77.8,0,226,86,0,0,1,39.6,33,0,0,0,0,0,
122662,Korian Wilson,CB,3,0,,0,1,33.3,LA MONROE,3,D02,67,8,0,0,1,2028,0,46.9,19,1,54.7,0,0,25,0,0,0,69.9,59,0,0,0,LA MONROE,0,0,0,0,19,0,25,58.6,19,76.5,0,209,67,16,0,0,56.3,42,0,0,0,0,0,
122674,Tyler Grubbs,LB,4,0,,0,4,75,TULANE,2,D13,51,43,0,2,1,2025,0,24.9,20,3,50.1,1,0,34,0,0,0,51.6,2,0,0,0,TULANE,1,0,1,0,21,6,57.1,46.1,6.7,75.6,0,319,51,10,0,0,85.4,15,1,1,0,0,0,47.8
122687,Keveion'ta Spears,DI,0,0,2026,0,0,,MEMPHIS,0,D40,0,0,0,5,1,2026,8,,0,0,,1,0,0,0,4,0,61.2,0,0,0,0,MEMPHIS,0,0,1,0,,0,,66.9,,71.3,0,218,8,0,4,0,0,3,0,0,0,0,0,66
122690,Cedric Woods,CB,1,0,,0,0,100,LA TECH,2,D11,49,5,0,0,1,2026,1,78.2,7,1,66.4,0,0,16,0,0,0,61.8,44,0,0,0,LA TECH,0,0,0,0,7,0,0,65.9,7,76.5,0,208,50,8,0,0,95.8,34,0,1,0,0,1,
122696,Henry Bryant,DI,0,0,,0,1,,GA STATE,2,D10,0,0,0,12,1,2026,33,35.7,0,0,,1,0,0,0,14,0,51.5,0,0,0,0,GA STATE,2,0,1,0,,0,33.3,54.5,,75.8,0,175,33,0,19,0,0,21,1,0,0,0,0,62.9
122703,Jared Dawson,DI,0,0,,0,0,,LOUISVILLE,0,D93,0,0,1,17,1,2026,32,73.4,0,0,,0,0,0,4,1,0,76.8,0,0,0,0,LOUISVILLE,1,0,1,0,,0,0,73.6,,74.7,0,210,32,0,27,0,0,15,0,2,0,0,0,60.3
122726,Dezmond Tell,DI,0,0,,0,0,,LOUISVILLE,1,D99,0,0,0,20,1,2025,36,70.2,0,0,,2,0,0,2,4,0,51.8,0,0,0,0,LOUISVILLE,0,0,2,0,,0,0,61.3,,75.1,0,210,36,0,30,0,0,16,0,0,0,0,0,71.1
122732,Kam Wilson,ED,0,0,,0,0,,CINCINNATI,1,D15,0,0,0,8,1,2027,14,73.9,0,0,,0,0,0,1,0,0,58.9,0,0,0,0,CINCINNATI,1,0,0,0,,0,0,56.7,,73.8,0,138,14,0,0,0,0,6,0,1,0,0,13,56.1
122747,Devin Goree,ED,0,0,,0,0,,UTEP,0,D32,0,0,0,7,1,2025,8,73,0,0,,2,0,0,0,0,0,60.4,0,0,0,0,UTEP,0,0,2,0,,0,0,62.8,,73.1,0,330,8,0,0,0,0,1,0,1,0,0,8,60.7
122827,Ja'Qurious Conley,S,1,0,2026,0,2,0,CHARLOTTE,4,D06,57,8,0,3,1,2026,12,54.5,0,0,56.1,0,0,31,0,0,0,65.8,0,1,1,0,CHARLOTTE,2,0,1,0,,49,22.2,61.8,,81.9,0,136,69,0,0,0,39.6,35,0,3,0,0,12,73.2
122833,Desmond Evans,ED,0,0,2025,0,1,,N CAROLINA,0,D10,2,2,1,32,1,2025,43,26,0,0,,1,0,0,0,0,0,56.3,0,0,0,0,N CAROLINA,1,0,2,0,,0,100,61.8,,80.2,0,245,45,0,1,0,0,13,0,0,0,0,42,63.4
122837,Tony Grimes,CB,2,0,,0,0,0,UNLV,1,D00,63,11,0,0,1,2026,1,73.1,0,0,62.7,0,0,30,0,0,0,67.6,52,0,1,0,UNLV,1,0,0,0,,0,0,64.7,,76,0,325,64,0,0,1,39.6,34,0,0,0,0,1,
122847,Kaimon Rucker,ED,1,0,2025,0,0,0,N CAROLINA,4,D07,0,0,3,29,1,2025,46,81.1,0,0,92.4,2,1,5,0,0,0,77.1,0,3,1,0,N CAROLINA,6,1,8,0,,0,0,94.4,,0,0,245,46,0,0,0,0,12,1,1,0,0,46,91.3
122903,Aidan Keanaaina,DI,0,0,2026,0,0,,CAL,1,D47,0,0,0,10,1,2026,19,72.1,0,0,60.4,0,0,1,4,3,0,74,0,0,0,0,CAL,1,0,0,0,,0,0,73.2,,72.9,0,130,19,0,12,0,0,8,0,1,0,0,0,61.8
122905,Clarence Lewis,CB,0,0,2025,0,0,,SYRACUSE,0,D03,24,2,0,0,1,2025,1,,0,0,65.7,0,0,12,0,0,0,61.8,20,0,0,0,SYRACUSE,0,0,0,0,,2,,66.1,,74.4,0,304,25,0,0,0,0,13,0,0,0,0,1,
122907,Rylie Mills,DI,0,0,2025,0,1,,NOTRE DAME,0,D99,0,0,0,13,1,2025,41,22.2,0,0,,1,0,0,3,3,0,64.9,0,0,1,0,NOTRE DAME,0,0,1,0,,0,100,60.4,,0,0,258,41,0,35,0,0,28,0,0,0,0,0,63
122914,Xavier Watts,S,1,0,2025,0,2,0,NOTRE DAME,2,D00,57,22,0,0,1,2025,0,51.1,0,0,75.3,0,0,18,0,0,0,52,1,0,0,0,NOTRE DAME,1,0,0,0,,3,28.6,64.8,,76,0,258,57,0,0,1,39.6,39,0,3,31,0,0,
122926,DJ Graham II,CB,3,0,,1,4,33.3,UTAH ST,2,D04,76,37,0,0,1,2026,0,26,15,1,68.2,0,0,36,0,0,0,61.4,38,0,0,0,UTAH ST,1,0,0,0,15,1,57.1,66.6,15,73.9,0,329,76,5,0,0,50.7,40,1,1,0,0,0,
122927,Reggie Grimes II,ED,0,0,,0,0,,MEMPHIS,0,D14,0,0,0,4,1,2026,4,,0,0,,1,0,0,1,0,0,,0,0,0,0,MEMPHIS,0,0,1,0,,0,,71.4,,69,0,218,4,0,1,0,0,0,0,0,0,0,2,70.1
122949,Shane Whitter,LB,3,0,,0,0,100,N TEXAS,4,D07,19,13,0,3,1,2026,44,80.3,26,3,56.8,0,0,14,0,0,0,63.9,1,0,0,0,N TEXAS,2,0,0,0,17,5,0,61.6,8.7,80.9,0,251,63,15,0,0,102.8,46,0,2,0,0,44,58.6
122958,Korie Black,CB,3,0,2025,0,1,66.7,OKLA STATE,1,D02,52,0,0,1,1,2025,1,27.9,46,2,62.2,1,0,20,0,0,0,38.2,49,0,0,0,OKLA STATE,0,0,1,0,33,3,50,53.7,23,77.8,0,262,53,17,0,0,149.3,32,0,0,0,1,1,55.2
122963,Mason Cobb,LB,6,0,,0,0,66.7,USC,7,D13,59,52,0,13,1,2025,27,82.6,45,4,53.9,0,0,40,0,0,0,60.2,0,0,0,0,USC,2,0,0,0,22,7,0,55.9,11.3,79.6,0,326,86,27,0,1,88.9,33,0,1,0,0,27,56.3
122978,Jabbar Muhammad,CB,4,0,2025,0,1,25,OREGON,2,D07,54,3,0,1,1,2025,0,38.8,44,1,66,0,0,31,0,0,0,48.4,48,0,0,0,OREGON,0,0,0,0,44,1,33.3,65,44,75.9,0,264,54,6,0,0,72.9,22,0,0,2,0,0,60
122986,Jeff Roberson,LB,1,0,,0,1,100,OKLA STATE,7,D22,45,41,0,8,1,2026,3,61.2,7,1,57.3,0,0,13,0,0,0,71.8,0,1,0,0,OKLA STATE,4,0,1,0,7,4,12.5,66.7,7,75.4,0,262,48,8,0,0,95.8,27,1,0,0,0,3,61
123003,Rashad Battle,CB,5,0,,0,0,60,PITTSBURGH,6,D15,58,3,0,1,1,2026,2,82,59,3,69.1,0,0,43,0,0,0,65.2,55,0,0,0,PITTSBURGH,1,0,0,0,29,0,0,71.2,19.7,77.1,0,268,60,9,0,2,101.3,16,0,0,0,0,2,66.9
123007,Solomon DeShields,LB,1,0,2025,0,0,0,TEXAS A&M,0,D22,9,9,0,9,1,2025,5,73.2,0,0,60.4,0,0,4,0,0,0,64.5,0,0,0,0,TEXAS A&M,0,0,0,0,,0,0,64.8,,75.2,0,312,14,0,0,0,39.6,1,0,1,0,0,5,58.4
123020,Jahvante Royal,CB,0,0,,0,1,,NEW MEXICO,1,D27,7,4,0,0,1,2026,0,40.9,0,0,71.3,0,0,2,0,0,0,53.5,3,0,0,0,NEW MEXICO,1,0,0,0,,0,50,66.8,,66.7,0,241,7,0,0,0,0,5,0,0,0,0,0,
123032,Justin Barron,LB,4,0,2025,0,1,75,SYRACUSE,8,D08,33,12,0,3,1,2025,8,71.4,17,3,85.5,0,0,19,0,0,0,68.2,2,0,0,0,SYRACUSE,5,0,0,0,8,19,11.1,83.7,5.7,77.4,0,304,41,19,0,0,82.3,19,2,0,0,0,8,66.7
123045,Leon Lowery Jr.,ED,1,0,,0,0,100,WISCONSIN,3,D08,1,1,0,7,1,2026,21,78.6,4,1,73.3,1,0,3,0,0,0,60.8,0,0,0,0,WISCONSIN,2,0,1,0,4,0,0,70.2,4,76.9,0,349,22,6,0,0,83.3,12,0,2,0,0,21,63.3
123055,Stefon Thompson,LB,0,0,,0,0,,NEBRASKA,1,D56,6,3,0,0,1,2026,1,76,0,0,60,0,0,1,0,0,0,63.1,0,0,0,0,NEBRASKA,0,0,0,0,,3,0,64.2,,71.3,0,238,7,0,0,0,0,6,0,1,0,0,1,
123057,Marlowe Wax,LB,0,0,2025,0,0,,SYRACUSE,1,D02,35,35,1,3,1,2025,0,76.3,0,0,64,0,0,16,0,0,0,65,0,0,1,0,SYRACUSE,1,0,1,0,,0,0,62.2,,0,0,304,35,0,0,0,0,16,0,0,0,0,0,66.3
123066,Bud Clark,S,3,0,2026,0,3,100,TCU,8,D21,89,44,0,0,1,2026,0,55.9,20,3,64.8,0,0,46,0,0,0,59.1,2,0,0,0,TCU,1,0,0,0,9,22,25,63.7,6.7,79.1,0,305,89,10,0,0,94.4,43,0,1,20,0,0,
123067,Khari Coleman,LB,2,0,,0,1,100,OLE MISS,5,D23,43,37,0,1,1,2025,0,57.7,24,2,55.5,0,0,28,0,0,0,54,0,0,0,0,OLE MISS,1,0,0,0,15,6,14.3,53.5,12,73.3,0,226,43,33,0,0,116.7,14,0,1,0,0,0,59.2
123089,Jai'Onte' McMillan,CB,3,0,2026,0,0,100,MINNESOTA,2,D24,45,2,0,0,1,2026,0,76.9,21,3,65.4,0,0,33,0,0,0,70,0,0,0,0,MINNESOTA,1,0,0,0,14,42,0,67.4,7,79.3,0,225,45,14,0,0,95.8,12,0,1,1,0,0,
123105,Jahdae Barron,CB,2,0,2025,0,2,50,TEXAS,2,D07,63,11,0,0,1,2025,0,38,19,1,68.5,0,0,36,0,0,0,54.7,45,0,0,0,TEXAS,0,0,0,0,19,4,50,66,19,75.8,0,311,63,11,0,1,83.3,27,0,0,3,0,0,
123107,Vernon Broughton,DI,0,0,2025,0,0,,TEXAS,0,D45,0,0,0,23,1,2025,42,,0,0,,0,0,0,27,4,0,54.8,0,0,1,0,TEXAS,0,0,0,0,,0,,48.7,,0,0,311,42,0,9,0,0,19,0,0,0,0,2,57.7
123110,Alfred Collins,DI,0,0,2025,0,0,,TEXAS,5,D95,0,0,0,19,1,2025,44,78.8,0,0,60.2,2,0,1,26,10,0,86.8,0,0,0,0,TEXAS,2,0,2,0,,0,0,84.2,,75.8,0,311,44,0,7,0,0,24,0,4,0,0,1,63.9
123111,Kitan Crawford,S,2,0,2025,0,0,100,NEVADA,7,D04,63,15,0,0,1,2025,2,87.4,24,2,71.4,0,0,37,0,0,0,73.8,0,0,1,0,NEVADA,4,0,0,0,13,29,0,70.6,12,0,0,239,65,8,0,0,116.7,28,0,2,19,0,2,
123128,Jerrin Thompson,S,2,0,2025,0,1,50,AUBURN,3,D01,49,27,0,0,1,2025,1,59.1,15,1,65.8,0,0,29,0,0,0,58.9,3,0,0,0,AUBURN,1,0,0,0,15,4,16.7,64,15,75.4,0,115,50,20,0,0,75,21,0,2,15,0,1,
123132,Philip Blidi,DI,0,0,2025,0,0,,AUBURN,1,D96,0,0,0,9,1,2025,22,70.8,0,0,,1,0,0,14,0,0,64.6,0,0,0,0,AUBURN,1,0,1,0,,0,0,65.4,,73.6,0,115,22,0,5,0,0,13,0,0,0,0,3,61.6
123152,Joseph Plunk,S,0,0,,0,1,,TEXAS TECH,0,D31,3,2,0,0,1,2025,0,22.2,0,0,50.2,0,0,1,0,0,0,60,0,0,0,0,TEXAS TECH,0,0,0,0,,0,100,48.7,,65.3,0,315,3,0,0,0,0,2,0,0,1,0,0,
123212,Brandon Brown,DI,0,0,,0,0,,UTSA,0,D02,0,0,0,31,1,2025,42,72.2,0,0,,1,0,0,7,17,0,80.9,0,1,0,0,UTSA,0,0,2,0,,0,0,73.6,,76.5,0,331,42,0,16,0,0,11,0,2,0,0,2,60.6
123216,Adonis Friloux,DI,0,0,,0,0,,TULANE,0,D95,0,0,0,20,1,2026,26,,0,0,,0,0,0,0,21,0,62.5,0,0,0,0,TULANE,0,0,0,0,,0,,58.8,,76.4,0,319,26,0,5,0,0,6,0,0,0,0,0,55.6
123221,Shi'Keem Laister,ED,0,0,,0,0,,TULANE,0,D26,1,0,0,4,1,2025,8,,0,0,60.8,0,0,2,0,0,0,52.6,0,0,0,0,TULANE,0,0,0,0,,1,,44.9,,74.1,0,319,9,0,0,0,0,3,0,0,0,0,8,56.5
123227,Reggie Neely,CB,4,0,,0,1,50,S ALABAMA,2,D12,56,1,0,0,1,2025,2,37.7,53,2,56.6,0,0,26,0,0,0,52.4,55,0,0,0,S ALABAMA,0,0,0,0,44,0,33.3,55.3,26.5,77.6,0,288,58,-1,0,1,95.8,32,0,0,0,0,2,
123252,Malachai Jones,S,1,0,,0,0,0,TULSA,1,D06,18,7,0,0,1,2025,0,76.2,0,0,72,0,0,11,0,0,0,62.1,0,0,0,0,TULSA,0,0,0,0,,2,0,71.3,,70.7,0,320,18,0,0,0,39.6,7,0,0,9,0,0,
123287,Tramel Logan,ED,0,0,,0,0,,LOUISVILLE,0,D19,0,0,0,2,1,2025,2,,0,0,,0,0,0,0,0,0,,0,0,0,0,LOUISVILLE,0,0,0,0,,0,,57.1,,68.1,0,210,2,0,0,0,0,0,0,0,0,0,2,57
123320,Jamal Ligon,LB,1,0,,1,0,100,UTSA,4,D00,34,33,2,21,1,2025,22,81.1,3,1,71.3,0,0,18,0,0,1,64.7,0,1,0,0,UTSA,4,0,3,0,3,1,0,79.5,3,77.3,0,331,56,0,0,0,79.2,17,0,1,0,0,22,79.9
123332,Asyrus Simon,ED,0,0,,0,0,,UTSA,1,D17,0,0,1,22,1,2025,33,75.4,0,0,60,0,0,0,19,0,0,70.2,0,0,1,0,UTSA,2,0,1,0,,0,0,67.4,,0,0,331,33,0,7,0,0,11,0,1,0,0,7,62.4
123335,Donyai Taylor,LB,4,0,,0,1,50,UTSA,1,D07,49,21,0,6,1,2025,7,46.1,73,2,73.1,2,0,37,0,0,0,68.5,0,0,1,0,UTSA,0,0,2,0,74,28,25,68.5,36.5,0,0,331,56,66,0,0,135.4,13,0,2,0,1,7,55.6
123343,Alec Bryant,ED,1,0,,0,0,100,ILLINOIS,0,D03,0,0,0,3,1,2026,12,,19,1,49.3,0,0,4,0,0,0,60.5,0,0,0,0,ILLINOIS,0,0,0,0,19,0,,50.8,19,74.7,0,187,12,17,0,0,118.8,5,0,0,0,0,12,58.6
123352,Keonta Jenkins,S,2,0,2025,0,1,100,VA TECH,7,D07,54,23,0,3,1,2025,8,64,28,2,63.2,1,0,36,0,0,0,88.8,0,0,0,0,VA TECH,6,0,1,0,24,31,11.1,74.7,14,77,0,337,62,7,0,0,118.8,23,2,1,0,0,8,70
123360,Wilfried Pene,DI,0,0,2025,0,0,,VA TECH,4,D91,0,0,1,35,1,2025,47,75.3,0,0,60,3,0,0,0,3,0,66.1,0,0,0,1,VA TECH,5,0,4,0,,0,0,68.5,,76.4,0,337,47,0,43,0,0,12,0,0,0,0,1,65.1
123366,Dorian Strong,CB,4,0,2025,0,0,0,VA TECH,1,D44,72,1,0,1,1,2025,0,74.2,0,0,65.7,0,0,46,0,0,0,66.6,65,0,0,0,VA TECH,0,0,0,0,,6,0,66.4,,77.8,0,337,72,0,0,0,39.6,25,0,0,0,0,0,60
123370,Nick Andersen,S,3,0,2026,0,0,33.3,WAKE,3,D45,70,16,0,0,1,2026,1,84.4,3,1,88.9,0,1,51,0,0,1,62.8,0,0,0,0,WAKE,1,0,0,0,3,1,0,88.2,3,78.5,0,339,71,0,0,1,2.8,20,0,3,53,0,1,
123382,Jasheen Davis,ED,0,0,2025,0,1,,WAKE,1,D30,0,0,1,43,1,2025,59,40.9,0,0,64.9,1,0,1,20,0,0,54,0,1,1,0,WAKE,0,0,3,0,,0,25,61.8,,0,0,339,59,0,0,0,0,15,0,2,0,0,39,65.5
123389,Gavin Holmes,CB,0,0,2025,0,0,,TEXAS,0,D09,1,0,0,0,1,2025,0,,0,0,60,0,0,1,0,0,0,,1,0,0,0,TEXAS,0,0,0,0,,0,,60.2,,63.5,0,311,1,0,0,0,0,0,0,0,0,0,0,
123405,Kendron Wayman,ED,0,0,,0,0,,WAKE,0,D05,3,2,0,19,1,2025,35,75.2,0,0,63,3,0,3,3,0,0,65.3,0,0,0,0,WAKE,0,0,3,0,,1,0,69.5,,78.6,0,339,38,0,0,0,0,16,0,2,0,0,32,67.1
123411,Lanell Carr,ED,2,0,,0,3,100,INDIANA,1,D41,0,0,0,14,1,2025,38,24.2,0,2,65.3,0,0,6,0,0,0,45.1,0,0,0,0,INDIANA,1,0,0,0,1,0,60,53,0,77.6,0,190,38,11,0,0,79.2,18,1,1,0,0,38,54
123423,Sean Martin,ED,0,0,,0,1,,W VIRGINIA,0,D05,1,1,0,32,1,2025,45,24.2,0,0,,3,0,0,26,0,0,52.4,0,0,0,0,W VIRGINIA,0,0,3,0,,0,50,53.1,,76.1,0,343,46,0,13,0,0,14,0,1,0,0,6,56
123427,Akheem Mesidor,ED,0,0,2026,0,0,,MIAMI FL,2,D03,0,0,1,21,1,2026,31,74.5,0,0,60.4,0,0,1,15,5,0,51.9,0,0,0,0,MIAMI FL,1,0,1,0,,0,0,57.1,,75.3,0,220,31,0,5,0,0,9,0,0,0,0,6,60
123429,Daryl Porter Jr.,CB,6,0,2025,0,1,50,MIAMI FL,2,D02,48,0,0,1,1,2025,2,37.2,22,3,58.4,0,0,40,0,0,0,65.4,1,0,0,0,MIAMI FL,1,0,0,0,9,47,33.3,59.7,7.3,79.8,0,220,50,22,0,0,59,9,0,0,0,0,2,60
123485,Quincy Ledet Jr.,DI,0,0,,0,1,,TEXAS TECH,1,D05,0,0,0,17,1,2025,31,27.8,0,0,,0,0,0,8,3,0,60.1,0,0,0,0,TEXAS TECH,1,0,0,0,,0,50,58.1,,74.5,0,315,31,0,20,0,0,14,1,0,0,0,0,55.8
123541,Cam Horsley,DI,0,0,2025,0,1,,BOSTON COL,0,D96,0,0,0,33,1,2025,58,22,0,0,59.3,1,0,1,0,41,0,60.8,0,0,0,0,BOSTON COL,0,0,1,0,,0,50,60.7,,79.2,0,121,58,0,17,0,0,24,0,1,0,0,0,61
123572,De'Arre McDonald,CB,0,0,,0,1,,MIDDLE TN,1,D02,28,2,0,0,1,2026,0,27.9,0,0,62.4,0,0,3,0,0,0,51.6,26,0,0,0,MIDDLE TN,0,0,0,0,,0,50,57.3,,73.9,0,224,28,0,0,0,0,25,0,0,0,0,0,
123574,Sterling Miles,ED,0,0,,0,0,,E MICHIGAN,0,D56,0,0,0,7,1,2027,11,,0,0,,0,0,0,0,0,0,60.2,0,0,1,0,E MICHIGAN,0,0,0,0,,0,,43.9,,0,0,160,11,0,0,0,0,4,0,0,0,0,11,55.6
123645,Jamal Potts,S,1,0,,0,0,100,FIU,4,D07,46,11,0,3,1,2025,18,80.9,8,1,66.7,0,0,23,0,0,0,70.9,0,0,0,0,FIU,2,0,0,0,8,35,0,69.7,8,81.8,0,166,64,13,0,0,100,38,0,1,0,0,18,58.7
123676,Chidozie Nwankwo,DI,0,0,,0,1,,COLORADO,1,D97,0,0,0,18,1,2026,39,22.3,0,0,,0,0,0,0,13,0,52.2,0,0,0,0,COLORADO,0,0,0,0,,0,50,52.2,,77.2,0,143,39,0,26,0,0,21,0,0,0,0,0,55.7
123708,T.J. Jackson Jr.,ED,0,0,2025,0,0,,W VIRGINIA,6,D11,0,0,1,30,1,2025,44,76.6,0,0,60,2,0,0,17,11,0,85.9,0,0,0,0,W VIRGINIA,7,0,3,0,,0,0,75.8,,77,0,343,44,0,2,0,0,14,1,0,0,0,14,57.8
123725,Terry Thomas,LB,0,0,,0,1,,TROY,0,D06,13,13,0,1,1,2026,0,20.1,0,0,50.2,0,0,6,0,0,0,64.8,0,0,0,0,TROY,0,0,0,0,,0,100,52.5,,70.7,0,318,13,0,0,0,0,6,0,0,0,0,0,59.5
123730,Cam Williams,ED,0,0,,0,0,,GA STATE,1,D19,0,0,0,4,1,2026,12,72.2,0,0,60,0,0,1,0,0,0,60.2,0,0,0,0,GA STATE,1,0,0,0,,0,0,59,,74.9,0,175,12,0,0,0,0,7,0,0,0,0,12,56.9
123735,Quadric Bullard,S,1,0,,0,2,100,UCF,6,D10,70,53,0,0,1,2025,0,26.1,62,1,30.6,0,0,29,0,0,0,59.1,1,0,1,0,UCF,4,0,0,0,62,6,25,38.1,62,75.5,0,323,70,43,0,0,158.3,41,0,0,9,1,0,
123745,Jaiden Francois,S,6,0,,0,0,66.7,UTAH ST,3,D02,44,13,0,4,1,2026,2,79.3,40,4,51.8,0,0,18,0,0,0,46.3,0,0,0,0,UTAH ST,0,0,0,0,20,31,0,48,10,76.8,0,329,46,50,0,0,85.4,24,0,0,0,0,2,55.8
123748,Justin Hodges,CB,2,0,,0,0,50,ARK STATE,3,D00,34,10,0,0,1,2025,0,79,36,1,63.3,0,0,19,0,0,0,57.6,24,0,0,0,ARK STATE,0,0,0,0,36,0,0,62.1,36,72.6,0,113,34,19,0,0,95.8,15,0,1,0,0,0,
123763,Corey Thornton,CB,3,0,2025,0,0,66.7,LOUISVILLE,0,D14,56,5,0,0,1,2025,0,,6,2,67.8,0,0,32,0,0,0,64.4,48,0,0,0,LOUISVILLE,0,0,0,0,4,3,,68.2,3,76.1,0,210,56,4,0,0,109.7,24,0,0,0,1,0,
123770,Jahmeer Carter,DI,0,0,2026,0,1,,VIRGINIA,0,D90,0,0,0,21,1,2026,50,36.2,0,0,,0,0,0,10,5,0,58.7,0,0,0,0,VIRGINIA,0,0,0,0,,0,33.3,59.2,,76.4,0,335,50,0,35,0,0,29,0,2,0,0,0,59.1
123785,Nusi Malani,ED,1,0,,0,1,100,WASH STATE,1,D15,0,0,1,13,1,2025,23,28.7,13,1,35.1,1,0,2,0,0,0,62.6,0,0,0,0,WASH STATE,1,0,2,0,13,0,50,47.4,13,76,0,341,23,11,0,0,118.8,8,0,0,0,0,23,65.1
123817,Teylor Jackson,LB,0,0,,0,0,,LIBERTY,1,D06,13,13,0,1,1,2025,1,76.3,0,0,61.9,0,0,5,0,0,0,63.2,0,0,0,0,LIBERTY,0,0,0,0,,0,0,64.3,,72.4,0,206,14,0,0,0,0,8,0,1,0,0,1,59.9
123819,D'Anta Johnson,DI,0,0,,0,1,,E CAROLINA,2,D56,0,0,1,18,1,2025,35,53.7,0,0,60.2,3,0,1,2,23,0,70.8,0,0,1,0,E CAROLINA,2,0,4,0,,0,20,65.3,,0,0,156,35,0,10,0,0,16,0,2,0,0,0,64
123827,Elijah Morris,DI,0,0,,0,0,,E CAROLINA,1,D90,0,0,1,23,1,2025,40,74.4,0,0,,2,0,0,14,0,0,73.8,0,0,0,0,E CAROLINA,1,0,3,0,,0,0,71.9,,75.2,0,156,40,0,25,0,0,17,0,1,0,0,1,62.6
123830,Elijah Robinson,ED,0,0,,0,1,,HAWAII,2,D00,0,0,1,23,1,2026,43,58,0,0,60.5,2,0,2,1,0,0,73.8,0,0,0,0,HAWAII,2,0,3,0,,0,25,70.6,,79.3,0,180,43,0,0,0,0,18,0,1,0,0,42,61.8
123842,Suirad Ware,DI,0,0,,0,0,,E CAROLINA,3,D53,0,0,0,9,1,2025,20,75.6,0,0,60,0,0,0,4,0,0,82.8,0,0,1,0,E CAROLINA,3,0,0,0,,0,0,70.9,,0,0,156,20,0,15,0,0,11,1,2,0,0,1,56
123845,Justin Abraham,LB,0,0,,0,0,,GA STATE,0,D48,1,1,0,0,1,2025,0,,0,0,,0,0,0,0,0,0,60,0,0,0,0,GA STATE,0,0,0,0,,0,,61,,64.2,0,175,1,0,0,0,0,1,0,0,0,0,0,
123873,Kendy Charles,DI,0,0,,0,0,,DUKE,6,D91,0,0,0,22,1,2025,58,77.2,0,0,,0,0,0,0,3,0,79.7,0,0,0,0,DUKE,4,0,0,0,,0,0,77.1,,76.9,0,154,58,0,55,0,0,36,0,2,0,0,0,59.8
123883,Jerome Jolly Jr.,LB,1,0,,0,1,100,LIBERTY,3,D00,36,33,0,0,1,2025,2,64.6,12,1,57.4,0,0,13,0,0,0,70,0,0,0,0,LIBERTY,2,0,0,0,12,1,16.7,65.8,12,72.6,0,206,38,6,0,0,116.7,25,1,2,2,0,2,
123890,Quinton Reese,S,2,0,,0,0,100,LIBERTY,1,D16,44,22,0,0,1,2025,1,80.9,10,2,57.9,0,0,13,0,0,0,58.8,1,0,0,0,LIBERTY,1,0,0,0,12,1,0,58.3,5,74.3,0,206,45,16,0,0,87.5,32,0,3,20,0,1,
123896,Aakil Washington,ED,0,0,,0,0,,S ALABAMA,3,D10,2,2,1,14,1,2027,35,80.8,0,0,61.1,0,0,4,1,0,0,80,0,0,0,0,S ALABAMA,2,0,1,0,,0,0,77.9,,79.4,0,288,37,0,0,0,0,19,0,3,0,0,34,64.8
123924,Jah-Marien Latham,ED,1,0,,0,0,100,ALABAMA,2,D20,0,0,0,5,1,2027,22,77.6,6,1,60.9,0,0,3,5,0,0,76.6,0,0,0,0,ALABAMA,2,0,0,0,6,0,0,77.3,6,75.4,0,103,22,8,2,0,91.7,14,1,2,0,0,15,64.9
123928,Malachi Moore,S,2,0,2025,0,0,50,ALABAMA,3,D13,50,8,0,0,1,2025,1,83.4,0,1,81.8,0,1,25,0,0,0,70,0,0,0,0,ALABAMA,1,0,0,0,0,7,0,79.9,0,76.7,0,103,51,4,0,1,16.7,26,0,1,35,0,1,
123932,Quandarrius Robinson,ED,0,0,2025,0,0,,ALABAMA,2,D34,5,5,0,12,1,2025,22,75.2,0,0,61.5,1,0,3,0,0,0,70.6,0,2,0,0,ALABAMA,2,0,3,0,,0,0,79.6,,78.1,0,103,27,0,0,0,0,12,1,0,0,0,22,79
123935,Tim Smith,DI,0,0,2025,0,1,,ALABAMA,2,D50,0,0,0,8,1,2025,22,38,0,0,,1,0,0,3,0,0,58.4,0,0,0,0,ALABAMA,1,0,1,0,,0,33.3,60.8,,73.5,0,103,22,0,16,0,0,14,0,0,0,0,3,64.2
123937,Kristian Story,S,0,0,,0,0,,KENTUCKY,3,D04,37,15,0,0,1,2025,0,83.1,0,0,65.5,0,0,19,0,0,0,71,0,0,0,0,KENTUCKY,0,0,0,0,,4,0,69.6,,73.5,0,202,37,0,0,0,0,18,0,3,18,0,0,
123958,Khari Johnson,CB,3,0,,0,0,66.7,BOSTON COL,1,D03,10,0,0,0,1,2025,0,74.8,32,2,41.9,0,0,8,0,0,0,60,0,0,0,0,BOSTON COL,0,0,0,0,16,10,0,41.2,16,73.6,0,121,10,9,0,0,102.1,2,0,0,0,0,0,
123967,Blayne Toll,ED,0,0,,0,0,,ARK STATE,1,D17,0,0,0,4,1,2025,11,71.1,0,0,,0,0,0,5,2,0,55.1,0,0,1,0,ARK STATE,0,0,0,0,,0,0,42.3,,0,0,113,11,0,2,0,0,7,0,0,0,0,2,58.1
123973,Jackson Woodard,LB,6,0,2025,0,2,66.7,UNLV,12,D07,76,76,0,6,1,2025,1,62.8,74,4,37.6,0,0,31,0,0,0,91.4,0,0,0,0,UNLV,8,0,0,0,37,0,11.8,68.7,18.5,77.4,0,325,77,24,0,0,109,40,1,3,0,0,1,52.8
123977,Dre Butler,DI,0,0,,0,1,,CHARLOTTE,2,D91,0,0,1,12,1,2026,29,55.1,0,0,61.7,1,0,1,7,0,0,74.7,0,0,0,0,CHARLOTTE,3,0,2,0,,0,20,73.9,,74.1,0,136,29,0,20,0,0,16,0,2,0,0,2,59.2
123987,Jay Hardy,DI,0,0,,0,0,,LIBERTY,1,D04,0,0,0,1,1,2026,4,70.8,0,0,,0,0,0,2,0,0,49.4,0,0,0,0,LIBERTY,0,0,0,0,,0,0,41.9,,68.4,0,206,4,0,2,0,0,3,0,0,0,0,0,60
123988,Romello Height,ED,0,0,2026,1,0,,GA TECH,2,D09,0,0,2,17,1,2026,30,78.9,0,0,60.4,3,0,2,1,0,0,56.4,0,1,0,1,GA TECH,4,0,6,0,,0,0,91.5,,78.3,0,176,30,0,0,0,0,11,0,1,0,0,29,93.7
123998,JJ Pegues,DI,0,0,2025,0,1,,OLE MISS,2,D38,0,0,2,33,1,2025,50,55.3,0,0,63.7,2,0,0,10,5,0,65.6,0,1,2,0,OLE MISS,4,0,5,0,,0,25,63.5,,0,0,226,50,0,22,0,0,17,1,1,0,0,13,65.4
124001,Cam Riley,LB,1,0,2025,0,2,100,FLORIDA ST,1,D18,35,32,0,5,1,2025,5,39,7,1,56.1,0,0,10,0,0,0,43.3,0,0,0,0,FLORIDA ST,0,0,0,0,7,3,33.3,44.8,7,74.7,0,167,40,3,0,0,135.4,25,0,3,0,1,5,57.4
124003,Wesley Steiner,LB,0,0,2025,0,0,,WASH STATE,0,D43,1,0,0,1,1,2025,0,,0,0,,0,0,0,0,0,0,,0,0,0,0,WASH STATE,0,0,0,0,,0,,60,,60,0,341,1,0,0,0,0,0,0,0,0,0,0,60
124005,Chris Thompson Jr.,LB,3,0,,0,1,33.3,TULSA,1,D22,44,44,0,3,1,2027,1,43.1,12,1,51.5,0,0,22,0,0,0,72,0,0,0,0,TULSA,1,0,0,0,12,0,25,60.2,12,73.2,0,320,45,18,0,0,46.5,20,1,2,0,0,1,55.4
124007,Zykeivous Walker,ED,0,0,,0,0,,AUBURN,1,D91,0,0,0,4,1,2026,8,71.5,0,0,,0,0,0,2,0,0,75.2,0,0,0,0,AUBURN,1,0,0,0,,0,0,75.2,,71.1,0,115,8,0,0,0,0,4,0,0,0,0,6,57
124016,Major Burns,S,2,0,2025,0,2,0,LSU,2,D08,54,31,0,4,1,2025,15,25.2,0,0,59.9,0,0,23,0,0,0,48.6,0,1,0,0,LSU,2,0,1,0,,23,50,55.1,,78.7,0,211,69,0,0,0,39.6,42,0,0,0,0,15,65.2
124018,Jehlen Cannady,S,2,0,,0,0,0,TULSA,2,D02,57,12,0,2,1,2026,2,76.8,0,0,65.1,0,0,33,0,0,0,64.1,0,0,0,0,TULSA,0,0,0,0,,44,0,65.4,,78.7,0,320,59,0,0,0,39.6,24,0,0,1,0,2,59
124026,Jalen Kimber,CB,7,0,2025,0,0,14.3,PENN STATE,0,D03,49,0,0,0,1,2025,0,73.5,8,1,62,0,0,36,0,0,0,43.7,48,0,0,0,PENN STATE,0,0,0,0,8,0,,58.9,8,76.1,0,266,49,1,0,0,39.6,13,0,0,0,0,0,
124038,M.J. Sherman,ED,0,0,,0,0,,NEBRASKA,1,D48,1,1,1,13,1,2025,31,75.2,0,0,60,1,0,1,0,0,0,69.8,0,0,0,0,NEBRASKA,2,0,2,0,,0,0,77,,78.9,0,238,32,0,0,0,0,18,1,0,0,0,31,73
124041,Patrick Taylor,S,0,0,,0,0,,JVILLE ST,0,D09,9,5,0,0,1,2026,0,,0,0,64.2,0,0,8,0,0,0,60,0,0,0,0,JVILLE ST,0,0,0,0,,2,,64.2,,70.2,0,196,9,0,0,0,0,1,0,0,2,0,0,
124066,Rickey Hyatt Jr.,LB,0,0,,0,0,,S ALABAMA,0,D03,7,2,0,2,1,2026,4,,0,0,61.5,0,0,3,0,0,0,61.7,0,0,0,0,S ALABAMA,0,0,0,0,,4,,62.6,,73.6,0,288,11,0,0,0,0,6,0,0,0,0,4,59.7
124067,D'Eryk Jackson,LB,1,0,2025,0,0,100,KENTUCKY,2,D54,28,28,0,5,1,2025,1,76.4,8,1,65.2,0,0,15,0,0,0,60.3,0,0,0,0,KENTUCKY,0,0,0,0,8,0,0,63.1,8,72.5,0,202,29,11,0,0,100,9,0,0,0,0,1,56.2
124073,Octavious Oxendine,ED,0,0,,0,0,,KENTUCKY,2,D08,0,0,0,19,1,2025,35,73,0,0,,2,0,0,16,0,0,53.8,0,0,0,0,KENTUCKY,2,0,2,0,,0,0,55.4,,75.3,0,202,35,0,5,0,0,16,1,0,0,0,14,59
124077,Tre'vonn Rybka,ED,0,0,2025,0,0,,KENTUCKY,2,D90,0,0,0,20,1,2025,45,73.9,0,0,60,0,0,0,17,0,0,38.7,0,0,0,0,KENTUCKY,2,0,0,0,,0,0,44.2,,76,0,202,45,0,14,0,0,25,0,1,0,0,14,59.4
124119,Josh White,LB,0,0,,0,0,,BAYLOR,0,D44,1,1,0,0,1,2025,0,73.6,0,0,,0,0,0,0,0,0,61.1,0,0,0,0,BAYLOR,0,0,0,0,,0,0,65.4,,64.1,0,118,1,0,0,0,0,1,0,1,0,0,0,
124130,Demon Clowney,ED,0,0,,0,0,,CHARLOTTE,1,D03,0,0,1,16,1,2026,30,77,0,0,60.4,1,0,2,0,0,0,70.3,0,0,1,0,CHARLOTTE,2,0,2,0,,0,0,66.3,,0,0,136,30,0,0,0,0,12,1,1,0,0,30,67.3
124137,Austin Keys,LB,1,0,2025,0,0,100,AUBURN,0,D06,20,20,0,3,1,2025,5,75.8,0,1,62.8,0,0,13,0,0,0,69.3,0,1,0,0,AUBURN,0,0,1,0,0,0,0,71.1,0,73.8,0,115,25,2,0,0,79.2,9,0,2,0,0,5,67.2
124157,Jevon Banks,ED,0,0,,0,0,,UCONN,1,D92,0,0,0,10,1,2026,24,74.6,0,0,61,0,0,0,13,0,0,57.2,0,0,0,0,UCONN,1,0,0,0,,0,0,62.2,,73.6,0,146,24,0,9,0,0,14,0,2,0,0,2,55.8
124221,Johnny Walker Jr.,ED,1,0,2025,0,0,100,MISSOURI,1,D15,1,0,2,19,1,2025,41,77,23,1,52.1,1,0,2,0,0,0,65.4,0,0,0,0,MISSOURI,3,0,3,0,23,1,0,64,23,79.3,0,229,42,11,0,0,118.8,21,0,1,0,0,41,66.7
124240,Joey Hunter,CB,4,0,,0,1,50,AKRON,1,D06,22,1,0,0,1,2027,0,27.9,79,2,68.5,0,0,15,0,0,0,60.8,19,0,0,0,AKRON,0,0,0,0,79,2,50,68.9,39.5,73.8,0,102,22,77,0,1,95.8,7,0,0,0,0,0,
124255,Makius Scott,DI,0,0,,0,0,,GA TECH,0,D08,0,0,0,10,1,2025,20,,0,0,,0,0,0,1,0,0,61.2,0,0,0,0,GA TECH,0,0,0,0,,0,,59.1,,73,0,176,20,0,19,0,0,10,0,0,0,0,0,56.3
124268,Tyler Baron,ED,0,0,2025,0,0,,MIAMI FL,2,D09,4,4,2,16,1,2025,28,78.3,0,0,63.3,2,0,7,1,0,0,68.7,0,2,1,0,MIAMI FL,1,0,6,0,,0,0,72.9,,0,0,220,32,0,0,0,0,9,0,0,0,0,27,77.2
124277,Martavius French,LB,1,0,,0,1,100,UTSA,5,D05,59,58,0,3,1,2026,0,63.7,24,1,70.5,0,0,37,0,0,0,77.1,0,1,0,0,UTSA,4,0,1,0,24,1,11.1,75,24,75.2,0,331,59,10,0,0,118.8,19,2,3,0,0,0,56.1
124285,Morven Joseph,LB,0,0,,0,0,,JVILLE ST,0,D19,10,5,0,8,1,2027,10,,0,0,64,1,0,6,0,0,0,64.6,0,0,0,0,JVILLE ST,0,0,1,0,,5,,69.1,,74.8,0,196,20,0,0,0,0,6,0,0,0,0,10,64.5
124290,Tamarion McDonald,S,1,0,,0,0,0,LOUISVILLE,2,D12,58,24,0,0,1,2025,0,83.1,0,0,56.5,0,0,33,0,0,0,70.1,2,0,0,0,LOUISVILLE,0,0,0,0,,9,0,61.3,,76.2,0,210,58,0,0,0,39.6,25,0,2,23,0,0,
124297,Doneiko Slaughter,CB,5,0,2025,0,0,60,ARKANSAS,5,D03,64,5,0,2,1,2025,6,81.4,77,3,60.2,0,0,39,0,0,0,47.5,1,0,0,0,ARKANSAS,0,0,0,0,54,58,0,56.9,25.7,81.5,0,111,70,60,0,0,143.8,29,0,0,0,1,6,55.6
124314,Fadil Diggs,ED,0,0,2025,0,0,,SYRACUSE,0,D10,1,1,0,20,1,2025,37,73,0,0,,1,0,0,13,0,0,53.4,0,0,0,0,SYRACUSE,0,0,1,0,,0,0,51.4,,76.8,0,304,38,0,0,0,0,18,0,1,0,0,24,53.3
124315,Antonio Doyle Jr.,ED,1,0,,0,1,100,UNLV,1,D02,6,6,0,30,1,2026,71,58.4,13,1,50.7,2,0,7,0,0,0,70.6,0,0,0,1,UNLV,1,0,2,0,13,0,20,65.3,13,82.3,0,325,77,10,0,0,118.8,40,1,3,0,0,71,63.7
124340,Isaiah Raikes,DI,0,0,2025,0,0,,AUBURN,2,D22,0,0,0,10,1,2025,18,72.4,0,0,,1,0,0,1,11,0,74.7,0,0,0,0,AUBURN,1,0,1,0,,0,0,75.7,,74,0,115,18,0,6,0,0,8,0,0,0,0,0,63.7
124345,Ethan Barr,LB,0,0,,0,1,,UCF,3,D32,44,43,0,1,1,2025,0,58.2,0,0,65.2,0,0,14,0,0,0,59.9,0,0,0,0,UCF,0,0,0,0,,1,14.3,62.9,,74.1,0,323,44,0,0,0,0,29,0,3,0,0,0,59.4
124367,De'Rickey Wright,S,5,0,,0,1,80,VANDERBILT,4,D19,64,16,0,1,1,2025,0,66.2,17,4,68.6,0,0,35,0,0,0,61.5,0,0,0,0,VANDERBILT,2,0,0,0,7,3,12.5,67.2,4.3,77.4,0,333,64,30,0,0,80.8,28,0,3,45,0,0,60
124383,Tre'Vez Johnson,S,0,0,,0,2,,MISSOURI,1,D04,25,7,0,0,1,2025,2,24.5,0,0,58.9,0,0,14,0,0,0,53.5,0,0,0,0,MISSOURI,0,0,0,0,,10,66.7,56.6,,76.8,0,229,27,0,0,0,0,13,0,0,8,0,2,
124387,Mordecai McDaniel,S,2,0,,0,1,50,CHARLOTTE,11,D32,57,26,0,0,1,2026,6,77.7,5,1,81.6,0,0,32,0,0,0,67.3,0,0,0,0,CHARLOTTE,3,0,0,0,5,1,6.3,78.1,5,78.7,0,136,63,11,0,1,56.3,31,0,4,30,0,6,
124392,Antwaun Powell-Ryland,ED,0,0,2025,0,0,,VA TECH,3,D52,5,5,0,41,1,2025,60,76.7,0,0,,2,0,0,0,0,0,72.7,0,2,0,0,VA TECH,3,0,4,0,,0,0,72.5,,80.1,0,337,65,0,0,0,0,24,0,0,0,0,60,66
124398,Princely Umanmielen,ED,0,0,2025,0,1,,OLE MISS,1,D01,3,1,2,25,1,2025,41,54,0,0,63.5,5,0,5,0,0,0,61.2,0,1,0,0,OLE MISS,3,0,8,0,,2,50,74.9,,80.3,0,226,44,0,0,0,0,14,0,0,0,0,41,76
124654,James Williams,ED,0,0,,0,0,,NEBRASKA,0,D90,0,0,0,5,1,2027,7,,0,0,,0,0,0,1,0,0,60,0,0,0,0,NEBRASKA,0,0,0,0,,0,,56.2,,72.3,0,238,7,0,0,0,0,2,0,0,0,0,6,55.4
124724,Jayden Jones,ED,0,0,,0,0,,ARK STATE,1,D22,0,0,0,27,1,2026,58,74.9,0,0,,3,0,0,7,0,0,60.4,0,0,0,0,ARK STATE,0,0,3,0,,0,0,64,,78.2,0,113,58,0,5,0,0,31,0,2,0,0,46,65.2
124782,Jack Tchienchou,S,4,0,,0,1,75,TULANE,8,D29,54,12,0,0,1,2028,0,68.1,25,3,46.5,0,0,43,0,0,0,61.2,0,0,0,0,TULANE,3,0,0,0,16,16,11.1,48.6,8.3,79.5,0,319,54,13,0,0,90.6,11,0,0,26,0,0,
124924,Juandarion Silas,ED,1,0,,0,0,0,KENNESAW,0,D49,9,3,0,11,1,2027,32,72.2,0,0,51.9,0,0,11,0,0,0,62.7,0,0,0,0,KENNESAW,0,0,0,0,,6,0,57.3,,80.1,0,200,41,0,0,0,39.6,19,0,1,0,0,32,60.7
125273,Michael Mack II,CB,0,0,,0,0,,OHIO,1,D12,14,0,0,0,1,2026,0,74.2,0,0,71.6,0,0,6,0,0,0,60,14,0,0,0,OHIO,1,0,0,0,,0,0,72.4,,72.2,0,259,14,0,0,0,0,8,0,0,0,0,0,
125305,Marques Sigle,S,0,0,2025,0,1,,KANSAS ST,3,D21,66,24,0,1,1,2025,0,67.9,0,0,76.2,0,1,37,0,0,0,71.9,1,0,0,0,KANSAS ST,2,0,0,0,,39,20,75.8,,78.5,0,199,66,0,0,0,0,28,0,1,2,0,0,59.2
125335,Demerick Morris,DI,0,0,,0,0,,TEMPLE,1,D09,0,0,0,12,1,2026,24,72.4,0,0,,0,0,0,0,0,0,64.1,0,0,0,0,TEMPLE,1,0,0,0,,0,0,62.1,,74,0,306,24,0,24,0,0,12,0,1,0,0,0,56.5
125344,Darian Varner,ED,0,0,,0,0,,CINCINNATI,0,D24,0,0,0,10,1,2025,16,,0,0,,0,0,0,4,0,0,69.4,0,0,0,0,CINCINNATI,0,0,0,0,,0,,64.6,,73.8,0,138,16,0,0,0,0,6,0,0,0,0,12,55.1
125348,Kobe Wilson,LB,2,0,,0,1,50,SMU,4,D24,64,57,0,8,1,2025,2,63.6,6,1,70.2,1,0,36,0,0,0,68.1,0,0,0,0,SMU,2,0,1,0,6,7,11.1,70.6,6,76.2,0,287,66,11,0,0,56.3,22,0,4,0,0,2,57.7
125349,D.J. Woodbury,LB,2,0,,0,1,100,TEMPLE,3,D00,44,39,0,2,1,2025,2,50.3,56,2,62.7,0,0,25,0,0,0,47.3,0,0,0,0,TEMPLE,2,0,0,0,56,5,20,56,28,74.9,0,306,46,11,0,0,118.8,19,0,1,0,0,2,59.5
125377,J-Rock Swain,ED,0,0,,0,2,,JVILLE ST,0,D30,0,0,0,35,1,2025,47,21.5,0,0,,1,0,0,18,0,0,61.8,0,0,1,0,JVILLE ST,0,0,1,0,,0,100,55.6,,0,0,196,47,0,6,0,0,12,0,0,0,0,23,59.1
126263,James Stewart,ED,0,0,,0,1,,MIDDLE TN,3,D49,0,0,0,7,1,2026,26,78.3,0,0,60.9,0,0,1,0,0,0,71.3,0,0,0,0,MIDDLE TN,3,0,0,0,,0,25,73.5,,77.6,0,224,26,0,0,0,0,18,0,0,0,0,26,64.9
126328,Mo Horn,CB,2,0,,0,0,50,TEXAS TECH,1,D04,7,1,0,0,1,2027,0,76.2,13,1,53.8,0,0,4,0,0,0,62,6,0,0,0,TEXAS TECH,0,0,0,0,13,0,0,55.9,13,69.8,0,315,7,0,0,0,70.8,3,0,1,0,0,0,
126465,Langston Patterson,LB,3,0,2026,0,2,100,VANDERBILT,3,D10,38,31,0,7,1,2026,27,41.7,34,3,40.7,0,0,29,0,0,0,65.3,0,0,0,1,VANDERBILT,0,0,0,0,20,7,40,52.3,11.3,81.6,0,333,65,24,0,0,113.9,29,0,0,0,0,27,67.9
126535,Tyler Gant,DI,0,0,,0,0,,NWESTERN,0,D54,0,0,0,2,1,2028,8,,0,0,,0,0,0,0,0,0,28.5,0,0,0,0,NWESTERN,0,0,0,0,,0,,27,,70.6,0,256,8,0,8,0,0,6,0,0,0,0,0,59.4
127648,Devin Robinson,S,2,0,,0,0,50,TULSA,2,D16,16,0,0,1,1,2028,1,75.4,19,1,63.6,0,0,11,0,0,0,66.6,0,0,0,0,TULSA,1,0,0,0,19,15,0,66.6,19,76.7,0,320,17,5,0,0,83.3,5,0,0,1,0,1,60
128032,Kaleb Purdy,S,2,0,,0,0,100,KANSAS,2,D25,8,1,0,0,1,2027,0,78.7,38,2,33.4,0,0,5,0,0,0,60,0,0,0,0,KANSAS,0,0,0,0,25,4,0,35,19,70.2,0,198,8,9,0,0,118.8,3,0,0,3,0,0,
128036,Christian Gray,CB,4,0,,0,0,50,NOTRE DAME,3,D29,53,2,0,0,1,2028,4,78.1,18,2,34.6,0,0,18,0,0,0,64.7,50,0,1,0,NOTRE DAME,1,0,0,0,11,1,0,42.4,9,78,0,258,57,2,0,0,62.5,39,1,0,0,0,4,
128071,Viczaril Alobwede,ED,0,0,,0,0,,MEMPHIS,1,D92,0,0,0,5,1,2025,10,69.7,0,0,,0,0,0,6,0,0,58,0,0,0,0,MEMPHIS,0,0,0,0,,0,0,56.4,,70.6,0,218,10,0,3,0,0,5,0,0,0,0,1,57.3
128074,Aaron Beckwith,DI,0,0,,0,0,,UMASS,0,D44,1,0,0,11,1,2026,47,70.2,0,0,,0,0,0,3,16,0,56.8,0,0,0,0,UMASS,0,0,0,0,,0,0,56.5,,78.5,0,216,48,0,28,0,0,37,0,1,0,0,0,55.8
128085,Gerrell Johnson,LB,0,0,,0,0,,UMASS,5,D22,35,33,0,7,1,2025,1,80.8,0,0,60.7,1,0,5,0,0,0,83.6,0,0,0,0,UMASS,2,0,1,0,,1,0,82.9,,73,0,216,36,0,0,0,0,24,1,1,0,0,1,69.7
128102,Te'Rai Powell,S,0,0,,0,1,,UMASS,2,D21,32,19,0,0,1,2025,5,58.9,0,0,71.7,0,1,5,0,0,0,55.8,0,0,0,0,UMASS,2,0,0,0,,4,25,62.6,,76.1,0,216,37,0,0,0,0,32,0,1,9,0,5,
128105,Myles Turner,LB,0,0,,0,0,,UMASS,4,D09,25,25,0,1,1,2026,0,81.6,0,0,60,0,0,1,0,0,0,71,0,0,0,0,UMASS,3,0,0,0,,0,0,70.8,,69.8,0,216,25,0,0,0,0,23,0,2,0,0,0,59.5
128130,Herbert Gums,DI,0,0,,0,0,,BOISE ST,1,D98,0,0,0,19,1,2025,33,69.7,0,0,,0,0,0,0,3,0,67.9,0,0,0,0,BOISE ST,1,0,0,0,,0,0,63.6,,75.3,0,120,33,0,30,0,0,14,0,0,0,0,0,55.4
128136,Andy Nwaoko,ED,0,0,,0,0,,MIDDLE TN,0,D44,0,0,0,5,1,2026,13,,0,0,,0,0,0,0,0,0,55.7,0,0,0,0,MIDDLE TN,0,0,0,0,,0,,54.4,,74.8,0,224,13,0,0,0,0,8,0,0,0,0,13,57.3
128145,Cam Bariteau,DI,0,0,,1,0,,COLO STATE,2,D94,0,0,0,21,1,2025,43,73.8,0,0,,0,0,0,4,0,0,72.6,0,0,0,0,COLO STATE,2,0,0,0,,0,0,68.8,,76,0,144,43,0,39,0,0,22,0,1,0,0,0,56.6
128146,Henry Blackburn,S,2,0,,0,1,50,COLO STATE,5,D11,80,8,0,0,1,2025,1,74.3,10,1,50.5,0,0,47,0,0,1,74.9,0,0,0,0,COLO STATE,0,0,0,0,10,2,12.5,57.2,10,80.1,0,144,81,5,0,0,64.6,34,0,2,70,0,1,
128160,James Mitchell,DI,0,0,,0,1,,COLO STATE,1,D91,0,0,0,22,1,2025,44,36.5,0,0,,0,0,0,2,0,0,54,0,0,0,0,COLO STATE,0,0,0,0,,0,33.3,54.3,,75.4,0,144,44,0,42,0,0,22,0,1,0,0,0,57
128170,Chase Wilson,LB,4,0,2026,0,0,50,COLO STATE,4,D30,67,56,0,6,1,2026,2,83.3,32,2,63.8,1,1,35,0,0,0,73,0,0,0,0,COLO STATE,2,0,1,0,26,11,0,67.7,16,75.7,0,144,69,11,0,0,37.5,28,0,2,0,0,2,54.2
128171,Kosi Agina,S,0,0,,0,0,,FRESNO ST,0,D10,20,3,0,0,1,2025,0,,0,0,66.3,0,0,18,0,0,0,60,0,0,0,0,FRESNO ST,0,0,0,0,,2,,66.2,,72.5,0,169,20,0,0,0,0,2,0,0,15,0,0,
128195,Ezra Evaimalo,DI,0,0,,0,0,,HAWAII,0,D52,1,1,0,15,1,2026,30,69.7,0,0,,1,0,0,2,0,0,67.2,0,0,0,0,HAWAII,0,0,1,0,,0,0,72.2,,74.6,0,180,31,0,28,0,0,16,0,1,0,0,0,69.8
128202,Cam Lockridge,CB,10,0,,0,1,50,FRESNO ST,6,D01,68,0,0,1,1,2025,0,49.7,97,5,65.9,0,2,54,0,0,0,66.6,68,0,0,0,FRESNO ST,0,0,0,0,40,0,12.5,66.4,19.4,77.4,0,169,68,28,0,0,44.6,13,0,1,0,0,0,55.8
128247,Teivis Tuioti,DI,0,0,,0,0,,S DIEGO ST,0,D94,0,0,0,7,1,2026,22,,0,0,,0,0,0,0,9,0,64.6,0,0,0,0,S DIEGO ST,0,0,0,0,,0,,63.4,,74.5,0,284,22,0,13,0,0,15,0,0,0,0,0,57.2
128249,Thomas Witte,DI,0,0,,0,1,,NEVADA,0,D99,0,0,0,19,1,2026,47,23.1,0,0,,2,0,0,11,5,0,52,0,0,2,0,NEVADA,0,1,2,0,,0,100,40.3,,0,0,239,47,0,31,0,0,28,0,0,0,0,0,51.9
128260,Kyler Drake,DI,0,0,,0,0,,NEW MEXICO,2,D45,0,0,0,10,1,2025,21,72.2,0,0,,1,0,0,0,10,0,63.7,0,0,0,0,NEW MEXICO,2,0,1,0,,0,0,65.3,,74.3,0,241,21,0,11,0,0,11,0,0,0,0,0,62.7
128273,Cody Moon,LB,0,0,,0,0,,S DIEGO ST,0,D58,1,1,0,0,1,2025,0,,0,0,60,0,0,1,0,0,0,,0,0,0,0,S DIEGO ST,0,0,0,0,,0,,36.6,,64.2,0,284,1,0,0,0,0,0,0,0,0,0,0,
128279,Bryce Santana,DI,0,0,,0,1,,NEW MEXICO,0,D99,0,0,0,10,1,2025,32,22.1,0,0,,0,0,0,0,16,0,45.5,0,0,0,0,NEW MEXICO,0,0,0,0,,0,100,46.2,,76,0,241,32,0,16,0,0,22,0,0,0,0,0,56.6
128292,Dallas Branch,CB,3,0,,0,0,33.3,KENT STATE,4,D15,58,2,0,0,1,2026,1,80.2,32,1,58.9,0,0,25,0,0,0,65.1,52,0,0,0,KENT STATE,1,0,0,0,32,4,0,61,32,77.5,0,201,59,14,0,0,74.3,34,0,1,0,0,1,
128307,Dezjhon Malone,CB,6,0,,0,0,83.3,OKLAHOMA,4,D04,30,3,0,0,1,2025,0,81.8,53,5,72.3,0,0,18,0,0,0,61.8,27,0,0,0,OKLAHOMA,2,0,0,0,34,0,0,72.4,10.6,74,0,261,30,13,0,0,103.5,12,0,2,0,0,0,
128309,Isaiah Mcelvane,S,1,0,,0,0,0,LA TECH,0,D03,11,9,0,0,1,2025,0,,0,0,41,0,0,5,0,0,0,54.9,0,0,0,0,LA TECH,0,0,0,0,,1,,38.7,,70.5,0,208,11,0,0,0,39.6,6,0,0,1,0,0,
128317,Jelani Whitmore,CB,0,0,,0,0,,S DIEGO ST,0,D16,15,1,0,0,1,2028,0,,0,0,65,0,0,8,0,0,0,60.3,14,0,0,0,S DIEGO ST,0,0,0,0,,0,,65.7,,71.7,0,284,15,0,0,0,0,7,0,0,0,0,0,
128338,Soane Toia,DI,0,0,,0,1,,S JOSE ST,4,D42,0,0,0,30,1,2025,48,57.6,0,0,62.4,1,0,0,19,0,0,74,0,0,0,0,S JOSE ST,3,0,1,0,,0,16.7,68.7,,75.8,0,285,48,0,19,0,0,18,0,1,0,0,10,53.5
128375,Nohl Williams,CB,3,0,2025,0,0,66.7,CAL,3,D03,56,0,0,0,1,2025,0,78.8,15,2,58.9,0,0,33,0,0,0,66.2,54,0,1,0,CAL,1,1,0,0,13,1,0,60.6,7.5,76.3,0,130,56,3,0,0,118.1,23,0,0,1,1,0,
128381,James Hansen,DI,0,0,,0,0,,TEXAS TECH,0,D91,0,0,0,6,1,2025,11,,0,0,,0,0,0,0,3,0,55.2,0,0,0,0,TEXAS TECH,0,0,0,0,,0,,53.5,,71.7,0,315,11,0,8,0,0,5,0,0,0,0,0,57.4
128383,Mata Hola,ED,0,0,,0,0,,S JOSE ST,0,D94,0,0,1,11,1,2026,18,72.9,0,0,60,0,0,0,3,0,0,37.3,0,0,0,0,S JOSE ST,0,0,1,0,,0,0,45.2,,72.8,0,285,18,0,12,0,0,7,0,1,0,0,3,61.6
128395,Jakob Robinson,CB,4,0,2025,0,0,50,BYU,1,D00,53,3,0,6,1,2025,1,76.2,19,2,67.6,0,0,28,0,0,0,49.8,15,1,0,0,BYU,0,0,1,0,13,34,0,62.7,9.5,80,0,128,54,2,0,0,63.5,20,0,1,1,0,1,53.3
128402,Crew Wakley,S,7,0,,0,1,71.4,BYU,8,D07,34,10,0,1,1,2026,0,73.8,48,5,70.5,0,0,22,0,0,0,55.8,0,0,0,0,BYU,3,0,0,0,16,10,11.1,67.4,9.6,73.8,0,128,34,37,0,1,90.2,11,0,0,14,0,0,60
128411,Wyett Ekeler,S,6,0,2025,0,2,83.3,WYOMING,5,D31,74,19,0,0,1,2025,0,53.6,34,5,38.3,0,0,46,0,0,0,43.4,0,0,1,0,WYOMING,2,0,0,0,10,38,20,38.2,6.8,78.7,0,351,74,8,0,0,129.9,28,0,3,17,1,0,
128421,Gavin Meyer,DI,0,0,,0,1,,USC,3,D91,0,0,0,31,1,2025,44,49.8,0,0,62,3,0,2,6,1,0,61.5,0,1,0,0,USC,2,0,4,0,,0,20,67.6,,75.8,0,326,44,0,35,0,0,11,1,1,0,0,2,64.8
128425,Oluwaseyi Omotosho,ED,0,0,,0,0,,OREGON ST,0,D33,0,0,0,33,1,2026,50,73,0,0,60,3,0,0,1,0,0,68.2,0,2,0,0,OREGON ST,0,0,5,0,,0,0,74.4,,79,0,265,50,0,0,0,0,17,0,1,0,0,49,67.1
128430,Connor Shay,LB,4,0,,0,1,50,WYOMING,6,D33,70,69,0,5,1,2025,1,72.2,13,2,56.8,1,0,39,0,0,0,60.1,0,0,0,0,WYOMING,2,0,1,0,8,0,10,61.3,6.5,77.5,0,351,71,2,0,0,57.3,27,1,3,1,0,1,75.9
128432,Braden Siders,ED,2,0,,0,0,100,WYOMING,6,D34,7,5,0,11,1,2026,27,79.8,36,2,57.7,0,0,7,7,0,0,75.2,0,0,0,0,WYOMING,3,0,0,0,36,2,0,70.1,18,76.3,0,351,34,8,1,0,118.8,16,0,2,0,0,19,61.1
128434,Cam Stone,CB,4,0,,1,0,50,HAWAII,5,D04,57,0,0,0,1,2025,1,80.3,17,2,76.3,0,0,38,0,0,0,70.6,53,0,0,0,HAWAII,1,0,0,0,12,4,0,77.4,8.5,77.5,0,180,58,0,0,1,61.5,20,0,0,0,0,1,
128435,Read Sunn,LB,0,0,,0,0,,WYOMING,0,D45,2,2,0,0,1,2026,0,,0,0,60,0,0,1,0,0,0,60,0,0,0,0,WYOMING,0,0,0,0,,0,,61.8,,64.4,0,351,2,0,0,0,0,1,0,0,0,0,0,
128440,Isaac White,S,3,0,,0,1,33.3,WYOMING,5,D42,54,7,0,0,1,2025,0,69.9,5,1,60.8,0,0,31,0,0,0,65.4,1,0,0,0,WYOMING,0,0,0,0,5,6,11.1,62.9,5,77.1,0,351,54,1,0,0,42.4,23,0,3,40,0,0,
129334,Mose Phillips III,S,3,0,,0,0,66.7,VA TECH,2,D18,73,31,0,0,1,2028,0,82.5,71,2,52,0,0,44,0,0,0,65,0,0,0,0,VA TECH,1,0,0,0,57,10,0,55.8,35.5,78,0,337,73,20,0,0,109.7,29,0,3,32,0,0,
129421,Tahveon Nicholson,CB,0,0,,0,0,,LOUISVILLE,0,D23,17,1,0,0,1,2025,0,,0,0,64.1,0,0,7,0,0,0,61.4,16,0,0,0,LOUISVILLE,0,0,0,0,,0,,64.9,,72.3,0,210,17,0,0,0,0,10,0,0,0,0,0,
129435,Bryson Bonds,S,0,0,,0,0,,INDIANA,0,D24,2,2,0,0,1,2026,0,,0,0,60,0,0,1,0,0,0,60,0,0,0,0,INDIANA,0,0,0,0,,0,,69.6,,64.4,0,190,2,0,0,0,0,1,0,0,0,0,0,
129445,Chris Keys Jr.,S,0,0,,0,0,,MISS STATE,1,D27,27,14,0,0,1,2026,0,80.2,0,0,75.9,0,0,13,0,0,0,64.3,0,0,0,0,MISS STATE,1,0,0,0,,5,0,75.1,,74.5,0,227,27,0,0,0,0,14,0,1,8,0,0,
129458,Ty Wise,LB,0,0,,0,0,,MIAMI OH,2,D10,32,32,0,4,1,2025,7,77.9,0,0,76.5,0,0,11,0,0,0,59.5,0,0,0,0,MIAMI OH,1,0,0,0,,0,0,67.7,,76.9,0,221,39,0,0,1,0,24,0,1,0,0,7,55.2
129460,Yahya Black,DI,0,0,2025,0,0,,IOWA,3,D94,0,0,0,11,1,2025,25,74.3,0,0,60,1,0,0,3,5,0,76.8,0,0,0,0,IOWA,3,0,1,0,,0,0,76.1,,75.5,0,192,25,0,17,0,0,14,1,0,0,0,0,61.5
129463,Isaiah Bruce,DI,0,0,,0,0,,UTAH ST,2,D90,0,0,0,25,1,2027,48,73.4,0,0,,0,0,0,2,0,1,81.2,0,0,0,0,UTAH ST,2,0,0,0,,0,0,77.5,,75.8,0,329,48,0,46,0,0,23,0,1,0,0,0,61.5
129464,Deontae Craig,ED,0,0,,0,0,,IOWA,1,D45,0,0,0,11,1,2025,27,75,0,0,,1,0,0,10,0,0,71.6,0,0,0,0,IOWA,1,0,1,0,,0,0,67.6,,74,0,192,27,0,4,0,0,16,0,2,0,0,13,54.9
129465,Brenden Deasfernandes,S,0,0,,0,1,,C MICHIGAN,0,D03,20,7,0,1,1,2027,0,21.8,0,0,61.5,0,0,3,0,0,0,47.5,0,0,0,0,C MICHIGAN,0,0,0,0,,11,100,53.1,,74.8,0,134,20,0,0,0,0,16,0,0,2,0,0,60
129469,Jay Higgins,LB,2,0,2025,0,0,100,IOWA,7,D34,40,33,0,3,1,2025,0,83.7,28,2,56.6,0,1,18,0,0,0,73.4,0,0,0,0,IOWA,4,0,0,0,21,7,0,69.3,14,73.8,0,192,40,20,0,0,79.2,19,0,2,0,0,0,77.6
129471,Ethan Hurkett,ED,0,0,2026,0,1,,IOWA,4,D49,0,0,0,11,1,2026,27,53.7,0,0,,0,0,0,9,0,0,56.2,0,0,0,0,IOWA,4,0,0,0,,0,20,54.5,,75.9,0,192,27,0,2,0,0,16,1,0,0,0,16,54.7
129509,Rex Fleming,S,0,0,,0,0,,MARYLAND,1,D41,5,4,0,0,1,2025,0,73.1,0,0,,0,0,0,0,0,0,63.2,0,0,0,0,MARYLAND,0,0,0,0,,0,0,64.3,,64.8,0,215,5,0,0,0,0,5,0,0,1,0,0,
129516,Ruben Hyppolite II,LB,3,0,2025,0,1,66.7,MARYLAND,3,D04,37,31,0,4,1,2025,0,59.2,22,2,71.4,0,0,20,0,0,0,52.8,1,0,0,0,MARYLAND,2,0,0,0,23,5,14.3,64.1,11,73.4,0,215,37,1,0,0,88.2,13,1,3,0,0,0,55
129521,Devyn King,CB,4,0,,0,0,50,HAWAII,1,D24,38,2,0,0,1,2026,0,77,31,2,67.6,0,0,25,0,0,0,61.7,36,0,0,0,HAWAII,0,0,0,0,25,0,0,67.9,15.5,75.2,0,180,38,10,0,1,76,13,0,0,0,0,0,
129582,Nikhai Hill-Green,LB,1,0,2026,0,3,100,COLORADO,4,D41,55,51,0,1,1,2026,0,30.4,5,1,51.8,0,0,30,0,0,0,62.9,0,0,0,0,COLORADO,4,0,0,0,5,4,30,55.4,5,77.3,0,143,55,8,0,1,87.5,24,2,3,0,0,0,59.5
129588,Jordan Morant,S,1,0,,0,0,100,MISS STATE,1,D17,4,4,0,0,1,2025,0,74.8,-2,1,74.7,0,0,2,0,0,0,60.2,0,0,0,0,MISS STATE,1,0,0,0,-2,0,0,76,-2,66,0,227,4,4,0,0,79.2,2,1,0,0,0,0,
129592,Makari Paige,S,2,0,2025,0,6,50,MICHIGAN,2,D07,45,16,0,0,1,2025,4,20.5,1,1,50.2,0,0,20,0,0,0,32.8,0,0,0,0,MICHIGAN,0,0,0,0,1,11,60,40.5,1,78.3,0,222,49,3,0,0,56.3,29,0,2,18,0,4,
129603,Cornell Wheeler,LB,3,0,,0,2,100,KANSAS,5,D44,60,58,0,7,1,2025,2,44.4,47,3,59.4,0,0,26,0,0,0,43.3,0,0,0,0,KANSAS,4,0,0,0,24,2,22.2,48.8,15.7,77.4,0,198,62,40,0,0,158.3,29,0,2,0,1,2,54.1
129606,Simeon Barrow Jr.,DI,0,0,2025,0,0,,MIAMI FL,2,D10,0,0,1,19,1,2025,31,74.9,0,0,,3,0,0,9,7,0,72.5,0,0,0,0,MIAMI FL,3,0,4,0,,0,0,73.3,,74.6,0,220,31,0,13,0,0,12,0,1,0,0,2,65.6
129609,Cole DeMarzo,LB,1,0,,0,0,0,WYOMING,0,D25,3,3,0,0,1,2026,0,,0,0,60.5,0,0,2,0,0,0,60,0,0,0,0,WYOMING,0,0,0,0,,0,,64.6,,67.5,0,351,3,0,0,0,39.6,1,0,0,0,0,0,
129618,Angelo Grose,S,3,0,,0,1,66.7,MICH STATE,3,D15,26,3,0,1,1,2025,0,52.5,15,2,61.2,0,0,15,0,0,0,54.1,0,0,0,0,MICH STATE,0,0,0,0,9,22,20,58.8,7.5,74.8,0,223,26,1,0,0,78.5,10,0,1,0,0,0,60
129620,Cal Haladay,LB,1,0,,0,0,100,MICH STATE,6,D27,37,33,0,1,1,2025,3,81,15,1,58.1,0,0,15,0,0,0,68.5,0,0,0,0,MICH STATE,4,0,0,0,15,3,0,64,15,75.3,0,223,40,19,0,0,118.8,24,0,0,0,0,3,59.1
129627,Chris Mayfield,DI,0,0,,0,0,,OHIO,0,D16,0,0,0,9,1,2025,12,,0,0,,1,0,0,0,0,0,55.7,0,0,0,0,OHIO,0,0,1,0,,0,,58.2,,71.8,0,259,12,0,11,0,0,3,0,0,0,0,1,63
129632,Jasiyah Robinson,ED,0,0,,0,0,,E CAROLINA,1,D55,0,0,0,7,1,2027,12,71.3,0,0,60.1,0,0,1,1,0,0,61.9,0,0,0,0,E CAROLINA,0,0,0,0,,0,0,59.6,,71.9,0,156,12,0,7,0,0,4,0,0,0,0,4,55.3
129635,Darius Snow,LB,1,0,,0,0,0,MICH STATE,1,D23,18,4,0,0,1,2027,9,78.7,0,0,71.1,0,0,8,0,0,0,65.4,0,0,0,0,MICH STATE,1,0,0,0,,14,0,70.9,,78.3,0,223,27,0,0,0,39.6,19,0,2,0,0,9,
129646,Flip Dixon,S,1,0,,0,0,0,RUTGERS,3,D10,34,10,0,0,1,2025,1,79.5,0,0,76.1,0,0,23,0,0,0,68.8,0,0,1,0,RUTGERS,0,0,0,0,,5,0,72,,0,0,278,35,0,0,1,39.6,12,0,0,19,0,1,
129651,Lucas Finnessy,ED,0,0,,0,0,,MINNESOTA,2,D46,0,0,0,12,1,2026,18,75.1,0,0,60,1,0,0,0,0,0,74.2,0,0,0,0,MINNESOTA,2,0,1,0,,0,0,71.6,,74.7,0,225,18,0,0,0,0,6,0,1,0,0,18,59.4
129652,Miles Fleming,S,0,0,,0,0,,OHIO,0,D02,8,0,0,0,1,2026,0,76.4,0,0,60.9,0,0,3,0,0,0,61.7,0,0,0,0,OHIO,0,0,0,0,,0,0,64,,71,0,259,8,0,0,0,0,5,0,1,8,0,0,
129655,Jah Joyner,ED,0,0,2025,0,0,,MINNESOTA,0,D17,0,0,0,38,1,2025,53,75.4,0,0,60,1,0,0,7,0,0,70.4,0,2,0,1,MINNESOTA,0,0,3,0,,0,0,80.8,,78.4,0,225,53,0,1,0,0,15,0,3,0,0,45,77.4
129660,Cody Lindenberg,LB,2,0,2025,0,2,100,MINNESOTA,6,D45,56,48,0,7,1,2025,13,62.5,16,2,79.3,0,0,41,0,0,0,68.3,1,1,0,0,MINNESOTA,6,0,1,0,13,7,15.4,76.4,8,79.6,0,225,69,15,0,0,100,21,0,5,0,0,13,54.9
129661,Jalen Logan-Redding,DI,0,0,2026,0,0,,MINNESOTA,2,D97,0,0,0,31,1,2026,45,67.9,0,0,,0,0,0,5,16,0,66.1,0,0,0,0,MINNESOTA,2,0,0,0,,0,0,62,,78.1,0,225,45,0,23,0,0,14,0,0,0,0,1,56.5
129666,Ali Saad,ED,0,0,,0,0,,BOWL GREEN,3,D99,2,2,1,24,1,2025,38,77.5,0,0,61,0,0,1,3,0,0,66.1,0,1,0,0,BOWL GREEN,1,0,2,0,,0,0,70.4,,77.8,0,122,40,0,6,0,0,15,0,1,0,0,29,67.4
129668,Danny Striggow,ED,2,0,2025,0,0,100,MINNESOTA,1,D92,1,1,0,31,1,2025,47,74.7,4,2,50,2,0,5,2,0,0,66.8,0,1,0,0,MINNESOTA,0,0,3,0,2,0,0,61.7,2,80.1,0,225,48,5,0,0,79.2,12,0,1,0,0,45,62.1
129679,Jimari Butler,ED,0,0,,0,3,,NEBRASKA,4,D10,0,0,1,17,1,2026,42,45.6,0,0,,1,0,0,12,0,0,58.1,0,0,0,0,NEBRASKA,5,0,2,0,,0,42.9,62.1,,77.8,0,238,42,0,1,0,0,25,2,0,0,0,29,64.8
129686,RJ Delancy III,CB,2,0,2025,0,0,100,WISCONSIN,2,D05,12,0,0,0,1,2025,0,76.6,29,2,58.7,0,0,9,0,0,0,60,12,0,0,0,WISCONSIN,1,0,0,0,18,0,0,59,14.5,72,0,349,12,8,0,0,118.8,3,0,0,0,0,0,
129689,Isaac Gifford,S,2,0,2025,0,1,100,NEBRASKA,3,D02,47,23,0,0,1,2025,1,54.7,63,2,32.8,0,0,22,0,0,0,49,0,0,0,0,NEBRASKA,1,0,0,0,60,9,20,35,31.5,76,0,238,48,23,0,0,158.3,26,0,1,15,1,1,
129694,Nash Hutmacher,DI,0,0,2025,0,0,,NEBRASKA,1,D00,0,0,0,15,1,2025,33,69.7,0,0,,1,0,0,0,16,0,48.3,0,0,0,0,NEBRASKA,0,0,1,0,,0,0,52.3,,76.6,0,238,33,0,17,0,0,18,0,0,0,0,0,61.9
129699,Tamon Lynum,CB,3,0,2026,0,1,66.7,PITTSBURGH,3,D08,29,1,0,0,1,2026,0,53,13,2,63.5,0,0,20,0,0,0,53.2,28,0,0,0,PITTSBURGH,1,0,0,0,8,0,20,61.5,6.5,74.4,0,268,29,2,0,0,75.7,9,0,1,0,0,0,
129722,Joe DeHaan,S,0,0,,0,0,,NWESTERN,2,D14,5,3,0,0,1,2025,0,78.9,0,0,,0,0,0,0,0,0,69,0,0,0,0,NWESTERN,2,0,0,0,,0,0,68.8,,69,0,256,5,0,0,0,0,5,0,0,2,0,0,
129723,TeRah Edwards,DI,0,0,2025,0,0,,ILLINOIS,4,D23,0,0,0,21,1,2025,47,76.1,0,0,60,1,0,0,0,29,0,71.8,0,0,0,0,ILLINOIS,1,0,1,0,,0,0,68.8,,78,0,187,47,0,18,0,0,26,0,2,0,0,0,55.9
129725,Garnett Hollis Jr.,CB,5,0,2025,0,0,60,W VIRGINIA,3,D01,57,6,0,0,1,2025,0,80.1,43,3,61.2,0,0,37,0,0,1,59.5,51,0,1,0,W VIRGINIA,0,0,0,0,28,0,0,61.2,14.3,75.8,0,343,57,17,0,2,87.9,20,0,1,0,0,0,
129726,Jaheem Joseph,S,1,0,,0,1,0,W VIRGINIA,1,D03,62,12,0,0,1,2026,0,41,0,0,54.3,0,0,42,0,0,0,64.8,0,0,0,0,W VIRGINIA,0,0,0,0,,4,33.3,56.8,,76.8,0,343,62,0,0,0,39.6,20,0,1,46,0,0,
129728,Sean McLaughlin,ED,0,0,,0,1,,NWESTERN,2,D97,0,0,0,12,1,2025,29,40.2,0,0,60.1,1,0,2,1,0,0,61.5,0,0,0,0,NWESTERN,1,0,1,0,,0,33.3,55.7,,75.9,0,256,29,0,2,0,0,15,0,0,0,0,26,48.4
129729,Greyson Metz,LB,5,0,,0,0,40,NWESTERN,3,D57,63,42,0,1,1,2025,0,82.1,15,2,58.9,0,0,31,0,0,0,74.4,0,1,0,0,NWESTERN,2,0,1,0,10,21,0,67.4,7.5,76.4,0,256,63,12,0,1,47.9,31,0,2,0,0,0,63.8
129739,Nigel Williams,S,5,0,,0,2,80,NEW MEXICO,3,D28,56,22,0,0,1,2026,1,42.6,74,4,37.8,0,0,23,0,0,0,60.3,0,0,0,0,NEW MEXICO,1,0,0,0,46,25,33.3,44.4,18.5,77.5,0,241,57,21,0,0,158.3,34,0,1,9,1,1,
129743,Jacolbe Cowan,ED,0,0,,1,0,,N CAROLINA,2,D93,0,0,1,17,1,2025,25,76.3,0,0,63.2,0,0,3,0,0,0,59.9,0,1,0,0,N CAROLINA,3,0,2,0,,0,0,61.8,,77.8,0,245,25,0,0,0,0,5,1,0,0,0,25,59.4
129752,Cameron Martinez,CB,5,0,,0,0,100,BOSTON COL,7,D29,40,4,0,0,1,2027,0,84.3,54,5,62.8,0,0,27,0,0,0,70.1,0,0,0,0,BOSTON COL,2,0,0,0,15,36,0,65.2,10.8,78.2,0,121,40,18,0,0,111.7,13,0,0,0,0,0,
129753,Mitchell Melton,ED,0,0,2026,0,0,,OHIO STATE,1,D17,0,0,0,3,1,2026,5,71.5,0,0,65.1,0,0,1,0,0,0,60,0,0,0,0,OHIO STATE,1,0,0,0,,0,0,77.6,,70.8,0,260,5,0,0,0,0,1,1,0,0,0,5,65.4
129757,Cody Simon,LB,6,0,2025,0,1,100,OHIO STATE,5,D00,60,53,0,11,1,2025,4,69.6,45,6,61.5,1,0,29,0,0,0,81,0,0,0,0,OHIO STATE,4,0,1,0,19,7,12.5,69.2,7.5,75.3,0,260,64,43,0,0,97.9,24,3,2,0,0,4,56.8
129775,Tyler Elsdon,LB,0,0,,0,0,,PENN STATE,0,D43,3,3,0,1,1,2025,0,,0,0,,0,0,0,0,0,0,60.1,0,0,0,0,PENN STATE,0,0,0,0,,0,,60.8,,66,0,266,3,0,0,0,0,2,0,0,0,0,0,59.4
129784,Coziah Izzard,DI,0,0,2025,0,0,,PENN STATE,2,D99,1,1,0,7,1,2025,21,73.4,0,0,61.1,0,0,0,0,5,0,76.7,0,0,0,0,PENN STATE,1,0,0,0,,0,0,77.2,,74,0,266,22,0,16,0,0,15,0,1,0,0,0,56.4
129793,Fatorma Mulbah,DI,0,0,2025,0,0,,W VIRGINIA,1,D54,0,0,0,18,1,2025,29,70.1,0,0,,1,0,0,0,23,0,62.4,0,0,0,0,W VIRGINIA,1,0,1,0,,0,0,62.2,,76.4,0,343,29,0,6,0,0,11,1,0,0,0,0,59.3
129797,Amin Vanover,ED,1,0,,0,0,100,PENN STATE,0,D15,2,2,0,28,1,2025,38,,3,1,60.3,1,0,2,0,0,0,70.4,0,0,0,0,PENN STATE,0,0,1,0,3,0,,69.8,3,79.5,0,266,40,0,0,0,79.2,10,0,0,0,0,38,64.3
129839,Andrew Awe,LB,0,0,,0,1,,RICE,7,D27,39,36,0,1,1,2026,0,60.5,0,0,64,0,0,11,0,0,0,66.2,0,1,1,0,RICE,7,0,1,0,,3,12.5,63.5,,0,0,275,39,0,0,0,0,27,1,0,0,0,0,66.5
129846,Sean Fresch,CB,2,0,2026,0,0,50,RICE,5,D01,63,4,0,1,1,2025,3,80.1,16,1,70.1,0,0,29,0,0,0,74.4,57,0,0,0,RICE,3,0,0,0,16,2,0,72.6,16,78,0,275,66,8,0,1,77.1,36,0,0,0,0,3,60
129865,Gabe Taylor,S,4,0,,0,0,25,RICE,2,D26,61,26,0,0,1,2025,0,79,1,1,89.7,0,1,30,0,0,0,61.7,0,0,2,0,RICE,1,0,0,0,1,29,0,82.2,1,0,0,275,61,2,0,1,0,31,0,1,6,0,0,
129874,Shawn Collins,ED,0,0,,0,0,,APP STATE,2,D12,0,0,0,12,1,2026,25,73.8,0,0,61,2,0,0,18,0,0,67.1,0,0,0,0,APP STATE,2,0,2,0,,0,0,76.6,,74.3,0,108,25,0,1,0,0,13,1,0,0,0,6,68.6
129880,Rene Konga,DI,0,0,2026,0,0,,LOUISVILLE,0,D90,0,0,0,1,1,2026,2,,0,0,,0,0,0,0,0,0,60,0,0,0,0,LOUISVILLE,0,0,0,0,,0,,61.1,,66.6,0,210,2,0,2,0,0,1,0,0,0,0,0,60
129884,Aaron Lewis,ED,0,0,,0,0,,RUTGERS,1,D71,0,0,0,10,1,2025,14,71.1,0,0,,0,0,0,6,0,0,63.2,0,0,0,0,RUTGERS,0,0,0,0,,0,0,59.1,,72.8,0,278,14,0,0,0,0,4,0,0,0,0,8,55
129886,Robert Longerbeam,CB,4,0,2025,0,1,50,RUTGERS,2,D07,30,0,0,0,1,2025,0,38.6,15,2,67.5,0,0,19,0,0,0,61.2,28,0,0,0,RUTGERS,1,0,0,0,18,2,33.3,67.8,7.5,74.7,0,278,30,23,0,0,59.4,11,1,0,0,0,0,
129900,Tyreem Powell,LB,3,0,2025,0,0,100,RUTGERS,5,D22,35,33,0,4,1,2025,0,81,45,3,38.3,0,0,17,0,0,0,60.5,0,0,0,0,RUTGERS,2,0,0,0,22,2,0,43.7,15,73,0,278,35,56,0,0,118.8,14,0,1,0,0,0,55.8
129901,Troy Rainey,DI,0,0,,0,0,,RUTGERS,2,D51,0,0,0,11,1,2025,19,71.9,0,0,,0,0,0,1,0,0,62.3,0,0,0,0,RUTGERS,2,0,0,0,,0,0,63.9,,73,0,278,19,0,18,0,0,8,0,0,0,0,0,62.2
129913,Ben Barten,DI,0,0,2026,0,1,,WISCONSIN,1,D68,0,0,0,25,1,2026,55,36.9,0,0,60,0,0,0,9,0,0,62.5,0,0,0,0,WISCONSIN,0,0,0,0,,0,33.3,57.4,,76.5,0,349,55,0,44,0,0,30,0,1,0,0,2,59.4
129921,Kaden Johnson,ED,0,0,,0,3,,NEVADA,0,D02,11,9,1,13,1,2025,29,20.8,0,0,53.7,0,0,9,3,0,0,31,0,0,0,0,NEVADA,0,0,1,0,,2,100,41.2,,80.1,0,239,40,0,0,0,0,18,0,0,0,0,26,63.5
129924,Max Lofy,S,1,0,,0,1,100,WISCONSIN,1,D12,11,0,0,1,1,2026,1,39.4,5,1,56.3,1,0,8,0,0,0,60,0,0,0,0,WISCONSIN,0,0,1,0,5,9,50,51.7,5,75,0,349,12,2,0,0,87.5,3,0,0,2,0,1,46.8
129925,Cade McDonald,DI,0,0,,0,0,,WISCONSIN,0,D96,0,0,0,1,1,2025,4,,0,0,,0,0,0,1,0,0,60.9,0,0,0,0,WISCONSIN,0,0,0,0,,0,,61.5,,69.5,0,349,4,0,0,0,0,3,0,0,0,0,3,59.7
129932,Jordan Turner,LB,4,0,2025,0,0,75,MICH STATE,1,D07,28,25,0,1,1,2025,0,78.9,4,3,54.4,0,0,11,0,0,0,68.8,0,0,1,0,MICH STATE,1,0,0,0,10,3,0,52.6,1.3,0,0,223,28,16,0,0,77.1,16,0,3,0,0,0,58.9
129937,Aaron Witt,ED,0,0,,0,0,,WISCONSIN,1,D59,1,1,0,12,1,2027,32,74.7,0,0,60.8,0,0,2,0,0,0,53,0,0,0,0,WISCONSIN,1,0,0,0,,0,0,53.6,,78.6,0,349,33,0,0,0,0,19,0,1,0,0,32,55.5
129939,Preston Zachman,S,4,0,,0,1,75,WISCONSIN,5,D14,67,17,0,0,1,2027,1,70.1,40,3,58.2,0,0,35,0,0,0,76.6,3,0,0,0,WISCONSIN,0,0,0,0,23,18,12.5,64,13.3,78,0,349,68,9,0,0,106.3,33,0,2,29,0,1,
130287,Tyson Durant,S,4,0,,0,1,75,WASH STATE,6,D05,60,19,0,0,1,2025,0,67.9,11,3,72.7,0,0,42,0,0,0,65.5,0,0,0,0,WASH STATE,1,0,0,0,8,10,12.5,72.6,3.7,76.6,0,341,60,5,0,1,77.1,18,0,1,31,0,0,
130326,Brandon Berger,ED,1,0,,0,1,100,BALL ST,1,D13,1,1,0,38,1,2025,58,72.2,4,1,60,0,0,1,0,0,0,57.3,0,2,0,2,BALL ST,0,0,2,0,4,0,50,69.6,4,81.5,0,117,59,1,0,0,83.3,20,0,0,0,0,58,72.9
130343,Keionte Newson,LB,4,0,,0,1,50,BALL ST,4,D09,69,65,0,3,1,2025,1,49.7,0,2,64.5,0,0,45,0,0,1,54.9,0,0,0,0,BALL ST,2,0,0,0,1,3,20,61,0,75.2,0,117,70,6,0,0,56.3,22,1,0,1,0,1,55.5
130347,Nathan Reichert,DI,0,0,,0,2,,BALL ST,2,D57,0,0,0,21,1,2025,37,23.4,0,0,,0,0,0,0,0,0,40.2,0,0,0,0,BALL ST,1,0,0,0,,0,50,42.9,,75.1,0,117,37,0,37,0,0,16,1,0,0,0,0,56.1
130354,J.B. Brown,LB,2,0,2025,0,2,100,KANSAS,6,D01,54,46,0,5,1,2025,2,46,14,2,70.6,1,0,22,0,0,1,60.6,0,1,0,0,KANSAS,3,0,2,0,13,8,22.2,70.4,7,75.9,0,198,56,5,0,0,95.8,29,0,1,0,0,2,72.6
130356,Dontrez Brown,DI,0,0,,0,1,,BOWL GREEN,1,D60,1,1,0,33,1,2025,49,29.7,0,0,56.9,3,0,1,5,1,0,76.1,0,0,0,0,BOWL GREEN,0,0,3,0,,0,50,76.5,,76.6,0,122,50,0,41,0,0,16,0,0,0,0,2,72.3
130366,Anthony Hawkins,DI,0,0,,0,0,,BOWL GREEN,3,D05,1,1,0,29,1,2025,47,74.5,0,0,,0,0,0,6,6,0,62.7,0,2,0,0,BOWL GREEN,2,0,2,0,,0,0,66.5,,76.3,0,122,48,0,35,0,0,19,1,1,0,0,0,66.3
130378,Jordan Porter,ED,0,0,,0,0,,BOWL GREEN,0,D33,0,0,0,17,1,2025,22,72.2,0,0,60,1,0,0,3,0,0,67.2,0,1,0,0,BOWL GREEN,0,0,2,0,,0,0,55.5,,75.7,0,122,22,0,0,0,0,5,0,1,0,0,19,57.4
130380,Charles Rosser,ED,0,0,,0,0,,BOWL GREEN,2,D13,8,2,0,25,1,2025,50,74.7,0,0,70.4,1,0,16,0,0,0,44.8,0,1,0,0,BOWL GREEN,1,0,2,0,,6,0,62.8,,81.9,0,122,58,0,0,0,0,17,0,0,0,0,50,66.7
130384,Trent Simms,LB,5,0,,0,0,80,BOWL GREEN,4,D08,37,32,0,4,1,2025,0,80,33,4,64.1,0,0,28,0,0,0,46.7,1,1,0,0,BOWL GREEN,1,0,1,0,26,0,0,61.4,8.3,75,0,122,37,33,0,0,94.2,5,1,0,4,0,0,64
130406,Shaun Dolac,LB,2,0,2025,0,0,100,BUFFALO,8,D52,59,50,0,0,1,2025,1,82.9,28,2,61.4,0,0,22,0,0,0,80.9,0,0,0,0,BUFFALO,3,0,0,0,24,9,0,74.2,14,73.9,0,126,60,18,0,0,118.8,38,0,0,0,0,1,
130415,Jalen McNair,S,6,0,,0,1,66.7,BUFFALO,4,D08,58,18,0,0,1,2027,2,71.7,91,4,35.5,0,0,22,0,0,0,78.1,0,0,0,0,BUFFALO,0,0,0,0,65,29,9.1,51.8,22.8,77.7,0,126,60,49,0,0,149.3,38,0,6,11,1,2,
130439,Donte Kent,CB,7,0,2025,0,2,42.9,C MICHIGAN,4,D04,56,1,0,0,1,2025,0,44.4,38,3,64.4,0,0,32,0,0,0,70.5,5,0,0,0,C MICHIGAN,0,0,0,0,20,50,28.6,66.7,12.7,79.5,0,134,56,35,0,0,60.4,24,0,1,0,0,0,
130450,David Carter Jr.,S,2,0,,0,1,100,E MICHIGAN,2,D08,50,11,0,0,1,2025,0,51.8,5,2,88.2,0,1,29,0,0,0,51.6,0,0,0,0,E MICHIGAN,2,0,0,0,4,1,33.3,80.6,2.5,78,0,160,50,5,0,0,39.6,21,0,0,38,0,0,
130464,Justin Jefferson,ED,0,0,,0,1,,E MICHIGAN,4,D05,0,0,0,16,1,2025,33,51.5,0,0,61.4,2,0,2,0,0,0,62.5,0,0,0,0,E MICHIGAN,2,0,2,0,,0,14.3,61.5,,77.1,0,160,33,0,0,0,0,15,0,2,0,0,33,57.2
130493,Adin Huntington,ED,0,0,2025,0,0,,TULANE,0,D45,2,0,0,13,1,2025,22,73,0,0,62.6,1,0,5,0,0,0,66.1,0,0,0,0,TULANE,0,0,1,0,,2,0,72.7,,77.9,0,319,24,0,0,0,0,6,0,1,0,0,22,71.2
130494,Khalib Johns,LB,4,0,,0,2,75,KENT STATE,4,D08,39,36,0,1,1,2026,0,36,28,3,58,0,0,17,0,0,0,39.2,0,0,0,0,KENT STATE,2,0,0,0,11,3,28.6,46.3,9.3,74.1,0,201,39,8,0,0,133.3,21,0,1,0,1,0,59.8
130498,Luke Murphy,LB,3,0,,0,0,66.7,E MICHIGAN,6,D20,58,54,0,3,1,2027,0,82.9,39,2,43.9,0,0,26,0,0,0,78.1,0,1,0,0,E MICHIGAN,2,0,1,0,23,4,0,61,19.5,73.7,0,160,58,37,0,0,109.7,29,1,2,0,0,0,65.7
130507,CJ West,DI,0,0,2025,0,0,,INDIANA,3,D08,0,0,0,13,1,2025,33,75.3,0,0,59.9,0,0,1,1,14,0,85,0,0,0,0,INDIANA,3,0,0,0,,0,0,79.1,,76.7,0,190,33,0,18,0,0,19,0,2,0,0,0,56.3
130514,Ambe' Caldwell,S,0,0,,0,0,,MIAMI OH,1,D19,13,4,0,0,1,2025,0,73.4,0,0,70.7,0,0,9,0,0,0,60,0,0,0,0,MIAMI OH,1,0,0,0,,9,0,71.4,,72.7,0,221,13,0,0,0,0,4,0,0,0,0,0,
130527,John Saunders Jr.,S,11,0,2025,1,0,72.7,OLE MISS,7,D05,84,16,0,0,1,2025,0,84,60,8,67.1,0,0,53,0,0,0,91.1,1,0,0,0,OLE MISS,2,0,0,0,12,32,0,74,7.5,80.5,0,226,84,33,0,0,125,31,0,2,35,2,0,
130541,CJ Brown,S,5,0,,0,1,60,BOWL GREEN,4,D06,55,23,0,1,1,2026,2,70.7,19,3,48.8,0,0,38,0,0,0,62.5,0,0,1,0,BOWL GREEN,1,0,0,0,10,6,14.3,52.3,6.3,78.3,0,122,57,17,0,1,67.9,18,0,2,26,0,2,60
130546,Ivan Davis,ED,0,0,,0,0,,N ILLINOIS,0,D52,0,0,0,9,1,2026,23,,0,0,61.1,0,0,2,0,0,0,62.3,0,0,0,1,N ILLINOIS,0,0,0,0,,0,,63.6,,76.4,0,254,23,0,0,0,0,12,0,0,0,0,23,60.7
130547,Jaden Dolphin,LB,3,0,,0,0,100,N ILLINOIS,5,D26,49,42,0,5,1,2025,6,82.7,24,3,59.5,0,0,19,0,0,0,42.1,0,0,0,0,N ILLINOIS,2,0,0,0,12,7,0,48.1,8,79.2,0,254,55,17,0,0,139.6,31,0,3,0,1,6,55.4
130555,Jordan Hansen,S,1,0,,0,0,100,N ILLINOIS,2,D07,24,17,0,1,1,2025,0,79.4,9,1,56.7,0,0,12,0,0,0,70.3,0,0,0,0,N ILLINOIS,1,0,0,0,9,3,0,62.8,9,73.1,0,254,24,0,0,0,104.2,11,0,1,4,0,0,59.7
130562,Devin Lafayette,S,5,0,2026,0,1,80,TROY,8,D03,75,32,1,12,1,2026,9,75.2,17,4,76.5,1,0,38,0,0,0,69.1,0,0,0,0,TROY,5,0,2,0,12,43,7.1,76.8,4.3,78.4,0,318,84,30,0,0,80.8,34,1,5,0,0,9,66.5
130569,DeVonte O'Malley,DI,0,0,2025,0,0,,N ILLINOIS,7,D08,1,1,0,26,1,2025,54,76.5,0,0,60,0,0,0,4,0,0,67.5,0,0,0,0,N ILLINOIS,3,0,0,0,,0,0,66.2,,76.4,0,254,55,0,50,0,0,29,0,0,0,0,0,59.4
130570,Pierce Oppong,ED,0,0,,0,0,,N ILLINOIS,1,D99,0,0,0,7,1,2026,19,71.1,0,0,71.3,1,0,1,0,0,0,57.1,0,0,0,0,N ILLINOIS,1,0,1,0,,0,0,66.9,,75.3,0,254,19,0,0,1,0,11,1,0,0,0,19,55.4
130572,Jashon Prophete,CB,5,0,,0,0,40,N ILLINOIS,4,D01,55,10,0,1,1,2025,0,80,8,2,67.7,0,0,24,0,0,0,60.6,0,0,0,0,N ILLINOIS,0,0,0,0,5,45,0,66.2,4,77.6,0,254,55,0,0,0,87.5,30,0,1,0,1,0,59.6
130576,Eric Rogers,CB,2,0,2025,1,0,100,RUTGERS,2,D00,28,1,0,1,1,2025,0,76.2,21,2,66.8,0,0,17,0,0,0,62.2,26,0,0,0,RUTGERS,1,0,0,0,18,1,0,67.2,10.5,74.3,0,278,28,12,0,0,110.4,10,0,0,0,0,0,60
130580,Ray Thomas,ED,0,0,,0,2,,N ILLINOIS,2,D04,0,0,0,12,1,2026,27,27.6,0,0,60,1,0,1,0,0,0,64.5,0,0,0,1,N ILLINOIS,2,0,1,0,,0,40,68.4,,76.1,0,254,27,0,1,0,0,14,0,1,0,0,26,67.5
130583,Jacob Waskow,DI,0,0,,0,0,,N ILLINOIS,0,D96,0,0,0,2,1,2025,2,,0,0,,0,0,0,0,0,0,,0,0,0,0,N ILLINOIS,0,0,0,0,,0,,59.3,,66.5,0,254,2,0,2,0,0,0,0,0,0,0,0,59.2
130595,Pierre Kemeni Jr.,CB,0,0,,0,0,,NEW MEXICO,0,D12,1,0,0,0,1,2026,0,,0,0,60,0,0,1,0,0,0,,1,0,0,0,NEW MEXICO,0,0,0,0,,0,,60.7,,63.8,0,241,1,0,0,0,0,0,0,0,0,0,0,
130601,Roman Parodie,CB,6,0,2025,0,1,33.3,OHIO,4,D04,60,0,0,0,1,2025,1,53.6,40,2,72,0,0,43,0,0,0,50.8,60,0,0,0,OHIO,1,0,0,0,33,0,20,69.4,20,77.3,0,259,61,10,0,1,57.6,18,0,0,0,0,1,
130625,Maxen Hook,S,1,0,2025,0,1,100,TOLEDO,5,D25,66,50,0,1,1,2025,1,71.7,14,1,59.1,0,0,31,0,0,0,46.6,2,0,0,0,TOLEDO,2,0,0,0,14,4,12.5,53.8,14,76.8,0,316,67,1,0,0,118.8,35,0,2,10,0,1,60
130629,Martez Poynter,DI,0,0,,0,0,,TOLEDO,1,D59,0,0,0,11,1,2026,17,69.7,0,0,,0,0,0,0,0,0,51.7,0,0,0,0,TOLEDO,0,0,0,0,,0,0,51.4,,72.7,0,316,17,0,17,0,0,6,0,0,0,0,0,57.7
131100,Jaxson Campbell,S,1,0,,0,4,100,NAVY,2,D14,29,5,0,9,1,2026,21,23.4,4,1,63.5,3,0,22,0,0,0,41,0,0,0,0,NAVY,2,0,3,0,4,24,57.1,57.9,4,81.1,0,237,50,6,0,0,83.3,19,0,1,0,0,21,69.3
131273,Shemar Turner,DI,0,0,2025,0,0,,TEXAS A&M,2,D05,2,1,0,39,1,2025,52,72.4,0,0,60,1,0,1,1,12,0,78.6,0,0,1,0,TEXAS A&M,2,0,1,0,,0,0,76.8,,0,0,312,54,0,39,0,0,14,0,0,0,0,0,74
131462,Preston Hodge,CB,6,0,2026,0,3,33.3,COLORADO,3,D24,65,7,0,0,1,2026,0,25.7,36,2,67.9,0,0,38,0,0,0,49,1,0,1,0,COLORADO,1,0,0,0,22,57,50,64.3,18,79.8,0,143,65,23,0,1,54.9,27,0,0,0,0,0,
131570,RJ Edwards,LB,0,0,,0,1,,UMASS,0,D26,14,8,0,1,1,2026,3,29.2,0,0,65.2,0,0,4,0,0,0,43.2,0,0,0,0,UMASS,0,0,0,0,,3,50,51.5,,72.1,0,216,17,0,0,0,0,12,0,1,3,0,3,59.6
131594,Paris Shand,DI,0,0,2025,0,1,,LSU,1,D00,1,1,0,19,1,2025,42,42.9,0,0,,1,0,0,6,0,0,50.9,0,0,1,0,LSU,1,0,1,0,,0,25,47.6,,0,0,211,43,0,36,0,0,24,0,2,0,0,0,58.5
131636,Ed Woods,CB,2,0,,0,0,50,MICH STATE,2,D04,42,10,0,1,1,2025,1,78.4,10,1,57,0,0,19,0,0,0,61.2,31,0,0,0,MICH STATE,1,0,0,0,10,0,0,57.9,10,74.1,0,223,43,0,0,0,104.2,23,0,1,0,1,1,60
131639,Andy Alfieri,ED,0,0,,0,0,,OREGON ST,0,88,0,0,0,11,1,2026,26,,0,0,,0,0,0,0,0,0,62.6,0,0,0,0,OREGON ST,0,0,0,0,,0,,60.6,,77.8,0,265,26,0,0,0,0,15,0,0,0,0,26,56.4
131644,Ricky Correia,DI,0,0,,0,0,,CAL,3,D91,0,0,0,11,1,2025,20,73.8,0,0,,0,0,0,0,6,0,72.4,0,0,0,0,CAL,3,0,0,0,,0,0,69.9,,73.9,0,130,20,0,14,0,0,9,1,0,0,0,0,56.4
131656,Stanley Saole-McKenzie,DI,0,0,,0,0,,CAL,0,D94,0,0,0,11,1,2027,21,70.1,0,0,,1,0,0,0,9,0,50.2,0,0,0,0,CAL,0,0,1,0,,0,0,53.6,,74.3,0,130,21,0,12,0,0,10,0,1,0,0,0,62.2
131715,Jayson Jones,DI,0,0,2025,0,0,,AUBURN,1,D99,0,0,0,7,1,2025,14,70.1,0,0,,0,0,0,0,9,0,67.2,0,0,0,0,AUBURN,1,0,0,0,,0,0,65.1,,73.3,0,115,14,0,5,0,0,7,0,0,0,0,0,56.8
131719,Dontae Manning,CB,4,0,2025,0,2,50,OREGON,1,D08,28,1,0,0,1,2025,0,29.2,27,2,63.8,0,0,18,0,0,0,52.5,27,0,1,0,OREGON,0,1,0,0,17,0,50,61.6,13.5,74.4,0,264,28,3,0,2,71.9,10,0,1,0,0,0,
131721,Logan Sagapolu,DI,0,0,,0,1,,WASHINGTON,1,D97,0,0,0,5,1,2026,32,28.1,0,0,60,0,0,0,0,11,0,63.6,0,0,1,0,WASHINGTON,0,0,0,0,,0,50,53.3,,0,0,340,32,0,21,0,0,27,0,0,0,0,0,57.7
131723,Jake Shipley,ED,0,0,,0,0,,N TEXAS,1,D09,1,1,1,12,1,2025,49,73.6,0,0,,1,0,0,6,0,0,67.9,0,0,0,0,N TEXAS,2,0,2,0,,0,0,66.9,,78,0,251,50,0,5,0,0,38,0,0,0,0,38,59.2
131726,Bradyn Swinson,ED,1,0,2025,0,1,0,LSU,4,D04,4,1,1,23,1,2025,55,58.2,0,0,66.4,5,0,3,0,0,0,61.6,0,0,0,0,LSU,4,0,6,0,,3,14.3,69.9,,81.5,0,211,59,0,0,0,39.6,33,1,2,0,0,55,71.7
131743,Sione Lolohea,ED,0,0,,0,0,,FLORIDA ST,2,D13,0,0,0,19,1,2025,33,73.7,0,0,65.1,0,0,1,3,0,0,70.1,0,1,0,0,FLORIDA ST,2,0,1,0,,0,0,72.3,,76.5,0,167,33,0,0,0,0,13,1,0,0,0,30,59.1
131744,John Miller,LB,1,0,,0,0,0,UTAH ST,5,D26,67,63,0,8,1,2026,0,82.4,0,0,81.1,1,0,23,0,0,0,84.2,0,0,0,0,UTAH ST,3,0,1,0,,4,0,90.3,,78.3,0,329,67,0,0,1,39.6,36,0,4,0,0,0,73.8
131760,Alaka'i Gilman,LB,0,0,,0,1,,UTAH,7,D11,48,22,0,3,1,2025,18,74.5,0,0,55.2,0,0,16,0,0,0,69.7,1,0,0,0,UTAH,4,0,0,0,,20,9.1,65.2,,78.5,0,328,66,0,0,0,0,47,0,3,5,0,18,65.9
131766,Lance Keneley,ED,0,0,,0,0,,ARIZONA,2,D90,1,0,0,6,1,2025,15,74.8,0,0,,0,0,0,1,0,0,77.1,0,0,1,0,ARIZONA,2,0,0,0,,0,0,64.5,,0,0,109,16,0,6,0,0,10,0,0,0,0,8,55.8
131776,Tobin Phillips,DI,0,0,,0,0,,STANFORD,1,D40,0,0,3,28,1,2025,53,75.6,0,0,,0,0,0,0,13,0,61,0,0,0,0,STANFORD,2,0,3,0,,0,0,65.8,,76.7,0,300,53,0,40,0,0,25,0,2,0,0,0,67.2
131789,Choe Bryant-Strother,ED,0,0,,0,0,,BYU,1,D33,4,2,0,1,1,2026,1,74.8,0,0,60.2,0,0,2,0,0,0,62.5,0,0,0,0,BYU,0,0,0,0,,2,0,62.6,,69.1,0,128,5,0,0,0,0,2,0,0,0,0,1,60
131794,John Humphrey,CB,4,0,2025,0,0,25,USC,1,D19,81,1,0,0,1,2025,0,73.5,10,1,71.2,0,0,55,0,0,0,47.1,80,0,1,0,USC,0,0,0,0,10,0,0,68.6,10,78.3,0,326,81,0,0,1,39.6,26,0,0,0,0,0,
131795,Myles Jackson,ED,0,0,,0,0,,TULSA,2,D00,3,3,0,46,1,2026,76,77.4,0,0,60.3,4,0,2,0,0,0,81.7,0,0,1,0,TULSA,1,0,4,0,,0,0,68.6,,9.2,0,320,79,0,0,0,0,31,1,1,0,0,76,58
131834,Kobe Pepe,DI,0,0,,0,0,,USC,2,D94,1,1,0,13,1,2026,24,75.8,0,0,,1,0,0,1,7,0,76.5,0,0,0,0,USC,2,0,1,0,,0,0,74.6,,75.7,0,326,25,0,16,0,0,12,0,2,0,0,0,61.1
131849,Xavier Carlton,ED,1,0,2025,0,0,0,CAL,1,D44,1,1,0,14,1,2025,32,77,0,0,72.6,1,0,8,4,2,0,63.1,0,1,0,0,CAL,1,0,2,0,,0,0,70.9,,77.9,0,130,33,0,1,0,39.6,11,0,2,0,0,25,63
131852,Van Fillinger,ED,0,0,,0,3,,UTAH,1,D07,1,1,0,17,1,2025,65,22.7,0,0,60.3,0,0,2,2,0,0,56.2,0,0,0,0,UTAH,0,0,0,0,,0,60,56.6,,79.7,0,328,66,0,3,0,0,47,0,1,0,0,60,56.6
131863,Faybian Marks,CB,1,0,,0,0,0,RICE,0,D23,17,2,0,0,1,2026,0,74.2,0,0,69.8,0,0,3,0,0,0,70.7,13,0,0,0,RICE,0,0,0,0,,2,0,75.2,,71.7,0,275,17,0,0,0,39.6,14,0,1,0,0,0,
131869,Connor O'Toole,ED,0,0,2025,0,0,,UTAH,3,D81,0,0,0,5,1,2025,15,76.1,0,0,,1,0,0,0,0,0,77.7,0,0,0,0,UTAH,3,0,1,0,,0,0,78.7,,74.6,0,328,15,0,0,0,0,10,2,0,0,0,15,62.6
131876,Caine Savage,CB,2,0,,0,0,50,NEVADA,1,D01,32,2,0,0,1,2025,3,75.1,12,1,52.2,0,0,13,0,0,0,36.3,9,0,0,0,NEVADA,0,0,0,0,12,21,0,44.6,12,77.8,0,239,35,0,0,0,68.8,22,0,0,0,0,3,
131882,Zemaiah Vaughn,CB,1,0,2025,0,1,100,UTAH,2,D05,60,3,0,0,1,2025,2,47.3,28,1,62.2,0,0,18,0,0,0,68.6,57,0,0,0,UTAH,0,0,0,0,28,0,33.3,64.8,28,77.5,0,328,62,25,0,0,158.3,44,0,0,0,1,2,
131889,Carson Bruener,LB,1,0,2025,0,1,100,WASHINGTON,8,D42,58,57,0,3,1,2025,1,69,6,1,57.3,0,0,14,0,0,0,66.8,0,0,0,0,WASHINGTON,5,0,0,0,6,1,8.3,63.4,6,76.8,0,340,59,5,0,0,91.7,42,0,3,0,0,1,56.5
131892,Makell Esteen,S,0,0,,0,0,,WASHINGTON,9,D24,68,24,0,2,1,2026,0,86.9,0,0,67.8,0,0,18,0,0,0,81,1,0,0,0,WASHINGTON,4,0,0,0,,6,0,78.6,,76.1,0,340,68,0,0,0,0,48,0,2,37,0,0,71.1
131899,Elijah Jackson,CB,1,0,,0,1,100,WASHINGTON,0,D25,4,0,0,0,1,2026,0,7.9,42,1,29.9,0,0,2,0,0,0,60,4,0,0,0,WASHINGTON,0,0,0,0,42,0,100,27.8,42,68.2,0,340,4,26,0,0,158.3,2,0,0,0,1,0,
131909,Meki Pei,S,3,0,,0,1,66.7,HAWAII,6,D07,69,31,0,0,1,2025,0,47.2,8,2,70.2,0,0,45,0,0,1,62,1,0,0,0,HAWAII,1,0,0,0,5,8,14.3,69.1,4,77.3,0,180,69,14,0,0,70.1,24,0,0,29,0,0,
131922,Justin Anderson,S,2,0,,1,2,100,AKRON,6,D04,72,32,0,2,1,2026,3,49.2,14,2,63.6,0,0,47,0,0,0,66.8,0,0,0,0,AKRON,3,0,0,0,7,19,22.2,65.1,7,78.4,0,102,75,13,0,0,95.8,26,0,1,21,0,3,58.8
131933,Ayden Hector,S,5,0,,0,0,20,COLO STATE,3,D15,28,5,0,2,1,2026,0,79.7,9,1,60.5,0,0,15,0,0,0,74.4,1,0,1,0,COLO STATE,1,0,0,0,9,22,0,65.4,9,75.4,0,144,28,5,0,1,39.6,11,0,1,0,0,0,58.9
131939,Jackson Lataimua,S,1,0,,0,0,100,WASH STATE,1,D02,23,12,0,2,1,2026,0,75.3,18,1,52.6,0,0,15,0,0,0,61.6,2,0,0,0,WASH STATE,0,0,0,0,18,3,0,54.4,18,72.7,0,341,23,16,0,0,118.8,6,0,0,6,0,0,57.8
131942,Gabriel Lopez,ED,0,0,,0,0,,NEW MEXICO,3,D09,0,0,0,11,1,2026,33,76.2,0,0,60,0,0,0,8,0,0,69.3,0,0,0,0,NEW MEXICO,1,0,0,0,,0,0,69.1,,76.3,0,241,33,0,1,0,0,22,1,1,0,0,24,60.4
131947,Tanner Moku,S,0,0,,0,1,,WASH STATE,0,D32,42,21,0,0,1,2025,0,28.6,0,0,68.9,0,0,28,0,0,0,43,0,0,0,0,WASH STATE,0,0,0,0,,5,50,61.5,,74.6,0,341,42,0,0,0,0,14,0,1,16,0,0,
131954,Quinn Roff,ED,0,0,,0,0,,WASH STATE,0,D20,0,0,0,1,1,2025,4,,0,0,,0,0,0,0,0,0,63.3,0,0,0,0,WASH STATE,0,0,0,0,,0,,67.4,,69.8,0,341,4,0,0,0,0,3,0,0,0,0,4,60
131957,Tristan Souza,DI,0,0,,0,0,,BUFFALO,0,D55,0,0,0,9,1,2026,28,,0,0,,0,0,0,0,0,0,58.7,0,0,0,0,BUFFALO,0,0,0,0,,0,,61.4,,74.2,0,126,28,0,28,0,0,19,0,0,0,0,0,64.9
132048,Amarian Williams,CB,3,0,,0,0,100,LIBERTY,1,D26,41,0,0,0,1,2026,0,74.2,81,3,43.9,0,0,17,0,0,0,63.6,41,0,0,0,LIBERTY,0,0,0,0,41,0,0,46.9,27,75.5,0,206,41,30,0,0,158.3,24,0,0,0,1,0,
132408,Ty French,ED,1,0,,0,1,100,W VIRGINIA,1,D47,5,2,0,18,1,2025,30,39.7,3,1,58.9,0,0,11,0,0,0,69.2,0,1,0,0,W VIRGINIA,1,0,1,0,3,3,50,60.7,3,79,0,343,35,6,0,0,79.2,6,0,0,0,0,30,54.9
132413,Charlie Jackson,DI,0,0,,0,1,,CHARLOTTE,7,D23,0,0,0,26,1,2025,47,57.9,0,0,62.2,1,0,0,4,3,0,55.4,0,0,1,0,CHARLOTTE,5,0,1,0,,0,12.5,54.3,,0,0,136,47,0,40,0,0,21,0,0,0,0,0,57
133044,David Godsey Jr.,CB,3,0,,0,3,66.7,LA MONROE,5,D13,80,8,0,0,1,2026,0,33.6,6,2,66.8,0,0,32,0,0,0,40.3,72,0,0,0,LA MONROE,1,0,0,0,4,0,37.5,59.7,3,77.1,0,209,80,1,0,0,70.1,48,0,0,0,0,0,
133060,Brenden Jordan,S,1,0,,0,2,100,TEXAS TECH,1,D07,31,10,1,4,1,2028,2,42,5,1,46.4,0,0,19,0,0,0,71.3,0,0,1,0,TEXAS TECH,1,0,1,0,5,21,40,56,5,75.7,0,315,33,11,0,0,87.5,10,0,2,0,0,2,71.1
133066,Dylan Howell,ED,0,0,,0,0,,LA MONROE,3,D41,1,1,0,6,1,2026,17,75.1,0,0,,0,0,0,2,0,0,57.3,0,0,0,0,LA MONROE,0,0,0,0,,0,0,55.9,,74.2,0,209,18,0,0,0,0,12,0,0,0,0,15,56.1
133208,Nate Dyman,LB,2,0,,0,2,100,UTEP,3,D30,46,37,0,5,1,2026,4,53,23,2,67.1,0,0,24,0,0,0,79.4,0,0,0,0,UTEP,3,0,0,0,13,9,33.3,73.4,11.5,76.9,0,330,50,12,0,1,114.6,21,0,1,0,0,4,57.1
133219,Elliott Davison,S,7,0,2025,0,2,42.9,UTSA,1,D06,76,27,0,1,1,2025,0,24.4,38,3,52.4,0,0,52,0,0,0,41.2,1,0,0,0,UTSA,0,0,0,0,20,6,66.7,48.6,12.7,77.8,0,331,76,1,0,0,100,23,0,0,42,2,0,57.3
133825,Dontay Corleone,DI,0,0,,0,0,,CINCINNATI,0,D02,0,0,0,23,1,2026,47,,0,0,,0,0,0,0,47,0,72.6,0,0,0,0,CINCINNATI,0,0,0,0,,0,,67.9,,78.2,0,138,47,0,0,0,0,24,0,0,0,0,0,55
134146,Neto Okpala,ED,0,0,,0,0,,BOSTON COL,2,D04,0,0,0,15,1,2025,30,76.6,0,0,60.9,2,0,1,2,0,0,49,0,0,0,0,BOSTON COL,1,0,2,0,,0,0,55,,78.1,0,121,30,0,0,0,0,14,0,1,0,0,28,61.8
134521,Amieh Williams,DI,0,0,,0,0,,TULSA,1,D92,0,0,0,28,1,2025,45,69.7,0,0,,0,0,0,2,0,1,39.5,0,0,0,0,TULSA,1,0,0,1,,0,0,47.8,,75.9,0,320,45,0,40,0,0,17,0,0,0,0,3,60.6
136842,Ridge Texada,CB,2,0,,0,0,50,N TEXAS,3,D05,63,3,0,0,1,2025,0,80.1,9,1,62.4,0,0,17,0,0,0,36.2,58,0,0,0,N TEXAS,0,0,0,0,9,2,0,53.4,9,76.9,0,251,63,0,0,0,102.1,46,0,1,0,1,0,
138017,Jordan Miles,ED,0,0,,0,0,,KENNESAW,3,D94,0,0,0,27,1,2025,46,75.1,0,0,,1,0,0,29,0,0,70.9,0,0,0,0,KENNESAW,2,0,1,0,,0,0,68.1,,76,0,200,46,0,2,0,0,19,1,0,0,0,15,60
138030,Jordan Vincent,S,6,0,,0,0,50,UTAH ST,9,D24,74,40,0,0,1,2025,1,86.6,46,3,69.7,0,1,36,0,0,0,60.8,0,0,0,0,UTAH ST,2,0,0,0,32,6,0,67.4,15.3,78.2,0,329,75,10,0,0,36.1,39,0,1,28,0,1,
138115,Jy Gilmore,CB,2,0,2026,0,0,100,GA STATE,6,D05,60,9,0,1,1,2026,4,84.2,19,2,65.1,1,0,27,0,0,0,74.1,1,0,0,0,GA STATE,2,0,1,0,14,44,0,70.5,9.5,79.5,0,175,64,4,0,0,106.3,36,0,1,6,0,4,60
138141,Nyquan Washington,CB,3,0,,0,0,33.3,W MICHIGAN,0,D13,42,5,0,0,1,2025,2,74.2,16,1,59.1,0,0,25,0,0,0,62.9,36,0,0,0,W MICHIGAN,0,0,0,0,16,1,0,60.2,16,76.2,0,347,44,0,0,0,91.7,19,0,1,0,1,2,
138152,Giovanni Davis,ED,0,0,,0,0,,FIU,2,D15,1,1,0,11,1,2025,20,75.2,0,0,61,2,0,1,0,0,0,70.2,0,1,0,0,FIU,2,0,3,0,,0,0,75.1,,76.6,0,166,21,0,0,0,0,9,0,0,0,0,20,69
138154,Daylan Dotson,ED,0,0,,1,0,,UCF,6,D15,5,4,2,25,1,2025,56,81,0,0,60.9,2,0,1,0,0,0,75.8,0,0,0,0,UCF,6,0,4,0,,0,0,88,,81.7,0,323,61,0,0,0,0,35,1,1,0,0,56,87.3
138258,Quinn Urwiler,LB,0,0,,0,1,,N ILLINOIS,2,D32,21,21,0,2,1,2026,0,32.8,0,0,51.4,0,0,8,0,0,0,67.3,0,0,0,0,N ILLINOIS,2,0,0,0,,0,33.3,62.5,,68.3,0,254,21,0,0,0,0,11,0,0,0,0,0,67.6
138276,Isaiah Green,DI,0,0,,0,0,,W MICHIGAN,0,D10,0,0,0,16,1,2026,27,,0,0,,1,0,0,5,2,0,70.7,0,0,0,0,W MICHIGAN,0,0,1,0,,0,,73.4,,74,0,347,27,0,19,0,0,11,0,0,0,0,1,66.9
138455,Mikail Kamara,ED,0,0,2026,0,2,,INDIANA,2,D06,0,0,0,21,1,2026,42,29.6,0,0,60.2,2,0,1,9,0,0,66.5,0,3,0,0,INDIANA,1,0,5,0,,0,40,77.5,,77.3,0,190,42,0,5,0,0,20,0,1,0,0,28,80.1
138461,Seth Naotala,LB,0,0,,0,0,,DOMINION,2,D38,31,31,0,4,1,2026,1,77.7,0,0,64.6,0,0,16,0,0,0,74.7,0,0,0,0,DOMINION,0,0,0,0,,0,0,71,,75.9,0,263,32,0,0,0,0,12,0,1,0,0,1,56
138981,Sheldon Arnold II,S,4,0,,0,0,75,UCF,6,D09,62,34,0,0,1,2025,2,76.9,31,3,68.8,0,0,25,0,0,0,68.4,0,0,0,0,UCF,3,0,0,0,20,7,0,69.9,10.3,79.5,0,323,64,5,0,0,96.9,39,1,1,20,0,2,
139005,Chandler Martin,LB,1,0,2025,0,0,100,MEMPHIS,8,D11,49,48,2,8,1,2025,4,83.4,0,1,70,1,0,19,0,0,0,84.8,0,0,0,0,MEMPHIS,8,0,3,0,0,1,0,85.3,0,76.7,1,218,53,5,0,0,79.2,26,1,0,0,0,4,69.4
139042,Micah Robinson,CB,2,0,2025,0,1,50,TULANE,0,D06,49,0,0,0,1,2025,0,28.1,10,1,64.3,0,0,39,0,0,0,61,48,0,0,0,TULANE,0,0,0,0,10,1,100,64.6,10,76.6,0,319,49,3,0,1,104.2,10,0,0,0,1,0,
139116,Alex Oliver,CB,0,0,,0,0,,LIBERTY,1,D12,22,1,0,0,1,2025,0,76.2,0,0,53.5,0,0,9,0,0,0,70.5,21,0,1,0,LIBERTY,0,0,0,0,,0,0,58.5,,73.9,0,206,22,0,0,0,0,13,0,1,0,0,0,
139507,Donovan Green,DI,0,0,,0,0,,E MICHIGAN,1,D98,0,0,0,6,1,2026,23,70.1,0,0,60,0,0,1,1,12,0,65.1,0,0,0,0,E MICHIGAN,1,0,0,0,,0,0,64.6,,75.4,0,160,23,0,9,0,0,16,0,0,0,0,1,58.5
139541,Trey Fields,LB,0,0,,0,0,,SM HOUSTON,5,D06,60,60,0,8,1,2026,0,81.7,0,0,51.8,0,0,18,0,0,0,77,0,0,0,0,SM HOUSTON,2,0,0,0,,0,0,64.8,,77.7,0,281,60,0,0,0,0,34,1,2,0,0,0,53.5
139544,Briceon Hayes,ED,0,0,,0,1,,SM HOUSTON,0,D44,0,0,0,6,1,2026,14,32,0,0,,1,0,0,0,0,0,66.8,0,1,0,0,SM HOUSTON,0,0,2,0,,0,50,67.6,,73.8,0,281,14,0,1,0,0,8,0,1,0,0,13,61.4
139558,Richard Outland Jr.,DI,0,0,,0,2,,SM HOUSTON,2,D90,0,0,0,6,1,2026,22,25.5,0,0,,0,0,0,0,5,0,66.2,0,0,1,0,SM HOUSTON,1,0,0,0,,0,40,61.6,,0,0,281,22,0,17,0,0,16,0,1,0,0,0,66.3
139888,Anthony Campbell,DI,0,0,2025,0,0,,MIAMI FL,0,D93,0,0,0,7,1,2025,7,,0,0,,0,0,0,2,0,0,,0,0,0,0,MIAMI FL,0,0,0,0,,0,,55.9,,69.8,0,220,7,0,4,0,0,0,0,0,0,0,1,56
141334,Carlos Allen Jr.,DI,0,0,2026,0,1,,HOUSTON,3,D92,0,0,0,32,1,2026,50,50,0,0,62.9,2,0,0,16,4,0,72,0,0,0,0,HOUSTON,3,0,2,0,,0,20,72.3,,76.2,0,182,50,0,29,0,0,18,1,1,0,0,1,64.5
141335,Jalen Barnum,LB,0,0,,0,1,,KENNESAW,0,D14,22,21,0,0,1,2025,1,26.5,0,0,62.8,0,0,8,1,0,0,45.2,0,0,0,0,KENNESAW,0,0,0,0,,1,50,51.3,,73.6,0,200,23,0,0,0,0,15,0,1,0,0,0,
141336,Caleb Brown,CB,3,0,,0,1,66.7,HAWAII,2,D13,48,3,0,0,1,2028,0,37.7,11,2,62.3,0,0,32,0,0,0,65.5,42,0,1,0,HAWAII,0,0,0,0,6,2,33.3,63.4,5.5,76,0,180,48,8,0,0,72.9,16,0,0,1,0,0,
141356,Jahon Myers,ED,0,0,,0,0,,KENNESAW,1,D58,0,0,0,14,1,2026,26,70.8,0,0,,0,0,0,21,0,0,68.6,0,0,0,0,KENNESAW,1,0,0,0,,0,0,64.1,,73.4,0,200,26,0,1,0,0,12,0,0,0,0,4,55.3
141362,Tyler Scott,DI,0,0,,0,0,,KENNESAW,0,D92,0,0,0,9,1,2026,18,,0,0,,1,0,0,0,14,0,45.6,0,0,0,0,KENNESAW,0,0,1,0,,0,,50.2,,74.3,0,200,18,0,4,0,0,9,0,0,0,0,0,65.4
141716,Okiki Olorunfunmi,ED,0,0,,0,0,,NEW MEXICO,0,D17,0,0,0,1,1,2026,2,,0,0,,0,0,0,0,0,0,60,0,0,0,0,NEW MEXICO,0,0,0,0,,0,,48.1,,67.5,0,241,2,0,0,0,0,1,0,0,0,0,2,59.4
141856,Nate Valcarcel,S,1,0,2025,0,0,100,N ILLINOIS,5,D09,60,13,0,3,1,2025,7,84.3,18,1,61.6,0,0,27,0,0,0,71.6,0,1,0,0,N ILLINOIS,2,0,1,0,18,13,0,65.5,18,79.3,0,254,67,5,0,0,118.8,37,0,3,34,0,7,54.7
141888,Jack Henderson,S,2,0,2025,0,0,100,MINNESOTA,2,D20,23,7,0,3,1,2025,1,79.6,9,2,56.7,0,0,15,0,0,0,77.2,0,0,1,1,MINNESOTA,2,0,0,0,12,16,0,66.7,4.5,76.1,0,225,24,0,0,0,85.4,6,1,1,0,0,1,71.3
141889,Zy Alexander,CB,0,0,2025,0,0,,LSU,1,D14,69,5,1,1,1,2025,0,76.6,0,0,68.3,0,0,26,0,0,0,65.2,62,0,0,0,LSU,1,0,1,0,,2,0,71.4,,76.9,0,211,69,0,0,0,0,42,0,0,0,0,0,76.3
141966,Isaiah Hamilton,CB,0,0,,0,0,,OLE MISS,0,D03,20,0,0,0,1,2025,0,,0,0,64.9,0,0,12,0,0,0,60.8,19,0,0,0,OLE MISS,0,0,0,0,,1,,65.4,,73.1,0,226,20,0,0,0,0,8,0,0,0,0,0,
141996,Javon Carter,ED,0,0,,0,0,,TULANE,0,D97,0,0,0,1,1,2025,1,,0,0,,0,0,0,0,0,0,,0,0,0,0,TULANE,0,0,0,0,,0,,59.9,,65.7,0,319,1,0,0,0,0,0,0,0,0,0,1,59.5
142076,Lake Ellis,CB,2,0,,0,0,50,UMASS,1,D07,42,1,0,0,1,2025,0,73.5,4,1,64.5,0,0,10,0,0,0,51.6,38,0,0,0,UMASS,0,0,0,0,4,3,0,60.3,4,75.9,0,216,42,5,0,0,56.3,32,0,0,0,0,0,
142101,Arsheen Jiles,CB,4,0,,0,0,50,UMASS,3,D01,35,1,0,0,1,2025,0,77.9,31,2,58.6,0,0,11,0,0,0,65.8,33,0,0,0,UMASS,0,0,0,0,20,0,0,60.9,15.5,74.7,0,216,35,5,0,1,76,24,0,0,0,0,0,
142172,Teddye Buchanan,LB,2,0,2025,0,0,0,CAL,6,D10,49,46,0,4,1,2025,6,81.1,0,0,50.1,0,0,29,0,0,0,77.8,0,1,0,0,CAL,4,0,1,0,,3,0,61.2,,77.2,0,130,55,0,0,0,39.6,22,1,1,0,0,6,54.8
142203,Jessie Evans,ED,0,0,,0,2,,LA TECH,2,D02,0,0,0,14,1,2025,36,24.5,0,0,,3,0,0,1,0,0,56.3,0,0,0,0,LA TECH,2,0,3,0,,0,50,58.8,,76.6,0,208,36,0,3,0,0,22,1,0,0,0,32,62.1
142289,Darius McKenzie,LB,1,0,,0,0,0,S ALABAMA,1,D28,35,34,0,3,1,2026,0,77.5,0,0,72.1,0,0,11,0,0,0,68.8,0,0,0,0,S ALABAMA,1,0,0,0,,0,0,72.8,,74.5,0,288,35,0,0,0,39.6,21,0,2,0,0,0,54.8
142299,Dorian Royal,ED,1,0,,0,0,100,GA STATE,2,D08,0,0,0,5,1,2028,20,72.9,18,1,60,1,0,0,9,0,0,71.5,0,0,0,0,GA STATE,1,0,1,0,18,0,0,56.6,18,73.6,0,175,20,0,3,0,158.3,15,0,0,0,1,8,55.7
142350,Aamir Hall,CB,2,0,,0,1,100,MICHIGAN,6,D12,64,9,0,0,1,2025,1,64.2,27,2,62.1,0,0,29,0,0,0,78.4,53,0,0,0,MICHIGAN,1,0,0,0,20,2,12.5,67.4,13.5,76.6,0,222,65,16,0,0,158.3,36,0,1,0,1,1,
142424,John Pius,ED,0,0,,0,0,,WISCONSIN,0,D00,0,0,0,11,1,2025,14,,0,0,60,3,0,1,0,0,0,60,0,0,0,0,WISCONSIN,0,0,3,0,,0,,82.7,,75.5,0,349,14,0,0,0,0,2,0,0,0,0,14,82.4
142644,Jeffrey Smyth,S,0,0,,0,0,,GA SOUTHRN,0,D44,5,2,0,0,1,2025,0,,0,0,,0,0,0,0,0,0,60.3,0,0,0,0,GA SOUTHRN,0,0,0,0,,0,,61.1,,67.4,0,174,5,0,0,0,0,5,0,0,3,0,0,
143001,Blake Leake,LB,2,0,,0,1,100,OHIO,0,D09,12,10,0,1,1,2025,0,26.5,34,2,51.2,0,0,7,0,0,0,65.6,0,0,0,0,OHIO,0,0,0,0,18,2,50,53.6,17,72.3,0,259,12,17,0,0,118.8,4,0,1,0,0,0,60
143017,Max Hurleman,S,0,0,2025,0,0,,NOTRE DAME,0,D37,3,2,0,0,1,2025,0,74.8,0,0,,0,0,0,0,0,0,63.6,0,0,0,0,NOTRE DAME,0,0,0,0,,0,0,65.9,,67.1,0,258,3,0,0,0,0,3,0,1,1,0,0,
143026,Owen Goss,S,2,0,,0,0,50,ARIZONA,6,D27,66,47,0,0,1,2025,0,82.1,-1,1,67.3,0,0,31,0,0,0,59,0,0,0,0,ARIZONA,2,0,0,0,-1,18,0,64.8,-1,73.4,0,109,66,4,0,0,56.3,35,1,0,1,0,0,
143073,Terrence Spence,CB,8,0,,0,0,25,JAMES MAD,2,D03,60,1,0,0,1,2025,0,77,46,2,66.6,0,1,37,0,0,0,63.5,59,0,0,0,JAMES MAD,0,0,0,0,38,0,0,67,23,76.9,0,197,60,33,0,1,11.5,23,0,0,0,0,0,
143761,Parker McKenna,LB,2,0,,0,0,50,WASH STATE,0,D46,14,9,0,2,1,2026,0,,12,1,54.7,1,0,10,0,0,0,60,1,0,0,0,WASH STATE,0,0,1,0,12,3,,53.6,12,71.6,0,341,14,4,0,1,68.8,2,0,0,0,0,0,60
143814,Shawn Asbury II,S,3,0,,0,4,100,INDIANA,5,D01,56,17,1,2,1,2025,0,29.2,25,3,67.4,1,0,30,0,0,0,56.6,0,0,0,0,INDIANA,4,0,2,0,15,9,44.4,67.5,8.3,75.6,0,190,56,8,0,0,101.4,24,0,0,30,0,0,77.2
143821,Ty Clemons,DI,0,0,,0,0,,BOSTON COL,0,D90,0,0,0,1,1,2027,1,,0,0,,0,0,0,0,0,0,,0,0,0,0,BOSTON COL,0,0,0,0,,0,,60,,64.7,0,121,1,0,1,0,0,0,0,0,0,0,0,59.8
143824,Donovan Ezeiruaku,ED,0,0,2025,0,0,,BOSTON COL,3,D06,13,12,0,39,1,2025,60,78,0,0,62.5,2,0,5,0,0,0,56.9,0,1,0,0,BOSTON COL,2,0,3,0,,1,0,59.3,,82.2,0,121,73,0,0,0,0,29,0,1,0,0,60,58.9
143827,Quintayvious Hutchins,ED,2,0,2026,1,1,50,BOSTON COL,2,D15,2,1,0,24,1,2026,41,40.5,12,1,92.4,1,1,4,2,0,1,58.5,0,0,0,0,BOSTON COL,0,0,1,0,12,1,25,80.5,12,78.9,0,121,43,9,2,0,29.2,15,0,1,0,0,37,65.3
143832,Owen McGowan,LB,3,0,,0,0,66.7,BOSTON COL,5,D33,66,62,0,15,1,2026,7,81.9,13,2,69.4,0,0,29,0,0,0,63.1,0,1,0,0,BOSTON COL,2,0,1,0,7,4,0,67.2,6.5,76.6,0,121,73,6,0,1,115.3,29,0,2,0,1,7,58.4
143839,Owen Stoudmire,DI,0,0,,0,0,,BOSTON COL,0,D93,0,0,0,31,1,2028,56,70.8,0,0,59.3,0,0,1,20,1,0,63.9,0,0,0,0,BOSTON COL,0,0,0,0,,0,0,57.1,,77.5,0,121,56,0,20,0,0,24,0,1,0,0,15,52.7
143846,Cameron Bergeron,LB,2,0,,1,1,50,DUKE,3,D04,49,27,1,1,1,2025,1,69.9,11,1,84.8,1,1,19,0,0,0,48.1,0,0,0,0,DUKE,1,0,2,0,11,22,16.7,77.6,11,73.8,0,154,50,7,0,0,27.1,30,0,2,0,0,1,91.2
143853,Tre Freeman,LB,3,0,,1,1,0,DUKE,2,D12,42,31,0,0,1,2026,4,43.8,0,0,94.2,0,1,20,0,0,1,55,0,0,0,0,DUKE,1,0,0,0,,11,25,91.5,,75.2,0,154,46,0,0,0,0,26,0,1,0,0,4,
143855,Aaron Hall,DI,0,0,2026,0,1,,DUKE,3,D99,0,0,0,20,1,2026,56,52.9,0,0,,0,0,0,1,0,0,68.5,0,1,0,0,DUKE,2,0,1,0,,0,16.7,70,,76.1,0,154,56,0,55,0,0,36,0,2,0,0,0,65.6
143858,Brandon Johnson,CB,5,0,2025,0,1,60,OREGON,3,D03,42,5,0,7,1,2025,3,46.5,21,3,60.8,0,0,23,0,0,0,65.9,0,1,1,0,OREGON,0,0,1,0,8,37,25,60.8,7,79.6,0,264,45,15,0,1,69.6,15,0,0,0,0,3,53.3
143869,Joshua Pickett,CB,1,0,2025,0,0,0,DUKE,1,D26,54,4,0,0,1,2025,0,76.7,0,0,59.9,0,0,24,0,0,0,66.7,48,0,1,0,DUKE,0,0,0,0,,2,0,62.1,,76.1,0,154,54,0,0,0,39.6,30,0,0,0,0,0,
143874,Shyheim Brown,S,1,0,,0,1,0,FLORIDA ST,3,D01,51,39,0,2,1,2026,3,49.7,0,0,58.3,1,0,33,0,0,0,35.9,0,0,0,0,FLORIDA ST,1,0,1,0,,5,25,50.6,,76.4,0,167,54,0,0,0,39.6,19,0,0,7,0,3,59.5
143880,Joshua Farmer,DI,0,0,2025,0,0,,FLORIDA ST,0,D05,0,0,0,29,1,2025,47,69.7,0,0,,0,0,0,11,4,0,63.6,0,0,0,0,FLORIDA ST,0,0,0,0,,0,0,62.9,,75.4,0,167,47,0,32,0,0,18,0,1,0,0,0,59.7
143885,Kevin Knowles II,CB,6,0,2025,0,1,83.3,FLORIDA ST,2,D03,43,0,0,1,1,2025,0,78.6,28,5,64,0,0,31,0,0,0,65.1,0,0,0,0,FLORIDA ST,0,0,0,0,13,43,25,64.7,5.6,78.7,0,167,43,19,0,0,86.1,11,0,1,0,0,0,59.2
143893,Patrick Payton,ED,0,0,,0,0,,FLORIDA ST,1,D11,0,0,0,34,1,2026,55,73.7,0,0,62.8,1,0,0,6,0,0,61.3,0,0,0,0,FLORIDA ST,1,0,1,0,,0,0,62.2,,78.9,0,167,55,0,0,0,0,21,0,1,0,0,49,54.8
143897,Byron Turner Jr.,ED,0,0,,0,0,,FLORIDA ST,1,D54,0,0,0,14,1,2026,23,71.1,0,0,,1,0,0,1,0,0,63.8,0,0,0,0,FLORIDA ST,0,0,1,0,,0,0,64,,76.3,0,167,23,0,0,0,0,9,0,0,0,0,22,60.5
143898,Hunter Washington,S,1,0,,0,1,100,MISS STATE,2,D21,42,10,0,0,1,2026,1,61.2,11,1,58.1,0,0,26,0,0,0,49.4,0,0,0,0,MISS STATE,0,0,0,0,11,12,25,55,11,76.8,0,227,43,0,0,0,112.5,17,0,1,20,0,1,
143903,Zeek Biggers,DI,0,0,2025,0,2,,GA TECH,1,D88,0,0,0,17,1,2025,33,23.6,0,0,,0,0,0,0,4,0,57.2,0,0,0,0,GA TECH,0,0,0,0,,0,66.7,55.7,,75.2,0,176,33,0,29,0,0,16,0,0,0,0,0,55.1
143907,Grey Carroll,ED,0,0,,0,0,,LIBERTY,0,D49,0,0,0,2,1,2026,2,,0,0,,0,0,0,1,0,0,,0,0,0,0,LIBERTY,0,0,0,0,,0,,59.8,,65.8,0,206,2,0,1,0,0,0,0,0,0,0,0,59.7
143928,Joshua Robinson,ED,0,0,,0,0,,GA TECH,1,D27,0,0,0,13,1,2025,34,75.1,0,0,60,2,0,0,2,0,0,64.5,0,0,0,0,GA TECH,1,0,2,0,,0,0,65.4,,76.8,0,176,34,0,1,0,0,21,0,2,0,0,31,60.8
143931,Trenilyas Tatum,LB,2,0,,0,2,100,GA TECH,3,D00,27,24,0,8,1,2025,8,27.6,0,2,64.8,1,0,13,0,0,0,27.6,0,0,0,0,GA TECH,2,0,1,0,8,3,40,39.4,0,75.5,0,176,35,6,0,0,79.2,14,0,0,0,0,8,53
143939,Thomas Davis,ED,0,0,,0,0,,APP STATE,3,D15,4,2,0,12,1,2027,29,78.8,0,0,64.1,2,0,5,0,0,0,63.4,0,0,0,0,APP STATE,1,0,2,0,,2,0,68.1,,79.2,0,108,33,0,0,0,0,16,0,1,0,0,29,66.2
143943,Allan Haye,DI,0,0,,0,0,,TEMPLE,0,D97,0,0,0,16,1,2026,26,,0,0,,0,0,0,1,8,0,55.8,0,0,0,0,TEMPLE,0,0,0,0,,0,,54.8,,75.8,0,306,26,0,17,0,0,10,0,0,0,0,0,56.2
143952,Chase Smith,LB,0,0,,0,0,,MIAMI FL,0,D41,2,2,0,0,1,2027,0,,0,0,60,0,0,1,0,0,0,60,0,0,0,0,MIAMI FL,0,0,0,0,,0,,60.9,,64.6,0,220,2,0,0,0,0,1,0,0,0,0,0,
143956,RaRa Dillworth,ED,0,0,,0,0,,BAYLOR,0,D36,1,0,0,0,1,2025,0,,0,0,60,0,0,1,0,0,0,,0,0,0,0,BAYLOR,0,0,0,0,,1,,60.3,,63.8,0,118,1,0,0,0,0,0,0,0,0,0,0,
143957,Dontae Balfour,CB,6,0,,0,1,50,CHARLOTTE,2,D01,84,12,0,0,1,2026,0,37.1,9,3,76.8,0,1,41,0,0,0,66.3,69,0,1,0,CHARLOTTE,0,0,0,0,5,2,33.3,76.3,3,77,0,136,84,9,0,1,56.3,43,0,0,1,1,0,
143959,DeAndre Boykins,S,2,0,,0,0,100,N CAROLINA,0,D16,8,6,0,0,1,2027,0,,76,2,25,0,0,5,0,0,0,60,0,0,0,0,N CAROLINA,0,0,0,0,68,2,,24.1,38,71.5,0,245,8,46,0,0,158.3,3,0,0,0,1,0,
143961,Power Echols,LB,5,0,2025,0,0,60,N CAROLINA,6,D23,62,49,0,3,1,2025,0,81,23,3,64.4,2,0,46,0,0,0,58.8,1,0,0,1,N CAROLINA,1,0,2,0,9,11,0,68,7.7,76.8,0,245,62,23,0,0,71.3,13,0,0,1,0,0,83.3
143972,Dontavius Nash,CB,2,0,,0,0,100,E CAROLINA,1,D06,27,3,0,0,1,2026,0,74.2,87,2,28.7,0,0,16,0,0,0,61.7,24,0,1,0,E CAROLINA,0,0,0,0,60,0,0,29.2,43.5,73.4,0,156,27,30,0,0,158.3,11,0,0,0,2,0,
143977,Jahvaree Ritzie,DI,0,1,2025,0,0,,N CAROLINA,1,D05,0,0,1,30,1,2025,44,73.4,0,0,,1,1,0,5,2,0,64.3,0,0,0,0,N CAROLINA,0,0,2,0,,0,0,80.1,,75.7,0,245,44,0,37,0,0,14,0,1,0,0,0,82.2
143979,Keeshawn Silver,DI,0,0,2026,0,0,,KENTUCKY,2,D09,0,0,1,19,1,2026,37,74.1,0,0,,1,0,0,0,34,0,59.4,0,0,0,0,KENTUCKY,2,0,2,0,,0,0,63.7,,79,0,202,37,0,3,0,0,18,0,2,0,0,0,66.8
144015,Noah Biglow,CB,2,0,,0,0,0,PITTSBURGH,0,D28,22,0,0,0,1,2026,0,,0,0,74.6,0,0,20,0,0,0,60,22,0,0,0,PITTSBURGH,0,0,0,0,,0,,75.1,,73.8,0,268,22,0,0,0,39.6,2,0,0,0,0,0,
144018,Tamarion Crumpley,CB,2,0,,0,0,100,PITTSBURGH,4,D18,23,0,0,0,1,2026,0,80.7,9,2,69.1,0,0,19,0,0,0,60,23,0,0,0,PITTSBURGH,2,0,0,0,9,0,0,69.4,4.5,73.6,0,268,23,4,0,0,85.4,4,0,1,0,0,0,
144025,Nahki Johnson,DI,0,0,,0,0,,PITTSBURGH,0,D04,0,0,0,28,1,2026,35,71.9,0,0,62.6,2,0,0,0,0,0,52.2,0,1,0,0,PITTSBURGH,0,0,3,0,,0,0,77.4,,74.6,0,268,35,0,35,1,0,7,0,1,0,0,0,77.8
144027,Nick Lapi,LB,2,0,,0,0,100,PITTSBURGH,2,D59,11,9,0,2,1,2026,0,76.8,4,2,72.9,0,0,9,0,0,0,,0,0,0,0,PITTSBURGH,1,0,0,0,5,2,0,73.9,2,70.4,0,268,11,5,0,0,79.2,0,1,0,0,0,0,57.7
144029,Javon McIntyre,S,6,0,,0,0,33.3,PITTSBURGH,4,D07,60,32,0,0,1,2026,1,80.4,12,2,76.7,0,0,38,0,0,0,69.3,0,0,0,0,PITTSBURGH,1,0,0,0,7,14,0,77.3,6,76.4,0,268,61,3,0,1,42.4,23,0,0,14,0,1,
144033,Phillip O'Brien Jr.,S,3,0,,0,0,100,PITTSBURGH,1,D05,34,14,0,0,1,2025,0,78,67,3,53.7,0,1,30,0,0,0,63,0,0,0,0,PITTSBURGH,0,0,0,0,37,12,0,55.7,22.3,75.2,0,268,34,53,0,0,79.2,4,0,1,8,0,0,
144040,Duce Chestnut,S,2,0,,0,1,0,SYRACUSE,5,D00,38,20,0,0,1,2026,1,62.9,0,0,88.9,0,0,21,0,0,0,68,0,0,0,0,SYRACUSE,4,0,0,0,,5,16.7,85.9,,76.5,0,304,39,0,0,2,39.6,18,1,0,13,0,1,
144053,Terry Lockett Jr.,DI,0,0,,0,0,,JAMES MAD,1,D90,0,0,0,9,1,2026,21,72.4,0,0,59.5,0,0,1,0,0,0,76.3,0,0,0,0,JAMES MAD,1,0,0,0,,0,0,72.9,,73.5,0,197,21,0,21,0,0,11,0,1,0,0,0,62.8
144059,Derek McDonald,LB,5,0,,0,1,100,SYRACUSE,3,D15,37,28,0,1,1,2027,0,65.3,24,5,64.6,0,0,18,0,0,0,61.6,0,0,0,0,SYRACUSE,2,0,0,0,20,9,16.7,64.3,4.8,72.8,0,304,37,16,0,0,126.3,18,0,2,0,1,0,60
144067,Chase Simmons,ED,0,0,,0,0,,SYRACUSE,0,D30,0,0,0,5,1,2026,13,,0,0,,0,0,0,6,0,0,61.8,0,0,1,0,SYRACUSE,0,0,0,0,,0,,48.9,,0,0,304,13,0,0,0,0,8,0,0,0,0,7,57.6
144071,Mattheus Carroll,ED,0,0,,0,0,,KENT STATE,0,D17,0,0,0,6,1,2026,12,,0,0,,0,0,0,1,0,0,61.3,0,0,0,0,KENT STATE,0,0,0,0,,0,,64.2,,73.7,0,201,12,0,0,0,0,6,0,0,0,0,11,63
144085,Jaylen Jones,S,7,0,2025,0,0,28.6,VA TECH,5,D15,77,31,0,0,1,2025,0,83.3,8,2,62.6,0,1,48,0,0,0,75.4,1,0,0,0,VA TECH,2,0,0,0,7,22,0,67,4,79.2,0,337,77,11,0,0,0,29,0,1,23,0,0,
144086,Jaden Keller,LB,5,0,2026,0,0,40,VA TECH,5,D24,59,56,0,3,1,2026,0,82.4,18,2,62.9,0,0,35,0,0,0,58.1,0,0,0,1,VA TECH,4,0,0,0,12,3,0,63.4,9,76.3,0,337,59,18,0,0,50.4,21,0,3,0,0,0,68.6
144087,Keli Lawson,LB,1,0,2026,0,0,0,VA TECH,3,D00,18,13,0,4,1,2026,3,77.6,0,0,75.2,1,1,11,0,0,0,67.3,1,0,0,0,VA TECH,1,0,1,0,,4,0,78.6,,74,0,337,21,0,0,0,0,6,0,0,0,0,3,64.9
144096,Cole Nelson,ED,0,0,,0,0,,VA TECH,1,D17,0,0,0,25,1,2025,41,71.1,0,0,60,1,0,1,0,0,0,47.2,0,0,0,0,VA TECH,0,0,1,0,,0,0,49.9,,77.7,0,337,41,0,0,0,0,15,0,0,0,0,41,55.8
144145,Jaylin Alderman,LB,0,0,,0,0,,MIAMI FL,1,D21,30,29,0,0,1,2026,1,77.2,0,0,64.9,0,0,21,0,0,0,71.8,0,0,0,0,MIAMI FL,1,0,0,0,,1,0,70.3,,75.7,0,220,31,0,0,0,0,10,0,1,0,0,1,
144151,Ryheem Craig,ED,2,0,,0,0,50,E CAROLINA,1,D32,15,12,0,16,1,2026,32,73,6,1,54.2,2,0,12,1,0,0,73.2,0,0,1,0,E CAROLINA,1,0,2,0,6,3,0,65.6,6,0,0,156,47,0,0,0,56.3,19,0,0,0,0,31,72.5
144154,Ashton Gillotte,ED,0,0,2025,0,0,,LOUISVILLE,7,D09,0,0,0,31,1,2025,61,78.8,0,0,60,5,0,1,5,0,0,78.4,0,1,0,0,LOUISVILLE,5,0,6,0,,0,0,80.5,,79.4,0,210,61,0,0,0,0,29,3,0,0,0,56,72
144157,Jackson Hamilton,LB,2,0,,0,0,100,GA TECH,2,D17,25,25,0,3,1,2026,4,75.8,14,2,31.1,0,0,11,0,0,0,67.9,0,0,0,0,GA TECH,2,0,0,0,9,0,0,44,7,73.2,0,176,29,14,0,0,95.8,15,0,0,0,0,4,57.6
144172,Benjamin Perry,LB,1,0,,0,0,100,LOUISVILLE,3,D10,23,14,0,0,1,2027,2,78.3,0,1,72.2,0,0,14,0,0,0,73.3,0,0,0,0,LOUISVILLE,2,0,0,0,0,8,0,76.1,0,72.3,0,210,25,1,0,0,79.2,11,0,0,1,0,2,
144173,TJ Quinn,LB,3,0,2026,0,0,100,LOUISVILLE,8,D34,53,47,0,3,1,2026,1,82.4,30,3,48.3,0,0,19,0,0,0,77.3,0,0,0,0,LOUISVILLE,5,0,0,0,18,6,0,62.7,10,75.5,0,210,54,15,0,0,108.3,32,0,0,0,0,1,57.2
144177,Kani Walker,CB,3,0,2026,0,0,66.7,OKLAHOMA,2,D26,32,3,0,0,1,2026,0,77.1,60,2,39.3,0,0,18,0,0,0,72.4,29,0,0,0,OKLAHOMA,1,0,0,0,34,0,0,45.6,30,74.1,0,261,32,14,0,0,109.7,14,0,0,0,0,0,
144181,Quincy Bryant,LB,2,0,,0,1,100,WAKE,2,D09,14,11,0,1,1,2026,2,44.3,18,2,53.6,1,0,8,0,0,0,72.6,0,0,0,0,WAKE,0,0,1,0,10,3,25,62.3,9,71.9,0,339,16,18,0,0,104.2,7,0,1,0,0,2,58.8
144192,Dylan Hazen,LB,3,0,,0,3,66.7,WAKE,3,D24,53,44,0,2,1,2026,0,39,26,2,61.2,1,0,35,0,0,0,75.4,2,0,0,0,WAKE,1,0,1,0,15,7,27.3,66.2,13,74.9,0,339,53,11,0,0,93.8,16,0,5,0,0,0,58.3
144195,DaShawn Jones,CB,2,0,2026,0,0,50,ALABAMA,1,D07,21,3,0,0,1,2026,0,76.2,6,1,65.2,0,0,5,0,0,0,65.3,12,0,0,0,ALABAMA,0,0,0,0,6,6,0,67.2,6,72.5,0,103,21,2,0,0,56.3,16,0,1,0,0,0,
144196,Zach Lohavichan,DI,0,0,,0,0,,WAKE,0,D94,0,0,0,20,1,2027,32,70.1,0,0,,0,0,0,5,14,0,61.7,0,0,0,0,WAKE,0,0,0,0,,0,0,59,,75.8,0,339,32,0,13,0,0,12,0,1,0,0,0,55.8
144208,Evan Slocum,S,7,0,,0,2,85.7,WAKE,8,D07,70,24,0,0,1,2025,0,64.6,46,6,72.1,0,0,51,0,0,0,61.3,1,0,0,0,WAKE,3,0,0,0,16,26,14.3,70.9,7.7,77.9,0,339,70,19,0,0,133.6,19,0,4,19,1,0,
144214,BJ Williams,ED,0,0,,0,0,,WAKE,0,D18,3,2,0,12,1,2026,22,,0,0,62.6,2,0,5,4,0,0,59.9,0,0,0,0,WAKE,0,0,2,0,,1,,65.7,,75.6,0,339,25,0,1,0,0,8,0,0,0,0,17,66.2
144217,Jack Dingle,LB,0,0,2026,0,1,,CINCINNATI,2,D49,34,27,0,4,1,2026,8,51.5,0,0,53.3,1,0,17,0,0,0,62.1,0,0,0,0,CINCINNATI,0,0,1,0,,7,20,58.6,,78.4,0,138,42,0,0,0,0,21,0,2,0,0,8,65.1
144224,Rob Jackson,ED,0,0,,0,0,,CINCINNATI,0,D99,0,0,0,22,1,2026,47,,0,0,,2,0,0,5,0,0,66.6,0,0,0,0,CINCINNATI,0,0,2,0,,0,,61.5,,77.4,0,138,47,0,4,0,0,25,0,0,0,0,38,52.9
144241,Jah-Mal Williams,ED,0,0,,0,2,,TROY,2,D05,6,5,0,19,1,2026,42,39,0,0,71.8,2,0,9,0,0,1,71.2,0,0,0,0,TROY,2,0,2,0,,1,40,66.1,,79.6,0,318,48,0,0,0,0,20,0,1,0,0,42,48.5
144248,Jalen Garner,LB,1,0,,0,0,100,HOUSTON,1,D36,13,13,0,2,1,2026,0,73.1,4,1,70.3,1,0,9,0,0,0,60,0,0,0,0,HOUSTON,1,0,1,0,4,0,0,75.8,4,69.8,0,182,13,2,0,0,83.3,2,0,0,0,0,0,66.8
144249,Demarcus Griffin-Taylor,CB,1,0,,0,1,100,LA TECH,2,D08,60,0,0,0,1,2025,0,46.9,-2,1,71,0,0,17,0,0,0,54.8,60,0,0,0,LA TECH,2,0,0,0,-2,0,25,66.7,-2,77.1,0,208,60,1,0,0,79.2,43,1,1,0,0,0,
144261,Zy Brockington,DI,0,0,,0,0,,AKRON,1,D96,0,0,0,22,1,2025,38,70.2,0,0,,0,0,0,0,5,0,68.6,0,1,0,0,AKRON,1,0,1,0,,0,0,66.1,,75.4,0,102,38,0,33,0,0,16,0,0,0,0,0,58.6
144277,Tyrell Raby,CB,2,0,,0,0,50,MIDDLE TN,3,D29,44,2,0,0,1,2026,0,78.5,6,1,63.5,0,0,18,0,0,0,66.4,42,0,0,0,MIDDLE TN,0,0,0,0,6,0,0,65.2,6,75.3,0,224,44,1,0,0,56.3,26,0,0,0,0,0,
144280,Greg Rubin,S,0,0,,0,0,,MEMPHIS,2,D24,37,23,0,5,1,2025,9,80.4,0,0,54.9,0,0,21,0,0,0,62.9,0,0,1,0,MEMPHIS,1,0,0,0,,9,0,57.6,,77.4,0,218,46,0,0,0,0,20,1,2,5,0,9,56.6
144281,Cameron Smith,S,0,0,,0,1,,TCU,1,D29,18,9,0,0,1,2025,0,28.3,0,0,64.5,0,0,8,0,0,0,55.5,0,0,0,0,TCU,1,0,0,0,,6,50,61.3,,73.5,0,305,18,0,0,0,0,10,0,0,2,0,0,
144288,William Whitlow Jr.,ED,0,0,,0,0,,MEMPHIS,0,D94,0,0,1,22,1,2026,45,71.5,0,0,,0,0,0,17,0,0,62.5,0,1,0,0,MEMPHIS,0,0,2,0,,0,,60.5,,76.5,0,218,45,0,13,0,0,23,0,0,0,0,15,57.1
144293,Marcus Bleazard,LB,0,0,,0,0,,NAVY,1,D53,7,7,0,0,1,2028,1,77.8,0,0,60,0,0,1,0,0,0,62.1,0,0,0,0,NAVY,0,0,0,0,,0,0,63.1,,71,0,237,8,0,0,0,0,7,0,2,0,0,1,
144307,Randy Franklin,S,0,0,,0,0,,CHARLOTTE,0,D43,7,0,0,1,1,2026,1,,0,0,62.9,0,0,4,0,0,0,60,0,0,0,0,CHARLOTTE,0,0,0,0,,7,,62.8,,75.5,0,136,8,0,0,0,0,3,0,0,0,0,1,58.8
144318,Kyle Jacob,LB,3,0,,0,1,66.7,NAVY,9,D43,57,54,0,16,1,2025,5,67.4,25,2,54.3,3,0,19,0,0,0,67,0,1,0,0,NAVY,4,0,4,0,13,3,9.1,57.2,12.5,77.4,0,237,62,11,0,1,92.4,27,0,1,0,0,5,49.9
144326,Rayuan Lane III,S,2,0,2025,0,0,100,NAVY,3,D18,59,28,0,2,1,2025,3,83.9,54,2,53.3,0,0,33,0,0,0,64.3,0,0,0,0,NAVY,0,0,0,0,37,12,0,56.8,27,78.5,0,237,62,8,0,0,158.3,27,0,3,19,1,3,57.5
144327,Elias Larry,CB,6,0,,0,1,66.7,COLO STATE,2,D03,52,0,0,1,1,2025,3,53.5,71,4,49.7,0,0,34,0,0,0,63.3,52,0,0,0,COLO STATE,0,0,0,0,37,0,33.3,51.3,17.8,77.7,0,144,55,17,0,0,106.9,20,0,0,0,0,3,60
144335,Dashaun Peele,CB,4,0,,0,0,50,NAVY,2,D01,53,2,0,0,1,2025,3,78.5,10,2,74.6,0,0,33,0,0,0,66.5,51,0,0,0,NAVY,0,0,0,0,5,0,0,75.1,5,77.4,0,237,56,-1,0,1,56.3,23,0,0,0,0,3,
144338,Colin Ramos,LB,1,0,,0,0,100,NAVY,10,D44,51,45,0,10,1,2025,9,84.3,-2,1,73,0,0,25,0,0,0,83.5,0,0,0,0,NAVY,5,0,0,0,-2,6,0,80.5,-2,78.4,0,237,60,0,0,0,79.2,25,1,1,0,0,9,61.5
144339,Justin Reed,ED,0,0,,0,0,,NAVY,0,D94,0,0,1,34,1,2025,58,75.9,0,0,,1,0,0,7,0,0,70.7,0,1,0,1,NAVY,1,0,3,0,,0,0,68.6,,78.5,0,237,58,0,4,0,0,24,0,1,0,0,47,61.8
144342,Jordan Sanders,ED,0,0,,0,0,,NAVY,0,D33,0,0,0,1,1,2025,5,,0,0,,0,0,0,0,0,0,61,0,0,0,0,NAVY,0,0,0,0,,0,,61.9,,71.6,0,237,5,0,0,0,0,4,0,0,0,0,5,60
144352,Mbiti Williams Jr.,S,5,0,,0,1,80,NAVY,2,D07,62,26,0,0,1,2025,0,55.9,59,4,45.6,0,0,35,0,0,0,64.6,0,0,0,0,NAVY,0,0,0,0,42,15,25,49.7,14.8,76.1,0,237,62,35,0,0,115.8,27,0,1,21,0,0,
144373,Isaiah Nwokobia,S,6,0,2026,0,1,83.3,SMU,11,D23,80,30,0,3,1,2026,0,74.8,33,5,67.3,1,0,50,0,0,0,63.5,3,1,0,0,SMU,2,0,2,0,11,17,7.7,71,6.6,77.9,0,287,80,25,0,1,89.6,27,0,1,30,0,0,90
144399,Jalen Satchell,DI,0,0,,0,0,,MICH STATE,1,D93,0,0,0,9,1,2026,12,70.1,0,0,60,0,0,0,0,4,0,49.4,0,0,0,0,MICH STATE,0,0,0,0,,0,0,47.6,,72.2,0,223,12,0,8,0,0,3,0,0,0,0,0,56.3
144405,Jadon Canady,CB,1,0,2026,0,0,0,OLE MISS,0,D28,69,3,0,0,1,2026,0,,0,0,79.8,0,0,48,0,0,0,63.5,57,0,0,0,OLE MISS,0,0,0,0,,9,,79.4,,77.7,0,226,69,0,0,1,39.6,21,0,0,0,0,0,
144407,Elijah Champaigne,DI,0,0,,0,0,,TULANE,1,D93,0,0,0,21,1,2026,23,69.7,0,0,60,1,0,0,19,0,0,60.9,0,0,0,0,TULANE,1,0,1,0,,0,0,60,,73.3,0,319,23,0,4,0,0,2,0,0,0,0,0,57.6
144409,Keith Cooper Jr.,ED,0,0,2025,0,0,,HOUSTON,3,D05,0,0,0,32,1,2025,51,74.4,0,0,,0,0,0,19,0,1,77.6,0,1,0,0,HOUSTON,3,0,1,0,,0,0,71.4,,77.1,0,182,51,0,2,0,0,19,1,0,0,0,30,59.7
144411,Devean Deal,ED,2,0,2026,0,0,100,TCU,7,D11,35,25,1,25,1,2026,53,84.5,14,2,68.3,1,0,20,0,0,0,79.1,0,0,0,0,TCU,3,0,2,0,7,9,0,75.8,7,83.9,0,305,88,21,0,0,95.8,43,0,3,0,0,53,63.4
144413,Bailey Despanie,S,4,0,,0,1,100,TULANE,4,D32,50,17,0,0,1,2026,0,60.9,42,4,65,0,0,36,0,0,0,74.5,0,0,0,0,TULANE,2,0,0,0,15,10,16.7,68.7,10.5,77.2,0,319,50,28,0,0,110.4,14,0,1,23,0,0,
144426,Mike Lunz,ED,0,0,,0,0,,TULANE,0,D44,0,0,0,4,1,2026,5,,0,0,,0,0,0,0,0,0,60,0,0,0,0,TULANE,0,0,0,0,,0,,57.4,,71.7,0,319,5,0,0,0,0,1,0,0,0,0,5,57
144443,Tyree Carlisle,CB,4,0,,0,1,50,TULSA,3,D04,24,3,0,0,1,2026,1,53.6,78,2,43.7,0,0,13,0,0,0,55.7,20,0,0,0,TULSA,0,0,0,0,69,1,20,45.4,39,73.9,0,320,25,42,0,0,135.4,12,0,1,0,2,1,
144450,Owen Ostroski,ED,0,0,,0,0,,TULSA,2,D55,0,0,1,42,1,2026,63,78.2,0,0,60,1,0,0,7,0,0,76.2,0,5,0,0,TULSA,3,0,7,0,,0,0,81.1,,78.8,0,320,63,0,7,0,0,21,1,3,0,0,49,74.5
144452,BJ Adams,CB,3,0,2025,0,0,33.3,UCF,2,D00,26,1,0,0,1,2025,1,76.2,2,1,64.5,0,0,14,0,0,0,65,25,0,0,0,UCF,1,0,0,0,2,0,0,65.8,2,75.1,0,323,27,2,0,0,42.4,13,0,0,0,0,1,
144453,Matthew Alexander,DI,0,0,,0,0,,UCF,2,D44,1,0,0,19,1,2026,47,75.1,0,0,,1,0,0,0,0,0,74.3,0,0,1,0,UCF,2,0,1,0,,0,0,66.8,,0,0,323,48,0,45,0,0,29,1,2,0,0,2,58.7
144459,Cole Joyce,LB,0,0,,0,0,,UTAH ST,0,D20,1,1,0,0,1,2026,0,,0,0,,0,0,0,0,0,0,60,0,0,1,0,UTAH ST,0,0,0,0,,0,,60,,0,0,329,1,0,0,0,0,1,0,0,0,0,0,
144461,Malachi Lawrence,ED,0,0,2026,0,0,,UCF,0,D51,1,1,0,13,1,2026,38,,0,0,,0,0,0,0,0,1,59.5,0,0,0,0,UCF,0,0,0,0,,0,,63,,79.3,0,323,39,0,2,0,0,26,0,0,0,0,36,64.7
144482,Davon Hicks,LB,3,0,,0,0,100,GA SOUTHRN,7,D04,38,18,0,3,1,2026,3,83.4,34,3,59.8,0,0,15,0,0,0,66.1,0,0,0,0,GA SOUTHRN,3,0,0,0,20,20,0,62.4,11.3,76.5,0,174,41,12,0,0,153.5,23,0,0,0,1,3,58.5
144503,Caleb Parker,ED,0,0,,0,0,,BAYLOR,1,D47,5,2,0,0,1,2025,8,73,0,0,52.1,0,0,2,0,0,0,60.9,0,0,0,0,BAYLOR,0,0,0,0,,3,0,52,,75.7,0,118,13,0,0,0,0,11,0,0,0,0,8,
144513,Josh Cameron,WR,0,0,2026,0,0,,BAYLOR,0,34,1,0,0,0,1,2026,0,,0,0,,0,0,0,0,0,0,60,0,0,0,0,BAYLOR,0,0,0,0,,0,,60,,63.7,0,118,1,0,0,0,0,1,0,0,1,0,0,
144522,Devin Lemear,S,5,0,,0,0,100,BAYLOR,4,D20,40,7,0,2,1,2025,2,83,74,5,54.3,0,0,25,0,0,0,68.2,0,0,0,0,BAYLOR,1,0,0,0,47,16,0,57.4,14.8,77.2,0,118,42,58,0,0,118.8,15,0,0,17,0,2,57
144524,Tevin Williams III,CB,4,0,,0,0,50,BAYLOR,3,D27,53,3,0,0,1,2026,0,79,8,2,75.3,0,0,32,0,0,0,66,49,0,0,0,BAYLOR,1,0,0,0,4,0,0,75.7,4,76.5,0,118,53,10,0,0,56.3,21,0,0,1,0,0,
144529,Michael Mastrodicasa,S,0,0,,0,0,,BAYLOR,0,D39,1,1,0,0,1,2025,0,,0,0,,0,0,0,0,0,0,60,0,0,0,0,BAYLOR,0,0,0,0,,0,,60.8,,62.1,0,118,1,0,0,0,0,1,0,0,0,0,0,
144530,Cooper Lanz,DI,0,0,,0,1,,BAYLOR,1,D97,0,0,0,18,1,2026,32,22.6,0,0,,1,0,0,0,21,0,49.5,0,0,0,0,BAYLOR,1,0,1,0,,0,50,50,,76.2,0,118,32,0,11,0,0,14,0,0,0,0,0,55.7
144555,Jayden Gray,ED,0,0,,0,1,,LA TECH,6,D07,0,0,0,4,1,2026,27,50.7,0,0,,0,0,0,4,0,0,73.7,0,0,0,0,LA TECH,6,0,0,0,,0,14.3,73.2,,75.3,0,208,27,0,1,0,0,23,1,0,0,0,22,57.5
144572,Jayson Gilliom,LB,3,0,,0,0,66.7,KANSAS,3,D10,31,14,0,4,1,2026,0,80.4,16,2,67.4,2,0,11,0,0,0,75.9,0,0,0,0,KANSAS,0,0,2,0,8,17,0,71.9,8,73,0,198,31,3,0,1,79.9,16,0,1,0,0,0,56.5
144575,Cobee Bryant,CB,6,0,2025,0,0,50,KANSAS,3,D02,70,10,0,1,1,2025,0,78.8,45,3,67.5,0,0,36,0,0,0,72.9,60,0,0,0,KANSAS,2,0,0,0,34,0,0,69.7,15,76,0,198,70,31,0,0,75,33,0,0,0,0,0,59.5
144581,O.J. Burroughs,S,4,0,,0,1,75,KANSAS,6,D05,71,13,0,0,1,2025,0,64.3,68,3,63.7,0,0,38,0,0,0,59.8,0,0,0,0,KANSAS,3,0,0,0,42,6,14.3,63,22.7,79.1,0,198,71,12,0,0,116.7,33,0,0,52,0,0,
144582,D.J. Withers,DI,0,0,2026,0,0,,KANSAS,1,D52,0,0,0,19,1,2026,32,72.2,0,0,,1,0,0,2,3,0,64.4,0,0,0,0,KANSAS,1,0,1,0,,0,0,60.5,,74.5,0,198,32,0,27,0,0,13,0,1,0,0,0,54.9
144584,Tommy Dunn Jr.,DI,0,0,2026,0,0,,KANSAS,0,D92,0,0,0,15,1,2026,27,,0,0,,0,0,0,0,4,0,43.9,0,0,0,0,KANSAS,0,0,0,0,,0,,48.5,,74.3,0,198,27,0,23,0,0,12,0,0,0,0,0,61.2
144611,Desmond Purnell,LB,1,0,,0,2,0,KANSAS ST,2,D32,46,33,0,13,1,2026,9,37.9,0,0,58.8,3,0,15,0,0,0,70.9,0,2,0,0,KANSAS ST,2,0,5,0,,13,33.3,59.7,,74.6,0,199,55,0,0,0,39.6,27,0,2,0,0,9,46.7
144614,Damian Ilalio,DI,0,0,,0,1,,KANSAS ST,2,D56,0,0,0,21,1,2026,41,49.6,0,0,,2,0,0,0,34,0,45.1,0,0,0,0,KANSAS ST,2,0,2,0,,0,20,48.6,,77.6,1,199,41,0,7,0,0,20,1,2,0,0,0,59.3
144632,Danny Stutsman,LB,2,0,2025,0,1,100,OKLAHOMA,4,D28,59,54,0,7,1,2025,4,71.7,28,2,55,1,0,29,0,0,0,82.6,0,2,1,0,OKLAHOMA,3,0,3,0,16,5,11.1,67,14,0,0,261,63,9,0,0,118.8,27,2,4,0,0,4,66
144636,Ethan Downs,ED,0,0,2025,0,1,,OKLAHOMA,0,D40,0,0,0,14,1,2025,30,30.2,0,0,60,1,0,1,10,0,0,78.9,0,0,0,0,OKLAHOMA,0,0,1,0,,0,50,80.7,,75.8,0,261,30,0,1,0,0,15,0,1,0,0,19,69.4
144637,Kelvin Gilliam Jr.,DI,0,0,2026,0,0,,VA TECH,0,D22,0,0,0,15,1,2026,31,,0,0,,1,0,0,2,0,0,58,0,1,0,0,VA TECH,0,0,2,0,,0,,61.9,,74.5,0,337,31,0,29,0,0,16,0,0,0,0,0,65.4
144638,Billy Bowman Jr.,S,4,0,2025,0,1,50,OKLAHOMA,5,D02,61,12,0,0,1,2025,0,65.7,32,2,61.7,0,0,36,0,0,0,68.5,2,0,1,0,OKLAHOMA,3,0,0,0,28,11,12.5,60.9,16,0,0,261,61,13,0,0,77.1,25,1,2,36,0,0,
144639,Latrell McCutchin Sr.,CB,2,0,2026,0,0,50,HOUSTON,2,D01,51,9,0,0,1,2026,0,77.8,3,1,65.2,0,0,33,0,0,0,70,32,0,0,0,HOUSTON,0,0,0,0,3,10,0,67.2,3,75.7,0,182,51,1,0,0,56.3,18,0,0,0,0,0,
144659,Kale Smith,CB,1,0,,0,0,100,OKLA STATE,2,D10,28,1,0,0,1,2026,0,77,53,1,55.2,0,0,13,0,0,0,68,26,0,0,0,OKLA STATE,0,0,0,0,53,1,0,58.8,53,74,0,262,28,19,0,0,118.8,15,0,0,0,0,0,
144666,Donovan Stephens,LB,1,0,,0,0,100,BOWL GREEN,0,D10,10,10,0,1,1,2026,0,74.3,2,1,64.7,0,0,6,0,0,0,55.4,0,0,0,0,BOWL GREEN,0,0,0,0,2,0,0,50.9,2,68.2,0,122,10,8,0,0,79.2,3,0,1,0,0,0,59.1
144668,Kendal Daniels,LB,1,0,2026,0,2,0,OKLA STATE,3,D05,53,49,0,9,1,2026,1,29.5,0,0,75.3,1,0,14,0,0,0,49.3,0,1,0,0,OKLA STATE,2,0,2,0,,4,33.3,60.1,,75.7,0,262,54,0,0,1,39.6,31,0,1,0,0,1,57.4
144672,Cam Smith,CB,2,0,,0,1,100,OKLA STATE,0,D03,33,0,0,0,1,2026,0,21.7,35,2,45.8,0,0,12,0,0,0,63.2,32,0,0,0,OKLA STATE,0,0,0,0,23,1,100,48.7,17.5,74.7,0,262,33,1,0,0,158.3,21,0,0,0,1,0,
144678,Abe Camara,S,1,0,,0,2,100,TCU,4,D01,50,26,1,4,1,2025,6,50.1,1,1,71.2,0,0,28,0,0,0,59.1,0,1,1,0,TCU,4,0,2,0,1,23,28.6,65.1,1,0,0,305,56,5,0,0,79.2,24,0,1,1,0,6,65.9
144700,Da'Veawn Armstead,CB,7,0,2026,0,1,42.9,SM HOUSTON,2,D02,60,6,0,0,1,2026,1,37.7,42,3,48.1,0,0,27,0,0,0,66.8,52,0,0,0,SM HOUSTON,0,0,0,0,28,2,33.3,51.9,14,76.7,0,281,61,3,0,0,102.4,34,0,0,0,1,1,
144708,Chris Murray,ED,0,0,,0,1,,SM HOUSTON,2,D00,0,0,1,14,1,2028,27,48.5,0,0,,5,0,0,6,0,0,73.2,0,0,0,0,SM HOUSTON,3,0,6,0,,0,33.3,81.9,,75.3,0,281,27,0,3,0,0,13,1,0,0,0,18,76.2
144729,JD Coffey III,S,0,0,,0,0,,S DIEGO ST,3,D11,22,6,0,0,1,2025,0,82.1,0,0,70.3,0,0,18,0,0,0,59.2,0,0,0,0,S DIEGO ST,0,0,0,0,,5,0,63.8,,73.3,0,284,22,0,0,0,0,4,0,1,11,0,0,
144730,Jamier Johnson,CB,5,0,,0,0,80,INDIANA,3,D09,56,0,0,0,1,2028,0,79.8,38,4,66.2,0,0,32,0,0,0,66.4,56,0,0,0,INDIANA,1,0,0,0,11,0,0,67.3,9.5,76.6,0,190,56,6,0,0,98.3,24,0,1,0,0,0,
144731,Terrence Cooks II,LB,0,0,,0,0,,TCU,0,D12,3,3,0,1,1,2027,0,,0,0,60,0,0,1,0,0,0,60,0,0,0,0,TCU,0,0,0,0,,0,,60.5,,66.3,0,305,3,0,0,0,0,1,0,0,0,0,0,59.5
144732,Michael Taaffe,S,2,0,2026,1,1,50,TEXAS,5,D16,66,16,0,0,1,2026,0,67.1,21,1,69.4,0,1,38,0,0,0,80.6,0,0,1,0,TEXAS,2,0,0,0,21,8,14.3,73.9,21,78.2,0,311,66,4,0,1,47.9,28,0,1,42,0,0,
144733,Morice Blackwell II,LB,0,0,,0,1,,TEXAS,0,D37,0,0,0,2,1,2025,8,19.3,0,0,60.5,0,0,2,0,0,0,48.1,0,0,0,0,TEXAS,0,0,0,0,,0,100,46.9,,73.4,0,311,8,0,0,0,0,4,0,0,0,0,8,59
144739,Barryn Sorrell,ED,0,0,2025,0,0,,TEXAS,3,D88,0,0,0,22,1,2025,44,49.4,0,0,58.7,5,0,5,15,0,0,57,0,3,0,0,TEXAS,3,0,8,0,,0,0,71.9,,77,0,311,44,0,7,0,0,17,0,0,0,0,22,82.5
144768,Charles Esters III,ED,0,0,,0,0,,TEXAS TECH,1,D11,0,0,1,21,1,2026,37,74.7,0,0,60.5,0,0,2,12,0,0,59.4,0,0,0,0,TEXAS TECH,0,0,1,0,,0,0,66.2,,77.8,0,315,37,0,0,0,0,14,0,0,0,0,25,67.7
144769,Isaac Smith,ED,0,0,,0,0,,TEXAS TECH,2,D17,4,1,0,8,1,2027,18,77,0,0,62.4,0,0,5,0,0,0,75.3,0,1,0,0,TEXAS TECH,1,0,1,0,,3,0,70.1,,77.1,0,315,22,0,0,0,0,9,0,1,0,0,18,55.6
144788,Andrew Wilson-Lamp,CB,3,0,,0,2,100,E CAROLINA,1,D11,47,1,0,0,1,2026,0,29.5,29,3,49.5,0,0,30,0,0,0,54.4,46,0,1,0,E CAROLINA,0,0,0,0,15,0,66.7,49.2,9.7,76,0,156,47,4,0,0,106.9,17,0,0,0,0,0,
144793,Hammond Russell IV,DI,0,0,,0,0,,W VIRGINIA,1,D99,0,0,1,13,1,2027,20,73.9,0,0,61,0,0,0,5,3,0,70.5,0,0,0,0,W VIRGINIA,2,0,1,0,,0,0,75.5,,73.8,0,343,20,0,10,0,0,7,0,1,0,0,2,60.8
144796,Cam Rice,DI,0,0,2026,0,0,,OHIO,3,D10,0,0,0,21,1,2026,32,75.5,0,0,59.2,1,0,1,0,2,0,59.5,0,1,0,0,OHIO,3,0,2,0,,0,0,61.1,,74.8,0,259,32,0,30,0,0,10,1,2,0,0,0,64.7
144809,Miles Scott,S,1,0,2026,0,1,100,ILLINOIS,3,D10,59,5,0,0,1,2026,0,54.9,29,1,61.4,0,0,27,0,0,0,57.3,2,0,0,0,ILLINOIS,1,0,0,0,29,2,20,60.2,29,76.9,0,187,59,33,0,0,118.8,32,0,1,50,0,0,
144812,Prince Green III,S,0,0,,0,0,,GA SOUTHRN,0,D14,1,1,0,0,1,2026,0,,0,0,60,0,0,1,0,0,0,,0,0,0,0,GA SOUTHRN,0,0,0,0,,0,,60.6,,62.1,0,174,1,0,0,0,0,0,0,0,0,0,0,
144814,Tyler Strain,CB,3,0,,0,1,100,ILLINOIS,1,D20,17,2,0,0,1,2026,0,37.4,42,3,49.7,0,0,9,0,0,0,48.6,0,0,0,0,ILLINOIS,0,0,0,0,19,15,33.3,46.1,14,75.2,0,187,17,29,0,0,118.8,8,0,1,0,0,0,
144816,Dylan Rosiek,LB,3,0,,0,3,100,ILLINOIS,10,D28,54,53,0,0,1,2026,0,57,32,3,55.8,0,0,24,0,0,0,60.8,1,0,0,0,ILLINOIS,4,0,0,0,24,0,15.8,58.2,10.7,76.5,0,187,54,18,0,0,150.7,30,0,6,0,1,0,
144817,DD Snyder,S,1,0,,0,0,0,BALL ST,1,D03,20,12,0,0,1,2027,0,80.1,0,0,50,0,0,12,0,0,0,68.4,0,0,0,0,BALL ST,0,0,0,0,,3,0,56.9,,72.9,0,117,20,0,0,0,39.6,8,0,2,5,0,0,
144818,Kenenna Odeluga,LB,0,0,,0,1,,ILLINOIS,1,D39,9,9,0,0,1,2026,0,26.6,0,0,60,0,0,1,0,0,0,57.5,0,0,0,0,ILLINOIS,0,0,0,0,,0,50,58.3,,68.5,0,187,9,0,0,0,0,8,0,0,0,0,0,
144822,Sedarius McConnell,DI,0,0,,0,0,,BOSTON COL,1,D88,0,0,0,11,1,2026,16,70.8,0,0,,0,0,0,3,0,0,56.1,0,0,0,0,BOSTON COL,0,0,0,0,,0,0,52.8,,73.4,0,121,16,0,8,0,0,5,0,0,0,0,5,54.7
144841,Jordan Grier,S,0,0,,0,0,,MEMPHIS,1,D16,49,28,0,1,1,2025,4,81.8,0,0,72.6,0,0,26,0,0,0,64,1,0,0,0,MEMPHIS,1,0,0,0,,5,0,70.7,,78.1,0,218,53,0,0,0,0,26,0,2,15,0,4,59.4
144864,Jaxon Rexroth,LB,0,0,,0,0,,IOWA,0,D12,2,0,0,0,1,2026,1,,0,0,60.6,0,0,2,0,0,0,60,0,0,0,0,IOWA,0,0,0,0,,2,,61.6,,69.7,0,192,3,0,0,0,0,1,0,0,0,0,1,
144871,Jaden Harrell,LB,3,0,,0,0,66.7,IOWA,1,D41,12,8,0,1,1,2026,0,73.6,25,2,45.9,0,0,8,0,0,0,61.2,0,0,0,0,IOWA,1,0,0,0,21,4,0,45.7,12.5,71.3,0,192,12,3,0,0,92.4,3,0,0,0,0,0,59.2
144873,Karson Sharar,LB,0,0,2026,0,0,,IOWA,1,D43,12,11,0,1,1,2026,0,73.2,0,0,62.3,0,0,8,0,0,0,64.4,0,0,0,0,IOWA,1,0,0,0,,1,0,70.7,,71.3,0,192,12,0,0,0,0,3,1,0,0,0,0,63.1
144874,Max Llewellyn,ED,0,0,2026,0,0,,IOWA,0,D48,0,0,1,21,1,2026,31,72.2,0,0,60.6,1,0,3,4,0,0,65.4,0,1,0,0,IOWA,1,0,3,0,,0,,68.5,,77.1,1,192,31,0,0,0,0,7,0,0,0,0,27,65.4
144875,Jeremiah Pittman,DI,0,0,,0,1,,IOWA,0,D55,0,0,0,13,1,2026,20,22.2,0,0,,0,0,0,0,4,0,41.3,0,1,0,0,IOWA,0,0,1,0,,0,100,46.1,,75.2,0,192,20,0,16,0,0,7,0,0,0,0,0,60.2
144878,Jeff Bowie,DI,0,0,,0,0,,IOWA,0,D86,0,0,0,5,1,2028,6,,0,0,,2,0,0,0,0,0,60,0,0,0,0,IOWA,0,0,2,0,,0,,64.4,,69.4,0,192,6,0,6,0,0,1,0,0,0,0,0,73.3
144900,Dante Trader Jr.,S,1,0,2025,0,0,100,MARYLAND,6,D12,46,21,0,0,1,2025,0,83.3,15,1,63.6,0,0,30,0,0,0,74.6,0,0,0,0,MARYLAND,1,0,0,0,15,6,0,68.7,15,75,0,215,46,0,0,0,118.8,16,0,0,19,0,0,
144902,Taizse Johnson,DI,0,0,,0,0,,MARYLAND,0,D40,0,0,0,13,1,2025,21,,0,0,,0,0,0,0,10,0,63.9,0,0,0,0,MARYLAND,0,0,0,0,,0,,59.9,,74.4,0,215,21,0,11,0,0,8,0,0,0,0,0,54.6
144903,Branden Jennings,ED,0,0,,0,0,,MISS STATE,1,D44,7,7,0,22,1,2026,43,75.2,0,0,63.2,1,0,6,2,0,0,49.3,0,0,0,0,MISS STATE,1,0,1,0,,0,0,56.9,,79.5,0,227,50,0,0,0,0,22,1,1,0,0,41,62.5
144906,Tommy Akingbesote,DI,0,0,2025,0,0,,MARYLAND,1,D07,0,0,0,23,1,2025,38,74.3,0,0,60,2,0,0,10,0,0,67.5,0,1,1,0,MARYLAND,1,0,3,0,,0,0,75.9,,0,0,215,38,0,28,0,0,15,1,2,0,0,0,83.7
144910,Darrell Jackson Jr.,DI,0,0,2026,1,2,,FLORIDA ST,2,D06,0,0,2,33,1,2026,51,55,0,0,,2,0,0,6,7,0,72.7,0,1,0,0,FLORIDA ST,4,0,5,0,,0,40,71.5,,76.9,0,167,51,0,38,0,0,18,0,1,0,0,0,64
144935,Jaydon Hood,LB,0,0,,0,1,,MICHIGAN,1,D34,9,8,0,1,1,2027,0,26.5,0,0,72.1,0,0,3,0,0,0,47,0,0,0,0,MICHIGAN,1,0,0,0,,1,50,62.4,,70.1,0,222,9,0,0,0,0,5,0,0,0,0,0,59.2
144938,T.J. Guy,ED,1,0,,0,1,100,MICHIGAN,0,D42,1,1,0,9,1,2026,27,46.7,9,1,49.5,0,0,2,0,0,0,48.3,0,0,0,0,MICHIGAN,0,0,0,0,9,0,33.3,43.7,9,78.3,0,222,28,9,0,0,104.2,17,0,2,0,0,27,56
144941,George Rooks,DI,0,0,,0,0,,BOSTON COL,1,D91,0,0,0,10,1,2026,15,70.1,0,0,,0,0,0,2,8,0,67.4,0,0,0,0,BOSTON COL,0,0,0,0,,0,0,63,,73.1,0,121,15,0,5,0,0,5,0,0,0,0,0,55.1
144943,Ike Iwunnah,DI,0,0,,0,0,,MICHIGAN,0,D92,0,0,0,8,1,2026,19,,0,0,,0,0,0,1,5,0,59.4,0,0,0,0,MICHIGAN,0,0,0,0,,0,,57.9,,74.5,0,222,19,0,13,0,0,11,0,0,0,0,0,56
144956,Charles Brantley,CB,1,0,,0,1,100,MICH STATE,1,D00,51,1,0,1,1,2027,0,28.1,15,1,64,0,0,22,0,0,0,55.3,49,0,0,0,MICH STATE,0,0,0,0,15,0,50,62.3,15,75.8,0,223,51,11,0,0,118.8,28,0,0,0,0,0,60
144962,Derrick Harmon,DI,0,0,2025,0,0,,OREGON,3,D55,0,0,0,24,1,2025,40,75.6,0,0,,0,0,0,13,3,0,72.8,0,0,1,0,OREGON,2,0,0,0,,0,0,62.9,,0,0,264,40,0,22,0,0,16,0,1,0,0,2,57.6
144980,Justin Walley,CB,9,1,2025,0,1,44.4,MINNESOTA,7,D05,62,8,0,2,1,2025,2,63.4,66,4,89.1,0,1,42,0,0,0,65.8,53,0,0,0,MINNESOTA,2,0,0,0,23,0,12.5,87.2,16.5,76.8,0,225,64,25,0,2,30.1,20,0,0,1,0,2,59
144981,Steven Ortiz Jr.,S,0,0,,0,0,,UMASS,0,D03,4,4,0,0,1,2025,0,,0,0,,0,0,0,0,0,0,60.6,0,0,0,0,UMASS,0,0,0,0,,0,,61.6,,65.6,0,216,4,0,0,0,0,4,0,0,0,0,0,
144984,Devon Williams,LB,2,0,,0,0,50,MINNESOTA,3,D09,21,21,0,1,1,2026,0,79.1,16,1,68,0,0,14,0,0,0,79.8,0,1,0,0,MINNESOTA,2,0,1,0,16,0,0,77.8,16,73.6,0,225,21,16,0,1,77.1,6,0,1,0,0,0,59.4
144985,Eli Mau,ED,1,0,,0,0,100,MINNESOTA,0,D43,3,2,0,0,1,2025,1,,2,1,60,0,0,1,0,0,0,60,0,0,0,0,MINNESOTA,0,0,0,0,2,1,,40.9,2,69.4,0,225,4,0,0,0,118.8,3,0,0,0,1,1,
144987,Jacob Schuster,DI,0,0,,0,0,,OREGON ST,2,D62,0,0,0,18,1,2028,33,73.6,0,0,,0,0,0,1,3,0,68.8,0,0,0,0,OREGON ST,1,0,0,0,,0,0,66.4,,74.9,0,265,33,0,29,0,0,15,0,1,0,0,0,57.3
144989,Deven Eastern,DI,0,0,2026,0,1,,MINNESOTA,1,D91,0,0,0,24,1,2026,37,29.9,0,0,,1,0,0,0,32,0,59.5,0,2,1,0,MINNESOTA,1,0,3,0,,0,33.3,57.4,,0,0,225,37,0,5,0,0,13,0,1,0,0,0,64.6
145012,Marques Buford Jr.,CB,3,0,,0,0,100,NEBRASKA,0,D03,44,9,0,0,1,2026,3,76.9,18,3,57.5,0,0,22,0,0,0,62.9,3,0,0,0,NEBRASKA,0,0,0,0,8,32,0,59.1,6,78.6,0,238,47,17,0,0,91.7,25,0,2,0,0,3,
145013,Mikai Gbayor,LB,2,0,,0,0,100,NEBRASKA,2,D42,33,32,0,1,1,2027,2,76.7,18,2,44.6,0,0,15,0,0,0,52.2,0,0,0,0,NEBRASKA,0,0,0,0,9,1,0,44,9,72.9,0,238,35,8,0,0,143.8,19,0,0,0,1,2,59.5
145018,Randolph Kpai,LB,1,0,,0,0,100,NEW MEXICO,9,D33,50,45,0,2,1,2026,7,83.6,1,1,76.4,0,0,21,0,0,0,61.3,0,0,0,0,NEW MEXICO,6,0,0,0,1,5,0,70.7,1,78.9,0,241,57,5,0,0,79.2,34,0,2,0,0,7,57.9
145027,Ru'Quan Buckley,DI,0,0,,0,0,,MICH STATE,0,D88,1,0,0,2,1,2026,3,,0,0,,0,0,0,0,3,0,60.1,0,0,0,0,MICH STATE,0,0,0,0,,0,,58.3,,67.5,0,223,4,0,0,0,0,2,0,0,0,0,0,59.9
145045,Theran Johnson,CB,6,1,,0,2,66.7,NWESTERN,3,D10,64,3,0,0,1,2026,4,32.5,31,4,79,0,1,34,0,0,0,58,61,0,1,0,NWESTERN,2,0,0,0,14,0,33.3,73,7.8,0,0,256,68,2,0,0,39.6,34,0,1,0,0,4,
145046,Garner Wallace,S,0,0,,0,0,,NWESTERN,1,D18,5,4,0,0,1,2026,0,77.7,0,0,,0,0,0,0,0,0,68,0,0,0,0,NWESTERN,1,0,0,0,,0,0,68.2,,67,0,256,5,0,0,0,0,5,0,1,1,0,0,
145047,Mac Uihlein,LB,3,0,,0,0,100,NWESTERN,9,D37,54,49,0,1,1,2026,0,83.3,50,3,66,0,0,31,0,0,0,67,0,0,0,0,NWESTERN,6,0,0,0,40,5,0,68.1,16.7,75.3,0,256,54,39,0,0,118.8,22,1,1,0,0,0,59.2
145048,Aidan Hubbard,ED,0,0,2026,0,0,,NWESTERN,1,D91,0,0,0,23,1,2026,39,76.1,0,0,,3,0,0,7,0,0,73.5,0,0,0,0,NWESTERN,1,0,3,0,,0,0,67.1,,76.5,0,256,39,0,0,0,0,16,0,3,0,0,32,56.1
145049,Najee Story,DI,0,0,,0,0,,NWESTERN,2,D95,0,0,0,13,1,2026,29,71.9,0,0,,0,0,0,0,0,0,52.9,0,0,0,0,NWESTERN,2,0,0,0,,0,0,55.7,,74.2,0,256,29,0,29,0,0,16,1,0,0,0,0,62.4
145050,Carmine Bastone,DI,0,0,,0,0,,NWESTERN,0,D90,0,0,0,18,1,2026,32,,0,0,,1,0,0,0,0,0,46,0,0,0,0,NWESTERN,0,0,1,0,,0,,47.2,,74.7,0,256,32,0,32,0,0,14,0,0,0,0,0,55.8
145067,Jordan Hancock,S,3,0,2025,1,1,66.7,OHIO STATE,4,D07,55,14,0,1,1,2025,0,59.7,11,2,74,0,1,39,0,0,0,65.6,2,0,0,0,OHIO STATE,0,0,0,0,8,13,16.7,73.9,5.5,76.7,0,260,55,6,0,0,33.3,15,0,1,26,0,0,60
145069,Reid Carrico,LB,1,0,2026,0,0,100,W VIRGINIA,0,D35,13,12,0,0,1,2026,1,75.8,7,1,50.8,0,0,6,0,0,0,74.5,0,0,0,0,W VIRGINIA,0,0,0,0,7,1,0,64,7,71.3,0,343,14,0,0,0,95.8,8,0,2,0,0,1,
145070,Denzel Burke,CB,3,0,2025,0,0,66.7,OHIO STATE,5,D10,68,3,0,0,1,2025,0,82.2,6,2,69.9,0,0,45,0,0,0,67.8,60,0,0,0,OHIO STATE,3,0,0,0,7,4,0,70.9,3,77.5,0,260,68,5,0,0,70.1,23,2,2,1,0,0,
145071,Jack Sawyer,ED,0,0,2025,0,0,,OHIO STATE,2,D33,0,0,0,37,1,2025,63,73.6,0,0,60,3,0,1,1,0,0,75.6,0,0,0,0,OHIO STATE,2,0,3,0,,0,0,72.4,,79.6,0,260,63,0,1,0,0,25,0,0,0,0,61,63.7
145074,JT Tuimoloau,ED,0,0,2025,0,0,,OHIO STATE,3,D44,0,0,1,35,1,2025,58,77.3,0,0,60.2,1,0,2,4,0,0,67,0,0,0,0,OHIO STATE,3,0,2,0,,0,0,66.4,,79.5,0,260,58,0,0,0,0,21,1,1,0,0,54,62.2
145080,Tyleik Williams,DI,0,0,2025,0,1,,OHIO STATE,1,D91,1,1,1,39,1,2025,60,51.6,0,0,66.6,1,0,1,25,1,0,62.4,0,0,0,0,OHIO STATE,2,0,2,0,,0,25,64.6,,76.3,0,260,61,0,34,0,0,21,0,2,0,0,0,59.7
145085,Jordan van den Berg,DI,0,0,2026,0,0,,GA TECH,2,D99,0,0,0,16,1,2026,30,72.2,0,0,,0,0,0,0,3,0,82.6,0,0,0,0,GA TECH,2,0,0,0,,0,0,78.7,,75.3,0,176,30,0,27,0,0,14,1,0,0,0,0,60.4
145095,Dominic DeLuca,LB,2,0,2026,0,0,100,PENN STATE,4,D00,22,16,0,1,1,2026,0,80.2,12,2,72.7,0,0,9,0,0,0,61.3,0,0,0,0,PENN STATE,1,0,0,0,8,5,0,70.3,6,70.4,0,266,22,8,0,0,91.7,12,0,0,0,0,0,59.4
145097,Kobe King,LB,0,0,2025,0,0,,PENN STATE,4,D41,41,40,0,6,1,2025,3,80.8,0,0,64.1,0,0,14,0,0,0,87.5,0,0,0,0,PENN STATE,3,0,0,0,,0,0,80.2,,77.2,0,266,44,0,0,0,0,24,1,2,0,0,3,54.5
145099,Zakee Wheatley,S,3,0,2026,0,1,66.7,PENN STATE,10,D06,64,14,0,0,1,2026,0,72.7,19,2,68.2,0,0,40,0,0,0,59.9,0,0,0,0,PENN STATE,4,0,0,0,13,9,8.3,66.7,9.5,76.6,0,266,64,15,0,0,84,24,0,1,41,0,0,
145100,Jaylen Reed,S,3,1,2025,0,0,66.7,PENN STATE,3,D01,63,22,0,4,1,2025,3,81.6,29,2,64.4,0,1,38,0,0,0,65.8,0,0,1,0,PENN STATE,2,0,0,0,28,3,0,61.4,14.5,0,0,266,66,15,0,0,58.3,24,0,2,38,0,3,55
145101,Rodney McGraw,ED,0,0,2026,0,0,,W MICHIGAN,2,D99,0,0,1,8,1,2026,18,76.2,0,0,,0,0,0,2,0,0,69.7,0,0,0,0,W MICHIGAN,3,0,1,0,,0,0,66.9,,74.6,0,347,18,0,0,0,0,10,0,1,0,0,16,56.6
145122,Rickey Smith,S,2,0,,0,1,0,MIDDLE TN,1,D27,33,7,0,3,1,2026,4,43.9,0,0,49.1,0,0,10,0,0,0,66.4,0,0,0,0,MIDDLE TN,0,0,0,0,,25,50,55.7,,77.1,0,224,37,0,0,0,39.6,24,0,0,1,0,4,58.6
145124,Khordae Sydnor,ED,0,0,2026,0,1,,VANDERBILT,1,D96,2,2,1,24,1,2026,45,53.7,0,0,,1,0,0,5,0,0,41.8,0,3,0,0,VANDERBILT,2,0,5,0,,0,33.3,55.2,,78.1,0,333,47,0,18,0,0,23,0,1,0,0,22,71
145129,Al-Shadee Salaam,CB,1,0,,0,1,100,RUTGERS,1,D21,25,1,0,0,1,2026,0,27.9,6,1,54.5,0,0,12,0,0,0,62,24,0,0,0,RUTGERS,0,0,0,0,6,0,33.3,55.7,6,73.7,0,278,25,5,0,0,91.7,13,0,1,0,0,0,
145140,Jordan Thompson,ED,0,0,,0,1,,RUTGERS,0,D14,0,0,0,13,1,2026,25,24.8,0,0,53.8,0,0,2,0,0,0,56.7,0,0,0,0,RUTGERS,0,0,0,0,,0,100,51.4,,78,0,278,25,0,0,0,0,10,0,0,0,0,25,55.1
145141,Alijah Clark,S,6,0,2025,0,2,50,SYRACUSE,2,D05,36,11,0,1,1,2025,0,34.4,36,3,51.6,0,0,19,0,0,0,59.6,2,1,0,0,SYRACUSE,1,0,1,0,29,11,40,55.5,12,74.6,0,304,36,5,0,1,108.3,16,1,1,12,1,0,63
145142,Michael Robinson,S,0,0,,0,1,,RUTGERS,1,D31,7,4,0,0,1,2027,0,28.8,0,0,60,0,0,1,0,0,0,51.2,0,0,0,0,RUTGERS,0,0,0,0,,1,50,52.1,,67.4,0,278,7,0,0,0,0,6,0,0,2,0,0,
145143,Shaquan Loyal,S,6,0,2025,0,1,83.3,RUTGERS,5,D06,36,9,0,2,1,2025,1,59,117,5,34.7,1,0,21,0,0,0,69.9,0,0,1,0,RUTGERS,2,0,1,0,70,15,16.7,42.9,23.4,76.6,0,278,37,87,0,0,118.8,14,0,0,12,0,1,66.5
145144,Desmond Igbinosun,S,2,0,2025,0,1,100,RUTGERS,2,D04,29,10,0,6,1,2025,4,53.8,51,2,38.4,1,0,14,0,0,0,67.2,0,0,0,0,RUTGERS,0,0,1,0,40,15,20,45.1,25.5,76.3,0,278,33,41,0,0,158.3,13,0,2,4,1,4,54.5
145148,Kyonte Hamilton,DI,0,0,2025,0,0,,RUTGERS,0,D48,1,1,0,21,1,2025,32,,0,0,,0,0,0,16,2,0,44.4,0,0,0,1,RUTGERS,0,0,0,0,,0,,48.8,,75.7,0,278,33,0,2,0,0,12,0,0,0,0,12,57.7
145149,Zaire Angoy,DI,0,0,,0,0,,RUTGERS,0,D55,0,0,0,12,1,2028,25,72.7,0,0,60,0,0,0,0,16,0,77.1,0,0,0,0,RUTGERS,0,0,0,0,,0,0,74.3,,77.7,0,278,25,0,9,0,0,13,0,4,0,0,0,56.8
145153,Keshon Griffin,DI,0,0,,0,0,,RUTGERS,1,D96,0,0,0,15,1,2028,28,66.5,0,0,,0,0,0,0,20,0,65.6,0,0,0,0,RUTGERS,1,0,0,0,,0,0,63.5,,78.7,0,278,28,0,8,0,0,13,0,0,0,0,0,56.8
145165,T.J. Bollers,DI,0,0,2026,0,1,,CAL,1,D88,0,0,0,13,1,2026,20,27.8,0,0,,1,0,0,11,0,0,54.9,0,0,0,0,CAL,1,0,1,0,,0,50,50.8,,72.7,0,130,20,0,9,0,0,7,0,0,0,0,0,52.8
145167,Jake Chaney,LB,4,0,2025,0,0,75,WISCONSIN,1,D01,62,59,1,3,1,2025,0,55.1,29,3,66.3,0,0,29,0,0,0,64.6,2,0,0,0,WISCONSIN,1,0,1,0,17,1,0,68.3,9.7,74.3,0,349,62,20,0,0,94.8,30,0,2,0,0,0,66.2
145169,Ricardo Hallman,CB,3,0,2026,0,0,66.7,WISCONSIN,1,D02,63,4,0,0,1,2026,0,76.6,4,2,62.4,0,0,33,0,0,0,67.4,57,0,0,0,WISCONSIN,0,0,0,0,3,2,0,64.1,2,77.1,0,349,63,0,0,0,109.7,30,0,1,0,1,0,
145171,Mike Jarvis,DI,0,0,,0,0,,LIBERTY,0,D97,0,0,0,6,1,2027,12,,0,0,,1,0,0,0,10,0,49.8,0,0,0,0,LIBERTY,0,0,1,0,,0,,53.9,,73.2,0,206,12,0,2,0,0,6,0,0,0,0,0,65.5
145175,Darryl Peterson,ED,0,0,2026,0,1,,WISCONSIN,0,D17,1,0,0,16,1,2026,40,46.7,0,0,62.3,2,0,5,5,0,0,67.7,1,1,0,0,WISCONSIN,0,0,3,0,,0,50,70.2,,79,0,349,41,0,0,0,0,20,0,1,0,0,35,66.4
145183,Hunter Wohler,S,3,0,2025,0,2,100,WISCONSIN,7,D24,69,26,0,1,1,2025,0,60.7,33,3,60.6,0,0,35,0,0,0,70.4,0,1,0,0,WISCONSIN,4,0,1,0,17,19,18.2,66.3,11,75.6,0,349,69,13,0,0,152.1,33,0,2,24,1,0,64.2
145205,Courtney McBride,ED,0,0,,0,0,,S ALABAMA,0,D17,2,1,0,12,1,2025,31,72.2,0,0,62.4,1,0,3,0,0,0,58.6,0,0,0,0,S ALABAMA,0,0,1,0,,0,0,63.1,,78.2,0,288,33,0,0,0,0,18,0,1,0,0,31,64.3
145225,Deuce Blades II,CB,1,0,,0,0,100,FIU,1,D02,66,9,0,0,1,2027,0,77,2,1,68.7,0,0,26,0,0,0,75.8,57,0,0,0,FIU,1,0,0,0,2,0,0,72.3,2,76.5,0,166,66,5,0,0,79.2,40,0,1,0,0,0,
145230,Gaethan Bernadel,LB,2,0,,0,1,50,STANFORD,6,D00,66,65,0,14,1,2025,1,63.7,39,1,50.5,1,0,22,0,0,0,53.2,0,0,1,0,STANFORD,4,0,1,0,39,0,11.1,42.9,39,0,0,300,67,11,0,0,135.4,31,0,2,1,1,1,50.6
145234,Keegan Davis,ED,1,0,,0,0,100,FIU,0,D44,2,1,0,3,1,2026,19,,13,1,47.4,0,0,2,1,0,0,55.6,0,0,0,0,FIU,0,0,0,0,13,1,,43.9,13,75.8,0,166,21,9,2,0,118.8,16,0,0,0,0,16,58.7
145236,Jordan Guerad,DI,0,0,,0,1,,LOUISVILLE,2,D94,0,0,0,17,1,2026,36,50.9,0,0,,2,0,0,7,0,0,70.4,0,1,0,0,LOUISVILLE,2,0,3,0,,0,20,74.1,,75.1,0,210,36,0,28,0,0,19,0,2,0,0,1,69.5
145260,J'Dan Burnett,ED,0,0,,0,0,,LA TECH,1,D20,0,0,0,9,1,2028,29,69.7,0,0,,2,0,0,4,0,0,69.7,0,0,0,0,LA TECH,1,0,2,0,,0,0,75.3,,75.6,0,208,29,0,2,0,0,20,0,0,0,0,23,72.2
145312,Parker Hughes,LB,2,0,2026,0,1,100,MIDDLE TN,7,D09,48,44,0,2,1,2026,1,71.5,17,2,41,0,0,15,0,0,0,47.3,0,0,0,0,MIDDLE TN,3,0,0,0,10,4,11.1,40.6,8.5,72.3,0,224,49,15,0,0,141.7,32,0,1,0,1,1,58.9
145314,Jurriente Davis,LB,0,0,,0,0,,LOUISVILLE,0,D32,4,4,0,0,1,2026,0,,0,0,61.1,0,0,2,0,0,0,61.2,0,0,0,0,LOUISVILLE,0,0,0,0,,0,,64.9,,66,0,210,4,0,0,0,0,2,0,0,0,0,0,
145315,Damonte Smith,DI,0,0,,0,2,,MIDDLE TN,3,D92,0,0,1,16,1,2026,49,41.8,0,0,,0,0,0,34,0,0,49.7,0,0,0,0,MIDDLE TN,3,0,1,0,,0,33.3,52.2,,75,0,224,49,0,14,0,0,33,0,1,0,0,1,61.2
145330,Jaylen Smith,LB,3,0,,0,0,66.7,N TEXAS,4,D36,30,15,0,4,1,2025,33,81.6,36,2,67.6,1,1,13,0,0,0,54,0,0,0,0,N TEXAS,3,0,1,0,32,14,0,59.5,18,80.8,0,251,63,44,0,0,68.1,46,1,3,1,0,33,57.2
145331,Dillion Williams,S,0,0,,0,0,,UTEP,1,D04,30,11,0,0,1,2026,0,80.3,0,0,67.8,0,0,19,0,0,0,64.9,0,0,0,0,UTEP,0,0,0,0,,7,0,68.6,,75.4,0,330,30,0,0,0,0,11,0,2,12,0,0,
145336,Fatafehi Vailea II,DI,0,0,,0,0,,N TEXAS,1,D15,0,0,0,7,1,2027,22,71.5,0,0,,1,0,0,12,0,0,68.4,0,0,0,0,N TEXAS,0,0,1,0,,0,0,69.7,,73.7,0,251,22,0,5,0,0,15,0,0,0,0,5,63.1
145338,Sifa Leota,LB,1,0,,0,0,100,LA TECH,1,D42,37,34,0,1,1,2026,5,76.3,8,1,52.3,0,0,10,0,0,0,74.6,0,0,0,0,LA TECH,1,0,0,0,8,3,0,66.3,8,78,0,208,42,4,0,0,100,31,0,1,0,0,5,59.3
145339,Roderick Brown,DI,0,0,,0,0,,N TEXAS,0,D10,1,1,0,14,1,2025,47,,0,0,,1,0,0,2,41,0,54.2,0,0,0,0,N TEXAS,0,0,1,0,,0,,53.2,,78.2,0,251,48,0,4,0,0,34,0,0,0,0,0,53.4
145368,Khian'Dre Harris,CB,5,0,,0,0,60,DOMINION,4,D16,25,4,0,0,1,2026,3,80.1,41,3,48.1,0,0,18,0,0,0,56.9,21,0,0,0,DOMINION,0,0,0,0,23,0,0,48.2,13.7,74.6,0,263,28,13,0,0,86.3,10,0,0,0,0,3,
145369,Amorie Morrison,ED,0,0,,0,0,,DOMINION,0,D04,0,0,0,28,1,2026,41,73.4,0,0,,1,0,0,11,0,0,53.2,0,0,0,0,DOMINION,0,0,1,0,,0,0,54.6,,76.8,0,263,41,0,2,0,0,13,0,2,0,0,28,57.2
145378,LaMareon James,CB,8,0,2025,0,1,50,TCU,4,D06,58,7,0,0,1,2025,0,63.6,93,4,58.4,0,0,31,0,0,0,64,51,0,0,0,TCU,0,0,0,0,44,0,20,59.6,23.3,76.1,0,305,58,13,0,1,92.2,27,0,0,0,0,0,
145380,Kris Trinidad,ED,0,0,,0,0,,DOMINION,1,D43,0,0,0,24,1,2026,35,73.3,0,0,57.3,0,0,0,10,0,0,70,0,1,0,1,DOMINION,1,0,1,0,,0,0,62,,75.8,0,263,35,0,2,0,0,11,0,1,0,0,23,64.2
145381,Denzel Lowry,DI,0,0,,0,0,,DOMINION,2,D08,0,0,0,20,1,2026,30,72.4,0,0,60,0,0,0,0,30,0,67.4,0,1,0,0,DOMINION,2,0,1,0,,0,0,66.3,,76.6,0,263,30,0,0,0,0,10,0,0,0,0,0,59.8
145382,Wayne Matthews III,LB,2,0,2026,0,0,50,MICH STATE,2,D10,20,18,0,2,1,2026,3,78.3,7,1,58.5,0,0,12,0,0,0,72.9,0,0,0,0,MICH STATE,1,0,0,0,7,2,0,64.7,7,74.5,0,223,23,0,0,0,58.3,9,0,1,0,0,3,57.5
145383,Alonzo Ford Jr.,DI,0,0,,0,0,,PENN STATE,2,D50,1,1,0,8,1,2026,12,72.2,0,0,,0,0,0,1,0,0,75,0,0,0,0,PENN STATE,2,0,0,0,,0,0,84.3,,71.8,0,266,13,0,11,0,0,5,2,0,0,0,0,72.9
145390,Devin Brandt-Epps,DI,0,0,2025,0,0,,NEW MEXICO,0,D97,0,0,0,5,1,2025,25,70.2,0,0,,0,0,0,4,0,0,55,0,0,0,0,NEW MEXICO,0,0,0,0,,0,0,54.5,,73.6,0,241,25,0,20,0,0,20,0,1,0,0,1,57.2
145394,Peyton Stevenson,S,0,0,,0,0,,RICE,0,D09,3,1,0,0,1,2026,0,,0,0,60,0,0,1,0,0,0,60,0,0,0,0,RICE,0,0,0,0,,2,,60.9,,67.5,0,275,3,0,0,0,0,2,0,0,0,0,0,
145404,DJ Arkansas,LB,2,0,,0,1,50,RICE,1,D02,34,31,0,7,1,2025,0,26.6,6,1,63.8,0,0,14,0,0,0,42.2,0,0,0,0,RICE,1,0,0,0,6,3,50,50.4,6,74,0,275,34,8,0,0,56.3,13,1,0,0,0,0,53.3
145406,Elroyal Morris III,DI,0,0,,0,0,,RICE,1,D30,0,0,0,4,1,2026,15,72.4,0,0,,0,0,0,0,11,0,58.7,0,0,1,0,RICE,1,0,0,0,,0,0,59.1,,73.8,0,275,15,0,4,0,0,11,0,1,0,0,0,60
145431,Brendan Toles,CB,0,0,,0,1,,SO MISS,1,D00,6,0,0,0,1,2026,0,26.9,0,0,57.4,0,0,4,0,0,0,60,6,0,0,0,SO MISS,0,0,0,0,,0,50,57.3,,69.4,0,296,6,0,0,0,0,2,0,0,0,0,0,
145432,Jay Jones,S,4,0,,0,1,75,SO MISS,10,D05,47,31,0,0,1,2025,0,71.1,35,3,52,0,0,21,0,0,0,76.7,0,0,0,0,SO MISS,6,0,0,0,23,6,9.1,63.7,11.7,75.2,0,296,47,10,0,0,140.6,26,1,0,10,1,0,
145433,Hayes Puckett,S,0,0,,0,0,,SO MISS,0,D07,1,1,0,0,1,2025,0,,0,0,,0,0,0,0,0,0,60,0,0,0,0,SO MISS,0,0,0,0,,0,,60,,61.7,0,296,1,0,0,0,0,1,0,0,0,0,0,
145508,Tevita Tafuna,DI,0,0,,0,0,,UTEP,1,D50,0,0,0,6,1,2025,13,70.2,0,0,,0,0,0,3,0,0,61.4,0,0,0,0,UTEP,1,0,0,0,,0,0,60.4,,72.2,0,330,13,0,9,0,0,7,0,0,0,0,1,57.8
145523,Jimmori Robinson,ED,0,0,,1,1,,UTSA,1,D08,1,0,1,35,1,2026,55,54,0,0,71.7,7,0,4,0,0,0,71.1,0,0,1,1,UTSA,2,0,8,0,,1,50,90.1,,0,0,331,56,0,0,0,0,17,0,0,0,0,55,90.7
145524,Ronald Triplette,ED,0,0,,1,0,,UTSA,1,D44,2,2,2,19,1,2026,23,75.8,0,0,60,1,0,0,3,0,0,55.7,0,0,0,0,UTSA,2,0,3,0,,0,0,86.7,,76.9,0,331,25,0,4,0,0,6,0,0,0,0,16,89.8
145527,Trey Moore,ED,1,0,2026,0,2,100,TEXAS,2,D08,12,5,0,20,1,2026,35,27.8,4,1,51.7,4,0,7,0,0,1,69,0,0,0,1,TEXAS,1,0,4,0,4,7,50,71.9,4,79.2,0,311,47,2,0,0,83.3,20,0,0,0,0,35,79.2
145551,Cam Burden,LB,7,0,,0,2,100,CHARLOTTE,12,D08,83,73,0,2,1,2026,1,53.9,65,7,56.1,0,0,39,0,0,0,62.8,0,0,0,0,CHARLOTTE,8,0,0,0,25,10,13.3,57.4,9.3,76.6,0,136,84,46,0,0,105.4,43,1,1,0,0,1,47.4
145579,Xavier Williams,S,1,0,2026,0,1,0,MIDDLE TN,11,D18,66,21,0,0,1,2026,3,76.1,0,0,67,0,0,21,0,0,0,55.6,0,0,0,0,MIDDLE TN,1,0,0,0,,13,7.7,61.9,,77.6,0,224,69,0,0,0,39.6,48,0,1,32,0,3,
145582,Ryan Johnson,ED,0,0,,0,1,,SO MISS,2,D23,1,1,1,16,1,2026,34,50,0,0,,4,0,0,0,0,0,64.7,0,0,0,0,SO MISS,2,0,5,0,,0,33.3,72.3,,77.4,0,296,35,0,1,0,0,19,0,0,0,0,33,72.7
145591,Bennett Adler,ED,1,0,,0,0,100,AKRON,2,D01,0,0,1,27,1,2025,54,75.6,10,1,49,1,0,3,9,0,0,72.1,0,1,0,0,AKRON,3,0,3,0,10,0,0,69.7,10,79.6,0,102,54,3,4,0,108.3,24,0,0,0,0,41,69
145611,Darrian Lewis,S,8,0,,0,1,62.5,AKRON,5,D24,76,19,0,2,1,2026,3,72.5,55,5,71,0,0,50,0,0,0,64,0,0,0,0,AKRON,0,0,0,0,18,45,11.1,70.4,11,81,0,102,79,3,0,1,82.8,27,0,3,12,0,3,59.3
145617,Drew Hughes,DI,0,0,,0,1,,BALL ST,2,D47,0,0,0,21,1,2026,37,43.3,0,0,60,0,0,0,1,0,0,67.9,0,0,0,0,BALL ST,2,0,0,0,,0,25,63.2,,75,0,117,37,0,36,0,0,16,0,1,0,0,0,60.9
145618,Joey Stemler,LB,0,0,,0,2,,BALL ST,5,D21,67,59,0,3,1,2026,0,46.1,0,0,71.7,0,1,43,0,0,0,48.9,0,0,0,0,BALL ST,3,0,0,0,,7,28.6,63.6,,75.7,0,117,67,0,0,0,0,21,0,0,1,0,0,55.6
145620,Jack Beebe,LB,0,0,,0,0,,BALL ST,0,D22,5,5,0,0,1,2026,1,,0,0,,0,0,0,0,0,0,54.7,0,0,0,0,BALL ST,0,0,0,0,,0,,52.6,,68.3,0,117,6,0,0,0,0,6,0,0,0,0,1,
145627,Jordan Riley,S,2,0,,1,1,50,KANSAS ST,4,D06,40,24,0,0,1,2025,0,66.3,7,1,82,0,0,21,0,0,0,51.5,0,0,0,0,KANSAS ST,0,0,0,0,7,6,12.5,73.9,7,75.4,0,199,40,9,0,0,58.3,19,0,3,10,0,0,
145655,Cashius Howell,ED,2,0,2026,0,0,0,TEXAS A&M,1,D18,0,0,0,22,1,2026,42,72.2,0,0,64.4,2,0,10,1,0,0,66.4,0,1,1,0,TEXAS A&M,1,0,3,0,,0,0,61,,0,0,312,42,0,0,1,39.6,10,0,0,0,0,41,60.5
145660,Denver Warren,DI,0,0,,0,0,,SM HOUSTON,1,D11,0,0,0,5,1,2026,12,70.1,0,0,,1,0,0,0,7,0,55.7,0,0,1,0,SM HOUSTON,1,0,1,0,,0,0,48,,0,0,281,12,0,5,0,0,7,0,0,0,0,0,66
145669,Daishon Folsom,DI,0,0,,0,1,,BUFFALO,4,D98,0,0,0,14,1,2025,39,49.8,0,0,60,1,0,0,0,0,0,65.9,0,0,0,0,BUFFALO,3,0,1,0,,0,20,67.4,,75.3,0,126,39,0,39,0,0,25,0,0,0,0,0,63.1
145704,Lawai'a Brown,LB,0,0,,0,0,,C MICHIGAN,2,D40,25,24,0,1,1,2026,0,77.4,0,0,62.1,0,0,8,0,0,0,56.3,0,0,0,0,C MICHIGAN,2,0,0,0,,1,0,57.9,,71.5,0,134,25,0,0,0,0,16,0,1,0,0,0,58.6
145707,Quindario Lee,ED,0,0,,0,0,,HOUSTON,0,D99,0,0,0,8,1,2027,13,,0,0,,0,0,0,4,0,0,65.3,0,0,0,0,HOUSTON,0,0,0,0,,0,,60.6,,73.3,0,182,13,0,0,0,0,5,0,0,0,0,9,54.4
145712,Jonah Pace,DI,0,0,,0,1,,C MICHIGAN,2,D91,0,0,0,28,1,2026,54,49.2,0,0,,0,0,0,1,0,0,66.2,0,1,0,1,C MICHIGAN,1,0,1,0,,0,20,68.7,,76.6,0,134,54,0,51,0,0,26,0,2,0,0,2,66.2
145721,Dakota Cochran,LB,0,0,,0,0,,C MICHIGAN,3,D11,31,30,0,4,1,2026,1,79.1,0,0,63.7,0,0,10,0,0,0,66.9,0,0,0,0,C MICHIGAN,0,0,0,0,,1,0,65.6,,73.5,0,134,32,0,0,0,0,18,0,1,0,0,1,54
145731,Michael Heldman,ED,1,0,2026,0,1,100,C MICHIGAN,2,D97,0,0,2,22,1,2026,47,61,8,1,60.1,1,0,2,0,0,0,74.5,0,0,0,0,C MICHIGAN,4,0,3,0,8,0,20,74.6,8,78.3,0,134,47,8,1,0,100,23,0,2,0,0,46,66.8
145739,Elijah Rikard,S,2,0,,0,0,50,C MICHIGAN,3,D02,42,14,0,2,1,2026,1,80.8,36,1,35,0,0,26,0,0,0,47.7,0,0,1,0,C MICHIGAN,1,0,0,0,36,7,0,31.2,36,0,0,134,43,3,0,0,135.4,15,0,1,21,1,1,58.2
145740,Kyle Moretti,LB,0,0,,0,1,,S DIEGO ST,1,D44,12,12,0,0,1,2025,0,26.6,0,0,61.1,0,0,3,0,0,0,47.8,0,0,0,0,S DIEGO ST,0,0,0,0,,0,50,49.3,,69.6,0,284,12,0,0,0,0,9,0,0,0,0,0,
145741,Fernando Sanchez III,LB,0,0,,0,0,,C MICHIGAN,0,D14,6,6,0,0,1,2026,2,,0,0,60.8,0,0,2,0,0,0,41.3,0,0,0,0,C MICHIGAN,0,0,0,0,,0,,39.1,,67.9,0,134,8,0,0,0,0,6,0,0,0,0,2,
145742,Caleb Spann,S,1,0,,0,0,100,C MICHIGAN,4,D15,55,37,0,2,1,2026,1,81.7,8,1,62.6,0,0,30,0,0,0,65.9,0,0,0,0,C MICHIGAN,0,0,0,0,8,9,0,64.1,8,75.2,0,134,56,3,0,0,100,24,0,1,9,0,1,58.4
145743,Jason Williams,DI,0,0,,0,0,,C MICHIGAN,3,D94,0,0,0,26,1,2025,47,75.1,0,0,60,0,0,0,0,11,0,73.2,0,2,0,0,C MICHIGAN,2,0,2,0,,0,0,75.5,,77.4,0,134,47,0,36,0,0,21,1,2,0,0,0,68.5
145757,Carter Evans,ED,0,0,,0,0,,E MICHIGAN,0,D33,0,0,0,2,1,2027,11,,0,0,60,0,0,1,0,0,0,48.6,0,0,0,0,E MICHIGAN,0,0,0,0,,0,,47.8,,74.1,0,160,11,0,0,0,0,8,0,0,0,0,11,59.3
145760,Peyton Price,DI,0,0,,0,1,,E MICHIGAN,1,D09,0,0,0,25,1,2025,47,35,0,0,,4,0,0,7,2,0,67.1,0,1,0,0,E MICHIGAN,1,0,5,0,,0,33.3,70.4,,76.7,0,160,47,0,38,0,0,22,0,1,0,0,0,68
145764,Quentavius Scandrett,S,2,0,,0,1,50,E MICHIGAN,6,D03,60,22,0,2,1,2027,0,70.5,8,1,73.7,0,0,30,0,0,0,67,5,0,0,0,E MICHIGAN,1,0,0,0,8,0,10,72.2,8,76.6,0,160,60,5,0,1,60.4,28,0,3,33,0,0,58.8
145800,Oscar McWood,LB,0,0,,0,0,,MIAMI OH,2,D23,15,11,0,0,1,2026,1,77.7,0,0,62,0,0,6,0,0,0,65.6,0,0,0,0,MIAMI OH,2,0,0,0,,4,0,65.9,,69.3,0,221,16,0,0,0,0,10,2,0,0,0,1,
145801,Nasir Washington,DI,0,0,,0,0,,MIAMI OH,2,D52,0,0,0,8,1,2026,22,73.8,0,0,,0,0,0,0,0,0,79.2,0,0,0,0,MIAMI OH,2,0,0,0,,0,0,77.9,,73.7,0,221,22,0,22,0,0,14,0,1,0,0,0,58.3
145803,Corban Hondru,LB,0,0,,0,0,,MIAMI OH,3,D12,26,20,0,1,1,2026,8,79.6,0,0,62.5,0,0,10,0,0,0,83.8,0,0,0,0,MIAMI OH,3,0,0,0,,6,0,77.9,,74.5,0,221,34,0,0,0,0,23,2,1,0,0,8,59.2
145806,Caiden Woullard,ED,0,0,,0,0,,OKLAHOMA,1,D90,0,0,1,15,1,2025,22,73.7,0,0,65.1,0,0,1,7,0,0,70,0,0,0,0,OKLAHOMA,2,0,1,0,,0,0,73.4,,74.7,0,261,22,0,2,0,0,6,1,0,0,0,13,60.2
145820,Eli Blakey,S,0,0,,0,1,,MIAMI OH,3,D16,42,18,0,0,1,2026,2,51.8,0,0,64.6,0,0,16,0,0,0,49.4,0,0,1,0,MIAMI OH,1,0,0,0,,4,20,51.9,,0,0,221,44,0,0,0,0,28,0,1,20,0,2,
145837,Ty Myles,CB,0,0,,0,0,,N ILLINOIS,2,D13,19,4,0,0,1,2026,1,77.6,0,0,65.7,0,0,9,0,0,0,61.2,1,0,0,0,N ILLINOIS,1,0,0,0,,14,0,65.7,,73.8,0,254,20,0,0,0,0,11,1,0,0,0,1,
145844,Cyrus McGarrell,S,1,0,,0,0,0,N ILLINOIS,0,D22,8,2,0,0,1,2026,0,,0,0,62.1,0,0,4,0,0,0,60,0,0,0,0,N ILLINOIS,0,0,0,0,,0,,62.5,,70.2,0,254,8,0,0,0,39.6,4,0,0,6,0,0,
145850,Louis Frye,S,0,0,,0,0,,TEMPLE,3,D14,24,15,0,0,1,2026,0,80.7,0,0,62.9,0,0,7,0,0,0,74.4,0,0,0,0,TEMPLE,2,0,0,0,,3,0,70.8,,72.6,0,306,24,0,0,0,0,17,0,1,6,0,0,
145855,Cade Haberman,DI,0,0,,0,1,,N ILLINOIS,1,D51,0,0,0,15,1,2025,37,28.1,0,0,59.3,0,0,1,1,5,0,70.6,0,0,0,0,N ILLINOIS,1,0,0,0,,0,50,65,,75.4,0,254,37,0,31,0,0,21,0,0,0,0,0,54.9
145873,Javaughn Byrd,CB,5,0,,0,0,40,N ILLINOIS,2,D02,75,8,0,1,1,2025,1,78.5,6,2,74.3,0,0,34,0,0,0,61.8,63,0,0,0,N ILLINOIS,1,0,0,0,5,0,0,72.6,3,77.3,0,254,76,8,0,0,47.9,41,0,1,4,0,1,59.7
145874,Jalonnie Williams,ED,0,0,,0,0,,N ILLINOIS,1,D11,0,0,0,13,1,2026,37,74.1,0,0,61.1,0,0,1,0,0,0,60,0,0,0,0,N ILLINOIS,0,0,0,0,,0,0,58.3,,77.3,0,254,37,0,3,0,0,23,0,1,0,0,34,53.3
145877,Shay Taylor,LB,5,1,,0,1,100,OHIO,6,D35,66,54,0,10,1,2026,3,66.8,34,5,90.1,1,1,37,0,0,0,57.8,0,0,0,0,OHIO,3,0,1,0,17,12,11.1,82.8,6.8,76.7,0,259,69,38,0,0,55.4,22,1,2,0,0,3,60.4
145884,Bradley Weaver,ED,0,0,,0,1,,OHIO,1,D94,0,0,1,37,1,2026,54,47.7,0,0,,0,0,0,11,0,0,68,0,1,0,0,OHIO,2,0,2,0,,0,33.3,66.2,,77.8,0,259,54,0,9,0,0,17,1,1,0,0,34,61.2
145889,Torrie Cox Jr.,CB,1,0,,0,0,0,ILLINOIS,0,D05,8,0,0,1,1,2026,0,,0,0,46,0,0,4,0,0,0,60,6,0,0,0,ILLINOIS,0,0,0,0,,2,,44.9,,70.4,0,187,8,0,0,0,39.6,3,0,0,0,0,0,60
145897,Bralen Henderson,DI,0,0,,0,1,,OHIO,0,D81,0,0,0,26,1,2026,40,27.6,0,0,59.9,0,0,1,0,6,1,52.8,0,0,0,0,OHIO,0,0,0,0,,0,50,57.3,,75.6,0,259,40,0,34,0,0,13,0,1,0,0,0,61.7
145913,Doran Ray Jr.,DI,0,0,,0,0,,TOLEDO,0,D97,0,0,0,2,1,2026,6,,0,0,,0,0,0,0,0,0,62.8,0,0,0,0,TOLEDO,0,0,0,0,,0,,63.5,,69.4,0,316,6,0,6,0,0,4,0,0,0,0,0,59.6
145914,Esean Carter,DI,0,0,,0,0,,TOLEDO,1,D90,0,0,0,11,1,2027,18,70.2,0,0,,0,0,0,0,0,0,67.3,0,0,0,0,TOLEDO,1,0,0,0,,0,0,65.4,,72.9,0,316,18,0,17,0,0,7,0,0,0,0,1,57.6
145915,Jeremiah Peters,ED,0,0,,0,0,,TOLEDO,0,D46,0,0,0,10,1,2026,14,,0,0,,0,0,0,0,0,0,64.9,0,0,0,0,TOLEDO,0,0,0,0,,0,,68.7,,74.3,0,316,14,0,0,0,0,4,0,0,0,0,14,63.4
145918,Damon Ollison II,LB,0,0,,0,0,,TOLEDO,1,D37,4,4,0,0,1,2028,0,73.1,0,0,60,0,0,1,0,0,0,64.2,0,0,0,0,TOLEDO,0,0,0,0,,0,0,66.8,,66.1,0,316,4,0,0,0,0,3,0,0,0,0,0,
145927,Mason Nelson,DI,0,0,,1,0,,W MICHIGAN,1,D54,0,0,1,18,1,2026,32,74,0,0,,1,0,0,6,3,0,83.2,0,0,0,0,W MICHIGAN,2,0,2,0,,0,0,92.1,,75.3,0,347,32,0,23,0,0,14,0,1,0,0,0,90.2
145937,Corey Walker,ED,0,0,,0,0,,W MICHIGAN,0,D93,1,1,0,20,1,2026,28,71.3,0,0,,4,0,0,8,0,0,61.8,0,0,0,0,W MICHIGAN,0,0,4,0,,0,0,67.7,,75.3,0,347,29,0,1,0,0,9,0,1,0,0,19,67.4
145943,Tyson Lee,ED,0,0,,0,0,,W MICHIGAN,1,D58,0,0,0,15,1,2026,30,71.5,0,0,,2,0,0,5,0,0,78.5,0,0,1,1,W MICHIGAN,1,0,2,0,,0,0,68,,0,0,347,30,0,0,0,0,15,1,0,0,0,25,59.2
145950,Aaron Wofford,S,1,0,,0,1,0,W MICHIGAN,2,D05,50,9,1,2,1,2026,0,53.4,0,0,55.7,0,0,27,0,0,0,53.4,0,0,0,0,W MICHIGAN,1,0,1,0,,13,25,56.3,,76.9,0,347,50,0,0,0,39.6,21,0,1,28,0,0,66.6
145978,Andrew Simpson,LB,2,0,,0,1,50,BOISE ST,5,D10,36,36,0,5,1,2026,4,68.5,-1,1,84.6,1,1,19,0,0,0,79.8,0,0,0,0,BOISE ST,2,0,1,0,-1,0,14.3,84.4,-1,77.9,0,120,40,3,0,0,16.7,16,1,1,0,0,4,46.8
145984,Seyi Oladipo Jr.,S,0,0,,0,2,,BOISE ST,3,D23,23,17,2,3,1,2025,5,55,0,0,66.5,1,0,13,0,0,0,60.9,0,1,0,0,BOISE ST,4,0,4,0,,6,25,68.9,,72.7,0,120,28,0,0,0,0,12,0,3,0,0,5,70.8
145990,Ahmed Hassanein,ED,0,0,2025,0,3,,BOISE ST,1,D91,0,0,1,29,1,2025,50,29.2,0,0,,3,0,0,4,0,0,67.6,0,0,0,0,BOISE ST,2,0,4,0,,0,50,61.7,,78.1,0,120,50,0,0,0,0,21,0,2,0,0,46,54.9
145997,Zion Washington,S,3,0,2026,0,1,66.7,BOISE ST,3,D21,56,28,0,1,1,2026,0,55.3,20,2,62.9,0,0,34,0,0,0,58.6,0,0,0,0,BOISE ST,1,0,0,0,13,7,20,61.8,10,76.1,0,120,56,17,0,1,85.4,21,0,1,21,0,0,60
146012,Mukendi Wa-Kalonji,ED,0,0,,0,0,,COLO STATE,1,D92,1,1,0,29,1,2027,52,70.2,0,0,60,2,0,1,7,1,1,61.8,0,0,0,0,COLO STATE,0,0,2,0,,0,0,58.4,,78.9,0,144,53,0,5,0,0,23,0,0,0,0,39,54.3
146014,Grady Kelly,DI,0,0,,0,0,,FLORIDA ST,2,D90,0,0,0,11,1,2026,21,72.1,0,0,,0,0,0,3,6,0,56.8,0,0,0,0,FLORIDA ST,1,0,0,0,,0,0,55.6,,74.2,0,167,21,0,12,0,0,10,0,0,0,0,0,56.4
146020,Jack Howell,S,2,0,,0,1,50,COLO STATE,4,D17,52,31,0,1,1,2025,3,57.7,30,1,30.2,1,0,25,0,0,0,74.8,0,0,2,0,COLO STATE,2,0,1,0,30,12,16.7,43.8,30,78.1,0,144,55,4,0,0,95.8,29,0,1,9,0,3,60
146036,Cale Sanders Jr.,S,7,0,,0,0,57.1,SMU,2,D22,54,12,0,3,1,2025,3,77.4,66,4,48.8,0,0,37,0,0,0,57.8,2,0,0,0,SMU,0,0,0,0,43,38,0,51.2,16.5,78.4,0,287,57,17,0,0,128.6,17,0,0,2,1,3,67
146040,Phoenix Jackson,LB,1,0,,0,2,0,FRESNO ST,1,D07,53,46,0,10,1,2027,3,22.4,0,0,73.4,1,0,37,0,0,0,40.9,0,0,0,0,FRESNO ST,0,0,1,0,,7,66.7,67,,76.5,0,169,56,0,0,1,39.6,9,0,0,0,0,3,66.6
146042,Al'zillion Hamilton,CB,7,0,2026,1,0,28.6,FRESNO ST,2,D03,58,5,1,3,1,2026,3,77.9,28,2,86.2,0,1,44,0,0,0,64.8,24,0,0,1,FRESNO ST,2,0,1,0,24,29,0,91.3,14,78.4,0,169,61,5,0,0,4.2,14,0,0,0,0,3,95.6
146043,Julian Neal,CB,5,0,2026,0,1,40,FRESNO ST,3,D15,56,0,0,0,1,2026,0,53.2,24,2,55.5,0,1,45,0,0,0,51.8,56,0,1,0,FRESNO ST,0,0,0,0,17,0,20,54.5,12,77,0,169,56,0,0,0,15.8,11,0,1,0,0,0,
146073,Tariq Jones,ED,0,0,,0,0,,HAWAII,0,D05,1,1,0,24,1,2026,41,,0,0,,2,0,0,0,0,0,59.4,0,0,0,0,HAWAII,0,0,2,0,,0,,62.1,,78.5,0,180,42,0,0,0,0,18,0,0,0,0,41,62.2
146079,Chad Brown,CB,2,0,,0,0,0,NEVADA,0,D24,48,0,0,0,1,2026,3,,0,0,71.5,0,0,32,0,0,0,63.2,48,0,3,0,NEVADA,0,0,0,0,,0,,60.3,,0,0,239,51,0,0,0,39.6,19,0,0,0,0,3,
146083,Aedan Seiuli,S,2,0,,0,3,50,NEVADA,7,D46,63,50,0,5,1,2026,2,53.4,7,1,54.4,2,0,33,0,0,0,56.5,0,0,0,0,NEVADA,1,0,2,0,7,11,25,51.8,7,74.2,0,239,65,2,0,0,58.3,27,0,2,2,0,2,46.4
146094,Drue Watts,LB,1,0,,0,2,100,NEVADA,2,D07,59,57,1,8,1,2026,2,29.4,16,1,59,1,0,24,0,0,0,29.1,0,1,0,0,NEVADA,1,0,3,0,16,1,50,44.5,16,76.5,0,239,61,3,0,0,118.8,29,0,0,1,0,2,65.3
146096,Dion Washington,DI,0,0,,0,0,,HAWAII,0,D19,0,0,0,17,1,2026,34,,0,0,,0,0,0,0,1,0,36.9,0,0,0,0,HAWAII,0,0,0,0,,0,,39.8,,75,0,180,34,0,33,0,0,17,0,0,0,0,0,55.1
146104,Jaden Phillips,ED,0,0,,0,0,,SM HOUSTON,0,D55,0,0,0,2,1,2025,5,,0,0,,0,0,0,0,0,0,49.3,0,1,0,0,SM HOUSTON,0,0,1,0,,0,,49.2,,70.3,0,281,5,0,1,0,0,3,0,0,0,0,4,68.1
146141,Noah Avinger,S,1,0,2026,0,0,0,NEW MEXICO,2,D01,51,27,0,1,1,2026,0,82.6,0,0,65.9,0,0,21,0,0,0,68.9,0,0,0,0,NEW MEXICO,1,0,0,0,,6,0,68.1,,75.2,0,241,51,0,0,0,39.6,29,0,2,18,0,0,59
146142,Darrion Dalton,DI,0,0,,0,0,,S DIEGO ST,2,D97,0,0,0,7,1,2026,15,72.9,0,0,,0,0,0,3,0,0,65.1,0,0,0,0,S DIEGO ST,2,0,0,0,,0,0,63.4,,71.9,0,284,15,0,12,0,0,8,1,0,0,0,0,56.8
146147,Dominic Oliver,ED,0,0,,0,2,,S DIEGO ST,0,D30,0,0,0,7,1,2026,12,21.2,0,0,,0,0,0,7,0,0,47.6,0,0,1,0,S DIEGO ST,0,1,0,0,,0,100,45.6,,71.1,0,284,12,0,4,0,0,5,0,0,0,0,1,55.7
146162,DJ Herman,LB,3,0,2026,0,0,66.7,S DIEGO ST,3,D56,25,22,0,1,1,2026,1,79.9,12,2,57.1,0,0,15,0,0,0,76.3,0,0,0,0,S DIEGO ST,1,0,0,0,7,3,0,67.3,6,73.1,0,284,26,15,0,0,74.3,10,0,1,0,0,1,59.5
146166,CJ Baskerville,S,4,0,,0,0,100,TEXAS TECH,4,D09,63,24,0,1,1,2025,0,81.8,47,4,66.8,0,1,39,0,0,0,63.1,0,0,0,0,TEXAS TECH,3,0,0,0,17,11,0,66.6,11.8,77.2,0,315,63,26,0,0,115.6,23,2,0,28,1,0,60
146175,Jalen Apalit-Williams,S,1,0,,0,0,100,S JOSE ST,2,D07,27,19,0,0,1,2026,1,80.3,18,1,51.7,0,0,8,0,0,0,70.4,0,0,0,0,S JOSE ST,1,0,0,0,18,3,0,61.1,18,75.3,0,285,28,2,0,0,118.8,20,0,1,5,0,1,
146176,Jalen Bainer,CB,0,0,,0,0,,S JOSE ST,0,D15,15,1,0,0,1,2026,0,,0,0,63.7,0,0,6,0,0,0,60.2,11,0,0,0,S JOSE ST,0,0,0,0,,3,,64.7,,72.7,0,285,15,0,0,0,0,9,0,0,0,0,0,
146177,Nate Lewis,ED,0,0,,0,0,,S JOSE ST,0,D99,0,0,0,1,1,2027,7,,0,0,,0,0,0,0,0,0,61.3,0,0,0,0,S JOSE ST,0,0,0,0,,0,,61.8,,71.1,0,285,7,0,0,0,0,6,0,0,0,0,7,60
146179,Tre Smith,ED,0,0,,0,1,,ARIZONA,2,D03,0,0,0,26,1,2027,56,53.3,0,0,60,0,0,0,2,0,0,66.9,0,0,0,0,ARIZONA,2,0,0,0,,0,25,63.2,,80,0,109,56,0,10,0,0,30,0,1,0,0,44,55.1
146197,Anthony Sagapolutele,DI,0,0,,0,0,,HAWAII,0,D95,12,12,1,19,1,2025,13,74.1,0,0,,0,0,0,2,0,0,48.3,0,0,0,0,HAWAII,1,0,1,0,,0,0,51.5,,75.2,0,180,25,0,11,0,0,6,0,1,0,0,0,58.1
146198,Kilinahe Mendiola-Jensen,S,3,0,,0,1,33.3,HAWAII,3,D29,75,32,0,0,1,2026,0,54.9,63,1,67,0,0,50,0,0,0,61.9,0,0,0,0,HAWAII,1,0,0,0,63,3,20,66.3,63,77.9,0,180,75,33,0,2,121.5,25,0,1,40,1,0,
146206,Cameron Oliver,CB,2,0,,0,0,50,UNLV,2,D05,43,11,0,0,1,2025,0,77.7,28,1,59.2,0,0,22,0,0,0,67.4,27,0,0,0,UNLV,1,0,0,0,28,1,0,62,28,74.3,0,325,43,10,0,0,95.8,21,0,0,4,0,0,
146212,Marsel McDuffie,LB,3,0,,0,0,66.7,UNLV,0,D08,49,49,0,3,1,2026,7,79.2,26,2,51.8,0,0,22,0,0,0,34.4,0,0,0,0,UNLV,0,0,0,0,15,0,0,41,13,75.6,0,325,56,17,0,0,93.8,31,0,4,0,0,7,65.2
146214,Johnathan Baldwin,CB,5,0,2025,0,0,40,UNLV,3,D03,73,28,0,3,1,2025,3,61.6,6,2,69.7,1,0,33,0,0,0,71,0,0,0,0,UNLV,1,0,1,0,4,44,0,72.6,3,78.6,0,325,76,2,0,1,87.5,40,0,3,1,1,3,67.4
146222,Ike Larsen,S,5,0,,0,1,40,UTAH ST,4,D06,69,35,0,0,1,2026,0,71.9,10,2,55.8,0,0,34,0,0,0,79.5,0,0,1,0,UTAH ST,1,0,0,0,7,13,14.3,64,5,78.4,0,329,69,5,0,2,47.9,35,0,2,21,0,0,
146227,Bo Maile,DI,0,0,,0,0,,UTAH ST,2,D44,0,0,0,10,1,2026,24,72.4,0,0,,0,0,0,0,0,0,64.3,0,0,0,0,UTAH ST,2,0,0,0,,0,0,62.6,,74,0,329,24,0,24,0,0,14,0,0,0,0,0,56.6
146234,Seni Tuiaki,DI,0,0,,0,0,,UTAH ST,1,D48,0,0,0,0,1,2027,3,70.2,0,0,,0,0,0,0,0,0,65.6,0,0,0,0,UTAH ST,1,0,0,0,,0,0,71.4,,67.8,0,329,3,0,3,0,0,3,1,0,0,0,0,
146250,Kolbe Cage,S,7,0,,0,1,71.4,SO MISS,4,D09,44,10,0,0,1,2026,3,58.5,45,5,48.8,0,0,22,0,0,0,69.9,0,0,0,0,SO MISS,1,0,0,0,18,34,20,55.3,9,77.5,0,296,47,45,0,0,88.4,25,0,0,0,0,3,
146252,Dalton Johnson,S,4,0,2026,0,4,75,ARIZONA,9,D43,67,65,0,2,1,2026,0,44.5,75,3,46.9,1,0,29,0,0,0,51.6,0,0,0,0,ARIZONA,6,0,1,0,54,1,23.5,46.4,25,77.3,0,109,67,40,0,0,156.3,36,0,4,0,1,0,57
146264,Evan Branch-Haynes,DI,0,0,,0,0,,BOWL GREEN,0,D55,0,0,0,18,1,2026,26,70.1,0,0,,0,0,0,0,4,0,64.8,0,0,0,0,BOWL GREEN,0,0,0,0,,0,0,63.8,,74.3,0,122,26,0,21,0,0,8,0,1,0,0,1,59.7
146277,B.J. Green II,ED,0,0,2025,0,0,,COLORADO,2,D35,0,0,0,30,1,2025,53,75.7,0,0,,2,0,0,7,0,0,57.2,0,1,0,0,COLORADO,2,0,3,0,,0,0,69.3,,78.9,0,143,53,0,3,0,0,23,0,1,0,0,43,75.5
146281,Gharin Stansbury,ED,0,0,,0,0,,JVILLE ST,1,D91,0,0,0,7,1,2027,12,69.7,0,0,,0,0,0,5,0,0,69.5,0,0,0,0,JVILLE ST,1,0,0,0,,0,0,71.5,,71.8,0,196,12,0,1,0,0,5,0,0,0,0,6,62.5
146299,Hunter Barth,LB,3,0,,0,1,66.7,CAL,3,D31,20,18,0,1,1,2026,1,62.2,10,2,74.6,0,0,13,0,0,0,64.9,0,0,0,0,CAL,2,0,0,0,8,2,20,75.2,5,74.2,0,130,21,8,0,1,71.5,7,0,1,0,0,1,59.2
146306,Kaleb Elarms-Orr,LB,1,0,2026,0,0,100,TCU,1,D03,13,13,0,3,1,2026,0,75.8,9,1,50.5,0,0,4,0,0,0,66.7,0,0,0,0,TCU,0,0,0,0,9,0,0,54.3,9,69.6,0,305,13,8,0,0,104.2,6,0,1,0,0,0,56
146309,Akili Calhoun,DI,0,0,,0,0,,CAL,0,D95,0,0,0,3,1,2026,7,,0,0,,0,0,0,2,0,0,49,0,0,0,0,CAL,0,0,0,0,,0,,42.5,,69.8,0,130,7,0,5,0,0,4,0,0,0,0,0,57.4
146310,Derek Wilkins,DI,0,0,,0,0,,CAL,0,D96,0,0,0,8,1,2027,16,,0,0,,1,0,0,4,0,0,70.1,0,1,0,0,CAL,0,0,2,0,,0,,70.8,,72.1,0,130,16,0,12,0,0,8,0,0,0,0,0,61.7
146321,Nikko Reed,CB,3,0,2025,0,0,0,OREGON,2,D09,34,0,0,0,1,2025,0,76.2,0,0,80.1,0,0,20,0,0,0,77,34,0,0,0,OREGON,1,0,0,0,,0,0,83.1,,75.4,0,264,34,0,0,2,39.6,14,1,0,0,0,0,
146351,Skyler Thomas,S,6,0,2026,0,0,66.7,OREGON ST,8,D17,57,24,0,2,1,2026,4,84.6,35,4,69.8,0,0,38,0,0,0,68.5,0,0,0,0,OREGON ST,2,0,0,0,12,13,0,71.9,8.8,78.2,0,265,61,10,0,2,81.9,21,0,0,20,0,4,66.5
146353,Jack Kane,S,1,0,,0,0,100,OREGON ST,1,D24,41,20,0,1,1,2026,0,81.9,15,1,45.7,0,0,22,0,0,0,67.9,0,0,0,0,OREGON ST,0,0,0,0,15,4,0,52.3,15,73.7,0,265,41,4,0,0,118.8,18,0,3,17,0,0,60
146357,Semisi Saluni,DI,0,0,,0,0,,OREGON ST,3,D45,0,0,0,33,1,2025,52,72.2,0,0,,1,0,0,0,2,0,64.7,0,0,0,0,OREGON ST,2,0,1,0,,0,0,60.5,,77,0,265,52,0,43,0,0,19,1,0,0,0,7,54.8
146375,Mitch Leigber,S,0,0,,0,1,,STANFORD,8,D32,78,27,0,5,1,2026,7,77.2,0,0,60.9,1,0,40,0,0,0,79.7,0,0,0,0,STANFORD,2,0,1,0,,9,10,69,,79.5,0,300,85,0,0,0,0,40,0,1,42,0,7,58.9
146379,Anthony Franklin,DI,0,0,,0,0,,STANFORD,3,D94,0,0,0,29,1,2026,55,76.2,0,0,,1,0,0,8,0,0,57.8,0,0,0,0,STANFORD,1,0,1,0,,0,0,58.3,,76.8,0,300,55,0,45,0,0,26,1,1,0,0,2,58.6
146383,Zach Buckey,DI,0,0,,0,0,,STANFORD,0,D98,0,0,0,1,1,2026,2,,0,0,,0,0,0,0,0,0,60,0,0,0,0,STANFORD,0,0,0,0,,0,,49.8,,66.6,0,300,2,0,2,0,0,1,0,0,0,0,0,59.9
146403,Tyler Kiehne,DI,0,0,,0,0,,NEW MEXICO,0,D07,0,0,0,5,1,2025,9,70.8,0,0,,0,0,0,2,0,0,62.9,0,0,0,0,NEW MEXICO,0,0,0,0,,0,0,62,,71,0,241,9,0,6,0,0,4,0,1,0,0,1,57.7
146404,Antoine Campbell Jr.,ED,0,0,,0,0,,KENT STATE,0,D95,0,0,0,4,1,2026,8,24.9,0,0,,0,0,0,0,0,0,57.3,0,0,0,1,KENT STATE,0,0,0,0,,0,,62.4,,72.5,0,201,8,0,0,0,0,4,0,0,0,0,8,67.2
146420,Anthony Beavers,S,0,0,,0,1,,USC,0,D15,4,4,0,1,1,2028,1,20.4,0,0,,0,0,0,0,0,0,48.5,0,0,0,0,USC,0,0,0,0,,0,100,43.3,,67.1,0,326,5,0,0,0,0,4,0,0,0,0,1,59.4
146421,Prophet Brown,CB,9,0,,0,1,66.7,USC,4,D16,63,5,0,0,1,2027,0,64.7,105,6,53.3,0,0,47,0,0,0,62.2,33,0,0,0,USC,0,0,0,0,45,25,20,54.3,17.5,78,0,326,63,30,0,1,143.3,16,0,0,0,1,0,
146447,Karene Reid,LB,0,0,2025,0,0,,UTAH,6,D21,48,47,0,7,1,2025,8,81.5,0,0,72.4,3,0,8,0,0,0,66.8,0,0,0,0,UTAH,4,0,3,0,,1,0,68.3,,75.5,0,328,56,0,0,0,0,41,1,1,0,0,8,51.1
146457,Simote Pepa,DI,0,0,,0,0,,UTAH,0,D77,0,0,0,6,1,2026,19,,0,0,,0,0,0,2,2,0,45.1,0,0,0,0,UTAH,0,0,0,0,,0,,44.8,,73.3,0,328,19,0,15,0,0,13,0,0,0,0,0,57.1
146477,Davon Banks,CB,3,0,,0,1,66.7,BOISE ST,2,D20,19,8,0,0,1,2026,0,47.5,42,2,60.5,0,0,13,0,0,0,65.8,10,0,0,0,BOISE ST,1,0,0,0,34,0,25,63,21,71.4,0,120,19,4,0,0,149.3,6,1,1,1,1,0,
146479,Dyson McCutcheon,CB,1,0,,0,0,0,WASHINGTON,0,D21,33,9,0,0,1,2027,0,,0,0,62,0,0,7,0,0,0,63.8,0,0,0,0,WASHINGTON,0,0,0,0,,19,,63.8,,75.2,0,340,33,0,0,0,39.6,26,0,0,5,0,0,
146487,Voi Tunuufi,ED,0,0,,0,0,,WASHINGTON,2,D52,4,4,0,16,1,2025,55,75.5,0,0,,0,0,0,11,0,0,72.5,0,1,0,0,WASHINGTON,2,0,1,0,,0,0,72.4,,80,0,340,59,0,8,0,0,43,0,1,0,0,36,62.9
146496,Leon Neal Jr.,WR,0,0,,0,0,,WASH STATE,1,12,1,0,0,0,1,2026,0,70.1,0,0,62.9,0,0,1,0,0,0,,0,0,0,0,WASH STATE,0,0,0,0,,0,0,64.6,,60,0,341,1,0,0,0,0,0,0,0,0,0,0,
146507,Joshua Meredith,WR,0,0,,0,0,,WASH STATE,0,18,1,0,0,1,1,2026,0,,0,0,,0,0,0,0,0,0,,0,0,0,0,WASH STATE,0,0,0,0,,0,,60,,60,0,341,1,0,0,0,0,0,0,0,0,0,0,60
146517,Raam Stevenson,ED,0,0,,0,0,,WASH STATE,0,D45,0,0,0,15,1,2026,26,73.7,0,0,60.6,1,0,1,0,0,0,62.2,0,0,0,0,WASH STATE,0,0,1,0,,0,0,59.4,,76,0,341,26,0,0,0,0,10,0,2,0,0,26,54
146520,Lawrence Falatea,ED,0,0,,0,2,,UTAH ST,0,D50,0,0,0,33,1,2027,65,23.4,0,0,,1,0,0,0,0,0,40.1,0,3,0,0,UTAH ST,0,0,4,0,,0,100,55.2,,80.4,0,329,65,0,0,0,0,32,0,0,0,0,65,71.4
146521,Kiko Mauigoa,LB,5,0,2025,0,0,60,MIAMI FL,6,D01,60,50,0,9,1,2025,4,83.6,38,3,63.2,1,0,38,0,0,0,70.9,3,2,0,0,MIAMI FL,3,0,3,0,27,7,0,72.2,12.7,77.1,0,220,64,17,0,1,83.8,17,1,2,0,0,4,76.4
146524,David Gusta,DI,0,0,,0,0,,WASH STATE,3,D60,0,0,0,33,1,2026,46,75.6,0,0,60,0,0,0,1,3,0,68.2,0,0,0,1,WASH STATE,2,0,0,0,,0,0,70.9,,76.8,0,341,46,0,42,0,0,13,0,2,0,0,0,66.1
146529,Andrew Edson,ED,0,0,,0,1,,WASH STATE,1,D95,0,0,0,31,1,2025,44,32,0,0,60.1,2,0,2,2,0,0,68.3,0,0,0,0,WASH STATE,1,0,2,0,,0,50,64.3,,78.3,0,341,44,0,0,0,0,11,0,0,0,0,42,58.2
146539,Brandon Buckner,ED,2,0,,0,2,50,MIDDLE TN,3,D89,3,1,1,12,1,2026,46,33.2,21,1,51.4,0,0,2,0,0,0,47.8,0,0,0,0,MIDDLE TN,3,0,1,0,21,2,40,47.8,21,80.7,0,224,49,6,0,0,87.5,35,0,0,0,0,46,61.9
146549,Jabril McNeill,ED,0,0,,0,0,,TROY,1,D53,0,0,0,16,1,2026,26,73.6,0,0,60,0,0,1,9,0,0,71.2,0,0,0,0,TROY,1,0,0,0,,0,0,75.6,,75,0,318,26,0,0,0,0,9,0,1,0,0,17,70
146552,Jeffrey Bassa,LB,2,0,2025,0,0,50,OREGON,3,D02,41,37,0,4,1,2025,2,79.9,18,1,58,0,0,22,0,0,0,68.2,1,0,0,0,OREGON,0,0,0,0,18,3,0,64.5,18,75.4,0,264,43,15,0,0,81.3,17,0,1,0,0,2,66
146557,Keith Brown,LB,3,0,,0,1,100,WASH STATE,4,D21,19,10,0,3,1,2027,0,56.7,20,3,56.5,0,0,10,0,0,0,65.2,0,0,0,0,WASH STATE,3,0,0,0,9,8,16.7,57.4,6.7,72.3,0,341,19,18,0,0,94.4,6,1,1,0,0,0,54.9
146564,Terrell Tilmon,ED,0,0,,0,0,,TEXAS TECH,0,D45,0,0,1,2,1,2026,3,73,0,0,,0,0,0,0,0,0,60,0,0,0,0,TEXAS TECH,1,0,1,0,,0,,69,,70.6,0,315,3,0,0,0,0,1,0,0,0,0,3,68.3
146605,Keanu Koht,ED,0,0,,0,0,,ALABAMA,0,D19,0,0,0,1,1,2026,12,,0,0,,0,0,0,0,0,0,64.9,0,0,0,0,ALABAMA,0,0,0,0,,0,,66,,74.8,0,103,12,0,0,0,0,11,0,0,0,0,12,60
146606,Brylan Lanier,CB,7,0,,0,2,100,MISS STATE,3,D03,29,5,0,0,1,2026,1,51.8,100,7,33.6,0,0,23,0,0,0,45.3,3,0,1,0,MISS STATE,0,0,0,0,27,19,33.3,29.4,14.3,0,0,227,30,33,0,0,158.3,7,0,1,2,2,1,
146607,DeVonta Smith,CB,1,0,2026,0,0,0,ALABAMA,1,D08,40,13,0,2,1,2026,0,74.8,0,0,54.4,0,0,19,0,0,0,69.7,0,0,0,0,ALABAMA,0,0,0,0,,27,0,58.7,,76.2,0,103,40,0,0,0,39.6,19,0,0,0,0,0,56.5
146608,Deontae Lawson,LB,3,0,2026,0,1,33.3,ALABAMA,4,D00,39,33,0,6,1,2026,0,58.7,8,1,41.6,0,0,14,0,0,0,72.7,0,0,0,0,ALABAMA,1,0,0,0,8,6,14.3,53.6,8,74.5,0,103,39,1,0,0,42.4,19,0,2,0,0,0,52.8
146611,Damon Payne,DI,0,0,2026,0,0,,ALABAMA,2,D44,0,0,0,6,1,2026,28,71.9,0,0,,0,0,0,0,6,0,74.1,0,0,0,0,ALABAMA,2,0,0,0,,0,0,73.9,,74.7,0,103,28,0,22,0,0,22,0,0,0,0,0,58.7
146615,Anquin Barnes Jr.,DI,0,0,2026,0,0,,COLORADO,0,D92,1,1,0,11,1,2026,13,,0,0,,0,0,0,0,4,0,61.2,0,0,2,0,COLORADO,0,1,0,0,,0,,45.5,,0,0,143,14,0,8,0,0,3,0,0,0,0,1,55.5
146617,Tim Keenan III,DI,0,0,2026,0,0,,ALABAMA,1,D96,0,0,0,14,1,2026,22,70.2,0,0,60,0,0,0,0,9,0,61.2,0,0,0,0,ALABAMA,1,0,0,0,,0,0,59.1,,74.4,0,103,22,0,13,0,0,8,0,0,0,0,0,55.5
146623,Jalen Williams,DI,0,0,,0,0,,SO MISS,1,D96,0,0,0,20,1,2025,40,72.4,0,0,,0,0,0,0,0,0,61.9,0,0,0,0,SO MISS,1,0,0,0,,0,0,61.7,,75.4,0,296,40,0,40,0,0,20,0,1,0,0,0,59.2
146640,Chris Paul Jr.,LB,1,0,2025,0,0,100,OLE MISS,8,D11,46,45,0,4,1,2025,0,83.4,-3,1,73.5,1,0,21,0,0,1,66.3,0,0,2,0,OLE MISS,5,0,1,0,-3,1,0,65.6,-3,0,0,226,46,1,0,0,79.2,21,1,1,0,0,0,66.7
146643,Jayden Johnson,S,2,0,,1,2,0,ARKANSAS,4,D08,57,23,1,2,1,2025,1,52.6,0,0,69.9,0,0,31,0,0,0,51,3,0,0,0,ARKANSAS,1,0,1,0,,13,22.2,68.2,,77.5,0,111,58,0,0,1,39.6,25,0,3,18,0,1,84.7
146644,Cameron Ball,DI,0,0,2026,0,0,,ARKANSAS,1,D05,0,0,1,24,1,2026,41,74.8,0,0,,0,0,0,6,11,1,56.7,0,0,0,0,ARKANSAS,1,0,1,0,,0,0,63.3,,76.3,0,111,41,0,24,0,0,17,0,2,0,0,0,68
146658,Garrison Walker,DI,0,0,,0,0,,NEW MEXICO,0,D96,0,0,0,4,1,2025,8,,0,0,,0,0,0,0,6,0,35,0,0,0,0,NEW MEXICO,0,0,0,0,,0,,29.7,,71.7,0,241,8,0,2,0,0,4,0,0,0,0,0,58.7
146674,Ahmari Harvey,CB,2,0,2026,0,0,0,GA TECH,4,D03,51,2,0,0,1,2026,3,80.1,0,0,70.4,0,0,27,0,0,0,79.6,48,0,0,0,GA TECH,2,0,0,0,,1,0,75,,77.5,0,176,54,0,0,0,39.6,27,1,0,0,0,3,
146676,Lee Hunter,DI,0,0,2026,0,0,,UCF,2,D02,0,0,0,20,1,2026,53,73.2,0,0,60,1,0,0,2,4,0,71.8,0,2,0,0,UCF,1,0,3,0,,0,0,73.9,,76.2,0,323,53,0,47,0,0,33,1,1,0,0,0,67.7
146679,Ian Mathews,ED,0,0,,0,0,,GA STATE,2,D46,0,0,0,13,1,2026,33,75.5,0,0,,0,0,0,7,0,0,60.3,0,0,0,0,GA STATE,1,0,0,0,,0,0,58.1,,77,0,175,33,0,6,0,0,20,0,2,0,0,20,54.7
146685,Diwun Black,ED,0,0,2025,1,1,,TEMPLE,0,D34,1,1,1,22,1,2025,38,29.6,0,0,,1,0,0,0,0,0,59.6,0,1,0,1,TEMPLE,1,0,3,0,,0,50,74.5,,79.7,0,306,39,0,0,0,0,17,0,1,0,0,38,79.9
146700,Donovan McMillon,S,3,0,2025,0,0,66.7,PITTSBURGH,3,D03,70,27,0,0,1,2025,0,85.5,8,2,64,0,0,50,0,0,0,76.2,1,0,0,0,PITTSBURGH,0,0,0,0,7,13,0,68,4,79,0,268,70,9,0,0,70.1,20,0,2,29,0,0,
146701,Scooby Williams,LB,6,0,2026,0,2,66.7,TEXAS A&M,4,D00,55,45,0,8,1,2026,2,39.3,33,4,64.7,1,0,32,0,0,0,62,0,1,1,0,TEXAS A&M,0,0,2,0,11,9,28.6,65.3,8.3,74,0,312,57,26,0,1,80.6,17,0,1,0,0,2,62.4
146705,Jordan Young,CB,5,0,,0,1,100,CINCINNATI,2,D01,60,2,0,0,1,2026,0,46.9,96,5,55.3,0,0,31,0,0,0,66.3,58,0,0,0,CINCINNATI,1,0,0,0,34,0,25,57.5,19.2,76.8,0,138,60,40,0,0,158.3,29,0,1,0,1,0,
146707,Chief Borders,ED,0,0,,0,0,,PITTSBURGH,1,D14,0,0,0,33,1,2026,47,71.5,0,0,60,2,0,1,0,0,0,64,0,0,1,1,PITTSBURGH,1,0,2,0,,0,0,64.6,,0,0,268,47,0,0,0,0,13,0,0,0,0,47,68.1
146721,Jamon Johnson,LB,2,0,2025,0,0,100,KENTUCKY,7,D02,73,64,1,8,1,2025,4,84.1,15,2,62.9,2,0,26,0,0,0,59.3,0,0,0,0,KENTUCKY,4,0,3,0,8,9,0,67.1,7.5,74.9,0,202,77,14,0,0,97.9,43,0,2,0,0,4,81
146724,Xavian Sorey Jr.,LB,2,0,2026,0,1,50,ARKANSAS,6,D10,60,50,0,8,1,2026,2,65.8,29,1,64.2,1,1,24,0,0,0,90.2,0,1,0,0,ARKANSAS,5,0,2,0,29,10,10,79.6,29,75.7,0,111,62,27,0,1,56.3,30,0,3,0,0,2,62.2
146745,Jordan Lovett,S,2,0,,0,1,50,KENTUCKY,8,D25,76,26,0,1,1,2026,2,71.5,10,1,54.9,0,0,34,0,0,0,59,0,0,0,0,KENTUCKY,1,0,0,0,10,11,10,56.3,10,78.1,0,202,78,11,0,0,64.6,43,0,1,39,0,2,58.9
146752,Kahlil Saunders,DI,0,0,2026,0,0,,KENTUCKY,1,D92,0,0,0,16,1,2026,35,72.6,0,0,,0,0,0,13,4,0,58.5,0,0,0,0,KENTUCKY,0,0,0,0,,0,0,57.2,,75.6,0,202,35,0,18,0,0,19,0,1,0,0,0,56
146771,Jack Bech,WR,0,0,2025,0,0,,TCU,0,18,1,0,0,0,1,2025,0,,0,0,60,0,0,1,0,0,0,,0,0,0,0,TCU,0,0,0,0,,0,,60,,64.7,0,305,1,0,0,0,0,0,0,0,1,0,0,
146776,Sage Ryan,S,2,0,,1,2,100,LSU,7,D03,69,18,0,0,1,2026,0,51.3,27,2,59.8,0,0,27,0,0,0,40,2,0,0,0,LSU,1,0,0,0,14,19,22.2,51.9,13.5,78.8,0,211,69,18,0,0,118.8,42,0,0,30,0,0,
146780,Greg Penn III,LB,2,0,,0,0,50,LSU,2,D18,66,66,1,4,1,2025,1,80.1,5,1,65.4,2,0,21,0,0,0,34.2,0,1,0,0,LSU,2,0,4,0,5,0,0,51.7,5,76.7,0,211,67,2,0,0,56.3,42,0,2,0,0,1,79.6
146782,Sai'vion Jones,ED,0,0,2025,0,2,,LSU,4,D35,0,0,0,25,1,2025,67,26.7,0,0,60,3,0,1,20,0,0,58.1,0,0,0,0,LSU,3,0,3,0,,0,33.3,60.1,,78.9,0,211,67,0,0,0,0,41,0,0,0,0,47,61.6
146784,Landon Jackson,ED,0,0,2025,1,0,,ARKANSAS,2,D40,4,0,2,25,1,2025,48,76.7,0,0,67,0,0,2,16,0,1,74.5,0,0,0,0,ARKANSAS,3,0,2,0,,4,0,90.3,,79.1,0,111,52,0,3,0,0,25,0,0,0,0,29,90.1
146822,Trey Washington,S,3,0,2025,0,0,66.7,OLE MISS,4,D25,84,20,0,0,1,2025,2,82.9,33,2,73.9,0,0,53,0,0,0,62.1,0,0,0,0,OLE MISS,0,0,0,0,19,21,0,72,16.5,79.3,0,226,86,5,0,1,103.5,33,0,1,43,0,2,
146823,Tysheem Johnson,S,6,0,2025,0,0,83.3,OREGON,10,D00,58,30,0,2,1,2025,0,85.6,23,5,71.1,1,1,33,0,0,0,77.8,0,0,0,0,OREGON,4,0,1,0,11,7,0,74.1,4.6,76,0,264,58,10,0,0,43.1,23,1,0,21,0,0,58.5
146828,Elijah Sabbatini,S,0,0,,0,0,,SO MISS,0,D03,5,4,0,1,1,2027,0,,0,0,68.7,0,1,2,0,0,0,60,0,0,0,0,SO MISS,0,0,0,0,,0,,72,,66.7,0,296,5,0,0,0,0,2,0,0,1,0,0,60
146854,Nic Mitchell,LB,5,0,,0,1,80,MISS STATE,2,D40,50,42,0,3,1,2026,8,41.3,35,4,54.5,0,1,28,0,0,0,27.1,1,0,0,0,MISS STATE,0,0,0,0,23,7,25,37.5,8.8,77.6,0,227,58,15,0,0,56.3,27,0,1,0,0,8,63.3
146855,Corey Ellington,S,2,0,,1,1,50,MISS STATE,8,D10,58,21,0,1,1,2025,2,72.9,14,1,57.5,0,0,33,0,0,0,88.5,2,0,0,0,MISS STATE,1,0,0,0,14,1,10,70,14,77.2,0,227,60,0,0,0,112.5,26,0,1,34,1,2,59.5
146856,Ty Cooper,ED,0,0,,0,0,,MISS STATE,0,D11,3,3,0,7,1,2026,20,74.8,0,0,61.9,0,0,4,0,0,0,57.4,0,0,0,0,MISS STATE,0,0,0,0,,0,0,57,,76.5,0,227,23,0,0,0,0,12,0,2,0,0,20,54.4
146857,Will Hardrick,CB,2,0,,0,0,100,MIAMI OH,2,D03,8,0,0,0,1,2027,0,76.2,16,2,56.8,0,0,7,0,0,0,61.1,8,0,0,0,MIAMI OH,0,0,0,0,11,0,0,58.4,8,70.3,0,221,8,0,0,0,100,1,0,0,0,0,0,
146861,Deonte Anderson,ED,0,0,,0,1,,MISS STATE,1,D91,0,0,0,22,1,2026,47,48.4,0,0,66,2,0,1,14,0,0,59.5,0,0,0,0,MISS STATE,1,0,2,0,,0,25,65.1,,77.2,0,227,47,0,1,0,0,24,0,2,0,0,32,62
146884,Dameon Wilson,LB,0,0,,0,0,,E CAROLINA,0,D23,6,5,0,2,1,2026,0,,0,0,60,0,0,1,0,0,0,61.3,0,1,0,0,E CAROLINA,0,0,1,0,,1,,61.1,,67,0,156,6,0,0,0,0,3,0,0,0,0,0,58.3
146885,Daylan Carnell,S,3,0,2026,0,0,100,MISSOURI,2,D13,43,4,0,3,1,2026,4,79.9,9,3,66.4,0,0,23,0,0,0,60,0,0,0,0,MISSOURI,1,0,0,0,4,34,0,64.6,3,78.4,0,229,47,17,0,0,79.2,21,0,1,5,0,4,56.5
146890,Kyran Montgomery,DI,0,0,,0,0,,BALL ST,0,D88,0,0,0,2,1,2026,5,,0,0,,0,0,0,0,0,0,64.9,0,0,0,0,BALL ST,0,0,0,0,,0,,67.7,,68.9,0,117,5,0,5,0,0,3,0,0,0,0,0,59.5
146893,Arden Walker,ED,0,0,2026,0,0,,COLORADO,3,D53,0,0,0,24,1,2026,36,77.7,0,0,60,2,0,0,0,0,0,55.4,0,1,0,0,COLORADO,2,0,3,0,,0,0,68.1,,78.7,0,143,36,0,1,0,0,12,0,1,0,0,35,72.9
146895,Jon Jones,DI,0,0,,0,0,,UTSA,1,D35,0,0,0,16,1,2026,23,71.3,0,0,,0,0,0,10,1,0,56.5,0,0,0,0,UTSA,0,0,0,0,,0,0,58.3,,73.2,0,331,23,0,12,0,0,7,0,0,0,0,0,60.6
146919,Kolbe Fields,LB,3,0,,0,2,66.7,LA TECH,8,D10,40,26,0,10,1,2027,12,62.4,16,2,62.8,2,0,8,0,0,0,75.2,0,1,0,0,LA TECH,6,0,3,0,14,14,15.4,73.1,8,78.4,0,208,52,11,0,0,79.9,34,0,3,0,0,12,66.8
146950,Amari McNeill,DI,0,0,2026,0,0,,COLORADO,2,D88,0,0,0,23,1,2026,41,72.4,0,0,,1,0,0,9,3,0,65.7,0,0,0,0,COLORADO,0,0,1,0,,0,0,66.5,,75.7,0,143,41,0,27,0,0,18,0,0,0,0,2,62.9
146966,John Howse IV,S,0,0,,0,0,,MIDDLE TN,2,D31,65,26,0,0,1,2027,0,77.7,0,0,66.8,0,0,21,0,0,0,68.9,0,0,0,0,MIDDLE TN,0,0,0,0,,14,0,69,,75.2,0,224,65,0,0,0,0,44,0,0,25,0,0,
146967,Miles Capers,ED,2,0,,0,1,100,VANDERBILT,5,D29,6,4,1,23,1,2027,48,59.5,36,2,49.6,2,1,9,0,0,0,54.8,0,0,0,0,VANDERBILT,1,0,3,0,24,2,14.3,54.8,18,81.2,0,333,54,26,0,0,79.2,22,1,1,0,0,48,63.3
146969,Tyson Russell,CB,2,0,2025,0,0,100,VANDERBILT,0,D08,19,1,0,0,1,2025,0,74.2,9,2,55.6,0,0,13,0,0,0,60.4,17,0,0,0,VANDERBILT,0,0,0,0,6,1,0,56.3,4.5,73.7,0,333,19,8,0,0,125,6,0,1,0,1,0,
146972,CJ Taylor,S,1,0,,0,4,100,VANDERBILT,8,D01,67,13,0,1,1,2025,2,42.2,25,1,66.3,0,0,39,0,0,0,63.2,0,0,0,0,VANDERBILT,3,0,0,0,25,2,30.8,66.1,25,79.3,0,333,69,20,0,0,158.3,29,1,1,52,1,2,60
146977,Marcus Bradley,ED,0,0,,0,0,,ARK STATE,0,D01,0,0,0,3,1,2026,5,,0,0,,0,0,0,2,0,0,60,0,0,0,0,ARK STATE,0,0,0,0,,0,,50.1,,69.1,0,113,5,0,0,0,0,2,0,0,0,0,3,59.2
146987,Marcus Burris Jr.,DI,0,0,,0,1,,INDIANA,2,D92,0,0,0,13,1,2026,20,34.9,0,0,70,1,0,0,4,1,0,51.1,0,0,0,0,INDIANA,2,0,1,0,,0,33.3,59.1,,72.9,0,190,20,0,15,0,0,7,1,0,0,0,0,56.1
146997,Jardin Gilbert,S,2,0,,0,2,50,LSU,5,D02,56,8,0,0,1,2027,0,47.4,54,1,68.9,0,0,27,0,0,1,55.1,0,0,0,0,LSU,1,0,0,0,54,6,25,64.2,54,77.1,0,211,56,11,0,1,95.8,29,0,1,42,0,0,
146998,Deuce Harmon,CB,6,0,,0,1,100,SMU,4,D07,41,1,0,0,1,2026,0,54.2,67,6,52,0,0,31,0,0,0,61.2,39,0,0,0,SMU,0,0,0,0,19,1,20,52.7,11.2,75.4,0,287,41,24,0,0,113.2,10,0,0,0,0,0,
147001,Elijah Jeudy,DI,0,0,,0,0,,NEBRASKA,1,D16,0,0,0,6,1,2026,14,69.7,0,0,,0,0,0,3,0,0,56,0,0,0,0,NEBRASKA,1,0,0,0,,0,0,54,,72,0,238,14,0,9,0,0,8,0,0,0,0,2,55.9
147007,Drey Norwood,CB,0,0,2026,0,0,,MISSOURI,1,D12,20,4,0,0,1,2026,0,74.2,0,0,66.6,0,0,13,0,0,0,61.5,16,0,0,0,MISSOURI,0,0,0,0,,0,0,67.1,,71.9,0,229,20,0,0,0,0,7,0,0,0,0,0,
147009,Albert Regis,DI,0,0,2026,0,0,,TEXAS A&M,1,D17,1,0,0,27,1,2026,39,72.2,0,0,60,0,0,0,1,4,0,69.3,0,1,0,0,TEXAS A&M,1,0,1,0,,0,0,66.4,,75.8,0,312,40,0,34,0,0,13,0,1,0,0,0,58.8
147032,Jordan Favors,S,4,0,,0,1,75,APP STATE,8,D07,49,26,0,0,1,2026,0,71.6,55,3,56.8,0,0,28,0,0,0,58.3,0,0,0,0,APP STATE,3,0,0,0,31,8,9.1,57.1,18.3,75.9,0,108,49,43,0,0,116.7,21,0,2,15,0,0,
147035,Caden Sullivan,LB,1,0,,0,1,100,APP STATE,0,D26,3,3,0,0,1,2025,0,20.7,3,1,60,0,0,1,0,0,0,43,0,0,0,0,APP STATE,0,0,0,0,3,0,100,34.4,3,63.8,0,108,3,8,0,0,79.2,2,0,0,0,0,0,
147038,Kyle Arnholt,LB,4,0,,0,1,75,APP STATE,1,D56,54,53,0,4,1,2026,1,54.5,28,3,46.7,0,0,27,0,0,0,70.2,0,0,0,0,APP STATE,0,0,0,0,21,1,16.7,56.2,9.3,73.3,0,108,55,20,0,0,93.8,24,0,4,0,0,1,54.6
147065,Tristan Shorter,ED,0,0,,0,1,,LA MONROE,1,D00,8,8,0,3,1,2027,23,34.5,0,0,62.8,0,0,4,0,0,0,53.8,0,0,0,0,LA MONROE,0,0,0,0,,0,50,56,,76.4,0,209,31,0,0,0,0,24,0,0,0,0,23,58.7
147066,Justin Parks,LB,6,0,,0,2,100,ARK STATE,8,D29,60,35,0,4,1,2025,9,72.3,58,6,56.2,0,0,30,0,0,0,62.6,0,0,1,0,ARK STATE,2,0,0,0,16,25,14.3,55.7,9.7,0,0,113,69,43,0,0,146.5,35,1,4,0,1,9,57.5
147068,Cam Jeffery,LB,0,0,,0,0,,ARK STATE,1,D33,2,2,0,0,1,2025,0,74.3,0,0,60,0,0,1,0,0,0,60.7,0,0,0,0,ARK STATE,1,0,0,0,,0,0,64.8,,64,0,113,2,0,0,0,0,1,0,0,0,0,0,
147070,Ethan Hassler,ED,0,0,,0,0,,ARK STATE,2,D32,0,0,0,13,1,2026,39,74.8,0,0,60,0,0,0,9,0,0,56,0,0,0,1,ARK STATE,1,0,0,0,,0,0,59.5,,77.7,0,113,39,0,0,0,0,26,0,0,0,0,30,62.7
147074,Tim Hardiman,DI,0,0,,0,0,,ARK STATE,2,D90,0,0,0,26,1,2026,64,73.8,0,0,,3,0,0,13,10,0,67,0,0,0,0,ARK STATE,1,0,3,0,,0,0,65.8,,77.9,0,113,64,0,41,0,0,38,0,1,0,0,0,59.2
147092,Josaiah Stewart,ED,0,0,2025,1,0,,MICHIGAN,2,D00,4,2,1,13,1,2025,35,76,0,0,62.9,3,0,7,0,0,0,66.3,0,0,0,0,MICHIGAN,2,0,4,0,,2,0,75.8,,80.1,0,222,39,0,0,0,0,19,0,0,0,0,35,80
147100,Tre Pinkney,LB,1,0,,0,3,100,SO MISS,2,D17,34,26,0,3,1,2026,0,34.1,23,1,51,0,0,11,0,0,0,72.4,0,0,0,0,SO MISS,2,0,0,0,23,8,60,63.9,23,74.8,0,296,34,11,0,0,118.8,20,1,0,0,0,0,66.9
147125,Isaac Walker,ED,0,0,,0,2,,GA SOUTHRN,5,D07,3,1,0,26,1,2026,51,34.2,0,0,56.3,1,0,1,1,0,0,33.5,0,0,0,0,GA SOUTHRN,1,0,1,0,,2,28.6,43.1,,80.6,0,174,54,0,1,0,0,27,0,0,0,0,49,64.8
147126,Justin Meyers,S,3,0,,0,2,33.3,GA SOUTHRN,3,D09,49,20,0,2,1,2026,0,42.7,30,1,38.3,0,0,24,0,0,0,61.2,0,0,0,0,GA SOUTHRN,1,0,0,0,30,14,28.6,44.7,30,76.7,0,174,49,12,0,0,71.5,23,0,2,15,0,0,57.4
147127,Mike Edwards III,LB,2,0,,0,0,50,E CAROLINA,4,D10,50,44,0,4,1,2025,3,80.6,7,1,61.7,2,0,27,0,0,0,67.8,0,0,0,1,E CAROLINA,3,0,2,0,7,6,0,69.5,7,76.4,0,156,53,0,0,0,58.3,22,0,2,0,0,3,77.8
147128,Eldrick Robinson II,LB,1,0,,0,0,100,WAKE,2,D08,10,8,0,0,1,2027,0,79,11,1,56.4,0,0,7,0,0,0,66.3,0,0,0,0,WAKE,0,0,0,0,11,2,0,60.6,11,68.3,0,339,10,1,0,0,112.5,3,0,1,0,0,0,
147130,Davion Rhodes,ED,0,0,,0,0,,GA SOUTHRN,1,D91,0,0,0,9,1,2027,31,75.2,0,0,,1,0,0,0,0,0,47.5,0,0,0,0,GA SOUTHRN,1,0,1,0,,0,0,51.2,,77.9,0,174,31,0,1,0,0,22,0,1,0,0,30,63.1
147163,Kendre' Gant,LB,2,0,,0,0,0,HOUSTON,0,D00,16,12,0,0,1,2025,0,,0,0,63.8,0,0,11,0,0,0,67.6,0,0,0,0,HOUSTON,0,0,0,0,,4,,68.3,,73.1,0,182,16,0,0,0,39.6,5,0,0,0,0,0,
147211,Lamondre Brooks,ED,0,0,,0,0,,S ALABAMA,0,D20,1,1,0,1,1,2025,1,,0,0,60,0,0,1,0,0,0,,0,0,0,0,S ALABAMA,0,0,0,0,,0,,60,,66.2,0,288,2,0,0,0,0,0,0,0,0,0,1,59.7
147217,Dalton Hughes,LB,0,0,,0,0,,S ALABAMA,4,D11,28,28,0,3,1,2027,0,81,0,0,64.4,0,0,12,0,0,0,75.4,0,0,0,0,S ALABAMA,4,0,0,0,,0,0,71.6,,74.6,0,288,28,0,0,0,0,13,0,2,0,0,0,56
147218,Ed Smith IV,DI,0,0,,0,0,,S ALABAMA,3,D45,0,0,0,10,1,2027,21,75.3,0,0,,0,0,0,4,1,0,74.9,0,0,0,0,S ALABAMA,3,0,0,0,,0,0,71.3,,73.5,0,288,21,0,16,0,0,11,0,1,0,0,0,55.8
147220,Cole Daniels,DI,0,0,,0,0,,DOMINION,0,D99,0,0,0,13,1,2026,20,70.2,0,0,,0,0,0,0,18,0,66.6,0,0,1,0,DOMINION,0,0,0,0,,0,0,55.6,,0,0,263,20,0,2,0,0,7,0,1,0,0,0,58.1
147264,Caleb Ransaw,S,7,0,2025,0,0,71.4,TULANE,5,D07,47,3,0,3,1,2025,9,80,98,5,59.2,0,0,41,0,0,0,62.7,1,0,1,0,TULANE,2,0,0,0,40,42,0,62.1,19.6,80.8,0,319,56,24,0,0,153.3,12,2,0,1,1,9,74.2
147269,Phillip Lee,ED,0,0,,1,0,,TROY,2,D01,8,7,0,21,1,2026,36,77,0,0,91.9,2,0,8,0,0,0,61.1,0,2,0,0,TROY,2,0,4,0,,1,0,80.2,,78.7,0,318,44,0,0,0,0,15,0,1,0,0,36,59.5
147271,Jordan Stringer,LB,2,0,,1,3,50,TROY,6,D07,70,68,0,10,1,2026,2,44.2,49,1,81.9,2,0,33,0,0,0,60.9,0,0,0,0,TROY,4,0,2,0,49,2,25,79.4,49,77.2,0,318,72,45,1,1,95.8,29,0,3,0,0,1,71.9
147274,Julian Peterson,DI,0,0,,0,0,,TROY,1,D99,0,0,0,35,1,2026,56,76.7,0,0,61,1,0,1,26,5,0,65.2,0,0,0,0,TROY,1,0,1,0,,0,0,62,,75.9,0,318,56,0,24,0,0,20,0,4,0,0,1,55.5
147285,Tylon Dunlap,DI,0,0,,0,0,,KENNESAW,1,D50,0,0,0,22,1,2026,38,73.5,0,0,,3,0,0,25,1,0,53.1,0,0,0,0,KENNESAW,0,0,3,0,,0,0,68.8,,74.8,0,200,38,0,10,0,0,16,0,1,0,0,2,79.6
147291,Fuches Lewis II,DI,0,0,,0,0,,GA STATE,2,D56,0,0,0,18,1,2026,46,75.3,0,0,,1,0,0,16,0,0,63,0,0,0,0,GA STATE,2,0,1,0,,0,0,60.2,,75.4,0,175,46,0,30,0,0,28,0,1,0,0,0,54.1
147394,Malcolm Bell,CB,0,0,,0,0,,UCONN,0,D14,2,0,0,0,1,2026,0,,0,0,60,0,0,1,0,0,0,60,2,0,0,0,UCONN,0,0,0,0,,0,,61,,65.6,0,146,2,0,0,0,0,1,0,0,0,0,0,
147395,Tui Faumuina-Brown,LB,6,0,,1,0,50,UCONN,7,D15,55,45,0,13,1,2025,10,83.4,34,3,69.8,1,0,23,0,0,0,72.7,0,0,0,1,UCONN,5,0,1,0,20,9,0,72.2,11.3,76.9,0,146,65,19,0,1,67.4,29,1,3,1,0,10,59
147396,Stan Cross,S,0,0,,0,0,,UCONN,0,D04,1,1,0,0,1,2025,0,,0,0,60,0,0,1,0,0,0,,0,0,0,0,UCONN,0,0,0,0,,0,,60.1,,61.7,0,146,1,0,0,0,0,0,0,0,0,0,0,
147397,Durante Jones,S,0,0,,0,1,,UCONN,3,D02,36,10,0,0,1,2025,2,64.7,0,0,66.2,0,0,18,0,0,0,67.2,0,0,0,0,UCONN,0,0,0,0,,2,20,68.2,,74.8,0,146,38,0,0,0,0,20,0,1,24,0,2,
147407,Langston Hardy,ED,1,0,,0,0,100,UCONN,4,D19,9,8,0,17,1,2027,36,78.1,6,1,63.7,1,0,10,2,0,0,62.3,0,0,0,0,UCONN,3,0,1,0,6,1,0,61.6,6,79.5,0,146,45,0,0,0,91.7,18,1,0,0,0,34,55.8
147408,Pryce Yates,ED,2,0,,0,3,100,UCONN,3,D90,0,0,2,26,1,2026,44,29,3,2,63.3,2,0,0,14,0,0,47.1,0,0,0,0,UCONN,4,0,4,0,6,0,42.9,62.8,1.5,76.8,0,146,44,10,4,0,79.2,18,0,1,0,0,26,67.9
147436,Louce Julien,ED,0,0,,0,1,,UMASS,1,D08,1,0,2,12,1,2026,50,54.4,0,0,,0,0,0,11,0,0,72.8,0,0,0,0,UMASS,3,0,2,0,,0,33.3,79,,78.2,0,216,51,0,1,0,0,39,1,1,0,0,38,78
147438,Jordan Mahoney,CB,4,0,,0,0,75,ARK STATE,0,D07,59,5,0,0,1,2025,0,,70,3,70.3,0,1,26,0,0,0,66.1,54,0,0,0,ARK STATE,0,0,0,0,32,0,,70.7,23.3,75.8,0,113,59,2,0,0,77.1,33,0,0,0,0,0,
147440,Aquan Robinson,ED,0,0,,0,0,,UMASS,1,D50,0,0,0,1,1,2026,7,71.5,0,0,,0,0,0,3,0,0,60.7,0,0,0,0,UMASS,1,0,0,0,,0,0,60.9,,70.1,0,216,7,0,0,0,0,6,0,0,0,0,4,60
147474,Lorenzo Styles Jr.,CB,3,0,2026,0,0,33.3,OHIO STATE,1,D03,29,1,0,3,1,2026,0,76.9,12,1,44.3,0,0,20,0,0,0,63.5,0,0,0,0,OHIO STATE,0,0,0,0,12,22,0,45.8,12,77.7,0,260,29,5,0,0,46.5,6,0,1,6,0,0,54.1
147492,Prince Kollie,LB,0,0,,0,0,,VANDERBILT,0,D20,2,2,0,0,1,2026,0,,0,0,60.2,0,0,2,0,0,0,,0,0,0,0,VANDERBILT,0,0,0,0,,0,,62.2,,66.4,0,333,2,0,0,0,0,0,0,0,0,0,0,
147499,Gabriel Rubio,DI,0,0,2026,0,0,,NOTRE DAME,4,D97,0,0,0,5,1,2026,25,75.6,0,0,,0,0,0,2,2,0,74.5,0,0,0,0,NOTRE DAME,2,0,0,0,,0,0,74.2,,74.2,0,258,25,0,21,0,0,20,0,1,0,0,0,57.2
147503,Talan Alfrey,S,1,0,,0,0,0,BYU,0,D25,4,2,0,0,1,2026,0,,0,0,60,0,0,1,0,0,0,60,0,0,0,0,BYU,0,0,0,0,,0,,44.5,,67.2,0,128,4,0,0,0,39.6,3,0,0,2,0,0,
147517,Blake Mangelson,DI,0,0,2025,0,0,,BYU,3,D93,0,0,1,16,1,2025,32,75.9,0,0,60,0,0,0,14,3,0,67.7,0,0,0,1,BYU,2,0,1,0,,0,0,71.4,,75,0,128,32,0,11,0,0,16,0,0,0,0,4,66.7
147520,John Nelson,DI,0,0,,0,0,,BYU,0,D94,0,0,0,18,1,2026,30,70.1,0,0,,0,0,0,2,14,0,68.6,0,0,0,0,BYU,0,0,0,0,,0,0,65,,75.6,0,128,30,0,14,0,0,12,0,1,0,0,0,56.5
147531,Joshua Singh,DI,0,0,,0,0,,BYU,0,D99,0,0,0,8,1,2026,14,,0,0,,0,0,0,0,8,0,61.9,0,0,0,0,BYU,0,0,0,0,,0,,60.4,,73.2,0,128,14,0,6,0,0,6,0,0,0,0,0,57.3
147534,Tanner Wall,S,0,0,2026,0,0,,BYU,2,D28,32,2,0,0,1,2026,0,81.4,0,0,66.9,0,0,21,0,0,0,67.4,0,0,0,0,BYU,0,0,0,0,,0,0,68.7,,76,0,128,32,0,0,0,0,11,0,1,30,0,0,
147540,Chris Boti,DI,0,0,,0,0,,LIBERTY,5,D92,0,0,0,12,1,2026,31,76.7,0,0,,1,0,0,5,2,0,86.4,0,0,0,0,LIBERTY,4,0,1,0,,0,0,85.2,,74.7,0,206,31,0,24,0,0,19,0,2,0,0,0,62.9
147544,Joseph Carter,LB,1,0,,0,0,100,LIBERTY,6,D25,49,49,0,3,1,2026,1,82.4,-4,1,71.8,1,0,15,0,0,0,89.3,0,0,0,0,LIBERTY,5,0,1,0,-4,0,0,86.4,-4,76.8,0,206,50,0,0,0,79.2,32,3,2,0,0,1,56.7
147555,Ahmad Walker,LB,0,0,,0,1,,SMU,3,D34,60,52,0,8,1,2025,6,68.8,0,0,69.8,4,0,33,0,0,0,76.6,0,0,0,0,SMU,2,0,4,0,,8,14.3,74.7,,75.7,0,287,66,0,0,1,0,25,1,3,0,0,6,59.6
147682,Sebastian Valdez,DI,0,0,2025,0,0,,WASHINGTON,5,D50,0,0,0,13,1,2025,49,76.7,0,0,,1,0,0,11,6,0,63.7,0,0,0,0,WASHINGTON,3,0,1,0,,0,0,64.3,,76.8,0,340,49,0,29,0,0,36,0,1,0,0,3,61.2
147813,Deshawn Lynch,ED,1,0,,0,1,100,WASHINGTON,3,D41,0,0,0,6,1,2026,49,46.1,2,1,60.3,0,0,2,0,0,0,55.2,0,0,0,0,WASHINGTON,2,0,0,0,2,0,20,55.8,2,80.3,0,340,49,8,0,0,79.2,41,0,1,0,0,49,56.6
147861,Jack Kelly,LB,0,0,2026,0,0,,BYU,1,D17,51,48,0,11,1,2026,8,75.8,0,0,64.6,0,0,26,0,0,0,55.9,0,1,0,0,BYU,1,0,1,0,,3,0,64,,76,0,128,59,0,0,0,0,22,0,1,0,0,8,67
147970,Garland Benyard,LB,1,0,,0,1,100,KENNESAW,6,D07,63,61,0,16,1,2026,4,57.5,6,1,66.7,1,0,25,0,0,0,52.3,1,0,0,0,KENNESAW,4,0,1,0,6,1,14.3,58.2,6,79.3,0,200,67,1,0,0,91.7,26,2,0,0,0,4,54.2
147984,Adam Watkins,DI,0,0,,0,0,,KENNESAW,0,D97,0,0,0,12,1,2026,16,70.8,0,0,,0,0,0,12,0,0,61.9,0,0,0,0,KENNESAW,0,0,0,0,,0,0,58.5,,72.5,0,200,16,0,4,0,0,4,0,1,0,0,0,55.7
147990,Deontre Morris,S,3,0,,0,2,100,GA SOUTHRN,7,D11,70,21,0,1,1,2026,2,51.3,114,3,27.6,0,0,31,0,0,0,71,0,0,0,0,GA SOUTHRN,2,0,0,0,56,4,22.2,30.2,38,77.9,0,174,72,70,0,0,158.3,40,1,0,45,1,2,59.5
148010,Jaylen Dotson,CB,1,0,,0,0,100,KENT STATE,2,D19,27,1,0,0,1,2026,2,77.7,36,1,45.5,0,0,12,0,0,0,52.5,22,0,2,0,KENT STATE,0,1,0,0,36,4,0,39.6,36,0,0,201,29,21,0,0,118.8,17,0,1,0,0,2,
148086,Johnathan Edwards,CB,4,0,2025,0,0,75,TULANE,3,D08,38,1,0,0,1,2025,0,77.9,31,3,55.4,0,0,27,0,0,0,61.4,36,0,1,0,TULANE,0,0,0,0,14,1,0,56.1,10.3,75.4,0,319,38,6,0,0,96.9,11,0,0,0,0,0,
148357,Kye Holmes,S,0,0,,0,1,,JAMES MAD,1,D12,17,13,0,1,1,2026,0,29.1,0,0,63.4,0,0,8,0,0,0,64.8,0,0,0,0,JAMES MAD,1,0,0,0,,0,50,64.8,,72.8,0,197,17,0,0,0,0,8,0,0,4,0,0,59.4
148369,Jailin Walker,LB,5,0,2025,0,2,40,INDIANA,6,D02,52,42,0,4,1,2025,6,51.8,49,2,58.9,1,0,29,0,0,0,63.7,0,0,0,0,INDIANA,2,0,1,0,36,10,22.2,62.9,24.5,78.3,0,190,58,27,0,1,76.3,25,0,1,0,0,6,67.8
148426,Angelo Rankin Jr.,CB,5,0,,2,2,40,DOMINION,3,D00,46,3,0,1,1,2026,1,33.4,18,2,67.2,0,0,31,0,0,0,90.6,30,0,0,0,DOMINION,1,0,0,0,9,13,33.3,74.5,9,76.4,0,263,47,4,0,0,50.4,15,0,1,0,0,1,60
148468,Mason Woods,LB,3,0,,0,0,100,KENT STATE,6,D45,32,26,0,1,1,2026,4,81.8,17,3,72.6,0,0,15,0,0,0,71.1,0,0,0,0,KENT STATE,4,0,0,0,12,5,0,75.2,5.7,72.3,0,201,36,9,0,0,90.3,20,0,0,1,0,4,59.4
148479,Chantz Harley,CB,2,0,,0,0,100,MARYLAND,3,D24,19,0,0,0,1,2026,0,78.5,15,2,56.2,0,0,4,0,0,0,65.1,19,0,0,0,MARYLAND,0,0,0,0,8,0,0,59.3,7.5,73,0,215,19,7,0,0,97.9,15,0,0,0,0,0,
148483,Bryce Ganious,DI,0,0,2025,0,0,,WAKE,2,D55,0,0,0,10,1,2025,12,71.9,0,0,,0,0,0,1,1,0,70.5,0,0,0,0,WAKE,2,0,0,0,,0,0,69.4,,71.6,0,339,12,0,10,0,0,2,0,0,0,0,0,57.5
148511,Elijah Hills,DI,0,0,,0,2,,WISCONSIN,2,D94,0,0,0,25,1,2025,46,29.8,0,0,,1,0,0,11,1,0,68.3,0,0,0,0,WISCONSIN,2,0,1,0,,0,40,66.6,,76.2,0,349,46,0,19,0,0,21,1,1,0,0,15,60.2
148771,Malin White,ED,0,0,,0,0,,BUFFALO,1,D12,0,0,0,9,1,2026,15,71.3,0,0,60,1,0,0,4,2,0,61,0,1,0,0,BUFFALO,1,0,2,0,,0,0,64.4,,73.7,0,126,15,0,2,0,0,6,0,0,0,0,7,62.2
148812,Macklin Ayers,LB,0,0,,0,1,,UMASS,2,D25,12,8,0,2,1,2025,6,50.9,0,0,63,0,0,2,0,0,0,58.2,0,0,0,0,UMASS,0,0,0,0,,3,33.3,60.2,,73.3,0,216,18,0,0,0,0,14,0,0,0,0,6,58.2
148829,Leonard St. Gourdin,S,0,0,,0,0,,UMASS,2,D11,28,15,0,1,1,2025,1,79.1,0,0,63.9,0,0,11,0,0,0,76.1,1,0,0,0,UMASS,0,0,0,0,,8,0,71.4,,73.8,0,216,29,0,0,0,0,17,0,1,3,0,1,59.6
148878,Thor Griffith,DI,0,0,2025,0,0,,LOUISVILLE,2,D50,0,0,0,9,1,2025,27,73.6,0,0,,0,0,0,0,0,0,66.4,0,0,0,0,LOUISVILLE,2,0,0,0,,0,0,67.7,,74.1,0,210,27,0,27,0,0,18,0,1,0,0,0,63.2
148909,Matt Hudson,ED,1,0,,0,0,0,MEMPHIS,2,D49,20,16,0,14,1,2025,31,77,0,0,48.4,0,0,13,0,0,0,66,0,1,0,0,MEMPHIS,1,0,1,0,,4,0,58.6,,78.7,0,218,51,0,0,0,39.6,24,0,0,0,0,31,61.1
149111,Tre Shackelford,WR,0,0,,0,0,,WASH STATE,0,03,1,0,0,1,1,2026,0,,0,0,,0,0,0,0,0,0,,0,0,0,0,WASH STATE,0,0,0,0,,0,,60,,60,0,341,1,0,0,0,0,0,0,0,0,0,0,60
149134,Alex Whitmore,DI,0,0,,0,0,,UNLV,2,D95,0,0,0,16,1,2026,35,72.4,0,0,60,1,0,0,3,4,0,59.5,0,0,0,0,UNLV,2,0,1,0,,0,0,68.2,,75.3,0,325,35,0,27,1,0,19,1,0,0,0,1,59.2
149183,Harris Adams,DI,0,0,,0,0,,CINCINNATI,0,D93,0,0,0,6,1,2026,13,,0,0,,0,0,0,0,13,0,58.3,0,0,0,0,CINCINNATI,0,0,0,0,,0,,58,,73.7,0,138,13,0,0,0,0,7,0,0,0,0,0,58.7
149264,Ethan Robinson,CB,7,0,2025,0,1,57.1,MINNESOTA,3,D02,70,1,0,0,1,2025,0,47.7,87,4,52.3,0,0,49,0,0,0,47.1,67,0,0,0,MINNESOTA,0,0,0,0,49,1,25,50.8,21.8,77.3,0,225,70,10,0,1,101.5,21,0,0,1,0,0,
149289,Marquis Cooper,CB,1,0,,0,0,100,BUFFALO,1,D28,39,0,0,0,1,2027,1,73.5,4,1,71.3,0,1,20,0,0,0,65.9,38,0,0,0,BUFFALO,0,0,0,0,4,1,0,71.8,4,76.2,0,126,40,7,0,0,43.8,20,0,0,0,0,1,
149914,Dominic Morris,CB,7,0,,0,0,71.4,COLO STATE,5,D04,51,5,0,0,1,2025,0,80.8,61,5,58.9,0,0,30,0,0,0,66.3,0,0,0,0,COLO STATE,3,0,0,0,15,46,0,60.8,12.2,79.3,0,144,51,10,0,1,97.9,21,0,0,0,0,0,
149940,Savio Frazier,DI,0,0,,0,0,,MIAMI OH,0,D00,0,0,0,12,1,2025,28,,0,0,,1,0,0,0,1,0,73.2,0,0,0,0,MIAMI OH,0,0,1,0,,0,,73.5,,74.6,0,221,28,0,27,0,0,16,0,0,0,0,0,63
149952,Jordan Oladokun,CB,6,1,2025,0,0,16.7,BOWL GREEN,1,D01,62,7,0,1,1,2025,0,78.2,8,1,91.1,0,2,42,0,0,0,57.1,54,0,0,0,BOWL GREEN,0,0,0,0,8,0,0,90.6,8,76.5,0,122,62,4,0,3,0,19,0,1,1,0,0,59.5
149961,Kobe Stewart,ED,0,0,,0,0,,BUFFALO,4,D00,0,0,0,19,1,2026,51,77.8,0,0,61.5,1,0,0,15,0,0,62.6,0,1,0,0,BUFFALO,2,0,2,0,,0,0,69.8,,77.6,0,126,51,0,0,0,0,32,0,2,0,0,36,68
150010,Dramarian McNulty,CB,2,0,,0,0,0,E MICHIGAN,2,D07,55,0,0,0,1,2026,0,77,0,0,57,0,0,29,0,0,0,73.3,44,0,1,0,E MICHIGAN,1,0,0,0,,11,0,60.9,,77.6,0,160,55,0,0,0,39.6,26,0,0,0,0,0,
150011,Andreas Keaton,S,1,0,,0,2,100,TEMPLE,3,D02,45,22,0,0,1,2025,0,36.4,45,1,41.3,0,0,26,0,0,0,43.1,0,0,0,0,TEMPLE,0,0,0,0,45,7,33.3,39.4,45,76.1,0,306,45,1,0,0,158.3,19,0,1,16,1,0,
150058,B.J. Mayes,CB,6,0,2025,0,0,33.3,TEXAS A&M,4,D20,60,4,0,1,1,2025,1,79.7,32,2,89.6,0,2,44,0,0,0,65.9,0,0,0,0,TEXAS A&M,0,0,0,0,30,55,0,88.6,16,79.6,0,312,61,12,0,0,12.5,16,0,0,0,0,1,60
150107,Elinus Noel III,DI,0,0,,0,0,,BAYLOR,0,D98,0,0,0,18,1,2025,30,,0,0,,0,0,0,0,21,0,42.8,0,0,0,0,BAYLOR,0,0,0,0,,0,,48.1,,76.2,0,118,30,0,9,0,0,12,0,0,0,0,0,60.5
150178,Jake Golday,LB,2,0,2026,0,2,100,CINCINNATI,9,D11,37,21,0,2,1,2026,7,66.9,22,2,67.4,0,0,23,0,0,0,68,0,0,0,0,CINCINNATI,2,0,0,0,16,16,16.7,69,11,75.8,0,138,44,23,0,0,112.5,19,1,1,0,0,7,59.1
150230,Syrus Webster,ED,0,0,,0,0,,WASH STATE,1,D03,0,0,0,26,1,2025,36,73.4,0,0,,1,0,0,2,0,0,65.4,0,0,0,0,WASH STATE,0,0,1,0,,0,0,70.5,,76.5,0,341,36,0,0,0,0,10,0,1,0,0,34,68.3
150289,Kavian Gaither,LB,5,0,,0,2,20,SM HOUSTON,8,D14,55,50,0,4,1,2025,6,59.8,2,1,91.1,0,1,23,0,0,0,65,0,1,0,0,SM HOUSTON,5,0,1,0,2,5,16.7,85.9,2,75.2,0,281,61,3,0,1,0,34,1,2,0,0,6,73.8
150294,David Fisher,CB,3,0,,0,1,66.7,SM HOUSTON,2,D05,59,6,0,1,1,2026,2,37.2,21,2,61.9,0,0,26,0,0,0,66.4,52,0,0,0,SM HOUSTON,1,0,0,0,16,1,33.3,63.4,10.5,77.1,0,281,61,10,0,0,86.8,34,0,0,0,0,2,60
150298,Caleb Weaver,S,0,0,,0,1,,SM HOUSTON,4,D03,59,29,0,0,1,2026,2,62.8,0,0,75.7,1,0,27,0,0,0,64,0,0,0,0,SM HOUSTON,1,0,1,0,,2,14.3,72.9,,77.5,0,281,61,0,0,1,0,34,0,2,28,0,2,
150315,Derek Carter Jr.,CB,2,0,,0,0,100,JVILLE ST,3,D13,28,3,0,0,1,2026,0,78.8,36,2,55.3,0,0,23,0,0,0,60,24,0,0,0,JVILLE ST,0,0,0,0,21,1,0,55.7,18,73.9,0,196,28,2,0,0,118.8,5,0,0,0,0,0,
150383,Treviance Bronson,DI,0,0,,0,0,,N TEXAS,0,D97,0,0,0,0,1,2028,3,,0,0,,0,0,0,0,3,0,53.4,0,0,0,0,N TEXAS,0,0,0,0,,0,,38.7,,68.9,0,251,3,0,0,0,0,3,0,0,0,0,0,
150570,Avarion Cole,S,0,0,,0,0,,APP STATE,0,D11,6,3,0,0,1,2026,0,,0,0,62.9,0,0,4,0,0,0,60,0,0,0,0,APP STATE,0,0,0,0,,0,,62.9,,68.8,0,108,6,0,0,0,0,2,0,0,3,0,0,
150571,Tyquan King,LB,3,0,,0,0,0,TEMPLE,6,D10,55,53,0,2,1,2026,1,82.2,0,0,74.5,0,0,25,0,0,0,59.9,0,0,0,0,TEMPLE,4,0,0,0,,2,0,69.3,,76.7,0,306,56,0,0,1,39.6,29,0,2,0,0,1,56.2
150625,Marcel Walker-Burgess,ED,0,0,,0,0,,OHIO,1,D17,5,5,1,25,1,2025,35,77,0,0,71.7,0,0,3,0,0,0,68.4,0,1,0,0,OHIO,2,0,2,0,,0,0,75.5,,80,0,259,40,0,0,0,0,12,0,1,0,0,35,66.7
150691,Wrook Brown,S,8,0,,0,1,50,WYOMING,3,D02,74,5,0,0,1,2026,0,46.9,40,4,54.8,0,0,46,0,0,0,66.7,0,1,0,0,WYOMING,1,0,1,0,18,67,25,57.2,10,81.2,0,351,74,-1,0,0,64.6,28,0,0,2,0,0,
150695,Andrew Johnson,S,0,0,,0,0,,WYOMING,1,D03,20,5,0,0,1,2026,0,76.2,0,0,66.8,0,0,15,0,0,0,60.7,0,0,0,0,WYOMING,0,0,0,0,,1,0,66.6,,74.7,0,351,20,0,0,0,0,5,0,0,14,0,0,
150707,Tyce Westland,ED,2,0,,0,1,100,WYOMING,6,D40,19,16,0,21,1,2026,41,64.4,6,2,71.4,0,0,15,6,0,0,67.4,0,2,0,0,WYOMING,3,0,2,0,5,2,10,74.2,3,76.5,0,351,60,3,3,0,79.2,24,0,3,1,0,32,70.1
150853,Eddie Walls III,ED,0,0,2026,0,0,,FIU,0,D10,0,0,0,2,1,2026,3,,0,0,,0,0,0,0,0,0,60,0,0,0,0,FIU,0,0,0,0,,0,,57.2,,68.5,0,166,3,0,0,0,0,1,0,0,0,0,3,57.2
150926,KaTron Evans,DI,0,0,,0,0,,CHARLOTTE,0,D88,0,0,0,0,1,2027,4,,0,0,,0,0,0,0,1,0,49.6,0,0,0,0,CHARLOTTE,0,0,0,0,,0,,39.8,,68.8,0,136,4,0,3,0,0,4,0,0,0,0,0,
150931,CJ Nunnally IV,ED,1,0,2026,0,0,100,AKRON,5,D19,3,3,0,29,1,2026,60,79.4,0,1,71.9,1,0,10,0,0,0,75.3,0,1,2,0,AKRON,4,0,2,0,0,0,0,66.5,0,0,0,102,63,4,0,0,79.2,24,0,1,0,0,60,60.9
150938,Cam'Ron Silmon-Craig,S,6,0,2025,0,1,66.7,COLORADO,7,D07,62,46,0,1,1,2025,3,67.8,48,4,68.5,0,0,37,0,0,0,63.9,0,0,0,0,COLORADO,6,0,0,0,40,8,10,67.7,12,75,0,143,65,46,0,0,130.6,27,2,2,8,1,3,59.8
150974,Reginald Pearson,DI,0,0,,0,1,,NWESTERN,1,D94,0,0,0,17,1,2025,30,27.6,0,0,,0,0,0,0,1,0,64.7,0,0,0,0,NWESTERN,1,0,0,0,,0,50,61.8,,74.3,0,256,30,0,29,0,0,13,1,0,0,0,0,56
151038,Kingston McKinstry,LB,0,0,,0,0,,E CAROLINA,0,D25,10,5,0,0,1,2026,2,,0,0,60.9,0,0,2,0,0,0,41.6,0,0,0,0,E CAROLINA,0,0,0,0,,5,,45.1,,71,0,156,12,0,0,0,0,10,0,0,0,0,2,
151046,Devon King,S,1,0,,0,0,100,E CAROLINA,2,D02,20,10,0,0,1,2025,0,78.2,0,1,64.1,0,0,9,0,0,0,67.2,0,0,0,0,E CAROLINA,0,0,0,0,0,1,0,67.3,0,72.6,0,156,20,4,0,0,79.2,11,0,0,9,0,0,
151075,Bryce Carter,DI,0,0,,0,0,,VIRGINIA,0,D96,0,0,0,3,1,2027,5,,0,0,,0,0,0,0,0,0,60,0,1,0,0,VIRGINIA,0,0,1,0,,0,,76.4,,69.3,0,335,5,0,4,0,0,2,0,0,0,0,1,75.7
151079,Mike Diatta,DI,0,0,,0,0,,VIRGINIA,3,D18,0,0,0,11,1,2027,25,74.2,0,0,,0,0,0,0,0,0,60,0,0,1,0,VIRGINIA,2,0,0,0,,0,0,50.8,,0,0,335,25,0,25,0,0,14,0,1,0,0,0,55.7
151083,Micah Gaffney,CB,0,0,,0,0,,VIRGINIA,0,D31,1,1,0,0,1,2025,0,,0,0,,0,0,0,0,0,0,60,0,0,0,0,VIRGINIA,0,0,0,0,,0,,60,,61.7,0,335,1,0,0,0,0,1,0,0,0,0,0,
151095,Jacob Rodriguez,LB,3,0,2026,0,4,33.3,TEXAS TECH,2,D10,49,47,0,7,1,2026,2,28.9,3,1,79.5,0,0,24,0,0,0,42.7,0,1,0,0,TEXAS TECH,2,0,1,0,3,2,44.4,64.6,3,76,0,315,51,6,0,1,42.4,20,0,3,0,0,2,54.2
151097,Jonas Sanker,S,4,0,2025,0,1,100,VIRGINIA,7,D20,59,21,0,0,1,2025,2,66.6,59,4,49.3,0,0,33,0,0,0,66.2,0,0,0,0,VIRGINIA,1,0,0,0,37,14,12.5,53.7,14.8,78,0,335,61,46,0,0,158.3,28,0,0,24,1,2,
151168,Desmyn Baker,LB,0,0,,0,1,,SO MISS,2,D01,30,25,1,2,1,2026,1,49.7,0,0,55.2,0,0,11,0,0,0,66.3,0,0,0,0,SO MISS,2,0,1,0,,5,25,64.3,,73.9,0,296,31,0,0,0,0,18,0,1,0,0,1,70.2
151205,Tyrin Bradley,ED,1,0,,0,1,100,W VIRGINIA,2,D08,4,1,0,12,1,2025,38,54,7,1,65.3,3,0,13,0,0,0,65.7,0,0,0,0,W VIRGINIA,0,0,3,0,7,3,25,73.2,7,80.5,0,343,42,6,0,0,95.8,17,0,1,0,0,38,75.7
151364,Robert Rahimi,S,1,0,,0,1,0,S JOSE ST,2,D01,55,23,0,1,1,2026,0,55.9,0,0,69.2,0,1,41,0,0,0,69,0,0,0,0,S JOSE ST,0,0,0,0,,7,20,70.2,,78.2,0,285,55,0,0,0,0,13,0,2,25,0,0,59.2
154594,Pooda Walker,DI,0,0,,0,0,,KENNESAW,1,D99,0,0,0,20,1,2026,36,70.1,0,0,,1,0,0,0,27,0,62.3,0,0,0,0,KENNESAW,0,0,1,0,,0,0,63.2,,76.8,0,200,36,0,9,0,0,16,0,0,0,0,0,61.3
154696,Al-Ma'hi Ali,S,1,0,,0,2,0,CHARLOTTE,1,D00,79,33,0,0,1,2026,1,27,0,0,65.9,0,0,41,0,0,0,40.5,0,1,0,0,CHARLOTTE,0,0,1,0,,11,66.7,57.6,,78.7,0,136,80,0,0,0,39.6,39,0,0,35,0,1,
154699,Tim Grant-Randall,DI,0,0,,0,2,,UMASS,2,D10,1,0,0,5,1,2026,29,28.1,0,0,,0,0,0,0,14,0,57.1,0,0,0,0,UMASS,2,0,0,0,,0,40,57.1,,77,0,216,30,0,15,0,0,25,0,1,0,0,0,57.6
154713,Lu Tillery,CB,2,0,,0,1,50,TULANE,0,D10,12,0,0,0,1,2026,0,21.4,26,1,57.5,0,0,9,0,0,0,60,12,0,0,0,TULANE,0,0,0,0,26,0,100,57.7,26,71.8,0,319,12,0,0,0,135.4,3,0,0,0,1,0,
155196,EJ Green,LB,0,0,,0,2,,DOMINION,2,D01,27,7,0,4,1,2026,3,29.4,0,0,73.4,0,0,13,0,0,0,40,0,1,0,0,DOMINION,1,0,1,0,,20,40,61.1,,77,0,263,30,0,0,0,0,13,1,1,0,0,3,56.4
155197,Kaci Seegars,ED,0,0,,0,0,,OHIO,0,D13,0,0,0,9,1,2026,17,71.1,0,0,,1,0,0,2,0,0,67.1,0,0,0,0,OHIO,0,0,1,0,,0,0,68.2,,75.1,0,259,17,0,0,0,0,8,0,1,0,0,15,62.3
155252,Jakari Foster,S,0,0,,0,0,,LA TECH,9,D34,51,39,0,0,1,2026,0,87.3,0,0,59.7,0,0,14,0,0,0,81.4,0,0,0,0,LA TECH,3,0,0,0,,2,0,72.3,,75.9,0,208,51,0,0,0,0,37,0,2,10,0,0,
155386,Liam Johnson,LB,0,0,,0,1,,CAL,4,D15,35,35,0,1,1,2025,1,60.7,0,0,64.7,1,0,18,0,0,0,61,0,0,0,0,CAL,4,0,1,0,,0,20,67,,74.9,0,130,36,0,0,0,0,17,0,0,0,0,1,63.7
155389,Nate Martey,DI,0,0,,0,0,,ARK STATE,0,D45,0,0,0,11,1,2025,22,,0,0,,0,0,0,1,3,0,29.6,0,0,0,0,ARK STATE,0,0,0,0,,0,,36,,73.9,0,113,22,0,18,0,0,11,0,0,0,0,0,63.2
155566,Blake Boenisch,DI,0,0,,0,0,,RICE,2,D75,0,0,0,14,1,2026,42,73.4,0,0,60,0,0,0,1,21,0,69.4,0,0,0,0,RICE,2,0,0,0,,0,0,68.8,,77.2,0,275,42,0,20,0,0,28,0,2,0,0,0,58.6
155624,Jamaal Pritchett,WR,0,0,2025,0,0,,S ALABAMA,0,02,1,0,0,0,1,2025,0,,0,0,,0,0,0,0,0,0,60,0,0,0,0,S ALABAMA,0,0,0,0,,0,,60,,60,0,288,1,0,0,0,0,1,0,0,0,0,0,
155821,Sahnai Swain-Price,DI,0,0,,0,0,,UMASS,0,D53,0,0,0,1,1,2027,6,,0,0,,0,0,0,0,0,0,70.2,0,0,0,0,UMASS,0,0,0,0,,0,,73,,69.5,0,216,6,0,6,0,0,5,0,0,0,0,0,60
155840,Kyle Taylor,LB,0,0,,0,0,,ARK STATE,0,D20,2,2,0,0,1,2026,0,,0,0,,0,0,0,0,0,0,60,0,0,0,0,ARK STATE,0,0,0,0,,0,,60.4,,63.3,0,113,2,0,0,0,0,2,0,0,0,0,0,
155869,Eric O'Neill,ED,0,0,2026,0,0,,JAMES MAD,1,D99,0,0,2,26,1,2026,49,78.4,0,0,,6,0,0,0,0,0,67.9,0,1,0,1,JAMES MAD,2,0,9,0,,0,0,80.9,,78.4,0,197,49,0,2,0,0,23,0,3,0,0,47,81.7
155978,Parker Robertson,S,0,0,2026,0,0,,OKLA STATE,0,D08,4,4,0,0,1,2026,0,,0,0,61.8,0,0,3,0,0,0,60,0,0,0,0,OKLA STATE,0,0,0,0,,0,,62,,66.5,0,262,4,0,0,0,0,1,0,0,0,0,0,
156171,Zykeius Strong,ED,0,0,,0,0,,HOUSTON,0,D90,0,0,0,6,1,2025,16,75.7,0,0,60,0,0,1,0,0,0,72,0,0,0,0,HOUSTON,0,0,0,0,,0,0,69.3,,75.7,0,182,16,0,0,0,0,9,0,2,0,0,16,56.4
156198,Zach Neilsen,ED,0,0,,0,0,,TULSA,0,D26,0,0,0,4,1,2027,7,,0,0,,0,0,0,1,0,0,60.2,0,0,0,0,TULSA,0,0,0,0,,0,,60.4,,71.9,0,320,7,0,0,0,0,3,0,0,0,0,6,58.9
156199,Georderrial Williams,CB,7,0,,0,1,57.1,TULSA,3,D29,46,2,0,0,1,2026,1,46.9,26,4,55.2,0,0,33,0,0,0,70.3,44,0,1,0,TULSA,2,0,0,0,16,0,25,57.9,6.5,76.1,0,320,47,5,0,1,104.8,14,1,0,0,1,1,
156200,Dayne Hodge,S,5,0,,0,3,60,TULSA,4,D01,89,43,0,1,1,2026,0,48.8,22,3,67.9,0,0,54,0,0,0,61.1,2,0,0,0,TULSA,3,0,0,0,12,25,37.5,66.5,7.3,77.7,0,320,89,9,0,1,70.4,34,0,1,19,0,0,59.8
156243,TJ Dottery,LB,7,0,,0,0,85.7,OLE MISS,9,D06,68,64,0,5,1,2027,5,84.2,50,6,44.3,3,0,37,0,0,0,54.8,0,1,0,0,OLE MISS,5,0,4,0,20,3,0,46.9,8.3,77.5,0,226,73,55,0,0,96.4,31,0,3,1,0,5,59.5
156245,Toriano Pride Jr.,CB,7,0,2026,0,2,42.9,MISSOURI,0,D02,49,3,0,0,1,2026,0,26.6,62,3,65.1,0,0,23,0,0,0,51.3,41,0,0,0,MISSOURI,0,0,0,0,26,5,50,62.3,20.7,76.3,0,229,49,43,0,1,74.7,26,0,2,0,0,0,
156256,Vincent Anthony Jr.,ED,0,0,2026,0,0,,DUKE,2,D07,0,0,0,18,1,2026,37,75.4,0,0,61.2,0,0,0,1,0,0,65.9,0,0,0,1,DUKE,2,0,0,0,,0,0,68,,78.1,0,154,37,0,0,0,0,19,0,1,0,0,36,57.7
156257,Chandler Rivers,CB,4,0,2026,0,1,75,DUKE,4,D00,67,1,0,0,1,2026,0,71.6,14,3,83.2,0,1,25,0,0,0,73.3,61,0,0,0,DUKE,1,0,0,0,10,5,14.3,82.7,4.7,77.3,0,154,67,13,0,0,39.6,42,0,2,0,0,0,
156258,Terry Moore,S,3,0,,0,1,100,DUKE,7,D01,71,22,0,1,1,2027,6,63.1,89,3,61.9,0,0,30,0,0,0,65.4,0,0,0,0,DUKE,2,0,0,0,72,27,10,65,29.7,79,0,154,77,81,0,0,118.8,46,0,2,22,0,6,63
156266,Daniel Lyons,DI,0,0,,0,0,,FLORIDA ST,2,D95,0,0,0,21,1,2027,35,74.8,0,0,62.2,0,0,0,2,3,0,43.3,0,0,0,0,FLORIDA ST,0,0,0,0,,0,0,50.7,,75.6,0,167,35,0,28,0,0,14,0,1,0,0,2,55.3
156269,Aaron Hester,ED,0,0,,0,0,,FLORIDA ST,0,D57,0,0,0,1,1,2027,5,,0,0,,1,0,0,0,0,0,60.3,0,0,0,0,FLORIDA ST,0,0,1,0,,0,,60.7,,71.2,0,167,5,0,0,0,0,4,0,0,0,0,5,60
156270,Ayo Tifase,DI,0,0,,0,0,,CHARLOTTE,0,D92,0,0,0,1,1,2027,3,,0,0,,0,0,0,0,0,0,60.3,0,0,0,0,CHARLOTTE,0,0,0,0,,0,,62.7,,67.7,0,136,3,0,3,0,0,2,0,0,0,0,0,60
156275,Omar Graham Jr.,LB,2,0,,0,0,0,FLORIDA ST,2,D09,41,30,1,9,1,2027,5,77.9,0,0,78.6,1,0,21,0,0,0,66.9,0,0,0,0,FLORIDA ST,2,0,2,0,,11,0,77.5,,76.1,0,167,46,0,0,1,39.6,16,0,0,0,0,5,61.2
156277,Azareye'h Thomas,CB,4,0,2025,0,2,50,FLORIDA ST,2,D08,80,2,0,0,1,2025,3,37.1,28,2,62.6,1,0,51,0,0,0,72.1,78,0,1,0,FLORIDA ST,2,0,1,0,21,0,40,65,14,78.6,0,167,83,18,0,1,72.9,32,0,1,0,0,3,
156300,Rodney Shelley,CB,5,0,2026,0,0,60,GA TECH,4,D06,53,7,0,1,1,2026,3,80.4,-6,3,83.2,0,0,30,0,0,0,52,4,0,0,0,GA TECH,3,0,0,0,-1,42,0,77.8,-2,79.3,0,176,56,0,0,1,64.6,25,3,1,0,0,3,60
156302,K.J. Miles,DI,0,0,,0,0,,TEMPLE,0,D56,0,0,0,9,1,2027,19,70.2,0,0,,1,0,0,1,7,0,62.8,0,0,0,0,TEMPLE,0,0,1,0,,0,0,65.4,,74.7,0,306,19,0,11,0,0,10,0,2,0,0,0,64.1
156305,Clayton Powell-Lee,S,1,0,,0,0,0,GA TECH,3,D05,51,27,0,0,1,2026,0,82.6,0,0,78.2,1,0,30,0,0,0,59.5,0,0,0,0,GA TECH,2,0,1,0,,10,0,75.2,,75.1,0,176,51,0,0,1,39.6,21,0,1,14,0,0,
156312,Tawfiq Thomas,DI,0,0,,0,0,,COLORADO,0,D95,0,0,0,7,1,2027,8,,0,0,,0,0,0,0,0,0,60,0,0,0,0,COLORADO,0,0,0,0,,0,,59.4,,70.8,0,143,8,0,8,0,0,1,0,0,0,0,0,57.3
156316,D'Angelo Hutchinson,S,0,0,,0,0,,LOUISVILLE,4,D21,31,13,0,0,1,2027,0,81.2,0,0,70.8,0,0,18,0,0,0,73.2,0,0,0,0,LOUISVILLE,2,0,0,0,,9,0,74.1,,73.9,0,210,31,0,0,0,0,13,0,0,9,0,0,
156317,Popeye Williams,ED,0,0,,0,0,,W MICHIGAN,3,D02,0,0,1,19,1,2027,37,77.4,0,0,60,0,0,1,0,0,0,73.6,0,0,0,0,W MICHIGAN,3,0,1,0,,0,0,70.5,,77.4,0,347,37,0,0,0,0,17,2,1,0,0,37,60.9
156327,Antonio Watts,S,3,0,,0,0,33.3,LOUISVILLE,4,D35,37,16,0,4,1,2027,8,80.1,0,1,79.2,0,0,18,0,0,0,67.1,0,0,0,1,LOUISVILLE,3,0,0,0,0,20,0,78.5,0,77.3,0,210,45,0,0,1,42.4,23,1,0,1,0,8,65.7
156339,Nyjalik Kelly,ED,0,0,2026,1,1,,UCF,7,D11,1,0,0,25,1,2026,53,65.6,0,0,,1,0,0,4,0,0,76.6,0,1,0,0,UCF,5,0,2,0,,0,11.1,74.7,,81.1,0,323,54,0,1,0,0,29,1,1,0,0,48,62.7
156341,Wesley Bissainthe,LB,0,0,2026,0,1,,MIAMI FL,5,D31,30,25,0,6,1,2026,8,81.5,0,0,65.7,1,0,17,0,0,0,76.3,1,1,0,0,MIAMI FL,5,0,2,0,,4,12.5,73.9,,74,0,220,38,0,0,0,0,15,0,2,0,0,8,61.9
156342,Khamauri Rogers,CB,0,0,,0,0,,MISS STATE,0,D18,4,0,0,0,1,2027,0,,0,0,,0,0,0,0,0,0,60,4,0,0,0,MISS STATE,0,0,0,0,,0,,51.9,,68.2,0,227,4,0,0,0,0,4,0,0,0,0,0,
156345,Travis Shaw,DI,0,0,2026,0,0,,N CAROLINA,0,D04,0,0,0,22,1,2026,26,,0,0,,2,0,0,2,1,0,60,0,0,0,0,N CAROLINA,0,0,2,0,,0,,60,,74.1,0,245,26,0,23,0,0,4,0,0,0,0,0,59.3
156346,Sebastian Cheeks,ED,0,0,,0,0,,WISCONSIN,0,D15,1,1,0,9,1,2027,13,,0,0,60.4,2,0,3,0,0,0,60.5,0,0,0,0,WISCONSIN,0,0,2,0,,0,,68.5,,75.9,0,349,14,0,0,0,0,2,0,0,0,0,13,68.9
156348,Beau Atkinson,ED,0,0,,0,1,,N CAROLINA,1,D12,1,1,2,26,1,2027,31,54,0,0,,2,0,0,0,0,0,63.2,0,2,0,0,N CAROLINA,3,0,6,0,,0,50,72.3,,78.5,0,245,32,0,3,0,0,6,0,0,0,0,28,70
156358,Sean FitzSimmons,DI,0,0,,0,0,,PITTSBURGH,0,D55,0,0,0,21,1,2027,33,72.2,0,0,,0,0,0,1,0,0,49.8,0,0,0,0,PITTSBURGH,0,0,0,0,,0,0,56,,74.4,0,268,33,0,32,0,0,12,0,1,0,0,0,63.2
156360,Ryland Gandy,CB,3,0,,0,1,0,PITTSBURGH,1,D10,55,2,0,0,1,2027,0,38.3,0,0,64.9,0,0,39,0,0,0,62.7,53,0,0,0,PITTSBURGH,0,0,0,0,,0,50,65.4,,76.6,0,268,55,0,0,1,39.6,16,0,0,0,0,0,
156361,Samuel Okunlola,ED,0,0,,0,0,,COLORADO,3,D93,0,0,0,20,1,2027,34,75.5,0,0,,1,0,0,1,0,0,62.5,0,0,0,0,COLORADO,1,0,1,0,,0,0,68.8,,77.6,0,143,34,0,0,0,0,14,0,0,0,0,33,69.1
156384,Trey McDonald,LB,3,0,,0,3,100,VIRGINIA,4,D08,44,40,0,6,1,2027,1,29.2,63,3,39.3,1,0,19,0,0,0,65.5,0,2,1,0,VIRGINIA,3,0,3,0,31,4,37.5,44.9,21,0,0,335,45,50,0,0,118.8,20,0,1,0,0,1,63.4
156391,Terrell Jones,ED,0,0,,0,0,,VIRGINIA,3,D25,0,0,0,23,1,2027,41,75.9,0,0,61.9,1,0,0,7,2,0,66.9,0,0,0,0,VIRGINIA,2,0,1,0,,0,0,66.2,,76.9,0,335,41,0,7,0,0,18,1,1,0,0,25,56.1
156403,Dasan McCullough,LB,1,0,2026,0,0,100,OKLAHOMA,4,D01,20,16,0,5,1,2026,7,79.8,-2,1,73.4,0,0,9,0,0,0,67.9,0,1,0,0,OKLAHOMA,2,0,1,0,-2,4,0,76.6,-2,73.3,0,261,27,1,0,0,79.2,13,1,0,0,0,7,65.7
156409,Isaiah Jones,LB,0,0,,0,1,,INDIANA,2,D46,14,13,0,0,1,2027,0,50.5,0,0,63.8,0,0,4,0,0,0,55.8,0,0,0,0,INDIANA,1,0,0,0,,1,20,59.7,,71.5,0,190,14,0,0,0,0,10,0,2,0,0,0,
156413,Nick James,DI,0,0,,0,0,,PITTSBURGH,1,D11,0,0,0,22,1,2027,36,72.4,0,0,,0,0,0,0,3,0,66.4,0,0,0,0,PITTSBURGH,1,0,0,0,,0,0,64.6,,75.5,0,268,36,0,33,0,0,14,0,1,0,0,0,59
156415,Louis Moore,S,0,0,2026,0,1,,OLE MISS,2,D07,40,10,0,0,1,2026,0,49.7,0,0,55.1,0,0,29,0,0,0,67.2,0,0,0,0,OLE MISS,1,0,0,0,,2,25,62.1,,74.8,0,226,40,0,0,0,0,11,0,1,28,0,0,60
156431,Xavier Nwankpa,S,1,0,2026,0,0,100,IOWA,0,D01,36,20,0,0,1,2026,0,74.8,1,1,64.8,0,0,18,0,0,0,65.3,0,0,0,0,IOWA,0,0,0,0,1,4,0,66.1,1,75.4,0,192,36,3,0,0,79.2,18,0,1,12,0,0,
156432,Kael Kolarik,S,1,0,,0,0,0,IOWA,0,D26,12,0,0,0,1,2027,0,,0,0,63.8,0,0,9,0,0,0,60,0,0,0,0,IOWA,0,0,0,0,,0,,63.7,,71.8,0,192,12,0,0,0,39.6,3,0,0,12,0,0,
156437,Koen Entringer,S,0,0,,0,0,,IOWA,0,D04,13,4,0,0,1,2029,0,,0,0,50.2,0,0,10,0,0,0,60,0,0,0,0,IOWA,0,0,0,0,,1,,51.8,,73,0,192,13,0,0,0,0,3,0,0,8,0,0,
156438,Luke Gaffney,DI,0,0,,0,0,,IOWA,0,D51,0,0,0,5,1,2027,6,70.2,0,0,60,0,0,0,0,0,0,60,0,0,0,0,IOWA,0,0,0,0,,0,0,59.4,,69.8,0,192,6,0,6,0,0,1,0,1,0,0,0,57
156440,Will Hubert,DI,0,0,,0,0,,IOWA,0,D57,0,0,0,7,1,2027,11,,0,0,,0,0,0,0,0,1,53.2,0,0,0,0,IOWA,0,0,0,0,,0,,55.1,,71.3,0,192,11,0,11,0,0,4,0,0,0,0,0,64.1
156441,TJ Hall,CB,0,0,2026,0,0,,IOWA,1,D02,12,0,0,0,1,2026,0,74.2,0,0,66,0,0,9,0,0,0,60,12,0,0,0,IOWA,0,0,0,0,,0,0,66.5,,71.5,0,192,12,0,0,0,0,3,0,0,0,0,0,
156442,Deshaun Lee,CB,3,0,,0,1,66.7,IOWA,5,D08,39,2,0,0,1,2027,0,58.3,16,2,70.6,0,0,20,0,0,0,70,37,0,0,0,IOWA,1,0,0,0,12,0,16.7,72.4,8,74.8,0,192,39,7,0,0,79.9,19,0,0,0,0,0,
156444,Brian Allen Jr.,ED,0,0,,0,0,,IOWA,1,D90,0,0,0,23,1,2027,31,71.3,0,0,60,2,0,1,11,0,0,68.3,0,0,0,0,IOWA,1,0,2,0,,0,0,60.9,,76.6,0,192,31,0,3,0,0,7,0,0,0,0,17,55
156445,Aaron Graves,DI,0,0,2026,0,1,,IOWA,2,D95,0,0,0,8,1,2026,23,42.9,0,0,,1,0,0,2,0,0,73.1,0,0,0,0,IOWA,2,0,1,0,,0,25,74.4,,73.1,0,192,23,0,21,0,0,15,1,1,0,0,0,63.7
156452,Jaishawn Barham,LB,3,0,2026,0,0,66.7,MICHIGAN,8,D01,39,34,0,5,1,2026,11,82.9,35,2,53.4,2,0,18,0,0,0,89.2,1,0,0,0,MICHIGAN,4,0,2,0,26,4,0,75,17.5,77.6,0,222,50,39,0,0,106.3,27,0,1,0,0,11,63.5
156453,Gavin Gibson,S,3,0,,0,0,66.7,E CAROLINA,5,D05,53,20,0,3,1,2026,4,80.3,8,2,75.3,0,0,35,0,0,0,49.2,0,0,0,0,E CAROLINA,2,0,0,0,5,31,0,69.1,4,75.8,0,156,57,8,0,0,70.1,19,0,0,2,0,4,57.7
156454,Caleb Wheatland,LB,4,0,,0,2,100,MARYLAND,1,D44,33,32,0,5,1,2027,4,27.9,59,4,49,0,0,20,0,0,0,48.4,0,0,0,0,MARYLAND,0,0,0,0,28,1,50,44.5,14.8,74,0,215,37,19,0,0,118.8,12,0,1,0,0,4,54.9
156458,Ernest Hausmann,LB,5,0,,0,1,100,MICHIGAN,8,D15,55,52,0,1,1,2026,2,70,45,5,49.1,0,0,24,0,0,0,62.1,0,0,0,0,MICHIGAN,4,0,0,0,30,3,7.7,54.2,9,77.5,0,222,57,45,0,0,104.2,32,1,4,0,0,2,59.5
156459,Jaeden Gould,S,0,0,,0,1,,SYRACUSE,4,D21,26,1,0,0,1,2027,0,61.9,0,0,53.8,0,0,18,0,0,0,66.3,0,0,0,0,SYRACUSE,1,0,0,0,,1,16.7,57.8,,74.4,0,304,26,0,0,0,0,8,0,1,24,0,0,
156462,Malcolm Hartzog Jr.,CB,2,0,,0,0,50,NEBRASKA,0,D07,42,7,0,0,1,2027,0,74.3,40,1,55.4,0,1,21,0,0,0,52,33,0,1,0,NEBRASKA,0,0,0,0,40,2,0,53.5,40,74.6,0,238,42,1,0,0,95.8,21,0,1,0,1,0,
156475,Javier Morton,S,0,0,,0,0,,TEMPLE,3,D29,23,14,0,0,1,2026,0,80.8,0,0,82.8,0,1,6,0,0,0,67.2,0,0,0,0,TEMPLE,1,0,0,0,,3,0,79.2,,73.8,0,306,23,0,0,0,0,17,0,0,6,0,0,
156476,Deshon Singleton Jr.,S,3,0,2026,0,0,66.7,NEBRASKA,7,D08,48,20,0,0,1,2026,0,86.3,45,2,67.9,0,0,22,0,0,0,84.7,2,0,0,0,NEBRASKA,3,0,0,0,37,2,0,76.4,22.5,75.5,0,238,48,19,0,1,109.7,26,0,2,24,0,0,
156488,Caden Curry,ED,0,0,2026,0,0,,OHIO STATE,2,D92,0,0,0,7,1,2026,9,74.8,0,0,68.3,0,0,0,2,0,0,60,0,0,0,0,OHIO STATE,2,0,0,0,,0,0,73.6,,71.8,0,260,9,0,1,0,0,2,0,0,0,0,6,61
156501,Thomas Amankwaa,S,0,0,,0,2,,RUTGERS,0,D12,13,6,0,0,1,2027,0,20,0,0,62.5,0,0,5,0,0,0,34.9,0,0,0,0,RUTGERS,0,0,0,0,,5,100,45.9,,73.4,0,278,13,0,0,0,0,8,0,0,2,0,0,
156507,Moses Walker,LB,0,0,,0,0,,RUTGERS,0,D02,14,11,0,2,1,2028,0,,0,0,49.8,0,0,3,0,0,0,31.6,0,1,0,0,RUTGERS,0,0,1,0,,3,,33.2,,70.6,0,278,14,0,0,0,0,9,0,0,0,0,0,68.2
156541,Will Prendergast,DI,0,0,,0,0,,COLO STATE,1,D95,0,0,0,15,1,2025,28,69.7,0,0,,0,0,0,1,1,0,39.4,0,0,0,0,COLO STATE,0,0,0,0,,0,0,45.4,,74.2,0,144,28,0,26,0,0,13,0,0,0,0,0,62.6
156545,Antonio Patterson,S,2,0,,0,1,50,FIU,5,D09,60,38,0,0,1,2027,6,64.7,12,1,55.3,0,0,26,0,0,0,69,0,0,0,0,FIU,2,0,0,0,12,10,12.5,61.7,12,77.3,0,166,66,2,0,0,68.8,40,1,2,12,0,6,
156555,Hezekiah Masses,CB,4,0,2026,0,0,75,FIU,6,D12,66,9,0,0,1,2026,0,81.2,11,3,68.6,0,0,26,0,0,0,72.9,57,0,1,0,FIU,3,0,0,0,10,0,0,71.3,3.7,76.6,0,166,66,8,0,0,77.1,40,0,0,0,0,0,
156560,Steven Shannon,DI,0,0,,0,0,,FIU,2,D05,0,0,0,7,1,2027,14,73.4,0,0,,0,0,0,1,0,0,75,0,0,0,0,FIU,2,0,0,0,,0,0,71.8,,73.5,0,166,14,0,0,0,0,7,0,0,0,0,13,56.1
156592,Chris Johnson,S,0,0,,0,0,,MIDDLE TN,1,D22,5,3,0,0,1,2025,0,74.3,0,0,,0,0,0,0,0,0,62.4,0,0,0,0,MIDDLE TN,0,0,0,0,,0,0,64.1,,67.1,0,224,5,0,0,0,0,5,0,0,2,0,0,
156616,Patrick Smith-Young,S,2,0,,0,0,50,DOMINION,2,D02,26,15,0,1,1,2027,3,77.7,10,1,51.9,1,0,17,0,0,0,63.9,0,0,0,0,DOMINION,0,0,1,0,10,2,0,55.3,10,76.7,0,263,29,8,0,0,64.6,11,0,0,9,0,3,60
156620,Ethan Wesloski,LB,0,0,,0,2,,N TEXAS,4,D32,55,55,0,6,1,2027,1,46.1,0,0,64.2,1,0,8,0,0,0,70.8,0,0,0,0,N TEXAS,3,0,1,0,,0,20,71,,77.7,0,251,56,0,0,0,0,42,1,4,0,0,1,61.1
156623,Cameron Robertson,ED,0,0,2026,0,0,,SMU,0,D15,1,1,1,24,1,2026,33,73.6,0,0,,1,0,0,2,0,0,56.5,0,0,0,0,SMU,1,0,2,0,,0,,63,,78.6,0,287,34,0,0,0,0,10,0,0,0,0,31,64.7
156660,Keyron Crawford,ED,1,0,2026,0,0,100,AUBURN,1,D24,10,8,0,16,1,2026,18,75.6,12,1,51,3,0,3,3,0,0,74,0,0,0,0,AUBURN,1,0,3,0,12,2,0,66.6,12,77.4,0,115,28,-1,0,0,116.7,9,0,1,0,0,15,65.3
156663,Websley Etienne,S,3,0,,0,2,66.7,ARK STATE,8,D12,72,36,0,0,1,2027,0,56.9,4,2,68.3,0,1,35,0,0,0,62.2,0,0,0,0,ARK STATE,1,0,0,0,3,2,18.2,66.7,2,77.1,0,113,72,6,0,0,70.1,37,0,1,34,1,0,
156669,Josiah Robinson,LB,1,0,,1,1,100,GA STATE,4,D25,56,54,0,3,1,2027,0,53.7,7,1,58.2,0,0,23,0,0,0,62.4,0,0,0,0,GA STATE,3,0,0,0,7,2,16.7,59.6,7,77.4,0,175,56,4,0,0,95.8,30,0,1,0,0,0,56.1
156679,Jerrod Cameron Jr.,CB,2,0,,0,0,100,UMASS,3,D28,19,5,0,0,1,2026,0,78.4,21,2,56.5,0,0,7,0,0,0,59.8,4,0,0,0,UMASS,2,0,0,0,17,10,0,57.2,10.5,72.2,0,216,19,5,0,0,110.4,12,0,0,0,0,0,
156697,D-Icey Hopkins,S,0,0,,0,1,,GA STATE,0,D04,14,2,0,0,1,2027,0,28.5,0,0,63.2,0,0,11,0,0,0,60,0,0,0,0,GA STATE,0,0,0,0,,1,100,63.4,,74.5,0,175,14,0,0,0,0,3,0,0,11,0,0,
156698,Izaiah Guy,CB,7,0,,0,0,57.1,GA STATE,6,D07,64,11,0,0,1,2028,0,81.5,81,4,31.1,0,0,28,0,0,0,55.2,53,0,2,0,GA STATE,0,0,0,0,42,0,0,34.9,20.3,75.6,0,175,64,14,0,0,97.9,36,0,0,0,0,0,
156702,JJ Johnson,S,4,0,,0,1,25,GA STATE,6,D06,61,27,0,3,1,2026,4,66,6,1,70.1,0,0,26,0,0,0,76.5,0,0,0,0,GA STATE,1,0,0,0,6,13,11.1,75.4,6,77.9,0,175,65,1,0,1,39.6,36,0,2,21,0,4,67.1
156719,Amar Thomas,ED,0,0,,0,0,,JAMES MAD,2,D08,1,1,0,11,1,2027,24,74.7,0,0,60.7,0,0,3,0,0,0,65.3,0,2,0,0,JAMES MAD,1,0,2,0,,0,0,70.4,,77.9,0,197,25,0,0,0,0,11,0,0,0,0,24,69.6
156721,Trent Hendrick,LB,3,0,,0,0,66.7,JAMES MAD,4,D05,45,38,0,4,1,2027,4,82.2,43,2,56.7,1,0,24,0,0,0,52.9,0,0,0,0,JAMES MAD,2,0,1,0,23,7,0,55.7,21.5,73.8,0,197,49,23,0,0,109.7,21,1,1,0,0,4,66.4
156722,Jacob Thomas,S,3,0,2026,0,0,0,JAMES MAD,4,D07,79,50,1,2,1,2026,0,83.6,0,0,55.9,0,0,45,0,0,0,69.2,0,0,0,0,JAMES MAD,2,0,1,0,,13,0,62.3,,77.6,0,197,79,0,0,0,39.6,32,0,1,16,0,0,74.2
156724,Justin Eaglin,CB,2,0,,0,0,50,JAMES MAD,1,D30,20,0,0,0,1,2027,0,73.5,13,1,47.7,0,0,11,0,0,0,60.7,19,0,0,0,JAMES MAD,0,0,0,0,13,1,0,48.7,13,73.4,0,197,20,0,0,0,70.8,9,0,0,0,0,0,
156725,Aiden Fisher,LB,4,0,2026,0,2,100,INDIANA,6,D04,56,51,0,6,1,2026,1,52.7,55,4,42.4,0,0,26,0,0,0,60.9,0,0,0,0,INDIANA,4,0,0,0,22,5,22.2,47.7,13.8,73.7,0,190,57,24,0,0,118.8,25,0,1,0,0,1,55.8
156729,Tyrique Tucker,DI,0,0,,0,0,,INDIANA,1,D95,0,0,1,18,1,2027,23,72.1,0,0,,0,0,0,0,13,0,64.6,0,1,0,0,INDIANA,2,0,2,0,,0,0,68.7,,76.1,0,190,23,0,10,0,0,5,0,0,0,0,0,65.8
156769,Carl Glass Jr.,LB,3,0,,0,3,100,LA MONROE,6,D35,51,51,0,3,1,2025,0,40.8,14,3,62.8,0,0,15,0,0,0,57.6,0,0,0,0,LA MONROE,1,0,0,0,5,0,27.3,59,4.7,74.8,0,209,51,14,0,0,86.1,33,0,2,0,0,0,55.5
156819,Anthony Dunn Jr.,ED,0,0,2026,0,0,,TOLEDO,0,D58,0,0,0,5,1,2026,8,71.1,0,0,60,0,0,0,0,0,0,60.2,0,0,0,0,TOLEDO,0,0,0,0,,0,0,60.8,,72,0,316,8,0,0,0,0,3,0,1,0,0,8,57.6
156823,Mario Easterly,S,0,0,,0,0,,DOMINION,1,D03,27,17,0,0,1,2027,0,78.3,0,0,68.2,0,0,19,0,0,0,61.6,0,0,0,0,DOMINION,0,0,0,0,,0,0,67.8,,74.3,0,263,27,0,0,0,0,8,0,1,10,0,0,
156825,Chris Spencer,ED,0,0,,0,0,,DOMINION,0,D98,0,0,0,5,1,2027,11,,0,0,,0,0,0,5,0,0,62.6,0,0,0,0,DOMINION,0,0,0,0,,0,,62.2,,71.7,0,263,11,0,1,0,0,6,0,0,0,0,5,58.4
156828,Markus Knight,S,4,0,,0,0,75,DOMINION,1,D29,25,10,0,0,1,2026,0,74.3,74,3,30.5,0,0,14,0,0,0,65.1,0,0,0,0,DOMINION,0,0,0,0,55,12,0,34.1,24.7,74.2,0,263,25,50,0,0,156.3,11,0,0,3,1,0,
156841,Micheal Caraway Jr.,S,1,0,,0,0,100,SO MISS,1,D02,38,13,0,1,1,2026,0,75.1,11,1,67.1,0,0,20,0,0,0,63.5,0,0,0,0,SO MISS,1,0,0,0,11,15,0,66.9,11,76,0,296,38,6,0,0,112.5,17,0,0,10,0,0,58.6
156845,Brodarius Lewis,DI,0,0,,0,0,,SO MISS,2,D36,0,0,0,14,1,2026,34,72.2,0,0,60.9,1,0,0,0,1,0,62.5,0,0,0,0,SO MISS,1,0,1,0,,0,0,67.9,,75,0,296,34,0,33,0,0,20,0,0,0,0,0,65.9
156850,Demeco Roland,DI,0,0,2025,0,0,,SO MISS,0,D51,0,0,0,14,1,2025,31,,0,0,,1,0,0,0,0,0,73,0,0,1,0,SO MISS,0,0,1,0,,0,,68.4,,0,0,296,31,0,31,0,0,17,0,0,0,0,0,66.9
156873,Justin Powe,S,4,0,,0,2,100,TROY,8,D25,85,42,0,0,1,2027,0,60.2,89,4,54.9,0,0,50,0,0,0,69.9,0,0,0,0,TROY,0,0,0,0,28,8,18.2,59.7,22.3,78,0,318,85,27,0,0,118.8,35,0,1,35,0,0,
156889,Bryan McCoy Jr.,LB,3,0,,0,0,100,AKRON,5,D40,74,65,0,7,1,2026,0,81.7,29,3,44.5,1,0,38,0,0,0,58.6,0,0,0,0,AKRON,3,0,1,0,11,6,0,48.7,9.7,76.4,0,102,74,12,0,0,106.9,29,0,1,3,0,0,59.3
156915,Josh Baka,S,2,0,,0,1,100,KENT STATE,5,D20,63,39,0,0,1,2026,0,68.5,12,2,57.5,0,0,27,0,0,0,54.8,0,0,0,0,KENT STATE,1,0,0,0,9,7,12.5,56.4,6,76.6,0,201,63,5,0,0,131.3,36,0,2,17,1,0,
156929,Malachi McLean,S,2,0,,0,0,0,UCONN,1,D07,25,8,0,0,1,2026,0,76.4,0,0,72.5,0,0,18,0,0,0,61.9,0,0,0,0,UCONN,1,0,0,0,,2,0,72.2,,73.5,0,146,25,0,0,0,39.6,7,0,0,15,0,0,
156932,Sterling Webb,DI,0,0,,0,0,,MISSOURI,3,D10,0,0,0,11,1,2027,26,73.8,0,0,,2,0,0,0,0,0,69.7,0,0,0,0,MISSOURI,2,0,2,0,,0,0,70.3,,74,0,229,26,0,26,0,0,15,1,0,0,0,0,62.5
156961,Donovan Hinish,DI,0,0,,0,0,,NOTRE DAME,0,D41,0,0,0,3,1,2027,12,70.1,0,0,,0,0,0,1,2,0,71.2,0,0,0,0,NOTRE DAME,0,0,0,0,,0,0,71.8,,71.9,0,258,12,0,9,0,0,9,0,1,0,0,0,58.7
156972,Jaylen Sneed,LB,1,0,,0,1,100,NOTRE DAME,4,D03,25,24,0,0,1,2027,0,79,21,1,43.9,0,0,7,0,0,1,82.7,0,0,0,0,NOTRE DAME,2,0,0,1,21,1,20,70.5,21,72.3,0,258,25,1,0,0,118.8,18,0,0,0,0,0,64.9
156977,Josh Burnham,ED,0,0,,0,0,,NOTRE DAME,1,D40,0,0,0,15,1,2027,45,71.3,0,0,,0,0,0,19,0,0,54.4,0,0,0,1,NOTRE DAME,1,0,0,0,,0,0,58.2,,76.7,0,258,45,0,6,0,0,30,0,0,0,0,20,64.1
156982,Junior Tuihalamaka,ED,1,0,,0,1,0,NOTRE DAME,4,D44,4,4,0,15,1,2027,46,64.6,0,0,44.5,3,0,2,0,0,1,59.8,0,1,0,0,NOTRE DAME,2,0,4,0,,0,14.3,56.6,,80.7,0,258,50,0,2,0,39.6,33,0,2,0,0,44,63.9
156984,Jayden Bellamy,CB,1,0,,0,0,100,SYRACUSE,2,D01,35,0,0,0,1,2027,0,77,5,1,67.7,0,0,19,0,0,0,62.8,29,0,0,0,SYRACUSE,1,0,0,0,5,6,0,67.9,5,75.7,0,304,35,0,0,0,87.5,16,0,0,0,0,0,
156997,Malachi Davis,ED,0,0,,0,2,,TOLEDO,0,D93,0,0,0,11,1,2028,19,22.6,0,0,,0,0,0,2,0,0,36.1,0,0,0,0,TOLEDO,0,0,0,0,,0,100,41.9,,75.3,0,316,19,0,0,0,0,8,0,0,0,0,17,62.7
157000,Avery Smith,CB,8,0,2026,0,1,50,TOLEDO,5,D12,67,7,0,0,1,2026,0,69.3,44,4,58.9,0,0,32,0,0,0,67.8,47,0,1,0,TOLEDO,0,0,0,0,16,13,14.3,61.6,11,77.9,0,316,67,2,0,1,66.7,35,0,1,0,0,0,
157013,Jihaad Campbell,LB,2,0,2025,0,0,100,ALABAMA,6,D11,37,37,1,8,1,2025,8,82.9,5,2,64.9,0,0,13,0,0,0,65.6,0,0,0,0,ALABAMA,5,0,1,0,5,0,0,67.3,2.5,75.4,0,103,45,3,0,0,79.2,24,0,2,0,0,8,61.9
157018,Jaylen Lewis,S,4,0,,0,2,75,TEMPLE,5,D21,60,18,0,1,1,2027,4,39.3,31,3,62.7,0,0,29,0,0,0,54.6,0,0,0,0,TEMPLE,1,0,0,0,17,42,28.6,60,10.3,79,0,306,64,30,0,1,136.5,34,0,0,0,1,4,60
157027,Mani Powell,LB,0,0,2026,0,0,,UNLV,1,D16,8,8,0,3,1,2026,7,73.2,0,0,60.1,0,0,2,0,0,0,66.2,0,0,0,0,UNLV,1,0,0,0,,0,0,64.2,,75.4,0,325,15,0,0,0,0,10,1,0,0,0,7,56.7
157039,JD Rhym,CB,0,0,,0,0,,HOUSTON,0,D03,1,0,0,0,1,2027,0,,0,0,60,0,0,1,0,0,0,,1,0,0,0,HOUSTON,0,0,0,0,,0,,60.4,,63.8,0,182,1,0,0,0,0,0,0,0,0,0,0,
157047,Robert Woodyard Jr.,LB,0,0,,0,0,,AUBURN,1,D17,10,5,0,3,1,2028,5,72.2,0,0,61.9,0,0,4,0,0,0,60.4,0,0,0,0,AUBURN,0,0,0,0,,5,0,60.8,,73.6,0,115,15,0,0,0,0,8,0,0,0,0,5,57
157051,Caleb Wooden,S,0,0,,0,0,,AUBURN,0,D21,6,4,0,0,1,2026,0,,0,0,61.7,0,0,3,0,0,0,60,0,0,0,0,AUBURN,0,0,0,0,,0,,62.7,,68.7,0,115,6,0,0,0,0,3,0,0,2,0,0,
157063,Shone Washington,DI,0,0,,0,0,,LSU,0,D95,0,0,0,0,1,2027,2,,0,0,,0,0,0,0,1,0,56.8,0,0,0,0,LSU,0,0,0,0,,0,,39.1,,67.1,0,211,2,0,1,0,0,2,0,0,0,0,0,
157097,Elijah Reed,CB,5,0,,0,0,20,AKRON,0,D11,55,0,0,3,1,2028,2,74.2,15,1,67.4,1,0,31,0,0,0,62.9,54,0,0,0,AKRON,0,0,1,0,15,1,,66.5,15,77.6,0,102,57,0,0,2,39.6,23,0,0,0,0,2,53.8
157102,Kells Bush,DI,0,0,,0,0,,LA TECH,1,D48,0,0,0,5,1,2027,22,70.1,0,0,,0,0,0,0,19,0,40.8,0,0,1,0,LA TECH,1,0,0,0,,0,0,33,,0,0,208,22,0,3,0,0,17,0,0,0,0,0,57.6
157116,Jaelyn Davis-Robinson,CB,4,0,,0,1,75,SMU,3,D13,39,0,0,0,1,2027,0,48.1,56,3,60.7,0,0,22,0,0,0,68.1,38,0,0,0,SMU,0,0,0,0,25,1,25,62.9,18.7,75.4,0,287,39,12,0,1,156.3,17,0,0,0,1,0,
157129,Davison Igbinosun,CB,5,0,2026,0,0,40,OHIO STATE,5,D01,65,8,0,0,1,2026,2,83.1,20,2,53.1,0,0,42,0,0,0,80.6,51,0,3,0,OHIO STATE,2,1,0,0,12,6,0,59.8,10,77.1,0,260,67,5,0,0,52.1,25,1,2,0,0,2,
157136,Reginald Hughes,LB,1,0,,0,0,100,JVILLE ST,5,D05,39,39,1,19,1,2026,7,82.1,5,1,65.3,1,0,14,0,0,0,78.1,0,0,0,0,JVILLE ST,5,0,2,0,5,0,0,79.1,5,78.2,0,196,46,9,0,0,87.5,13,0,2,0,0,7,70.2
157143,DeCarlos Nicholson,CB,8,0,2026,0,0,62.5,USC,4,D17,70,2,0,0,1,2026,0,80.1,35,5,52.2,0,0,42,0,0,0,64.1,68,0,1,0,USC,1,0,0,0,13,0,0,53.8,7,76.9,0,326,70,5,0,0,72.4,28,0,0,0,0,0,
157153,Marquis Gracial,DI,0,0,,0,0,,MISSOURI,0,D33,0,0,0,4,1,2027,14,,0,0,,0,0,0,0,6,0,41.5,0,0,0,0,MISSOURI,0,0,0,0,,0,,40.9,,73.2,0,229,14,0,8,0,0,10,0,0,0,0,0,58.5
157155,Jalen Marshall,DI,0,0,,0,0,,MISSOURI,0,D95,0,0,0,7,1,2027,18,,0,0,,0,0,0,0,5,0,47.4,0,0,0,0,MISSOURI,0,0,0,0,,0,,46.8,,73.4,0,229,18,0,13,0,0,11,0,0,0,0,0,56.5
157164,Ja'Marion Wayne,CB,0,0,,0,0,,MISSOURI,0,D25,4,1,0,0,1,2027,0,,0,0,,0,0,0,0,0,0,60.1,3,0,0,0,MISSOURI,0,0,0,0,,0,,60.6,,66.7,0,229,4,0,0,0,0,4,0,0,0,0,0,
157202,Braxton Fely,DI,0,0,,0,2,,BOISE ST,1,D90,0,0,0,18,1,2027,32,26.2,0,0,,1,0,0,3,0,0,65.8,0,0,0,0,BOISE ST,1,0,1,0,,0,50,58.2,,74.7,0,120,32,0,29,0,0,14,0,1,0,0,0,49.1
157215,Nuer Gatkuoth,ED,0,0,,0,0,,COLO STATE,1,D09,0,0,0,18,1,2026,24,71.1,0,0,,0,0,0,0,0,0,67.7,0,0,0,0,COLO STATE,1,0,0,0,,0,0,64.1,,75.5,0,144,24,0,0,0,0,6,0,0,0,0,24,58
157236,Christian Ellis,S,3,0,,0,1,33.3,NEW MEXICO,6,D08,52,10,0,3,1,2027,5,65.6,4,1,67.2,1,0,20,0,0,0,69,0,0,0,0,NEW MEXICO,2,0,1,0,4,25,14.3,67.9,4,80,0,241,57,0,0,0,42.4,34,0,0,17,0,5,54.6
157253,Devon Jackson,LB,0,0,,0,0,,OREGON,1,D26,29,28,1,2,1,2027,1,76.3,0,0,54.8,0,0,15,0,0,0,49.4,0,0,0,0,OREGON,1,0,1,0,,1,0,53.5,,74.5,0,264,30,0,1,0,0,13,0,0,0,0,0,70.2
157254,Harrison Taggart,LB,0,0,,0,1,,BYU,3,D11,33,32,0,8,1,2028,2,53.8,0,0,54.6,0,0,15,0,0,0,77.1,0,1,1,0,BYU,3,0,1,0,,1,20,60,,0,0,128,35,0,0,0,0,12,0,1,0,0,2,59.3
157255,Anthony Jones Jr.,ED,0,0,,0,0,,MICH STATE,1,D08,2,1,0,9,1,2028,22,73,0,0,60,0,0,1,0,0,0,64,0,0,0,0,MICH STATE,1,0,0,0,,0,0,60.9,,77.6,0,223,24,0,0,0,0,14,0,0,0,0,22,54.4
157272,David Bailey,ED,0,0,2026,0,0,,STANFORD,2,D23,1,0,0,8,1,2026,19,77.7,0,0,62.6,1,0,2,0,0,0,57.3,0,0,1,0,STANFORD,1,0,1,0,,1,0,61.2,,77,0,300,20,0,0,0,0,10,0,1,0,0,19,61.8
157275,Matt Rose,LB,1,0,,0,0,100,STANFORD,3,D35,17,16,0,0,1,2027,0,56.5,9,1,61.8,0,0,9,0,0,0,69.6,0,0,0,0,STANFORD,2,0,0,0,9,1,0,68.2,9,70.4,0,300,17,3,0,0,104.2,8,0,0,0,0,0,
157276,Collin Wright,CB,3,0,2026,0,1,100,STANFORD,4,D06,85,15,0,0,1,2026,0,61.8,26,3,55.8,0,0,45,0,0,0,68.6,4,0,0,0,STANFORD,0,0,0,0,17,66,16.7,58.8,8.7,80.8,0,300,85,35,0,0,102.8,40,0,1,0,0,0,
157277,Scotty Edwards,S,2,0,,0,1,50,STANFORD,4,D21,69,38,0,2,1,2027,10,64.5,4,1,68.7,0,0,41,0,0,0,77,0,0,0,0,STANFORD,3,0,0,0,4,3,14.3,72.4,4,78.3,0,300,79,0,0,0,56.3,36,0,2,28,0,10,58.7
157278,Ernest Cooper,ED,1,0,,0,2,0,STANFORD,1,D44,0,0,0,35,1,2027,74,25.8,0,0,56,2,0,5,6,0,0,54.7,0,1,0,0,STANFORD,0,0,3,0,,0,50,57.1,,81.5,0,300,74,0,3,0,39.6,34,0,1,0,0,65,61.3
157281,Tevarua Tafiti,ED,3,0,,1,2,66.7,STANFORD,4,D11,2,0,2,29,1,2027,74,39.9,11,2,64.8,2,0,11,1,0,1,41.9,0,1,0,0,STANFORD,4,0,5,1,8,2,28.6,67.8,5.5,82.4,0,300,76,10,1,0,72.9,36,0,1,0,0,72,90.1
157284,Zach Rowell,DI,0,0,,0,0,,STANFORD,2,D97,0,0,0,15,1,2027,36,74.8,0,0,,0,0,0,4,0,0,70.2,0,0,0,0,STANFORD,1,0,0,0,,0,0,67.3,,74.5,0,300,36,0,32,0,0,21,0,2,0,0,0,56.3
157288,Namdi Obiazor,LB,2,0,2026,0,1,50,TCU,10,D04,76,65,0,7,1,2026,9,68.8,1,1,64.7,0,0,36,0,0,0,76.7,2,0,0,0,TCU,7,0,0,0,1,8,8.3,71.1,1,77.9,0,305,85,7,0,0,56.3,42,0,1,0,0,9,55.7
157291,Damonic Williams,DI,0,0,2026,0,0,,OKLAHOMA,0,D52,1,1,0,14,1,2026,26,,0,0,,0,0,0,6,5,0,67.7,0,0,0,0,OKLAHOMA,0,0,0,0,,0,,63.7,,74,0,261,27,0,15,0,0,13,0,0,0,0,0,55.1
157293,Connor Lingren,DI,0,0,,0,0,,TCU,0,D75,0,0,0,2,1,2028,3,,0,0,,0,0,0,0,0,0,60,0,0,0,0,TCU,0,0,0,0,,0,,60.2,,68.5,0,305,3,0,3,0,0,1,0,0,0,0,0,59.2
157307,Jaylon Guilbeau,CB,5,0,2026,0,0,60,TEXAS,3,D03,44,10,0,1,1,2026,0,78.8,19,3,56.6,0,0,28,0,0,0,68.9,0,0,0,0,TEXAS,2,0,0,0,9,34,0,59.5,6.3,75.1,0,311,44,2,0,0,67.9,15,0,0,0,0,0,58.3
157308,Larry Turner-Gooden,S,1,0,,0,1,100,S JOSE ST,1,D05,26,11,0,0,1,2027,1,29.2,14,1,49.3,0,0,7,0,0,0,51.2,0,0,0,0,S JOSE ST,0,0,0,0,14,2,50,48.1,14,73.6,0,285,27,-1,0,0,118.8,20,0,0,13,0,1,
157312,Terrance Brooks,CB,3,0,,0,0,66.7,ILLINOIS,0,D08,5,0,0,0,1,2026,0,73.5,47,2,39.1,0,0,4,0,0,0,60,4,0,0,0,ILLINOIS,0,0,0,0,34,1,0,37.1,23.5,68.9,0,187,5,13,0,0,149.3,1,0,1,0,1,0,
157319,Landon Hullaby,S,0,0,,0,0,,UTEP,1,D19,3,0,0,0,1,2026,0,73.5,0,0,72.1,0,0,3,0,0,0,,1,0,0,0,UTEP,1,0,0,0,,2,0,74.4,,67.3,0,330,3,0,0,0,0,0,0,0,0,0,0,
157324,Tre'Von McAlpine,DI,0,0,,0,1,,TEXAS TECH,0,D95,0,0,0,15,1,2027,22,22.2,0,0,,1,0,0,7,1,0,58.3,0,0,0,0,TEXAS TECH,0,0,1,0,,0,100,58.9,,73.7,0,315,22,0,14,0,0,7,0,0,0,0,0,59.5
157327,Harvey Dyson III,ED,1,0,,1,1,0,TEXAS TECH,0,D33,2,1,1,17,1,2027,37,29.5,0,0,64.9,1,0,9,0,0,1,61.3,0,0,0,0,TEXAS TECH,1,0,2,0,,1,50,82.5,,79.4,0,315,39,0,0,1,39.6,13,0,1,0,0,37,90.9
157332,Ben Roberts,LB,4,0,,0,2,75,TEXAS TECH,4,D13,47,42,0,10,1,2027,5,28.1,80,3,31.2,2,0,23,0,0,0,60,0,0,0,0,TEXAS TECH,2,0,2,0,75,5,28.6,38.1,26.7,76.4,0,315,52,60,0,0,156.3,19,0,1,0,1,5,52.6
157354,Asani Redwood,ED,0,0,,0,0,,W VIRGINIA,0,D92,0,0,0,17,1,2027,25,70.8,0,0,,1,0,0,12,0,0,55.5,0,0,0,0,W VIRGINIA,0,0,1,0,,0,0,55.4,,73.9,0,343,25,0,6,0,0,8,0,1,0,0,7,57.5
157356,Hershey McLaurin,LB,4,0,,0,2,50,HOUSTON,2,D15,28,6,0,4,1,2026,10,29.6,75,2,60.6,0,0,19,0,0,0,49.5,0,0,0,0,HOUSTON,0,0,0,0,71,22,40,58.5,37.5,77.9,0,182,38,80,0,0,135.4,15,0,1,0,1,10,67.9
157358,Jacolby Spells,CB,0,0,,0,0,,W VIRGINIA,0,D06,19,0,0,0,1,2026,0,,0,0,53.4,0,0,11,0,0,0,60.4,19,0,1,0,W VIRGINIA,0,1,0,0,,0,,54.2,,73.2,0,343,19,0,0,0,0,8,0,0,0,0,0,
157359,Trey Lathan,LB,3,0,,0,1,100,W VIRGINIA,1,D04,44,39,0,8,1,2027,4,42.5,100,3,42.5,2,0,28,0,0,0,36.8,0,0,0,0,W VIRGINIA,0,0,2,0,49,4,25,36.9,33.3,75.2,0,343,48,11,0,0,158.3,12,0,2,1,1,4,58.5
157386,Brylan Green,S,1,0,,0,1,100,LIBERTY,3,D15,52,16,0,1,1,2027,4,58,4,1,68.1,0,0,22,0,0,0,57.2,0,0,0,0,LIBERTY,2,0,0,0,4,28,25,64.7,4,79.4,0,206,56,10,0,0,83.3,33,0,0,8,0,4,60
157387,Dexter Ricks Jr.,CB,3,0,,0,0,33.3,LIBERTY,5,D20,57,3,0,1,1,2027,1,81.1,9,1,61.9,0,0,20,0,0,0,74.9,54,0,0,0,LIBERTY,2,0,0,0,9,0,0,66.3,9,77.1,0,206,58,4,0,0,42.4,37,0,1,0,0,1,59.3
157391,A'Khori Jones,S,2,0,,0,1,100,LIBERTY,3,D29,56,26,0,1,1,2026,0,66.8,11,2,70.9,0,0,21,0,0,0,58.7,2,0,0,0,LIBERTY,1,0,0,0,10,3,16.7,66.8,5.5,75.4,0,206,56,5,0,0,89.6,34,1,2,25,0,0,59.9
157393,Elijah Auguste,S,2,0,,0,1,50,LIBERTY,1,D14,22,2,0,1,1,2026,1,28.2,2,1,70.6,0,0,11,0,0,0,34.1,0,0,0,0,LIBERTY,0,0,0,0,2,20,50,57.5,2,76.1,0,206,23,8,0,0,56.3,11,0,0,0,0,1,60
157403,Bryce Dixon,DI,0,0,,0,0,,LIBERTY,3,D99,0,0,0,14,1,2027,45,76.4,0,0,,0,0,0,14,12,0,73.1,0,0,0,0,LIBERTY,3,0,0,0,,0,0,70.7,,76.1,0,206,45,0,19,0,0,31,0,3,0,0,0,56.4
157430,Aisea Moa,LB,0,0,,0,0,,BYU,1,D58,19,18,0,2,1,2027,1,73.1,0,0,63,0,0,8,0,0,0,50.2,0,0,1,0,BYU,0,0,0,0,,1,0,46.8,,0,0,128,20,0,0,0,0,10,0,0,0,0,1,58.3
157432,Logan Fano,ED,1,0,2026,0,1,100,UTAH,4,D00,1,1,0,12,1,2026,50,43.5,7,1,63.4,2,0,2,1,0,0,56.2,0,0,0,0,UTAH,1,0,2,0,7,0,16.7,60.2,7,79.1,0,328,51,9,5,0,95.8,37,0,1,0,0,44,62.6
157435,Michael Daley,ED,0,0,,0,0,,RICE,0,D49,0,0,0,10,1,2027,15,,0,0,60.5,0,0,4,0,0,0,60,0,0,0,0,RICE,0,0,0,0,,0,,57,,75.7,0,275,15,0,0,0,0,1,0,0,0,0,15,54.8
157436,Isaiah Glasker,LB,2,0,,0,0,50,BYU,4,D16,35,26,0,10,1,2027,13,82.6,-1,1,76.6,0,1,22,0,0,0,66.5,0,0,0,0,BYU,4,0,0,0,-1,9,0,76.8,-1,76.4,0,128,48,3,0,0,16.7,16,1,2,0,0,13,69
157442,J.D. Lampley,ED,0,0,,0,0,,E CAROLINA,2,D09,0,0,0,29,1,2026,43,74.6,0,0,60.2,2,0,1,6,1,0,57.9,0,2,0,0,E CAROLINA,2,0,4,0,,0,0,62,,77.4,0,156,43,0,12,0,0,13,0,0,0,0,24,63.4
157444,Samuel Dankah,ED,3,0,,0,1,100,E CAROLINA,0,D07,9,8,1,9,1,2026,23,61.5,43,3,47,1,0,11,0,0,0,64.9,0,0,0,1,E CAROLINA,1,0,2,0,18,1,25,56.5,14.3,76.5,0,156,32,27,0,0,118.8,12,0,3,0,0,23,62.8
157447,Isaiah Brown-Murray,CB,5,0,,0,0,20,E CAROLINA,3,D26,77,5,0,2,1,2027,1,81.6,20,1,66.8,0,0,47,0,0,0,68.8,72,0,0,0,E CAROLINA,1,0,0,0,20,0,0,67.3,20,77.8,0,156,78,7,0,0,43.8,29,0,3,0,0,1,55
157449,Zakye Barker,LB,2,0,,0,2,50,E CAROLINA,6,D33,57,53,0,7,1,2027,3,54.6,5,1,64.8,0,0,29,0,0,0,48.2,0,0,0,0,E CAROLINA,5,0,0,0,5,4,20,55.7,5,74.4,0,156,60,0,0,0,56.3,24,0,2,0,0,3,53.8
157453,Joey Zelinsky,ED,0,0,,0,0,,E MICHIGAN,1,D45,0,0,0,18,1,2026,37,73.7,0,0,60.4,0,0,1,2,0,0,51.8,0,1,1,0,E MICHIGAN,0,0,1,0,,0,0,54.4,,77.8,0,160,37,0,1,0,0,18,0,0,0,0,34,57.8
157458,Cole McElvany,LB,0,0,,0,0,,E MICHIGAN,0,D27,1,0,0,0,1,2027,0,,0,0,60,0,0,1,0,0,0,,0,0,0,0,E MICHIGAN,0,0,0,0,,1,,53.4,,63.8,0,160,1,0,0,0,0,0,0,0,0,0,0,
157482,Ali Abdul-Barr,LB,0,0,,0,0,,E MICHIGAN,0,D18,1,1,0,0,1,2027,0,,0,0,60,0,0,1,0,0,0,,0,0,0,0,E MICHIGAN,0,0,0,0,,0,,59.7,,62.1,0,160,1,0,0,0,0,0,0,0,0,0,0,
157484,Maverick Baranowski,LB,1,0,,0,0,100,MINNESOTA,1,D06,36,33,0,0,1,2027,0,77.1,19,1,53.1,0,0,22,0,0,0,60.2,0,0,0,0,MINNESOTA,0,0,0,0,19,3,0,54.7,19,71.5,0,225,36,5,0,0,118.8,14,0,1,0,0,0,
157485,Anthony Smith,DI,0,0,,0,0,,MINNESOTA,1,D00,0,0,0,30,1,2027,41,69.7,0,0,60,3,0,0,4,3,0,58.4,0,0,0,0,MINNESOTA,1,0,3,0,,0,0,62.7,,75.5,0,225,41,0,33,0,0,11,0,0,0,0,1,63.3
157495,Rhyland Kelly,CB,0,0,,0,1,,MINNESOTA,0,D18,1,0,0,0,1,2027,0,21.4,0,0,51.5,0,0,1,0,0,0,,1,0,0,0,MINNESOTA,0,0,0,0,,0,100,47.1,,63.8,0,225,1,0,0,0,0,0,0,0,0,0,0,
157496,Evan Redding,CB,0,0,,0,0,,MINNESOTA,0,D22,1,0,0,0,1,2027,0,,0,0,60,0,0,1,0,0,0,,0,0,0,0,MINNESOTA,0,0,0,0,,1,,60.4,,64.5,0,225,1,0,0,0,0,0,0,0,0,0,0,
157505,Tyler Stolsky,LB,0,0,,0,0,,MINNESOTA,0,D44,2,2,0,0,1,2027,0,,0,0,60.3,0,0,2,0,0,0,,0,0,0,0,MINNESOTA,0,0,0,0,,0,,61.2,,64.6,0,225,2,0,0,0,0,0,0,0,0,0,0,
157506,Joey Gerlach,LB,1,0,,0,0,100,MINNESOTA,2,D19,6,5,0,1,1,2027,2,76.6,5,1,72.7,0,0,6,0,0,0,60,0,0,0,0,MINNESOTA,2,0,0,0,5,0,0,73.9,5,72.9,0,225,8,2,0,0,87.5,1,0,0,1,0,2,59.2
157507,Aidan Gousby,S,3,0,,0,0,66.7,MINNESOTA,3,D07,68,23,0,1,1,2027,1,83.6,52,2,58.4,0,0,47,0,0,0,69.1,0,0,0,0,MINNESOTA,1,0,0,0,26,11,0,61.5,26,78.2,0,225,69,15,0,0,109.7,21,0,3,34,0,1,60
157509,Coleman Bryson,S,1,0,,0,0,100,MINNESOTA,0,D16,7,6,0,1,1,2027,3,,21,1,52.8,0,0,9,0,0,0,,0,0,0,0,MINNESOTA,0,0,0,0,21,1,,51.7,21,72.7,0,225,10,6,0,0,158.3,0,0,0,0,1,3,60
157530,Zamari Stevenson,CB,2,0,,0,1,100,WAKE,2,D17,60,0,0,0,1,2028,0,37.7,20,2,58.5,0,1,42,0,0,0,62.5,59,0,1,0,WAKE,0,0,0,0,14,1,33.3,59.2,10,77.1,0,339,60,9,0,0,68.8,18,0,0,0,0,0,
157533,Elijah Hall,DI,0,0,,0,1,,LIBERTY,0,D93,0,0,0,3,1,2027,4,21.8,0,0,,0,0,0,0,0,0,58.9,0,0,0,0,LIBERTY,0,0,0,0,,0,100,54.3,,68.2,0,206,4,0,4,0,0,1,0,0,0,0,0,59.1
157549,Ethan Johnson,CB,2,0,,0,0,100,APP STATE,3,D02,58,2,0,0,1,2027,0,78.4,19,2,67.7,0,0,32,0,0,0,66.5,43,0,0,0,APP STATE,1,0,0,0,11,13,0,68.5,9.5,77.3,0,108,58,4,0,0,106.3,26,0,0,0,0,0,
157550,DJ Burks,S,0,0,,0,0,,APP STATE,0,D21,4,2,0,0,1,2027,0,,0,0,61.2,0,0,3,0,0,0,60,0,0,1,0,APP STATE,0,0,0,0,,0,,48.3,,0,0,108,4,0,0,0,0,1,0,0,2,0,0,
157551,Santana Hopper,DI,0,0,,0,0,,APP STATE,0,D29,0,0,3,23,1,2027,36,77.1,0,0,,3,0,0,22,2,0,59.5,0,0,0,0,APP STATE,3,0,6,0,,0,0,82,,75.6,0,108,36,0,8,0,0,13,0,2,0,0,4,87.1
157593,Blake Thompson,S,1,0,,0,1,0,LA TECH,4,D00,48,25,0,0,1,2026,1,60,0,0,64,0,0,13,0,0,0,65.2,0,0,0,0,LA TECH,2,0,0,0,,3,16.7,65.3,,77,0,208,49,0,0,0,39.6,36,0,1,20,0,1,
157596,Treyveon McGee,S,0,0,,0,0,,CHARLOTTE,3,D02,14,8,0,0,1,2026,2,79.2,0,0,74.1,0,0,7,0,0,0,65.6,0,0,0,0,CHARLOTTE,0,0,0,0,,1,0,74.2,,72.7,0,136,16,0,0,1,0,9,0,0,5,0,2,
157603,Myles Norwood,CB,7,0,,0,0,42.9,BALL ST,3,D26,44,4,0,0,1,2027,0,78.2,26,3,63.7,0,0,34,0,0,1,62.7,40,0,0,0,BALL ST,1,0,0,0,11,0,0,64.3,8.7,75.2,0,117,44,4,0,1,53.3,10,0,0,0,0,0,
157614,Elijah Herring,LB,1,0,,0,1,0,MEMPHIS,4,D31,45,38,0,12,1,2026,8,61,0,0,74.3,1,1,15,0,0,0,66.5,0,0,0,1,MEMPHIS,1,0,1,0,,7,12.5,70.9,,75.7,0,218,53,0,0,0,0,26,0,3,0,0,8,57.7
157619,Jordan Phillips,DI,0,0,2025,0,1,,MARYLAND,2,D08,0,0,0,26,1,2025,48,36,0,0,,0,0,0,1,22,0,66.3,0,1,0,0,MARYLAND,1,0,1,0,,0,33.3,66.1,,77.3,0,215,48,0,25,0,0,22,0,0,0,0,0,61.2
157632,Bronson Olevao Jr.,LB,0,0,,0,0,,UTAH ST,1,D14,4,4,0,2,1,2027,0,73.6,0,0,,0,0,0,0,0,0,63.1,0,0,0,0,UTAH ST,0,0,0,0,,0,0,62.4,,66.4,0,329,4,0,0,0,0,2,0,0,0,0,0,57.6
157650,Mansoor Delane,CB,9,0,2026,0,1,33.3,VA TECH,6,D04,74,4,0,1,1,2026,0,71.5,32,3,72.4,0,0,43,0,0,0,47.4,68,0,0,0,VA TECH,3,0,0,0,22,2,11.1,71,10.7,77.2,0,337,74,15,0,0,44.7,30,0,2,0,0,0,65.2
157654,Keyshawn Burgos,ED,0,0,,0,1,,VA TECH,1,D02,0,0,0,30,1,2028,46,71.1,0,0,,1,0,0,1,0,0,39.2,0,2,0,0,VA TECH,0,0,3,0,,0,50,42.4,,79,0,337,46,0,0,0,0,16,0,0,0,0,45,51.6
157679,Jaden Williams,DI,0,0,,0,0,,WYOMING,0,D91,0,0,0,33,1,2028,51,72.9,0,0,61.3,1,0,0,11,8,0,66.6,0,0,0,0,WYOMING,0,0,1,0,,0,0,69.7,,75.8,0,351,51,0,31,0,0,18,0,2,0,0,1,61
157707,Xavier Smith,S,1,0,,0,0,100,UTEP,5,D02,29,10,0,0,1,2027,0,82.4,6,1,67.8,0,0,19,0,0,0,70,0,0,0,0,UTEP,2,0,0,0,6,7,0,70.6,6,74.9,0,330,29,1,0,0,91.7,10,0,0,12,0,0,
157712,Jeremy Mack Jr.,S,0,0,,0,0,,DOMINION,0,D19,5,2,0,0,1,2026,0,,0,0,63.1,0,0,4,0,0,0,60,0,0,0,0,DOMINION,0,0,0,0,,2,,63.6,,67.6,0,263,5,0,0,0,0,1,0,0,1,0,0,
157742,Miguel Mitchell,S,4,0,,0,2,75,ARKANSAS,5,D16,34,16,0,0,1,2027,0,50.1,19,3,50.3,0,0,18,0,0,0,62.8,0,0,0,0,ARKANSAS,2,0,0,0,7,6,28.6,53.6,6.3,73.4,0,111,34,10,0,0,84.4,16,0,0,12,0,0,
157743,Chris McClellan,DI,0,0,2026,0,0,,MISSOURI,3,D07,0,0,0,20,1,2026,37,73.4,0,0,,0,0,0,1,4,0,62,0,0,0,0,MISSOURI,0,0,0,0,,0,0,59.2,,75.2,0,229,37,0,32,0,0,17,0,0,0,0,0,55
157775,Uso Seumalo,DI,0,0,2026,0,0,,KANSAS ST,0,D99,0,0,0,13,1,2026,22,,0,0,,0,0,0,2,17,0,66.5,0,0,0,0,KANSAS ST,0,0,0,0,,0,,61.9,,75,0,199,22,0,3,0,0,9,0,0,0,0,0,54.8
157776,Jordan Wright,CB,2,0,,0,0,50,UCONN,3,D00,64,8,0,0,1,2026,0,81.6,1,1,80.5,0,0,36,0,0,0,68.1,54,0,0,0,UCONN,2,0,0,0,1,1,0,80.1,1,76.4,0,146,64,4,0,0,56.3,28,1,2,1,0,0,
157777,Jacob Parrish,CB,3,0,2025,0,1,100,KANSAS ST,6,D10,61,8,0,0,1,2025,7,71,18,3,58.7,0,0,39,0,0,0,54.5,45,0,2,0,KANSAS ST,1,0,0,0,9,8,12.5,54.8,6,0,0,199,68,8,0,0,91.7,29,0,1,0,0,7,
157780,VJ Payne,S,2,0,2026,1,3,100,KANSAS ST,5,D19,49,29,1,4,1,2026,3,38.7,18,2,38.8,1,0,28,0,0,0,41.8,0,0,1,0,KANSAS ST,3,0,2,0,11,6,37.5,41.6,9,76.9,0,199,52,12,0,0,104.2,20,0,0,14,0,3,75.8
157781,Kobe Savage,S,0,0,,0,0,,OREGON,3,D05,58,20,0,1,1,2025,0,81.4,0,0,69.3,0,0,34,0,0,0,66.9,1,0,0,0,OREGON,0,0,0,0,,7,0,69.5,,77,0,264,58,0,0,0,0,23,0,1,30,0,0,59.2
157782,Colby McCalister,S,1,0,,0,0,0,KANSAS ST,2,D02,24,10,0,0,1,2027,0,78,0,0,56.8,0,0,15,0,0,0,71.6,0,0,0,0,KANSAS ST,2,0,0,0,,6,0,63,,73.8,0,199,24,0,0,0,39.6,9,0,0,8,0,0,
157786,Tobi Osunsanmi,ED,0,0,,0,0,,KANSAS ST,0,D44,0,0,0,13,1,2027,19,70.8,0,0,60,4,0,1,5,0,0,61,0,0,0,0,KANSAS ST,0,0,4,0,,0,0,62.2,,74.4,0,199,19,0,1,0,0,5,0,1,0,0,13,61.3
157821,DeSean Brown,ED,0,0,,0,1,,OKLA STATE,1,D87,0,0,0,10,1,2027,25,24.5,0,0,60.5,1,0,2,0,0,0,38.7,0,0,0,0,OKLA STATE,1,0,1,0,,0,50,41.5,,75.8,0,262,25,0,1,0,0,13,0,0,0,0,24,54.3
157823,Jaleel Johnson,ED,0,0,,0,0,,OKLA STATE,3,D95,0,0,0,12,1,2027,29,75.4,0,0,,1,0,0,7,0,0,74.1,0,0,1,0,OKLA STATE,0,0,1,0,,0,0,64.7,,0,0,262,29,0,3,0,0,17,0,0,0,0,19,58.7
157838,Ethan Powell,LB,2,0,,0,1,100,S JOSE ST,4,D26,50,14,1,13,1,2027,7,57.7,7,2,71.6,2,0,26,0,0,0,61.7,0,0,0,0,S JOSE ST,5,0,3,0,6,36,20,71.1,3.5,79.3,0,285,57,11,0,0,81.3,18,0,0,0,0,7,65.6
157845,Jordan Pollard,LB,3,0,,0,5,100,S JOSE ST,7,D10,65,58,0,3,1,2026,0,26.8,28,3,72.5,0,0,39,0,0,0,47.1,0,0,0,0,S JOSE ST,5,0,0,0,22,7,38.5,63.6,9.3,73.7,0,285,65,25,0,0,105.6,23,0,1,0,0,0,55.9
157846,Justin Stearns,ED,0,0,,0,0,,S JOSE ST,3,D23,0,0,0,16,1,2027,36,77.9,0,0,60,0,0,0,11,0,0,44.4,0,0,0,0,S JOSE ST,1,0,0,0,,0,0,45,,76.9,0,285,36,0,0,0,0,20,0,2,0,0,25,51.8
157848,Justin Eklund,LB,1,0,,0,0,100,BOWL GREEN,0,D24,3,2,0,0,1,2027,1,,9,1,51.7,0,0,2,0,0,0,60,0,0,0,0,BOWL GREEN,0,0,0,0,9,1,,43.5,9,68,0,122,4,4,0,0,104.2,2,0,0,0,0,1,
157849,Michael Dansby,CB,5,0,2026,0,1,80,S JOSE ST,3,D25,50,2,0,1,1,2026,0,46.5,48,4,51.4,0,0,31,0,0,0,63.1,48,0,0,0,S JOSE ST,0,0,0,0,29,0,25,52.2,12,76.3,0,285,50,14,0,0,146.3,18,0,0,0,1,0,58.2
157853,Dejon Roney,ED,0,0,,0,0,,S JOSE ST,0,D48,0,0,0,10,1,2027,19,,0,0,,0,0,0,6,4,0,45.2,0,0,0,0,S JOSE ST,0,0,0,0,,0,,44.7,,73.2,0,285,19,0,7,0,0,9,0,0,0,0,2,55.1
157861,Marquise Robinson,CB,4,0,2025,0,0,50,ARKANSAS,2,D13,69,2,0,0,1,2025,0,78.8,46,2,54.3,0,0,36,0,0,0,67,65,0,1,0,ARKANSAS,1,0,0,0,31,2,0,56.7,23,77,0,111,69,38,0,0,131.3,33,0,1,0,1,0,
157866,Chrystyile Caldwell,LB,0,0,,0,0,,S ALABAMA,0,D15,5,4,0,1,1,2027,0,,0,0,60.4,0,0,2,0,0,0,60,0,0,0,0,S ALABAMA,0,0,0,0,,0,,60.2,,64.9,0,288,5,0,0,0,0,2,0,0,0,0,0,59.8
157874,Blayne Myrick,LB,2,0,,0,0,50,S ALABAMA,6,D32,58,54,1,7,1,2027,0,83,6,1,71.2,1,0,19,0,0,0,81,0,0,0,0,S ALABAMA,4,0,2,0,6,4,0,82.8,6,73.3,0,288,58,0,0,0,56.3,32,0,2,0,0,0,69.8
157883,Mo Westmoreland,ED,4,0,,0,2,100,UTEP,1,D00,17,13,2,26,1,2026,31,31,30,4,57,3,0,8,0,0,0,59.2,0,2,0,0,UTEP,3,0,7,0,11,4,66.7,70.7,7.5,79.1,0,330,48,22,0,0,97.9,14,0,0,0,0,31,78.6
157884,Bryton Thompson,ED,0,0,,0,0,,UTEP,0,D15,0,0,0,7,1,2026,15,,0,0,,0,0,0,2,0,0,59.6,0,0,0,0,UTEP,0,0,0,0,,0,,57.6,,73.4,0,330,15,0,2,0,0,8,0,0,0,0,11,56.2
157885,Josiah Allen,CB,4,0,,0,1,75,UTEP,5,D22,55,7,0,0,1,2026,2,81.7,5,3,78.3,0,0,39,0,0,0,70,38,0,0,0,UTEP,4,0,0,0,7,10,14.3,79.4,1.7,76.7,0,330,57,8,0,0,77.1,18,1,1,0,0,2,
157942,Devin Grant,S,0,0,2026,0,1,,SYRACUSE,3,D23,21,0,0,0,1,2026,0,57.9,0,0,54.8,0,0,9,0,0,0,71.8,1,0,0,0,SYRACUSE,1,0,0,0,,3,20,62.8,,73.5,0,304,21,0,0,0,0,12,0,1,17,0,0,
157948,Red Murdock,LB,1,0,2026,0,2,100,BUFFALO,9,D02,59,56,0,2,1,2026,1,57.8,1,1,52.7,2,0,20,0,0,0,64.2,0,0,0,0,BUFFALO,5,0,2,0,1,3,14.3,60.3,1,75.6,0,126,60,-1,0,0,79.2,38,0,3,0,0,1,65.7
157953,Kam Olds,ED,0,0,,0,0,,KENT STATE,0,D11,0,0,1,16,1,2026,37,75.2,0,0,,0,0,0,0,0,0,48.8,0,0,0,0,KENT STATE,1,0,1,0,,0,0,53.5,,79.2,0,201,37,0,0,0,0,21,0,1,0,0,37,60.8
157955,Devin Morgan,DI,0,0,,0,0,,BUFFALO,0,D91,0,0,0,2,1,2027,10,,0,0,,1,0,0,0,0,0,52.8,0,0,0,0,BUFFALO,0,0,1,0,,0,,51.7,,71.1,0,126,10,0,10,0,0,8,0,0,0,0,0,59.4
157956,Cornell Evans,DI,0,0,,0,0,,BUFFALO,1,D99,0,0,0,11,1,2027,35,70.2,0,0,,0,0,0,0,0,0,69.6,0,0,0,0,BUFFALO,1,0,0,0,,0,0,68.6,,74.8,0,126,35,0,35,0,0,24,0,0,0,0,0,58.1
157962,Keyshawn Cobb,CB,6,0,,0,1,66.7,NEVADA,2,D05,46,3,0,0,1,2026,2,36.4,21,4,70.9,0,0,29,0,0,0,65.6,1,0,0,0,NEVADA,1,0,0,0,11,42,33.3,71.6,5.3,78,0,239,48,18,0,0,72.2,19,0,0,0,0,2,
157970,Reid Williford,LB,4,0,2026,0,1,100,CHARLOTTE,3,D40,72,64,0,2,1,2026,12,54.3,50,4,56.8,0,0,39,0,0,0,27,1,0,0,0,CHARLOTTE,2,0,0,0,18,7,16.7,36.5,12.5,79,0,136,84,15,0,0,118.8,43,0,2,0,0,12,56.7
158009,Logan Neu,ED,0,0,,0,0,,MIAMI OH,0,D62,0,0,0,0,1,2027,2,,0,0,,0,0,0,0,0,0,60.4,0,0,0,0,MIAMI OH,0,0,0,0,,0,,62,,66.3,0,221,2,0,2,0,0,2,0,0,0,0,0,
158021,Adam Trick,ED,0,0,,0,0,,MIAMI OH,0,D20,0,0,1,9,1,2027,19,69.7,0,0,58.2,1,0,2,11,0,0,61.5,0,0,0,0,MIAMI OH,1,0,2,0,,0,,59.5,,72.4,0,221,19,0,6,0,0,8,0,0,0,0,2,64.8
158024,Grant Lyons,ED,0,0,,0,0,,MIAMI OH,0,D43,0,0,0,5,1,2027,7,,0,0,,0,0,0,6,0,0,61,0,1,0,0,MIAMI OH,0,0,1,0,,0,,72.8,,70.2,0,221,7,0,0,0,0,2,0,0,0,0,1,65.7
158025,Josh Lukusa,ED,0,0,,0,0,,MIAMI OH,0,D94,0,0,0,4,1,2027,7,,0,0,,0,0,0,6,0,0,50.7,0,0,0,0,MIAMI OH,0,0,0,0,,0,,42.4,,69.2,0,221,7,0,1,0,0,3,0,0,0,0,0,58.3
158027,Eli Coppess,S,1,0,,0,0,0,MIAMI OH,0,D26,9,1,0,0,1,2027,1,,0,0,36.7,0,0,7,0,0,0,60,0,0,0,0,MIAMI OH,0,0,0,0,,0,,40.8,,71.4,0,221,10,0,0,0,39.6,3,0,0,8,0,1,
158037,Roy Williams,ED,0,0,,0,0,,N ILLINOIS,4,D97,0,0,0,17,1,2026,38,75.7,0,0,,0,0,0,0,0,0,68.8,0,0,0,0,N ILLINOIS,2,0,0,0,,0,0,62.9,,78,0,254,38,0,1,0,0,21,0,0,0,0,37,51.9
158049,Jake Gassaway,LB,1,0,,0,1,100,N ILLINOIS,1,D25,19,19,0,3,1,2027,2,37.4,10,1,53,2,0,8,0,0,0,71.2,0,0,0,0,N ILLINOIS,0,0,2,0,10,0,50,54.3,10,73.7,0,254,21,18,0,0,108.3,10,0,0,0,0,2,46.5
158059,Amariyun Knighten,CB,2,0,,0,0,50,N ILLINOIS,1,D05,17,3,0,0,1,2027,0,73.5,17,1,57.9,0,0,8,0,0,0,61.9,13,0,0,0,N ILLINOIS,0,0,0,0,17,0,0,59.1,17,71.4,0,254,17,2,0,0,79.2,9,0,0,1,0,0,
158063,Jacob Finley,CB,5,0,,0,0,80,N ILLINOIS,6,D03,56,13,0,0,1,2027,2,82,55,4,59.2,0,0,26,0,0,0,79.8,43,0,0,0,N ILLINOIS,3,0,0,0,34,0,0,65.9,13.8,76,0,254,58,8,0,1,112.5,32,0,0,0,0,2,
158071,Kip Lewis,LB,2,0,,0,1,100,OKLAHOMA,6,D10,38,31,0,2,1,2027,2,59,42,2,42.8,0,0,18,0,0,0,78.5,1,0,0,0,OKLAHOMA,4,0,0,0,35,6,14.3,61,21,73.7,0,261,40,26,0,0,118.8,20,1,0,0,0,2,66.3
158074,Robert Spears-Jennings,S,2,0,2026,0,1,100,OKLAHOMA,2,D03,51,20,0,0,1,2026,0,47.3,27,2,52.3,0,0,30,0,0,0,66.1,0,0,0,0,OKLAHOMA,0,0,0,0,20,15,25,55.8,13.5,76,0,261,51,9,0,0,118.8,21,0,1,16,0,0,
158080,R Mason Thomas,ED,1,0,2026,0,2,100,OKLAHOMA,1,D32,1,1,0,22,1,2026,43,26.6,14,1,59.7,1,0,3,4,0,0,65.2,0,2,1,0,OKLAHOMA,1,1,3,0,14,0,50,62.1,14,0,0,261,44,6,0,0,118.8,19,0,1,0,0,39,65.5
158089,Kobie McKinzie,LB,0,0,,0,1,,OKLAHOMA,2,D11,23,23,0,2,1,2027,1,57.3,0,0,60,0,0,12,0,0,0,70.6,0,0,0,0,OKLAHOMA,1,0,0,0,,0,25,66,,72.8,0,261,24,0,0,0,0,10,1,1,0,0,1,58.3
158107,Felix Hixon,DI,0,0,,0,0,,MIDDLE TN,1,D91,0,0,0,1,1,2027,20,72.4,0,0,,0,0,0,0,18,0,57.7,0,0,0,0,MIDDLE TN,1,0,0,0,,0,0,58,,75.1,0,224,20,0,2,0,0,19,0,1,0,0,0,60
158119,D'Andre Martin,DI,0,0,,0,1,,CHARLOTTE,0,D99,0,0,0,10,1,2026,20,22.2,0,0,60,0,0,1,6,0,0,40.8,0,0,0,0,CHARLOTTE,0,0,0,0,,0,100,49.7,,73.1,0,136,20,0,14,0,0,9,0,0,0,0,0,66.6
158122,Stone Blanton,LB,2,0,2025,0,1,100,MISS STATE,4,D07,41,38,0,7,1,2025,1,70.9,31,2,31.1,4,0,13,0,0,0,85.5,0,0,0,0,MISS STATE,2,0,4,0,30,3,12.5,54.4,15.5,74.3,0,227,42,26,0,0,158.3,22,0,3,0,1,1,46.1
158132,Fisher Camac,ED,1,0,,0,1,100,UNLV,4,D28,0,0,0,27,1,2027,66,52.4,-1,1,47.8,1,0,3,9,0,0,77.4,0,0,0,1,UNLV,3,0,1,0,-1,0,14.3,69.9,-1,79,0,325,66,6,9,0,79.2,36,1,2,0,0,48,62
158140,Tatuo Martinson,DI,0,0,,0,1,,UNLV,2,D98,0,0,0,29,1,2026,66,34.3,0,0,,0,0,0,1,29,0,60.9,0,0,0,0,UNLV,2,0,0,0,,0,33.3,58.9,,79.1,0,325,66,0,36,0,0,37,0,0,0,0,0,54.5
158150,August Johanningsmeier,DI,0,0,,0,0,,W MICHIGAN,1,D88,0,0,0,10,1,2027,14,73.8,0,0,,0,0,0,2,0,0,72.4,0,0,0,0,W MICHIGAN,1,0,0,0,,0,0,75.2,,72.4,0,347,14,0,12,0,0,4,0,2,0,0,0,65
158152,Dillon Moore,LB,0,0,,0,0,,W MICHIGAN,0,D12,6,1,0,0,1,2027,0,,0,0,75.9,0,0,4,0,0,0,60,0,0,0,0,W MICHIGAN,0,0,0,0,,5,,79.4,,70.5,0,347,6,0,0,1,0,2,0,0,0,0,0,
158173,Malachi Finau,DI,0,0,,0,0,,HAWAII,0,D17,0,0,0,14,1,2028,14,,0,0,,2,0,0,0,1,0,,0,0,0,0,HAWAII,0,0,2,0,,0,,65,,72.1,0,180,14,0,13,0,0,0,0,0,0,0,0,64.1
158176,Noah Kema,LB,1,0,,0,0,100,HAWAII,1,D18,7,6,0,0,1,2025,4,73.1,9,1,53.2,0,0,5,0,0,0,65.2,0,0,0,0,HAWAII,0,0,0,0,9,1,0,58,9,71.9,0,180,11,3,0,0,104.2,6,0,0,0,0,4,
158180,Kona Moore,S,0,0,,0,1,,HAWAII,0,D02,7,3,0,0,1,2029,0,27.4,0,0,56.6,0,0,6,0,0,0,60,0,0,0,0,HAWAII,0,0,0,0,,0,100,57.4,,69.6,0,180,7,0,0,0,0,1,0,0,4,0,0,
158187,Jalen Smith,LB,1,0,,0,0,100,HAWAII,1,D03,20,20,0,2,1,2026,2,25.1,20,1,48.2,0,0,15,0,0,0,59.3,0,1,0,0,HAWAII,1,0,1,0,20,0,0,51.4,20,72.9,0,180,22,11,0,0,118.8,5,0,1,0,0,2,66.3
158191,Matagi Thompson,S,2,0,,0,0,100,HAWAII,3,D25,20,8,0,2,1,2028,4,79.5,7,2,61,0,0,18,0,0,0,60,0,0,0,0,HAWAII,1,0,0,0,4,12,0,62.8,3.5,73.8,0,180,24,2,0,0,81.3,4,0,0,0,0,4,66.6
158197,Matthew Bailey,S,3,0,,0,2,100,ILLINOIS,3,D07,54,26,0,1,1,2027,2,39.5,44,3,62,0,0,26,0,0,0,50.4,6,0,0,0,ILLINOIS,1,0,0,0,16,21,33.3,56.2,14.7,74.7,0,187,56,41,0,0,118.8,29,0,1,1,0,2,55.4
158208,Malachi Hood,LB,0,0,,0,0,,ILLINOIS,1,D45,3,3,0,0,1,2027,0,76,0,0,61.4,0,0,1,0,0,0,63.4,0,0,0,0,ILLINOIS,0,0,0,0,,0,0,69.3,,66,0,187,3,0,0,0,0,2,0,1,0,0,0,
158210,Gabe Jacas,ED,0,0,2026,0,0,,ILLINOIS,2,D17,0,0,1,18,1,2026,44,76.6,0,0,51.9,1,0,2,1,0,0,62.1,0,0,0,0,ILLINOIS,1,0,2,0,,0,0,59.3,,79.9,0,187,44,0,0,0,0,24,0,0,0,0,43,63.2
158211,James Kreutz,LB,3,0,,0,1,33.3,ILLINOIS,1,D41,20,19,0,0,1,2027,0,43.1,18,1,39.4,0,0,10,0,0,0,68.2,0,0,0,0,ILLINOIS,0,0,0,0,18,1,25,47.3,18,70.5,0,187,20,15,0,0,54.9,10,0,2,0,0,0,
158215,Christian Lorenzo,DI,0,0,,0,0,,GA STATE,1,D11,0,0,0,13,1,2027,24,71.3,0,0,,1,0,0,6,0,0,51.2,0,0,0,0,GA STATE,1,0,1,0,,0,0,50.1,,73.5,0,175,24,0,15,0,0,11,0,0,0,0,3,54.8
158216,Elijah Mc-Cantos,CB,0,0,,0,0,,APP STATE,1,D13,12,1,0,0,1,2027,0,74.3,0,0,62,0,0,3,0,0,0,64.6,0,0,0,0,APP STATE,0,0,0,0,,11,0,65,,73.8,0,108,12,0,0,0,0,9,0,0,0,0,0,
158225,Tyson Rooks,CB,2,0,,0,0,50,ILLINOIS,1,D19,12,1,0,0,1,2027,0,75.1,1,1,93.4,0,1,5,0,0,0,60.8,1,0,0,0,ILLINOIS,1,0,0,0,1,10,0,93.3,1,71.6,0,187,12,0,0,0,16.7,7,0,0,0,0,0,
158226,Xavier Scott,CB,3,0,,0,0,66.7,ILLINOIS,4,D14,61,4,0,0,1,2027,0,81.4,10,2,75.8,0,0,28,0,0,0,62.2,40,0,0,0,ILLINOIS,1,0,0,0,6,17,0,74.3,5,77.5,0,187,61,3,0,0,71.5,33,0,1,0,0,0,
158235,Stone Combs,LB,0,0,,0,0,,NEVADA,1,D33,5,5,1,0,1,2027,3,76.7,0,0,60,0,0,1,0,0,0,69.8,0,0,0,0,NEVADA,2,0,1,0,,0,0,80.3,,72.5,0,239,8,0,0,0,0,7,0,0,0,0,3,72.4
158241,Jonathan Maldonado,ED,0,0,,0,1,,NEVADA,2,D95,3,0,1,10,1,2027,30,50.9,0,0,65.1,1,0,7,0,0,0,41.1,0,0,0,0,NEVADA,2,0,2,0,,3,20,52.7,,78.7,0,239,33,0,0,0,0,16,0,2,0,0,30,61
158243,KK Meier,CB,2,0,,0,4,100,NEVADA,5,D10,40,6,0,0,1,2027,0,29.8,42,2,38.9,0,0,23,0,0,0,56.2,18,0,2,0,NEVADA,1,1,0,0,30,5,44.4,33.7,21,0,0,239,40,30,0,0,118.8,17,0,0,11,0,0,
158267,Dylan Frazier,DI,0,0,,0,0,,SM HOUSTON,0,D97,0,0,0,2,1,2027,4,,0,0,,0,0,0,1,2,0,58.3,0,0,0,0,SM HOUSTON,0,0,0,0,,0,,49.5,,69.1,0,281,4,0,1,0,0,2,0,0,0,0,0,58
158276,Ahmaad Moses,S,3,0,,0,1,33.3,SMU,2,D03,32,7,0,1,1,2027,1,45.9,0,1,63.8,1,0,22,0,0,0,51.1,0,0,0,0,SMU,2,0,1,0,0,17,25,59.7,0,76.3,0,287,33,2,0,1,42.4,10,0,1,8,0,1,58.3
158282,Isaiah Smith,ED,0,0,2026,0,0,,SMU,2,D58,3,1,0,19,1,2026,28,76.3,0,0,62.6,1,0,4,0,0,0,63,0,0,1,0,SMU,2,0,1,0,,2,0,60.5,,0,0,287,31,0,0,0,0,8,0,1,0,0,28,63.9
158296,Gregory Delaine Jr.,CB,0,0,,0,0,,SYRACUSE,0,D32,12,0,0,0,1,2027,0,,0,0,64.7,0,0,8,0,0,0,60,12,0,0,0,SYRACUSE,0,0,0,0,,0,,65.3,,71.8,0,304,12,0,0,0,0,4,0,0,0,0,0,
158300,Denis Jaquez Jr.,ED,0,0,,0,0,,SYRACUSE,1,D11,0,0,0,6,1,2026,10,73,0,0,,1,0,0,6,0,0,52.7,0,0,0,0,SYRACUSE,1,0,1,0,,0,0,49.5,,72.1,0,304,10,0,0,0,0,4,0,0,0,0,4,56
158302,Josh Kubala,LB,0,0,,0,0,,SYRACUSE,0,D49,7,7,1,3,1,2027,0,73.6,0,0,60,1,0,1,0,0,0,67,0,0,0,0,SYRACUSE,1,0,2,0,,0,,78.8,,70.4,0,304,7,0,0,0,0,3,0,0,0,0,0,69
158303,Mekhi Mason,S,0,0,,0,1,,LA TECH,3,D09,55,16,0,2,1,2027,7,60.2,0,0,60.8,0,0,17,0,0,0,72.8,0,0,0,0,LA TECH,2,0,0,0,,39,14.3,66.5,,80.4,0,208,62,0,0,0,0,43,0,3,0,0,7,57.2
158305,Cornell Perry,S,0,0,,0,0,,SYRACUSE,1,D20,7,3,0,0,1,2027,0,74.3,0,0,65.6,0,0,5,0,0,0,60,0,0,0,0,SYRACUSE,0,0,0,0,,0,0,65.3,,70.4,0,304,7,0,0,0,0,2,0,0,4,0,0,
158310,Jerry Wilson,CB,5,0,2026,0,1,40,HOUSTON,1,D20,48,0,0,0,1,2026,0,43.3,5,2,77.3,0,0,31,0,0,0,62.9,47,0,0,0,HOUSTON,1,0,0,0,6,1,50,77.1,2.5,76.2,0,182,48,1,0,1,47.9,17,1,0,0,0,0,
158314,Nate Burrell,DI,0,0,,0,0,,CAL,0,D98,0,0,0,12,1,2027,24,71.3,0,0,,1,0,0,10,0,0,68.1,0,0,0,0,CAL,0,0,1,0,,0,0,66.4,,75.3,0,130,24,0,0,0,0,12,0,1,0,0,14,59.2
158316,Jeremiah Earby,CB,3,0,,0,0,0,BOISE ST,0,D06,40,6,0,0,1,2026,0,,0,0,77,0,0,22,0,0,0,48.8,32,0,0,0,BOISE ST,0,0,0,0,,0,,72.4,,75.9,0,120,40,0,0,1,39.6,18,0,0,2,0,0,
158329,Cam Sidney,S,5,0,,0,0,40,CAL,2,D20,32,10,0,1,1,2027,0,79.7,12,2,68.3,0,0,19,0,0,0,67,0,0,0,0,CAL,0,0,0,0,6,22,0,69.5,6,74.6,0,130,32,12,0,0,47.9,12,0,2,0,0,0,59.6
158332,Curlee Thomas IV,DI,0,0,,0,0,,CAL,0,D51,0,0,0,1,1,2027,1,,0,0,,0,0,0,0,0,0,,0,0,0,0,CAL,0,0,0,0,,0,,59.3,,65.2,0,130,1,0,0,0,0,0,0,0,0,0,1,58.8
158333,Moso'oipala Tuitele,ED,0,0,,0,0,,NEW MEXICO,2,D89,3,3,0,17,1,2027,43,75.5,0,0,60,0,0,1,7,0,0,58.2,0,0,0,0,NEW MEXICO,1,0,0,0,,0,0,56,,77.7,0,241,46,0,4,0,0,28,0,1,0,0,32,53.3
158340,Latrell Bullard,DI,0,0,,0,0,,GA SOUTHRN,2,D57,0,0,0,23,1,2027,45,72.2,0,0,,1,0,0,0,5,0,74.2,0,1,0,0,GA SOUTHRN,2,0,2,0,,0,0,84.3,,76.2,0,174,45,0,39,0,0,22,0,0,0,0,1,83.7
158344,Da'Shawn Davis,ED,0,0,,0,0,,GA SOUTHRN,2,D90,0,0,0,8,1,2027,14,74.3,0,0,60.4,0,0,0,1,0,0,52.2,0,0,0,0,GA SOUTHRN,0,0,0,0,,0,0,59.4,,74.1,0,174,14,0,3,0,0,6,0,0,0,0,10,64.8
158346,Elhadj Fall,DI,0,0,,0,0,,GA SOUTHRN,3,D94,0,0,0,16,1,2027,38,72.3,0,0,,0,0,0,2,1,0,63.7,0,0,0,0,GA SOUTHRN,2,0,0,0,,0,0,61.7,,75.6,0,174,38,0,33,0,0,22,2,0,0,0,2,55.9
158349,Jacob Hammonds,LB,0,0,,0,0,,GA SOUTHRN,0,D10,0,0,0,2,1,2027,2,,0,0,,0,0,0,0,0,0,,0,0,0,0,GA SOUTHRN,0,0,0,0,,0,,57.5,,68.1,0,174,2,0,0,0,0,0,0,0,0,0,2,57.4
158350,Tracy Hill Jr.,CB,1,0,,0,0,100,GA SOUTHRN,1,D12,47,0,0,0,1,2027,0,74.2,4,1,67.5,0,0,19,0,0,0,66.6,47,0,0,0,GA SOUTHRN,0,0,0,0,4,0,0,68.6,4,75.7,0,174,47,4,0,0,83.3,28,0,0,0,0,0,
158364,Marc Stampley II,S,5,0,,1,2,80,GA SOUTHRN,3,D00,67,0,1,1,1,2026,0,39.3,40,4,54.5,0,0,31,0,0,0,53.4,66,0,0,0,GA SOUTHRN,2,0,1,0,14,1,33.3,56.4,10,77.8,0,174,67,2,0,0,139.6,35,0,1,0,1,0,76
158366,MJ Stroud,ED,0,0,,0,2,,GA SOUTHRN,2,D18,1,0,0,18,1,2027,44,28.9,0,0,61.4,1,0,2,0,0,0,58.2,0,0,0,0,GA SOUTHRN,1,0,1,0,,1,40,59.6,,80,0,174,45,0,2,0,0,25,0,1,0,0,42,59
158397,Malik Spencer,S,3,0,2026,0,0,100,MICH STATE,8,D43,50,26,0,1,1,2026,3,86.4,60,3,65.5,0,0,23,0,0,0,74.4,1,0,0,0,MICH STATE,3,0,0,0,23,5,0,70.7,20,78.5,0,223,53,19,0,0,158.3,29,0,3,17,1,3,58.9
158400,Alex VanSumeren,DI,0,0,,0,0,,MICH STATE,1,D91,0,0,0,6,1,2027,27,69.7,0,0,,0,0,0,0,4,0,48.9,0,0,0,0,MICH STATE,0,0,0,0,,0,0,49,,74.3,0,223,27,0,23,0,0,21,0,0,0,0,0,57.7
158403,Ade Willie,CB,1,0,,0,0,100,MICH STATE,1,D06,7,4,0,1,1,2027,0,73.5,2,1,71.8,0,0,2,0,0,0,60.9,3,0,0,0,MICH STATE,1,0,0,0,2,0,0,74.8,2,67.1,0,223,7,6,0,0,79.2,4,0,0,0,0,0,60
158404,Zion Young,ED,0,0,2026,0,0,,MISSOURI,1,D09,0,0,0,19,1,2026,42,75.2,0,0,61.2,0,0,0,0,0,0,60.5,0,0,0,0,MISSOURI,1,0,0,0,,0,0,63.5,,77.7,0,229,42,0,0,0,0,23,1,2,0,0,42,56.6
158415,Kameron Hamilton,DI,0,0,,0,0,,TULANE,3,D70,1,1,0,38,1,2027,53,74.5,0,0,,1,0,0,23,3,0,75.1,0,0,0,0,TULANE,3,0,1,0,,0,0,71.1,,76.5,0,319,54,0,23,0,0,16,1,0,0,0,4,61.7
158416,Gerrod Henderson,ED,0,0,,0,0,,TULANE,2,D92,0,0,0,34,1,2027,46,73.6,0,0,60,0,0,0,22,0,0,63,0,0,0,0,TULANE,0,0,0,0,,0,0,60.9,,76.6,0,319,46,0,1,0,0,12,0,0,0,0,23,57.8
158423,Parker Petersen,DI,0,0,2026,0,0,,TULANE,1,D98,0,0,0,20,1,2026,28,70.1,0,0,,0,0,0,0,25,0,66.9,0,0,0,0,TULANE,1,0,0,0,,0,0,69,,76.8,0,319,28,0,3,0,0,8,0,0,0,0,0,64.8
158424,Rayshawn Pleasant,CB,5,0,,0,1,40,TULANE,3,D05,64,1,0,1,1,2028,0,48.4,17,2,62.3,0,0,46,0,0,0,47.2,61,0,0,0,TULANE,1,0,0,0,12,2,25,59.7,8.5,77.4,0,319,64,0,0,0,49.6,17,0,0,0,0,0,58.3
158427,Kentrell Webb,S,2,0,,0,3,50,HOUSTON,3,D08,63,24,0,0,1,2027,0,24.1,7,1,67.3,0,0,40,0,0,0,41.8,1,0,0,0,HOUSTON,1,0,0,0,7,3,50,60.1,7,77.2,0,182,63,7,0,1,58.3,23,0,0,35,0,0,
158432,TJ Bullard,CB,0,0,,0,0,,UCF,0,D16,1,0,0,1,1,2027,1,,0,0,,0,0,0,0,0,0,60,0,0,0,0,UCF,0,0,0,0,,0,,60.2,,63.3,0,323,2,0,0,0,0,1,0,0,0,0,1,60
158439,Ja'Cari Henderson,CB,3,0,,0,1,100,UCF,1,D01,31,4,0,0,1,2027,1,47,37,3,50.5,0,0,15,0,0,0,65.6,26,0,0,0,UCF,0,0,0,0,19,0,25,53.4,12.3,73.8,0,323,32,6,0,0,118.1,17,0,2,0,0,1,
158447,Nikai Martinez,S,0,0,,0,0,,MICH STATE,3,D01,50,26,0,0,1,2027,1,81.3,0,0,68.5,0,0,23,0,0,0,71.7,0,0,0,0,MICH STATE,1,0,0,0,,11,0,71.1,,76.5,0,223,51,0,0,0,0,28,1,1,12,0,1,
158470,Devan Thompkins,DI,0,0,,0,0,,USC,5,D98,0,0,0,31,1,2027,52,77.1,0,0,60.1,3,0,3,18,1,0,65.6,0,0,0,0,USC,2,0,3,0,,0,0,64.7,,76.1,0,326,52,0,31,0,0,18,0,2,0,0,2,60.8
158473,Lander Barton,LB,0,0,2026,0,4,,UTAH,9,D08,46,42,0,5,1,2026,18,27.7,0,0,48,1,0,14,0,0,0,68.5,0,0,0,0,UTAH,7,0,1,0,,4,30.8,60.3,,79.5,0,328,64,0,0,0,0,45,1,0,0,0,18,56.1
158479,Elijah Davis,CB,4,0,,0,0,50,UTAH,1,D09,35,2,0,0,1,2027,0,74.2,21,2,74.7,0,0,10,0,0,0,63.9,28,0,0,0,UTAH,1,0,0,0,21,5,0,73.6,10.5,75.4,0,328,35,5,0,1,105.2,25,0,0,0,1,0,
158482,Tevita Fotu,DI,0,0,,0,0,,UTAH,3,D99,0,0,0,13,1,2026,51,74.6,0,0,,2,0,0,0,4,0,58.4,0,0,1,0,UTAH,2,0,2,0,,0,0,55.2,,0,0,328,51,0,47,0,0,38,0,1,0,0,0,60.8
158490,Tao Johnson,S,0,0,,0,2,,UTAH,3,D15,65,16,0,0,1,2028,1,48,0,0,73.2,0,0,19,0,0,0,57.8,0,0,0,0,UTAH,1,0,0,0,,2,25,66.8,,77.1,0,328,66,0,0,0,0,47,0,3,47,0,1,
158491,Chase Kennedy,ED,0,0,,0,2,,ARIZONA,4,D11,38,37,1,16,1,2027,18,38,0,0,77.7,0,0,11,0,0,0,37,0,0,2,0,ARIZONA,4,1,1,0,,0,28.6,45.7,,0,0,109,56,0,0,0,0,29,0,1,0,0,18,57.5
158514,Bryson Lamb,DI,0,0,,0,0,,WASH STATE,1,D99,0,0,0,18,1,2027,27,72.2,0,0,60,1,0,0,0,0,0,68.5,0,0,0,0,WASH STATE,1,0,1,0,,0,0,73.2,,74.2,0,341,27,0,26,0,0,9,0,1,0,0,1,68.4
158525,Leyton Smithson,S,1,0,,0,0,100,WASH STATE,0,D10,1,0,0,0,1,2026,0,,21,1,60,0,0,1,0,0,0,,0,0,0,0,WASH STATE,0,0,0,0,21,0,,62.8,21,60,0,341,1,26,0,0,118.8,0,0,0,0,0,0,
158535,Mason Graham,DI,0,0,2025,0,1,,MICHIGAN,1,D55,1,1,0,26,1,2025,51,45.2,0,0,,3,0,0,15,0,0,80.4,0,0,0,0,MICHIGAN,1,0,3,0,,0,25,76.9,,76.6,0,222,52,0,27,0,0,26,1,2,0,0,9,62.6
158543,Derrick Moore,ED,0,0,2026,0,0,,MICHIGAN,2,D08,0,0,0,16,1,2026,37,75.7,0,0,60.4,5,0,2,0,0,0,65.7,0,1,0,0,MICHIGAN,1,0,6,0,,0,0,80.8,,79.4,0,222,37,0,1,0,0,19,0,0,0,0,36,86.6
158551,Devyn Bobby,S,3,0,2026,0,4,100,BAYLOR,5,D03,74,14,0,0,1,2026,0,29.9,76,3,45.7,0,0,47,0,0,0,63.2,0,0,1,0,BAYLOR,2,0,0,0,56,3,40,49.6,25.3,79,0,118,74,43,0,0,118.8,27,0,1,57,0,0,
158552,Reggie Bush II,CB,0,0,,0,0,,BAYLOR,1,D22,26,1,0,1,1,2027,0,74.2,0,0,66.6,0,0,16,0,0,0,64.6,24,0,0,0,BAYLOR,1,0,0,0,,1,0,67.3,,73.9,0,118,26,0,0,0,0,9,0,0,0,0,0,60
158557,Corey Gordon,S,3,0,,0,1,66.7,BAYLOR,3,D24,45,13,0,0,1,2027,0,65.3,42,2,46.5,0,0,33,0,0,0,69.2,0,0,0,0,BAYLOR,2,0,0,0,26,9,20,50.9,21,75.7,0,118,45,21,0,0,109.7,12,0,1,23,0,0,
158561,Kyler Jordan,ED,0,0,,0,1,,BAYLOR,0,D40,3,0,0,10,1,2027,24,19.3,0,0,51.3,0,0,5,0,0,0,37.9,0,0,0,0,BAYLOR,0,0,0,0,,3,100,39,,78.8,0,118,27,0,0,0,0,12,0,0,0,0,24,55.4
158563,Jackie Marshall,DI,0,0,2026,0,1,,BAYLOR,1,D00,0,0,0,38,1,2026,56,27.6,0,0,,2,0,0,22,1,0,76.2,0,0,0,0,BAYLOR,1,0,2,0,,0,33.3,74.5,,77.8,0,118,56,0,16,0,0,18,0,1,0,0,17,65.7
158569,Kaian Roberts-Day,DI,0,0,,0,0,,BAYLOR,0,D50,1,1,0,12,1,2027,15,,0,0,,0,0,0,1,8,0,47.3,0,0,0,0,BAYLOR,0,0,0,0,,0,,44.7,,73.8,0,118,16,0,6,0,0,4,0,0,0,0,0,54.6
158573,Devonte Tezino,DI,0,0,,0,1,,BAYLOR,2,D59,0,0,0,13,1,2027,25,26.4,0,0,,0,0,0,4,0,0,68.8,0,0,0,0,BAYLOR,2,0,0,0,,0,33.3,65.2,,73.8,0,118,25,0,21,0,0,12,0,0,0,0,0,55.4
158577,Ed Conoran,S,0,0,,0,0,,C MICHIGAN,2,D07,9,6,0,0,1,2027,0,78.9,0,0,,0,0,0,0,0,0,78.2,0,0,0,0,C MICHIGAN,2,0,0,0,,0,0,76.3,,70.4,0,134,9,0,0,0,0,9,0,0,3,0,0,
158593,Kade Kostus,ED,0,0,,0,0,,C MICHIGAN,0,D44,0,0,0,21,1,2027,42,,0,0,60,0,0,1,0,0,0,62.1,0,0,0,0,C MICHIGAN,0,0,0,0,,0,,57.1,,77.3,0,134,42,0,0,0,0,20,0,0,0,0,42,52.4
158594,Kyle Krebs,CB,0,0,,0,0,,C MICHIGAN,0,D23,5,0,0,0,1,2027,0,,0,0,,0,0,0,0,0,0,60,5,0,0,0,C MICHIGAN,0,0,0,0,,0,,60.3,,68.9,0,134,5,0,0,0,0,5,0,0,0,0,0,
158595,Jordan Kwiatkowski,LB,2,0,,0,1,50,C MICHIGAN,2,D12,32,32,0,4,1,2026,1,42.6,41,1,41,0,0,14,0,0,0,76.9,0,0,0,0,C MICHIGAN,1,0,0,0,41,0,25,61.1,41,73.4,0,134,33,40,0,0,95.8,15,1,1,0,0,1,72.5
158608,Donovan Branch,ED,0,0,,0,0,,UCONN,2,D58,13,11,0,14,1,2026,23,75.3,0,0,69.6,1,0,10,0,0,0,61.2,0,0,0,0,UCONN,2,0,1,0,,1,0,65.3,,79,0,146,36,0,0,0,0,12,1,0,1,0,23,57.1
158609,D'Mon Brinson,S,3,0,,0,0,66.7,UCONN,2,D03,62,15,0,0,1,2027,1,80.2,5,2,72.4,0,0,35,0,0,0,57,0,0,0,0,UCONN,1,0,0,0,7,32,0,69.2,2.5,77.4,0,146,63,3,0,0,70.1,28,1,2,15,0,1,
158614,Thaddeus Dixon,CB,4,0,2026,0,0,25,WASHINGTON,4,D09,72,7,0,0,1,2026,0,80.6,2,1,86.3,0,0,20,0,0,0,70.1,63,0,0,0,WASHINGTON,2,0,0,0,2,2,0,84,2,77.2,0,340,72,6,0,1,39.6,52,0,1,0,0,0,
158640,Bryce Anderson,S,2,0,,0,0,50,TEXAS A&M,3,D01,39,14,0,3,1,2027,3,82.7,33,1,51.1,0,0,28,0,0,0,68.1,0,0,0,0,TEXAS A&M,1,0,0,0,33,0,0,57,33,76.7,0,312,42,2,0,0,95.8,11,0,1,24,0,3,65.7
158651,Denver Harris,CB,3,0,,0,0,0,UTSA,0,D21,54,6,0,0,1,2028,0,74.2,0,0,71,0,0,37,0,0,0,62.8,48,0,1,0,UTSA,0,0,0,0,,0,0,71.1,,76.4,0,331,54,0,0,1,39.6,17,0,1,0,0,0,
158666,Walter Nolen,DI,0,0,2025,0,0,,OLE MISS,2,D02,0,0,0,18,1,2025,35,75.6,0,0,,1,0,0,7,0,0,74.2,0,0,0,0,OLE MISS,1,0,1,0,,0,0,69.7,,74.9,0,226,35,0,25,0,0,17,0,1,0,0,3,55.5
158667,LT Overton,ED,0,0,2026,0,0,,ALABAMA,2,D22,1,1,0,12,1,2026,20,73.7,0,0,,1,0,0,8,0,0,61.4,0,0,1,0,ALABAMA,2,0,1,0,,0,0,61.5,,74.4,0,103,21,0,1,0,0,9,0,0,0,0,11,59.8
158675,Shemar Stewart,ED,0,0,2025,0,0,,TEXAS A&M,0,D04,1,0,0,37,1,2025,52,73.8,0,0,,3,0,0,7,0,0,68.9,0,0,0,0,TEXAS A&M,0,0,3,0,,0,,62.1,,81,0,312,53,0,1,0,0,16,0,0,0,0,44,55.7
158676,Malick Sylla,ED,0,0,,0,0,,TEXAS A&M,0,D92,0,0,0,0,1,2026,1,,0,0,,0,0,0,0,0,0,60,0,0,0,0,TEXAS A&M,0,0,0,0,,0,,60.1,,65.6,0,312,1,0,0,0,0,1,0,0,0,0,1,
158689,Austin Brown,S,4,0,2026,0,0,75,WISCONSIN,7,D09,43,23,0,1,1,2026,2,83,40,3,58.5,0,0,21,0,0,0,57.8,3,0,0,0,WISCONSIN,2,0,0,0,16,16,0,58.1,13.3,74.3,0,349,45,17,0,0,106.3,23,0,1,1,0,2,60
158699,Gabe Kirschke,ED,0,0,,0,0,,COLO STATE,2,D58,0,0,0,30,1,2027,53,74.9,0,0,,1,0,0,8,0,0,67.4,0,0,0,0,COLO STATE,2,0,1,0,,0,0,63.6,,77.5,0,144,53,0,4,0,0,23,0,1,0,0,41,56.7
158706,Curt Neal,DI,0,0,,0,0,,WISCONSIN,4,D92,0,0,0,22,1,2028,45,49.4,0,0,52.1,0,0,0,1,10,0,48.1,0,0,0,0,WISCONSIN,3,0,0,0,,0,0,38.2,,76.3,0,349,45,0,34,0,0,23,0,0,0,0,0,55.2
158711,Aidan Vaughan,LB,1,0,,0,0,100,LIBERTY,1,D33,7,7,0,0,1,2027,1,74.3,1,1,60.5,0,0,2,0,0,0,64.9,0,0,0,0,LIBERTY,0,0,0,0,1,0,0,66.3,1,68,0,206,8,3,0,0,79.2,6,0,0,0,0,1,
158719,Tacario Davis,CB,0,0,2026,0,0,,ARIZONA,2,D01,63,3,0,0,1,2026,3,78.3,0,0,71.9,0,0,31,0,0,0,62,59,0,0,0,ARIZONA,2,0,0,0,,0,0,70.9,,78,0,109,66,0,0,0,0,35,0,1,1,0,3,
158731,Sterling Lane II,ED,0,0,,0,0,,ARIZONA,0,D08,3,2,0,3,1,2027,4,,0,0,,1,0,0,0,0,0,47.6,0,0,1,0,ARIZONA,0,0,1,0,,0,,30.9,,0,0,109,7,0,1,0,0,4,0,0,0,0,3,66.7
158734,Tyler Martin,LB,0,0,,0,0,,UMASS,2,D05,15,15,0,1,1,2027,0,76.3,0,0,61,0,0,3,0,0,0,78.9,0,0,0,0,UMASS,2,0,0,0,,0,0,77.4,,71.9,0,216,15,0,0,0,0,11,1,0,0,0,0,60
158740,Ephesians Prysock,CB,5,0,2026,0,1,60,WASHINGTON,3,D07,66,3,0,0,1,2026,2,63.9,31,3,48,0,0,18,0,0,0,61.5,62,0,1,0,WASHINGTON,0,0,0,0,16,0,20,51.2,10.3,77.7,0,340,68,17,0,1,77.9,50,0,1,1,0,2,
158742,Jonah Savaiinaea,T,0,0,2025,0,0,,ARIZONA,0,71,1,0,0,0,1,2025,0,,0,0,,0,0,0,0,0,0,60,0,0,0,0,ARIZONA,0,0,0,0,,0,,60.2,,60,0,109,1,0,0,0,0,1,0,0,0,0,0,
158748,Ta'ita'i Uiagalelei,DI,0,0,,0,0,,ARIZONA,4,D46,1,0,0,26,1,2027,55,77.2,0,0,61.2,0,0,0,16,0,0,62,0,1,0,0,ARIZONA,3,0,1,0,,0,0,62.9,,78.3,0,109,56,0,12,0,0,30,1,1,0,0,27,55.3
158749,Isaiah Ward,ED,0,0,,0,0,,WASHINGTON,2,D91,1,1,0,11,1,2027,19,74.7,0,0,61.1,0,0,1,0,0,0,31.5,0,0,0,0,WASHINGTON,1,0,0,0,,0,0,40.3,,77.1,0,340,20,0,0,0,0,8,0,0,0,0,19,59.5
158751,Jermaine Wiggins Jr.,ED,0,0,,0,0,,UMASS,0,D97,0,0,0,0,1,2027,3,,0,0,,0,0,0,0,0,0,60,0,0,0,0,UMASS,0,0,0,0,,0,,49.1,,69.8,0,216,3,0,0,0,0,3,0,0,0,0,3,
158754,Kofi Asare,ED,0,0,,0,0,,UMASS,2,D94,0,0,1,8,1,2027,23,76.2,0,0,,1,0,0,5,0,0,55.5,0,0,0,0,UMASS,3,0,2,0,,0,0,64.2,,75.4,0,216,23,0,0,0,0,15,1,1,0,0,18,72.8
158766,Jeremiah McGill,S,1,0,,0,0,0,UMASS,2,D06,22,5,0,1,1,2027,0,80.2,0,0,65.4,0,0,8,0,0,0,68.1,2,1,0,0,UMASS,0,0,1,0,,2,0,68.7,,74.4,0,216,22,0,0,0,39.6,13,0,1,12,0,0,60
158770,Jalen Stewart,LB,0,0,,0,0,,UMASS,3,D23,41,40,0,0,1,2026,0,79.9,0,0,62.5,0,0,8,0,0,0,62,0,0,0,0,UMASS,1,0,0,0,,0,0,63.2,,76.4,0,216,41,0,0,0,0,33,0,2,0,0,0,
158780,Eric Butler,S,1,0,2026,0,0,100,S DIEGO ST,1,D06,38,9,0,0,1,2026,0,77.1,34,1,45.3,0,0,22,0,0,0,55.4,0,0,0,0,S DIEGO ST,1,0,0,0,34,7,0,46.7,34,76.8,0,284,38,10,0,0,158.3,16,0,1,22,1,0,
158790,Ryan Henderson,ED,0,0,,0,0,,S DIEGO ST,0,D96,1,1,0,15,1,2027,24,73,0,0,62.9,1,0,3,0,0,0,60.4,0,0,0,0,S DIEGO ST,0,0,1,0,,0,0,67.5,,77.7,0,284,25,0,0,0,0,7,0,1,0,0,24,66.7
158791,Josh Hunter,CB,2,0,,0,0,100,S DIEGO ST,1,D24,12,0,1,2,1,2028,2,76.3,19,2,57.3,0,0,10,0,0,0,64.9,0,0,0,0,S DIEGO ST,2,0,1,0,19,12,0,65.3,9.5,75.7,0,284,14,9,0,0,106.3,2,1,0,0,0,2,72.4
158794,Chris Johnson,CB,8,0,2026,0,0,87.5,S DIEGO ST,7,D01,69,2,0,0,1,2026,0,81.7,93,7,55.6,0,0,38,0,0,0,69,60,0,0,0,S DIEGO ST,1,0,0,0,33,5,0,58.2,13.3,77.6,0,284,69,24,0,1,115.1,31,0,0,2,0,0,
158810,Trey White,ED,1,0,,0,2,100,S DIEGO ST,2,D47,0,0,1,32,1,2027,71,44.1,1,1,71.2,3,0,7,0,0,0,66.8,0,0,1,0,S DIEGO ST,3,1,4,0,1,0,40,63.4,1,6,0,284,71,2,0,0,79.2,32,0,1,0,0,71,57.4
158814,Camron Cooper,ED,0,0,,1,0,,UTSA,2,D23,0,0,1,6,1,2028,10,77,0,0,,1,0,0,0,0,0,75.3,0,0,0,0,UTSA,3,0,2,0,,0,0,87.9,,74.3,0,331,10,0,0,0,0,4,0,0,0,0,10,76.6
158815,Chace Davis,ED,0,0,,0,1,,BOWL GREEN,1,D16,1,1,0,20,1,2026,23,29.4,0,0,61,4,0,1,1,0,0,59.6,0,0,0,0,BOWL GREEN,0,0,4,0,,0,50,76.6,,76.8,0,122,24,0,1,0,0,3,0,0,0,0,21,76.5
158826,Owen Pewee,S,6,0,,0,2,83.3,UTSA,4,D09,43,2,0,4,1,2027,11,40,42,5,64,1,0,33,0,0,0,61.2,0,0,0,0,UTSA,4,0,1,0,22,41,33.3,65,8.4,81.9,0,331,54,9,0,0,95.8,17,1,0,0,0,11,65.9
158982,Ormanie Arnold,CB,2,0,,0,0,50,CINCINNATI,1,D08,29,0,0,0,1,2027,0,73.5,34,1,47.6,0,0,14,0,0,0,62.1,29,0,2,0,CINCINNATI,0,1,0,0,34,0,0,49.2,34,74.4,0,138,29,0,0,0,95.8,15,0,0,0,0,0,
159385,Bilhal Kone,CB,2,0,2025,0,1,50,W MICHIGAN,1,D01,28,7,0,0,1,2025,1,43.3,11,1,60.4,0,0,17,0,0,0,39.7,20,0,0,0,W MICHIGAN,0,0,0,0,11,1,50,56,11,73.5,0,347,29,0,0,0,66.7,12,0,0,0,0,1,68.8
159396,Antoineo Harris Jr.,ED,0,0,,0,0,,NEW MEXICO,3,D55,0,0,0,13,1,2026,29,75.2,0,0,,1,0,0,10,0,0,74.4,0,0,0,0,NEW MEXICO,3,0,1,0,,0,0,68.6,,75.1,0,241,29,0,3,0,0,16,1,0,0,0,16,53.8
159429,Dalesean Staley,S,1,0,,0,1,100,S DIEGO ST,3,D09,47,21,0,1,1,2028,2,47.4,26,1,39.8,0,0,20,0,0,0,60.5,1,0,1,0,S DIEGO ST,1,0,0,0,26,19,25,45.5,26,76.7,0,284,49,3,0,0,158.3,28,0,0,6,1,2,60
159431,Jahsiah Galvan,LB,0,0,,0,0,,STANFORD,1,D43,11,11,0,5,1,2027,4,72.2,0,0,60.8,1,0,3,0,0,0,51.5,0,0,0,0,STANFORD,1,0,1,0,,0,0,57,,74.5,0,300,15,0,0,0,0,7,0,0,0,0,4,64.5
159486,Aakeem Snell,CB,0,0,,0,0,,C MICHIGAN,0,D08,10,8,0,0,1,2026,0,,0,0,,0,0,0,0,0,0,61.1,0,0,0,0,C MICHIGAN,0,0,0,0,,0,,61.3,,68.6,0,134,10,0,0,0,0,10,0,0,2,0,0,
159586,Ezekiel Blake,CB,0,0,,0,0,,TOLEDO,0,D06,10,1,0,0,1,2025,0,,0,0,61.3,0,0,2,0,0,0,60.2,8,0,0,0,TOLEDO,0,0,0,0,,1,,62.7,,71.1,0,316,10,0,0,0,0,8,0,0,0,0,0,
159623,Christian Fuhrman,LB,6,0,,0,1,100,N ILLINOIS,2,D44,54,47,0,6,1,2026,2,54.5,74,6,29.8,0,0,20,0,0,0,61.1,0,1,0,0,N ILLINOIS,0,0,1,0,20,7,16.7,42.5,12.3,73.5,0,254,56,51,0,0,118.1,30,0,3,0,0,2,61.4
159665,Bryce Phillips,CB,5,0,2026,0,0,40,S DIEGO ST,4,D00,57,5,1,0,1,2026,0,80.7,21,2,61.5,0,0,33,0,0,0,67.7,52,0,1,0,S DIEGO ST,1,0,1,0,15,0,0,66.2,10.5,75.8,0,284,57,6,0,1,52.9,24,0,0,0,0,0,78.2
159892,Jason Chambers,CB,3,0,,0,1,66.7,APP STATE,5,D06,58,1,0,0,1,2027,0,57.3,53,2,54.1,0,0,32,0,0,0,66.5,57,0,0,0,APP STATE,0,0,0,0,29,0,16.7,56.2,26.5,76.9,0,108,58,7,0,0,109.7,26,0,0,0,0,0,
159893,Kendrick DuJour,ED,0,0,,0,0,,SM HOUSTON,1,D33,0,0,0,5,1,2027,16,74.7,0,0,60,1,0,1,0,0,0,53.4,0,0,1,0,SM HOUSTON,0,0,1,0,,0,0,48,,0,0,281,16,0,1,0,0,10,0,1,0,0,15,64.5
159913,Jam Jackson,CB,3,0,,0,1,33.3,VIRGINIA,1,D09,55,9,0,0,1,2027,1,37.7,31,1,57.1,0,0,27,0,0,0,54.4,46,0,0,0,VIRGINIA,0,0,0,0,31,0,33.3,56.1,31,75.6,0,335,56,0,0,0,112.5,29,0,1,0,1,1,
160124,Ian Conerly-Goodly,S,2,0,,0,2,50,TROY,4,D39,45,25,0,0,1,2026,0,48.6,11,1,49.8,0,0,23,0,0,0,76.6,0,0,0,0,TROY,1,0,0,0,11,2,25,59.6,11,75.3,0,318,45,12,0,1,66.7,22,0,2,18,0,0,
160252,Rod Daniels,ED,0,0,,0,0,,LIBERTY,0,D18,0,0,0,1,1,2026,3,,0,0,,0,0,0,0,0,0,59,0,0,0,0,LIBERTY,0,0,0,0,,0,,55.6,,67.5,0,206,3,0,3,0,0,2,0,0,0,0,0,60
160296,Sincere Jackson,LB,0,0,,0,1,,SM HOUSTON,2,D08,25,25,0,11,1,2026,25,64.9,0,0,62.2,1,0,8,0,0,0,64.1,0,1,0,0,SM HOUSTON,2,0,2,0,,0,16.7,62.1,,76.8,0,281,50,0,0,0,0,31,0,3,0,0,25,54.5
160310,Justin Kirkland,DI,0,0,,0,0,,OKLA STATE,1,D97,0,0,0,12,1,2027,25,72.2,0,0,,0,0,0,0,4,0,58,0,0,0,0,OKLA STATE,1,0,0,0,,0,0,56.5,,74.4,0,262,25,0,21,0,0,13,0,1,0,0,0,56.1
160319,Anton Juncaj,ED,0,0,,0,0,,ARKANSAS,1,D04,4,1,0,15,1,2025,26,73.6,0,0,62.3,2,0,3,8,0,0,64.3,0,2,0,0,ARKANSAS,1,0,4,0,,3,0,70.6,,76.1,0,111,30,0,0,0,0,12,0,1,0,0,18,69.7
160380,Donelius Johnson,LB,1,0,,0,0,100,KENNESAW,6,D48,50,50,0,5,1,2027,1,60.7,11,1,48.4,0,0,26,0,0,0,62.3,0,0,0,0,KENNESAW,0,0,0,0,11,0,0,54.1,11,75.7,0,200,51,0,0,0,112.5,20,0,1,0,0,1,64.6
160381,Milon Jones,S,2,0,,0,0,50,KENNESAW,2,D29,54,26,0,1,1,2026,1,82.9,-2,1,67.3,0,0,28,0,0,0,67.3,0,0,0,0,KENNESAW,1,0,0,0,-2,12,0,68,-2,77.4,0,200,55,0,0,0,56.3,26,1,2,16,0,1,59
160387,Ugonna Nwoha,DI,0,0,,0,0,,KENNESAW,2,D90,0,0,0,9,1,2027,20,74.8,0,0,,0,0,0,11,1,0,61.4,0,0,0,0,KENNESAW,1,0,0,0,,0,0,63.7,,73.6,0,200,20,0,8,0,0,11,0,1,0,0,0,63.7
160392,RJ Taylor,ED,0,0,,0,0,,KENNESAW,0,D98,0,0,0,2,1,2027,2,,0,0,,0,0,0,0,0,0,,0,0,0,0,KENNESAW,0,0,0,0,,0,,59.7,,68.5,0,200,2,0,0,0,0,0,0,0,0,0,2,59.5
160395,Jayven Williams,CB,6,0,,0,1,66.7,KENNESAW,2,D15,39,0,0,2,1,2027,0,59.8,37,4,54.4,1,0,23,0,0,0,61.3,20,0,0,1,KENNESAW,0,0,1,0,15,17,25,57.9,9.3,76.8,0,200,39,6,0,0,122.9,14,0,1,2,1,0,72.2
160766,Travis Hunter,CB,6,0,2025,0,2,33.3,COLORADO,2,12,64,8,0,0,1,2025,0,35.8,9,2,80.6,0,0,37,0,0,0,66.3,48,0,0,0,COLORADO,0,0,0,0,8,8,50,79.4,4.5,76.5,0,143,64,10,0,2,42.4,27,0,0,0,0,0,
161375,Syeed Gibbs,CB,0,0,,0,0,,GA TECH,1,D16,8,0,0,1,1,2027,3,74.8,0,0,62,0,0,5,0,0,0,60.3,0,0,0,0,GA TECH,1,0,0,0,,8,0,61.6,,75.8,0,176,11,0,0,0,0,5,1,0,0,0,3,59.2
161406,Caleb Flagg,S,0,0,,0,0,,MISSOURI,0,D36,2,1,0,0,1,2027,0,76.4,0,0,60,0,0,1,0,0,0,60,0,0,0,0,MISSOURI,0,0,0,0,,0,0,63.7,,64.5,0,229,2,0,0,0,0,1,0,1,1,0,0,
161580,Tyler Hallum,CB,9,0,,0,0,33.3,KENNESAW,5,D20,72,6,0,0,1,2027,0,80.9,36,3,65.3,0,1,43,0,0,0,71.1,64,0,0,0,KENNESAW,1,0,0,0,17,0,0,67.2,12,77.2,0,200,72,1,0,1,44,29,0,0,2,1,0,
162115,Jamel Johnson,CB,8,0,,0,0,37.5,TEMPLE,1,D20,58,3,0,0,1,2027,0,74.2,70,3,53,0,0,31,0,0,0,68.9,55,0,0,0,TEMPLE,0,0,0,0,42,0,0,56,23.3,76.5,0,306,58,6,0,0,109.4,27,0,0,0,2,0,
162120,Bryce Llewellyn,LB,2,0,,0,0,50,E MICHIGAN,2,D06,35,24,0,2,1,2027,0,37.9,9,1,65.6,0,0,15,0,0,0,55.4,5,0,0,0,E MICHIGAN,1,0,0,0,9,6,0,61.6,9,71.4,0,160,35,10,0,1,62.5,18,0,0,0,0,0,57.5
162142,Mateen Ibirogba,DI,0,0,,0,0,,WAKE,0,D99,0,0,0,4,1,2027,4,,0,0,,0,0,0,0,0,0,,0,0,0,0,WAKE,0,0,0,0,,0,,68.9,,68.3,0,339,4,0,4,0,0,0,0,0,0,0,0,68.3
162449,Melvin Jordan IV,LB,1,0,,0,0,100,OREGON ST,3,D44,30,27,0,1,1,2027,0,80,1,1,71.6,0,0,18,0,0,0,86.3,0,0,0,0,OREGON ST,2,0,0,0,1,3,0,84.1,1,74,0,265,30,2,0,0,79.2,11,0,2,0,0,0,59.2
162452,Quincy Wright,DI,0,0,,0,0,,SM HOUSTON,1,D99,0,0,0,6,1,2028,15,69.7,0,0,,0,0,0,0,5,0,67.8,0,0,1,0,SM HOUSTON,1,0,0,0,,0,0,56.6,,0,0,281,15,0,10,0,0,9,0,0,0,0,0,57.8
162488,Austin Harnetiaux,LB,0,0,,0,1,,NEVADA,1,D44,12,12,0,3,1,2027,0,37.5,0,0,61.7,1,0,4,0,0,0,58.8,0,0,0,0,NEVADA,0,0,1,0,,0,50,65.2,,70.4,0,239,12,0,0,0,0,5,0,0,0,0,0,67
162491,Lance Holtzclaw,ED,0,0,,0,0,,WASHINGTON,0,D10,1,1,0,3,1,2027,3,,0,0,,0,0,0,0,0,0,60,0,0,0,0,WASHINGTON,0,0,0,0,,0,,55.5,,72,0,340,4,0,0,0,0,1,0,0,0,0,3,55.8
162505,Jamaree Caldwell,DI,0,0,2025,0,0,,OREGON,1,D90,0,0,0,19,1,2025,35,70.1,0,0,,0,0,0,2,16,0,73.8,0,0,0,0,OREGON,1,0,0,0,,0,0,75.9,,76,0,264,35,0,17,0,0,16,0,0,0,0,0,68.1
162510,A.J. Holmes Jr.,DI,0,0,,0,1,,HOUSTON,1,D18,0,0,0,37,1,2027,57,34.3,0,0,60,0,0,0,7,20,0,55.8,0,1,0,0,HOUSTON,1,0,1,0,,0,33.3,59.4,,77.6,0,182,57,0,29,0,0,20,0,1,0,0,1,60.8
162519,DJ Bell,CB,8,0,,0,0,37.5,MEMPHIS,4,D05,53,3,0,1,1,2027,0,82.3,95,3,85.3,0,1,26,0,0,0,69.1,48,1,0,0,MEMPHIS,1,0,1,0,57,1,0,83.5,31.7,76.4,0,218,53,12,0,1,43.2,26,0,2,1,0,0,58.2
162545,Andrew Duhart,CB,4,0,,0,0,50,NAVY,4,D13,57,0,0,0,1,2026,0,80.7,32,2,51.9,0,0,30,0,0,0,71.9,57,0,1,0,NAVY,0,0,0,0,26,0,0,55.4,16,77,0,237,57,5,0,0,116.7,27,0,1,0,1,0,
162561,Chreign LaFond,ED,0,0,,0,0,,NAVY,0,D91,0,0,0,2,1,2026,12,71.1,0,0,,0,0,0,2,0,0,61.7,0,0,1,0,NAVY,0,1,0,0,,0,0,50.4,,0,0,237,12,0,2,0,0,10,0,1,0,0,8,59.7
162567,Kenneth McShan,LB,1,0,,0,0,100,NAVY,1,D00,8,1,0,3,1,2026,10,75.1,19,1,44.5,0,0,2,0,0,0,64.8,0,0,0,0,NAVY,1,0,0,0,19,7,0,50.5,19,77.7,0,237,18,17,0,0,118.8,13,0,0,0,0,10,58.3
162571,Tyler Narayan,DI,0,0,,0,0,,NAVY,0,D99,0,0,0,1,1,2026,8,71.3,0,0,,0,0,0,4,0,0,62,0,0,0,0,NAVY,0,0,0,0,,0,0,62.7,,70.1,0,237,8,0,4,0,0,7,0,1,0,0,0,60
162574,Luke Pirris,ED,0,0,,0,0,,NAVY,3,D35,5,1,0,22,1,2026,45,79.6,0,0,72.6,1,0,7,0,0,0,68.1,0,0,0,0,NAVY,0,0,1,0,,4,0,68.6,,81.1,0,237,50,0,0,0,0,21,0,2,0,0,45,56.7
162580,Landon Robinson,DI,0,0,2026,0,1,,NAVY,1,D96,0,0,0,30,1,2026,52,28,0,0,60,1,0,1,3,18,0,53.4,0,0,0,0,NAVY,1,0,1,0,,0,50,52.6,,77.9,0,237,52,0,30,0,0,21,1,0,0,0,1,54.7
162584,Dylan Spelios,ED,0,0,,0,0,,NAVY,0,D57,0,0,0,3,1,2026,17,,0,0,61,0,0,3,0,0,0,59.4,0,0,0,0,NAVY,0,0,0,0,,0,,59.8,,75.9,0,237,17,0,0,0,0,11,0,0,0,0,17,58
162594,Kendall Whiteside,DI,0,0,,0,1,,NAVY,0,D98,0,0,0,22,1,2026,41,23.2,0,0,60,0,0,1,13,3,0,60,0,0,0,0,NAVY,0,0,0,0,,0,50,57.6,,76,0,237,41,0,25,0,0,18,0,1,0,0,0,54.8
162609,Eddie Kelly Jr.,ED,0,0,,0,0,,MISSOURI,0,D97,0,0,0,10,1,2026,18,,0,0,,0,0,0,0,0,0,56,0,0,0,0,MISSOURI,0,0,0,0,,0,,52.7,,75.5,0,229,18,0,0,0,0,8,0,0,0,0,18,53.9
162618,Elijah Deravil,S,2,0,,0,1,100,TEMPLE,2,D04,40,24,0,0,1,2025,0,54,31,2,46.9,0,0,25,0,0,0,52.1,3,0,0,0,TEMPLE,2,0,0,0,33,10,20,47,15.5,76.1,0,306,40,11,0,0,118.8,15,1,2,3,0,0,
162623,Antwone Santiago,LB,0,0,,0,1,,TEMPLE,5,D23,26,22,0,1,1,2027,0,58.5,0,0,63.4,1,0,7,0,0,0,80.4,0,0,0,0,TEMPLE,4,0,1,0,,4,14.3,80.4,,73.7,0,306,26,0,0,0,0,18,0,1,0,0,0,62.3
162626,NuNu Campbell,CB,12,0,,0,0,75,TULSA,8,D13,91,4,0,0,1,2027,2,83.5,165,9,58.3,0,0,55,0,0,0,74.1,86,0,0,0,TULSA,4,0,0,0,49,1,0,61.5,18.3,78.7,0,320,93,52,0,2,144.4,38,0,1,0,1,2,
162631,Vontroy Malone,ED,0,0,,1,0,,TULSA,3,D32,0,0,1,28,1,2027,46,77.1,0,0,,1,0,0,1,0,0,77.9,0,0,1,0,TULSA,3,0,2,0,,0,0,66.3,,0,0,320,46,0,0,0,0,18,0,0,0,0,45,59.4
162633,Tai Newhouse,DI,0,0,,0,0,,TULSA,2,D72,0,0,0,28,1,2027,46,72.2,0,0,,0,0,0,0,9,0,73.1,0,0,1,0,TULSA,2,0,0,0,,0,0,62.3,,0,0,320,46,0,37,0,0,18,0,1,0,0,0,55.5
162638,Jackson Barker,ED,1,0,,0,0,100,E CAROLINA,1,D34,9,6,0,1,1,2027,1,76.4,13,1,63.6,0,0,8,0,0,0,60,0,0,0,0,E CAROLINA,1,0,0,0,13,0,0,63.3,13,70.9,0,156,10,2,0,0,118.8,1,0,0,3,0,1,59.2
162651,CJ Mims,DI,0,0,,0,1,,E CAROLINA,0,D92,0,0,0,13,1,2027,25,22.1,0,0,,3,0,0,1,15,0,69.7,0,0,0,0,E CAROLINA,0,0,3,0,,0,100,68,,75.1,0,156,25,0,9,0,0,12,0,0,0,0,0,59.6
162660,Bam Crouch,LB,2,0,,0,0,100,BOSTON COL,7,D01,54,49,0,2,1,2027,4,83.1,49,2,47.7,0,0,33,0,0,0,67.3,0,0,1,0,BOSTON COL,4,0,0,0,34,5,0,54.7,24.5,75.4,0,121,58,16,0,0,118.8,23,0,2,0,0,4,58.4
162666,Sione Hala,LB,0,0,,0,0,,BOSTON COL,0,D07,13,13,0,2,1,2028,2,,0,0,62.7,0,0,7,0,0,0,69.3,0,0,0,0,BOSTON COL,0,0,0,0,,0,,67.8,,73.6,0,121,15,0,0,0,0,6,0,0,0,0,2,56.2
162676,Kwan Williams,DI,0,0,,0,0,,BOSTON COL,2,D55,0,0,0,9,1,2026,23,75.3,0,0,,1,0,0,19,0,0,72.3,0,0,0,0,BOSTON COL,2,0,1,0,,0,0,75.2,,71.9,0,121,23,0,2,0,0,14,0,1,0,0,2,67.2
162704,Wesley Williams,ED,1,0,2026,0,0,100,DUKE,4,D97,0,0,0,18,1,2026,46,76.7,6,1,62.1,1,0,2,2,0,0,66.4,0,0,0,0,DUKE,2,0,1,0,6,0,0,68.4,6,78.6,0,154,46,2,1,0,91.7,26,0,0,0,0,43,64.4
162733,Chris Graves Jr.,CB,0,0,,0,0,,OLE MISS,0,D32,7,1,0,0,1,2027,0,,0,0,61.7,0,0,3,0,0,0,60,6,0,0,0,OLE MISS,0,0,0,0,,0,,62.6,,69.1,0,226,7,0,0,0,0,4,0,0,0,0,0,
162734,Jaden Harris,S,1,0,,0,0,0,MIAMI FL,2,D07,49,18,0,2,1,2027,3,77.8,0,0,56,1,0,41,0,0,0,60.9,1,0,1,0,MIAMI FL,2,0,1,0,,1,0,58.5,,76,0,220,52,0,0,0,39.6,9,0,0,29,0,3,67.1
162737,Ahmad Moten Sr.,DI,0,0,,0,0,,MIAMI FL,0,D99,1,1,0,17,1,2027,22,21.8,0,0,,4,0,0,4,11,0,67,0,0,1,0,MIAMI FL,0,1,4,0,,0,,60.8,,0,0,220,23,0,5,0,0,6,0,0,0,0,2,64.5
162751,Will Hardy,S,3,0,,0,0,66.7,N CAROLINA,5,D31,72,33,0,0,1,2026,0,84,22,2,64.4,0,0,54,0,0,0,63.3,0,0,0,0,N CAROLINA,0,0,0,0,19,8,0,64.7,11,77.7,0,245,72,9,0,0,88.2,18,0,2,31,0,0,
162754,Tayon Holloway,CB,1,0,,0,0,0,LOUISVILLE,0,D20,19,1,0,0,1,2027,0,,0,0,75.1,0,0,9,0,0,0,61.7,17,0,0,0,LOUISVILLE,0,0,0,0,,1,,75.3,,72.7,0,210,19,0,0,1,39.6,10,0,0,0,0,0,
162770,Kyle Louis,LB,7,1,2026,0,1,71.4,PITTSBURGH,3,D09,53,26,0,12,1,2026,7,55.7,49,5,86.2,2,1,32,0,0,0,56.5,0,0,0,0,PITTSBURGH,2,0,2,0,20,27,20,78.2,9.8,77.2,0,268,60,44,0,0,51.2,16,0,1,0,0,7,52.2
162774,Jimmy Scott,ED,0,0,,0,0,,PITTSBURGH,2,D44,0,0,0,29,1,2027,41,73.7,0,0,,3,0,0,0,0,0,63.5,0,0,0,0,PITTSBURGH,1,0,3,0,,0,0,64.5,,77.9,0,268,41,0,0,0,0,12,1,0,0,0,41,62.3
162792,Perry Fisher,CB,5,0,,0,0,60,MARYLAND,1,D20,38,1,0,0,1,2027,1,77,60,3,48.8,0,0,29,0,0,0,61.5,34,0,1,0,MARYLAND,0,0,0,0,24,2,0,49.8,20,75.8,0,215,39,15,0,0,102.1,10,0,1,1,0,1,
162801,Daniel Owens,ED,0,0,,0,0,,MARYLAND,0,D39,0,0,0,2,1,2027,7,,0,0,,0,0,0,4,0,0,37.7,0,0,0,0,MARYLAND,0,0,0,0,,0,,31.9,,69.6,0,215,7,0,1,0,0,5,0,0,0,0,2,57.6
162803,Lavain Scruggs,S,1,0,,0,0,100,MARYLAND,3,D13,34,15,0,0,1,2027,0,84.8,7,1,62.7,0,0,19,0,0,0,74.7,0,0,0,0,MARYLAND,1,0,0,0,7,5,0,68.5,7,74.2,0,215,34,2,0,0,95.8,15,0,4,14,0,0,
162806,Lionell Whitaker,CB,4,0,,0,0,50,MARYLAND,2,D17,21,3,0,0,1,2026,0,79.6,8,2,67.7,0,0,13,0,0,0,70.4,0,0,0,0,MARYLAND,1,0,0,0,4,18,0,70.8,4,74.9,0,215,21,7,0,1,95.8,8,1,1,0,1,0,
162810,Zeke Berry,CB,3,0,,0,2,66.7,MICHIGAN,2,D10,26,3,0,1,1,2027,2,26,33,2,48,0,0,12,0,0,0,50.3,1,0,0,0,MICHIGAN,0,0,0,0,30,22,50,46.6,16.5,76.4,0,222,28,12,0,0,103.5,15,0,0,0,0,2,60
162816,Kenneth Grant,DI,0,0,2025,0,1,,MICHIGAN,2,D78,0,0,0,25,1,2025,53,33.6,0,0,,4,0,0,0,32,1,65.5,0,0,0,0,MICHIGAN,2,0,4,0,,0,33.3,67.2,,78.7,0,222,53,0,21,0,0,28,1,0,0,0,0,64.3
162825,Jimmy Rolder,LB,0,0,2026,0,0,,MICHIGAN,2,D30,14,14,0,0,1,2026,1,77.5,0,0,73.9,0,0,6,0,0,0,70.1,0,0,0,0,MICHIGAN,1,0,0,0,,0,0,80.7,,71.7,0,222,15,0,0,0,0,9,0,1,0,0,1,
162836,Braydon Brus,LB,0,0,,0,1,,NWESTERN,0,D33,16,16,0,1,1,2027,0,25.7,0,0,60.4,1,0,2,0,0,0,57.6,0,0,0,0,NWESTERN,0,0,1,0,,0,100,57.4,,71.1,0,256,16,0,0,0,0,13,0,0,0,0,0,57.3
162839,Robert Fitzgerald,S,0,0,,0,0,,NWESTERN,1,D06,6,3,0,0,1,2027,0,75.1,0,0,60.8,0,0,2,0,0,0,67.6,0,0,0,0,NWESTERN,1,0,0,0,,3,0,68.8,,67.5,0,256,6,0,0,0,0,4,0,0,0,0,0,
162849,Jason Reynolds II,LB,0,0,,0,0,,NWESTERN,1,D40,2,2,0,0,1,2027,0,73.1,0,0,,0,0,0,0,0,0,62,0,0,0,0,NWESTERN,0,0,0,0,,0,0,64.2,,62.8,0,256,2,0,0,0,0,2,0,0,0,0,0,
162850,Anto Saka,ED,0,0,,0,0,,NWESTERN,0,D04,0,0,0,12,1,2027,17,,0,0,60,1,0,1,2,0,0,60.4,0,0,2,0,NWESTERN,0,0,1,0,,0,,40.4,,0,0,256,17,0,0,0,0,4,0,0,0,0,15,59.4
162852,Kenny Soares Jr.,LB,2,0,,0,0,100,NWESTERN,5,D05,32,19,0,0,1,2027,7,80.7,8,2,72.4,0,0,15,0,0,0,71.5,0,0,0,0,NWESTERN,2,0,0,0,4,13,0,75.1,4,75.6,0,256,39,9,0,0,83.3,24,0,0,0,0,7,
162853,Devin Turner,S,2,0,,0,0,50,NWESTERN,3,D08,40,29,0,0,1,2027,0,81.8,4,1,75.8,0,0,20,0,0,0,66.9,0,0,0,0,NWESTERN,1,0,0,0,4,2,0,75.1,4,75.9,0,256,40,2,0,1,56.3,20,0,1,9,0,0,
162854,Braden Turner,CB,4,0,,0,1,25,NWESTERN,3,D09,20,0,0,0,1,2027,0,54.1,2,1,64.6,0,0,17,0,0,0,47.4,0,0,0,0,NWESTERN,1,0,0,0,2,20,20,60.7,2,76.7,0,256,20,2,0,0,39.6,3,0,1,0,0,0,
162868,Kenyatta Jackson Jr.,ED,1,0,,0,0,100,OHIO STATE,2,D97,0,0,0,12,1,2027,16,74.5,-2,1,70.1,0,0,1,3,0,0,63.9,0,0,0,0,OHIO STATE,2,0,0,0,-2,0,0,75.4,-2,74.6,0,260,16,1,1,0,79.2,3,1,0,0,0,12,63.5
162870,Hero Kanu,DI,0,0,,0,0,,OHIO STATE,0,D93,0,0,0,0,1,2028,2,,0,0,,0,0,0,0,0,0,55,0,0,0,0,OHIO STATE,0,0,0,0,,0,,29.1,,67.8,0,260,2,0,2,0,0,2,0,0,0,0,0,
162876,Sonny Styles,LB,3,0,2026,0,2,100,OHIO STATE,4,D06,61,54,0,12,1,2026,11,42.6,21,3,60,2,0,34,0,0,1,72.7,0,0,0,0,OHIO STATE,2,0,2,0,9,7,33.3,65.2,7,77.8,0,260,72,14,0,0,95.8,26,0,0,0,0,11,56.8
162878,Nic Scourton,ED,0,0,2025,0,1,,TEXAS A&M,3,D11,1,0,1,39,1,2025,55,58.2,0,0,60,5,0,1,7,0,0,65,0,0,0,0,TEXAS A&M,4,0,6,0,,0,25,75.7,,80.4,0,312,56,0,1,0,0,16,1,0,0,0,47,75.2
162888,Domanick Moon,LB,1,0,,0,0,100,W MICHIGAN,1,D47,16,16,0,0,1,2027,0,76.4,7,1,48.2,0,0,9,0,0,0,58.2,0,0,0,0,W MICHIGAN,1,0,0,0,7,0,0,48.3,7,69.8,0,347,16,0,0,0,135.4,7,0,1,0,1,0,
162894,DJ Allen,ED,0,0,,0,0,,RUTGERS,1,D42,0,0,0,1,1,2028,7,71.3,0,0,,0,0,0,4,0,0,68,0,0,0,0,RUTGERS,0,0,0,0,,0,0,69.4,,69.8,0,278,7,0,0,0,0,6,0,0,0,0,3,59.5
162903,Dariel Djabome,LB,3,0,,0,0,66.7,RUTGERS,0,D28,39,31,0,2,1,2026,2,74.8,26,2,49.4,0,0,24,0,0,0,54.9,1,0,0,0,RUTGERS,0,0,0,0,14,7,0,48.6,13,76.8,0,278,41,7,0,0,93.8,15,0,1,0,0,2,57.2
162906,Timmy Hinspeter,LB,1,0,,0,0,100,RUTGERS,1,D44,15,11,0,0,1,2027,1,78.2,5,1,49.3,0,0,4,0,0,0,44.2,0,0,0,0,RUTGERS,0,0,0,0,5,4,0,39.2,5,71.7,0,278,16,0,0,0,87.5,12,0,2,0,0,1,
162913,David Onuoha,ED,0,0,,0,0,,RUTGERS,0,D35,0,0,0,3,1,2027,7,72.2,0,0,,0,0,0,0,0,0,62.7,0,0,0,0,RUTGERS,0,0,0,0,,0,0,60.8,,72.3,0,278,7,0,0,0,0,4,0,1,0,0,7,56.3
162919,Jordan Walker,ED,0,0,,0,0,,RUTGERS,0,D82,0,0,0,14,1,2027,23,72.2,0,0,,1,0,0,1,0,0,47.9,0,0,0,0,RUTGERS,0,0,1,0,,0,0,50.6,,76.9,0,278,23,0,1,0,0,9,0,1,0,0,21,58.4
162949,Jamarrion Solomon,DI,0,0,,0,0,,FIU,0,D51,0,0,0,9,1,2027,14,,0,0,,0,0,0,0,5,0,55.2,0,0,0,0,FIU,0,0,0,0,,0,,53.9,,72.9,0,166,14,0,9,0,0,5,0,0,0,0,0,57.4
162951,Joseph Auzenne,DI,0,0,,0,0,,TEMPLE,1,D98,0,0,0,6,1,2027,13,69.7,0,0,,0,0,0,0,3,0,69.1,0,0,0,0,TEMPLE,1,0,0,0,,0,0,68.7,,72.4,0,306,13,0,10,0,0,7,0,0,0,0,0,58.4
162966,Jhamal Shelby Jr.,CB,0,0,,0,0,,LA TECH,0,D04,14,2,0,0,1,2027,2,,0,0,63.3,0,0,5,0,0,0,54,12,0,0,0,LA TECH,0,0,0,0,,0,,59.5,,73.1,0,208,16,0,0,0,0,11,0,0,0,0,2,
162971,Muaaz Byard,ED,0,0,,0,0,,MIDDLE TN,0,D52,0,0,0,1,1,2027,5,,0,0,60,0,0,1,0,0,1,62.1,0,1,0,0,MIDDLE TN,0,0,1,0,,0,,67.2,,71.4,0,224,5,0,0,0,0,3,0,0,0,0,5,59.6
162973,Trevon Ferrell,CB,2,0,,0,1,50,MIDDLE TN,0,D24,12,1,0,0,1,2027,0,21.4,7,1,60.2,0,0,4,0,0,0,62.4,0,0,0,0,MIDDLE TN,0,0,0,0,7,11,100,61.7,7,74.5,0,224,12,4,0,0,58.3,8,0,0,0,0,0,
162994,Tyson Flowers,S,4,0,,0,1,50,RICE,8,D31,64,23,0,4,1,2027,4,70.6,45,2,51.6,1,0,29,0,0,0,66.2,0,0,0,0,RICE,5,0,1,0,28,16,9.1,57.9,22.5,78.4,0,275,68,32,0,0,90.6,35,1,2,25,0,4,65.2
163000,Daveon Hook,S,2,0,,0,3,0,RICE,3,D29,58,20,1,2,1,2027,0,40.2,0,0,67.9,0,0,29,0,0,0,44.5,1,0,0,0,RICE,2,0,1,0,,5,37.5,60.4,,75.8,0,275,58,0,0,1,39.6,27,0,2,32,0,0,69.5
163005,Chibby Nwajuaku,ED,0,0,,0,0,,RICE,0,D16,0,0,0,1,1,2027,4,,0,0,,0,0,0,0,0,0,55.7,0,0,0,0,RICE,0,0,0,0,,0,,49.9,,70.9,0,275,4,0,0,0,0,3,0,0,0,0,4,60
163014,Carl Fauntroy,S,5,0,,0,1,40,LA MONROE,6,D08,79,39,0,0,1,2028,1,80.2,16,2,68.1,0,0,32,0,0,0,58.7,0,0,0,0,LA MONROE,1,0,0,0,12,14,7.7,65.4,8,76.6,0,209,80,7,0,1,48.8,48,0,6,26,0,1,
163030,Amier Boyd,CB,4,0,,0,2,50,UTEP,1,D14,58,4,0,0,1,2027,0,23.7,80,2,68.5,0,0,38,0,0,0,70.4,53,0,0,0,UTEP,1,0,0,0,48,1,66.7,70.2,40,76.3,0,330,58,52,0,1,135.4,20,0,0,0,1,0,
163069,Antavious Fish,LB,6,0,,0,1,83.3,AKRON,5,D10,69,59,0,5,1,2026,0,39.7,68,5,48.5,1,0,37,0,0,0,76.5,0,2,0,0,AKRON,1,0,3,0,27,10,16.7,57.3,13.6,76.7,0,102,69,29,0,0,153.5,27,0,0,0,1,0,54.7
163079,Jordan Coleman,S,4,0,,0,0,100,BALL ST,2,D04,70,21,0,0,1,2027,0,81.3,35,4,63,0,0,48,0,0,0,58.4,0,0,0,0,BALL ST,0,0,0,0,11,48,0,62.4,8.8,79.5,0,117,70,10,0,0,103.1,22,0,3,1,0,0,
163086,Caden Johnson,LB,0,0,,0,0,,BALL ST,1,D06,3,3,0,0,1,2027,0,73.2,0,0,60.3,0,0,2,0,0,0,66.1,0,0,0,0,BALL ST,1,0,0,0,,0,0,71.6,,65,0,117,3,0,0,0,0,1,0,0,0,0,0,
163103,Myles Bradley,ED,0,0,,0,0,,BOWL GREEN,2,D23,0,0,0,10,1,2028,18,75.2,0,0,62,0,0,2,0,0,0,67.4,0,0,0,0,BOWL GREEN,0,0,0,0,,0,0,67.1,,76.1,0,122,18,0,0,0,0,6,0,0,0,0,18,60
163106,Jalen Huskey,S,0,0,2026,0,2,,MARYLAND,2,D22,40,25,0,0,1,2026,0,41.7,0,0,53.5,0,0,23,0,0,0,56.6,0,0,0,0,MARYLAND,1,0,0,0,,2,33.3,53.9,,73.2,0,215,40,0,0,0,0,17,0,2,13,0,0,
163113,Davonte Miles,DI,0,0,,0,0,,BOWL GREEN,1,D90,1,1,0,15,1,2027,17,70.2,0,0,60,1,0,0,1,2,0,64.4,0,0,0,0,BOWL GREEN,1,0,1,0,,0,0,72.8,,73.4,0,122,18,0,14,0,0,3,0,0,0,0,0,67.8
163114,Joseph Sipp Jr.,LB,9,0,,0,0,100,BOWL GREEN,8,D03,64,53,0,5,1,2027,0,83.5,66,9,60.4,1,0,39,0,0,0,80.6,0,0,0,0,BOWL GREEN,7,0,1,0,22,7,0,68.9,7.3,76.6,0,122,64,19,0,0,97.2,20,2,0,4,0,0,63.2
163120,Marcus Badgett,CB,0,0,,0,1,,C MICHIGAN,1,D31,10,0,0,0,1,2026,0,28.3,0,0,,0,0,0,0,0,0,53.1,10,0,0,0,C MICHIGAN,0,0,0,0,,0,50,54.9,,70.6,0,134,10,0,0,0,0,10,0,0,0,0,0,
163126,Stephen Daley,ED,0,0,,0,1,,KENT STATE,1,D06,1,1,0,17,1,2027,43,53,0,0,60.6,0,0,0,1,0,0,53.7,0,1,0,0,KENT STATE,1,0,1,0,,0,25,59.2,,78.7,0,201,44,0,3,0,0,27,0,2,0,0,39,64.3
163143,Rocco Nicholl,LB,2,0,,0,0,100,KENT STATE,3,D04,16,9,0,3,1,2027,5,78.6,50,2,42.9,0,0,7,0,0,0,74.2,3,0,0,0,KENT STATE,1,0,0,0,38,4,0,53.6,25,74.9,0,201,21,4,0,0,118.8,11,0,0,0,0,5,57.5
163152,Nasir Bowers,CB,6,0,,0,1,66.7,TOLEDO,3,D21,53,6,0,0,1,2026,0,46.4,67,4,53.6,0,0,29,0,0,0,46.4,33,0,0,0,TOLEDO,0,0,0,0,34,13,25,51,16.8,75.8,0,316,53,27,0,0,104.2,24,0,0,1,0,0,
163155,Emmanuel McNeil-Warren,S,5,0,2026,0,1,60,TOLEDO,5,D07,49,25,0,0,1,2026,2,60.7,29,3,70,0,0,27,0,0,0,54.3,13,0,0,0,TOLEDO,2,0,0,0,16,9,14.3,65.3,9.7,75.4,0,316,51,19,0,1,76.3,24,0,1,2,0,2,
163159,Jayden Childers,ED,0,0,,0,0,,W MICHIGAN,2,D92,0,0,0,9,1,2027,14,73.9,0,0,,1,0,0,4,0,1,63.8,0,0,0,0,W MICHIGAN,2,0,1,0,,0,0,63.9,,73.7,0,347,14,0,0,0,0,5,0,0,0,0,10,60
163232,CJ Bazile Jr.,ED,0,0,,0,1,,LIBERTY,3,D11,1,0,0,10,1,2026,42,58.3,0,0,50.4,0,0,6,2,0,0,77.6,0,1,1,0,LIBERTY,3,0,1,0,,1,20,70.1,,0,0,206,43,0,0,0,0,27,1,1,0,0,40,72.8
163250,Evan Johnson,CB,1,0,,0,0,0,BYU,0,D21,23,1,0,1,1,2027,0,,0,0,58.8,0,0,18,0,0,0,60,22,1,0,0,BYU,0,0,1,0,,0,,62.4,,73.5,0,128,23,0,0,0,39.6,4,0,0,0,0,0,66.9
163256,Bodie Schoonover,ED,0,0,,0,0,,BYU,0,D48,0,0,0,3,1,2027,4,,0,0,,0,0,0,2,0,0,60,0,0,0,0,BYU,0,0,0,0,,0,,59.6,,68.4,0,128,4,0,1,0,0,1,0,0,0,0,1,57.9
163264,James Djonkam,LB,2,0,,0,1,50,E MICHIGAN,4,D55,44,43,0,8,1,2026,4,70.5,7,1,53.3,2,0,12,0,0,0,72.6,0,1,0,0,E MICHIGAN,3,0,3,0,7,1,11.1,73.5,7,74.9,0,160,48,-5,0,0,58.3,28,1,4,0,0,4,80.7
163271,Brandon McElroy,DI,0,0,,0,0,,UMASS,1,D88,0,0,0,1,1,2026,10,66.5,0,0,,0,0,0,0,2,0,64.4,0,0,0,0,UMASS,1,0,0,0,,0,0,65.5,,72.5,0,216,10,0,8,0,0,9,1,0,0,0,0,60
163288,Bryce Boettcher,LB,1,0,2026,0,0,100,OREGON,4,D28,31,30,1,2,1,2026,0,81.7,8,1,76.9,0,0,19,0,0,0,67.9,0,0,0,0,OREGON,4,0,1,0,8,1,0,81.4,8,72.2,0,264,31,7,0,0,100,10,0,1,0,0,0,72.8
163299,Sir Mells,DI,0,0,,0,0,,GA STATE,0,D40,0,0,0,9,1,2027,10,,0,0,57.9,0,0,0,0,2,0,60,0,0,0,0,GA STATE,0,0,0,0,,0,,31.9,,71.6,0,175,10,0,8,0,0,1,0,0,0,0,0,56.5
163301,Ben Roberts,DI,0,0,,0,0,,MICH STATE,0,D55,0,0,0,7,1,2027,9,,0,0,,1,0,0,0,2,0,60.5,0,0,0,0,MICH STATE,0,0,1,0,,0,,65.6,,71.9,0,223,9,0,7,0,0,2,0,0,0,0,0,63.8
163310,Emar'rion Winston,ED,0,0,,0,0,,OREGON,0,D32,3,1,0,14,1,2027,29,,0,0,61.9,2,0,4,1,3,0,62.5,0,0,0,1,OREGON,0,0,2,0,,2,,66,,78,0,264,32,0,3,0,0,14,0,0,0,0,22,64.6
163322,DeAndre Gill Jr.,ED,0,0,,0,1,,COLO STATE,0,D39,1,1,0,8,1,2027,16,23.8,0,0,,0,0,0,0,0,0,51.9,0,0,0,0,COLO STATE,0,0,0,0,,0,100,51.5,,75,0,144,17,0,0,0,0,9,0,0,0,0,16,57
163349,A.J. Haulcy,S,4,0,2026,0,0,75,HOUSTON,4,D02,59,17,0,0,1,2026,0,83.4,35,3,81,0,1,37,0,0,0,76.2,0,0,0,0,HOUSTON,1,0,0,0,15,5,0,82.2,11.7,76.5,0,182,59,0,0,1,61.5,22,0,1,37,0,0,
163354,Jermarius Lewis,S,2,0,,0,0,100,UTSA,4,D14,52,21,0,0,1,2026,0,81.8,58,2,50.4,0,0,36,0,0,0,77.7,0,0,0,0,UTSA,1,0,0,0,31,1,0,59,29,76.4,0,331,52,10,0,0,158.3,16,0,1,30,1,0,
163360,Bryson Taylor,CB,3,0,,0,1,66.7,NEW MEXICO,4,D13,57,13,0,0,1,2027,0,52.8,16,2,62,0,0,23,0,0,0,60.7,44,0,0,0,NEW MEXICO,0,0,0,0,9,0,20,62,8,75.6,0,241,57,0,0,0,79.9,34,0,0,0,0,0,
163387,Jake Ripp,ED,0,0,,0,0,,BOISE ST,0,D43,0,0,0,0,1,2027,2,,0,0,,0,0,0,0,0,0,60,0,0,0,0,BOISE ST,0,0,0,0,,0,,49.5,,68.5,0,120,2,0,0,0,0,2,0,0,0,0,2,
163392,Jayden Virgin-Morgan,ED,1,0,,0,2,0,BOISE ST,0,D05,4,3,1,24,1,2027,43,26.9,0,0,61.6,3,0,3,0,0,0,61,0,0,0,0,BOISE ST,1,0,4,0,,1,100,54.4,,80,0,120,47,0,0,0,39.6,20,0,0,0,0,43,49.1
163397,Jayden Davis,S,4,0,,0,1,25,FRESNO ST,3,D11,56,9,0,1,1,2027,2,54.7,29,1,61.1,0,0,44,0,0,0,61.8,0,0,0,0,FRESNO ST,1,0,0,0,29,16,20,61.5,29,77.4,0,169,58,2,0,0,57.3,13,0,1,31,0,2,60
163401,Jacob Holmes,DI,0,0,,0,0,,FRESNO ST,0,D23,0,0,0,32,1,2026,40,,0,0,,1,0,0,11,2,0,51.4,0,1,1,0,FRESNO ST,0,1,2,0,,0,,48,,0,0,169,40,0,27,0,0,8,0,0,0,0,0,57.3
163403,Jahzon Jacks,ED,0,0,,0,1,,FRESNO ST,1,D97,0,0,0,19,1,2028,29,29.2,0,0,50,1,0,3,8,0,0,63.3,0,0,0,0,FRESNO ST,1,0,1,0,,0,33.3,64,,76.4,0,169,29,0,0,0,0,7,0,1,0,0,21,69.6
163405,Gavriel Lightfoot,DI,0,0,,0,0,,FRESNO ST,0,D92,0,0,0,21,1,2028,28,,0,0,,0,0,0,1,7,0,51,0,0,0,1,FRESNO ST,0,0,0,0,,0,,54.6,,75.1,0,169,28,0,20,0,0,7,0,0,0,0,0,60
163409,Sione Noa,ED,0,0,,0,2,,FRESNO ST,0,D54,0,0,0,17,1,2027,24,18.4,0,0,60,0,0,1,4,0,0,46,0,0,0,0,FRESNO ST,0,0,0,0,,0,100,53,,75.1,0,169,24,0,0,0,0,6,0,0,0,0,20,61.7
163422,Merhauti Xepera,ED,1,0,,0,0,100,FRESNO ST,0,D88,0,0,0,4,1,2028,7,,16,1,60,0,0,1,1,0,0,60.2,0,0,0,0,FRESNO ST,0,0,0,0,16,0,,43.6,16,71.7,0,169,7,3,0,0,118.8,2,0,0,0,0,6,56.4
163429,JD Drew,CB,4,0,,0,0,50,UTAH ST,9,D03,72,0,0,0,1,2027,0,83.6,3,2,60.7,0,0,35,0,0,0,80.6,70,0,4,0,UTAH ST,3,0,0,0,4,1,0,59.3,1.5,0,0,329,72,5,0,0,56.3,37,1,0,1,0,0,
163520,James Smith,ED,0,0,,0,0,,LA MONROE,0,D92,0,0,0,8,1,2027,12,,0,0,,0,0,0,8,0,0,60.1,0,0,0,0,LA MONROE,0,0,0,0,,0,,58.2,,71.1,0,209,12,0,0,0,0,4,0,0,0,0,4,57.2
163521,Car'lin Vigers,CB,1,0,2025,0,1,0,LA MONROE,1,D01,12,3,0,0,1,2025,0,27.8,0,0,50.6,0,0,7,0,0,0,46.6,9,0,0,0,LA MONROE,0,0,0,0,,0,50,43.4,,70.4,0,209,12,0,0,0,39.6,5,0,0,0,0,0,
163522,Cooper Webb,DI,0,0,,0,0,,UNLV,0,D91,0,0,0,1,1,2025,4,,0,0,,0,0,0,0,2,0,60.9,0,0,0,0,UNLV,0,0,0,0,,0,,62.2,,69,0,325,4,0,2,0,0,3,0,0,0,0,0,60
163527,Jahleel Culbreath,LB,1,0,,0,0,100,DOMINION,0,D34,6,2,0,0,1,2027,0,,10,1,50.9,0,0,4,0,0,0,60,0,0,0,0,DOMINION,0,0,0,0,10,4,,54,10,72.7,0,263,6,10,0,0,108.3,2,0,0,0,0,0,
163537,Koa Naotala,LB,0,0,,0,0,,DOMINION,4,D10,26,26,0,4,1,2027,1,79.1,0,0,63.4,0,0,15,0,0,0,67.1,0,0,0,0,DOMINION,2,0,0,0,,0,0,65.1,,75.4,0,263,27,0,0,0,0,8,0,0,0,0,1,55.2
163543,Jaylon White-McClain,ED,0,0,,0,0,,DOMINION,3,D56,0,0,0,10,1,2027,18,74.5,0,0,60,1,0,0,10,0,0,74.3,0,0,0,0,DOMINION,2,0,1,0,,0,0,81,,73.3,0,263,18,0,1,0,0,8,0,0,0,0,7,62.9
163553,Christopher Wallace Jr.,S,0,0,,0,0,,S ALABAMA,0,D00,2,0,0,0,1,2026,0,,0,0,61.2,0,0,2,0,0,0,,0,0,0,0,S ALABAMA,0,0,0,0,,2,,61.9,,67.6,0,288,2,0,0,0,0,0,0,0,0,0,0,
163594,Isaiah Hastings,ED,0,0,,0,0,,SYRACUSE,1,D09,0,0,0,10,1,2027,15,71.5,0,0,,1,0,0,4,0,0,66.7,0,0,0,0,SYRACUSE,1,0,1,0,,0,0,63.1,,73.6,0,304,15,0,0,0,0,5,0,0,0,0,11,55.9
163601,Earl Little Jr.,S,0,0,,0,1,,FLORIDA ST,5,D00,41,9,0,0,1,2027,0,74.1,0,0,66.7,0,0,21,0,0,0,75.6,0,0,0,0,FLORIDA ST,1,0,0,0,,1,12.5,71.8,,75.4,0,167,41,0,0,0,0,20,0,2,31,0,0,
163626,Nico Davillier,ED,0,0,,0,0,,ARKANSAS,0,D00,0,0,0,12,1,2028,28,76.3,0,0,60,0,0,1,1,0,0,71.1,0,0,0,0,ARKANSAS,0,0,0,0,,0,0,77.7,,77.3,0,111,28,0,0,0,0,15,0,3,0,0,27,75.1
163658,Zxavian Harris,DI,0,0,2026,0,2,,OLE MISS,1,D51,1,1,0,16,1,2026,33,26.3,0,0,,0,0,0,4,8,0,46.4,0,0,0,0,OLE MISS,1,0,0,0,,0,50,47.1,,75.3,0,226,34,0,19,0,0,18,1,1,0,0,2,55.7
163676,Audavion Collins,CB,0,0,,0,0,,PENN STATE,1,D29,6,1,0,0,1,2027,0,73.5,0,0,61.1,0,0,2,0,0,0,68.6,4,0,0,0,PENN STATE,1,0,0,0,,0,0,68.8,,99.9,0,266,6,0,0,0,0,4,0,0,0,0,0,
163682,Tanner Johnson,S,0,0,,0,0,,MISS STATE,1,D28,5,4,0,0,1,2027,0,77,0,0,,0,0,0,0,0,0,67.5,0,0,0,0,MISS STATE,1,0,0,0,,1,0,67.4,,67.5,0,227,5,0,0,0,0,5,0,1,0,0,0,
163688,Wesley Miller,S,7,0,,0,4,42.9,S ALABAMA,3,D05,62,23,0,0,1,2027,0,27.1,55,3,48.5,0,1,29,0,0,0,40.3,0,0,0,0,S ALABAMA,0,0,0,0,51,8,44.4,43.9,18.3,76.7,0,288,62,19,0,1,70.5,33,0,2,31,1,0,
163689,Khalid Moore,ED,0,0,,0,2,,SO MISS,0,D40,0,0,0,6,1,2028,12,23.1,0,0,,0,0,0,0,0,0,46.8,0,0,0,1,SO MISS,0,0,0,0,,0,100,50.6,,74.8,0,296,12,0,0,0,0,6,0,0,0,0,12,65.8
163694,Trent Singleton,S,0,0,,0,0,,S ALABAMA,0,D09,1,0,0,0,1,2026,0,,0,0,,0,0,0,0,0,0,60,0,0,0,0,S ALABAMA,0,0,0,0,,0,,60,,60,0,288,1,0,0,0,0,1,0,0,0,0,0,
163695,Avery Sledge,LB,0,0,,0,0,,SO MISS,1,D33,3,3,0,0,1,2027,0,73.6,0,0,,0,0,0,0,0,0,63.8,0,0,0,0,SO MISS,0,0,0,0,,0,0,66.5,,66.3,0,296,3,0,0,0,0,3,0,0,0,0,0,
163705,Trudell Berry,CB,2,0,,0,0,0,VANDERBILT,0,D30,10,2,0,0,1,2027,0,,0,0,76.4,0,0,6,0,0,0,60,8,0,0,0,VANDERBILT,0,0,0,0,,0,,76.8,,70.9,0,333,10,0,0,1,39.6,4,0,0,0,0,0,
163709,BJ Diakite,ED,0,0,,0,0,,VANDERBILT,0,D33,0,0,0,0,1,2027,2,,0,0,,0,0,0,0,0,0,60,0,0,0,0,VANDERBILT,0,0,0,0,,0,,60.7,,68.1,0,333,2,0,0,0,0,2,0,0,0,0,2,
163718,Bradley Mann,DI,0,0,,0,0,,VANDERBILT,0,D94,0,0,0,21,1,2027,31,72.4,0,0,,1,0,0,2,7,0,60.8,0,0,0,0,VANDERBILT,0,0,1,0,,0,0,58,,75.2,0,333,31,0,18,0,0,10,0,2,0,0,4,55.6
163722,Issa Ouattara,DI,0,0,,0,0,,VANDERBILT,3,D05,0,0,0,23,1,2027,45,73.8,0,0,,1,0,0,6,2,0,74.4,0,1,0,0,VANDERBILT,3,0,2,0,,0,0,68.5,,75.9,0,333,45,0,37,0,0,22,1,0,0,0,0,54.7
163724,Jadais Richard,CB,2,0,,0,0,0,MIAMI FL,0,D25,23,3,0,0,1,2028,1,,0,0,60.3,0,0,15,0,0,0,61.3,19,0,0,0,MIAMI FL,0,0,0,0,,1,,61,,73.9,0,220,24,0,0,1,39.6,9,0,0,0,0,1,
163726,Nick Rinaldi,LB,2,0,,0,0,50,VANDERBILT,1,D24,9,9,1,9,1,2027,15,75.8,4,1,71.1,1,0,7,0,0,0,43.1,0,0,1,0,VANDERBILT,2,0,2,0,4,0,0,52.5,4,0,0,333,24,2,0,0,56.3,8,0,0,0,0,15,63.8
163732,Linus Zunk,ED,0,0,,0,1,,VANDERBILT,1,D95,0,0,0,19,1,2027,27,31.8,0,0,,1,0,0,7,1,0,50.6,0,0,0,0,VANDERBILT,1,0,1,0,,0,50,52.3,,75.1,0,333,27,0,10,0,0,8,0,0,0,0,9,57.6
163745,Marvin Jones Jr.,ED,0,0,2026,0,0,,FLORIDA ST,0,D07,0,0,0,30,1,2026,52,32.2,0,0,61.2,1,0,3,5,0,0,56.4,0,0,0,0,FLORIDA ST,0,0,1,0,,0,0,53.3,,79.2,0,167,52,0,0,0,0,19,0,1,0,0,47,51.3
163746,E.J. Lightsey,LB,2,0,,0,0,100,GA TECH,1,D02,29,25,0,2,1,2027,5,76.9,24,2,58.4,0,0,16,0,0,0,67.4,0,1,0,0,GA TECH,1,0,1,0,20,4,0,62.4,12,76.1,0,176,34,9,0,0,156.3,16,0,1,0,1,5,57.7
163751,Jaheim Singletary,CB,2,0,,0,1,100,ARKANSAS,2,D15,37,3,0,0,1,2027,0,37.6,6,2,60,0,0,24,0,0,0,64.8,33,0,1,0,ARKANSAS,0,0,0,0,6,1,33.3,61.3,3,74.8,0,111,37,12,0,0,79.2,13,0,0,0,0,0,
163783,Deone Walker,DI,0,0,2025,0,0,,KENTUCKY,3,D00,0,0,2,23,1,2025,44,74.1,0,0,,0,0,0,6,12,0,65.4,0,0,0,0,KENTUCKY,4,0,2,0,,0,0,75.5,,77.2,0,202,44,0,24,0,0,21,0,0,0,0,2,78
163791,Jordan Robinson,CB,1,0,,0,0,100,CINCINNATI,0,D16,13,0,0,0,1,2026,2,,3,1,56.2,0,0,7,0,0,0,60.7,13,0,0,0,CINCINNATI,0,0,0,0,3,0,,56.9,3,74.3,0,138,15,0,0,0,118.8,8,0,0,0,1,2,
163793,Alex Afari Jr.,LB,1,0,,0,2,100,KENTUCKY,6,D03,49,47,0,1,1,2027,1,43.5,4,1,55,1,0,13,0,0,0,50.7,0,0,0,0,KENTUCKY,4,0,1,0,4,2,25,50.4,4,76.8,0,202,50,7,0,0,83.3,36,1,0,0,0,1,59.5
163794,Keaten Wade,ED,0,0,,0,0,,COLORADO,0,D27,4,4,0,8,1,2026,11,,0,0,,0,0,0,0,0,0,65.7,0,0,0,0,COLORADO,0,0,0,0,,0,,60.3,,75.6,0,143,15,0,0,0,0,7,0,0,0,0,11,54
163797,Noah Matthews,ED,0,0,,0,0,,KENTUCKY,0,D55,0,0,0,12,1,2027,37,74.7,0,0,,0,0,0,0,0,0,61.5,0,0,0,0,KENTUCKY,0,0,0,0,,0,0,59.7,,79.2,0,202,37,0,0,0,0,25,0,2,0,0,37,55.5
163800,Tyreese Fearbry,ED,0,0,,0,1,,KENTUCKY,0,D42,4,1,0,9,1,2027,23,19.3,0,0,60,0,0,1,0,0,0,33.6,0,0,0,0,KENTUCKY,0,0,0,0,,3,100,38.2,,78.5,0,202,27,0,0,0,0,17,0,0,0,0,23,55.2
163804,Brian Dilworth,CB,1,0,,0,1,100,KANSAS,0,D22,3,1,0,0,1,2027,0,21.7,15,1,51.9,0,0,1,0,0,0,60,2,0,0,0,KANSAS,0,0,0,0,15,0,100,47.1,15,65.6,0,198,3,12,0,0,118.8,2,0,0,0,0,0,
163813,Dean Miller,ED,1,0,,0,1,0,KANSAS,3,D45,0,0,0,21,1,2026,51,57.6,0,0,63.5,1,0,6,0,0,0,54.9,0,0,0,0,KANSAS,1,0,1,0,,0,20,53.1,,79.9,0,198,51,0,0,0,39.6,24,0,1,0,0,51,49.1
163823,Nickendre Stiger,CB,1,0,,0,0,100,KANSAS ST,1,D12,2,0,0,0,1,2026,0,74.8,42,1,48.4,0,0,1,0,0,0,60,0,0,0,0,KANSAS ST,0,0,0,0,42,2,0,41.4,42,67.6,0,199,2,4,0,0,118.8,1,0,0,0,0,0,
163824,DJ McKinney,CB,5,0,,1,0,40,COLORADO,2,D08,62,2,0,0,1,2027,3,79.3,19,2,73.7,0,0,38,0,0,0,65.9,60,0,0,0,COLORADO,0,0,0,0,11,0,0,74,9.5,78.1,0,143,65,5,0,1,51.3,27,0,2,0,0,3,
163843,Ethan Burke,ED,0,0,2026,0,1,,TEXAS,0,D91,0,0,0,11,1,2026,25,19.3,0,0,57.6,0,0,3,8,0,0,55.6,0,2,0,1,TEXAS,0,0,2,0,,0,100,63.8,,75.1,0,311,25,0,6,0,0,11,0,0,0,0,11,75
163850,Austin Jordan,S,3,0,,0,0,33.3,TCU,2,D14,30,19,0,3,1,2026,2,78.3,6,1,70.7,0,0,11,0,0,0,66,0,0,0,0,TCU,2,0,0,0,6,11,0,70.4,6,73.5,0,305,32,3,0,0,42.4,18,0,1,0,0,2,59.3
163859,Kris Ross,ED,0,0,,0,0,,NEVADA,0,D08,0,0,1,18,1,2027,33,30.5,0,0,,2,0,0,2,0,0,55,0,0,0,0,NEVADA,1,0,3,0,,0,,66.4,,78.1,0,239,33,0,2,0,0,15,0,0,0,0,29,71.8
163873,Jaylon Shelton,CB,4,0,,0,0,50,UTEP,3,D09,14,2,0,0,1,2026,0,78.2,23,2,62.2,0,0,8,0,0,0,61,11,0,0,0,UTEP,1,0,0,0,17,1,0,62.9,11.5,71,0,330,14,17,0,0,67.7,6,0,0,0,0,0,
163962,Jabari Mack,CB,3,0,,0,0,66.7,JVILLE ST,1,D04,33,1,0,0,1,2027,0,73.5,44,2,66.8,0,0,22,0,0,0,62.7,25,0,0,0,JVILLE ST,0,0,0,0,38,6,0,67.4,22,75.4,0,196,33,7,0,1,109.7,11,0,0,1,0,0,
163967,Ky'Won McCray,LB,2,0,,0,1,50,JVILLE ST,1,D11,31,25,0,10,1,2026,6,56.8,11,1,67.7,1,0,17,0,0,0,51.4,0,0,0,0,JVILLE ST,0,0,1,0,11,6,25,61.7,11,72.7,0,196,37,17,0,1,66.7,10,0,2,0,0,6,60.6
163971,Fred Perry,S,7,0,,0,3,85.7,JVILLE ST,4,D06,49,16,0,2,1,2026,1,41.3,33,6,57.9,0,0,32,0,0,0,61.5,1,0,0,0,JVILLE ST,1,0,0,0,11,15,37.5,58.8,5.5,76.4,0,196,50,20,0,0,86.3,16,1,1,17,0,1,59.7
163972,Darrell Prater,ED,0,0,,0,0,,JVILLE ST,0,D96,0,0,0,11,1,2027,17,,0,0,,0,0,0,7,0,0,63,0,0,0,0,JVILLE ST,0,0,0,0,,0,,58.3,,73.3,0,196,17,0,3,0,0,6,0,0,0,0,7,54.4
163980,Larry Worth III,S,2,0,2026,0,1,100,ARKANSAS,6,D30,31,12,0,0,1,2026,0,71.8,43,2,52,0,0,14,0,0,0,67.9,0,0,0,0,ARKANSAS,2,0,0,0,31,3,14.3,58.6,21.5,73.1,0,111,31,29,0,0,118.8,17,0,0,16,0,0,
164058,Sam Benjamin,DI,0,0,,0,0,,S DIEGO ST,0,D90,0,0,0,1,1,2026,2,,0,0,,0,0,0,0,0,0,60,0,0,0,0,S DIEGO ST,0,0,0,0,,0,,60.6,,66.6,0,284,2,0,2,0,0,1,0,0,0,0,0,60
164104,Brandon Lane,DI,0,0,,0,0,,WISCONSIN,0,D95,0,0,0,3,1,2026,7,69.7,0,0,,0,0,0,1,1,0,60.5,0,0,0,0,WISCONSIN,0,0,0,0,,0,0,59.6,,70.4,0,349,7,0,5,0,0,4,0,1,0,0,0,58.2
164123,Xander Karagosian,LB,0,0,,0,0,,OHIO,1,D14,4,4,0,0,1,2026,0,74.3,0,0,,0,0,0,0,0,0,63,0,0,0,0,OHIO,0,0,0,0,,0,0,65,,64.2,0,259,4,0,0,0,0,4,0,0,0,0,0,
164130,Adonis Williams Jr.,S,2,0,,0,3,50,OHIO,2,D05,46,4,0,7,1,2026,15,28.5,3,1,68.3,0,0,36,0,0,0,40.3,1,0,0,0,OHIO,1,0,0,0,3,41,37.5,62.9,3,81.4,0,259,61,7,0,0,56.3,18,0,3,0,0,15,63.5
164132,Jonquis Hardaway,CB,7,0,,0,1,85.7,KENTUCKY,7,D06,68,4,0,0,1,2026,2,64.2,51,6,78,0,1,31,0,0,0,63.8,64,0,1,0,KENTUCKY,4,0,0,0,19,0,12.5,73.6,8.5,0,0,202,70,19,0,0,57.4,39,0,0,0,0,2,
164136,Oliver Bridges,CB,1,0,,0,1,100,BUFFALO,0,D03,19,0,0,0,1,2027,0,21.8,22,1,52.4,0,0,3,0,0,0,62.6,18,0,0,0,BUFFALO,0,0,0,0,22,1,100,54.8,22,73.5,0,126,19,8,0,0,118.8,16,0,0,0,0,0,
164139,Kalen Carroll,CB,1,0,,0,0,100,CINCINNATI,1,D21,41,1,0,0,1,2027,1,73.5,-5,1,58.4,0,0,20,0,0,0,63.2,39,0,0,0,CINCINNATI,1,0,0,0,-5,1,0,59.6,-5,76,0,138,42,1,0,0,79.2,22,1,0,0,0,1,
164141,CJ Doggette Jr.,DI,0,0,,1,1,,OHIO,1,D11,0,0,1,19,1,2027,33,37.5,0,0,61.3,1,0,0,2,0,0,43.6,0,0,0,0,OHIO,2,0,2,0,,0,50,60.8,,74.9,0,259,33,0,31,0,0,14,0,0,0,0,0,72.3
164147,Drew Logan,ED,0,0,,0,0,,CINCINNATI,0,D91,0,0,0,4,1,2027,10,71.3,0,0,,1,0,0,8,0,0,64.5,0,0,0,0,CINCINNATI,0,0,1,0,,0,0,63.5,,71.1,0,138,10,0,1,0,0,6,0,1,0,0,1,57.3
164150,Antwan Peek Jr.,S,3,0,,0,3,66.7,CINCINNATI,2,D46,54,23,0,0,1,2027,0,42.9,47,2,57.5,0,0,26,0,0,0,67.3,0,0,0,0,CINCINNATI,0,0,0,0,47,3,30,61.8,23.5,76.3,0,138,54,47,0,0,109.7,28,0,5,28,0,0,
164156,Jonathan Thompson,LB,2,0,,1,0,100,CINCINNATI,8,D22,34,20,0,3,1,2027,7,83.3,20,2,87.6,0,0,18,0,0,0,81.7,0,0,0,0,CINCINNATI,4,0,0,0,14,14,0,89.5,10,78,0,138,41,0,0,0,108.3,20,0,1,0,0,7,56.6
164160,Abdul Carter,ED,0,0,2025,0,0,,PENN STATE,4,D11,16,16,0,30,1,2025,45,78.8,0,0,64.4,1,0,8,1,0,0,72,0,0,0,0,PENN STATE,3,0,1,0,,0,0,74,,81.4,0,266,61,0,2,0,0,23,0,2,0,0,42,67
164163,Dani Dennis-Sutton,ED,0,0,2026,0,0,,PENN STATE,1,D33,0,0,0,16,1,2026,26,71.1,0,0,65.1,0,0,1,1,0,0,63.9,0,0,0,0,PENN STATE,1,0,0,0,,0,0,66.7,,75.9,0,266,26,0,0,0,0,9,0,0,0,0,25,57.1
164166,Zane Durant,DI,0,0,2026,0,0,,PENN STATE,2,D28,2,2,0,31,1,2026,42,74.5,0,0,,0,0,0,1,6,0,76.9,0,0,0,0,PENN STATE,2,0,0,0,,0,0,69.6,,76.5,0,266,44,0,34,0,0,13,0,2,0,0,1,58.1
164178,Cam Miller,CB,4,0,2026,0,1,75,PENN STATE,1,D05,33,2,0,4,1,2026,6,76.2,27,3,49.1,0,0,23,0,0,0,62.3,0,0,0,0,PENN STATE,0,0,0,0,14,28,50,51,9,78.7,0,266,39,23,0,0,92.7,12,0,0,2,0,6,58.1
164179,Tyrece Mills,S,0,0,,0,0,,PENN STATE,0,D14,2,2,0,0,1,2026,1,,0,0,61.2,0,0,2,0,0,0,60,0,0,0,0,PENN STATE,0,0,0,0,,0,,63,,66,0,266,3,0,0,0,0,1,0,0,0,0,1,
164276,Corey Clark,DI,0,0,,0,2,,MISS STATE,0,D94,0,0,0,13,1,2027,29,16.5,0,0,60,0,0,0,3,4,0,47.1,0,0,0,0,MISS STATE,0,0,0,0,,0,100,42.9,,74.5,0,227,29,0,21,0,0,16,0,0,0,0,1,54.6
164432,Edward Rhambo,CB,3,0,,0,1,100,BOWL GREEN,5,D04,48,13,0,0,1,2027,0,57.8,50,3,63.2,0,0,32,0,0,0,60.8,35,0,0,0,BOWL GREEN,2,0,0,0,34,0,16.7,63.1,16.7,74.2,0,122,48,9,0,0,118.8,16,1,0,0,0,0,
164501,Brendan Jackson,LB,5,0,,0,0,60,TROY,7,D04,68,68,1,13,1,2025,0,83.3,33,3,69.8,2,0,29,0,0,0,58.8,0,0,0,0,TROY,4,0,3,0,23,0,0,69.1,11,73.4,0,318,68,21,0,0,79.6,26,1,1,0,0,0,69.4
165722,Mackavelli Malotumau,DI,0,0,,0,0,,NEVADA,2,D09,0,0,0,25,1,2027,41,71.3,0,0,,1,0,0,2,19,0,58.6,0,1,0,0,NEVADA,2,0,2,0,,0,0,58.5,,78.3,0,239,41,0,20,0,0,16,0,0,0,0,0,58
165778,Blaise Tita,LB,0,0,,0,0,,RICE,0,D56,7,4,0,5,1,2026,8,,0,0,60,1,0,1,0,0,0,61,0,0,0,0,RICE,0,0,1,0,,3,,58.4,,73.8,0,275,15,0,0,0,0,9,0,0,0,0,8,55.7
165889,Shane Perry,ED,1,0,,0,0,100,E CAROLINA,1,D51,0,0,0,7,1,2025,8,73,4,1,65.8,0,0,1,0,0,0,,0,0,0,0,E CAROLINA,1,0,0,0,4,0,0,66.7,4,73.6,0,156,8,3,0,0,83.3,0,0,0,0,0,8,54.2
166993,Chris Hunter III,WR,0,0,,0,0,,ARIZONA,0,16,1,0,0,0,1,2027,0,,0,0,,0,0,0,0,0,0,60,0,0,0,0,ARIZONA,0,0,0,0,,0,,60.2,,60,0,109,1,0,0,0,0,1,0,0,0,0,0,
167022,Cam Roetherford,DI,0,0,,0,0,,CINCINNATI,1,D26,0,0,0,7,1,2027,11,70.1,0,0,,0,0,0,0,11,0,63.4,0,0,0,0,CINCINNATI,1,0,0,0,,0,0,62.4,,73.1,0,138,11,0,0,0,0,4,0,0,0,0,0,57.7
167152,Joshua Donald,DI,0,0,,0,2,,APP STATE,0,D91,0,0,1,24,1,2029,40,23.6,0,0,60.2,1,0,0,0,32,0,77,0,0,0,0,APP STATE,1,0,2,0,,0,100,74.3,,77.6,0,108,40,0,8,0,0,16,0,0,0,0,0,64.1
167233,Jaree Turner-Kinsler,CB,4,0,,0,0,100,C MICHIGAN,4,D16,34,0,0,0,1,2025,0,80.9,57,4,51.7,0,0,23,0,0,0,58.6,34,0,0,0,C MICHIGAN,0,0,0,0,22,0,0,52,14.3,75.2,0,134,34,17,0,0,158.3,11,0,1,0,1,0,
167564,Wydett Williams Jr.,S,2,0,2026,0,3,0,LA MONROE,9,D12,80,35,0,0,1,2026,0,56.9,0,0,65.1,0,0,32,0,0,1,51.1,0,0,1,0,LA MONROE,1,1,0,0,,6,20,56.2,,0,0,209,80,0,0,1,39.6,48,0,3,39,0,0,
168351,Alvino Carbajal III,DI,0,0,,0,0,,LA MONROE,0,D44,0,0,0,14,1,2026,29,,0,0,,1,0,0,0,8,0,53.2,0,0,0,0,LA MONROE,0,0,1,0,,0,,56.7,,74.9,0,209,29,0,21,0,0,15,0,0,0,0,0,63
168425,D'Yoni Hill,CB,5,0,,0,0,40,MIAMI FL,2,D19,39,0,0,0,1,2026,0,76.2,33,2,66.5,0,0,32,0,0,0,60.3,30,0,0,0,MIAMI FL,0,0,0,0,29,8,0,66.8,16.5,75.9,0,220,39,7,0,1,62.9,7,0,0,1,0,0,
168495,Trent Henry,CB,1,0,,0,0,100,TROY,0,D12,3,0,0,0,1,2027,0,,46,1,60,0,0,1,0,0,0,60,3,0,0,0,TROY,0,0,0,0,46,0,,39.8,46,67.3,0,318,3,4,0,0,118.8,2,0,0,0,0,0,
168565,Mory Bamba,CB,1,0,2026,0,1,100,BYU,1,D04,15,0,0,0,1,2026,0,42.6,6,1,66,0,0,9,0,0,0,52.1,15,0,0,0,BYU,0,0,0,0,6,0,50,62.4,6,72.6,0,128,15,0,0,0,91.7,6,0,0,0,0,0,
169147,Keaton Thomas,LB,1,0,,1,0,100,BAYLOR,5,D11,77,70,0,7,1,2027,6,82,-2,1,67.7,1,0,46,0,0,0,75.5,0,0,0,0,BAYLOR,1,0,1,0,-2,7,0,72.6,-2,79.7,0,118,83,0,0,0,79.2,30,1,2,0,0,6,59.3
169523,Elias Escobar,S,2,0,,0,0,50,SM HOUSTON,2,D24,10,3,0,1,1,2025,2,76.3,-2,1,70.8,0,0,5,0,0,0,64.3,0,0,0,0,SM HOUSTON,1,0,0,0,-2,7,0,71.6,-2,72.2,0,281,12,2,0,0,56.3,6,1,0,0,0,2,59.4
169598,Luke Myers,LB,1,0,,0,0,100,MIAMI OH,0,D46,8,4,0,0,1,2027,2,76.2,4,1,71.9,0,0,7,0,0,0,60.8,0,0,0,0,MIAMI OH,0,0,0,0,4,4,0,72.9,4,70.5,0,221,10,0,0,0,83.3,3,0,1,0,0,2,
169695,Ken Talley,ED,0,0,,0,0,,MICH STATE,0,D11,0,0,0,7,1,2027,8,,0,0,,0,0,0,0,0,0,60,0,0,0,0,MICH STATE,0,0,0,0,,0,,56.5,,70.8,0,223,8,0,7,0,0,1,0,0,0,0,1,55.6
169935,DeAgo Brumfield,CB,4,0,,0,1,75,MISS STATE,8,D04,55,5,0,0,1,2026,0,69.4,62,3,64.5,0,0,31,0,0,0,82.2,46,0,0,0,MISS STATE,3,0,0,0,36,4,9.1,70.6,20.7,75.8,0,227,55,11,0,1,116.7,24,0,2,0,0,0,
169965,Alexander Kilgore,LB,1,0,,0,0,0,SMU,2,D54,27,25,0,1,1,2028,0,79.8,0,0,73.9,0,0,19,0,0,0,47,1,0,0,0,SMU,1,0,0,0,,1,0,67.8,,74.2,0,287,27,0,0,0,39.6,7,0,3,0,0,0,59.2
169970,Kevin Adams III,S,3,0,,0,1,100,TULANE,5,D23,38,9,0,0,1,2028,0,65.8,35,3,59,0,0,31,0,0,0,74.6,0,0,0,0,TULANE,2,0,0,0,27,4,12.5,63.8,11.7,74.8,0,319,38,10,0,0,115.3,7,0,2,25,0,0,
169971,Dickson Agu,LB,7,0,,0,0,85.7,TULANE,4,D28,50,45,0,3,1,2028,0,81.6,52,6,51.4,0,0,38,0,0,0,77.7,0,0,1,0,TULANE,2,0,0,0,18,5,0,58.2,8.7,75.3,0,319,50,62,0,0,97.6,9,0,3,0,0,0,57.2
169977,Matthew Fobbs-White,ED,0,0,,1,0,,TULANE,0,D35,2,0,2,29,1,2028,46,74.8,0,0,62.4,3,0,8,0,0,0,62.3,0,0,0,0,TULANE,2,0,5,0,,2,,92.8,,80.3,0,319,48,0,0,0,0,11,0,0,0,0,46,93.8
169982,Joker Johnson,CB,1,0,,0,0,0,TULANE,0,D20,11,0,0,0,1,2028,0,,0,0,53.2,0,0,10,0,0,0,60,11,0,0,0,TULANE,0,0,0,0,,0,,53,,70.9,0,319,11,0,0,0,39.6,1,0,0,0,0,0,
170019,David Ojiegbe,ED,0,0,,0,0,,PITTSBURGH,0,D17,0,0,0,12,1,2027,15,71.1,0,0,60,1,0,1,1,0,0,60.1,0,0,0,0,PITTSBURGH,0,0,1,0,,0,0,54.8,,73.8,0,268,15,0,0,0,0,2,0,1,0,0,14,53.1
170036,Desmond Aladuge,DI,0,0,,0,0,,DUKE,0,D25,0,0,0,0,1,2028,1,,0,0,,0,0,0,0,0,0,60,0,0,0,0,DUKE,0,0,0,0,,0,,60.5,,64.7,0,154,1,0,1,0,0,1,0,0,0,0,0,
170037,David Anderson,DI,0,0,,0,0,,DUKE,0,D44,0,0,0,3,1,2028,10,,0,0,,0,0,0,0,0,0,57.8,0,0,0,0,DUKE,0,0,0,0,,0,,57.2,,71.1,0,154,10,0,10,0,0,7,0,0,0,0,0,59
170058,Kimari Robinson,CB,1,0,,0,1,100,DUKE,0,D05,36,0,0,1,1,2028,1,41.8,23,1,61.8,1,0,18,0,0,0,54,33,1,0,0,DUKE,0,0,2,0,23,2,50,58.9,23,76.1,0,154,37,0,0,0,118.8,18,0,1,1,0,1,55.4
170060,DaShawn Stone,S,1,0,,0,0,100,DUKE,2,D08,37,5,0,0,1,2028,4,80.8,81,1,36.3,0,0,18,0,0,0,62.1,1,0,0,0,DUKE,0,0,0,0,81,7,0,44.7,81,79.6,0,154,41,52,0,0,158.3,23,0,1,24,1,4,
170077,Taye Seymore,S,2,0,,0,4,100,GA TECH,5,D07,49,19,0,3,1,2028,2,35.3,33,2,45.2,1,0,25,0,0,0,53.1,0,0,0,0,GA TECH,1,0,1,0,27,6,40,48.2,16.5,76.9,0,176,51,7,0,0,158.3,23,0,1,24,1,2,65.2
170082,Rueben Bain Jr.,ED,0,0,2026,0,1,,MIAMI FL,1,D04,1,1,1,28,1,2026,42,45,0,0,60.5,1,0,2,15,0,0,74.3,0,0,0,0,MIAMI FL,2,0,2,0,,0,50,64,,76.9,0,220,43,0,6,0,0,13,0,0,0,0,21,54.5
170083,Malik Bryant,ED,0,0,,0,0,,MIAMI FL,0,D24,2,2,0,6,1,2028,14,,0,0,60.4,0,0,2,1,0,0,61.4,0,0,0,0,MIAMI FL,0,0,0,0,,0,,59.7,,74.9,0,220,16,0,0,0,0,8,0,0,0,0,13,56
170093,Kaleb Spencer,S,2,0,,0,0,100,VA TECH,1,D29,10,3,0,1,1,2028,5,74.8,13,2,57.3,0,0,8,0,0,0,61.8,0,0,0,0,VA TECH,0,0,0,0,7,7,0,58.7,6.5,75.7,0,337,15,8,0,0,93.8,6,0,0,0,0,5,60
170096,Robby Washington,CB,2,0,,0,0,50,MIAMI FL,0,D28,5,0,0,0,1,2028,0,,5,1,37.7,0,0,5,0,0,0,,5,0,0,0,MIAMI FL,0,0,0,0,5,0,,34.7,5,68.9,0,220,5,0,0,0,95.8,0,0,0,0,1,0,
170097,Bobby Washington Jr.,LB,0,0,,0,0,,MIAMI FL,0,D17,1,1,0,0,1,2028,0,,0,0,60,0,0,1,0,0,0,,0,0,0,0,MIAMI FL,0,0,0,0,,0,,60.3,,62.1,0,220,1,0,0,0,0,0,0,0,0,0,0,
170098,Jayden Wayne,ED,0,0,,0,0,,WASHINGTON,0,D18,0,0,0,4,1,2028,14,,0,0,,0,0,0,1,0,0,61.5,0,0,0,0,WASHINGTON,0,0,0,0,,0,,60.1,,74.7,0,340,14,0,2,0,0,10,0,0,0,0,11,56.7
170102,Amare Campbell,LB,5,0,,0,0,100,N CAROLINA,3,D17,53,46,1,5,1,2028,4,79.9,34,5,56.6,0,0,39,0,0,0,56.6,0,0,0,0,N CAROLINA,2,0,1,0,12,7,0,57.6,6.8,75.3,0,245,57,23,0,0,95,13,0,1,0,0,4,65.1
170110,Michael Short,LB,0,0,,0,0,,N CAROLINA,0,D30,9,8,0,0,1,2028,1,,0,0,63,0,0,5,0,0,0,54.4,0,0,0,0,N CAROLINA,0,0,0,0,,1,,58.2,,70.5,0,245,10,0,0,0,0,5,0,0,0,0,1,
170112,Thomas Aden,DI,0,0,,0,0,,PITTSBURGH,0,D91,0,0,0,4,1,2027,4,,0,0,,1,0,0,0,0,0,,0,0,0,0,PITTSBURGH,0,0,1,0,,0,,65.7,,68.6,0,268,4,0,4,0,0,0,0,0,0,0,0,65.1
170119,Braylan Lovelace,LB,6,1,,0,0,66.7,PITTSBURGH,1,D00,21,15,1,7,1,2028,9,76.8,28,4,53.1,0,1,17,0,0,0,61,0,0,0,0,PITTSBURGH,1,0,1,0,12,6,0,56.2,7,76.8,0,268,30,29,0,0,37.5,6,0,0,0,0,9,62.6
170121,Isaiah Neal,DI,0,0,,0,0,,PITTSBURGH,1,D97,0,0,0,32,1,2028,42,70.2,0,0,56.9,1,0,2,0,13,0,71.4,0,1,0,0,PITTSBURGH,1,0,2,0,,0,0,71.3,,77.3,0,268,42,0,29,0,0,8,1,0,0,0,0,68.1
170162,Zach Lutmer,S,2,0,,0,0,100,IOWA,1,D06,13,0,0,0,1,2028,0,79,17,2,59.6,0,0,10,0,0,0,63.3,1,0,0,0,IOWA,0,0,0,0,12,12,0,61.3,8.5,75.2,0,192,13,10,0,0,102.1,3,0,2,0,0,0,
170166,Kenneth Merrieweather,ED,0,0,,0,0,,IOWA,0,D44,0,0,1,1,1,2028,1,70.2,0,0,,0,0,0,0,0,0,,0,0,0,0,IOWA,1,0,1,0,,0,,68.8,,64.7,0,192,1,0,1,0,0,0,0,0,0,0,0,69.2
170176,Anterio Thompson,DI,0,0,2026,0,0,,W MICHIGAN,1,D11,0,0,0,14,1,2026,23,70.2,0,0,,2,0,0,2,3,0,85.9,0,0,0,0,W MICHIGAN,1,0,2,0,,0,0,90.1,,74,0,347,23,0,17,0,0,9,0,0,0,0,1,75.1
170180,Jonathan Akins,CB,1,0,,0,0,100,MARYLAND,0,D14,18,0,0,0,1,2028,0,,25,1,56.5,0,0,13,0,0,0,60,17,0,0,0,MARYLAND,0,0,0,0,25,1,,56.9,25,73.2,0,215,18,0,0,0,158.3,5,0,0,0,1,0,
170182,Neeo Avery,ED,0,0,,0,1,,MARYLAND,0,D00,0,0,0,5,1,2028,13,23.8,0,0,,1,0,0,5,0,0,38.4,0,0,0,0,MARYLAND,0,0,1,0,,0,100,37.2,,72.7,0,215,13,0,0,0,0,8,0,0,0,0,8,56.8
170192,Dillan Fontus,DI,0,0,,0,0,,MARYLAND,1,D46,0,0,0,3,1,2028,15,72.8,0,0,,0,0,0,3,0,0,65.2,0,0,0,0,MARYLAND,1,0,0,0,,0,0,65.1,,72.4,0,215,15,0,12,0,0,12,0,1,0,0,0,58.4
170194,Michael Harris,LB,1,0,,0,0,100,MARYLAND,2,D31,17,17,0,0,1,2028,0,76.1,3,1,73.1,0,0,9,0,0,0,71.4,0,0,0,0,MARYLAND,1,0,0,0,3,0,0,79.9,3,72.4,0,215,17,1,0,0,79.2,8,0,0,0,0,0,
170205,DJ Samuels,ED,0,0,,0,0,,MARYLAND,3,D42,0,0,0,7,1,2028,25,76.5,0,0,60,0,0,1,0,0,0,79.9,0,0,0,0,MARYLAND,3,0,0,0,,0,0,76.4,,76.8,0,215,25,0,0,0,0,17,3,1,0,0,25,55.9
170207,Kevis Thomas,CB,8,0,,0,0,75,MARYLAND,4,D25,34,2,0,0,1,2028,0,80,69,6,32.1,0,0,25,0,0,0,60.9,22,0,1,0,MARYLAND,0,0,0,0,19,9,0,33.6,11.5,75.1,0,215,34,11,0,0,140.1,9,0,0,1,2,0,
170212,Daniel Wingate,LB,0,0,,0,0,,MARYLAND,3,D16,26,26,0,8,1,2028,1,78.7,0,0,72,1,0,10,0,0,0,69.7,0,1,0,0,MARYLAND,3,0,2,0,,0,0,78.6,,72.7,0,215,27,0,0,0,0,9,0,1,0,0,1,67.1
170219,Vincent Carroll-Jackson,DI,0,0,,0,0,,NEBRASKA,0,D55,0,0,0,1,1,2028,4,70.2,0,0,,0,0,0,0,2,0,50.1,0,0,0,0,NEBRASKA,0,0,0,0,,0,0,45.3,,70.2,0,238,4,0,2,0,0,3,0,1,0,0,0,60
170220,Jeremiah Charles,CB,0,0,,0,0,,NEBRASKA,0,D25,6,3,0,0,1,2029,0,,0,0,60,0,0,1,0,0,0,60,3,0,0,0,NEBRASKA,0,0,0,0,,0,,62.2,,67.1,0,238,6,0,0,0,0,5,0,0,0,0,0,
170232,Cameron Lenhardt,ED,0,0,,0,0,,NEBRASKA,1,D11,0,0,0,5,1,2028,9,69.7,0,0,,0,0,0,3,0,0,60.3,0,0,0,0,NEBRASKA,1,0,0,0,,0,0,74.2,,70.3,0,238,9,0,4,0,0,4,0,0,0,0,2,77.9
170245,Princewill Umanmielen,ED,0,0,,0,0,,NEBRASKA,0,D18,0,0,0,1,1,2028,4,,0,0,,0,0,0,0,0,0,62.9,0,0,0,0,NEBRASKA,0,0,0,0,,0,,67.2,,70.5,0,238,4,0,0,0,0,3,0,0,0,0,4,59.7
170257,Jermaine Mathews Jr.,CB,2,0,,0,0,50,OHIO STATE,0,D24,34,1,0,3,1,2028,1,73.4,-1,1,57.3,0,0,20,0,0,0,61.3,8,0,1,0,OHIO STATE,0,1,0,0,-1,21,0,57.5,-1,77.5,0,260,35,1,0,0,56.3,12,0,1,4,0,1,57.2
170258,Kayden McDonald,DI,0,0,2026,0,1,,OHIO STATE,0,D98,0,0,0,3,1,2026,10,21.8,0,0,,0,0,0,0,3,0,67.1,0,0,0,0,OHIO STATE,0,0,0,0,,0,100,67.6,,71.5,0,260,10,0,7,0,0,7,0,0,0,0,0,58.9
170262,Jason Moore,DI,0,0,,0,0,,OHIO STATE,0,D94,0,0,0,1,1,2028,2,,0,0,,0,0,0,0,0,0,60,0,0,0,0,OHIO STATE,0,0,0,0,,0,,60.6,,66.3,0,260,2,0,2,0,0,1,0,0,0,0,0,60
170264,Arvell Reese,LB,2,0,2026,1,0,50,OHIO STATE,1,D20,22,21,0,3,1,2026,2,77.4,8,1,53.5,0,0,8,0,0,0,63,0,0,1,0,OHIO STATE,1,0,0,0,8,1,0,46.5,8,0,0,260,24,0,0,0,60.4,13,0,2,0,0,2,56.6
170280,Kolin Dinkins,CB,0,0,,0,0,,PENN STATE,0,D31,1,0,0,0,1,2027,0,,0,0,,0,0,0,0,0,0,60,0,0,0,0,PENN STATE,0,0,0,0,,0,,60.2,,73.9,0,266,1,0,0,0,0,1,0,0,0,0,0,
170287,King Mack,CB,1,0,,0,0,100,ALABAMA,2,D05,12,7,0,0,1,2028,0,76.8,5,1,61.4,0,0,1,0,0,0,64.9,0,0,0,0,ALABAMA,0,0,0,0,5,1,0,66.3,5,69.6,0,103,12,5,0,0,87.5,11,0,0,4,0,0,
170290,Da'Kaari Nelson,S,0,0,,0,0,,PENN STATE,0,D08,3,1,0,0,1,2028,1,,0,0,60,0,0,1,0,0,0,60,0,0,0,0,PENN STATE,0,0,0,0,,1,,61.9,,66.1,0,266,4,0,0,0,0,3,0,0,0,0,1,
170295,Ta'Mere Robinson,LB,0,0,,0,0,,PENN STATE,0,D24,1,0,0,0,1,2028,0,,0,0,,0,0,0,0,0,0,60,0,0,0,0,PENN STATE,0,0,0,0,,0,,60.1,,60,0,266,1,0,0,0,0,1,0,0,0,0,0,
170297,Tony Rojas,LB,5,0,,0,3,80,PENN STATE,4,D13,54,53,0,4,1,2028,4,27.6,32,4,76.6,0,0,32,0,0,0,35.2,0,1,0,0,PENN STATE,3,0,1,0,20,1,42.9,59.5,8,77.9,0,266,58,33,0,1,93.3,22,0,0,0,0,4,56.1
170301,Zion Tracy,CB,5,0,,0,1,40,PENN STATE,1,D07,28,2,0,3,1,2028,3,28,13,2,60.8,0,0,21,0,0,0,61.1,3,0,0,0,PENN STATE,1,0,0,0,11,22,50,60.5,6.5,77.5,0,266,31,3,0,0,47.9,7,0,0,0,0,3,56.4
170303,Elliot Washington II,CB,5,0,,0,0,60,PENN STATE,4,D09,47,3,0,0,1,2028,0,81.1,33,3,58,0,0,32,0,0,0,65.7,43,0,0,0,PENN STATE,1,0,0,0,14,1,0,59.5,11,75.5,0,266,47,13,0,1,79.6,15,0,1,0,0,0,
170313,Bo Mascoe,CB,4,0,,0,1,50,RUTGERS,1,D03,24,1,0,0,1,2028,1,27.9,22,2,62,0,0,13,0,0,0,62.1,18,0,0,0,RUTGERS,0,0,0,0,11,5,50,62.8,11,75.1,0,278,25,25,0,1,106.3,12,0,0,0,1,1,
170314,Jesse Ofurie,S,0,0,,0,0,,RUTGERS,0,D16,4,3,0,0,1,2028,0,,0,0,,0,0,0,0,0,0,60,0,0,0,0,RUTGERS,0,0,0,0,,0,,60.1,,67.3,0,278,4,0,0,0,0,4,0,0,1,0,0,
170320,Abram Wright,LB,0,0,,0,0,,RUTGERS,0,D11,2,1,0,2,1,2028,2,,0,0,60.5,1,0,2,0,0,0,,1,0,0,0,RUTGERS,0,0,1,0,,0,,58.8,,71,0,278,4,0,0,0,0,0,0,0,0,0,2,57.3
170330,Ashlynd Barker,S,1,0,,0,1,100,FLORIDA ST,2,D27,19,4,0,0,1,2027,0,81,3,1,75.8,0,0,10,0,0,0,67.1,0,0,0,0,FLORIDA ST,1,0,0,0,3,0,25,75.7,3,73.3,0,167,19,0,0,0,79.2,9,0,1,15,0,0,
170342,Quindarrius Jones,CB,3,0,,0,0,100,FLORIDA ST,3,D16,27,2,0,0,1,2028,1,78.8,46,3,43.7,0,0,18,0,0,0,61.4,24,0,1,0,FLORIDA ST,0,0,0,0,21,1,0,45.2,15.3,74.3,0,167,28,15,0,0,118.8,10,0,0,0,0,1,
170344,Edwin Joseph,CB,3,0,,0,0,66.7,FLORIDA ST,2,D33,28,7,1,3,1,2028,4,80.9,9,2,70.6,0,0,22,0,0,0,64.4,0,0,0,0,FLORIDA ST,3,0,1,0,6,21,0,72.3,4.5,77.1,0,167,32,10,0,0,70.1,7,0,1,0,0,4,67.3
170345,K.J. Kirkland,S,1,0,,0,1,100,FLORIDA ST,2,D24,50,43,0,3,1,2028,3,55.7,20,1,55.6,1,0,33,0,0,0,61.5,0,0,1,0,FLORIDA ST,1,0,1,0,20,1,33.3,53.1,20,0,0,167,53,14,0,0,118.8,17,0,0,6,0,3,57.2
170350,Blake Nichelson,LB,1,0,,0,0,100,FLORIDA ST,3,D20,32,25,0,4,1,2028,0,79.4,-1,1,60.1,0,0,17,0,0,0,70,0,0,1,0,FLORIDA ST,1,0,0,0,-1,7,0,64.1,-1,73.3,0,167,32,3,0,0,79.2,11,0,1,0,0,0,54.9
170354,KJ Sampson,DI,0,0,,0,1,,FLORIDA ST,5,D56,0,0,0,8,1,2028,17,58.3,0,0,61.9,0,0,0,1,1,0,62,0,0,0,0,FLORIDA ST,2,0,0,0,,0,12.5,68.9,,72.4,0,167,17,0,15,0,0,9,0,2,0,0,0,64.2
170359,DeMarco Ward,LB,0,0,,0,0,,FLORIDA ST,1,D31,9,9,0,0,1,2028,0,76.5,0,0,63.6,0,0,3,0,0,0,53.5,0,0,0,0,FLORIDA ST,1,0,0,0,,0,0,57.3,,67,0,167,9,0,0,0,0,6,0,1,0,0,0,
170386,David Omopariola,ED,0,0,,0,0,,SYRACUSE,0,D18,0,0,0,8,1,2028,12,73,0,0,65.6,0,0,0,2,0,0,60.7,0,0,0,0,SYRACUSE,0,0,0,0,,0,0,68.9,,74,0,304,12,0,0,0,0,4,0,1,0,0,10,56.7
170401,Quaylen Hill,DI,0,0,,0,0,,FIU,1,D95,0,0,0,11,1,2026,39,67.9,0,0,,1,0,0,3,21,0,65,0,0,0,0,FIU,1,0,1,0,,0,0,64.1,,77.5,0,166,39,0,15,0,0,28,0,1,0,0,0,57.2
170416,Dajwon DeLoach,LB,0,0,,0,0,,JVILLE ST,1,D34,9,9,0,3,1,2030,0,73.6,0,0,51,0,0,5,0,0,0,60,0,0,0,0,JVILLE ST,0,0,0,0,,0,0,45.2,,71.2,0,196,9,0,0,0,0,1,0,0,0,0,0,54.7
170420,Travis Franklin Jr.,S,0,0,,0,0,,JVILLE ST,0,D20,1,1,0,0,1,2028,0,,0,0,60,0,0,1,0,0,0,,0,0,0,0,JVILLE ST,0,0,0,0,,0,,60,,64,0,196,1,0,0,0,0,0,0,0,0,0,0,
170426,Geimere Latimer II,CB,2,0,,0,0,0,JVILLE ST,2,D01,33,9,0,1,1,2028,0,76.7,0,0,74.2,0,0,25,0,0,0,60.4,24,0,0,0,JVILLE ST,1,0,0,0,,0,0,74.1,,74.7,0,196,33,0,0,0,39.6,7,0,0,0,0,0,59.1
170431,Shane Payton Hodges,ED,0,0,,0,0,,JVILLE ST,0,D42,0,0,0,6,1,2028,7,,0,0,,0,0,0,2,0,0,60,0,0,0,0,JVILLE ST,0,0,0,0,,0,,54.9,,69.9,0,196,7,0,5,0,0,1,0,0,0,0,0,54.7
170434,Zechariah Poyser,S,6,0,,0,1,66.7,JVILLE ST,4,D18,58,11,0,0,1,2028,0,26.4,105,4,65,0,0,41,0,0,0,62.2,0,0,0,0,JVILLE ST,2,0,0,0,61,35,16.7,65.3,26.3,78.7,0,196,58,39,0,2,149.3,17,0,1,12,1,0,
170438,Kekoura Tarnue,S,3,0,,1,1,100,W VIRGINIA,6,D14,48,13,0,5,1,2026,7,71.2,25,3,68.5,1,0,30,0,0,0,72.6,0,0,0,0,W VIRGINIA,2,0,1,0,14,29,12.5,71.4,8.3,78.8,0,343,55,29,0,0,101.4,20,0,1,6,0,7,63
170443,Quinzavious Warren,DI,0,0,,0,0,,UTEP,0,D92,0,0,0,1,1,2026,2,,0,0,,0,0,0,0,2,0,60,0,0,0,0,UTEP,0,0,0,0,,0,,60.4,,67.6,0,330,2,0,0,0,0,1,0,0,0,0,0,60
170449,David Blay Jr.,DI,0,0,2026,0,0,,LA TECH,0,D90,0,0,1,11,1,2026,38,74.6,0,0,,1,0,0,0,30,0,58.4,0,0,0,0,LA TECH,1,0,2,0,,0,0,63.2,,77.1,0,208,38,0,8,0,0,27,0,3,0,0,0,70.3
170457,Jacob Fields,S,4,0,,0,1,100,LA TECH,9,D23,63,14,0,0,1,2028,0,71.6,56,4,77.4,0,0,19,0,0,0,79.8,0,0,0,0,LA TECH,5,0,0,0,47,13,9.1,80.2,14,77.8,0,208,63,54,0,1,158.3,44,2,1,36,1,0,
170479,Sam Brumfield,LB,4,0,,0,2,100,VA TECH,4,D03,22,21,0,2,1,2026,0,52.8,36,4,51.4,0,0,11,0,0,0,66.3,0,0,0,0,VA TECH,0,0,0,0,21,1,28.6,55.6,9,72.2,0,337,22,32,0,0,104.2,9,0,1,0,0,0,56.6
170480,Anthony Bynum,ED,0,0,,0,0,,MIDDLE TN,1,D40,0,0,0,21,1,2028,57,70.8,0,0,60,0,0,0,35,0,0,54,0,0,0,0,MIDDLE TN,0,0,0,0,,0,0,53.8,,75.7,0,224,57,0,20,0,0,36,0,0,0,0,2,54.6
170484,Markel James,ED,0,0,,0,0,,MIDDLE TN,0,D43,0,0,0,0,1,2028,5,72.2,0,0,,0,0,0,0,0,0,62.3,0,0,0,0,MIDDLE TN,0,0,0,0,,0,0,64.1,,71.8,0,224,5,0,0,0,0,5,0,1,0,0,5,
170488,Ja'Darious Morris,DI,0,0,,0,0,,MIDDLE TN,0,D45,0,0,0,0,1,2028,5,72.8,0,0,,0,0,0,3,0,0,44.1,0,0,0,0,MIDDLE TN,0,0,0,0,,0,0,38.1,,69.3,0,224,5,0,2,0,0,5,0,2,0,0,0,
170491,Jordan Thompson,LB,1,0,,0,1,100,MIDDLE TN,4,D36,49,44,0,3,1,2028,1,67.4,11,1,57.1,1,0,13,0,0,0,32.7,0,1,0,0,MIDDLE TN,2,0,2,0,11,5,14.3,35.7,11,71.9,0,224,50,7,0,0,112.5,34,0,2,0,0,1,46.8
170495,Shakai Woods,DI,0,0,,0,0,,MIDDLE TN,4,D98,0,0,0,16,1,2028,48,75.6,0,0,,1,0,0,0,43,0,66.8,0,0,0,0,MIDDLE TN,2,0,1,0,,0,0,73.4,,78.2,0,224,48,0,5,0,0,32,0,1,0,0,0,78.6
170513,KD Johnson,DI,1,0,,0,0,100,UTEP,3,D07,0,0,0,33,1,2026,50,76.7,19,1,57.8,1,0,1,13,0,0,90.8,0,0,0,0,UTEP,2,0,1,0,19,0,0,73.1,19,76.1,0,330,50,6,31,0,118.8,16,1,2,0,0,6,56.4
170514,Dimitri Madden,DI,0,0,,0,0,,AKRON,0,D90,0,0,1,12,1,2026,23,69.7,0,0,,0,0,0,1,0,0,59.4,0,0,0,0,AKRON,0,0,1,0,,0,,65.1,,73.6,0,102,23,0,21,0,0,11,0,0,0,0,1,68.1
170515,Oscar Moore,S,3,0,,0,1,100,UTEP,3,D11,58,25,0,1,1,2026,3,61,42,3,49.9,1,0,38,0,0,0,58.6,0,0,0,0,UTEP,1,0,1,0,16,9,25,51.6,14,76.8,0,330,61,7,0,0,118.8,22,0,0,24,0,3,59.9
170988,Tano Letuli,LB,1,0,,0,0,0,S DIEGO ST,6,D21,59,41,0,4,1,2028,4,84.1,0,0,68.3,1,0,32,0,0,0,67.8,0,0,0,0,S DIEGO ST,5,0,1,0,,18,0,71,,78.4,0,284,63,0,0,1,39.6,27,1,3,0,0,4,65.4
171036,Cam Chadwick Jr.,CB,4,0,,0,0,0,UCONN,1,D13,62,10,0,0,1,2028,0,77.1,0,0,80.6,0,0,35,0,0,0,68.7,52,0,0,0,UCONN,0,0,0,0,,0,0,80.2,,76.1,0,146,62,0,0,3,39.6,27,0,1,0,0,0,
171059,Amir Renwick,LB,0,0,,0,0,,UCONN,0,D09,2,2,0,0,1,2026,1,,0,0,60,0,0,1,0,0,0,60,0,0,0,0,UCONN,0,0,0,0,,0,,61.1,,67.7,0,146,3,0,0,0,0,2,0,0,0,0,1,
171068,Gabriel Iniguez Jr.,DI,0,0,,0,0,,UTAH ST,1,D10,0,0,0,28,1,2026,55,73.4,0,0,60,0,0,0,0,5,0,74,0,0,0,0,UTAH ST,1,0,0,0,,0,0,68.2,,76.7,0,329,55,0,50,0,0,27,1,2,0,0,0,54.8
171075,Jaiden Ausberry,LB,1,0,,0,1,100,NOTRE DAME,1,D04,36,25,0,0,1,2028,14,44.5,4,1,52.7,0,0,14,0,0,0,57.6,1,0,0,0,NOTRE DAME,1,0,0,0,4,10,33.3,54.8,4,75.6,0,258,50,2,0,0,83.3,36,0,1,0,0,14,
171077,Drayk Bowen,LB,1,0,,0,2,100,NOTRE DAME,2,D34,35,35,0,1,1,2028,0,37.1,7,1,64.5,0,0,10,0,0,0,51.1,0,1,0,0,NOTRE DAME,1,0,1,0,7,0,33.3,56.1,7,74.7,0,258,35,3,0,0,95.8,24,0,2,0,0,0,59.6
171092,Ben Minich,S,0,0,,0,0,,NOTRE DAME,0,D13,1,0,0,0,1,2028,1,,0,0,,0,0,0,0,0,0,60,1,0,0,0,NOTRE DAME,0,0,0,0,,0,,60,,68.6,0,258,2,0,0,0,0,2,0,0,0,0,1,
171093,Armel Mukam,DI,0,0,,0,0,,NOTRE DAME,0,D88,0,0,0,1,1,2028,2,,0,0,,0,0,0,0,1,0,60,0,0,0,0,NOTRE DAME,0,0,0,0,,0,,60.4,,67,0,258,2,0,1,0,0,1,0,0,0,0,0,60
171094,Kobi Onyiuke,ED,0,0,,0,0,,NOTRE DAME,0,D45,0,0,0,1,1,2026,9,,0,0,,0,0,0,3,0,0,61.7,0,0,0,0,NOTRE DAME,0,0,0,0,,0,,62.4,,71.8,0,258,9,0,2,0,0,8,0,0,0,0,4,60
171098,Adon Shuler,S,2,0,,0,1,50,NOTRE DAME,7,D08,56,46,0,0,1,2028,1,62.1,32,1,64.4,0,0,18,0,0,1,66.3,1,0,0,0,NOTRE DAME,4,0,0,0,32,1,12.5,66.6,32,72.4,0,258,57,7,0,0,95.8,39,0,0,8,0,1,
171100,Luke Talich,S,0,0,,0,0,,NOTRE DAME,1,D28,3,1,0,0,1,2028,0,78.8,0,0,,0,0,0,0,0,0,69.8,0,0,0,0,NOTRE DAME,1,0,0,0,,1,0,70.7,,65.7,0,258,3,0,0,0,0,3,0,1,1,0,0,
171105,Preston Zinter,LB,0,0,,0,0,,NOTRE DAME,0,D25,3,3,0,0,1,2028,0,,0,0,,0,0,0,0,0,0,62.1,0,0,0,0,NOTRE DAME,0,0,0,0,,0,,64,,66.2,0,258,3,0,0,0,0,3,0,0,0,0,0,
171199,Dion Crawford,ED,1,0,,0,1,100,BUFFALO,5,D18,26,11,0,13,1,2028,32,69.5,7,1,74,2,0,9,0,0,0,59.3,0,0,0,0,BUFFALO,4,0,2,0,7,15,12.5,65.2,7,81.1,0,126,58,3,0,0,95.8,36,0,2,0,0,32,54.5
171206,Charles McCartherens,CB,2,0,,0,0,100,BUFFALO,2,D05,46,0,0,0,1,2028,0,80.1,63,2,54.5,0,0,15,0,0,0,66.9,46,0,0,0,BUFFALO,0,0,0,0,52,0,0,57.9,31.5,75.9,0,126,46,19,0,0,118.8,31,0,2,0,0,0,
171230,Keshawn Hayden,ED,0,0,,0,0,,C MICHIGAN,0,D49,0,0,0,4,1,2028,7,,0,0,,0,0,0,0,0,0,61.1,0,0,0,0,C MICHIGAN,0,0,0,0,,0,,60.4,,71.8,0,134,7,0,0,0,0,3,0,0,0,0,7,57.5
171250,Kaden Beatty,DI,0,0,,0,1,,KENT STATE,0,D53,0,0,0,14,1,2028,32,69.7,0,0,,1,0,0,5,3,0,36,0,0,0,0,KENT STATE,0,0,1,0,,0,100,38,,74.9,0,201,32,0,24,0,0,18,0,0,0,0,0,55.7
171266,Tevin Tucker,S,2,0,,0,2,50,KENT STATE,3,D13,64,40,0,2,1,2028,0,45.9,5,1,71.6,0,0,25,0,0,0,25.3,0,1,0,0,KENT STATE,1,0,1,0,5,16,25,47.3,5,76.3,0,201,64,1,0,1,56.3,37,0,3,8,0,0,59.8
171267,Damari Williams,S,0,0,,0,0,,KENT STATE,0,D35,1,1,0,0,1,2027,0,,0,0,,0,0,0,0,0,0,60,0,0,0,0,KENT STATE,0,0,0,0,,0,,60,,62.8,0,201,1,0,0,0,0,1,0,0,0,0,0,
171269,CJ Young,S,0,0,,0,1,,KENT STATE,2,D31,7,6,0,0,1,2028,1,48.6,0,0,60,0,0,1,0,0,0,65.2,0,0,0,0,KENT STATE,1,0,0,0,,1,33.3,66.1,,67.3,0,201,8,0,0,0,0,7,0,0,0,0,1,
171270,Roosevelt Andrews III,DI,0,0,,0,0,,MIAMI OH,0,D92,0,0,1,6,1,2028,7,69.7,0,0,,0,0,0,0,0,0,60,0,0,0,0,MIAMI OH,1,0,1,0,,0,,69,,69.8,0,221,7,0,7,0,0,1,0,0,0,0,0,67.8
171282,Malcolm McCain,LB,0,0,,0,0,,MIAMI OH,1,D25,10,10,0,0,1,2028,0,74.3,0,0,62.2,0,0,7,0,0,0,73.4,0,0,0,0,MIAMI OH,1,0,0,0,,0,0,75.7,,70.8,0,221,10,0,0,0,0,3,0,0,0,0,0,
171284,Christian McKinney,LB,1,0,,0,0,0,MIAMI OH,1,D34,9,9,0,0,1,2028,0,73.6,0,0,60.5,0,0,6,0,0,0,62,0,0,0,0,MIAMI OH,1,0,0,0,,0,0,62.9,,70.3,0,221,9,0,0,0,39.6,3,0,0,0,0,0,
171293,Raion Strader,CB,7,0,,0,0,42.9,MIAMI OH,6,D13,44,3,0,0,1,2028,0,81.1,33,3,71.8,0,0,16,0,0,0,66.3,41,0,0,0,MIAMI OH,1,0,0,0,14,0,0,72,11,75.4,0,221,44,5,0,2,57.4,28,0,0,0,0,0,
171300,Santana Banner,S,0,0,,0,1,,N ILLINOIS,6,D15,51,39,0,2,1,2028,1,65.8,0,0,61.9,0,0,20,0,0,0,70.9,0,0,0,0,N ILLINOIS,1,0,0,0,,5,11.1,67.2,,74.3,0,254,52,0,0,0,0,30,0,2,7,0,1,57.7
171308,Skyler Gill-Howard,DI,0,0,2026,0,0,,N ILLINOIS,3,D00,0,0,1,24,1,2026,47,75.8,0,0,,1,0,0,12,2,0,65.3,0,1,0,0,N ILLINOIS,3,0,3,0,,0,0,68.1,,76.2,0,254,47,0,32,0,0,23,1,1,0,0,1,66.1
171311,Mark Hensley,DI,0,0,,0,0,,N ILLINOIS,1,D57,0,0,0,4,1,2028,12,69.7,0,0,,0,0,0,0,0,0,70.9,0,0,0,0,N ILLINOIS,1,0,0,0,,0,0,70.3,,71.6,0,254,12,0,12,0,0,8,1,0,0,0,0,57.6
171329,Nevaeh Sanders,ED,0,0,,0,0,,N ILLINOIS,0,D28,0,0,0,6,1,2026,7,,0,0,,0,0,0,0,0,0,60,0,0,0,0,N ILLINOIS,0,0,0,0,,0,,55.7,,72.7,0,254,7,0,0,0,0,1,0,0,0,0,7,55.4
171340,Jay Crable,ED,0,0,,0,0,,OHIO,1,D91,0,0,0,2,1,2028,7,71.1,0,0,,0,0,0,0,0,0,66.3,0,0,0,0,OHIO,1,0,0,0,,0,0,66.6,,71.6,0,259,7,0,0,0,0,5,0,0,0,0,7,57.9
171345,Jack Fries,LB,0,0,,0,0,,OHIO,1,D27,4,4,0,0,1,2027,0,73.6,0,0,,0,0,0,0,0,0,72.1,0,0,0,0,OHIO,1,0,0,0,,0,0,76.1,,68.3,0,259,4,0,0,0,0,4,0,0,0,0,0,
171355,Austin Mitchell,DI,0,0,,0,0,,OHIO,0,D97,0,0,0,0,1,2029,4,,0,0,,0,0,0,0,0,0,55.2,0,0,0,0,OHIO,0,0,0,0,,0,,52.9,,68.3,0,259,4,0,4,0,0,4,0,0,0,0,0,
171357,Tank Pearson,CB,9,0,,0,2,66.7,OHIO,3,D07,67,0,0,0,1,2026,0,29.1,77,6,51.6,0,0,45,0,0,0,66,66,0,0,0,OHIO,1,0,0,0,25,1,40,53.3,12.8,77.5,0,259,67,10,0,1,93.3,22,0,0,0,0,0,
171358,Bailey Russ,LB,0,0,,0,0,,OHIO,0,D18,3,3,0,0,1,2025,0,,0,0,,0,0,0,0,0,0,61.4,0,0,0,0,OHIO,0,0,0,0,,0,,63.1,,63.6,0,259,3,0,0,0,0,3,0,0,0,0,0,
171359,Kadin Schmitz,LB,6,0,,0,0,66.7,OHIO,5,D19,55,37,0,5,1,2028,2,82.8,37,4,63.1,0,0,34,0,0,0,57.9,0,0,0,0,OHIO,2,0,0,0,17,18,0,60.7,9.3,77.2,0,259,57,14,0,0,83.3,18,0,2,0,0,2,55.2
171363,Jalen Thomeson,S,1,0,,0,0,100,OHIO,2,D22,12,3,0,0,1,2028,0,78,0,1,78.5,0,0,6,0,0,0,64.8,0,0,0,0,OHIO,1,0,0,0,0,9,0,79.8,0,71.1,0,259,12,6,0,0,79.2,6,0,0,0,0,0,
171364,DJ Walker,S,2,0,,0,2,100,OHIO,4,D21,68,11,0,0,1,2028,0,43.9,29,2,58.9,0,0,46,0,0,0,69.9,0,0,0,0,OHIO,0,0,0,0,21,13,28.6,63,14.5,77.3,0,259,68,5,0,1,158.3,22,0,1,44,1,0,60
171370,Braden Awls,CB,1,0,,0,0,100,TOLEDO,2,D26,32,16,0,0,1,2028,2,79.9,6,1,68.2,0,0,15,0,0,0,62,5,0,0,0,TOLEDO,0,0,0,0,6,9,0,67.5,6,74.8,0,316,34,3,0,0,91.7,19,0,2,2,0,2,
171395,Joshua Franklin,CB,2,0,,0,1,100,W MICHIGAN,2,D21,25,1,0,2,1,2028,3,35.3,10,2,61,0,0,18,0,0,0,63.5,0,2,0,0,W MICHIGAN,1,0,2,0,6,24,33.3,63.8,5,78.5,0,347,28,6,0,0,87.5,8,0,0,0,0,3,66.6
171396,Dalton Gustwiller,DI,0,0,,0,0,,W MICHIGAN,0,D96,0,0,0,8,1,2028,14,72.4,0,0,,0,0,0,0,1,0,65,0,0,0,0,W MICHIGAN,0,0,0,0,,0,0,62.3,,72.8,0,347,14,0,13,0,0,6,0,2,0,0,0,55.6
171406,Marcel Tyler,DI,0,0,,0,0,,W MICHIGAN,0,D91,0,0,0,10,1,2026,22,,0,0,,0,0,0,5,1,0,63.2,0,0,0,1,W MICHIGAN,0,0,0,0,,0,,67.3,,72.9,0,347,22,0,16,0,0,12,0,0,0,0,0,66.6
171553,Tanner Vaughan,DI,0,0,,0,0,,NEVADA,1,D96,0,0,0,10,1,2027,21,70.2,0,0,,0,0,0,3,3,0,44.4,0,0,0,0,NEVADA,1,0,0,0,,0,0,44.8,,74.8,0,239,21,0,15,0,0,11,0,0,0,0,0,56.3
171569,Tupu Alualu,DI,0,0,,0,0,,S DIEGO ST,2,D99,0,0,0,24,1,2026,46,72.4,0,0,,0,0,0,7,5,0,72.5,0,1,0,0,S DIEGO ST,2,0,1,0,,0,0,68.6,,76.4,0,284,46,0,34,0,0,22,0,0,0,0,0,58.1
171575,Marcus Ratcliffe,S,0,0,,0,2,,TEXAS A&M,2,D03,39,23,0,0,1,2028,2,45.2,0,0,60.5,0,0,28,0,0,0,74.3,0,0,0,0,TEXAS A&M,0,0,0,0,,1,33.3,65.4,,75.7,0,312,41,0,0,0,0,13,0,2,15,0,2,
171843,Taye Brown,LB,5,0,,0,0,100,ARIZONA,3,D06,58,54,0,5,1,2028,8,81.6,29,5,52.5,1,0,26,0,0,0,60.9,0,0,0,0,ARIZONA,3,0,1,0,8,4,0,55.4,5.8,74.3,0,109,66,22,0,0,90.8,35,0,1,0,0,8,54.7
171855,Kamuela Ka'aihue,LB,0,0,,0,0,,ARIZONA,0,D18,1,0,0,0,1,2028,0,,0,0,,0,0,0,0,0,0,60,0,0,0,0,ARIZONA,0,0,0,0,,0,,60.2,,60.2,0,109,1,0,0,0,0,1,0,0,0,0,0,
171856,Emmanuel Karnley,CB,6,0,,0,0,83.3,ARIZONA,3,D23,62,5,0,0,1,2028,1,79.3,43,5,53.6,0,0,30,0,0,0,43.4,57,0,0,0,ARIZONA,2,0,0,0,17,0,0,50.6,8.6,76.8,0,109,63,21,0,0,136.1,33,0,0,0,1,1,
171858,Dominic Lolesio,ED,0,0,,0,0,,ARIZONA,0,D42,1,0,0,5,1,2028,10,,0,0,,0,0,0,1,0,0,56.8,0,0,1,0,ARIZONA,0,0,0,0,,0,,42.3,,0,0,109,11,0,4,0,0,6,0,0,0,0,5,55.8
171860,Keanu Mailoto,DI,0,0,,0,0,,ARIZONA,0,D95,1,0,0,0,1,2026,0,,0,0,,0,0,0,0,0,0,60,0,0,0,0,ARIZONA,0,0,0,0,,0,,60.2,,60,0,109,1,0,0,0,0,1,0,0,0,0,0,
171868,Genesis Smith,S,4,0,2026,0,2,75,ARIZONA,5,D12,65,16,0,0,1,2026,2,44,28,3,57.9,0,0,31,0,0,0,71.4,0,0,0,0,ARIZONA,2,0,0,0,15,46,28.6,62.4,9.3,78,0,109,67,27,0,0,93.8,36,0,0,2,0,2,
171874,Charles Yates Jr.,CB,1,0,,0,0,100,LIBERTY,1,D23,4,0,0,0,1,2025,0,74.2,41,1,47.4,0,0,1,0,0,0,60,4,0,0,0,LIBERTY,0,0,0,0,41,0,0,41.1,41,67.8,0,206,4,4,0,0,118.8,3,0,0,0,0,0,
171900,Taje McCoy,ED,0,0,,0,0,,COLORADO,2,D40,1,1,0,4,1,2028,7,74.7,0,0,71.3,0,0,1,0,0,0,60,0,0,0,0,COLORADO,1,0,0,0,,0,0,69.7,,73.2,0,143,8,0,0,0,0,3,0,0,0,0,7,55.6
171907,Carter Stoutmire,S,1,0,,0,0,100,COLORADO,1,D23,10,4,0,0,1,2028,0,78.9,12,1,67.5,0,0,6,0,0,0,60,0,0,0,0,COLORADO,0,0,0,0,12,0,0,67.4,12,71.8,0,143,10,5,0,0,116.7,4,0,1,6,0,0,
171920,Elinneus Davis,DI,0,0,,0,0,,WASHINGTON,0,D90,0,0,0,4,1,2028,12,,0,0,,0,0,0,0,0,0,55.3,0,0,0,0,WASHINGTON,0,0,0,0,,0,,54.1,,71.6,0,340,12,0,12,0,0,8,0,0,0,0,0,57.5
171926,Vincent Holmes,S,1,0,,0,0,100,WASHINGTON,1,D27,3,1,0,1,1,2028,0,76.2,22,1,48.3,0,0,1,0,0,0,60,0,0,0,0,WASHINGTON,0,0,0,0,22,1,0,40.9,22,67.1,0,340,3,6,0,0,118.8,1,0,0,1,0,0,58.9
172160,Cheick Kaba,ED,0,0,,0,0,,TROY,1,D45,0,0,0,12,1,2026,29,73.3,0,0,60,0,0,1,11,0,0,49.8,0,0,0,0,TROY,1,0,0,0,,0,0,50,,74.2,0,318,29,0,17,0,0,16,0,1,0,0,1,55.7
172190,Brandon Greil,S,0,0,,0,0,,ARK STATE,0,D15,2,1,0,0,1,2028,0,,0,0,,0,0,0,0,0,0,60,0,0,0,0,ARK STATE,0,0,0,0,,1,,60,,65.9,0,113,2,0,0,0,0,2,0,0,0,0,0,
172196,Ian Jeffries,DI,0,0,,0,0,,ARK STATE,1,D40,0,0,0,23,1,2029,51,73.8,0,0,55.2,3,0,3,10,14,0,42.3,0,0,0,0,ARK STATE,1,0,3,0,,0,0,46.1,,76.5,0,113,51,0,27,0,0,25,0,1,0,0,0,59.7
172197,Dontay Joyner,CB,1,0,,0,0,0,ARK STATE,2,D06,52,5,0,0,1,2028,0,78.5,0,0,73.2,0,0,25,0,0,0,66.3,47,0,0,0,ARK STATE,0,0,0,0,,0,0,73.5,,75.7,0,113,52,0,0,0,39.6,27,0,1,0,0,0,
172212,Lacota Dippre,ED,0,0,,0,0,,CHARLOTTE,1,D15,0,0,0,9,1,2028,22,73,0,0,60,0,0,1,1,0,0,61.3,0,0,0,0,CHARLOTTE,1,0,0,0,,0,0,58.4,,76.7,0,136,22,0,2,0,0,12,0,0,0,0,19,54.4
172213,Dontez Fagan,CB,3,0,,0,0,66.7,W VIRGINIA,6,D13,42,2,0,0,1,2025,1,82.5,12,2,84.5,0,0,31,0,0,0,54.9,40,0,0,0,W VIRGINIA,3,0,0,0,6,0,0,81.7,6,76.3,0,343,43,8,0,1,74.3,12,0,1,0,0,1,
172237,Ricardo Williams Jr.,ED,0,0,,0,1,,DOMINION,0,D91,0,0,0,13,1,2026,19,23.1,0,0,,0,0,0,9,0,0,56.1,0,0,0,0,DOMINION,0,0,0,0,,0,50,55.4,,73.6,0,263,19,0,2,0,0,6,0,1,0,0,8,57.3
172239,Derrick Barksdale,CB,2,0,,0,1,50,JAMES MAD,2,D32,52,5,1,5,1,2027,3,52.2,-1,1,66.6,0,0,28,0,0,0,59.1,2,0,0,0,JAMES MAD,2,0,1,0,-1,43,25,66,-1,79.3,0,197,55,1,0,0,56.3,22,0,1,2,0,3,63.6
172243,Darold DeNgohe,DI,0,0,,0,1,,JAMES MAD,3,D92,0,0,2,16,1,2029,30,53.6,0,0,59.3,1,0,1,0,0,0,67,0,0,0,0,JAMES MAD,4,0,3,0,,0,25,69.5,,74.5,0,197,30,0,30,0,0,13,0,0,0,0,0,69.4
172254,Mychal McMullin,DI,0,0,,0,0,,JAMES MAD,0,D93,1,1,1,27,1,2028,44,70.2,0,0,57.7,3,0,3,0,1,0,55.7,0,0,0,0,JAMES MAD,1,0,4,0,,0,,63.2,,76.2,0,197,45,0,41,0,0,15,0,0,0,0,2,70.7
172259,D'Angelo Ponds,CB,4,1,2026,0,0,25,INDIANA,4,D05,58,12,0,1,1,2026,0,79.6,4,1,93,0,2,32,0,0,0,74.8,45,0,0,0,INDIANA,3,0,0,0,4,1,0,92.7,4,75.8,0,190,58,0,0,0,0,25,1,0,0,0,0,58.7
172289,DeAndre Lynch,DI,0,0,,0,0,,DOMINION,1,D90,0,0,0,7,1,2028,12,70.1,0,0,,0,0,0,0,12,0,66.9,0,0,0,0,DOMINION,0,0,0,0,,0,0,67.9,,73.4,0,263,12,0,0,0,0,5,0,0,0,0,0,59.9
172293,Rasheed Reason,CB,3,0,,0,0,100,DOMINION,2,D06,47,3,0,1,1,2026,0,77.9,49,3,65.5,0,0,31,0,0,0,63.9,43,0,0,0,DOMINION,0,0,0,0,30,1,0,66,16.3,75.8,0,263,47,4,0,0,118.8,15,0,0,0,0,0,60
172298,Mario Thompson,LB,1,0,,0,1,100,DOMINION,1,D18,24,14,0,6,1,2028,5,45.4,2,1,53.5,0,0,16,0,0,0,54.8,0,0,0,0,DOMINION,1,0,0,0,2,10,50,51.3,2,77.1,0,263,29,9,0,0,79.2,7,0,0,0,0,5,55.3
172303,Joshua Bledsoe,CB,0,0,,0,0,,SO MISS,0,D29,1,1,0,0,1,2029,0,,0,0,,0,0,0,0,0,0,60,0,0,0,0,SO MISS,0,0,0,0,,0,,60,,61.7,0,296,1,0,0,0,0,1,0,0,0,0,0,
172311,Jordan Norman,ED,0,0,,0,1,,S ALABAMA,1,D21,0,0,0,15,1,2028,31,28.4,0,0,60,0,0,1,7,0,0,49.7,0,0,0,0,S ALABAMA,1,0,0,0,,0,33.3,51.5,,76.8,0,288,31,0,3,0,0,15,0,1,0,0,21,57.3
172340,Deshaun Batiste,ED,0,0,,0,0,,TULANE,1,D91,0,0,0,21,1,2028,27,70.8,0,0,61,0,0,0,17,0,0,62.5,0,0,0,0,TULANE,1,0,0,0,,0,0,66.1,,74.1,0,319,27,0,1,0,0,6,0,0,0,0,9,57.5
172345,Steven Cattledge,LB,0,0,,0,1,,TROY,0,D02,18,18,0,1,1,2026,0,25.6,0,0,62.8,1,0,7,0,0,0,44.4,0,0,0,0,TROY,0,0,1,0,,0,100,50.2,,70.2,0,318,18,0,0,0,0,10,0,0,0,0,0,59.2
172349,LJ Green,CB,6,0,,0,1,50,TROY,4,D21,75,7,0,0,1,2028,1,53.9,40,3,59.7,0,0,46,0,0,0,53.5,68,0,0,0,TROY,0,0,0,0,17,0,20,58.7,13.3,77,0,318,76,15,0,1,71.5,30,0,0,0,0,1,
172352,Dorion Jackson,CB,1,0,,0,0,0,TROY,0,D26,5,0,0,0,1,2028,0,,0,0,52.7,0,0,3,0,0,0,60,5,0,0,0,TROY,0,0,0,0,,0,,51.1,,68.4,0,318,5,0,0,1,39.6,2,0,0,0,0,0,
172364,Chris Rodgers,LB,3,0,,0,0,100,TULANE,3,D04,36,27,0,11,1,2028,4,79.2,17,3,72.5,3,0,16,0,0,0,66,0,1,1,1,TULANE,1,0,4,0,11,9,0,73.2,5.7,0,0,319,40,26,0,0,90.3,13,0,0,0,0,4,76.3
172375,Caleb Downs,S,3,0,2026,0,2,66.7,OHIO STATE,5,D02,71,31,0,3,1,2026,1,53.6,32,2,66.3,1,0,43,0,0,0,74.9,1,0,0,0,OHIO STATE,2,0,1,0,33,7,25,69.5,16,77,0,260,72,25,0,0,102.1,26,1,1,32,0,1,55.4
172380,Edric Hill,DI,0,0,,0,0,,ALABAMA,1,D94,0,0,0,2,1,2028,13,69.7,0,0,,0,0,0,0,0,0,52.6,0,0,0,0,ALABAMA,1,0,0,0,,0,0,52.2,,71.8,0,103,13,0,13,0,0,11,0,0,0,0,0,59.9
172383,Jahlil Hurley,CB,0,0,,0,0,,ALABAMA,1,D25,10,2,0,0,1,2028,0,74.2,0,0,,0,0,0,0,0,0,64.7,8,0,0,0,ALABAMA,0,0,0,0,,0,0,64.3,,69.7,0,103,10,0,0,0,0,10,0,0,0,0,0,
172384,Justin Jefferson,LB,0,0,2026,0,0,,ALABAMA,2,D15,38,36,0,4,1,2026,0,81.2,0,0,63.3,0,0,14,0,0,0,69.3,0,0,0,0,ALABAMA,2,0,0,0,,1,0,70.7,,72.9,0,103,38,0,0,0,0,20,0,4,1,0,0,66.6
172391,Hunter Osborne,DI,0,0,,0,0,,ALABAMA,0,D33,0,0,0,1,1,2028,9,69.7,0,0,,0,0,0,0,0,0,58.6,0,0,0,0,ALABAMA,0,0,0,0,,0,0,58.6,,70.7,0,103,9,0,9,0,0,8,0,1,0,0,0,60
172393,Jordan Renaud,ED,0,0,,0,1,,ALABAMA,2,D90,0,0,0,5,1,2028,22,73.7,0,0,60.5,0,0,1,2,0,0,67.7,0,0,0,0,ALABAMA,2,0,0,0,,0,33.3,67.7,,75.3,0,103,22,0,0,0,0,16,0,0,0,0,20,58.3
172394,Dezz Ricks,CB,11,0,,0,1,54.5,TEXAS A&M,1,D10,72,0,0,0,1,2028,1,28.1,65,6,64.7,0,0,54,0,0,0,46.8,71,0,0,0,TEXAS A&M,0,0,0,0,15,0,50,62.4,10.8,77.8,0,312,73,34,0,1,102.5,19,0,0,0,1,1,
172395,Qua Russaw,ED,1,0,,0,0,0,ALABAMA,0,D04,4,2,0,8,1,2028,24,73,0,0,76.7,0,1,7,1,0,0,68.1,0,0,0,0,ALABAMA,0,0,0,0,,2,0,76.7,,78.8,0,103,28,0,0,0,0,13,0,1,0,0,23,62.6
172396,James Smith,DI,0,0,,0,0,,ALABAMA,0,D23,0,0,0,9,1,2028,21,70.8,0,0,,0,0,0,5,0,0,56.1,0,1,0,0,ALABAMA,0,0,1,0,,0,0,58.7,,73.3,0,103,21,0,16,0,0,12,0,1,0,0,0,63.3
172407,Ian Geffrard,DI,0,0,,0,0,,ARKANSAS,2,D95,0,0,0,9,1,2028,24,73.8,0,0,,0,0,0,0,14,0,72.3,0,0,0,0,ARKANSAS,2,0,0,0,,0,0,71.4,,75.3,0,111,24,0,10,0,0,15,0,1,0,0,0,58.3
172415,TJ Metcalf,S,4,0,,0,2,100,ARKANSAS,1,D18,42,14,0,0,1,2028,0,24.7,57,4,41.6,0,0,24,0,0,0,63.1,0,0,0,0,ARKANSAS,0,0,0,0,32,4,66.7,46.4,14.3,75.7,0,111,42,20,0,0,118.8,18,0,0,24,0,0,
172422,Quincy Rhodes Jr.,ED,0,0,,0,0,,ARKANSAS,0,D97,0,0,0,10,1,2028,17,69.7,0,0,,0,0,0,7,0,0,71.2,0,0,0,0,ARKANSAS,0,0,0,0,,0,0,70.4,,73.9,0,111,17,0,1,0,0,7,0,1,0,0,9,60.8
172428,Brad Spence,LB,2,0,,0,0,100,ARKANSAS,6,D22,25,25,1,15,1,2028,20,82.2,11,2,73,1,0,9,0,0,0,71.5,0,0,0,0,ARKANSAS,4,0,2,0,7,0,0,73.5,5.5,79.4,0,111,45,2,0,0,89.6,21,1,2,0,0,20,59
172447,Keldric Faulk,ED,0,0,2026,0,0,,AUBURN,2,D15,0,0,2,20,1,2026,35,76.7,0,0,,0,0,0,19,0,0,55.5,0,0,0,0,AUBURN,3,0,2,0,,0,0,63.5,,74.8,0,115,35,0,7,0,0,15,0,1,0,0,9,68.9
172450,Colton Hood,CB,0,0,2026,0,0,,COLORADO,1,D03,13,0,0,0,1,2026,0,74.2,0,0,66.2,0,0,10,0,0,0,60,13,0,0,0,COLORADO,1,0,0,0,,0,0,66.7,,72,0,143,13,0,0,0,0,3,0,0,0,0,0,
172455,Kayin Lee,CB,6,0,,0,1,16.7,AUBURN,1,D04,53,3,0,1,1,2028,1,41.9,21,1,70.3,1,1,29,0,0,0,63.6,46,0,1,0,AUBURN,0,0,1,0,21,3,50,70.5,21,77,0,115,54,1,0,0,2.1,24,0,0,1,0,1,61.4
172463,Sylvester Smith-Reed,S,3,0,,0,1,100,AUBURN,2,D19,36,16,0,2,1,2028,1,62.5,31,3,56.9,0,0,20,0,0,0,67.7,0,1,0,0,AUBURN,0,0,1,0,20,18,16.7,62.4,10.3,74.1,0,115,37,9,0,0,109.7,15,0,3,2,0,1,67
172466,Brenton Williams,ED,1,0,,0,0,100,LIBERTY,3,D27,0,0,0,7,1,2028,21,76.6,0,1,65.7,0,0,1,0,0,0,70.3,0,0,0,0,LIBERTY,2,0,0,0,0,0,0,75.3,0,76.9,0,206,21,6,0,0,79.2,13,0,0,0,0,21,57.3
172472,Dylan Carpenter,ED,0,0,,0,0,,LSU,0,D97,0,0,0,1,1,2028,1,,0,0,,0,0,0,0,0,0,,0,0,0,0,LSU,0,0,0,0,,0,,59.9,,65.6,0,211,1,0,0,0,0,0,0,0,0,0,1,59.5
172479,Jaxon Howard,ED,0,0,,0,1,,MINNESOTA,1,D01,0,0,0,13,1,2028,22,25.6,0,0,,0,0,0,0,0,0,46.4,0,0,0,0,MINNESOTA,1,0,0,0,,0,50,46.5,,77.4,0,225,22,0,0,0,0,9,0,0,0,0,22,55
172496,Ashton Stamps,CB,2,0,,0,0,50,LSU,3,D01,69,10,0,2,1,2028,0,79.7,6,1,74.1,0,0,25,0,0,0,71.3,56,0,0,0,LSU,1,0,0,0,6,3,0,73.9,6,76.4,0,211,69,1,0,1,56.3,42,0,1,0,0,0,55.5
172498,Whit Weeks,LB,4,0,,0,3,50,LSU,5,D40,65,58,0,4,1,2028,4,32.7,34,2,52.4,1,0,23,0,0,0,33.4,0,0,0,0,LSU,1,0,1,0,19,7,33.3,39,17,75.6,0,211,69,32,0,0,79.2,42,0,1,0,0,4,54.3
172500,Da'Shawn Womack,ED,0,0,,0,0,,LSU,0,D15,0,0,0,1,1,2028,10,,0,0,,0,0,0,0,0,0,65.2,0,0,0,0,LSU,0,0,0,0,,0,,66.5,,74,0,211,10,0,0,0,0,9,0,0,0,0,10,59.5
172501,Ryan Yaites,S,0,0,,0,0,,CAL,0,D09,19,9,0,0,1,2028,0,73.1,0,0,65.1,0,0,10,0,0,0,61.7,0,0,0,0,CAL,0,0,0,0,,6,0,65.5,,71.5,0,130,19,0,0,0,0,9,0,1,4,0,0,
172508,Jamarious Brown,DI,0,0,,0,0,,OLE MISS,0,D96,0,0,0,9,1,2028,19,,0,0,,0,0,0,2,2,0,73.2,0,0,0,0,OLE MISS,0,0,0,0,,0,,73.9,,73.4,0,226,19,0,14,0,0,10,0,0,0,0,1,62.8
172524,Suntarine Perkins,ED,2,0,,0,0,100,OLE MISS,5,D04,10,6,4,28,1,2028,53,83.2,10,2,72.1,0,0,13,0,0,0,73.9,0,0,0,0,OLE MISS,7,0,4,0,7,4,0,77.1,5,82.4,0,226,63,15,0,0,87.5,22,1,1,0,0,53,67.4
172542,Luke Evans,CB,3,0,,0,0,33.3,MIAMI OH,1,D05,49,2,0,0,1,2028,1,73.5,9,1,66.4,0,0,22,0,0,0,64.1,47,0,0,0,MIAMI OH,0,0,0,0,9,0,0,67,9,76.4,0,221,50,0,0,0,42.4,28,0,0,0,0,1,
172544,Joseph Head Jr.,ED,0,0,,0,1,,MISS STATE,1,D46,0,0,0,16,1,2028,26,24,0,0,,0,0,0,3,0,0,47.8,0,0,0,0,MISS STATE,0,0,0,0,,0,50,46.8,,75.5,0,227,26,0,1,0,0,10,0,0,0,0,22,53.1
172547,Will James,CB,1,0,,0,0,100,SO MISS,2,D13,63,0,0,0,1,2028,0,77,10,1,67.5,0,0,30,0,0,0,71.4,63,0,0,0,SO MISS,0,0,0,0,10,0,0,69.5,10,77.2,0,296,63,0,0,0,147.9,33,0,0,0,1,0,
172553,Brice Pollock,CB,3,0,,0,0,33.3,MISS STATE,3,D14,49,6,0,0,1,2028,0,52.5,14,1,64.6,0,0,27,0,0,0,65.3,41,0,0,0,MISS STATE,1,0,0,0,14,2,0,65.7,14,75.3,0,227,49,3,0,0,49.3,22,0,1,0,0,0,
172557,Isaac Smith,S,1,0,,0,0,0,MISS STATE,3,D02,27,13,0,2,1,2028,11,78.7,0,0,71,0,0,9,0,0,0,55.9,0,0,0,0,MISS STATE,1,0,0,0,,14,0,63.6,,76.4,0,227,38,0,0,0,39.6,27,0,1,0,0,11,58
172559,Zakari Tillman,LB,1,0,,1,0,100,MISS STATE,1,D16,15,15,0,0,1,2028,1,76.4,15,1,83.7,0,0,10,0,0,0,65.8,0,1,0,0,MISS STATE,1,0,1,0,15,0,0,90.2,15,72.1,0,227,16,0,0,0,158.3,6,0,1,0,1,1,64.5
172561,Marvin Burks Jr.,S,3,0,,0,1,100,MISSOURI,8,D01,57,13,0,0,1,2028,1,70.8,54,3,49.5,0,0,24,0,0,0,56.3,1,0,0,0,MISSOURI,2,0,0,0,28,6,11.1,51.3,18,76.7,0,229,58,8,0,0,118.8,34,0,0,37,0,1,
172565,Jahkai Lang,ED,0,0,,0,0,,MISSOURI,1,D52,0,0,0,9,1,2028,24,73,0,0,60,1,0,1,0,0,0,53.6,0,0,0,0,MISSOURI,0,0,1,0,,0,0,55.7,,76.2,0,229,24,0,0,0,0,14,0,0,0,0,24,59.9
172569,Triston Newson,LB,1,0,,0,1,100,MISSOURI,4,D14,32,32,0,2,1,2026,0,61.1,6,1,53.9,0,0,16,0,0,0,54.9,0,0,0,0,MISSOURI,2,0,0,0,6,0,20,51.9,6,73.4,0,229,32,2,0,0,91.7,14,1,0,0,0,0,56.6
172595,Daymion Sanford,LB,1,0,,0,1,100,TEXAS A&M,3,D27,22,18,0,0,1,2028,2,49.7,7,1,64.2,1,0,18,0,0,0,70.3,0,0,0,0,TEXAS A&M,3,0,1,0,7,4,20,68.8,7,74.3,0,312,24,7,0,0,95.8,6,1,1,0,0,2,
172600,Jayvon Thomas,CB,1,0,,0,0,0,TEXAS A&M,0,D14,2,0,0,0,1,2028,0,,0,0,60,0,0,1,0,0,0,60,2,0,1,0,TEXAS A&M,0,0,0,0,,0,,38,,0,0,312,2,0,0,0,39.6,1,0,0,0,0,0,
172604,Taurean York,LB,1,0,2026,0,1,0,TEXAS A&M,4,D21,59,55,0,6,1,2026,2,64.2,0,0,81.1,0,1,35,0,0,0,78.9,0,1,0,0,TEXAS A&M,2,0,1,0,,3,12.5,83.6,,78.2,0,312,61,0,0,0,0,20,1,3,0,0,2,53.3
172608,Ethan Crisp,ED,0,0,,0,0,,LIBERTY,0,D30,0,0,0,0,1,2028,6,,0,0,,0,0,0,0,0,0,60.3,0,0,0,0,LIBERTY,0,0,0,0,,0,,60.9,,72.2,0,206,6,0,0,0,0,6,0,0,0,0,6,
172615,Martel Hight,CB,5,0,,0,2,40,VANDERBILT,4,D25,47,6,0,1,1,2028,0,42.6,28,2,65.8,0,1,25,0,0,0,55.9,41,0,0,0,VANDERBILT,0,0,0,0,14,0,33.3,63.5,14,75.1,0,333,47,12,0,1,19.2,21,0,0,0,0,0,59.8
172620,Bryan Longwell,LB,2,0,,0,1,100,VANDERBILT,8,D04,55,51,0,5,1,2028,8,65.4,29,2,63.4,1,0,29,0,0,0,62.8,0,0,0,0,VANDERBILT,4,0,1,0,24,4,10,63.5,14.5,77.9,0,333,63,17,0,0,118.8,29,1,1,0,0,8,57
172631,De'Marion Thomas,DI,0,0,,0,0,,VANDERBILT,2,D98,0,0,0,15,1,2028,35,73.4,0,0,60,1,0,0,0,23,0,45.3,0,0,0,0,VANDERBILT,1,0,1,0,,0,0,47.7,,76.6,0,333,35,0,12,0,0,20,0,1,0,0,0,57.2
172978,Trevon Gola-Callard,S,2,0,,0,1,100,CINCINNATI,1,D06,24,15,0,0,1,2026,0,28.2,10,2,57.3,0,0,11,0,0,0,47.8,0,0,0,0,CINCINNATI,0,0,0,0,7,7,50,52.5,5,73.1,0,138,24,3,0,0,87.5,13,0,0,2,0,0,
173034,Brian Simms III,LB,0,0,,0,0,,CINCINNATI,4,D17,14,14,0,0,1,2028,0,78.9,0,0,62.2,1,0,6,0,0,0,77.4,0,0,0,0,CINCINNATI,2,0,1,0,,0,0,75.5,,72.1,0,138,14,0,0,0,0,8,0,0,0,0,0,
173048,Latreveon McCutchin,ED,0,0,,1,0,,HOUSTON,0,D10,0,0,1,14,1,2028,16,72.2,0,0,60,0,0,1,0,0,0,60,0,0,0,0,HOUSTON,1,0,1,0,,0,,63.5,,76,0,182,16,0,0,0,0,1,0,0,0,0,16,62.7
173072,Taylor Davis,S,1,0,,0,0,100,KANSAS,7,D27,64,21,0,1,1,2028,0,85.9,5,1,64.5,0,0,33,0,0,0,64.9,0,0,0,0,KANSAS,2,0,0,0,5,7,0,65.1,5,77.4,0,198,64,0,0,0,87.5,30,0,2,36,0,0,59.5
173075,Blake Herold,DI,0,0,,0,0,,KANSAS,0,D94,0,0,0,10,1,2028,17,69.7,0,0,,0,0,0,0,0,0,56.3,0,0,0,0,KANSAS,0,0,0,0,,0,0,53.6,,72.7,0,198,17,0,17,0,0,7,0,1,0,0,0,55.6
173102,Jack Fabris,S,2,0,,0,0,0,KANSAS ST,1,D36,20,8,0,0,1,2028,0,78.4,0,0,28.5,0,0,10,0,0,0,70.9,0,0,0,0,KANSAS ST,0,0,0,0,,4,0,32.1,,72.5,0,199,20,0,0,0,39.6,10,0,1,8,0,0,
173107,Justice Clemons,CB,4,0,,0,1,100,KANSAS ST,1,D05,14,0,0,0,1,2026,0,28.3,41,4,40.4,0,0,12,0,0,0,60,14,0,0,0,KANSAS ST,0,0,0,0,18,0,50,39.9,10.3,72.1,0,199,14,13,0,0,109.4,2,0,0,0,0,0,
173110,Will Lee III,CB,6,0,2026,0,0,66.7,TEXAS A&M,2,D26,75,3,0,0,1,2026,0,77.5,77,4,50.4,0,0,55,0,0,0,62.6,69,0,1,0,TEXAS A&M,0,0,0,0,33,2,0,51.5,19.3,77.6,0,312,75,29,0,1,109.7,20,0,0,0,0,0,
173115,Chiddi Obiazor,ED,0,0,,0,0,,KANSAS ST,0,D08,0,0,0,13,1,2028,26,71.1,0,0,,0,0,0,15,0,0,34.9,0,1,0,0,KANSAS ST,0,0,1,0,,0,0,40.1,,73.7,0,199,26,0,2,0,0,13,0,1,0,0,9,59.3
173117,Austin Romaine,LB,2,0,,1,0,100,KANSAS ST,7,D45,55,55,0,11,1,2028,1,83.4,18,2,76.4,2,0,20,0,0,0,80.3,0,0,0,0,KANSAS ST,2,0,2,0,11,0,0,83.9,9,76.4,0,199,56,20,0,0,104.2,25,0,2,0,0,1,63.8
173123,Rex Van Wyhe,LB,0,0,,0,1,,KANSAS ST,1,D28,11,10,0,2,1,2027,2,37.2,0,0,61.9,1,0,3,0,0,0,57.2,0,0,0,0,KANSAS ST,1,0,1,0,,1,50,64,,72,0,199,13,0,0,0,0,8,0,0,0,0,2,66.8
173127,Jordyn Bailey,WR,0,0,,0,0,,TCU,0,14,1,0,0,0,1,2028,0,,0,0,,0,0,0,0,0,0,60,0,0,0,0,TCU,0,0,0,0,,0,,60,,60,0,305,1,0,0,0,0,1,0,0,0,0,0,
173132,Zach Chapman,DI,0,0,,0,0,,TCU,3,D42,1,1,0,23,1,2028,39,77.5,0,0,62.5,1,0,0,15,8,0,64.6,0,0,0,0,TCU,3,0,1,0,,0,0,66.4,,76.3,0,305,40,0,9,0,0,17,0,4,0,0,7,58.1
173134,Markis Deal,DI,0,0,,0,1,,TCU,0,D95,1,0,0,26,1,2028,51,28.3,0,0,,1,0,0,22,0,1,61.2,0,0,0,0,TCU,0,0,1,0,,0,50,60.4,,75.7,0,305,52,0,28,0,0,26,0,1,0,0,1,57.9
173136,Randon Fontenette,S,6,0,,0,1,83.3,VANDERBILT,4,D02,61,22,2,10,1,2028,11,63.4,18,5,72.6,0,0,31,0,0,0,58.9,0,0,0,1,VANDERBILT,5,0,2,0,16,35,16.7,72.4,3.6,79,0,333,72,44,0,0,79.2,31,1,1,4,0,11,73.4
173138,Hudson Hooper,LB,0,0,,0,0,,TCU,0,D37,0,0,0,0,1,2028,1,,0,0,60,0,0,1,0,0,0,,0,0,0,0,TCU,0,0,0,0,,0,,60.9,,66,0,305,1,0,0,0,0,0,0,0,0,0,1,
173140,Jamel Johnson,S,2,0,,0,0,50,TCU,5,D02,70,33,0,0,1,2028,1,82.9,18,1,65.1,1,0,38,0,0,0,73.5,0,0,0,0,TCU,3,0,1,0,18,15,0,68.9,18,78.2,0,305,71,2,0,1,81.3,33,0,0,22,0,1,
173158,Anthony Hill Jr.,LB,4,0,2026,1,0,100,TEXAS,5,D00,59,48,0,7,1,2026,7,80.9,34,4,90.9,2,0,31,0,0,0,52.1,0,2,0,0,TEXAS,3,0,4,0,13,11,0,82.1,8.5,77.7,0,311,66,23,0,1,102.1,28,0,0,0,0,7,69.5
173161,Liona Lefau,LB,3,0,,0,0,66.7,TEXAS,3,D18,43,40,0,2,1,2028,0,80.6,23,2,57.1,0,1,23,0,0,0,69.1,0,0,0,0,TEXAS,0,0,0,0,15,3,0,62.1,11.5,75.2,0,311,43,13,0,0,89.6,18,0,1,0,1,0,57.4
173165,Malik Muhammad,CB,3,0,2026,0,0,33.3,TEXAS,0,D05,66,8,0,0,1,2026,0,,15,1,61.9,0,0,38,0,0,0,64.3,57,0,1,0,TEXAS,0,0,0,0,15,0,,62.8,15,76.1,0,311,66,4,0,0,50.7,28,0,0,1,0,0,
173168,Colton Vasek,ED,0,0,,0,0,,TEXAS,0,D92,0,0,0,1,1,2028,1,,0,0,,0,0,0,0,0,0,,0,0,0,0,TEXAS,0,0,0,0,,0,,59.9,,65.6,0,311,1,0,0,0,0,0,0,0,0,0,1,59.5
173173,Ben Cutter,LB,1,0,,0,1,0,W VIRGINIA,0,D15,8,8,0,1,1,2028,0,37.4,0,0,64.4,1,0,6,0,0,0,60,0,0,0,0,W VIRGINIA,0,0,1,0,,0,50,39.5,,70.8,0,343,8,0,0,0,39.6,1,0,1,0,0,0,46.4
173179,James Heard Jr.,LB,1,0,,0,0,100,SYRACUSE,0,D06,4,0,0,1,1,2028,1,76.9,17,1,54.3,0,0,3,0,0,0,60,0,0,0,0,SYRACUSE,0,0,0,0,17,4,0,58.1,17,70.9,0,304,5,11,0,0,118.8,1,0,1,0,0,1,63
173191,Josiah Trotter,LB,3,0,2026,0,0,100,W VIRGINIA,3,D40,40,39,0,6,1,2026,0,78.9,41,3,41.8,1,0,19,0,0,0,75.5,0,0,0,0,W VIRGINIA,2,0,1,0,19,1,0,55.4,13.7,74,0,343,40,19,0,0,118.8,15,0,1,0,0,0,62.4
173196,Jayven Anderson,S,0,0,,0,0,,N TEXAS,2,D14,11,10,0,0,1,2028,0,76.8,0,0,60,0,0,1,0,0,0,68.1,0,0,1,0,N TEXAS,0,0,0,0,,1,0,49.2,,69.2,0,251,11,0,0,0,0,10,0,0,0,0,0,
173204,Evan Jackson,S,0,0,,0,1,,N TEXAS,2,D02,37,18,0,0,1,2028,0,49,0,0,65.7,0,0,9,0,0,0,55.6,0,0,0,0,N TEXAS,0,0,0,0,,13,25,61.2,,74.8,0,251,37,0,0,0,0,28,0,1,6,0,0,
173206,Kollin Lewis,S,2,0,,0,0,100,N TEXAS,2,D25,32,23,0,0,1,2028,0,81.1,45,2,30.3,0,0,11,0,0,0,50.7,0,0,0,0,N TEXAS,1,0,0,0,30,8,0,33.7,22.5,72.7,0,251,32,4,0,0,158.3,21,0,2,1,1,0,
173211,Brian Nelson II,CB,1,0,,0,2,100,N TEXAS,9,D04,56,17,0,0,1,2028,0,54.4,14,1,54.7,0,0,15,0,0,0,58.1,37,0,0,0,N TEXAS,4,0,0,0,14,2,18.2,56.4,14,74.3,0,251,56,1,0,0,158.3,41,0,0,0,1,0,
173218,Taylor Starling,CB,1,0,,0,0,100,N TEXAS,2,D17,7,2,0,0,1,2028,0,76.4,45,1,30,0,0,2,0,0,0,63,5,0,0,0,N TEXAS,1,0,0,0,45,0,0,29.2,45,68.1,0,251,7,4,0,0,118.8,5,0,0,0,0,0,
173223,Max Ahoia,CB,6,0,,0,0,50,RICE,5,D17,56,8,0,0,1,2025,1,82,53,3,63.4,0,0,33,0,0,0,68.7,46,0,0,0,RICE,1,0,0,0,34,2,0,65.3,17.7,76,0,275,57,11,0,1,80.6,24,0,1,0,0,1,
173225,Ty Morris,LB,3,0,,0,1,33.3,RICE,4,D03,48,47,1,6,1,2028,7,67.1,7,1,58,1,0,23,0,0,0,60.1,0,0,0,0,RICE,4,0,2,0,7,1,16.7,58.1,7,75.3,0,275,55,0,0,0,42.4,26,0,1,0,0,7,56.6
173232,Aquantis Clemmons,DI,0,0,,0,0,,RICE,1,D57,0,0,0,3,1,2028,8,70.1,0,0,,0,0,0,0,5,0,62.8,0,0,0,0,RICE,0,0,0,0,,0,0,62.6,,71.5,0,275,8,0,3,0,0,5,0,0,0,0,0,58.5
173245,Joseph Mutombo,ED,0,0,,0,0,,RICE,0,D08,0,0,0,2,1,2028,9,,0,0,,0,0,0,2,0,0,63,0,0,0,0,RICE,0,0,0,0,,0,,63,,71.4,0,275,9,0,3,0,0,7,0,0,0,0,4,58.9
173254,Aaron Anderson Jr.,S,0,0,,0,0,,TEMPLE,0,D33,3,2,0,0,1,2028,0,,0,0,,0,0,0,0,0,0,60,0,0,0,0,TEMPLE,0,0,0,0,,0,,60,,68,0,306,3,0,0,0,0,3,0,0,1,0,0,
173266,Brandon Enarusai,ED,0,0,,0,0,,TEMPLE,0,D51,0,0,0,0,1,2028,3,,0,0,,0,0,0,3,0,0,60,0,0,0,0,TEMPLE,0,0,0,0,,0,,61.4,,67.3,0,306,3,0,0,0,0,3,0,0,0,0,0,
173270,Conlan Greene,DI,0,0,,0,0,,TEMPLE,0,D90,0,0,0,0,1,2028,3,,0,0,,0,0,0,0,1,0,60,0,0,0,0,TEMPLE,0,0,0,0,,0,,68.2,,69.3,0,306,3,0,2,0,0,3,0,0,0,0,0,
173277,Jordan Montgomery,ED,0,0,,0,0,,TEMPLE,0,D54,0,0,0,0,1,2028,3,,0,0,,0,0,0,0,0,0,60,0,0,0,0,TEMPLE,0,0,0,0,,0,,60.9,,69.8,0,306,3,0,0,0,0,3,0,0,0,0,3,
173301,RJ Jackson Jr.,DI,0,0,,0,0,,TULSA,5,D95,0,0,0,30,1,2028,51,75.8,0,0,,3,0,0,5,2,0,52,0,0,0,0,TULSA,5,0,3,0,,0,0,54,,76.1,0,320,51,0,44,0,0,21,0,1,0,0,0,58.7
173350,Tyler Thomas,ED,0,0,,0,0,,S ALABAMA,0,D97,0,0,0,5,1,2029,13,,0,0,,0,0,0,5,0,0,54.5,0,0,0,0,S ALABAMA,0,0,0,0,,0,,57.8,,73.9,0,288,13,0,0,0,0,8,0,0,0,0,8,65.4
173356,Bruno Dall,ED,1,0,,0,0,100,AKRON,2,D41,2,1,0,25,1,2028,37,75.8,8,1,63.1,0,0,2,1,0,0,62.7,0,1,0,0,AKRON,1,0,1,0,8,1,0,60.8,8,77.7,0,102,39,11,1,0,100,12,0,0,0,0,35,55.8
173374,Tracy Revels,S,4,0,,0,0,50,BOWL GREEN,6,D12,76,34,0,0,1,2028,0,85.1,21,2,59.2,0,0,53,0,0,0,66.9,0,0,0,0,BOWL GREEN,2,0,0,0,15,26,0,61.2,10.5,77.2,0,122,76,12,0,0,65.6,23,0,2,16,0,0,
173381,Amare Ferrell,S,0,0,,0,2,,INDIANA,4,D25,58,19,0,0,1,2028,0,42.6,0,0,65,0,0,33,0,0,0,60.9,2,0,0,0,INDIANA,2,0,0,0,,9,28.6,64.5,,79.1,0,190,58,0,0,0,0,25,0,1,28,0,0,
173395,Donovan Dyson,ED,0,0,,0,0,,UMASS,0,D30,0,0,0,4,1,2028,4,,0,0,,0,0,0,0,0,0,,0,0,0,0,UMASS,0,0,0,0,,0,,55.7,,70.6,0,216,4,0,0,0,0,0,0,0,0,0,4,55.8
173397,Christian LeBrun,LB,0,0,,0,1,,UMASS,4,D17,15,9,0,0,1,2028,6,56.3,0,0,61.3,0,0,2,0,0,0,69.7,0,0,0,0,UMASS,2,0,0,0,,4,16.7,69.8,,73.7,0,216,21,0,0,0,0,19,0,1,2,0,6,
173399,Kerry Brown,S,4,0,,0,0,50,MINNESOTA,3,D14,35,15,0,2,1,2028,1,82.3,5,2,72.2,0,0,22,0,0,0,57.3,0,0,0,0,MINNESOTA,3,0,0,0,3,8,0,68.5,2.5,73.9,0,225,36,1,0,0,56.3,12,1,3,12,0,1,57.8
173400,Za'Quan Bryan,CB,1,0,,0,0,0,MINNESOTA,0,D04,7,0,0,0,1,2028,0,,0,0,76.1,0,0,6,0,0,0,60,7,0,0,0,MINNESOTA,0,0,0,0,,0,,77.8,,69.9,0,225,7,0,0,1,39.6,1,0,0,0,0,0,
173412,Karter Menz,ED,0,0,,0,0,,MINNESOTA,0,D11,0,0,0,2,1,2028,2,,0,0,,0,0,0,0,0,0,,0,0,0,0,MINNESOTA,0,0,0,0,,0,,58.8,,68.5,0,225,2,0,0,0,0,0,0,0,0,0,2,58.6
173414,Garrison Monroe,S,0,0,,0,0,,MINNESOTA,0,D23,3,1,0,0,1,2028,0,,0,0,61.6,0,0,3,0,0,0,,0,0,0,0,MINNESOTA,0,0,0,0,,0,,61.3,,68.5,0,225,3,0,0,0,0,0,0,0,2,0,0,
173419,Theorin Randle,DI,0,0,,0,0,,MINNESOTA,0,D99,0,0,0,1,1,2028,1,,0,0,,0,0,0,0,1,0,,0,0,0,0,MINNESOTA,0,0,0,0,,0,,60,,67.5,0,225,1,0,0,0,0,0,0,0,0,0,0,60
173448,A'Marion McCoy,CB,6,0,,0,2,66.7,BOISE ST,5,D07,59,0,0,0,1,2026,0,38.2,35,4,61.6,1,0,35,0,0,0,58.6,58,0,0,0,BOISE ST,1,0,1,0,18,0,25,59.7,8.8,77,0,120,59,13,0,0,81.9,24,0,1,1,0,0,48.8
173456,Max Stege,ED,0,0,,0,0,,BOISE ST,0,D95,0,0,0,6,1,2028,9,,0,0,,0,0,0,1,0,0,61.2,0,0,0,0,BOISE ST,0,0,0,0,,0,,59.3,,72.3,0,120,9,0,0,0,0,3,0,0,0,0,8,56.8
173463,TJ Crandall,CB,2,0,,0,0,50,W VIRGINIA,0,D23,5,0,0,0,1,2029,0,,13,1,53.3,0,0,5,0,0,0,,5,0,0,0,W VIRGINIA,0,0,0,0,13,0,,52.4,13,68.9,0,343,5,-1,0,0,70.8,0,0,0,0,0,0,
173468,Jett Vincent,S,1,0,,0,0,100,COLO STATE,1,D29,26,15,0,2,1,2029,0,76.2,9,1,66.8,1,0,19,0,0,0,60,1,0,0,0,COLO STATE,1,0,1,0,9,0,0,68.9,9,73,0,144,26,1,0,0,104.2,5,0,0,10,0,0,66.8
173470,Dylan Phelps,CB,3,0,,1,0,66.7,COLO STATE,3,D27,36,3,0,0,1,2028,0,78.2,25,2,69.7,0,0,21,0,0,0,65.4,31,0,0,0,COLO STATE,1,0,0,0,19,2,0,70.4,12.5,74.8,0,144,36,5,0,0,92.4,15,0,0,0,0,0,
173485,Drew Rodriguez,LB,0,0,,0,0,,COLO STATE,1,D47,15,12,0,0,1,2028,0,73.1,0,0,62.9,0,0,7,0,0,0,61.4,0,0,0,0,COLO STATE,1,0,0,0,,3,0,63.8,,68.5,0,144,15,0,0,0,0,8,0,0,0,0,0,
173486,Buom Jock,LB,4,0,,0,2,75,COLO STATE,6,D08,68,51,0,3,1,2028,0,54.5,57,3,68,1,1,37,0,0,0,59.6,0,0,0,1,COLO STATE,2,0,1,0,27,17,22.2,66.6,19,75,0,144,68,38,0,0,77.1,28,0,1,0,0,0,65.1
173488,Kennedy McDowell,ED,0,0,,0,0,,COLO STATE,2,D98,0,0,1,12,1,2027,15,75.2,0,0,,1,0,0,0,0,0,71.4,0,0,0,0,COLO STATE,3,0,2,0,,0,0,77,,74.1,0,144,15,0,0,0,0,3,0,0,0,0,15,68.6
173489,Kenyon Agurs,ED,0,0,,0,0,,COLO STATE,0,D56,0,0,0,18,1,2028,26,71.5,0,0,,1,0,0,0,0,0,70.7,0,0,0,0,COLO STATE,0,0,1,0,,0,,66.5,,76,0,144,26,0,0,0,0,8,0,0,0,0,26,58.3
173494,Andrew Laurich,DI,0,0,,0,0,,COLO STATE,0,D55,0,0,0,14,1,2028,25,,0,0,,1,0,0,1,1,0,42.1,0,0,0,0,COLO STATE,0,0,1,0,,0,,44.3,,74.7,0,144,25,0,23,0,0,11,0,0,0,0,0,56.8
173510,RL Miller,LB,0,0,,0,0,,FRESNO ST,0,D04,2,0,0,0,1,2028,0,,0,0,60,0,0,1,0,0,0,60,0,0,0,0,FRESNO ST,0,0,0,0,,2,,61.2,,66.4,0,169,2,0,0,0,0,1,0,0,0,0,0,
173526,Kavika Baumgartner,DI,0,0,,0,0,,FRESNO ST,0,D98,0,0,0,13,1,2025,17,,0,0,,0,0,0,1,2,0,55,0,0,0,0,FRESNO ST,0,0,0,0,,0,,56.4,,72.7,0,169,17,0,14,0,0,4,0,0,0,0,0,60.6
173534,A.J. Harris,CB,6,0,,0,0,33.3,PENN STATE,1,D04,46,6,0,0,1,2028,2,74.2,41,2,57.7,0,0,28,0,0,0,63.6,29,0,0,0,PENN STATE,0,0,0,0,33,11,0,59.1,20.5,76.8,0,266,48,7,0,1,58.3,20,0,0,0,0,2,
173565,Ques McNeal,S,1,0,,0,0,100,SO MISS,5,D12,34,13,0,0,1,2026,0,83.2,1,1,75.6,0,0,17,0,0,0,65.5,0,0,0,0,SO MISS,2,0,0,0,1,6,0,74.1,1,74.7,0,296,34,-3,0,0,79.2,17,0,0,15,0,0,
173631,Jayden Cofield,DI,0,0,,0,0,,TEXAS TECH,0,D51,0,0,0,7,1,2028,10,,0,0,,0,0,0,0,2,0,62,0,0,0,0,TEXAS TECH,0,0,0,0,,0,,60.8,,71.4,0,315,10,0,8,0,0,3,0,0,0,0,0,57.5
173634,John Curry,LB,2,0,,0,0,100,TEXAS TECH,2,D06,7,4,0,0,1,2028,0,79.2,20,2,51.1,0,0,3,0,0,0,68.4,0,0,0,0,TEXAS TECH,0,0,0,0,12,3,0,57.2,10,69.2,0,315,7,17,0,0,108.3,4,0,1,0,0,0,
173635,Miquel Dingle Jr.,LB,0,0,,0,0,,TEXAS TECH,0,D35,15,13,0,4,1,2028,0,,0,0,63.6,1,0,8,0,0,0,51.8,1,1,0,0,TEXAS TECH,0,0,2,0,,1,,57.6,,71.8,0,315,15,0,0,0,0,3,0,0,0,0,0,67.8
173640,Chapman Lewis,S,1,0,,0,1,100,TEXAS TECH,6,D25,51,17,0,0,1,2029,2,73,6,1,74.4,0,1,34,0,0,0,55.7,0,0,0,0,TEXAS TECH,1,0,0,0,6,6,12.5,69.3,6,77.7,0,315,53,2,0,0,52.1,19,1,1,28,0,2,
173645,Braylon Rigsby,DI,0,0,,0,0,,TEXAS TECH,0,D94,0,0,0,18,1,2028,22,,0,0,,0,0,0,9,0,0,66.1,0,1,0,0,TEXAS TECH,0,0,1,0,,0,,68,,72.9,0,315,22,0,13,0,0,4,0,0,0,0,0,63.2
173646,Jordan Sanford,S,2,0,,0,0,0,TEXAS TECH,0,D21,11,1,0,0,1,2028,1,,0,0,63.6,0,0,5,0,0,0,60.9,10,0,0,0,TEXAS TECH,0,0,0,0,,0,,64.4,,72.2,0,315,12,0,0,0,39.6,7,0,0,0,0,1,
173650,Macho Stevenson,CB,8,0,,0,2,62.5,TEXAS TECH,5,D12,50,1,0,0,1,2028,0,44.4,159,5,46.5,0,0,35,0,0,0,45.7,48,0,0,0,TEXAS TECH,1,0,0,0,84,1,28.6,44.5,31.8,76.4,0,315,50,88,0,1,145.8,15,0,0,0,1,0,
173654,Amier Washington,ED,1,0,,0,1,100,TEXAS TECH,1,D88,0,0,0,13,1,2029,24,37.6,5,1,63.1,0,0,3,7,0,0,58.6,0,0,0,0,TEXAS TECH,0,0,0,0,5,0,33.3,62,5,75.7,0,315,24,7,0,0,87.5,8,0,1,0,0,17,59.9
173683,Adepoju Adebawore,ED,0,0,,0,0,,OKLAHOMA,0,D34,1,1,0,5,1,2028,9,,0,0,,0,0,0,2,0,0,61.4,0,0,0,0,OKLAHOMA,0,0,0,0,,0,,60,,71.6,0,261,10,0,0,0,0,5,0,0,0,0,7,57.1
173687,Peyton Bowen,S,1,0,,0,0,100,OKLAHOMA,1,D22,4,0,0,0,1,2028,0,76.4,10,1,45.4,0,0,3,0,0,0,60,0,0,0,0,OKLAHOMA,0,0,0,0,10,0,0,48.1,10,67.7,0,261,4,5,0,0,108.3,1,0,0,4,0,0,
173689,Lewis Carter,LB,0,0,,0,0,,OKLAHOMA,0,D20,1,1,0,0,1,2028,0,73.1,0,0,,0,0,0,0,0,0,64,0,0,0,0,OKLAHOMA,0,0,0,0,,0,,70.8,,61.7,0,261,1,0,0,0,0,1,0,0,0,0,0,
173703,Jacobe Johnson,CB,0,0,,0,0,,OKLAHOMA,0,D19,6,0,0,0,1,2028,0,,0,0,63.8,0,0,6,0,0,0,,6,0,0,0,OKLAHOMA,0,0,0,0,,0,,64.3,,69.5,0,261,6,0,0,0,0,0,0,0,0,0,0,
173714,Sammy Omosigho,S,1,0,,0,0,100,OKLAHOMA,1,D24,6,5,0,1,1,2028,3,75.3,5,1,72.9,0,0,6,0,0,0,60,0,0,0,0,OKLAHOMA,0,0,0,0,5,1,0,72.4,5,70.4,0,261,9,8,0,0,87.5,2,0,0,0,0,3,59.7
173735,Nikko Taylor,ED,0,0,,0,1,,OREGON ST,5,D25,5,2,0,29,1,2026,49,67.5,0,0,63.6,3,0,6,0,0,0,78,0,1,0,0,OREGON ST,3,0,4,0,,3,12.5,67.3,,80.8,0,265,54,0,1,0,0,19,1,2,0,0,48,51.8
173739,Travis Bates,ED,0,0,,0,0,,KANSAS ST,1,D39,0,0,0,10,1,2027,16,71.1,0,0,,1,0,0,6,0,0,54.2,0,0,0,0,KANSAS ST,0,0,1,0,,0,0,55,,72.1,0,199,16,0,6,0,0,6,0,0,0,0,4,59.3
173761,Jevon McIver Jr.,CB,3,0,,0,0,33.3,TCU,1,D20,29,5,0,0,1,2026,0,74.2,9,1,56.3,0,0,16,0,0,0,62.2,22,0,0,0,TCU,0,0,0,0,9,1,0,57.5,9,73.2,0,305,29,3,0,0,42.4,13,0,0,0,0,0,
173777,Que Billingsley,S,1,0,,0,0,100,KENNESAW,3,D25,39,13,0,0,1,2028,0,82.6,11,1,57.2,0,0,24,0,0,0,74.9,0,0,0,0,KENNESAW,2,0,0,0,11,3,0,63.8,11,75.7,0,200,39,4,0,0,112.5,15,0,2,23,0,0,
173799,Isaac Paul,S,11,0,,0,1,63.6,KENNESAW,4,D23,54,22,0,0,1,2028,1,41.2,72,7,40.2,0,0,37,0,0,0,43.1,2,0,0,0,KENNESAW,2,0,0,0,21,13,16.7,38.9,10.3,78.1,0,200,55,11,0,2,112.7,18,0,1,17,1,1,
173801,Markell Redding,S,0,0,,0,0,,KENNESAW,0,D22,6,3,0,0,1,2028,0,,0,0,60.9,0,0,2,0,0,0,60,0,0,1,0,KENNESAW,0,0,0,0,,2,,49.8,,0,0,200,6,0,0,0,0,4,0,0,1,0,0,
173807,JeRico Washington Jr.,CB,3,0,,0,0,66.7,KENNESAW,3,D21,57,2,0,0,1,2028,0,80.5,24,2,64.5,0,0,36,0,0,0,66.4,53,0,0,0,KENNESAW,0,0,0,0,15,1,0,65.7,12,76.7,0,200,57,2,0,0,91,21,0,2,1,0,0,
174000,Ben Marsh,ED,0,0,,0,0,,BALL ST,0,D41,0,0,0,2,1,2028,4,,0,0,,0,0,0,0,0,0,60,0,0,0,0,BALL ST,0,0,0,0,,0,,58.5,,70.6,0,117,4,0,0,0,0,2,0,0,0,0,4,58.2
174005,KP Price,S,4,0,,0,0,100,BOSTON COL,4,D20,73,22,0,0,1,2028,0,83.4,51,4,63.1,0,1,44,0,0,0,60.3,0,0,0,0,BOSTON COL,0,0,0,0,26,10,0,62.9,12.8,78.5,0,121,73,17,0,1,118.8,29,0,2,41,1,0,
174013,Jackie Johnson III,ED,0,0,,0,0,,HAWAII,0,D57,1,1,1,29,1,2026,35,72.2,0,0,,1,0,0,1,0,0,48.2,0,1,1,0,HAWAII,1,0,3,0,,0,,57.8,,0,0,180,36,0,0,0,0,7,0,0,0,0,34,69.2
174015,Lesterlaisene Lagafuaina,ED,1,0,,0,0,100,HAWAII,2,D51,1,1,0,16,1,2029,28,74.8,3,1,44.3,1,0,6,0,0,0,62.9,0,0,0,0,HAWAII,1,0,1,0,3,0,0,54.2,3,78,0,180,29,7,0,0,79.2,7,0,0,0,0,28,60.9
174026,Jojo Hayden,ED,0,0,,0,0,,ILLINOIS,1,D30,0,0,0,1,1,2029,12,72.2,0,0,60,0,0,1,0,0,0,61,0,0,0,0,ILLINOIS,1,0,0,0,,0,0,61.5,,74.8,0,187,12,0,0,0,0,10,0,0,0,0,12,59.4
174031,Kaleb Patterson,CB,2,0,,0,1,50,ILLINOIS,4,D22,35,0,0,0,1,2027,0,62.9,19,1,61.5,0,0,16,0,0,0,59.2,27,0,0,0,ILLINOIS,2,0,0,0,19,8,20,61.2,19,75.6,0,187,35,0,0,0,83.3,19,0,0,0,0,0,
174034,Zachary Tobe,CB,0,0,,0,0,,GA TECH,0,D23,9,0,0,0,1,2028,0,73.5,0,0,72.1,0,0,6,0,0,0,60,9,0,0,0,GA TECH,0,0,0,0,,0,0,73.2,,70.5,0,176,9,0,0,0,0,3,0,1,0,0,0,
174037,Cam Calhoun,CB,3,0,,0,0,66.7,UTAH,3,D04,32,2,0,0,1,2028,0,79.2,5,2,63.8,0,0,9,0,0,0,77.4,29,0,0,0,UTAH,3,0,0,0,3,1,0,70.7,2.5,74.3,0,328,32,9,0,0,70.1,23,0,1,0,0,0,
174040,Jyaire Hill,CB,3,0,,0,1,66.7,MICHIGAN,5,D20,64,2,0,0,1,2028,0,66.8,10,2,73.6,0,0,29,0,0,0,53.1,61,0,0,0,MICHIGAN,2,0,0,0,6,1,16.7,69.7,5,77.4,0,222,64,7,0,1,71.5,35,0,0,0,0,0,
174047,Jordan Hall,LB,2,0,,0,0,100,MICH STATE,1,D05,20,19,0,4,1,2028,6,73.2,15,2,53.1,0,0,11,0,0,0,37.3,0,0,0,0,MICH STATE,1,0,0,0,12,0,0,47.7,7.5,73.8,0,223,26,7,0,0,97.9,11,0,0,0,0,6,74.1
174058,Damon Walters,S,1,0,,0,2,100,NWESTERN,4,D21,56,38,0,0,1,2028,0,40.4,-4,1,72.5,0,0,32,0,0,0,53.1,0,0,0,0,NWESTERN,3,0,0,0,-4,3,28.6,66.8,-4,76.1,0,256,56,1,0,0,79.2,24,2,1,15,0,0,
174067,Lucas Conti,DI,0,0,,0,1,,UNLV,1,D93,0,0,0,21,1,2029,43,28.1,0,0,,0,0,0,4,1,0,61.1,0,1,0,0,UNLV,1,0,1,0,,0,50,60.9,,75.6,0,325,43,0,38,0,0,22,0,0,0,0,0,58.9
174107,Jakevian Rodgers,CB,0,0,,0,0,,UTSA,0,D27,1,1,0,0,1,2028,0,,0,0,,0,0,0,0,0,0,60,0,0,0,0,UTSA,0,0,0,0,,0,,60,,61.7,0,331,1,0,0,0,0,1,0,0,0,0,0,
174115,Tevita Pome'e,DI,0,0,,0,0,,OREGON ST,0,D59,0,0,0,29,1,2029,45,,0,0,,0,0,0,0,6,0,58.9,0,0,0,0,OREGON ST,0,0,0,0,,0,,57,,76,0,265,45,0,39,0,0,16,0,0,0,0,0,55.6
174116,Jaeden Moore,ED,0,0,,0,0,,OREGON,0,D56,1,1,0,14,1,2028,21,,0,0,61.3,3,0,3,0,0,0,61.1,0,0,0,0,OREGON,0,0,3,0,,0,,60.6,,76.8,0,264,22,0,0,0,0,5,0,0,0,0,21,58
174117,Jerry Mixon,LB,0,0,,0,0,,OREGON,1,D54,7,6,0,1,1,2028,0,73.2,0,0,62,0,0,4,0,0,0,55.4,0,0,0,0,OREGON,0,0,0,0,,1,0,56.3,,68.7,0,264,7,0,0,0,0,2,0,0,0,0,0,59.3
174118,Teitum Tuioti,ED,1,0,,0,0,0,OREGON,1,D44,0,0,1,24,1,2028,48,76.6,0,0,61.9,1,0,5,5,0,0,68.9,0,0,0,0,OREGON,2,0,2,0,,0,0,67.6,,79.8,0,264,48,0,0,0,39.6,19,0,1,0,0,43,61.4
174123,Tyler Turner,S,0,0,,0,1,,OREGON,0,D19,11,2,0,0,1,2028,0,45.5,0,0,66,0,0,9,0,0,0,60,0,0,0,0,OREGON,0,0,0,0,,3,50,61.4,,73.4,0,264,11,0,0,0,0,2,0,1,6,0,0,
174124,Matayo Uiagalelei,ED,0,0,,0,1,,OREGON,2,D10,0,0,0,27,1,2028,49,55.9,0,0,60.1,1,0,2,19,0,0,65.9,0,0,0,0,OREGON,2,0,1,0,,0,20,61.3,,77.8,0,264,49,0,0,0,0,20,1,2,0,0,30,54.9
174146,Derrick Maxey III,S,0,0,,0,0,,GA STATE,0,D21,2,2,0,0,1,2028,0,,0,0,60.1,0,0,1,0,0,0,60,0,0,0,0,GA STATE,0,0,0,0,,0,,60.2,,66.2,0,175,2,0,0,0,0,1,0,0,0,0,0,
174147,Ayden Jackson,CB,4,0,,0,0,75,GA SOUTHRN,3,D25,56,3,0,0,1,2028,0,78.9,16,3,68.5,0,0,28,0,0,0,45.5,1,0,0,0,GA SOUTHRN,1,0,0,0,8,49,0,63.5,5.3,79.1,0,174,56,12,0,0,81.3,28,0,0,3,0,0,
174148,Matthew Littlejohn,S,1,0,,0,1,0,CAL,2,D22,22,6,0,2,1,2026,1,58.4,0,0,70.3,1,0,10,0,0,0,75,0,0,0,0,CAL,2,0,1,0,,16,25,74.9,,75.3,0,130,23,0,0,1,39.6,11,1,1,0,0,1,55.5
174155,Jamorri Colson,CB,1,0,,0,0,100,WASH STATE,1,D29,18,0,0,0,1,2026,0,75.1,27,1,57,0,0,12,0,0,0,60,16,0,0,0,WASH STATE,0,0,0,0,27,1,0,57.6,27,75.2,0,341,18,3,0,0,158.3,6,0,0,0,1,0,
174157,Kapena Gushiken,CB,9,0,2026,0,3,55.6,WASH STATE,5,D04,69,8,0,1,1,2026,4,32.8,42,5,60.6,0,0,50,0,0,0,46,3,0,1,0,WASH STATE,2,0,0,0,14,58,37.5,57.3,8.4,80,0,341,73,21,0,0,67.8,22,0,0,0,0,4,59.9
174160,Johnathan Hall,S,2,0,,0,0,0,UTAH,2,D03,25,24,0,3,1,2028,1,77.4,0,0,70.3,0,1,4,0,0,0,57,0,0,0,0,UTAH,1,0,0,0,,1,0,62.9,,72.7,0,328,26,0,0,0,0,19,0,1,0,0,1,56.6
174161,Stephen Hall,CB,5,0,2026,0,3,80,WASH STATE,4,D01,71,0,0,0,1,2026,0,34.1,44,4,56.3,0,0,50,0,0,0,51,70,0,0,0,WASH STATE,1,0,0,0,13,1,37.5,55.1,11,77.8,0,341,71,9,0,0,103.3,21,1,1,0,0,0,
174171,Sam Greene,ED,0,0,,0,1,,USC,2,D44,1,1,2,18,1,2029,29,57.4,0,0,61.6,0,0,3,1,0,0,53.4,0,1,0,0,USC,3,0,3,0,,0,33.3,65.6,,78.1,0,326,30,0,0,0,0,9,1,0,0,0,28,71.2
174174,Christian Pierce,S,3,0,,0,0,66.7,USC,3,D24,34,13,0,1,1,2028,1,81,7,2,68.6,0,0,23,0,0,0,61.7,0,0,0,0,USC,2,0,0,0,4,5,0,68.1,3.5,76.5,0,326,35,-1,0,0,70.1,11,0,1,16,0,1,59.4
174175,Warren Smith Jr.,CB,0,0,,0,0,,WASH STATE,0,D22,1,0,0,1,1,2029,0,,0,0,,0,0,0,0,0,0,,0,0,0,0,WASH STATE,0,0,0,0,,0,,60,,60,0,341,1,0,0,0,0,0,0,0,0,0,0,60
174184,Tackett Curtis,LB,0,0,,0,0,,WISCONSIN,0,D04,5,5,0,0,1,2028,0,,0,0,60.2,0,0,2,0,0,0,63.1,0,0,0,0,WISCONSIN,0,0,0,0,,0,,65.7,,69.1,0,349,5,0,0,0,0,3,0,0,0,0,0,
174194,Troy Pikes,DI,0,0,,0,1,,GA SOUTHRN,1,D93,0,0,0,9,1,2028,29,22.5,0,0,,1,0,0,0,1,0,69.9,0,0,0,0,GA SOUTHRN,0,0,1,0,,0,50,85,,74.5,0,174,29,0,28,0,0,20,0,0,0,0,0,91.9
174195,Ansel Din-Mbuh,DI,0,0,,0,1,,WASH STATE,1,D92,0,0,3,33,1,2028,45,48.6,0,0,60,1,0,1,4,0,0,57.6,0,0,0,0,WASH STATE,3,0,4,0,,0,50,58.3,,75.4,0,341,45,0,41,0,0,11,0,0,0,0,0,58.5
174197,Davon Gilmore,LB,1,0,,0,2,100,GA SOUTHRN,3,D15,41,40,0,1,1,2025,0,39,12,1,66.3,0,0,15,0,0,0,48.5,0,0,0,0,GA SOUTHRN,1,0,0,0,12,1,25,56.4,12,75.8,0,174,41,1,0,0,116.7,25,0,3,0,0,0,60
174198,Owen Chambliss,LB,0,0,,0,0,,S DIEGO ST,2,D05,40,31,0,4,1,2029,1,81.1,0,0,67.1,0,0,17,0,0,0,70.1,0,0,0,0,S DIEGO ST,1,0,0,0,,9,0,70.8,,75.2,0,284,41,0,0,0,0,20,0,3,0,0,1,60.6
174298,Ricky Lolohea,DI,0,0,,0,0,,UTAH ST,0,D94,0,0,0,7,1,2028,21,,0,0,,0,0,0,0,3,0,62,0,1,0,0,UTAH ST,0,0,1,0,,0,,64.6,,74.2,0,329,21,0,18,0,0,14,0,0,0,0,0,64.8
174301,Iman Oates,DI,0,0,,0,0,,OKLA STATE,0,D99,0,0,0,16,1,2027,41,,0,0,,0,0,0,4,0,0,39.4,0,0,0,0,OKLA STATE,0,0,0,0,,0,,41.3,,75.2,0,262,41,0,36,0,0,25,0,0,0,0,1,55
174309,Dylan Smith,S,2,0,,0,4,0,OKLA STATE,9,D11,62,32,0,3,1,2028,0,35.5,0,0,46.6,0,0,23,0,0,0,53.7,0,0,0,0,OKLA STATE,2,0,0,0,,13,30.8,48.3,,76,0,262,62,0,0,0,39.6,36,0,0,17,0,0,57.5
174314,Lardarius Webb Jr.,CB,2,0,2026,1,2,100,S ALABAMA,2,D07,60,11,0,0,1,2026,0,28.9,5,2,56.5,0,0,27,0,0,0,66.7,48,0,2,0,S ALABAMA,0,1,0,0,4,1,40,56.2,2.5,0,0,288,60,6,0,0,79.2,33,0,1,0,0,0,
174349,Andrew Harris,LB,0,0,,0,0,,UCF,1,D28,11,10,0,0,1,2027,0,78,0,0,61.7,0,0,3,0,0,0,78.4,1,0,0,0,UCF,1,0,0,0,,0,0,78.5,,72.2,0,323,11,0,0,0,0,8,0,2,0,0,0,
174351,Braeden Marshall,S,1,0,,0,1,0,UCF,0,D04,16,5,0,0,1,2028,0,28.6,0,0,74,0,0,9,0,0,0,50.7,0,0,0,0,UCF,0,0,0,0,,2,50,65.4,,72,0,323,16,0,0,0,39.6,7,0,1,9,0,0,
174353,Ja'Maric Morris,CB,0,0,,0,0,,GA STATE,0,D22,5,0,0,0,1,2027,0,,0,0,62.5,0,0,3,0,0,0,60,5,0,0,0,GA STATE,0,0,0,0,,0,,63.2,,69,0,175,5,0,0,0,0,2,0,0,0,0,0,
174463,Tyrell Martin,DI,0,0,,0,0,,E MICHIGAN,2,D93,0,0,0,11,1,2026,30,72.2,0,0,,2,0,0,1,0,0,58.4,0,0,1,0,E MICHIGAN,1,0,2,0,,0,0,53.7,,0,0,160,30,0,29,0,0,19,0,0,0,0,0,62.2
174628,DJ Coleman,S,0,0,,0,0,,BAYLOR,3,D33,20,9,0,0,1,2028,0,79.9,0,0,67.1,0,0,11,0,0,0,64.2,0,0,0,0,BAYLOR,0,0,0,0,,3,0,68,,72.7,0,118,20,0,0,0,0,9,0,0,8,0,0,
174630,Caden Jenkins,CB,6,0,,0,0,33.3,BAYLOR,4,D08,70,0,0,0,1,2028,0,80.5,15,2,61.1,0,0,45,0,0,0,66.2,70,0,1,0,BAYLOR,0,0,0,0,9,0,0,62.3,7.5,77.7,0,118,70,11,0,0,42.4,25,0,1,0,0,0,
174632,Corey Kelly,ED,0,0,,0,0,,BAYLOR,1,D52,1,1,0,3,1,2028,3,73.2,0,0,,0,0,0,0,0,0,61.3,0,0,0,0,BAYLOR,0,0,0,0,,0,0,59.2,,71.2,0,118,4,0,0,0,0,1,0,0,0,0,3,55.9
174637,Dawson Pendergrass,HB,0,0,,0,0,,BAYLOR,0,35,0,0,0,0,1,2028,1,,0,0,,0,0,0,0,0,0,60,0,0,0,0,BAYLOR,0,0,0,0,,0,,60,,65.7,0,118,1,0,0,0,0,1,0,0,0,0,1,
174646,LeVar Thornton Jr.,CB,1,0,,0,0,0,BAYLOR,0,D25,10,1,0,0,1,2028,0,,0,0,56.8,0,1,7,0,0,0,60.2,9,0,1,0,BAYLOR,0,0,0,0,,0,,57.4,,70.3,0,118,10,0,0,0,0,3,0,0,0,0,0,
174651,Carl Williams IV,CB,10,0,,0,2,80,BAYLOR,3,D15,66,10,0,3,1,2028,5,42.3,73,8,54.2,0,0,48,0,0,0,57.6,1,0,0,0,BAYLOR,2,0,0,0,21,55,33.3,54.1,9.1,79.8,0,118,71,79,0,0,97.1,20,1,1,0,0,5,54.9
174652,Tay'Shawn Wilson,CB,0,0,,0,0,,BAYLOR,0,D37,2,0,0,0,1,2028,0,,0,0,60,0,0,1,0,0,0,60,0,0,0,0,BAYLOR,0,0,0,0,,2,,61.2,,67.4,0,118,2,0,0,0,0,1,0,0,0,0,0,
174653,Trey Wilson,ED,0,0,,0,0,,BAYLOR,2,D91,0,0,0,13,1,2028,24,73.6,0,0,,0,0,0,10,0,0,55.7,0,0,0,0,BAYLOR,2,0,0,0,,0,0,59.4,,74.2,0,118,24,0,4,0,0,11,0,0,0,0,10,63.5
174654,Jefferson Adam,ED,0,0,,0,0,,E MICHIGAN,1,D85,0,0,0,10,1,2027,24,71.5,0,0,60,0,0,1,0,0,0,58.1,0,0,0,0,E MICHIGAN,1,0,0,0,,0,0,56.2,,76.9,0,160,24,0,1,0,0,13,1,0,0,0,23,54.9
174698,Stanquan Clark,LB,0,0,,0,0,,LOUISVILLE,4,D06,53,45,0,4,1,2028,3,83.7,0,0,67,1,0,20,0,0,0,83,1,0,0,0,LOUISVILLE,2,0,1,0,,7,0,78.7,,74.8,0,210,56,0,0,0,0,32,0,4,0,0,3,57.4
174704,AJ Green,ED,0,0,,0,0,,LOUISVILLE,0,D98,0,0,0,4,1,2028,6,,0,0,,0,0,0,0,0,0,60.5,0,0,0,0,LOUISVILLE,0,0,0,0,,0,,57.8,,72.8,0,210,6,0,0,0,0,2,0,0,0,0,6,55.9
174714,Woo Spencer,DI,0,0,,0,0,,LOUISVILLE,0,D55,0,0,0,1,1,2028,1,,0,0,,0,0,0,0,1,0,,0,0,0,0,LOUISVILLE,0,0,0,0,,0,,60,,65.5,0,210,1,0,0,0,0,0,0,0,0,0,0,60
174734,Jack Luttrell,S,1,0,,1,2,100,ARIZONA,6,D13,66,6,0,0,1,2027,0,40.8,24,1,45.8,0,0,31,0,0,0,74.5,0,0,0,0,ARIZONA,2,0,0,0,24,0,16.7,56.2,24,77.1,0,109,66,0,0,0,118.8,35,0,4,60,0,0,
174752,Zion Andreason,ED,0,0,,0,0,,UTAH ST,0,D40,0,0,0,2,1,2028,9,,0,0,,0,0,0,0,0,0,61.5,0,0,0,0,UTAH ST,0,0,0,0,,0,,61.5,,73.6,0,329,9,0,0,0,0,7,0,0,0,0,9,59
174768,Cian Slone,ED,0,0,2026,0,1,,UTAH ST,2,D98,0,0,2,31,1,2026,62,59.9,0,0,,0,0,0,0,0,0,56.1,0,3,0,0,UTAH ST,3,0,5,0,,0,25,68.3,,80.5,0,329,62,0,0,0,0,31,0,1,0,0,62,75.6
174793,Dante Lovett,CB,0,0,,0,1,,VA TECH,0,D01,19,1,0,0,1,2029,0,27.3,0,0,65.3,0,0,12,0,0,0,52,18,0,0,0,VA TECH,0,0,0,0,,0,100,61.8,,73.2,0,337,19,0,0,0,0,7,0,0,0,0,0,
174799,Aycen Stevens,ED,0,0,,0,0,,VA TECH,1,D42,0,0,0,5,1,2028,10,71.5,0,0,,0,0,0,0,0,0,59.7,0,0,0,0,VA TECH,1,0,0,0,,0,0,56.6,,73.3,0,337,10,0,0,0,0,5,1,0,0,0,10,55.5
174800,Thomas Williams,CB,0,0,,0,0,,VA TECH,0,D23,2,0,0,0,1,2028,0,,0,0,61.2,0,0,2,0,0,0,,2,0,0,0,VA TECH,0,0,0,0,,0,,62,,65.6,0,337,2,0,0,0,0,0,0,0,0,0,0,
174805,Caleb Woodson,LB,5,0,,0,0,80,VA TECH,5,D20,60,52,0,7,1,2028,0,81.5,54,4,49.1,0,0,29,0,0,0,64.3,0,1,0,0,VA TECH,1,0,1,0,21,8,0,53.3,13.5,73.9,0,337,60,26,0,1,111.7,24,0,2,0,0,0,53.6
174807,Ian Bell,CB,2,0,,0,0,100,WYOMING,0,D13,19,0,0,0,1,2028,0,,44,2,41.4,0,0,12,0,0,0,60,19,0,0,0,WYOMING,0,0,0,0,36,0,,42,22,73.3,0,351,19,11,0,0,158.3,7,0,0,0,1,0,
174814,Tyrecus Davis,CB,3,0,,0,0,66.7,WYOMING,2,D12,74,1,0,0,1,2026,0,77,16,2,68.5,0,0,46,0,0,0,64.3,73,0,1,0,WYOMING,0,0,0,0,10,0,0,68.9,8,77.5,0,351,74,15,0,0,79.9,28,0,0,0,0,0,
174815,Ethan Day,ED,0,0,,0,1,,WYOMING,2,D59,6,4,0,6,1,2029,11,47.7,0,0,62.5,0,0,6,2,0,0,62.6,0,0,0,0,WYOMING,1,0,0,0,,2,33.3,63.5,,73.2,0,351,17,0,1,0,0,5,0,0,0,0,8,58.9
174816,Dante Drake,DI,0,0,,0,0,,WYOMING,0,D92,0,0,0,2,1,2029,5,,0,0,,0,0,0,0,4,0,55.7,0,0,0,0,WYOMING,0,0,0,0,,0,,53.2,,71.9,0,351,5,0,1,0,0,3,0,0,0,0,0,60
174825,Keany Parks,CB,7,0,,0,1,57.1,WYOMING,1,D04,55,1,0,0,1,2028,0,41.8,28,4,86.5,0,0,34,0,0,0,63.3,54,0,0,0,WYOMING,1,0,0,0,17,0,50,85.5,7,76.6,0,351,55,35,0,3,66.4,21,0,0,0,0,0,
174835,Jayden Williams,DI,0,0,,0,0,,WYOMING,0,D98,0,0,0,12,1,2028,20,,0,0,,0,0,0,1,2,0,51.5,0,0,0,0,WYOMING,0,0,0,0,,0,,51.7,,73.5,0,351,20,0,16,0,0,8,0,0,0,0,1,57.6
174862,Gafa Faga,DI,0,0,,0,0,,S JOSE ST,4,D50,0,0,0,27,1,2026,47,75.2,0,0,60,0,0,0,0,31,0,62.9,0,0,0,0,S JOSE ST,4,0,0,0,,0,0,64.2,,77.7,0,285,47,0,16,0,0,20,0,1,0,0,0,61.1
174866,Dylan Hampsten,ED,0,0,,0,1,,S JOSE ST,1,D37,0,0,0,10,1,2029,18,28.6,0,0,61.5,0,0,0,10,0,0,50.7,0,0,0,0,S JOSE ST,1,0,0,0,,0,50,53.9,,73.6,0,285,18,0,3,0,0,8,0,0,0,0,5,53.9
174872,Taniela Latu,LB,6,0,,0,0,100,S JOSE ST,8,D04,43,16,1,15,1,2026,25,84.8,14,6,78.9,1,0,26,0,0,0,77.8,0,0,0,0,S JOSE ST,8,0,2,0,10,27,0,80,2.3,80.3,0,285,68,18,0,0,79.2,27,2,2,0,0,25,61.4
174877,Noah McNeal-Franklin,LB,7,0,,0,0,85.7,S JOSE ST,4,D09,50,47,0,7,1,2026,2,81.7,26,6,66,1,0,26,0,0,0,54.5,0,0,1,0,S JOSE ST,2,0,1,0,11,3,0,56.1,4.3,0,0,285,52,33,0,0,82.1,19,1,3,0,0,2,53.1
174881,Isiah Revis,S,0,0,,0,0,,S JOSE ST,2,D20,55,17,0,0,1,2026,0,78.7,0,0,68.5,0,0,42,0,0,0,61.8,0,0,0,0,S JOSE ST,0,0,0,0,,1,0,68,,76.1,0,285,55,0,0,0,0,13,0,0,37,0,0,
174925,TJ Bush Jr.,ED,0,0,,0,0,,LIBERTY,4,D03,0,0,2,16,1,2028,50,78.5,0,0,70.8,0,0,1,21,0,0,79.3,0,0,0,0,LIBERTY,6,0,2,0,,0,0,87.5,,77.3,0,206,50,0,12,0,0,33,0,2,0,0,17,69.9
174927,Donovan Dozier,ED,0,0,,0,0,,LIBERTY,0,D55,0,0,0,4,1,2028,9,,0,0,,1,0,0,5,0,0,52.3,0,0,0,0,LIBERTY,0,0,1,0,,0,,49.7,,71.4,0,206,9,0,1,0,0,5,0,0,0,0,3,57.9
174936,Eliyt Nairne,DI,0,0,,0,0,,LIBERTY,2,D90,0,0,0,12,1,2028,32,71.5,0,0,,0,0,0,0,21,0,53.2,0,0,0,0,LIBERTY,1,0,0,0,,0,0,53.7,,77.1,0,206,32,0,11,0,0,20,0,0,0,0,0,57.6
174941,Bryan Whitehead,ED,0,0,,0,0,,ARK STATE,1,D04,0,0,0,20,1,2026,27,71.1,0,0,,1,0,0,0,0,0,69.9,0,0,0,0,ARK STATE,1,0,1,0,,0,0,65,,76.4,0,113,27,0,0,0,0,7,0,0,0,0,27,57.9
174965,Jaxon Mull,CB,8,0,,0,1,62.5,WAKE,9,D12,71,0,0,0,1,2027,0,70.4,36,5,64.5,0,0,51,0,0,0,68,69,0,0,0,WAKE,3,0,0,0,14,2,9.1,65.7,7.2,77.8,0,339,71,9,0,0,72.9,20,0,1,0,0,0,
174966,Braxton Myers,CB,1,0,,0,2,0,SO MISS,3,D16,62,13,0,1,1,2028,1,47.3,0,0,68.5,1,0,29,0,0,0,39.6,46,0,0,0,SO MISS,1,0,1,0,,3,40,60.3,,75.7,0,296,63,0,0,0,39.6,33,1,0,0,0,1,61.4
174976,Dimitri Johnson,LB,2,0,,0,2,100,NEW MEXICO,3,D22,51,51,0,2,1,2026,6,31.2,22,2,56.4,1,0,21,0,0,0,56.2,0,0,0,0,NEW MEXICO,2,0,1,0,24,0,40,57,11,75,0,241,57,11,0,0,112.5,34,1,0,0,0,6,66.4
174990,Zyeir Gamble,S,1,0,,0,0,100,APP STATE,1,D28,9,4,0,0,1,2028,0,74.3,4,1,52.4,0,0,4,0,0,0,60,0,0,0,0,APP STATE,0,0,0,0,4,1,0,54.4,4,71.4,0,108,9,1,0,0,122.9,5,0,0,4,1,0,
174992,Jason Hertz,DI,0,0,,0,0,,APP STATE,0,D98,0,0,0,7,1,2028,17,70.1,0,0,,1,0,0,0,11,0,73.8,0,1,1,0,APP STATE,0,0,2,0,,0,0,69.8,,0,0,108,17,0,6,0,0,10,0,1,0,0,0,70.6
174993,Nate Johnson,ED,1,0,,0,0,100,APP STATE,1,D90,1,0,0,12,1,2028,25,73,7,1,62.8,1,0,4,0,0,0,62.8,0,0,0,0,APP STATE,1,0,1,0,7,1,0,64.2,7,78.3,0,108,26,6,0,0,95.8,10,0,0,0,0,25,60.2
175001,Colton Phares,S,0,0,,0,0,,APP STATE,0,D10,12,12,0,0,1,2028,0,,0,0,61.5,0,0,5,0,0,0,23.2,0,0,0,0,APP STATE,0,0,0,0,,0,,27.6,,71.8,0,108,12,0,0,0,0,7,0,0,0,0,0,
175014,Naseri Danielson,LB,0,0,,0,0,,S JOSE ST,1,D16,17,15,0,1,1,2028,0,76.4,0,0,62.6,0,0,6,0,0,0,58.6,0,0,0,0,S JOSE ST,1,0,0,0,,2,0,60.9,,70.9,0,285,17,0,0,0,0,10,0,1,0,0,0,59.7
175041,Solomon Bell,CB,0,0,,0,0,,E MICHIGAN,0,D26,1,0,0,0,1,2027,0,,0,0,60,0,0,1,0,0,0,,1,0,0,0,E MICHIGAN,0,0,0,0,,0,,60.3,,63.8,0,160,1,0,0,0,0,0,0,0,0,0,0,
175053,Jaheim Jenkins,CB,0,0,,0,0,,E MICHIGAN,0,D12,7,0,0,0,1,2027,0,,0,0,61.1,0,0,2,0,0,0,60,7,0,0,0,E MICHIGAN,0,0,0,0,,0,,62.4,,69.5,0,160,7,0,0,0,0,5,0,0,0,0,0,
175058,Jaivian Norman,CB,4,0,,0,0,75,E MICHIGAN,3,D28,35,0,0,2,1,2028,0,79.6,33,3,53.9,1,0,19,0,0,0,62.6,0,0,0,0,E MICHIGAN,0,0,1,0,15,35,0,54.5,11,79.5,0,160,35,6,0,0,99,14,0,0,0,0,0,55.6
175060,Malik Tullis,DI,0,0,,0,0,,E MICHIGAN,0,D90,0,0,0,2,1,2028,4,,0,0,60,0,0,1,0,0,0,60,0,0,0,0,E MICHIGAN,0,0,0,0,,0,,59.7,,68.8,0,160,4,0,3,0,0,1,0,0,0,0,1,59.3
175068,Daiquan White,CB,5,0,,0,1,60,E MICHIGAN,3,D04,59,0,0,1,1,2028,0,36.1,51,3,50.7,0,0,28,0,0,0,58.8,49,0,0,0,E MICHIGAN,0,0,0,0,21,10,25,51.2,17,78.2,0,160,59,13,0,0,134.2,30,0,0,0,1,0,55.4
175071,Xe'ree Alexander,LB,2,0,,0,4,50,UCF,4,D24,54,52,0,8,1,2028,5,27.5,13,1,55.6,1,0,21,0,0,0,28,0,0,0,0,UCF,1,0,1,0,13,2,44.4,33.8,13,78,0,323,59,16,0,0,70.8,30,0,1,0,0,5,52.8
175132,Nasir Addison,CB,0,0,,0,0,,KENTUCKY,0,D21,2,0,0,0,1,2028,3,,0,0,,0,0,0,0,0,0,60,2,0,0,0,KENTUCKY,0,0,0,0,,0,,60.7,,71.9,0,202,5,0,0,0,0,5,0,0,0,0,3,
175140,Ty Bryant,S,0,0,,0,0,,KENTUCKY,2,D14,37,11,0,0,1,2028,0,79.8,0,0,73.1,0,0,15,0,0,0,63.4,0,0,0,0,KENTUCKY,1,0,0,0,,4,0,71.9,,75.6,0,202,37,0,0,0,0,22,0,0,22,0,0,
175147,Kendrick Gilbert,DI,0,0,,0,0,,KENTUCKY,0,D99,0,0,0,1,1,2028,14,71.5,0,0,,0,0,0,0,9,0,62.8,0,0,0,0,KENTUCKY,0,0,0,0,,0,0,63.3,,73.5,0,202,14,0,5,0,0,13,0,1,0,0,0,60
175165,Tommy Ziesmer,DI,0,0,,0,0,,KENTUCKY,0,D96,0,0,0,0,1,2028,5,,0,0,,0,0,0,0,0,0,64.8,0,0,0,0,KENTUCKY,0,0,0,0,,0,,71.2,,68.8,0,202,5,0,5,0,0,5,0,0,0,0,0,
175186,Julien Davis,LB,0,0,,0,0,,E CAROLINA,0,D42,17,14,0,2,1,2028,1,,0,0,63,0,0,11,0,0,0,55.9,0,1,0,0,E CAROLINA,0,0,1,0,,2,,63.1,,71.5,0,156,18,0,0,0,0,5,0,0,1,0,1,66.7
175191,Antione Jackson,CB,0,0,,0,0,,UCF,0,D07,18,1,0,0,1,2028,0,74.3,0,0,62,0,0,3,0,0,0,66.1,17,0,0,0,UCF,0,0,0,0,,0,0,65.7,,73,0,323,18,0,0,0,0,15,0,1,0,0,0,
175193,DJ Johnson Jr.,LB,3,0,,0,2,100,E CAROLINA,4,D41,18,18,0,0,1,2028,0,43.9,38,3,57,0,0,8,0,0,0,40.5,0,0,0,0,E CAROLINA,2,0,0,0,27,0,28.6,44,12.7,71.4,0,156,18,8,0,0,118.8,10,0,1,0,0,0,
175216,Bryce Allen,CB,1,0,,0,0,0,NAVY,0,D28,7,0,0,0,1,2028,0,74.2,0,0,60,0,0,1,0,0,0,63,7,0,0,0,NAVY,0,0,0,0,,0,0,50.3,,69.8,0,237,7,0,0,0,39.6,6,0,1,0,0,0,
175237,Job Grant,LB,0,0,,0,0,,NAVY,1,D39,8,7,0,0,1,2028,0,73.6,0,0,60,0,0,1,0,0,0,50.2,0,0,0,0,NAVY,0,0,0,0,,1,0,51.1,,70.3,0,237,8,0,0,0,0,7,0,0,0,0,0,
175239,Arnel Heathington,CB,0,0,,0,0,,NAVY,1,D10,5,2,0,0,1,2028,0,73.1,0,0,60,0,0,1,0,0,0,67.4,3,0,0,0,NAVY,1,0,0,0,,0,0,69.9,,66.7,0,237,5,0,0,0,0,4,0,0,0,0,0,
175243,Greg Johnson,CB,0,0,,0,1,,NAVY,0,D08,15,0,0,0,1,2028,0,21.4,0,0,64.6,0,0,7,0,0,0,45.1,15,0,0,0,NAVY,0,0,0,0,,0,100,56.9,,72.3,0,237,15,0,0,0,0,8,0,0,0,0,0,
175261,Matt Reyes,DI,0,0,,0,0,,NAVY,2,D97,0,0,0,6,1,2028,17,72.4,0,0,,0,0,0,7,0,0,58.2,0,0,0,0,NAVY,0,0,0,0,,0,0,57.8,,72.9,0,237,17,0,10,0,0,11,0,0,0,0,0,58.4
175263,Matthew Seliga,S,0,0,,0,0,,NAVY,3,D05,8,7,0,0,1,2028,0,79.6,0,0,63.3,0,0,1,0,0,0,65.1,0,0,0,0,NAVY,0,0,0,0,,0,0,67.6,,69.5,0,237,8,0,0,0,0,7,0,0,1,0,0,
175264,Giuseppe Sessi,S,0,0,,0,1,,NAVY,0,D16,14,8,0,0,1,2028,0,20.7,0,0,54.3,0,0,7,0,0,0,61.3,0,0,0,0,NAVY,0,0,0,0,,4,100,56.1,,71.2,0,237,14,0,0,0,0,7,0,0,2,0,0,
175274,Griffen Willis,DI,0,0,,0,0,,NAVY,2,D95,0,0,0,5,1,2028,18,73.2,0,0,,0,0,0,1,5,0,59.8,0,0,0,0,NAVY,2,0,0,0,,0,0,59.1,,73.7,0,237,18,0,12,0,0,13,0,0,0,0,0,57.5
175297,Daemian Wimberly,ED,0,0,,0,0,,UTSA,0,D42,1,1,0,15,1,2028,20,,0,0,,2,0,0,10,0,1,60.2,0,0,0,0,UTSA,0,0,2,1,,0,,74.6,,74.3,0,331,21,0,3,0,0,6,0,0,0,0,7,76.4
175345,Max Tucker,CB,5,0,,0,0,40,BOSTON COL,2,D13,73,1,0,1,1,2028,0,77,15,2,75.2,0,0,43,0,0,0,64.1,72,0,0,0,BOSTON COL,0,0,0,0,8,0,0,74.3,7.5,77.2,0,121,73,0,0,1,47.9,29,0,0,0,0,0,55.4
175375,Demetrius Freeney Jr.,CB,0,0,,0,0,,ARIZONA,0,D07,3,1,0,0,1,2027,0,,0,0,60,0,0,1,0,0,0,60,2,0,0,0,ARIZONA,0,0,0,0,,0,,60.7,,65.8,0,109,3,0,0,0,0,2,0,0,0,0,0,
175389,Ty Adams,CB,1,0,,0,0,0,N CAROLINA,2,D11,54,2,0,0,1,2028,0,77,0,0,69.9,0,0,41,0,0,0,62.6,52,0,0,0,N CAROLINA,0,0,0,0,,0,0,70.1,,76.3,0,245,54,0,0,0,39.6,13,0,0,0,0,0,
175392,Kaleb Cost,CB,3,0,,0,0,66.7,N CAROLINA,4,D21,67,9,0,1,1,2028,4,80.4,14,2,69.6,0,0,53,0,0,0,65.9,0,0,0,0,N CAROLINA,1,0,0,0,8,57,0,69.7,7,80.6,0,245,71,7,0,0,77.1,17,0,0,1,0,4,59.1
175399,Caleb LaVallee,LB,0,0,,0,0,,N CAROLINA,0,D34,10,7,0,2,1,2028,0,74.3,0,0,63.7,0,0,3,0,0,0,61.5,0,0,0,0,N CAROLINA,0,0,0,0,,3,0,64.8,,69.3,0,245,10,0,0,0,0,5,0,1,0,0,0,59.2
175400,Rodney Lora,DI,0,0,,0,0,,N CAROLINA,0,D92,0,0,0,1,1,2029,1,,0,0,,0,0,0,0,0,0,,0,0,0,0,N CAROLINA,0,0,0,0,,0,,60,,64.7,0,245,1,0,1,0,0,0,0,0,0,0,0,60
175403,Tre Miller,S,1,0,,0,0,100,N CAROLINA,1,D15,5,1,0,0,1,2028,0,76.7,8,1,72.2,0,0,5,0,0,0,,1,0,0,0,N CAROLINA,1,0,0,0,8,3,0,73.8,8,68.9,0,245,5,5,0,0,100,0,0,1,0,0,0,
175406,Jesse Anderson III,S,1,0,,0,0,100,PITTSBURGH,0,D16,11,10,0,0,1,2029,0,74.8,12,1,55.7,0,0,11,0,0,0,,0,0,0,0,PITTSBURGH,0,0,0,0,12,1,0,56.1,12,71.9,0,268,11,1,0,0,116.7,0,0,1,0,0,0,
175407,Jordan Bass,LB,3,0,,0,1,66.7,PITTSBURGH,4,D20,24,11,0,5,1,2028,8,64.4,18,2,74,0,0,18,0,0,0,68.7,0,1,0,0,PITTSBURGH,3,0,1,0,21,13,16.7,75.8,9,76.5,0,268,32,10,0,1,82.6,9,2,1,0,0,8,62.5
175408,Rasheem Biles,LB,7,1,,0,1,57.1,PITTSBURGH,8,D31,41,33,1,15,1,2028,17,74.1,21,4,76.4,0,1,24,0,0,0,62.9,0,2,0,0,PITTSBURGH,6,0,3,0,7,8,10,74.4,5.3,77.9,0,268,58,13,0,0,22.6,19,0,1,0,0,17,68.1
175409,Cruce Brookins,S,2,0,,0,0,50,PITTSBURGH,4,D12,37,12,0,2,1,2028,4,81.1,13,1,63.8,0,0,34,0,0,0,60.7,0,0,1,0,PITTSBURGH,1,0,0,0,13,21,0,63.6,13,78,0,268,41,0,0,1,70.8,5,0,0,4,0,4,57.8
175416,Shadarian Harrison,CB,1,0,,0,0,0,PITTSBURGH,0,D21,6,0,0,1,1,2028,0,,0,0,70.4,0,0,5,0,0,0,,6,0,0,0,PITTSBURGH,0,0,0,0,,0,,69.9,,69,0,268,6,0,0,0,39.6,0,0,0,0,0,0,58.3
175425,Zach Zollers,ED,0,0,,0,0,,PITTSBURGH,0,D46,0,0,0,6,1,2028,7,,0,0,60,0,0,1,0,0,0,,0,0,0,0,PITTSBURGH,0,0,0,0,,0,,55.6,,71.6,0,268,7,0,0,0,0,0,0,0,0,0,7,55.1
175427,Anthony Britton,DI,0,0,,0,0,,VIRGINIA,5,D55,0,0,0,22,1,2028,51,76.9,0,0,60,0,0,0,0,21,0,67.4,0,0,0,0,VIRGINIA,2,0,0,0,,0,0,67.2,,77.8,0,335,51,0,30,0,0,29,0,6,0,0,0,60.1
175431,Landon Danley,LB,0,0,,0,1,,VIRGINIA,1,D32,26,26,0,5,1,2028,13,43,0,0,62.2,0,0,15,0,0,0,65.8,0,0,0,0,VIRGINIA,0,0,0,0,,0,33.3,66.2,,75.8,0,335,39,0,0,0,0,19,0,1,0,0,13,63.2
175435,Caleb Hardy,S,0,0,,0,1,,VIRGINIA,0,D02,8,4,0,0,1,2028,0,22.3,0,0,49.2,0,0,1,0,0,0,60,0,0,0,0,VIRGINIA,0,0,0,0,,1,100,54,,69.8,0,335,8,0,0,0,0,7,0,0,3,0,0,
175441,Kam Robinson,LB,2,0,,0,2,100,VIRGINIA,2,D05,26,25,0,4,1,2028,10,35.8,22,2,57.8,1,0,14,0,0,0,87.2,0,0,0,0,VIRGINIA,1,0,1,0,15,1,33.3,73.3,11,76.9,0,335,36,31,0,0,112.5,18,0,2,0,0,10,54
175444,Dre Walker,CB,1,0,,0,2,0,VIRGINIA,2,D06,21,4,0,0,1,2028,1,29.2,0,0,59.2,0,0,11,0,0,0,56.2,17,0,0,0,VIRGINIA,1,0,0,0,,0,50,57.8,,73.8,0,335,22,0,0,0,39.6,11,0,0,0,0,1,
175450,Darius Grimes,ED,0,0,,0,0,,MARYLAND,1,D48,0,0,0,0,1,2028,4,71.3,0,0,,0,0,0,3,0,0,47.4,0,0,0,0,MARYLAND,1,0,0,0,,0,0,42.6,,67.6,0,215,4,0,0,0,0,4,0,0,0,0,1,
175468,Eddie Pleasant III,CB,1,0,,0,0,0,BUFFALO,0,D21,16,0,0,0,1,2028,0,,0,0,71,0,0,7,0,0,0,61.1,16,0,0,0,BUFFALO,0,0,0,0,,0,,71.4,,72.8,0,126,16,0,0,0,39.6,9,0,0,0,0,0,
175471,Jalen Thompson,ED,0,0,,0,0,,MICH STATE,2,D09,1,0,0,10,1,2028,31,73.9,0,0,,0,0,0,2,0,0,61.2,0,0,0,0,MICH STATE,2,0,0,0,,0,0,62.1,,77,0,223,32,0,1,0,0,22,1,0,0,0,28,60.8
175486,Kai Wallin,ED,0,0,,0,0,,NEBRASKA,0,D93,0,0,0,1,1,2028,1,,0,0,,0,0,0,0,0,0,,0,0,0,0,NEBRASKA,0,0,0,0,,0,,59.7,,66,0,238,1,0,0,0,0,0,0,0,0,0,1,59.2
175501,Djibril Rahman,ED,0,0,,0,0,,RUTGERS,0,D91,0,0,0,0,1,2029,1,,0,0,,0,0,0,0,0,0,60,0,0,0,0,RUTGERS,0,0,0,0,,0,,60.1,,65.6,0,278,1,0,0,0,0,1,0,0,0,0,1,
175520,Christian Alliegro,LB,1,0,,0,0,100,WISCONSIN,2,D28,15,14,0,2,1,2028,0,77.5,27,1,29,1,0,7,0,0,0,73.3,1,1,0,0,WISCONSIN,0,0,2,0,27,0,0,47.2,27,70.6,0,349,15,21,0,0,118.8,6,0,1,0,0,0,80.1
175525,Nyzier Fourqurean,CB,5,0,2026,0,1,80,WISCONSIN,6,D03,67,7,0,0,1,2026,1,71.1,26,4,66,0,0,35,0,0,1,65.2,46,0,0,0,WISCONSIN,2,0,0,0,13,12,12.5,66.6,6.5,77.6,0,349,68,17,0,0,88.3,33,0,1,2,0,1,
175576,Atavious Weaver,ED,2,0,,0,0,100,FIU,2,D46,5,4,0,5,1,2027,24,78.3,6,2,61.3,0,0,5,1,0,0,58.6,0,0,0,0,FIU,1,0,0,0,5,1,0,59.6,3,76.9,0,166,29,11,0,0,79.2,19,0,2,0,0,23,58.1
175598,Reggie Jones Jr.,DI,0,0,,0,0,,S JOSE ST,2,D96,0,0,0,0,1,2026,6,71.9,0,0,,0,0,0,0,1,0,61.6,0,0,0,0,S JOSE ST,1,0,0,0,,0,0,62.4,,69.7,0,285,6,0,5,0,0,6,0,0,0,0,0,
175644,Joey Lightfoot,DI,0,0,,0,0,,UTEP,0,D69,0,0,0,1,1,2028,2,,0,0,,0,0,0,0,2,0,60,0,0,0,0,UTEP,0,0,0,0,,0,,60.3,,67.6,0,330,2,0,0,0,0,1,0,0,0,0,0,60
175652,Lantz Russell,S,1,0,,0,0,0,UTEP,0,D26,1,0,0,0,1,2026,0,,0,0,60,0,0,1,0,0,0,,0,0,0,0,UTEP,0,0,0,0,,1,,53.7,,63.5,0,330,1,0,0,0,39.6,0,0,0,0,0,0,
175693,Daniel Williams,DI,0,0,,0,0,,HAWAII,0,D69,0,0,0,14,1,2025,24,73.6,0,0,60,0,0,0,0,7,0,68.9,0,0,0,0,HAWAII,0,0,0,0,,0,0,65.2,,74.4,0,180,24,0,17,0,0,10,0,2,0,0,0,55.5
175702,Aiden McComber,DI,0,0,,0,0,,HAWAII,0,D44,0,0,0,3,1,2028,4,,0,0,,1,0,0,1,0,0,60,0,0,0,0,HAWAII,0,0,1,0,,0,,74.4,,68.6,0,180,4,0,3,0,0,1,0,0,0,0,0,74.1
175705,Jamih Otis,LB,4,0,,0,1,100,HAWAII,5,D54,34,32,0,5,1,2028,2,58.2,45,4,45.2,0,0,21,0,0,0,63,0,0,0,0,HAWAII,4,0,0,0,18,2,16.7,48.4,11.3,73.9,0,180,36,6,0,1,113.5,10,0,0,0,0,2,55.5
175706,Elijah Palmer,CB,6,0,,0,0,66.7,HAWAII,3,D09,61,4,0,4,1,2028,0,81.9,35,4,69.8,0,0,38,0,0,0,42.1,0,0,0,0,HAWAII,1,0,0,0,16,57,0,64.4,8.8,81.1,0,180,61,7,0,1,121.5,19,0,2,0,1,0,53.7
175710,Josh Sagapolutele,DI,0,0,,0,0,,HAWAII,0,D91,5,5,0,5,1,2029,1,,0,0,,0,0,0,0,0,0,60,0,0,0,0,HAWAII,0,0,0,0,,0,,53.3,,70.2,0,180,6,0,1,0,0,1,0,0,0,0,0,53.7
175716,Jaheim Wilson-Jones,CB,0,0,,0,0,,HAWAII,0,D14,6,0,0,0,1,2026,0,,0,0,63.3,0,0,5,0,0,0,60,6,0,0,0,HAWAII,0,0,0,0,,0,,63.9,,69,0,180,6,0,0,0,0,1,0,0,0,0,0,
175720,Michael Coats Jr.,CB,5,0,2026,0,2,40,NEVADA,4,D03,64,3,0,0,1,2026,3,43.2,25,2,79.5,0,1,37,0,0,0,46.8,59,0,0,0,NEVADA,1,0,0,0,17,2,28.6,74.4,12.5,78.3,0,239,67,15,0,1,16.7,30,0,1,0,0,3,
175725,Tori Daffin,S,1,0,,0,5,0,NEVADA,3,D28,48,18,0,2,1,2026,3,24.7,0,0,65.2,0,0,20,0,0,0,38.5,0,0,0,0,NEVADA,1,0,0,0,,10,55.6,53.2,,77,0,239,51,0,0,0,39.6,29,0,1,20,0,3,58.8
175729,Bishop Turner,S,0,0,,0,0,,NEVADA,0,D15,8,1,0,0,1,2028,0,76.2,0,0,45.9,0,0,2,0,0,0,63.2,1,0,0,0,NEVADA,0,0,0,0,,1,0,48.3,,71.9,0,239,8,0,0,0,0,6,0,1,5,0,0,
175733,Skylar Cook,S,0,0,,0,0,,NEW MEXICO,2,D32,22,15,0,1,1,2027,1,78.4,0,0,57.4,1,0,14,0,0,0,51.2,0,0,0,0,NEW MEXICO,1,0,1,0,,0,0,52.7,,73.2,0,241,23,0,0,0,0,8,0,0,7,0,1,59.7
175760,Brady Nassar,ED,0,0,,0,1,,S DIEGO ST,1,D93,0,0,0,17,1,2028,30,28.4,0,0,60,2,0,0,5,0,0,62.1,0,0,0,0,S DIEGO ST,1,0,2,0,,0,50,57.4,,75.5,0,284,30,0,15,0,0,13,0,0,0,0,10,52.4
175790,Colin Coates,DI,0,0,,0,0,,CHARLOTTE,0,D55,0,0,0,12,1,2028,30,72.2,0,0,,0,0,0,1,6,0,47.5,0,0,1,0,CHARLOTTE,0,0,0,0,,0,0,41.4,,0,0,136,30,0,23,0,0,18,0,2,0,0,0,56.5
175831,Jordan Saunders,S,0,0,,0,0,,DOMINION,0,D30,3,3,0,0,1,2028,0,,0,0,60,0,0,1,0,0,0,60,0,0,0,0,DOMINION,0,0,0,0,,0,,60.2,,66.9,0,263,3,0,0,0,0,2,0,0,0,0,0,
175832,Gage Sawyers,LB,2,0,,0,1,100,DOMINION,0,D41,39,31,0,2,1,2028,3,31.8,7,2,69.1,0,0,23,0,0,0,45.8,0,0,0,0,DOMINION,0,0,0,0,4,8,33.3,60.2,3.5,77.1,0,263,42,6,0,1,120.8,17,0,2,0,1,3,57.6
175843,RJ Moss Jr.,DI,0,0,,0,0,,S ALABAMA,0,D18,0,0,0,4,1,2028,10,,0,0,,0,0,0,1,0,0,55.6,0,0,0,0,S ALABAMA,0,0,0,0,,0,,53.7,,70.9,0,288,10,0,9,0,0,6,0,0,0,0,0,57.6
175863,Bray Hubbard,S,6,0,,0,1,50,ALABAMA,4,D18,49,15,0,0,1,2028,0,56.2,17,3,88.7,0,1,25,0,0,0,55.1,0,0,0,0,ALABAMA,2,0,0,0,13,16,20,81.7,5.7,76.9,0,103,49,6,0,0,16.7,24,0,0,18,0,0,
175869,Yhonzae Pierre,ED,0,0,,0,0,,ALABAMA,0,D42,0,0,0,0,1,2028,1,,0,0,,0,0,0,0,0,0,60,0,0,0,0,ALABAMA,0,0,0,0,,0,,60.5,,66,0,103,1,0,0,0,0,1,0,0,0,0,1,
175881,Bobby Jamison-Travis,DI,0,0,2026,0,0,,AUBURN,0,D97,0,0,1,8,1,2026,19,70.1,0,0,,0,0,0,2,10,0,62.1,0,0,0,0,AUBURN,1,0,1,0,,0,,64.3,,74.3,0,115,19,0,5,0,0,11,0,0,0,0,2,63.3
175896,Kelley Jones,CB,2,0,,0,0,100,MISS STATE,5,D01,19,8,0,0,1,2028,0,80.8,34,2,46.6,0,0,7,0,0,0,74.8,11,0,0,0,MISS STATE,1,0,0,0,18,0,0,58.3,17,71.1,0,227,19,8,0,0,118.8,12,0,0,0,0,0,
175900,Nick DeLoach Jr.,CB,3,0,,0,0,33.3,MISSOURI,2,D24,39,8,0,0,1,2028,1,76,12,1,70.3,0,0,23,0,0,0,40,30,0,0,0,MISSOURI,2,0,0,0,12,1,0,63.4,12,74.3,0,229,40,16,0,0,46.5,17,0,0,0,0,1,
175907,Shamar McNeil,CB,0,0,,0,0,,MISSOURI,1,D26,3,1,0,0,1,2028,0,74.8,0,0,,0,0,0,0,0,0,62.8,1,0,0,0,MISSOURI,0,0,0,0,,1,0,63.5,,66.7,0,229,3,0,0,0,0,3,0,0,0,0,0,
175914,Serigne Tounkara,ED,0,0,,0,0,,CAL,0,D18,0,0,1,5,1,2029,5,73,0,0,,0,0,0,0,0,0,,0,0,0,0,CAL,1,0,1,0,,0,,64.5,,71.4,0,130,5,0,0,0,0,0,0,0,0,0,5,63.7
175915,Sam Williams,DI,0,0,,0,0,,MISSOURI,0,D94,0,0,0,0,1,2028,4,,0,0,,0,0,0,1,0,0,42.2,0,0,0,0,MISSOURI,0,0,0,0,,0,,33.9,,67.9,0,229,4,0,3,0,0,4,0,0,0,0,0,
175932,Dalton Brooks,S,7,0,,0,3,57.1,TEXAS A&M,6,D25,66,23,0,3,1,2028,4,34.3,138,4,63.9,1,0,47,0,0,0,68.1,0,0,0,0,TEXAS A&M,2,0,1,0,76,12,33.3,67.1,34.5,79.9,0,312,70,115,0,1,141.4,20,0,0,30,1,4,69.9
175935,DJ Hicks,DI,0,0,,0,0,,TEXAS A&M,2,D13,0,0,1,15,1,2028,23,73.6,0,0,,1,0,0,3,4,0,79.9,0,0,0,0,TEXAS A&M,2,0,2,0,,0,0,82,,73.9,0,312,23,0,16,0,0,8,0,0,0,0,0,68.6
175937,Rylan Kennedy,ED,0,0,,0,0,,TEXAS A&M,0,D15,0,0,1,7,1,2028,13,72.2,0,0,,0,0,0,0,0,0,60.5,0,0,0,0,TEXAS A&M,1,0,1,0,,0,,66,,75.4,0,312,13,0,0,0,0,6,0,0,0,0,13,64.9
175949,Justin Cryer,LB,2,0,,0,0,100,FLORIDA ST,4,D28,47,36,0,1,1,2028,2,80.1,24,2,56.8,0,0,26,0,0,0,27.5,0,0,0,0,FLORIDA ST,2,0,0,0,13,11,0,39,12,75.9,0,167,49,21,0,0,116.7,22,0,0,0,0,2,60
175960,Jeremiah Warren,DI,0,0,,0,0,,ILLINOIS,1,D55,0,0,0,7,1,2028,19,70.2,0,0,,0,0,0,0,17,0,74,0,0,0,0,ILLINOIS,1,0,0,0,,0,0,72.1,,76,0,187,19,0,2,0,0,12,0,1,0,0,0,57.1
175961,Pat Farrell,DI,0,0,,0,0,,ILLINOIS,0,D52,0,0,0,1,1,2028,6,,0,0,,0,0,0,3,0,0,58,0,0,0,0,ILLINOIS,0,0,0,0,,0,,56.9,,69,0,187,6,0,3,0,0,5,0,0,0,0,0,59.6
175962,Mac Resetich,S,0,0,,0,0,,ILLINOIS,2,D26,16,1,0,0,1,2028,0,79.5,0,0,36.4,0,0,6,0,0,0,60,0,0,0,0,ILLINOIS,0,0,0,0,,1,0,43.2,,72.3,0,187,16,0,0,0,0,10,0,0,14,0,0,
175969,Juice Clarke,CB,2,0,,0,0,50,ILLINOIS,5,D25,31,0,0,0,1,2028,0,80.7,6,1,57.8,0,0,12,0,0,0,65.7,30,0,0,0,ILLINOIS,0,0,0,0,6,1,0,60,6,74.6,0,187,31,2,0,0,56.3,19,0,0,0,0,0,
175970,Saboor Karriem,S,0,0,,0,0,,ILLINOIS,4,D02,10,5,0,0,1,2028,0,82.6,0,0,61.3,0,0,2,0,0,0,79.3,1,0,0,0,ILLINOIS,3,0,0,0,,4,0,77.3,,69.1,0,187,10,0,0,0,0,8,0,2,0,0,0,
175973,Alex Bray,DI,0,0,,0,1,,ILLINOIS,1,D11,0,0,0,12,1,2028,34,23.2,0,0,,0,0,0,29,0,0,53.9,0,0,0,0,ILLINOIS,0,0,0,0,,0,50,55.1,,74.1,0,187,34,0,4,0,0,22,0,0,0,0,1,59.5
175991,Jordan Shaw,CB,2,0,,0,0,50,WASHINGTON,1,D03,34,7,0,0,1,2028,3,76.9,3,1,71.3,0,0,14,0,0,0,63.4,0,0,0,0,WASHINGTON,1,0,0,0,3,24,0,70.7,3,77.2,0,340,37,6,0,0,56.3,23,0,1,3,0,3,
176021,Rashard Perry,DI,0,0,,0,0,,SYRACUSE,0,D92,0,0,0,9,1,2028,16,70.1,0,0,,1,0,0,0,15,0,63.7,0,0,0,0,SYRACUSE,0,0,1,0,,0,0,66,,74.3,0,304,16,0,1,0,0,7,0,1,0,0,0,63.3
176034,Lysander Moeolo,DI,0,0,,0,0,,SYRACUSE,1,D71,0,0,0,5,1,2026,12,70.1,0,0,,0,0,0,0,12,0,60.3,0,0,0,0,SYRACUSE,0,0,0,0,,0,0,60.1,,73.4,0,304,12,0,0,0,0,7,0,0,0,0,0,58.8
176040,Zyian Moultrie-Goddard,LB,1,0,,0,0,100,SYRACUSE,0,D22,5,5,0,0,1,2028,0,73.2,4,1,72.8,0,0,4,0,0,0,60,0,0,0,0,SYRACUSE,0,0,0,0,4,0,0,85.4,4,67.2,0,304,5,1,0,0,83.3,1,0,1,0,0,0,
176046,Ihsim Smith-Marsette,S,1,0,,0,0,100,TEMPLE,0,D26,1,1,0,1,1,2028,1,,9,1,60,0,0,0,0,0,0,60,0,0,0,0,TEMPLE,0,0,0,0,9,0,,30.2,9,66.2,0,306,2,8,0,0,143.8,1,0,0,0,1,1,60
176055,Juju Tackie,CB,2,0,,0,0,100,WAKE,1,D37,11,0,0,0,1,2029,0,73.5,24,2,58.9,0,0,9,0,0,0,60,11,0,0,0,WAKE,0,0,0,0,17,0,0,59,12,71.1,0,339,11,6,0,0,116.7,2,0,0,0,0,0,
176058,Kerrington Lee,ED,0,0,,0,0,,WAKE,0,D46,0,0,0,1,1,2028,3,,0,0,60,0,0,1,0,0,0,60,0,0,0,0,WAKE,0,0,0,0,,0,,62.1,,69.8,0,339,3,0,0,0,0,1,0,0,0,0,3,60
176060,Aiden Hall,LB,0,0,,0,0,,WAKE,0,D39,8,8,0,1,1,2028,0,,0,0,62.6,0,0,6,0,0,0,60,0,0,0,0,WAKE,0,0,0,0,,0,,64.2,,70.1,0,339,8,0,0,0,0,1,0,0,0,0,0,60
176061,Davaughn Patterson,S,5,0,,0,1,100,WAKE,3,D13,58,12,0,9,1,2028,12,53.8,21,5,71.8,0,1,42,0,0,0,70,0,0,0,0,WAKE,1,0,0,0,8,40,20,71.2,4.2,80.4,0,339,70,21,0,0,44.6,19,1,1,6,0,12,55.6
176062,Rushaun Tongue,S,3,0,,1,1,66.7,WAKE,2,D06,21,4,0,0,1,2029,0,40.6,29,2,54.6,0,0,20,0,0,0,60,0,0,0,0,WAKE,0,0,0,0,17,7,33.3,59.3,14.5,72.8,0,339,21,6,0,0,97.9,1,0,0,10,0,0,
176088,Darin Conley,DI,0,0,,0,0,,BALL ST,0,D33,0,0,0,27,1,2028,33,,0,0,,3,0,0,1,0,0,49.6,0,0,0,0,BALL ST,0,0,3,0,,0,,58.1,,74.7,0,117,33,0,32,0,0,6,0,0,0,0,0,64
176109,Creed Hill,CB,0,0,,0,0,,OHIO,0,D41,4,0,0,0,1,2028,0,,0,0,,0,0,0,0,0,0,60,4,0,0,0,OHIO,0,0,0,0,,0,,60.5,,68,0,259,4,0,0,0,0,4,0,0,0,0,0,
176126,Joey Pope,S,0,0,,0,0,,W MICHIGAN,2,D25,16,7,0,1,1,2028,0,79,0,0,74.9,0,0,8,0,0,0,68.1,0,1,0,0,W MICHIGAN,1,0,1,0,,3,0,75.6,,71.9,0,347,16,0,0,0,0,7,0,1,6,0,0,60
176137,AJ Taylor,S,7,0,,0,1,57.1,BALL ST,4,D16,50,37,0,0,1,2026,0,59.4,73,4,63.8,0,0,36,0,0,0,50.2,0,0,0,0,BALL ST,1,0,0,0,54,5,16.7,60.1,18.3,74.5,0,117,50,39,0,0,132.7,14,0,1,8,1,0,
176143,Kamari Burns,DI,0,0,,0,0,,CINCINNATI,0,D40,0,0,0,0,1,2028,2,,0,0,,0,0,0,0,2,0,60,0,0,0,0,CINCINNATI,0,0,0,0,,0,,60,,67.6,0,138,2,0,0,0,0,2,0,0,0,0,0,
176180,Jelani McDonald,S,4,0,,0,0,75,TEXAS,8,D25,66,20,0,0,1,2028,0,86.6,20,3,52.7,0,0,38,0,0,0,79.6,0,0,0,0,TEXAS,4,0,0,0,12,8,0,61.2,6.7,77,0,311,66,3,0,0,125,28,1,2,38,1,0,
176184,Warren Roberson,CB,1,0,,0,0,0,TEXAS,0,D24,2,0,0,0,1,2028,0,,0,0,67.1,0,0,2,0,0,0,,2,0,0,0,TEXAS,0,0,0,0,,0,,72,,66,0,311,2,0,0,0,39.6,0,0,0,0,0,0,
176201,DJ Cotton Jr.,DI,0,0,,0,0,,JAMES MAD,0,D44,0,0,0,4,1,2028,4,,0,0,,0,0,0,0,0,0,,0,0,0,0,JAMES MAD,0,0,0,0,,0,,56.9,,68.6,0,197,4,0,4,0,0,0,0,0,0,0,0,56.9
176213,DJ Waller Jr.,CB,4,0,,0,0,50,KENTUCKY,3,D05,44,0,0,0,1,2028,0,80.7,30,2,68.8,0,0,25,0,0,0,65.9,44,0,0,0,KENTUCKY,0,0,0,0,25,0,0,69.7,15,76.1,0,202,44,10,0,1,75,19,0,2,0,0,0,
176221,Ty Benefield,S,2,0,,0,1,100,BOISE ST,1,D00,58,19,0,1,1,2028,1,50.1,33,2,45.7,0,0,34,0,0,0,72.8,0,0,0,0,BOISE ST,1,0,0,0,24,19,25,52.5,16.5,79,0,120,59,12,0,1,158.3,24,0,2,20,1,1,59.4
176225,Kam Cheatom,ED,0,0,,0,0,,AKRON,1,D22,0,0,0,6,1,2029,15,73,0,0,,0,0,0,1,0,0,63.4,0,0,0,0,AKRON,1,0,0,0,,0,0,61.6,,75.2,0,102,15,0,0,0,0,9,1,0,0,0,14,56.6
176239,Caden Ghannam,CB,0,0,,0,0,,UMASS,0,D29,1,0,0,0,1,2025,0,,0,0,,0,0,0,0,0,0,60,1,0,0,0,UMASS,0,0,0,0,,0,,60,,63.8,0,216,1,0,0,0,0,1,0,0,0,0,0,
176244,Gage Summers,LB,0,0,,0,0,,AKRON,0,D32,2,2,0,0,1,2026,0,,0,0,60.4,0,0,2,0,0,0,,0,0,0,0,AKRON,0,0,0,0,,0,,61.8,,64.4,0,102,2,0,0,0,0,0,0,0,0,0,0,
176271,Melvin Spriggs,LB,2,0,,0,2,100,AKRON,0,D42,14,12,0,2,1,2028,3,25.9,7,2,48.6,0,0,7,0,0,0,42.8,0,0,0,0,AKRON,0,0,0,0,5,2,50,37.6,3.5,73.7,0,102,17,9,0,0,120.8,8,0,2,0,1,3,57.8
176277,Brandyn Hillman,S,1,0,,0,1,100,MICHIGAN,3,D06,21,5,0,0,1,2028,0,50.5,14,1,44.9,0,0,11,0,0,0,65.9,0,0,0,0,MICHIGAN,1,0,0,0,14,1,25,51.7,14,73.5,0,222,21,0,0,0,118.8,10,0,0,15,0,0,
176287,Marcus Moore,DI,0,0,,0,1,,AKRON,3,D52,0,0,0,37,1,2028,61,44.3,0,0,,1,0,0,2,27,0,73.6,0,1,0,0,AKRON,3,0,2,0,,0,25,66.8,,78,0,102,61,0,32,0,0,24,0,0,0,0,0,54.2
176294,Jaden Wiggins,DI,0,0,,0,0,,UMASS,0,D57,0,0,0,0,1,2028,1,,0,0,,0,0,0,0,0,0,60,0,0,0,0,UMASS,0,0,0,0,,0,,60.1,,64.7,0,216,1,0,1,0,0,1,0,0,0,0,0,
176306,Cam Brandt,ED,0,0,,0,0,,MICHIGAN,2,D91,2,2,1,8,1,2028,24,78,0,0,60.9,2,0,1,0,0,0,62.8,0,0,0,0,MICHIGAN,2,0,3,0,,0,0,72.6,,78,0,222,26,0,0,0,0,17,0,1,0,0,24,76.1
176315,Trey Pierce,DI,0,0,,0,1,,MICHIGAN,3,D95,1,1,0,6,1,2028,20,44.6,0,0,60,1,0,0,2,0,0,68,0,0,0,0,MICHIGAN,2,0,1,0,,0,25,61.5,,73.6,0,222,21,0,18,0,0,15,0,0,0,0,0,45.6
176318,Enow Etta,DI,0,0,,0,1,,MICHIGAN,0,D17,0,0,0,4,1,2028,15,29.2,0,0,,0,0,0,9,0,0,56.1,0,0,0,0,MICHIGAN,0,0,0,0,,0,50,55.3,,72.3,0,222,15,0,1,0,0,11,0,1,0,0,5,57.4
176394,Isaiah Chisom,LB,4,0,,0,0,100,OREGON ST,7,D09,54,38,0,1,1,2028,2,84.2,66,4,58.7,0,0,38,0,0,0,84.9,2,1,0,0,OREGON ST,4,0,1,0,27,14,0,70.1,16.5,74.7,0,265,56,49,0,0,118.8,17,0,1,0,0,2,68.2
176402,Jojo Johnson,DI,0,0,,0,0,,OREGON ST,0,D90,0,0,0,13,1,2028,30,,0,0,,0,0,0,0,0,0,42.3,0,0,0,0,OREGON ST,0,0,0,0,,0,,44.6,,74.4,0,265,30,0,30,0,0,17,0,0,0,0,0,57.9
176403,Andre Jordan Jr.,CB,4,0,,0,1,75,OREGON ST,1,D27,76,15,0,0,1,2028,0,27.9,71,3,60.8,0,0,44,0,0,0,65.1,57,0,0,0,OREGON ST,0,0,0,0,35,4,50,62.1,23.7,76.3,0,265,76,50,0,0,116.7,32,0,0,0,0,0,
176406,Clive Pond,LB,0,0,,0,0,,OREGON ST,0,D54,8,6,0,0,1,2028,0,,0,0,,0,0,0,0,0,0,46.2,0,0,0,0,OREGON ST,0,0,0,0,,2,,39.9,,69.2,0,265,8,0,0,0,0,8,0,0,0,0,0,
176440,Montez Kelley,DI,0,0,,0,0,,APP STATE,2,D95,0,0,0,10,1,2025,23,75.1,0,0,60,1,0,0,14,1,0,75.9,0,0,0,0,APP STATE,2,0,1,0,,0,0,74.9,,73,0,108,23,0,7,0,0,13,1,1,0,0,1,60.8
176448,Austin Ramsey,DI,0,0,,0,0,,KENTUCKY,0,D76,0,0,0,0,1,2028,4,,0,0,,0,0,0,0,4,0,60,0,0,0,0,KENTUCKY,0,0,0,0,,0,,51.4,,69.8,0,202,4,0,0,0,0,4,0,0,0,0,0,
176473,Noah Flores,CB,0,0,,0,0,,UTAH ST,0,D25,3,1,0,0,1,2028,0,,0,0,60,0,0,1,0,0,0,60,2,0,0,0,UTAH ST,0,0,0,0,,0,,61.5,,65.8,0,329,3,0,0,0,0,2,0,0,0,0,0,
176474,Chase Davis,S,1,0,,0,0,100,UTAH ST,2,D19,9,1,0,0,1,2028,0,79.9,20,1,66.3,0,0,4,0,0,0,60.1,0,0,0,0,UTAH ST,2,0,0,0,20,2,0,65.4,20,71.9,0,329,9,21,0,0,118.8,5,0,1,6,0,0,
176488,Jameian Buxton,DI,0,0,,0,0,,UTSA,0,D98,0,0,0,8,1,2028,22,,0,0,,0,0,0,0,16,0,64.5,0,0,0,0,UTSA,0,0,0,0,,0,,63.3,,74.9,0,331,22,0,6,0,0,14,0,0,0,0,0,57.2
176493,Davin Martin,CB,7,0,,0,0,71.4,UTSA,6,D30,37,4,0,0,1,2028,0,82,64,5,58.2,0,0,29,0,0,0,67.2,33,0,0,0,UTSA,2,0,0,0,22,0,0,60.1,12.8,74.3,0,331,37,18,0,1,99.7,8,0,0,0,0,0,
176502,Vic Shaw,ED,0,0,,0,0,,UTSA,0,D31,0,0,0,15,1,2028,23,,0,0,60.4,1,0,2,0,0,0,47.6,0,0,0,0,UTSA,0,0,1,0,,0,,51.5,,77.3,0,331,23,0,0,0,0,6,0,0,0,0,23,58.6
176509,Josh Fussell,CB,2,0,,0,0,100,NWESTERN,2,D13,66,0,0,1,1,2028,2,77.7,46,2,69.1,0,0,33,0,0,0,68.5,66,0,0,0,NWESTERN,1,0,0,0,42,0,0,70.1,23,78.2,0,256,68,2,0,0,118.8,34,0,1,0,0,2,59.7
176512,Michael Kilbane,DI,0,0,,0,0,,NWESTERN,2,D47,0,0,0,17,1,2028,38,73.2,0,0,,0,0,0,5,0,0,64.5,0,0,0,0,NWESTERN,1,0,0,0,,0,0,61.5,,75.8,0,256,38,0,26,0,0,21,0,0,0,0,7,54.8
176567,Sailasa Vadrawale III,CB,10,0,,0,1,70,OREGON ST,4,D08,61,4,0,0,1,2029,0,63.5,79,7,40.7,1,0,36,0,0,0,64.2,1,0,1,0,OREGON ST,2,0,1,0,29,56,20,45.4,11.3,79.4,0,265,61,27,0,1,126.7,25,1,0,0,1,0,60
176586,Daylen Austin,CB,2,0,,0,0,100,OREGON,0,D27,11,1,0,0,1,2028,0,76.8,18,2,63.5,0,0,9,0,0,0,62.1,0,0,0,0,OREGON,0,0,0,0,12,10,0,65.2,9,73,0,264,11,3,0,0,104.2,2,0,2,0,0,0,
176593,Terrance Green,DI,0,0,,0,0,,OREGON,0,D99,0,0,0,4,1,2028,6,,0,0,,0,0,0,0,1,0,60.5,0,0,0,0,OREGON,0,0,0,0,,0,,59.5,,70,0,264,6,0,5,0,0,2,0,0,0,0,0,57.8
176597,Ashton Porter,ED,0,0,,0,0,,OREGON,0,D29,0,0,0,3,1,2028,5,,0,0,,0,0,0,1,0,0,60.7,0,0,0,0,OREGON,0,0,0,0,,0,,74,,71.1,0,264,5,0,0,0,0,2,0,0,0,0,4,67.9
176603,A'Mauri Washington,DI,0,0,,0,0,,OREGON,0,D52,0,0,0,15,1,2028,20,,0,0,,0,0,0,1,8,0,58.6,0,1,0,0,OREGON,0,0,1,0,,0,,60.9,,74.1,0,264,20,0,11,0,0,5,0,0,0,0,0,61.8
176611,Jshawn Frausto-Ramos,S,0,0,,0,0,,STANFORD,0,D17,6,3,0,1,1,2028,0,,0,0,60,0,0,1,0,0,0,60,0,0,0,0,STANFORD,0,0,0,0,,0,,60.9,,68.4,0,300,6,0,0,0,0,4,0,0,3,0,0,60
176622,Braden Marceau-Olayinka,DI,0,0,,0,0,,STANFORD,0,D75,0,0,0,12,1,2028,25,,0,0,,0,0,0,0,4,0,59.5,0,0,0,0,STANFORD,0,0,0,0,,0,,61.5,,74.4,0,300,25,0,21,0,0,13,0,0,0,0,0,62.4
176624,Aaron Morris,CB,7,0,,0,2,42.9,STANFORD,5,D31,80,8,0,0,1,2028,0,45.7,35,3,73.1,0,0,42,0,0,0,63,68,0,0,0,STANFORD,3,0,0,0,18,3,28.6,72.4,11.7,77.6,0,300,80,12,0,1,98.2,38,0,0,1,1,0,
176629,Omar Staples,DI,0,0,,0,0,,STANFORD,0,D45,0,0,0,5,1,2028,7,,0,0,,2,0,0,2,0,0,60.6,0,1,1,0,STANFORD,0,0,3,0,,0,,48.7,,0,0,300,7,0,5,0,0,2,0,0,0,0,0,63.7
176634,Elijah Hughes,DI,0,0,,0,0,,USC,0,D56,0,0,1,27,1,2028,42,70.2,0,0,61.4,1,0,2,5,13,0,60.7,0,0,0,0,USC,1,0,2,0,,0,,59.9,,76.7,0,326,42,0,24,0,0,13,0,0,0,0,0,56.9
176637,Deijon Laffitte,DI,0,0,,0,0,,FRESNO ST,0,D44,0,0,0,7,1,2029,9,,0,0,,0,0,0,0,4,0,60,0,0,0,0,FRESNO ST,0,0,0,0,,0,,63.1,,71.7,0,169,9,0,5,0,0,2,0,0,0,0,0,62.7
176644,Braylan Shelby,ED,1,0,,0,0,100,USC,2,D34,2,2,0,36,1,2028,57,75.2,5,1,62.1,5,0,2,13,0,0,51.8,0,0,0,0,USC,2,0,5,0,5,0,0,60.1,5,79.6,0,326,59,2,4,0,87.5,21,0,0,0,0,40,63.9
176654,Jonah Lea'ea,DI,0,0,,0,0,,UTAH,0,D91,0,0,0,2,1,2028,3,,0,0,,0,0,0,0,0,0,60,0,0,0,0,UTAH,0,0,0,0,,0,,47.8,,67.8,0,328,3,0,3,0,0,1,0,0,0,0,0,58.5
176662,Smith Snowden,CB,1,0,,0,1,0,UTAH,3,D02,51,2,0,0,1,2028,0,41.6,0,0,55.7,0,0,15,0,0,0,60.1,0,0,1,0,UTAH,2,0,0,0,,48,16.7,57.3,,79.5,0,328,51,0,0,0,39.6,36,0,2,1,0,0,
176674,Branden Ganashamoorthy,WR,0,0,,0,0,,WASH STATE,0,80,1,0,0,0,1,2028,0,,0,0,60,0,0,1,0,0,0,,0,0,0,0,WASH STATE,0,0,0,0,,0,,62.4,,60,0,341,1,0,0,0,0,0,0,0,0,0,0,
176681,Khalil Laufau,DI,0,0,,0,0,,WASH STATE,1,D44,0,0,0,17,1,2028,28,72.2,0,0,,1,0,0,1,0,0,75.2,0,0,0,0,WASH STATE,1,0,1,0,,0,0,75.9,,74.2,0,341,28,0,26,0,0,11,0,1,0,0,1,65.5
176686,Ethan O'Connor,CB,6,0,,0,0,33.3,WASH STATE,3,D24,57,3,0,2,1,2028,1,79.6,8,2,70.5,0,0,39,0,0,0,68.1,51,1,1,0,WASH STATE,1,1,1,0,9,3,0,70.4,4,0,0,341,58,5,0,1,42.4,17,0,1,0,0,1,73.8
176693,Isaac Terrell,ED,0,0,,0,0,,WASH STATE,0,D88,0,0,0,10,1,2028,13,,0,0,60,1,0,1,0,0,0,60,0,1,0,0,WASH STATE,0,0,2,0,,0,,53.8,,73.4,0,341,13,0,0,0,0,2,0,0,0,0,13,67.5
176698,Adrian Wilson,S,1,0,,0,1,100,WASH STATE,5,D06,21,5,0,0,1,2028,0,61.3,31,1,62.3,0,0,15,0,0,0,70.5,1,0,0,0,WASH STATE,2,0,0,0,31,7,16.7,66.4,31,73.6,0,341,21,11,0,0,118.8,6,0,0,8,0,0,
177595,Jayson Lowe,ED,0,0,,0,0,,MIDDLE TN,0,D56,0,0,0,0,1,2028,8,,0,0,,0,0,0,0,0,0,65.1,0,0,0,0,MIDDLE TN,0,0,0,0,,0,,67.6,,73,0,224,8,0,0,0,0,8,0,0,0,0,8,
180977,Jordan Taylor,CB,5,0,,0,1,60,JAMES MAD,4,D13,51,6,0,0,1,2025,2,58.1,69,3,61.1,0,0,34,0,0,0,64.4,45,0,0,0,JAMES MAD,1,0,0,0,34,0,16.7,62.3,23,76.3,0,197,53,16,0,0,104.2,19,0,1,0,0,2,
181171,Travor Randle,S,6,0,,0,1,66.7,LA MONROE,5,D04,39,7,0,2,1,2026,8,63.7,22,4,79.2,0,0,18,0,0,0,62.2,0,1,0,0,LA MONROE,2,0,1,0,8,31,12.5,77.6,5.5,78.9,0,209,47,38,0,1,72.9,27,0,2,1,0,8,69.8
181172,La'Garrius Sims,ED,0,0,,0,0,,LA MONROE,0,D29,0,0,0,0,1,2028,4,73,0,0,,0,0,0,0,0,0,43,0,0,0,0,LA MONROE,0,0,0,0,,0,0,32.9,,70.5,0,209,4,0,0,0,0,4,0,1,0,0,4,
181176,Jaylan Ware,DI,0,0,,1,1,,LA MONROE,2,D14,0,0,0,18,1,2026,51,40,0,0,,0,0,0,1,29,0,65.1,0,0,0,0,LA MONROE,2,0,0,0,,0,16.7,63.8,,77.7,0,209,51,0,21,0,0,33,1,3,0,0,0,56.7
183212,Tah'j Butler,LB,0,0,,0,2,,GA TECH,2,D15,20,19,0,1,1,2029,4,37.2,0,0,64.5,2,0,10,0,0,0,52.9,0,0,0,0,GA TECH,2,0,2,0,,1,33.3,62.5,,76.1,0,176,24,0,0,0,0,13,1,2,0,0,4,69.2
183235,Cole McConathy II,ED,0,0,,0,0,,MIAMI FL,1,D44,0,0,0,3,1,2029,4,71.1,0,0,60.5,1,0,1,0,0,0,,0,0,0,0,MIAMI FL,0,0,1,0,,0,0,59.3,,69.8,0,220,4,0,0,0,0,0,0,0,0,0,4,56.2
183237,Zaquan Patterson,S,0,0,,0,0,,MIAMI FL,1,D20,7,2,0,1,1,2029,5,73.1,0,0,63.3,0,0,3,0,0,0,46.7,1,0,0,0,MIAMI FL,0,0,0,0,,2,0,52.1,,75.1,0,220,12,0,0,0,0,8,0,0,2,0,5,59.5
183239,Cam Pruitt,LB,0,0,,0,0,,MIAMI FL,0,D22,4,3,0,3,1,2029,2,,0,0,61.1,0,0,3,0,0,0,,1,0,0,0,MIAMI FL,0,0,0,0,,0,,59.7,,71.1,0,220,6,0,0,0,0,0,0,0,0,0,2,57.3
183267,Francis Brewu,DI,0,0,,0,0,,PITTSBURGH,0,D95,0,0,0,22,1,2029,32,,0,0,,1,0,0,1,0,0,72.2,0,0,0,0,PITTSBURGH,0,0,1,0,,0,,73.7,,74.6,0,268,32,0,31,0,0,10,0,0,0,0,0,66.5
183270,Sincere Edwards,ED,0,0,,0,0,,PITTSBURGH,1,D90,0,0,1,33,1,2029,47,75.4,0,0,60.3,2,0,3,0,0,0,65,0,0,1,0,PITTSBURGH,1,0,3,0,,0,0,60.9,,0,0,268,47,0,0,0,0,11,0,0,0,0,47,62.6
183272,Jeremiah Marcelin,LB,0,0,,0,0,,PITTSBURGH,0,D32,11,11,0,3,1,2029,0,,0,0,62.1,1,0,8,0,0,0,,0,0,0,0,PITTSBURGH,0,0,1,0,,0,,66,,69.4,0,268,11,0,0,0,0,0,0,0,0,0,0,65
183279,Cam Richardson,CB,1,0,,0,0,100,STANFORD,0,D28,7,1,0,0,1,2029,0,,30,1,33.4,0,0,4,0,0,0,60,6,0,0,0,STANFORD,0,0,0,0,30,0,,32.6,30,69.7,0,300,7,0,0,0,158.3,3,0,0,0,1,0,
183289,Ethan Minter,S,1,0,,0,1,100,VIRGINIA,4,D30,12,9,0,1,1,2029,2,66.4,9,1,65.5,0,0,4,0,0,0,70.9,0,0,0,0,VIRGINIA,3,0,0,0,9,1,16.7,71.5,9,71.7,0,335,14,0,0,0,104.2,9,1,1,2,0,2,59.8
183340,Tyrane Stewart,CB,3,0,,0,0,0,N CAROLINA,0,D09,9,0,0,0,1,2027,0,,0,0,30.5,0,0,5,0,0,0,60,9,0,0,0,N CAROLINA,0,0,0,0,,0,,30,,70.9,0,245,9,0,0,0,39.6,4,0,0,0,0,0,
183342,Jalon Thompson,CB,0,0,,0,0,,N CAROLINA,0,D20,9,0,0,0,1,2028,0,,0,0,50.7,0,0,8,0,0,0,60,9,0,0,0,N CAROLINA,0,0,0,0,,0,,50.2,,70.5,0,245,9,0,0,0,0,1,0,0,0,0,0,
183346,Malcolm Ziglar,S,0,0,,0,0,,N CAROLINA,0,D03,1,0,0,0,1,2029,0,,0,0,,0,0,0,0,0,0,60,0,0,0,0,N CAROLINA,0,0,0,0,,1,,60,,63.8,0,245,1,0,0,0,0,1,0,0,0,0,0,
183372,KingJoseph Edwards,ED,0,0,,0,0,,SYRACUSE,0,D19,0,0,0,3,1,2029,4,,0,0,,1,0,0,0,0,0,60,0,0,0,0,SYRACUSE,0,0,1,0,,0,,66.7,,70.8,0,304,4,0,0,0,0,1,0,0,0,0,4,66
183376,Braheem Long Jr.,S,1,0,,0,1,100,SYRACUSE,0,D26,13,1,0,0,1,2029,0,22.3,20,1,50.2,0,0,8,0,0,0,53.1,0,0,0,0,SYRACUSE,0,0,0,0,20,2,100,44.5,20,71.3,0,304,13,8,0,0,118.8,5,0,0,10,0,0,
183380,Maraad Watson,DI,0,0,,0,1,,SYRACUSE,0,D88,0,0,0,12,1,2029,18,21.4,0,0,,1,0,0,0,18,0,54.7,0,0,0,0,SYRACUSE,0,0,1,0,,0,100,58.4,,75.9,0,304,18,0,0,0,0,6,0,0,0,0,0,63.2
183429,Jayden Lewis,CB,0,0,,0,0,,TULANE,1,D21,6,1,0,1,1,2028,1,38.7,0,0,64.2,0,0,5,0,0,0,60,0,0,0,0,TULANE,0,0,0,0,,5,0,63.2,,70.4,0,319,7,0,0,0,0,1,0,0,0,0,1,57.1
183498,Joe Barna,ED,0,0,,0,0,,ILLINOIS,0,D43,0,0,0,7,1,2029,18,,0,0,,2,0,0,0,0,0,61.1,0,0,0,0,ILLINOIS,0,0,2,0,,0,,67.2,,76.3,0,187,18,0,0,0,0,11,0,0,0,0,18,68.3
183501,Chase Canada,CB,0,0,,0,0,,ILLINOIS,0,D00,6,0,0,0,1,2028,0,,0,0,60,0,0,1,0,0,0,60,5,0,0,0,ILLINOIS,0,0,0,0,,1,,47.1,,69.7,0,187,6,0,0,0,0,5,0,0,0,0,0,
183529,Keyari James,LB,0,0,,0,0,,MARYLAND,1,D35,8,8,0,0,1,2029,0,76,0,0,,0,0,0,0,0,0,66.9,0,0,0,0,MARYLAND,1,0,0,0,,0,0,67.6,,70.8,0,215,8,0,0,0,0,8,0,1,0,0,0,
183570,Willis McGahee IV,ED,0,0,,1,0,,NEBRASKA,0,D17,0,0,1,3,1,2030,8,75.2,0,0,,0,0,0,0,0,0,55.5,0,0,0,0,NEBRASKA,1,0,1,0,,0,0,73.7,,73.3,0,238,8,0,0,0,0,5,0,1,0,0,8,84
183614,Jide Abasiri,DI,0,0,,0,0,,USC,1,D97,1,1,0,8,1,2029,15,69.7,0,0,,2,0,0,1,1,0,58.6,0,0,0,0,USC,0,0,2,0,,0,0,66.4,,72.8,0,326,16,0,13,0,0,8,0,0,0,0,0,71
183618,Kameryn Crawford,ED,0,0,,0,0,,USC,1,D49,1,1,1,22,1,2029,36,75.2,0,0,71,5,0,3,3,0,0,65.1,0,0,0,0,USC,1,0,6,0,,0,0,75.3,,79.1,0,326,37,0,1,0,0,12,0,0,0,0,32,69.3
183628,Desman Stephens II,LB,1,0,,0,1,100,USC,1,D23,8,6,0,1,1,2029,3,27.4,19,1,54.9,0,0,9,0,0,0,60,0,0,0,0,USC,0,0,0,0,19,2,50,54.4,19,73.4,0,326,11,13,0,0,118.8,1,0,0,0,0,3,59.7
183638,Khmori House,LB,0,0,,0,0,,WASHINGTON,1,D28,10,8,0,2,1,2029,5,75.1,0,0,61.6,0,0,3,0,0,0,57.6,0,0,0,0,WASHINGTON,0,0,0,0,,2,0,58.8,,73.3,0,340,15,0,0,0,0,10,0,0,0,0,5,58.3
183663,Dillan Johnson,DI,0,0,,0,0,,WISCONSIN,0,D76,0,0,0,6,1,2029,10,,0,0,,0,0,0,1,1,0,35.8,0,0,0,0,WISCONSIN,0,0,0,0,,0,,34.4,,71.7,0,349,10,0,8,0,0,4,0,0,0,0,0,64.6
183678,Mario Landino,ED,0,0,,0,0,,INDIANA,0,D97,0,0,1,11,1,2029,16,70.8,0,0,,0,0,0,4,0,0,65.7,0,0,0,0,INDIANA,0,0,1,0,,0,,70.7,,73,0,190,16,0,6,0,0,5,0,0,0,0,6,66.5
183682,Jeremiah Beasley,LB,0,0,,0,0,,MISSOURI,0,D18,4,4,0,0,1,2029,0,,0,0,,0,0,0,0,0,0,53.8,0,0,0,0,MISSOURI,0,0,0,0,,0,,51.2,,68.3,0,229,4,0,0,0,0,4,0,0,0,0,0,
183699,Eddrick Houston,DI,0,0,,0,0,,OHIO STATE,0,D96,0,0,0,1,1,2029,5,,0,0,,0,0,0,0,0,0,61.7,0,0,0,0,OHIO STATE,0,0,0,0,,0,,62.8,,69.5,0,260,5,0,5,0,0,4,0,0,0,0,0,60
183702,Jaylen McClain,S,0,0,,0,1,,OHIO STATE,1,D18,15,6,0,0,1,2029,0,37.6,0,0,83.5,0,0,8,0,0,0,51.4,0,0,0,0,OHIO STATE,0,0,0,0,,1,33.3,72.7,,71,0,260,15,0,0,1,0,7,0,1,8,0,0,
183757,Therrian Alexander III,CB,0,0,,0,0,,BYU,0,D24,5,0,0,0,1,2029,0,,0,0,62.3,0,0,3,0,0,0,60,4,0,0,0,BYU,0,0,0,0,,1,,63.1,,68.5,0,128,5,0,0,0,0,2,0,0,0,0,0,
183758,Ephraim Asiata,ED,0,0,,0,0,,BYU,0,D44,0,0,0,3,1,2029,4,,0,0,60,0,0,1,0,0,0,,0,0,0,0,BYU,0,0,0,0,,0,,58.2,,70.4,0,128,4,0,0,0,0,0,0,0,0,0,4,57.6
183779,Viliami Po'uha,ED,0,0,,0,0,,BYU,0,D45,0,0,0,4,1,2029,4,,0,0,,0,0,0,0,0,0,,0,0,0,0,BYU,0,0,0,0,,0,,57,,70,0,128,4,0,0,0,0,0,0,0,0,0,4,57
183780,Tommy Prassas,S,0,0,,0,0,,BYU,2,D22,13,0,0,0,1,2029,0,80.5,0,0,66.1,0,0,9,0,0,0,64.6,0,0,0,0,BYU,1,0,0,0,,0,0,68.4,,72.1,0,128,13,0,0,0,0,4,0,1,13,0,0,
183781,Danny Saili,DI,0,0,,0,0,,ARKANSAS,0,D98,0,0,0,9,1,2027,12,,0,0,,1,0,0,1,4,0,61,0,0,0,0,ARKANSAS,0,0,1,0,,0,,64.3,,72.4,0,111,12,0,7,0,0,3,0,0,0,0,0,63
183783,John Taumoepeau,DI,0,0,,0,0,,BYU,0,D55,0,0,0,14,1,2026,23,70.1,0,0,,1,0,0,4,11,0,67,0,0,0,0,BYU,0,0,1,0,,0,0,62.9,,74.5,0,128,23,0,8,0,0,9,0,1,0,0,0,55.8
183790,Simeon Coleman,LB,0,0,,0,1,,CINCINNATI,2,D31,16,15,0,0,1,2029,4,41.4,0,0,63.5,0,0,9,0,0,0,55.6,0,0,0,0,CINCINNATI,1,0,0,0,,1,33.3,59.7,,73.5,0,138,20,0,0,0,0,11,0,0,0,0,4,
183800,Quan Sanks,S,0,0,,0,1,,CINCINNATI,2,D09,19,11,0,0,1,2029,0,53.4,0,0,63.9,0,0,10,0,0,0,63.9,0,0,0,0,CINCINNATI,1,0,0,0,,4,33.3,65,,72.5,0,138,19,0,0,0,0,9,0,0,4,0,0,
183816,Jalen Todd,CB,0,0,,0,0,,KANSAS,0,D26,9,2,0,1,1,2029,0,,0,0,62.6,0,0,6,0,0,0,60,0,0,0,0,KANSAS,0,0,0,0,,5,,62.5,,72.8,0,198,9,0,0,0,0,2,0,0,2,0,0,60
183828,Travis Jackson,ED,0,0,,0,0,,TCU,0,D96,0,0,0,3,1,2029,11,71.5,0,0,61.3,1,0,4,1,0,0,63,0,0,0,0,TCU,0,0,1,0,,0,0,63.3,,73.5,0,305,11,0,0,0,0,4,0,1,0,0,10,58.6
183849,Chasen Johnson,CB,4,0,,0,0,75,UCF,5,D27,77,7,0,0,1,2029,0,80.7,45,3,54.1,0,0,32,0,0,0,73.5,67,0,1,0,UCF,0,0,0,0,20,2,0,59.5,15,76.8,0,323,77,13,0,0,111.5,45,0,0,0,0,0,
183850,Christian Peterson,LB,2,0,,0,0,100,UCF,2,D26,6,3,0,0,1,2029,1,77.4,7,2,45.8,0,0,3,0,0,0,60.6,0,0,0,0,UCF,0,0,0,0,6,1,0,48.4,3.5,70,0,323,7,2,0,0,120.8,4,0,0,2,1,1,
183875,Israel Boyce,S,2,0,,0,0,50,W VIRGINIA,1,D18,14,0,0,0,1,2029,0,74.8,23,1,54.1,0,0,10,0,0,0,60,0,0,0,0,W VIRGINIA,0,0,0,0,23,14,0,54.4,23,73.4,0,343,14,0,0,0,91.7,4,0,0,0,0,0,
183878,Nate Gabriel,DI,0,0,,0,0,,W VIRGINIA,1,D69,0,0,0,4,1,2029,7,70.1,0,0,,0,0,0,0,4,0,52.6,0,0,0,0,W VIRGINIA,1,0,0,0,,0,0,49.7,,70.9,0,343,7,0,3,0,0,3,0,0,0,0,0,58.5
183879,Zae Jennings,S,1,0,,0,1,100,W VIRGINIA,0,D17,6,1,0,1,1,2029,1,21.4,1,1,53.7,0,0,6,0,0,0,,0,0,0,0,W VIRGINIA,0,0,0,0,1,5,100,52.5,1,70.7,0,343,7,3,0,0,79.2,0,0,0,0,0,1,58.8
183892,Xavier Stillman,DI,0,0,,0,0,,HOUSTON,0,D93,0,0,0,8,1,2026,13,,0,0,,0,0,0,0,5,0,54,0,0,0,0,HOUSTON,0,0,0,0,,0,,52.8,,73.5,0,182,13,0,8,0,0,5,0,0,0,0,0,57.1
183906,Landyn Cleveland,CB,0,0,,0,0,,OKLA STATE,0,D14,3,0,0,0,1,2029,0,,0,0,61.1,0,0,2,0,0,0,60,0,0,0,0,OKLA STATE,0,0,0,0,,3,,61.9,,68.6,0,262,3,0,0,0,0,1,0,0,0,0,0,
183908,Obi Ezeigbo,ED,0,0,,0,1,,OKLA STATE,2,D33,0,0,0,16,1,2025,41,28.7,0,0,,0,0,0,1,0,0,51.1,0,0,0,0,OKLA STATE,2,0,0,0,,0,33.3,50.3,,77.7,0,262,41,0,0,0,0,25,0,0,0,0,40,53.6
183924,Travion Barnes,LB,1,0,,0,0,100,FIU,10,D06,61,59,0,4,1,2027,5,86.6,9,1,64.7,2,0,22,0,0,0,90.3,0,0,0,0,FIU,4,0,2,0,9,2,0,83.3,9,75.9,0,166,66,5,0,0,104.2,40,1,4,0,0,5,56.8
183927,Germaine Carter,DI,0,0,,0,0,,FIU,0,D99,0,0,0,1,1,2029,4,,0,0,,0,0,0,0,0,0,61.8,0,0,0,0,FIU,0,0,0,0,,0,,63.3,,68.2,0,166,4,0,4,0,0,3,0,0,0,0,0,60
183929,Cole Gustafson,DI,0,0,,0,0,,FIU,0,D93,0,0,0,3,1,2026,8,,0,0,,0,0,0,2,0,0,66.5,0,0,1,0,FIU,0,0,0,0,,0,,53.2,,0,0,166,8,0,6,0,0,5,0,0,0,0,0,59.6
183934,Josiah Taylor,LB,0,0,,0,1,,FIU,0,D35,3,3,0,0,1,2029,0,26.5,0,0,60,0,0,1,0,0,0,45.8,0,0,0,0,FIU,0,0,0,0,,0,50,44.1,,67.5,0,166,3,0,0,0,0,2,0,1,0,0,0,
183951,Amarrien Bailey,LB,0,0,,0,1,,MIDDLE TN,2,D51,22,22,0,0,1,2028,2,50.4,0,0,62,0,0,5,0,0,0,48.8,0,0,0,0,MIDDLE TN,1,0,0,0,,0,33.3,51.3,,70.8,0,224,24,0,0,0,0,19,0,0,0,0,2,
183952,Jordan Beasley,S,0,0,,0,1,,MIDDLE TN,1,D39,9,3,0,0,1,2029,0,28,0,0,,0,0,0,0,0,0,50.7,0,0,0,0,MIDDLE TN,0,0,0,0,,4,50,51.5,,69.5,0,224,9,0,0,0,0,9,0,0,2,0,0,
183955,Aidan Butts,DI,0,0,,0,1,,MIDDLE TN,0,D93,0,0,0,5,1,2029,30,29,0,0,60,0,0,0,27,0,0,54.8,0,0,0,0,MIDDLE TN,0,0,0,0,,0,50,50.9,,74.5,0,224,30,0,0,0,0,25,0,1,0,0,3,58
183972,Tiyyan Robinson,DI,0,0,,0,0,,MIDDLE TN,0,D47,0,0,0,0,1,2029,6,,0,0,,0,0,0,5,0,0,59.7,0,0,0,0,MIDDLE TN,0,0,0,0,,0,,59.8,,68.2,0,224,6,0,1,0,0,6,0,0,0,0,0,
184018,Riley Tolsma,ED,0,0,,1,0,,BALL ST,2,D40,0,0,1,46,1,2025,66,76.6,0,0,,2,0,0,0,0,0,67.4,0,1,0,1,BALL ST,2,0,4,0,,0,0,69.5,,81.6,0,117,66,0,0,0,0,20,0,0,0,0,66,66.1
184059,Dylan Shelton,DI,0,0,,0,0,,E MICHIGAN,1,D92,0,0,0,21,1,2025,38,69.9,0,0,,0,0,0,2,10,0,56.6,0,0,0,0,E MICHIGAN,1,0,0,0,,0,0,54.5,,76.8,0,160,38,0,26,0,0,17,0,1,0,0,0,53.9
184066,Jordan Toney,CB,0,0,,0,0,,E MICHIGAN,0,D15,4,1,0,0,1,2029,0,,0,0,61.1,0,0,3,0,0,0,60,3,0,0,0,E MICHIGAN,0,0,0,0,,0,,61.6,,68.1,0,160,4,0,0,0,0,1,0,0,0,0,0,
184079,Jayden Studio,LB,4,0,,1,0,75,KENT STATE,5,D32,54,35,0,3,1,2029,9,67.3,37,3,72.1,0,1,24,0,0,0,60.1,3,0,0,0,KENT STATE,3,0,0,0,17,15,0,67.2,12.3,75.7,0,201,63,14,0,0,103.1,36,0,1,1,1,9,57.5
184082,Javon Hammonds,ED,0,0,,0,0,,MIAMI OH,1,D09,0,0,0,3,1,2029,5,71.3,0,0,,0,0,0,4,0,0,64.9,0,0,0,0,MIAMI OH,0,0,0,0,,0,0,67.9,,67.7,0,221,5,0,1,0,0,2,0,0,0,0,0,58.6
184084,Jackson Pons,S,1,0,,0,0,0,MIAMI OH,0,D22,5,0,0,0,1,2029,0,,0,0,91.9,0,1,3,0,0,0,60,0,0,0,0,MIAMI OH,0,0,0,0,,4,,93.5,,70.7,0,221,5,0,0,0,0,2,0,0,1,0,0,
184105,Kyngstonn Viliamu-Asa,LB,0,0,,0,0,,NOTRE DAME,2,D27,18,18,0,2,1,2028,6,77.7,0,0,61.5,0,0,5,0,0,0,39.6,0,0,1,0,NOTRE DAME,2,0,0,0,,0,0,38.4,,0,0,258,24,0,0,0,0,17,0,1,0,0,6,61.9
184110,Bryce Young,ED,0,0,,0,0,,NOTRE DAME,0,D30,0,0,0,0,1,2029,3,,0,0,,0,0,0,2,0,0,55.8,0,0,0,0,NOTRE DAME,0,0,0,0,,0,,52.5,,67.8,0,258,3,0,0,0,0,3,0,0,0,0,1,
184112,Stellan Bowman,LB,0,0,,0,0,,OHIO,1,D30,4,4,0,0,1,2029,0,73.6,0,0,,0,0,0,0,0,0,65.2,0,0,0,0,OHIO,0,0,0,0,,0,0,67.2,,65.2,0,259,4,0,0,0,0,4,0,0,0,0,0,
184138,Joshua Lloyd,ED,0,0,,0,0,,W MICHIGAN,0,D33,0,0,0,2,1,2029,4,,0,0,60,0,0,2,0,0,0,,0,0,0,0,W MICHIGAN,0,0,0,0,,0,,57.8,,69.8,0,347,4,0,0,0,0,0,0,0,0,0,4,57.3
184139,Isaiah Paul,CB,3,0,,0,0,66.7,W MICHIGAN,3,D07,37,1,0,0,1,2027,0,78.2,20,2,43,0,0,21,0,0,0,70.5,36,0,2,0,W MICHIGAN,1,0,0,0,13,0,0,47.4,10,75.3,0,347,37,0,0,0,85.4,16,1,0,0,0,0,
184140,Rich Benenge,LB,1,0,,0,0,100,AKRON,3,D08,14,14,0,1,1,2029,0,77.8,4,1,64.1,0,0,8,0,0,0,76.3,0,0,0,0,AKRON,2,0,0,0,4,0,0,75.1,4,70.7,0,102,14,1,0,0,83.3,5,0,0,0,0,0,59.5
184151,Kal-El Pascal,S,0,0,,0,0,,BOWL GREEN,0,D22,7,2,0,2,1,2029,2,76.9,0,0,65,0,0,6,0,0,0,60,0,0,0,0,BOWL GREEN,0,0,0,0,,5,0,68.7,,72.3,0,122,9,0,0,0,0,1,0,1,0,0,2,66.3
184155,Payton Andrade,ED,0,0,,0,0,,UMASS,0,D34,1,1,0,0,1,2028,0,73.1,0,0,,0,0,0,0,0,0,61.4,0,0,0,0,UMASS,0,0,0,0,,0,0,64.1,,61.7,0,216,1,0,0,0,0,1,0,1,0,0,0,
184193,Nelson Ropati,DI,0,0,,0,1,,NEVADA,0,D43,0,0,0,12,1,2026,23,27.6,0,0,,0,0,0,2,7,0,62.3,0,0,2,0,NEVADA,0,1,0,0,,0,100,46.7,,0,0,239,23,0,14,0,0,11,0,0,0,0,0,61
184219,Tony Freeman,WR,0,0,,0,0,,WASH STATE,0,00,1,0,0,0,1,2028,0,,0,0,60,0,0,1,0,0,0,,0,0,0,0,WASH STATE,0,0,0,0,,0,,62.4,,60,0,341,1,0,0,0,0,0,0,0,0,0,0,
184236,Jakari Embry,CB,10,0,,0,2,60,FRESNO ST,3,D17,41,0,0,5,1,2026,4,34.9,70,6,45.7,0,0,30,0,0,0,48.9,0,0,2,0,FRESNO ST,3,0,0,0,35,41,40,43.4,11.7,0,0,169,45,24,0,1,114.6,10,1,0,0,1,4,69
184240,Zane Rix,ED,0,0,,0,0,,FRESNO ST,0,D57,0,0,0,6,1,2026,8,,0,0,60,1,0,1,0,0,0,60,0,0,0,0,FRESNO ST,0,0,1,0,,0,,63.6,,72.1,0,169,8,0,0,0,0,1,0,0,0,0,8,62.9
184242,Damarrion White,ED,0,0,,0,0,,FRESNO ST,0,D06,0,0,0,4,1,2029,5,,0,0,60,0,0,1,0,0,0,,0,0,0,0,FRESNO ST,0,0,0,0,,0,,56.5,,70.8,0,169,5,0,0,0,0,0,0,0,0,0,5,55.6
184244,Exodus Ayers,CB,6,0,,0,0,83.3,OREGON ST,8,D23,70,15,0,0,1,2030,0,84.2,77,5,59.4,0,0,41,0,0,0,75.6,52,0,0,0,OREGON ST,3,0,0,0,40,3,0,63.5,15.4,75.5,0,265,70,14,0,0,118.8,29,0,1,0,0,0,
184245,Gyriece Goodman,LB,0,0,,0,0,,OREGON ST,3,D42,20,17,0,2,1,2028,0,77.8,0,0,64.7,0,0,7,0,0,0,54.5,0,0,0,0,OREGON ST,0,0,0,0,,3,0,59.8,,73.4,0,265,20,0,0,0,0,11,0,0,0,0,0,57.7
184246,Luke Levengood,DI,0,0,,0,0,,OREGON ST,0,D96,0,0,0,0,1,2028,5,,0,0,,0,0,0,0,0,0,62.2,0,0,0,0,OREGON ST,0,0,0,0,,0,,65.2,,69.3,0,265,5,0,5,0,0,5,0,0,0,0,0,
184249,Jaheim Patterson,S,0,0,,0,0,,OREGON ST,2,D06,17,9,0,0,1,2027,0,80.3,0,0,65.7,0,0,5,0,0,0,64,0,0,0,0,OREGON ST,0,0,0,0,,1,0,67.7,,71.6,0,265,17,0,0,0,0,12,0,1,7,0,0,
184289,Dorrian Smith,CB,4,0,,0,0,75,GA SOUTHRN,1,D23,30,0,0,0,1,2026,0,74.2,37,3,44.5,0,0,13,0,0,0,62.6,30,0,0,0,GA SOUTHRN,0,0,0,0,23,0,0,46.7,12.3,74.3,0,174,30,12,0,0,142.7,17,0,0,0,1,0,
184300,Damaine Wilson,LB,3,0,,0,0,100,GA STATE,4,D45,55,52,0,1,1,2029,3,80.2,64,3,44.8,0,0,21,0,0,0,63.4,0,0,0,0,GA STATE,2,0,0,0,22,3,0,53.3,21.3,74.2,0,175,58,34,0,0,118.8,36,0,1,0,0,3,60
184303,KJ Flowe,CB,2,0,,0,0,50,JAMES MAD,1,D14,23,2,0,2,1,2029,0,75.1,3,1,63.6,0,0,11,0,0,0,62.1,0,0,1,0,JAMES MAD,1,0,0,0,3,21,0,57,3,0,0,197,23,1,0,0,56.3,10,0,0,0,0,0,57.4
184308,Chase Regan,S,0,0,,0,0,,JAMES MAD,0,D22,3,2,0,0,1,2028,0,,0,0,60.4,0,0,3,0,0,0,,0,0,0,0,JAMES MAD,0,0,0,0,,0,,60.3,,68,0,197,3,0,0,0,0,0,0,0,1,0,0,
184311,Davin Anderson,DI,0,0,,0,1,,LA MONROE,0,D28,0,0,0,14,1,2026,20,16.6,0,0,,1,0,0,4,0,0,51.7,0,0,0,0,LA MONROE,0,0,1,0,,0,100,50.9,,73.2,0,209,20,0,16,0,0,6,0,0,0,0,0,56.1
184316,Jaden Hamlin,DI,0,0,,0,0,,LA MONROE,0,D90,0,0,0,0,1,2026,1,,0,0,,0,0,0,0,0,0,60,0,0,0,0,LA MONROE,0,0,0,0,,0,,60.5,,64.4,0,209,1,0,1,0,0,1,0,0,0,0,0,
184318,Daniel Knudsen,LB,2,0,,0,0,100,LA MONROE,3,D07,31,31,0,3,1,2026,0,79.4,36,2,45,0,0,11,0,0,0,34.8,0,0,0,0,LA MONROE,2,0,0,0,20,0,0,32.1,18,72.4,0,209,31,22,0,0,118.8,17,0,1,0,0,0,57.2
184320,Billy Pullen,ED,1,0,,0,1,100,LA MONROE,2,D05,1,1,0,22,1,2027,57,29.6,10,1,54.5,3,0,5,0,0,0,57.8,0,2,1,0,LA MONROE,1,1,5,0,10,0,33.3,54,10,0,0,209,58,8,0,0,108.3,31,0,0,0,0,57,61.7
184322,Stephen Saywahn,S,2,0,,0,0,50,LA MONROE,0,D27,19,9,0,2,1,2026,1,76.6,9,1,48.6,0,0,8,0,0,0,57.2,0,0,0,0,LA MONROE,0,0,0,0,9,10,0,48.9,9,71.7,0,209,20,12,0,0,62.5,10,0,2,0,0,1,59.7
184328,Kevontay Wells,ED,0,0,,0,1,,LA MONROE,2,D18,0,0,0,17,1,2027,49,28.2,0,0,70.7,1,0,1,25,0,0,57.1,0,0,0,0,LA MONROE,1,0,1,0,,0,33.3,60.5,,77,0,209,49,0,0,0,0,31,0,0,0,0,24,55.4
184331,Jerome Carter III,S,1,0,,0,0,0,DOMINION,3,D12,22,17,0,0,1,2029,0,80.2,0,0,49.3,0,0,13,0,0,0,64.3,0,0,0,0,DOMINION,0,0,0,0,,1,0,53.7,,72.8,0,263,22,0,0,0,39.6,9,0,0,4,0,0,
184333,Jahron Manning,S,3,0,,0,1,33.3,DOMINION,1,D05,36,11,0,2,1,2026,0,61.3,2,1,71.7,0,0,21,0,0,0,82.5,0,0,0,0,DOMINION,1,0,0,0,2,1,16.7,80.1,2,75,0,263,36,7,0,1,42.4,13,0,4,24,0,0,67.6
184338,Jalyn Durgan,ED,0,0,,0,0,,S ALABAMA,2,D95,0,0,0,7,1,2026,17,73.5,0,0,60,0,0,0,1,0,0,51.8,0,0,0,0,S ALABAMA,0,0,0,0,,0,0,51.8,,75.3,0,288,17,0,3,0,0,10,0,0,0,0,13,55.2
184339,Amarion Fortenberry,CB,1,0,,0,0,100,S ALABAMA,1,D19,5,0,0,0,1,2029,0,74.2,33,1,53.8,0,0,3,0,0,0,60,4,0,0,0,S ALABAMA,0,0,0,0,33,0,0,53.1,33,73.6,0,288,5,0,0,0,118.8,2,0,0,0,0,0,
184348,Jordan Scruggs,CB,1,0,,0,0,100,S ALABAMA,4,D08,46,12,0,1,1,2027,0,81.5,-6,1,71.4,0,0,20,0,0,0,71,0,0,0,0,S ALABAMA,1,0,0,0,-6,34,0,72.2,-6,75.7,0,288,46,0,0,0,79.2,25,0,1,0,0,0,58.3
184373,Dylan Mann,DI,0,0,,0,0,,TROY,0,D96,0,0,0,1,1,2028,3,,0,0,,0,0,0,0,1,0,52.8,0,0,0,0,TROY,0,0,0,0,,0,,39.2,,68.1,0,318,3,0,2,0,0,2,0,0,0,0,0,60
184395,Malik Blocton,DI,0,0,,0,0,,AUBURN,0,D47,0,0,0,12,1,2029,18,71.3,0,0,,0,0,0,7,0,0,74,0,0,0,0,AUBURN,0,0,0,0,,0,0,67.5,,73,0,115,18,0,7,0,0,6,0,1,0,0,4,55
184399,Jalyn Crawford,CB,6,0,,0,0,33.3,AUBURN,2,D23,55,3,0,0,1,2029,0,78.3,25,2,78.8,0,1,31,0,0,0,48.2,47,0,0,0,AUBURN,1,0,0,0,22,3,0,74.4,12.5,76.5,0,115,55,1,0,0,7.6,24,0,0,2,0,0,
184402,Kaleb Harris,S,1,0,,0,0,0,AUBURN,2,D18,52,21,0,2,1,2029,4,76.6,0,0,58.5,1,0,30,0,0,0,74.7,4,0,1,0,AUBURN,2,0,1,0,,7,0,65.9,,77.9,0,115,56,0,0,0,39.6,24,0,0,20,0,4,68.5
184405,Kensley Louidor-Faustin,CB,1,0,,0,0,100,AUBURN,1,D28,9,0,0,0,1,2029,0,73.5,34,1,52.5,0,0,9,0,0,0,,2,0,0,0,AUBURN,0,0,0,0,34,7,0,52.1,34,73,0,115,9,3,0,0,118.8,0,0,0,0,0,0,
184410,De'marcus Riddick,ED,0,0,,0,1,,AUBURN,0,D16,1,1,0,6,1,2029,9,24.8,0,0,60.9,2,0,3,0,0,0,60,0,0,0,0,AUBURN,0,0,2,0,,0,100,44.3,,74.3,0,115,10,0,0,0,0,1,0,0,0,0,9,47.1
184415,Amaris Williams,ED,0,0,,0,0,,AUBURN,0,D10,0,0,0,8,1,2028,13,,0,0,,0,0,0,10,0,0,59.5,0,0,0,0,AUBURN,0,0,0,0,,0,,60.7,,71.8,0,115,13,0,0,0,0,5,0,0,0,0,3,60.9
184438,Xavier Atkins,LB,0,0,,0,0,,LSU,0,D30,1,1,0,1,1,2029,1,,0,0,60,0,0,1,0,0,0,,0,0,0,0,LSU,0,0,0,0,,0,,57.8,,68,0,211,2,0,0,0,0,0,0,0,0,0,1,59.6
184441,Ahmad Breaux,DI,0,0,,0,0,,LSU,3,D93,0,0,0,8,1,2029,26,73.4,0,0,,1,0,0,0,9,0,62.5,0,0,0,0,LSU,2,0,1,0,,0,0,64.2,,74.9,0,211,26,0,17,0,0,18,0,0,0,0,0,63.2
184462,Dominick McKinley,DI,0,0,,0,0,,LSU,0,D96,0,0,0,3,1,2029,5,,0,0,,0,0,0,0,0,0,60.5,0,0,0,0,LSU,0,0,0,0,,0,,60.5,,69.3,0,211,5,0,5,0,0,2,0,0,0,0,0,58.7
184463,Gabriel Reliford,ED,0,0,,0,0,,LSU,0,D19,0,0,0,0,1,2029,1,,0,0,,0,0,0,0,0,0,60,0,0,0,0,LSU,0,0,0,0,,0,,56.6,,65.2,0,211,1,0,0,0,0,1,0,0,0,0,1,
184471,PJ Woodland,CB,1,0,,0,1,100,LSU,0,D11,5,1,0,0,1,2029,0,21.6,7,1,49.7,0,0,3,0,0,0,60,0,0,0,0,LSU,0,0,0,0,7,4,100,49.9,7,70.7,0,211,5,9,0,0,95.8,2,0,0,0,0,0,
184477,Trajen Greco,S,0,0,,0,0,,MISSOURI,0,D21,2,0,0,0,1,2029,0,,0,0,60,0,0,1,0,0,0,60,0,0,0,0,MISSOURI,0,0,0,0,,0,,60,,66.2,0,229,2,0,0,0,0,1,0,0,2,0,0,
184503,Kobe Black,CB,2,0,,0,0,0,TEXAS,1,D06,9,1,0,0,1,2029,0,73.5,0,0,82.2,0,0,8,0,0,0,60,8,0,0,0,TEXAS,0,0,0,0,,0,0,83.9,,70.1,0,311,9,0,0,0,39.6,1,0,0,0,0,0,
184510,Alex January,DI,0,0,,0,0,,TEXAS,0,D97,0,0,0,2,1,2029,2,,0,0,,0,0,0,0,2,0,,0,0,0,0,TEXAS,0,0,0,0,,0,,59.2,,67.6,0,311,2,0,0,0,0,0,0,0,0,0,0,59.1
184515,Colin Simmons,ED,0,0,,0,0,,TEXAS,0,D11,5,5,0,19,1,2029,20,,0,0,60,0,0,1,0,0,0,60.5,0,0,1,0,TEXAS,0,1,0,0,,0,,46,,0,0,311,25,0,0,0,0,5,0,0,0,0,20,53
184523,Dontae Carter,S,2,0,,0,0,50,VANDERBILT,0,D21,8,0,0,1,1,2029,0,,27,1,46.3,0,0,5,0,0,0,60,0,0,0,0,VANDERBILT,0,0,0,0,27,8,,45,27,71.5,0,333,8,0,0,0,135.4,2,0,0,0,1,0,60
184529,Zabien Brown,CB,2,0,,0,0,50,ALABAMA,0,D02,39,1,0,0,1,2029,0,,13,1,65.1,0,0,18,0,0,0,63.4,38,0,0,0,ALABAMA,0,0,0,0,13,0,,65.7,13,75.3,0,103,39,0,0,0,70.8,21,0,0,0,0,0,
184539,Dre Kirkpatrick Jr.,CB,0,0,,0,0,,ALABAMA,1,D21,11,1,0,0,1,2029,1,76.9,0,0,60,0,0,1,0,0,0,65.5,0,0,0,0,ALABAMA,0,0,0,0,,10,0,65,,73.4,0,103,12,0,0,0,0,11,0,0,0,0,1,
184540,Jaylen Mbakwe,CB,0,0,,0,0,,ALABAMA,1,D09,15,3,0,1,1,2029,0,76.6,0,0,64.4,1,0,7,0,0,0,58.1,12,0,0,0,ALABAMA,0,0,1,0,,0,0,60.2,,72.5,0,103,15,0,0,0,0,7,0,1,0,0,0,60
184541,Zavier Mincey,S,0,0,,0,0,,ALABAMA,3,D12,13,4,0,0,1,2029,0,82.1,0,0,60,0,0,1,0,0,0,73.9,0,0,0,0,ALABAMA,1,0,0,0,,4,0,72,,71.1,0,103,13,0,0,0,0,12,0,1,5,0,0,
184544,Justin Okoronkwo,LB,0,0,,0,0,,ALABAMA,4,D41,14,14,0,0,1,2029,0,79.4,0,0,60,0,0,1,0,0,0,50.8,0,0,0,0,ALABAMA,1,0,0,0,,0,0,51.2,,71.7,0,103,14,0,0,0,0,13,0,0,0,0,0,
184588,Michael Boganowski,S,1,0,,0,0,100,OKLAHOMA,0,D25,4,1,0,0,1,2029,0,,24,1,39,0,0,2,0,0,0,60,0,0,0,0,OKLAHOMA,0,0,0,0,24,1,,36.7,24,68.7,0,261,4,11,0,0,158.3,2,0,0,2,1,0,
184589,Eli Bowen,CB,1,0,,0,1,100,OKLAHOMA,2,D23,52,2,0,1,1,2029,0,37.2,5,1,65.4,0,0,28,0,0,0,68.8,49,0,0,0,OKLAHOMA,0,0,0,0,5,1,33.3,66.6,5,76.3,0,261,52,1,0,0,87.5,23,0,0,0,0,0,58.3
184596,Jayden Jackson,DI,0,0,,0,0,,OKLAHOMA,1,D65,2,2,0,17,1,2029,27,72.8,0,0,,1,0,0,3,4,0,75.7,0,0,0,1,OKLAHOMA,1,0,1,0,,0,0,74.8,,75.4,0,261,29,0,20,0,0,12,0,0,0,0,0,63.8
184605,David Stone,DI,0,0,,0,0,,OKLAHOMA,0,D00,0,0,0,1,1,2029,2,,0,0,,0,0,0,1,0,0,60,0,0,0,0,OKLAHOMA,0,0,0,0,,0,,59.9,,66,0,261,2,0,1,0,0,1,0,0,0,0,0,60
184625,Kevon Merrell,S,3,0,,0,0,0,E CAROLINA,1,D31,14,3,0,1,1,2029,1,53,0,0,49.9,0,0,11,0,0,0,55.5,0,0,0,0,E CAROLINA,0,0,0,0,,9,0,48.9,,73.7,0,156,15,0,0,0,39.6,3,0,1,2,0,1,59.2
184635,Terhyon Nichols,CB,1,0,,0,0,100,KENTUCKY,1,D20,37,0,0,0,1,2029,0,73.5,6,1,51.1,0,0,14,0,0,0,55,37,0,1,0,KENTUCKY,0,0,0,0,6,0,0,50.8,6,75.4,0,202,37,0,0,0,131.3,23,0,0,0,1,0,
184641,Jerod Smith II,ED,0,0,,0,0,,KENTUCKY,1,D95,0,0,0,1,1,2029,9,71.5,0,0,,0,0,0,4,0,0,66.9,0,0,0,0,KENTUCKY,1,0,0,0,,0,0,69.2,,71.6,0,202,9,0,2,0,0,8,1,0,0,0,3,60
184642,Steven Soles Jr.,ED,0,0,,0,0,,KENTUCKY,0,D35,0,0,0,1,1,2029,1,,0,0,,1,0,0,0,0,0,,0,0,0,0,KENTUCKY,0,0,1,0,,0,,63.1,,66,0,202,1,0,0,0,0,0,0,0,0,0,1,65.2
184665,Kaj Sanders,S,0,0,,0,0,,RUTGERS,5,D05,17,8,0,1,1,2029,1,80.9,0,0,50.7,0,0,9,0,0,0,71.3,0,0,0,0,RUTGERS,1,0,0,0,,4,0,58.3,,74,0,278,18,0,0,0,0,8,0,0,5,0,1,60
184672,Jaion Jackson,CB,1,0,,0,0,100,C MICHIGAN,1,D19,24,0,0,0,1,2029,0,78.5,12,1,50.2,0,0,10,0,0,0,70.3,24,0,0,0,C MICHIGAN,0,0,0,0,12,0,0,56.1,12,73.7,0,134,24,0,0,0,116.7,14,0,2,0,0,0,
184674,Pius Odjugo,DI,0,0,,0,0,,C MICHIGAN,1,D99,0,0,0,6,1,2026,23,69.7,0,0,,0,0,0,3,9,0,59.3,0,0,0,0,C MICHIGAN,1,0,0,0,,0,0,58.3,,75.6,0,134,23,0,11,0,0,17,1,0,0,0,0,56.4
184678,Xavier White,LB,0,0,,0,0,,C MICHIGAN,0,D45,7,7,0,0,1,2029,0,76,0,0,,0,0,0,0,0,0,80.2,0,0,0,0,C MICHIGAN,0,0,0,0,,0,0,84,,68.5,0,134,7,0,0,0,0,7,0,2,0,0,0,
184713,Brett Karhu,ED,0,0,,0,0,,MEMPHIS,0,D45,0,0,0,0,1,2027,2,,0,0,,0,0,0,0,0,0,60,0,0,0,0,MEMPHIS,0,0,0,0,,0,,60.2,,68.3,0,218,2,0,0,0,0,2,0,0,0,0,2,
184759,Kai McClendon,DI,0,0,,0,0,,MISS STATE,0,D90,0,0,0,26,1,2029,44,71.1,0,0,60,0,0,0,1,13,0,72.1,0,0,0,0,MISS STATE,0,0,0,0,,0,0,66.1,,76.7,0,227,44,0,29,0,0,18,0,1,0,0,1,54.7
184762,Ashun Shepphard,DI,0,0,,0,0,,MISS STATE,2,D98,0,0,0,15,1,2027,32,73.4,0,0,,1,0,0,7,0,0,63.6,0,0,1,0,MISS STATE,1,0,1,0,,0,0,60.1,,74.4,0,227,32,0,24,0,0,17,0,1,0,0,1,54.3
184773,Joseph Harper,LB,0,0,,0,0,,SO MISS,0,D53,3,3,0,0,1,2027,0,,0,0,,0,0,0,0,0,0,59.5,0,0,0,0,SO MISS,0,0,0,0,,0,,47.3,,66.2,0,296,3,0,0,0,0,3,0,0,0,0,0,
184774,Jordan Johnson,S,1,0,,0,0,100,SO MISS,1,D18,15,9,0,1,1,2026,0,75.1,4,1,65,0,0,7,0,0,0,60.4,1,0,0,0,SO MISS,1,0,0,0,4,3,0,64.9,4,71.8,0,296,15,2,0,0,83.3,7,0,0,2,0,0,59.8
184776,Jameer Lewis,ED,0,0,,0,0,,SO MISS,0,D14,0,0,0,12,1,2027,23,73,0,0,,2,0,0,0,0,0,48.6,0,0,0,0,SO MISS,0,0,2,0,,0,0,58.9,,77.3,0,296,23,0,0,0,0,11,0,1,0,0,23,70
184780,Caleb Moore,DI,0,0,,0,1,,SO MISS,2,D93,0,0,0,4,1,2029,17,35,0,0,,0,0,0,0,0,0,53.2,0,0,0,0,SO MISS,0,0,0,0,,0,33.3,52.8,,72.6,0,296,17,0,17,0,0,13,0,0,0,0,0,58.5
184788,Sekou Kromah,DI,0,0,,0,0,,TEMPLE,2,D58,0,0,0,10,1,2028,19,72.2,0,0,,0,0,0,0,5,0,77.6,0,0,0,0,TEMPLE,2,0,0,0,,0,0,74.4,,75.3,0,306,19,0,14,0,0,9,0,0,0,0,0,57.1
184794,Katin Surprenant,LB,0,0,,0,1,,TEMPLE,0,D18,4,4,0,0,1,2026,0,20.1,0,0,,0,0,0,0,0,0,52.2,0,0,0,0,TEMPLE,0,0,0,0,,0,100,49.7,,66.5,0,306,4,0,0,0,0,4,0,0,0,0,0,
184841,Aydin Breland,DI,0,0,,0,0,,OREGON,0,D42,0,0,0,3,1,2029,3,,0,0,,0,0,0,2,0,0,,0,0,0,0,OREGON,0,0,0,0,,0,,56.6,,66.6,0,264,3,0,1,0,0,0,0,0,0,0,0,56.7
184846,Tionne Gray,DI,0,0,,0,0,,OREGON,0,D50,0,0,0,4,1,2029,6,,0,0,,0,0,0,0,0,0,60.3,0,0,0,0,OREGON,0,0,0,0,,0,,59.4,,69.4,0,264,6,0,6,0,0,2,0,0,0,0,0,57.8
184853,Sione Laulea,CB,3,0,,0,0,33.3,OREGON,1,D13,11,0,0,1,1,2027,0,73.5,14,1,90,1,1,8,0,0,0,60,11,0,0,0,OREGON,0,0,1,0,14,0,0,90.3,14,71.5,0,264,11,2,0,1,9.7,2,0,0,0,0,0,58.3
184863,Elijah Rushing,ED,0,0,,0,0,,OREGON,0,D47,0,0,0,4,1,2029,4,,0,0,,0,0,0,1,0,0,,0,0,0,0,OREGON,0,0,0,0,,0,,55.8,,69.5,0,264,4,0,0,0,0,0,0,0,0,0,3,56
184873,Malakai Hoeft,LB,0,0,,0,0,,S JOSE ST,0,D24,5,1,0,0,1,2027,1,,0,0,61.2,0,0,2,0,0,0,54.1,0,0,0,0,S JOSE ST,0,0,0,0,,4,,55.4,,71.5,0,285,6,0,0,0,0,4,0,0,0,0,1,
184896,Devynn Cromwell,S,1,0,,0,0,100,TEXAS TECH,1,D22,7,0,0,0,1,2026,0,74.3,6,1,65,0,0,5,0,0,0,60,1,0,0,0,TEXAS TECH,0,0,0,0,6,1,0,64.8,6,70.2,0,315,7,0,0,0,91.7,2,0,0,5,0,0,
184917,Will Holmes,ED,0,0,,0,0,,UTAH ST,0,D59,0,0,0,8,1,2029,17,,0,0,,1,0,0,1,0,0,61,0,0,0,0,UTAH ST,0,0,1,0,,0,,68.2,,74.6,0,329,17,0,1,0,0,9,0,0,0,0,15,69.4
184938,Quentin Reddish,S,1,0,,0,0,0,VA TECH,0,D21,12,5,0,0,1,2029,0,,0,0,53.5,0,0,10,0,0,0,60,0,0,0,0,VA TECH,0,0,0,0,,2,,54.9,,73.4,0,337,12,0,0,0,39.6,2,0,0,5,0,0,
188195,Marquaze Parker,ED,0,0,,0,0,,CINCINNATI,0,D98,0,0,0,4,1,2029,11,,0,0,,0,0,0,6,0,0,54.5,0,0,0,0,CINCINNATI,0,0,0,0,,0,,52,,71.6,0,138,11,0,1,0,0,7,0,0,0,0,4,57.3
188203,Montay Weedon,LB,0,0,,0,1,,CINCINNATI,1,D44,9,3,0,1,1,2029,3,44.8,0,0,64,0,0,3,0,0,0,53.8,0,0,0,0,CINCINNATI,0,0,0,0,,6,50,59.4,,74.8,0,138,12,0,0,0,0,8,0,0,0,0,3,59.9
188221,Nylan Brown,LB,1,0,,0,1,0,KENT STATE,1,D43,25,20,0,1,1,2029,0,42.8,0,0,62.4,0,0,8,0,0,0,66.3,0,0,0,0,KENT STATE,1,0,0,0,,4,50,65.6,,72.1,0,201,25,0,0,0,39.6,16,0,0,1,0,0,58.9
188224,Josue Cordoba,DI,0,0,,0,1,,KENT STATE,0,D92,0,0,0,6,1,2029,23,16.2,0,0,60,1,0,0,0,0,0,28.8,0,0,0,0,KENT STATE,0,0,1,0,,0,100,29.1,,73.6,0,201,23,0,23,0,0,17,0,0,0,0,0,73.4
188229,Lavell Gibson,DI,0,0,,0,0,,KENT STATE,2,D97,0,0,1,12,1,2025,35,74.5,0,0,,1,0,0,10,2,0,70.3,0,0,0,0,KENT STATE,3,0,2,0,,0,0,75.1,,75.1,0,201,35,0,23,0,0,23,0,1,0,0,0,72.6
188247,Keyshawn Flowers,LB,1,0,,0,0,100,MARYLAND,0,D23,11,11,0,1,1,2029,0,73.2,11,1,43.8,0,0,2,0,0,0,43.6,0,0,0,0,MARYLAND,0,0,0,0,11,0,0,28.6,11,70.3,0,215,11,10,0,0,112.5,8,0,1,0,0,0,59.4
188251,Kevyn Humes,CB,1,0,,0,0,100,MARYLAND,0,D11,20,0,0,0,1,2029,0,74.2,11,1,57.7,0,0,11,0,0,0,64.6,19,0,0,0,MARYLAND,0,0,0,0,11,1,0,59.8,11,73.6,0,215,20,0,0,0,112.5,9,0,1,0,0,0,
188252,Judah Jenkins,CB,0,0,,0,0,,MARYLAND,0,D21,9,1,0,0,1,2029,0,77.7,0,0,65.6,0,0,7,0,0,0,70.7,0,0,1,0,MARYLAND,0,0,0,0,,8,0,62.1,,0,0,215,9,0,0,0,0,2,0,2,0,0,0,
188256,Shamar McIntosh,S,0,0,,0,1,,MARYLAND,0,D26,5,3,0,0,1,2029,0,20.7,0,0,,0,0,0,0,0,0,51,0,0,0,0,MARYLAND,0,0,0,0,,0,100,47.9,,68,0,215,5,0,0,0,0,5,0,0,2,0,0,
188258,Dimitry Nicolas,DI,0,0,,0,0,,MARYLAND,0,D99,0,0,0,0,1,2029,1,,0,0,,0,0,0,0,1,0,60,0,0,0,0,MARYLAND,0,0,0,0,,0,,54.6,,65.5,0,215,1,0,0,0,0,1,0,0,0,0,0,
188261,Trey Reddick,ED,1,0,,0,1,100,MARYLAND,3,D10,0,0,0,10,1,2029,29,54,15,1,41.1,0,0,3,0,0,0,61,0,0,0,0,MARYLAND,3,0,0,0,15,0,25,49.1,15,77.7,0,215,29,8,0,0,118.8,16,1,0,0,0,29,54
188264,La'khi Roland,CB,0,0,,0,0,,MARYLAND,0,D27,13,0,0,0,1,2029,0,,0,0,61.2,0,0,2,0,0,0,62,13,0,0,0,MARYLAND,0,0,0,0,,0,,63.3,,71.9,0,215,13,0,0,0,0,11,0,0,0,0,0,
188273,Toney Coleman Jr.,CB,0,0,,0,0,,MIAMI OH,0,D21,2,0,0,0,1,2029,0,,0,0,,0,0,0,0,0,0,60,2,0,0,0,MIAMI OH,0,0,0,0,,0,,60,,66,0,221,2,0,0,0,0,2,0,0,0,0,0,
188276,Jayden Fuller,ED,0,0,,0,0,,MIAMI OH,0,D50,0,0,0,1,1,2029,1,,0,0,,0,0,0,0,0,0,,0,0,0,0,MIAMI OH,0,0,0,0,,0,,59.3,,65.7,0,221,1,0,0,0,0,0,0,0,0,0,1,58.8
188286,Kaleb Martin,CB,0,0,,0,0,,MIAMI OH,0,D17,3,0,0,0,1,2029,0,,0,0,60,0,0,1,0,0,0,60,3,0,0,0,MIAMI OH,0,0,0,0,,0,,61.4,,67,0,221,3,0,0,0,0,2,0,0,0,0,0,
188289,Brach Rice,DI,0,0,,0,0,,MIAMI OH,0,D47,0,0,0,0,1,2029,2,,0,0,,0,0,0,0,0,0,60.3,0,0,0,0,MIAMI OH,0,0,0,0,,0,,62.3,,66.6,0,221,2,0,2,0,0,2,0,0,0,0,0,
188296,Rabbit Evans,S,0,0,,0,0,,UTAH,0,D13,0,0,0,1,1,2027,2,,0,0,,0,0,0,0,0,0,60,0,0,0,0,UTAH,0,0,0,0,,0,,60,,68.1,0,328,2,0,0,0,0,1,0,0,0,0,2,60
188301,Quimari Shemwell,CB,0,0,,0,0,,UTAH,0,D18,2,1,0,0,1,2029,0,,0,0,60,0,0,1,0,0,0,60,0,0,0,0,UTAH,0,0,0,0,,1,,60.6,,64.8,0,328,2,0,0,0,0,1,0,0,0,0,0,
188304,Dallas Vakalahi,DI,0,0,,0,0,,UTAH,4,D98,0,0,0,17,1,2029,59,76.2,0,0,60,1,0,0,4,2,0,61.8,0,0,0,0,UTAH,3,0,1,0,,0,0,61.9,,76.3,0,328,59,0,53,0,0,42,0,2,0,0,0,58.6
188308,Ashton Coker,DI,0,0,,0,0,,UTEP,0,D90,0,0,0,1,1,2029,7,69.7,0,0,,0,0,0,0,5,0,70.6,0,0,0,0,UTEP,0,0,0,0,,0,0,72.4,,71.6,0,330,7,0,2,0,0,6,0,1,0,0,0,59.8
188312,Kyran Duhon,ED,0,0,,0,0,,UTEP,1,D33,0,0,1,32,1,2029,46,74.9,0,0,,1,0,0,17,0,0,67.4,0,1,0,1,UTEP,2,0,3,0,,0,0,73.7,,76.5,0,330,46,0,8,0,0,14,0,1,0,0,21,71.1
188317,Jaylin Jones,ED,0,0,,0,0,,UTEP,1,D17,4,4,0,2,1,2029,8,72.2,0,0,60,0,0,1,0,0,0,57.4,0,0,0,0,UTEP,0,0,0,0,,0,0,57.4,,72.9,0,330,12,0,0,0,0,9,0,0,0,0,8,59.4
188322,Stratton Shufelt,LB,0,0,,0,0,,UTEP,3,D21,17,17,0,1,1,2029,0,77.8,0,0,61.2,0,0,5,0,0,0,73.2,0,0,0,0,UTEP,2,0,0,0,,0,0,71.2,,73,0,330,17,0,0,0,0,11,0,0,0,0,0,59.8
188325,Ekow Taylor,ED,0,0,,0,0,,UTEP,0,D36,0,0,0,3,1,2029,3,,0,0,,0,0,0,0,0,0,,0,0,0,0,UTEP,0,0,0,0,,0,,57.3,,69.5,0,330,3,0,0,0,0,0,0,0,0,0,3,57.2
188455,Nathan Hale,DI,0,0,,0,0,,OHIO,0,D57,0,0,0,0,1,2027,4,69.7,0,0,,0,0,0,0,0,0,60.6,0,0,0,0,OHIO,0,0,0,0,,0,0,61.1,,68.5,0,259,4,0,4,0,0,4,0,1,0,0,0,
188483,Charles Correa,LB,0,0,,0,0,,UNLV,0,D30,10,7,0,2,1,2029,2,,0,0,61,0,0,2,0,0,0,62.5,0,0,0,0,UNLV,0,0,0,0,,3,,62.5,,70,0,325,12,0,0,0,0,8,0,0,0,0,2,58
188517,Jaylin Lackey,CB,3,0,,0,1,100,VANDERBILT,3,D27,69,7,0,1,1,2029,1,53.8,30,3,64.3,0,0,38,0,0,0,57.1,62,0,0,0,VANDERBILT,1,0,0,0,18,0,20,63.4,10,77.2,0,333,70,16,0,0,108.3,31,0,1,0,0,1,59.4
188523,Glenn Seabrooks III,DI,0,0,,0,0,,VANDERBILT,0,D53,0,0,0,11,1,2029,18,70.1,0,0,,0,0,0,0,9,0,58.3,0,0,0,0,VANDERBILT,0,0,0,0,,0,0,57.3,,74.1,0,333,18,0,9,0,0,7,0,1,0,0,0,57.3
188665,Rolijah Hardy,LB,0,0,,0,0,,INDIANA,0,D21,1,1,0,1,1,2029,1,,0,0,,0,0,0,0,0,0,60,0,0,0,0,INDIANA,0,0,0,0,,0,,59.9,,68.3,0,190,2,0,0,0,0,1,0,0,0,0,1,59.9
188692,Zashon Rich,CB,0,0,,0,0,,KANSAS ST,0,D25,3,0,0,0,1,2029,0,,0,0,60,0,0,1,0,0,0,60,3,0,0,0,KANSAS ST,0,0,0,0,,0,,60.9,,66.9,0,199,3,0,0,0,0,2,0,0,0,0,0,
188710,Koi Perich,S,0,0,,0,1,,MINNESOTA,3,D03,44,13,0,1,1,2029,1,58.8,0,0,81.7,0,1,34,0,0,0,64.9,0,0,0,0,MINNESOTA,2,0,0,0,,2,25,79.2,,75.6,0,225,45,0,0,0,0,10,0,0,29,0,1,59.7
188811,Krishna Clay,DI,0,0,,0,0,,S DIEGO ST,3,D40,1,1,0,17,1,2028,36,74.8,0,0,60,0,0,0,10,4,0,72.9,0,0,0,0,S DIEGO ST,2,0,0,0,,0,0,68.4,,75.6,0,284,37,0,21,0,0,20,0,1,0,0,1,54
188814,Malik Gucake,ED,0,0,,0,0,,S DIEGO ST,1,D92,0,0,1,7,1,2028,11,74.7,0,0,,0,0,0,0,0,0,62.8,0,0,0,0,S DIEGO ST,0,0,1,0,,0,0,66.5,,74.2,0,284,11,0,1,0,0,4,0,0,0,0,10,63.9
188848,Noa Siaosi,DI,0,0,,0,0,,S JOSE ST,1,D92,0,0,0,9,1,2029,16,69.7,0,0,58.9,0,0,1,1,7,0,57.3,0,0,0,0,S JOSE ST,0,0,0,0,,0,0,53.8,,73.4,0,285,16,0,8,0,0,6,0,0,0,0,0,55.9
188850,David Tuihalangingie,LB,0,0,,0,0,,S JOSE ST,0,D19,0,0,0,2,1,2026,2,,0,0,,0,0,0,0,0,0,,0,0,0,0,S JOSE ST,0,0,0,0,,0,,57.9,,68.3,0,285,2,0,0,0,0,0,0,0,0,0,2,57.8
188871,Brandon Nicholson,CB,6,0,,0,2,83.3,STANFORD,4,D09,72,0,0,0,1,2029,0,43.9,34,5,78.3,0,1,42,0,0,0,44.1,71,0,0,0,STANFORD,1,0,0,0,15,0,33.3,73.4,6.8,77.7,0,300,72,1,0,0,50.7,30,0,0,1,0,0,
189382,Da'Vontae Floyd,CB,0,0,,0,0,,DUKE,0,D17,1,0,0,0,1,2029,0,,0,0,,0,0,0,0,0,0,60,1,0,0,0,DUKE,0,0,0,0,,0,,60,,63.5,0,154,1,0,0,0,0,1,0,0,0,0,0,
189390,Tyshon Reed Jr.,ED,0,0,,0,0,,DUKE,0,D10,0,0,0,2,1,2029,4,,0,0,,0,0,0,0,0,0,60.4,0,0,0,0,DUKE,0,0,0,0,,0,,62,,69.4,0,154,4,0,0,0,0,2,0,0,0,0,4,59.7
189399,Preston Watson,DI,0,0,,0,0,,DUKE,0,D95,0,0,0,2,1,2029,9,,0,0,,0,0,0,0,0,0,55.9,0,0,0,0,DUKE,0,0,0,0,,0,,55.1,,70.5,0,154,9,0,9,0,0,7,0,0,0,0,0,59.6
189431,Armondo Blount,ED,0,0,,0,0,,MIAMI FL,0,D18,0,0,0,12,1,2029,14,,0,0,,0,0,0,3,0,0,51.5,0,0,0,0,MIAMI FL,0,0,0,0,,0,,44.8,,73.1,0,220,14,0,2,0,0,2,0,0,0,0,9,54.5
189439,Romanas Frederique Jr.,CB,6,0,,0,1,16.7,MIAMI FL,2,D29,55,4,0,0,1,2029,0,53.1,7,1,60,0,0,42,0,0,0,74.2,48,0,0,0,MIAMI FL,1,0,0,0,7,3,33.3,62.9,7,76.1,0,220,55,0,0,0,39.6,13,0,0,0,0,0,
189445,Booker Pickett Jr.,ED,0,0,,0,0,,MIAMI FL,0,D33,2,2,0,11,1,2029,11,,0,0,60.4,0,0,2,0,0,0,,0,1,0,0,MIAMI FL,0,0,1,0,,0,,66.1,,75.3,0,220,13,0,0,0,0,0,0,0,0,0,11,65.1
189451,Justin Scott,DI,0,0,,0,0,,MIAMI FL,0,D98,0,0,0,10,1,2029,12,,0,0,,1,0,0,0,2,0,61,0,0,0,0,MIAMI FL,0,0,1,0,,0,,67.6,,73.5,0,220,12,0,8,0,0,2,0,0,0,0,2,65.9
189537,Cameron Lindsey,CB,0,0,,0,0,,PITTSBURGH,0,D24,7,0,0,0,1,2029,0,,0,0,63.4,0,0,7,0,0,0,,0,0,0,0,PITTSBURGH,0,0,0,0,,7,,63.9,,70.7,0,268,7,0,0,0,0,0,0,0,0,0,0,
189589,Javion White,S,2,0,,0,0,50,TULANE,2,D12,21,1,0,2,1,2029,5,76.5,9,1,66.4,1,0,16,0,0,0,66.5,0,0,0,0,TULANE,1,0,1,0,9,20,0,67.8,9,77.8,0,319,26,3,0,0,62.5,8,0,0,0,0,5,58.2
189645,Jonathan Kabeya,CB,0,0,,0,0,,BYU,0,D23,1,0,0,0,1,2029,0,,0,0,60,0,0,1,0,0,0,,0,0,0,0,BYU,0,0,0,0,,1,,60.4,,64.5,0,128,1,0,0,0,0,0,0,0,0,0,0,
189653,Faletau Satuala,S,2,0,,0,0,50,BYU,2,D10,14,1,0,0,1,2029,0,79.4,32,1,51.8,0,1,7,0,0,0,62.2,0,0,0,0,BYU,1,0,0,0,32,0,0,56.2,32,72.3,0,128,14,16,0,0,56.3,7,0,0,13,0,0,
189696,Jaylen Watson,CB,1,0,,0,0,100,IOWA,1,D03,13,0,0,0,1,2029,0,73.5,16,1,46.9,0,0,10,0,0,0,60,13,0,1,0,IOWA,0,0,0,0,16,0,0,47,16,72.3,0,192,13,6,0,0,118.8,3,0,0,0,0,0,
189751,Sam Feeney,ED,0,0,,0,0,,BALL ST,0,D48,0,0,0,2,1,2029,2,,0,0,,0,0,0,0,0,0,,0,0,0,0,BALL ST,0,0,0,0,,0,,57.5,,68.5,0,117,2,0,0,0,0,0,0,0,0,0,2,57.4
189754,Scott Hudson,DI,0,0,,0,0,,BALL ST,0,D93,0,0,0,25,1,2026,28,,0,0,,3,0,0,3,0,0,56.3,0,1,0,1,BALL ST,0,0,4,0,,0,,75.1,,74.3,0,117,28,0,25,0,0,3,0,0,0,0,0,78.1
189759,Eric McClain,CB,5,0,,0,0,80,BALL ST,3,D15,37,3,0,0,1,2029,0,79.8,33,4,61.5,0,0,20,0,0,0,54.7,34,0,1,0,BALL ST,0,0,0,0,11,0,0,55.5,8.3,0,0,117,37,4,0,0,94.2,17,0,1,0,0,0,
189769,Will Yates,CB,6,0,,0,0,66.7,BALL ST,4,D20,59,4,0,0,1,2029,0,79.6,60,4,55.8,0,0,42,0,0,0,64.5,55,0,1,0,BALL ST,0,0,0,0,27,0,0,57.1,15,76.3,0,117,59,4,0,0,99.3,17,0,0,0,0,0,
189771,Tyrelle Deener,CB,2,0,,0,0,50,E MICHIGAN,1,D22,11,0,0,0,1,2026,0,74.8,6,1,71.1,0,0,7,0,0,0,60,0,0,0,0,E MICHIGAN,0,0,0,0,6,11,0,71.8,6,75,0,160,11,0,0,0,56.3,4,0,0,0,0,0,
189786,Jawaun Campbell,ED,0,0,,0,0,,JVILLE ST,1,D93,0,0,0,26,1,2029,37,73.6,0,0,,1,0,0,14,0,0,73.8,0,0,0,0,JVILLE ST,1,0,1,0,,0,0,70.9,,75.3,0,196,37,0,2,0,0,11,0,1,0,0,21,62.3
189845,Abdul Muhammad,CB,0,0,,0,0,,MIDDLE TN,0,D21,23,2,0,0,1,2026,0,,0,0,62.4,0,0,3,0,0,0,46.8,19,0,0,0,MIDDLE TN,0,0,0,0,,2,,54.5,,73,0,224,23,0,0,0,0,20,0,0,0,0,0,
189850,Korey Smith,LB,0,0,,0,0,,MIDDLE TN,1,D58,3,3,0,0,1,2029,2,73.1,0,0,,0,0,0,0,0,0,64.1,0,0,0,0,MIDDLE TN,0,0,0,0,,0,0,66.3,,70.2,0,224,5,0,0,0,0,5,0,0,0,0,2,
189877,Karson Hobbs,CB,0,0,,0,0,,NOTRE DAME,0,D21,3,0,0,0,1,2029,0,,0,0,,0,0,0,0,0,0,60,3,0,0,0,NOTRE DAME,0,0,0,0,,0,,60.3,,67,0,258,3,0,0,0,0,3,0,0,0,0,0,
189882,Leonard Moore,CB,2,0,,0,0,50,NOTRE DAME,2,D15,32,5,0,0,1,2029,19,76.6,6,1,74.2,0,1,17,0,0,0,64.3,24,0,0,0,NOTRE DAME,0,0,0,0,6,2,0,72.1,6,80.2,0,258,51,6,0,0,16.7,34,0,0,1,0,19,
189886,Teddy Rezac,LB,0,0,,0,0,,NOTRE DAME,0,D35,2,2,0,0,1,2029,1,,0,0,,0,0,0,0,0,0,61,0,0,0,0,NOTRE DAME,0,0,0,0,,0,,62.2,,66.4,0,258,3,0,0,0,0,3,0,0,0,0,1,
189906,Quardale Patt,DI,0,0,,0,0,,SM HOUSTON,0,D98,0,0,0,2,1,2026,4,,0,0,,0,0,0,0,4,0,60.1,0,0,0,0,SM HOUSTON,0,0,0,0,,0,,59.8,,69.8,0,281,4,0,0,0,0,2,0,0,0,0,0,59.4
189977,Deuce Walker,CB,0,0,,0,0,,GA STATE,0,D26,5,1,0,1,1,2029,0,,0,0,61.2,0,0,2,0,0,0,60,0,0,0,0,GA STATE,0,0,0,0,,4,,61.6,,71.7,0,175,5,0,0,0,0,2,0,0,0,0,0,59.8
190017,Seidrion Langston,LB,2,0,,0,2,100,LA MONROE,3,D16,29,29,0,2,1,2028,0,43.8,36,2,26.5,0,0,12,0,0,0,53.6,0,0,0,0,LA MONROE,0,0,0,0,27,0,28.6,27.9,18,73.7,0,209,29,39,0,0,118.8,15,0,2,0,0,0,57.5
190026,Amarion Ware,DI,0,0,,0,0,,LA MONROE,0,D91,0,0,0,0,1,2028,8,,0,0,,0,0,0,2,0,0,63.2,0,0,0,0,LA MONROE,0,0,0,0,,0,,64.3,,70.7,0,209,8,0,6,0,0,8,0,0,0,0,0,
190044,Dylan Labarbera,ED,0,0,,0,0,,NEVADA,1,D32,0,0,0,4,1,2028,15,73,0,0,,0,0,0,0,0,0,63.3,0,0,0,0,NEVADA,0,0,0,0,,0,0,61.8,,74.2,0,239,15,0,2,0,0,11,0,0,0,0,13,56.7
190058,Brandon Crutchfield,CB,1,0,,0,0,100,DOMINION,2,D25,16,0,0,0,1,2029,0,76.6,22,1,60.4,0,0,9,0,0,0,63.1,16,0,0,0,DOMINION,2,0,0,0,22,0,0,62.1,22,72.7,0,263,16,0,0,0,118.8,7,0,0,0,0,0,
190063,Dirrick Goodman,CB,0,0,,0,0,,DOMINION,0,D24,3,0,0,0,1,2028,0,,0,0,60,0,0,1,0,0,0,60,0,0,0,0,DOMINION,0,0,0,0,,3,,47.9,,68.5,0,263,3,0,0,0,0,2,0,0,0,0,0,
190065,Daevon Iles,S,2,0,,0,0,50,DOMINION,0,D33,15,1,0,2,1,2029,2,,59,1,65.4,0,0,12,0,0,0,60,1,0,0,0,DOMINION,0,0,0,0,59,10,,65.4,59,76.6,0,263,17,61,0,0,135.4,3,0,0,3,1,2,59.1
190078,Damyrion Darby,CB,0,0,,0,0,,S ALABAMA,0,D24,1,0,0,0,1,2029,0,,0,0,,0,0,0,0,0,0,60,0,0,0,0,S ALABAMA,0,0,0,0,,0,,60,,60,0,288,1,0,0,0,0,1,0,0,0,0,0,
190083,Ty Goodwill,S,1,0,,0,0,0,S ALABAMA,0,D22,2,1,0,0,1,2029,0,,0,0,74.3,0,1,2,0,0,0,,0,0,0,0,S ALABAMA,0,0,0,0,,1,,75.5,,66.9,0,288,2,0,0,0,0,0,0,0,0,0,0,
190099,Parker Shattuck,LB,0,0,,0,0,,S ALABAMA,0,D26,1,0,0,0,1,2029,0,,0,0,,0,0,0,0,0,0,60,0,0,0,0,S ALABAMA,0,0,0,0,,0,,60,,60,0,288,1,0,0,0,0,1,0,0,0,0,0,
190175,Bradley Shaw,LB,0,0,,0,1,,ARKANSAS,0,D07,8,8,0,0,1,2029,0,26.6,0,0,62.5,0,0,6,0,0,0,52.8,0,0,0,0,ARKANSAS,0,0,0,0,,0,50,56.5,,67.6,0,111,8,0,0,0,0,2,0,1,0,0,0,
190196,Ashton McShane,CB,7,0,,0,0,57.1,BOSTON COL,3,D35,58,1,0,0,1,2029,1,81.1,56,4,56.8,0,0,34,0,0,0,64.4,56,0,0,0,BOSTON COL,1,0,0,0,44,1,0,58.2,14,77.4,0,121,59,14,0,0,83,25,1,1,0,0,1,
190201,Omar Thornton,S,4,0,,0,1,100,BOSTON COL,9,D30,70,37,1,3,1,2029,3,73.4,32,4,63.8,0,0,41,0,0,0,80.3,0,1,0,0,BOSTON COL,4,0,2,0,10,16,8.3,73,8,76.3,0,121,73,23,0,0,100,29,1,2,17,0,3,76.6
190208,Dashawn Spears,S,0,0,,0,0,,LSU,3,D10,13,9,0,0,1,2029,0,81.6,0,0,,0,0,0,0,0,0,69.4,0,0,0,0,LSU,1,0,0,0,,0,0,69,,69.9,0,211,13,0,0,0,0,13,0,2,4,0,0,
190209,Jay'Viar Suggs,DI,0,0,2026,0,1,,LSU,1,D31,0,0,1,5,1,2026,21,43.8,0,0,,2,0,0,2,0,0,77.4,0,0,0,0,LSU,2,0,3,0,,0,33.3,90.6,,73.2,0,211,21,0,19,0,0,16,0,1,0,0,0,90.5
190212,Jaylen Brown,ED,0,0,,0,0,,MISSOURI,0,D93,0,0,0,0,1,2029,4,,0,0,,0,0,0,0,0,0,60.6,0,0,1,0,MISSOURI,0,0,0,0,,0,,40.5,,0,0,229,4,0,0,0,0,4,0,0,0,0,4,
190225,Nicholas Rodriguez,LB,0,0,,0,0,,MISSOURI,2,D20,9,9,0,2,1,2029,0,76.3,0,0,60.3,1,0,3,0,0,0,71.8,0,0,0,0,MISSOURI,1,0,1,0,,0,0,68.9,,69.5,0,229,9,0,0,0,0,4,0,0,0,0,0,56.2
190260,Tyan Milton,CB,3,0,,0,0,100,UTSA,3,D15,53,7,0,2,1,2026,1,78.2,37,3,55.4,1,0,30,0,0,0,57.7,46,0,1,1,UTSA,1,0,1,0,34,0,0,58.3,12.3,76.4,0,331,54,0,0,0,157.6,22,1,0,0,1,1,74.2
190262,Chidera Otutu,DI,0,0,,0,0,,UTSA,1,D90,0,0,0,10,1,2029,14,70.1,0,0,,1,0,0,0,10,0,67,0,0,0,0,UTSA,1,0,1,0,,0,0,71,,73.4,0,331,14,0,4,0,0,4,1,0,0,0,0,65.1
190263,Kenny Ozowalu,DI,0,0,,0,0,,UTSA,0,D94,0,0,0,4,1,2029,8,,0,0,,0,0,0,3,0,0,61.9,0,0,0,0,UTSA,0,0,0,0,,0,,67.2,,70.8,0,331,8,0,3,0,0,4,0,0,0,0,2,65.5
190264,Zechariah Robinson,DI,0,0,,0,0,,UTSA,2,D91,0,0,0,3,1,2029,6,73.5,0,0,,0,0,0,3,0,0,71.7,0,0,0,0,UTSA,2,0,0,0,,0,0,72.2,,69.6,0,331,6,0,2,0,0,3,1,0,0,0,1,57.2
190294,Jaiden Grimes,DI,0,0,,0,0,,KENNESAW,1,D60,0,0,0,8,1,2029,13,70.1,0,0,,0,0,0,0,5,0,70.9,0,0,0,0,KENNESAW,1,0,0,0,,0,0,68.7,,73.2,0,200,13,0,8,0,0,5,0,0,0,0,0,57.1
190297,Jaiden Kimble,ED,0,0,,0,0,,KENNESAW,1,D38,5,2,0,3,1,2029,0,73.1,0,0,63.9,0,0,2,0,0,0,,0,0,0,0,KENNESAW,1,0,0,0,,3,0,62.5,,71,0,200,5,0,0,0,0,0,0,0,0,0,0,56
190401,Nick Taylor,CB,1,0,,0,0,100,APP STATE,2,D19,11,0,0,0,1,2029,0,76.2,5,1,65.2,0,0,8,0,0,0,62.2,11,0,0,0,APP STATE,1,0,0,0,5,0,0,66.8,5,71.5,0,108,11,1,0,0,87.5,3,0,0,0,0,0,
190411,Eric Fletcher Jr.,CB,0,0,,0,0,,E CAROLINA,0,D13,16,1,0,0,1,2029,0,,0,0,64.8,0,0,9,0,0,0,60.9,15,0,0,0,E CAROLINA,0,0,0,0,,0,,65.2,,72,0,156,16,0,0,0,0,7,0,0,0,0,0,
190414,DeMarius Hines,S,0,0,,0,1,,E CAROLINA,1,D19,26,1,0,0,1,2029,0,41.7,0,0,64.2,0,0,17,0,0,0,58.3,0,0,0,0,E CAROLINA,1,0,0,0,,0,50,62.6,,75.7,0,156,26,0,0,0,0,9,0,0,25,0,0,
190422,Ja'Marley Riddle,S,2,1,,0,0,100,E CAROLINA,2,D22,65,32,0,0,1,2029,0,80.4,30,2,63.9,0,2,43,0,0,0,55.3,0,0,0,0,E CAROLINA,2,0,0,0,25,7,0,61.9,15,76.3,0,156,65,21,0,0,118.8,22,0,2,26,1,0,
190449,Quay'sheed Scott,CB,1,0,,0,0,100,KENTUCKY,1,D12,1,0,0,0,1,2029,0,72.5,5,1,66.6,0,0,1,0,0,0,,0,0,0,0,KENTUCKY,1,0,0,0,5,1,0,72.2,5,64.5,0,202,1,0,0,0,87.5,0,0,0,0,0,0,
190613,Quinton Hammonds,S,1,0,,0,2,0,N TEXAS,9,D39,52,40,0,1,1,2029,0,64.8,0,0,59.5,0,0,15,0,0,0,75.1,1,0,0,0,N TEXAS,6,0,0,0,,4,14.3,70,,73.4,0,251,52,0,0,1,39.6,36,0,3,7,0,0,60
190615,Nathan Laperi,ED,0,0,,0,0,,N TEXAS,0,D46,0,0,0,2,1,2029,6,,0,0,,0,0,0,4,0,0,55.1,0,0,0,0,N TEXAS,0,0,0,0,,0,,50.7,,68.8,0,251,6,0,1,0,0,4,0,0,0,0,1,58.2
190626,Gabe Stroud,CB,0,0,,0,0,,N TEXAS,0,D16,3,0,0,0,1,2029,0,,0,0,60,0,0,1,0,0,0,60,3,0,0,0,N TEXAS,0,0,0,0,,0,,60.9,,67.3,0,251,3,0,0,0,0,2,0,0,0,0,0,
190629,Jayden Williams,DI,0,0,,0,0,,N TEXAS,0,D94,0,0,0,3,1,2029,12,,0,0,,0,0,0,0,11,0,62.8,0,0,0,0,N TEXAS,0,0,0,0,,0,,62.9,,73.6,0,251,12,0,1,0,0,9,0,0,0,0,0,59
190654,Sultan Badmus,ED,0,0,,0,0,,TEMPLE,1,D55,0,0,0,9,1,2029,24,71.1,0,0,,0,0,0,5,0,0,76.2,0,0,0,0,TEMPLE,1,0,0,0,,0,0,73.5,,75.5,0,306,24,0,0,0,0,15,0,0,0,0,19,56.9
190657,Denzel Chavis,CB,0,0,,0,0,,TEMPLE,0,D31,8,2,0,0,1,2029,0,,0,0,,0,0,0,0,0,0,60,6,0,0,0,TEMPLE,0,0,0,0,,0,,61.4,,68.5,0,306,8,0,0,0,0,8,0,0,0,0,0,
190664,Adrian Laing,CB,0,0,,0,0,,TEMPLE,0,D32,3,2,0,0,1,2029,0,,0,0,,0,0,0,0,0,0,60,1,0,0,0,TEMPLE,0,0,0,0,,0,,60,,64.9,0,306,3,0,0,0,0,3,0,0,0,0,0,
190669,Khalil Poteat,ED,0,0,,0,0,,TEMPLE,1,D92,0,0,0,10,1,2027,22,71.1,0,0,,0,0,0,1,0,0,52.6,0,0,0,0,TEMPLE,1,0,0,0,,0,0,52.5,,75.9,0,306,22,0,0,0,0,12,1,0,0,0,21,57.1
190672,Russell Sykes IV,DI,0,0,,0,1,,TEMPLE,0,D52,0,0,0,0,1,2029,7,22.2,0,0,,0,0,0,0,1,0,48.8,0,0,0,0,TEMPLE,0,0,0,0,,0,100,45.7,,70.3,0,306,7,0,6,0,0,7,0,0,0,0,0,
190683,Kam Curry,DI,0,0,,0,0,,TROY,1,D93,0,0,0,22,1,2027,36,70.1,0,0,,1,0,0,0,23,0,64.7,0,0,0,0,TROY,1,0,1,0,,0,0,60.4,,76.7,0,318,36,0,13,0,0,14,0,0,0,0,0,54.6
190685,Jamel Fils-Aime,DI,0,0,,0,0,,TROY,2,D98,1,1,0,21,1,2026,40,72.1,0,0,,0,0,0,0,23,0,59.2,0,0,0,0,TROY,2,0,0,0,,0,0,57.4,,77.3,0,318,41,0,17,0,0,20,0,0,0,0,0,55.3
190727,Buddha Garrett,S,0,0,,0,0,,TULSA,1,D24,7,2,0,0,1,2029,0,76.2,0,0,64.4,0,0,3,0,0,0,60.6,0,0,0,0,TULSA,0,0,0,0,,2,0,64.6,,70.6,0,320,7,0,0,0,0,4,0,0,3,0,0,
190732,Joe Hjelle,DI,0,0,,0,1,,TULSA,0,D90,0,0,0,18,1,2027,37,22.5,0,0,,0,0,0,0,4,0,44.5,0,0,0,0,TULSA,0,0,0,0,,0,50,46.1,,76.2,0,320,37,0,33,0,0,19,0,1,0,0,0,55.7
190736,Jaxon Lee,ED,0,0,,0,0,,TULSA,0,D42,0,0,0,1,1,2029,2,,0,0,,0,0,0,0,0,0,60,0,0,0,0,TULSA,0,0,0,0,,0,,59.6,,68.3,0,320,2,0,0,0,0,1,0,0,0,0,2,59.9
190743,Dedaunte Scott,CB,0,0,,0,0,,TULSA,0,D12,3,0,0,0,1,2029,0,,0,0,62.1,0,0,3,0,0,0,,3,0,0,0,TULSA,0,0,0,0,,0,,62.7,,67.3,0,320,3,0,0,0,0,0,0,0,0,0,0,
190747,Will Smith,ED,0,0,,0,0,,TULSA,1,D20,0,0,0,5,1,2029,8,72.2,0,0,,0,0,0,0,0,0,53.4,0,1,0,0,TULSA,1,0,1,0,,0,0,61.6,,73.4,0,320,8,0,0,0,0,3,0,0,0,0,8,72
190754,Ashton Williams,S,0,0,,0,0,,TULSA,0,D15,16,2,0,0,1,2029,1,,0,0,64.6,0,0,11,0,0,0,50.1,0,0,0,0,TULSA,0,0,0,0,,12,,57.2,,75.8,0,320,17,0,0,0,0,6,0,0,2,0,1,
190755,Zach Williams,S,3,0,,0,0,66.7,TULSA,6,D18,77,56,0,0,1,2029,1,85.4,31,2,68.4,0,0,47,0,0,0,74.9,0,0,0,0,TULSA,2,0,0,0,27,15,0,71.7,15.5,77,0,320,78,5,0,0,100.7,31,0,3,6,0,1,
190820,Zavian Tibbs,DI,0,0,,0,0,,HOUSTON,0,D41,0,0,0,2,1,2028,4,,0,0,,0,0,0,2,0,0,60,0,0,0,0,HOUSTON,0,0,0,0,,0,,37.7,,68.8,0,182,4,0,2,0,0,2,0,0,0,0,0,59.4
190966,Malcolm DeWalt IV,CB,3,0,2026,0,0,33.3,AKRON,0,D17,22,1,0,0,1,2026,0,74.2,12,1,57.6,0,0,18,0,0,0,60,21,0,0,0,AKRON,0,0,0,0,12,0,0,57.9,12,73.2,0,102,22,0,0,1,46.5,4,0,1,0,0,0,
191029,Jaden Davis,ED,0,0,,0,0,,C MICHIGAN,2,D95,0,0,1,14,1,2025,24,75.2,0,0,,0,0,0,0,0,0,65,0,0,1,0,C MICHIGAN,3,0,1,0,,0,0,61.9,,0,0,134,24,0,0,0,0,10,0,0,0,0,24,66.6
191061,Owen Long,LB,2,0,,0,0,100,COLO STATE,3,D40,12,12,0,0,1,2029,0,78.7,10,2,54.8,0,0,6,0,0,0,63.5,0,0,0,0,COLO STATE,1,0,0,0,6,0,0,58.2,5,67.8,0,144,12,6,0,0,87.5,6,0,1,0,0,0,
191075,Auckland Asiata,DI,0,0,,0,1,,FRESNO ST,0,D91,0,0,0,16,1,2029,17,22.2,0,0,,1,0,0,1,0,0,59.8,0,0,0,0,FRESNO ST,0,0,1,0,,0,100,61.3,,72.5,0,169,17,0,16,0,0,1,0,0,0,0,0,63.9
191114,Erik Hehl,ED,0,0,,0,0,,UMASS,0,D52,0,0,0,0,1,2027,2,,0,0,,0,0,0,0,0,0,60,0,0,0,0,UMASS,0,0,0,0,,0,,61.9,,67.8,0,216,2,0,0,0,0,2,0,0,0,0,2,
191118,Michael Pangaro,S,0,0,,0,0,,UMASS,0,D27,4,4,0,0,1,2029,0,,0,0,,0,0,0,0,0,0,60,0,0,0,0,UMASS,0,0,0,0,,0,,60,,67.5,0,216,4,0,0,0,0,4,0,0,0,0,0,
191178,DJ Warner,ED,0,0,,0,0,,KANSAS,1,D15,1,0,0,10,1,2029,20,75.2,0,0,64,0,0,2,0,0,0,54.8,0,0,0,0,KANSAS,0,0,0,0,,1,0,56.8,,76.9,0,198,21,0,0,0,0,9,0,1,0,0,20,55.2
191186,Will Echoles,DI,0,0,,0,0,,OLE MISS,0,D52,0,0,0,4,1,2029,6,,0,0,,0,0,0,0,2,0,60,0,0,0,0,OLE MISS,0,0,0,0,,0,,58.4,,70.2,0,226,6,0,4,0,0,2,0,0,0,0,0,57.4
191212,Dexter Foster,LB,1,0,,0,1,100,OREGON ST,3,D55,38,33,0,3,1,2029,0,61.4,6,1,64,0,0,18,0,0,0,54.4,0,0,1,0,OREGON ST,2,0,0,0,6,5,14.3,53.9,6,0,0,265,38,6,0,0,91.7,17,0,3,0,0,0,55.8
191220,Shamar Meikle,ED,0,0,,0,0,,OREGON ST,0,D51,0,0,0,7,1,2029,22,72.2,0,0,60.3,1,0,2,0,0,0,50.9,0,0,0,0,OREGON ST,0,0,1,0,,0,0,56.1,,77.3,0,265,22,0,0,0,0,13,0,1,0,0,22,64.6
191232,Vernorrius Chaney,CB,0,0,,0,0,,SO MISS,0,D28,1,1,0,0,1,2027,0,,0,0,,0,0,0,0,0,0,60,0,0,0,0,SO MISS,0,0,0,0,,0,,60,,62.1,0,296,1,0,0,0,0,1,0,0,0,0,0,
191241,Chris Jones,LB,2,0,,0,1,0,SO MISS,4,D35,29,27,0,2,1,2029,1,64.5,0,0,67.6,0,0,16,0,0,0,64.3,0,0,0,0,SO MISS,1,0,0,0,,2,16.7,68.1,,74.1,0,296,30,0,0,1,39.6,12,0,1,0,0,1,58.2
191283,Jackson Baird,WR,0,0,,0,0,,BAYLOR,0,38,1,1,0,0,1,2029,0,,0,0,,0,0,0,0,0,0,60,0,0,0,0,BAYLOR,0,0,0,0,,0,,60,,64.1,0,118,1,0,0,0,0,1,0,0,0,0,0,
191329,Peyton Woodyard,S,0,0,,0,0,,OREGON,1,D12,11,4,0,0,1,2029,0,74.8,0,0,65.3,0,0,9,0,0,0,60,0,0,0,0,OREGON,0,0,0,0,,2,0,65.1,,70.1,0,264,11,0,0,0,0,2,0,0,5,0,0,
191336,Max Granville,ED,0,0,,0,0,,PENN STATE,0,D18,0,0,0,10,1,2029,10,,0,0,,0,0,0,0,0,0,,0,0,0,0,PENN STATE,0,0,0,0,,0,,53.5,,73.3,0,266,10,0,0,0,0,0,0,0,0,0,10,53.8
191339,Dejuan Lane,S,0,0,,0,1,,PENN STATE,0,D10,11,2,0,0,1,2029,0,22.3,0,0,76.1,0,0,6,0,0,0,49.6,0,0,0,0,PENN STATE,0,0,0,0,,0,100,64.4,,76.3,0,266,11,0,0,1,0,5,0,0,8,0,0,
191345,Kendall Allen,DI,0,0,,0,0,,TEXAS TECH,0,D98,0,0,0,0,1,2028,1,,0,0,,0,0,0,0,0,0,60,0,0,0,0,TEXAS TECH,0,0,0,0,,0,,60.6,,66,0,315,1,0,0,0,0,1,0,0,0,0,1,
191370,Jon Ross Maye,LB,2,0,,0,0,100,UTAH ST,8,D01,54,48,0,3,1,2025,0,82.8,24,2,66.2,1,0,22,0,0,0,55.8,0,0,0,0,UTAH ST,3,0,1,0,20,6,0,62.5,12,71.1,0,329,54,21,0,0,116.7,29,0,0,0,0,0,65.8
191375,Tanner Williams,LB,0,0,,0,0,,UTAH ST,0,D32,4,4,0,1,1,2029,0,,0,0,60,0,0,1,0,0,0,60,0,0,0,0,UTAH ST,0,0,0,0,,0,,59.7,,66.1,0,329,4,0,0,0,0,2,0,0,0,0,0,59.2
193427,Marcellus Barnes Jr.,CB,1,0,,0,0,100,SYRACUSE,1,D07,17,0,0,0,1,2028,0,76.6,21,1,70.1,0,0,12,0,0,0,60,16,0,0,0,SYRACUSE,0,0,0,0,21,1,0,70.5,21,72.9,0,304,17,6,0,0,118.8,5,0,1,0,0,0,
197628,Davien Kerr,CB,0,0,,0,0,,SYRACUSE,1,D25,7,0,0,0,1,2029,0,74.2,0,0,72.3,0,0,4,0,0,0,60,7,0,0,0,SYRACUSE,0,0,0,0,,0,0,73.8,,69.5,0,304,7,0,0,0,0,3,0,0,0,0,0,
197828,AJ Ashworth,LB,0,0,,0,0,,DOMINION,1,D44,3,3,0,0,1,2029,0,76.1,0,0,60.9,0,0,1,0,0,0,64.6,0,0,0,0,DOMINION,1,0,0,0,,0,0,70.2,,67.5,0,263,3,0,0,0,0,2,0,1,0,0,0,
52591,Phoenix Porter,LB,2,0,,0,3,100,E ILLINOIS,2,D19,44,39,0,5,1,2026,5,25.9,26,2,57.4,1,0,18,0,0,0,46.7,0,0,0,0,E ILLINOIS,1,0,1,0,14,5,42.9,51.1,13,77.1,0,158,49,31,0,0,158.3,26,0,2,0,1,5,63.3
53555,Jakari Patterson,ED,0,0,,0,0,,AUSTINPEAY,1,D23,9,9,0,4,1,2026,12,73.6,0,0,74.9,0,0,3,0,0,0,56.8,0,0,0,0,AUSTINPEAY,1,0,0,0,,0,0,69.4,,76.7,0,116,21,0,0,1,0,14,0,0,0,0,12,58.1
64332,Jordan Montgomery,S,2,0,,0,1,50,MS VLY ST,2,D22,44,20,0,2,1,2025,3,48.2,6,1,70.8,0,0,20,0,0,0,65,0,0,0,0,MS VLY ST,0,0,0,0,6,10,25,69.6,6,75.4,0,228,47,10,0,0,56.3,25,0,1,14,0,3,58.5
64572,Logan Nash,CB,0,0,,0,0,,ROB MORRIS,0,D05,2,0,0,0,1,2025,0,,0,0,60.9,0,0,2,0,0,0,,2,0,0,0,ROB MORRIS,0,0,0,0,,0,,61.5,,66,0,277,2,0,0,0,0,0,0,0,0,0,0,
64602,Shiloh Means,S,8,0,,0,0,100,PENN,6,D25,61,20,0,0,1,2025,0,84.9,101,8,54.2,0,0,35,0,0,0,54.6,0,0,0,0,PENN,0,0,0,0,31,19,0,53.9,12.6,78.7,0,267,61,22,0,1,158.3,26,0,2,22,2,0,
66271,Reggie Thomas,LB,2,0,,0,1,50,LAFAYETTE,1,D13,39,39,0,5,1,2025,0,32,19,1,32.2,0,0,12,0,0,0,53.9,0,0,0,0,LAFAYETTE,1,0,0,0,19,0,33.3,36.5,19,75.1,0,203,39,15,0,0,83.3,22,0,1,0,0,0,54.9
70465,Noah Skobis,CB,1,0,,0,0,100,MOREHEAD,1,D33,6,1,0,0,1,2026,0,75.3,3,1,72.2,0,0,6,0,0,0,,5,0,0,0,MOREHEAD,1,0,0,0,3,0,0,72.8,3,69.2,0,234,6,0,0,0,79.2,0,0,0,0,0,0,
70521,Mister Williams,LB,5,0,,0,0,80,INCAR WORD,5,D12,73,67,0,16,1,2026,6,82.1,18,4,70.1,1,0,31,0,0,0,74.6,0,1,3,0,INCAR WORD,2,2,2,0,8,6,0,64.6,4.5,0,0,189,79,24,0,1,81.7,32,1,2,0,0,6,60.5
70895,Jayden Williams,CB,1,0,,0,0,100,TEXAS STHN,2,D06,58,2,0,0,1,2026,0,76.5,2,1,71.5,0,0,21,0,0,0,66.5,45,0,0,0,TEXAS STHN,1,0,0,0,2,11,0,71.6,2,76.7,0,313,58,-1,0,0,79.2,37,0,0,0,0,0,
70950,Nehemiah Magalei,DI,0,0,,0,0,,W GEORGIA,0,D06,0,0,0,18,1,2025,49,,0,0,,0,0,0,0,21,0,54.9,0,0,0,0,W GEORGIA,0,0,0,0,,0,,55.1,,79,0,1177,49,0,28,0,0,31,0,0,0,0,0,56.5
71187,Quantraill Morris-Walker,CB,0,0,,0,0,,RICHMOND,3,D16,47,8,0,1,1,2025,2,79.7,0,0,68.2,0,1,25,0,0,0,78,0,0,0,0,RICHMOND,2,0,0,0,,39,0,73.5,,78.6,0,276,49,0,0,0,0,23,0,1,0,0,2,60
71429,Syrr Barnes,LB,1,0,,0,1,100,IDAHO,0,D10,8,8,0,0,1,2025,0,20.7,10,1,57,0,0,2,0,0,0,49.5,0,0,0,0,IDAHO,0,0,0,0,10,0,100,33,10,68.7,0,185,8,0,0,0,108.3,6,0,0,0,0,0,
72159,Josh Alford,CB,6,0,,0,0,66.7,IDAHO ST,5,D01,49,7,0,0,1,2025,1,80.7,44,4,71.5,0,0,20,1,0,0,69.6,40,0,0,0,IDAHO ST,0,0,0,0,26,2,0,72.7,11,75.4,0,186,50,5,0,1,88.2,30,0,0,0,0,0,
72160,Dillon Towles-Kendle,CB,2,0,,0,0,100,PRESBYTERN,1,D02,16,0,0,0,1,2026,0,73.5,10,2,56.9,0,0,13,0,0,0,60,16,0,1,0,PRESBYTERN,0,0,0,0,7,0,0,57.1,5,72.8,0,271,16,0,0,0,87.5,3,0,0,0,0,0,
72496,Shamar Hawkins,S,0,0,,0,0,,JACKSON ST,1,D25,12,3,0,0,1,2026,0,75.1,0,0,61.5,0,0,5,0,0,0,69.9,1,0,0,0,JACKSON ST,1,0,0,0,,8,0,67.4,,72.4,0,194,12,0,0,0,0,7,0,0,0,0,0,
72813,Nick Veloz,LB,2,0,,0,2,100,ELON,6,D10,72,68,0,3,1,2026,2,58,-1,2,67.6,0,0,26,0,0,0,73.8,0,0,0,0,ELON,4,0,0,0,6,4,18.2,74.6,-0.5,75.7,0,162,74,6,0,0,79.2,45,2,3,0,0,2,67.6
72828,Semaj Williams,CB,1,0,,0,0,100,ST FRANCIS,1,D20,24,3,0,0,1,2026,0,73.5,14,1,58.5,0,0,13,0,0,0,69.6,21,0,0,0,ST FRANCIS,1,0,0,0,14,0,0,62.4,14,73.5,0,299,24,7,0,0,118.8,11,0,0,0,0,0,
72947,Max Franco,CB,9,0,,0,2,55.6,VALPO,3,D05,72,6,0,0,1,2025,0,40.1,52,5,62.5,0,0,47,0,0,0,63.8,62,0,0,0,VALPO,1,0,0,0,24,3,33.3,63.1,10.4,76.8,0,332,72,9,0,1,109.5,25,0,1,1,1,0,
73191,Lando Brown,ED,0,0,,0,1,,SO UTAH,2,D44,0,0,1,24,1,2026,38,55,0,0,60,2,0,0,0,0,0,69.1,0,0,1,0,SO UTAH,1,0,3,0,,0,33.3,63.5,,0,0,298,38,0,0,0,0,14,0,0,0,0,38,68.1
73245,Joseph Obeto,CB,2,0,,0,0,50,STTHOM,0,D06,42,2,0,1,1,2027,2,,9,1,54.2,1,0,24,0,0,0,54.4,38,0,1,0,STTHOM,0,0,1,0,9,2,,48.7,9,0,0,1129,44,0,0,0,62.5,19,0,0,0,0,2,59.1
73500,Rickie Davis Jr.,CB,0,0,,0,1,,CHATTNOOGA,0,D30,9,0,0,0,1,2028,0,21.8,0,0,62.8,0,0,4,0,0,0,44.8,0,0,0,0,CHATTNOOGA,0,0,0,0,,9,100,53.5,,73.7,0,137,9,0,0,0,0,5,0,0,0,0,0,
73501,Jackson Fischer,CB,1,0,,0,0,100,PRINCETON,1,D31,17,3,0,0,1,2025,0,73.1,14,1,45.6,0,0,7,0,0,0,64.3,14,0,0,0,PRINCETON,1,0,0,0,14,0,0,49.6,14,71.4,0,272,17,0,0,0,158.3,10,0,0,0,1,0,
73609,Trent Whalen,LB,8,0,,0,1,75,SO UTAH,6,D07,48,46,0,1,1,2026,0,60.4,51,6,39.3,0,0,32,0,0,0,74.4,1,1,2,0,SO UTAH,4,0,1,0,11,1,12.5,44.8,8.5,0,0,298,48,42,0,0,130.7,15,1,1,0,1,0,59.8
73776,Jalen Williams,S,1,0,,0,0,0,SACRAMENTO,4,D07,25,7,0,0,1,2026,0,84.2,0,0,63.1,0,0,16,0,0,0,75.6,1,0,0,0,SACRAMENTO,1,0,0,0,,7,0,68.6,,74.4,0,279,25,0,0,0,39.6,9,0,1,10,0,0,
73825,Maurice Wilmer,LB,0,0,,0,0,,LIUSHAR,1,D25,17,16,0,0,1,2025,0,73.1,0,0,63.3,0,0,10,0,0,0,69.3,1,0,0,0,LIUSHAR,0,0,0,0,,0,0,69.1,,72.8,0,1298,17,0,0,0,0,7,0,0,0,0,0,
73850,McKel Broussard,S,2,0,,0,1,0,E WASHGTON,3,D29,25,18,0,0,1,2027,1,48.1,0,0,81.4,0,1,12,0,0,0,59.8,0,0,0,0,E WASHGTON,1,0,0,0,,2,25,75.6,,73.2,0,161,26,0,0,0,0,14,0,0,5,0,1,
73955,Adrian Rodriguez,LB,6,0,,0,0,100,IDAHO ST,3,D00,55,45,0,4,1,2026,7,81.3,63,6,39.4,0,0,30,0,0,1,43.5,0,0,0,0,IDAHO ST,1,0,0,0,15,10,0,37.2,10.5,78.9,0,186,62,55,0,0,110.4,28,0,2,0,0,7,56.5
75271,William Barber,S,7,0,,0,0,28.6,ROB MORRIS,4,D13,52,7,0,0,1,2025,0,80.3,16,2,61.1,0,0,29,0,0,0,67.7,1,0,0,0,ROB MORRIS,1,0,0,0,9,40,0,63.4,8,77.5,0,277,52,3,0,0,39.6,23,0,0,4,0,0,
75285,Aneesh Vyas,DI,0,0,,0,0,,BUCKNELL,3,D90,0,0,0,17,1,2026,54,75.4,0,0,,0,0,0,2,27,0,65.4,0,0,0,0,BUCKNELL,1,0,0,0,,0,0,68,,77.6,0,125,54,0,25,0,0,37,0,2,0,0,0,67.5
76089,Kylyn Macklin,ED,0,0,,0,1,,MOREHEAD,1,D07,0,0,0,17,1,2027,31,48.5,0,0,,2,0,0,16,0,0,78,0,0,0,0,MOREHEAD,1,0,2,0,,0,25,68.6,,74.3,0,234,31,0,7,0,0,14,0,2,0,0,8,52.4
76319,Jaylan Wesley,CB,7,0,,1,1,42.9,LNDNWD,5,D05,57,0,1,1,1,2026,0,61.6,29,3,71.2,0,0,44,0,0,0,50.4,55,0,0,0,LNDNWD,1,0,1,0,14,2,16.7,71.6,9.7,76.7,0,949,57,3,0,0,94.6,12,0,0,0,1,0,77.1
76423,Michelangelo Loretto,ED,0,0,,0,0,,ROB MORRIS,0,D44,1,1,0,1,1,2026,0,,0,0,,0,0,0,0,0,0,,0,0,0,0,ROB MORRIS,0,0,0,0,,0,,59.8,,64.2,0,277,1,0,0,0,0,0,0,0,0,0,0,59.6
76777,Isaiah Watson,CB,4,0,,0,0,50,MAINE,4,D28,51,2,0,0,1,2025,0,79,23,2,69,0,0,24,0,0,0,69.1,47,0,0,0,MAINE,1,0,0,0,18,1,0,70.5,11.5,76.2,0,212,51,8,0,1,67.7,27,0,0,1,0,0,
77809,Jaylen Jackson,LB,0,0,,0,0,,MCNEESE,0,D10,1,1,0,0,1,2025,0,73.1,0,0,,0,0,0,0,0,0,65.7,0,0,0,0,MCNEESE,0,0,0,0,,0,0,75.4,,64.2,0,217,1,0,0,0,0,1,0,1,0,0,0,
78693,Darrell Bryant Jr.,S,4,0,,0,1,100,N COLORADO,3,D33,46,22,0,0,1,2027,0,66.3,54,4,55.3,0,0,23,0,0,0,68,0,0,0,0,N COLORADO,0,0,0,0,18,23,11.1,59.8,13.5,75,0,253,46,36,0,1,118.8,23,0,5,1,0,0,
79147,Gregory Young II,S,5,0,,0,1,80,MORGAN ST,3,D21,63,5,0,1,1,2025,0,56.6,82,4,42.8,0,0,30,0,0,0,55.5,1,0,0,0,MORGAN ST,1,0,0,0,49,4,20,45.4,20.5,76.9,0,235,63,28,0,0,158.3,32,0,1,53,1,0,60
79205,Steven Shaw,DI,0,0,,0,1,,PRVIEW A&M,0,D11,2,1,0,23,1,2025,30,16.2,0,0,,0,0,0,1,0,0,41.3,0,0,0,0,PRVIEW A&M,0,0,0,0,,0,100,43.6,,74.6,0,270,32,0,24,0,0,9,0,0,0,0,5,53.4
79526,Brandon Lopes,LB,2,0,,0,2,100,MS VLY ST,3,D45,32,29,0,2,1,2025,5,42.8,24,2,55.8,0,0,18,0,0,0,68.1,0,0,0,0,MS VLY ST,2,0,0,0,14,3,25,60.8,12,72.5,0,228,37,12,0,0,116.7,17,0,3,0,0,5,58.7
81291,Ahmad McCullough,LB,2,0,,0,0,100,MORGAN ST,3,D04,34,27,0,6,1,2025,7,80.9,21,2,49.8,0,0,11,0,0,0,39.5,0,1,0,0,MORGAN ST,1,0,1,0,11,7,0,46.7,10.5,78.5,0,235,41,7,0,0,110.4,24,0,3,0,0,7,75.5
82492,Davin Cotton,DI,0,0,,0,0,,SOUTHERN U,2,D94,1,1,0,20,1,2025,27,73.6,0,0,60,0,0,0,2,1,0,65.4,0,0,1,0,SOUTHERN U,0,0,0,0,,0,0,56.4,,0,0,297,28,0,24,0,0,8,0,1,0,0,0,59.1
83131,Kaleb Dawson,S,0,0,,0,0,,ALAB A&M,8,D02,49,24,0,1,1,2025,12,84.9,0,0,80.6,0,0,21,0,0,0,66,0,0,0,0,ALAB A&M,2,0,0,0,,5,0,76,,78.2,0,104,61,0,0,0,0,39,0,1,20,0,12,60
83411,Xavier Lanier,CB,3,0,,0,0,33.3,SAMFORD,1,D04,61,8,0,0,1,2025,0,73.5,27,1,62.7,0,0,20,0,0,0,65.8,53,0,0,0,SAMFORD,0,0,0,0,27,0,0,64.4,27,75.9,0,282,61,0,0,0,67.4,41,0,0,0,0,0,
83890,Keith Gallmon Jr.,S,0,0,,0,0,,AUSTINPEAY,5,D00,52,27,0,2,1,2025,1,82.6,0,0,69.3,0,0,21,0,0,0,76.2,1,0,0,0,AUSTINPEAY,2,0,0,0,,17,0,73.6,,76.5,0,116,53,0,0,0,0,30,1,0,7,0,1,59.9
85688,Tienne Fridge,S,3,0,,0,0,33.3,E ILLINOIS,0,D08,19,5,0,1,1,2026,4,,16,1,66.4,0,0,7,0,0,0,62.9,0,0,0,0,E ILLINOIS,0,0,0,0,16,14,,66.5,16,76.8,0,158,23,1,0,1,52.1,15,0,0,0,0,4,59.8
85902,Khalani Riddick,S,2,0,,0,1,100,SE MO ST,2,D07,63,41,0,0,1,2026,0,51.7,39,2,61.5,0,0,33,0,0,0,65.7,0,0,0,0,SE MO ST,1,0,0,0,25,16,25,63.5,19.5,75.4,0,293,63,46,0,0,158.3,30,0,1,5,2,0,
87045,Davion Ross,S,2,0,,0,0,100,SACRAMENTO,2,D24,21,3,0,0,1,2026,0,78.2,16,2,65.3,0,0,12,0,0,0,53,0,0,0,0,SACRAMENTO,1,0,0,0,13,17,0,62.5,8,75.1,0,279,21,11,0,0,100,9,0,0,0,0,0,
87913,Kenneth Shaffner,ED,0,0,,0,0,,MOREHEAD,2,D38,0,0,1,16,1,2025,20,77,0,0,,0,0,0,0,0,0,67.4,0,0,0,0,MOREHEAD,3,0,1,0,,0,0,70.1,,76.8,0,234,20,0,0,0,0,4,1,0,0,0,20,64.9
88349,Darrien Sampson,CB,2,0,,0,1,50,E WASHGTON,1,D08,32,0,0,0,1,2025,0,42.6,13,1,62.4,0,0,18,0,0,0,53.7,29,0,0,0,E WASHGTON,0,0,0,0,13,3,50,60.5,13,75,0,161,32,0,0,0,70.8,14,0,0,0,0,0,
89147,Iverson Brown,S,0,0,,0,0,,S ILLINOIS,2,D01,65,40,0,0,1,2025,0,78.7,0,0,66.4,0,0,26,0,0,0,61.3,0,0,0,0,S ILLINOIS,0,0,0,0,,8,0,64.9,,76.1,0,295,65,0,0,0,0,39,0,0,17,0,0,
90709,Sebastian Conwell,LB,3,0,,0,2,33.3,PRESBYTERN,5,D30,50,34,0,9,1,2026,4,47.2,21,1,64.2,0,0,31,0,0,0,57.5,0,1,0,0,PRESBYTERN,3,0,1,0,21,16,28.6,62.5,21,77,0,271,54,6,0,0,59,14,0,0,0,0,4,59
91547,Joshua Hong,S,0,0,,0,2,,SAN DIEGO,2,D16,53,25,0,1,1,2025,2,35.7,0,0,72.1,0,0,15,0,0,0,51.1,0,0,0,0,SAN DIEGO,2,0,0,0,,22,40,62.6,,75.2,0,283,55,0,0,0,0,39,0,1,5,0,2,59.4
97088,Mark Aitken,S,2,0,,0,0,100,E ILLINOIS,2,D02,40,9,0,0,1,2025,0,81.5,56,2,40.5,0,0,20,0,0,0,67.5,1,0,2,0,E ILLINOIS,0,0,0,0,53,5,0,43.9,28,0,0,158,40,22,0,0,118.8,20,0,1,25,0,0,
97138,Randy Jordan,CB,3,0,,0,1,33.3,HAMPTON,2,D22,32,2,0,1,1,2025,0,78.8,5,1,68.2,0,0,19,0,0,0,64.9,24,0,0,0,HAMPTON,1,0,0,0,5,6,25,68.5,5,74.4,0,178,32,1,0,0,42.4,12,0,1,0,0,0,59
97240,Caleb Blake,CB,2,0,,0,0,0,BETH COOK,2,D30,37,3,0,0,1,2025,0,76.3,0,0,81.5,0,0,17,0,0,0,60.9,0,0,0,0,BETH COOK,0,0,0,0,,34,0,77.7,,78.1,0,119,37,0,0,2,39.6,20,0,0,0,0,0,
97347,Keevan Bailey,CB,4,0,,0,0,50,CAMPBELL,3,D05,57,3,0,0,1,2025,0,77.9,15,2,73.3,0,0,38,0,0,0,66,52,0,0,0,CAMPBELL,2,0,0,0,8,2,0,73.7,7.5,76.9,0,131,57,0,0,1,59.4,19,0,0,0,0,0,
97418,KJ Coleman,S,1,0,,0,3,100,W ILLINOIS,3,D12,54,33,0,0,1,2025,0,26.6,17,1,61.4,0,0,20,0,0,0,41.6,0,0,0,0,W ILLINOIS,1,0,0,0,17,7,50,52.7,17,75.8,0,345,54,16,0,0,118.8,34,0,0,14,0,0,
97479,Cam Sims,CB,7,0,,0,1,42.9,E TENN ST,2,D06,52,3,0,0,1,2025,0,37.7,36,3,70.2,0,0,26,0,0,0,46.9,48,0,0,0,E TENN ST,0,0,0,0,25,0,33.3,66.1,12,76.2,0,157,52,0,0,3,59.2,26,0,0,1,0,0,
97527,Thomas Joe-Kamara,S,3,0,,0,0,66.7,ALBANY,5,D07,56,39,0,1,1,2026,0,82.4,11,2,74.5,1,0,29,0,0,0,62.3,0,0,0,0,ALBANY,1,0,1,0,6,16,0,72.2,5.5,77.5,0,106,56,0,0,0,72.9,26,0,0,1,0,0,59.6
97528,Kanyon Walker,LB,1,0,,0,0,100,MURRAY ST,6,D34,39,39,0,2,1,2025,0,82.5,9,1,55.3,0,0,12,0,0,0,81.1,0,0,0,0,MURRAY ST,4,0,0,0,9,0,0,71.5,9,73.3,0,236,39,2,0,0,143.8,25,1,2,0,1,0,57.9
97698,Mateo Sudipo,S,5,0,,0,0,40,W CAROLINA,2,D01,20,13,0,0,1,2026,0,81.3,66,2,29.6,0,0,11,0,0,0,56.9,0,0,0,0,W CAROLINA,1,0,0,0,39,5,0,30.1,33,73.3,0,344,20,8,0,0,87.5,9,0,2,2,0,0,
97708,Steve Lubischer,LB,1,0,,0,2,100,BRYANT,0,D31,6,6,0,0,1,2025,0,18.1,15,1,49.6,0,0,2,0,0,0,43.9,0,0,0,0,BRYANT,0,0,0,0,15,0,100,29.4,15,69.8,0,124,6,20,0,0,158.3,4,0,0,0,1,0,
97728,Raquon Hartley,LB,2,0,,0,0,50,GARD-WEBB,1,D14,9,2,0,2,1,2025,1,76.9,2,1,53.5,1,0,6,0,0,0,67.9,0,0,0,0,GARD-WEBB,1,0,1,0,2,7,0,58.5,2,71.4,0,171,10,7,0,0,56.3,2,0,0,0,0,1,57.6
97894,Tavier Williams,S,0,0,,0,1,,MO STATE,1,D07,14,1,0,0,1,2025,0,44.4,0,0,61.6,0,0,14,0,0,0,,0,0,0,0,MO STATE,0,0,0,0,,0,33.3,61.7,,73.9,0,230,14,0,0,0,0,0,0,1,13,0,0,
97906,Jaylon Sharpe,LB,6,1,,0,1,66.7,TENN MARTN,4,D09,72,71,0,10,1,2025,0,54.2,31,4,75.8,1,1,47,0,0,0,69.8,0,0,1,0,TENN MARTN,1,0,1,0,16,1,16.7,74.3,7.8,0,0,310,72,19,0,0,39.6,15,0,1,0,0,0,65.6
97913,Darius Gooden,CB,1,0,,0,1,0,HAMPTON,0,D03,31,3,0,0,1,2025,2,27.3,0,0,58.5,0,0,22,0,0,0,61.4,28,0,0,0,HAMPTON,0,0,0,0,,0,100,59.3,,75.8,0,178,33,0,0,0,39.6,11,0,0,0,0,2,
97921,Allen Smith,ED,0,0,,0,0,,FL A&M,1,D23,2,2,0,16,1,2025,35,71.1,0,0,60,1,0,1,1,0,0,68.2,0,0,0,0,FL A&M,1,0,1,0,,0,0,70.9,,77.7,0,164,37,0,0,0,0,20,1,0,0,0,34,66.9
97947,Allen Walker,ED,0,0,,0,0,,JACKSON ST,3,D11,4,1,0,7,1,2025,26,77.6,0,0,60.7,1,0,3,0,0,0,80.8,0,0,0,0,JACKSON ST,3,0,1,0,,3,0,77.3,,78.9,0,194,30,0,0,0,0,20,0,0,0,0,26,61.3
97978,Malachi Burby,DI,0,0,,0,2,,RHODE ISLD,0,D15,0,0,0,27,1,2025,41,22.6,0,0,,3,0,0,11,0,0,66.1,0,0,0,0,RHODE ISLD,0,0,3,0,,0,100,56.6,,76.7,0,274,41,0,12,0,0,14,0,0,0,0,18,50.5
98129,Thomas Brunner,ED,0,0,,0,1,,W ILLINOIS,1,D98,0,0,0,17,1,2025,44,75.2,0,0,60.1,1,0,0,4,0,0,63.6,0,0,0,0,W ILLINOIS,0,0,1,0,,0,33.3,64.2,,77.7,0,345,44,0,0,0,0,27,0,1,0,0,40,59.4
98158,Jacoby Sharpe,DI,0,0,,0,0,,HAMPTON,0,D93,0,0,0,7,1,2026,8,,0,0,,0,0,0,0,1,0,60,0,0,0,0,HAMPTON,0,0,0,0,,0,,57.7,,70.4,0,178,8,0,7,0,0,1,0,0,0,0,0,57.1
98338,Dorian Wesley,DI,0,0,,0,0,,ALAB A&M,1,D93,1,1,0,15,1,2026,40,70.2,0,0,,0,0,0,0,0,0,64.6,0,0,0,0,ALAB A&M,1,0,0,0,,0,0,62.8,,76,0,104,41,0,40,0,0,26,1,0,0,0,0,56.3
98456,Izaiah Henderson,DI,0,0,,0,0,,MAINE,1,D92,0,0,0,10,1,2025,17,70.2,0,0,,0,0,0,0,2,0,70.6,0,0,0,0,MAINE,1,0,0,0,,0,0,67.2,,73.2,0,212,17,0,15,0,0,7,0,0,0,0,0,56.5
98549,Dallaz Corbitt,ED,0,0,,0,0,,BETH COOK,5,D09,0,0,0,19,1,2026,41,77.6,0,0,60,1,0,0,5,0,0,65,0,0,0,0,BETH COOK,2,0,1,0,,0,0,66.2,,77.5,0,119,41,0,0,0,0,22,0,1,0,0,36,62.2
98892,Stacy Brown,S,1,0,,0,0,0,PRVIEW A&M,2,D01,30,10,0,0,1,2025,0,78.7,0,0,67.8,0,0,25,0,0,0,63.8,0,0,0,0,PRVIEW A&M,0,0,0,0,,3,0,68.5,,76.3,0,270,30,0,0,0,39.6,5,0,0,17,0,0,
99007,Kameron Brown,LB,2,0,,0,1,50,CHATTNOOGA,2,D05,23,21,0,2,1,2025,1,45.5,5,1,45.4,0,0,11,0,0,0,77.4,0,1,1,0,CHATTNOOGA,1,0,1,0,5,2,25,50.9,5,0,0,137,24,0,0,0,56.3,11,0,1,0,0,1,59.3
99320,Myron Warren,DI,0,0,,0,0,,INCAR WORD,3,D90,0,0,0,26,1,2026,42,73.4,0,0,,0,0,0,1,9,0,72.7,0,1,0,0,INCAR WORD,3,0,1,0,,0,0,72.2,,76.1,0,189,42,0,32,0,0,16,1,0,0,0,0,63.7
99334,Tre'Jon Lewis,DI,0,0,,0,0,,E ILLINOIS,1,D09,0,0,0,22,1,2025,43,72.4,0,0,,0,0,0,0,10,0,58.5,0,0,0,0,E ILLINOIS,0,0,0,0,,0,0,56.9,,77,0,158,43,0,33,0,0,21,0,1,0,0,0,55
99379,Na'Drian Dizadare,LB,0,0,,0,0,,TENN MARTN,0,D16,3,3,0,0,1,2026,0,,0,0,,0,0,0,0,0,0,62.3,0,0,0,0,TENN MARTN,0,0,0,0,,0,,64.4,,67.2,0,310,3,0,0,0,0,3,0,0,0,0,0,
99389,Aric Horne,LB,1,0,,0,1,100,FL A&M,4,D05,44,29,0,1,1,2025,0,58.5,11,1,60.1,0,0,17,0,0,0,61.9,0,0,0,0,FL A&M,2,0,0,0,11,15,16.7,60.9,11,73.5,0,164,44,7,0,0,112.5,26,0,1,0,0,0,59
99762,Raymond Woodie III,S,0,0,,0,0,,BETH COOK,3,D01,32,13,0,0,1,2025,0,79.5,0,0,66.6,0,0,16,0,0,0,54.6,0,0,0,0,BETH COOK,0,0,0,0,,2,0,62.5,,73.3,0,119,32,0,0,0,0,16,0,0,17,0,0,
99817,Chayce Chalmers,S,2,0,,0,0,50,STNY BROOK,4,D08,14,9,0,19,1,2026,43,79,5,1,91.1,0,1,15,0,0,0,64.3,0,0,0,0,STNY BROOK,2,0,0,0,5,3,0,79.3,5,80.5,0,303,57,4,0,0,16.7,23,0,0,2,0,43,53.3
99831,Tru Thompson,DI,0,0,,0,0,,JACKSON ST,0,D04,0,0,1,17,1,2025,34,72.9,0,0,,0,0,0,20,2,0,75.4,0,0,0,0,JACKSON ST,1,0,1,0,,0,0,71.8,,74.4,0,194,34,0,12,0,0,17,0,1,0,0,0,59.3
99850,Curtis Fann Jr.,ED,0,0,,0,0,,W CAROLINA,1,D06,1,1,0,23,1,2025,46,74,0,0,60,0,0,1,27,0,0,74.9,0,0,0,0,W CAROLINA,0,0,0,0,,0,0,66.2,,77.2,0,344,47,0,1,0,0,23,0,1,0,0,18,52.5
100283,Corry Thomas Jr.,CB,0,0,,0,1,,IDAHO,4,D00,36,5,0,0,1,2025,0,53.9,0,0,60.9,0,0,15,0,0,0,62.3,26,0,0,0,IDAHO,2,0,0,0,,5,20,61.7,,74.1,0,185,36,0,0,0,0,21,0,0,0,0,0,
100329,Michael Newman,LB,0,0,,0,0,,W ILLINOIS,0,D10,1,1,0,0,1,2025,1,,0,0,,0,0,0,0,0,0,60,0,0,0,0,W ILLINOIS,0,0,0,0,,0,,35.9,,67.4,0,345,2,0,0,0,0,2,0,0,0,0,1,
100332,Charles Brown Jr.,LB,3,0,,0,0,66.7,DELWARE ST,1,D00,36,31,0,2,1,2026,2,76.1,14,2,41.8,0,0,23,0,0,0,65.2,0,0,0,0,DELWARE ST,1,0,0,0,12,4,0,47.1,7,75,0,152,38,12,0,0,116.7,13,0,1,0,1,2,60
100336,Julian Richardson,ED,1,0,,0,0,100,W GEORGIA,5,D03,0,0,0,14,1,2025,47,78.2,6,1,51.6,0,0,3,12,0,0,69.7,0,0,0,0,W GEORGIA,3,0,0,0,6,0,0,62.4,6,78,0,1177,47,2,1,0,91.7,30,1,1,0,0,34,54.4
100380,K.J. Trujillo,CB,2,0,,0,0,50,IDAHO,2,D03,49,3,0,1,1,2025,3,78.5,6,1,67.1,0,0,16,0,0,0,62.9,45,0,0,0,IDAHO,0,0,0,0,6,1,0,66.5,6,77.4,0,185,52,0,0,0,56.3,35,0,1,0,0,3,60
100394,LaCarea Pleasant-Johnson,CB,2,0,,0,0,100,SO UTAH,2,D31,29,1,0,0,1,2025,0,76.2,30,2,63.4,0,0,18,0,0,0,62.5,27,0,0,0,SO UTAH,0,0,0,0,15,1,0,64.1,15,74.7,0,298,29,1,0,0,118.8,11,0,0,0,0,0,
100437,Stephon Wright,ED,0,0,,0,1,,TEXAS STHN,2,D01,0,0,0,5,1,2027,21,45,0,0,,0,0,0,1,3,0,64.9,0,0,0,0,TEXAS STHN,2,0,0,0,,0,33.3,63.7,,76.4,0,313,21,0,0,0,0,16,0,0,0,0,17,56.5
100442,Parker Jacobs,ED,0,0,,0,0,,ROB MORRIS,1,D94,0,0,0,12,1,2026,27,73.6,0,0,,0,0,0,5,0,0,65.3,0,0,0,0,ROB MORRIS,0,0,0,0,,0,0,62.7,,75.3,0,277,27,0,0,0,0,15,0,1,0,0,22,56.1
100486,Ruperake Fuavai,ED,0,0,,0,0,,HOUCHR,1,D06,13,6,0,6,1,2025,34,77.6,0,0,66.6,0,0,16,0,0,0,60.6,0,0,0,0,HOUCHR,1,0,0,0,,7,0,64,,80.6,0,183,47,0,0,0,0,25,0,2,0,0,34,56.3
100498,Adam Cohen,LB,4,0,,0,0,100,E WASHGTON,5,D32,31,27,0,4,1,2025,18,81.6,39,4,48.2,0,0,20,0,0,0,61.9,0,0,0,0,E WASHGTON,3,0,0,0,18,4,0,55.3,9.8,76.7,0,161,49,23,0,0,107.3,25,1,2,0,0,18,66.3
100502,Hayden Harris,ED,0,0,2025,0,0,,MONTANA,3,D48,0,0,0,20,1,2025,35,75.9,0,0,,0,0,0,23,0,0,78,0,0,2,0,MONTANA,3,0,0,0,,0,0,60.6,,0,0,232,35,0,4,0,0,15,2,1,0,0,8,57.8
100560,Orin Patu,ED,0,0,,0,2,,BETH COOK,0,D11,0,0,0,14,1,2025,32,23.1,0,0,,1,0,0,1,0,0,40,0,0,0,0,BETH COOK,0,0,1,0,,0,66.7,41.8,,78.2,0,119,32,0,0,0,0,18,0,1,0,0,31,54.7
100694,Juju Williams,ED,0,0,,0,0,,NC CENT,1,D99,0,0,0,12,1,2025,23,73.7,0,0,60.1,2,0,2,1,0,1,56.5,0,2,0,0,NC CENT,1,0,4,0,,0,0,64.1,,75.6,0,247,23,0,1,0,0,9,1,1,0,0,21,68.6
100719,Jalen Rudolph,DI,0,0,,0,0,,GRAMBLING,1,D94,0,0,0,12,1,2026,19,70.2,0,0,,0,0,0,0,0,0,67.3,0,0,0,0,GRAMBLING,1,0,0,0,,0,0,62.9,,73.1,0,177,19,0,19,0,0,7,1,0,0,0,0,55.1
100926,Jayden Curry,S,0,0,,0,0,,MAINE,0,D17,2,1,0,0,1,2026,0,,0,0,,0,0,0,0,0,0,60,0,0,0,0,MAINE,0,0,0,0,,0,,60,,63.8,0,212,2,0,0,0,0,2,0,0,1,0,0,
100954,Kam'ron Green,ED,0,0,,0,0,,N ALABAMA,0,D00,0,0,0,3,1,2026,6,,0,0,,0,0,0,1,0,0,49.4,0,0,0,0,N ALABAMA,0,0,0,0,,0,,40.3,,70.7,0,389,6,0,0,0,0,3,0,0,0,0,5,58.1
101346,Sawyer Merrill,WR,0,0,,0,0,,SACRAMENTO,0,15,1,0,0,0,1,2025,0,,0,0,,0,0,0,0,0,0,60,0,0,0,0,SACRAMENTO,0,0,0,0,,0,,60,,60,0,279,1,0,0,0,0,1,0,0,0,0,0,
101391,Matt Guggemos,S,2,0,,0,1,0,STTHOM,1,D25,26,3,0,3,1,2025,2,38.3,0,0,75,1,0,18,0,0,0,61.2,0,0,0,0,STTHOM,1,0,1,0,,22,50,74.7,,77,0,1129,28,0,0,1,39.6,7,0,0,1,0,2,61.8
101414,Dontay Hunter II,ED,0,0,,0,0,,PRVIEW A&M,1,D12,0,0,0,8,1,2025,13,71.3,0,0,,1,0,0,3,0,0,68.4,0,0,0,0,PRVIEW A&M,1,0,1,0,,0,0,69.8,,73,0,270,13,0,0,0,0,5,0,0,0,0,10,62.1
101444,Mosai Newsom,DI,0,0,,0,0,,S DAKOTA,1,D52,0,0,0,21,1,2026,52,72.2,0,0,,0,0,0,0,5,0,66.3,0,0,0,0,S DAKOTA,1,0,0,0,,0,0,63.2,,77.1,0,291,52,0,47,0,0,31,0,1,0,0,0,54.9
101454,Joseph Appiah Darkwa,DI,0,0,,0,0,,CAMPBELL,0,D18,0,0,0,12,1,2026,19,,0,0,,0,0,0,4,4,0,63.6,0,0,0,0,CAMPBELL,0,0,0,0,,0,,67.5,,74.2,0,131,19,0,11,0,0,7,0,0,0,0,0,65.3
101467,Garrett Hustedt,LB,0,0,,0,1,,MONTANA,1,D56,5,5,0,9,1,2025,9,35.9,0,0,60,1,0,0,0,0,0,58.8,0,0,0,0,MONTANA,0,0,1,0,,0,50,62.3,,75.9,0,232,14,0,0,0,0,5,0,0,0,0,9,61.4
101493,Cortez Andrews,LB,2,0,,0,1,100,ALAB A&M,8,D10,62,56,0,4,1,2026,0,69.6,21,2,63.3,0,0,19,0,0,0,67.2,0,0,0,0,ALAB A&M,5,0,0,0,22,6,7.7,66.5,10.5,76.4,0,104,62,21,0,0,110.4,39,2,4,0,0,0,56.7
101780,Mohamed Bakayoko,ED,0,0,,0,0,,ALAB A&M,0,D38,0,0,0,3,1,2025,10,,0,0,,0,0,0,0,0,0,61.3,0,0,0,0,ALAB A&M,0,0,0,0,,0,,59.8,,74.2,0,104,10,0,0,0,0,7,0,0,0,0,10,56.8
101802,Zach West,ED,0,0,,0,0,,E TENN ST,1,D04,3,2,1,14,1,2025,27,77.7,0,0,,0,0,0,0,0,0,67.3,0,0,0,0,E TENN ST,0,0,1,0,,0,0,65.3,,77.5,0,157,30,0,0,0,0,16,0,2,0,0,27,59.3
101806,Erek Campbell,LB,1,0,,0,2,0,MS VLY ST,9,D28,58,55,0,1,1,2025,0,50,0,0,65.1,0,0,27,0,0,0,66,0,0,1,0,MS VLY ST,5,1,0,0,,1,18.2,62.9,,0,0,228,58,0,0,0,39.6,30,1,0,2,0,0,59.5
101861,Jaylen Stanford,S,4,0,,0,0,100,PRVIEW A&M,1,D31,20,6,0,1,1,2026,1,73.1,85,4,50.6,1,0,14,0,0,0,61,0,0,0,0,PRVIEW A&M,0,0,1,0,49,14,0,54.5,21.3,73,0,270,21,30,0,0,158.3,6,0,0,0,1,1,60
101892,Marquez Casey,DI,0,0,,0,0,,AUSTINPEAY,0,D93,0,0,0,29,1,2025,56,70.2,0,0,,0,0,0,12,0,0,62.2,0,0,0,0,AUSTINPEAY,0,0,0,0,,0,0,59.1,,77.3,0,116,56,0,32,0,0,27,0,1,0,0,12,54.4
101911,Rushawn Lawrence,DI,0,0,,0,0,,STNY BROOK,0,D09,0,0,1,23,1,2026,39,73.1,0,0,,2,0,0,30,0,0,73.7,0,0,0,0,STNY BROOK,1,0,3,0,,0,0,72.6,,75.1,0,303,39,0,5,0,0,16,0,1,0,0,4,64.2
101952,Brock Harrison,ED,0,0,,0,1,,E WASHGTON,0,D04,3,3,0,15,1,2025,40,19.3,0,0,,0,0,0,0,0,0,51.7,0,0,0,0,E WASHGTON,0,0,0,0,,0,100,51,,79.6,0,161,43,0,0,0,0,28,0,0,0,0,40,54
101999,Pat Hayden,DI,0,0,,0,0,,MONTANA,0,D99,0,0,0,15,1,2025,25,,0,0,,1,0,0,0,18,0,65.6,0,0,0,0,MONTANA,0,0,1,0,,0,,62.5,,75.7,0,232,25,0,7,0,0,10,0,0,0,0,0,56.3
102006,Darrius Outlaw,DI,0,0,,0,1,,HAMPTON,0,D71,0,0,1,6,1,2026,12,35,0,0,,1,0,0,0,2,0,71.2,0,0,0,0,HAMPTON,1,0,2,0,,0,50,92.1,,72.3,0,178,12,0,10,0,0,6,0,1,0,0,0,91.6
102081,Ethan Quarshie,ED,0,0,,0,0,,CAMPBELL,1,D35,5,2,1,3,1,2025,7,75.2,0,0,70.4,0,0,3,0,0,0,63,1,0,0,0,CAMPBELL,2,0,1,0,,2,0,75.7,,74.8,0,131,12,0,0,0,0,6,0,0,0,0,7,69.1
102149,Isaiah Bishop,ED,0,0,,0,0,,SACR HEART,1,D42,0,0,1,38,1,2025,68,77,0,0,60.2,3,0,2,0,0,1,67.7,0,0,0,0,SACR HEART,2,0,4,0,,0,0,71,,81.8,0,280,68,0,0,0,0,28,0,1,0,0,68,68.1
102150,Ryan Moran,LB,2,0,,0,2,100,MONMOUTH,3,D55,72,71,0,5,1,2025,1,36.4,11,2,58.1,0,0,35,0,0,0,46.3,0,0,0,0,MONMOUTH,1,0,0,0,9,1,28.6,52.1,5.5,74.6,0,231,73,12,0,0,89.6,33,0,2,0,0,1,62.1
102302,Jack Sherman,DI,0,0,,0,0,,INDIANA ST,0,D99,0,0,0,16,1,2025,31,,0,0,,0,0,0,0,0,0,62.7,0,0,0,0,INDIANA ST,0,0,0,0,,0,,59.9,,74.5,0,191,31,0,31,0,0,15,0,0,0,0,0,55.5
102463,Braden Price,CB,9,0,,0,1,77.8,RHODE ISLD,5,D09,56,10,1,2,1,2025,0,64.4,80,7,61.4,0,0,40,0,0,0,68.3,45,0,0,0,RHODE ISLD,3,0,1,0,18,1,14.3,65.9,11.4,76,0,274,56,31,0,1,103.7,14,0,1,0,0,0,77.7
102466,Jordan White,S,4,0,,0,1,50,HAMPTON,6,D25,42,25,0,0,1,2025,2,65.7,23,2,60.3,0,0,25,0,0,0,81.2,0,0,0,0,HAMPTON,4,0,0,0,12,2,10,71,11.5,74.2,0,178,44,21,0,1,67.7,19,0,3,15,0,2,
102467,Ricky Harleston,S,1,0,,0,1,100,NORFOLK,3,D23,41,17,0,0,1,2025,8,50.2,8,1,55.6,0,0,20,0,0,0,54.3,0,0,0,0,NORFOLK,0,0,0,0,8,9,25,54.3,8,76.8,0,244,49,12,0,0,100,29,0,0,15,0,8,
102604,Kyrin Beachem,S,1,0,,0,0,100,IDAHO,0,D14,22,10,0,0,1,2025,0,78.2,65,1,38.8,0,0,6,0,0,1,69.4,0,0,0,0,IDAHO,0,0,0,0,65,0,0,52.2,65,72.2,0,185,22,27,0,0,118.8,16,0,2,12,0,0,
102839,Grant Laws,DI,0,0,,0,0,,BUCKNELL,0,D95,0,0,0,0,1,2025,6,,0,0,,0,0,0,0,4,0,53.1,0,0,0,0,BUCKNELL,0,0,0,0,,0,,51.2,,70.9,0,125,6,0,2,0,0,6,0,0,0,0,0,
103569,Bruce Harmon Jr.,CB,3,0,2025,0,0,0,STF AUSTIN,0,D01,21,0,0,0,1,2025,0,,0,0,41.8,0,0,14,0,0,0,60.8,0,0,0,0,STF AUSTIN,0,0,0,0,,21,,43,,76.5,0,301,21,0,0,0,39.6,7,0,0,0,0,0,
103591,Edwin Dearman,S,4,0,,0,1,100,SAMFORD,9,D24,64,51,0,0,1,2025,0,71,48,4,46.9,0,0,20,0,0,0,78.6,0,0,0,0,SAMFORD,3,0,0,0,20,3,9.1,64.3,12,73.8,0,282,64,13,0,0,116.7,44,0,1,10,0,0,
103595,Emmanuel Gomes,S,2,0,,0,0,50,RHODE ISLD,9,D27,64,17,0,1,1,2025,2,85.8,16,1,69.4,0,0,45,0,0,0,73.2,1,0,0,0,RHODE ISLD,3,0,0,0,16,6,0,71.7,16,78.1,0,274,66,2,0,0,77.1,20,0,0,40,0,2,60
103602,Seun Filaoye,S,0,0,,0,0,,RHODE ISLD,0,D43,1,1,0,0,1,2025,0,,0,0,,0,0,0,0,0,0,60,0,0,0,0,RHODE ISLD,0,0,0,0,,0,,60,,64,0,274,1,0,0,0,0,1,0,0,0,0,0,
103613,Dee'Shari Keith,S,4,0,,0,0,100,MS VLY ST,4,D16,52,9,0,2,1,2026,5,80.3,44,4,53.6,0,0,25,0,0,0,69.2,0,0,1,0,MS VLY ST,2,0,0,0,30,42,0,58.1,11,79.5,0,228,57,18,0,0,152.1,30,0,0,1,1,5,59
103619,Emmonte Davis,CB,0,0,,0,0,,INCAR WORD,0,D14,2,0,0,0,1,2025,0,,0,0,62,0,0,2,0,0,0,,0,0,0,0,INCAR WORD,0,0,0,0,,0,,62.9,,73.3,0,189,2,0,0,0,0,0,0,0,1,0,0,
103654,Zac Wilson,ED,0,0,,0,0,,S DAK ST,0,D95,0,0,0,6,1,2025,12,,0,0,,0,0,0,3,0,0,64.5,0,0,0,0,S DAK ST,0,0,0,0,,0,,61.4,,72.8,0,292,12,0,1,0,0,6,0,0,0,0,8,54.9
103669,Ryan Capasso,DI,0,0,,0,1,,N COLORADO,0,D58,0,0,0,11,1,2025,17,,0,0,,2,0,0,1,0,0,53.2,0,0,0,1,N COLORADO,0,0,2,0,,0,100,60.7,,72.9,0,253,17,0,15,0,0,6,0,0,0,0,1,68
103718,Jarod DePriest,DI,0,0,,0,1,,S DAK ST,0,D52,0,0,0,26,1,2025,41,22.2,0,0,59.3,0,0,1,5,0,0,60.9,0,0,1,0,S DAK ST,0,0,0,0,,0,100,55.4,,0,0,292,41,0,36,0,0,14,0,0,0,0,0,61.8
103757,Sage Beuchert-Irvine,ED,0,0,,0,1,,NORFOLK,1,D00,0,0,0,8,1,2025,24,28,0,0,,0,0,0,1,0,0,45.6,0,1,0,0,NORFOLK,0,0,1,0,,0,33.3,49.1,,75.3,0,244,24,0,0,0,0,16,0,1,0,0,23,63.2
103759,David Hoage,ED,0,0,,0,3,,N COLORADO,3,D34,0,0,1,16,1,2026,44,37.5,0,0,,1,0,0,14,0,0,53.3,0,1,0,0,N COLORADO,3,0,3,0,,0,42.9,64.7,,76.6,0,253,44,0,12,0,0,28,0,1,0,0,18,80.1
103781,Cole Brockwell,LB,5,0,,0,1,100,RHODE ISLD,5,D39,48,43,0,2,1,2025,2,60.8,31,5,51,2,0,28,0,0,0,86.3,0,0,0,0,RHODE ISLD,3,0,2,0,12,5,12.5,69.5,6.2,75.1,0,274,50,26,0,0,132.1,20,0,2,0,1,2,76.1
103784,Adam Bock,LB,6,0,,0,0,83.3,S DAK ST,6,D32,63,63,0,11,1,2025,0,84.2,35,5,57,0,0,30,0,0,0,72.2,0,0,0,0,S DAK ST,2,0,0,0,12,0,0,60.5,7,77.1,0,292,63,20,0,0,91,22,0,4,0,0,0,49.9
103786,Graham Spalding,LB,3,0,,0,0,66.7,S DAK ST,2,D29,32,32,0,2,1,2025,5,76.5,16,2,67.5,0,1,20,0,0,0,70.3,0,0,0,0,S DAK ST,1,0,0,0,10,0,0,70.3,8,71.7,0,292,37,17,0,0,40.3,15,0,0,0,0,5,58.2
103825,Jamar Shegog,LB,5,0,,0,1,20,ROB MORRIS,7,D01,44,43,0,4,1,2025,8,69.4,3,1,68.7,0,0,25,0,0,0,75.7,0,1,0,0,ROB MORRIS,7,0,1,0,3,0,8.3,73.9,3,75.5,0,277,52,4,0,0,39.6,23,0,4,1,0,8,54.5
103828,Jermaine Brown,LB,2,0,,0,0,50,STF AUSTIN,4,D00,37,35,1,3,1,2025,1,81,15,1,52.1,1,0,22,0,0,0,76.5,0,1,0,0,STF AUSTIN,4,0,3,0,15,2,0,69.1,15,76.7,0,301,38,4,0,0,75,13,0,1,0,0,1,80.3
103921,Caleb Lee-Collins,S,0,0,,0,1,,GRAMBLING,2,D10,21,6,0,0,1,2025,0,56.8,0,0,66.5,0,0,9,0,0,0,57.5,0,0,0,0,GRAMBLING,0,0,0,0,,4,20,63.1,,73.4,0,177,21,0,0,0,0,12,0,2,11,0,0,
104237,Jaedon Joyner,CB,2,0,,0,0,50,WM & MARY,1,D08,35,3,0,0,1,2025,0,75.6,13,1,61.4,0,0,15,0,0,1,68.4,17,0,0,0,WM & MARY,1,0,0,0,13,15,0,64.2,13,75.9,0,348,35,11,0,0,70.8,20,0,1,0,0,0,
104238,Latrelle Smith-Leaks,CB,2,0,,0,0,50,WM & MARY,0,D05,17,2,0,0,1,2026,0,73.1,8,1,41.5,0,0,12,0,0,0,63.3,1,0,0,0,WM & MARY,0,0,0,0,8,14,0,44.2,8,74,0,348,17,7,0,0,60.4,5,0,1,0,0,0,
104245,Trayson Fowler,S,1,0,,0,0,0,CHARLES SO,4,D05,35,15,0,0,1,2025,0,81.2,0,0,62.7,0,0,14,0,0,0,69.3,1,0,0,0,CHARLES SO,1,0,0,0,,5,0,66.4,,74.7,0,135,35,0,0,1,39.6,21,1,0,14,0,0,
104256,Jaden Woods,S,0,0,,0,1,,E TENN ST,3,D03,32,8,0,0,1,2025,0,57.4,0,0,58.6,0,0,14,0,0,0,69.5,0,0,0,0,E TENN ST,0,0,0,0,,1,25,63.6,,75.2,0,157,32,0,0,0,0,18,0,0,23,0,0,
104260,Jackson Barletta,LB,0,0,,0,1,,FORDHAM,2,D16,69,53,0,3,1,2025,0,37.5,0,0,65,0,0,21,0,0,0,37.7,0,0,0,0,FORDHAM,1,0,0,0,,16,33.3,48.8,,77.7,0,168,69,0,0,0,0,45,1,0,0,0,0,55.2
104268,Robert McDaniel,S,4,0,2025,0,1,75,JACKSON ST,3,D03,28,7,0,3,1,2025,22,54.7,42,3,62.3,0,0,21,0,0,0,58.5,1,0,0,0,JACKSON ST,0,0,0,0,22,20,16.7,60.9,14,80.5,0,194,50,18,0,1,108.3,26,0,2,0,0,22,58.3
104282,Robby Riobe,S,2,0,,0,0,50,MAINE,1,D08,30,20,0,0,1,2025,0,78.7,3,1,65.1,0,0,11,0,0,0,65,1,0,0,0,MAINE,1,0,0,0,3,1,0,66.3,3,73.8,0,212,30,1,0,0,56.3,19,0,1,8,0,0,
104296,Aaron Harris,CB,4,0,,0,2,50,NC A&T,3,D04,48,4,0,0,1,2026,1,33.9,30,2,61.4,0,0,21,0,0,0,68.1,44,0,0,0,NC A&T,2,0,0,0,31,0,33.3,63.8,15,76,0,246,49,25,0,1,75,28,1,1,0,0,1,
104298,Janaz Sumpter,CB,0,0,,0,1,,NC A&T,1,D09,30,2,0,1,1,2025,1,36.4,0,0,65.6,0,0,11,0,0,0,53.3,27,0,0,0,NC A&T,0,0,0,0,,1,33.3,60.7,,74.9,0,246,31,0,0,0,0,19,0,1,0,0,1,55.4
104327,Jordan Jackson,S,2,0,,0,0,0,STNY BROOK,0,D21,20,13,0,0,1,2025,0,,0,0,80.4,0,0,13,0,0,0,62.3,0,0,0,0,STNY BROOK,0,0,0,0,,0,,78.7,,72.6,0,303,20,0,0,0,39.6,7,0,0,7,0,0,
104347,Dorian Davis,S,7,0,,0,0,71.4,AUSTINPEAY,10,D07,55,9,0,2,1,2025,2,89.2,44,5,63.9,0,0,27,0,0,0,75.2,0,0,0,0,AUSTINPEAY,1,0,0,0,14,16,0,68.6,8.8,77.7,0,116,57,31,0,0,87.8,28,0,3,30,0,2,59.3
104348,Micah Nelson,ED,0,0,,0,0,,W CAROLINA,2,D02,5,5,0,17,1,2028,41,74.7,0,0,60.4,1,0,2,0,0,0,57.2,0,0,0,0,W CAROLINA,2,0,1,0,,0,0,57.5,,80.8,0,344,46,0,0,0,0,27,2,0,0,0,41,57.2
104367,Earenest Grayson III,ED,0,0,,0,0,,MCNEESE,0,D42,0,0,0,10,1,2025,23,71.5,0,0,,0,0,0,6,0,0,62.8,0,0,0,0,MCNEESE,0,0,0,0,,0,,66.1,,75.7,0,217,23,0,0,0,0,13,0,0,0,0,17,65.2
104378,Ja'Courtney Snipes,DI,0,0,,0,0,,CHARLES SO,1,D45,1,1,0,9,1,2025,26,70.2,0,0,,0,0,0,0,14,0,70.6,0,0,0,0,CHARLES SO,0,0,0,0,,0,0,68.9,,76.1,0,135,27,0,12,0,0,18,0,0,0,0,0,57.2
104398,Joel Parker,ED,0,0,,0,0,,MONMOUTH,0,D93,0,0,0,13,1,2025,29,,0,0,,0,0,0,4,0,0,64.5,0,0,0,0,MONMOUTH,0,0,0,0,,0,,63.9,,75.7,0,231,29,0,0,0,0,16,0,0,0,0,25,59.7
104400,Jacob Tuiasosopo,ED,0,0,,0,1,,MAINE,1,D56,0,0,0,21,1,2025,47,28.3,0,0,,0,0,0,15,0,0,65.7,0,0,0,0,MAINE,1,0,0,0,,0,33.3,64.4,,76.9,0,212,47,0,6,0,0,26,0,1,0,0,26,58.8
104410,CJ Barnes,DI,0,0,,0,0,,MURRAY ST,0,D03,0,0,0,15,1,2025,38,70.2,0,0,,0,0,0,15,0,0,60.7,0,0,0,0,MURRAY ST,0,0,0,0,,0,0,58.3,,75.9,0,236,38,0,9,0,0,23,0,1,0,0,14,54.5
104427,Brandon Knott,DI,0,0,,0,0,,SACRAMENTO,0,D56,0,0,0,10,1,2025,14,,0,0,,0,0,0,0,6,0,55.4,0,0,0,0,SACRAMENTO,0,0,0,0,,0,,52,,73.4,0,279,14,0,8,0,0,4,0,0,0,0,0,56
104434,Blake Holden,DI,0,0,,0,0,,S DAKOTA,2,D61,1,1,0,33,1,2025,71,75,0,0,,0,0,0,0,9,0,58.2,0,0,0,1,S DAKOTA,1,0,0,0,,0,0,57.4,,77.6,0,291,72,0,62,0,0,39,0,3,0,0,0,56.2
104446,Darrius Bell,ED,0,0,,1,0,,CHARLES SO,3,D32,5,3,2,9,1,2025,29,79.5,0,0,61,0,0,2,2,0,1,81.1,1,0,1,0,CHARLES SO,5,0,2,0,,1,0,82.8,,0,0,135,34,0,0,0,0,23,0,0,0,0,27,82.1
104510,Joel Barrows,ED,0,0,,0,0,,E ILLINOIS,3,D06,0,0,0,22,1,2025,45,79.4,0,0,61.2,1,0,1,0,0,0,71,0,0,0,0,E ILLINOIS,2,0,1,0,,0,0,67.7,,80.2,0,158,45,0,0,0,0,22,0,3,0,0,45,57.5
104512,Anthony Shockey,LB,6,0,,0,1,100,E ILLINOIS,3,D05,55,51,0,2,1,2025,0,65.9,50,6,64.3,0,0,22,0,0,0,56.6,0,0,0,0,E ILLINOIS,2,0,0,0,33,4,11.1,60.3,8.3,74.9,0,158,55,42,0,0,141,31,0,5,0,1,0,56.5
104531,Xavier Nurse,ED,0,0,,0,0,,SAMFORD,0,D22,2,2,0,2,1,2025,5,,0,0,60,0,0,1,0,0,0,54.9,0,0,0,0,SAMFORD,0,0,0,0,,0,,53.4,,72.2,0,282,7,0,0,0,0,4,0,0,0,0,5,58.7
104576,Clarens Legagneur,S,1,0,,0,0,100,STNY BROOK,3,D11,24,4,0,3,1,2025,10,76.7,24,1,57.4,0,0,19,0,0,0,72.5,0,0,0,0,STNY BROOK,2,0,0,0,24,20,0,62.8,24,78.4,0,303,34,6,0,0,118.8,12,0,0,0,0,10,57.9
104582,Tevin Shipp,LB,11,0,,0,0,63.6,TENN MARTN,7,D11,63,43,0,5,1,2025,5,83.8,39,7,90.4,0,1,50,0,0,0,68.3,0,0,0,0,TENN MARTN,2,0,0,0,9,19,0,89.9,5.6,79.3,0,310,68,24,0,1,32,13,0,1,1,0,5,55.7
104585,Chris Hunter Jr.,LB,3,0,,0,0,100,TENN MARTN,5,D07,46,34,0,7,1,2025,10,84.3,34,3,65.7,0,0,36,0,0,0,70.8,0,0,0,1,TENN MARTN,1,0,0,0,14,12,0,69.4,11.3,78.6,0,310,56,12,0,0,113.9,13,1,6,0,0,10,65.5
104588,Chester Geffrard,ED,0,0,,0,0,,PRVIEW A&M,0,D00,0,0,1,25,1,2027,25,70.8,0,0,,3,0,0,3,0,0,,0,1,1,0,PRVIEW A&M,1,0,5,0,,0,,67.6,,0,0,270,25,0,0,0,0,0,0,0,0,0,22,73.6
104793,Malik Richardson,ED,0,0,,0,0,,SCAR STATE,0,D09,0,0,0,8,1,2025,14,71.5,0,0,,0,0,0,0,0,0,66.3,0,0,0,0,SCAR STATE,0,0,0,0,,0,,62.9,,74,0,290,14,0,0,0,0,6,0,0,0,0,14,55.8
104871,Rush Lansdell,LB,0,0,,0,0,,N ALABAMA,2,D04,25,18,1,7,1,2025,5,78.1,0,0,64.5,0,0,11,0,0,0,75.1,0,1,0,0,N ALABAMA,2,0,2,0,,7,0,73.1,,75.1,0,389,30,0,0,0,0,12,0,0,0,0,5,65.3
104873,Marcus Barnes,S,3,0,,1,1,66.7,WM & MARY,7,D07,74,10,0,0,1,2025,0,76.5,75,2,58.8,0,1,31,0,0,0,83.2,0,0,0,0,WM & MARY,1,0,0,0,70,13,10,69.5,37.5,78,0,348,74,45,0,0,109.7,43,0,2,51,1,0,
104913,Geordan Livingston,CB,1,0,,0,0,100,CHARLES SO,0,D08,23,3,0,0,1,2025,0,,33,1,51.4,0,0,10,0,0,0,61.7,19,0,0,0,CHARLES SO,0,0,0,0,33,1,,53.1,33,74.1,0,135,23,0,0,0,158.3,13,0,0,0,1,0,
105017,Jaheim Mullen,S,0,0,,0,1,,STF AUSTIN,3,D20,42,10,0,2,1,2025,1,63.4,0,0,68.1,0,0,26,0,0,0,63.4,0,0,0,0,STF AUSTIN,3,0,0,0,,11,14.3,67.2,,76.4,0,301,43,0,0,0,0,15,1,3,21,0,1,57.3
105052,Trevin Gradney,CB,5,0,,0,0,40,MONTANA,2,D37,48,6,0,1,1,2025,0,76,8,2,69.3,0,0,27,0,0,0,63.6,41,0,0,0,MONTANA,1,0,0,0,9,1,0,69.2,4,75.3,0,232,48,4,0,1,47.9,20,1,0,0,0,0,59.7
105069,Miles Richardson,S,6,0,,0,0,66.7,GARD-WEBB,6,D18,86,43,0,0,1,2025,0,84.6,39,4,69.4,0,0,62,0,0,0,74.1,4,0,0,0,GARD-WEBB,0,0,0,0,18,7,0,71.7,9.8,78.8,0,171,86,16,0,0,84.7,24,0,1,32,0,0,
105105,Kendall Bohler,CB,6,0,2025,0,0,33.3,FL A&M,4,D03,64,11,0,0,1,2025,0,80,16,2,72.3,0,0,29,0,0,0,68.7,52,0,0,0,FL A&M,1,0,0,0,9,1,0,72.8,8,75.7,0,164,64,4,0,0,42.4,35,0,0,0,0,0,
105110,Ty Leonard,S,5,0,,0,2,60,SE MO ST,2,D05,62,27,0,0,1,2025,0,29.9,10,3,65.2,0,2,33,0,0,0,56,1,0,0,0,SE MO ST,2,0,0,0,5,12,40,63.1,3.3,78.9,0,293,62,9,0,1,25,29,0,1,22,0,0,
105114,Jonathan Collins Jr.,CB,0,0,,0,0,,NEW HAMP,1,D07,7,0,0,0,1,2025,0,76.6,0,0,63.7,0,0,2,0,0,0,63,7,0,0,0,NEW HAMP,0,0,0,0,,0,0,66.7,,69.8,0,240,7,0,0,0,0,5,0,1,0,0,0,
105123,Jelen Lee,CB,2,0,,0,0,50,W GEORGIA,1,D01,56,4,0,0,1,2025,1,76.2,0,1,72.1,0,0,20,0,0,0,65.5,50,0,0,0,W GEORGIA,1,0,0,0,0,2,0,71.8,0,76.6,0,1177,57,0,0,0,56.3,37,0,1,0,0,1,
105125,Caleb Mead,CB,2,0,,0,0,0,NEW HAMP,0,D04,31,3,0,0,1,2025,0,,0,0,76.8,0,0,8,0,0,0,63.3,28,0,0,0,NEW HAMP,0,0,0,0,,0,,76.1,,74.3,0,240,31,0,0,0,39.6,23,0,0,0,0,0,
105136,Noah Stansbury,CB,2,0,,0,0,50,NEW HAMP,2,D11,47,4,0,0,1,2025,0,77.4,25,1,64.8,0,0,15,0,0,0,72.4,43,0,0,0,NEW HAMP,2,0,0,0,25,0,0,68.5,25,75.8,0,240,47,0,0,1,135.4,32,0,0,0,1,0,
105173,Jalen Williams,ED,0,0,,0,0,,MO STATE,1,D95,0,0,0,29,1,2025,59,71.5,0,0,59.3,0,0,1,12,0,0,60,0,0,0,0,MO STATE,0,0,0,0,,0,0,55,,78,0,230,59,0,11,0,0,29,0,0,0,0,36,52.4
105220,Ernie Smith,ED,0,0,,0,0,,TOWSON,0,D90,0,0,0,29,1,2025,40,,0,0,,1,0,0,39,0,0,62.3,0,0,0,0,TOWSON,0,0,1,0,,0,,55.4,,74.5,0,317,40,0,1,0,0,11,0,0,0,0,0,52.6
105224,Dan Toatley,DI,0,0,,0,0,,CENT CT ST,1,D06,1,1,1,21,1,2025,43,73.9,0,0,60,2,0,0,21,0,0,68.8,0,0,0,0,CENT CT ST,2,0,3,0,,0,0,69.5,,75.4,0,133,44,0,21,0,0,23,0,0,0,0,1,63.5
105225,Marvion Field,DI,0,0,,0,0,,E KENTUCKY,1,D00,0,0,0,14,1,2025,21,70.8,0,0,,0,0,0,2,1,0,60.5,0,0,0,0,E KENTUCKY,1,0,0,0,,0,0,61.1,,74.3,0,159,21,0,6,0,0,7,0,0,0,0,12,60.3
105234,Marlon Taylor,DI,0,0,,0,0,,CHATTNOOGA,3,D94,0,0,0,16,1,2025,27,74.6,0,0,,1,0,0,0,5,0,84.8,0,0,0,0,CHATTNOOGA,3,0,1,0,,0,0,77.7,,75,0,137,27,0,22,0,0,11,1,1,0,0,0,55.4
105244,Nick Jackson,DI,0,0,,0,0,,SAMFORD,0,D97,0,0,0,2,1,2025,3,,0,0,,0,0,0,0,0,0,60,0,0,0,0,SAMFORD,0,0,0,0,,0,,59.9,,67.4,0,282,3,0,3,0,0,1,0,0,0,0,0,59.1
105248,Chris Hill,DI,0,0,,0,0,,MERCER,0,D98,0,0,0,3,1,2025,4,,0,0,,0,0,0,0,0,0,60,0,0,0,0,MERCER,0,0,0,0,,0,,59.5,,68.4,0,219,4,0,4,0,0,1,0,0,0,0,0,57.8
105260,Akie Nance,DI,0,0,,1,1,,HAMPTON,1,D96,0,0,2,18,1,2025,33,73.2,0,0,,1,0,0,0,6,1,77.3,0,0,0,0,HAMPTON,3,0,3,0,,0,50,82.5,,75.5,0,178,33,0,27,0,0,15,0,0,0,0,0,74
105263,Caleb Williams,DI,0,0,,0,0,,LAMAR,0,D99,0,0,0,17,1,2025,29,,0,0,,1,0,0,1,18,0,67.3,0,0,0,0,LAMAR,0,0,1,0,,0,,73.3,,75.7,0,204,29,0,10,0,0,12,0,0,0,0,0,70.8
105336,Ken Standley,LB,2,0,,0,4,100,MERCER,3,D15,60,56,0,9,1,2025,1,25.3,18,2,58.5,2,0,39,0,0,0,36.7,0,0,0,0,MERCER,2,0,2,0,12,4,50,51.3,9,75.3,0,219,61,17,0,0,104.2,13,0,1,0,0,1,60.1
105351,Darrius Harry,ED,0,0,,0,1,,SOUTHERN U,1,D11,0,0,0,37,1,2025,56,25,0,0,,3,0,0,0,0,0,58.3,0,2,1,0,SOUTHERN U,0,0,5,0,,0,50,58.5,,0,0,297,56,0,0,0,0,19,0,0,0,0,56,64
105353,Ryan Tirrell,LB,1,0,,0,0,0,MONTANA,2,D44,43,40,0,10,1,2025,12,77.4,0,0,55.6,1,0,21,0,0,0,71.1,0,1,0,0,MONTANA,2,0,2,0,,3,0,67.8,,76.7,0,232,55,0,0,0,39.6,24,0,1,0,0,12,72.9
105370,Ryan Toscano,LB,0,0,,0,0,,NEW HAMP,1,D39,26,26,0,2,1,2025,1,78.6,0,0,71,0,0,7,0,0,1,71.7,0,1,0,0,NEW HAMP,1,0,1,0,,0,0,79,,75.5,0,240,27,0,0,0,0,18,0,3,0,0,1,67.5
105389,Zedane Williams,S,0,0,,0,0,,NEW HAMP,1,D10,9,5,0,1,1,2025,6,73,0,0,62.1,0,0,4,0,0,0,67.3,0,0,0,0,NEW HAMP,1,0,0,0,,3,0,66.9,,76.1,0,240,15,0,0,0,0,10,0,0,1,0,6,58.9
105535,Jayden Anderson,ED,0,0,,0,0,,CENT CT ST,3,D25,3,3,0,13,1,2025,29,77.4,0,0,64.3,0,0,4,0,0,0,67.2,0,0,0,0,CENT CT ST,3,0,0,0,,0,0,63.7,,77.9,0,133,32,0,0,0,0,15,0,0,0,0,29,53.6
105638,Ryder Meyer,S,3,0,,0,0,66.7,MONTANA,5,D13,47,21,0,0,1,2025,0,84,12,2,68.3,0,0,28,0,0,0,67.9,1,0,0,0,MONTANA,2,0,0,0,9,5,0,69.6,6,76.1,0,232,47,3,0,0,74.3,19,0,1,20,0,0,
105657,Brockman Wallace II,ED,0,0,,0,0,,TOWSON,0,D45,0,0,0,13,1,2025,19,71.3,0,0,,0,0,0,17,0,0,62.4,0,0,0,0,TOWSON,0,0,0,0,,0,0,61.8,,72.8,0,317,19,0,0,0,0,6,0,1,0,0,2,59.4
105661,Thomas Wyatt,LB,2,0,,0,0,0,CITADEL,1,D02,50,42,1,5,1,2025,1,80.6,0,0,65.3,0,0,28,0,0,0,71.9,0,1,0,0,CITADEL,2,0,2,0,,7,0,72.1,,75.3,0,139,51,0,0,0,39.6,18,0,3,1,0,1,70
105798,Ken Savanah,LB,3,0,,0,3,33.3,LAMAR,3,D15,45,45,0,6,1,2025,0,27.7,13,1,40.7,0,0,21,0,0,0,58.3,0,2,0,0,LAMAR,1,0,2,0,13,0,42.9,47.7,13,73.1,0,204,45,3,0,1,47.9,18,0,1,0,0,0,64.5
105846,Terron Mallory,CB,2,0,,0,0,100,NORFOLK,2,D04,45,0,0,0,1,2025,0,77,25,2,63,0,1,22,0,0,0,63.9,43,0,1,0,NORFOLK,0,0,0,0,18,0,0,63.9,12.5,76.1,0,244,45,4,0,0,79.2,23,0,0,2,0,0,
105950,Jayson Coley,S,3,0,,0,2,100,MURRAY ST,1,D21,19,2,0,3,1,2025,27,22.6,44,3,36.4,0,0,14,0,0,0,59.6,0,0,0,0,MURRAY ST,1,0,0,0,19,16,66.7,45.3,14.7,82.1,0,236,46,31,0,0,118.8,29,0,0,0,0,27,59.3
105954,Luke Herzog,ED,0,0,,0,0,,STTHOM,4,D19,11,2,0,11,1,2025,30,80.1,0,0,65.5,0,0,11,0,0,0,65,0,2,0,0,STTHOM,2,0,2,0,,9,0,74.5,,80.5,0,1129,41,0,0,0,0,19,0,1,0,0,30,81.7
105959,Esaias Guthrie,S,3,0,,0,0,66.7,JACKSON ST,6,D06,50,27,0,3,1,2025,3,85.9,38,2,59.5,1,0,23,0,0,0,89.2,0,0,0,0,JACKSON ST,4,0,1,0,20,2,0,75,19,76.8,0,194,53,16,0,0,109.7,27,0,3,21,0,3,64.8
105967,Rudy Silvera,CB,1,0,,0,0,100,STNY BROOK,0,D07,41,14,0,1,1,2025,0,,5,1,66,0,0,22,0,0,0,65.2,26,0,0,0,STNY BROOK,0,0,0,0,5,0,,66.1,5,73.4,0,303,41,0,0,0,87.5,18,0,0,1,0,0,58.1
105977,Isas Waxter,CB,1,0,2025,0,2,0,VILLANOVA,4,D00,54,3,0,2,1,2025,13,41,0,0,77.7,0,0,28,0,0,0,52.2,47,0,0,0,VILLANOVA,1,0,0,0,,4,33.3,71.2,,80.4,0,334,67,0,0,1,39.6,37,0,0,0,0,13,59.4
105992,Seth Verilus,LB,1,0,,0,0,0,ROB MORRIS,1,D26,42,30,0,1,1,2025,1,81.3,0,0,73.6,0,0,20,0,0,0,75.8,0,1,0,0,ROB MORRIS,1,0,1,0,,12,0,77.5,,72.6,0,277,43,0,0,1,39.6,22,0,3,0,0,1,60
106015,Wande Owens,S,0,0,2025,0,1,,NEW HAMP,5,D05,46,26,0,1,1,2025,1,70.9,0,0,65.8,0,0,14,0,0,0,65.1,0,0,0,0,NEW HAMP,1,0,0,0,,15,14.3,66.2,,75,0,240,47,0,0,0,0,32,0,1,5,0,1,59.8
106018,Jermaine Baker,LB,1,0,,0,0,100,MAINE,2,D26,16,4,0,1,1,2025,4,81.8,16,1,62.6,0,0,4,0,0,0,69.2,0,0,0,0,MAINE,2,0,0,0,16,12,0,67,16,76.3,0,212,20,10,0,0,118.8,15,1,3,0,0,4,59.2
106021,Michael Oppong,CB,0,0,,0,0,,FL A&M,0,D13,1,0,0,0,1,2025,0,,0,0,,0,0,0,0,0,0,60,1,0,0,0,FL A&M,0,0,0,0,,0,,60,,63.5,0,164,1,0,0,0,0,1,0,0,0,0,0,
106265,Terrence Lane II,ED,0,0,,0,0,,HAMPTON,1,D57,0,0,0,17,1,2025,24,71.1,0,0,,3,0,0,2,0,0,62.9,0,0,0,0,HAMPTON,1,0,3,0,,0,0,62.9,,75.7,0,178,24,0,1,0,0,7,0,0,0,0,21,60.5
106326,Tyreke Brown,ED,1,0,,1,1,100,SACR HEART,4,D00,2,2,1,47,1,2025,75,61.8,6,1,64.1,3,0,3,0,0,0,63,0,0,0,0,SACR HEART,3,0,4,0,6,0,16.7,67.8,6,82.4,0,280,77,8,0,0,91.7,27,1,1,0,0,75,66
106367,Nicholas Lenon,ED,0,0,,0,0,,MERRIMACK,1,D44,0,0,0,25,1,2025,48,73.7,0,0,,2,0,0,1,0,0,62.4,0,0,0,0,MERRIMACK,1,0,2,0,,0,0,64.8,,78.5,0,385,48,0,0,0,0,23,0,1,0,0,47,63.7
106380,Chandon Pierre,DI,0,0,,0,0,,VILLANOVA,1,D52,0,0,0,2,1,2025,9,70.1,0,0,,0,0,0,0,8,0,61,0,0,0,0,VILLANOVA,1,0,0,0,,0,0,61.2,,73,0,334,9,0,1,0,0,7,0,0,0,0,0,59.6
106384,Elijah Beach,DI,0,0,,0,0,,N DAKOTA,0,D93,0,0,0,8,1,2025,28,,0,0,,0,0,0,4,2,0,50,0,0,0,0,N DAKOTA,0,0,0,0,,0,,50,,74.3,0,249,28,0,21,0,0,20,0,0,0,0,1,56.9
106408,Gavin Thomas,DI,0,0,,0,0,,ST FRANCIS,0,D96,0,0,0,13,1,2025,24,,0,0,,0,0,0,0,19,0,63.9,0,0,0,0,ST FRANCIS,0,0,0,0,,0,,62.3,,76.8,0,299,24,0,5,0,0,11,0,0,0,0,0,57.4
106409,Jalen Howard,ED,1,0,,0,0,100,CENT CT ST,2,D04,0,0,0,19,1,2025,41,75.2,20,1,60,2,0,0,18,0,0,71,0,0,0,0,CENT CT ST,1,0,2,0,20,0,0,69.1,20,76.4,0,133,41,2,3,0,118.8,22,0,1,0,0,20,69.3
106410,CJ Pressley,ED,0,0,,0,0,,PRVIEW A&M,2,D99,1,0,0,24,1,2025,37,73.9,0,0,,0,0,0,6,0,0,70.2,0,0,0,0,PRVIEW A&M,2,0,0,0,,0,0,63.2,,76.8,0,270,38,0,3,0,0,14,0,0,0,0,28,54.3
106425,Jaylin Rainey,DI,0,0,,0,0,,SAMFORD,1,D91,0,0,0,4,1,2025,16,70.2,0,0,,0,0,0,0,6,0,70.1,0,0,0,0,SAMFORD,1,0,0,0,,0,0,69.5,,73.2,0,282,16,0,10,0,0,12,1,0,0,0,0,57.7
106444,Marcus Mauney,DI,0,0,,0,0,,NORFOLK,1,D40,0,0,0,18,1,2026,35,70.1,0,0,65.9,1,0,0,5,3,0,65.4,0,0,0,0,NORFOLK,1,0,1,0,,0,0,75.4,,75,0,244,35,0,27,0,0,17,0,0,0,0,0,71.3
106455,David Madzivanyika,DI,0,0,,0,0,,CAMPBELL,0,D09,0,0,0,15,1,2025,20,71.3,0,0,,0,0,0,6,1,0,63.6,0,0,0,0,CAMPBELL,0,0,0,0,,0,0,58.9,,73.8,0,131,20,0,7,0,0,5,0,1,0,0,6,54.5
106497,Marcus Winfield,ED,0,0,,0,0,,ALBANY,0,D11,1,1,0,13,1,2025,25,,0,0,,0,0,0,7,0,0,63.8,0,0,0,0,ALBANY,0,0,0,0,,0,,62.4,,75.4,0,106,26,0,0,0,0,13,0,0,0,0,18,58.4
106652,Quantez Mansfield,DI,0,0,,0,1,,NC CENT,2,D00,0,0,0,18,1,2025,37,48.7,0,0,62.4,1,0,0,0,7,0,70.1,0,2,0,0,NC CENT,2,0,3,0,,0,20,83.1,,76.6,0,247,37,0,30,1,0,19,0,2,0,0,0,78.2
106659,Eli Mostaert,DI,0,0,2025,0,1,,N DAK ST,3,D53,0,0,1,11,1,2025,23,53.6,0,0,60,0,0,0,2,0,0,67.2,0,0,1,0,N DAK ST,2,0,1,0,,0,20,60.9,,0,0,250,23,0,21,0,0,12,0,1,0,0,0,61.4
106701,Kobe Joseph,LB,3,0,,0,1,100,CHATTNOOGA,2,D32,22,17,0,0,1,2025,0,46,15,3,63.3,0,0,14,0,0,0,70.4,0,0,0,0,CHATTNOOGA,1,0,0,0,12,4,25,67.8,5,73,0,137,22,7,0,0,87.5,8,0,1,1,0,0,
106810,Luke Weerts,LB,0,0,,1,1,,N DAK ST,4,D47,18,16,0,2,1,2025,0,54.7,0,0,63.7,0,0,8,0,0,0,88.3,0,0,0,0,N DAK ST,4,0,0,0,,2,16.7,83.8,,71.4,0,250,18,0,0,0,0,8,2,1,0,0,0,56.4
106811,Nick Kubitz,LB,3,0,2025,0,0,100,N DAK ST,3,D36,33,29,0,0,1,2025,0,79.6,37,3,34.9,0,0,15,0,0,0,76.9,0,0,0,0,N DAK ST,1,0,0,0,16,4,0,52.1,12.3,74.5,0,250,33,11,0,0,118.1,18,0,2,0,0,0,
108068,Andres Lehrmann,ED,0,0,,0,0,,MONTANA,2,D55,0,0,0,15,1,2025,30,73.6,0,0,60,0,0,1,20,0,0,58.6,0,0,1,0,MONTANA,1,0,0,0,,0,0,49.8,,0,0,232,30,0,2,0,0,14,0,0,0,0,8,54.9
108096,Maurio Goings,LB,3,0,,0,2,100,DELWARE ST,3,D45,35,34,0,1,1,2026,1,43.9,30,3,45.6,0,0,20,0,0,0,61.4,0,0,0,0,DELWARE ST,1,0,0,0,13,1,33.3,48.6,10,76.3,0,152,36,22,0,0,108.3,15,0,1,0,0,1,59.3
108114,Myles Talley,LB,3,0,,0,1,100,SACR HEART,3,D05,63,59,0,8,1,2025,1,54.8,24,3,65.4,2,0,32,0,0,0,58.4,1,1,1,0,SACR HEART,1,0,3,0,14,3,16.7,61.1,8,0,0,280,64,23,0,0,100,24,0,2,0,0,1,65.3
108130,Marques White,ED,0,0,,0,1,,MCNEESE,4,D03,0,0,0,21,1,2027,40,64.6,0,0,,1,0,0,0,0,0,77,0,1,0,0,MCNEESE,3,0,2,0,,0,12.5,69.8,,79.7,0,217,40,0,0,0,0,19,0,3,0,0,40,53.4
108141,Jack Pilson,LB,0,0,,0,0,,E ILLINOIS,0,D33,7,7,0,0,1,2025,0,,0,0,60.3,0,0,2,0,0,0,64.1,0,0,0,0,E ILLINOIS,0,0,0,0,,0,,66.2,,69.6,0,158,7,0,0,0,0,5,0,0,0,0,0,
108149,Hamilton Moore,LB,1,0,,0,0,100,LAMAR,3,D10,20,20,0,4,1,2025,0,77.5,0,1,71.9,0,0,8,0,0,0,72,0,0,0,0,LAMAR,2,0,0,0,0,0,0,74.4,0,72.5,0,204,20,4,0,0,79.2,8,1,0,0,0,0,54.2
108297,Jay Thompson,ED,0,0,,0,2,,MERRIMACK,4,D07,1,1,0,25,1,2025,47,32.9,0,0,,1,0,0,0,0,1,66.1,0,0,0,0,MERRIMACK,3,0,1,0,,0,33.3,63.7,,80.4,0,385,48,0,0,0,0,23,0,0,0,0,47,57.6
108400,Matthew Leavelle,ED,0,0,,0,0,,NC CENT,1,D15,0,0,0,9,1,2025,17,71.3,0,0,,0,0,0,1,0,0,62.1,0,0,0,0,NC CENT,0,0,0,0,,0,0,58.9,,74.2,0,247,17,0,0,0,0,8,0,0,0,0,16,55.3
108456,A.J. Ackerman,DI,0,0,,0,1,,DUQUESNE,1,D16,0,0,0,15,1,2026,33,26,0,0,61.1,1,0,0,2,3,0,48.9,0,2,0,0,DUQUESNE,1,0,3,0,,0,33.3,64.8,,75.9,0,155,33,0,28,0,0,18,0,1,0,0,0,78.7
108725,Jalen Goodman,S,3,0,,0,0,0,VILLANOVA,6,D04,69,20,0,0,1,2025,0,85.3,0,0,72.2,0,0,31,0,0,0,81.3,1,0,0,0,VILLANOVA,3,0,0,0,,22,0,77.8,,77.1,0,334,69,0,0,0,39.6,38,0,2,26,0,0,
108816,Gianni Rizzo,LB,1,0,,0,0,0,DUQUESNE,0,D44,29,29,0,2,1,2025,2,74.3,0,0,62.6,0,0,16,0,0,0,61,0,0,0,0,DUQUESNE,0,0,0,0,,0,0,64.4,,71.3,0,155,31,0,0,0,39.6,13,0,1,0,0,2,65.6
108945,Josh Navratil,ED,0,0,,0,0,,N DAKOTA,6,D34,1,1,1,20,1,2025,51,81.5,0,0,65.5,1,0,1,0,0,0,61.2,0,0,0,0,N DAKOTA,4,0,2,0,,0,0,65.6,,80.7,0,249,52,0,0,0,0,31,0,1,0,0,51,64.3
108949,Jack Iuliano,ED,0,0,,0,0,,ALBANY,1,D90,1,1,1,18,1,2026,33,75.1,0,0,,2,0,0,14,0,0,70,0,0,0,0,ALBANY,2,0,3,0,,0,0,76.1,,75.9,0,106,34,0,1,0,0,16,0,1,0,0,18,72.2
109119,Khalil Baker,S,6,0,,0,1,66.7,ELON,10,D08,78,32,0,1,1,2025,0,74.5,24,4,64.2,0,0,31,0,0,0,66.1,0,1,0,0,ELON,3,0,1,0,11,31,8.3,66.7,6,78.5,0,162,78,8,0,0,74.3,46,0,1,15,0,0,60
109131,Marques Mason,S,0,0,,0,0,,SACR HEART,0,D06,11,6,0,2,1,2025,1,,0,0,62.3,0,0,4,0,0,0,60,0,0,0,0,SACR HEART,0,0,0,0,,1,,61.8,,72.3,0,280,12,0,0,0,0,6,0,0,4,0,1,58.2
109279,Kenneth Cooper,S,0,0,,0,0,,MAINE,1,D24,9,5,0,0,1,2025,0,76.4,0,0,62.7,0,0,5,0,0,0,62,0,0,0,0,MAINE,0,0,0,0,,0,0,64.9,,70.4,0,212,9,0,0,0,0,4,0,0,4,0,0,
109280,Josh Addo,LB,1,0,,0,1,100,MERRIMACK,3,D09,23,14,0,0,1,2025,13,44.6,12,1,60.1,1,0,15,0,0,0,49.6,0,0,0,0,MERRIMACK,0,0,1,0,12,9,25,56.1,12,77.3,0,385,36,7,0,0,116.7,21,0,0,0,0,13,61
109284,Tyron Herring,CB,4,0,2025,0,0,50,DELAWARE,2,D24,49,5,0,0,1,2025,0,77.7,24,2,67,0,0,30,0,0,0,67.4,44,0,0,0,DELAWARE,0,0,0,0,18,0,0,68.2,12,76,0,151,49,0,0,0,68.8,19,0,1,0,0,0,
110472,Robbie Peterson,CB,2,0,,0,0,100,N IOWA,7,D04,46,11,0,0,1,2025,0,82.6,68,2,56.9,0,0,26,0,0,0,70.2,35,0,0,0,N IOWA,0,0,0,0,45,0,0,60.6,34,74.2,0,255,46,7,0,0,118.8,20,0,1,0,0,0,
121353,Hosea Knifeley Jr,ED,0,0,,0,0,,AUSTINPEAY,5,D10,17,11,0,21,1,2025,35,80.1,0,0,63.7,0,0,7,0,0,0,82.1,0,0,0,0,AUSTINPEAY,3,0,0,0,,6,0,74,,80.9,0,116,52,0,0,0,0,24,1,1,0,0,35,55.2
121369,Antoine Williams,LB,0,0,,0,0,,W CAROLINA,0,D15,5,1,0,1,1,2025,3,,0,0,62,0,0,3,0,0,0,60.3,0,0,0,0,W CAROLINA,0,0,0,0,,4,,62.4,,72.5,0,344,8,0,0,0,0,4,0,0,0,0,3,59.9
121377,Demetrias Charles,LB,1,0,,0,1,100,CENT ARK,3,D11,37,36,0,3,1,2025,0,60.8,3,1,71.5,1,0,15,0,0,0,61.9,0,0,1,0,CENT ARK,1,0,1,0,3,1,20,59.3,3,0,0,132,37,4,0,0,79.2,19,0,1,0,0,0,46.1
121402,TaMuarion Wilson,S,6,0,,0,1,66.7,CENT ARK,5,D07,68,24,0,6,1,2025,8,66.3,49,4,55.7,1,0,39,0,0,0,69.2,0,0,1,0,CENT ARK,3,0,1,0,14,44,11.1,57,12.3,0,0,132,76,20,0,0,91.7,31,1,3,0,0,8,53.2
121468,Michael Pleas Jr.,ED,0,0,,0,0,,TENN MARTN,4,D02,13,11,0,22,1,2026,31,79.9,0,0,65.2,0,0,11,0,0,0,73.5,0,0,0,1,TENN MARTN,0,0,0,0,,2,0,74.9,,78.2,0,310,44,0,0,0,0,11,0,1,0,0,31,69.2
121528,Deris Jackson,DI,0,0,,0,0,,SOUTHERN U,0,D99,0,0,0,5,1,2026,11,,0,0,,0,0,0,0,0,0,63.8,0,0,0,0,SOUTHERN U,0,0,0,0,,0,,68,,71.5,0,297,11,0,11,0,0,6,0,0,0,0,0,65.3
121623,Khalil Arnold,ED,0,0,,0,2,,ARKAPB,4,D15,0,0,0,20,1,2025,57,54.3,0,0,60,0,0,0,8,0,0,68.2,0,2,1,0,ARKAPB,3,0,2,0,,0,25,64.8,,0,0,112,57,0,3,0,0,37,1,2,0,0,46,62.6
121624,Darrian Baker,ED,0,0,,0,0,,E KENTUCKY,1,D03,0,0,1,38,1,2025,55,76,0,0,,3,0,0,11,2,0,72.3,0,0,0,0,E KENTUCKY,1,0,4,0,,0,0,75.7,,78.3,0,159,55,0,4,0,0,17,0,2,0,0,38,70.6
121633,Gabe Fletcher,DI,0,0,,0,1,,E KENTUCKY,0,D99,0,0,0,10,1,2026,15,21.8,0,0,,0,0,0,2,0,0,58.6,0,0,0,1,E KENTUCKY,0,0,0,0,,0,100,66.7,,72.3,0,159,15,0,11,0,0,5,0,0,0,0,2,70.2
121640,Ryan Jackson,DI,0,0,,0,1,,E KENTUCKY,0,D97,0,0,0,35,1,2025,54,22.5,0,0,,2,0,0,0,18,0,64.7,0,0,0,0,E KENTUCKY,0,0,2,0,,0,50,75.9,,77.6,0,159,54,0,36,0,0,19,0,1,0,0,0,78.7
121681,Devion Hargrove,CB,1,0,,0,0,100,HOUCHR,2,D03,28,1,0,0,1,2026,0,76.6,6,1,62.4,0,0,15,0,0,0,62.2,24,0,0,0,HOUCHR,0,0,0,0,6,3,0,63,6,74.3,0,183,28,2,0,0,91.7,13,0,0,0,0,0,
121739,Kerion Martin,S,1,0,,0,1,100,YNGTOWN ST,3,D04,64,38,0,4,1,2026,4,51.7,9,1,69.5,0,0,27,0,0,0,57.6,0,1,0,0,YNGTOWN ST,1,0,1,0,9,25,20,65.2,9,75.5,0,353,68,0,0,0,104.2,37,1,1,1,0,4,57.8
121745,Zane Porter,LB,2,0,,0,0,100,MOREHEAD,3,D02,9,2,0,2,1,2026,19,80.5,11,2,72.1,0,0,7,0,0,0,70.1,0,0,0,0,MOREHEAD,3,0,0,0,7,7,0,74,5.5,79.4,0,234,28,1,0,0,89.6,19,0,1,0,0,19,58.6
121813,Davon Martin,CB,0,0,,0,0,,MURRAY ST,2,D23,21,3,0,0,1,2026,0,76.6,0,0,65.8,0,0,6,0,0,0,65.1,18,0,0,0,MURRAY ST,0,0,0,0,,0,0,67.4,,72.5,0,236,21,0,0,0,0,15,0,0,0,0,0,
121835,Ahmad Bradley,DI,0,0,,0,1,,SE LA,1,D79,0,0,0,17,1,2026,35,34.4,0,0,,0,0,0,0,6,0,58.6,0,0,0,0,SE LA,1,0,0,0,,0,33.3,56.9,,75.9,0,294,35,0,29,0,0,18,0,1,0,0,0,55.5
121966,Josh Emmanuel,LB,0,0,,0,0,,INCAR WORD,0,D32,1,0,0,1,1,2025,0,,0,0,,0,0,0,0,0,0,,0,0,0,0,INCAR WORD,0,0,0,0,,0,,60,,60,0,189,1,0,0,0,0,0,0,0,0,0,0,60
122063,Fisher Jackson,ED,1,0,,0,3,100,UTAHTC,2,D11,0,0,0,16,1,2026,53,26.3,1,1,71.2,2,0,2,2,0,0,46.7,0,0,1,0,UTAHTC,2,0,2,0,1,0,50,47.4,1,0,0,1285,53,0,0,0,79.2,35,0,1,0,0,51,53.7
122101,Jalon Hunter,CB,3,0,,0,0,66.7,STF AUSTIN,0,D31,20,0,0,0,1,2025,0,74.2,27,2,64.4,0,0,11,0,0,0,60.9,20,0,0,0,STF AUSTIN,0,0,0,0,20,0,0,65,13.5,73.2,0,301,20,5,0,0,95.1,9,0,1,0,0,0,
122103,Rodney Johnson,CB,3,0,,0,0,100,SOUTHERN U,5,D00,59,4,0,0,1,2026,0,81.2,11,3,78.8,0,0,39,0,0,0,57.5,51,0,0,0,SOUTHERN U,2,0,0,0,6,4,0,76.6,3.7,76.5,0,297,59,8,0,0,81.9,20,0,1,0,0,0,
122120,Ky Thomas,ED,0,0,,0,2,,STF AUSTIN,1,D97,0,0,1,14,1,2026,26,28.1,0,0,,3,0,0,20,0,0,73.5,0,0,1,0,STF AUSTIN,1,0,4,0,,0,66.7,58.3,,0,0,301,26,0,1,0,0,12,1,0,0,0,5,53.2
122125,Jeremiah Walker,CB,2,0,2025,0,0,0,STF AUSTIN,0,D05,31,0,0,0,1,2025,0,,0,0,67,0,0,21,0,0,0,60.9,31,0,0,0,STF AUSTIN,0,0,0,0,,0,,67.3,,74.9,0,301,31,0,0,0,39.6,10,0,0,0,0,0,
122196,Darion Smith,ED,0,0,,0,0,,MO STATE,1,D02,0,0,0,31,1,2025,60,74.1,0,0,60,0,0,0,2,0,0,62.6,0,0,0,0,MO STATE,1,0,0,0,,0,0,58.9,,80,0,230,60,0,0,0,0,29,0,0,0,0,58,53.7
122227,KeShawn Washington,S,0,0,,0,1,,MURRAY ST,3,D25,19,15,0,3,1,2026,6,55.1,0,0,64.6,0,0,6,0,0,0,62.7,0,0,0,0,MURRAY ST,0,0,0,0,,2,16.7,63.9,,75.7,0,236,25,0,0,0,0,16,0,2,2,0,6,57.5
122240,Kevon Haigler,ED,0,0,,0,0,,MURRAY ST,1,D06,0,0,1,7,1,2026,15,75.2,0,0,,0,0,0,0,0,0,66.2,0,0,0,0,MURRAY ST,2,0,1,0,,0,0,67.6,,75.7,0,236,15,0,0,0,0,8,0,0,0,0,15,62.3
122255,Mike Smith Jr.,S,2,0,2025,0,0,100,E KENTUCKY,9,D02,69,10,0,0,1,2025,0,86.3,28,2,65,0,0,46,0,0,0,71.3,2,0,0,0,E KENTUCKY,0,0,0,0,17,16,0,67.5,14,79.7,0,159,69,21,0,0,158.3,23,0,0,41,1,0,
122261,Tony Anyanwu,ED,0,0,,0,1,,STF AUSTIN,0,D26,0,0,0,23,1,2026,29,23.1,0,0,,2,0,0,25,1,0,65.5,0,1,1,0,STF AUSTIN,0,0,3,0,,0,100,53.1,,0,0,301,29,0,1,0,0,6,0,0,0,0,2,56.1
122375,Da'Quan Johnson,S,3,0,,0,0,33.3,CAMPBELL,2,D10,28,14,0,0,1,2025,0,78.6,6,1,67.4,0,1,22,0,0,0,64.2,0,0,1,0,CAMPBELL,1,0,0,0,6,4,0,68.3,6,75.9,0,131,28,1,0,0,2.8,6,0,0,10,0,0,
122439,Anthony Fieldings,CB,2,0,,0,1,50,ALAB A&M,0,D05,60,3,0,0,1,2027,0,28.1,31,1,55.2,0,0,23,0,0,0,67.1,55,0,0,0,ALAB A&M,0,0,0,0,31,1,50,58.1,31,76.8,0,104,60,19,0,0,135.4,37,0,1,1,1,0,
122454,Sean Pelkisson,ED,0,0,,0,0,,RHODE ISLD,1,D22,0,0,1,10,1,2025,12,75.2,0,0,,1,0,0,0,0,0,64.6,0,0,0,0,RHODE ISLD,1,0,2,0,,0,0,67.7,,74.6,0,274,12,0,1,0,0,2,0,0,0,0,11,61.6
122467,Brandon Wilson,DI,0,0,,0,0,,E TENN ST,0,D94,0,0,0,3,1,2025,9,,0,0,,0,0,0,0,1,0,62,0,0,0,0,E TENN ST,0,0,0,0,,0,,61.4,,70.9,0,157,9,0,8,0,0,6,0,0,0,0,0,58.2
122472,Khatavian Franks,LB,3,0,,0,1,100,DUQUESNE,4,D01,37,37,0,3,1,2026,1,58.1,58,3,53.8,0,0,16,0,0,0,74.9,0,0,0,0,DUQUESNE,3,0,0,0,52,0,14.3,64.5,19.3,76.2,0,155,38,54,0,0,158.3,19,0,2,0,1,1,55.8
122488,Tyson Meiguez,LB,0,0,,0,2,,MURRAY ST,1,D01,30,30,0,1,1,2026,0,31.1,0,0,55.5,0,0,11,0,0,0,56.4,0,0,0,0,MURRAY ST,0,0,0,0,,0,40,54.4,,73.8,0,236,30,0,0,0,0,18,0,2,0,0,0,59.7
122509,Mason Chambers,S,5,1,,0,2,20,INCAR WORD,4,D03,84,44,0,2,1,2025,2,46.6,9,1,79.1,0,1,52,0,0,0,52.4,0,0,0,0,INCAR WORD,1,0,0,0,9,4,25,71.6,9,78.1,0,189,86,3,0,1,0,32,1,2,36,0,2,58.9
122542,Hunter Zenzen,ED,0,0,,0,0,,N DAK ST,1,D99,0,0,0,14,1,2026,28,73.3,0,0,,0,0,0,2,0,0,65,0,0,0,0,N DAK ST,1,0,0,0,,0,0,60.7,,76.2,0,250,28,0,0,0,0,14,0,1,0,0,26,54.1
122568,Johnquai Lewis,S,1,0,,0,0,0,MCNEESE,1,D07,32,13,0,2,1,2026,0,78.5,0,0,87.4,0,1,21,0,0,0,70.5,0,1,0,0,MCNEESE,1,0,1,0,,12,0,87.4,,73.8,0,217,32,0,0,0,0,9,0,2,7,0,0,59.5
122574,Karon Prunty,CB,3,0,2026,0,0,100,NC A&T,3,D01,14,3,0,0,1,2026,0,77.7,67,3,59.4,0,0,7,0,0,0,63.9,10,0,0,0,NC A&T,1,0,0,0,64,1,0,61.6,22.3,70.6,0,246,14,51,0,0,158.3,7,0,0,0,1,0,
122640,Dabari Hawkins,CB,7,0,,0,1,57.1,TARLETON,4,D05,59,3,0,2,1,2026,2,52.9,22,4,60.8,0,0,38,0,0,0,49.2,53,0,0,0,TARLETON,2,0,0,0,9,3,20,58.5,5.5,77.6,0,401,61,5,0,0,62.8,21,0,0,0,0,2,58
122683,Taz Marshall,S,0,0,,0,1,,MS VLY ST,1,D14,5,2,0,0,1,2026,1,21.8,0,0,50.6,0,0,3,0,0,0,60,0,0,0,0,MS VLY ST,0,0,0,0,,2,50,50.9,,70.6,0,228,6,0,0,0,0,3,0,0,1,0,1,
122709,Lovie Jenkins,S,0,0,,0,0,,MURRAY ST,1,D32,24,13,0,2,1,2026,2,78.7,0,0,65.7,0,0,9,0,0,0,45.5,0,0,1,0,MURRAY ST,0,0,0,0,,5,0,48.8,,0,0,236,26,0,0,0,0,15,0,1,5,0,2,56.9
122740,Tahj Chambers,LB,3,0,2026,0,0,100,MO STATE,6,D26,56,46,0,1,1,2026,6,81.6,20,3,59.7,0,0,30,0,0,0,53.4,0,0,0,0,MO STATE,3,0,0,0,11,8,0,56.3,6.7,78.5,0,230,62,0,0,0,94.4,31,1,1,2,0,6,59.6
122748,P.J. Hall,S,1,0,,0,0,0,MO STATE,7,D01,72,42,0,0,1,2025,3,85.2,0,0,68.1,0,0,38,0,0,0,64.3,0,0,1,0,MO STATE,1,0,0,0,,9,0,64.6,,0,0,230,75,0,0,0,39.6,37,0,2,21,0,3,
122773,Armon Wallace,DI,0,0,,0,0,,MO STATE,0,D96,0,0,0,8,1,2025,23,70.2,0,0,,0,0,0,1,2,0,50.8,0,0,0,0,MO STATE,0,0,0,0,,0,0,50.5,,73.7,0,230,23,0,20,0,0,15,0,1,0,0,0,56.8
122823,Jalen Brooks,LB,1,0,,0,0,0,CAMPBELL,7,D19,60,57,0,3,1,2026,0,82,0,0,77,1,0,37,0,0,0,89.6,0,0,1,0,CAMPBELL,5,0,1,0,,3,0,82.4,,0,0,131,60,0,0,1,39.6,20,0,0,0,0,0,55.4
122844,Clyde Pinder,DI,0,0,,0,1,,FL A&M,1,D99,0,0,0,13,1,2026,27,44.2,0,0,,1,0,0,0,2,0,72.4,0,0,0,0,FL A&M,1,0,1,0,,0,25,72.6,,74.3,0,164,27,0,23,0,0,14,1,2,0,0,2,63.3
122908,Caleb Offord,CB,8,0,2026,0,0,75,ALABAMA ST,4,D05,65,1,0,0,1,2026,0,79.5,73,6,67.7,0,0,41,0,0,0,63.9,64,0,0,0,ALABAMA ST,1,0,0,0,31,0,0,68.1,12.2,77.2,0,105,65,14,0,0,142.2,24,0,0,0,1,0,
123019,AJ Roberts,LB,5,1,,0,0,60,STNY BROOK,5,D02,59,56,0,2,1,2027,0,82.4,58,3,70.9,2,1,32,0,0,0,89.2,0,0,0,0,STNY BROOK,3,0,2,0,32,2,0,82.6,19.3,73.6,0,303,59,38,0,1,60.8,25,1,3,1,0,0,58.2
123042,Latarie Kinsler,ED,0,0,,0,0,,FL A&M,0,D01,0,0,1,8,1,2026,12,71.1,0,0,,0,0,0,0,0,0,60.2,0,0,0,0,FL A&M,0,0,1,0,,0,,74.6,,72.8,0,164,12,0,0,0,0,4,0,0,0,0,12,75
123194,KJ Pierce,DI,0,0,,0,0,,CITADEL,1,D99,0,0,0,13,1,2025,22,72.2,0,0,,0,0,0,0,7,0,69,0,0,0,1,CITADEL,0,0,0,0,,0,0,69.9,,74.2,0,139,22,0,15,0,0,9,0,1,0,0,0,62.9
123195,Dominick Poole,S,6,0,,0,1,100,CITADEL,4,D19,46,7,0,1,1,2025,1,58.8,54,6,75.8,1,1,32,0,0,0,72,2,0,0,0,CITADEL,2,0,1,0,14,35,16.7,78,9,78.4,0,139,47,67,0,0,64.6,14,0,1,2,0,1,63.7
123334,Xavier Spencer,CB,7,0,,0,1,57.1,SOUTHERN U,5,D03,61,4,0,0,1,2026,0,61.8,91,4,59,0,0,39,0,0,0,68.8,55,0,0,0,SOUTHERN U,2,0,0,0,53,1,14.3,61,22.8,76.5,0,297,61,55,0,1,141.4,22,0,1,1,1,0,
123362,Lakeem Rudolph,LB,1,0,,0,0,0,CAMPBELL,0,D01,45,17,0,7,1,2026,6,74.8,0,0,72.8,0,1,28,0,0,0,65.2,0,0,0,0,CAMPBELL,0,0,0,0,,28,0,71.2,,77.5,0,131,51,0,0,0,0,16,0,1,0,0,6,56
123371,James Ash,DI,0,0,,0,0,,FL A&M,7,D00,0,0,1,15,1,2026,34,76.7,0,0,,0,0,0,1,2,0,78.2,0,0,0,0,FL A&M,6,0,1,0,,0,0,80.9,,74.7,0,164,34,0,31,0,0,19,0,0,0,0,0,70.3
123549,Jason Scott,S,1,0,,0,0,100,DELAWARE,3,D17,39,26,0,0,1,2026,3,83.2,25,1,59.1,0,0,19,0,0,0,76,0,0,0,0,DELAWARE,3,0,0,0,25,6,0,67.6,25,75.4,0,151,42,14,0,0,118.8,23,2,3,7,0,3,
123554,Sammy Anderson Jr.,CB,3,0,,0,1,66.7,AUSTINPEAY,1,D05,31,2,0,0,1,2028,0,41.8,86,2,35.5,0,0,16,0,0,0,53.4,28,0,1,0,AUSTINPEAY,0,0,0,0,75,1,33.3,36.3,43,74.7,0,116,31,44,0,0,149.3,15,0,1,0,1,0,
123567,Daved Jones Jr.,LB,0,0,,0,0,,JACKSON ST,0,D32,1,1,0,0,1,2026,0,,0,0,60,0,0,1,0,0,0,,0,0,0,0,JACKSON ST,0,0,0,0,,0,,60.1,,63.9,0,194,1,0,0,0,0,0,0,0,0,0,0,
123604,Marlon Krakue,ED,0,0,,0,0,,N ALABAMA,0,D15,0,0,0,7,1,2025,15,,0,0,,1,0,0,3,0,0,62.4,0,0,0,0,N ALABAMA,0,0,1,0,,0,,65.8,,73.9,0,389,15,0,0,0,0,8,0,0,0,0,12,64.6
123621,Chance Coleman,LB,1,0,,0,0,0,FL A&M,1,D32,12,12,0,0,1,2026,0,73.2,0,0,44.8,0,0,8,0,0,0,72.4,0,0,0,0,FL A&M,0,0,0,0,,0,0,52.1,,70.6,0,164,12,0,0,0,39.6,4,0,0,0,0,0,
123650,Andrew Volmar,CB,3,0,,0,0,0,BETH COOK,2,D12,35,0,0,0,1,2025,0,76.6,0,0,68.3,0,0,11,0,0,0,66.6,35,0,0,0,BETH COOK,0,0,0,0,,0,0,69.5,,75,0,119,35,0,0,1,39.6,24,0,0,0,0,0,
123733,Philjae Bien-Aime,CB,1,0,,0,0,100,N ALABAMA,0,D07,27,2,0,1,1,2026,1,,4,1,66.2,0,0,19,0,0,0,64.7,1,0,0,0,N ALABAMA,0,0,0,0,4,24,,67.9,4,77.3,0,389,28,7,0,0,83.3,8,0,0,0,0,1,59.7
123767,Ira Armstead,ED,1,0,,0,0,100,E ILLINOIS,3,D00,1,1,0,12,1,2025,27,76.9,11,1,61.2,1,0,1,0,0,0,65.8,0,0,0,1,E ILLINOIS,2,0,1,0,11,0,0,75,11,78.5,0,158,28,11,0,0,112.5,15,1,0,0,0,27,76.2
123780,Jon Horton,ED,0,0,,0,1,,GRAMBLING,0,D09,0,0,0,11,1,2027,24,29.6,0,0,60,1,0,1,1,0,0,57.1,0,0,0,0,GRAMBLING,0,0,1,0,,0,50,55,,76.7,0,177,24,0,1,0,0,12,0,1,0,0,22,54.4
123828,Ty Moss,S,2,0,,0,0,0,TENN TECH,0,D01,3,1,0,0,1,2026,0,,0,0,61,0,0,2,0,0,0,60,0,0,0,0,TENN TECH,0,0,0,0,,1,,61.2,,68,0,309,3,0,0,0,39.6,1,0,0,1,0,0,
123888,Ike Okoye,ED,0,0,,0,0,,ST FRANCIS,0,D41,0,0,0,5,1,2026,6,,0,0,,0,0,0,2,0,0,60,0,0,0,0,ST FRANCIS,0,0,0,0,,0,,57.4,,70.2,0,299,6,0,0,0,0,1,0,0,0,0,4,56.6
123898,Rashad Whitehead,ED,0,0,,0,0,,E TENN ST,1,D08,1,0,0,4,1,2026,8,71.5,0,0,,0,0,0,0,0,0,66.5,0,1,0,0,E TENN ST,1,0,1,0,,0,0,70.3,,84.2,0,157,9,0,0,0,0,5,1,0,0,0,8,64.1
123909,Jackson Bratton,LB,2,0,,0,2,100,N ALABAMA,2,D02,45,42,1,11,1,2025,1,29.6,4,2,56.8,0,0,18,0,0,0,65.8,0,0,0,0,N ALABAMA,2,0,1,0,3,3,40,62.1,2,73.7,0,389,46,13,0,0,79.2,17,0,1,0,0,1,61.6
123941,C.J. Williams,CB,3,0,,0,2,33.3,W CAROLINA,2,D04,58,4,0,1,1,2025,8,28.7,42,1,54.8,0,0,28,0,0,0,46.4,54,0,0,0,W CAROLINA,0,0,0,0,42,0,50,51.4,42,79.4,0,344,66,6,0,0,81.9,37,0,0,0,0,8,59
123969,Nick Turner,CB,1,0,,0,0,100,GRAMBLING,1,D11,11,3,0,0,1,2026,0,74.8,6,1,64.9,0,0,4,0,0,0,60.3,0,0,0,0,GRAMBLING,0,0,0,0,6,6,0,65.2,6,74.7,0,177,11,4,0,0,91.7,7,0,0,2,0,0,
124000,Eric Reed Jr.,CB,0,0,,0,0,,SOUTHERN U,1,D13,9,1,0,0,1,2027,0,73.5,0,0,62.8,0,0,4,0,0,0,62.9,8,0,0,0,SOUTHERN U,0,0,0,0,,0,0,65.2,,70,0,297,9,0,0,0,0,5,0,0,0,0,0,
124063,Cody Goatley,LB,2,0,,0,0,100,E TENN ST,1,D00,16,14,0,1,1,2025,0,73.2,41,2,29.5,0,0,7,0,0,0,52.9,0,0,0,0,E TENN ST,1,0,0,0,29,2,0,29.2,20.5,71.7,0,157,16,13,0,0,158.3,8,0,0,0,1,0,59.8
124079,Vito Tisdale Jr.,CB,6,0,,0,0,66.7,E KENTUCKY,3,D06,67,6,0,1,1,2026,0,78,40,4,61.3,0,0,44,0,0,0,70.6,59,0,0,0,E KENTUCKY,2,0,0,0,21,2,0,63.1,10,76.8,0,159,67,25,0,0,125,22,1,0,0,1,0,59.3
124083,Joel Williams,S,0,0,,0,0,,GRAMBLING,3,D83,34,7,0,0,1,2027,4,79.4,0,0,71.2,0,1,17,0,0,0,72.1,0,0,0,0,GRAMBLING,1,0,0,0,,26,0,73.8,,79.6,0,177,38,0,0,0,0,21,0,1,1,0,4,
124112,Antoine Sampah,LB,2,0,,0,0,100,CAMPBELL,4,D07,41,40,0,1,1,2026,0,79,16,2,63.5,0,0,25,0,0,0,64.6,0,0,1,0,CAMPBELL,3,0,0,0,13,1,0,59.9,8,0,0,131,41,1,0,0,100,15,0,0,0,0,0,59.5
124118,Phillip Webb,ED,0,0,,0,0,,JACKSON ST,0,D39,3,2,0,8,1,2025,16,,0,0,47.9,1,0,4,0,0,0,55.4,0,1,0,0,JACKSON ST,0,0,2,0,,1,,56.2,,76.7,0,194,19,0,0,0,0,7,0,0,0,0,16,70.9
124271,Chayce Bishop,S,0,0,,0,0,,CHATTNOOGA,1,D25,9,8,0,0,1,2026,0,74.8,0,0,61.9,0,0,4,0,0,0,65.7,0,0,0,0,CHATTNOOGA,1,0,0,0,,0,0,67.6,,71,0,137,9,0,0,0,0,5,0,0,1,0,0,
124321,Avery Hughes,S,3,0,,0,1,66.7,LAMAR,4,D43,18,5,0,0,1,2026,0,56.2,37,2,64.9,0,0,11,0,0,0,66.2,0,0,0,0,LAMAR,1,0,0,0,21,3,20,67.2,18.5,73.7,0,204,18,26,0,1,109,7,0,0,10,0,0,
124356,Chase Lloyd,S,0,0,,0,0,,FL A&M,0,D12,16,4,0,0,1,2026,0,,0,0,63,0,0,7,0,0,0,61,0,0,0,0,FL A&M,0,0,0,0,,2,,63.4,,74.2,0,164,16,0,0,0,0,9,0,0,10,0,0,
124722,Jeremiah Bodwin,LB,0,0,,0,0,,NWSTATE,1,D13,1,1,0,0,1,2026,2,74.3,0,0,61.5,0,0,1,0,0,0,60.6,0,0,0,0,NWSTATE,0,0,0,0,,0,0,65.4,,68,0,257,3,0,0,0,0,2,0,0,0,0,2,
124795,Shug Bentley,LB,0,0,,0,1,,STETSON,2,D41,17,15,0,0,1,2029,0,63.9,0,0,64.4,0,0,7,0,0,0,70.5,0,0,0,0,STETSON,1,0,0,0,,2,20,74.3,,72.6,0,302,17,0,0,0,0,10,0,2,0,0,0,64.5
124922,Toby Bolton,CB,3,0,,0,0,66.7,TENN TECH,1,D21,39,0,0,0,1,2028,0,73.5,31,2,51.7,0,0,15,0,0,0,63.4,39,0,0,0,TENN TECH,0,0,0,0,21,0,0,53.9,15.5,75.5,0,309,39,5,0,0,100.7,24,0,0,0,0,0,
125047,Jett Sutton,S,0,0,,0,0,,N DAKOTA,2,D33,47,22,0,0,1,2028,2,80.2,0,0,81.5,0,0,19,0,0,0,75.1,0,0,0,0,N DAKOTA,1,0,0,0,,15,0,82.2,,77.2,0,249,49,0,0,1,0,30,0,2,10,0,2,
125303,Loshiaka Roques,ED,1,0,,0,0,0,N DAK ST,0,D56,0,0,0,13,1,2025,30,,0,0,61.5,1,0,2,0,0,0,62.3,0,1,1,0,N DAK ST,0,0,2,0,,0,,68.9,,0,0,250,30,0,0,0,39.6,15,0,0,0,0,30,73.3
125320,Dyshier Clary,DI,0,0,,0,1,,STNY BROOK,0,D13,0,0,0,10,1,2026,19,21.8,0,0,,1,0,0,12,0,0,73.7,0,0,0,0,STNY BROOK,0,0,1,0,,0,100,63.3,,73.3,0,303,19,0,7,0,0,9,0,0,0,0,0,47.2
125366,Robert Johnson,DI,0,0,,0,1,,W GEORGIA,1,D96,0,0,0,12,1,2026,39,26.5,0,0,,0,0,0,2,1,0,66.1,0,2,0,0,W GEORGIA,1,0,2,0,,0,33.3,69,,75.5,0,1177,39,0,34,0,0,27,0,1,0,0,2,68.1
125381,Deco Wilson,S,2,0,,0,1,0,FL A&M,2,D11,55,29,0,0,1,2025,0,66.4,0,0,52.7,0,0,23,0,0,0,60.3,0,0,0,0,FL A&M,0,0,0,0,,4,14.3,55.6,,76.8,0,164,55,0,0,0,39.6,32,0,4,22,0,0,
126548,Michael Teason Jr.,LB,0,0,,0,0,,MO STATE,1,D28,25,24,0,0,1,2028,0,73.2,0,0,63.4,0,0,10,0,0,0,73.6,0,0,0,0,MO STATE,1,0,0,0,,1,0,72.3,,73.2,0,230,25,0,0,0,0,15,0,0,0,0,0,
127096,Jack Stoll,LB,4,0,,0,0,100,CENT CT ST,4,D23,46,43,0,2,1,2026,0,81.3,75,4,57.3,0,0,20,0,0,0,54.5,0,0,0,0,CENT CT ST,2,0,0,0,26,3,0,54.9,18.8,70.3,0,133,46,39,0,0,158.3,24,0,2,0,2,0,58.8
127510,Ejike Adele,ED,0,0,,0,0,,DARTMOUTH,5,D06,1,1,2,25,1,2026,49,78.7,0,0,60,2,0,0,13,0,0,77,0,0,0,0,DARTMOUTH,6,0,4,0,,0,0,86.4,,77.2,0,148,50,0,7,0,0,25,1,1,0,0,29,82.2
127949,Keydrain Calligan,CB,7,0,2025,0,1,71.4,SE LA,2,D08,67,3,0,0,1,2025,0,53.1,57,5,57.5,0,0,37,0,0,0,66.7,64,0,0,0,SE LA,0,0,0,0,41,0,33.3,59.4,11.4,76.9,0,294,67,11,0,0,135.1,30,0,0,0,1,0,
128041,Trevon Piggee,DI,0,0,,0,0,,E ILLINOIS,1,D90,0,0,0,4,1,2028,13,70.2,0,0,,0,0,0,1,0,0,67.8,0,0,0,0,E ILLINOIS,1,0,0,0,,0,0,67.9,,72,0,158,13,0,12,0,0,9,1,0,0,0,0,58.7
128072,Tristan Armstrong,CB,4,0,,0,0,75,CENT CT ST,4,D02,29,2,0,0,1,2028,1,80.1,9,3,75.5,0,0,16,0,0,0,65.3,25,0,0,0,CENT CT ST,2,0,0,0,7,2,0,76,3,75.1,0,133,30,2,0,0,116.7,14,1,0,0,1,1,
128153,Brandon Guzman,CB,8,0,,0,0,50,CAMPBELL,4,D06,59,4,0,0,1,2026,0,79.5,44,4,65.2,0,0,40,0,0,0,56.9,48,0,0,0,CAMPBELL,1,0,0,0,22,6,0,64.4,11,76.8,0,131,59,0,0,0,66.7,19,0,0,1,0,0,
128164,Payton Polson,LB,1,0,,0,0,100,N COLORADO,1,D36,25,24,0,0,1,2025,0,76.8,14,1,63.4,0,0,9,0,0,0,52.2,0,0,0,0,N COLORADO,1,0,0,0,14,1,0,57.1,14,73.9,0,253,25,18,0,0,118.8,16,0,1,0,0,0,
128168,Sanjay Strickland,LB,3,0,,0,2,100,LNDNWD,9,D15,88,83,0,10,1,2026,0,57.3,86,3,61.8,1,0,54,0,0,0,84.4,0,0,0,0,LNDNWD,3,0,1,0,40,4,15.4,72,28.7,78.3,0,949,88,33,0,0,118.8,24,0,2,1,0,0,60.3
128218,Riley Wilson,ED,3,0,2026,0,0,66.7,MONTANA,3,D42,20,20,0,17,1,2026,24,78.2,20,2,50.5,0,0,8,0,0,0,76.8,0,1,1,0,MONTANA,3,0,1,0,13,0,0,73.9,10,0,0,232,44,10,0,0,85.4,19,0,1,0,0,24,83.7
128219,Marquese Allen-Patmon,S,2,0,,0,3,100,ARKAPB,6,D37,39,26,0,0,1,2025,0,34.8,11,2,60.9,0,0,12,0,0,0,50.5,0,0,0,0,ARKAPB,3,0,0,0,6,4,30,56.1,5.5,75.3,0,112,39,18,0,0,89.6,27,1,1,9,0,0,
128223,Davion Blackwell,LB,0,0,,0,0,,AUSTINPEAY,2,D09,21,21,0,1,1,2026,2,77.4,0,0,62.8,0,0,7,0,0,0,69,0,0,0,0,AUSTINPEAY,1,0,0,0,,0,0,69.4,,70.5,0,116,23,0,0,0,0,15,0,1,0,0,2,60
128255,Mathias Bertram,S,2,0,,0,2,100,IDAHO,4,D31,30,9,0,2,1,2025,4,33.3,14,2,50.2,1,0,13,0,0,0,50,0,0,0,0,IDAHO,1,0,1,0,7,21,33.3,51.2,7,76.3,0,185,34,10,0,0,95.8,19,0,0,0,0,4,70
128264,Dion Hunter,LB,0,0,,0,0,,AUSTINPEAY,2,D44,50,48,0,4,1,2025,1,82.4,0,0,68.4,0,0,23,0,0,0,75.4,0,0,0,0,AUSTINPEAY,0,0,0,0,,2,0,74,,73.8,0,116,51,0,0,0,0,24,0,6,0,0,1,57.1
128304,Vai Kaho,LB,0,0,,0,1,,MONTANA,2,D00,22,22,0,2,1,2025,3,42.3,0,0,66.2,0,0,9,0,0,0,64,0,0,0,0,MONTANA,1,0,0,0,,0,25,66.5,,72.9,0,232,25,0,0,0,0,14,0,1,0,0,3,57.7
128788,A.J. Seay,CB,2,0,,0,1,100,N ALABAMA,0,D20,14,0,0,0,1,2026,1,21.7,89,2,33.8,0,0,9,0,0,0,60.2,14,0,1,0,N ALABAMA,0,0,0,0,69,0,100,34.1,44.5,73.1,0,389,15,59,0,0,158.3,6,0,0,0,1,1,
129179,Jeremiah Bailey,DI,0,0,,0,0,,E KENTUCKY,3,D04,0,0,0,36,1,2027,54,75.7,0,0,60,2,0,0,12,0,0,77.6,0,0,0,0,E KENTUCKY,3,0,2,0,,0,0,70.3,,76.7,0,159,54,0,28,0,0,18,1,1,0,0,14,57.9
129393,Reuben Lowery III,S,2,0,2025,0,0,100,CHATTNOOGA,4,D07,42,6,0,0,1,2025,4,80.4,24,2,64.9,0,0,27,0,0,0,64.1,0,0,0,0,CHATTNOOGA,2,0,0,0,27,35,0,65.8,12,78.3,0,137,46,7,0,0,116.7,19,2,0,1,0,4,
129400,Bo Spearman,LB,5,0,,0,3,80,AUSTINPEAY,6,D06,46,37,0,8,1,2025,4,29.2,50,4,50.4,0,0,19,0,0,0,69.3,0,0,0,0,AUSTINPEAY,3,0,0,0,30,8,33.3,57,12.5,75.1,0,116,50,9,0,0,108.3,23,2,0,1,0,4,55.4
129403,Jordan Walker,S,0,0,,0,0,,CHATTNOOGA,1,D04,36,10,0,0,1,2026,3,72.2,0,0,65.7,0,0,21,0,0,0,64.7,0,0,0,0,CHATTNOOGA,1,0,0,0,,7,0,66.6,,76.7,0,137,39,0,0,0,0,18,0,0,19,0,3,
129404,Quay Wiggles,DI,0,0,,0,0,,CHATTNOOGA,1,D00,0,0,0,21,1,2025,35,72.2,0,0,60,4,0,0,3,0,0,59.2,0,0,0,0,CHATTNOOGA,0,0,4,0,,0,0,67.7,,74.9,0,137,35,0,32,0,0,14,0,1,0,0,0,71.4
129553,Isaac Dowling,LB,2,0,,0,3,100,MERCER,4,D03,54,49,0,10,1,2025,0,34.9,19,2,50.3,1,0,29,0,0,0,70.6,0,0,0,0,MERCER,3,0,1,0,10,5,33.3,59.8,9.5,74.7,0,219,54,15,0,0,106.3,15,1,2,0,0,0,67.9
129562,TJ Moore,CB,13,0,2025,0,2,38.5,MERCER,7,D08,84,0,0,0,1,2025,0,58.1,50,5,65.2,0,0,66,0,0,0,62.1,84,0,0,0,MERCER,2,0,0,0,19,0,18.2,65.5,10,78.2,0,219,84,22,0,0,50.2,18,0,2,0,0,0,
129565,Jordan Swain,DI,1,0,,0,1,0,MERCER,3,D91,2,2,0,23,1,2026,31,41.4,0,0,60,0,0,1,0,13,0,64.2,0,0,0,0,MERCER,1,0,0,0,,0,25,60.1,,77.2,0,219,33,0,18,0,39.6,9,0,0,0,0,0,54.4
129567,Jaden Taylor,DI,0,0,,0,0,,NC CENT,3,D10,0,0,0,25,1,2026,55,77.3,0,0,,1,0,0,0,4,0,91,0,1,0,0,NC CENT,3,0,2,0,,0,0,87.2,,76.8,0,247,55,0,51,0,0,30,1,5,0,0,0,61.4
129591,Jerome Nichols,LB,1,0,,0,0,100,FL A&M,2,D20,11,11,0,1,1,2026,0,75.8,6,1,63.5,0,0,4,0,0,0,63,0,0,0,0,FL A&M,1,0,0,0,6,0,0,65.1,6,67.8,0,164,11,2,0,0,91.7,6,0,0,0,0,0,59.6
129621,Devin Hightower,LB,2,0,,0,1,100,RHODE ISLD,3,D02,57,49,1,2,1,2027,0,65.7,29,2,59.5,0,0,38,0,0,0,72.2,0,0,0,0,RHODE ISLD,4,0,1,0,19,4,12.5,65.9,14.5,74.6,0,274,57,8,0,0,118.8,17,0,4,4,0,0,67.9
129675,Marquis Black,DI,0,0,,0,0,,GARD-WEBB,1,D96,0,0,0,38,1,2026,56,68.7,0,0,,1,0,0,1,22,0,61.3,0,0,0,0,GARD-WEBB,1,0,1,0,,0,0,57.1,,78.6,0,171,56,0,33,0,0,18,1,0,0,0,0,53.8
129872,Amir Byrd,S,0,0,,0,0,,MAINE,0,D23,22,12,0,0,1,2025,0,,0,0,64.1,0,0,11,0,0,0,62.4,1,0,0,0,MAINE,0,0,0,0,,6,,64.8,,73.3,0,212,22,0,0,0,0,11,0,0,3,0,0,
129875,Stanley Dennis II,DI,0,0,,0,1,,SACR HEART,3,D02,0,0,0,18,1,2025,35,29.1,0,0,,0,0,0,0,6,0,73.8,0,0,0,0,SACR HEART,3,0,0,0,,0,25,68.5,,75.5,0,280,35,0,29,0,0,17,0,0,0,0,0,55
130297,Ronald Jackson Jr.,CB,4,0,,0,1,75,MONTANA,8,D02,38,6,0,0,1,2027,0,74.2,41,3,50.5,0,0,23,0,0,0,70.9,31,0,1,0,MONTANA,4,0,0,0,23,1,10,55.3,13.7,74.1,0,232,38,9,0,0,107.3,15,0,1,0,0,0,
130360,Elijah Eberhardt,CB,0,0,,0,0,,ALAB A&M,0,D13,1,0,0,0,1,2026,0,,0,0,,0,0,0,0,0,0,60,1,0,0,0,ALAB A&M,0,0,0,0,,0,,60,,63.8,0,104,1,0,0,0,0,1,0,0,0,0,0,
130367,Deshawn Jones Jr.,CB,0,0,,0,1,,STNY BROOK,1,D01,29,1,0,0,1,2025,0,36.5,0,0,66.7,0,1,19,0,0,0,61.2,28,0,0,0,STNY BROOK,0,0,0,0,,0,33.3,67,,74.4,0,303,29,0,0,0,0,10,0,1,0,0,0,
130383,Marcus Sheppard,CB,2,0,,0,0,100,N DAK ST,1,D10,41,0,0,1,1,2025,1,74.2,23,2,65.2,0,0,19,0,0,0,63.3,40,0,1,0,N DAK ST,0,0,0,0,16,1,0,61.1,11.5,0,0,250,42,8,0,0,114.6,22,0,0,0,0,1,60
130391,Jack Wardzala,DI,0,0,,0,0,,DAYTON,3,D95,0,0,1,14,1,2025,36,75.9,0,0,60,0,0,0,1,11,0,72.3,0,1,0,0,DAYTON,3,0,2,0,,0,0,75.1,,75.9,0,150,36,0,24,0,0,22,0,2,0,0,0,68.1
130418,Lonnie Rice,LB,1,0,,0,0,0,BRYANT,1,D18,9,9,0,0,1,2027,0,76,0,0,56,0,0,2,0,0,0,62,0,0,0,0,BRYANT,0,0,0,0,,0,0,49.1,,69,0,124,9,0,0,0,39.6,7,0,1,0,0,0,
130444,Fred Stokes,ED,0,0,,1,0,,PRVIEW A&M,0,D90,1,0,1,27,1,2025,32,71.1,0,0,,0,0,0,4,0,0,62.8,0,0,0,0,PRVIEW A&M,1,0,1,0,,1,,69.1,,76.6,0,270,33,0,0,0,0,6,0,0,0,0,28,67.5
130509,Jeremiah Batiste,CB,4,0,,0,0,25,CHATTNOOGA,3,D19,39,3,0,0,1,2026,0,79.3,8,1,84.5,0,1,21,0,0,0,65.3,36,0,0,0,CHATTNOOGA,0,0,0,0,8,0,0,83.8,8,75.2,0,137,39,0,0,0,0,18,0,1,0,0,0,
130534,Jacquez Warren,S,1,0,,0,1,0,ROB MORRIS,2,D08,51,2,0,0,1,2026,0,51.1,0,0,59.3,0,0,28,0,0,0,55,0,0,0,0,ROB MORRIS,0,0,0,0,,1,25,57.9,,77.1,0,277,51,0,0,0,39.6,23,0,1,48,0,0,
130551,CJ Dunn,DI,0,0,,0,0,,ALAB A&M,0,D61,0,0,0,0,1,2028,2,,0,0,,0,0,0,0,0,0,60.7,0,0,0,0,ALAB A&M,0,0,0,0,,0,,63,,66.6,0,104,2,0,2,0,0,2,0,0,0,0,0,
130616,Jaelen Crider,DI,0,0,,0,0,,YNGTOWN ST,1,D88,0,0,0,16,1,2026,37,71.3,0,0,,0,0,0,0,5,0,71.3,0,0,0,0,YNGTOWN ST,1,0,0,0,,0,0,68.3,,76.4,0,353,37,0,32,0,0,21,0,1,0,0,0,56.8
130647,Quinton Cannon,LB,0,0,,0,0,,GARD-WEBB,1,D10,8,8,0,2,1,2025,0,73.1,0,0,61.2,0,0,4,0,0,0,67.8,0,0,0,0,GARD-WEBB,1,0,0,0,,0,0,69.3,,69.3,0,171,8,0,0,0,0,2,1,0,0,0,0,58.4
130659,Jeremiah Piper,CB,2,0,,0,1,50,W ILLINOIS,3,D01,33,2,0,0,1,2027,0,46.9,1,1,72.6,0,0,12,0,0,0,50.7,31,0,0,0,W ILLINOIS,1,0,0,0,1,0,25,67.4,1,74.8,0,345,33,0,0,0,56.3,21,0,0,0,0,0,
130669,Logan Wilson,DI,0,0,,0,0,,INDIANA ST,0,D95,0,0,0,22,1,2026,40,,0,0,,0,0,0,0,0,0,61.3,0,0,1,0,INDIANA ST,0,0,0,0,,0,,56.9,,0,0,191,40,0,40,0,0,18,0,0,0,0,0,62.1
130674,Jamarion Ellis,ED,0,0,,0,1,,ALAB A&M,5,D07,0,0,0,20,1,2027,57,68.9,0,0,53.7,0,0,2,6,0,0,79.8,0,0,0,0,ALAB A&M,5,0,0,0,,0,10,71.3,,80.2,0,104,57,0,0,0,0,35,2,4,0,0,51,54.1
131222,Brian Booker,DI,0,0,,0,0,,TEXAS STHN,1,D92,0,0,0,7,1,2027,18,70.2,0,0,,1,0,0,1,0,0,62.7,0,0,0,0,TEXAS STHN,1,0,1,0,,0,0,61.1,,73.1,0,313,18,0,17,0,0,11,0,0,0,0,0,56.5
131568,Khary Crump,CB,3,0,,0,0,66.7,HOUCHR,2,D14,67,19,0,0,1,2026,2,78.3,19,2,61.5,0,0,32,0,0,0,58,42,0,2,0,HOUCHR,2,2,0,0,11,6,0,57.6,9.5,0,0,183,69,5,0,0,84,37,1,1,0,0,2,
131590,Ugochukwu Nosike,DI,0,0,,0,0,,W CAROLINA,0,D91,0,0,0,3,1,2025,6,,0,0,,0,0,0,0,1,0,61.9,0,0,0,0,W CAROLINA,0,0,0,0,,0,,68.8,,70.6,0,344,6,0,5,0,0,3,0,0,0,0,0,66.8
131599,Edric Whitley,CB,1,0,,0,0,100,TEXAS STHN,0,D25,14,1,0,0,1,2026,0,,25,1,64.8,0,0,10,0,0,0,60,12,0,0,0,TEXAS STHN,0,0,0,0,25,0,,65.6,25,72.4,0,313,14,14,0,0,118.8,4,0,0,1,0,0,
131640,Dejuan Butler,CB,0,0,,0,0,,SACRAMENTO,0,D28,1,0,0,0,1,2026,0,,0,0,,0,0,0,0,0,0,60,0,0,0,0,SACRAMENTO,0,0,0,0,,0,,60,,60,0,279,1,0,0,0,0,1,0,0,0,0,0,
131662,Tramayne Mejia-Paster,LB,0,0,,0,0,,BETH COOK,1,D00,20,20,0,2,1,2025,2,75.8,0,0,62,0,0,5,0,0,0,54.7,0,0,0,0,BETH COOK,1,0,0,0,,0,0,56.7,,72.3,0,119,22,0,0,0,0,15,0,1,0,0,2,59.2
131680,Devin Grant,ED,0,0,,0,0,,INCAR WORD,2,D44,0,0,0,32,1,2026,53,73.7,0,0,,1,0,0,8,0,0,63.2,0,0,0,0,INCAR WORD,1,0,1,0,,0,0,63.7,,78.1,0,189,53,0,4,0,0,21,0,0,0,0,41,61.3
131707,Louie Cresto,ED,0,0,,0,0,,IDAHO ST,0,D35,0,0,0,17,1,2026,32,73.6,0,0,60,0,0,0,12,0,0,61.8,0,0,0,0,IDAHO ST,0,0,0,0,,0,0,59.5,,75.5,0,186,32,0,1,0,0,15,0,2,0,0,19,55
131931,Marquise Freeman,ED,0,0,,0,0,,CHATTNOOGA,2,D58,0,0,0,13,1,2026,20,74.7,0,0,60,0,0,1,0,0,0,70.9,0,0,0,0,CHATTNOOGA,2,0,0,0,,0,0,68.4,,76.9,0,137,20,0,0,0,0,6,0,0,0,0,20,59.5
131949,Alphonse Oywak,CB,4,0,,0,0,75,E WASHGTON,2,D36,48,1,0,1,1,2026,3,38.3,31,3,62,0,0,20,0,0,0,43.8,46,0,0,0,E WASHGTON,2,0,0,0,24,1,0,56.6,10.3,77.4,0,161,51,13,0,0,136.5,30,0,0,0,1,3,59.3
132106,Syncere Massey,DI,0,0,,0,1,,TEXAS STHN,1,D90,0,0,0,1,1,2027,16,22.3,0,0,,0,0,0,1,1,0,56.6,0,0,0,0,TEXAS STHN,0,0,0,0,,0,50,56.4,,72.6,0,313,16,0,14,0,0,15,0,0,0,0,0,59.8
132419,William McRainey,LB,0,0,,0,0,,E TENN ST,4,D02,35,28,0,4,1,2025,5,80.4,0,0,66.2,0,0,16,0,0,0,73.2,0,1,0,0,E TENN ST,2,0,1,0,,7,0,72.5,,75.9,0,157,40,0,0,0,0,20,0,1,0,0,5,62
132422,Raequan Ousley,CB,6,0,,0,1,50,GARD-WEBB,5,D06,44,1,0,0,1,2025,0,64.2,24,3,75.6,0,0,33,0,0,0,61.5,43,0,0,0,GARD-WEBB,2,0,0,0,11,0,12.5,75.7,8,75.7,0,171,44,-1,0,1,60.4,11,0,2,0,0,0,
132430,Kevon Angry,CB,3,0,,0,0,33.3,ALBANY,1,D14,50,3,0,0,1,2025,2,74.2,4,1,70.9,0,0,28,0,0,0,65,45,0,0,0,ALBANY,0,0,0,0,4,2,0,71.2,4,76.8,0,106,52,0,0,0,42.4,24,0,0,0,0,2,
132436,Jaquarius Guinn,DI,0,0,,0,0,,W CAROLINA,0,D08,0,0,0,10,1,2025,30,,0,0,,1,0,0,3,0,0,64.4,0,0,0,0,W CAROLINA,0,0,1,0,,0,,62.9,,74.4,0,344,30,0,27,0,0,20,0,0,0,0,0,56.4
132445,Chris Morgan,DI,0,0,,0,0,,W CAROLINA,0,D19,0,0,0,16,1,2025,33,,0,0,,1,0,0,0,2,0,55.5,0,0,0,0,W CAROLINA,0,0,1,0,,0,,54.5,,75,0,344,33,0,31,0,0,17,0,0,0,0,0,55.6
132448,Giovanni Ricciardi,LB,2,0,,0,0,50,CITADEL,1,D52,31,27,0,2,1,2025,0,73.6,9,1,66.3,0,0,18,0,0,0,62.1,0,0,0,0,CITADEL,0,0,0,0,9,2,0,66.3,9,75,0,139,31,12,0,1,62.5,11,0,0,2,0,0,58.3
133201,Davone Walden Jr.,CB,4,0,,0,1,50,CENT CT ST,2,D15,56,1,0,0,1,2025,0,37.2,13,2,60.1,0,0,27,0,0,0,50.3,54,0,0,0,CENT CT ST,0,0,0,0,10,1,33.3,58,6.5,76.8,0,133,56,3,0,0,57.3,29,0,0,0,0,0,
133231,Tah Banda,LB,1,0,,0,0,100,LAMAR,1,D08,24,24,0,5,1,2026,4,73.6,4,1,38,1,0,12,0,0,0,78.6,0,3,1,0,LAMAR,1,0,4,0,4,0,0,53.8,4,0,0,204,28,10,0,0,83.3,11,0,0,0,0,4,76.6
133626,Anas Luqman,ED,0,0,,0,3,,ARKAPB,2,D07,0,0,0,22,1,2027,62,25.6,0,0,58.9,1,0,0,17,2,0,63.3,0,0,0,0,ARKAPB,1,0,1,0,,0,60,59.2,,77.9,0,112,62,0,5,0,0,40,1,0,0,0,38,57.8
133881,Joshua Thornhill,S,0,0,,0,3,,BETH COOK,1,D16,23,18,0,0,1,2026,0,28,0,0,63.5,0,0,7,0,0,0,46.6,0,0,0,0,BETH COOK,0,0,0,0,,0,50,53.7,,72.3,0,119,23,0,0,0,0,16,0,2,5,0,0,
133941,Cam Junior,LB,2,0,,0,1,50,E KENTUCKY,1,D01,11,6,0,8,1,2026,15,32.3,0,1,76.5,3,0,6,0,0,0,44.4,0,0,0,1,E KENTUCKY,0,0,3,0,0,5,33.3,67.7,0,76.8,0,159,26,0,0,1,56.3,12,0,1,0,0,15,78.8
133963,Ray Coney,LB,4,0,,0,0,50,E TENN ST,4,D21,33,29,0,4,1,2028,3,79.7,19,2,59.7,0,0,14,0,0,0,54.6,0,0,0,0,E TENN ST,1,0,0,0,12,4,0,55.6,9.5,74.8,0,157,36,20,0,1,63.5,18,0,1,0,0,3,55.4
134754,Gianini Belizaire,DI,0,0,,0,0,,INDIANA ST,2,D00,0,0,1,25,1,2025,45,74.6,0,0,60,1,0,0,0,8,0,67.4,0,0,0,0,INDIANA ST,3,0,2,0,,0,0,67.4,,76.1,0,191,45,0,37,0,0,20,1,0,0,0,0,61.3
134766,Devin Love,DI,0,0,,1,0,,S ILLINOIS,1,D65,0,0,1,11,1,2025,24,73.7,0,0,,1,0,0,0,19,0,68.8,0,0,0,0,S ILLINOIS,2,0,2,0,,0,0,79.2,,75.7,0,295,24,0,5,0,0,13,0,1,0,0,0,80.9
134769,Peyton Reeves,DI,0,0,,0,0,,S ILLINOIS,0,D90,0,0,0,11,1,2026,30,74.8,0,0,,0,0,0,1,20,0,75.8,0,0,0,0,S ILLINOIS,0,0,0,0,,0,0,73.5,,76.2,0,295,30,0,9,0,0,19,0,4,0,0,0,56.9
136847,Leon Young,DI,0,0,,0,0,,TXAMEA,2,D99,1,1,0,14,1,2025,31,71.9,0,0,,2,0,0,0,6,0,55.6,0,0,0,0,TXAMEA,2,0,2,0,,0,0,60.3,,75.3,0,1139,32,0,25,0,0,18,0,0,0,0,0,66.3
136881,D.J. Harris,LB,0,0,,0,2,,HOUCHR,7,D18,53,52,0,2,1,2026,1,60.7,0,0,72.1,3,0,26,0,0,0,78.3,0,1,0,0,HOUCHR,6,0,4,0,,1,15.4,81,,77.4,0,183,54,0,0,0,0,26,0,4,0,0,1,67.3
136904,Robert Rios,DI,0,0,,0,1,,TARLETON,1,D52,1,1,0,17,1,2026,26,42.3,0,0,,2,0,0,5,0,0,66.6,0,0,0,0,TARLETON,0,0,2,0,,0,33.3,63.2,,74.3,0,401,27,0,21,0,0,10,0,1,0,0,0,57.3
136912,Devin Sterling,LB,3,0,,0,0,100,TARLETON,4,D12,22,21,1,1,1,2026,1,81.6,62,3,48,0,0,14,0,0,0,71.6,0,0,0,0,TARLETON,3,0,1,0,44,1,0,57.4,20.7,70.7,0,401,23,50,1,0,118.8,8,1,1,0,0,0,63.3
137434,Branden Coleman,CB,0,0,,0,0,,WAGNER,0,D22,5,0,0,0,1,2026,0,,0,0,,0,0,0,0,0,0,60,5,0,0,0,WAGNER,0,0,0,0,,0,,60.4,,68.4,0,338,5,0,0,0,0,5,0,0,0,0,0,
138003,Kaelin Drakeford,S,0,0,,0,1,,E ILLINOIS,5,D22,40,20,0,0,1,2026,0,59.1,0,0,66,0,0,21,0,0,0,61.9,0,0,0,0,E ILLINOIS,2,0,0,0,,3,16.7,65.2,,74.3,0,158,40,0,0,0,0,19,0,0,17,0,0,
138008,Jaron Hacha,DI,0,0,,0,0,,E ILLINOIS,1,D99,0,0,0,5,1,2025,13,73.6,0,0,60,0,0,0,0,1,0,60.3,0,0,0,0,E ILLINOIS,1,0,0,0,,0,0,60.8,,72.6,0,158,13,0,12,0,0,8,0,2,0,0,0,58.4
138009,Tyris Harvey,CB,3,0,,0,1,100,ROB MORRIS,2,D04,52,4,0,0,1,2028,0,38.8,23,3,64.1,0,0,29,0,0,0,67.4,46,0,0,0,ROB MORRIS,0,0,0,0,9,2,33.3,65.7,7.7,75.8,0,277,52,10,0,0,98.6,23,0,0,0,0,0,
138013,Jamari Johnson,ED,0,0,,0,0,,E ILLINOIS,0,D52,0,0,0,2,1,2025,4,,0,0,,0,0,0,1,0,0,60.2,0,0,0,0,E ILLINOIS,0,0,0,0,,0,,59.6,,69.3,0,158,4,0,0,0,0,2,0,0,0,0,3,58.5
138038,Jamari Dailey,S,2,0,,0,1,50,MURRAY ST,4,D14,23,19,0,2,1,2025,1,56.1,15,1,44.1,0,0,9,0,0,0,61.3,0,0,0,0,MURRAY ST,3,0,0,0,15,3,16.7,50.1,15,73.6,0,236,24,8,0,0,75,13,0,1,1,0,1,58.6
138048,Andrew Long,ED,0,0,,0,0,,MURRAY ST,1,D56,0,0,0,3,1,2025,8,72.2,0,0,,0,0,0,0,0,0,66.4,0,0,0,0,MURRAY ST,1,0,0,0,,0,0,65,,73.3,0,236,8,0,0,0,0,5,1,0,0,0,8,56.3
138060,Shug Walker,LB,0,0,,0,1,,S ILLINOIS,9,D33,43,37,0,2,1,2026,3,77.3,0,0,65.6,0,0,14,0,0,0,75.4,0,0,0,0,S ILLINOIS,5,0,0,0,,6,7.1,73.7,,75.5,0,295,46,0,0,0,0,30,0,4,0,0,3,59.3
138065,Detoye Adewole,ED,0,0,,0,0,,MURRAY ST,2,D40,0,0,0,10,1,2025,26,73.9,0,0,,0,0,0,10,0,0,67.9,0,0,0,0,MURRAY ST,2,0,0,0,,0,0,64.6,,74.5,0,236,26,0,8,0,0,16,0,1,0,0,8,54.6
138109,Kanstin Brooks,DI,0,0,,0,0,,TENN TECH,1,D97,0,0,0,26,1,2028,49,69.7,0,0,60.1,0,0,1,6,0,0,56.5,0,0,0,0,TENN TECH,1,0,0,0,,0,0,55.4,,75.9,0,309,49,0,42,0,0,22,0,0,0,0,1,54.8
138117,Adrian Hall Jr.,DI,0,0,,0,0,,BETH COOK,0,D44,0,0,0,23,1,2026,53,70.2,0,0,,1,0,0,0,3,0,67.3,0,1,0,0,BETH COOK,0,0,2,0,,0,0,68.2,,76.6,0,119,53,0,50,0,0,30,0,1,0,0,0,63.7
138122,Dominic Howard,S,0,0,,0,0,,SCAR STATE,1,D22,5,4,0,0,1,2026,0,75.3,0,0,62.3,0,0,3,0,0,0,60.2,0,0,1,0,SCAR STATE,0,0,0,0,,0,0,49.9,,0,0,290,5,0,0,0,0,2,0,0,1,0,0,
138147,Oshae Baker,S,2,0,,0,0,100,TENN MARTN,4,D00,38,11,0,0,1,2025,0,81.4,12,2,84.2,0,0,28,0,0,0,65.2,0,0,0,0,TENN MARTN,1,0,0,0,7,9,0,82.8,6,76.9,0,310,38,11,0,1,91.7,10,0,1,18,0,0,
138188,Shamari Weir,LB,0,0,,0,0,,TENN MARTN,0,D36,3,0,0,0,1,2026,0,,0,0,,0,0,0,0,0,0,60,0,0,0,0,TENN MARTN,0,0,0,0,,3,,60,,71.1,0,310,3,0,0,0,0,3,0,0,0,0,0,
138200,Jeff Bowens,CB,7,0,,0,1,42.9,GARD-WEBB,8,D02,75,9,0,2,1,2025,0,73.1,42,3,63,1,0,52,0,0,0,72.6,56,0,1,0,GARD-WEBB,3,0,1,0,18,10,11.1,64.5,14,76.9,0,171,75,19,0,1,62.8,21,1,0,0,0,0,54
138204,D'Marco Cross,DI,0,0,,0,1,,BUTLER,3,D19,0,0,0,8,1,2026,31,58,0,0,60,1,0,0,7,5,0,72.2,0,0,0,0,BUTLER,2,0,1,0,,0,16.7,69.3,,75.7,0,127,31,0,1,0,0,23,0,2,0,0,18,63.5
138231,Dylan Boecker,ED,0,0,,0,0,,N DAKOTA,1,D32,1,0,0,1,1,2025,10,73,0,0,,0,0,0,0,0,0,56.4,0,0,0,0,N DAKOTA,1,0,0,0,,1,0,56.3,,75.1,0,249,11,0,0,0,0,10,0,0,0,0,10,60
138240,Kason Kelley,LB,0,0,,0,0,,N DAKOTA,1,D42,8,8,0,1,1,2025,0,73.1,0,0,60.9,1,0,3,0,0,0,66.2,0,0,0,0,N DAKOTA,1,0,1,0,,0,0,65.8,,70,0,249,8,0,0,0,0,4,0,0,0,0,0,59.2
138249,Craig Orlando,DI,0,0,,0,0,,N DAKOTA,0,D90,0,0,0,16,1,2025,45,70.2,0,0,,0,0,0,8,5,0,66.8,0,0,0,0,N DAKOTA,0,0,0,0,,0,0,64.5,,75.8,0,249,45,0,31,0,0,29,0,1,0,0,1,55.5
138250,Wyatt Pedigo,LB,0,0,,0,3,,N DAKOTA,10,D59,57,52,0,4,1,2025,0,58.6,0,0,54.7,2,0,15,0,0,0,63.5,0,0,0,0,N DAKOTA,7,0,2,0,,5,18.8,57.3,,72.8,0,249,57,0,0,0,0,38,1,3,0,0,0,47.5
138271,Ben Belken,LB,2,0,,0,0,50,N IOWA,1,D33,9,9,0,0,1,2025,0,73.2,15,1,29.7,0,0,4,0,0,0,64.6,0,0,0,0,N IOWA,0,0,0,0,15,0,0,29.5,15,68.5,0,255,9,3,0,0,75,5,0,0,0,0,0,
138273,Cannon Butler,ED,0,0,,0,1,,N IOWA,3,D96,0,0,0,31,1,2026,57,34.1,0,0,60.2,3,0,1,5,0,0,59,0,0,0,0,N IOWA,2,0,3,0,,0,25,59.1,,77.8,0,255,57,0,1,0,0,25,0,0,0,0,51,57.4
138293,Steven Arrell,CB,2,0,,0,0,100,S DAK ST,1,D04,12,2,0,0,1,2025,0,73.5,19,2,63.3,0,0,8,0,0,0,60,9,0,0,0,S DAK ST,1,0,0,0,18,1,0,63.8,9.5,71.3,0,292,12,1,0,0,106.3,4,0,0,0,0,0,
138294,Max Baloun,DI,0,0,,0,1,,S DAK ST,0,D93,0,0,0,14,1,2027,30,22.2,0,0,,0,0,0,1,4,0,27.9,0,0,0,0,S DAK ST,0,0,0,0,,0,100,31,,74.9,0,292,30,0,25,0,0,16,0,0,0,0,0,60.7
138295,Dalys Beanum,CB,6,0,2025,0,1,33.3,S DAK ST,7,D07,58,3,0,0,1,2025,0,73.6,43,2,54.9,0,0,40,0,0,0,58.7,51,0,1,0,S DAK ST,2,0,0,0,27,4,11.1,55.3,21.5,76.3,0,292,58,3,0,0,59.7,18,1,1,0,0,0,
138302,Caleb Francl,S,3,0,,0,0,66.7,S DAK ST,3,D09,57,30,0,7,1,2026,0,66.7,10,2,72.5,0,0,28,0,0,0,72.5,1,0,0,0,S DAK ST,3,0,0,0,9,26,0,74.6,5,74.2,0,292,57,5,0,0,71.5,22,0,5,0,0,0,63.3
138305,Randy Keumogne,ED,0,0,,0,0,,S DAK ST,0,D90,0,0,0,14,1,2027,16,,0,0,,1,0,0,2,0,0,60,0,0,0,0,S DAK ST,0,0,1,0,,0,,58.5,,74.4,0,292,16,0,0,0,0,2,0,0,0,0,14,57.2
138306,Aaron Kusler,LB,0,0,,0,0,,S DAK ST,0,D40,0,0,0,0,1,2025,2,,0,0,,0,0,0,0,0,0,60,0,0,0,0,S DAK ST,0,0,0,0,,0,,60.1,,68.3,0,292,2,0,0,0,0,2,0,0,0,0,2,
138311,Daeton Mcgaughy,LB,1,0,,0,0,100,S DAK ST,2,D00,21,19,0,2,1,2025,4,77.9,9,1,65.9,0,0,14,0,0,0,68.9,1,1,0,0,S DAK ST,0,0,1,0,9,1,0,71.5,9,71.7,0,292,25,7,0,0,104.2,9,0,1,0,0,4,66.1
138326,Hunter Allen,ED,0,0,,0,0,,YNGTOWN ST,2,D93,0,0,0,22,1,2025,50,73.9,0,0,60,1,0,0,0,0,0,69,0,0,0,0,YNGTOWN ST,2,0,1,0,,0,0,63.2,,78.7,0,353,50,0,1,0,0,28,1,0,0,0,49,65.9
138333,Aboubakare Dabo,DI,0,0,,0,0,,SACR HEART,2,D58,0,0,0,15,1,2026,23,71.8,0,0,60,1,0,0,1,6,0,65,0,0,0,0,SACR HEART,1,0,1,0,,0,0,64.5,,74.6,0,280,23,0,16,0,0,8,1,1,0,0,0,59.8
138339,Devin Johnson,LB,2,0,,0,0,100,YNGTOWN ST,4,D45,59,57,0,5,1,2025,2,79.9,30,2,47.2,1,0,20,0,0,0,82.6,0,0,1,0,YNGTOWN ST,2,0,1,0,19,2,0,64.2,15,0,0,353,61,11,0,0,158.3,36,0,1,0,1,2,64.1
138345,Dawan Martin,ED,0,0,,0,1,,YNGTOWN ST,0,D91,0,0,0,17,1,2026,39,29.9,0,0,,1,0,0,3,0,0,68.8,0,0,0,0,YNGTOWN ST,0,0,1,0,,0,50,67.5,,76.6,0,353,39,0,0,0,0,22,0,1,0,0,36,60
138355,Amarian Robinson,CB,4,0,,0,0,25,W CAROLINA,0,D12,28,5,0,1,1,2025,5,,6,1,52.1,0,0,14,0,0,0,63.1,0,0,1,0,W CAROLINA,0,0,0,0,6,23,,54.9,6,78.6,0,344,33,0,0,1,79.2,18,0,0,0,1,5,60
138361,Michael Voitus,ED,0,0,,0,0,,YNGTOWN ST,4,D42,0,0,1,21,1,2027,47,77.8,0,0,,1,0,0,0,0,0,70.7,0,1,0,0,YNGTOWN ST,3,0,3,0,,0,0,72.6,,78,0,353,47,0,0,0,0,26,2,1,0,0,47,67.2
138374,Ron Holmes,LB,8,0,,0,0,62.5,ALBANY,6,D05,59,38,0,4,1,2026,3,81.6,75,5,56.8,1,0,28,0,0,0,67.7,0,0,0,0,ALBANY,2,0,1,0,30,21,0,62.3,15,75.8,0,106,62,48,0,0,132.8,30,1,0,0,2,3,64
138384,Eric Montes,ED,0,0,,0,1,,DELWARE ST,0,D99,1,0,0,18,1,2026,26,23.1,0,0,,2,0,0,6,0,0,57.1,0,0,0,0,DELWARE ST,0,0,2,0,,0,100,50.1,,76.2,0,152,27,0,1,0,0,9,0,0,0,0,19,49
138399,Aiden Weber,LB,0,0,,0,0,,SCAR STATE,3,D08,6,4,0,0,1,2025,0,79.5,0,0,60,0,0,1,0,0,0,64.8,0,0,0,0,SCAR STATE,2,0,0,0,,2,0,64.9,,69.8,0,290,6,0,0,0,0,5,1,0,0,0,0,
138403,Trey Alsbrooks,ED,0,0,,0,0,,BUTLER,1,D33,11,11,0,7,1,2026,18,75.2,0,0,60,0,0,1,0,0,0,61.3,0,0,0,0,BUTLER,0,0,0,0,,0,0,61.9,,79.1,0,127,29,0,0,0,0,21,0,1,0,0,18,59.7
138411,Josh Johnson,ED,0,0,,0,0,,ELON,6,D99,0,0,0,20,1,2025,45,77.7,0,0,,0,0,0,13,0,0,66.8,0,0,0,0,ELON,5,0,0,0,,0,0,64.8,,76.3,0,162,45,0,0,0,0,25,1,0,0,0,32,58
138421,Jon Seaton,DI,0,0,,0,0,,ELON,0,D57,0,0,0,1,1,2026,13,,0,0,,0,0,0,0,0,0,58.7,0,0,0,0,ELON,0,0,0,0,,0,,58.9,,71.6,0,162,13,0,13,0,0,12,0,0,0,0,0,60
138424,Dylan Tucker,CB,1,0,,0,0,0,ELON,2,D24,65,4,0,0,1,2026,1,77,0,0,64.4,0,0,30,0,0,0,67.5,61,0,0,0,ELON,0,0,0,0,,0,0,66,,77.1,0,162,66,0,0,0,39.6,36,0,0,0,0,1,
138425,Marcus Brown,ED,0,0,,0,0,,INCAR WORD,1,D15,1,1,0,21,1,2025,34,70.8,0,0,74.1,1,0,3,6,0,1,63.2,0,0,0,0,INCAR WORD,1,0,1,1,,0,0,67.1,,77.2,0,189,35,0,2,0,0,11,0,0,0,0,26,54.3
138428,Kenny Gallop Jr.,S,1,0,,0,0,0,HOWARD,1,D00,46,35,0,2,1,2025,4,78.4,0,0,78.7,0,0,16,0,0,0,77.2,0,0,0,0,HOWARD,1,0,0,0,,4,0,80.5,,75.3,0,184,50,0,0,1,39.6,32,0,2,7,0,4,58.6
138432,Carson Hinton,CB,6,0,,0,2,83.3,HOWARD,5,D02,45,3,0,1,1,2025,0,40.7,39,5,41.9,0,0,17,0,0,0,49.7,0,0,0,0,HOWARD,1,0,0,0,16,42,28.6,42.3,7.8,80,0,184,45,21,0,0,93.8,27,0,0,0,0,0,60
138510,Carlvainsky Decius,CB,5,0,,0,0,40,MORGAN ST,3,D07,40,2,0,1,1,2025,0,79.3,8,2,69.6,0,0,24,0,0,0,67.7,38,0,0,0,MORGAN ST,1,0,0,0,10,0,0,70.4,4,75.1,0,235,40,3,0,0,47.9,15,1,1,0,0,0,59.6
138526,Elijah Williams,ED,0,0,2025,1,1,,MORGAN ST,1,D00,1,0,2,33,1,2025,67,50.7,0,0,64.7,0,0,2,13,2,0,70.6,0,0,0,0,MORGAN ST,3,0,2,0,,1,25,80.6,,78.9,0,235,68,0,8,0,0,33,0,2,0,0,44,76.9
138994,Trey Foster,HB,0,0,,0,0,,E TENN ST,0,17,1,0,0,0,1,2025,0,,0,0,,0,0,0,0,0,0,60,0,0,0,0,E TENN ST,0,0,0,0,,0,,60,,60,0,157,1,0,0,0,0,1,0,0,0,0,0,
139066,Josiah Cotton,LB,1,0,,0,1,100,STF AUSTIN,6,D14,33,28,0,5,1,2025,3,65,15,1,61.9,1,0,18,0,0,0,81.8,0,1,0,0,STF AUSTIN,4,0,2,0,15,5,11.1,82.2,15,76.2,0,301,36,12,0,0,118.8,13,1,2,0,0,3,91.1
139076,Johnny Johnson,ED,0,0,,0,0,,SAMFORD,1,D55,10,5,1,8,1,2025,33,73.8,0,0,62.3,0,0,4,9,0,0,64.2,0,0,0,0,SAMFORD,1,0,1,0,,5,0,66.5,,77.6,0,282,43,0,2,0,0,31,0,0,0,0,22,64.9
139079,Noah Martin,LB,2,0,,0,0,100,SAMFORD,9,D05,60,57,0,0,1,2025,0,85.6,34,2,65.1,0,0,20,0,0,0,86.4,0,0,0,0,SAMFORD,7,0,0,0,33,3,0,81.8,17,76.5,0,282,60,11,0,0,118.8,40,1,4,0,0,0,
139089,Shelton Quarles Jr.,LB,0,0,,0,0,,BETH COOK,3,D20,14,14,0,1,1,2026,0,77.8,0,0,61,0,0,3,0,0,0,84.3,0,0,0,0,BETH COOK,2,0,0,0,,0,0,80.9,,71.5,0,119,14,0,0,0,0,10,0,0,0,0,0,60
139139,John Boyles,ED,1,0,,0,0,100,WOFFORD,4,D04,3,0,0,17,1,2026,44,79.8,5,1,42.6,1,0,3,0,0,0,66.5,0,0,0,0,WOFFORD,2,0,1,0,5,2,0,57.5,5,80.3,0,350,47,9,0,0,87.5,27,1,2,0,0,44,57.9
139157,Chuck Smith,ED,0,0,,0,0,,VILLANOVA,2,D97,0,0,0,16,1,2025,34,72.9,0,0,60,3,0,0,16,0,0,65,0,1,0,0,VILLANOVA,1,0,4,0,,0,0,68.2,,74.8,0,334,34,0,7,0,0,18,0,0,0,0,11,65.5
139159,Isaiah Wadsworth,CB,8,0,,0,1,50,WOFFORD,4,D03,64,2,0,0,1,2026,0,52.6,45,4,78.7,0,0,28,0,0,0,40.8,61,0,0,0,WOFFORD,1,0,0,0,18,0,20,71.7,11.3,78.1,0,350,64,10,0,3,67.2,36,0,0,0,0,0,
139187,Jonathan Hammond,ED,0,0,,1,0,,WM & MARY,1,D13,1,1,0,24,1,2025,55,78.3,0,0,60.4,2,0,2,1,0,0,70.5,0,0,1,1,WM & MARY,0,0,2,0,,0,0,67.4,,0,0,348,56,0,0,0,0,30,0,3,0,0,54,66.4
139221,Jerrad Price,DI,0,0,,0,0,,E ILLINOIS,0,D50,0,0,0,6,1,2025,16,70.2,0,0,,0,0,0,0,2,0,61.9,0,0,0,0,E ILLINOIS,0,0,0,0,,0,0,61.1,,72.8,0,158,16,0,14,0,0,10,0,1,0,0,0,57.7
139319,Jordan Bussey,DI,0,0,,0,1,,MS VLY ST,1,D52,0,0,0,16,1,2025,31,44.6,0,0,60,1,0,0,0,2,0,60.8,0,0,0,0,MS VLY ST,1,0,1,0,,0,25,62.5,,75.3,0,228,31,0,29,0,0,15,0,2,0,0,0,61.5
139341,Trey Lockhart Jr.,S,1,0,,0,1,100,STETSON,6,D08,77,15,0,2,1,2026,1,64.8,3,1,76,0,0,29,0,0,0,42.6,0,0,0,0,STETSON,3,0,0,0,3,60,12.5,64.8,3,79.3,0,302,78,4,0,0,79.2,47,1,1,2,0,1,60
139351,Donovan Parham,ED,0,0,,0,1,,MS VLY ST,2,D42,0,0,1,19,1,2026,42,61.6,0,0,,1,0,0,6,0,0,65.9,0,0,0,0,MS VLY ST,2,0,2,0,,0,20,67.5,,77.9,0,228,42,0,0,0,0,23,0,2,0,0,36,64.3
139352,Anthony Petty,S,1,0,,0,0,100,JACKSON ST,2,D24,21,3,0,0,1,2025,0,79.1,16,1,51.4,0,0,11,0,0,0,69.7,14,0,0,0,JACKSON ST,0,0,0,0,16,0,0,56.8,16,72.6,0,194,21,2,0,0,118.8,10,0,1,4,0,0,
139380,Jalen Freeman,ED,0,0,,0,0,,LAMAR,1,D00,13,9,0,14,1,2025,28,74.3,0,0,64,1,0,10,0,0,0,65,0,0,0,0,LAMAR,1,0,1,0,,4,0,70.2,,78.3,0,204,41,0,0,0,0,17,0,0,0,0,28,70.1
139416,Noah Benza,ED,0,0,,0,0,,MOREHEAD,2,D58,0,0,0,34,1,2025,51,75.7,0,0,60,1,0,0,19,7,0,71.2,0,1,0,0,MOREHEAD,2,0,2,0,,0,0,64,,76.8,0,234,51,0,12,0,0,17,0,2,0,0,13,54.5
139424,Davier Fairrow,ED,0,0,,0,0,,PRVIEW A&M,3,D47,1,0,0,18,1,2026,28,74.8,0,0,,0,0,0,7,0,0,62.9,0,1,0,0,PRVIEW A&M,3,0,1,0,,0,0,61.5,,74.6,0,270,29,0,0,0,0,11,0,0,0,0,21,58.5
139439,Jihad McCall,S,2,0,,0,0,0,MOREHEAD,4,D09,69,30,0,0,1,2026,0,83,0,0,54.3,0,0,39,0,0,0,68.8,0,0,2,0,MOREHEAD,1,0,0,0,,8,0,55.4,,0,0,234,69,0,0,0,39.6,30,0,0,31,0,0,
139444,Gabe Smith,DI,0,0,,0,0,,MOREHEAD,0,D18,0,0,0,1,1,2026,3,,0,0,,0,0,0,3,0,0,60,0,0,0,0,MOREHEAD,0,0,0,0,,0,,59.6,,67.8,0,234,3,0,0,0,0,2,0,0,0,0,0,59.4
139453,Zack Bernard,DI,0,0,,0,0,,NICHOLLS,1,D91,0,0,0,48,1,2025,73,74.5,0,0,,1,0,0,17,0,0,67.9,0,0,0,1,NICHOLLS,1,0,1,0,,0,0,64.8,,78.1,0,243,73,0,39,0,0,25,0,1,0,0,17,59.2
139456,Dillion Davis,ED,0,0,,0,0,,NICHOLLS,2,D95,0,0,0,13,1,2025,27,73.8,0,0,60,1,0,0,18,1,0,66.5,0,0,0,0,NICHOLLS,1,0,1,0,,0,0,66.4,,74,0,243,27,0,0,0,0,14,0,0,0,0,8,60
139475,Maurquel Price,CB,9,0,,0,0,55.6,MCNEESE,4,D15,27,2,0,0,1,2026,0,79.6,46,5,61.6,0,0,19,0,0,0,69.6,24,0,0,0,MCNEESE,1,0,0,0,20,1,0,64.4,9.2,73.9,0,217,27,2,0,1,69.7,8,0,0,0,0,0,
139480,Hayden Shaheen,LB,2,0,,0,2,100,NICHOLLS,5,D10,76,75,0,5,1,2026,1,54.3,23,2,67.9,1,0,47,0,0,0,69.3,0,0,0,0,NICHOLLS,3,0,1,0,19,1,20,71,11.5,75.5,0,243,77,9,0,0,114.6,25,0,3,0,0,1,63
139488,Keontae Williams,S,13,0,,0,5,69.2,NICHOLLS,6,D26,75,14,0,1,1,2026,1,28.8,94,9,53.7,0,0,50,0,0,0,52.5,2,0,0,0,NICHOLLS,1,0,0,0,18,47,38.5,52.8,10.4,78.6,0,243,76,36,0,0,89.9,25,0,2,12,0,1,59.2
139503,Kevin Davis Jr.,S,9,0,,0,1,0,PRVIEW A&M,0,D02,56,15,0,0,1,2026,0,56.2,0,0,84.5,0,1,48,0,0,0,64.7,1,0,1,0,PRVIEW A&M,0,1,0,0,,14,33.3,83.7,,77.6,0,270,56,0,0,2,0,8,0,2,26,0,0,
139519,Johnny Mitchell,DI,0,0,,0,1,,NWSTATE,1,D95,0,0,0,14,1,2026,38,28,0,0,,2,0,0,1,26,0,58.9,0,0,0,0,NWSTATE,0,0,2,0,,0,50,58.4,,77.2,0,257,38,0,11,0,0,24,0,0,0,0,0,57.1
139522,Isaiah Robinson,S,1,0,,0,1,100,NWSTATE,5,D25,51,25,0,0,1,2026,0,65.7,6,1,67.6,0,0,16,0,0,0,38.1,2,0,0,0,NWSTATE,1,0,0,0,6,16,16.7,53,6,72.7,0,257,51,6,0,0,91.7,35,0,0,8,0,0,
139529,Caesar Magee,CB,2,0,,0,1,50,NWSTATE,2,D03,49,2,0,0,1,2027,1,40.1,29,1,51.9,0,0,17,0,0,0,62.8,41,0,0,0,NWSTATE,0,0,0,0,29,0,33.3,54.8,29,76.6,0,257,50,20,0,0,95.8,33,0,0,6,0,1,
139537,Taylen Blaylock,CB,3,0,,1,0,33.3,LNDNWD,3,D01,25,0,0,0,1,2026,0,79.2,2,1,90,0,0,16,0,0,1,75.1,12,0,1,0,LNDNWD,0,1,0,0,2,12,0,90,2,74.3,0,949,25,7,0,0,42.4,9,0,1,0,0,0,
141312,Laytan Tanuvasa,DI,0,0,,0,0,,UTAHTC,2,D91,0,0,0,10,1,2026,36,72.1,0,0,,1,0,0,0,3,0,57.9,0,0,0,0,UTAHTC,1,0,1,0,,0,0,61.9,,75,0,1285,36,0,33,0,0,26,0,0,0,0,0,68.2
141316,Malini Ti'a,CB,5,0,,0,0,80,SACRAMENTO,2,D03,53,6,0,3,1,2026,0,78.8,28,4,65.1,1,1,31,0,0,0,55.4,1,0,0,0,SACRAMENTO,1,0,1,0,11,45,0,62.8,7,78.3,0,279,53,15,0,0,50.4,19,0,1,1,0,0,54.5
141339,Cameron Donald,DI,0,0,,0,0,,FL A&M,0,D90,0,0,0,14,1,2026,38,,0,0,,0,0,0,0,1,0,58.1,0,1,0,0,FL A&M,0,0,1,0,,0,,61.8,,75.6,0,164,38,0,37,0,0,24,0,0,0,0,0,66.4
141383,Bernadin Fleurima Jr.,DI,0,0,,0,0,,ROB MORRIS,0,D91,0,0,0,3,1,2026,6,,0,0,,0,0,0,0,1,0,61.1,0,0,0,0,ROB MORRIS,0,0,0,0,,0,,61.4,,69.9,0,277,6,0,5,0,0,3,0,0,0,0,0,59.4
141491,Bryan Rice,ED,0,0,,0,0,,W GEORGIA,1,D25,0,0,0,12,1,2025,28,70.8,0,0,,0,0,0,9,0,0,61.2,0,0,0,0,W GEORGIA,1,0,0,0,,0,0,60.8,,75.2,0,1177,28,0,1,0,0,16,0,0,0,0,18,58.9
141519,Matthew Brown,DI,0,0,,0,0,,E WASHGTON,2,D09,1,1,1,21,1,2025,53,75.8,0,0,60,2,0,0,5,5,0,75.5,0,0,0,0,E WASHGTON,2,0,3,0,,0,0,79.9,,77.1,0,161,54,0,41,0,0,33,0,2,0,0,2,73.7
141533,Conner O'Farrell,LB,1,0,,0,0,100,E WASHGTON,6,D19,20,12,0,2,1,2025,12,81.2,10,1,66.4,0,0,16,0,0,0,64.1,1,0,0,0,E WASHGTON,4,0,0,0,10,6,0,66.6,10,77.3,0,161,32,7,0,0,108.3,14,0,1,1,0,12,57.9
141538,Cage Schenck,CB,1,0,,0,2,0,E WASHGTON,0,D01,30,1,0,1,1,2025,2,23.4,0,0,61.1,0,0,16,0,0,0,49.7,1,0,0,0,E WASHGTON,0,0,0,0,,28,100,57.2,,78.4,0,161,32,0,0,0,39.6,15,0,0,0,0,2,58.9
141540,Trevor Thurman,ED,0,0,,0,0,,E WASHGTON,0,D10,0,0,0,13,1,2026,24,,0,0,,1,0,0,0,0,0,55.7,0,0,0,0,E WASHGTON,0,0,1,0,,0,,57.1,,77.1,0,161,24,0,0,0,0,11,0,0,0,0,24,59.6
141542,DaJean Wells,CB,4,0,,0,0,50,E WASHGTON,3,D03,61,3,0,0,1,2026,0,78.5,19,2,65.7,0,0,28,0,0,0,56.6,56,0,0,0,E WASHGTON,0,0,0,0,15,2,0,64.1,9.5,76.8,0,161,61,0,0,1,103.1,33,0,0,0,1,0,
141543,Ahmani Williams,LB,1,0,,0,0,100,E WASHGTON,3,D23,37,36,0,3,1,2025,4,78.6,4,1,66.6,0,0,14,0,0,0,43.4,0,0,0,0,E WASHGTON,1,0,0,0,4,1,0,53.5,4,76,0,161,41,-1,0,0,83.3,24,0,1,0,0,4,57.1
141566,Zach Krotzer,DI,0,0,,0,0,,IDAHO,0,D96,0,0,1,12,1,2026,35,71.9,0,0,,1,0,0,0,0,0,63.3,0,0,0,0,IDAHO,1,0,2,0,,0,0,66.9,,74.6,0,185,35,0,35,0,0,23,0,1,0,0,0,67.7
141567,Tommy McCormick,S,1,0,2025,0,2,100,IDAHO,13,D18,62,38,0,1,1,2025,2,69.9,5,1,68,0,0,21,0,0,0,60.5,0,0,0,0,IDAHO,3,0,0,0,5,1,11.1,64.6,5,77.2,0,185,64,0,0,0,87.5,42,0,3,23,0,2,60
141577,Malakai Williams,ED,0,0,2026,0,1,,IDAHO,0,D15,0,0,0,14,1,2026,39,23.1,0,0,,0,0,0,3,0,0,64.5,0,0,0,0,IDAHO,0,0,0,0,,0,100,66.3,,77.1,0,185,39,0,1,0,0,25,0,0,0,0,35,63.9
141583,Zack Conner,ED,0,0,,0,0,,IDAHO ST,2,D47,0,0,0,32,1,2025,58,75.2,0,0,60.1,0,0,0,21,0,0,45.9,0,0,0,0,IDAHO ST,1,0,0,0,,0,0,48.2,,77.7,0,186,58,0,1,0,0,26,0,1,0,0,36,52.7
141608,David Rowe,DI,0,0,,0,0,,IDAHO ST,1,D96,0,0,0,28,1,2025,51,72.4,0,0,,2,0,0,0,50,0,58.8,0,0,0,0,IDAHO ST,0,0,2,0,,0,0,63.8,,78.5,0,186,51,0,1,0,0,23,0,1,0,0,0,67.1
141638,Colby Humphrey,CB,2,0,,0,0,0,S DAK ST,5,D22,51,1,0,0,1,2026,2,80.3,0,0,68.1,0,0,34,0,0,0,77.8,44,0,0,0,S DAK ST,2,0,0,0,,6,0,71.7,,78.3,0,292,53,0,0,0,39.6,19,0,0,0,0,2,
141739,James Burgess Jr.,CB,6,0,,0,1,83.3,ALABAMA ST,4,D02,61,7,0,0,1,2025,0,53.6,60,5,52.8,0,0,40,0,0,0,59.2,54,0,0,0,ALABAMA ST,0,0,0,0,28,0,20,53.4,12,76.1,0,105,61,12,0,0,108.3,21,0,0,0,0,0,
141749,Janil Brown,DI,0,0,,0,1,,ALABAMA ST,0,D07,0,0,0,27,1,2026,43,21.8,0,0,,2,0,0,1,4,1,50.1,0,0,0,0,ALABAMA ST,0,0,2,0,,0,100,54.4,,75.5,0,105,43,0,38,0,0,16,0,0,0,0,0,60.8
141820,Derrick Williams,LB,3,0,,0,0,100,SOUTHERN U,6,D05,44,44,0,4,1,2025,4,82.9,17,3,77.7,0,0,26,0,0,0,40.3,0,0,0,0,SOUTHERN U,4,0,0,0,11,0,0,63.4,5.7,76,0,297,48,26,0,0,90.3,18,2,2,0,0,4,56.9
141854,Teven McKelvey,S,4,0,,0,2,75,S DAKOTA,8,D03,58,22,0,3,1,2025,16,55.7,8,3,72,0,0,31,0,0,0,70.2,0,0,0,0,S DAKOTA,6,0,0,0,6,35,18.2,72.2,2.7,80.2,0,291,74,12,0,0,77.1,40,1,1,1,0,16,55.9
141865,Josiah Ganues,S,4,0,,0,0,75,S DAKOTA,6,D06,70,30,0,1,1,2025,0,85.5,33,3,55.6,0,0,33,0,0,0,74.3,0,0,0,0,S DAKOTA,0,0,0,0,26,8,0,62.1,11,78.3,0,291,70,8,0,0,99,36,0,2,32,0,0,57.7
141866,Will Dunn,DI,0,0,,0,0,,S DAKOTA,1,D93,0,0,0,1,1,2026,6,70.8,0,0,,0,0,0,2,0,0,63.2,0,0,0,0,S DAKOTA,0,0,0,0,,0,0,64.2,,69.8,0,291,6,0,4,0,0,5,0,0,0,0,0,60
141890,Justin Dumas,LB,0,0,,0,0,,SE LA,0,D33,1,1,0,0,1,2026,0,,0,0,,0,0,0,0,0,0,60,0,0,0,0,SE LA,0,0,0,0,,0,,61.6,,64.1,0,294,1,0,0,0,0,1,0,0,0,0,0,
141891,Blayne Delahoussaye,CB,1,0,,0,1,0,SE LA,0,D07,41,1,0,0,1,2026,0,21.4,0,0,60.6,0,0,20,0,0,0,63.4,40,0,0,0,SE LA,0,0,0,0,,0,100,61.7,,75.6,0,294,41,0,0,0,39.6,21,0,0,0,0,0,
141898,Donte' Daniels,LB,2,0,,0,2,50,SE LA,3,D02,62,43,0,6,1,2025,0,49.8,7,1,46.5,0,0,28,0,0,0,68.9,0,0,0,0,SE LA,0,0,0,0,7,19,20,55.1,7,77.5,0,294,62,18,0,0,58.3,28,0,5,0,0,0,56
141915,Brian Bruce,DI,0,0,,0,0,,W ILLINOIS,1,D00,0,0,0,11,1,2025,30,72.2,0,0,,0,0,0,0,0,0,60.5,0,0,1,0,W ILLINOIS,1,0,0,0,,0,0,52.3,,0,0,345,30,0,30,0,0,19,0,1,0,0,0,56.5
141923,Braylen Brooks,CB,0,0,,0,1,,W ILLINOIS,1,D07,19,2,0,0,1,2026,1,28.3,0,0,66.1,0,0,8,0,0,0,46.2,17,0,0,0,W ILLINOIS,0,0,0,0,,0,50,59.3,,73.3,0,345,20,0,0,0,0,12,0,0,0,0,1,
141924,Juan De La Cruz,LB,0,0,,0,0,,W ILLINOIS,3,D17,42,37,0,0,1,2025,9,79,0,0,66.4,0,0,17,0,0,0,64.7,0,0,1,0,W ILLINOIS,0,0,0,0,,5,0,63,,0,0,345,51,0,0,0,0,34,0,1,0,0,9,
141936,Sam Cook,ED,0,0,,1,0,,SE MO ST,2,D12,7,5,0,15,1,2026,26,75.7,0,0,62,1,0,6,0,0,0,74.2,0,0,0,0,SE MO ST,2,0,1,0,,2,0,70.5,,77.9,0,293,33,0,0,0,0,12,1,0,0,0,26,61.3
141975,Javius Williams,S,4,0,,0,3,100,TEXAS STHN,7,D24,51,23,0,5,1,2025,7,44.4,21,4,54.7,1,0,16,0,0,0,71.6,0,0,0,0,TEXAS STHN,5,0,1,0,11,27,23.1,64.4,5.3,76.7,0,313,58,22,0,0,88.5,37,3,3,1,0,7,63.8
141976,Gabe Smith,ED,0,0,,0,0,,TEXAS STHN,0,D28,6,6,0,6,1,2025,9,,0,0,61.5,2,0,3,0,0,0,60.7,0,0,0,0,TEXAS STHN,0,0,2,0,,0,,68.7,,75.6,0,313,15,0,0,0,0,6,0,0,0,0,9,68.4
142055,Jayvis Rayside,S,1,0,,0,0,100,CENT CT ST,4,D11,25,12,0,0,1,2025,0,80.9,8,1,65.5,0,0,14,0,0,0,78.2,0,0,0,0,CENT CT ST,2,0,0,0,8,9,0,73,8,74.1,0,133,25,1,0,0,100,11,0,1,4,0,0,
142065,Ben Silver,ED,0,0,,0,0,,BRYANT,1,D03,0,0,0,10,1,2025,32,72.2,0,0,,0,0,0,7,0,0,61.3,0,0,0,0,BRYANT,0,0,0,0,,0,0,59.3,,76.9,0,124,32,0,1,0,0,22,0,0,0,0,24,54.5
142069,Austin Edmonds,LB,0,0,,0,1,,JACKSON ST,1,D18,2,2,0,0,1,2026,0,27.2,0,0,,0,0,0,0,0,0,54.3,0,0,0,0,JACKSON ST,1,0,0,0,,0,50,50.9,,63.3,0,194,2,0,0,0,0,2,0,0,0,0,0,
142071,Dontae Lunan,LB,1,0,,0,2,100,ALBANY,5,D10,62,54,0,1,1,2026,0,52.5,7,1,57.4,0,0,31,0,0,0,72,0,0,0,0,ALBANY,1,0,0,0,7,8,22.2,64.6,7,75.7,0,106,62,4,0,0,95.8,30,0,2,0,0,0,59.2
142072,Colin Elliott,S,4,0,,0,2,100,BRYANT,7,D16,51,16,0,1,1,2025,7,60.5,36,4,45.4,0,0,19,0,0,0,70.2,0,0,0,0,BRYANT,4,0,0,0,14,31,18.2,55.8,9,81.8,0,124,58,22,0,0,104.2,38,0,2,4,0,7,60
142080,Christopher Eaton Jr.,ED,0,0,,0,0,,HAMPTON,2,D97,0,0,0,19,1,2026,33,74,0,0,60,0,0,0,5,0,1,61.6,0,0,0,0,HAMPTON,2,0,0,0,,0,0,60.6,,76.2,0,178,33,0,9,0,0,14,0,0,0,0,19,52.4
142103,Quinn Hart,CB,5,0,,0,0,40,SACR HEART,3,D08,72,2,0,0,1,2025,0,79.8,27,2,65.4,0,0,47,0,0,0,66,68,0,2,0,SACR HEART,1,1,0,0,21,2,0,66.3,13.5,77.5,0,280,72,6,0,2,57.9,25,0,1,0,0,0,
142117,Bayo Gbowu,ED,1,0,,0,0,100,SACR HEART,1,D60,0,0,0,4,1,2026,6,73,7,1,61.2,0,0,1,1,0,0,60,0,0,0,0,SACR HEART,1,0,0,0,7,0,0,60.4,7,70.7,0,280,6,2,0,0,95.8,1,0,0,0,0,5,56.5
142120,Carson Primrose,DI,0,0,,0,0,,RHODE ISLD,2,D94,1,1,2,29,1,2025,39,75.5,0,0,60,5,0,0,9,8,0,67.2,0,0,0,0,RHODE ISLD,4,0,7,0,,0,0,72.4,,75.8,0,274,40,0,21,0,0,11,0,0,0,0,1,68.8
142194,Jamal Marshall,DI,0,0,,0,0,,PRVIEW A&M,0,D93,1,0,0,39,1,2026,53,70.2,0,0,60,0,0,0,0,16,1,64.2,0,1,0,0,PRVIEW A&M,0,0,1,0,,0,0,64.5,,77,0,270,54,0,37,0,0,15,0,1,0,0,0,57.3
142210,Semaj Brown,CB,5,0,,0,0,80,HOUCHR,4,D02,52,16,0,0,1,2025,0,79.3,20,4,76.9,0,1,28,0,0,0,56.3,1,0,1,0,HOUCHR,1,0,0,0,8,32,0,68.4,5,0,0,183,52,26,0,0,43.8,24,0,0,3,0,0,
142249,Jack Hall,ED,0,0,,0,1,,DELAWARE,1,D93,0,0,0,15,1,2026,34,29.6,0,0,60,5,0,0,10,0,0,64.7,0,1,0,0,DELAWARE,1,0,6,0,,0,50,76.8,,75.2,0,151,34,0,10,0,0,19,0,0,0,0,14,81
142260,Christian Pierce,S,0,0,,0,0,,W ILLINOIS,0,D03,3,0,0,0,1,2030,2,,0,0,62.3,0,0,3,0,0,0,60,0,0,0,0,W ILLINOIS,0,0,0,0,,3,,63.6,,72.6,0,345,5,0,0,0,0,2,0,0,0,0,2,
142265,Ethan Saunders,ED,0,0,,0,0,,DELAWARE,0,D08,0,0,0,10,1,2026,18,73.2,0,0,,0,0,0,10,0,0,69,0,0,0,0,DELAWARE,0,0,0,0,,0,0,65.4,,73.5,0,151,18,0,1,0,0,8,0,2,0,0,7,55.8
142269,Dillon Trainer,LB,0,0,,0,0,,DELAWARE,0,D19,11,11,0,1,1,2026,0,,0,0,61.3,2,0,4,0,0,0,65.4,0,0,0,0,DELAWARE,0,0,2,0,,0,,65.3,,71.7,0,151,11,0,0,0,0,6,0,0,0,0,0,59.5
142271,Nic Ware,S,1,0,,0,0,0,DELAWARE,4,D22,25,5,0,1,1,2025,1,81.1,0,0,66.6,0,0,19,0,0,0,69.2,0,0,0,0,DELAWARE,0,0,0,0,,11,0,68.6,,75.8,0,151,26,0,0,0,39.6,6,0,0,9,0,1,59.1
142280,John Costanza,DI,0,0,,0,0,,MAINE,2,D05,0,0,0,14,1,2025,37,72.1,0,0,,1,0,0,3,12,0,72.1,0,0,0,0,MAINE,2,0,1,0,,0,0,72.6,,76.3,0,212,37,0,22,0,0,23,0,0,0,0,0,63.3
142296,Kolubah Pewee Jr.,CB,1,0,,0,1,0,GEORGETOWN,0,D01,40,0,0,0,1,2026,0,21.7,0,0,59.6,0,0,22,0,0,0,46.2,39,0,0,0,GEORGETOWN,0,0,0,0,,1,100,56.2,,75.7,0,172,40,0,0,0,39.6,18,0,0,0,0,0,
142301,Shakur Smalls,S,5,0,,0,0,80,MAINE,5,D03,41,9,0,1,1,2026,2,81.8,57,4,65.3,0,0,23,0,0,0,73.6,0,0,0,1,MAINE,4,0,0,0,42,31,0,71.8,14.3,77.6,0,212,43,16,0,0,114.2,19,1,1,1,0,2,60
142306,Christian Thomas,LB,0,0,2026,0,1,,MAINE,3,D11,46,43,0,2,1,2026,0,49.1,0,0,64.8,0,0,18,0,0,0,62.1,0,0,0,1,MAINE,3,0,0,0,,3,20,66.6,,76.2,0,212,46,0,0,0,0,26,0,1,0,0,0,67.6
142307,Vincent Thomas,LB,0,0,,0,0,,CENT CT ST,2,D00,23,9,0,1,1,2025,6,80.7,0,0,66.1,0,0,10,0,0,0,57.2,0,0,0,0,CENT CT ST,0,0,0,0,,14,0,62.9,,76.2,0,133,29,0,0,0,0,18,0,2,0,0,6,59.7
142311,Broox Bolden,CB,2,0,,0,1,100,MARIST,2,D06,45,3,0,0,1,2026,2,36.5,14,2,64.7,0,0,24,0,0,0,64.9,42,0,0,0,MARIST,1,0,0,0,10,0,33.3,65.7,7,76.7,0,213,47,18,0,0,95.8,23,0,0,0,0,2,
142321,Zach Garron,ED,0,0,,0,0,,NEW HAMP,0,D17,0,0,0,4,1,2026,12,,0,0,60,0,0,1,7,0,0,55.7,0,0,0,0,NEW HAMP,0,0,0,0,,0,,54.9,,71.6,0,240,12,0,0,0,0,7,0,0,0,0,5,57.6
142330,Duncan Moreland,S,2,0,,1,0,100,NEW HAMP,6,D14,32,19,0,2,1,2026,6,84.4,14,2,49.6,0,0,12,0,0,1,95.2,0,0,0,0,NEW HAMP,3,0,0,0,11,8,0,81.3,7,77.4,0,240,38,21,0,0,95.8,24,0,2,5,0,6,57.9
142332,Brandon Perkins,LB,0,0,,0,0,,NEW HAMP,2,D01,29,29,0,1,1,2026,0,75.7,0,0,62.1,0,0,6,0,0,0,74.2,0,0,0,0,NEW HAMP,2,0,0,0,,0,0,73.1,,74.5,0,240,29,0,0,0,0,22,0,0,0,0,0,60
142333,Neil Politano,DI,0,0,,0,0,,NEW HAMP,3,D92,0,0,0,10,1,2025,35,75.6,0,0,,0,0,0,0,10,0,72.6,0,0,0,0,NEW HAMP,2,0,0,0,,0,0,70.8,,77.6,0,240,35,0,25,0,0,25,0,2,0,0,0,57.1
142334,Flex Ruiz,ED,0,0,,0,0,,NEW HAMP,1,D00,0,0,0,12,1,2025,39,74.5,0,0,60,0,0,1,24,4,0,65.7,0,1,0,0,NEW HAMP,1,0,1,0,,0,0,65,,77.1,0,240,39,0,0,0,0,26,0,1,0,0,11,60.7
142337,Josiah Silver,ED,0,0,,1,0,,NEW HAMP,4,D08,0,0,2,12,1,2025,39,78.2,0,0,60,1,0,1,16,0,0,75.6,0,0,0,0,NEW HAMP,4,0,3,0,,0,0,85,,76.1,0,240,39,0,0,0,0,26,1,0,0,0,23,84.3
142340,Brendan Tighe,S,2,0,,0,1,100,NEW HAMP,3,D27,47,13,0,0,1,2026,0,57,23,2,46.8,0,0,15,0,0,0,46.9,0,0,0,0,NEW HAMP,0,0,0,0,13,5,20,45.6,11.5,77,0,240,47,8,0,0,114.6,32,0,1,29,0,0,
142347,Wayne Galloway,LB,1,0,,0,3,100,RICHMOND,3,D09,33,28,0,0,1,2025,0,25.8,-1,1,50.3,0,0,18,0,0,0,63.9,0,0,0,0,RICHMOND,2,0,0,0,-1,5,42.9,55,-1,74,0,276,33,5,0,0,79.2,15,0,1,0,0,0,
142348,Jeremiah Grant,ED,0,0,,0,0,,RICHMOND,0,D02,0,0,0,19,1,2025,35,,0,0,,2,0,0,0,0,1,57.5,0,0,0,0,RICHMOND,0,0,2,0,,0,,55.8,,77.6,0,276,35,0,1,0,0,16,0,0,0,0,34,54.9
142349,Chance Graves,CB,5,0,,0,1,40,RICHMOND,3,D37,44,3,0,1,1,2026,0,48.1,30,2,69.6,0,0,21,0,0,0,51.3,40,0,0,0,RICHMOND,0,0,0,0,20,0,25,65.7,15,75.5,0,276,44,4,0,1,60.4,22,0,0,1,0,0,60
142369,Nick Capazzola,DI,0,0,,0,0,,STNY BROOK,1,D41,0,0,0,11,1,2025,21,70.1,0,0,,1,0,0,0,15,0,61.6,0,0,0,0,STNY BROOK,1,0,1,0,,0,0,63.1,,75.5,0,303,21,0,6,0,0,10,0,0,0,0,0,61.8
142377,Drew Guttieri,LB,0,0,,0,1,,STNY BROOK,0,D17,2,2,0,0,1,2026,0,25.9,0,0,60,0,0,1,0,0,0,56.5,0,0,0,0,STNY BROOK,0,0,0,0,,0,100,49.6,,62.8,0,303,2,0,0,0,0,1,0,0,0,0,0,
142391,Brendan Bell,LB,2,0,,1,0,100,VILLANOVA,7,D28,58,47,1,7,1,2025,12,84.1,17,2,61.3,0,0,25,0,0,1,81.6,0,1,0,0,VILLANOVA,5,0,2,0,18,11,0,88.8,8.5,76.7,0,334,70,20,0,0,102.1,38,3,2,0,0,12,95.2
142396,Ayden Howard,ED,0,0,,0,1,,VILLANOVA,0,D91,0,0,0,20,1,2026,44,23.1,0,0,,1,0,0,26,10,0,57.6,0,1,1,0,VILLANOVA,0,0,2,0,,0,100,53,,0,0,334,44,0,7,0,0,24,0,0,0,0,1,59.1
142398,Tyrell Mims,CB,6,0,,0,1,100,VILLANOVA,5,D07,65,1,0,0,1,2025,1,58.3,46,6,84.7,0,0,30,0,0,0,52,57,0,2,0,VILLANOVA,2,1,0,0,13,7,16.7,76.5,7.7,0,0,334,66,13,0,0,98.6,36,0,0,0,0,1,
142399,Jordan Nelson,LB,0,0,,0,0,,VILLANOVA,0,D11,2,1,0,0,1,2026,1,,0,0,60,0,0,1,0,0,0,60,0,0,0,0,VILLANOVA,0,0,0,0,,1,,61.2,,68.5,0,334,3,0,0,0,0,2,0,0,0,0,1,
142400,Obinna Nwobodo,DI,0,0,,0,1,,VILLANOVA,2,D98,0,0,0,16,1,2026,42,44.3,0,0,,0,0,0,0,39,0,67.5,0,0,1,0,VILLANOVA,1,0,0,0,,0,25,62.8,,0,0,334,42,0,3,0,0,26,1,1,0,0,0,61.6
142403,Ethan Potter,S,1,0,,0,0,0,VILLANOVA,4,D34,41,21,1,2,1,2025,4,83.8,0,0,71.4,0,0,14,0,0,0,56.4,0,0,0,0,VILLANOVA,3,0,1,0,,2,0,67.2,,76.8,0,334,45,0,0,0,39.6,29,0,0,18,0,4,70.3
142405,Kshawn Schulters,CB,3,0,,0,1,100,MONMOUTH,1,D16,35,4,0,1,1,2025,2,28.1,36,3,54.6,0,0,20,0,0,0,63.5,31,0,0,0,MONMOUTH,0,0,0,0,12,0,50,56,12,75.4,0,231,37,25,0,0,116.7,16,0,0,0,0,2,60
142406,Ty Trinh,S,4,0,,0,1,50,VILLANOVA,3,D09,40,5,0,3,1,2025,21,45,12,2,66.3,0,0,20,0,0,0,69,1,0,0,0,VILLANOVA,1,0,0,0,7,30,25,69.8,6,82.3,0,334,61,10,0,0,56.3,38,1,0,4,0,21,66.3
142416,John Kearney,ED,0,0,,0,0,,WM & MARY,0,D43,2,2,0,0,1,2025,3,,0,0,,0,0,0,0,0,0,61.3,0,0,0,0,WM & MARY,0,0,0,0,,0,,62.3,,70.7,0,348,5,0,0,0,0,5,0,0,0,0,3,
142419,Mike Malone,DI,0,0,,0,0,,WM & MARY,1,D95,0,0,0,12,1,2025,34,70.2,0,0,,1,0,0,5,0,0,75.8,0,0,0,0,WM & MARY,1,0,1,0,,0,0,82.7,,75.5,0,348,34,0,25,0,0,22,0,0,0,0,4,79
142423,Quinn Osborne,LB,2,0,,0,3,100,WM & MARY,8,D35,70,68,0,2,1,2025,1,49.3,25,2,56.3,0,0,29,0,0,0,76.7,0,1,1,1,WM & MARY,5,0,1,0,16,2,25,68.9,12.5,0,0,348,71,13,0,0,118.8,40,0,1,0,0,1,79.6
142431,Alex Washington,LB,3,0,,0,0,66.7,WM & MARY,11,D34,70,58,0,0,1,2025,2,85.2,21,2,63.9,0,0,31,0,0,0,72.4,0,0,0,0,WM & MARY,5,0,0,0,13,12,0,69.9,10.5,75.9,0,348,72,23,0,0,86.8,41,0,1,0,0,2,
142455,Jaelen Carson,CB,1,0,,0,0,0,DUQUESNE,0,D09,20,2,0,0,1,2026,0,,0,0,74.1,0,0,12,0,0,0,62,16,0,0,0,DUQUESNE,0,0,0,0,,2,,74.3,,72.8,0,155,20,0,0,0,39.6,8,0,0,0,0,0,
142466,Donovan Stanley,CB,0,0,,0,0,,DUQUESNE,0,D20,12,1,0,0,1,2026,0,,0,0,64.3,0,0,9,0,0,0,60,11,0,0,0,DUQUESNE,0,0,0,0,,0,,64.9,,70.7,0,155,12,0,0,0,0,3,0,0,0,0,0,
142476,Clemente Ojinnaka,DI,0,0,,0,1,,DUQUESNE,0,D23,0,0,0,14,1,2025,24,21.8,0,0,,1,0,0,0,1,0,54.8,0,0,0,0,DUQUESNE,0,0,1,0,,0,100,57.3,,73.8,0,155,24,0,23,0,0,10,0,0,0,0,0,61.1
142477,Kevin Kurzinger,DI,0,0,,0,0,,DUQUESNE,2,D97,0,0,0,19,1,2026,35,74.5,0,0,60,1,0,0,1,1,0,64.7,0,0,0,0,DUQUESNE,2,0,1,0,,0,0,68.1,,75.1,0,155,35,0,33,0,0,16,1,1,0,0,0,65.2
142484,Shemar Paul,CB,1,0,,0,0,100,LIUSHAR,0,D01,4,0,0,0,1,2025,0,,15,1,51.8,0,0,2,0,0,0,60,4,0,0,0,LIUSHAR,0,0,0,0,15,0,,47.2,15,67.8,0,1298,4,0,0,0,158.3,2,0,0,0,1,0,
142504,Sean Kelly,LB,1,0,,0,0,0,LIUSHAR,1,D24,14,13,0,0,1,2025,1,77.7,0,0,66.4,0,0,7,0,0,0,63.7,0,0,0,0,LIUSHAR,0,0,0,0,,1,0,68.6,,70.1,0,1298,15,0,0,0,39.6,8,0,1,0,0,1,
142505,Ayinde Johnson,CB,7,0,,0,1,71.4,RHODE ISLD,3,D24,69,2,0,0,1,2026,0,47.3,75,5,61.4,0,0,48,0,0,0,63.1,65,0,0,0,RHODE ISLD,1,0,0,0,44,1,25,62.1,15,77.4,0,274,69,9,0,0,106.3,21,0,0,1,0,0,
142507,Caleb Nartey,S,8,0,,0,1,75,LIUSHAR,5,D03,64,11,0,0,1,2025,4,60.2,52,6,56.3,0,0,44,0,0,0,74.8,0,0,0,0,LIUSHAR,2,0,0,0,12,52,14.3,61.1,8.7,80.4,0,1298,68,51,0,0,91.7,24,0,1,1,0,4,
142511,Qualil Lumpkins,LB,1,0,,0,0,100,LIUSHAR,7,D32,58,57,0,3,1,2025,1,82.9,9,1,68.4,0,0,32,0,0,0,72.3,0,0,0,0,LIUSHAR,4,0,0,0,9,0,0,72.2,9,77.6,0,1298,59,4,0,0,104.2,24,1,1,1,0,1,56.8
142516,Taylor Bolesta,DI,0,0,,0,0,,STNY BROOK,1,D10,0,0,0,17,1,2025,30,70.1,0,0,60,2,0,0,0,23,0,64.7,0,0,0,0,STNY BROOK,1,0,2,0,,0,0,67.9,,76.6,0,303,30,0,7,0,0,13,0,0,0,0,0,65
142521,Matthew Nieves,ED,0,0,,0,1,,LIUSHAR,0,D44,3,3,0,12,1,2025,17,20.4,0,0,60,0,0,1,0,0,0,46.4,0,0,0,0,LIUSHAR,0,0,0,0,,0,100,46.3,,76.2,0,1298,20,0,0,0,0,7,0,0,0,0,17,54.3
142546,Deon Houston,CB,2,0,,0,0,50,MERRIMACK,2,D23,33,0,0,0,1,2025,0,76.9,7,1,61.7,0,0,22,0,0,0,70.1,16,0,1,0,MERRIMACK,1,0,0,0,7,17,0,64.5,7,76.2,0,385,33,3,0,0,58.3,11,1,0,0,0,0,
142547,Nate Palanica Jr.,S,2,0,,0,0,0,MERRIMACK,1,D25,23,4,0,1,1,2026,0,74.8,0,0,75.5,0,0,14,0,0,0,65.1,1,0,0,0,MERRIMACK,0,0,0,0,,14,0,74.3,,75.4,0,385,23,0,0,1,39.6,8,0,0,4,0,0,59.6
142548,Wes Matthews,S,0,0,,0,0,,MERRIMACK,0,D27,16,0,0,0,1,2025,0,79.6,0,0,65.5,0,0,9,0,0,0,81.8,0,0,0,0,MERRIMACK,0,0,0,0,,0,0,81,,72.5,0,385,16,0,0,0,0,7,0,1,16,0,0,
142550,Donte Williams,S,0,0,,0,0,,MERRIMACK,2,D03,40,8,0,0,1,2025,0,83.1,0,0,88.5,0,1,22,0,0,0,67.1,0,0,0,0,MERRIMACK,0,0,0,0,,1,0,85.6,,75,0,385,40,0,0,0,0,18,0,3,31,0,0,
142552,Malek Sabri,ED,0,0,,0,0,,MERRIMACK,0,D00,0,0,0,3,1,2025,6,,0,0,,0,0,0,0,0,0,60.6,0,0,0,0,MERRIMACK,0,0,0,0,,0,,60.2,,72.1,0,385,6,0,0,0,0,3,0,0,0,0,6,58.5
142553,Grant Jackson,CB,6,0,,0,0,50,MERRIMACK,3,D05,38,0,0,0,1,2025,0,78.2,17,3,68.4,0,0,26,0,0,0,61.9,35,0,0,0,MERRIMACK,2,0,0,0,10,3,0,68.8,5.7,75.7,0,385,38,3,0,0,56.3,12,0,0,0,0,0,
142556,Brandon Roberts,DI,0,0,,1,0,,MERRIMACK,4,D50,0,0,0,19,1,2025,35,75.1,0,0,,1,0,0,0,0,0,85.3,0,1,1,0,MERRIMACK,4,0,2,0,,0,0,80.8,,0,0,385,35,0,35,0,0,16,1,1,0,0,0,70.9
142558,Tyler Leavy,DI,0,0,,0,0,,MERRIMACK,1,D92,0,0,0,19,1,2025,35,73.8,0,0,,0,0,0,0,1,0,72.4,0,2,0,0,MERRIMACK,1,0,2,0,,0,0,79.1,,75.1,0,385,35,0,34,0,0,16,0,2,0,0,0,75.2
142559,Melteon Davis,DI,0,0,,0,2,,MORGAN ST,2,D09,0,0,0,23,1,2025,48,23.5,0,0,,0,0,0,7,7,0,69.3,0,0,0,0,MORGAN ST,2,0,0,0,,0,50,64.7,,75.8,0,235,48,0,33,0,0,25,0,0,0,0,1,54.1
142669,John Gioia,LB,2,0,,0,1,100,TOWSON,3,D10,46,45,0,4,1,2025,2,67.8,16,2,75,0,0,27,0,0,0,70.7,0,0,0,0,TOWSON,3,0,0,0,9,1,14.3,76.2,8,75.4,0,317,48,13,0,0,100,17,1,3,0,0,2,55.9
142688,Christian Davis,S,2,0,,0,0,100,WAGNER,2,D01,47,13,0,0,1,2025,0,78.2,19,2,55.7,0,0,23,0,0,0,59.7,0,0,0,0,WAGNER,0,0,0,0,11,16,0,56.8,9.5,77.2,0,338,47,6,0,0,106.3,24,0,0,18,0,0,
142689,Jalin Justice,LB,0,0,,0,0,,WAGNER,4,D06,35,32,0,5,1,2025,4,80.1,0,0,60,0,0,17,0,0,0,73,0,0,0,0,WAGNER,4,0,0,0,,3,0,70.6,,75,0,338,39,0,0,0,0,17,0,1,0,0,4,70.5
142737,Nick Glenn,DI,0,0,,0,0,,ALAB A&M,0,D90,0,0,0,14,1,2026,42,71.9,0,0,,1,0,0,0,1,0,72.6,0,0,0,0,ALAB A&M,0,0,1,0,,0,0,70.4,,75.6,0,104,42,0,41,0,0,28,0,2,0,0,0,56.8
142746,KC Eziomume,CB,2,0,2026,0,0,100,ALBANY,2,D01,32,1,0,0,1,2026,1,76.6,26,2,56.2,0,0,15,0,0,0,54.3,31,0,0,0,ALBANY,0,0,0,0,16,0,0,54.9,13,75.2,0,106,33,3,0,0,158.3,18,0,0,0,1,1,
142750,Jordan Cumberbatch,S,1,0,,0,0,100,FL A&M,0,D29,9,2,0,0,1,2026,0,,17,1,45.4,0,0,6,0,0,0,60,0,0,0,0,FL A&M,0,0,0,0,17,0,,48.4,17,69,0,164,9,1,0,0,118.8,3,0,0,7,0,0,
142753,Dimitris Biamby,LB,1,0,,0,2,100,ALAB A&M,1,D50,29,27,0,4,1,2026,3,24.9,9,1,35.8,1,0,11,0,0,0,78.2,0,0,0,0,ALAB A&M,1,0,1,0,9,2,50,53.9,9,73.1,0,104,32,12,0,0,104.2,17,0,1,0,0,3,56.4
142777,Jamre Benjamin,CB,0,0,,0,0,,SCAR STATE,0,D05,5,0,0,0,1,2026,0,,0,0,60,0,0,1,0,0,0,60,5,0,0,0,SCAR STATE,0,0,0,0,,0,,61,,68.4,0,290,5,0,0,0,0,4,0,0,0,0,0,
142778,Michael Brunson,CB,2,0,,0,0,50,SCAR STATE,1,D28,24,0,0,0,1,2025,0,74.2,9,1,64.1,0,0,11,0,0,0,62.3,24,0,0,0,SCAR STATE,0,0,0,0,9,0,0,64.7,9,74.1,0,290,24,0,0,0,62.5,13,0,0,0,0,0,
142779,Aaron Smith,LB,4,0,2025,0,0,100,SCAR STATE,8,D11,44,35,1,0,1,2025,0,85.3,13,4,76.1,0,0,27,0,0,0,85.4,0,0,0,0,SCAR STATE,5,0,1,0,8,9,0,87.3,3.3,75.7,0,290,44,5,0,0,80.2,17,1,1,0,0,0,74.5
142789,Bryce Turner,S,2,0,,0,2,100,PRVIEW A&M,1,D19,35,13,0,0,1,2025,0,29.2,44,2,63.9,0,1,24,0,0,0,52.4,0,0,0,0,PRVIEW A&M,0,0,0,0,41,5,40,60.8,22,74.6,0,270,35,16,0,0,79.2,11,0,2,16,0,0,
142850,Dominic Pagano,S,1,0,,0,3,100,CHARLES SO,2,D11,38,12,0,1,1,2026,2,26.2,9,1,55.6,0,0,12,0,0,0,59.5,1,0,0,0,CHARLES SO,1,0,0,0,9,10,60,57,9,76.2,0,135,40,5,0,0,104.2,27,0,0,15,0,2,59.6
142853,Tylan Hollis,LB,0,0,,0,0,,CHARLES SO,2,D28,14,11,0,0,1,2026,0,79.2,0,0,64.2,0,0,8,0,0,0,71.4,0,0,0,0,CHARLES SO,1,0,0,0,,1,0,70.7,,70.5,0,135,14,0,0,0,0,6,0,2,2,0,0,
142944,Mike Reid,CB,4,0,2025,0,1,75,S DAKOTA,3,D21,67,7,0,0,1,2025,7,53.7,42,3,60.8,0,0,34,0,0,0,63.1,60,0,0,0,S DAKOTA,1,0,0,0,22,0,20,61.9,14,78.4,0,291,74,5,0,0,108.3,40,0,1,0,0,7,
142948,Caleb Dennis,LB,1,0,,0,0,100,SACR HEART,2,D15,17,13,0,2,1,2026,0,79.5,4,1,73.2,0,0,9,0,0,0,67,0,0,0,0,SACR HEART,2,0,0,0,4,4,0,74.7,4,70.9,0,280,17,0,0,0,83.3,6,0,2,0,0,0,56.9
142951,Sheku Tonkara,DI,0,0,,0,0,,MONMOUTH,1,D58,0,0,0,10,1,2025,25,68.7,0,0,56.7,0,0,0,0,1,0,64.8,0,0,0,0,MONMOUTH,1,0,0,0,,0,0,53.1,,73.9,0,231,25,0,24,0,0,15,0,0,0,0,0,57.4
142956,Justin O'Bannon,ED,0,0,,0,1,,MONMOUTH,2,D95,0,0,0,28,1,2025,47,49.2,0,0,60,1,0,0,17,0,0,61.7,0,0,0,0,MONMOUTH,2,0,1,0,,0,25,53.9,,76.6,0,231,47,0,0,0,0,19,0,1,0,0,30,53
142976,Fredrick Mallay,CB,7,0,,0,2,57.1,RHODE ISLD,4,D03,47,4,0,1,1,2025,1,39.4,23,4,69.3,0,0,35,0,0,0,72,8,0,0,0,RHODE ISLD,2,0,0,0,9,35,28.6,71.1,5.8,78.2,0,274,48,16,0,1,63.4,12,0,1,0,0,1,58.6
142979,Gabe Salomons,ED,1,0,,0,1,0,RHODE ISLD,2,D90,10,0,0,24,1,2025,38,55.9,0,0,64.3,1,0,4,0,0,0,69,0,0,0,0,RHODE ISLD,1,0,1,0,,10,25,62.5,,81.9,0,274,48,0,0,0,39.6,20,1,1,0,0,38,52.5
142983,Westley Neal Jr.,DI,0,0,,0,0,,RHODE ISLD,1,D99,2,2,0,28,1,2025,39,69.7,0,0,,1,0,0,0,17,0,67.3,0,0,0,0,RHODE ISLD,1,0,1,0,,0,0,72.4,,76.8,0,274,41,0,22,0,0,13,0,0,0,0,0,69.4
143003,Tyler Alston,ED,0,0,,0,0,,MONMOUTH,1,D42,0,0,0,12,1,2025,26,71.5,0,0,,0,0,0,1,0,0,70.8,0,0,1,0,MONMOUTH,1,0,0,0,,0,0,58.2,,0,0,231,26,0,0,0,0,14,0,0,0,0,25,55.3
143028,Michael Slivka,LB,0,0,,0,0,,COLGATE,2,D35,12,12,0,0,1,2025,1,76.3,0,0,60.9,0,0,1,0,0,0,75.9,0,0,0,0,COLGATE,1,0,0,0,,0,0,78.3,,71,0,142,13,0,0,0,0,12,1,0,0,0,1,
143029,Nick Marsh,ED,0,0,,0,1,,COLGATE,5,D37,0,0,0,14,1,2025,48,65.3,0,0,60,0,0,1,0,0,0,74.6,0,0,0,0,COLGATE,5,0,0,0,,0,12.5,70.5,,79.4,0,142,48,0,0,0,0,33,1,2,0,0,48,54.2
143035,Christian Sweeney,LB,0,0,,0,2,,COLGATE,4,D54,41,35,0,2,1,2025,3,47.9,0,0,47.5,0,0,13,0,0,0,61.3,0,0,0,0,COLGATE,3,0,0,0,,6,25,53.5,,75,0,142,44,0,0,0,0,29,0,2,0,0,3,57.4
143038,Ke'Tre Dickens II,DI,0,0,,0,1,,COLGATE,0,D00,0,0,0,6,1,2026,20,16.6,0,0,,0,0,0,0,1,0,51.7,0,0,0,0,COLGATE,0,0,0,0,,0,100,51.3,,73.6,0,142,20,0,19,0,0,14,0,0,0,0,0,57.6
143052,Mike Courtney,S,3,0,,0,2,33.3,FORDHAM,1,D27,66,31,0,3,1,2025,3,26.7,11,1,39.8,0,0,21,0,0,0,54.2,0,0,0,0,FORDHAM,0,0,0,0,11,35,50,43.5,11,78.1,0,168,69,18,0,0,45.1,45,0,1,0,0,3,55.4
143053,Nahil Perkins,CB,3,0,,0,0,100,FORDHAM,2,D13,68,3,0,1,1,2026,1,77,38,3,60.2,0,0,23,1,0,0,66.3,65,0,0,0,FORDHAM,1,0,0,0,33,0,0,62.1,12.7,76.9,0,168,69,2,0,0,158.3,45,0,0,0,1,0,60
143075,Matthew Kane,LB,4,0,,0,0,75,HOLY CROSS,3,D39,27,24,0,0,1,2026,0,77.8,23,3,83.7,1,0,19,0,0,0,68.5,0,0,0,0,HOLY CROSS,3,0,1,0,16,3,0,89.4,7.7,72.1,0,181,27,32,0,1,88.5,8,0,0,0,0,0,60
143096,Semaj Cross,S,1,0,,0,1,100,LAFAYETTE,7,D08,13,13,0,2,1,2026,12,68.9,8,1,67.8,0,0,5,0,0,0,69.2,0,0,0,0,LAFAYETTE,3,0,0,0,8,0,12.5,72,8,73.1,0,203,25,3,0,0,100,18,0,0,0,0,12,59.8
143097,A.T. Ntantang,CB,2,0,,0,1,100,LAFAYETTE,2,D05,26,2,0,0,1,2025,0,38.8,60,2,65.6,0,0,14,0,0,0,69.8,24,0,0,0,LAFAYETTE,2,0,0,0,58,0,33.3,68.8,30,73.5,0,203,26,63,0,0,158.3,12,0,0,0,1,0,
143098,Preston Forney,LB,0,0,,0,1,,LAFAYETTE,5,D18,53,51,0,12,1,2025,0,60.8,0,0,64.6,0,0,12,0,0,0,62.7,0,1,0,0,LAFAYETTE,4,0,1,0,,2,12.5,61.9,,74.6,0,203,53,0,0,0,0,29,0,2,0,0,0,53.2
143099,Shaikyi Hannah,CB,0,0,,0,0,,VALPO,0,D03,3,1,0,0,1,2026,0,,0,0,60.6,0,0,2,0,0,0,60,2,0,0,0,VALPO,0,0,0,0,,0,,61.6,,65.8,0,332,3,0,0,0,0,1,0,0,0,0,0,
143100,Neriyan Brown,S,3,0,,0,2,33.3,LAFAYETTE,2,D06,61,29,0,0,1,2025,0,35.2,26,1,64,0,0,26,0,0,0,55.1,1,0,0,0,LAFAYETTE,0,0,0,0,26,16,33.3,61.6,26,76.5,0,203,61,16,0,0,66,35,0,2,15,0,0,
143101,Tristen Roundtree,S,1,0,,0,0,100,LAFAYETTE,3,D01,15,7,0,5,1,2026,3,78.5,11,1,53.8,2,0,4,0,0,0,74,0,0,0,0,LAFAYETTE,1,0,2,0,11,8,0,63.1,11,72.4,0,203,18,15,0,0,112.5,9,0,0,0,0,3,56.2
143106,Adam Port,DI,0,0,,0,0,,LAFAYETTE,1,D91,0,0,0,8,1,2025,21,69.7,0,0,,0,0,0,0,12,0,53.8,0,0,0,0,LAFAYETTE,0,0,0,0,,0,0,53.9,,75.3,0,203,21,0,9,0,0,13,0,0,0,0,0,58.1
143132,Mike DeNucci,LB,1,0,,0,2,0,LEHIGH,6,D41,57,53,3,13,1,2025,8,60.8,0,0,60.3,1,0,30,0,0,0,82.1,0,0,0,0,LEHIGH,8,0,4,0,,4,20,78.8,,77.5,0,205,65,0,0,0,39.6,22,1,2,0,0,8,77.7
143241,Micah Adams,S,1,0,,0,1,100,STETSON,9,D01,51,13,0,0,1,2025,0,75,35,1,59.1,0,0,21,0,0,0,61,0,0,1,0,STETSON,2,0,0,0,35,0,8.3,56.1,35,0,0,302,51,9,0,0,118.8,30,0,2,38,0,0,
143248,Tyler Lewis,DI,0,0,,0,0,,NWSTATE,0,D98,0,0,0,2,1,2027,11,,0,0,,0,0,0,0,11,0,54.5,0,0,0,0,NWSTATE,0,0,0,0,,0,,53.9,,73.1,0,257,11,0,0,0,0,9,0,0,0,0,0,59.5
143296,Sam Hafner,DI,0,0,,0,1,,VALPO,2,D90,0,0,0,48,1,2025,73,48.8,0,0,48.5,2,0,0,0,6,0,66.4,0,0,1,0,VALPO,2,0,2,0,,0,25,60.5,,77.4,0,332,73,0,65,0,0,25,1,1,0,0,2,63.5
143333,Jamison Lindsey,CB,0,0,,0,0,,NICHOLLS,1,D29,13,0,0,0,1,2026,0,73.5,0,0,66.9,0,0,12,0,0,0,60,13,0,1,0,NICHOLLS,0,0,0,0,,0,0,60.6,,0,0,243,13,0,0,0,0,1,0,0,0,0,0,
143340,Jayren Fox,LB,1,0,,0,0,100,FL A&M,1,D27,17,11,0,0,1,2025,0,73.1,8,1,49.6,0,0,9,0,0,0,64.1,0,0,0,0,FL A&M,1,0,0,0,8,6,0,52.8,8,72,0,164,17,4,0,0,100,8,0,0,0,0,0,
143369,Eric Haney,CB,4,0,,0,2,75,SAN DIEGO,8,D02,60,14,0,0,1,2025,3,51.4,26,3,66.6,0,0,21,0,0,0,53.8,43,0,0,0,SAN DIEGO,3,0,0,0,14,1,20,62.1,8.7,76.1,0,283,63,3,0,0,91.7,42,0,0,0,0,3,
143515,Chase Lyons,ED,0,0,,0,0,,SAN DIEGO,2,D53,1,0,0,10,1,2025,53,77.4,0,0,61.5,1,0,6,0,0,0,68.4,0,0,0,0,SAN DIEGO,2,0,1,0,,0,0,68.5,,80.9,0,283,54,0,0,0,0,38,0,1,0,0,53,61.9
143516,Jagger Pagano,LB,1,0,,1,0,100,SAN DIEGO,6,D57,56,55,0,0,1,2025,0,84.3,5,1,65.9,0,0,17,0,0,0,77.6,0,0,0,0,SAN DIEGO,5,0,0,0,5,0,0,77,5,77.3,0,283,56,0,0,0,87.5,39,0,5,0,0,0,
143712,Jaxon Lee,S,2,0,,0,0,50,MONTANA,1,D25,47,23,0,2,1,2025,3,81.7,17,1,69.3,0,1,28,0,0,0,70.7,0,0,0,0,MONTANA,0,0,0,0,17,12,0,71,17,76.9,0,232,50,1,0,0,39.6,20,0,2,12,0,3,58.3
143715,Noah Kaschmitter,ED,0,0,,0,0,,MONTANA,0,D69,0,0,0,8,1,2025,11,,0,0,,1,0,0,6,0,0,54.4,0,0,0,0,MONTANA,0,0,1,0,,0,,57.6,,71.3,0,232,11,0,3,0,0,3,0,0,0,0,2,67.1
143716,Henry Nuce,ED,0,0,,0,1,,MONTANA,3,D96,0,0,0,17,1,2025,29,39.3,0,0,,0,0,0,19,0,0,75.5,0,0,0,1,MONTANA,2,0,0,0,,0,25,74.4,,74,0,232,29,0,3,0,0,12,0,0,0,0,7,63.4
143723,Jace Klucewich,S,3,0,,0,0,33.3,MONTANA,1,D39,50,11,0,0,1,2025,0,72.5,4,1,71.8,0,1,30,0,0,0,63.6,3,0,0,0,MONTANA,0,0,0,0,4,32,0,71.4,4,78.2,0,232,50,1,0,0,2.8,20,0,0,4,0,0,
143733,TJ Rausch,S,0,0,,1,1,,MONTANA,1,D10,19,11,0,0,1,2026,0,27.7,0,0,71.4,0,0,10,0,0,0,48.8,0,0,0,0,MONTANA,0,0,0,0,,4,50,63.1,,72.6,0,232,19,0,0,0,0,9,0,0,4,0,0,
143760,Day Day Bright,CB,1,0,,0,0,100,JACKSON ST,1,D13,19,4,0,0,1,2026,0,43.3,9,1,54.4,0,0,10,0,0,0,61.9,14,0,0,0,JACKSON ST,0,0,0,0,9,1,0,55.7,9,71.4,0,194,19,3,0,0,104.2,9,0,0,0,0,0,
143863,Dylan Merrell,CB,4,0,,0,1,75,LIUSHAR,3,D09,71,9,0,1,1,2026,1,58.6,22,3,67.5,0,0,42,0,0,0,49.4,59,0,0,0,LIUSHAR,1,0,0,0,11,3,25,64.4,7.3,77.4,0,1298,72,7,0,0,87.5,29,0,0,0,0,1,59.6
143887,Liam McCormick,DI,0,0,,0,0,,LIUSHAR,4,D99,0,0,0,19,1,2026,41,76.9,0,0,,1,0,0,28,0,0,72.8,0,1,0,0,LIUSHAR,2,0,2,0,,0,0,67.9,,74.6,0,1298,41,0,12,0,0,22,1,1,0,0,1,54.2
143894,Parker Self,WR,0,0,,0,0,,E TENN ST,0,89,1,0,0,0,1,2025,0,,0,0,,0,0,0,0,0,0,60,0,0,0,0,E TENN ST,0,0,0,0,,0,,60,,60,0,157,1,0,0,0,0,1,0,0,0,0,0,
143902,George Wilson Jr.,ED,1,0,,1,0,100,CAMPBELL,1,D04,14,3,2,31,1,2027,50,77.4,3,1,68.3,2,0,13,10,0,0,75,0,1,0,0,CAMPBELL,3,0,5,0,3,11,0,83.9,3,80.5,0,131,64,1,0,0,79.2,20,0,1,0,0,40,81.4
143980,Gabe Stephens,ED,0,0,,1,0,,E KENTUCKY,2,D07,3,3,1,13,1,2027,19,76.3,0,0,,1,0,0,0,0,0,67.3,0,0,0,1,E KENTUCKY,2,0,2,0,,0,0,93.5,,77.8,0,159,22,0,0,0,0,9,0,0,0,0,19,92.7
143991,Nate Evans,CB,3,0,2026,0,0,66.7,DELAWARE,2,D02,34,2,0,1,1,2026,1,78.2,28,2,61.1,0,0,21,0,0,0,71.7,32,0,0,0,DELAWARE,0,0,0,0,18,0,0,64.4,14,75.1,0,151,35,17,0,0,96.5,13,0,1,0,0,1,60
144003,Zyun Reeves,DI,0,0,,0,0,,MS VLY ST,0,D99,0,0,0,3,1,2026,4,,0,0,,1,0,0,0,0,0,60,0,0,0,0,MS VLY ST,0,0,1,0,,0,,67.8,,69.3,0,228,4,0,4,0,0,1,0,0,0,0,0,66.7
144023,Stephon Hall,S,2,0,,0,0,100,YNGTOWN ST,4,D01,53,24,0,0,1,2027,0,64.9,24,2,62.9,0,0,26,0,0,0,59.1,0,0,0,0,YNGTOWN ST,1,0,0,0,18,7,0,59.8,12,76.6,0,353,53,4,0,0,116.7,27,0,0,22,0,0,48.5
144081,Jalen Hoyle,S,2,0,,0,1,100,STNY BROOK,2,D18,49,11,0,0,1,2026,0,38.8,42,2,39.7,0,0,27,0,0,0,70.1,0,0,0,0,STNY BROOK,1,0,0,0,29,11,33.3,47.3,21,75.6,0,303,49,21,0,0,118.8,22,0,0,27,0,0,
144235,Malik Rainey,CB,3,0,,0,0,66.7,E ILLINOIS,7,D15,32,6,0,1,1,2026,1,83.3,19,2,68.4,0,0,16,0,0,0,70.8,1,0,1,0,E ILLINOIS,5,0,0,0,15,25,0,66.4,9.5,0,0,158,33,1,0,0,84,16,1,1,0,0,1,59.2
144268,Andrew Jones,LB,2,0,,0,0,50,GRAMBLING,0,D06,10,10,0,2,1,2026,3,,7,1,70.5,0,0,4,0,0,0,64.5,0,0,0,0,GRAMBLING,0,0,0,0,7,0,,74.5,7,74.2,0,177,13,1,0,0,58.3,7,0,0,0,0,3,59
144349,Patrick Turner,LB,0,0,,1,0,,GEORGETOWN,0,D18,2,1,1,1,1,2026,0,73.2,0,0,60,0,0,1,0,0,0,,0,0,0,0,GEORGETOWN,1,0,1,0,,1,,76.9,,66.1,0,172,2,0,0,0,0,0,0,0,0,0,0,75
144379,Trevion Sneed,LB,0,0,,0,0,,STF AUSTIN,1,D23,20,19,0,2,1,2027,0,74.3,0,0,62.7,0,0,9,0,0,0,64.1,0,1,0,0,STF AUSTIN,0,0,1,0,,1,0,69,,71,0,301,20,0,0,0,0,9,0,0,0,0,0,67.9
144390,Balansama Kamara,ED,0,0,,0,0,,ALBANY,0,D12,0,0,0,2,1,2027,2,,0,0,,0,0,0,0,0,0,,0,0,0,0,ALBANY,0,0,0,0,,0,,57.4,,67.5,0,106,2,0,0,0,0,0,0,0,0,0,2,57.3
144419,T.J. Huggins,CB,3,0,,0,0,33.3,FL A&M,0,D21,64,1,0,0,1,2026,0,,4,1,74.3,0,1,29,0,0,0,64.1,63,0,0,0,FL A&M,0,0,0,0,4,0,,73.9,4,77.1,0,164,64,2,0,0,2.8,35,0,0,0,0,0,
144449,Jaden Moore,LB,0,0,,0,0,,TENN MARTN,0,D22,3,3,0,0,1,2026,0,73.6,0,0,,0,0,0,0,0,0,71.5,0,0,0,0,TENN MARTN,0,0,0,0,,0,0,76.2,,67.6,0,310,3,0,0,0,0,3,0,1,0,0,0,
144523,Cisco Caston,S,2,0,,0,1,100,GRAMBLING,3,D26,47,19,0,0,1,2027,2,54,10,2,72,0,0,23,0,0,0,56.9,0,0,0,0,GRAMBLING,1,0,0,0,6,12,20,67.9,5,76.8,0,177,49,12,0,0,87.5,26,0,1,16,0,2,
144551,Carston Marshall,LB,0,0,,0,0,,YNGTOWN ST,0,D05,4,3,1,4,1,2027,4,73,0,0,61,0,0,2,0,0,0,60,0,0,0,0,YNGTOWN ST,1,0,1,0,,1,,59.2,,70.9,0,353,8,0,0,0,0,2,0,0,0,0,4,65.2
144583,Edwin White-Schultz,S,0,0,,0,1,,N ALABAMA,3,D01,19,14,0,2,1,2026,0,54.5,0,0,76,0,0,9,0,0,0,69.4,0,0,0,0,N ALABAMA,1,0,0,0,,4,20,75.9,,72.1,0,389,19,0,0,0,0,8,0,1,1,0,0,56.9
144674,Donnie Wingate,ED,0,0,,0,1,,LNDNWD,0,D06,0,0,1,32,1,2028,45,40.6,0,0,,4,0,0,13,0,0,65.9,0,1,2,0,LNDNWD,0,1,6,0,,0,50,67.9,,0,0,949,45,0,4,0,0,13,0,1,0,0,28,76.7
144701,D'Arco Perkins-McAllister,CB,1,0,2026,0,0,100,CHATTNOOGA,0,D36,46,3,0,0,1,2026,0,,26,1,60.8,0,0,27,0,0,0,62.9,43,0,0,0,CHATTNOOGA,0,0,0,0,26,0,,61.6,26,75.7,0,137,46,2,0,0,158.3,19,0,0,0,1,0,
144704,Jayhvion Gipson,LB,1,0,,0,1,100,HOUCHR,1,D21,7,5,0,2,1,2026,7,27.6,14,1,53.8,0,0,1,0,0,0,52.7,0,0,0,0,HOUCHR,0,0,0,0,14,2,50,44.8,14,74.1,0,183,14,17,0,0,118.8,11,0,0,0,0,7,58.3
144795,Brayden Dudley,DI,0,0,,0,0,,MERCER,0,D30,0,0,0,6,1,2027,8,,0,0,,0,0,0,0,3,0,57.5,0,0,0,0,MERCER,0,0,0,0,,0,,50.3,,72.4,0,219,8,0,5,0,0,2,0,0,0,0,0,57.3
145091,Davon Townley Jr.,ED,0,0,,0,0,,MO STATE,2,D17,1,1,1,12,1,2026,19,75.7,0,0,,0,0,0,0,0,0,72.2,0,0,0,0,MO STATE,3,0,1,0,,0,0,69.5,,75.5,0,230,20,0,0,0,0,8,1,0,0,0,19,59.8
145138,Carnell Davis,CB,3,0,,0,0,33.3,DUQUESNE,2,D21,26,3,0,1,1,2026,1,78.5,11,1,56.9,0,0,12,0,0,0,67.6,20,0,0,0,DUQUESNE,0,0,0,0,11,3,0,60.3,11,74.2,0,155,27,0,0,1,84.7,14,0,0,0,1,1,60
145147,Todd Bowles Jr.,S,1,0,,0,1,0,LIUSHAR,1,D00,47,20,0,0,1,2026,0,42.4,0,0,54,0,0,30,0,0,0,53.3,0,0,2,0,LIUSHAR,0,1,0,0,,6,33.3,48.8,,0,0,1298,47,0,0,0,39.6,17,0,1,21,0,0,
145201,Amari Wansley,S,3,0,,0,1,100,MURRAY ST,4,D08,20,14,0,0,1,2026,0,58.8,30,3,40.7,0,0,7,0,0,0,41,0,0,0,0,MURRAY ST,0,0,0,0,11,5,16.7,35,10,71.9,0,236,20,16,0,0,108.3,13,0,1,1,0,0,
145202,Zeroun Skinner,CB,4,0,,0,0,50,NEW HAMP,1,D24,9,0,0,0,1,2026,0,73.5,50,2,69.7,0,0,5,0,0,0,60,9,0,0,0,NEW HAMP,0,0,0,0,31,0,0,70.6,25,70.8,0,240,9,0,0,2,135.4,4,0,0,0,1,0,
145203,Justice Cross,LB,1,0,,0,0,0,MURRAY ST,2,D07,30,30,0,3,1,2029,0,79,0,0,63.6,0,0,9,0,0,0,71.5,0,0,0,0,MURRAY ST,1,0,0,0,,0,0,70.4,,73.9,0,236,30,0,0,0,39.6,18,0,2,0,0,0,57.6
145280,Jeremiah McClendon,CB,2,0,2026,0,1,100,S ILLINOIS,4,D08,46,2,0,0,1,2026,1,61.1,13,2,57.5,0,0,17,0,0,0,71.9,44,0,0,0,S ILLINOIS,2,0,0,0,11,0,14.3,62.4,6.5,76.4,0,295,47,0,0,0,133.3,30,0,2,0,1,1,
145286,Jaydyn Johnson,S,2,0,,0,1,100,LNDNWD,1,D13,35,8,0,0,1,2027,0,41.7,28,2,55.2,0,0,25,0,0,0,71.3,0,0,0,0,LNDNWD,0,0,0,0,22,1,33.3,60.6,14,75.2,0,949,35,5,0,0,158.3,10,0,1,25,1,0,
145373,Corey Chapman,S,0,0,,0,0,,NORFOLK,0,D28,12,5,0,1,1,2026,2,74.3,0,0,71.3,0,0,6,0,0,0,64,0,0,0,0,NORFOLK,0,0,0,0,,4,0,76.3,,73.2,0,244,14,0,0,0,0,7,0,1,3,0,2,60
145445,Ike Rowell,S,2,0,,0,1,100,N ALABAMA,2,D29,43,22,1,1,1,2026,0,48.8,17,2,66.4,0,0,25,0,0,0,64,0,0,0,0,N ALABAMA,2,0,1,0,19,8,25,69.8,8.5,74.6,0,389,43,15,0,0,102.1,17,1,1,13,0,0,75.2
145521,Caden Holt,LB,3,0,,0,0,66.7,TARLETON,5,D00,40,35,0,3,1,2027,6,83.2,21,2,62.1,0,1,23,0,0,0,72.4,0,0,0,0,TARLETON,3,0,0,0,12,3,0,69.4,10.5,73.6,0,401,46,8,0,0,47.2,20,1,2,2,0,6,66.7
145542,BJ Wagner,S,0,0,,0,3,,DELWARE ST,5,D11,53,15,0,1,1,2026,0,57,0,0,66,0,0,28,0,0,0,65.8,0,0,0,0,DELWARE ST,2,0,0,0,,7,33.3,66.6,,77,0,152,53,0,0,0,0,24,1,1,30,0,0,60
145549,DJ Brown,S,0,0,,0,1,,PENN,1,D36,9,3,0,3,1,2026,2,25.7,0,0,63.5,0,0,4,0,0,0,29.6,0,0,0,0,PENN,0,0,0,0,,6,50,42.4,,72.8,0,267,11,0,0,0,0,4,0,0,0,0,2,58.1
145567,Isaiah Potts,DI,0,0,,0,0,,CAMPBELL,0,D97,0,0,0,13,1,2027,20,,0,0,,0,0,0,0,4,0,63.6,0,0,0,0,CAMPBELL,0,0,0,0,,0,,60.7,,74,0,131,20,0,16,0,0,7,0,0,0,0,0,56.4
145597,Luke Bauer,ED,1,0,,0,0,0,MOREHEAD,3,D26,7,7,0,19,1,2026,42,80,0,0,70.8,2,0,10,0,0,0,79.7,0,1,0,0,MOREHEAD,2,0,3,0,,0,0,78.9,,81.1,0,234,49,0,0,1,39.6,20,0,3,0,0,42,63.2
145609,Dontae Pollard,CB,0,0,,0,0,,SAMFORD,3,D01,61,25,0,1,1,2026,0,80.6,0,0,67.6,1,0,19,0,0,0,67.9,0,0,0,0,SAMFORD,1,0,1,0,,36,0,71.3,,75.5,0,282,61,0,0,0,0,41,0,2,0,0,0,60.7
145647,Matt Kordas,S,1,0,,0,0,100,INCAR WORD,0,D16,1,0,0,1,1,2026,0,,22,1,60,0,0,0,0,0,0,,0,0,0,0,INCAR WORD,0,0,0,0,22,0,,37.4,22,60,0,189,1,6,0,0,118.8,0,0,0,0,0,0,60
145659,Willie Jones,S,0,0,,0,0,,W ILLINOIS,0,D02,3,0,0,0,1,2026,0,,0,0,62.2,0,0,3,0,0,0,,3,0,0,0,W ILLINOIS,0,0,0,0,,0,,62.8,,67,0,345,3,0,0,0,0,0,0,0,0,0,0,
145684,Anton Ricumstrict,ED,0,0,,0,1,,DELWARE ST,1,D12,1,0,0,15,1,2027,23,24,0,0,60,0,0,0,4,0,0,50.8,0,0,0,0,DELWARE ST,1,0,0,0,,0,50,45.3,,78.6,0,152,24,0,0,0,0,9,0,0,0,0,19,60.7
145689,Solomanie Bambara,ED,0,0,,0,0,,W GEORGIA,0,D21,0,0,1,8,1,2026,23,71.5,0,0,60.3,0,0,2,1,0,0,65.5,0,0,1,0,W GEORGIA,1,0,1,0,,0,,59.8,,0,0,1177,23,0,1,0,0,13,0,0,0,0,21,63.8
145691,Jibrahn Claude,S,2,0,,0,1,50,W GEORGIA,5,D05,54,36,0,0,1,2026,0,71.2,56,1,50.9,0,0,23,0,0,0,73.5,0,0,0,0,W GEORGIA,1,0,0,0,56,9,10,59.6,56,76.7,0,1177,54,21,0,0,135.4,31,0,4,9,1,0,
145693,Chris King,DI,0,0,,0,0,,MONMOUTH,1,D45,0,0,0,25,1,2026,42,72.8,0,0,,0,0,0,0,9,0,67.8,0,0,0,0,MONMOUTH,1,0,0,0,,0,0,63.4,,76,0,231,42,0,33,0,0,17,0,2,0,0,0,55.2
145706,Isaiah Rogers,DI,0,0,,0,1,,MONMOUTH,3,D94,0,0,0,26,1,2026,44,40.6,0,0,59.3,1,0,1,0,4,0,54.5,0,0,0,0,MONMOUTH,2,0,1,0,,0,16.7,58.9,,76.7,0,231,44,0,40,0,0,17,0,2,0,0,0,66.4
145762,Jaden Gaines,ED,0,0,,0,0,,CHATTNOOGA,1,D43,0,0,0,3,1,2026,7,71.1,0,0,,0,0,0,4,0,0,61.6,0,0,0,0,CHATTNOOGA,1,0,0,0,,0,0,60.5,,70.5,0,137,7,0,0,0,0,4,0,0,0,0,3,57.6
145767,Cam Smith,S,0,0,,0,0,,JACKSON ST,0,D05,40,5,0,0,1,2026,1,,0,0,63.9,0,0,18,0,0,0,57.3,0,0,1,0,JACKSON ST,0,0,0,0,,2,,56.4,,0,0,194,41,0,0,0,0,23,0,0,33,0,1,
145825,Daylan Long,S,3,0,,0,0,66.7,NORFOLK,2,D07,48,28,0,0,1,2026,6,80.3,49,2,59.2,0,0,20,0,0,0,65.2,0,0,0,0,NORFOLK,1,0,0,0,30,20,0,62.7,24.5,74.9,0,244,54,12,0,1,109.7,34,0,2,0,0,6,
145909,Jalen Riven,ED,0,0,,0,2,,W ILLINOIS,2,D05,0,0,0,17,1,2026,46,39.8,0,0,60.1,1,0,0,6,0,0,45.9,0,0,0,0,W ILLINOIS,1,0,1,0,,0,33.3,48.4,,77.9,0,345,46,0,1,0,0,29,0,2,0,0,39,54.9
145917,Vontrell Chairse,ED,0,0,,0,0,,S ILLINOIS,0,D11,0,0,0,5,1,2026,16,70.8,0,0,,0,0,0,6,0,0,57.1,0,0,1,0,S ILLINOIS,0,0,0,0,,0,0,50.3,,0,0,295,16,0,3,0,0,11,0,1,0,0,7,64.1
145930,Joshua Nobles,ED,0,0,,0,0,,JACKSON ST,2,D02,0,0,2,19,1,2027,39,76.7,0,0,61.1,3,0,0,16,0,0,73.4,0,0,0,0,JACKSON ST,1,0,5,0,,0,0,85.2,,75.9,0,194,39,0,12,0,0,20,0,0,0,0,11,77.9
145952,Elijah Hawk,DI,0,0,,0,0,,CAMPBELL,1,D99,0,0,0,30,1,2026,48,70.2,0,0,,1,0,0,8,2,0,62.7,0,0,0,0,CAMPBELL,1,0,1,0,,0,0,59.9,,76.4,0,131,48,0,38,0,0,18,0,0,0,0,0,56.2
145988,James Wilborn Jr,DI,0,0,,0,0,,MERRIMACK,0,D57,0,0,0,5,1,2026,13,,0,0,,0,0,0,0,0,0,64,0,0,0,0,MERRIMACK,0,0,0,0,,0,,62.7,,72.1,0,385,13,0,13,0,0,8,0,0,0,0,0,57.2
146016,Damir Abdullah,S,0,0,,0,0,,IDAHO ST,0,D17,2,0,0,0,1,2027,0,,0,0,60.9,0,0,2,0,0,0,,0,0,0,0,IDAHO ST,0,0,0,0,,2,,61.6,,65.9,0,186,2,0,0,0,0,0,0,0,0,0,0,
146077,Ty Marsh,S,1,0,,0,0,0,NICHOLLS,4,D06,36,6,0,4,1,2026,0,84.5,0,0,67.4,0,0,23,0,0,0,65.3,0,0,2,0,NICHOLLS,1,0,0,0,,19,0,63.2,,0,0,243,36,0,0,0,39.6,9,0,3,11,0,0,56.2
146102,Duece Jones,CB,2,0,,0,1,50,GRAMBLING,0,D14,22,2,0,0,1,2025,0,21.4,17,1,62.7,0,0,7,0,0,0,62,20,0,0,0,GRAMBLING,0,0,0,0,17,0,100,63.7,17,73,0,177,22,19,0,0,79.2,15,0,0,0,0,0,
146133,Ronald Wilson,S,2,0,,0,0,100,INCAR WORD,3,D06,35,20,0,0,1,2025,0,79.7,10,2,58.1,0,0,19,0,0,0,71.5,0,0,1,0,INCAR WORD,2,1,0,0,10,9,0,58,5,0,0,189,35,7,0,0,87.5,16,0,0,6,0,0,
146202,Nick Dimitris,DI,0,0,,0,0,,FL A&M,1,D97,0,0,0,3,1,2028,10,70.2,0,0,,0,0,0,0,2,0,65.7,0,0,0,0,FL A&M,0,0,0,0,,0,0,65.8,,71.8,0,164,10,0,7,0,0,7,0,0,0,0,1,58.7
146330,Tyas Martin,DI,0,0,,0,0,,JACKSON ST,0,D98,0,0,0,2,1,2026,5,69.7,0,0,,0,0,0,0,0,0,65.9,0,0,0,0,JACKSON ST,0,0,0,0,,0,0,68.5,,69.3,0,194,5,0,5,0,0,3,0,1,0,0,0,59.1
146349,Arnez Madison,CB,0,0,,0,0,,SO UTAH,1,D22,7,0,0,0,1,2026,0,73.5,0,0,65.2,0,0,5,0,0,0,60,7,0,0,0,SO UTAH,0,0,0,0,,0,0,65.8,,70,0,298,7,0,0,0,0,2,0,0,0,0,0,
146356,Jake Parrella,ED,0,0,,0,0,,S ILLINOIS,0,D20,0,0,1,9,1,2028,24,71.3,0,0,,1,0,0,7,0,0,58.2,0,0,1,0,S ILLINOIS,0,0,2,0,,0,,55.6,,0,0,295,24,0,2,0,0,15,0,0,0,0,15,67
146493,Anderson Grover,WR,0,0,,0,0,,SACRAMENTO,0,26,1,0,0,0,1,2025,0,,0,0,,0,0,0,0,0,0,60,0,0,0,0,SACRAMENTO,0,0,0,0,,0,,60,,60,0,279,1,0,0,0,0,1,0,0,0,0,0,
146513,Jhamell Blenman,CB,2,0,,1,0,50,IDAHO,3,D26,43,7,0,0,1,2026,0,80.1,12,1,66,0,0,12,0,0,0,75.3,35,0,0,0,IDAHO,0,0,0,0,12,1,0,71.1,12,74.4,0,185,43,7,0,0,68.8,31,0,1,0,0,0,
146585,Keelan Cox,ED,0,0,,0,1,,TEXAS STHN,4,D00,0,0,0,20,1,2026,52,64.6,0,0,71.5,0,0,0,2,0,0,67.1,0,0,0,0,TEXAS STHN,3,0,0,0,,0,14.3,65.8,,80.4,0,313,52,0,1,0,0,32,0,2,0,0,49,52.1
146702,Corey Collier Jr.,S,3,0,,0,0,33.3,FL A&M,2,D10,48,15,0,0,1,2026,0,79.7,12,1,60.6,0,0,22,0,0,0,72.2,0,0,0,0,FL A&M,1,0,0,0,12,7,0,65.4,12,76.6,0,164,48,0,0,0,46.5,26,0,1,26,0,0,
146862,Matai Mata'afa,ED,0,0,,0,0,,MONTANA,0,D98,0,0,0,7,1,2026,11,,0,0,,0,0,0,8,0,0,61.8,0,0,0,0,MONTANA,0,0,0,0,,0,,58.2,,70.9,0,232,11,0,2,0,0,4,0,0,0,0,1,55.2
146903,Isaiah Norris,CB,4,0,,0,0,25,NC CENT,4,D03,60,6,0,0,1,2026,0,81.7,5,1,76,0,0,27,0,0,0,67.5,54,0,0,0,NC CENT,0,0,0,0,5,0,0,76,5,76.3,0,247,60,6,0,0,39.6,33,0,2,0,0,0,
146920,Camden Hardy,S,1,0,,0,1,100,NWSTATE,1,D09,3,2,0,0,1,2026,0,28,31,1,49,0,0,1,0,0,0,66.6,0,0,0,0,NWSTATE,1,0,0,0,31,0,50,54.7,31,65.1,0,257,3,10,0,0,118.8,2,0,0,1,0,0,
146946,Aaron Willis,LB,4,0,,0,1,75,DELWARE ST,3,D44,28,14,0,7,1,2026,15,67.4,27,3,70.2,0,0,21,0,0,0,67.3,0,0,0,0,DELWARE ST,2,0,0,0,16,13,16.7,70.5,9,80.9,0,152,43,8,0,1,92.7,15,1,2,0,0,15,57
146979,Terion Sugick,DI,0,0,,0,0,,MURRAY ST,2,D04,0,0,0,13,1,2026,37,74,0,0,,0,0,0,2,25,0,71.9,0,0,0,0,MURRAY ST,2,0,0,0,,0,0,70,,77.3,0,236,37,0,10,0,0,24,0,0,0,0,0,56.9
147036,Trevor Moffitt,LB,4,0,,0,0,100,GARD-WEBB,4,D45,67,52,0,4,1,2026,1,82.1,18,4,70.7,1,0,43,0,0,0,74.4,0,0,1,0,GARD-WEBB,4,0,1,0,8,15,0,73.2,4.5,75.3,0,171,68,26,0,0,85.4,21,1,2,0,0,1,57.5
147037,Deshawn McKnight,ED,0,0,2026,0,0,,TENN MARTN,0,D06,0,0,0,25,1,2026,34,,0,0,60.6,1,0,1,25,8,0,62.3,0,0,0,0,TENN MARTN,0,0,1,0,,0,,63.7,,75.7,0,310,34,0,1,0,0,8,0,0,0,0,0,61.5
147039,Justin Isler,ED,0,0,,0,0,,GARD-WEBB,0,D19,0,0,0,5,1,2026,7,,0,0,,0,0,0,0,0,0,60,0,0,0,0,GARD-WEBB,0,0,0,0,,0,,57.7,,71.6,0,171,7,0,0,0,0,2,0,0,0,0,7,56.4
147062,Dennard Flowers,ED,0,0,,0,0,,MURRAY ST,0,D00,0,0,0,16,1,2026,41,,0,0,,0,0,0,2,0,0,65,0,1,1,0,MURRAY ST,0,0,1,0,,0,,57.5,,0,0,236,41,0,0,0,0,25,0,0,0,0,39,58.3
147132,Myles Winslow,DI,0,0,,0,0,,MCNEESE,1,D08,0,0,0,6,1,2027,14,70.2,0,0,,0,0,0,0,0,0,65.2,0,0,0,0,MCNEESE,0,0,0,0,,0,0,65.1,,72.1,0,217,14,0,14,0,0,8,0,0,0,0,0,58.8
147165,Cam George,ED,0,0,,0,1,,NWSTATE,1,D00,0,0,0,14,1,2026,40,29.2,0,0,60,1,0,0,26,0,0,45.9,0,0,0,0,NWSTATE,0,0,1,0,,0,50,43.9,,74.8,0,257,40,0,1,0,0,26,0,0,0,0,13,48.5
147170,Lanard Harris,CB,0,0,,0,0,,TENN MARTN,0,D34,7,0,0,0,1,2026,0,,0,0,62,0,0,4,0,0,0,60,7,0,0,0,TENN MARTN,0,0,0,0,,0,,62.7,,69.5,0,310,7,0,0,0,0,3,0,0,0,0,0,
147229,Ronnie Hamrick,S,3,0,,0,2,33.3,LAMAR,5,D06,31,6,0,4,1,2026,10,27.8,2,1,69.1,0,1,22,0,0,0,46.2,0,1,0,0,LAMAR,5,0,1,0,2,25,28.6,63.7,2,79.6,0,204,41,4,0,0,2.8,15,0,0,0,0,10,72.4
147293,Tony McCray Jr.,CB,1,0,,0,0,100,W GEORGIA,0,D18,7,1,0,0,1,2025,0,74.2,39,1,49.6,0,0,4,0,0,0,60,6,0,0,0,W GEORGIA,0,0,0,0,39,0,0,49.7,39,69.6,0,1177,7,6,0,0,118.8,3,0,1,0,0,0,
147348,Kalvyn Crummie,LB,0,0,,0,0,,TENN TECH,0,D42,11,9,0,2,1,2026,0,,0,0,61.9,0,0,3,0,0,0,70.1,0,0,0,0,TENN TECH,0,0,0,0,,2,,67.7,,71.1,0,309,11,0,0,0,0,6,0,0,0,0,0,56.6
147365,Kahleef Jimmison,S,5,0,,0,1,80,DELWARE ST,3,D27,58,17,0,5,1,2026,8,59.3,37,4,59.8,0,0,32,0,0,0,56.6,0,0,0,0,DELWARE ST,0,0,0,0,21,40,25,58.3,9.3,79.1,0,152,66,38,0,0,97.5,29,0,0,0,0,8,56.6
147404,Carter Hooper,ED,0,0,,0,1,,S DAKOTA,0,D95,0,0,0,14,1,2026,34,23.9,0,0,,1,0,0,1,0,0,63.5,0,0,0,0,S DAKOTA,0,0,1,0,,0,100,62.5,,76.9,0,291,34,0,1,0,0,20,0,0,0,0,32,58.4
147445,J.J. Dervil,S,2,0,,0,1,50,N IOWA,3,D03,59,36,0,0,1,2025,0,47.5,3,1,72.5,0,0,33,0,0,0,56,0,0,0,0,N IOWA,2,0,0,0,3,8,25,68.6,3,77.3,0,255,59,0,0,0,56.3,26,0,0,15,0,0,
147513,Dean Jones,CB,1,0,,0,0,0,SO UTAH,0,D18,14,0,0,0,1,2026,0,,0,0,65.1,0,0,9,0,0,0,60,14,0,0,0,SO UTAH,0,0,0,0,,0,,65.6,,71.9,0,298,14,0,0,0,39.6,5,0,0,0,0,0,
147546,Tim Coutras,S,2,0,,0,0,50,TENN TECH,4,D20,58,21,0,0,1,2026,0,81,47,1,63.2,0,1,29,0,0,0,59.8,0,0,0,0,TENN TECH,0,0,0,0,47,4,0,62.6,47,76.5,0,309,58,4,0,0,56.3,29,0,0,33,0,0,
147598,Kentrell Williams Jr.,S,1,0,,0,2,100,E WASHGTON,2,D02,21,9,0,0,1,2025,0,29.4,23,1,55.6,0,0,11,0,0,0,58.5,1,0,0,0,E WASHGTON,0,0,0,0,23,0,40,56.2,23,72.2,0,161,21,10,0,0,118.8,10,0,1,11,0,0,
147600,Armani Orange,S,4,0,,0,0,50,E WASHGTON,4,D12,45,22,0,0,1,2025,1,82.2,38,2,53.1,0,0,22,0,0,0,57.8,0,0,0,0,E WASHGTON,0,0,0,0,22,4,0,54.2,19,75.9,0,161,46,13,0,0,83.3,24,0,0,19,0,1,
147616,Isiah King,LB,2,0,2026,0,0,100,IDAHO,2,D04,22,2,0,0,1,2026,1,79.6,16,2,65.2,0,0,6,0,0,0,65.2,0,0,0,0,IDAHO,1,0,0,0,9,20,0,66.7,8,75.8,0,185,23,5,0,0,100,17,0,1,0,0,1,
147620,Sam Brown,ED,0,0,,0,0,,IDAHO,0,D93,0,0,0,11,1,2026,26,,0,0,,1,0,0,1,0,0,66.4,0,1,0,0,IDAHO,0,0,2,0,,0,,66.8,,76.2,0,185,26,0,0,0,0,15,0,0,0,0,25,61.6
147633,Tylor Bohannon,CB,3,0,,1,0,66.7,IDAHO ST,4,D02,61,14,0,1,1,2025,2,82,23,2,59.4,0,0,32,0,0,0,64.7,47,0,0,0,IDAHO ST,2,0,0,0,19,0,0,61.3,11.5,75.6,0,186,63,6,0,0,129.2,30,0,2,0,1,2,60
147645,Dylan Simmons,CB,2,0,,0,1,100,MO STATE,5,D10,47,10,0,0,1,2026,0,60.8,25,2,58.3,0,0,22,0,0,0,71.8,0,0,1,0,MO STATE,1,0,0,0,28,36,14.3,63.5,12.5,76.4,0,230,47,0,0,0,158.3,25,1,1,1,1,0,
147669,Kendric Bailey,S,2,0,,0,0,100,LNDNWD,2,D17,25,16,0,0,1,2025,0,80.1,36,2,44.9,0,0,18,0,0,0,60.4,0,0,0,0,LNDNWD,0,0,0,0,21,4,0,47.2,18,72.8,0,949,25,4,0,0,158.3,7,0,0,5,1,0,
147702,Malachi Williams,S,1,0,,0,4,100,W GEORGIA,7,D31,71,61,0,0,1,2029,0,45.3,26,1,57.2,0,0,27,0,0,0,51.4,0,0,0,0,W GEORGIA,2,0,0,0,26,1,26.7,54.1,26,75.6,0,1177,71,1,0,0,118.8,44,0,4,9,0,0,
147740,Vincent King,LB,8,0,,0,1,100,LNDNWD,9,D09,80,53,0,12,1,2025,8,71.8,94,8,54.2,0,0,52,0,0,0,80,0,1,1,0,LNDNWD,5,0,1,0,28,27,7.7,59.7,11.8,0,0,949,88,22,0,0,115.6,24,1,3,0,0,8,60.3
147742,Keenan Guthrie,LB,1,0,,0,3,100,N COLORADO,4,D12,34,34,0,1,1,2026,10,29.6,25,1,55.8,0,0,17,0,0,0,48.8,0,0,0,0,N COLORADO,2,0,0,0,25,0,42.9,49.7,25,77,0,253,44,29,0,0,118.8,26,0,0,0,0,10,59.4
147744,Keyvon Lakes,ED,0,0,,0,3,,N COLORADO,4,D09,12,12,0,20,1,2025,43,24.6,0,0,72,1,0,4,3,0,0,33.8,0,0,0,0,N COLORADO,1,0,1,0,,0,42.9,51.8,,78.7,0,253,55,0,6,0,0,31,0,0,0,0,34,73.4
147745,Jordan Knapke,S,1,0,,0,0,100,LNDNWD,1,D02,58,25,0,0,1,2025,0,78.9,5,1,40,0,0,43,0,0,0,61.1,0,0,0,0,LNDNWD,0,0,0,0,5,3,0,44,5,76.7,0,949,58,4,0,0,127.1,15,0,1,30,1,0,
147753,Joe Brown,DI,0,0,,0,0,,YNGTOWN ST,1,D99,0,0,0,7,1,2026,20,70.2,0,0,,0,0,0,0,7,0,56.2,0,0,0,0,YNGTOWN ST,0,0,0,0,,0,0,56.1,,75.3,0,353,20,0,13,0,0,13,0,0,0,0,0,58.4
147804,Will Schalde,ED,0,0,,0,1,,SACRAMENTO,0,D44,0,0,0,8,1,2026,17,23.9,0,0,60,0,0,1,1,0,0,49.2,0,0,0,0,SACRAMENTO,0,0,0,0,,0,100,48.8,,73.7,0,279,17,0,6,0,0,8,0,0,0,0,10,55.2
147807,Eian Moore,S,5,0,,0,0,40,SACRAMENTO,2,D00,56,25,0,1,1,2025,1,81.4,33,2,60.2,0,0,33,0,0,0,69.2,1,0,1,0,SACRAMENTO,0,0,0,0,23,15,0,63.3,16.5,77.3,0,279,57,0,0,2,102.5,23,0,2,15,1,1,59.1
147808,Kameron Rocha,S,2,0,,0,0,50,SO UTAH,0,D28,46,18,0,0,1,2026,0,76.2,6,1,66.2,0,0,32,0,0,0,65.1,1,0,0,0,SO UTAH,0,0,0,0,6,2,0,67.1,6,76.2,0,298,46,0,0,0,95.8,14,0,1,25,1,0,
147820,Mitchell Wolfe,LB,0,0,,0,0,,SACRAMENTO,1,D30,5,3,0,0,1,2026,1,75.2,0,0,,0,0,0,0,0,0,77.2,0,0,0,0,SACRAMENTO,1,0,0,0,,1,0,77.2,,68.7,0,279,6,0,0,0,0,6,0,1,0,0,1,
147824,Mason Brosseau,DI,0,0,,0,0,,SACRAMENTO,1,D95,0,0,0,36,1,2026,58,73.4,0,0,59.9,3,0,1,1,20,0,62.8,0,0,0,0,SACRAMENTO,1,0,3,0,,0,0,67.9,,77.3,0,279,58,0,37,0,0,21,1,2,0,0,0,69.1
147840,George Ramirez,S,3,0,,0,0,100,SO UTAH,7,D03,55,28,0,0,1,2025,0,87.1,13,3,68.1,0,0,37,0,0,0,84.4,3,0,0,0,SO UTAH,2,0,0,0,8,5,0,74.4,4.3,76,0,298,55,7,0,0,84.7,18,0,5,19,0,0,
147844,Joe Tongamoa,DI,0,0,,0,0,,SO UTAH,0,D99,0,0,0,13,1,2026,18,,0,0,,0,0,0,0,0,0,54.9,0,0,0,0,SO UTAH,0,0,0,0,,0,,68.2,,72.9,0,298,18,0,18,0,0,5,0,0,0,0,0,75.1
147878,Logan Livermon,LB,2,0,,0,1,50,CAMPBELL,1,D43,51,46,0,1,1,2026,0,42.2,5,1,66.6,0,0,33,0,0,0,63.6,0,0,0,0,CAMPBELL,1,0,0,0,5,4,25,69.1,5,77.2,0,131,51,1,0,0,56.3,17,0,2,1,0,0,67.6
147905,Devonte Turner,DI,0,0,,0,0,,CHARLES SO,0,D99,0,0,0,4,1,2025,12,,0,0,,0,0,0,0,8,0,71.2,0,0,0,0,CHARLES SO,0,0,0,0,,0,,71.7,,73.3,0,135,12,0,4,0,0,8,0,0,0,0,0,59
147913,Kamron Smith,CB,3,0,,0,0,66.7,SAMFORD,2,D16,57,4,0,0,1,2025,0,76.2,14,2,63.1,0,0,19,0,0,0,65.5,53,0,0,0,SAMFORD,2,0,0,0,9,0,0,64.5,7,76.2,0,282,57,0,0,0,77.1,38,0,0,0,0,0,
147915,Bryson Oliver,LB,0,0,,0,0,,CHARLES SO,2,D38,9,8,0,0,1,2026,0,77.6,0,0,60.2,0,0,2,0,0,0,82.6,0,0,0,0,CHARLES SO,2,0,0,0,,1,0,82.7,,69.8,0,135,9,0,0,0,0,7,0,1,0,0,0,
147919,Laron Davis,DI,0,0,,0,0,,CHARLES SO,1,D92,0,0,0,11,1,2026,37,72.8,0,0,,1,0,0,17,4,0,67,0,0,0,0,CHARLES SO,1,0,1,0,,0,0,67.2,,74.9,0,135,37,0,16,0,0,26,0,1,0,0,0,61.2
147929,Nick Bartalo,LB,0,0,,0,0,,CHARLES SO,0,D07,8,8,0,0,1,2026,1,73.6,0,0,60.9,0,0,3,0,0,0,62.7,0,0,0,0,CHARLES SO,0,0,0,0,,0,0,64.2,,72.2,0,135,9,0,0,0,0,6,0,1,0,0,1,
147936,Boogsie Silvera,S,0,0,,0,2,,MCNEESE,5,D04,70,47,0,3,1,2028,1,54.1,0,0,67.6,0,0,36,0,0,0,71.2,0,0,1,0,MCNEESE,3,0,0,0,,4,22.2,66.1,,0,0,217,71,0,0,0,0,32,0,2,19,0,1,55.8
147938,Nick Hunter,ED,0,0,,0,0,,E TENN ST,0,D22,1,1,0,11,1,2026,22,,0,0,60,3,0,1,0,0,0,48.9,0,0,0,0,E TENN ST,0,0,3,0,,0,,58.7,,78.1,0,157,23,0,0,0,0,11,0,0,0,0,22,67.9
147942,Willie Harris,DI,0,0,,0,0,,E TENN ST,4,D97,0,0,1,17,1,2025,27,75.9,0,0,60,2,0,0,0,0,0,79.4,0,0,0,0,E TENN ST,4,0,3,0,,0,0,80.2,,74.4,0,157,27,0,27,0,0,10,1,1,0,0,0,67.5
147947,TJ Jones,S,5,0,,0,2,80,DUQUESNE,3,D00,27,6,0,0,1,2026,0,37.9,99,4,28.1,0,0,12,0,0,0,58.8,0,0,0,0,DUQUESNE,1,0,0,0,33,4,28.6,28.7,24.8,74,0,155,27,41,0,0,158.3,15,1,2,17,1,0,
148007,Justin Bennin,S,6,0,,0,2,66.7,MONMOUTH,12,D03,73,28,0,0,1,2026,0,71.4,31,4,67.1,0,0,40,0,0,0,65.2,0,0,0,0,MONMOUTH,3,0,0,0,16,4,11.1,67.4,7.8,77.3,0,231,73,14,0,0,79.2,33,0,4,41,0,0,
148015,Nathan Carabatsakis,ED,0,0,,0,0,,ROB MORRIS,0,D96,0,0,0,3,1,2026,5,,0,0,,0,0,0,1,0,0,60.6,0,0,0,0,ROB MORRIS,0,0,0,0,,0,,60.4,,69.6,0,277,5,0,1,0,0,2,0,0,0,0,3,58.5
148022,Tim White,S,1,0,,0,0,100,S DAKOTA,1,D09,9,1,0,0,1,2028,0,75.1,14,1,56.3,0,0,7,0,0,0,60,0,0,0,0,S DAKOTA,0,0,0,0,14,8,0,56.3,14,71.5,0,291,9,0,0,0,118.8,2,0,0,0,0,0,
148057,JP Osafo,CB,6,0,,0,0,16.7,INDIANA ST,2,D10,44,4,0,0,1,2025,0,77,27,1,45.9,0,0,22,0,0,0,71,39,0,0,0,INDIANA ST,0,0,0,0,27,1,0,51,27,74.9,0,191,44,4,0,0,45.8,22,0,0,0,0,0,
148085,Kaleal Davis,S,0,0,,0,0,,INDIANA ST,1,D05,1,0,0,0,1,2025,0,73.9,0,0,,0,0,0,0,0,0,60,0,0,0,0,INDIANA ST,1,0,0,0,,0,0,64.8,,60,0,191,1,0,0,0,0,1,0,0,0,0,0,
148087,Geoffrey Brown,LB,4,1,,0,1,75,INDIANA ST,3,D02,63,56,0,7,1,2025,3,58.7,4,3,91.2,0,1,29,0,0,0,29.8,0,0,0,0,INDIANA ST,3,0,0,0,9,7,14.3,67.3,1.3,76.8,0,191,66,18,0,0,37.5,30,0,3,0,0,3,53.1
148090,Joey Shew,ED,0,0,,0,1,,INDIANA ST,2,D27,0,0,2,31,1,2025,54,52.1,0,0,,1,0,0,2,0,0,66.4,0,0,0,0,INDIANA ST,4,0,3,0,,0,20,66.9,,78.2,0,191,54,0,0,0,0,23,0,2,0,0,52,63.1
148092,Maddix Blackwell,S,4,0,,0,3,100,INDIANA ST,7,D17,66,6,0,0,1,2026,0,41,32,4,52.5,0,0,36,0,0,0,62.4,0,0,0,0,INDIANA ST,2,0,0,0,13,6,30,55.3,8,77.6,0,191,66,15,0,0,139.6,30,0,0,54,1,0,
148093,Blake Surface,LB,0,0,,0,0,,INDIANA ST,0,D41,1,0,0,0,1,2025,0,,0,0,,0,0,0,0,0,0,60,0,0,0,0,INDIANA ST,0,0,0,0,,0,,60,,60,0,191,1,0,0,0,0,1,0,0,0,0,0,
148119,Lemondre Joe,CB,0,0,,0,0,,MO STATE,0,D00,3,0,0,0,1,2026,0,,0,0,61.6,0,0,2,0,0,0,60,3,0,0,0,MO STATE,0,0,0,0,,0,,62.5,,66.9,0,230,3,0,0,0,0,1,0,0,0,0,0,
148122,Caleb Dietlin,ED,0,0,,0,0,,MO STATE,0,D43,0,0,1,14,1,2026,21,73,0,0,,3,0,0,2,0,0,62.9,0,0,0,0,MO STATE,1,0,4,0,,0,,75.8,,76.2,0,230,21,0,0,0,0,7,0,0,0,0,19,75.5
148124,Sterling Smithson,DI,0,0,,0,0,,MO STATE,2,D90,0,0,0,10,1,2026,34,72.2,0,0,,0,0,0,0,2,0,59.9,0,0,1,0,MO STATE,2,0,0,0,,0,0,53.6,,0,0,230,34,0,32,0,0,24,0,0,0,0,0,57.6
148140,Cole Davis,S,0,0,,0,0,,N DAKOTA,0,D31,6,4,0,0,1,2026,0,,0,0,60,0,0,1,0,0,0,60,0,0,0,0,N DAKOTA,0,0,0,0,,0,,61.2,,68.3,0,249,6,0,0,0,0,5,0,0,2,0,0,
148141,Malachi McNeal,LB,1,0,,0,1,100,N DAKOTA,11,D36,54,52,1,3,1,2026,0,76.2,12,1,52.3,0,0,15,0,0,0,69.6,0,0,0,0,N DAKOTA,5,0,1,0,12,2,8.3,65.1,12,75.4,0,249,54,13,0,0,116.7,36,1,0,0,0,0,67
148166,Ryan Jones,S,0,0,,0,1,,N DAK ST,5,D27,35,12,0,0,1,2026,0,60.8,0,0,68,0,0,17,0,0,0,62.3,0,0,0,0,N DAK ST,1,0,0,0,,1,16.7,66.9,,74.8,0,250,35,0,0,0,0,18,0,0,22,0,0,
148168,Enock Sibomana,CB,3,1,,0,0,100,N DAK ST,5,D14,32,9,0,0,1,2026,2,81.4,35,3,57,0,1,16,0,0,0,73.6,0,0,0,0,N DAK ST,2,0,0,0,20,23,0,63.8,11.7,76.2,0,250,34,7,0,0,75.7,18,0,1,0,0,2,
148173,Kole Menz,ED,0,0,,0,0,,N DAK ST,0,D55,0,0,0,8,1,2026,18,71.1,0,0,60,0,0,1,0,0,0,52,0,0,0,0,N DAK ST,0,0,0,0,,0,0,54.9,,74.3,0,250,18,0,0,0,0,9,0,1,0,0,18,61.1
148174,Kody Huisman,DI,0,0,2026,0,0,,N DAK ST,2,D50,0,0,1,13,1,2026,24,73.6,0,0,,1,0,0,1,0,0,70.6,0,0,0,0,N DAK ST,3,0,2,0,,0,0,82.2,,73.8,0,250,24,0,23,0,0,11,0,0,0,0,0,79.9
148175,Jaxon Duttenhefer,DI,0,0,,0,0,,N DAK ST,0,D64,0,0,0,13,1,2026,27,,0,0,,2,0,0,0,1,0,71.4,0,0,0,0,N DAK ST,0,0,2,0,,0,,73.3,,74.3,0,250,27,0,26,0,0,14,0,0,0,0,0,65.9
148189,Carter Hewitt,DI,0,0,,0,0,,N IOWA,4,D94,0,0,0,33,1,2026,59,75.1,0,0,,0,0,0,0,8,0,46.8,0,1,0,0,N IOWA,2,0,1,0,,0,0,54.1,,76.6,0,255,59,0,51,0,0,26,1,1,0,0,0,65.8
148194,Tucker Langenberg,LB,2,0,,0,2,100,N IOWA,3,D29,49,49,0,3,1,2026,5,29.1,24,2,54.9,0,0,28,0,0,0,44.5,0,0,1,0,N IOWA,0,0,0,0,14,0,33.3,43.5,12,0,0,255,54,18,0,0,116.7,23,0,1,0,0,5,56.2
148195,Mo Olowo,S,2,0,,0,0,50,N IOWA,3,D00,49,39,0,1,1,2026,3,81.2,25,1,49.5,0,0,29,0,0,0,72,0,0,0,0,N IOWA,1,0,0,0,25,5,0,57.7,25,74.9,0,255,52,27,0,0,95.8,22,0,2,5,0,3,60
148196,Caleb Frazer,LB,6,0,,0,1,83.3,N IOWA,5,D17,50,43,0,6,1,2026,5,64.4,29,5,53.5,0,0,25,0,0,0,61.5,0,1,0,0,N IOWA,1,0,1,0,9,7,11.1,59.1,5.8,78.1,0,255,55,32,0,0,126.4,24,0,3,0,1,5,71.7
148197,Derek Anderson,TE,0,0,,0,2,,N IOWA,0,88,0,0,0,31,1,2026,56,25.7,0,0,,2,0,0,6,0,0,53,0,0,0,0,N IOWA,0,0,2,0,,0,66.7,53.7,,79,0,255,56,0,0,0,0,25,0,1,0,0,50,56
148211,Shahid Barros,CB,2,0,,0,0,50,S DAKOTA,1,D04,71,9,0,0,1,2026,0,77.7,15,1,62.9,0,0,34,0,0,0,66.8,60,0,0,0,S DAKOTA,0,0,0,0,15,2,0,64.5,15,76.9,0,291,71,0,0,0,75,37,0,1,0,0,0,
148212,Matt Walsh,S,0,0,,0,0,,S DAKOTA,0,D13,2,2,0,0,1,2026,2,,0,0,,0,0,0,0,0,0,60,0,0,0,0,S DAKOTA,0,0,0,0,,0,,61.3,,67.9,0,291,4,0,0,0,0,4,0,0,0,0,2,
148213,Nyle Dickel,ED,0,0,,0,0,,S DAKOTA,3,D08,0,0,0,9,1,2028,18,76.1,0,0,71.3,0,0,1,2,0,0,73.1,0,0,0,0,S DAKOTA,3,0,0,0,,0,0,73.3,,75,0,291,18,0,0,0,0,8,1,0,0,0,16,52.8
148237,Colby Huerter,S,4,0,,0,3,50,S DAK ST,4,D14,59,40,0,0,1,2025,0,42.1,11,2,74,0,0,40,0,0,0,39.2,1,0,0,0,S DAK ST,3,0,0,0,8,1,27.3,65.1,5.5,77.4,0,292,59,6,0,0,56.3,19,0,4,17,0,0,
148240,Matthew Durrance,S,1,0,,0,0,100,S DAK ST,3,D23,21,16,0,0,1,2026,0,80.4,30,1,56.5,0,0,12,0,0,0,67.8,0,0,0,0,S DAK ST,0,0,0,0,30,1,0,61.3,30,72.6,0,292,21,11,0,0,118.8,9,0,0,4,0,0,
148243,Tucker Large,S,4,0,2026,0,1,75,S DAK ST,2,D01,44,9,0,1,1,2026,1,56.3,20,3,43,0,0,32,0,0,0,66.6,1,0,1,0,S DAK ST,2,0,0,0,9,8,20,47.9,6.7,76.9,0,292,45,4,0,0,85.4,12,0,2,26,0,1,58.6
148248,Levi Vanden Bos,ED,0,0,,0,0,,S DAK ST,2,D57,0,0,0,16,1,2026,35,76,0,0,60,1,0,1,6,0,0,62.6,0,1,0,0,S DAK ST,1,0,2,0,,0,0,70.6,,76.4,0,292,35,0,0,0,0,18,0,2,0,0,29,74.3
148265,David Miller,CB,0,0,,0,0,,S ILLINOIS,0,D03,1,0,0,0,1,2025,0,,0,0,,0,0,0,0,0,0,60,1,0,0,0,S ILLINOIS,0,0,0,0,,0,,60,,63.8,0,295,1,0,0,0,0,1,0,0,0,0,0,
148266,Louis Wilbert,ED,0,0,,0,0,,S ILLINOIS,1,D22,0,0,0,11,1,2026,31,75.2,0,0,,1,0,0,12,0,0,70.7,0,0,1,0,S ILLINOIS,1,0,1,0,,0,0,64.5,,0,0,295,31,0,5,0,0,20,0,2,0,0,14,61.2
148270,Cejai Parson,S,0,0,,0,0,,S ILLINOIS,1,D05,9,2,0,0,1,2026,0,76.4,0,0,60.8,0,0,2,0,0,0,67.7,0,0,0,0,S ILLINOIS,1,0,0,0,,1,0,68,,70.8,0,295,9,0,0,0,0,7,0,0,6,0,0,
148271,Shane Roth,LB,1,0,,0,0,100,S ILLINOIS,4,D42,15,13,0,0,1,2026,0,79.6,6,1,65.6,0,0,10,0,0,0,78.5,0,0,1,0,S ILLINOIS,2,0,0,0,6,2,0,67.1,6,0,0,295,15,5,0,0,91.7,5,1,0,0,0,0,
148272,Caden Reeves,ED,0,0,,0,0,,S ILLINOIS,1,D99,0,0,0,7,1,2026,21,69.7,0,0,,0,0,0,12,0,0,60.9,0,0,0,0,S ILLINOIS,1,0,0,0,,0,0,59.6,,73.2,0,295,21,0,5,0,0,14,0,0,0,0,4,56.6
148313,Preston Zandier,LB,0,0,,0,0,,YNGTOWN ST,6,D33,62,59,1,6,1,2026,0,82.6,0,0,53.3,0,0,22,0,0,0,76.4,0,0,0,0,YNGTOWN ST,6,0,1,0,,3,0,68,,74.5,0,353,62,0,0,0,0,34,1,2,0,0,0,66.4
148314,Andrew Centofanti,LB,0,0,,0,0,,YNGTOWN ST,1,D27,6,6,0,2,1,2026,10,73.1,0,0,61.7,0,0,3,0,0,0,58.4,0,0,0,0,YNGTOWN ST,0,0,0,0,,0,0,60.1,,72.8,0,353,16,0,0,0,0,11,0,0,0,0,10,59.9
148325,Parris Lowery,DI,0,0,,0,2,,ELON,0,D04,0,0,0,17,1,2026,39,26.5,0,0,65.6,2,0,0,0,7,0,68.5,0,0,0,0,ELON,0,0,2,0,,0,50,66.6,,75.9,0,162,39,0,32,0,0,22,0,2,0,0,0,51.6
148329,Jake Louro,DI,0,0,,0,0,,ELON,0,D55,0,0,0,12,1,2026,30,,0,0,,1,0,0,0,0,1,55,0,0,0,0,ELON,0,0,1,0,,0,,57.4,,74.1,0,162,30,0,30,0,0,18,0,0,0,0,0,62.9
148335,Donovan Everette,DI,0,0,,0,0,,ELON,0,D05,0,0,0,0,1,2026,3,70.2,0,0,,0,0,0,0,0,0,66.7,0,0,0,0,ELON,0,0,0,0,,0,0,70.4,,67.8,0,162,3,0,3,0,0,3,0,1,0,0,0,
148336,Darius Harris,S,0,0,,0,0,,ELON,0,D21,5,3,0,0,1,2025,0,,0,0,60,0,0,1,0,0,0,60,0,0,0,0,ELON,0,0,0,0,,0,,60.2,,67.9,0,162,5,0,0,0,0,4,0,0,2,0,0,
148341,Caleb Curtain,S,3,0,,0,3,66.7,ELON,7,D01,75,37,1,2,1,2026,4,52.1,18,2,58.4,0,0,30,0,0,0,51.8,0,0,0,0,ELON,3,0,1,0,15,22,30,57.3,9,79.6,0,162,79,8,0,0,82.6,47,0,0,16,0,4,67.6
148344,TJ Young,LB,1,0,,0,2,100,ELON,1,D00,19,19,0,1,1,2025,2,37,5,1,49.5,1,0,5,0,0,0,70,0,0,0,0,ELON,1,0,1,0,5,0,33.3,57.2,5,72,0,162,21,6,0,0,87.5,15,0,3,0,0,2,46.8
148345,Jonathan Robinson,CB,3,0,,0,0,100,ELON,2,D09,33,0,0,0,1,2026,0,76.2,21,3,65.4,0,0,14,0,0,0,53.8,33,0,1,0,ELON,1,0,0,0,16,0,0,57.8,7,0,0,162,33,10,0,0,95.8,19,1,0,0,0,0,
148346,Caden Martinez,LB,1,0,,0,2,100,ELON,0,D15,20,20,0,1,1,2025,1,18.4,4,1,62.3,1,0,9,0,0,0,27.5,0,0,0,0,ELON,0,0,1,0,4,0,100,38.3,4,72.4,0,162,21,0,0,0,83.3,11,0,0,0,0,1,63
148366,Matei Fitz,DI,0,0,,0,1,,RICHMOND,1,D05,0,0,0,21,1,2026,38,25.9,0,0,60,1,0,0,2,0,0,54.1,0,0,1,0,RICHMOND,0,0,1,0,,0,33.3,46.5,,0,0,276,38,0,36,0,0,17,0,1,0,0,0,64.1
148384,Shymell Davis,DI,0,0,,0,1,,MAINE,4,D91,0,0,0,12,1,2026,32,39.9,0,0,,1,0,0,0,0,0,74.2,0,0,0,0,MAINE,3,0,1,0,,0,16.7,72.2,,74.6,0,212,32,0,32,0,0,20,1,1,0,0,0,57.4
148385,Latrell Couchman,LB,0,0,,0,0,,MAINE,0,D07,12,8,0,0,1,2026,0,73.2,0,0,62.8,0,0,6,0,0,0,52.5,1,0,0,0,MAINE,0,0,0,0,,3,0,57.8,,72,0,212,12,0,0,0,0,6,0,1,0,0,0,
148387,Xavier Holmes,ED,0,0,2026,0,0,,MAINE,2,D09,0,0,0,23,1,2026,56,75.2,0,0,60.2,1,0,2,3,0,0,67.5,0,0,0,0,MAINE,2,0,1,0,,0,0,63.2,,80.2,0,212,56,0,3,0,0,31,1,0,0,0,50,54.5
148393,Jabari Echols,CB,1,0,,0,0,100,MERRIMACK,2,D01,15,0,0,0,1,2026,0,79.4,47,1,47.2,0,0,5,0,0,0,70.3,10,0,0,0,MERRIMACK,0,0,0,0,47,4,0,55.5,47,72.3,0,385,15,46,0,0,158.3,10,0,1,1,1,0,
148394,Tim Bonagura,DI,0,0,,0,0,,NEW HAMP,1,D93,0,0,0,2,1,2026,8,68.7,0,0,,0,0,0,0,5,0,67.7,0,0,0,0,NEW HAMP,0,0,0,0,,0,0,69.2,,71.8,0,240,8,0,3,0,0,6,0,0,0,0,0,59.6
148413,Owen Laughlin,LB,0,0,,0,0,,RICHMOND,0,D43,3,0,0,0,1,2026,0,,0,0,,0,0,0,0,0,0,60.2,0,0,0,0,RICHMOND,0,0,0,0,,3,,60.5,,68.6,0,276,3,0,0,0,0,3,0,0,0,0,0,
148415,Carsen Stocklinski,DI,0,0,,0,0,,RICHMOND,1,D44,0,0,0,23,1,2026,45,73.6,0,0,,2,0,0,0,0,0,64.5,0,0,1,0,RICHMOND,1,0,2,0,,0,0,63.7,,0,0,276,45,0,45,0,0,22,0,1,0,0,0,68.8
148420,Thaos Figaro,ED,0,0,,0,0,,RICHMOND,0,D33,0,0,0,5,1,2026,15,,0,0,,0,0,0,0,0,0,62.6,0,0,0,0,RICHMOND,0,0,0,0,,0,,60.5,,73.9,0,276,15,0,0,0,0,10,0,0,0,0,15,56.1
148430,Elijah McMillan,DI,0,0,,0,0,,RICHMOND,0,D91,0,0,0,0,1,2025,3,,0,0,,0,0,0,0,0,0,61,0,0,0,0,RICHMOND,0,0,0,0,,0,,62,,67.4,0,276,3,0,3,0,0,3,0,0,0,0,0,
148432,Franco Milano,ED,0,0,,0,0,,STNY BROOK,0,D96,1,1,0,1,1,2026,6,,0,0,60,0,1,1,1,0,0,65.4,0,0,0,0,STNY BROOK,0,0,0,0,,0,,77.5,,71,0,303,7,0,0,0,0,5,0,0,0,0,5,59.4
148439,Anthony Williams,ED,0,0,,1,1,,STNY BROOK,2,D95,0,0,1,11,1,2025,21,74.9,0,0,,2,0,0,15,0,0,86.8,0,0,0,0,STNY BROOK,2,0,3,0,,0,33.3,84.9,,72.8,0,303,21,0,2,0,0,10,0,0,0,0,4,65.4
148440,Calvin Harrison,S,0,0,,0,0,,STNY BROOK,1,D33,2,2,0,0,1,2026,0,75.3,0,0,60,0,0,1,0,0,0,60,0,0,0,0,STNY BROOK,0,0,0,0,,0,0,62.4,,66.2,0,303,2,0,0,0,0,1,0,0,0,0,0,
148443,Rodney Faulk,ED,0,0,,0,1,,STNY BROOK,2,D14,0,0,0,23,1,2026,38,39.8,0,0,,1,0,0,29,0,0,45.4,0,0,0,0,STNY BROOK,2,0,1,0,,0,33.3,48,,74.4,0,303,38,0,5,0,0,15,0,0,0,0,4,56.6
148454,Daniel Raymond,S,2,0,,0,0,100,TOWSON,3,D00,38,18,1,5,1,2025,4,80.5,3,2,71.8,1,0,27,0,0,0,69,0,0,0,0,TOWSON,3,0,2,0,2,20,0,76.4,1.5,75.7,0,317,42,5,0,0,79.2,10,0,0,0,0,4,74.3
148461,Ubayd Steed,S,1,0,,0,1,100,S ILLINOIS,12,D07,58,30,0,1,1,2025,4,76.8,2,1,74.7,0,0,23,0,0,0,76.9,0,0,0,0,S ILLINOIS,6,0,0,0,2,4,6.3,77.8,2,77.8,0,295,62,0,0,0,79.2,38,0,3,24,0,4,60
148462,Dion Crews-Harris,ED,0,0,,0,0,,TOWSON,0,D40,0,0,0,22,1,2025,33,70.8,0,0,60,2,0,1,31,0,0,65.6,0,0,0,0,TOWSON,0,0,2,0,,0,0,67.3,,73.6,0,317,33,0,0,0,0,10,0,1,0,0,2,64
148469,Shafeek Smith,CB,9,0,,0,0,44.4,TOWSON,4,D08,62,2,0,0,1,2027,0,80.3,69,4,70,0,0,48,0,0,0,62,59,0,0,0,TOWSON,1,0,0,0,33,1,0,70.2,17.3,76.8,0,317,62,3,0,0,108.1,14,0,1,0,1,0,
148471,Xavier Terry,S,5,0,,0,0,60,TOWSON,5,D12,72,42,0,0,1,2026,0,85.4,35,3,62.5,0,1,52,0,0,0,71.8,0,0,0,0,TOWSON,0,0,0,0,18,2,0,65.7,11.7,78.1,0,317,72,7,0,0,41.7,20,0,3,28,0,0,
148476,Shane Hartzell,LB,2,0,,0,1,100,VILLANOVA,10,D31,69,68,1,4,1,2026,1,76.8,16,2,60.4,2,0,28,0,0,0,87.5,0,0,0,0,VILLANOVA,8,0,3,0,9,1,5.6,80.2,8,77.5,0,334,70,12,0,0,100,38,1,7,0,0,1,70.6
148478,Christian Sapp,S,0,0,,0,0,,VILLANOVA,3,D25,26,5,0,0,1,2026,0,82.6,0,0,66.3,0,0,17,0,0,0,69.5,0,0,0,0,VILLANOVA,0,0,0,0,,1,0,69.5,,74.1,0,334,26,0,0,0,0,9,0,1,20,0,0,
148495,Jalen Jones,CB,7,0,,0,3,57.1,WM & MARY,3,D02,74,16,0,0,1,2026,0,29,46,4,59.8,0,0,31,0,0,1,61.6,58,0,0,0,WM & MARY,1,0,0,0,21,0,37.5,60.5,11.5,77.6,0,348,74,17,0,0,116.7,43,1,2,0,1,0,
148496,Davin Dzidzienyo,ED,0,0,,0,1,,WM & MARY,6,D01,0,0,0,26,1,2027,62,63.2,0,0,,2,0,0,11,1,0,78.8,0,0,1,0,WM & MARY,4,1,2,0,,0,11.1,72.3,,0,0,348,62,0,29,0,0,36,0,2,0,0,21,60.9
148506,Denzel Patrick,S,0,0,,0,0,,ALBANY,3,D02,40,18,0,0,1,2026,0,81.5,0,0,66.2,0,0,18,0,0,0,63.3,0,0,0,0,ALBANY,1,0,0,0,,7,0,66,,76.1,0,106,40,0,0,0,0,22,0,1,15,0,0,
148508,Ghassan Chehade,DI,0,0,,0,0,,ALBANY,2,D94,0,0,0,24,1,2026,47,72.1,0,0,,0,0,0,1,22,0,62.3,0,1,0,0,ALBANY,1,0,1,0,,0,0,59.7,,78.1,0,106,47,0,24,0,0,23,0,0,0,0,0,55.1
148521,Eric Dukes,ED,0,0,,0,0,,BRYANT,0,D11,0,0,0,4,1,2026,15,,0,0,60,0,0,1,2,0,0,63.4,0,0,0,0,BRYANT,0,0,0,0,,0,,62.4,,74,0,124,15,0,0,0,0,10,0,0,0,0,13,57.5
148539,Jalen Lavine,CB,1,0,,0,0,0,SCAR STATE,1,D26,24,2,0,0,1,2026,0,74.2,0,0,54.8,0,0,11,0,0,0,62.1,22,0,0,0,SCAR STATE,1,0,0,0,,0,0,56.1,,73.2,0,290,24,0,0,0,39.6,13,0,0,0,0,0,
148543,Sean Hunt,S,0,0,,0,0,,BRYANT,1,D20,39,9,0,0,1,2026,0,74.8,0,0,64,0,0,11,0,0,0,66.1,0,0,0,0,BRYANT,0,0,0,0,,0,0,66.1,,75.8,0,124,39,0,0,0,0,28,0,0,30,0,0,
148545,Chris Yates,S,0,0,,0,1,,BRYANT,5,D02,25,8,0,0,1,2025,0,64.1,0,0,59.2,0,0,9,0,0,0,71.7,0,0,0,0,BRYANT,0,0,0,0,,3,14.3,65.6,,74.7,0,124,25,0,0,0,0,16,0,1,14,0,0,
148554,Antonio Epps,S,2,0,,0,0,50,DUQUESNE,1,D05,36,11,0,0,1,2026,0,74.3,4,1,77.8,0,0,21,0,0,0,62.1,0,0,0,0,DUQUESNE,1,0,0,0,4,4,0,76.4,4,76.1,0,155,36,0,0,1,56.3,15,0,0,21,0,0,
148566,Malichi Lowery,CB,0,0,,0,0,,DUQUESNE,0,D02,24,5,0,1,1,2026,2,75.1,0,0,65,0,0,11,0,0,0,65.6,0,0,0,0,DUQUESNE,0,0,0,0,,19,0,66.6,,76.3,0,155,26,0,0,0,0,14,0,1,0,0,2,59.4
148568,CJ Barnes,S,1,0,,0,1,100,DUQUESNE,4,D03,37,13,0,0,1,2025,0,67.5,11,1,58.5,0,0,20,0,0,0,70.2,0,0,0,0,DUQUESNE,2,0,0,0,11,2,14.3,63.6,11,75.1,0,155,37,5,0,0,112.5,17,1,2,22,0,0,
148576,Cameron Dalrymple,CB,0,0,,0,0,,MERRIMACK,0,D12,2,0,0,0,1,2026,0,,0,0,,0,0,0,0,0,0,60,2,0,0,0,MERRIMACK,0,0,0,0,,0,,60,,66,0,385,2,0,0,0,0,2,0,0,0,0,0,
148578,Tre Jordan III,S,4,0,,0,0,50,MERRIMACK,2,D04,31,3,0,2,1,2025,1,76.5,13,2,71.9,0,0,20,0,0,0,61.8,3,0,2,0,MERRIMACK,2,0,0,0,8,23,0,61.5,6.5,0,0,385,32,10,0,0,57.3,10,0,0,2,0,1,57.1
148586,Jason Compoh,ED,0,0,,0,0,,MERRIMACK,0,D98,0,0,0,9,1,2026,13,,0,0,,1,0,0,1,4,0,60.9,0,1,0,0,MERRIMACK,0,0,2,0,,0,,69.9,,74.2,0,385,13,0,3,0,0,4,0,0,0,0,5,69.6
148587,DJ Frazier,LB,2,0,,0,1,100,MERRIMACK,4,D08,40,37,0,8,1,2027,0,50.7,6,2,56.8,1,0,16,0,0,0,56.2,2,1,1,0,MERRIMACK,2,0,2,0,4,1,20,53.5,3,0,0,385,40,0,0,0,79.2,16,0,0,0,0,0,67.1
148589,Chiebuka Aduaka,ED,0,0,,0,0,,ALBANY,2,D06,0,0,0,14,1,2025,24,73.7,0,0,,1,0,0,1,0,0,70,0,0,0,0,ALBANY,2,0,1,0,,0,0,67,,76,0,106,24,0,0,0,0,10,1,0,0,0,23,59
148601,Garry Rosemond Jr.,CB,3,0,,0,0,66.7,MERRIMACK,3,D02,22,0,0,0,1,2026,0,79.8,10,2,75.2,0,1,13,0,0,0,67.3,20,0,0,0,MERRIMACK,2,0,0,0,11,2,0,76.4,5,73.6,0,385,22,8,0,0,31.9,9,1,0,0,0,0,
148621,Nicholas Gadson,ED,1,0,,0,2,100,WAGNER,1,D44,4,4,0,11,1,2025,20,27.3,7,1,43,1,0,4,0,0,0,63.2,0,0,1,0,WAGNER,0,0,1,0,7,0,66.7,38.5,7,0,0,338,24,1,0,0,95.8,9,0,0,0,0,20,48.8
148637,Nate Lussier,LB,0,0,,0,1,,BROWN,0,D05,18,18,0,1,1,2025,1,20.1,0,0,63.7,0,0,11,0,0,0,51,0,0,0,1,BROWN,0,0,0,0,,0,100,63.3,,73.6,0,123,19,0,0,0,0,7,0,0,0,0,1,70.3
148653,Justin Anagonye,DI,0,0,,0,2,,BUTLER,2,D18,0,0,0,16,1,2025,43,29.4,0,0,,3,0,0,4,15,0,57.1,0,0,1,0,BUTLER,1,0,3,0,,0,40,56.1,,0,0,127,43,0,22,0,0,27,0,1,0,0,2,67.2
148655,Kevin Coss,ED,0,0,,0,0,,BROWN,0,D53,0,0,0,20,1,2025,32,70.8,0,0,,0,0,0,12,0,0,57,0,0,0,0,BROWN,0,0,0,0,,0,,54.3,,75.5,0,123,32,0,7,0,0,12,0,0,0,0,13,54.3
148660,Quincy Eutsay,ED,0,0,,0,0,,BROWN,0,D97,0,0,0,37,1,2026,41,71.3,0,0,,1,0,0,31,0,0,63,0,0,0,0,BROWN,0,0,1,0,,0,0,53.6,,73.8,0,123,41,0,5,0,0,4,0,1,0,0,5,51.7
148663,Winston Jordan,DI,0,0,,0,0,,BROWN,0,D93,0,0,0,12,1,2025,16,,0,0,,0,0,0,1,13,0,62.6,0,0,0,0,BROWN,0,0,0,0,,0,,61,,74.3,0,123,16,0,1,0,0,4,0,0,0,0,1,57.4
148664,Kyle Philbin,DI,0,0,,0,0,,BROWN,2,D91,0,0,0,33,1,2025,43,72.4,0,0,,2,0,0,1,23,0,65.8,0,0,0,0,BROWN,1,0,2,0,,0,0,66,,77.2,0,123,43,0,19,0,0,10,0,0,0,0,0,62.2
148668,Tim Malo,S,4,0,,0,1,75,BROWN,4,D09,43,23,0,0,1,2027,0,60,50,3,36.4,0,0,32,0,0,0,57.8,0,0,1,0,BROWN,3,0,0,0,43,8,16.7,39.2,16.7,75.6,0,123,43,32,0,0,116.7,11,1,1,12,0,0,
148669,Caleb Moorhead,LB,4,0,,0,0,50,BROWN,3,D52,45,14,0,4,1,2025,5,82.3,12,2,74.8,0,0,33,0,0,0,73.8,0,0,0,0,BROWN,3,0,0,0,7,31,0,76,6,78.6,0,123,50,17,0,0,56.3,13,0,2,0,0,5,57.7
148670,Mike Bumpus,DI,0,0,,0,0,,BROWN,1,D95,0,0,0,34,1,2026,44,70.2,0,0,62.4,0,0,0,22,7,0,51.6,0,1,0,0,BROWN,1,0,1,0,,0,0,58.2,,75.7,0,123,44,0,15,0,0,10,0,0,0,0,0,56.8
148677,Isaiah Reed,CB,4,0,,0,0,50,BROWN,5,D14,69,12,0,0,1,2027,0,83.1,23,2,72.4,0,0,52,0,0,0,64.1,44,0,0,0,BROWN,2,0,0,0,12,13,0,72,11.5,76.6,0,123,69,0,0,0,67.7,17,0,2,0,0,0,
148678,Noble Cooper,S,6,0,,0,0,66.7,BROWN,4,D17,36,21,0,0,1,2026,0,79.8,70,4,46.7,0,0,31,0,0,0,60,0,0,0,0,BROWN,1,0,0,0,30,14,0,48.1,17.5,76.1,0,123,36,11,0,0,106.3,5,0,0,1,0,0,
148681,Sami Miller,CB,0,0,,0,0,,BROWN,0,D28,9,0,0,0,1,2027,0,,0,0,63.6,0,0,9,0,0,0,,9,0,0,0,BROWN,0,0,0,0,,0,,64,,70.6,0,123,9,0,0,0,0,0,0,0,0,0,0,
148692,Scott Rosati,LB,0,0,,0,0,,COLUMBIA,0,D52,1,1,0,0,1,2025,0,,0,0,,0,0,0,0,0,0,60,0,0,0,0,COLUMBIA,0,0,0,0,,0,,61.5,,64.2,0,145,1,0,0,0,0,1,0,0,0,0,0,
148694,Carter McFadden,CB,2,0,,0,0,100,COLUMBIA,3,D23,55,17,0,0,1,2025,0,78.5,15,2,62.5,0,0,16,0,0,0,61.5,38,0,0,0,COLUMBIA,1,0,0,0,10,0,0,62.7,7.5,73.9,0,145,55,1,0,0,137.5,39,0,0,0,1,0,
148695,Ben Corniello,DI,0,0,,0,0,,COLUMBIA,2,D72,0,0,0,11,1,2026,39,74.2,0,0,,0,0,0,19,0,0,61.8,0,0,0,0,COLUMBIA,2,0,0,0,,0,0,60.7,,75.2,0,145,39,0,19,0,0,28,1,1,0,0,1,56.2
148697,Anthony Roussos,LB,1,0,,0,0,100,COLUMBIA,4,D16,53,51,0,4,1,2025,1,81.3,8,1,55.8,2,0,12,0,0,0,57.6,0,0,0,0,COLUMBIA,3,0,2,0,8,2,0,55.9,8,75.5,0,145,54,3,0,0,100,38,0,3,0,0,1,57.3
148701,James Knox,ED,0,0,,0,1,,COLUMBIA,1,D82,0,0,0,11,1,2025,39,23.7,0,0,,0,0,0,29,0,0,51,0,0,0,0,COLUMBIA,1,0,0,0,,0,50,51,,74.8,0,145,39,0,5,0,0,28,0,0,0,0,5,55.8
148718,CJ Brown,LB,1,0,,0,0,100,COLUMBIA,3,D00,21,11,0,2,1,2025,9,83.1,12,1,54.1,0,0,6,0,0,0,65.5,0,0,0,0,COLUMBIA,2,0,0,0,12,10,0,60.8,12,75.4,0,145,30,7,0,0,116.7,22,0,3,0,0,9,59.5
148721,Rocco Milia,LB,2,0,,0,2,50,COLUMBIA,9,D07,49,36,0,1,1,2026,0,64.8,6,1,68.7,0,0,15,0,0,0,59.7,0,0,0,1,COLUMBIA,3,0,0,0,6,13,14.3,66.3,6,72.7,0,145,49,2,0,1,56.3,33,1,3,0,0,0,67.9
148723,Patrick Passalacqua,DI,0,0,,0,0,,COLUMBIA,5,D76,0,0,0,11,1,2026,39,73.6,0,0,,1,0,0,0,38,0,57.5,0,0,0,0,COLUMBIA,5,0,1,0,,0,0,59.9,,78.9,0,145,39,0,1,0,0,28,0,0,0,0,0,64
148735,Hayden McDonald,S,1,0,,0,2,0,COLUMBIA,4,D03,55,31,0,0,1,2026,0,43,0,0,76.8,0,0,16,0,0,0,44.6,0,0,0,0,COLUMBIA,2,0,0,0,,0,28.6,61.3,,76.5,0,145,55,0,0,1,39.6,39,0,1,24,0,0,
148736,Aaron Brebnor,S,2,0,,0,3,100,COLUMBIA,2,D04,55,42,0,0,1,2025,0,26.2,26,2,65.3,0,0,16,0,0,0,29.7,0,0,0,0,COLUMBIA,1,0,0,0,21,4,50,48.7,13,76,0,145,55,9,0,0,118.8,39,0,1,9,0,0,
148738,John Martin,DI,0,0,,0,0,,COLUMBIA,1,D91,0,0,0,5,1,2026,16,71.5,0,0,,0,0,0,0,13,0,76.4,0,0,1,0,COLUMBIA,1,0,0,0,,0,0,66.9,,0,0,145,16,0,3,0,0,11,0,1,0,0,0,59.1
148743,Raleigh Erwin,ED,0,0,,0,0,,COLUMBIA,1,D40,0,0,0,4,1,2025,9,72.8,0,0,,0,0,0,6,0,0,62,0,0,0,0,COLUMBIA,1,0,0,0,,0,0,61.9,,70.4,0,145,9,0,3,0,0,5,0,1,0,0,0,59
148750,Anthony Chideme-Alfaro,CB,1,0,,0,0,0,N DAK ST,0,D24,20,1,0,0,1,2026,1,,0,0,74.7,0,0,10,0,0,0,61.5,18,0,0,0,N DAK ST,0,0,0,0,,1,,74.2,,74.3,0,250,21,0,0,1,39.6,11,0,0,0,0,1,
148760,Brendan Chestnut,DI,0,0,,0,0,,CORNELL,5,D93,0,0,0,35,1,2025,66,75.3,0,0,,0,0,0,0,43,0,65.3,0,0,0,0,CORNELL,4,0,0,0,,0,0,62,,79.1,0,147,66,0,23,0,0,31,0,0,0,0,0,54.6
148780,Hunter Sloan,DI,0,0,,0,0,,CORNELL,2,D48,0,0,0,36,1,2026,66,73.4,0,0,60,3,0,0,3,1,0,45.1,0,0,0,0,CORNELL,1,0,3,0,,0,0,53.4,,77.1,0,147,66,0,60,0,0,30,0,1,0,0,2,65.1
148781,Michael O'Keefe,CB,7,0,,0,0,85.7,CORNELL,10,D26,87,17,0,0,1,2026,0,86,90,6,62.9,0,0,50,0,0,0,67.7,69,0,0,0,CORNELL,1,0,0,0,27,1,0,64.6,15,76.7,0,147,87,20,0,0,118.8,37,0,3,0,0,0,
148785,Amon Williams,DI,0,0,,0,0,,CORNELL,2,D94,0,0,0,14,1,2026,23,72.1,0,0,60,0,0,0,0,12,0,55.3,0,0,0,0,CORNELL,1,0,0,0,,0,0,59.7,,75.8,0,147,23,0,11,0,0,9,0,0,0,0,0,62
148789,Damon Barnes,S,6,0,,0,2,83.3,CORNELL,8,D09,75,14,0,4,1,2026,5,56.2,65,5,62,0,2,40,0,0,0,74.1,0,0,0,0,CORNELL,2,0,0,0,38,56,16.7,65.5,13,80.8,0,147,80,10,0,1,111.8,36,0,2,5,1,5,57.4
148798,Christian Madison,CB,0,0,,0,0,,CORNELL,0,D03,8,0,0,0,1,2025,0,,0,0,62.9,0,0,4,0,0,0,60,8,0,0,0,CORNELL,0,0,0,0,,0,,63.6,,70.3,0,147,8,0,0,0,0,4,0,0,0,0,0,
148801,Muhammad-Ali Kobo,ED,0,0,,0,0,,CORNELL,4,D00,0,0,0,41,1,2026,74,78.8,0,0,61,3,0,0,32,0,0,74.7,0,0,0,0,CORNELL,2,0,3,0,,0,0,75.2,,78.4,0,147,74,0,10,0,0,33,0,4,0,0,32,63
148802,Devin Malone,DI,0,0,,0,0,,CORNELL,1,D99,0,0,0,7,1,2025,16,70.1,0,0,,0,0,0,0,15,0,62.8,0,0,0,0,CORNELL,0,0,0,0,,0,0,62.1,,74.5,0,147,16,0,1,0,0,9,0,0,0,0,0,57.9
148804,Luke Banbury,LB,8,0,,0,1,100,CORNELL,14,D25,83,69,1,9,1,2026,19,80.4,52,8,65.2,1,0,46,0,0,0,79.1,0,0,0,0,CORNELL,10,0,2,0,13,14,4.2,73.9,6.5,79.8,0,147,102,60,0,0,93.8,47,0,9,0,0,19,62.4
148808,Trey Harris,S,5,0,,0,0,60,CORNELL,7,D01,85,46,0,2,1,2026,3,86.5,10,3,76.1,0,0,49,0,0,0,70.7,0,0,0,0,CORNELL,2,0,0,0,5,9,0,75.8,3.3,78.3,0,147,88,14,0,1,64.6,37,0,3,30,0,3,59.4
148816,Tyson McCloud,S,2,0,,0,1,100,STNY BROOK,1,D12,16,1,0,2,1,2025,10,50,17,2,59.4,0,0,11,0,0,0,54.1,0,0,0,0,STNY BROOK,0,0,0,0,10,15,33.3,56.6,8.5,79.3,0,303,26,15,0,0,102.1,13,0,1,0,0,10,58
148821,Gannon McCorkle,ED,0,0,,0,0,,MARIST,4,D05,0,0,0,22,1,2026,46,76,0,0,60,0,0,1,6,0,0,77.7,0,0,0,0,MARIST,3,0,0,0,,0,0,69.7,,78,0,213,46,0,1,0,0,23,1,0,0,0,39,54
148822,Danny Cronin,LB,2,0,,1,0,50,DARTMOUTH,5,D33,62,61,0,11,1,2026,4,81.7,12,1,80.1,0,1,32,0,0,0,70.7,0,0,0,0,DARTMOUTH,2,0,0,0,12,1,0,77.3,12,76.5,0,148,66,9,0,0,29.2,23,0,2,0,0,4,53
148833,Onye Onuoha,CB,3,0,,0,0,100,BUTLER,4,D03,48,3,0,0,1,2026,0,80.1,48,3,51.7,0,0,20,0,0,0,67.2,45,0,0,0,BUTLER,0,0,0,0,33,0,0,55.1,16,75.4,0,127,48,11,0,0,158.3,28,0,0,0,1,0,
148842,Derrell Porter,DI,0,0,,0,0,,DARTMOUTH,1,D35,0,0,0,31,1,2026,56,72.1,0,0,68,0,0,0,0,10,0,61.4,0,0,1,0,DARTMOUTH,1,1,0,0,,0,0,59.8,,0,0,148,56,0,43,0,0,25,0,1,0,0,3,58.7
148849,Braden Mullen,ED,1,0,,0,0,100,DARTMOUTH,2,D52,3,2,2,50,1,2026,74,80.8,9,1,61.2,1,0,3,0,0,0,64.4,0,0,0,1,DARTMOUTH,4,0,3,0,9,1,0,67.1,9,82.2,0,148,77,4,0,0,104.2,24,0,3,0,0,74,65.3
148853,Zachary Farris,S,4,0,,1,0,50,DARTMOUTH,3,D29,78,9,0,0,1,2026,0,81.6,17,2,58.9,1,1,52,0,0,0,66.5,9,0,1,0,DARTMOUTH,1,0,1,0,9,26,0,58.1,8.5,0,0,148,78,9,0,0,21.9,26,0,1,34,0,0,
148854,Jordan Washington,CB,11,0,2026,0,1,63.6,DARTMOUTH,4,D04,79,5,0,0,1,2026,0,61.3,67,7,56.7,0,0,53,0,0,0,71.6,64,0,0,0,DARTMOUTH,2,0,0,0,22,4,14.3,59.2,9.6,78.3,0,148,79,9,0,1,120.1,26,0,2,6,2,0,
148865,Micah Green,LB,2,0,,0,0,50,DARTMOUTH,4,D44,69,66,0,19,1,2027,2,81.1,8,1,59.8,1,0,28,0,0,0,54.4,0,1,2,0,DARTMOUTH,2,0,2,0,8,3,0,51.5,8,0,0,148,71,5,0,0,60.4,24,0,2,0,0,2,63.9
148866,Josiah Green,DI,0,0,2026,0,2,,DARTMOUTH,2,D00,12,12,0,45,1,2026,62,28.6,0,0,61.5,4,0,4,8,2,0,59.9,0,3,3,0,DARTMOUTH,2,0,7,0,,0,40,58.8,,0,0,148,74,0,41,0,0,25,1,1,0,0,11,73.4
148871,Chris Ramundo,ED,0,0,,0,0,,HARVARD,1,D93,0,0,0,5,1,2025,11,71.5,0,0,,0,0,0,0,0,0,69.8,0,0,0,0,HARVARD,1,0,0,0,,0,0,67.8,,73.4,0,179,11,0,0,0,0,6,0,0,0,0,11,56.4
148872,Tyler Huenemann,DI,0,0,,0,0,,HARVARD,1,D92,0,0,2,23,1,2026,34,73.8,0,0,,1,0,0,0,5,0,66.2,0,0,0,0,HARVARD,3,0,3,0,,0,0,72.4,,75.4,0,179,34,0,29,0,0,11,0,0,0,0,0,70.4
148876,Brock Locnikar,LB,0,0,,0,0,,HARVARD,0,D52,6,5,0,0,1,2025,0,,0,0,60,0,0,1,0,0,0,62.9,0,0,0,0,HARVARD,0,0,0,0,,1,,65.3,,68.8,0,179,6,0,0,0,0,5,0,0,0,0,0,
148877,Kaleb Moody,S,0,0,,0,0,,VILLANOVA,0,D08,14,1,0,0,1,2026,0,,0,0,79.4,0,0,14,0,0,0,,0,0,0,0,VILLANOVA,0,0,0,0,,0,,77.8,,72.5,0,334,14,0,0,1,0,0,0,0,13,0,0,
148880,Oreck Frazier,LB,0,0,,0,0,,HARVARD,0,D42,6,6,0,0,1,2025,0,,0,0,60,0,0,1,0,0,0,62.9,0,0,0,0,HARVARD,0,0,0,0,,0,,64.8,,66.3,0,179,6,0,0,0,0,5,0,0,0,0,0,
148881,Kwaku Adubofour,DI,0,0,,0,0,,HARVARD,0,D62,0,0,0,6,1,2026,14,,0,0,,0,0,0,0,0,0,63.6,0,0,0,0,HARVARD,0,0,0,0,,0,,62.2,,72.1,0,179,14,0,14,0,0,8,0,0,0,0,0,57.1
148882,Brandon Svets,ED,0,0,,0,0,,HARVARD,1,D97,0,0,1,22,1,2026,39,75.9,0,0,63.3,1,0,3,1,0,0,56.2,0,0,0,0,HARVARD,2,0,2,0,,0,0,63.6,,76.7,0,179,39,0,0,0,0,14,0,1,0,0,38,59.6
148890,Dominic Young-Smith,DI,0,0,,0,0,,HARVARD,1,D96,0,0,0,13,1,2025,22,71.9,0,0,,3,0,0,0,0,0,69.9,0,0,0,0,HARVARD,1,0,3,0,,0,0,72.9,,73.3,0,179,22,0,22,0,0,9,0,1,0,0,0,66.6
148894,Ameer Dudley,CB,0,0,,0,0,,HARVARD,0,D02,6,0,0,0,1,2026,0,,0,0,60,0,0,1,0,0,0,60,5,0,0,0,HARVARD,0,0,0,0,,1,,62,,69.2,0,179,6,0,0,0,0,5,0,0,0,0,0,
148899,Jacob Psyk,ED,0,0,,0,0,,HARVARD,2,D94,0,0,1,27,1,2026,44,76.5,0,0,60.2,3,0,2,2,0,0,62.2,0,0,0,0,HARVARD,3,0,4,0,,0,0,66.7,,78.2,0,179,44,0,0,0,0,15,1,1,0,0,42,66.2
148901,Nick Yagodich,DI,0,0,,0,0,,HARVARD,1,D90,0,0,0,17,1,2025,30,71.9,0,0,,0,0,0,0,1,0,65.8,0,0,0,0,HARVARD,1,0,0,0,,0,0,61.9,,74.2,0,179,30,0,29,0,0,13,0,1,0,0,0,55.2
148904,Mitchell Gonser,LB,2,0,,0,0,100,HARVARD,2,D39,41,30,0,0,1,2026,0,76.8,24,2,58.7,1,0,23,0,0,0,69.2,2,0,0,0,HARVARD,0,0,1,0,14,9,0,63,12,74.3,0,179,41,17,0,0,116.7,18,0,0,0,0,0,
148908,Gavin Shipman,CB,4,0,,0,0,25,HARVARD,1,D00,42,0,0,1,1,2026,0,73.5,17,1,55.9,0,0,26,0,0,0,62.3,32,0,0,0,HARVARD,1,0,0,0,17,8,0,56.4,17,76.2,0,179,42,0,0,0,44.8,15,0,0,2,0,0,58.3
148913,Myles Wiley,S,0,0,,0,1,,HARVARD,2,D22,46,21,0,0,1,2027,0,40.1,0,0,67.1,0,0,29,0,0,0,52.6,1,0,0,0,HARVARD,0,0,0,0,,5,33.3,63.5,,76.1,0,179,46,0,0,0,0,17,0,0,19,0,0,
148919,Marcus Alexander,LB,0,0,,0,0,,HARVARD,3,D20,19,15,0,0,1,2026,0,77.5,0,0,64.5,0,0,12,0,0,0,75.2,1,0,0,0,HARVARD,1,0,0,0,,2,0,72.6,,70.7,0,179,19,0,0,0,0,7,0,0,1,0,0,
148920,Eric Little,LB,3,0,,0,0,33.3,HARVARD,2,D03,50,37,0,4,1,2026,2,77.9,16,1,42.1,0,0,27,0,0,0,74.3,0,0,0,0,HARVARD,1,0,0,0,16,12,0,51.2,16,75.9,0,179,52,3,0,0,52.1,21,0,1,1,0,2,54.7
148936,Jack Fairman,LB,2,0,,0,1,100,PENN,4,D23,55,50,0,2,1,2025,1,54,19,2,59.4,0,0,30,0,0,0,58.4,0,0,0,0,PENN,2,0,0,0,15,5,14.3,58.9,9.5,74,0,267,56,3,0,0,106.3,24,0,2,0,0,1,59.4
148941,Sam Carlson,ED,0,0,,0,0,,PENN,1,D42,0,0,0,25,1,2025,42,73.7,0,0,60,0,0,1,12,1,0,45.5,0,0,0,0,PENN,1,0,0,0,,0,0,50.6,,77.2,0,267,42,0,0,0,0,16,0,1,0,0,29,58.6
148947,Travis McFarling,DI,0,0,,0,0,,PENN,3,D99,0,0,0,25,1,2025,47,74.9,0,0,,0,0,0,9,6,0,45.9,0,0,0,0,PENN,2,0,0,0,,0,0,49.4,,76,0,267,47,0,32,0,0,22,0,1,0,0,0,59.8
148951,Julian Talley,S,4,0,,0,3,100,PENN,5,D07,54,21,0,5,1,2026,3,35.3,48,4,33.9,1,0,30,0,0,0,48.9,1,0,0,0,PENN,0,0,1,0,21,3,33.3,38.2,12,77.5,0,267,57,5,0,0,156.3,22,0,1,29,1,3,65.7
148955,Nicholas Ostlund,DI,0,0,,0,0,,PENN,2,D50,0,0,0,0,1,2025,5,72.1,0,0,,0,0,0,0,1,0,71.8,0,0,0,0,PENN,1,0,0,0,,0,0,75.8,,69.2,0,267,5,0,4,0,0,5,0,0,0,0,0,
148963,Sulayman Adeoye,ED,0,0,,0,0,,PENN,1,D88,0,0,0,19,1,2025,30,73,0,0,,0,0,0,1,0,0,46.1,0,0,0,0,PENN,1,0,0,0,,0,0,47.4,,76.5,0,267,30,0,0,0,0,11,0,0,0,0,29,54.8
148967,Bryce Hall,DI,0,0,,0,0,,PENN,0,D40,0,0,0,22,1,2026,36,70.2,0,0,,0,0,0,3,7,0,55.1,0,0,0,0,PENN,0,0,0,0,,0,0,54.4,,75.7,0,267,36,0,26,0,0,14,0,1,0,0,0,55.9
148973,Max Matolcsy,LB,0,0,,0,0,,PENN,1,D15,9,8,0,1,1,2025,0,73.2,0,0,60,0,0,1,0,0,0,67.4,0,0,0,0,PENN,0,0,0,0,,1,0,67.5,,70,0,267,9,0,0,0,0,7,0,0,0,0,0,60
149116,DeTerias Glover,ED,0,0,,0,0,,NC A&T,1,D13,0,0,0,6,1,2025,14,71.5,0,0,,0,0,0,1,0,0,66.7,0,0,0,0,NC A&T,1,0,0,0,,0,0,63.8,,73.5,0,246,14,0,1,0,0,8,0,0,0,0,12,55.6
149123,Jaheim Ward,S,9,0,,0,2,55.6,E KENTUCKY,3,D09,65,26,0,1,1,2026,1,63.2,79,5,57.2,1,0,44,0,0,0,65.4,1,0,1,0,E KENTUCKY,1,0,1,0,32,11,22.2,56.6,15.8,0,0,159,66,51,0,2,85,21,1,4,27,0,1,60
149130,Brodie Williams,S,0,0,,0,0,,AUSTINPEAY,1,D11,27,18,0,1,1,2027,0,79.3,0,0,64.5,0,0,11,0,0,0,69,0,0,0,0,AUSTINPEAY,0,0,0,0,,1,0,68.5,,71.6,0,116,27,0,0,0,0,15,0,2,8,0,0,60
149165,Kinstin Reaves,DI,0,0,,0,0,,AUSTINPEAY,2,D03,3,3,0,27,1,2026,53,72.4,0,0,60.4,0,0,2,3,24,0,70.1,0,0,0,0,AUSTINPEAY,0,0,0,0,,0,0,66.5,,78.1,0,116,56,0,26,0,0,27,0,0,0,0,0,55.8
149187,Bryce Norman,LB,4,0,,0,1,100,SE MO ST,12,D32,62,51,1,1,1,2025,0,74.7,18,4,69.4,1,0,32,0,0,0,87.2,0,0,0,0,SE MO ST,10,0,2,0,13,10,7.1,82.8,4.5,74.6,0,293,62,31,0,0,85.4,29,2,1,1,0,0,75.8
149196,Mali Walton,LB,1,0,,0,0,0,SE MO ST,7,D13,62,58,0,1,1,2025,0,83.2,0,0,77.5,0,0,32,0,0,0,86.9,0,0,0,0,SE MO ST,4,0,0,0,,3,0,87.7,,76.8,0,293,62,0,0,1,39.6,29,1,1,1,0,0,59.6
149198,Jack Clinkenbeard,WR,0,0,,0,0,,SE MO ST,0,83,1,0,0,0,1,2027,0,,0,0,,0,0,0,0,0,0,60,0,0,0,0,SE MO ST,0,0,0,0,,0,,60.1,,60,0,293,1,0,0,0,0,1,0,0,0,0,0,
149201,Sam Keeper,DI,0,0,,0,0,,SE MO ST,2,D95,0,0,1,21,1,2026,41,73.6,0,0,,1,0,0,1,1,0,64.6,0,1,0,0,SE MO ST,2,0,3,0,,0,0,67.5,,75.4,0,293,41,0,38,0,0,20,0,0,0,0,1,65.9
149225,Aaron Swafford,LB,4,0,,0,2,75,TENN TECH,7,D19,52,50,0,2,1,2026,0,59.3,88,3,42.9,1,0,24,0,0,0,82.5,0,0,0,0,TENN TECH,6,0,1,0,70,2,14.3,65.4,29.3,72.3,0,309,52,62,0,0,156.3,26,2,5,0,1,0,68.2
149227,Hudson Tucker,ED,0,0,,0,0,,TENN TECH,1,D08,0,0,0,23,1,2028,43,71.5,0,0,,4,0,0,3,0,0,65.2,0,0,0,0,TENN TECH,1,0,4,0,,0,0,75.8,,77.2,0,309,43,0,6,0,0,20,1,0,0,0,34,78
149240,Toby Camp,DI,0,0,,0,0,,TENN MARTN,1,D97,0,0,0,22,1,2026,28,71.3,0,0,,0,0,0,22,5,0,61.2,0,0,0,0,TENN MARTN,1,0,0,0,,0,0,54.9,,74.1,0,310,28,0,0,0,0,6,0,0,0,0,1,52.9
149245,JaMichael McGoy Jr.,CB,8,0,,0,1,50,TENN MARTN,3,D08,68,1,0,1,1,2026,0,47.7,39,4,70.2,1,0,52,0,0,0,70.5,67,0,0,0,TENN MARTN,0,0,1,0,17,0,25,73.2,9.8,77.3,0,310,68,5,0,2,64.1,15,0,0,0,0,0,60
149251,Christian Dowell,DI,0,0,2025,0,0,,TENN MARTN,2,D94,0,0,0,24,1,2025,35,72.4,0,0,,2,0,0,0,33,0,68.3,0,0,0,0,TENN MARTN,1,0,2,0,,0,0,69.2,,78,0,310,35,0,2,0,0,11,0,0,0,0,0,63.8
149258,Brad Jamison,LB,1,0,,0,0,100,BUCKNELL,4,D33,49,49,0,12,1,2025,16,79.7,6,1,64.4,1,0,12,0,0,0,52.1,0,0,0,0,BUCKNELL,0,0,1,0,6,0,0,56.5,6,78.3,0,125,65,6,0,0,91.7,41,0,1,0,0,16,58.8
149265,Chris Sims,CB,1,0,,0,0,100,BUCKNELL,1,D11,23,3,0,0,1,2025,0,76,10,1,55.9,0,0,5,0,0,1,70.3,17,0,0,0,BUCKNELL,0,0,0,0,10,2,0,62.3,10,73,0,125,23,1,0,0,108.3,18,0,1,1,0,0,
149272,John Schlendorf,S,1,0,,0,1,100,BUCKNELL,4,D45,68,14,0,5,1,2025,6,61.1,-2,1,72.1,0,0,22,0,0,0,61.5,1,1,0,0,BUCKNELL,1,0,1,0,-2,49,16.7,68.5,-2,81,0,125,74,0,0,0,79.2,47,1,1,4,0,6,56.9
149273,Justin Fisher,ED,0,0,,0,0,,BUCKNELL,2,D99,0,0,0,19,1,2026,41,74.6,0,0,,0,0,0,11,0,0,69.8,0,0,0,0,BUCKNELL,1,0,0,0,,0,0,66.7,,76.4,0,125,41,0,5,0,0,22,0,1,0,0,25,57.4
149275,Cade Rooney,DI,0,0,,0,0,,BUCKNELL,1,D15,0,0,0,18,1,2025,53,75.6,0,0,,0,0,0,9,13,0,66.9,0,0,0,0,BUCKNELL,1,0,0,0,,0,0,64.5,,76.8,0,125,53,0,27,0,0,35,0,3,0,0,4,55
149276,Mason Taylor,S,2,0,,0,0,50,BUCKNELL,4,D20,48,25,0,0,1,2027,0,81.3,11,1,60,0,0,18,0,0,0,75.6,0,0,0,0,BUCKNELL,2,0,0,0,11,4,0,67.9,11,74.6,0,125,48,0,0,0,106.3,30,1,0,19,1,0,
149282,Jack Barnes,ED,0,0,,0,1,,BUCKNELL,1,D52,0,0,0,2,1,2025,14,24.1,0,0,,0,0,0,3,0,0,47.9,0,0,0,0,BUCKNELL,1,0,0,0,,0,50,47,,73.4,0,125,14,0,0,0,0,12,0,0,0,0,11,58.3
149287,Alex Smith Jr.,S,1,0,,0,0,100,BUCKNELL,4,D06,64,34,0,4,1,2025,2,53.4,24,1,52.7,2,0,20,0,0,0,66.5,0,1,0,0,BUCKNELL,0,0,3,0,24,5,0,60.4,24,76.4,0,125,66,6,0,0,118.8,42,0,0,25,0,2,66.8
149291,Asauni Allen,S,1,0,,0,1,100,COLGATE,5,D07,54,28,0,1,1,2025,3,63.8,26,1,53.9,0,0,19,0,0,0,62.6,1,0,0,0,COLGATE,0,0,0,0,26,7,14.3,57.5,26,77.7,0,142,57,18,0,0,118.8,37,0,1,18,0,3,59.7
149293,Andrew Taddeo,DI,0,0,,0,1,,COLGATE,2,D93,1,1,0,13,1,2026,34,36.3,0,0,,1,0,0,0,3,0,63.8,0,0,0,0,COLGATE,1,0,1,0,,0,33.3,62.1,,75.7,0,142,35,0,31,0,0,22,0,0,0,0,0,56.1
149297,Brody Hock,LB,2,0,,0,2,100,COLGATE,3,D33,41,22,0,3,1,2026,18,40.5,23,2,63.2,1,0,18,0,0,1,59.3,0,1,0,0,COLGATE,1,0,2,0,15,19,33.3,64.7,11.5,79.1,0,142,59,23,0,0,114.6,38,0,1,0,0,18,74.3
149300,Mack Marrone,LB,1,0,,0,4,100,COLGATE,6,D50,32,30,0,1,1,2025,0,28.5,14,1,45.6,0,0,10,0,0,0,72.5,0,0,0,0,COLGATE,5,0,0,0,14,2,36.4,59.9,14,73.4,0,142,32,21,0,0,118.8,21,1,1,0,0,0,59.7
149309,Javari Rice-Wilson,ED,0,0,,0,1,,NORFOLK,3,D48,0,0,0,14,1,2026,28,29.2,0,0,60,1,0,0,0,0,0,60.9,0,1,0,0,NORFOLK,1,0,2,0,,0,25,61.5,,77.2,0,244,28,0,0,0,0,14,0,0,0,0,28,71
149311,Trey Bradford,S,1,0,,0,4,0,FORDHAM,6,D36,67,38,0,1,1,2026,0,28.6,0,0,45.1,0,0,23,0,0,0,41,0,0,0,0,FORDHAM,4,0,0,0,,5,40,42,,77.6,0,168,67,0,0,0,39.6,43,0,0,24,0,0,59
149312,Matt Jaworski,ED,0,0,,1,0,,FORDHAM,8,D34,0,0,1,23,1,2025,64,81,0,0,60,2,0,0,3,0,0,88.1,0,1,0,0,FORDHAM,5,0,4,0,,0,0,92.7,,79.4,0,168,64,0,0,0,0,41,3,2,0,0,61,91.5
149329,Zayid Aziz,S,5,0,,0,1,40,GEORGETOWN,5,D09,57,5,0,0,1,2026,0,57.4,18,2,69.1,0,0,32,0,0,0,53.6,2,0,1,0,GEORGETOWN,1,0,0,0,9,46,16.7,66.4,9,78,0,172,57,8,0,1,50.4,25,0,0,4,0,0,
149336,VeRon Garrison,DI,0,0,,0,0,,GEORGETOWN,0,D65,0,0,0,30,1,2025,50,,0,0,,1,0,0,0,14,0,34.6,0,0,0,0,GEORGETOWN,0,0,1,0,,0,,43.8,,77.1,0,172,50,0,36,0,0,20,0,0,0,0,0,60.5
149348,Preston Murray,S,0,0,,0,2,,GEORGETOWN,4,D21,65,44,0,1,1,2025,1,46.6,0,0,67.8,0,0,38,0,0,0,52.5,0,0,0,0,GEORGETOWN,4,0,0,0,,13,25,63.6,,76.8,0,172,66,0,0,0,0,27,0,2,8,0,1,60
149355,David Ealey III,LB,4,0,,0,2,100,GEORGETOWN,5,D02,57,56,2,6,1,2025,3,53,36,4,45.2,0,0,31,0,0,0,73.6,0,0,0,0,GEORGETOWN,5,0,2,0,13,1,20,61.3,9,74.8,0,172,60,30,0,0,104.2,23,0,3,0,0,3,74.8
149356,Maximus Villar,ED,0,0,,0,0,,BRYANT,1,D50,0,0,0,11,1,2026,33,71.1,0,0,,1,0,0,1,0,0,72,0,0,0,0,BRYANT,1,0,1,0,,0,0,67.8,,77,0,124,33,0,3,0,0,22,1,0,0,0,29,54.8
149357,Kwame Achampong,DI,0,0,,0,2,,BUTLER,1,D99,0,0,0,7,1,2026,31,20.6,0,0,,0,0,0,0,9,0,58.5,0,0,0,0,BUTLER,1,0,0,0,,0,50,60.4,,75.1,0,127,31,0,22,0,0,24,0,1,0,0,0,63.9
149358,Diandre Harris,S,3,0,,0,0,100,GEORGETOWN,2,D06,12,0,0,0,1,2026,0,76.5,32,3,69.5,0,0,10,0,0,0,60,0,0,0,0,GEORGETOWN,2,0,0,0,25,12,0,70.1,10.7,74,0,172,12,6,0,0,111.1,2,0,0,0,0,0,
149360,De'Andre Wilborn,ED,0,0,,0,0,,VALPO,0,D11,0,0,0,3,1,2026,3,,0,0,,0,0,0,0,0,0,,0,0,0,0,VALPO,0,0,0,0,,0,,57,,69.5,0,332,3,0,0,0,0,0,0,0,0,0,3,57
149365,Terell Cannon,DI,0,0,,0,0,,LAFAYETTE,0,D55,0,0,0,9,1,2025,27,74.1,0,0,,1,0,0,0,8,0,78.4,0,0,0,0,LAFAYETTE,0,0,1,0,,0,0,79.4,,75.1,0,203,27,0,19,0,0,18,0,3,0,0,0,64.4
149367,Chris Carasia,WR,0,0,,0,0,,LAFAYETTE,0,19,1,0,0,0,1,2025,0,,0,0,60,0,0,1,0,0,0,,0,0,0,0,LAFAYETTE,0,0,0,0,,0,,60,,64.7,0,203,1,0,0,0,0,0,0,0,1,0,0,
149384,Mekhi Ajose-Williamson,S,0,0,,0,0,,LAFAYETTE,0,D44,4,0,0,0,1,2025,0,,0,0,62.3,0,0,4,0,0,0,,0,0,0,0,LAFAYETTE,0,0,0,0,,1,,62.2,,69.1,0,203,4,0,0,0,0,0,0,0,3,0,0,
149387,Gabe DuBois,CB,1,0,,0,0,100,LAFAYETTE,1,D25,30,6,0,0,1,2025,0,76.6,13,1,57.9,0,0,14,0,0,0,46,22,0,0,0,LAFAYETTE,0,0,0,0,13,1,0,53.3,13,73.5,0,203,30,8,0,0,118.8,16,0,1,1,0,0,
149389,Tim O'Hearn,ED,0,0,,0,0,,LAFAYETTE,3,D04,5,4,0,13,1,2025,38,77,0,0,61,1,0,3,5,0,0,52.7,0,0,0,0,LAFAYETTE,2,0,1,0,,1,0,55.4,,78.7,0,203,43,0,0,0,0,27,0,1,0,0,33,60
149390,Saiku White,S,4,0,,0,1,50,LAFAYETTE,6,D11,60,22,0,0,1,2025,0,74.9,25,2,58.9,0,0,26,0,0,0,67.8,3,0,0,0,LAFAYETTE,1,0,0,0,16,9,11.1,62.7,12.5,76.2,0,203,60,12,0,0,69.8,34,0,2,26,0,0,
149398,Andrew Worthy,CB,4,0,,0,0,25,LEHIGH,1,D19,31,0,0,0,1,2025,0,74.2,10,1,66,0,0,19,0,0,0,61.6,31,0,0,0,LEHIGH,0,0,0,0,10,0,0,66.5,10,74.6,0,205,31,0,0,0,39.6,12,0,0,0,0,0,
149399,Tucker Knupp,LB,0,0,,0,0,,LEHIGH,0,D33,1,0,0,0,1,2025,0,,0,0,,0,0,0,0,0,0,60,0,0,0,0,LEHIGH,0,0,0,0,,0,,60,,,0,205,1,0,0,0,0,1,0,0,0,0,0,
149406,Michael McCormick,LB,0,0,,0,0,,LEHIGH,0,D31,1,0,0,0,1,2025,0,,0,0,,0,0,0,0,0,0,60,0,0,0,0,LEHIGH,0,0,0,0,,0,,60,,60,0,205,1,0,0,0,0,1,0,0,0,0,0,
149407,Dillon Sheehan,ED,0,0,,0,0,,LEHIGH,0,D92,0,0,0,14,1,2026,20,,0,0,,1,0,0,1,0,0,60.8,0,0,0,0,LEHIGH,0,0,1,0,,0,,66.7,,75.1,0,205,20,0,1,0,0,6,0,0,0,0,18,66.7
149414,Logan Jones,S,2,0,,0,0,50,SCAR STATE,1,D27,42,23,0,0,1,2025,1,76.4,15,1,49.9,0,1,26,0,0,0,52.5,0,0,0,0,SCAR STATE,0,0,0,0,15,4,0,49.5,15,76,0,290,43,0,0,0,75,17,0,0,15,1,1,
149417,Kevin Gillis,DI,0,0,,0,0,,HOLY CROSS,1,D50,0,0,0,22,1,2028,38,71.9,0,0,,0,0,0,0,1,0,67.3,0,0,0,0,HOLY CROSS,1,0,0,0,,0,0,63.6,,75.7,0,181,38,0,37,0,0,16,1,1,0,0,0,55.2
149420,Joseph Townsend,ED,0,0,,0,0,,HOLY CROSS,0,D45,0,0,0,6,1,2028,8,,0,0,,1,0,0,1,0,0,60.1,0,0,0,1,HOLY CROSS,0,0,1,0,,0,,72.3,,70,0,181,8,0,7,0,0,2,0,0,0,0,0,72.3
149421,Curtis Harris-Lopez,S,4,0,,0,5,75,HOLY CROSS,9,D21,64,30,0,4,1,2026,6,28.7,45,3,35.9,0,0,35,0,0,0,45.7,0,0,0,0,HOLY CROSS,3,0,0,0,23,10,35.7,37.5,15,79.5,0,181,70,20,0,0,151,31,1,0,24,1,6,58.2
149422,Ryan Ruane,CB,3,0,,0,0,66.7,HOLY CROSS,5,D10,45,18,0,2,1,2026,5,83.2,5,2,76.4,1,0,26,0,0,0,72,0,0,0,0,HOLY CROSS,3,0,1,0,3,27,0,81.3,2.5,75.9,0,181,50,8,0,0,70.1,22,0,3,0,0,5,83.4
149428,Jake Jarmolowich,S,2,0,,0,2,100,HOLY CROSS,4,D15,65,21,0,0,1,2026,0,36.1,25,2,53.2,0,0,39,0,0,0,60.4,0,0,0,0,HOLY CROSS,1,0,0,0,23,8,33.3,55,12.5,78.1,0,181,65,12,0,0,158.3,26,0,0,36,1,0,
149429,Frankie Monte,LB,2,0,,0,2,100,HOLY CROSS,3,D07,72,65,0,3,1,2025,0,40,39,2,49.9,0,0,37,0,0,0,60.3,0,0,0,0,HOLY CROSS,3,0,0,0,21,7,25,52.5,19.5,74.2,0,181,72,20,0,0,118.8,32,0,3,0,0,0,57.3
149435,Damon Donalds,DI,0,0,,0,0,,HOLY CROSS,1,D59,0,0,0,4,1,2025,16,70.2,0,0,,0,0,0,0,0,0,55.6,0,0,0,0,HOLY CROSS,0,0,0,0,,0,0,55.2,,72.8,0,181,16,0,16,0,0,12,0,0,0,0,0,58.3
149451,Nick Bafia,S,6,0,,0,1,50,BUTLER,6,D05,79,57,0,0,1,2025,0,70,35,3,74,0,0,31,0,0,0,68.5,0,0,1,0,BUTLER,1,0,0,0,15,11,14.3,69.9,11.7,0,0,127,79,12,0,1,107.6,48,0,0,11,1,0,
149452,Adam Sturtz,LB,2,0,,0,1,100,BUTLER,7,D00,66,63,1,4,1,2025,0,65.5,16,2,57.9,0,0,24,0,0,0,69.8,0,0,0,0,BUTLER,7,0,1,0,10,3,11.1,66.8,8,75.5,0,127,66,4,0,0,100,38,1,1,0,0,0,65.4
149453,Brayton Spetter,LB,0,0,,0,0,,BUTLER,0,D42,11,11,0,0,1,2026,1,,0,0,60.7,0,0,3,0,0,0,55.8,0,0,0,0,BUTLER,0,0,0,0,,0,,57,,69.8,0,127,12,0,0,0,0,9,0,0,0,0,1,
149454,Danny Orgler,ED,0,0,,0,1,,BUTLER,2,D17,14,14,2,10,1,2027,19,47.5,0,0,60.4,2,0,2,0,0,0,64.8,0,0,1,0,BUTLER,3,0,4,0,,0,33.3,69.5,,0,0,127,33,0,0,0,0,21,0,0,0,0,19,78.9
149456,Evan Niemi,ED,0,0,,0,0,,BUTLER,0,D07,0,0,0,4,1,2026,5,71.1,0,0,,0,0,0,1,0,0,57.2,0,0,0,0,BUTLER,0,0,0,0,,0,0,51.6,,69.9,0,127,5,0,0,0,0,1,0,1,0,0,4,58.1
149459,Jack Burch,ED,0,0,,1,1,,BUTLER,2,D58,0,0,2,21,1,2026,39,40.6,0,0,,0,0,0,6,0,0,71.1,0,0,1,0,BUTLER,4,1,2,0,,0,33.3,70.7,,0,0,127,39,0,0,0,0,18,1,0,0,0,33,71.7
149486,John Tessmann,LB,1,0,,0,2,100,DAVIDSON,6,D17,52,50,0,0,1,2026,1,34.4,5,1,63.1,0,1,18,0,0,0,47.3,0,0,0,0,DAVIDSON,3,0,0,0,5,2,20,53.2,5,78,0,149,53,9,1,0,47.9,35,0,2,0,0,0,
149487,Daniel Carter,S,3,0,,0,1,66.7,DAVIDSON,3,D22,56,30,0,0,1,2025,0,47.1,32,2,58.4,0,0,20,0,0,0,55.7,1,0,0,0,DAVIDSON,1,0,0,0,26,23,25,57.3,16,76.5,0,149,56,8,0,0,102.1,36,0,0,2,0,0,
149488,Darryn Kindles,DI,0,0,,0,0,,DAVIDSON,2,D41,0,0,0,12,1,2026,29,71.6,0,0,,0,0,0,0,16,0,70.4,0,0,0,0,DAVIDSON,2,0,0,0,,0,0,67.3,,76.7,0,149,29,0,13,0,0,17,0,0,0,0,0,55.7
149491,Julian Rawlins,ED,0,0,,0,0,,DAVIDSON,1,D07,0,0,1,18,1,2025,47,73.9,0,0,,1,0,0,6,0,0,69.1,0,0,0,2,DAVIDSON,2,0,2,0,,0,0,85.7,,77.9,0,149,47,0,0,0,0,29,0,0,0,0,41,90.5
149493,Grant Reeder,DI,0,0,,0,1,,DAVIDSON,3,D94,0,0,0,15,1,2025,40,53.4,0,0,,2,0,0,0,0,0,70.4,0,0,1,0,DAVIDSON,2,0,2,0,,0,20,64.3,,0,0,149,40,0,40,0,0,25,1,1,0,0,0,60
149520,Ca'ron Coleman,S,4,0,,0,1,100,DAYTON,4,D37,47,11,0,8,1,2025,6,52.3,34,4,59.3,0,0,18,0,0,0,64,0,0,0,0,DAYTON,4,0,0,0,23,34,20,60,8.5,79.4,0,150,53,34,0,0,102.1,27,1,0,2,0,6,55
149522,Jeremy Jonozzo,CB,0,0,,0,1,,DAYTON,3,D07,41,2,0,0,1,2026,1,37.7,0,0,62.8,0,0,21,0,0,0,66.3,39,0,0,0,DAYTON,0,0,0,0,,0,25,64.4,,75.8,0,150,42,0,0,0,0,21,0,0,0,0,1,
149531,Logan Miller,S,2,0,,0,0,100,DAYTON,2,D30,50,18,0,3,1,2025,5,80.2,20,2,54.1,0,0,25,0,0,0,69.9,0,0,0,0,DAYTON,0,0,0,0,13,7,0,59.5,10,77.8,0,150,55,1,0,0,108.3,27,0,1,25,0,5,57.2
149533,Aiden McKinley,LB,0,0,,0,1,,DAYTON,6,D38,55,49,0,7,1,2026,0,63.6,0,0,70.4,2,0,21,0,0,0,69.6,0,0,0,0,DAYTON,2,0,2,0,,6,11.1,72.4,,72.5,0,150,55,0,0,0,0,27,0,2,0,0,0,61.3
149540,Jerell Lewis,ED,0,0,,0,1,,DAYTON,2,D57,0,0,0,17,1,2025,35,42.4,0,0,60,0,0,1,5,0,0,57.1,0,0,0,0,DAYTON,1,0,0,0,,0,20,55.4,,76.1,0,150,35,0,2,0,0,17,0,2,0,0,28,54.6
149541,Nate Hess,DI,0,0,,0,1,,DAYTON,2,D61,0,0,0,12,1,2025,30,26.2,0,0,,0,0,0,0,5,0,67.3,0,0,0,0,DAYTON,2,0,0,0,,0,33.3,65.5,,74.8,0,150,30,0,25,0,0,18,1,0,0,0,0,56.7
149563,Riley Dravet,CB,4,0,,0,1,50,WAGNER,1,D09,22,0,0,0,1,2026,0,37.7,16,2,52.7,0,0,9,0,0,0,65.2,22,0,0,0,WAGNER,1,0,0,0,12,0,33.3,55.6,8,73.8,0,338,22,10,0,0,60.4,13,0,1,0,0,0,
149601,Brooks Russ-Martin,S,7,0,,0,2,57.1,PRESBYTERN,1,D05,63,9,0,0,1,2026,1,27.2,67,4,48.8,0,0,48,0,0,0,61.6,0,0,0,0,PRESBYTERN,1,0,0,0,29,4,66.7,50.8,16.8,78.2,0,271,64,11,0,1,129.2,16,0,0,50,1,1,
149602,Bradley Russ-Martin,CB,7,0,,0,1,71.4,PRESBYTERN,2,D06,54,1,0,0,1,2026,0,37.2,58,5,51.1,0,0,38,0,0,0,62.5,51,0,1,0,PRESBYTERN,0,0,0,0,26,2,33.3,52.1,11.6,76.9,0,271,54,19,0,0,96.1,16,0,0,0,0,0,
149611,Alex Herriott,LB,1,0,,0,1,100,PRESBYTERN,5,D44,59,56,0,11,1,2025,2,66.2,7,1,55.3,0,0,33,1,0,0,60.4,0,0,0,0,PRESBYTERN,2,0,0,0,7,3,11.1,57.1,7,77.6,0,271,61,3,0,0,95.8,17,0,3,0,0,1,60
149620,Logan Gingg,HB,0,0,,0,0,,SAN DIEGO,0,31,1,0,0,1,1,2025,0,,0,0,,0,0,0,0,0,0,,0,0,0,0,SAN DIEGO,0,0,0,0,,0,,60,,60,0,283,1,0,0,0,0,0,0,0,0,0,0,60
149630,Trey Sena-Ortega,S,1,0,,0,1,0,SAN DIEGO,3,D21,12,8,0,0,1,2026,2,66,0,0,75.4,0,0,2,0,0,0,68.5,0,0,0,0,SAN DIEGO,2,0,0,0,,0,12.5,77.5,,73.5,0,283,14,0,0,1,39.6,12,1,4,4,0,2,
149633,Jerry Riggins,ED,2,0,,0,0,50,SAN DIEGO,6,D44,2,0,0,9,1,2026,47,79.3,11,1,54,2,0,8,0,0,0,66.5,0,0,0,0,SAN DIEGO,3,0,2,0,11,1,0,64,11,80.7,0,283,49,7,0,1,66.7,32,2,0,0,0,47,67
149636,Nick Murray,CB,6,0,,0,1,50,SAN DIEGO,2,D01,56,18,1,1,1,2025,2,57.5,38,3,50.7,0,0,18,0,0,0,61.4,32,0,0,0,SAN DIEGO,1,0,1,0,25,4,20,56.6,12.7,75.9,0,283,58,2,0,0,109.7,39,0,2,1,1,2,69.7
149640,Malachi Cooper,DI,0,0,,0,0,,SAN DIEGO,1,D00,1,0,0,14,1,2026,42,71.3,0,0,,1,0,0,35,0,0,77.6,0,2,0,0,SAN DIEGO,1,0,3,0,,0,0,74.8,,76.5,0,283,43,0,7,0,0,29,0,0,0,0,0,58.8
149641,Brian Coburn,DI,0,0,,0,0,,SAN DIEGO,1,D91,1,0,0,13,1,2026,35,71.3,0,0,,0,0,0,26,0,0,77.5,0,0,0,0,SAN DIEGO,1,0,0,0,,0,0,72.8,,74.4,0,283,36,0,9,0,0,23,0,0,0,0,0,53.9
149684,Kolbe Benham,S,1,0,,0,0,100,MARIST,2,D09,17,11,0,0,1,2026,0,78.6,2,1,80,0,0,8,0,0,0,60.8,0,0,0,0,MARIST,1,0,0,0,2,0,0,77.4,2,71.8,0,213,17,4,0,0,79.2,9,0,0,6,0,0,
149686,Austin Trimble,CB,5,0,,0,0,40,MARIST,5,D02,48,10,0,1,1,2026,3,81.4,41,2,62.3,0,0,24,0,0,0,81,38,0,0,0,MARIST,3,0,0,0,43,0,0,69.4,20.5,75.9,0,213,51,31,0,0,69.6,26,1,1,0,0,3,60
149693,Tyler Ruscher,LB,0,0,,0,0,,MARIST,0,D32,2,2,0,1,1,2025,0,,0,0,60,0,0,1,0,0,0,,0,0,0,0,MARIST,0,0,0,0,,0,,59.9,,64.7,0,213,2,0,0,0,0,0,0,0,0,0,0,60
149698,Nick Jackson,DI,0,0,,0,0,,MARIST,0,D96,0,0,1,3,1,2025,7,70.2,0,0,,0,0,0,0,0,0,61.4,0,0,0,0,MARIST,1,0,1,0,,0,,68.8,,70.5,0,213,7,0,7,0,0,4,0,0,0,0,0,68.4
149703,Miles Kauderer,ED,0,0,,0,0,,MARIST,0,D00,0,0,1,22,1,2025,46,75.7,0,0,60,1,0,1,2,0,0,67.4,0,0,0,0,MARIST,1,0,2,0,,0,0,75.9,,79.6,0,213,46,0,2,0,0,23,0,1,0,0,42,76.3
149724,Zarrion Robinson,S,1,0,,0,0,0,STETSON,2,D22,40,14,0,0,1,2026,0,81.6,0,0,65.7,0,0,16,0,0,0,64.8,0,0,0,0,STETSON,0,0,0,0,,5,0,66.3,,75,0,302,40,0,0,0,39.6,24,0,0,21,0,0,
149726,Andrew Thompson,ED,0,0,,0,0,,STETSON,0,D90,0,0,0,6,1,2026,26,71.1,0,0,,0,0,0,6,0,0,41.6,0,0,0,0,STETSON,0,0,0,0,,0,0,44.6,,75,0,302,26,0,4,0,0,20,0,1,0,0,16,63.2
149745,Jake Birmingham,LB,2,0,,0,0,100,VALPO,5,D44,73,71,0,5,1,2025,0,83.5,9,2,68.7,0,0,43,0,0,0,79.3,0,0,0,0,VALPO,2,0,0,0,7,2,0,74.1,4.5,77.9,0,332,73,5,0,0,85.4,25,0,5,0,0,0,52.7
149752,Hayden Bedell,LB,3,0,,0,2,100,VALPO,6,D41,65,51,0,6,1,2025,6,54.3,12,3,69.6,1,0,41,0,0,0,74.1,0,0,0,0,VALPO,5,0,1,0,6,14,22.2,70.1,4,74.6,0,332,71,20,0,0,83.3,24,2,1,0,0,6,50.1
149757,Kevin Spelman,ED,0,0,,0,0,,VALPO,6,D91,0,0,0,48,1,2026,73,78.9,0,0,60,2,0,0,0,3,0,78.8,0,0,0,0,VALPO,5,0,2,0,,0,0,67.9,,79.1,0,332,73,0,14,0,0,25,1,2,0,0,56,53.5
149760,Colin Graves,S,1,0,,0,1,100,VALPO,2,D07,72,39,0,1,1,2025,1,61.5,2,1,60.6,0,0,47,0,0,0,66.1,0,1,0,0,VALPO,0,0,1,0,2,7,25,62.5,2,75.5,0,332,73,2,0,0,79.2,25,0,1,26,0,1,60
149770,Jonathan Bunce,ED,0,0,,0,0,,S DAKOTA,3,D41,0,0,0,14,1,2025,30,75.4,0,0,,0,0,0,1,0,0,59.4,0,0,0,0,S DAKOTA,1,0,0,0,,0,0,56.7,,76.3,0,291,30,0,5,0,0,16,0,0,0,0,24,54.3
149780,Seth Hopkins,DI,0,0,,0,0,,STTHOM,0,D65,0,0,0,12,1,2025,24,,0,0,,1,0,0,0,24,0,54.1,0,0,0,0,STTHOM,0,0,1,0,,0,,57.2,,75.8,0,1129,24,0,0,0,0,12,0,0,0,0,0,62.4
149795,C.J. Warren,DI,0,0,,0,2,,STTHOM,2,D95,0,0,0,22,1,2025,40,29.1,0,0,,2,0,0,18,2,0,63.6,0,0,0,0,STTHOM,2,0,2,0,,0,40,61.5,,75.2,0,1129,40,0,20,0,0,18,1,1,0,0,0,57.2
149797,Grif Wurtz,S,7,0,,0,0,42.9,STTHOM,4,D03,32,16,0,0,1,2025,0,83.9,43,3,44.5,0,1,19,0,0,0,76.5,0,0,0,0,STTHOM,1,0,0,0,20,5,0,55.8,14.3,74.6,0,1129,32,4,0,1,23.8,13,0,2,11,0,0,
149801,David Ayeni,LB,1,0,,0,0,100,STTHOM,2,D15,40,38,0,9,1,2025,2,79.2,1,1,54.2,4,0,13,0,0,0,68.7,0,1,0,0,STTHOM,1,0,5,0,1,2,0,64.8,1,74.5,0,1129,42,0,0,0,118.8,20,0,2,0,1,2,66
149806,Nick Flaskamp,LB,1,0,,0,1,100,STTHOM,1,D36,20,18,1,4,1,2025,1,56.8,10,1,39.6,1,0,6,0,0,0,62.4,0,0,0,0,STTHOM,1,0,2,0,10,2,50,46.7,10,71.1,0,1129,21,0,0,0,108.3,11,0,0,0,0,1,58.8
149808,Noah Friedt,DI,0,0,,0,0,,STTHOM,1,D94,0,0,0,19,1,2026,36,73.5,0,0,,1,0,0,19,2,0,64.8,0,1,0,0,STTHOM,1,0,2,0,,0,0,62.7,,74.6,0,1129,36,0,15,0,0,17,0,1,0,0,0,57.8
149810,Nick Hand,S,2,0,,0,0,0,STTHOM,3,D29,33,22,0,1,1,2026,0,79.1,0,0,55.2,0,0,18,0,0,0,59.7,0,1,0,0,STTHOM,0,0,1,0,,1,0,58.4,,73.9,0,1129,33,0,0,0,39.6,14,0,0,10,0,0,63.2
149814,Yusef Leak,CB,6,0,,0,0,66.7,MCNEESE,3,D06,59,4,0,0,1,2026,1,79.6,47,4,53,0,0,32,0,0,0,66.8,48,0,0,0,MCNEESE,0,0,0,0,15,7,0,55.6,11.8,77.3,0,217,60,24,0,0,90.3,28,0,1,0,0,1,
149815,IBK Mafe,DI,0,0,,0,1,,STTHOM,2,D28,0,0,0,14,1,2026,24,38.3,0,0,,3,0,0,9,0,0,61.9,0,0,2,0,STTHOM,1,0,3,0,,0,33.3,46.2,,0,0,1129,24,0,14,0,0,10,0,0,0,0,1,59.9
149839,Demetrius Coleman,CB,0,0,,0,0,,CHATTNOOGA,0,D16,9,0,0,0,1,2026,0,,0,0,62.9,0,0,4,0,0,0,60,9,0,0,0,CHATTNOOGA,0,0,0,0,,0,,63.7,,70.6,0,137,9,0,0,0,0,5,0,0,0,0,0,
149841,Josh Battle,S,2,0,,0,0,100,CHATTNOOGA,2,D24,46,21,0,0,1,2026,0,79.5,36,2,57.5,0,0,27,0,0,0,67.1,0,0,0,0,CHATTNOOGA,1,0,0,0,31,6,0,61.1,18,76.5,0,137,46,14,0,0,118.8,19,0,0,19,0,0,
149844,Kelvin Morris,DI,0,0,,0,0,,CHATTNOOGA,1,D93,0,0,0,1,1,2025,2,70.2,0,0,60,1,0,0,0,0,0,60,0,0,0,0,CHATTNOOGA,1,0,1,0,,0,0,70.2,,66.6,0,137,2,0,2,0,0,1,0,0,0,0,0,60.5
149858,Melvin Ravenel,CB,3,0,,0,0,100,CITADEL,5,D03,58,2,0,0,1,2026,0,82.2,37,3,61.7,0,0,40,0,0,0,65.8,55,0,1,0,CITADEL,2,0,0,0,18,0,0,62.8,12.3,76.8,0,139,58,6,0,0,157.6,18,0,1,1,1,0,
149860,Je'Mazin Roberts,LB,2,0,,1,0,100,CITADEL,6,D43,38,36,0,3,1,2027,0,83.5,29,2,60.4,1,0,23,0,0,0,65.1,0,1,0,0,CITADEL,3,0,2,0,16,1,0,66.9,14.5,73.9,0,139,38,27,0,0,118.8,12,0,1,1,0,0,74.3
149861,Jordan Marks,DI,0,0,,0,0,,CITADEL,0,D76,0,0,0,15,1,2026,27,70.1,0,0,,0,0,0,0,9,0,65,0,0,0,0,CITADEL,0,0,0,0,,0,0,62,,75.2,0,139,27,0,18,0,0,12,0,1,0,0,0,56.1
149862,Phillip Collins,DI,0,0,,0,0,,CITADEL,0,D96,0,0,0,11,1,2026,13,,0,0,,0,0,0,0,3,0,60.1,0,0,0,0,CITADEL,0,0,0,0,,0,,58.1,,73.3,0,139,13,0,10,0,0,2,0,0,0,0,0,56.7
149864,Chris Iverson,DI,0,0,,0,0,,CITADEL,5,D93,0,0,0,32,1,2026,50,75.8,0,0,,3,0,0,6,1,0,70.3,0,0,0,0,CITADEL,4,0,3,0,,0,0,74.1,,76.2,0,139,50,0,41,0,0,18,1,0,0,0,2,69.8
149880,Davion Hood,ED,0,0,,0,1,,AUSTINPEAY,1,D17,0,0,0,26,1,2026,51,36.7,0,0,,0,0,0,6,0,0,61.5,0,0,0,0,AUSTINPEAY,1,0,0,0,,0,25,55.8,,79.4,0,116,51,0,2,0,0,25,0,2,0,0,43,50.3
149936,Myles Redding,S,4,0,,0,1,100,MERCER,8,D02,89,33,0,0,1,2025,0,67.9,69,4,55.9,0,0,68,0,0,0,63.7,1,0,0,0,MERCER,1,0,0,0,36,20,11.1,57.8,17.3,78.8,0,219,89,32,0,0,158.3,21,0,0,35,1,0,
149938,Marques Thomas,LB,2,0,,0,2,50,MERCER,8,D06,62,56,0,11,1,2025,2,32.3,8,1,58.8,2,0,38,0,0,0,56.6,0,0,0,0,MERCER,3,0,2,0,8,6,18.2,59,8,75.2,0,219,64,9,0,0,60.4,15,0,1,0,0,2,63.1
149959,Jamall Thompson Jr.,ED,0,0,,0,0,,SAMFORD,0,D81,0,0,0,13,1,2026,28,,0,0,,1,0,0,7,0,0,63.4,0,0,0,0,SAMFORD,0,0,1,0,,0,,62.4,,75.5,0,282,28,0,2,0,0,15,0,0,0,0,19,58.8
149972,John Covert,ED,0,0,,0,0,,VA MILT IN,1,D46,0,0,0,14,1,2026,30,71.3,0,0,,2,0,0,20,0,0,58.2,0,0,0,0,VA MILT IN,1,0,2,0,,0,0,59,,74.2,0,336,30,0,3,0,0,16,0,0,0,0,7,59.9
149973,Jabari Haslem,LB,0,0,,0,1,,VA MILT IN,1,D08,31,15,0,8,1,2026,14,37.7,0,0,50,1,0,9,0,0,0,67.3,0,0,0,0,VA MILT IN,1,0,1,0,,16,33.3,60,,78.4,0,336,45,0,0,0,0,28,0,1,0,0,14,62.4
149984,Jason Johnson,LB,3,0,,0,0,66.7,VA MILT IN,1,D11,6,5,0,2,1,2025,13,77.9,19,2,41.9,0,0,5,0,0,0,57.2,0,0,0,0,VA MILT IN,1,0,0,0,11,1,0,46,9.5,74.9,0,336,19,10,0,0,84,12,0,2,0,0,13,58.6
149985,Shamus Jones,S,3,0,,0,1,33.3,VA MILT IN,7,D02,73,38,0,1,1,2025,3,76.3,7,1,73,1,0,32,0,0,0,63.7,0,0,0,0,VA MILT IN,1,0,1,0,7,8,10,70,7,78.7,0,336,76,0,0,1,42.4,43,0,2,27,0,3,59.1
149986,Noel Innocent,CB,3,0,,0,0,66.7,VA MILT IN,3,D07,66,1,0,0,1,2025,0,80.3,16,2,61.5,0,0,25,0,0,0,67.1,64,0,0,0,VA MILT IN,0,0,0,0,10,1,0,63.4,8,77.2,0,336,66,4,0,0,79.9,41,0,1,0,0,0,
149987,Eric Rankin,LB,2,0,,0,4,100,VA MILT IN,8,D05,66,66,2,11,1,2025,0,34.6,21,2,45.9,0,0,20,0,0,0,58.8,0,1,0,0,VA MILT IN,7,0,3,0,16,0,33.3,60.3,10.5,78.2,0,336,66,7,0,0,110.4,35,0,0,0,0,0,81.2
149989,Dorien Starnes,ED,0,0,,0,0,,VA MILT IN,4,D44,0,0,0,16,1,2025,45,76.2,0,0,61,1,0,0,30,0,0,48.9,0,0,0,0,VA MILT IN,2,0,1,0,,0,0,53,,75.3,0,336,45,0,8,0,0,29,1,0,0,0,7,54.1
149990,Jonathan Hunter-Horton,S,0,0,,0,0,,VA MILT IN,0,D00,4,3,0,0,1,2026,0,,0,0,,0,0,0,0,0,0,60,0,0,0,0,VA MILT IN,0,0,0,0,,0,,60.4,,67.8,0,336,4,0,0,0,0,4,0,0,1,0,0,
149991,Terrell Jackson,DI,0,0,,1,1,,VA MILT IN,2,D51,0,0,0,17,1,2025,44,25.7,0,0,,1,0,0,0,38,0,47.3,0,0,0,0,VA MILT IN,2,0,1,0,,0,33.3,48.4,,79.5,0,336,44,0,6,0,0,27,1,0,0,0,0,55.9
149994,Hunter Robbins,DI,0,0,,0,1,,VA MILT IN,1,D94,0,0,0,12,1,2026,23,29,0,0,,2,0,0,5,0,0,47.9,0,0,0,0,VA MILT IN,1,0,2,0,,0,50,46.6,,73.8,0,336,23,0,13,0,0,11,0,0,0,0,5,53.8
150014,Caleb Fisher,ED,0,0,,0,2,,W CAROLINA,1,D11,0,0,0,14,1,2026,30,21.7,0,0,,1,0,0,25,0,0,53.3,0,0,0,0,W CAROLINA,1,0,1,0,,0,50,59.4,,74.5,0,344,30,0,3,0,0,16,0,1,0,0,2,67.4
150019,Anthonie Lattany,DI,0,0,,0,0,,WOFFORD,4,D95,1,0,0,28,1,2025,64,75.1,0,0,,1,0,0,0,11,0,72.4,0,0,1,0,WOFFORD,2,1,1,0,,0,0,65.4,,0,0,350,65,0,53,0,0,37,1,1,0,0,0,57.5
150037,Amir Annoor,CB,12,0,,0,0,66.7,WOFFORD,5,D13,79,2,0,0,1,2025,0,82.8,114,8,53,0,0,33,0,0,0,61.5,74,0,1,0,WOFFORD,2,1,0,0,29,2,0,52.2,14.3,0,0,350,79,11,0,1,97.2,46,0,2,0,0,0,
150038,Isaiah Mananga,S,2,0,,0,2,50,WOFFORD,2,D12,35,10,0,4,1,2025,8,25.9,22,1,53.9,0,0,12,0,0,0,44,1,0,0,0,WOFFORD,2,0,0,0,22,23,50,47.8,22,77.3,0,350,43,3,0,0,89.6,27,2,0,0,0,8,58.3
150039,Damien Curtis,CB,0,0,,0,0,,WOFFORD,0,D20,1,0,0,0,1,2025,0,,0,0,60,0,0,1,0,0,0,,0,0,0,0,WOFFORD,0,0,0,0,,0,,62.4,,60,0,350,1,0,0,0,0,0,0,0,0,0,0,
150042,Matthew Clayton,ED,0,0,,0,0,,WOFFORD,2,D14,1,0,0,8,1,2026,29,75.2,0,0,61.9,0,0,4,0,0,0,51.2,0,0,0,0,WOFFORD,2,0,0,0,,1,0,53.1,,78.6,0,350,30,0,0,0,0,18,1,0,0,0,29,55.7
150048,Seth Foster,DI,0,0,,0,0,,WOFFORD,3,D52,1,0,0,22,1,2026,51,73.6,0,0,,0,0,0,2,0,0,56.1,0,1,0,0,WOFFORD,2,0,1,0,,0,0,56.7,,75.9,0,350,52,0,47,0,0,30,0,0,0,0,2,58.2
150065,Darius Sanders,S,5,0,,0,1,80,INCAR WORD,4,D01,71,24,0,6,1,2025,15,62.8,27,4,61,0,0,47,0,0,0,63.4,0,0,1,1,INCAR WORD,2,0,0,0,16,46,12.5,62.9,6.8,81,0,189,86,12,0,0,89.2,33,1,3,1,0,15,64.7
150068,Josh Gonzalez,DI,0,0,,0,0,,INCAR WORD,1,D99,0,0,0,7,1,2027,17,72.2,0,0,,0,0,0,0,3,0,69.1,0,0,0,0,INCAR WORD,1,0,0,0,,0,0,68.2,,73.5,0,189,17,0,14,0,0,10,1,1,0,0,0,58
150081,Twillie Lovett,CB,0,0,,0,0,,ALABAMA ST,0,D04,14,1,0,0,1,2026,0,,0,0,64.5,0,0,7,0,0,0,60.8,13,0,0,0,ALABAMA ST,0,0,0,0,,0,,65.3,,71.8,0,105,14,0,0,0,0,7,0,0,0,0,0,
150084,Welland Williams,DI,0,0,,0,0,,MCNEESE,0,D91,0,0,0,19,1,2026,35,71.9,0,0,,0,0,0,0,0,0,69.7,0,0,0,0,MCNEESE,0,0,0,0,,0,0,65.8,,74.9,0,217,35,0,35,0,0,16,0,2,0,0,0,56
150091,Thomas Miles,S,0,0,,0,2,,MCNEESE,4,D19,46,25,0,0,1,2025,4,41.9,0,0,76.3,0,0,26,0,0,0,61.8,0,0,0,0,MCNEESE,2,0,0,0,,4,28.6,72.8,,77.8,0,217,50,0,0,1,0,24,0,1,17,0,4,
150093,Micah Davey,LB,3,0,,0,1,66.7,MCNEESE,4,D48,65,61,0,7,1,2026,1,58.9,41,2,71.3,0,0,28,0,0,0,76.4,0,1,1,0,MCNEESE,3,0,1,0,39,4,14.3,71.8,20.5,0,0,217,66,41,0,0,149.3,31,0,2,0,1,1,56.5
150112,Jake Dalmado,ED,3,0,,0,1,66.7,NICHOLLS,5,D07,29,22,3,22,1,2028,25,65.7,40,2,66.6,3,0,16,0,0,0,62.3,0,1,0,0,NICHOLLS,7,0,7,0,24,7,14.3,78.1,20,77.3,0,243,54,19,0,1,109.7,16,0,1,0,0,25,85.5
150124,Quinton Sharkey,LB,2,0,,0,2,50,NICHOLLS,4,D11,8,4,0,23,1,2025,46,29.4,5,1,58.2,0,0,15,0,0,0,45.6,0,0,1,0,NICHOLLS,1,0,0,0,5,4,33.3,45.6,5,0,0,243,54,0,0,0,56.3,16,0,0,0,0,46,52.7
150131,Jaeden Ward,LB,1,0,,0,2,0,JACKSON ST,2,D08,15,14,0,2,1,2025,4,29.9,0,0,49.7,0,0,4,0,0,0,51.4,0,0,0,0,JACKSON ST,2,0,0,0,,1,40,45.5,,73.9,0,194,19,0,0,0,39.6,13,0,1,0,0,4,57.5
150144,Ara Rauls III,S,0,0,,0,0,,NWSTATE,2,D07,17,7,0,0,1,2026,0,76.8,0,0,61.9,0,0,4,0,0,0,67.6,0,0,0,0,NWSTATE,0,0,0,0,,8,0,66.6,,73.4,0,257,17,0,0,0,0,13,0,0,2,0,0,
150147,Kwame Sarkodie,LB,1,0,,0,0,100,PRVIEW A&M,2,D09,5,4,0,0,1,2025,0,78.2,10,1,53.9,0,0,2,0,0,0,66,0,0,0,0,PRVIEW A&M,1,0,0,0,10,1,0,60.1,10,65.9,0,270,5,10,0,0,108.3,3,1,1,0,0,0,
150163,Bryce Cage,ED,0,0,,0,4,,GRAMBLING,1,D04,0,0,0,20,1,2026,46,20,0,0,,2,0,0,1,0,0,46.9,0,0,0,0,GRAMBLING,1,0,2,0,,0,66.7,48.1,,78.2,0,177,46,0,0,0,0,26,0,1,0,0,45,54.6
150170,Coryell Pierce,S,4,0,,0,1,75,SE LA,5,D06,65,15,0,0,1,2025,0,66.2,47,3,62.4,0,0,36,0,0,0,73.6,0,0,1,0,SE LA,3,0,0,0,36,1,12.5,66.6,15.7,77.3,0,294,65,35,0,0,153.1,29,1,2,49,1,0,
150175,KeMari Clark,S,2,0,,0,0,50,CENT ARK,2,D02,21,4,0,2,1,2025,4,77.7,10,1,61.2,1,0,20,0,0,0,64.2,1,0,0,0,CENT ARK,1,0,1,0,10,16,0,62.5,10,76.9,0,132,25,5,0,0,64.6,3,0,0,0,0,4,58.8
150190,Bradley Clark,DI,0,0,,0,2,,CENT ARK,1,D98,0,0,0,38,1,2026,70,27.3,0,0,58.6,3,0,2,0,59,0,72.5,0,0,0,0,CENT ARK,1,0,3,0,,0,33.3,78.4,,79.9,0,132,70,0,11,0,0,30,0,3,0,0,0,77.8
150193,James Jordan,CB,1,0,,0,0,100,CENT ARK,0,D01,15,0,0,0,1,2026,0,,11,1,35.7,0,0,7,0,0,0,60.8,15,0,1,0,CENT ARK,0,0,0,0,11,0,,37.1,11,72.2,0,132,15,0,0,0,152.1,8,0,0,0,1,0,
150200,Sean Smith,CB,3,0,,0,0,0,CENT ARK,0,D26,14,1,0,0,1,2026,0,,0,0,54.8,0,0,7,0,0,0,60.6,13,0,0,0,CENT ARK,0,0,0,0,,0,,55.5,,71.7,0,132,14,0,0,0,39.6,7,0,0,0,0,0,
150201,Will Leota,LB,4,0,,0,3,50,SACRAMENTO,5,D21,72,49,0,8,1,2025,0,38.9,24,2,70.5,0,1,38,0,0,0,50.6,0,0,0,0,SACRAMENTO,3,0,0,0,12,23,25,67,12,78.3,0,279,72,1,0,1,29.2,26,1,4,0,0,0,73.6
150274,John Mathis,DI,0,0,,0,0,,INCAR WORD,1,D10,0,0,0,21,1,2026,33,71.9,0,0,,1,0,0,0,0,0,67.4,0,0,0,0,INCAR WORD,1,0,1,0,,0,0,68.4,,74.7,0,189,33,0,33,0,0,12,0,1,0,0,0,63.7
150316,Amon Scarbrough,S,4,0,,1,1,25,ALABAMA ST,7,D03,68,32,0,2,1,2025,2,66,30,1,74.3,1,1,42,0,0,0,90.5,0,0,0,0,ALABAMA ST,6,0,1,0,30,9,12.5,81.2,30,77.8,0,105,70,3,0,0,18.8,26,1,0,27,0,2,57.8
150319,Osiris Smith,LB,0,0,,0,1,,GRAMBLING,0,D08,7,6,0,1,1,2026,0,21.8,0,0,50.1,0,0,2,0,0,0,60.8,0,0,0,0,GRAMBLING,0,0,0,0,,1,100,47.2,,67.8,0,177,7,0,0,0,0,4,0,0,0,0,0,59.6
150358,Antorius Hambric Jr.,S,0,0,,0,1,,LAMAR,2,D12,34,14,0,0,1,2025,0,50.4,0,0,66.2,0,0,20,0,0,0,54.7,0,0,0,0,LAMAR,0,0,0,0,,6,25,62.9,,75.7,0,204,34,0,0,0,0,14,0,1,14,0,0,
150359,Ramond Stevens,CB,6,0,,0,0,66.7,LAMAR,3,D03,45,5,0,1,1,2025,1,80.8,64,4,50.6,0,0,28,0,0,0,65.5,40,0,0,0,LAMAR,0,0,0,0,32,0,0,52.8,16,75.7,0,204,46,7,0,0,102.1,17,0,2,0,0,1,59.2
150361,Damian Alexander,CB,2,0,,0,0,0,LAMAR,2,D05,35,3,0,1,1,2025,0,78.5,0,0,73.8,1,0,24,0,0,0,64.4,32,0,0,0,LAMAR,0,0,1,0,,0,0,73.8,,74.5,0,204,35,0,0,1,39.6,10,0,1,0,0,0,59.2
150364,Jaden Harding,CB,2,0,,0,1,50,LAMAR,0,D22,6,0,0,0,1,2026,0,21.7,30,1,65.9,0,0,4,0,0,0,60,6,0,0,0,LAMAR,0,0,0,0,30,0,100,66.7,30,69,0,204,6,23,0,1,95.8,2,0,0,0,0,0,
150366,AJ Owens,ED,1,0,,0,0,0,TARLETON,5,D16,2,0,1,28,1,2026,54,82.4,0,0,62.7,1,0,6,1,0,0,77.3,0,1,0,0,TARLETON,4,0,3,0,,2,0,71.7,,80.9,0,401,56,0,1,0,39.6,22,0,3,0,0,52,59.3
150373,Jaymond Jackson,DI,0,0,,0,0,,LAMAR,0,D04,0,0,0,19,1,2025,30,,0,0,,2,0,0,14,0,0,73.5,0,0,0,0,LAMAR,0,0,2,0,,0,,75.3,,74.4,0,204,30,0,14,0,0,11,0,0,0,0,2,67.2
150375,Blake Gotcher,LB,3,0,,1,2,33.3,NWSTATE,8,D05,54,54,0,1,1,2026,0,52.6,11,1,35.4,0,0,17,0,0,0,65.7,0,0,0,0,NWSTATE,5,0,0,0,11,0,16.7,50.5,11,77,0,257,54,0,0,0,84.7,36,0,2,0,1,0,59.5
150379,Zac Yassine,DI,0,0,,0,2,,SOUTHERN U,1,D91,1,1,0,22,1,2026,37,28.3,0,0,,1,0,0,0,3,0,77.6,0,0,0,0,SOUTHERN U,1,0,1,0,,0,40,71,,75.9,0,297,38,0,34,0,0,16,1,2,0,0,0,56.7
150382,Ayden Bell,DI,0,0,,0,0,,GARD-WEBB,1,D13,0,0,0,41,1,2026,61,71.9,0,0,,3,0,0,7,4,0,72.9,0,0,0,0,GARD-WEBB,1,0,3,0,,0,0,67.6,,77.1,0,171,61,0,50,0,0,20,1,0,0,0,0,58.7
150387,Devon Allen,CB,8,0,,0,0,75,NORFOLK,4,D21,60,3,0,0,1,2025,0,81.2,37,6,64.1,0,0,25,0,0,0,69.6,51,0,0,0,NORFOLK,0,0,0,0,9,1,0,66.3,6.2,76.6,0,244,60,20,0,0,123.4,35,0,1,5,1,0,
150404,Levontae Jacobs,DI,0,0,,0,0,,NORFOLK,0,D95,0,0,0,1,1,2027,3,,0,0,,0,0,0,0,0,0,60,0,0,0,0,NORFOLK,0,0,0,0,,0,,59.7,,67.5,0,244,3,0,3,0,0,2,0,0,0,0,0,59.9
150415,Terique Miles,LB,3,0,,0,1,100,NORFOLK,4,D58,29,28,0,1,1,2026,1,58.6,13,3,63.1,0,0,10,0,0,0,64.9,0,0,0,0,NORFOLK,3,0,0,0,12,1,14.3,65.3,4.3,72.6,0,244,30,0,0,0,84.7,19,1,2,0,0,1,59.7
150423,Pierre Royster,S,1,0,,0,2,100,ST FRANCIS,2,D06,44,19,0,0,1,2026,0,26.4,9,1,62,0,0,27,0,0,0,55.3,1,0,0,0,ST FRANCIS,1,0,0,0,9,7,50,60.1,9,75,0,299,44,8,0,0,104.2,17,0,0,17,0,0,
150424,Christian Ruffin,CB,0,0,,0,0,,NORFOLK,0,D16,19,0,0,0,1,2026,0,,0,0,62.8,0,0,5,0,0,0,62.3,16,0,0,0,NORFOLK,0,0,0,0,,2,,63.8,,73.7,0,244,19,0,0,0,0,14,0,0,1,0,0,
150425,Jayden Smith,S,1,0,,0,1,0,NORFOLK,3,D30,50,10,0,0,1,2026,0,63.9,0,0,69.8,0,0,22,0,0,0,63.7,0,0,0,0,NORFOLK,0,0,0,0,,25,14.3,68.9,,77.1,0,244,50,0,0,0,39.6,28,0,3,15,0,0,
150428,Amadeu Vital,DI,0,0,,0,2,,NORFOLK,2,D09,0,0,0,14,1,2026,27,37.5,0,0,60,0,0,0,2,0,0,78,0,0,0,0,NORFOLK,1,0,0,0,,0,28.6,73.9,,74,0,244,27,0,25,0,0,13,0,3,0,0,0,56
150439,Jaki Brevard,LB,2,0,,0,0,0,NC CENT,5,D45,59,45,0,1,1,2025,0,84.7,0,0,65.5,0,0,26,0,0,0,89.5,0,0,0,0,NC CENT,5,0,0,0,,14,0,80.9,,74.2,0,247,59,0,0,0,39.6,32,2,7,0,0,0,59.7
150454,Kole Jones,S,3,0,,0,2,0,NC CENT,4,D07,60,20,0,1,1,2025,3,32.4,0,0,67.7,0,0,29,0,0,0,60.7,0,0,0,0,NC CENT,4,0,0,0,,40,33.3,66,,76.6,0,247,63,0,0,0,39.6,33,0,0,0,0,3,59.7
150459,Makai McCall,ED,0,0,,0,0,,NC CENT,4,D16,0,0,0,19,1,2026,47,77,0,0,,1,0,0,3,0,0,79.5,0,0,0,0,NC CENT,4,0,1,0,,0,0,78.3,,78.1,0,247,47,0,0,0,0,28,0,1,0,0,44,64.9
150468,Josh Pullen,LB,0,0,,0,0,,NC CENT,0,D21,3,3,0,0,1,2027,1,,0,0,60,0,0,3,0,0,0,60,0,2,0,0,NC CENT,0,0,2,0,,0,,67.6,,68.6,0,247,4,0,0,0,0,1,0,0,0,0,1,64.9
150478,Christian Smith,DI,0,0,,0,0,,NC CENT,1,D91,0,0,0,13,1,2026,29,69.7,0,0,,0,0,0,0,2,0,64.1,0,0,0,0,NC CENT,1,0,0,0,,0,0,64.3,,74.3,0,247,29,0,27,0,0,16,0,0,0,0,0,60.8
150484,Max U'Ren,LB,5,0,,0,1,80,NC CENT,6,D54,63,63,0,1,1,2026,0,73.6,46,4,53.9,0,0,29,0,0,0,70.2,0,0,0,0,NC CENT,4,0,0,0,16,0,9.1,61.9,11.5,76.3,0,247,63,19,0,0,105,33,1,4,0,0,0,59.4
150485,Jelani Vassell,S,3,0,,0,0,100,NC CENT,6,D28,62,19,0,1,1,2026,1,84.6,40,3,57.6,0,0,29,0,0,0,65.5,0,0,0,0,NC CENT,1,0,0,0,17,6,0,60.5,13.3,77.9,0,247,63,25,0,0,118.8,33,0,1,37,0,1,60
150525,Bryan Stukes,S,0,0,,0,0,,MORGAN ST,3,D25,42,29,0,0,1,2025,1,84,0,0,66.9,0,0,23,0,0,0,65.5,1,0,0,0,MORGAN ST,3,0,0,0,,1,0,67.8,,73.5,0,235,43,0,0,0,0,20,0,3,11,0,1,
150527,Josh Graham,CB,2,0,,0,1,50,MORGAN ST,0,D10,4,0,0,0,1,2025,0,26.4,3,1,63.7,0,0,3,0,0,0,60,0,0,0,0,MORGAN ST,0,0,0,0,3,4,100,64.5,3,69.5,0,235,4,7,0,0,56.3,1,0,0,0,0,0,
150528,Xavier Shell,LB,2,0,,0,1,50,MORGAN ST,2,D33,52,52,0,4,1,2026,0,32,7,1,54.2,0,0,23,0,0,0,42.2,0,0,1,0,MORGAN ST,1,1,0,0,7,0,33.3,45,7,74.7,0,235,52,9,0,0,58.3,25,0,0,0,0,0,56.6
150540,Nana Asante,ED,0,0,,0,0,,MORGAN ST,0,D05,1,1,0,10,1,2025,12,,0,0,60,0,0,1,2,0,0,60,0,0,0,0,MORGAN ST,0,0,0,0,,0,,47.8,,73.1,0,235,13,0,1,0,0,2,0,0,0,0,9,53.2
150574,Henry Daniel,ED,0,0,,1,2,,NC A&T,4,D34,0,0,3,20,1,2025,43,42.7,0,0,60,0,0,0,12,0,0,72.6,0,0,0,0,NC A&T,6,0,3,0,,0,28.6,67.8,,76.5,0,246,43,0,6,0,0,23,1,1,0,0,25,68.4
150578,Javon Armstrong-Grady,ED,0,0,,0,2,,NC A&T,2,D98,6,1,1,18,1,2025,36,28.9,0,0,61.5,0,0,3,0,0,0,58.2,0,0,0,0,NC A&T,2,0,1,0,,5,40,62.1,,80.2,0,246,42,0,0,0,0,21,0,1,0,0,36,63.6
150669,Edward Bobino III,DI,0,0,,0,0,,STF AUSTIN,1,D03,0,0,1,20,1,2026,36,72.2,0,0,64.9,1,0,1,5,12,1,67.7,0,0,0,0,STF AUSTIN,2,0,2,0,,0,0,76.7,,75.9,0,301,36,0,19,0,0,15,0,0,0,0,0,73.2
150672,Charles Demmings,CB,1,0,2026,0,0,0,STF AUSTIN,0,D06,14,0,0,0,1,2026,0,,0,0,70.7,0,0,9,0,0,0,60,14,0,0,0,STF AUSTIN,0,0,0,0,,0,,71.2,,72.6,0,301,14,0,0,0,39.6,5,0,0,0,0,0,
150689,Luke Watson,LB,0,0,,0,1,,STF AUSTIN,0,D25,16,15,1,3,1,2025,0,31.8,0,0,51.5,0,0,7,0,0,0,70.9,0,1,0,0,STF AUSTIN,1,0,2,0,,1,50,69.2,,70.6,0,301,16,0,0,0,0,6,0,1,0,0,0,77.7
150738,Jordan Adderley,CB,4,0,,0,0,50,LEHIGH,2,D04,55,0,0,0,1,2026,0,77,16,2,77.7,0,0,40,0,0,0,62.7,55,0,0,0,LEHIGH,2,0,0,0,11,0,0,77.8,8,76.5,0,205,55,5,0,2,60.4,15,0,0,0,0,0,
150741,Jordan Campbell,S,6,0,,0,1,66.7,SACR HEART,1,D01,63,15,0,3,1,2026,4,27.2,31,4,71.1,0,0,42,0,0,1,57.4,1,0,0,0,SACR HEART,1,0,0,0,12,42,50,68.2,7.8,78.4,0,280,67,14,0,1,118.8,22,0,0,5,1,4,56.3
150773,Maximus Mongelli,S,1,0,,0,1,0,SACR HEART,2,D14,40,15,0,0,1,2026,0,40.6,0,0,73.4,0,0,27,0,0,0,49.8,0,0,0,0,SACR HEART,0,0,0,0,,7,33.3,67.2,,74.7,0,280,40,0,0,1,39.6,13,0,0,18,0,0,
150779,Ethan Rodriguez,ED,0,0,,0,0,,SACR HEART,0,D21,0,0,0,7,1,2026,10,73,0,0,,0,0,0,3,0,0,65.3,0,0,0,0,SACR HEART,0,0,0,0,,0,0,61.7,,72.3,0,280,10,0,0,0,0,3,0,1,0,0,7,54.2
150807,Treqwan Thomas,ED,0,0,,0,1,,ALABAMA ST,1,D11,0,0,0,37,1,2025,59,50.9,0,0,60,2,0,1,2,0,0,77.5,0,1,0,0,ALABAMA ST,1,0,3,0,,0,25,66.8,,80.1,0,105,59,0,0,0,0,21,1,2,0,0,57,53.9
150809,DeMarkus Cunningham,LB,2,0,,0,0,50,ALABAMA ST,2,D06,50,41,0,5,1,2025,5,81.5,10,1,77.5,1,0,32,0,0,0,65.8,0,0,0,0,ALABAMA ST,0,0,1,0,10,9,0,77.3,10,76.6,0,105,55,8,1,1,64.6,18,0,4,0,0,4,64.8
150810,Rhoody Jean-Louis,LB,0,0,,1,1,,ALABAMA ST,4,D08,23,22,0,4,1,2026,3,49.4,0,0,52.3,1,0,9,0,0,0,94.7,0,0,0,0,ALABAMA ST,3,0,1,0,,1,20,82.9,,73.7,0,105,26,0,0,0,0,13,0,0,0,0,3,56.1
150812,Stefon Young-Rolle,ED,0,0,,0,1,,ALABAMA ST,4,D09,0,0,0,37,1,2026,59,42.4,0,0,61.8,3,0,3,5,0,0,61.8,0,0,0,1,ALABAMA ST,4,0,3,0,,0,20,60.7,,79.4,0,105,59,0,3,0,0,19,0,0,0,0,51,57.4
150831,Christopher Daigre,CB,7,0,,0,0,14.3,SE MO ST,1,D20,60,8,0,0,1,2025,0,76.2,2,1,76,0,0,33,0,0,0,65.8,50,0,0,0,SE MO ST,0,0,0,0,2,0,0,75.3,2,76.2,0,293,60,4,0,1,39.6,27,0,1,2,0,0,
150838,Mailk Gaither,LB,0,0,,0,0,,SAMFORD,0,D34,3,3,0,0,1,2026,4,,0,0,,0,0,0,0,0,0,39.6,0,0,0,0,SAMFORD,0,0,0,0,,0,,34.6,,73.5,0,282,7,0,0,0,0,7,0,0,0,0,4,
150855,Ebenezer Dibula,DI,0,0,,0,0,,BETH COOK,2,D90,0,0,0,16,1,2026,49,74.5,0,0,,0,0,0,0,11,0,65.1,0,0,0,0,BETH COOK,2,0,0,0,,0,0,63.5,,77.3,0,119,49,0,38,0,0,33,0,2,0,0,0,56
150876,Deondri Clark,ED,0,0,,0,0,,MS VLY ST,0,D92,0,0,1,4,1,2027,11,73.4,0,0,,0,0,0,0,0,0,56.8,0,0,0,0,MS VLY ST,0,0,1,0,,0,0,61.5,,72.9,0,228,11,0,0,0,0,7,0,1,0,0,11,66.4
150898,Josh Darling,LB,0,0,,0,1,,GRAMBLING,3,D42,43,38,0,3,1,2026,0,56.9,0,0,66.6,0,0,16,0,0,0,62,0,0,0,0,GRAMBLING,3,0,0,0,,5,20,64.9,,72.7,0,177,43,0,0,0,0,24,0,1,0,0,0,55.9
150900,J'Cobe Scott,DI,0,0,,0,0,,GRAMBLING,5,D72,0,0,0,14,1,2026,40,75.7,0,0,,0,0,0,1,0,0,75.5,0,0,1,0,GRAMBLING,4,0,0,0,,0,0,67.1,,0,0,177,40,0,39,0,0,26,0,1,0,0,0,55.4
150904,Jaden Hardy,DI,0,0,,0,1,,GRAMBLING,3,D98,0,0,0,21,1,2026,48,49.8,0,0,60,2,0,0,0,4,0,74.9,0,0,0,0,GRAMBLING,2,0,2,0,,0,20,75.7,,76.9,0,177,48,0,44,0,0,27,0,1,0,0,0,66.4
150912,Horacio Johnson,S,4,0,,1,2,100,SOUTHERN U,9,D02,47,11,0,1,1,2026,2,60.5,38,4,63.1,0,0,28,0,0,0,73.8,0,0,0,0,SOUTHERN U,4,0,0,0,24,7,16.7,67.6,9.5,76.5,0,297,49,21,0,0,106.3,20,0,1,29,0,2,59.6
150947,Ke'Vric Wiggins Jr.,CB,4,0,,0,0,75,JACKSON ST,3,D01,21,9,0,0,1,2025,1,77.7,35,3,47.2,0,0,9,0,0,0,65.8,10,0,0,0,JACKSON ST,0,0,0,0,16,2,0,53.1,11.7,71.5,0,194,22,5,0,0,140.6,13,0,0,0,1,1,
150948,Jeremiah Williams,DI,0,0,,0,0,,JACKSON ST,1,D00,0,0,0,17,1,2026,34,73.9,0,0,60,2,0,0,2,22,0,78.2,0,1,0,0,JACKSON ST,1,0,3,0,,0,0,78.8,,77.2,0,194,34,0,9,0,0,17,0,2,0,0,1,66.5
150970,Conroy Cunningham II,ED,0,0,,0,0,,SAMFORD,4,D90,0,0,0,14,1,2026,45,78.4,0,0,60,0,0,0,11,0,0,73.2,0,1,0,0,SAMFORD,3,0,1,0,,0,0,73.8,,77.3,0,282,45,0,3,0,0,31,1,3,0,0,31,64.1
151134,Mitchell Tyler,ED,0,0,,0,0,,YALE,0,D49,0,0,2,11,1,2026,16,75.2,0,0,,0,0,0,1,0,0,60.8,0,0,0,0,YALE,2,0,2,0,,0,,68,,74.7,0,352,16,0,0,0,0,5,0,0,0,0,15,67.4
151136,Inumidun Ayo-Durojaiye,LB,2,0,,0,1,50,YALE,4,D24,52,48,0,6,1,2026,1,64,12,1,60.4,0,0,22,0,0,0,59.4,0,0,0,0,YALE,2,0,0,0,12,4,16.7,60.7,12,76.4,0,352,53,17,0,0,68.8,25,1,1,0,0,1,61.9
151138,Jacob Biggs,LB,0,0,,0,2,,YALE,3,D07,29,29,0,4,1,2025,2,34.1,0,0,50.2,0,0,12,0,0,0,51.3,0,0,1,0,YALE,0,1,0,0,,0,28.6,46.8,,74.1,0,352,31,0,0,0,0,15,0,2,0,0,2,56
151142,Joseph Gonzales,S,0,0,,0,0,,YALE,1,D20,0,0,0,1,1,2026,3,74.7,0,0,,0,0,0,0,0,0,75.4,0,0,0,0,YALE,1,0,0,0,,0,0,81.7,,69.9,0,352,3,0,0,0,0,2,0,1,0,0,3,60
151144,Sean Guyton,CB,2,0,,0,0,50,YALE,1,D03,4,0,0,0,1,2025,0,74.2,8,1,67.2,0,0,4,0,0,0,,4,0,0,0,YALE,0,0,0,0,8,0,0,68.4,8,67.9,0,352,4,3,0,1,60.4,0,0,0,0,0,0,
151148,Kevin Jourdain,DI,0,0,,0,0,,YALE,0,D94,0,0,0,12,1,2026,28,,0,0,,0,0,0,0,0,1,38.7,0,0,0,0,YALE,0,0,0,0,,0,,43.6,,74.2,0,352,28,0,28,0,0,16,0,0,0,0,0,61.6
151151,Tamatoa McDonough,ED,0,0,,1,0,,YALE,2,D09,0,0,1,16,1,2026,38,77.1,0,0,,0,0,0,0,0,0,64.5,0,1,0,0,YALE,2,0,2,0,,0,0,71.5,,78.2,0,352,38,0,4,0,0,22,0,1,0,0,34,72.7
151154,Wyatt Raymond,LB,0,0,,0,0,,YALE,1,D36,2,2,0,2,1,2025,4,72.2,0,0,70.9,0,0,3,0,0,0,60,0,0,0,0,YALE,1,0,0,0,,0,0,72.6,,72.7,0,352,6,0,0,0,0,1,0,0,0,0,4,56.8
151236,Dimonyai Lacey,DI,0,0,,0,0,,JACKSON ST,1,D90,0,0,0,1,1,2026,6,70.2,0,0,,0,0,0,0,5,0,66.7,0,0,0,0,JACKSON ST,1,0,0,0,,0,0,68.5,,70.9,0,194,6,0,1,0,0,5,0,0,0,0,0,60
151262,Giambi Nesbitt,DI,0,0,,0,0,,ST FRANCIS,0,D52,0,0,0,5,1,2025,13,,0,0,,0,0,0,0,6,0,62.9,0,0,0,0,ST FRANCIS,0,0,0,0,,0,,62,,73.6,0,299,13,0,7,0,0,8,0,0,0,0,0,57.7
151263,Jack Courtney,ED,0,0,,0,1,,ST FRANCIS,2,D92,0,0,0,18,1,2026,39,47.5,0,0,,1,0,0,18,0,0,59.8,0,0,0,0,ST FRANCIS,0,0,1,0,,0,25,59.6,,75.1,0,299,39,0,9,0,0,21,0,1,0,0,12,58.6
151271,Mason Frye,S,1,0,,0,0,100,ST FRANCIS,1,D00,7,4,0,1,1,2025,0,73.1,14,1,51.1,0,0,3,0,0,0,60,0,0,0,0,ST FRANCIS,0,0,0,0,14,3,0,48.8,14,68.2,0,299,7,0,0,0,118.8,3,0,0,0,0,0,59.2
151272,Nathaniel Frye,S,0,0,,0,0,,ST FRANCIS,0,D32,11,9,0,0,1,2025,0,,0,0,62,0,0,5,0,0,0,60,0,0,0,0,ST FRANCIS,0,0,0,0,,1,,63,,71,0,299,11,0,0,0,0,6,0,0,1,0,0,
151295,Eddie Bierals,DI,0,0,,0,1,,ST FRANCIS,3,D98,0,0,0,33,1,2025,57,58.2,0,0,60,1,0,0,21,0,0,66,0,2,0,0,ST FRANCIS,2,0,3,0,,0,16.7,65.1,,76.4,0,299,57,0,31,0,0,24,0,2,0,0,5,60
151297,Kesean Dyson,LB,0,0,,0,0,,MAINE,4,D33,39,32,0,3,1,2025,2,82,0,0,65.6,0,0,13,0,0,0,76.1,0,0,0,0,MAINE,2,0,0,0,,7,0,72.6,,75.7,0,212,41,0,0,0,0,25,0,2,0,0,2,55.7
151310,Gregory Reddick,S,4,0,,0,2,75,N ALABAMA,5,D09,58,33,0,2,1,2025,0,60.4,17,3,80.9,0,0,35,0,0,0,53,0,0,0,0,N ALABAMA,2,0,0,0,7,7,20,74.3,5.7,75.4,0,389,58,7,0,1,82.3,21,0,3,18,0,0,58.8
151592,Jamarius Brown,S,1,0,,0,0,0,SOUTHERN U,3,D08,27,8,0,1,1,2025,0,81,0,0,80.1,0,1,14,0,0,0,76.9,2,0,0,0,SOUTHERN U,1,0,0,0,,4,0,82.1,,73.4,0,297,27,0,0,0,0,12,0,0,13,0,0,59.7
151693,Damon Banks,DI,0,0,,0,0,,MERCYHURST,3,D04,0,0,0,10,1,2025,38,74.6,0,0,,0,0,0,0,14,0,71.2,0,0,0,0,MERCYHURST,3,0,0,0,,0,0,70,,76,0,977,38,0,24,0,0,28,2,1,0,0,0,57.8
151706,Darren Cook,DI,0,0,,0,1,,DELWARE ST,0,D94,1,0,0,26,1,2026,41,22.1,0,0,59.7,0,0,1,0,15,1,68.5,0,0,0,0,DELWARE ST,0,0,0,0,,0,100,63.3,,76.2,0,152,42,0,26,0,0,15,0,0,0,0,0,55.9
151791,Brandon Williams,S,1,0,,0,2,100,MS VLY ST,4,D03,51,24,0,1,1,2025,1,36.7,-1,1,71.7,0,0,22,0,0,0,50,0,0,0,0,MS VLY ST,2,0,0,0,-1,13,33.3,63.1,-1,75.9,0,228,52,3,0,0,79.2,29,2,0,14,0,1,59.1
152175,Bryce McIntosh,CB,1,0,,0,0,0,SCAR STATE,0,D17,3,0,0,0,1,2025,0,,0,0,51.5,0,0,2,0,0,0,60,3,0,0,0,SCAR STATE,0,0,0,0,,0,,47.4,,66.9,0,290,3,0,0,0,39.6,1,0,0,0,0,0,
152248,Kamren Amao,CB,2,0,,0,0,50,PRVIEW A&M,0,D33,20,1,0,0,1,2026,0,,5,1,74.6,0,0,18,0,0,0,60,19,0,0,0,PRVIEW A&M,0,0,0,0,5,0,,75.2,5,73,0,270,20,0,0,1,56.3,2,0,0,0,0,0,
152274,Victor Idusuyi II,DI,0,0,,0,0,,STF AUSTIN,0,D99,0,0,0,18,1,2026,22,,0,0,,0,0,0,2,12,0,65.8,0,0,0,0,STF AUSTIN,0,0,0,0,,0,,67.4,,75.2,0,301,22,0,8,0,0,4,0,0,0,0,0,62.8
152349,Donta Stuart,S,2,0,,0,0,50,TARLETON,5,D11,67,26,0,0,1,2025,0,83,2,1,78.5,0,0,42,0,0,1,77.5,1,0,0,0,TARLETON,3,0,0,0,2,15,0,80.8,2,75.7,0,401,67,7,0,1,56.3,25,0,0,25,0,0,
153073,Evan Rutkowski,LB,2,0,,0,2,100,TOWSON,0,D04,24,14,0,5,1,2026,10,19.2,5,2,59.2,0,0,20,0,0,0,49.5,1,0,0,0,TOWSON,0,0,0,0,9,9,100,54.9,2.5,75,0,317,34,10,0,0,79.2,9,0,0,0,0,10,57.7
153265,Michael Akins,ED,0,0,,0,2,,TEXAS STHN,3,D09,0,0,1,16,1,2026,37,30,0,0,,1,0,0,1,3,0,58.5,0,0,0,0,TEXAS STHN,4,0,2,0,,0,33.3,61.1,,78.9,0,313,37,0,2,0,0,21,0,1,0,0,31,62.9
153267,Atravon Bossier,DI,0,0,,0,1,,NWSTATE,0,D50,0,0,0,1,1,2026,8,22.1,0,0,,0,0,0,0,8,0,34.2,0,0,0,0,NWSTATE,0,0,0,0,,0,100,30.1,,72.5,0,257,8,0,0,0,0,7,0,0,0,0,0,60
153276,Calvin Henderson,S,3,0,,0,0,66.7,GRAMBLING,4,D05,37,11,0,0,1,2025,2,81.2,60,2,51.4,0,0,18,0,0,0,69.9,0,0,0,0,GRAMBLING,0,0,0,0,49,7,0,58.5,30,76.9,0,177,39,17,0,0,149.3,21,0,1,19,1,2,
153295,Rodrick Dorsey,DI,0,0,,0,0,,HAMPTON,0,D95,0,0,1,13,1,2025,27,70.1,0,0,,0,0,0,0,10,0,59.5,0,0,0,0,HAMPTON,0,0,1,0,,0,,61.9,,75.5,0,178,27,0,17,0,0,14,0,0,0,0,0,62.7
153316,Rashawn Washington,DI,0,0,,0,0,,SCAR STATE,0,D44,0,0,0,13,1,2027,24,70.2,0,0,,1,0,0,0,2,1,68.8,0,0,0,0,SCAR STATE,0,0,1,1,,0,0,69.2,,74.6,0,290,24,0,22,0,0,11,0,1,0,0,0,62.3
153404,Rodney Patterson,CB,3,0,,0,1,66.7,MORGAN ST,1,D14,39,0,0,2,1,2025,0,28,33,2,48.6,0,0,20,0,0,0,57.1,0,0,0,0,MORGAN ST,0,0,0,0,18,39,50,48.8,16.5,79.9,0,235,39,15,0,0,103.5,17,0,0,0,0,0,56.7
153406,Jadon Carter,CB,0,0,,0,1,,MORGAN ST,8,D08,42,2,0,0,1,2026,0,66.6,0,0,74,0,0,19,0,0,0,49.3,37,0,0,0,MORGAN ST,1,0,0,0,,3,11.1,68.9,,75.3,0,235,42,0,0,0,0,23,0,0,0,0,0,
153468,Kimo Hiu,S,0,0,,0,1,,CHARLES SO,0,D19,15,2,0,1,1,2025,0,20.7,0,0,63.8,0,0,9,0,0,0,51.4,0,0,0,0,CHARLES SO,0,0,0,0,,2,100,55.2,,71.7,0,135,15,0,0,0,0,5,0,0,11,0,0,59.6
153946,Rico Dozier,LB,1,0,,0,1,100,ALABAMA ST,4,D00,50,42,0,10,1,2025,5,69.6,2,1,74.8,0,0,26,0,0,0,66.8,0,1,1,0,ALABAMA ST,2,0,1,0,2,8,12.5,71.7,2,75.9,0,105,55,3,1,0,79.2,19,0,3,0,0,4,52.9
153970,Isaiah Greene,CB,4,0,,0,0,25,CAMPBELL,1,D13,14,2,0,0,1,2025,0,74.2,7,1,73.3,0,0,9,0,0,0,60.3,12,0,0,0,CAMPBELL,0,0,0,0,7,0,0,73.4,7,71.2,0,131,14,0,0,1,39.6,5,0,0,0,0,0,
153976,Jonathan Cabral-Martin,S,2,0,,0,0,0,N IOWA,4,D08,56,9,0,1,1,2026,0,79.5,0,0,56.6,0,0,31,0,0,0,65.8,41,0,1,0,N IOWA,0,1,0,0,,6,0,58.2,,75.7,0,255,56,0,0,0,39.6,24,0,0,0,0,0,59.3
153982,Harold Miles III,LB,0,0,,0,0,,RHODE ISLD,2,D10,12,10,0,0,1,2025,0,77.7,0,0,62.5,0,0,7,0,0,0,72.4,0,0,0,0,RHODE ISLD,2,0,0,0,,2,0,71.4,,71.7,0,274,12,0,0,0,0,5,0,0,0,0,0,
153996,Cameron Franklin,S,3,0,,0,0,33.3,PRVIEW A&M,3,D13,36,6,0,0,1,2027,0,80.5,21,1,65.7,0,0,23,0,0,0,73.1,0,0,0,0,PRVIEW A&M,0,0,0,0,21,8,0,69.7,21,76.7,0,270,36,0,0,1,98.6,13,0,1,22,1,0,
154019,Adonis Davis,LB,0,0,,0,0,,SCAR STATE,2,D38,15,9,0,0,1,2026,0,79.8,0,0,62.8,0,0,6,0,0,0,73.2,0,0,0,0,SCAR STATE,1,0,0,0,,6,0,70.8,,70.9,0,290,15,0,0,0,0,9,0,0,0,0,0,
154027,Octaveon Minter,DI,0,0,,0,0,,SCAR STATE,0,D98,0,0,0,4,1,2025,7,70.2,0,0,,0,0,0,0,1,0,62.9,0,0,0,0,SCAR STATE,0,0,0,0,,0,0,62.6,,70.9,0,290,7,0,6,0,0,3,0,1,0,0,0,57.9
154187,Frank Caldwell,ED,0,0,,0,1,,LNDNWD,0,D08,0,0,0,32,1,2025,43,23.9,0,0,,3,0,0,0,0,0,51.8,0,0,0,0,LNDNWD,0,0,3,0,,0,100,56.9,,79.1,0,949,43,0,3,0,0,11,0,0,0,0,40,60.5
154204,Robert Giaimo,HB,0,0,,0,0,,LNDNWD,0,21,1,0,0,0,1,2027,0,,0,0,,0,0,0,0,0,0,60,0,0,0,0,LNDNWD,0,0,0,0,,0,,60,,60,0,949,1,0,0,0,0,1,0,0,0,0,0,
154215,Jackson Hetzel,LB,0,0,,0,0,,LNDNWD,0,D40,1,0,0,0,1,2027,0,,0,0,,0,0,0,0,0,0,60,0,0,0,0,LNDNWD,0,0,0,0,,0,,60,,60,0,949,1,0,0,0,0,1,0,0,0,0,0,
154229,Kobe McClendon,ED,0,0,,1,0,,LNDNWD,3,D04,0,0,0,46,1,2026,61,75.5,0,0,91.4,2,0,0,13,0,0,61.9,0,1,0,0,LNDNWD,2,0,3,0,,0,0,87.7,,79,0,949,61,0,1,0,0,15,0,0,0,0,47,63.1
154239,Jayden Patrick,CB,5,0,,0,1,80,LNDNWD,3,D07,64,3,0,0,1,2026,0,47.1,33,4,71.8,0,0,49,0,0,0,65.6,58,0,1,0,LNDNWD,1,0,0,0,19,2,25,69.6,8.3,0,0,949,64,20,0,1,94.2,15,0,0,0,0,0,
154261,Branden Stearman,LB,2,0,,0,1,50,MOREHEAD,3,D50,35,31,1,5,1,2026,3,61.5,9,1,52,1,0,19,0,0,0,77.4,0,0,0,0,MOREHEAD,4,0,2,0,9,4,20,60.8,9,73.4,0,234,38,13,0,0,62.5,14,0,1,0,0,3,53.7
154263,Jacob Swihart,G,0,0,,0,0,,LNDNWD,0,71,1,0,0,0,1,2025,0,,0,0,,0,0,0,0,0,0,60,0,0,0,0,LNDNWD,0,0,0,0,,0,,60,,60,0,949,1,0,0,0,0,1,0,0,0,0,0,
154439,Robert Carter Jr.,CB,4,0,2026,0,1,50,ROB MORRIS,3,D03,50,3,0,1,1,2026,2,45.3,11,2,74.1,0,1,28,0,0,0,74.3,37,0,0,0,ROB MORRIS,3,0,0,0,6,9,25,76,5.5,77.8,0,277,52,10,0,1,16.7,23,1,0,1,0,2,60
154606,Xavier Toliver,S,6,0,,0,2,50,HOUCHR,1,D17,55,6,0,0,1,2026,0,29.6,116,3,31.6,0,0,29,0,0,0,52.2,0,0,0,0,HOUCHR,0,0,0,0,96,9,50,35,38.7,78,0,183,55,55,0,0,135.4,26,0,1,40,2,0,
154609,Leisaan Hibbert,S,2,0,,0,0,0,LIUSHAR,2,D12,29,14,0,0,1,2026,0,80.9,0,0,59.3,0,0,15,0,0,0,72,0,0,0,0,LIUSHAR,0,0,0,0,,3,0,65.5,,73.6,0,1298,29,0,0,0,39.6,14,0,2,12,0,0,
154679,Carson Griffin,ED,0,0,,0,0,,MERCER,0,D49,0,0,0,9,1,2025,13,,0,0,,0,0,0,0,0,0,60.9,0,0,0,0,MERCER,0,0,0,0,,0,,56.6,,73.7,0,219,13,0,0,0,0,4,0,0,0,0,13,54.6
154742,Terrance Hollon,LB,0,0,,0,1,,HOWARD,2,D08,44,44,0,4,1,2025,5,55.3,0,0,64.1,1,0,13,0,0,0,64.4,0,0,0,0,HOWARD,2,0,1,0,,0,16.7,65.2,,74.6,0,184,49,0,0,0,0,32,0,3,0,0,5,57.6
154746,Robert Jones III,CB,4,0,,0,0,100,HOWARD,5,D01,50,4,0,0,1,2025,0,81.1,54,4,49.4,0,0,18,0,0,0,66.7,44,0,0,0,HOWARD,1,0,0,0,17,2,0,53.3,13.5,75.8,0,184,50,7,0,0,118.8,32,1,0,0,0,0,
154747,Jabari Knighten,CB,1,0,,0,0,0,HOWARD,1,D13,41,0,0,0,1,2025,0,76.6,0,0,68.2,0,0,18,0,0,0,66.2,41,0,0,0,HOWARD,0,0,0,0,,0,0,69.1,,75.7,0,184,41,0,0,0,39.6,23,0,1,0,0,0,
154749,Emerson Martin III,DI,0,0,,0,0,,HOWARD,0,D90,0,0,0,3,1,2029,17,,0,0,,0,0,0,0,9,0,65.3,0,0,0,0,HOWARD,0,0,0,0,,0,,65.6,,74.3,0,184,17,0,8,0,0,14,0,0,0,0,0,59.3
154754,Xavier Robiou,S,0,0,,0,0,,HOWARD,1,D12,35,14,0,1,1,2025,0,81.2,0,0,68.4,0,0,15,0,0,0,58.4,0,0,0,0,HOWARD,1,0,0,0,,5,0,65.5,,74.8,0,184,35,0,0,0,0,19,0,3,16,0,0,60
154755,Jamel Stewart,DI,0,0,,0,0,,HOWARD,1,D10,0,0,1,14,1,2025,36,72.2,0,0,,0,0,0,0,1,0,63.2,0,0,0,0,HOWARD,1,0,1,0,,0,0,65.3,,75,0,184,36,0,35,0,0,22,0,0,0,0,0,64.2
154792,Rufus Toe,ED,0,0,,0,0,,HOUCHR,2,D32,0,0,0,12,1,2027,22,74,0,0,,1,0,0,7,0,0,74.5,0,1,1,0,HOUCHR,1,0,2,0,,0,0,64.8,,0,0,183,22,0,12,0,0,10,0,1,0,0,3,60.3
155200,Les Odimara,CB,1,0,,0,1,0,TARLETON,0,D03,2,0,0,0,1,2026,0,21.7,0,0,60,0,0,1,0,0,0,56.9,2,0,0,0,TARLETON,0,0,0,0,,0,100,65.7,,65.6,0,401,2,0,0,1,39.6,1,0,0,0,0,0,
155265,Jaylen Jackson,CB,0,0,,0,1,,TARLETON,0,D07,8,1,0,0,1,2026,1,19.3,0,0,62.4,0,0,3,0,0,0,46.8,6,0,0,0,TARLETON,0,0,0,0,,1,100,52.7,,71.3,0,401,9,0,0,0,0,6,0,0,0,0,1,
155297,Xavier Kately,S,1,0,,0,0,0,TEXAS STHN,4,D41,58,17,0,0,1,2027,0,83.8,0,0,75.2,0,0,21,0,0,0,75.1,1,0,0,0,TEXAS STHN,2,0,0,0,,3,0,77.3,,75.7,0,313,58,0,0,1,39.6,37,0,3,37,0,0,
155298,Canary Simmons,S,1,0,,0,2,0,TEXAS STHN,6,D03,57,23,0,0,1,2025,1,51.6,0,0,58.8,0,0,21,0,0,0,59.7,0,0,0,0,TEXAS STHN,1,0,0,0,,14,22.2,59.3,,76,0,313,58,0,0,0,39.6,37,0,1,20,0,1,
155365,Mason Armstead,S,6,0,,0,1,100,PRINCETON,7,D17,37,10,0,0,1,2025,0,67.6,84,6,52.1,0,0,23,0,0,0,64.8,0,0,0,0,PRINCETON,2,0,0,0,30,19,11.1,54.3,14,75.5,0,272,37,31,0,0,118.8,14,0,1,8,0,0,
155376,Jackson Ford,LB,1,0,,0,0,100,PRINCETON,1,D35,12,11,1,4,1,2025,1,78.6,8,1,65.6,0,0,5,0,0,0,66.7,0,0,0,0,PRINCETON,2,0,1,0,8,1,0,74.6,8,72.6,0,272,13,7,0,0,100,4,0,2,0,0,1,68.5
155383,Carson Irons,LB,0,0,,0,0,,PRINCETON,0,D51,7,7,0,0,1,2025,2,,0,0,60,0,0,1,0,0,0,69.8,0,0,0,0,PRINCETON,0,0,0,0,,0,,71.4,,72.7,0,272,9,0,0,0,0,8,0,0,0,0,2,
155384,Ryan Ives,DI,0,0,,0,0,,PRINCETON,0,D67,0,0,0,17,1,2025,26,70.2,0,0,,0,0,0,6,0,0,65.4,0,0,0,0,PRINCETON,0,0,0,0,,0,0,60.6,,73.9,0,272,26,0,18,0,0,9,0,1,0,0,2,54.8
155387,Samy Lamothe,S,0,0,,0,0,,PRINCETON,0,D29,1,0,0,0,1,2026,0,,0,0,60,0,0,1,0,0,0,,0,0,0,0,PRINCETON,0,0,0,0,,1,,60.1,,65.9,0,272,1,0,0,0,0,0,0,0,0,0,0,
155393,Jalen Newman,CB,2,0,,0,0,100,PRINCETON,0,D22,28,5,0,0,1,2026,0,,58,2,48.4,0,0,19,0,0,0,61.4,23,0,0,0,PRINCETON,0,0,0,0,39,0,,49.7,29,73.5,0,272,28,0,0,0,158.3,9,0,0,0,2,0,
155400,Lance Reaves-Hicks,DI,0,0,,0,0,,PRINCETON,0,D57,0,0,0,4,1,2025,9,,0,0,,1,0,0,0,8,0,49.1,0,0,0,0,PRINCETON,0,0,1,0,,0,,54,,72.3,0,272,9,0,1,0,0,5,0,0,0,0,0,68.9
155402,Dyami Rios,ED,0,0,,0,0,,PRINCETON,0,D34,0,0,0,2,1,2025,10,73,0,0,,0,0,0,1,0,0,63.4,0,0,0,0,PRINCETON,0,0,0,0,,0,0,63.1,,73.8,0,272,10,0,0,0,0,8,0,1,0,0,9,58.2
155404,Nicholas Sanker,ED,0,0,,0,0,,PRINCETON,0,D08,1,1,0,7,1,2025,19,,0,0,61,0,0,3,0,0,0,50.9,0,0,0,0,PRINCETON,0,0,0,0,,0,,51.5,,76.9,0,272,20,0,1,0,0,10,0,0,0,0,18,55.2
155409,Payton Tally,S,2,0,,0,0,0,PRINCETON,0,D20,15,2,0,3,1,2026,6,72.2,0,0,75,0,1,7,0,0,0,41.1,0,0,0,0,PRINCETON,0,0,0,0,,13,0,61.3,,76.7,0,272,21,0,0,0,0,11,0,1,0,0,6,58
155410,Collin Taylor,ED,0,0,,0,0,,PRINCETON,0,D95,0,0,0,21,1,2025,33,73.4,0,0,,0,0,0,4,0,0,68,0,0,0,0,PRINCETON,0,0,0,0,,0,0,61.1,,75.7,0,272,33,0,10,0,0,12,0,2,0,0,19,53.4
155506,Nathan Kibambe,S,0,0,,0,0,,ELON,0,D23,2,1,0,0,1,2026,1,,0,0,,0,0,0,0,0,0,60,0,0,0,0,ELON,0,0,0,0,,1,,60.3,,67.7,0,162,3,0,0,0,0,3,0,0,0,0,1,
155519,Ricky Rich,LB,0,0,,0,1,,SO UTAH,1,D43,14,14,0,0,1,2026,0,26.5,0,0,52.3,0,0,9,0,0,0,78,0,0,0,0,SO UTAH,1,0,0,0,,0,50,70.4,,72.7,0,298,14,0,0,0,0,5,0,0,0,0,0,60
155535,Dennis Shorter,S,4,0,,1,1,50,S DAKOTA,9,D02,69,26,0,0,1,2025,1,75.2,13,2,87,0,0,34,0,0,0,81.1,0,0,1,0,S DAKOTA,3,0,0,0,7,1,7.7,84.2,6.5,0,0,291,70,6,0,2,57.3,36,0,3,42,0,1,
155541,Jeremiah Harris II,LB,3,0,,0,0,100,PRVIEW A&M,1,D07,24,14,0,2,1,2026,2,73.2,11,3,60.8,0,0,20,0,0,0,66.2,0,0,0,0,PRVIEW A&M,1,0,0,0,7,10,0,63.2,3.7,76.5,0,270,26,9,0,0,81.9,4,0,0,0,0,2,58.5
155756,Ty Davis,LB,1,0,,0,1,0,DELAWARE,5,D01,53,30,1,10,1,2026,11,73.4,0,0,68.8,1,0,27,0,0,0,64.4,0,0,0,1,DELAWARE,3,0,2,0,,19,12.5,70.1,,78.5,0,151,64,0,0,1,39.6,27,0,2,4,0,11,66.8
155769,Omar Emmons,S,1,0,,0,1,0,TARLETON,0,D04,19,6,0,0,1,2027,0,22.2,0,0,42.3,0,0,19,0,0,0,,0,0,1,0,TARLETON,0,0,0,0,,0,100,43.6,,72,0,401,19,0,0,0,39.6,0,0,0,13,0,0,
155827,Blake Smith,S,0,0,,0,0,,TARLETON,4,D09,53,23,0,1,1,2026,1,82.6,0,0,68.7,0,0,25,0,0,0,77.6,1,1,1,0,TARLETON,1,0,1,0,,9,0,69.7,,0,0,401,54,0,0,0,0,28,1,1,20,0,1,59.7
155835,Justin Smith,S,0,0,,0,1,,WAGNER,1,D00,7,2,0,0,1,2025,0,29.1,0,0,60,0,0,1,0,0,0,52,0,0,0,0,WAGNER,0,0,0,0,,0,50,53.5,,70.3,0,338,7,0,0,0,0,6,0,0,5,0,0,
155849,Tyrik Daniels,ED,0,0,,0,0,,N ALABAMA,3,D45,0,0,0,24,1,2026,41,75,0,0,,0,0,0,21,0,0,75.1,0,0,0,0,N ALABAMA,3,0,0,0,,0,0,68.5,,76.1,0,389,41,0,1,0,0,17,1,0,0,0,19,57.2
155855,Chris Victor,ED,0,0,,1,2,,CHATTNOOGA,2,D96,0,0,2,15,1,2026,32,52.9,0,0,60,3,0,0,0,0,0,64.1,0,0,0,0,CHATTNOOGA,2,0,5,0,,0,33.3,81.4,,78.7,0,137,32,0,0,0,0,17,0,2,0,0,32,84.4
155863,Luke Jakubauskas,ED,0,0,,0,0,,WAGNER,0,D04,2,0,0,6,1,2026,16,,0,0,61.3,0,0,2,0,0,0,61.3,0,0,0,0,WAGNER,0,0,0,0,,2,,60.6,,76.9,0,338,18,0,0,0,0,10,0,0,0,0,16,56
155866,Zae Smith,DI,0,0,,0,0,,HOUCHR,1,D60,0,0,0,19,1,2026,44,69.7,0,0,,1,0,0,0,26,0,68.8,0,0,0,0,HOUCHR,1,0,1,0,,0,0,72,,77.7,0,183,44,0,18,0,0,25,0,0,0,0,0,68.6
155871,Joshua Randall,ED,0,0,,0,0,,SE LA,0,D44,0,0,0,4,1,2026,10,,0,0,,0,0,0,0,0,0,65.9,0,0,0,0,SE LA,0,0,0,0,,0,,63.1,,72.8,0,294,10,0,0,0,0,6,0,0,0,0,10,55.2
155872,Nigel Brown,DI,0,0,,0,0,,PRESBYTERN,1,D33,0,0,1,21,1,2025,30,72.2,0,0,59.3,0,0,1,5,0,0,76.4,0,1,0,0,PRESBYTERN,2,0,2,0,,0,0,81.9,,74.6,0,271,30,0,24,0,0,8,0,0,0,0,1,77.4
155894,Brandon Tolvert,DI,0,0,,0,0,,TARLETON,2,D26,0,0,1,18,1,2026,36,75.5,0,0,,0,0,0,9,1,0,93.6,0,0,0,0,TARLETON,3,0,1,0,,0,0,91,,75.2,0,401,36,0,26,0,0,18,1,1,0,0,0,60.5
155900,Marvin Smith,S,4,0,,0,2,100,ALAB A&M,8,D12,49,12,1,4,1,2026,10,62.2,43,4,63.6,0,0,18,0,0,0,74.5,0,0,0,0,ALAB A&M,6,0,1,0,20,37,18.2,70.7,10.8,78.6,0,104,59,36,0,0,111.5,37,2,1,0,0,10,66.9
155913,Adrian Lacy,LB,1,0,,0,1,100,PRVIEW A&M,4,D54,32,25,0,4,1,2025,2,50.8,19,1,55.9,0,0,23,0,0,0,63.8,0,0,0,0,PRVIEW A&M,0,0,0,0,19,7,20,57.5,19,74.8,0,270,34,2,0,0,118.8,7,0,0,0,0,2,57.4
155916,Malakai Fakahua,LB,3,0,,0,1,100,UTAHTC,7,D36,50,47,0,6,1,2025,2,74.4,20,3,55.3,2,0,12,0,0,0,67.7,0,0,0,0,UTAHTC,4,0,2,0,10,3,9.1,61.3,6.7,75.4,0,1285,52,4,0,0,94.4,34,0,3,0,0,2,53.3
156046,Sean Artiss,S,0,0,,0,1,,SCAR STATE,1,D37,21,16,0,0,1,2026,0,39.7,0,0,63.4,0,0,7,0,0,0,54.8,0,0,0,0,SCAR STATE,0,0,0,0,,4,33.3,59.4,,73.4,0,290,21,0,0,0,0,14,0,1,1,0,0,
156179,Corey Yeoman,LB,1,0,,0,1,0,HAMPTON,0,D09,50,50,1,13,1,2027,2,31.6,0,0,56.2,1,0,18,0,0,0,59.8,0,1,0,0,HAMPTON,0,0,3,0,,0,50,61.8,,77,0,178,52,0,0,0,39.6,21,0,1,0,0,2,67.6
156180,Sam Martin Jr.,S,0,0,,0,2,,WAGNER,2,D02,36,24,0,0,1,2027,0,36.8,0,0,52.4,0,0,22,0,0,0,45.6,0,0,0,0,WAGNER,0,0,0,0,,3,50,48.5,,75.1,0,338,36,0,0,0,0,14,0,0,9,0,0,
156502,Rashad Rochelle,WR,0,0,2026,0,0,,INDIANA ST,0,08,1,0,0,0,1,2026,0,,0,0,,0,0,0,0,0,0,60,0,0,0,0,INDIANA ST,0,0,0,0,,0,,60,,60,0,191,1,0,0,0,0,1,0,0,0,0,0,
156508,Q'yaeir Price,ED,0,0,,0,0,,DELAWARE,0,D00,1,1,0,11,1,2028,14,71.3,0,0,,3,0,0,3,0,0,62.2,0,0,0,0,DELAWARE,0,0,3,0,,0,0,75,,74.6,0,151,15,0,0,0,0,4,0,1,0,0,11,73.8
156532,Kareem Wilson Jr.,DI,0,0,,0,0,,RHODE ISLD,0,D96,0,0,1,15,1,2027,23,72.2,0,0,,2,0,0,4,0,0,66.7,0,0,0,0,RHODE ISLD,1,0,3,0,,0,,77.7,,74.5,0,274,23,0,13,0,0,8,0,0,0,0,6,75.2
156538,Larry Preston,CB,0,0,,0,0,,MURRAY ST,0,D02,9,1,0,0,1,2026,0,,0,0,62.4,0,0,3,0,0,0,60.2,8,0,0,0,MURRAY ST,0,0,0,0,,0,,63.6,,69.8,0,236,9,0,0,0,0,6,0,0,0,0,0,
156572,Kobe Byrd,CB,1,0,,0,0,100,MS VLY ST,0,D19,7,0,0,0,1,2026,0,,33,1,45.7,0,0,2,0,0,0,60,6,0,0,0,MS VLY ST,0,0,0,0,33,1,,41.8,33,70.1,0,228,7,7,0,0,158.3,5,0,0,0,1,0,
156631,Codey Martin,CB,4,0,,0,2,75,LAMAR,3,D07,53,6,0,0,1,2026,0,33.1,23,3,64.3,0,0,33,0,0,0,71.6,44,0,0,0,LAMAR,2,0,0,0,18,3,33.3,66.9,7.7,76,0,204,53,21,0,0,88.5,20,0,1,0,0,0,
156640,Dareon Goodrum,DI,0,0,,0,1,,MURRAY ST,3,D44,0,0,0,14,1,2026,37,53.4,0,0,61.9,0,0,0,4,2,0,69.1,0,0,0,0,MURRAY ST,3,0,0,0,,0,16.7,71.8,,75.2,0,236,37,0,31,0,0,23,1,2,0,0,0,61
156648,Maximus Pulley,S,0,0,2026,0,2,,WOFFORD,4,D02,56,14,0,1,1,2026,1,36.2,0,0,64.4,0,0,26,0,0,0,60.2,0,0,0,0,WOFFORD,1,0,0,0,,12,33.3,63.3,,78,0,350,57,0,0,0,0,30,1,0,30,0,1,59.2
156652,Kadan Lewis,DI,0,0,,0,0,,SE LA,1,D91,0,0,0,18,1,2029,25,69.7,0,0,,0,0,0,0,0,0,57.5,0,0,0,0,SE LA,1,0,0,0,,0,0,54.3,,73.8,0,294,25,0,25,0,0,7,0,0,0,0,0,54.2
156655,Ammo Robinson,CB,2,0,,0,0,50,PRVIEW A&M,3,D06,41,2,0,0,1,2027,0,77.9,3,1,77.1,0,0,28,0,0,0,72.7,35,0,0,0,PRVIEW A&M,2,0,0,0,3,4,0,79,3,75.8,0,270,41,0,0,1,56.3,13,0,0,0,0,0,
156662,Ashtin Rustemeyer,DI,0,0,,0,0,,LNDNWD,2,D91,0,0,0,41,1,2027,54,72.4,0,0,,4,0,0,0,20,0,72.9,0,0,0,0,LNDNWD,2,0,4,0,,0,0,76.1,,77,0,949,54,0,34,0,0,13,1,0,0,0,0,70.6
156680,Corey Warren,DI,0,0,,0,0,,SAMFORD,2,D44,1,1,0,8,1,2027,23,74.8,0,0,,0,0,0,3,2,0,72.3,0,1,0,0,SAMFORD,2,0,1,0,,0,0,72.5,,74.5,0,282,24,0,14,0,0,16,0,1,0,0,4,61.7
156683,David Portu,ED,0,0,,0,0,,CHARLES SO,2,D93,1,1,0,13,1,2027,27,75.9,0,0,,2,0,0,9,0,0,62.6,0,0,0,0,CHARLES SO,2,0,2,0,,0,0,66.2,,75,0,135,28,0,6,0,0,15,0,1,0,0,12,66.1
156766,Tristan Driggers,LB,3,0,,0,1,100,MCNEESE,3,D01,60,58,0,8,1,2025,5,61.2,6,3,64.6,0,0,27,0,0,0,68.2,0,0,0,0,MCNEESE,3,0,0,0,11,2,20,66.3,2,77.4,0,217,65,6,0,0,79.2,30,1,1,0,0,5,53.4
156813,Dainsus Miller,CB,6,0,,0,1,66.7,MERCER,3,D11,64,0,0,0,1,2026,0,53.9,110,4,56.5,0,0,49,0,0,0,53.2,64,0,0,0,MERCER,1,0,0,0,45,0,20,55.7,27.5,77.2,0,219,64,18,0,0,149.3,15,0,1,0,1,0,
156815,Jackson Marshall,LB,6,0,,0,1,66.7,GARD-WEBB,6,D11,74,71,0,9,1,2030,4,71,70,4,52.7,3,1,47,0,0,0,73.2,0,0,0,0,GARD-WEBB,4,0,3,0,37,3,11.1,60.5,17.5,78.2,0,171,78,45,0,0,106.3,22,1,2,0,1,4,61.7
156834,Alhaji Kamara,CB,0,0,,0,0,,MAINE,1,D01,5,0,0,0,1,2026,0,74.2,0,0,63.5,0,0,2,0,0,0,60,5,0,0,0,MAINE,0,0,0,0,,0,0,64.6,,68.7,0,212,5,0,0,0,0,3,0,0,0,0,0,
156835,Keshawn Lynch,ED,0,0,,0,1,,NORFOLK,3,D90,0,0,0,13,1,2026,41,42.5,0,0,60,1,0,1,0,0,0,61.5,0,0,0,0,NORFOLK,3,0,1,0,,0,20,61.7,,77.9,0,244,41,0,0,0,0,27,0,1,0,0,41,59.1
156872,Blake Matthews,LB,0,0,,0,0,,DELAWARE,1,D10,4,2,0,0,1,2027,0,75.1,0,0,60.6,0,0,2,0,0,0,62.8,0,0,0,0,DELAWARE,0,0,0,0,,2,0,64.5,,65.8,0,151,4,0,0,0,0,2,0,0,0,0,0,
157172,L.J. Hewitt,CB,0,0,,0,0,,CENT ARK,0,D00,52,2,0,0,1,2026,0,,0,0,68.9,0,0,33,0,0,0,64.2,49,0,1,0,CENT ARK,0,0,0,0,,1,,66,,0,0,132,52,0,0,0,0,19,0,0,0,0,0,
157274,Terian Williams II,S,0,0,,0,1,,BUCKNELL,2,D09,41,14,0,0,1,2027,0,55.6,0,0,80.6,0,0,12,0,0,0,59.9,0,0,0,0,BUCKNELL,1,0,0,0,,2,20,71.7,,75.2,0,125,41,0,0,1,0,29,1,2,25,0,0,
157392,Jordan Norwood,LB,0,0,,0,0,,INCAR WORD,0,D30,1,0,0,1,1,2027,0,,0,0,,0,0,0,0,0,0,,0,0,0,0,INCAR WORD,0,0,0,0,,0,,60,,60,0,189,1,0,0,0,0,0,0,0,0,0,0,60
157429,Isaiah Perez,DI,0,0,,0,0,,E WASHGTON,1,D50,0,0,0,18,1,2027,51,71.3,0,0,,2,0,0,2,24,0,66.4,0,1,0,0,E WASHGTON,1,0,3,0,,0,0,70.1,,78.4,0,161,51,0,25,0,0,33,1,1,0,0,0,69.2
157517,Tyler Mullins,S,4,0,,0,0,100,TENN MARTN,3,D27,43,12,0,1,1,2025,0,79.7,46,4,58.4,1,0,36,0,0,0,60,0,0,0,0,TENN MARTN,0,0,1,0,25,4,0,61.2,11.5,76,0,310,43,2,0,0,154.2,6,0,0,27,1,0,67.3
157547,Omari Philyaw,S,3,0,,0,0,66.7,TENN TECH,2,D16,25,6,0,0,1,2028,0,82.5,7,2,76.6,0,1,15,0,0,0,71.6,0,0,0,0,TENN TECH,1,0,0,0,5,7,0,78.6,3.5,74.6,0,309,25,1,0,0,30.6,10,0,2,12,0,0,
157648,Kyree Moyston,ED,0,0,,0,0,,NORFOLK,0,D06,0,0,0,3,1,2027,3,,0,0,,1,0,0,0,0,0,,0,0,0,0,NORFOLK,0,0,1,0,,0,,65.8,,68.9,0,244,3,0,0,0,0,0,0,0,0,0,3,65.2
157661,Cam Johnson,CB,0,0,,0,0,,STNY BROOK,2,D16,32,3,0,0,1,2027,0,76.6,0,0,67.8,0,0,16,0,0,0,63.4,29,0,1,0,STNY BROOK,0,1,0,0,,0,0,63.2,,0,0,303,32,0,0,0,0,16,0,0,0,0,0,
157710,Jason Oliver,CB,3,0,,0,0,100,SACRAMENTO,1,D12,36,0,0,0,1,2028,0,73.5,68,3,48.4,0,0,18,0,0,0,62.9,35,0,0,0,SACRAMENTO,0,0,0,0,42,0,0,50.2,22.7,75.1,0,279,36,17,0,0,158.3,18,0,0,0,1,0,
157722,Dylan Dixson,CB,4,0,,0,0,25,MO STATE,1,D09,17,0,0,1,1,2027,1,72.5,18,1,64.8,0,0,14,0,0,0,60,1,0,0,0,MO STATE,0,0,0,0,18,16,0,64.7,18,76,0,230,18,0,0,0,85.4,3,0,0,0,1,1,59.1
158001,Warren Peeples,ED,0,0,2025,0,2,,SE LA,1,D45,0,0,1,17,1,2025,34,25.5,0,0,61.6,2,0,4,2,0,0,64.4,0,0,1,0,SE LA,2,1,3,0,,0,66.7,61.5,,0,0,294,34,0,0,0,0,13,0,0,0,0,32,65
158017,Nico Pate,ED,0,0,,0,0,,DUQUESNE,2,D27,0,0,0,10,1,2027,23,73.9,0,0,60,0,0,1,3,0,0,68.6,0,1,0,0,DUQUESNE,2,0,1,0,,0,0,67.8,,74.9,0,155,23,0,0,0,0,12,0,0,0,0,20,60.3
158019,Mason Moore,S,1,0,,0,0,0,LEHIGH,3,D16,44,5,0,0,1,2028,0,81.5,0,0,69.8,0,0,28,0,0,0,62.2,0,0,0,0,LEHIGH,1,0,0,0,,3,0,69.5,,78.4,0,205,44,0,0,0,39.6,16,0,1,36,0,0,
158367,Ky Tayo,DI,0,0,,0,0,,CHATTNOOGA,1,D55,0,0,0,3,1,2027,7,69.7,0,0,,0,0,0,0,0,0,62.6,0,0,0,0,CHATTNOOGA,0,0,0,0,,0,0,62.7,,70.4,0,137,7,0,7,0,0,4,0,0,0,0,0,58.7
158377,Chase Carter,DI,0,0,,0,0,,INCAR WORD,2,D08,0,0,0,22,1,2027,32,73.2,0,0,68.4,2,0,0,1,6,0,61.9,0,0,0,0,INCAR WORD,1,0,2,0,,0,0,71,,75.2,0,189,32,0,25,0,0,10,0,1,0,0,0,65.7
158579,Jayden Davis,S,2,0,,0,1,50,IDAHO ST,2,D09,58,34,0,0,1,2026,0,54.6,8,1,61.7,0,0,33,0,0,0,64.4,1,0,0,0,IDAHO ST,1,0,0,0,8,14,25,63,8,77,0,186,58,10,0,0,60.4,25,0,1,9,0,0,
158637,Nathan Voorhis,ED,0,0,2026,0,1,,BRYANT,1,D44,0,0,1,14,1,2026,47,28.8,0,0,,1,0,0,2,0,0,60.9,0,0,0,0,BRYANT,2,0,2,0,,0,50,64.5,,79.2,0,124,47,0,1,0,0,33,1,0,0,0,44,66.3
158702,A'Khoury Lyde,CB,2,0,,0,0,100,DELAWARE,2,D04,28,3,0,1,1,2027,0,77,25,2,54.8,0,0,14,0,0,0,61.6,24,0,0,0,DELAWARE,1,0,0,0,15,1,0,55.2,12.5,73.4,0,151,28,9,0,0,118.8,13,0,0,0,0,0,58.7
158947,Justis La'ulu,DI,0,0,,0,0,,E WASHGTON,0,D90,0,0,0,16,1,2027,26,70.2,0,0,,0,0,0,0,17,0,61.9,0,0,0,0,E WASHGTON,0,0,0,0,,0,0,59.6,,76.8,0,161,26,0,9,0,0,10,0,2,0,0,0,56.4
158952,Myles Mayovsky,LB,0,0,,0,1,,E WASHGTON,3,D41,30,29,0,1,1,2027,1,57.9,0,0,65.3,0,0,14,0,0,0,63.2,0,0,0,1,E WASHGTON,3,0,0,0,,0,14.3,69.4,,74.7,0,161,31,0,0,0,0,16,1,3,1,0,1,60
158986,Mitchel Jaskowiak,ED,0,0,,0,0,,IDAHO,0,D45,0,0,0,0,1,2027,6,,0,0,,0,0,0,0,0,0,55.2,0,0,0,0,IDAHO,0,0,0,0,,0,,53.9,,71.3,0,185,6,0,0,0,0,6,0,0,0,0,6,
158988,Xavier Slayton,ED,0,0,,0,0,,IDAHO,2,D51,0,0,0,8,1,2027,23,75.2,0,0,,0,0,0,0,0,0,61.7,0,0,0,0,IDAHO,0,0,0,0,,0,0,60.5,,75.6,0,185,23,0,0,0,0,15,0,1,0,0,23,56.7
158995,Junior Damuni,S,0,0,,0,1,,IDAHO ST,2,D11,9,2,0,0,1,2027,1,65.8,0,0,69.3,0,0,6,0,0,0,59.9,0,0,0,0,IDAHO ST,0,0,0,0,,1,20,67.6,,72,0,186,10,0,0,0,0,4,0,2,6,0,1,
159002,Jareb Ramos,DI,0,0,,0,0,,MONTANA,0,D90,0,0,0,15,1,2027,26,70.1,0,0,,0,0,0,0,20,0,39.5,0,0,0,1,MONTANA,0,0,0,0,,0,0,49.8,,75.9,0,232,26,0,6,0,0,11,0,1,0,0,0,67.7
159006,Tyson Rostad,S,3,0,,0,1,0,MONTANA,0,D32,7,4,0,0,1,2026,1,27.9,0,0,91.5,0,0,4,0,0,0,58.5,0,0,0,0,MONTANA,0,0,0,0,,1,100,91.9,,70.3,0,232,8,0,0,2,39.6,4,0,0,2,0,1,
159022,Warren-Stevens Tayou,DI,0,0,,0,0,,W GEORGIA,2,D95,0,0,0,15,1,2027,33,72.4,0,0,,1,0,0,2,0,0,65.3,0,0,0,0,W GEORGIA,2,0,1,0,,0,0,65,,74.8,0,1177,33,0,31,0,0,18,0,0,0,0,0,60
159031,Ezra Ekuban,ED,0,0,,0,0,,N COLORADO,1,D03,6,5,0,7,1,2027,13,72.2,0,0,62,0,0,3,2,0,0,49.6,0,0,0,0,N COLORADO,1,0,0,0,,1,0,56.4,,76.7,0,253,19,0,0,0,0,9,0,0,0,0,11,63.9
159032,Aliou-Rocco Traore,S,2,0,,0,0,50,N COLORADO,2,D04,21,2,0,0,1,2027,0,80,2,1,62.1,0,0,8,0,0,0,70.5,2,0,0,0,N COLORADO,0,0,0,0,2,13,0,66.7,2,74.3,0,253,21,0,0,0,95.8,13,0,1,4,1,0,
159035,LaDavion Osborn,CB,6,0,,0,3,50,N COLORADO,4,D07,62,6,0,0,1,2028,0,41,17,3,70.3,0,0,30,0,0,0,49,51,0,1,0,N COLORADO,1,1,0,0,9,4,37.5,65.4,5.7,76.3,0,253,62,8,0,1,95.8,32,1,1,1,1,0,
159037,Franky Morales,S,9,0,,0,2,66.7,N COLORADO,5,D06,61,14,0,0,1,2027,0,52.9,63,6,45.6,0,0,29,0,0,0,66.7,10,0,0,0,N COLORADO,3,0,0,0,35,28,25,51.3,10.5,76.9,0,253,61,29,0,1,86.8,32,0,1,9,0,0,
159093,Shane Thrift,CB,3,0,,0,0,66.7,DELWARE ST,4,D04,27,2,0,0,1,2026,0,79.6,27,2,67.8,0,0,16,0,0,0,45.6,25,0,0,0,DELWARE ST,0,0,0,0,19,0,0,63.1,13.5,73.8,0,152,27,15,0,1,95.1,11,0,0,0,0,0,
159105,Chuck Nnaeto,DI,0,0,,0,0,,ELON,2,D95,0,0,0,15,1,2027,40,72.4,0,0,,1,0,0,0,0,0,57.2,0,0,0,0,ELON,2,0,1,0,,0,0,63.3,,75.7,0,162,40,0,40,0,0,25,0,0,0,0,0,71.6
159108,Cazeem Moore,ED,0,0,,0,1,,ELON,6,D07,0,0,0,24,1,2027,51,63.4,0,0,,4,0,0,8,0,0,54.9,0,0,0,0,ELON,6,0,4,0,,0,12.5,58.5,,78.5,0,162,51,0,0,0,0,27,2,1,0,0,43,62.5
159109,Dillon Pardue,ED,0,0,,0,0,,ELON,5,D42,0,0,0,6,1,2027,22,76.9,0,0,61.1,0,0,0,13,0,0,66.9,0,0,0,0,ELON,5,0,0,0,,0,0,71,,74.7,0,162,22,0,0,0,0,16,0,0,0,0,9,56.6
159114,Ethan Grace,ED,0,0,,0,0,,ELON,2,D13,0,0,0,2,1,2027,9,73.6,0,0,,0,0,0,4,0,0,53.2,0,1,0,0,ELON,1,0,1,0,,0,0,52,,72,0,162,9,0,0,0,0,7,1,0,0,0,5,58.9
159115,Marco Patierno,LB,1,0,,0,0,100,ELON,0,D03,5,5,0,0,1,2027,0,,2,1,55,0,0,2,0,0,0,62.2,0,0,0,0,ELON,0,0,0,0,2,0,,41.1,2,69.1,0,162,5,7,0,0,79.2,3,0,0,0,0,0,
159117,Ishmel Atkins,S,2,0,,0,0,100,ELON,2,D32,52,28,0,4,1,2027,5,77.1,21,2,54.8,1,0,19,0,0,0,54,0,0,0,0,ELON,0,0,1,0,12,24,0,53,10.5,74.8,0,162,57,12,0,0,110.4,34,0,1,0,0,5,55.5
159118,Jesse Powell II,LB,0,0,,0,0,,ELON,2,D26,26,17,0,0,1,2027,2,78.5,0,0,58.4,0,0,12,0,0,0,64.8,0,0,0,0,ELON,1,0,0,0,,9,0,61.5,,73.9,0,162,28,0,0,0,0,16,0,1,0,0,2,
159140,Nicolas Kalume,ED,0,0,,0,0,,MAINE,0,D99,0,0,0,1,1,2027,2,,0,0,,0,0,0,1,0,0,60,0,0,0,0,MAINE,0,0,0,0,,0,,61.2,,66.9,0,212,2,0,0,0,0,1,0,0,0,0,1,60
159144,Jamaree Gibson,CB,7,0,,0,0,57.1,MAINE,5,D27,58,25,0,0,1,2027,0,81.4,57,4,48.4,0,0,26,0,0,0,63.8,32,0,0,0,MAINE,0,0,0,0,31,1,0,52.7,14.3,73.6,0,212,58,9,0,0,83.6,32,0,1,0,0,0,
159146,Daniel Gutin,LB,0,0,,0,0,,MONMOUTH,0,D47,0,0,0,0,1,2025,2,,0,0,,0,0,0,0,0,0,60,0,0,0,0,MONMOUTH,0,0,0,0,,0,,61.9,,68.3,0,231,2,0,0,0,0,2,0,0,0,0,2,
159149,Brendan Bigos,DI,0,0,,0,0,,MONMOUTH,0,D90,0,0,0,9,1,2027,17,,0,0,62.4,0,0,0,0,3,0,60,0,0,0,0,MONMOUTH,0,0,0,0,,0,,73.2,,73.8,0,231,17,0,14,1,0,8,0,0,0,0,0,63.2
159167,Cameron Garner-Young,DI,0,0,,0,0,,NEW HAMP,0,D09,0,0,0,4,1,2028,10,,0,0,,0,0,0,0,0,0,64.6,0,0,0,0,NEW HAMP,0,0,0,0,,0,,64,,71.2,0,240,10,0,10,0,0,6,0,0,0,0,0,57.9
159180,Trae Tomlinson,CB,3,0,,0,0,33.3,RICHMOND,1,D20,30,0,0,0,1,2026,0,74.2,26,1,68.8,0,0,17,0,0,0,61.9,30,0,0,0,RICHMOND,0,0,0,0,26,0,0,69.1,26,74.9,0,276,30,1,0,1,66,13,0,0,0,0,0,
159181,Jordan Allen,S,3,0,,0,1,33.3,RICHMOND,4,D27,49,15,0,0,1,2027,0,56.4,6,1,77.7,0,0,26,0,0,0,72.1,1,0,0,0,RICHMOND,3,0,0,0,6,2,20,78.3,6,77.2,0,276,49,0,0,1,42.4,23,1,0,31,0,0,
159184,Zach Chambers,LB,1,0,,0,1,100,RICHMOND,3,D41,19,17,0,0,1,2027,0,42.8,12,1,52.6,0,0,8,0,0,0,65,0,0,0,0,RICHMOND,3,0,0,0,12,2,25,58.4,12,70.8,0,276,19,0,0,0,156.3,11,0,0,0,1,0,
159186,Camden Byrd,ED,0,0,,0,0,,RICHMOND,4,D96,0,0,1,16,1,2027,34,76.8,0,0,63.6,1,0,2,0,0,0,54.1,0,0,0,0,RICHMOND,3,0,2,0,,0,0,68.4,,76.5,0,276,34,0,0,0,0,16,0,0,0,0,34,68.6
159203,Anthony Delle Donne,ED,0,0,,0,0,,TOWSON,0,D96,0,0,0,0,1,2026,1,,0,0,,0,0,0,1,0,0,60,0,0,0,0,TOWSON,0,0,0,0,,0,,62,,63.6,0,317,1,0,0,0,0,1,0,0,0,0,0,
159208,Onaje Lewis,LB,0,0,,0,0,,TOWSON,0,D57,5,5,0,0,1,2026,2,,0,0,61.4,0,0,3,0,0,0,60.5,0,0,0,0,TOWSON,0,0,0,0,,0,,62.9,,68,0,317,7,0,0,0,0,4,0,0,0,0,2,
159216,RJ Chapman,CB,0,0,,0,0,,MERRIMACK,0,D20,1,0,0,0,1,2027,0,,0,0,,0,0,0,0,0,0,60,0,0,0,0,MERRIMACK,0,0,0,0,,0,,60,,64.7,0,385,1,0,0,0,0,1,0,0,1,0,0,
159233,Desmond Cook,LB,0,0,,0,0,,WM & MARY,0,D32,2,2,0,0,1,2027,0,,0,0,,0,0,0,0,0,0,60,0,0,0,0,WM & MARY,0,0,0,0,,0,,60,,66.3,0,348,2,0,0,0,0,2,0,0,0,0,0,
159239,Christian Hamm,ED,0,0,,0,0,,WM & MARY,2,D56,0,0,0,7,1,2027,20,75.7,0,0,60,0,0,0,0,0,0,66.2,0,0,0,0,WM & MARY,0,0,0,0,,0,0,65.2,,76.8,0,348,20,0,0,0,0,13,0,0,0,0,20,56.4
159240,Ryan Wozniak,DI,0,0,,0,0,,WM & MARY,0,D93,0,0,0,3,1,2027,4,,0,0,,0,0,0,0,2,0,60,0,0,0,0,WM & MARY,0,0,0,0,,0,,61.5,,69.1,0,348,4,0,2,0,0,1,0,0,0,0,0,59
159264,Jack Smiechowski,LB,4,0,,0,1,75,COLUMBIA,3,D15,43,13,0,1,1,2026,1,52.4,3,3,72.7,0,0,15,0,0,0,70.4,0,0,0,0,COLUMBIA,1,0,0,0,4,30,20,74.1,1,75.6,0,145,44,6,0,1,77.1,28,1,1,0,0,1,60
159265,Joshua Powell,ED,0,0,,0,0,,COLUMBIA,1,D13,0,0,0,4,1,2026,26,71.1,0,0,,1,0,0,0,0,0,53.3,0,0,0,0,COLUMBIA,0,0,1,0,,0,0,56.4,,77,0,145,26,0,0,0,0,22,0,0,0,0,26,65.9
159267,Ayden Baker,ED,0,0,,0,1,,COLUMBIA,1,D14,0,0,0,1,1,2026,8,24.1,0,0,,0,0,0,3,0,0,48.1,0,0,0,0,COLUMBIA,0,0,0,0,,0,50,45.8,,71.2,0,145,8,0,1,0,0,7,0,0,0,0,4,60
159286,Joey Cheshire,LB,6,0,,0,1,83.3,CORNELL,6,D14,91,81,0,4,1,2027,1,71,33,5,70.3,0,0,47,0,0,0,49.1,0,0,0,0,CORNELL,2,0,0,0,18,10,7.1,61.4,6.6,79,0,147,92,37,0,0,89.6,41,1,7,0,0,1,55.7
159288,Jeremiah Lewis,S,7,0,,0,2,42.9,CORNELL,3,D10,88,40,0,0,1,2027,1,50.5,18,3,77.1,0,0,48,0,0,0,61,0,0,0,0,CORNELL,1,0,0,0,9,23,28.6,74.2,6,79.7,0,147,89,3,0,2,50.3,41,0,2,25,0,1,
159289,Ben Sahakian,ED,0,0,,0,0,,CORNELL,0,D21,1,0,0,8,1,2027,11,,0,0,60,1,0,1,0,0,0,60,1,0,0,0,CORNELL,0,0,1,0,,0,,61.7,,75.2,0,147,12,0,0,0,0,3,0,0,0,0,11,60.2
159290,James Reinbold,ED,0,0,,0,0,,CORNELL,2,D32,6,6,0,20,1,2027,42,77,0,0,61.7,1,0,4,0,0,0,70.4,0,0,0,0,CORNELL,1,0,1,0,,0,0,66,,79.3,0,147,48,0,0,0,0,24,0,1,0,0,42,55.1
159297,Declan Ochendowski,ED,0,0,,0,0,,CORNELL,1,D92,0,0,0,16,1,2026,31,73.5,0,0,60,0,0,0,20,0,0,55,0,0,0,0,CORNELL,1,0,0,0,,0,0,54.5,,73.9,0,147,31,0,7,0,0,15,0,1,0,0,4,55.3
159301,Sean Williams,S,2,0,,0,2,100,DARTMOUTH,4,D09,79,25,0,0,1,2026,0,36.8,31,2,63.3,0,0,53,0,0,0,58.2,0,0,0,0,DARTMOUTH,1,0,0,0,16,24,33.3,62.5,15.5,77.1,0,148,79,2,0,0,118.8,26,0,0,30,0,0,
159307,Tyson Grimm,S,4,0,,0,2,25,DARTMOUTH,6,D13,65,40,0,7,1,2027,5,54.7,11,1,77.6,0,1,37,0,0,0,48.2,3,0,0,0,DARTMOUTH,2,0,0,0,11,18,22.2,67,11,74.7,0,148,70,10,0,1,0,26,1,1,4,0,5,57.4
159308,Dakota Quiñonez,DI,0,0,,0,0,,DARTMOUTH,0,D99,0,0,0,7,1,2027,10,,0,0,,0,0,0,1,0,0,61,0,0,0,0,DARTMOUTH,0,0,0,0,,0,,59.9,,71.3,0,148,10,0,8,0,0,3,0,0,0,0,1,57.6
159310,Zyion Brown,LB,1,0,,0,0,0,DARTMOUTH,2,D40,21,19,0,1,1,2027,0,76,0,0,66.7,0,0,16,0,0,0,46.9,0,0,0,0,DARTMOUTH,2,0,0,0,,2,0,59.8,,71.4,0,148,21,0,0,0,39.6,4,0,0,0,0,0,60
159316,Patrick Campbell,CB,10,0,,0,1,60,DARTMOUTH,7,D05,61,1,0,0,1,2027,0,64.6,61,6,59.5,0,0,47,0,0,0,75.1,58,0,1,0,DARTMOUTH,3,1,0,0,20,1,12.5,62.4,10.2,77,0,148,61,21,0,1,77.5,14,0,0,1,0,0,
159320,Joe Onuwabhagbe,DI,0,0,,0,0,,DARTMOUTH,0,D94,0,0,0,13,1,2027,13,,0,0,,1,0,0,2,0,0,,0,0,0,0,DARTMOUTH,0,0,1,0,,0,,68.5,,72.1,0,148,13,0,9,0,0,0,0,0,0,0,2,67.5
159329,Ty Bartrum,S,4,0,,0,0,50,HARVARD,6,D21,50,15,1,2,1,2027,1,86.7,19,2,76.9,0,1,27,0,0,0,76.4,1,0,0,0,HARVARD,3,0,1,0,15,5,0,80.6,9.5,77.2,0,179,51,0,0,1,24,22,0,3,29,0,1,69.5
159332,Xavier Agostino,DI,0,0,,0,0,,HARVARD,1,D99,0,0,0,3,1,2026,6,70.2,0,0,,0,0,0,1,0,0,62.5,0,0,0,0,HARVARD,0,0,0,0,,0,0,62.4,,69.8,0,179,6,0,5,0,0,3,0,0,0,0,0,58.5
159341,Alex DeGrieck,ED,0,0,,0,0,,HARVARD,0,D79,0,0,0,9,1,2027,17,,0,0,,0,0,0,5,0,0,65.6,0,0,0,0,HARVARD,0,0,0,0,,0,,61.6,,73.1,0,179,17,0,0,0,0,8,0,0,0,0,12,55.1
159343,Duke Bradley,S,0,0,,0,0,,HARVARD,0,D01,11,3,0,0,1,2027,0,,0,0,62.6,0,0,6,0,0,0,60,0,0,0,0,HARVARD,0,0,0,0,,0,,62.7,,72.4,0,179,11,0,0,0,0,5,0,0,8,0,0,
159344,Aj Lopez,CB,0,0,,0,0,,HARVARD,1,D27,10,0,0,0,1,2028,0,73.5,0,0,63.6,0,0,5,0,0,0,62.9,10,0,0,0,HARVARD,0,0,0,0,,0,0,65.7,,70.9,0,179,10,0,0,0,0,5,0,0,0,0,0,
159370,Micah Hauser,S,3,0,,0,1,100,INDIANA ST,7,D22,60,5,0,0,1,2026,0,78.5,27,3,70.7,0,0,32,0,0,0,57.3,0,0,0,0,INDIANA ST,2,0,0,0,22,3,10,66.7,9,77.1,0,191,60,7,0,0,104.2,28,0,2,52,0,0,
159380,Payton Edwards,CB,3,0,,0,0,100,YNGTOWN ST,3,D20,20,4,0,0,1,2026,0,78.2,33,3,51,0,0,10,0,0,0,54.3,16,0,1,0,YNGTOWN ST,0,1,0,0,15,0,0,49.4,11,71.8,0,353,20,1,0,0,112.5,10,0,0,0,0,0,
159382,Tony Roberts,CB,3,0,,1,0,33.3,INDIANA ST,2,D24,23,1,0,0,1,2026,0,76.6,8,1,78.3,0,0,15,0,0,1,93,21,0,0,0,INDIANA ST,1,0,0,0,8,1,0,90.7,8,73.2,0,191,23,0,0,1,42.4,8,0,0,0,0,0,
159383,Evan Reff,S,0,0,,0,0,,INDIANA ST,0,D21,6,0,0,0,1,2027,0,,0,0,62.7,0,0,4,0,0,0,60,0,0,0,0,INDIANA ST,0,0,0,0,,1,,50.2,,69.1,0,191,6,0,0,0,0,2,0,0,5,0,0,
159388,Kolten Gajewski,ED,0,0,,0,0,,INDIANA ST,1,D06,0,0,0,5,1,2027,11,73,0,0,,0,0,0,0,0,0,70.4,0,0,0,0,INDIANA ST,1,0,0,0,,0,0,69,,73.2,0,191,11,0,0,0,0,6,1,0,0,0,11,57
159393,DJ Griffith,LB,0,0,,0,0,,INDIANA ST,0,D15,1,0,0,0,1,2027,0,72.6,0,0,,0,0,0,0,0,0,60,0,0,0,0,INDIANA ST,0,0,0,0,,0,0,60,,60,0,191,1,0,0,0,0,1,0,1,0,0,0,
159395,Dallas Westhoff,LB,2,0,,0,1,100,INDIANA ST,5,D40,48,44,0,4,1,2027,0,62,15,2,55.7,1,0,19,0,0,0,47.9,0,0,1,0,INDIANA ST,3,0,1,0,17,4,12.5,46,7.5,0,0,191,48,5,0,0,97.9,25,1,2,0,0,0,65.7
159400,Jordan Jenkins,CB,2,0,,0,0,100,INDIANA ST,2,D09,52,6,0,0,1,2025,3,80.7,25,2,64.8,0,0,34,0,0,0,68.2,0,0,0,0,INDIANA ST,0,0,0,0,21,44,0,66.5,12.5,79,0,191,55,5,0,0,118.8,21,0,2,2,0,3,
159466,Luke Kelley,ED,0,0,,0,0,,LIUSHAR,1,D96,0,0,0,3,1,2026,6,70.8,0,0,,0,0,0,6,0,0,63.5,0,0,0,0,LIUSHAR,1,0,0,0,,0,0,62.6,,69.2,0,1298,6,0,0,0,0,3,0,0,0,0,0,57.4
159491,Mercury Swaim,LB,6,0,,0,1,83.3,ST FRANCIS,8,D02,65,51,0,4,1,2027,5,70.1,19,5,68.6,1,0,34,0,0,0,79.3,0,0,0,0,ST FRANCIS,5,0,1,0,19,14,9.1,75,3.8,76.8,0,299,70,42,0,1,79.9,32,2,2,0,0,5,57.5
159502,Carter Glassmyer,LB,1,0,,0,1,0,RICHMOND,3,D10,34,29,1,2,1,2027,0,53.8,0,0,64.4,1,0,17,0,0,0,72.1,0,0,0,0,RICHMOND,3,0,2,0,,5,20,72.8,,74,0,276,34,0,0,0,39.6,15,0,1,0,0,0,69.4
159506,Trey McLeer,S,2,0,,0,1,100,ST FRANCIS,7,D21,60,23,0,0,1,2027,0,68.4,26,2,60.1,0,0,34,0,0,0,61.8,0,0,0,0,ST FRANCIS,0,0,0,0,19,11,11.1,60.9,13,77.6,0,299,60,20,0,0,118.8,26,0,1,26,0,0,
159510,Shawn Phillips,DI,0,0,,0,0,,ST FRANCIS,0,D55,0,0,0,4,1,2028,4,,0,0,,1,0,0,2,0,0,,0,1,0,0,ST FRANCIS,0,0,2,0,,0,,68.4,,67.8,0,299,4,0,2,0,0,0,0,0,0,0,0,67.7
159512,Will Middleton,LB,2,0,,0,0,100,TOWSON,5,D03,52,40,0,4,1,2026,1,80.4,7,2,66.8,0,0,36,0,0,0,66.7,0,0,0,0,TOWSON,4,0,0,0,6,12,0,67.6,3.5,75.4,0,317,53,16,0,0,81.3,13,0,0,0,0,1,55.4
159513,Tyrell Ford,CB,0,0,,0,0,,ST FRANCIS,0,D24,23,2,0,0,1,2026,1,,0,0,65.4,0,0,12,0,0,0,61.6,21,0,0,0,ST FRANCIS,0,0,0,0,,0,,66.3,,73.9,0,299,24,0,0,0,0,12,0,0,0,0,1,
159516,Jayden Brown,CB,5,0,,0,0,20,WAGNER,5,D08,37,2,0,0,1,2026,0,80.7,2,1,71.8,0,0,20,0,0,0,65.6,33,0,0,0,WAGNER,3,0,0,0,2,2,0,72.4,2,75.2,0,338,37,3,0,0,39.6,17,0,0,0,0,0,
159524,Mo Vanderwiel,LB,0,0,,0,0,,SAN DIEGO,0,D56,1,0,0,0,1,2026,0,,0,0,60,0,0,1,0,0,0,,0,0,0,0,SAN DIEGO,0,0,0,0,,0,,62.6,,73.9,0,283,1,0,0,0,0,0,0,0,0,0,0,
159528,Nick Karika,DI,0,0,,0,0,,DELAWARE,0,D98,0,0,1,11,1,2026,26,72.4,0,0,,0,0,0,0,23,0,77.5,0,0,0,0,DELAWARE,1,0,1,0,,0,0,77.4,,76.1,0,151,26,0,3,0,0,15,0,1,0,0,0,63.8
159531,Terry Charles,DI,0,0,,0,0,,WAGNER,1,D55,0,0,0,0,1,2026,5,66.5,0,0,,0,0,0,0,3,0,56.2,0,0,0,0,WAGNER,0,0,0,0,,0,0,55.1,,71.7,0,338,5,0,2,0,0,5,0,0,0,0,0,
159534,Jorel Liverpool,ED,0,0,,0,0,,WAGNER,0,D05,0,0,0,17,1,2026,25,75.5,0,0,60.6,0,0,0,4,0,0,52.1,0,0,0,0,WAGNER,0,0,0,0,,0,0,55.8,,75.1,0,338,25,0,5,0,0,8,0,3,0,0,16,58.2
159542,Franklin Simms,DI,0,0,,0,1,,WAGNER,0,D99,2,2,0,16,1,2026,25,27.8,0,0,,0,0,0,5,0,0,58.4,0,0,0,0,WAGNER,0,0,0,0,,0,50,56.1,,74.7,0,338,27,0,17,0,0,11,0,1,0,0,3,55.4
159577,Sam Okeyo,LB,0,0,,0,0,,WAGNER,0,D11,5,5,0,0,1,2026,0,,0,0,,0,0,0,0,0,0,55.5,0,0,0,0,WAGNER,0,0,0,0,,0,,54,,68.1,0,338,5,0,0,0,0,5,0,0,0,0,0,
159585,Keon Freeman,LB,2,0,,0,2,50,ROB MORRIS,4,D52,50,46,0,3,1,2025,1,47.3,14,1,59.5,0,0,25,0,0,0,57.7,0,1,0,0,ROB MORRIS,1,0,1,0,14,4,25,57.9,14,75.5,0,277,51,13,0,0,72.9,23,0,2,0,0,1,56.6
159609,NiJhay Burt,CB,1,0,,0,3,0,E ILLINOIS,0,D03,44,8,0,2,1,2027,2,23.8,0,0,69.5,0,0,22,0,0,0,40.7,31,0,0,0,E ILLINOIS,0,0,0,0,,5,75,61.4,,75.5,0,158,46,0,0,1,39.6,22,0,1,0,0,2,58.7
159613,Cody Silzer,ED,0,0,,0,0,,E ILLINOIS,0,D96,0,0,0,1,1,2028,9,,0,0,,0,0,0,0,0,0,61.5,0,0,0,0,E ILLINOIS,0,0,0,0,,0,,62,,72.7,0,158,9,0,0,0,0,8,0,0,0,0,9,60
159625,Henry Pickens,CB,2,0,,0,0,0,DUQUESNE,0,D06,16,2,0,0,1,2028,0,,0,0,64.8,0,0,8,0,0,0,60.9,14,0,0,0,DUQUESNE,0,0,0,0,,0,,65.3,,72.3,0,155,16,0,0,0,39.6,8,0,0,0,0,0,
159632,Latrevion Thompson,ED,0,0,,0,0,,SE MO ST,1,D48,0,0,0,3,1,2027,7,73,0,0,,0,0,0,0,0,0,62.1,0,0,0,0,SE MO ST,1,0,0,0,,0,0,61.7,,72.7,0,293,7,0,0,0,0,4,0,0,0,0,7,58.1
159639,Nasim Cairo,DI,0,0,,0,1,,SE MO ST,1,D55,0,0,0,22,1,2028,44,35.7,0,0,,3,0,0,0,2,0,72.2,0,0,0,0,SE MO ST,1,0,3,0,,0,33.3,69.5,,76,0,293,44,0,41,0,0,22,0,1,0,0,1,59.6
159641,Aquarius Winston,S,0,0,,0,0,,SE MO ST,0,D27,1,0,0,0,1,2028,0,,0,0,,0,0,0,0,0,0,60,0,0,0,0,SE MO ST,0,0,0,0,,0,,60.2,,73.9,0,293,1,0,0,0,0,1,0,0,0,0,0,
159699,LaMarion Pierce,CB,11,0,,0,1,63.6,TENN MARTN,7,D18,72,0,0,2,1,2027,0,63.6,74,7,66,0,1,55,0,0,0,62.3,72,0,0,0,TENN MARTN,1,0,0,0,17,0,12.5,65.4,10.6,77.8,0,310,72,22,0,0,45.3,15,0,0,0,0,0,52.3
159707,Bryce Dailey,ED,0,0,,0,0,,TENN MARTN,0,D41,2,2,0,7,1,2027,7,,0,0,,0,0,0,1,0,0,60,0,1,0,0,TENN MARTN,0,0,1,0,,0,,62.3,,71.6,0,310,9,0,0,0,0,2,0,0,0,0,6,61.4
159709,Charles Perkins,DI,0,0,,0,0,,TENN MARTN,3,D30,0,0,0,27,1,2027,38,76.4,0,0,,2,0,0,29,0,0,72.8,0,0,0,0,TENN MARTN,2,0,2,0,,0,0,70.7,,74,0,310,38,0,7,0,0,11,1,1,0,0,2,62.6
159712,Joel Castleberry,S,3,0,,0,1,33.3,TENN MARTN,1,D20,29,7,0,1,1,2028,0,55.3,5,1,74.9,0,0,21,0,0,0,55.8,0,0,0,0,TENN MARTN,1,0,0,0,5,9,20,69.9,5,75.6,0,310,29,-1,0,0,42.4,7,0,3,13,0,0,57.7
159729,Roman Pearson,CB,5,0,,0,2,40,BUCKNELL,3,D05,64,10,0,1,1,2027,1,23.9,42,2,45,0,1,22,0,0,0,47.3,54,0,1,0,BUCKNELL,1,0,0,0,31,0,40,44.2,21,76,0,125,65,20,0,0,30.8,42,0,0,0,0,1,60
159734,Ashton Sempervive,ED,0,0,,0,0,,BUCKNELL,0,D76,0,0,0,1,1,2026,9,70.8,0,0,,0,0,0,5,0,0,66.6,0,0,0,0,BUCKNELL,0,0,0,0,,0,0,67.5,,71.5,0,125,9,0,3,0,0,8,0,1,0,0,1,59.8
159735,Daniel Sierk,ED,0,0,,0,0,,BUCKNELL,0,D92,0,0,0,2,1,2026,8,,0,0,,0,0,0,1,0,0,62,0,0,0,0,BUCKNELL,0,0,0,0,,0,,62.5,,70.6,0,125,8,0,4,0,0,6,0,0,0,0,3,59.7
159750,Dallas Holmes,TE,0,0,,0,0,,LAFAYETTE,0,09,1,0,0,0,1,2028,0,,0,0,60,0,0,1,0,0,0,,0,0,0,0,LAFAYETTE,0,0,0,0,,0,,60,,63.1,0,203,1,0,0,1,0,0,0,0,1,0,0,
159752,Jalen Edwards,CB,2,0,,0,1,50,LAFAYETTE,0,D02,18,2,0,0,1,2028,0,27.3,6,1,44.5,0,0,6,0,0,0,50.3,15,0,0,0,LAFAYETTE,0,0,0,0,6,1,100,42,6,72,0,203,18,2,0,0,95.8,12,0,0,0,1,0,
159755,Bryson Bright,LB,0,0,,0,1,,LAFAYETTE,0,D22,7,7,0,1,1,2026,1,20,0,0,60,0,0,1,0,0,0,46.5,0,0,0,0,LAFAYETTE,0,0,0,0,,0,100,45.5,,70.1,0,203,8,0,0,0,0,6,0,0,0,0,1,59.8
159756,Ian Langan,LB,1,0,,0,0,0,LAFAYETTE,1,D15,7,3,0,0,1,2028,1,75.1,0,0,61.2,0,0,2,0,0,0,63.7,0,0,0,0,LAFAYETTE,0,0,0,0,,4,0,65.1,,69.6,0,203,8,0,0,0,39.6,6,0,0,0,0,1,
159759,Tyree Morris,DI,0,0,,0,0,,LAFAYETTE,2,D09,2,2,0,21,1,2028,45,74.6,0,0,,1,0,0,17,1,0,74.1,0,0,0,0,LAFAYETTE,0,0,1,0,,0,0,74.3,,75.8,0,203,47,0,23,0,0,26,0,1,0,0,4,65.1
159774,Brycen Edwards,LB,1,0,,0,1,100,LEHIGH,6,D26,65,61,0,1,1,2027,0,65.3,4,1,73.1,0,0,44,0,0,0,77.6,0,0,0,0,LEHIGH,2,0,0,0,4,4,10,77.6,4,75.2,0,205,65,0,0,1,83.3,20,0,3,0,0,0,59.5
159776,Tyler Ochojski,ED,2,0,,0,1,50,LEHIGH,1,D08,2,2,0,30,1,2026,55,36.5,1,1,57.8,1,0,6,0,0,0,64.4,0,0,0,0,LEHIGH,1,0,1,0,1,0,50,62.7,1,81.1,0,205,57,4,0,0,56.3,21,0,0,0,0,55,60.8
159777,Nick Peltekian,S,3,0,,0,1,66.7,LEHIGH,2,D03,41,7,0,0,1,2027,0,49.3,23,2,64.4,0,0,26,0,0,0,68.4,0,0,0,0,LEHIGH,0,0,0,0,18,10,25,66.9,11.5,74.4,0,205,41,25,0,1,89.6,15,0,1,23,0,0,
159778,Jackson Dowd,S,1,0,,0,0,0,LEHIGH,2,D37,42,5,0,0,1,2027,0,77.7,0,0,67.5,0,0,25,0,0,0,60.6,0,0,0,0,LEHIGH,0,0,0,0,,37,0,66.7,,79.4,0,205,42,0,0,0,39.6,17,0,0,0,0,0,
159780,Jasuah Philemon,ED,0,0,,0,0,,LEHIGH,1,D58,0,0,0,9,1,2026,11,71.5,0,0,60,1,0,0,1,0,0,60,0,0,0,0,LEHIGH,1,0,1,0,,0,0,64.8,,73.1,0,205,11,0,0,0,0,2,0,0,0,0,10,62.4
159782,T.J. Burke,DI,0,0,,0,0,,LEHIGH,2,D00,0,0,0,31,1,2026,47,73,0,0,60,1,0,0,0,11,0,69.1,0,0,0,0,LEHIGH,2,0,1,0,,0,0,72.2,,76.8,0,205,47,0,36,0,0,16,0,1,0,0,0,67.3
159783,Matt Spatny,ED,0,0,,0,2,,LEHIGH,0,D11,0,0,2,28,1,2026,44,26.3,0,0,,2,0,0,0,0,0,56.8,0,0,0,0,LEHIGH,2,0,4,0,,0,100,61.8,,78.6,0,205,44,0,0,0,0,16,0,0,0,0,44,63.8
159784,Quentin Joyner,DI,0,0,,0,0,,LEHIGH,5,D98,0,0,0,24,1,2026,40,75.1,0,0,60,2,0,0,0,0,0,73.6,0,1,0,0,LEHIGH,4,0,3,0,,0,0,68.5,,75.2,0,205,40,0,40,0,0,16,1,0,0,0,0,55.9
159799,Jestin Gilmore,ED,0,0,,0,0,,CHATTNOOGA,0,D33,0,0,0,3,1,2027,6,,0,0,,0,0,0,0,0,0,60.8,0,0,0,0,CHATTNOOGA,0,0,0,0,,0,,59.4,,72.8,0,137,6,0,0,0,0,3,0,0,0,0,6,57.2
159800,Alex Mitchell,LB,3,0,,0,1,100,CHATTNOOGA,7,D02,36,35,0,0,1,2027,1,67.9,20,3,65,0,0,20,0,0,0,87.9,0,0,0,0,CHATTNOOGA,4,0,0,0,10,1,10,80.6,6.7,71.5,0,137,37,7,0,0,94.4,17,1,2,0,0,1,
159803,Montrell Henderson,DI,0,0,,0,0,,CHATTNOOGA,0,D91,0,0,0,6,1,2027,15,,0,0,,0,0,0,0,0,0,64.6,0,0,0,0,CHATTNOOGA,0,0,0,0,,0,,63.1,,72.4,0,137,15,0,15,0,0,9,0,0,0,0,0,57.1
159848,Chris Joines,S,3,0,,0,2,100,MERCER,5,D14,89,35,0,1,1,2028,0,58.2,68,3,57,0,0,67,0,0,0,66.3,1,0,1,0,MERCER,1,0,0,0,49,30,18.2,59.1,22.7,79.9,0,219,89,19,0,0,118.8,21,0,4,23,0,0,60
159850,Myles Weston,CB,3,0,,0,1,33.3,MERCER,1,D31,30,0,0,0,1,2027,0,28.1,19,1,45.7,0,0,21,0,0,0,45.3,28,0,2,0,MERCER,0,0,0,0,19,2,50,42.2,19,74.6,0,219,30,10,0,1,56.3,9,0,0,0,0,0,
159853,Christian Hanson,ED,0,0,,0,1,,MERCER,0,D42,0,0,0,7,1,2026,12,18.2,0,0,60.3,1,0,2,0,0,0,43,0,0,0,0,MERCER,0,0,1,0,,0,100,45.5,,74,0,219,12,0,0,0,0,3,0,0,0,0,12,62.4
159856,Arias Nash,DI,0,0,,0,1,,MERCER,1,D01,2,2,1,58,1,2027,75,35,0,0,60,4,0,1,1,19,0,72,0,0,1,2,MERCER,2,0,5,0,,0,50,75.4,,6.7,0,219,77,0,55,0,0,18,1,0,0,0,0,75.8
159857,Caden Camese,DI,0,0,,0,1,,MERCER,2,D99,0,0,1,44,1,2028,56,43.3,0,0,60,0,0,0,0,23,0,57.6,0,0,0,0,MERCER,3,0,1,0,,0,33.3,57.6,,79.2,0,219,56,0,33,0,0,12,0,0,0,0,0,56.9
159916,Tahseen Howard,CB,1,0,,0,0,100,ROB MORRIS,0,D14,10,1,0,0,1,2028,0,74.2,4,1,64.6,0,0,9,0,0,0,60,8,0,0,0,ROB MORRIS,0,0,0,0,4,1,0,64.9,4,71.1,0,277,10,0,0,0,83.3,1,0,1,0,0,0,
159952,Ken Moore Jr.,CB,1,0,,0,2,100,W CAROLINA,0,D00,19,1,0,1,1,2027,4,22.1,2,1,81.2,0,0,10,0,0,0,48.2,0,0,0,0,W CAROLINA,0,0,0,0,2,18,100,73.1,2,78.5,0,344,23,5,0,0,79.2,12,0,0,0,0,4,60
159958,Samaurie Dukes,S,4,0,,0,2,50,W CAROLINA,4,D03,46,31,0,1,1,2026,0,44.7,67,2,51.8,0,0,17,0,0,0,51.5,0,0,0,0,W CAROLINA,1,0,0,0,39,8,25,50.4,33.5,73.6,0,344,46,33,0,0,95.8,28,0,2,7,0,0,60
159961,Jordy Lowery,CB,3,0,,0,1,66.7,W CAROLINA,4,D16,62,5,0,2,1,2027,4,53.9,29,2,68.2,1,0,27,0,0,0,45.3,57,0,0,0,W CAROLINA,2,0,1,0,24,0,20,61.7,14.5,78.1,0,344,66,12,0,0,97.9,37,0,0,0,0,4,56.7
159962,Jhamari Pierre-Louis,S,0,0,,0,1,,W CAROLINA,2,D29,29,26,0,2,1,2027,1,59.3,0,0,63.7,0,0,7,0,0,0,61.9,0,0,1,0,W CAROLINA,1,0,0,0,,1,25,57.1,,0,0,344,30,0,0,0,0,21,0,1,2,0,1,59.1
159969,Antarron Turner,LB,1,0,,0,3,100,W CAROLINA,3,D18,43,38,1,4,1,2027,2,31,22,1,42.5,0,0,16,0,0,0,63.9,0,0,0,0,W CAROLINA,3,0,1,0,22,5,33.3,54.9,22,76.8,0,344,45,5,0,0,118.8,25,0,3,0,0,2,67.9
159970,Richard Garrett,ED,0,0,,0,0,,W CAROLINA,0,D30,0,0,0,1,1,2028,5,,0,0,,0,0,0,5,0,0,60.8,0,0,0,0,W CAROLINA,0,0,0,0,,0,,60.9,,69.3,0,344,5,0,0,0,0,4,0,0,0,0,0,59.4
159971,Hayward McQueen Jr.,LB,1,0,,0,3,100,W CAROLINA,7,D05,46,41,0,8,1,2026,1,38.3,2,1,82.1,2,0,15,0,0,0,67.8,0,0,0,0,W CAROLINA,6,0,2,0,2,5,27.3,77.8,2,75.7,0,344,47,6,0,1,79.2,24,2,1,0,0,1,61
159973,Brandon Smiley,DI,0,0,,0,1,,ELON,0,D92,0,0,0,14,1,2027,32,42.9,0,0,,2,0,0,1,0,0,73.1,0,0,0,0,ELON,0,0,2,0,,0,25,72.9,,74.3,0,162,32,0,31,0,0,18,0,3,0,0,0,62.8
159982,Blue Monroe,LB,0,0,,0,0,,W CAROLINA,5,D47,15,13,0,4,1,2027,3,81.5,0,0,60.4,0,0,2,0,0,0,74.3,0,0,0,0,W CAROLINA,4,0,0,0,,2,0,71,,73.6,0,344,18,0,0,0,0,12,1,1,0,0,3,54.3
160007,Javis Mynatt,S,1,0,,0,0,0,WOFFORD,1,D11,37,9,0,0,1,2027,0,76.2,0,0,66.3,0,0,16,0,0,0,56.4,0,0,0,0,WOFFORD,1,0,0,0,,12,0,63.4,,76.7,0,350,37,0,0,0,39.6,21,1,0,16,0,0,
160011,Jalen Marshall,LB,1,0,,0,0,100,WOFFORD,4,D06,59,39,0,2,1,2027,0,80.9,-6,1,74.9,0,0,25,0,0,0,77.1,1,0,0,0,WOFFORD,4,0,0,0,-6,18,0,78.2,-6,81.6,0,350,59,3,0,0,79.2,32,1,0,0,0,0,58.1
160012,David Powers,LB,3,0,,0,3,33.3,WOFFORD,2,D34,50,48,0,1,1,2026,0,25.7,8,1,76.1,0,0,21,0,0,0,43.6,0,0,0,0,WOFFORD,2,0,0,0,8,1,42.9,59.9,8,76.8,0,350,50,4,0,1,42.4,28,0,2,0,0,0,59.6
160013,Jon Schaffer,LB,0,0,,0,0,,WOFFORD,0,D40,1,1,0,0,1,2027,0,,0,0,,0,0,0,0,0,0,60,0,0,0,0,WOFFORD,0,0,0,0,,0,,60.4,,63.9,0,350,1,0,0,0,0,1,0,0,0,0,0,
160026,King Ambers,CB,0,0,,0,0,,TXAMEA,2,D08,31,9,0,0,1,2025,1,76.4,0,0,52.8,0,0,11,0,0,0,71.4,22,0,1,0,TXAMEA,2,0,0,0,,0,0,59.7,,73.8,0,1139,32,0,0,0,0,21,1,0,0,0,1,
160047,Micah Owens,DI,0,0,,0,0,,TXAMEA,0,D92,1,1,0,9,1,2026,15,,0,0,,0,0,0,1,1,0,63.1,0,0,0,0,TXAMEA,0,0,0,0,,0,,61.2,,72.5,0,1139,16,0,13,0,0,7,0,0,0,0,0,57.2
160073,Christian Shaw,CB,3,0,,0,0,66.7,TXAMEA,3,D01,38,13,0,0,1,2026,1,78.9,41,2,46.8,0,0,17,0,0,0,74.8,25,0,0,0,TXAMEA,2,0,0,0,27,0,0,56.5,20.5,73.7,0,1139,39,0,0,0,149.3,22,0,1,0,1,1,
160074,Caleb Sims,ED,0,0,,0,0,,TXAMEA,0,D97,0,0,1,7,1,2026,15,71.5,0,0,60,0,0,1,2,0,0,66.1,0,0,0,0,TXAMEA,1,0,1,0,,0,,69.3,,74.3,0,1139,15,0,0,0,0,7,0,0,0,0,13,64.9
160075,Kyree Anderson,LB,1,0,,0,1,0,TXAMEA,1,D06,33,33,0,5,1,2028,7,42.3,0,0,65,0,0,14,0,0,0,57.6,0,0,0,0,TXAMEA,0,0,0,0,,0,25,60.8,,75.9,0,1139,40,0,0,0,39.6,21,0,2,0,0,7,56.1
160079,Patrick Brown Jr.,DI,0,0,,0,0,,TXAMEA,1,D95,0,0,0,4,1,2026,9,70.2,0,0,,0,0,0,0,1,0,56.2,0,0,0,0,TXAMEA,1,0,0,0,,0,0,54.9,,71.1,0,1139,9,0,8,0,0,5,0,0,0,0,0,58.3
160080,Max Epps,S,3,0,,0,0,33.3,TXAMEA,3,D07,50,26,0,0,1,2025,3,83.8,13,1,67,0,1,25,0,0,0,69.1,0,0,0,0,TXAMEA,2,0,0,0,13,10,0,69,13,76.1,0,1139,53,5,0,0,8.3,28,0,3,14,0,3,
160081,Dorian Gates,ED,0,0,,0,0,,TXAMEA,0,D05,0,0,0,10,1,2028,17,,0,0,,0,0,0,2,0,0,61.9,0,0,0,0,TXAMEA,0,0,0,0,,0,,58.4,,74.1,0,1139,17,0,1,0,0,7,0,0,0,0,14,55.2
160086,Anthony Gray,DI,0,0,,0,0,,TXAMEA,0,D55,1,1,0,15,1,2029,32,70.2,0,0,,1,0,0,2,8,0,67.7,0,0,0,0,TXAMEA,0,0,1,0,,0,0,68.1,,76.6,0,1139,33,0,22,0,0,18,0,1,0,0,0,62.3
160087,Sean-Krystoff King,S,0,0,,0,0,,TXAMEA,0,D28,14,10,0,0,1,2026,0,,0,0,62.8,0,0,10,0,0,0,60.5,0,0,0,0,TXAMEA,0,0,0,0,,0,,63.6,,71.8,0,1139,14,0,0,0,0,4,0,0,4,0,0,
160093,Lavon Williams,S,0,0,,0,1,,TXAMEA,4,D02,43,28,1,1,1,2027,0,64.3,0,0,66.8,0,0,18,0,0,0,57.6,0,0,0,0,TXAMEA,1,0,1,0,,7,16.7,66.6,,74.2,0,1139,43,0,0,0,0,24,0,1,8,0,0,74.7
160101,Warren Robinson,ED,0,0,,0,0,,TXAMEA,2,D10,0,0,0,16,1,2026,38,73.9,0,0,60,1,0,1,1,0,0,67.7,0,0,1,0,TXAMEA,1,0,1,0,,0,0,61.8,,0,0,1139,38,0,1,0,0,21,0,0,0,0,36,62
160106,Jaden Rios,CB,0,0,,0,0,,TXAMEA,0,D09,24,1,0,0,1,2026,1,,0,0,66.1,0,0,15,0,0,0,61.4,23,0,0,0,TXAMEA,0,0,0,0,,0,,66.6,,74.3,0,1139,25,0,0,0,0,10,0,0,0,0,1,
160109,Brandon Tucker,LB,2,0,,0,1,100,TXAMEA,8,D04,49,46,0,7,1,2027,4,72.2,1,2,48.8,0,0,18,0,0,0,69.3,0,0,0,0,TXAMEA,4,0,0,0,6,3,7.1,58.9,0.5,74.8,0,1139,53,5,0,0,79.2,28,2,5,0,0,4,53.8
160113,Kendall Paul,CB,8,0,,0,1,87.5,TXAMEA,5,D03,48,11,0,2,1,2025,5,66.5,181,7,52.7,1,0,23,0,0,0,78.3,0,0,0,0,TXAMEA,4,0,1,0,80,37,11.1,62.9,25.9,78.9,0,1139,53,92,0,1,158.3,28,0,3,0,2,5,65.9
160125,KK Reno,LB,5,0,,0,1,60,SE LA,6,D00,64,57,0,0,1,2026,0,66.7,24,3,65.2,0,0,34,0,0,0,71.2,0,0,0,0,SE LA,2,0,0,0,13,7,10,69.7,8,75.5,0,294,64,13,0,0,72.1,30,0,3,0,0,0,
160126,Shemar Pearl,ED,0,0,,0,0,,SE LA,3,D42,0,0,0,22,1,2025,44,76.4,0,0,60,2,0,0,5,0,0,72.8,0,0,0,0,SE LA,2,0,2,0,,0,0,71.6,,78.6,0,294,44,0,0,0,0,22,0,0,0,0,39,62.6
160128,Rowan Briggs,ED,0,0,,0,0,,SE LA,0,D93,0,0,0,15,1,2026,21,70.8,0,0,60,0,0,1,5,0,0,74.9,0,0,0,0,SE LA,0,0,0,0,,0,0,67.1,,75.3,0,294,21,0,0,0,0,5,0,1,0,0,16,54.2
160130,Charles Hill,ED,0,0,,0,0,,SE LA,0,D99,0,0,0,11,1,2026,25,71.5,0,0,,0,0,0,0,0,0,65.4,0,0,0,0,SE LA,0,0,0,0,,0,0,63,,76.3,0,294,25,0,0,0,0,14,0,1,0,0,25,56.3
160131,Kaleb Proctor,DI,0,0,2026,0,0,,SE LA,4,D48,0,0,0,27,1,2026,53,74.3,0,0,60,1,0,0,2,2,0,66.9,0,0,0,0,SE LA,2,0,1,0,,0,0,65.1,,76.6,0,294,53,0,49,0,0,26,1,0,0,0,0,58.2
160196,Jake Held,S,0,0,,0,0,,MCNEESE,0,D39,4,1,0,0,1,2026,0,,0,0,61.9,0,0,4,0,0,0,,0,0,0,0,MCNEESE,0,0,0,0,,0,,61.6,,67.8,0,217,4,0,0,0,0,0,0,0,3,0,0,
160201,Phillip Bradford,ED,0,0,,0,0,,MCNEESE,1,D44,0,0,0,1,1,2028,6,71.1,0,0,,0,0,0,0,0,0,62,0,0,0,0,MCNEESE,0,0,0,0,,0,0,63.1,,70.8,0,217,6,0,1,0,0,5,0,0,0,0,5,60
160202,Sedric Applewhite,ED,0,0,,0,0,,MCNEESE,0,D45,0,0,0,1,1,2027,2,,0,0,,0,0,0,0,0,0,60,0,0,0,0,MCNEESE,0,0,0,0,,0,,59.8,,68.1,0,217,2,0,0,0,0,1,0,0,0,0,2,60
160203,Mase Lewis,ED,0,0,,0,2,,MCNEESE,1,D49,0,0,0,29,1,2027,43,22.3,0,0,,1,0,0,10,0,0,56.9,0,0,0,0,MCNEESE,0,0,1,0,,0,66.7,49.8,,78.2,0,217,43,0,0,0,0,14,0,0,0,0,33,48.3
160220,Patrick Marshall,S,0,0,,0,0,,GRAMBLING,1,D15,16,6,0,0,1,2026,1,73,0,0,65.4,0,0,10,0,0,0,62.9,0,0,0,0,GRAMBLING,1,0,0,0,,10,0,66.8,,73.4,0,177,17,0,0,0,0,7,0,0,0,0,1,
160230,Nay'Ron Jenkins,LB,3,0,,0,0,33.3,FL A&M,3,D45,41,37,0,2,1,2026,2,80.1,4,1,55.6,0,0,16,0,0,0,74.5,0,1,0,0,FL A&M,3,0,1,0,4,4,0,68.1,4,76.4,0,164,43,1,0,0,42.4,25,0,2,0,0,2,66.6
160235,Khalil Hunter,ED,0,0,,0,0,,FL A&M,0,D55,0,0,0,3,1,2027,5,,0,0,,0,0,0,0,0,0,60,0,0,0,0,FL A&M,0,0,0,0,,0,,63.4,,70.5,0,164,5,0,0,0,0,2,0,0,0,0,5,56.9
160255,Maurice LaPierre,ED,0,0,,0,0,,ALABAMA ST,1,D13,0,0,0,7,1,2026,12,74.4,0,0,60,1,0,0,0,0,0,63.7,0,1,0,0,ALABAMA ST,1,0,2,0,,0,0,66.9,,74,0,105,12,0,0,0,0,5,0,1,0,0,12,62.3
160262,Kanye Varner,ED,0,0,,0,0,,ALABAMA ST,0,D44,0,0,0,4,1,2026,7,,0,0,,0,0,0,1,0,0,56.3,0,0,1,0,ALABAMA ST,0,0,0,0,,0,,34.6,,0,0,105,7,0,0,0,0,3,0,0,0,0,6,57.8
160274,Pius Njenge,ED,0,0,,0,0,,GARD-WEBB,1,D43,0,0,0,21,1,2026,25,72.2,0,0,,3,0,0,1,0,0,60.2,0,0,0,0,GARD-WEBB,1,0,3,0,,0,0,57.6,,74.7,0,171,25,0,13,0,0,4,0,0,0,0,11,56.7
160334,Paul Hutson III,ED,0,0,,0,0,,CAMPBELL,1,D03,0,0,0,33,1,2027,52,76,0,0,,0,0,0,31,0,0,71.3,0,1,0,0,CAMPBELL,0,0,1,0,,0,0,63.1,,77.2,0,131,52,0,3,0,0,19,0,3,0,0,18,54.1
160355,Edric Weldon,S,0,0,,0,0,,CAMPBELL,1,D34,11,1,0,3,1,2027,11,75.1,0,0,63.9,0,0,9,0,0,0,67.5,0,0,0,0,CAMPBELL,1,0,0,0,,10,0,67,,78.3,0,131,22,0,0,0,0,10,0,0,0,0,11,58.3
160405,Christopher Abraham,DI,0,0,,0,0,,NC A&T,2,D96,0,0,0,4,1,2026,12,72.4,0,0,68,0,0,0,0,9,0,68.2,0,0,0,0,NC A&T,2,0,0,0,,0,0,75.1,,74.9,0,246,12,0,3,0,0,8,0,0,0,0,0,58.8
160415,Steven Davis II,S,4,0,,0,0,25,NC A&T,1,D19,14,0,0,0,1,2027,0,76.5,3,1,82.7,0,0,7,0,0,0,60.9,9,0,0,0,NC A&T,0,0,0,0,3,5,0,82.7,3,71.9,0,246,14,4,0,1,39.6,7,0,1,0,0,0,
160419,Jelani King-Leverett,ED,0,0,,0,0,,NC A&T,1,D92,0,0,0,1,1,2026,9,72.2,0,0,,0,0,0,1,0,0,62.1,0,0,0,0,NC A&T,0,0,0,0,,0,0,63,,73.6,0,246,9,0,0,0,0,8,0,0,0,0,8,60
160422,Jonathan Kimbrough-Campbell,S,0,0,,0,3,,NC A&T,5,D27,51,13,0,0,1,2027,0,41.3,0,0,67.8,0,0,22,0,0,0,49.1,0,0,0,0,NC A&T,0,0,0,0,,6,30,60.2,,76.9,0,246,51,0,0,0,0,29,0,2,32,0,0,
160425,Christopher Allen,DI,0,0,,0,0,,NC A&T,2,D58,0,0,0,16,1,2027,38,74.8,0,0,56.1,1,0,0,4,5,0,72.2,0,0,0,0,NC A&T,1,0,1,0,,0,0,61.4,,76.1,0,246,38,0,28,0,0,22,0,3,0,0,1,56.4
160429,Malich Jacobs,LB,0,0,,0,1,,NC A&T,1,D42,20,19,0,1,1,2025,0,26.5,0,0,62.5,0,0,6,0,0,0,55.6,0,0,0,0,NC A&T,0,0,0,0,,1,50,58.4,,71.3,0,246,20,0,0,0,0,13,0,0,0,0,0,60
160432,Tyshon Bullock,DI,0,0,,0,0,,NC A&T,0,D94,0,0,0,6,1,2026,12,,0,0,,0,0,0,1,1,0,54.7,0,0,0,0,NC A&T,0,0,0,0,,0,,53.3,,71.8,0,246,12,0,10,0,0,6,0,0,0,0,0,57.6
160433,Wesley Misenheimer,ED,0,0,,0,0,,NC A&T,0,D38,1,1,0,0,1,2026,0,,0,0,,0,0,0,0,0,0,60,0,0,0,0,NC A&T,0,0,0,0,,0,,60,,64,0,246,1,0,0,0,0,1,0,0,0,0,0,
160439,Turner Inge,LB,1,0,,0,1,100,VILLANOVA,1,D33,42,33,0,4,1,2028,11,45.3,9,1,56.5,0,0,13,0,0,0,56.1,0,0,0,0,VILLANOVA,1,0,0,0,9,9,25,55.2,9,77.3,0,334,53,13,0,0,104.2,36,0,2,0,0,11,57
160441,Mike Kennedy,DI,0,0,,0,0,,VILLANOVA,0,D55,0,0,0,3,1,2027,7,,0,0,,0,0,0,0,7,0,49.7,0,0,0,0,VILLANOVA,0,0,0,0,,0,,43.8,,72.3,0,334,7,0,0,0,0,4,0,0,0,0,0,58.9
160449,Garrett Rogan,S,0,0,,0,0,,VILLANOVA,0,D41,1,0,0,0,1,2027,0,,0,0,60,0,0,1,0,0,0,,0,0,0,0,VILLANOVA,0,0,0,0,,0,,60,,64.7,0,334,1,0,0,0,0,0,0,0,1,0,0,
160467,Cole Kozlowski,LB,2,0,,1,1,100,COLGATE,7,D43,54,54,0,1,1,2027,0,63.4,61,2,73.9,0,0,21,0,0,0,65.3,0,0,0,0,COLGATE,5,0,0,0,36,0,11.1,72.1,30.5,74.8,0,142,54,54,0,0,158.3,32,0,1,0,1,0,59.1
160468,Justin Lawrence,CB,3,0,,0,0,66.7,COLGATE,1,D11,17,0,0,0,1,2026,0,74.2,37,2,46,0,0,9,0,0,0,50.7,17,0,0,0,COLGATE,0,0,0,0,24,0,0,39.1,18.5,72.6,0,142,17,11,0,0,148.6,8,0,0,0,1,0,
160473,Danny Norocea,DI,0,0,,0,0,,COLGATE,1,D56,0,0,0,1,1,2026,10,69.7,0,0,,0,0,0,0,1,0,54.3,0,0,0,0,COLGATE,0,0,0,0,,0,0,53.4,,71.2,0,142,10,0,9,0,0,9,0,0,0,0,0,60
160475,Dane Picariello,ED,0,0,,0,0,,COLGATE,4,D32,0,0,0,16,1,2027,51,77.3,0,0,,0,0,0,1,0,0,68,0,1,0,0,COLGATE,3,0,1,0,,0,0,66.2,,78.3,0,142,51,0,4,0,0,35,1,1,0,0,46,57.7
160477,Brian Rawls Jr.,S,0,0,,0,0,,COLGATE,0,D13,4,3,0,0,1,2026,0,,0,0,,0,0,0,0,0,0,60,0,0,0,0,COLGATE,0,0,0,0,,1,,60.5,,67.8,0,142,4,0,0,0,0,4,0,0,0,0,0,
160479,Taitwoine Sanders,S,3,0,,0,0,100,COLGATE,1,D17,26,17,0,0,1,2026,0,78,89,3,41.1,0,0,12,0,0,0,65.7,0,0,0,0,COLGATE,0,0,0,0,46,8,0,48.3,29.7,73.7,0,142,26,15,0,0,158.3,14,0,1,1,1,0,
160523,Derrick Brown Jr.,DI,0,0,,0,1,,HOWARD,2,D99,0,0,0,14,1,2027,35,52.2,0,0,,1,0,0,0,4,0,65.5,0,0,1,0,HOWARD,2,0,1,0,,0,16.7,54.8,,0,0,184,35,0,26,0,0,21,0,3,0,0,5,49.3
160526,Cam Dyson,LB,1,0,,0,1,100,HOWARD,8,D22,33,33,0,0,1,2026,0,65.2,6,1,59.5,0,0,14,0,0,0,61,0,0,0,0,HOWARD,1,0,0,0,6,0,10,60.5,6,73.1,0,184,33,10,0,0,91.7,19,0,1,0,0,0,
160527,Kaleb Gallop,S,0,0,,0,0,,HOWARD,3,D16,14,10,0,0,1,2027,3,81.2,0,0,61.2,0,0,2,0,0,0,68.3,0,0,0,0,HOWARD,1,0,0,0,,0,0,67.7,,73.5,0,184,17,0,0,0,0,15,0,1,4,0,3,
160528,Kedrick Green,S,0,0,,0,0,,HOWARD,1,D11,5,3,0,0,1,2027,0,73.1,0,0,60.7,0,0,2,0,0,0,62,1,0,0,0,HOWARD,0,0,0,0,,0,0,63.7,,67.9,0,184,5,0,0,0,0,3,0,0,1,0,0,
160534,Judah McJimpsey,LB,0,0,,0,0,,HOWARD,3,D23,9,9,0,1,1,2026,8,77,0,0,60,0,0,1,0,0,0,71,0,0,0,0,HOWARD,1,0,0,0,,0,0,71.5,,75.2,0,184,17,0,0,0,0,15,1,0,0,0,8,59.5
160535,Noah Miles,ED,0,0,,0,0,,HOWARD,3,D91,0,0,0,15,1,2026,41,76.4,0,0,60,2,0,1,9,0,0,62.4,0,0,0,1,HOWARD,2,0,2,0,,0,0,66.2,,77,0,184,41,0,3,0,0,25,0,1,0,0,29,67.8
160543,Reggie Reed Jr.,ED,0,0,,0,0,,HOWARD,1,D15,0,0,0,4,1,2027,16,71.1,0,0,60,1,0,0,2,1,0,60.8,0,0,0,0,HOWARD,1,0,1,0,,0,0,65.6,,74.2,0,184,16,0,1,0,0,12,0,0,0,0,12,67.3
160546,Jason Seraphin,DI,0,0,,0,0,,HOWARD,1,D92,0,0,0,3,1,2027,13,71.9,0,0,,0,0,0,1,0,0,61.9,0,0,0,0,HOWARD,1,0,0,0,,0,0,61.9,,72,0,184,13,0,12,0,0,10,0,1,0,0,0,59.1
160556,Luciano Corpora-Ellis,S,0,0,,0,0,,MOREHEAD,1,D22,17,2,1,2,1,2027,2,75.3,0,0,64.6,0,0,11,0,0,0,67.5,1,0,0,0,MOREHEAD,2,0,1,0,,14,0,71.2,,74.7,0,234,19,0,0,0,0,6,1,0,0,0,2,69.9
160565,Matthew McClelland,S,4,0,,0,2,50,MOREHEAD,6,D08,66,36,0,0,1,2029,0,53.6,17,2,65.6,0,0,37,0,0,0,60.4,0,0,0,0,MOREHEAD,3,0,0,0,17,7,20,64.5,8.5,77.3,0,234,66,15,0,1,61.5,29,0,2,23,0,0,
160580,Ben Bogle,LB,8,0,,0,3,87.5,S ILLINOIS,7,D35,64,64,0,0,1,2027,1,50.2,41,7,52.1,1,1,24,0,0,1,70.4,0,0,0,0,S ILLINOIS,3,0,1,0,14,0,25,60.5,5.9,73.5,0,295,65,24,0,0,48.4,41,1,2,0,0,1,48.6
160586,Desman Hearns,S,1,0,,0,0,0,S ILLINOIS,5,D02,64,40,0,0,1,2028,0,84,0,0,61,0,0,25,0,0,0,77.7,0,0,1,0,S ILLINOIS,3,0,0,0,,7,0,64.6,,0,0,295,64,0,0,0,39.6,39,0,2,17,0,0,
160625,Jahvonte Hair,CB,5,0,,0,1,60,LIUSHAR,6,D02,76,5,0,0,1,2025,0,71,38,3,63.9,1,0,45,0,0,0,63.7,69,0,0,0,LIUSHAR,1,0,1,0,16,2,12.5,66.2,12.7,77.8,0,1298,76,7,0,0,83.8,31,0,1,0,0,0,64
160785,Damon Early,ED,0,0,,0,0,,E TENN ST,0,D12,0,0,0,5,1,2026,12,,0,0,,0,0,0,0,0,0,55.5,0,0,0,0,E TENN ST,0,0,0,0,,0,,53.3,,73,0,157,12,0,0,0,0,7,0,0,0,0,12,55.9
160807,Jabez Oliphant,DI,0,0,,0,0,,PRVIEW A&M,0,D95,0,0,0,5,1,2025,7,,0,0,,0,0,0,3,1,0,60.2,0,0,0,0,PRVIEW A&M,0,0,0,0,,0,,59.2,,71.1,0,270,7,0,3,0,0,2,0,0,0,0,0,57.3
160835,Eli Ennis,LB,3,0,,0,1,100,NICHOLLS,6,D44,76,71,0,6,1,2027,1,69.2,38,3,70.9,1,1,46,0,0,0,69.1,0,1,0,0,NICHOLLS,2,0,2,0,13,5,12.5,74.4,12.7,77.3,0,243,77,25,0,0,79.2,25,0,1,0,0,1,70.5
160841,Ethan Lee,S,4,0,,0,1,50,NICHOLLS,6,D35,65,15,0,2,1,2027,2,70.2,20,2,69.5,0,0,47,0,0,0,61.8,0,0,0,0,NICHOLLS,1,0,0,0,13,8,11.1,67.9,10,77.7,0,243,67,14,0,1,64.6,18,0,2,42,0,2,57.4
160843,Rasheed Lovelace,DI,0,0,,0,0,,NICHOLLS,2,D56,6,6,0,36,1,2027,51,76.7,0,0,62,1,0,2,0,17,0,77.1,0,0,0,0,NICHOLLS,1,0,1,0,,0,0,69.9,,78.9,0,243,57,0,31,0,0,19,0,4,0,0,3,55.5
160856,Alex Villavaso,ED,0,0,,0,0,,NICHOLLS,1,D45,0,0,0,32,1,2027,49,73.6,0,0,65.2,1,0,1,26,0,0,68,0,0,0,0,NICHOLLS,1,0,1,0,,0,0,65.7,,76.8,0,243,49,0,1,0,0,16,0,1,0,0,22,55.2
160857,Dane Whalen,DI,0,0,,0,0,,UTAHTC,2,D55,0,0,0,8,1,2026,26,72.6,0,0,,1,0,0,2,1,0,48.4,0,0,0,0,UTAHTC,0,0,1,0,,0,0,51,,73.9,0,1285,26,0,23,0,0,18,0,0,0,0,0,62.8
160872,Makhi Gilbert,DI,0,0,,0,0,,SAMFORD,1,D94,0,0,2,12,1,2028,42,73.4,0,0,,0,0,0,1,7,0,61.5,0,0,0,0,SAMFORD,3,0,2,0,,0,0,69.6,,76.4,0,282,42,0,33,0,0,30,0,0,0,0,1,78.4
160880,Joshua Mathiasen,DI,0,0,,0,0,,SAMFORD,1,D98,0,0,0,5,1,2025,34,69.7,0,0,,1,0,0,0,7,0,60.6,0,0,0,0,SAMFORD,1,0,1,0,,0,0,63.6,,76.1,0,282,34,0,26,0,0,29,0,0,0,0,1,68.4
160881,Gavin Morris,LB,1,0,,0,0,0,SAMFORD,2,D39,14,13,0,0,1,2027,0,77.7,0,0,61.8,0,0,4,0,0,0,75.5,0,0,0,0,SAMFORD,2,0,0,0,,1,0,74.9,,71.9,0,282,14,0,0,0,39.6,10,0,1,0,0,0,
160885,Jordan Russell,ED,0,0,,0,0,,SAMFORD,0,D42,5,4,0,6,1,2025,12,,0,0,60,0,0,1,1,0,0,57.8,0,0,0,0,SAMFORD,0,0,0,0,,1,,57,,75.2,0,282,17,0,0,0,0,10,0,0,0,0,11,56.2
160897,Jason Cole Jr.,S,0,0,,0,0,,VA MILT IN,1,D01,5,3,0,0,1,2027,0,77.7,0,0,,0,0,0,0,0,0,64.8,0,0,0,0,VA MILT IN,0,0,0,0,,0,0,65,,68.1,0,336,5,0,0,0,0,5,0,1,2,0,0,
160898,Joe Comello,CB,1,0,,0,0,0,VA MILT IN,0,D06,7,0,0,0,1,2026,0,,0,0,70.4,0,0,7,0,0,0,,7,0,0,0,VA MILT IN,0,0,0,0,,0,,71.5,,70,0,336,7,0,0,0,39.6,0,0,0,0,0,0,
160901,Kouri Crump,S,4,0,,0,2,50,VA MILT IN,8,D26,75,32,0,1,1,2027,1,60.3,14,2,59.2,0,0,32,0,0,0,68.7,0,0,0,0,VA MILT IN,1,0,0,0,8,19,15.4,63.4,7,77.9,0,336,76,4,0,0,58.3,43,0,3,24,0,1,59.4
160902,Stephen Dean III,LB,1,0,,0,2,0,VA MILT IN,4,D18,43,38,0,3,1,2027,7,31.2,0,0,56.1,0,0,16,0,0,0,49.3,0,0,0,0,VA MILT IN,3,0,0,0,,4,22.2,50.4,,76.4,0,336,50,0,0,0,39.6,31,0,3,1,0,7,57.6
160906,Owen Ham,DI,0,0,,0,0,,VA MILT IN,2,D95,0,0,0,10,1,2027,22,71.6,0,0,,0,0,0,0,18,0,56.2,0,0,0,0,VA MILT IN,2,0,0,0,,0,0,56.1,,76.8,0,336,22,0,4,0,0,12,1,0,0,0,0,57.9
160923,Tyler Swann,DI,0,0,,0,0,,ALABAMA ST,3,D89,0,0,0,7,1,2026,15,72.2,0,0,61.1,0,0,0,0,1,0,71.9,0,0,0,0,ALABAMA ST,2,0,0,0,,0,0,73.8,,73,0,105,15,0,14,0,0,8,0,0,0,0,0,57.4
161224,Ty Howard,LB,1,0,,0,0,100,DUQUESNE,7,D08,35,29,0,3,1,2027,1,84.3,9,1,68.2,0,0,16,0,0,1,76.2,0,0,0,0,DUQUESNE,1,0,0,0,9,6,0,74.3,9,72,0,155,36,5,0,0,104.2,17,0,2,0,0,1,57.9
161245,Xavier Gaillardetz,WR,0,0,,0,0,,E TENN ST,0,19,1,0,0,0,1,2027,0,,0,0,,0,0,0,0,0,0,60,0,0,0,0,E TENN ST,0,0,0,0,,0,,60,,60,0,157,1,0,0,0,0,1,0,0,0,0,0,
161246,Jaylen George,ED,0,0,,0,1,,E TENN ST,1,D11,0,0,1,17,1,2028,32,41.8,0,0,,3,0,0,9,0,0,66.3,0,1,0,0,E TENN ST,1,0,5,0,,0,50,73.3,,76.2,0,157,32,0,1,0,0,15,0,0,0,0,22,72.2
161247,Jayvon Henderson,S,0,0,,0,0,,E TENN ST,0,D09,36,19,0,0,1,2027,0,,0,0,65.8,0,0,16,0,0,0,63.7,0,0,0,0,E TENN ST,0,0,0,0,,9,,66.2,,75.4,0,157,36,0,0,0,0,20,0,0,8,0,0,
161274,Charles Williams,CB,4,0,,0,0,50,MS VLY ST,1,D20,53,4,0,0,1,2026,0,77.7,61,2,49.7,0,0,26,0,0,0,67.8,48,0,1,0,MS VLY ST,0,0,0,0,50,1,0,53.6,30.5,76.1,0,228,53,19,0,0,95.8,27,0,2,0,0,0,
161297,Jeremiah Jackson,S,2,0,,0,1,0,BUTLER,2,D10,60,31,0,0,1,2027,4,46.2,0,0,67.6,0,1,25,0,0,0,49.4,0,0,0,0,BUTLER,2,0,0,0,,26,25,60.4,,78.7,0,127,64,0,0,0,0,39,1,1,3,0,4,
161300,Frenchi Mack II,DI,0,0,,0,0,,BUTLER,0,D96,0,0,0,5,1,2027,14,,0,0,,0,0,0,2,2,0,63,0,0,0,0,BUTLER,0,0,0,0,,0,,61,,73,0,127,14,0,8,0,0,9,0,0,0,0,2,55.8
161305,Steven Stephany,S,1,0,,0,4,0,BUTLER,6,D12,75,60,0,0,1,2028,0,37.7,0,0,66.7,0,0,29,0,0,0,44.5,0,0,0,0,BUTLER,3,0,0,0,,6,36.4,56.5,,75.8,0,127,75,0,0,0,39.6,46,0,1,9,0,0,
161318,Tyson Garrett,LB,1,0,,0,1,100,BUTLER,4,D30,70,41,0,1,1,2027,0,61.7,23,1,60.5,0,0,27,0,0,0,77.3,0,0,0,0,BUTLER,2,0,0,0,23,29,14.3,69.3,23,77.9,0,127,70,30,0,0,118.8,42,0,2,0,0,0,60
161320,Dawson Hubbard,DI,0,0,,0,1,,BUTLER,1,D90,0,0,0,15,1,2027,35,26.9,0,0,,1,0,0,6,2,0,58.9,0,2,0,0,BUTLER,1,0,3,0,,0,33.3,64.5,,75.6,0,127,35,0,16,0,0,20,0,1,0,0,11,68.9
161324,Will Mason,S,5,0,,0,0,40,BUTLER,11,D01,65,32,0,1,1,2026,1,85.7,45,2,53.9,0,0,22,0,0,1,70.9,33,0,0,0,BUTLER,4,0,0,0,27,0,0,62.2,22.5,73.3,0,127,66,5,0,0,72.9,43,0,2,0,0,1,59.7
161330,Matthew Oudeman,DI,0,0,,0,0,,BUTLER,1,D93,0,0,0,8,1,2028,20,70.2,0,0,,0,0,0,2,7,0,62.5,0,0,0,0,BUTLER,1,0,0,0,,0,0,61.9,,73.9,0,127,20,0,11,0,0,12,0,0,0,0,0,58.2
161335,Steven Williams II,ED,0,0,,0,0,,BUTLER,0,D11,11,11,0,7,1,2026,6,,0,0,61.6,1,0,4,0,0,0,61.1,0,0,0,0,BUTLER,0,0,1,0,,0,,58,,76.1,0,127,17,0,0,0,0,6,0,0,0,0,6,53.6
161337,Wayne Favors III,CB,2,0,,0,1,100,DELWARE ST,1,D26,16,0,0,0,1,2027,0,28.3,82,2,60.2,0,0,10,0,0,0,60,15,0,0,0,DELWARE ST,0,0,0,0,75,1,50,60.7,41,72.2,0,152,16,71,0,0,158.3,6,0,0,0,1,0,
161348,Byron Evans,ED,0,0,,0,0,,DELWARE ST,1,D92,0,0,0,8,1,2027,18,73.7,0,0,,1,0,0,2,0,0,75.1,0,0,0,0,DELWARE ST,1,0,1,0,,0,0,81,,74.6,0,152,18,0,0,0,0,10,0,1,0,0,16,71.3
161349,Geovanny Fabian,CB,6,0,,0,2,100,DELWARE ST,4,D10,45,1,0,1,1,2028,1,51.6,100,6,47.1,0,0,28,0,0,0,28.4,41,0,0,0,DELWARE ST,1,0,0,0,43,2,33.3,39.6,16.7,76.5,0,152,46,12,0,0,158.3,17,0,0,0,1,1,60
161357,Jaydon Mifflin,DI,0,0,,1,1,,DELWARE ST,5,D93,0,0,0,20,1,2027,42,54.9,0,0,59.7,3,0,1,17,0,0,87.1,0,0,0,0,DELWARE ST,4,0,3,0,,0,16.7,81.7,,75.1,0,152,42,0,24,0,0,21,0,0,0,0,1,63.1
161359,Moungue Nyame,ED,0,0,,0,0,,DELWARE ST,0,D90,0,0,0,5,1,2027,15,,0,0,,0,0,0,4,0,0,43.9,0,0,0,0,DELWARE ST,0,0,0,0,,0,,43.3,,73.6,0,152,15,0,0,0,0,10,0,0,0,0,11,57.8
161368,Sean Morris,DI,0,0,,0,0,,ALBANY,0,D04,0,0,0,7,1,2026,12,,0,0,,0,0,0,0,5,0,62.2,0,0,0,0,ALBANY,0,0,0,0,,0,,61.8,,73.8,0,106,12,0,5,0,0,5,0,0,0,0,2,58.4
161381,A.J. Pena,ED,1,0,,0,0,100,RHODE ISLD,3,D08,1,1,1,37,1,2026,59,77.4,10,1,50.7,1,0,2,1,0,0,69.3,0,1,0,0,RHODE ISLD,3,0,3,0,10,0,0,62.1,10,80.5,0,274,60,9,1,0,108.3,21,0,0,0,0,57,59.3
161383,Declan Williams,ED,4,0,,0,1,50,INCAR WORD,4,D00,15,8,0,20,1,2027,53,64.9,11,2,54.9,0,0,21,6,0,0,72.6,0,0,0,0,INCAR WORD,3,0,0,0,6,7,14.3,67.8,5.5,80.5,0,189,68,10,0,0,95.8,27,2,2,0,1,47,71.1
161397,Rylen Su'a-Filo,DI,0,0,,0,0,,SO UTAH,1,D93,0,0,0,25,1,2027,38,73.6,0,0,62.2,1,0,0,0,0,0,62,0,0,0,0,SO UTAH,1,0,1,0,,0,0,66.3,,75.2,0,298,38,0,38,0,0,13,0,2,0,0,0,61.1
161405,Julius Davis,DI,0,0,,0,1,,HOUCHR,0,D46,0,0,0,13,1,2027,24,20.9,0,0,,1,0,0,0,17,0,61.2,0,0,0,0,HOUCHR,0,0,1,0,,0,100,60.5,,75.9,0,183,24,0,7,0,0,11,0,0,0,0,0,58.4
161417,Sincere Littles,DI,0,0,,0,1,,HOUCHR,0,D92,0,0,0,10,1,2026,24,23.1,0,0,,0,0,0,7,0,0,62.5,0,0,0,0,HOUCHR,0,0,0,0,,0,100,59.8,,73.7,0,183,24,0,14,0,0,14,0,0,0,0,3,55.1
161435,Ashton Williams,CB,6,0,,0,2,100,HOUCHR,7,D04,48,22,0,3,1,2026,7,55.5,58,6,42.2,0,0,26,0,0,0,77.8,0,0,0,0,HOUCHR,2,0,0,0,23,26,18.2,53.9,9.7,77.2,0,183,55,43,0,0,146.5,26,0,2,0,1,7,57.2
161487,John Anthony Jr.,WR,0,0,,0,0,,LNDNWD,0,05,1,0,0,0,1,2027,0,,0,0,,0,0,0,0,0,0,60,0,0,0,0,LNDNWD,0,0,0,0,,0,,60,,60,0,949,1,0,0,0,0,1,0,0,0,0,0,
161488,Tre Bell,CB,9,0,,0,0,66.7,LNDNWD,9,D03,50,1,0,0,1,2027,0,83.8,69,6,58.3,0,0,31,0,0,0,65.8,46,0,0,0,LNDNWD,1,0,0,0,22,2,0,59.8,11.5,86.1,0,949,50,14,0,1,89.6,19,0,0,0,0,0,
161492,Maika Finau,DI,0,0,,0,0,,LNDNWD,0,D99,0,0,0,20,1,2027,27,,0,0,,0,0,0,0,1,1,62.6,0,0,0,0,LNDNWD,0,0,0,0,,0,,65.2,,73.9,0,949,27,0,26,0,0,7,0,0,0,0,0,63.5
161505,Kylan Galbreath,WR,0,0,,0,0,,MURRAY ST,0,09,1,0,0,0,1,2027,0,,0,0,,0,0,0,0,0,0,60,0,0,0,0,MURRAY ST,0,0,0,0,,0,,60,,60,0,236,1,0,0,0,0,1,0,0,0,0,0,
161507,KaVan Reed,CB,2,0,,0,1,50,MURRAY ST,1,D13,21,5,0,0,1,2025,0,28.3,17,1,48.6,0,0,9,0,0,0,50.8,16,0,1,0,MURRAY ST,0,0,0,0,17,0,50,46.9,17,72,0,236,21,4,0,0,118.8,12,0,0,0,1,0,
161636,Ben Ahio,ED,0,0,,0,1,,SACRAMENTO,2,D94,0,0,1,36,1,2025,58,29.9,0,0,60,3,0,1,17,0,0,64.2,0,1,1,0,SACRAMENTO,3,0,5,0,,0,33.3,65.5,,0,0,279,58,0,11,0,0,21,2,0,0,0,30,68.7
161647,Riley Hernandez,ED,0,0,,0,1,,SACRAMENTO,1,D54,0,0,0,3,1,2027,7,25.6,0,0,66.9,0,0,1,0,0,0,48.3,0,0,0,0,SACRAMENTO,1,0,0,0,,0,50,57.8,,73.2,0,279,7,0,0,0,0,3,0,0,0,0,7,57.6
161649,Nakian Jackson,LB,2,0,,0,1,50,SACRAMENTO,4,D04,47,42,0,7,1,2027,1,53.9,-4,1,53,0,0,25,0,0,0,66.4,0,0,0,0,SACRAMENTO,1,0,0,0,-4,4,16.7,58.2,-4,74.7,0,279,48,2,0,0,56.3,16,0,1,0,0,1,61
161654,Elias Mullican,CB,5,0,,0,0,100,SACRAMENTO,2,D22,41,0,0,0,1,2028,0,79.6,79,5,50.9,0,0,28,0,0,0,61.8,39,0,1,0,SACRAMENTO,1,0,0,0,24,1,0,51.8,15.8,75.1,0,279,41,11,0,0,158.3,13,0,2,0,1,0,
161656,Alex Rocha,LB,0,0,,0,0,,SACRAMENTO,0,D33,1,0,0,0,1,2028,0,,0,0,,0,0,0,0,0,0,60,0,0,0,0,SACRAMENTO,0,0,0,0,,0,,48,,60,0,279,1,0,0,0,0,1,0,0,0,0,0,
161658,Zelmar Vedder,CB,8,0,2026,0,0,50,SACRAMENTO,3,D09,68,1,0,0,1,2026,0,79.6,46,4,72.9,0,0,42,0,0,0,66.5,64,0,0,0,SACRAMENTO,0,0,0,0,19,3,0,73.4,11.5,77.3,0,279,68,10,0,2,67.7,26,0,1,0,0,0,
161664,A.J. Crawford,ED,0,0,,0,1,,TENN TECH,1,D11,0,0,1,10,1,2027,22,41.4,0,0,,2,0,0,0,0,0,71.5,0,0,0,0,TENN TECH,2,0,3,0,,0,25,89.6,,75.4,0,309,22,0,0,0,0,12,0,2,0,0,22,90.2
161666,Theron Gaines,ED,1,0,2026,0,1,0,TENN TECH,3,D30,6,6,0,24,1,2026,41,33.8,0,0,61.7,2,0,2,0,0,0,36.5,0,1,0,2,TENN TECH,2,0,3,0,,0,25,60.2,,77.2,0,309,47,0,0,0,39.6,21,0,0,0,0,41,81.6
161675,Jacquez McGowan,S,4,0,,0,0,100,E KENTUCKY,5,D47,38,12,0,3,1,2026,5,81.8,30,4,63.8,1,0,29,0,0,0,67.2,0,0,0,1,E KENTUCKY,2,0,1,0,16,26,0,67.9,7.5,77,0,159,43,28,0,0,97.9,11,0,0,0,0,5,72.3
161685,Ashton Taylor,LB,1,0,,0,1,100,JACKSON ST,2,D30,44,44,0,3,1,2027,0,60.9,1,1,63.3,0,0,19,0,0,0,61.9,0,0,0,0,JACKSON ST,2,0,0,0,1,0,20,62.7,1,74.1,0,194,44,1,0,0,79.2,22,0,2,0,0,0,55.9
161689,Keonte Tillman,ED,0,0,,0,0,,TENN TECH,0,D40,0,0,0,1,1,2027,5,,0,0,,0,0,0,1,0,0,54.5,0,0,0,0,TENN TECH,0,0,0,0,,0,,50.6,,70.2,0,309,5,0,0,0,0,4,0,0,0,0,4,60
161691,Seth Vaughn,DI,0,0,,0,1,,TENN TECH,0,D52,0,0,0,2,1,2028,8,16.6,0,0,,0,0,0,0,1,0,67.7,0,0,0,0,TENN TECH,0,0,0,0,,0,100,74.2,,71.2,0,309,8,0,7,0,0,6,0,0,0,0,0,66.4
161823,Elias Archie,CB,7,0,,0,1,57.1,BROWN,4,D13,34,2,0,0,1,2028,0,69.1,33,4,55.7,1,0,23,0,0,0,64.4,32,0,1,0,BROWN,2,0,1,0,16,0,14.3,55,8.3,74.4,0,123,34,0,0,1,69.3,11,0,2,0,0,0,48.8
161826,Tyler Baskett,S,2,0,,0,0,50,BROWN,1,D21,33,20,0,0,1,2028,0,74.8,48,1,56.7,0,0,21,0,0,0,56,1,0,0,0,BROWN,0,0,0,0,48,11,0,55.9,48,75.3,0,123,33,27,0,0,95.8,12,0,0,1,0,0,
161830,Owen Clarke,ED,0,0,,0,0,,BROWN,0,D92,0,0,0,21,1,2028,23,,0,0,,2,0,0,11,2,0,60.3,0,0,0,1,BROWN,0,0,2,0,,0,,62.5,,74.7,0,123,23,0,3,0,0,2,0,0,0,0,7,61.5
161833,Nevaeh Gattis,S,1,0,,0,0,0,BROWN,2,D00,42,31,0,4,1,2028,3,78.8,0,0,69.5,0,0,26,0,0,0,73.4,0,0,0,0,BROWN,1,0,0,0,,9,0,73.5,,72.7,0,123,45,0,0,0,39.6,15,0,1,2,0,3,62
161835,Ryan Haley,LB,0,0,,0,0,,BROWN,1,D51,15,4,0,1,1,2028,1,73.1,0,0,64.5,0,0,11,0,0,0,66.3,0,0,0,0,BROWN,1,0,0,0,,11,0,67.7,,72.9,0,123,16,0,0,0,0,4,0,0,0,0,1,59.4
161838,Nick Hudson,CB,5,0,,0,0,80,BROWN,3,D12,39,1,0,0,1,2028,0,79.8,31,4,75.2,0,0,32,0,0,0,60.8,38,0,0,0,BROWN,2,0,0,0,17,0,0,75.3,7.8,75.5,0,123,39,3,0,0,132.1,7,0,1,0,1,0,
161843,Pat O'Neill,ED,0,0,,0,0,,BROWN,0,D98,0,0,0,8,1,2028,11,,0,0,,0,0,0,7,0,0,55.1,0,0,0,0,BROWN,0,0,0,0,,0,,52.6,,71.2,0,123,11,0,2,0,0,3,0,0,0,0,2,57.2
161844,John Perdue,LB,2,0,,0,0,50,BROWN,3,D57,44,44,1,5,1,2028,2,80.1,4,1,60.7,2,0,30,0,0,0,71.5,0,1,0,0,BROWN,2,0,4,0,4,0,0,69.9,4,72.7,0,123,46,0,0,0,56.3,11,0,0,0,0,2,74.3
161849,Sam Smith,LB,4,0,,0,0,75,BROWN,5,D58,43,35,0,3,1,2028,1,83.6,27,3,60.4,1,0,32,0,0,0,71.5,0,0,0,0,BROWN,2,0,1,0,15,8,0,65.3,9,74.3,0,123,44,11,0,0,92.7,9,0,4,0,0,1,63.7
161850,John Starman,DI,0,0,,0,0,,BROWN,0,D44,0,0,0,17,1,2027,24,,0,0,,1,0,0,12,2,0,63.8,0,0,0,0,BROWN,0,0,1,0,,0,,64.7,,73.6,0,123,24,0,9,0,0,7,0,0,0,0,1,61.8
161853,Carson Arnold,DI,0,0,,0,0,,CITADEL,0,D98,0,0,0,17,1,2027,28,,0,0,,0,0,0,5,0,0,67.4,0,0,0,0,CITADEL,0,0,0,0,,0,,62.6,,74.2,0,139,28,0,23,0,0,11,0,0,0,0,0,55.2
161857,Maurice Bonneau Jr.,ED,0,0,,0,0,,CITADEL,1,D58,0,0,0,17,1,2027,24,69.7,0,0,60.2,0,0,1,7,0,0,56.3,0,1,0,0,CITADEL,0,0,1,0,,0,0,56.9,,75.2,0,139,24,0,7,0,0,6,0,0,0,0,10,57.4
161861,Josh Cole,ED,2,0,,0,1,100,CITADEL,2,D56,0,0,0,22,1,2027,34,41.8,18,2,50.9,0,0,0,16,0,0,62.1,0,0,0,0,CITADEL,2,0,0,0,13,0,20,51.8,9,75.8,0,139,34,9,6,0,104.2,12,1,2,0,0,12,54.4
161864,Avery Dixon,S,0,0,,0,3,,BRYANT,0,D06,6,3,0,2,1,2027,2,19.5,0,0,50.4,1,0,2,0,0,0,51.4,0,0,0,0,BRYANT,0,0,1,0,,3,100,33.7,,72.9,0,124,8,0,0,0,0,4,0,0,0,0,2,45.5
161890,Cale Williams,S,3,0,,0,1,100,CITADEL,5,D31,47,10,1,0,1,2026,0,66,33,3,59.8,0,0,31,0,0,0,69.7,0,0,0,0,CITADEL,1,0,1,0,19,10,14.3,65.8,11,76.2,0,139,47,12,0,0,112.5,16,0,1,27,0,0,76.2
162112,Brandon Howard,LB,0,0,,0,0,,CHARLES SO,0,D41,7,5,0,1,1,2026,3,,0,0,61.7,0,0,4,0,0,0,71.4,0,0,0,0,CHARLES SO,0,0,0,0,,2,,73.4,,70.3,0,135,10,0,0,0,0,5,0,0,0,0,3,60
162129,Davion Williams,S,0,0,,0,0,,CHARLES SO,3,D02,12,3,0,0,1,2027,0,81.6,0,0,65.2,0,0,7,0,0,0,66.8,1,0,1,0,CHARLES SO,0,0,0,0,,1,0,59.8,,0,0,135,12,0,0,0,0,5,0,0,7,0,0,
162136,John Caramanico,DI,0,0,,0,0,,GEORGETOWN,2,D95,0,0,0,23,1,2026,36,73.8,0,0,,1,0,0,1,2,0,61.5,0,0,0,0,GEORGETOWN,2,0,1,0,,0,0,59.7,,75.5,0,172,36,0,31,0,0,13,0,1,0,0,2,56.8
162139,Andres Franquez,DI,0,0,,0,0,,GEORGETOWN,0,D92,0,0,0,1,1,2026,2,,0,0,,0,0,0,0,0,0,60,0,0,0,0,GEORGETOWN,0,0,0,0,,0,,60.3,,66.6,0,172,2,0,2,0,0,1,0,0,0,0,0,60
162150,Chibuikem Oguayo,ED,0,0,,0,0,,MORGAN ST,3,D94,1,1,0,18,1,2026,42,76.4,0,0,60,1,0,1,5,0,0,62.9,0,0,0,0,MORGAN ST,2,0,1,0,,0,0,61,,77.4,0,235,43,0,0,0,0,24,0,0,0,0,37,56.6
162158,Jack Baretz,LB,0,0,,0,0,,N DAKOTA,0,D48,5,5,0,0,1,2027,0,,0,0,61.2,0,0,3,0,0,0,60,0,0,0,0,N DAKOTA,0,0,0,0,,0,,63,,65.7,0,249,5,0,0,0,0,2,0,0,0,0,0,
162160,Antonio Bluiett,CB,2,0,,0,2,0,N DAKOTA,0,D22,55,7,0,0,1,2027,1,29.5,0,0,57.9,0,0,22,0,0,0,53.3,44,0,0,0,N DAKOTA,0,0,0,0,,4,66.7,56.4,,75.9,0,249,56,0,0,0,39.6,34,0,1,0,0,1,
162164,Jamal Dixon,CB,0,0,,0,0,,N DAKOTA,0,D17,5,2,0,0,1,2027,1,,0,0,60,0,0,1,0,0,0,60.5,2,0,0,0,N DAKOTA,0,0,0,0,,1,,62,,69.2,0,249,6,0,0,0,0,5,0,0,0,0,1,
162168,Devin Hembry,CB,7,0,,0,1,71.4,N DAKOTA,4,D23,58,4,0,0,1,2025,1,57.1,45,5,42.6,0,0,21,0,0,0,66.8,49,0,0,0,N DAKOTA,1,0,0,0,14,5,16.7,47.7,9,77.8,0,249,59,3,0,0,128,38,0,1,0,1,1,
162189,Jaquise Alexander,CB,4,0,,0,0,0,N DAK ST,1,D18,45,3,0,0,1,2027,1,78.2,0,0,81.8,0,1,23,0,0,0,63.4,42,0,0,1,N DAK ST,0,0,0,0,,0,0,82,,76,0,250,46,0,0,1,0,23,0,2,0,0,1,60
162190,Austin Altepeter,LB,2,0,,0,1,50,N DAK ST,2,D32,41,35,0,1,1,2027,0,61,9,1,66.5,0,0,18,0,0,1,74.5,0,0,0,0,N DAK ST,2,0,0,0,9,6,20,73,9,73.3,0,250,41,6,0,1,62.5,22,1,2,0,0,0,59.4
162191,Toby Anene,ED,0,0,,0,1,,N DAK ST,2,D93,0,0,0,14,1,2027,31,50,0,0,60,0,0,1,0,0,0,67.5,0,0,0,0,N DAK ST,2,0,0,0,,0,25,65.5,,76,0,250,31,0,0,0,0,16,0,1,0,0,31,58.7
162192,Hudson Artz,S,0,0,,0,0,,N DAK ST,1,D22,9,5,0,0,1,2028,0,73.1,0,0,62.2,0,0,5,0,0,0,65.6,0,0,0,0,N DAK ST,1,0,0,0,,0,0,67.6,,69.4,0,250,9,0,0,0,0,4,1,0,4,0,0,
162201,Darius Givance,S,1,0,,0,1,0,N DAK ST,1,D29,33,7,0,0,1,2028,0,51.1,0,0,91.2,0,1,14,0,0,0,56.5,0,0,0,0,N DAK ST,0,0,0,0,,2,25,89.8,,74.9,0,250,33,0,0,0,0,19,0,2,24,0,0,
162206,Kegan Huber,CB,4,0,,0,0,50,N DAK ST,2,D23,12,0,0,0,1,2028,0,77,14,2,70.3,0,0,5,0,0,0,60.4,12,0,0,0,N DAK ST,1,0,0,0,13,0,0,71,7,71.2,0,250,12,4,0,0,58.3,7,0,0,0,0,0,
162212,Logan Larson,DI,0,0,,0,2,,N DAK ST,3,D94,0,0,0,14,1,2028,35,36.3,0,0,,0,0,0,1,0,0,66.4,0,0,1,0,N DAK ST,2,0,0,0,,0,28.6,60.9,,0,0,250,35,0,34,0,0,21,1,2,0,0,0,60.7
162215,Kelton McCaslin,ED,0,0,,0,2,,N DAK ST,0,D92,0,0,0,12,1,2028,25,18.4,0,0,,0,0,0,2,0,0,46.6,0,0,0,0,N DAK ST,0,0,0,0,,0,100,46.8,,75,0,250,25,0,0,0,0,13,0,0,0,0,23,55.3
162217,Brit Senftner,LB,0,0,,0,2,,N DAK ST,4,D42,27,26,0,0,1,2027,1,36.1,0,0,64.7,0,0,13,0,0,0,55.6,0,0,0,1,N DAK ST,2,0,0,0,,1,28.6,63.4,,72,0,250,28,0,0,0,0,15,1,1,0,0,1,60
162225,Boyce Bankhead,LB,0,0,,0,1,,PRESBYTERN,2,D22,18,15,0,2,1,2027,2,32.3,0,0,70.7,0,0,14,0,0,0,49,0,0,0,0,PRESBYTERN,2,0,0,0,,3,33.3,65,,73.7,0,271,20,0,0,0,0,4,0,0,0,0,2,58.9
162229,Panos Burlos,CB,0,0,,0,0,,PRESBYTERN,0,D17,4,0,0,0,1,2027,0,,0,0,62.2,0,0,4,0,0,0,,0,0,0,0,PRESBYTERN,0,0,0,0,,4,,62.7,,69,0,271,4,0,0,0,0,0,0,0,0,0,0,
162240,Dalton Epps,ED,0,0,,0,0,,PRESBYTERN,1,D94,0,0,0,14,1,2028,19,74.5,0,0,,0,0,0,12,0,0,65.3,0,0,0,0,PRESBYTERN,0,0,0,0,,0,0,63.7,,73.9,0,271,19,0,0,0,0,5,0,1,0,0,7,59
162241,Caleb Francis,CB,6,0,,0,2,33.3,PRESBYTERN,2,D01,68,2,0,2,1,2026,1,37.4,48,2,65.3,0,1,49,0,0,0,62.5,66,0,0,0,PRESBYTERN,1,0,0,0,41,0,50,64.8,24,77.3,0,271,69,2,0,1,23.6,18,0,0,0,0,1,53.8
162245,Nathan Hajduk,S,5,0,,0,2,100,PRESBYTERN,2,D07,50,0,0,4,1,2027,0,29.1,20,5,60,1,0,34,0,0,0,70,0,0,0,0,PRESBYTERN,1,0,1,0,9,50,50,63.1,4,78.8,0,271,50,12,0,0,83.3,12,0,0,0,0,0,64.6
162250,Malek Horlback,ED,1,0,,0,1,100,PRESBYTERN,2,D16,11,7,1,23,1,2027,33,56,6,1,60.2,1,0,7,1,0,0,66.2,2,3,0,0,PRESBYTERN,2,0,5,0,6,2,33.3,76.3,6,80.3,0,271,44,0,0,0,91.7,14,0,0,0,0,32,79.1
162258,Cade Lewis,ED,0,0,,0,0,,PRESBYTERN,0,D27,3,1,0,11,1,2027,11,76.4,0,0,60,1,0,1,0,0,0,68.9,1,0,0,0,PRESBYTERN,0,0,1,0,,1,0,67.5,,75.5,0,271,14,0,0,0,0,2,0,2,0,0,11,59.8
162267,Christian Ohagwu,DI,0,0,,0,1,,PRESBYTERN,1,D52,0,0,0,23,1,2026,32,22.5,0,0,64.2,0,0,1,0,14,0,55.2,0,2,0,0,PRESBYTERN,1,0,2,0,,0,50,67.5,,75.9,0,271,32,0,18,0,0,8,0,0,0,0,0,67.6
162281,Zeb Stroup,S,2,0,,0,0,50,PRESBYTERN,0,D08,16,4,0,1,1,2027,0,78.8,1,1,72.9,0,0,12,0,0,0,60,0,1,0,0,PRESBYTERN,0,0,1,0,1,7,0,72,1,73.4,0,271,16,4,0,0,56.3,3,0,2,5,0,0,59.2
162285,Alex Ward,S,4,0,,0,0,25,PRESBYTERN,1,D29,14,2,0,0,1,2027,0,76.2,18,1,79.1,0,0,9,0,0,0,60.2,0,0,0,0,PRESBYTERN,0,0,0,0,18,7,0,77.7,18,73.4,0,271,14,0,0,1,45.8,5,0,0,5,0,0,
162318,Ryan Moore,S,1,0,,0,1,100,SACR HEART,0,D26,41,15,0,0,1,2027,0,21.6,9,1,60.2,0,0,24,0,0,0,42,1,0,0,0,SACR HEART,0,0,0,0,9,6,100,53.8,9,75.9,0,280,41,9,0,0,143.8,17,0,0,19,1,0,
162323,Peter Schanne,DI,0,0,,0,0,,SACR HEART,1,D44,0,0,0,41,1,2026,61,72.6,0,0,,1,0,0,2,23,0,62.6,0,1,0,0,SACR HEART,1,0,2,0,,0,0,62.3,,78.4,0,280,61,0,35,0,0,20,1,1,0,0,1,60
162324,Kenny Selby,CB,8,0,,0,0,37.5,SACR HEART,7,D13,70,8,0,0,1,2027,0,82.4,34,3,83.5,0,0,43,0,0,0,74,59,0,0,0,SACR HEART,2,0,0,0,14,3,0,84.2,11.3,76.6,0,280,70,0,0,4,51,27,0,0,0,0,0,
162331,Nick Verbitsky,LB,0,0,,1,0,,SACR HEART,6,D43,29,26,0,4,1,2026,1,82.3,0,0,52.9,1,0,10,0,0,0,78.1,0,0,0,0,SACR HEART,3,0,1,0,,3,0,73.1,,73.6,0,280,30,0,0,0,0,16,0,1,0,0,1,75.5
162540,Breyden Byrd,ED,0,0,,0,0,,WM & MARY,0,D91,0,0,0,7,1,2027,15,,0,0,,1,0,0,0,0,0,55,0,0,0,0,WM & MARY,0,0,1,0,,0,,53.4,,74.1,0,348,15,0,0,0,0,8,0,0,0,0,15,56.2
162582,Jacob Rooks,S,0,0,,0,0,,STF AUSTIN,1,D18,11,2,0,0,1,2026,1,75.1,0,0,62.5,0,0,4,0,0,0,56.4,0,0,0,0,STF AUSTIN,0,0,0,0,,9,0,60.2,,73.9,0,301,12,0,0,0,0,8,0,0,0,0,1,
162656,Jamari Young,LB,0,0,,0,0,,GARD-WEBB,1,D44,14,11,0,4,1,2028,3,73.6,0,0,62.4,0,0,10,0,0,0,68.1,0,0,0,0,GARD-WEBB,1,0,0,0,,3,0,65.1,,73.2,0,171,17,0,0,0,0,3,0,0,0,0,3,55.9
162740,Deuce Caldwell II,ED,0,0,,0,0,,SAMFORD,0,D35,0,0,0,0,1,2026,3,,0,0,,0,0,0,0,0,0,60.9,0,0,0,0,SAMFORD,0,0,0,0,,0,,62.2,,71,0,282,3,0,0,0,0,3,0,0,0,0,3,
162927,Isaac Washington,ED,0,0,,0,1,,GRAMBLING,2,D13,0,0,0,22,1,2027,51,41.5,0,0,60,0,0,1,10,0,0,63.2,0,2,0,0,GRAMBLING,2,0,2,0,,0,20,62.1,,78.5,0,177,51,0,1,0,0,28,1,2,0,0,40,58.5
163243,Zion Allen,CB,0,0,,0,0,,SO UTAH,1,D16,5,1,0,0,1,2028,0,74.2,0,0,63.2,0,0,4,0,0,0,61.4,4,0,0,0,SO UTAH,1,0,0,0,,0,0,65.7,,67.7,0,298,5,0,0,0,0,1,0,0,0,0,0,
163246,Nathaniel Gillis,CB,3,0,,0,1,66.7,N COLORADO,3,D23,72,9,0,0,1,2027,0,59.5,17,2,72.3,0,0,33,0,0,0,69.1,54,0,0,0,N COLORADO,0,0,0,0,12,8,25,72.8,8.5,76.9,0,253,72,14,0,1,81.3,39,0,0,1,0,0,
163366,Josh Williamson,CB,3,0,,0,0,100,MURRAY ST,0,D17,15,1,0,0,1,2026,0,,107,3,29.1,0,0,6,0,0,0,61.3,14,0,0,0,MURRAY ST,0,0,0,0,74,0,,29.4,35.7,71.8,0,236,15,55,0,0,158.3,9,0,0,0,2,0,
163394,Miles Bailey,DI,0,0,,0,0,,MURRAY ST,2,D55,0,0,0,8,1,2028,21,73.1,0,0,,2,0,0,4,9,0,66.4,0,0,0,0,MURRAY ST,2,0,2,0,,0,0,71.8,,74.5,0,236,21,0,8,0,0,13,0,0,0,0,0,70.8
163414,John Sniffen,DI,0,0,,0,0,,UTAHTC,2,D94,0,0,1,12,1,2025,46,74.8,0,0,,1,0,0,3,1,0,54.7,0,0,0,0,UTAHTC,3,0,2,0,,0,0,58.9,,76.3,0,1285,46,0,41,0,0,34,1,1,0,0,1,67.6
163526,Jabarrek Hopkins,DI,0,0,,0,0,,YNGTOWN ST,2,D16,0,0,0,10,1,2026,28,71.9,0,0,,0,0,0,2,2,0,68.4,0,0,0,0,YNGTOWN ST,1,0,0,0,,0,0,67.1,,74,0,353,28,0,24,0,0,18,0,0,0,0,0,57.6
163604,Caleb McDougle,S,0,0,,0,0,,N ALABAMA,0,D25,4,3,0,0,1,2026,0,,0,0,,0,0,0,0,0,0,60,0,0,0,0,N ALABAMA,0,0,0,0,,0,,60.2,,67.3,0,389,4,0,0,0,0,4,0,0,1,0,0,
163818,Davion Westmoreland,ED,0,0,,0,0,,FL A&M,2,D17,0,0,0,9,1,2026,21,75.1,0,0,,2,0,0,0,0,0,77.3,0,0,0,0,FL A&M,2,0,2,0,,0,0,82.9,,74.9,0,164,21,0,3,0,0,12,0,1,0,0,18,73.1
163881,Sam Buerkle,DI,0,0,,0,1,,FORDHAM,1,D99,0,0,0,19,1,2026,53,44.8,0,0,,2,0,0,1,2,0,52.6,0,0,0,0,FORDHAM,1,0,2,0,,0,25,55.9,,76.3,0,168,53,0,50,0,0,34,0,2,0,0,0,64
163884,Peter Chalhoub,ED,0,0,,0,0,,FORDHAM,4,D93,0,0,0,7,1,2026,22,75.8,0,0,60.3,0,0,1,0,2,0,71,0,0,0,0,FORDHAM,0,0,0,0,,0,0,68.3,,75.3,0,168,22,0,0,0,0,14,0,0,0,0,20,56.4
163893,Alex Kemper,CB,7,0,,0,0,57.1,FORDHAM,4,D14,68,5,0,0,1,2026,0,80.1,21,4,59.5,0,0,24,0,0,0,68.4,61,0,1,0,FORDHAM,3,0,0,0,8,2,0,62.5,5.3,77.2,0,168,68,2,0,2,62.2,44,0,1,0,0,0,
163901,Nick Pasquarella,LB,0,0,,0,0,,FORDHAM,0,D44,7,5,0,0,1,2026,1,,0,0,49.1,0,0,3,0,0,0,61.5,0,0,0,0,FORDHAM,0,0,0,0,,2,,46.3,,71.1,0,168,8,0,0,0,0,5,0,0,0,0,1,
163904,Claudy Robinson,DI,0,0,,0,0,,FORDHAM,2,D90,0,0,0,16,1,2026,51,73.2,0,0,,0,0,0,0,19,0,56.6,0,0,0,0,FORDHAM,1,0,0,0,,0,0,56.3,,78,0,168,51,0,32,0,0,35,1,1,0,0,0,56.2
163907,Colby Spencer,DI,0,0,,0,0,,FORDHAM,2,D98,0,0,0,5,1,2027,17,72.2,0,0,,0,0,0,0,0,0,57.4,0,0,0,0,FORDHAM,1,0,0,0,,0,0,57.2,,72.7,0,168,17,0,17,0,0,12,0,0,0,0,0,58.5
163914,Tommy Bestpitch,S,1,0,,0,0,100,HOLY CROSS,0,D24,19,7,0,0,1,2026,0,79.2,9,1,57.6,0,0,8,0,0,0,70.7,0,0,0,0,HOLY CROSS,0,0,0,0,9,9,0,63.8,9,73.8,0,181,19,3,0,0,104.2,11,0,3,3,0,0,
163926,Colin Reynolds,ED,0,0,,0,0,,HOLY CROSS,1,D94,0,0,0,3,1,2027,11,71.5,0,0,,0,0,0,1,0,0,56,0,0,0,0,HOLY CROSS,1,0,0,0,,0,0,55.4,,73.4,0,181,11,0,0,0,0,8,0,0,0,0,10,58.5
163927,Christian Ross,ED,0,0,,0,0,,HOLY CROSS,3,D18,0,0,0,17,1,2027,36,75.2,0,0,,0,0,0,3,0,0,76.9,0,0,0,0,HOLY CROSS,3,0,0,0,,0,0,72.8,,76.5,0,181,36,0,7,0,0,19,1,0,0,0,26,58.6
163933,DJ Brown,S,0,0,,0,0,,LEHIGH,0,D20,32,4,0,0,1,2028,0,74.3,0,0,72.8,0,1,23,0,0,0,62.8,0,0,0,0,LEHIGH,0,0,0,0,,1,0,72.6,,75.6,0,205,32,0,0,0,0,9,0,1,26,0,0,
163993,Jakeem Fletcher,DI,0,0,,0,0,,ALABAMA ST,0,D96,0,0,0,29,1,2027,46,,0,0,,2,0,0,2,7,0,58.6,0,0,0,0,ALABAMA ST,0,0,2,0,,0,,58.5,,77.5,0,105,46,0,37,0,0,17,0,0,0,0,0,58
163997,Keane Lewis,S,6,0,,0,0,33.3,ALABAMA ST,0,D23,59,26,0,0,1,2026,0,72.5,97,2,55.3,0,1,39,0,0,0,64.4,0,0,0,0,ALABAMA ST,0,0,0,0,65,14,,57.3,48.5,77.3,0,105,59,42,0,1,81.9,20,0,0,19,1,0,
163998,Terrell Lightfoot Jr,ED,0,0,,0,0,,ALABAMA ST,0,D43,0,0,0,2,1,2027,5,,0,0,,0,0,0,0,0,0,60,0,0,0,0,ALABAMA ST,0,0,0,0,,0,,60.6,,70.4,0,105,5,0,0,0,0,3,0,0,0,0,5,59.1
164002,LeBron Morgan,S,1,0,,0,0,100,TENN MARTN,1,D12,13,1,0,0,1,2027,0,77.7,7,1,67.1,0,0,9,0,0,0,60,0,0,0,0,TENN MARTN,1,0,0,0,7,10,0,67.5,7,72.7,0,310,13,-1,0,0,95.8,4,0,1,2,0,0,
164005,Myles Richardson,ED,0,0,,0,0,,ALABAMA ST,1,D48,3,3,0,6,1,2027,7,71.1,0,0,60,0,0,1,0,0,0,64.9,0,0,0,0,ALABAMA ST,1,0,0,0,,0,0,68.1,,72.7,0,105,10,0,3,0,0,3,0,0,0,0,4,55
164012,Kendyle Ball,ED,0,0,,0,0,,AUSTINPEAY,0,D50,0,0,0,6,1,2027,19,71.1,0,0,60,0,1,0,5,0,0,64.1,0,0,0,0,AUSTINPEAY,0,0,0,0,,0,0,69.8,,73.6,0,116,19,0,6,0,0,13,0,1,0,0,8,57.6
164018,Michael Evans,CB,0,0,,0,0,,AUSTINPEAY,0,D21,4,0,0,0,1,2027,0,,0,0,46.6,0,0,4,0,0,0,,4,0,1,0,AUSTINPEAY,0,0,0,0,,0,,44.3,,67.8,0,116,4,0,0,0,0,0,0,0,0,0,0,
164025,Ellis Ellis Jr.,CB,8,0,,0,1,37.5,AUSTINPEAY,1,D29,54,2,0,0,1,2027,4,28.3,53,3,71.4,0,0,27,0,0,0,64.1,52,0,0,0,AUSTINPEAY,0,0,0,0,39,0,50,71.5,17.7,78,0,116,58,33,0,0,60.9,31,0,0,0,0,4,
164028,Jaden Lyles,S,0,0,,0,2,,AUSTINPEAY,8,D20,74,25,0,2,1,2026,0,64.5,0,0,78.8,0,1,33,0,0,1,72.1,0,1,0,0,AUSTINPEAY,6,0,1,0,,9,14.3,79.2,,77.7,0,116,74,0,0,0,0,39,1,4,40,0,0,66.7
164033,KT Owens,ED,0,0,,0,0,,AUSTINPEAY,2,D34,0,0,0,9,1,2025,24,72.7,0,0,,0,0,0,6,0,0,69.7,0,0,2,0,AUSTINPEAY,1,1,0,0,,0,0,50.8,,0,0,116,24,0,1,0,0,15,1,0,0,0,17,55.6
164057,Jayden Bell,S,0,0,,0,3,,IDAHO ST,9,D05,73,17,0,1,1,2027,2,58.1,0,0,69.8,0,0,39,0,0,0,35.6,0,0,0,0,IDAHO ST,0,0,0,0,,7,20,57.2,,78,0,186,75,0,0,0,0,35,0,3,49,0,2,59.7
164081,Kris Sanchez,LB,3,0,,0,4,100,IDAHO ST,6,D04,65,20,0,5,1,2025,18,27.2,58,3,49.1,2,0,39,0,0,0,62.3,0,1,0,0,IDAHO ST,2,0,3,0,38,45,33.3,54.5,19.3,82.8,0,186,83,45,0,0,118.8,39,0,2,0,0,18,66.1
164112,Jaydon Southard,LB,1,0,,0,0,0,STF AUSTIN,7,D36,24,24,0,4,1,2027,0,83,0,0,77.2,0,0,10,0,0,0,89.1,0,0,1,0,STF AUSTIN,5,0,0,0,,0,0,82.9,,0,0,301,24,0,0,1,39.6,10,0,2,0,0,0,55.2
164185,Andrew Sharga,DI,0,0,,0,0,,LEHIGH,2,D40,0,0,1,19,1,2028,27,73.2,0,0,60,0,0,0,1,0,0,74.5,0,0,0,0,LEHIGH,1,0,1,0,,0,0,71.5,,73.8,0,205,27,0,26,0,0,8,0,0,0,0,0,60.4
164198,Jace Benesch,LB,2,0,,0,0,100,CENT ARK,12,D44,76,76,1,7,1,2026,3,85.8,37,2,55.3,1,0,40,0,0,0,89.6,0,0,0,0,CENT ARK,7,0,2,0,21,0,0,74.6,18.5,75.2,0,132,79,10,0,0,118.8,32,2,1,0,0,3,65.4
164204,Deorious Cobbs,ED,0,0,,0,1,,CENT ARK,1,D30,0,0,1,33,1,2028,58,39.9,0,0,60.3,0,0,2,26,0,0,63.3,0,0,0,0,CENT ARK,2,0,1,0,,0,25,62.1,,77.8,0,132,58,0,4,0,0,23,1,2,0,0,28,58.7
164212,Samuel Horton,ED,0,0,,0,0,,CENT ARK,0,D10,1,0,0,2,1,2028,6,,0,0,,0,0,0,0,0,0,54.4,0,0,0,0,CENT ARK,0,0,0,0,,1,,52.3,,72.7,0,132,7,0,0,0,0,5,0,0,0,0,6,58.2
164213,Javeon Jones,DI,0,0,,0,0,,CENT ARK,2,D41,0,0,0,17,1,2026,42,74.8,0,0,60,0,0,0,19,0,0,71,0,0,0,0,CENT ARK,2,0,0,0,,0,0,70.6,,75.4,0,132,42,0,20,0,0,25,0,1,0,0,3,61.3
164231,David Walker,ED,1,0,2025,3,0,0,CENT ARK,7,D08,5,3,1,42,1,2025,67,81.9,0,0,89.4,1,0,3,2,0,1,97.8,0,0,0,0,CENT ARK,4,0,2,0,,2,0,95.9,,81.5,0,132,72,0,0,0,39.6,27,2,2,0,0,65,79.6
164233,TD Williams,CB,9,0,,0,0,33.3,CENT ARK,2,D06,65,3,0,0,1,2026,0,76.2,44,3,72.3,0,2,39,0,0,0,63.9,61,0,1,0,CENT ARK,1,0,0,0,21,1,0,69.3,14.7,0,0,132,65,2,0,0,10.6,26,0,0,0,0,0,
164234,Dillon Williams,S,6,0,,0,1,66.7,CENT ARK,7,D03,77,32,0,0,1,2027,0,71.3,69,4,58.9,0,0,47,0,0,0,74.2,0,0,1,0,CENT ARK,2,0,0,0,29,16,10,61.2,17.3,0,0,132,77,16,0,0,105.6,30,0,2,29,0,0,
164236,Matthew Ballentine,CB,1,0,,0,0,100,SAN DIEGO,1,D11,11,3,0,0,1,2026,0,73.5,34,1,55,0,0,5,0,0,0,60,7,0,0,0,SAN DIEGO,0,0,0,0,34,0,0,55.7,34,72.3,0,283,11,5,0,0,118.8,6,0,0,0,0,0,
164248,Jaylen Houston,S,0,0,,0,0,,E KENTUCKY,0,D21,3,2,0,0,1,2026,0,,0,0,60,0,0,1,0,0,0,60,0,0,0,0,E KENTUCKY,0,0,0,0,,0,,61.1,,64.7,0,159,3,0,0,0,0,2,0,0,1,0,0,
164278,E.J. Colbert,ED,0,0,,0,0,,N ALABAMA,1,D33,0,0,0,6,1,2026,9,71.1,0,0,,0,0,0,0,7,0,65.9,0,0,0,0,N ALABAMA,1,0,0,0,,0,0,64.5,,72.9,0,389,9,0,0,0,0,3,0,0,0,0,2,56.7
164298,Cameron Jamar,CB,3,0,,1,1,100,N ALABAMA,3,D24,21,5,0,0,1,2026,0,52.3,41,3,84.8,0,0,12,0,0,0,49.1,0,0,0,0,N ALABAMA,1,0,0,0,28,16,25,78.6,13.7,75.1,0,389,21,20,0,0,118.8,9,0,0,0,0,0,
164307,Garrick Ponder,ED,0,0,,0,0,,N ALABAMA,1,D10,0,0,0,26,1,2027,38,75.7,0,0,62.3,1,0,1,7,0,0,63.5,0,0,0,0,N ALABAMA,1,0,1,0,,0,0,60.6,,78.1,0,389,38,0,0,0,0,11,0,1,0,0,31,55.7
164318,Ashaad Williams,CB,6,0,,0,2,50,N ALABAMA,5,D21,50,3,0,0,1,2027,3,39.3,37,3,56.4,0,0,32,0,0,0,76.6,45,0,1,0,N ALABAMA,4,0,0,0,16,2,28.6,61.1,12.3,77.5,0,389,53,21,0,1,69.4,21,1,0,0,0,3,
164334,Ben Voigtlaender,ED,0,0,,0,0,,E WASHGTON,0,D11,0,0,0,6,1,2027,11,,0,0,60,0,0,1,0,0,0,61.5,0,0,0,0,E WASHGTON,0,0,0,0,,0,,65.6,,74.2,0,161,11,0,0,0,0,4,0,0,0,0,11,63.9
164336,Aamarii Notice,DI,0,0,,0,0,,IDAHO,0,D92,0,0,0,8,1,2026,23,70.2,0,0,,0,0,0,1,0,0,67,0,0,0,0,IDAHO,0,0,0,0,,0,0,65.7,,73.9,0,185,23,0,22,0,0,15,0,1,0,0,0,57.4
164347,Devante Keys,ED,0,0,,0,0,,TXAMEA,1,D45,0,0,0,14,1,2026,35,75.4,0,0,60,0,0,1,4,0,0,68.1,0,0,0,0,TXAMEA,1,0,0,0,,0,0,64.1,,76.5,0,1139,35,0,3,0,0,20,0,2,0,0,28,54.1
164351,Murvin Kenion III,S,1,0,2026,0,3,0,SACRAMENTO,1,D01,56,18,0,0,1,2028,0,24.1,0,0,63.5,0,0,33,0,0,0,41.3,0,0,0,0,SACRAMENTO,0,0,0,0,,19,60,57.5,,77.5,0,279,56,0,0,0,39.6,23,0,1,19,0,0,
164376,Cooper Barnum,LB,2,0,,0,1,50,MONTANA,0,D40,7,5,0,1,1,2025,0,25.6,13,1,55.9,0,0,5,0,0,0,60,0,0,0,0,MONTANA,0,0,0,0,13,2,100,54.1,13,71.1,0,232,7,13,0,0,70.8,1,0,0,0,0,0,59.1
164427,Dwayne McDougle III,S,2,0,,0,0,100,IDAHO,5,D22,45,13,0,0,1,2028,0,84.6,32,2,59,0,0,16,0,0,0,76.3,0,0,0,0,IDAHO,3,0,0,0,33,3,0,66.9,16,75.6,0,185,45,1,0,0,118.8,29,1,2,29,0,0,
164469,Lamont Johnson-Burrell,CB,1,0,,0,0,0,SACRAMENTO,0,D23,7,1,0,0,1,2028,0,,0,0,63.3,0,0,4,0,0,0,60,6,0,0,0,SACRAMENTO,0,0,0,0,,0,,64.1,,69.2,0,279,7,0,0,0,39.6,3,0,0,0,0,0,
164498,Ty Anderson,LB,2,0,,0,0,0,E TENN ST,0,D10,17,2,1,1,1,2027,2,75.1,0,0,54.6,0,0,9,0,0,0,53.9,0,0,0,0,E TENN ST,1,0,1,0,,13,,58.2,,75.4,0,157,19,0,0,0,39.6,9,0,0,2,0,2,75.2
164502,Darius Johnson Jr.,CB,0,0,,0,0,,GARD-WEBB,0,D12,12,1,0,0,1,2027,0,72.5,0,0,65,0,0,10,0,0,0,60,0,0,0,0,GARD-WEBB,0,0,0,0,,11,0,65.6,,74,0,171,12,0,0,0,0,2,0,1,0,0,0,
164516,Brock Boyer,DI,0,0,,0,0,,ALBANY,0,D54,0,0,0,2,1,2028,4,,0,0,,0,0,0,0,1,0,60.6,0,0,0,0,ALBANY,0,0,0,0,,0,,60.7,,68.7,0,106,4,0,3,0,0,2,0,0,0,0,0,58.9
164526,Parris Smiley,S,0,0,,0,0,,ALBANY,2,D29,30,13,0,0,1,2027,0,81.6,0,0,50.8,0,0,18,0,0,0,70.1,0,0,0,0,ALBANY,0,0,0,0,,1,0,57.6,,74.2,0,106,30,0,0,0,0,12,0,1,16,0,0,
164530,Melkart Abou Jaoude,ED,0,0,,0,0,,DELAWARE,1,D95,0,0,1,17,1,2027,36,75,0,0,,2,0,0,12,0,0,75.3,0,0,0,0,DELAWARE,1,0,3,0,,0,0,75.5,,75.8,0,151,36,0,9,0,0,19,0,1,0,0,15,65.8
164532,Dominick Brogna,DI,0,0,,0,0,,DELAWARE,0,D52,0,0,0,28,1,2027,42,,0,0,,5,0,0,2,38,0,62.1,0,0,0,1,DELAWARE,0,0,5,0,,0,,73.2,,78,0,151,42,0,2,0,0,14,0,0,0,0,0,75.6
164566,Samuel Korpoi,S,4,0,,0,1,75,MONMOUTH,10,D35,57,33,0,3,1,2026,1,74,34,3,68.2,0,0,30,0,0,0,75.7,0,0,0,0,MONMOUTH,5,0,0,0,24,24,7.1,73.6,11.3,73.6,0,231,58,21,0,0,100,25,0,3,0,0,1,65.9
164568,Damir McCrary,LB,2,0,,0,0,100,MONMOUTH,3,D40,39,37,1,5,1,2026,7,80.3,14,2,52.2,0,0,25,0,0,0,60.7,0,0,0,0,MONMOUTH,3,0,1,0,8,2,0,56.3,7,72.7,0,231,46,4,0,0,135.4,16,0,1,0,1,7,63.9
164569,Miles Mitchell,ED,1,0,,0,0,100,MONMOUTH,1,D89,0,0,0,26,1,2026,44,73.9,5,1,60.2,1,0,1,9,0,0,61,0,1,0,0,MONMOUTH,1,0,2,0,5,0,0,62.7,5,78,0,231,44,1,0,0,87.5,17,0,1,0,0,35,60.9
164575,Charlie Sasso,LB,1,0,,0,0,0,MONMOUTH,2,D05,21,20,0,1,1,2027,5,79.5,0,0,64.8,0,0,9,0,0,0,83,0,0,0,0,MONMOUTH,1,0,0,0,,1,0,80.3,,74,0,231,26,0,0,0,39.6,16,0,3,0,0,5,59.5
164606,Anthony Ferrelli,LB,7,0,,0,1,71.4,STNY BROOK,9,D42,59,48,0,2,1,2027,0,69.4,69,5,39.5,1,0,32,0,0,0,85.1,0,0,0,0,STNY BROOK,8,0,1,0,31,11,8.3,58.1,13.8,74,0,303,59,37,0,0,102.7,25,1,2,0,0,0,58.6
164630,Myles Brodie,CB,15,0,,1,0,60,TOWSON,9,D16,72,6,0,0,1,2026,0,83.6,106,9,78.9,0,0,52,0,0,0,70.5,64,0,0,0,TOWSON,4,0,0,0,41,2,0,79.6,11.8,77,0,317,72,30,0,2,81.5,20,0,0,0,0,0,
164649,Andre DePina-Gray,S,0,0,,0,0,,RHODE ISLD,2,D30,35,12,0,0,1,2027,0,79.8,0,0,66,0,0,20,0,0,0,80.5,0,0,0,0,RHODE ISLD,2,0,0,0,,1,0,73.5,,74.7,0,274,35,0,0,0,0,15,0,1,22,0,0,
164653,Sean Stackpole,ED,0,0,,0,0,,STHLSK,0,D47,2,2,0,1,1,2026,5,,0,0,,0,0,0,0,0,0,61,0,0,0,0,STHLSK,0,0,0,0,,0,,62,,70.9,0,1470,7,0,5,0,0,6,0,0,0,0,0,60
164658,Thaddeus Gianaris,ED,0,0,,0,0,,DARTMOUTH,0,D51,0,0,0,0,1,2028,2,,0,0,,0,0,0,0,0,0,60,0,0,0,0,DARTMOUTH,0,0,0,0,,0,,60.1,,68.3,0,148,2,0,0,0,0,2,0,0,0,0,2,
164670,Carter Janki,DI,0,0,,0,0,,PENN,2,D90,0,0,0,22,1,2027,47,76.1,0,0,,0,0,0,6,6,0,71.4,0,1,0,0,PENN,2,0,1,0,,0,0,70.5,,76.2,0,267,47,0,35,0,0,25,0,4,0,0,0,61.1
164672,John Lista,LB,0,0,,0,1,,PENN,8,D44,55,48,0,3,1,2027,0,74.9,0,0,72,0,0,28,0,0,0,72,0,0,0,0,PENN,4,0,0,0,,7,8.3,74.3,,75.4,0,267,55,0,0,0,0,24,0,3,0,0,0,57.2
164673,Kadari Machen,S,4,0,,0,2,50,PENN,4,D02,53,18,0,4,1,2026,2,55.6,14,2,66.7,1,0,27,0,0,0,51,0,0,0,0,PENN,2,0,1,0,11,35,22.2,60,7,77.3,0,267,55,11,0,0,58.3,24,1,3,0,0,2,47.9
164676,Ryan O'Connell,LB,0,0,,0,0,,PENN,3,D41,11,11,0,0,1,2027,0,78.1,0,0,61.4,0,0,3,0,0,0,64.8,0,0,0,0,PENN,2,0,0,0,,0,0,66.7,,67.5,0,267,11,0,0,0,0,8,0,0,0,0,0,
164685,Alec Wills,CB,1,0,,0,1,100,PENN,1,D06,38,4,0,0,1,2027,1,28.3,19,1,49.8,0,0,18,0,0,0,63.7,33,0,0,0,PENN,0,0,0,0,19,1,50,52,19,75.3,0,267,39,8,0,0,158.3,21,0,0,0,1,1,
164694,Da'Quan Gonzales,CB,4,0,,0,0,50,YALE,1,D18,52,5,0,0,1,2027,0,76.2,26,2,58.2,0,0,25,0,0,0,69.9,45,0,0,0,YALE,0,0,0,0,19,0,0,61.6,13,76.1,0,352,52,2,0,0,70.8,27,0,1,2,0,0,
164702,Micaiah Shaber,ED,0,0,,0,1,,YALE,0,D43,0,0,0,9,1,2026,16,,0,0,,2,0,0,0,1,0,54.2,0,0,0,0,YALE,0,0,2,0,,0,100,61.5,,73,0,352,16,0,13,0,0,7,0,0,0,0,2,69
164704,Joshua Tarver,S,2,0,,0,0,50,YALE,1,D06,52,17,0,0,1,2027,1,74.3,5,1,71.2,0,0,28,0,0,0,58.5,0,0,0,0,YALE,0,0,0,0,5,12,0,68.5,5,78.6,0,352,53,10,0,0,56.3,25,0,0,23,0,1,
164712,Kaleb Broadbent,S,0,0,,0,0,,NORFOLK,0,D37,4,2,0,1,1,2027,0,,0,0,60,0,0,1,0,0,0,60.1,0,0,0,0,NORFOLK,0,0,0,0,,2,,61.4,,65.9,0,244,4,0,0,0,0,2,0,0,0,0,0,60
164731,Javontay Martin,ED,0,0,,0,0,,NORFOLK,0,D54,0,0,1,2,1,2027,2,71.1,0,0,,0,0,0,0,0,0,,0,0,0,0,NORFOLK,1,0,1,0,,0,,69.5,,67.3,0,244,2,0,0,0,0,0,0,0,0,0,2,68.5
164744,Jalen Swindell,DI,0,0,,0,0,,NORFOLK,0,D97,0,0,0,2,1,2027,4,,0,0,,0,0,0,0,1,0,60.4,0,0,0,0,NORFOLK,0,0,0,0,,0,,67.7,,69.7,0,244,4,0,3,0,0,2,0,0,0,0,0,66.2
164753,Jaylen Williams,ED,0,0,,0,0,,NORFOLK,2,D93,0,0,0,9,1,2027,21,75.4,0,0,,2,0,0,0,0,0,71,0,0,0,0,NORFOLK,2,0,2,0,,0,0,73.8,,75.7,0,244,21,0,0,0,0,12,0,1,0,0,21,66.3
164772,Malcolm Reed,S,1,0,,0,1,100,NC CENT,3,D02,63,11,0,0,1,2027,0,57.2,11,1,60,0,0,30,0,0,0,59.5,0,0,0,0,NC CENT,1,0,0,0,11,8,20,60,11,77.5,0,247,63,7,0,0,112.5,33,0,1,44,0,0,
164790,Braxton Sampson,ED,0,0,,0,1,,INDIANA ST,2,D42,0,0,0,33,1,2027,60,58.6,0,0,65.6,2,0,0,2,0,0,73.1,0,0,0,0,INDIANA ST,2,0,2,0,,0,20,67.7,,80,0,191,60,0,0,0,0,27,2,2,0,0,58,53.4
164807,J.J. O'Neal,S,5,0,,0,1,80,MO STATE,5,D16,75,42,0,0,1,2027,0,66.6,31,4,64.7,0,0,38,0,0,0,68.3,0,0,0,0,MO STATE,1,0,0,0,12,13,12.5,66.7,7.8,76.9,0,230,75,14,0,0,92.5,37,0,2,20,0,0,
164814,Gilles Tchio,DI,0,0,,0,0,,MO STATE,2,D57,0,0,0,11,1,2027,31,72.2,0,0,,0,0,0,0,1,0,63.3,0,0,1,0,MO STATE,1,0,0,0,,0,0,56,,0,0,230,31,0,30,0,0,20,0,0,0,0,0,57.1
164824,Gary Bryant III,LB,2,0,,0,0,100,S DAKOTA,8,D10,62,58,0,2,1,2027,1,84.3,23,2,71.3,0,0,28,0,0,0,74.1,0,0,0,0,S DAKOTA,3,0,0,0,20,4,0,75.7,11.5,76.6,0,291,63,16,0,0,114.6,33,0,2,0,0,1,57.1
164828,Chris Dixon,DI,0,0,,0,0,,S DAKOTA,0,D50,0,0,0,3,1,2027,13,71.9,0,0,,0,0,0,2,0,0,72.8,0,0,0,0,S DAKOTA,0,0,0,0,,0,0,72.9,,71.5,0,291,13,0,11,0,0,10,0,2,0,0,0,58.2
164831,Mi'Quise Humphrey-Grace,ED,0,0,,0,0,,S DAKOTA,3,D90,1,1,1,34,1,2028,71,76.7,0,0,,2,0,0,15,0,1,66.8,0,0,1,0,S DAKOTA,4,1,3,1,,0,0,65.5,,4.6,0,291,72,0,0,0,0,38,1,0,0,0,56,66.2
164854,Jalen Lee,CB,1,0,,0,0,100,S DAK ST,1,D06,3,3,0,0,1,2027,0,73.1,0,1,51.6,0,0,3,0,0,0,,0,0,1,0,S DAK ST,1,0,0,0,0,0,0,48.6,0,63.6,0,292,3,0,0,0,79.2,0,0,0,0,0,0,
164864,Logan Green,DI,0,0,,0,0,,S DAK ST,0,D51,0,0,0,9,1,2028,16,,0,0,,0,0,0,0,2,0,67.5,0,0,0,0,S DAK ST,0,0,0,0,,0,,64.5,,72.7,0,292,16,0,14,0,0,7,0,0,0,0,0,55.7
164871,Bryce Johnson,LB,0,0,,0,0,,S DAK ST,0,D33,0,0,0,0,1,2028,1,,0,0,,0,0,0,0,0,0,60,0,0,0,0,S DAK ST,0,0,0,0,,0,,60.6,,66,0,292,1,0,0,0,0,1,0,0,0,0,1,
164901,Nehemiah Dukes,DI,0,0,,0,0,,YNGTOWN ST,0,D44,0,0,0,15,1,2028,34,70.2,0,0,,1,0,0,3,3,0,72.4,0,0,1,0,YNGTOWN ST,0,0,1,0,,0,0,66.2,,0,0,353,34,0,28,0,0,19,0,1,0,0,0,62.7
164917,Jordan Rudolph,CB,3,0,,0,0,33.3,YNGTOWN ST,1,D10,34,1,0,0,1,2028,0,78.2,31,1,42.5,0,0,14,0,0,0,70.7,33,0,0,0,YNGTOWN ST,0,0,0,0,31,0,0,48,31,74.8,0,353,34,10,0,0,72.9,20,0,1,0,0,0,
164923,Michael Wells,LB,0,0,,0,0,,YNGTOWN ST,0,D08,8,8,0,1,1,2027,6,,0,0,61.3,0,0,3,0,0,0,63.3,0,0,0,0,YNGTOWN ST,0,0,0,0,,0,,65.2,,75.2,0,353,14,0,0,0,0,10,0,0,0,0,6,60
164935,Ryan Crandall,LB,6,0,,0,3,83.3,W ILLINOIS,5,D13,48,27,0,1,1,2026,4,42.7,60,5,38.8,1,0,19,0,0,0,56.1,0,0,0,0,W ILLINOIS,2,0,1,0,20,21,27.3,44.6,12,74.5,0,345,52,16,0,0,147.9,32,0,3,0,1,4,59.9
164943,Tre Henry,DI,0,0,,0,2,,W ILLINOIS,1,D06,0,0,0,9,1,2026,28,20.8,0,0,,0,0,0,0,2,0,49.8,0,0,0,0,W ILLINOIS,0,0,0,0,,0,66.7,50,,74.5,0,345,28,0,26,0,0,19,0,0,0,0,0,57.5
164950,Tahjae Mullix,DI,0,0,,0,0,,W CAROLINA,1,D10,0,0,0,18,1,2027,42,69.7,0,0,,1,0,0,2,5,0,69.9,0,0,0,0,W CAROLINA,0,0,1,0,,0,0,68.3,,76.3,0,344,42,0,35,0,0,24,0,0,0,0,0,59.4
164964,Elijah West,S,7,0,,0,2,85.7,SOUTHERN U,3,D04,65,17,0,1,1,2026,0,29.2,67,6,54.2,0,0,40,0,0,1,62.4,3,0,0,0,SOUTHERN U,2,0,0,0,28,45,40,55.7,11.2,77.2,0,297,65,37,0,1,106.5,24,1,0,0,0,0,60
164983,Olanrewaju Adeyemi,ED,0,0,,0,0,,WAGNER,1,D31,0,0,0,7,1,2027,18,73.9,0,0,,0,0,0,1,0,0,59.2,0,1,1,0,WAGNER,0,0,1,0,,0,0,49.6,,0,0,338,18,0,5,0,0,11,0,1,0,0,12,56.8
164986,Uchenna Ibe,LB,0,0,,0,0,,WAGNER,2,D38,3,1,0,0,1,2026,0,77.7,0,0,,0,0,0,0,0,0,66.7,0,0,0,0,WAGNER,0,0,0,0,,2,0,66.5,,68.2,0,338,3,0,0,0,0,3,0,0,0,0,0,
164992,Gavin Bryson,CB,1,0,,0,0,0,CENT CT ST,1,D01,26,1,0,1,1,2026,1,74.2,0,0,74.2,0,0,11,0,0,0,65.5,25,0,0,0,CENT CT ST,1,0,0,0,,0,0,74.3,,74.5,0,133,27,0,0,1,39.6,15,0,0,0,0,1,59.7
164993,Kimal Clark,S,1,0,,0,1,100,CENT CT ST,7,D05,42,15,0,0,1,2026,0,70.2,24,1,65.5,0,0,22,0,0,0,52.1,0,0,1,0,CENT CT ST,3,0,0,0,24,14,11.1,57.2,24,0,0,133,42,2,0,0,118.8,20,0,1,13,0,0,
164995,Reggie Darkah,ED,0,0,,0,0,,CENT CT ST,1,D58,0,0,1,8,1,2027,16,73.3,0,0,,0,0,0,5,0,0,63.9,0,0,0,0,CENT CT ST,2,0,1,0,,0,0,65.9,,73.9,0,133,16,0,2,0,0,8,0,0,0,0,9,63
165015,Gavin Taylor,ED,0,0,,0,0,,CENT CT ST,2,D09,6,2,0,13,1,2027,22,75.2,0,0,60.5,0,0,2,0,0,0,52.6,0,0,1,0,CENT CT ST,1,0,0,0,,4,0,44.8,,0,0,133,28,0,0,0,0,13,1,0,0,0,22,52.7
165016,Sharod Watkins,DI,0,0,,0,0,,CENT CT ST,1,D93,0,0,1,9,1,2030,19,73.8,0,0,,0,0,0,0,12,0,71.6,0,0,0,0,CENT CT ST,2,0,1,0,,0,0,73.1,,75.1,0,133,19,0,7,0,0,10,1,1,0,0,0,64.3
165017,Malachi Wright,LB,0,0,,0,4,,CENT CT ST,3,D08,56,56,1,0,1,2026,0,27.4,0,0,48.3,0,0,27,0,0,0,52.9,0,0,0,0,CENT CT ST,1,0,1,0,,0,44.4,44.6,,73.8,0,133,56,0,0,0,0,29,0,2,0,0,0,43.1
165022,Zack Athy,ED,0,0,,0,0,,STHLSK,3,D99,0,0,0,37,1,2026,65,75.9,0,0,,1,0,0,4,1,0,63.9,0,0,0,0,STHLSK,3,0,1,0,,0,0,60.4,,78.7,0,1470,65,0,4,0,0,28,0,1,0,0,56,55.5
165025,Tyler Bannon,S,2,0,,0,0,100,STHLSK,7,D15,40,7,0,3,1,2027,3,84.6,21,2,58.7,0,0,19,0,0,0,79.4,0,0,0,0,STHLSK,4,0,0,0,14,33,0,65.6,10.5,80,0,1470,43,5,0,0,110.4,21,0,2,0,0,3,57
165032,Brock Butler,S,3,0,,0,0,66.7,STHLSK,3,D35,25,2,0,0,1,2026,3,81.3,27,2,63.2,0,0,16,0,0,0,71.4,0,0,0,0,STHLSK,1,0,0,0,18,23,0,67,13.5,78.1,0,1470,28,9,0,0,95.1,12,0,2,0,0,3,
165038,Marc Christian-Georges,LB,0,0,,0,0,,MERRIMACK,2,D06,8,6,0,1,1,2025,4,75.7,0,0,61.2,0,0,3,0,0,0,65.9,0,0,0,0,MERRIMACK,1,0,0,0,,2,0,66.5,,71.3,0,385,12,0,0,0,0,8,0,0,0,0,4,60
165056,Matthew DeVirgilio,LB,0,0,,0,1,,STHLSK,0,D44,6,4,0,4,1,2026,5,24.9,0,0,62.6,1,0,5,0,0,0,60,0,0,0,0,STHLSK,0,0,1,0,,2,100,55.7,,73.6,0,1470,11,0,0,0,0,2,0,0,0,0,5,47.8
165080,Jordan Irvine,S,8,0,,0,2,87.5,STHLSK,8,D04,70,13,0,0,1,2027,0,62.5,150,7,30.6,0,0,37,0,0,0,61,0,0,0,0,STHLSK,0,0,0,0,32,7,16.7,32,21.4,78.4,0,1470,70,25,0,0,158.3,33,0,2,50,2,0,
165089,Dominic Mangiafico,LB,0,0,,0,0,,STHLSK,0,D42,37,36,0,0,1,2026,1,78.5,0,0,66,0,0,21,0,0,0,66.1,0,0,0,0,STHLSK,0,0,0,0,,1,0,68.6,,76.7,0,1470,38,0,0,0,0,17,0,3,0,0,1,
165091,Faisal Mass,ED,0,0,,0,0,,STHLSK,1,D52,0,0,0,33,1,2027,60,72.8,0,0,,1,0,0,6,3,0,63.8,0,1,0,3,STHLSK,1,0,2,0,,0,0,68.8,,77.9,0,1470,60,0,38,0,0,27,0,1,0,0,13,69.2
165095,Marje Mulumba,LB,2,0,,0,5,50,DELAWARE,6,D32,38,36,2,2,1,2026,5,37.7,10,1,59.4,0,0,18,0,0,0,71.5,0,0,0,0,DELAWARE,7,0,2,0,10,2,41.7,71.7,10,76.9,0,151,43,7,0,1,64.6,23,1,1,0,0,5,75.8
165113,Mo Seide,CB,5,0,,0,1,60,STHLSK,2,D01,37,0,0,0,1,2027,0,53.5,33,3,60.4,0,0,21,0,0,0,53.6,32,0,0,0,STHLSK,0,0,0,0,12,5,33.3,58.9,11,75.5,0,1470,37,11,0,0,119.2,16,0,0,0,1,0,
165119,Guershan Suffrant,S,2,0,,0,0,100,STHLSK,1,D31,22,11,0,1,1,2027,0,77.1,53,2,29.4,0,0,14,0,0,0,50.6,0,0,0,0,STHLSK,0,0,0,0,36,2,0,28.1,26.5,73,0,1470,22,16,0,0,158.3,7,0,1,9,1,0,58.9
165124,Justin Waters,LB,1,0,,0,0,0,CHARLES SO,0,D30,28,28,0,1,1,2026,4,73.6,0,0,70.6,0,0,12,0,0,0,60.5,0,0,0,0,CHARLES SO,0,0,0,0,,0,0,68,,76.8,0,135,32,0,0,0,39.6,19,0,1,0,0,4,60
165126,PJ Williams,DI,0,0,,0,0,,STHLSK,2,D90,1,1,0,19,1,2026,41,71.9,0,0,,0,0,0,0,8,0,64.5,0,1,0,0,STHLSK,1,0,1,0,,0,0,65,,76.2,0,1470,42,0,32,0,0,23,0,0,0,0,1,61.5
165134,Luke Wagner,ED,0,0,,0,0,,E ILLINOIS,1,D44,0,0,0,3,1,2025,12,74.7,0,0,,0,0,0,0,0,0,52,0,0,0,0,E ILLINOIS,0,0,0,0,,0,0,50.8,,75.1,0,158,12,0,0,0,0,9,0,1,0,0,12,57.5
165142,Slade Dollar,LB,0,0,,0,0,,SE MO ST,0,D25,1,0,0,0,1,2026,0,73.9,0,0,,0,0,0,0,0,0,61.8,0,0,0,0,SE MO ST,0,0,0,0,,0,0,67,,60,0,293,1,0,0,0,0,1,0,1,0,0,0,
165144,Octavius Henderson,CB,3,0,,0,0,66.7,SE MO ST,1,D21,49,5,0,0,1,2028,0,78.9,42,2,58.4,0,0,27,0,0,0,67.9,0,0,1,0,SE MO ST,1,0,0,0,40,41,0,57.4,21,0,0,293,49,47,0,1,109.7,22,0,2,2,0,0,
165166,Cam Robertson,S,0,0,,0,0,,TENN MARTN,0,D28,3,0,0,0,1,2027,0,,0,0,,0,0,0,0,0,0,60,0,0,0,0,TENN MARTN,0,0,0,0,,0,,60,,68.9,0,310,3,0,0,0,0,3,0,0,3,0,0,
165168,Jarel Savage,DI,0,0,,0,0,,TENN MARTN,1,D99,0,0,0,16,1,2026,22,72.5,0,0,,0,0,0,0,21,0,66.3,0,1,0,0,TENN MARTN,1,0,1,0,,0,0,66.4,,76.6,0,310,22,0,1,0,0,6,0,2,0,0,0,61.4
165183,Colbe Haddox,DI,0,0,,0,0,,MURRAY ST,0,D97,0,0,0,9,1,2028,16,70.2,0,0,,0,0,0,4,3,0,63.8,0,0,1,0,MURRAY ST,0,0,0,0,,0,0,50.5,,0,0,236,16,0,9,0,0,7,0,1,0,0,0,55.5
165185,Justus Johnson,CB,4,0,,0,0,50,SE MO ST,4,D18,60,0,0,0,1,2027,0,80.7,56,2,65.7,0,0,32,0,0,0,63.7,60,0,1,0,SE MO ST,2,0,0,0,36,0,0,66.3,28,76.9,0,293,60,7,0,0,95.8,28,0,1,0,0,0,
165186,Jkobe Jones,CB,0,0,,0,0,,MURRAY ST,0,D27,12,3,0,0,1,2027,0,77.6,0,0,64.3,0,0,4,0,0,0,64.5,9,0,0,0,MURRAY ST,0,0,0,0,,0,0,66.8,,70.5,0,236,12,0,0,0,0,8,0,2,0,0,0,
165187,Jerome Logan Jr.,DI,0,0,,0,0,,MURRAY ST,0,D91,0,0,0,5,1,2027,13,,0,0,,0,0,0,0,9,0,63,0,0,0,0,MURRAY ST,0,0,0,0,,0,,61.9,,73.5,0,236,13,0,4,0,0,8,0,0,0,0,0,57.3
165194,Jawaun Northington,HB,0,0,,0,0,,MURRAY ST,0,30,1,0,0,0,1,2027,0,,0,0,,0,0,0,0,0,0,60,0,0,0,0,MURRAY ST,0,0,0,0,,0,,60,,60,0,236,1,0,0,0,0,1,0,0,0,0,0,
165200,Jeffrey Selby,LB,0,0,,0,0,,MURRAY ST,0,D47,1,0,0,0,1,2027,0,,0,0,,0,0,0,0,0,0,60,0,0,0,0,MURRAY ST,0,0,0,0,,0,,60,,60,0,236,1,0,0,0,0,1,0,0,0,0,0,
165205,Caldra Williford,CB,1,0,,0,1,100,TENN TECH,1,D13,63,7,0,1,1,2027,0,28.1,12,1,64.3,0,0,30,0,0,0,70.6,54,0,0,0,TENN TECH,1,0,0,0,12,0,50,66,12,76.8,0,309,63,1,0,0,116.7,32,0,0,2,0,0,58.3
165218,Amare Hill,CB,5,0,,0,1,60,DAVIDSON,4,D03,56,6,0,0,1,2028,0,53.2,78,3,57.2,0,0,20,0,0,0,61.7,50,0,0,0,DAVIDSON,0,0,0,0,48,0,20,58.5,26,75.9,0,149,56,27,0,1,104.2,36,0,0,0,0,0,
165219,Josiah Jackson,DI,0,0,,0,1,,DAVIDSON,1,D95,0,0,0,8,1,2027,25,27.6,0,0,,1,0,0,1,1,0,62.9,0,0,0,0,DAVIDSON,1,0,1,0,,0,50,62.1,,74.5,0,149,25,0,23,0,0,17,0,0,0,0,0,57.3
165221,Mikah Kent,ED,0,0,,0,1,,DAVIDSON,1,D10,0,0,0,10,1,2026,34,28,0,0,,0,0,0,16,0,0,57,0,0,0,0,DAVIDSON,1,0,0,0,,0,50,60.3,,75.5,0,149,34,0,3,0,0,24,0,0,0,0,15,64.8
165223,T.J. Magee,CB,4,0,,0,0,0,DAVIDSON,3,D05,54,14,0,0,1,2028,0,79.3,0,0,88.3,0,0,20,0,0,0,66.3,39,0,0,0,DAVIDSON,0,0,0,0,,1,0,82.9,,74.5,0,149,54,0,0,3,39.6,34,0,1,0,0,0,
165224,Sabin McLaughlin,S,2,0,,0,3,100,DAVIDSON,2,D08,44,18,0,3,1,2027,8,26.1,62,2,37.4,1,0,16,0,0,0,46.7,0,0,1,0,DAVIDSON,2,0,1,0,45,26,60,36.9,31,0,0,149,52,33,0,0,118.8,33,0,0,0,0,8,68
165233,Camron Willis,LB,0,0,,0,0,,DAVIDSON,2,D11,17,15,0,16,1,2026,37,77.2,0,0,60.3,1,0,2,0,0,0,38.2,1,0,0,0,DAVIDSON,1,0,1,0,,1,0,43.3,,81.9,0,149,54,0,0,0,0,36,0,1,0,0,37,56.6
165236,Josh Anderson,CB,6,0,,0,0,50,DAYTON,1,D03,32,5,0,1,1,2026,0,76.2,141,3,49.2,0,0,19,0,0,0,62,23,0,0,0,DAYTON,0,0,0,0,88,4,0,50.6,47,74.8,0,150,32,78,0,1,135.4,12,0,1,0,1,0,59.2
165238,Chase Brown,ED,0,0,,0,0,,DAYTON,1,D55,0,0,0,19,1,2027,42,73.8,0,0,,1,0,0,9,0,1,68.6,0,1,0,0,DAYTON,1,0,2,0,,0,0,70.4,,77.7,0,150,42,0,1,0,0,23,1,1,0,0,32,65.6
165240,Cam Cope,CB,6,0,,0,2,50,DAYTON,3,D09,42,1,0,0,1,2027,1,26.4,63,3,65.7,0,0,22,0,0,0,62.2,41,0,0,0,DAYTON,2,0,0,0,33,0,40,65.8,21,76.1,0,150,43,21,0,0,87.5,21,0,0,0,0,1,
165245,Jayson Harris-Woodard,ED,0,0,,0,0,,DAYTON,0,D93,0,0,0,12,1,2026,23,,0,0,,1,0,0,1,0,0,62.6,0,0,0,0,DAYTON,0,0,1,0,,0,,69,,75.5,0,150,23,0,3,0,0,11,0,0,0,0,19,69.4
165250,Gideon ESPN Lampron,LB,2,0,,0,0,100,DAYTON,5,D33,51,44,1,9,1,2027,4,82.2,12,2,49.9,0,0,19,0,0,0,78.8,0,1,0,0,DAYTON,5,0,2,0,10,7,0,67.6,6,77,0,150,55,5,0,0,131.3,27,2,1,0,1,4,70.3
165253,Luke Mitchell,S,1,0,,0,0,100,DAYTON,2,D04,37,8,0,0,1,2027,0,81.2,11,1,58.4,0,0,16,0,0,0,71.1,0,0,0,0,DAYTON,0,0,0,0,11,3,0,64,11,75.4,0,150,37,14,0,0,112.5,21,0,2,26,0,0,
165269,Zane Fullmer,FB,0,0,,0,0,,SAN DIEGO,0,85,1,0,0,1,1,2026,0,,0,0,,0,0,0,0,0,0,,0,0,0,0,SAN DIEGO,0,0,0,0,,0,,60,,60,0,283,1,0,0,0,0,0,0,0,0,0,0,60
165270,Jack Hemmert,DI,0,0,,0,0,,SAN DIEGO,0,D98,0,0,0,10,1,2026,31,,0,0,,0,0,0,0,31,0,74.9,0,0,0,0,SAN DIEGO,0,0,0,0,,0,,75.8,,77,0,283,31,0,0,0,0,21,0,0,0,0,0,64.4
165271,Jake Higgins,CB,1,0,,0,0,0,SAN DIEGO,0,D33,1,0,0,0,1,2026,0,,0,0,60,0,0,1,0,0,0,,0,0,0,0,SAN DIEGO,0,0,0,0,,0,,62.4,,60,0,283,1,0,0,0,39.6,0,0,0,0,0,0,
165277,Ruben Lopez,S,2,0,,0,1,50,SAN DIEGO,3,D06,46,26,0,2,1,2027,1,55,-1,1,66.7,0,0,16,0,0,1,48.2,1,0,0,0,SAN DIEGO,2,0,0,0,-1,6,20,58.2,-1,75.1,0,283,47,2,0,0,56.3,29,0,1,12,0,1,58.6
165280,Ryan Meloche,S,0,0,,0,0,,SAN DIEGO,1,D13,7,5,0,2,1,2026,2,74.8,0,0,61.1,0,0,3,0,0,0,61.4,0,0,0,0,SAN DIEGO,0,0,0,0,,0,0,62.3,,71.2,0,283,9,0,0,0,0,4,0,0,1,0,2,58.3
165285,Jerry Rangel,ED,0,0,,0,0,,SAN DIEGO,1,D32,1,0,0,2,1,2026,13,73,0,0,60.4,0,0,2,0,0,0,63.3,0,0,0,0,SAN DIEGO,0,0,0,0,,0,0,63.2,,74.5,0,283,14,0,0,0,0,10,0,0,0,0,13,60
165290,Ezekiel Swayne,CB,0,0,,0,0,,SAN DIEGO,0,D27,1,0,0,0,1,2027,0,,0,0,60,0,0,1,0,0,0,,0,0,0,0,SAN DIEGO,0,0,0,0,,0,,62.4,,60,0,283,1,0,0,0,0,0,0,0,0,0,0,
165296,Charlie Boucher,ED,0,0,,0,0,,STTHOM,0,D20,2,0,0,5,1,2027,13,,0,0,61.8,0,0,3,0,0,0,55,0,0,0,0,STTHOM,0,0,0,0,,2,,55.7,,76.7,0,1129,15,0,0,0,0,7,0,0,0,0,13,55.8
165299,Ryan Calcagno,S,2,0,,1,0,100,STTHOM,2,D22,45,24,1,2,1,2026,1,79.3,25,2,51.3,0,0,23,0,0,0,67,0,0,0,0,STTHOM,1,0,1,0,13,12,0,62,12.5,76.5,0,1129,46,0,0,0,158.3,21,0,0,9,1,1,86.2
165301,Logan Cassady,CB,1,0,,0,0,0,STTHOM,0,D02,20,0,0,0,1,2026,0,,0,0,58,0,0,13,0,0,0,60.8,20,0,0,0,STTHOM,0,0,0,0,,0,,58.6,,73.1,0,1129,20,0,0,0,39.6,7,0,0,0,0,0,
165306,Rod Finley,S,1,0,,0,0,0,STTHOM,0,D08,4,1,0,0,1,2027,0,,0,0,47.5,0,0,4,0,0,0,,0,0,0,0,STTHOM,0,0,0,0,,1,,48.6,,69,0,1129,4,0,0,0,39.6,0,0,0,2,0,0,
165309,Den Juette,CB,5,0,,0,1,40,STTHOM,3,D11,46,0,0,0,1,2027,0,46.9,43,2,73.6,0,1,26,0,0,0,54.3,45,0,1,0,STTHOM,1,1,0,0,39,1,25,70.3,21.5,76.1,0,1129,46,14,0,0,31.7,20,0,0,0,0,0,
165318,Jordan Pendleton,ED,0,0,,0,1,,STTHOM,0,D17,0,0,0,7,1,2028,15,24.9,0,0,60.2,0,0,2,0,0,0,54.1,0,0,0,0,STTHOM,0,0,0,0,,0,100,52.8,,75.8,0,1129,15,0,0,0,0,6,0,0,0,0,15,54.9
165323,Mitchell Schares,ED,0,0,,0,0,,STTHOM,0,D16,1,0,0,5,1,2027,8,,0,0,61.6,0,0,3,0,0,0,60,0,0,0,0,STTHOM,0,0,0,0,,1,,59.2,,74,0,1129,9,0,0,0,0,1,0,0,0,0,8,55.8
165324,Ryan Sever,LB,0,0,,0,0,,STTHOM,5,D10,44,42,1,14,1,2026,1,81.2,0,0,69.5,4,0,12,0,0,1,78.6,0,0,0,0,STTHOM,5,0,5,0,,2,0,83.6,,75.1,0,1129,45,0,0,0,0,19,0,0,0,0,1,74.9
165328,Evan Tyler,DI,0,0,,0,0,,STTHOM,0,D42,0,0,1,13,1,2027,24,75.3,0,0,,1,0,0,8,0,0,72.8,0,0,0,0,STTHOM,1,0,2,0,,0,0,73.6,,73.8,0,1129,24,0,13,0,0,11,0,3,0,0,3,64.5
165345,Daniel Marsh,ED,0,0,,0,0,,STETSON,2,D96,0,0,0,6,1,2027,20,73.7,0,0,,1,0,0,5,0,0,53.9,0,0,0,0,STETSON,2,0,1,0,,0,0,52.9,,74.6,0,302,20,0,0,0,0,14,0,0,0,0,15,56.2
165350,Nikkem Reynolds,CB,6,0,,0,0,66.7,STETSON,5,D00,57,17,0,1,1,2027,1,82,77,4,73.7,0,0,21,0,0,0,52.5,34,0,0,0,STETSON,1,0,0,0,36,6,0,66.8,19.3,75.1,0,302,58,22,0,1,109.7,36,0,2,0,0,1,58.9
165356,Brysson Stouffer,ED,0,0,,0,0,,STETSON,2,D59,0,0,0,5,1,2027,12,75.2,0,0,,0,0,0,4,0,0,78.5,0,0,0,0,STETSON,2,0,0,0,,0,0,76,,73.2,0,302,12,0,0,0,0,7,0,1,0,0,8,56
165363,Wade Abrams,LB,2,0,,0,0,100,S DAKOTA,1,D49,16,15,0,0,1,2027,0,79,11,2,65.8,0,0,5,0,0,0,67.2,0,0,0,0,S DAKOTA,0,0,0,0,6,1,0,70.4,5.5,71.3,0,291,16,10,0,0,89.6,11,0,3,0,0,0,
165378,Alex Goworowski,ED,0,0,,0,0,,VALPO,0,D42,0,0,1,10,1,2027,15,71.1,0,0,60,1,0,1,1,0,0,60.4,0,0,0,0,VALPO,1,0,2,0,,0,,67.7,,73.6,0,332,15,0,0,0,0,4,0,0,0,0,14,67.4
165423,Cam Sturdifen,S,0,0,,0,0,,HAMPTON,0,D11,5,4,2,4,1,2027,1,76.3,0,0,60,0,0,1,0,0,0,60,0,0,0,0,HAMPTON,2,0,2,0,,1,,80.6,,71.7,0,178,6,0,0,0,0,1,0,0,0,0,1,75.7
165424,Brandon Murphy,S,0,0,,0,0,,HAMPTON,0,D05,1,0,0,0,1,2025,0,,0,0,60,0,0,1,0,0,0,,0,0,0,0,HAMPTON,0,0,0,0,,1,,60,,63.5,0,178,1,0,0,0,0,0,0,0,0,0,0,
165435,Zanjerry Dunham,LB,3,0,,0,0,33.3,SCAR STATE,3,D07,42,29,0,0,1,2028,1,80.3,8,1,69.4,0,0,22,0,0,0,43.8,0,0,0,0,SCAR STATE,1,0,0,0,8,13,0,59.6,8,76.7,0,290,43,3,0,0,42.4,21,0,1,0,0,1,
165446,Jaeon Allen,CB,1,0,,0,2,100,SCAR STATE,0,D16,11,1,0,0,1,2027,0,22.3,9,1,54.6,0,0,7,0,0,0,35,10,0,0,0,SCAR STATE,0,0,0,0,9,0,100,42.4,9,70.4,0,290,11,0,0,0,104.2,4,0,0,0,0,0,
165449,Jadin Jones,LB,0,0,,0,0,,SCAR STATE,0,D29,17,13,0,0,1,2026,0,73.2,0,0,63,1,0,11,0,0,0,65.2,0,0,1,0,SCAR STATE,0,0,1,0,,4,0,55.7,,0,0,290,17,0,0,0,0,6,0,1,0,0,0,
165450,Marquis Bradley,CB,0,0,,0,0,,SCAR STATE,1,D03,11,0,0,0,1,2028,0,73.5,0,0,64.5,0,0,7,0,0,0,62.4,11,0,0,0,SCAR STATE,0,0,0,0,,0,0,66.3,,71.4,0,290,11,0,0,0,0,4,0,0,0,0,0,
165453,Kwantre' Harry,S,0,0,,0,2,,SCAR STATE,2,D24,35,4,0,1,1,2028,7,28.5,0,0,69.9,0,0,21,0,0,0,54.9,0,0,0,0,SCAR STATE,2,0,0,0,,31,33.3,65.1,,79.7,0,290,42,0,0,0,0,20,1,2,0,0,7,60
165457,Ashaad Hall,ED,0,0,,0,2,,SCAR STATE,0,D19,0,0,2,17,1,2026,28,27.8,0,0,,1,0,0,4,0,0,49.5,0,0,0,0,SCAR STATE,2,0,3,0,,0,66.7,55,,76.9,0,290,28,0,0,0,0,11,0,1,0,0,24,62.1
165462,Micaiah Settles,DI,0,0,,0,0,,SCAR STATE,1,D96,0,0,0,7,1,2026,11,70.2,0,0,,1,0,0,3,2,0,63.7,0,0,0,0,SCAR STATE,1,0,1,0,,0,0,66.7,,72.5,0,290,11,0,6,0,0,4,0,0,0,0,0,63.1
165463,Jamal McKinney,ED,0,0,,0,0,,SCAR STATE,2,D97,0,0,0,10,1,2025,20,73.3,0,0,,0,0,0,2,0,0,71.6,0,0,0,0,SCAR STATE,2,0,0,0,,0,0,69.8,,75,0,290,20,0,6,0,0,10,2,0,0,0,12,59.4
165649,Javon Davis,CB,5,0,,0,0,40,MCNEESE,4,D05,71,9,0,3,1,2027,1,79.1,26,2,64.4,0,0,37,0,0,0,67.2,0,0,1,0,MCNEESE,1,0,0,0,15,60,0,65.7,13,79.9,0,217,72,11,0,1,57.1,32,0,0,2,0,1,58
165663,Zack Vicknair,S,0,0,,0,0,,SE LA,1,D29,14,4,0,0,1,2027,0,78.8,0,0,63.4,0,0,8,0,0,0,70.6,0,0,0,0,SE LA,0,0,0,0,,2,0,69.2,,73.2,0,294,14,0,0,0,0,6,0,1,8,0,0,
165707,Jared Fotu,LB,0,0,,0,1,,UTAHTC,5,D07,59,58,0,1,1,2026,8,72.3,0,0,71.5,0,0,17,0,0,0,58.9,0,0,0,0,UTAHTC,3,0,0,0,,1,10,64.8,,77.3,0,1285,67,0,0,1,0,49,0,4,0,0,8,59.8
165718,Will Alovao,ED,0,0,,0,1,,UTAHTC,1,D98,1,0,0,8,1,2028,39,45.6,0,0,,0,0,0,0,0,0,67.3,0,0,1,0,UTAHTC,1,0,0,0,,1,33.3,59.1,,0,0,1285,40,0,0,0,0,32,1,1,0,0,39,54.5
165728,Iese Puni,LB,0,0,,0,1,,W GEORGIA,2,D11,8,8,0,0,1,2026,2,30.7,0,0,61.2,0,0,3,0,0,0,57.8,0,0,0,0,W GEORGIA,2,0,0,0,,0,33.3,59.3,,70.6,0,1177,10,0,0,0,0,7,0,0,0,0,2,
165732,Jaxson Smith,LB,1,0,,0,0,0,UTAHTC,0,D22,8,5,0,0,1,2025,0,,0,0,75.4,0,0,6,0,0,0,60,0,0,0,0,UTAHTC,0,0,0,0,,3,,78,,68.3,0,1285,8,0,0,1,39.6,2,0,0,0,0,0,
165754,Brayden Faulkner,LB,1,0,,0,2,100,LAMAR,3,D17,41,40,0,8,1,2026,0,29.3,16,1,47.7,0,0,17,0,0,0,77.9,0,0,0,0,LAMAR,3,0,0,0,16,1,33.3,58.8,16,75.7,0,204,41,2,0,0,118.8,16,0,1,0,0,0,51.8
165755,Jacob Ferree,DI,0,0,,0,0,,LAMAR,0,D42,0,0,0,8,1,2028,15,,0,0,,0,0,0,3,2,0,66.8,0,0,0,0,LAMAR,0,0,0,0,,0,,64.8,,73.5,0,204,15,0,10,0,0,7,0,0,0,0,0,57
165771,Du'Wayne Paulhill Jr.,CB,2,0,,0,0,0,LAMAR,0,D30,25,3,0,4,1,2027,2,,0,0,64.6,0,0,11,0,0,0,67.5,0,0,0,0,LAMAR,0,0,0,0,,22,,65.7,,76.9,0,204,27,0,0,0,39.6,12,0,0,0,0,2,56.4
165772,Kristian Pugh,S,3,0,,0,0,33.3,LAMAR,3,D01,35,22,0,0,1,2026,0,82.9,13,1,54.5,0,0,24,0,0,0,76,0,0,1,0,LAMAR,1,0,0,0,13,9,0,60.7,13,74.9,0,204,35,4,0,0,47.9,11,0,2,4,0,0,
165801,Josh Dunn,LB,5,0,,0,1,40,SO UTAH,4,D08,50,32,1,3,1,2026,2,59.4,21,2,66.8,0,0,35,0,0,0,69.1,0,0,0,0,SO UTAH,3,0,1,0,11,18,16.7,70.6,10.5,75.8,0,298,52,11,0,0,52.9,14,0,1,0,0,2,70
165810,Josh Lopez,ED,0,0,,0,0,,SO UTAH,0,D45,0,0,0,2,1,2025,4,,0,0,,0,0,0,0,0,0,60,0,0,0,0,SO UTAH,0,0,0,0,,0,,49,,70.3,0,298,4,0,0,0,0,2,0,0,0,0,4,59.4
165815,Payton Payne,DI,0,0,,0,0,,SO UTAH,1,D33,0,0,0,29,1,2025,44,69.7,0,0,,0,0,0,0,0,0,70.8,0,0,0,0,SO UTAH,1,0,0,0,,0,0,68.7,,75.6,0,298,44,0,44,0,0,15,0,0,0,0,0,61.4
165819,Anisi Purcell,ED,0,0,,0,0,,SO UTAH,2,D94,0,0,1,18,1,2027,31,74.9,0,0,,2,0,0,0,0,0,71.1,0,0,0,0,SO UTAH,2,0,3,0,,0,0,75.1,,76.3,0,298,31,0,0,0,0,13,1,0,0,0,31,69.6
166001,Chris Pierce,CB,1,0,,0,1,100,INCAR WORD,0,D04,17,7,0,0,1,2026,0,21.6,23,1,63.4,0,1,14,0,0,0,57.7,0,0,0,0,INCAR WORD,0,0,0,0,23,5,100,56.8,23,74.1,0,189,17,2,0,0,79.2,3,0,0,5,0,0,
166464,Joey Patierno,DI,0,0,,0,1,,MARIST,0,D94,0,0,0,9,1,2027,19,16.2,0,0,,0,0,0,0,0,0,56.9,0,0,0,0,MARIST,0,0,0,0,,0,100,56.2,,72.8,0,213,19,0,19,0,0,10,0,0,0,0,0,57.5
166546,Benny Radicia,LB,0,0,,0,0,,WOFFORD,2,D44,19,17,0,1,1,2028,0,77.8,0,0,64,0,0,5,0,0,0,65.5,0,0,0,0,WOFFORD,1,0,0,0,,2,0,67,,71.3,0,350,19,0,0,0,0,13,0,1,0,0,0,59.7
166589,Olatunde Mkparu,CB,2,0,,0,2,100,BRYANT,2,D24,55,2,0,0,1,2027,0,20.5,74,2,46.9,0,0,19,0,0,0,56.2,53,0,0,0,BRYANT,0,0,0,0,60,0,40,48.8,37,76.5,0,124,55,46,0,0,158.3,36,0,1,0,1,0,
166596,Hollis Dirstine,DI,0,0,,0,0,,BRYANT,1,D99,0,0,0,14,1,2027,45,70.2,0,0,,1,0,0,2,7,0,68.2,0,0,0,0,BRYANT,0,0,1,0,,0,0,66.2,,76.6,0,124,45,0,36,0,0,31,0,0,0,0,0,56.1
166598,Dedric Walker,S,4,0,,0,1,100,BRYANT,3,D27,42,21,0,0,1,2028,2,64.2,70,4,40.9,0,0,14,0,0,0,65.8,0,0,0,0,BRYANT,1,0,0,0,36,20,14.3,50.6,17.5,77.3,0,124,44,5,0,0,158.3,30,0,3,1,1,2,
166606,Nick Porada,ED,0,0,,0,0,,BRYANT,0,D62,0,0,0,1,1,2027,4,,0,0,,0,0,0,1,0,0,60.3,0,0,0,0,BRYANT,0,0,0,0,,0,,60.4,,69.8,0,124,4,0,0,0,0,3,0,0,0,0,3,59.7
166607,Devon Anderson,LB,0,0,,0,0,,BRYANT,2,D00,54,52,0,0,1,2027,3,77.6,0,0,64.7,0,0,18,0,0,0,75.8,0,0,0,0,BRYANT,1,0,0,0,,2,0,74.1,,74.6,0,124,57,0,0,0,0,39,0,0,0,0,3,
166612,Kaden Hamilton,S,1,0,,0,0,100,BRYANT,0,D13,2,0,0,0,1,2026,1,,16,1,50.8,0,0,2,0,0,0,60,0,0,0,0,BRYANT,0,0,0,0,16,1,,46.2,16,69.5,0,124,3,0,0,0,158.3,1,0,0,1,1,1,
166617,Eddie Jackson III,CB,3,0,,0,2,100,BRYANT,4,D07,50,3,0,1,1,2028,0,44.8,37,3,45.5,0,0,14,0,0,0,50.1,47,0,0,0,BRYANT,1,0,0,0,22,0,28.6,45.8,12.3,76.4,0,124,50,11,0,0,118.1,35,0,1,0,0,0,60
166619,Beau Shugarts,DI,0,0,,0,0,,BRYANT,4,D52,0,0,0,13,1,2027,34,75,0,0,,1,0,0,3,2,0,58.8,0,0,0,0,BRYANT,2,0,1,0,,0,0,60.1,,74.9,0,124,34,0,29,0,0,21,1,0,0,0,0,61.5
166674,Sean Coverdale,DI,0,0,,0,0,,MARIST,0,D92,0,0,0,21,1,2027,42,72.4,0,0,,0,0,0,0,3,0,68.1,0,0,1,0,MARIST,0,0,0,0,,0,0,58.6,,0,0,213,42,0,39,0,0,21,0,2,0,0,0,55.1
166685,Nick Vecchiarelli,S,0,0,,0,0,,MARIST,0,D10,3,1,0,0,1,2027,0,,0,0,60,0,0,1,0,0,0,60,0,0,0,0,MARIST,0,0,0,0,,0,,56.4,,67.5,0,213,3,0,0,0,0,2,0,0,2,0,0,
166691,Declan Kazan,LB,0,0,,0,0,,MARIST,1,D58,18,17,0,1,1,2025,2,74.3,0,0,65,0,0,10,0,0,0,66.5,0,0,0,0,MARIST,1,0,0,0,,1,0,68.6,,74.1,0,213,20,0,0,0,0,9,0,0,0,0,2,60
166693,Kanye Davis,ED,0,0,,0,0,,MARIST,0,D31,2,1,0,0,1,2026,0,,0,0,60,0,0,1,0,0,0,60,0,0,0,0,MARIST,0,0,0,0,,1,,62.8,,66.3,0,213,2,0,0,0,0,1,0,0,0,0,0,
166697,Rechee Smith,CB,0,0,,0,0,,MARIST,0,D28,4,0,0,0,1,2026,0,,0,0,60,0,0,1,0,0,0,60,4,0,0,0,MARIST,0,0,0,0,,0,,61.5,,68,0,213,4,0,0,0,0,3,0,0,0,0,0,
166702,Anthony Comestro,LB,0,0,,0,0,,MARIST,2,D48,29,26,0,4,1,2025,0,81.1,0,0,65.8,0,0,13,0,0,0,76.8,0,0,0,0,MARIST,2,0,0,0,,3,0,73.2,,71.8,0,213,29,0,0,0,0,12,0,3,0,0,0,55.8
167021,Mike Riley,LB,0,0,,0,2,,ARKAPB,0,D57,8,6,0,2,1,2026,11,23.5,0,0,63.5,1,0,4,0,0,0,45,0,0,1,0,ARKAPB,0,0,1,0,,2,66.7,42.8,,0,0,112,19,0,0,0,0,13,0,1,0,0,11,59.6
167062,Stephen Sparrow,LB,0,0,,0,1,,BETH COOK,2,D07,18,8,0,1,1,2027,5,52.1,0,0,63.9,0,0,7,0,0,0,48.9,0,0,0,0,BETH COOK,2,0,0,0,,10,33.3,55.5,,75,0,119,23,0,0,0,0,15,0,0,0,0,5,59.9
167106,Markeis Sykes,ED,0,0,,0,0,,HOUCHR,0,D45,0,0,0,17,1,2027,28,,0,0,,1,0,0,3,0,0,54.5,0,0,1,0,HOUCHR,0,1,1,0,,0,,54.8,,0,0,183,28,0,18,0,0,11,0,0,0,0,7,68
167110,Norey Johnson,S,1,0,,0,0,0,HOUCHR,0,D29,8,1,0,0,1,2027,0,,0,0,52.4,0,0,2,0,0,0,60.1,0,0,0,0,HOUCHR,0,0,0,0,,5,,49.8,,71.4,0,183,8,0,0,0,39.6,6,0,0,2,0,0,
167124,Travis Pearson II,CB,2,0,,0,1,100,PRVIEW A&M,1,D28,3,0,0,0,1,2025,0,28.3,9,2,62.1,0,0,3,0,0,0,,3,0,0,0,PRVIEW A&M,1,0,0,0,5,0,50,62.5,4.5,66.9,0,270,3,5,0,0,85.4,0,0,0,0,0,0,
167148,Ckelby Givens,ED,0,0,,0,1,,SOUTHERN U,1,D01,0,0,1,40,1,2027,64,42.5,0,0,,1,0,0,0,0,0,66.8,0,2,0,0,SOUTHERN U,2,0,4,0,,0,50,63.7,,79.1,0,297,64,0,0,0,0,24,1,0,0,0,64,58.8
167149,Willie Miles,DI,0,0,,0,2,,SOUTHERN U,2,D93,0,0,1,30,1,2025,47,36.6,0,0,,4,0,0,0,1,0,72,0,0,0,0,SOUTHERN U,3,0,5,0,,0,40,81,,76,0,297,47,0,45,0,0,17,0,1,0,0,1,78.1
167150,Xavier Potts,DI,0,0,,0,0,,STF AUSTIN,0,D22,0,0,0,18,1,2027,30,72.4,0,0,,0,0,0,3,22,0,62.3,0,1,0,0,STF AUSTIN,0,0,1,0,,0,0,69.6,,76.5,0,301,30,0,5,0,0,12,0,2,0,0,0,71.4
167195,Josh Hill,ED,0,0,,0,1,,CHARLES SO,3,D00,1,1,1,12,1,2025,33,61,0,0,,0,0,0,17,0,0,71.6,0,0,0,0,CHARLES SO,3,0,1,0,,0,14.3,71,,75.1,0,135,34,0,4,0,0,22,0,3,0,0,12,61.1
167222,Jalen Pugh,DI,0,0,,0,1,,CHARLES SO,0,D09,0,0,0,3,1,2025,8,20.9,0,0,,1,0,0,0,6,0,44.8,0,0,0,0,CHARLES SO,0,0,1,0,,0,100,41.9,,72.9,0,135,8,0,2,0,0,5,0,0,0,0,0,58.6
167238,Antwone Watts,S,4,0,,0,1,100,BETH COOK,7,D15,46,13,0,0,1,2026,0,67.2,31,4,57.6,0,0,20,0,0,0,68.1,0,0,1,0,BETH COOK,2,0,0,0,13,3,12.5,57.9,7.8,0,0,119,46,22,0,0,99,26,0,0,30,0,0,
167377,Malik Charles,ED,0,0,,0,0,,W GEORGIA,0,D12,0,0,0,15,1,2027,45,74.8,0,0,60,0,0,0,7,0,0,47.5,0,0,0,0,W GEORGIA,0,0,0,0,,0,0,50.9,,77.7,0,1177,45,0,1,0,0,30,0,2,0,0,37,58.5
167421,Richard Sweeney III,CB,4,0,,0,0,50,MOREHEAD,4,D21,67,13,0,1,1,2027,2,81,14,2,77,0,1,38,0,0,0,68.3,44,1,0,0,MOREHEAD,2,0,1,0,11,10,0,77.8,7,76.8,0,234,69,1,0,1,18.8,30,0,0,0,0,2,63.8
167645,Aaron Richard,ED,0,0,,0,0,,PRINCETON,1,D58,0,0,0,9,1,2026,20,69.7,0,0,,0,0,0,4,0,0,46.5,0,0,0,0,PRINCETON,0,0,0,0,,0,0,46.3,,74,0,272,20,0,5,0,0,11,0,0,0,0,11,55.7
167646,Bakari Edwards,ED,0,0,,0,0,,PRINCETON,1,D93,0,0,0,13,1,2027,17,73,0,0,60,2,0,0,3,0,0,54.9,0,0,0,0,PRINCETON,1,0,2,0,,0,0,60.4,,75,0,272,17,0,0,0,0,4,0,0,0,0,14,63.4
167647,Charlie Lingon,DI,0,0,,0,1,,PRINCETON,1,D94,0,0,0,4,1,2026,15,22.7,0,0,,1,0,0,1,0,0,55.8,0,0,0,0,PRINCETON,1,0,1,0,,0,50,58.6,,72.7,0,272,15,0,11,0,0,11,0,0,0,0,3,65.1
167649,Jack DelGarbino,DI,0,0,,0,0,,PRINCETON,1,D75,0,0,0,17,1,2026,32,72.2,0,0,,0,0,0,0,24,0,68.2,0,0,0,0,PRINCETON,1,0,0,0,,0,0,64.9,,77,0,272,32,0,8,0,0,15,0,2,0,0,0,55.8
167650,Nasir Hill,S,2,0,,0,0,100,PRINCETON,6,D04,37,22,0,3,1,2026,8,84,53,2,63.3,0,0,21,0,0,0,73.9,0,0,0,0,PRINCETON,3,0,0,0,50,2,0,68.6,26.5,77.3,0,272,45,11,0,0,118.8,21,1,1,13,0,8,57.3
167651,Tahj Owens,S,3,0,,0,0,100,PRINCETON,6,D19,55,25,0,2,1,2027,3,83.5,23,3,54.5,0,0,31,0,0,0,77.6,1,0,0,0,PRINCETON,3,0,0,0,10,17,0,61.9,7.7,77.7,0,272,58,24,0,0,98.6,25,0,0,12,0,3,56.8
167657,Sekou Roland,LB,0,0,,0,1,,PRINCETON,2,D11,38,37,0,7,1,2028,7,42.9,0,0,65.2,2,0,20,0,0,0,59.2,0,0,0,0,PRINCETON,1,0,2,0,,1,25,64.1,,75.8,0,272,45,0,0,0,0,18,0,1,0,0,7,62.3
167658,Will Beesley,LB,1,0,,0,0,100,PRINCETON,1,D44,18,17,0,4,1,2027,1,73.6,7,1,51,0,0,6,0,0,0,67.9,0,0,0,0,PRINCETON,0,0,0,0,7,1,0,56.4,7,73.3,0,272,19,4,0,0,95.8,9,0,0,0,0,1,56.4
167664,D'Shawn Jones,S,0,0,,0,1,,PRINCETON,0,D26,12,8,0,1,1,2026,0,21.1,0,0,63.2,0,0,6,0,0,0,53.5,0,0,0,0,PRINCETON,0,0,0,0,,0,100,53.6,,70.4,0,272,12,0,0,0,0,5,0,0,4,0,0,60
167670,Marco Scarano,LB,2,0,,0,0,100,PRINCETON,2,D02,37,11,0,7,1,2026,10,81.4,24,2,53,0,0,23,0,0,0,56.6,0,0,0,1,PRINCETON,1,0,0,0,16,26,0,54.5,12,78.2,0,272,47,0,0,0,116.7,17,0,3,0,0,10,62.5
168009,Daylon Land,LB,0,0,,0,0,,CENT ARK,1,D15,42,40,0,5,1,2026,0,73.2,0,0,65,0,0,24,0,0,0,76,0,0,1,0,CENT ARK,0,0,0,0,,2,0,64.2,,0,0,132,42,0,0,0,0,13,0,0,0,0,0,54.3
168339,Ahmond Glass,CB,5,0,,0,0,80,INDIANA ST,3,D23,66,0,0,0,1,2026,0,80.5,43,4,57.2,0,0,36,0,0,1,71.6,66,0,0,0,INDIANA ST,0,0,0,0,15,0,0,60.1,10.8,77.5,0,191,66,7,0,0,102.5,30,0,2,0,0,0,
168340,Detrick Jones,DI,0,0,,0,0,,MS VLY ST,5,D90,0,0,0,24,1,2026,49,76.3,0,0,,0,0,0,2,1,0,81.7,0,0,0,0,MS VLY ST,5,0,0,0,,0,0,76.1,,75.6,0,228,49,0,46,0,0,25,2,2,0,0,0,55.8
168353,Jai Barnes,DI,0,0,,0,0,,E TENN ST,0,D98,0,0,0,3,1,2026,11,,0,0,,0,0,0,0,0,0,57.7,0,0,0,0,E TENN ST,0,0,0,0,,0,,56.8,,71.3,0,157,11,0,11,0,0,8,0,0,0,0,0,58.2
168358,Dwight Harvey,DI,0,0,,0,0,,ALAB A&M,0,D62,0,0,0,2,1,2027,3,,0,0,,0,0,0,0,0,0,60,0,0,0,0,ALAB A&M,0,0,0,0,,0,,59.8,,67.5,0,104,3,0,3,0,0,1,0,0,0,0,0,59
168411,KJ Scott,LB,0,0,,0,1,,MORGAN ST,1,D11,8,8,0,0,1,2026,4,38.7,0,0,61.4,0,0,4,0,0,0,51.6,0,0,0,0,MORGAN ST,0,0,0,0,,0,50,53.8,,74,0,235,12,0,0,0,0,8,0,0,0,0,4,
168419,DeKalon Taylor,HB,0,0,,0,0,,INCAR WORD,1,03,1,0,0,0,1,2027,0,70.3,0,0,62.8,0,0,1,0,0,0,,0,0,0,0,INCAR WORD,0,0,0,0,,0,0,64.5,,60,0,189,1,0,0,0,0,0,0,0,0,0,0,
168421,Reginald Barnes,DI,0,0,,0,0,,MORGAN ST,0,D97,0,0,0,9,1,2025,21,,0,0,,0,0,0,0,3,0,57.5,0,0,0,0,MORGAN ST,0,0,0,0,,0,,56.6,,73.7,0,235,21,0,18,0,0,12,0,0,0,0,0,57
168430,Jordan Jeudy,DI,0,0,,0,1,,MORGAN ST,1,D55,0,0,0,23,1,2027,50,36.3,0,0,,0,0,0,10,2,1,48.9,0,0,0,0,MORGAN ST,1,0,0,0,,0,33.3,52.8,,76.4,0,235,50,0,38,0,0,27,0,1,0,0,0,62
168434,Arturo Mattocks,LB,4,0,,0,2,50,MORGAN ST,10,D49,49,48,0,2,1,2027,0,58.1,25,2,59,0,1,23,0,0,0,73.6,0,0,0,0,MORGAN ST,6,0,0,0,13,1,14.3,67.3,12.5,75.3,0,235,49,20,0,1,30.2,24,0,2,0,0,0,58.5
168462,DeJuan Lewis,S,3,0,,0,0,33.3,LAMAR,2,D02,35,14,0,0,1,2026,0,81.7,13,1,68.6,0,1,24,0,0,0,70.6,0,0,0,0,LAMAR,1,0,0,0,13,1,0,71.4,13,74.6,0,204,35,0,0,0,8.3,11,0,2,20,0,0,
168563,Blanche Gold,ED,0,0,,0,0,,MORGAN ST,0,D92,0,0,0,1,1,2027,2,,0,0,,0,0,0,0,0,0,60,0,0,0,0,MORGAN ST,0,0,0,0,,0,,60,,67.3,0,235,2,0,0,0,0,1,0,0,0,0,2,60
168597,Kendal Sims,LB,3,0,,0,0,66.7,MERRIMACK,2,D18,57,57,0,5,1,2026,1,75.8,34,2,48.9,1,0,26,0,0,0,38.2,0,0,0,0,MERRIMACK,1,0,1,0,24,0,0,53.1,17,77.2,0,385,58,28,0,0,104.9,27,0,0,0,0,1,93.2
168601,Bryce Ricks,DI,0,0,,0,0,,MERRIMACK,0,D90,0,0,0,2,1,2027,13,,0,0,,0,0,0,0,7,0,63.2,0,0,0,0,MERRIMACK,0,0,0,0,,0,,63.2,,72.8,0,385,13,0,6,0,0,11,0,0,0,0,0,58.9
168604,Nasir Maryland,CB,1,0,,0,0,100,MERRIMACK,1,D14,17,1,0,0,1,2027,0,74.2,9,1,56.6,0,0,7,0,0,0,61.1,15,0,1,0,MERRIMACK,0,1,0,0,9,1,0,49.4,9,0,0,385,17,4,0,0,104.2,10,0,0,0,0,0,
168605,Danny Simms,S,0,0,,0,0,,MERRIMACK,0,D28,1,0,0,0,1,2027,0,,0,0,,0,0,0,0,0,0,60,0,0,0,0,MERRIMACK,0,0,0,0,,0,,60,,63.7,0,385,1,0,0,0,0,1,0,0,1,0,0,
168970,Nchabanu Fortaboh,ED,0,0,,1,1,,TOWSON,0,D59,1,1,2,32,1,2025,40,47.9,0,0,,3,0,0,40,0,0,63.3,0,0,0,0,TOWSON,0,0,5,0,,0,33.3,64.5,,74.5,0,317,41,0,0,0,0,9,0,2,0,0,0,62.6
169069,Nevon Cooper,WR,0,0,,0,0,,PRVIEW A&M,0,09,1,0,0,0,1,2026,0,,0,0,,0,0,0,0,0,0,60,0,0,0,0,PRVIEW A&M,0,0,0,0,,0,,60.1,,60,0,270,1,0,0,0,0,1,0,0,0,0,0,
169117,Hollis Robinson,S,0,0,,0,0,,STF AUSTIN,0,D30,12,1,0,0,1,2026,0,,0,0,62,0,0,4,0,0,0,60,0,0,0,0,STF AUSTIN,0,0,0,0,,1,,62.7,,74.1,0,301,12,0,0,0,0,8,0,0,10,0,0,
169133,Ejiro Egodogbare,DI,0,0,,0,0,,YALE,5,D51,0,0,0,15,1,2027,36,75.5,0,0,,0,0,0,0,8,0,73.9,0,0,0,1,YALE,5,0,0,0,,0,0,73.2,,75.7,0,352,36,0,28,0,0,21,1,0,0,0,0,61.9
169137,Thomas Johnson,ED,0,0,,0,1,,NC CENT,2,D50,0,0,3,19,1,2027,40,62.3,0,0,,2,0,0,3,0,0,70.1,0,0,0,0,NC CENT,5,0,5,0,,0,25,81.3,,78.5,0,247,40,0,0,0,0,21,1,1,0,0,37,80.8
169157,Terphil Bien-Aime,CB,0,0,,0,0,,ALAB A&M,0,D25,2,0,0,0,1,2028,0,,0,0,60,0,0,1,0,0,0,60,2,0,0,0,ALAB A&M,0,0,0,0,,0,,60.9,,65.8,0,104,2,0,0,0,0,1,0,0,0,0,0,
169186,Umar Yaro,LB,1,0,,0,3,100,TEXAS STHN,6,D52,51,50,0,2,1,2026,6,43.8,13,1,51.8,2,0,19,0,0,0,71.1,0,0,1,0,TEXAS STHN,4,0,2,0,13,0,25,61.6,13,0,0,313,57,11,0,0,118.8,36,0,3,1,0,6,73.5
169213,Jecari Bryson,LB,6,0,,0,1,83.3,GARD-WEBB,4,D23,67,18,0,7,1,2027,5,59.9,19,5,67.4,0,0,44,0,0,0,69.9,0,0,0,0,GARD-WEBB,2,0,0,0,8,49,20,67.7,3.8,78.9,0,171,72,20,0,0,79.9,21,1,0,0,0,5,55
169499,Jayden Staggers,S,0,0,,0,0,,INCAR WORD,0,D28,1,0,0,1,1,2026,0,,0,0,,0,0,0,0,0,0,,0,0,0,0,INCAR WORD,0,0,0,0,,0,,60,,60,0,189,1,0,0,0,0,0,0,0,0,0,0,60
169507,Jimmy Bowdry,CB,1,0,,0,0,0,E TENN ST,0,D05,32,1,0,0,1,2027,0,,0,0,70.5,0,0,15,0,0,0,62.9,31,0,0,0,E TENN ST,0,0,0,0,,0,,70.6,,75,0,157,32,0,0,1,39.6,17,0,0,0,0,0,
169515,Lloyd Johnson,DI,0,0,,0,0,,INCAR WORD,0,D91,0,0,0,1,1,2027,2,,0,0,,0,0,0,0,1,0,60,0,0,0,0,INCAR WORD,0,0,0,0,,0,,61.1,,67.2,0,189,2,0,1,0,0,1,0,0,0,0,0,60
169520,Keenon Pitts,CB,0,0,,0,0,,INCAR WORD,0,D36,1,0,0,1,1,2025,0,,0,0,,0,0,0,0,0,0,,0,0,0,0,INCAR WORD,0,0,0,0,,0,,60,,60,0,189,1,0,0,0,0,0,0,0,0,0,0,60
169562,Dearis Thomas,LB,0,0,,0,1,,BETH COOK,0,D06,7,7,0,0,1,2026,0,26.6,0,0,60,0,0,1,0,0,0,44.3,0,0,0,0,BETH COOK,0,0,0,0,,0,50,42.7,,66.3,0,119,7,0,0,0,0,6,0,1,0,0,0,
169991,AJ Thomas,ED,0,0,,0,0,,MCNEESE,1,D27,0,0,0,18,1,2028,30,73,0,0,,1,0,0,0,0,0,61.4,0,0,0,0,MCNEESE,1,0,1,0,,0,0,66.6,,78.7,0,217,30,0,0,0,0,12,0,0,0,0,30,66.9
170388,Jalil Smith,DI,0,0,,0,0,,WAGNER,0,D95,0,0,0,0,1,2028,5,,0,0,,0,0,0,0,0,0,57.3,0,0,0,0,WAGNER,0,0,0,0,,0,,56.5,,68.9,0,338,5,0,5,0,0,5,0,0,0,0,0,
170406,Terrance Alexander,CB,4,0,,0,0,75,BETH COOK,3,D21,22,0,0,0,1,2026,0,79.6,18,3,72,0,0,11,0,0,0,60.8,21,0,0,0,BETH COOK,1,0,0,0,11,1,0,72.4,6,73.5,0,119,22,2,0,0,83.3,11,0,1,0,0,0,
170411,Will Caneer,ED,0,0,,0,0,,BUCKNELL,1,D30,0,0,0,17,1,2027,44,71.1,0,0,,0,0,0,13,0,0,52.9,0,0,0,0,BUCKNELL,1,0,0,0,,0,0,54.9,,77.1,0,125,44,0,0,0,0,27,0,0,0,0,31,59.5
170538,Jacobrien Eichelberger,S,0,0,,0,0,,CENT ARK,0,D05,2,0,0,0,1,2026,0,,0,0,,0,0,0,0,0,0,60,1,0,0,0,CENT ARK,0,0,0,0,,0,,60,,65.3,0,132,2,0,0,0,0,2,0,0,1,0,0,
170563,Dude Person,S,3,0,,0,0,33.3,CENT ARK,2,D18,79,30,0,0,1,2026,0,80.6,20,1,71.2,0,0,47,0,0,0,67.1,1,0,0,0,CENT ARK,0,0,0,0,20,21,0,71.4,20,78,0,132,79,9,0,0,57.6,32,0,2,27,0,0,
170570,Noah Tice,DI,0,0,,0,0,,CENT ARK,0,D95,0,0,0,10,1,2026,15,,0,0,,0,0,0,8,0,0,63.3,0,0,1,0,CENT ARK,0,1,0,0,,0,,46.9,,0,0,132,15,0,6,0,0,5,0,0,0,0,1,54.1
170574,Kiyon Williams,ED,0,0,,0,0,,CENT ARK,0,D52,1,1,0,12,1,2027,20,71.3,0,0,,0,0,0,14,0,1,72,0,0,0,0,CENT ARK,0,0,0,0,,0,0,70.4,,73.3,0,132,21,0,1,0,0,9,0,1,0,0,5,60.1
170592,Frank Lee IV,ED,1,0,,0,0,100,E KENTUCKY,3,D22,8,4,0,29,1,2026,43,77.6,7,1,78.2,3,0,8,0,0,0,61.1,0,0,0,0,E KENTUCKY,2,0,3,0,7,4,0,68.7,7,81.1,0,159,51,6,0,0,95.8,14,0,0,0,0,43,56.7
170594,Maddox Marcellus,LB,3,0,,0,3,66.7,E KENTUCKY,4,D11,57,49,0,3,1,2028,1,29.3,23,2,37.9,0,0,36,0,0,1,69.7,0,1,0,0,E KENTUCKY,3,0,1,1,16,8,37.5,48.9,11.5,75.3,0,159,58,15,0,0,89.6,19,0,1,0,0,1,68
170596,Albert Nunes,LB,6,0,,0,4,100,N IOWA,5,D01,46,6,0,2,1,2026,11,34.5,76,6,61.6,0,0,29,0,0,0,55,0,0,0,0,N IOWA,2,0,0,0,30,40,33.3,59.8,12.7,81.6,0,255,57,44,0,0,158.3,26,1,3,0,1,11,59.7
170599,Bryce Tapp,DI,0,0,,0,0,,E KENTUCKY,0,D94,0,0,0,1,1,2027,4,,0,0,,0,0,0,0,1,0,61.3,0,0,0,0,E KENTUCKY,0,0,0,0,,0,,61.6,,68.6,0,159,4,0,3,0,0,3,0,0,0,0,0,60
170600,Jordon Thomas,CB,6,0,,0,1,33.3,E KENTUCKY,1,D13,69,9,0,0,1,2028,0,52.2,20,2,65.9,0,0,46,0,0,0,56.3,59,0,1,0,E KENTUCKY,0,0,0,0,13,1,33.3,64.8,10,77.1,0,159,69,11,0,0,43.8,23,0,1,0,0,0,
170606,Kaleb Brown,DI,0,0,,0,0,,N ALABAMA,2,D99,0,0,0,21,1,2026,38,71.9,0,0,,0,0,0,3,8,0,70.8,0,0,0,0,N ALABAMA,2,0,0,0,,0,0,66.5,,75.5,0,389,38,0,27,0,0,17,1,0,0,0,0,55.9
170614,Elijah Elmore,DI,0,0,,0,0,,ALABAMA ST,0,D99,1,1,0,12,1,2026,20,,0,0,,3,0,0,4,0,0,64.3,0,0,0,0,ALABAMA ST,0,0,3,0,,0,,68.3,,73,0,105,21,0,16,0,0,9,0,0,0,0,0,66.1
170619,Seth Hampton,LB,1,0,,0,0,100,N ALABAMA,2,D48,16,15,0,1,1,2028,0,78.7,-6,1,72.4,0,0,7,0,0,0,70.8,0,0,0,0,N ALABAMA,2,0,0,0,-6,1,0,78.8,-6,71.3,0,389,16,-1,0,0,79.2,8,1,0,0,0,0,59.6
170620,Avery Howard,ED,0,0,,0,0,,N ALABAMA,0,D49,0,0,0,6,1,2028,7,,0,0,,0,0,0,1,0,0,60,0,0,0,0,N ALABAMA,0,0,0,0,,0,,62,,71.7,0,389,7,0,0,0,0,1,0,0,0,0,6,61.6
170672,Samarai Anderson,LB,0,0,,0,0,,E WASHGTON,2,D47,21,21,0,2,1,2028,7,77.1,0,0,63,0,0,8,0,0,0,65.6,0,0,1,0,E WASHGTON,1,0,0,0,,0,0,58.1,,0,0,161,28,0,0,0,0,18,0,0,0,0,7,57.9
170679,Derek Ganter Jr.,S,2,0,,0,1,100,E WASHGTON,13,D18,45,31,0,1,1,2028,6,67.7,58,2,55,0,0,21,0,0,0,58.8,2,0,0,0,E WASHGTON,6,0,0,0,35,1,5.9,56.5,29,76.6,0,161,51,9,0,0,118.8,29,0,3,11,0,6,60
170683,Tylin Jackson,ED,0,0,,0,0,,E WASHGTON,0,D95,0,0,0,10,1,2028,35,,0,0,,0,0,0,11,0,0,61.1,0,0,0,0,E WASHGTON,0,0,0,0,,0,,59.4,,75.2,0,161,35,0,3,0,0,25,0,0,0,0,21,55.3
170684,Jaylon Jenkins,S,0,0,,0,0,,E WASHGTON,0,D31,7,1,0,0,1,2028,0,,0,0,60,0,0,1,0,0,0,61.6,0,0,0,0,E WASHGTON,0,0,0,0,,6,,62.2,,70.5,0,161,7,0,0,0,0,6,0,0,0,0,0,
170689,Jaden Radke,ED,0,0,,0,0,,E WASHGTON,0,D94,0,0,0,12,1,2028,19,,0,0,,0,0,0,10,0,0,57.3,0,0,0,0,E WASHGTON,0,0,0,0,,0,,54.1,,72.6,0,161,19,0,0,0,0,7,0,0,0,0,9,54.8
170733,Sam Iongi-Amituanai,DI,0,0,,0,2,,N COLORADO,5,D50,0,0,0,23,1,2025,56,44.5,0,0,,1,0,0,1,34,0,49.7,0,0,0,0,N COLORADO,3,0,1,0,,0,25,52.1,,78,0,253,56,0,21,0,0,33,1,1,0,0,0,59.8
170734,Michael Jordan Jr.,DI,0,0,,0,2,,N COLORADO,1,D99,0,0,0,23,1,2026,55,29.1,0,0,60,3,0,0,9,1,0,34.6,0,0,0,0,N COLORADO,1,0,3,0,,0,50,38.5,,76.7,0,253,55,0,39,0,0,32,0,1,0,0,6,54.3
170737,KJ Smedley,LB,0,0,,0,0,,N COLORADO,2,D08,26,22,1,0,1,2028,0,80.6,0,0,52,0,0,16,0,0,0,55.4,1,0,0,0,N COLORADO,1,0,1,0,,3,0,55.1,,72,0,253,26,0,0,0,0,10,0,1,0,0,0,72
170770,Derek Houston,LB,0,0,,0,0,,SACRAMENTO,5,D39,26,22,0,6,1,2029,3,81.7,0,0,64.2,0,0,8,0,0,0,78.6,0,1,0,0,SACRAMENTO,2,0,1,0,,3,0,75.4,,73.5,0,279,29,0,0,0,0,15,1,2,0,0,3,59.2
170776,Anta'Veon McKenzie,S,0,0,,0,0,,SACRAMENTO,2,D17,20,7,0,0,1,2028,0,64.3,0,0,66.6,0,0,13,0,0,0,65,0,0,0,0,SACRAMENTO,0,0,0,0,,7,0,67.8,,91.9,0,279,20,0,0,0,0,7,0,1,5,0,0,
170779,Fata Puloka,ED,0,0,,0,0,,SACRAMENTO,3,D18,0,0,0,27,1,2029,58,76.6,0,0,62.5,1,0,10,0,0,0,61.6,0,4,0,0,SACRAMENTO,2,0,5,0,,0,0,74.8,,81.1,0,279,58,0,0,0,0,21,0,0,0,0,58,80.5
170784,Kyle Stahlecker,DI,0,0,,0,0,,SACRAMENTO,2,D55,0,0,0,9,1,2027,17,71.9,0,0,,1,0,0,0,5,0,68,0,0,0,0,SACRAMENTO,1,0,1,0,,0,0,65.3,,73.5,0,279,17,0,12,0,0,8,0,0,0,0,0,56.3
170788,Ryan Barrett,S,1,0,,0,0,100,E TENN ST,5,D18,20,6,0,0,1,2028,0,83.9,-3,1,81.7,0,0,12,0,0,0,69.5,0,0,0,0,E TENN ST,3,0,0,0,-3,0,0,81.1,-3,73.2,0,157,20,0,0,0,79.2,8,1,0,14,0,0,
170794,Ian Calhoun,DI,0,0,,0,0,,GARD-WEBB,0,D54,0,0,0,14,1,2027,18,22.2,0,0,,0,0,0,0,7,0,58.2,0,0,0,0,GARD-WEBB,0,0,0,0,,0,,56,,74.1,0,171,18,0,11,0,0,4,0,0,0,0,0,56.3
170813,Tywan Royal,CB,0,0,,0,0,,E TENN ST,0,D20,20,0,0,0,1,2028,0,,0,0,65.5,0,0,11,0,0,0,61.3,20,0,0,0,E TENN ST,0,0,0,0,,0,,66,,73.2,0,157,20,0,0,0,0,9,0,0,0,0,0,
170827,Lucas Lambert-Pipkin,DI,0,0,,0,0,,ROB MORRIS,1,D98,0,0,0,21,1,2029,36,70.2,0,0,60,0,0,0,0,0,0,65.5,0,0,0,0,ROB MORRIS,0,0,0,0,,0,0,61.9,,75.1,0,277,36,0,36,0,0,15,0,0,0,0,0,55
170829,Patrick McDonnell,LB,0,0,,0,0,,ROB MORRIS,2,D28,1,1,0,0,1,2026,1,75.7,0,0,,0,0,0,0,0,0,68.1,0,0,0,0,ROB MORRIS,1,0,0,0,,0,0,73,,65.8,0,277,2,0,0,0,0,2,0,0,0,0,1,
170835,Chris Bacon,ED,0,0,,0,0,,MAINE,0,D94,0,0,0,5,1,2028,11,71.5,0,0,,0,0,0,4,0,0,63.7,0,0,0,0,MAINE,0,0,0,0,,0,0,62.3,,72.2,0,212,11,0,0,0,0,6,0,1,0,0,7,57.2
170836,Ta'kai Chisolm,DI,0,0,,0,0,,MAINE,0,D45,1,1,0,10,1,2028,24,,0,0,,0,0,0,4,2,0,66.1,0,0,0,0,MAINE,0,0,0,0,,0,,63.8,,74.7,0,212,25,0,18,0,0,15,0,0,0,0,0,56.3
170853,Jabari Odoemenem,LB,1,0,,0,0,100,MAINE,1,D06,17,15,0,6,1,2028,6,73.1,46,1,49.1,0,0,9,0,0,0,56.6,0,1,0,0,MAINE,0,0,1,0,46,2,0,47.6,46,75.4,0,212,23,34,0,0,118.8,8,0,0,0,0,6,54.5
170854,Jayden Platt,LB,0,0,,0,0,,WM & MARY,0,D21,2,2,0,0,1,2029,0,,0,0,,0,0,0,0,0,0,60,0,0,0,0,WM & MARY,0,0,0,0,,0,,60,,62.8,0,348,2,0,0,0,0,2,0,0,0,0,0,
170858,Devin Vaught,S,1,0,,0,1,0,MAINE,4,D37,47,30,0,1,1,2028,0,62.3,0,0,66.1,1,0,22,0,0,0,64.9,0,0,0,0,MAINE,2,0,1,0,,5,14.3,66.2,,76.1,0,212,47,0,0,0,39.6,24,0,2,12,0,0,59.2
170862,Logan Barnes,DI,0,0,,0,0,,WAGNER,3,D03,0,0,0,20,1,2028,35,73.4,0,0,,1,0,0,1,7,0,71.9,0,1,0,1,WAGNER,1,0,2,0,,0,0,72.5,,75.6,0,338,35,0,27,0,0,15,0,0,0,0,0,64.7
170868,Izzy Clark-White,CB,3,0,,0,1,66.7,MONMOUTH,1,D23,59,8,0,1,1,2028,1,54.2,20,2,75.7,0,0,32,0,0,0,73.2,50,0,0,0,MONMOUTH,1,0,0,0,11,0,25,76.3,10,76.4,0,231,60,20,0,0,85.4,27,0,2,1,0,1,55.4
170877,Dana Johnson Jr.,CB,6,0,,0,1,83.3,MONMOUTH,3,D31,48,3,0,0,1,2029,0,57.8,55,5,45.5,0,0,26,0,0,0,63.2,44,0,0,0,MONMOUTH,0,0,0,0,19,1,16.7,47.3,11,76,0,231,48,26,0,0,104.9,22,0,2,0,0,0,
170880,Deuce Lee,S,6,0,,0,1,66.7,MONMOUTH,4,D08,73,21,0,0,1,2028,0,55.2,28,4,69.4,0,0,40,0,0,0,55.3,0,0,0,0,MONMOUTH,0,0,0,0,12,29,20,66.6,7,78.1,0,231,73,14,0,1,116.7,33,0,0,23,1,0,
170906,CJ Fraser,CB,0,0,,0,0,,RICHMOND,0,D29,24,1,0,2,1,2028,3,,0,0,53.1,0,0,11,0,0,0,62.4,23,0,1,0,RICHMOND,0,0,0,0,,0,,54.1,,75.7,0,276,27,0,0,0,0,14,0,0,0,0,3,56
170909,Jamar Hodges,ED,0,0,,0,0,,RICHMOND,0,D32,0,0,0,8,1,2028,13,,0,0,,0,0,0,0,0,0,61.2,0,0,0,0,RICHMOND,0,0,0,0,,0,,57.6,,73.7,0,276,13,0,0,0,0,5,0,0,0,0,13,55.1
170910,Brendan Laughlin,S,0,0,,0,0,,RICHMOND,0,D42,3,3,0,0,1,2028,0,75.3,0,0,,0,0,0,0,0,0,60,0,0,0,0,RICHMOND,0,0,0,0,,0,0,63.1,,66.9,0,276,3,0,0,0,0,3,0,1,0,0,0,
170914,Matthew Traynor,S,2,0,,0,1,100,RICHMOND,1,D07,35,23,0,1,1,2028,0,43.1,48,2,48.1,0,0,18,0,0,0,56.1,1,0,0,0,RICHMOND,0,0,0,0,25,2,50,49,24,75.5,0,276,35,8,0,0,158.3,16,0,0,9,1,0,60
170920,Zahmir Dawud,CB,1,0,,0,0,100,VILLANOVA,3,D37,9,0,0,1,1,2028,2,78.2,25,1,57.7,0,0,7,0,0,0,62.7,9,0,0,0,VILLANOVA,0,0,0,0,25,0,0,59.4,25,73.3,0,334,11,0,0,0,118.8,3,0,0,0,0,2,60
170927,Capri Martin,ED,0,0,,0,0,,VILLANOVA,2,D93,0,0,0,18,1,2028,41,72.9,0,0,,3,0,0,24,0,0,60,0,0,0,0,VILLANOVA,2,0,3,0,,0,0,60.9,,74.7,0,334,41,0,5,0,0,23,0,0,0,0,12,60.7
170929,Nigel McSween,ED,0,0,,0,0,,VILLANOVA,1,D92,0,0,1,12,1,2029,24,74.1,0,0,60,1,0,0,14,1,0,64,0,0,0,0,VILLANOVA,1,0,2,0,,0,0,70.2,,74.3,0,334,24,0,3,0,0,12,0,1,0,0,6,69
170941,Sascha Garcia,CB,2,0,,0,0,50,WM & MARY,3,D04,54,3,0,0,1,2029,0,77.9,24,1,73.8,0,0,22,0,0,0,64.3,50,0,0,0,WM & MARY,1,0,0,0,24,1,0,73.2,24,76.4,0,348,54,2,0,1,93.8,32,0,0,0,0,0,
170943,TJ McGill,S,2,0,,0,3,100,WM & MARY,7,D22,66,13,0,0,1,2028,0,53.9,28,2,68.3,0,0,29,0,0,0,66.9,0,0,0,0,WM & MARY,3,0,0,0,24,29,23.1,68.8,14,76.9,0,348,66,23,0,0,118.8,37,0,3,24,0,0,
170950,Gent Veizi,DI,0,0,,0,0,,WM & MARY,2,D00,0,0,0,17,1,2028,51,73.3,0,0,,0,0,0,0,16,0,69.5,0,0,0,0,WM & MARY,2,0,0,0,,0,0,67.7,,77.5,0,348,51,0,35,0,0,34,0,2,0,0,0,57.1
170951,Gerald Williams,DI,0,0,,0,0,,WM & MARY,0,D03,0,0,0,6,1,2028,13,69.7,0,0,,0,0,0,0,4,0,74.4,0,1,0,0,WM & MARY,0,0,1,0,,0,0,78.4,,72.6,0,348,13,0,9,0,0,7,0,1,0,0,0,66
171118,Quinn Herlihy,ED,0,0,,0,0,,COLUMBIA,0,D54,0,0,0,1,1,2028,7,,0,0,,0,0,0,0,0,0,66.4,0,0,0,0,COLUMBIA,0,0,0,0,,0,,68.5,,71.6,0,145,7,0,0,0,0,6,0,0,0,0,7,60
171129,Charlie Newton,LB,0,0,,0,0,,COLUMBIA,2,D43,6,5,0,0,1,2028,0,77.1,0,0,,0,0,0,0,0,0,66.4,0,0,0,0,COLUMBIA,2,0,0,0,,1,0,67.9,,66.7,0,145,6,0,0,0,0,6,0,0,0,0,0,
171132,Levi Robins,CB,0,0,,0,0,,COLUMBIA,0,D29,3,0,0,0,1,2028,0,,0,0,61.8,0,0,3,0,0,0,,0,0,0,0,COLUMBIA,0,0,0,0,,3,,62.4,,69.2,0,145,3,0,0,0,0,0,0,0,0,0,0,
171141,Brayon Crawford,S,0,0,,0,0,,CORNELL,3,D05,19,14,0,0,1,2029,0,80.3,0,0,64.8,0,0,7,0,0,0,71.3,0,0,0,0,CORNELL,1,0,0,0,,1,0,70.4,,72.1,0,147,19,0,0,0,0,12,0,0,4,0,0,
171145,Braylon Howard,CB,1,0,,0,0,100,CORNELL,1,D07,95,5,0,0,1,2028,0,76.2,5,1,71.8,0,0,52,0,0,0,70.6,89,0,0,0,CORNELL,0,0,0,0,5,1,0,72.8,5,78.2,0,147,95,0,0,0,87.5,43,0,1,0,0,0,
171162,Ian Wall,LB,1,0,,0,0,100,CORNELL,2,D39,14,11,0,0,1,2028,0,79.6,15,1,53.9,0,0,6,0,0,0,60.1,0,0,0,0,CORNELL,0,0,0,0,15,3,0,55.1,15,71.6,0,147,14,11,0,0,118.8,8,0,2,0,0,0,
171164,Johnny Williamson,S,1,0,,0,0,100,CORNELL,3,D02,22,5,0,2,1,2028,3,77.7,14,1,52.6,0,0,10,0,0,0,65,2,0,0,1,CORNELL,1,0,0,0,14,15,0,58.7,14,76.8,0,147,25,7,0,0,118.8,13,0,0,0,0,3,68.5
171167,Cameron Best-Alston,S,3,0,,0,0,66.7,DARTMOUTH,1,D08,9,0,0,0,1,2028,0,77.8,12,2,48.2,0,0,9,0,0,0,,0,0,0,0,DARTMOUTH,0,0,0,0,8,9,0,47.5,6,75.2,0,148,9,5,0,0,74.3,0,0,1,0,0,0,
171175,Harrison Keith,S,0,0,,0,0,,DARTMOUTH,0,D24,5,3,0,0,1,2028,0,,0,0,61.2,0,0,2,0,0,0,60,0,0,0,0,DARTMOUTH,0,0,0,0,,1,,61.8,,69,0,148,5,0,0,0,0,3,0,0,1,0,0,
171176,Cameron Lee,ED,0,0,,0,0,,DARTMOUTH,0,D57,0,0,0,17,1,2028,17,,0,0,,2,0,0,0,0,0,,0,3,0,0,DARTMOUTH,0,0,5,0,,0,,65.7,,76.3,0,148,17,0,0,0,0,0,0,0,0,0,17,64.6
171416,Brandon Amaniampong,ED,0,0,,0,0,,INDIANA ST,1,D03,0,0,0,3,1,2028,7,71.1,0,0,,0,0,0,0,0,0,69.3,0,0,0,0,INDIANA ST,1,0,0,0,,0,0,69.3,,71.3,0,191,7,0,0,0,0,4,0,0,0,0,7,56.4
171418,Carson Dunn,HB,0,0,,0,1,,INDIANA ST,0,33,1,0,0,0,1,2028,0,16.8,0,0,,0,0,0,0,0,0,60,0,0,0,0,INDIANA ST,0,0,0,0,,0,100,48,,60,0,191,1,0,0,0,0,1,0,0,0,0,0,
171420,Kaden Gajewski,LB,0,0,,0,0,,INDIANA ST,0,D26,1,0,0,0,1,2028,0,,0,0,,0,0,0,0,0,0,60,0,0,0,0,INDIANA ST,0,0,0,0,,0,,60,,60,0,191,1,0,0,0,0,1,0,0,0,0,0,
171424,Lucas McAllister,LB,0,0,,1,0,,INDIANA ST,2,D45,16,14,0,3,1,2028,3,77.1,0,0,61.4,0,0,4,0,0,0,78.8,0,0,0,0,INDIANA ST,1,0,0,0,,1,0,75.3,,70.8,0,191,19,0,0,0,0,12,1,1,0,0,3,55.3
171427,Bryce Patterson,DI,0,0,,0,0,,INDIANA ST,0,D98,0,0,0,3,1,2028,8,70.2,0,0,61.8,0,0,0,0,0,0,63.7,0,0,0,0,INDIANA ST,0,0,0,0,,0,0,70.4,,70.6,0,191,8,0,8,0,0,5,0,1,0,0,0,58.4
171431,Tyree Rochell,S,0,0,,0,0,,INDIANA ST,0,D16,1,0,0,0,1,2027,0,,0,0,,0,0,0,0,0,0,60,0,0,0,0,INDIANA ST,0,0,0,0,,0,,60,,60,0,191,1,0,0,0,0,1,0,0,0,0,0,
171432,Alex Rose,LB,1,0,,0,0,0,INDIANA ST,2,D36,17,14,1,5,1,2028,1,77.5,0,0,52.4,1,0,8,0,0,0,73.8,0,0,0,0,INDIANA ST,2,0,2,0,,3,0,67.1,,73.3,0,191,18,0,0,0,39.6,5,0,0,0,0,1,70.3
171445,Tim Brantley Jr.,DI,0,0,,0,0,,MO STATE,1,D91,0,0,0,13,1,2028,30,72.2,0,0,59.3,0,0,2,2,1,0,60,0,1,0,0,MO STATE,0,0,1,0,,0,0,66.8,,74.4,0,230,30,0,27,0,0,15,0,1,0,0,0,75.2
171451,Kaleno Levine,CB,9,0,,0,1,55.6,MO STATE,3,D05,71,6,0,0,1,2026,2,54.2,104,5,40.8,0,0,37,0,0,0,69.6,65,0,1,0,MO STATE,0,0,0,0,30,0,20,46.5,20.8,77.6,0,230,73,44,0,0,96.5,36,0,1,0,0,2,
171457,Mitchell Toney,DI,0,0,,0,0,,MO STATE,1,D50,0,0,1,9,1,2028,13,72.6,0,0,60.2,0,0,4,2,2,0,,0,0,0,0,MO STATE,2,0,1,0,,0,0,62.7,,73.3,0,230,13,0,9,0,0,0,0,0,0,0,0,62.5
171458,Caden Wiest,ED,0,0,,0,0,,MO STATE,0,D30,0,0,0,4,1,2028,5,,0,0,,0,0,0,0,0,0,60,0,0,0,0,MO STATE,0,0,0,0,,0,,57.3,,70.7,0,230,5,0,0,0,0,1,0,0,0,0,5,56.6
171460,Dallas Winner-Johnson,LB,1,0,,0,3,0,MO STATE,0,D11,27,23,0,0,1,2028,3,19,0,0,63.5,0,0,11,0,0,0,42.8,0,0,0,0,MO STATE,0,0,0,0,,3,100,50.5,,75,0,230,30,0,0,0,39.6,19,0,0,1,0,3,
171461,Kanye Young,LB,1,0,,0,1,100,MO STATE,3,D44,22,18,0,0,1,2026,1,60.1,15,1,49.7,0,0,10,0,0,0,73.5,0,0,0,0,MO STATE,3,0,0,0,15,4,20,61.6,15,73,0,230,23,10,0,0,118.8,13,0,1,0,0,1,
171475,Alonzo Morgan III,CB,2,0,,0,0,50,N IOWA,0,D07,22,5,0,0,1,2028,0,,5,1,75.1,0,0,13,0,0,0,61.1,17,0,0,0,N IOWA,0,0,0,0,5,0,,74.7,5,71.8,0,255,22,0,0,0,95.8,9,0,0,0,1,0,
171481,Ethan Schoville,S,1,0,,0,0,100,N IOWA,1,D31,2,1,0,0,1,2028,0,74.8,28,1,45.1,0,0,2,0,0,0,,0,0,0,0,N IOWA,0,0,0,0,28,1,0,43.5,28,67.7,0,255,2,3,0,0,118.8,0,0,0,0,0,0,
171484,Brad Vislisel,ED,0,0,,0,0,,N IOWA,0,D90,0,0,0,4,1,2028,9,,0,0,,0,0,0,1,0,0,65.8,0,0,0,0,N IOWA,0,0,0,0,,0,,65.5,,71.5,0,255,9,0,4,0,0,5,0,0,0,0,4,57.5
171492,Jamir Conn,CB,0,0,,0,0,,S ILLINOIS,1,D04,67,4,0,0,1,2028,0,78.8,0,0,69.3,0,0,26,0,0,0,71.3,63,0,0,0,S ILLINOIS,1,0,0,0,,0,0,71,,76.9,0,295,67,0,0,0,0,41,0,2,0,0,0,
171494,Amir Dwight,ED,0,0,,0,0,,S ILLINOIS,0,D94,0,0,0,5,1,2030,15,71.3,0,0,,0,0,0,7,0,0,58.2,0,0,0,0,S ILLINOIS,0,0,0,0,,0,0,56.9,,73,0,295,15,0,1,0,0,10,0,1,0,0,7,56.8
171498,Elijah Gunn,DI,0,0,,0,0,,S ILLINOIS,2,D95,0,0,0,6,1,2028,24,73.6,0,0,,2,0,0,1,17,0,77.8,0,0,0,0,S ILLINOIS,2,0,2,0,,0,0,82.5,,76,0,295,24,0,6,0,0,18,0,1,0,0,0,73
171503,Jamond Mathis,ED,0,0,,0,0,,S ILLINOIS,3,D58,0,0,0,16,1,2028,33,76,0,0,61.2,0,0,0,11,0,0,65,0,0,0,0,S ILLINOIS,2,0,0,0,,0,0,65.8,,75.2,0,295,33,0,4,0,0,17,0,0,0,0,18,53.6
171508,Chris Presto,LB,3,0,,0,1,66.7,S ILLINOIS,5,D06,68,25,0,0,1,2029,0,68.5,16,2,63,0,0,26,0,0,0,66.6,0,0,0,0,S ILLINOIS,5,0,0,0,8,43,16.7,65.3,8,77.9,0,295,68,11,0,0,79.9,42,1,0,0,0,0,
171518,Jaylen Castleberry,CB,10,0,,0,1,70,YNGTOWN ST,7,D03,62,17,0,0,1,2026,1,63.5,54,7,62.9,0,0,29,0,0,0,58.7,45,0,0,0,YNGTOWN ST,4,0,0,0,21,0,12.5,62.2,7.7,75.6,0,353,63,10,0,0,116.2,34,0,0,0,1,1,
171520,Isaiah Crozier,CB,1,0,,0,0,100,YNGTOWN ST,0,D00,6,2,0,0,1,2028,0,,6,1,51.3,0,0,4,0,0,0,60,4,0,0,0,YNGTOWN ST,0,0,0,0,6,0,,50,6,68.5,0,353,6,2,0,0,131.3,2,0,0,0,1,0,
171521,Ebony Curry Jr.,ED,0,0,,0,0,,YNGTOWN ST,0,D90,0,0,0,2,1,2028,2,,0,0,,0,0,0,0,0,0,,0,0,0,0,YNGTOWN ST,0,0,0,0,,0,,58.3,,69.1,0,353,2,0,0,0,0,0,0,0,0,0,2,58.2
171538,Makai Shahid,S,0,0,,0,0,,YNGTOWN ST,4,D06,49,24,0,0,1,2028,2,81.9,0,0,66.4,0,0,24,0,0,0,70.3,0,0,0,0,YNGTOWN ST,3,0,0,0,,4,0,69.6,,74.7,0,353,51,0,0,0,0,27,0,1,21,0,2,
171576,Talib Salahuddin,ED,0,0,,0,0,,INCAR WORD,0,D09,1,0,0,18,1,2026,26,70.2,0,0,60,1,0,1,10,0,0,63.5,0,1,0,0,INCAR WORD,0,0,2,0,,0,0,62.2,,74.8,0,189,27,0,3,0,0,8,0,1,0,0,13,58.6
171582,Kezni Brown,DI,0,0,,0,0,,LIUSHAR,1,D50,0,0,0,5,1,2028,9,70.1,0,0,60,0,0,0,0,6,0,61.4,0,0,0,0,LIUSHAR,1,0,0,0,,0,0,61.8,,71.9,0,1298,9,0,3,0,0,4,0,0,0,0,0,57.7
171588,Joseph Garcia,S,6,0,,0,0,66.7,LIUSHAR,6,D05,76,34,0,0,1,2028,0,84.7,35,4,51.1,0,0,45,0,0,0,60.8,0,0,1,0,LIUSHAR,2,0,0,0,15,10,0,53.5,8.8,77.3,0,1298,76,16,0,0,81.9,31,1,1,32,0,0,
171599,Ja'Nyus Morgan,ED,0,0,,0,1,,LIUSHAR,2,D04,0,0,0,28,1,2026,53,54.7,0,0,,2,0,0,25,0,0,64.5,0,0,0,0,LIUSHAR,2,0,2,0,,0,20,64.3,,78,0,1298,53,0,2,0,0,25,2,2,0,0,26,60.8
171610,Elijah St. John,DI,0,0,,0,1,,LIUSHAR,2,D91,0,0,0,25,1,2028,48,43.2,0,0,,2,0,0,0,34,0,70.4,0,0,0,0,LIUSHAR,2,0,2,0,,0,25,71.3,,78.4,0,1298,48,0,14,0,0,23,0,1,0,0,0,64.9
171612,DQ Watkins,ED,1,0,,0,1,100,LIUSHAR,5,D15,27,20,0,24,1,2026,38,57.5,4,1,60.7,0,0,17,0,0,0,76.4,0,0,0,0,LIUSHAR,3,0,0,0,4,7,14.3,66.5,4,78.4,0,1298,65,0,8,0,83.3,24,0,1,0,0,30,53.8
171613,Taveon Wheeler,DI,0,0,,0,0,,LIUSHAR,2,D92,0,0,0,6,1,2027,10,72.4,0,0,,0,0,0,0,7,0,67.3,0,0,0,0,LIUSHAR,1,0,0,0,,0,0,67.9,,72.9,0,1298,10,0,3,0,0,4,0,0,0,0,0,59.1
171621,Markeith Hogan,LB,0,0,,0,0,,MERRIMACK,3,D11,18,18,0,2,1,2028,1,77.5,0,0,65.5,0,0,6,0,0,0,59.8,0,0,1,0,MERRIMACK,1,0,0,0,,0,0,54.4,,0,0,385,19,0,0,0,0,11,0,0,0,0,1,57.5
171623,Cidney Johnson,ED,0,0,,0,0,,MERRIMACK,0,D96,0,0,0,3,1,2028,5,,0,0,,1,0,0,0,0,0,60,0,0,0,0,MERRIMACK,0,0,1,0,,0,,59.1,,71,0,385,5,0,0,0,0,2,0,0,0,0,5,57.2
171628,Sean Mercuri,LB,0,0,,0,0,,MERRIMACK,0,D45,1,1,0,0,1,2028,2,,0,0,,0,0,0,0,0,0,60.2,0,0,0,0,MERRIMACK,0,0,0,0,,0,,62.4,,70.1,0,385,3,0,0,0,0,3,0,0,0,0,2,
171643,DaMario Crawford,CB,1,0,,0,1,0,ST FRANCIS,0,D05,21,6,0,1,1,2028,0,53.6,0,0,67.3,1,0,17,0,0,0,60,0,0,0,0,ST FRANCIS,0,0,1,0,,15,33.3,63.7,,72.6,0,299,21,0,0,0,39.6,3,0,2,0,0,0,47.8
171662,Balaam Miller,DI,0,0,,0,0,,ST FRANCIS,0,D91,0,0,0,5,1,2028,6,,0,0,,0,0,0,0,3,0,60,0,0,0,0,ST FRANCIS,0,0,0,0,,0,,60,,70.4,0,299,6,0,3,0,0,1,0,0,0,0,0,59.1
171670,Christian Santiago,ED,0,0,,0,0,,ST FRANCIS,1,D93,0,0,0,4,1,2029,12,69.7,0,0,,0,0,0,8,0,0,68,0,0,0,0,ST FRANCIS,1,0,0,0,,0,0,68.5,,71.2,0,299,12,0,3,0,0,8,0,0,0,0,1,58.9
171678,Paul Tangelo,ED,2,0,,0,1,100,ST FRANCIS,2,D09,4,4,0,30,1,2026,55,39.6,18,2,49.6,1,0,3,0,0,0,56.4,0,2,2,0,ST FRANCIS,1,0,3,0,9,0,25,46.3,9,0,0,299,59,22,0,0,104.2,26,0,1,0,0,55,60.3
171680,Eyan Thomas,DI,0,0,,0,0,,ST FRANCIS,2,D78,0,0,0,20,1,2028,34,73.4,0,0,,1,0,0,5,15,0,68,0,0,0,0,ST FRANCIS,1,0,1,0,,0,0,63.8,,76,0,299,34,0,14,0,0,14,0,1,0,0,0,55.2
171683,Andrew Vines,S,0,0,,0,1,,ST FRANCIS,1,D11,22,15,0,0,1,2026,0,37.3,0,0,63.4,0,0,10,0,0,0,66.7,0,0,0,0,ST FRANCIS,1,0,0,0,,2,33.3,66.5,,71.8,0,299,22,0,0,0,0,12,0,1,5,0,0,
171690,Janaasah Boone,S,0,0,,0,0,,WAGNER,2,D12,17,8,0,1,1,2025,3,77.9,0,0,65.3,0,0,11,0,0,0,65,0,0,0,0,WAGNER,1,0,0,0,,8,0,69.3,,74.1,0,338,20,0,0,0,0,8,0,0,1,0,3,66.7
171702,Peter Dempsey,ED,0,0,,0,0,,WAGNER,0,D47,0,0,0,0,1,2028,5,,0,0,,0,0,0,0,0,0,64.9,0,0,0,0,WAGNER,0,0,0,0,,0,,68.5,,70.2,0,338,5,0,1,0,0,5,0,0,0,0,4,
171704,Donovan Dillingham,CB,0,0,,0,0,,WAGNER,0,D29,5,0,0,0,1,2027,0,,0,0,,0,0,0,0,0,0,60,5,0,0,0,WAGNER,0,0,0,0,,0,,60.6,,68.9,0,338,5,0,0,0,0,5,0,0,0,0,0,
171707,Najae Hallenbeck,DI,0,0,,0,0,,WAGNER,1,D97,0,0,0,9,1,2026,21,70.1,0,0,,0,0,0,1,10,0,60.4,0,0,0,0,WAGNER,0,0,0,0,,0,0,59.6,,74.6,0,338,21,0,10,0,0,12,0,0,0,0,0,57.5
171710,Abdoul Idriss,ED,0,0,,0,0,,WAGNER,0,D23,0,0,0,0,1,2028,5,,0,0,,0,0,0,1,0,0,60.1,0,0,0,0,WAGNER,0,0,0,0,,0,,60.4,,70.4,0,338,5,0,0,0,0,5,0,0,0,0,4,
171711,Armani Itote,LB,1,0,,0,0,100,WAGNER,0,D41,12,11,0,0,1,2028,0,,26,1,64.8,0,0,5,0,0,0,29.9,0,0,0,0,WAGNER,0,0,0,0,26,1,,41.1,26,70.3,0,338,12,9,0,1,118.8,7,0,0,0,0,0,
171725,Zac Ricci,CB,2,0,,0,0,50,WAGNER,0,D24,25,0,0,0,1,2028,0,,36,1,81.1,0,1,17,0,0,0,60,24,0,0,0,WAGNER,0,0,0,0,36,1,,81.4,36,74,0,338,25,37,0,0,95.8,8,0,0,0,1,0,
171728,Jouvenson Romulus,S,1,0,,0,1,100,WAGNER,0,D07,21,8,0,2,1,2028,5,27.3,2,1,56.3,0,0,9,0,0,0,59.2,1,0,0,0,WAGNER,0,0,0,0,2,12,50,56.7,2,75.5,0,338,26,3,0,0,79.2,15,0,1,0,0,5,58.8
171738,Mahamane Toure,S,0,0,,0,0,,WAGNER,0,D35,2,2,0,0,1,2029,0,74.8,0,0,,0,0,0,0,0,0,59.4,0,0,0,0,WAGNER,0,0,0,0,,0,0,56,,63.6,0,338,2,0,0,0,0,2,0,1,0,0,0,
171753,Nicholas Oliveira-Chace,ED,0,0,,0,0,,E ILLINOIS,1,D91,0,0,0,21,1,2025,41,72.9,0,0,,0,0,0,1,3,0,59.5,0,0,0,0,E ILLINOIS,1,0,0,0,,0,0,59.5,,76.9,0,158,41,0,23,0,0,20,0,0,0,0,14,58.6
171758,Luke Cook,S,0,0,,0,0,,LNDNWD,0,D16,1,0,0,0,1,2027,0,,0,0,,0,0,0,0,0,0,60,0,0,0,0,LNDNWD,0,0,0,0,,0,,60,,60,0,949,1,0,0,0,0,1,0,0,0,0,0,
171768,Jamison Kemp,DI,0,0,,0,0,,LNDNWD,0,D97,0,0,0,6,1,2028,10,,0,0,,0,0,0,0,0,0,60.6,0,0,0,0,LNDNWD,0,0,0,0,,0,,58.9,,70.8,0,949,10,0,10,0,0,4,0,0,0,0,0,57.2
171770,Zach Lewis,LB,4,0,,0,1,75,LNDNWD,2,D41,22,21,0,4,1,2028,1,52.6,48,3,40.1,0,0,14,0,0,0,67.3,0,0,0,0,LNDNWD,0,0,0,0,20,1,20,45.1,16,71.3,0,949,23,28,0,0,114.6,5,0,2,0,0,1,55.1
171779,Andrew Zook,DI,0,0,,0,0,,LNDNWD,0,D98,0,0,0,12,1,2028,19,,0,0,,0,0,0,0,2,0,69.1,0,0,0,0,LNDNWD,0,0,0,0,,0,,65.2,,73.5,0,949,19,0,17,0,0,7,0,0,0,0,0,56.1
171781,Zayteak McGhee,S,2,0,,0,0,0,HOUCHR,3,D08,35,20,0,1,1,2026,2,79.6,0,0,49.5,0,0,19,0,0,0,54.3,0,0,0,0,HOUCHR,0,0,0,0,,1,0,49.7,,74.4,0,183,37,0,0,0,39.6,17,0,0,14,0,2,59.7
171783,Trace Ruckman,S,0,0,,0,2,,MURRAY ST,1,D38,32,22,0,0,1,2026,0,29.4,0,0,58.1,0,0,13,0,0,0,57.5,0,0,0,0,MURRAY ST,1,0,0,0,,3,40,57.7,,74.2,0,236,32,0,0,0,0,19,0,2,6,0,0,
171790,Jehchys Brown,DI,0,0,,0,0,,SE MO ST,2,D91,0,0,0,12,1,2028,22,73.2,0,0,,0,0,0,2,0,0,66.5,0,0,1,0,SE MO ST,2,0,0,0,,0,0,55.4,,0,0,293,22,0,20,0,0,10,0,1,0,0,0,55.5
171793,Donnie Cheers,WR,0,0,,0,0,,SE MO ST,0,81,1,0,0,0,1,2028,0,,0,0,,0,0,0,0,0,0,60,0,0,1,0,SE MO ST,0,0,0,0,,0,,60.1,,60,0,293,1,0,0,0,0,1,0,0,0,0,0,
171798,DJ Delmore,S,0,0,,0,0,,SE MO ST,0,D23,1,0,0,0,1,2028,0,,0,0,60,0,0,1,0,0,0,,0,0,0,0,SE MO ST,0,0,0,0,,1,,60,,63.9,0,293,1,0,0,0,0,0,0,0,0,0,0,
171806,Cole Ruble,HB,0,0,,0,0,,SE MO ST,0,15,1,0,0,0,1,2028,0,,0,0,,0,0,0,0,0,0,60,0,0,0,0,SE MO ST,0,0,0,0,,0,,60.1,,60,0,293,1,0,0,0,0,1,0,0,0,0,0,
171807,Jaylon Stone,DI,0,0,,0,0,,SE MO ST,0,D92,0,0,0,16,1,2028,30,70.2,0,0,,0,0,0,0,19,0,64.4,0,0,0,0,SE MO ST,0,0,0,0,,0,0,61.4,,76.1,0,293,30,0,11,0,0,14,0,1,0,0,0,55.4
171810,Jeremy Walton,ED,0,0,,0,1,,SE MO ST,0,D16,2,2,0,10,1,2027,27,24.8,0,0,60.9,1,0,2,0,0,0,50,0,0,0,0,SE MO ST,0,0,1,0,,0,100,53.7,,77.6,0,293,29,0,0,0,0,17,0,0,0,0,27,59.8
171837,Celeycan Hill,CB,0,0,,0,0,,TENN MARTN,0,D23,3,0,0,0,1,2026,0,,0,0,,0,0,0,0,0,0,60,3,0,0,0,TENN MARTN,0,0,0,0,,0,,60,,67.3,0,310,3,0,0,0,0,3,0,0,0,0,0,
171840,Davonte Murray,ED,0,0,,0,0,,TENN MARTN,0,D10,0,0,0,9,1,2026,13,73.5,0,0,,1,0,0,10,1,0,71.8,0,0,0,0,TENN MARTN,0,0,1,0,,0,0,70.9,,72.4,0,310,13,0,0,0,0,4,0,2,0,0,2,60.7
171842,Jacob Stevenson,S,2,0,,0,0,100,TENN MARTN,2,D21,70,26,0,0,1,2026,2,81.4,52,2,60.5,0,0,57,0,0,0,76.1,0,0,0,0,TENN MARTN,0,0,0,0,45,3,0,64.9,26,79.1,0,310,72,12,0,0,158.3,15,0,2,41,1,2,
171887,Shawn Russ Jr.,S,0,0,,0,0,,BETH COOK,0,D03,3,1,0,0,1,2027,0,,0,0,60,0,0,1,0,0,0,60,0,0,0,0,BETH COOK,0,0,0,0,,0,,68,,67.8,0,119,3,0,0,0,0,2,0,0,2,0,0,
171935,Jake Mason,DI,0,0,,0,0,,MONTANA,0,D57,0,0,0,4,1,2028,7,,0,0,,0,0,0,0,6,0,63.9,0,1,0,0,MONTANA,0,0,1,0,,0,,72.4,,71.6,0,232,7,0,1,0,0,3,0,0,0,0,0,67.1
171957,Deuce Geter,S,0,0,,0,1,,BUCKNELL,1,D26,4,2,0,0,1,2030,0,28.4,0,0,60,0,0,1,0,0,0,52.7,0,0,0,0,BUCKNELL,0,0,0,0,,0,50,52.1,,68,0,125,4,0,0,0,0,3,0,0,2,0,0,
171958,Nick Hoying,S,0,0,,0,1,,BUCKNELL,5,D23,54,50,0,3,1,2030,1,67.2,0,0,66.5,0,0,20,0,0,0,54.6,0,0,0,0,BUCKNELL,1,0,0,0,,3,11.1,60.1,,76.3,0,125,55,0,0,0,0,32,0,3,1,0,1,54.3
171961,Calogero LoGrasso,DI,0,0,,0,0,,BUCKNELL,0,D64,0,0,0,0,1,2030,1,,0,0,,0,0,0,0,1,0,60,0,0,0,0,BUCKNELL,0,0,0,0,,0,,60.4,,65.5,0,125,1,0,0,0,0,1,0,0,0,0,0,
171970,Takai Whitmore,CB,3,0,,1,0,100,BUCKNELL,5,D14,10,2,0,0,1,2030,0,81.4,34,3,49.2,0,0,5,0,0,0,92.3,8,0,0,0,BUCKNELL,1,0,0,0,17,0,0,71.9,11.3,69.6,0,125,10,4,0,0,113.9,5,0,1,0,0,0,
171971,Gavin Willis,LB,2,0,,0,3,0,BUCKNELL,8,D13,78,75,0,6,1,2028,0,51.5,0,0,54.7,0,0,21,0,0,0,60.5,0,0,0,0,BUCKNELL,6,0,0,0,,2,21.4,57,,77.7,0,125,78,0,0,0,39.6,51,1,3,1,0,0,54.5
171973,Kaleb Alexander,CB,2,0,,0,0,50,COLGATE,2,D08,47,1,0,1,1,2028,1,78.8,16,1,60.1,0,0,14,0,0,0,64.2,43,0,0,0,COLGATE,0,0,0,0,16,3,0,61.7,16,76.4,0,142,48,10,0,0,77.1,33,0,1,0,0,1,59.9
171979,Griffin Gentner,CB,0,0,,0,0,,COLGATE,0,D26,4,0,0,0,1,2028,0,,0,0,,0,0,0,0,0,0,60,4,0,0,0,COLGATE,0,0,0,0,,0,,60.1,,67.9,0,142,4,0,0,0,0,4,0,0,0,0,0,
171993,Josh Stinespring,S,1,0,,0,0,0,COLGATE,3,D31,33,25,0,0,1,2028,0,81.8,0,0,66.1,0,0,11,0,0,0,71.8,1,0,0,0,COLGATE,0,0,0,0,,5,0,70.5,,73.8,0,142,33,0,0,0,39.6,22,0,1,2,0,0,
171995,Justin Tedim,ED,0,0,,0,1,,COLGATE,0,D46,0,0,0,9,1,2028,20,23.1,0,0,,0,0,0,2,0,0,61.3,0,1,0,0,COLGATE,0,0,1,0,,0,100,61.5,,74.9,0,142,20,0,0,0,0,11,0,0,0,0,18,59.7
171996,Justyn Toler,CB,0,0,,0,0,,COLGATE,1,D10,9,1,0,0,1,2028,1,73.1,0,0,48.3,0,0,5,0,0,0,60,8,0,0,0,COLGATE,0,0,0,0,,0,0,48.8,,72,0,142,10,0,0,0,0,5,0,0,0,0,1,
171999,Brock Winsett,ED,0,0,,0,1,,COLGATE,0,D92,0,0,0,8,1,2028,18,42.5,0,0,,0,0,0,0,0,0,66.7,0,0,0,0,COLGATE,0,0,0,0,,0,50,63.5,,74.7,0,142,18,0,0,0,0,10,0,1,0,0,18,54.5
172000,Tymir Wynn,CB,2,0,,0,0,100,COLGATE,2,D06,54,2,0,0,1,2028,1,77.9,8,2,72.2,0,0,19,0,0,0,67.4,50,0,0,0,COLGATE,1,0,0,0,8,2,0,72.6,4,77.2,0,142,55,2,0,0,83.3,36,0,1,0,0,1,
172011,John Scott III,ED,0,0,,0,1,,FORDHAM,5,D11,0,0,0,19,1,2028,54,58.6,0,0,,2,0,0,1,0,0,70.8,0,0,0,0,FORDHAM,3,0,2,0,,0,16.7,69.8,,78.3,0,168,54,0,0,0,0,35,0,0,0,0,53,61.5
172015,Cooper Blomstrom,ED,2,0,,0,0,50,GEORGETOWN,5,D58,5,5,1,29,1,2028,60,80.9,18,1,48.8,0,0,10,1,0,0,59.2,0,0,0,0,GEORGETOWN,3,0,1,0,18,0,0,55.2,18,81.5,0,172,65,1,0,0,81.3,26,0,1,0,0,59,58.8
172016,Bijay Boldin,S,0,0,,0,0,,GEORGETOWN,1,D20,8,5,0,0,1,2027,0,75.3,0,0,45.9,0,0,2,0,0,0,56.9,0,0,1,0,GEORGETOWN,0,0,0,0,,1,0,41.5,,71.3,0,172,8,0,0,0,0,6,0,0,2,0,0,
172017,Quincy Briggs,CB,5,0,,0,0,60,GEORGETOWN,4,D16,53,3,0,0,1,2028,1,80.7,71,3,64.8,0,0,35,0,0,0,58.1,47,0,0,0,GEORGETOWN,1,0,0,0,43,2,0,64.1,23.7,76.3,0,172,54,28,0,1,104.2,19,0,1,1,0,1,
172021,Zeraun Daniel,S,4,0,,0,0,75,GEORGETOWN,9,D38,57,30,0,0,1,2028,1,87.3,54,3,53.5,0,0,37,0,0,0,81,2,0,0,0,GEORGETOWN,2,0,0,0,36,17,0,61.8,18,79.1,0,172,58,24,0,1,116.7,21,0,2,8,0,1,
172028,Chigozie Oge-Evans,ED,0,0,,0,1,,GEORGETOWN,0,D59,0,0,0,15,1,2028,26,24.9,0,0,60,3,0,0,3,0,0,55.8,0,1,0,0,GEORGETOWN,0,0,4,0,,0,100,69.8,,75.8,0,172,26,0,0,0,0,11,0,0,0,0,23,85.2
172032,GianCarlo Rufo,LB,0,0,,0,0,,GEORGETOWN,1,D08,59,59,1,6,1,2028,5,80,0,0,66.6,0,0,31,0,0,0,65,0,0,0,0,GEORGETOWN,2,0,1,0,,0,0,70.3,,75.9,0,172,64,0,0,0,0,27,0,3,0,0,5,70.8
172034,Mouhammed Sow,DI,0,0,,0,0,,GEORGETOWN,1,D44,0,0,0,5,1,2028,12,69.7,0,0,,0,0,0,0,4,0,63.6,0,0,0,0,GEORGETOWN,1,0,0,0,,0,0,62.6,,72.1,0,172,12,0,8,0,0,7,0,0,0,0,0,57.3
172038,Braylon Wise,CB,5,0,,0,1,20,GEORGETOWN,3,D23,38,1,0,0,1,2028,0,46.9,11,1,38.8,0,0,21,0,0,0,67.7,36,0,0,0,GEORGETOWN,0,0,0,0,11,1,25,43.4,11,75.4,0,172,38,1,0,0,39.6,17,0,0,0,0,0,
172048,Darson Jeanty,S,0,0,,0,0,,LAFAYETTE,1,D00,1,0,0,0,1,2028,0,76.9,0,0,69.1,0,0,1,0,0,0,,0,0,0,0,LAFAYETTE,0,0,0,0,,1,0,74.3,,63.8,0,203,1,0,0,0,0,0,0,0,0,0,0,
172050,Jaylon Joseph,ED,0,0,,0,1,,LAFAYETTE,1,D93,0,0,0,17,1,2028,40,40.6,0,0,60,1,0,1,8,0,0,73.7,0,0,2,0,LAFAYETTE,1,1,1,0,,0,50,61.7,,0,0,203,40,0,2,0,0,22,0,0,0,0,30,63.9
172054,DeMarion McCoy,DI,0,0,,0,0,,LAFAYETTE,0,D10,0,0,0,9,1,2029,16,70.1,0,0,,1,0,0,2,4,0,62.5,0,0,0,0,LAFAYETTE,0,0,1,0,,0,0,65.9,,73,0,203,16,0,10,0,0,7,0,1,0,0,0,64.9
172057,Davis Oliver-Goodwin,S,0,0,,0,0,,LAFAYETTE,0,D47,2,1,0,0,1,2027,0,,0,0,60,0,0,1,0,0,0,60,0,0,0,0,LAFAYETTE,0,0,0,0,,0,,60.4,,64.8,0,203,2,0,0,0,0,1,0,0,1,0,0,
172062,Darien Riley,ED,0,0,,0,0,,LAFAYETTE,1,D99,0,0,0,15,1,2028,33,73.4,0,0,60,0,0,1,12,0,0,55.2,0,1,0,0,LAFAYETTE,1,0,1,0,,0,0,54.4,,75.5,0,203,33,0,0,0,0,17,0,1,0,0,21,55.3
172065,Robert Stevens III,LB,0,0,,0,1,,LAFAYETTE,2,D20,22,20,0,4,1,2029,0,65.5,0,0,62.2,0,0,5,0,0,0,74.8,0,0,0,0,LAFAYETTE,1,0,0,0,,2,16.7,71.9,,71.6,0,203,22,0,0,0,0,13,1,3,0,0,0,55.4
172067,Michael Vaughn,DI,0,0,,0,0,,LAFAYETTE,0,D95,0,0,0,0,1,2028,1,,0,0,,0,0,0,0,0,0,60,0,0,0,0,LAFAYETTE,0,0,0,0,,0,,60.2,,64.4,0,203,1,0,1,0,0,1,0,0,0,0,0,
172075,Walker Blair,CB,0,0,,0,0,,LEHIGH,0,D42,1,0,0,0,1,2028,0,,0,0,,0,0,0,0,0,0,60,0,0,0,0,LEHIGH,0,0,0,0,,0,,60,,60,0,205,1,0,0,0,0,1,0,0,0,0,0,
172087,Jadin Nelson,DI,0,0,,0,0,,LEHIGH,0,D54,0,0,1,20,1,2028,28,66.5,0,0,,0,0,0,0,7,0,67.2,0,0,0,0,LEHIGH,1,0,1,0,,0,,65.8,,75.7,0,205,28,0,21,0,0,8,0,0,0,0,0,60.2
172089,William Parton,LB,1,0,,0,1,100,LEHIGH,3,D35,28,26,0,1,1,2028,0,50.9,10,1,60.1,0,0,21,0,0,0,58.4,0,0,1,0,LEHIGH,2,0,0,0,10,2,20,53.3,10,0,0,205,28,18,0,0,108.3,6,0,1,0,0,0,60
172090,Davis Rice,CB,4,0,,0,0,50,LEHIGH,1,D27,33,1,0,0,1,2028,0,79.7,31,2,63.1,0,0,26,0,0,0,64.5,0,0,0,0,LEHIGH,0,0,0,0,20,32,0,64.3,15.5,79.4,0,205,33,27,0,1,76,7,0,2,0,0,0,
172091,Aidan Singleton,CB,6,0,,0,1,33.3,LEHIGH,2,D05,64,1,0,0,1,2028,0,37.2,8,2,69.9,0,0,43,0,0,0,48.3,63,0,0,0,LEHIGH,1,0,0,0,4,0,33.3,67.2,4,77.3,0,205,64,1,0,0,42.4,21,0,0,0,0,0,
172093,CJ Wood,CB,0,0,,0,0,,LEHIGH,0,D48,1,0,0,0,1,2026,0,,0,0,,0,0,0,0,0,0,60,0,0,0,0,LEHIGH,0,0,0,0,,0,,60,,60,0,205,1,0,0,0,0,1,0,0,0,0,0,
172095,Mason Armstrong,LB,0,0,,0,0,,BUTLER,0,D02,9,6,0,0,1,2028,0,,0,0,61.5,0,0,3,0,0,0,55,0,0,0,0,BUTLER,0,0,0,0,,3,,57.5,,69.5,0,127,9,0,0,0,0,6,0,0,0,0,0,
172099,Peyton Daniels,CB,1,0,,0,0,100,BUTLER,0,D26,1,0,0,0,1,2028,0,,28,1,60,0,0,1,0,0,0,,1,0,0,0,BUTLER,0,0,0,0,28,0,,51.2,28,63.8,0,127,1,0,0,0,158.3,0,0,0,0,1,0,
172105,Dev Holman,CB,3,1,,0,1,66.7,BUTLER,1,D08,39,2,0,0,1,2028,0,37.7,17,2,90.3,0,1,18,0,0,0,56.7,37,0,0,0,BUTLER,1,0,0,0,9,0,33.3,87.5,8.5,75,0,127,39,16,0,0,41.7,21,1,1,0,0,0,
172108,Ashton Nawrocki,ED,0,0,,0,0,,BUTLER,0,D15,0,0,0,9,1,2028,20,,0,0,,1,0,0,3,0,0,58,0,1,1,0,BUTLER,0,0,2,0,,0,,54.5,,0,0,127,20,0,0,0,0,11,0,0,0,0,17,67.4
172117,Jackson Stratton,S,0,0,,0,2,,BUTLER,1,D29,14,8,0,0,1,2028,1,25.5,0,0,63.3,0,0,6,0,0,0,51.7,0,0,0,0,BUTLER,1,0,0,0,,6,66.7,57.4,,75.8,0,127,15,0,0,0,0,9,0,0,0,0,1,
172124,Michael Williams II,S,0,0,,0,0,,BUTLER,0,D24,3,1,0,0,1,2028,0,,0,0,60,0,0,1,0,0,0,60,2,0,0,0,BUTLER,0,0,0,0,,0,,60.9,,66.1,0,127,3,0,0,0,0,2,0,0,0,0,0,
172137,Elijah Graham,CB,0,0,,0,1,,MERCYHURST,5,D01,46,1,0,0,1,2026,0,62.2,0,0,67.7,0,0,14,0,0,0,69.7,39,0,0,0,MERCYHURST,2,0,0,0,,5,14.3,69.5,,76.1,0,977,46,0,0,0,0,32,0,1,1,0,0,
172141,Paul O'Brien,DI,0,0,,0,0,,MOREHEAD,1,D94,0,0,0,18,1,2026,39,72.2,0,0,,0,0,0,0,4,0,71.3,0,0,0,0,MOREHEAD,1,0,0,0,,0,0,67.2,,75.7,0,234,39,0,35,0,0,21,0,1,0,0,0,54.6
172142,Hayden Petersen,S,0,0,,0,0,,MOREHEAD,0,D24,3,2,0,0,1,2026,0,,0,0,60.4,0,0,2,0,0,0,60,0,0,0,0,MOREHEAD,0,0,0,0,,0,,60.4,,67.4,0,234,3,0,0,0,0,1,0,0,1,0,0,
172156,Peyton Himley,S,1,0,,0,0,100,STTHOM,1,D23,4,1,0,0,1,2028,0,76.4,13,1,45.8,0,0,4,0,0,0,,0,0,0,0,STTHOM,0,0,0,0,13,0,0,47.9,13,68.6,0,1129,4,1,0,0,118.8,0,0,0,3,0,0,
172165,Gavin Nunnally,CB,0,0,,0,0,,STTHOM,0,D21,4,0,0,0,1,2027,0,,0,0,62.8,0,0,4,0,0,0,,4,0,0,0,STTHOM,0,0,0,0,,0,,63.4,,68,0,1129,4,0,0,0,0,0,0,0,0,0,0,
172174,Caleb Sandstrom,ED,1,0,,0,0,0,STTHOM,1,D14,4,3,0,17,1,2028,38,77.7,0,0,52.1,4,0,6,0,0,0,70.6,0,1,0,0,STTHOM,1,0,5,0,,1,0,65.8,,79.4,0,1129,42,0,0,0,39.6,19,0,2,0,0,38,65
172176,Kole Sneed,DI,0,0,,0,0,,STTHOM,0,D90,0,0,0,5,1,2028,11,,0,0,,1,0,0,3,0,0,62.1,0,0,0,0,STTHOM,0,0,1,0,,0,,60.2,,71.7,0,1129,11,0,7,0,0,6,0,0,0,0,1,56.6
172178,Delainey Suraju,DI,0,0,,0,0,,STTHOM,0,D44,0,0,0,1,1,2026,4,,0,0,,1,0,0,0,4,0,60.9,0,0,0,0,STTHOM,0,0,1,0,,0,,61.5,,69.8,0,1129,4,0,0,0,0,3,0,0,0,0,0,60
172180,Nash Tichy,LB,0,0,,0,0,,STTHOM,2,D30,15,13,0,3,1,2029,2,77.1,0,0,62.8,0,0,8,0,0,0,65.9,0,0,0,0,STTHOM,0,0,0,0,,2,0,65.1,,71.6,0,1129,17,0,0,0,0,6,0,0,0,0,2,55.7
172273,Zach Dantzlerward,DI,0,0,,0,0,,ST FRANCIS,0,D99,0,0,0,1,1,2028,9,,0,0,,0,0,0,5,0,0,62.6,0,0,0,0,ST FRANCIS,0,0,0,0,,0,,63.1,,71,0,299,9,0,4,0,0,8,0,0,0,0,0,59.9
172285,Trenton Kintigh,DI,0,0,,0,0,,WOFFORD,0,D48,0,0,0,5,1,2028,14,69.7,0,0,,0,0,0,0,5,0,60.7,0,0,0,0,WOFFORD,0,0,0,0,,0,0,60.1,,72.7,0,350,14,0,9,0,0,9,0,1,0,0,0,58.1
172288,BJ Lowery,CB,2,0,,0,0,100,SACR HEART,2,D22,10,1,0,0,1,2027,0,76.7,13,2,63.9,0,0,5,0,0,0,58.5,9,0,0,0,SACR HEART,1,0,0,0,9,0,0,59.3,6.5,70.4,0,280,10,4,0,0,93.8,5,0,0,0,0,0,
172351,Dasheen Jackson,S,5,0,,0,2,40,ALABAMA ST,2,D01,59,6,0,5,1,2026,3,51,37,2,45.6,2,0,32,0,0,0,75.1,0,2,0,0,ALABAMA ST,1,0,4,0,33,52,33.3,52.7,18.5,79.3,0,105,62,19,0,0,66.3,25,1,2,1,0,3,57.1
172452,Stephen Johnson,DI,0,0,,0,0,,MCNEESE,1,D56,0,0,0,22,1,2028,38,72.4,0,0,,0,0,0,0,3,0,66.4,0,0,1,0,MCNEESE,1,0,0,0,,0,0,56.4,,0,0,217,38,0,35,0,0,16,0,1,0,0,0,54.9
172555,Jalin Shephard,S,2,0,,0,1,0,TENN TECH,5,D06,38,16,0,0,1,2026,0,59,0,0,59.3,0,0,16,0,0,0,63.4,0,0,0,0,TENN TECH,1,0,0,0,,7,16.7,61.2,,76.5,0,309,38,0,0,0,39.6,22,0,0,15,0,0,
172635,E.J. Thomas,DI,0,0,,0,0,,CHATTNOOGA,0,D90,0,0,0,9,1,2025,16,,0,0,,0,0,0,1,0,0,43.9,0,0,0,0,CHATTNOOGA,0,0,0,0,,0,,43.5,,72.5,0,137,16,0,15,0,0,7,0,0,0,0,0,57.2
172680,Walter Goggins,DI,0,0,,0,0,,N ALABAMA,1,D41,0,0,0,12,1,2028,22,69.7,0,0,61.7,0,0,0,1,4,0,62.6,0,0,0,0,N ALABAMA,1,0,0,0,,0,0,65.1,,74.3,0,389,22,0,17,0,0,10,1,0,0,0,0,56.7
172683,Brayden Manley,ED,0,0,,0,1,,MERCER,3,D00,0,0,2,56,1,2028,76,65.4,0,0,64.3,5,0,3,0,0,0,67.8,0,1,1,0,MERCER,4,1,8,0,,0,20,76,,10.1,0,219,76,0,0,0,0,17,0,1,0,0,76,77.6
172689,Donovan Watkins,CB,9,0,,0,1,44.4,MERCER,1,D04,88,28,0,2,1,2029,0,28.2,38,4,57.3,0,0,66,0,0,0,68.2,0,0,0,0,MERCER,0,0,0,0,24,60,50,59.1,9.5,78.2,0,219,88,22,0,2,56.7,20,0,0,0,0,0,55.9
172691,Chris Benton,ED,0,0,,0,0,,CITADEL,0,D91,0,0,0,13,1,2028,15,,0,0,,1,0,0,4,0,0,60,0,0,0,0,CITADEL,0,0,1,0,,0,,60.4,,74.5,0,139,15,0,0,0,0,2,0,0,0,0,11,59.1
172694,Jeremiah Holmes,ED,1,0,,0,0,100,CITADEL,2,D33,17,11,0,15,1,2028,20,76.2,4,1,65.5,1,0,11,4,0,0,63,0,0,0,0,CITADEL,1,0,1,0,4,5,0,67.4,4,76.8,0,139,37,5,0,0,83.3,11,0,0,1,0,16,64.1
172696,Ravon Johnson,ED,0,0,,0,0,,ALAB A&M,0,D43,0,0,0,0,1,2028,2,,0,0,,0,0,0,0,0,0,61.3,0,0,0,0,ALAB A&M,0,0,0,0,,0,,63.4,,67.3,0,104,2,0,0,0,0,2,0,0,0,0,2,
172698,Bradlee Jones,CB,4,0,,0,1,75,CITADEL,3,D34,63,2,0,0,1,2028,0,47.3,26,3,68.3,0,0,41,0,0,1,75.9,60,0,1,0,CITADEL,1,0,0,0,14,0,25,70.8,8.7,76.9,0,139,63,10,0,1,91.7,22,1,0,1,0,0,
172704,Amond Myers,CB,0,0,,0,0,,CITADEL,0,D25,7,0,0,0,1,2027,0,,0,0,63.4,0,0,4,0,0,0,60,7,0,0,0,CITADEL,0,0,0,0,,0,,64.2,,69.5,0,139,7,0,0,0,0,3,0,0,0,0,0,
172705,DaVonyae Pettis,ED,1,0,,0,0,100,CITADEL,2,D37,4,2,1,18,1,2028,30,79.1,-4,1,72.4,1,0,3,7,0,0,65.2,0,0,0,0,CITADEL,2,0,2,0,-4,2,0,71.4,-4,77.4,0,139,34,0,0,0,79.2,13,1,0,0,0,23,62.7
172706,Justin Preaster,S,2,0,,0,0,100,CITADEL,1,D08,21,8,0,3,1,2027,3,73.4,5,2,65.9,0,0,11,0,0,0,63,0,0,0,0,CITADEL,0,0,0,0,5,13,0,65.8,2.5,73.5,0,139,24,10,0,0,79.2,10,0,0,0,0,3,57.3
172709,Mikey Rosa,LB,2,0,,0,1,100,CITADEL,2,D45,20,17,0,2,1,2028,0,63.1,16,2,44.7,0,0,12,0,0,0,60.3,0,0,0,0,CITADEL,0,0,0,0,10,3,20,49.7,8,72.8,0,139,20,10,0,0,100,6,0,2,0,0,0,67.3
172713,D'Ahmon Artis,LB,0,0,,0,1,,VA MILT IN,1,D19,7,6,0,1,1,2027,1,26.2,0,0,51.8,0,0,6,0,0,0,60,0,0,0,0,VA MILT IN,0,0,0,0,,0,50,49.8,,71.1,0,336,8,0,0,0,0,1,0,0,1,0,1,59.3
172715,Elijah Brooks,DI,0,0,,0,0,,VA MILT IN,0,D90,0,0,0,6,1,2028,19,69.7,0,0,,0,0,0,0,7,0,53.1,0,0,0,0,VA MILT IN,0,0,0,0,,0,0,52.7,,73.8,0,336,19,0,12,0,0,13,0,1,0,0,0,57.7
172720,Isaiah Grevious,LB,0,0,,0,0,,VA MILT IN,1,D28,25,15,0,3,1,2028,4,75.1,0,0,63.3,0,0,6,0,0,0,66.4,0,0,0,0,VA MILT IN,1,0,0,0,,10,0,65.6,,73.5,0,336,29,0,0,0,0,20,0,0,0,0,4,57
172723,Jacob Moore,ED,0,0,,0,0,,VA MILT IN,0,D92,0,0,0,20,1,2028,49,,0,0,,1,0,0,23,0,0,45.6,0,0,1,0,VA MILT IN,0,0,1,0,,0,,48,,76.6,0,336,49,0,14,0,0,29,0,0,0,0,12,57.1
172726,Luke Scott,ED,0,0,,0,0,,VA MILT IN,2,D93,0,0,0,11,1,2027,31,75.1,0,0,,1,0,0,7,0,0,54.5,0,0,0,0,VA MILT IN,1,0,1,0,,0,0,56.5,,75.7,0,336,31,0,2,0,0,20,0,1,0,0,22,61.5
172734,Dominick Bolden,DI,0,0,,0,0,,MCNEESE,0,D99,0,0,0,1,1,2026,1,,0,0,,0,0,0,0,0,0,,0,0,0,0,MCNEESE,0,0,0,0,,0,,60,,64.4,0,217,1,0,1,0,0,0,0,0,0,0,0,60
172736,John Brown Jr.,ED,0,0,,0,0,,JACKSON ST,1,D33,0,0,0,10,1,2026,21,70.2,0,0,,1,0,0,12,0,0,78.8,0,1,0,0,JACKSON ST,1,0,2,0,,0,0,74.9,,74.1,0,194,21,0,6,0,0,11,0,0,0,0,3,58.6
172744,Mark Fielder,DI,0,0,,0,0,,MCNEESE,1,D98,0,0,0,6,1,2029,11,69.7,0,0,,0,0,0,0,0,0,66.9,0,0,0,0,MCNEESE,0,0,0,0,,0,0,65.3,,71.5,0,217,11,0,11,0,0,5,0,0,0,0,0,56.4
172755,Peyton Lemaire,LB,1,0,,0,0,100,MCNEESE,1,D23,6,5,0,3,1,2028,0,73.1,3,1,71.3,0,0,2,0,0,0,60,0,0,0,0,MCNEESE,1,0,0,0,3,1,0,76.1,3,66.4,0,217,6,2,0,0,79.2,1,0,0,0,0,0,59.4
172780,Kendarius Smith,CB,4,0,,0,1,25,NICHOLLS,0,D05,72,1,0,0,1,2025,0,26.9,4,1,69.2,0,0,49,0,0,0,63.8,59,0,0,0,NICHOLLS,0,0,0,0,4,10,100,69.5,4,78.1,0,243,72,-2,0,1,39.6,23,0,0,2,0,0,
172791,Peyton Anderson,DI,0,0,,0,0,,SE LA,0,D90,0,0,0,12,1,2028,22,,0,0,,1,0,0,0,3,0,56.1,0,0,0,0,SE LA,0,0,1,0,,0,,58.6,,74.5,0,294,22,0,19,0,0,10,0,0,0,0,0,62.2
172799,Tylon Cooper,CB,1,0,,0,0,100,SE LA,2,D24,24,0,0,0,1,2027,1,76.6,4,1,68.4,0,0,17,0,0,0,60.7,24,0,0,0,SE LA,0,0,0,0,4,0,0,68.8,4,74.7,0,294,25,-1,0,0,83.3,8,0,0,0,0,1,
172804,Khamron Ford,CB,9,0,,0,1,66.7,SE LA,10,D05,64,16,0,5,1,2026,2,67.7,94,6,64.7,1,0,31,0,0,0,66.2,0,0,0,0,SE LA,6,0,1,0,39,48,5.9,65.4,15.7,77.2,0,294,66,54,0,2,101.2,30,0,6,0,0,2,55.8
172809,Jirrea Johnson Jr.,LB,0,0,,0,0,,SE LA,0,D43,3,2,0,0,1,2028,0,,0,0,61.5,0,0,3,0,0,0,,0,0,0,0,SE LA,0,0,0,0,,1,,62.9,,67.4,0,294,3,0,0,0,0,0,0,0,0,0,0,
172815,Richard McKneely,CB,0,0,,0,1,,SE LA,0,D36,1,0,0,0,1,2028,0,21.4,0,0,52.1,0,0,1,0,0,0,,0,0,0,0,SE LA,0,0,0,0,,1,100,47.7,,63.8,0,294,1,0,0,0,0,0,0,0,0,0,0,
172819,Jordan Okoye,LB,0,0,,0,0,,SE LA,0,D40,5,2,0,0,1,2028,0,,0,0,62.1,0,0,3,0,0,0,60,0,0,0,0,SE LA,0,0,0,0,,3,,55.2,,68.7,0,294,5,0,0,0,0,2,0,0,0,0,0,
172821,Javen Sanchez,DI,0,0,,0,1,,LAMAR,0,D24,0,0,0,9,1,2026,14,21.8,0,0,,0,0,0,0,8,0,65,0,0,0,0,LAMAR,0,0,0,0,,0,100,63.6,,73.7,0,204,14,0,6,0,0,5,0,0,0,0,0,57.7
172855,Justin Bostic,S,1,0,,0,0,0,FL A&M,0,D31,11,0,0,0,1,2028,0,,0,0,64.8,0,0,8,0,0,0,60,0,0,0,0,FL A&M,0,0,0,0,,11,,65.3,,76.6,0,164,11,0,0,0,39.6,3,0,0,0,0,0,
172859,Tyrese Gibson-Battles,ED,0,0,,0,0,,FL A&M,2,D25,3,3,0,4,1,2025,15,75.9,0,0,60.2,0,0,2,0,0,0,70.3,0,0,0,0,FL A&M,1,0,0,0,,0,0,76.7,,75.3,0,164,18,0,0,0,0,12,0,1,0,0,15,73.1
172875,B.J. Washington,S,1,0,,0,0,0,JACKSON ST,1,D09,18,3,0,0,1,2027,2,76.4,0,0,63.3,0,0,10,0,0,0,64.2,0,0,0,0,JACKSON ST,0,0,0,0,,0,0,65.4,,75.7,0,194,20,0,0,0,39.6,10,0,0,15,0,2,
172883,Stanley Cooks II,DI,0,0,,0,0,,JACKSON ST,0,D94,0,0,0,3,1,2028,9,70.1,0,0,,0,0,0,0,8,0,71.8,0,0,0,0,JACKSON ST,0,0,0,0,,0,0,73,,72.7,0,194,9,0,1,0,0,6,0,1,0,0,0,58.7
172896,Bruce Mitchell,CB,4,0,,0,2,100,MS VLY ST,2,D25,60,4,0,0,1,2028,0,26.9,54,4,56.5,0,0,28,0,0,0,65,56,0,0,0,MS VLY ST,0,0,0,0,19,0,50,58.3,13.5,76.3,0,228,60,20,0,0,118.8,32,0,0,0,0,0,
172912,Jace Ward,ED,0,0,,0,0,,JACKSON ST,2,D43,1,1,0,4,1,2029,8,75.2,0,0,61.2,2,0,1,0,0,0,60,0,0,0,0,JACKSON ST,2,0,2,0,,0,0,66,,73.1,0,194,9,0,0,0,0,4,0,0,0,0,8,65
172940,Patrick Batiste,S,0,0,,0,0,,INCAR WORD,0,D25,1,0,0,1,1,2028,0,,0,0,,0,0,0,0,0,0,,0,0,0,0,INCAR WORD,0,0,0,0,,0,,60,,60,0,189,1,0,0,0,0,0,0,0,0,0,0,60
172941,D'Arius Carmouche,CB,0,0,,0,0,,INCAR WORD,0,D18,1,0,0,1,1,2028,0,,0,0,,0,0,0,0,0,0,,0,0,0,0,INCAR WORD,0,0,0,0,,0,,60,,60,0,189,1,0,0,0,0,0,0,0,0,0,0,60
172943,Barry Dillon,CB,3,0,,0,0,66.7,INCAR WORD,2,D24,18,0,0,0,1,2029,0,78.5,44,2,42.2,0,0,15,0,0,0,60,17,0,1,0,INCAR WORD,0,0,0,0,24,1,0,42.1,22,73.3,0,189,18,3,0,0,109.7,3,0,1,0,0,0,
172948,Tylan Foster,LB,2,0,,0,0,50,INCAR WORD,7,D11,80,73,0,9,1,2026,6,82.6,6,1,64,0,0,44,0,0,0,78.7,0,0,0,0,INCAR WORD,5,0,0,0,6,7,0,70.6,6,80,0,189,86,7,0,0,56.3,33,0,2,0,0,6,53.4
172959,Kendrick Stone,S,3,0,,0,1,33.3,INCAR WORD,3,D07,52,26,0,1,1,2026,1,58.5,8,1,58.1,0,0,34,0,0,0,60.9,1,0,0,0,INCAR WORD,1,0,0,0,8,13,16.7,58.8,8,76.4,0,189,53,7,0,0,42.4,18,1,2,12,0,1,59.2
172960,James Tuayemie,CB,9,0,,0,1,66.7,INCAR WORD,7,D02,66,2,0,1,1,2026,3,64.4,36,6,54.5,0,0,38,0,0,0,66.4,64,0,4,0,INCAR WORD,0,0,0,0,10,0,12.5,55.9,6,78.2,0,189,69,8,0,0,111.3,30,0,0,0,1,3,55.4
172963,KJ Gilbert,CB,1,0,,0,0,0,LAMAR,0,D18,3,0,0,0,1,2026,0,,0,0,45.5,0,0,2,0,0,0,60,3,0,0,0,LAMAR,0,0,0,0,,0,,39.2,,66.9,0,204,3,0,0,0,39.6,1,0,0,0,0,0,
172979,Henry Harper,ED,0,0,,0,1,,SO UTAH,0,D57,0,0,0,13,1,2027,17,18.2,0,0,,0,0,0,0,0,0,47.9,0,0,0,0,SO UTAH,0,0,0,0,,0,100,47.1,,75,0,298,17,0,0,0,0,4,0,0,0,0,17,55.7
172980,Walker Harris,ED,0,0,,0,0,,SO UTAH,1,D32,0,0,0,27,1,2026,34,71.5,0,0,,4,0,0,0,0,0,71.1,0,0,0,0,SO UTAH,1,0,4,0,,0,0,76.9,,77.4,0,298,34,0,0,0,0,7,0,0,0,0,34,71.4
173003,Demetrius Fatongiatau,DI,0,0,,0,0,,UTAHTC,0,D93,0,0,0,0,1,2027,1,,0,0,,0,0,0,0,1,0,60,0,0,0,0,UTAHTC,0,0,0,0,,0,,49,,65.5,0,1285,1,0,0,0,0,1,0,0,0,0,0,
173004,Brevin Hamblin,S,1,0,,0,1,100,UTAHTC,9,D12,75,15,0,0,1,2028,0,77.2,15,1,54.4,0,0,24,0,0,0,76.7,0,0,0,0,UTAHTC,2,0,0,0,15,5,7.7,65.5,15,77.7,0,1285,75,7,0,0,118.8,51,0,3,55,0,0,
173006,Scooter Jackson,CB,5,0,,0,1,40,UTAHTC,4,D01,72,6,0,0,1,2028,2,61.8,10,2,68.4,0,0,24,0,0,0,59.1,4,0,0,0,UTAHTC,1,0,0,0,7,61,20,66,5,79.7,0,1285,74,11,0,0,47.9,50,0,0,1,0,2,
173008,Quincy Lejay,S,1,0,,0,2,0,UTAHTC,9,D17,74,40,0,0,1,2028,0,68.4,0,0,78.3,0,0,24,0,0,0,72.4,0,0,0,0,UTAHTC,6,0,0,0,,15,13.3,77.5,,74.2,0,1285,74,0,0,1,39.6,50,0,4,19,0,0,
173017,Jarron Polu,LB,1,0,,0,0,100,UTAHTC,1,D33,18,16,0,2,1,2027,5,76.5,12,1,51.4,0,0,4,0,0,0,65.3,0,0,0,0,UTAHTC,0,0,0,0,12,2,0,58.2,12,73.9,0,1285,23,14,0,0,116.7,17,0,1,0,0,5,58.8
173050,Michael Patterson III,CB,2,0,,0,0,50,STF AUSTIN,2,D29,37,0,0,0,1,2028,0,76.2,3,1,64.4,0,0,24,0,0,0,62.3,36,0,0,0,STF AUSTIN,1,0,0,0,3,0,0,64.9,3,75.5,0,301,37,1,0,0,56.3,13,0,0,1,0,0,
173076,Akili Hubbard,S,1,0,,0,0,100,E ILLINOIS,1,D12,22,8,0,0,1,2026,0,78.6,21,1,45.2,0,0,8,0,0,0,68.7,0,0,0,0,E ILLINOIS,1,0,0,0,21,0,0,56,21,74.1,0,158,22,0,0,0,158.3,14,0,2,14,1,0,
173367,Shamoun Duncan-Niusulu,S,3,0,,0,1,66.7,STNY BROOK,9,D05,47,21,0,0,1,2025,0,78.5,14,2,75.1,0,0,26,0,0,1,70,0,0,0,0,STNY BROOK,2,0,0,0,7,0,9.1,75.3,7,75.6,0,303,47,4,0,0,77.1,21,0,1,26,0,0,
173559,Marc Viechec,LB,0,0,,0,0,,DELAWARE,0,D07,5,5,0,0,1,2025,0,73.2,0,0,60,0,0,1,0,0,0,65.5,0,0,0,0,DELAWARE,0,0,0,0,,0,0,67.2,,69,0,151,5,0,0,0,0,4,0,1,0,0,0,
173581,Justin Caudle,CB,0,0,,0,0,,DAVIDSON,0,D15,2,2,0,0,1,2028,0,,0,0,,0,0,0,0,0,0,60,0,0,0,0,DAVIDSON,0,0,0,0,,0,,60,,62.8,0,149,2,0,0,0,0,2,0,0,0,0,0,
173586,Landon Glezen,S,1,0,,0,1,0,DAVIDSON,0,D19,14,8,0,1,1,2028,0,21.8,0,0,42.6,0,0,6,0,0,0,49.1,0,0,0,0,DAVIDSON,0,0,0,0,,6,100,31.3,,71.9,0,149,14,0,0,0,39.6,7,0,0,0,0,0,60
173590,Dixon Hudson,ED,0,0,,0,0,,DAVIDSON,2,D32,0,0,0,12,1,2028,27,75.2,0,0,60,1,0,0,6,0,0,56.2,0,0,3,0,DAVIDSON,1,0,1,0,,0,0,38.5,,0,0,149,27,0,6,0,0,15,0,0,0,0,15,60.3
173592,Michael Leonard,ED,0,0,,0,0,,DAVIDSON,0,D31,0,0,0,0,1,2028,4,,0,0,,0,0,0,3,0,0,60.3,0,0,0,0,DAVIDSON,0,0,0,0,,0,,61.1,,67.8,0,149,4,0,0,0,0,4,0,0,0,0,1,
173595,Ashton Miller,DI,0,0,,0,1,,DAVIDSON,0,D97,0,0,0,6,1,2028,21,21.8,0,0,,1,0,0,0,0,0,59.7,0,0,0,0,DAVIDSON,0,0,1,0,,0,100,61.4,,73.2,0,149,21,0,21,0,0,15,0,0,0,0,0,62.2
173597,Kristian Ozane,LB,1,0,,0,1,0,DAVIDSON,3,D02,35,26,0,3,1,2028,13,53.8,0,0,74.2,0,0,14,0,0,0,62.3,0,0,0,0,DAVIDSON,2,0,0,0,,9,16.7,68.9,,76.5,0,149,48,0,0,1,39.6,31,1,2,0,0,13,57.2
173607,Kshawn Cox Jr.,CB,1,0,,0,0,100,DELAWARE,1,D16,24,6,0,0,1,2028,0,76.4,5,1,66.5,0,0,11,0,0,0,62.2,18,0,1,0,DELAWARE,0,0,0,0,5,0,0,60.3,5,0,0,151,24,1,0,0,87.5,13,0,1,0,0,0,
173608,Anthony Crenshaw Jr.,S,0,0,,0,0,,DELAWARE,1,D21,12,9,0,0,1,2028,0,75.3,0,0,65,0,0,7,0,0,0,60,0,0,0,0,DELAWARE,1,0,0,0,,0,0,65,,72.2,0,151,12,0,0,0,0,5,0,0,3,0,0,
173614,Hasson Manning Jr.,S,3,0,,0,0,66.7,DELAWARE,2,D31,57,22,0,1,1,2028,0,80,27,2,69,0,0,35,0,0,0,67.6,0,0,0,0,DELAWARE,0,0,0,0,18,31,0,69.6,13.5,78.4,0,151,57,7,0,1,95.1,21,0,1,4,0,0,58.6
173618,Gavin Moul,LB,2,0,,0,0,50,DELAWARE,5,D35,52,50,0,7,1,2028,5,82.6,10,1,66.5,2,0,27,0,0,0,83.1,0,1,1,0,DELAWARE,2,0,3,0,10,0,0,72.9,10,0,0,151,57,5,1,1,64.6,23,0,4,2,0,4,60.1
173621,KT Seay,S,1,0,,0,0,0,DELAWARE,4,D14,56,29,0,0,1,2028,0,83.4,0,0,89,0,1,32,0,0,0,72,0,0,1,0,DELAWARE,2,0,0,0,,6,0,84.8,,0,0,151,56,0,0,0,0,24,0,2,21,0,0,
173624,Damarcus Thompson,DI,0,0,,0,0,,TEXAS STHN,1,D05,0,0,2,20,1,2026,50,75.2,0,0,,0,0,0,5,0,0,67.4,0,0,1,0,TEXAS STHN,2,0,2,0,,0,0,63.2,,0,0,313,50,0,44,0,0,30,0,1,0,0,1,62.5
173626,Kion Wright,ED,0,0,,0,0,,DELAWARE,1,D05,0,0,0,4,1,2029,6,71.5,0,0,,1,0,0,2,0,0,64.4,0,0,0,0,DELAWARE,1,0,1,0,,0,0,72.3,,70.2,0,151,6,0,1,0,0,2,0,0,0,0,3,65.2
173627,James Yelbert Jr.,ED,0,0,,0,0,,DELAWARE,0,D11,0,0,0,6,1,2026,9,,0,0,,1,0,0,1,0,0,64.5,0,0,0,0,DELAWARE,0,0,1,0,,0,,80.5,,72,0,151,9,0,1,0,0,3,0,0,0,0,7,76.7
173754,Garrett Hawkins,LB,0,0,,0,1,,AUSTINPEAY,0,D43,23,22,0,1,1,2028,1,49.3,0,0,62.7,0,0,7,0,0,0,56.8,0,0,0,0,AUSTINPEAY,0,0,0,0,,1,33.3,59.5,,73.5,0,116,24,0,0,0,0,16,0,2,0,0,1,60
173811,Sharieff Andrews,DI,0,0,,0,0,,MORGAN ST,0,D99,0,0,0,6,1,2028,13,,0,0,,0,0,0,0,2,0,36.3,0,1,0,0,MORGAN ST,0,0,1,0,,0,,39.6,,72.1,0,235,13,0,11,0,0,7,0,0,0,0,0,64.3
173817,Lance Byndon,ED,0,0,,0,1,,MORGAN ST,0,D13,1,0,0,8,1,2028,15,29.8,0,0,60.4,1,0,2,0,0,0,63,0,0,0,0,MORGAN ST,0,0,1,0,,1,50,63.8,,74.8,0,235,16,0,1,0,0,6,0,1,0,0,14,60.5
173893,Chase Christopher,LB,0,0,,0,0,,PRINCETON,2,D07,27,23,0,4,1,2028,3,76.3,0,0,63.7,0,0,14,0,0,0,69.9,0,0,0,0,PRINCETON,0,0,0,0,,4,0,66.6,,76.5,0,272,30,0,0,0,0,12,0,0,0,0,3,55
173900,Evan Haynie,CB,8,0,,0,1,62.5,PRINCETON,5,D27,51,6,0,0,1,2028,0,59.5,55,5,56.3,0,0,32,0,0,0,54.1,45,0,0,0,PRINCETON,1,0,0,0,21,0,14.3,55.4,11,75.6,0,272,51,9,0,0,122.4,19,0,1,0,1,0,
173905,Kavon Miller,S,1,0,,0,2,100,PRINCETON,1,D12,10,8,0,1,1,2028,1,28.7,9,1,51.9,1,0,6,0,0,0,64.5,0,0,0,0,PRINCETON,0,0,1,0,9,1,50,52.4,9,72.4,0,272,11,15,0,0,104.2,4,0,1,1,0,1,48
173906,Tyler Morris,LB,0,0,,0,0,,PRINCETON,0,D06,10,10,0,0,1,2028,0,,0,0,61.3,0,0,5,0,0,0,62.3,0,0,0,0,PRINCETON,0,0,0,0,,0,,63.9,,68.9,0,272,10,0,0,0,0,5,0,0,0,0,0,
173910,Torian Roberts,CB,3,0,,0,0,66.7,PRINCETON,6,D00,34,8,0,0,1,2028,0,82.8,7,2,58.8,0,0,16,0,0,0,71,26,0,0,0,PRINCETON,1,0,0,0,4,0,0,63.3,3.5,73.3,0,272,34,15,0,0,70.1,18,0,1,0,0,0,
173919,Caden Wright,DI,0,0,,0,1,,PRINCETON,0,D36,0,0,0,16,1,2028,24,22.1,0,0,,0,0,0,0,21,0,55.1,0,0,0,0,PRINCETON,0,0,0,0,,0,100,57.7,,76.6,0,272,24,0,3,0,0,8,0,0,0,0,0,61
173920,Dylan Tooker,S,1,0,,0,0,100,STF AUSTIN,2,D09,12,4,0,0,1,2025,0,78.6,5,1,74.5,0,0,9,0,0,0,60,0,0,0,0,STF AUSTIN,1,0,0,0,5,0,0,73.4,5,70.5,0,301,12,6,0,0,87.5,3,0,0,8,0,0,
173929,Keyshawn Johnson,ED,1,0,,0,0,100,TENN MARTN,0,D19,2,0,1,19,1,2028,22,73,9,1,52.1,2,0,2,0,0,0,60.4,0,1,0,0,TENN MARTN,1,0,4,0,9,2,,66.3,9,78,0,310,24,1,0,0,104.2,3,0,0,0,0,22,72.8
173930,David Jones,CB,3,0,,0,0,66.7,GRAMBLING,3,D07,60,4,0,1,1,2028,0,78.8,9,2,67.9,0,0,26,0,0,0,67.2,56,0,0,0,GRAMBLING,1,0,0,0,8,0,0,68.4,4.5,76.2,0,177,60,-4,0,0,70.1,33,0,0,0,0,0,58.3
173943,Darren Burton II,CB,3,0,,0,0,33.3,HAMPTON,1,D24,25,3,0,0,1,2028,0,77.4,4,1,71.7,0,0,18,0,0,0,61.6,0,0,0,0,HAMPTON,1,0,0,0,4,22,0,71.8,4,76.8,0,178,25,0,0,0,42.4,7,0,1,0,0,0,
173945,Saint Farrior,DI,0,0,,0,0,,HAMPTON,0,D67,0,0,0,7,1,2029,8,,0,0,,0,0,0,0,1,0,60,0,0,0,0,HAMPTON,0,0,0,0,,0,,59,,70.9,0,178,8,0,7,0,0,1,0,0,0,0,0,57.2
173951,Omar Ibrahim,CB,2,0,,0,0,50,HAMPTON,1,D00,42,1,0,0,1,2028,0,73.5,16,1,69.2,0,0,25,0,0,0,62.9,40,0,0,0,HAMPTON,0,0,0,0,16,1,0,69.5,16,75.8,0,178,42,10,0,0,77.1,17,0,0,0,0,0,
173954,Nhycer Kelly,ED,0,0,,0,0,,HAMPTON,0,D62,0,0,0,12,1,2028,19,,0,0,,2,0,0,6,0,0,56.2,0,0,0,0,HAMPTON,0,0,2,0,,0,,60.8,,74.2,0,178,19,0,0,0,0,7,0,0,0,0,13,63.8
173957,Jahzari Priester,DI,0,0,,0,0,,HAMPTON,2,D98,0,0,0,6,1,2028,13,73.2,0,0,,0,0,0,0,0,0,82.2,0,0,0,0,HAMPTON,2,0,0,0,,0,0,81.2,,72.2,0,178,13,0,13,0,0,7,0,1,0,0,0,57.5
174071,Isaiah Hackett,CB,2,0,,0,0,100,YNGTOWN ST,1,D02,7,0,0,0,1,2027,0,73.5,25,2,44.2,0,0,4,0,0,0,60,7,0,0,0,YNGTOWN ST,0,0,0,0,15,0,0,43.1,12.5,69.7,0,353,7,6,0,0,118.8,3,0,0,0,0,0,
174141,Laurence Sullivan Jr.,CB,4,0,,0,0,50,NICHOLLS,3,D03,73,4,0,1,1,2026,3,82.6,9,2,75.6,0,0,50,0,0,0,67,63,0,1,0,NICHOLLS,1,0,0,0,10,2,0,72.6,4.5,0,0,243,76,10,0,0,56.3,25,1,3,4,0,3,58.3
174185,Trelon Slade,CB,1,0,,0,0,0,MURRAY ST,0,D15,12,0,0,0,1,2027,0,,0,0,70.4,0,0,6,0,0,0,60.9,11,0,0,0,MURRAY ST,0,0,0,0,,0,,70.8,,70.5,0,236,12,0,0,0,39.6,6,0,0,0,0,0,
174281,Kamaree Wells,S,1,0,,0,1,100,NORFOLK,2,D08,16,4,0,0,1,2027,0,39.5,22,1,54.5,0,0,8,0,0,0,72.2,0,0,0,0,NORFOLK,1,0,0,0,22,8,33.3,61.9,22,73.9,0,244,16,26,0,0,118.8,8,0,0,4,0,0,
174331,Shamir Boyd,ED,0,0,,0,0,,TOWSON,0,D95,0,0,0,3,1,2028,5,,0,0,,0,0,0,5,0,0,59.2,0,0,0,0,TOWSON,0,0,0,0,,0,,48.3,,68.6,0,317,5,0,0,0,0,2,0,0,0,0,0,58
174333,Jurnee Dunbar,DI,0,0,,0,0,,TOWSON,3,D97,0,0,2,31,1,2025,43,75.6,0,0,,0,0,0,0,41,0,65.6,0,0,0,0,TOWSON,4,0,2,0,,0,0,68.7,,77.9,0,317,43,0,2,0,0,12,0,0,0,0,0,66.2
174337,Rion Roseborough,DI,0,0,,0,0,,TOWSON,1,D50,0,0,0,21,1,2028,31,70.1,0,0,,0,0,0,0,29,0,62.6,0,0,0,0,TOWSON,1,0,0,0,,0,0,59.3,,76.7,0,317,31,0,2,0,0,10,0,0,0,0,0,55.4
174368,Miles Gilmore,CB,0,0,,0,0,,ALAB A&M,1,D39,4,3,0,0,1,2030,0,77.1,0,0,60.8,0,0,2,0,0,0,64.9,0,0,0,0,ALAB A&M,0,0,0,0,,1,0,66.6,,67.3,0,104,4,0,0,0,0,2,0,1,0,0,0,
174379,Lynn Pettway,S,0,0,,0,1,,ALAB A&M,0,D36,12,7,0,0,1,2026,0,28,0,0,60,0,0,1,0,0,0,56.6,0,0,0,0,ALAB A&M,0,0,0,0,,4,50,58.2,,71.2,0,104,12,0,0,0,0,11,0,1,1,0,0,
174392,Jalen Wright,LB,3,0,,0,2,66.7,ALAB A&M,2,D52,29,26,0,1,1,2027,1,31.8,-3,2,51,1,0,7,0,0,0,57.6,0,0,0,0,ALAB A&M,1,0,1,0,4,3,40,52.2,-1.5,70.1,0,104,30,8,0,0,70.1,22,1,1,0,0,1,58
174410,Jaylin Crumby,S,2,0,,0,1,100,N DAK ST,3,D04,35,6,0,1,1,2029,0,55.4,11,2,45.9,1,0,18,0,0,0,73.1,0,0,0,0,N DAK ST,1,0,1,0,7,2,20,54.4,5.5,76.5,0,250,35,10,0,0,89.6,16,0,1,27,0,0,59.1
174413,Marcus Gulley,LB,2,0,,0,1,100,N DAK ST,5,D00,37,27,0,3,1,2025,1,69.5,24,2,55.8,0,0,16,0,0,0,69,1,0,0,0,N DAK ST,3,0,0,0,18,9,14.3,61.3,12,71.8,0,250,38,12,0,0,116.7,19,1,1,0,0,1,55.7
174416,Victor Isele,ED,0,0,,0,0,,N DAK ST,0,D97,0,0,0,11,1,2029,26,73.9,0,0,,1,0,0,0,0,0,64.7,0,0,0,0,N DAK ST,0,0,1,0,,0,0,64.1,,76.3,0,250,26,0,0,0,0,15,0,2,0,0,26,59.4
174424,Najee Nelson,CB,3,0,,0,1,33.3,N DAK ST,2,D13,37,0,0,0,1,2029,0,37.2,5,1,73.8,0,0,18,0,0,0,65.6,37,0,0,0,N DAK ST,1,0,0,0,5,0,33.3,74.1,5,75.7,0,250,37,7,0,1,42.4,19,0,0,0,0,0,
174426,Brennan Palmer,DI,0,0,,0,0,,N DAK ST,0,D98,0,0,0,8,1,2027,17,72.2,0,0,,0,0,0,0,0,0,67.9,0,1,0,0,N DAK ST,0,0,1,0,,0,0,70.2,,72.6,0,250,17,0,17,0,0,9,0,2,0,0,0,64.4
174430,Reese Sheldon,S,0,0,,0,1,,N DAK ST,1,D20,19,7,0,0,1,2027,0,29.2,0,0,63.1,0,0,8,0,0,1,57.5,1,0,0,0,N DAK ST,0,0,0,0,,0,50,60.6,,71.8,0,250,19,0,0,0,0,11,0,0,11,0,0,
174431,Noah Taylor,CB,0,0,,0,0,,N DAK ST,0,D21,3,0,0,0,1,2029,0,,0,0,,0,0,0,0,0,0,60,0,0,0,0,N DAK ST,0,0,0,0,,3,,60.1,,71.1,0,250,3,0,0,0,0,3,0,0,0,0,0,
174434,Keenan Wilson,DI,0,0,,0,0,,N DAK ST,1,D58,0,0,1,17,1,2029,32,71.9,0,0,,0,0,0,0,1,0,61.6,0,0,0,0,N DAK ST,2,0,1,0,,0,0,67.5,,74.7,0,250,32,0,31,0,0,15,0,0,0,0,0,69.3
174445,Robert Porter,DI,0,0,,0,1,,PRESBYTERN,0,D99,0,0,0,27,1,2026,38,22.6,0,0,60,0,0,1,0,24,0,56.1,0,1,0,0,PRESBYTERN,0,0,1,0,,0,50,67.5,,77.6,0,271,38,0,14,0,0,10,0,1,0,0,0,72.3
174447,Carter Szydlowski,ED,1,0,,0,2,100,PRESBYTERN,2,D97,4,4,0,26,1,2028,36,25.4,8,1,50,0,0,3,10,0,0,66.8,0,0,1,0,PRESBYTERN,2,0,0,0,8,0,50,53.5,8,0,0,271,40,16,2,0,100,11,0,0,0,0,24,58.8
174449,Anthony Thornton,S,4,0,,0,1,25,PRESBYTERN,4,D12,60,17,0,1,1,2025,0,61,7,1,69.8,0,0,41,0,0,0,55.8,0,0,0,0,PRESBYTERN,1,0,0,0,7,17,20,67.5,7,78.6,0,271,60,4,0,0,39.6,18,0,0,26,0,0,60
174462,Christian Garrett,S,4,0,,0,1,100,DELWARE ST,4,D42,40,5,0,0,1,2028,0,61.8,146,4,31.2,1,0,25,0,0,0,61.7,0,0,0,0,DELWARE ST,1,0,1,0,57,9,16.7,38,36.5,76,0,152,40,71,0,0,158.3,15,0,1,25,2,0,65.5
174475,Wayne Coleman,DI,0,0,,0,0,,CENT CT ST,0,D43,0,0,0,6,1,2028,12,,0,0,,2,0,0,7,0,0,63.2,0,0,0,0,CENT CT ST,0,0,2,0,,0,,81.9,,71.1,0,133,12,0,5,0,0,6,0,0,0,0,0,86
174487,Chris Jean,S,1,0,,0,1,0,CENT CT ST,3,D39,50,24,0,0,1,2028,1,54.1,0,0,57.5,0,0,24,0,0,0,63.8,1,0,1,0,CENT CT ST,1,0,0,0,,14,20,60,,77.4,0,133,51,0,0,0,39.6,27,0,1,11,0,1,
174501,Clifton Thompson,DI,0,0,,0,0,,CENT CT ST,2,D97,1,1,0,12,1,2026,31,73.7,0,0,,1,0,0,0,26,0,75.6,0,0,0,0,CENT CT ST,1,0,1,0,,0,0,75.4,,78.3,0,133,32,0,5,0,0,20,0,0,0,0,0,62.7
174507,Darius Bean,S,0,0,,0,1,,HOUCHR,1,D27,12,3,0,0,1,2028,0,28.9,0,0,61,0,0,2,0,0,0,51.1,1,0,0,0,HOUCHR,0,0,0,0,,4,50,54.6,,70.1,0,183,12,0,0,0,0,10,0,0,4,0,0,
174509,Joe Cadette,ED,0,0,,0,1,,HOUCHR,4,D09,0,0,1,16,1,2026,39,58.4,0,0,,2,0,0,6,0,0,68.8,0,0,1,0,HOUCHR,4,0,3,0,,0,16.7,61.5,,0,0,183,39,0,20,0,0,23,1,1,0,0,13,58
174510,Marques Caldwell,S,0,0,,0,0,,HOUCHR,0,D05,5,0,0,0,1,2025,0,,0,0,60,0,0,1,0,0,0,60.3,0,0,0,0,HOUCHR,0,0,0,0,,5,,61.8,,70.8,0,183,5,0,0,0,0,4,0,0,0,0,0,
174519,Andrew Huff,ED,0,0,,0,0,,HOUCHR,4,D41,4,3,0,7,1,2029,18,77.7,0,0,61.3,0,0,3,0,0,0,54.6,0,0,0,0,HOUCHR,1,0,0,0,,1,0,61.9,,77,0,183,22,0,0,0,0,12,0,0,0,0,18,70
174521,Tim Marshall,DI,0,0,,0,0,,HOUCHR,0,D91,0,0,0,1,1,2027,4,,0,0,,0,0,0,0,0,0,61.5,0,0,0,0,HOUCHR,0,0,0,0,,0,,62.3,,68.5,0,183,4,0,4,0,0,3,0,0,0,0,0,60
174539,Freddie Camp,S,0,0,,0,0,,RHODE ISLD,0,D34,1,0,0,0,1,2028,0,,0,0,60,0,0,1,0,0,0,,0,0,0,0,RHODE ISLD,0,0,0,0,,0,,60,,64.7,0,274,1,0,0,0,0,0,0,0,1,0,0,
174542,D.J. Cureton,S,0,0,,0,0,,RHODE ISLD,1,D19,29,3,0,1,1,2028,3,78.2,0,0,66.6,0,0,28,0,0,0,63.2,1,0,0,0,RHODE ISLD,0,0,0,0,,3,0,67.4,,78.4,0,274,32,0,0,0,0,3,0,1,22,0,3,60
174545,Mitchell Garner,ED,0,0,,0,0,,RHODE ISLD,0,D44,0,0,0,3,1,2028,3,,0,0,,0,0,0,0,0,0,,0,0,0,0,RHODE ISLD,0,0,0,0,,0,,57,,69.8,0,274,3,0,0,0,0,0,0,0,0,0,3,57
174548,Quentin Hunter-Colvin,S,2,0,,0,0,100,RHODE ISLD,2,D29,18,5,0,0,1,2025,0,77.9,12,2,66.4,0,0,16,0,0,0,60,0,0,0,0,RHODE ISLD,0,0,0,0,7,10,0,66.5,6,72.8,0,274,18,3,0,0,91.7,2,0,0,3,0,0,
174550,Case Mankins,DI,0,0,,0,0,,RHODE ISLD,1,D97,2,2,0,16,1,2028,26,73.5,0,0,60,2,0,0,12,2,0,65.3,0,0,0,0,RHODE ISLD,1,0,2,0,,0,0,71.1,,75.1,0,274,28,0,4,0,0,12,0,1,0,0,8,68.3
174553,Moses Meus,LB,1,0,,0,1,100,RHODE ISLD,1,D53,13,13,0,4,1,2028,3,49.4,8,1,59.8,0,0,12,0,0,0,,0,0,0,0,RHODE ISLD,1,0,0,0,8,0,33.3,57.3,8,74.3,0,274,16,8,0,0,100,0,0,1,0,0,3,54.3
174563,Angel Garcia,LB,0,0,,0,1,,TENN TECH,3,D07,16,16,0,2,1,2026,0,42.5,0,0,62.3,0,0,5,0,0,0,45.4,0,0,0,0,TENN TECH,3,0,0,0,,0,25,48.1,,71.6,0,309,16,0,0,0,0,9,1,0,0,0,0,56.6
174567,Devin Hunter,CB,6,0,,0,1,50,TENN TECH,3,D05,51,22,0,0,1,2028,0,46.6,24,3,55.3,0,0,27,0,0,0,52.7,1,0,0,0,TENN TECH,1,0,0,0,11,28,25,53.5,8,74.2,0,309,51,12,0,0,60.4,24,0,0,0,0,0,
174570,Idris King,ED,0,0,,0,0,,TENN TECH,0,D91,2,2,0,5,1,2028,14,,0,0,,0,0,0,0,0,0,62.5,0,0,0,0,TENN TECH,0,0,0,0,,0,,61.2,,73.6,0,309,16,0,0,0,0,11,0,0,0,0,14,56.9
174574,Myles Parker,DI,0,0,,0,1,,TENN TECH,1,D99,0,0,0,21,1,2028,41,35,0,0,60,1,0,0,0,9,0,61.6,0,0,0,0,TENN TECH,1,0,1,0,,0,33.3,67.8,,76.4,0,309,41,0,32,0,0,20,0,1,0,0,0,70.5
174578,Jeremiah Sandiford,DI,0,0,,0,0,,TENN TECH,0,D95,0,0,0,9,1,2028,23,,0,0,,0,0,0,2,1,0,61.1,0,0,0,0,TENN TECH,0,0,0,0,,0,,60,,73.6,0,309,23,0,20,0,0,14,0,0,0,0,0,57.1
174579,Cayman Spaulding,LB,2,0,,0,1,50,TENN TECH,6,D00,49,45,0,1,1,2028,0,66.7,7,1,62.2,0,0,23,0,0,0,54.6,0,0,0,0,TENN TECH,4,0,0,0,7,4,10,58.6,7,74.9,0,309,49,0,0,0,58.3,25,0,3,0,0,0,60
174581,Eric Taylor,CB,0,0,,0,0,,TENN TECH,0,D35,10,5,0,0,1,2028,0,75.1,0,0,63.8,0,0,4,0,0,0,60.8,0,0,0,0,TENN TECH,0,0,0,0,,5,0,64.6,,69.1,0,309,10,0,0,0,0,6,0,1,0,0,0,
174615,Mayo Bola,DI,0,0,,0,0,,W ILLINOIS,5,D90,0,0,1,17,1,2026,42,76.5,0,0,,0,0,0,1,2,0,63.2,0,0,0,0,W ILLINOIS,4,0,1,0,,0,0,67.1,,75.8,0,345,42,0,39,0,0,25,0,1,0,0,0,68.8
174616,Peyton Bradford,ED,0,0,,0,0,,W ILLINOIS,1,D09,0,0,0,6,1,2026,17,73.6,0,0,,0,0,0,5,0,0,64.2,0,0,1,0,W ILLINOIS,0,0,0,0,,0,0,53.9,,0,0,345,17,0,0,0,0,11,0,1,0,0,12,57.5
174773,Davion Ames,S,0,0,,0,1,,CENT CT ST,0,D24,8,3,0,3,1,2028,13,19.3,0,0,63.5,0,0,8,0,0,0,48.5,0,0,0,0,CENT CT ST,0,0,0,0,,5,100,55,,76.7,0,133,21,0,0,0,0,10,0,0,0,0,13,57.2
174839,Dre Delinois,LB,0,0,,0,0,,E TENN ST,4,D33,12,10,0,1,1,2028,1,78.6,0,0,63.8,0,0,5,0,0,0,76,0,0,0,0,E TENN ST,2,0,0,0,,1,0,73.2,,70.8,0,157,13,0,0,0,0,7,0,0,0,0,1,58.9
174840,Cole Horine,S,0,0,,0,0,,E TENN ST,0,D25,1,0,0,0,1,2027,0,,0,0,,0,0,0,0,0,0,60,0,0,0,0,E TENN ST,0,0,0,0,,0,,60,,60,0,157,1,0,0,0,0,1,0,0,0,0,0,
174847,Brenden LeBlanc,DI,0,0,,0,0,,E TENN ST,0,D91,0,0,1,10,1,2028,24,72.2,0,0,,0,0,0,0,2,0,66.5,0,0,0,0,E TENN ST,1,0,1,0,,0,0,68,,74.4,0,157,24,0,22,0,0,14,0,1,0,0,0,63.7
174855,Elijah Taylor,ED,0,0,,0,0,,E TENN ST,0,D29,1,0,0,0,1,2028,0,,0,0,,0,0,0,0,0,1,60,0,0,0,0,E TENN ST,0,0,0,1,,0,,60,,60,0,157,1,0,0,0,0,1,0,0,0,0,0,
174909,Nathan LaPlante,DI,0,0,,0,1,,BRYANT,2,D92,0,0,0,8,1,2028,33,27.6,0,0,,0,0,0,5,3,0,60.1,0,0,1,0,BRYANT,2,0,0,0,,0,33.3,53.2,,0,0,124,33,0,25,0,0,25,0,0,0,0,0,55.5
174952,Ethon Cole,S,1,0,,0,0,100,DUQUESNE,2,D07,26,10,0,0,1,2028,0,82.2,16,1,47.2,0,0,13,0,0,0,69.8,0,0,0,0,DUQUESNE,0,0,0,0,16,2,0,56,16,75.2,0,155,26,6,0,0,118.8,13,0,2,14,0,0,
175070,Dallas Afalava,DI,0,0,,0,2,,IDAHO,0,D52,0,0,0,15,1,2028,40,20,0,0,,2,0,0,0,2,0,61.4,0,0,0,0,IDAHO,0,0,2,0,,0,66.7,67.3,,75.7,0,185,40,0,38,0,0,25,0,1,0,0,0,73
175073,Ethan Beard,S,0,0,,0,0,,IDAHO,0,D41,2,0,0,0,1,2028,1,,0,0,,0,0,0,0,0,0,63.1,0,0,0,0,IDAHO,0,0,0,0,,2,,66.2,,69.4,0,185,3,0,0,0,0,3,0,0,0,0,1,
175078,Jaxton Eck,LB,2,0,,0,0,100,IDAHO,5,D06,57,50,0,1,1,2028,0,82.8,15,2,47.3,0,0,20,0,0,0,91.3,0,0,0,0,IDAHO,2,0,0,0,12,7,0,76.2,7.5,74.1,0,185,57,13,0,0,137.5,36,1,3,0,1,0,59.6
175089,Keyshawn James-Newby,ED,0,0,2026,0,1,,IDAHO,5,D01,0,0,0,12,1,2026,38,63.5,0,0,,3,0,0,0,0,0,77.4,0,1,0,0,IDAHO,4,0,4,0,,0,12.5,82.7,,76.7,0,185,38,0,0,0,0,26,2,2,0,0,38,76.1
175091,Zach Johnson,LB,2,0,,0,1,50,IDAHO,6,D11,60,54,0,0,1,2028,0,64.7,-2,1,73.4,0,0,21,0,0,0,67.3,0,0,0,0,IDAHO,4,0,0,0,-2,6,11.1,73.1,-2,73.2,0,185,60,2,0,1,56.3,39,1,2,0,0,0,
175095,Jahkari Larmond,DI,0,0,,0,0,,IDAHO,2,D05,0,0,0,9,1,2025,27,73.4,0,0,,1,0,0,0,1,0,76.3,0,0,0,0,IDAHO,1,0,1,0,,0,0,77.3,,74.1,0,185,27,0,26,0,0,18,0,1,0,0,0,64
175126,Adonijah Richards,CB,6,0,,0,1,16.7,IDAHO ST,1,D24,42,1,0,0,1,2027,0,28.3,5,1,68.8,0,1,27,0,0,0,62.1,41,0,0,0,IDAHO ST,0,0,0,0,5,0,50,69.1,5,75.6,0,186,42,0,0,1,0,15,0,0,0,0,0,
175128,Mathew Sanchez,S,3,0,,0,0,100,IDAHO ST,0,D26,22,12,0,0,1,2025,0,77.8,30,3,45,0,0,11,0,0,0,60.9,1,0,0,0,IDAHO ST,0,0,0,0,14,7,0,47.4,10,74,0,186,22,35,0,0,108.3,11,0,2,2,0,0,
175131,Mason Young,S,4,0,,0,0,50,IDAHO ST,9,D22,67,43,0,1,1,2026,0,86.5,16,2,73.8,0,0,35,0,0,0,64.7,0,0,0,0,IDAHO ST,2,0,0,0,8,10,0,71.7,8,76.6,0,186,67,9,0,0,60.4,31,0,1,14,0,0,59.2
175324,Jameel Sanders,CB,3,0,,0,0,66.7,FL A&M,5,D08,53,8,0,0,1,2026,0,83.1,5,2,63.1,0,0,21,0,0,0,71.7,0,0,0,0,FL A&M,2,0,0,0,5,45,0,66.9,2.5,77.1,0,164,53,-1,0,0,70.1,32,0,2,0,0,0,
175326,Stantavious Smith,DI,0,0,,0,0,,FL A&M,2,D92,0,0,0,6,1,2028,9,71.9,0,0,,0,0,0,0,0,0,74.1,0,0,0,0,FL A&M,2,0,0,0,,0,0,73.1,,70.5,0,164,9,0,9,0,0,3,0,0,0,0,0,57.2
175410,Antonio Camon,ED,0,0,,0,0,,FL A&M,0,D18,0,0,1,7,1,2029,10,70.2,0,0,,1,0,0,0,0,0,60.6,0,0,0,0,FL A&M,1,0,2,0,,0,,76.2,,72.4,0,164,10,0,4,0,0,3,0,0,0,0,6,76.2
175534,A.J. Tisdell,CB,1,0,,0,0,100,INCAR WORD,4,D21,87,3,0,0,1,2028,0,79.8,15,1,64.9,0,0,54,0,0,0,66.4,84,0,0,0,INCAR WORD,1,0,0,0,15,0,0,65.8,15,78,0,189,87,1,0,0,118.8,33,0,0,0,0,0,
175690,Hudson Voggesser,LB,0,0,,0,0,,N COLORADO,1,D54,15,15,0,3,1,2029,4,76.1,0,0,64.7,0,0,7,0,0,0,68.8,0,0,0,0,N COLORADO,0,0,0,0,,0,0,69.4,,75.3,0,253,19,0,0,0,0,9,0,1,0,0,4,58.6
175761,Caleb Otlewski,LB,4,0,,0,0,75,MONTANA,4,D45,23,23,0,5,1,2028,6,80.1,38,3,44.1,0,1,15,0,0,0,81.8,0,0,1,0,MONTANA,3,0,0,0,29,0,0,53.6,12.7,0,0,232,29,43,0,0,64.6,9,1,1,0,0,6,55.5
175788,Brian Bates Jr.,LB,0,0,,0,2,,DELWARE ST,3,D33,28,27,0,2,1,2028,0,41.4,0,0,58.9,0,0,10,0,0,0,63,0,0,1,0,DELWARE ST,0,0,0,0,,1,40,53.6,,0,0,152,28,0,0,0,0,16,0,0,0,0,0,57.9
175885,Sebastian Vargas,CB,0,0,,0,0,,S ILLINOIS,0,D13,19,0,0,0,1,2028,1,,0,0,52.1,0,0,9,0,0,0,52.8,19,0,0,0,S ILLINOIS,0,0,0,0,,0,,49.7,,74.1,0,295,20,0,0,0,0,11,0,0,0,0,1,
176020,Ty Gordon,DI,0,0,,0,0,,WM & MARY,2,D09,0,0,0,20,1,2029,41,74.6,0,0,61,3,0,0,10,4,0,62.6,0,0,0,0,WM & MARY,0,0,3,0,,0,0,78.5,,76.7,0,348,41,0,17,0,0,21,0,1,0,0,10,81.8
176256,Chavaris Dumas,CB,1,0,,0,0,0,MURRAY ST,1,D20,23,7,0,0,1,2028,0,74.3,0,0,67.5,0,0,10,0,0,0,63,16,0,0,0,MURRAY ST,0,0,0,0,,0,0,68.1,,71.5,0,236,23,0,0,1,39.6,13,0,0,0,0,0,
176370,CJ Davis,CB,0,0,,0,0,,INDIANA ST,0,D07,1,0,0,0,1,2028,0,,0,0,,0,0,0,0,0,0,60,0,0,0,0,INDIANA ST,0,0,0,0,,0,,60,,60,0,191,1,0,0,0,0,1,0,0,0,0,0,
176669,Kiwaun Davis,CB,2,0,,0,0,50,E ILLINOIS,2,D30,47,0,0,0,1,2028,0,77,49,1,62.9,0,0,19,0,0,0,66.9,46,0,0,0,E ILLINOIS,0,0,0,0,49,1,0,64.7,49,76.3,0,158,47,3,0,0,95.8,28,0,0,0,0,0,
176728,Jyheam Ingram,DI,0,0,,0,1,,N ALABAMA,3,D44,0,0,0,28,1,2028,49,34.6,0,0,62,1,0,0,0,14,0,70.4,0,0,0,0,N ALABAMA,2,0,1,0,,0,20,64.8,,78.9,0,389,49,0,35,0,0,21,0,1,0,0,0,50.2
176758,Ethan Williamson,DI,0,0,,0,0,,E WASHGTON,0,D93,0,0,0,14,1,2027,21,,0,0,,1,0,0,2,4,0,57.1,0,0,0,0,E WASHGTON,0,0,1,0,,0,,59.2,,75,0,161,21,0,15,0,0,7,0,0,0,0,0,61.3
176806,Brody Bliek,DI,0,0,,0,0,,N COLORADO,2,D97,0,0,0,10,1,2027,20,72.4,0,0,,0,0,0,0,7,0,42.1,0,0,0,0,N COLORADO,1,0,0,0,,0,0,42.9,,73.8,0,253,20,0,13,0,0,10,0,0,0,0,0,57.1
176814,Darren Mercer,CB,0,0,,0,0,,N COLORADO,0,D13,1,0,0,0,1,2025,0,,0,0,60,0,0,1,0,0,0,,1,0,0,0,N COLORADO,0,0,0,0,,0,,60.3,,63.8,0,253,1,0,0,0,0,0,0,0,0,0,0,
176816,Zach Nowatzke,LB,0,0,,0,0,,N COLORADO,0,D42,18,16,0,3,1,2026,6,78.9,0,0,63,0,0,6,0,0,0,71.2,0,0,0,0,N COLORADO,0,0,0,0,,2,0,69.2,,72.9,0,253,24,0,0,0,0,15,0,4,0,0,6,58
176820,Kaleb Quammie,CB,0,0,,0,0,,N COLORADO,0,D14,6,0,0,0,1,2028,0,,0,0,61.5,0,0,2,0,0,0,60,6,0,0,0,N COLORADO,0,0,0,0,,0,,62.6,,69.5,0,253,6,0,0,0,0,4,0,0,0,0,0,
176841,Pate Haunga,DI,0,0,,0,0,,SACRAMENTO,1,D90,0,0,0,24,1,2025,38,72.2,0,0,,0,0,0,0,10,0,74.9,0,0,0,0,SACRAMENTO,1,0,0,0,,0,0,66.2,,76.7,0,279,38,0,28,0,0,14,0,1,0,0,0,53
176870,Raymond Macias,DI,0,0,,0,0,,CAMPBELL,2,D92,0,0,0,23,1,2029,38,71.3,0,0,,0,0,0,0,19,0,67.3,0,0,0,0,CAMPBELL,1,0,0,0,,0,0,63,,76.8,0,131,38,0,19,0,0,15,0,0,0,0,0,55.6
176876,Joshua Pierce,ED,0,0,,0,0,,CAMPBELL,0,D45,0,0,0,6,1,2028,9,,0,0,,1,0,0,7,0,0,60.7,0,0,0,0,CAMPBELL,0,0,1,0,,0,,65.5,,69.8,0,131,9,0,2,0,0,3,0,0,0,0,0,64.3
176882,Diondre Glover,CB,7,0,,0,0,71.4,GARD-WEBB,2,D01,58,3,0,0,1,2026,0,76.6,46,5,69.3,0,0,41,0,0,0,62.7,54,0,0,0,GARD-WEBB,1,0,0,0,20,1,0,69.5,9.2,76.4,0,171,58,16,0,2,128.6,17,0,0,0,1,0,
176884,Jojo Pace,S,8,0,,0,0,75,CAMPBELL,7,D08,61,26,0,0,1,2026,0,85.9,100,6,38.1,0,0,38,0,0,0,62.8,0,0,0,0,CAMPBELL,0,0,0,0,35,4,0,43.5,16.7,76.5,0,131,61,6,0,1,156.3,23,0,0,31,1,0,
176890,Malik Willis,CB,2,0,,0,0,50,CAMPBELL,1,D20,25,1,0,0,1,2028,0,74.2,10,1,65.4,0,0,16,0,0,0,60.4,22,0,1,0,CAMPBELL,0,0,0,0,10,1,0,60.3,10,0,0,131,25,0,0,0,64.6,9,0,0,1,0,0,
176891,Wendell McClain,S,7,0,,0,0,85.7,GARD-WEBB,7,D00,86,70,0,0,1,2026,0,84.8,52,6,78.6,0,1,62,0,0,0,64.8,0,0,0,0,GARD-WEBB,3,0,0,0,24,16,0,77.5,8.7,78.4,0,171,86,22,0,0,58,24,0,2,0,0,0,
176895,Cornelius Davis Jr.,S,4,0,,0,0,50,CAMPBELL,5,D32,67,35,0,0,1,2028,0,83.1,14,2,46.2,0,0,44,0,0,0,62.4,0,0,0,0,CAMPBELL,1,0,0,0,11,4,0,50.3,7,76.8,0,131,67,0,0,0,58.3,23,0,1,28,0,0,
176896,A'mari Wilson,ED,0,0,,0,0,,CAMPBELL,0,D50,0,0,0,13,1,2028,17,,0,0,,0,0,0,8,0,0,62.8,0,0,0,0,CAMPBELL,0,0,0,0,,0,,62.5,,72.7,0,131,17,0,6,0,0,4,0,0,0,0,3,59.6
176899,Troy Berschwinger,LB,0,0,,0,0,,ALBANY,3,D57,19,16,0,0,1,2028,0,80.6,0,0,63.9,0,0,8,0,0,0,78.7,0,0,0,0,ALBANY,2,0,0,0,,3,0,76.6,,71,0,106,19,0,0,0,0,11,1,2,0,0,0,
176917,Cam Stodghill,LB,2,0,,0,0,100,ALBANY,2,D24,43,20,1,3,1,2028,2,81.1,9,2,52.3,0,0,23,0,0,0,65.4,0,0,0,0,ALBANY,1,0,1,0,6,23,0,58.1,4.5,75,0,106,45,9,0,0,85.4,19,0,2,0,0,2,65.2
176920,Asher Cunningham,LB,1,0,,0,0,100,ELON,1,D06,30,28,0,1,1,2029,1,78.8,6,1,44.5,0,0,8,0,0,0,77.9,0,0,0,0,ELON,1,0,0,0,6,2,0,65.4,6,72.8,0,162,31,7,0,0,91.7,22,0,3,0,0,1,60
176925,Tony Hart III,S,0,0,,0,0,,ELON,2,D31,10,4,0,0,1,2028,0,78.9,0,0,61.7,0,0,5,0,0,0,72.7,0,0,0,0,ELON,2,0,0,0,,1,0,71.6,,71,0,162,10,0,0,0,0,5,0,0,5,0,0,
176928,Eric Jones,CB,1,0,,0,1,0,ELON,1,D28,19,2,0,0,1,2028,0,28.3,0,0,75.5,0,0,3,0,0,0,51.5,17,0,0,0,ELON,0,0,0,0,,0,50,68,,72.3,0,162,19,0,0,1,39.6,16,0,0,0,0,0,
176954,Jordan Mcallister,ED,0,0,,0,0,,NEW HAMP,1,D12,0,0,0,2,1,2028,8,70.8,0,0,,0,0,0,4,0,0,64.3,0,0,0,0,NEW HAMP,0,0,0,0,,0,0,64.6,,71.6,0,240,8,0,0,0,0,6,0,0,0,0,4,59
176961,Sean Webb,CB,0,0,,0,0,,NEW HAMP,0,D21,35,7,0,1,1,2029,2,,0,0,58.4,0,0,12,0,0,0,64.4,0,0,0,0,NEW HAMP,0,0,0,0,,28,,60.7,,77.4,0,240,37,0,0,0,0,24,0,0,0,0,2,58.9
176978,Miles McGoy,CB,0,0,,0,0,,STNY BROOK,2,D27,19,5,0,0,1,2028,0,76,0,0,66.5,0,0,12,0,0,0,64.1,14,0,0,0,STNY BROOK,1,0,0,0,,0,0,67.8,,71.2,0,303,19,0,0,0,0,7,0,0,0,0,0,
176980,Dominick Novello,LB,1,0,,0,0,0,STNY BROOK,0,D48,2,1,0,0,1,2027,0,,0,0,60,0,0,1,0,0,0,60,0,0,0,0,STNY BROOK,0,0,0,0,,1,,60.8,,64.2,0,303,2,0,0,0,39.6,1,0,0,0,0,0,
176990,Nick Haynes,LB,0,0,,0,0,,TOWSON,1,D27,10,7,0,3,1,2028,4,73.1,0,0,63.6,0,0,8,0,0,0,62.6,0,0,0,0,TOWSON,0,0,0,0,,3,0,64.8,,71.4,0,317,14,0,0,0,0,3,0,0,0,0,4,58.5
176994,CJ McClendon,S,0,0,,0,3,,TOWSON,3,D25,17,10,0,2,1,2026,4,27.9,0,0,73.1,1,0,12,0,0,0,38.3,0,0,1,0,TOWSON,0,0,1,0,,7,42.9,52,,0,0,317,21,0,0,0,0,7,0,1,0,0,4,59.2
177001,Rodney Roane,LB,0,0,,0,0,,TOWSON,2,D11,28,27,0,10,1,2027,3,79.7,0,0,65.6,0,0,15,0,0,0,68.3,0,0,0,0,TOWSON,1,0,0,0,,1,0,67.1,,74.1,0,317,31,0,0,0,0,6,0,3,0,0,3,57.4
177006,Jaden Boring,LB,1,0,,0,2,0,WM & MARY,1,D38,37,32,0,2,1,2029,3,30.8,0,0,70.3,0,0,13,0,0,0,43.4,0,0,0,0,WM & MARY,1,0,0,0,,5,40,55,,71.2,0,348,40,0,0,0,39.6,25,0,2,0,0,3,58.6
177011,Marquise Brunson,DI,0,0,,0,0,,DELWARE ST,0,D97,1,0,0,18,1,2027,28,,0,0,,0,0,0,0,7,0,42.5,0,0,0,0,DELWARE ST,0,0,0,0,,0,,44.6,,74.7,0,152,29,0,21,0,0,11,0,0,0,0,0,56.6
177012,Alexander Cossignani,DI,0,0,,0,0,,DELWARE ST,0,D95,0,0,0,20,1,2028,36,,0,0,,0,0,0,17,0,0,56.6,0,0,1,0,DELWARE ST,0,0,0,0,,0,,51.5,,0,0,152,36,0,19,0,0,16,0,0,0,0,0,59.4
177021,Jamir Richardson,CB,2,0,,0,1,100,DELWARE ST,1,D29,17,2,0,0,1,2026,0,28.1,8,2,63.2,0,0,6,0,0,0,61.4,15,0,0,0,DELWARE ST,1,0,0,0,4,0,50,64.1,4,72,0,152,17,2,0,0,83.3,11,0,0,0,0,0,
177026,Chandler Swoope,CB,0,0,,0,2,,DELWARE ST,0,D36,26,2,0,0,1,2026,0,23.8,0,0,59.8,0,0,13,0,0,0,49.1,23,0,0,0,DELWARE ST,0,0,0,0,,0,66.7,56,,72.7,0,152,26,0,0,0,0,13,0,1,0,0,0,
177031,Ishaun Abdul-Ali,ED,0,0,,0,0,,HOWARD,1,D94,0,0,0,16,1,2028,37,71.1,0,0,,0,0,0,3,0,0,53.1,0,0,0,0,HOWARD,1,0,0,0,,0,0,53.1,,77.2,0,184,37,0,1,0,0,21,0,0,0,0,33,55.9
177049,Ja'Son Prevard,CB,5,0,,0,1,20,MORGAN ST,1,D01,55,3,0,0,1,2028,0,36.5,40,1,62,0,0,28,0,0,0,30.1,49,0,0,0,MORGAN ST,0,0,0,0,40,3,50,54.2,40,76.5,0,235,55,7,0,1,60.4,27,0,0,0,0,0,
177060,Dantey Menard,DI,0,0,,0,0,,NORFOLK,1,D96,0,0,0,8,1,2027,27,73.8,0,0,,0,0,0,0,2,0,59.4,0,0,0,0,NORFOLK,1,0,0,0,,0,0,58.7,,75,0,244,27,0,25,0,0,19,0,2,0,0,0,56.8
177067,AJ Richardson,LB,1,0,,0,2,100,NORFOLK,9,D15,62,62,0,4,1,2028,0,53.2,13,1,53.1,1,0,22,0,0,0,85.9,0,1,0,0,NORFOLK,7,0,2,0,13,0,16.7,76.5,13,76.1,0,244,62,10,0,0,118.8,36,1,1,0,0,0,72.9
177087,Jaylen Bowden,CB,1,0,,0,1,0,NC CENT,0,D19,63,5,0,0,1,2028,0,21.6,0,0,61,0,0,30,0,0,0,52.2,58,0,1,0,NC CENT,0,1,0,0,,0,100,59,,76.8,0,247,63,0,0,0,39.6,33,0,0,0,0,0,
177092,Wade Harris,CB,1,0,,0,0,0,NC CENT,0,D24,3,0,0,0,1,2029,0,,0,0,61.8,0,0,3,0,0,0,,3,0,0,0,NC CENT,0,0,0,0,,0,,62.3,,67.3,0,247,3,0,0,0,39.6,0,0,0,0,0,0,
177141,Avery Powell,CB,4,0,,0,0,100,MO STATE,7,D29,71,5,0,0,1,2028,2,82,59,4,54,0,0,36,0,0,0,72.4,64,0,1,0,MO STATE,2,0,0,0,30,2,0,58,14.8,78,0,230,73,4,0,0,158.3,37,0,0,0,1,2,
177149,Tyler Erkman,S,0,0,,0,0,,N DAKOTA,6,D09,57,30,0,0,1,2028,0,84.1,0,0,62.1,0,0,21,0,0,0,29.2,1,0,0,0,N DAKOTA,0,0,0,0,,10,0,47.5,,75.5,0,249,57,0,0,0,0,36,0,0,16,0,0,
177163,Lance Rucker,ED,0,0,,0,0,,N DAKOTA,2,D27,5,1,0,17,1,2028,48,79.1,0,0,62.3,0,0,4,0,0,0,65.5,0,0,0,0,N DAKOTA,1,0,0,0,,4,0,62.2,,81,0,249,53,0,0,0,0,32,0,3,0,0,48,52.9
177168,Kaden Vig,DI,0,0,,0,0,,N DAKOTA,1,D89,0,0,0,8,1,2028,24,72.9,0,0,,0,0,0,10,0,0,62.3,0,0,0,0,N DAKOTA,1,0,0,0,,0,0,60.3,,73.4,0,249,24,0,13,0,0,16,0,1,0,0,1,54.8
177191,Gabriel Hardman,LB,2,0,,0,1,100,S DAKOTA,1,D33,12,11,0,1,1,2028,1,43,1,2,87.9,0,0,7,0,0,0,35.8,0,0,0,0,S DAKOTA,1,0,0,0,1,1,25,73.7,0.5,72,0,291,13,7,0,0,79.2,5,0,2,0,0,1,59.6
177205,Roman Tillmon,S,0,0,,0,0,,S DAKOTA,0,D01,4,1,0,1,1,2028,0,76.4,0,0,61.1,1,0,2,0,0,0,60,0,0,0,0,S DAKOTA,0,0,1,0,,0,0,69.5,,67,0,291,4,0,0,0,0,1,0,1,3,0,0,66.4
177214,Bryce Hawthorne,DI,0,0,,0,0,,S DAK ST,0,D96,0,0,0,23,1,2028,30,70.2,0,0,60,0,0,0,3,0,0,56.1,0,0,0,0,S DAK ST,0,0,0,0,,0,0,52.9,,74.7,0,292,30,0,27,0,0,7,0,1,0,0,0,52.8
177218,Reis Kirschenman,ED,0,0,,0,0,,S DAK ST,1,D97,0,0,0,24,1,2029,30,71.1,0,0,,1,0,0,5,0,0,70.3,0,0,0,0,S DAK ST,1,0,1,0,,0,0,63.6,,75.7,0,292,30,0,0,0,0,6,0,0,0,0,25,57.1
177227,Kolten Tilford,S,0,0,,0,0,,S DAK ST,0,D26,3,2,0,0,1,2027,0,,0,0,61.5,0,0,3,0,0,0,,0,0,0,0,S DAK ST,0,0,0,0,,1,,61.8,,65.3,0,292,3,0,0,0,0,0,0,0,0,0,0,
177242,Nyrel Sevilla,LB,4,0,,0,0,50,LIUSHAR,3,D11,58,52,0,3,1,2025,3,78.7,26,2,53,1,0,35,0,0,0,75.4,0,0,0,0,LIUSHAR,2,0,1,0,15,6,0,62.6,13,76.3,0,1298,61,16,0,0,70.8,23,1,0,0,0,3,66.4
177281,Gio Boone,LB,0,0,,0,0,,SACR HEART,0,D34,13,7,0,4,1,2028,1,,0,0,63.5,0,0,10,0,0,0,,0,0,0,0,SACR HEART,0,0,0,0,,5,,60.9,,70.3,0,280,14,0,0,0,0,0,0,0,1,0,1,54.7
177293,Luke Hackett,LB,1,0,,0,1,0,SACR HEART,1,D47,23,22,0,3,1,2028,0,35.2,0,0,62.7,2,0,11,0,0,0,70.6,0,0,1,0,SACR HEART,1,0,2,0,,1,33.3,59.6,,0,0,280,23,0,0,0,39.6,9,0,1,0,0,0,56.7
177295,Kyle Hall,LB,2,0,,0,0,100,SACR HEART,2,D36,29,23,0,3,1,2028,0,79.8,21,2,67.4,0,0,20,0,0,0,70.8,0,0,0,0,SACR HEART,1,0,0,0,19,5,0,69.6,10.5,73.9,0,280,29,6,0,0,110.4,6,0,2,1,0,0,56
177298,Jared Hirschfeld,DI,0,0,,0,1,,SACR HEART,0,D90,0,0,0,10,1,2028,21,22.2,0,0,,1,0,0,0,2,0,56.5,0,0,0,0,SACR HEART,0,0,1,0,,0,100,59.8,,74.6,0,280,21,0,18,0,0,11,0,0,0,0,1,63.5
177300,Daimon Jacobs,S,1,0,,0,0,100,SACR HEART,1,D11,11,2,0,1,1,2028,2,74.3,9,1,52.9,0,0,5,0,0,0,69.1,0,0,0,0,SACR HEART,1,0,0,0,9,9,0,59.3,9,72.9,0,280,13,5,0,0,104.2,7,0,0,0,0,2,59.2
177314,Ryan Palmieri,S,6,0,,0,2,66.7,SACR HEART,7,D23,69,28,0,1,1,2028,0,51.2,44,4,53.5,0,0,44,0,0,0,60.7,1,0,0,0,SACR HEART,2,0,0,0,13,6,22.2,55,11,77.2,0,280,69,6,0,0,88.2,24,0,0,34,0,0,59.2
177325,Glory Stephen-Wangboje,DI,0,0,,0,0,,SACR HEART,2,D93,0,0,0,4,1,2028,9,69.9,0,0,60,0,0,0,0,4,0,67.3,0,0,0,0,SACR HEART,2,0,0,0,,0,0,67.1,,73.8,0,280,9,0,5,0,0,5,0,0,0,0,0,57.6
177340,Dara Adeyemi,ED,0,0,,0,0,,BUCKNELL,3,D97,0,0,0,5,1,2028,19,75.2,0,0,,0,0,0,6,0,0,47.7,0,0,0,0,BUCKNELL,1,0,0,0,,0,0,47,,73.9,0,125,19,0,0,0,0,14,0,0,0,0,13,56.3
177344,Ashawn Sims,DI,0,0,,0,0,,COLGATE,0,D40,0,0,0,8,1,2027,20,,0,0,,0,0,0,0,0,0,63.6,0,0,0,0,COLGATE,0,0,0,0,,0,,65.2,,73.3,0,142,20,0,20,0,0,12,0,0,0,0,0,62.5
177365,Natale Frangione,DI,0,0,,0,0,,GEORGETOWN,0,D69,0,0,0,16,1,2026,29,,0,0,,0,0,0,2,4,0,54.9,0,0,0,0,GEORGETOWN,0,0,0,0,,0,,53.8,,75,0,172,29,0,21,0,0,13,0,0,0,0,2,55.4
177367,Cody Pham,LB,0,0,,0,0,,GEORGETOWN,1,D45,5,5,0,0,1,2028,1,73.1,0,0,60.7,0,0,2,0,0,0,49,0,0,0,0,GEORGETOWN,0,0,0,0,,0,0,47,,67.1,0,172,6,0,0,0,0,4,0,0,0,0,1,
177375,Carlo Crocetti,S,0,0,,0,0,,HOLY CROSS,2,D06,1,1,0,26,1,2028,38,77.3,0,0,70.5,2,0,1,0,0,0,59.1,0,1,0,0,HOLY CROSS,2,0,3,0,,0,0,62.5,,79.6,0,181,39,0,0,0,0,12,0,1,0,0,38,56
177380,Jovan George,DI,0,0,,0,1,,HOLY CROSS,0,D96,0,0,0,10,1,2029,18,22.2,0,0,,0,0,0,2,0,0,47.8,0,0,0,0,HOLY CROSS,0,0,0,0,,0,100,47.5,,73.1,0,181,18,0,16,0,0,8,0,0,0,0,0,56.4
177384,Cam Jones,CB,6,0,,0,1,83.3,HOLY CROSS,1,D01,45,4,0,0,1,2029,0,53.1,45,5,44.9,0,0,21,0,0,0,59.1,41,0,0,0,HOLY CROSS,0,0,0,0,20,0,20,46.9,9,76.1,0,181,45,11,0,0,97.9,24,0,3,0,0,0,
177396,Cam Santee,ED,0,0,,0,0,,HOLY CROSS,6,D36,0,0,0,36,1,2028,67,80,0,0,63.4,0,0,3,0,0,0,76.4,0,1,0,0,HOLY CROSS,4,0,1,0,,0,0,68.7,,81.8,0,181,67,0,0,0,0,28,2,0,0,0,67,55
177398,Drew Spinogatti,LB,1,0,,0,2,0,HOLY CROSS,5,D54,45,36,0,1,1,2028,0,42.4,0,0,63.9,1,0,20,0,0,0,24.9,0,0,0,0,HOLY CROSS,2,0,1,0,,9,25,41,,75.5,0,181,45,0,0,0,39.6,24,0,1,0,0,0,79.9
177399,Brice Stevenson,DI,0,0,,0,0,,HOLY CROSS,0,D92,0,0,0,28,1,2028,50,69.7,0,0,,1,0,0,5,0,0,68.9,0,0,0,0,HOLY CROSS,0,0,1,0,,0,0,70.3,,75.5,0,181,50,0,45,0,0,22,0,1,0,0,0,65.4
177400,Eli Thompson,CB,10,0,,0,0,60,HOLY CROSS,6,D02,70,2,0,0,1,2029,0,82.5,28,6,90,0,0,40,0,0,0,66.9,57,0,0,0,HOLY CROSS,3,0,0,0,11,11,0,90,4.7,78.1,0,181,70,26,0,3,64.6,30,1,1,0,0,0,
177420,Kalyl Lindsey,S,2,0,,0,0,0,BROWN,1,D30,26,13,0,0,1,2028,0,74.8,0,0,86.7,0,0,20,0,0,0,61.2,1,0,0,0,BROWN,0,0,0,0,,2,0,84.4,,74.5,0,123,26,0,0,2,39.6,6,0,0,10,0,0,
177422,Max Malo,LB,0,0,,0,0,,BROWN,0,D55,9,9,0,0,1,2028,0,,0,0,63.6,0,0,9,0,0,0,,0,0,0,0,BROWN,0,0,0,0,,0,,65.1,,69.7,0,123,9,0,0,0,0,0,0,0,0,0,0,
177425,Stefano Montella,LB,0,0,,0,0,,BROWN,0,D59,15,15,0,1,1,2028,0,74.3,0,0,63,0,0,8,0,0,0,66.4,0,0,0,0,BROWN,0,0,0,0,,0,0,67.9,,69,0,123,15,0,0,0,0,6,0,1,0,0,0,60
177434,Karl Schmalz,DI,0,0,,0,0,,BROWN,0,D69,0,0,0,2,1,2028,3,,0,0,,0,0,0,0,3,0,60,0,0,0,0,BROWN,0,0,0,0,,0,,60.6,,68.9,0,123,3,0,0,0,0,1,0,0,0,0,0,59.9
177447,Jack Crowley,ED,0,0,,0,0,,HARVARD,0,D87,0,0,0,1,1,2028,6,,0,0,,0,0,0,1,0,0,61,0,0,0,0,HARVARD,0,0,0,0,,0,,60.8,,70.2,0,179,6,0,0,0,0,5,0,0,0,0,5,59.6
177448,Jake Darling,DI,0,0,,0,0,,HARVARD,2,D98,0,0,0,1,1,2028,5,72.4,0,0,,0,0,0,0,0,0,67.7,0,0,0,0,HARVARD,2,0,0,0,,0,0,69.7,,69.3,0,179,5,0,5,0,0,4,0,0,0,0,0,59.9
177451,Jack Donahoe,S,0,0,,0,0,,HARVARD,2,D10,15,6,0,0,1,2028,0,78.6,0,0,65.4,0,0,6,0,0,0,63.8,0,0,0,0,HARVARD,1,0,0,0,,0,0,66.7,,72.7,0,179,15,0,0,0,0,9,0,0,9,0,0,
177452,Josh Fedd,ED,0,0,,0,0,,HARVARD,1,D08,0,0,0,0,1,2028,1,71.5,0,0,,0,0,0,0,0,0,61.4,0,0,0,0,HARVARD,1,0,0,0,,0,0,69.6,,65.6,0,179,1,0,0,0,0,1,0,0,0,0,1,
177454,Austin-Jake Guillory,CB,2,0,,0,0,50,HARVARD,3,D12,56,2,0,0,1,2028,0,79.9,6,1,68.1,0,0,34,0,0,0,68.3,51,0,0,0,HARVARD,1,0,0,0,6,3,0,69.3,6,76.5,0,179,56,5,0,0,56.3,22,0,1,0,0,0,
177455,Damien Henderson,CB,5,0,,0,1,100,HARVARD,4,D07,56,7,0,4,1,2028,0,68.1,52,5,65,1,0,30,0,0,0,54.9,6,0,0,0,HARVARD,3,0,1,0,27,42,16.7,61.9,10.4,77.7,0,179,56,21,0,0,110,22,1,1,1,0,0,54.9
177466,Stephen Scourtis,ED,0,0,,0,0,,HARVARD,0,D88,0,0,0,1,1,2028,5,,0,0,,0,0,0,0,0,0,60.6,0,0,0,0,HARVARD,0,0,0,0,,0,,60.4,,70.7,0,179,5,0,0,0,0,4,0,0,0,0,5,59.6
177470,Conway Zhang,DI,0,0,,0,0,,HARVARD,1,D91,0,0,0,1,1,2028,5,69.7,0,0,,0,0,0,0,0,0,69.6,0,0,0,0,HARVARD,1,0,0,0,,0,0,72.4,,68.8,0,179,5,0,5,0,0,4,0,0,0,0,0,59.9
177472,Darius Beauvoir,S,0,0,,0,0,,PENN,0,D21,3,3,0,0,1,2027,0,,0,0,,0,0,0,0,0,0,60,0,0,0,0,PENN,0,0,0,0,,0,,60.3,,66.3,0,267,3,0,0,0,0,3,0,0,0,0,0,
177479,Kayleb Ervin,S,1,0,,0,0,100,PENN,0,D32,12,4,0,0,1,2028,0,,41,1,43.3,0,0,3,0,0,0,60.7,0,0,0,0,PENN,0,0,0,0,41,5,,44.7,41,72.7,0,267,12,9,0,0,118.8,9,0,0,3,0,0,
177482,Joey Holliday,S,0,0,,0,0,,PENN,2,D24,12,8,0,3,1,2028,0,76.5,0,0,60,0,0,1,0,0,0,70.3,0,0,0,0,PENN,0,0,0,0,,4,0,68.9,,67.9,0,267,12,0,0,0,0,8,0,0,0,0,0,58.5
177486,Devin Malloy,CB,5,0,,0,0,60,PENN,4,D04,60,4,0,0,1,2028,0,81.7,21,3,52.6,0,0,35,0,0,0,66.5,54,0,1,0,PENN,0,0,0,0,11,2,0,54.9,7,76.7,0,267,60,9,0,0,69.6,25,0,1,0,0,0,
177487,Josh Narcisse,CB,2,0,,0,1,100,PENN,1,D16,34,1,0,0,1,2028,1,28.3,25,2,76.4,0,1,17,0,0,0,62.9,33,0,0,0,PENN,0,0,0,0,14,0,50,76.2,12.5,75.5,0,267,35,17,0,0,79.2,18,0,0,0,0,1,
177496,Cooper Austin,DI,0,0,,0,0,,YALE,0,D99,0,0,0,6,1,2028,6,,0,0,,0,0,0,0,0,0,,0,1,0,0,YALE,0,0,1,0,,0,,65.6,,69.4,0,352,6,0,6,0,0,0,0,0,0,0,0,64.9
177500,James Cave,ED,0,0,,0,0,,YALE,1,D33,0,0,0,10,1,2029,15,73.6,0,0,,1,0,0,2,0,0,68.2,0,0,0,0,YALE,1,0,1,0,,0,0,63.7,,73.9,0,352,15,0,1,0,0,5,0,1,0,0,12,55.4
177501,Osize Daniyan,S,2,0,,0,0,50,YALE,2,D00,54,29,0,4,1,2028,2,78.6,5,1,55.1,0,0,25,0,0,0,50,0,0,0,0,YALE,0,0,0,0,5,4,0,51.8,5,76.5,0,352,56,9,0,0,56.3,27,0,0,21,0,2,55.7
177507,Phoenix Grant,LB,1,0,,0,1,0,YALE,0,D08,18,18,0,5,1,2028,7,35.6,0,0,50.4,1,0,8,0,0,0,72.9,0,0,0,0,YALE,0,0,1,0,,0,50,55,,75.3,0,352,25,0,0,0,39.6,12,0,1,0,0,7,46.8
177508,Zairion Jackson-Bass,ED,0,0,,0,0,,YALE,3,D45,0,0,0,19,1,2028,41,75.2,0,0,,0,0,0,5,0,0,73.4,0,1,0,0,YALE,3,0,1,0,,0,0,73.7,,77.2,0,352,41,0,4,0,0,22,1,0,0,0,32,65.3
177510,Abu Kamara,S,4,0,,1,3,50,YALE,8,D04,48,11,1,6,1,2028,8,45.1,35,2,65.3,3,1,23,0,0,0,49.7,1,0,1,0,YALE,6,0,4,0,24,34,27.3,61.6,17.5,0,0,352,56,43,0,0,40.6,27,0,0,2,0,8,84.1
177518,Jaylin Tate,DI,0,0,,0,0,,YALE,0,D96,0,0,0,14,1,2028,25,70.1,0,0,,0,0,0,0,8,0,65.8,0,0,0,0,YALE,0,0,0,0,,0,0,62.3,,74.7,0,352,25,0,17,0,0,11,0,1,0,0,0,56.1
177573,Taylor Burton,ED,0,0,,0,0,,TENN MARTN,1,D13,0,0,1,20,1,2028,25,72.8,0,0,,0,0,0,16,4,0,86.1,0,1,0,0,TENN MARTN,2,0,2,0,,0,0,78.1,,74.1,0,310,25,0,2,0,0,5,1,0,0,0,3,61.4
177575,Jonah Rubadue,DI,0,0,,0,0,,LNDNWD,0,D92,0,0,0,28,1,2025,37,,0,0,60,1,0,1,0,2,0,40.3,0,0,0,0,LNDNWD,0,0,1,0,,0,,44.5,,75.5,0,949,37,0,35,0,0,8,0,0,0,0,0,54.7
177578,Jesse Smith,ED,0,0,,1,0,,LNDNWD,1,D90,0,0,1,22,1,2028,31,74.6,0,0,,2,0,0,2,0,0,66.7,0,1,0,0,LNDNWD,2,0,4,0,,0,0,89.8,,76.4,0,949,31,0,0,0,0,9,1,0,0,0,29,87.9
177601,Christopher Sharp,CB,0,0,,0,0,,E ILLINOIS,4,D25,19,2,0,0,1,2028,0,80,0,0,72.2,0,0,7,0,0,0,70.7,17,0,0,0,E ILLINOIS,0,0,0,0,,0,0,75,,72.2,0,158,19,0,0,0,0,12,0,1,0,0,0,
177622,Collin Ansel,ED,0,0,,0,0,,DAYTON,0,D90,0,0,0,6,1,2028,10,,0,0,60,0,0,1,0,0,0,63.9,0,0,0,0,DAYTON,0,0,0,0,,0,,64.6,,73.1,0,150,10,0,0,0,0,3,0,0,0,0,10,57.8
177625,Vincent Firenze,S,1,0,,0,0,100,DAYTON,1,D32,18,3,0,0,1,2028,0,76.2,3,1,74.3,0,0,12,0,0,0,60,0,0,0,0,DAYTON,1,0,0,0,3,1,0,72.8,3,74.1,0,150,18,0,0,0,79.2,6,0,0,14,0,0,
177632,Mirko Jaksic,DI,0,0,,0,0,,DAYTON,0,D75,0,0,0,14,1,2028,19,,0,0,59.8,0,0,1,0,9,0,61.7,0,1,1,0,DAYTON,0,0,1,0,,0,,53.5,,0,0,150,19,0,10,0,0,4,0,0,0,0,0,62.1
177647,Sam Schmiesing,LB,0,0,,0,0,,DAYTON,1,D08,20,15,0,1,1,2028,0,78.2,0,0,71.9,0,0,9,0,0,0,76.6,0,0,0,0,DAYTON,1,0,0,0,,5,0,79.9,,71.5,0,150,20,0,0,0,0,10,0,2,0,0,0,60
177688,Jackson Benjamin,S,4,0,,0,0,50,MOREHEAD,2,D31,22,1,0,2,1,2026,2,77.8,14,2,66.7,0,0,17,0,0,0,60.7,0,0,0,0,MOREHEAD,0,0,0,0,8,21,0,66.1,7,76.5,0,234,24,2,0,0,58.3,5,0,0,0,0,2,57.1
177689,Josh Bowling,ED,0,0,,0,0,,MOREHEAD,0,D34,0,0,1,6,1,2028,13,75.7,0,0,,0,0,0,0,0,0,66.6,0,0,0,0,MOREHEAD,1,0,1,0,,0,0,69.9,,74.9,0,234,13,0,0,0,0,7,0,1,0,0,13,64.4
177709,Kairo Reid,LB,0,0,,0,0,,MOREHEAD,2,D41,46,46,0,1,1,2025,2,78.7,0,0,58.2,0,0,23,0,0,0,73.6,0,0,0,0,MOREHEAD,1,0,0,0,,0,0,66.7,,73.9,0,234,48,0,0,0,0,24,0,2,0,0,2,59.4
177710,Jake Rhodes,DI,0,0,,0,0,,MOREHEAD,1,D90,0,0,0,22,1,2028,42,69.7,0,0,,1,0,0,6,4,0,64.1,0,0,0,0,MOREHEAD,1,0,1,0,,0,0,62.3,,75.9,0,234,42,0,32,0,0,20,0,0,0,0,0,57.6
177716,Gabe Whittington,DI,0,0,,1,0,,MOREHEAD,1,D91,0,0,2,12,1,2028,26,73.6,0,0,60,0,0,0,1,7,0,70.6,0,0,0,0,MOREHEAD,2,0,2,0,,0,0,79.2,,75.3,0,234,26,0,18,0,0,14,0,1,0,0,0,76.3
177723,Dandrevius Dorsey,DI,0,0,,0,0,,PRESBYTERN,0,D58,0,0,0,8,1,2028,10,70.1,0,0,,0,0,0,0,5,0,61.7,0,0,0,0,PRESBYTERN,0,0,0,0,,0,0,59.6,,72.4,0,271,10,0,5,0,0,2,0,1,0,0,0,56.5
177724,Keith Elmore,S,0,0,,0,0,,PRESBYTERN,0,D11,8,1,0,0,1,2027,0,,0,0,62.5,0,0,5,0,0,0,60,1,0,0,0,PRESBYTERN,0,0,0,0,,4,,62.8,,72.6,0,271,8,0,0,0,0,3,0,0,2,0,0,
177725,Willard Ferrell,CB,1,0,,0,0,0,PRESBYTERN,0,D03,23,0,0,0,1,2028,0,,0,0,66,0,0,18,0,0,0,60,23,0,0,0,PRESBYTERN,0,0,0,0,,0,,66.4,,74.1,0,271,23,0,0,0,39.6,5,0,0,0,0,0,
177742,Raymond McCray,ED,0,0,,0,0,,PRESBYTERN,1,D48,2,0,0,19,1,2027,23,72.2,0,0,,2,0,0,1,0,0,78.6,0,0,0,0,PRESBYTERN,1,0,2,0,,2,0,69.1,,78.2,0,271,25,0,0,0,0,6,0,0,0,0,22,57.3
177745,Kenneth Odugba,ED,0,0,,0,0,,PRESBYTERN,1,D50,0,0,0,17,1,2027,24,73.2,0,0,61,1,0,0,3,0,0,49.1,0,1,0,0,PRESBYTERN,0,0,2,0,,0,0,60.6,,77,0,271,24,0,0,0,0,7,0,1,0,0,21,60.2
177755,Jacob Thornton,DI,0,0,,0,0,,PRESBYTERN,3,D53,0,0,0,13,1,2028,21,74.6,0,0,60,0,0,0,7,0,0,86.2,0,0,0,0,PRESBYTERN,1,0,0,0,,0,0,86.4,,73.7,0,271,21,0,12,0,0,8,1,1,0,0,2,67.8
177757,Jalyn Turner,LB,2,0,,0,0,50,PRESBYTERN,1,D39,23,21,0,1,1,2028,0,76.7,7,1,64.7,0,0,18,0,0,0,57.4,0,0,0,0,PRESBYTERN,0,0,0,0,7,2,0,63.1,7,71.9,0,271,23,6,0,0,58.3,4,0,1,0,0,0,60
177787,Mark Johnson,S,4,0,,0,1,75,VALPO,5,D28,73,33,0,0,1,2028,0,71,3,3,78.2,0,0,48,0,0,0,70.1,1,0,0,0,VALPO,1,0,0,0,5,7,10,78,1,79.6,0,332,73,14,0,1,77.1,25,1,4,32,0,0,
177792,Nic Lendino,CB,9,0,,0,0,33.3,VALPO,6,D14,71,8,0,0,1,2028,2,82.3,31,3,66.1,1,0,48,0,0,0,67.7,63,0,0,0,VALPO,1,0,1,0,15,0,0,67.2,10.3,77.3,0,332,73,7,0,1,44.2,25,0,1,0,0,2,
177800,Onye Nwosisi,ED,0,0,,0,0,,VALPO,3,D09,0,0,0,44,1,2027,67,76.4,0,0,60,5,0,0,1,0,0,72.2,0,0,1,0,VALPO,3,0,5,0,,0,0,83.3,,6.7,0,332,67,0,1,0,0,23,0,1,0,0,65,86.7
177805,Jimmy Pouba,LB,5,0,,0,1,80,VALPO,8,D15,68,11,0,3,1,2025,5,71.1,53,4,57.3,0,0,45,0,0,0,64.6,1,0,0,1,VALPO,4,0,0,0,25,56,9.1,60.6,13.3,80.6,0,332,73,33,0,0,110.8,25,0,2,0,0,5,71.1
177807,Max Samuel,LB,0,0,,0,0,,VALPO,0,D43,2,2,0,0,1,2028,0,,0,0,60,0,0,1,0,0,0,60,0,0,0,0,VALPO,0,0,0,0,,0,,60.3,,66,0,332,2,0,0,0,0,1,0,0,0,0,0,
177816,D.J. Adams,CB,2,0,,0,0,0,CHATTNOOGA,1,D27,16,0,0,0,1,2028,0,73.5,0,0,47,0,0,10,0,0,0,63.3,16,0,1,0,CHATTNOOGA,0,0,0,0,,0,0,49.2,,73,0,137,16,0,0,0,39.6,6,0,0,0,0,0,
177817,Kam Baah-Slay,S,0,0,,0,1,,CHATTNOOGA,1,D23,16,10,0,0,1,2028,0,28.4,0,0,64,0,0,10,0,0,0,51.1,0,0,0,0,CHATTNOOGA,0,0,0,0,,1,50,57.7,,72.2,0,137,16,0,0,0,0,6,0,0,5,0,0,
177828,Jamarr Jones,DI,0,0,,0,0,,CHATTNOOGA,0,D57,0,0,0,6,1,2028,10,,0,0,,2,0,0,0,0,0,55.5,0,0,0,0,CHATTNOOGA,0,0,2,0,,0,,63.9,,71.2,0,137,10,0,10,0,0,4,0,0,0,0,0,71.1
177834,Zion Rutledge,LB,3,0,,0,0,0,CHATTNOOGA,1,D42,18,18,0,1,1,2028,0,75.8,0,0,66.6,0,0,10,0,0,0,47.8,0,0,0,0,CHATTNOOGA,0,0,0,0,,0,0,57.8,,70.1,0,137,18,0,0,1,39.6,7,0,1,0,0,0,60
177862,Jamari Cannon,CB,0,0,,0,0,,SAMFORD,0,D13,4,1,0,0,1,2026,0,,0,0,60,0,0,1,0,0,0,60,3,0,0,0,SAMFORD,0,0,0,0,,0,,61.1,,68.3,0,282,4,0,0,0,0,3,0,0,0,0,0,
177865,C.J. Douglas,S,3,0,,1,0,66.7,SAMFORD,8,D29,64,46,0,0,1,2028,0,85.8,11,2,69,0,0,20,0,0,0,78.7,0,0,0,0,SAMFORD,2,0,0,0,6,8,0,75,5.5,77.1,0,282,64,11,0,1,72.9,44,0,1,10,0,0,
177876,Jaden Mosley,LB,0,0,,0,0,,SAMFORD,3,D33,47,44,0,2,1,2026,3,80.1,0,0,64.6,0,0,14,0,0,0,76.6,0,1,0,0,SAMFORD,2,0,1,0,,3,0,76.3,,76.3,0,282,50,0,0,0,0,34,1,1,0,0,3,68.1
177885,Kaleb Brown,S,2,0,,0,0,50,CITADEL,2,D17,22,8,0,0,1,2030,0,79.8,-2,1,72.5,0,0,15,0,0,0,60.7,0,0,0,0,CITADEL,2,0,0,0,-2,2,0,71.4,-2,73.8,0,139,22,0,0,0,56.3,7,1,0,12,0,0,
177904,Henry Berling,LB,0,0,,0,0,,VA MILT IN,1,D43,14,14,0,2,1,2028,0,75.7,0,0,,0,0,0,0,0,0,57.1,0,0,0,0,VA MILT IN,1,0,0,0,,0,0,55.6,,72.8,0,336,14,0,0,0,0,12,0,1,0,0,0,57.2
177928,Steven Riveros,S,2,0,,0,1,100,VA MILT IN,3,D09,57,35,1,2,1,2028,0,60.2,17,2,60.2,0,0,24,0,0,1,57.7,0,0,0,0,VA MILT IN,1,0,1,0,14,9,20,61.9,8.5,76.9,0,336,57,19,0,0,102.1,31,0,1,13,0,0,71.7
177958,Kenyon Partridge,ED,0,0,,0,0,,W CAROLINA,0,D17,0,0,0,3,1,2028,6,,0,0,,0,0,0,0,0,0,63.8,0,0,0,0,W CAROLINA,0,0,0,0,,0,,64,,72.5,0,344,6,0,0,0,0,3,0,0,0,0,6,56.6
177961,Bo Simpson-Nealy,S,0,0,,0,1,,W CAROLINA,3,D21,35,30,1,2,1,2028,0,57.4,0,0,54.2,0,0,17,0,0,0,45.5,0,0,1,0,W CAROLINA,1,0,1,0,,0,20,45.9,,0,0,344,35,0,0,0,0,16,0,1,5,0,0,67.9
177968,Zayveon Wells,S,0,0,,0,0,,W CAROLINA,0,D24,3,1,0,1,1,2029,2,,0,0,60.8,0,0,2,0,0,0,60,0,0,0,0,W CAROLINA,0,0,0,0,,2,,61.9,,72.5,0,344,5,0,0,0,0,2,0,0,0,0,2,60
177974,Levi Wyatt,CB,2,0,,0,1,50,MCNEESE,1,D02,57,2,0,0,1,2026,0,21.4,9,1,69.8,0,0,29,0,0,0,64.2,54,0,1,0,MCNEESE,0,0,0,0,9,1,50,66.6,9,0,0,217,57,8,0,1,62.5,28,0,0,0,0,0,
177990,Josh Johnson,DI,0,0,,0,0,,NICHOLLS,2,D92,0,0,0,18,1,2028,36,72.2,0,0,,0,0,0,3,1,0,70.7,0,0,0,0,NICHOLLS,2,0,0,0,,0,0,66.8,,75.2,0,243,36,0,32,0,0,18,0,0,0,0,0,56.1
178005,Josh Wax,S,0,0,,0,0,,NICHOLLS,0,D46,3,1,0,0,1,2026,0,,0,0,61.5,0,0,3,0,0,0,,0,0,0,0,NICHOLLS,0,0,0,0,,0,,61.9,,67.3,0,243,3,0,0,0,0,0,0,0,2,0,0,
178016,Antonio Hall,CB,2,0,,0,1,100,NWSTATE,1,D28,46,4,0,0,1,2028,2,28,40,2,36.5,0,0,16,0,0,0,37.7,37,0,0,0,NWSTATE,0,0,0,0,32,1,50,33.7,20,77.1,0,257,48,6,0,0,158.3,32,0,0,4,1,2,
178019,Kemarion Ivory,DI,0,0,,0,0,,NWSTATE,0,D54,0,0,0,7,1,2028,27,69.7,0,0,,0,0,0,10,6,0,59.7,0,0,0,0,NWSTATE,0,0,0,0,,0,0,58.9,,74.6,0,257,27,0,11,0,0,20,0,1,0,0,0,56.8
178021,Jeremiah Keppard,S,3,0,,0,0,100,NWSTATE,5,D20,48,21,0,0,1,2027,1,82.4,70,3,32.4,0,0,17,0,0,0,57.8,1,0,0,0,NWSTATE,0,0,0,0,45,13,0,41.2,23.3,76.9,0,257,49,28,0,0,158.3,32,0,1,13,1,1,
178024,Chancellor Owens,ED,0,0,,0,0,,NWSTATE,2,D90,1,1,0,17,1,2028,46,74.8,0,0,60,0,0,0,30,0,0,73.4,0,1,0,0,NWSTATE,1,0,1,0,,0,0,70.8,,76.5,0,257,47,0,4,0,0,30,0,1,0,0,12,58.6
178027,Ke'shawn Reed,ED,0,0,,0,0,,NWSTATE,1,D99,0,0,0,4,1,2028,12,73.5,0,0,,0,0,0,9,0,0,69,0,0,0,0,NWSTATE,1,0,0,0,,0,0,68.6,,71.1,0,257,12,0,1,0,0,8,0,1,0,0,2,58
178029,Troy Santa Marina Jr.,CB,1,0,,0,0,0,NWSTATE,0,D30,22,6,0,0,1,2028,0,74.8,0,0,71.3,0,0,5,0,0,0,70.4,14,0,0,0,NWSTATE,0,0,0,0,,0,0,75.1,,73.1,0,257,22,0,0,0,39.6,17,0,1,2,0,0,
178045,J'Cori Hargon,LB,0,0,,0,0,,JACKSON ST,1,D51,8,8,0,1,1,2027,0,74.3,0,0,60.3,0,0,2,0,0,0,75,0,0,0,0,JACKSON ST,1,0,0,0,,0,0,75.8,,68.9,0,194,8,0,0,0,0,5,0,0,0,0,0,59.5
178071,Jayden Rogers,DI,0,0,,0,0,,SOUTHERN U,0,D67,0,0,0,2,1,2028,8,,0,0,,0,0,0,0,4,0,55.6,0,0,0,0,SOUTHERN U,0,0,0,0,,0,,54.2,,71.2,0,297,8,0,4,0,0,6,0,0,0,0,0,58.8
178077,Joshua Tate,LB,0,0,,0,1,,SOUTHERN U,1,D07,13,13,0,1,1,2026,0,50.9,0,0,55.1,0,0,6,0,0,0,69.1,0,0,0,0,SOUTHERN U,1,0,0,0,,0,33.3,62.5,,69,0,297,13,0,0,0,0,6,1,1,0,0,0,60
178096,Ahmed Muhammad,DI,0,0,,0,0,,BRYANT,0,D15,0,0,0,0,1,2026,1,,0,0,,0,0,0,0,0,0,60,0,0,0,0,BRYANT,0,0,0,0,,0,,53.8,,64.7,0,124,1,0,1,0,0,1,0,0,0,0,0,
178100,Charles Battaglia,LB,2,0,,0,1,100,STHLSK,3,D33,64,64,0,4,1,2027,0,60.8,14,2,66.9,0,1,29,0,0,0,55.4,0,0,0,0,STHLSK,2,0,0,0,11,0,14.3,61,7,76.6,0,1470,64,9,0,0,56.3,31,0,3,0,0,0,54.6
178103,Jamie Buchannan,ED,0,0,,0,0,,STHLSK,0,D58,0,0,0,16,1,2027,43,71.5,0,0,,0,0,0,0,0,0,57.6,0,0,0,0,STHLSK,0,0,0,0,,0,0,57,,78.4,0,1470,43,0,1,0,0,27,0,1,0,0,42,56
178112,Nigel Henderson,CB,7,0,,0,2,85.7,STHLSK,1,D03,49,1,0,0,1,2028,1,26.4,82,6,44.2,0,0,26,0,0,0,65.9,48,0,0,0,STHLSK,0,0,0,0,29,0,66.7,47.1,13.7,76.9,0,1470,50,42,0,0,155.1,24,0,0,0,1,1,
178115,Eric Miles,S,0,0,,0,0,,STHLSK,0,D23,1,0,0,0,1,2028,0,,0,0,60,0,0,1,0,0,0,,0,0,0,0,STHLSK,0,0,0,0,,0,,60,,64.9,0,1470,1,0,0,0,0,0,0,0,1,0,0,
178116,Richard Mosley III,CB,1,0,,0,0,0,STHLSK,4,D08,42,4,0,0,1,2028,0,79.6,0,0,74.4,0,0,24,0,0,0,66.5,38,0,1,0,STHLSK,2,1,0,0,,0,0,70.6,,0,0,1470,42,0,0,1,39.6,18,0,0,0,0,0,
178120,Amare Smith,ED,0,0,,0,0,,STHLSK,0,D30,0,0,0,5,1,2028,5,,0,0,,0,0,0,0,0,0,,0,0,0,0,STHLSK,0,0,0,0,,0,,54.8,,71.8,0,1470,5,0,0,0,0,0,0,0,0,0,5,55.1
178139,Nate Ray,ED,0,0,,0,0,,DELAWARE,0,D89,0,0,0,5,1,2028,5,,0,0,,1,0,0,0,0,0,,0,0,0,0,DELAWARE,0,0,1,0,,0,,63.4,,70.7,0,151,5,0,0,0,0,0,0,0,0,0,5,62.8
178163,Aaron Austin,ED,4,0,,0,0,25,STF AUSTIN,1,D02,2,1,1,21,1,2026,35,75.7,8,1,50.4,0,0,5,0,0,0,69.2,0,0,0,0,STF AUSTIN,1,0,1,0,8,1,0,64.9,8,79.5,0,301,37,10,0,0,39.6,11,0,0,0,0,35,65.7
178169,Elijah Fields,DI,0,0,,0,0,,STF AUSTIN,1,D91,0,0,0,18,1,2028,25,69.7,0,0,60,0,0,1,9,3,0,67.2,0,0,0,0,STF AUSTIN,1,0,0,0,,0,0,62.9,,74.2,0,301,25,0,13,0,0,6,1,0,0,0,0,56.4
178170,Joey Finley,ED,0,0,,0,0,,STF AUSTIN,0,D58,0,0,0,6,1,2027,15,70.8,0,0,,0,0,0,13,0,0,66.8,0,0,0,0,STF AUSTIN,0,0,0,0,,0,0,75.3,,72.5,0,301,15,0,2,0,0,9,0,1,0,0,0,73.7
178173,Tyler Hutcherson,CB,5,0,,0,0,40,STF AUSTIN,1,D27,37,1,0,0,1,2028,0,74.8,45,2,51,0,0,25,0,0,0,62.6,0,0,0,0,STF AUSTIN,0,0,0,0,42,36,0,52.5,22.5,77.6,0,301,37,16,0,0,72.9,12,0,0,0,0,0,
178180,Cole Lemons,S,0,0,,0,0,,STF AUSTIN,0,D89,6,2,0,0,1,2026,0,,0,0,61.3,0,0,3,0,0,0,60,0,0,0,0,STF AUSTIN,0,0,0,0,,2,,61.7,,70.2,0,301,6,0,0,0,0,3,0,0,2,0,0,
178182,Tim Muhammad,ED,1,0,,0,0,0,STF AUSTIN,0,D49,1,0,0,4,1,2028,12,,0,0,66.2,0,1,2,0,0,0,60.5,0,0,0,0,STF AUSTIN,0,0,0,0,,1,,74.4,,76.2,0,301,13,0,0,0,0,7,0,0,0,0,12,66.1
178201,DJ Cerisier,CB,1,0,,0,0,100,DUQUESNE,1,D24,34,1,0,0,1,2028,0,73.5,23,1,57.7,0,0,16,0,0,0,63.4,33,0,0,0,DUQUESNE,0,0,0,0,23,0,0,59.1,23,75,0,155,34,0,0,0,158.3,18,0,0,0,1,0,
178202,Derron Moore,LB,1,0,,0,0,0,DUQUESNE,3,D15,15,15,0,2,1,2028,1,79.5,0,0,62.4,0,0,6,0,1,0,61.5,0,0,0,0,DUQUESNE,2,0,0,0,,0,0,61.8,,72.7,0,155,16,0,0,0,39.6,8,1,1,0,0,0,56.9
178211,Justin Harris,CB,0,0,,0,0,,DUQUESNE,0,D11,14,0,0,0,1,2028,2,,0,0,64.9,0,0,8,0,0,0,61.6,14,0,0,0,DUQUESNE,0,0,0,0,,0,,65.7,,74.6,0,155,16,0,0,0,0,8,0,0,0,0,2,
178221,Luke Miller,LB,1,0,,1,0,0,DUQUESNE,3,D55,24,21,0,0,1,2028,2,80.3,0,0,52.5,0,0,15,0,0,0,87.5,0,1,1,0,DUQUESNE,3,0,1,0,,3,0,69.8,,0,0,155,26,0,0,0,39.6,11,2,2,0,0,2,63.5
178222,Jason Patterson,ED,0,0,,0,0,,DUQUESNE,2,D49,0,0,1,16,1,2028,29,75.1,0,0,,0,0,0,0,0,0,66.9,0,2,1,0,DUQUESNE,2,0,3,0,,0,0,67,,0,0,155,29,0,0,0,0,13,1,0,0,0,29,71.6
178227,Matt Brooks,DI,0,0,,0,0,,DUQUESNE,0,D90,0,0,0,6,1,2028,10,,0,0,,0,0,0,0,0,0,63.4,0,0,0,0,DUQUESNE,0,0,0,0,,0,,62.2,,71,0,155,10,0,10,0,0,4,0,0,0,0,0,57.3
178228,Carlos Ramirez,DI,0,0,,0,0,,DUQUESNE,0,D19,0,0,0,12,1,2025,20,,0,0,,0,0,0,0,0,0,65.7,0,0,0,0,DUQUESNE,0,0,0,0,,0,,66.5,,73.2,0,155,20,0,20,0,0,8,0,0,0,0,0,61.8
178229,Jack Dunkley,ED,0,0,,0,0,,DUQUESNE,0,D92,0,0,1,22,1,2028,41,71.1,0,0,,4,0,0,5,0,0,62.8,0,0,0,1,DUQUESNE,0,0,5,0,,0,,71.8,,76.6,0,155,41,0,0,0,0,19,0,0,0,0,36,73.3
178234,Will Hicks,S,2,0,,0,0,50,HAMPTON,1,D20,33,15,0,0,1,2028,0,76.4,70,1,42.3,0,0,18,0,0,0,63.6,1,0,0,0,HAMPTON,0,0,0,0,70,1,0,47.4,70,74.7,0,178,33,36,0,0,135.4,15,0,0,16,1,0,
178235,Tre Everett III,S,1,0,,0,0,0,HAMPTON,2,D21,27,15,1,3,1,2025,0,81.2,0,0,52.5,0,0,16,0,0,0,79.9,0,0,0,0,HAMPTON,3,0,1,0,,7,0,66.1,,72.3,0,178,27,0,0,0,39.6,8,0,1,5,0,0,67.4
178250,Nathan Reynolds,LB,2,0,,0,1,50,IDAHO ST,5,D07,81,81,0,9,1,2028,3,60.9,15,1,47.4,0,0,37,0,0,1,50.3,0,0,0,0,IDAHO ST,2,0,0,1,15,0,14.3,46.4,15,79.8,0,186,84,1,0,0,75,38,0,1,0,0,3,59
178270,Logan George,ED,0,0,,0,0,,IDAHO ST,3,D46,0,0,1,34,1,2028,63,77.6,0,0,,4,0,0,19,0,0,54.8,0,3,0,0,IDAHO ST,4,0,8,0,,0,0,70.1,,78,0,186,63,0,9,0,0,29,2,1,0,0,35,81.1
178279,Joseph Perez-Garibay,DI,0,0,,0,0,,IDAHO ST,0,D91,0,0,0,7,1,2026,17,,0,0,,0,0,0,0,17,0,57.2,0,0,0,0,IDAHO ST,0,0,0,0,,0,,57.3,,74.8,0,186,17,0,0,0,0,10,0,0,0,0,0,58.9
178282,Malik Richardson,DI,0,0,,0,0,,IDAHO ST,1,D94,0,0,0,8,1,2028,13,70.1,0,0,60,0,0,1,0,12,0,62.6,0,0,0,0,IDAHO ST,0,0,0,0,,0,0,62.2,,73.6,0,186,13,0,1,0,0,4,0,0,0,0,0,57
178291,Joshua Iseah,LB,0,0,,0,0,,NC A&T,0,D03,25,24,0,0,1,2028,0,73.1,0,0,63.4,0,0,11,0,0,0,68.6,0,0,0,0,NC A&T,0,0,0,0,,1,0,68.7,,72.8,0,246,25,0,0,0,0,14,0,1,0,0,0,
178293,Kade Moledor,LB,0,0,,0,1,,NC A&T,5,D33,50,50,0,5,1,2028,0,58.2,0,0,70.6,0,0,16,0,0,0,76,0,0,0,0,NC A&T,4,0,0,0,,0,14.3,76.5,,74.1,0,246,50,0,0,0,0,29,0,1,0,0,0,55.5
178300,Terien George,LB,1,0,,0,0,100,NC A&T,1,D16,44,15,0,0,1,2028,1,79.6,19,1,60.6,0,0,19,0,0,0,70.5,0,0,0,0,NC A&T,0,0,0,0,19,29,0,65.3,19,75.4,0,246,45,20,0,0,118.8,26,0,2,0,0,1,
178308,Kelvin Broadhurst Jr.,DI,0,0,,0,0,,NC A&T,0,D93,0,0,0,14,1,2027,34,70.7,0,0,60,0,0,0,0,26,0,62,0,0,0,0,NC A&T,0,0,0,0,,0,0,61.7,,78.8,0,246,34,0,8,0,0,20,0,2,0,0,0,57.5
178339,Keshawn Harrington-McKinney,DI,0,0,,0,0,,W ILLINOIS,0,D92,0,0,0,3,1,2028,9,,0,0,,0,0,0,0,0,0,34.8,0,0,1,0,W ILLINOIS,0,0,0,0,,0,,26,,0,0,345,9,0,9,0,0,6,0,0,0,0,0,60
178350,Teddy Wilson,S,0,0,,1,1,,E TENN ST,3,D27,32,9,0,3,1,2026,2,44.7,0,0,65.1,0,0,13,0,0,0,62,0,0,0,0,E TENN ST,3,0,0,0,,22,25,63.8,,75.3,0,157,34,0,0,0,0,18,1,0,0,0,2,56.4
178353,Medrick Burnett Jr.,LB,0,0,,0,0,,ALAB A&M,0,D51,3,3,0,0,1,2027,0,,0,0,60.2,0,0,2,0,0,0,60,0,0,0,0,ALAB A&M,0,0,0,0,,0,,62.2,,67.5,0,104,3,0,0,0,0,1,0,0,0,0,0,
178359,Marcellius Johnson,LB,4,0,,0,1,50,GRAMBLING,3,D43,41,39,0,2,1,2027,1,42,42,2,56.7,0,0,19,0,0,0,62.1,0,0,1,0,GRAMBLING,1,0,0,0,32,2,25,52.7,21,0,0,177,42,44,0,1,87.5,21,1,0,0,0,1,57.1
178371,Joe Abill,ED,0,0,,0,0,,MARIST,0,D91,0,0,0,3,1,2027,7,,0,0,,0,0,0,0,0,0,62.3,0,0,0,0,MARIST,0,0,0,0,,0,,61.4,,72,0,213,7,0,0,0,0,4,0,0,0,0,7,57.6
178377,Ronan Casanova,LB,1,0,,0,2,100,MARIST,7,D52,24,23,0,1,1,2028,0,56.1,4,1,68.2,0,0,8,0,0,0,61.7,0,0,0,0,MARIST,3,0,0,0,4,1,20,66.4,4,70,0,213,24,8,0,0,83.3,15,0,1,0,0,0,59.5
178388,James Kratochvil,LB,0,0,,0,0,,MARIST,1,D59,31,30,0,3,1,2028,2,81.9,0,0,64.8,0,0,11,0,0,0,77.4,0,0,0,0,MARIST,1,0,0,0,,1,0,74,,74.2,0,213,33,0,0,0,0,19,0,6,0,0,2,55.6
178391,Jordan Mendoza,ED,0,0,,0,0,,MARIST,0,D97,0,0,0,3,1,2028,7,,0,0,,0,0,0,2,0,0,60.9,0,0,0,0,MARIST,0,0,0,0,,0,,60,,71.5,0,213,7,0,0,0,0,4,0,0,0,0,5,57.6
178401,Kade Werner,S,0,0,,0,0,,MARIST,6,D29,47,37,0,1,1,2028,0,87,0,0,70.5,0,0,23,0,0,0,77.2,0,0,0,0,MARIST,2,0,0,0,,3,0,75.4,,74.3,0,213,47,0,0,0,0,23,0,6,7,0,0,60
178403,Alijah Alexander,ED,0,0,,0,1,,STETSON,3,D05,0,0,0,24,1,2029,54,41,0,0,,1,0,0,12,0,0,40.5,0,0,0,0,STETSON,1,0,1,0,,0,20,43.8,,78.1,0,302,54,0,5,0,0,30,0,1,0,0,37,56
178404,Cooper Aurilia,S,0,0,,0,0,,STETSON,0,D31,5,2,0,0,1,2028,0,,0,0,60.7,0,0,2,0,0,0,60,0,0,0,0,STETSON,0,0,0,0,,0,,62.1,,69,0,302,5,0,0,0,0,3,0,0,3,0,0,
178416,Lumpy DeWeese,S,1,0,,0,2,0,STETSON,7,D21,70,25,0,0,1,2028,1,59.8,0,0,42.7,0,0,26,0,0,0,57.3,1,0,0,0,STETSON,3,0,0,0,,5,20,48.2,,78.9,0,302,71,0,0,0,39.6,45,1,1,39,0,1,
178421,Kyle Elphick,LB,2,0,,0,3,50,STETSON,8,D11,64,64,1,2,1,2028,5,48.4,20,1,53.6,0,0,27,0,0,0,58.7,0,0,0,0,STETSON,4,0,1,0,20,0,23.1,57.4,20,79.5,0,302,69,18,1,0,85.4,40,0,2,0,0,4,68.7
178423,Carter Gaskins,LB,2,0,,0,1,50,STETSON,1,D34,29,26,0,5,1,2028,19,58.2,24,1,54.5,1,0,12,1,0,0,27.8,0,0,0,0,STETSON,0,0,1,0,24,3,25,31.8,24,75.3,0,302,48,3,0,0,93.8,31,0,2,0,0,18,54.2
178435,Andrew Martin,LB,4,0,,0,1,100,STETSON,3,D06,41,38,0,12,1,2028,32,60.4,59,4,49.9,0,0,18,1,0,0,42.9,0,1,1,0,STETSON,1,0,1,0,30,3,20,41.8,14.8,0,0,302,73,46,0,0,118.8,43,0,1,0,0,31,59.8
178439,Gavin Peacock,ED,0,0,,0,1,,STETSON,0,D53,0,0,0,23,1,2027,53,27.8,0,0,60,1,0,0,16,0,0,58,0,0,0,0,STETSON,0,0,1,0,,0,33.3,59.3,,76.4,0,302,53,0,8,0,0,30,0,2,0,0,29,59.4
178441,Jhoel Robinson,LB,0,0,,0,0,,STETSON,3,D51,17,13,0,4,1,2028,10,77.9,0,0,62.3,1,0,5,0,0,0,68.5,1,0,0,0,STETSON,2,0,1,0,,3,0,70.1,,73.5,0,302,27,0,0,0,0,18,0,0,0,0,10,66.3
178444,Marven Simeus,CB,1,0,,0,0,0,STETSON,0,D39,28,1,0,0,1,2027,0,74.2,0,0,79.2,0,0,13,0,0,0,66,26,0,1,0,STETSON,0,0,0,0,,0,0,73.5,,0,0,302,28,0,0,1,39.6,15,0,1,1,0,0,
178455,Steve Albert Jr.,LB,1,0,,1,0,0,TARLETON,2,D25,21,13,0,1,1,2028,0,78.8,0,0,66,0,0,17,0,0,0,74.4,0,0,0,0,TARLETON,0,0,0,0,,5,0,72.2,,72,0,401,21,0,0,0,39.6,3,0,1,3,0,0,59.9
178462,Kasyus Kurns,CB,7,0,,0,0,42.9,TARLETON,5,D02,72,1,0,1,1,2026,0,82.3,52,3,64.5,0,0,43,0,0,0,66.9,69,0,0,0,TARLETON,3,0,0,0,36,2,0,65.2,17.3,77.7,0,401,72,3,0,0,68.8,28,0,2,0,0,0,58.7
178468,AJ Sargent,ED,0,0,,0,0,,TARLETON,0,D23,0,0,0,13,1,2026,24,71.3,0,0,51.4,0,0,5,16,4,0,63.6,0,0,0,0,TARLETON,0,0,0,0,,0,0,53.6,,73.6,0,401,24,0,2,0,0,6,0,1,0,0,2,55
178533,Elijah Jenkins,ED,0,0,,0,0,,ARKAPB,0,D08,10,10,0,9,1,2026,18,73.6,0,0,,0,0,0,0,1,0,70.3,0,0,0,0,ARKAPB,0,0,0,0,,0,0,67.2,,76.7,0,112,28,0,12,0,0,19,0,1,0,0,5,55
178535,Marcus Jones Jr.,LB,0,0,,0,1,,ARKAPB,5,D42,46,43,0,1,1,2026,0,54.4,0,0,56.3,0,0,17,0,0,0,62.6,0,0,0,0,ARKAPB,3,0,0,0,,3,16.7,59.4,,72.4,0,112,46,0,0,0,0,28,0,0,0,0,0,59.7
178540,Abdul Osholake,DI,0,0,,0,0,,ARKAPB,0,D93,0,0,0,3,1,2026,9,,0,0,,0,0,0,0,1,0,66.4,0,0,0,0,ARKAPB,0,0,0,0,,0,,67.1,,70.9,0,112,9,0,8,0,0,6,0,0,0,0,0,59
178549,Jaylen White,LB,3,0,,0,0,33.3,ARKAPB,4,D31,30,27,0,0,1,2027,0,81.1,9,1,59.1,0,0,15,0,0,0,84.1,0,0,0,0,ARKAPB,3,0,0,0,9,3,0,74.9,9,73.5,0,112,30,-1,0,1,42.4,15,1,2,0,0,0,
178550,Shawn Wilson,S,1,0,,0,0,100,ARKAPB,3,D33,28,13,0,0,1,2025,0,79.2,9,1,60.1,0,0,12,0,0,0,63.6,0,0,0,0,ARKAPB,0,0,0,0,9,2,0,61.9,9,75,0,112,28,7,0,0,104.2,16,0,0,13,0,0,
178555,Ejike Brown,ED,0,0,,0,1,,BETH COOK,2,D47,0,0,0,18,1,2028,46,27.4,0,0,,0,0,0,18,0,0,46.4,0,1,0,0,BETH COOK,2,0,1,0,,0,33.3,49.5,,75.8,0,119,46,0,16,0,0,28,1,0,0,0,12,59.6
178560,Jaden Davis,S,1,0,,0,3,100,BETH COOK,4,D28,32,24,0,0,1,2028,0,29.7,7,1,52.3,0,0,10,0,0,0,45.1,0,0,0,0,BETH COOK,1,0,0,0,7,2,37.5,47.5,7,73.8,0,119,32,4,0,0,95.8,22,0,1,6,0,0,
178564,Jeremy Greaves Jr.,ED,0,0,,0,0,,BETH COOK,2,D54,0,0,0,13,1,2028,36,75.2,0,0,,0,0,0,0,0,0,64.4,0,1,0,0,BETH COOK,2,0,1,0,,0,0,68,,79.1,0,119,36,0,0,0,0,23,0,0,0,0,36,67.1
178566,Johnny Harris III,CB,3,0,,0,1,66.7,BETH COOK,2,D08,45,0,0,0,1,2026,2,53.1,26,2,54.8,0,0,18,0,0,0,56.6,45,0,0,0,BETH COOK,0,0,0,0,21,0,33.3,54.8,13,77.1,0,119,47,1,0,0,93.8,29,0,0,0,0,2,
178588,Malik Stinnett,LB,0,0,,0,2,,BETH COOK,3,D59,36,34,0,3,1,2028,0,51,0,0,64.7,0,0,11,0,0,0,68.6,0,0,0,0,BETH COOK,1,0,0,0,,2,22.2,68.5,,74.6,0,119,36,0,0,0,0,22,0,4,0,0,0,56.8
178590,Derrick Thompson,CB,4,0,,0,0,75,BETH COOK,1,D31,28,0,0,0,1,2027,0,78.2,25,3,50.2,0,0,12,0,0,0,70.2,28,0,0,0,BETH COOK,1,0,0,0,14,0,0,54.8,8.3,74.4,0,119,28,3,0,0,130.2,16,0,2,0,1,0,
178597,Champ Brantley,S,1,0,,0,1,100,CHARLES SO,1,D25,23,10,0,0,1,2028,0,54,69,1,49.1,0,0,9,0,0,0,60.1,1,0,0,0,CHARLES SO,1,0,0,0,69,3,33.3,52.8,69,73.4,0,135,23,47,0,0,158.3,14,0,1,9,1,0,
178604,Chandler Perry,S,1,0,,0,1,0,CHARLES SO,3,D13,33,10,0,3,1,2028,7,32.4,0,0,71.3,0,0,14,0,0,0,34.5,5,0,0,0,CHARLES SO,2,0,0,0,,18,25,55,,77,0,135,40,0,0,0,39.6,23,1,0,0,0,7,57
178609,Omari Jenkins,LB,0,0,,0,1,,CHARLES SO,2,D33,7,7,0,1,1,2027,1,41.1,0,0,,0,0,0,0,0,0,66.4,0,0,0,0,CHARLES SO,1,0,0,0,,0,33.3,66.7,,71,0,135,8,0,0,0,0,7,0,0,0,0,1,60
178619,Steve Zayachkowsky,LB,1,0,,0,0,100,CHARLES SO,2,D58,39,36,0,1,1,2028,0,79.1,7,1,58.7,0,0,16,0,0,0,52.7,2,0,0,0,CHARLES SO,0,0,0,0,7,1,0,54.3,7,73,0,135,39,4,0,0,95.8,22,0,2,0,0,0,59.6
178627,Juliuz Walton,ED,1,0,,0,0,100,CHARLES SO,2,D97,3,3,0,8,1,2028,18,75.3,3,1,67.2,0,0,3,2,0,0,62,0,0,0,0,CHARLES SO,2,0,0,0,3,0,0,66.4,3,74.9,0,135,21,1,0,0,79.2,10,0,1,0,0,16,55.3
178635,Freddie Byrd lll,CB,3,0,,0,0,33.3,PRVIEW A&M,4,D03,37,1,0,0,1,2026,0,79.3,4,1,76.6,0,0,30,0,0,0,60.7,34,0,1,0,PRVIEW A&M,1,1,0,0,4,1,0,73.2,4,0,0,270,37,0,0,0,42.4,7,0,0,1,0,0,
178636,Terrell Coleman Jr.,S,5,0,,0,0,60,PRVIEW A&M,5,D22,59,8,0,0,1,2025,0,80.8,31,3,67.6,0,0,46,0,0,0,62.5,4,0,0,0,PRVIEW A&M,3,0,0,0,22,45,0,67.8,10.3,77.3,0,270,59,6,0,0,77.9,13,1,0,1,0,0,
178639,Robert Edmonson,LB,0,0,,1,0,,PRVIEW A&M,2,D43,27,26,1,4,1,2028,2,79.3,0,0,63.9,0,0,12,0,0,0,62.7,0,2,0,0,PRVIEW A&M,2,0,3,0,,0,0,75.9,,74.9,0,270,29,0,0,0,0,13,0,1,0,0,2,87.5
178643,Jayven Jackson,LB,7,0,,0,1,71.4,PRVIEW A&M,3,D45,37,20,0,2,1,2028,1,58.8,26,5,73.5,0,0,30,0,0,0,66.6,0,1,0,0,PRVIEW A&M,0,0,1,0,11,17,16.7,76.1,5.2,75.4,0,270,38,1,0,1,77.1,6,0,2,0,0,1,66.6
178645,Treylan James,S,1,0,,0,0,100,PRVIEW A&M,1,D05,11,3,0,0,1,2028,0,77.4,17,1,58,0,0,8,0,0,0,62,1,0,0,0,PRVIEW A&M,0,0,0,0,17,5,0,59.9,17,71.8,0,270,11,13,0,0,118.8,3,0,1,2,0,0,
178646,Keon Jones,CB,2,0,,0,0,100,PRVIEW A&M,2,D04,21,2,0,0,1,2026,0,78,41,2,52.8,0,0,15,0,0,0,63.7,16,0,0,0,PRVIEW A&M,0,0,0,0,31,1,0,54.7,20.5,74.7,0,270,21,1,0,0,118.8,6,0,1,1,0,0,
178655,Braelen Perry,DI,0,0,,0,0,,PRVIEW A&M,0,D92,0,0,0,9,1,2026,14,70.2,0,0,,0,0,0,0,3,0,43.2,0,0,0,0,PRVIEW A&M,0,0,0,0,,0,0,48.4,,74.5,0,270,14,0,11,0,0,5,0,1,0,0,0,65
178661,Tiago Sumbo,DI,0,0,,0,0,,PRVIEW A&M,0,D94,0,0,0,12,1,2026,17,70.2,0,0,,0,0,0,0,2,0,71,0,0,0,1,PRVIEW A&M,0,0,0,0,,0,0,71.9,,73.1,0,270,17,0,15,0,0,5,0,1,0,0,0,62.9
178662,Tito Chikere,DI,0,0,,0,0,,PRVIEW A&M,0,D96,0,0,0,13,1,2027,15,69.7,0,0,,0,0,0,1,0,0,64.3,0,0,0,0,PRVIEW A&M,0,0,0,0,,0,0,61.4,,72.4,0,270,15,0,14,0,0,2,0,1,0,0,0,55.6
178663,Darren Vasquez,ED,0,0,,0,0,,PRVIEW A&M,3,D36,0,0,0,18,1,2026,24,75.4,0,0,61.3,0,0,0,4,0,0,63.3,0,1,1,0,PRVIEW A&M,2,1,1,0,,0,0,62.9,,0,0,270,24,0,2,0,0,6,0,0,0,0,18,61.9
178669,O'marion Brown,DI,0,0,,0,1,,WOFFORD,2,D90,0,0,0,11,1,2028,27,26.4,0,0,,0,0,0,0,0,0,62.5,0,0,0,0,WOFFORD,2,0,0,0,,0,33.3,60.9,,74.2,0,350,27,0,27,0,0,16,0,0,0,0,0,56.3
178670,Eli Campbell,S,1,0,,0,1,0,WOFFORD,1,D09,28,15,0,1,1,2028,2,37.8,0,0,93.3,0,2,11,0,0,0,63,0,0,0,0,WOFFORD,1,0,0,0,,4,33.3,92.2,,76.3,0,350,30,0,0,0,0,18,0,1,9,0,2,60
178682,J'vion Luster,CB,2,0,,0,0,50,WOFFORD,1,D10,15,0,0,0,1,2028,0,74.2,7,1,64.6,0,0,5,0,0,0,61.1,15,0,0,0,WOFFORD,0,0,0,0,7,0,0,65.5,7,72.2,0,350,15,0,0,0,58.3,10,0,0,0,0,0,
178685,Aiden Morris,LB,0,0,,0,0,,WOFFORD,0,D57,1,1,0,0,1,2028,0,,0,0,,0,0,0,0,0,0,60,0,0,0,0,WOFFORD,0,0,0,0,,0,,61.1,,64.1,0,350,1,0,0,0,0,1,0,0,0,0,0,
178690,Jalen Rambert,LB,0,0,,0,1,,WOFFORD,2,D41,28,28,0,1,1,2029,0,32,0,0,63,0,0,10,0,0,0,44.6,0,0,0,0,WOFFORD,2,0,0,0,,0,33.3,51,,74,0,350,28,0,0,0,0,17,0,0,0,0,0,60
178696,Javario Tinch,LB,0,0,,0,0,,WOFFORD,2,D33,19,12,0,2,1,2028,4,79.4,0,0,62.4,1,0,5,0,0,0,71.3,0,0,0,0,WOFFORD,1,0,1,0,,7,0,74,,72.3,0,350,23,0,0,0,0,16,0,1,0,0,4,70.7
178828,Jaylen Stephens,LB,0,0,,0,0,,DUQUESNE,2,D25,15,14,0,2,1,2026,1,76.1,0,0,62.6,0,0,6,0,0,0,69.5,0,0,0,1,DUQUESNE,0,0,0,0,,1,0,72.1,,70.8,0,155,16,0,0,0,0,8,0,0,0,0,1,67.7
178859,James Bradley,ED,0,0,,0,0,,MS VLY ST,0,D97,0,0,0,1,1,2028,3,,0,0,,0,0,0,0,0,0,60.1,0,0,0,0,MS VLY ST,0,0,0,0,,0,,60.8,,69.1,0,228,3,0,0,0,0,2,0,0,0,0,3,60
178864,Douglas Franklin,LB,0,0,,0,1,,MS VLY ST,2,D32,19,18,0,0,1,2028,2,30.5,0,0,64.5,0,0,6,0,0,0,51.2,0,0,0,0,MS VLY ST,1,0,0,0,,1,33.3,56.6,,72.8,0,228,21,0,0,0,0,15,0,0,0,0,2,
178871,Ejavious Jackson,DI,0,0,,0,0,,MS VLY ST,0,D98,0,0,0,8,1,2027,25,70.2,0,0,,0,0,0,2,7,0,64.6,0,0,1,0,MS VLY ST,0,0,0,0,,0,0,56.6,,0,0,228,25,0,16,0,0,17,0,1,0,0,0,57.6
178880,Tyson Pirtle,DI,0,0,,0,0,,MS VLY ST,0,D94,0,0,0,5,1,2027,11,,0,0,,0,0,0,1,0,0,50.2,0,0,0,0,MS VLY ST,0,0,0,0,,0,,48.4,,71.1,0,228,11,0,10,0,0,6,0,0,0,0,0,57.4
178956,Koda Canady,ED,0,0,,0,0,,LAMAR,1,D55,1,0,0,9,1,2028,16,73,0,0,60.2,4,0,2,0,0,0,66.4,0,0,0,0,LAMAR,1,0,4,0,,1,0,82.6,,76.5,0,204,17,0,0,0,0,6,0,0,0,0,16,83.4
178958,Peyton Christian,DI,0,0,,0,1,,LAMAR,2,D98,0,0,1,13,1,2028,26,46,0,0,,1,0,0,2,14,0,77.1,0,0,0,0,LAMAR,3,0,2,0,,0,25,81.5,,75.8,0,204,26,0,10,0,0,13,0,1,0,0,0,72.3
178960,Mar Mar Evans,S,2,0,,0,0,50,LAMAR,3,D09,16,16,0,0,1,2029,0,78.9,1,1,62.2,0,0,9,0,0,0,73.1,0,0,0,0,LAMAR,3,0,0,0,1,0,0,69.9,1,69.8,0,204,16,0,0,1,56.3,7,0,0,0,0,0,
178968,Royce Maloles,ED,0,0,,0,1,,LAMAR,1,D35,0,0,0,22,1,2028,32,29.1,0,0,,0,0,0,9,0,0,62.6,0,0,0,0,LAMAR,1,0,0,0,,0,50,67.7,,75.8,0,204,32,0,6,0,0,10,0,0,0,0,17,67.1
178980,Kei'Trone Simpson,ED,0,0,,0,0,,LAMAR,1,D45,0,0,0,13,1,2028,24,71.5,0,0,,1,0,0,7,0,0,80.1,0,0,0,0,LAMAR,1,0,1,0,,0,0,80.6,,74.6,0,204,24,0,6,0,0,11,0,0,0,0,11,66.1
178981,Alex Sumler,ED,0,0,,0,1,,LAMAR,1,D91,0,0,0,9,1,2029,12,29.9,0,0,60,2,0,0,2,0,0,60.1,0,0,0,0,LAMAR,1,0,2,0,,0,50,57.2,,73,0,204,12,0,0,0,0,3,0,0,0,0,10,54.7
178991,Mikey Allen,CB,0,0,,0,1,,SO UTAH,1,D20,7,1,0,0,1,2029,0,28.3,0,0,55.9,0,0,5,0,0,0,60,6,0,0,0,SO UTAH,0,0,0,0,,0,50,55.8,,69,0,298,7,0,0,0,0,2,0,0,0,0,0,
179001,Shyne Johnson,CB,3,0,,0,2,66.7,SO UTAH,2,D34,39,0,0,0,1,2028,0,29.2,51,2,57.6,0,0,26,0,0,0,62.2,1,0,0,0,SO UTAH,0,0,0,0,43,38,40,58.4,25.5,77.6,0,298,39,36,0,0,109.7,13,0,1,0,0,0,
179004,Cooper LeDuc,CB,0,0,,0,0,,SO UTAH,2,D24,12,0,0,0,1,2027,2,78,0,0,67.2,0,0,10,0,0,0,60,0,0,0,0,SO UTAH,0,0,0,0,,11,0,67.7,,75.2,0,298,14,0,0,0,0,4,0,0,1,0,2,
179019,Mason Stromstad,LB,0,0,,0,0,,SO UTAH,1,D53,14,9,0,3,1,2028,5,75.3,0,0,63.5,0,0,7,0,0,0,70.8,0,0,0,0,SO UTAH,1,0,0,0,,5,0,69,,73.7,0,298,19,0,0,0,0,9,0,1,0,0,5,58.4
179022,Vertonio Weatherton,DI,0,0,,0,0,,SO UTAH,0,D48,0,0,0,5,1,2029,7,,0,0,,0,0,0,0,0,0,60,0,0,0,0,SO UTAH,0,0,0,0,,0,,60.3,,70,0,298,7,0,7,0,0,2,0,0,0,0,0,58.9
179054,Omari Davis,ED,0,0,,0,0,,SCAR STATE,1,D59,0,0,0,7,1,2029,19,73.7,0,0,,0,0,0,2,0,0,67.3,0,0,0,0,SCAR STATE,0,0,0,0,,0,0,63.6,,74.9,0,290,19,0,0,0,0,12,0,1,0,0,17,54.6
179056,Jordan Franklin,LB,0,0,,0,0,,SCAR STATE,0,D48,5,4,0,0,1,2029,0,,0,0,60,0,0,1,0,0,0,64,0,0,0,0,SCAR STATE,0,0,0,0,,1,,65.4,,69.1,0,290,5,0,0,0,0,4,0,0,0,0,0,
179071,Sedrick Smith,DI,0,0,,0,0,,ALAB A&M,1,D91,0,0,0,8,1,2028,16,69.7,0,0,,0,0,0,0,0,0,74.7,0,0,0,0,ALAB A&M,1,0,0,0,,0,0,71.9,,72.5,0,104,16,0,16,0,0,8,0,0,0,0,0,56.8
180420,William Johnson III,S,2,0,,0,1,100,HOUCHR,2,D13,25,17,0,0,1,2025,7,38.5,82,2,29.6,0,0,12,0,0,0,48.4,0,0,0,0,HOUCHR,0,0,0,0,53,1,33.3,30.2,41,74.6,0,183,32,25,0,0,158.3,20,0,0,7,2,7,
180963,Wesley Scott,LB,0,0,,0,0,,W CAROLINA,2,D20,19,19,0,2,1,2025,1,76.3,0,0,61.1,0,0,4,0,0,0,46.2,0,0,0,0,W CAROLINA,0,0,0,0,,0,0,48.3,,72.8,0,344,20,0,0,0,0,14,0,0,0,0,1,56.6
181145,Joseph Bakhole,ED,0,0,,0,0,,CHATTNOOGA,1,D10,0,0,0,13,1,2026,24,75.2,0,0,60,0,0,0,0,0,0,61.5,0,1,0,0,CHATTNOOGA,1,0,1,0,,0,0,66.9,,77.4,0,137,24,0,2,0,0,11,0,1,0,0,22,65.9
181183,Arenza Davis,ED,0,0,,0,0,,ALAB A&M,3,D92,0,0,0,17,1,2030,50,77.1,0,0,60,1,0,1,0,0,0,72.8,0,0,0,0,ALAB A&M,3,0,1,0,,0,0,70.7,,79.3,0,104,50,0,1,0,0,32,2,1,0,0,49,59.7
181250,Jy Martin,S,0,0,,0,0,,N DAKOTA,0,D04,2,2,0,0,1,2027,0,,0,0,,0,0,0,0,0,0,60,0,0,0,0,N DAKOTA,0,0,0,0,,0,,60.1,,64.7,0,249,2,0,0,0,0,2,0,0,0,0,0,
181272,Avery Scott,CB,2,0,,0,0,100,N DAKOTA,0,D28,27,5,0,0,1,2027,0,,15,2,82.6,0,1,13,0,0,0,46.7,0,0,0,0,N DAKOTA,0,0,0,0,11,22,,74.8,7.5,75,0,249,27,8,0,0,58.3,14,0,0,0,0,0,
182275,Tizlam Muhammad,DI,0,0,,0,0,,ROB MORRIS,2,D58,0,0,1,13,1,2025,20,73.4,0,0,61.5,0,0,0,4,0,0,67.7,0,1,0,0,ROB MORRIS,3,0,2,0,,0,0,73.3,,72.9,0,277,20,0,16,0,0,7,0,0,0,0,0,64.9
182294,Brandon Myers,DI,0,0,,0,0,,SAN DIEGO,2,D78,0,0,0,6,1,2027,21,73.8,0,0,,0,0,0,17,0,0,58.4,0,0,0,0,SAN DIEGO,1,0,0,0,,0,0,56.8,,72.8,0,283,21,0,4,0,0,15,0,0,0,0,0,55.8
182297,Shayden Molina,DI,0,0,,0,0,,SAN DIEGO,0,D92,0,0,0,2,1,2025,11,,0,0,,0,0,0,8,0,0,64.9,0,0,0,0,SAN DIEGO,0,0,0,0,,0,,64.3,,70.1,0,283,11,0,3,0,0,9,0,0,0,0,0,57.6
182314,Ty Rawls,S,2,0,,0,1,50,TARLETON,2,D06,58,7,0,2,1,2026,8,32.2,16,1,61.6,0,0,39,0,0,0,75.4,2,0,0,0,TARLETON,2,0,0,0,16,48,33.3,65.8,16,80.2,0,401,66,2,0,0,77.1,25,0,0,1,0,8,58.6
182317,Charles Perkins,ED,0,0,,0,0,,TARLETON,2,D56,0,0,0,24,1,2025,47,75,0,0,60,0,0,1,29,0,0,73.5,0,1,0,0,TARLETON,1,0,1,0,,0,0,69.4,,75.2,0,401,47,0,8,0,0,22,1,1,0,0,10,59.3
182321,Deonte Bryant,ED,0,0,,0,0,,TARLETON,0,D46,0,0,0,5,1,2025,5,,0,0,,0,0,0,0,0,0,,0,0,0,0,TARLETON,0,0,0,0,,0,,56.8,,70.7,0,401,5,0,0,0,0,0,0,0,0,0,5,56.7
182326,D.J. Estes,S,0,0,,0,0,,NC CENT,0,D29,4,1,0,0,1,2028,0,,0,0,61.5,0,0,3,0,0,0,60,0,0,0,0,NC CENT,0,0,0,0,,3,,62.5,,69.1,0,247,4,0,0,0,0,1,0,0,0,0,0,
182682,Thurman Rayborn,DI,0,0,,0,0,,TEXAS STHN,2,D95,0,0,0,6,1,2027,23,72.2,0,0,,0,0,0,0,1,0,60.6,0,0,0,0,TEXAS STHN,2,0,0,0,,0,0,60,,74,0,313,23,0,22,0,0,17,0,0,0,0,0,57.4
182707,Amechi Ofili,ED,0,0,,0,0,,TARLETON,0,D36,0,0,0,7,1,2028,16,,0,0,61.2,0,0,3,0,0,0,60.4,0,0,0,0,TARLETON,0,0,0,0,,0,,59.2,,75.8,0,401,16,0,0,0,0,6,0,0,0,0,16,55.8
182711,Mario Keanon,DI,0,0,,0,0,,DELWARE ST,0,D54,0,0,0,3,1,2026,9,,0,0,,0,0,0,0,5,0,61.4,0,0,0,0,DELWARE ST,0,0,0,0,,0,,61.9,,71.8,0,152,9,0,4,0,0,6,0,0,0,0,0,59.3
182861,David Loch,LB,1,0,,0,2,100,SAN DIEGO,5,D58,62,61,0,1,1,2028,0,64.8,3,1,72.2,1,0,19,0,0,0,77.4,0,0,0,0,SAN DIEGO,3,0,1,0,3,0,16.7,79.4,3,78,0,283,62,-1,0,0,79.2,42,0,5,0,0,0,59.3
182862,James Gardner Jr.,ED,0,0,,0,2,,FL A&M,3,D94,0,0,0,15,1,2026,35,32.1,0,0,,1,0,0,2,0,0,64.1,0,0,0,0,FL A&M,2,0,1,0,,0,40,63.2,,77.6,0,164,35,0,0,0,0,20,0,0,0,0,33,58.7
182907,Tramaine Chism,DI,0,0,,0,0,,TARLETON,0,D92,0,0,0,18,1,2026,38,69.7,0,0,,0,0,0,0,15,0,67.8,0,0,1,0,TARLETON,0,0,0,0,,0,0,58.9,,0,0,401,38,0,23,0,0,20,0,1,0,0,0,55.8
182936,Jordan Dollard,ED,0,0,,0,0,,SCAR STATE,0,D40,0,0,1,11,1,2029,22,73,0,0,,0,0,0,1,1,0,66.7,0,0,1,0,SCAR STATE,0,0,1,0,,0,,58.1,,0,0,290,22,0,10,0,0,11,0,0,0,0,10,60.4
182937,Hunter Puckett,ED,0,0,,0,1,,SCAR STATE,0,D42,0,0,0,3,1,2029,9,18.2,0,0,,0,0,0,2,0,0,53.1,0,1,0,0,SCAR STATE,0,0,1,0,,0,100,51,,72.3,0,290,9,0,1,0,0,6,0,0,0,0,6,57.1
182974,C.J. Coombes,S,1,0,,0,0,100,WOFFORD,10,D18,49,24,0,0,1,2028,0,87.3,3,1,71.3,0,0,21,0,0,0,76.4,0,0,0,0,WOFFORD,3,0,0,0,3,6,0,74.8,3,76.1,0,350,49,0,0,0,79.2,28,0,1,18,0,0,
182995,Reiss Vickers,CB,1,0,,0,1,0,TXAMEA,0,D29,10,4,0,0,1,2027,0,20.7,0,0,64,0,0,7,0,0,0,48.6,6,0,0,0,TXAMEA,0,0,0,0,,0,100,55.1,,69.9,0,1139,10,0,0,0,39.6,3,0,0,0,0,0,
183007,Sean Scheck,DI,0,0,,0,0,,SAN DIEGO,0,D76,0,0,0,5,1,2028,13,,0,0,,0,0,0,10,0,0,61.9,0,1,0,0,SAN DIEGO,0,0,1,0,,0,,60.5,,71.6,0,283,13,0,3,0,0,8,0,0,0,0,0,57.1
185028,Makur Abram,ED,0,0,,0,0,,N COLORADO,0,D52,4,4,0,7,1,2029,14,,0,0,49.7,1,0,3,1,0,0,55.6,0,0,0,0,N COLORADO,0,0,1,0,,0,,45.3,,76,0,253,18,0,1,0,0,8,0,0,0,0,12,57
185083,Amarian Hunter,ED,1,0,,0,0,100,SACRAMENTO,0,D34,0,0,0,4,1,2026,10,,6,1,60,0,0,1,0,0,0,61.2,0,0,0,0,SACRAMENTO,0,0,0,0,6,0,,59.7,6,74.1,0,279,10,0,0,0,91.7,5,0,0,0,0,10,56.5
185090,Jayland McGlothen,DI,0,0,,0,0,,SACRAMENTO,3,D58,0,0,0,8,1,2029,16,73.8,0,0,,0,0,0,0,4,0,81.6,0,0,0,0,SACRAMENTO,1,0,0,0,,0,0,78.5,,74,0,279,16,0,12,0,0,8,0,0,0,0,0,56.7
185137,Mylan Bowen,ED,0,0,,0,0,,CHARLES SO,0,D44,1,0,0,1,1,2029,4,,0,0,61.1,1,0,2,1,0,0,60,1,0,0,0,CHARLES SO,0,0,1,0,,0,,61.3,,71.4,0,135,5,0,0,0,0,2,0,0,0,0,3,59.1
185147,Shamar Hall,S,0,0,,0,0,,CHARLES SO,0,D37,4,2,0,0,1,2028,0,,0,0,60,0,0,1,0,0,0,60,0,0,0,0,CHARLES SO,0,0,0,0,,2,,61.4,,67,0,135,4,0,0,0,0,3,0,0,0,0,0,
185149,Kason Hooks,CB,2,0,,0,2,50,CHARLES SO,1,D34,34,7,0,0,1,2029,0,23.7,4,1,61,0,0,13,0,0,0,36,23,0,0,0,CHARLES SO,1,0,0,0,4,4,66.7,51.9,4,74.9,0,135,34,1,0,0,56.3,21,0,0,0,0,0,
185156,Dylan Manuel,DI,0,0,,0,0,,CHARLES SO,2,D95,0,0,1,11,1,2029,19,73.9,0,0,,1,0,0,5,3,0,75.5,0,0,0,0,CHARLES SO,3,0,2,0,,0,0,86.7,,73.2,0,135,19,0,11,0,0,8,1,0,0,0,0,79.5
185161,Ja'Kobe North,CB,5,0,,0,1,60,CHARLES SO,3,D24,55,10,0,0,1,2025,0,48.4,50,3,73.5,0,0,22,0,0,0,56.4,42,0,0,0,CHARLES SO,0,0,0,0,21,3,25,69.7,16.7,76.4,0,135,55,14,0,1,93.8,33,0,0,0,0,0,
185178,Robert Holtz,ED,0,0,,0,0,,GARD-WEBB,1,D08,0,0,3,59,1,2026,83,75.8,0,0,60,1,0,1,1,12,0,66.9,0,0,0,0,GARD-WEBB,3,0,4,0,,0,0,63.8,,80,0,171,83,0,1,0,0,23,0,0,0,0,69,59.8
185183,PK Ackah-Yensu,ED,1,0,,0,0,0,ROB MORRIS,1,D09,0,0,1,25,1,2028,45,75.1,0,0,60,0,0,1,8,0,0,68.7,0,3,0,0,ROB MORRIS,2,0,4,0,,0,0,66.2,,77.6,0,277,45,0,0,0,39.6,19,0,1,0,0,37,59.7
185197,David Johnson,DI,0,0,,0,0,,ROB MORRIS,0,D51,0,0,0,3,1,2029,6,69.7,0,0,,0,0,0,0,0,0,62.3,0,0,0,0,ROB MORRIS,0,0,0,0,,0,0,62.8,,69.5,0,277,6,0,6,0,0,3,0,1,0,0,0,59.4
185205,Turner Schmidt,ED,0,0,,0,0,,ROB MORRIS,0,D89,0,0,0,16,1,2029,24,,0,0,60,0,0,1,8,0,0,63.5,0,2,0,0,ROB MORRIS,0,0,2,0,,0,,60.5,,75.1,0,277,24,0,0,0,0,7,0,0,0,0,16,57
185245,Brycen Scott,CB,3,0,,0,0,33.3,ELON,1,D33,51,1,0,0,1,2029,0,74.2,6,1,41.8,0,0,21,0,0,0,64.3,43,0,3,0,ELON,1,0,0,0,6,6,0,41.6,6,0,0,162,51,0,0,0,81.9,30,0,0,1,1,0,
185257,Jaedin Lee,DI,0,0,,0,0,,MAINE,0,D90,0,0,0,0,1,2029,2,,0,0,,0,0,0,0,0,0,60.9,0,0,0,0,MAINE,0,0,0,0,,0,,62.9,,66.6,0,212,2,0,2,0,0,2,0,0,0,0,0,
185269,Joe Loiseau,DI,0,0,,0,0,,MONMOUTH,1,D99,0,0,0,9,1,2025,20,70.2,0,0,,0,0,0,0,0,0,56.9,0,0,0,0,MONMOUTH,1,0,0,0,,0,0,56.1,,73.4,0,231,20,0,20,0,0,11,0,0,0,0,0,57.1
185273,Lee Bruner IV,S,0,0,,0,0,,RICHMOND,1,D19,17,6,0,0,1,2029,0,75.3,0,0,62.4,0,0,7,0,0,0,64.1,0,0,0,0,RICHMOND,0,0,0,0,,0,0,64.6,,71.7,0,276,17,0,0,0,0,10,0,0,11,0,0,
185285,Braxton Lassiter,DI,0,0,,0,0,,RICHMOND,2,D90,0,0,0,7,1,2029,17,73.4,0,0,,1,0,0,1,0,0,72,0,1,0,0,RICHMOND,2,0,2,0,,0,0,73.8,,72.6,0,276,17,0,16,0,0,10,0,1,0,0,0,64
185291,Kyree Richardson,CB,0,0,,0,0,,RICHMOND,1,D13,3,0,0,0,1,2029,0,74.2,0,0,,0,0,0,0,0,0,63.2,3,0,0,0,RICHMOND,1,0,0,0,,0,0,63.2,,67.2,0,276,3,0,0,0,0,3,0,0,0,0,0,
185292,Peyton Seelmann,LB,0,0,,0,1,,RICHMOND,3,D25,17,13,0,1,1,2029,1,61.4,0,0,62.6,0,0,6,0,0,0,79.1,0,0,0,0,RICHMOND,3,0,0,0,,4,20,75.1,,73.6,0,276,18,0,0,0,0,11,0,1,0,0,1,59.5
185293,Daniel Sellers,ED,0,0,,0,0,,RICHMOND,0,D47,0,0,0,3,1,2029,8,,0,0,,0,0,0,0,0,0,65.6,0,1,1,0,RICHMOND,0,0,1,0,,0,,57.6,,0,0,276,8,0,0,0,0,5,0,0,0,0,8,67.3
185295,Zakaa Brown,CB,2,0,,0,0,100,TOWSON,2,D32,8,0,0,0,1,2029,0,76.6,47,2,47.2,0,0,4,0,0,0,60,8,0,0,0,TOWSON,0,0,0,0,41,0,0,46.8,23.5,70.3,0,317,8,2,0,0,118.8,4,0,0,0,0,0,
185299,Branson Peters,LB,0,0,,0,0,,TOWSON,0,D06,11,11,0,2,1,2026,0,,0,0,61.8,0,0,6,0,0,0,62.8,0,0,0,0,TOWSON,0,0,0,0,,0,,62.3,,71.7,0,317,11,0,0,0,0,3,0,0,0,0,0,56.2
185300,Jasin Shiggs,S,1,0,,0,0,100,TOWSON,1,D28,20,13,0,0,1,2029,0,76.2,9,1,55.9,0,0,18,0,0,0,60,0,0,0,0,TOWSON,0,0,0,0,9,0,0,56.5,9,72,0,317,20,6,0,0,104.2,2,0,0,7,0,0,
185305,Harrison Johnson,LB,0,0,,0,0,,WM & MARY,0,D59,3,3,0,0,1,2029,0,,0,0,,0,0,0,0,0,0,60,0,0,0,0,WM & MARY,0,0,0,0,,0,,61,,65.1,0,348,3,0,0,0,0,3,0,0,0,0,0,
185316,Cayden Trotter,S,0,0,,0,0,,WM & MARY,0,D24,3,2,0,0,1,2029,0,,0,0,,0,0,0,0,0,0,60,0,0,0,0,WM & MARY,0,0,0,0,,0,,60,,68,0,348,3,0,0,0,0,3,0,0,1,0,0,
185326,Trace Scott III,ED,0,0,,0,0,,DELAWARE,0,D33,0,0,0,10,1,2029,13,,0,0,,1,0,0,3,0,0,60.4,0,0,0,0,DELAWARE,0,0,1,0,,0,,55.9,,72.7,0,151,13,0,1,0,0,3,0,0,0,0,9,54.6
185349,Adrian Rufo,ED,0,0,,0,0,,MERRIMACK,0,D19,0,0,0,3,1,2028,4,,0,0,,0,0,0,0,0,0,60,0,0,0,0,MERRIMACK,0,0,0,0,,0,,57.4,,70.2,0,385,4,0,0,0,0,1,0,0,0,0,4,57.2
185357,Ty Cortes,S,0,0,,0,0,,PENN,0,D37,3,3,0,0,1,2029,0,,0,0,,0,0,0,0,0,0,60,0,0,0,0,PENN,0,0,0,0,,0,,60,,65.7,0,267,3,0,0,0,0,3,0,0,0,0,0,
185366,Connor Martin,ED,0,0,,0,0,,PENN,0,D81,0,0,0,0,1,2029,8,,0,0,,0,0,0,1,0,0,67.1,0,0,0,0,PENN,0,0,0,0,,0,,69.3,,72.5,0,267,8,0,0,0,0,8,0,0,0,0,7,
185368,David McMorris,ED,0,0,,0,1,,PENN,0,D98,0,0,0,17,1,2028,43,23.9,0,0,60,2,0,1,7,0,0,68.6,0,0,0,0,PENN,0,0,2,0,,0,100,72.3,,77,0,267,43,0,1,0,0,25,0,0,0,0,35,69.4
185404,Kymari Latney,CB,0,0,,0,1,,SACR HEART,0,D09,10,1,0,0,1,2029,0,21.7,0,0,64.3,0,0,7,0,0,0,48.3,9,0,0,0,SACR HEART,0,0,0,0,,0,100,55.8,,70.5,0,280,10,0,0,0,0,3,0,0,0,0,0,
185444,Breylan Thompson,CB,0,0,,0,1,,YALE,1,D12,54,7,0,2,1,2029,2,28.3,0,0,61.3,0,0,27,0,0,0,69,45,0,1,0,YALE,1,0,0,0,,1,50,63.8,,76.4,0,352,56,0,0,0,0,27,0,0,1,0,2,59.4
185498,Elijah Coker,WR,0,0,,0,0,,INDIANA ST,0,84,1,0,0,0,1,2028,0,,0,0,,0,0,0,0,0,0,60,0,0,0,0,INDIANA ST,0,0,0,0,,0,,60,,73.9,0,191,1,0,0,0,0,1,0,0,0,0,0,
185507,Brandon Vines,CB,0,0,,0,0,,MO STATE,0,D08,1,0,0,0,1,2026,0,,0,0,60,0,0,1,0,0,0,,1,0,0,0,MO STATE,0,0,0,0,,0,,60.2,,63.5,0,230,1,0,0,0,0,0,0,0,0,0,0,
185518,Jashawn Cooper,LB,0,0,,0,0,,MO STATE,1,D21,10,9,0,0,1,2029,0,73.1,0,0,63,0,0,5,0,0,0,49.1,0,0,0,0,MO STATE,1,0,0,0,,1,0,55.2,,68.8,0,230,10,0,0,0,0,5,0,0,0,0,0,
185533,Keithan Gooden,S,3,0,,0,0,66.7,MORGAN ST,3,D12,34,13,0,0,1,2027,0,79.7,9,2,70.3,0,0,18,0,0,0,74.1,0,0,0,0,MORGAN ST,3,0,0,0,5,9,0,74.3,4.5,73.9,0,235,34,8,0,0,70.1,16,0,1,12,0,0,
185536,Riley Gerhardt,ED,0,0,,0,0,,N DAKOTA,1,D50,0,0,0,1,1,2025,10,75.2,0,0,,0,0,0,0,0,0,67.6,0,0,0,0,N DAKOTA,0,0,0,0,,0,0,69,,74.2,0,249,10,0,0,0,0,9,0,1,0,0,10,60
185543,Donovan Woolen,CB,2,0,,0,0,50,N DAK ST,2,D51,39,11,0,1,1,2029,2,77.8,28,1,68.3,0,0,21,0,0,0,71.6,0,0,0,0,N DAK ST,1,0,0,0,28,28,0,70.8,28,76.4,0,250,41,3,0,1,95.8,19,0,0,0,0,2,57.8
185545,Nate Ewell,LB,2,0,,0,0,100,S DAKOTA,7,D00,46,39,0,1,1,2026,3,82.3,3,2,77.6,1,0,20,0,0,0,64.1,0,0,0,0,S DAKOTA,6,0,1,0,4,7,0,76,1.5,75.1,0,291,49,3,0,0,79.2,28,2,1,0,0,3,61.9
185550,Tyler Bukur,DI,0,0,,0,0,,YNGTOWN ST,0,D97,0,0,0,10,1,2025,16,,0,0,,0,0,0,0,1,0,63.6,0,0,0,0,YNGTOWN ST,0,0,0,0,,0,,62.1,,73.2,0,353,16,0,15,0,0,6,0,0,0,0,0,57.7
185574,Trevor Romaldo,S,0,0,,0,0,,MURRAY ST,0,D36,1,0,0,0,1,2027,0,,0,0,,0,0,0,0,0,0,60,0,0,0,0,MURRAY ST,0,0,0,0,,0,,60,,60,0,236,1,0,0,0,0,1,0,0,0,0,0,
185579,Jeremiah Baxter,CB,0,0,,0,0,,S ILLINOIS,0,D17,1,0,0,0,1,2025,0,,0,0,,0,0,0,0,0,0,60,1,0,0,0,S ILLINOIS,0,0,0,0,,0,,60,,63.5,0,295,1,0,0,0,0,1,0,0,0,0,0,
185609,D.J. Galva,CB,0,0,,0,0,,E KENTUCKY,0,D34,2,0,0,0,1,2027,0,,0,0,60,0,0,1,0,0,0,60,2,0,0,0,E KENTUCKY,0,0,0,0,,0,,60.8,,65.6,0,159,2,0,0,0,0,1,0,0,0,0,0,
185622,Kaden Smith,LB,2,0,,0,0,50,E KENTUCKY,4,D48,20,20,0,2,1,2031,2,79.3,4,1,63.1,0,0,14,0,0,0,61.3,0,0,0,0,E KENTUCKY,2,0,0,0,4,0,0,63.2,4,75.1,0,159,22,6,0,0,56.3,6,0,0,0,0,2,58.6
185623,Braden Sullivan,LB,0,0,,0,1,,E KENTUCKY,3,D39,58,54,0,1,1,2029,0,56,0,0,69.4,0,0,36,0,0,0,39.5,0,0,0,0,E KENTUCKY,0,0,0,0,,4,25,58.1,,76,0,159,58,0,0,1,0,21,0,0,0,0,0,59.4
185646,Isaac Saffold,ED,0,0,,0,1,,GEORGETOWN,0,D90,0,0,0,24,1,2029,41,29.9,0,0,,1,0,0,8,0,0,72.7,0,0,0,0,GEORGETOWN,0,0,1,0,,0,50,70.4,,76.7,0,172,41,0,0,0,0,17,0,1,0,0,33,62.1
185657,Ryan Gadson,CB,3,0,,0,1,100,LAFAYETTE,2,D23,14,1,0,0,1,2029,0,37.7,20,3,49.8,0,0,5,0,0,0,60.8,13,0,0,0,LAFAYETTE,0,0,0,0,8,0,33.3,50.6,6.7,71.6,0,203,14,7,0,0,94.4,9,0,0,0,0,0,
185663,Xavier Johnson,CB,2,0,,0,1,100,LAFAYETTE,3,D28,27,2,0,0,1,2029,2,54.3,11,2,60.7,0,0,12,0,0,0,61.2,23,0,0,0,LAFAYETTE,1,0,0,0,6,0,20,61.2,5.5,75.2,0,203,29,0,0,0,89.6,17,0,1,2,0,2,
185673,Dominic Selvitelli,DI,0,0,,0,0,,LAFAYETTE,1,D98,0,0,0,8,1,2029,23,73.1,0,0,,0,0,0,9,2,0,73.3,0,0,0,0,LAFAYETTE,1,0,0,0,,0,0,75.5,,73.6,0,203,23,0,12,0,0,15,0,1,0,0,0,65.7
185685,Vincent Cordoba,WR,0,0,,0,0,,LEHIGH,0,18,1,0,0,0,1,2028,0,,0,0,,0,0,0,0,0,0,60,0,0,0,0,LEHIGH,0,0,0,0,,0,,60,,60,0,205,1,0,0,0,0,1,0,0,0,0,0,
185687,Matt D'Avino,WR,0,0,,0,0,,LEHIGH,0,80,1,0,0,0,1,2029,0,,0,0,,0,0,0,0,0,0,60,0,0,0,0,LEHIGH,0,0,0,0,,0,,60,,60,0,205,1,0,0,0,0,1,0,0,0,0,0,
185697,Bryce Izundu,ED,1,0,,0,0,100,LEHIGH,2,D52,4,1,0,12,1,2028,15,76.5,4,1,65.3,0,0,3,0,0,0,54.6,0,0,0,0,LEHIGH,2,0,0,0,4,2,0,57.9,4,77.5,0,205,19,9,0,0,83.3,4,0,0,0,0,15,55
185711,Mekhai Smith,S,3,0,,0,2,66.7,LEHIGH,4,D22,36,13,0,1,1,2029,0,35.6,21,2,49.5,0,0,24,0,0,0,74.7,0,0,0,0,LEHIGH,2,0,0,0,17,3,33.3,57.4,10.5,73.9,0,205,36,8,0,0,86.8,11,0,0,19,0,0,60
185713,Ignatious Williams,CB,0,0,,0,0,,LEHIGH,0,D17,1,0,0,0,1,2029,0,,0,0,,0,0,0,0,0,0,60,0,0,0,0,LEHIGH,0,0,0,0,,0,,60,,60,0,205,1,0,0,0,0,1,0,0,0,0,0,
185719,Zachary Betts,ED,0,0,,0,0,,ST FRANCIS,3,D58,0,0,0,10,1,2029,17,76.3,0,0,70.5,1,0,1,0,0,0,70.3,0,1,0,0,ST FRANCIS,3,0,2,0,,0,0,80.6,,76.1,0,299,17,0,0,0,0,6,1,0,0,0,17,67
185721,Mekhi Butler,CB,6,0,,0,0,33.3,ST FRANCIS,2,D22,38,10,0,0,1,2029,0,78.2,50,2,51.1,0,0,20,0,0,0,64.1,28,0,1,0,ST FRANCIS,0,0,0,0,42,0,0,53.5,25,74.1,0,299,38,10,0,1,64.6,18,0,1,0,0,0,
185723,Geno Calgaro,LB,4,0,,0,0,75,ST FRANCIS,6,D30,70,49,0,1,1,2029,0,84,40,3,61.8,1,0,37,0,0,0,73.2,0,0,0,0,ST FRANCIS,3,0,1,0,26,21,0,68.7,13.3,74.2,0,299,70,15,0,0,106.3,32,2,2,0,0,0,68.2
185728,Kendric Council,ED,1,0,,0,0,0,ST FRANCIS,3,D36,0,0,0,16,1,2028,45,77.5,0,0,68.5,0,0,0,0,0,0,72.8,0,0,0,1,ST FRANCIS,2,0,0,0,,0,0,78.1,,80.2,0,299,45,0,0,1,39.6,29,0,1,0,0,45,60.9
185752,Malikai Nichols,CB,2,0,,0,0,50,ST FRANCIS,1,D48,9,0,0,0,1,2030,2,73.5,8,1,62,0,0,5,0,0,0,60,9,0,0,0,ST FRANCIS,0,0,0,0,8,0,0,62.8,8,73.8,0,299,11,9,0,0,60.4,6,0,0,0,0,2,
185758,Mekhi Rodgers,CB,4,0,2026,0,0,25,ST FRANCIS,2,D04,43,6,0,0,1,2026,0,76.6,17,1,57.4,0,0,26,0,0,0,70.3,37,0,0,0,ST FRANCIS,1,0,0,0,17,0,0,60.6,17,74.9,0,299,43,10,0,0,44.8,17,0,0,0,0,0,
185778,Acear Cornish,LB,0,0,,0,1,,WAGNER,0,D40,4,4,0,0,1,2029,1,19.3,0,0,,0,0,0,0,0,0,27.1,0,0,0,0,WAGNER,0,0,0,0,,0,100,24.2,,67.6,0,338,5,0,0,0,0,5,0,0,0,0,1,
185789,Jordan Johnson,LB,1,0,,0,1,100,WAGNER,5,D13,29,27,0,4,1,2026,4,58.4,21,1,65.5,0,0,15,0,0,0,36.5,0,0,1,0,WAGNER,2,1,0,0,21,2,14.3,43.5,21,0,0,338,33,8,0,0,118.8,14,1,1,0,0,4,57.2
185822,Amanuel Dickson,LB,0,0,,0,1,,CHATTNOOGA,1,D38,9,6,0,0,1,2029,0,43.5,0,0,64.2,0,0,4,0,0,0,51.1,0,0,0,0,CHATTNOOGA,1,0,0,0,,3,50,58.2,,70.9,0,137,9,0,0,0,0,5,0,0,0,0,0,
185831,Dailen Howard,DI,0,0,,0,0,,E TENN ST,4,D90,0,0,0,19,1,2028,33,74.5,0,0,60,3,0,0,0,1,0,62.5,0,0,0,0,E TENN ST,4,0,3,0,,0,0,66.6,,75.2,0,157,33,0,32,0,0,14,0,0,0,0,0,66
185883,Alejandro Tovar,DI,0,0,,0,0,,PRESBYTERN,0,D91,0,0,0,24,1,2026,29,,0,0,,0,0,0,3,0,0,65.6,0,0,0,0,PRESBYTERN,0,0,0,0,,0,,69.5,,74,0,271,29,0,26,0,0,5,0,0,0,0,0,65.8
185907,EJ Moore Jr.,DI,0,0,,0,0,,W CAROLINA,0,D50,0,0,0,8,1,2029,19,,0,0,,0,0,0,6,0,0,61.2,0,0,0,0,W CAROLINA,0,0,0,0,,0,,62.7,,72.4,0,344,19,0,13,0,0,11,0,0,0,0,0,62
185943,Caleb Oliver,ED,0,0,,0,0,,WOFFORD,1,D42,0,0,0,15,1,2029,32,71.1,0,0,,4,0,0,2,0,0,67.6,0,1,0,1,WOFFORD,1,0,5,0,,0,0,81.8,,77.4,0,350,32,0,4,0,0,17,0,0,0,0,26,84.5
185947,Marion Smokes,ED,0,0,,0,2,,WOFFORD,1,D91,1,0,0,18,1,2029,45,20.6,0,0,,0,0,0,7,0,0,52,0,0,0,0,WOFFORD,1,0,0,0,,0,66.7,51.3,,78.8,0,350,46,0,3,0,0,28,0,0,0,0,35,53.8
185978,Ravonte Blowe,DI,0,0,,0,0,,HOUCHR,7,D88,0,0,0,10,1,2026,29,77.9,0,0,,0,0,0,6,0,0,85,0,0,0,0,HOUCHR,4,0,0,0,,0,0,81.4,,74.8,0,183,29,0,19,0,0,19,0,1,0,0,4,55.8
185987,KJ Makins,CB,2,0,,0,1,100,HOUCHR,2,D24,40,3,0,0,1,2026,0,38.3,14,2,58.1,0,0,17,0,0,0,63.8,37,0,0,0,HOUCHR,0,0,0,0,9,0,33.3,59.6,7,75.3,0,183,40,5,0,0,95.8,23,0,0,0,0,0,
185994,Terrell Elliott,DI,0,0,,0,0,,INCAR WORD,0,D41,0,0,0,18,1,2028,32,,0,0,,0,0,0,0,3,0,68.8,0,0,0,0,INCAR WORD,0,0,0,0,,0,,65.2,,75,0,189,32,0,29,0,0,14,0,0,0,0,0,56.3
185995,Drew Merrill,S,0,0,,0,0,,INCAR WORD,0,D23,1,0,0,1,1,2026,0,,0,0,,0,0,0,0,0,0,,0,0,0,0,INCAR WORD,0,0,0,0,,0,,60,,60,0,189,1,0,0,0,0,0,0,0,0,0,0,60
185996,Christian Booker,DI,0,0,,0,0,,LAMAR,1,D97,0,0,1,19,1,2027,30,73.9,0,0,,1,0,0,7,3,0,77,0,0,0,0,LAMAR,1,0,2,0,,0,0,75.6,,75,0,204,30,0,18,0,0,11,1,1,0,0,2,64.3
186020,Simeon Mitchell,DI,0,0,,0,0,,MCNEESE,4,D95,0,0,0,19,1,2026,38,76.1,0,0,,0,0,0,0,3,0,66.8,0,0,0,0,MCNEESE,1,0,0,0,,0,0,66.7,,75.4,0,217,38,0,35,0,0,19,0,1,0,0,0,61.4
186042,Landry Huddleston,LB,1,0,,0,3,0,NWSTATE,4,D33,42,39,0,4,1,2026,18,26.4,0,0,70.1,0,0,15,0,0,1,39.3,0,2,0,0,NWSTATE,1,0,2,0,,3,42.9,50.3,,75.8,0,257,60,0,0,0,39.6,41,0,0,0,0,18,57.8
186046,Kaiden Turner,DI,0,0,,0,0,,STF AUSTIN,2,D96,0,0,0,6,1,2028,15,71.9,0,0,,0,0,0,2,0,0,82,0,0,0,0,STF AUSTIN,2,0,0,0,,0,0,80.5,,71.9,0,301,15,0,13,0,0,9,0,0,0,0,0,57.6
186052,Delvon Gulley,CB,5,0,,0,1,40,ALAB A&M,5,D21,61,9,0,0,1,2029,1,62,6,2,68.8,0,0,23,0,0,0,67.2,52,0,0,0,ALAB A&M,2,0,0,0,4,0,14.3,69.7,3,76.5,0,104,62,3,0,1,47.9,39,0,1,0,0,1,
186059,Peyton Scott,ED,0,0,,0,0,,ALAB A&M,0,D44,0,0,0,3,1,2029,5,,0,0,,0,0,0,0,0,0,60,0,0,0,0,ALAB A&M,0,0,0,0,,0,,57.5,,71.2,0,104,5,0,0,0,0,2,0,0,0,0,5,56.7
186063,Konnor Thompkins,DI,0,0,,0,0,,ALAB A&M,2,D95,0,0,0,4,1,2028,16,71.9,0,0,,0,0,0,0,0,0,70.4,0,0,0,0,ALAB A&M,1,0,0,0,,0,0,71,,72.4,0,104,16,0,16,0,0,12,0,0,0,0,0,59.4
186084,Denzel Johnson,LB,0,0,,0,0,,ALABAMA ST,0,D18,8,3,0,2,1,2031,0,76.2,0,0,64.7,1,0,4,0,0,0,60,0,0,0,0,ALABAMA ST,0,0,1,0,,5,0,64.8,,70.9,0,105,8,0,0,0,0,2,0,1,0,0,0,57.6
186118,Kazarius Bowie,DI,0,0,,0,0,,JACKSON ST,1,D95,0,0,0,8,1,2027,17,71.3,0,0,,1,0,0,7,0,0,73.8,0,0,0,0,JACKSON ST,1,0,1,0,,0,0,77.1,,71.8,0,194,17,0,10,0,0,9,0,0,0,0,0,67.1
186121,Reid Pulliam,LB,1,0,,0,0,100,JACKSON ST,2,D07,35,33,1,13,1,2027,8,79.5,12,1,51.9,0,0,10,0,0,0,68.6,0,1,0,0,JACKSON ST,2,0,2,0,12,2,0,61.4,12,75.9,0,194,43,5,0,0,116.7,20,0,1,0,0,8,60.5
186125,Tymon Wells,DI,0,0,,0,0,,JACKSON ST,0,D50,0,0,0,8,1,2027,15,,0,0,,0,0,0,0,10,0,59.2,0,1,0,0,JACKSON ST,0,0,1,0,,0,,57.1,,75.1,0,194,15,0,5,0,0,7,0,0,0,0,0,56.1
186131,Rick Mua'e,ED,0,0,,0,0,,UTAHTC,1,D28,0,0,0,22,1,2028,57,76.7,0,0,,6,0,0,1,0,0,68.8,0,1,0,0,UTAHTC,1,0,7,0,,0,0,77.6,,80.5,0,1285,57,0,0,0,0,35,0,3,0,0,56,79
186182,Janari Boone,S,0,0,,1,0,,IDAHO ST,2,D12,23,16,1,1,1,2027,0,80.5,0,0,65,0,0,11,0,0,0,67.1,0,0,0,0,IDAHO ST,2,0,1,0,,4,0,70.7,,72.8,0,186,23,0,0,0,0,11,0,1,3,0,0,72.1
186192,Brady Phillips,DI,0,0,,0,0,,IDAHO ST,0,D59,0,0,0,2,1,2029,4,,0,0,,0,0,0,0,4,0,56.3,0,0,0,0,IDAHO ST,0,0,0,0,,0,,49.8,,69.8,0,186,4,0,0,0,0,2,0,0,0,0,0,59.6
186200,Monty Hunt,CB,0,0,,0,1,,TENN TECH,1,D12,24,1,0,0,1,2026,0,28.1,0,0,67.5,0,0,16,0,0,0,45.4,23,0,0,0,TENN TECH,0,0,0,0,,0,50,62.5,,73.4,0,309,24,0,0,0,0,8,0,0,0,0,0,
186220,Koby-Sebasyen King,LB,1,0,,0,0,0,TXAMEA,2,D15,10,10,0,2,1,2026,3,76,0,0,61.1,0,0,4,0,0,0,49.5,0,0,1,0,TXAMEA,1,0,0,0,,0,0,45.3,,0,0,1139,13,0,0,0,39.6,7,0,0,0,0,3,66.7
186243,Stephen Ellison II,S,0,0,,0,0,,AUSTINPEAY,0,D13,10,5,0,0,1,2028,0,75.3,0,0,64.3,0,0,6,0,0,0,60.4,0,0,0,0,AUSTINPEAY,0,0,0,0,,3,0,64.9,,69.5,0,116,10,0,0,0,0,4,0,1,2,0,0,
186245,Antori Hamilton,DI,0,0,,0,0,,AUSTINPEAY,3,D54,0,0,0,6,1,2029,19,72.2,0,0,,0,0,0,0,13,0,76.6,0,0,0,0,AUSTINPEAY,3,0,0,0,,0,0,76.3,,75.4,0,116,19,0,6,0,0,13,0,0,0,0,0,58.7
186248,Jesse Johnson III,CB,6,0,,0,0,50,AUSTINPEAY,2,D01,54,6,0,0,1,2026,0,79.6,31,3,60.8,0,1,23,0,0,0,66.9,48,0,0,0,AUSTINPEAY,0,0,0,0,12,0,0,62.8,10.3,75.7,0,116,54,21,0,0,25.7,31,0,2,0,0,0,
186272,Mark Dorsey,CB,0,0,,0,0,,CENT ARK,0,D09,12,2,0,0,1,2026,0,,0,0,64.3,0,0,8,0,0,0,60.1,10,0,0,0,CENT ARK,0,0,0,0,,0,,65,,71.4,0,132,12,0,0,0,0,4,0,0,0,0,0,
186281,John Jackson,DI,0,0,,0,0,,CENT ARK,0,D97,0,0,0,7,1,2026,9,,0,0,,0,0,0,0,5,0,60,0,0,0,0,CENT ARK,0,0,0,0,,0,,56.8,,72,0,132,9,0,3,0,0,2,0,0,0,0,1,55.3
186327,Israel Lucas,DI,0,0,,0,0,,HOWARD,1,D95,0,0,0,1,1,2029,6,69.7,0,0,,0,0,0,0,0,0,68.5,0,0,0,0,HOWARD,1,0,0,0,,0,0,71.4,,69.6,0,184,6,0,6,0,0,5,0,0,0,0,0,60
186334,Ja'Quavion Smith,LB,0,0,,0,0,,HOWARD,1,D26,6,6,0,0,1,2029,1,77.4,0,0,60.2,0,0,2,0,0,0,78.8,0,0,0,0,HOWARD,1,0,0,0,,0,0,80.9,,71.5,0,184,7,0,0,0,0,5,1,2,0,0,1,
186344,Parker Andrus,DI,0,0,,0,0,,SO UTAH,0,D54,0,0,0,12,1,2029,17,,0,0,,0,0,0,0,0,0,67.2,0,0,0,0,SO UTAH,0,0,0,0,,0,,69,,72.6,0,298,17,0,17,0,0,5,0,0,0,0,0,62.9
186364,Jayden Robertson,CB,5,0,,1,1,40,SO UTAH,1,D25,59,4,0,1,1,2029,1,53.8,54,2,73.4,0,0,40,0,0,0,66.2,47,0,0,0,SO UTAH,0,0,0,0,38,8,33.3,73.5,27,77.4,0,298,60,39,0,1,80.4,19,0,1,0,0,1,60
186369,Baron Taylor,S,3,0,,0,1,100,SO UTAH,7,D38,23,11,0,2,1,2029,2,63.4,16,3,56.4,0,0,15,0,0,0,65.1,0,0,0,0,SO UTAH,2,0,0,0,6,5,12.5,58.9,5.3,74.8,0,298,25,1,0,0,88.9,8,0,0,7,0,2,58.9
186389,Newton Essiem,CB,0,0,,0,0,,VILLANOVA,0,D38,5,0,0,0,1,2029,0,,0,0,63.2,0,0,5,0,0,0,,5,0,0,0,VILLANOVA,0,0,0,0,,0,,63.7,,68.9,0,334,5,0,0,0,0,0,0,0,0,0,0,
186396,Ugo Nwotite,ED,0,0,,0,0,,VILLANOVA,0,D96,0,0,0,8,1,2030,8,,0,0,,4,0,0,1,0,0,,0,0,1,0,VILLANOVA,0,0,4,0,,0,,73.3,,0,0,334,8,0,0,0,0,0,0,0,0,0,7,84.8
186515,Jay Carter,LB,2,0,,0,1,100,W GEORGIA,4,D46,60,55,1,1,1,2027,4,57.5,24,2,52.1,0,0,24,0,0,0,65.3,0,0,0,0,W GEORGIA,5,0,1,0,20,5,16.7,61.6,12,77.1,0,1177,64,20,0,0,116.7,39,0,1,0,0,4,72.2
186566,Anthony Rochester,S,2,0,,0,3,100,W GEORGIA,5,D14,66,17,0,2,1,2025,3,43.2,25,2,66.1,0,1,25,0,0,0,59.7,3,0,1,0,W GEORGIA,2,0,0,0,14,46,30,64,12.5,78.3,0,1177,69,15,0,0,79.2,42,0,2,0,0,3,57.7
186573,Micah Thurman,LB,3,0,,0,2,100,W GEORGIA,10,D37,67,61,1,3,1,2027,2,57.1,40,3,57.1,0,0,23,0,0,0,69.7,1,1,0,0,W GEORGIA,4,0,2,0,16,5,16.7,66,13.3,74.3,0,1177,69,35,0,0,118.8,43,1,0,0,0,2,66.8
186603,Tyler Buterbaugh,LB,2,0,,1,1,50,MERCYHURST,4,D32,42,40,0,0,1,2025,7,61.4,10,1,56,0,0,13,0,0,0,69.3,1,0,0,0,MERCYHURST,4,0,0,0,10,1,14.3,65.5,10,74.8,0,977,49,10,0,0,64.6,36,2,2,0,0,7,
186605,Patrick Carter,ED,1,0,,0,0,100,MERCYHURST,1,D47,3,3,0,5,1,2029,29,74.7,5,1,62.2,0,0,5,0,0,0,65.5,0,0,0,0,MERCYHURST,1,0,0,0,5,0,0,65.4,5,78.4,0,977,32,8,0,0,87.5,22,0,1,0,0,29,57.5
186616,Dillon Ferretti,LB,1,0,,0,0,100,MERCYHURST,0,D03,2,2,0,1,1,2025,1,,7,1,60,0,0,1,0,0,0,60,0,0,0,0,MERCYHURST,0,0,0,0,7,0,,62.5,7,67.7,0,977,3,4,0,0,95.8,1,0,0,0,0,1,60
186625,Zack Helsley,S,0,0,,0,3,,MERCYHURST,5,D05,39,14,0,1,1,2025,2,29.8,0,0,69.3,0,0,13,0,0,0,40.8,0,0,1,0,MERCYHURST,0,1,0,0,,10,37.5,51.5,,0,0,977,41,0,0,0,0,27,0,0,15,0,2,59.7
186628,Zach Hill,LB,2,0,,0,1,100,MERCYHURST,5,D44,49,45,0,2,1,2025,0,62.7,17,2,55.1,0,0,11,0,0,0,61.1,1,0,0,0,MERCYHURST,3,0,0,0,15,3,12.5,58.4,8.5,72.9,0,977,49,26,0,0,102.1,36,0,2,0,0,0,58.3
186636,Jonas King,ED,0,0,,0,0,,MERCYHURST,1,D06,0,0,0,5,1,2026,25,75.2,0,0,,1,0,0,5,0,0,68.8,0,0,0,0,MERCYHURST,1,0,1,0,,0,0,67.9,,75,0,977,25,0,2,0,0,20,0,1,0,0,18,57.2
186637,Jeff Leavell,LB,0,0,,0,0,,MERCYHURST,0,D14,3,3,0,0,1,2028,0,,0,0,60.3,0,0,2,0,0,0,60,0,0,0,0,MERCYHURST,0,0,0,0,,0,,62.1,,66.2,0,977,3,0,0,0,0,1,0,0,0,0,0,
186638,Adrian Lewis,ED,0,0,,0,0,,MERCYHURST,1,D08,0,0,0,7,1,2025,16,71.5,0,0,,0,0,0,3,0,1,54.3,0,0,0,0,MERCYHURST,0,0,0,0,,0,0,53.2,,74,0,977,16,0,1,0,0,9,0,0,0,0,12,56.9
186643,Anthony Mackey,S,0,0,,0,3,,MERCYHURST,5,D02,40,18,0,1,1,2026,1,30,0,0,73,0,0,12,0,0,0,48.1,0,0,0,0,MERCYHURST,1,0,0,0,,7,37.5,60.7,,74.2,0,977,41,0,0,0,0,28,0,0,15,0,1,60
186644,Max Malis,DI,0,0,,0,0,,MERCYHURST,0,D00,0,0,0,8,1,2025,30,,0,0,,0,0,0,6,2,0,66.2,0,0,0,0,MERCYHURST,0,0,0,0,,0,,65,,74.8,0,977,30,0,20,0,0,22,0,0,0,0,2,57.1
186648,Ramon McAndrews,DI,0,0,,0,0,,MERCYHURST,1,D55,0,0,0,5,1,2028,14,69.7,0,0,,0,0,0,1,5,0,59.9,0,0,0,0,MERCYHURST,0,0,0,0,,0,0,59.3,,72.7,0,977,14,0,8,0,0,9,0,0,0,0,0,58
186649,Dominic McGhee,CB,3,0,,0,0,66.7,MERCYHURST,3,D07,33,5,0,0,1,2025,0,78.5,42,2,51.7,0,0,11,0,0,0,55.6,25,0,0,0,MERCYHURST,0,0,0,0,37,3,0,51.6,21,74.3,0,977,33,16,0,0,109.7,22,0,0,0,0,0,
186673,James Royal,DI,0,0,,0,0,,MERCYHURST,1,D99,0,0,0,7,1,2026,22,73.1,0,0,60,0,0,0,6,1,0,68,0,0,0,0,MERCYHURST,1,0,0,0,,0,0,67.4,,73.3,0,977,22,0,15,0,0,15,0,1,0,0,0,57.7
186689,Camden White,ED,0,0,,0,0,,MERCYHURST,2,D95,0,0,0,8,1,2025,31,73.9,0,0,,0,0,0,7,0,0,62.9,0,0,0,0,MERCYHURST,1,0,0,0,,0,0,62.1,,76.1,0,977,31,0,5,0,0,23,0,0,0,0,19,57.1
186722,Ibrahim Sanogo,ED,0,0,,0,0,,ALBANY,2,D09,0,0,0,21,1,2027,42,76.4,0,0,,0,0,0,1,0,0,73.6,0,1,1,0,ALBANY,1,0,1,0,,0,0,62.3,,0,0,106,42,0,0,0,0,21,0,2,0,0,41,54.1
187312,Joshua Darisme,DI,0,0,,0,0,,ROB MORRIS,1,D99,0,0,0,16,1,2025,35,74.8,0,0,,0,0,0,0,1,0,75.3,0,0,0,0,ROB MORRIS,1,0,0,0,,0,0,71.6,,75,0,277,35,0,34,0,0,19,1,3,0,0,0,56.8
188068,Myti Johnson,CB,2,0,,0,0,50,W GEORGIA,1,D32,11,3,0,0,1,2030,0,74.2,11,1,62.9,0,0,6,0,0,0,60,7,0,0,0,W GEORGIA,0,0,0,0,11,1,0,63.4,11,70.7,0,1177,11,4,0,0,66.7,5,0,0,0,0,0,
188075,Tre'Shawn Moore,S,0,0,,0,2,,W GEORGIA,2,D36,16,12,0,0,1,2029,0,31.5,0,0,61.8,0,0,4,0,0,0,42.6,0,0,0,0,W GEORGIA,2,0,0,0,,1,50,49.8,,72.6,0,1177,16,0,0,0,0,12,0,0,3,0,0,
188076,Cam Moore,DI,0,0,,0,1,,W GEORGIA,1,D45,0,0,0,8,1,2029,23,32.8,0,0,60,0,0,1,0,13,0,44.3,0,0,0,0,W GEORGIA,1,0,0,0,,0,33.3,43.8,,75.6,0,1177,23,0,10,0,0,14,0,1,0,0,0,55.9
188077,Qua Moss,S,3,0,,0,0,100,W GEORGIA,7,D33,62,30,0,0,1,2028,4,83.4,32,3,50.9,0,0,24,0,0,0,75.2,31,0,0,0,W GEORGIA,2,0,0,0,12,1,0,61.6,10.7,74.5,0,1177,66,4,0,0,150.7,42,0,0,0,1,4,
188092,Braylon Beckwith,S,0,0,,0,0,,MERCYHURST,2,D39,21,9,0,0,1,2029,1,79.9,0,0,61.8,0,0,3,0,0,0,56.4,1,0,0,0,MERCYHURST,2,0,0,0,,5,0,58.8,,73.1,0,977,22,0,0,0,0,19,0,0,6,0,1,
188102,Jaiden Hill,CB,0,0,,0,0,,MERCYHURST,0,D13,4,0,0,0,1,2026,0,,0,0,60,0,0,1,0,0,0,60,4,0,0,0,MERCYHURST,0,0,0,0,,0,,61.3,,68.2,0,977,4,0,0,0,0,3,0,0,0,0,0,
188112,Adonis Marshall,CB,1,0,,0,0,0,MERCYHURST,0,D38,21,3,0,0,1,2029,0,,0,0,63,0,0,4,0,0,0,63.1,15,0,0,0,MERCYHURST,0,0,0,0,,3,,64.3,,73,0,977,21,0,0,0,39.6,17,0,0,0,0,0,
188122,Will Thomas IV,S,4,0,,0,0,75,MERCYHURST,1,D11,36,1,0,3,1,2025,16,72.2,60,3,37.5,0,0,12,0,0,0,59.8,0,1,1,0,MERCYHURST,1,0,1,0,48,35,0,47.9,20,81.8,0,977,52,31,0,0,156.3,37,1,0,0,1,16,68.8
188533,Kahmari Brown,ED,0,0,,0,3,,ELON,4,D94,0,0,1,12,1,2029,37,27.4,0,0,,0,0,0,10,0,0,56.2,0,0,0,0,ELON,4,0,1,0,,0,37.5,58.1,,75.5,0,162,37,0,3,0,0,25,2,1,0,0,24,61.8
188573,Andrew Zock,ED,0,0,,0,0,,MERCER,2,D94,0,0,0,49,1,2029,77,75.2,0,0,62.9,2,0,10,1,0,0,70,0,1,0,0,MERCER,2,0,3,0,,0,0,64.3,,81.1,0,219,77,0,0,0,0,18,1,1,0,0,76,57.5
188588,Kam Snell,S,5,0,,0,0,20,TOWSON,3,D07,70,41,0,0,1,2025,0,81.1,8,1,86.2,0,0,50,0,0,1,71.5,0,0,0,0,TOWSON,2,0,0,0,8,10,0,87.7,8,78.6,0,317,70,1,0,2,39.6,20,0,1,19,0,0,60
188590,JR Stegall,ED,0,0,,0,0,,TOWSON,2,D92,0,0,0,4,1,2029,9,75,0,0,,0,0,0,9,0,0,63.5,0,0,0,0,TOWSON,0,0,0,0,,0,0,62.4,,70.1,0,317,9,0,0,0,0,5,0,1,0,0,0,57.4
188591,Alfred Thomas,LB,0,0,,0,0,,TOWSON,0,D35,4,4,0,1,1,2029,1,,0,0,60.5,0,0,2,0,0,0,60,0,0,0,0,TOWSON,0,0,0,0,,0,,67.1,,66.4,0,317,5,0,0,0,0,2,0,0,0,0,1,59.8
188609,TJ Smith,LB,0,0,,0,1,,HOUCHR,0,D31,15,15,0,0,1,2028,0,25.6,0,0,61.4,0,0,4,0,0,0,33.9,0,0,0,0,HOUCHR,0,0,0,0,,0,100,39.2,,73.1,0,183,15,0,0,0,0,11,0,0,0,0,0,
188617,KJ Chisholm Jr.,CB,3,0,,0,0,100,JACKSON ST,6,D17,35,12,0,0,1,2029,0,81.5,37,3,49.5,0,0,17,0,0,0,66,23,0,0,0,JACKSON ST,3,0,0,0,18,0,0,54,12.3,72.5,0,194,35,0,0,0,157.6,18,0,0,0,1,0,
188625,Mike Smith III,CB,0,0,,0,0,,JACKSON ST,1,D10,21,6,0,0,1,2029,0,74.2,0,0,63.8,0,0,11,0,0,0,74.2,15,0,0,0,JACKSON ST,1,0,0,0,,0,0,69.8,,71.5,0,194,21,0,0,0,0,10,0,0,0,0,0,
188635,Cody Carlson,DI,0,0,,0,0,,UTAHTC,0,D88,0,0,0,7,1,2026,20,69.7,0,0,,0,0,0,2,0,0,45.5,0,0,0,0,UTAHTC,0,0,0,0,,0,0,45.2,,73.4,0,1285,20,0,17,0,0,13,0,1,0,0,1,56.3
188641,Brandon Jackson,DI,0,0,,0,0,,UTAHTC,0,D97,0,0,0,2,1,2029,10,,0,0,,0,0,0,1,1,0,44.5,0,0,0,0,UTAHTC,0,0,0,0,,0,,41.9,,71.5,0,1285,10,0,8,0,0,8,0,0,0,0,0,59
188647,Kyle Parker,CB,1,0,,0,1,100,UTAHTC,5,D44,71,3,0,0,1,2029,0,66.4,7,1,63.9,0,0,24,0,0,0,77.1,67,0,1,0,UTAHTC,1,0,0,0,7,1,14.3,65.5,7,0,0,1285,71,0,0,0,95.8,47,0,1,0,0,0,
188762,Mysonne Pollard,S,5,0,,0,0,40,DELAWARE,1,D18,31,14,0,0,1,2026,0,78.3,54,2,42.7,0,0,21,0,0,0,56.8,0,0,0,0,DELAWARE,1,0,0,0,41,3,0,45.2,27,75.9,0,151,31,13,0,1,120,10,1,1,14,1,0,
188798,Carter Lance,DI,0,0,,0,0,,DUQUESNE,0,D58,0,0,0,0,1,2029,5,,0,0,,0,0,0,1,0,0,63.2,0,0,0,0,DUQUESNE,0,0,0,0,,0,,64.8,,68.9,0,155,5,0,4,0,0,5,0,0,0,0,0,
188802,Adrian Ramirez,ED,0,0,,0,0,,DUQUESNE,2,D47,0,0,0,17,1,2028,33,75.4,0,0,62.7,3,0,0,9,0,0,50.4,0,0,0,0,DUQUESNE,1,0,3,0,,0,0,61.3,,76.9,0,155,33,0,0,0,0,16,0,0,0,0,24,62.3
188923,Tre Mittman,S,5,0,,0,0,80,NC A&T,6,D21,50,25,0,0,1,2029,0,84.4,78,4,55.7,0,0,22,0,0,0,65.1,0,0,0,0,NC A&T,1,0,0,0,53,17,0,58.8,19.5,77.3,0,246,50,21,0,0,158.3,28,0,1,8,1,0,
189008,Richard Kramer,ED,0,0,,0,1,,HAMPTON,0,D55,0,0,0,13,1,2029,28,,0,0,60,1,0,1,1,0,0,63.7,0,0,0,0,HAMPTON,0,0,1,0,,0,100,62.6,,76.5,0,178,28,0,0,0,0,14,0,0,0,0,27,58.5
189010,Michael Matthews-Canty,LB,0,0,,0,2,,HAMPTON,5,D51,35,34,1,13,1,2029,12,57.2,0,0,59.6,1,0,13,0,0,0,63.2,0,1,0,0,HAMPTON,5,0,3,0,,1,25,66.3,,79.2,0,178,47,0,0,0,0,21,0,1,0,0,12,68.7
189019,Jayden Whaley,CB,5,0,,0,0,80,HAMPTON,3,D38,24,6,0,0,1,2029,1,79.9,83,4,45.3,0,0,12,0,0,0,63.1,0,0,0,0,HAMPTON,1,0,0,0,51,18,0,48.5,20.8,74.6,0,178,25,15,0,0,158.3,13,0,0,0,1,1,
189024,Josh Anglin,LB,1,0,,0,0,100,N ALABAMA,2,D19,48,43,0,10,1,2029,4,77.5,-2,1,64.1,1,0,20,0,0,0,80.3,0,0,0,0,N ALABAMA,2,0,1,0,-2,5,0,73.2,-2,76.7,0,389,52,2,0,0,79.2,22,1,1,0,0,4,59.3
189055,Jermaine Ray Jr.,CB,7,0,,0,0,28.6,N ALABAMA,0,D03,52,2,0,0,1,2026,4,73.5,54,2,68.9,0,0,33,0,0,0,65.4,48,0,0,0,N ALABAMA,0,0,0,0,33,2,0,69.4,27,78,0,389,56,19,0,1,98.8,23,0,1,0,2,4,
189059,Fred Vili,DI,0,0,,0,0,,N ALABAMA,0,D57,0,0,0,1,1,2029,1,,0,0,,0,0,0,0,0,0,,0,0,0,0,N ALABAMA,0,0,0,0,,0,,60,,64.4,0,389,1,0,1,0,0,0,0,0,0,0,0,60
189060,Jackson Ward,ED,0,0,,0,0,,N ALABAMA,1,D42,0,0,0,7,1,2028,15,73.3,0,0,,0,0,0,4,0,0,76.6,0,0,0,0,N ALABAMA,1,0,0,0,,0,0,74.2,,73.6,0,389,15,0,0,0,0,8,1,1,0,0,11,57
189091,Shaun Aletor,ED,0,0,,0,0,,SAN DIEGO,0,D93,1,0,0,1,1,2029,0,,0,0,,0,0,0,0,0,0,,0,0,0,0,SAN DIEGO,0,0,0,0,,0,,60,,60,0,283,1,0,0,0,0,0,0,0,0,0,0,60
189094,Nate Fischer,LB,0,0,,0,0,,SAN DIEGO,0,D59,1,0,0,0,1,2029,0,,0,0,60,0,0,1,0,0,0,,0,0,0,0,SAN DIEGO,0,0,0,0,,0,,62.8,,60,0,283,1,0,0,0,0,0,0,0,0,0,0,
189107,Jae'Von Reels,DI,0,0,,0,0,,SAN DIEGO,3,D75,1,0,0,10,1,2028,30,73.7,0,0,,1,0,0,0,30,0,66,0,0,0,0,SAN DIEGO,3,0,1,0,,0,0,67.4,,76.4,0,283,31,0,0,0,0,21,0,0,0,0,0,63.1
189123,Shawn Fester,DI,0,0,,0,0,,VALPO,0,D16,0,0,1,7,1,2026,10,72.4,0,0,,0,0,0,0,0,0,62.7,0,0,1,0,VALPO,1,0,1,0,,0,0,49.4,,0,0,332,10,0,10,0,0,3,0,1,0,0,0,58.9
189129,AJ Jacobs,DI,0,0,,0,0,,VALPO,0,D99,0,0,0,30,1,2027,49,72.4,0,0,,0,0,0,0,4,0,66.6,0,0,0,1,VALPO,0,0,0,0,,0,0,64.9,,77.1,0,332,49,0,45,0,0,19,0,2,0,0,0,59.2
189158,Brandon Biagiarelli,LB,0,0,,0,0,,BUCKNELL,2,D10,14,14,0,0,1,2030,0,77.7,0,0,72.1,0,0,3,0,0,0,44,0,0,0,0,BUCKNELL,2,0,0,0,,0,0,55.9,,70,0,125,14,0,0,0,0,11,0,1,0,0,0,
189165,Aaron Davis,CB,4,0,,0,1,50,BUCKNELL,3,D16,60,10,0,0,1,2027,0,45.6,5,2,78.5,0,0,21,0,0,0,45.5,49,0,0,0,BUCKNELL,2,0,0,0,6,0,25,69.7,2.5,75.5,0,125,60,1,0,1,56.3,39,1,0,1,0,0,
189170,Charlie Meehleib,ED,0,0,,0,0,,BUCKNELL,0,D35,0,0,0,3,1,2030,6,,0,0,,0,0,0,1,0,0,60.1,0,0,1,0,BUCKNELL,0,0,0,0,,0,,40.6,,0,0,125,6,0,1,0,0,3,0,0,0,0,4,58.7
189201,AJ Pigford,ED,1,0,,0,0,100,PRINCETON,0,D28,1,1,0,14,1,2029,20,,8,1,51.9,3,0,1,0,0,0,61,0,0,0,0,PRINCETON,0,0,3,0,8,0,,60.1,8,77.1,0,272,21,12,0,0,100,6,0,0,0,0,20,69
189221,Kilas Francis,DI,0,0,,0,0,,GRAMBLING,1,D92,0,0,0,6,1,2029,12,69.7,0,0,,0,0,0,0,0,0,63.7,0,1,0,0,GRAMBLING,0,0,1,0,,0,0,62.1,,71.6,0,177,12,0,12,0,0,6,0,0,0,0,0,57.1
189231,Jamal Jordan,LB,0,0,,0,0,,GRAMBLING,0,D21,5,5,0,0,1,2029,0,,0,0,,0,0,0,0,0,0,60.8,0,0,0,0,GRAMBLING,0,0,0,0,,0,,62,,65,0,177,5,0,0,0,0,5,0,0,0,0,0,
189248,Devin Williams,S,1,0,,0,1,0,GRAMBLING,0,D18,38,3,0,0,1,2026,0,21.4,0,0,55.9,0,0,20,0,0,0,63.2,35,0,0,0,GRAMBLING,0,0,0,0,,0,100,57.4,,75.2,0,177,38,0,0,0,39.6,18,0,0,0,0,0,
189285,Ayden Jones,LB,1,0,,0,0,0,PRVIEW A&M,3,D46,58,32,0,12,1,2028,8,80.4,0,0,69.9,1,0,39,0,0,0,68.7,0,0,0,1,PRVIEW A&M,4,0,1,0,,25,0,71.8,,85.5,0,270,66,0,0,0,39.6,15,0,1,0,0,8,63.3
189286,James Kate,DI,0,0,,0,0,,PRVIEW A&M,0,D56,0,0,0,23,1,2028,30,69.7,0,0,,0,0,0,0,5,0,63.9,0,0,0,0,PRVIEW A&M,0,0,0,0,,0,0,60,,74.8,0,270,30,0,25,0,0,7,0,1,0,0,0,56
189316,Abram Fofana,DI,0,0,,0,0,,STETSON,0,D98,0,0,0,13,1,2029,26,72.4,0,0,,0,0,0,0,22,0,68.2,0,0,0,0,STETSON,0,0,0,0,,0,0,65.3,,75.8,0,302,26,0,4,0,0,13,0,2,0,0,0,56.1
189323,Nathan Jean,CB,2,0,,0,0,100,STETSON,2,D28,45,2,0,0,1,2028,0,77.6,103,2,47.3,0,0,20,0,0,0,50.5,40,0,0,0,STETSON,0,0,0,0,94,3,0,46.4,51.5,76.1,0,302,45,74,0,0,158.3,25,0,0,0,1,0,
189327,Damontez McDowell,LB,1,0,,0,0,100,STETSON,1,D40,9,9,0,0,1,2029,0,74.3,2,1,61.3,0,0,3,0,0,0,58.5,0,0,0,0,STETSON,1,0,0,0,2,0,0,59.8,2,65.9,0,302,9,1,0,0,79.2,6,0,0,0,0,0,
189328,Steven Oberst,DI,0,0,,0,0,,STETSON,1,D94,0,0,0,14,1,2029,41,72.4,0,0,,0,0,0,0,38,0,61.7,0,0,0,0,STETSON,0,0,0,0,,0,0,60.1,,77.6,0,302,41,0,3,0,0,27,0,1,0,0,0,54.6
189336,Mason Scott,G,0,0,,0,0,,STETSON,0,D52,0,0,0,2,1,2028,6,,0,0,,0,0,0,1,5,0,51.8,0,0,0,0,STETSON,0,0,0,0,,0,,47.8,,70.7,0,302,6,0,0,0,0,4,0,0,0,0,0,59.6
189343,Mohamed Toure,CB,1,0,,0,2,100,STETSON,2,D30,35,2,0,0,1,2029,0,26.8,11,1,52.4,0,0,10,0,0,0,52.3,32,0,0,0,STETSON,1,0,0,0,11,0,50,51.3,11,75.2,0,302,35,0,0,0,112.5,25,0,0,1,0,0,
189347,Henry Watkins,DI,0,0,,0,0,,STETSON,0,D93,0,0,0,3,1,2028,10,,0,0,,0,0,0,0,10,0,63.1,0,0,0,0,STETSON,0,0,0,0,,0,,68.9,,72.8,0,302,10,0,0,0,0,7,0,0,0,0,0,67.7
191424,Dillon Conway,S,0,0,,0,1,,E ILLINOIS,2,D36,11,5,0,0,1,2029,0,56.7,0,0,61.1,0,0,2,0,0,0,59.4,0,0,0,0,E ILLINOIS,0,0,0,0,,1,20,60.6,,70.5,0,158,11,0,0,0,0,9,0,2,5,0,0,
191450,Avery Ellis,S,0,0,,0,0,,E WASHGTON,0,D38,1,1,0,1,1,2028,5,,0,0,,0,0,0,0,0,0,55.1,0,0,0,0,E WASHGTON,0,0,0,0,,0,,52.4,,71.6,0,161,6,0,0,0,0,5,0,0,0,0,5,59.7
191459,Clayton McCarrell,ED,0,0,,0,0,,E WASHGTON,0,D59,0,0,0,4,1,2029,5,,0,0,,0,0,0,0,0,0,60,0,0,0,0,E WASHGTON,0,0,0,0,,0,,56.9,,71.4,0,161,5,0,0,0,0,1,0,0,0,0,5,56.2
191460,Deshawn Misa,ED,0,0,,0,0,,E WASHGTON,0,D43,0,0,0,7,1,2028,11,,0,0,,0,0,0,0,0,0,60.5,0,0,0,0,E WASHGTON,0,0,0,0,,0,,57.5,,74.3,0,161,11,0,1,0,0,4,0,0,0,0,10,55.8
191513,Cam Chapa,S,1,0,,0,1,100,N COLORADO,11,D49,72,11,0,0,1,2029,0,75.9,8,1,71.4,0,0,33,0,0,0,66.1,0,0,0,0,N COLORADO,0,0,0,0,8,1,8.3,70.7,8,77.2,0,253,72,2,0,0,100,39,0,0,60,0,0,
191517,Peyton Garrett,ED,0,0,,0,0,,N COLORADO,1,D92,0,0,0,7,1,2029,9,71.3,0,0,60,0,0,0,2,0,0,60.4,0,0,0,0,N COLORADO,1,0,0,0,,0,0,59.8,,71.1,0,253,9,0,2,0,0,2,0,0,0,0,5,56.3
191524,Blake Palladino,LB,1,0,,0,2,100,N COLORADO,0,D59,20,19,0,1,1,2029,0,24.7,1,1,51.9,1,0,7,0,0,0,27.4,0,0,0,0,N COLORADO,0,0,1,0,1,1,66.7,29.4,1,70.3,0,253,20,6,0,0,79.2,12,0,1,0,0,0,59.6
191595,Carter McCray,CB,0,0,,0,1,,COLUMBIA,1,D22,55,1,0,0,1,2029,0,42.6,0,0,61.8,0,0,16,0,0,0,57.1,54,0,0,0,COLUMBIA,0,0,0,0,,0,50,60.8,,76.7,0,145,55,0,0,0,0,39,0,0,0,0,0,
191598,Keller Patterson,DI,0,0,,0,0,,COLUMBIA,2,D98,0,0,0,5,1,2029,15,75,0,0,,1,0,0,9,0,0,61.6,0,0,0,0,COLUMBIA,1,0,1,0,,0,0,61.3,,71.4,0,145,15,0,6,0,0,10,0,1,0,0,0,58.6
191613,Favor Bate,DI,0,0,,0,0,,MERRIMACK,1,D41,0,0,0,1,1,2029,5,70.2,0,0,,0,0,0,0,0,1,71.2,0,0,0,0,MERRIMACK,1,0,0,0,,0,0,75.4,,69.1,0,385,5,0,5,0,0,4,0,0,0,0,0,60
191617,Kendall Carter,DI,0,0,,0,0,,MERRIMACK,0,D95,0,0,0,3,1,2029,7,69.7,0,0,,0,0,0,0,1,0,72.8,0,0,0,0,MERRIMACK,0,0,0,0,,0,0,74.3,,70.1,0,385,7,0,6,0,0,4,0,1,0,0,0,58.1
191624,Logan Graham,ED,0,0,,0,0,,MERRIMACK,0,D46,0,0,0,0,1,2029,1,,0,0,,0,0,0,0,0,0,60,0,0,0,0,MERRIMACK,0,0,0,0,,0,,61.3,,65.2,0,385,1,0,0,0,0,1,0,0,0,0,1,
191627,Justyce Hathaway,DI,0,0,,0,0,,MERRIMACK,0,D53,0,0,0,1,1,2028,5,,0,0,,0,0,0,0,0,0,55.3,0,0,0,0,MERRIMACK,0,0,0,0,,0,,51.6,,69,0,385,5,0,5,0,0,4,0,0,0,0,0,60
191629,Garret Jackson,S,0,0,,0,0,,MERRIMACK,0,D29,1,0,0,0,1,2029,0,,0,0,,0,0,0,0,0,0,60,1,0,0,0,MERRIMACK,0,0,0,0,,0,,60,,63.5,0,385,1,0,0,0,0,1,0,0,0,0,0,
191643,Elisha West,S,0,0,,0,0,,MERRIMACK,0,D13,1,0,0,0,1,2028,0,,0,0,,0,0,0,0,0,0,60,0,0,0,0,MERRIMACK,0,0,0,0,,1,,60,,65.9,0,385,1,0,0,0,0,1,0,0,0,0,0,
191668,Willy Love,S,0,0,,0,0,,MONMOUTH,1,D32,13,2,0,1,1,2029,0,74.8,0,0,63.8,0,0,6,0,0,0,63.6,0,0,0,0,MONMOUTH,0,0,0,0,,11,0,65.1,,73.6,0,231,13,0,0,0,0,6,0,0,0,0,0,60
191681,Jayson Allen,S,0,0,,0,0,,STNY BROOK,0,D26,5,0,0,0,1,2028,0,,0,0,61.4,0,0,3,0,0,0,60,0,0,0,0,STNY BROOK,0,0,0,0,,2,,61.6,,68.5,0,303,5,0,0,0,0,2,0,0,3,0,0,
191697,Sebastian Regis,DI,0,0,,0,0,,STNY BROOK,1,D56,0,0,0,9,1,2029,13,70.2,0,0,60,2,0,0,2,7,0,68.4,0,0,0,0,STNY BROOK,1,0,2,0,,0,0,78.7,,73.6,0,303,13,0,4,0,0,4,0,0,0,0,0,71
191716,Tommy Ducker,DI,0,0,,0,0,,CORNELL,2,D96,0,0,0,20,1,2029,38,73.4,0,0,,2,0,0,1,0,0,65.5,0,1,0,0,CORNELL,1,0,3,0,,0,0,71.4,,75.3,0,147,38,0,36,0,0,18,0,1,0,0,1,71.8
191720,Tyler Gibson,CB,3,0,,0,0,33.3,CORNELL,1,D27,17,4,0,0,1,2029,0,73.5,14,1,91.1,0,1,6,0,0,0,63.3,13,0,0,0,CORNELL,0,0,0,0,14,0,0,90.7,14,71.2,0,147,17,2,0,0,9.7,11,0,0,0,0,0,
191733,Kandakai Sherman Jr.,S,1,0,,0,0,0,CORNELL,2,D29,12,7,0,0,1,2029,0,78.6,0,0,65.5,0,0,6,0,0,0,65,0,0,0,0,CORNELL,0,0,0,0,,3,0,67.5,,71.5,0,147,12,0,0,0,39.6,6,0,0,2,0,0,
191736,Keith Williams,ED,0,0,,0,0,,CORNELL,4,D19,4,2,0,20,1,2029,38,79.3,0,0,62.2,3,0,2,0,0,0,72.2,1,0,0,0,CORNELL,4,0,3,0,,1,0,72.9,,79.5,0,147,42,0,0,0,0,20,0,1,0,0,38,65.4
191742,Xaden Benson,CB,2,0,,0,0,100,HARVARD,2,D15,16,3,0,3,1,2029,1,79.4,11,2,72.8,1,0,8,0,0,0,60.8,0,0,0,0,HARVARD,2,0,1,0,9,12,0,73.2,5.5,73.7,0,179,17,6,0,0,89.6,6,0,0,1,0,1,64.2
191747,Griffin Egan,DI,0,0,,0,0,,HARVARD,0,D64,0,0,0,0,1,2029,1,,0,0,,0,0,0,0,0,0,60,0,0,0,0,HARVARD,0,0,0,0,,0,,60.4,,64.4,0,179,1,0,1,0,0,1,0,0,0,0,0,
191752,Chris Gorman,ED,0,0,,0,0,,HARVARD,1,D57,0,0,0,0,1,2029,1,71.5,0,0,,0,0,0,0,0,0,61.2,0,0,0,0,HARVARD,1,0,0,0,,0,0,68.9,,65.6,0,179,1,0,0,0,0,1,0,0,0,0,1,
191765,DJ Vincent-Thomas,CB,0,0,,0,0,,HARVARD,0,D16,6,0,0,0,1,2029,0,,0,0,60,0,0,1,0,0,0,60,6,0,0,0,HARVARD,0,0,0,0,,0,,62,,69.5,0,179,6,0,0,0,0,5,0,0,0,0,0,
191769,Max Wang,DI,0,0,,0,0,,HARVARD,0,D50,0,0,0,0,1,2029,1,,0,0,,0,0,0,0,0,0,60,0,0,0,0,HARVARD,0,0,0,0,,0,,60.7,,64.7,0,179,1,0,1,0,0,1,0,0,0,0,0,
191797,Jordan Harris,ED,0,0,,0,1,,NORFOLK,0,D46,0,0,0,2,1,2029,5,24.9,0,0,,0,0,0,0,0,0,57.1,0,0,0,0,NORFOLK,0,0,0,0,,0,100,54.7,,71.4,0,244,5,0,0,0,0,3,0,0,0,0,5,58.2
191810,Dawson Rivers,DI,0,0,,0,0,,NORFOLK,2,D55,0,0,0,8,1,2029,27,71.9,0,0,,0,0,0,1,0,0,66.8,0,0,0,0,NORFOLK,2,0,0,0,,0,0,65.4,,73.7,0,244,27,0,26,0,0,19,0,0,0,0,0,56.6
191817,Martell Williams,LB,1,0,,0,0,100,NORFOLK,4,D57,31,30,0,3,1,2026,1,81.7,-4,1,71.4,0,0,12,0,0,0,72.9,0,0,0,0,NORFOLK,2,0,0,0,-4,1,0,77.2,-4,71.6,0,244,32,-3,0,0,79.2,17,1,3,0,0,1,65.4
191849,Shadon Shannon,CB,1,0,,0,1,100,BUTLER,1,D06,5,0,0,0,1,2026,0,28.1,41,1,47.7,0,0,1,0,0,0,51,5,0,0,0,BUTLER,0,0,0,0,41,0,50,34.3,41,68.7,0,127,5,13,0,0,118.8,4,0,0,0,0,0,
191858,Jaylen Dawson,LB,2,0,,0,2,100,FORDHAM,7,D32,62,52,0,1,1,2029,0,58.7,56,2,48.1,0,0,20,0,0,0,57.3,0,0,0,0,FORDHAM,5,0,0,0,45,10,18.2,51.4,28,72.8,0,168,62,46,0,0,118.8,41,0,2,0,0,0,60
191863,Carter Hess,DI,0,0,,0,0,,FORDHAM,0,D77,0,0,1,4,1,2029,15,66.5,0,0,,0,0,0,1,8,0,73.6,0,0,0,0,FORDHAM,1,0,1,0,,0,,78,,74.6,0,168,15,0,6,0,0,11,0,0,0,0,0,67.4
191868,Terrence Jones,CB,0,0,,0,0,,FORDHAM,1,D02,5,2,0,1,1,2029,1,73.1,0,0,60.7,0,0,2,0,0,0,63.2,0,0,0,0,FORDHAM,0,0,0,0,,3,0,63,,69.1,0,168,6,0,0,0,0,3,0,0,0,0,1,59
191874,Drew Minich,S,1,0,,0,3,0,FORDHAM,3,D10,65,43,0,0,1,2029,0,34.8,0,0,51.5,0,0,23,0,0,0,48.5,0,0,0,0,FORDHAM,1,0,0,0,,5,33.3,49.6,,77.8,0,168,65,0,0,0,39.6,42,0,3,17,0,0,
191905,Caiden Newsome,CB,3,0,,0,0,66.7,HOLY CROSS,2,D33,41,1,0,0,1,2029,0,76.6,41,2,58.1,0,0,25,0,0,0,45,40,0,1,0,HOLY CROSS,0,0,0,0,29,0,0,50.8,20.5,0,0,181,41,9,0,0,109.7,16,0,0,0,0,0,
191907,Jordan Pritchard-Sewell,DI,0,0,,0,0,,HOLY CROSS,0,D99,0,0,0,4,1,2029,5,,0,0,,0,0,0,0,0,0,60,0,0,0,0,HOLY CROSS,0,0,0,0,,0,,38.4,,68.8,0,181,5,0,5,0,0,1,0,0,0,0,0,58.6
191919,Dashawn Fields,DI,0,0,,0,0,,MORGAN ST,0,D59,0,0,0,2,1,2029,4,,0,0,,0,0,0,2,0,0,57,0,0,1,0,MORGAN ST,0,0,0,0,,0,,29.9,,0,0,235,4,0,2,0,0,2,0,0,0,0,0,58.6
191929,Chance Pickard,ED,1,0,,0,1,100,MORGAN ST,0,D95,0,0,0,4,1,2029,7,19.3,8,1,60,0,0,0,0,0,0,44,0,0,0,0,MORGAN ST,0,0,0,0,8,0,100,27.5,8,71.6,0,235,7,7,0,0,100,3,0,0,0,0,7,58
191960,Brennen Blegen,DI,0,0,,0,0,,N DAKOTA,1,D65,0,0,0,1,1,2029,12,72.4,0,0,,0,0,0,0,9,0,52.4,0,0,0,0,N DAKOTA,1,0,0,0,,0,0,51.7,,73,0,249,12,0,3,0,0,11,0,1,0,0,0,60
191966,Grady Kentch,ED,0,0,,0,1,,N DAKOTA,0,D92,0,0,0,9,1,2026,23,22.2,0,0,,1,0,0,13,0,0,58.4,0,0,0,0,N DAKOTA,0,0,1,0,,0,100,50.9,,73.5,0,249,23,0,7,0,0,14,0,0,0,0,3,46.3
191979,Myles Terry,DI,0,0,,0,0,,N DAKOTA,0,D95,0,0,0,5,1,2026,17,74.2,0,0,,0,0,0,8,4,0,73.1,0,0,0,0,N DAKOTA,0,0,0,0,,0,0,75.1,,73.4,0,249,17,0,3,0,0,12,0,3,0,0,2,64.2
191983,Jonnie Wiltshire,S,0,0,,0,1,,N DAKOTA,3,D39,20,14,0,0,1,2027,1,49.3,0,0,54.4,0,0,9,0,0,0,55.8,0,0,0,0,N DAKOTA,0,0,0,0,,3,25,54,,74.8,0,249,21,0,0,0,0,12,0,0,3,0,1,
191985,Taylen Eady,S,1,0,,0,1,100,N DAK ST,1,D26,28,4,0,0,1,2030,0,28.9,6,1,47.1,0,0,13,0,0,0,62.2,0,0,0,0,N DAK ST,0,0,0,0,6,4,50,50.9,6,75.1,0,250,28,10,0,0,91.7,15,0,0,20,0,0,
192026,Kobe Clayborne,ED,0,0,,0,0,,S DAK ST,0,D94,0,0,0,30,1,2026,44,,0,0,,0,0,0,4,2,0,52.2,0,1,0,0,S DAK ST,0,0,1,0,,0,,58.6,,77.8,0,292,44,0,7,0,0,14,0,0,0,0,31,62.2
192090,DJ Harris,S,0,0,,0,3,,YNGTOWN ST,3,D21,22,16,0,0,1,2026,0,28,0,0,65.9,0,0,10,0,0,0,37.1,0,0,0,0,YNGTOWN ST,0,0,0,0,,3,42.9,51.3,,72.4,0,353,22,0,0,0,0,12,0,1,3,0,0,
192102,Leroy Harris III,ED,0,0,,0,0,,CHATTNOOGA,0,D31,0,0,0,14,1,2029,19,,0,0,,2,0,0,0,0,1,59.9,0,0,0,0,CHATTNOOGA,0,0,2,0,,0,,62.7,,76.4,0,137,19,0,0,0,0,5,0,0,0,0,19,62.2
192134,Andrew Hand,S,1,0,,0,0,0,E TENN ST,0,D24,17,7,0,0,1,2029,0,,0,0,62.8,0,0,10,0,0,0,60.9,0,0,0,0,E TENN ST,0,0,0,0,,1,,63.2,,75.8,0,157,17,0,0,0,39.6,7,0,0,8,0,0,
192137,Devin Ingram,HB,0,0,,0,0,,E TENN ST,0,20,1,0,0,0,1,2029,0,,0,0,,0,0,0,0,0,0,60,0,0,0,0,E TENN ST,0,0,0,0,,0,,60,,60,0,157,1,0,0,0,0,1,0,0,0,0,0,
192169,Drew Nyangweso,CB,3,0,,0,0,66.7,MOREHEAD,5,D03,63,6,0,3,1,2026,6,80.7,23,2,62.3,0,0,36,1,0,0,77.1,54,0,0,0,MOREHEAD,2,0,0,0,13,3,0,66.5,11.5,79.2,0,234,69,6,0,0,89.6,30,0,1,0,0,5,58.2
192171,Isai Perez Jr.,DI,0,0,,0,0,,MOREHEAD,0,D99,0,0,0,0,1,2028,1,,0,0,,0,0,0,0,0,0,60,0,0,0,0,MOREHEAD,0,0,0,0,,0,,61.3,,64.7,0,234,1,0,1,0,0,1,0,0,0,0,0,
192176,Dillon Schobourgh,LB,0,0,,0,0,,MOREHEAD,3,D42,42,39,1,1,1,2026,3,78.7,0,0,70.8,0,0,22,0,0,1,66.7,0,0,0,0,MOREHEAD,3,0,1,0,,3,0,74.3,,74.3,0,234,45,0,0,0,0,22,0,0,0,0,3,71.3
192221,Robert Powell,CB,0,0,,0,0,,VA MILT IN,0,D17,4,1,0,0,1,2029,0,,0,0,,0,0,0,0,0,0,60,3,0,0,0,VA MILT IN,0,0,0,0,,0,,60.6,,68.2,0,336,4,0,0,0,0,4,0,0,0,0,0,
192246,Asa Locks,CB,3,0,,0,2,66.7,VA MILT IN,7,D16,76,25,0,0,1,2029,0,59.7,20,2,65.7,0,0,33,0,0,0,57.1,50,0,0,0,VA MILT IN,1,0,0,0,16,0,15.4,63.4,10,76.7,0,336,76,16,0,0,85.4,43,0,4,1,0,0,
192252,Amaje Parker,CB,1,0,,0,0,0,VA MILT IN,0,D30,15,1,0,0,1,2029,0,74.8,0,0,71.3,0,0,8,0,0,0,61.2,6,0,0,0,VA MILT IN,0,0,0,0,,8,0,71.8,,73,0,336,15,0,0,0,39.6,7,0,1,0,0,0,
192270,Davis Smith,S,3,0,,0,2,66.7,ALAB A&M,2,D33,50,10,0,0,1,2028,0,42.6,24,2,53.1,0,0,22,0,0,0,55,0,0,0,0,ALAB A&M,1,0,0,0,18,4,28.6,53.3,12,76.4,0,104,50,11,0,0,130.6,28,0,3,36,1,0,
192278,Ta'Shaun Sims,S,1,1,,0,0,0,ALABAMA ST,1,D42,19,8,0,0,1,2029,0,74.8,0,0,87.8,0,1,12,0,0,0,60.1,0,0,0,0,ALABAMA ST,1,0,0,0,,2,0,84.9,,73.7,0,105,19,0,0,0,0,7,0,0,9,0,0,
192316,Alexandre Dedieu,ED,0,0,,0,0,,LAMAR,1,D95,2,1,0,8,1,2027,14,75.2,0,0,60.6,1,0,2,0,0,0,67.9,0,0,0,0,LAMAR,0,0,1,0,,1,0,69.7,,76,0,204,16,0,0,0,0,6,0,1,0,0,14,63.9
192327,C.J. Miller,LB,1,0,,0,0,100,LAMAR,0,D34,12,12,0,1,1,2029,0,73.6,15,1,42.3,0,0,6,0,0,0,72.2,0,0,0,0,LAMAR,0,0,0,0,15,0,0,49.2,15,72,0,204,12,0,0,0,118.8,5,0,1,0,0,0,60
192347,Michael Nixon,DI,0,0,,0,0,,NWSTATE,0,D91,0,0,0,0,1,2029,3,,0,0,,0,0,0,3,0,0,60,0,0,0,0,NWSTATE,0,0,0,0,,0,,52.7,,66.2,0,257,3,0,0,0,0,3,0,0,0,0,0,
192350,Ford Clark,ED,0,0,,0,0,,NWSTATE,1,D39,0,0,0,1,1,2029,8,73.2,0,0,,0,0,0,6,0,0,62.6,0,0,0,0,NWSTATE,0,0,0,0,,0,0,63,,70.9,0,257,8,0,1,0,0,7,0,1,0,0,1,60
192359,Hayden Jenkins,LB,1,0,,0,1,100,NWSTATE,2,D01,22,20,0,6,1,2028,21,49.6,10,1,34.5,1,0,9,0,0,0,44.8,0,0,0,0,NWSTATE,0,0,1,0,10,2,25,36,10,76,0,257,43,12,0,0,108.3,28,0,1,0,0,21,57
192364,Kaden Mackey,S,2,0,,0,6,50,NWSTATE,4,D36,60,44,0,0,1,2028,0,23.3,28,1,51.3,0,0,19,0,0,0,40.7,0,0,0,0,NWSTATE,2,0,0,0,28,1,54.5,44.3,28,74,0,257,60,29,0,0,95.8,41,0,1,15,0,0,
192375,Andre Williams,LB,0,0,,0,0,,NWSTATE,0,D51,6,6,0,0,1,2029,0,,0,0,60,0,0,1,0,0,0,34.5,0,0,0,0,NWSTATE,0,0,0,0,,0,,30.3,,70.5,0,257,6,0,0,0,0,5,0,0,0,0,0,
192382,Eric Zachery,CB,4,0,,0,0,100,PRVIEW A&M,6,D21,57,3,0,0,1,2029,0,81.8,32,4,51.1,0,0,38,0,0,0,70.5,52,0,4,0,PRVIEW A&M,1,3,0,0,11,1,0,47.9,8,0,0,270,57,4,0,0,100,19,0,0,0,0,0,
192403,Evan Byrd,S,1,0,,0,1,100,CITADEL,5,D16,49,12,0,0,1,2025,0,64.9,11,1,74.8,0,1,32,0,0,0,68.2,0,0,0,0,CITADEL,1,0,0,0,11,8,14.3,75.1,11,77.3,0,139,49,16,0,0,72.9,17,0,1,29,0,0,
192418,Scoop Gardner Jr.,DI,0,0,,0,0,,LIUSHAR,1,D90,0,0,0,27,1,2029,43,70.2,0,0,,0,0,0,23,0,0,70.3,0,0,0,0,LIUSHAR,1,0,0,0,,0,0,63.7,,75.2,0,1298,43,0,19,0,0,16,0,0,0,0,1,54.7
192433,Kyle Jackson,LB,3,0,,0,1,66.7,TARLETON,1,D19,21,21,0,2,1,2027,1,26.9,31,2,31.2,0,0,13,0,0,0,70.9,0,0,0,0,TARLETON,1,0,0,0,21,0,50,41.6,15.5,71.1,0,401,22,34,0,0,100.7,7,0,0,0,0,1,59.7
192440,Jaleel Laffitte,CB,0,0,,0,0,,CITADEL,0,D26,14,2,0,0,1,2025,0,,0,0,64.7,0,0,9,0,0,0,60,12,0,0,0,CITADEL,0,0,0,0,,0,,65.3,,71.1,0,139,14,0,0,0,0,5,0,0,0,0,0,
192458,Will Pickren,S,1,0,,0,0,100,CITADEL,2,D13,26,6,0,0,1,2025,0,76.8,5,1,65.8,0,0,17,0,0,0,64.1,0,0,0,0,CITADEL,1,0,0,0,5,7,0,66.9,5,75,0,139,26,0,0,0,87.5,9,0,0,13,0,0,
192459,Jeremiah Postell,S,1,0,,0,0,100,TARLETON,1,D21,11,4,0,2,1,2027,3,74.3,6,1,65,0,0,9,0,0,0,60.4,0,0,0,0,TARLETON,1,0,0,0,6,1,0,64.1,6,72.8,0,401,14,2,0,0,91.7,3,0,0,6,0,3,57.7
192461,Bam Smith,LB,3,0,,0,0,100,TARLETON,3,D17,32,32,0,4,1,2026,0,80.3,18,3,56.2,0,0,10,0,0,0,82.7,0,0,0,0,TARLETON,1,0,0,0,9,0,0,75.2,6,72.9,0,401,32,7,0,0,91.7,18,0,2,0,0,0,65.9
192470,Branson Tita-Nwa,CB,1,0,,0,0,100,TARLETON,1,D08,4,0,0,1,1,2026,2,73.4,25,1,46.4,0,0,2,0,0,0,60,0,0,1,0,TARLETON,0,1,0,0,25,4,0,43.1,25,72.9,0,401,6,0,0,0,118.8,3,0,0,0,0,2,59.5
192481,Vililami Wolfgramm,DI,0,0,,0,0,,TARLETON,0,D44,0,0,0,20,1,2027,29,,0,0,60,0,0,1,0,11,0,57.5,0,1,0,0,TARLETON,0,0,1,0,,0,,55.8,,75.1,0,401,29,0,18,0,0,8,0,0,0,0,0,54.9
192502,Kyon Loud,CB,0,0,,0,0,,MONTANA,0,D14,30,5,0,0,1,2029,0,73.5,0,0,51.2,0,0,17,0,0,0,65.4,25,0,0,0,MONTANA,0,0,0,0,,0,0,54,,73.5,0,232,30,0,0,0,0,13,0,1,0,0,0,
192522,Esteban Guillory,S,2,0,,0,0,50,MURRAY ST,5,D28,44,28,0,0,1,2028,0,71.6,38,1,50.1,0,0,18,0,0,0,73.8,0,0,0,0,MURRAY ST,3,0,0,0,38,15,0,59.9,38,83.7,0,236,44,8,0,0,95.8,26,1,0,0,0,0,
192524,James Jackson,CB,1,0,,0,0,100,MURRAY ST,1,D31,15,4,0,0,1,2028,0,73.5,9,1,54.7,0,0,6,0,0,0,64.2,10,0,0,0,MURRAY ST,0,0,0,0,9,0,0,57.7,9,69.4,0,236,15,9,0,0,104.2,9,0,0,0,0,0,
192537,Jordan Sonnabend,LB,0,0,,0,0,,MURRAY ST,1,D53,4,3,0,0,1,2029,0,73.6,0,0,60,0,0,1,0,0,0,71.5,0,0,0,0,MURRAY ST,1,0,0,0,,0,0,73.5,,65.5,0,236,4,0,0,0,0,3,0,0,0,0,0,
192561,Jacoby Sherard,DI,0,0,,0,0,,NEW HAMP,1,D98,0,0,0,8,1,2025,32,73.2,0,0,,0,0,0,0,14,0,70.9,0,0,0,0,NEW HAMP,0,0,0,0,,0,0,69.9,,76.1,0,240,32,0,18,0,0,24,0,2,0,0,0,58
192566,Hyson Bey-Buie,DI,0,0,,0,0,,N IOWA,1,D50,0,0,0,27,1,2028,49,72.4,0,0,,0,0,0,4,0,0,68.5,0,2,0,0,N IOWA,1,0,2,0,,0,0,68.7,,76.1,0,255,49,0,45,0,0,22,0,1,0,0,0,63.1
192585,Antonio Scott,S,0,0,,0,0,,N IOWA,1,D23,7,5,0,0,1,2028,0,74.8,0,0,42.7,0,0,3,0,0,0,60,0,0,0,0,N IOWA,0,0,0,0,,1,0,45.7,,69.8,0,255,7,0,0,0,0,4,0,0,1,0,0,
192606,Trashawn Adams,S,0,0,,0,1,,STF AUSTIN,5,D15,43,12,0,1,1,2028,1,63.9,0,0,65.9,0,0,28,0,0,0,83.8,0,0,0,0,STF AUSTIN,4,0,0,0,,8,14.3,73.5,,77.2,0,301,44,0,0,0,0,15,0,1,23,0,1,60
192616,Jake Gillespie,S,0,0,,0,0,,STF AUSTIN,1,D32,8,3,0,0,1,2029,0,74.3,0,0,61.3,0,0,3,0,0,0,61.8,0,0,0,0,STF AUSTIN,1,0,0,0,,0,0,64.1,,69.8,0,301,8,0,0,0,0,5,0,0,5,0,0,
192622,Lowote Jurkin,ED,0,0,,0,0,,STF AUSTIN,0,D39,0,0,1,10,1,2029,20,73,0,0,60,0,0,1,0,0,0,65.9,0,0,0,0,STF AUSTIN,1,0,1,0,,0,,67.5,,76.9,0,301,20,0,0,0,0,9,0,0,0,0,20,63.2
192624,K'Mard Kimble,DI,0,0,,0,0,,STF AUSTIN,0,D95,0,0,0,4,1,2029,12,70.1,0,0,,0,0,0,0,11,0,69.1,0,0,0,0,STF AUSTIN,0,0,0,0,,0,0,69.3,,73.3,0,301,12,0,1,0,0,8,0,1,0,0,0,58.7
192633,Kameron Reddic,S,2,0,,0,1,100,STF AUSTIN,1,D38,14,2,0,0,1,2029,0,28.7,12,2,57.8,0,0,10,0,0,0,60,0,0,0,0,STF AUSTIN,0,0,0,0,7,7,50,58.5,6,73.2,0,301,14,4,0,0,91.7,4,0,0,5,0,0,
192634,Chance Sautter,S,0,0,,0,0,,STF AUSTIN,1,D34,7,7,0,0,1,2028,0,73.6,0,0,60.9,0,0,3,0,0,0,66.8,0,0,0,0,STF AUSTIN,0,0,0,0,,0,0,67.9,,69.3,0,301,7,0,0,0,0,4,0,0,0,0,0,
192728,Marcel Anderson,CB,1,0,,0,0,100,BRYANT,2,D25,12,0,0,0,1,2026,0,77.9,9,1,56.4,0,0,4,0,0,0,55.4,12,0,1,0,BRYANT,0,0,0,0,9,0,0,45.3,9,0,0,124,12,6,0,0,104.2,8,0,1,0,0,0,
192740,Jake Davis,CB,1,0,,0,0,100,BRYANT,3,D33,15,0,0,2,1,2028,0,78.8,9,1,52.4,0,0,2,0,0,0,63.8,15,0,0,0,BRYANT,1,0,0,0,9,0,0,54.6,9,72.3,0,124,15,0,0,0,104.2,11,1,0,0,0,0,57.4
192742,CeeDee Doby,LB,0,0,,0,0,,BRYANT,4,D01,27,26,0,1,1,2026,0,79.1,0,0,62.5,0,0,5,0,0,0,72.7,0,0,0,0,BRYANT,3,0,0,0,,1,0,71.8,,74.3,0,124,27,0,0,0,0,21,0,0,0,0,0,59.4
192748,Jayden Hazelwood,DI,0,0,,0,0,,BRYANT,0,D68,0,0,0,6,1,2029,18,,0,0,,0,0,0,0,6,0,59.8,0,0,0,0,BRYANT,0,0,0,0,,0,,58.5,,73.6,0,124,18,0,12,0,0,12,0,0,0,0,0,56.3
192751,Azarel Juste,S,1,0,,0,1,100,BRYANT,4,D23,19,9,0,1,1,2029,0,62.3,4,1,31.2,0,0,4,0,0,0,58.6,0,0,0,0,BRYANT,0,0,0,0,4,7,14.3,42.6,4,73.4,0,124,19,0,0,0,83.3,14,0,2,3,0,0,60
192761,Cole Nilles,LB,1,0,,0,1,100,BRYANT,7,D45,36,35,0,0,1,2029,1,61.2,31,1,59.1,0,0,14,0,0,0,56.8,0,0,0,0,BRYANT,4,0,0,0,31,1,12.5,57.4,31,72.9,0,124,37,10,0,0,118.8,23,0,0,0,0,1,
192778,Dwayne Carter,S,1,0,,0,4,0,DELWARE ST,2,D38,35,13,0,0,1,2029,0,22.7,0,0,44.8,1,0,18,0,0,0,35.4,0,0,1,0,DELWARE ST,1,0,1,0,,7,66.7,37.7,,0,0,152,35,0,0,0,39.6,17,0,0,15,0,0,60
192810,Eric Gant,S,5,0,,0,1,80,LNDNWD,3,D39,68,26,0,0,1,2027,0,60.3,81,4,56.2,0,0,50,0,0,1,65.4,0,0,0,0,LNDNWD,1,0,0,0,35,17,16.7,58,20.3,77.9,0,949,68,4,0,0,118.8,18,0,2,24,0,0,
192814,Demetrius Jones,DI,0,0,,0,0,,LNDNWD,0,D96,0,0,0,6,1,2029,10,,0,0,,1,0,0,0,0,0,63.9,0,0,0,0,LNDNWD,0,0,1,0,,0,,62.6,,71.3,0,949,10,0,10,0,0,4,0,0,0,0,0,57.2
192826,Jacob Waller,LB,5,0,,0,1,100,LNDNWD,6,D36,74,23,0,6,1,2027,4,71.9,53,5,60.7,1,0,51,0,0,0,67.8,1,0,0,0,LNDNWD,5,0,1,0,20,49,8.3,65.3,10.6,79,0,949,78,13,0,0,110.8,21,0,5,0,0,4,75.5
192830,Rohan Davy,LB,1,0,,0,0,100,RHODE ISLD,0,D26,2,2,0,0,1,2029,0,,4,1,60.3,0,0,2,0,0,0,,0,0,0,0,RHODE ISLD,0,0,0,0,4,0,,61.2,4,66.2,0,274,2,0,0,0,83.3,0,0,0,0,0,0,
192846,Khalik Boothe,CB,0,0,,0,0,,SE MO ST,1,D35,1,0,0,0,1,2028,0,70.1,0,0,,0,0,0,0,0,0,66.4,0,0,0,0,SE MO ST,1,0,0,0,,0,0,67.3,,60,0,293,1,0,0,0,0,1,0,0,0,0,0,
192849,McCoy Casey,ED,0,0,,0,1,,SE MO ST,2,D04,2,2,0,28,1,2027,53,52.6,0,0,60.8,4,0,2,3,0,0,72.5,0,1,0,0,SE MO ST,2,0,5,0,,0,25,68.8,,79.8,0,293,55,0,5,0,0,25,2,1,0,0,45,59.7
192854,Jayden Davis,LB,0,0,,0,0,,SE MO ST,0,D54,1,0,0,0,1,2029,0,,0,0,,0,0,0,0,0,0,60,0,0,0,0,SE MO ST,0,0,0,0,,0,,60.1,,60,0,293,1,0,0,0,0,1,0,0,0,0,0,
192864,Jacorey Love,HB,0,0,,0,0,,SE MO ST,0,28,1,0,0,0,1,2028,0,,0,0,,0,0,0,0,0,0,60,0,0,0,0,SE MO ST,0,0,0,0,,0,,60.1,,60,0,293,1,0,0,0,0,1,0,0,0,0,0,
192876,Landon Sylvie,CB,0,0,,0,0,,SE MO ST,0,D34,5,0,0,0,1,2029,0,,0,0,60,0,0,1,0,0,0,60.1,3,0,0,0,SE MO ST,0,0,0,0,,1,,61.9,,74.4,0,293,5,0,0,0,0,4,0,0,0,0,0,
192894,Carter Hanberry,S,2,0,,0,1,100,SE LA,9,D27,53,19,0,1,1,2029,1,74,5,2,69.9,0,0,29,0,0,0,75.6,0,0,0,0,SE LA,5,0,0,0,5,0,8.3,73.7,2.5,77.3,0,294,54,6,0,0,79.2,24,1,2,34,0,1,60
192937,Tyler Henry,CB,1,0,,0,0,0,W ILLINOIS,1,D04,54,10,0,0,1,2026,0,76.6,0,0,67.6,0,0,20,0,0,0,44.7,40,0,0,0,W ILLINOIS,0,0,0,0,,3,0,60.6,,75.9,0,345,54,0,0,0,39.6,34,0,1,1,0,0,
192960,Jonathon Williams,LB,2,0,,0,1,100,W ILLINOIS,5,D57,49,49,0,1,1,2028,1,53.7,92,2,51.6,0,0,16,0,0,0,52.1,0,0,1,0,W ILLINOIS,2,0,0,0,57,0,16.7,44.3,46,0,0,345,50,59,0,0,158.3,33,0,0,0,1,1,60
192971,Jackson Daniels,CB,2,0,,0,1,0,IDAHO ST,1,D13,15,2,0,0,1,2029,0,27.5,0,0,58,0,0,12,0,0,0,66,13,0,0,0,IDAHO ST,1,0,0,0,,0,50,61.6,,71.2,0,186,15,0,0,0,39.6,3,0,0,0,0,0,
192972,Jake East,ED,0,0,,0,0,,IDAHO ST,0,D98,0,0,0,9,1,2029,17,,0,0,,0,0,0,6,0,0,42.7,0,0,0,0,IDAHO ST,0,0,0,0,,0,,42.7,,73.7,0,186,17,0,0,0,0,8,0,0,0,0,11,55.8
192976,Darrell Gipson Jr.,LB,1,0,,0,0,100,IDAHO ST,2,D39,19,19,0,4,1,2029,5,75.6,8,1,51.2,0,0,8,0,0,0,54.6,0,0,0,0,IDAHO ST,0,0,0,0,8,0,0,52.4,8,75.4,0,186,24,13,0,0,100,12,0,0,0,0,5,64.7
192995,Wayne Adair,CB,0,0,,0,0,,MARIST,1,D42,5,1,0,0,1,2029,0,74.8,0,0,61.4,0,0,2,0,0,0,62.8,0,0,0,0,MARIST,0,0,0,0,,4,0,65.2,,69,0,213,5,0,0,0,0,3,0,0,0,0,0,
193018,Tyrell Powell,CB,8,0,,0,2,75,MARIST,3,D35,40,9,0,2,1,2029,8,35.7,61,6,51.4,0,0,22,0,0,0,55.9,2,0,0,0,MARIST,1,0,0,0,15,29,33.3,51.7,10.2,78.9,0,213,48,39,0,1,96.4,24,0,1,0,0,8,58.5
193020,Braylen Ricks,DI,0,0,,0,1,,MARIST,2,D98,0,0,0,19,1,2029,38,32.8,0,0,,0,0,0,0,0,0,61.7,0,0,0,0,MARIST,2,0,0,0,,0,20,59.5,,75.3,0,213,38,0,38,0,0,19,0,2,0,0,0,55.3
193021,Nate Robinson Jr.,S,2,0,,0,1,100,MARIST,3,D25,38,22,0,0,1,2029,1,54.9,9,2,63.7,0,0,19,0,0,0,64.4,2,0,0,0,MARIST,1,0,0,0,5,2,20,64.9,4.5,75.5,0,213,39,10,0,0,85.4,20,0,1,12,0,1,
193053,Jacory Brown,DI,0,0,,0,0,,TXAMEA,1,D53,0,0,0,4,1,2026,13,70.2,0,0,,0,0,0,0,3,0,62.9,0,0,0,0,TXAMEA,1,0,0,0,,0,0,62.8,,73.5,0,1139,13,0,10,0,0,9,0,0,0,0,0,58.7
193260,Dasean Dixon,DI,0,0,,0,0,,ALBANY,2,D99,0,0,0,29,1,2026,58,75.8,0,0,60.2,2,0,0,10,3,0,73.2,0,1,1,0,ALBANY,0,0,3,0,,0,0,70.3,,0,0,106,58,0,43,0,0,29,0,3,0,0,2,64.7
193267,Donny Jones,CB,1,0,,0,0,100,ALBANY,1,D20,2,0,0,0,1,2029,0,73.5,6,1,63.1,0,0,2,0,0,0,,2,0,0,0,ALBANY,1,0,0,0,6,0,0,64,6,65.8,0,106,2,1,0,0,91.7,0,0,0,0,0,0,
193277,Erv Wiggins Jr.,CB,7,0,,0,2,57.1,ALBANY,2,D21,42,5,0,0,1,2029,1,26.8,35,4,71.5,0,0,24,0,0,0,53.9,35,0,0,0,ALBANY,1,0,0,0,14,2,50,68.6,8.8,75.4,0,106,43,25,0,2,70.5,19,0,0,0,0,1,
193297,Ja'Marlin Green,S,6,0,,0,0,83.3,ARKAPB,5,D21,61,10,0,1,1,2026,4,82.1,58,5,52.9,0,0,22,0,0,0,77.5,0,0,0,0,ARKAPB,3,0,0,0,17,51,0,62.3,11.6,80.6,0,112,65,27,0,1,106.9,42,1,0,0,0,4,60
193301,Jason Gwan,DI,0,0,,0,1,,ARKAPB,2,D98,0,0,0,7,1,2028,23,45.7,0,0,60,1,0,0,0,4,0,56.6,0,0,0,0,ARKAPB,2,0,1,0,,0,25,59.9,,74.2,0,112,23,0,18,0,0,16,0,1,0,0,1,64
193305,Antonio Johnson,DI,0,0,,0,0,,ARKAPB,1,D06,0,0,0,15,1,2026,46,73.4,0,0,,0,0,0,2,13,0,72.3,0,0,0,0,ARKAPB,1,0,0,0,,0,0,70,,76.4,0,112,46,0,31,0,0,31,0,2,0,0,0,56.5
193307,Jaden Kelly,LB,3,0,,0,3,100,ARKAPB,2,D00,42,42,0,2,1,2027,7,42.1,32,3,34.7,0,0,9,0,0,0,55.2,0,0,0,0,ARKAPB,0,0,0,0,17,0,27.3,45.4,10.7,78,0,112,49,24,0,0,111.1,38,0,6,0,0,7,58.1
193308,Liam Lindo,CB,2,0,,0,0,100,ARKAPB,4,D25,49,8,0,0,1,2027,1,79.6,26,2,61.8,0,0,19,0,0,0,69.5,30,0,0,0,ARKAPB,1,0,0,0,21,0,0,65.3,13,75.5,0,112,50,9,0,0,118.8,31,0,0,11,0,1,
193310,Kavion Majors,ED,0,0,,0,0,,ARKAPB,0,D55,0,0,0,3,1,2026,10,,0,0,,0,0,0,3,0,0,62,0,0,0,0,ARKAPB,0,0,0,0,,0,,61,,72.8,0,112,10,0,0,0,0,7,0,0,0,0,7,57.5
193312,Amyrion Mingo,CB,2,0,,0,0,0,ARKAPB,3,D39,32,3,0,1,1,2029,4,79.7,0,0,64.1,0,0,13,0,0,0,71.4,29,0,0,0,ARKAPB,0,0,0,0,,0,0,68.2,,76.1,0,112,36,0,0,0,39.6,22,0,1,0,0,4,60
193320,Quintin Sterling,S,1,0,,0,0,100,ARKAPB,5,D22,61,25,0,0,1,2026,2,86.2,14,1,72.6,0,0,22,0,0,0,79.2,0,0,0,0,ARKAPB,1,0,0,0,14,5,0,77.4,14,77.6,0,112,63,8,0,1,118.8,41,0,3,31,0,2,
193327,Zach Williams,CB,0,0,,0,0,,ARKAPB,6,D34,55,6,0,0,1,2029,0,81.7,0,0,69.8,0,0,22,0,0,0,66.4,49,0,0,0,ARKAPB,2,0,0,0,,0,0,70.4,,75.7,0,112,55,0,0,0,0,33,0,0,0,0,0,
193338,Naim Lassiter,S,1,0,,0,0,100,BETH COOK,0,D38,19,5,0,0,1,2027,1,75.1,23,1,51.3,0,0,9,0,0,0,49.1,0,0,0,0,BETH COOK,0,0,0,0,23,14,0,47.3,23,73.2,0,119,20,0,0,0,158.3,11,0,1,0,1,1,
193342,Matthew McKenzie,CB,1,0,,0,0,0,BETH COOK,0,D27,5,0,0,0,1,2029,0,,0,0,61.8,0,0,3,0,0,0,60,5,0,0,0,BETH COOK,0,0,0,0,,0,,62.6,,68.7,0,119,5,0,0,0,39.6,2,0,0,0,0,0,
193343,Dairo Melendez Jr.,DI,0,0,,0,0,,BETH COOK,0,D99,0,0,0,5,1,2029,15,,0,0,,0,0,0,0,0,0,46.6,0,0,0,0,BETH COOK,0,0,0,0,,0,,46.1,,72.4,0,119,15,0,15,0,0,10,0,0,0,0,0,58.7
193355,Kevin Washington Jr.,LB,2,0,,0,1,100,BETH COOK,7,D14,38,37,0,4,1,2030,6,60.8,34,2,60,1,0,16,0,0,0,56.7,0,0,0,0,BETH COOK,6,0,1,0,29,1,12.5,57.4,17,75.1,0,119,44,16,0,0,118.8,24,2,0,0,0,6,57
193366,Christian Harris,CB,0,0,,0,0,,DARTMOUTH,0,D38,1,0,0,0,1,2029,0,,0,0,60,0,0,1,0,0,0,,0,0,0,0,DARTMOUTH,0,0,0,0,,0,,60,,63.1,0,148,1,0,0,0,0,0,0,0,1,0,0,
193371,No'Koi Maddox,S,1,0,,0,2,100,DARTMOUTH,2,D36,30,6,0,0,1,2029,0,31,29,1,53.9,0,0,20,0,0,0,57.4,1,0,0,0,DARTMOUTH,1,0,0,0,29,5,50,54.1,29,75.7,0,148,30,2,0,0,118.8,10,0,0,18,0,0,
193406,Tariq Hollinger,CB,1,0,,0,0,100,PRESBYTERN,2,D04,24,3,0,2,1,2030,0,79.4,6,1,53.1,0,0,15,0,0,0,68.4,0,0,1,0,PRESBYTERN,0,0,0,0,6,21,0,56.1,6,75.8,0,271,24,1,0,0,91.7,7,0,1,0,0,0,57.8
193410,Ryan Largin,S,1,0,,0,0,0,PRESBYTERN,0,D37,4,1,0,0,1,2029,0,,0,0,91.9,0,1,4,0,0,0,,0,0,0,0,PRESBYTERN,0,0,0,0,,0,,92.7,,66.7,0,271,4,0,0,0,0,0,0,0,3,0,0,
193424,EJ Youman,CB,0,0,,0,0,,PRESBYTERN,0,D18,0,0,0,1,1,2028,1,,0,0,,0,0,0,0,0,0,,0,0,0,0,PRESBYTERN,0,0,0,0,,0,,59.7,,65.7,0,271,1,0,0,0,0,0,0,0,0,0,1,59.2
196435,Emmanuel Arinzie,ED,0,0,,0,0,,MS VLY ST,3,D58,0,0,0,7,1,2026,14,76.5,0,0,60.1,0,0,0,1,0,0,68,0,0,0,0,MS VLY ST,1,0,0,0,,0,0,67.7,,74.1,0,228,14,0,0,0,0,7,0,1,0,0,13,56.9
196437,Anthony Brown,LB,0,0,,0,0,,MS VLY ST,0,D43,4,4,0,0,1,2027,0,,0,0,60.2,0,0,2,0,0,0,60,0,0,0,0,MS VLY ST,0,0,0,0,,0,,36.5,,67.5,0,228,4,0,0,0,0,2,0,0,0,0,0,
196454,Brandon Purifoy,S,0,0,,0,0,,MS VLY ST,0,D30,18,4,0,0,1,2028,0,76.4,0,0,66.7,0,0,9,0,0,0,35.9,0,0,0,0,MS VLY ST,0,0,0,0,,5,0,50,,73.4,0,228,18,0,0,0,0,9,0,1,9,0,0,
196455,Donte Reed,ED,0,0,,0,2,,MS VLY ST,2,D44,0,0,1,25,1,2025,50,39.5,0,0,,1,0,0,7,0,0,70.8,0,0,1,1,MS VLY ST,3,0,2,0,,0,40,64,,0,0,228,50,0,0,0,0,25,0,1,0,0,43,60.6
196475,Sidoine Djimbou,S,1,0,,0,1,0,STHLSK,6,D06,54,39,0,1,1,2029,0,61.2,0,0,67.3,0,0,27,0,0,0,62.7,0,0,1,0,STHLSK,1,1,0,0,,1,14.3,66,,73.5,0,1470,54,0,0,1,39.6,26,0,0,14,0,0,59
196482,Jaylon Hebert,CB,1,0,,0,0,100,STHLSK,1,D09,18,0,0,0,1,2030,0,74.2,32,1,55.5,0,0,10,0,0,0,60.1,18,0,1,0,STHLSK,0,0,0,0,32,0,0,49.3,32,0,0,1470,18,4,0,0,118.8,8,0,0,0,0,0,
196483,Caden Henritzy,LB,0,0,,0,0,,STHLSK,2,D36,30,30,0,0,1,2029,0,77.7,0,0,63.9,0,0,12,0,0,0,73.8,0,0,0,0,STHLSK,1,0,0,0,,0,0,72.6,,74.4,0,1470,30,0,0,0,0,18,0,1,0,0,0,
196484,Aidan Horodnik,DI,0,0,,0,0,,STHLSK,2,D93,3,3,0,18,1,2029,27,74.3,0,0,,0,0,0,0,9,0,71.3,0,0,0,0,STHLSK,2,0,0,0,,0,0,67.4,,75.8,0,1470,30,0,18,0,0,12,0,2,0,0,0,56.7
196506,Presley Titus,ED,0,0,,0,0,,STHLSK,0,D92,0,0,0,2,1,2029,7,,0,0,,0,0,0,1,0,0,62.6,0,0,0,0,STHLSK,0,0,0,0,,0,,63.6,,71.5,0,1470,7,0,0,0,0,5,0,0,0,0,6,59.5
196510,Chris Williams,LB,0,0,,0,0,,STHLSK,0,D32,7,4,0,4,1,2030,7,,0,0,63.3,0,0,8,0,0,0,60,0,0,0,0,STHLSK,0,0,0,0,,3,,61.1,,73.8,0,1470,14,0,0,0,0,2,0,0,0,0,7,55.3
196741,Herman Brister III,S,4,0,,0,4,75,SOUTHERN U,3,D21,51,11,0,0,1,2028,1,23.5,36,3,42.9,0,0,39,0,0,0,59,1,0,0,0,SOUTHERN U,1,0,0,0,16,5,57.1,44.9,12,77.7,0,297,52,34,0,0,141.7,13,0,0,34,1,1,
196745,Jamarlo Campbell,LB,1,0,,0,1,100,SOUTHERN U,0,D09,14,14,0,3,1,2026,1,49.5,8,1,48.3,0,0,7,0,0,0,63.4,0,0,0,0,SOUTHERN U,0,0,0,0,8,0,33.3,48.5,8,72,0,297,15,-1,0,0,100,5,0,2,0,0,1,56.1
196766,Vincent Paige Jr.,LB,5,0,,0,2,60,SOUTHERN U,5,D32,52,49,0,7,1,2026,1,59.2,18,3,61,0,0,28,0,0,0,67.3,0,1,0,0,SOUTHERN U,1,0,1,0,10,3,22.2,62.7,6,74.1,0,297,53,9,0,1,67.1,18,0,2,0,0,1,54.3
196771,Jerome Wallace,ED,0,0,,0,0,,SOUTHERN U,0,D58,0,0,0,7,1,2027,12,,0,0,,1,0,0,0,1,0,59.8,0,0,0,0,SOUTHERN U,0,0,1,0,,0,,61.8,,73.4,0,297,12,0,1,0,0,5,0,0,0,0,10,61.9
196829,Antonio O'Berry,ED,0,0,,0,0,,GARD-WEBB,1,D03,0,0,0,55,1,2028,82,76.1,0,0,60.9,6,0,4,0,0,0,68.3,0,0,0,0,GARD-WEBB,1,0,6,0,,0,0,60.5,,80.1,0,171,82,0,0,0,0,23,0,3,0,0,82,53.4
196846,Preston Green,LB,0,0,,0,0,,CENT CT ST,0,D29,9,9,0,0,1,2028,0,,0,0,61.4,0,0,4,0,0,0,54.9,0,0,0,0,CENT CT ST,0,0,0,0,,0,,55.7,,66.1,0,133,9,0,0,0,0,5,0,0,0,0,0,
196873,Diego Addison,S,2,0,,0,1,0,SCAR STATE,3,D02,44,15,0,0,1,2026,0,55,0,0,72.4,0,0,27,0,0,0,61,0,0,0,0,SCAR STATE,0,0,0,0,,3,20,70.1,,76.2,0,290,44,0,0,0,39.6,17,0,1,26,0,0,
196874,Joshua Barker,DI,0,0,,0,0,,SCAR STATE,0,D00,0,0,0,3,1,2028,7,,0,0,,0,0,0,1,2,0,62.1,0,0,0,0,SCAR STATE,0,0,0,0,,0,,69.2,,72,0,290,7,0,4,0,0,4,0,0,0,0,0,68.1
196876,Jayden Broughton,ED,0,0,,2,0,,SCAR STATE,2,D01,0,0,4,21,1,2025,37,61.7,0,0,,2,0,0,1,0,0,77.6,0,3,0,0,SCAR STATE,5,0,9,0,,0,0,96.2,,76.6,0,290,37,0,3,0,0,16,1,0,0,0,33,94.5
196878,Charron Dorsey,CB,1,0,,0,0,100,SCAR STATE,0,D25,8,0,0,0,1,2029,0,,71,1,29.8,0,0,3,0,0,0,60,8,0,0,0,SCAR STATE,0,0,0,0,71,0,,28.5,71,70.5,0,290,8,46,0,0,158.3,5,0,0,0,1,0,
196881,John Hannibal,DI,0,0,,0,0,,SCAR STATE,0,D41,0,0,0,18,1,2025,32,69.7,0,0,,0,0,0,0,2,0,42.9,0,0,0,1,SCAR STATE,0,0,0,0,,0,0,47.7,,74.7,0,290,32,0,30,0,0,14,0,1,0,0,0,60.2
196890,Dathan Peterson,CB,1,0,,0,1,0,SCAR STATE,1,D04,22,3,0,1,1,2025,2,43.9,0,0,57.4,1,0,12,0,0,0,54.3,1,0,0,0,SCAR STATE,1,0,1,0,,18,50,55.4,,76.5,0,290,24,0,0,0,39.6,11,0,0,0,0,2,59.7
196892,Marcus Samuels,CB,1,0,,0,0,0,SCAR STATE,0,D21,22,1,0,0,1,2029,0,,0,0,47.1,0,0,13,0,0,0,60.8,21,0,1,0,SCAR STATE,0,0,0,0,,0,,48.3,,73.2,0,290,22,0,0,0,39.6,9,0,0,0,0,0,
196897,Ka Von Chisolm,DI,0,0,,0,2,,SCAR STATE,1,D47,0,0,0,14,1,2029,30,20.5,0,0,,3,0,0,1,2,1,54.6,0,0,1,0,SCAR STATE,1,0,3,0,,0,66.7,59.6,,0,0,290,30,0,27,0,0,16,1,0,0,0,0,78.3
196899,Jarod Washington,CB,3,0,2026,0,1,33.3,SCAR STATE,0,D12,22,1,0,0,1,2026,0,21.7,11,1,75.4,0,0,13,0,0,0,66.2,19,0,0,0,SCAR STATE,0,0,0,0,11,2,100,77.3,11,73.6,0,290,22,12,0,2,45.1,9,0,0,0,0,0,
196902,Reece Allan,S,1,0,,0,2,100,COLGATE,3,D34,18,11,0,0,1,2029,0,29.3,18,1,49.1,0,0,8,0,0,0,52,0,0,0,0,COLGATE,1,0,0,0,18,3,40,47.6,18,72.8,0,142,18,3,0,0,118.8,10,0,0,4,0,0,
196903,Joe Kelly,DI,0,0,,0,0,,COLGATE,1,D94,0,0,0,11,1,2029,33,71.9,0,0,,0,0,0,0,3,0,74.9,0,0,0,0,COLGATE,1,0,0,0,,0,0,72.3,,74.9,0,142,33,0,29,0,0,22,1,1,0,0,1,56.2
197032,Noah Nelson,DI,0,0,,0,0,,GRAMBLING,0,D99,0,0,0,0,1,2027,5,,0,0,,0,0,0,0,5,0,61.5,0,0,0,0,GRAMBLING,0,0,0,0,,0,,62.8,,70.5,0,177,5,0,0,0,0,5,0,0,0,0,0,
197035,Jaymerson Darensbourg,LB,1,0,,0,3,100,TEXAS STHN,2,D19,39,37,0,3,1,2028,3,26.2,16,1,38.2,0,0,7,0,0,0,52.9,0,0,0,0,TEXAS STHN,0,0,0,0,16,2,60,43.6,16,72.4,0,313,42,1,0,0,118.8,32,0,0,0,0,3,57.4
197036,Brenden Barley,LB,1,0,,0,0,100,GRAMBLING,4,D30,10,10,0,0,1,2027,0,78.7,26,1,46.7,1,0,5,0,0,0,74.2,0,0,0,0,GRAMBLING,2,0,1,0,26,0,0,56.5,26,71.1,0,177,10,19,0,0,118.8,5,0,0,0,0,0,
197037,Breon Askins,ED,0,0,,0,0,,LIUSHAR,2,D37,0,0,0,14,1,2027,17,75.8,0,0,60,0,0,0,12,0,0,67.1,0,0,0,0,LIUSHAR,1,0,0,0,,0,0,63.6,,73.2,0,1298,17,0,0,0,0,3,0,1,0,0,5,55.1
197046,Uilisoni Angilau,DI,0,0,,0,1,,UTAHTC,2,D35,5,5,0,5,1,2028,11,29.1,0,0,63.2,2,0,4,0,0,0,54.3,0,1,0,0,UTAHTC,1,0,3,0,,0,33.3,69,,73.2,0,1285,16,0,11,0,0,7,0,0,0,0,0,77.7
197055,Zach Jones,LB,0,0,,0,0,,COLGATE,0,D38,6,4,0,0,1,2029,3,,0,0,60.5,0,0,2,0,0,0,47,0,0,0,0,COLGATE,0,0,0,0,,2,,48,,70.9,0,142,9,0,0,0,0,7,0,0,0,0,3,
197064,Semaj Jackson,S,0,0,,0,0,,CAMPBELL,0,D36,1,0,0,0,1,2030,0,,0,0,60,0,0,1,0,0,0,,0,0,0,0,CAMPBELL,0,0,0,0,,0,,60,,63.1,0,131,1,0,0,0,0,0,0,0,1,0,0,
197074,Jayden Williams,LB,0,0,,0,0,,NC A&T,0,D44,7,6,0,0,1,2029,0,73.1,0,0,61.2,0,0,5,0,0,0,62.1,0,0,0,0,NC A&T,0,0,0,0,,0,0,65.4,,70.3,0,246,7,0,0,0,0,2,0,1,1,0,0,
197514,Tre Moore,ED,0,0,,0,0,,SAN DIEGO,0,D07,0,0,0,4,1,2028,8,73,0,0,,0,0,0,0,0,0,62.1,0,0,0,0,SAN DIEGO,0,0,0,0,,0,0,60.1,,73.2,0,283,8,0,0,0,0,4,0,1,0,0,8,56.4
197525,Aaron Kizzee,LB,0,0,,0,0,,TEXAS STHN,0,D40,3,3,0,0,1,2029,0,,0,0,60,0,0,1,0,0,0,60.4,0,0,0,0,TEXAS STHN,0,0,0,0,,0,,63.7,,67.5,0,313,3,0,0,0,0,2,0,0,0,0,0,
197592,Adam DeSantis,DI,0,0,,0,0,,COLGATE,1,D96,0,0,0,5,1,2029,15,72.4,0,0,,0,0,0,0,1,0,63.6,0,0,0,0,COLGATE,0,0,0,0,,0,0,62.4,,72.7,0,142,15,0,14,0,0,10,0,1,0,0,0,56.4
197599,Azariah Levells,CB,1,0,,0,0,0,STF AUSTIN,3,D24,38,7,0,0,1,2027,0,78.2,0,0,64.5,0,0,21,0,0,0,62.8,31,0,1,0,STF AUSTIN,1,0,0,0,,0,0,65.1,,73.7,0,301,38,0,0,0,39.6,17,0,0,0,0,0,
197646,Anthony Johnson,LB,0,0,,0,0,,DELWARE ST,1,D43,13,13,0,0,1,2027,0,73.6,0,0,61,0,0,3,0,0,0,41,0,0,0,0,DELWARE ST,1,0,0,0,,0,0,45,,71.7,0,152,13,0,0,0,0,10,0,0,0,0,0,
197704,Paul-Marie Dogui,ED,0,0,,0,0,,COLGATE,0,D91,0,0,0,1,1,2029,2,,0,0,,0,0,0,1,0,0,60,0,0,0,0,COLGATE,0,0,0,0,,0,,59.1,,66.3,0,142,2,0,0,0,0,1,0,0,0,0,1,59.2
197778,Jordan Anderson,S,2,0,,0,2,100,W ILLINOIS,5,D28,54,30,0,0,1,2028,0,47,13,2,68.7,0,0,20,0,0,0,52.2,0,0,0,0,W ILLINOIS,3,0,0,0,8,3,25,61.7,6.5,75.3,0,345,54,12,0,0,93.8,34,0,1,21,0,0,
197820,Unknown D34 South Carolina State,S,0,0,,0,0,,SCAR STATE,1,D34,16,5,0,0,1,2025,0,76.4,0,0,61.4,0,0,4,0,0,0,44.2,0,0,0,0,SCAR STATE,1,0,0,0,,1,0,49.3,,73,0,290,16,0,0,0,0,12,0,0,10,0,0,
197824,Jeremiah Jimoh,CB,1,0,,0,0,100,UTAHTC,4,D39,75,4,0,0,1,2029,0,81.4,10,1,63.5,0,0,24,0,0,0,62.2,68,0,0,0,UTAHTC,0,0,0,0,10,2,0,63.6,10,77.3,0,1285,75,5,0,0,108.3,51,0,1,1,0,0,
197832,Brady Sorenson,S,0,0,,0,0,,UTAHTC,1,D38,1,0,0,0,1,2029,0,76.2,0,0,,0,0,0,0,0,0,60,0,0,0,0,UTAHTC,0,0,0,0,,0,0,60,,63.1,0,1285,1,0,0,0,0,1,0,0,1,0,0,
197840,Joshua Hampton,S,0,0,,0,0,,COLGATE,0,D20,4,0,0,0,1,2028,0,,0,0,,0,0,0,0,0,0,60,3,0,0,0,COLGATE,0,0,0,0,,1,,60.2,,69.2,0,142,4,0,0,0,0,4,0,0,0,0,0,
199676,MJ Hinson,CB,4,0,,0,2,25,TEXAS STHN,3,D08,58,4,0,0,1,2027,0,29,15,1,74.7,0,0,21,0,0,0,38.6,53,0,0,0,TEXAS STHN,1,0,0,0,15,1,40,66.2,15,76.8,0,313,58,4,0,0,42.7,37,0,0,0,0,0,
