playerId,player,position,declinedPenalties,draftSeason,eligibleSeason,franchiseId,gradesOffense,gradesOffensePenalty,gradesPassBlock,gradesPassRoute,gradesRunBlock,jerseyNumber,penalties,playerGameCount,snapCountsPass,snapCountsPassBlock,snapCountsPassRoute,snapCountsRun,snapCountsRunBlock,snapCountsTotal,snapCountsTotalPass,snapCountsTotalRun,team,teamName,gradesHandsFumble,gradesPass,gradesRun
41982,Cam McCormick,TE,0,,2025,220,55.7,74.5,84.8,51.1,62.8,84,0,1,0,3,9,0,14,26,12,14,MIAMI FL,MIAMI FL,,,
51984,Bentley Hanshaw,TE,0,,2025,206,52.8,77.1,,56.1,50.6,15,1,1,0,0,25,0,23,48,25,23,LIBERTY,LIBERTY,62.9,,
52369,Marshall Lang,TE,0,2025,2025,256,46.6,76.1,,47.7,56.3,88,0,1,0,0,15,0,6,21,15,6,NWESTERN,NWESTERN,61,,
52487,Luke Kandra,G,0,2025,2025,138,63.5,77.8,85.8,,59.5,67,0,1,0,22,0,0,24,46,22,24,CINCINNATI,CINCINNATI,,,
52540,Jakob James,C,0,,2025,316,59.9,74.1,28.2,,63.6,78,0,1,0,8,0,0,7,15,8,7,TOLEDO,TOLEDO,,,
52545,Joe Royer,TE,0,2026,2026,138,65.9,78,72,70,49.1,11,1,1,0,3,29,0,23,55,32,23,CINCINNATI,CINCINNATI,65,,
52962,Michael McCalmont,TE,0,,2025,138,60,67,65.3,,59.5,82,0,1,0,1,0,0,2,3,1,2,CINCINNATI,CINCINNATI,,,
54221,Sterling Berkhalter,WR,0,,2027,138,54.8,73.6,,55.1,60.6,84,0,1,0,0,8,0,5,13,8,5,CINCINNATI,CINCINNATI,,,
63709,Spencer Curtis,WR,0,,2025,180,53.2,76.7,,53,61.7,14,0,1,0,0,19,0,15,34,19,15,HAWAII,HAWAII,,,
63838,Jack Coldiron,TE,0,,2025,221,49.2,72.6,71.6,55.2,47.1,89,0,1,0,3,5,0,7,15,8,7,MIAMI OH,MIAMI OH,,,
70536,Sebastian Macaluso,WR,0,,2025,285,69.5,69,,67.8,,24,0,1,0,0,6,0,0,6,6,0,S JOSE ST,S JOSE ST,62.9,,
70727,Miller Moss,QB,0,2026,2026,326,77.1,75.4,,,60,07,0,1,29,0,0,1,16,46,29,17,USC,USC,68.7,75.3,63.1
70874,Jake Retzlaff,QB,0,,2026,128,65.1,77.4,,,60,12,0,1,32,0,0,11,33,76,32,44,BYU,BYU,40.8,60.5,65.9
70961,Mikey Keene,QB,0,,2027,169,69.3,77.3,62.2,,60.2,01,0,1,47,1,0,2,26,76,48,28,FRESNO ST,FRESNO ST,70.3,70.3,56.9
71295,Ryan Hilinski,QB,0,,2025,256,62.6,71,,,60,03,0,1,9,0,0,1,2,12,9,3,NWESTERN,NWESTERN,18.2,77.3,60
71304,Kyle Ford,WR,0,,2025,326,69.7,76.1,,68.8,60.7,81,0,1,0,0,12,0,11,23,12,11,USC,USC,12,,
71312,Elijah Mojarro,TE,0,,2025,275,45.6,76,72.7,52.9,43.4,07,0,1,0,7,17,0,23,47,24,23,RICE,RICE,61,,
71382,Luke Felix-Fualalo,T,0,2025,2025,180,66.1,73.5,75.6,,60.6,72,0,1,0,17,0,0,11,28,17,11,HAWAII,HAWAII,,,
71409,Jamari Ferrell,HB,0,,2026,351,64.2,74.9,71.5,55.8,56.9,06,0,1,0,1,12,7,6,26,13,13,WYOMING,WYOMING,71.4,,66.8
71502,Andrew Madrigal,C,0,,2026,239,71.8,5.8,86,,69.3,78,1,1,0,50,0,0,25,75,50,25,NEVADA,NEVADA,,,
71674,Silas Bolden,WR,0,2025,2025,311,68.9,73.6,,68.1,59.7,11,0,1,0,0,13,0,6,19,13,6,TEXAS,TEXAS,72.7,,
72158,Jake Bailey,WR,0,,2025,287,56.3,75.6,,55.9,60.6,12,0,1,0,0,14,0,19,33,14,19,SMU,SMU,62.9,,
72178,Colby Bowman,WR,0,,2025,329,62.7,74.7,,62.3,60.3,09,0,1,0,0,11,0,10,21,11,10,UTAH ST,UTAH ST,62.9,,
72200,Marist Talavou,G,0,,2025,285,72.6,79.1,78,,74.4,61,0,1,0,55,0,0,14,69,55,14,S JOSE ST,S JOSE ST,,,
72324,Sonny Makasini,G,0,,2027,128,60,60,,,60,51,0,1,0,0,0,0,1,1,0,1,BYU,BYU,,,
72376,Cam Davis,HB,0,,2026,340,67.2,71.5,74,80.7,,22,0,1,0,3,7,1,0,11,10,1,WASHINGTON,WASHINGTON,66,,59.6
72705,Jacob Gideon,C,1,,2025,347,79.5,78.6,61.9,,77,77,2,1,0,24,0,0,28,52,24,28,W MICHIGAN,W MICHIGAN,,,
73148,Falcon Kaumatule,G,0,,2025,328,65.3,0,86.2,,66.3,59,1,1,0,33,0,0,18,51,33,18,UTAH,UTAH,,,
73621,Elijah Gilliam,HB,0,,2026,169,67.7,77.1,85.4,63.4,60,33,0,1,0,7,29,15,2,53,36,17,FRESNO ST,FRESNO ST,75.3,,67.6
73741,Aluma Nkele,T,0,,2026,225,58.5,70.1,,,58.3,70,0,1,0,0,0,0,5,5,0,5,MINNESOTA,MINNESOTA,,,
73930,Ryan Daly,TE,0,,2027,126,54.7,69.9,,56.8,57.8,88,0,1,0,0,4,0,4,8,4,4,BUFFALO,BUFFALO,,,
73940,Davis Warren,QB,0,,2027,222,77.2,74.9,,54.3,60,16,0,1,22,0,1,1,18,42,23,19,MICHIGAN,MICHIGAN,68,75.7,65.5
74174,Mose Vavao,C,0,2025,2025,169,61.6,80.2,87.2,,53.9,51,0,1,0,49,0,0,33,82,49,33,FRESNO ST,FRESNO ST,,,
74236,Mason Murphy,T,0,2026,2026,326,81,75.4,83.6,,76.4,76,0,1,0,29,0,0,17,46,29,17,USC,USC,,,
74298,Justin Lockhart,WR,0,2025,2025,285,68.5,81,,67.8,61.2,11,0,1,0,0,56,0,14,70,56,14,S JOSE ST,S JOSE ST,65.7,,
74427,Anthony Landphere,TE,1,2025,2025,218,69.2,77.2,72.7,71.2,57.5,82,1,1,0,3,23,0,21,47,26,21,MEMPHIS,MEMPHIS,64.1,,
75288,Tegra Tshabola,G,0,,2028,260,53.2,76.9,36.3,,54.3,77,0,1,0,17,0,0,21,38,17,21,OHIO STATE,OHIO STATE,,,
77518,Marques Cox,T,0,2025,2025,202,74.7,76,64.8,,75.8,69,0,1,0,29,0,0,21,50,29,21,KENTUCKY,KENTUCKY,,,
77679,Alan Bowman,QB,0,,2025,262,66.4,29.3,,60,60.1,07,2,1,52,0,1,1,29,83,53,30,OKLA STATE,OKLA STATE,70.2,67.8,58.3
77939,Anthony Torres,TE,0,2025,2025,316,55.2,77.6,43.8,48.2,74.5,88,0,1,0,6,37,0,19,62,43,19,TOLEDO,TOLEDO,62.9,,
78150,Sterling Galban,WR,0,,2026,216,56.1,74.8,,52.7,72.7,04,0,1,0,0,21,0,18,39,21,18,UMASS,UMASS,61,,
78578,Ty Son Lawton,HB,0,,2025,190,63.2,73.7,32.1,60.7,59.4,17,0,1,0,2,7,12,4,25,9,16,INDIANA,INDIANA,74.2,,63.6
81559,Spencer Lovell,G,0,,2025,239,70.3,76.7,73.8,,71.2,76,0,1,0,28,0,0,8,36,28,8,NEVADA,NEVADA,,,
81809,Joe More,C,0,,2025,111,64.8,71.5,,,64.3,78,0,1,0,0,0,0,7,7,0,7,ARKANSAS,ARKANSAS,,,
81860,Tank Jenkins,G,0,,2025,182,58.9,0.2,63.8,,61.2,72,1,1,0,19,0,0,47,66,19,47,HOUSTON,HOUSTON,,,
81883,Baraka Beckett,G,0,,2025,241,62,15.3,85.5,,60.5,56,1,1,0,47,0,0,34,81,47,34,NEW MEXICO,NEW MEXICO,,,
81896,Wyatt Bowles,G,0,2025,2025,329,60.1,79.6,80.8,,54.7,60,0,1,0,38,0,0,24,62,38,24,UTAH ST,UTAH ST,,,
82136,Spencer Petras,QB,0,,2025,329,70.7,77,62.2,,60,07,0,1,43,1,0,0,28,72,44,28,UTAH ST,UTAH ST,69.2,69.7,
83537,Tyler Shough,QB,0,2025,2025,210,71.1,77,,,60,09,0,1,44,0,0,2,27,73,44,29,LOUISVILLE,LOUISVILLE,70.1,73.3,53.6
84071,Brant Kuithe,TE,0,,2025,328,80.6,76.2,,81,55.5,80,0,1,0,0,30,0,12,42,30,12,UTAH,UTAH,65.7,,
84337,Jyaire Shorter,WR,0,,2025,218,55.8,74.1,,56.1,59.8,04,0,1,0,0,12,0,5,17,12,5,MEMPHIS,MEMPHIS,62.9,,
86114,Sergio Muasau,C,0,,2025,180,77.3,76.7,80.6,,73.4,66,0,1,0,17,0,0,14,31,17,14,HAWAII,HAWAII,,,
86142,Carson Lee,G,0,,2026,160,54.4,9.7,65.6,,54.4,75,1,1,0,45,0,0,30,75,45,30,E MICHIGAN,E MICHIGAN,,,
86272,Dillon Gabriel,QB,0,2025,2025,264,67.5,76.3,,,60.2,08,0,1,27,0,0,2,28,57,27,30,OREGON,OREGON,69.1,63.7,67.5
86353,Byron Cardwell Jr.,HB,0,,2027,130,58.1,68.8,,57.8,59.2,21,0,1,0,0,2,0,3,5,2,3,CAL,CAL,,,
86392,Corey Kiner,HB,0,2025,2025,138,78.7,77.8,79.2,68.6,58.2,21,0,1,0,7,22,17,4,50,29,21,CINCINNATI,CINCINNATI,75.9,,79.7
86461,Jonah Monheim,C,0,2025,2025,326,74,78.3,69.3,,72.3,79,0,1,0,29,0,0,17,46,29,17,USC,USC,,,
86538,Chase Penry,WR,0,,2026,120,51.2,75,,52.4,51.4,13,0,1,0,0,20,0,12,32,20,12,BOISE ST,BOISE ST,,,
87406,Bless Harris,T,0,,2025,305,60.1,76.9,79.5,,49.8,58,0,1,0,39,0,0,23,62,39,23,TCU,TCU,,,
88746,Landon Parker,WR,0,2025,2025,318,69,76.7,,69.1,58.8,01,0,1,0,0,26,0,12,38,26,12,TROY,TROY,64.1,,
90875,Hudson Mesa,C,0,,2026,285,64.9,79,45.5,,74,60,0,1,0,49,0,0,8,57,49,8,S JOSE ST,S JOSE ST,,,
97061,Josh Kelly,WR,0,2025,2025,315,57.1,77.5,,56.6,62.3,03,0,1,0,0,32,0,27,59,32,27,TEXAS TECH,TEXAS TECH,66.7,,
97104,Lexington Joseph,HB,0,,2025,166,66,74,45.7,57,59.8,08,1,1,0,8,5,10,4,27,13,14,FIU,FIU,73.1,,67.2
97105,Cam Ross,WR,0,2026,2026,197,61.5,78.3,,62.5,58.4,01,0,1,0,0,30,1,29,60,30,30,JAMES MAD,JAMES MAD,68.3,,57.7
97120,Pat Garwo III,HB,0,,2025,239,67.2,73.7,76.2,63.7,57.9,05,0,1,0,3,13,2,5,23,16,7,NEVADA,NEVADA,67.4,,69.1
97121,Gerald Green,HB,0,,2025,318,72.3,75.2,74.2,56.8,59.3,00,0,1,0,2,13,20,4,39,15,24,TROY,TROY,76.7,,72.5
97125,Jacquez Stuart,HB,0,,2025,316,56.2,72.1,17.1,59.4,,00,0,1,0,4,11,1,0,16,15,1,TOLEDO,TOLEDO,66.4,,59.7
97127,Samario Rudolph,WR,0,,2026,196,52.3,73.4,,54.3,59.5,03,0,1,0,0,7,1,13,21,7,14,JVILLE ST,JVILLE ST,72,,57.8
97151,Michael Hayes,K,0,,2025,343,60,60,,,60,S22,0,1,0,0,0,0,1,1,0,1,W VIRGINIA,W VIRGINIA,,,
97161,Aaron Young,HB,0,,2025,263,78.3,75.3,78.2,55.1,59.3,05,0,1,0,8,9,14,4,35,17,18,DOMINION,DOMINION,74.8,,77.6
97171,Alante Brown,WR,0,,2027,223,75.9,67.1,,75.1,60,00,0,1,0,0,1,1,1,3,1,2,MICH STATE,MICH STATE,67.5,,59.5
97200,Ulysses Bentley IV,HB,0,2025,2025,226,59.6,70.9,76.1,56.9,,24,0,1,0,2,5,5,0,12,7,5,OLE MISS,OLE MISS,69.7,,59.3
97211,Christian Dremel,WR,0,,2025,278,66.8,77,,66.4,60.3,80,0,1,0,0,26,0,17,43,26,17,RUTGERS,RUTGERS,70,,
97213,Taylor Morin,WR,0,2025,2025,339,66.9,78.5,,68.6,46.1,02,0,1,0,0,39,0,28,67,39,28,WAKE,WAKE,70.8,,
97270,Mycah Pittman,WR,0,,2026,328,44.2,73.8,,49,31,05,1,1,0,0,21,0,3,24,21,3,UTAH,UTAH,62.9,,
97278,Javon Harvey,WR,0,,2025,154,60.4,76,,60.2,60,07,0,1,0,0,19,0,4,23,19,4,DUKE,DUKE,64.1,,
97287,Trevor Wilson,WR,0,,2025,198,80.1,76.2,,78.2,61.3,07,0,1,0,0,14,0,9,23,14,9,KANSAS,KANSAS,70.5,,
97305,Devyn Ford,HB,0,,2025,258,60,63.5,,60,,22,0,1,0,0,1,0,0,1,1,0,NOTRE DAME,NOTRE DAME,,,
97308,Jerjuan Newton,WR,0,2025,2025,316,83.5,78.5,,81.8,71.1,01,0,1,0,0,45,0,20,65,45,20,TOLEDO,TOLEDO,68.9,,
97321,Ryan Davis,WR,0,,2026,241,68.5,0,,69.8,61.2,18,1,1,0,0,42,0,32,74,42,32,NEW MEXICO,NEW MEXICO,23.6,,
97404,Brett Gabbert,QB,0,2025,2025,221,66.9,0,,,60,05,1,1,16,0,0,0,9,25,16,9,MIAMI OH,MIAMI OH,66.5,69.9,
97422,Dino Tomlin,WR,0,,2025,121,54.9,67.5,,56.3,,13,0,1,0,0,3,0,0,3,3,0,BOSTON COL,BOSTON COL,,,
97427,Devin Voisin,WR,0,,2026,288,64.4,77.9,,64,61.9,01,0,1,0,0,23,0,26,49,23,26,S ALABAMA,S ALABAMA,66.8,,
97453,Luis Cristobal Jr.,G,0,,2025,220,60,65.1,,,60,52,0,1,0,0,0,0,1,1,0,1,MIAMI FL,MIAMI FL,,,
97594,Dannis Jackson,WR,0,,2026,296,67.4,0,,68.2,71.3,13,1,1,0,0,34,0,18,52,34,18,SO MISS,SO MISS,65.7,,
97617,Cole Snyder,QB,0,,2025,160,68.7,77.8,,60,60,15,0,1,52,0,1,7,25,85,53,32,E MICHIGAN,E MICHIGAN,72.2,69.2,58.8
97620,Zakhari Franklin,WR,0,2025,2025,187,65.4,77.8,,64.9,61.6,04,0,1,0,0,41,0,24,65,41,24,ILLINOIS,ILLINOIS,66.2,,
97640,Beau Johnson,TE,0,,2025,174,46.7,72.6,68.4,56.8,45.8,11,0,1,0,2,2,0,9,13,4,9,GA SOUTHRN,GA SOUTHRN,,,
97645,Jakai Clark,C,0,,2025,287,61.7,80,82.6,,57.5,53,0,1,0,31,0,0,46,77,31,46,SMU,SMU,,,
97651,Dom Polizzi,C,0,,2025,126,68.2,79.9,85.3,,61.4,66,0,1,0,47,0,0,26,73,47,26,BUFFALO,BUFFALO,,,
97653,Tanner Miller,C,0,,2025,223,65.8,79.6,64.9,,63.8,61,0,1,0,29,0,0,36,65,29,36,MICH STATE,MICH STATE,,,
97656,Parker Titsworth,C,0,,2025,259,66,78.6,62.9,,64.3,69,0,1,0,22,0,0,29,51,22,29,OHIO,OHIO,,,
97659,Kris Mitchell,WR,0,,2025,258,60.5,76.4,,60.2,60.5,10,0,1,0,0,16,0,13,29,16,13,NOTRE DAME,NOTRE DAME,62.9,,
97665,Dante Cephas,WR,0,,2025,199,75.1,73.3,,74,55.8,14,0,1,0,0,7,0,6,13,7,6,KANSAS ST,KANSAS ST,62.9,,
97773,Jaren Mangham,HB,0,,2025,225,64.4,64.5,,,,08,0,1,0,0,0,2,0,2,0,2,MINNESOTA,MINNESOTA,65.5,,63.2
97792,Torry Locklin,WR,0,,2025,198,53.8,73.9,,55.8,51.6,12,0,1,0,0,7,0,13,20,7,13,KANSAS,KANSAS,,,
97798,Jonah Panoke,WR,0,,2025,180,74.1,75.5,,72.4,60.9,01,0,1,0,0,22,0,13,35,22,13,HAWAII,HAWAII,65.7,,
97800,Jadon Jackson,WR,0,,2025,199,48.2,77.8,,48.1,58.8,00,0,1,0,0,28,0,19,47,28,19,KANSAS ST,KANSAS ST,61,,
97809,Javien Cuff,WR,0,,2026,126,52.4,74.1,,56.4,42.7,19,0,1,0,0,10,0,9,19,10,9,BUFFALO,BUFFALO,61,,
97835,Will McDonald,C,0,,2025,130,69.5,79.7,73.1,,66.2,66,1,1,0,44,0,0,25,69,44,25,CAL,CAL,,,
97843,Joshua Black,G,0,,2025,175,50.2,77.6,18.7,,55.8,72,0,1,0,25,0,0,19,44,25,19,GA STATE,GA STATE,,,
97863,Todd Justice,TE,0,,2025,288,60,66.9,,,60,86,0,1,0,0,0,0,3,3,0,3,S ALABAMA,S ALABAMA,,,
97933,Nick Rempert,WR,0,,2026,251,51.6,77.6,,52,60.8,09,0,1,0,0,28,0,6,34,28,6,N TEXAS,N TEXAS,61,,
97995,Eli Pancol,WR,0,2025,2025,154,81.9,77.9,,81,61.1,04,0,1,0,0,49,0,25,74,49,25,DUKE,DUKE,68.5,,
98005,Theo Wease Jr.,WR,0,2025,2025,229,58.9,76.5,,59.1,56.8,01,0,1,0,0,20,0,16,36,20,16,MISSOURI,MISSOURI,62.9,,
98007,Cadarrius Thompson,WR,0,,2025,175,60,66.2,,,60,05,0,1,0,0,0,0,2,2,0,2,GA STATE,GA STATE,67.5,,
98029,Cameron Hite,TE,0,,2025,339,44.9,75.7,28.8,44.9,53,20,0,1,0,0,23,0,22,45,23,22,WAKE,WAKE,,,
98033,Isaiah Neyor,WR,0,2025,2025,238,57.3,77.6,,55.1,80.2,18,1,1,0,0,38,0,11,49,38,11,NEBRASKA,NEBRASKA,62.9,,
98047,Dontae Lucas,G,0,,2025,296,54.9,78,53.5,,53.1,78,0,1,0,32,0,0,19,51,32,19,SO MISS,SO MISS,,,
98057,Nishad Strother,G,0,,2025,264,60.1,79.5,45.3,,61.2,50,0,1,0,28,0,0,33,61,28,33,OREGON,OREGON,,,
98064,Christophe Atkinson,G,0,,2025,259,65.7,78,73.7,,64.1,66,0,1,0,22,0,0,29,51,22,29,OHIO,OHIO,,,
98068,Ethan Miner,C,0,,2025,227,62.8,80,74.7,,58.9,67,0,1,0,42,0,0,35,77,42,35,MISS STATE,MISS STATE,,,
98070,Tyler Brown,G,0,,2027,143,57.2,77,85.3,,51.7,56,0,1,0,16,0,0,15,31,16,15,COLORADO,COLORADO,,,
98077,Caleb Thomas,G,0,,2025,319,51.1,0,71.9,,59.8,58,1,1,0,1,0,0,8,9,1,8,TULANE,TULANE,,,
98099,Tristen Tewes,TE,0,,2025,254,61.5,73.2,67.3,52.8,65.5,82,0,1,0,3,5,0,16,24,8,16,N ILLINOIS,N ILLINOIS,,,
98198,Wisdom Quarshie,G,0,,2025,306,65.8,79.8,78.9,,62.2,79,0,1,0,52,0,0,32,84,52,32,TEMPLE,TEMPLE,,,
98213,Alex Brown,WR,0,,2025,351,60,67.3,,,60,09,0,1,0,0,0,0,2,2,0,2,WYOMING,WYOMING,,,
98226,Jack Sherwin,T,0,,2025,347,72.8,75.7,75.7,,68.8,63,0,1,0,24,0,0,28,52,24,28,W MICHIGAN,W MICHIGAN,,,
98232,Renato Brown,G,0,,2025,210,55,76.9,43.7,,55.7,56,0,1,0,24,0,0,14,38,24,14,LOUISVILLE,LOUISVILLE,,,
98252,Joshua Gray,G,0,2025,2025,265,63.6,79.2,54.6,,64.8,67,0,1,0,33,0,0,23,56,33,23,OREGON ST,OREGON ST,,,
98266,Steven Losoya III,G,0,2025,2025,333,52.6,78.7,73.9,,46.1,68,0,1,0,33,0,0,24,57,33,24,VANDERBILT,VANDERBILT,,,
98272,Addison West,G,0,2025,2025,347,80,78,85.7,,79.3,75,0,1,0,24,0,0,28,52,24,28,W MICHIGAN,W MICHIGAN,,,
98291,Oscar Cardenas,TE,0,2025,2025,331,79.6,70,64.5,87.9,60,00,0,1,0,1,2,0,5,8,3,5,UTSA,UTSA,61,,
98301,Stanley King,WR,0,,2025,201,66.1,73.6,,66.2,58.5,80,0,1,0,0,6,0,10,16,6,10,KENT STATE,KENT STATE,61,,
98350,Duke Olges,TE,0,,2025,256,60.9,69.4,,59.2,62.2,02,0,1,0,0,1,0,6,7,1,6,NWESTERN,NWESTERN,,,
98362,Hayden Wolff,QB,0,,2025,347,65.1,75.7,,,60,11,0,1,24,0,0,0,28,52,24,28,W MICHIGAN,W MICHIGAN,67.6,65.6,57.8
98383,Reece McIntyre,C,0,,2025,226,53.4,79.3,64.2,,50.8,56,0,1,0,36,0,0,27,63,36,27,OLE MISS,OLE MISS,,,
98391,DeVonte Gordon,T,1,,2025,339,68.2,26.7,74.7,,68.6,62,4,1,0,45,0,0,40,85,45,40,WAKE,WAKE,,,
98398,Ben Scott,C,0,2025,2025,238,50.7,4.9,73.3,,48.7,66,1,1,0,46,0,0,26,72,46,26,NEBRASKA,NEBRASKA,,,
98405,Ryan Jacoby,G,0,,2025,268,63.8,77.2,72.5,,61.9,61,0,1,0,17,0,0,16,33,17,16,PITTSBURGH,PITTSBURGH,,,
98407,Michael Tarquin,T,0,2025,2025,261,59,77.6,77.1,,48.6,70,0,1,0,53,0,0,33,86,53,33,OKLAHOMA,OKLAHOMA,,,
98421,Shamar Hobdy-Lee,T,0,,2025,182,60.5,74,70.7,,57.8,58,0,1,0,8,0,0,20,28,8,20,HOUSTON,HOUSTON,,,
98426,J.J. Lippe,G,0,2025,2025,254,72.4,80.1,72.2,,74.3,79,0,1,0,48,0,0,22,70,48,22,N ILLINOIS,N ILLINOIS,,,
98430,Thomas Gordon,TE,0,2025,2025,256,53.8,77.3,71.8,61.9,39.1,87,0,1,0,1,15,0,18,34,16,18,NWESTERN,NWESTERN,61,,
98431,Tyler Fromm,TE,0,,2025,174,33.3,0,76.3,37.4,51.2,07,1,1,0,3,18,0,6,27,21,6,GA SOUTHRN,GA SOUTHRN,9,,
98489,Caelan Shepard,T,0,,2025,126,52.3,76.8,33,,61.6,77,1,1,0,47,0,0,22,69,47,22,BUFFALO,BUFFALO,,,
98494,Tyler Stephens,TE,0,,2025,229,56.3,73.3,67.1,59.2,56.2,80,0,1,0,2,1,0,14,17,3,14,MISSOURI,MISSOURI,,,
98496,Luke Deal,TE,0,2025,2025,115,71.9,76,65.4,53.8,77.2,86,0,1,0,1,7,0,31,39,8,31,AUBURN,AUBURN,,,
98497,Tyler Foster,TE,0,,2025,262,71.2,70.9,63.9,55,83.3,86,0,1,0,1,4,0,3,8,5,3,OKLA STATE,OKLA STATE,,,
98504,Jaxon Hughes,T,0,,2025,315,60,60,,,60,68,0,1,0,0,0,0,1,1,0,1,TEXAS TECH,TEXAS TECH,,,
98515,Chase Lundt,T,0,2025,2025,146,72.7,76.8,83.8,,66.5,75,0,1,0,33,0,0,37,70,33,37,UCONN,UCONN,,,
98517,Quinn Carroll,T,0,,2025,225,87.8,76.2,82.7,,86.4,77,0,1,0,36,0,0,24,60,36,24,MINNESOTA,MINNESOTA,,,
98524,Jack Conley,G,0,2025,2025,121,53.7,77.7,32.5,59.8,56.7,67,0,1,0,26,1,0,21,48,27,21,BOSTON COL,BOSTON COL,,,
98528,Victor Stoffel,T,0,,2025,130,57.6,69.1,,,56.9,78,0,1,0,0,0,0,6,6,0,6,CAL,CAL,,,
98531,Bryce Benhart,T,0,,2025,238,52.3,77,54.1,,50.3,54,0,1,0,46,0,0,26,72,46,26,NEBRASKA,NEBRASKA,,,
98550,Adrian Medley,G,0,,2026,323,67.5,79.6,86.1,,63.1,76,0,1,0,37,0,0,22,59,37,22,UCF,UCF,,,
98556,Jayden Harrison,WR,0,,2025,258,42.8,72.6,,47,40.8,02,0,1,0,0,12,0,5,17,12,5,NOTRE DAME,NOTRE DAME,61.9,,
98576,Justin Ball,TE,0,,2025,227,49.9,77.4,72.2,52.1,46.6,84,0,1,0,5,11,0,21,37,16,21,MISS STATE,MISS STATE,,,
98679,Nick Nash,WR,0,2025,2025,285,63.7,0,,66.4,41.8,03,1,1,0,0,56,0,15,71,56,15,S JOSE ST,S JOSE ST,67.1,,
98683,Chandler Rogers,QB,0,,2026,130,68.6,70.4,,,60,07,0,1,2,0,0,5,4,11,2,9,CAL,CAL,69.6,54.1,68.4
98717,Dominick Mazotti,TE,0,,2025,216,65,76.7,,67.3,55.9,81,0,1,0,0,23,0,19,42,23,19,UMASS,UMASS,62.9,,
98792,Da'Quan Thomas,T,0,,2025,102,62.3,70.8,76.2,,60.2,51,0,1,0,4,0,0,7,11,4,7,AKRON,AKRON,,,
98811,Trent Whittemore,WR,0,,2025,323,56.2,72.4,,56.5,60.2,80,0,1,0,0,5,0,5,10,5,5,UCF,UCF,67.5,,
99046,Vincent Murphy,C,0,,2025,319,65.7,0,73.3,,66.1,64,1,1,0,17,0,0,46,63,17,46,TULANE,TULANE,,,
99064,Amari Kight,T,0,2025,2025,323,67.3,76.8,84.1,,57.3,78,0,1,0,37,0,0,22,59,37,22,UCF,UCF,,,
99071,Justin Osborne,G,0,2025,2025,287,60.5,78,82.9,,57.1,51,0,1,0,21,0,0,33,54,21,33,SMU,SMU,,,
99072,Keiondre Jones,G,0,,2025,167,53.5,76,60.2,,49.8,75,0,1,0,22,0,0,7,29,22,7,FLORIDA ST,FLORIDA ST,,,
99076,Clay Webb,G,0,2025,2025,196,75.6,80,61.5,,75.6,74,0,1,0,21,0,0,48,69,21,48,JVILLE ST,JVILLE ST,,,
99083,Caleb Warren,G,0,,2025,226,60,67.3,,,60,54,0,1,0,0,0,0,2,2,0,2,OLE MISS,OLE MISS,,,
99099,Eli Cox,C,0,2025,2025,202,47.7,78.8,68.2,,44.4,75,0,1,0,32,0,0,24,56,32,24,KENTUCKY,KENTUCKY,,,
99135,Connor Bazelak,QB,0,2025,2025,122,74.2,76.7,,,60.2,07,0,1,31,0,0,4,31,66,31,35,BOWL GREEN,BOWL GREEN,70.3,74.2,60.9
99159,Sevaughn Clark,HB,0,,2025,316,63.3,74.1,59.8,67.5,60,20,0,1,0,5,10,5,2,22,15,7,TOLEDO,TOLEDO,69.9,,59.1
99165,Anthony Watkins,HB,0,,2025,320,65,70.6,78.9,64.8,60,23,0,1,0,4,2,3,1,10,6,4,TULSA,TULSA,67.8,,62.3
99171,Josh Williams,HB,0,2025,2025,211,62.2,75.1,35.3,60.4,60,18,0,1,0,6,16,7,2,31,22,9,LSU,LSU,71.5,,64.2
99181,Sean Brown,TE,0,,2025,196,51.6,76.6,,43.6,68,17,0,1,0,0,11,0,31,42,11,31,JVILLE ST,JVILLE ST,,,
99205,Chase Lane,WR,0,,2025,176,53.6,78.2,,51.5,77.9,07,0,1,0,0,31,0,22,53,31,22,GA TECH,GA TECH,,,
99223,Ja'Varrius Johnson,WR,0,,2025,323,49.4,76.2,,50.5,60.8,09,0,1,0,0,27,1,10,38,27,11,UCF,UCF,62.5,,57.5
99306,Jake Schultz,TE,0,,2025,262,56.1,75.5,69.9,59.3,50.9,38,0,1,0,2,3,0,11,16,5,11,OKLA STATE,OKLA STATE,61,,
99308,Kody Walterscheid,ED,0,,2025,262,60,64.3,,,60,D96,0,1,0,0,0,0,1,1,0,1,OKLA STATE,OKLA STATE,,,
99421,Nick Malone,T,0,,2025,343,70,17.5,75.9,,70.5,58,1,1,0,31,0,0,36,67,31,36,W VIRGINIA,W VIRGINIA,,,
99422,Parker Moorer,T,0,,2025,156,58.4,76.7,80,,51,52,0,1,0,31,0,0,27,58,31,27,E CAROLINA,E CAROLINA,,,
99423,Brandon Yates,C,0,,2025,343,50.7,0,71.5,,55.7,50,2,1,0,31,0,0,36,67,31,36,W VIRGINIA,W VIRGINIA,,,
99425,Jake Springfield,T,0,,2025,262,75.3,77.6,79.2,,70.2,61,0,1,0,53,0,0,30,83,53,30,OKLA STATE,OKLA STATE,,,
99426,Joe Michalski,C,0,2025,2025,262,64.6,80.4,72.1,,60.6,66,0,1,0,53,0,0,30,83,53,30,OKLA STATE,OKLA STATE,,,
99427,Cole Birmingham,G,0,,2025,262,67.1,80.2,73.1,,65.5,67,1,1,0,44,0,0,27,71,44,27,OKLA STATE,OKLA STATE,,,
99429,Preston Wilson,G,0,,2025,262,62.2,0,82.1,,62.7,74,1,1,0,35,0,0,17,52,35,17,OKLA STATE,OKLA STATE,,,
99437,Taylor Poitier,G,0,,2026,199,69.7,79.2,86,,66.4,69,0,1,0,39,0,0,33,72,39,33,KANSAS ST,KANSAS ST,,,
99457,Landon Peterson,T,0,,2025,251,52.9,26.2,62.9,,49.3,72,1,1,0,66,0,0,21,87,66,21,N TEXAS,N TEXAS,,,
99460,Leighton Bechdel,P,0,,2025,343,89,60,,,,S98,0,1,0,0,0,1,0,1,0,1,W VIRGINIA,W VIRGINIA,62.5,,68
99488,Marcus Major Jr.,HB,0,2025,2025,225,58.4,73.5,73.2,30.4,,24,0,1,0,2,6,7,0,15,8,7,MINNESOTA,MINNESOTA,71.4,,63.6
99537,Winston Wright Jr.,WR,0,2025,2025,156,60,75.5,68.1,56.8,74.6,01,0,1,0,1,21,0,14,36,22,14,E CAROLINA,E CAROLINA,69.1,,
99538,Blair Conwright,WR,0,,2025,251,56.3,76.3,61.2,56.1,60.9,00,0,1,0,1,32,0,11,44,33,11,N TEXAS,N TEXAS,64.1,,
99577,Taisun Phommachanh,QB,0,,2025,216,41.8,75.4,,,60,03,0,1,23,0,0,2,22,47,23,24,UMASS,UMASS,26.6,45,49.3
99591,Michel Dukes,HB,0,,2026,175,76.9,72.5,,59.3,59.9,22,0,1,0,0,12,7,1,20,12,8,GA STATE,GA STATE,71.5,,80.4
99600,Kyi Wright,TE,0,,2025,197,47.5,0,,54.5,60.3,15,1,1,0,0,5,0,13,18,5,13,JAMES MAD,JAMES MAD,,,
99609,Delbert Mimms III,HB,0,,2025,160,59.3,77.5,77.5,65.6,57.8,34,0,1,0,14,18,22,4,58,32,26,E MICHIGAN,E MICHIGAN,77.3,,57.1
99619,Treshaun Ward,HB,0,,2025,121,72.9,74.6,,83.9,60,00,0,1,0,0,12,13,2,27,12,15,BOSTON COL,BOSTON COL,74.5,,63.9
99622,RJ Harvey,HB,0,2025,2025,323,59,76.6,21.1,61.5,58.1,07,0,1,0,9,23,15,5,52,32,20,UCF,UCF,75.2,,61.3
99629,Francis Sherman,TE,0,,2025,138,31.9,70.5,67.6,31.4,47.9,44,0,1,0,2,1,0,9,12,3,9,CINCINNATI,CINCINNATI,15.6,,
99630,Jason Collier Jr.,G,0,,2025,268,60.8,73.9,79.9,,57.6,50,0,1,0,9,0,0,4,13,9,4,PITTSBURGH,PITTSBURGH,,,
99650,Maurice Smith,C,1,,2025,167,46.9,0,39.6,,54.3,53,2,1,0,47,0,0,17,64,47,17,FLORIDA ST,FLORIDA ST,,,
99678,Ja'Quay Hubbard,G,0,,2025,343,56.5,3.1,66.9,,57.9,66,2,1,0,31,0,0,35,66,31,35,W VIRGINIA,W VIRGINIA,,,
99701,Jaelyn Lay,TE,0,,2025,216,76.1,70.4,,55.8,80,00,0,1,0,0,2,0,6,8,2,6,UMASS,UMASS,,,
99703,Courtney Jackson,WR,0,2025,2025,113,59.2,77.1,,57.5,77.4,09,0,1,0,0,39,0,15,54,39,15,ARK STATE,ARK STATE,68.4,,
99705,Christopher Toudle,TE,0,,2025,347,71.3,72.7,70.1,71.5,55.4,15,0,1,0,3,4,0,8,15,7,8,W MICHIGAN,W MICHIGAN,61,,
99713,Kamari Morales,TE,0,,2025,121,60.7,77.1,27.9,65.1,56.6,88,0,1,0,1,17,0,22,40,18,22,BOSTON COL,BOSTON COL,64.1,,
100201,Zach Gibson,QB,0,,2026,175,83.9,76.2,,,60,01,1,1,32,0,0,5,20,57,32,25,GA STATE,GA STATE,70.8,84,65.6
100218,Ja'Shaun Poke,WR,0,,2025,284,62.6,0,,63.5,72.9,03,1,1,0,0,39,1,14,54,39,15,S DIEGO ST,S DIEGO ST,70,,59.1
100253,Broderick Roman,C,0,,2027,160,53.6,80.5,75.2,,47.5,67,0,1,0,53,0,0,32,85,53,32,E MICHIGAN,E MICHIGAN,,,
100262,Logan Zschernitz,C,0,,2025,254,64.8,79.4,38.5,,71.3,65,0,1,0,45,0,0,20,65,45,20,N ILLINOIS,N ILLINOIS,,,
100263,Xavior Gray,T,0,,2026,206,70.1,21.1,56,,79.5,63,1,1,0,43,0,0,31,74,43,31,LIBERTY,LIBERTY,,,
100273,Tyrone Broden,WR,0,2025,2025,111,68,0,,70.6,56.6,05,1,1,0,0,22,0,17,39,22,17,ARKANSAS,ARKANSAS,64.1,,
100353,Andrew Bench,TE,0,,2025,288,60,67,,,59.6,89,0,1,0,0,0,0,3,3,0,3,S ALABAMA,S ALABAMA,,,
100414,Miki Suguturaga,TE,0,,2025,328,58,67.2,67.4,,56.7,83,0,1,0,1,0,0,3,4,1,3,UTAH,UTAH,,,
100522,Nate Kalepo,G,0,,2025,226,57.7,79.7,76.2,,52.1,71,0,1,0,36,0,0,27,63,36,27,OLE MISS,OLE MISS,,,
100523,Julius Buelow,G,0,,2025,226,49.8,76.4,73.3,,38.8,52,0,1,0,36,0,0,27,63,36,27,OLE MISS,OLE MISS,,,
100526,Johnny Maea,G,0,,2025,328,60,65,0,,,53,0,1,0,1,0,0,0,1,1,0,UTAH,UTAH,,,
100530,Jake Wiley,T,0,,2025,182,60.9,76.6,77.1,,56.6,75,0,1,0,19,0,0,47,66,19,47,HOUSTON,HOUSTON,,,
100533,Valentin Senn,T,0,2025,2025,146,75.1,77.3,76.2,,71.6,71,0,1,0,33,0,0,37,70,33,37,UCONN,UCONN,,,
100535,Brayden Rohme,T,0,,2025,216,72.4,75.9,77.8,,68.3,63,1,1,0,23,0,0,24,47,23,24,UMASS,UMASS,,,
100570,Dylan Morris,QB,0,,2025,197,60,66.6,,,60,05,0,1,0,0,0,1,2,3,0,3,JAMES MAD,JAMES MAD,62.5,,60
100583,Micah Bernard,HB,0,2025,2025,328,62.1,77.1,19.8,63.6,58.7,02,0,1,0,1,35,14,3,53,36,17,UTAH,UTAH,74.9,,62.7
100625,Patrick Herbert,TE,0,2025,2025,264,57.9,76.4,63.9,71.9,41.4,88,0,1,0,1,13,0,21,35,14,21,OREGON,OREGON,62.9,,
100635,Kyrese Rowan,WR,0,2025,2025,329,57.1,76.4,,57.1,59.5,23,0,1,0,0,31,0,20,51,31,20,UTAH ST,UTAH ST,66,,
100651,Donovan Ollie,WR,0,,2025,144,48.6,67.7,,59.7,39,06,0,1,0,0,1,0,3,4,1,3,COLO STATE,COLO STATE,,,
100662,Andre Johnson,WR,0,,2025,221,56.9,76.9,,52.4,79.3,01,0,1,0,0,13,0,15,28,13,15,MIAMI OH,MIAMI OH,,,
100663,Munir McClain,WR,0,,2025,328,53.4,76.1,,53.5,60.4,04,0,1,0,0,19,0,9,28,19,9,UTAH,UTAH,61,,
100792,Gerquan Scott,G,0,,2025,226,60.8,78.8,56,,60.8,65,0,1,0,36,0,0,27,63,36,27,OLE MISS,OLE MISS,,,
100806,Jeremiah Byers,T,1,2025,2025,167,67.5,76.5,63.7,,68.2,63,1,1,0,47,0,0,17,64,47,17,FLORIDA ST,FLORIDA ST,,,
100808,Justin Mayers,G,0,,2023,143,57,78.1,83.5,,52.1,66,0,1,0,20,0,0,22,42,20,22,COLORADO,COLORADO,,,
100880,Damon Ward Jr.,WR,0,,2025,251,63.6,79.6,,64.8,43.8,08,0,1,0,0,38,0,14,52,38,14,N TEXAS,N TEXAS,66.2,,
101007,Cayson Pfeiffer,LS,0,,2025,349,60,60,,,60,S99,0,1,0,0,0,0,1,1,0,1,WISCONSIN,WISCONSIN,,,
101018,Cam'Ron Johnson,G,0,,2025,229,67.5,78.8,77.9,,65.5,74,0,1,0,26,0,0,37,63,26,37,MISSOURI,MISSOURI,,,
101032,Joshua Blanchard,T,0,,2025,102,59,10.8,64.1,,62.6,55,2,1,0,27,0,0,27,54,27,27,AKRON,AKRON,,,
101036,Dustyn Hall,C,0,,2025,156,72.2,79.1,76.5,,68.2,65,0,1,0,31,0,0,27,58,31,27,E CAROLINA,E CAROLINA,,,
101050,Cam Jones,T,0,,2025,196,67,77,36.1,,69.7,69,0,1,0,21,0,0,53,74,21,53,JVILLE ST,JVILLE ST,,,
101068,Rodrigues Clark,HB,0,,2025,296,57,74.8,59.3,31.4,59.1,00,0,1,0,6,12,6,3,27,18,9,SO MISS,SO MISS,70.5,,64.9
101105,Ethan Hall,TE,0,,2025,320,54.3,74.7,70.7,49.8,59,47,0,1,0,5,9,0,13,27,14,13,TULSA,TULSA,,,
101165,Michael Callahan,DI,0,,2025,120,60,64.1,,,52.8,D92,0,1,0,0,0,0,1,1,0,1,BOISE ST,BOISE ST,,,
101219,Tyler Crowe,HB,0,,2025,120,60.5,68.9,74.2,61.7,,33,0,1,0,2,2,1,0,5,4,1,BOISE ST,BOISE ST,64.3,,59.5
101247,Ben Dooley,G,0,2025,2025,120,57.2,80.5,53.1,,56.5,66,0,1,0,37,0,0,40,77,37,40,BOISE ST,BOISE ST,,,
101266,Osmar Velez,G,0,,2025,169,78.7,80.6,80.9,,79.8,78,0,1,0,49,0,0,33,82,49,33,FRESNO ST,FRESNO ST,,,
101284,Hank Bachmeier,QB,0,,2025,339,75.1,77.7,,,60,09,0,1,45,0,0,7,33,85,45,40,WAKE,WAKE,41.8,80.2,53.9
101286,Cooper Legas,QB,0,,2025,320,72.4,76.3,,,60,05,0,1,39,0,0,9,13,61,39,22,TULSA,TULSA,40.3,70.4,65.4
101446,Ty Robinson,DI,0,2025,2025,238,59.8,67.6,,,58.6,D09,0,1,0,0,0,0,2,2,0,2,NEBRASKA,NEBRASKA,,,
101523,William Wagner,LS,0,2025,2025,222,60,60,63.8,,,S49,0,1,0,1,0,0,0,1,1,0,MICHIGAN,MICHIGAN,,,
101539,Zach Carpenter,C,0,,2025,220,70.4,80.3,73.7,,66.9,50,0,1,0,51,0,0,32,83,51,32,MIAMI FL,MIAMI FL,,,
101548,Enokk Vimahi,G,0,,2025,340,48.7,77.7,40.2,,47.5,57,0,1,0,29,0,0,17,46,29,17,WASHINGTON,WASHINGTON,,,
101559,Sal Wormley,G,0,2025,2025,266,68.5,78.8,73.6,,67.2,77,0,1,0,32,0,0,30,62,32,30,PENN STATE,PENN STATE,,,
101565,Tyler Cooper,G,0,2025,2025,225,56.1,0,67.7,,59.5,75,1,1,0,26,0,0,11,37,26,11,MINNESOTA,MINNESOTA,,,
101566,Logan Brown,T,0,2025,2025,198,78.1,0,79.9,,86,52,2,1,0,39,0,0,29,68,39,29,KANSAS,KANSAS,,,
101575,Mike Katic,C,0,,2025,190,70.5,79.8,74.2,,66.8,56,0,1,0,20,0,0,52,72,20,52,INDIANA,INDIANA,,,
101581,Brant Banks,T,0,2025,2025,275,54,15.8,68.5,,53.4,77,1,1,0,36,0,0,28,64,36,28,RICE,RICE,,,
101590,Nick DeJong,T,0,,2025,192,63.6,66.9,,,66.6,56,0,1,0,0,0,0,3,3,0,3,IOWA,IOWA,,,
101618,Evan Morris,TE,0,,2027,323,54.2,74.8,69.6,52,58.8,44,0,1,0,2,7,0,11,20,9,11,UCF,UCF,,,
101620,Cade McNamara,QB,0,,2026,192,76.6,73.1,,,60,12,0,1,15,0,0,0,9,24,15,9,IOWA,IOWA,66.4,76.1,
101629,Payton Thorne,QB,0,2025,2025,115,65.7,77.6,,,60.3,01,1,1,35,0,0,7,36,78,35,43,AUBURN,AUBURN,71.7,61.1,66.3
101643,Kay'Ron Lynch-Adams,HB,0,2025,2025,223,69,74.9,73.5,59,59.4,15,0,1,0,2,9,10,2,23,11,12,MICH STATE,MICH STATE,73.1,,69.4
101679,Nick Kallerup,TE,0,2025,2025,225,82.6,74.6,72,85.7,65.3,87,0,1,0,7,10,0,20,37,17,20,MINNESOTA,MINNESOTA,64.6,,
101695,Giles Jackson,WR,0,2025,2025,340,53.7,78.5,61.1,52.4,53.3,05,0,1,0,1,31,1,20,53,32,21,WASHINGTON,WASHINGTON,65.3,,63
101725,Cade McDonald,WR,0,2025,2025,221,64,75.8,,64.8,60.8,15,0,1,0,0,31,1,17,49,31,18,MIAMI OH,MIAMI OH,69.9,,57.7
101732,Demariyon Houston,WR,0,,2025,263,81.1,76,,77.8,78.9,13,0,1,0,0,18,0,18,36,18,18,DOMINION,DOMINION,65,,
101741,TJ Sheffield,WR,0,2025,2025,146,63,76.8,,62.5,60.1,08,0,1,0,0,28,0,11,39,28,11,UCONN,UCONN,71.6,,
101842,Tyler Purdy,HB,0,,2025,197,65.4,67.3,70.2,78.5,60,20,0,1,0,1,2,0,1,4,3,1,JAMES MAD,JAMES MAD,61,,
102273,Pat McMurtrie,T,0,,2026,197,60.1,75.9,66.6,,56.3,76,0,1,0,28,0,0,27,55,28,27,JAMES MAD,JAMES MAD,,,
102277,Rey Burnett,T,0,,2025,320,39.4,24.3,25.7,,53.4,65,1,1,0,57,0,0,27,84,57,27,TULSA,TULSA,,,
102305,Tanner Morris,C,0,,2025,197,62.9,79.4,79.5,,58.5,58,0,1,0,32,0,0,32,64,32,32,JAMES MAD,JAMES MAD,,,
102309,Jordan Hall,T,0,,2026,206,50.1,0,31.4,,66.3,73,1,1,0,7,0,0,9,16,7,9,LIBERTY,LIBERTY,,,
102324,Keagen Trost,T,0,2026,2026,339,75.1,77.1,71.2,,73.5,71,1,1,0,38,0,0,38,76,38,38,WAKE,WAKE,,,
102326,Allen Jones Jr.,T,0,,2025,316,56.6,77.7,41.3,,63.2,79,1,1,0,53,0,0,23,76,53,23,TOLEDO,TOLEDO,,,
102348,Hajj-Malik Williams,QB,0,,2025,325,61.9,76.3,,29.7,60,06,1,1,34,0,1,8,16,59,35,24,UNLV,UNLV,72,49.1,76.5
102499,Chris Carter,TE,0,,2025,254,62.7,69.3,,59.6,63.7,11,0,1,0,0,1,0,4,5,1,4,N ILLINOIS,N ILLINOIS,,,
102578,Jakobie Keeney-James,WR,0,2025,2025,216,57.2,79.1,,59.1,46.7,11,0,1,0,0,21,0,24,45,21,24,UMASS,UMASS,64.1,,
102637,Jaden Smith,WR,0,2025,2025,239,66.5,79.3,,66,60.9,01,0,1,0,0,50,0,23,73,50,23,NEVADA,NEVADA,66.7,,
102843,Quinn Murphy,G,0,,2026,347,70,77,29.7,,74.4,53,0,1,0,13,0,0,18,31,13,18,W MICHIGAN,W MICHIGAN,,,
102845,Brayden Keim,T,0,,2025,128,60.2,77.2,67.8,,56.5,64,0,1,0,32,0,0,45,77,32,45,BYU,BYU,,,
102912,Jake Orlando,TE,0,,2025,126,46.3,77.5,69.9,51.2,37.2,81,0,1,0,3,31,0,11,45,34,11,BUFFALO,BUFFALO,61,,
102960,Keanu Hill,TE,0,,2025,128,53.3,73.3,,52.9,60.3,01,0,1,0,0,9,0,4,13,9,4,BYU,BYU,61.9,,
103979,Jobi Malary,HB,0,,2026,197,71.9,66.3,,,60,28,0,1,0,0,0,2,1,3,0,3,JAMES MAD,JAMES MAD,65.5,,68.7
104059,Da'Quan Felton,WR,0,2025,2025,337,59.4,77.1,,55.6,87.2,09,0,1,0,0,21,0,15,36,21,15,VA TECH,VA TECH,64.1,,
104082,Marcus Bellon,WR,0,,2026,239,64,77.5,,64.7,59.9,18,0,1,0,0,48,1,16,65,48,17,NEVADA,NEVADA,67.4,,57.5
104107,Ife Adeyi,WR,0,2025,2025,281,53.3,76.4,,53.1,57.5,02,0,1,0,0,13,0,25,38,13,25,SM HOUSTON,SM HOUSTON,67.5,,
104162,Treon Sibley,WR,0,,2025,206,66.6,76.9,,61.4,88,21,0,1,0,0,27,0,30,57,27,30,LIBERTY,LIBERTY,65,,
104182,Adam Jones,WR,0,,2025,113,70,75.1,,66.4,81.9,11,0,1,0,0,13,0,8,21,13,8,ARK STATE,ARK STATE,62.9,,
104782,JR Blood,QB,0,,2025,229,53.9,65.5,,,60,17,0,1,0,0,0,1,1,2,0,2,MISSOURI,MISSOURI,62.5,,57.5
104818,Preston Daniels,TE,0,,2025,200,48,73.6,68.4,59.6,44,02,0,1,0,2,1,4,11,18,3,15,KENNESAW,KENNESAW,68.6,,58.2
104838,Jeremiah Webb,WR,0,2025,2025,288,60.8,77.4,,59,67.8,81,0,1,0,0,19,0,30,49,19,30,S ALABAMA,S ALABAMA,62.9,,
104843,Zak Wallace,HB,0,,2025,113,66.8,76.8,29.1,68.5,56.2,21,0,1,0,10,20,16,7,53,30,23,ARK STATE,ARK STATE,75.5,,68.6
104969,Coleman Owen,WR,0,2025,2025,259,90.5,76,,90,59.3,06,0,1,0,0,22,1,26,49,22,27,OHIO,OHIO,69,,63.2
105568,Max Brosmer,QB,0,2025,2025,225,93.2,76.3,,,60,16,0,1,36,0,0,0,24,60,36,24,MINNESOTA,MINNESOTA,68.7,92.9,
105723,Brett Buckman,WR,0,,2025,146,65.6,72.9,,,68.3,10,0,1,0,0,0,0,13,13,0,13,UCONN,UCONN,,,
105818,Trent Holler,C,0,,2025,218,81.5,80.4,67.3,,78.5,54,0,1,0,41,0,0,43,84,41,43,MEMPHIS,MEMPHIS,,,
106748,C.J. Charleston,WR,0,,2027,222,60.9,71.4,,56,77.6,05,0,1,0,0,4,0,7,11,4,7,MICHIGAN,MICHIGAN,,,
108533,Tedi Kushi,T,0,2025,2025,347,86.1,76.1,87.8,,80.9,73,0,1,0,24,0,0,28,52,24,28,W MICHIGAN,W MICHIGAN,,,
108560,Michael Flores,C,0,,2026,263,64.7,79.5,49.9,,65.3,51,0,1,0,32,0,0,35,67,32,35,DOMINION,DOMINION,,,
108583,Jonathan Mendoza,T,0,2025,2025,210,68.7,72.2,81,,63.9,76,0,1,0,10,0,0,9,19,10,9,LOUISVILLE,LOUISVILLE,,,
108593,Jon Mucciolo,G,0,,2025,117,54.8,0,71.5,,58.8,64,2,1,0,35,0,0,41,76,35,41,BALL ST,BALL ST,,,
108653,John Paul Flores,G,0,,2025,206,58.7,76.6,6.9,,72.4,76,0,1,0,22,0,0,13,35,22,13,LIBERTY,LIBERTY,,,
109040,P.J. Wells,WR,0,,2025,196,58.8,76.8,,57.3,62.7,13,0,1,0,0,2,0,24,26,2,24,JVILLE ST,JVILLE ST,,,
109080,Michael Benefield,HB,0,,2025,200,73.7,76.7,44.8,62.2,59.3,00,0,1,0,3,5,16,4,28,8,20,KENNESAW,KENNESAW,75.5,,73
109083,Billy Lucas,HB,0,,2025,206,65,75.5,78.9,52.1,59.7,00,0,1,0,8,17,12,4,41,25,16,LIBERTY,LIBERTY,74,,66.4
109348,Pat Conroy,TE,0,2025,2025,263,64,78.1,65.2,64.1,61,15,0,1,0,1,29,0,27,57,30,27,DOMINION,DOMINION,64.1,,
109352,Billy Riviere III,TE,0,,2025,341,46.9,70.5,,55.4,49.8,42,0,1,0,0,2,0,10,12,2,10,WASH STATE,WASH STATE,,,
109374,Jackson Hawes,TE,0,2025,2025,176,62.2,78.8,67.3,58.1,64.8,85,0,1,0,12,19,0,25,56,31,25,GA TECH,GA TECH,61,,
109517,Solomon Davis,WR,0,,2025,134,55,76.1,,54.9,60.8,80,0,1,0,0,15,0,14,29,15,14,C MICHIGAN,C MICHIGAN,61,,
109537,Hayes Sutton,WR,0,,2026,224,62.7,69.2,,68.4,38.1,09,0,1,0,0,4,0,2,6,4,2,MIDDLE TN,MIDDLE TN,61,,
109592,JJ Jenkins,WR,0,,2025,126,66.3,76.1,,65.8,60.6,02,0,1,0,0,30,0,11,41,30,11,BUFFALO,BUFFALO,65,,
111094,Sean Brown,WR,0,,2026,136,64.1,76.9,,63.5,61.9,08,0,1,0,0,20,0,16,36,20,16,CHARLOTTE,CHARLOTTE,61,,
112576,Ben Shellenback,G,0,,2025,166,57,77.2,29.6,,59.8,72,1,1,0,15,0,0,19,34,15,19,FIU,FIU,,,
120862,Abdul-Fatai Ibrahim,WR,0,,2025,208,55.7,74.2,,55.8,60.6,18,0,1,0,0,15,0,9,24,15,9,LA TECH,LA TECH,62.9,,
121445,Keyshawn Woodyard,WR,0,,2026,288,60,67.3,,,60,18,0,1,0,0,0,0,2,2,0,2,S ALABAMA,S ALABAMA,,,
121483,Reese Burkhardt,K,0,,2025,315,70.8,60,,,,S38,0,1,0,0,0,1,0,1,0,1,TEXAS TECH,TEXAS TECH,62.5,,62.7
121539,Corey Rucker,WR,0,2026,2026,113,89.7,78.9,,87.9,72.8,07,0,1,0,0,46,0,30,76,46,30,ARK STATE,ARK STATE,68.7,,
121547,Austin Woods,G,0,,2025,113,60,64.1,,,59.7,91,0,1,0,0,0,0,1,1,0,1,ARK STATE,ARK STATE,,,
121708,Tyson Thompson,WR,0,,2026,275,55.9,66.8,,59.6,60,11,0,1,0,0,1,0,1,2,1,1,RICE,RICE,72.6,,
121761,Koby Drake,WR,0,,2025,218,54,78.4,,55.3,49.2,10,0,1,0,0,32,0,31,63,32,31,MEMPHIS,MEMPHIS,69.9,,
121763,Jonah Gambill,G,0,,2025,218,73.1,79.8,78.5,,72.1,65,0,1,0,41,0,0,43,84,41,43,MEMPHIS,MEMPHIS,,,
121783,Caden Prieskorn,TE,0,2025,2025,226,66.1,78.7,25.7,76.4,48.7,86,0,1,0,5,29,0,24,58,34,24,OLE MISS,OLE MISS,65.7,,
121811,Jaylin Lane,WR,0,2025,2025,337,58.4,76.2,,55.1,55.4,83,0,1,1,0,18,0,13,32,19,13,VA TECH,VA TECH,74.4,71.7,
121829,Terry Wilkins,HB,0,,2026,224,67.9,73.8,67.9,69.8,60,04,0,1,0,1,3,2,1,7,4,3,MIDDLE TN,MIDDLE TN,66.3,,58.6
121871,Wyatt Terlaak,G,0,,2025,216,63.1,78.6,63.4,,62.3,66,0,1,0,23,0,0,24,47,23,24,UMASS,UMASS,,,
121886,Jett Duncan,C,0,,2025,251,34.6,78.3,0,,62,64,0,1,0,66,0,0,21,87,66,21,N TEXAS,N TEXAS,,,
121905,Jake Roberts,TE,0,,2025,261,54.1,75.2,77,53.3,56.2,87,0,1,0,2,13,0,12,27,15,12,OKLAHOMA,OKLAHOMA,61,,
121917,Marcus Bryant,T,0,2025,2025,229,59.6,76.9,53.9,,59.6,52,0,1,0,26,0,0,37,63,26,37,MISSOURI,MISSOURI,,,
121949,Ben Sparks,G,0,,2025,287,56.2,78.2,53.3,,55.5,75,0,1,0,20,0,0,29,49,20,29,SMU,SMU,,,
122020,Azizi Henry,T,0,,2026,330,51.6,75.6,35.7,,54.6,74,0,1,0,14,0,0,37,51,14,37,UTEP,UTEP,,,
122021,Steven Hubbard,G,0,,2025,333,46.3,78.9,21.4,,49.7,54,0,1,0,36,0,0,22,58,36,22,VANDERBILT,VANDERBILT,,,
122056,Miles Davis,HB,0,2026,2026,128,58.6,65.2,,,,04,0,1,0,0,0,2,0,2,0,2,BYU,BYU,65.5,,59
122067,Sol-Jay Maiava-Peters,WR,0,,2026,241,39.4,74.3,70.3,55.4,59.7,30,0,1,0,1,5,5,4,15,6,9,NEW MEXICO,NEW MEXICO,69.7,,43.3
122076,Hinckley Ropati,HB,0,,2026,128,68.6,76.8,60.1,60.5,52,07,0,1,0,5,10,13,13,41,15,26,BYU,BYU,74.4,,70.7
122104,Daniel Keys,T,0,,2025,208,49.8,76.1,46.9,59.2,49.4,51,0,1,0,30,1,0,17,48,31,17,LA TECH,LA TECH,,,
122151,Mitchell Mayes,G,0,,2026,136,72.9,78.2,79.3,,72.1,77,0,1,0,27,0,0,26,53,27,26,CHARLOTTE,CHARLOTTE,,,
122155,Kobe Pace,HB,0,,2027,335,58.5,76.4,19.5,56.4,58.7,05,0,1,0,3,27,7,4,41,30,11,VIRGINIA,VIRGINIA,71.5,,62.3
122171,Bryce Kennon,TE,0,,2025,136,57.3,77.1,67.3,71.3,34.8,86,0,1,0,1,14,0,16,31,15,16,CHARLOTTE,CHARLOTTE,62.9,,
122173,Panda Askew,C,0,,2026,156,64.6,72,,,64.2,53,0,1,0,0,0,0,8,8,0,8,E CAROLINA,E CAROLINA,,,
122176,Jake Clemons,TE,0,,2025,136,59.3,72,67.7,57.3,60.3,81,0,1,0,1,2,0,16,19,3,16,CHARLOTTE,CHARLOTTE,,,
122184,Trexler Ivey,QB,0,,2025,136,60,63.6,,,60,11,0,1,0,0,0,0,1,1,0,1,CHARLOTTE,CHARLOTTE,,,
122188,Jonny King,C,0,,2026,136,56.9,0,83.2,,56.2,52,1,1,0,27,0,0,26,53,27,26,CHARLOTTE,CHARLOTTE,,,
122197,Taylor Thompson,TE,0,,2025,197,47.8,76.8,71.4,53.6,42.9,17,0,1,0,3,17,0,19,39,20,19,JAMES MAD,JAMES MAD,62.9,,
122207,Don Chaney,HB,0,,2028,210,61.6,71.7,74.6,56.1,,21,0,1,0,1,7,5,0,13,8,5,LOUISVILLE,LOUISVILLE,69.7,,61.8
122220,Xavier Restrepo,WR,0,2025,2025,220,59,77.3,,58.7,60.8,07,0,1,0,0,44,0,20,64,44,20,MIAMI FL,MIAMI FL,66.6,,
122221,Jalen Rivers,T,0,2025,2025,220,74.1,78.9,88.7,,67.6,64,0,1,0,51,0,0,32,83,51,32,MIAMI FL,MIAMI FL,,,
122234,Anderson Castle,HB,0,2026,2026,108,65.6,71.6,74.6,68.5,,01,0,1,0,2,9,2,0,13,11,2,APP STATE,APP STATE,66.3,,63.3
122242,Michael Hetzel,WR,0,,2026,108,58.5,67.6,,58.7,60,12,0,1,0,0,3,0,1,4,3,1,APP STATE,APP STATE,61,,
122243,Christan Horn,WR,0,,2025,108,71,76.8,,67.5,77.2,13,0,1,0,0,14,0,23,37,14,23,APP STATE,APP STATE,62.9,,
122253,Markell Samuel,T,0,,2027,108,59.2,19.8,77.5,,57.6,72,1,1,0,31,0,0,38,69,31,38,APP STATE,APP STATE,,,
122259,Eli Wilson,TE,0,2025,2025,108,59.4,76.4,67.3,60.1,56.8,87,0,1,0,1,20,0,22,43,21,22,APP STATE,APP STATE,62.9,,
122264,Drake Dabney,TE,0,2025,2025,305,60.7,74.9,,63,54.9,09,1,1,0,0,18,0,12,30,18,12,TCU,TCU,65,,
122273,Micah Mazzccua,T,0,,2025,238,58.4,74.1,63.1,,54.6,56,0,1,0,19,0,0,7,26,19,7,NEBRASKA,NEBRASKA,,,
122299,Quincy Jenkins,G,0,,2026,197,63.4,76.5,43.6,,65.6,50,0,1,0,15,0,0,14,29,15,14,JAMES MAD,JAMES MAD,,,
122317,CJ Beasley,HB,0,,2025,175,71.1,71,72.7,69.1,60,04,0,1,0,2,3,4,2,11,5,6,GA STATE,GA STATE,69.2,,69.1
122319,Mason Bowers,T,0,,2026,200,38,16.9,34.8,,45.3,57,1,1,0,24,0,0,40,64,24,40,KENNESAW,KENNESAW,,,
122344,Willie Lampkin,G,0,2025,2025,245,68.9,7.4,88.1,,69.6,53,1,1,0,38,0,0,37,75,38,37,N CAROLINA,N CAROLINA,,,
122350,Tyson Mobley,WR,0,,2026,206,55.7,77.8,,55.5,62.2,08,0,1,0,0,35,0,16,51,35,16,LIBERTY,LIBERTY,64.1,,
122384,Jontavis Robertson,WR,0,,2025,154,56,69.5,,56.7,60,01,0,1,0,0,5,0,1,6,5,1,DUKE,DUKE,,,
122397,Ja'Khi Douglas,WR,0,,2025,167,60.9,75.9,,61.2,58.3,00,0,1,0,0,27,1,9,37,27,10,FLORIDA ST,FLORIDA ST,64.3,,59.6
122411,Kentron Poitier,WR,0,,2025,167,52.4,75,,53.5,53.7,01,0,1,0,0,17,0,5,22,17,5,FLORIDA ST,FLORIDA ST,,,
122412,Chubba Purdy,QB,0,,2026,239,71.7,74.9,,,60,13,0,1,23,0,0,6,12,41,23,18,NEVADA,NEVADA,70.9,70.1,64.3
122414,Tate Rodemaker,QB,0,,2026,296,58,63.6,,,,18,0,1,0,0,0,1,0,1,0,1,SO MISS,SO MISS,,,60
122415,Robert Scott Jr.,T,0,,2025,167,71.9,15.2,82,,71.7,52,1,1,0,46,0,0,17,63,46,17,FLORIDA ST,FLORIDA ST,,,
122417,Thomas Shrader,T,0,,2027,108,57.6,18.1,86.2,,53.6,67,1,1,0,31,0,0,38,69,31,38,APP STATE,APP STATE,,,
122419,David Stickle,C,0,,2026,275,46.6,79.5,23.8,,53.8,64,0,1,0,36,0,0,28,64,36,28,RICE,RICE,,,
122421,Lawrance Toafili,HB,0,2025,2025,167,63.5,75.5,79.2,56,59.5,09,0,1,0,8,20,7,2,37,28,9,FLORIDA ST,FLORIDA ST,71.4,,64.6
122425,Darion Williamson,WR,0,,2026,167,58.5,68.8,,59.9,58.6,21,0,1,0,0,1,0,2,3,1,2,FLORIDA ST,FLORIDA ST,,,
122451,Rasheed Miller,T,1,2026,2026,210,50.9,76.8,46.9,,49.7,60,1,1,0,20,0,0,17,37,20,17,LOUISVILLE,LOUISVILLE,,,
122464,Jalen White,HB,0,2025,2025,174,50.3,74.9,74.6,33.4,59.4,25,0,1,0,4,17,2,3,26,21,5,GA SOUTHRN,GA SOUTHRN,65.5,,56.3
122466,Caelan Williams,T,0,,2027,174,61.1,71.9,76.1,,57.6,64,0,1,0,8,0,0,7,15,8,7,GA SOUTHRN,GA SOUTHRN,,,
122469,Avery Boyd,TE,0,,2025,176,80,70.6,,80.5,,09,0,1,0,0,7,0,0,7,7,0,GA TECH,GA TECH,64.1,,
122475,Tucker Gleason,QB,0,,2026,316,55,77.3,,,60,04,0,1,53,0,0,1,22,76,53,23,TOLEDO,TOLEDO,70.2,54.7,57.7
122487,Nate McCollum,WR,0,2025,2025,245,74.1,75,,74.9,61.7,06,0,1,0,0,18,1,9,28,18,10,N CAROLINA,N CAROLINA,67.7,,57.5
122503,Jordan Williams,T,0,2025,2025,176,56.1,77.5,69.8,,48.4,54,0,1,0,51,0,0,30,81,51,30,GA TECH,GA TECH,,,
122543,Ar'maj Reed-Adams,G,0,2026,2026,312,76.6,0,84.7,,84.3,55,2,1,0,24,0,0,36,60,24,36,TEXAS A&M,TEXAS A&M,,,
122546,Lawrence Arnold,WR,0,,2025,198,59.9,78.3,63.4,58.4,68.3,02,0,1,0,1,29,0,20,50,30,20,KANSAS,KANSAS,64.1,,
122548,Jordan Brown,WR,0,,2026,315,49.6,72.2,,53.7,39.7,04,0,1,0,0,13,0,4,17,13,4,TEXAS TECH,TEXAS TECH,70.6,,
122550,Bryce Cabeldue,T,0,2025,2025,198,67.5,19.1,75.4,,67.8,77,1,1,0,39,0,0,29,68,39,29,KANSAS,KANSAS,,,
122553,Jared Casey,TE,0,,2025,198,52.4,0,45.6,61.4,48.9,47,1,1,0,5,21,0,20,46,26,20,KANSAS,KANSAS,62.9,,
122555,Jalon Daniels,QB,0,2026,2026,198,76.8,77,,,60.1,06,1,1,39,0,0,10,19,68,39,29,KANSAS,KANSAS,41.7,77.3,64.1
122561,Luke Grimm,WR,0,2025,2025,198,71.7,78.7,,70.8,62.4,11,0,1,0,0,34,2,17,53,34,19,KANSAS,KANSAS,67.8,,61.9
122566,Trevor Kardell,TE,0,,2025,198,58.8,75.4,70.7,52.2,67.7,45,0,1,0,2,8,0,13,23,10,13,KANSAS,KANSAS,,,
122579,Quentin Skinner,WR,0,2025,2025,198,50,75.8,,47.1,82.2,00,0,1,0,0,22,0,9,31,22,9,KANSAS,KANSAS,,,
122584,Ty Bowman,WR,0,,2025,199,56.7,70.5,,57,60,08,0,1,0,0,4,0,3,7,4,3,KANSAS ST,KANSAS ST,,,
122599,Will Howard,QB,0,2025,2025,260,67.3,75.4,,,60,18,0,1,22,0,0,7,19,48,22,26,OHIO STATE,OHIO STATE,29.4,65.5,63
122608,Christian Moore,TE,0,,2026,325,46.7,0,53.2,53.2,51.2,44,1,1,0,13,10,0,14,37,23,14,UNLV,UNLV,,,
122620,Will Swanson,TE,0,,2026,199,54.8,74.9,66.7,53.7,57,83,0,1,0,1,10,0,15,26,11,15,KANSAS ST,KANSAS ST,61,,
122626,Carver Willis,T,0,2026,2026,199,69.1,76.9,73.1,,64.9,77,0,1,0,39,0,0,33,72,39,33,KANSAS ST,KANSAS ST,,,
122634,Dontae Fleming,WR,0,2025,2025,319,80.2,77.2,,80.7,62.9,01,0,1,0,0,16,1,24,41,16,25,TULANE,TULANE,69.7,,59.5
122646,Kyren Lacy,WR,0,,2025,211,67.2,79.5,,65.3,77.4,02,0,1,0,0,52,0,19,71,52,19,LSU,LSU,65.7,,
122673,Jerren Gilbert,G,0,,2025,208,62.3,78.3,66.3,,60.6,75,0,1,0,34,0,0,21,55,34,21,LA TECH,LA TECH,,,
122675,Bert Hale,G,0,,2025,208,56.9,79.6,81.9,,48.2,79,0,1,0,39,0,0,22,61,39,22,LA TECH,LA TECH,,,
122692,Kobe Baynes,G,0,,2026,198,65.8,79.1,67.9,,64.9,70,0,1,0,39,0,0,29,68,39,29,KANSAS,KANSAS,,,
122730,Jordan Watkins,WR,0,2025,2025,226,64.6,77.1,,66.9,42.7,11,0,1,0,0,34,0,24,58,34,24,OLE MISS,OLE MISS,65.7,,
122826,Chance Carroll,C,0,,2026,174,60,72,73,,59.1,54,0,1,0,2,0,0,6,8,2,6,GA SOUTHRN,GA SOUTHRN,,,
122828,John Copenhaver,TE,0,2025,2025,245,49,78.5,55.6,57.7,39,81,1,1,0,4,33,0,37,74,37,37,N CAROLINA,N CAROLINA,65,,
122830,Jacolby Criswell,QB,0,,2026,245,77,77.2,,,60,12,0,1,38,0,0,2,35,75,38,37,N CAROLINA,N CAROLINA,69.8,73.6,68.6
122834,Stephen Gosnell,WR,0,2025,2025,337,59.8,77.3,,57.7,73.9,12,0,1,0,0,27,0,20,47,27,20,VA TECH,VA TECH,61,,
122842,Malik McGowan,G,0,,2026,245,62.1,75.6,70.7,,60,64,0,1,0,13,0,0,8,21,13,8,N CAROLINA,N CAROLINA,,,
122864,Ben Finley,QB,0,,2026,102,63,75.5,,,60,10,0,1,28,0,0,1,17,46,28,18,AKRON,AKRON,68.6,61.2,62.4
122885,Anthony Smith,WR,0,2026,2026,156,76.4,76.4,,76.4,60.1,17,0,1,0,0,23,0,19,42,23,19,E CAROLINA,E CAROLINA,65,,
122892,Tosh Baker,T,0,,2025,258,86.6,72.6,78.3,,84.6,79,0,1,0,5,0,0,13,18,5,13,NOTRE DAME,NOTRE DAME,,,
122893,Kevin Bauman,TE,0,,2026,258,54.3,72.6,,54.9,57.3,84,1,1,0,0,3,0,12,15,3,12,NOTRE DAME,NOTRE DAME,,,
122910,Drew Pyne,QB,0,,2026,229,41.3,74.8,,,60,06,0,1,13,0,0,0,27,40,13,27,MISSOURI,MISSOURI,66,32.6,64.9
122913,Chris Tyree,WR,0,2025,2025,335,53,75.4,,54,61.7,04,0,1,0,0,25,1,12,38,25,13,VIRGINIA,VIRGINIA,66.4,,57.5
122920,Jalin Conyers,TE,0,2025,2025,315,76.1,75.5,69.9,68.5,73.7,12,0,1,0,3,12,0,14,29,15,14,TEXAS TECH,TEXAS TECH,61,,
122938,Chandler Morris,QB,0,2026,2026,251,74,77.8,,,60.1,04,0,1,64,0,0,2,18,84,64,20,N TEXAS,N TEXAS,71,70.6,71.5
122962,Cale Cabbiness,WR,0,,2025,262,79.1,73,,76.2,60.4,83,0,1,0,0,5,0,5,10,5,5,OKLA STATE,OKLA STATE,61,,
122977,Monroe Mills,T,0,,2027,210,72.6,75.8,79.4,,66.9,71,0,1,0,34,0,0,20,54,34,20,LOUISVILLE,LOUISVILLE,,,
122979,Rashod Owens,WR,0,2025,2025,262,62,77,,59.8,76.8,10,0,1,0,0,36,0,13,49,36,13,OKLA STATE,OKLA STATE,64.1,,
122982,Brennan Presley,WR,0,2025,2025,262,81.5,0,,82,61.8,80,1,1,0,0,50,1,19,70,50,20,OKLA STATE,OKLA STATE,72,,59.6
122987,Eli Russ,G,1,,2026,318,71.6,8,58.7,,78.4,66,2,1,0,35,0,0,38,73,35,38,TROY,TROY,,,
122993,Quinton Stewart,TE,0,,2026,262,60,63.5,,,59.8,82,0,1,0,0,0,0,1,1,0,1,OKLA STATE,OKLA STATE,,,
123016,Jake McConnachie,WR,0,,2026,268,55.8,69.1,,56.7,60,84,0,1,0,0,4,0,1,5,4,1,PITTSBURGH,PITTSBURGH,,,
123039,Josh Ilaoa,C,0,,2025,304,44.6,0,42.6,,51.7,55,1,1,0,35,0,0,5,40,35,5,SYRACUSE,SYRACUSE,,,
123048,Maximilian Mang,TE,0,2025,2025,304,59.9,65.7,,,59.4,00,0,1,0,0,0,0,2,2,0,2,SYRACUSE,SYRACUSE,,,
123051,Trebor Pena,WR,0,2026,2026,304,64.5,77.1,,64.2,61.9,02,0,1,0,0,40,0,15,55,40,15,SYRACUSE,SYRACUSE,72.9,,
123053,Mark Petry,G,0,,2026,304,67.5,80.4,70.2,,67.1,72,0,1,0,74,0,0,25,99,74,25,SYRACUSE,SYRACUSE,,,
123094,Michael Nichols,T,0,,2025,305,63.7,70.8,79.8,,58.1,71,0,1,0,8,0,0,4,12,8,4,TCU,TCU,,,
123095,Blake Nowell,WR,0,,2025,305,42.5,71.4,,45.8,60,87,0,1,0,0,5,0,1,6,5,1,TCU,TCU,,,
123101,Savion Williams,WR,0,2025,2025,305,71.2,77.7,,58.7,40.4,03,0,1,0,0,24,11,6,41,24,17,TCU,TCU,73.8,,80
123112,Moochie Dixon,WR,0,2025,2025,287,49.8,0,,53.6,61.5,05,1,1,0,0,14,0,17,31,14,17,SMU,SMU,,,
123115,Jaylen Garth,T,0,,2027,331,53.3,78.1,57.9,,49.7,71,0,1,0,58,0,0,38,96,58,38,UTSA,UTSA,,,
123123,Jake Majors,C,0,2025,2025,311,65.4,79.9,80.5,,59.9,65,0,1,0,42,0,0,31,73,42,31,TEXAS,TEXAS,,,
123125,Logan Parr,G,0,,2026,287,58.2,79.1,83.7,,54.5,71,0,1,0,21,0,0,34,55,21,34,SMU,SMU,,,
123133,Tahj Brooks,HB,0,2025,2025,315,65.8,77.7,82.4,40.9,59.8,28,0,1,0,9,30,30,3,72,39,33,TEXAS TECH,TEXAS TECH,79.1,,69.5
123138,Nathaneal Floyd,WR,0,,2026,239,68.2,70.6,,66.6,,85,0,1,0,0,6,0,0,6,6,0,NEVADA,NEVADA,61,,
123139,Loic Fouonji,WR,0,,2025,333,55.1,70.5,,56,60,11,0,1,0,0,4,0,2,6,4,2,VANDERBILT,VANDERBILT,,,
123155,Myles Price,WR,1,2025,2025,190,59.2,74,,62.7,43.1,04,1,1,0,0,10,0,11,21,10,11,INDIANA,INDIANA,70.1,,
123157,Caleb Rogers,T,0,2025,2025,315,75.8,77.8,85.5,,69,76,0,1,0,46,0,0,43,89,46,43,TEXAS TECH,TEXAS TECH,,,
123158,JJ Sparkman,WR,0,,2025,331,56.2,74.6,,54.3,74.2,84,0,1,0,0,14,0,9,23,14,9,UTSA,UTSA,61,,
123162,Jayden York,TE,0,,2027,182,50.8,75.6,73.8,38,63.6,13,0,1,0,3,6,0,25,34,9,25,HOUSTON,HOUSTON,,,
123211,Reggie Brown,TE,0,,2025,319,55.2,77.6,72.9,56,53.4,09,0,1,0,7,4,0,43,54,11,43,TULANE,TULANE,64.2,,
123217,Rashad Green,T,0,,2025,319,53.4,76.5,50.2,,53.8,69,0,1,0,17,0,0,46,63,17,46,TULANE,TULANE,,,
123232,Josh Remetich,G,0,,2025,319,58.7,0,83.3,,59.8,68,1,1,0,16,0,0,41,57,16,41,TULANE,TULANE,,,
123238,Phat Watts,WR,0,,2025,319,60,64.3,,,60,03,0,1,0,0,0,0,1,1,0,1,TULANE,TULANE,,,
123241,Kamdyn Benjamin,WR,0,,2025,320,75.2,79.2,,74.7,59.8,18,0,1,0,0,55,0,26,81,55,26,TULSA,TULSA,72.9,,
123265,Dillon Wade,T,0,2026,2026,115,74.1,77.7,35.7,,81.5,52,0,1,0,35,0,0,43,78,35,43,AUBURN,AUBURN,,,
123280,Omarion Dollison,WR,0,,2025,197,51.7,77.4,,53,48.7,09,0,1,0,0,21,0,21,42,21,21,JAMES MAD,JAMES MAD,,,
123297,Holden Willis,TE,0,,2025,224,68.8,79.4,,72.4,33.6,83,0,1,0,0,37,0,10,47,37,10,MIDDLE TN,MIDDLE TN,66.2,,
123308,Dan Dishman,TE,0,,2026,331,58.2,77.3,71.2,54.6,62.7,80,0,1,0,6,29,0,26,61,35,26,UTSA,UTSA,61,,
123342,Jordan Brunson,HB,0,,2026,221,93.3,67.4,,,,06,0,1,0,0,0,3,0,3,0,3,MIAMI OH,MIAMI OH,67.3,,88.5
123345,Parker Clements,T,0,2025,2025,337,56.9,75.7,70.6,,51.4,70,0,1,0,24,0,0,26,50,24,26,VA TECH,VA TECH,,,
123357,Kaden Moore,G,0,,2025,337,67.8,78.7,66.1,,67.9,68,0,1,0,32,0,0,29,61,32,29,VA TECH,VA TECH,,,
123373,Jahmal Banks,WR,0,2025,2025,238,56,78.5,,55.7,60.5,04,1,1,0,0,35,0,15,50,35,15,NEBRASKA,NEBRASKA,64.1,,
123380,Quinton Cooley,HB,0,,2025,206,52.7,75.1,50.2,55.2,59.7,20,0,1,0,10,6,9,5,30,16,14,LIBERTY,LIBERTY,72.5,,54.2
123383,Justice Ellison,HB,0,,2026,190,68.8,75.9,73.7,58,60,06,0,1,0,2,8,29,5,44,10,34,INDIANA,INDIANA,78.9,,67.7
123385,Michael Frogge,TE,0,,2026,339,45.7,71.3,,52.6,46,17,0,1,0,0,9,0,5,14,9,5,WAKE,WAKE,,,
123391,Ahmani Marshall,HB,0,2025,2025,108,67.1,75.2,75.7,55.9,59.4,03,0,1,0,2,6,18,2,28,8,20,APP STATE,APP STATE,29.3,,66.5
123396,Luke Petitbon,C,0,,2026,339,69.1,14,79.8,,67.6,74,1,1,0,45,0,0,40,85,45,40,WAKE,WAKE,,,
123401,George Sell,G,0,,2026,339,65.3,75.5,58.3,,66.5,77,0,1,0,16,0,0,7,23,16,7,WAKE,WAKE,,,
123406,Ke'Shawn Williams,WR,0,2025,2025,190,55.8,74.5,,55.8,59.4,05,0,1,0,0,7,0,11,18,7,11,INDIANA,INDIANA,61,,
123410,Samuel Brown,WR,0,2025,2025,220,59.8,76.9,,63.1,33.5,11,1,1,0,0,23,0,13,36,23,13,MIAMI FL,MIAMI FL,65,,
123418,Preston Fox,WR,0,,2026,343,53.9,71.7,,57.7,60,29,0,1,0,0,2,1,4,7,2,5,W VIRGINIA,W VIRGINIA,68.9,,57.9
123423,Sean Martin,ED,0,,2025,343,60,60,,,60,D05,0,1,0,0,0,0,1,1,0,1,W VIRGINIA,W VIRGINIA,,,
123439,Jordan White,G,0,2026,2026,206,60.7,0,77.1,,70.8,53,3,1,0,43,0,0,31,74,43,31,LIBERTY,LIBERTY,,,
123458,David Ndukwe,T,0,,2027,182,80.8,75,73.4,,78,77,0,1,0,11,0,0,27,38,11,27,HOUSTON,HOUSTON,,,
123461,Wes Pahl,P,0,2026,2026,262,60,63.4,,,60,S90,0,1,0,0,0,0,1,1,0,1,OKLA STATE,OKLA STATE,,,
123472,Noah Whittington,HB,0,2026,2026,264,76.5,73.6,70.2,74.6,58.6,06,0,1,0,1,11,7,2,21,12,9,OREGON,OREGON,71.8,,75.2
123489,Charlie Norman,HB,0,,2025,209,60,60,,,60,23,0,1,0,0,0,0,1,1,0,1,LA MONROE,LA MONROE,,,
123494,Preston Daniel,TE,0,,2025,221,32,0,65.2,59.2,48.3,85,1,1,0,1,1,0,3,5,2,3,MIAMI OH,MIAMI OH,,,
123530,Dwayne Allick,G,0,,2026,121,61.9,75.5,64.7,,61,53,0,1,0,10,0,0,14,24,10,14,BOSTON COL,BOSTON COL,,,
123542,Taji Johnson,WR,0,,2025,126,58.6,77.8,,58.4,61,41,0,1,0,0,22,0,8,30,22,8,BUFFALO,BUFFALO,62.9,,
123545,Hans Lillis,TE,0,,2025,160,60.3,70.4,65.9,,59.2,82,0,1,0,2,0,0,6,8,2,6,E MICHIGAN,E MICHIGAN,,,
123552,Ozzy Trapilo,T,0,2025,2025,121,60.3,76.8,63.7,,57.4,70,0,1,0,35,0,0,34,69,35,34,BOSTON COL,BOSTON COL,,,
123558,Jake Burns,G,0,,2026,122,52.9,78.9,69.7,,48.8,65,0,1,0,32,0,0,35,67,32,35,BOWL GREEN,BOWL GREEN,,,
123561,Gavin Gerhardt,C,0,2026,2026,138,59.2,0.4,76.5,,58.8,53,2,1,0,38,0,0,27,65,38,27,CINCINNATI,CINCINNATI,,,
123565,Joe Huber,G,0,2025,2025,349,52.2,79.1,47.2,,50.7,60,0,1,0,44,0,0,26,70,44,26,WISCONSIN,WISCONSIN,,,
123576,Evan Prater,WR,0,,2025,138,60,65.1,67.6,,,03,0,1,0,1,0,0,0,1,1,0,CINCINNATI,CINCINNATI,,,
123577,Jake Renfro,C,0,,2027,349,66.4,79.7,82.1,,60,57,0,1,0,44,0,0,26,70,44,26,WISCONSIN,WISCONSIN,,,
123585,John Williams,T,0,2025,2025,138,65.4,18.5,47.9,,77.3,75,1,1,0,38,0,0,27,65,38,27,CINCINNATI,CINCINNATI,,,
123616,LaJohntay Wester,WR,0,2025,2025,143,71,77.4,,67.5,80.1,10,0,1,0,0,34,0,31,65,34,31,COLORADO,COLORADO,67.7,,
123625,Rivaldo Fairweather,TE,0,2025,2025,115,53.7,77.4,36,50.1,65,13,0,1,0,4,29,0,29,62,33,29,AUBURN,AUBURN,62.9,,
123626,Miles Frazier,G,0,2025,2025,211,63.7,79.5,81.5,,57,70,0,1,0,55,0,0,22,77,55,22,LSU,LSU,,,
123640,Kejon Owens,HB,0,2026,2026,166,58.5,70.9,76.3,58.4,60,05,0,1,0,3,2,5,2,12,5,7,FIU,FIU,69.7,,58.4
123662,James Faminu,T,0,,2026,306,55.3,78.1,52.6,,55,62,0,1,0,52,0,0,32,84,52,32,TEMPLE,TEMPLE,,,
123675,Ugonna Nnanna,G,0,,2026,335,57.8,78.8,65.7,,52.8,71,0,1,0,39,0,0,14,53,39,14,VIRGINIA,VIRGINIA,,,
123680,Stacy Sneed,HB,0,,2026,182,52.7,74.3,39,36.7,60,21,0,1,0,2,8,8,4,22,10,12,HOUSTON,HOUSTON,72,,58.8
123682,Trevonte Sylvester,T,0,2026,2026,210,64,77.4,71.1,,58.3,70,1,1,0,44,0,0,29,73,44,29,LOUISVILLE,LOUISVILLE,,,
123689,Jabre Barber,WR,0,,2025,312,65.3,77.1,,65.5,60.5,01,0,1,0,0,19,1,15,35,19,16,TEXAS A&M,TEXAS A&M,69.5,,59.7
123703,Derrick Graham,T,0,2026,2026,319,76.3,77,85.7,,71,76,0,1,0,17,0,0,46,63,17,46,TULANE,TULANE,,,
123709,Tez Johnson,WR,0,2025,2025,264,80.1,75.7,,78.8,61.4,15,0,1,0,0,23,0,16,39,23,16,OREGON,OREGON,69.6,,
123740,Ja'Cyais Credle,WR,0,,2025,175,57.2,76.3,,57.3,57.3,08,0,1,0,0,27,0,22,49,27,22,GA STATE,GA STATE,61,,
123758,Parker Navarro,QB,0,,2026,259,90.5,14,,,60,13,1,1,22,0,0,10,19,51,22,29,OHIO,OHIO,72.5,91.6,69.2
123760,Johnny Richardson,WR,0,,2025,323,62.7,68.8,,56.7,60,00,0,1,0,0,3,1,1,5,3,2,UCF,UCF,62.5,,63.2
123761,Paul Rubelt,T,0,2026,2026,323,66.7,76.3,85.1,,56.7,69,0,1,0,37,0,0,22,59,37,22,UCF,UCF,,,
123795,Hampton Ergle,G,0,,2025,156,63.4,79.3,66.4,,62.1,74,0,1,0,30,0,0,25,55,30,25,E CAROLINA,E CAROLINA,,,
123802,Shane Calhoun,TE,0,,2025,312,54.1,72,,60.7,45.4,82,0,1,0,0,2,0,5,7,2,5,TEXAS A&M,TEXAS A&M,61,,
123814,Rahjai Harris,HB,0,,2025,156,81.5,73.9,77.1,55.2,60,47,0,1,0,5,8,11,1,25,13,12,E CAROLINA,E CAROLINA,73.5,,81.1
123816,Taji Hudson,WR,0,,2025,197,58.3,73.4,,46.2,79.8,19,0,1,1,0,8,0,8,17,9,8,JAMES MAD,JAMES MAD,60.3,73.1,
123832,Tyler Savage,TE,0,,2025,156,65.3,75.7,66.8,62.3,69.7,09,0,1,0,1,13,0,15,29,14,15,E CAROLINA,E CAROLINA,61,,
123849,Marcus Carroll,HB,0,,2025,229,62.3,75.9,0,62.8,59.7,09,0,1,0,1,5,17,2,25,6,19,MISSOURI,MISSOURI,75.8,,63.5
123850,Ben Chukwuma,T,0,2025,2025,175,56.9,76.7,64.4,,52.8,67,0,1,0,32,0,0,26,58,32,26,GA STATE,GA STATE,,,
123852,Mason Cook,G,0,,2026,175,68.6,71.7,75.7,,64.2,68,0,1,0,4,0,0,3,7,4,3,GA STATE,GA STATE,,,
123855,Cameron Golden,T,0,,2025,201,70.2,76.7,71.2,,67.1,54,0,1,0,38,0,0,28,66,38,28,KENT STATE,KENT STATE,,,
123857,Ahmon Green,TE,0,,2026,175,60,69.5,65.6,,60,85,0,1,0,1,0,0,1,2,1,1,GA STATE,GA STATE,,,
123858,Robert Lewis,WR,0,2025,2025,115,64.5,71.8,,64,59.4,14,0,1,0,0,10,0,3,13,10,3,AUBURN,AUBURN,61,,
123874,CJ Daniels,WR,0,2026,2026,211,80.5,72.2,,77.7,61.1,04,0,1,0,0,5,0,6,11,5,6,LSU,LSU,62.9,,
123886,Chase Mitchell,T,0,,2026,333,28.1,76.8,1.5,,36.8,50,0,1,0,38,0,0,28,66,38,28,VANDERBILT,VANDERBILT,,,
123917,Traeshon Holden,WR,0,2025,2025,264,56.2,0,,57.6,85.9,01,1,1,0,0,8,1,20,29,8,21,OREGON,OREGON,65.3,,57.5
123927,Seth McLaughlin,C,0,2025,2025,260,60.7,78.3,48.2,,61.8,56,0,1,0,22,0,0,26,48,22,26,OHIO STATE,OHIO STATE,,,
123957,Malik Hornsby,WR,0,,2025,113,57.2,66.6,,61,,04,0,1,0,0,2,1,0,3,2,1,ARK STATE,ARK STATE,65.3,,57.5
123959,Dominique Johnson,HB,0,,2026,305,65.5,68.4,,,68.5,20,0,1,0,0,0,0,4,4,0,4,TCU,TCU,,,
123963,Jalen St. John,T,0,,2026,325,61.1,13.8,66.3,,64.6,74,1,1,0,35,0,0,24,59,35,24,UNLV,UNLV,,,
123978,Elijah Canion,WR,0,,2026,206,74.5,75.4,,73.3,61.1,05,0,1,0,0,18,0,11,29,18,11,LIBERTY,LIBERTY,65.7,,
123989,Kobe Hudson,WR,0,2025,2025,323,61.1,64.1,,60.7,,02,0,1,0,0,1,0,0,1,1,0,UCF,UCF,61,,
123998,JJ Pegues,DI,0,2025,2025,226,65.9,69.1,71.6,,60,D38,2,1,0,1,0,2,1,4,1,3,OLE MISS,OLE MISS,65.5,,63.2
124008,Jeremiah Wright,G,0,2026,2026,115,63.6,79.5,41.8,,66,77,0,1,0,35,0,0,43,78,35,43,AUBURN,AUBURN,,,
124011,Austin Blaske,C,0,2026,2026,245,58.1,5.8,80.8,,56.9,58,1,1,0,38,0,0,37,75,38,37,N CAROLINA,N CAROLINA,,,
124027,Cameron Kinnie,G,0,,2026,323,64.2,74.3,81.7,,59.9,55,0,1,0,16,0,0,2,18,16,2,UCF,UCF,,,
124029,Chad Lindberg,G,0,2026,2026,275,57.9,79.9,69.4,,54.1,69,0,1,0,36,0,0,28,64,36,28,RICE,RICE,,,
124036,Justin Robinson,WR,0,,2026,343,71,74.2,,69.8,62.4,02,0,1,0,0,11,0,12,23,11,12,W VIRGINIA,W VIRGINIA,64.1,,
124043,Weston Wallace,G,0,,2026,174,67.2,71.6,73.7,,66.4,79,0,1,0,2,0,0,6,8,2,6,GA SOUTHRN,GA SOUTHRN,,,
124084,John Young,G,0,,2025,221,58,79.3,25.7,,63.9,71,0,1,0,32,0,0,24,56,32,24,MIAMI OH,MIAMI OH,,,
124091,Marcus Dumervil,T,0,,2026,215,66.2,71.5,80.4,,60,58,0,1,0,11,0,0,4,15,11,4,MARYLAND,MARYLAND,,,
124098,Xavier Hill,G,0,2026,2026,218,79.9,77.6,71.5,,79.1,71,0,1,0,41,0,0,43,84,41,43,MEMPHIS,MEMPHIS,,,
124102,Marlon Martinez,G,0,,2025,227,44.1,78.8,30.2,,43.8,77,0,1,0,36,0,0,29,65,36,29,MISS STATE,MISS STATE,,,
124114,Kole Taylor,TE,0,2025,2025,343,50.3,0,,49.4,62.6,87,1,1,0,0,28,0,31,59,28,31,W VIRGINIA,W VIRGINIA,64.1,,
124129,Kentrel Bullock,HB,0,2026,2026,288,71,76,67.5,52.9,72.2,03,0,1,0,1,18,18,4,41,19,22,S ALABAMA,S ALABAMA,29.3,,70.8
124141,Cedric Melton,T,0,,2026,182,58.1,67.4,63.3,,57.5,76,0,1,0,1,0,0,4,5,1,4,HOUSTON,HOUSTON,,,
124144,Henry Parrish Jr.,HB,0,,2025,226,65.7,77,65.9,57.1,47.9,21,0,1,0,9,19,15,4,47,28,19,OLE MISS,OLE MISS,75.2,,69.8
124154,DJ Thomas-Jones,TE,1,2025,2025,288,71.5,0,69.6,58.2,82,08,1,1,0,3,24,0,41,68,27,41,S ALABAMA,S ALABAMA,62.9,,
124159,Reed Buys,G,0,,2026,288,64.4,79.6,77,,62.1,51,1,1,0,32,0,0,48,80,32,48,S ALABAMA,S ALABAMA,,,
124179,Woody Marks,HB,0,2025,2025,326,71,74.8,75.1,78,60,04,0,1,0,3,14,15,1,33,17,16,USC,USC,75.3,,67
124184,Will Rogers,QB,0,,2025,340,56.7,75.7,,,60,07,2,1,31,0,0,0,19,50,31,19,WASHINGTON,WASHINGTON,68.3,58.7,52.7
124189,Jaden Walley,WR,0,,2025,227,57,68.8,,58.9,59.9,11,0,1,0,0,1,0,3,4,1,3,MISS STATE,MISS STATE,,,
124199,Brady Cook,QB,0,2025,2025,229,40.6,0,,,60,12,1,1,13,0,0,0,8,21,13,8,MISSOURI,MISSOURI,66,43.9,
124205,Drake Heismeyer,C,0,,2025,229,60,65.1,,,60,69,0,1,0,0,0,0,1,1,0,1,MISSOURI,MISSOURI,,,
124207,Javian Hester,WR,0,,2026,261,57.9,80.4,,54.9,83.5,13,0,1,0,0,42,0,30,72,42,30,OKLAHOMA,OKLAHOMA,61,,
124211,Ja'Mori Maclin,WR,0,2026,2026,202,53.6,74.1,62.1,53.6,60.8,09,0,1,0,1,14,0,5,20,15,5,KENTUCKY,KENTUCKY,,,
124222,Mitchell Walters,G,0,,2025,229,66.9,79.3,76.4,,64.9,75,0,1,0,23,0,0,35,58,23,35,MISSOURI,MISSOURI,,,
124281,Jimmy Holiday,WR,0,2025,2025,208,86.2,78.7,,83,60,06,0,1,2,0,25,4,9,40,27,13,LA TECH,LA TECH,70.1,73.1,64.7
124353,Logan Kyle,TE,0,,2026,197,50.2,71.8,12,56,59.3,18,0,1,0,1,5,0,6,12,6,6,JAMES MAD,JAMES MAD,,,
124360,Will Sheppard,WR,0,2025,2025,143,53,78.4,,52.3,59.9,14,0,1,0,0,26,0,20,46,26,20,COLORADO,COLORADO,61,,
124364,Kevo Wesley,G,0,,2027,333,50.7,74.4,26.1,,52.4,52,0,1,0,7,0,0,10,17,7,10,VANDERBILT,VANDERBILT,,,
124371,Joshua Braun,G,0,,2026,111,61.8,78.7,86.9,,55.6,72,0,1,0,36,0,0,26,62,36,26,ARKANSAS,ARKANSAS,,,
124380,Xzavier Henderson,WR,0,,2025,138,52.1,78.6,,51.8,61.2,08,0,1,0,0,30,0,22,52,30,22,CINCINNATI,CINCINNATI,61,,
124402,Malcolm Johnson Jr.,WR,0,,2025,122,67.8,76.7,,67.5,58.5,01,0,1,0,0,23,0,21,44,23,21,BOWL GREEN,BOWL GREEN,65,,
124519,Josh Manning,WR,0,,2028,229,55.9,77.7,,55,60.8,00,0,1,0,0,12,0,27,39,12,27,MISSOURI,MISSOURI,61,,
124736,Andrew Paul,HB,0,,2027,196,94.6,70.9,,,60,00,0,1,0,0,0,5,3,8,0,8,JVILLE ST,JVILLE ST,69.7,,91.8
125008,Armand Membou,T,0,2025,2025,229,67.7,76.4,78,,63,79,0,1,0,26,0,0,37,63,26,37,MISSOURI,MISSOURI,,,
125137,Kendrick Bell,WR,0,,2028,222,65.5,71.6,,64.5,60,12,0,1,0,0,7,0,2,9,7,2,MICHIGAN,MICHIGAN,61,,
125264,Micah Davis,WR,0,,2026,226,89,68.4,,82,60,04,0,1,0,0,3,0,1,4,3,1,OLE MISS,OLE MISS,72.6,,
125322,James Della Pesca,TE,0,,2025,306,69.9,74.8,70.7,39.3,82.4,08,0,1,0,3,15,0,17,35,18,17,TEMPLE,TEMPLE,61,,
125365,Jacob Jenkins,TE,0,,2026,206,49.8,74.4,68.5,57.2,44.2,84,0,1,0,2,8,0,14,24,10,14,LIBERTY,LIBERTY,62.9,,
125373,Will O'Steen,T,0,,2026,196,72.7,77.5,84.3,,67.6,73,0,1,0,21,0,0,53,74,21,53,JVILLE ST,JVILLE ST,,,
125681,James Brockermeyer,C,0,2026,2026,305,69.3,79.3,85,,62.9,52,0,1,0,40,0,0,23,63,40,23,TCU,TCU,,,
125950,Luke Hasz,TE,0,,2028,111,82.2,75.7,69.9,90.6,49.1,09,0,1,0,3,14,0,23,40,17,23,ARKANSAS,ARKANSAS,65.7,,
126117,Ben Marshall,TE,0,,2028,130,63.9,72.2,,,64.1,89,0,1,0,0,0,0,8,8,0,8,CAL,CAL,,,
126259,Noah Josey,G,0,,2027,335,62.8,79.8,82.7,,53.4,77,0,1,0,54,0,0,18,72,54,18,VIRGINIA,VIRGINIA,,,
127145,Jay Fair,WR,0,,2026,326,68.4,71.6,,67.6,60.5,09,0,1,0,0,5,0,9,14,5,9,USC,USC,61,,
127148,Josh Hoover,QB,0,,2027,305,66.6,77.9,,,59.9,10,0,1,40,0,0,1,22,63,40,23,TCU,TCU,33.4,66.5,60.6
127253,Quinn Ewers,QB,0,2025,2025,311,74.5,77.2,,,60,03,0,1,42,0,0,2,29,73,42,31,TEXAS,TEXAS,70,72,66.2
127298,Brady Boyd,WR,0,2026,2026,315,59.2,66.8,,59.9,60,13,0,1,0,0,1,0,2,3,1,2,TEXAS TECH,TEXAS TECH,,,
127312,Kaden Anderson,QB,0,,2028,351,73.4,76.2,,,60,12,0,1,28,0,0,8,21,57,28,29,WYOMING,WYOMING,71.9,77.1,57.6
127630,Grayson Tempest,WR,0,,2028,320,50.9,74.8,,51.2,60.3,19,0,1,0,0,33,0,9,42,33,9,TULSA,TULSA,61,,
127950,Elijah Fisher,G,0,,2026,209,58.5,79.6,71.2,,55.4,58,0,1,0,29,0,0,33,62,29,33,LA MONROE,LA MONROE,,,
128073,Josh Atwood,C,0,,2025,216,61.1,77.7,63.4,,59.9,60,0,1,0,23,0,0,24,47,23,24,UMASS,UMASS,,,
128082,Jonny Hassard,T,0,,2025,136,59.3,74.3,67.8,,56,58,0,1,0,16,0,0,14,30,16,14,CHARLOTTE,CHARLOTTE,,,
128100,Ethan Mottinger,G,0,,2025,216,69.9,75.4,76.7,,65.5,72,1,1,0,23,0,0,24,47,23,24,UMASS,UMASS,,,
128118,Austin Bolt,WR,0,,2025,120,72.8,76.3,,74.7,45.9,81,0,1,0,0,11,0,24,35,11,24,BOISE ST,BOISE ST,62.9,,
128119,Latrell Caples,WR,0,,2026,120,52.5,77.9,,49.7,70.4,03,0,1,0,0,27,0,29,56,27,29,BOISE ST,BOISE ST,61,,
128130,Herbert Gums,DI,0,,2025,120,60,63.6,,,59.9,D98,0,1,0,0,0,0,1,1,0,1,BOISE ST,BOISE ST,,,
128163,Dane Olson,WR,0,,2025,144,67.8,72.7,,66.9,60.4,81,0,1,0,0,6,0,8,14,6,8,COLO STATE,COLO STATE,62.9,,
128172,Jordan Brown,WR,0,,2026,169,57.2,73.8,,56.8,61.9,81,0,1,0,0,7,0,10,17,7,10,FRESNO ST,FRESNO ST,61,,
128174,Mac Dalena,WR,0,2025,2025,169,65.9,78.5,,67,43.8,00,0,1,0,0,40,0,17,57,40,17,FRESNO ST,FRESNO ST,65.7,,
128186,Tyler Mello,ED,0,,2025,169,60,63.6,,,60,D42,0,1,0,0,0,0,1,1,0,1,FRESNO ST,FRESNO ST,,,
128204,Tamatoa Mokiao-Atimalala,WR,0,,2025,180,45.6,72.9,,55.1,32,08,0,1,0,0,6,0,7,13,6,7,HAWAII,HAWAII,,,
128215,Maurice Ta'ala,G,0,,2025,180,60,68.5,,,60,51,0,1,0,0,0,0,3,3,0,3,HAWAII,HAWAII,,,
128229,Jacob Gardner,C,0,,2025,144,83.4,78.9,75.6,,78.2,75,0,1,0,23,0,0,34,57,23,34,COLO STATE,COLO STATE,,,
128240,Avery Morrow,HB,0,,2025,144,63.5,75.6,77.8,56.8,59,25,0,1,0,3,11,17,3,34,14,20,COLO STATE,COLO STATE,75.8,,63.6
128243,Frank Poso,T,0,,2025,239,61.6,69.1,64.7,,60,62,0,1,0,5,0,0,1,6,5,1,NEVADA,NEVADA,,,
128245,Grant Starck,T,0,,2025,265,62.1,75.9,45.3,,68.4,66,0,1,0,33,0,0,23,56,33,23,OREGON ST,OREGON ST,,,
128280,Vincent Santos,TE,0,,2026,241,54,0,69.8,,68.5,88,1,1,0,1,0,0,5,6,1,5,NEW MEXICO,NEW MEXICO,,,
128315,Mekhi Shaw,WR,0,,2025,284,60.3,78.1,,58.9,75.4,83,0,1,0,0,51,0,20,71,51,20,S DIEGO ST,S DIEGO ST,68.8,,
128321,Jackson Canaan,TE,0,,2026,285,46.7,77.3,,50.3,33.7,85,0,1,0,0,34,0,9,43,34,9,S JOSE ST,S JOSE ST,61,,
128333,Sam Olson,TE,0,,2026,109,62.1,76.3,74,62.3,56.5,84,0,1,0,6,21,0,15,42,27,15,ARIZONA,ARIZONA,62.9,,
128343,Kaleo Ballungay,TE,0,,2025,325,55.5,77.4,44.7,59.6,51.8,19,0,1,0,7,19,0,20,46,26,20,UNLV,UNLV,61,,
128352,Dylan Downing,HB,0,,2025,221,61.4,73.3,84.4,57,,02,0,1,0,16,3,4,0,23,19,4,MIAMI OH,MIAMI OH,68.6,,58.3
128371,Tiger Shanks,T,0,,2025,325,64.3,76.2,81.4,,55.4,70,0,1,0,35,0,0,24,59,35,24,UNLV,UNLV,,,
128374,Kyle Williams,WR,0,2025,2025,341,75.3,77.8,,72.9,60.7,02,0,1,0,0,34,1,25,60,34,26,WASH STATE,WASH STATE,67,,63.5
128376,Falepule Alo,C,0,,2025,329,63.5,79.9,63.2,,62,55,0,1,0,46,0,0,28,74,46,28,UTAH ST,UTAH ST,,,
128393,Cole Motes,T,0,,2025,329,57.4,76.6,70,,51.3,56,0,1,0,37,0,0,22,59,37,22,UTAH ST,UTAH ST,,,
128399,Josh Sterzer,TE,0,,2026,329,64.1,78.3,,62.8,63.8,83,0,1,0,0,25,0,21,46,25,21,UTAH ST,UTAH ST,65,,
128410,Caleb Driskill,TE,0,,2025,351,73.3,70.3,,,70.8,36,0,1,0,0,0,0,10,10,0,10,WYOMING,WYOMING,,,
128422,Nick Miles,TE,0,,2025,351,70.6,77.4,46.7,47.5,80.9,86,0,1,0,4,15,0,34,53,19,34,WYOMING,WYOMING,,,
128426,Will Pelissier,WR,0,,2025,351,42.3,77,,42.1,57.1,83,0,1,0,0,18,0,23,41,18,23,WYOMING,WYOMING,,,
128427,Emmanuel Pregnon,G,0,2026,2026,326,69,78.3,71.3,,68.8,70,0,1,0,27,0,0,15,42,27,15,USC,USC,,,
128438,Nofoafia Tulafono,C,0,,2025,351,71.1,8.2,83.6,,69.1,77,1,1,0,36,0,0,40,76,36,40,WYOMING,WYOMING,,,
128441,Malik Williams,T,0,,2026,285,50.7,22.3,48.6,,57.7,70,1,1,0,59,0,0,15,74,59,15,S JOSE ST,S JOSE ST,,,
128693,Talyn Shettron,WR,0,,2027,262,46.5,0,,50.4,59.1,02,2,1,0,0,37,0,17,54,37,17,OKLA STATE,OKLA STATE,,,
128791,Tabry Shettron,TE,0,,2026,262,60,64.3,,,60,11,0,1,0,0,0,0,1,1,0,1,OKLA STATE,OKLA STATE,,,
128793,Zach Ortwerth,TE,0,,2028,192,51.2,75.7,,53.8,49.3,48,0,1,0,0,20,0,10,30,20,10,IOWA,IOWA,64.1,,
129394,Jamoi Mayes,WR,1,2025,2025,138,54.7,78.8,,54.4,60.6,10,1,1,0,0,38,0,25,63,38,25,CINCINNATI,CINCINNATI,68,,
129398,Shamar Sandgren,WR,0,,2025,288,48.4,75.6,,51.4,44.4,15,0,1,0,0,11,0,15,26,11,15,S ALABAMA,S ALABAMA,65.1,,
129407,Josh Beetham,TE,0,,2026,176,51.2,75.1,45.5,63.3,39,17,0,1,0,6,13,0,11,30,19,11,GA TECH,GA TECH,62.9,,
129434,Kahlil Benson,G,0,2026,2026,143,58.9,76.3,52.6,,58.9,67,0,1,0,18,0,0,14,32,18,14,COLORADO,COLORADO,,,
129450,Charlie Spegal,HB,0,,2026,117,49.2,71.2,6,57.9,57.1,32,0,1,0,2,3,1,5,11,5,6,BALL ST,BALL ST,62.5,,57.5
129457,Dexter Williams II,QB,0,,2027,174,60.7,71,,,60,09,0,1,7,0,0,4,2,13,7,6,GA SOUTHRN,GA SOUTHRN,20.6,68.6,53.1
129466,Tyler Elsbury,G,0,,2025,192,56.5,74.8,79.5,,52.9,76,0,1,0,9,0,0,7,16,9,7,IOWA,IOWA,,,
129473,Logan Jones,C,1,2026,2026,192,64,79,77.7,,59.6,65,1,1,0,32,0,0,25,57,32,25,IOWA,IOWA,,,
129475,Luke Lachey,TE,0,2025,2025,192,62.6,73.9,67.3,63,57,85,0,1,0,1,13,0,8,22,14,8,IOWA,IOWA,64.1,,
129478,Liam Reardon,LS,0,,2026,102,60,65.1,,68.1,,S49,0,1,0,0,1,0,0,1,1,0,AKRON,AKRON,,,
129479,Mason Richman,T,0,2025,2025,192,72.7,76.6,87,,64.9,78,0,1,0,32,0,0,25,57,32,25,IOWA,IOWA,,,
129483,Diante Vines,WR,0,,2025,263,57.9,78.6,,57.7,60,00,0,1,0,0,26,0,20,46,26,20,DOMINION,DOMINION,64.1,,
129488,Gavin Williams,HB,0,,2025,254,55.6,74.5,29.8,52.1,60,21,0,1,0,5,29,1,1,36,34,2,N ILLINOIS,N ILLINOIS,67.1,,59.6
129501,Isaac Bunyun,G,0,,2025,215,56.1,78.4,65,,51.3,57,0,1,0,31,0,0,14,45,31,14,MARYLAND,MARYLAND,,,
129575,Eamonn Dennis,WR,0,,2026,259,58.6,72.7,,58.5,59.8,10,0,1,0,0,4,0,10,14,4,10,OHIO,OHIO,63.6,,
129580,A.J. Henning,WR,0,2025,2025,256,51.5,76.7,,51.8,60,08,0,1,0,0,21,1,14,36,21,15,NWESTERN,NWESTERN,65.3,,57.5
129581,Matthew Hibner,TE,0,2026,2026,287,59.7,80.3,41.8,57.2,64.4,88,0,1,0,3,27,0,43,73,30,43,SMU,SMU,12,,
129590,Kalel Mullings,HB,0,2025,2025,222,58.2,75.7,87.1,53.5,92.3,20,0,1,0,3,9,13,8,33,12,21,MICHIGAN,MICHIGAN,74.4,,54.9
129593,Jeff Persi,T,0,,2026,222,59.4,65.1,77.2,,57.4,79,0,1,0,2,0,0,1,3,2,1,MICHIGAN,MICHIGAN,,,
129602,Dan Villari,TE,0,2026,2026,304,58.8,79.9,61.6,58.5,55.3,89,0,1,0,7,42,2,18,69,49,20,SYRACUSE,SYRACUSE,67.4,,62
129616,Montorie Foster Jr.,WR,0,2025,2025,223,61.5,78.7,,62.3,61.1,03,0,1,0,0,28,1,30,59,28,31,MICH STATE,MICH STATE,71.2,,57.5
129625,Terry Lockett Jr.,WR,0,,2026,160,62.2,0,,63.7,62.1,03,1,1,1,0,51,0,26,78,52,26,E MICHIGAN,E MICHIGAN,64.6,60,
129634,Jordon Simmons,HB,0,,2026,102,75.7,75.2,26.7,57.5,69.8,08,0,1,0,4,18,18,6,46,22,24,AKRON,AKRON,76.2,,77.2
129639,Ricky White,WR,0,2025,2025,325,52.8,0,,54.7,61.1,11,1,1,0,0,35,0,22,57,35,22,UNLV,UNLV,13.7,,
129648,Doug Emilien,WR,0,,2026,198,56.6,70,,57.3,59.1,05,0,1,0,0,3,0,5,8,3,5,KANSAS,KANSAS,,,
129649,Aireontae Ersery,T,0,2025,2025,225,82.8,76.7,85.8,,78.2,69,0,1,0,36,0,0,24,60,36,24,MINNESOTA,MINNESOTA,,,
129654,Daniel Jackson,WR,0,2025,2025,225,79.2,77.5,,77.9,61.4,09,0,1,0,0,35,0,15,50,35,15,MINNESOTA,MINNESOTA,67.5,,
129659,Martes Lewis,T,0,,2026,225,58.9,70.6,,,58.7,71,0,1,0,0,0,0,5,5,0,5,MINNESOTA,MINNESOTA,,,
129669,Ky Thomas,HB,0,,2026,201,59.5,0,79.4,59.4,60,03,1,1,0,7,12,15,1,35,19,16,KENT STATE,KENT STATE,27.7,,61
129676,Nate Boerkircher,TE,0,2026,2026,238,67.5,72.2,67.4,71.7,57.9,87,0,1,0,1,7,0,12,20,8,12,NEBRASKA,NEBRASKA,61,,
129686,RJ Delancy III,CB,0,2025,2025,349,60,64.9,,,60,D05,0,1,0,0,0,0,1,1,0,1,WISCONSIN,WISCONSIN,,,
129705,Sevion Morrison,HB,0,,2027,198,86.5,71,49.3,59.8,60,28,0,1,0,3,1,3,1,8,4,4,KANSAS,KANSAS,67.3,,83.8
129713,Logan Smothers,QB,0,,2025,196,65.2,71,,,60,07,0,1,0,0,0,5,8,13,0,13,JVILLE ST,JVILLE ST,69.7,,62.6
129717,Jake Arthurs,HB,0,,2025,256,58.1,68.2,,62.7,,31,0,1,0,0,5,1,0,6,5,1,NWESTERN,NWESTERN,65.7,,58
129732,Cameron Porter,HB,0,,2026,256,68.4,74.3,38.7,61.4,59.4,01,0,1,0,2,6,13,2,23,8,15,NWESTERN,NWESTERN,74.5,,68.6
129733,Josh Priebe,G,0,2025,2025,222,57.1,78.9,72.1,,54,68,0,1,0,23,0,0,29,52,23,29,MICHIGAN,MICHIGAN,,,
129740,Ben Wrather,T,0,,2025,256,59.9,75.8,74.5,,51.8,71,0,1,0,30,0,0,22,52,30,22,NWESTERN,NWESTERN,,,
129745,Julian Fleming,WR,0,,2025,266,54.8,77,,54.6,59.4,03,0,1,0,0,16,0,16,32,16,16,PENN STATE,PENN STATE,61,,
129746,Josh Fryar,T,0,2025,2025,260,74,75.4,83.8,,68,70,0,1,0,22,0,0,26,48,22,26,OHIO STATE,OHIO STATE,,,
129756,Gee Scott Jr.,TE,0,2025,2025,260,72.2,77.4,65.5,65.5,77.3,88,0,1,0,1,20,0,23,44,21,23,OHIO STATE,OHIO STATE,62.9,,
129769,Jimmy Christ,T,0,,2025,335,60,64.3,73.6,,,50,0,1,0,1,0,0,0,1,1,0,VIRGINIA,VIRGINIA,,,
129773,Nick Dawkins,C,0,2026,2026,266,49,2.3,52.6,,53.3,53,1,1,0,36,0,0,33,69,36,33,PENN STATE,PENN STATE,,,
129774,Jaden Dottin,WR,0,,2026,316,58.3,75.6,,53.1,90.2,10,0,1,0,0,16,0,9,25,16,9,TOLEDO,TOLEDO,,,
129782,Caziah Holmes,HB,0,,2026,167,69.7,70.9,76.1,57.2,60,26,0,1,0,3,4,4,1,12,7,5,FLORIDA ST,FLORIDA ST,68.6,,69.8
129789,KeAndre Lambert-Smith,WR,0,2025,2025,115,66,80.7,,66.2,56.8,05,0,1,0,0,33,0,38,71,33,38,AUBURN,AUBURN,65,,
129798,Tyler Warren,TE,0,2025,2025,266,67.8,80,,68.4,67.6,44,0,1,0,0,33,2,28,63,33,30,PENN STATE,PENN STATE,68.8,,56.2
129807,Maliq Carr,TE,0,,2025,182,73.3,77.3,72,73.6,62,06,0,1,0,3,11,0,30,44,14,30,HOUSTON,HOUSTON,62.9,,
129819,Josh Kaltenberger,C,0,2025,2025,215,56.6,79.8,85.4,,46.4,70,0,1,0,51,0,0,21,72,51,21,MARYLAND,MARYLAND,,,
129841,Kobie Campbell,WR,0,,2025,275,55.2,0,,58.1,61.7,02,1,1,0,0,24,0,8,32,24,8,RICE,RICE,61,,
129849,Geron Hargon,FB,0,,2025,275,58.3,69.3,,,57.2,44,0,1,0,0,0,0,5,5,0,5,RICE,RICE,,,
129876,Tunde Fatukasi,T,0,,2026,122,57.4,77.1,47.6,,59,55,0,1,0,32,0,0,35,67,32,35,BOWL GREEN,BOWL GREEN,,,
129885,Chris Long,WR,0,,2026,278,61.1,78.4,,57.1,62.2,03,0,1,1,0,31,0,20,52,32,20,RUTGERS,RUTGERS,62.4,74.6,
129890,Kamar Missouri,T,0,2026,2026,331,56.1,78.7,44.4,,59.8,55,0,1,0,58,0,0,38,96,58,38,UTSA,UTSA,,,
129891,Kyle Monangai,HB,0,2025,2025,278,69.8,75.7,36.4,62.5,73.4,05,0,1,0,12,19,18,0,49,31,18,RUTGERS,RUTGERS,76.2,,70.4
129899,Hollin Pierce,T,0,2025,2025,278,74.5,78.4,87.4,,64.3,72,0,1,0,59,0,0,33,92,59,33,RUTGERS,RUTGERS,,,
129906,Evan Simon,QB,0,,2026,306,77.1,77.7,,,60,12,1,1,52,0,0,3,29,84,52,32,TEMPLE,TEMPLE,70.9,80.2,55.3
129927,Jack Nelson,T,0,2025,2025,349,48.8,19.8,72.2,,41.6,79,2,1,0,44,0,0,26,70,44,26,WISCONSIN,WISCONSIN,,,
129928,Riley Nowakowski,TE,0,2026,2026,349,54.4,73.7,72.9,53.5,57.6,37,0,1,0,2,11,0,13,26,13,13,WISCONSIN,WISCONSIN,61,,
129935,Trey Wedig,T,0,2025,2025,190,88.5,19.1,82,,88.2,75,1,1,0,20,0,0,52,72,20,52,INDIANA,INDIANA,,,
129937,Aaron Witt,ED,0,,2027,349,60,60,,,60,D59,0,1,0,0,0,0,1,1,0,1,WISCONSIN,WISCONSIN,,,
130268,Austin Henderson,TE,0,,2026,206,61.4,72.6,,61.2,60,83,0,1,0,0,12,0,1,13,12,1,LIBERTY,LIBERTY,61,,
130291,Tony Georges,C,0,,2025,201,56.7,79.6,62.9,,54.8,63,0,1,0,38,0,0,28,66,38,28,KENT STATE,KENT STATE,,,
130322,Nate Williams,T,0,,2025,284,69.9,76.8,69.1,,68.4,74,0,1,0,48,0,0,21,69,48,21,S DIEGO ST,S DIEGO ST,,,
130330,Ethan Crowe,C,0,,2025,117,66.4,80.1,66.5,,64.1,54,0,1,0,35,0,0,41,76,35,41,BALL ST,BALL ST,,,
130339,Qian Magwood,WR,0,,2026,117,51,74.4,,51.2,61.6,05,0,1,0,0,18,0,10,28,18,10,BALL ST,BALL ST,,,
130342,Kevin Meeder,G,0,,2025,117,59.4,79.5,79.3,,54.8,71,0,1,0,35,0,0,41,76,35,41,BALL ST,BALL ST,,,
130363,Levi Gazarek,TE,0,,2025,122,62.5,74.8,34,62.5,64.4,10,0,1,0,4,6,0,24,34,10,24,BOWL GREEN,BOWL GREEN,61,,
130386,Terion Stewart,HB,0,2026,2026,122,70.4,74.8,,55.5,60,04,0,1,0,0,7,21,2,30,7,23,BOWL GREEN,BOWL GREEN,77,,69.5
130396,Alex Wollschlaeger,T,0,2026,2026,122,64.7,76.6,63,,63.1,50,0,1,0,32,0,0,35,67,32,35,BOWL GREEN,BOWL GREEN,,,
130407,Tyler Doty,G,0,,2026,126,52.2,79.1,39.1,,52.8,78,0,1,0,47,0,0,22,69,47,22,BUFFALO,BUFFALO,,,
130408,Michael Ford Jr.,G,0,,2025,198,69.7,80.1,53.6,,73.5,54,0,1,0,39,0,0,29,68,39,29,KANSAS,KANSAS,,,
130457,Jere Getzinger,TE,0,,2025,160,60.9,77.4,55.5,64.2,54.1,83,0,1,0,8,20,0,23,51,28,23,E MICHIGAN,E MICHIGAN,62.9,,
130473,Mickey Rewolinski,G,0,,2026,160,71.8,80.2,92.7,,65.3,63,0,1,0,53,0,0,32,85,53,32,E MICHIGAN,E MICHIGAN,,,
130484,J.B. Awolowo,WR,0,,2025,201,59.9,71.8,,,59.4,26,0,1,0,0,0,0,2,2,0,2,KENT STATE,KENT STATE,,,
130489,Marquez Cooper,HB,0,,2025,284,68.8,77.6,82.9,52.5,60,15,0,1,0,14,36,18,1,69,50,19,S DIEGO ST,S DIEGO ST,76.2,,71.5
130491,Luke Floriea,WR,0,2025,2025,201,65.2,78,,63.1,59.2,00,0,1,1,0,37,0,24,62,38,24,KENT STATE,KENT STATE,68.8,,64.3
130496,Marcellus Marshall,G,0,,2026,323,59,77.4,63.5,,57.3,72,0,1,0,21,0,0,20,41,21,20,UCF,UCF,,,
130505,Savion Washington,T,0,2025,2025,304,63.3,31.1,71.6,,60.3,77,1,1,0,74,0,0,25,99,74,25,SYRACUSE,SYRACUSE,,,
130512,James Bomba,TE,0,,2026,190,70.2,71.7,,55.3,71.9,48,0,1,0,0,2,0,15,17,2,15,INDIANA,INDIANA,,,
130517,Kevin Davis,HB,0,,2025,221,73.5,71.1,,56.6,,08,0,1,0,0,6,4,0,10,6,4,MIAMI OH,MIAMI OH,69.5,,75.6
130520,Reid Holskey,T,0,2025,2025,221,70,76.1,82.1,,62.7,56,0,1,0,32,0,0,24,56,32,24,MIAMI OH,MIAMI OH,,,
130523,Charlie Nank,C,0,,2025,221,61,71.5,74.9,,59.8,77,0,1,0,4,0,0,2,6,4,2,MIAMI OH,MIAMI OH,,,
130543,Evan Buss,T,0,,2025,254,65.3,76.2,76.7,,56.7,60,0,1,0,43,0,0,17,60,43,17,N ILLINOIS,N ILLINOIS,,,
130545,John Champe,G,0,,2025,254,69.8,78.9,61.1,,73.4,76,0,1,0,46,0,0,20,66,46,20,N ILLINOIS,N ILLINOIS,,,
130550,Jay Ducker,HB,0,,2026,281,51.9,74.8,67.5,42.4,55.4,09,0,1,0,1,11,10,13,35,12,23,SM HOUSTON,SM HOUSTON,73.1,,57.7
130577,Trayvon Rudolph,WR,0,2026,2026,254,58.7,77.8,,56.9,77.3,03,0,1,0,0,41,0,11,52,41,11,N ILLINOIS,N ILLINOIS,67.4,,
130578,Matt Schooley,C,0,,2025,254,61.7,72.4,74.6,,60.1,64,0,1,0,5,0,0,4,9,5,4,N ILLINOIS,N ILLINOIS,,,
130593,Joseph Habinowski,G,0,,2026,259,65.6,72.6,,,65,73,0,1,0,0,0,0,9,9,0,9,OHIO,OHIO,,,
130613,DeMeer Blankumsee,WR,0,2025,2025,218,54.7,78,,53.1,59.2,00,0,1,0,0,35,0,32,67,35,32,MEMPHIS,MEMPHIS,65,,
130634,Larry Stephens III,WR,0,,2026,316,57.1,66.9,,59.4,58.7,09,0,1,0,0,1,0,2,3,1,2,TOLEDO,TOLEDO,,,
130653,Kaevion Mack,WR,0,,2026,347,70.9,74,,69.8,61.1,24,0,1,0,0,10,0,10,20,10,10,W MICHIGAN,W MICHIGAN,62.9,,
131396,Shedeur Sanders,QB,0,2025,2025,143,78.6,77,,,60,02,0,1,36,0,0,4,33,73,36,37,COLORADO,COLORADO,32.6,82,55.3
131560,Josh Baker,C,0,,2025,109,63.3,79.3,77.2,,57.8,75,0,1,0,42,0,0,20,62,42,20,ARIZONA,ARIZONA,,,
131577,Jalen John,HB,0,,2026,216,68.4,69.9,19.8,55.9,,21,0,1,0,0,5,3,0,8,5,3,UMASS,UMASS,67.3,,70.7
131588,Roberto Miranda,TE,0,,2025,109,52.6,71.2,11,50.6,65.5,85,1,1,0,1,7,0,6,14,8,6,ARIZONA,ARIZONA,,,
131594,Paris Shand,DI,0,2025,2025,211,60,60,,,60,D00,1,1,0,0,0,0,1,1,0,1,LSU,LSU,,,
131606,LV Bunkley-Shelton,WR,0,,2025,174,73.6,75.8,,72.3,62.7,04,0,1,0,0,26,0,11,37,26,11,GA SOUTHRN,GA SOUTHRN,62.9,,
131638,Ender Aguilar,G,0,,2026,320,47.4,79.7,20.5,,52.9,50,0,1,0,57,0,0,27,84,57,27,TULSA,TULSA,,,
131650,Jeremiah Hunter,WR,0,,2025,340,73.8,77.9,,71.5,74,06,0,1,0,0,25,0,15,40,25,15,WASHINGTON,WASHINGTON,65,,
131671,Chris Carpenter,WR,0,,2025,331,74.7,79.7,,73.5,57.5,05,0,1,0,0,35,1,24,60,35,25,UTSA,UTSA,71.7,,63
131673,Gerad Lichtenhan,T,0,2025,2025,265,77.6,76.4,90.2,,69.3,71,0,1,0,33,0,0,23,56,33,23,OREGON ST,OREGON ST,,,
131682,Michael Harrison,TE,0,,2025,284,58,80.2,84,60.5,42.7,87,0,1,0,3,45,0,22,70,48,22,S DIEGO ST,S DIEGO ST,66.2,,
131686,Montana Lemonious-Craig,WR,0,2025,2025,109,55,72.1,,55.5,60.1,05,0,1,0,0,8,0,3,11,8,3,ARIZONA,ARIZONA,,,
131712,Marcus Harper II,G,0,,2025,264,56,78.6,48.5,,55.8,55,0,1,0,28,0,0,33,61,28,33,OREGON,OREGON,,,
131713,Kris Hutson,WR,0,,2026,341,56,77.9,62.1,56.2,59,01,0,1,1,1,32,0,28,62,34,28,WASH STATE,WASH STATE,64.6,56.9,
131729,Zeriah Beason,WR,0,,2026,318,53.9,71.7,,54.7,60,08,0,1,0,0,6,0,2,8,6,2,TROY,TROY,,,
131734,Ben Gulbranson,QB,0,,2026,265,86.4,74.5,,60,60,17,0,1,22,0,1,1,13,37,23,14,OREGON ST,OREGON ST,67.4,85.7,63.3
131748,Jake Overman,TE,0,,2026,268,55.8,72.5,,67.5,34.8,87,0,1,0,0,8,0,3,11,8,3,PITTSBURGH,PITTSBURGH,62.9,,
131761,Myles Hinton,T,0,2025,2025,222,60.2,76.1,67.5,,57,78,0,1,0,23,0,0,29,52,23,29,MICHIGAN,MICHIGAN,,,
131771,Connor McLaughlin,T,0,,2026,300,72,76.9,81.2,,64.6,71,0,1,0,51,0,0,20,71,51,20,STANFORD,STANFORD,,,
131777,James Pogorelc,T,0,,2026,154,60,63.5,,,60,78,0,1,0,0,0,0,1,1,0,1,DUKE,DUKE,,,
131782,EJ Smith,HB,0,2026,2026,312,73.9,69.1,72.6,60,,22,0,1,0,1,1,2,0,4,2,2,TEXAS A&M,TEXAS A&M,65.5,,70.2
131791,Bruno Fina,T,0,2026,2026,154,44.1,77.9,4.7,,68.6,75,0,1,0,53,0,0,27,80,53,27,DUKE,DUKE,,,
131812,Matt Sykes,WR,0,,2025,275,57,78.8,,56.9,58.7,08,0,1,0,0,34,0,27,61,34,27,RICE,RICE,64.1,,
131826,Courtland Ford,T,0,2026,2026,202,46.7,69.1,78.3,,41.7,74,0,1,0,3,0,0,3,6,3,3,KENTUCKY,KENTUCKY,,,
131845,Bryson Barnes,QB,0,,2026,329,68.5,65.5,,,,16,0,1,2,0,0,0,0,2,2,0,UTAH ST,UTAH ST,61.8,60.4,63.7
131859,Jaren Kump,C,0,2026,2026,328,62.8,79.4,49.8,,64.8,68,0,1,0,40,0,0,23,63,40,23,UTAH,UTAH,,,
131870,Money Parks,WR,0,,2025,328,50.7,74.4,,55.1,40,10,0,1,0,0,11,0,9,20,11,9,UTAH,UTAH,63.6,,
131879,Tanoa Togiai,G,0,2026,2026,328,69.2,79.7,77.9,,67.3,73,0,1,0,40,0,0,23,63,40,23,UTAH,UTAH,,,
131906,Gaard Memmelaar,G,0,,2028,340,44.7,77.4,12.5,,49.5,64,0,1,0,18,0,0,16,34,18,16,WASHINGTON,WASHINGTON,,,
131911,Mark Redman,TE,0,2025,2025,210,59.9,79.8,41.4,61.4,57.6,83,1,1,0,6,34,0,29,69,40,29,LOUISVILLE,LOUISVILLE,65,,
131915,Sav'ell Smalls,TE,0,,2026,143,47.3,75.4,68.2,49.5,47.7,31,0,1,0,4,6,0,22,32,10,22,COLORADO,COLORADO,,,
131930,Fa'alili Fa'amoe,T,0,,2026,341,51.6,76.9,77.5,,41.9,79,0,1,0,39,0,0,32,71,39,32,WASH STATE,WASH STATE,,,
131938,Devin Kylany,C,0,,2026,341,58.4,3.2,85.5,,55.8,70,1,1,0,39,0,0,32,71,39,32,WASH STATE,WASH STATE,,,
131944,Cooper Mathers,TE,0,,2025,341,53.6,78.3,70.7,58.2,45.9,24,0,1,0,5,18,0,28,51,23,28,WASH STATE,WASH STATE,61,,
131959,Rodrick Tialavea,G,0,,2026,341,54,77.7,49.1,,52.9,57,0,1,0,22,0,0,15,37,22,15,WASH STATE,WASH STATE,,,
131961,Jay Wilkerson,WR,0,,2027,208,50.8,75.8,,54.7,41.3,47,0,1,0,0,12,0,8,20,12,8,LA TECH,LA TECH,,,
132046,Kaidon Salter,QB,0,,2026,206,88.1,77.3,,,60,07,0,1,43,0,0,8,23,74,43,31,LIBERTY,LIBERTY,72.3,77.7,84.2
132974,Sackett Wood Jr.,TE,0,,2025,335,58.7,65.7,,60,59.7,44,0,1,0,0,1,0,1,2,1,1,VIRGINIA,VIRGINIA,,,
133066,Dylan Howell,ED,0,,2026,209,60,60,,,60,D41,0,1,0,0,0,0,1,1,0,1,LA MONROE,LA MONROE,,,
133127,Walter Young Bear,G,0,,2026,320,54.7,80.7,79.9,,43.9,54,0,1,0,57,0,0,27,84,57,27,TULSA,TULSA,,,
133244,Cam Ward,QB,0,2025,2025,220,63,77.6,,89.5,60,01,0,1,50,0,1,0,32,83,51,32,MIAMI FL,MIAMI FL,69.8,61,54.9
133616,Rodney Harris II,WR,0,,2027,259,66,76.8,,63.5,73.6,11,0,1,0,0,18,0,26,44,18,26,OHIO,OHIO,61,,
133685,David Larkins,TE,0,,2026,108,51.8,74.6,67.3,51.2,55.2,85,0,1,0,1,7,0,15,23,8,15,APP STATE,APP STATE,,,
133796,Isaiah Myers,WR,0,,2027,136,56.6,73.5,,56.7,59.3,02,0,1,0,0,7,0,9,16,7,9,CHARLOTTE,CHARLOTTE,61,,
134273,Cole Adams,WR,0,,2027,103,58,63.9,,59.5,,07,0,1,0,0,1,0,0,1,1,0,ALABAMA,ALABAMA,63.8,,
134752,Phillip Wilder,T,0,,2025,138,55.8,16.4,42.6,,66.9,74,2,1,0,37,0,0,27,64,37,27,CINCINNATI,CINCINNATI,,,
134899,Mathyus Su'a,G,0,,2026,325,60,78.6,87.5,,53,78,0,1,0,35,0,0,24,59,35,24,UNLV,UNLV,,,
137997,Bryson Broadway,T,0,,2025,174,72.5,76.3,79.5,,67.1,75,0,1,0,40,0,0,22,62,40,22,GA SOUTHRN,GA SOUTHRN,,,
138241,Easton Kilty,T,0,2025,2025,199,79.7,77.4,88,,73.1,71,0,1,0,39,0,0,33,72,39,33,KANSAS ST,KANSAS ST,,,
138262,Jack Wright,WR,0,,2025,320,55.3,71.2,,55.9,59.6,89,0,1,0,0,4,0,4,8,4,4,TULSA,TULSA,,,
138317,Nate Sullivan Jr.,TE,0,,2026,209,48.1,78,74.8,52.6,42.1,80,0,1,0,3,13,0,21,37,16,21,LA MONROE,LA MONROE,61,,
138412,Caleb Krings,G,0,,2025,154,50.5,80.6,41.4,,49.5,71,0,1,0,53,0,0,27,80,53,27,DUKE,DUKE,,,
138448,Kaelon Black,HB,0,2026,2026,190,61.7,69.6,,66,60,08,0,1,0,0,1,3,3,7,1,6,INDIANA,INDIANA,67.8,,60.6
138463,Cole Potts,G,0,,2025,197,63,77.9,22.6,,68.9,66,0,1,0,23,0,0,27,50,23,27,JAMES MAD,JAMES MAD,,,
138468,Tyler Stephens,G,0,,2025,190,39.8,68.8,,,41.2,77,0,1,0,0,0,0,6,6,0,6,INDIANA,INDIANA,,,
138470,Antwane Wells Jr.,WR,0,2025,2025,226,59.5,78.8,,60.5,60.3,03,0,1,0,0,30,1,15,46,30,16,OLE MISS,OLE MISS,66,,57.7
139372,Tim Conerly,WR,0,,2026,325,59.4,63.4,,60,,08,0,1,0,0,1,0,0,1,1,0,UNLV,UNLV,,,
139543,Ethan Hagler,C,0,,2026,281,63.9,79.5,66.2,,61.8,57,0,1,0,26,0,0,40,66,26,40,SM HOUSTON,SM HOUSTON,,,
141259,Quali Conley,HB,0,2025,2025,109,63.5,77.7,45.6,54.9,60,07,0,1,0,11,24,16,1,52,35,17,ARIZONA,ARIZONA,28.9,,64.3
141268,Daniel Gonzalez,T,0,,2025,224,41.4,73.2,0.5,,59.4,78,0,1,0,16,0,0,7,23,16,7,MIDDLE TN,MIDDLE TN,,,
141472,Kyle Morlock,TE,0,,2025,167,55.4,74.6,70.7,66.8,38.7,84,0,1,0,6,8,0,11,25,14,11,FLORIDA ST,FLORIDA ST,61,,
141684,Austin Leausa,G,0,,2026,128,60.9,79.5,52.4,,61.1,55,0,1,0,32,0,0,45,77,32,45,BYU,BYU,,,
141701,Mata'ava Ta'ase,TE,0,,2025,128,63.8,74.9,70.5,71.3,53.8,88,0,1,0,6,9,0,22,37,15,22,BYU,BYU,61,,
141839,Shomari Lawrence,HB,0,,2026,166,77.8,74,73.3,57.6,59.5,00,0,1,0,3,3,8,4,18,6,12,FIU,FIU,71.9,,75.7
141877,Connor Briggs,TE,0,,2025,221,65.4,71.8,68.2,,63.6,04,0,1,0,2,0,0,14,16,2,14,MIAMI OH,MIAMI OH,,,
141881,Dominic Serapiglia III,C,0,,2025,134,56.1,78.5,55.4,,56.3,63,0,1,0,21,0,0,29,50,21,29,C MICHIGAN,C MICHIGAN,,,
142023,Michael Pettway,WR,0,,2026,196,78.6,75,,79.3,58.4,02,0,1,0,0,9,0,20,29,9,20,JVILLE ST,JVILLE ST,68.4,,
142085,Kenneth Womack,WR,0,,2025,347,67.8,76.8,,67.2,62,09,0,1,0,0,23,0,24,47,23,24,W MICHIGAN,W MICHIGAN,62.9,,
142259,Tyler Pastula,P,0,,2025,284,60,70.3,63.8,,,S13,0,1,0,1,0,1,0,2,1,1,S DIEGO ST,S DIEGO ST,62.5,,60
142276,Freddie Brock IV,HB,0,,2026,175,70.2,73.9,67.9,48.6,59.2,25,0,1,0,1,12,9,4,26,13,13,GA STATE,GA STATE,72.6,,74.3
142437,Abdul Janneh Jr.,WR,0,,2026,176,53,76.2,,53.2,61.2,04,0,1,0,0,22,0,7,29,22,7,GA TECH,GA TECH,61,,
142483,Davon Wells,WR,0,,2025,209,76.8,73.5,,76.3,58.6,03,0,1,0,0,10,0,10,20,10,10,LA MONROE,LA MONROE,70.4,,
142567,Tyler Huff,QB,0,,2025,196,87.3,76.4,,,60,06,0,1,21,0,0,16,24,61,21,40,JVILLE ST,JVILLE ST,74.3,78,76.6
142933,Tony Muskett,QB,0,,2025,335,71.7,71.8,,,60,07,0,1,16,0,0,0,1,17,16,1,VIRGINIA,VIRGINIA,66.5,68.5,64
142935,Dymere Miller,WR,0,2025,2025,278,67.7,77.3,,67.3,60.8,00,0,1,0,0,52,0,31,83,52,31,RUTGERS,RUTGERS,68.2,,
142968,Ajani Cornelius,T,0,2025,2025,264,64.4,76,74.5,,59.6,65,0,1,0,27,0,0,30,57,27,30,OREGON,OREGON,,,
143066,Luke Newman,G,0,2025,2025,223,60.9,79.9,40.5,,62.7,70,0,1,0,29,0,0,36,65,29,36,MICH STATE,MICH STATE,,,
143757,D'Angalo Titialii,C,0,,2025,340,39,0,29.6,,48.2,75,1,1,0,33,0,0,25,58,33,25,WASHINGTON,WASHINGTON,,,
143759,Nate Bennett,WR,1,,2025,284,67.2,0,,67.2,75.3,11,1,1,0,0,50,0,21,71,50,21,S DIEGO ST,S DIEGO ST,65.7,,
143817,Lewis Bond,WR,0,2026,2026,121,62.4,79.7,,60.9,61.8,11,0,1,0,0,32,2,30,64,32,32,BOSTON COL,BOSTON COL,68.1,,63
143829,Drew Kendall,C,0,2025,2025,121,71.4,79.7,83.9,,65.8,66,0,1,0,35,0,0,34,69,35,34,BOSTON COL,BOSTON COL,,,
143854,Sahmir Hagans,WR,0,2026,2026,154,50.8,77.4,,55.9,31.4,02,0,1,0,0,37,0,17,54,37,17,DUKE,DUKE,64.1,,
143862,Riley Leonard,QB,0,2025,2025,258,90.4,75.7,,,60,13,0,1,31,0,0,3,18,52,31,21,NOTRE DAME,NOTRE DAME,69.8,86.3,74.6
143865,Jordan Moore,WR,0,2025,2025,154,64.9,79.3,,64.2,62.7,08,1,1,0,0,31,0,19,50,31,19,DUKE,DUKE,64.1,,
143870,Justin Pickett,G,0,2026,2026,154,59.1,79.6,61,,56.8,77,0,1,0,53,0,0,27,80,53,27,DUKE,DUKE,,,
143900,Jackson West,T,0,,2026,167,59.3,69.7,76.9,60,58.2,48,0,1,0,1,1,0,7,9,2,7,FLORIDA ST,FLORIDA ST,,,
143904,Leo Blackburn,WR,0,,2026,176,60,64.8,,,60,01,0,1,0,0,0,0,1,1,0,1,GA TECH,GA TECH,,,
143913,Weston Franklin,C,0,,2025,176,66.5,80.3,70.5,,63.4,72,0,1,0,51,0,0,30,81,51,30,GA TECH,GA TECH,,,
143914,Joe Fusile,G,0,,2026,176,67.3,80.7,60.9,,68.7,67,0,1,0,51,0,0,30,81,51,30,GA TECH,GA TECH,,,
143918,Jamal Haynes,HB,0,2026,2026,176,58.4,76.9,52.9,52,58.4,11,0,1,0,8,24,18,4,54,32,22,GA TECH,GA TECH,76.2,,60.3
143921,Jakiah Leftwich,T,0,,2026,245,60,64.1,,,59.2,75,0,1,0,0,0,0,1,1,0,1,N CAROLINA,N CAROLINA,,,
143925,Chayden Peery,QB,0,,2026,166,71,74.6,,,60,12,0,1,16,0,0,9,11,36,16,20,FIU,FIU,72.1,60.8,70.8
143929,Malik Rutherford,WR,0,2026,2026,176,60.4,77.7,,60.2,59.5,08,0,1,0,0,41,0,21,62,41,21,GA TECH,GA TECH,66.2,,
143933,Elijah Arroyo,TE,0,2025,2025,220,59,78.3,68.8,60.8,48,08,0,1,1,4,31,0,18,54,36,18,MIAMI FL,MIAMI FL,63.7,60.6,
143942,Jacolby George,WR,0,2025,2025,220,56.6,79.6,,56.2,61.3,03,0,1,0,0,35,0,22,57,35,22,MIAMI FL,MIAMI FL,64.1,,
143950,Key'Shawn Smith,WR,0,2025,2025,287,59.4,76.3,,58.6,63.4,09,0,1,0,0,20,0,28,48,20,28,SMU,SMU,9.4,,
143951,Brashard Smith,HB,0,2025,2025,287,73.4,75.1,40.3,67.6,59.2,01,0,1,0,3,16,25,4,48,19,29,SMU,SMU,78.1,,72.7
143965,J.J. Jones,WR,0,2025,2025,245,86.4,77.3,,85.6,61.4,05,0,1,0,0,33,0,28,61,33,28,N CAROLINA,N CAROLINA,66.2,,
143974,Kobe Paysour,WR,0,,2026,245,50.5,77.8,,52.7,44.5,13,0,1,0,0,25,0,15,40,25,15,N CAROLINA,N CAROLINA,61,,
143976,Diego Pounds,T,0,2026,2026,226,46.9,15.1,61.6,,46.7,61,1,1,0,36,0,0,27,63,36,27,OLE MISS,OLE MISS,,,
143987,Lyndon Cooper,C,0,,2027,268,55.8,0,70.4,,57.9,56,1,1,0,26,0,0,20,46,26,20,PITTSBURGH,PITTSBURGH,,,
143989,Jaleel Davis,G,1,,2026,166,56.4,76,81.7,,50.4,78,1,1,0,15,0,0,11,26,15,11,FIU,FIU,,,
143993,Thornton Gentry,G,0,,2025,108,48.1,0,75,,58.7,70,1,1,0,3,0,0,2,5,3,2,APP STATE,APP STATE,,,
143994,Julian Gray,WR,0,,2026,206,50.1,71.8,,51.3,60.1,01,0,1,0,0,6,0,3,9,6,3,LIBERTY,LIBERTY,9.4,,
144010,Myles Alston,WR,0,,2026,263,60.6,76.1,,60,62.8,08,0,1,0,0,16,0,16,32,16,16,DOMINION,DOMINION,62.9,,
144011,Trey Andersen,T,0,,2026,329,58.2,74.3,56.7,,57.6,57,0,1,0,23,0,0,11,34,23,11,UTAH ST,UTAH ST,,,
144013,Gavin Bartholomew,TE,0,2025,2025,268,60.6,77.1,67.8,62.8,53.2,86,0,1,0,1,17,0,17,35,18,17,PITTSBURGH,PITTSBURGH,64.1,,
144016,Jaden Bradley,WR,0,2026,2026,325,67.3,75.3,,66.6,60.9,23,0,1,0,0,16,0,11,27,16,11,UNLV,UNLV,62.9,,
144020,Terrence Enos Jr.,T,0,,2026,268,70.7,75.3,70.3,,68.7,74,0,1,0,22,0,0,19,41,22,19,PITTSBURGH,PITTSBURGH,,,
144024,Rodney Hammond Jr.,HB,0,,2026,268,55.1,70.5,11.2,55.1,60,06,0,1,0,1,6,3,1,11,7,4,PITTSBURGH,PITTSBURGH,67.3,,60.6
144037,Nate Yarnell,QB,0,,2026,268,76.7,70.4,,,60,19,0,1,8,0,0,0,3,11,8,3,PITTSBURGH,PITTSBURGH,64.9,76.2,
144039,Jakob Bradford,G,0,,2025,304,59.8,24.4,67.4,,60,74,1,1,0,74,0,0,25,99,74,25,SYRACUSE,SYRACUSE,,,
144046,Oronde Gadsden II,TE,0,2025,2025,304,59.3,77.8,67.4,59.7,55.5,19,0,1,0,1,24,0,6,31,25,6,SYRACUSE,SYRACUSE,64.1,,
144048,Umari Hatcher,WR,0,,2027,304,56.7,77.9,,56.7,61,05,1,1,0,0,33,0,6,39,33,6,SYRACUSE,SYRACUSE,62.9,,
144049,Wes Hoeh,C,0,,2026,146,64.8,79.7,51.6,,65,73,0,1,0,33,0,0,37,70,33,37,UCONN,UCONN,,,
144052,Justin Lamson,QB,0,,2027,300,67.6,63.6,,,,08,0,1,0,0,0,1,0,1,0,1,STANFORD,STANFORD,62.5,,63
144060,Landon Morris,TE,0,,2027,306,84.8,75.9,67.8,82.9,65.1,81,0,1,0,3,23,0,11,37,26,11,TEMPLE,TEMPLE,65.7,,
144070,Tahj Bullock,QB,0,,2026,102,80.9,74.4,,59.5,60.1,12,0,1,4,0,3,7,8,22,7,15,AKRON,AKRON,71.2,84.5,68.9
144079,Jack Hollifield,C,0,,2026,108,74.5,79.7,72.1,,70.7,68,0,1,0,31,0,0,38,69,31,38,APP STATE,APP STATE,,,
144089,Da'Wain Lofton,WR,0,,2027,262,59.2,77,,59.8,50.9,05,0,1,0,0,27,0,9,36,27,9,OKLA STATE,OKLA STATE,61,,
144095,Christian Moss,WR,0,,2027,200,71.7,75.8,,71.3,60.1,06,0,1,0,0,15,0,16,31,15,16,KENNESAW,KENNESAW,62.9,,
144103,Bob Schick,G,0,,2026,337,61.9,77,59.9,,61.5,75,0,1,0,17,0,0,14,31,17,14,VA TECH,VA TECH,,,
144107,Malachi Thomas,HB,0,,2026,337,60.7,72.9,24.3,59.6,60,24,0,1,0,1,5,3,6,15,6,9,VA TECH,VA TECH,67.8,,62.2
144112,Beaux Collins,WR,0,2025,2025,258,61.1,77.1,,60.7,61.6,05,0,1,0,0,25,0,20,45,25,20,NOTRE DAME,NOTRE DAME,62.9,,
144155,Michael Gonzalez,G,0,2025,2025,210,64.3,80.2,62.6,,64,68,0,1,0,44,0,0,29,73,44,29,LOUISVILLE,LOUISVILLE,,,
144160,Ahmari Huggins-Bruce,WR,0,,2025,210,64.7,74.6,,64,61.8,24,0,1,0,0,22,0,11,33,22,11,LOUISVILLE,LOUISVILLE,22.5,,
144185,Billy Edwards Jr.,QB,0,,2027,215,51.6,76.1,,,60,09,0,1,40,0,0,2,15,57,40,17,MARYLAND,MARYLAND,69.9,54.1,51.7
144188,Horatio Fields,WR,0,,2027,339,57,78.6,,57.1,57,05,1,1,0,0,37,0,26,63,37,26,WAKE,WAKE,65,,
144191,Matt Gulbin,G,0,2026,2026,339,71.3,8.8,69.6,,76,54,2,1,0,38,0,0,38,76,38,38,WAKE,WAKE,,,
144203,Erik Russell,T,0,,2025,339,59.9,70,59.3,,59.5,72,0,1,0,7,0,0,2,9,7,2,WAKE,WAKE,,,
144205,Nick Sharpe,G,0,,2027,339,67.5,79.2,71.2,,66.4,70,0,1,0,36,0,0,35,71,36,35,WAKE,WAKE,,,
144220,AJ George,G,0,,2026,102,60,63.5,64.6,,,71,0,1,0,1,0,0,0,1,1,0,AKRON,AKRON,,,
144232,Myles Montgomery,HB,0,2026,2026,323,52.8,69.7,11.9,57.3,,22,0,1,0,2,4,2,0,8,6,2,UCF,UCF,65.5,,58.6
144234,Will Pauling,WR,0,2026,2026,349,60.9,78.7,,61.6,61.6,06,0,1,0,0,35,1,19,55,35,20,WISCONSIN,WISCONSIN,68.2,,57.5
144255,Raylen Sharpe,WR,0,2026,2026,169,56.8,77.5,,58,57.1,11,0,1,1,0,43,0,13,57,44,13,FRESNO ST,FRESNO ST,65.3,,57.3
144267,Seth Henigan,QB,0,2025,2025,218,80,77.7,,,60,09,0,1,41,0,0,3,40,84,41,43,MEMPHIS,MEMPHIS,70.4,79.7,62.3
144276,Mak Pounders,T,0,,2026,227,55.1,75.2,42.1,,58.2,66,0,1,0,24,0,0,16,40,24,16,MISS STATE,MISS STATE,,,
144279,Eric Rivers,WR,0,2026,2026,166,59.9,77,,59.5,61.1,03,0,1,0,0,24,0,27,51,24,27,FIU,FIU,64.1,,
144283,Roc Taylor,WR,0,2025,2025,218,68.3,80.1,,67.7,62.2,03,0,1,0,0,39,0,40,79,39,40,MEMPHIS,MEMPHIS,66.2,,
144294,Javan Bouton,T,0,,2025,237,71.6,76,63.5,,70,62,0,1,0,18,0,0,39,57,18,39,NAVY,NAVY,,,
144305,Daba Fofana,WR,0,,2025,237,54.2,75,83.5,57.1,53.6,45,0,1,0,3,5,2,11,21,8,13,NAVY,NAVY,65.5,,56.7
144313,Amin Hassan,WR,0,,2025,237,57.4,71.7,,58,56.3,28,0,1,0,0,3,0,9,12,3,9,NAVY,NAVY,,,
144330,Connor McMahon,T,0,,2025,237,77.3,76.6,68.7,,75.2,68,0,1,0,18,0,0,39,57,18,39,NAVY,NAVY,,,
144333,Kroy Myers,WR,0,,2025,237,60,67.3,,,60,00,0,1,0,0,0,0,2,2,0,2,NAVY,NAVY,,,
144343,Thomas Scully,T,0,,2025,237,54.9,73.9,82.4,55.9,54.7,88,0,1,0,2,7,0,22,31,9,22,NAVY,NAVY,,,
144344,Brent Self,C,0,,2025,237,62.8,79,64.7,,61.1,65,1,1,0,18,0,0,39,57,18,39,NAVY,NAVY,,,
144348,Turner Stepp,WR,0,,2025,237,60,64.1,,,60,32,0,1,0,0,0,0,1,1,0,1,NAVY,NAVY,,,
144350,Regis Velez,TE,0,,2025,237,62.6,75.3,,60,64.8,84,0,1,0,0,1,0,22,23,1,22,NAVY,NAVY,,,
144351,Michael Whitehouse,T,0,,2025,237,59.9,66.9,,,59.6,73,0,1,0,0,0,0,3,3,0,3,NAVY,NAVY,,,
144356,Roderick Daniels Jr.,WR,0,2025,2025,287,80.2,76.7,,86.7,45.2,13,0,1,0,0,18,1,17,36,18,18,SMU,SMU,70,,63.3
144358,Stone Eby,TE,0,,2026,287,54.7,74.7,71.8,59.9,50.3,44,0,1,0,1,1,0,15,17,2,15,SMU,SMU,,,
144395,Jimto Obidegwu,T,0,2026,2026,201,61.1,77.3,87.2,,47.8,73,0,1,0,38,0,0,28,66,38,28,KENT STATE,KENT STATE,,,
144404,Bryce Bohanon,WR,0,,2026,319,59.8,75.6,,56,67,83,0,1,0,0,5,0,22,27,5,22,TULANE,TULANE,61.9,,
144448,Bill Jackson,HB,0,,2026,320,66.8,74.2,77.7,76.7,59.6,03,0,1,0,5,16,5,3,29,21,8,TULSA,TULSA,70.5,,62.8
144468,Kaedin Robinson,WR,0,,2026,108,69.9,0,,72,59.6,02,1,1,0,0,28,0,36,64,28,36,APP STATE,APP STATE,68.3,,
144483,Jimmy Horn Jr.,WR,0,2025,2025,143,68.8,0,,71.1,56.1,05,1,1,0,0,23,0,12,35,23,12,COLORADO,COLORADO,20.5,,
144506,Kyron Drones,QB,0,2026,2026,337,69.8,76.5,,88.9,60,01,0,1,31,0,1,8,21,61,32,29,VA TECH,VA TECH,72,63.1,66
144507,Hal Presley,WR,0,2025,2025,118,77.3,75.4,,76.7,61.3,16,0,1,0,0,15,0,19,34,15,19,BAYLOR,BAYLOR,62.9,,
144513,Josh Cameron,WR,0,2026,2026,118,58.4,79.6,,57.7,61.9,34,0,1,0,0,22,0,32,54,22,32,BAYLOR,BAYLOR,69.9,,
144514,Gavin Yates,TE,0,,2025,118,59.7,74.3,71.2,54.4,60,43,0,1,0,4,3,0,19,26,7,19,BAYLOR,BAYLOR,,,
144516,Ryan Lengyel,G,0,,2026,118,71.6,0,85.1,,73.6,62,1,1,0,26,0,0,36,62,26,36,BAYLOR,BAYLOR,,,
144520,Monaray Baldwin,WR,0,2025,2025,118,64.6,75.1,,60.7,76.3,04,0,1,0,0,14,0,18,32,14,18,BAYLOR,BAYLOR,61,,
144541,Eli Sanders,HB,0,,2026,241,60.6,78.2,21.3,55.1,58.9,06,0,1,0,4,37,15,10,66,41,25,NEW MEXICO,NEW MEXICO,75.3,,65.3
144558,Devin Neal,HB,0,2025,2025,198,60.8,77.9,8.8,60.9,53.2,04,0,1,0,13,22,13,12,60,35,25,KANSAS,KANSAS,28.2,,69.7
144567,Corey Robinson II,T,0,2026,2026,176,66.7,77.6,86.4,,56.7,55,0,1,0,43,0,0,30,73,43,30,GA TECH,GA TECH,,,
144571,Kelan Robinson,WR,0,,2026,156,57,74.7,,56.8,60.7,03,0,1,0,0,3,0,12,15,3,12,E CAROLINA,E CAROLINA,,,
144592,Shane Porter,HB,0,,2026,251,69.1,69.4,74.8,57.2,,31,0,1,0,3,3,3,0,9,6,3,N TEXAS,N TEXAS,67.3,,68.2
144595,DJ Giddens,HB,0,2025,2025,199,64.2,77.5,16.5,57.9,58.7,31,0,1,0,9,25,18,10,62,34,28,KANSAS ST,KANSAS ST,76.2,,68.7
144598,Hadley Panzer,G,0,,2025,199,70.4,80,80.5,,68.4,54,0,1,0,36,0,0,32,68,36,32,KANSAS ST,KANSAS ST,,,
144599,Andrew Leingang,G,0,,2026,199,60.4,69.8,73.9,,60,56,0,1,0,3,0,0,1,4,3,1,KANSAS ST,KANSAS ST,,,
144601,Sam Hecht,C,0,2026,2026,199,65.4,4.1,83.8,,63.4,75,1,1,0,39,0,0,33,72,39,33,KANSAS ST,KANSAS ST,,,
144620,Mario Williams,WR,0,2025,2025,319,67.2,75.7,,68.6,51.8,04,0,1,0,0,13,0,15,28,13,15,TULANE,TULANE,62.9,,
144626,Savion Byrd,T,0,,2026,287,61.2,20.8,58.7,,65.3,54,1,1,0,29,0,0,44,73,29,44,SMU,SMU,,,
144643,Caleb Etienne,T,0,2025,2025,128,57.3,78,46.4,,59,76,0,1,0,32,0,0,45,77,32,45,BYU,BYU,,,
144650,JP Richardson,WR,0,2025,2025,305,58.4,77.7,,58.7,54.3,07,0,1,0,0,38,0,20,58,38,20,TCU,TCU,71.7,,
144652,Jaden Nixon,HB,0,2026,2026,347,88.2,73.4,,57.5,60,03,0,1,0,0,4,10,1,15,4,11,W MICHIGAN,W MICHIGAN,73.8,,85.1
144660,Ty Williams,S,0,,2027,262,60,64.8,,,60,D15,0,1,0,0,0,0,1,1,0,1,OKLA STATE,OKLA STATE,,,
144661,Lyrik Rawls,S,0,,2027,262,60,65.2,,,60,D06,0,1,0,0,0,0,1,1,0,1,OKLA STATE,OKLA STATE,,,
144671,Aden Kelley,DI,0,,2026,262,60,64.1,,,59.8,D71,0,1,0,0,0,0,1,1,0,1,OKLA STATE,OKLA STATE,,,
144681,Alex Honig,TE,0,,2027,146,63.3,75.9,71.9,52.4,69.5,86,0,1,0,6,11,0,27,44,17,27,UCONN,UCONN,,,
144683,Trent Battle,HB,0,2026,2026,305,57,74.6,75.3,52.9,58.4,17,0,1,0,3,15,7,4,29,18,11,TCU,TCU,71.3,,58.2
144696,DJ Rogers,TE,0,2026,2026,305,65,75.6,,54.8,78,00,1,1,0,0,16,0,14,30,16,14,TCU,TCU,65.4,,
144723,Hayden Conner,G,0,2025,2025,311,58.8,7.2,77.7,,58,76,1,1,0,42,0,0,31,73,42,31,TEXAS,TEXAS,,,
144725,Juan Davis,TE,0,,2025,311,56.2,73.3,,49.2,71.4,81,0,1,0,0,11,0,9,20,11,9,TEXAS,TEXAS,,,
144726,Gunnar Helm,TE,0,2025,2025,311,58.7,77.9,60.3,61.4,53.8,85,1,1,0,5,37,0,31,73,42,31,TEXAS,TEXAS,65,,
144727,Casey Cain,WR,0,,2026,325,73.1,73.5,61.9,71,61.3,01,0,1,0,1,9,0,7,17,10,7,UNLV,UNLV,61,,
144747,Behren Morton,QB,0,2026,2026,315,81.1,74.8,,,60,02,0,1,25,0,0,0,13,38,25,13,TEXAS TECH,TEXAS TECH,67.7,84.9,53.1
144753,Jack Tucker,T,0,,2026,206,53,76.6,67.4,,44.7,75,0,1,0,36,0,0,22,58,36,22,LIBERTY,LIBERTY,,,
144754,Caleb Rodkey,C,0,,2026,315,60,60,,,60,69,0,1,0,0,0,0,1,1,0,1,TEXAS TECH,TEXAS TECH,,,
144755,Brett Canis,T,0,,2026,208,60,64.3,,,59.5,67,0,1,0,0,0,0,1,1,0,1,LA TECH,LA TECH,,,
144756,Jacoby Jackson,G,0,,2026,227,57.1,79.8,67.3,,53.7,75,0,1,0,37,0,0,29,66,37,29,MISS STATE,MISS STATE,,,
144758,Mason Tharp,TE,0,,2025,315,60.9,77.1,52.2,58.5,63.5,80,0,1,0,3,19,0,29,51,22,29,TEXAS TECH,TEXAS TECH,61,,
144761,Jerand Bradley,WR,0,2026,2026,121,51.6,76.9,,51.5,61.7,09,0,1,0,0,22,0,14,36,22,14,BOSTON COL,BOSTON COL,,,
144772,Jackson Knotts,LS,0,,2025,315,60,60,,,60,S30,0,1,0,0,0,0,1,1,0,1,TEXAS TECH,TEXAS TECH,,,
144780,Kaden Prather,WR,0,2025,2025,215,56.2,78.8,,56,61.9,01,0,1,0,0,42,0,17,59,42,17,MARYLAND,MARYLAND,62.9,,
144783,Tomas Rimac,G,0,2026,2026,343,70.6,80.2,72.6,,70.1,55,1,1,0,31,0,0,36,67,31,36,W VIRGINIA,W VIRGINIA,,,
144786,Treylan Davis,TE,0,,2025,343,77.4,74.5,69.6,81.2,66.5,81,0,1,0,2,4,0,17,23,6,17,W VIRGINIA,W VIRGINIA,61,,
144799,Josh McCray,HB,0,,2026,187,73.1,73.9,67.6,69.7,65.6,06,0,1,0,8,8,6,2,24,16,8,ILLINOIS,ILLINOIS,70.9,,69.6
144800,Pat Bryant,WR,0,2025,2025,187,61.3,78.6,,58.7,75.3,13,0,1,0,0,28,0,20,48,28,20,ILLINOIS,ILLINOIS,64.1,,
144805,Josh Kreutz,C,0,2026,2026,187,52,79.7,27.7,,58.9,64,0,1,0,44,0,0,25,69,44,25,ILLINOIS,ILLINOIS,,,
144807,Zach Barlev,T,0,,2026,263,75.8,77.1,75.1,,72.6,64,0,1,0,32,0,0,35,67,32,35,DOMINION,DOMINION,,,
144808,Josh Gesky,G,0,2026,2026,187,59.8,80,56.5,,59.2,73,0,1,0,44,0,0,25,69,44,25,ILLINOIS,ILLINOIS,,,
144833,Trent Howland,HB,0,,2026,262,66.5,63.6,,,,24,0,1,0,0,0,1,0,1,0,1,OKLA STATE,OKLA STATE,62.5,,62.7
144848,Keagan Johnson,WR,0,,2026,199,59.5,78.2,,59.9,54.2,10,0,1,0,0,32,0,24,56,32,24,KANSAS ST,KANSAS ST,65,,
144851,Max White,HB,0,,2026,192,58.9,68.4,,,,22,0,1,0,0,0,4,0,4,0,4,IOWA,IOWA,68.6,,59.1
144856,Andrew Lentsch,TE,0,,2026,192,45.8,69.9,,57.3,46.6,49,0,1,0,0,2,0,5,7,2,5,IOWA,IOWA,,,
144857,Michael Myslinski,G,0,,2027,192,72.4,72.7,24.2,,73.4,53,0,1,0,2,0,0,9,11,2,9,IOWA,IOWA,,,
144858,Jeremy Chaplin,C,0,,2026,192,67.4,73.1,72.1,,65.7,66,0,1,0,2,0,0,9,11,2,9,IOWA,IOWA,,,
144859,Gennings Dunker,T,0,2026,2026,192,74.4,9.9,75.6,,78.6,67,1,1,0,32,0,0,25,57,32,25,IOWA,IOWA,,,
144862,Connor Colby,G,0,2025,2025,192,62,78.4,64.2,,60.7,77,0,1,0,32,0,0,25,57,32,25,IOWA,IOWA,,,
144863,Johnny Pascuzzi,TE,0,2026,2026,192,68.1,72.7,67,77.7,48.1,82,0,1,0,2,7,0,11,20,9,11,IOWA,IOWA,61,,
144868,Eli Miller,TE,0,,2026,192,60.1,68.1,,,60.3,31,0,1,0,0,0,0,3,3,0,3,IOWA,IOWA,,,
144886,Tai Felton,WR,0,2025,2025,215,71.5,79.1,,70.5,63.2,10,0,1,0,0,46,0,17,63,46,17,MARYLAND,MARYLAND,69,,
144888,CJ Dippre,TE,0,2025,2025,103,68.5,76.2,68.4,67.9,61,81,0,1,0,2,16,0,17,35,18,17,ALABAMA,ALABAMA,62.9,,
144891,Roman Hemby,HB,0,2026,2026,215,63,74.8,77.7,59.8,60,24,0,1,0,5,17,8,2,32,22,10,MARYLAND,MARYLAND,72.1,,62.9
144892,Antwain Littleton Jr.,HB,0,,2026,306,57.5,74.4,78.7,44,60,31,0,1,0,6,18,5,1,30,24,6,TEMPLE,TEMPLE,69.9,,62
144893,Joey Bearns III,TE,0,,2026,136,74.6,71.6,68.4,80,56.1,35,0,1,0,1,2,0,5,8,3,5,CHARLOTTE,CHARLOTTE,61,,
144902,Taizse Johnson,DI,0,,2025,215,58.5,65.9,,58.1,,D40,0,1,0,0,1,0,0,1,1,0,MARYLAND,MARYLAND,,,
144917,Donovan Edwards,HB,0,2025,2025,222,66,73.9,74.6,67.8,60,07,0,1,1,1,10,8,2,22,12,10,MICHIGAN,MICHIGAN,72.2,76.2,58.8
144921,Peyton O'Leary,WR,0,,2026,222,59.3,77.2,,58.6,63.5,81,0,1,0,0,17,0,21,38,17,21,MICHIGAN,MICHIGAN,61,,
144924,Greg Crippen,C,0,2026,2026,222,67.2,78.5,80.3,,63,51,0,1,0,24,0,0,29,53,24,29,MICHIGAN,MICHIGAN,,,
144925,Giovanni El-Hadi,G,0,,2026,222,86.8,78,90.8,,85.9,58,0,1,0,24,0,0,29,53,24,29,MICHIGAN,MICHIGAN,,,
144926,Raheem Anderson II,G,0,,2026,222,60,60,63.8,,,62,0,1,0,1,0,0,0,1,1,0,MICHIGAN,MICHIGAN,,,
144929,Louis Hansen,TE,0,2026,2026,146,51.6,0,68.8,52.2,59.3,81,1,1,0,4,14,0,32,50,18,32,UCONN,UCONN,61,,
144930,Max Bredeson,TE,0,2026,2026,222,58.2,77.3,76.9,53.9,60.7,44,0,1,0,2,5,0,19,26,7,19,MICHIGAN,MICHIGAN,,,
144934,Tyler McLaurin,ED,0,,2026,222,59.7,60,,59.3,,D27,0,1,0,0,1,0,0,1,1,0,MICHIGAN,MICHIGAN,,,
144944,Tommy Doman,K,0,2026,2026,222,21.1,60,,,,S19,0,1,1,0,0,0,0,1,1,0,MICHIGAN,MICHIGAN,24,26.8,
144945,Brandon Baldwin,G,0,,2025,223,62.2,79,74.8,,59.3,53,0,1,0,29,0,0,36,65,29,36,MICH STATE,MICH STATE,,,
144953,Geno VanDeMark,G,0,2026,2026,103,52.5,75,80.2,,50.4,56,0,1,0,9,0,0,12,21,9,12,ALABAMA,ALABAMA,,,
144969,Le'Meke Brockington,WR,0,2026,2026,225,55.4,78.1,,55.6,56.3,00,0,1,0,0,32,0,14,46,32,14,MINNESOTA,MINNESOTA,62.9,,
144971,Athan Kaliakmanis,QB,0,2026,2026,278,54.9,78,,89.2,60,16,1,1,58,0,1,0,33,92,59,33,RUTGERS,RUTGERS,70.3,51.6,58.6
144975,Jackson Hunter,C,0,,2025,225,55.8,70.4,,,55,58,0,1,0,0,0,0,5,5,0,5,MINNESOTA,MINNESOTA,,,
144979,Jameson Geers,TE,0,2026,2026,225,70.7,74.5,64.5,64.4,81.7,86,0,1,0,1,21,0,6,28,22,6,MINNESOTA,MINNESOTA,61,,
144983,Jordan Nubin,HB,0,,2026,225,57.2,69.8,35.8,56.3,,27,0,1,0,2,4,1,0,7,6,1,MINNESOTA,MINNESOTA,64.8,,59.9
144993,Heinrich Haarberg,QB,0,2026,2026,238,58.4,67.6,,60,60,10,0,1,0,0,1,1,1,3,1,2,NEBRASKA,NEBRASKA,62.5,,59.7
144997,Thomas Fidone II,TE,0,2025,2025,238,58.8,79.1,70.4,60.5,50.9,24,1,1,0,4,36,0,15,55,40,15,NEBRASKA,NEBRASKA,65,,
145003,Henry Lutovsky,G,0,2026,2026,238,54.9,79.3,74.3,,47.2,59,0,1,0,46,0,0,26,72,46,26,NEBRASKA,NEBRASKA,,,
145010,Alex Bullock,WR,0,2026,2026,238,47.9,0,,54.3,55.4,84,1,1,0,0,7,0,10,17,7,10,NEBRASKA,NEBRASKA,,,
145033,Jordan Mosley,WR,0,,2027,227,56.2,77.4,,55.7,61.2,06,0,1,0,0,31,0,30,61,31,30,MISS STATE,MISS STATE,61,,
145034,Brendan Sullivan,QB,0,,2026,192,67.1,75.1,,,60,01,0,1,19,0,0,3,22,44,19,25,IOWA,IOWA,32.1,62.9,64.7
145035,Donnie Gray,WR,0,,2026,256,65.1,73.8,,64.5,60,11,0,1,0,0,9,0,6,15,9,6,NWESTERN,NWESTERN,61,,
145036,Jacob Gill,WR,1,,2026,192,50.8,0,,53,60,05,1,1,0,0,29,0,19,48,29,19,IOWA,IOWA,64.1,,
145040,Jackson Carsello,C,0,,2027,256,54.5,0,66.5,,56.6,65,1,1,0,30,0,0,22,52,30,22,NWESTERN,NWESTERN,,,
145042,Caleb Tiernan,T,0,2026,2026,256,71.4,8.7,80.1,,72.6,72,1,1,0,30,0,0,22,52,30,22,NWESTERN,NWESTERN,,,
145043,Calvin Johnson II,WR,0,,2026,256,62.9,74.4,,62.7,58.4,07,0,1,0,0,14,0,6,20,14,6,NWESTERN,NWESTERN,62.9,,
145044,Lawson Albright,TE,0,,2026,256,56.6,67.5,,56,,86,0,1,0,0,3,0,0,3,3,0,NWESTERN,NWESTERN,,,
145053,Kyle McCord,QB,0,2025,2025,304,48.8,78.7,,,60.4,06,0,1,74,0,0,3,22,99,74,25,SYRACUSE,SYRACUSE,71.7,44.2,72.2
145055,Emeka Egbuka,WR,0,2025,2025,260,61.9,76.8,,59.3,72,02,0,1,0,0,21,0,21,42,21,21,OHIO STATE,OHIO STATE,64.1,,
145057,Evan Pryor,HB,0,,2027,138,70.3,72.7,72.7,66.4,60,06,0,1,0,1,8,5,1,15,9,6,CINCINNATI,CINCINNATI,69.9,,69.5
145059,TreVeyon Henderson,HB,0,2025,2025,260,58.8,74.2,,54.1,60,32,0,1,0,0,12,9,4,25,12,13,OHIO STATE,OHIO STATE,72.5,,60
145062,Zen Michalski,T,0,,2026,260,48.3,75.5,14.2,,59.6,65,0,1,0,21,0,0,23,44,21,23,OHIO STATE,OHIO STATE,,,
145064,Donovan Jackson,T,0,2025,2025,260,69.4,78.4,46.3,,72.9,74,0,1,0,22,0,0,26,48,22,26,OHIO STATE,OHIO STATE,,,
145082,Garrison Smith,K,0,,2026,102,59.3,63.4,,60,,S37,0,1,0,0,1,0,0,1,1,0,AKRON,AKRON,,,
145087,Khalil Dinkins,TE,0,2026,2026,266,69,74.9,68.7,75.2,52.3,16,1,1,0,2,9,0,18,29,11,18,PENN STATE,PENN STATE,62.9,,
145089,Liam Clifford,WR,0,2026,2026,266,67.7,76.6,,68,59.4,02,0,1,0,0,23,0,25,48,23,25,PENN STATE,PENN STATE,64.1,,
145090,Harrison Wallace III,WR,0,2026,2026,266,73,78.7,,72.5,59.2,06,0,1,0,0,30,0,25,55,30,25,PENN STATE,PENN STATE,65.7,,
145108,Ja'Quez Cross,HB,0,,2027,113,56.3,75.4,23.9,57.4,59.7,02,0,1,0,4,16,13,3,36,20,16,ARK STATE,ARK STATE,74.7,,57.9
145131,Tyler Needham,T,0,,2028,278,63.9,77.9,54.3,,67.5,56,0,1,0,59,0,0,33,92,59,33,RUTGERS,RUTGERS,,,
145132,Gus Zilinskas,C,0,,2026,278,54.4,18.4,74.7,,51.6,59,1,1,0,59,0,0,33,92,59,33,RUTGERS,RUTGERS,,,
145157,Jackson Acker,FB,0,2026,2026,349,63,67.2,,60,64.9,34,0,1,0,0,1,0,4,5,1,4,WISCONSIN,WISCONSIN,,,
145160,Markus Allen,WR,0,,2027,160,53.5,0,61.9,53,76.3,08,1,1,0,1,50,0,26,77,51,26,E MICHIGAN,E MICHIGAN,66.2,,
145163,Skyler Bell,WR,0,2026,2026,146,61.6,77.8,,61.3,59.9,01,0,1,0,0,33,0,27,60,33,27,UCONN,UCONN,64.1,,
145164,JP Benzschawel,G,0,,2026,349,58,66,65.9,57.7,60,67,0,1,0,1,1,0,1,3,2,1,WISCONSIN,WISCONSIN,,,
145167,Jake Chaney,LB,0,2025,2025,349,60,65,,,60,D01,0,1,0,0,0,0,1,1,0,1,WISCONSIN,WISCONSIN,,,
145172,Riley Mahlman,T,0,2026,2026,349,49,76.8,58.7,,42.5,71,0,1,0,44,0,0,26,70,44,26,WISCONSIN,WISCONSIN,,,
145175,Darryl Peterson,ED,0,2026,2026,349,60,60,,,60,D17,0,1,0,0,0,0,1,1,0,1,WISCONSIN,WISCONSIN,,,
145179,Nolan Rucci,T,0,2026,2026,266,62.1,75.8,43.7,,65.3,72,0,1,0,23,0,0,26,49,23,26,PENN STATE,PENN STATE,,,
145189,Tony Johnson,WR,0,,2026,138,68,78.2,,67.5,60.4,00,0,1,0,0,34,0,17,51,34,17,CINCINNATI,CINCINNATI,65,,
145218,Ross Fournet,WR,0,,2027,166,56.2,75.3,,55.5,59.5,19,0,1,0,0,7,0,14,21,7,14,FIU,FIU,,,
145220,Wyatt Lawson,C,0,,2026,166,57.6,76.6,44.4,,58.9,55,0,1,0,10,0,0,18,28,10,18,FIU,FIU,,,
145224,Dean Patterson,WR,0,2026,2026,166,62.5,79.9,61,64.2,49,11,0,1,0,1,26,0,33,60,27,33,FIU,FIU,72.8,,
145241,Marquis Crosby,HB,0,,2026,208,55.2,70.2,70.3,59.8,,03,0,1,0,2,1,3,0,6,3,3,LA TECH,LA TECH,67.3,,55.7
145245,Carson Bruno,G,0,,2026,305,53.1,78,36.2,,54.4,62,0,1,0,32,0,0,19,51,32,19,TCU,TCU,,,
145246,Kenneth Bannister,T,0,,2026,208,52.9,71.6,69.9,,48.3,73,0,1,0,8,0,0,6,14,8,6,LA TECH,LA TECH,,,
145250,Solo Lewis,WR,0,,2028,208,62.6,75.5,,62.2,60.8,02,0,1,0,0,24,0,8,32,24,8,LA TECH,LA TECH,68,,
145302,Nicholas Vattiato,QB,0,,2026,224,83.1,76.3,,,60,11,0,1,42,0,0,1,16,59,42,17,MIDDLE TN,MIDDLE TN,69.6,86.7,51.2
145306,Taharin Sudderth,TE,0,,2026,224,56.8,71.1,69.5,56.1,60,82,0,1,0,1,7,0,1,9,8,1,MIDDLE TN,MIDDLE TN,61,,
145321,Xzavior Kautai,TE,0,,2026,251,54.9,69.1,,56.9,55.8,88,0,1,0,0,2,0,3,5,2,3,N TEXAS,N TEXAS,,,
145324,Febechi Nwaiwu,G,0,2026,2026,261,59.9,79.9,76.1,,55,54,0,1,0,53,0,0,33,86,53,33,OKLAHOMA,OKLAHOMA,,,
145344,Ali Jennings III,WR,0,,2025,337,56.8,75.7,,53.9,74.1,00,0,1,0,0,15,0,16,31,15,16,VA TECH,VA TECH,,,
145346,Reese Poffenbarger,QB,0,,2027,220,60,63.6,,,60,16,0,1,0,0,0,0,1,1,0,1,MIAMI FL,MIAMI FL,,,
145348,Isiah Paige,WR,0,,2025,263,72.7,78,,72.4,62.3,01,1,1,0,0,29,1,25,55,29,26,DOMINION,DOMINION,72.9,,59.7
145353,Tariq Sims,HB,0,,2026,263,56.9,71.5,72.7,57,60,26,0,1,0,1,4,6,2,13,5,8,DOMINION,DOMINION,70.5,,57.2
145357,Stephon Dubose-Bourne,T,0,,2026,263,40.5,76,19.5,,47.9,58,0,1,0,30,0,0,27,57,30,27,DOMINION,DOMINION,,,
145359,Chris Adams,T,0,,2026,218,62.5,0,77.2,,69.4,61,3,1,0,41,0,0,43,84,41,43,MEMPHIS,MEMPHIS,,,
145362,Skyler Grant,G,0,,2027,263,50.2,78.9,37.6,,50.4,75,0,1,0,32,0,0,35,67,32,35,DOMINION,DOMINION,,,
145399,John Long,G,0,,2026,275,60,65,,,60,76,0,1,0,0,0,0,1,1,0,1,RICE,RICE,,,
145401,Jaggar Hebeisen,TE,0,,2026,275,60,64.4,,,60,88,0,1,0,0,0,0,1,1,0,1,RICE,RICE,,,
145423,Drew Lawson,C,0,,2026,296,61,80.2,74.9,,56.2,58,0,1,0,47,0,0,32,79,47,32,SO MISS,SO MISS,,,
145441,Fred Farrier II,WR,0,,2026,202,46.2,70,,48.6,,13,0,1,0,0,6,0,0,6,6,0,KENTUCKY,KENTUCKY,61,,
145465,Brody Dalton,TE,0,,2026,318,72.3,0,68.7,72.5,72,88,1,1,0,3,29,0,32,64,32,32,TROY,TROY,64.1,,
145492,Otis Pitts III,G,0,,2025,330,62.3,0,63.2,,65.2,59,1,1,0,19,0,0,44,63,19,44,UTEP,UTEP,,,
145511,Eddie Lee Marburger,QB,0,,2026,331,61.1,63.6,,,,09,0,1,1,0,0,0,0,1,1,0,UTSA,UTSA,60.3,61,
145514,Kevorian Barnes,HB,0,2026,2026,331,54.4,74.6,42.1,54.2,59.6,04,0,1,0,9,13,10,2,34,22,12,UTSA,UTSA,73.1,,56.7
145532,Kye Robichaux,HB,0,2025,2025,121,58.8,75.7,24.9,55.6,40.5,05,0,1,0,3,20,10,9,42,23,19,BOSTON COL,BOSTON COL,73.1,,65.5
145562,Jairus Mack,WR,0,,2026,136,57.4,73.7,,54.9,75.8,03,0,1,0,0,11,0,6,17,11,6,CHARLOTTE,CHARLOTTE,,,
145571,Henry Rutledge,HB,0,,2027,136,62.3,68.8,67.8,60,,21,0,1,0,1,1,4,0,6,2,4,CHARLOTTE,CHARLOTTE,73,,61.7
145575,Elijah Spencer,WR,0,,2025,225,72.8,77.2,,73.4,50.2,11,0,1,0,0,34,0,19,53,34,19,MINNESOTA,MINNESOTA,66.2,,
145577,Trevor Timmons,T,0,,2026,175,52.8,9.2,28.7,,69.2,63,1,1,0,31,0,0,24,55,31,24,GA STATE,GA STATE,,,
145578,Colin Weber,TE,0,,2026,136,45.4,0,63.3,50,54.8,18,1,1,0,5,18,0,22,45,23,22,CHARLOTTE,CHARLOTTE,,,
145580,Hahsaun Wilson,HB,0,,2026,136,78,69.8,52.2,,60,38,0,1,0,4,0,4,1,9,4,5,CHARLOTTE,CHARLOTTE,68.6,,75.6
145586,Jasaiah Gathings,WR,0,,2027,146,52.9,79.7,,50.7,72.4,04,0,1,0,0,30,0,37,67,30,37,UCONN,UCONN,62.9,,
145589,Oran Singleton Jr.,WR,0,,2027,160,75.8,77.5,62.1,74.9,60.8,02,0,1,0,1,46,0,23,70,47,23,E MICHIGAN,E MICHIGAN,70.6,,
145591,Bennett Adler,ED,0,,2025,102,59.3,64.3,,60,,D01,0,1,0,0,1,0,0,1,1,0,AKRON,AKRON,,,
145598,Konata Mumpfield,WR,0,2025,2025,268,56.5,76.2,,59.3,44.9,09,0,1,0,0,17,0,15,32,17,15,PITTSBURGH,PITTSBURGH,61,,
145628,Vaughn Pemberton,HB,0,,2026,117,73.6,74.8,83.5,55.1,59.8,23,0,1,0,4,9,14,2,29,13,16,BALL ST,BALL ST,74.8,,73.3
145634,Kiael Kelly,QB,0,,2026,117,70.3,71.5,,60,60,01,0,1,1,0,2,4,3,10,3,7,BALL ST,BALL ST,68.7,60.6,67.3
145639,Nate Pabst,G,0,,2027,122,61.3,79.9,63.6,,59.9,75,0,1,0,32,0,0,35,67,32,35,BOWL GREEN,BOWL GREEN,,,
145646,Jamal Johnson,TE,0,,2025,122,56.2,77.8,,36.2,67.4,06,0,1,0,0,21,4,12,37,21,16,BOWL GREEN,BOWL GREEN,69.2,,73.8
145654,Jaison Patterson,HB,0,,2025,122,69.9,75.7,83.9,55.5,67.9,28,0,1,0,12,6,2,14,34,18,16,BOWL GREEN,BOWL GREEN,66.7,,65.3
145657,Alex Padgett,C,0,,2026,122,64.1,79.5,62,,62.6,57,0,1,0,32,0,0,35,67,32,35,BOWL GREEN,BOWL GREEN,,,
145662,Tadd Barr,WR,0,,2025,126,62.5,74.9,,73.7,60.3,83,0,1,1,0,7,0,11,19,8,11,BUFFALO,BUFFALO,63.7,35.9,
145666,Jack Hasz,C,0,,2026,325,62,79.2,79.7,,56.6,65,0,1,0,35,0,0,24,59,35,24,UNLV,UNLV,,,
145676,Al-Jay Henderson,HB,0,2026,2026,126,74.7,76.7,34.7,62.6,57.5,05,0,1,0,7,27,14,4,52,34,18,BUFFALO,BUFFALO,74.9,,79.9
145697,Marion Lukes,HB,0,,2025,134,67.1,75,73.9,56.8,60,09,0,1,0,2,6,14,3,25,8,17,C MICHIGAN,C MICHIGAN,75.4,,65.9
145705,Davis Heinzen,G,0,,2026,134,60.9,76.3,77.8,,55.5,75,0,1,0,23,0,0,31,54,23,31,C MICHIGAN,C MICHIGAN,,,
145714,Jase Bauer,QB,0,,2026,281,67.9,76.7,,,60,08,0,1,26,0,0,14,26,66,26,40,SM HOUSTON,SM HOUSTON,40.3,72.4,58.9
145722,Myles Bailey,HB,0,,2025,134,64.3,71.3,,56,60,26,0,1,0,0,8,5,1,14,8,6,C MICHIGAN,C MICHIGAN,69.7,,65.5
145725,Chris Parker,WR,0,,2026,134,65.8,77.4,,65.4,61.6,13,0,1,0,0,19,0,29,48,19,29,C MICHIGAN,C MICHIGAN,62.9,,
145726,Finn Hogan,WR,0,,2026,122,52.2,76.7,,51.6,62.4,11,0,1,0,0,14,0,19,33,14,19,BOWL GREEN,BOWL GREEN,,,
145732,Brayden Swartout,T,1,,2025,134,55.4,7.4,67,,57.9,68,2,1,0,23,0,0,31,54,23,31,C MICHIGAN,C MICHIGAN,,,
145747,Andreas Paaske,TE,0,,2026,111,84.4,74.8,71.1,90,61,81,0,1,0,4,10,0,26,40,14,26,ARKANSAS,ARKANSAS,64.1,,
145758,Jez Janvier,G,0,,2026,160,63.3,76.8,78.7,,58.9,74,0,1,0,26,0,0,10,36,26,10,E MICHIGAN,E MICHIGAN,,,
145761,J.B. Mitchell III,WR,0,,2026,160,58.4,69.9,,59.3,60.2,01,0,1,0,0,1,0,5,6,1,5,E MICHIGAN,E MICHIGAN,,,
145766,Melvin Swindle II,DI,0,,2026,160,60.9,66.9,,,60.7,D99,0,1,0,0,0,0,4,4,0,4,E MICHIGAN,E MICHIGAN,,,
145796,Brian Shane,TE,0,,2026,221,49.2,70,,,50.3,86,0,1,0,0,0,0,10,10,0,10,MIAMI OH,MIAMI OH,,,
145798,Henry Hesson,QB,0,,2026,221,46.2,74.9,,,60,12,0,1,16,0,0,0,25,41,16,25,MIAMI OH,MIAMI OH,66.5,45.7,57.3
145809,Keyon Mozee,HB,0,,2025,221,66.7,72.8,75,58.1,60,03,0,1,0,4,3,15,1,23,7,16,MIAMI OH,MIAMI OH,75.2,,65.5
145815,Kolby Borders,G,0,,2025,221,47.1,0,33.8,,55.7,64,1,1,0,32,0,0,24,56,32,24,MIAMI OH,MIAMI OH,,,
145817,Will Jados,T,0,,2026,221,71,76.6,69.8,,69.3,70,0,1,0,32,0,0,24,56,32,24,MIAMI OH,MIAMI OH,,,
145846,Brock Lampe,TE,0,2025,2025,254,83.6,74.9,64.5,56.4,82.7,49,0,1,0,1,5,0,13,19,6,13,N ILLINOIS,N ILLINOIS,61,,
145858,Ethan Hampton,QB,0,,2027,254,72,75.2,,,60,02,0,1,37,0,0,0,7,44,37,7,N ILLINOIS,N ILLINOIS,68.8,72.5,57.8
145868,Antario Brown,HB,0,,2025,254,72.8,74.4,67.7,54.8,58.1,01,0,1,0,1,11,11,3,26,12,14,N ILLINOIS,N ILLINOIS,23.9,,73.9
145875,Pete Nygra,C,0,2026,2026,210,63.1,79.8,64.4,,61.3,50,0,1,0,44,0,0,29,73,44,29,LOUISVILLE,LOUISVILLE,,,
145880,Nolan McCormick,HB,0,,2025,259,61.3,72.9,72.7,64,56.4,21,0,1,0,1,3,11,3,18,4,14,OHIO,OHIO,73.6,,61.2
145885,Bryce Butler,TE,0,,2026,259,37.3,75,,,31.8,14,0,1,0,0,0,0,14,14,0,14,OHIO,OHIO,,,
145886,Sieh Bangura,HB,0,,2026,225,57.4,62.7,,,,02,0,1,0,0,0,1,0,1,0,1,MINNESOTA,MINNESOTA,62.5,,58.5
145887,Miles Cross,WR,0,,2025,190,57.6,78.3,,58.7,53.8,19,0,1,0,0,15,0,40,55,15,40,INDIANA,INDIANA,61,,
145888,Davion Weatherspoon,T,0,,2027,259,45.4,76.1,49.2,,45,51,0,1,0,22,0,0,29,51,22,29,OHIO,OHIO,,,
145893,Jake Skelly,T,0,,2026,259,60.7,70,,,60.3,65,0,1,0,0,0,0,9,9,0,9,OHIO,OHIO,,,
145905,Connor Jones,TE,0,,2026,316,45.1,71.7,68.4,53.5,46,34,0,1,0,1,4,0,5,10,5,5,TOLEDO,TOLEDO,,,
145906,Thomas Zsiros,WR,0,,2028,316,66.9,70.3,,65.6,60,84,0,1,0,0,6,0,2,8,6,2,TOLEDO,TOLEDO,61,,
145923,Mareyohn Hrabowski,TE,0,,2026,347,47,76.9,72.3,54.4,47.4,07,0,1,0,2,5,0,23,30,7,23,W MICHIGAN,W MICHIGAN,,,
145926,Caden Peddie,T,0,,2026,347,60,65.2,,,60,79,0,1,0,0,0,0,1,1,0,1,W MICHIGAN,W MICHIGAN,,,
145931,Kadinn Morris,TE,0,,2026,347,73.4,70.7,,83.6,57.4,84,0,1,0,0,3,0,9,12,3,9,W MICHIGAN,W MICHIGAN,61,,
145932,Calvin Muraski,T,0,,2025,347,60,70.9,48.3,,60.8,70,0,1,0,3,0,0,8,11,3,8,W MICHIGAN,W MICHIGAN,,,
145933,Zahir Abdus-Salaam,HB,0,,2025,347,64.9,73.6,,58.3,60,10,0,1,0,0,13,6,1,20,13,7,W MICHIGAN,W MICHIGAN,70.9,,66.9
145935,John Hofer,G,0,,2026,347,67.8,77.1,72.3,,66.7,51,1,1,0,14,0,0,18,32,14,18,W MICHIGAN,W MICHIGAN,,,
145938,Blake Bosma,TE,0,,2026,347,71.8,76,67.4,71.2,63.7,86,0,1,0,1,16,0,16,33,17,16,W MICHIGAN,W MICHIGAN,15.1,,
145947,Malique Dieudonne,WR,0,,2026,347,62,78.3,,57.8,84.5,17,0,1,0,0,22,0,26,48,22,26,W MICHIGAN,W MICHIGAN,61,,
145975,Luke Voorhees,TE,0,,2026,120,53.6,70,69.9,,52.1,96,0,1,0,3,0,0,7,10,3,7,BOISE ST,BOISE ST,,,
145976,Eric McAlister,WR,0,,2026,305,67,75.3,,64.4,77.6,88,0,1,0,0,27,0,10,37,27,10,TCU,TCU,61,,
145985,Will Ferrin,K,0,2026,2026,128,70.8,60,,,,S44,0,1,0,0,0,1,0,1,0,1,BYU,BYU,62.5,,62.7
145992,Matt Lauter,TE,0,2026,2026,120,63.9,78.1,70,65.6,56.4,85,0,1,0,4,26,0,33,63,30,33,BOISE ST,BOISE ST,65,,
145996,Taylen Green,QB,0,2026,2026,111,92,76.5,,,60,10,0,1,36,0,0,4,22,62,36,26,ARKANSAS,ARKANSAS,34,92.5,65.4
146008,Tanner Arkin,TE,0,2026,2026,187,51.3,78.1,73.3,55.1,44.3,85,0,1,0,8,28,0,23,59,36,23,ILLINOIS,ILLINOIS,61,,
146022,Clay Nanke,TE,0,,2026,351,93.6,66.5,,92,,85,0,1,0,0,2,0,0,2,2,0,WYOMING,WYOMING,61,,
146037,Tre Watson,TE,0,2025,2025,312,53.8,79.7,71.7,49.5,58.7,84,0,1,0,3,18,0,31,52,21,31,TEXAS A&M,TEXAS A&M,,,
146047,Kamron Beachem,TE,0,,2026,169,47,67.9,,57.2,41.4,17,0,1,0,0,3,0,1,4,3,1,FRESNO ST,FRESNO ST,,,
146050,Braylen Nelson,T,0,,2025,169,69.4,77.4,74.8,,64,75,0,1,0,49,0,0,33,82,49,33,FRESNO ST,FRESNO ST,,,
146053,Johnathan Arceneaux,HB,0,,2026,169,67.7,72.7,,74,59.1,29,0,1,0,0,1,5,4,10,1,9,FRESNO ST,FRESNO ST,69.9,,59.8
146058,Tru Edwards,WR,0,2025,2025,208,64.5,78.5,,66.7,43,16,0,1,0,0,32,0,16,48,32,16,LA TECH,LA TECH,66.2,,
146061,Kamalu DeBlake,HB,0,,2026,180,60,68,,,60,38,0,1,0,0,0,0,3,3,0,3,HAWAII,HAWAII,,,
146065,Landon Sims,HB,0,,2026,180,88,75.8,71.5,78.4,66.8,30,0,1,0,24,2,9,7,42,26,16,HAWAII,HAWAII,72.6,,84.5
146066,Ka'ena Decambra,T,0,2026,2026,180,70.6,77.5,76,,65.7,78,0,1,0,39,0,0,31,70,39,31,HAWAII,HAWAII,,,
146067,Zhen Sotelo,G,0,,2026,180,71.9,80.1,75,,71.5,58,0,1,0,39,0,0,31,70,39,31,HAWAII,HAWAII,,,
146069,Karsyn Pupunu,WR,0,,2026,180,64.9,74.6,,64.3,61.3,11,0,1,0,0,8,0,13,21,8,13,HAWAII,HAWAII,,,
146071,David Cordero,HB,0,,2026,180,55.2,67.5,68.1,,,10,0,1,0,1,0,2,0,3,1,2,HAWAII,HAWAII,65.5,,56.2
146078,Brayden Schager,QB,1,,2025,180,73.2,22.8,,,60,13,1,1,39,0,0,12,19,70,39,31,HAWAII,HAWAII,73.4,56.5,82.4
146110,Luke Wysong,WR,0,2026,2026,241,55.4,68.5,,56.4,60,15,0,1,0,0,4,0,1,5,4,1,NEW MEXICO,NEW MEXICO,,,
146130,Trace Bruckler,TE,0,,2026,241,60.7,78.8,66.7,58.7,61.3,05,0,1,0,8,18,0,24,50,26,24,NEW MEXICO,NEW MEXICO,61,,
146134,Isaiah Sillemon,TE,0,,2026,241,37,76.5,57.7,51.8,36,38,2,1,0,29,5,0,21,55,34,21,NEW MEXICO,NEW MEXICO,,,
146144,Jatavious Magee,S,0,,2026,284,60,60,63.8,,,D12,0,1,0,1,0,0,0,1,1,0,S DIEGO ST,S DIEGO ST,,,
146145,Christian Jones,T,0,2026,2026,284,52.1,21.7,42.6,,62.6,70,1,1,0,51,0,0,22,73,51,22,S DIEGO ST,S DIEGO ST,,,
146150,Brady Anderson,LB,0,,2026,284,60,64.6,63.8,,60,D42,0,1,0,1,0,0,1,2,1,1,S DIEGO ST,S DIEGO ST,,,
146152,Ryan Wintermeyer,LS,0,,2025,284,60,64.8,63.8,,60,S50,0,1,0,1,0,0,1,2,1,1,S DIEGO ST,S DIEGO ST,,,
146155,Ross Ulugalu-Maseuli,G,0,,2026,284,61.7,6.3,83.5,,60.1,63,1,1,0,51,0,0,21,72,51,21,S DIEGO ST,S DIEGO ST,,,
146162,DJ Herman,LB,0,2026,2026,284,60.5,60,,,,D56,0,1,1,0,0,0,0,1,1,0,S DIEGO ST,S DIEGO ST,60.3,60.6,
146165,Cam Davis,HB,0,,2026,284,75.9,66.9,71.8,,60,29,0,1,0,1,0,1,1,3,1,2,S DIEGO ST,S DIEGO ST,62.5,,69.1
146170,Walker Eget,QB,0,,2027,285,65.9,75.6,,,60,05,1,1,38,0,0,0,11,49,38,11,S JOSE ST,S JOSE ST,68.8,63.5,64.3
146185,Fernando Carmona,T,0,2026,2026,111,50.4,76.9,59,,46.2,55,0,1,0,36,0,0,26,62,36,26,ARKANSAS,ARKANSAS,,,
146195,Cameron Friel,QB,0,,2026,325,62,66.1,,,60,07,0,1,1,0,0,0,1,2,1,1,UNLV,UNLV,60.3,60.4,
146200,Anton Ambuehl,G,0,,2026,325,57.1,0,73.2,,57.7,75,1,1,0,35,0,0,24,59,35,24,UNLV,UNLV,,,
146224,Otto Tia,WR,0,,2026,329,65.4,79.6,,65,60.6,05,0,1,0,0,39,0,21,60,39,21,UTAH ST,UTAH ST,66.2,,
146243,Dorian Singer,WR,0,2025,2025,328,67.1,79.4,,66.5,61.5,03,0,1,0,0,39,0,22,61,39,22,UTAH,UTAH,72.9,,
146274,Isaia Glass,T,0,2026,2026,262,52.6,76.9,54.7,,50.3,72,0,1,0,40,0,0,22,62,40,22,OKLA STATE,OKLA STATE,,,
146290,Trond Grizzell,WR,0,,2026,130,70.2,76.7,,69.6,60.3,83,0,1,0,0,28,0,16,44,28,16,CAL,CAL,65.7,,
146291,Keleki Latu,TE,0,2025,2025,340,73.7,77.7,27.5,82.5,57.9,85,0,1,0,8,21,0,23,52,29,23,WASHINGTON,WASHINGTON,65,,
146294,Bastian Swinney,G,0,,2027,130,66.7,75.2,81.1,,64.2,76,0,1,0,16,0,0,6,22,16,6,CAL,CAL,,,
146295,Jermaine Terry II,TE,0,2025,2025,265,40.3,77.3,68.3,42.7,48.2,84,0,1,0,3,26,0,18,47,29,18,OREGON ST,OREGON ST,,,
146300,Jeffrey Johnson,TE,0,,2026,130,56.5,72.9,69.5,56,55.4,86,0,1,0,5,5,0,8,18,10,8,CAL,CAL,61,,
146318,Austin Smith,TE,0,,2026,281,47.6,67.4,,,47.6,12,0,1,0,0,0,0,4,4,0,4,SM HOUSTON,SM HOUSTON,,,
146338,Jeremiah Noga,WR,0,,2026,265,48.2,76.4,,52,35.3,18,0,1,0,0,25,0,14,39,25,14,OREGON ST,OREGON ST,61,,
146340,Trent Walker,WR,0,,2027,265,72.5,77.6,,71.6,61.7,07,0,1,1,0,25,0,20,46,26,20,OREGON ST,OREGON ST,65.9,60.4,
146342,Zach Holmes,C,0,,2026,120,62.1,4.1,84.3,,60.6,72,1,1,0,33,0,0,38,71,33,38,BOISE ST,BOISE ST,,,
146345,Gabe Milbourn,TE,0,,2028,265,38.9,71.4,17.5,51.7,48.9,82,0,1,0,0,5,0,4,9,5,4,OREGON ST,OREGON ST,,,
146347,J.T. Byrne,TE,0,,2026,130,58.6,0,,57.1,72.5,88,1,1,0,0,3,0,17,20,3,17,CAL,CAL,,,
146348,Bryce Caufield,TE,0,,2026,265,64.8,72.8,65.4,82.4,45,89,0,1,0,1,4,0,9,14,5,9,OREGON ST,OREGON ST,62.9,,
146365,Jack Leyrer,G,0,,2028,300,63.7,80.1,71.6,,60.6,76,0,1,0,51,0,0,20,71,51,20,STANFORD,STANFORD,,,
146386,Kajiya Hollawayne,WR,0,,2026,306,57.5,75.5,,58.1,54.4,85,0,1,0,0,24,0,11,35,24,11,TEMPLE,TEMPLE,62.9,,
146391,Benjamin Roy Jr.,G,0,,2026,216,57.7,78.3,64.9,,56.3,55,0,1,0,23,0,0,24,47,23,24,UMASS,UMASS,,,
146409,Jaxson Dart,QB,0,2025,2025,226,85,76.9,,,60.2,02,0,1,36,0,0,4,23,63,36,27,OLE MISS,OLE MISS,70.5,90.2,57
146410,Michael Trigg,TE,0,2026,2026,118,71.6,0,72.2,70.3,70.2,01,1,1,0,7,12,0,17,36,19,17,BAYLOR,BAYLOR,61,,
146411,Kyron Hudson,WR,0,2026,2026,326,55.5,74.1,,52.2,81.5,10,0,1,0,0,18,0,6,24,18,6,USC,USC,,,
146413,Joseph Manjack IV,WR,0,2026,2026,182,65.4,76.8,,69.4,48.3,00,0,1,0,0,10,0,29,39,10,29,HOUSTON,HOUSTON,61,,
146414,Brandon Campbell,HB,0,,2026,216,84.7,70.8,,57.6,60,23,0,1,0,0,3,8,1,12,3,9,UMASS,UMASS,71.9,,82
146415,Josiah Zamora,WR,0,,2026,326,60,66.5,,,60,44,0,1,0,0,0,0,2,2,0,2,USC,USC,,,
146417,Ty Buchanan,T,0,,2026,315,57.8,78.3,58.3,,56,75,0,1,0,46,0,0,43,89,46,43,TEXAS TECH,TEXAS TECH,,,
146418,Lake McRee,TE,0,2026,2026,326,61.1,73.9,73.3,62.6,55.3,87,0,1,0,4,12,0,11,27,16,11,USC,USC,61,,
146438,Koli Faaiu,C,0,,2026,312,66.3,79.8,52.9,,65.9,61,1,1,0,27,0,0,42,69,27,42,TEXAS A&M,TEXAS A&M,,,
146487,Voi Tunuufi,ED,0,,2025,340,60,67.6,72.7,,60,D52,0,1,0,1,0,0,1,2,1,1,WASHINGTON,WASHINGTON,,,
146489,Kuao Peihopa,G,0,,2026,180,61.8,79.2,75,,58.1,59,1,1,0,39,0,0,31,70,39,31,HAWAII,HAWAII,,,
146492,Xavier Ward,QB,0,,2026,285,35,66.6,,,,07,0,1,3,0,0,0,0,3,3,0,S JOSE ST,S JOSE ST,62.7,35.5,
146501,Christian Hilborn,G,0,,2026,341,59.1,77.3,74.5,,55.8,61,0,1,0,17,0,0,17,34,17,17,WASH STATE,WASH STATE,,,
146503,Brock Dieu,G,0,,2026,341,67,79.2,89,,62.4,65,0,1,0,39,0,0,32,71,39,32,WASH STATE,WASH STATE,,,
146507,Joshua Meredith,WR,0,,2026,341,63.3,77.8,,62.8,60.9,18,0,1,0,0,24,0,9,33,24,9,WASH STATE,WASH STATE,62.9,,
146508,De'Zhaun Stribling,WR,0,2026,2026,262,70,75.9,,69,60.1,01,0,1,0,0,11,0,7,18,11,7,OKLA STATE,OKLA STATE,62.9,,
146540,Charlie Pickard,C,0,,2026,264,59.3,71,70.4,,58.7,70,0,1,0,1,0,0,5,6,1,5,OREGON,OREGON,,,
146568,Ty Thompson,QB,0,,2027,319,80.1,63.6,,,,07,0,1,0,0,0,1,0,1,0,1,TULANE,TULANE,62.5,,69.2
146576,Charlie Skehan,TE,0,,2026,201,53.5,74.1,73.8,51.4,56.5,44,0,1,0,6,11,0,21,38,17,21,KENT STATE,KENT STATE,,,
146587,Ja'Corey Brooks,WR,0,2025,2025,210,78.3,80.7,,77.5,61,01,0,1,0,0,42,0,26,68,42,26,LOUISVILLE,LOUISVILLE,67.5,,
146590,Jalen Milroe,QB,0,2025,2025,103,83.3,76.3,,,60,04,0,1,31,0,0,8,20,59,31,28,ALABAMA,ALABAMA,71.9,80.4,69.4
146594,Robbie Ouzts,TE,0,2025,2025,103,55.9,74.7,67.4,53.9,60,45,0,1,0,1,9,0,16,26,10,16,ALABAMA,ALABAMA,61,,
146598,Jaeden Roberts,G,0,2026,2026,103,65.7,77.6,69.4,,64.6,77,0,1,0,22,0,0,23,45,22,23,ALABAMA,ALABAMA,,,
146634,Josh Street,T,0,,2025,111,60.2,69.5,,,59.9,67,0,1,0,0,0,0,7,7,0,7,ARKANSAS,ARKANSAS,,,
146659,Tar'varish Dawson,WR,0,,2026,196,59.8,73.8,,59.3,62.4,05,0,1,0,0,1,0,15,16,1,15,JVILLE ST,JVILLE ST,,,
146662,Jarquez Hunter,HB,0,2025,2025,115,89.4,77.9,22.8,75.5,60,27,0,1,0,8,19,23,4,54,27,27,AUBURN,AUBURN,77.5,,89.1
146664,Landen King,TE,0,,2026,328,55.7,71.6,,56.3,,82,0,1,0,0,5,0,0,5,5,0,UTAH,UTAH,,,
146697,DaeDae Reynolds,WR,0,,2026,268,54.2,74.4,,55.6,52.7,03,0,1,0,0,11,0,10,21,11,10,PITTSBURGH,PITTSBURGH,61,,
146713,Brock Vandagriff,QB,0,,2026,202,60,73.6,,,60,12,0,1,20,0,0,2,7,29,20,9,KENTUCKY,KENTUCKY,25.8,63.9,51.7
146714,Jackson Meeks,WR,0,2025,2025,304,64.9,78.5,,64.4,61.5,07,0,1,0,0,42,0,19,61,42,19,SYRACUSE,SYRACUSE,65.7,,
146734,Chauncey Magwood,WR,0,,2028,323,63.2,77.3,,62.8,61.5,04,0,1,0,0,33,0,16,49,33,16,UCF,UCF,64.1,,
146735,Devonte Ross,WR,0,2026,2026,318,77.3,78.9,,78,59.6,07,0,1,0,0,35,0,36,71,35,36,TROY,TROY,70.4,,
146741,Jager Burton,G,0,2026,2026,202,61,76.6,53.8,,61.8,62,0,1,0,18,0,0,10,28,18,10,KENTUCKY,KENTUCKY,,,
146742,David Wohlabaugh Jr.,T,0,,2026,304,68.5,73.1,80.9,,59.3,79,0,1,0,20,0,0,2,22,20,2,SYRACUSE,SYRACUSE,,,
146743,Jordan Dingle,TE,0,,2026,202,62.8,74.7,68.5,51.9,74.4,85,0,1,0,3,9,0,11,23,12,11,KENTUCKY,KENTUCKY,,,
146757,Garrett Nussmeier,QB,0,2026,2026,211,60.5,77.4,,,60,13,1,1,55,0,0,2,19,76,55,21,LSU,LSU,70.7,57.1,70.2
146762,Chris Hilton Jr.,WR,0,2026,2026,211,60,75.4,,59.7,61.2,03,0,1,0,0,18,0,6,24,18,6,LSU,LSU,62.9,,
146770,Garrett Dellinger,G,0,2025,2025,211,58.8,76.9,83.3,,52.9,72,0,1,0,18,0,0,10,28,18,10,LSU,LSU,,,
146771,Jack Bech,WR,0,2025,2025,305,70.3,80,,65.6,89.1,18,0,1,0,0,38,0,19,57,38,19,TCU,TCU,65.7,,
146782,Sai'vion Jones,ED,0,2025,2025,211,60,60,,,60,D35,0,1,0,0,0,0,1,1,0,1,LSU,LSU,,,
146796,Peyton Todd,P,0,,2026,211,60,60,,,,S38,0,1,0,0,0,1,0,1,0,1,LSU,LSU,,,60
146802,Luke Altmyer,QB,0,2026,2026,187,54.9,77,,,60.2,09,0,1,44,0,0,1,24,69,44,25,ILLINOIS,ILLINOIS,69.7,55.7,55
146839,Sawyer Robertson,QB,0,,2026,118,80.4,76.3,,,60,13,0,1,25,0,0,4,32,61,25,36,BAYLOR,BAYLOR,70,72,75.3
146844,Gabe Cavazos Jr.,T,0,,2025,296,69.1,73.7,78.3,,63.6,61,0,1,0,19,0,0,6,25,19,6,SO MISS,SO MISS,,,
146846,Canon Boone,G,0,,2027,227,56.3,75.5,78.7,,53.2,72,0,1,0,11,0,0,12,23,11,12,MISS STATE,MISS STATE,,,
146848,Albert Reese IV,T,0,2026,2026,227,51.8,77.1,50.9,,51.4,76,0,1,0,42,0,0,35,77,42,35,MISS STATE,MISS STATE,,,
146874,B.J. Harris,HB,0,,2026,134,74.9,74.1,67.5,57,59.9,28,0,1,0,1,6,8,4,19,7,12,C MICHIGAN,C MICHIGAN,71.9,,74.3
146881,Connor Tollison,C,0,,2026,229,58,79.3,70.9,,56,55,0,1,0,26,0,0,36,62,26,36,MISSOURI,MISSOURI,,,
146913,O'Mega Blake,WR,0,,2026,136,82.6,76.5,,81.1,60,09,0,1,0,0,21,0,9,30,21,9,CHARLOTTE,CHARLOTTE,64.1,,
146915,Jordan Davis,T,0,,2028,288,67,77.9,79.6,,62,79,0,1,0,32,0,0,48,80,32,48,S ALABAMA,S ALABAMA,,,
146916,Colin Henrich,G,0,,2026,263,57.8,70.1,,,57.6,72,0,1,0,0,0,0,5,5,0,5,DOMINION,DOMINION,,,
146930,Andison Coby,WR,0,,2025,190,58.3,69.1,,59.3,60.1,00,0,1,0,0,1,0,4,5,1,4,INDIANA,INDIANA,,,
146942,Julian Nixon,TE,0,,2026,209,61,75.9,76.8,55.9,62.5,88,0,1,0,6,6,0,14,26,12,14,LA MONROE,LA MONROE,61,,
146959,Gunnar Hansen,T,0,,2026,333,49.3,76.8,56,,45.7,55,0,1,0,38,0,0,28,66,38,28,VANDERBILT,VANDERBILT,,,
146960,Delfin Xavier Castillo,C,0,,2025,333,51.2,79.4,70.3,,47.7,64,0,1,0,38,0,0,28,66,38,28,VANDERBILT,VANDERBILT,,,
146965,Quincy Skinner Jr.,WR,0,2025,2025,333,56,0,,57.9,60,03,1,1,0,0,32,0,23,55,32,23,VANDERBILT,VANDERBILT,65,,
146985,Yulkeith Brown,WR,0,,2025,319,76.9,75.3,,77.6,52.9,05,0,1,0,0,9,1,18,28,9,19,TULANE,TULANE,66.4,,63.1
146990,Dametrious Crownover,T,0,2026,2026,312,70.3,75.5,67.3,,68.8,78,0,1,0,21,0,0,26,47,21,26,TEXAS A&M,TEXAS A&M,,,
146991,Amari Daniels,HB,0,,2026,312,77.9,72.7,70,61.2,71.6,05,0,1,0,1,7,12,4,24,8,16,TEXAS A&M,TEXAS A&M,74,,74.9
146992,Reuben Fatheree II,T,0,,2026,312,64.2,72.7,41.3,,66,76,0,1,0,6,0,0,16,22,6,16,TEXAS A&M,TEXAS A&M,,,
146994,Bryce Foster,C,0,,2026,198,64,79.7,65.7,,61.9,61,0,1,0,39,0,0,29,68,39,29,KANSAS,KANSAS,,,
146996,Fernando Garza III,TE,0,,2026,281,46.2,75.9,,52.1,48.2,89,0,1,0,0,11,0,23,34,11,23,SM HOUSTON,SM HOUSTON,,,
147001,Elijah Jeudy,DI,0,,2026,238,59.8,67.6,,,58.6,D16,0,1,0,0,0,0,2,2,0,2,NEBRASKA,NEBRASKA,,,
147003,LJ Johnson Jr.,HB,0,,2026,287,63.4,73.3,71.8,55.5,59.5,11,0,1,0,1,9,9,5,24,10,14,SMU,SMU,72.5,,64.1
147012,Jordan Spasojevic-Moko,G,1,,2026,136,53.8,77,49.4,,53,66,1,1,0,16,0,0,14,30,16,14,CHARLOTTE,CHARLOTTE,,,
147013,Eli Stowers,TE,0,2026,2026,333,76.1,80,67.4,73.3,74,09,0,1,0,1,28,1,12,42,29,13,VANDERBILT,VANDERBILT,66.5,,59.7
147014,Remington Strickland,G,0,,2026,305,60.6,73,80.6,,57.5,55,0,1,0,8,0,0,4,12,8,4,TCU,TCU,,,
147018,Matthew Wykoff,G,0,,2026,130,72.2,77.1,82.9,,69.1,74,0,1,0,24,0,0,15,39,24,15,CAL,CAL,,,
147019,Trey Zuhn III,T,0,2026,2026,312,69.1,77.4,61.1,,68.7,60,0,1,0,27,0,0,42,69,27,42,TEXAS A&M,TEXAS A&M,,,
147022,Dalton Stroman,WR,0,,2026,108,74.3,75.9,,73.1,61,08,0,1,0,0,12,0,10,22,12,10,APP STATE,APP STATE,62.9,,
147024,Troy Everett,C,0,,2027,261,63.7,80.5,66.8,,61.2,52,0,1,0,53,0,0,33,86,53,33,OKLAHOMA,OKLAHOMA,,,
147025,Jayden Ramsey,G,0,,2026,108,82,78.8,86.9,,81.2,63,0,1,0,28,0,0,36,64,28,36,APP STATE,APP STATE,,,
147045,Emmanual Stevenson,TE,0,,2025,113,49.9,76.7,43.9,42.9,63.9,12,0,1,0,3,33,0,32,68,36,32,ARK STATE,ARK STATE,,,
147046,Seydou Traore,TE,0,2026,2026,227,66,0,67.8,82.9,35.6,18,1,1,0,1,19,0,15,35,20,15,MISS STATE,MISS STATE,65.7,,
147050,Reagan Ealy,WR,0,,2025,113,56.1,78.3,,55.8,61.5,15,0,1,0,0,33,0,19,52,33,19,ARK STATE,ARK STATE,62.9,,
147054,Noah Smith,T,0,,2026,113,54.7,78.1,59.2,,51,65,1,1,0,50,0,0,35,85,50,35,ARK STATE,ARK STATE,,,
147056,Mehki Butler,G,0,2025,2025,113,76.1,80.8,71,,78.5,71,0,1,0,50,0,0,35,85,50,35,ARK STATE,ARK STATE,,,
147058,Makilan Thomas,T,0,,2027,113,75,77.5,81.7,,68.4,77,0,1,0,50,0,0,35,85,50,35,ARK STATE,ARK STATE,,,
147111,Derwin Burgess Jr.,WR,0,,2025,174,68.5,79,,66.3,75.9,02,0,1,0,0,32,0,15,47,32,15,GA SOUTHRN,GA SOUTHRN,65,,
147115,Seaburn Hines,T,0,,2026,200,64.4,76.5,66.2,,62.1,55,0,1,0,24,0,0,40,64,24,40,KENNESAW,KENNESAW,,,
147118,Caleb Cook,G,1,,2027,174,69.8,78.1,85.7,,66.7,78,1,1,0,38,0,0,16,54,38,16,GA SOUTHRN,GA SOUTHRN,,,
147120,Evan Lester,TE,0,,2025,174,53.2,69.8,,51.7,59.3,87,0,1,0,0,4,0,2,6,4,2,GA SOUTHRN,GA SOUTHRN,,,
147138,Hunter Herring,QB,0,,2028,209,83.3,69.3,,,60,17,0,1,1,0,0,4,1,6,1,5,LA MONROE,LA MONROE,68.7,59.9,77.6
147180,Peyton Dunn,G,0,,2026,182,65.4,79.9,84.5,,62.6,66,0,1,0,19,0,0,47,66,19,47,HOUSTON,HOUSTON,,,
147222,Ashtyn Hawkins,WR,0,,2026,118,71.5,77.4,,71.2,61.6,06,0,1,0,0,24,0,32,56,24,32,BAYLOR,BAYLOR,65,,
147247,Peyton Higgins,WR,0,,2026,318,66.3,73.6,,68.7,40.4,02,0,1,0,0,19,0,7,26,19,7,TROY,TROY,62.9,,
147252,Damien Taylor,HB,0,,2026,318,63.8,74.4,,55.5,,03,0,1,0,0,19,14,0,33,19,14,TROY,TROY,27,,65
147304,Simeon Evans,WR,0,,2026,281,53.7,77.4,,56.7,46.7,03,0,1,0,0,25,2,23,50,25,25,SM HOUSTON,SM HOUSTON,68.1,,56.3
147342,Blane Cleaver,TE,0,,2027,122,60.1,68.8,70.2,57.9,60,89,0,1,0,2,2,0,1,5,4,1,BOWL GREEN,BOWL GREEN,,,
147370,Keelan Marion,WR,0,2026,2026,128,62.8,77.1,,60.2,61.2,17,0,1,0,0,17,1,20,38,17,21,BYU,BYU,65.7,,63.2
147376,Nate Carter,HB,0,2025,2025,223,77.4,76.3,39.6,74.6,59.8,05,0,1,0,2,15,19,4,40,17,23,MICH STATE,MICH STATE,76.5,,75.5
147384,Christopher Fortin,G,0,,2025,146,65.2,80,84.7,,61.5,67,0,1,0,33,0,0,37,70,33,37,UCONN,UCONN,,,
147467,Ivan Escobar,C,0,,2026,330,65.2,79.3,46,,65.2,53,0,1,0,19,0,0,44,63,19,44,UTEP,UTEP,,,
147473,Deion Colzie,WR,0,,2026,258,55.7,73.1,,56.5,56.9,00,0,1,0,0,3,0,13,16,3,13,NOTRE DAME,NOTRE DAME,,,
147478,Rocco Spindler,G,0,,2026,258,59.1,78,70.2,,55.3,50,0,1,0,31,0,0,21,52,31,21,NOTRE DAME,NOTRE DAME,,,
147482,Pat Coogan,C,0,2026,2026,258,60.9,78.6,82.5,,55,78,0,1,0,31,0,0,21,52,31,21,NOTRE DAME,NOTRE DAME,,,
147485,Jayden Thomas,WR,0,,2026,258,57.1,73.3,,57.1,60.6,83,0,1,0,0,8,0,7,15,8,7,NOTRE DAME,NOTRE DAME,61,,
147486,Mitchell Evans,TE,0,2025,2025,258,77.9,75.5,76.2,71.8,72.7,88,0,1,0,6,12,0,11,29,18,11,NOTRE DAME,NOTRE DAME,62.9,,
147493,Davis Sherwood,TE,0,,2025,258,78.3,69.7,,85.7,60.3,38,0,1,0,0,2,0,7,9,2,7,NOTRE DAME,NOTRE DAME,61,,
147505,Campbell Barrington,T,0,,2025,118,68.9,76.3,78.8,,63.6,53,1,1,0,26,0,0,36,62,26,36,BAYLOR,BAYLOR,,,
147507,Ethan Erickson,TE,0,,2026,128,50.4,74.2,28.6,52.7,58.2,87,0,1,0,3,6,0,14,23,9,14,BYU,BYU,,,
147528,Chase Roberts,WR,0,2026,2026,128,60.4,77.6,,61.9,57.8,02,0,1,0,0,24,1,26,51,24,27,BYU,BYU,65.3,,57.5
147538,Kylen Austin,WR,0,,2026,206,58.3,64.8,,59.6,,14,0,1,0,0,1,0,0,1,1,0,LIBERTY,LIBERTY,64.2,,
147549,Harrison Hayes,G,0,,2026,206,68.1,76.5,69.8,,67.5,55,0,1,0,14,0,0,18,32,14,18,LIBERTY,LIBERTY,,,
147569,Campbell McHarg,G,0,,2026,169,61.8,74.7,52.8,,62.8,54,0,1,0,12,0,0,8,20,12,8,FRESNO ST,FRESNO ST,,,
147570,Josh Cuevas,TE,0,2026,2026,103,53.8,73.3,,56.1,55.9,80,0,1,0,0,6,0,4,10,6,4,ALABAMA,ALABAMA,,,
147609,Gevani McCoy,QB,0,,2026,265,27.8,71.2,,,60,04,0,1,7,0,0,0,7,14,7,7,OREGON ST,OREGON ST,64.6,27.6,57.3
147657,Rush Reimer,G,0,2025,2025,130,70.3,79.8,79,,68.6,63,0,1,0,37,0,0,29,66,37,29,CAL,CAL,,,
147931,Seth Anderson,WR,0,,2026,192,55.3,74.9,,60,40.6,06,0,1,0,0,18,1,11,30,18,12,IOWA,IOWA,65.3,,57.6
147952,Travis Burke,T,0,2026,2026,166,64.3,13.3,36.2,,75.4,77,1,1,0,27,0,0,34,61,27,34,FIU,FIU,,,
147967,Connor Finer,TE,0,,2026,200,69.4,71.1,,,72.8,80,0,1,0,0,0,0,6,6,0,6,KENNESAW,KENNESAW,,,
147986,Tykeem Wallace,WR,0,,2026,200,62.9,76.3,,64.2,58.8,08,0,1,0,0,23,1,29,53,23,30,KENNESAW,KENNESAW,67.3,,57.9
147988,Blake Bohannon,WR,0,,2026,200,74.7,77.5,,74.7,62.1,05,0,1,0,0,12,0,31,43,12,31,KENNESAW,KENNESAW,62.9,,
148074,Tyce Ferrell,TE,0,,2025,117,67,73.9,,56.9,71.6,86,0,1,0,0,2,0,14,16,2,14,BALL ST,BALL ST,,,
148284,Sidney Fugar,T,0,2026,2026,118,86.6,76.8,73.6,,85.4,69,0,1,0,26,0,0,36,62,26,36,BAYLOR,BAYLOR,,,
148343,Johncarlos Miller II,TE,0,,2026,315,53.3,77.4,70.6,47.9,60.8,18,0,1,0,2,17,0,20,39,19,20,TEXAS TECH,TEXAS TECH,,,
148358,Brett Davis,C,0,,2026,197,60,68.7,,,64.2,70,0,1,0,0,0,0,3,3,0,3,JAMES MAD,JAMES MAD,,,
148361,Zach Horton,TE,0,2025,2025,190,44.4,77.3,68.6,55.5,43.4,44,0,1,0,2,10,0,45,57,12,45,INDIANA,INDIANA,62.9,,
148364,Josh Toner,G,0,,2026,197,60.5,78.9,69.5,,58,72,0,1,0,26,0,0,26,52,26,26,JAMES MAD,JAMES MAD,,,
148375,Darius Bell,G,0,,2026,156,49.1,73.6,73.6,,48.2,55,0,1,0,2,0,0,10,12,2,10,E CAROLINA,E CAROLINA,,,
148629,Graham Walker,TE,0,,2025,275,55,77.1,68.7,54.5,59.6,16,0,1,0,2,16,0,4,22,18,4,RICE,RICE,62.9,,
148707,Gabriel Hollingsworth,TE,0,,2025,197,60,66,,,60.2,81,0,1,0,0,0,0,3,3,0,3,JAMES MAD,JAMES MAD,,,
148715,Ty'son Edwards,HB,0,,2025,211,60,63.6,68.6,,,43,0,1,0,1,0,0,0,1,1,0,LSU,LSU,,,
148768,Emmanuel Adebi,TE,0,,2026,333,59.9,65,,,59.2,45,0,1,0,0,0,0,2,2,0,2,VANDERBILT,VANDERBILT,,,
148889,Tyler Neville,TE,0,2025,2025,335,61.1,77.8,70.3,59.5,63.9,16,0,1,0,1,29,0,16,46,30,16,VIRGINIA,VIRGINIA,65,,
148892,Jacob Rizy,G,0,2026,2026,167,65.1,79.7,70.4,,63.3,64,0,1,0,47,0,0,17,64,47,17,FLORIDA ST,FLORIDA ST,,,
149110,Jevon Jackson,HB,0,,2026,330,68.3,76.4,75.2,54,68.2,04,0,1,0,2,12,22,12,48,14,34,UTEP,UTEP,77.3,,67.6
149111,Tre Shackelford,WR,0,,2026,341,61.5,77.2,,61.1,61,03,0,1,0,0,29,0,11,40,29,11,WASH STATE,WASH STATE,64.1,,
149138,Kam Thomas,WR,0,,2027,330,71.4,76.5,,70.8,65.6,05,0,1,0,0,19,0,35,54,19,35,UTEP,UTEP,69.3,,
149139,Brennan Smith,G,0,,2027,330,63.2,79.7,67.4,,61.8,50,0,1,0,19,0,0,44,63,19,44,UTEP,UTEP,,,
149142,Trey Goodman,WR,0,,2025,330,61.6,76.8,,61.2,61.1,01,0,1,0,0,16,0,37,53,16,37,UTEP,UTEP,62.9,,
149182,C.J. Ogbonna,QB,0,,2026,126,54.8,76.9,,57.2,60,07,0,1,46,0,1,4,18,69,47,22,BUFFALO,BUFFALO,24,60.7,46.3
149248,Sam Franklin,HB,0,,2026,261,60.9,68.7,,62.7,,20,0,1,0,0,5,0,0,5,5,0,OKLAHOMA,OKLAHOMA,61,,
149327,Luke Popma,T,0,,2025,197,60,67.2,,,60.3,64,0,1,0,0,0,0,3,3,0,3,JAMES MAD,JAMES MAD,,,
149528,Caleb Gossett,WR,0,,2026,259,57.9,69.9,,,55.4,88,0,1,0,0,0,0,9,9,0,9,OHIO,OHIO,,,
149719,Nana Burris,WR,0,,2027,166,52.1,73.8,,55.6,42.5,09,0,1,0,0,12,0,10,22,12,10,FIU,FIU,61,,
149817,Andrew McElroy,WR,0,,2025,254,60.7,74.8,,60.5,60,19,0,1,0,0,15,0,5,20,15,5,N ILLINOIS,N ILLINOIS,61,,
149978,Jayson Tarpeh,T,0,,2026,156,53.2,71.6,,,53,61,0,1,0,0,0,0,8,8,0,8,E CAROLINA,E CAROLINA,,,
149997,Raphael Williams Jr.,WR,0,,2026,268,62.9,74,,65.9,44,05,0,1,0,0,16,0,13,29,16,13,PITTSBURGH,PITTSBURGH,62.9,,
150160,Bauer Sharp,TE,0,2026,2026,261,54.9,0,29.6,65.5,43.1,10,1,1,1,4,37,0,29,71,42,29,OKLAHOMA,OKLAHOMA,67.3,60,
150195,Kylin James,HB,0,,2026,325,66.5,73.2,78.6,57.4,59,20,0,1,0,4,4,9,3,20,8,12,UNLV,UNLV,72.7,,65.8
150199,Myles Butler,WR,0,,2026,224,61.2,77.6,,59.3,77.9,05,0,1,0,0,36,0,13,49,36,13,MIDDLE TN,MIDDLE TN,65,,
150211,Alex Foster,G,0,,2026,144,54.1,73.1,,,53.9,69,0,1,0,0,0,0,19,19,0,19,COLO STATE,COLO STATE,,,
150238,Braedon Sloan,HB,0,,2025,117,63.7,75.6,71.5,75.4,59.5,14,0,1,0,1,16,17,2,36,17,19,BALL ST,BALL ST,75.9,,60.4
150302,Matthew Caldwell,QB,0,2026,2026,318,37.3,77.2,,,60,12,0,1,35,0,0,4,34,73,35,38,TROY,TROY,24,38.8,48.6
150307,Pearson Baldwin,TE,0,,2026,196,71.2,73.2,,55.1,73,19,0,1,0,0,2,0,15,17,2,15,JVILLE ST,JVILLE ST,,,
150308,Cole Fuller,TE,0,,2025,196,82.7,68.1,,,80.5,45,0,1,0,0,0,0,6,6,0,6,JVILLE ST,JVILLE ST,,,
150309,Brock Rechsteiner,WR,0,2026,2026,196,54.7,75.8,,54.1,62.2,89,0,1,0,0,10,0,17,27,10,17,JVILLE ST,JVILLE ST,,,
150312,JT Pennington,G,0,,2026,200,62.1,79.8,63.4,,61,65,0,1,0,24,0,0,40,64,24,40,KENNESAW,KENNESAW,,,
150321,Slade Alexander,TE,0,,2025,224,60,63.4,63.9,,,41,0,1,0,1,0,0,0,1,1,0,MIDDLE TN,MIDDLE TN,,,
150349,Jacob Bayer,C,0,2025,2025,113,78.2,80.4,82.3,,73.1,73,0,1,0,50,0,0,35,85,50,35,ARK STATE,ARK STATE,,,
150351,Drew Moss,G,0,2025,2025,144,80.3,78.3,66.7,,81.8,68,2,1,0,23,0,0,34,57,23,34,COLO STATE,COLO STATE,,,
150393,Ademola Faleye,TE,0,,2026,223,57.7,66.9,,,57.4,13,0,1,0,0,0,0,4,4,0,4,MICH STATE,MICH STATE,,,
150568,Bhayshul Tuten,HB,0,2025,2025,337,66.3,76.4,78.4,56.2,58,33,0,1,0,5,22,17,5,49,27,22,VA TECH,VA TECH,75.9,,67.7
150690,Caden Barnett,T,0,2026,2026,351,53.1,77.2,83.8,,42.6,72,0,1,0,36,0,0,40,76,36,40,WYOMING,WYOMING,,,
150698,John Michael Gyllenborg,TE,0,2026,2026,351,50,76.3,32.3,51.4,59.9,84,0,1,0,2,20,0,6,28,22,6,WYOMING,WYOMING,61,,
150700,Jaylen Sargent,WR,0,,2026,351,46.5,0,,53.4,46.2,08,1,1,0,0,14,0,17,31,14,17,WYOMING,WYOMING,,,
150701,Sam Scott,HB,0,2026,2026,351,67.7,76,7.4,53.5,48.1,22,0,1,0,5,18,11,15,49,23,26,WYOMING,WYOMING,73.5,,77.6
150706,Jack Walsh,G,0,,2026,351,58.8,79.5,56.8,,57.9,79,0,1,0,36,0,0,40,76,36,40,WYOMING,WYOMING,,,
150802,Dominic Boyd,T,0,2025,2025,174,64.8,75.8,76.7,,57.1,62,0,1,0,32,0,0,15,47,32,15,GA SOUTHRN,GA SOUTHRN,,,
151053,Jhari Patterson,WR,0,,2025,156,77,71.9,,75.6,60,00,0,1,0,0,10,0,8,18,10,8,E CAROLINA,E CAROLINA,62.9,,
151054,Richard Pearce,G,0,,2026,241,71.8,15.4,58.2,,79.6,78,1,1,0,47,0,0,34,81,47,34,NEW MEXICO,NEW MEXICO,,,
151058,Slade Roy,LS,0,,2025,211,60,60,,,60,S44,0,1,0,0,0,0,1,1,0,1,LSU,LSU,,,
151069,Malachi Fields,WR,0,2026,2026,335,65.5,77.3,,65,61.2,08,0,1,0,0,32,0,14,46,32,14,VIRGINIA,VIRGINIA,65,,
151077,Ethan Davies,WR,0,,2028,335,43.4,72,,46,60,26,0,1,0,0,7,0,1,8,7,1,VIRGINIA,VIRGINIA,63.8,,
151094,Charlie Patterson,G,0,,2026,335,52.7,78.6,18.5,,64.1,60,0,1,0,40,0,0,12,52,40,12,VIRGINIA,VIRGINIA,,,
151098,Logan Taylor,G,0,2026,2026,121,53.7,2.7,59.1,,55.6,65,1,1,0,35,0,0,34,69,35,34,BOSTON COL,BOSTON COL,,,
151103,Jack Witmer,T,1,,2026,335,29,9.7,8.3,,50.7,68,1,1,0,45,0,0,11,56,45,11,VIRGINIA,VIRGINIA,,,
151192,CJ James Jr.,C,0,,2026,331,71.3,21.2,62.7,,74.4,51,1,1,0,58,0,0,38,96,58,38,UTSA,UTSA,,,
151251,Jesse Ramil,T,0,,2026,197,69.2,74.6,83.5,,63.7,77,0,1,0,15,0,0,18,33,15,18,JAMES MAD,JAMES MAD,,,
151266,Jake Bruno,TE,0,,2026,259,59,74.7,65.4,54.7,72.6,86,0,1,0,1,8,0,6,15,9,6,OHIO,OHIO,,,
152603,Saveyon Henderson,T,0,,2025,144,73,76.5,86.8,,66.7,77,0,1,0,23,0,0,34,57,23,34,COLO STATE,COLO STATE,,,
153526,Carson Goda,TE,0,,2025,187,54.7,74.1,,52.7,65.2,84,0,1,0,0,10,0,6,16,10,6,ILLINOIS,ILLINOIS,,,
154600,Jack Hestera,WR,0,,2026,329,53.2,74.2,,53.5,59.6,14,0,1,0,0,15,0,8,23,15,8,UTAH ST,UTAH ST,61,,
154759,Da'Metrius Weatherspoon,T,0,2026,2026,304,56.4,77.8,46.3,,60.9,57,0,1,0,54,0,0,23,77,54,23,SYRACUSE,SYRACUSE,,,
155532,Damian Ramos,K,0,,2026,211,60,60,,,60,S34,0,1,0,0,0,0,1,1,0,1,LSU,LSU,,,
155624,Jamaal Pritchett,WR,0,2025,2025,288,72,79,,71.8,58.3,02,0,1,0,0,29,0,31,60,29,31,S ALABAMA,S ALABAMA,70.7,,
155757,Gavin Wimsatt,QB,0,,2026,202,35.6,73.4,,,60,02,0,1,12,0,0,8,7,27,12,15,KENTUCKY,KENTUCKY,71.6,29.4,59.2
155846,John Adams,WR,0,,2025,306,58.5,0,,62.3,60.8,17,1,1,0,0,15,0,7,22,15,7,TEMPLE,TEMPLE,61,,
155885,Rylan Green,TE,0,,2026,209,48.9,74.4,74.4,40.9,58.1,85,0,1,0,8,7,0,16,31,15,16,LA MONROE,LA MONROE,61,,
155966,Ethan Onianwa,T,0,2026,2026,275,59.9,77.1,79.7,,50.6,78,0,1,0,36,0,0,28,64,36,28,RICE,RICE,,,
155982,Mekhi Mews,WR,0,,2026,182,51.3,77.8,,52.7,48.2,83,0,1,0,0,17,0,40,57,17,40,HOUSTON,HOUSTON,72.8,,
155992,Jordin Parker,WR,0,,2026,347,68.4,73.6,,67.4,60.7,02,0,1,0,0,13,0,6,19,13,6,W MICHIGAN,W MICHIGAN,72.6,,
156001,Michael Buckley,WR,0,,2026,241,77,77.1,,76.8,56.8,84,0,1,0,0,35,0,22,57,35,22,NEW MEXICO,NEW MEXICO,69.8,,
156043,Tylan Hines,HB,0,,2027,180,65.1,74.4,72.7,56.7,60.6,02,0,1,0,2,12,6,6,26,14,12,HAWAII,HAWAII,71.2,,69.1
156073,Dartanyan Tinsley,G,1,2025,2025,138,49.7,0,29.3,,58.6,54,1,1,0,31,0,0,18,49,31,18,CINCINNATI,CINCINNATI,,,
156165,Matthew Golden,WR,0,2025,2025,311,56.4,80.3,,57.7,50.3,02,0,1,0,0,40,0,31,71,40,31,TEXAS,TEXAS,64.6,,
156167,Demetrius Hunter,C,0,,2027,182,79.8,79.5,81.9,,73.8,59,0,1,0,19,0,0,47,66,19,47,HOUSTON,HOUSTON,,,
156223,Jude Bowry,T,0,2026,2026,121,54,77.3,59.3,,51.4,71,0,1,0,35,0,0,34,69,35,34,BOSTON COL,BOSTON COL,,,
156225,Jeremiah Franklin,TE,0,2026,2026,121,51.4,76,75.2,58.1,45.5,17,0,1,0,4,17,0,24,45,21,24,BOSTON COL,BOSTON COL,61,,
156280,Brian Courtney,TE,0,,2026,167,58.4,75.7,66.5,59.2,58.5,86,0,1,0,1,1,0,6,8,2,6,FLORIDA ST,FLORIDA ST,,,
156282,Jaylen Early,T,0,,2027,167,56.6,76.7,52.9,,55.4,54,0,1,0,25,0,0,10,35,25,10,FLORIDA ST,FLORIDA ST,,,
156309,Zach Pyron,QB,0,,2027,176,37.1,75.3,,,60,05,1,1,24,0,0,3,17,44,24,20,GA TECH,GA TECH,69.4,32.3,61.6
156319,Nate Kurisky,TE,0,,2027,210,62.8,75.4,67.5,70.5,53.5,85,0,1,0,1,10,0,9,20,11,9,LOUISVILLE,LOUISVILLE,62.9,,
156320,Chance Morrow,WR,0,,2027,126,67.3,74.9,,66.4,60.3,06,0,1,0,0,15,0,4,19,15,4,BUFFALO,BUFFALO,62.9,,
156321,Chris Bell,WR,1,2026,2026,210,51.4,78,,51.1,61.5,00,1,1,0,0,42,0,29,71,42,29,LOUISVILLE,LOUISVILLE,64.1,,
156343,Jaleel Skinner,TE,0,,2027,210,60,65.9,,,59.7,88,0,1,0,0,0,0,1,1,0,1,LOUISVILLE,LOUISVILLE,,,
156344,Jacurri Brown,QB,0,,2027,323,29.6,6.7,,,60,11,1,1,21,0,0,3,17,41,21,20,UCF,UCF,68.6,29.8,53.4
156349,Trevyon Green,T,2,,2027,245,44,20,50.5,,47.8,78,2,1,0,38,0,0,37,75,38,37,N CAROLINA,N CAROLINA,,,
156351,George Pettaway,HB,0,,2027,197,80.7,75.3,17.6,64.5,58.4,06,0,1,0,3,19,15,5,42,22,20,JAMES MAD,JAMES MAD,75.5,,84.5
156362,Ryan Baer,T,0,,2027,268,74.3,75.2,82.8,,68.5,70,0,1,0,26,0,0,20,46,26,20,PITTSBURGH,PITTSBURGH,,,
156366,Dakota Twitty,TE,0,,2027,335,58.1,76.4,,58.1,58.8,83,0,1,0,0,24,0,2,26,24,2,VIRGINIA,VIRGINIA,64.6,,
156371,Xavier Brown,HB,0,,2027,335,57.3,73.7,0,70.5,54.5,00,0,1,0,1,14,2,4,21,15,6,VIRGINIA,VIRGINIA,66.9,,56.4
156381,Sean Wilson Jr.,WR,0,,2029,335,60.1,75.1,,59.8,60.6,06,0,1,0,0,20,0,5,25,20,5,VIRGINIA,VIRGINIA,61,,
156382,Eli Wood,WR,0,,2027,335,54,74.5,,54.6,60,82,0,1,0,0,13,0,2,15,13,2,VIRGINIA,VIRGINIA,61,,
156387,McKale Boley,T,0,,2027,335,62.5,76.3,59.1,,62.6,52,0,1,0,37,0,0,17,54,37,17,VIRGINIA,VIRGINIA,,,
156390,Blake Steen,T,1,,2027,335,57.3,12.3,65.6,,58,54,1,1,0,54,0,0,18,72,54,18,VIRGINIA,VIRGINIA,,,
156395,Omar Cooper Jr.,WR,0,2026,2026,190,64.5,78.6,,64.1,61.3,03,0,1,0,0,14,0,28,42,14,28,INDIANA,INDIANA,61,,
156397,Kam Perry,WR,0,,2027,221,62.4,74.9,,61.9,60,10,0,1,0,0,15,0,3,18,15,3,MIAMI OH,MIAMI OH,62.9,,
156398,Brendan Sorsby,QB,0,,2026,138,46.4,76.8,,,60,02,0,1,38,0,0,4,23,65,38,27,CINCINNATI,CINCINNATI,70.6,44.7,57.2
156399,Carter Smith,T,0,,2027,190,66.6,77.5,63.3,,64.9,65,0,1,0,20,0,0,52,72,20,52,INDIANA,INDIANA,,,
156401,Bray Lynch,G,0,,2027,190,68.7,79.2,83.8,,66.4,74,0,1,0,20,0,0,52,72,20,52,INDIANA,INDIANA,,,
156414,Cam Camper,WR,0,2025,2025,120,63.5,74.9,,62.9,60.4,09,0,1,0,0,13,0,4,17,13,4,BOISE ST,BOISE ST,64.1,,
156419,Kaleb Johnson,HB,0,2025,2025,192,74.6,76.3,46,52.2,59,02,0,1,0,3,25,14,3,45,28,17,IOWA,IOWA,74.9,,81.3
156421,Jaziun Patterson,HB,0,,2027,192,58.3,68.4,72.5,,60,09,0,1,0,2,0,3,1,6,2,4,IOWA,IOWA,67.3,,58.1
156425,Jack Dotzler,T,0,,2027,192,76.1,69.6,73.1,,76.1,71,0,1,0,2,0,0,6,8,2,6,IOWA,IOWA,,,
156429,Alex Eichmann,WR,0,,2027,192,56.1,71.7,,57.9,55.7,17,0,1,0,0,2,0,9,11,2,9,IOWA,IOWA,,,
156451,Andre Roye Jr.,T,0,,2027,215,40.8,73.5,29.9,,44.4,55,0,1,0,17,0,0,8,25,17,8,MARYLAND,MARYLAND,,,
156460,Luke Lindenmeyer,TE,0,,2028,238,48.3,71.1,63.9,,46.5,44,0,1,0,1,0,0,5,6,1,5,NEBRASKA,NEBRASKA,,,
156464,Justin Evans,G,0,,2028,238,80,80.2,78.5,,83.1,51,0,1,0,46,0,0,26,72,46,26,NEBRASKA,NEBRASKA,,,
156470,Ajay Allen,HB,0,,2027,220,67.4,68.6,71.9,58.8,,28,0,1,0,2,2,2,0,6,4,2,MIAMI FL,MIAMI FL,65.5,,65.6
156471,Janiran Bonner,WR,0,,2028,238,58.3,75.1,,55,76,16,0,1,0,0,10,0,5,15,10,5,NEBRASKA,NEBRASKA,61,,
156473,Emmett Johnson,HB,0,2026,2026,238,60.2,75.1,20.1,59.9,60,21,0,1,0,2,24,9,1,36,26,10,NEBRASKA,NEBRASKA,72.8,,62.5
156480,Kyion Grayes,WR,0,,2028,130,60,63.8,,,60,03,0,1,0,0,0,0,1,1,0,1,CAL,CAL,,,
156482,Bennett Christian,TE,0,,2027,260,74.3,72,65.5,59.9,76.9,85,0,1,0,1,1,0,11,13,2,11,OHIO STATE,OHIO STATE,,,
156494,Zion Steptoe,WR,0,,2027,320,75.7,73.3,,70.6,80.7,07,0,1,0,0,9,0,4,13,9,4,TULSA,TULSA,61,,
156503,Kwabena Asamoah,G,0,,2028,278,64.1,80.1,49.5,,67.9,69,0,1,0,59,0,0,33,92,59,33,RUTGERS,RUTGERS,,,
156504,Dantae Chin,G,0,,2028,278,62.8,73.3,83.4,,60.1,76,0,1,0,7,0,0,4,11,7,4,RUTGERS,RUTGERS,,,
156505,Mike Higgins,TE,0,,2028,278,60.9,74.5,33.9,62.2,64.3,88,0,1,0,5,24,0,8,37,29,8,RUTGERS,RUTGERS,64.1,,
156546,Naeer Jackson,G,0,,2027,166,49.2,0,75.3,,48.9,50,1,1,0,22,0,0,28,50,22,28,FIU,FIU,,,
156582,Cyrus Allen,WR,0,2026,2026,312,55,77.1,,53.9,62.6,06,0,1,0,0,14,0,29,43,14,29,TEXAS A&M,TEXAS A&M,,,
156588,Ethan Ellis,G,1,,2025,224,57.6,74.9,53.1,,58.6,74,1,1,0,26,0,0,10,36,26,10,MIDDLE TN,MIDDLE TN,,,
156590,Sterling Porcher,G,0,,2026,315,46.8,18.5,53,,47,79,2,1,0,46,0,0,42,88,46,42,TEXAS TECH,TEXAS TECH,,,
156595,Kyle Lowe,QB,0,,2028,175,67.4,63.6,,,,14,0,1,0,0,0,1,0,1,0,1,GA STATE,GA STATE,62.5,,62.9
156596,DJ Riles,WR,0,,2027,175,49.4,70.8,,56.1,39.7,10,0,1,0,0,5,0,3,8,5,3,GA STATE,GA STATE,65.6,,
156597,Keylan Rutledge,G,0,2026,2026,176,59.2,0,66.8,,65.1,77,2,1,0,51,0,0,30,81,51,30,GA TECH,GA TECH,,,
156598,Mateo Guevara,G,0,,2027,224,56.1,79.4,51.5,,54.9,55,0,1,0,42,0,0,17,59,42,17,MIDDLE TN,MIDDLE TN,,,
156612,Howard Sampson,T,0,,2027,245,60.8,77.6,66.2,,57,79,1,1,0,38,0,0,37,75,38,37,N CAROLINA,N CAROLINA,,,
156624,Dean Connors,HB,0,2026,2026,275,68.5,77.2,78.3,76.9,59.5,00,0,1,0,7,22,20,3,52,29,23,RICE,RICE,76.8,,64.4
156653,Miller McCrumby,TE,0,,2026,113,38.8,73.4,63.3,30.7,73.3,13,0,1,0,1,13,0,3,17,14,3,ARK STATE,ARK STATE,9.4,,
156657,Dominic Zvada,K,0,2026,2026,222,60,60,63.8,,,S96,0,1,0,1,0,0,0,1,1,0,MICHIGAN,MICHIGAN,,,
156658,Elijah Zollicoffer,G,0,,2026,113,71.6,79.8,80.5,,70,74,0,1,0,50,0,0,35,85,50,35,ARK STATE,ARK STATE,,,
156691,Avion McBride,TE,0,,2027,175,60,63.5,,,60,35,0,1,0,0,0,0,1,1,0,1,GA STATE,GA STATE,,,
156693,Alec Johnson,C,0,,2027,175,47.3,79.1,61.8,,45.7,70,0,1,0,32,0,0,26,58,32,26,GA STATE,GA STATE,,,
156700,Rykem Laney,WR,0,,2026,175,55.7,70.8,,56.5,60,06,0,1,0,0,4,0,2,6,4,2,GA STATE,GA STATE,,,
156710,Alonza Barnett III,QB,0,,2027,197,56.6,76.6,,55.9,60,14,0,1,31,0,1,9,23,64,32,32,JAMES MAD,JAMES MAD,72.3,55.6,59.2
156712,Wayne Knight,HB,0,,2028,197,67.7,73.9,57.2,88.3,58.5,25,0,1,0,4,5,7,4,20,9,11,JAMES MAD,JAMES MAD,71.5,,60
156713,Carter Miller,C,0,,2027,209,65.1,79.3,73.5,,61.8,50,0,1,0,29,0,0,33,62,29,33,LA MONROE,LA MONROE,,,
156717,Jo Simmons,T,0,,2028,197,55.1,75.1,70.5,,49.3,79,1,1,0,21,0,0,19,40,21,19,JAMES MAD,JAMES MAD,,,
156733,Zeon Chriss-Gremillion,QB,0,,2027,182,61.3,76.7,,,60,02,0,1,19,0,0,14,33,66,19,47,HOUSTON,HOUSTON,20.6,63.4,58.1
156763,Zarian McGill,C,0,,2026,208,64.4,79.3,84.4,,57.2,54,0,1,0,39,0,0,22,61,39,22,LA TECH,LA TECH,,,
156769,Carl Glass Jr.,LB,0,,2025,209,60,60,,,60,D35,0,1,0,0,0,0,1,1,0,1,LA MONROE,LA MONROE,,,
156837,Kenyon Clay,HB,0,,2027,296,71.7,75.4,28.9,67.6,58.6,05,0,1,0,5,13,8,4,30,18,12,SO MISS,SO MISS,72.1,,73.8
156838,Wil Saxton,G,0,,2027,296,56.2,76.5,66,,52.6,50,0,1,0,17,0,0,9,26,17,9,SO MISS,SO MISS,,,
156877,Daniel King,T,0,,2026,318,90,77.1,59.1,,91.2,74,0,1,0,35,0,0,38,73,35,38,TROY,TROY,,,
156886,Tyhler Williams,C,0,,2027,102,60.6,79.4,56.1,,60.4,54,0,1,0,31,0,0,31,62,31,31,AKRON,AKRON,,,
156890,Charles Kellom,HB,0,,2027,102,63.7,72.5,76.3,29.1,60,22,0,1,0,3,6,4,3,16,9,7,AKRON,AKRON,68.6,,71.8
156892,Bobby Golden,WR,0,,2026,102,65.7,0,,66.3,62.9,04,1,1,0,0,27,1,24,52,27,25,AKRON,AKRON,67.3,,62.3
156895,Tanner Koziol,TE,0,2026,2026,117,90.6,79.2,,85.4,83.1,88,0,1,0,0,31,0,20,51,31,20,BALL ST,BALL ST,67.5,,
156922,Jamoni Jones,HB,0,,2025,333,55.1,73.6,49.2,59.5,56.8,33,0,1,0,3,1,1,6,11,4,7,VANDERBILT,VANDERBILT,62.5,,59.5
156926,Star'Corius Thomas,HB,0,,2026,154,63.1,76.6,14.7,43.2,60,17,0,1,0,13,27,17,1,58,40,18,DUKE,DUKE,75.9,,75.5
156927,Diego Pavia,QB,0,2026,2026,333,60.2,76.6,,,60,02,0,1,36,0,0,12,14,62,36,26,VANDERBILT,VANDERBILT,73.4,54,66.1
156940,Jonathan Brady,WR,0,2026,2026,130,54.4,73.8,,54.7,60.4,06,0,1,0,0,8,0,5,13,8,5,CAL,CAL,,,
156966,Steve Angeli,QB,0,,2027,258,52.1,72.2,,,60,18,0,1,5,0,0,0,13,18,5,13,NOTRE DAME,NOTRE DAME,63.8,50.1,
156970,Eli Raridon,TE,0,2026,2026,258,46.7,74.9,73.6,43.2,64.4,09,0,1,0,3,10,0,12,25,13,12,NOTRE DAME,NOTRE DAME,,,
156973,Aamil Wagner,T,0,2026,2026,258,61.3,75.7,63,,58.9,59,1,1,0,31,0,0,21,52,31,21,NOTRE DAME,NOTRE DAME,,,
156976,Ty Chan,T,0,,2027,258,47.6,68.8,76.1,,42.9,77,0,1,0,3,0,0,3,6,3,3,NOTRE DAME,NOTRE DAME,,,
156979,Billy Schrauth,G,0,2026,2026,258,57.7,0,85.3,,56.5,74,1,1,0,31,0,0,21,52,31,21,NOTRE DAME,NOTRE DAME,,,
156985,Jadarian Price,HB,0,2026,2026,258,62.8,72.5,62.2,56,60,24,0,1,0,6,6,6,1,19,12,7,NOTRE DAME,NOTRE DAME,70.5,,63.5
156989,Carter Fouty,G,0,,2026,316,49.5,80.4,56,,44.2,66,0,1,0,53,0,0,23,76,53,23,TOLEDO,TOLEDO,,,
156998,Ethan Spoth,G,0,,2027,316,71.1,79.9,78,,67,72,0,1,0,53,0,0,23,76,53,23,TOLEDO,TOLEDO,,,
157001,Tyler Booker,G,0,2025,2025,103,61.8,0,71.7,,64,52,2,1,0,31,0,0,28,59,31,28,ALABAMA,ALABAMA,,,
157003,Jam Miller,HB,0,2026,2026,103,61.7,74.7,70.3,56.5,58.5,26,0,1,0,1,13,11,6,31,14,17,ALABAMA,ALABAMA,73.6,,62.8
157004,Kendrick Law,WR,0,2026,2026,103,74.3,77.8,,66.1,72.7,01,0,1,0,0,17,1,17,35,17,18,ALABAMA,ALABAMA,65.3,,69.1
157008,Ty Simpson,QB,0,2026,2026,103,71.8,69.1,,,60,15,0,1,0,0,0,1,6,7,0,7,ALABAMA,ALABAMA,62.5,,62.5
157010,Aaron Anderson,WR,0,2026,2026,211,70,77.8,,71.3,43.9,01,0,1,0,0,41,0,12,53,41,12,LSU,LSU,64.1,,
157020,Rashod Dubinion,HB,0,,2026,111,68.9,75.6,71.8,64.2,60,07,0,1,0,1,14,11,2,28,15,13,ARKANSAS,ARKANSAS,14.8,,68.9
157022,E'Marion Harris,G,0,,2027,111,66,76.4,78.1,,58.9,76,0,1,0,36,0,0,26,62,36,26,ARKANSAS,ARKANSAS,,,
157025,Andrew Chamblee,T,0,,2027,287,61.2,68,74.6,,60.2,74,0,1,0,2,0,0,2,4,2,2,SMU,SMU,,,
157029,Ty Washington,TE,0,,2027,111,60,63.5,66.8,,,08,0,1,0,1,0,0,0,1,1,0,ARKANSAS,ARKANSAS,,,
157037,Damari Alston,HB,0,,2027,115,67.5,74.7,69.5,73.4,60.7,00,0,1,0,1,5,10,7,23,6,17,AUBURN,AUBURN,73.1,,64.7
157048,Omari Kelly,WR,0,2026,2026,224,72.3,78.1,,72.2,57.4,01,0,1,0,0,41,1,16,58,41,17,MIDDLE TN,MIDDLE TN,70.7,,59.6
157049,Camden Brown,WR,0,2026,2026,115,71,70.6,,69.1,60.2,04,0,1,0,0,5,0,3,8,5,3,AUBURN,AUBURN,61,,
157053,Micah Riley,TE,0,,2027,115,64.6,66.7,,,73.7,84,0,1,0,0,0,0,2,2,0,2,AUBURN,AUBURN,,,
157060,Griffin Scroggs,G,0,,2027,108,72.2,80.1,72.4,,71.7,74,0,1,0,31,0,0,38,69,31,38,APP STATE,APP STATE,,,
157068,Aliou Bah,G,0,,2027,215,60.7,78.3,64.4,,58.3,66,1,1,0,40,0,0,17,57,40,17,MARYLAND,MARYLAND,,,
157100,Dane Key,WR,0,2026,2026,202,74,78.3,,73.7,57.9,06,0,1,0,0,31,0,24,55,31,24,KENTUCKY,KENTUCKY,65,,
157106,Will Campbell,T,0,2025,2025,211,50.1,24.1,51.1,,54.2,66,1,1,0,55,0,0,22,77,55,22,LSU,LSU,,,
157117,Emery Jones Jr.,T,0,2025,2025,211,50.5,0,60.7,,55.8,50,2,1,0,55,0,0,22,77,55,22,LSU,LSU,,,
157119,Bo Bordelon,G,0,,2027,211,60,68.9,71.3,,60,89,0,1,0,2,0,0,3,5,2,3,LSU,LSU,,,
157122,Mason Taylor,TE,0,2025,2025,211,59.9,80,73.7,57.7,65.6,86,0,1,0,9,46,0,21,76,55,21,LSU,LSU,64.1,,
157124,GiVanni Peterson,TE,0,,2026,211,60,65,,,60,45,0,1,0,0,0,0,2,2,0,2,LSU,LSU,,,
157128,Quinshon Judkins,HB,0,2025,2025,260,60.8,75.3,74.1,69.3,60,01,0,1,0,2,8,10,6,26,10,16,OHIO STATE,OHIO STATE,73.1,,58.8
157138,Salathiel Hemphill,TE,0,,2025,226,60.2,69.1,,,60.2,46,0,1,0,0,0,0,3,3,0,3,OLE MISS,OLE MISS,,,
157141,Braedyn Locke,QB,0,,2027,349,48.5,76.9,,,60,18,0,1,44,0,0,0,26,70,44,26,WISCONSIN,WISCONSIN,69.3,47.7,
157150,Kade Kolka,WR,0,,2025,227,56,67.8,,57.1,60,80,0,1,0,0,3,0,1,4,3,1,MISS STATE,MISS STATE,,,
157157,Tavorus Jones,HB,0,,2028,229,59.8,65.4,,58.9,,22,0,1,0,0,2,0,0,2,2,0,MISSOURI,MISSOURI,,,
157163,Mekhi Miller,WR,1,,2027,229,47.4,74.9,,48.5,55.9,10,1,1,0,0,11,0,10,21,11,10,MISSOURI,MISSOURI,,,
157168,Tristan Wilson,G,0,,2027,229,60,63,,,60,73,0,1,0,0,0,0,1,1,0,1,MISSOURI,MISSOURI,,,
157170,Luther Burden III,WR,0,2025,2025,229,60.1,76.4,,54.7,58.7,03,0,1,0,0,21,2,19,42,21,21,MISSOURI,MISSOURI,71.8,,70.5
157175,Max Whisner,TE,0,,2027,102,60,65.2,66.5,,,87,0,1,0,1,0,0,0,1,1,0,AKRON,AKRON,,,
157196,Ashton Jeanty,HB,0,2025,2025,120,71.9,79.6,72.2,48.8,60,02,0,1,0,12,20,35,4,71,32,39,BOISE ST,BOISE ST,80,,72.9
157197,Kage Casey,T,0,2026,2026,120,73.5,77.8,73.2,,70.4,77,0,1,0,37,0,0,40,77,37,40,BOISE ST,BOISE ST,,,
157202,Braxton Fely,DI,0,,2027,120,60,64.4,,,60,D90,0,1,0,0,0,0,1,1,0,1,BOISE ST,BOISE ST,,,
157207,Brayden Fowler-Nicolosi,QB,0,,2027,144,64.9,76.1,,,60,16,0,1,23,0,0,2,32,57,23,34,COLO STATE,COLO STATE,26.9,76.7,42.4
157231,J.C. Davis,T,0,2026,2026,187,66,77.3,63.1,,65.2,74,0,1,0,44,0,0,25,69,44,25,ILLINOIS,ILLINOIS,,,
157248,Justius Lowe,WR,0,,2028,264,68.4,78.1,,67.1,66.9,14,0,1,0,0,20,0,27,47,20,27,OREGON,OREGON,62.9,,
157250,Michael Wooten,T,0,,2027,109,64.9,76.4,72.5,,58.3,77,0,1,0,42,0,0,20,62,42,20,ARIZONA,ARIZONA,,,
157259,Ashton Daniels,QB,0,,2027,300,62.8,76,,,60,14,0,1,40,0,0,6,9,55,40,15,STANFORD,STANFORD,71.5,55,69.7
157263,Elic Ayomanor,WR,0,2025,2025,300,74.4,78.4,,72.6,74.5,13,0,1,0,0,47,0,20,67,47,20,STANFORD,STANFORD,68.2,,
157269,Jake Maikkula,C,0,,2027,300,56.3,79.8,55.4,,55.4,69,0,1,0,51,0,0,20,71,51,20,STANFORD,STANFORD,,,
157270,Sam Roush,TE,0,2026,2026,300,59.9,80,72.5,62,41.8,86,0,1,0,5,46,0,20,71,51,20,STANFORD,STANFORD,66.2,,
157298,Jordan Hudson,WR,0,2026,2026,287,55.5,81.1,,53.2,59.3,08,0,1,0,0,28,1,42,71,28,43,SMU,SMU,65.3,,63.2
157302,Maalik Murphy,QB,0,,2028,154,80.8,77.6,,,60,06,0,1,53,0,0,1,26,80,53,27,DUKE,DUKE,40.3,83.2,48.9
157303,Jaydon Blue,HB,0,2025,2025,311,70.1,74.7,27.5,66.7,60,23,0,1,0,4,14,11,1,30,18,12,TEXAS,TEXAS,73.7,,71.4
157304,Cole Hutson,G,0,,2027,311,50.2,71.6,23.2,,55,54,0,1,0,5,0,0,3,8,5,3,TEXAS,TEXAS,,,
157328,Bryson Donnell,HB,0,,2027,331,66.2,70.2,75.6,58.6,,22,0,1,0,3,2,4,0,9,5,4,UTSA,UTSA,68.6,,65
157336,Sheridan Wilson,C,0,,2027,315,55.4,17.2,81.3,,53.3,72,1,1,0,46,0,0,42,88,46,42,TEXAS TECH,TEXAS TECH,,,
157337,Coy Eakin,WR,0,,2027,315,61.8,78.2,,63.3,50.2,08,0,1,1,0,40,0,37,78,41,37,TEXAS TECH,TEXAS TECH,65.3,60,
157338,TK King,WR,0,,2027,351,69.5,75.5,,63.1,60.6,05,0,1,0,0,18,5,11,34,18,16,WYOMING,WYOMING,70.1,,71.4
157344,Emmett Brown,QB,0,,2027,285,34.9,72.8,,,60,09,0,1,18,0,0,0,4,22,18,4,S JOSE ST,S JOSE ST,66.8,34.9,
157345,Djouvensky Schlenbaker,HB,0,,2028,341,60.4,72.6,64.9,57.3,58,15,0,1,0,8,3,4,6,21,11,10,WASH STATE,WASH STATE,68.6,,60.8
157350,Jaylen Anderson,HB,0,,2026,343,66.9,67.1,,79.5,60,00,0,1,0,0,1,0,3,4,1,3,W VIRGINIA,W VIRGINIA,61,,
157352,Dylan Ray,G,0,,2026,202,66.8,76.6,85.6,,63.8,73,0,1,0,14,0,0,14,28,14,14,KENTUCKY,KENTUCKY,,,
157360,Sullivan Weidman,G,0,,2027,343,60,60,,,60,56,0,1,0,0,0,0,1,1,0,1,W VIRGINIA,W VIRGINIA,,,
157363,Nicco Marchiol,QB,0,,2028,343,68.9,76.9,,,60,08,0,1,31,0,0,7,28,66,31,35,W VIRGINIA,W VIRGINIA,34.8,83.1,47.5
157366,Cortez Braham Jr.,WR,0,2026,2026,239,51.7,78.7,,51.7,60.1,08,0,1,0,0,44,0,21,65,44,21,NEVADA,NEVADA,12,,
157372,CJ Donaldson,HB,0,2026,2026,343,62.7,73.9,0,62.3,59.9,04,0,1,0,1,13,8,2,24,14,10,W VIRGINIA,W VIRGINIA,72.2,,65.4
157404,MJ Morris,QB,0,,2027,215,83.2,71.4,,,60,07,0,1,11,0,0,1,3,15,11,4,MARYLAND,MARYLAND,66.7,89.1,54.4
157431,Bruce Mitchell,C,0,,2027,128,53.3,9,49.7,,57.6,63,1,1,0,32,0,0,44,76,32,44,BYU,BYU,,,
157439,Dalton Riggs,LS,0,,2027,128,60,60,,,60,S47,0,1,0,0,0,0,1,1,0,1,BYU,BYU,,,
157462,Max Reese,TE,0,,2027,160,70.9,77.6,59.6,74.8,39.5,05,0,1,0,4,28,0,15,47,32,15,E MICHIGAN,E MICHIGAN,65,,
157468,Mack Indestad,T,0,,2028,160,68.8,75.6,82,,62.2,72,0,1,0,27,0,0,18,45,27,18,E MICHIGAN,E MICHIGAN,,,
157474,Ihson E. Jackson-Anderson,HB,0,,2027,160,51.9,72.1,76.4,56.4,60,23,0,1,0,4,5,3,3,15,9,6,E MICHIGAN,E MICHIGAN,12.1,,50.9
157479,Joshua Anderson,T,0,,2028,160,61.1,25.9,60.3,,65.4,73,1,1,0,53,0,0,32,85,53,32,E MICHIGAN,E MICHIGAN,,,
157480,Darius Lassiter,WR,0,2025,2025,128,68.8,77.6,,69,60.5,05,0,1,0,0,24,0,26,50,24,26,BYU,BYU,65,,
157483,Tony Nelson,G,0,,2027,225,49.2,75.9,0,,57.5,59,0,1,0,10,0,0,13,23,10,13,MINNESOTA,MINNESOTA,,,
157486,Frank Bierman,TE,0,,2026,225,46.8,72.7,,60,46.8,85,0,1,0,0,1,0,12,13,1,12,MINNESOTA,MINNESOTA,,,
157492,Kristen Hoskins,WR,0,,2027,225,74.8,65.3,,,60,13,0,1,0,0,0,1,1,2,0,2,MINNESOTA,MINNESOTA,62.5,,63.5
157497,Ashton Beers,G,0,,2027,225,67.2,78.6,70.4,,66.5,78,0,1,0,36,0,0,24,60,36,24,MINNESOTA,MINNESOTA,,,
157502,Jack DiSano,TE,0,,2027,225,57.9,71.7,,,57.7,84,0,1,0,0,0,0,5,5,0,5,MINNESOTA,MINNESOTA,,,
157518,Jacoby Jones,WR,0,2025,2025,323,73.2,77.8,,72.7,60.2,16,0,1,0,0,34,0,22,56,34,22,UCF,UCF,66.2,,
157522,Tate Carney,HB,0,,2027,339,61.2,75,80.5,72.7,60,30,0,1,0,9,14,9,5,37,23,14,WAKE,WAKE,72.7,,58.1
157523,Demond Claiborne,HB,0,2026,2026,339,74.7,75.2,81.7,81.5,59.9,01,0,1,0,12,10,24,3,49,22,27,WAKE,WAKE,77.8,,70.4
157525,Harry Lodge,TE,0,,2027,339,40.5,74.5,65.1,49.5,40.6,89,0,1,0,1,14,0,22,37,15,22,WAKE,WAKE,61.9,,
157543,Kanye Roberts,HB,0,,2027,108,57.9,75.8,19.8,53.4,59.5,14,0,1,0,1,11,13,4,29,12,17,APP STATE,APP STATE,74.4,,60.1
157546,Kanen Hamlett,TE,0,,2027,108,61.5,72.5,,65.4,55.5,86,0,1,0,0,4,0,5,9,4,5,APP STATE,APP STATE,61,,
157582,Cartevious Norton,HB,0,,2026,136,75,75,82.5,55.8,,05,0,1,0,10,6,17,0,33,16,17,CHARLOTTE,CHARLOTTE,75.8,,72.8
157607,Terrell Crosby Jr.,WR,0,,2028,316,55,71.9,,55.7,60.1,19,0,1,0,0,4,0,3,7,4,3,TOLEDO,TOLEDO,,,
157615,Tayven Jackson,QB,0,,2027,190,68.3,77.2,,,60.1,02,0,1,20,0,0,8,44,72,20,52,INDIANA,INDIANA,71.7,67.2,62.1
157618,Mo Clipper Jr.,G,0,,2027,136,62.4,76.1,48.4,,63.7,55,0,1,0,11,0,0,12,23,11,12,CHARLOTTE,CHARLOTTE,,,
157622,Addison Nichols,C,0,,2027,111,68.4,79.3,84.1,,62.6,63,0,1,0,36,0,0,26,62,36,26,ARKANSAS,ARKANSAS,,,
157628,Weylin Lapuaho,G,0,,2026,128,58.3,10.4,58.1,,61.1,61,1,1,0,32,0,0,44,76,32,44,BYU,BYU,,,
157639,Benji Gosnell,TE,0,,2027,337,74.5,78.1,75.9,77.3,51.6,82,0,1,0,3,22,0,22,47,25,22,VA TECH,VA TECH,65.7,,
157642,Johnny Garrett,T,0,,2027,337,54.7,74.1,35.8,,59.3,79,0,1,0,15,0,0,15,30,15,15,VA TECH,VA TECH,,,
157643,Brody Meadows,G,0,,2027,337,52.6,77.1,18,,56.7,77,0,1,0,15,0,0,15,30,15,15,VA TECH,VA TECH,,,
157645,Dae'Quan Wright,TE,0,2026,2026,226,72.2,75,66.8,78,53.6,08,0,1,0,1,14,0,18,33,15,18,OLE MISS,OLE MISS,64.1,,
157647,Harrison Saint Germain,TE,0,,2027,337,57.5,75.1,33.6,57.2,64.7,87,0,1,0,4,6,0,12,22,10,12,VA TECH,VA TECH,61,,
157653,Xavier Chaplin,T,1,,2027,337,47.9,0,52.6,,62,65,2,1,0,25,0,0,17,42,25,17,VA TECH,VA TECH,,,
157655,Braelin Moore,C,0,,2027,337,66,79.3,84.7,,60.4,61,0,1,0,32,0,0,29,61,32,29,VA TECH,VA TECH,,,
157656,Bryce Duke,HB,0,,2026,263,84.7,71,70,58.6,60,04,0,1,0,1,2,8,2,13,3,10,DOMINION,DOMINION,72.2,,81.4
157660,Johnny Dickson III,G,0,,2027,251,67.1,80.9,77,,63.9,54,0,1,0,66,0,0,21,87,66,21,N TEXAS,N TEXAS,,,
157664,Evan Svoboda,QB,0,2026,2026,351,49.8,72.2,,,60,17,0,1,8,0,0,6,5,19,8,11,WYOMING,WYOMING,70.4,34.8,68.4
157665,Isaac Schoenfeld,TE,0,,2028,351,56.4,69.6,,59,58,87,0,1,0,0,1,0,4,5,1,4,WYOMING,WYOMING,,,
157668,Rex Johnsen,G,0,,2028,351,50.5,0,75.5,,58.9,70,1,1,0,6,0,0,5,11,6,5,WYOMING,WYOMING,,,
157673,Wes King,G,0,,2027,351,58.1,79.8,58.9,,56.7,78,0,1,0,30,0,0,35,65,30,35,WYOMING,WYOMING,,,
157688,Owen McCown,QB,0,,2027,331,73.8,78.2,,,60,02,0,1,57,0,0,1,37,95,57,38,UTSA,UTSA,70.3,73.2,59.3
157691,Anthony Hankerson,HB,0,2026,2026,265,60.8,76.9,72.7,60,60,00,0,1,0,1,26,16,1,44,27,17,OREGON ST,OREGON ST,75.6,,60.7
157692,Grant Page,WR,0,,2027,329,57,77.6,,51.8,60.1,08,0,1,1,0,41,0,25,67,42,25,UTAH ST,UTAH ST,64.6,87.3,
157694,Van Wells,C,0,,2027,265,61.3,78.8,84.9,,54.9,55,0,1,0,33,0,0,23,56,33,23,OREGON ST,OREGON ST,,,
157700,Chase Sowell,WR,0,,2027,156,73.2,79.3,,70.9,75.7,05,0,1,0,0,22,0,20,42,22,20,E CAROLINA,E CAROLINA,65,,
157702,Brady Kopetz,TE,0,,2027,143,60,65,,,60,86,0,1,0,0,0,0,2,2,0,2,COLORADO,COLORADO,,,
157732,Andrew Savaiinaea,TE,0,,2027,239,51.7,73.7,,54.8,49.8,11,0,1,0,0,12,0,8,20,12,8,NEVADA,NEVADA,62.9,,
157738,Jordan Herman,T,0,,2026,136,55.3,73.4,36.5,,59.4,79,0,1,0,11,0,0,12,23,11,12,CHARLOTTE,CHARLOTTE,,,
157740,Caleb Douglas,WR,0,2026,2026,315,79.4,80.7,,80.5,48.1,05,0,1,0,0,36,0,28,64,36,28,TEXAS TECH,TEXAS TECH,67.1,,
157745,Jalen Farmer,G,0,2026,2026,202,58.4,78.3,63.1,,56.1,52,1,1,0,32,0,0,24,56,32,24,KENTUCKY,KENTUCKY,,,
157755,Thai Chiaokhiao-Bowman,WR,0,,2027,275,57.9,0,,60.6,61.4,19,1,1,0,0,20,0,9,29,20,9,RICE,RICE,65,,
157756,Max Brown,QB,0,,2027,136,38.2,72.7,,,60,01,0,1,11,0,0,0,10,21,11,10,CHARLOTTE,CHARLOTTE,65.6,38.1,57.8
157772,Garrett Oakley,TE,0,,2027,199,61.3,76.3,,57.3,65.2,86,0,1,0,0,22,0,19,41,22,19,KANSAS ST,KANSAS ST,61,,
157773,Brayden Loftin,TE,0,,2028,199,59.3,69.9,67.3,,57.9,87,0,1,0,2,0,0,3,5,2,3,KANSAS ST,KANSAS ST,,,
157792,Ollie Gordon II,HB,0,2025,2025,262,69,78.2,77.9,64.2,60,00,0,1,1,3,33,19,1,57,37,20,OKLA STATE,OKLA STATE,35.1,75.8,66.6
157793,Braylin Presley,WR,0,,2026,320,46.3,70.1,,48.6,60,01,0,1,0,0,7,0,1,8,7,1,TULSA,TULSA,,,
157794,Stephon Johnson,WR,0,,2027,182,67.8,0,,73.5,57,05,1,1,0,0,7,0,13,20,7,13,HOUSTON,HOUSTON,61,,
157799,Austin Kawecki,G,0,,2027,262,69.6,77.7,63.1,,71.4,51,1,1,0,27,0,0,16,43,27,16,OKLA STATE,OKLA STATE,,,
157831,Matt Coleman,WR,0,,2028,285,53,75,,53.3,60.1,14,0,1,0,0,24,0,6,30,24,6,S JOSE ST,S JOSE ST,68.4,,
157835,Jabari Bates,HB,0,,2027,285,70.9,73.1,65.2,64.5,,06,0,1,0,16,2,5,0,23,18,5,S JOSE ST,S JOSE ST,70.7,,69.9
157842,Joseph Harbert,C,0,,2027,285,62.4,74.8,47.5,,63.7,75,0,1,0,10,0,0,7,17,10,7,S JOSE ST,S JOSE ST,,,
157843,Jake Steele,G,0,,2027,120,64.5,75.7,82.7,,61.4,68,0,1,0,14,0,0,11,25,14,11,BOISE ST,BOISE ST,,,
157859,Kenton Jerido,G,0,,2027,288,58.5,80.6,84,,54.6,69,0,1,0,32,0,0,48,80,32,48,S ALABAMA,S ALABAMA,,,
157867,Malachi Carney,T,1,,2027,288,68.5,22.1,76.2,,68.8,77,2,1,0,32,0,0,46,78,32,46,S ALABAMA,S ALABAMA,,,
157876,Bam McReynolds,HB,0,,2027,288,69.3,70.9,,58.8,,00,0,1,0,0,2,8,0,10,2,8,S ALABAMA,S ALABAMA,71.9,,67.8
157878,Kelly Akharaiyi,WR,0,2025,2025,227,66.1,80.7,,63.7,75.4,01,0,1,0,0,33,0,28,61,33,28,MISS STATE,MISS STATE,65,,
157889,Emari White,WR,0,,2026,330,33.7,72,,57.1,60.4,08,0,1,0,0,5,1,6,12,5,7,UTEP,UTEP,11.1,,60
157933,Jackson Paradis,HB,0,,2026,216,68.1,71.4,24.1,55.6,,32,0,1,0,0,9,2,0,11,9,2,UMASS,UMASS,65.5,,71.6
157945,Mark-Anthony Scott Jr.,HB,0,,2027,126,62.4,66.2,,,,33,0,1,0,0,0,2,0,2,0,2,BUFFALO,BUFFALO,65.5,,61.7
157957,Cam Ball,TE,0,,2027,227,36.5,0,,42.3,66.5,10,1,1,0,0,6,0,4,10,6,4,MISS STATE,MISS STATE,,,
157982,Kendall Stanley,T,0,,2027,136,69.2,75.9,72.4,,65.8,53,0,1,0,27,0,0,26,53,27,26,CHARLOTTE,CHARLOTTE,,,
158004,Davion Carter,G,0,,2026,315,68.7,79.9,87.5,,65,56,0,1,0,44,0,0,43,87,44,43,TEXAS TECH,TEXAS TECH,,,
158012,Eric Smith,T,0,,2027,221,63.1,70.6,,,62.5,51,0,1,0,0,0,0,10,10,0,10,MIAMI OH,MIAMI OH,,,
158013,Gavin Rohrs,G,0,,2027,221,53.9,76.5,81,,51.3,76,0,1,0,9,0,0,25,34,9,25,MIAMI OH,MIAMI OH,,,
158015,Drew Terrill,T,0,,2027,221,58.2,72,,,58,78,0,1,0,0,0,0,15,15,0,15,MIAMI OH,MIAMI OH,,,
158022,Reggie Virgil,WR,0,2026,2026,221,70.3,77.5,,69.5,62.5,00,0,1,0,0,27,0,19,46,27,19,MIAMI OH,MIAMI OH,65,,
158028,Javon Tracy,WR,0,,2027,221,75.5,76.8,,74.7,60.5,11,1,1,0,0,30,0,15,45,30,15,MIAMI OH,MIAMI OH,65.7,,
158031,Jackson Izzard,WR,0,,2025,221,60.8,71.7,,,61.3,81,0,1,0,0,0,0,7,7,0,7,MIAMI OH,MIAMI OH,,,
158033,Marcus White,G,0,,2026,221,60,65,,,60,69,0,1,0,0,0,0,1,1,0,1,MIAMI OH,MIAMI OH,,,
158034,Nate Milanowski,HB,0,,2026,221,63.6,66.8,,,,23,0,1,0,0,0,3,0,3,0,3,MIAMI OH,MIAMI OH,67.3,,62.7
158042,Dane Pardridge,WR,0,,2028,254,55.5,76.7,,55.6,60.4,08,0,1,0,0,37,0,4,41,37,4,N ILLINOIS,N ILLINOIS,70.3,,
158043,Evan Malcore,T,0,,2027,254,52.4,19.8,70.8,,46.9,54,1,1,0,48,0,0,22,70,48,22,N ILLINOIS,N ILLINOIS,,,
158048,Terron Kellman,HB,0,,2028,136,50,69.1,13.9,58.1,,00,0,1,0,2,3,1,0,6,5,1,CHARLOTTE,CHARLOTTE,62.5,,57.6
158060,Jaiden Credle,HB,0,,2026,224,79.4,76.4,79.6,52.9,60,22,0,1,0,16,13,8,3,40,29,11,MIDDLE TN,MIDDLE TN,71.9,,83.3
158066,Keyshaun Pipkin,WR,0,,2027,254,61.9,71.8,,60.9,61.5,07,0,1,0,0,1,0,8,9,1,8,N ILLINOIS,N ILLINOIS,61,,
158068,Izuchukwu Ozoh,T,0,,2026,254,79.2,67.6,,,76.9,77,0,1,0,0,0,0,5,5,0,5,N ILLINOIS,N ILLINOIS,,,
158081,Jacob Sexton,G,0,,2027,261,38.6,0,59.6,,43.7,76,1,1,0,14,0,0,15,29,14,15,OKLAHOMA,OKLAHOMA,,,
158082,Nick Evers,QB,0,,2027,146,46.8,76.9,,,60,03,0,1,33,0,0,5,32,70,33,37,UCONN,UCONN,31.9,48.3,52.2
158085,Jovantae Barnes,HB,0,,2027,261,69.3,77.3,34,70.6,58.9,02,0,1,0,9,28,18,4,59,37,22,OKLAHOMA,OKLAHOMA,76.2,,69.9
158097,Tawee Walker,HB,0,,2026,349,66.3,76.4,85.5,58.9,60,03,0,1,0,17,22,22,1,62,39,23,WISCONSIN,WISCONSIN,77.3,,65
158120,Grayson Mains,C,0,,2027,306,51.4,80.3,31.9,,56.7,57,0,1,0,51,0,0,32,83,51,32,TEMPLE,TEMPLE,,,
158135,Jayden Maiava,QB,0,,2027,326,68.8,68.6,,,60,14,0,1,0,0,0,1,5,6,0,6,USC,USC,62.5,,63.3
158136,Noah McKinney,T,0,,2027,262,41.1,73.4,46.9,,38,77,0,1,0,13,0,0,8,21,13,8,OKLA STATE,OKLA STATE,,,
158155,Jamal Hailey,HB,0,,2029,347,62.6,65.5,,,,28,0,1,0,0,0,3,0,3,0,3,W MICHIGAN,W MICHIGAN,67.3,,61.9
158158,Trevor Shaw,C,0,,2027,347,60,65,,,60,67,0,1,0,0,0,0,1,1,0,1,W MICHIGAN,W MICHIGAN,,,
158166,Pofele Ashlock,WR,0,,2028,180,56.6,80.6,,56.3,61.9,05,0,1,0,0,34,0,23,57,34,23,HAWAII,HAWAII,64.1,,
158172,Dean Briski,T,1,,2028,180,51.5,69.9,,,50.3,52,2,1,0,0,0,0,7,7,0,7,HAWAII,HAWAII,,,
158184,Alex Perry,WR,0,,2027,180,52,79.6,,51.9,62,00,0,1,0,0,29,0,21,50,29,21,HAWAII,HAWAII,61,,
158188,Ethan Spencer,C,0,,2028,180,63.2,0,42.6,,70.5,57,1,1,0,22,0,0,20,42,22,20,HAWAII,HAWAII,,,
158190,Devon Tauaefa,WR,0,,2028,180,60.1,74.4,,56,66.7,87,0,1,0,0,5,0,11,16,5,11,HAWAII,HAWAII,,,
158194,Jordan Anderson,HB,0,,2027,187,60,65.2,13.9,,,23,0,1,0,2,0,0,0,2,2,0,ILLINOIS,ILLINOIS,,,
158195,Owen Anderson,TE,0,,2027,216,65.5,69.1,,59.5,66.3,87,0,1,0,0,1,0,5,6,1,5,UMASS,UMASS,61.9,,
158198,Hank Beatty,WR,0,2026,2026,187,59.5,75.8,62.1,57.2,61.1,80,0,1,0,1,24,1,10,36,25,11,ILLINOIS,ILLINOIS,64.3,,62.8
158199,Henry Boyer,TE,0,,2028,187,61.5,70.7,9.7,56.3,75.8,88,0,1,0,0,3,0,5,8,3,5,ILLINOIS,ILLINOIS,,,
158202,Zylon Crisler,G,0,,2026,187,55.7,74.7,53.6,,54.9,72,0,1,0,13,0,0,7,20,13,7,ILLINOIS,ILLINOIS,,,
158212,Aidan Laughery,HB,0,,2027,187,64.9,74.5,16.1,57.2,,21,0,1,0,5,16,12,0,33,21,12,ILLINOIS,ILLINOIS,74,,69.8
158219,Shawn Miller,WR,0,,2027,241,54.3,72.6,,54.8,60,14,0,1,0,0,8,0,5,13,8,5,NEW MEXICO,NEW MEXICO,,,
158224,Eian Pugh,WR,0,,2027,259,57.5,75.7,,57.1,59.9,12,0,1,0,0,6,0,19,25,6,19,OHIO,OHIO,61,,
158232,AJ Bianco,QB,0,,2027,239,68.3,74.2,,,60,10,0,1,27,0,0,4,3,34,27,7,NEVADA,NEVADA,70.1,65.9,65
158237,Josh Grabowski,G,0,,2026,239,51.8,77.4,50.3,59.2,49.7,54,0,1,0,22,1,0,22,45,23,22,NEVADA,NEVADA,,,
158248,Chris Smalley,TE,0,,2026,239,55.3,69.2,,57.9,57.3,45,0,1,0,0,2,0,5,7,2,5,NEVADA,NEVADA,,,
158249,Victor Snow,WR,0,,2027,126,66.7,77.3,,69.7,34.5,00,0,1,0,0,43,0,14,57,43,14,BUFFALO,BUFFALO,65.7,,
158252,Isaiah World,T,0,2026,2026,239,58,18.7,67.9,,57.4,70,3,1,0,45,0,0,24,69,45,24,NEVADA,NEVADA,,,
158272,Kevin Jennings,QB,0,,2027,287,32.8,77.3,,,60,07,0,1,31,0,0,10,36,77,31,46,SMU,SMU,16.4,36.2,44.9
158273,Rhett Larson,T,0,,2027,281,57.7,75.7,60.7,,56.2,70,0,1,0,17,0,0,23,40,17,23,SM HOUSTON,SM HOUSTON,,,
158290,LeQuint Allen,HB,0,2025,2025,304,63.9,77.6,78,61.9,60,01,0,1,0,15,31,16,3,65,46,19,SYRACUSE,SYRACUSE,75.6,,62.6
158295,Joe Cruz,G,0,,2027,304,60,63.5,,,60,78,0,1,0,0,0,0,1,1,0,1,SYRACUSE,SYRACUSE,,,
158307,Chad Schuster,G,0,,2027,347,54.5,73,37.6,58.9,55.9,76,0,1,0,3,1,0,14,18,4,14,W MICHIGAN,W MICHIGAN,,,
158317,Jack Endries,TE,0,2026,2026,130,69.3,79.4,72.7,70.7,55.9,87,0,1,0,7,36,0,24,67,43,24,CAL,CAL,66.2,,
158319,Ashton Hayes,HB,0,,2027,239,60,63.9,,,60,26,0,1,0,0,0,0,1,1,0,1,NEVADA,NEVADA,,,
158320,Jordan King,WR,0,,2027,130,61.4,75.3,,61,60.8,80,0,1,0,0,13,0,11,24,13,11,CAL,CAL,61,,
158323,Fernando Mendoza,QB,0,2026,2026,130,79.8,76.7,,,60,15,0,1,42,0,0,2,21,65,42,23,CAL,CAL,70,81.1,58.7
158325,Jaydn Ott,HB,0,2026,2026,130,64.6,75,79.7,85,60,01,0,1,0,7,13,11,1,32,20,12,CAL,CAL,73.7,,55.6
158327,Trent Ramsey,G,0,,2027,130,67.5,71,,,67.2,68,0,1,0,0,0,0,7,7,0,7,CAL,CAL,,,
158334,Sioape Vatikani,G,0,,2027,130,62.9,75.9,79.7,,60.5,71,0,1,0,11,0,0,14,25,11,14,CAL,CAL,,,
158336,Omari Arnold,HB,0,,2026,174,71.7,74.1,74.7,63.4,59.2,22,0,1,0,3,14,7,3,27,17,10,GA SOUTHRN,GA SOUTHRN,71.4,,72.9
158341,Dalen Cobb,WR,1,,2026,174,60.2,75.1,,63.1,31.2,01,1,1,0,0,27,0,6,33,27,6,GA SOUTHRN,GA SOUTHRN,66.7,,
158343,Josh Dallas,WR,0,,2027,174,80.7,74.2,,79.8,54.7,19,0,1,0,0,16,0,9,25,16,9,GA SOUTHRN,GA SOUTHRN,65,,
158348,Terrance Gibbs,HB,0,,2027,174,60,62.7,,,60,20,0,1,0,0,0,0,1,1,0,1,GA SOUTHRN,GA SOUTHRN,,,
158361,Marcus Sanders Jr.,WR,0,2026,2026,174,65,74.2,,68.2,42.5,05,0,1,0,0,11,0,10,21,11,10,GA SOUTHRN,GA SOUTHRN,62.9,,
158365,Chandler Strong,C,0,,2027,174,69,78.7,72.2,,66,57,1,1,0,38,0,0,16,54,38,16,GA SOUTHRN,GA SOUTHRN,,,
158368,Jet Thompson,WR,0,,2028,174,55,70.8,,55.6,59.9,24,0,1,0,0,4,0,5,9,4,5,GA SOUTHRN,GA SOUTHRN,,,
158371,Pichon Wimbley,G,0,,2026,174,55.1,79.6,80.6,,47.4,74,0,1,0,40,0,0,22,62,40,22,GA SOUTHRN,GA SOUTHRN,,,
158374,Germie Bernard,WR,0,2026,2026,103,73.7,78.5,,66.9,90.3,05,0,1,0,0,26,0,25,51,26,25,ALABAMA,ALABAMA,65.7,,
158379,Jay Coyne,FB,0,,2027,223,45.6,68.4,73.1,,38.2,44,0,1,0,1,0,0,3,4,1,3,MICH STATE,MICH STATE,,,
158382,Jaron Glover,WR,0,,2027,223,55.3,73.8,,56.2,55.9,04,0,1,0,0,5,0,13,18,5,13,MICH STATE,MICH STATE,,,
158386,Katin Houser,QB,0,,2027,156,74.8,19.5,,,60,04,1,1,31,0,0,1,26,58,31,27,E CAROLINA,E CAROLINA,28.9,76.5,59.6
158388,Ashton Lepo,T,1,,2027,223,45.8,16.4,34.3,,55,66,1,1,0,29,0,0,36,65,29,36,MICH STATE,MICH STATE,,,
158407,Alex Bauman,TE,0,,2026,319,50.6,76.9,39.7,66.6,44.2,87,0,1,0,5,8,0,31,44,13,31,TULANE,TULANE,61,,
158417,Makhi Hughes,HB,0,,2028,319,80.8,78.9,75.1,69,66.9,21,0,1,0,3,9,31,2,45,12,33,TULANE,TULANE,79.3,,76.4
158418,Shadre Hurst,G,0,,2027,319,62.7,79.6,60.6,,62,56,0,1,0,17,0,0,43,60,17,43,TULANE,TULANE,,,
158420,Keanon McNally,T,0,,2028,263,66.5,71.5,73.4,,64.7,77,0,1,0,2,0,0,13,15,2,13,DOMINION,DOMINION,,,
158433,Thomas Castellanos,QB,0,,2027,121,57.7,76.9,,,60,01,0,1,35,0,0,8,26,69,35,34,BOSTON COL,BOSTON COL,72,62.5,52.9
158436,Tyler Griffin,WR,0,,2027,209,55.2,76.2,,54.8,59.6,00,0,1,0,0,7,0,16,23,7,16,LA MONROE,LA MONROE,,,
158445,Caden Kitler,C,0,,2027,323,67.8,79.2,62.1,,66.9,52,0,1,0,37,0,0,22,59,37,22,UCF,UCF,,,
158460,Cooper Lovelace,G,0,,2027,256,65.5,79,51.9,,68.2,70,0,1,0,30,0,0,22,52,30,22,NWESTERN,NWESTERN,,,
158463,Kilian O'Connor,C,0,,2027,326,54.6,71,,,54.1,67,0,1,0,0,0,0,6,6,0,6,USC,USC,,,
158471,CJ Williams,WR,0,2026,2026,349,51.7,79.5,,51.7,61.5,04,0,1,0,0,33,0,15,48,33,15,WISCONSIN,WISCONSIN,62.9,,
158475,Luca Caldarella,TE,0,,2026,328,53.9,72.3,,54.6,60,19,0,1,0,0,9,0,2,11,9,2,UTAH,UTAH,,,
158484,Jaylon Glover,HB,0,,2028,328,71.5,71.1,,57,,01,0,1,0,0,4,4,0,8,4,4,UTAH,UTAH,68.6,,71.1
158489,Nate Johnson,QB,0,,2027,333,45,67.4,,,60,08,0,1,2,0,0,1,1,4,2,2,VANDERBILT,VANDERBILT,64.4,32.8,63.1
158496,Sidney Mbanasor,WR,0,,2027,319,60,67.9,,,60,11,0,1,0,0,0,0,3,3,0,3,TULANE,TULANE,,,
158503,Brandon Rose,QB,0,,2027,328,45.4,73.3,,,60,08,0,1,15,0,0,3,7,25,15,10,UTAH,UTAH,68.8,40.5,64
158515,Jonny Lester,T,0,,2027,341,59.6,68,,,59.1,67,0,1,0,0,0,0,4,4,0,4,WASH STATE,WASH STATE,,,
158516,John Mateer,QB,0,,2027,341,60.9,25,,89.2,60,10,1,1,38,0,1,14,18,71,39,32,WASH STATE,WASH STATE,74.1,49.9,69.1
158532,Darrius Clemons,WR,0,,2027,265,44.2,71.5,,46.2,60,01,0,1,0,0,10,0,1,11,10,1,OREGON ST,OREGON ST,,,
158540,Colston Loveland,TE,0,2025,2025,222,74.4,75.7,,75.5,55.8,18,0,1,0,0,22,0,20,42,22,20,MICHIGAN,MICHIGAN,66.7,,
158544,Tyler Morris,WR,0,,2027,222,63.1,76.5,,63.1,58.2,08,0,1,0,0,17,0,21,38,17,21,MICHIGAN,MICHIGAN,65.3,,
158545,Alex Orji,QB,0,,2028,222,86.2,70.6,,,60,10,0,1,0,0,0,6,4,10,0,10,MICHIGAN,MICHIGAN,70.5,,76.3
158562,George Maile,G,0,,2027,329,51.5,0,80.5,,52.3,72,1,1,0,21,0,0,8,29,21,8,UTAH ST,UTAH ST,,,
158567,Coleton Price,C,0,,2028,118,77.6,79.2,82.9,,72.1,72,0,1,0,26,0,0,36,62,26,36,BAYLOR,BAYLOR,,,
158568,Richard Reese,HB,0,,2026,118,74.7,70.4,70,60,60,29,0,1,0,1,1,6,1,9,2,7,BAYLOR,BAYLOR,70.5,,71.7
158574,Armani Winfield,WR,0,,2027,144,70.1,75.4,,69.6,60.3,01,0,1,0,0,17,0,19,36,17,19,COLO STATE,COLO STATE,64.1,,
158582,Alex Heininger,C,0,,2027,126,59.5,69.4,,,59.4,67,0,1,0,0,0,0,4,4,0,4,BUFFALO,BUFFALO,,,
158592,Martin Koivisto,G,0,,2027,134,51.1,0,61.6,,53.4,76,2,1,0,23,0,0,31,54,23,31,C MICHIGAN,C MICHIGAN,,,
158599,Brady Ploucha,G,0,,2027,134,59.5,78.2,61.6,,58.3,59,0,1,0,23,0,0,31,54,23,31,C MICHIGAN,C MICHIGAN,,,
158600,Jesse Prewitt III,WR,0,,2025,134,54.6,75.4,,54.2,60.9,17,0,1,0,0,18,0,18,36,18,18,C MICHIGAN,C MICHIGAN,61,,
158615,Cam Edwards,HB,0,,2027,146,50.8,76.7,18.3,53.9,44.5,00,0,1,0,3,13,8,4,28,16,12,UCONN,UCONN,71.9,,55.9
158632,Dayne Shor,T,0,,2028,102,54.5,70.6,81.1,,48.3,75,0,1,0,5,0,0,4,9,5,4,AKRON,AKRON,,,
158638,Brady Wayburn,G,0,,2027,146,65,79.1,52.4,,66.1,66,0,1,0,33,0,0,37,70,33,37,UCONN,UCONN,,,
158645,Kam Dewberry,G,0,2026,2026,312,43.6,77.2,13.6,,46.4,75,0,1,0,9,0,0,25,34,9,25,TEXAS A&M,TEXAS A&M,,,
158646,AJ DiNota,HB,0,,2026,312,60,69.2,,,60,41,0,1,0,0,0,0,3,3,0,3,TEXAS A&M,TEXAS A&M,,,
158655,Jake Johnson,TE,0,,2028,245,56.3,77.3,69.7,56.2,57,19,0,1,0,2,4,0,23,29,6,23,N CAROLINA,N CAROLINA,,,
158659,Chris Marshall,WR,0,,2027,120,55.6,70.2,,56.5,60,05,0,1,0,0,5,0,1,6,5,1,BOISE ST,BOISE ST,,,
158662,Theo Melin Ohrstrom,TE,0,,2027,312,56.3,74.5,,53.9,59.5,17,0,1,0,0,9,0,28,37,9,28,TEXAS A&M,TEXAS A&M,,,
158664,Le'Veon Moss,HB,0,2026,2026,312,56.9,75.5,32.3,25.1,58.9,08,0,1,0,2,15,14,7,38,17,21,TEXAS A&M,TEXAS A&M,28,,74.6
158674,Evan Stewart,WR,0,,2027,264,54.2,77.2,,56,45.6,07,0,1,0,0,26,0,19,45,26,19,OREGON,OREGON,61,,
158678,Noah Thomas,WR,0,2026,2026,312,58.1,78.4,,57.1,63.2,03,0,1,0,0,25,0,38,63,25,38,TEXAS A&M,TEXAS A&M,61,,
158683,Conner Weigman,QB,0,,2027,312,41.1,75.3,,,60,15,0,1,24,0,0,0,20,44,24,20,TEXAS A&M,TEXAS A&M,67.6,41.9,53.1
158685,PJ Williams,T,0,,2027,287,66.5,77.4,63,,65,59,1,1,0,31,0,0,46,77,31,46,SMU,SMU,,,
158687,Vinny Anthony II,WR,0,2026,2026,349,64,77.8,,62,75.1,08,0,1,0,0,43,0,25,68,43,25,WISCONSIN,WISCONSIN,67.4,,
158690,Joe Brunner,G,0,,2027,349,53.3,80.1,60.4,,48.7,56,0,1,0,44,0,0,26,70,44,26,WISCONSIN,WISCONSIN,,,
158693,Drew Evans,G,0,,2027,190,70.4,80.2,83.8,,68.2,62,0,1,0,20,0,0,52,72,20,52,INDIANA,INDIANA,,,
158704,Tommy McIntosh,WR,0,,2028,134,56.6,73.7,,57,59.7,82,0,1,0,0,8,0,5,13,8,5,C MICHIGAN,C MICHIGAN,61,,
158712,Cade Yacamelli,HB,0,,2027,349,60,60,,,60,25,0,1,0,0,0,0,1,1,0,1,WISCONSIN,WISCONSIN,61.9,,
158714,Keyan Burnett,TE,0,,2028,109,56.5,72.8,67.4,56.7,54.8,88,0,1,0,1,8,0,4,13,9,4,ARIZONA,ARIZONA,62.9,,
158717,Jonah Coleman,HB,0,2026,2026,340,77.2,76.6,76.5,57,58.2,01,0,1,0,5,14,19,3,41,19,22,WASHINGTON,WASHINGTON,76.5,,77.8
158722,Noah Fifita,QB,0,,2027,109,82.4,76.5,,58.4,60,11,1,1,40,0,2,0,20,62,42,20,ARIZONA,ARIZONA,69.2,81.4,67.2
158735,Tetairoa McMillan,WR,0,2025,2025,109,89.7,78.2,,88.7,62.2,04,0,1,2,0,37,0,19,58,39,19,ARIZONA,ARIZONA,68.1,62.6,
158736,Wendell Moe Jr.,G,0,,2027,109,62,78.7,79.5,,56.1,72,0,1,0,42,0,0,20,62,42,20,ARIZONA,ARIZONA,,,
158742,Jonah Savaiinaea,T,0,2025,2025,109,71.1,76.9,70.1,,69.6,71,0,1,0,42,0,0,20,62,42,20,ARIZONA,ARIZONA,,,
158762,Jacquon Gibson,WR,0,,2027,216,61.9,74.7,,61.5,60.8,02,0,1,0,0,13,0,14,27,13,14,UMASS,UMASS,61,,
158763,T.Y. Harding,WR,0,,2028,216,76,73.9,,74.9,59.8,10,0,1,0,0,11,0,10,21,11,10,UMASS,UMASS,70.3,,
158777,Drew Azzopardi,T,0,,2027,340,52.5,76.1,73.7,,44.6,74,0,1,0,33,0,0,25,58,33,25,WASHINGTON,WASHINGTON,,,
158785,Ryan Dirksen,T,0,,2027,284,60,63,,,60,75,0,1,0,0,0,0,1,1,0,1,S DIEGO ST,S DIEGO ST,,,
158794,Chris Johnson,CB,0,2026,2026,284,60,64.9,63.8,,,D01,0,1,0,1,0,0,0,1,1,0,S DIEGO ST,S DIEGO ST,,,
158810,Trey White,ED,1,,2027,284,60,60,63.8,,,D47,1,1,0,1,0,0,0,1,1,0,S DIEGO ST,S DIEGO ST,,,
158822,Deandre Marshall,G,0,,2027,331,58.2,75.9,53.2,,58.1,70,0,1,0,14,0,0,13,27,14,13,UTSA,UTSA,,,
158827,Ben Rios,G,0,,2027,331,59.6,22.4,56.7,,62.7,57,1,1,0,58,0,0,38,96,58,38,UTSA,UTSA,,,
158831,Houston Thomas,TE,0,,2027,331,73.5,80.3,,76,52.1,88,1,1,0,0,45,0,23,68,45,23,UTSA,UTSA,66.2,,
158833,Jace Wilson,WR,0,,2028,331,61.3,74.9,,60.9,60.8,10,0,1,0,0,14,0,9,23,14,9,UTSA,UTSA,61,,
159070,Peseti Lapuaho,T,0,,2026,285,49.7,77.1,32.4,,63.3,79,1,1,0,59,0,0,15,74,59,15,S JOSE ST,S JOSE ST,,,
159085,TreyShun Hurry,WR,0,,2027,285,66.4,76.2,,65.9,59.6,02,0,1,0,0,34,0,9,43,34,9,S JOSE ST,S JOSE ST,64.1,,
159429,Dalesean Staley,S,0,,2028,284,60,60,63.8,,,D09,1,1,0,1,0,0,0,1,1,0,S DIEGO ST,S DIEGO ST,,,
159480,Makai Jackson,WR,0,,2027,108,67.4,78.6,,67.3,63,15,0,1,0,0,31,1,32,64,31,33,APP STATE,APP STATE,67.3,,59.6
159499,Elijah Sarratt,WR,0,2026,2026,190,58.2,77.5,,57.1,62.5,13,0,1,0,0,19,0,44,63,19,44,INDIANA,INDIANA,61,,
159603,Justin Bowick,WR,0,,2027,117,57.1,78.3,,57.2,57.4,02,0,1,0,0,34,0,24,58,34,24,BALL ST,BALL ST,64.1,,
159604,Cam Thompson,WR,0,,2027,254,69.5,78.2,,67.8,76.6,00,0,1,0,0,40,0,14,54,40,14,N ILLINOIS,N ILLINOIS,68.3,,
159936,Desmond Reid,HB,0,2026,2026,268,61.2,74.4,,53.2,57.7,00,0,1,0,0,15,11,4,30,15,15,PITTSBURGH,PITTSBURGH,75.7,,63.7
160062,McKenzie Agnello,C,0,,2027,241,77.9,80.7,74.3,,74.9,66,0,1,0,47,0,0,34,81,47,34,NEW MEXICO,NEW MEXICO,,,
160110,Andrew Armstrong,WR,0,2025,2025,111,65.9,78.8,,66,57.3,02,0,1,0,0,33,0,22,55,33,22,ARKANSAS,ARKANSAS,65,,
160282,James Dawn II,G,0,,2026,281,69.6,78.9,83.3,,67.4,71,0,1,0,26,0,0,40,66,26,40,SM HOUSTON,SM HOUSTON,,,
160284,Orion Irving,T,0,,2028,281,68.9,74.5,77.5,,65.5,78,0,1,0,11,0,0,26,37,11,26,SM HOUSTON,SM HOUSTON,,,
160288,Jyziah Rockwell,WR,0,,2028,281,57.6,72.4,,59.3,54.3,14,0,1,0,0,3,0,6,9,3,6,SM HOUSTON,SM HOUSTON,61,,
160363,Qua Ashley,HB,0,,2027,200,70.6,77.5,71,57.6,58.6,30,0,1,0,2,14,12,8,36,16,20,KENNESAW,KENNESAW,74.2,,73.5
160369,Davis Bryson,QB,0,,2027,200,90.8,76.7,,,60,09,1,1,24,0,0,7,33,64,24,40,KENNESAW,KENNESAW,70.9,91.8,61.7
160382,Carson Kent,TE,0,,2027,200,40.7,77.4,67.3,48.6,43.2,86,0,1,0,1,22,0,35,58,23,35,KENNESAW,KENNESAW,,,
160756,Kevin Coleman Jr.,WR,0,2026,2026,227,66.5,77.4,,66.2,60.4,03,0,1,0,0,38,0,29,67,38,29,MISS STATE,MISS STATE,68.7,,
160766,Travis Hunter,CB,0,2025,2025,143,87.9,78.7,,86.9,63.4,12,0,1,0,0,35,0,35,70,35,35,COLORADO,COLORADO,67.5,,
160817,Tre Stewart,HB,0,2025,2025,196,79.5,75.7,72.1,54.5,63.8,28,0,1,0,2,15,21,18,56,17,39,JVILLE ST,JVILLE ST,77,,80.9
161339,Rahkeem Smith,WR,0,,2027,122,90.6,72.7,,82.6,,16,0,1,0,0,11,2,0,13,11,2,BOWL GREEN,BOWL GREEN,68.7,,75
161679,Justin Pegues,HB,0,,2026,122,58.2,67.3,,56.2,,20,0,1,0,0,4,0,0,4,4,0,BOWL GREEN,BOWL GREEN,69.7,,
162162,Brayden Bryant,C,0,,2025,284,60.8,4.9,81.8,,57.8,55,1,1,0,51,0,0,21,72,51,21,S DIEGO ST,S DIEGO ST,,,
162437,Damien Martinez,HB,0,2025,2025,220,83.8,74.2,79.8,71,,06,0,1,0,9,13,15,0,37,22,15,MIAMI FL,MIAMI FL,75.2,,80.8
162439,Jack Velling,TE,0,2026,2026,223,69.3,79.5,52.2,65.2,70.6,12,0,1,0,3,25,0,31,59,28,31,MICH STATE,MICH STATE,65,,
162446,Luka Vincic,C,0,,2027,265,62.9,75.3,86.1,,58.7,63,0,1,0,13,0,0,11,24,13,11,OREGON ST,OREGON ST,,,
162467,Carsen Ryan,TE,0,2026,2026,328,51.2,74.1,69,53.9,52,85,0,1,0,2,9,0,13,24,11,13,UTAH,UTAH,61,,
162473,Flavio Gonzalez,G,0,,2026,265,60,76.3,66.4,,57.7,77,0,1,0,20,0,0,12,32,20,12,OREGON ST,OREGON ST,,,
162481,Denzel Boston,WR,0,2026,2026,340,64.8,77.3,,64.5,60.2,12,0,1,0,0,33,0,23,56,33,23,WASHINGTON,WASHINGTON,70.5,,
162482,Parker Brailsford,C,0,2026,2026,103,62.2,0,83.8,,60.8,72,1,1,0,31,0,0,28,59,31,28,ALABAMA,ALABAMA,,,
162499,Jake Parnagian,WR,0,,2027,169,58.3,70.8,,59.3,60.5,25,0,1,0,0,1,0,5,6,1,5,FRESNO ST,FRESNO ST,,,
162512,Karson Jones,G,0,,2028,156,58.1,69.9,,,57.5,73,0,1,0,0,0,0,8,8,0,8,E CAROLINA,E CAROLINA,,,
162521,JC French IV,QB,0,,2027,174,60.4,75.5,,,60,12,0,1,32,0,0,3,11,46,32,14,GA SOUTHRN,GA SOUTHRN,29.9,58.9,62
162523,Jamari Hawkins,WR,0,,2027,218,60,64.1,,,60,19,0,1,0,0,0,0,1,1,0,1,MEMPHIS,MEMPHIS,,,
162541,Brandon Chatman,HB,0,,2026,237,57.8,76.1,66.8,57.4,56.6,24,0,1,0,1,13,0,28,42,14,28,NAVY,NAVY,61,,
162543,Greyson Crawford,G,0,,2026,237,65.9,68.8,,,66.1,72,0,1,0,0,0,0,3,3,0,3,NAVY,NAVY,,,
162554,Eli Heidenreich,FB,0,2026,2026,237,71.3,76.9,0,56.9,66.1,22,0,1,0,1,12,12,20,45,13,32,NAVY,NAVY,74.9,,75.7
162555,Blake Horvath,QB,0,,2026,237,43.8,76.2,,30.3,60,11,0,1,17,0,1,15,24,57,18,39,NAVY,NAVY,15.2,38.6,60.7
162556,Cody Howard,T,0,,2026,237,55.6,75.1,78.7,54,57.1,83,0,1,0,2,7,0,20,29,9,20,NAVY,NAVY,,,
162558,Nathan Kent,WR,0,,2026,237,58,0,,62.7,56.6,82,1,1,0,0,12,0,12,24,12,12,NAVY,NAVY,61,,
162577,Ben Purvis,G,0,,2026,237,65.7,79.3,76,,64,64,0,1,0,18,0,0,39,57,18,39,NAVY,NAVY,,,
162579,Shane Reynolds,FB,0,,2026,237,69.1,69.6,,60,66.6,37,0,1,0,0,1,1,7,9,1,8,NAVY,NAVY,62.5,,63.5
162587,Alex Tecza,FB,0,2026,2026,237,56.8,77.3,76.4,78.3,64.8,46,0,1,0,6,4,10,16,36,10,26,NAVY,NAVY,73.2,,51.8
162617,Reese Clark,TE,0,,2026,306,55.3,69.3,,56.3,59.9,87,0,1,0,0,5,0,1,6,5,1,TEMPLE,TEMPLE,,,
162622,Jackson Pruitt,G,0,,2027,306,60,67.5,70.3,,60,54,0,1,0,1,0,0,1,2,1,1,TEMPLE,TEMPLE,,,
162634,Connor Vaughn,TE,0,,2027,320,53,72.3,68.7,54.4,55.1,82,0,1,0,1,6,0,8,15,7,8,TULSA,TULSA,,,
162635,Devan Williams,WR,0,,2028,182,56.6,77,,55.6,62.3,08,1,1,0,0,11,0,25,36,11,25,HOUSTON,HOUSTON,61,,
162642,Marlon Gunn Jr.,HB,0,,2026,156,68,71.5,71,60,60,21,0,1,0,1,1,8,3,13,2,11,E CAROLINA,E CAROLINA,71.9,,66.6
162652,Emmanuel Kojo Poku,G,0,,2027,156,56,78.5,67.2,,52.8,60,0,1,0,30,0,0,27,57,30,27,E CAROLINA,E CAROLINA,,,
162694,Matt Craycraft,C,0,,2027,154,56.4,10.5,53.9,,60.6,72,1,1,0,53,0,0,27,80,53,27,DUKE,DUKE,,,
162699,Brian Parker II,T,0,2026,2026,154,62.5,77.3,61.4,,61,53,0,1,0,53,0,0,27,80,53,27,DUKE,DUKE,,,
162702,Jake Taylor,TE,0,,2027,154,42.2,78.7,31.9,55.4,34.5,15,0,1,0,12,30,0,13,55,42,13,DUKE,DUKE,61,,
162732,Anez Cooper,G,0,2026,2026,220,63.5,79.7,73.6,,60.2,73,1,1,0,51,0,0,32,83,51,32,MIAMI FL,MIAMI FL,,,
162735,Isaiah Horton,WR,0,,2027,220,60.7,77.3,,60.6,58.2,02,1,1,0,0,39,0,21,60,39,21,MIAMI FL,MIAMI FL,66.7,,
162736,Matthew McCoy,G,0,,2027,220,57.4,79.3,54.1,,56.3,78,0,1,0,38,0,0,19,57,38,19,MIAMI FL,MIAMI FL,,,
162748,Andre Greene Jr.,WR,0,,2027,335,52.7,76.9,,52.7,59.9,02,0,1,0,0,25,0,13,38,25,13,VIRGINIA,VIRGINIA,,,
162750,Omarion Hampton,HB,0,2025,2025,245,74.7,78,81.4,71.7,60,28,0,1,0,8,24,26,2,60,32,28,N CAROLINA,N CAROLINA,78.2,,72.6
162760,Deems May,T,0,,2027,245,60,67.1,,,59.7,88,0,1,0,0,0,0,2,2,0,2,N CAROLINA,N CAROLINA,,,
162771,Isaiah Montgomery,T,0,,2027,268,60.2,68.6,75.4,,60,72,0,1,0,4,0,0,1,5,4,1,PITTSBURGH,PITTSBURGH,,,
162773,Che Nwabuko,HB,0,,2026,268,54.2,67.8,19.8,57.4,,21,0,1,0,1,3,1,0,5,4,1,PITTSBURGH,PITTSBURGH,62.5,,58.2
162790,Coltin Deery,G,0,,2026,305,67.8,79.7,65.8,,68.3,51,0,1,0,40,0,0,23,63,40,23,TCU,TCU,,,
162793,Leon Haughton Jr.,TE,0,,2027,215,57.6,70.7,,56.6,60,16,0,1,0,0,2,0,2,4,2,2,MARYLAND,MARYLAND,,,
162794,Preston Howard,TE,0,,2027,215,62.3,76.5,70.8,58.2,68.9,85,0,1,0,4,23,0,16,43,27,16,MARYLAND,MARYLAND,62.9,,
162798,Shaleak Knotts,WR,0,2026,2026,215,77,74.9,,75.3,61.1,04,0,1,0,0,15,0,7,22,15,7,MARYLAND,MARYLAND,62.9,,
162799,Eli Mason,HB,0,,2027,215,59.3,66.8,,60,60,27,0,1,0,0,1,0,1,2,1,1,MARYLAND,MARYLAND,,,
162805,Octavian Smith Jr.,WR,0,2026,2026,215,56.4,77,,56.3,60.7,05,0,1,0,0,43,0,16,59,43,16,MARYLAND,MARYLAND,66,,
162815,Andrew Gentry,T,0,,2027,222,70.6,71.5,77.9,,67.7,75,0,1,0,8,0,0,7,15,8,7,MICHIGAN,MICHIGAN,,,
162818,Marlin Klein,TE,0,2026,2026,222,71.7,71.6,77.4,59.1,71.9,17,0,1,0,2,1,0,10,13,3,10,MICHIGAN,MICHIGAN,,,
162843,Joseph Himon II,HB,0,,2027,256,60.8,73.2,56.5,63.9,60,06,0,1,0,5,12,5,1,23,17,6,NWESTERN,NWESTERN,70.1,,59.5
162845,Jack Lausch,QB,0,,2028,256,43.9,74.9,,,60,12,0,1,21,0,0,1,18,40,21,19,NWESTERN,NWESTERN,67.9,40.1,63
162865,Dallan Hayden,HB,0,,2027,143,66.4,74.9,79,60.4,60,07,0,1,0,5,17,11,1,34,22,12,COLORADO,COLORADO,73.6,,66.4
162892,Malachi Preciado,C,0,,2027,288,66.2,80.2,76.3,,62.5,55,0,1,0,32,0,0,48,80,32,48,S ALABAMA,S ALABAMA,,,
162921,Taj White,G,0,,2027,278,53.1,80.6,23.8,,60.1,63,0,1,0,52,0,0,29,81,52,29,RUTGERS,RUTGERS,,,
162943,Phillip Houston,T,0,,2027,143,74.1,76.9,82.4,,68.1,54,0,1,0,36,0,0,37,73,36,37,COLORADO,COLORADO,,,
162946,JaDarious Lee,T,1,,2027,166,36,76.1,0,,49.9,56,1,1,0,26,0,0,31,57,26,31,FIU,FIU,,,
162959,Nate Jones,WR,0,,2025,208,50.2,74.8,61,55.6,42.3,17,0,1,0,1,9,0,1,11,10,1,LA TECH,LA TECH,61.9,,
162960,John Locke Jr.,TE,0,,2027,208,60,66,,,60,87,0,1,0,0,0,0,3,3,0,3,LA TECH,LA TECH,,,
162981,Morgan Scott,T,0,,2027,224,61.4,0,77.6,,62,72,1,1,0,42,0,0,17,59,42,17,MIDDLE TN,MIDDLE TN,,,
162988,Micah Barnett,TE,0,,2026,275,74.8,74.5,69.8,,72.3,49,0,1,0,2,0,0,18,20,2,18,RICE,RICE,,,
162989,Brad Baur,T,0,,2027,275,60,66.4,,,60,74,0,1,0,0,0,0,2,2,0,2,RICE,RICE,,,
163001,Quinton Jackson,HB,0,,2027,275,74.8,72.4,77.1,57.2,,10,0,1,0,3,4,6,0,13,7,6,RICE,RICE,71.2,,73.3
163002,Weston Kropp,G,0,,2027,275,60,65.1,,,60,79,0,1,0,0,0,0,1,1,0,1,RICE,RICE,,,
163004,Trace Norfleet,G,0,,2027,275,53,79,40.6,,53.4,61,0,1,0,36,0,0,29,65,36,29,RICE,RICE,,,
163008,Braylen Walker,WR,0,,2027,275,53.9,75.9,,53.6,61.3,81,0,1,0,0,16,0,15,31,16,15,RICE,RICE,,,
163012,Taven Curry,HB,0,,2027,209,55.1,68.7,74.8,59.8,,18,0,1,0,2,1,3,0,6,3,3,LA MONROE,LA MONROE,67.3,,55.3
163067,Keylen Davis,G,0,,2027,102,67.9,78.5,79.9,,65.3,56,0,1,0,30,0,0,26,56,30,26,AKRON,AKRON,,,
163085,Chris Hood,T,0,,2027,117,74.3,77.7,81.5,,68.6,66,0,1,0,35,0,0,41,76,35,41,BALL ST,BALL ST,,,
163093,Cam Pickett,WR,0,,2027,117,61.9,77.2,,52.5,60.6,07,0,1,0,0,17,3,22,42,17,25,BALL ST,BALL ST,67.3,,73.5
163098,Taran Tyo,T,0,,2027,117,64,77.2,87.9,,53.8,77,0,1,0,35,0,0,41,76,35,41,BALL ST,BALL ST,,,
163104,Harold Fannin Jr.,TE,0,2025,2025,122,71.7,0,,70.7,68.9,00,1,1,0,0,29,2,26,57,29,28,BOWL GREEN,BOWL GREEN,68.5,,67.4
163108,Trey Johnson,WR,0,,2028,122,56,75,,55.8,60.7,17,0,1,0,0,8,0,13,21,8,13,BOWL GREEN,BOWL GREEN,61,,
163121,DeCorion Temple,TE,0,,2028,134,32,73.3,29.9,50.9,38.6,88,0,1,0,1,7,0,16,24,8,16,C MICHIGAN,C MICHIGAN,,,
163138,Garrett Masterson,T,0,,2027,201,37.6,75.8,0,,51.9,76,0,1,0,12,0,0,10,22,12,10,KENT STATE,KENT STATE,,,
163139,Chrishon McCray,WR,0,,2027,201,59.5,78.1,,61.9,57,02,0,1,1,0,30,0,19,50,31,19,KENT STATE,KENT STATE,64.6,50.1,
163141,Dustyn Morell,G,0,,2027,201,53.9,79.7,64.3,,49.4,57,0,1,0,38,0,0,28,66,38,28,KENT STATE,KENT STATE,,,
163150,Tommy Ulatowski,QB,0,,2027,201,52.8,76.9,,50,60.2,14,1,1,36,0,2,1,27,66,38,28,KENT STATE,KENT STATE,69.1,50,62.7
163154,Eric Holley III,WR,0,,2026,316,54.3,0,,56.4,62.3,81,1,1,0,0,33,0,11,44,33,11,TOLEDO,TOLEDO,64.1,,
163156,Junior Vandeross III,WR,0,,2026,316,75.1,78.5,,73.5,60.3,02,0,1,0,0,45,1,15,61,45,16,TOLEDO,TOLEDO,69,,63.1
163158,Jalen Buckley,HB,0,,2027,347,71.7,73.2,,54.5,,06,0,1,0,0,8,12,0,20,8,12,W MICHIGAN,W MICHIGAN,74,,72.7
163161,Will Gerig,TE,0,,2027,347,60,63.5,,,60,42,0,1,0,0,0,0,1,1,0,1,W MICHIGAN,W MICHIGAN,,,
163162,Mark Konecny,QB,0,,2031,347,60,63.6,,,60,16,0,1,0,0,0,0,1,1,0,1,W MICHIGAN,W MICHIGAN,,,
163251,Parker Kingston,WR,0,,2027,128,72.8,74.5,,65.8,78.1,11,0,1,0,0,9,1,13,23,9,14,BYU,BYU,72.3,,63.1
163256,Bodie Schoonover,ED,0,,2027,128,60,60,,,60,D48,0,1,0,0,0,0,1,1,0,1,BYU,BYU,,,
163273,Jacob Newell,TE,0,,2028,102,49.7,0,65.3,48.6,63.7,88,1,1,0,1,23,0,26,50,24,26,AKRON,AKRON,,,
163282,Luke Eckardt,T,0,,2026,281,47.3,74,80.3,,42.7,56,0,1,0,10,0,0,18,28,10,18,SM HOUSTON,SM HOUSTON,,,
163291,Josh Conerly Jr.,T,0,2025,2025,264,82.4,76.6,86,,77.6,76,0,1,0,27,0,0,30,57,27,30,OREGON,OREGON,,,
163295,Jordan James,HB,0,2025,2025,264,75.3,75.2,,68.8,60,20,0,1,0,0,11,15,1,27,11,16,OREGON,OREGON,75.2,,73.5
163302,Kawika Rogers,G,0,,2027,264,58.6,71.2,71.3,,58,73,0,1,0,1,0,0,5,6,1,5,OREGON,OREGON,,,
163326,Aaron Karas,T,0,,2027,144,77.6,76,78.2,,73.7,78,0,1,0,23,0,0,34,57,23,34,COLO STATE,COLO STATE,,,
163334,Justus Ross-Simmons,WR,0,,2027,304,52,75.6,,52.5,60,12,0,1,0,0,24,0,2,26,24,2,SYRACUSE,SYRACUSE,,,
163379,Maddux Madsen,QB,0,,2027,120,69.7,77.4,,,60,04,0,1,37,0,0,4,36,77,37,40,BOISE ST,BOISE ST,70.6,60.8,80
163385,Rick Moore,G,0,,2026,263,58.7,68.6,,,58.3,70,0,1,0,0,0,0,5,5,0,5,DOMINION,DOMINION,,,
163388,Hall Schmidt,T,0,,2028,120,54.6,77.2,69.5,,47.9,65,1,1,0,37,0,0,40,77,37,40,BOISE ST,BOISE ST,,,
163393,Nathan Acevedo,WR,0,,2028,169,53.4,74,,55.8,42.7,85,1,1,0,0,13,0,7,20,13,7,FRESNO ST,FRESNO ST,62.9,,
163408,Jalen Moss,WR,0,,2027,169,68.7,77.9,,68.1,60.2,18,0,1,0,0,38,0,16,54,38,16,FRESNO ST,FRESNO ST,72.9,,
163416,Daniel Taumalolo,G,0,,2025,169,78.4,77.9,82.4,,73,63,0,1,0,49,0,0,33,82,49,33,FRESNO ST,FRESNO ST,,,
163421,Joshua Wood,QB,0,,2028,169,78.3,68.6,,,60,03,0,1,1,0,0,3,2,6,1,5,FRESNO ST,FRESNO ST,67.5,61,70.9
163424,Teague Andersen,T,0,,2027,329,60.7,75.9,66.5,,57.5,54,0,1,0,32,0,0,23,55,32,23,UTAH ST,UTAH ST,,,
163529,Ahmarian Granger,WR,0,,2026,102,62.4,74.5,,62,60.3,14,0,1,0,0,17,0,9,26,17,9,AKRON,AKRON,65,,
163534,Peter Kikwata,WR,0,,2026,175,60,63.9,,,60,00,0,1,0,0,0,0,1,1,0,1,GA STATE,GA STATE,,,
163544,Maarten Woudsma,G,0,,2027,263,44.8,79.9,16.3,,48.5,55,1,1,0,32,0,0,35,67,32,35,DOMINION,DOMINION,,,
163554,Kyron Barnes,G,0,,2027,296,46.3,0,56.5,,50.6,64,1,1,0,15,0,0,13,28,15,13,SO MISS,SO MISS,,,
163558,Davis Dalton,WR,0,,2027,296,58.4,77.4,,58.5,57.6,11,0,1,0,0,26,0,23,49,26,23,SO MISS,SO MISS,61,,
163561,Jack Jackson,WR,0,,2026,296,58.2,65.9,,59.5,60,84,0,1,0,0,1,0,1,2,1,1,SO MISS,SO MISS,,,
163565,Ty Mims,WR,0,,2027,296,50.2,77.4,,48,59.6,01,0,1,0,0,44,1,27,72,44,28,SO MISS,SO MISS,73.2,,63.3
163576,Fabian Rogosch,TE,0,,2027,318,56.9,69.1,67.1,55.8,59.1,85,0,1,0,2,2,0,3,7,4,3,TROY,TROY,,,
163595,Emmanuel Henderson Jr.,WR,0,2026,2026,103,66.4,73.3,,72.9,43.5,03,0,1,0,0,7,0,11,18,7,11,ALABAMA,ALABAMA,63.6,,
163600,Danny Lewis Jr.,TE,0,,2027,103,84.8,68.8,,56.6,81,87,0,1,0,0,2,0,7,9,2,7,ALABAMA,ALABAMA,,,
163606,Amari Niblack,TE,0,,2026,311,71.8,74.1,,71.7,63.8,08,1,1,0,0,7,0,4,11,7,4,TEXAS,TEXAS,62.9,,
163609,Kobe Prentice,WR,0,2026,2026,103,44.4,71.7,,46.1,60.5,06,0,1,0,0,7,0,5,12,7,5,ALABAMA,ALABAMA,,,
163611,Elijah Pritchett,T,0,,2028,103,62.4,75.4,57.3,,62.6,57,0,1,0,26,0,0,22,48,26,22,ALABAMA,ALABAMA,,,
163628,Brooks Edmonson,G,0,,2027,111,67.4,71.7,,,67,73,0,1,0,0,0,0,7,7,0,7,ARKANSAS,ARKANSAS,,,
163635,Patrick Kutas,G,0,,2027,111,68.1,78.5,85.6,,64.5,75,0,1,0,27,0,0,19,46,27,19,ARKANSAS,ARKANSAS,,,
163642,Isaiah Sategna III,WR,0,,2027,111,55.5,76.8,,52.9,79.8,06,0,1,0,0,26,0,9,35,26,9,ARKANSAS,ARKANSAS,62.9,,
163653,Preston Cushman,T,0,,2027,226,60,64.1,,,59.9,55,0,1,0,0,0,0,1,1,0,1,OLE MISS,OLE MISS,,,
163659,Kyirin Heath,TE,1,,2026,296,55.2,76.1,68.8,53.1,60.9,85,1,1,0,2,16,0,17,35,18,17,SO MISS,SO MISS,61,,
163666,Larry Simmons,WR,0,,2028,296,57.1,77.7,,57.2,57.7,09,0,1,0,0,32,0,17,49,32,17,SO MISS,SO MISS,61,,
163681,Mojo Dortch,WR,0,,2027,318,55,70.2,,55.9,60,05,0,1,0,0,4,0,1,5,4,1,TROY,TROY,,,
163697,Zavion Thomas,WR,0,2026,2026,211,59.1,76.1,,58.9,60.4,00,0,1,0,0,25,0,6,31,25,6,LSU,LSU,70.9,,
163712,Chase Gillespie,HB,0,,2031,333,58,67.3,,60,57.5,13,0,1,0,0,1,0,3,4,1,3,VANDERBILT,VANDERBILT,,,
163715,Richie Hoskins,WR,0,,2026,333,51.2,76.6,,51.5,59.4,05,0,1,0,0,27,0,10,37,27,10,VANDERBILT,VANDERBILT,,,
163727,Cole Spence,TE,0,,2027,333,62.4,74.6,58.4,66.8,56.1,16,0,1,0,6,9,0,19,34,15,19,VANDERBILT,VANDERBILT,61,,
163777,Josh Kattus,TE,0,2026,2026,202,60.9,73.8,41.5,54,72.9,84,0,1,0,12,8,0,12,32,20,12,KENTUCKY,KENTUCKY,61,,
163779,Barion Brown,WR,0,2026,2026,202,52,76.8,,53,62.2,07,0,1,0,0,25,1,17,43,25,18,KENTUCKY,KENTUCKY,68,,57.3
163790,Jordan Anthony,WR,0,,2027,111,65,0,,69.7,55,11,1,1,0,0,10,0,4,14,10,4,ARKANSAS,ARKANSAS,61,,
163839,Kelvin Banks Jr.,T,0,2025,2025,311,59.2,77.6,89,,45.5,78,2,1,0,42,0,0,31,73,42,31,TEXAS,TEXAS,,,
163844,DJ Campbell,G,0,2026,2026,311,81.9,78.9,81.1,,83.5,52,0,1,0,37,0,0,28,65,37,28,TEXAS,TEXAS,,,
163857,Savion Red,HB,0,,2027,239,64.7,66.9,,58.4,,06,0,1,0,0,2,1,0,3,2,1,NEVADA,NEVADA,62.5,,63.1
163865,Brenen Thompson,WR,0,2026,2026,261,50.8,78.1,61.9,50.3,62.6,15,0,1,1,1,45,0,31,78,47,31,OKLAHOMA,OKLAHOMA,60.3,60,
163867,Cameron Williams,T,0,2025,2025,311,81.1,0,69.9,,91.9,56,2,1,0,42,0,0,31,73,42,31,TEXAS,TEXAS,,,
163868,Ky Woods,HB,0,,2027,239,63.9,69.1,71.5,56.3,,25,0,1,0,1,4,1,0,6,5,1,NEVADA,NEVADA,67.1,,63.2
163938,Jacob Barrick,TE,0,,2026,196,45.7,74.4,70,51.2,44.9,81,0,1,0,2,8,0,18,28,10,18,JVILLE ST,JVILLE ST,,,
163939,Xavier Bausley,T,0,,2027,343,60,60,,,60,78,0,1,0,0,0,0,1,1,0,1,W VIRGINIA,W VIRGINIA,,,
163966,Jordan McCants,WR,0,,2028,196,47.6,74.6,,48.2,61.8,88,0,1,0,0,10,1,17,28,10,18,JVILLE ST,JVILLE ST,64.3,,57.9
164027,Skyler Locklear,QB,0,,2027,330,65.8,74.8,,,60.1,09,0,1,12,0,0,4,23,39,12,27,UTEP,UTEP,69.3,66.3,59.9
164032,Kenny Odom,WR,0,,2027,330,47.3,80.3,,50.1,42.1,06,0,1,0,0,19,0,44,63,19,44,UTEP,UTEP,62.9,,
164040,Isaiah Wright,T,0,,2025,330,58.7,76.9,34.1,,62.6,65,0,1,0,19,0,0,44,63,19,44,UTEP,UTEP,,,
164058,Sam Benjamin,DI,0,,2026,284,60,63.9,,,60,D90,0,1,0,0,0,0,1,1,0,1,S DIEGO ST,S DIEGO ST,,,
164122,Jordon Jones,T,0,,2027,259,64.5,70.3,,,63.9,55,0,1,0,0,0,0,9,9,0,9,OHIO,OHIO,,,
164131,Kam Wright,C,0,,2027,259,59.9,72.4,,,59.7,67,0,1,0,0,0,0,9,9,0,9,OHIO,OHIO,,,
164137,Quincy Burroughs,WR,0,,2027,349,54.2,74,,54.8,59.6,05,0,1,0,0,8,0,4,12,8,4,WISCONSIN,WISCONSIN,,,
164157,Drew Allar,QB,0,2026,2026,266,79.1,74.6,,,60,15,0,1,22,0,0,1,11,34,22,12,PENN STATE,PENN STATE,67.4,80.2,60.9
164158,Kaytron Allen,HB,0,2026,2026,266,68.1,76.2,17.7,61.2,58.5,13,0,1,0,6,15,11,5,37,21,16,PENN STATE,PENN STATE,73.7,,73.1
164168,Omari Evans,WR,0,2026,2026,266,54.6,74,,54.9,59.5,05,0,1,0,0,12,0,6,18,12,6,PENN STATE,PENN STATE,,,
164174,Vega Ioane,G,0,2026,2026,266,77,80.2,66.8,,80.8,71,1,1,0,36,0,0,33,69,36,33,PENN STATE,PENN STATE,,,
164180,JB Nelson,G,0,,2026,266,62.5,71.7,77.3,,60.6,56,0,1,0,4,0,0,3,7,4,3,PENN STATE,PENN STATE,,,
164182,Beau Pribula,QB,0,,2027,266,79,0,,,60.3,09,1,1,14,0,0,6,16,36,14,22,PENN STATE,PENN STATE,26.4,90.2,57.9
164186,Drew Shelton,T,0,2026,2026,266,54.9,77.3,52.9,,54.6,66,0,1,0,36,0,0,33,69,36,33,PENN STATE,PENN STATE,,,
164188,Nicholas Singleton,HB,0,2026,2026,266,73.2,76.7,76,68.4,63.3,10,0,1,0,3,19,13,9,44,22,22,PENN STATE,PENN STATE,74.8,,71
164301,Demarcus Lacey,WR,0,,2027,196,59.3,71.4,,56.1,59.6,01,0,1,0,0,4,4,2,10,4,6,JVILLE ST,JVILLE ST,68.6,,60.8
164383,Omar Aigbedion,G,0,,2026,118,68.4,78.6,85.1,,65.4,68,0,1,0,26,0,0,36,62,26,36,BAYLOR,BAYLOR,,,
164475,Jack Burgess,P,0,,2026,315,60,60,,,60,S41,0,1,0,0,0,0,1,1,0,1,TEXAS TECH,TEXAS TECH,,,
164737,Lamar Robinson,G,0,,2027,175,62.6,79,48,,64.5,78,0,1,0,28,0,0,23,51,28,23,GA STATE,GA STATE,,,
164945,Tyler Keinath,G,0,,2027,120,57.9,78,78.4,,53.3,78,1,1,0,23,0,0,29,52,23,29,BOISE ST,BOISE ST,,,
165355,Chad Staley,TE,0,,2026,166,42.1,74.6,31.6,55.1,47.1,97,0,1,0,5,2,0,17,24,7,17,FIU,FIU,,,
165418,Evan King,TE,0,,2026,126,52.6,74.4,63.9,53,55.9,14,0,1,0,1,9,0,12,22,10,12,BUFFALO,BUFFALO,,,
165468,C'Quan Jnopierre,WR,0,,2026,166,58.3,73.5,,57.9,60.3,07,0,1,0,0,7,0,6,13,7,6,FIU,FIU,63.6,,
165786,Elijah Sohn,TE,0,,2025,281,59.9,76.9,66.7,61.3,57.4,19,1,1,0,2,15,0,31,48,17,31,SM HOUSTON,SM HOUSTON,62.9,,
166543,Censere Lee,WR,0,,2027,268,70.3,74.9,,69.1,61.8,11,0,1,0,0,11,0,10,21,11,10,PITTSBURGH,PITTSBURGH,62.9,,
166993,Chris Hunter III,WR,0,,2027,109,57.5,78.7,,56,61.8,16,0,1,0,0,38,1,18,57,38,19,ARIZONA,ARIZONA,66,,62.6
167083,Antonio Jones,WR,0,,2026,306,48.8,76,,50.3,50.4,19,0,1,0,0,21,0,8,29,21,8,TEMPLE,TEMPLE,62.9,,
167095,Floyd Chalk,HB,0,,2027,285,80.7,75.9,50.7,54.9,,00,0,1,0,30,10,10,0,50,40,10,S JOSE ST,S JOSE ST,73.1,,86.8
167108,Melvin Priestly,T,0,2026,2026,187,59.7,76.8,83,,47.3,58,0,1,0,44,0,0,25,69,44,25,ILLINOIS,ILLINOIS,,,
167109,Nolan Wilson,LB,0,,2027,209,60,60,,,60,S48,0,1,0,0,0,0,1,1,0,1,LA MONROE,LA MONROE,,,
167652,Ryan Butler,HB,0,,2026,300,56.4,76.3,78.9,47.7,54.3,15,0,1,0,8,21,4,8,41,29,12,STANFORD,STANFORD,69.2,,66.4
168436,Bennett Galloway,HB,0,,2026,209,69.2,69.2,74.1,,77.4,26,0,1,0,2,0,0,3,5,2,3,LA MONROE,LA MONROE,,,
169053,Nick Cenacle,WR,0,,2026,180,69.4,77.8,,68.7,59.7,03,0,1,0,0,29,0,15,44,29,15,HAWAII,HAWAII,64.1,,
169108,Cooper Rusk,WR,0,,2028,316,56.9,66.2,,58.1,,13,0,1,0,0,2,0,0,2,2,0,TOLEDO,TOLEDO,,,
169178,Mel Brown,HB,0,,2027,146,56.2,74.2,72.9,56.6,60,07,0,1,0,2,4,9,1,16,6,10,UCONN,UCONN,72.7,,57
169698,Malik Benson,WR,0,2026,2026,167,65.5,77,,65,59.6,10,0,1,0,0,21,0,8,29,21,8,FLORIDA ST,FLORIDA ST,64.1,,
169699,Mario Anderson Jr.,HB,0,,2025,218,69.7,77,62.3,63.8,60,02,0,1,0,7,23,32,3,65,30,35,MEMPHIS,MEMPHIS,79.5,,69.1
169901,Raheim Jeter,QB,0,,2027,156,70.9,69.5,,,60,02,0,1,0,0,0,3,5,8,0,8,E CAROLINA,E CAROLINA,67.3,,64.2
169929,Wallace Unamba,T,0,,2026,241,69.9,77.6,71.3,,66.8,76,0,1,0,47,0,0,34,81,47,34,NEW MEXICO,NEW MEXICO,,,
169934,Malachi Breland,G,0,,2028,218,67,80.8,56.2,,68.2,72,0,1,0,41,0,0,43,84,41,43,MEMPHIS,MEMPHIS,,,
169936,Marcello Bussey,WR,0,,2026,218,55.1,71.8,,55.7,59.7,06,0,1,0,0,6,0,3,9,6,3,MEMPHIS,MEMPHIS,,,
169938,Jamauri Chislom,TE,0,,2026,218,62.5,73,65.9,59.5,62.4,33,0,1,0,2,1,0,11,14,3,11,MEMPHIS,MEMPHIS,,,
169941,Brendan Doyle,TE,0,,2026,218,57.9,76,71.8,47.8,67,86,0,1,0,3,14,0,28,45,17,28,MEMPHIS,MEMPHIS,,,
169972,Arnold Barnes III,HB,0,,2028,319,74.8,74.3,7,68.7,60,20,0,1,0,2,3,11,1,17,5,12,TULANE,TULANE,73.6,,74.9
169984,Darian Mensah,QB,0,,2028,319,79,76.5,,,60,10,0,1,17,0,0,1,44,62,17,45,TULANE,TULANE,67.5,81.2,57
169986,LaJuan Owens,T,0,,2029,241,58.3,0,74.9,,62.3,52,2,1,0,47,0,0,32,79,47,32,NEW MEXICO,NEW MEXICO,,,
169989,Hunter Summers,WR,0,,2028,113,55.4,70.1,,56.2,60,03,0,1,0,0,5,0,2,7,5,2,ARK STATE,ARK STATE,,,
170038,Tony Boggs,FB,0,,2028,154,61.2,75.6,22.7,60,71.5,60,0,1,0,9,1,0,17,27,10,17,DUKE,DUKE,,,
170041,Que'Sean Brown,WR,0,,2028,154,65.2,75.3,,64.7,59.7,14,0,1,0,0,19,0,11,30,19,11,DUKE,DUKE,69.1,,
170049,Ethan Hubbard,T,0,,2028,288,60,65.8,,,60,72,0,1,0,0,0,0,2,2,0,2,S ALABAMA,S ALABAMA,,,
170051,Peyton Jones,HB,0,,2028,154,60.2,72.5,64.1,54.7,,05,0,1,0,6,7,9,0,22,13,9,DUKE,DUKE,72.7,,61.1
170073,Ethan Mackenny,T,0,,2028,176,55.2,69.9,40.5,,,78,0,1,0,8,0,0,0,8,8,0,GA TECH,GA TECH,,,
170078,Eric Singleton Jr.,WR,0,,2028,176,62.7,79.3,,63.8,47,02,0,1,0,0,44,0,22,66,44,22,GA TECH,GA TECH,66.6,,
170088,Francis Mauigoa,T,0,2026,2026,220,58,77.4,64.1,,53.6,61,0,1,0,51,0,0,32,83,51,32,MIAMI FL,MIAMI FL,,,
170089,Samson Okunlola,T,0,,2028,220,60,64.3,,,60,63,0,1,0,0,0,0,1,1,0,1,MIAMI FL,MIAMI FL,,,
170100,Riley Williams,TE,0,,2028,220,57.1,74.4,69.6,51.8,61.9,88,0,1,0,2,6,0,14,22,8,14,MIAMI FL,MIAMI FL,,,
170101,Paul Billups II,WR,0,,2028,245,57.1,71.5,,57.4,59.4,11,0,1,0,0,4,0,7,11,4,7,N CAROLINA,N CAROLINA,,,
170103,D.J. Geth,G,0,,2028,206,62,71.6,77.2,,,51,0,1,0,7,0,0,0,7,7,0,LIBERTY,LIBERTY,,,
170105,Christian Hamilton,WR,0,,2028,245,52,76.9,,47.3,74.9,07,0,1,0,0,13,0,17,30,13,17,N CAROLINA,N CAROLINA,61.9,,
170122,Israel Polk,WR,0,,2028,102,55.8,73.9,,55.7,61.6,05,0,1,0,0,11,0,9,20,11,9,AKRON,AKRON,61,,
170127,BJ Williams,G,0,,2028,268,69.6,77.6,84.1,,66.9,55,0,1,0,26,0,0,20,46,26,20,PITTSBURGH,PITTSBURGH,,,
170131,Anthony Colandrea,QB,0,,2028,335,55.9,17.3,,,60,10,1,1,38,0,0,7,10,55,38,17,VIRGINIA,VIRGINIA,26,50,69.5
170132,Jaden Gibson,WR,0,,2028,335,68.6,72.9,,67.6,60,09,0,1,0,0,17,0,1,18,17,1,VIRGINIA,VIRGINIA,65,,
170146,Jarriett Buie,WR,0,,2028,192,57,77.2,,57.5,54.1,00,0,1,0,0,21,0,20,41,21,20,IOWA,IOWA,61,,
170151,Dayton Howard,WR,0,,2028,192,57.3,74.7,,57,60.5,07,0,1,0,0,5,0,13,18,5,13,IOWA,IOWA,61,,
170152,Leighton Jones,G,1,,2028,192,88.2,73.3,73.2,,87.2,64,1,1,0,2,0,0,9,11,2,9,IOWA,IOWA,,,
170156,Hayden Large,TE,0,2026,2026,192,54.6,72.5,42.2,57.5,59,88,0,1,0,2,2,0,8,12,4,8,IOWA,IOWA,,,
170157,Trevor Lauck,T,0,,2028,192,66.2,70.9,74.7,,64.5,59,0,1,0,2,0,0,9,11,2,9,IOWA,IOWA,,,
170159,Grant Leeper,TE,0,,2027,192,57.3,67.9,,,56.7,44,0,1,0,0,0,0,4,4,0,4,IOWA,IOWA,,,
170163,Judah Mallette,WR,0,,2029,192,60,67.3,,,60,29,0,1,0,0,0,0,2,2,0,2,IOWA,IOWA,,,
170168,Kamari Moulton,HB,0,,2028,192,66.2,70.4,,56.4,,28,0,1,0,0,4,6,0,10,4,6,IOWA,IOWA,70.5,,66.1
170170,Kade Pieper,G,0,,2028,192,79.3,78,83.9,,79.6,58,0,1,0,23,0,0,18,41,23,18,IOWA,IOWA,,,
170177,Rusty VanWetzinga IV,TE,0,,2028,192,58.4,68.3,,59.7,60,41,0,1,0,0,1,0,1,2,1,1,IOWA,IOWA,,,
170178,TJ Washington Jr.,HB,0,,2028,192,53.5,69.3,,,59,08,0,1,0,0,0,3,4,7,0,7,IOWA,IOWA,67.3,,56.1
170192,Dillan Fontus,DI,0,,2028,215,58.5,63.5,,58.1,,D46,0,1,0,0,1,0,0,1,1,0,MARYLAND,MARYLAND,,,
170198,Ryan Manning,WR,0,,2028,215,57.9,63.4,,59.4,,11,0,1,0,0,1,0,0,1,1,0,MARYLAND,MARYLAND,,,
170203,Nolan Ray,HB,0,,2028,215,63,75.2,72.3,62.7,60,25,0,1,0,2,14,7,2,25,16,9,MARYLAND,MARYLAND,71.4,,62.3
170205,DJ Samuels,ED,0,,2028,215,67.1,64.9,,79.8,,D42,0,1,0,0,1,0,0,1,1,0,MARYLAND,MARYLAND,61,,
170208,Dylan Wade,TE,0,,2028,215,71,76.5,69.8,67.8,73.2,00,0,1,0,3,21,0,6,30,24,6,MARYLAND,MARYLAND,62.9,,
170210,Tamarus Walker,G,0,,2028,215,63,77.3,78.1,,58.3,56,0,1,0,26,0,0,9,35,26,9,MARYLAND,MARYLAND,,,
170227,Gunnar Gottula,T,0,,2029,238,56.9,76,65.3,,52.3,77,0,1,0,27,0,0,21,48,27,21,NEBRASKA,NEBRASKA,,,
170233,Jaylen Lloyd,WR,0,,2028,238,54.4,73.3,,55.8,61,19,0,1,0,0,8,1,8,17,8,9,NEBRASKA,NEBRASKA,64.3,,60
170261,Luke Montgomery,G,0,,2028,260,60,69.8,69.8,,60,51,0,1,0,1,0,0,3,4,1,3,OHIO STATE,OHIO STATE,,,
170269,Austin Siereveld,G,0,,2028,260,53.7,72.4,0,,63.3,67,0,1,0,5,0,0,5,10,5,5,OHIO STATE,OHIO STATE,,,
170273,Carnell Tate,WR,0,2026,2026,260,80.7,77.1,,79.7,58,17,0,1,0,0,22,0,17,39,22,17,OHIO STATE,OHIO STATE,65,,
170274,Jelani Thurman,TE,0,,2028,260,54.8,71.4,,57,55.8,15,0,1,0,0,2,0,8,10,2,8,OHIO STATE,OHIO STATE,,,
170281,Anthony Donkoh,T,0,,2028,266,55.1,72.7,35.5,,60.8,68,0,1,0,14,0,0,8,22,14,8,PENN STATE,PENN STATE,,,
170288,London Montgomery,HB,0,,2028,156,61.7,74.3,38.3,53.2,,34,0,1,0,3,10,12,0,25,13,12,E CAROLINA,E CAROLINA,74,,63.3
170307,Logan Blake,TE,0,,2028,278,61.7,75.8,71.9,46.2,72.8,85,0,1,0,5,25,0,27,57,30,27,RUTGERS,RUTGERS,,,
170335,Brock Glenn,QB,0,,2028,167,62.7,73.4,,,60,11,0,1,24,0,0,0,2,26,24,2,FLORIDA ST,FLORIDA ST,67.6,60.8,63
170355,Lucas Simmons-Johansson,T,0,,2028,167,60,64.3,67.7,,,79,0,1,0,1,0,0,0,1,1,0,FLORIDA ST,FLORIDA ST,,,
170356,Samuel Singleton Jr.,HB,0,,2028,167,61.1,69.8,70.8,63.1,60,28,0,1,0,1,4,0,3,8,5,3,FLORIDA ST,FLORIDA ST,65.1,,
170360,Hykeem Williams,WR,0,,2028,167,42.8,74.4,,49.3,31.7,08,0,1,0,0,13,0,8,21,13,8,FLORIDA ST,FLORIDA ST,,,
170384,David Clement,TE,0,,2028,304,64,71.1,70.9,58.1,63.2,86,1,1,0,3,1,0,12,16,4,12,SYRACUSE,SYRACUSE,,,
170403,Keyone Jenkins,QB,0,,2028,166,26.4,73.1,,,60,01,0,1,11,0,0,2,12,25,11,14,FIU,FIU,21,23.5,67.7
170407,K.D. Arnold,T,0,,2028,196,60,66.1,,,60,71,0,1,0,0,0,0,2,2,0,2,JVILLE ST,JVILLE ST,,,
170410,Jarod Bowie,WR,0,,2026,196,56.9,69.8,,57.2,60.8,09,0,1,0,0,3,0,5,8,3,5,JVILLE ST,JVILLE ST,,,
170422,Cam Griffin,G,0,,2028,196,65.1,77.9,79.3,,63.3,60,0,1,0,10,0,0,39,49,10,39,JVILLE ST,JVILLE ST,,,
170423,Daveion Harley,C,0,,2028,196,56.4,5.8,24.4,,62.9,55,1,1,0,21,0,0,53,74,21,53,JVILLE ST,JVILLE ST,,,
170441,Cam Vaughn,WR,0,,2028,196,74.1,78,,73.5,62,18,0,1,0,0,19,0,26,45,19,26,JVILLE ST,JVILLE ST,65,,
170451,Roy Brackins III,G,0,,2028,208,47.3,70.6,69.1,53.8,48,60,0,1,0,4,3,0,8,15,7,8,LA TECH,LA TECH,,,
170452,Evan Bullock,QB,0,,2029,208,66.4,77.1,,54.1,60.8,07,0,1,37,0,2,3,19,61,39,22,LA TECH,LA TECH,70.2,69.9,54.3
170453,Hayden Christman,T,0,,2028,208,52.3,13.3,53.2,,57.8,72,1,1,0,39,0,0,22,61,39,22,LA TECH,LA TECH,,,
170458,Eli Finley,TE,0,,2028,208,57.4,77.3,71,59.2,52.7,84,0,1,0,4,24,0,17,45,28,17,LA TECH,LA TECH,61,,
170462,Ja'Marion Kennedy,G,0,,2028,208,61.5,70.7,77.7,,60,66,0,1,0,5,0,0,1,6,5,1,LA TECH,LA TECH,,,
170482,Ethan Crite,WR,0,,2027,224,54.1,74.4,,54.5,60.2,18,0,1,0,0,11,0,5,16,11,5,MIDDLE TN,MIDDLE TN,61,,
170486,Cam'ron Lacy,WR,0,,2028,224,51.6,73.2,,56.2,39.2,86,0,1,0,0,9,0,4,13,9,4,MIDDLE TN,MIDDLE TN,61,,
170487,Jekail Middlebrook,HB,0,,2028,224,55.5,75,40.1,54.8,58.8,32,0,1,0,5,15,5,2,27,20,7,MIDDLE TN,MIDDLE TN,69.9,,59.2
170493,Simon Wilson,C,0,,2026,224,69.6,79.1,85.3,,62.5,62,0,1,0,42,0,0,17,59,42,17,MIDDLE TN,MIDDLE TN,,,
170501,Qua'Vez Humphreys,WR,0,,2027,281,64.9,77.9,,59.3,74.3,07,0,1,0,0,19,1,28,48,19,29,SM HOUSTON,SM HOUSTON,65.3,,63.9
170507,Elijah Boyd,TE,0,,2026,122,53.7,72.4,68.3,50.7,58.1,81,0,1,0,2,7,0,11,20,9,11,BOWL GREEN,BOWL GREEN,,,
170519,Jaquan Toney,T,0,,2026,330,54.5,71.1,47.5,,55.8,58,0,1,0,5,0,0,7,12,5,7,UTEP,UTEP,,,
170521,Marcus Vinson,TE,0,,2027,330,57.7,78.9,72.7,53.2,60.4,82,0,1,0,2,12,0,43,57,14,43,UTEP,UTEP,,,
171074,Sullivan Absher,T,0,,2028,258,51.9,73,76.6,,49.6,75,0,1,0,5,0,0,13,18,5,13,NOTRE DAME,NOTRE DAME,,,
171081,Jordan Faison,WR,0,,2028,258,69.4,76.3,,68.5,60.5,06,0,1,0,0,20,0,9,29,20,9,NOTRE DAME,NOTRE DAME,67.3,,
171082,Cooper Flanagan,TE,0,,2028,258,54.6,72.9,67.4,54.3,58.2,87,0,1,0,1,6,0,8,15,7,8,NOTRE DAME,NOTRE DAME,,,
171085,Jaden Greathouse,WR,0,,2028,258,72.4,73.4,,71.7,59.1,01,0,1,0,0,14,0,9,23,14,9,NOTRE DAME,NOTRE DAME,62.9,,
171090,Jeremiyah Love,HB,0,2026,2026,258,85.2,74.7,52.4,55.2,60,04,0,1,0,4,11,12,2,29,15,14,NOTRE DAME,NOTRE DAME,74,,89
171095,Joe Otting,C,0,,2028,258,51.8,75,0.8,,59.1,64,0,1,0,5,0,0,13,18,5,13,NOTRE DAME,NOTRE DAME,,,
171096,Sam Pendleton,G,0,,2028,258,60.5,75.2,76.8,,58.8,72,0,1,0,5,0,0,13,18,5,13,NOTRE DAME,NOTRE DAME,,,
171101,Chris Terek,G,0,,2028,258,56.5,73.3,69.7,,55.8,55,0,1,0,2,0,0,10,12,2,10,NOTRE DAME,NOTRE DAME,,,
171195,MarKendrick Beall,G,0,,2026,281,58.1,79.2,75.1,,54.8,73,0,1,0,24,0,0,31,55,24,31,SM HOUSTON,SM HOUSTON,,,
171197,Trevor Brock,G,0,,2026,126,58.2,80.2,72.8,,52.9,79,0,1,0,47,0,0,26,73,47,26,BUFFALO,BUFFALO,,,
171198,Messiah Burch,HB,0,,2028,126,67.8,73.2,69.7,57.2,55.6,13,0,1,0,1,9,1,6,17,10,7,BUFFALO,BUFFALO,64.3,,69.1
171202,Gunnar Gray,QB,0,,2026,126,60,67.4,,,60,09,0,1,0,0,0,0,4,4,0,4,BUFFALO,BUFFALO,,,
171212,Qua Sanders,WR,0,,2026,126,68.7,75.5,,68.1,60.3,01,0,1,0,0,11,0,13,24,11,13,BUFFALO,BUFFALO,61,,
171214,Lamar Sperling,HB,0,,2028,126,64.1,69.3,70.8,64.6,,32,0,1,0,1,2,3,0,6,3,3,BUFFALO,BUFFALO,67.8,,62.5
171215,Henry Tabansi,T,0,,2028,126,57,21.3,48.9,,65.3,73,1,1,0,47,0,0,26,73,47,26,BUFFALO,BUFFALO,,,
171221,Ryan Blum,C,0,,2028,134,59.6,69.6,70.2,,58.8,55,0,1,0,2,0,0,2,4,2,2,C MICHIGAN,C MICHIGAN,,,
171223,Evan Boyd,WR,0,,2028,134,70.7,74,,69.4,60,08,0,1,0,0,4,0,11,15,4,11,C MICHIGAN,C MICHIGAN,62.9,,
171226,Rory Callahan,TE,0,,2028,134,60,65.9,,,53.1,89,0,1,0,0,0,0,2,2,0,2,C MICHIGAN,C MICHIGAN,,,
171233,Tyler Jefferson,QB,0,,2027,134,42.6,75.8,,,60.2,05,0,1,23,0,0,4,23,50,23,27,C MICHIGAN,C MICHIGAN,69.9,40.2,56.6
171245,Nathan VanTimmeren,TE,0,,2028,134,50.9,67.6,,60,50.8,48,0,1,0,0,1,0,2,3,1,2,C MICHIGAN,C MICHIGAN,,,
171260,Jahzae Kimbrough,HB,0,,2029,201,60.6,70.5,,57.8,,84,0,1,0,0,3,5,0,8,3,5,KENT STATE,KENT STATE,69.7,,60.8
171271,Lynel Billups-Williams,WR,0,,2028,221,61.1,70.7,,,61.9,82,0,1,0,0,0,0,10,10,0,10,MIAMI OH,MIAMI OH,,,
171281,Andrew Lowry,G,0,,2028,221,64.2,73,,,63.7,61,0,1,0,0,0,0,10,10,0,10,MIAMI OH,MIAMI OH,,,
171292,Greg Smith Jr.,G,0,,2028,221,58.9,75.6,11.2,,71.1,74,0,1,0,19,0,0,6,25,19,6,MIAMI OH,MIAMI OH,,,
171295,Cole Weaver,WR,0,,2028,221,54.3,71.5,,,47,84,0,1,0,0,0,0,10,10,0,10,MIAMI OH,MIAMI OH,,,
171301,Grayson Barnes,TE,0,,2026,254,59.4,79,30.4,60.5,59.7,81,0,1,0,3,37,0,7,47,40,7,N ILLINOIS,N ILLINOIS,65,,
171312,Josh Holst,QB,0,,2029,254,51.3,73.3,,,60,15,0,1,11,0,0,4,11,26,11,15,N ILLINOIS,N ILLINOIS,23,60.3,47.8
171322,Thomas Paasch,T,0,,2028,254,66,70.3,62.2,,66.1,75,0,1,0,5,0,0,5,10,5,5,N ILLINOIS,N ILLINOIS,,,
171348,Chase Hendricks,WR,0,,2028,259,62.5,78,,62,61.6,07,0,1,0,0,16,0,20,36,16,20,OHIO,OHIO,65,,
171350,Rickey Hunt Jr.,HB,0,,2028,259,70.7,76.6,4.2,54.4,56.5,28,0,1,0,3,15,9,9,36,18,18,OHIO,OHIO,72.5,,77.8
171367,Mason Williams,TE,0,,2028,259,50.6,76.8,69.9,50.9,48.6,85,0,1,0,2,11,0,21,34,13,21,OHIO,OHIO,,,
171376,CC Ezirim,TE,0,,2027,316,51.8,70.3,,50.9,58.3,85,0,1,0,0,6,0,4,10,6,4,TOLEDO,TOLEDO,,,
171386,Cole Rhett,T,0,,2028,316,43.4,77.1,43.5,,42.1,74,0,1,0,53,0,0,23,76,53,23,TOLEDO,TOLEDO,,,
171392,Connor Walendzak,HB,0,,2028,316,63.1,75,80.5,60.5,36.8,24,0,1,0,6,17,15,0,38,23,15,TOLEDO,TOLEDO,75.2,,64.4
171394,Grant Zimmerly,G,0,,2030,316,59,78.6,33.8,,66.1,63,0,1,0,45,0,0,16,61,45,16,TOLEDO,TOLEDO,,,
171397,Tre' Hartwell,HB,0,,2029,347,53,73.4,,57.6,60.4,26,0,1,0,0,3,3,3,9,3,6,W MICHIGAN,W MICHIGAN,67.3,,54.1
171398,CJ Hester,HB,0,,2028,216,66.9,71.2,,55.5,60,33,0,1,0,0,6,9,1,16,6,10,UMASS,UMASS,72.5,,67.3
171401,Tony Martin,WR,0,,2028,347,59.3,70.8,,59.6,61.6,08,0,1,0,0,1,0,7,8,1,7,W MICHIGAN,W MICHIGAN,,,
171410,Brennan Wooten,FB,0,,2028,347,60,64.1,,,60,89,0,1,0,0,0,0,1,1,0,1,W MICHIGAN,W MICHIGAN,,,
171550,Jayden O'Rourke,TE,0,,2028,239,56.8,67.9,,57.7,59.6,82,0,1,0,0,1,0,3,4,1,3,NEVADA,NEVADA,,,
171552,Oliver Stuart,TE,0,,2026,239,57.1,76.4,67.4,56.5,56.2,87,0,1,0,1,29,0,10,40,30,10,NEVADA,NEVADA,64.1,,
171556,Devon Dampier,QB,0,,2028,241,69.1,78,,,60.3,04,1,1,47,0,0,14,20,81,47,34,NEW MEXICO,NEW MEXICO,27.4,73.6,54.8
171564,Devon Smith,T,0,,2026,209,54.4,76.4,58.5,,52.6,65,0,1,0,29,0,0,33,62,29,33,LA MONROE,LA MONROE,,,
171565,Matthew Toilolo,T,0,,2027,241,60,66.9,,,59.6,65,0,1,0,0,0,0,2,2,0,2,NEW MEXICO,NEW MEXICO,,,
171572,Jelani McLaughlin,S,0,,2029,284,60,65,63.8,,,D27,0,1,0,1,0,0,0,1,1,0,S DIEGO ST,S DIEGO ST,,,
171574,Gabriel Plascencia,K,0,2026,2026,284,60,64.1,,,60,S46,0,1,0,0,0,0,1,1,0,1,S DIEGO ST,S DIEGO ST,,,
171853,Devin Hyatt,WR,0,,2028,109,54,72.2,,54.6,60,13,0,1,0,0,12,0,1,13,12,1,ARIZONA,ARIZONA,,,
171893,Dylan Edwards,HB,0,,2028,199,74.4,72,,63,59.3,03,0,1,0,0,10,3,3,16,10,6,KANSAS ST,KANSAS ST,71.5,,77.3
171895,Adam Hopkins IV,WR,0,,2028,136,60.7,63.9,,60.5,,14,0,1,0,0,1,0,0,1,1,0,CHARLOTTE,CHARLOTTE,61,,
171903,Jordan Onovughe,WR,0,,2028,143,58.8,69.1,,59.3,60,80,0,1,0,0,1,0,3,4,1,3,COLORADO,COLORADO,,,
171905,Morgan Pearson,TE,0,,2027,143,60.3,67.8,,,60.5,37,0,1,0,0,0,0,4,4,0,4,COLORADO,COLORADO,,,
171911,Hank Zilinskas,C,0,,2028,143,64.1,79.8,84.6,,58.6,58,0,1,0,36,0,0,37,73,36,37,COLORADO,COLORADO,,,
171922,Soane Faasolo,T,0,,2028,340,48,74.2,57.8,,44.9,68,0,1,0,21,0,0,8,29,21,8,WASHINGTON,WASHINGTON,,,
171924,Landen Hatchett,G,0,,2028,340,69.7,77.3,65.9,,70.4,66,0,1,0,19,0,0,17,36,19,17,WASHINGTON,WASHINGTON,,,
171925,Zach Henning,G,0,,2028,340,59.7,67,67.9,,58.6,58,0,1,0,1,0,0,2,3,1,2,WASHINGTON,WASHINGTON,,,
171941,Kahlee Tafai,T,0,,2028,340,55.6,74,82.1,,50.1,71,0,1,0,12,0,0,17,29,12,17,WASHINGTON,WASHINGTON,,,
171943,Rashid Williams,WR,0,,2028,340,54.8,71.7,,55.7,60.1,03,0,1,0,0,4,0,3,7,4,3,WASHINGTON,WASHINGTON,,,
172143,Caleb Ramseur,HB,0,,2026,239,58.9,75.7,80.3,60.4,55.6,20,0,1,0,6,22,10,7,45,28,17,NEVADA,NEVADA,73.2,,58
172200,Tyler Little,TE,0,,2028,113,53.6,75.1,11.7,50.8,65,87,0,1,0,3,9,0,25,37,12,25,ARK STATE,ARK STATE,,,
172203,Jaylen Raynor,QB,0,,2028,113,67.8,77.7,,,60,01,0,1,50,0,0,5,30,85,50,35,ARK STATE,ARK STATE,42,71.2,55.1
172220,Durell Robinson,HB,0,,2028,146,70.9,75,76.7,30.1,60,11,0,1,0,3,8,15,1,27,11,16,UCONN,UCONN,75.2,,74.5
172225,Dorian Fleming,TE,0,,2028,175,54.1,78.3,,57.1,52.1,82,0,1,0,0,32,0,25,57,32,25,GA STATE,GA STATE,64.1,,
172246,Griffin Hart,T,0,,2028,197,61.5,66.9,,,68.2,68,0,1,0,0,0,0,3,3,0,3,JAMES MAD,JAMES MAD,,,
172250,Yamir Knight,WR,0,,2028,197,60,77.6,,60.2,57.1,00,0,1,0,0,23,0,23,46,23,23,JAMES MAD,JAMES MAD,72.8,,
172251,Kyle Lenhart,G,0,,2028,197,64.6,68.5,,,64.6,75,0,1,0,0,0,0,3,3,0,3,JAMES MAD,JAMES MAD,,,
172255,Maxwell Moss,WR,0,,2027,197,60,67.2,,,60,08,0,1,0,0,0,0,3,3,0,3,JAMES MAD,JAMES MAD,,,
172271,Kadarius Calloway,HB,0,2026,2026,130,68.8,65.5,,,,02,0,1,0,0,0,3,0,3,0,3,CAL,CAL,67.3,,66.7
172272,DJ Chandler,TE,0,,2026,263,58.7,72.7,,58.1,61.8,80,0,1,0,0,2,0,13,15,2,13,DOMINION,DOMINION,,,
172274,Spencer Dow,C,0,,2029,263,59.6,70.4,,,59.4,60,0,1,0,0,0,0,5,5,0,5,DOMINION,DOMINION,,,
172275,Connor Drake,G,0,,2028,263,52.7,70.6,,,52.7,73,0,1,0,0,0,0,5,5,0,5,DOMINION,DOMINION,,,
172283,Colton Joseph,QB,0,,2028,263,87.4,76.1,,,60,02,0,1,30,0,0,6,21,57,30,27,DOMINION,DOMINION,32.7,79.2,79.1
172287,TJ Lott,WR,0,,2028,263,57.3,72.6,,56.7,61.7,81,0,1,0,0,3,0,12,15,3,12,DOMINION,DOMINION,,,
172294,Devin Roche,HB,0,,2028,263,72.4,69.8,17.9,76.1,60,03,0,1,0,4,3,3,1,11,7,4,DOMINION,DOMINION,67.8,,73.2
172300,Kelby Williams,WR,0,,2026,263,58.9,73.2,,58.2,62.4,06,0,1,0,0,2,0,13,15,2,13,DOMINION,DOMINION,,,
172306,Anthony Eager,WR,0,,2028,288,55.7,72.1,,56.1,60.1,11,0,1,0,0,5,0,6,11,5,6,S ALABAMA,S ALABAMA,,,
172309,Gio Lopez,QB,0,,2028,288,70.6,77.5,,,60,07,0,1,32,0,0,5,43,80,32,48,S ALABAMA,S ALABAMA,70.8,61.8,78.3
172314,Trent Thomas,TE,0,,2028,288,71.2,75.3,68.5,49.1,74.9,82,0,1,0,2,8,0,29,39,10,29,S ALABAMA,S ALABAMA,,,
172362,Elijah Prather,T,0,,2028,318,78.4,77.7,80.9,,74.7,58,0,1,0,35,0,0,38,73,35,38,TROY,TROY,,,
172366,Boaz Stanley,C,0,,2028,318,60,80,73.1,,56.8,50,0,1,0,35,0,0,38,73,35,38,TROY,TROY,,,
172372,Jackson Worley,TE,0,,2028,318,71,76.8,,88.9,56.2,86,0,1,0,0,1,0,19,20,1,19,TROY,TROY,61,,
172373,Olaus Alinen,G,0,,2029,103,64.9,71.7,,,64.5,73,0,1,0,0,0,0,7,7,0,7,ALABAMA,ALABAMA,,,
172376,Wilkin Formby,T,0,,2027,103,73.2,72.1,79.3,,70,75,0,1,0,5,0,0,13,18,5,13,ALABAMA,ALABAMA,,,
172379,Justice Haynes,HB,0,,2028,103,75.7,0,70.8,55.7,58.6,22,1,1,0,1,16,8,3,28,17,11,ALABAMA,ALABAMA,72,,83.2
172381,Eli Holstein,QB,0,,2028,268,50.9,74.3,,,60,10,0,1,18,0,0,5,12,35,18,17,PITTSBURGH,PITTSBURGH,35.2,44.7,63.2
172385,Ty Lockwood,TE,0,,2028,103,56.9,70.6,,,56.8,89,0,1,0,0,0,0,6,6,0,6,ALABAMA,ALABAMA,,,
172388,Miles McVay,T,0,,2028,103,60.7,69.5,,,60.4,58,0,1,0,0,0,0,7,7,0,7,ALABAMA,ALABAMA,,,
172390,Roq Montgomery,G,0,,2028,103,64.4,71.2,,,64,55,0,1,0,0,0,0,7,7,0,7,ALABAMA,ALABAMA,,,
172392,Kadyn Proctor,T,0,2026,2026,103,65.3,76.7,65.1,,63.3,74,0,1,0,31,0,0,28,59,31,28,ALABAMA,ALABAMA,,,
172398,Isaiah Augustave,HB,0,,2028,143,78.9,76,74.4,58.9,60,23,0,1,0,2,11,22,3,38,13,25,COLORADO,COLORADO,77.3,,77.6
172412,Maddox Lassiter,FB,0,,2028,111,51.7,72.4,75.2,59.7,48,47,0,1,0,2,1,0,9,12,3,9,ARKANSAS,ARKANSAS,,,
172426,Malachi Singleton,QB,0,,2028,111,70.1,69.1,,,60,03,0,1,0,0,0,2,5,7,0,7,ARKANSAS,ARKANSAS,65.5,,64.7
172430,Isaac TeSlaa,WR,0,2025,2025,111,68.9,0,,71.2,60,04,1,1,0,0,17,0,6,23,17,6,ARKANSAS,ARKANSAS,64.1,,
172435,Amaury Wiggins,C,0,,2026,111,58.3,71.2,,,58.1,56,0,1,0,0,0,0,7,7,0,7,ARKANSAS,ARKANSAS,,,
172443,Jeremiah Cobb,HB,0,,2028,115,54.9,69.2,,58.5,60,23,0,1,0,0,2,3,1,6,2,4,AUBURN,AUBURN,67.3,,56
172454,Bradyn Welch-Joiner,G,0,,2028,115,57.1,80.4,17.5,,63.1,55,0,1,0,35,0,0,43,78,35,43,AUBURN,AUBURN,,,
172456,Connor Lew,C,0,2026,2026,115,70.4,80.1,78.2,,66,75,0,1,0,35,0,0,43,78,35,43,AUBURN,AUBURN,,,
172459,Izavion Miller,T,0,2026,2026,115,66.1,77.2,49.1,,68.8,72,0,1,0,35,0,0,43,78,35,43,AUBURN,AUBURN,,,
172473,DJ Chester,C,0,,2028,211,54.3,80.2,57.1,,52.1,79,0,1,0,55,0,0,21,76,55,21,LSU,LSU,,,
172483,Kaleb Jackson,HB,0,,2028,211,58.6,69.8,70.2,55.8,,28,0,1,0,1,5,0,0,6,6,0,LSU,LSU,,,
172488,Paul Mubenga,G,0,,2029,211,49.1,78.7,64.6,,38.3,65,0,1,0,37,0,0,12,49,37,12,LSU,LSU,,,
172490,Ka'Morreun Pimpton,TE,0,,2028,211,60,66.3,,,60,88,0,1,0,0,0,0,2,2,0,2,LSU,LSU,,,
172494,Shelton Sampson Jr.,WR,0,,2028,211,48,71.2,,54.3,36.8,06,0,1,0,0,6,0,0,6,6,0,LSU,LSU,,,
172510,Jayvontay Conner,TE,0,,2029,156,59,72.5,,59,60,08,0,1,0,0,1,0,11,12,1,11,E CAROLINA,E CAROLINA,,,
172521,Cayden Lee,WR,0,,2028,226,66.1,77.5,,65.5,61.2,19,0,1,0,0,28,0,19,47,28,19,OLE MISS,OLE MISS,65,,
172525,Kedrick Reescano,HB,0,,2028,109,56.8,72.4,23.6,59.8,,03,0,1,0,1,6,3,0,10,7,3,ARIZONA,ARIZONA,67.8,,58
172551,Chris Parson,QB,0,,2028,227,62.8,66.6,,,,16,0,1,0,0,0,3,0,3,0,3,MISS STATE,MISS STATE,67.3,,61.5
172597,TJ Shanahan Jr.,G,0,,2028,312,36.3,0,24.1,,47.6,67,2,1,0,21,0,0,23,44,21,23,TEXAS A&M,TEXAS A&M,,,
172605,Sedrick Alexander,HB,0,,2028,333,56,78.5,53,38.8,56.6,28,0,1,0,15,20,11,10,56,35,21,VANDERBILT,VANDERBILT,15.6,,62.4
172610,Gabe Fisher,FB,0,,2028,333,59.4,69.5,,,58.5,44,0,1,0,0,0,0,3,3,0,3,VANDERBILT,VANDERBILT,,,
172617,Kamrean Johnson,TE,0,,2028,333,67.4,69.1,,58.2,70.9,84,0,1,0,0,2,0,3,5,2,3,VANDERBILT,VANDERBILT,,,
172623,AJ Newberry,HB,0,,2028,333,52.8,72.2,,55.1,57.1,23,0,1,0,0,5,1,6,12,5,7,VANDERBILT,VANDERBILT,62.5,,57.9
172627,Junior Sherrill,WR,0,,2028,333,70.6,0,,71.2,59.9,00,1,1,0,0,34,1,25,60,34,26,VANDERBILT,VANDERBILT,68.3,,62.7
173000,Tyler Chen,G,0,,2028,285,65.3,80.1,69.8,,63.7,62,0,1,0,56,0,0,15,71,56,15,S JOSE ST,S JOSE ST,,,
173031,Barry Jackson Jr.,WR,0,,2028,138,53.9,71.9,,59.5,60,14,0,1,0,0,1,1,3,5,1,4,CINCINNATI,CINCINNATI,62.5,,57.9
173035,Evan Tengesdahl,G,0,,2028,138,61.6,77.1,60.4,,61,50,0,1,0,23,0,0,12,35,23,12,CINCINNATI,CINCINNATI,,,
173037,Ja'koby Banks,HB,0,,2028,218,64.9,65.2,,60,,01,0,1,0,0,1,1,0,2,1,1,MEMPHIS,MEMPHIS,62.5,,63
173042,Dalton Carnes,WR,0,,2027,251,57,75.9,,57.1,59.4,07,0,1,0,0,33,0,10,43,33,10,N TEXAS,N TEXAS,65,,
173055,Re'Shaun Sanford II,HB,0,,2029,182,69.6,75.4,73.6,58.3,59.7,26,0,1,0,2,2,16,10,30,4,26,HOUSTON,HOUSTON,75.5,,68.3
173060,Ja'Ryan Wallace,WR,0,,2028,182,58.1,70,,59.3,59.7,88,0,1,0,0,1,0,4,5,1,4,HOUSTON,HOUSTON,,,
173061,Jonah Wilson,WR,0,,2028,182,56.2,74.5,,55.6,62,04,0,1,0,0,6,0,14,20,6,14,HOUSTON,HOUSTON,,,
173062,Cole Ballard,QB,0,,2028,198,66.8,63.6,,,,15,0,1,0,0,0,1,0,1,0,1,KANSAS,KANSAS,62.5,,63.1
173090,Will Anciaux,TE,0,,2028,199,51.1,73.9,64.4,54.4,48.7,80,0,1,0,1,10,0,15,26,11,15,KANSAS ST,KANSAS ST,62.9,,
173093,Jayce Brown,WR,1,,2028,199,63.5,78.9,,64.1,54.3,01,1,1,0,0,32,0,27,59,32,27,KANSAS ST,KANSAS ST,65.7,,
173108,Avery Johnson,QB,0,,2028,199,74.6,77,,,60,02,0,1,39,0,0,12,21,72,39,33,KANSAS ST,KANSAS ST,37.7,67.1,72.8
173119,Tre Spivey,WR,0,,2028,199,56.7,66.4,,58,,12,0,1,0,0,2,0,0,2,2,0,KANSAS ST,KANSAS ST,,,
173127,Jordyn Bailey,WR,0,,2028,305,57.2,65.6,,58.3,,14,0,1,0,0,2,0,0,2,2,0,TCU,TCU,64.2,,
173133,Cam Cook,HB,0,,2028,305,61.7,69.2,33.8,56.6,60,04,0,1,0,2,3,1,1,7,5,2,TCU,TCU,62.5,,63.1
173151,Ben Taylor-Whitfield,T,0,,2028,305,40.6,6,34,,51.1,56,1,1,0,33,0,0,19,52,33,19,TCU,TCU,,,
173164,DeAndre Moore Jr.,WR,0,,2028,311,69.3,75.9,,71.6,45.1,00,0,1,0,0,24,0,16,40,24,16,TEXAS,TEXAS,67,,
173172,Hudson Clement,WR,0,,2027,343,63.5,80.2,,63.3,59.9,03,0,1,0,0,29,0,30,59,29,30,W VIRGINIA,W VIRGINIA,62.9,,
173178,Rodney Gallagher III,WR,0,,2028,343,60.7,75.8,,58.2,42.2,24,0,1,0,0,21,4,14,39,21,18,W VIRGINIA,W VIRGINIA,69.2,,69.2
173188,Macguire Moss,LS,0,,2027,343,60,60,,,60,S38,0,1,0,0,0,0,1,1,0,1,W VIRGINIA,W VIRGINIA,,,
173192,Jahiem White,HB,0,,2028,343,66.7,77,70.8,45.7,48.4,01,0,1,0,1,17,15,10,43,18,25,W VIRGINIA,W VIRGINIA,75.2,,72.6
173193,Johnny Williams IV,T,0,,2028,343,68.7,77.3,88.6,,59.3,60,0,1,0,31,0,0,36,67,31,36,W VIRGINIA,W VIRGINIA,,,
173209,Makenzie McGill,HB,0,,2028,251,64.1,71.9,73.6,55.4,60,38,0,1,0,2,5,4,1,12,7,5,N TEXAS,N TEXAS,17.7,,65.2
173213,Landon Sides,WR,0,,2028,251,54.9,74.3,,55.6,59.5,22,0,1,0,0,11,0,1,12,11,1,N TEXAS,N TEXAS,61,,
173233,Drayden Dickmann,WR,0,,2028,275,55,70.4,,55.7,59.9,06,0,1,0,0,5,0,3,8,5,3,RICE,RICE,,,
173238,Netane Fehoko,C,0,,2027,275,60,63.5,,,60,55,0,1,0,0,0,0,1,1,0,1,RICE,RICE,,,
173252,Patrick Valent,T,0,,2028,275,60,64.1,,,60,50,0,1,0,0,0,0,1,1,0,1,RICE,RICE,,,
173261,Peter Clarke,TE,0,,2028,306,48.7,73.4,68.4,37.5,67.1,88,0,1,0,1,9,0,12,22,10,12,TEMPLE,TEMPLE,,,
173272,Xavier Irvin,WR,0,,2029,306,52.3,73.4,,53.3,54.2,86,0,1,0,0,14,0,10,24,14,10,TEMPLE,TEMPLE,,,
173275,Eric King,G,0,,2028,306,58.7,13.3,88.2,,54.1,52,2,1,0,51,0,0,31,82,51,31,TEMPLE,TEMPLE,,,
173280,Melvin Siani,T,0,,2028,306,58.6,77.6,71.4,,49.6,70,0,1,0,52,0,0,32,84,52,32,TEMPLE,TEMPLE,,,
173281,Joquez Smith,HB,0,,2028,306,71.7,73.1,80.7,61,60,24,0,1,0,6,6,2,1,15,12,3,TEMPLE,TEMPLE,66.3,,70.3
173282,Chris Smith,C,0,,2026,306,60,65.1,70.8,,,66,0,1,0,1,0,0,0,1,1,0,TEMPLE,TEMPLE,,,
173292,Kasen Carpenter,C,0,,2028,320,59.9,80.3,68,,55.9,52,0,1,0,57,0,0,27,84,57,27,TULSA,TULSA,,,
173296,Kirk Francis,QB,0,,2028,320,60,72.8,,,60,11,0,1,18,0,0,0,5,23,18,5,TULSA,TULSA,66.7,61.8,57.3
173303,Luke McGary,TE,0,,2028,320,51,77,75.2,56.6,39.4,87,0,1,0,19,29,0,17,65,48,17,TULSA,TULSA,61,,
173357,Jayvin James,T,0,,2028,102,62.3,75.8,70.4,,57.8,77,0,1,0,27,0,0,24,51,27,24,AKRON,AKRON,,,
173362,Owen Wiley,K,0,,2029,102,60,63,64.6,,,S99,0,1,0,1,0,0,0,1,1,0,AKRON,AKRON,,,
173364,Lucian Anderson III,QB,0,,2028,122,73.2,63.6,,,,03,0,1,1,0,0,0,0,1,1,0,BOWL GREEN,BOWL GREEN,60.3,72.6,
173370,Jacob Harris,TE,0,,2028,122,60.6,66,,60.4,,88,0,1,0,0,2,0,0,2,2,0,BOWL GREEN,BOWL GREEN,61,,
173383,Broc Lowry,QB,0,,2028,347,89.7,70.4,,,60,14,0,1,3,0,0,3,5,11,3,8,W MICHIGAN,W MICHIGAN,67.7,60.2,81.8
173402,Phillip Daniels,T,0,,2028,225,91.4,68.3,,,92.1,60,0,1,0,0,0,0,5,5,0,5,MINNESOTA,MINNESOTA,,,
173405,Donielle Hayes,WR,0,,2028,225,60.5,69.1,,,60.7,18,0,1,0,0,0,0,5,5,0,5,MINNESOTA,MINNESOTA,,,
173406,Greg Johnson,C,0,,2028,225,58.2,79.2,53.4,,58.5,65,0,1,0,36,0,0,24,60,36,24,MINNESOTA,MINNESOTA,,,
173408,Kenric Lanier II,WR,0,,2028,225,57.6,72.9,,57.7,60.5,15,0,1,0,0,2,0,9,11,2,9,MINNESOTA,MINNESOTA,,,
173411,Terrence McWilliams Jr.,WR,0,,2028,225,60,70.3,,,59.6,05,0,1,0,0,0,0,5,5,0,5,MINNESOTA,MINNESOTA,,,
173422,Darius Taylor,HB,0,,2028,225,70.5,76.3,,67.9,60,01,0,1,0,0,22,15,1,38,22,16,MINNESOTA,MINNESOTA,75.3,,70.5
173451,Prince Strachan,WR,0,,2028,120,66.3,76.1,,65.6,60.6,17,0,1,0,0,16,0,11,27,16,11,BOISE ST,BOISE ST,62.9,,
173457,Jason Steele,C,0,,2028,120,61.2,71,75.5,,60.1,67,0,1,0,4,0,0,2,6,4,2,BOISE ST,BOISE ST,,,
173459,Caleb Goodie Sr.,WR,0,,2028,144,68,78.5,,68.3,58.5,02,0,1,0,0,19,0,28,47,19,28,COLO STATE,COLO STATE,64.1,,
173460,Justin Marshall,HB,0,,2028,144,73.3,75.5,,54.8,60,29,0,1,0,0,11,14,1,26,11,15,COLO STATE,COLO STATE,74.8,,73.6
173472,Jamari Person,WR,0,,2028,144,54,75.3,,53.2,60.3,18,0,1,0,0,17,0,14,31,17,14,COLO STATE,COLO STATE,61,,
173490,Vince Brown II,TE,0,,2026,144,59.4,76.2,71.7,52,68.3,10,0,1,0,7,11,0,14,32,18,14,COLO STATE,COLO STATE,,,
173491,Christian Martin,T,0,,2028,144,52.4,73,59.2,,53.1,72,0,1,0,5,0,0,21,26,5,21,COLO STATE,COLO STATE,,,
173498,Tanner Morley,G,0,,2028,144,61.8,79.3,85.4,,58,74,0,1,0,23,0,0,34,57,23,34,COLO STATE,COLO STATE,,,
173507,Tim Grear Jr.,WR,0,,2026,169,60,66.2,,,60,06,0,1,0,0,0,0,2,2,0,2,FRESNO ST,FRESNO ST,,,
173511,Artis Cole,WR,0,,2026,209,53.8,77.4,63.6,53.2,60.3,05,0,1,0,1,13,0,14,28,14,14,LA MONROE,LA MONROE,,,
173515,Brock Lium,TE,0,,2029,169,46.4,69.4,,56.1,45,89,0,1,0,0,3,0,5,8,3,5,FRESNO ST,FRESNO ST,,,
173519,Richie Anderson III,TE,0,,2028,169,65.1,78.1,75.7,62.4,62.7,88,0,1,0,8,26,0,20,54,34,20,FRESNO ST,FRESNO ST,62.9,,
173520,Jake Tarwater,TE,0,,2026,169,77.7,75.5,73.4,56.9,86,87,0,1,0,2,5,0,20,27,7,20,FRESNO ST,FRESNO ST,61,,
173529,Edward Fonua,G,0,,2028,169,59.3,78.6,60.5,,57.7,72,0,1,0,37,0,0,25,62,37,25,FRESNO ST,FRESNO ST,,,
173571,Ethan Crawford,QB,0,,2028,296,49.6,77.4,,,60,03,0,1,47,0,0,7,24,78,47,31,SO MISS,SO MISS,72,48.3,58
173572,Luke Rogers,G,0,,2028,296,52.5,79,21.4,,57.8,74,0,1,0,30,0,0,23,53,30,23,SO MISS,SO MISS,,,
173636,Nick Fattig,G,0,,2028,315,60.2,70.7,71.3,,60,60,0,1,0,2,0,0,1,3,2,1,TEXAS TECH,TEXAS TECH,,,
173684,Jackson Arnold,QB,0,,2028,261,55.5,77.9,81.4,,60.1,11,0,1,51,2,0,7,26,86,53,33,OKLAHOMA,OKLAHOMA,44.8,50.1,63.7
173697,Cayden Green,G,0,,2028,229,49.9,71.2,13.1,,57.3,70,0,1,0,4,0,0,2,6,4,2,MISSOURI,MISSOURI,,,
173702,Logan Howland,T,0,,2028,261,54.9,76.6,46.2,,57.9,71,0,1,0,39,0,0,18,57,39,18,OKLAHOMA,OKLAHOMA,,,
173708,Kade McIntyre,TE,0,,2028,261,60,63,,60,,86,0,1,0,0,1,0,0,1,1,0,OKLAHOMA,OKLAHOMA,,,
173715,Heath Ozaeta,G,0,,2028,261,51.7,80.8,56.7,,47.5,77,1,1,0,53,0,0,33,86,53,33,OKLAHOMA,OKLAHOMA,,,
173726,Zack Card,WR,0,,2028,265,55.4,73.9,,55.3,60.7,12,0,1,0,0,10,0,10,20,10,10,OREGON ST,OREGON ST,11.8,,
173727,Aidan Chiles,QB,0,,2028,223,52.4,23.3,,60,60,02,2,1,28,0,1,4,32,65,29,36,MICH STATE,MICH STATE,29.4,44.6,71.8
173734,Taz Reddicks,WR,0,,2028,265,67.4,76,,66.5,62.2,10,0,1,0,0,13,0,12,25,13,12,OREGON ST,OREGON ST,61,,
173764,Ashton Nickelberry,WR,0,,2026,330,56.8,71.3,,57.4,60,00,0,1,0,0,5,0,1,6,5,1,UTEP,UTEP,,,
173781,Navelle Dean,WR,0,,2028,200,56,75.7,,55.3,60.4,82,0,1,0,0,8,0,18,26,8,18,KENNESAW,KENNESAW,,,
173798,Ethan Newman,G,0,,2028,200,55.5,78.9,63.3,,53.5,72,0,1,0,24,0,0,40,64,24,40,KENNESAW,KENNESAW,,,
173981,Jerry McClure,WR,0,,2028,284,58.5,64.1,,59.6,,85,0,1,0,0,1,0,0,1,1,0,S DIEGO ST,S DIEGO ST,,,
173996,Malcolm Gillie,WR,0,,2026,117,74,76.6,,71.6,73.4,08,0,1,0,0,14,0,25,39,14,25,BALL ST,BALL ST,67.2,,
173999,TJ Horton,HB,0,,2028,117,69.1,69.3,,60,60,20,0,1,0,0,1,1,1,3,1,2,BALL ST,BALL ST,62.5,,63.1
174001,Kadin Semonza,QB,0,,2028,117,63.4,78,,58.5,60.8,03,0,1,34,0,1,1,40,76,35,41,BALL ST,BALL ST,69.2,62.5,60
174027,Brandon Henderson,G,0,,2028,187,63.5,0,70.2,,67.5,75,1,1,0,31,0,0,18,49,31,18,ILLINOIS,ILLINOIS,,,
174041,Zack Marshall,TE,0,,2028,222,59.7,60,,59.3,,83,0,1,0,0,1,0,0,1,1,0,MICHIGAN,MICHIGAN,,,
174042,Fredrick Moore,WR,0,,2028,222,59,69.8,,59.6,61,03,0,1,0,0,1,0,6,7,1,6,MICHIGAN,MICHIGAN,,,
174043,Semaj Morgan,WR,0,,2028,222,66.8,74.3,,68.2,36.3,00,0,1,0,0,12,1,4,17,12,5,MICHIGAN,MICHIGAN,69.7,,63.1
174044,Keyshawn Blackstock,T,0,,2026,111,66.5,74.6,80.3,,64.5,54,0,1,0,9,0,0,7,16,9,7,ARKANSAS,ARKANSAS,,,
174050,Brennan Parachek,TE,0,,2028,223,37,0,76.2,52.8,44.1,82,1,1,0,3,8,0,21,32,11,21,MICH STATE,MICH STATE,61,,
174051,Stanton Ramil,T,0,,2029,223,45.5,18.1,43,,51.8,65,1,1,0,29,0,0,36,65,29,36,MICH STATE,MICH STATE,,,
174054,Frank Covey IV,WR,0,,2028,256,59,76.3,,59.4,55.4,16,0,1,0,0,21,0,16,37,21,16,NWESTERN,NWESTERN,62.9,,
174068,Jacob De Jesus,WR,0,2026,2026,325,57.9,70.3,,57.9,60,21,0,1,0,0,5,0,2,7,5,2,UNLV,UNLV,65.3,,
174069,Christian Earls,TE,0,,2026,325,64.3,65,,,70,87,0,1,0,0,0,0,2,2,0,2,UNLV,UNLV,,,
174074,DeAngelo Irvin Jr.,WR,0,,2028,325,62.4,74.6,,62.2,59.8,10,0,1,0,0,16,0,10,26,16,10,UNLV,UNLV,68.4,,
174080,Jai'Den Thomas,HB,0,,2028,325,68.3,76.4,81.5,52.9,59.2,09,0,1,0,10,16,7,5,38,26,12,UNLV,UNLV,71.6,,71.8
174081,Corey Thompson Jr.,WR,0,,2028,325,43.7,71,,46.1,60,13,0,1,0,0,6,0,3,9,6,3,UNLV,UNLV,,,
174093,Cory Godinet,G,0,,2026,331,68.9,79.1,64.1,,70.6,53,0,1,0,44,0,0,25,69,44,25,UTSA,UTSA,,,
174094,Robert Henry Jr.,HB,0,2026,2026,331,72.9,77.5,73.2,62.7,60,06,0,1,0,3,28,20,2,53,31,22,UTSA,UTSA,76.8,,74.1
174095,Brandon High Jr.,HB,0,,2028,331,56.6,64.5,70.3,,,28,0,1,0,1,0,1,0,2,1,1,UTSA,UTSA,62.5,,57.7
174103,Willie McCoy III,WR,0,,2026,331,57.4,78.1,,57.7,56.1,19,0,1,0,0,44,1,27,72,44,28,UTSA,UTSA,66.5,,59.6
174127,Gernorris Wilson,T,0,,2028,264,60.2,70.5,75.2,,57.6,78,0,1,0,3,0,0,8,11,3,8,OREGON,OREGON,,,
174128,Iapani Laloulu,C,0,,2028,264,65,79.2,82.3,,60.4,72,0,1,0,28,0,0,33,61,28,33,OREGON,OREGON,,,
174129,George Silva,T,0,,2026,264,65,70.6,44.9,,66.2,71,0,1,0,2,0,0,8,10,2,8,OREGON,OREGON,,,
174130,Jayden Limar,HB,0,,2028,264,58.8,72.9,,56.3,59.6,27,0,1,0,0,4,7,2,13,4,9,OREGON,OREGON,71.3,,60.1
174131,Dante Dowdell,HB,0,,2028,238,67.5,76,55.7,30.2,59.9,23,0,1,0,8,11,14,2,35,19,16,NEBRASKA,NEBRASKA,74.8,,73.2
174132,Kenyon Sadiq,TE,0,2026,2026,264,75.3,78.3,64.4,66.6,78.4,18,0,1,0,1,17,1,21,40,18,22,OREGON,OREGON,65.3,,63
174133,Austin Novosad,QB,0,,2029,264,72.8,70.1,,,60,16,0,1,2,0,0,0,8,10,2,8,OREGON,OREGON,61.8,72.1,
174136,David Mbadinga,HB,0,,2028,174,73.3,69.8,,58.2,60,21,0,1,0,0,2,6,1,9,2,7,GA SOUTHRN,GA SOUTHRN,70.9,,69
174142,Zachariah Branch,WR,0,2026,2026,326,50.1,0,,56,42.3,01,1,1,0,0,18,0,9,27,18,9,USC,USC,70.1,,
174143,DT Sheffield,WR,0,2026,2026,251,74.9,78.2,,73.7,61.7,10,0,1,0,0,40,0,10,50,40,10,N TEXAS,N TEXAS,69.2,,
174150,Makai Lemon,WR,0,2026,2026,326,89.7,75.4,,87,60.8,06,0,1,0,0,14,0,6,20,14,6,USC,USC,67.6,,
174151,Quinten Joyner,HB,0,,2028,326,69.9,73.1,74.5,64.7,60,00,0,1,0,3,9,3,1,16,12,4,USC,USC,67.8,,69.5
174152,DeAndre Buchannon,WR,0,,2028,174,56.8,67.3,,58,60,15,0,1,0,0,2,0,1,3,2,1,GA SOUTHRN,GA SOUTHRN,68.5,,
174165,A'Marion Peterson,HB,0,,2028,326,59.1,62.7,,,,22,0,1,0,0,0,1,0,1,0,1,USC,USC,62.5,,59.5
174167,Carlos Hernandez,WR,0,,2028,341,76.2,76.8,,75.8,55.6,08,0,1,0,0,17,0,14,31,17,14,WASH STATE,WASH STATE,65,,
174168,Mikey Matthews,WR,0,,2028,130,68.8,0,,70.9,59.2,08,1,1,0,0,19,0,7,26,19,7,CAL,CAL,71.8,,
174176,Taylor Bradshaw,WR,0,,2028,174,54.2,72.8,,54.7,60.5,89,0,1,0,0,6,0,6,12,6,6,GA SOUTHRN,GA SOUTHRN,,,
174177,Tiger Bachmeier,WR,0,,2028,300,55.7,78.1,,55.6,61.8,24,0,1,0,0,34,0,8,42,34,8,STANFORD,STANFORD,70.5,,
174199,JP Mikhael,TE,0,,2028,174,54.9,66.5,,56.8,60,84,0,1,0,0,2,0,1,3,2,1,GA SOUTHRN,GA SOUTHRN,,,
174213,Elija Walton,TE,0,,2028,174,30.4,69.9,,30.6,47.7,83,0,1,0,0,5,0,6,11,5,6,GA SOUTHRN,GA SOUTHRN,,,
174216,Solatoa Moea'i,G,0,,2028,328,48.1,0,79.1,,55,62,1,1,0,6,0,0,5,11,6,5,UTAH,UTAH,,,
174217,Spencer Fano,T,0,2026,2026,328,75.4,76.5,83.9,,68.4,55,0,1,0,40,0,0,23,63,40,23,UTAH,UTAH,,,
174220,Esa Pole,T,1,2025,2025,341,63.8,20.3,79.8,,61.7,76,1,1,0,39,0,0,32,71,39,32,WASH STATE,WASH STATE,,,
174221,Elijah Paige,T,0,,2028,326,75.1,75.8,74.6,,73.2,72,0,1,0,29,0,0,17,46,29,17,USC,USC,,,
174222,Nick Morrow,T,0,,2028,130,71.2,77.3,75.5,,66.9,52,0,1,0,44,0,0,26,70,44,26,CAL,CAL,,,
174287,Ike Esonwune,LB,0,,2028,262,60,63,,,59.8,D25,0,1,0,0,0,0,1,1,0,1,OKLA STATE,OKLA STATE,,,
174291,Shea Freibaum,LS,0,,2028,262,60,65.1,,,60,S44,0,1,0,0,0,0,1,1,0,1,OKLA STATE,OKLA STATE,,,
174313,Sesi Vailahi,HB,0,,2029,262,65.9,71.8,72.2,60.2,60,03,0,1,0,1,11,4,1,17,12,5,OKLA STATE,OKLA STATE,68.9,,67.1
174360,Dylan Rizk,QB,0,,2028,323,76.1,72,,,60,10,0,1,16,0,0,0,2,18,16,2,UCF,UCF,66.5,73.2,66.4
174633,Matthew Klopfenstein,TE,0,,2028,118,79,69.8,,85.6,58,85,0,1,0,0,2,0,5,7,2,5,BAYLOR,BAYLOR,61,,
174637,Dawson Pendergrass,HB,0,,2028,118,94.7,72.4,76.6,79.6,59.9,35,0,1,0,3,6,8,2,19,9,10,BAYLOR,BAYLOR,72,,92.8
174638,Hawkins Polley,TE,0,,2028,118,60,63.5,,,60,86,0,1,0,0,0,0,1,1,0,1,BAYLOR,BAYLOR,,,
174649,Bryson Washington,HB,0,,2029,118,65.6,75,17.4,55.8,60,30,0,1,0,7,8,18,1,34,15,19,BAYLOR,BAYLOR,76.2,,68.3
174702,William Fowles,WR,0,,2028,108,60,66.8,,,60,00,0,1,0,0,0,0,2,2,0,2,APP STATE,APP STATE,,,
174705,Cataurus Hicks,WR,0,,2028,210,55.8,70.6,,56.4,,81,0,1,0,0,7,0,0,7,7,0,LOUISVILLE,LOUISVILLE,61,,
174754,Davon Booth,HB,0,2026,2026,227,70.1,74.8,76.5,85.8,60,21,0,1,0,8,14,17,1,40,22,18,MISS STATE,MISS STATE,76.1,,63.7
174765,Will Monney,TE,0,,2029,329,44.8,75.7,,47.6,41.4,86,0,1,0,0,21,0,7,28,21,7,UTAH ST,UTAH ST,61,,
174774,Gabriel Arena,T,0,,2028,126,67.2,67.7,,,70.1,59,0,1,0,0,0,0,4,4,0,4,BUFFALO,BUFFALO,,,
174777,Jeremiah Coney,HB,0,,2027,337,60,66.5,,,60,21,0,1,0,0,0,0,3,3,0,3,VA TECH,VA TECH,,,
174784,Ayden Greene,WR,0,,2028,337,58.4,73.4,,54.9,60,26,0,1,0,0,10,1,6,17,10,7,VA TECH,VA TECH,62.5,,62.6
174803,Zeke Wimbush,TE,0,,2029,337,60,66,,,60,88,0,1,0,0,0,0,3,3,0,3,VA TECH,VA TECH,,,
174804,Dylan Wittke,QB,0,,2028,225,60,68.1,,,60,14,0,1,0,0,0,0,5,5,0,5,MINNESOTA,MINNESOTA,,,
174812,Jake Davies,T,0,,2028,351,38.7,77.7,5.7,,50.8,71,0,1,0,36,0,0,40,76,36,40,WYOMING,WYOMING,,,
174828,Justin Stevenson,WR,0,,2028,351,58.9,77.2,,56.6,61.3,11,0,1,0,0,25,2,21,48,25,23,WYOMING,WYOMING,66.3,,63.2
174870,Cooper Hoch,WR,0,,2028,285,55.2,70.3,,56.3,60,13,0,1,0,0,3,0,1,4,3,1,S JOSE ST,S JOSE ST,,,
174921,Vaughn Blue,HB,0,,2028,206,48.5,70.3,,45.7,60,24,0,1,0,0,2,2,3,7,2,5,LIBERTY,LIBERTY,65.5,,54.3
174929,Aaron Fenimore,C,0,,2028,206,59.4,80,76,,54.6,61,0,1,0,43,0,0,31,74,43,31,LIBERTY,LIBERTY,,,
174978,Joey Aguilar,QB,0,2026,2026,108,91.6,77.1,,,60,04,0,1,31,0,0,4,34,69,31,38,APP STATE,APP STATE,70.3,91.5,65.8
174988,Max Drag,TE,0,,2028,108,64.6,70.4,64.6,57.3,70.3,80,0,1,0,1,2,0,4,7,3,4,APP STATE,APP STATE,,,
175009,Jackson Bowers,TE,0,,2029,128,60,67.6,64.2,,60,86,0,1,0,1,0,0,2,3,1,2,BYU,BYU,,,
175012,Kaden Chidester,T,0,,2028,128,60,60,,,60,79,0,1,0,0,0,0,1,1,0,1,BYU,BYU,,,
175035,LJ Martin,HB,0,,2028,128,70.9,74.9,77.1,57.6,58.8,27,0,1,0,6,13,15,4,38,19,19,BYU,BYU,27.7,,71.2
175037,Ray Paulo,TE,0,,2025,128,58.5,73.3,64.2,59.5,59.4,42,0,1,0,1,1,0,9,11,2,9,BYU,BYU,,,
175038,Jojo Phillips,WR,0,,2028,128,53.8,75.8,,54.2,56.4,13,0,1,0,0,9,0,16,25,9,16,BYU,BYU,,,
175039,Landon Rehkow,P,0,,2029,128,60,60,,,60,S39,0,1,0,0,0,0,1,1,0,1,BYU,BYU,,,
175046,Deion Brown,HB,0,,2028,160,61.6,63.5,,66,,30,0,1,0,0,1,0,0,1,1,0,E MICHIGAN,E MICHIGAN,63.6,,
175055,Joey Mattord,HB,0,,2028,160,64,69.6,74.3,67.8,,24,0,1,0,3,7,0,0,10,10,0,E MICHIGAN,E MICHIGAN,63.6,,
175134,Khamari Anderson,TE,0,,2028,202,69.9,74.1,63.5,72.3,60.2,15,0,1,0,1,6,0,10,17,7,10,KENTUCKY,KENTUCKY,62.9,,
175136,Ardell Banks,WR,0,,2028,201,82,73.6,,78.8,58.9,13,0,1,0,0,4,0,2,6,4,2,KENT STATE,KENT STATE,61,,
175138,Anthony Brown-Stephens,WR,0,,2027,202,55.1,72,41.5,56.1,61.6,05,0,1,0,2,5,0,10,17,7,10,KENTUCKY,KENTUCKY,,,
175159,Shamar Porter,WR,0,,2028,146,47.7,66.8,,57.7,36.8,05,0,1,0,0,2,0,0,2,2,0,UCONN,UCONN,,,
175162,Jamarion Wilcox,HB,0,,2028,202,68.3,72,9.6,65.3,60,10,0,1,0,2,2,7,2,13,4,9,KENTUCKY,KENTUCKY,71.4,,69.8
175163,Malachi Wood,T,0,,2029,202,33.1,75.9,0,,51.4,71,0,1,0,32,0,0,24,56,32,24,KENTUCKY,KENTUCKY,,,
175189,Antonio Ferguson,TE,0,,2028,166,48.4,0,49,49.8,60.7,85,1,1,0,11,11,0,25,47,22,25,FIU,FIU,,,
175196,Jimarion McCrimon,T,0,,2028,156,50.4,11.3,61.3,,52.8,62,1,1,0,31,0,0,27,58,31,27,E CAROLINA,E CAROLINA,,,
175202,Desirrio Riles,TE,0,,2028,156,52.3,76.1,71.3,52.3,50.6,06,0,1,0,5,13,0,16,34,18,16,E CAROLINA,E CAROLINA,61,,
175207,Bryce Weaver,T,0,,2028,156,60.2,69.6,,,59.8,71,0,1,0,0,0,0,8,8,0,8,E CAROLINA,E CAROLINA,,,
175220,Isaiah Bryant,FB,0,,2028,237,57.6,73,,56.1,57.1,25,0,1,0,0,5,0,10,15,5,10,NAVY,NAVY,69.5,,
175241,Caden Hooper,T,0,,2027,237,60,67.2,,,59.8,74,0,1,0,0,0,0,3,3,0,3,NAVY,NAVY,,,
175242,Luke Hutchison,WR,0,,2028,237,76.9,72.3,,69.8,60,89,0,1,1,0,4,0,5,10,5,5,NAVY,NAVY,62.4,71.7,
175253,Cam Nichols,G,0,,2028,237,58.7,78.4,87.7,,55.6,69,0,1,0,18,0,0,39,57,18,39,NAVY,NAVY,,,
175268,Hoke Smith II,G,0,,2028,237,60,68.7,,,59.6,79,0,1,0,0,0,0,3,3,0,3,NAVY,NAVY,,,
175276,Braxton Woodson,QB,0,,2028,237,51.5,66.6,,,60,05,0,1,0,0,0,2,1,3,0,3,NAVY,NAVY,65.5,,55.2
175339,Reed Harris,WR,0,,2028,121,51.7,78.7,,51,62.6,04,0,1,0,0,31,0,31,62,31,31,BOSTON COL,BOSTON COL,,,
175343,Jaedn Skeete,WR,0,,2028,121,45.3,73.4,,45.6,61.3,06,0,1,0,0,9,0,7,16,9,7,BOSTON COL,BOSTON COL,,,
175368,Bailey Stockton,WR,0,,2028,176,75,68.2,,71.5,60,87,0,1,0,0,3,0,2,5,3,2,GA TECH,GA TECH,61,,
175374,Mark Fletcher Jr.,HB,0,,2028,220,62.7,76.3,13.1,53.9,,04,0,1,0,3,19,15,0,37,22,15,MIAMI FL,MIAMI FL,27.7,,66.1
175378,Chris Johnson Jr.,WR,0,,2028,220,61.2,66,,62.3,,24,0,1,0,0,2,0,0,2,2,0,MIAMI FL,MIAMI FL,65.1,,
175380,Tommy Kinsler IV,T,0,,2028,220,60,64.1,,,60,62,0,1,0,0,0,0,1,1,0,1,MIAMI FL,MIAMI FL,,,
175388,Frankie Tinilau,G,0,,2028,220,60,65.2,,,60,75,0,1,0,0,0,0,1,1,0,1,MIAMI FL,MIAMI FL,,,
175393,Chris Culliver,WR,0,,2028,245,56,73.3,,56.4,60,03,0,1,0,0,7,0,3,10,7,3,N CAROLINA,N CAROLINA,61,,
175417,Benny Haselrig,WR,0,,2028,268,55.8,70.7,,56.7,60,29,0,1,0,0,4,0,1,5,4,1,PITTSBURGH,PITTSBURGH,,,
175419,Kenny Johnson,WR,0,,2028,268,57.1,74.7,,57.7,55.7,02,0,1,0,0,11,0,9,20,11,9,PITTSBURGH,PITTSBURGH,64.1,,
175430,Ty'Lyric Coleman,WR,0,,2028,335,63.5,72.6,,62.9,60,17,0,1,0,0,12,0,1,13,12,1,VIRGINIA,VIRGINIA,62.9,,
175436,Suderian Harrison,WR,0,,2028,335,52.6,72.2,,53,60.2,01,0,1,0,0,10,0,3,13,10,3,VIRGINIA,VIRGINIA,,,
175443,Noah Vaughn,HB,0,,2028,335,60.6,70.9,70.2,72.2,,28,0,1,0,1,8,1,0,10,9,1,VIRGINIA,VIRGINIA,65.3,,57
175464,Aziah Johnson,WR,0,,2028,223,53.2,73.2,,54.2,55,11,0,1,0,0,13,0,7,20,13,7,MICH STATE,MICH STATE,,,
175499,Ja'Ricous Hairston,TE,0,,2028,337,60,67.5,,,60,13,0,1,0,0,0,0,3,3,0,3,VA TECH,VA TECH,,,
175521,Tucker Ashcraft,TE,0,,2028,349,52.4,74.1,71.1,55.8,51,38,0,1,0,4,7,0,19,30,11,19,WISCONSIN,WISCONSIN,61,,
175522,Atticus Bertrams,P,0,,2028,349,72.3,70.3,,,,S49,0,1,0,0,0,1,0,1,0,1,WISCONSIN,WISCONSIN,62.5,,68
175527,Trech Kekahuna,WR,0,,2028,349,49.3,75.9,,51.6,42.4,02,0,1,0,0,30,0,7,37,30,7,WISCONSIN,WISCONSIN,61,,
175543,Jaheim Buchanon,C,0,,2028,166,66.5,78.1,73.3,,63.6,59,0,1,0,19,0,0,26,45,19,26,FIU,FIU,,,
175550,Semaj Demps,WR,0,,2029,166,56.3,69.9,,57.2,60,21,0,1,0,0,3,0,1,4,3,1,FIU,FIU,,,
175560,Daniel Michel,T,0,,2028,166,48.1,67.7,0,,51.3,53,0,1,0,1,0,0,3,4,1,3,FIU,FIU,,,
175571,Braiden Staten,TE,0,,2027,166,58,68.9,,58.9,59.2,87,0,1,0,0,2,0,4,6,2,4,FIU,FIU,,,
175612,Kolt Dieterich,T,0,,2028,281,60.4,75,82.5,,54,79,0,1,0,16,0,0,22,38,16,22,SM HOUSTON,SM HOUSTON,,,
175620,D.J. McKinney,HB,0,,2028,281,60,74.6,75.5,66,57.2,21,0,1,0,3,11,12,5,31,14,17,SM HOUSTON,SM HOUSTON,74.1,,58.4
175641,Ezell Jolly,HB,0,,2028,330,60.5,72.1,,57.8,51.9,22,0,1,0,0,3,7,3,13,3,10,UTEP,UTEP,71.3,,63.9
175695,Nick Delgadillo,WR,0,,2029,180,60,67.5,,,60,89,0,1,0,0,0,0,3,3,0,3,HAWAII,HAWAII,,,
175703,James Milovale,T,1,,2026,180,60.7,0,59.8,,67.7,70,1,1,0,22,0,0,20,42,22,20,HAWAII,HAWAII,,,
175709,John-Keawe Sagapolutele,QB,0,,2029,180,62,66.6,,,,16,0,1,0,0,0,3,0,3,0,3,HAWAII,HAWAII,67.3,,60.8
175713,Maclane Watkins,TE,0,,2028,180,60,68.8,,,60,81,0,1,0,0,0,0,3,3,0,3,HAWAII,HAWAII,,,
175717,Marshaun Brown,WR,0,,2028,239,60,66.8,,,60,09,0,1,0,0,0,0,2,2,0,2,NEVADA,NEVADA,,,
175718,Nate Burleson II,WR,0,,2028,239,56.3,72.4,,56.7,60.3,12,0,1,0,0,5,0,4,9,5,4,NEVADA,NEVADA,,,
175727,Tyson Ruffins,G,0,,2028,239,63.6,80.3,72.6,,60.1,56,0,1,0,50,0,0,25,75,50,25,NEVADA,NEVADA,,,
175728,Josiah Timoteo,T,1,,2029,239,55.3,77,39,,64.4,71,1,1,0,50,0,0,25,75,50,25,NEVADA,NEVADA,,,
175731,Aidan Armenta,QB,0,,2028,209,70.4,76.3,,57.6,60,10,1,1,28,0,1,0,30,59,29,30,LA MONROE,LA MONROE,68,65.8,71
175734,Jake Godfrey,WR,0,,2028,209,53.7,74.3,,53.4,59.9,02,0,1,0,0,11,0,18,29,11,18,LA MONROE,LA MONROE,,,
175742,Nic Trujillo,WR,0,,2028,241,54.4,79.1,,54,63.1,07,0,1,0,0,38,0,24,62,38,24,NEW MEXICO,NEW MEXICO,62.9,,
175759,Jordan Napier,WR,0,,2029,284,75.7,75.6,,66.8,60.7,19,0,1,1,0,16,0,7,24,17,7,S DIEGO ST,S DIEGO ST,64.6,87.7,
175760,Brady Nassar,ED,0,,2028,284,60,65.1,,,60,D93,0,1,0,0,0,0,1,1,0,1,S DIEGO ST,S DIEGO ST,,,
175766,Javance Tupou'ata-Johnson,QB,0,,2028,284,74.1,71.8,,,60,06,0,1,10,0,0,1,5,16,10,6,S DIEGO ST,S DIEGO ST,66.5,73.5,63.5
175797,Duane Thomas Jr.,WR,0,,2028,136,50,71.2,,56.3,43.3,10,0,1,0,0,4,0,4,8,4,4,CHARLOTTE,CHARLOTTE,,,
175828,Jaylen Pretlow,WR,0,,2030,263,60,65.6,,,60,19,0,1,0,0,0,0,2,2,0,2,DOMINION,DOMINION,,,
175877,Richard Young,HB,0,,2028,103,67.1,66.8,,,,09,0,1,0,0,0,4,0,4,0,4,ALABAMA,ALABAMA,68.6,,65.5
175899,Daniel Blood,WR,0,,2028,229,54.5,72.5,,55.4,55.8,16,0,1,0,0,5,0,12,17,5,12,MISSOURI,MISSOURI,,,
175904,Jordon Harris,TE,0,,2028,229,48.9,75.1,49.3,57.3,47.8,86,0,1,0,3,4,0,21,28,7,21,MISSOURI,MISSOURI,61,,
175905,Gabarri Johnson,QB,0,,2029,265,54.1,68.1,,,60,05,0,1,3,0,0,1,1,5,3,2,OREGON ST,OREGON ST,64.8,61.8,54.7
175906,Marquis Johnson,WR,0,,2028,229,56.6,76,,56,60.2,02,0,1,0,0,8,0,20,28,8,20,MISSOURI,MISSOURI,65.1,,
175909,Brett Norfleet,TE,0,,2028,229,69.6,74.6,67.3,62.7,80.9,87,0,1,0,1,15,0,6,22,16,6,MISSOURI,MISSOURI,64.1,,
175912,Jamal Roberts,HB,0,,2028,229,74.8,76.2,65.7,67.6,60,20,0,1,0,8,10,17,1,36,18,18,MISSOURI,MISSOURI,75.8,,71.9
175940,Marcel Reed,QB,0,,2028,312,90.1,73.3,,,60,10,0,1,3,0,0,11,11,25,3,22,TEXAS A&M,TEXAS A&M,73.3,88.3,73.1
175944,Jahdae Walker,WR,0,2025,2025,312,47,0,,54.3,61.4,09,1,1,0,0,13,0,12,25,13,12,TEXAS A&M,TEXAS A&M,,,
175947,Aloali'i Maui,G,0,,2027,329,58.2,78.3,86.1,,52.1,62,0,1,0,33,0,0,24,57,33,24,UTAH ST,UTAH ST,,,
175952,Malik Elzy,WR,0,,2028,187,49.4,71,,54.9,38.1,08,0,1,0,0,8,0,2,10,8,2,ILLINOIS,ILLINOIS,,,
175954,Collin Dixon,WR,0,,2028,187,58.5,76.7,,58.4,61.1,17,0,1,0,0,25,0,9,34,25,9,ILLINOIS,ILLINOIS,64.1,,
175980,Will Larkins,T,0,,2029,175,58.1,66.9,70.4,,55.4,71,0,1,0,1,0,0,2,3,1,2,GA STATE,GA STATE,,,
175984,Anthony Miller,TE,0,,2028,319,48.4,70.3,,,50.3,85,0,1,0,0,0,0,12,12,0,12,TULANE,TULANE,,,
176028,Max Runyon,FB,0,,2026,304,60,66.9,,,59.8,38,0,1,0,0,0,0,3,3,0,3,SYRACUSE,SYRACUSE,,,
176030,J'Onre Reed,C,0,,2026,304,64.4,79.1,60.3,,64,50,0,1,0,39,0,0,20,59,39,20,SYRACUSE,SYRACUSE,,,
176036,Darrell Gill Jr.,WR,0,,2028,304,54.7,77.7,,54.7,61.4,82,0,1,0,0,37,0,9,46,37,9,SYRACUSE,SYRACUSE,61,,
176077,Deuce Alexander,WR,0,,2028,339,55.6,77.1,,55.7,57.9,81,0,1,0,0,22,0,24,46,22,24,WAKE,WAKE,65.7,,
176078,Micah Mays Jr.,WR,0,,2028,339,63.3,79.2,,63.2,58.6,18,0,1,0,0,35,0,29,64,35,29,WAKE,WAKE,65,,
176079,Christian Abney,TE,0,,2028,117,59.6,76.8,68,59.7,58.1,87,1,1,0,2,18,0,37,57,20,37,BALL ST,BALL ST,63.6,,
176082,Jacqez Barksdale,HB,0,,2025,126,61.5,62.7,,65.4,,04,0,1,0,0,1,0,0,1,1,0,BUFFALO,BUFFALO,61,,
176095,Curtis Douglas,HB,0,,2027,201,66.6,73.7,77.3,54.6,60,24,0,1,0,3,13,7,1,24,16,8,KENT STATE,KENT STATE,71.3,,68
176097,Chris Farrell,G,0,,2028,201,56.9,77.7,41.1,,58.5,70,0,1,0,26,0,0,18,44,26,18,KENT STATE,KENT STATE,,,
176114,Aidan Johnson,G,0,,2028,259,59.4,72,,,59.1,71,0,1,0,0,0,0,9,9,0,9,OHIO,OHIO,,,
176150,Judea Milon,T,0,,2027,138,60,64.3,61.5,,,71,0,1,0,1,0,0,0,1,1,0,CINCINNATI,CINCINNATI,,,
176166,Tevita Ahoafi-Noa,TE,0,,2025,198,52.2,71.3,75.9,57.2,50.3,88,0,1,0,4,3,0,6,13,7,6,KANSAS,KANSAS,,,
176181,Ryan Niblett,HB,0,,2028,311,60,63.5,,,60,21,0,1,0,0,0,0,1,1,0,1,TEXAS,TEXAS,,,
176190,Quintrevion Wisner,HB,0,,2028,311,73.6,75.7,77.4,64.1,60,26,0,1,0,3,20,18,2,43,23,20,TEXAS,TEXAS,76.2,,74
176195,Randy Pittman Jr.,TE,0,,2028,323,48.7,78.1,31.1,50.2,54.2,05,0,1,0,4,31,0,21,56,35,21,UCF,UCF,62.9,,
176206,Traylon Ray,WR,0,,2028,343,69.3,76.2,,65.4,87.6,07,0,1,0,0,23,0,19,42,23,19,W VIRGINIA,W VIRGINIA,62.9,,
176273,Delvin Morris,G,0,,2028,102,63.4,79.8,53.1,,64.2,57,0,1,0,31,0,0,31,62,31,31,AKRON,AKRON,,,
176292,Evan Link,T,0,,2028,222,70.2,74.4,88.2,,64,71,0,1,0,16,0,0,22,38,16,22,MICHIGAN,MICHIGAN,,,
176301,Adrian Norton,WR,0,,2028,102,65.1,78.9,,64.4,63,15,0,1,0,0,31,0,31,62,31,31,AKRON,AKRON,64.1,,
176312,Conner Cravaack,TE,0,,2028,102,75.7,73.8,65.3,87.1,53.1,85,0,1,0,1,7,0,16,24,8,16,AKRON,AKRON,64.6,,
176316,Jared Merk,WR,0,,2029,122,60,64.1,,,60,87,0,1,0,0,0,0,1,1,0,1,BOWL GREEN,BOWL GREEN,,,
176320,Matt Wagner,TE,0,,2028,120,65.7,0,64.2,77.8,59,88,1,1,0,8,9,0,29,46,17,29,BOISE ST,BOISE ST,61,,
176401,Cooper Jensen,TE,0,,2028,265,57.2,67.1,,57.6,59.9,85,0,1,0,0,2,0,1,3,2,1,OREGON ST,OREGON ST,,,
176410,David Wells Jr.,WR,0,,2028,265,65.2,72.8,,65.3,55.1,06,0,1,0,0,7,0,3,10,7,3,OREGON ST,OREGON ST,61,,
176418,JQ Gray,HB,0,,2027,296,60,63.8,,59.9,,20,0,1,0,0,1,0,0,1,1,0,SO MISS,SO MISS,61.9,,
176420,Chris Hayes,T,0,,2028,296,48.8,71.3,22.7,,57.4,59,0,1,0,9,0,0,5,14,9,5,SO MISS,SO MISS,,,
176430,Justyn Reid,TE,0,,2028,296,40.9,75.6,70.9,44.6,48.8,08,0,1,0,3,16,0,12,31,19,12,SO MISS,SO MISS,,,
176432,Tanner Welch,T,0,,2028,296,50.9,76.3,19.5,,62.4,71,0,1,0,28,0,0,26,54,28,26,SO MISS,SO MISS,,,
176482,Rahsul Faison,HB,0,,2026,329,72.9,78.4,18.7,61.6,,03,0,1,0,5,37,23,0,65,42,23,UTAH ST,UTAH ST,77.5,,77.1
176490,Jamel Hardy Jr.,WR,0,,2028,331,63.5,74.5,,62.8,61,86,0,1,0,0,10,0,6,16,10,6,UTSA,UTSA,61,,
176495,Patrick Overmyer,TE,0,,2028,331,66.9,77,66.8,67.5,55,89,0,1,0,1,30,0,20,51,31,20,UTSA,UTSA,66.2,,
176506,Anthony Birsa,G,0,,2028,256,55.5,78.1,34.7,,58.1,64,0,1,0,30,0,0,22,52,30,22,NWESTERN,NWESTERN,,,
176507,Alexander Doost,G,0,,2028,109,62.6,79.6,86.4,,55,60,0,1,0,42,0,0,20,62,42,20,ARIZONA,ARIZONA,,,
176556,Nyziah Hunter,WR,0,,2029,130,73.6,0,,74.1,56.6,13,1,1,0,0,31,1,15,47,31,16,CAL,CAL,66.5,,63.4
176564,Jaivian Thomas,HB,0,,2028,130,61.3,76.1,34.6,57.7,59.7,25,0,1,0,7,15,7,2,31,22,9,CAL,CAL,71.4,,64.5
176569,Frederick Williams III,T,1,,2028,130,66.2,21,76.6,,65.9,54,1,1,0,44,0,0,32,76,44,32,CAL,CAL,,,
176571,Kareem Harden,G,0,,2026,143,62.2,77.2,82.8,,58.8,55,0,1,0,18,0,0,23,41,18,23,COLORADO,COLORADO,,,
176590,Jurrion Dickey,WR,0,,2028,264,59.3,69.9,,59.9,60.1,13,0,1,0,0,1,0,3,4,1,3,OREGON,OREGON,,,
176592,Zach Grace,TE,0,,2028,264,55.2,70.4,70.2,59.3,55.7,44,0,1,0,1,1,0,5,7,2,5,OREGON,OREGON,,,
176595,Lipe Moala,G,0,,2029,264,57.6,70.7,71.3,,57,79,0,1,0,1,0,0,5,6,1,5,OREGON,OREGON,,,
176609,Ismael Cisse,WR,0,,2028,300,54.2,73.8,,54.7,60.2,84,0,1,0,0,13,0,3,16,13,3,STANFORD,STANFORD,61,,
176626,Simione Pale,G,0,,2028,300,53.3,0,57.1,,60.8,55,2,1,0,51,0,0,20,71,51,20,STANFORD,STANFORD,,,
176636,Kade Eldridge,TE,0,,2028,326,39.7,0,66.8,,54,88,1,1,0,1,0,0,11,12,1,11,USC,USC,,,
176638,Ja'Kobi Lane,WR,0,2026,2026,326,65,76.4,,64.4,59.8,08,0,1,0,0,17,0,8,25,17,8,USC,USC,62.9,,
176640,Alani Noa,G,0,,2028,326,60.4,77.7,29.5,,66,77,0,1,0,29,0,0,17,46,29,17,USC,USC,,,
176641,Tobias Raymond,T,0,,2028,326,56.6,71.4,73.4,,55.6,73,0,1,0,2,0,0,8,10,2,8,USC,USC,,,
176642,Duce Robinson,WR,0,,2028,326,54.7,74.8,64.2,54.1,61.2,02,0,1,0,1,9,0,16,26,10,16,USC,USC,,,
176646,Amos Talalele,G,0,,2029,326,50.3,70.7,,,50.4,75,0,1,0,0,0,0,6,6,0,6,USC,USC,,,
176648,Dallen Bentley,TE,0,2026,2026,328,52.2,74.9,71.1,49.7,58.2,88,0,1,0,3,10,0,18,31,13,18,UTAH,UTAH,,,
176655,Caleb Lomu,T,0,2026,2026,328,78.6,77,82.7,,73.9,71,0,1,0,40,0,0,23,63,40,23,UTAH,UTAH,,,
176656,Mike Mitchell,HB,0,,2027,328,60,65.2,,,57.5,21,0,1,0,0,0,0,2,2,0,2,UTAH,UTAH,,,
176666,Daidren Zipperer,WR,0,,2028,328,56.7,69,,58.9,60,06,0,1,0,0,1,0,1,2,1,1,UTAH,UTAH,,,
176689,Leo Pulalasi,HB,0,,2028,341,56.3,72.7,76.3,60.7,59.9,20,0,1,0,3,3,4,3,13,6,7,WASH STATE,WASH STATE,68.9,,55.1
177032,Gavin Harris,TE,0,,2027,134,44.4,78.3,66.3,51.6,42.4,29,0,1,0,2,17,0,27,46,19,27,C MICHIGAN,C MICHIGAN,,,
178477,Wesley Campbell VI,TE,0,,2027,209,73.1,67.6,,70.4,,06,0,1,0,0,4,0,0,4,4,0,LA MONROE,LA MONROE,62.9,,
181149,Sam Carson,T,0,,2025,209,70.6,71.6,80.2,,67.3,60,0,1,0,8,0,0,6,14,8,6,LA MONROE,LA MONROE,,,
181153,Jyren Ester,CB,0,,2026,209,60,64.9,,,60,D20,0,1,0,0,0,0,1,1,0,1,LA MONROE,LA MONROE,,,
181157,Lynard Harris,LB,0,,2028,209,60,60,,,60,D21,0,1,0,0,0,0,1,1,0,1,LA MONROE,LA MONROE,,,
181165,Jay Mickle,G,0,,2026,209,67,78.7,58.2,,67.8,56,0,1,0,29,0,0,33,62,29,33,LA MONROE,LA MONROE,,,
181171,Travor Randle,S,0,,2026,209,60,60,,,60,D04,0,1,0,0,0,0,1,1,0,1,LA MONROE,LA MONROE,,,
181174,Si Stovall,TE,0,,2028,209,60,60,,,60,82,0,1,0,0,0,0,1,1,0,1,LA MONROE,LA MONROE,,,
181445,Alan Herron,T,0,2026,2026,215,67.5,76,65.9,,66.5,71,0,1,0,40,0,0,17,57,40,17,MARYLAND,MARYLAND,,,
182676,Kris Hughes,WR,0,,2028,210,73.8,73.2,,72.8,59.7,49,0,1,0,0,14,0,9,23,14,9,LOUISVILLE,LOUISVILLE,64.1,,
183213,Isiah Canion,WR,0,,2029,176,67.3,73.7,,66.6,59.9,13,0,1,0,0,7,0,8,15,7,8,GA TECH,GA TECH,62.9,,
183214,Anthony Carrie,HB,0,,2029,176,60.8,74.2,80.5,52.9,,06,0,1,0,4,14,8,0,26,18,8,GA TECH,GA TECH,71.9,,61.7
183220,Harrison Moore,G,0,,2029,176,60,63.5,,,60,44,0,1,0,0,0,0,1,1,0,1,GA TECH,GA TECH,,,
183222,Aaron Philo,QB,0,,2029,176,72.7,74.6,,,60,12,0,1,27,0,0,1,9,37,27,10,GA TECH,GA TECH,68.5,72.7,59.6
183226,Markel Bell,T,0,2026,2026,220,58.3,73.7,23,,66.2,70,0,1,0,13,0,0,13,26,13,13,MIAMI FL,MIAMI FL,,,
183228,Ny Carr,WR,0,,2029,220,60,64.1,,,60,19,0,1,0,0,0,0,1,1,0,1,MIAMI FL,MIAMI FL,,,
183230,Nino Francavilla,C,0,,2028,220,60,65,,,60,55,0,1,0,0,0,0,1,1,0,1,MIAMI FL,MIAMI FL,,,
183234,Elija Lofton,TE,1,,2029,220,64.8,74,67.3,73.6,46.1,09,1,1,0,1,3,0,7,11,4,7,MIAMI FL,MIAMI FL,,,
183245,Joshisa Trader,WR,0,,2029,220,72.4,70.2,,69.9,60,00,0,1,0,0,4,0,2,6,4,2,MIAMI FL,MIAMI FL,61,,
183262,Josiah Martin,WR,0,,2029,130,61,73.8,,62.7,61.9,17,0,1,0,0,11,1,11,23,11,12,CAL,CAL,64.3,,57.7
183276,Elijah Brown,QB,0,,2029,300,31.8,71.4,,,60,02,0,1,11,0,0,1,3,15,11,4,STANFORD,STANFORD,20.1,47.5,44.8
183278,Emmett Mosley V,WR,0,,2029,300,56.4,0,,59.3,46.4,10,1,1,0,0,51,0,20,71,51,20,STANFORD,STANFORD,65,,
183299,BJ Gibson,WR,0,,2028,167,45.3,73.6,,46.9,59.9,80,0,1,0,0,15,0,1,16,15,1,FLORIDA ST,FLORIDA ST,,,
183305,Luke Kromenhoek,QB,0,,2029,167,54.5,74.7,,,60.1,14,0,1,23,0,0,4,11,38,23,15,FLORIDA ST,FLORIDA ST,69.9,48.1,64.1
183307,Lawayne McCoy,WR,0,,2029,167,59.1,76.1,,59,60,15,0,1,0,0,23,0,1,24,23,1,FLORIDA ST,FLORIDA ST,66.2,,
183310,Landen Thomas,TE,0,,2029,167,52.4,76,66.8,60.2,36.2,18,0,1,0,2,18,0,6,26,20,6,FLORIDA ST,FLORIDA ST,61,,
183312,Isaac Brown,HB,0,,2029,210,68,77.7,78.1,74.9,59.5,25,0,1,0,4,24,17,2,47,28,19,LOUISVILLE,LOUISVILLE,76.3,,64.7
183324,Aidan Banfield,G,0,,2029,245,54.3,79,42.1,,54.6,68,0,1,0,25,0,0,29,54,25,29,N CAROLINA,N CAROLINA,,,
183328,Davion Gause,HB,0,,2029,245,60.5,72.5,68.1,72.7,60,21,0,1,0,1,5,8,2,16,6,10,N CAROLINA,N CAROLINA,72,,58.4
183338,Jordan Shipp,WR,0,,2029,245,44.5,73,,46.3,60.1,01,0,1,0,0,9,0,3,12,9,3,N CAROLINA,N CAROLINA,,,
183374,Jaden Hart,HB,0,,2029,304,61.2,69.7,72.7,62.1,,22,0,1,0,1,6,0,0,7,7,0,SYRACUSE,SYRACUSE,61,,
183381,Yasin Willis,HB,0,,2029,304,60.5,73.9,48.8,81.4,58.9,23,1,1,0,11,10,4,3,28,21,7,SYRACUSE,SYRACUSE,69.5,,55.6
183432,Shaun Nicholas,WR,0,,2029,319,60.1,74.5,,60,60.3,19,0,1,0,0,1,0,14,15,1,14,TULANE,TULANE,,,
183475,Oscar Hammond,TE,0,,2027,251,54.1,76.1,36.2,66.1,34.9,23,1,1,0,5,24,0,10,39,29,10,N TEXAS,N TEXAS,64.1,,
183479,Tyler Mercer,C,0,,2029,251,62.1,16,70.8,,62,56,1,1,0,66,0,0,21,87,66,21,N TEXAS,N TEXAS,,,
183481,Kiefer Sibley,HB,0,,2029,251,58.9,77.3,20.3,63.6,60,21,0,1,0,14,38,11,2,65,52,13,N TEXAS,N TEXAS,74,,60.7
183483,Brandon Young Jr.,TE,0,,2029,251,57.6,67.2,65.6,59.1,60,87,0,1,0,1,1,0,1,3,2,1,N TEXAS,N TEXAS,,,
183515,Ca'Lil Valentine,HB,0,,2029,187,69.2,71.6,,62.7,,05,0,1,0,0,5,5,0,10,5,5,ILLINOIS,ILLINOIS,69.9,,68.5
183526,Ryan Howerton,G,0,,2029,215,62,71.2,77.9,,60,75,0,1,0,5,0,0,2,7,5,2,MARYLAND,MARYLAND,,,
183534,DeJuan Williams,HB,0,,2029,215,64.2,73.1,67.8,58.8,60,20,0,1,0,1,12,3,1,17,13,4,MARYLAND,MARYLAND,67.8,,65.6
183541,Nick Marsh,WR,0,,2029,223,63.6,79,,63.2,61.2,06,0,1,0,0,29,0,32,61,29,32,MICH STATE,MICH STATE,65,,
183547,Jacory Barney Jr.,WR,0,,2029,238,65.9,76.8,,65.3,62.3,17,0,1,0,0,35,0,13,48,35,13,NEBRASKA,NEBRASKA,16.5,,
183573,Carter Nelson,WR,0,,2029,238,56.9,67,,58,60,29,0,1,0,0,2,0,1,3,2,1,NEBRASKA,NEBRASKA,,,
183581,Dylan Raiola,QB,0,,2029,238,56.7,77.2,,,60.1,15,0,1,46,0,0,1,25,72,46,26,NEBRASKA,NEBRASKA,37,59.5,51.3
183600,Cooper Cousins,G,0,,2029,266,44.4,71.3,70.2,,44.6,50,0,1,0,2,0,0,4,6,2,4,PENN STATE,PENN STATE,,,
183611,Luke Reynolds,TE,0,,2029,266,52.6,72.9,,53.4,60,85,0,1,0,0,9,0,1,10,9,1,PENN STATE,PENN STATE,,,
183621,Bryan Jackson II,HB,0,,2028,326,65.2,65.2,,,,21,0,1,0,0,0,2,0,2,0,2,USC,USC,65.5,,63.8
183623,Kaylon Miller,G,0,,2029,326,56.2,71.2,,,56.1,60,0,1,0,0,0,0,6,6,0,6,USC,USC,,,
183630,Justin Tauanuu,T,0,,2029,326,54.4,69.1,,,53.2,74,0,1,0,0,0,0,6,6,0,6,USC,USC,,,
183635,Decker DeGraaf,TE,0,,2029,340,54.2,74.5,46.9,58.2,55.4,86,0,1,0,2,4,0,10,16,6,10,WASHINGTON,WASHINGTON,61,,
183637,Audric Harris,WR,0,,2029,340,60,66.8,,,59.9,13,0,1,0,0,0,0,2,2,0,2,WASHINGTON,WASHINGTON,,,
183644,Adam Mohammed,HB,0,,2029,340,65.4,69.4,19.8,57.1,,24,0,1,0,1,4,2,0,7,5,2,WASHINGTON,WASHINGTON,65.5,,67.1
183648,Demond Williams Jr.,QB,0,,2029,340,65.8,69.5,,,60,02,0,1,2,0,0,2,4,8,2,6,WASHINGTON,WASHINGTON,66.2,41.1,73.8
183656,Darrion Dupree,HB,0,,2029,349,63.1,69.5,70,75.1,,13,0,1,0,1,4,3,0,8,5,3,WISCONSIN,WISCONSIN,67.8,,59.5
183685,Jake Guarnera,C,0,,2029,222,60,67.2,63.8,,,53,0,1,0,1,0,0,0,1,1,0,MICHIGAN,MICHIGAN,,,
183686,Hogan Hansen,TE,0,,2029,222,60,64.1,,,65.1,80,0,1,0,0,0,0,1,1,0,1,MICHIGAN,MICHIGAN,,,
183694,Hayden Eligon II,WR,0,,2029,256,63,75.5,,62.9,59.1,80,0,1,0,0,11,0,12,23,11,12,NWESTERN,NWESTERN,61,,
183710,Jeremiah Smith,WR,0,,2029,260,64,77.6,,63.7,59.9,04,0,1,0,0,20,0,21,41,20,21,OHIO STATE,OHIO STATE,64.1,,
183773,Sione Moa,HB,0,,2029,128,60,67.3,,,60,30,0,1,0,0,0,0,3,3,0,3,BYU,BYU,,,
183779,Viliami Po'uha,ED,0,,2029,128,60,60,,,60,D45,0,1,0,0,0,0,1,1,0,1,BYU,BYU,,,
183782,Ryner Swanson,TE,0,,2028,128,75.3,72.9,,70.8,65.5,80,0,1,0,0,3,0,8,11,3,8,BYU,BYU,61,,
183794,Gavin Grover,TE,0,,2029,138,55.9,68.6,,56.8,60,87,0,1,0,0,4,0,1,5,4,1,CINCINNATI,CINCINNATI,,,
183837,Jeremy Payne,HB,0,,2029,305,74.6,70.7,0,81,58.1,26,0,1,0,1,8,3,2,14,9,5,TCU,TCU,68.2,,77.2
183872,Isaac Wilson,QB,0,,2029,328,44.8,74.7,,,60,11,0,1,25,0,0,2,11,38,25,13,UTAH,UTAH,27,48.9,48.9
183882,Jack Sammarco,TE,0,,2029,343,66.4,69.2,65.4,60,66.1,88,0,1,0,1,1,0,6,8,2,6,W VIRGINIA,W VIRGINIA,,,
183886,Jordan Seaton,T,0,,2029,143,58.6,77.4,78.4,,50.2,77,0,1,0,36,0,0,37,73,36,37,COLORADO,COLORADO,,,
183907,Jaxon Deason,WR,0,,2026,262,60,65,,,60,31,0,1,0,0,0,0,1,1,0,1,OKLA STATE,OKLA STATE,,,
183909,Josh Ford,TE,0,,2029,262,56.9,77.4,,49,65.9,40,0,1,0,0,16,0,20,36,16,20,OKLA STATE,OKLA STATE,,,
183950,Omiri Wiggins,HB,0,,2028,208,52.5,75.9,29.2,47,60,22,0,1,0,5,26,6,3,40,31,9,LA TECH,LA TECH,71.1,,54.8
183957,Zach Clayton,T,0,,2029,224,60.6,76.2,63.1,,56.7,79,0,1,0,42,0,0,17,59,42,17,MIDDLE TN,MIDDLE TN,,,
183990,Michael Phoenix II,WR,0,,2026,281,54.1,76.9,,54.2,60.7,04,0,1,0,0,16,1,16,33,16,17,SM HOUSTON,SM HOUSTON,64.3,,59.3
183994,Martavious Collins,TE,0,,2029,330,88.3,74.2,,,80.7,87,0,1,0,0,0,0,9,9,0,9,UTEP,UTEP,,,
183996,JP Pickles,QB,0,,2029,330,65.5,73.3,,,60,19,0,1,7,0,0,10,7,24,7,17,UTEP,UTEP,72.6,52,66.6
184042,Blake Bustard,T,0,,2026,160,62.8,72.1,70.3,,59.6,54,0,1,0,8,0,0,6,14,8,6,E MICHIGAN,E MICHIGAN,,,
184073,Jay Jay Etheridge,WR,0,,2029,201,64.5,75.7,,64,60.1,25,0,1,0,0,18,0,10,28,18,10,KENT STATE,KENT STATE,61,,
184078,Conner Muldowney,TE,0,,2025,201,55.6,75,69.3,61.7,43.5,89,0,1,0,2,20,0,13,35,22,13,KENT STATE,KENT STATE,62.9,,
184085,Josh Ringer,HB,0,,2029,221,55.7,66.1,,,,30,0,1,0,0,0,3,0,3,0,3,MIAMI OH,MIAMI OH,67.3,,56.7
184095,Micah Gilbert,WR,0,,2029,258,58.8,72.9,,59.3,60.9,14,0,1,0,0,1,0,10,11,1,10,NOTRE DAME,NOTRE DAME,,,
184097,Anthonie Knapp,T,0,,2029,258,57,76.1,69.6,,49.8,54,0,1,0,31,0,0,21,52,31,21,NOTRE DAME,NOTRE DAME,,,
184108,Aneyas Williams,HB,0,,2029,258,58.7,70.7,78.9,60,,20,0,1,0,4,4,3,0,11,8,3,NOTRE DAME,NOTRE DAME,67.8,,56.9
184109,Kedren Young,HB,0,,2029,258,71,72,,57.4,,21,0,1,0,0,2,10,0,12,2,10,NOTRE DAME,NOTRE DAME,73.1,,69.8
184111,Trent Allen,G,0,,2026,259,54.4,78.9,38.3,,55.1,60,0,1,0,22,0,0,29,51,22,29,OHIO,OHIO,,,
184113,Duncan Brune,HB,0,,2029,259,60.6,70.7,,,59.7,22,0,1,0,0,0,4,2,6,0,6,OHIO,OHIO,68.6,,60.6
184141,Jerrod Burrell,G,0,,2026,102,60.4,71.5,78.7,,59.4,58,0,1,0,3,0,0,5,8,3,5,AKRON,AKRON,,,
184146,Jarvis Rush,WR,0,,2026,102,57.8,72.1,,57.7,61.1,03,0,1,0,0,4,0,6,10,4,6,AKRON,AKRON,,,
184168,Judah Kaio,G,0,,2028,180,60,68.8,,,60,79,0,1,0,0,0,0,3,3,0,3,HAWAII,HAWAII,,,
184169,Blaze Kamoku,WR,0,,2028,180,60,66.5,,,60,80,0,1,0,0,0,0,3,3,0,3,HAWAII,HAWAII,,,
184176,Christian Perry,T,0,,2026,180,60,66.9,,,60,54,0,1,0,0,0,0,3,3,0,3,HAWAII,HAWAII,,,
184181,Christian Vaughn,HB,0,,2026,180,64.8,69.3,67.8,60,60.1,47,0,1,0,1,1,2,4,8,2,6,HAWAII,HAWAII,65.5,,63.6
184198,Saipale Fuimaono,G,0,,2026,284,45.1,78.2,28.2,,45.8,57,0,1,0,40,0,0,16,56,40,16,S DIEGO ST,S DIEGO ST,,,
184200,Danny O'Neil,QB,0,,2029,284,52.7,76.2,62.2,,60.1,05,0,1,40,1,0,0,15,56,41,15,S DIEGO ST,S DIEGO ST,69,54.1,53.1
184203,Jae Beasley II,TE,0,,2029,325,55.1,69,,,46.3,43,0,1,0,0,0,0,2,2,0,2,UNLV,UNLV,,,
184204,Greg Burrell,HB,0,,2029,325,60,64.5,71.8,,,05,0,1,0,1,0,0,0,1,1,0,UNLV,UNLV,,,
184219,Tony Freeman,WR,0,,2028,341,57.7,66.8,,59.1,60,00,0,1,0,0,1,0,1,2,1,1,WASH STATE,WASH STATE,69.7,,
184224,Wayshawn Parker,HB,0,,2029,341,58.6,75.4,72.6,53.8,60,21,0,1,0,1,13,9,3,26,14,12,WASH STATE,WASH STATE,72.5,,59.6
184271,Deshawn Purdie,QB,0,,2029,136,67,74,,,60,15,0,1,16,0,0,0,15,31,16,15,CHARLOTTE,CHARLOTTE,66.5,66.2,
184278,Tyler Budge,QB,0,,2029,174,70.5,66.6,,,60,06,0,1,1,0,0,0,2,3,1,2,GA SOUTHRN,GA SOUTHRN,60.3,,64.3
184310,Dylan Williams,WR,0,,2029,197,53.3,77,,53,61.8,88,0,1,0,0,12,0,14,26,12,14,JAMES MAD,JAMES MAD,,,
184319,Amir McGruder,WR,0,,2027,209,53,74.6,,53,60.8,01,0,1,0,0,15,0,11,26,15,11,LA MONROE,LA MONROE,,,
184377,Trae Swartz,TE,0,,2026,318,54.7,0,65.9,51.1,67.1,89,1,1,0,2,8,0,21,31,10,21,TROY,TROY,,,
184380,Kobe Branham,T,0,,2029,111,67.7,69.7,64.2,,67,50,0,1,0,1,0,0,7,8,1,7,ARKANSAS,ARKANSAS,,,
184382,CJ Brown,WR,0,,2029,111,68.3,70.6,,,77.1,17,0,1,0,0,0,0,7,7,0,7,ARKANSAS,ARKANSAS,,,
184393,Braylen Russell,HB,0,,2029,111,80.7,76.8,46.4,66.6,58.9,00,1,1,0,9,12,16,4,41,21,20,ARKANSAS,ARKANSAS,75.5,,81.6
184398,Cam Coleman,WR,0,,2029,115,58.1,77.9,,61.4,41.4,08,0,1,0,0,30,0,37,67,30,37,AUBURN,AUBURN,65,,
184449,Caden Durham,HB,0,,2029,211,55.6,76.1,20.1,55.5,,29,0,1,0,4,24,12,0,40,28,12,LSU,LSU,74.1,,58
184451,Coen Echols,C,0,,2029,211,60,67.2,,,60,78,0,1,0,0,0,0,1,1,0,1,LSU,LSU,,,
184453,Trey'Dez Green,TE,0,,2029,211,64.3,74.7,68.3,63.2,61,14,0,1,0,2,12,0,8,22,14,8,LSU,LSU,62.9,,
184509,Jerrick Gibson,HB,0,,2030,311,60,62.7,71.8,,,09,0,1,0,1,0,0,0,1,1,0,TEXAS,TEXAS,,,
184520,Ryan Wingo,WR,0,,2029,311,56.6,77.8,,56.8,56.9,05,0,1,0,0,31,0,25,56,31,25,TEXAS,TEXAS,64.1,,
184536,Daniel Hill,HB,0,,2029,103,63.9,66.8,,,60,20,0,1,0,0,0,2,1,3,0,3,ALABAMA,ALABAMA,65.5,,62.8
184543,Caleb Odom,WR,0,,2029,103,58.2,70.9,,,55.7,18,0,1,0,0,0,0,7,7,0,7,ALABAMA,ALABAMA,,,
184591,Ivan Carreon,WR,0,,2029,261,56,70.4,,56.5,60,82,0,1,0,0,6,0,2,8,6,2,OKLAHOMA,OKLAHOMA,,,
184597,Jacob Jordan,WR,0,,2029,261,61,77.2,,60.2,66.2,88,0,1,0,0,41,0,22,63,41,22,OKLAHOMA,OKLAHOMA,66.2,,
184598,Zion Kearney,WR,0,,2029,261,53.2,73.8,,53.9,60,07,0,1,0,0,10,0,3,13,10,3,OKLAHOMA,OKLAHOMA,,,
184603,Xavier Robinson,HB,0,,2029,261,59.6,65.2,,58.1,,21,0,1,0,0,2,0,0,2,2,0,OKLAHOMA,OKLAHOMA,,,
184628,Jyron Waiters,WR,0,,2028,156,60.1,68.8,,,59.9,81,0,1,0,0,0,0,6,6,0,6,E CAROLINA,E CAROLINA,,,
184632,Hardley Gilmore,WR,0,,2029,202,79.7,71.6,,76.8,60.2,17,0,1,0,0,5,0,5,10,5,5,KENTUCKY,KENTUCKY,61,,
184636,Jason Patterson,HB,0,,2029,202,54.2,76,24.1,41.6,55.6,26,0,1,0,11,17,6,9,43,28,15,KENTUCKY,KENTUCKY,70.7,,63.4
184643,Malik Aliane,C,0,,2027,241,60,68.7,,,60,51,0,1,0,0,0,0,2,2,0,2,NEW MEXICO,NEW MEXICO,,,
184652,Ben Black III,WR,0,,2029,278,56.6,77.1,,53.8,81.2,81,0,1,0,0,27,0,13,40,27,13,RUTGERS,RUTGERS,62.9,,
184654,KJ Duff,WR,0,,2029,278,66.1,78.4,,65.8,59.5,08,0,1,0,0,40,0,16,56,40,16,RUTGERS,RUTGERS,64.1,,
184692,Donte Lee Jr.,WR,0,,2027,206,56.5,79.1,,56.2,61.4,09,0,1,0,0,38,0,22,60,38,22,LIBERTY,LIBERTY,65,,
184708,Makari Bodiford,HB,0,,2030,218,79.5,70.2,74.4,65,,21,0,1,0,2,2,7,0,11,4,7,MEMPHIS,MEMPHIS,71.4,,76.5
184725,Fame Ijeboi,HB,0,,2030,225,64,64.5,,,,26,0,1,0,0,0,2,0,2,0,2,MINNESOTA,MINNESOTA,65.5,,62.9
184726,Julian Johnson,TE,0,,2029,225,55.8,66.6,,,55.7,82,0,1,0,0,0,0,4,4,0,4,MINNESOTA,MINNESOTA,,,
184727,Drake Lindsey,QB,0,,2029,225,60,62.7,,60,,03,0,1,0,0,1,0,0,1,1,0,MINNESOTA,MINNESOTA,,,
184729,Nathan Roy,T,0,,2029,225,60.9,68.6,,,61,50,0,1,0,0,0,0,5,5,0,5,MINNESOTA,MINNESOTA,,,
184751,Stonka Burnside,WR,0,,2029,227,58.9,72.7,,54.3,81.3,05,0,1,0,0,11,0,6,17,11,6,MISS STATE,MISS STATE,,,
184755,Johnnie Daniels,HB,0,,2027,227,60,73.8,76.5,65.2,80.1,20,0,1,0,5,9,11,4,29,14,15,MISS STATE,MISS STATE,24.5,,54.7
184764,Michael Van Buren Jr.,QB,0,,2029,227,68.5,77.1,,,60,00,0,1,42,0,0,2,30,74,42,32,MISS STATE,MISS STATE,69.9,68.3,59.9
184767,Luke Work,T,0,,2029,227,55.3,74.9,58.6,,53.7,51,0,1,0,18,0,0,19,37,18,19,MISS STATE,MISS STATE,,,
184781,Greg Nunnery,T,0,,2027,296,55,15.2,68.1,,54.2,56,1,1,0,38,0,0,27,65,38,27,SO MISS,SO MISS,,,
184783,Jalen Washington,HB,0,,2029,296,66.4,74,75.7,54.9,59.7,24,0,1,0,3,9,9,3,24,12,12,SO MISS,SO MISS,72.5,,66.9
184787,Daniel Evert,TE,0,,2029,306,55.8,70.6,66.8,55,59.9,84,0,1,0,1,6,0,3,10,7,3,TEMPLE,TEMPLE,,,
184815,Nate Bennett,QB,0,,2029,118,59.7,63.6,,,,14,0,1,1,0,0,0,0,1,1,0,BAYLOR,BAYLOR,60.3,60,
184818,Jadon Porter,WR,0,,2029,118,69.8,67.3,,59.6,82.9,83,0,1,0,0,1,0,1,2,1,1,BAYLOR,BAYLOR,,,
184855,Jeremiah McClellan,WR,0,,2029,264,71.7,71.5,,72.8,50.5,11,0,1,0,0,2,0,8,10,2,8,OREGON,OREGON,61,,
184864,Roger Saleapaga II,TE,0,,2029,264,54.3,71.2,,57.8,55.3,83,0,1,0,0,2,0,9,11,2,9,OREGON,OREGON,,,
184878,Jacob Stewart,WR,0,,2026,285,52.3,74.2,,52.8,57.8,81,0,1,0,0,23,0,6,29,23,6,S JOSE ST,S JOSE ST,61,,
184897,Cameron Dickey,HB,0,,2029,315,59.8,65.5,,58.7,60,33,0,1,0,0,2,0,1,3,2,1,TEXAS TECH,TEXAS TECH,,,
184898,Will Hammond,QB,0,,2029,315,64.4,14.3,,60,60,15,1,1,20,0,1,4,25,50,21,29,TEXAS TECH,TEXAS TECH,16.7,75.4,52
184902,Micah Hudson,WR,0,,2029,315,56.4,75.7,,56.2,61.4,01,0,1,0,0,6,0,9,15,6,9,TEXAS TECH,TEXAS TECH,,,
184945,Jaylan Bean,WR,0,,2030,351,54.9,71.1,,55.6,60.1,88,0,1,0,0,5,0,3,8,5,3,WYOMING,WYOMING,,,
184950,Chris Durr Jr.,WR,0,,2029,351,78.4,74.4,,78.6,61,15,0,1,0,0,19,1,6,26,19,7,WYOMING,WYOMING,68.5,,57.5
184951,Justin Erb,TE,0,,2026,351,66.7,71.3,65.1,,65.3,80,0,1,0,1,0,0,15,16,1,15,WYOMING,WYOMING,,,
187922,Ted Hurst,WR,0,2026,2026,175,72.8,77.8,,71.9,63.5,16,0,1,0,0,32,0,23,55,32,23,GA STATE,GA STATE,64.1,,
188159,Terrance Shelton Jr.,HB,0,,2029,126,60.3,68,,,60,25,0,1,0,0,0,2,1,3,0,3,BUFFALO,BUFFALO,69.8,,60.7
188180,Jayden Parker,HB,0,,2029,130,60,66.4,,,60,24,0,1,0,0,0,0,2,2,0,2,CAL,CAL,,,
188182,Trevor Rogers,WR,0,,2029,130,54.4,74.1,,54.8,60,19,0,1,0,0,10,0,4,14,10,4,CAL,CAL,,,
188184,Jamaal Wiley,HB,0,,2029,130,62.8,64.5,,,,28,0,1,0,0,0,2,0,2,0,2,CAL,CAL,65.5,,62
188215,Dominic Toy,TE,0,,2029,146,56.2,68.6,66,55.8,,30,0,1,0,1,3,0,0,4,4,0,UCONN,UCONN,,,
188233,Da'Shawn Martin,WR,0,,2029,201,54,75.1,,54.1,59.2,22,0,1,0,0,16,0,10,26,16,10,KENT STATE,KENT STATE,68.6,,
188246,Terez Davis,T,0,,2029,215,54.6,75.8,54.6,,52.2,72,0,1,0,34,0,0,13,47,34,13,MARYLAND,MARYLAND,,,
188283,D'Shawntae Jones,HB,0,,2029,221,65.3,63.5,,,,14,0,1,0,0,0,1,0,1,0,1,MIAMI OH,MIAMI OH,62.5,,62.5
188285,Kris Manu,C,0,,2029,221,64.6,72.7,,,63.5,72,0,1,0,0,0,0,10,10,0,10,MIAMI OH,MIAMI OH,,,
188413,George Dimopoulos,WR,0,,2029,254,55.7,69.4,,56.8,59.9,84,0,1,0,0,3,0,1,4,3,1,N ILLINOIS,N ILLINOIS,,,
188420,Telly Johnson Jr.,HB,0,,2029,254,79.7,71.9,,58.6,,22,0,1,0,0,2,6,0,8,2,6,N ILLINOIS,N ILLINOIS,70.5,,76.7
188457,Carson Heidecker,T,0,,2025,259,70.8,75.7,59.2,,71,57,0,1,0,22,0,0,29,51,22,29,OHIO,OHIO,,,
188474,Nick Poulos,QB,0,,2027,259,73.2,69.8,,,60,08,0,1,0,0,0,3,6,9,0,9,OHIO,OHIO,67.3,,67.2
188487,Devin Green,HB,0,,2028,325,59.8,66.9,,60,59.9,22,0,1,0,0,1,0,2,3,1,2,UNLV,UNLV,,,
188507,Tristen Brown,WR,0,,2029,333,56.3,68.4,,57.5,60,80,0,1,0,0,2,0,1,3,2,1,VANDERBILT,VANDERBILT,,,
188722,Rodney Fields Jr.,HB,0,,2029,262,69.2,71.9,73.7,71.5,,20,0,1,0,2,5,5,0,12,7,5,OKLA STATE,OKLA STATE,70.1,,66
188733,Ayo Shotomide-King,WR,0,,2029,262,48.8,75,,48.8,62.1,09,0,1,0,0,17,0,15,32,17,15,OKLA STATE,OKLA STATE,,,
188780,Zion Ragins,WR,0,,2029,261,55.8,70,,55.5,60.2,81,0,1,0,0,6,0,3,9,6,3,OKLAHOMA,OKLAHOMA,,,
188782,Taylor Tatum,HB,0,,2029,261,56.3,74.3,75.8,56.5,58.9,08,0,1,0,5,6,8,3,22,11,11,OKLAHOMA,OKLAHOMA,21.7,,56.2
188817,Tyler McMahan,G,0,,2026,284,48,75,24.7,,49.4,65,0,1,0,14,0,0,7,21,14,7,S DIEGO ST,S DIEGO ST,,,
188837,Makoni Manukainiu,TE,0,,2029,285,60,64.4,66.8,,,71,0,1,0,1,0,0,0,1,1,0,S JOSE ST,S JOSE ST,,,
188840,Sione Nomani,G,0,,2026,285,50,72.2,11.7,,60,74,1,1,0,7,0,0,1,8,7,1,S JOSE ST,S JOSE ST,,,
188861,Chris Davis Jr.,HB,0,,2029,300,58.9,74.9,79.6,55.8,55.5,05,0,1,0,9,9,4,4,26,18,8,STANFORD,STANFORD,15.7,,60
188865,Micah Ford,HB,0,,2029,300,62.2,72.9,76.1,61.6,58.3,20,0,1,0,4,7,4,3,18,11,7,STANFORD,STANFORD,69.2,,61.5
188868,Kahlil House,T,0,,2029,300,53.5,77.4,26.5,,67.6,58,0,1,0,51,0,0,20,71,51,20,STANFORD,STANFORD,,,
189441,Jordan Lyle,HB,0,,2028,220,65.7,62.7,,,,21,0,1,0,0,0,1,0,1,0,1,MIAMI FL,MIAMI FL,62.5,,62.1
189460,Jaylin Acevedo,G,0,,2030,237,59.7,68.5,,,59.6,61,0,1,0,0,0,0,3,3,0,3,NAVY,NAVY,,,
189539,Tyreek Robinson,WR,0,,2029,268,83.5,69,,78.6,60,24,0,1,0,0,4,0,1,5,4,1,PITTSBURGH,PITTSBURGH,63.6,,
189627,Jeremiah Patterson,WR,0,,2028,109,56.9,75.8,,56.7,61.1,02,0,1,0,0,27,0,13,40,27,13,ARIZONA,ARIZONA,69.8,,
189644,Cody Hagen,WR,0,,2029,128,69.5,72.6,,68.3,60.4,18,0,1,0,0,4,0,8,12,4,8,BYU,BYU,61,,
189694,Reece Vander Zee,WR,0,,2029,192,52.5,73.9,,53.1,59,15,0,1,0,0,11,0,5,16,11,5,IOWA,IOWA,,,
189695,DJ Vonnahme,TE,0,,2029,192,60,65,,,57.8,81,0,1,0,0,0,0,2,2,0,2,IOWA,IOWA,,,
189783,Amare Grayson,G,0,,2029,196,63.5,76.3,80.4,,61.3,54,0,1,0,11,0,0,20,31,11,20,JVILLE ST,JVILLE ST,,,
189819,Amani Givens,HB,0,,2026,208,65.8,72.1,67.5,79,60,25,0,1,0,1,4,6,4,15,5,10,LA TECH,LA TECH,70.9,,61.9
189826,Fredrick Robertson,HB,0,,2029,208,48.9,0,,59.7,58.5,24,1,1,0,0,1,0,3,4,1,3,LA TECH,LA TECH,,,
189847,Evan Poticher,TE,0,,2029,224,54.8,74.4,73.3,56.8,52.8,42,0,1,0,4,6,0,12,22,10,12,MIDDLE TN,MIDDLE TN,61,,
189956,Donovan Funsch,G,0,,2029,175,59.2,73.5,77.6,,56.9,52,0,1,0,7,0,0,7,14,7,7,GA STATE,GA STATE,,,
189969,Dennis Murray Jr.,HB,0,,2029,175,59.1,66.1,,58.8,,23,0,1,0,0,2,0,0,2,2,0,GA STATE,GA STATE,61.9,,
189974,Petey Tucker,WR,0,,2028,175,61.4,0,,63.9,58.1,17,1,1,0,0,27,0,23,50,27,23,GA STATE,GA STATE,65,,
190008,Javon Campbell,WR,1,,2027,209,75.5,0,,78.6,59.5,12,1,1,0,0,12,0,12,24,12,12,LA MONROE,LA MONROE,62.9,,
190013,Ahmad Hardy,HB,0,,2029,209,74.3,77.4,41.5,59.2,,22,0,1,0,3,12,20,0,35,15,20,LA MONROE,LA MONROE,76.7,,74.1
190015,James Jones,HB,0,,2027,209,57.2,74.2,77.2,61.1,,04,0,1,0,3,5,6,0,14,8,6,LA MONROE,LA MONROE,24.5,,56
190017,Seidrion Langston,LB,0,,2028,209,60,65,,,60,D16,0,1,0,0,0,0,1,1,0,1,LA MONROE,LA MONROE,,,
190018,Que McBroom,T,0,,2026,209,52.4,75.9,87.7,,43.4,75,0,1,0,21,0,0,27,48,21,27,LA MONROE,LA MONROE,,,
190023,Makenzie Ryan,P,0,,2029,209,60,70.3,,,,S47,0,1,0,0,0,1,0,1,0,1,LA MONROE,LA MONROE,62.5,,60
190053,Na'eem Abdul-Rahim Gladding,WR,0,,2029,263,60.6,68.8,,,60.8,17,0,1,0,0,0,0,5,5,0,5,DOMINION,DOMINION,,,
190057,Holden Brown,QB,0,,2029,263,60,63.6,,,60,16,0,1,0,0,0,0,1,1,0,1,DOMINION,DOMINION,,,
190064,Quinn Henicle,QB,0,,2029,263,54.3,71.2,,,60,10,0,1,2,0,0,2,10,14,2,12,DOMINION,DOMINION,66.2,43.3,64.8
190068,Kyle Miller,WR,0,,2026,263,58.2,72.8,,58.2,61.1,86,0,1,0,0,2,0,8,10,2,8,DOMINION,DOMINION,,,
190075,Fluff Bothwell,HB,0,,2029,288,83.2,73.9,75.8,55.4,60,24,0,1,0,3,8,17,1,29,11,18,S ALABAMA,S ALABAMA,75.8,,81.5
190082,Rod Gibbs,TE,0,,2028,288,56.2,73.6,65.9,56.2,55,19,0,1,0,1,3,0,6,10,4,6,S ALABAMA,S ALABAMA,,,
190132,Zy'marion Lang,WR,0,,2029,316,54.7,71.4,,55.6,60,08,0,1,0,0,6,0,1,7,6,1,TOLEDO,TOLEDO,,,
190148,Conor Kenzinger,T,0,,2029,347,60,64.3,,,60,66,0,1,0,0,0,0,1,1,0,1,W MICHIGAN,W MICHIGAN,,,
190150,Terence Marshall,WR,0,,2029,347,55.1,73,,56.8,55.5,82,0,1,0,0,3,0,8,11,3,8,W MICHIGAN,W MICHIGAN,,,
190157,Jeremy Schleicher,C,0,,2029,347,59,73.4,73.9,,58.1,65,0,1,0,3,0,0,9,12,3,9,W MICHIGAN,W MICHIGAN,,,
190158,Nathan Sines,TE,0,,2028,347,60,63,,,60,40,0,1,0,0,0,0,1,1,0,1,W MICHIGAN,W MICHIGAN,,,
190169,Monte Harrison,WR,0,,2029,111,69.7,72,,,79.8,82,0,1,0,0,0,0,8,8,0,8,ARKANSAS,ARKANSAS,,,
190171,Krosse Johnson,WR,0,,2029,111,60,63.4,,,60,18,0,1,0,0,0,0,1,1,0,1,ARKANSAS,ARKANSAS,,,
190197,Johnathan Montague Jr.,WR,0,,2029,121,65.2,70.4,,58.3,60.3,08,0,1,0,0,2,1,4,7,2,5,BOSTON COL,BOSTON COL,66.2,,63.4
190299,Jacob Norcross,C,0,,2029,200,49.7,79.4,58.7,,50.3,59,0,1,0,24,0,0,40,64,24,40,KENNESAW,KENNESAW,,,
190301,Jaden Robinson,WR,0,,2029,200,77.8,75.6,,76,61.3,88,0,1,0,0,12,0,9,21,12,9,KENNESAW,KENNESAW,64.1,,
190321,Makhi Frazier,HB,0,,2029,223,54.2,65.4,,,,27,0,1,1,0,0,1,0,2,1,1,MICH STATE,MICH STATE,63.7,,55.8
190350,Walker Lyons,TE,0,,2029,326,68.2,71.2,,54.4,77.7,85,0,1,0,0,5,0,3,8,5,3,USC,USC,,,
190425,Yannick Smith,WR,0,,2029,156,66,76.2,,65.4,61.6,15,0,1,0,0,14,0,19,33,14,19,E CAROLINA,E CAROLINA,61,,
190448,Willie Rodriguez,TE,0,,2029,202,60,63.5,,,59.4,81,0,1,0,0,0,0,1,1,0,1,KENTUCKY,KENTUCKY,,,
190489,Antwan Raymond,HB,0,,2029,278,62.2,74.6,50.3,31,,21,0,1,0,13,15,15,0,43,28,15,RUTGERS,RUTGERS,75.2,,69
190564,Micahi Danzy,HB,0,,2029,167,57.1,70.6,36.9,56.7,,19,0,1,0,2,6,1,0,9,8,1,FLORIDA ST,FLORIDA ST,62.5,,59.6
190573,Elijah Moore,WR,0,,2029,167,45.6,73.5,,47.4,,81,0,1,0,0,13,0,0,13,13,0,FLORIDA ST,FLORIDA ST,,,
190580,Amaree Williams,TE,0,,2029,167,67.7,75.6,69.1,67.1,59.7,40,0,1,0,3,16,0,2,21,19,2,FLORIDA ST,FLORIDA ST,61,,
190596,Duke Watson,HB,0,,2029,210,64.8,70,74.9,56.3,,26,0,1,0,2,4,5,0,11,6,5,LOUISVILLE,LOUISVILLE,69.7,,64.7
190604,Miles Coleman,WR,0,,2029,251,56,0,,58.6,61.3,13,1,1,0,0,24,0,9,33,24,9,N TEXAS,N TEXAS,68.8,,
190616,Drew Mestemaker,QB,0,,2029,251,54.9,66.6,,,60,17,0,1,2,0,0,0,1,3,2,1,N TEXAS,N TEXAS,61.8,61,57.3
190617,Braydon Nelson,G,0,,2029,251,52.9,79.9,59.2,,45.6,67,0,1,0,66,0,0,21,87,66,21,N TEXAS,N TEXAS,,,
190632,Wyatt Young,WR,0,,2029,251,42.4,0,,45.9,61.4,27,1,1,0,0,25,1,8,34,25,9,N TEXAS,N TEXAS,62.5,,59.8
190639,Drew Devillier,QB,0,,2029,275,44.9,23.3,,,60,05,2,1,36,0,0,3,26,65,36,29,RICE,RICE,33.5,41.8,66.7
190652,Ashton Allen,WR,0,,2025,306,72.6,79.2,,71.8,62.4,28,0,1,0,0,37,0,25,62,37,25,TEMPLE,TEMPLE,65,,
190673,Jamar Taylor,WR,0,,2031,306,59.9,78.2,,58.6,69.6,13,0,1,0,0,31,0,23,54,31,23,TEMPLE,TEMPLE,65.7,,
190679,Terrez Worthy,HB,0,,2027,306,73.3,75.1,70.3,58.6,60,25,0,1,0,2,14,22,1,39,16,23,TEMPLE,TEMPLE,77.6,,72.9
190682,Jywon Boyd,WR,0,,2029,318,59.1,66.8,,59.9,60,19,0,1,0,0,1,0,1,2,1,1,TROY,TROY,,,
190689,Matt Henry,G,0,,2026,318,69.6,79.4,52.8,,71.7,67,1,1,0,35,0,0,38,73,35,38,TROY,TROY,,,
190694,Roman Mothershed,WR,0,,2028,318,59.8,75.1,,59.1,61.2,17,0,1,0,0,3,0,18,21,3,18,TROY,TROY,61,,
190713,Lloyd Avant,HB,0,,2029,320,61,71.8,80.5,61.7,57.9,25,0,1,0,8,7,3,2,20,15,5,TULSA,TULSA,67.8,,59.4
190720,Brody Duffel,T,0,,2029,320,61.5,75.3,48.1,,66.4,77,0,1,0,28,0,0,14,42,28,14,TULSA,TULSA,,,
190723,Viron Ellison Jr.,HB,0,,2029,320,73.5,73.6,80.7,71.9,68.3,22,0,1,0,9,6,7,4,26,15,11,TULSA,TULSA,71.4,,68.7
190724,Jacob Emmers,WR,0,,2029,320,63.2,69,,62.4,60,06,0,1,0,0,4,0,3,7,4,3,TULSA,TULSA,61,,
190726,Jackson Ford,TE,0,,2029,320,57.2,67.9,65.6,57.3,59,88,0,1,0,1,2,0,3,6,3,3,TULSA,TULSA,,,
190745,Corey Smith,WR,0,,2028,320,77.8,73.9,,77.2,55.1,12,0,1,0,0,9,0,8,17,9,8,TULSA,TULSA,62.9,,
190749,Jack Tanner,T,0,,2029,320,35.3,75.3,30.7,,33.7,75,0,1,0,29,0,0,13,42,29,13,TULSA,TULSA,,,
190753,Joseph Williams,WR,0,,2029,320,64.4,78,,64,59.8,08,0,1,0,0,35,0,11,46,35,11,TULSA,TULSA,65,,
190790,Dre'lon Miller,WR,0,,2029,143,63.6,76.4,,64.1,60.9,06,0,1,0,0,16,0,19,35,16,19,COLORADO,COLORADO,62.9,,
190802,J'Marion Burnette,HB,0,,2029,182,66.9,72.1,77,64.7,60,20,0,1,0,2,2,9,1,14,4,10,HOUSTON,HOUSTON,72.6,,65
190803,DJ Butler,HB,0,,2029,182,60,62.7,,60,,25,0,1,0,0,1,0,0,1,1,0,HOUSTON,HOUSTON,,,
190808,Traville Frederick Jr.,TE,0,,2029,182,60,68.6,,,60,85,0,1,0,0,0,0,2,2,0,2,HOUSTON,HOUSTON,,,
190818,JayShon Ridgle,WR,0,,2029,182,60,63.4,,,60,16,0,1,0,0,0,0,1,1,0,1,HOUSTON,HOUSTON,,,
190830,Channing Goodwin,WR,0,,2029,222,60,64.8,,,60,14,0,1,0,0,0,0,1,1,0,1,MICHIGAN,MICHIGAN,,,
190852,Luke Masterson,T,0,,2028,245,60,64.4,,,60,71,0,1,0,0,0,0,1,1,0,1,N CAROLINA,N CAROLINA,,,
190897,Drew Wagner,WR,0,,2029,256,54.1,71.9,,54.9,59.1,48,0,1,0,0,9,0,3,12,9,3,NWESTERN,NWESTERN,72.6,,
190943,Ty Clark III,HB,0,,2029,339,60,66.5,,,60,23,0,1,0,0,0,0,3,3,0,3,WAKE,WAKE,,,
190986,Cam Bates,WR,0,,2029,120,57,71.9,,57.2,59.8,80,0,1,0,0,6,0,7,13,6,7,BOISE ST,BOISE ST,61,,
190996,Dylan Riley,HB,0,,2029,120,60,63.8,,59.9,,24,0,1,0,0,1,0,0,1,1,0,BOISE ST,BOISE ST,,,
191068,Jordan Ross,WR,0,,2029,144,68.8,73.2,,65.4,60,83,0,1,0,0,7,1,8,16,7,9,COLO STATE,COLO STATE,64.3,,63.2
191080,Bryson Donelson,HB,0,,2029,169,62,74.7,75.9,50.2,,26,0,1,0,2,10,8,0,20,12,8,FRESNO ST,FRESNO ST,72.3,,66.7
191091,Lyndon Ravare,WR,0,,2028,169,56.1,75.1,,55.5,62,15,0,1,0,0,6,0,14,20,6,14,FRESNO ST,FRESNO ST,,,
191142,Ryan Coleman-Williams,WR,0,,2029,103,56.9,78.3,,58.4,47.6,02,0,1,0,0,30,0,24,54,30,24,ALABAMA,ALABAMA,69.1,,
191165,Leyton Cure,TE,0,,2027,198,55.9,67.9,,56.6,60,87,0,1,0,0,3,0,1,4,3,1,KANSAS,KANSAS,,,
191197,Xavier Gayten,HB,0,,2029,227,83,70.1,,80,,22,0,1,0,0,6,2,0,8,6,2,MISS STATE,MISS STATE,66.3,,74.1
191200,Ricky Johnson,WR,0,,2030,227,66.2,73.4,,65.2,60,09,0,1,0,0,9,0,3,12,9,3,MISS STATE,MISS STATE,62.9,,
191210,Salahadin Allah,HB,0,,2029,265,46.5,71.5,,59.5,60,26,0,1,0,0,6,5,1,12,6,6,OREGON ST,OREGON ST,69.9,,46.1
191240,Reed Jesiolowski,TE,0,,2029,296,56.4,74.5,69.5,55.8,57.9,15,0,1,0,2,10,0,11,23,12,11,SO MISS,SO MISS,61,,
191251,Terry Bussey,WR,0,,2029,312,60.3,72.4,,56.5,61,02,0,1,0,0,5,2,7,14,5,9,TEXAS A&M,TEXAS A&M,65.5,,62.8
191278,Malcolm Simmons,WR,0,,2029,115,60.2,75.9,,60,59.9,11,0,1,0,0,19,0,22,41,19,22,AUBURN,AUBURN,65.4,,
191279,Perry Thompson,WR,0,,2028,115,58.2,69.9,,58.7,60,03,0,1,0,0,2,0,2,4,2,2,AUBURN,AUBURN,,,
191326,Da'Jaun Riggs,HB,0,,2029,264,77.1,69.3,,59.5,,21,0,1,0,0,1,5,0,6,1,5,OREGON,OREGON,69.7,,74.1
191359,J'Koby Williams,HB,0,,2029,315,71.2,70.7,70,57.6,,20,0,1,0,1,3,8,0,12,4,8,TEXAS TECH,TEXAS TECH,72.7,,69.8
191372,Herschel Turner,HB,0,,2029,329,63.5,69.4,,62.5,,21,0,1,0,0,4,5,0,9,4,5,UTAH ST,UTAH ST,69.9,,62.9
191376,Nico Hamilton,HB,0,,2030,351,60,62.7,,,60,21,0,1,0,0,0,0,1,1,0,1,WYOMING,WYOMING,,,
193092,Gavin Dabo,T,0,,2029,347,59.9,70.8,75,,57.7,72,0,1,0,3,0,0,9,12,3,9,W MICHIGAN,W MICHIGAN,,,
193238,Benji Blackburn,TE,0,,2029,300,56.2,68.6,,57.7,59.2,88,0,1,0,0,1,0,2,3,1,2,STANFORD,STANFORD,,,
193426,Emanuel Ross,WR,0,,2030,304,66.9,74.8,,66.2,59.9,18,0,1,0,0,30,0,2,32,30,2,SYRACUSE,SYRACUSE,65.7,,
197056,Jamie Tremble,TE,0,,2029,304,58,66.5,,,56.9,13,0,1,0,0,0,0,2,2,0,2,SYRACUSE,SYRACUSE,,,
197643,Jaylan Hornsby,WR,0,,2030,304,62.3,72.1,,61.9,,03,0,1,0,0,12,0,0,12,12,0,SYRACUSE,SYRACUSE,61,,
52809,David Afari,HB,0,,2025,253,50.8,72.6,,28.4,,01,0,1,0,0,11,8,0,19,11,8,N COLORADO,N COLORADO,27.7,,60.5
52928,Chase Evans,C,0,,2025,295,73.5,79.4,84.4,,67.8,62,0,1,0,36,0,0,30,66,36,30,S ILLINOIS,S ILLINOIS,,,
53355,Hank Perry,T,0,,2026,168,60,60,,,60,73,0,1,0,0,0,0,1,1,0,1,FORDHAM,FORDHAM,,,
53540,JJ Davis,HB,0,,2025,235,55,73.9,70,41.6,60,07,0,1,0,1,12,9,2,24,13,11,MORGAN ST,MORGAN ST,72.6,,58.6
54183,Vincent Munlin Jr.,T,0,,2025,159,66.7,77.1,39.8,,70.3,70,0,1,0,24,0,0,51,75,24,51,E KENTUCKY,E KENTUCKY,,,
63937,Kayvon Britten,HB,0,,2025,401,63.4,75.5,79.1,52.7,60,04,0,1,0,11,22,30,2,65,33,32,TARLETON,TARLETON,79.1,,63.4
65005,Nicholas Schwitzgebel,G,0,,2026,127,51.2,79.4,55.5,,49.5,60,0,1,0,20,0,0,36,56,20,36,BUTLER,BUTLER,,,
70591,Chase Nenad,WR,0,,2026,352,65.3,79.9,,64.7,61.1,02,0,1,0,0,26,0,18,44,26,18,YALE,YALE,65,,
70767,Damien Moore,HB,0,,2026,204,77.1,71.3,,57.1,59.1,28,0,1,0,0,5,5,5,15,5,10,LAMAR,LAMAR,69.7,,77.4
70985,Jay McEuen,TE,0,,2025,1285,55.2,76.1,49,53.1,61.9,85,0,1,0,10,14,0,12,36,24,12,UTAHTC,UTAHTC,62.9,,
71408,Jacquez Robertson,HB,0,,2026,253,60.6,70.6,70.3,57.1,,05,0,1,0,1,4,7,0,12,5,7,N COLORADO,N COLORADO,71.3,,60.6
71554,Josiah Sagale,G,0,,2026,186,59.8,66.3,32.3,,60,78,0,1,0,2,0,0,1,3,2,1,IDAHO ST,IDAHO ST,,,
72173,Edward Riley,C,0,,2026,298,77.6,79.7,76.7,,72.8,51,0,1,0,27,0,0,43,70,27,43,SO UTAH,SO UTAH,,,
72195,Logan Bednar,G,0,,2026,231,60,68.5,71.7,,59.9,78,0,1,0,1,0,0,2,3,1,2,MONMOUTH,MONMOUTH,,,
72199,Mathias Talavou,G,0,,2027,283,58.2,78.6,42.5,,60.3,67,0,1,0,35,0,0,26,61,35,26,SAN DIEGO,SAN DIEGO,,,
73589,Richie Pinomi,G,0,,2026,172,53,10.4,85.6,,51.9,66,1,1,0,27,0,0,51,78,27,51,GEORGETOWN,GEORGETOWN,,,
75662,Brandon Lanier,TE,0,,2026,345,48.8,79.1,29.7,48.4,61.2,08,1,1,0,8,42,0,23,73,50,23,W ILLINOIS,W ILLINOIS,10.3,,
76149,Robert Coleman,QB,0,,2026,204,89.3,75,,,60,05,0,1,16,0,0,5,22,43,16,27,LAMAR,LAMAR,70.1,89.1,67.2
76606,Jalynn Williams,HB,0,,2026,344,66.1,72.7,25.6,55.3,,05,0,1,0,2,8,7,0,17,10,7,W CAROLINA,W CAROLINA,71.3,,68.1
77322,Jalen Goss,T,0,,2025,164,57,74.1,41.3,,65.4,61,1,1,0,26,0,0,8,34,26,8,FL A&M,FL A&M,,,
77801,O'Shaan Allison,HB,0,,2025,116,57.9,74.6,72.6,52.1,60,00,0,1,0,1,23,3,2,29,24,5,AUSTINPEAY,AUSTINPEAY,67.3,,60.4
77884,Alec Burton,TE,0,,2025,1285,79.9,72.9,68.7,73.9,66.4,82,0,1,0,3,2,0,8,13,5,8,UTAHTC,UTAHTC,61,,
78248,Drake Carroll,G,0,,2025,310,64.6,78.1,86.1,,61.3,65,0,1,0,25,0,0,27,52,25,27,TENN MARTN,TENN MARTN,,,
78795,Jay Parker,WR,0,,2025,309,57.3,72,,57.5,58.6,04,0,1,0,0,7,0,8,15,7,8,TENN TECH,TENN TECH,61,,
81875,Chris Noble,G,0,,2025,282,57.9,80.2,41.3,,60.5,58,1,1,0,47,0,0,24,71,47,24,SAMFORD,SAMFORD,,,
82120,Matthew Downing,QB,0,,2025,162,74.3,74.1,,,60,12,0,1,18,0,0,3,11,32,18,14,ELON,ELON,24.6,74.9,59.1
83673,Keilon Elder,HB,0,,2025,177,53.9,70.9,,60,58.1,23,0,1,0,0,1,1,4,6,1,5,GRAMBLING,GRAMBLING,64.8,,57.7
83679,Kenyon Sims,HB,0,,2025,283,57.4,68.3,,63.3,,04,0,1,0,0,4,1,0,5,4,1,SAN DIEGO,SAN DIEGO,68.2,,57.5
83752,D'angelo Durham,HB,0,,2025,217,56.1,72.6,0,55.2,,01,0,1,0,2,10,4,0,16,12,4,MCNEESE,MCNEESE,68.6,,64.9
84225,Jacolby Hewitt,WR,0,,2025,104,44.7,77.6,,45.7,59.5,03,0,1,0,0,12,0,7,19,12,7,ALAB A&M,ALAB A&M,69.7,,
84310,Cameron Gardner,TE,0,,2025,228,49.2,74.7,,58,45.1,09,0,1,0,0,2,0,11,13,2,11,MS VLY ST,MS VLY ST,,,
85731,Shaun Grayson,TE,0,,2026,204,61.9,76.1,,56.8,67.9,18,0,1,0,0,5,0,19,24,5,19,LAMAR,LAMAR,61,,
85874,Alec Pell,TE,0,,2026,116,53.7,77.5,64.5,54.3,55.9,21,0,1,0,1,22,0,21,44,23,21,AUSTINPEAY,AUSTINPEAY,65,,
86420,Xavier Harris,WR,0,,2025,232,76.8,73,,75.6,60.8,13,0,1,0,0,11,2,5,18,11,7,MONTANA,MONTANA,68.1,,63.4
86477,Koby Gross,TE,0,,2026,164,54.7,77.7,68,56.5,49.1,06,0,1,0,2,20,0,13,35,22,13,FL A&M,FL A&M,65,,
86569,Noah Cronquist,WR,0,,2026,161,61.1,76.6,,61.5,60.8,22,0,1,0,0,14,1,21,36,14,22,E WASHGTON,E WASHGTON,64.3,,59.4
86638,Aaron Fontes,WR,0,,2025,232,65.3,78.3,,63.2,62.4,14,0,1,0,0,22,1,24,47,22,25,MONTANA,MONTANA,66.5,,63.1
86734,Bradley West,WR,0,,2025,234,64.3,73.2,,63.8,60.3,85,0,1,0,0,10,0,9,19,10,9,MOREHEAD,MOREHEAD,61,,
88025,Will Madonna,QB,0,,2026,1139,66,74.8,,,60,04,0,1,36,0,0,1,2,39,36,3,TXAMEA,TXAMEA,30.6,65.3,61.5
88639,Will McElvain,QB,0,,2025,132,69.8,76.5,,,60,02,0,1,37,0,0,2,23,62,37,25,CENT ARK,CENT ARK,69.7,68.8,60.1
88748,Jeremiah Edwards,WR,0,,2025,310,58.8,71,,59.5,60.7,84,0,1,0,0,1,0,8,9,1,8,TENN MARTN,TENN MARTN,,,
88749,Bradley Clark,WR,0,,2025,295,52.7,77.9,,52.2,61.5,09,0,1,0,0,21,0,22,43,21,22,S ILLINOIS,S ILLINOIS,,,
88754,John Erby,WR,0,,2025,155,78.8,76.8,,78.5,57.1,04,0,1,0,0,36,0,23,59,36,23,DUQUESNE,DUQUESNE,70.6,,
91450,Takairee Kenebrew,WR,0,,2025,389,57,78.6,,56.9,59.9,05,0,1,0,0,45,0,21,66,45,21,N ALABAMA,N ALABAMA,64.1,,
97069,Calvin Hill,HB,0,,2025,183,51.3,72.5,2.9,48.6,,22,0,1,0,4,7,5,0,16,11,5,HOUCHR,HOUCHR,69.9,,61.8
97098,Michael Love,WR,0,,2025,1298,79.1,0,,78.6,72.4,05,1,1,0,0,26,1,25,52,26,26,LIUSHAR,LIUSHAR,67.4,,63.2
97099,Micah Kelly,HB,0,,2025,282,70.3,73.5,75.1,89.8,60,20,0,1,0,4,13,7,2,26,17,9,SAMFORD,SAMFORD,71.9,,63
97103,Daniel Richardson,QB,0,,2025,164,71.9,76.3,,,60,10,0,1,39,0,0,1,21,61,39,22,FL A&M,FL A&M,69.4,71,61.9
97142,Joshua Carter,HB,0,,2025,159,77.2,76.1,76.2,54.5,59.1,08,0,1,0,3,12,32,2,49,15,34,E KENTUCKY,E KENTUCKY,79.5,,75.9
97173,Jalen Mitchell,HB,0,,2025,309,68.5,75,76.2,53.8,59.6,00,0,1,0,4,8,15,2,29,12,17,TENN TECH,TENN TECH,27.2,,68.3
97300,Edward Saydee,HB,0,,2025,171,63.5,73.7,72.2,89.1,60,06,0,1,0,1,15,13,1,30,16,14,GARD-WEBB,GARD-WEBB,74.5,,57.6
97318,Jacob Flynn,WR,0,,2025,1470,70.9,76.1,,70,60.3,83,0,1,0,0,18,0,10,28,18,10,STHLSK,STHLSK,62.9,,
97416,Jordan Yates,WR,0,,2025,309,76,73.7,,65.3,60.3,01,0,1,0,0,7,2,6,15,7,8,TENN TECH,TENN TECH,71.5,,70.4
97418,KJ Coleman,S,0,,2025,345,60,60,,,60,D12,0,1,0,0,0,0,1,1,0,1,W ILLINOIS,W ILLINOIS,,,
97429,Kelvin Dean Jr.,HB,0,,2025,164,68,0,76.1,81.1,60,09,1,1,0,4,18,6,1,29,22,7,FL A&M,FL A&M,71.1,,67.4
97458,Kalani Norris,WR,0,,2025,164,53.9,73.1,,54.7,60,12,0,1,0,0,9,0,1,10,9,1,FL A&M,FL A&M,,,
97600,Trejan Bridges,WR,0,,2025,132,72.5,78,,71.6,61.8,00,0,1,0,0,31,0,15,46,31,15,CENT ARK,CENT ARK,71.7,,
97803,Khatib Lyles,WR,0,,2025,116,59.8,67.6,,,59.5,07,0,1,0,0,0,0,3,3,0,3,AUSTINPEAY,AUSTINPEAY,,,
97820,Jayce Medlock,TE,0,,2025,270,74.5,72.8,68.8,78.8,55.2,88,0,1,0,2,7,0,8,17,9,8,PRVIEW A&M,PRVIEW A&M,64.6,,
98006,Zach Calzada,QB,0,,2026,189,58.5,21.1,,,60,10,1,1,37,0,0,3,27,67,37,30,INCAR WORD,INCAR WORD,70.2,60.5,57.5
98020,Nathan Lamb,QB,0,,2025,345,92,77.9,,,60,12,0,1,66,0,0,5,19,90,66,24,W ILLINOIS,W ILLINOIS,46.9,92.6,58.9
98039,Grayson Lewis,G,0,,2026,1298,54.4,78.4,37.6,,55.6,75,0,1,0,27,0,0,29,56,27,29,LIUSHAR,LIUSHAR,,,
98041,Xavier Graham,G,0,,2025,344,61.7,80.3,50.9,,64.5,73,0,1,0,56,0,0,19,75,56,19,W CAROLINA,W CAROLINA,,,
98081,Austin Mosier,G,0,,2026,106,57.8,3.7,70.7,,58.3,70,1,1,0,39,0,0,29,68,39,29,ALBANY,ALBANY,,,
98133,Karter Johnson,TE,0,,2025,164,49.7,75.4,67.8,48.5,52.6,08,0,1,0,3,15,0,19,37,18,19,FL A&M,FL A&M,,,
98218,Calvin Wiggins,WR,0,,2025,183,48.8,78.3,,52.3,36.1,05,0,1,0,0,32,0,18,50,32,18,HOUCHR,HOUCHR,61,,
98295,Cooper Heisey,TE,0,,2025,212,71.4,70.9,65.1,72,59.4,82,0,1,0,1,6,0,2,9,7,2,MAINE,MAINE,62.9,,
98356,Cornelious Brown IV,QB,0,,2030,104,70.8,71.8,,,60,10,0,1,12,0,0,1,4,17,12,5,ALAB A&M,ALAB A&M,66.8,76.9,53
98382,Donnell Wilson,T,0,,2025,309,67.4,76.5,39.1,,72.4,75,0,1,0,23,0,0,34,57,23,34,TENN TECH,TENN TECH,,,
98393,Stevie Ballard,T,0,,2025,257,33.8,75.3,0,,53.2,71,0,1,0,25,0,0,15,40,25,15,NWSTATE,NWSTATE,,,
98409,John Olmstead,T,0,,2026,212,58,76.8,58.5,,55.7,71,0,1,0,48,0,0,21,69,48,21,MAINE,MAINE,,,
98490,Jayme Motley-Simmons,T,0,,2026,389,51.2,75.5,70.8,59.2,46.6,75,0,1,0,21,1,0,21,43,22,21,N ALABAMA,N ALABAMA,,,
98514,Jonah Brewster,G,0,,2026,183,49.4,72,78.9,,45.8,74,0,1,0,6,0,0,9,15,6,9,HOUCHR,HOUCHR,,,
98682,Jaden Johnson,QB,0,,2025,270,70.8,76,,,60,08,0,1,25,0,0,3,25,53,25,28,PRVIEW A&M,PRVIEW A&M,25.4,69.1,63.2
98698,Kariem Al Soufi,G,0,,2025,401,67.6,76.6,77.3,,66.1,74,0,1,0,12,0,0,23,35,12,23,TARLETON,TARLETON,,,
99098,Brevyn Jones,T,0,,2025,1177,51.9,76.1,42.3,57.7,56,77,0,1,0,34,1,0,17,52,35,17,W GEORGIA,W GEORGIA,,,
99132,Kinkead Dent,QB,0,,2025,310,91.6,75.5,,54.3,60,08,0,1,23,0,1,2,21,47,24,23,TENN MARTN,TENN MARTN,68.8,91.6,68.3
99179,KeShawn Toney,TE,0,,2025,290,60.8,76.5,68.3,55.8,67,05,0,1,0,5,17,0,15,37,22,15,SCAR STATE,SCAR STATE,64.1,,
99180,Jackson Lowe,TE,0,,2026,189,62.5,74.6,,57.1,66.5,18,0,1,0,0,6,0,11,17,6,11,INCAR WORD,INCAR WORD,61,,
99250,Jacardia Wright,HB,0,2025,2025,230,79.9,77.7,13.9,60.8,60,09,0,1,0,3,20,18,2,43,23,20,MO STATE,MO STATE,76.2,,82.4
99331,Marcus Hicks,T,0,,2025,292,70.2,73.7,61.2,,72.4,78,1,1,0,17,0,0,13,30,17,13,S DAK ST,S DAK ST,,,
99424,Layton Ernst,T,0,,2025,401,70.7,77.1,77.4,,66.1,54,0,1,0,35,0,0,39,74,35,39,TARLETON,TARLETON,,,
99432,Marcus Alexander,G,0,,2025,116,49.1,5.5,65.6,,47.2,74,1,1,0,44,0,0,28,72,44,28,AUSTINPEAY,AUSTINPEAY,,,
99472,Chris Herron,WR,0,,2025,270,53.7,71.6,,54.3,59.1,16,0,1,0,0,8,0,4,12,8,4,PRVIEW A&M,PRVIEW A&M,,,
99526,Logan Compton,TE,0,,2026,189,66,77.3,39.8,81.2,43,89,0,1,0,5,23,0,23,51,28,23,INCAR WORD,INCAR WORD,62.9,,
99534,Freddie Brown,WR,0,,2025,401,59.1,70.6,,59.1,60,17,0,1,0,0,8,0,1,9,8,1,TARLETON,TARLETON,62.9,,
99576,Gino English,QB,0,,2025,157,60,65.5,,,60,06,0,1,0,0,0,0,2,2,0,2,E TENN ST,E TENN ST,,,
99596,Garrison Johnson Sr.,HB,0,,2026,139,59.5,73.7,58.4,57.6,58.7,22,0,1,0,5,3,11,7,26,8,18,CITADEL,CITADEL,73.5,,60.1
99598,Gavin Thomson,WR,0,,2026,299,62.2,77.5,,63.3,45.1,05,0,1,0,0,28,0,22,50,28,22,ST FRANCIS,ST FRANCIS,65.7,,
99846,Cooper Dawson,TE,0,,2025,135,62.7,74.9,64.5,53.6,64.9,14,0,1,0,1,4,0,20,25,5,20,CHARLES SO,CHARLES SO,,,
99878,Jared Campbell,P,0,,2026,345,60,70.3,,,60,S45,0,1,0,0,0,0,1,1,0,1,W ILLINOIS,W ILLINOIS,,,
100260,Jordan Daniels,G,0,,2025,344,53.5,79.4,53.2,,49,74,1,1,0,59,0,0,16,75,59,16,W CAROLINA,W CAROLINA,,,
100328,Chris Oliver,T,0,,2025,155,68.2,74.3,83.1,,62.4,59,0,1,0,16,0,0,15,31,16,15,DUQUESNE,DUQUESNE,,,
100577,Chase Artopoeus,QB,0,,2025,137,74.4,77.4,,,60,09,0,1,33,0,0,3,40,76,33,43,CHATTNOOGA,CHATTNOOGA,42.8,64.4,76.4
100591,Jouvensly Bazil,HB,0,,2025,119,53.6,68.5,0,59.8,,02,0,1,0,1,3,0,0,4,4,0,BETH COOK,BETH COOK,61,,
100628,Mike Martinez,TE,0,,2025,185,92.6,75.6,70.9,90.7,80.5,80,0,1,0,4,15,0,24,43,19,24,IDAHO,IDAHO,64.1,,
100642,JR Waters,WR,0,,2025,177,56.7,74.7,,56.1,60.1,01,0,1,0,0,4,0,17,21,4,17,GRAMBLING,GRAMBLING,,,
100805,Cameron Cooper,G,0,,2026,949,69.2,78.3,82.5,,67.2,63,0,1,0,20,0,0,34,54,20,34,LNDNWD,LNDNWD,,,
100831,Glover Cook III,HB,0,,2025,310,59.8,72.2,67.7,68.7,59.5,15,0,1,0,1,9,6,3,19,10,9,TENN MARTN,TENN MARTN,70.9,,57.3
100938,Thomas Nance,TE,0,,2026,119,56.1,74.7,,62.1,52.5,18,0,1,0,0,20,0,30,50,20,30,BETH COOK,BETH COOK,61,,
100993,Tama Tuitele,TE,0,,2025,253,84.3,69.9,,91,49.4,45,0,1,0,0,4,0,3,7,4,3,N COLORADO,N COLORADO,61,,
101017,Marcelo Mendiola,G,0,,2026,295,58.7,77.1,60.8,,57.5,77,0,1,0,15,0,0,17,32,15,17,S ILLINOIS,S ILLINOIS,,,
101049,Michael Lindauer,QB,0,,2025,295,64.2,71.6,,,60,10,0,1,4,0,0,3,9,16,4,12,S ILLINOIS,S ILLINOIS,16.8,69.4,57
101297,Courtney Reese,HB,0,,2025,119,75.5,70.2,70.2,59,60,06,0,1,0,1,2,4,1,8,3,5,BETH COOK,BETH COOK,69.7,,73.5
101338,Jeremiah Pruitte,TE,0,,2025,164,75.1,74.2,64.4,76.5,58.7,00,0,1,0,1,9,0,5,15,10,5,FL A&M,FL A&M,62.9,,
101542,Mahdi Hazime,G,0,,2025,183,55.6,75.4,78.9,,51.9,64,0,1,0,11,0,0,9,20,11,9,HOUCHR,HOUCHR,,,
101553,Dalton Daddona,G,0,,2025,181,53.7,79.5,57.2,,52,78,0,1,0,26,0,0,35,61,26,35,HOLY CROSS,HOLY CROSS,,,
101593,Noah Fenske,T,0,,2026,295,66.4,77.1,71.2,,62.2,53,0,1,0,36,0,0,30,66,36,30,S ILLINOIS,S ILLINOIS,,,
101597,Dave Monnot III,T,0,,2025,137,84.4,77.1,63.6,,85.2,79,1,1,0,33,0,0,43,76,33,43,CHATTNOOGA,CHATTNOOGA,,,
101628,Jacob Clark,QB,0,2026,2026,230,89,76.2,,,60,12,0,1,33,0,0,2,24,59,33,26,MO STATE,MO STATE,69.5,84.7,72.7
101675,Malik Jackson,TE,0,,2025,317,51.8,73.7,70.2,56.7,50.5,81,0,1,0,2,2,0,17,21,4,17,TOWSON,TOWSON,,,
101705,John Dunmore,WR,0,,2026,317,59,77.9,,58.5,62.6,00,0,1,0,0,37,0,33,70,37,33,TOWSON,TOWSON,69.3,,
101738,Desmond Hutson,WR,0,,2025,255,64.9,76.7,,64.6,60.7,18,0,1,0,0,34,0,26,60,34,26,N IOWA,N IOWA,62.9,,
101802,Zach West,ED,0,,2025,157,60,60,63.8,,,D04,0,1,0,1,0,0,0,1,1,0,E TENN ST,E TENN ST,,,
101904,Jimmie Jenkins,G,0,,2025,105,59.1,70.6,65.2,,58.5,76,0,1,0,1,0,0,10,11,1,10,ALABAMA ST,ALABAMA ST,,,
102094,Di'Andre Davis,LB,0,,2025,157,60,60,63.8,,,D01,0,1,0,1,0,0,0,1,1,0,E TENN ST,E TENN ST,,,
102232,Ian Hover,G,0,,2025,219,60.8,75.8,80.9,,58.2,78,0,1,0,9,0,0,18,27,9,18,MERCER,MERCER,,,
102250,Luke Dahlgren,G,0,,2025,161,64.1,79.7,66.3,,62.9,57,0,1,0,22,0,0,42,64,22,42,E WASHGTON,E WASHGTON,,,
102264,Gabriel Thompson,G,0,,2025,157,58.6,79.6,84,,54,61,0,1,0,27,0,0,35,62,27,35,E TENN ST,E TENN ST,,,
102298,Jayden Borjas,G,0,,2025,189,61.4,73,37.9,,64,77,0,1,0,8,0,0,4,12,8,4,INCAR WORD,INCAR WORD,,,
102308,Ed Gatling,C,0,,2025,231,63.9,76.5,60.5,,63.4,68,0,1,0,18,0,0,9,27,18,9,MONMOUTH,MONMOUTH,,,
102355,Tyler Riddell,QB,0,,2026,171,59.9,76.7,,,60.3,02,0,1,33,0,0,1,28,62,33,29,GARD-WEBB,GARD-WEBB,69,55.1,69.8
102413,Corey Russell,HB,0,,2025,297,68.3,72.7,72.2,30.2,59.9,08,0,1,0,1,5,11,2,19,6,13,SOUTHERN U,SOUTHERN U,74.1,,72.6
102441,Jaharie Martin,HB,0,,2025,212,52.6,70.8,70.8,59,,05,0,1,0,1,4,2,0,7,5,2,MAINE,MAINE,66.3,,53.2
102516,Jostein Clarke,WR,0,,2026,119,51.2,73.2,,55.9,41.2,11,0,1,0,0,9,0,8,17,9,8,BETH COOK,BETH COOK,,,
102525,Brandon Jimenez,WR,0,,2025,332,53,75.3,,53,61.2,08,0,1,0,0,11,0,13,24,11,13,VALPO,VALPO,,,
102561,Dervon Pesnell,WR,0,,2025,139,68.9,78,,68.8,60.2,07,0,1,0,0,20,0,27,47,20,27,CITADEL,CITADEL,64.1,,
102593,Jack Coulson,WR,0,,2026,332,60,76.6,,59.8,60.2,10,0,1,0,0,16,0,16,32,16,16,VALPO,VALPO,64.1,,
102610,Alex Moore,TE,0,,2025,185,73.4,75.2,,75.3,58.6,84,0,1,0,0,12,0,7,19,12,7,IDAHO,IDAHO,65.4,,
102705,Luke Smith,C,0,,2025,157,61.6,80.1,82.9,,57.4,66,0,1,0,32,0,0,46,78,32,46,E TENN ST,E TENN ST,,,
102928,Sevonne Rhea,WR,0,,2025,204,72.5,77.2,,73.4,69,07,0,1,0,0,18,1,29,48,18,30,LAMAR,LAMAR,65.3,,57.5
102949,Jermaine Johnson,WR,0,,2026,155,62.8,0,,65.1,60.5,01,1,1,0,0,24,0,20,44,24,20,DUQUESNE,DUQUESNE,64.6,,
102950,Delvin Attafah,WR,0,,2025,133,53.3,74.9,,53.6,60.4,13,0,1,0,0,12,0,7,19,12,7,CENT CT ST,CENT CT ST,,,
103653,Kevin Brenner,TE,0,,2025,292,55.8,71.8,,60,54.5,44,0,1,0,0,1,0,8,9,1,8,S DAK ST,S DAK ST,,,
103855,Jared Penning,T,0,2025,2025,255,57.6,77.7,61.4,,55,75,0,1,0,38,0,0,37,75,38,37,N IOWA,N IOWA,,,
103856,Tristan Roper,T,0,,2025,255,53.8,21.6,68.2,,52.6,78,1,1,0,38,0,0,37,75,38,37,N IOWA,N IOWA,,,
103861,Jordan Riendeau,TE,0,,2025,274,47.8,71.8,64.4,54.3,50.6,87,0,1,0,1,3,0,18,22,4,18,RHODE ISLD,RHODE ISLD,,,
103865,Evan Beerntsen,G,0,2026,2026,292,69.7,79.3,82.9,,67.1,61,0,1,0,34,0,0,40,74,34,40,S DAK ST,S DAK ST,,,
103867,Ethan Vibert,G,1,,2025,292,64.6,80.2,75,,62.1,64,1,1,0,34,0,0,40,74,34,40,S DAK ST,S DAK ST,,,
103871,Lyle Santos,G,0,,2025,298,67.2,80.1,68.3,,66.1,72,0,1,0,27,0,0,44,71,27,44,SO UTAH,SO UTAH,,,
103928,Justin Fomby,QB,0,,2025,246,65.3,77.4,62.2,,60,04,2,1,49,1,0,1,24,75,50,25,NC A&T,NC A&T,69.9,65.7,55.4
103934,Darius Perrantes,QB,0,,2025,155,91.7,25.4,,,60,07,1,1,38,0,0,2,29,69,38,31,DUQUESNE,DUQUESNE,32.5,93.7,40.9
103936,Tommy Smith,TE,0,,2025,274,76.5,76.4,,79.1,55.4,81,0,1,0,0,14,0,11,25,14,11,RHODE ISLD,RHODE ISLD,64.1,,
103980,Gabe Sloat,HB,0,,2025,274,62.9,70.1,72.7,56.5,60,05,0,1,0,1,5,1,1,8,6,2,RHODE ISLD,RHODE ISLD,70.7,,62.4
104051,Brady Roark,TE,0,,2025,274,47.7,75.8,66,49.8,51.2,89,0,1,0,2,10,0,25,37,12,25,RHODE ISLD,RHODE ISLD,,,
104060,Ty Arrington,WR,0,,2025,155,54.4,74.4,,54.5,61.2,08,0,1,0,0,7,0,8,15,7,8,DUQUESNE,DUQUESNE,,,
104158,Johnathan Bennett,QB,0,,2026,139,65.3,76.5,,,60,11,1,1,20,0,0,10,31,61,20,41,CITADEL,CITADEL,31.4,67.3,58.6
104260,Jackson Barletta,LB,0,,2025,168,60,65,,,60,D16,0,1,0,0,0,0,1,1,0,1,FORDHAM,FORDHAM,,,
104436,Niko Papic,T,0,,2026,303,64.5,77.1,73.9,,60.1,73,0,1,0,31,0,0,43,74,31,43,STNY BROOK,STNY BROOK,,,
104632,Payton Collins,T,1,,2025,159,72,22.8,87.2,,69.8,74,1,1,0,24,0,0,51,75,24,51,E KENTUCKY,E KENTUCKY,,,
104638,Ryan Joyce,G,0,,2026,168,61.3,79.3,79.8,,54.8,65,0,1,0,51,0,0,24,75,51,24,FORDHAM,FORDHAM,,,
104668,Cesar Minarro,C,0,,2025,246,60.7,10.5,75.8,,59.2,68,1,1,0,50,0,0,26,76,50,26,NC A&T,NC A&T,,,
104686,Tom Elia,C,0,,2025,276,69.8,78.7,82.9,,65.4,56,1,1,0,17,0,0,34,51,17,34,RICHMOND,RICHMOND,,,
104689,Cade Salyers,G,0,,2025,276,73.5,78.5,85.7,,71.5,74,0,1,0,18,0,0,38,56,18,38,RICHMOND,RICHMOND,,,
104700,Joey Lombard,C,0,2025,2025,291,69.2,79.4,79.3,,64.2,76,0,1,0,41,0,0,22,63,41,22,S DAKOTA,S DAKOTA,,,
104723,Blake Whitmore,C,0,,2025,344,66.9,80.6,71.1,,63.5,72,0,1,0,68,0,0,21,89,68,21,W CAROLINA,W CAROLINA,,,
104751,Jake Green,G,0,,2025,295,56.4,78.9,74.8,,50.9,79,0,1,0,36,0,0,30,66,36,30,S ILLINOIS,S ILLINOIS,,,
104763,Quincy Casey,QB,0,,2025,1177,70.8,74.8,,,60,08,0,1,27,0,0,8,3,38,27,11,W GEORGIA,W GEORGIA,71.8,74.7,58.4
104797,Hollis Mathis,WR,0,,2025,348,53.3,78.1,,53.3,59.2,12,0,1,0,0,35,0,19,54,35,19,WM & MARY,WM & MARY,64.1,,
104816,Iaan Cousin,WR,0,,2025,282,85.7,70.7,,82.6,58,15,0,1,0,0,7,0,3,10,7,3,SAMFORD,SAMFORD,64.1,,
104837,Travis Theis,HB,0,,2025,291,59.6,78.5,62.1,49.3,59.2,05,0,1,2,4,27,15,3,51,33,18,S DAKOTA,S DAKOTA,75.1,58,62.8
104840,Jadon Turner,HB,0,,2026,133,65,75.4,75.5,57.9,60,22,0,1,0,4,18,7,1,30,22,8,CENT CT ST,CENT CT ST,71.7,,66.7
104872,Bronson Yoder,HB,0,,2025,348,57.9,76,,66.6,59.2,09,0,1,0,0,18,14,3,35,18,17,WM & MARY,WM & MARY,17.4,,55.5
104880,Jeff Ciccio,TE,0,,2025,168,47.8,75.8,76,51.2,46.8,89,0,1,0,3,13,0,9,25,16,9,FORDHAM,FORDHAM,,,
104901,Marcus Velez,TE,0,,2026,119,60.6,0,73,75.5,51,89,1,1,0,2,21,0,30,53,23,30,BETH COOK,BETH COOK,64.1,,
104904,Cal Redman,TE,0,,2025,303,69.4,77.8,,73.9,56.8,22,0,1,0,0,19,0,38,57,19,38,STNY BROOK,STNY BROOK,62.9,,
104925,Trevon Brown,WR,0,,2025,127,59.1,75.6,,54,77.7,06,0,1,0,0,9,0,12,21,9,12,BUTLER,BUTLER,,,
104932,Garrett Cody,WR,0,,2025,168,55.9,77.1,,55.6,61.9,07,0,1,0,0,31,0,18,49,31,18,FORDHAM,FORDHAM,61,,
104948,Michael Monios,WR,0,,2025,212,62.6,73.4,,62.1,60,83,0,1,0,0,12,0,4,16,12,4,MAINE,MAINE,62.9,,
104954,Mason Pierce,WR,0,,2025,189,54.5,72.3,,54.7,60.5,01,0,1,0,0,11,0,7,18,11,7,INCAR WORD,INCAR WORD,65.1,,
104957,Taylor Shields,WR,0,,2025,171,54,76.5,,53.7,62.8,18,0,1,0,0,20,0,14,34,20,14,GARD-WEBB,GARD-WEBB,63.8,,
104959,Elijah Downing,WR,0,,2026,236,54.7,77.5,,53.8,61.4,08,0,1,0,0,10,0,21,31,10,21,MURRAY ST,MURRAY ST,,,
104995,Carter Bell,WR,0,,2025,291,65.5,77.7,,63,58.9,14,0,1,1,0,36,0,17,54,37,17,S DAKOTA,S DAKOTA,70.6,72.6,
105004,Shawn Harris Jr.,WR,0,,2025,274,72.2,73.7,,69.1,59.7,06,0,1,0,0,10,1,7,18,10,8,RHODE ISLD,RHODE ISLD,65.3,,63.4
105005,RJ Lamarre,WR,0,,2026,303,72.5,75,,71.1,61,81,0,1,0,0,9,0,9,18,9,9,STNY BROOK,STNY BROOK,61,,
105022,Cameron Overton,WR,0,,2025,1298,47.7,68.3,,56.3,36.8,03,0,1,0,0,3,0,0,3,3,0,LIUSHAR,LIUSHAR,,,
105023,Kahlil Overton,TE,0,,2025,1298,54,73.7,,54,59.6,07,0,1,0,0,7,0,7,14,7,7,LIUSHAR,LIUSHAR,,,
105198,Daniel Bettis,TE,0,,2025,282,64.1,69.4,75.6,,59.8,93,0,1,0,4,0,0,5,9,4,5,SAMFORD,SAMFORD,,,
105224,Dan Toatley,DI,0,,2025,133,57.2,66.5,,,55.4,D06,0,1,0,0,0,0,3,3,0,3,CENT CT ST,CENT CT ST,,,
105262,Jevale Roberson,G,0,,2025,204,62.2,71.6,76.3,,60.7,71,0,1,0,4,0,0,4,8,4,4,LAMAR,LAMAR,,,
105422,Luke Byrne,G,0,,2025,282,69.2,79.2,87.8,,64.8,54,0,1,0,47,0,0,24,71,47,24,SAMFORD,SAMFORD,,,
105426,Brockhim Wicks,T,0,,2025,294,55.8,77.7,56.9,,53.2,54,0,1,0,54,0,0,33,87,54,33,SE LA,SE LA,,,
105433,Damion Powell,T,0,,2025,303,48.7,76.4,20.8,,51.2,70,0,1,0,13,0,0,19,32,13,19,STNY BROOK,STNY BROOK,,,
105438,Dillon Botner,T,0,,2026,232,56,72.7,68.7,,52.9,60,0,1,0,9,0,0,12,21,9,12,MONTANA,MONTANA,,,
105440,Jabril Williams,C,0,,2025,162,50.5,78.4,59.7,,48.2,61,0,1,0,31,0,0,18,49,31,18,ELON,ELON,,,
105463,Jordin Martell,T,0,,2025,133,57.9,21.1,74,,55.4,65,1,1,0,45,0,0,31,76,45,31,CENT CT ST,CENT CT ST,,,
105466,Dylan Poirier,C,0,,2025,240,62.5,79.7,66.7,,60.5,66,0,1,0,32,0,0,38,70,32,38,NEW HAMP,NEW HAMP,,,
105469,Jordan Cooper,T,0,,2026,274,62.6,77,80.3,,59.9,67,0,1,0,14,0,0,21,35,14,21,RHODE ISLD,RHODE ISLD,,,
105484,Brock Bethea,T,0,,2026,274,68,76.6,85.4,,61.2,79,0,1,0,26,0,0,32,58,26,32,RHODE ISLD,RHODE ISLD,,,
105487,Jean Germain,G,0,,2026,317,62.1,79.3,63.2,,60.9,71,0,1,0,40,0,0,33,73,40,33,TOWSON,TOWSON,,,
105496,Bradly Anyanwu,G,0,,2025,151,61.3,78.5,70.9,,58.7,73,0,1,0,33,0,0,30,63,33,30,DELAWARE,DELAWARE,,,
105556,Cooper Wallace,HB,0,,2025,139,60.6,74.2,73.9,62.6,58.8,27,0,1,0,2,4,9,10,25,6,19,CITADEL,CITADEL,72.6,,60
105570,Jordan Davis,TE,0,,2026,350,62.5,76.4,70.4,62.3,58.4,09,0,1,0,4,14,0,20,38,18,20,WOFFORD,WOFFORD,61,,
105592,Quincy Watson,HB,0,,2025,151,58.8,70.8,71.6,55.9,60,23,0,1,0,1,5,4,1,11,6,5,DELAWARE,DELAWARE,68.6,,59.5
105610,Isaac Seide,HB,0,,2025,240,60,62.7,,60,,26,0,1,0,0,1,0,0,1,1,0,NEW HAMP,NEW HAMP,,,
105619,Irv Mulligan,HB,0,,2025,194,85.9,75.2,78.2,55.5,59.5,05,0,1,0,6,7,18,2,33,13,20,JACKSON ST,JACKSON ST,76.2,,83.9
105623,Nick Ostmo,HB,0,,2025,232,74.1,75,72.5,52.7,79.7,26,0,1,0,1,10,13,2,26,11,15,MONTANA,MONTANA,74.4,,73.1
105649,Mark Biggins,HB,0,,2026,131,67.3,72.1,76.8,57.1,67.8,04,0,1,0,5,4,7,3,19,9,10,CAMPBELL,CAMPBELL,71.3,,64.2
105669,Jay Gibson,TE,0,,2025,137,58.2,77.5,77,48.8,64.4,87,0,1,0,9,23,0,38,70,32,38,CHATTNOOGA,CHATTNOOGA,61,,
105697,Ryan Simpson,WR,0,,2025,232,45.1,74.9,,48.4,42.6,04,0,1,0,0,13,0,10,23,13,10,MONTANA,MONTANA,61,,
105718,Keelan White,WR,0,,2025,232,57.5,78.2,,57.1,61,06,0,1,0,0,23,0,26,49,23,26,MONTANA,MONTANA,62.9,,
105721,Chandler Brayboy,WR,0,2025,2025,162,61,76.8,,61,58.8,04,0,1,0,0,28,0,16,44,28,16,ELON,ELON,66.4,,
105976,Aaron Tutino,WR,0,,2025,299,58.4,66.8,,59.6,60,80,0,1,0,0,1,0,1,2,1,1,ST FRANCIS,ST FRANCIS,67.5,,
106368,Cole Birdow,T,0,2025,2025,385,60.3,76.6,84.9,,53.6,56,0,1,0,24,0,0,41,65,24,41,MERRIMACK,MERRIMACK,,,
106691,Logan Hofstedt,TE,0,,2025,250,48.9,75.3,,54.9,50.4,33,1,1,0,0,4,0,12,16,4,12,N DAK ST,N DAK ST,,,
106703,Caden Meis,HB,0,,2025,253,53.3,73.9,48.7,45.1,60,27,0,1,0,2,13,4,1,20,15,5,N COLORADO,N COLORADO,69.2,,57
108481,Jaison Williams,T,0,2025,2025,353,63,76.3,70.7,,59.8,54,0,1,0,22,0,0,40,62,22,40,YNGTOWN ST,YNGTOWN ST,,,
108544,Jaden Rolling,T,0,,2026,277,59,77.3,41.2,,64.4,79,0,1,0,38,0,0,32,70,38,32,ROB MORRIS,ROB MORRIS,,,
108591,Blake Feigenspan,C,0,,2025,272,63.7,78.3,83.2,,58.2,53,0,1,0,27,0,0,21,48,27,21,PRINCETON,PRINCETON,,,
108596,Mason Williams,C,0,,2025,189,62.8,0,84.9,,60.6,60,1,1,0,37,0,0,30,67,37,30,INCAR WORD,INCAR WORD,,,
108889,Jake Rock,G,0,,2025,250,61,75.7,42.5,,62.1,78,1,1,0,10,0,0,16,26,10,16,N DAK ST,N DAK ST,,,
108890,Hunter Poncius,T,0,,2025,250,71.5,72.9,83,,66.7,76,0,1,0,10,0,0,10,20,10,10,N DAK ST,N DAK ST,,,
108935,Jayden Johannsen,QB,0,,2025,236,61.1,75.6,,,60.1,07,0,1,25,0,0,9,14,48,25,23,MURRAY ST,MURRAY ST,72.2,62.8,57.3
108937,Grant Sergent,QB,0,,2025,283,60.7,76.4,,,60,12,0,1,35,0,0,0,26,61,35,26,SAN DIEGO,SAN DIEGO,29.2,63.6,50.2
108959,Jared Lewis,QB,0,,2025,1298,57.6,66.6,,,,12,0,1,0,0,0,1,0,1,0,1,LIUSHAR,LIUSHAR,62.5,,59.1
108964,Luke Sprague,QB,0,,2026,119,78.3,76.4,,,60,12,0,1,28,0,0,0,31,59,28,31,BETH COOK,BETH COOK,68,79.5,57.3
108971,Connor Watkins,QB,0,,2025,334,56.5,75.7,,,60,04,0,1,15,0,0,8,24,47,15,32,VILLANOVA,VILLANOVA,17.5,63.1,50.2
108979,Nick Howard,QB,0,,2025,127,58.9,71.6,,,60,02,0,1,2,0,0,13,1,16,2,14,BUTLER,BUTLER,26.5,48.8,62.1
108981,Pierce Holley,QB,0,,2025,158,72.7,77.2,,,60,03,0,1,57,0,0,0,15,72,57,15,E ILLINOIS,E ILLINOIS,70.1,70.9,63.2
108982,Tyler Knoop,QB,0,,2025,303,47.3,77.3,,,60,12,0,1,31,0,0,5,38,74,31,43,STNY BROOK,STNY BROOK,21.1,59.1,36.3
109120,Jaden Sutton,HB,0,,2026,152,75.6,76.4,74.1,52,42.9,01,0,1,0,2,23,16,3,44,25,19,DELWARE ST,DELWARE ST,75.5,,81.5
109133,Malik Grant,HB,0,,2025,274,60.7,76.8,68.3,52.1,57.8,04,0,1,0,1,19,22,8,50,20,30,RHODE ISLD,RHODE ISLD,77.3,,62.3
109136,Sone Ntoh,HB,0,2025,2025,231,81.3,72.9,74.4,59.8,,18,0,1,0,2,8,6,0,16,10,6,MONMOUTH,MONMOUTH,70.7,,81.6
109276,Will Downes,WR,0,,2025,213,78.3,77.8,,77,62.3,11,0,1,0,0,30,0,16,46,30,16,MARIST,MARIST,65.7,,
109365,William Enneking,TE,0,,2025,127,58.7,74.4,72.4,55.1,58,80,0,1,0,7,7,0,26,40,14,26,BUTLER,BUTLER,,,
109500,Braylon Henderson,WR,0,,2025,250,64.3,72.1,,63.7,60.3,01,0,1,0,0,8,0,7,15,8,7,N DAK ST,N DAK ST,61,,
109601,Dorrian Moultrie,WR,0,,2025,178,49.9,80.9,,48.7,61.6,06,0,1,0,0,32,0,44,76,32,44,HAMPTON,HAMPTON,61,,
109604,Jordan Hull,WR,0,,2026,152,61.1,77.8,,63.3,46,02,0,1,0,0,25,0,22,47,25,22,DELWARE ST,DELWARE ST,62.9,,
109605,Joe Gillette,WR,0,,2025,212,55.9,76,,55.8,61.6,18,0,1,0,0,20,0,9,29,20,9,MAINE,MAINE,62.9,,
109619,Joey Felton,WR,0,,2025,352,68.3,73.6,,67.3,61.8,23,0,1,0,0,12,0,11,23,12,11,YALE,YALE,65.8,,
109756,Hunter Brown,TE,0,,2025,159,58.2,0,,53.4,69.6,03,1,1,0,0,13,0,37,50,13,37,E KENTUCKY,E KENTUCKY,61,,
112003,Andre Banks,WR,0,,2025,139,74.9,70.8,,72.1,61.1,10,0,1,0,0,2,0,7,9,2,7,CITADEL,CITADEL,61,,
112920,Timothy Robinson,T,0,,2025,236,55.5,76.2,80.2,,47.1,74,0,1,0,29,0,0,31,60,29,31,MURRAY ST,MURRAY ST,,,
120737,Einaj Carter,WR,0,,2025,290,70.7,75.8,,69.9,59.7,01,0,1,0,0,25,0,12,37,25,12,SCAR STATE,SCAR STATE,68.1,,
121379,Bakarius Collier,G,0,,2025,132,60.5,70.6,76.1,,59.5,72,0,1,0,3,0,0,2,5,3,2,CENT ARK,CENT ARK,,,
121392,Myles Kitt-Denton,WR,0,,2026,257,79.8,77.2,,78.4,62,03,0,1,0,0,28,0,14,42,28,14,NWSTATE,NWSTATE,66.6,,
121393,Justin Lairy,T,0,,2025,132,60.6,76.9,67.8,,55.7,79,0,1,0,37,0,0,25,62,37,25,CENT ARK,CENT ARK,,,
121396,William Mayo,C,0,,2026,132,60,67.3,26.5,,,70,0,1,0,2,0,0,0,2,2,0,CENT ARK,CENT ARK,,,
121398,Jamal Mull,G,0,,2026,132,52,0,60.1,,53.2,58,1,1,0,37,0,0,25,62,37,25,CENT ARK,CENT ARK,,,
121459,Brandon Hayes,WR,0,2026,2026,294,57.6,69.4,,58.2,60.2,04,0,1,0,0,2,0,3,5,2,3,SE LA,SE LA,67.4,,
121460,Jimmie Haywood,TE,0,,2026,105,56.2,73.8,73,,51.9,33,0,1,0,3,0,0,6,9,3,6,ALABAMA ST,ALABAMA ST,,,
121641,Bryant Johnson,WR,0,,2026,159,52.5,76,,53.8,50.7,17,0,1,0,0,11,0,21,32,11,21,E KENTUCKY,E KENTUCKY,,,
121658,John Stone,C,0,,2025,159,71.8,80,70.9,,68.2,62,0,1,0,24,0,0,51,75,24,51,E KENTUCKY,E KENTUCKY,,,
121677,Darryle Evans,HB,0,,2026,183,58.2,72.5,74.7,55.9,,10,0,1,0,3,9,6,0,18,12,6,HOUCHR,HOUCHR,70.5,,58.3
121678,Ismael Fuller,WR,0,,2025,183,53.3,74.5,,53.3,61.9,11,0,1,0,0,16,0,10,26,16,10,HOUCHR,HOUCHR,,,
121701,Kendal Septs,G,0,,2028,183,59.6,78.4,57.8,,58.6,77,0,1,0,37,0,0,18,55,37,18,HOUCHR,HOUCHR,,,
121759,Braxton Crouse,WR,0,,2026,236,59.6,67.5,,60,60.1,82,0,1,0,0,1,0,3,4,1,3,MURRAY ST,MURRAY ST,,,
121815,Jalen Montgomery,HB,0,,2026,159,62.9,72,,,60,23,0,1,0,0,0,2,4,6,0,6,E KENTUCKY,E KENTUCKY,70,,61.8
121873,Malcolm Terry II,HB,0,,2026,145,66.7,73.8,81.7,55,58.4,06,0,1,0,14,11,8,4,37,25,12,COLUMBIA,COLUMBIA,71.9,,66.5
121876,Drew Wilder,C,1,,2026,158,61.2,79.9,57.4,,61.4,55,1,1,0,57,0,0,15,72,57,15,E ILLINOIS,E ILLINOIS,,,
121881,Detraveon Brown,WR,0,,2026,297,57.7,78.7,,56.8,63,07,0,1,0,0,22,0,29,51,22,29,SOUTHERN U,SOUTHERN U,61,,
121973,Jaycob Horn,WR,0,,2025,159,54.8,76.4,,53.6,61.7,00,0,1,0,0,15,0,32,47,15,32,E KENTUCKY,E KENTUCKY,,,
122107,Lavar Lindo,TE,0,,2026,301,54.6,70.1,67.3,54.6,57.6,88,0,1,0,1,4,0,6,11,5,6,STF AUSTIN,STF AUSTIN,,,
122109,Ty Love,WR,0,,2025,301,58.4,71.1,,59.3,60.1,19,0,1,0,0,1,0,5,6,1,5,STF AUSTIN,STF AUSTIN,,,
122170,Chris Houston,WR,0,,2025,137,59.7,68.4,,,59.1,21,0,1,0,0,0,0,4,4,0,4,CHATTNOOGA,CHATTNOOGA,,,
122258,Seth Williams,G,0,,2026,157,65.4,74.6,77.2,,63.9,67,0,1,0,5,0,0,11,16,5,11,E TENN ST,E TENN ST,,,
122277,Ty Moore,WR,0,,2026,257,69,75.4,,71.3,61.2,06,0,1,0,0,16,2,7,25,16,9,NWSTATE,NWSTATE,66.9,,55.9
122294,Brandon Fitez,WR,0,,2026,131,65.6,74,,65.1,58.5,08,0,1,0,0,8,0,4,12,8,4,CAMPBELL,CAMPBELL,61,,
122306,Lamagea McDowell,HB,0,,2026,270,68.8,76.1,67.6,61.2,60,23,0,1,0,1,8,16,3,28,9,19,PRVIEW A&M,PRVIEW A&M,75.5,,67.8
122348,Logan Mauldin,TE,0,,2027,217,77.9,0,66,81.5,68.9,21,1,1,0,2,26,0,21,49,28,21,MCNEESE,MCNEESE,65.7,,
122368,Malik Bowen-Sims,WR,0,,2025,116,52.4,74.5,,53,60.2,08,0,1,0,0,20,0,3,23,20,3,AUSTINPEAY,AUSTINPEAY,61,,
122467,Brandon Wilson,DI,0,,2025,157,60,60,63.8,,,D94,0,1,0,1,0,0,0,1,1,0,E TENN ST,E TENN ST,,,
122477,Wing Green,T,0,,2025,131,59.6,4.3,66,,63.5,76,1,1,0,22,0,0,29,51,22,29,CAMPBELL,CAMPBELL,,,
122508,Aidan Bouman,QB,0,,2026,291,87.2,76.7,,47.9,60.1,02,0,1,38,0,3,1,19,61,41,20,S DAKOTA,S DAKOTA,68.9,89.5,60
122573,Amauri Pesek-Hickson,HB,0,,2025,255,67.2,74.7,72.6,60.5,57.4,05,0,1,0,1,17,12,6,36,18,18,N IOWA,N IOWA,74,,68.4
122607,Witt Mitchum,T,0,,2026,389,64.8,75.2,85.1,59.6,55,72,0,1,0,25,1,0,15,41,26,15,N ALABAMA,N ALABAMA,,,
122614,KJ Shankle,HB,0,,2026,1139,58.8,71.5,34.5,62,60,00,0,1,0,3,6,7,1,17,9,8,TXAMEA,TXAMEA,71.4,,59.8
122657,Errol Rogers Jr.,WR,0,,2025,294,63.3,77.9,,64.9,45.4,12,0,1,0,0,37,0,17,54,37,17,SE LA,SE LA,64.1,,
122669,Harlan Dixon,HB,0,,2026,294,65.5,74.3,74.9,56.9,,03,0,1,0,5,4,10,0,19,9,10,SE LA,SE LA,73.1,,64.4
122702,Desmond Daniels,T,0,,2026,105,56.1,76.2,64.3,,53.4,70,0,1,0,18,0,0,31,49,18,31,ALABAMA ST,ALABAMA ST,,,
122717,Kade Neely,TE,0,,2026,236,51.6,79.2,70,52.6,54.6,80,0,1,0,4,22,0,28,54,26,28,MURRAY ST,MURRAY ST,61,,
122746,Grant Goodson,T,0,,2026,230,62.5,75.9,64.5,,60,66,0,1,0,31,0,0,24,55,31,24,MO STATE,MO STATE,,,
122754,D'Vontae Key,WR,0,,2025,230,52,76.5,,52.3,61.8,84,0,1,0,0,20,0,9,29,20,9,MO STATE,MO STATE,61,,
122770,Ja'Veo Toliver,T,0,,2025,230,60.7,67.7,74.8,,60,78,0,1,0,2,0,0,2,4,2,2,MO STATE,MO STATE,,,
122775,Hunter Wood,WR,0,,2025,230,76.8,76.8,,76.2,60.8,02,0,1,0,0,28,0,24,52,28,24,MO STATE,MO STATE,70.8,,
122815,Kobe Warden,WR,0,,2025,389,59.1,75.6,,59,59.1,14,0,1,0,0,37,0,12,49,37,12,N ALABAMA,N ALABAMA,71.6,,
122971,Jake Henry,G,0,,2026,301,53.7,79.2,63.7,,50.4,56,0,1,0,29,0,0,26,55,29,26,STF AUSTIN,STF AUSTIN,,,
123002,Jaylon Barden,WR,0,,2026,282,56.6,68.8,,57.3,,82,0,1,0,0,5,0,0,5,5,0,SAMFORD,SAMFORD,73.7,,
123050,JaCobian Morgan,QB,0,,2026,194,50.7,75.1,,,60,15,0,1,20,0,0,1,23,44,20,24,JACKSON ST,JACKSON ST,67.8,53.8,50.8
123167,Zach Blanchard,G,0,,2025,139,61.4,76.9,42.8,,62,70,0,1,0,9,0,0,28,37,9,28,CITADEL,CITADEL,,,
123170,Tyler Cherry,WR,0,,2025,139,62.5,75.9,,62.2,60.7,88,0,1,0,0,13,0,26,39,13,26,CITADEL,CITADEL,62.9,,
123182,Bryson Jones,T,0,,2025,139,51,75,18.3,,55.9,55,0,1,0,9,0,0,28,37,9,28,CITADEL,CITADEL,,,
123190,Cameron Moewe,T,0,,2025,139,57.9,76.5,53.9,,57.8,71,0,1,0,20,0,0,44,64,20,44,CITADEL,CITADEL,,,
123194,KJ Pierce,DI,0,,2025,139,60,66.4,,,59.5,D99,0,1,0,0,0,0,2,2,0,2,CITADEL,CITADEL,,,
123202,Graeson Underwood,TE,0,,2025,139,60.8,69.8,69.8,,58.7,18,0,1,0,2,0,0,6,8,2,6,CITADEL,CITADEL,,,
123234,Joseph Solomon,T,0,,2026,158,55.4,5.4,69.9,,53.2,78,1,1,0,49,0,0,16,65,49,16,E ILLINOIS,E ILLINOIS,,,
123276,Sincere Brown,WR,1,2026,2026,131,62.7,0,,67,47.7,09,1,1,0,0,20,0,26,46,20,26,CAMPBELL,CAMPBELL,65.7,,
123303,Kaedric Cobbs,HB,0,,2026,124,62,71.1,,57.1,,11,0,1,0,0,4,5,0,9,4,5,BRYANT,BRYANT,69.7,,62.2
123307,Isaiah Davis,WR,0,,2026,301,58.5,77.4,,58.1,61.5,14,0,1,0,0,21,0,18,39,21,18,STF AUSTIN,STF AUSTIN,62.9,,
123340,Derrell Bailey Jr.,T,0,2026,2026,157,71.4,77.3,78.6,,66.5,71,0,1,0,32,0,0,46,78,32,46,E TENN ST,E TENN ST,,,
123354,Jonathan Kuhler,C,0,,2026,133,57.9,80,65.3,,55.4,64,0,1,0,45,0,0,31,76,45,31,CENT CT ST,CENT CT ST,,,
123365,Carl Smith,WR,0,,2025,277,57.4,77.8,,57.3,58.6,00,0,1,0,0,27,0,24,51,27,24,ROB MORRIS,ROB MORRIS,62.9,,
123384,Christian Forbes,T,0,,2026,184,55.5,74.7,76.8,,49.8,77,0,1,0,16,0,0,19,35,16,19,HOWARD,HOWARD,,,
123475,Dillon Brooks,G,0,,2025,401,71.5,77.2,83.2,,69.9,51,0,1,0,23,0,0,16,39,23,16,TARLETON,TARLETON,,,
123515,Darius Lewis,WR,1,,2025,294,56.6,0,,57.7,60.5,09,1,1,0,0,50,0,22,72,50,22,SE LA,SE LA,72.2,,
123539,Andre Hines Jr.,HB,0,,2026,338,73.3,72.8,45.5,59.8,58.2,05,0,1,0,3,1,12,3,19,4,15,WAGNER,WAGNER,74,,72.2
123555,Marquez Bell,WR,0,,2026,164,62.2,76.6,,62.1,56.2,04,0,1,0,0,31,0,9,40,31,9,FL A&M,FL A&M,66.2,,
123587,Ethan Wright,HB,0,,2026,353,65,75.2,13.1,53.3,59.1,02,0,1,0,1,15,16,5,37,16,21,YNGTOWN ST,YNGTOWN ST,75.5,,67.8
123588,Matthew Akuchie,WR,0,,2025,348,54.2,76.5,,54,60.6,19,0,1,0,0,16,0,12,28,16,12,WM & MARY,WM & MARY,,,
123604,Marlon Krakue,ED,0,,2025,389,56.4,66.8,,60,57.4,D15,0,1,0,0,1,0,2,3,1,2,N ALABAMA,N ALABAMA,,,
123629,Josh Guilford,WR,0,,2026,348,60,64.1,,,60,10,0,1,0,0,0,0,1,1,0,1,WM & MARY,WM & MARY,,,
123721,Gage Saint,C,0,,2026,389,43.4,80.1,15.6,,55.7,74,0,1,0,47,0,0,32,79,47,32,N ALABAMA,N ALABAMA,,,
123744,Tony Forrest Jr.,G,0,,2025,177,54.9,70.7,,54.1,58.3,85,0,1,0,0,3,0,8,11,3,8,GRAMBLING,GRAMBLING,,,
123810,Isaiah Foote,G,1,,2025,345,58.5,17.3,73.2,,56.4,66,1,1,0,65,0,0,24,89,65,24,W ILLINOIS,W ILLINOIS,,,
123838,Ryan Stubblefield,QB,0,,2026,290,90,69.5,,,60,02,0,1,5,0,0,1,1,7,5,2,SCAR STATE,SCAR STATE,65.5,76.3,67.3
123871,Sean Brown,QB,0,,2026,317,69.5,77.1,,,60,09,0,1,40,0,0,5,27,72,40,32,TOWSON,TOWSON,23.5,75.5,43.3
123872,Will Buchanan,T,0,,2026,137,64.7,8.4,85.4,,63.4,78,1,1,0,25,0,0,28,53,25,28,CHATTNOOGA,CHATTNOOGA,,,
123979,Ze'Vian Capers,WR,0,,2026,171,56.7,72,,57,60,07,0,1,0,0,8,0,2,10,8,2,GARD-WEBB,GARD-WEBB,,,
123983,JJ Evans,WR,0,,2026,389,50.7,71.1,67.9,57,42.8,03,0,1,0,1,3,0,3,7,4,3,N ALABAMA,N ALABAMA,,,
123994,Trey Lindsey,QB,0,,2025,106,54.6,63.6,,,,03,0,1,0,0,0,1,0,1,0,1,ALBANY,ALBANY,62.5,,57.6
124047,RJ Adams,T,0,,2027,246,58.2,16.2,69.2,,58.4,52,2,1,0,40,0,0,25,65,40,25,NC A&T,NC A&T,,,
124088,Tre Bradford,HB,0,,2026,177,61.2,74.3,75.1,57.9,59.8,00,0,1,0,3,8,12,3,26,11,15,GRAMBLING,GRAMBLING,74,,61.1
124228,Ger-Cari Caldwell,WR,0,,2026,246,63.9,78.3,,63.4,61.7,01,0,1,0,0,49,0,26,75,49,26,NC A&T,NC A&T,66.2,,
124726,Nate Hill,WR,0,,2027,334,60,64.8,,,60,06,0,1,0,0,0,0,1,1,0,1,VILLANOVA,VILLANOVA,,,
124795,Shug Bentley,LB,0,,2029,302,60,65.3,,,60,D41,0,1,0,0,0,0,2,2,0,2,STETSON,STETSON,,,
125281,Seth Anderson,T,0,,2026,249,67.4,76.8,45.1,,71,71,0,1,0,31,0,0,38,69,31,38,N DAKOTA,N DAKOTA,,,
125295,Hayden Johnston,C,0,,2025,250,53.6,77.3,37.4,,56.6,59,0,1,0,16,0,0,21,37,16,21,N DAK ST,N DAK ST,,,
125298,TK Marshall,HB,0,,2025,250,58.8,71.7,70.8,56.5,,28,0,1,0,1,6,5,0,12,7,5,N DAK ST,N DAK ST,69.7,,59.1
125299,Cam Miller,QB,0,2025,2025,250,90,72.2,,,60,07,0,1,6,0,0,0,12,18,6,12,N DAK ST,N DAK ST,64.2,90,
125300,Mason Miller,T,0,2025,2025,250,69.6,74.5,80.1,,67.2,73,0,1,0,9,0,0,17,26,9,17,N DAK ST,N DAK ST,,,
125308,Kaedin Steindorf,P,0,,2025,250,60,70.3,,,,S41,0,1,0,0,0,1,0,1,0,1,N DAK ST,N DAK ST,62.5,,60
125309,Joe Stoffel,TE,0,,2025,250,61.5,72.1,,53.7,67.5,82,0,1,0,0,5,0,10,15,5,10,N DAK ST,N DAK ST,,,
125310,Tyler Terhark,WR,0,,2025,250,62.2,78.7,,62.1,59.9,06,0,1,0,0,12,0,23,35,12,23,N DAK ST,N DAK ST,61,,
125314,Grey Zabel,T,0,2025,2025,250,66.3,73.9,80.5,,62.5,74,0,1,0,9,0,0,17,26,9,17,N DAK ST,N DAK ST,,,
126978,Tate Taylor,TE,0,,2026,282,41.4,73.4,75.3,30.6,59.6,41,0,1,0,5,3,0,6,14,8,6,SAMFORD,SAMFORD,,,
127093,Brady Anderson,C,1,,2026,338,62.2,78.6,32.2,,63.4,71,1,1,0,14,0,0,39,53,14,39,WAGNER,WAGNER,,,
127151,Jordan Nabors,WR,0,,2026,301,61.4,77.4,,65.9,37.5,18,0,1,0,0,24,0,19,43,24,19,STF AUSTIN,STF AUSTIN,66.4,,
127156,Caleb Flores,G,0,,2027,189,65.5,78.8,68,,64.5,73,0,1,0,34,0,0,28,62,34,28,INCAR WORD,INCAR WORD,,,
127157,Lance Mason,TE,0,2026,2026,230,59.5,76.7,67.3,61,55.6,85,0,1,0,1,18,0,20,39,19,20,MO STATE,MO STATE,62.9,,
127178,Jack Ziebell,C,0,,2028,253,66.9,79,62.6,,65.8,63,0,1,0,34,0,0,24,58,34,24,N COLORADO,N COLORADO,,,
127560,Cortaz Williams,HB,0,,2026,133,60.2,73.4,,60.2,,34,0,1,0,0,6,12,0,18,6,12,CENT CT ST,CENT CT ST,74,,60.1
128015,Taj Butts,HB,0,,2026,155,64.4,74,56.3,56.1,60,00,0,1,0,5,6,7,1,19,11,8,DUQUESNE,DUQUESNE,71.3,,65.1
128080,Onuma Dieke,WR,0,,2025,162,67.1,76.9,,66.5,60,14,0,1,0,0,25,0,11,36,25,11,ELON,ELON,62.9,,
128084,Joe Horn,C,0,,2025,212,49.7,79.7,24.5,,59.4,70,0,1,0,48,0,0,21,69,48,21,MAINE,MAINE,,,
128173,Joseph Church,T,0,,2025,228,56.2,76.5,69.1,,53,75,0,1,0,23,0,0,42,65,23,42,MS VLY ST,MS VLY ST,,,
128176,Logan Fife,QB,0,,2026,232,74.7,73.3,,,60,12,0,1,10,0,0,1,15,26,10,16,MONTANA,MONTANA,65.4,75.5,60
128185,Matt Lowe,TE,0,,2026,235,71,73.9,69.3,76.5,56.8,86,0,1,0,2,3,0,13,18,5,13,MORGAN ST,MORGAN ST,61,,
128287,Connor Witthoft,TE,0,,2026,151,56.9,71.6,,58.4,58.1,41,0,1,0,0,2,0,4,6,2,4,DELAWARE,DELAWARE,,,
128318,Joey Wright,T,0,,2026,279,69.6,72.8,79.7,,66,77,0,1,0,8,0,0,12,20,8,12,SACRAMENTO,SACRAMENTO,,,
128960,Mason Jones,G,0,,2026,125,72.6,78.9,71.3,,73.3,73,0,1,0,39,0,0,27,66,39,27,BUCKNELL,BUCKNELL,,,
129405,Reid Williams,C,0,,2026,137,82.9,80,71,,78.7,64,0,1,0,33,0,0,43,76,33,43,CHATTNOOGA,CHATTNOOGA,,,
129428,Blaise Sparks,T,0,,2025,151,61,76.5,58.9,,60.2,67,0,1,0,33,0,0,30,63,33,30,DELAWARE,DELAWARE,,,
129484,Josh Volk,G,0,,2026,255,63.8,79.5,62.5,,63.3,71,0,1,0,38,0,0,37,75,38,37,N IOWA,N IOWA,,,
129503,Nick DeGennaro,WR,0,2026,2026,276,93.8,0,,93.4,77.2,11,1,1,0,0,15,0,24,39,15,24,RICHMOND,RICHMOND,69.8,,
129523,Khristopher Love,G,0,,2026,1139,65.2,79.3,74.9,,62.1,50,0,1,0,40,0,0,16,56,40,16,TXAMEA,TXAMEA,,,
129529,Zach Perkins,G,0,,2026,178,50.4,80.2,21.6,,53.6,71,0,1,0,31,0,0,43,74,31,43,HAMPTON,HAMPTON,,,
129563,Carter Peevy,QB,0,,2026,212,63.8,77,,,60.1,11,0,1,48,0,0,2,19,69,48,21,MAINE,MAINE,70.3,64.4,57.3
129598,Noah Stewart,T,0,,2025,161,62.1,68.3,75,,60.1,75,0,1,0,3,0,0,2,5,3,2,E WASHGTON,E WASHGTON,,,
129600,Jake Thaw,WR,0,,2026,151,56.5,74.4,,56.7,59.9,15,0,1,0,0,11,0,5,16,11,5,DELAWARE,DELAWARE,66.2,,
129612,Donovan Eaglin,HB,0,,2025,104,52.9,75.4,80.4,53.3,63.4,07,0,1,0,7,12,9,6,34,19,15,ALAB A&M,ALAB A&M,21.8,,51.2
129658,Tyrell Lawrence,G,0,,2030,104,59.1,79.1,75.8,,54,73,1,1,0,44,0,0,26,70,44,26,ALAB A&M,ALAB A&M,,,
129702,Barron Miles,WR,0,,2026,177,58.9,71.2,,59.6,60.2,20,0,1,0,0,1,0,5,6,1,5,GRAMBLING,GRAMBLING,,,
129795,Mason Stahl,WR,0,,2025,280,79.2,70.1,,76.1,59.7,02,0,1,0,0,5,0,2,7,5,2,SACR HEART,SACR HEART,61,,
129834,Collin Sullivan,WR,0,,2026,183,61.8,76.1,,61.4,60.7,07,0,1,0,0,14,0,9,23,14,9,HOUCHR,HOUCHR,61,,
129847,Khalan Griffin,HB,0,,2025,204,79.5,74.6,,75,59.1,06,0,1,0,0,6,19,7,32,6,26,LAMAR,LAMAR,76.5,,76.3
129883,Beau Lanzidelle,G,0,,2026,385,51.8,72.2,63.9,,51.2,75,0,1,0,1,0,0,11,12,1,11,MERRIMACK,MERRIMACK,,,
130273,John Hartman,G,0,,2025,142,58.3,77.5,53.9,,58,78,0,1,0,20,0,0,23,43,20,23,COLGATE,COLGATE,,,
130340,Donny Marcus,HB,0,,2027,133,63.4,74.2,69.6,61.2,,20,0,1,0,1,16,11,0,28,17,11,CENT CT ST,CENT CT ST,73.9,,63.2
130401,Kolbe Burrell,HB,0,,2027,257,60,64.5,71.5,,60,21,0,1,0,1,0,0,1,2,1,1,NWSTATE,NWSTATE,,,
130423,AJ Urbaniak,G,0,,2026,385,57.9,78.9,79.1,,54.6,64,1,1,0,24,0,0,41,65,24,41,MERRIMACK,MERRIMACK,,,
130440,Cade Klimczak,C,0,,2026,232,82.4,79.9,73.4,,78.2,72,1,1,0,33,0,0,39,72,33,39,MONTANA,MONTANA,,,
130454,Jason Eaton,T,0,,2025,310,67.9,0,62.6,,74.2,76,1,1,0,22,0,0,20,42,22,20,TENN MARTN,TENN MARTN,,,
130513,James Burns,WR,0,,2025,270,93.4,73.2,,83.6,59.6,00,0,1,0,0,11,1,3,15,11,4,PRVIEW A&M,PRVIEW A&M,65.3,,79.7
130544,Drew Cassens,TE,0,,2026,127,67.7,76.6,74.4,55.7,69,07,0,1,0,6,3,0,21,30,9,21,BUTLER,BUTLER,,,
130549,Billy Dozier,HB,0,,2025,127,85.1,74.3,72.9,,54.7,03,0,1,0,2,0,3,8,13,2,11,BUTLER,BUTLER,67.3,,81.1
130553,Dustin Fletcher,QB,0,,2029,139,60.2,67.2,,,60,01,0,1,0,0,0,1,2,3,0,3,CITADEL,CITADEL,62.5,,60
130647,Quinton Cannon,LB,0,,2025,171,60,60,,,60,D10,0,1,0,0,0,0,1,1,0,1,GARD-WEBB,GARD-WEBB,,,
130659,Jeremiah Piper,CB,0,,2027,345,60,64.9,,,60,D01,0,1,0,0,0,0,1,1,0,1,W ILLINOIS,W ILLINOIS,,,
130662,Jack Salopek,QB,0,,2025,162,45,72.4,,,60,06,0,1,13,0,0,0,7,20,13,7,ELON,ELON,66,46.5,57
131436,Elijah Bowser,T,0,,2026,310,73.4,75.8,56.3,,75.7,79,0,1,0,25,0,0,27,52,25,27,TENN MARTN,TENN MARTN,,,
131443,Jayden Becks,HB,0,,2028,230,79.4,73.1,67.5,73.3,,05,0,1,0,1,9,6,0,16,10,6,MO STATE,MO STATE,71.5,,75.3
131676,Caleb Fauria,TE,0,,2026,151,55.8,77.3,73.7,58.3,50.4,12,0,1,0,5,22,0,20,47,27,20,DELAWARE,DELAWARE,61,,
131724,Cooper Shults,TE,0,,2025,283,67.7,71.8,,59.2,67.7,47,0,1,0,0,1,0,12,13,1,12,SAN DIEGO,SAN DIEGO,,,
131808,Bradley Schlom,WR,0,,2026,283,53.9,76.6,,53.7,58.5,86,0,1,0,0,21,0,19,40,21,19,SAN DIEGO,SAN DIEGO,,,
131843,Faysal Aden,HB,0,,2025,106,70.2,75.1,60.4,68.9,55.5,00,0,1,0,5,24,10,4,43,29,14,ALBANY,ALBANY,73.2,,72.2
131885,Braedon Wissler,HB,0,,2026,298,68.8,73.3,77.1,77.6,59.3,21,0,1,0,3,4,10,2,19,7,12,SO UTAH,SO UTAH,73.6,,65.4
131910,Sawyer Racanelli,WR,0,,2026,232,54,75.2,,53.6,62.3,09,0,1,0,0,9,0,14,23,9,14,MONTANA,MONTANA,,,
131932,Victor Gabalis,QB,0,,2026,401,41.8,77.2,,,60,11,0,1,35,0,0,2,37,74,35,39,TARLETON,TARLETON,69.6,33.5,73.2
131963,Donivan Wright,WR,0,,2026,104,64.5,75.6,,66.5,39.1,14,0,1,0,0,23,0,6,29,23,6,ALAB A&M,ALAB A&M,66.9,,
132419,William McRainey,LB,0,,2025,157,60,60,63.8,,,D02,0,1,0,1,0,0,0,1,1,0,E TENN ST,E TENN ST,,,
132433,Caleb Carter,T,0,,2026,344,39.7,77.8,27.8,,46.5,75,0,1,0,68,0,0,21,89,68,21,W CAROLINA,W CAROLINA,,,
132437,Keenan Hambrick,WR,0,,2026,104,69.3,80.5,,68.8,60.7,06,0,1,0,0,44,0,26,70,44,26,ALAB A&M,ALAB A&M,65.7,,
132441,Calvin Jones,WR,0,,2026,344,75.7,73.9,,71,81.4,03,0,1,0,0,10,0,7,17,10,7,W CAROLINA,W CAROLINA,61,,
132721,Trenton Leary,WR,0,,2027,313,64.8,76.3,,64.2,62.3,12,0,1,0,0,18,0,22,40,18,22,TEXAS STHN,TEXAS STHN,68.4,,
132972,Jestus Johnson,G,0,,2026,152,62.3,79.4,64.5,,60.6,55,0,1,0,34,0,0,31,65,34,31,DELWARE ST,DELWARE ST,,,
133096,Kamden Sixkiller,QB,0,,2028,217,62.7,77.4,,,60,06,0,1,52,0,0,4,21,77,52,25,MCNEESE,MCNEESE,71.2,59.6,65.1
133667,Quincy Hughes,T,0,,2026,350,67.2,10.2,84,,65.7,71,1,1,0,26,0,0,26,52,26,26,WOFFORD,WOFFORD,,,
134081,MJ Flowers,HB,0,,2027,158,63.1,77.1,73.9,59.3,,04,0,1,0,14,40,14,0,68,54,14,E ILLINOIS,E ILLINOIS,75.1,,63.8
134318,Ronnie Thomas Jr.,WR,0,,2027,949,58.7,63.4,,59.9,,02,0,1,0,0,1,0,0,1,1,0,LNDNWD,LNDNWD,,,
134539,Shen Butler Lawson Jr,HB,0,,2025,191,62.3,73.6,,54.8,56.1,09,0,1,0,0,8,8,6,22,8,14,INDIANA ST,INDIANA ST,71.9,,64.4
134760,Derek Harden Jr.,G,0,,2028,295,63.5,77.3,85.5,,58.2,68,0,1,0,21,0,0,13,34,21,13,S ILLINOIS,S ILLINOIS,,,
136856,Braelon Bridges,HB,0,,2027,401,58.1,69.1,69.4,,,08,0,1,0,2,0,7,0,9,2,7,TARLETON,TARLETON,71.3,,58.2
136866,Darius Cooper,WR,0,2025,2025,401,63.9,80.9,,63.4,61.9,06,1,1,0,0,35,0,37,72,35,37,TARLETON,TARLETON,64.1,,
136896,Marvin Landy,TE,0,,2027,194,54.8,74.6,70.7,59.3,50.1,88,0,1,0,5,5,0,19,29,10,19,JACKSON ST,JACKSON ST,62.9,,
136927,Kyle Weber,TE,0,,2025,401,55,72,67,54.4,57,41,0,1,0,2,3,0,14,19,5,14,TARLETON,TARLETON,,,
138032,Cooper Willman,WR,0,,2026,158,74.1,79.1,,73.2,61.1,13,0,1,0,0,57,0,15,72,57,15,E ILLINOIS,E ILLINOIS,70.9,,
138033,Kendi Young,HB,0,,2025,158,66.3,68.9,71.8,58.8,,29,0,1,0,1,2,4,0,7,3,4,E ILLINOIS,E ILLINOIS,68.6,,65.3
138045,Cortezz Jones,HB,0,,2025,949,69.3,73.2,68.3,56,60,00,0,1,0,1,4,9,1,15,5,10,LNDNWD,LNDNWD,72.5,,69
138060,Shug Walker,LB,0,,2026,295,60,60,,,60,D33,0,1,0,0,0,0,1,1,0,1,S ILLINOIS,S ILLINOIS,,,
138062,Damonta Witherspoon,HB,0,,2025,282,67.2,75.5,56.2,81.4,76.2,31,0,1,0,13,17,9,6,45,30,15,SAMFORD,SAMFORD,72.8,,60.7
138107,Hunter Barnhart,TE,0,,2025,309,61.9,75.5,53.1,51.7,68.8,88,0,1,0,3,11,0,27,41,14,27,TENN TECH,TENN TECH,,,
138121,Nate Hodnett,C,0,,2025,309,69.9,78.9,75.2,,66.2,66,0,1,0,23,0,0,34,57,23,34,TENN TECH,TENN TECH,,,
138129,Ashton Maples,WR,0,,2025,309,55.4,69.5,,56.1,60.1,11,0,1,0,0,4,0,3,7,4,3,TENN TECH,TENN TECH,,,
138146,Mitchell Appleton,G,0,,2026,310,59.8,68.5,,,59.6,74,0,1,0,0,0,0,3,3,0,3,TENN MARTN,TENN MARTN,,,
138182,Zoe Roberts,WR,0,,2026,310,64.5,76.7,,64.2,60,06,0,1,0,0,18,0,17,35,18,17,TENN MARTN,TENN MARTN,61,,
138187,Josiah Tingley,G,0,,2026,310,66.1,0,86.1,,68.4,62,1,1,0,24,0,0,23,47,24,23,TENN MARTN,TENN MARTN,,,
138200,Jeff Bowens,CB,0,,2025,171,60,64.9,,,60,D02,1,1,0,0,0,0,1,1,0,1,GARD-WEBB,GARD-WEBB,,,
138226,Mark Hutchinson,G,0,,2026,230,57.6,74.9,77.9,,55.1,72,0,1,0,9,0,0,9,18,9,9,MO STATE,MO STATE,,,
138230,Bo Belquist,WR,0,,2025,249,80.1,78.5,,81.2,47.7,01,0,1,0,0,31,0,26,57,31,26,N DAKOTA,N DAKOTA,67.9,,
138245,Jack Kuntz,G,0,,2025,249,59.1,3.7,83.6,,59,73,1,1,0,31,0,0,38,69,31,38,N DAKOTA,N DAKOTA,,,
138255,Isaiah Smith,HB,0,,2025,249,62.8,75.3,9.4,60,60.3,29,0,1,0,1,17,9,6,33,18,15,N DAKOTA,N DAKOTA,72.6,,65.5
138259,Quincy Vaughn,TE,0,,2025,249,63.6,74,69.1,53.1,41,04,0,1,1,5,7,1,12,26,13,13,N DAKOTA,N DAKOTA,63.7,74.6,63.3
138268,Hayden Amos,C,0,,2025,255,61.1,8.2,74.3,,60.9,79,1,1,0,38,0,0,37,75,38,37,N IOWA,N IOWA,,,
138269,Blake Anderson,G,0,,2026,255,64.4,80.4,87.7,,59.3,65,0,1,0,38,0,0,37,75,38,37,N IOWA,N IOWA,,,
138279,Tysen Kershaw,WR,0,,2026,255,81.4,75.9,,80.2,61.8,13,0,1,0,0,21,0,18,39,21,18,N IOWA,N IOWA,65.7,,
138298,A.J. Coons,WR,0,,2025,291,84.1,0,,86.7,55.8,10,1,1,0,0,1,0,2,3,1,2,S DAKOTA,S DAKOTA,61,,
138303,Mark Gronowski,QB,0,2026,2026,292,87.5,77.6,,59.3,60.2,11,0,1,33,0,1,12,28,74,34,40,S DAK ST,S DAK ST,73.3,88.8,68.8
138312,Gus Miller,C,0,,2025,292,71,79.9,85.5,,65.2,50,0,1,0,34,0,0,40,74,34,40,S DAK ST,S DAK ST,,,
138348,David Metzler,G,0,,2025,353,60,66.1,,,60,73,0,1,0,0,0,0,2,2,0,2,YNGTOWN ST,YNGTOWN ST,,,
138352,Aidan Parker,G,0,,2025,353,60.5,79.6,69.8,,58.7,56,0,1,0,22,0,0,40,62,22,40,YNGTOWN ST,YNGTOWN ST,,,
138358,Brandan Serrano,TE,0,,2025,353,65.8,74.1,,56.6,66.8,15,0,1,0,0,2,0,22,24,2,22,YNGTOWN ST,YNGTOWN ST,,,
138405,Julian Bumper,HB,0,,2026,162,50.8,69,17.3,56.3,60,08,0,1,0,2,4,1,1,8,6,2,ELON,ELON,62.5,,58.5
138416,Daniel Moyer,HB,0,,2026,277,53.4,74.2,,55.4,59.4,09,0,1,0,0,9,8,3,20,9,11,ROB MORRIS,ROB MORRIS,71.9,,54.3
138428,Kenny Gallop Jr.,S,0,,2025,184,60,63.5,,59.9,,D00,0,1,0,0,1,0,0,1,1,0,HOWARD,HOWARD,,,
138431,Kasey Hawthorne,WR,0,,2025,184,65.5,77.4,,67.7,58.4,03,0,1,0,0,22,2,25,49,22,27,HOWARD,HOWARD,67.4,,56.2
138434,Jarett Hunter,HB,0,,2025,184,56.8,74.7,,66.4,55.3,02,0,1,0,0,14,12,10,36,14,22,HOWARD,HOWARD,74.1,,55.1
138983,Nate Brackett,P,0,,2026,157,60.4,70.3,,,,S16,0,1,1,0,0,0,0,1,1,0,E TENN ST,E TENN ST,60.3,60.5,
138996,Bryson Irby,HB,0,,2025,157,61.3,76.6,48.1,60,47.6,07,0,1,0,9,9,17,7,42,18,24,E TENN ST,E TENN ST,75.9,,63.6
139011,Trey Richburg,G,0,,2025,247,66.6,73,84.9,,64.2,65,0,1,0,6,0,0,4,10,6,4,NC CENT,NC CENT,,,
139013,Braxton Shipp,T,0,,2026,157,52.6,75.5,33.2,60,53.7,64,0,1,0,7,1,0,22,30,8,22,E TENN ST,E TENN ST,,,
139051,Riley Adcock,C,0,,2025,219,69.4,0,70.1,,70.2,64,1,1,0,29,0,0,37,66,29,37,MERCER,MERCER,,,
139055,Parker Wroble,WR,0,,2025,219,56.4,74.8,63.1,54.6,81.9,10,0,1,0,1,8,1,8,18,9,9,MERCER,MERCER,62.5,,57.9
139060,Zach Brown,T,0,,2025,282,65.5,76.9,78.1,,57,77,0,1,0,47,0,0,24,71,47,24,SAMFORD,SAMFORD,,,
139062,Wesley Carlock,WR,0,,2026,282,56.8,73.1,,57.2,59.1,85,0,1,0,0,9,0,5,14,9,5,SAMFORD,SAMFORD,62.9,,
139071,Cooper Frazier,C,0,,2026,282,56.2,8.5,64,,57.5,57,1,1,0,47,0,0,24,71,47,24,SAMFORD,SAMFORD,,,
139072,Donovan Hawkins,T,0,,2025,282,70.5,77.4,69.6,,68.7,79,0,1,0,47,0,0,24,71,47,24,SAMFORD,SAMFORD,,,
139099,Andre Cooper II,WR,0,,2026,277,53.9,76,,53.2,62.2,11,0,1,0,0,16,0,17,33,16,17,ROB MORRIS,ROB MORRIS,,,
139101,Julio DaSilva,WR,0,,2025,336,52.7,78,,52.7,61.2,09,0,1,0,0,21,0,12,33,21,12,VA MILT IN,VA MILT IN,,,
139106,Cole Holtz,C,0,,2025,336,64.5,78.9,79,,59.7,68,0,1,0,31,0,0,24,55,31,24,VA MILT IN,VA MILT IN,,,
139131,Carlos Davis,QB,0,,2025,317,60,63.6,,,60,07,0,1,0,0,0,0,1,1,0,1,TOWSON,TOWSON,,,
139140,Bryce Corriston,QB,0,,2025,350,68.8,76,,,60,08,0,1,26,0,0,3,23,52,26,26,WOFFORD,WOFFORD,69.5,64.1,67.2
139148,Ryan Ingram,HB,0,,2026,350,67.8,72.4,24.5,57.4,60,12,0,1,0,4,5,11,1,21,9,12,WOFFORD,WOFFORD,73.5,,70.8
139150,Briggs Kearse,G,0,,2025,350,40.7,0,46.5,,53.4,73,3,1,0,25,0,0,25,50,25,25,WOFFORD,WOFFORD,,,
139348,Desmond Moultrie,HB,0,,2026,194,59.3,67.9,,60,59.3,21,0,1,0,0,1,0,2,3,1,2,JACKSON ST,JACKSON ST,,,
139357,Errick Simmons,WR,0,,2026,194,36.2,67.3,,44.8,60,17,0,1,0,0,1,0,1,2,1,1,JACKSON ST,JACKSON ST,,,
139371,Mike Chandler II,QB,0,,2026,131,90.1,75.1,,72.8,60,01,0,1,14,0,2,7,17,40,16,24,CAMPBELL,CAMPBELL,71.3,82.6,72.6
139381,Devyn Gibbs,TE,0,,2026,204,68.6,74.6,67.3,64.3,66.9,81,0,1,0,1,13,0,22,36,14,22,LAMAR,LAMAR,61,,
139392,Marcques Mayo,T,0,,2026,177,64.9,75.4,77,,60.4,70,0,1,0,16,0,0,31,47,16,31,GRAMBLING,GRAMBLING,,,
139408,Connor Venetis,TE,0,,2025,243,61,71.3,66.9,,59.3,88,0,1,0,3,0,0,7,10,3,7,NICHOLLS,NICHOLLS,,,
139438,James Louis,HB,0,,2025,234,56.8,63.9,,58.9,,07,0,1,0,0,1,0,0,1,1,0,MOREHEAD,MOREHEAD,,,
139449,James Wayne,T,0,,2025,234,57.9,76,67.5,59.5,54.6,54,0,1,0,27,1,0,27,55,28,27,MOREHEAD,MOREHEAD,,,
139460,Collin Guggenheim,HB,0,,2025,243,60,77.9,67.5,65.4,60,19,0,1,0,1,22,14,4,41,23,18,NICHOLLS,NICHOLLS,74.8,,58.3
139461,Nathan Hebb,TE,0,,2025,243,53.3,77.1,71.2,51.8,54,43,0,1,0,9,12,0,27,48,21,27,NICHOLLS,NICHOLLS,61,,
139474,Lee Negrotto,TE,0,,2025,243,51.8,72.4,,51.8,59.4,09,0,1,0,0,10,0,3,13,10,3,NICHOLLS,NICHOLLS,,,
139478,Evan Roussel,C,0,,2025,243,52.7,4.9,63.5,,54.5,71,1,1,0,40,0,0,32,72,40,32,NICHOLLS,NICHOLLS,,,
139486,Corey Warren Jr.,HB,0,,2026,243,56.6,72.2,,68.7,59.1,30,0,1,0,0,4,7,5,16,4,12,NICHOLLS,NICHOLLS,71.4,,55.1
139492,Scooter Adams,HB,0,,2025,270,45.8,72.9,73.9,28.9,,06,0,1,0,2,5,3,0,10,7,3,PRVIEW A&M,PRVIEW A&M,67.3,,54
139528,Dane Wallace,WR,0,,2027,257,46.6,71.1,,48.5,60.5,11,0,1,0,0,5,0,4,9,5,4,NWSTATE,NWSTATE,,,
141298,Cannon Panfiloff,T,0,,2026,232,80.9,77.2,70.4,,79.2,69,0,1,0,29,0,0,37,66,29,37,MONTANA,MONTANA,,,
141317,Kobe Tracy,QB,0,,2025,186,70.2,21,,,60,16,1,1,45,0,0,1,16,62,45,17,IDAHO ST,IDAHO ST,36.4,73.7,52.1
141324,Damani Wilks,WR,0,,2026,1285,64.5,77.7,,62.5,80,17,0,1,0,0,34,0,13,47,34,13,UTAHTC,UTAHTC,62.9,,
141358,Will Pieroni,C,0,,2026,236,59.3,71.5,34.7,,60.3,62,0,1,0,2,0,0,5,7,2,5,MURRAY ST,MURRAY ST,,,
141376,Anthony Chiccitt,QB,0,,2026,277,63.2,76.2,,,60,16,1,1,33,0,0,1,25,59,33,26,ROB MORRIS,ROB MORRIS,69,65,54.4
141416,Dorian Anderson,WR,0,,2025,293,63.9,81.1,,63.8,59,06,0,1,0,0,61,0,24,85,61,24,SE MO ST,SE MO ST,66.7,,
141520,Jett Carpenter,TE,0,,2027,161,65.9,66.8,,,69.4,85,0,1,0,0,0,0,2,2,0,2,E WASHGTON,E WASHGTON,,,
141521,Efton Chism III,WR,0,2025,2025,161,80.3,77.3,,80.4,65.9,07,0,1,0,0,22,0,42,64,22,42,E WASHGTON,E WASHGTON,68.7,,
141525,Wyatt Hansen,T,0,,2025,161,58.5,76.9,62,,56.7,61,0,1,0,22,0,0,42,64,22,42,E WASHGTON,E WASHGTON,,,
141526,Justice Jackson,HB,0,,2025,186,69.3,70.6,71.8,60,58.8,21,0,1,0,1,1,7,3,12,2,10,IDAHO ST,IDAHO ST,71.3,,67.9
141535,Brenden Rivera,G,0,,2025,161,59.9,78.8,62.2,,58.8,64,0,1,0,22,0,0,42,64,22,42,E WASHGTON,E WASHGTON,,,
141546,Nate Azzopardi,G,0,,2026,185,61.2,7.2,66.7,,63.7,74,1,1,0,34,0,0,40,74,34,40,IDAHO,IDAHO,,,
141583,Zack Conner,ED,0,,2025,186,60,60,,,60,D47,0,1,0,0,0,0,1,1,0,1,IDAHO ST,IDAHO ST,,,
141593,Hunter Hays,QB,0,,2025,186,53.8,71,,,60,07,0,1,1,0,0,11,1,13,1,12,IDAHO ST,IDAHO ST,73.4,50.8,58.3
141594,Maika Heck,TE,0,,2026,133,55.1,72.7,,49.4,69.8,83,0,1,0,0,10,0,5,15,10,5,CENT CT ST,CENT CT ST,,,
141603,Jack O'Connor,G,0,,2026,131,51.2,76.9,69.3,,48.7,77,0,1,0,14,0,0,24,38,14,24,CAMPBELL,CAMPBELL,,,
141671,Collin Gardner,T,0,,2025,298,64,77.4,68.3,,61.2,73,0,1,0,27,0,0,44,71,27,44,SO UTAH,SO UTAH,,,
141731,Myles Crawley,QB,0,,2025,177,65.2,69.1,,,60,07,0,1,3,0,0,1,3,7,3,4,GRAMBLING,GRAMBLING,64.8,71.1,57.3
141743,Dylan Creech,TE,0,,2026,105,62.5,74.5,,57.5,63.5,40,0,1,0,0,2,0,18,20,2,18,ALABAMA ST,ALABAMA ST,61.9,,
141758,Rolando Jones,T,0,,2025,112,60.9,76.7,72.6,,56.6,51,0,1,0,28,0,0,32,60,28,32,ARKAPB,ARKAPB,,,
141763,Calvin Lester III,G,0,,2026,228,56.2,78.8,83.4,,52.2,73,0,1,0,23,0,0,42,65,23,42,MS VLY ST,MS VLY ST,,,
141764,Christon Love,C,0,,2025,112,61.6,79.2,75.9,,58.2,74,0,1,0,28,0,0,32,60,28,32,ARKAPB,ARKAPB,,,
141787,Kobe Dillon,HB,0,,2026,297,56.4,73.9,72.7,27,60,09,0,1,0,1,11,14,2,28,12,16,SOUTHERN U,SOUTHERN U,74.8,,65.5
141796,Traveon Newsome,G,1,,2026,189,70,79.5,72.1,,69.4,70,1,1,0,32,0,0,28,60,32,28,INCAR WORD,INCAR WORD,,,
141800,Tyler Kirkwood,WR,0,,2026,297,58.5,77.2,,58,60.9,02,0,1,0,0,22,0,27,49,22,27,SOUTHERN U,SOUTHERN U,67.1,,
141802,Gregory Perkins,TE,0,,2025,244,55.6,76.2,67.7,48.7,60,09,0,1,0,3,12,0,32,47,15,32,NORFOLK,NORFOLK,,,
141838,Michael Mansaray,HB,0,,2026,332,75.7,79.3,79.7,68.4,58.6,07,0,1,0,4,22,21,6,53,26,27,VALPO,VALPO,77,,74.4
141844,Bryce Henderson,T,0,2026,2026,291,86.7,76.5,76.2,,90.5,55,0,1,0,41,0,0,22,63,41,22,S DAKOTA,S DAKOTA,,,
141848,JJ Galbreath,TE,0,2025,2025,291,59,77.4,69.8,59.4,54.6,82,0,1,0,1,36,0,18,55,37,18,S DAKOTA,S DAKOTA,64.1,,
141853,Zach Witte,TE,0,,2026,291,58,70.8,64.8,57.8,58.8,89,0,1,0,1,5,0,5,11,6,5,S DAKOTA,S DAKOTA,61,,
141870,Eli Sawyer,QB,0,,2025,294,56.4,77.8,,,60,17,0,1,54,0,0,2,31,87,54,33,SE LA,SE LA,40,55.8,58.6
141878,Cade Collier,TE,0,,2026,294,48,0,76.5,50.9,51.5,89,1,1,0,6,43,0,22,71,49,22,SE LA,SE LA,62.9,,
141879,Javin Turner,G,0,,2026,294,50.2,79.3,60.8,,43.7,56,0,1,0,40,0,0,17,57,40,17,SE LA,SE LA,,,
141884,Jhy Orgeron,T,0,,2025,294,54.1,27.5,65.5,,53.1,73,1,1,0,54,0,0,33,87,54,33,SE LA,SE LA,,,
141886,Da'shun Hugley,WR,0,,2026,294,46.6,76.2,63.8,46.3,61.1,80,0,1,0,1,15,0,14,30,16,14,SE LA,SE LA,,,
141890,Justin Dumas,LB,0,,2026,294,72.8,60,,,,D33,0,1,1,0,0,0,0,1,1,0,SE LA,SE LA,60.3,75.4,
141913,Ludovick Choquette,HB,0,,2025,1298,56.8,72.8,71.7,55.4,58.2,09,0,1,0,2,8,4,5,19,10,9,LIUSHAR,LIUSHAR,68.6,,57.3
141927,Bradyn Smith,LB,0,,2025,345,60,65,,,60,D14,0,1,0,0,0,0,1,1,0,1,W ILLINOIS,W ILLINOIS,,,
141965,Jyrin Johnson,TE,0,,2026,313,70.1,78.6,,72,56.5,07,0,1,0,0,21,0,29,50,21,29,TEXAS STHN,TEXAS STHN,65.7,,
141971,Mehdi Torrence,C,0,,2025,313,60.3,79.2,55.4,,60.2,68,0,1,0,27,0,0,33,60,27,33,TEXAS STHN,TEXAS STHN,,,
141985,Geor'Terrius Spivey,G,0,,2025,177,60,65.7,66.8,,60,55,0,1,0,1,0,0,1,2,1,1,GRAMBLING,GRAMBLING,,,
142050,Landon Ruggieri,WR,0,,2025,124,60.3,77.7,,60.1,59.4,05,0,1,0,0,26,0,26,52,26,26,BRYANT,BRYANT,64.1,,
142060,Ryan Clark,HB,0,,2026,124,65.5,69.4,71.8,63.4,60,02,0,1,0,1,4,1,1,7,5,2,BRYANT,BRYANT,64.3,,63.1
142078,Marc Taglieri Jr.,TE,0,,2025,124,59.3,76.7,71.8,55.5,62.2,88,0,1,0,5,14,0,18,37,19,18,BRYANT,BRYANT,61,,
142087,Payton Rhoades,WR,0,,2026,280,57.6,78.2,60.9,52.5,73,17,0,1,0,1,13,0,31,45,14,31,SACR HEART,SACR HEART,,,
142089,Jalen Madison,HB,0,,2025,280,80.4,76.4,67.8,75.9,57.1,00,0,1,0,1,9,18,10,38,10,28,SACR HEART,SACR HEART,76.2,,76.9
142093,Cody Wilson,G,0,,2025,280,65.4,78,80.5,,63.4,78,0,1,0,15,0,0,37,52,15,37,SACR HEART,SACR HEART,,,
142195,Steven Thomas,T,0,,2026,270,64.9,72.9,56.4,,66.3,77,0,1,0,10,0,0,8,18,10,8,PRVIEW A&M,PRVIEW A&M,,,
142206,Roy Alexander,WR,0,,2027,189,61.3,77.2,,62.8,48.3,09,0,1,0,0,36,0,28,64,36,28,INCAR WORD,INCAR WORD,65.7,,
142214,Tyson Foster,G,0,,2025,338,53.9,78.1,18,,56.6,53,0,1,0,10,0,0,32,42,10,32,WAGNER,WAGNER,,,
142219,Will Marotta,G,0,,2025,106,62.3,79.1,87.3,,55.9,72,0,1,0,39,0,0,29,68,39,29,ALBANY,ALBANY,,,
142225,Jackson Parker,WR,0,,2026,106,48.1,72.8,,49.3,60.3,10,0,1,0,0,7,0,5,12,7,5,ALBANY,ALBANY,,,
142247,Brock Gingrich,C,0,,2025,151,69.5,79.3,70.8,,66.5,55,0,1,0,33,0,0,30,63,33,30,DELAWARE,DELAWARE,,,
142268,Patrick Shupp,G,0,,2026,151,60.3,79.5,79.3,,55.7,71,0,1,0,33,0,0,30,63,33,30,DELAWARE,DELAWARE,,,
142272,Marcus Yarns,HB,0,2025,2025,151,89,75.8,78.4,76.1,59.4,21,0,1,0,7,12,13,2,34,19,15,DELAWARE,DELAWARE,74.5,,87.1
142274,Tavion Banks,HB,0,,2026,212,50.1,0,68.1,64.8,60,25,1,1,0,1,2,2,1,6,3,3,MAINE,MAINE,67.3,,56.5
142282,Trevin Ewing,WR,0,,2026,212,52.3,75,,53,60,02,0,1,0,0,14,0,2,16,14,2,MAINE,MAINE,64.2,,
142290,Montigo Moss,WR,0,,2025,212,73,77.2,,72.1,61.2,81,0,1,0,0,36,0,12,48,36,12,MAINE,MAINE,67.5,,
142298,Derek Robertson,QB,0,,2026,231,71.5,77.3,,,60.3,12,0,1,52,0,0,0,20,72,52,20,MONMOUTH,MONMOUTH,38.1,71.8,57.3
142312,Caleb Burke,WR,0,,2026,240,59.4,77.5,64.4,59.1,60.3,08,0,1,0,1,23,0,15,39,24,15,NEW HAMP,NEW HAMP,62.9,,
142314,Joey Corcoran,WR,0,,2026,240,54.6,79,69.5,53.4,61.7,15,0,1,0,2,29,0,37,68,31,37,NEW HAMP,NEW HAMP,69.9,,
142317,Mason Davis,T,0,,2026,240,55.8,76.8,65.5,,52.1,69,0,1,0,32,0,0,38,70,32,38,NEW HAMP,NEW HAMP,,,
142363,Fonnae Webb,HB,0,,2026,244,66.8,62.7,,,,10,0,1,0,0,0,1,0,1,0,1,NORFOLK,NORFOLK,62.5,,63.6
142364,Jasiah Williams,WR,0,,2025,303,51.6,0,,53.8,61.7,05,1,1,0,0,28,0,22,50,28,22,STNY BROOK,STNY BROOK,68.8,,
142365,Tedy Afful,WR,0,,2025,155,58.7,0,,60.3,61.8,09,1,1,0,0,32,0,29,61,32,29,DUQUESNE,DUQUESNE,66,,
142367,Cole Bunicci,TE,0,,2026,303,64.6,77,66,52,78.6,86,0,1,0,2,12,0,26,40,14,26,STNY BROOK,STNY BROOK,,,
142371,Jayden Cook,WR,0,,2025,303,58.9,71.8,,58.8,60.6,03,0,1,0,0,5,0,6,11,5,6,STNY BROOK,STNY BROOK,61,,
142372,Roland Dempster,HB,0,,2026,303,79,76.3,75,89.1,60,04,0,1,0,4,20,27,2,53,24,29,STNY BROOK,STNY BROOK,44.3,,74
142401,Ricky Ortega,QB,0,,2026,133,78.7,70,,70.3,60,01,0,1,1,0,3,0,1,5,4,1,CENT CT ST,CENT CT ST,62.4,72.6,
142402,Jake Picard,C,0,,2026,334,59.9,78.5,79.6,,57.2,69,0,1,0,15,0,0,32,47,15,32,VILLANOVA,VILLANOVA,,,
142410,Charles Grant,T,1,2025,2025,348,55.1,0,78,,57.6,60,2,1,0,35,0,0,26,61,35,26,WM & MARY,WM & MARY,,,
142414,Malachi Imoh,HB,0,,2025,348,61.9,75.5,,80.4,58,01,0,1,0,0,16,7,4,27,16,11,WM & MARY,WM & MARY,71.8,,54.8
142420,JT Mayo,WR,0,,2025,348,61.9,0,,64,59.2,03,1,1,0,0,33,0,25,58,33,25,WM & MARY,WM & MARY,64.1,,
142421,Ryan McKenna,C,0,,2026,348,54.9,79.3,52.3,,55.3,75,0,1,0,35,0,0,26,61,35,26,WM & MARY,WM & MARY,,,
142452,Michael Fallah,G,0,,2027,155,54.3,0,64.7,,56.8,78,1,1,0,25,0,0,24,49,25,24,DUQUESNE,DUQUESNE,,,
142453,Joey Isabella,WR,0,,2026,155,83.6,76.8,,82,61.8,05,0,1,0,0,30,0,14,44,30,14,DUQUESNE,DUQUESNE,67.5,,
142458,Tyler Padezan,WR,0,,2025,155,60,66.2,,,60,14,0,1,0,0,0,0,2,2,0,2,DUQUESNE,DUQUESNE,,,
142493,Jake Timm,C,0,,2026,1298,61.4,79,70.5,,58.7,52,0,1,0,27,0,0,29,56,27,29,LIUSHAR,LIUSHAR,,,
142519,Elias Batten,G,0,,2025,1298,60,67.5,,,60,77,0,1,0,0,0,0,1,1,0,1,LIUSHAR,LIUSHAR,,,
142524,Malakai Anthony,QB,0,,2026,385,56.2,67.4,,,60,01,0,1,0,0,0,1,3,4,0,4,MERRIMACK,MERRIMACK,62.5,,58.1
142525,Jacari Carter,WR,0,,2025,106,63.5,76.9,,63,61.4,13,0,1,0,0,27,0,17,44,27,17,ALBANY,ALBANY,68.8,,
142540,Ralph Paige Jr.,C,0,,2025,317,70.7,80.1,79.3,,66.3,53,1,1,0,40,0,0,33,73,40,33,TOWSON,TOWSON,,,
142545,LJ Robinson,WR,0,,2025,385,55.9,73,,56,60,02,0,1,0,0,5,0,8,13,5,8,MERRIMACK,MERRIMACK,,,
142575,Delvecchio Powell II,HB,0,,2025,277,54.5,72.5,,57.6,60,22,0,1,0,0,8,3,5,16,8,8,ROB MORRIS,ROB MORRIS,67.8,,54.5
142608,Worth Warner,TE,0,,2025,271,70.8,0,63.9,58.6,79.1,84,1,1,0,6,14,0,31,51,20,31,PRESBYTERN,PRESBYTERN,61,,
142663,Chase Stafford,TE,0,,2025,338,36.7,75.8,70,38.9,47.9,10,0,1,0,3,4,0,38,45,7,38,WAGNER,WAGNER,,,
142682,Mateusz Zielinski,T,0,,2025,338,57.2,70.8,,,56.5,77,0,1,0,0,0,0,8,8,0,8,WAGNER,WAGNER,,,
142685,Antonio Williams,T,0,,2026,152,71.2,76.8,89.3,,61.3,51,0,1,0,33,0,0,28,61,33,28,DELWARE ST,DELWARE ST,,,
142692,Terrell Staton,T,0,,2025,977,61.8,77.4,65.9,,58.5,70,0,1,0,41,0,0,30,71,41,30,MERCYHURST,MERCYHURST,,,
142724,Xavier Lankford,QB,0,,2026,104,55.8,75.9,,55.9,60,16,0,1,31,0,1,8,13,53,32,21,ALAB A&M,ALAB A&M,36,59.4,53.9
142725,Ryan Morrow,HB,0,,2028,104,56.9,70.9,70.3,59.5,60,26,0,1,0,1,1,3,1,6,2,4,ALAB A&M,ALAB A&M,67.3,,58
142732,Israel Mukwiza,G,0,,2026,219,59.7,79.9,79.4,,55.7,71,0,1,0,29,0,0,37,66,29,37,MERCER,MERCER,,,
142734,Carson Vinson,T,0,2025,2025,104,65.4,19.8,79.6,,63.4,76,1,1,0,44,0,0,26,70,44,26,ALAB A&M,ALAB A&M,,,
142736,Nevell Brown,G,0,,2026,104,66.1,80.1,75.8,,63.4,78,0,1,0,44,0,0,26,70,44,26,ALAB A&M,ALAB A&M,,,
142767,Khalil Ellis,TE,0,,2026,290,51.5,70.1,,54.5,54.8,49,0,1,0,0,4,0,4,8,4,4,SCAR STATE,SCAR STATE,61.9,,
142768,Wheslen McLeod,G,0,,2025,290,60,68.8,,,60,68,0,1,0,0,0,0,3,3,0,3,SCAR STATE,SCAR STATE,,,
142769,Cam Johnson,T,0,,2025,290,59.2,75.7,74,,52.4,73,0,1,0,29,0,0,17,46,29,17,SCAR STATE,SCAR STATE,,,
142770,Eric Brown,C,0,,2025,290,69.8,0,82.9,,70.6,76,1,1,0,26,0,0,16,42,26,16,SCAR STATE,SCAR STATE,,,
142771,Nick Taiste,G,0,,2025,290,69,0,85.7,,72.2,78,1,1,0,29,0,0,17,46,29,17,SCAR STATE,SCAR STATE,,,
142775,Justin Smith-Brown,WR,0,,2026,290,72.8,78.4,,69.2,88.9,06,0,1,0,0,27,0,16,43,27,16,SCAR STATE,SCAR STATE,70.6,,
142837,Darius Meeks,G,0,,2026,177,57.8,79.4,66.6,,55.7,74,0,1,0,21,0,0,37,58,21,37,GRAMBLING,GRAMBLING,,,
142932,Jack Neri,TE,0,,2026,231,56.8,77.9,77.9,57.4,49.9,86,0,1,0,10,21,0,18,49,31,18,MONMOUTH,MONMOUTH,61,,
142942,JT Cornelius,T,0,,2026,231,74.3,76.9,74.7,,71.8,62,0,1,0,51,0,0,20,71,51,20,MONMOUTH,MONMOUTH,,,
142971,Jacob Otts,T,0,,2026,274,64.4,76.1,82.5,,57.1,72,0,1,0,26,0,0,32,58,26,32,RHODE ISLD,RHODE ISLD,,,
142990,Casey Stephenson,G,0,,2025,125,62.8,79.8,71.2,,60.2,74,0,1,0,39,0,0,27,66,39,27,BUCKNELL,BUCKNELL,,,
142992,Christian Tait,WR,0,,2025,338,57,73.8,,57,59.7,18,0,1,0,0,5,0,9,14,5,9,WAGNER,WAGNER,,,
143019,William Parker,TE,0,,2025,142,69.2,74.6,66,68.9,65.1,44,0,1,0,1,10,0,14,25,11,14,COLGATE,COLGATE,63.6,,
143021,Bardhyl Gashi,C,0,,2025,142,50.5,78.9,32.7,,54.9,77,0,1,0,31,0,0,26,57,31,26,COLGATE,COLGATE,,,
143040,Cole Thornton,WR,0,,2025,168,60.5,80.1,,60.1,61.4,06,0,1,0,0,40,0,18,58,40,18,FORDHAM,FORDHAM,65,,
143042,Mekai Felton,WR,0,,2025,168,45.9,76,,46.1,61.3,01,0,1,0,0,43,0,15,58,43,15,FORDHAM,FORDHAM,,,
143049,Cody Johnson,C,0,,2025,168,60.4,80.3,75.8,,54.6,78,0,1,0,51,0,0,24,75,51,24,FORDHAM,FORDHAM,,,
143052,Mike Courtney,S,0,,2025,168,60,60,,,60,D27,0,1,0,0,0,0,1,1,0,1,FORDHAM,FORDHAM,,,
143053,Nahil Perkins,CB,0,,2026,168,60,60,,,60,D13,0,1,0,0,0,0,1,1,0,1,FORDHAM,FORDHAM,,,
143061,Byron Shipman,WR,0,,2025,181,63.3,77.2,,59.8,77.4,11,0,1,0,0,15,0,18,33,15,18,HOLY CROSS,HOLY CROSS,62.9,,
143063,Christo Kelly,C,0,,2027,181,70.1,79.2,81.2,,65.5,56,0,1,0,26,0,0,35,61,26,35,HOLY CROSS,HOLY CROSS,,,
143070,Quinton Gregory,WR,0,,2025,181,61.4,0,,58.5,88.1,00,1,1,0,0,6,1,6,13,6,7,HOLY CROSS,HOLY CROSS,65.3,,63
143093,Mason Gilbert,TE,0,,2026,212,49.7,78.2,70.9,49.9,51.7,88,0,1,0,5,29,0,12,46,34,12,MAINE,MAINE,61,,
143112,Dante Perri,QB,0,,2025,205,55.9,73.6,,,60,12,0,1,10,0,0,2,17,29,10,19,LEHIGH,LEHIGH,67.5,57,56.4
143117,George Padezanin,C,0,,2025,205,77.7,79.6,75.7,,72.7,56,1,1,0,24,0,0,45,69,24,45,LEHIGH,LEHIGH,,,
143121,Eric Johnson,WR,0,,2025,186,54.7,69.9,,55.7,,88,0,1,0,0,5,0,0,5,5,0,IDAHO ST,IDAHO ST,,,
143141,Joey Suchy,HB,0,,2025,127,60,67.6,,,60,22,0,1,0,0,0,0,2,2,0,2,BUTLER,BUTLER,,,
143147,Owen Keane,G,0,,2025,127,53.3,78.5,84.2,,48.9,62,1,1,0,20,0,0,36,56,20,36,BUTLER,BUTLER,,,
143148,Fabian Gonzalez,T,0,,2025,127,49.5,0,0,,76,66,2,1,0,14,0,0,23,37,14,23,BUTLER,BUTLER,,,
143155,Luka Popovic,WR,0,,2025,127,55.9,73.1,,56.1,60.4,08,0,1,0,0,11,0,5,16,11,5,BUTLER,BUTLER,61,,
143259,Tyler Eberhart,C,0,,2025,332,63.3,78.8,67.8,,61,60,1,1,0,26,0,0,27,53,26,27,VALPO,VALPO,,,
143261,Carter Woody,G,0,,2025,332,57.5,79.1,77.6,,53.3,62,0,1,0,26,0,0,27,53,26,27,VALPO,VALPO,,,
143264,Jeremiah Orr,T,0,,2027,178,74.1,77.4,69.6,,71.8,70,0,1,0,32,0,0,50,82,32,50,HAMPTON,HAMPTON,,,
143267,Keith Szczepanski,T,0,,2025,385,58.3,68,,,57.5,74,0,1,0,0,0,0,4,4,0,4,MERRIMACK,MERRIMACK,,,
143272,Jake Vickers,TE,0,,2025,332,55.5,79,69.4,58.5,50.3,89,0,1,0,2,21,0,25,48,23,25,VALPO,VALPO,61,,
143329,DePhabian Fant,HB,0,,2026,228,57.2,74.9,79.2,53.6,71.5,21,0,1,0,6,8,11,8,33,14,19,MS VLY ST,MS VLY ST,73.7,,55.4
143339,Jakobe Thomas,HB,0,,2025,228,64.5,74.7,70.8,58.9,56.9,05,0,1,0,1,8,10,13,32,9,23,MS VLY ST,MS VLY ST,73.1,,65.7
143343,Jacob Allen,G,0,,2026,236,48.6,78.1,41.7,,48.5,79,0,1,0,32,0,0,30,62,32,30,MURRAY ST,MURRAY ST,,,
143535,Isaiah Smith,HB,0,,2026,283,51.1,72.4,43.7,57.9,,15,0,1,0,11,3,2,0,16,14,2,SAN DIEGO,SAN DIEGO,66.7,,54.1
143574,Reggie Neal,G,0,,2026,313,50.7,0,79.7,,53.9,77,2,1,0,27,0,0,33,60,27,33,TEXAS STHN,TEXAS STHN,,,
143699,Drew Deck,WR,0,,2026,232,82.9,71.9,,78.3,,02,0,1,0,0,4,0,0,4,4,0,MONTANA,MONTANA,66.2,,
143705,Brandon Casey,T,0,,2025,232,71.4,76.1,50,,74.3,66,0,1,0,28,0,0,29,57,28,29,MONTANA,MONTANA,,,
143708,Erik Barker,TE,0,,2025,232,55.2,76.1,67.7,60.1,50.7,88,0,1,0,1,17,0,25,43,18,25,MONTANA,MONTANA,61,,
143717,Journey Grimsrud,G,0,,2025,232,93.6,78.5,77.3,,95.1,76,0,1,0,26,0,0,28,54,26,28,MONTANA,MONTANA,,,
143731,Jake Olson,TE,0,,2026,232,86.5,71.6,,86.5,75.6,87,0,1,0,0,3,0,10,13,3,10,MONTANA,MONTANA,61,,
143735,Liam Brown,G,0,2026,2026,232,61.7,0,60.4,,69.9,79,2,1,0,26,0,0,33,59,26,33,MONTANA,MONTANA,,,
143822,Xavier Coleman,HB,0,,2026,204,58.3,70.4,,58.7,59.7,00,0,1,0,0,2,0,7,9,2,7,LAMAR,LAMAR,,,
143894,Parker Self,WR,0,,2025,157,60.3,68.4,,,60.5,89,0,1,0,0,0,0,4,4,0,4,E TENN ST,E TENN ST,,,
143905,James BlackStrain,WR,0,,2028,230,62.3,76.3,,61.9,61,10,0,1,0,0,23,0,10,33,23,10,MO STATE,MO STATE,62.9,,
143940,Thad Franklin Jr.,HB,0,,2026,164,58.8,71.4,70,74.3,60,23,0,1,0,1,7,7,1,16,8,8,FL A&M,FL A&M,21.2,,55.4
144004,Cedd Seabrough,TE,0,,2026,1177,59.1,77.7,33.7,66.7,40.6,07,0,1,0,0,26,0,12,38,26,12,W GEORGIA,W GEORGIA,62.9,,
144031,Cole Mitchell,TE,0,,2026,277,36.8,75.5,67.3,42,45.7,80,0,1,0,1,16,0,17,34,17,17,ROB MORRIS,ROB MORRIS,,,
144078,Bryce Goodner,G,0,,2025,137,77.3,78.6,59.4,,78.8,68,0,1,0,26,0,0,36,62,26,36,CHATTNOOGA,CHATTNOOGA,,,
144156,Aaron Gunn,G,0,,2026,155,58.8,75.8,49,,59.5,77,1,1,0,13,0,0,7,20,13,7,DUQUESNE,DUQUESNE,,,
144171,Christian Pedersen,TE,0,,2027,234,66.9,74.8,72.9,72.2,55.8,80,0,1,0,7,7,0,15,29,14,15,MOREHEAD,MOREHEAD,61,,
144213,Dez Williams,WR,0,,2026,303,54.9,77.8,,56.1,50.1,84,0,1,0,0,30,0,38,68,30,38,STNY BROOK,STNY BROOK,61,,
144301,Cameren Dalrymple,FB,0,,2027,246,74.7,75.7,74.5,53.9,59.7,23,0,1,0,12,15,16,2,45,27,18,NC A&T,NC A&T,75.5,,75.4
144383,Jaden Coffen,TE,0,,2027,235,60,63.5,,60,,13,0,1,0,0,1,0,0,1,1,0,MORGAN ST,MORGAN ST,,,
144384,Malik Cooper,WR,0,,2026,338,69.6,78,,67.7,75,16,0,1,0,0,14,1,38,53,14,39,WAGNER,WAGNER,66.4,,59.7
144385,Corey Palmer,WR,0,,2026,152,47.2,64.3,,59.5,36.8,17,0,1,0,0,1,0,0,1,1,0,DELWARE ST,DELWARE ST,,,
144425,Hutson Lillibridge,G,0,,2026,230,64.8,78.5,62,,64.8,58,0,1,0,33,0,0,26,59,33,26,MO STATE,MO STATE,,,
144441,Scottie Alexander,WR,0,,2026,310,57.4,71.9,,57.2,61.7,18,0,1,0,0,2,0,10,12,2,10,TENN MARTN,TENN MARTN,,,
144472,Anthony Williams Jr.,HB,0,,2026,301,68.7,74.1,72.7,75.6,43,08,0,1,0,1,8,0,5,14,9,5,STF AUSTIN,STF AUSTIN,61,,
144508,CJ Rogers,QB,0,,2026,183,46.1,73.6,,,60,12,1,1,19,0,0,0,9,28,19,9,HOUCHR,HOUCHR,66.8,43.2,60.6
144521,Elijah Bean,WR,0,,2027,105,60.3,68.7,,,60.3,15,0,1,0,0,0,0,4,4,0,4,ALABAMA ST,ALABAMA ST,,,
144545,Tristan Michaud,WR,0,,2025,291,60.1,68.5,,,60,01,0,1,0,0,0,0,3,3,0,3,S DAKOTA,S DAKOTA,,,
144569,Tanaka Scott,WR,0,,2026,389,78,76,,73.1,78.1,04,0,1,0,0,15,0,19,34,15,19,N ALABAMA,N ALABAMA,61,,
144621,Cody Jackson,WR,0,,2027,401,73.6,77.9,,71.7,73.5,02,0,1,0,0,32,0,37,69,32,37,TARLETON,TARLETON,64.1,,
144624,Ben Harris,QB,0,,2026,389,37.4,67.4,,57.2,60,07,0,1,1,0,1,1,1,4,2,2,N ALABAMA,N ALABAMA,9.1,73.1,43.1
144625,Ralph Rucker IV,QB,0,,2026,125,67.6,76.7,,54.3,60,10,0,1,38,0,1,1,26,66,39,27,BUCKNELL,BUCKNELL,31.1,65.9,65.2
144698,Quincy Brown,WR,0,,2026,243,52,79.3,,51.9,61.9,08,0,1,0,0,33,0,15,48,33,15,NICHOLLS,NICHOLLS,62.9,,
144855,Denin Limouris,TE,0,,2026,240,54,75.7,71.8,59.6,52.5,44,0,1,0,2,1,0,20,23,3,20,NEW HAMP,NEW HAMP,,,
144974,Cameron James,T,0,,2026,194,60.5,67.7,67.9,,60.2,58,0,1,0,1,0,0,3,4,1,3,JACKSON ST,JACKSON ST,,,
144994,Kamonte Grimes,WR,0,,2026,255,70.1,70.5,,68.5,60.1,19,0,1,0,0,4,0,4,8,4,4,N IOWA,N IOWA,61,,
145032,Cole Freeman,QB,0,,2026,145,69.1,75.7,,,60,04,0,1,38,0,0,7,7,52,38,14,COLUMBIA,COLUMBIA,38.7,78.1,50
145128,Max Patterson,WR,0,,2026,151,63.3,74.5,,62.8,60.7,00,0,1,0,0,10,0,13,23,10,13,DELAWARE,DELAWARE,61,,
145195,Kobe Stewart,WR,0,,2027,119,71.9,72.2,,70.5,59.3,80,0,1,0,0,4,0,5,9,4,5,BETH COOK,BETH COOK,61,,
145215,Jay Barry,WR,0,,2027,253,56.4,71.5,,56.9,60.2,80,0,1,0,0,4,0,4,8,4,4,N COLORADO,N COLORADO,,,
145243,Matthew McCallister,WR,0,,2026,217,58.5,64.3,,59.7,,12,0,1,0,0,1,0,0,1,1,0,MCNEESE,MCNEESE,69.7,,
145248,Julien Lewis,WR,0,,2025,177,60,64.1,,,60,19,0,1,0,0,0,0,1,1,0,1,GRAMBLING,GRAMBLING,,,
145280,Jeremiah McClendon,CB,0,2026,2026,295,60,64.9,,,60,D08,0,1,0,0,0,0,1,1,0,1,S ILLINOIS,S ILLINOIS,,,
145318,B.K. Jackson,HB,0,,2026,1139,57.6,72.9,77.4,30.2,60,21,0,1,0,6,11,7,1,25,17,8,TXAMEA,TXAMEA,71.3,,63.3
145345,Jordan Bly,WR,0,2025,2025,171,52.5,73.7,,54.1,60.2,05,0,1,0,0,15,1,13,29,15,14,GARD-WEBB,GARD-WEBB,68.7,,57.5
145352,Noah Robinson,WR,0,,2026,277,71.4,77,,72.3,61.3,02,0,1,0,0,23,1,12,36,23,13,ROB MORRIS,ROB MORRIS,67,,57.7
145365,Levi Wentz,WR,0,2026,2026,106,62.2,78.9,,61.7,61.7,11,0,1,0,0,32,0,22,54,32,22,ALBANY,ALBANY,64.1,,
145421,Richard Mays Jr.,WR,0,,2026,194,42.1,70.6,,44.7,59.6,13,0,1,0,0,3,0,5,8,3,5,JACKSON ST,JACKSON ST,,,
145488,Jakolby Longino,QB,0,,2026,204,70.4,72,,,60,10,0,1,3,0,0,6,8,17,3,14,LAMAR,LAMAR,70.4,63.9,65.6
145537,Alex Williams,TE,0,,2026,345,56.7,73.6,70.9,52.8,73.7,83,0,1,0,3,16,0,2,21,19,2,W ILLINOIS,W ILLINOIS,61,,
145548,Knox Boyd,T,0,,2026,204,56,76.9,22.9,,59.4,74,1,1,0,16,0,0,26,42,16,26,LAMAR,LAMAR,,,
145554,Riley Engelhard,TE,0,,2026,106,60,65,,,59.2,89,0,1,0,0,0,0,2,2,0,2,ALBANY,ALBANY,,,
145677,Carson Williams,TE,0,,2026,250,50.4,69.6,,58.9,52.6,88,0,1,0,0,1,0,7,8,1,7,N DAK ST,N DAK ST,,,
145679,Janik Ogunlade,T,0,,2026,164,50.8,73.8,47.2,,51.8,73,0,1,0,15,0,0,16,31,15,16,FL A&M,FL A&M,,,
145682,Khamran Laborn,HB,0,,2025,157,58.3,72.9,70,57.6,51.9,23,0,1,0,1,3,8,3,15,4,11,E TENN ST,E TENN ST,72.4,,60.7
145690,Jamari Gassett,WR,0,,2025,164,80.9,76.4,,80.6,55.5,02,0,1,0,0,27,1,7,35,27,8,FL A&M,FL A&M,73.3,,59.5
145745,Bryson Moss,HB,0,,2026,194,53.4,65.4,,,,14,0,1,0,0,0,2,0,2,0,2,JACKSON ST,JACKSON ST,65.5,,55
145763,Austin Smith,QB,0,,2026,116,53.6,77.6,,57.6,60.5,04,0,1,43,0,1,4,24,72,44,28,AUSTINPEAY,AUSTINPEAY,37.9,60.7,40.5
145783,Shakhi Carson,HB,0,,2026,303,65.6,73.1,,61.6,60,20,0,1,0,0,3,6,3,12,3,9,STNY BROOK,STNY BROOK,70.7,,64.7
145792,Pat McQuaide,QB,0,,2027,243,56.2,77.3,,,60.5,07,0,1,40,0,0,2,29,71,40,31,NICHOLLS,NICHOLLS,69.8,53.1,63.9
145892,Aramoni Rhone,WR,0,,2027,112,61.5,74.8,,60.9,62.4,84,0,1,0,0,13,0,16,29,13,16,ARKAPB,ARKAPB,61,,
145895,Quintell Quinn,HB,0,,2027,313,74.2,75.8,75,55.8,60,31,0,1,0,2,6,12,4,24,8,16,TEXAS STHN,TEXAS STHN,74,,73.2
145909,Jalen Riven,ED,0,,2026,345,64,60,,,,D05,0,1,0,0,0,1,0,1,0,1,W ILLINOIS,W ILLINOIS,62.5,,62.3
146023,Drake Martinez,TE,0,,2028,183,58.5,79.3,69.1,58.9,55.8,15,0,1,0,3,27,0,16,46,30,16,HOUCHR,HOUCHR,64.1,,
146074,Nate Adams,T,0,,2026,301,56.3,75.9,71.1,,50,73,0,1,0,29,0,0,26,55,29,26,STF AUSTIN,STF AUSTIN,,,
146075,Jalen Walthall,WR,1,2026,2026,189,69.6,80.9,,65.8,83.9,06,1,1,0,0,37,0,30,67,37,30,INCAR WORD,INCAR WORD,66.2,,
146148,JP Murphy,TE,0,,2026,161,59.1,75.4,70.6,63,53.7,87,0,1,0,3,11,0,27,41,14,27,E WASHGTON,E WASHGTON,61,,
146158,Joshua Nicholson,WR,0,,2026,279,35.3,64.1,,45,,00,0,1,0,0,1,0,0,1,1,0,SACRAMENTO,SACRAMENTO,,,
146167,Donald McKinney,WR,0,,2025,313,66.3,77.7,,68.8,45.4,08,0,1,0,0,18,0,18,36,18,18,TEXAS STHN,TEXAS STHN,61,,
146211,Jordan Riles,WR,0,,2026,253,47.2,76.9,,47.3,60.7,81,0,1,0,0,26,0,14,40,26,14,N COLORADO,N COLORADO,,,
146242,Stevie Rocker,HB,0,,2026,232,66.2,72.4,,57.9,,21,0,1,0,0,3,8,0,11,3,8,MONTANA,MONTANA,71.9,,65.4
146333,Sam Vidlak,QB,0,,2026,301,88,76.1,,,60,15,1,1,29,0,0,0,25,54,29,25,STF AUSTIN,STF AUSTIN,68.1,85.7,64.3
146346,Carter Neuman,TE,0,,2026,124,83.4,68.4,64.5,89.1,58.7,13,0,1,0,1,1,0,3,5,2,3,BRYANT,BRYANT,61,,
146387,Keontez Lewis,WR,0,,2026,295,61.7,76.8,,63.4,43,01,0,1,0,0,24,0,13,37,24,13,S ILLINOIS,S ILLINOIS,65.7,,
146430,Makai Cope,WR,0,,2027,279,65.4,65.2,66.7,,,11,0,1,0,1,0,1,0,2,1,1,SACRAMENTO,SACRAMENTO,62.5,,63.1
146431,Ricky Parks,HB,0,,2026,168,64.2,66.8,,60,,09,0,1,0,0,1,2,0,3,1,2,FORDHAM,FORDHAM,65.5,,63.4
146437,Hayden Erickson,TE,0,,2026,291,45.7,72.9,77.1,31.3,61.6,46,0,1,0,2,9,0,19,30,11,19,S DAKOTA,S DAKOTA,,,
146471,Caden Jumper,TE,0,,2026,236,61.1,75.9,67.5,64.7,54.1,35,0,1,0,4,10,0,22,36,14,22,MURRAY ST,MURRAY ST,61,,
146493,Anderson Grover,WR,0,,2025,279,52,79.3,,49.7,73.1,26,0,1,0,0,44,0,39,83,44,39,SACRAMENTO,SACRAMENTO,71.7,,
146509,Tsion Nunnally,WR,0,,2026,186,53.7,79,,52.1,71,09,0,1,0,0,39,0,25,64,39,25,IDAHO ST,IDAHO ST,64.1,,
146562,Seven McGee,WR,0,,2025,106,72.2,77.5,,71.4,60.9,07,0,1,0,0,35,0,13,48,35,13,ALBANY,ALBANY,65,,
146573,D.J. Rias,WR,0,,2025,282,59.1,77.8,67.3,56.9,72.4,07,0,1,0,1,33,0,14,48,34,14,SAMFORD,SAMFORD,66,,
146574,Sam Willoughby,TE,0,,2026,282,75.5,73.5,,76.7,59.2,32,0,1,0,0,22,1,8,31,22,9,SAMFORD,SAMFORD,67.4,,57.5
146577,Donnie Hardin,G,0,,2026,1298,61.6,79.3,81,,57.7,67,0,1,0,27,0,0,29,56,27,29,LIUSHAR,LIUSHAR,,,
146736,La'Vell Wright,HB,0,,2027,116,63.8,74.4,,57.3,60,11,0,1,0,0,4,15,1,20,4,16,AUSTINPEAY,AUSTINPEAY,75.2,,63.3
146773,Jack Rilling,WR,0,,2026,213,59,67.3,,59.9,,20,0,1,0,0,1,0,0,1,1,0,MARIST,MARIST,61.9,,
146809,Rayf Vinson,WR,0,,2026,282,54.9,71.8,,55.1,59.7,11,0,1,0,0,10,0,6,16,10,6,SAMFORD,SAMFORD,61,,
146816,Erick Cade,T,0,,2026,230,61,76.6,68.1,,56.9,74,0,1,0,33,0,0,26,59,33,26,MO STATE,MO STATE,,,
146841,Ke'Travion Hargrove,HB,0,,2026,177,69.5,72.7,13.9,72.9,60,09,0,1,0,2,5,12,2,21,7,14,GRAMBLING,GRAMBLING,74,,69.3
146914,Sam Reynolds,WR,0,,2026,317,66.8,74,,69.2,40.6,12,0,1,0,0,16,0,5,21,16,5,TOWSON,TOWSON,64.1,,
146939,Nick Edwards,G,0,,2025,310,65.3,72.6,66.7,,64.7,75,0,1,0,1,0,0,8,9,1,8,TENN MARTN,TENN MARTN,,,
146956,Patrick Smith,HB,0,,2025,310,69.6,74.7,49.6,68,,02,0,1,0,4,10,14,0,28,14,14,TENN MARTN,TENN MARTN,74.8,,68.5
147027,Jaden Lindsay,G,0,,2026,171,63.9,75,81.6,,61.4,73,0,1,0,9,0,0,12,21,9,12,GARD-WEBB,GARD-WEBB,,,
147030,Coen Sutton,WR,0,,2027,172,60,63.9,,,60,11,0,1,0,0,0,0,1,1,0,1,GEORGETOWN,GEORGETOWN,,,
147055,Nason Simmons,G,0,,2027,309,61.4,78.3,26.8,,65.1,65,0,1,0,23,0,0,34,57,23,34,TENN TECH,TENN TECH,,,
147059,Omari Walker,WR,0,,2026,274,58.9,0,,63.6,60.6,11,1,1,0,0,9,0,6,15,9,6,RHODE ISLD,RHODE ISLD,61,,
147089,Chris Rhone,WR,0,,2026,135,72.3,78.4,,70,77.5,03,0,1,0,0,31,0,32,63,31,32,CHARLES SO,CHARLES SO,64.1,,
147091,Malachi Taylor,WR,0,,2026,139,55.2,77.4,,54.5,62.1,05,0,1,0,0,16,0,24,40,16,24,CITADEL,CITADEL,61,,
147176,Coby Cavil,WR,0,,2025,270,58.6,65.9,,60,59.5,04,0,1,0,0,1,0,1,2,1,1,PRVIEW A&M,PRVIEW A&M,61.9,,
147286,Cameron Dye,T,0,,2026,295,67.8,76.5,83.6,,58.4,60,0,1,0,36,0,0,30,66,36,30,S ILLINOIS,S ILLINOIS,,,
147305,Laquan Veney,WR,0,,2027,246,72.6,74.7,,68.1,59.4,11,0,1,1,0,24,0,5,30,25,5,NC A&T,NC A&T,67.4,76.6,
147375,Devontae Houston,HB,0,,2026,157,73.4,74.6,77,56.8,66.4,03,0,1,0,5,5,7,3,20,10,10,E TENN ST,E TENN ST,71.3,,71.4
147390,Brandon Niemenski,TE,0,,2026,1298,52.4,77.5,71.9,53.2,55.8,83,0,1,0,5,13,0,22,40,18,22,LIUSHAR,LIUSHAR,,,
147415,Brady Olson,QB,0,,2026,133,63.6,77.3,,54.3,60,12,0,1,44,0,1,1,30,76,45,31,CENT CT ST,CENT CT ST,69.7,66.7,55.3
147417,Eni Falayi,TE,0,2026,2026,1285,71.6,79.7,70.1,67.9,70.1,11,0,1,0,5,34,0,18,57,39,18,UTAHTC,UTAHTC,64.1,,
147423,Tommy Brandt,G,0,,2026,155,60.9,75.3,81.2,,57.1,79,0,1,0,13,0,0,9,22,13,9,DUQUESNE,DUQUESNE,,,
147435,Jason Weir,TE,0,,2025,1470,60.9,67.9,67.4,,59.8,82,0,1,0,1,0,0,4,5,1,4,STHLSK,STHLSK,,,
147446,Ron Vann Jr.,WR,0,,2026,159,66.2,0,,68.5,61.1,06,1,1,0,0,24,0,44,68,24,44,E KENTUCKY,E KENTUCKY,65.7,,
147588,Kekoa Visperas,QB,0,,2026,161,60.9,74.7,,,60,00,0,1,17,0,0,6,16,39,17,22,E WASHGTON,E WASHGTON,27.2,67.2,53.5
147591,Tuna Altahir,HB,0,,2027,161,75.7,75.1,77.8,64.5,50.7,05,0,1,0,5,12,13,15,45,17,28,E WASHGTON,E WASHGTON,74.4,,79.1
147597,Messiah Jones,TE,0,,2025,161,59.2,63.5,,58.9,,80,0,1,0,0,1,0,0,1,1,0,E WASHGTON,E WASHGTON,,,
147611,Elisha Cummings,HB,0,,2026,185,57.2,76.7,44.1,52.3,60,20,0,1,0,3,17,7,1,28,20,8,IDAHO,IDAHO,71.3,,59.9
147624,Christian Fredericksen,WR,0,,2025,186,82,77.7,,81,61.9,15,0,1,0,0,43,0,29,72,43,29,IDAHO ST,IDAHO ST,67.9,,
147626,Benjamin Omayebu,WR,0,,2025,401,73.8,0,,75.3,60.3,10,1,1,0,0,30,0,25,55,30,25,TARLETON,TARLETON,67.5,,
147642,Junior Bergen,WR,0,2025,2025,232,64.1,76.8,,64.2,55.9,05,0,1,0,0,19,0,13,32,19,13,MONTANA,MONTANA,66.2,,
147710,Jihad Marks,WR,0,,2026,217,61.6,63.4,,61.1,,14,0,1,0,0,1,0,0,1,1,0,MCNEESE,MCNEESE,61,,
147714,Darius Stewart,HB,0,,2026,253,68.8,69.7,70.3,58.7,,00,0,1,0,1,2,4,0,7,3,4,N COLORADO,N COLORADO,68.6,,67.4
147718,Frank Thompson,G,0,,2027,253,64.9,78.5,72.1,,62.9,57,0,1,0,34,0,0,24,58,34,24,N COLORADO,N COLORADO,,,
147732,Donovan Payne,TE,1,,2027,104,46.4,71,69.5,55.3,44.8,84,1,1,0,1,3,0,6,10,4,6,ALAB A&M,ALAB A&M,,,
147751,Micah Nanninga,T,0,,2025,253,46.5,10.6,56.6,,48.6,66,1,1,0,34,0,0,24,58,34,24,N COLORADO,N COLORADO,,,
147781,Devin Gandy,WR,0,,2026,279,49.6,70,,57,38.8,02,0,1,0,0,4,0,3,7,4,3,SACRAMENTO,SACRAMENTO,,,
147783,Jared Gipson,WR,0,,2025,279,60.7,0,,60.9,69,08,1,1,0,0,45,0,39,84,45,39,SACRAMENTO,SACRAMENTO,65.7,,
147785,Elijah Tau-Tolliver,HB,0,2026,2026,279,80,72.2,,76.9,,04,0,1,0,0,3,11,0,14,3,11,SACRAMENTO,SACRAMENTO,73.6,,75.8
147791,Kenndel Riley,G,0,,2026,279,75.1,79.8,75.2,,75.4,62,0,1,0,46,0,0,39,85,46,39,SACRAMENTO,SACRAMENTO,,,
147792,Aidan Meek,T,0,,2026,279,71.4,77.6,65.3,,70.6,74,0,1,0,46,0,0,39,85,46,39,SACRAMENTO,SACRAMENTO,,,
147794,Sawyer Hays,T,0,,2026,279,71.4,77.1,64.5,,71.8,72,0,1,0,38,0,0,27,65,38,27,SACRAMENTO,SACRAMENTO,,,
147796,Jackson Slater,G,0,2025,2025,279,76.5,15.3,81.9,,79.8,76,1,1,0,46,0,0,39,85,46,39,SACRAMENTO,SACRAMENTO,,,
147798,Kaden Richardson,C,0,,2025,279,64,80.4,64.7,,62.1,79,0,1,0,46,0,0,39,85,46,39,SACRAMENTO,SACRAMENTO,,,
147830,Jackson Berry,QB,0,,2026,298,78.4,77,,,60,03,0,1,27,0,0,3,41,71,27,44,SO UTAH,SO UTAH,69.6,79.7,58.9
147837,Jessie Campbell III,WR,0,,2026,217,49.9,80.6,,49.6,62.9,05,0,1,0,0,47,0,23,70,47,23,MCNEESE,MCNEESE,,,
147895,RJ Jackson,WR,0,,2026,131,55.4,72,,55.9,60.3,17,0,1,0,0,5,0,4,9,5,4,CAMPBELL,CAMPBELL,,,
147911,Landon Sauers,TE,0,,2026,135,65.9,69.3,,57,68.6,12,0,1,0,0,2,0,6,8,2,6,CHARLES SO,CHARLES SO,,,
147950,Jonathan Burns,TE,0,,2025,157,41,74.7,73.2,32.7,48.4,18,0,1,0,9,5,0,12,26,14,12,E TENN ST,E TENN ST,,,
147951,Justin Franklin,WR,0,,2026,157,69.5,74.5,,73,42.6,01,0,1,0,0,8,0,14,22,8,14,E TENN ST,E TENN ST,61,,
147957,Maleek Huggins,WR,0,,2028,119,73.7,77.3,,74.2,56.8,09,0,1,0,0,17,0,21,38,17,21,BETH COOK,BETH COOK,67.3,,
147999,David Dutra,T,0,,2026,231,57.9,77.5,54.8,,57.5,60,0,1,0,52,0,0,20,72,52,20,MONMOUTH,MONMOUTH,,,
148000,TJ Lewis,C,0,,2025,231,58.4,78.8,77,,50.9,79,0,1,0,43,0,0,11,54,43,11,MONMOUTH,MONMOUTH,,,
148001,T.J. Speight,WR,0,,2026,231,59.4,76.3,,59.2,60.5,01,0,1,0,0,37,0,13,50,37,13,MONMOUTH,MONMOUTH,66.9,,
148013,Adrian Hawkins,G,0,,2026,291,50.4,0,47.1,,53.6,59,2,1,0,41,0,0,22,63,41,22,S DAKOTA,S DAKOTA,,,
148041,JK Carter,WR,0,,2026,236,71.1,77.5,,70.4,63.9,02,0,1,0,0,33,0,33,66,33,33,MURRAY ST,MURRAY ST,66.9,,
148043,Cameron Nelson,WR,0,,2026,228,52.5,77.2,,51.8,60.3,17,0,1,0,0,23,0,36,59,23,36,MS VLY ST,MS VLY ST,,,
148070,Korbin Allen,HB,0,,2025,191,60,67.8,67.9,,59.7,26,0,1,0,1,0,0,2,3,1,2,INDIANA ST,INDIANA ST,,,
148076,Griffin Comer,C,0,,2025,191,58.7,79.7,71.8,,56.6,65,0,1,0,26,0,0,42,68,26,42,INDIANA ST,INDIANA ST,,,
148081,Ethan Chambers,WR,0,,2025,191,57.6,78.4,,56.8,60.7,85,0,1,0,0,24,0,39,63,24,39,INDIANA ST,INDIANA ST,61,,
148082,Lance Rees,TE,0,,2026,191,58,76.3,,74,36.3,87,0,1,0,0,4,2,21,27,4,23,INDIANA ST,INDIANA ST,66.3,,66.7
148116,Gary Clinton,TE,0,,2026,230,71.4,73.2,68,66.1,68.1,87,0,1,0,2,10,0,18,30,12,18,MO STATE,MO STATE,61,,
148126,Simon Romfo,QB,0,,2026,249,91.5,76.8,,,60,06,0,1,30,0,0,6,31,67,30,37,N DAKOTA,N DAKOTA,71.1,91.8,65.7
148130,Gaven Ziebarth,HB,0,,2026,249,62.8,74.8,70.5,56.2,60,28,0,1,0,2,6,15,2,25,8,17,N DAKOTA,N DAKOTA,75.2,,62.7
148133,Jaden Norby,TE,0,,2025,249,59.8,74.9,71.2,47.2,64.4,43,0,1,0,6,10,0,29,45,16,29,N DAKOTA,N DAKOTA,61.9,,
148136,Sam Hagen,T,0,2026,2026,292,60,75.5,66.4,,57.2,76,0,1,0,18,0,0,29,47,18,29,S DAK ST,S DAK ST,,,
148137,Nick Kupfer,WR,0,,2026,249,72.6,76.2,,68.9,81,80,0,1,0,0,12,0,17,29,12,17,N DAKOTA,N DAKOTA,64.1,,
148138,Nate DeMontagnac,WR,0,,2026,249,81.5,75,,78.8,62.1,84,0,1,0,0,9,0,9,18,9,9,N DAKOTA,N DAKOTA,64.1,,
148151,Bryce Lance,WR,0,2026,2026,250,92.1,73.2,,90.9,58.5,05,0,1,0,0,9,0,9,18,9,9,N DAK ST,N DAK ST,65,,
148156,Barika Kpeenu,HB,0,2026,2026,250,65.5,73.1,,56.2,,08,0,1,0,0,4,7,0,11,4,7,N DAK ST,N DAK ST,71.3,,65.6
148158,Truman Werremeyer,TE,0,,2026,250,64.5,74.1,,52.8,71.2,46,0,1,0,0,5,0,13,18,5,13,N DAK ST,N DAK ST,,,
148162,Chris Harris,WR,0,,2026,250,80.2,74.1,,78.3,59.7,19,0,1,0,0,8,0,6,14,8,6,N DAK ST,N DAK ST,62.9,,
148164,Finn Diggins,TE,0,,2026,250,51.1,70.5,,53.8,54.9,89,0,1,0,0,4,0,10,14,4,10,N DAK ST,N DAK ST,,,
148166,Ryan Jones,S,0,,2026,250,60,60,,,60,D27,0,1,0,0,0,0,1,1,0,1,N DAK ST,N DAK ST,,,
148175,Jaxon Duttenhefer,DI,0,,2026,250,60,60,,,60,D64,0,1,0,0,0,0,1,1,0,1,N DAK ST,N DAK ST,,,
148177,Matt Morrissey,QB,0,,2025,159,56,77.2,,,60,04,0,1,24,0,0,4,46,74,24,50,E KENTUCKY,E KENTUCKY,69.9,45,69.4
148184,Layne Pryor,TE,0,2025,2025,255,50.5,76.8,64.5,55.4,48.4,45,0,1,0,1,27,0,35,63,28,35,N IOWA,N IOWA,62.9,,
148189,Carter Hewitt,DI,0,,2026,255,56.7,65.6,,,50.5,D94,0,1,0,0,0,0,2,2,0,2,N IOWA,N IOWA,,,
148191,Sergio Morancy,WR,0,,2025,255,70.7,80.8,,70.1,61.8,21,0,1,0,0,32,0,31,63,32,31,N IOWA,N IOWA,69,,
148192,Tay Norman,WR,0,,2027,255,46.3,73.2,,47.9,60.3,84,0,1,0,0,7,0,4,11,7,4,N IOWA,N IOWA,61,,
148197,Derek Anderson,TE,0,,2026,255,61.2,70.8,,59.5,63.1,88,0,1,0,0,1,0,9,10,1,9,N IOWA,N IOWA,,,
148202,Jack Martens,WR,0,,2026,291,77.6,75.7,,76.9,58.8,15,0,1,0,0,14,0,13,27,14,13,S DAKOTA,S DAKOTA,64.1,,
148203,Javion Phelps,WR,0,,2026,291,56.1,75,,54.1,80.7,08,0,1,0,0,17,0,4,21,17,4,S DAKOTA,S DAKOTA,61,,
148220,Amar Johnson,HB,0,2025,2025,292,62.3,78.3,74.7,55.5,66.7,03,0,1,0,3,22,10,15,50,25,25,S DAK ST,S DAK ST,73.2,,62.7
148225,Grahm Goering,WR,0,,2027,292,63.2,78.7,,61.5,73.2,12,0,1,0,0,31,0,30,61,31,30,S DAK ST,S DAK ST,66.7,,
148226,Angel Johnson,HB,0,,2026,292,65.3,75.8,,59.3,59.6,21,0,1,0,0,10,14,3,27,10,17,S DAK ST,S DAK ST,28.3,,65.3
148259,Ethan Tyla,C,0,,2026,142,60,67.3,,,60,71,0,1,0,0,0,0,2,2,0,2,COLGATE,COLGATE,,,
148261,Tyjuan Atkins,WR,0,,2026,301,58.1,71,,58.3,60.7,82,0,1,0,0,2,0,6,8,2,6,STF AUSTIN,STF AUSTIN,,,
148263,Dayton Mitchell,WR,0,,2026,295,54.2,70.9,,55.1,,82,0,1,0,0,8,0,0,8,8,0,S ILLINOIS,S ILLINOIS,63.8,,
148297,Max Tomczak,WR,0,2026,2026,353,59,78.2,,58.1,62.7,04,0,1,0,0,22,0,36,58,22,36,YNGTOWN ST,YNGTOWN ST,62.9,,
148305,Emariyon Johnson,T,0,,2026,219,49.2,74.5,55.3,,47.8,55,0,1,0,15,0,0,22,37,15,22,MERCER,MERCER,,,
148308,Luke Hensley,WR,0,,2026,353,67.4,75.9,,66.5,62.3,06,0,1,0,0,15,0,15,30,15,15,YNGTOWN ST,YNGTOWN ST,62.9,,
148327,Kevin Burkett,T,0,,2025,162,65,76,74.5,,58.1,64,0,1,0,31,0,0,18,49,31,18,ELON,ELON,,,
148331,Jamarien Dalton,WR,0,,2027,162,53.3,77.3,,53.1,60.9,01,0,1,0,0,30,0,11,41,30,11,ELON,ELON,62.9,,
148332,Zach Richardson,C,0,,2025,162,60,68.7,,,60,68,0,1,0,0,0,0,3,3,0,3,ELON,ELON,,,
148337,Davis LeDoyen,TE,0,,2026,162,60,66.1,,,60,05,0,1,0,0,0,0,2,2,0,2,ELON,ELON,,,
148339,Luke Duska,T,0,,2027,162,52.2,67.2,,,49.3,66,0,1,0,0,0,0,3,3,0,3,ELON,ELON,,,
148351,Scott Hummel,G,0,,2026,276,59.2,79.3,60.7,,58.2,71,0,1,0,17,0,0,37,54,17,37,RICHMOND,RICHMOND,,,
148356,Maxwell James,WR,0,,2026,231,50.4,74.7,,51.3,60,09,0,1,0,0,15,0,1,16,15,1,MONMOUTH,MONMOUTH,10.3,,
148368,Jaelin Montgomery,T,0,,2026,317,70.6,77,80.9,,64,75,0,1,0,40,0,0,33,73,40,33,TOWSON,TOWSON,,,
148372,Eli Mahan,TE,0,,2027,212,55.3,73.9,54.7,58.8,54,16,0,1,0,4,9,0,13,26,13,13,MAINE,MAINE,61,,
148374,Declan McKevitt,TE,0,,2026,212,55.5,72.3,64.5,54.6,56.8,48,0,1,0,1,5,0,4,10,6,4,MAINE,MAINE,,,
148400,Dylan Maciulewicz,G,0,,2026,240,60.7,79.1,80.6,,56.6,76,0,1,0,32,0,0,38,70,32,38,NEW HAMP,NEW HAMP,,,
148421,Gabriel Carbajal,T,0,,2026,276,54.7,76.6,66.1,,52.3,52,0,1,0,17,0,0,36,53,17,36,RICHMOND,RICHMOND,,,
148424,Ethan Calveric,G,0,,2025,276,52.9,73.6,73.4,,51.4,55,0,1,0,3,0,0,7,10,3,7,RICHMOND,RICHMOND,,,
148425,Jerry Garcia Jr.,WR,0,,2025,276,80.2,74.5,,76.1,60.4,04,0,1,0,0,10,1,13,24,10,14,RICHMOND,RICHMOND,67.6,,63.3
148428,Sam Hedrick,T,0,,2026,149,53.4,72.9,66,59.6,53.8,44,0,1,0,2,1,0,20,23,3,20,DAVIDSON,DAVIDSON,,,
148434,Kollin Melendez,G,0,,2026,303,43.4,80.3,0,,51.9,65,0,1,0,31,0,0,43,74,31,43,STNY BROOK,STNY BROOK,,,
148445,Florian Staehler,G,0,,2026,317,60.6,80.3,63.2,,58.8,79,0,1,0,40,0,0,33,73,40,33,TOWSON,TOWSON,,,
148460,Devin Matthews,HB,0,,2025,317,70.4,75.6,19.2,55.9,59.8,03,0,1,0,1,15,16,2,34,16,18,TOWSON,TOWSON,75.5,,72.7
148463,Lukkas Londono,WR,0,,2026,317,62.4,71.1,,62.1,59.4,14,0,1,0,0,10,0,3,13,10,3,TOWSON,TOWSON,63.6,,
148473,James Welde,TE,0,,2025,334,60,66,,,60,89,0,1,0,0,0,0,3,3,0,3,VILLANOVA,VILLANOVA,,,
148475,Stephane Voltaire,T,0,,2026,334,58.9,76.1,83.7,,53.4,75,0,1,0,15,0,0,32,47,15,32,VILLANOVA,VILLANOVA,,,
148477,Daniel Lopes,WR,0,,2026,334,55,74,,54.8,61.2,84,0,1,0,0,6,0,10,16,6,10,VILLANOVA,VILLANOVA,,,
148485,Ryan Shonk,FB,0,,2026,348,60,62.7,,,60,45,0,1,0,0,0,0,1,1,0,1,WM & MARY,WM & MARY,,,
148489,Trey McDonald,TE,0,,2026,348,49.3,74.3,70,47.5,54.1,85,0,1,0,2,18,0,13,33,20,13,WM & MARY,WM & MARY,,,
148492,Darius Wilson,QB,0,,2025,348,80.7,75.7,,,60.1,11,0,1,25,0,0,4,18,47,25,22,WM & MARY,WM & MARY,70,84.4,62.3
148513,Andrew Berkery,T,0,,2025,124,62.9,75.8,64.2,,60.8,73,0,1,0,26,0,0,26,52,26,26,BRYANT,BRYANT,,,
148516,Anthony Perez,G,0,,2026,124,63,78.5,52.1,,63.3,77,0,1,0,26,0,0,26,52,26,26,BRYANT,BRYANT,,,
148549,Fabrice Mukendi,HB,0,,2025,124,59.6,72.5,,56.2,,15,0,1,0,0,6,7,0,13,6,7,BRYANT,BRYANT,71.3,,60.1
148550,Tristen Riley,WR,0,,2026,124,52,74.7,,53,52.8,03,0,1,0,0,14,0,19,33,14,19,BRYANT,BRYANT,,,
148556,Jack Dilts,T,0,,2025,155,59.7,70,71.2,,57.9,74,0,1,0,4,0,0,4,8,4,4,DUQUESNE,DUQUESNE,,,
148557,Gary Satterwhite III,T,0,,2026,155,61.5,76.5,70.2,,56.7,54,0,1,0,34,0,0,29,63,34,29,DUQUESNE,DUQUESNE,,,
148562,Cameron McLaurin,C,0,,2026,155,62.4,4.1,71.9,,63,57,2,1,0,38,0,0,31,69,38,31,DUQUESNE,DUQUESNE,,,
148567,Jamario Clements,HB,0,,2026,155,69.1,75.8,78.2,62.7,60,02,0,1,0,4,18,20,1,43,22,21,DUQUESNE,DUQUESNE,76.7,,68.6
148581,Ajahn Rue,WR,0,,2026,385,60.3,68.4,,,60,81,0,1,0,0,0,0,4,4,0,4,MERRIMACK,MERRIMACK,,,
148583,Tyvon Edmonds Jr.,HB,0,,2025,277,69.9,75.7,,53.9,,03,0,1,0,0,19,12,0,31,19,12,ROB MORRIS,ROB MORRIS,74.1,,73.3
148585,James Smith Jr.,C,0,,2026,385,58.3,69.6,,,57.1,79,0,1,0,0,0,0,4,4,0,4,MERRIMACK,MERRIMACK,,,
148593,Jared Dunn,TE,0,,2025,385,55.5,77.9,70.9,51.7,58.4,42,0,1,0,5,14,0,39,58,19,39,MERRIMACK,MERRIMACK,9,,
148599,Joey Trainor,G,0,,2026,385,59.3,69.8,,,59.2,78,0,1,0,0,0,0,4,4,0,4,MERRIMACK,MERRIMACK,,,
148603,Myles Wilson,WR,0,,2026,385,61.4,77,,60.8,62,14,0,1,0,0,15,0,23,38,15,23,MERRIMACK,MERRIMACK,62.9,,
148608,Rickey Spruill,HB,0,,2025,338,76.5,76.3,79.7,57.6,59.9,36,0,1,0,6,5,19,2,32,11,21,WAGNER,WAGNER,76.5,,73.9
148610,Trevor Shorter,WR,0,,2026,385,65.7,74.7,,65.2,60,17,0,1,0,0,7,0,9,16,7,9,MERRIMACK,MERRIMACK,61,,
148613,Joshua Brown,P,0,,2026,338,48.9,60,,,,S08,0,1,0,0,0,1,0,1,0,1,WAGNER,WAGNER,62.5,,57.2
148617,Justin Curtis,C,0,,2026,230,60,65.2,66.6,,,70,0,1,0,1,0,0,0,1,1,0,MO STATE,MO STATE,,,
148618,Da'Jour Dixon,G,0,,2027,235,52.8,79.7,34.1,,54.3,76,0,1,0,30,0,0,33,63,30,33,MORGAN ST,MORGAN ST,,,
148635,Mark Mahoney,WR,0,,2025,123,54.1,73.3,,54.5,60.4,88,0,1,0,0,7,0,6,13,7,6,BROWN,BROWN,,,
148637,Nate Lussier,LB,0,,2025,123,60,64.5,,,59.6,D05,0,1,0,0,0,0,2,2,0,2,BROWN,BROWN,,,
148640,Jack Connolly,G,0,,2025,123,73.6,25.8,76.9,,76.4,78,1,1,0,56,0,0,48,104,56,48,BROWN,BROWN,,,
148649,Jake Willcox,QB,0,,2025,123,59.7,78.8,,,60.2,03,0,1,56,0,0,5,41,102,56,46,BROWN,BROWN,71.7,62.7,53.1
148661,AJ Heidtke,G,0,,2025,123,61.9,79.1,42.7,,64.5,69,0,1,0,36,0,0,32,68,36,32,BROWN,BROWN,,,
148662,Samuel Baddoo,WR,0,,2026,123,51.3,75.2,,56,33,02,0,1,0,0,29,0,12,41,29,12,BROWN,BROWN,70.1,,
148667,Will Jarvis,WR,0,,2026,123,58,69.1,,58.7,59.4,10,0,1,0,0,2,0,4,6,2,4,BROWN,BROWN,,,
148679,Stockton Owen,HB,0,,2025,123,71.6,76,74.7,74.5,59.4,06,0,1,0,3,14,19,2,38,17,21,BROWN,BROWN,76.5,,69.6
148686,Ben Moseley,WR,0,,2026,123,83.2,78.5,,82.9,60.8,11,0,1,0,0,22,0,30,52,22,30,BROWN,BROWN,67.1,,
148693,Joey Giorgi,HB,0,,2025,145,59.6,74.6,80.3,65.5,58.8,25,0,1,0,12,15,9,4,40,27,13,COLUMBIA,COLUMBIA,72.7,,56.3
148699,James Miller,TE,0,,2025,145,64.4,0,68.7,71.7,62.9,89,1,1,0,4,6,0,11,21,10,11,COLUMBIA,COLUMBIA,61,,
148710,Marcus Libman,WR,0,,2025,145,62.4,75.7,,62.1,60,03,0,1,0,0,38,0,2,40,38,2,COLUMBIA,COLUMBIA,64.1,,
148719,Pat Colicchio,G,0,,2025,145,51.5,79.6,24.5,,56.9,73,0,1,0,53,0,0,26,79,53,26,COLUMBIA,COLUMBIA,,,
148722,John Iannuzzi,G,0,,2027,145,73.1,80.5,54.5,,80.4,60,1,1,0,53,0,0,26,79,53,26,COLUMBIA,COLUMBIA,,,
148726,Jack Larsen,TE,0,,2025,145,58.3,69.1,67.4,59.2,58.5,83,0,1,0,2,1,0,6,9,3,6,COLUMBIA,COLUMBIA,,,
148731,Bryson Canty,WR,0,,2026,145,68.1,78.7,,67.8,59.3,02,0,1,0,0,51,0,24,75,51,24,COLUMBIA,COLUMBIA,67.1,,
148754,Matthew Pilc,TE,0,,2026,147,58.2,63.5,,57.7,,88,0,1,0,0,1,0,0,1,1,0,CORNELL,CORNELL,,,
148767,Nick Laboy,WR,0,,2026,151,73.8,69.9,,71,60.2,08,0,1,0,0,3,0,3,6,3,3,DELAWARE,DELAWARE,61,,
148782,Jameson Wang,QB,0,,2026,147,78.4,76.9,,,60,01,0,1,53,0,0,8,9,70,53,17,CORNELL,CORNELL,72.5,76.7,66.3
148783,Chad Martini,WR,0,,2026,147,57.5,67.8,,59.2,,12,0,1,0,0,1,0,0,1,1,0,CORNELL,CORNELL,,,
148784,Eddy Tillman,HB,0,,2025,147,60,63.8,71.1,,,41,0,1,0,1,0,0,0,1,1,0,CORNELL,CORNELL,,,
148792,Robert Tucker III,HB,0,,2026,147,57.5,69.9,71.1,54.2,,24,0,1,0,1,7,1,0,9,8,1,CORNELL,CORNELL,62.5,,59.6
148803,Jack Powers,G,0,,2026,147,60.4,4,67.3,,63.2,76,1,1,0,53,0,0,17,70,53,17,CORNELL,CORNELL,,,
148813,Kyle Brown,G,0,,2026,148,85.6,79.3,80.3,,84.7,63,0,1,0,16,0,0,39,55,16,39,DARTMOUTH,DARTMOUTH,,,
148828,Isaac Boston,WR,0,,2025,133,63.8,78.3,,61.4,77.5,08,0,1,0,0,35,0,19,54,35,19,CENT CT ST,CENT CT ST,64.1,,
148839,Paxton Scott,WR,0,,2025,148,70.5,76.7,,69.6,61.6,07,0,1,0,0,12,0,15,27,12,15,DARTMOUTH,DARTMOUTH,65,,
148843,Konstantin Spork,T,0,,2026,148,58.9,9.2,77.9,,60.4,79,1,1,0,16,0,0,39,55,16,39,DARTMOUTH,DARTMOUTH,,,
148846,Jackson Gerard,WR,0,,2025,148,68.3,73.3,,68.2,55.8,03,0,1,0,0,5,0,9,14,5,9,DARTMOUTH,DARTMOUTH,61,,
148847,Alex Geraci,TE,0,,2026,148,54.2,72.5,,56.8,55.8,10,0,1,0,0,2,0,4,6,2,4,DARTMOUTH,DARTMOUTH,,,
148848,Nick Marinaro,C,0,,2026,148,65.8,0,79,,66,59,1,1,0,16,0,0,39,55,16,39,DARTMOUTH,DARTMOUTH,,,
148852,Q Jones,HB,0,,2026,148,86.4,74.2,,59,58.4,02,0,1,0,0,7,19,3,29,7,22,DARTMOUTH,DARTMOUTH,76.5,,84.3
148858,Tristan Holmbeck,G,0,,2026,148,73.9,78.3,80.3,,72.4,64,1,1,0,16,0,0,39,55,16,39,DARTMOUTH,DARTMOUTH,,,
148860,Painter Richards-Baker,WR,0,,2028,148,53.6,74.5,,53.6,60.8,14,0,1,0,0,9,0,10,19,9,10,DARTMOUTH,DARTMOUTH,,,
148875,Malik Frederick,HB,0,,2026,179,60.9,69.6,72.7,57.3,,24,0,1,0,1,4,5,0,10,5,5,HARVARD,HARVARD,69.7,,60.8
148879,Charles DePrima,QB,0,,2025,179,88,74,,74.7,60.2,16,0,1,0,0,5,4,12,21,5,16,HARVARD,HARVARD,69.2,,77.9
148883,Kaedyn Odermann,WR,0,,2026,179,69.1,75.9,,68.1,61,07,0,1,0,0,19,0,7,26,19,7,HARVARD,HARVARD,64.1,,
148888,Scott Woods,WR,0,,2026,179,78.7,79.3,,76.2,78,06,0,1,0,0,31,0,14,45,31,14,HARVARD,HARVARD,71.5,,
148895,Scott Giuliano,TE,0,,2025,179,54.3,73.8,60.6,56.2,55.1,82,0,1,0,5,7,0,17,29,12,17,HARVARD,HARVARD,61,,
148902,Michael Entwistle,G,0,,2026,179,56.8,79.7,63.8,,53.7,70,0,1,0,37,0,0,28,65,37,28,HARVARD,HARVARD,,,
148907,Austin Gentle,C,0,,2026,179,65.7,79.4,83.9,,59.7,68,0,1,0,37,0,0,28,65,37,28,HARVARD,HARVARD,,,
148932,Joshua Casilli,WR,0,,2025,267,56.3,72.4,,56.6,60,87,0,1,0,0,7,0,3,10,7,3,PENN,PENN,,,
148953,Julien Stokes,WR,0,,2026,267,60.2,75.5,,60.5,56.3,13,0,1,0,0,22,0,16,38,22,16,PENN,PENN,70.9,,
148959,William Bergin,C,0,,2026,267,72.3,78.9,77.4,,68.1,72,0,1,0,29,0,0,27,56,29,27,PENN,PENN,,,
148960,Justin Cayenne,TE,0,,2026,267,70.1,76.4,47.3,67.7,68,84,0,1,0,8,9,0,18,35,17,18,PENN,PENN,61,,
148964,Bryce Myers,TE,0,,2026,267,45.8,75.6,71.6,40.2,58.7,15,0,1,0,6,9,0,21,36,15,21,PENN,PENN,,,
148966,Mike Fraraccio,TE,0,,2026,267,55.8,68.9,69.6,59.2,54.6,44,0,1,0,2,1,0,3,6,3,3,PENN,PENN,61.9,,
148971,Davis Ellis,WR,0,,2026,267,57.3,68.8,,58.1,,03,0,1,0,0,3,0,0,3,3,0,PENN,PENN,,,
148974,Aidan Sayin,QB,0,,2025,267,61.4,67.4,,,,09,0,1,4,0,0,0,0,4,4,0,PENN,PENN,62.7,61.2,
149107,Chandler Kirton,C,0,,2026,116,63,79.8,75.8,,58.1,52,0,1,0,44,0,0,28,72,44,28,AUSTINPEAY,AUSTINPEAY,,,
149115,Tae Gayden,WR,0,,2026,116,52.5,74.9,,52.9,60.5,19,0,1,0,0,15,0,5,20,15,5,AUSTINPEAY,AUSTINPEAY,,,
149144,Jack Baker,TE,0,,2025,116,44.7,68.3,,,46.1,87,0,1,0,0,0,0,5,5,0,5,AUSTINPEAY,AUSTINPEAY,,,
149152,Joe McNab,TE,0,,2026,158,56.3,70.1,74.5,55,57.8,82,0,1,0,3,2,0,5,10,5,5,E ILLINOIS,E ILLINOIS,61.9,,
149163,Jack Valente,G,0,,2025,158,63.9,75.3,85.2,,58.8,66,0,1,0,18,0,0,6,24,18,6,E ILLINOIS,E ILLINOIS,,,
149198,Jack Clinkenbeard,WR,0,,2027,293,64.6,78.3,,66.5,43.2,83,0,1,0,0,25,0,11,36,25,11,SE MO ST,SE MO ST,64.1,,
149203,Jayvian Allen,HB,0,,2026,389,61.8,75.9,78.3,32.2,60,06,0,1,0,4,16,12,3,35,20,15,N ALABAMA,N ALABAMA,74,,68
149226,Christian Thomas,G,0,,2026,309,54.9,76.6,79.8,,52.2,54,0,1,0,9,0,0,19,28,9,19,TENN TECH,TENN TECH,,,
149230,Logan Weedman,T,0,,2026,309,73.9,76,69.8,,71.6,73,0,1,0,23,0,0,34,57,23,34,TENN TECH,TENN TECH,,,
149239,Airius Trice,WR,0,,2025,310,59.1,72.7,,59.3,61.5,10,0,1,0,0,1,0,8,9,1,8,TENN MARTN,TENN MARTN,,,
149247,DJ Nelson,TE,0,,2026,104,66.3,77.7,64.4,66.2,58.5,09,1,1,0,1,31,0,19,51,32,19,ALAB A&M,ALAB A&M,66.2,,
149250,DeVonte Tanksley,WR,0,,2025,310,58.9,0,,63.3,59.2,04,1,1,0,0,21,1,19,41,21,20,TENN MARTN,TENN MARTN,71.1,,57.5
149262,Rushawn Baker,HB,0,2025,2025,162,53.8,75.2,21.9,69.7,60,23,0,1,0,13,12,13,2,40,25,15,ELON,ELON,74.5,,55.8
149286,Paul Neel,HB,0,,2026,125,63.9,66.8,,59.8,,21,0,1,0,0,1,2,0,3,1,2,BUCKNELL,BUCKNELL,65.5,,63.1
149290,Brendan Cassamajor,HB,0,,2028,142,76.7,71.6,72.7,75.4,,24,0,1,0,2,4,6,0,12,6,6,COLGATE,COLGATE,70.7,,71.6
149292,Chance Niesner,T,0,,2025,142,60.8,76.5,64.6,,57.9,66,0,1,0,31,0,0,26,57,31,26,COLGATE,COLGATE,,,
149302,Tank Pritchett,HB,0,,2025,142,34.2,63.5,,,,23,0,1,0,0,0,1,0,1,0,1,COLGATE,COLGATE,11.1,,44.2
149306,David Evbomenya,T,0,,2026,168,57.6,77.5,59.6,,54.6,76,0,1,0,51,0,0,25,76,51,25,FORDHAM,FORDHAM,,,
149316,Julius Loughridge,HB,0,,2026,168,67.2,78.5,82.2,51.7,60,15,0,1,0,11,35,18,1,65,46,19,FORDHAM,FORDHAM,76.2,,71.8
149325,Kaysen Mahuka-Kaawa,G,0,,2026,172,76.5,79.5,85.6,,74.7,55,0,1,0,27,0,0,51,78,27,51,GEORGETOWN,GEORGETOWN,,,
149326,Naieem Kearney,HB,0,,2026,172,76.7,72.2,69.2,56.5,60,04,0,1,0,1,5,7,1,14,6,8,GEORGETOWN,GEORGETOWN,71.3,,76
149353,Cam Pygatt,WR,0,,2026,172,55.1,76.6,,54.8,60.1,14,0,1,0,0,14,0,21,35,14,21,GEORGETOWN,GEORGETOWN,62.9,,
149367,Chris Carasia,WR,0,,2025,203,61.4,80.5,61.9,64,38.8,19,0,1,0,1,35,0,31,67,36,31,LAFAYETTE,LAFAYETTE,64.1,,
149377,Ryder Langsdale,T,0,,2028,203,86.6,77.4,74.6,,87.7,68,0,1,0,40,0,0,32,72,40,32,LAFAYETTE,LAFAYETTE,,,
149408,Christian Curatolo,T,0,,2026,205,62.9,74.8,56.1,,62.9,78,0,1,0,16,0,0,25,41,16,25,LEHIGH,LEHIGH,,,
149419,Justin Shorter,WR,0,,2025,181,72.3,77.1,,73.2,43.1,05,0,1,0,0,21,0,17,38,21,17,HOLY CROSS,HOLY CROSS,68.1,,
149424,Jacob Petersen,TE,0,,2026,181,47.3,76.7,59.5,51.3,51.3,86,0,1,0,8,16,0,29,53,24,29,HOLY CROSS,HOLY CROSS,,,
149426,Cam McNair,T,0,,2026,181,45.4,76.2,61.7,,41.9,77,0,1,0,26,0,0,35,61,26,35,HOLY CROSS,HOLY CROSS,,,
149434,Joe Pesansky,QB,0,,2026,181,78.8,76.6,,,60.3,16,0,1,26,0,0,2,33,61,26,35,HOLY CROSS,HOLY CROSS,69,82.8,56.7
149438,Luke Wooten,WR,0,,2026,127,83.1,77,,80.7,60,23,0,1,0,0,17,0,4,21,17,4,BUTLER,BUTLER,65,,
149440,Joey Audia,WR,0,,2026,127,65.7,74.4,,59.7,55.4,15,0,1,0,0,1,2,18,21,1,20,BUTLER,BUTLER,68.8,,66.9
149443,Adam Dolan,T,0,,2026,127,57.2,13.1,68.4,,59.5,75,1,1,0,20,0,0,36,56,20,36,BUTLER,BUTLER,,,
149444,Cameron Heald,TE,0,,2026,127,69.8,72.7,67.9,59.6,70.3,82,0,1,0,2,1,0,14,17,3,14,BUTLER,BUTLER,61.9,,
149445,Thomas Brown,WR,0,,2026,246,58.3,66.8,,59.6,60,80,0,1,0,0,1,0,1,2,1,1,NC A&T,NC A&T,,,
149464,Luke Durkin,QB,0,,2026,149,74.2,74.6,,,60.1,09,0,1,18,0,0,6,13,37,18,19,DAVIDSON,DAVIDSON,27.5,80.9,54.1
149466,Kellyn West,TE,0,,2026,149,62.5,78.7,70.8,52.2,84.1,07,0,1,0,2,19,0,24,45,21,24,DAVIDSON,DAVIDSON,61,,
149470,Aaron Maione,WR,0,,2025,149,62.5,77.8,65.1,62.4,66,21,0,1,1,1,27,8,29,66,29,37,DAVIDSON,DAVIDSON,29.5,74.3,54.2
149472,Sam Valor,FB,0,,2025,149,57.3,77.4,67.1,54.5,61.9,30,0,1,0,2,6,1,22,31,8,23,DAVIDSON,DAVIDSON,62.5,,59.5
149477,Malik McDaniel,G,0,,2026,149,54.1,80,55.2,,52.6,71,1,1,0,31,0,0,48,79,31,48,DAVIDSON,DAVIDSON,,,
149501,Luke Brenner,WR,0,,2025,150,44.8,73.6,,46,58.7,10,0,1,0,0,16,0,5,21,16,5,DAYTON,DAYTON,,,
149504,Jake Coleman,WR,0,,2025,150,53.1,78.6,,50.5,77.3,19,0,1,0,0,38,0,23,61,38,23,DAYTON,DAYTON,,,
149506,Ty Stylski,HB,0,,2025,150,68.8,73.5,67.9,60.1,,22,0,1,0,1,9,5,0,15,10,5,DAYTON,DAYTON,69.9,,69.6
149507,Cade Beam,TE,0,,2025,150,48.5,0,67.1,54,56.9,20,1,1,0,2,6,0,19,27,8,19,DAYTON,DAYTON,61.9,,
149512,Conor Clyde,T,0,,2026,150,67.5,77.3,90.4,,54.6,71,0,1,0,39,0,0,30,69,39,30,DAYTON,DAYTON,,,
149517,Alec Keathley,TE,0,,2025,150,45,77.5,48,48.6,49.4,81,0,1,0,7,31,0,28,66,38,28,DAYTON,DAYTON,62.9,,
149582,Wyatt Hodges,WR,0,,2025,271,60.9,76.4,,58.8,71.1,06,0,1,0,0,21,0,23,44,21,23,PRESBYTERN,PRESBYTERN,62.9,,
149585,Warner Bush,QB,0,,2026,271,54.8,68.1,,,60,16,0,1,2,0,0,0,3,5,2,3,PRESBYTERN,PRESBYTERN,61.8,61,57
149591,Patch Bennett,T,0,,2025,271,83.8,77.7,59.6,,84.8,61,0,1,0,30,0,0,46,76,30,46,PRESBYTERN,PRESBYTERN,,,
149617,Josh Heverly,WR,0,,2026,283,74.7,76.8,,72.1,76.1,03,0,1,0,0,26,0,8,34,26,8,SAN DIEGO,SAN DIEGO,64.1,,
149619,Ja'seem Reed,WR,0,2025,2025,283,77.6,78.5,,75.5,75.1,89,0,1,0,0,33,0,21,54,33,21,SAN DIEGO,SAN DIEGO,65,,
149620,Logan Gingg,HB,0,,2025,283,71.3,76.4,62.2,56.9,,31,0,1,0,12,5,23,0,40,17,23,SAN DIEGO,SAN DIEGO,77.5,,70
149625,Evans Bowling,T,0,,2026,283,65.9,76.3,71.8,,61.1,73,0,1,0,35,0,0,26,61,35,26,SAN DIEGO,SAN DIEGO,,,
149651,Tristan Shannon,HB,0,,2026,213,77.7,74,86.2,65.3,59.3,22,0,1,0,8,13,5,3,29,21,8,MARIST,MARIST,70.3,,79.8
149657,Reed Dexter,WR,0,,2025,213,65.5,76.4,,64.8,61.6,83,0,1,0,0,18,0,11,29,18,11,MARIST,MARIST,62.9,,
149658,Christopher Watkins,HB,0,,2025,317,58.4,70.6,75.5,,60,26,0,1,0,2,0,1,3,6,2,4,TOWSON,TOWSON,62.5,,59.5
149662,Ibrahim Giwa,G,0,,2026,317,60.6,68.5,,,60.6,77,0,1,0,0,0,0,4,4,0,4,TOWSON,TOWSON,,,
149664,Masin Cobb,T,0,,2026,213,31.5,77.6,0,,54.7,56,1,1,0,48,0,0,25,73,48,25,MARIST,MARIST,,,
149665,Dominic Perricone,G,0,,2026,213,56.2,7.4,89.9,,50.6,65,1,1,0,48,0,0,25,73,48,25,MARIST,MARIST,,,
149668,Jake Anapol,C,0,,2025,213,60.8,77.6,60,,60,55,1,1,0,24,0,0,15,39,24,15,MARIST,MARIST,,,
149674,Luke Pecovic,TE,0,,2025,213,53.7,74.6,70.8,47.4,57.5,86,0,1,0,11,13,0,14,38,24,14,MARIST,MARIST,,,
149677,Jackson Willette,TE,0,,2025,213,51.7,74.2,73.5,49.6,57.7,88,0,1,0,2,17,0,11,30,19,11,MARIST,MARIST,61,,
149717,Dawson Harrington,T,0,,2026,302,69.9,25.5,83.1,,65.1,66,1,1,0,60,0,0,21,81,60,21,STETSON,STETSON,,,
149729,Brady Meitz,QB,0,,2026,302,56.8,28.4,,,60,09,1,1,60,0,0,0,19,79,60,19,STETSON,STETSON,70.2,56.4,63.7
149749,Evan Jernegan,TE,0,,2026,332,65.8,74.2,,66.2,57.9,87,0,1,0,0,8,0,9,17,8,9,VALPO,VALPO,61,,
149763,Ryan Merklinger,T,0,,2026,345,58.1,77.8,57.5,,55.8,56,1,1,0,66,0,0,24,90,66,24,W ILLINOIS,W ILLINOIS,,,
149767,Hope Adebayo,HB,0,,2025,1129,94.3,75.8,79.9,57.3,58.6,04,0,1,0,6,2,18,4,30,8,22,STTHOM,STTHOM,76.2,,92.6
149795,C.J. Warren,DI,0,,2025,1129,60,60,63.8,,,D95,0,1,0,1,0,0,0,1,1,0,STTHOM,STTHOM,,,
149796,Jacob WIldermuth,WR,0,,2025,1129,75.5,77.2,,75.7,60,09,0,1,0,0,18,0,26,44,18,26,STTHOM,STTHOM,65,,
149797,Grif Wurtz,S,0,,2025,1129,77.1,60,,,,D03,0,1,1,0,0,0,0,1,1,0,STTHOM,STTHOM,60.3,70.4,
149800,Shea Albrecht,G,0,,2025,1129,55.9,78,65.7,,54.1,77,0,1,0,18,0,0,34,52,18,34,STTHOM,STTHOM,,,
149804,Aiden Carlson,WR,0,,2025,1129,67.8,70.6,,,74.6,88,0,1,0,0,0,0,8,8,0,8,STTHOM,STTHOM,,,
149806,Nick Flaskamp,LB,0,,2025,1129,60,60,63.8,,,D36,0,1,0,1,0,0,0,1,1,0,STTHOM,STTHOM,,,
149813,Jason Laliberte Jr.,T,0,,2026,1129,67.4,76.9,86.1,,61.9,67,0,1,0,20,0,0,40,60,20,40,STTHOM,STTHOM,,,
149815,IBK Mafe,DI,0,,2026,1129,60,60,63.8,,,D28,2,1,0,1,0,0,0,1,1,0,STTHOM,STTHOM,,,
149821,Landon Reed,TE,0,,2025,1129,60.8,75.1,73.6,59.2,60.1,32,0,1,0,3,1,0,17,21,4,17,STTHOM,STTHOM,,,
149823,Langston Robinson,C,0,,2025,1129,63.6,79.1,80.8,,60.1,66,0,1,0,19,0,0,40,59,19,40,STTHOM,STTHOM,,,
149824,Shawn Shipman,HB,0,,2025,345,60,66,0,60,,20,1,1,0,1,1,0,0,2,2,0,W ILLINOIS,W ILLINOIS,,,
149827,Brock Stanek,T,0,,2025,1129,56.9,76.2,73.5,,53.6,76,0,1,0,19,0,0,40,59,19,40,STTHOM,STTHOM,,,
149832,Javin Whatley,WR,0,,2026,137,63.1,77.5,,61.8,66.8,06,0,1,0,0,31,0,35,66,31,35,CHATTNOOGA,CHATTNOOGA,66.2,,
149834,Reggie Davis,HB,0,,2026,137,68.4,77.2,32.8,61,59.9,03,0,1,0,6,7,27,2,42,13,29,CHATTNOOGA,CHATTNOOGA,42.3,,68.2
149836,Christian Anderson,T,0,,2027,104,62.5,76.8,82.3,,50.3,58,0,1,0,44,0,0,26,70,44,26,ALAB A&M,ALAB A&M,,,
149847,Javonte Graves-Billips,WR,0,,2026,139,67.7,73.8,,65.2,62.1,00,0,1,0,0,18,1,13,32,18,14,CITADEL,CITADEL,65.3,,63.2
149848,Mike Bartilucci,C,0,,2026,139,65.4,79.4,80.9,,61.6,57,0,1,0,20,0,0,44,64,20,44,CITADEL,CITADEL,,,
149852,Cole England,TE,0,,2025,139,54.8,71.4,68.5,59.2,55.5,49,0,1,0,1,1,0,14,16,2,14,CITADEL,CITADEL,,,
149864,Chris Iverson,DI,0,,2026,139,60,64.5,,,59.5,D93,0,1,0,0,0,0,2,2,0,2,CITADEL,CITADEL,,,
149892,Jace Wilson,QB,0,,2026,313,63.3,76.3,,,60,16,0,1,26,0,0,8,25,59,26,33,TEXAS STHN,TEXAS STHN,71.4,59.7,63
149944,Quincy Crittendon,QB,0,,2026,282,79.2,77,,,60,02,1,1,47,0,0,6,18,71,47,24,SAMFORD,SAMFORD,71.7,80.2,63.2
149970,Hunter Rice,HB,0,,2025,336,54.9,75,84.3,58.5,60,24,0,1,0,6,6,6,2,20,12,8,VA MILT IN,VA MILT IN,70.7,,53.2
149975,Tommy Inge,G,0,,2026,336,61.8,0,65.5,,71.5,55,3,1,0,31,0,0,24,55,31,24,VA MILT IN,VA MILT IN,,,
149980,Tyriq Poindexter,T,0,,2027,336,80.9,76.5,75.9,,79.8,77,1,1,0,31,0,0,24,55,31,24,VA MILT IN,VA MILT IN,,,
149982,Trace Pedigo,WR,0,,2026,336,45.6,73.6,,46.5,60.5,11,0,1,0,0,10,0,8,18,10,8,VA MILT IN,VA MILT IN,,,
149993,Max Cullen,TE,0,,2026,336,60,65.7,,,60,85,0,1,0,0,0,0,2,2,0,2,VA MILT IN,VA MILT IN,,,
150005,Branson Adams,HB,0,,2028,344,79.3,76.1,49.3,62,73.4,02,0,1,0,10,29,10,0,49,39,10,W CAROLINA,W CAROLINA,73.2,,86
150006,Brayden Blackmon,TE,0,,2026,344,43.2,74.8,26.7,50.5,46.1,86,0,1,0,3,14,0,4,21,17,4,W CAROLINA,W CAROLINA,,,
150016,Anthony Garcia,C,0,,2025,350,61,78.8,69.3,,58.5,50,0,1,0,26,0,0,26,52,26,26,WOFFORD,WOFFORD,,,
150026,Julio Del Jesus,C,0,,2026,350,60,67.2,0,,60,72,0,1,0,1,0,0,1,2,1,1,WOFFORD,WOFFORD,,,
150033,Kyle Watkins,WR,0,,2025,350,66.1,77.7,,67.4,60.9,81,0,1,0,0,22,1,23,46,22,24,WOFFORD,WOFFORD,66,,57.6
150042,Matthew Clayton,ED,0,,2026,350,60,60,,,60,D14,0,1,0,0,0,0,1,1,0,1,WOFFORD,WOFFORD,,,
150047,Josh Harris,ED,0,,2026,350,60,60,,,60,D53,0,1,0,0,0,0,1,1,0,1,WOFFORD,WOFFORD,,,
150096,Juan Gonzales,C,0,,2026,297,59.6,79.4,72.6,,56.8,62,0,1,0,29,0,0,35,64,29,35,SOUTHERN U,SOUTHERN U,,,
150097,Jalen Johnson,WR,0,,2026,177,55,77.2,,54.6,60.7,02,0,1,0,0,19,0,22,41,19,22,GRAMBLING,GRAMBLING,70.1,,
150100,Cameron Foster,T,0,,2026,297,29.9,0,15.5,,47.6,72,2,1,0,29,0,0,35,64,29,35,SOUTHERN U,SOUTHERN U,,,
150118,Terry Matthews,WR,0,,2025,243,74.6,78.1,,73.9,61.9,01,0,1,0,0,38,0,27,65,38,27,NICHOLLS,NICHOLLS,71.1,,
150138,Kareame Cotton Jr.,WR,0,,2026,257,52.5,74.5,,59.4,60,07,0,1,16,0,3,4,6,29,19,10,NWSTATE,NWSTATE,69.7,44.1,65.6
150153,Corey Lorio,WR,0,,2026,294,55.2,69.9,,56.1,,19,0,1,0,0,6,0,0,6,6,0,SE LA,SE LA,,,
150168,Holden Kareokowsky,C,0,,2026,294,54.6,80.5,48.4,,55.8,61,0,1,0,54,0,0,33,87,54,33,SE LA,SE LA,,,
150171,Jett Booker,WR,0,,2026,294,60,64.1,,,60,84,0,1,0,0,0,0,1,1,0,1,SE LA,SE LA,,,
150185,Darius Hale,HB,0,,2025,132,44.6,76.4,28,37.2,41.2,04,0,1,0,11,7,9,3,30,18,12,CENT ARK,CENT ARK,24.6,,57.3
150189,Kam Robinson,WR,0,,2026,132,59.9,79.2,,59.6,60.7,03,0,1,0,0,35,0,23,58,35,23,CENT ARK,CENT ARK,64.1,,
150220,Nolan Reynolds,C,0,,2026,1285,49.9,0,64.2,,55,67,2,1,0,46,0,0,23,69,46,23,UTAHTC,UTAHTC,,,
150266,Telly McCallister,HB,0,,2026,159,63.5,66.8,,,60,12,0,1,0,0,0,2,2,4,0,4,E KENTUCKY,E KENTUCKY,65.5,,62.3
150291,Trevor Jaks,T,0,,2025,270,60,64.3,,,60,68,0,1,0,0,0,0,1,1,0,1,PRVIEW A&M,PRVIEW A&M,,,
150341,RJ Carver,HB,0,,2026,204,45.2,69.7,,77.9,64.7,24,0,1,0,0,2,1,5,8,2,6,LAMAR,LAMAR,9.3,,50
150345,Caleb Leonard,G,0,,2026,270,70.2,0,87.8,,72.7,76,1,1,0,23,0,0,21,44,23,21,PRVIEW A&M,PRVIEW A&M,,,
150346,Devin Fregia,T,0,,2026,204,66.3,72.6,73.3,,64.4,62,0,1,0,3,0,0,15,18,3,15,LAMAR,LAMAR,,,
150350,B.J. Williams,C,0,,2026,204,78.9,76.2,77.3,,74.7,75,0,1,0,7,0,0,21,28,7,21,LAMAR,LAMAR,,,
150417,Tavian Morris,WR,0,,2025,244,62.8,79.1,,65.2,46.7,84,0,1,0,0,16,0,24,40,16,24,NORFOLK,NORFOLK,62.9,,
150434,Jeff Woods,G,0,,2025,124,64.5,0,85.2,,65.8,69,1,1,0,26,0,0,26,52,26,26,BRYANT,BRYANT,,,
150441,Joaquin Davis,WR,0,2025,2025,247,59.9,78.4,,59.4,62.4,88,0,1,0,0,30,0,29,59,30,29,NC CENT,NC CENT,65,,
150449,Walker Harris,QB,0,,2026,247,62.6,76.8,,54.3,60,03,0,1,34,0,1,5,29,69,35,34,NC CENT,NC CENT,45.5,63.7,57.5
150463,Kyle Morgan,TE,0,,2026,247,44.8,73.9,73.8,32.9,61.6,84,0,1,0,2,9,0,15,26,11,15,NC CENT,NC CENT,,,
150475,Devin Smith,WR,0,,2025,334,81.4,78.7,,82.5,60.5,22,0,1,0,0,14,0,31,45,14,31,VILLANOVA,VILLANOVA,64.1,,
150482,J'Mari Taylor,HB,0,2026,2026,247,73,76.9,46.8,56.4,60,04,0,1,1,3,31,27,3,65,35,30,NC CENT,NC CENT,78.4,46.8,78.2
150502,Andre Crawley,WR,0,,2025,235,62.2,78.1,,61.7,61.1,10,0,1,0,0,28,0,32,60,28,32,MORGAN ST,MORGAN ST,62.9,,
150517,Joseph Owumi,WR,0,,2026,235,60.7,69.8,,,61,18,0,1,0,0,0,0,6,6,0,6,MORGAN ST,MORGAN ST,,,
150520,Tyler Wilkins,WR,0,,2026,235,33.4,0,,59.3,60,17,1,1,0,0,1,0,1,2,1,1,MORGAN ST,MORGAN ST,,,
150552,Korion Sharpe,G,0,,2026,246,65.4,79.6,88.6,,58.9,59,0,1,0,49,0,0,26,75,49,26,NC A&T,NC A&T,,,
150555,Calvin Cunningham,G,0,,2025,246,62.4,78.4,78.9,,57,67,0,1,0,30,0,0,12,42,30,12,NC A&T,NC A&T,,,
150559,Jason Ivey,T,0,2025,2025,246,58.8,0,82.3,,57.7,77,2,1,0,47,0,0,23,70,47,23,NC A&T,NC A&T,,,
150563,Jamison Warren,WR,0,,2026,246,68.5,76.6,,67.8,61,02,0,1,0,0,25,0,13,38,25,13,NC A&T,NC A&T,65,,
150564,Nicholas Dobson,TE,0,,2025,246,62.7,74.4,70,48.4,74.7,83,0,1,0,4,12,0,14,30,16,14,NC A&T,NC A&T,61,,
150676,Griffin Edwards,TE,0,,2026,301,52.3,73.5,68.7,50.5,57.5,85,0,1,0,2,8,0,14,24,10,14,STF AUSTIN,STF AUSTIN,,,
150679,Robert Keller,T,0,,2026,301,41.7,76.4,39.2,,43.2,71,0,1,0,29,0,0,26,55,29,26,STF AUSTIN,STF AUSTIN,,,
150688,Chris Taylor,WR,0,,2026,301,57.8,71.7,,58.2,59.8,81,0,1,0,0,2,0,6,8,2,6,STF AUSTIN,STF AUSTIN,,,
150714,Carter Cravens,QB,0,,2026,234,62.6,76,,,60,09,0,1,28,0,0,4,23,55,28,27,MOREHEAD,MOREHEAD,29.2,71.1,42.6
150720,Chance Harris,HB,0,,2025,234,55,74.1,79.7,62.2,60,01,0,1,0,6,6,13,1,26,12,14,MOREHEAD,MOREHEAD,74.6,,53.8
150733,Ryan Upp,WR,0,,2026,234,65.8,75.4,,63,76.7,13,0,1,0,0,26,0,22,48,26,22,MOREHEAD,MOREHEAD,66.8,,
150777,Gianni Principato,G,0,,2026,280,62.2,78.9,80.5,,59.8,56,0,1,0,15,0,0,37,52,15,37,SACR HEART,SACR HEART,,,
150781,Evan Scribner,C,0,,2026,280,58.6,0,29.8,,64.5,62,1,1,0,15,0,0,37,52,15,37,SACR HEART,SACR HEART,,,
150805,Robert McMinn,WR,0,,2026,105,61.2,76.2,,53.9,87.6,87,0,1,0,0,16,0,18,34,16,18,ALABAMA ST,ALABAMA ST,69.8,,
150808,Keeundra Salter,T,0,,2026,105,50.7,0,78.4,,59,69,1,1,0,5,0,0,8,13,5,8,ALABAMA ST,ALABAMA ST,,,
150817,Skyler Jordan,WR,0,,2027,152,91.7,69.7,,86.5,59.7,18,0,1,0,0,1,0,4,5,1,4,DELWARE ST,DELWARE ST,61,,
150848,Arelious Dunn,C,0,,2025,105,42.2,0,80.8,,44.2,67,1,1,0,23,0,0,39,62,23,39,ALABAMA ST,ALABAMA ST,,,
150854,Amarie Jones Jr.,TE,0,,2025,119,55.3,74.4,70.8,52.9,56.9,17,0,1,0,1,7,0,8,16,8,8,BETH COOK,BETH COOK,,,
150858,Junior Muratovic,QB,0,,2026,164,53.5,67.4,,,60,07,0,1,2,0,0,0,2,4,2,2,FL A&M,FL A&M,61.8,53.3,
150861,Charles Davis,T,0,,2026,164,59.2,77,50.3,,62.1,62,0,1,0,41,0,0,24,65,41,24,FL A&M,FL A&M,,,
150862,Ricky Taylor,G,0,,2026,164,51.6,0,83.1,,52.3,63,1,1,0,17,0,0,9,26,17,9,FL A&M,FL A&M,,,
150863,TJ Lee,C,0,,2025,164,56.9,79.4,26.8,,65.2,69,0,1,0,41,0,0,24,65,41,24,FL A&M,FL A&M,,,
150875,Michael Marshall,G,0,,2028,164,54.1,77.8,27,,58.5,55,0,1,0,24,0,0,15,39,24,15,FL A&M,FL A&M,,,
150881,Noah Bodden,QB,0,,2026,297,28.4,75.2,,,60,15,0,1,18,0,0,2,24,44,18,26,SOUTHERN U,SOUTHERN U,68.3,28,55.4
150937,Trevonte Rucker,WR,0,,2025,310,65.4,77.1,,68.7,46,01,0,1,1,0,19,0,19,39,20,19,TENN MARTN,TENN MARTN,66.3,58,
150940,Dylan Spencer,C,0,,2026,132,35.7,0,54.1,,38.6,73,2,1,0,35,0,0,25,60,35,25,CENT ARK,CENT ARK,,,
150981,Kirk Ford,T,0,,2025,194,73.6,76.9,84.5,,68,70,0,1,0,26,0,0,38,64,26,38,JACKSON ST,JACKSON ST,,,
151017,Terry Lindsey,HB,0,,2025,119,60.4,70.5,72.7,58.7,,22,0,1,0,1,2,5,0,8,3,5,BETH COOK,BETH COOK,69.7,,60.2
151048,T.J. Lockley,WR,0,,2027,1177,65.7,77.6,,65.4,59.3,03,0,1,0,0,40,0,20,60,40,20,W GEORGIA,W GEORGIA,66.2,,
151128,Tre Peterson,HB,0,,2025,352,83.1,73.8,79,55.3,,00,0,1,0,5,10,10,0,25,15,10,YALE,YALE,73.1,,83.2
151137,Ryan Belk,TE,0,,2025,352,62.7,74.3,62.1,55.7,71.6,88,0,1,0,10,6,0,11,27,16,11,YALE,YALE,61,,
151139,Nathan Denney,HB,0,,2026,352,61.5,71,72.2,60,60,21,0,1,0,2,1,4,1,8,3,5,YALE,YALE,68.6,,60.7
151141,Luke Foster,TE,0,,2025,352,73.3,72.7,69.3,76.7,58.8,80,0,1,0,5,4,0,11,20,9,11,YALE,YALE,61,,
151147,Grant Jordan,QB,0,,2027,352,86.7,76.8,,,60,09,0,1,35,0,0,4,28,67,35,32,YALE,YALE,70.5,86.9,63.9
151153,David Pantelis,WR,0,,2027,352,80.6,76.4,,79.8,62.3,10,0,1,0,0,32,0,29,61,32,29,YALE,YALE,71.1,,
151158,Mason Shipp,WR,0,,2026,352,66.9,77.6,,66.2,62.6,01,0,1,0,0,32,0,27,59,32,27,YALE,YALE,66.7,,
151159,Connor Smith,C,0,,2025,352,79.7,79.6,82,,74.5,61,0,1,0,35,0,0,32,67,35,32,YALE,YALE,,,
151161,Sean Sullivan,G,0,,2026,352,69,79.9,68.9,,68.6,60,0,1,0,35,0,0,32,67,35,32,YALE,YALE,,,
151198,Derek Simmons,T,0,,2026,344,73.7,78.3,83.8,,63.4,66,0,1,0,68,0,0,21,89,68,21,W CAROLINA,W CAROLINA,,,
151215,Q'Daryius Jennings,HB,0,,2026,236,68.6,73.4,,58.9,58,29,0,1,0,0,14,7,7,28,14,14,MURRAY ST,MURRAY ST,71.6,,72.2
151235,Henry Kofowo,G,0,,2026,236,58.2,76.7,56.3,,57.6,77,0,1,0,15,0,0,21,36,15,21,MURRAY ST,MURRAY ST,,,
151237,Rodreques Boller,T,0,,2026,236,58.6,73.2,50.7,,59.4,75,0,1,0,10,0,0,13,23,10,13,MURRAY ST,MURRAY ST,,,
151296,Casey McKinney,WR,0,,2026,240,56.9,70.9,,57.6,59,01,0,1,0,0,4,0,3,7,4,3,NEW HAMP,NEW HAMP,,,
151710,Diu Dau,T,0,,2027,152,26.6,74.1,0,,42.5,75,0,1,0,22,0,0,12,34,22,12,DELWARE ST,DELWARE ST,,,
151718,NyGhee Lolley,WR,0,,2026,152,52.6,77.9,,52.7,56.4,03,0,1,0,0,32,0,24,56,32,24,DELWARE ST,DELWARE ST,63.6,,
151719,Joe Maxwell III,T,0,,2026,152,63,75.8,39.3,,67.8,76,0,1,0,16,0,0,11,27,16,11,DELWARE ST,DELWARE ST,,,
152587,Jacquez Jones,WR,0,,2025,244,71.4,74.3,,72.6,48.8,03,1,1,0,0,15,0,19,34,15,19,NORFOLK,NORFOLK,65.7,,
152773,Sam Hill,G,1,,2026,184,67.9,78.6,45.2,,70.5,74,1,1,0,26,0,0,36,62,26,36,HOWARD,HOWARD,,,
153278,Savion Sims,WR,0,,2025,313,58.9,70.8,,59.1,60.2,02,0,1,0,0,2,0,3,5,2,3,TEXAS STHN,TEXAS STHN,,,
153292,Romon Copeland,WR,0,,2025,116,66.4,78.3,,67.4,61.6,01,0,1,1,0,43,3,25,72,44,28,AUSTINPEAY,AUSTINPEAY,71.1,53.9,60.1
153302,Tyler McDuffie,T,0,,2026,178,70.5,78,59.4,,70.4,77,0,1,0,32,0,0,50,82,32,50,HAMPTON,HAMPTON,,,
153305,TK Paisant,TE,0,,2027,178,69.7,76.8,70,75.6,55.8,10,0,1,0,1,11,0,29,41,12,29,HAMPTON,HAMPTON,62.9,,
153308,Tymere Robinson,HB,0,,2025,178,67.5,75.9,18.2,54.9,58.1,35,0,1,0,2,11,16,6,35,13,22,HAMPTON,HAMPTON,75.5,,69.8
153312,Ja'Quan Snipes,HB,0,,2026,178,70.5,76.1,73,61.6,70,31,0,1,0,2,14,17,5,38,16,22,HAMPTON,HAMPTON,75.9,,68.8
153319,Chris Zellous,QB,0,,2026,178,48.2,75.3,,59.5,60,01,0,1,12,0,1,6,23,42,13,29,HAMPTON,HAMPTON,25.2,54.8,50.1
153461,Aidan Corning,T,0,,2026,161,43.2,76.1,0,,53.4,73,0,1,0,19,0,0,40,59,19,40,E WASHGTON,E WASHGTON,,,
153930,Daemon Dawkins,WR,0,,2025,112,65.7,75,,64.9,62.4,01,0,1,0,0,15,0,16,31,15,16,ARKAPB,ARKAPB,63.6,,
153940,C.J. Van Buren,G,0,,2027,112,55.9,79.3,76.1,,51.8,77,0,1,0,27,0,0,30,57,27,30,ARKAPB,ARKAPB,,,
153942,Kevin English,TE,0,,2026,112,45.1,77.7,75.5,41,54.7,85,0,1,0,9,14,0,25,48,23,25,ARKAPB,ARKAPB,,,
153951,Joe Crifasi,WR,0,,2026,133,54.6,74.6,,54.4,60.6,18,0,1,0,0,10,0,12,22,10,12,CENT CT ST,CENT CT ST,,,
153957,Alec Ambrosia,G,1,,2026,133,58.9,80.4,75.7,,53.8,72,1,1,0,45,0,0,31,76,45,31,CENT CT ST,CENT CT ST,,,
153962,Isiah Williams,WR,0,,2025,184,69.3,78.2,,67.4,62.2,00,0,1,0,0,25,1,27,53,25,28,HOWARD,HOWARD,67.4,,63.2
153963,Michael Plaskon,WR,0,,2026,133,72.7,0,,72.4,77.5,10,2,1,0,0,22,0,15,37,22,15,CENT CT ST,CENT CT ST,69.3,,
153967,Peter Cleary,TE,0,,2026,133,56,77.2,68.2,52.8,62.7,87,0,1,0,2,30,0,22,54,32,22,CENT CT ST,CENT CT ST,63.6,,
153995,Trejon Spiller,WR,0,,2025,270,63.8,77.2,,63.6,60.1,10,0,1,0,0,17,0,26,43,17,26,PRVIEW A&M,PRVIEW A&M,61,,
154004,Luis Chavarria,C,0,,2026,183,62.8,74.1,75.6,,60.7,75,0,1,0,6,0,0,9,15,6,9,HOUCHR,HOUCHR,,,
154029,Chandler Muller,G,0,,2025,290,44.6,75.9,67.4,,42.4,62,0,1,0,13,0,0,14,27,13,14,SCAR STATE,SCAR STATE,,,
154034,Jordan Smith,WR,0,,2026,290,68.9,70.9,,63.6,83.3,13,0,1,0,0,9,0,4,13,9,4,SCAR STATE,SCAR STATE,61,,
154041,Kai Holloway,WR,0,,2026,277,54.8,72.6,,55.1,60.7,01,0,1,0,0,8,0,5,13,8,5,ROB MORRIS,ROB MORRIS,,,
154188,Jeff Caldwell,WR,0,2026,2026,949,54.8,78,,53.8,61.9,01,0,1,0,0,13,0,31,44,13,31,LNDNWD,LNDNWD,61,,
154203,Darrin Fugitt,TE,0,,2027,949,68.3,75.8,69.6,70.3,61.9,86,0,1,0,4,7,0,32,43,11,32,LNDNWD,LNDNWD,61,,
154204,Robert Giaimo,HB,0,,2027,949,76.8,71.5,,57.1,60,21,0,1,0,0,4,5,1,10,4,6,LNDNWD,LNDNWD,69.7,,75.9
154210,Abe Haerr,TE,0,,2026,949,70.6,75.7,11.1,70.8,66.6,84,0,1,0,1,12,0,29,42,13,29,LNDNWD,LNDNWD,61,,
154217,Ethan Johnson,C,0,,2025,949,68.6,0,80.2,,68.3,74,2,1,0,20,0,0,34,54,20,34,LNDNWD,LNDNWD,,,
154234,Adel Mountassir,G,0,,2027,949,64.9,79.2,58.6,,64.6,77,0,1,0,20,0,0,34,54,20,34,LNDNWD,LNDNWD,,,
154267,Gareth Warren,T,0,2025,2025,949,69.1,76.4,83.9,,63.9,78,1,1,0,20,0,0,34,54,20,34,LNDNWD,LNDNWD,,,
154439,Robert Carter Jr.,CB,0,2026,2026,277,61.9,66.1,,61.8,,D03,0,1,0,0,2,0,0,2,2,0,ROB MORRIS,ROB MORRIS,61,,
154715,Cole Hoskyns,TE,0,,2025,171,52,73.1,,52.8,55.4,83,0,1,0,0,6,0,14,20,6,14,GARD-WEBB,GARD-WEBB,,,
154736,Darius Fox,G,0,,2025,184,54.7,0,78.8,,54.6,52,1,1,0,26,0,0,36,62,26,36,HOWARD,HOWARD,,,
154739,Nah'Shawn Hezekiah,WR,0,,2025,295,60,77.6,,59,58.4,11,0,1,0,0,26,3,21,50,26,24,S ILLINOIS,S ILLINOIS,68.8,,62.1
154740,Jamal Hines,T,0,,2025,184,51.5,76.3,40.1,,54.5,50,0,1,0,26,0,0,36,62,26,36,HOWARD,HOWARD,,,
154746,Robert Jones III,CB,0,,2025,184,57.2,64.1,,58.9,,D01,0,1,0,0,1,0,0,1,1,0,HOWARD,HOWARD,,,
154754,Xavier Robiou,S,0,,2025,184,57.2,64.8,,58.9,,D12,0,1,0,0,1,0,0,1,1,0,HOWARD,HOWARD,,,
154755,Jamel Stewart,DI,0,,2025,184,67.1,64.9,,79.8,,D10,0,1,0,0,1,0,0,1,1,0,HOWARD,HOWARD,61,,
154758,Montrell Walker,TE,0,,2026,184,76.2,71.5,,59.2,75.7,88,0,1,0,0,1,0,10,11,1,10,HOWARD,HOWARD,,,
154768,ShunDerrick Powell,HB,0,2025,2025,132,65.3,74.6,80.2,56.5,60,27,0,1,0,8,11,14,1,34,19,15,CENT ARK,CENT ARK,74.8,,65.3
155205,Cee Chosen,WR,0,,2026,317,58.4,67.3,,59.6,60,02,0,1,0,0,1,0,1,2,1,1,TOWSON,TOWSON,,,
155217,Jon Fagley,C,0,,2026,124,63.5,75.1,78.5,,59.7,54,0,1,0,13,0,0,5,18,13,5,BRYANT,BRYANT,,,
155242,Jeremiah Frazier,G,0,,2026,105,62.3,0,74,,64.5,78,1,1,0,22,0,0,37,59,22,37,ALABAMA ST,ALABAMA ST,,,
155258,Ross Pedro,LS,0,,2026,295,60,60,,,60,S44,0,1,0,0,0,0,1,1,0,1,S ILLINOIS,S ILLINOIS,,,
155264,Hunter Smith,G,0,,2026,401,58.1,80.3,83.9,,52.9,60,0,1,0,35,0,0,39,74,35,39,TARLETON,TARLETON,,,
155277,Ryan Iiams,G,0,,2026,150,60.4,4,83.9,,59.1,56,1,1,0,39,0,0,30,69,39,30,DAYTON,DAYTON,,,
155299,Marqeese Dietz,WR,0,,2026,106,62.8,77.2,,58.8,59.9,04,0,1,0,0,21,2,4,27,21,6,ALBANY,ALBANY,66.3,,66.8
155366,AJ Barber,WR,0,,2025,272,60.5,78.3,,61.9,35.7,86,0,1,0,0,30,1,16,47,30,17,PRINCETON,PRINCETON,66,,63.1
155372,Luke Colella,WR,0,,2026,272,64.5,77.8,,64.4,61.8,01,0,1,0,0,33,1,16,50,33,17,PRINCETON,PRINCETON,66.5,,59.6
155375,Mac Duda,G,0,,2026,272,51.7,70.7,71.3,,51.1,74,0,1,0,1,0,0,5,6,1,5,PRINCETON,PRINCETON,,,
155377,Jalen Geer,WR,0,,2027,272,63.7,77,,63.2,61.9,08,0,1,0,0,27,0,13,40,27,13,PRINCETON,PRINCETON,64.1,,
155381,Nick Hilliard,G,0,,2026,272,58.7,78.3,81.7,,51.9,79,0,1,0,34,0,0,22,56,34,22,PRINCETON,PRINCETON,,,
155382,Connor Hulstein,TE,0,2026,2026,272,54.3,73.4,,56.1,56.7,03,0,1,0,0,8,0,5,13,8,5,PRINCETON,PRINCETON,61,,
155388,Matthew Mahoney,WR,0,,2026,272,54.8,73.6,,54.8,61.2,10,0,1,0,0,7,0,9,16,7,9,PRINCETON,PRINCETON,,,
155391,Tommy Matheson,G,0,,2026,272,54.9,79.2,55.8,,53.1,76,0,1,0,34,0,0,22,56,34,22,PRINCETON,PRINCETON,,,
155401,Will Reed,T,0,,2027,272,66.1,75.9,79.4,,58,66,0,1,0,34,0,0,22,56,34,22,PRINCETON,PRINCETON,,,
155414,John Volker,HB,0,,2026,272,53.1,73.9,77.9,37.3,59.2,02,0,1,0,5,17,8,4,34,22,12,PRINCETON,PRINCETON,72,,56.8
155505,Jaylen White,HB,0,,2026,244,70.1,69.3,68.1,76.4,60,12,0,1,0,1,3,2,1,7,4,3,NORFOLK,NORFOLK,68,,65.6
155542,Justin Luke,WR,0,,2026,389,60,66.2,,,60,08,0,1,0,0,0,0,2,2,0,2,N ALABAMA,N ALABAMA,65.6,,
155552,Dash Luke,WR,0,,2026,230,78.1,74.4,,75.6,60,01,0,1,0,0,11,0,2,13,11,2,MO STATE,MO STATE,65.8,,
155797,Dylan Boone,TE,0,,2026,290,78.2,70.2,,59.4,82.6,43,0,1,0,0,1,0,6,7,1,6,SCAR STATE,SCAR STATE,,,
155826,Jamie Wilson,LS,0,,2025,171,60,60,,,60,S52,0,1,0,0,0,0,1,1,0,1,GARD-WEBB,GARD-WEBB,,,
155842,Dion Daniels,T,0,,2025,183,50.3,76.7,77.8,,34.8,52,0,1,0,39,0,0,19,58,39,19,HOUCHR,HOUCHR,,,
155843,Nick Bigelow,P,0,,2026,171,60,70.3,,,60,S16,0,1,0,0,0,0,1,1,0,1,GARD-WEBB,GARD-WEBB,,,
155849,Tyrik Daniels,ED,0,,2026,389,60,66,,,59.6,D45,0,1,0,0,0,0,2,2,0,2,N ALABAMA,N ALABAMA,,,
155872,Nigel Brown,DI,0,,2025,271,60,64.9,,,60,D33,0,1,0,0,0,0,1,1,0,1,PRESBYTERN,PRESBYTERN,,,
155884,Reese Dykstra,TE,0,,2025,1298,47.6,0,69.6,59.8,57,36,1,1,0,2,1,0,11,14,3,11,LIUSHAR,LIUSHAR,,,
155918,Remiello Thomas,TE,0,,2026,228,66,71,67.8,,63.9,89,0,1,0,1,0,0,12,13,1,12,MS VLY ST,MS VLY ST,,,
155922,Adrian Green,WR,0,,2026,183,65.9,71.9,,65,61.4,09,0,1,0,0,8,0,8,16,8,8,HOUCHR,HOUCHR,61,,
155969,Tyion Berry,WR,0,,2026,132,69.8,73.1,,68.7,60,01,0,1,0,0,13,0,4,17,13,4,CENT ARK,CENT ARK,62.9,,
155988,Luke Beltavski,C,0,,2026,277,57.9,79.7,72.5,,54.2,67,0,1,0,38,0,0,32,70,38,32,ROB MORRIS,ROB MORRIS,,,
156041,Elijah Bass,T,0,,2025,139,58.7,66.6,,64.2,,29,0,1,0,0,1,1,0,2,1,1,CITADEL,CITADEL,62.5,,58.3
156044,DJ Moffett,HB,0,,2025,104,58.4,71.8,0,61.6,59.2,30,0,1,0,1,6,5,2,14,7,7,ALAB A&M,ALAB A&M,71,,61.7
156050,Antuan Wells,G,0,,2026,119,58.4,79.2,69,,55.3,79,0,1,0,26,0,0,27,53,26,27,BETH COOK,BETH COOK,,,
156096,Billy Thursland,C,0,,2026,1139,71.3,79.9,85.3,,64.3,51,0,1,0,53,0,0,20,73,53,20,TXAMEA,TXAMEA,,,
156180,Sam Martin Jr.,S,0,,2027,338,60,63.8,,,60,D02,0,1,0,0,0,0,1,1,0,1,WAGNER,WAGNER,61.9,,
156259,Eric Weatherly,WR,0,,2027,125,68.9,76.6,,68.2,61.8,02,0,1,0,0,32,0,17,49,32,17,BUCKNELL,BUCKNELL,65,,
156261,Mehki Wall,WR,0,,2028,247,59.3,70.3,,55,80.8,11,0,1,0,0,6,0,4,10,6,4,NC CENT,NC CENT,,,
156289,Jimmy Casey,TE,0,,2028,280,64,77.2,64.5,50.5,72.8,81,0,1,0,1,12,0,31,44,13,31,SACR HEART,SACR HEART,,,
156308,Antonio Martin,HB,0,,2027,294,56.9,77.5,77.9,58.3,60,22,0,1,0,9,28,17,2,56,37,19,SE LA,SE LA,75.9,,55.6
156355,Taelen Brooks,HB,0,,2026,277,59.6,67.4,,58.7,60,36,0,1,0,0,2,0,1,3,2,1,ROB MORRIS,ROB MORRIS,,,
156428,Cael Vanderbush,TE,0,,2027,191,60.1,66,64.8,,60,16,0,1,0,1,0,0,2,3,1,2,INDIANA ST,INDIANA ST,,,
156502,Rashad Rochelle,WR,0,2026,2026,191,78.3,78.2,,74.9,61.6,08,0,1,0,0,19,1,15,35,19,16,INDIANA ST,INDIANA ST,69.4,,63.4
156521,Ace Cobb,WR,0,,2029,164,61.5,77.1,,61,62.4,05,0,1,0,0,25,0,14,39,25,14,FL A&M,FL A&M,62.9,,
156533,T.J. Smith,QB,0,,2026,389,61,77.6,,,60.6,02,0,1,45,0,0,5,25,75,45,30,N ALABAMA,N ALABAMA,40.7,59.8,61.1
156570,Caleb Billiot,C,0,,2027,257,49,79.9,20.8,,59.1,50,0,1,0,44,0,0,27,71,44,27,NWSTATE,NWSTATE,,,
156599,Jaylen Ward,WR,0,,2027,164,63.1,72.8,,58,75.3,03,0,1,0,0,2,0,8,10,2,8,FL A&M,FL A&M,,,
156611,Isaiah Villanueva,C,0,,2027,194,67.9,77.3,78.6,,64.4,72,0,1,0,12,0,0,25,37,12,25,JACKSON ST,JACKSON ST,,,
156648,Maximus Pulley,S,0,2026,2026,350,60,65,,,60,D02,0,1,0,0,0,0,1,1,0,1,WOFFORD,WOFFORD,,,
156675,Rian Black,WR,0,,2027,274,40.8,69.9,,44.4,60.2,16,0,1,0,0,3,0,3,6,3,3,RHODE ISLD,RHODE ISLD,,,
156690,KZ Adams,HB,0,,2027,290,57.5,70.4,,55.4,,17,0,1,0,0,6,4,0,10,6,4,SCAR STATE,SCAR STATE,68.6,,58.7
156757,Tyler Hatcher,TE,0,,2027,178,47.1,75,,54.2,46.2,08,0,1,0,0,8,0,23,31,8,23,HAMPTON,HAMPTON,61,,
156790,Isaiah Gordon,HB,0,,2028,135,55.2,71.8,37.1,58.2,58.7,02,0,1,0,3,2,4,3,12,5,7,CHARLES SO,CHARLES SO,68.6,,57.4
156793,DeMarcus McElroy,HB,0,,2028,299,64.6,75.3,76.1,64,,12,0,1,0,2,17,11,0,30,19,11,ST FRANCIS,ST FRANCIS,73.6,,63.8
156795,Trent Fraley,C,0,,2027,250,60.6,76.2,63.1,,59.7,63,0,1,0,9,0,0,17,26,9,17,N DAK ST,N DAK ST,,,
156804,Cam Pedro,WR,0,,2027,293,61.2,78.5,,60.9,61,00,0,1,0,0,57,0,19,76,57,19,SE MO ST,SE MO ST,68.5,,
156806,Sean Sallis,TE,0,,2029,1139,91.4,75.7,71.4,93.5,48.7,83,0,1,0,3,11,0,10,24,14,10,TXAMEA,TXAMEA,65,,
156807,Caden Burti,WR,0,,2027,106,70.9,74.3,,69.7,60.9,19,0,1,0,0,11,0,8,19,11,8,ALBANY,ALBANY,61,,
156815,Jackson Marshall,LB,0,,2030,171,58.2,60,,,,D11,0,1,0,0,0,1,0,1,0,1,GARD-WEBB,GARD-WEBB,62.5,,59.3
156864,Jameson Holcomb,QB,0,,2027,236,29.8,72,,,60,12,0,1,8,0,0,3,7,18,8,10,MURRAY ST,MURRAY ST,8.9,59.7,28.3
157209,Joey Treccia,C,0,,2027,345,60.9,80.6,64.1,,58.1,54,0,1,0,66,0,0,24,90,66,24,W ILLINOIS,W ILLINOIS,,,
157481,Cam'Ron McCoy,QB,0,,2028,194,75,73,,,60,06,0,1,7,0,0,5,12,24,7,17,JACKSON ST,JACKSON ST,69.7,65,71.7
157514,Vance Van Every,C,0,,2025,310,63.9,0,82.9,,64,55,1,1,0,24,0,0,23,47,24,23,TENN MARTN,TENN MARTN,,,
157566,Quaron Adams,WR,1,,2027,291,57.9,74.8,,57.9,60,04,1,1,0,0,21,0,4,25,21,4,S DAKOTA,S DAKOTA,61,,
157587,Nate Glantz,QB,0,,2026,949,81.2,76,,,60,18,0,1,20,0,0,8,26,54,20,34,LNDNWD,LNDNWD,71.7,76.7,70.3
157600,Greg Gaines III,WR,0,,2027,274,58.1,77.7,,57.6,61.9,08,0,1,0,0,25,0,25,50,25,25,RHODE ISLD,RHODE ISLD,64.1,,
157629,Ryder MacGillivray,WR,0,,2025,253,57.2,68.4,,59.7,58.2,84,0,1,0,0,1,0,2,3,1,2,N COLORADO,N COLORADO,,,
157658,Devin Farrell,QB,0,,2027,274,82.2,76.6,,,60.5,07,0,1,26,0,0,8,24,58,26,32,RHODE ISLD,RHODE ISLD,71.8,84.3,62.8
157701,Chernet Estes,WR,0,,2027,1285,48.4,0,60.9,54.8,61,81,1,1,0,1,7,0,6,14,8,6,UTAHTC,UTAHTC,,,
157872,Caeleb Schlachter,TE,0,,2029,159,43.2,71.9,,57.1,35.9,89,0,1,0,0,3,0,8,11,3,8,E KENTUCKY,E KENTUCKY,,,
157967,Johnny Martin,HB,0,,2027,303,62.7,70,,57.2,,00,0,1,0,0,3,5,0,8,3,5,STNY BROOK,STNY BROOK,69.7,,63.1
157980,Steven Johnson,QB,0,,2026,157,60,63.6,,,60,09,0,1,0,0,0,0,1,1,0,1,E TENN ST,E TENN ST,,,
157984,Micah Bell,HB,0,,2027,219,60,72.4,72.7,58.3,58.3,27,0,1,0,1,2,3,4,10,3,7,MERCER,MERCER,67.3,,60.3
158041,Toriano Tate,S,0,,2027,345,60,60,,,60,21,0,1,0,0,0,0,1,1,0,1,W ILLINOIS,W ILLINOIS,65.6,,
158044,Nevan Cremascoli,QB,0,,2027,291,46.9,65.5,,,,13,0,1,0,0,0,2,0,2,0,2,S DAKOTA,S DAKOTA,9.8,,53.3
158146,Jeff Weimer,WR,0,2026,2026,186,70.4,0,,70.5,72.9,06,1,1,0,0,44,0,29,73,44,29,IDAHO ST,IDAHO ST,66.2,,
158161,Nate Anderson,WR,0,,2026,125,53.6,77.1,,55.6,39.4,17,0,1,0,0,37,0,25,62,37,25,BUCKNELL,BUCKNELL,64.1,,
158220,Chase Miller,WR,0,,2027,1470,57.2,78.2,,56.8,60.4,18,0,1,0,0,30,0,24,54,30,24,STHLSK,STHLSK,63.6,,
158357,Nate Lewis,G,0,,2027,116,58.9,78.7,78,,52.5,68,0,1,0,41,0,0,22,63,41,22,AUSTINPEAY,AUSTINPEAY,,,
158519,Cole Pruett,WR,0,,2027,161,59.7,71.9,,,58.9,83,0,1,0,0,0,0,7,7,0,7,E WASHGTON,E WASHGTON,,,
158691,Myles Burkett,QB,0,,2030,106,60.6,21,,,60.3,05,1,1,39,0,0,2,26,67,39,28,ALBANY,ALBANY,69.8,59.1,64.8
158764,Tyler Leinberger,C,0,,2027,178,58.9,0,78.2,,61.1,64,1,1,0,11,0,0,29,40,11,29,HAMPTON,HAMPTON,,,
158797,Rambo Mageo,T,0,,2028,1285,43.6,76.9,29.6,,50.1,78,0,1,0,46,0,0,23,69,46,23,UTAHTC,UTAHTC,,,
158816,Tye Edwards,HB,0,,2026,255,72.6,75,70.8,52,60,02,0,1,0,1,20,20,1,42,21,21,N IOWA,N IOWA,76.7,,74.9
158955,Wesley Garrett,WR,0,,2027,161,60.5,78.4,,60,61.1,13,0,1,0,0,21,0,41,62,21,41,E WASHGTON,E WASHGTON,64.1,,
158966,Jack Layne,QB,0,,2027,185,65.3,76.6,,,60,02,0,1,34,0,0,3,27,64,34,30,IDAHO,IDAHO,70,65.2,59.7
158967,Jordan Dwyer,WR,0,,2027,185,70.6,79.1,,66.3,89.9,06,0,1,0,0,33,0,36,69,33,36,IDAHO,IDAHO,67.3,,
158971,Trais Higgins,WR,0,,2027,185,56.1,69.7,,56.9,60,05,0,1,0,0,4,0,1,5,4,1,IDAHO,IDAHO,,,
158975,Jack Foster,T,0,,2027,185,64.1,77,83.8,,55.9,55,0,1,0,34,0,0,40,74,34,40,IDAHO,IDAHO,,,
158979,Ayden Knapik,T,0,,2026,185,71.3,77.6,78.3,,66.2,75,0,1,0,34,0,0,40,74,34,40,IDAHO,IDAHO,,,
159007,Eli Gillman,HB,0,,2027,232,75.9,74.2,,88.6,67.3,10,0,1,0,0,15,11,3,29,15,14,MONTANA,MONTANA,73.7,,70.4
159009,Ian Finch,TE,0,,2027,232,78.2,70.4,,75.7,60.1,82,0,1,0,0,2,0,7,9,2,7,MONTANA,MONTANA,61,,
159100,Bryant Ward,HB,0,,2025,162,65.4,64.5,,,,D35,0,1,0,0,0,2,0,2,0,2,ELON,ELON,65.5,,63.5
159106,William Lankford,WR,0,,2027,162,60.1,70.8,,,59.8,07,0,1,0,0,0,0,6,6,0,6,ELON,ELON,,,
159110,Carlos Moore,T,0,,2027,162,57.8,75.7,78.4,,45.7,78,0,1,0,31,0,0,21,52,31,21,ELON,ELON,,,
159119,Tim Hogan,G,1,,2027,162,52,0,21.8,,64.2,65,2,1,0,31,0,0,21,52,31,21,ELON,ELON,,,
159121,Landyn Backey,WR,0,,2027,162,47,72.6,,47.9,59,03,0,1,0,0,4,0,8,12,4,8,ELON,ELON,,,
159122,Cody Hardy,TE,0,2026,2026,162,63,74.8,71.3,48.7,75.8,87,0,1,0,3,14,0,15,32,17,15,ELON,ELON,61.9,,
159126,Jack Boutaugh,G,0,,2027,212,60,68.5,73.5,,,64,0,1,0,3,0,0,0,3,3,0,MAINE,MAINE,,,
159129,Ayden Pereira,QB,0,,2027,385,85.5,76.7,,,60,13,0,1,24,0,0,9,32,65,24,41,MERRIMACK,MERRIMACK,32.8,78.8,74
159162,Peyton Strickland,TE,0,,2028,240,57.2,73.4,69.8,56.8,57.5,86,0,1,0,3,4,0,10,17,7,10,NEW HAMP,NEW HAMP,,,
159164,Colby Ramshaw,TE,0,,2027,240,62.6,74.5,65.3,62.5,59.2,85,0,1,0,1,12,0,15,28,13,15,NEW HAMP,NEW HAMP,61,,
159170,Myles Thomason,HB,0,,2027,240,71.9,0,75.6,76.7,59.6,23,1,1,0,2,27,22,3,54,29,25,NEW HAMP,NEW HAMP,77.3,,70.6
159171,D.J. Linkins,WR,0,,2028,309,85.2,76.6,,83.6,62.3,10,0,1,0,0,19,0,16,35,19,16,TENN TECH,TENN TECH,64.1,,
159173,Barry Kleinpeter,QB,0,,2028,240,50.9,76.9,,,60,11,0,1,32,0,0,12,26,70,32,38,NEW HAMP,NEW HAMP,41,46,59.8
159174,Quanye Veney,WR,0,,2028,276,56.4,74.7,,53.4,55,03,0,1,0,0,10,1,22,33,10,23,RICHMOND,RICHMOND,62.5,,63.2
159175,Ashten Snelsire,QB,0,,2028,276,76.5,72.4,,,60,18,0,1,5,0,0,0,13,18,5,13,RICHMOND,RICHMOND,63.8,76.3,
159176,Phillip Gray,T,0,,2027,276,63.9,0,85.6,,65.7,73,1,1,0,10,0,0,27,37,10,27,RICHMOND,RICHMOND,,,
159177,Parker Mitchell,T,0,,2027,276,77.1,73.4,81.4,,73.2,76,0,1,0,11,0,0,16,27,11,16,RICHMOND,RICHMOND,,,
159178,Sean Clarke,TE,0,,2027,276,68.5,77,76.9,59.8,70.9,87,0,1,0,2,16,0,39,57,18,39,RICHMOND,RICHMOND,62.9,,
159179,Aiden Mack,TE,0,,2026,276,54.3,73.2,66.9,56,55.6,88,0,1,0,2,3,0,16,21,5,16,RICHMOND,RICHMOND,,,
159183,Trey Mancuso,WR,0,,2026,276,56.2,76.2,,55,61.9,82,0,1,0,0,6,0,21,27,6,21,RICHMOND,RICHMOND,,,
159212,Zay Perkins,WR,0,,2026,317,60.4,74.1,,60.2,60.5,19,0,1,0,0,14,0,4,18,14,4,TOWSON,TOWSON,61,,
159218,Tyler Hughes,QB,0,,2028,348,29.7,71.2,,,60,06,0,1,10,0,0,1,3,14,10,4,WM & MARY,WM & MARY,66.5,29.9,52.2
159224,Kadin Lynch,G,0,,2027,348,61.9,79.6,68.1,,59.6,72,0,1,0,35,0,0,26,61,35,26,WM & MARY,WM & MARY,,,
159227,Carson Jenkins,WR,0,,2028,348,58.5,66.3,,59.7,60,14,0,1,0,0,1,0,1,2,1,1,WM & MARY,WM & MARY,69.7,,
159230,Sean McElwain,TE,0,,2028,348,43.5,75.3,,42.7,54.8,87,0,1,0,0,25,0,19,44,25,19,WM & MARY,WM & MARY,64.1,,
159250,Mark Chapman,C,0,,2027,145,66.8,80.2,75,,62.3,55,0,1,0,53,0,0,26,79,53,26,COLUMBIA,COLUMBIA,,,
159254,Noah Jordan,T,0,,2027,145,54.8,77.3,40.4,,61.4,77,0,1,0,53,0,0,26,79,53,26,COLUMBIA,COLUMBIA,,,
159256,Edan Stagg,WR,0,,2026,145,44.3,74.9,,42.8,58.7,13,0,1,0,0,17,2,7,26,17,9,COLUMBIA,COLUMBIA,66.3,,61.1
159257,Jordan Kelley,WR,0,,2028,145,57.7,79,,57.5,59.9,19,0,1,0,0,37,0,19,56,37,19,COLUMBIA,COLUMBIA,13.7,,
159262,Ethan Hebb,WR,0,,2026,145,58.7,66.9,,59.7,60,10,0,1,0,0,1,0,2,3,1,2,COLUMBIA,COLUMBIA,,,
159274,Parker Woodring,WR,0,,2026,147,58.4,79.1,,58.2,60.6,13,0,1,0,0,52,0,17,69,52,17,CORNELL,CORNELL,62.9,,
159275,Doryn Smith,WR,0,,2026,147,72.7,77.3,,71.2,70,18,0,1,0,0,40,0,15,55,40,15,CORNELL,CORNELL,67.1,,
159280,Ty Short,G,0,,2026,147,71.3,78.9,85.1,,68.9,65,0,1,0,37,0,0,14,51,37,14,CORNELL,CORNELL,,,
159282,Keegan Opper,C,0,,2026,147,60,67.5,73.7,,,70,0,1,0,2,0,0,0,2,2,0,CORNELL,CORNELL,,,
159290,James Reinbold,ED,0,,2027,147,60,63.3,,60,,D32,0,1,0,0,1,0,0,1,1,0,CORNELL,CORNELL,,,
159296,Kevin Ma,C,0,,2026,147,61,79.7,68.3,,56.9,69,1,1,0,53,0,0,17,70,53,17,CORNELL,CORNELL,,,
159302,Chris Corbo,TE,0,,2027,148,57.7,76.7,68,64.2,48.1,26,0,1,0,2,9,0,19,30,11,19,DARTMOUTH,DARTMOUTH,61,,
159305,Ivan Hoyt,WR,0,,2027,149,68.8,77.6,,68.1,61.8,03,0,1,0,0,22,0,18,40,22,18,DAVIDSON,DAVIDSON,65.7,,
159309,Desmin Jackson,HB,0,,2027,148,64.1,71.9,,61.3,59.7,25,0,1,0,0,4,6,3,13,4,9,DARTMOUTH,DARTMOUTH,70.7,,63.7
159311,D.J. Crowther,HB,0,,2027,148,64.3,72.5,70.3,56.5,60,15,0,1,0,2,3,8,2,15,5,10,DARTMOUTH,DARTMOUTH,71.9,,64.3
159313,Delby Lemieux,T,0,2026,2026,148,78.2,11,62.8,,81.2,75,1,1,0,16,0,0,39,55,16,39,DARTMOUTH,DARTMOUTH,,,
159314,Grayson O'Bara,WR,0,,2027,148,58.2,74.6,,57.8,60.7,19,0,1,0,0,2,0,15,17,2,15,DARTMOUTH,DARTMOUTH,,,
159315,Daniel Haughton,WR,0,,2027,148,57.2,77.2,,54.1,74.8,11,0,1,0,0,15,0,25,40,15,25,DARTMOUTH,DARTMOUTH,61,,
159319,Sean Ward,TE,0,,2027,148,78.5,74.2,70,78.5,69.4,89,0,1,0,2,3,0,25,30,5,25,DARTMOUTH,DARTMOUTH,61,,
159325,Caydon Coffman,WR,0,,2026,179,61.3,71.2,,,62.1,15,0,1,0,0,0,0,13,13,0,13,HARVARD,HARVARD,,,
159328,Dean Boyd,WR,0,,2026,179,57.3,74.4,,56.5,63.1,02,0,1,0,0,4,0,14,18,4,14,HARVARD,HARVARD,,,
159330,Aidan Kilstrom,G,0,,2027,179,64.4,78.8,76.2,,61.3,52,0,1,0,37,0,0,28,65,37,28,HARVARD,HARVARD,,,
159333,Cooper Barkate,WR,0,,2027,179,63.8,78.2,,65,44.4,18,1,1,0,0,37,0,15,52,37,15,HARVARD,HARVARD,66.7,,
159336,Derek Osman,T,0,,2028,179,72.8,76.1,76.3,,68.6,55,0,1,0,32,0,0,26,58,32,26,HARVARD,HARVARD,,,
159342,Jaden Craig,QB,0,,2027,179,93.7,75.7,,,60,01,0,1,37,0,0,0,14,51,37,14,HARVARD,HARVARD,68.8,93.3,61.7
159367,Kai Rios,TE,0,,2027,191,35.6,74.8,69.4,54.1,38.5,88,0,1,0,4,6,0,25,35,10,25,INDIANA ST,INDIANA ST,,,
159369,Rocco Ciocca,TE,0,,2027,191,59.6,69.2,67.9,,58.7,80,0,1,0,1,0,0,2,3,1,2,INDIANA ST,INDIANA ST,,,
159371,Plez Lawrence,HB,0,,2028,191,58.3,74.4,68.1,61,56.8,01,0,1,0,1,6,17,3,27,7,20,INDIANA ST,INDIANA ST,75.8,,58.7
159372,Shane O'Mara,G,0,,2025,191,61.7,79.1,79.1,,58.8,54,0,1,0,26,0,0,42,68,26,42,INDIANA ST,INDIANA ST,,,
159374,Alex Todt,T,0,,2027,191,65.6,0,78.1,,67.1,75,1,1,0,22,0,0,22,44,22,22,INDIANA ST,INDIANA ST,,,
159377,Zavion Taylor,WR,0,,2026,191,54.3,76.1,,53.9,61.4,04,0,1,0,0,19,0,18,37,19,18,INDIANA ST,INDIANA ST,64.6,,
159379,Kevin Barnett,WR,0,,2025,191,47.6,78.9,,46.8,58.8,00,0,1,0,0,22,0,34,56,22,34,INDIANA ST,INDIANA ST,,,
159420,Matthew Schecklman,QB,0,,2027,255,81.8,77.3,,,60,03,0,1,38,0,0,5,32,75,38,37,N IOWA,N IOWA,71,81.9,63.1
159423,Brady McCullough,TE,0,,2027,255,43.8,74.1,,44.4,59,83,0,1,0,0,10,0,3,13,10,3,N IOWA,N IOWA,61,,
159444,Chase Mason,QB,0,,2027,292,53.4,69.8,,60.5,,07,0,1,1,0,1,4,0,6,2,4,S DAK ST,S DAK ST,69,60.4,53.9
159446,Pat Bowen,HB,0,,2026,1298,60.3,76.3,77.3,70,56.9,04,0,1,0,4,10,12,9,35,14,21,LIUSHAR,LIUSHAR,74.1,,58.1
159449,Luca Stanzani,QB,0,,2027,1298,75.7,66.4,,,,11,0,1,2,0,0,0,0,2,2,0,LIUSHAR,LIUSHAR,61.8,77.3,
159483,Connor Van Tassell,T,0,,2027,299,64.8,75.7,80.4,,57.2,67,0,1,0,29,0,0,23,52,29,23,ST FRANCIS,ST FRANCIS,,,
159485,Mason Imbt,G,0,,2027,299,61,79,85.4,,55.2,62,0,1,0,29,0,0,23,52,29,23,ST FRANCIS,ST FRANCIS,,,
159490,Nick Whitfield Jr.,QB,0,,2027,299,35,10.9,,,60,06,1,1,27,0,0,1,17,45,27,18,ST FRANCIS,ST FRANCIS,68.5,34.4,62.4
159507,Quasean Holmes,HB,0,,2026,171,62,75,,59.8,60,03,0,1,0,0,12,11,1,24,12,12,GARD-WEBB,GARD-WEBB,73.7,,62.2
159542,Franklin Simms,DI,0,,2026,338,60,60,,,60,D99,0,1,0,0,0,0,1,1,0,1,WAGNER,WAGNER,,,
159545,Joseph Taikina,LS,0,,2026,338,60,60,,,60,S48,0,1,0,0,0,0,1,1,0,1,WAGNER,WAGNER,,,
159546,Arman Kabuli,T,0,,2026,338,46,70.4,,,45.9,74,0,1,0,0,0,0,7,7,0,7,WAGNER,WAGNER,,,
159547,Derek Burrell,WR,0,,2027,338,59.1,65.9,,60,60,19,0,1,0,0,1,0,1,2,1,1,WAGNER,WAGNER,,,
159550,Zach Palmer-Smith,HB,0,,2026,276,72.7,72.7,83.3,80.3,71.5,09,0,1,0,3,6,12,2,23,9,14,RICHMOND,RICHMOND,74,,65.8
159559,David Lonergan,HB,0,,2026,338,66.6,65.4,,,,27,0,1,0,0,0,2,0,2,0,2,WAGNER,WAGNER,65.5,,64.7
159563,Prinz Guitian,G,0,,2027,338,58.8,76.9,78.2,,57.3,54,0,1,0,6,0,0,32,38,6,32,WAGNER,WAGNER,,,
159584,Van Keen,C,0,,2027,353,60.2,79.2,66.3,,58.7,67,0,1,0,22,0,0,40,62,22,40,YNGTOWN ST,YNGTOWN ST,,,
159592,Kevin Conway,QB,0,,2027,158,60,66.6,,,60,16,0,1,0,0,0,0,3,3,0,3,E ILLINOIS,E ILLINOIS,,,
159596,Johnathan Arellano,T,0,,2026,158,58.6,67.2,,,57,75,0,1,0,0,0,0,3,3,0,3,E ILLINOIS,E ILLINOIS,,,
159597,Carson Fichtel,C,0,,2027,158,59.6,68.7,,,55.2,65,0,1,0,0,0,0,3,3,0,3,E ILLINOIS,E ILLINOIS,,,
159606,Alex Ginnever,TE,0,,2027,158,43.5,78.2,50.7,40.1,63.6,87,0,1,0,11,46,0,15,72,57,15,E ILLINOIS,E ILLINOIS,62.9,,
159618,Paxton DeLaurent,QB,0,,2025,293,63.7,77.8,,,60,10,0,1,62,0,0,4,20,86,62,24,SE MO ST,SE MO ST,53.6,63.5,58.5
159622,Kobe Sixkiller,C,0,,2025,293,62.2,14.7,70.1,,62.3,69,1,1,0,62,0,0,24,86,62,24,SE MO ST,SE MO ST,,,
159630,Kyron Downing,WR,0,,2028,293,60.4,71.6,,60.4,,17,0,1,0,0,6,0,0,6,6,0,SE MO ST,SE MO ST,64.6,,
159634,Jamarcus Hill,T,0,,2027,293,66.4,78.2,76.5,,55.9,72,0,1,0,62,0,0,24,86,62,24,SE MO ST,SE MO ST,,,
159635,Nolan Reed,TE,0,,2027,293,60,65,,,60,43,0,1,0,0,0,0,2,2,0,2,SE MO ST,SE MO ST,,,
159646,Rashad Turner,T,0,,2027,293,70.3,77.6,85.9,,55.9,77,0,1,0,62,0,0,24,86,62,24,SE MO ST,SE MO ST,,,
159685,Garrett Smith,C,0,,2027,310,59.4,72.4,67.7,,59.1,68,0,1,0,1,0,0,8,9,1,8,TENN MARTN,TENN MARTN,,,
159694,Austin Bray,TE,0,,2027,353,52.8,75.2,,51.3,58.1,85,0,1,0,0,10,0,21,31,10,21,YNGTOWN ST,YNGTOWN ST,,,
159713,Terayon Sweet,HB,0,,2027,310,65.7,63.5,,,,25,0,1,0,0,0,1,0,1,0,1,TENN MARTN,TENN MARTN,62.5,,63.5
159715,Josh Gary,WR,0,,2026,125,56,80.1,,55.6,62.3,03,0,1,0,0,38,0,26,64,38,26,BUCKNELL,BUCKNELL,65,,
159726,John Ohnegian,C,0,,2027,125,78.4,79.4,83.1,,73.4,78,1,1,0,39,0,0,27,66,39,27,BUCKNELL,BUCKNELL,,,
159727,Charlie Kreinbucher,TE,0,,2026,125,56,0,67.1,66,49.6,82,1,1,0,3,23,0,24,50,26,24,BUCKNELL,BUCKNELL,62.9,,
159740,Dean DeNobile,QB,0,,2027,203,79.1,76.6,,54.3,60,16,0,1,38,0,1,2,23,64,39,25,LAFAYETTE,LAFAYETTE,69.8,81.7,56.3
159741,Jamar Curtis,HB,0,,2028,203,67.5,76.9,68.7,61.1,58.8,05,0,1,0,10,26,18,5,59,36,23,LAFAYETTE,LAFAYETTE,76.2,,68.6
159745,Brian Baucia,G,0,,2026,203,71.5,80.2,88.2,,68.4,66,0,1,0,40,0,0,32,72,40,32,LAFAYETTE,LAFAYETTE,,,
159746,Reed Collins,G,0,,2027,203,50.6,6.6,42.8,,56,70,1,1,0,37,0,0,30,67,37,30,LAFAYETTE,LAFAYETTE,,,
159747,Spencer Adams,C,0,,2028,203,66.9,75.7,83.6,,64.3,74,0,1,0,14,0,0,13,27,14,13,LAFAYETTE,LAFAYETTE,,,
159750,Dallas Holmes,TE,0,,2028,203,54.5,80.5,18.9,59.2,53,09,0,1,0,5,34,0,32,71,39,32,LAFAYETTE,LAFAYETTE,62.9,,
159763,Geoffrey Jamiel,WR,0,,2026,205,66.9,78.4,,66.5,62.1,09,0,1,0,0,24,0,42,66,24,42,LEHIGH,LEHIGH,65.4,,
159766,Langston Jones,G,0,,2026,205,80.9,79,84.1,,79.7,60,0,1,0,24,0,0,45,69,24,45,LEHIGH,LEHIGH,,,
159770,Aidan Palmer,T,0,,2027,205,60.3,77.2,46,,62,79,0,1,0,24,0,0,45,69,24,45,LEHIGH,LEHIGH,,,
159771,Jaden Wimberly,WR,0,,2027,178,60.6,71.4,,,60.8,04,0,1,0,0,0,0,6,6,0,6,HAMPTON,HAMPTON,,,
159772,Nick Williams,TE,0,,2026,205,45.9,75,19.7,50.3,53.2,85,0,1,0,2,10,0,30,42,12,30,LEHIGH,LEHIGH,,,
159794,Camden Overton-Howard,TE,0,,2026,171,50.2,78.5,,46.9,62.6,00,0,1,0,0,33,0,27,60,33,27,GARD-WEBB,GARD-WEBB,61,,
159795,Luke Schomburg,QB,0,,2027,137,60,67.4,,,60,17,0,1,0,0,0,0,4,4,0,4,CHATTNOOGA,CHATTNOOGA,,,
159836,CJ Miller,HB,0,,2029,219,70.2,73.1,74.1,58.8,60,22,0,1,0,2,2,10,2,16,4,12,MERCER,MERCER,73.1,,66.6
159839,Cedric Richardson,G,0,,2026,1177,51.9,74.1,46.1,,51.9,50,0,1,0,16,0,0,8,24,16,8,W GEORGIA,W GEORGIA,,,
159847,Sawyer Burt,TE,0,,2027,219,80.1,70.8,69.4,87.3,62.4,85,0,1,0,3,2,0,12,17,5,12,MERCER,MERCER,61,,
159896,Chauncey Spikes,WR,0,,2026,247,54.2,79.1,,55.3,49.3,00,0,1,0,0,34,0,33,67,34,33,NC CENT,NC CENT,62.9,,
159898,Luke Bracey,TE,0,,2027,247,67.4,75.8,69.3,49.5,75.3,83,0,1,0,5,12,0,31,48,17,31,NC CENT,NC CENT,,,
159899,Noah McKinney,C,0,,2026,247,74.8,79.6,85.2,,69,62,1,1,0,35,0,0,34,69,35,34,NC CENT,NC CENT,,,
159900,Taron Williams,T,0,,2027,247,54.8,76.6,29.4,,62.5,70,0,1,0,29,0,0,30,59,29,30,NC CENT,NC CENT,,,
159901,Trevon Humphrey,T,0,,2027,247,76.4,76.7,76.2,,73,55,0,1,0,35,0,0,34,69,35,34,NC CENT,NC CENT,,,
159904,Dante Thompson,G,0,,2026,277,64.5,80,72.8,,62.1,70,0,1,0,38,0,0,32,70,38,32,ROB MORRIS,ROB MORRIS,,,
159919,Jake Bobbin,G,0,,2026,277,60.1,79.1,85.6,,53.8,61,0,1,0,38,0,0,32,70,38,32,ROB MORRIS,ROB MORRIS,,,
159921,Trevor Wilson,TE,0,,2027,277,38.2,0,,,47.8,87,1,1,0,0,0,0,10,10,0,10,ROB MORRIS,ROB MORRIS,,,
159923,Zach Tanner,QB,0,,2027,277,90.2,70.4,,,60,17,0,1,5,0,0,5,1,11,5,6,ROB MORRIS,ROB MORRIS,69.7,89.1,67.9
159925,Garrison Curry,TE,0,,2027,271,53.1,67.1,,61.7,50.8,14,0,1,0,0,2,0,2,4,2,2,PRESBYTERN,PRESBYTERN,61,,
159927,Nate Garnett Jr.,WR,0,,2028,234,86.5,78.1,,83.7,74.7,81,0,1,0,0,22,0,13,35,22,13,MOREHEAD,MOREHEAD,67.5,,
159939,Cole Gonzales,QB,0,,2027,344,78.7,77.7,,,60,09,0,1,63,0,0,0,21,84,63,21,W CAROLINA,W CAROLINA,70.4,74.6,71.1
159944,Malik Knight,WR,0,,2027,344,64.8,74.5,,64.1,60,07,0,1,0,0,19,0,3,22,19,3,W CAROLINA,W CAROLINA,62.9,,
159947,AJ Colombo,WR,0,,2027,344,68.2,78,,66.9,73.1,00,0,1,0,0,55,0,15,70,55,15,W CAROLINA,W CAROLINA,68.9,,
159994,Dylan Djete,WR,0,,2026,350,54.6,76.1,,54.4,60.4,04,0,1,0,0,20,0,15,35,20,15,WOFFORD,WOFFORD,61,,
159995,Rickie Shaw II,WR,0,,2027,350,55.3,73.6,,56,60,06,0,1,0,0,6,0,1,7,6,1,WOFFORD,WOFFORD,,,
159997,Kyle Parsons,HB,0,,2026,350,61.1,77.3,74.9,56.3,60,28,0,1,0,2,5,4,3,14,7,7,WOFFORD,WOFFORD,68.6,,61
160006,Bryson Dickerson,TE,0,,2026,1177,54.6,77.7,,55.4,52.1,10,0,1,0,0,21,0,13,34,21,13,W GEORGIA,W GEORGIA,64.1,,
160008,RJ Brunson,CB,0,,2027,350,60,60,,,60,D23,0,1,0,0,0,0,1,1,0,1,WOFFORD,WOFFORD,,,
160011,Jalen Marshall,LB,0,,2027,350,60,60,,,60,D06,0,1,0,0,0,0,1,1,0,1,WOFFORD,WOFFORD,,,
160013,Jon Schaffer,LB,0,,2027,350,60,60,,,60,D40,0,1,0,0,0,0,1,1,0,1,WOFFORD,WOFFORD,,,
160026,King Ambers,CB,0,,2025,1139,60,60,,,60,D08,1,1,0,0,0,0,1,1,0,1,TXAMEA,TXAMEA,,,
160028,Mitchell McGarry,P,0,,2025,1139,60,70.3,,,60,S33,0,1,0,0,0,0,1,1,0,1,TXAMEA,TXAMEA,,,
160032,Brock Nellor,QB,0,,2025,1139,60,60,,,60,41,0,1,0,0,0,0,1,1,0,1,TXAMEA,TXAMEA,,,
160039,Jaden Proctor,WR,0,,2027,1139,57.3,78.7,,57.3,59.4,03,0,1,0,0,34,0,4,38,34,4,TXAMEA,TXAMEA,65,,
160040,Dawson Hearne,TE,0,,2026,401,49.3,77.6,66.7,53.6,48.3,88,0,1,0,17,10,0,38,65,27,38,TARLETON,TARLETON,61,,
160059,Chandler Donaway,G,0,,2028,1139,58.2,73.3,48.5,,60,52,0,1,0,12,0,0,1,13,12,1,TXAMEA,TXAMEA,,,
160074,Caleb Sims,ED,0,,2026,1139,60,60,,,60,D97,0,1,0,0,0,0,1,1,0,1,TXAMEA,TXAMEA,,,
160083,Peyton Ellis,T,0,,2027,1139,59.9,73.8,59.8,,58.4,69,0,1,0,25,0,0,6,31,25,6,TXAMEA,TXAMEA,,,
160084,Josiah Kennard,LS,0,,2026,1139,60,60,,,60,S44,0,1,0,0,0,0,1,1,0,1,TXAMEA,TXAMEA,,,
160098,Jadin Jones,T,0,,2026,1139,75.5,77.8,83.4,,67.7,77,0,1,0,60,0,0,18,78,60,18,TXAMEA,TXAMEA,,,
160100,Nonso Omezi,G,0,,2028,183,51.5,0,57.5,,53.8,73,1,1,0,32,0,0,18,50,32,18,HOUCHR,HOUCHR,,,
160106,Jaden Rios,CB,0,,2026,1139,57.7,64.9,,,,D09,0,1,0,0,0,1,0,1,0,1,TXAMEA,TXAMEA,62.5,,59.3
160117,Rodeo Graham Jr.,HB,0,,2026,294,56.6,70.7,,56.7,,30,0,1,0,0,5,4,0,9,5,4,SE LA,SE LA,69.2,,57.3
160131,Kaleb Proctor,DI,0,2026,2026,294,60,60,63.8,,,D48,0,1,0,1,0,0,0,1,1,0,SE LA,SE LA,,,
160134,Ke'Nard King,WR,0,,2025,257,58.7,75.3,,58.6,59.7,04,0,1,0,0,25,0,11,36,25,11,NWSTATE,NWSTATE,63.6,,
160173,Kameran Senegal,WR,0,,2028,217,56.1,76.7,,56.3,59,16,0,1,0,0,39,0,5,44,39,5,MCNEESE,MCNEESE,65.7,,
160174,Jo'Shon Barbie,HB,0,,2027,217,62.1,76.7,28.7,58.7,60,25,0,1,0,4,20,13,1,38,24,14,MCNEESE,MCNEESE,74.4,,63.9
160183,Cole LeClair,G,0,,2025,217,56.4,80.5,69,,50.5,61,0,1,0,52,0,0,25,77,52,25,MCNEESE,MCNEESE,,,
160187,Hayes Creel,T,0,,2027,217,67.4,77.3,84.2,,54.8,75,0,1,0,52,0,0,25,77,52,25,MCNEESE,MCNEESE,,,
160188,Greg Knox III,T,0,,2027,217,59.1,24.2,81.1,,51.1,79,1,1,0,52,0,0,25,77,52,25,MCNEESE,MCNEESE,,,
160191,Tyronne Hayes,TE,0,,2026,217,40.8,0,64.5,50.9,49.5,41,2,1,0,1,10,0,20,31,11,20,MCNEESE,MCNEESE,,,
160211,Quaterius Hawkins,QB,0,,2025,257,59.1,75.2,,,60,08,0,1,28,0,0,3,13,44,28,16,NWSTATE,NWSTATE,69.7,56,64.1
160213,Covadis Knighten,TE,0,,2026,177,66.5,74,68.4,76.5,56.5,18,0,1,0,1,5,0,25,31,6,25,GRAMBLING,GRAMBLING,61,,
160214,Dedrick Talbert,HB,0,,2025,177,62.4,71.8,71.5,71.6,60,24,0,1,0,1,2,5,2,10,3,7,GRAMBLING,GRAMBLING,69.7,,59.6
160261,Marcus Harris II,HB,0,,2027,105,63.6,71.3,70,,59,26,0,1,0,1,0,3,6,10,1,9,ALABAMA ST,ALABAMA ST,67.3,,62.9
160263,Bakari Dailey,WR,0,,2028,105,55.8,72.9,,55.7,61,84,0,1,0,0,5,0,9,14,5,9,ALABAMA ST,ALABAMA ST,,,
160281,Ethan Vazquez,G,0,,2027,1139,68.6,78.4,85.9,,64.5,62,0,1,0,39,0,0,18,57,39,18,TXAMEA,TXAMEA,,,
160324,Dylan Walker,TE,0,,2026,106,53.6,74,72.3,59.2,51.7,86,0,1,0,3,1,0,16,20,4,16,ALBANY,ALBANY,,,
160339,Chad Mascoe II,QB,0,,2026,131,76.1,71.6,,,60,02,0,1,8,0,0,1,5,14,8,6,CAMPBELL,CAMPBELL,65.9,84.6,55.5
160356,VJ Wilkins,WR,0,,2027,131,61.8,75.9,,58.9,62.5,21,0,1,0,0,22,3,24,49,22,27,CAMPBELL,CAMPBELL,69.1,,64.7
160362,Seth Adams,TE,0,,2026,294,54.8,72.3,63.8,54.2,56.6,88,0,1,0,1,4,0,19,24,5,19,SE LA,SE LA,,,
160399,Anthony Rucker,TE,0,,2027,246,51.3,76,71.5,50.7,53.9,82,0,1,0,4,22,0,14,40,26,14,NC A&T,NC A&T,62.9,,
160410,Eli Brickhandler,QB,0,,2026,183,43.3,73.6,,,60,03,0,1,18,0,0,4,5,27,18,9,HOUCHR,HOUCHR,69.6,40.2,57.2
160424,Joshua George,TE,0,,2026,246,55.9,71,64.5,59.2,56.4,88,0,1,0,1,1,0,6,8,2,6,NC A&T,NC A&T,,,
160451,Jaylan Sanchez,WR,0,,2026,334,50.2,0,,62,59.3,05,1,1,0,0,12,1,28,41,12,29,VILLANOVA,VILLANOVA,64.3,,48.9
160458,Ryan Corbett,WR,0,,2025,142,60,67.3,,,59.9,87,0,1,0,0,0,0,2,2,0,2,COLGATE,COLGATE,,,
160460,Nick Dalessandro,T,0,,2027,142,55.8,67.6,,,55,59,0,1,0,0,0,0,3,3,0,3,COLGATE,COLGATE,,,
160464,Brady Hutchison,WR,0,,2026,142,65.5,78.1,,64.8,62.4,14,0,1,0,0,29,0,20,49,29,20,COLGATE,COLGATE,66.8,,
160469,Marco Maldonado,HB,0,,2026,142,49.7,75.4,50.8,64.8,60,04,0,1,0,10,15,17,1,43,25,18,COLGATE,COLGATE,18.3,,49.1
160472,Mason Mozo,TE,0,,2026,142,53.9,72.3,65.6,55.8,55.4,98,0,1,0,1,4,0,10,15,5,10,COLGATE,COLGATE,,,
160478,Miles Salinas,T,0,,2026,142,59,65.8,,,57.2,73,0,1,0,0,0,0,2,2,0,2,COLGATE,COLGATE,,,
160481,Jariyah Sawyer,WR,0,,2026,142,51.1,77.1,,51,59.6,19,0,1,0,0,26,1,16,43,26,17,COLGATE,COLGATE,67.8,,59.6
160482,Dave Thomson,TE,0,,2026,142,49.7,73.6,37.6,53.8,54,90,0,1,0,2,6,0,14,22,8,14,COLGATE,COLGATE,64.2,,
160483,Max Walters,WR,0,,2026,142,60,66.2,,,60,84,0,1,0,0,0,0,2,2,0,2,COLGATE,COLGATE,,,
160531,Eden James,HB,0,,2027,184,64.1,74.8,40.4,63.9,49.4,05,0,1,0,3,8,11,11,33,11,22,HOWARD,HOWARD,73.6,,66.5
160532,Cam May,T,0,,2028,184,60,73.8,27.4,,65.5,56,0,1,0,10,0,0,17,27,10,17,HOWARD,HOWARD,,,
160535,Noah Miles,ED,0,,2026,184,60,63.5,64.4,,,D91,0,1,0,1,0,0,0,1,1,0,HOWARD,HOWARD,,,
160545,Ja'Shawn Scroggins,QB,0,,2027,184,77.2,76.3,,,60,07,0,1,26,0,0,9,25,60,26,34,HOWARD,HOWARD,72.2,65.9,77.5
160547,Breylin Smith,WR,0,,2026,184,56.6,78.3,,57.8,60.5,06,0,1,0,0,21,1,17,39,21,18,HOWARD,HOWARD,64.3,,57.5
160572,Caleb Tillman,WR,0,,2027,234,55.8,75.1,,56.8,56.3,03,0,1,0,0,4,0,12,16,4,12,MOREHEAD,MOREHEAD,,,
160589,Miles Marshall,TE,0,,2028,295,41.6,74.6,,49.7,44.1,47,0,1,0,0,11,0,21,32,11,21,S ILLINOIS,S ILLINOIS,,,
160669,Jonathan Tejada,G,0,,2026,152,60,64.4,,,60,57,0,1,0,0,0,0,1,1,0,1,DELWARE ST,DELWARE ST,,,
160754,Asa Wondeh,WR,0,,2025,310,54.5,73.6,,54.9,60.6,03,0,1,0,0,6,0,5,11,6,5,TENN MARTN,TENN MARTN,,,
160760,Joanes Fortilien,WR,0,,2027,194,64.8,0,,69.6,61.4,16,2,1,0,0,24,0,36,60,24,36,JACKSON ST,JACKSON ST,64.1,,
160768,Emari Matthews,HB,0,,2027,194,77.9,72.1,74.9,56.5,60,49,0,1,0,3,4,7,1,15,7,8,JACKSON ST,JACKSON ST,71.3,,76.6
160827,Jason Barnes Jr.,WR,0,,2027,243,53.9,74.4,,54,61.3,23,0,1,0,0,12,0,9,21,12,9,NICHOLLS,NICHOLLS,61,,
160829,Ryan Bernard,G,0,,2027,243,65.5,77.1,81.2,,62.7,76,0,1,0,19,0,0,19,38,19,19,NICHOLLS,NICHOLLS,,,
160847,Tank McMath,WR,0,,2026,243,57.3,70.7,,58,60,17,0,1,0,0,2,0,2,4,2,2,NICHOLLS,NICHOLLS,,,
160850,Scrappy Osby,WR,0,,2027,243,59.8,77.2,,59.4,61.6,80,0,1,0,0,32,0,18,50,32,18,NICHOLLS,NICHOLLS,64.1,,
160852,Robbie Pizzolato,G,0,,2027,243,59.8,76.5,85.5,,54,68,0,1,0,21,0,0,13,34,21,13,NICHOLLS,NICHOLLS,,,
160853,Sameij Scott,T,0,,2027,243,48.8,7.9,75.5,,45.5,66,1,1,0,30,0,0,23,53,30,23,NICHOLLS,NICHOLLS,,,
160903,William Dixon III,T,0,,2027,336,45.2,75.3,21,,54.9,56,0,1,0,27,0,0,19,46,27,19,VA MILT IN,VA MILT IN,,,
160913,Morgan McPhaul,TE,1,,2027,336,68.4,75.2,71.7,56.9,74.8,88,1,1,0,5,7,0,18,30,12,18,VA MILT IN,VA MILT IN,61,,
160917,Luke Schalow,HB,0,,2027,336,56.6,72.7,73.3,57.7,60,21,0,1,0,3,3,6,1,13,6,7,VA MILT IN,VA MILT IN,70.5,,56.7
160924,Ivan Thorpe,WR,0,,2026,336,64.8,74.3,,64.8,60.5,03,0,1,0,0,14,0,7,21,14,7,VA MILT IN,VA MILT IN,69.3,,
160925,Ryan von Brandt,WR,0,,2026,336,55.4,69.2,67.3,60,51.9,18,0,1,0,1,1,0,3,5,2,3,VA MILT IN,VA MILT IN,,,
161150,Cameren Smith,HB,0,,2026,345,66.7,0,65.7,61.4,58,25,1,1,0,20,43,17,7,87,63,24,W ILLINOIS,W ILLINOIS,75.9,,71
161213,Brian Beidatsch,T,0,,2027,155,69.2,10.7,89.8,,68.8,56,1,1,0,34,0,0,27,61,34,27,DUQUESNE,DUQUESNE,,,
161216,Anthony Celletti,G,0,,2026,155,60,67.5,,,60,64,0,1,0,0,0,0,2,2,0,2,DUQUESNE,DUQUESNE,,,
161220,Alex Gochis,WR,0,,2027,155,60.7,70.8,64.5,,60.1,15,0,1,0,1,0,0,4,5,1,4,DUQUESNE,DUQUESNE,,,
161223,Jordan Heisey,QB,0,,2025,155,60.9,65.5,,,,13,0,1,0,0,0,2,0,2,0,2,DUQUESNE,DUQUESNE,65.5,,60.1
161228,Riley Lisgar,WR,0,,2026,155,60,65.3,,,60,17,0,1,0,0,0,0,2,2,0,2,DUQUESNE,DUQUESNE,,,
161245,Xavier Gaillardetz,WR,0,,2027,157,54.8,72.7,,55.3,58.3,19,0,1,0,0,8,0,7,15,8,7,E TENN ST,E TENN ST,69.9,,
161262,Tonorris Brookins II,WR,0,,2025,228,58.4,79,,57.6,62.3,08,0,1,0,0,22,0,34,56,22,34,MS VLY ST,MS VLY ST,61,,
161295,Griffin Caldwell,HB,0,,2027,127,70.4,77.2,70.3,60.1,54.7,27,0,1,0,10,6,2,20,38,16,22,BUTLER,BUTLER,66.3,,74.5
161299,Ethan Loss,WR,0,,2027,127,81.2,77.1,,80,56.4,19,0,1,0,0,13,1,24,38,13,25,BUTLER,BUTLER,65.3,,63.5
161309,Reagan Andrew,QB,0,,2028,127,83.2,75.1,,,60,13,0,1,18,0,0,15,7,40,18,22,BUTLER,BUTLER,74.3,79.2,70.8
161313,Archie Cox,WR,0,,2027,127,57.3,74.2,,56.4,62.2,11,0,1,0,0,5,0,15,20,5,15,BUTLER,BUTLER,64.2,,
161315,Kirk Doskocil,T,0,,2027,127,38.1,72.4,0,,46.4,70,0,1,0,6,0,0,13,19,6,13,BUTLER,BUTLER,,,
161331,Brady Preston,FB,0,,2027,127,60,68.5,,,60.3,87,0,1,0,0,0,0,3,3,0,3,BUTLER,BUTLER,,,
161336,Joseph Bongono,TE,0,,2026,313,59.7,69.6,,58.8,60.4,87,0,1,0,0,2,0,7,9,2,7,TEXAS STHN,TEXAS STHN,,,
161352,Malcolm Jefferies,TE,0,,2027,152,60.1,76.1,70.8,62.5,52.2,85,1,1,0,2,14,0,13,29,16,13,DELWARE ST,DELWARE ST,61,,
161354,Ryan Lee,TE,0,,2026,152,51.1,77.1,67.9,50.5,52.7,89,0,1,0,2,17,0,19,38,19,19,DELWARE ST,DELWARE ST,,,
161356,Avari Marshall,WR,0,,2027,152,60.3,72.1,,55.9,79,15,0,1,0,0,7,0,10,17,7,10,DELWARE ST,DELWARE ST,,,
161363,Joseph Kennerly Jr.,WR,0,,2027,235,53.5,78.8,,52.9,62.9,82,0,1,0,0,29,0,25,54,29,25,MORGAN ST,MORGAN ST,61,,
161365,Daniel Casillas Jr.,C,0,,2027,235,31.8,0,46,,38,74,1,1,0,30,0,0,33,63,30,33,MORGAN ST,MORGAN ST,,,
161371,Tre Alexander,C,0,,2027,274,61.1,79,75.8,,57.8,74,0,1,0,26,0,0,32,58,26,32,RHODE ISLD,RHODE ISLD,,,
161373,Marquis Buchanan,WR,0,,2027,274,65.4,77.4,,65.2,60.3,01,0,1,0,0,26,0,26,52,26,26,RHODE ISLD,RHODE ISLD,65,,
161411,Nolan Hay,T,0,,2027,189,68,76.7,58.8,,69.4,72,1,1,0,37,0,0,30,67,37,30,INCAR WORD,INCAR WORD,,,
161423,Josh McCarter,TE,0,,2027,183,29,74,3.6,52,39,30,0,1,0,1,10,0,11,22,11,11,HOUCHR,HOUCHR,,,
161425,Deuce McMillan,WR,0,,2026,183,59.1,75.8,,61.1,44.3,02,0,1,0,0,29,0,15,44,29,15,HOUCHR,HOUCHR,62.9,,
161433,Christian Va'a,C,0,,2026,137,59.4,69.8,,,59.3,65,0,1,0,0,0,0,4,4,0,4,CHATTNOOGA,CHATTNOOGA,,,
161436,AJ Wilson,WR,0,,2028,183,59.6,76.4,,59.3,61.1,19,0,1,0,0,22,0,10,32,22,10,HOUCHR,HOUCHR,62.9,,
161487,John Anthony Jr.,WR,0,,2027,949,65.5,74.3,,65,59.4,05,0,1,0,0,10,0,10,20,10,10,LNDNWD,LNDNWD,65,,
161495,Drew Krobath,WR,0,,2028,949,55.8,76.1,,52.6,70,08,0,1,0,0,13,0,22,35,13,22,LNDNWD,LNDNWD,,,
161505,Kylan Galbreath,WR,0,,2027,236,70.1,73.6,,69.3,60.4,09,0,1,0,0,11,0,10,21,11,10,MURRAY ST,MURRAY ST,64.6,,
161652,Coleman Kuntz,TE,0,,2028,279,68.3,80,68.3,63.3,69.1,82,0,1,0,12,30,0,38,80,42,38,SACRAMENTO,SACRAMENTO,65.7,,
161659,Torin Baker,HB,0,,2026,309,52.9,70.7,,68.8,,25,0,1,0,0,3,7,0,10,3,7,TENN TECH,TENN TECH,71.5,,51.7
161672,Isaac Knowles,WR,0,,2028,309,57.8,74.1,,56.9,62.9,82,0,1,0,0,3,0,14,17,3,14,TENN TECH,TENN TECH,,,
161682,Elijah Ruiz,G,0,,2028,309,60.2,76.8,52,,60.5,56,0,1,0,14,0,0,15,29,14,15,TENN TECH,TENN TECH,,,
161825,Chason Barber,WR,0,,2028,123,74.3,77.1,,73,61.6,83,0,1,0,0,19,0,12,31,19,12,BROWN,BROWN,65,,
161827,Hayden Bozich,T,0,,2026,123,71.4,78.9,75.5,,67,72,0,1,0,55,0,0,47,102,55,47,BROWN,BROWN,,,
161828,Qwentin Brown,HB,0,,2027,123,70.4,74.2,,54.9,60,32,0,1,0,0,10,6,2,18,10,8,BROWN,BROWN,70.5,,71.5
161834,Dillon Golden,TE,0,,2028,123,65.1,74.6,57.9,50.1,73.7,85,0,1,0,5,11,0,20,36,16,20,BROWN,BROWN,,,
161837,Ty Holtz,TE,0,,2028,123,57.3,68.6,,60,57.1,14,0,1,0,0,2,1,3,6,2,4,BROWN,BROWN,64.3,,59.5
161841,Solomon Miller,WR,0,,2028,123,58.2,79.1,,57.9,60,08,0,1,0,0,41,0,31,72,41,31,BROWN,BROWN,68.2,,
161842,Marco Monteiro,G,0,,2028,123,63,78.1,65.7,,61.8,56,0,1,0,27,0,0,25,52,27,25,BROWN,BROWN,,,
161845,Ty Pezza,TE,0,2026,2028,123,51.1,80.7,71.7,55.3,40.6,19,0,1,0,3,37,0,30,70,40,30,BROWN,BROWN,65,,
161862,Johnny Crawford III,HB,0,,2026,139,62.7,68.6,,,57.4,04,0,1,0,0,0,2,6,8,0,8,CITADEL,CITADEL,65.5,,63.1
161869,Ethan Greenwood,QB,0,,2027,1298,68.4,13.5,,79.5,60,14,2,1,25,0,2,11,17,55,27,28,LIUSHAR,LIUSHAR,73,69.9,62.4
161876,Corey Ibrahim,HB,0,,2027,139,55.4,75.4,74.6,69.6,67.7,42,0,1,0,2,5,8,10,25,7,18,CITADEL,CITADEL,72,,51.2
161881,Ha'Keem Monroe,WR,0,,2027,139,60,64.8,,,60,82,0,1,0,0,0,0,1,1,0,1,CITADEL,CITADEL,,,
161883,Will Ramey,WR,0,,2025,139,60,63.8,,,60,84,0,1,0,0,0,0,1,1,0,1,CITADEL,CITADEL,,,
162050,Paul Geelen,K,0,,2026,295,60,70.3,,,,S97,0,1,0,0,0,1,0,1,0,1,S ILLINOIS,S ILLINOIS,62.5,,60
162113,Ethan Hunt,G,0,,2027,135,69.7,78.7,63.6,,70.4,62,0,1,0,31,0,0,32,63,31,32,CHARLES SO,CHARLES SO,,,
162118,Josiah Lancaster,T,0,,2027,135,65.7,76.4,83.6,,57.8,71,0,1,0,31,0,0,32,63,31,32,CHARLES SO,CHARLES SO,,,
162134,Mike Burton,TE,0,,2027,172,88.1,72,68.3,60,81.4,47,0,1,0,3,1,0,19,23,4,19,GEORGETOWN,GEORGETOWN,,,
162144,Jimmy Kibble,WR,0,2026,2026,172,73.8,79.5,,76,51.2,13,0,1,0,0,26,0,46,72,26,46,GEORGETOWN,GEORGETOWN,65.7,,
162145,Danny Lauter,QB,0,,2027,172,52,77.4,,,60,15,0,1,27,0,0,6,45,78,27,51,GEORGETOWN,GEORGETOWN,71,55.5,49.2
162146,Losini Maka,C,0,,2027,172,65,9,53.9,,67.2,62,1,1,0,27,0,0,51,78,27,51,GEORGETOWN,GEORGETOWN,,,
162147,Max McCormick,TE,0,,2026,172,51.5,74.8,,49.1,56.8,93,0,1,0,0,10,0,25,35,10,25,GEORGETOWN,GEORGETOWN,,,
162154,Keynan Richardson-Cook,WR,0,,2026,172,65.9,73.7,,65.1,60.9,12,0,1,0,0,7,0,9,16,7,9,GEORGETOWN,GEORGETOWN,61,,
162157,Trevor Swan,T,0,,2027,172,68.6,77.8,62.2,,67.3,76,0,1,0,27,0,0,51,78,27,51,GEORGETOWN,GEORGETOWN,,,
162159,Liam Becher,T,1,,2027,249,63.7,77.3,79.3,43.4,66.6,67,1,1,0,30,1,0,38,69,31,38,N DAKOTA,N DAKOTA,,,
162163,Caden Dennis,WR,0,,2026,249,58.8,76,,60,61.8,10,0,1,0,0,16,1,16,33,16,17,N DAKOTA,N DAKOTA,65.3,,57.7
162175,Caleb Olson,G,0,,2027,249,54.1,4,83.6,,53,51,1,1,0,31,0,0,38,69,31,38,N DAKOTA,N DAKOTA,,,
162181,Mason South,TE,0,,2027,249,61.3,76.4,69.5,54.5,62.3,44,0,1,0,3,5,0,20,28,8,20,N DAKOTA,N DAKOTA,,,
162184,Sam Strandell,WR,0,,2027,249,56.1,67.6,,57.5,60,81,0,1,0,0,2,0,1,3,2,1,N DAKOTA,N DAKOTA,,,
162190,Austin Altepeter,LB,0,,2027,250,60,60,,,60,D32,0,1,0,0,0,0,1,1,0,1,N DAK ST,N DAK ST,,,
162194,Caleb Bowers,LS,0,,2027,250,60,60,,,60,S48,0,1,0,0,0,0,1,1,0,1,N DAK ST,N DAK ST,,,
162199,Kellen Entz,WR,0,,2027,250,56.4,70.9,,59.4,55,02,0,1,0,0,1,0,6,7,1,6,N DAK ST,N DAK ST,,,
162201,Darius Givance,S,0,,2028,250,60,65,,,60,D29,0,1,0,0,0,0,1,1,0,1,N DAK ST,N DAK ST,,,
162203,John Gores,WR,0,,2028,250,82.1,70.2,,78.4,60,80,0,1,0,0,5,0,3,8,5,3,N DAK ST,N DAK ST,62.9,,
162204,Nathan Hayes,QB,0,,2028,250,70.4,75.2,,,60,12,0,1,19,0,0,0,26,45,19,26,N DAK ST,N DAK ST,67,69.3,61.6
162211,Luke Kokat,TE,0,,2028,250,44,74.5,,39.1,58.5,44,0,1,0,0,8,0,14,22,8,14,N DAK ST,N DAK ST,,,
162212,Logan Larson,DI,0,,2028,250,60,60,,,60,D94,1,1,0,0,0,0,1,1,0,1,N DAK ST,N DAK ST,,,
162213,Devin Lockerby,G,0,,2027,250,64.6,76.2,68.6,,63.5,69,0,1,0,10,0,0,15,25,10,15,N DAK ST,N DAK ST,,,
162214,Josh Magin,T,0,,2028,250,58.9,71.9,80.6,,54.4,75,0,1,0,6,0,0,11,17,6,11,N DAK ST,N DAK ST,,,
162223,Kaden Zenzen,TE,0,,2028,250,51.7,72.9,,53.1,56.1,40,0,1,0,0,6,0,10,16,6,10,N DAK ST,N DAK ST,,,
162253,Quante Jennings,HB,0,,2026,271,81,74.4,73.6,60.6,,26,0,1,0,2,7,13,0,22,9,13,PRESBYTERN,PRESBYTERN,74.4,,79.5
162256,Dominic Kibby,WR,0,,2026,271,78.9,77.5,,76,81,01,0,1,0,0,27,0,39,66,27,39,PRESBYTERN,PRESBYTERN,64.1,,
162261,Anthony Marin,G,0,,2026,271,69,71.2,72.5,,67.8,63,0,1,0,2,0,0,4,6,2,4,PRESBYTERN,PRESBYTERN,,,
162262,Dru McClough,C,0,,2028,271,66.1,77.6,81.8,,62.3,55,0,1,0,15,0,0,25,40,15,25,PRESBYTERN,PRESBYTERN,,,
162265,Terik Mulder,TE,0,,2027,271,67.6,69.6,,56.3,70.7,89,0,1,0,0,2,0,5,7,2,5,PRESBYTERN,PRESBYTERN,,,
162270,Noah Peterson,G,0,,2026,271,77.5,80.3,88.5,,75.5,66,0,1,0,30,0,0,46,76,30,46,PRESBYTERN,PRESBYTERN,,,
162272,Jayden Pressey,WR,0,,2028,271,53.3,75.1,,53,60.6,02,0,1,0,0,12,0,17,29,12,17,PRESBYTERN,PRESBYTERN,,,
162273,Caleb Rentz,C,0,,2026,271,41.7,77.8,53.9,,43.9,62,1,1,0,17,0,0,25,42,17,25,PRESBYTERN,PRESBYTERN,,,
162282,Brennen Taranto,WR,0,,2026,271,49.8,73.6,,54.8,42,11,0,1,0,0,6,0,8,14,6,8,PRESBYTERN,PRESBYTERN,,,
162299,Elijah Ford,WR,0,,2026,280,55.9,73.1,,56.7,59.5,04,0,1,0,0,3,1,9,13,3,10,SACR HEART,SACR HEART,62.5,,59.5
162308,Will Klenk,TE,0,,2026,280,59.6,66.5,,,59.1,86,0,1,0,0,0,0,3,3,0,3,SACR HEART,SACR HEART,,,
162311,Xavier Leigh,HB,0,,2026,280,66.5,72.3,,66.2,59,08,0,1,0,0,5,6,3,14,5,9,SACR HEART,SACR HEART,70.9,,66
162316,Kevin McGuire,WR,0,,2026,280,66.3,75.6,,63.4,70.8,03,0,1,0,0,8,0,23,31,8,23,SACR HEART,SACR HEART,61,,
162341,Evan Chisolm,WR,0,,2026,401,55.5,69.1,,57,58,18,0,1,0,0,2,0,3,5,2,3,TARLETON,TARLETON,,,
162348,Kurt Hatch,T,0,,2026,401,60,65.4,66,,59.5,59,0,1,0,1,0,0,1,2,1,1,TARLETON,TARLETON,,,
162358,Malik Pete,T,0,,2025,401,66.3,77.6,85.4,,58.5,65,0,1,0,35,0,0,39,74,35,39,TARLETON,TARLETON,,,
162588,Andrew Threatt,T,0,,2027,171,62,76.7,66.1,,58.4,72,0,1,0,33,0,0,25,58,33,25,GARD-WEBB,GARD-WEBB,,,
162637,Omari Allen,G,0,,2027,178,58.8,79.6,53.5,,58.4,75,0,1,0,32,0,0,49,81,32,49,HAMPTON,HAMPTON,,,
162656,Jamari Young,LB,0,,2028,171,60,60,,,60,D44,0,1,0,0,0,0,1,1,0,1,GARD-WEBB,GARD-WEBB,,,
162766,Jake Young,TE,0,,2027,344,48.8,79.5,21.4,51.1,56.5,87,0,1,0,4,49,0,18,71,53,18,W CAROLINA,W CAROLINA,61,,
162932,Donovan Giles,WR,0,,2027,112,66.5,73.8,,66,62,87,0,1,0,0,7,0,13,20,7,13,ARKAPB,ARKAPB,61,,
162954,Zyion Claville,WR,0,,2028,313,54.6,74.3,,54.4,62.5,06,0,1,0,0,11,0,11,22,11,11,TEXAS STHN,TEXAS STHN,,,
163127,Tyler Dostin,TE,0,,2027,310,67.1,74.2,68.3,67.9,59.2,86,0,1,0,2,8,0,6,16,10,6,TENN MARTN,TENN MARTN,62.9,,
163167,Chris Gundy,WR,0,,2027,332,56.6,0,,59.5,61.2,09,1,1,0,0,18,0,18,36,18,18,VALPO,VALPO,62.9,,
163269,Thomas Le Boucher,T,0,,2025,204,69.6,73.8,80,,65.3,76,0,1,0,12,0,0,20,32,12,20,LAMAR,LAMAR,,,
163278,Patrick Williams II,WR,0,,2027,177,46.8,0,,59.1,60.4,04,1,1,0,0,1,0,9,10,1,9,GRAMBLING,GRAMBLING,,,
163458,Torrance Farmer,HB,0,,2026,345,60.1,65.2,74.6,59.9,,09,0,1,0,1,1,0,0,2,2,0,W ILLINOIS,W ILLINOIS,,,
163464,Marquis Harris,TE,0,,2027,177,49.9,72.9,,56.7,51.3,28,0,1,0,0,3,0,9,12,3,9,GRAMBLING,GRAMBLING,,,
163533,Mason Howard,T,0,,2028,350,67.6,71.7,83.2,,59.6,77,0,1,0,11,0,0,4,15,11,4,WOFFORD,WOFFORD,,,
163580,Kobe Williams,T,0,,2026,177,57.6,76.7,68.3,,54.1,75,0,1,0,21,0,0,37,58,21,37,GRAMBLING,GRAMBLING,,,
163672,Davin Wydner,QB,0,,2028,1177,48.4,73.4,,54.3,60,02,0,1,15,0,1,2,7,25,16,9,W GEORGIA,W GEORGIA,12.8,66.8,39.4
163785,Dylan Gary,WR,0,,2028,1177,57.7,77.1,,57.6,59.3,13,0,1,0,0,37,0,19,56,37,19,W GEORGIA,W GEORGIA,62.9,,
163805,Max Dowling,TE,0,,2027,310,93.6,74.2,66,92.5,70.7,87,0,1,0,1,8,0,5,14,9,5,TENN MARTN,TENN MARTN,64.1,,
163869,Erik Gray,C,0,,2027,301,54,78.8,77.7,,49.5,55,0,1,0,29,0,0,26,55,29,26,STF AUSTIN,STF AUSTIN,,,
163875,Luke Shields,WR,0,,2027,309,58.9,68.5,,59.9,60,17,0,1,0,0,1,0,2,3,1,2,TENN TECH,TENN TECH,,,
163878,Treyvhon Saunders,WR,0,2026,2026,142,63.1,78.2,,62.4,60.1,09,0,1,0,0,31,2,22,55,31,24,COLGATE,COLGATE,68.8,,61.6
163879,Walker Adkinson,LS,0,,2027,168,60,60,,,60,S54,0,1,0,0,0,0,1,1,0,1,FORDHAM,FORDHAM,,,
163882,Matt Buron,TE,0,,2027,168,61.6,77.2,67.3,61.6,58.5,85,0,1,0,1,25,0,15,41,26,15,FORDHAM,FORDHAM,62.9,,
163883,Jack Capaldi,QB,0,,2027,168,50.5,74.4,,,60,11,0,1,21,0,0,1,14,36,21,15,FORDHAM,FORDHAM,67.9,53.6,51.7
163889,Will Haslett,K,0,,2026,168,60,70.3,,,,S49,0,1,0,0,0,1,0,1,0,1,FORDHAM,FORDHAM,62.5,,60
163890,Mason Hatfield,HB,0,,2027,168,59.5,66.5,,58.9,60,22,0,1,0,0,2,0,1,3,2,1,FORDHAM,FORDHAM,,,
163892,Jack Kaiser,HB,0,,2026,168,55,67.3,,58.9,,30,0,1,0,0,2,2,0,4,2,2,FORDHAM,FORDHAM,65.5,,56.2
163893,Alex Kemper,CB,0,,2026,168,60,71.8,,,60,D14,1,1,0,0,0,0,1,1,0,1,FORDHAM,FORDHAM,,,
163901,Nick Pasquarella,LB,0,,2026,168,60,60,,,60,D44,0,1,0,0,0,0,1,1,0,1,FORDHAM,FORDHAM,,,
163904,Claudy Robinson,DI,0,,2026,168,60,60,,,60,D90,0,1,0,0,0,0,1,1,0,1,FORDHAM,FORDHAM,,,
163905,Chris Shaw,WR,0,,2026,168,56.3,70.9,,56.9,60,26,0,1,0,0,7,0,1,8,7,1,FORDHAM,FORDHAM,61,,
163921,Max Mosey,WR,0,,2027,181,77.7,76.6,,74,61.2,13,0,1,0,0,18,2,17,37,18,19,HOLY CROSS,HOLY CROSS,67.8,,68.1
163922,Cam Nolan,G,0,,2027,181,60.8,78.6,46.1,,61.8,61,0,1,0,26,0,0,35,61,26,35,HOLY CROSS,HOLY CROSS,,,
163924,John Owens,TE,0,,2027,181,67.3,72.9,64.5,,70.2,47,0,1,0,1,0,0,5,6,1,5,HOLY CROSS,HOLY CROSS,,,
163929,Nathan Schillinger,TE,0,,2026,181,45.4,77.4,71.3,54,44.1,40,0,1,0,5,4,0,22,31,9,22,HOLY CROSS,HOLY CROSS,,,
163930,Sam Slade,HB,0,,2027,181,66,75,76.4,60.5,,26,0,1,0,5,10,9,0,24,15,9,HOLY CROSS,HOLY CROSS,72.6,,65.5
163931,Blake Youngblood,WR,0,,2026,181,51.7,71.5,,58.3,42.8,14,0,1,0,0,2,0,7,9,2,7,HOLY CROSS,HOLY CROSS,,,
163951,Ashton Frye,QB,0,,2027,177,41.9,68.6,,,60,15,0,1,4,0,0,0,2,6,4,2,GRAMBLING,GRAMBLING,63.3,48.3,56.3
163953,Ashton Grable,G,0,,2026,164,51.2,0,64.6,,50.4,71,1,1,0,41,0,0,24,65,41,24,FL A&M,FL A&M,,,
163985,Khayman Barnes,WR,0,,2027,105,60.3,69.4,,,60.4,80,0,1,0,0,0,0,4,4,0,4,ALABAMA ST,ALABAMA ST,,,
164004,Dezmond Penn,G,0,,2028,105,58.7,78.9,82.4,,55,54,0,1,0,19,0,0,29,48,19,29,ALABAMA ST,ALABAMA ST,,,
164024,Donovan Haslam,T,0,,2027,116,53.1,70.6,10.6,,58.4,63,0,1,0,3,0,0,6,9,3,6,AUSTINPEAY,AUSTINPEAY,,,
164045,Marquez Phillips,WR,0,,2025,235,51.6,77.1,,53.7,46.3,04,0,1,0,0,18,0,21,39,18,21,MORGAN ST,MORGAN ST,,,
164057,Jayden Bell,S,0,,2027,186,60,60,,,60,D05,0,1,0,0,0,0,1,1,0,1,IDAHO ST,IDAHO ST,,,
164060,Dason Brooks,HB,0,,2027,186,58.2,69.1,41.6,64.6,60,28,0,1,0,2,2,4,1,9,4,5,IDAHO ST,IDAHO ST,68.9,,58.3
164068,Jaedon Garcia,G,0,,2027,186,58.3,79.3,73.5,,53.7,76,0,1,0,44,0,0,29,73,44,29,IDAHO ST,IDAHO ST,,,
164075,Keoua Kauhi,HB,0,,2025,186,70.4,72.1,74.9,58.9,,24,0,1,0,15,2,2,0,19,17,2,IDAHO ST,IDAHO ST,66.7,,67.6
164078,Julian Mason,WR,0,,2027,186,60,60,,,60,80,0,1,0,0,0,0,1,1,0,1,IDAHO ST,IDAHO ST,,,
164095,Trevon Kleint,WR,0,,2025,234,53.8,75.1,,53.6,60.9,05,0,1,0,0,16,0,15,31,16,15,MOREHEAD,MOREHEAD,,,
164101,Kylon Harris,WR,0,,2027,301,69.7,77.7,,69.4,59.5,04,0,1,0,0,27,0,23,50,27,23,STF AUSTIN,STF AUSTIN,66.2,,
164110,Ian Morgan,T,0,,2028,301,60,64.1,,,58.9,51,0,1,0,0,0,0,1,1,0,1,STF AUSTIN,STF AUSTIN,,,
164113,Will Thompson V,C,0,,2026,301,63.8,74.1,73.9,,62.1,50,0,1,0,3,0,0,11,14,3,11,STF AUSTIN,STF AUSTIN,,,
164117,Jerrell Wimbley,HB,0,,2026,301,79.7,75.7,79.2,70.3,71.2,10,0,1,0,9,11,9,7,36,20,16,STF AUSTIN,STF AUSTIN,72.7,,75.8
164119,Ben Bergfeld,LS,0,,2027,345,60,60,,,60,S58,0,1,0,0,0,0,1,1,0,1,W ILLINOIS,W ILLINOIS,,,
164134,JoJo Bermudez,WR,0,,2027,151,76.5,76.6,,71.5,62.3,01,0,1,0,0,24,1,14,39,24,15,DELAWARE,DELAWARE,68.1,,68.5
164205,Zach Cochnauer,T,0,,2027,132,61.2,75.6,78.9,,52,71,0,1,0,29,0,0,21,50,29,21,CENT ARK,CENT ARK,,,
164207,Will Diggins,G,0,,2026,132,56.4,79.4,85.4,,48.9,75,0,1,0,34,0,0,23,57,34,23,CENT ARK,CENT ARK,,,
164210,Zane Hayman,G,0,,2027,1139,65.9,76.9,65.1,,66.5,76,0,1,0,25,0,0,5,30,25,5,TXAMEA,TXAMEA,,,
164222,Jordan Owens,TE,0,,2026,132,68.2,78.2,75.3,69.3,59.4,09,0,1,0,10,12,0,20,42,22,20,CENT ARK,CENT ARK,66.9,,
164223,Chaylin Peine,T,0,,2028,132,57.9,71.1,49,,59.8,66,0,1,0,8,0,0,4,12,8,4,CENT ARK,CENT ARK,,,
164227,Tyler Siddons,TE,0,,2028,132,46.9,71.8,69.9,57.8,46.4,38,0,1,0,3,2,0,9,14,5,9,CENT ARK,CENT ARK,,,
164247,Cameron Hergott,QB,0,,2031,159,66.9,63.6,,,,02,0,1,0,0,0,1,0,1,0,1,E KENTUCKY,E KENTUCKY,62.5,,62.8
164277,Mickel Clay,T,0,,2026,389,56,77.2,54.5,,55.2,77,0,1,0,46,0,0,28,74,46,28,N ALABAMA,N ALABAMA,,,
164290,Kaleb Heatherly,TE,0,,2026,389,46.7,78.8,78.7,38.3,55.1,88,0,1,0,10,19,0,31,60,29,31,N ALABAMA,N ALABAMA,,,
164316,Dakota Warfield,WR,0,,2025,389,69.7,78.5,,69.2,60.5,00,0,1,0,0,43,0,21,64,43,21,N ALABAMA,N ALABAMA,66.2,,
164321,Collin Wright,G,0,,2027,389,55.2,80.3,55.1,59.6,53.4,65,0,1,0,46,1,0,32,79,47,32,N ALABAMA,N ALABAMA,,,
164335,Austin York,TE,0,,2025,161,61.1,77.2,73.4,54.4,62.1,44,0,1,0,9,7,0,29,45,16,29,E WASHGTON,E WASHGTON,,,
164350,Hayden Kincheloe,HB,0,,2027,185,78.1,72.1,,,85.2,37,0,1,0,0,0,0,9,9,0,9,IDAHO,IDAHO,,,
164359,Joel Jameson,T,0,,2027,183,48,69.1,19.2,59.2,56.9,80,0,1,0,1,1,0,8,10,2,8,HOUCHR,HOUCHR,,,
164384,Christian Anaya,WR,0,,2027,345,71.8,78.1,,71.3,57,17,0,1,0,0,33,0,15,48,33,15,W ILLINOIS,W ILLINOIS,65.7,,
164410,Chase Belcher,HB,0,,2026,1177,68.7,74.5,,79.5,59.5,04,0,1,0,0,17,2,3,22,17,5,W GEORGIA,W GEORGIA,66.9,,62.3
164441,Charles Garrison,TE,0,,2026,253,48.4,76.7,65.6,50.2,50.1,85,0,1,0,2,21,0,14,37,23,14,N COLORADO,N COLORADO,61,,
164496,LeDell Finister,C,0,,2027,131,61.8,73.3,77.3,,59.4,68,0,1,0,8,0,0,5,13,8,5,CAMPBELL,CAMPBELL,,,
164502,Darius Johnson Jr.,CB,0,,2027,171,60,60,,,60,D12,0,1,0,0,0,0,1,1,0,1,GARD-WEBB,GARD-WEBB,,,
164503,Will McCraw,G,0,,2027,157,60.5,78.5,76.3,,57.4,55,0,1,0,25,0,0,33,58,25,33,E TENN ST,E TENN ST,,,
164504,Aaron McIver,C,0,,2027,171,64.6,79.3,80,,59.8,56,0,1,0,33,0,0,29,62,33,29,GARD-WEBB,GARD-WEBB,,,
164505,Hakeem Meggett,WR,0,,2026,157,69.2,78.2,,69.7,61.1,04,0,1,0,0,17,1,28,46,17,29,E TENN ST,E TENN ST,66,,59.6
164511,Mofe Adewole,T,0,,2027,277,58,76.8,71.8,,51.2,76,0,1,0,38,0,0,32,70,38,32,ROB MORRIS,ROB MORRIS,,,
164523,Carter Moses,TE,0,,2027,106,61.3,75.3,64.3,68.4,53.2,84,0,1,0,9,10,0,25,44,19,25,ALBANY,ALBANY,61,,
164528,Griffin Woodell,HB,0,,2027,106,57.9,69.4,70.8,58.4,,02,0,1,0,1,3,3,0,7,4,3,ALBANY,ALBANY,67.3,,58.1
164546,Noah Sanders,QB,0,,2027,246,57.2,63.6,,,,10,0,1,0,0,0,1,0,1,0,1,NC A&T,NC A&T,62.5,,58.8
164548,Elijah Sessoms,TE,0,,2027,151,63.3,74.5,72.6,54.7,67.8,88,0,1,0,3,6,0,13,22,9,13,DELAWARE,DELAWARE,,,
164549,Jo Silver,HB,0,,2027,151,73.6,72.6,74.7,62.3,,27,0,1,0,2,5,7,0,14,7,7,DELAWARE,DELAWARE,71.4,,72.3
164552,Nic Cruji,G,0,,2027,212,56.8,0.2,72.9,,55.8,65,1,1,0,45,0,0,21,66,45,21,MAINE,MAINE,,,
164564,Makhi Green,HB,0,,2027,231,53.3,70.5,67.9,55.9,,06,0,1,0,1,7,5,0,13,8,5,MONMOUTH,MONMOUTH,72.7,,53.7
164565,Shalik Hubbard,G,0,,2027,231,56.7,7,78.8,,52.2,72,1,1,0,52,0,0,20,72,52,20,MONMOUTH,MONMOUTH,,,
164571,Gavin Nelson,WR,0,,2027,231,78.7,78.9,,77.3,63.1,02,0,1,0,0,43,0,16,59,43,16,MONMOUTH,MONMOUTH,67.5,,
164583,Josh Fillion,WR,0,,2027,240,58.6,69.3,,59.7,60,16,0,1,0,0,1,0,2,3,1,2,NEW HAMP,NEW HAMP,,,
164607,Jayce Freeman,WR,1,,2027,303,72.8,0,,72.9,75.7,80,1,1,0,0,20,0,31,51,20,31,STNY BROOK,STNY BROOK,64.1,,
164629,Sahil Bhullar,T,0,,2026,317,56.2,66,,,56,72,0,1,0,0,0,0,3,3,0,3,TOWSON,TOWSON,,,
164644,Dan Volpe,T,0,,2026,317,63.1,21.3,67.7,,65.5,66,1,1,0,40,0,0,32,72,40,32,TOWSON,TOWSON,,,
164659,Jackson Namian,WR,0,,2026,148,71.4,74.2,,59.6,88.3,85,0,1,0,0,1,0,23,24,1,23,DARTMOUTH,DARTMOUTH,,,
164662,Jake Bingham,G,0,,2026,267,62,77,30,,66,62,1,1,0,15,0,0,15,30,15,15,PENN,PENN,,,
164664,Maxwell Freeman,G,0,,2026,267,61,76.4,70.6,,58.9,67,0,1,0,14,0,0,12,26,14,12,PENN,PENN,,,
164666,Alex Haight,WR,0,,2026,267,73.8,70.7,,70.7,60,11,0,1,0,0,3,0,2,5,3,2,PENN,PENN,61,,
164675,Liam O'Brien,QB,0,,2027,267,59.7,75.4,,,60,02,0,1,20,0,0,9,17,46,20,26,PENN,PENN,72.1,49.8,66.9
164678,Netinho Olivieri,T,0,,2027,267,74,76.5,81.6,,68.8,74,0,1,0,29,0,0,27,56,29,27,PENN,PENN,,,
164679,Bisi Owens,WR,0,,2028,267,61.2,77.4,,61.5,56.5,07,0,1,0,0,15,0,21,36,15,21,PENN,PENN,61,,
164680,Jared Richardson,WR,0,,2027,267,55.6,0,,58.6,57,17,1,1,0,0,25,0,22,47,25,22,PENN,PENN,61,,
164687,Michael Bennett III,T,0,,2027,352,69.7,76.7,61,,70,75,1,1,0,35,0,0,32,67,35,32,YALE,YALE,,,
164690,Cameron Charron,G,0,,2026,352,70,75.9,80.7,,68.6,70,0,1,0,17,0,0,11,28,17,11,YALE,YALE,,,
164692,Wilhelm Daal II,HB,0,,2027,352,60,64.5,,60,60,28,0,1,0,0,1,0,1,2,1,1,YALE,YALE,,,
164699,Josh Pitsenberger,HB,0,2026,2026,352,67.4,74.3,72.2,54,60,07,0,1,0,3,13,14,3,33,16,17,YALE,YALE,74.8,,67.9
164713,Jaden Bryant,G,0,,2027,244,53.6,78.8,80.9,,50.4,62,0,1,0,18,0,0,32,50,18,32,NORFOLK,NORFOLK,,,
164714,Vincent Byrd,T,0,,2026,244,56.8,75.6,79,,52.6,66,0,1,0,18,0,0,32,50,18,32,NORFOLK,NORFOLK,,,
164728,Kevon King,HB,0,,2026,244,76.7,73.2,72.8,66.8,59.3,13,0,1,0,3,6,17,4,30,9,21,NORFOLK,NORFOLK,75.8,,74.4
164749,Garrison Wheatley,C,0,,2025,244,62.2,0,78.9,,63.2,67,1,1,0,18,0,0,32,50,18,32,NORFOLK,NORFOLK,,,
164768,Chris Mosley,HB,0,,2026,247,54.6,66.8,,,60,35,0,1,0,0,0,2,1,3,0,3,NC CENT,NC CENT,65.5,,56
164776,Jayden Jenkins,HB,0,,2027,152,67.9,71.8,74.7,71.3,55.8,20,0,1,0,3,5,4,4,16,8,8,DELWARE ST,DELWARE ST,69.5,,65.1
164799,Tevita Fuimaono,G,0,,2025,298,60,63.8,,,60,56,0,1,0,0,0,0,1,1,0,1,SO UTAH,SO UTAH,,,
164802,Cash Hudson,C,0,,2027,230,72.4,78.9,82,,67.4,71,0,1,0,32,0,0,25,57,32,25,MO STATE,MO STATE,,,
164803,Connor Lair,FB,0,,2027,230,74.8,68.8,,91,59.9,40,0,1,0,0,2,0,3,5,2,3,MO STATE,MO STATE,64.6,,
164805,Cristian Loaiza,G,1,,2027,230,49.2,78,48,,47,76,1,1,0,24,0,0,17,41,24,17,MO STATE,MO STATE,,,
164812,Jmariyae Robinson,WR,0,,2027,230,46,76.6,,48.3,45.7,00,0,1,0,0,16,0,18,34,16,18,MO STATE,MO STATE,61,,
164813,Thomas Schulte,C,0,,2027,230,60,67.3,71.6,,60,52,0,1,0,1,0,0,1,2,1,1,MO STATE,MO STATE,,,
164823,Tysen Boze,WR,0,,2027,291,54.2,70.1,,55.2,,85,0,1,0,0,7,0,0,7,7,0,S DAKOTA,S DAKOTA,,,
164827,Joe Cotton,T,0,,2027,291,74.9,16.9,84.6,,74.2,71,1,1,0,41,0,0,22,63,41,22,S DAKOTA,S DAKOTA,,,
164839,Jordan Larsen,G,0,,2027,291,66.9,79.8,65.1,,67.4,73,0,1,0,41,0,0,22,63,41,22,S DAKOTA,S DAKOTA,,,
164844,Charles Pierre Jr.,HB,0,,2027,291,61.1,73.4,72.6,67.9,60,03,0,1,0,1,14,3,1,19,15,4,S DAKOTA,S DAKOTA,68.5,,57.3
164853,David Alpers III,TE,0,,2027,292,50.2,76.2,,49.7,56.3,83,0,1,0,0,16,0,24,40,16,24,S DAK ST,S DAK ST,,,
164857,Quinten Christensen,T,0,,2028,292,64.7,77.5,79.6,,58.1,69,0,1,0,34,0,0,40,74,34,40,S DAK ST,S DAK ST,,,
164863,Brody Gormley,TE,0,,2027,292,53.6,69.2,,54.3,58.7,89,0,1,0,0,3,0,4,7,3,4,S DAK ST,S DAK ST,,,
164897,Beau Brungard,QB,0,,2027,353,86.9,76.4,,,60,12,0,1,22,0,0,9,31,62,22,40,YNGTOWN ST,YNGTOWN ST,72.1,63.5,85
164908,Shane Keenan,G,0,,2027,353,66.4,78.6,86.4,,63.5,62,0,1,0,22,0,0,40,62,22,40,YNGTOWN ST,YNGTOWN ST,,,
164912,Desmeal Leigh,T,0,,2027,353,79.6,76.8,65.7,,78.4,78,0,1,0,22,0,0,40,62,22,40,YNGTOWN ST,YNGTOWN ST,,,
164919,Colt Sechrest,TE,0,,2027,353,75,76.9,,51.6,83.1,89,0,1,0,0,12,0,26,38,12,26,YNGTOWN ST,YNGTOWN ST,,,
164920,Joe Sferra,G,0,,2028,353,60,65.8,,,67.5,59,0,1,0,0,0,0,2,2,0,2,YNGTOWN ST,YNGTOWN ST,,,
164935,Ryan Crandall,LB,0,,2026,345,60,60,,,60,D13,0,1,0,0,0,0,1,1,0,1,W ILLINOIS,W ILLINOIS,,,
164936,Gage Freeman,LB,0,,2027,345,60,60,,,60,D16,0,1,0,0,0,0,1,1,0,1,W ILLINOIS,W ILLINOIS,,,
164939,Carter Gorder,C,0,,2027,249,57,77.4,78.6,,54.5,60,0,1,0,15,0,0,22,37,15,22,N DAKOTA,N DAKOTA,,,
165008,Rahtrel Perry,T,0,,2027,133,61.5,77.7,69.5,,56.6,76,0,1,0,45,0,0,31,76,45,31,CENT CT ST,CENT CT ST,,,
165018,Cameron Alves,WR,0,,2025,133,65.2,0,,67.2,58.7,14,1,1,0,0,23,0,12,35,23,12,CENT CT ST,CENT CT ST,66.7,,
165033,Thomas Buxton,G,0,,2026,274,59.7,78.7,83.5,,55,65,0,1,0,24,0,0,24,48,24,24,RHODE ISLD,RHODE ISLD,,,
165040,Cole Clarke,TE,0,,2027,1470,59.1,77,68.3,65,44.3,17,0,1,0,2,15,0,11,28,17,11,STHLSK,STHLSK,62.9,,
165051,Jermaine Corbett,HB,0,,2025,385,64.2,75.7,73.6,77.2,57.6,10,0,1,0,2,14,21,8,45,16,29,MERRIMACK,MERRIMACK,77,,61.5
165058,Chris Domercant,WR,0,,2026,137,57.2,79.1,,56.4,62.3,05,0,1,0,0,30,0,39,69,30,39,CHATTNOOGA,CHATTNOOGA,62.9,,
165059,Kyree Drake,WR,0,,2026,1470,52.1,69.1,,59.3,60,01,0,1,0,0,1,1,1,3,1,2,STHLSK,STHLSK,64.8,,57.6
165061,Brigham Dunphy,WR,0,,2026,1470,79.4,75.1,,80.6,59.3,84,0,1,0,0,25,1,16,42,25,17,STHLSK,STHLSK,67.4,,57.5
165072,Griffin Hart,G,0,,2026,1470,62.5,73.7,81.2,,59.2,77,0,1,0,9,0,0,5,14,9,5,STHLSK,STHLSK,,,
165089,Dominic Mangiafico,LB,0,,2026,1470,59.3,66.6,,,56.5,D42,0,1,0,0,0,0,2,2,0,2,STHLSK,STHLSK,,,
165093,Eric Meslin,G,0,,2026,1470,39.6,15.4,15,,53.5,75,1,1,0,33,0,0,30,63,33,30,STHLSK,STHLSK,,,
165098,Jake Newsham,WR,0,,2026,1470,62.1,76.3,,61.9,59.6,04,0,1,0,0,14,0,16,30,14,16,STHLSK,STHLSK,61,,
165100,Jack O'Connell,QB,0,,2027,1470,60.3,76.6,,,60,06,0,1,33,0,0,0,30,63,33,30,STHLSK,STHLSK,68.5,59.4,55.6
165101,Tolu Olajide,T,0,,2027,240,53.3,77.3,28,,60.4,55,0,1,0,32,0,0,38,70,32,38,NEW HAMP,NEW HAMP,,,
165110,Cody Ruff,TE,0,,2026,1470,56.7,75.6,70.4,68.6,47.7,00,0,1,0,7,10,0,23,40,17,23,STHLSK,STHLSK,61,,
165120,Nick Tinkham,T,0,,2026,1470,61,68,76.8,,,76,0,1,0,4,0,0,0,4,4,0,STHLSK,STHLSK,,,
165123,Jarel Washington,HB,0,,2026,1470,74.9,76.1,77.9,54.6,60,08,0,1,0,6,15,20,1,42,21,21,STHLSK,STHLSK,76.7,,74.8
165127,Zavion Woodard,HB,0,,2026,1470,61,74.2,79.8,57,60,02,0,1,0,6,6,8,1,21,12,9,STHLSK,STHLSK,20.6,,60.1
165180,Ashton Flinn,G,0,,2026,236,58.5,80.2,62,,57.1,71,0,1,0,38,0,0,41,79,38,41,MURRAY ST,MURRAY ST,,,
165194,Jawaun Northington,HB,0,,2027,236,63.3,75.5,77.1,69.2,58.9,30,0,1,0,3,12,11,6,32,15,17,MURRAY ST,MURRAY ST,73.6,,60.8
165197,Eric Ruess,TE,0,,2026,157,52.8,76.9,52.6,53.5,54.6,84,0,1,0,7,9,0,30,46,16,30,E TENN ST,E TENN ST,61,,
165202,Devin Tingle,G,0,,2026,236,52,79.7,29.1,,54.3,65,0,1,0,33,0,0,32,65,33,32,MURRAY ST,MURRAY ST,,,
165210,Mari Adams,HB,0,,2026,149,77,76.1,60.3,55.6,55.9,02,0,1,0,6,3,18,7,34,9,25,DAVIDSON,DAVIDSON,76.2,,76.2
165211,Christian Berry,T,0,,2026,149,70.3,73.7,71.2,54.8,70,88,0,1,0,4,4,0,21,29,8,21,DAVIDSON,DAVIDSON,,,
165214,Danny Fish,C,0,,2026,149,66.5,77.2,82,,62.4,61,0,1,0,15,0,0,20,35,15,20,DAVIDSON,DAVIDSON,,,
165215,Langston Green,T,0,,2026,149,53.5,69.8,,59.2,54.9,69,0,1,0,0,1,0,8,9,1,8,DAVIDSON,DAVIDSON,,,
165217,Kyler Herring,G,0,,2026,149,56.8,80.1,64.3,,54.4,74,0,1,0,31,0,0,48,79,31,48,DAVIDSON,DAVIDSON,,,
165220,Jayden Joyce,T,0,,2028,149,45.8,75.9,0,,59,70,0,1,0,19,0,0,34,53,19,34,DAVIDSON,DAVIDSON,,,
165222,Tom Luther,T,0,,2028,149,59.8,75.9,74.5,,55.5,51,0,1,0,19,0,0,31,50,19,31,DAVIDSON,DAVIDSON,,,
165228,Brody Reina,WR,0,,2026,149,78.9,77.8,,79.7,55.5,11,0,1,0,0,28,0,33,61,28,33,DAVIDSON,DAVIDSON,65.7,,
165229,Jaleel Sales,TE,0,,2026,149,65.3,71.8,,70.2,39.9,01,0,1,0,0,4,0,11,15,4,11,DAVIDSON,DAVIDSON,61,,
165230,Mason Sheron,HB,0,,2026,149,62.3,76.5,43.7,66.7,43.5,00,0,1,0,17,5,11,12,45,22,23,DAVIDSON,DAVIDSON,73.6,,67.6
165246,Ben Huefner,C,0,,2027,150,66.1,79.7,85.9,,59.5,54,0,1,0,39,0,0,30,69,39,30,DAYTON,DAYTON,,,
165260,Dominic Vrbancic,WR,0,,2027,150,58.3,77.5,,58.5,56.5,24,0,1,0,0,25,0,16,41,25,16,DAYTON,DAYTON,64.1,,
165266,Adam Criter,WR,0,,2027,283,57.5,63.4,,59.2,,19,0,1,0,0,1,0,0,1,1,0,SAN DIEGO,SAN DIEGO,,,
165267,Jack D'Ambra,G,0,,2027,283,60.1,68.1,71.6,,58.4,72,0,1,0,1,0,0,3,4,1,3,SAN DIEGO,SAN DIEGO,,,
165269,Zane Fullmer,FB,0,,2026,283,59.5,67.3,71.6,,58.2,85,0,1,0,1,0,0,3,4,1,3,SAN DIEGO,SAN DIEGO,61.9,,
165282,Cole Monach,WR,0,,2027,283,50.9,0,,53.5,59.5,17,1,1,0,0,29,0,17,46,29,17,SAN DIEGO,SAN DIEGO,61,,
165288,Peyton Smith,TE,0,,2026,283,63.2,75.6,44.4,71.8,51.4,87,0,1,0,8,14,0,20,42,22,20,SAN DIEGO,SAN DIEGO,62.9,,
165289,Nick Struempf,G,0,,2026,283,61.9,79.6,82,,56.5,68,0,1,0,35,0,0,26,61,35,26,SAN DIEGO,SAN DIEGO,,,
165294,Gabriel Abel,HB,0,,2027,1129,48.3,75.5,63,63.1,56.2,01,0,1,0,7,4,12,5,28,11,17,STTHOM,STTHOM,26.2,,49.1
165296,Charlie Boucher,ED,0,,2027,1129,60,60,63.8,,,D20,0,1,0,1,0,0,0,1,1,0,STTHOM,STTHOM,,,
165300,Lucas Cannon,T,0,,2026,1129,60.2,69.2,65.2,,59.4,62,0,1,0,1,0,0,4,5,1,4,STTHOM,STTHOM,,,
165302,Colin Chase,WR,0,,2027,1129,85.5,77.8,,83.1,75.2,24,0,1,0,0,15,0,27,42,15,27,STTHOM,STTHOM,69.1,,
165308,Ethan Goodrich,T,0,,2026,1129,60,65,,,60,79,0,1,0,0,0,0,1,1,0,1,STTHOM,STTHOM,,,
165315,James Morrison,G,0,,2027,1129,56.6,79,85.7,,53.1,78,0,1,0,17,0,0,37,54,17,37,STTHOM,STTHOM,,,
165316,Aidan Nasser,TE,0,,2026,1129,60,65,,,60,85,0,1,0,0,0,0,2,2,0,2,STTHOM,STTHOM,,,
165319,Travis Plugge,TE,0,,2027,283,55.7,72.9,55.6,58.4,59.4,46,0,1,0,3,2,0,1,6,5,1,SAN DIEGO,SAN DIEGO,,,
165322,Matthew Rink,TE,0,,2026,1129,59.3,74.7,59.4,67.3,54.4,87,0,1,0,6,9,0,30,45,15,30,STTHOM,STTHOM,61,,
165323,Mitchell Schares,ED,0,,2027,1129,60,71.8,63.8,,,D16,0,1,0,1,0,0,0,1,1,0,STTHOM,STTHOM,,,
165329,Patrick Wagner,TE,0,,2027,1129,49.6,76.4,58.6,53.3,49.6,86,0,1,0,5,11,0,29,45,16,29,STTHOM,STTHOM,61,,
165332,Eric Brust Jr.,G,0,,2027,302,46,8.2,27,,53.6,74,1,1,0,56,0,0,18,74,56,18,STETSON,STETSON,,,
165335,Rowan Collins,C,0,,2027,302,55.5,78.5,62.8,,51.1,63,0,1,0,37,0,0,14,51,37,14,STETSON,STETSON,,,
165338,Aanjay Feliciano,WR,0,,2026,302,61.5,78.7,,61.1,61.8,00,0,1,0,0,34,0,14,48,34,14,STETSON,STETSON,66.2,,
165354,Donovan Shepard,HB,0,,2027,178,61.4,71.4,,56.8,,23,0,1,0,0,3,7,0,10,3,7,HAMPTON,HAMPTON,74.6,,61.9
165366,Max Carter,TE,0,,2027,332,48.9,0,68.7,55.7,55.2,81,1,1,0,1,10,0,13,24,11,13,VALPO,VALPO,62.9,,
165396,Niko Paic,G,0,,2027,332,59.5,78.2,85.1,,54.5,50,0,1,0,26,0,0,27,53,26,27,VALPO,VALPO,,,
165409,Malcolm Mays,QB,0,,2025,178,70,74.9,,,60,07,0,1,20,0,0,4,17,41,20,21,HAMPTON,HAMPTON,69.7,71,60.1
165410,Kymari Gray,WR,0,,2027,178,59.9,0,,61.5,61.6,09,1,1,0,0,32,0,43,75,32,43,HAMPTON,HAMPTON,65,,
165417,Abe Williams,WR,0,,2026,178,60.6,69.6,,,60.8,18,0,1,0,0,0,0,6,6,0,6,HAMPTON,HAMPTON,,,
165434,Tyler Smith,HB,0,,2028,290,58.5,71.3,,55.3,70.7,10,0,1,0,0,8,3,3,14,8,6,SCAR STATE,SCAR STATE,67.3,,54.9
165440,Moses Umoren,T,0,,2028,290,62.2,70.9,74.7,,60.6,51,0,1,0,2,0,0,9,11,2,9,SCAR STATE,SCAR STATE,,,
165441,Tray Franklin,T,0,,2027,290,68.8,75.7,73.6,,65,58,1,1,0,34,0,0,19,53,34,19,SCAR STATE,SCAR STATE,,,
165444,Shamontae Burgess,WR,0,,2027,290,75,69.9,,72.5,60.5,83,0,1,0,0,2,0,7,9,2,7,SCAR STATE,SCAR STATE,65.1,,
165659,Matthew Broad,FB,0,,2026,257,47.6,71.3,3.9,,56.5,42,0,1,0,2,0,0,6,8,2,6,NWSTATE,NWSTATE,,,
165661,Alec Mahler,P,0,,2027,294,70.8,70.3,,87.7,,S47,0,1,0,0,1,0,0,1,1,0,SE LA,SE LA,61,,
165663,Zack Vicknair,S,0,,2027,294,60,60,63.8,,,D29,0,1,0,1,0,0,0,1,1,0,SE LA,SE LA,,,
165671,Jaden Edmonson,G,0,,2027,183,52.5,73,75.8,,50.6,51,0,1,0,4,0,0,8,12,4,8,HOUCHR,HOUCHR,,,
165681,Luke Williams,LB,0,,2028,1139,60,60,,,60,D32,0,1,0,0,0,0,1,1,0,1,TXAMEA,TXAMEA,,,
165704,Bryce Crowley,G,0,,2026,1285,59.4,79.2,82.1,,51.7,74,0,1,0,46,0,0,23,69,46,23,UTAHTC,UTAHTC,,,
165710,Reggie Graff,QB,0,,2027,1285,63.9,66.6,,,,05,0,1,1,0,0,1,0,2,1,1,UTAHTC,UTAHTC,63.7,52.8,63.1
165712,Logan Hicks,T,0,,2027,1285,58.2,77.4,67.5,,51.8,65,0,1,0,46,0,0,23,69,46,23,UTAHTC,UTAHTC,,,
165724,Eric Olsen,TE,0,,2028,1285,54.4,75.9,72.4,51.4,54.1,80,0,1,0,4,19,1,9,33,23,10,UTAHTC,UTAHTC,62.5,,63.4
165729,Stryker Rashid,G,0,,2027,186,69.1,77.1,73.9,,63.9,51,0,1,0,46,0,0,29,75,46,29,IDAHO ST,IDAHO ST,,,
165736,Daniel Thomason,WR,0,,2026,1285,42.7,70.9,,45.7,60,02,0,1,0,0,5,0,2,7,5,2,UTAHTC,UTAHTC,,,
165740,Major Bowden,HB,0,,2026,204,90.2,72.2,70,80.1,60,02,0,1,0,1,7,4,1,13,8,5,LAMAR,LAMAR,71,,87.4
165742,Jayden Boyd,WR,0,,2027,204,41.6,66.8,,59.6,30.5,13,1,1,0,0,1,0,1,2,1,1,LAMAR,LAMAR,,,
165751,Andre Dennis,WR,0,,2026,204,57.7,0,,58.2,75.4,01,1,1,0,0,17,0,24,41,17,24,LAMAR,LAMAR,61,,
165757,Kyndon Fuselier,WR,0,,2027,204,79.9,73.8,,72.2,89.2,08,0,1,0,0,8,0,10,18,8,10,LAMAR,LAMAR,69.9,,
165761,John Hester,G,0,,2029,204,76.4,78.7,81.8,,75.1,60,0,1,0,15,0,0,37,52,15,37,LAMAR,LAMAR,,,
165779,Kade Verden,G,0,,2029,204,64.3,74.6,72.7,,63.4,61,0,1,0,2,0,0,13,15,2,13,LAMAR,LAMAR,,,
165783,Preston Yarber,T,0,,2027,310,60.4,67.7,,,60.3,78,0,1,0,0,0,0,4,4,0,4,TENN MARTN,TENN MARTN,,,
165789,Joshua Acord,TE,0,,2027,298,51.3,0.1,71.8,34.4,68,88,2,1,0,8,15,0,39,62,23,39,SO UTAH,SO UTAH,,,
165812,Loimata Mauga,G,0,,2026,298,63,79,66.7,,61.7,66,0,1,0,25,0,0,42,67,25,42,SO UTAH,SO UTAH,,,
165817,Jeremy Perkins,G,0,,2027,298,60.2,70.2,74.2,,59.4,79,0,1,0,2,0,0,3,5,2,3,SO UTAH,SO UTAH,,,
166134,Zane Hooper,G,0,,2028,294,50.7,76.9,52.2,,49.3,71,0,1,0,14,0,0,16,30,14,16,SE LA,SE LA,,,
166528,Solomon Locke,HB,0,,2027,137,52.6,69.1,,,,34,0,1,0,0,0,4,0,4,0,4,CHATTNOOGA,CHATTNOOGA,68.6,,54.2
166541,Sawyer Whitman,G,0,,2026,139,71.7,76,79.6,,70.5,65,0,1,0,11,0,0,17,28,11,17,CITADEL,CITADEL,,,
166545,De'Andre Tamarez,WR,0,,2027,344,58,79,,56.2,78.3,04,0,1,0,0,50,0,11,61,50,11,W CAROLINA,W CAROLINA,62.9,,
166586,Levi Wilkins,TE,0,,2026,124,66.3,72.8,,55.5,77.8,32,0,1,0,0,4,0,7,11,4,7,BRYANT,BRYANT,61.9,,
166604,Nickolas Molina,T,0,,2027,124,62.5,75.7,78.3,,56.7,74,0,1,0,22,0,0,24,46,22,24,BRYANT,BRYANT,,,
166672,Brandon Furey,C,0,,2027,213,58,77.1,84.4,,50.9,66,0,1,0,24,0,0,10,34,24,10,MARIST,MARIST,,,
166676,Jake Ciolino,WR,0,,2027,213,56.8,65.3,,58.1,,80,0,1,0,0,2,0,0,2,2,0,MARIST,MARIST,,,
166679,Chris Leonardo,T,0,,2027,213,62.5,77,69.2,,56.9,76,0,1,0,48,0,0,25,73,48,25,MARIST,MARIST,,,
166681,Dan Lozano,G,0,,2026,213,60.3,80.3,74.4,,55.2,78,0,1,0,48,0,0,25,73,48,25,MARIST,MARIST,,,
166688,Carter James,HB,0,,2027,213,61.7,75.3,83.3,57.5,60,41,0,1,0,11,14,11,3,39,25,14,MARIST,MARIST,73.6,,60.3
166694,Sonny Mannino,QB,0,,2027,213,62.7,77.3,,54.3,60,12,0,1,47,0,1,5,20,73,48,25,MARIST,MARIST,71.4,56.9,70.2
166999,Ness Davis,HB,0,,2028,112,60.8,69.4,,69.7,59.7,32,0,1,0,0,2,1,3,6,2,4,ARKAPB,ARKAPB,64.3,,59
167004,Mekhi Ferrell,TE,0,,2025,112,54.6,69.1,67.3,56.1,56.3,99,0,1,0,1,2,0,6,9,3,6,ARKAPB,ARKAPB,,,
167009,Mekhi Hagens,QB,0,,2030,112,89.3,75.6,,,60,09,0,1,22,0,0,6,21,49,22,27,ARKAPB,ARKAPB,70.8,82.3,75.7
167029,Derrick White,WR,0,,2028,112,60,71.8,,,60,82,0,1,0,0,0,0,2,2,0,2,ARKAPB,ARKAPB,,,
167056,Nebanye Moore,TE,0,,2028,247,60,63.5,,,60,80,0,1,0,0,0,0,1,1,0,1,NC CENT,NC CENT,,,
167101,Julian Calvez,QB,0,,2027,310,54.2,69.8,,,60,09,0,1,1,0,0,0,8,9,1,8,TENN MARTN,TENN MARTN,60.3,57.7,
167116,Tahj Martin,G,0,,2026,177,63.2,77.6,83,,60.4,50,0,1,0,14,0,0,30,44,14,30,GRAMBLING,GRAMBLING,,,
167125,Khamari Stewart,G,0,,2025,270,60,65.2,,,60,66,0,1,0,0,0,0,1,1,0,1,PRVIEW A&M,PRVIEW A&M,,,
167128,Darren Morris,WR,0,,2027,297,67.3,78.3,,66.5,62.5,04,0,1,0,0,16,0,20,36,16,20,SOUTHERN U,SOUTHERN U,65,,
167130,Kendric Rhymes,HB,0,,2026,297,59.7,71.7,75.9,55.3,,06,0,1,0,3,8,6,0,17,11,6,SOUTHERN U,SOUTHERN U,70.5,,60
167135,Dupree Fuller,TE,0,,2026,297,56.9,73.5,66.8,59.5,56.1,05,0,1,0,1,3,0,17,21,4,17,SOUTHERN U,SOUTHERN U,61,,
167153,AJ Bennett,WR,0,,2025,313,57.4,69.9,,58.3,60,04,0,1,0,0,2,0,1,3,2,1,TEXAS STHN,TEXAS STHN,,,
167194,Ronnie Hayes II,C,0,,2026,135,70.5,79.3,44.7,,71.7,51,0,1,0,31,0,0,32,63,31,32,CHARLES SO,CHARLES SO,,,
167198,Kaleb Jackson,QB,0,,2028,135,73.3,76.5,,,60,15,0,1,31,0,0,4,28,63,31,32,CHARLES SO,CHARLES SO,70.3,66.2,73.6
167521,Jake Cady,QB,0,,2025,338,48.2,70.7,,,60,09,0,1,3,0,0,2,7,12,3,9,WAGNER,WAGNER,66.4,47.4,57.8
167643,Scott Becker,C,0,,2027,272,62,73.9,78.5,,59.1,56,0,1,0,8,0,0,6,14,8,6,PRINCETON,PRINCETON,,,
167653,Dareion Murphy,HB,0,,2026,272,59.6,73.6,70,53.9,56,05,0,1,0,1,11,5,4,21,12,9,PRINCETON,PRINCETON,69.7,,62.3
167655,Jaden Wedderburn,T,0,,2027,272,60.9,69.1,72.6,,59.8,57,0,1,0,1,0,0,5,6,1,5,PRINCETON,PRINCETON,,,
167656,Cooper Koers,T,0,,2026,272,44.2,76.4,14.9,,58.5,60,1,1,0,34,0,0,22,56,34,22,PRINCETON,PRINCETON,,,
167662,Blaine Hipa,QB,0,,2027,272,45.7,76.4,,,60,15,0,1,35,0,0,7,20,62,35,27,PRINCETON,PRINCETON,47.9,39.2,61.6
167665,Charley Rossi,WR,0,,2026,272,58.4,70.9,,58.6,60.8,82,0,1,0,0,2,0,5,7,2,5,PRINCETON,PRINCETON,,,
168061,William Bressi,C,0,,2026,217,59.5,11.3,84.1,,55.9,78,1,1,0,52,0,0,25,77,52,25,MCNEESE,MCNEESE,,,
168224,Jack Plattner,T,0,,2026,150,49.7,76.8,39.6,,53.6,62,0,1,0,39,0,0,30,69,39,30,DAYTON,DAYTON,,,
168341,AJ Johnson,WR,0,,2027,157,60.5,77.4,,60.3,60,11,0,1,0,0,17,0,22,39,17,22,E TENN ST,E TENN ST,62.9,,
168342,Karim Page,WR,0,,2026,157,80.3,78,,80,58.5,05,0,1,0,0,26,0,26,52,26,26,E TENN ST,E TENN ST,65.7,,
168344,Kobe Brown,TE,0,,2026,104,60,63,,,66,40,0,1,0,0,0,0,1,1,0,1,ALAB A&M,ALAB A&M,,,
168347,Ephraim Floyd,WR,0,,2026,157,58.2,76.3,,57.8,60.7,12,0,1,0,0,21,0,25,46,21,25,E TENN ST,E TENN ST,62.9,,
168354,Josh Shaw,HB,0,,2028,290,76.9,69.2,,,59.7,32,0,1,0,0,0,3,3,6,0,6,SCAR STATE,SCAR STATE,67.3,,73.3
168356,Chance Reid,G,0,,2026,171,62.6,77.3,43.8,,65.5,69,0,1,0,24,0,0,21,45,24,21,GARD-WEBB,GARD-WEBB,,,
168416,Chaunzavia Lewis,HB,0,,2026,313,55.2,71.2,76.7,29.7,60,00,0,1,0,2,3,2,1,8,5,3,TEXAS STHN,TEXAS STHN,72.7,,63.1
168419,DeKalon Taylor,HB,0,,2027,189,69.8,76.7,71.8,54.1,60,03,0,1,0,1,27,16,2,46,28,18,INCAR WORD,INCAR WORD,76.1,,72.8
168433,Mosula Tapusoa,G,0,,2027,235,45.3,77.7,39.3,,43.2,56,0,1,0,27,0,0,18,45,27,18,MORGAN ST,MORGAN ST,,,
168483,Anthony James Jr.,WR,0,,2026,235,53.3,73.3,,53.8,60.1,03,0,1,0,0,12,0,5,17,12,5,MORGAN ST,MORGAN ST,,,
168498,Kevin Deceus,WR,0,,2027,119,59,64.1,,59.9,,88,0,1,0,0,1,0,0,1,1,0,BETH COOK,BETH COOK,,,
168596,Christian Smith,G,0,,2026,385,59.2,79.8,71.7,,57,55,0,1,0,24,0,0,41,65,24,41,MERRIMACK,MERRIMACK,,,
169011,Christian Jourdain,WR,0,,2026,1139,60.3,78.4,,60,62.1,18,0,1,0,0,62,0,21,83,62,21,TXAMEA,TXAMEA,66.2,,
169022,Charles George Jr.,S,0,,2026,313,56.8,73,63.9,58.2,57.1,14,0,1,0,1,2,0,8,11,3,8,TEXAS STHN,TEXAS STHN,,,
169023,Kerien Charlo,WR,0,,2026,313,54,75.2,,54,59.5,15,0,1,0,0,13,0,13,26,13,13,TEXAS STHN,TEXAS STHN,61,,
169024,Connor Wisham,HB,0,,2026,270,61.4,73.2,80.2,60.3,60,02,0,1,0,4,4,5,1,14,8,6,PRVIEW A&M,PRVIEW A&M,69.9,,57.2
169039,Jadrien Collard,G,0,,2026,270,68,78.4,84.7,,65.1,69,0,1,0,25,0,0,27,52,25,27,PRVIEW A&M,PRVIEW A&M,,,
169069,Nevon Cooper,WR,0,,2026,270,58,64.8,,59.4,,09,0,1,0,0,1,0,0,1,1,0,PRVIEW A&M,PRVIEW A&M,68.5,,
169194,Dennis Jones,G,0,,2028,313,60,65,,,60,76,0,1,0,0,0,0,1,1,0,1,TEXAS STHN,TEXAS STHN,,,
169213,Jecari Bryson,LB,0,,2027,171,60,71.8,,,60,D23,0,1,0,0,0,0,1,1,0,1,GARD-WEBB,GARD-WEBB,,,
169238,Jamarious Brooks,HB,0,,2027,270,60,63.8,,59.5,,27,0,1,0,0,1,0,0,1,1,0,PRVIEW A&M,PRVIEW A&M,,,
169497,Lee Davis,C,0,,2026,290,68.6,75.1,76.1,,65.7,60,0,1,0,8,0,0,12,20,8,12,SCAR STATE,SCAR STATE,,,
169559,Gabe Nunez,WR,0,,2027,298,87.7,76,,86.4,61.1,19,0,1,0,0,16,0,17,33,16,17,SO UTAH,SO UTAH,69.3,,
169590,Demetri Simmons,HB,0,,2026,290,66.4,69.1,,58.5,,23,0,1,0,0,2,4,0,6,2,4,SCAR STATE,SCAR STATE,68.6,,65.6
169705,Haydn Stay,TE,0,,2027,249,82.6,71.5,70.1,88.7,60.9,40,0,1,0,4,1,0,10,15,5,10,N DAKOTA,N DAKOTA,61,,
169903,Brock Winstead,LS,0,,2028,157,60,60,63.8,,,S38,0,1,0,1,0,0,0,1,1,0,E TENN ST,E TENN ST,,,
169949,Ray Mckneely-Harris,HB,0,,2027,257,56.6,69.4,72.4,58.2,60,20,0,1,0,2,2,1,1,6,4,2,NWSTATE,NWSTATE,62.5,,57.9
170043,Apollos Cook,WR,0,,2028,219,57.2,73.2,,57,60.4,02,0,1,0,0,5,0,11,16,5,11,MERCER,MERCER,,,
170064,Elias Cloy,C,0,,2030,104,57.6,79.7,46.7,,59.7,63,0,1,0,44,0,0,26,70,44,26,ALAB A&M,ALAB A&M,,,
170118,Lorenzo Jenkins,WR,0,,2027,119,78,75.2,,76.9,60.6,87,0,1,0,0,13,0,13,26,13,13,BETH COOK,BETH COOK,65,,
170253,Willtrell Hartson,HB,0,,2027,295,47,69.8,,57.3,59.9,04,0,1,0,0,4,2,2,8,4,4,S ILLINOIS,S ILLINOIS,9.8,,48.9
170346,Goldie Lawrence,WR,0,,2028,164,53.6,75.6,,54.7,51.5,13,0,1,0,0,18,0,11,29,18,11,FL A&M,FL A&M,61,,
170385,Ike Daniels,HB,0,,2027,317,55.9,67.1,,58.5,,17,0,1,0,0,2,1,0,3,2,1,TOWSON,TOWSON,62.5,,57.9
170530,Landen Chambers,HB,0,,2028,132,60.1,68.6,70.5,58,,25,0,1,0,2,3,0,0,5,5,0,CENT ARK,CENT ARK,,,
170550,Malachi Henry,WR,0,,2028,132,63,78.5,,62.5,62.4,06,0,1,0,0,35,0,24,59,35,24,CENT ARK,CENT ARK,62.9,,
170580,Isaiah Bunn,G,0,,2026,159,61.8,0,64.5,,69.5,58,1,1,0,8,0,0,11,19,8,11,E KENTUCKY,E KENTUCKY,,,
170591,Brayden Latham,HB,0,,2028,159,76.4,73.2,72.7,67.8,58.6,14,0,1,0,1,8,10,2,21,9,12,E KENTUCKY,E KENTUCKY,73.3,,74.9
170602,Jayden West,WR,0,,2030,159,63,77.7,,62.5,61.4,82,0,1,0,0,14,0,29,43,14,29,E KENTUCKY,E KENTUCKY,62.9,,
170606,Kaleb Brown,DI,0,,2026,389,59.9,67.6,,,58.8,D99,0,1,0,0,0,0,2,2,0,2,N ALABAMA,N ALABAMA,,,
170615,KJ Fields,WR,0,,2028,389,72.4,73,,70.7,60,18,0,1,0,0,10,0,2,12,10,2,N ALABAMA,N ALABAMA,62.9,,
170621,Dennis Moody III,HB,0,,2028,389,49.4,71,,59,60,10,0,1,0,0,6,5,1,12,6,6,N ALABAMA,N ALABAMA,17.4,,49.3
170625,Amarie Rogers,T,0,,2027,389,60.3,68.9,64.1,,58.9,86,0,1,0,1,0,0,5,6,1,5,N ALABAMA,N ALABAMA,,,
170626,Brody Stewart,G,0,,2027,389,60,63.5,63.9,,,63,0,1,0,1,0,0,0,1,1,0,N ALABAMA,N ALABAMA,,,
170631,Ryan Walker,G,0,,2028,389,54.1,79.4,74.2,,47.1,51,0,1,0,47,0,0,32,79,47,32,N ALABAMA,N ALABAMA,,,
170634,Dalton Bailey,WR,0,,2026,302,60.3,79,,60.1,60.9,86,0,1,0,0,41,0,9,50,41,9,STETSON,STETSON,66.2,,
170694,Jack Seelye,C,0,,2025,161,54,79.3,60.4,,54.1,65,0,1,0,22,0,0,42,64,22,42,E WASHGTON,E WASHGTON,,,
170695,Jared Taylor,QB,0,,2026,161,80.4,72.7,,,60,15,0,1,5,0,0,13,4,22,5,17,E WASHGTON,E WASHGTON,74,69,72.7
170696,Michael Wortham,QB,0,2026,2026,161,68.7,70.1,,76.3,60,06,0,1,0,0,3,2,1,6,3,3,E WASHGTON,E WASHGTON,68,,63.1
170761,Curron Borders,HB,0,,2030,279,67.9,76.4,50,75.7,58.4,14,0,1,0,15,21,19,2,57,36,21,SACRAMENTO,SACRAMENTO,35.3,,66.8
170765,Carson Conklin,QB,0,,2029,279,59.7,77.7,,,60,17,1,1,46,0,0,1,38,85,46,39,SACRAMENTO,SACRAMENTO,36.1,58.5,60.4
170777,Ezra Moleni,HB,0,,2026,279,78.9,73.5,23.9,75.1,58.7,06,0,1,0,3,4,7,3,17,7,10,SACRAMENTO,SACRAMENTO,71.4,,78.5
170781,Danny Scudero,WR,0,,2028,279,66.9,76.4,,66.3,60.5,10,0,1,0,0,30,0,9,39,30,9,SACRAMENTO,SACRAMENTO,65.7,,
170782,Onterrio Smith Jr.,WR,0,,2029,279,57.2,66.2,,58.3,,12,0,1,0,0,2,0,0,2,2,0,SACRAMENTO,SACRAMENTO,,,
170792,RJ Brown,LB,0,,2028,171,60,60,,,60,D15,0,1,0,0,0,0,1,1,0,1,GARD-WEBB,GARD-WEBB,,,
170797,Evan Ferguson,G,0,,2027,171,57.3,76.1,46.5,,57.7,59,0,1,0,11,0,0,13,24,11,13,GARD-WEBB,GARD-WEBB,,,
170799,Jackson Head,TE,0,,2028,116,55.3,77.1,,51,68,89,0,1,0,0,22,0,13,35,22,13,AUSTINPEAY,AUSTINPEAY,62.9,,
170801,Jaylen King,QB,0,,2028,157,66.4,77.2,,,60,02,0,1,32,0,0,12,31,75,32,43,E TENN ST,E TENN ST,73.3,58.2,71.6
170820,Kendall Williams,TE,0,,2027,157,60,68.1,63.8,,60,81,0,1,0,1,0,0,1,2,1,1,E TENN ST,E TENN ST,,,
170828,Landen Lucas,TE,0,,2026,277,56.1,78.9,70,57,54.9,82,0,1,0,4,25,0,24,53,29,24,ROB MORRIS,ROB MORRIS,61,,
170831,Trenell Ridgley,WR,0,,2026,277,61.2,76.2,,60.9,60,05,0,1,0,0,18,0,3,21,18,3,ROB MORRIS,ROB MORRIS,65.4,,
170834,Aaron Arteaga,WR,0,,2027,212,57.8,66.8,,59.3,60,13,0,1,0,0,1,0,1,2,1,1,MAINE,MAINE,,,
170842,Anthony Iliano,G,0,,2028,212,58.7,80,67.6,,54,74,0,1,0,48,0,0,21,69,48,21,MAINE,MAINE,,,
170847,Nick Laughlin,WR,0,,2028,212,62.7,75.1,,63.5,56.8,20,0,1,0,0,15,0,15,30,15,15,MAINE,MAINE,64.1,,
170873,Shane Garrett,FB,0,,2028,231,60,64.5,,,59.6,84,0,1,0,0,0,0,2,2,0,2,MONMOUTH,MONMOUTH,,,
170884,Marcus Middleton,TE,0,,2028,231,52.8,74.8,71.4,55.5,51.3,88,0,1,0,8,6,0,13,27,14,13,MONMOUTH,MONMOUTH,61,,
170885,Chris Moreno,G,0,,2028,231,64.4,79.7,87.1,,57.2,64,0,1,0,43,0,0,20,63,43,20,MONMOUTH,MONMOUTH,,,
170886,Tra Neal,WR,0,,2028,231,56.5,0,,58.7,61,17,1,1,0,0,34,0,9,43,34,9,MONMOUTH,MONMOUTH,62.9,,
170887,Rodney Nelson,HB,0,,2028,231,62,74.3,79.2,59.8,47.1,20,0,1,0,5,29,9,0,43,34,9,MONMOUTH,MONMOUTH,72.6,,64.6
170893,Drew Danson,TE,0,,2028,240,63.4,74.4,68.6,53.5,69.3,88,0,1,0,3,6,0,14,23,9,14,NEW HAMP,NEW HAMP,,,
170894,Logan Tomlinson,WR,0,,2025,240,67.5,79.2,61.8,69.4,49.2,05,0,1,0,1,31,0,35,67,32,35,NEW HAMP,NEW HAMP,65,,
170895,Ronald Anderson,T,0,,2028,276,53,72.4,33.6,,55.6,70,0,1,0,5,0,0,13,18,5,13,RICHMOND,RICHMOND,,,
170897,Jamaal Brown,HB,0,,2028,276,65.8,72.8,71.5,57.4,59.8,07,0,1,0,1,3,12,3,19,4,15,RICHMOND,RICHMOND,74,,65.1
170898,Godwin Burger,G,0,,2028,276,58.5,72.7,73.4,,57.2,68,0,1,0,3,0,0,6,9,3,6,RICHMOND,RICHMOND,,,
170900,Kade Capristo,C,0,,2028,276,57.5,0,74.8,,63.3,77,1,1,0,4,0,0,11,15,4,11,RICHMOND,RICHMOND,,,
170901,Camden Coleman,QB,0,,2028,276,90.8,75.7,,,60,14,0,1,16,0,0,2,30,48,16,32,RICHMOND,RICHMOND,68.2,90.8,61
170902,Landon Ellis,WR,0,,2028,276,65.9,77.4,,65.6,61.3,01,0,1,0,0,16,0,35,51,16,35,RICHMOND,RICHMOND,64.1,,
170904,Aziz Foster-Powell,HB,0,,2028,276,75.5,73.9,66.7,54.9,76,38,0,1,0,1,7,12,0,20,8,12,RICHMOND,RICHMOND,74,,72.2
170908,Cassius Harris,WR,0,,2028,276,70.3,0,,71.2,81.6,80,1,1,0,0,3,0,7,10,3,7,RICHMOND,RICHMOND,62.9,,
170917,Tommy Broderick,G,0,,2029,334,52.6,0,70.8,,54.8,78,1,1,0,15,0,0,32,47,15,32,VILLANOVA,VILLANOVA,,,
170919,Nolan Clayton,TE,0,,2029,334,59.7,73.2,65.4,57.4,60.2,85,0,1,0,1,5,0,19,25,6,19,VILLANOVA,VILLANOVA,63.6,,
170921,Kyle Fay,T,0,,2029,334,59.4,74.3,71,,56.4,67,0,1,0,10,0,0,22,32,10,22,VILLANOVA,VILLANOVA,,,
170926,Ja'briel Mace,HB,0,,2029,334,75.3,71.1,74.6,73.9,59.6,30,0,1,0,1,4,3,2,10,5,5,VILLANOVA,VILLANOVA,68.5,,72.5
170928,Chris McCullers,G,0,,2029,334,52.9,0,81.9,,54.1,76,1,1,0,15,0,0,32,47,15,32,VILLANOVA,VILLANOVA,,,
170932,Isaiah Ragland,HB,0,,2029,334,63.5,72.7,79.4,58.5,59.1,20,0,1,0,7,2,6,8,23,9,14,VILLANOVA,VILLANOVA,70.5,,62.1
170936,Jackson Blee,TE,0,,2029,348,52.6,69.7,67.4,60.1,47.5,86,0,1,0,1,2,0,2,5,3,2,WM & MARY,WM & MARY,61,,
170940,Kamron Frye,T,0,,2029,348,73.1,76.4,77,,68.7,65,0,1,0,35,0,0,26,61,35,26,WM & MARY,WM & MARY,,,
170946,Hayden Raley,G,0,,2029,348,57.2,78.7,62.8,,54.2,66,0,1,0,35,0,0,26,61,35,26,WM & MARY,WM & MARY,,,
170947,Garrett Robertson,WR,1,,2029,348,44,0,,54.9,59.5,81,1,1,0,0,7,0,8,15,7,8,WM & MARY,WM & MARY,,,
171112,Braden Dougherty,TE,0,,2028,145,56.1,78.3,72.4,48.3,64.7,86,0,1,0,9,21,0,26,56,30,26,COLUMBIA,COLUMBIA,,,
171113,Titus Evans,WR,0,,2028,145,56.6,74.8,,56.7,60.6,85,0,1,0,0,14,0,5,19,14,5,COLUMBIA,COLUMBIA,64.1,,
171115,Braylon Gardoni,WR,0,,2028,145,54.2,72.3,,54.9,,87,0,1,0,0,11,0,0,11,11,0,COLUMBIA,COLUMBIA,61,,
171117,Chase Goodwin,QB,0,,2028,145,42.8,73.5,,,60,15,0,1,15,0,0,0,12,27,15,12,COLUMBIA,COLUMBIA,66.4,46.9,50.2
171121,Griffin Johnson,HB,0,,2028,145,59.9,64.5,,60,60,32,0,1,0,0,1,0,1,2,1,1,COLUMBIA,COLUMBIA,,,
171135,Nik Winzer,T,0,,2028,145,61.8,77.8,63.1,,59,75,1,1,0,53,0,0,26,79,53,26,COLUMBIA,COLUMBIA,,,
171136,Nolan Albright,TE,0,,2028,147,59.2,63.5,,58.9,,49,0,1,0,0,1,0,0,1,1,0,CORNELL,CORNELL,,,
171139,Matheson Bossick,WR,0,,2026,147,58,63.9,,59.5,,21,0,1,0,0,1,0,0,1,1,0,CORNELL,CORNELL,,,
171148,Ryder Kurtz,TE,0,,2028,147,61.9,78.2,69.8,63.8,50.2,86,0,1,0,7,42,0,15,64,49,15,CORNELL,CORNELL,65.7,,
171151,Samuel Musungu,WR,0,,2028,147,60.5,79.2,,61.1,59.4,03,0,1,0,0,50,1,16,67,50,17,CORNELL,CORNELL,68.5,,57.5
171152,Dylan Page,T,0,,2028,147,71.6,18.1,72.4,,76.9,64,1,1,0,53,0,0,17,70,53,17,CORNELL,CORNELL,,,
171155,Ean Pope,HB,0,,2028,147,54.1,77.8,76.3,49.6,57.5,04,0,1,0,5,40,7,9,61,45,16,CORNELL,CORNELL,71.3,,55.2
171177,Nick Lemon,WR,0,,2028,148,58,65.6,,59.5,60,86,0,1,0,0,1,0,1,2,1,1,DARTMOUTH,DARTMOUTH,,,
171185,Grayson Saunier,QB,0,,2028,148,68.9,76.1,,,60,16,0,1,16,0,0,6,33,55,16,39,DARTMOUTH,DARTMOUTH,70.6,66.3,63.7
171194,Ryan Osborne,TE,0,,2026,179,57.5,75.4,,53.4,63.2,86,0,1,0,0,9,0,14,23,9,14,HARVARD,HARVARD,,,
171228,Joe Enick,G,0,,2027,299,57.3,78.1,69.5,,53.7,64,0,1,0,29,0,0,23,52,29,23,ST FRANCIS,ST FRANCIS,,,
171425,Jude McCoskey,T,0,,2028,191,70.2,76.9,67.5,,68,74,0,1,0,24,0,0,38,62,24,38,INDIANA ST,INDIANA ST,,,
171426,Elijah Owens,QB,0,,2028,191,69.5,76.9,,,60,02,0,1,26,0,0,8,34,68,26,42,INDIANA ST,INDIANA ST,32.8,49.6,78.1
171433,Carter Schmidt,T,0,,2028,191,49.2,73.9,61,,48.5,71,0,1,0,6,0,0,24,30,6,24,INDIANA ST,INDIANA ST,,,
171435,Zach Simpson,G,0,,2028,191,56.4,80,86.1,,51.9,68,0,1,0,26,0,0,42,68,26,42,INDIANA ST,INDIANA ST,,,
171443,BJ Wuest,WR,0,,2028,191,55.6,72,,56.4,59.6,14,0,1,0,0,3,0,3,6,3,3,INDIANA ST,INDIANA ST,,,
171468,Jaiden Ellis-Lahey,WR,0,,2028,255,59.2,74.2,,61.2,45.1,16,0,1,0,0,11,0,11,22,11,11,N IOWA,N IOWA,61,,
171488,Jimmy Athans,HB,0,,2029,295,64.5,74.8,76.4,61.1,56.7,32,0,1,0,2,13,9,3,27,15,12,S ILLINOIS,S ILLINOIS,72.8,,65.3
171492,Jamir Conn,CB,0,,2028,295,60,65,,,60,D04,0,1,0,0,0,0,1,1,0,1,S ILLINOIS,S ILLINOIS,,,
171500,Colton Hoag,TE,0,,2025,295,66.7,77.1,47.1,71.3,55,48,0,1,0,1,18,0,18,37,19,18,S ILLINOIS,S ILLINOIS,65,,
171504,Allen Middleton,WR,0,,2030,295,60.1,77.1,,60.3,56.5,15,0,1,0,0,34,0,22,56,34,22,S ILLINOIS,S ILLINOIS,65,,
171508,Chris Presto,LB,0,,2029,295,60,60,,,60,D06,0,1,0,0,0,0,1,1,0,1,S ILLINOIS,S ILLINOIS,,,
171511,Miles Wash,LB,0,,2029,295,60,60,,,60,D37,0,1,0,0,0,0,1,1,0,1,S ILLINOIS,S ILLINOIS,,,
171512,Cal Weidemann,WR,0,,2026,295,56,69.4,,56.7,60.1,84,0,1,0,0,3,0,3,6,3,3,S ILLINOIS,S ILLINOIS,,,
171530,Tyshon King,HB,0,,2025,353,58.8,73.3,74.6,56.2,59.7,10,0,1,0,1,5,15,2,23,6,17,YNGTOWN ST,YNGTOWN ST,75.5,,59
171539,Cyrus Traugh,WR,0,,2028,353,68.8,78.3,,68.1,63.8,18,0,1,0,0,21,0,31,52,21,31,YNGTOWN ST,YNGTOWN ST,70.3,,
171590,Moshood Giwa,T,0,,2028,1298,53.7,11.7,64.6,,55.7,74,1,1,0,27,0,0,29,56,27,29,LIUSHAR,LIUSHAR,,,
171608,Dylan Simpson,HB,0,,2027,1298,60,64.5,,,60,41,0,1,0,0,0,0,1,1,0,1,LIUSHAR,LIUSHAR,,,
171609,Aviyon Smith-Mack,WR,0,,2028,1298,54,78,,53.6,62.4,00,0,1,0,0,25,0,20,45,25,20,LIUSHAR,LIUSHAR,62.9,,
171622,Amir Johnson,T,0,,2028,385,60.4,77,73.6,,56.2,77,0,1,0,24,0,0,41,65,24,41,MERRIMACK,MERRIMACK,,,
171624,Matthias Latham,HB,0,,2028,385,65,72,75.9,59.9,57.8,34,0,1,0,2,1,1,4,8,3,5,MERRIMACK,MERRIMACK,62.5,,63.1
171626,Jalen McDonald,WR,0,,2028,385,69.9,76.9,67.1,67.7,61.6,04,0,1,0,1,12,1,28,42,13,29,MERRIMACK,MERRIMACK,65.3,,63.2
171629,Austin Palmer,WR,0,,2028,385,62.5,74.2,,62,61.1,05,0,1,0,0,11,0,12,23,11,12,MERRIMACK,MERRIMACK,61,,
171631,Brandon Smith,C,0,,2028,385,59,79.4,77.7,,56.3,58,0,1,0,24,0,0,41,65,24,41,MERRIMACK,MERRIMACK,,,
171632,Seth Sweitzer,WR,0,,2028,385,75.1,76.3,71.6,73.6,59.7,03,0,1,0,1,20,1,25,47,21,26,MERRIMACK,MERRIMACK,66.5,,63.1
171634,Brendon Wyatt,HB,0,,2028,385,76.2,72.7,,56,60,07,0,1,0,0,6,11,1,18,6,12,MERRIMACK,MERRIMACK,73.5,,75.4
171647,Brian Frasco,T,0,,2027,299,59.9,78.6,69.4,,57.2,68,0,1,0,29,0,0,22,51,29,22,ST FRANCIS,ST FRANCIS,,,
171652,Jeff Hoenstine,QB,0,,2027,299,29.1,69.1,,,60,02,0,1,2,0,0,1,4,7,2,5,ST FRANCIS,ST FRANCIS,10.6,29.4,59.2
171665,Sam Penna,WR,0,,2027,299,57.9,65.3,,59.4,60,17,0,1,0,0,1,0,1,2,1,1,ST FRANCIS,ST FRANCIS,,,
171687,Mateo Andrews,WR,0,,2028,338,60,67.9,,,60,82,0,1,0,0,0,0,3,3,0,3,WAGNER,WAGNER,,,
171688,Quin Bannon,TE,0,,2027,338,66.7,74.2,68.3,,64.3,49,0,1,0,1,0,0,24,25,1,24,WAGNER,WAGNER,,,
171694,Vincent Cajano III,TE,0,,2028,338,31.8,70.2,,,36.3,17,0,1,0,0,0,0,9,9,0,9,WAGNER,WAGNER,,,
171698,Jeremiah Colclough,WR,0,,2028,338,70.1,70.7,,68.9,59.5,04,0,1,0,0,6,0,4,10,6,4,WAGNER,WAGNER,61,,
171702,Peter Dempsey,ED,0,,2028,338,60,60,,,60,D47,0,1,0,0,0,0,1,1,0,1,WAGNER,WAGNER,,,
171703,Mark Didio Jr.,WR,0,,2026,338,54,73.6,,54,59,15,0,1,0,0,12,0,13,25,12,13,WAGNER,WAGNER,63.8,,
171708,Christopher Harris,TE,0,,2028,338,55.3,69.1,,,55.1,80,0,1,0,0,0,0,4,4,0,4,WAGNER,WAGNER,,,
171709,Gavin Hatfield,HB,0,,2027,338,65.8,66.2,,,,47,0,1,0,0,0,2,0,2,0,2,WAGNER,WAGNER,65.5,,64.1
171713,Sekou Kamau,HB,0,,2028,338,57.4,68.9,,60,60,00,0,1,0,0,1,2,1,4,1,3,WAGNER,WAGNER,65.5,,58.6
171717,Mateo Lucero,C,0,,2028,338,58.5,77,22.5,,61.9,78,0,1,0,12,0,0,25,37,12,25,WAGNER,WAGNER,,,
171720,Teree McDonald,WR,0,,2028,338,67,77,61.9,66.8,60.8,14,0,1,0,1,7,0,30,38,8,30,WAGNER,WAGNER,62.9,,
171727,Alex Rodriguez,WR,0,,2027,338,60.2,69.1,,,60.1,81,0,1,0,0,0,0,4,4,0,4,WAGNER,WAGNER,,,
171739,Kristian Valeriano,WR,0,,2027,338,60.5,71.2,,,60.5,06,0,1,0,0,0,0,7,7,0,7,WAGNER,WAGNER,,,
171741,Malik Wilson,C,0,,2028,338,54.3,67.7,,,51.4,72,0,1,0,0,0,0,4,4,0,4,WAGNER,WAGNER,,,
171754,Sebastian Pares,G,0,,2025,158,73.5,80.3,89.9,,70.4,71,0,1,0,57,0,0,15,72,57,15,E ILLINOIS,E ILLINOIS,,,
171764,Steve Hall,HB,0,,2028,949,93.6,74.9,,86.3,58.4,22,0,1,0,0,8,12,6,26,8,18,LNDNWD,LNDNWD,74,,92.5
171774,Jalen Smith,WR,0,,2028,949,65,72.4,,64.2,60,04,0,1,0,0,9,0,3,12,9,3,LNDNWD,LNDNWD,61,,
171778,Cole Watson,TE,0,,2027,949,59.3,65.2,,,56.6,48,0,1,0,0,0,0,2,2,0,2,LNDNWD,LNDNWD,,,
171782,Kywon Morgan,HB,0,,2025,236,66.8,73.4,69.6,75.6,60,06,0,1,0,1,11,8,1,21,12,9,MURRAY ST,MURRAY ST,72.2,,63.4
171793,Donnie Cheers,WR,0,,2028,293,56.9,66.3,,58.1,,81,1,1,0,0,2,0,0,2,2,0,SE MO ST,SE MO ST,,,
171795,Andrew Civey,TE,0,,2028,293,44.2,75.4,39.6,50.3,45.9,45,0,1,0,7,22,0,11,40,29,11,SE MO ST,SE MO ST,61,,
171806,Cole Ruble,HB,0,,2028,293,66.1,77.9,70.3,66.5,60,15,0,1,0,1,45,17,4,67,46,21,SE MO ST,SE MO ST,76,,66
171945,Xavier Allen,T,0,,2028,125,69.5,77.1,39.6,,76.2,70,0,1,0,39,0,0,27,66,39,27,BUCKNELL,BUCKNELL,,,
171948,TJ Cadden,WR,0,,2030,125,57.9,73.7,,61.4,38,80,0,1,0,0,14,0,2,16,14,2,BUCKNELL,BUCKNELL,72,,
171964,Sam Milligan,WR,0,,2030,125,71.3,74.4,,73.5,79.2,84,0,1,1,0,8,0,9,18,9,9,BUCKNELL,BUCKNELL,63.7,50.4,
171965,Mark Mulhern,T,0,,2030,125,57,76.5,31.4,,65.7,56,0,1,0,39,0,0,27,66,39,27,BUCKNELL,BUCKNELL,,,
171980,Sean Haney,G,0,,2028,142,63.1,76.5,82.5,,59.6,60,0,1,0,16,0,0,14,30,16,14,COLGATE,COLGATE,,,
171982,Will Marshall,T,0,,2028,142,60,66.1,,,60,74,0,1,0,0,0,0,2,2,0,2,COLGATE,COLGATE,,,
171991,Jake Stearney,QB,0,,2028,142,44.8,76.2,,,60.1,15,0,1,31,0,0,0,24,55,31,24,COLGATE,COLGATE,68.3,45.9,52.8
171992,Ryan Steinbrink,T,0,,2028,142,46.5,76,42.6,,48.2,76,0,1,0,31,0,0,26,57,31,26,COLGATE,COLGATE,,,
171994,Reed Swanson,WR,0,,2028,142,54.9,74.9,,55.7,55.2,80,0,1,0,0,14,0,7,21,14,7,COLGATE,COLGATE,62.9,,
171998,Chuck Volans,TE,0,,2028,142,60,63.5,,,60,85,0,1,0,0,0,0,1,1,0,1,COLGATE,COLGATE,,,
172013,Nodin Tracy,WR,0,,2028,168,65,73.2,,64.3,60,21,0,1,0,0,8,0,4,12,8,4,FORDHAM,FORDHAM,61,,
172018,Burke Carroll,TE,0,,2028,172,64.2,78.6,70.8,63.4,60,87,0,1,0,7,14,0,40,61,21,40,GEORGETOWN,GEORGETOWN,62.9,,
172019,Bryce Cox,HB,0,,2028,172,80,74.5,0,54.9,59.6,31,0,1,0,0,9,17,4,30,9,21,GEORGETOWN,GEORGETOWN,75.8,,81
172022,Udechukwu Enyeribe,HB,0,,2028,172,68.2,66.8,,,,27,0,1,0,0,0,3,0,3,0,3,GEORGETOWN,GEORGETOWN,69.8,,66.2
172036,Mosiah Talanoa,T,0,,2028,172,61.2,77.2,71.3,,57.8,78,1,1,0,27,0,0,51,78,27,51,GEORGETOWN,GEORGETOWN,,,
172039,Troy Bruce,HB,0,,2030,203,55.6,74.5,70.3,56.9,58.8,12,0,1,0,1,3,6,4,14,4,10,LAFAYETTE,LAFAYETTE,70.5,,56.6
172047,Ethan Hosak,TE,0,,2028,203,58,69.6,,70,50.7,85,0,1,0,0,3,0,8,11,3,8,LAFAYETTE,LAFAYETTE,61,,
172049,Avery Jones,WR,0,,2028,203,71.2,76.9,,70.4,62.4,04,0,1,0,0,34,0,21,55,34,21,LAFAYETTE,LAFAYETTE,65.7,,
172059,Devin Paige,WR,0,,2027,203,55.8,67.8,,59.5,55.4,13,0,1,0,0,1,0,3,4,1,3,LAFAYETTE,LAFAYETTE,,,
172060,Carson Persing,WR,0,,2028,203,74.8,76.6,,73.6,46,07,0,1,1,0,35,0,20,56,36,20,LAFAYETTE,LAFAYETTE,66.9,76.2,
172070,Sean Wilson,T,0,,2028,203,65.8,75.6,83.8,,57.7,64,0,1,0,29,0,0,21,50,29,21,LAFAYETTE,LAFAYETTE,,,
172081,Austin Huff,G,0,,2028,205,61.2,78.4,73.4,,59,67,0,1,0,18,0,0,27,45,18,27,LEHIGH,LEHIGH,,,
172082,Mason Humphrey,WR,0,,2028,205,55,79.5,,54,61.7,82,1,1,0,0,24,0,44,68,24,44,LEHIGH,LEHIGH,64.1,,
172085,Joseph Marranca,TE,0,,2028,205,54.8,75.9,,59.2,53.6,86,0,1,0,0,1,0,27,28,1,27,LEHIGH,LEHIGH,,,
172092,Jake Stalsitz,TE,0,,2027,205,55,72,,57.4,56.1,87,0,1,0,0,2,0,12,14,2,12,LEHIGH,LEHIGH,,,
172094,Luke Yoder,HB,0,,2028,205,75.2,75.7,,78.4,59.5,06,0,1,0,0,13,19,4,36,13,23,LEHIGH,LEHIGH,76.6,,71.3
172112,Hayden Olmsted,C,0,,2025,127,53.9,79.1,28.6,,57.8,55,0,1,0,20,0,0,36,56,20,36,BUTLER,BUTLER,,,
172132,Vincent Anthony,TE,0,,2025,234,49.5,68.8,26.3,,57.9,40,0,1,0,2,0,0,5,7,2,5,MOREHEAD,MOREHEAD,,,
172136,Torbyn Eakins,T,0,,2027,234,60,67,72.2,,60,72,0,1,0,2,0,0,1,3,2,1,MOREHEAD,MOREHEAD,,,
172152,Stefano Giovannelli,WR,0,,2029,1129,60,67.3,,,60,18,0,1,0,0,0,0,2,2,0,2,STTHOM,STTHOM,,,
172153,Avery Goodrich,C,0,,2027,1129,60,65.2,,,60,64,0,1,0,0,0,0,1,1,0,1,STTHOM,STTHOM,,,
172156,Peyton Himley,S,0,,2028,1129,60,64.9,63.8,,,D23,0,1,0,1,0,0,0,1,1,0,STTHOM,STTHOM,,,
172157,Elliot Huether,K,0,,2028,1129,53,70.3,,,,S48,0,1,1,0,0,0,0,1,1,0,STTHOM,STTHOM,60.3,49.6,
172159,Marcus Johnson,G,0,,2028,1129,59,73.9,85.6,,56.7,61,0,1,0,6,0,0,10,16,6,10,STTHOM,STTHOM,,,
172161,Jeffrey Keller,G,0,,2028,1129,60,65.8,,,59.8,55,0,1,0,0,0,0,2,2,0,2,STTHOM,STTHOM,,,
172164,Owen Lyons,WR,0,,2028,1129,60,66.8,,,59.9,19,0,1,0,0,0,0,2,2,0,2,STTHOM,STTHOM,,,
172168,Eli Paulson,WR,0,,2028,1129,56.2,75.1,,56.2,60.2,05,0,1,0,0,6,0,7,13,6,7,STTHOM,STTHOM,,,
172171,Kaleb Rector,C,0,,2028,1129,60,67.3,,,60,73,0,1,0,0,0,0,2,2,0,2,STTHOM,STTHOM,,,
172172,Michael Rostberg,QB,0,,2027,1129,60,63.6,,,,14,0,1,0,0,0,1,0,1,0,1,STTHOM,STTHOM,62.5,,60
172178,Delainey Suraju,DI,0,,2026,1129,60,60,63.8,,,D44,0,1,0,1,0,0,0,1,1,0,STTHOM,STTHOM,,,
172179,Tak Tateoka,QB,0,,2028,1129,49.9,76.3,,,60,12,0,1,19,0,0,10,31,60,19,41,STTHOM,STTHOM,31.6,54.3,50.6
172214,Jai'Lun Hampton,T,0,,2027,310,67.5,71.9,75.6,,65.7,72,0,1,0,3,0,0,11,14,3,11,TENN MARTN,TENN MARTN,,,
172253,Rykin Maxwell,WR,0,,2029,236,61.2,72.1,,60.7,61.1,00,0,1,0,0,5,0,8,13,5,8,MURRAY ST,MURRAY ST,61,,
172278,MarShawn Ferguson Jr.,WR,0,,2028,178,63.9,73.6,,63.3,60.8,11,0,1,0,0,13,0,8,21,13,8,HAMPTON,HAMPTON,62.9,,
172505,Deljay Bailey,QB,0,,2028,177,67.9,75.4,,,60,05,0,1,14,0,0,6,25,45,14,31,GRAMBLING,GRAMBLING,70,62.9,65.9
172564,Dylan Laible,QB,0,,2025,309,68.7,75.9,,,60,07,0,1,23,0,0,1,30,54,23,31,TENN TECH,TENN TECH,68.1,67.5,60
172607,Deago Benson,HB,0,,2027,301,57.5,65.2,0,60,60,28,0,1,0,0,1,0,1,2,1,1,STF AUSTIN,STF AUSTIN,,,
172672,Samuel Albee,TE,0,,2028,219,58.3,75.5,62.3,50.9,63.6,86,0,1,0,8,10,0,18,36,18,18,MERCER,MERCER,,,
172674,Amarii Atchison,T,1,,2028,219,39,74.8,1.5,,50.5,74,1,1,0,16,0,0,23,39,16,23,MERCER,MERCER,,,
172675,Tyrell Coard,HB,0,,2027,219,58.3,66.1,37.6,59.1,,25,0,1,0,1,2,0,0,3,3,0,MERCER,MERCER,,,
172676,Adjatay Dabbs,WR,0,,2029,219,75.1,73.9,,71.8,60.5,18,0,1,0,0,8,1,8,17,8,9,MERCER,MERCER,64.3,,63.2
172677,Ty Everson,TE,0,,2027,219,55.9,72.5,,56.1,57.7,88,0,1,0,0,2,0,15,17,2,15,MERCER,MERCER,,,
172682,Kendall Harris,WR,0,,2028,219,53.8,0,61,53.9,79.4,07,1,1,0,1,20,0,27,48,21,27,MERCER,MERCER,61,,
172686,Scooter Risper,WR,0,,2025,219,60,63.3,,,60,81,0,1,0,0,0,0,1,1,0,1,MERCER,MERCER,,,
172687,Demetri Robinson,G,0,,2026,274,53.9,76.4,57.7,,52.3,52,0,1,0,14,0,0,19,33,14,19,RHODE ISLD,RHODE ISLD,,,
172688,Brayden Smith,WR,0,,2028,219,77.9,75.6,69.4,74.5,61.8,21,0,1,0,2,20,2,13,37,22,15,MERCER,MERCER,71.6,,68.3
172700,Mike Lengi,C,0,,2028,139,60,67.6,,,60,62,0,1,0,0,0,0,1,1,0,1,CITADEL,CITADEL,,,
172703,Darwin Murillo,T,0,,2028,139,62.5,73.9,69.5,,59.9,75,0,1,0,11,0,0,16,27,11,16,CITADEL,CITADEL,,,
172708,Nico Rodriguez-Pena,G,0,,2028,139,59.3,79.9,41.3,,60.1,63,0,1,0,20,0,0,44,64,20,44,CITADEL,CITADEL,,,
172710,Kaiden Swortzel,TE,0,,2027,139,74,74.1,71.1,,69.3,81,0,1,0,5,0,0,29,34,5,29,CITADEL,CITADEL,,,
172721,Andrew Kocan,T,0,,2028,212,64.6,77.3,76.2,,55.5,57,0,1,0,48,0,0,21,69,48,21,MAINE,MAINE,,,
172722,Nathan Lhotsky,TE,0,,2028,336,50.1,75.1,,52.9,47.1,07,0,1,0,0,19,0,7,26,19,7,VA MILT IN,VA MILT IN,61,,
172724,Egypt Nelson,WR,0,,2028,336,65.6,76.3,,67.1,60.6,05,0,1,1,0,23,0,17,41,24,17,VA MILT IN,VA MILT IN,63.7,,57.3
172728,Tristan Woodley,T,0,,2028,336,58.1,70.3,57.5,,57.7,74,0,1,0,4,0,0,5,9,4,5,VA MILT IN,VA MILT IN,,,
172737,Jer'Michael Carter,WR,0,,2028,217,61.2,77.8,,60.8,62.1,10,0,1,0,0,47,0,21,68,47,21,MCNEESE,MCNEESE,65.7,,
172742,David Duvall,C,0,,2025,217,62.3,80.2,61,,61.2,54,0,1,0,52,0,0,25,77,52,25,MCNEESE,MCNEESE,,,
172746,Jamall Franklin Jr.,T,0,,2027,217,60,64.4,,,60,74,0,1,0,0,0,0,1,1,0,1,MCNEESE,MCNEESE,,,
172750,Jonathan Harris,WR,0,,2026,217,57.9,76.4,,59.2,59.8,03,0,1,0,0,22,1,5,28,22,6,MCNEESE,MCNEESE,66,,57.6
172756,Jamaal Levi,WR,0,,2029,217,58.2,72.7,,58.3,60,80,0,1,0,0,12,0,1,13,12,1,MCNEESE,MCNEESE,67.5,,
172760,Cory O'Bryant,WR,0,,2027,217,55.9,67.5,,57,,84,0,1,0,0,3,0,0,3,3,0,MCNEESE,MCNEESE,,,
172774,Jalen Wright,WR,0,,2029,217,57.9,69.9,,58.5,60,85,0,1,0,0,2,0,2,4,2,2,MCNEESE,MCNEESE,,,
172775,Jordan Aaron,G,0,,2026,243,64.6,80.2,86.6,,59.5,60,0,1,0,40,0,0,32,72,40,32,NICHOLLS,NICHOLLS,,,
172784,Twon Hines,WR,0,,2025,257,59.1,77.7,,58.6,62,01,0,1,0,0,25,0,14,39,25,14,NWSTATE,NWSTATE,61,,
172790,Quentin Ross,C,0,,2026,177,70.8,73.4,73.9,,68.4,53,0,1,0,3,0,0,8,11,3,8,GRAMBLING,GRAMBLING,,,
172795,Corin Boudreaux,G,0,,2028,294,56.1,79.9,77.7,,48.8,63,0,1,0,54,0,0,33,87,54,33,SE LA,SE LA,,,
172796,Rodney Brown Jr.,CB,0,,2027,294,60,64.9,63.8,,,D21,0,1,0,1,0,0,0,1,1,0,SE LA,SE LA,,,
172803,Jaylon Domingeaux,WR,0,,2028,294,66.2,0,,67,63.1,01,1,1,0,0,52,0,31,83,52,31,SE LA,SE LA,67.9,,
172809,Jirrea Johnson Jr.,LB,0,,2028,294,60,60,63.8,,,D43,0,1,0,1,0,0,0,1,1,0,SE LA,SE LA,,,
172833,Joshua Daniel,G,0,,2028,105,57.8,74.7,77.1,,56.1,55,0,1,0,5,0,0,12,17,5,12,ALABAMA ST,ALABAMA ST,,,
172837,Asa Gregg,WR,0,,2028,105,79.5,77.8,,78.8,62.1,17,0,1,0,0,18,0,24,42,18,24,ALABAMA ST,ALABAMA ST,65,,
172838,Ajai Harrell,WR,0,,2028,105,66.6,76.7,,64.9,56.2,06,0,1,0,0,19,1,21,41,19,22,ALABAMA ST,ALABAMA ST,68.4,,63.3
172840,Eric Horn,WR,0,,2029,105,50,0,,53.1,62,14,1,1,0,0,17,0,18,35,17,18,ALABAMA ST,ALABAMA ST,,,
172872,Levontai Summersett,HB,0,,2027,164,72.3,73.8,69.8,57.8,,20,0,1,0,2,9,9,0,20,11,9,FL A&M,FL A&M,72.6,,73.4
172885,Quaveon Davis,T,0,,2028,194,71.9,76.5,29.3,,78.7,79,0,1,0,26,0,0,38,64,26,38,JACKSON ST,JACKSON ST,,,
172900,Sebastien Saint-Louis,TE,0,,2028,194,41.6,0,66.8,53.4,55,83,1,1,0,1,4,0,8,13,5,8,JACKSON ST,JACKSON ST,,,
172906,Almetris Smith Jr.,C,0,,2026,194,61.9,76.7,79.3,,58.5,62,0,1,0,15,0,0,16,31,15,16,JACKSON ST,JACKSON ST,,,
172908,Isaiah Spencer,WR,0,,2028,194,78.4,75.7,,79,57.4,11,0,1,0,0,18,0,28,46,18,28,JACKSON ST,JACKSON ST,65,,
172909,D'Andre Townes-Blue,G,0,,2026,194,58.9,79.6,66.3,,56.9,74,0,1,0,26,0,0,38,64,26,38,JACKSON ST,JACKSON ST,,,
172945,Dane Farley,TE,0,,2028,189,59.2,65.6,,,57.7,47,0,1,0,0,0,0,2,2,0,2,INCAR WORD,INCAR WORD,,,
172954,Rasheed Jackson,T,0,,2028,189,52.7,77.2,69.2,,45.8,75,1,1,0,37,0,0,30,67,37,30,INCAR WORD,INCAR WORD,,,
172961,Lontrell Turner,HB,0,,2028,189,68.6,72.9,74.6,54,60,00,0,1,0,1,8,11,1,21,9,12,INCAR WORD,INCAR WORD,73.5,,69.2
172966,Elias Ripley,C,0,,2026,204,60.8,78,80.1,,57.5,58,0,1,0,17,0,0,28,45,17,28,LAMAR,LAMAR,,,
172977,Steven Eakins,T,0,,2026,298,52.8,10.6,83.4,,50.7,71,2,1,0,24,0,0,34,58,24,34,SO UTAH,SO UTAH,,,
172984,Anson Kraut,WR,0,,2027,298,64.3,74.7,,63.5,62.2,81,0,1,0,0,9,0,13,22,9,13,SO UTAH,SO UTAH,61,,
172985,Chase Merrell,TE,0,,2027,298,67.6,77.4,69.2,81.9,52.7,84,0,1,0,2,12,0,36,50,14,36,SO UTAH,SO UTAH,64.1,,
173001,Kona Crowell,HB,0,,2028,1285,68.5,75.8,62.7,69.4,62,23,0,1,0,8,25,9,9,51,33,18,UTAHTC,UTAHTC,72.8,,69
173016,Bryce Parker,WR,0,,2028,1285,61.4,75.7,,59.6,71.7,14,0,1,0,0,19,0,12,31,19,12,UTAHTC,UTAHTC,70.4,,
173067,Surahz Buncom,WR,0,,2027,158,54.2,73.6,,54.7,60,05,0,1,0,0,10,0,3,13,10,3,E ILLINOIS,E ILLINOIS,,,
173085,Tony Terry,TE,0,,2029,293,60,65.9,,,59.2,38,0,1,0,0,0,0,1,1,0,1,SE MO ST,SE MO ST,,,
173086,Reece Thomas,WR,0,,2027,949,69.4,73,,68.2,61.3,10,0,1,0,0,13,0,7,20,13,7,LNDNWD,LNDNWD,62.9,,
173135,Rohan Fluellen,WR,1,,2028,301,65.3,0,,72.9,60.1,17,1,1,0,0,5,0,3,8,5,3,STF AUSTIN,STF AUSTIN,64.1,,
173215,Joshua Smith,TE,0,,2027,235,57.8,73.8,,56.6,60,08,0,1,0,0,2,0,12,14,2,12,MORGAN ST,MORGAN ST,,,
173264,Richard Dandridge,WR,0,,2028,353,68,73.8,,66.6,61.6,03,0,1,0,0,6,0,7,13,6,7,YNGTOWN ST,YNGTOWN ST,61,,
173469,Silas Evans III,WR,0,,2028,250,54.2,74.5,,54.4,59.5,16,0,1,0,0,9,0,9,18,9,9,N DAK ST,N DAK ST,,,
173503,Jaceon Doss,WR,0,,2027,317,70,80.4,,68.1,73.8,11,0,1,0,0,39,0,29,68,39,29,TOWSON,TOWSON,67.5,,
173561,Chinazo Obobi,T,0,,2026,116,63.1,76.9,83.4,,52.3,55,0,1,0,40,0,0,24,64,40,24,AUSTINPEAY,AUSTINPEAY,,,
173570,Tyquan Henderson,WR,0,,2026,194,63.4,80.4,,62.9,61.8,04,0,1,0,0,25,0,37,62,25,37,JACKSON ST,JACKSON ST,66.6,,
173585,Andrew Frazier,TE,0,,2028,149,41.9,75,,57,60,08,0,1,12,0,1,4,25,42,13,29,DAVIDSON,DAVIDSON,69.3,29.3,65
173602,Liam Turner,C,0,,2028,149,57.8,78,48.5,,58.7,72,0,1,0,16,0,0,28,44,16,28,DAVIDSON,DAVIDSON,,,
173611,Ja'Carree Kelly,WR,0,,2028,151,75.5,77.2,,75.8,60.2,09,0,1,0,0,17,0,18,35,17,18,DELAWARE,DELAWARE,64.6,,
173613,Phil Lutz,WR,0,2025,2025,151,55,78.8,,52.9,73.7,13,0,1,0,0,28,0,28,56,28,28,DELAWARE,DELAWARE,62.9,,
173617,Nick Minicucci,QB,0,,2028,151,63.6,76.5,,,60,04,0,1,33,0,0,3,27,63,33,30,DELAWARE,DELAWARE,69.9,66.2,52.7
173622,Saeed St. Fleur,HB,0,,2027,151,55.1,67.3,,60,60,28,0,1,0,0,1,2,1,4,1,3,DELAWARE,DELAWARE,65.5,,56.4
173738,Jaden Barnes,WR,0,,2028,116,64.2,79,,64.4,60.5,10,0,1,0,0,43,0,26,69,43,26,AUSTINPEAY,AUSTINPEAY,65.7,,
173768,Courtland Simmons,HB,0,,2028,116,60,63.5,,,60,29,0,1,0,0,0,0,1,1,0,1,AUSTINPEAY,AUSTINPEAY,,,
173775,Kaden Williams,HB,0,,2028,116,56.6,70,,61.8,59.4,25,0,1,0,0,6,1,3,10,6,4,AUSTINPEAY,AUSTINPEAY,65.7,,57.2
173776,Ty Williams,T,0,,2028,116,59.7,77.4,78.9,,48.9,57,0,1,0,44,0,0,28,72,44,28,AUSTINPEAY,AUSTINPEAY,,,
173816,Kristopher Boyd,T,1,,2028,235,44,0,63.8,,55.9,73,2,1,0,20,0,0,10,30,20,10,MORGAN ST,MORGAN ST,,,
173819,Jason Collins Jr.,HB,0,,2028,235,83.7,74.1,75.5,71,60,02,0,1,0,3,9,14,1,27,12,15,MORGAN ST,MORGAN ST,75,,81.5
173824,Kahari Finley,T,0,,2028,235,47.5,77,50.2,,46.6,71,0,1,0,30,0,0,33,63,30,33,MORGAN ST,MORGAN ST,,,
173833,Myles Miree,HB,0,,2025,235,60.3,71.5,,56.7,59.8,05,0,1,0,0,5,7,2,14,5,9,MORGAN ST,MORGAN ST,71.3,,60.7
173835,Evan Rawlick,T,0,,2027,235,35.9,74.1,0,,48.4,70,0,1,0,10,0,0,24,34,10,24,MORGAN ST,MORGAN ST,,,
173837,Tahj Smith,QB,0,,2028,235,50.5,76.5,,,60,00,0,1,30,0,0,3,29,62,30,32,MORGAN ST,MORGAN ST,29.4,55.8,47.5
173890,Will Beargie,T,0,,2028,272,60.7,68.8,70.9,,59.7,70,0,1,0,1,0,0,5,6,1,5,PRINCETON,PRINCETON,,,
173891,Aidan Besselman,WR,0,,2028,272,58.3,70.8,,59.3,60.5,11,0,1,0,0,1,0,5,6,1,5,PRINCETON,PRINCETON,,,
173892,Rashad Caldwell,WR,0,,2028,272,57.3,67.9,,59.1,59.8,83,0,1,0,0,1,0,3,4,1,3,PRINCETON,PRINCETON,,,
173896,Jack Comeau,TE,0,,2028,272,67.2,74.6,,68.5,61.8,84,0,1,0,0,7,0,13,20,7,13,PRINCETON,PRINCETON,61,,
173897,Barrett Eddlemon,G,0,,2028,272,56.3,71.2,71.3,,55.7,64,0,1,0,1,0,0,5,6,1,5,PRINCETON,PRINCETON,,,
173899,Jackson Green,WR,0,,2028,272,57.8,72.7,,57.7,60.9,80,0,1,0,0,2,0,10,12,2,10,PRINCETON,PRINCETON,,,
173918,Joey Wassler,TE,0,,2028,272,56.4,76.4,66.8,61,40,87,1,1,0,1,21,0,12,34,22,12,PRINCETON,PRINCETON,62.9,,
173924,Javon Robinson,WR,0,,2028,177,53.7,0,,56.8,60.8,08,1,1,0,0,17,0,18,35,17,18,GRAMBLING,GRAMBLING,65.8,,
173925,Tylon Williams,WR,0,,2029,177,54.6,77.7,,54.8,60.9,17,0,1,0,0,10,0,5,15,10,5,GRAMBLING,GRAMBLING,,,
173946,Aaron Garnett,G,0,,2027,178,51.2,71.1,,,51.2,53,0,1,0,0,0,0,6,6,0,6,HAMPTON,HAMPTON,,,
173965,Jalen Williamson-Thomas,C,0,,2028,178,55.3,78.2,58.1,,55.1,51,0,1,0,22,0,0,24,46,22,24,HAMPTON,HAMPTON,,,
174018,Freddie Pelling,T,0,,2028,131,53.5,76.1,76.7,,48.3,66,0,1,0,22,0,0,29,51,22,29,CAMPBELL,CAMPBELL,,,
174226,Nolan Latulippe,T,0,,2028,106,52.1,76.8,42.9,,55.3,77,0,1,0,39,0,0,29,68,39,29,ALBANY,ALBANY,,,
174234,Kenaz McMillian,WR,0,,2028,162,56,71.1,,56.8,58.8,09,0,1,0,0,4,0,4,8,4,4,ELON,ELON,,,
174273,X'Zavion Evans,HB,0,,2026,244,75.1,70.2,75.2,57.5,,33,0,1,0,2,3,7,0,12,5,7,NORFOLK,NORFOLK,71.3,,73.1
174277,Elyjah Mitchell,WR,0,,2028,244,64.7,77.2,,64.1,62.2,81,0,1,0,0,18,0,32,50,18,32,NORFOLK,NORFOLK,62.9,,
174335,Ian Markham-Miller,C,0,,2028,317,60,68.7,,,60.1,69,0,1,0,0,0,0,3,3,0,3,TOWSON,TOWSON,,,
174389,Barry White,TE,0,,2026,104,50.4,74.9,69.9,52.3,63,42,0,1,1,2,12,0,11,26,15,11,ALAB A&M,ALAB A&M,60.3,47.3,
174400,Christian Loving,C,0,,2027,119,43.9,0,50.6,,57.6,55,3,1,0,28,0,0,31,59,28,31,BETH COOK,BETH COOK,,,
174402,Omari Stewart,WR,0,,2026,119,61.3,74.5,,63.3,59.5,10,0,1,0,0,12,1,6,19,12,7,BETH COOK,BETH COOK,65.3,,57.5
174404,Markell Quick,WR,0,,2029,247,76,75.5,61.9,77.3,44.2,06,0,1,0,1,26,0,14,41,27,14,NC CENT,NC CENT,65.7,,
174406,Darryl Taylor,WR,0,,2029,247,55,71.3,,55.6,60.2,81,0,1,0,0,5,0,4,9,5,4,NC CENT,NC CENT,72.8,,
174409,CharMar Brown,HB,0,,2028,250,75.5,74.6,70,56.8,,25,0,1,0,1,5,13,0,19,6,13,N DAK ST,N DAK ST,74.4,,73.7
174413,Marcus Gulley,LB,0,,2025,250,60,60,,,60,D00,0,1,0,0,0,0,1,1,0,1,N DAK ST,N DAK ST,,,
174417,Beau Johnson,T,0,,2029,250,66.2,75.6,85.4,,58.7,70,0,1,0,21,0,0,28,49,21,28,N DAK ST,N DAK ST,,,
174421,Jack Liwienski,G,0,,2029,250,61.6,78.4,83.5,,58.1,66,0,1,0,19,0,0,27,46,19,27,N DAK ST,N DAK ST,,,
174428,Nate Schneckloth,G,0,,2029,250,57.6,74.2,80,,55.1,72,0,1,0,6,0,0,11,17,6,11,N DAK ST,N DAK ST,,,
174435,Will Averbuck,T,0,,2025,271,59.5,70,71.2,,58.2,73,0,1,0,2,0,0,7,9,2,7,PRESBYTERN,PRESBYTERN,,,
174439,JT Hill,T,0,,2027,271,76.5,76.9,58.8,,77.4,79,1,1,0,30,0,0,43,73,30,43,PRESBYTERN,PRESBYTERN,,,
174445,Robert Porter,DI,0,,2026,271,60,63.3,,,60,D99,0,1,0,0,0,0,1,1,0,1,PRESBYTERN,PRESBYTERN,,,
174454,Keyondray Jones-Logan,WR,0,,2028,291,53.3,71.1,,56.8,60,07,0,1,0,0,6,1,1,8,6,2,S DAKOTA,S DAKOTA,64.3,,57.3
174457,Kyree Benton,WR,0,,2028,152,59.7,78.4,,58.3,58.9,88,0,1,0,0,29,2,22,53,29,24,DELWARE ST,DELWARE ST,68.9,,62.9
174459,Kenion Camphor,G,0,,2027,152,58.1,78.5,72.4,,53.9,78,0,1,0,31,0,0,27,58,31,27,DELWARE ST,DELWARE ST,,,
174465,Ebubedike Nnabugwu,C,0,,2028,152,52.8,78.8,58.8,,50.8,50,0,1,0,22,0,0,27,49,22,27,DELWARE ST,DELWARE ST,,,
174469,Kristian Tate,WR,0,,2028,152,58,64.8,,59.3,,81,0,1,0,0,1,0,0,1,1,0,DELWARE ST,DELWARE ST,61.9,,
174470,Takai Wallace,T,0,,2028,152,57.9,73.6,71.4,,54,52,0,1,0,11,0,0,17,28,11,17,DELWARE ST,DELWARE ST,,,
174480,Precious Ekeh,G,0,,2028,133,61.8,79.4,87.4,,55.2,75,0,1,0,45,0,0,31,76,45,31,CENT CT ST,CENT CT ST,,,
174489,Karl Khuns,TE,0,,2028,133,44.5,72.1,68,52,48,D99,0,1,0,2,4,0,15,21,6,15,CENT CT ST,CENT CT ST,,,
174495,Dave Pardo,WR,0,,2028,133,55.8,77.5,,55.7,60.3,81,0,1,0,0,26,0,13,39,26,13,CENT CT ST,CENT CT ST,61,,
174513,KC Comyford,T,0,,2025,183,48.5,19.4,48.3,,53.9,70,1,1,0,43,0,0,27,70,43,27,HOUCHR,HOUCHR,,,
174515,Champ Dozier,WR,0,,2028,183,43.3,75.9,76.6,41.1,57.8,01,0,1,0,3,18,3,6,30,21,9,HOUCHR,HOUCHR,67.3,,56
174527,Trent Savage,C,0,,2029,183,52.8,79,51.3,,52.9,71,0,1,0,37,0,0,18,55,37,18,HOUCHR,HOUCHR,,,
174531,Cutter Stewart,QB,0,,2028,183,27.8,71.4,,,60,06,0,1,6,0,0,3,6,15,6,9,HOUCHR,HOUCHR,68,25.9,60.5
174532,Jesse Valenzuela,HB,0,,2025,183,61.9,73.6,,55.3,60.5,13,0,1,0,0,7,6,4,17,7,10,HOUCHR,HOUCHR,71.2,,63.5
174537,Dontay Bishop,TE,0,,2028,274,54.6,68.3,65.6,,54.6,98,0,1,0,1,0,0,6,7,1,6,RHODE ISLD,RHODE ISLD,,,
174572,Aidan Littles,HB,0,,2028,309,71.5,72.3,71.5,56.2,60,32,0,1,0,1,7,8,2,18,8,10,TENN TECH,TENN TECH,71.9,,71.4
174573,Tyler Nix,TE,0,,2028,309,57.1,70.9,,58.7,55.7,81,0,1,0,0,3,0,4,7,3,4,TENN TECH,TENN TECH,61,,
174575,Mekhi Penix,WR,0,,2029,309,58.9,64.8,,59.9,,13,0,1,0,0,1,0,0,1,1,0,TENN TECH,TENN TECH,,,
174576,Reece Perkins,TE,0,,2025,309,71.4,76.6,,52.1,84.5,84,0,1,0,0,9,0,20,29,9,20,TENN TECH,TENN TECH,,,
174593,Matthew Goldman,ED,0,,2029,1139,60,60,,,60,D43,0,1,0,0,0,0,1,1,0,1,TXAMEA,TXAMEA,,,
174599,Preston Kilgore,TE,0,,2028,1139,38.6,72.8,67.5,36.4,57.2,81,0,1,0,1,4,0,6,11,5,6,TXAMEA,TXAMEA,,,
174610,Matthew Welch,C,0,,2027,1139,60.7,76,83.4,,50,64,0,1,0,26,0,0,4,30,26,4,TXAMEA,TXAMEA,,,
174616,Peyton Bradford,ED,0,,2026,345,60,60,,,60,D09,1,1,0,0,0,0,1,1,0,1,W ILLINOIS,W ILLINOIS,,,
174760,Jake Hellmann,G,0,,2027,186,60.4,80.3,76.4,,54.9,75,0,1,0,46,0,0,29,75,46,29,IDAHO ST,IDAHO ST,,,
174846,Torey Lambert,HB,0,,2027,157,60,71.8,63.8,,,08,0,1,0,1,0,0,0,1,1,0,E TENN ST,E TENN ST,,,
174895,Jackson Conners-McCarthy,WR,0,,2027,213,63.7,76.8,,63.3,61.2,89,0,1,0,0,26,0,17,43,26,17,MARIST,MARIST,65,,
174898,Aldrich Doe,WR,0,,2028,124,68.2,75.8,,67.7,60.1,17,0,1,0,0,14,0,12,26,14,12,BRYANT,BRYANT,61,,
174916,Wyatt Whalen,G,0,,2028,124,62.8,78.1,44.9,,63.9,65,0,1,0,17,0,0,23,40,17,23,BRYANT,BRYANT,,,
174917,Keylijah Williams,WR,0,,2028,124,48.3,75.1,,48.8,60.5,01,0,1,0,0,9,0,9,18,9,9,BRYANT,BRYANT,61.9,,
175016,Devin Downing,WR,0,,2028,298,57.9,78.4,,57.2,62.6,80,0,1,0,0,21,0,27,48,21,27,SO UTAH,SO UTAH,61,,
175075,Deshaun Buchanan,HB,0,,2028,185,75.4,71.7,,63.6,,08,0,1,0,0,4,8,0,12,4,8,IDAHO,IDAHO,72,,73.6
175077,Emmerson Cortez-Menjivar,WR,0,,2028,185,57.3,78.2,,57.9,55.7,14,0,1,0,0,21,1,36,58,21,37,IDAHO,IDAHO,66.7,,59.5
175085,Mark Hamper,WR,0,,2028,185,71.5,76.9,,72.3,55.7,15,0,1,0,0,29,0,29,58,29,29,IDAHO,IDAHO,65,,
175087,Kiegan Henson,G,0,,2028,185,55.1,79.3,51.7,,54,52,0,1,0,34,0,0,40,74,34,40,IDAHO,IDAHO,,,
175102,Mason Mini,TE,0,,2028,185,59.8,0,69.4,52.6,75,86,1,1,0,2,16,0,26,44,18,26,IDAHO,IDAHO,62.9,,
175110,Layton Vining,C,0,,2028,185,67.1,79.9,62.9,,65.5,50,0,1,0,34,0,0,40,74,34,40,IDAHO,IDAHO,,,
175113,Art Williams,HB,0,,2028,185,67.1,74,70.8,54.7,60,23,0,1,0,1,9,11,4,25,10,15,IDAHO,IDAHO,73.5,,67.5
175120,Alfred Jordan Jr.,WR,0,,2026,186,54.6,71.1,,55.2,60,02,0,1,0,0,7,0,3,10,7,3,IDAHO ST,IDAHO ST,,,
175123,Messiyah Moye,C,0,,2027,186,63.2,80,43.5,,67.4,53,0,1,0,46,0,0,29,75,46,29,IDAHO ST,IDAHO ST,,,
175128,Mathew Sanchez,S,0,,2025,186,60,60,,,60,D26,0,1,0,0,0,0,1,1,0,1,IDAHO ST,IDAHO ST,,,
175171,Spencer Webb,G,0,,2028,246,55.6,77.6,77.8,,50.1,73,0,1,0,20,0,0,14,34,20,14,NC A&T,NC A&T,,,
175338,Logan Galletta,WR,0,,2029,205,55.1,75.5,,54.9,62.3,81,0,1,0,0,13,0,13,26,13,13,LEHIGH,LEHIGH,61,,
175756,Kenneth Jiles Jr.,TE,0,,2026,194,70.8,67.9,66.8,,71.3,45,0,1,0,1,0,0,3,4,1,3,JACKSON ST,JACKSON ST,,,
175810,Jahbari Kuykendall,HB,0,,2029,105,78.7,71.4,,63.4,,18,0,1,0,0,2,2,0,4,2,2,ALABAMA ST,ALABAMA ST,66.9,,76.1
175885,Sebastian Vargas,CB,0,,2028,295,60,60,,,60,D13,0,1,0,0,0,0,1,1,0,1,S ILLINOIS,S ILLINOIS,,,
175979,Bubba Jeffries,T,0,,2027,137,57.2,67.7,,,53.2,70,0,1,0,0,0,0,4,4,0,4,CHATTNOOGA,CHATTNOOGA,,,
175983,Derrick Bohler,WR,0,,2028,301,48.5,74.9,,48.4,60.4,11,0,1,0,0,6,0,11,17,6,11,STF AUSTIN,STF AUSTIN,,,
176384,Ryan Sissel,FB,0,,2028,234,59.5,67.5,73.1,,58,D44,0,1,0,1,0,0,2,3,1,2,MOREHEAD,MOREHEAD,,,
176455,Joseph Moreland,TE,0,,2028,257,41,0,68.7,52.2,51.7,84,1,1,0,1,9,0,12,22,10,12,NWSTATE,NWSTATE,,,
176541,Isaac Stopke,HB,0,,2028,234,72.1,75.4,77.7,54.2,59.2,23,0,1,0,6,9,10,4,29,15,14,MOREHEAD,MOREHEAD,73.1,,72.8
176675,Nate Gates,TE,0,,2027,164,48.3,71.4,69.3,,47.1,70,0,1,0,2,0,0,8,10,2,8,FL A&M,FL A&M,,,
176708,Zach Russell,TE,0,,2026,159,57.8,68.8,,,57.6,43,0,1,0,0,0,0,7,7,0,7,E KENTUCKY,E KENTUCKY,,,
176717,Nathan Brockway,TE,0,,2027,389,46.4,64.1,,,,87,0,1,1,0,0,0,0,1,1,0,N ALABAMA,N ALABAMA,60.3,48.8,
176808,Cash Cheeks,TE,0,,2028,253,81.4,76.9,,78,68.7,19,0,1,0,0,18,0,14,32,18,14,N COLORADO,N COLORADO,65,,
176809,Carver Cheeks,WR,0,,2028,253,56.2,78.2,,56.6,54.5,30,0,1,0,0,26,0,22,48,26,22,N COLORADO,N COLORADO,62.9,,
176812,Levi Johnson,T,0,,2028,253,62,76.6,64.3,,59.2,70,0,1,0,34,0,0,24,58,34,24,N COLORADO,N COLORADO,,,
176815,Brayden Munroe,WR,0,,2028,253,52.6,77.7,,52.3,62.7,88,0,1,0,0,34,0,23,57,34,23,N COLORADO,N COLORADO,70.3,,
176840,Jayden Flaig,TE,0,,2027,279,52.3,69.3,,55.5,51.4,81,1,1,0,0,4,0,0,4,4,0,SACRAMENTO,SACRAMENTO,,,
176865,Mason Merriwether,C,0,,2028,131,63.2,78.5,80.6,,59.1,55,0,1,0,22,0,0,29,51,22,29,CAMPBELL,CAMPBELL,,,
176867,Andrew Guthrie,G,0,,2028,131,64.1,78.8,61.8,,63.6,78,0,1,0,22,0,0,29,51,22,29,CAMPBELL,CAMPBELL,,,
176868,JaQuan Adams,T,0,,2027,157,65.2,22.2,85.8,,62.6,77,1,1,0,32,0,0,43,75,32,43,E TENN ST,E TENN ST,,,
176878,Aiden Valdez,TE,0,,2028,131,35.8,73.5,33.9,50.2,42.9,11,0,1,0,5,8,0,16,29,13,16,CAMPBELL,CAMPBELL,,,
176885,Giovanni Adopte,WR,0,,2028,171,50.3,0,,54.2,56.9,09,1,1,0,0,17,0,15,32,17,15,GARD-WEBB,GARD-WEBB,61,,
176903,Sean Dugery,C,0,,2028,106,50.2,0,43.4,,60.6,60,2,1,0,39,0,0,29,68,39,29,ALBANY,ALBANY,,,
176923,Dan Frederick,HB,0,,2028,162,59.5,62.7,,,,02,0,1,0,0,0,1,0,1,0,1,ELON,ELON,67.1,,59.8
176930,Dylan Magazu,TE,0,,2028,162,84.2,72.2,69.9,88,64.8,34,0,1,0,3,2,0,11,16,5,11,ELON,ELON,61,,
176936,Brayden Walker,G,0,,2029,162,59.4,79,61.5,,57.6,69,0,1,0,31,0,0,21,52,31,21,ELON,ELON,,,
176937,Zimere Winston,WR,0,,2028,162,37,72.3,,40.2,,00,0,1,0,0,11,0,0,11,11,0,ELON,ELON,,,
176941,Josh Derry,WR,0,,2028,231,61.5,78.3,,61.3,60.7,14,0,1,0,0,34,0,6,40,34,6,MONMOUTH,MONMOUTH,66.2,,
176950,Denzell Gibson,HB,0,,2029,240,59,72.7,,63.4,54.5,29,0,1,0,0,3,3,10,16,3,13,NEW HAMP,NEW HAMP,67.8,,60.2
176952,Zachary Kim,WR,0,,2026,240,61.6,64.3,,61.1,,22,0,1,0,0,1,0,0,1,1,0,NEW HAMP,NEW HAMP,61,,
176959,Luke Swaine,G,0,,2028,240,50.8,75,0,,57.3,74,0,1,0,4,0,0,14,18,4,14,NEW HAMP,NEW HAMP,,,
176963,Charles Allen III,T,0,,2028,303,52.3,22.3,68.2,,52.7,68,1,1,0,31,0,0,43,74,31,43,STNY BROOK,STNY BROOK,,,
176967,Hunter Barlow,C,0,,2025,303,56.7,6.6,69.1,,58,61,1,1,0,31,0,0,43,74,31,43,STNY BROOK,STNY BROOK,,,
176989,Tyrell Greene Jr.,HB,0,,2026,317,53.4,74.2,76.8,29.7,60,04,0,1,0,5,14,10,1,30,19,11,TOWSON,TOWSON,24.9,,59.8
177002,Carter Runyon,TE,0,2025,2025,317,63.7,0,70,70.3,53.3,08,1,1,0,7,33,0,30,70,40,30,TOWSON,TOWSON,66.2,,
177014,Jaden Stewart,QB,0,,2027,152,65.1,73.3,,,60,22,0,1,10,0,0,4,11,25,10,15,DELWARE ST,DELWARE ST,69,56.5,68.1
177019,Alex Perry,HB,0,,2028,152,59.2,66.1,,60,60,46,0,1,0,0,1,0,1,2,1,1,DELWARE ST,DELWARE ST,,,
177028,Josiah Chenault,C,0,,2028,184,57,79.2,68.2,,55.2,75,0,1,0,26,0,0,36,62,26,36,HOWARD,HOWARD,,,
177033,Nathanial Clark,TE,0,,2028,184,76.3,72.8,,72.6,66.5,86,0,1,0,0,5,0,13,18,5,13,HOWARD,HOWARD,61,,
177035,Cyrus Wilson,WR,0,,2025,184,56,75.5,,51.9,77.9,80,0,1,0,0,16,0,15,31,16,15,HOWARD,HOWARD,65.6,,
177042,Se'Quan Osborne,WR,0,,2028,184,56.8,73.6,,56.5,60.7,18,0,1,0,0,4,0,11,15,4,11,HOWARD,HOWARD,,,
177052,Malique Leatherbury,WR,0,,2028,235,48.9,73.5,,49.7,60.3,12,0,1,0,0,21,0,5,26,21,5,MORGAN ST,MORGAN ST,68.4,,
177058,Jayden Chappell,G,0,,2028,244,63.7,77.9,80.9,,61.5,71,0,1,0,18,0,0,32,50,18,32,NORFOLK,NORFOLK,,,
177059,Samuel Eskridge,T,0,,2030,244,57.8,76.1,59.8,,56.7,64,0,1,0,18,0,0,32,50,18,32,NORFOLK,NORFOLK,,,
177065,Taesean Burt,TE,0,,2027,244,62.3,70.9,,57.7,63.5,80,0,1,0,0,1,0,12,13,1,12,NORFOLK,NORFOLK,,,
177101,A.C. McMoore,G,0,,2028,247,56.6,4.7,84.9,,54.7,51,1,1,0,35,0,0,34,69,35,34,NC CENT,NC CENT,,,
177103,Ja'Quan Sprinkle,G,0,,2028,247,61.6,79,69.7,,59.1,53,0,1,0,35,0,0,34,69,35,34,NC CENT,NC CENT,,,
177110,Chance Peterson,WR,0,,2029,247,58.8,0,,63,60.1,14,1,1,0,0,10,0,5,15,10,5,NC CENT,NC CENT,62.9,,
177146,Ben Buxa,C,0,,2028,249,56.3,76.9,69.8,,54.3,62,0,1,0,16,0,0,16,32,16,16,N DAKOTA,N DAKOTA,,,
177166,Sawyer Seidl,HB,0,,2028,249,60.5,72.3,2.2,56.9,60,20,0,1,0,1,4,6,1,12,5,7,N DAKOTA,N DAKOTA,70.9,,64.1
177167,Korey Tai,WR,0,,2028,249,54.8,72.2,,55.1,60.5,15,0,1,0,0,8,0,5,13,8,5,N DAKOTA,N DAKOTA,,,
177181,JC Roque Jr.,WR,0,,2028,255,59.7,70.5,,59.5,60,14,0,1,0,0,3,0,3,6,3,3,N IOWA,N IOWA,65.3,,
177200,L.J. Phillips Jr.,HB,0,,2028,291,60,63.5,,,60,24,0,1,0,0,0,0,1,1,0,1,S DAKOTA,S DAKOTA,,,
177211,Elijah Ervin,WR,0,,2026,292,60,66.6,,,60,06,0,1,0,0,0,0,2,2,0,2,S DAK ST,S DAK ST,,,
177222,Kentrell Prejean,WR,0,,2029,292,52.3,73.7,,52.7,60.2,04,0,1,0,0,19,0,7,26,19,7,S DAK ST,S DAK ST,61,,
177226,Davin Stoffel,TE,0,,2028,292,53.3,76.5,71.7,50.6,58.2,87,0,1,0,3,18,0,37,58,21,37,S DAK ST,S DAK ST,62.9,,
177231,Griffin Wilde,WR,0,,2028,292,62,78.4,,61.9,60.3,18,0,1,0,0,33,0,32,65,33,32,S DAK ST,S DAK ST,65.7,,
177234,Vinny Pierre Jr.,S,0,,2029,295,60,60,,,60,D24,0,1,0,0,0,0,1,1,0,1,S ILLINOIS,S ILLINOIS,,,
177244,Jayden Ivory,WR,0,,2027,299,44.6,77.5,,44.4,58.2,13,0,1,0,0,28,0,22,50,28,22,ST FRANCIS,ST FRANCIS,61,,
177257,Jahmil Perryman,WR,0,,2027,299,53.2,78.7,,52.8,60.1,10,0,1,0,0,29,0,23,52,29,23,ST FRANCIS,ST FRANCIS,61,,
177283,Brendan Errity,TE,0,,2028,280,56.1,73,,60,55.4,85,0,1,0,0,1,0,9,10,1,9,SACR HEART,SACR HEART,,,
177286,Cole Canty,T,0,,2028,280,50.2,75.7,36.2,,52.8,66,0,1,0,15,0,0,37,52,15,37,SACR HEART,SACR HEART,,,
177302,Ethan Hilliman,WR,1,,2026,280,50.9,0,,54.3,57.8,05,1,1,0,0,12,0,30,42,12,30,SACR HEART,SACR HEART,61,,
177310,John Michalski,QB,0,,2028,280,70,75.7,,,60,11,0,1,15,0,0,12,25,52,15,37,SACR HEART,SACR HEART,31.7,64.8,66.5
177319,Jason Palmieri,WR,0,,2028,280,55.6,71.9,,55.7,59.6,10,0,1,0,0,4,0,9,13,4,9,SACR HEART,SACR HEART,67.5,,
177343,Isaac Perkins,G,0,,2028,142,55.8,78.3,53.9,,54.6,62,0,1,0,26,0,0,18,44,26,18,COLGATE,COLGATE,,,
177349,Owen Duetsch,T,0,,2028,168,48.1,73.6,26.1,,55.1,71,0,1,0,17,0,0,12,29,17,12,FORDHAM,FORDHAM,,,
177351,Ricky Gonzalez II,WR,0,,2028,168,52.8,75.1,,53.1,60.1,05,0,1,0,0,24,0,8,32,24,8,FORDHAM,FORDHAM,61,,
177352,Dylan Haines,C,0,,2028,168,62.8,79.9,67.8,,59.7,64,0,1,0,51,0,0,24,75,51,24,FORDHAM,FORDHAM,,,
177360,KJ Reed,WR,0,,2028,168,60,73.1,,54.5,79.8,04,0,1,0,0,9,0,9,18,9,9,FORDHAM,FORDHAM,66.6,,
177362,Colin Van Rooy,T,0,,2028,168,48.2,0,43.4,,59.9,68,1,1,0,34,0,0,12,46,34,12,FORDHAM,FORDHAM,,,
177364,Nicholas Dunneman,WR,0,,2028,172,49.7,77.3,,57.9,61.8,03,0,1,0,0,24,1,36,61,24,37,GEORGETOWN,GEORGETOWN,23.3,,42.5
177372,Bradford Blattner,T,0,,2028,181,50.8,76.7,69.7,,46.2,72,0,1,0,26,0,0,35,61,26,35,HOLY CROSS,HOLY CROSS,,,
177373,Jayden Clerveaux,HB,0,,2028,181,67.6,75.2,73.1,56.3,64.4,31,0,1,0,4,6,20,2,32,10,22,HOLY CROSS,HOLY CROSS,76.7,,65.9
177388,Charly Mullaly,WR,0,,2028,181,54.9,71.8,,55.5,60.3,08,0,1,0,0,4,0,5,9,4,5,HOLY CROSS,HOLY CROSS,,,
177391,Luke Petitta,TE,0,,2028,181,69.2,67.9,64.5,,73.4,83,0,1,0,1,0,0,3,4,1,3,HOLY CROSS,HOLY CROSS,,,
177393,Nyeoti Punni,HB,0,,2028,181,60,69.8,67.7,,60,42,0,1,0,1,0,0,3,4,1,3,HOLY CROSS,HOLY CROSS,,,
177401,Maxwell Warren,WR,0,,2028,181,75.2,64.8,,,,04,0,1,0,0,0,1,0,1,0,1,HOLY CROSS,HOLY CROSS,64.8,,63.1
177416,Kai Faucher,T,0,,2027,123,63.9,72.4,80.9,,55.7,63,0,1,0,14,0,0,6,20,14,6,BROWN,BROWN,,,
177417,Charlie Pe'a-Shropshire,C,0,,2028,123,71,80.6,85,,64.8,64,0,1,0,49,0,0,39,88,49,39,BROWN,BROWN,,,
177421,Levi Linowes,TE,0,,2028,123,64.3,72.9,66,69.5,56.2,86,0,1,0,2,9,0,14,25,11,14,BROWN,BROWN,61,,
177428,Michael Nesbit,WR,0,,2028,123,57,76,,56.8,61.4,82,0,1,0,0,25,0,14,39,25,14,BROWN,BROWN,62.9,,
177432,Najih Rahman,WR,0,,2028,123,65.1,74.7,,64.8,59,89,0,1,0,0,9,0,15,24,9,15,BROWN,BROWN,62.9,,
177444,Xaviah Bascon,HB,0,,2028,179,66.6,74.9,45.4,54.7,59.6,11,0,1,0,9,14,15,4,42,23,19,HARVARD,HARVARD,75.3,,68.5
177450,Spencer Doan,T,0,,2028,179,66.3,76.7,77.1,,59.8,77,0,1,0,34,0,0,27,61,34,27,HARVARD,HARVARD,,,
177453,Seamus Gilmartin,TE,0,,2028,179,78.5,76.9,,82.3,51.1,81,1,1,0,0,24,0,10,34,24,10,HARVARD,HARVARD,64.1,,
177462,Thomas O'Brien,T,0,,2028,179,64.3,71.5,79.6,,58.9,71,0,1,0,8,0,0,6,14,8,6,HARVARD,HARVARD,,,
177473,Jamal Bing Jr.,HB,0,,2028,267,50.4,70.9,14.6,58.9,59.2,22,0,1,0,6,2,4,2,14,8,6,PENN,PENN,68.6,,57.8
177478,Jayden Drayton,WR,0,,2028,267,54.8,72.7,,56.8,60,12,0,1,0,0,6,0,2,8,6,2,PENN,PENN,,,
177483,Malachi Hosley,HB,0,,2028,267,52,74.7,75.7,41.5,46,01,0,1,0,4,10,13,5,32,14,18,PENN,PENN,74.4,,57.1
177484,Aaron Kruse,T,0,,2028,267,60,76,33.6,,67.8,51,0,1,0,29,0,0,27,56,29,27,PENN,PENN,,,
177492,Luke Sacchetti,G,0,,2028,267,68,78.3,84.8,,64.7,75,0,1,0,29,0,0,27,56,29,27,PENN,PENN,,,
177494,Sean Williams Jr.,HB,0,,2028,267,57,69.6,34.8,57.1,58.6,05,0,1,0,2,5,0,3,10,7,3,PENN,PENN,,,
177512,Quinton Lewis,G,0,,2028,352,56,0,55.4,,61,69,1,1,0,18,0,0,21,39,18,21,YALE,YALE,,,
177514,Spencer Mermans,TE,0,,2028,352,56.6,70,64.4,60,56.3,42,0,1,0,1,1,0,8,10,2,8,YALE,YALE,,,
177517,Jackson St. Aubyn,T,0,,2028,352,78.6,77.2,72.4,,76.9,54,0,1,0,35,0,0,32,67,35,32,YALE,YALE,,,
177526,Eric Phoenix,QB,0,,2025,290,74.7,74.6,,54.3,60,07,0,1,22,0,1,3,12,38,23,15,SCAR STATE,SCAR STATE,26.9,86.1,46.3
177531,Corey Harris Jr.,HB,0,,2027,310,73.8,67.9,,60,,22,0,1,0,0,1,3,0,4,1,3,TENN MARTN,TENN MARTN,67.3,,71.1
177535,Chris Franklin,HB,0,,2028,310,72.7,67.3,,,,21,0,1,0,0,0,4,0,4,0,4,TENN MARTN,TENN MARTN,68.6,,69.8
177538,Jaren Bowling,TE,0,,2028,310,58.4,68.9,,59.2,59.6,85,0,1,0,0,1,0,8,9,1,8,TENN MARTN,TENN MARTN,,,
177541,Preston Jarvis,C,0,,2027,236,56.3,71.5,15.5,,59.9,52,0,1,0,3,0,0,4,7,3,4,MURRAY ST,MURRAY ST,,,
177542,Nic DiSanto,T,0,,2028,158,60.9,77.6,66.9,,52.9,54,0,1,0,57,0,0,15,72,57,15,E ILLINOIS,E ILLINOIS,,,
177543,Panayiotis Mihalopoulos,G,0,,2028,158,60,68.5,71.9,,60,57,0,1,0,2,0,0,1,3,2,1,E ILLINOIS,E ILLINOIS,,,
177554,Misan Sisk,T,0,,2028,228,39.2,69.3,71.9,,39.5,67,0,1,0,1,0,0,5,6,1,5,MS VLY ST,MS VLY ST,,,
177558,Quenton Rogers,WR,0,,2028,158,56.2,79.2,,56,61.7,80,0,1,0,0,47,0,15,62,47,15,E ILLINOIS,E ILLINOIS,66.7,,
177559,Jacques Wyatt,WR,0,,2028,293,54.3,75.3,,54.7,60.5,80,0,1,0,0,10,0,4,14,10,4,SE MO ST,SE MO ST,,,
177562,Marcus Floyd ,WR,0,,2028,236,70.4,74.3,,70.6,61.1,18,0,1,0,0,19,0,12,31,19,12,MURRAY ST,MURRAY ST,61,,
177566,Jamal Jeffers,WR,0,,2025,158,60.1,66.5,,,60.1,86,0,1,0,0,0,0,3,3,0,3,E ILLINOIS,E ILLINOIS,,,
177628,Mason Hackett,HB,0,,2028,150,57.7,77.8,78.6,55,60,27,0,1,0,5,12,21,1,39,17,22,DAYTON,DAYTON,77,,57.7
177638,Gavin Lochow,WR,0,,2028,150,58.1,78.4,,56.3,60.8,12,0,1,0,0,35,1,19,55,35,20,DAYTON,DAYTON,68.6,,62.4
177642,Zachary McDowell,G,0,,2028,150,65.1,80.1,79.2,,61.6,58,0,1,0,39,0,0,30,69,39,30,DAYTON,DAYTON,,,
177653,Drew VanVleet,QB,0,,2027,150,50,76.9,,,60,11,0,1,39,0,0,1,29,69,39,30,DAYTON,DAYTON,31.8,46.2,65.4
177655,Donovan Weatherly,TE,0,,2028,150,58.5,73.7,,51.1,65.8,02,0,1,0,0,8,0,9,17,8,9,DAYTON,DAYTON,,,
177706,Xavier Orta,G,0,,2025,234,59.3,78.2,50.2,,59.7,76,0,1,0,28,0,0,27,55,28,27,MOREHEAD,MOREHEAD,,,
177729,Cincere Gill,WR,0,,2026,271,65.5,79.6,,64.9,62.5,00,0,1,0,0,25,0,33,58,25,33,PRESBYTERN,PRESBYTERN,70.1,,
177732,Collin Hurst,QB,0,,2029,271,68.7,77.3,,54.3,60,08,0,1,29,0,1,3,44,77,30,47,PRESBYTERN,PRESBYTERN,29.1,62.2,70.8
177734,CJ Johnson,HB,0,,2028,271,77.7,67.3,,59.5,,07,0,1,0,0,1,4,0,5,1,4,PRESBYTERN,PRESBYTERN,68.6,,74.7
177738,Nate Levicki,TE,0,,2027,271,92.2,0,68.9,92.4,81.1,87,2,1,0,2,8,0,29,39,10,29,PRESBYTERN,PRESBYTERN,62.9,,
177746,Jalen Patrick,WR,0,,2028,271,73.9,71.2,,60,60.7,18,0,1,1,0,1,0,8,10,2,8,PRESBYTERN,PRESBYTERN,60.3,76.2,
177759,Oliver Bari,T,0,,2027,283,65.6,76.8,85.3,,55.2,62,0,1,0,35,0,0,26,61,35,26,SAN DIEGO,SAN DIEGO,,,
177789,Noah Kline,T,0,,2028,332,56.2,75.9,82.3,,47.8,70,0,1,0,26,0,0,27,53,26,27,VALPO,VALPO,,,
177806,Jacob Russell,T,1,,2028,332,47.9,76.3,24.5,,54.2,77,1,1,0,26,0,0,27,53,26,27,VALPO,VALPO,,,
177812,Brian Thomas,WR,0,,2028,332,76.6,70.3,,79.9,59.2,04,0,1,0,0,1,2,2,5,1,4,VALPO,VALPO,67.3,,69.2
177813,Caron Tyler,QB,0,,2028,332,58.9,75.9,,,60,01,0,1,26,0,0,4,23,53,26,27,VALPO,VALPO,70,48.2,72.9
177818,Will Brown,G,0,,2028,137,59.9,69.4,,,59.8,75,0,1,0,0,0,0,4,4,0,4,CHATTNOOGA,CHATTNOOGA,,,
177822,Aidan Donald,T,0,,2028,137,75.6,73.8,80.4,,72,69,0,1,0,8,0,0,19,27,8,19,CHATTNOOGA,CHATTNOOGA,,,
177829,A.J. Little,WR,0,,2028,137,55.4,78.2,,52.1,70.1,04,0,1,0,0,22,0,30,52,22,30,CHATTNOOGA,CHATTNOOGA,71.3,,
177831,Tyrell Ragland,G,0,,2026,137,66.6,1.8,79.2,,68.5,67,1,1,0,32,0,0,36,68,32,36,CHATTNOOGA,CHATTNOOGA,,,
177832,Dalton Restelli,TE,0,,2027,137,62.5,68.3,,,62.3,81,0,1,0,0,0,0,4,4,0,4,CHATTNOOGA,CHATTNOOGA,,,
177868,E. Jai Mason,WR,0,,2026,282,40.9,77.6,,47.2,61.9,03,0,1,0,0,42,1,23,66,42,24,SAMFORD,SAMFORD,9.3,,43
177870,Brendan Jenkins,WR,0,,2028,282,55.1,80.6,,54.9,60.8,12,0,1,0,0,38,0,20,58,38,20,SAMFORD,SAMFORD,62.9,,
177905,Bryce Burnett,G,0,,2028,336,61.1,76.3,82.6,,55.9,52,0,1,0,20,0,0,11,31,20,11,VA MILT IN,VA MILT IN,,,
177924,Destin Moore,WR,0,,2027,336,54.9,73.1,,55,59.5,04,0,1,0,0,9,0,9,18,9,9,VA MILT IN,VA MILT IN,,,
177939,Zion Booker,WR,0,,2028,344,71.4,77.8,,70.8,57.6,01,0,1,0,0,42,0,13,55,42,13,W CAROLINA,W CAROLINA,66.7,,
177940,Jai Boyd,WR,0,,2028,344,51.3,0,,55.1,61.7,15,1,1,0,0,15,0,8,23,15,8,W CAROLINA,W CAROLINA,62.9,,
177944,Marlin Cochran,HB,0,,2028,344,55.5,73.8,29.7,57.3,,25,0,1,0,6,13,4,0,23,19,4,W CAROLINA,W CAROLINA,68.9,,57.4
177946,Taron Dickens,QB,0,,2028,344,45.4,68.1,,,,08,0,1,5,0,0,0,0,5,5,0,W CAROLINA,W CAROLINA,63.8,44.3,57.3
177967,Zach Watson,G,0,,2028,344,49,76.2,66.2,,40.4,53,0,1,0,21,0,0,7,28,21,7,W CAROLINA,W CAROLINA,,,
177999,Hamza Rahman,T,0,,2028,243,64.2,77,85.3,,54,63,0,1,0,40,0,0,32,72,40,32,NICHOLLS,NICHOLLS,,,
178008,Chris Allen,G,0,,2028,257,46.2,0,53.3,,48.6,65,1,1,0,25,0,0,15,40,25,15,NWSTATE,NWSTATE,,,
178015,Amaaz Eugene,WR,0,,2028,257,63.7,75,,63.2,60.3,05,0,1,0,0,26,0,9,35,26,9,NWSTATE,NWSTATE,64.1,,
178023,Ryan Larson,G,0,,2028,257,53.1,77.7,57,,50.3,74,0,1,0,22,0,0,14,36,22,14,NWSTATE,NWSTATE,,,
178060,Khalil Harris,WR,0,,2026,297,55.6,67.5,,56.8,60,85,0,1,0,0,3,0,1,4,3,1,SOUTHERN U,SOUTHERN U,,,
178061,Cameron Jackson,WR,0,,2026,297,57.3,70,,57.7,60.5,83,0,1,0,0,3,0,4,7,3,4,SOUTHERN U,SOUTHERN U,,,
178062,Cam Jefferson,WR,0,,2028,297,58,76.7,,57.5,62.6,87,0,1,0,0,22,0,20,42,22,20,SOUTHERN U,SOUTHERN U,61,,
178066,Jermaine Minor Jr.,TE,0,,2028,297,54.6,72,70.5,51.2,57.4,84,0,1,0,3,5,0,8,16,8,8,SOUTHERN U,SOUTHERN U,,,
178078,C'zavian Teasett,QB,0,,2028,297,62.5,72.4,,,60,10,0,1,11,0,0,2,7,20,11,9,SOUTHERN U,SOUTHERN U,67.6,64.6,56.7
178093,Koby Keenan,TE,0,,2028,124,53.7,71.4,,55.9,54.7,83,0,1,0,0,4,0,5,9,4,5,BRYANT,BRYANT,,,
178123,Jay Straker,G,0,,2027,1470,51.7,79.5,14.9,,57.6,63,0,1,0,29,0,0,30,59,29,30,STHLSK,STHLSK,,,
178125,Derek Varley,TE,0,,2028,1470,50,72.2,35.4,55.7,55.6,85,0,1,0,4,4,0,11,19,8,11,STHLSK,STHLSK,,,
178135,Donovan Lewis,WR,0,,2028,151,59.1,66.2,,59.9,60,87,0,1,0,0,1,0,1,2,1,1,DELAWARE,DELAWARE,,,
178137,Anwar O'neal,T,0,,2028,151,55.7,76.9,70.8,,49.5,70,1,1,0,33,0,0,30,63,33,30,DELAWARE,DELAWARE,,,
178141,Keali'i Ah Yat,QB,0,,2028,232,67.2,75.4,,,60,08,0,1,23,0,0,3,20,46,23,23,MONTANA,MONTANA,69.3,63.7,66.2
178149,Lucas Freitas,G,0,,2028,232,68.3,76.2,70.4,,67.7,78,0,1,0,14,0,0,17,31,14,17,MONTANA,MONTANA,,,
178158,Evan Shafer,TE,0,,2026,232,62.6,75.3,,47.5,74.4,84,0,1,0,0,12,0,21,33,12,21,MONTANA,MONTANA,,,
178166,Jason Crowder,G,0,,2028,301,48.4,0,75.1,,55.2,61,1,1,0,3,0,0,12,15,3,12,STF AUSTIN,STF AUSTIN,,,
178174,Jaylen Jenkins,HB,0,,2028,301,71.4,75.3,73.3,54,,24,0,1,0,3,7,21,0,31,10,21,STF AUSTIN,STF AUSTIN,77,,71.1
178179,Jaymon Lamb,T,0,,2029,301,38.5,0,73,,47.5,77,1,1,0,3,0,0,10,13,3,10,STF AUSTIN,STF AUSTIN,,,
178183,Connor Mullins,TE,0,,2025,301,63.4,72.5,67.3,53.3,66.8,33,0,1,0,1,4,0,15,20,5,15,STF AUSTIN,STF AUSTIN,,,
178184,Chimdia Nwaiwu,T,0,,2028,301,52,72.2,1.9,,56.7,54,0,1,0,3,0,0,12,15,3,12,STF AUSTIN,STF AUSTIN,,,
178188,Gavin Rutherford,QB,0,,2028,301,71.1,71.6,,,60,13,0,1,3,0,0,2,10,15,3,12,STF AUSTIN,STF AUSTIN,66.4,67.2,63.9
178198,Ian Sheehan,WR,0,,2026,155,37.3,0,,45.4,60,03,1,1,0,0,7,0,2,9,7,2,DUQUESNE,DUQUESNE,,,
178212,Shawn Solomon Jr.,HB,0,,2028,155,59.9,69.7,70.8,74.6,60,24,0,1,0,1,4,2,2,9,5,4,DUQUESNE,DUQUESNE,66.3,,56
178218,Nate Chiarizio,TE,0,,2027,155,60,67.6,,,60,48,0,1,0,0,0,0,2,2,0,2,DUQUESNE,DUQUESNE,,,
178219,Kahini Austin,G,0,,2028,155,58.9,75.9,80.9,,55.1,52,0,1,0,13,0,0,13,26,13,13,DUQUESNE,DUQUESNE,,,
178220,Jackson Farrell,C,0,,2028,155,60,67.3,,,60,55,0,1,0,0,0,0,2,2,0,2,DUQUESNE,DUQUESNE,,,
178225,Daniel Tarabrella,TE,0,,2028,155,56.9,76.5,71.6,57.3,55.1,30,0,1,0,6,9,0,26,41,15,26,DUQUESNE,DUQUESNE,62.9,,
178250,Nathan Reynolds,LB,0,,2028,186,60,60,,,60,D07,0,1,0,0,0,0,1,1,0,1,IDAHO ST,IDAHO ST,,,
178254,Ian Duarte,WR,0,,2028,186,53.7,76.5,,53.8,60.7,11,0,1,0,0,17,0,11,28,17,11,IDAHO ST,IDAHO ST,61,,
178255,Michael Shulikov,WR,0,,2026,186,60.4,70.7,,,60.5,14,0,1,0,0,0,0,5,5,0,5,IDAHO ST,IDAHO ST,,,
178258,Raiden Brown,WR,0,,2030,186,54.4,77.6,,54.4,61,13,0,1,0,0,29,0,14,43,29,14,IDAHO ST,IDAHO ST,65,,
178265,Scott Atkinson,LS,0,,2026,186,60,60,,,60,S37,0,1,0,0,0,0,1,1,0,1,IDAHO ST,IDAHO ST,,,
178271,Ross Bolger,K,0,,2026,186,64.7,70.3,,,,S49,0,1,0,0,0,1,0,1,0,1,IDAHO ST,IDAHO ST,62.5,,62.7
178276,Will Davis,T,0,,2028,186,54.9,77.6,27.3,,68.7,62,0,1,0,46,0,0,29,75,46,29,IDAHO ST,IDAHO ST,,,
178296,Shimique Blizzard,HB,0,,2028,246,54,74.1,73.5,53.3,60,28,0,1,0,2,19,6,1,28,21,7,NC A&T,NC A&T,70.5,,53.8
178302,Sterling Wiggins,T,0,,2028,246,46.8,72.5,66.9,,39.3,66,1,1,0,14,0,0,4,18,14,4,NC A&T,NC A&T,,,
178310,Darren Bennett,TE,0,,2026,194,59.4,71.5,69.6,59.8,58.6,85,0,1,0,2,1,0,13,16,3,13,JACKSON ST,JACKSON ST,,,
178311,Jayvonne Dillard,WR,0,,2028,246,55.6,80.5,,54,62.1,05,0,1,0,0,50,1,24,75,50,25,NC A&T,NC A&T,66,,63.2
178332,Dorian Arguelles,G,0,,2028,345,57.8,78.3,53.9,,56.9,67,0,1,0,34,0,0,10,44,34,10,W ILLINOIS,W ILLINOIS,,,
178335,Izaya Vimahi,G,0,,2026,345,53.4,78.5,31.2,,57,74,0,1,0,33,0,0,14,47,33,14,W ILLINOIS,W ILLINOIS,,,
178338,Dagen Miller,T,0,,2028,345,46.3,78.3,32.9,,53.6,79,0,1,0,66,0,0,24,90,66,24,W ILLINOIS,W ILLINOIS,,,
178376,Lincoln Cardillo,HB,0,,2028,213,53.3,0,67.7,54.8,59.6,44,1,1,0,1,18,3,6,28,19,9,MARIST,MARIST,68.2,,61.5
178379,Mohamed Diawara,WR,1,,2025,213,58.2,0,61.9,56.3,61.6,01,1,1,1,1,36,1,18,57,38,19,MARIST,MARIST,66.2,,69.1
178387,Devin Kennedy,T,0,,2026,213,58.6,65.7,,59.2,60,68,0,1,0,0,1,0,1,2,1,1,MARIST,MARIST,,,
178407,Anthony Benzija,QB,0,,2028,302,68.3,65.5,,,,03,0,1,0,0,0,2,0,2,0,2,STETSON,STETSON,65.5,,64.4
178430,Ronnel Johnson,WR,0,,2028,302,63.8,80.7,,64.9,44.9,01,0,1,0,0,53,0,14,67,53,14,STETSON,STETSON,68.3,,
178436,Brayden Miller,WR,0,,2028,302,56,77.8,,57.2,46.5,82,0,1,0,0,56,0,19,75,56,19,STETSON,STETSON,64.1,,
178445,Gabe Snyder,T,0,,2028,302,61.7,74.5,72.1,,54.2,79,0,1,0,27,0,0,10,37,27,10,STETSON,STETSON,,,
178448,Charles Thorpe III,G,0,,2028,302,37.9,80.3,16.6,,40.2,72,0,1,0,56,0,0,17,73,56,17,STETSON,STETSON,,,
178453,Isaiah Ybarra,G,0,,2028,257,52.2,75,63.2,,45.8,55,0,1,0,25,0,0,16,41,25,16,NWSTATE,NWSTATE,,,
178454,James Yoest,WR,0,,2029,302,55.8,69.3,,56.7,,18,0,1,0,0,5,0,0,5,5,0,STETSON,STETSON,,,
178525,Daniel Bostic,T,0,,2026,112,60.1,68.5,71.9,,59.8,68,0,1,0,1,0,0,2,3,1,2,ARKAPB,ARKAPB,,,
178528,BJ Curry,HB,0,,2028,112,63.7,75.8,79,61.3,47.7,24,0,1,0,5,19,18,4,46,24,22,ARKAPB,ARKAPB,76.2,,65.3
178531,Elijah Hardin,G,0,,2031,112,55.5,68.8,71.9,,57,75,0,1,0,1,0,0,2,3,1,2,ARKAPB,ARKAPB,,,
178581,David Poutasi,G,0,,2027,119,51.8,71.2,74.5,,50.8,73,0,1,0,2,0,0,4,6,2,4,BETH COOK,BETH COOK,,,
178593,Corey Turner,WR,0,,2027,119,53.2,71,,57.4,60,21,0,1,0,0,4,1,1,6,4,2,BETH COOK,BETH COOK,62.5,,57.5
178606,Tyson Greenwade,HB,0,,2028,135,72.7,77,69.3,41.3,58.5,23,0,1,0,14,15,24,6,59,29,30,CHARLES SO,CHARLES SO,77.8,,75
178610,Noah Jennings,WR,0,,2028,135,72.3,78.8,,71.8,61.6,06,0,1,0,0,30,0,27,57,30,27,CHARLES SO,CHARLES SO,69.3,,
178615,Quay Kindell,WR,0,,2028,135,59,75.1,,58.6,62,83,0,1,0,0,22,0,16,38,22,16,CHARLES SO,CHARLES SO,65.8,,
178616,Mekhi Campfield,WR,0,,2028,135,63.3,75,,62.7,60.7,16,0,1,0,0,10,0,6,16,10,6,CHARLES SO,CHARLES SO,62.9,,
178623,Kaden Strickland,T,0,,2027,135,28.3,76.9,0,,50.6,63,0,1,0,31,0,0,32,63,31,32,CHARLES SO,CHARLES SO,,,
178624,Tyree Taylor,TE,0,,2025,135,50.3,72.3,,49.2,57,11,0,1,0,0,14,0,8,22,14,8,CHARLES SO,CHARLES SO,,,
178626,Andrew Threatt,G,0,,2028,135,68.2,79.6,37.4,,72.5,76,0,1,0,31,0,0,32,63,31,32,CHARLES SO,CHARLES SO,,,
178633,Caden Bowers,G,0,,2028,270,63.1,78.3,57.6,,63,72,1,1,0,17,0,0,26,43,17,26,PRVIEW A&M,PRVIEW A&M,,,
178648,Dannie Joseph,C,0,,2027,270,60,64.1,,,60,61,0,1,0,0,0,0,1,1,0,1,PRVIEW A&M,PRVIEW A&M,,,
178652,David Murray,TE,0,,2025,270,51.1,75.1,71.6,55.2,49.4,89,0,1,0,4,3,0,12,19,7,12,PRVIEW A&M,PRVIEW A&M,,,
178659,Shemar Savage,WR,0,,2026,270,77.3,76.9,,80.6,46.9,01,0,1,0,0,16,0,20,36,16,20,PRVIEW A&M,PRVIEW A&M,64.1,,
178672,Tommy DiLiegro,LS,0,,2028,350,60,60,,,60,S49,0,1,0,0,0,0,1,1,0,1,WOFFORD,WOFFORD,,,
178677,Jacobi Hatter,S,0,,2028,350,60,64.9,,,60,D16,0,1,0,0,0,0,1,1,0,1,WOFFORD,WOFFORD,,,
178678,Santana Haynes-Goodman,T,0,,2027,350,48,74.7,34.7,,51.3,62,0,1,0,15,0,0,22,37,15,22,WOFFORD,WOFFORD,,,
178685,Aiden Morris,LB,0,,2028,350,60,60,,,60,D57,0,1,0,0,0,0,1,1,0,1,WOFFORD,WOFFORD,,,
178689,Jack Purdy,WR,0,,2028,350,70,72.1,,68.3,60.7,80,0,1,0,0,5,0,5,10,5,5,WOFFORD,WOFFORD,61,,
178693,JT Smith,HB,0,,2027,350,61.4,75.1,74.4,74.3,58.2,03,0,1,0,2,8,6,4,20,10,10,WOFFORD,WOFFORD,70.7,,55.7
178694,Sam Spence,K,0,,2028,350,60,70.3,,,,S47,0,1,0,0,0,1,0,1,0,1,WOFFORD,WOFFORD,11.1,,60
178856,Cayden Betts,HB,0,,2026,228,57.7,66.8,,,55.5,23,0,1,0,0,0,0,3,3,0,3,MS VLY ST,MS VLY ST,,,
178863,Jaxson Davis,TE,0,,2030,228,83.7,77.7,,92.4,47.1,00,0,1,0,0,23,0,41,64,23,41,MS VLY ST,MS VLY ST,65.7,,
178868,Bryson Hart,T,0,,2027,228,52.1,76.9,84.4,,45.2,78,0,1,0,22,0,0,42,64,22,42,MS VLY ST,MS VLY ST,,,
178875,Brendon Magee,C,0,,2028,228,62,79.4,81.2,,58.4,77,0,1,0,23,0,0,42,65,23,42,MS VLY ST,MS VLY ST,,,
178876,Gregory Martin,WR,0,,2027,228,56.9,66.7,,58.1,60,12,0,1,0,0,2,0,1,3,2,1,MS VLY ST,MS VLY ST,66.6,,
178887,Ty'Jarian Williams,QB,0,,2030,228,83.5,76.6,,,60,11,0,1,23,0,0,20,22,65,23,42,MS VLY ST,MS VLY ST,75.4,67.2,80.2
178965,Alex Haralson,T,0,,2028,204,51.7,0,71.3,,61.2,51,1,1,0,2,0,0,13,15,2,13,LAMAR,LAMAR,,,
178978,Morgan Sampson,TE,0,,2029,204,94.4,75.5,67.3,74.3,85.7,88,0,1,0,1,6,0,29,36,7,29,LAMAR,LAMAR,61,,
178988,Kortez Winslow,T,0,,2028,204,64.5,75.7,83.7,,58.6,73,0,1,0,17,0,0,28,45,17,28,LAMAR,LAMAR,,,
178990,Niko Alailefaleula,HB,0,,2028,298,54.5,70.1,72.9,,49.5,23,0,1,0,2,0,0,5,7,2,5,SO UTAH,SO UTAH,,,
179003,Targhee Lambson,HB,0,,2025,298,75.5,76.3,80.6,63.9,60,04,0,1,0,7,12,30,3,52,19,33,SO UTAH,SO UTAH,79.1,,73.5
179048,Nicolas Brown,TE,0,,2028,290,55.1,70.9,67,53.8,57.8,85,0,1,0,2,3,0,8,13,5,8,SCAR STATE,SCAR STATE,,,
179053,Max' Ceon Cobb,P,0,,2028,290,60,60,,,,S36,0,1,1,0,0,0,0,1,1,0,SCAR STATE,SCAR STATE,24,60,
179062,Nigel Johnson,WR,0,,2028,290,76.8,73.9,,74.9,59.5,12,0,1,0,0,11,0,3,14,11,3,SCAR STATE,SCAR STATE,65,,
179066,Kanaan Ligons,G,0,,2029,290,66.3,74.8,77.6,,65,65,0,1,0,8,0,0,10,18,8,10,SCAR STATE,SCAR STATE,,,
179368,Kia'i Keone,QB,0,,2026,253,51.2,76.2,,,60,10,0,1,34,0,0,1,23,58,34,24,N COLORADO,N COLORADO,69.1,51.4,57.5
179546,Brian Trobel,HB,0,,2026,977,66.6,77.3,66.2,54,59.8,01,0,1,0,8,17,17,2,44,25,19,MERCYHURST,MERCYHURST,75.8,,67.3
179705,Donny Austin,HB,0,,2025,186,59.7,74.4,73.7,28,56.6,20,0,1,0,21,2,4,9,36,23,13,IDAHO ST,IDAHO ST,68.6,,65.4
181146,John Barr,WR,0,,2027,257,62.4,75.5,,62,60.3,82,0,1,0,0,14,0,8,22,14,8,NWSTATE,NWSTATE,62.9,,
181177,Za'Marion Webber,HB,0,,2028,112,50.5,69.8,,58.8,59.8,35,0,1,0,0,2,5,2,9,2,7,ARKAPB,ARKAPB,16.2,,52
181187,Devin Herring,WR,0,,2030,104,51.4,73.9,,52.3,,82,0,1,0,0,16,0,0,16,16,0,ALAB A&M,ALAB A&M,,,
181203,Tyshawn Tate,TE,0,,2028,104,50.9,67,,59.6,59.6,86,0,1,0,0,1,0,2,3,1,2,ALAB A&M,ALAB A&M,,,
182277,Ethan Shine,FB,0,,2028,277,81.5,73.7,,92.6,55.4,41,0,1,0,0,4,2,11,17,4,13,ROB MORRIS,ROB MORRIS,66.3,,67
182279,Chaz Middleton,TE,0,,2026,277,67,72.1,,65.9,60,83,0,1,0,0,8,0,2,10,8,2,ROB MORRIS,ROB MORRIS,62.9,,
182309,Tuli Teuhema,C,0,,2025,401,62.1,80,82.1,,57.3,50,0,1,0,35,0,0,39,74,35,39,TARLETON,TARLETON,,,
182333,Maicah Talavou,C,0,,2028,283,55,79.2,51.1,,55.8,55,0,1,0,35,0,0,26,61,35,26,SAN DIEGO,SAN DIEGO,,,
182683,Jordon Davis,QB,0,,2029,313,89.9,63.6,,,,13,0,1,1,0,0,0,0,1,1,0,TEXAS STHN,TEXAS STHN,60.3,88.6,
182706,Zayden Davis,WR,0,,2026,1139,56,67.5,,57.1,,88,0,1,0,0,3,0,0,3,3,0,TXAMEA,TXAMEA,,,
182785,Roriyon Richardson,WR,0,,2028,313,55.5,75.6,,55.1,62.6,01,0,1,0,0,15,0,17,32,15,17,TEXAS STHN,TEXAS STHN,62.9,,
182853,Jayden Adebo,G,0,,2028,313,60.3,78.7,70.4,,57.6,61,0,1,0,27,0,0,33,60,27,33,TEXAS STHN,TEXAS STHN,,,
182863,Joshua Troiano,C,0,,2028,1470,62,79.4,70.8,,58.7,65,0,1,0,33,0,0,30,63,33,30,STHLSK,STHLSK,,,
182865,Brian Santana-Fis,HB,0,,2026,212,64.2,77.6,80.9,49.4,72.1,21,0,1,0,8,33,15,2,58,41,17,MAINE,MAINE,75.3,,65.7
182923,Javirea Moore,T,0,,2026,1139,60.3,69.9,76,,57.3,56,0,1,0,5,0,0,3,8,5,3,TXAMEA,TXAMEA,,,
182926,Ebuka Okafor,T,0,,2028,313,63.4,76.3,81.4,,55.4,79,0,1,0,27,0,0,33,60,27,33,TEXAS STHN,TEXAS STHN,,,
182928,Erick Zapata,G,0,,2027,313,60,64.3,,,60,66,0,1,0,0,0,0,1,1,0,1,TEXAS STHN,TEXAS STHN,,,
182936,Jordan Dollard,ED,0,,2029,290,59.7,60,,59.3,,D40,1,1,0,0,1,0,0,1,1,0,SCAR STATE,SCAR STATE,,,
182977,Justin Thompson,TE,0,,2025,299,40.8,76.1,65.3,41.8,51,84,0,1,0,1,27,0,23,51,28,23,ST FRANCIS,ST FRANCIS,61,,
184287,Deyandre Ruffin,WR,0,,2026,290,65.5,75.5,,59.8,43.6,04,0,1,1,0,17,0,15,33,18,15,SCAR STATE,SCAR STATE,63.7,87.7,
185092,Gavin Nelson,TE,0,,2027,279,62.2,0,70.8,52.1,71.5,87,1,1,0,5,6,0,24,35,11,24,SACRAMENTO,SACRAMENTO,,,
185136,Jamil Bishop,WR,0,,2026,135,42.9,73.9,,45.2,56.1,09,0,1,0,0,7,0,8,15,7,8,CHARLES SO,CHARLES SO,,,
185175,CJ Dawson II,T,0,,2028,171,60.4,13.4,83.3,,55.5,55,1,1,0,33,0,0,29,62,33,29,GARD-WEBB,GARD-WEBB,,,
185179,Anthony Lowe,WR,0,,2026,171,72.2,78.1,,71.6,62.5,01,0,1,0,0,33,0,29,62,33,29,GARD-WEBB,GARD-WEBB,71.3,,
185181,Milly Patton,CB,0,,2028,171,60,64.9,,,60,D37,0,1,0,0,0,0,1,1,0,1,GARD-WEBB,GARD-WEBB,,,
185214,Alex Herrera,TE,0,,2027,158,65.8,77,,65.2,62.1,81,0,1,0,0,52,0,13,65,52,13,E ILLINOIS,E ILLINOIS,66.7,,
185253,Will Grant,TE,0,,2028,212,57.3,67.3,,59.3,59.8,46,0,1,0,0,1,0,1,2,1,1,MAINE,MAINE,,,
185284,Andrew King,HB,0,,2029,276,80.9,69.4,,74.8,,08,0,1,0,0,1,5,0,6,1,5,RICHMOND,RICHMOND,69.9,,70
185309,Josh Miller,HB,0,,2029,348,59.8,65.6,,59.8,60,33,0,1,0,0,1,0,1,2,1,1,WM & MARY,WM & MARY,61.9,,
185335,Luke Rogers,G,0,,2029,240,63.1,78.9,72.7,,60.6,79,0,1,0,28,0,0,24,52,28,24,NEW HAMP,NEW HAMP,,,
185347,Stephon Patrick,WR,0,,2028,385,60.3,69.2,,,60.4,84,0,1,0,0,0,0,4,4,0,4,MERRIMACK,MERRIMACK,,,
185348,George Percy,TE,0,,2028,385,60.3,66.3,,,60.4,49,0,1,0,0,0,0,3,3,0,3,MERRIMACK,MERRIMACK,,,
185377,Karson Siqueiros-Lasky,QB,0,,2029,267,37.1,68.6,,,,06,0,1,5,0,0,1,0,6,5,1,PENN,PENN,19.9,37.8,59.1
185391,Cole De Magistris,T,0,,2026,280,77.4,76.1,81.7,,73.3,76,0,1,0,15,0,0,37,52,15,37,SACR HEART,SACR HEART,,,
185442,Jaxton Santiago,WR,0,,2029,352,61.5,74.9,,67.3,33.9,18,1,1,0,0,11,0,12,23,11,12,YALE,YALE,61,,
185481,Devin Nelson,HB,0,,2026,191,57.5,71.3,70.8,56,47.1,07,0,1,0,1,6,6,0,13,7,6,INDIANA ST,INDIANA ST,70.5,,61.9
185498,Elijah Coker,WR,0,,2028,191,57.2,71.6,,57.5,60.2,84,0,1,0,0,3,0,6,9,3,6,INDIANA ST,INDIANA ST,,,
185535,Tyreek Wood,TE,0,,2029,235,50.2,72.2,17.7,56.6,57.2,89,0,1,0,1,2,0,9,12,3,9,MORGAN ST,MORGAN ST,,,
185541,Aidan Behymer,TE,0,,2028,249,52.4,70.3,17.1,53.7,65.6,87,0,1,0,1,4,0,5,10,5,5,N DAKOTA,N DAKOTA,,,
185583,Jake Curry,QB,0,,2030,295,77.9,75.6,,,60,07,0,1,32,0,0,2,16,50,32,18,S ILLINOIS,S ILLINOIS,69.4,76.5,64.6
185595,Jerrian Parker Jr.,HB,0,,2029,295,57.8,72.6,1.8,53.9,59.9,33,0,1,0,2,13,11,2,28,15,13,S ILLINOIS,S ILLINOIS,73.5,,62.1
185602,Marcus Calwise Jr.,WR,0,,2028,159,61.2,77.5,,61.1,59.6,83,0,1,0,0,16,0,21,37,16,21,E KENTUCKY,E KENTUCKY,62.9,,
185605,Liam Coppinger,G,0,,2027,159,63.1,79.4,50.6,,63.2,50,2,1,0,16,0,0,43,59,16,43,E KENTUCKY,E KENTUCKY,,,
185610,Tyrell Green,G,0,,2028,159,56.1,6.6,61.9,,58.1,55,1,1,0,24,0,0,48,72,24,48,E KENTUCKY,E KENTUCKY,,,
185628,Jonathan Alexander,WR,1,,2029,172,46.7,0,,58.6,60.1,82,1,1,0,0,2,0,6,8,2,6,GEORGETOWN,GEORGETOWN,,,
185636,Savion Hart,HB,0,,2029,172,68.4,74,73,55.6,59.7,25,0,1,0,2,8,17,2,29,10,19,GEORGETOWN,GEORGETOWN,75.8,,68
185647,Jayden Sumpter,HB,0,,2029,172,59.8,64.5,,58.8,,34,0,1,0,0,2,0,0,2,2,0,GEORGETOWN,GEORGETOWN,,,
185664,Sean Kinney,C,0,,2029,203,65,79.8,42.9,,67.7,78,0,1,0,40,0,0,32,72,40,32,LAFAYETTE,LAFAYETTE,,,
185665,Mason Kuehner,WR,0,,2029,203,59.8,74.4,,63,42.5,08,0,1,0,0,11,0,12,23,11,12,LAFAYETTE,LAFAYETTE,66.2,,
185670,Jason Penza,QB,0,,2029,203,64.3,69.5,,,60,15,0,1,1,0,0,6,1,8,1,7,LAFAYETTE,LAFAYETTE,70.5,60.4,62.1
185682,Sammy Ayache,T,0,,2029,205,69.8,73.5,57.2,,69.4,64,0,1,0,8,0,0,20,28,8,20,LEHIGH,LEHIGH,,,
185686,Aaron Crossley,HB,0,,2029,205,60,64.5,,,60,05,0,1,0,0,0,0,2,2,0,2,LEHIGH,LEHIGH,,,
185687,Matt D'Avino,WR,0,,2029,205,70.7,73.6,,69.4,59.9,80,0,1,0,0,10,0,6,16,10,6,LEHIGH,LEHIGH,61,,
185693,Jaden Green,HB,0,,2029,205,72.1,73.6,,67.5,59.4,00,0,1,0,0,11,17,3,31,11,20,LEHIGH,LEHIGH,76.1,,70.6
185695,Jamaire Harden,WR,0,,2029,205,57.2,74.5,,53.7,59.2,08,0,1,0,0,10,1,5,16,10,6,LEHIGH,LEHIGH,62.5,,63.3
185698,Hayden Johnson,QB,0,,2029,205,71.8,74.4,,,60,01,0,1,14,0,0,4,18,36,14,22,LEHIGH,LEHIGH,24.8,64.5,69.3
185708,Colby Reph,G,0,,2029,205,60.7,76.1,56,,60.3,68,0,1,0,6,0,0,18,24,6,18,LEHIGH,LEHIGH,,,
185737,Markell Holman,HB,0,,2028,299,54.5,74.4,,34.6,59.5,07,0,1,0,0,10,10,2,22,10,12,ST FRANCIS,ST FRANCIS,73.1,,59.6
185740,Guzzy Kayed,T,0,,2029,299,64.3,76.2,75.3,,58.2,56,0,1,0,29,0,0,23,52,29,23,ST FRANCIS,ST FRANCIS,,,
185741,Denzel Lambert,WR,0,,2028,299,59.4,63.4,,60,,16,0,1,0,0,1,0,0,1,1,0,ST FRANCIS,ST FRANCIS,,,
185749,Ben Midea,C,0,,2029,299,60,65.1,,,60,53,0,1,0,0,0,0,1,1,0,1,ST FRANCIS,ST FRANCIS,,,
185809,Matthew Schwindt,K,0,,2029,338,60,60,,,60,S92,0,1,0,0,0,0,1,1,0,1,WAGNER,WAGNER,,,
185810,Mike Seeger,G,0,,2029,338,64,71.5,,,63.7,68,0,1,0,0,0,0,8,8,0,8,WAGNER,WAGNER,,,
185813,Brandon Sneh,T,0,,2026,338,69.3,8,64.9,,72.6,70,2,1,0,14,0,0,40,54,14,40,WAGNER,WAGNER,,,
185814,Jack Stevens,QB,0,,2029,338,66.5,75.4,,,60,07,0,1,11,0,0,3,34,48,11,37,WAGNER,WAGNER,68.5,57.1,69.5
185815,Julio Tatis,HB,0,,2029,338,56.4,67.1,,,,32,0,1,0,0,0,3,0,3,0,3,WAGNER,WAGNER,67.3,,57.3
185816,Devan Taylor,T,0,,2029,338,68.6,75.7,60.1,,67.7,52,0,1,0,14,0,0,39,53,14,39,WAGNER,WAGNER,,,
185823,Nathaniel Eberly-Rodriguez,TE,0,,2026,137,76.7,71.6,,54.7,79.9,85,0,1,0,0,3,0,13,16,3,13,CHATTNOOGA,CHATTNOOGA,,,
185827,Devin Lively,C,0,,2029,137,57.3,69.6,,,55,50,0,1,0,0,0,0,4,4,0,4,CHATTNOOGA,CHATTNOOGA,,,
185835,Travien Watson,WR,0,,2028,157,55.7,72.2,,60.3,43.2,85,0,1,0,0,2,0,8,10,2,8,E TENN ST,E TENN ST,61,,
185878,Quory Ambrose,G,0,,2028,271,56.8,79.4,50.8,,56.4,57,0,1,0,30,0,0,46,76,30,46,PRESBYTERN,PRESBYTERN,,,
185879,Jameel Carter,G,0,,2030,271,59.9,70.7,72.5,,59.2,60,0,1,0,2,0,0,4,6,2,4,PRESBYTERN,PRESBYTERN,,,
185885,Antonio Wright,HB,0,,2026,271,74.7,76.4,76.3,76.8,59.5,04,0,1,0,3,10,20,3,36,13,23,PRESBYTERN,PRESBYTERN,77,,71.7
185903,Isaiah Johnson,WR,0,,2029,344,71.1,71.6,,69.8,60.4,18,0,1,0,0,11,0,5,16,11,5,W CAROLINA,W CAROLINA,62.9,,
185919,Carlos Anaya,TE,0,,2026,350,54,74.5,66.8,53.6,56,87,0,1,0,2,7,0,13,22,9,13,WOFFORD,WOFFORD,,,
185941,Luke Moise,G,0,,2029,350,57.9,0,38.8,,65,60,1,1,0,26,0,0,26,52,26,26,WOFFORD,WOFFORD,,,
185945,Isaiah Scott,WR,0,,2029,350,56.5,78.1,,53.6,61.5,14,0,1,0,0,24,1,23,48,24,24,WOFFORD,WOFFORD,64.3,,63.4
185959,Carson Coffman,T,0,,2029,149,52.9,73.6,2.8,,66.6,50,0,1,0,12,0,0,14,26,12,14,DAVIDSON,DAVIDSON,,,
185968,Alex Jones,T,0,,2029,149,62.7,73.6,41.4,,66.4,77,0,1,0,12,0,0,14,26,12,14,DAVIDSON,DAVIDSON,,,
186029,Bryce Strong,HB,0,,2026,217,48.3,73.4,0,30.2,58.2,22,0,1,0,2,9,3,4,18,11,7,MCNEESE,MCNEESE,67.3,,65
186037,Guadalupe Cedillo,T,0,,2026,257,49.1,0,81.6,,57.4,77,2,1,0,19,0,0,12,31,19,12,NWSTATE,NWSTATE,,,
186039,Zay Davis,HB,0,,2027,257,67.5,74.8,72.7,62.7,58.4,18,0,1,0,12,10,8,3,33,22,11,NWSTATE,NWSTATE,72.1,,67.2
186044,Ryan Tyler,FB,0,,2026,257,59.9,67.4,67.5,,59.2,47,0,1,0,1,0,0,2,3,1,2,NWSTATE,NWSTATE,,,
186055,Donovan Price,TE,0,,2030,104,52.4,74.3,76.1,52.8,52.5,85,0,1,0,2,10,0,12,24,12,12,ALAB A&M,ALAB A&M,,,
186066,DeJay Welch,WR,0,,2029,104,71.1,75.5,61.2,70.6,58.2,17,0,1,0,1,32,0,14,47,33,14,ALAB A&M,ALAB A&M,67.3,,
186080,Derick Harden,TE,0,,2026,105,55.2,76.2,67.3,76.4,37.7,83,0,1,0,1,9,0,29,39,10,29,ALABAMA ST,ALABAMA ST,62.9,,
186083,Jamarie Hostzclaw,HB,0,,2029,105,73.8,74.8,69.7,74.7,72.3,20,0,1,0,1,16,11,1,29,17,12,ALABAMA ST,ALABAMA ST,73.7,,69.2
186088,Daquon Kincey,HB,0,,2025,105,83.1,73.6,67.9,57.5,60,03,0,1,0,1,4,17,3,25,5,20,ALABAMA ST,ALABAMA ST,75.8,,80.1
186101,Cameron Smith,T,1,,2026,105,55.1,0,82.3,,60.2,75,3,1,0,22,0,0,29,51,22,29,ALABAMA ST,ALABAMA ST,,,
186165,Rocco Koch,QB,0,,2029,185,81.7,70.1,,,,16,0,1,0,0,0,10,0,10,0,10,IDAHO,IDAHO,73.1,,73.3
186182,Janari Boone,S,0,,2027,186,60,65,,,60,D12,0,1,0,0,0,0,1,1,0,1,IDAHO ST,IDAHO ST,,,
186197,J.D. Dixon,WR,0,,2026,309,59.3,73.2,,58.8,61.1,03,0,1,0,0,3,0,13,16,3,13,TENN TECH,TENN TECH,61,,
186201,Tremel Jones,WR,0,,2026,309,63.4,77.2,,64.2,45.5,02,0,1,0,0,19,1,17,37,19,18,TENN TECH,TENN TECH,65.7,,63.1
186206,Dayan Bilbo,WR,0,,2026,1139,63.9,72.8,,63.4,,13,0,1,0,0,22,0,0,22,22,0,TXAMEA,TXAMEA,69.6,,
186211,Tyler Daniels,WR,0,,2026,1139,53.1,0,,55.5,60.7,17,1,1,0,0,35,0,7,42,35,7,TXAMEA,TXAMEA,64.1,,
186224,Ron Peace,QB,0,,2026,1139,65.9,75.4,,,60,02,0,1,29,0,0,1,17,47,29,18,TXAMEA,TXAMEA,68.6,66.5,57.7
186225,Brooks Rigney,WR,0,,2026,1139,60,60,,,60,16,0,1,0,0,0,0,1,1,0,1,TXAMEA,TXAMEA,,,
186229,Tyson Schilling,WR,0,,2026,1139,60.8,76.7,,60.6,59.3,01,0,1,0,0,41,0,5,46,41,5,TXAMEA,TXAMEA,65,,
186231,Dayeton Sweeting,TE,0,,2026,1139,70.6,74.6,22.1,82.3,54.6,89,0,1,0,2,9,0,11,22,11,11,TXAMEA,TXAMEA,62.9,,
186234,Jared Wilson,WR,0,,2025,1139,56.3,81.7,,56.2,59,14,0,1,0,0,65,0,20,85,65,20,TXAMEA,TXAMEA,65,,
186251,Jade Kneeland,WR,0,,2028,116,45.7,74.9,,46.7,61.4,17,0,1,0,0,13,0,8,21,13,8,AUSTINPEAY,AUSTINPEAY,,,
186255,Corey Richardson,HB,0,,2029,116,68.9,69.5,,80.7,,26,0,1,0,0,6,2,0,8,6,2,AUSTINPEAY,AUSTINPEAY,66.3,,63.7
186257,Chandler Thomason,T,0,,2029,116,62.7,69.6,75.2,,60,66,0,1,0,4,0,0,4,8,4,4,AUSTINPEAY,AUSTINPEAY,,,
186288,Kealen Juniel,TE,0,,2030,132,60,64.7,,,55.1,86,0,1,0,0,0,0,2,2,0,2,CENT ARK,CENT ARK,,,
186290,Arlie Lee,WR,0,,2028,132,56.6,68.4,,57.7,60,07,0,1,0,0,2,0,1,3,2,1,CENT ARK,CENT ARK,,,
186328,KD Mosley,TE,0,,2029,184,59,74.1,30.4,58.1,61.4,85,0,1,0,1,5,0,16,22,6,16,HOWARD,HOWARD,61,,
186347,Khameron Athy,HB,0,,2028,298,52.3,65.6,,59.5,,44,0,1,0,0,1,1,0,2,1,1,SO UTAH,SO UTAH,64.8,,57.5
186353,Shane Carr,WR,0,,2029,298,65.7,77.5,,67,52.5,16,1,1,0,0,23,0,36,59,23,36,SO UTAH,SO UTAH,64.1,,
186379,David Avit,HB,0,,2027,334,67.8,73.5,74.6,60,67.6,24,0,1,0,4,1,14,3,22,5,17,VILLANOVA,VILLANOVA,74.8,,64.8
186385,Chris Colby,WR,0,,2029,334,63.9,69,,56,81.8,80,0,1,0,0,3,0,3,6,3,3,VILLANOVA,VILLANOVA,,,
186387,Ryan Cregan,T,0,,2029,334,56.5,71.5,52.6,,56.4,79,0,1,0,5,0,0,10,15,5,10,VILLANOVA,VILLANOVA,,,
186392,Lucas Kopecky,WR,0,,2026,334,61.8,0,,64.9,61.4,16,1,1,0,0,15,0,28,43,15,28,VILLANOVA,VILLANOVA,61,,
186501,Cade Barnett,T,0,,2028,1177,60,64.3,68.9,,,52,0,1,0,1,0,0,0,1,1,0,W GEORGIA,W GEORGIA,,,
186506,David Bodden,C,0,,2025,1177,59.8,79.2,72,,55.1,64,0,1,0,42,0,0,20,62,42,20,W GEORGIA,W GEORGIA,,,
186540,Jacob King,G,0,,2029,1177,60,63.3,,59.5,,79,0,1,0,0,1,0,0,1,1,0,W GEORGIA,W GEORGIA,,,
186545,Jerry Mays,TE,0,,2025,1177,60,67.3,,,60,20,0,1,0,0,0,0,2,2,0,2,W GEORGIA,W GEORGIA,,,
186550,Jeff Miller,T,0,,2026,1177,59.9,75.4,48.8,,64.2,53,0,1,0,33,0,0,15,48,33,15,W GEORGIA,W GEORGIA,,,
186554,Rajaez Mosley,HB,0,,2025,1177,60.3,74.7,,57.2,44.7,22,0,1,0,0,25,8,7,40,25,15,W GEORGIA,W GEORGIA,72.6,,64.8
186555,Latrelle Murrell,HB,0,,2028,1177,60,64.5,,60,60,26,0,1,0,0,1,0,1,2,1,1,W GEORGIA,W GEORGIA,,,
186563,Sam Regina,G,0,,2026,1177,58.3,79.6,50.1,,58.6,70,0,1,0,42,0,0,20,62,42,20,W GEORGIA,W GEORGIA,,,
186584,Bryson Wilson,G,0,,2028,1177,72.1,78.4,72.4,,72.5,71,0,1,0,42,0,0,20,62,42,20,W GEORGIA,W GEORGIA,,,
186588,Joey Balgo,G,1,,2026,977,59.8,80,71.2,,55.9,58,1,1,0,39,0,0,30,69,39,30,MERCYHURST,MERCYHURST,,,
186590,Cameron Barmore,WR,0,,2026,977,64.6,79.3,,64.2,61.3,02,0,1,0,0,51,0,29,80,51,29,MERCYHURST,MERCYHURST,67.5,,
186594,Andrew Bernard,C,0,,2025,977,57.5,80.2,77.1,,51.3,68,0,1,0,51,0,0,30,81,51,30,MERCYHURST,MERCYHURST,,,
186596,Braydon Black,WR,0,,2026,977,50.6,64.8,,,,14,0,1,0,0,0,1,0,1,0,1,MERCYHURST,MERCYHURST,64.8,,56.8
186609,Spencer Davis,G,0,,2025,977,62.7,79.6,89.4,,54.3,71,0,1,0,49,0,0,29,78,49,29,MERCYHURST,MERCYHURST,,,
186611,Rylan Davison,WR,0,,2026,977,60.8,80.5,,59.6,70.4,08,0,1,0,0,51,0,24,75,51,24,MERCYHURST,MERCYHURST,65,,
186629,Blake Hoegler,T,0,,2028,977,60.2,72.7,58.5,,60,73,0,1,0,14,0,0,1,15,14,1,MERCYHURST,MERCYHURST,,,
186651,Colin Melendez,TE,0,,2029,977,57.9,73.1,41.9,70,46.7,17,0,1,0,1,8,0,11,20,9,11,MERCYHURST,MERCYHURST,61,,
186661,Collin Null,G,0,,2025,977,64.4,72.4,84.9,,,77,0,1,0,10,0,0,0,10,10,0,MERCYHURST,MERCYHURST,,,
186670,Russell Pytlak,TE,0,,2025,977,79,73.2,66.8,79.3,67.8,00,0,1,0,1,5,0,17,23,6,17,MERCYHURST,MERCYHURST,62.9,,
186672,Ayron Rodriguez,HB,0,,2026,977,62.4,75.3,74.8,63.3,74.3,03,0,1,0,2,22,6,8,38,24,14,MERCYHURST,MERCYHURST,22.1,,56.8
186681,Austin Urena,WR,0,,2026,977,55.4,76.4,,55.8,55.7,13,0,1,0,0,39,0,11,50,39,11,MERCYHURST,MERCYHURST,64.1,,
186682,Adam Urena,QB,0,,2026,977,49.4,78,,,60.8,16,1,1,51,0,0,1,29,81,51,30,MERCYHURST,MERCYHURST,23.9,54.1,41.7
186688,Ryan Welch,T,0,,2025,977,68.4,77.4,83.2,,57.2,61,0,1,0,51,0,0,30,81,51,30,MERCYHURST,MERCYHURST,,,
186903,Chaz Davis,WR,0,,2026,977,55,76.6,,54.1,80.4,06,0,1,0,0,35,2,6,43,35,8,MERCYHURST,MERCYHURST,70.9,,58.5
188078,Devion Newson,WR,0,,2026,1177,72.9,79,,71.8,61.4,88,0,1,0,0,35,0,10,45,35,10,W GEORGIA,W GEORGIA,65,,
188082,Jamarcus Prince,WR,0,,2029,1177,55.1,70.7,,55.8,60,81,0,1,0,0,5,0,3,8,5,3,W GEORGIA,W GEORGIA,,,
188090,Jonathan Askew,HB,0,,2028,977,65.2,67.8,,58.7,,33,0,1,0,0,2,3,0,5,2,3,MERCYHURST,MERCYHURST,67.3,,64.5
188110,Amare Lattimore,WR,0,,2029,977,58.9,63.4,,59.9,,37,0,1,0,0,1,0,0,1,1,0,MERCYHURST,MERCYHURST,,,
188126,Alejandro Vazquez,TE,1,,2026,977,45,74.7,0,51,62.2,34,1,1,0,1,11,0,13,25,12,13,MERCYHURST,MERCYHURST,,,
188550,TJ Thomas,HB,0,,2029,162,66.6,63.5,,,,20,0,1,0,0,0,1,0,1,0,1,ELON,ELON,62.5,,63.3
188558,Xavier Jennings,T,0,,2026,219,64.2,76.6,88,,54.8,70,0,1,0,27,0,0,29,56,27,29,MERCER,MERCER,,,
188561,Dwayne McGee,HB,0,,2025,219,84.8,76.3,75.5,68.2,60,03,0,1,0,4,15,18,2,39,19,20,MERCER,MERCER,76.2,,83.5
188565,Tyler Murray,G,0,,2029,219,62.3,77.2,83.7,,58.3,57,0,1,0,20,0,0,19,39,20,19,MERCER,MERCER,,,
188566,Whitt Newbauer,QB,0,,2029,219,89.7,76.8,,,60,08,1,1,29,0,0,2,35,66,29,37,MERCER,MERCER,69.2,89.7,63.4
188567,Kelin Parsons,WR,0,,2025,219,70.3,78,68.8,70.7,57.8,13,0,1,0,3,23,0,29,55,26,29,MERCER,MERCER,65,,
188614,Mason Barton,T,0,,2029,194,70.1,68,69.5,,73,65,0,1,0,1,0,0,3,4,1,3,JACKSON ST,JACKSON ST,,,
188619,Xavion Davis,G,0,,2029,194,59.8,69.8,70.3,,59.4,75,0,1,0,1,0,0,3,4,1,3,JACKSON ST,JACKSON ST,,,
188620,Ja'Naylon Dupree,WR,0,,2026,194,59.3,74.3,,59.2,59.5,02,0,1,0,0,18,0,12,30,18,12,JACKSON ST,JACKSON ST,64.6,,
188626,Travis Terrell Jr.,HB,0,,2029,194,77.6,72.5,70.8,56.8,59.8,00,0,1,0,1,5,8,3,17,6,11,JACKSON ST,JACKSON ST,74.8,,77
188628,Brian Williams Jr.,G,0,,2029,194,51.2,79,50.3,,50.2,64,0,1,0,27,0,0,41,68,27,41,JACKSON ST,JACKSON ST,,,
188632,Bronson Barben,QB,0,,2029,1285,52.2,76.8,,,60,08,0,1,45,0,0,8,14,67,45,22,UTAHTC,UTAHTC,43.4,48,62.7
188636,Ace Chatman,HB,0,,2029,1285,54.7,72.9,74.8,40,59.7,00,0,1,0,3,11,4,2,20,14,6,UTAHTC,UTAHTC,69.2,,59.5
188649,Trey Price,G,0,,2029,1285,57.1,80.1,33.1,,61.5,76,0,1,0,46,0,0,23,69,46,23,UTAHTC,UTAHTC,,,
188651,Josh Rillos,WR,0,,2028,1285,76.4,76.3,,74,75.7,22,0,1,0,0,26,0,10,36,26,10,UTAHTC,UTAHTC,66.7,,
188804,Evan Rordam,C,0,,2029,155,60,65.8,,,60,71,0,1,0,0,0,0,2,2,0,2,DUQUESNE,DUQUESNE,,,
188921,Michael Carlock-Williams,WR,0,,2029,246,67.3,66.1,,70,,09,0,1,0,0,2,1,0,3,2,1,NC A&T,NC A&T,65.3,,63.3
188922,Cortez Lane,WR,0,,2029,246,54.4,71.9,,55.4,,15,0,1,0,0,6,0,0,6,6,0,NC A&T,NC A&T,,,
188937,Dillon Fitzpatrick,HB,0,,2029,150,56.8,66.4,,,,42,0,1,0,0,0,2,0,2,0,2,DAYTON,DAYTON,65.5,,57.7
188943,Paul Kelly,WR,0,,2029,150,60,64.1,,,60,89,0,1,0,0,0,0,1,1,0,1,DAYTON,DAYTON,69.7,,
189014,Brennan Ridley,WR,0,,2029,178,69.3,78.4,,69.7,60.5,14,0,1,0,0,30,0,39,69,30,39,HAMPTON,HAMPTON,68.1,,
189028,Logan Collier,WR,0,,2025,389,77.9,66.6,,72.9,,09,0,1,0,0,2,0,0,2,2,0,N ALABAMA,N ALABAMA,61,,
189034,Jalen Fletcher,HB,0,,2029,389,50.6,75.6,,52.2,59.1,28,0,1,0,0,19,7,7,33,19,14,N ALABAMA,N ALABAMA,71.3,,50.8
189035,Azariah Fletcher,WR,0,,2029,389,52.4,67.6,,59.5,60,13,0,1,0,0,1,1,1,3,1,2,N ALABAMA,N ALABAMA,62.5,,57.3
189046,Kingston Lowe,TE,0,,2029,389,59.3,63.5,,,,43,0,1,0,0,0,1,0,1,0,1,N ALABAMA,N ALABAMA,62.5,,59.7
189064,Preston Bird,WR,0,,2029,282,65.5,74.3,,64.6,60.4,84,0,1,0,0,9,0,4,13,9,4,SAMFORD,SAMFORD,62.9,,
189120,Dom DiNuzzo,TE,0,,2029,332,53.7,70.8,,55.4,60,44,0,1,0,0,4,0,1,5,4,1,VALPO,VALPO,,,
189126,Gary Givens III,WR,0,,2029,332,54.4,75,,54.6,60.2,84,0,1,0,0,12,0,9,21,12,9,VALPO,VALPO,61,,
189160,Seo Buffington,ED,0,,2028,125,50.7,69.3,66,,50.2,D98,0,1,0,2,0,0,5,7,2,5,BUCKNELL,BUCKNELL,,,
189163,Michael Cadden,HB,0,,2030,125,58.3,68.8,,56.1,,36,0,1,0,0,5,0,0,5,5,0,BUCKNELL,BUCKNELL,61.9,,
189180,Tariq Thomas,HB,0,,2029,125,63.9,76.3,27.5,64.5,60,07,0,1,0,5,26,24,1,56,31,25,BUCKNELL,BUCKNELL,77.8,,64
189193,Christian Lynch,HB,0,,2029,272,56.6,66.1,,,,33,0,1,0,0,0,3,0,3,0,3,PRINCETON,PRINCETON,67.3,,57.4
189235,Frank Moss,G,0,,2029,177,56.1,73.5,80.3,,52.8,73,0,1,0,7,0,0,7,14,7,7,GRAMBLING,GRAMBLING,,,
189238,Armond Owens,T,0,,2029,177,60.8,70.6,64,,59.4,78,0,1,0,5,0,0,6,11,5,6,GRAMBLING,GRAMBLING,,,
189246,Alexander Vigil,C,0,,2028,177,59.5,78.3,82.4,,56.1,63,0,1,0,18,0,0,29,47,18,29,GRAMBLING,GRAMBLING,,,
189269,Aleni Mageo,HB,0,,2028,247,60,63.8,,,60,24,0,1,0,0,0,0,1,1,0,1,NC CENT,NC CENT,,,
189281,William Boone,T,0,,2029,270,71.3,7.9,74.1,,74.6,67,1,1,0,25,0,0,28,53,25,28,PRVIEW A&M,PRVIEW A&M,,,
189284,Ethan John,TE,0,,2028,270,46.8,75.4,45.9,52.4,50,87,0,1,0,8,7,0,23,38,15,23,PRVIEW A&M,PRVIEW A&M,,,
189287,Trelin Miles,C,0,,2027,270,56.5,78.8,67.3,,54.5,53,0,1,0,25,0,0,28,53,25,28,PRVIEW A&M,PRVIEW A&M,,,
189290,Jeremiah Ratliff,WR,0,,2026,270,65.1,77.6,,64.6,59.5,15,0,1,0,0,11,0,8,19,11,8,PRVIEW A&M,PRVIEW A&M,64.1,,
189291,Albert Thomas,WR,0,,2026,270,55.2,71.3,,56.2,58.6,05,0,1,0,0,4,0,5,9,4,5,PRVIEW A&M,PRVIEW A&M,,,
189296,Fabian Baez,WR,0,,2027,302,60.4,0,,61.7,61.1,13,1,1,0,0,52,0,17,69,52,17,STETSON,STETSON,65.7,,
189304,Vincent Chen,T,0,,2029,302,41.4,0,23,,64.9,69,1,1,0,33,0,0,11,44,33,11,STETSON,STETSON,,,
189306,Trey Clark,HB,0,,2028,302,75.7,76.2,84.4,60.5,,20,0,1,0,15,13,9,0,37,28,9,STETSON,STETSON,72.6,,75.7
189311,Jaxson Dicus,HB,0,,2029,302,60,67.6,,,60,D43,0,1,0,0,0,0,2,2,0,2,STETSON,STETSON,,,
189313,Malik Dryden,HB,0,,2029,302,60.2,76.3,26.6,36.1,60,32,0,1,0,10,14,10,2,36,24,12,STETSON,STETSON,73.1,,69.8
189317,Jalen Foster,C,0,,2029,302,67.7,78.1,78,,63,54,0,1,0,31,0,0,14,45,31,14,STETSON,STETSON,,,
189332,Ashton Reynolds,WR,0,,2029,302,53.9,75.1,,54.3,60.6,89,0,1,0,0,7,0,5,12,7,5,STETSON,STETSON,,,
189347,Henry Watkins,DI,0,,2028,302,60,65,,,60,D93,0,1,0,0,0,0,2,2,0,2,STETSON,STETSON,,,
191418,Alejandro Arellano,G,0,,2027,158,59.2,68.8,,,59.1,70,0,1,0,0,0,0,3,3,0,3,E ILLINOIS,E ILLINOIS,,,
191425,Cody Davidson,WR,0,,2026,158,60.1,68.4,,,60.2,00,0,1,0,0,0,0,3,3,0,3,E ILLINOIS,E ILLINOIS,,,
191433,Sandro Malicevic,T,0,,2028,158,50.8,12,55.5,,53.9,77,1,1,0,45,0,0,13,58,45,13,E ILLINOIS,E ILLINOIS,,,
191469,Marceese Yetts,HB,0,,2027,161,88.2,72.7,70.8,,58.7,21,0,1,0,2,0,7,5,14,2,12,E WASHGTON,E WASHGTON,71.3,,83.5
191515,Lincoln Fa'apouli,G,0,,2029,253,57.1,79.4,38.1,,59.6,72,0,1,0,34,0,0,24,58,34,24,N COLORADO,N COLORADO,,,
191608,Molayo Irefin,WR,0,,2026,212,58.5,77,,60.5,42.2,04,0,1,0,0,32,0,8,40,32,8,MAINE,MAINE,68.4,,
191616,Cade Callahan,TE,0,,2029,385,55.4,72.6,67.4,55.9,56.7,89,0,1,0,1,2,0,15,18,3,15,MERRIMACK,MERRIMACK,,,
191621,Lukas Donahue,T,0,,2029,385,59.4,67.7,,,59,68,0,1,0,0,0,0,4,4,0,4,MERRIMACK,MERRIMACK,,,
191686,Kevin Garcia,G,0,,2029,303,63.9,77.3,82,,61.1,74,0,1,0,18,0,0,24,42,18,24,STNY BROOK,STNY BROOK,,,
191717,Tyler Dunn,T,0,,2029,147,68.4,77.3,81.9,,56.5,72,0,1,0,53,0,0,17,70,53,17,CORNELL,CORNELL,,,
191722,Kamal Harris,G,0,,2029,147,56.7,74.8,72,,53.2,60,0,1,0,14,0,0,3,17,14,3,CORNELL,CORNELL,,,
191738,Blaine Zoller,TE,0,,2029,147,40.8,74.1,,45.1,45.6,87,0,1,0,0,15,0,4,19,15,4,CORNELL,CORNELL,61,,
191743,Brady Blackburn,WR,0,,2029,179,59.7,72.6,,54.6,81.9,19,0,1,0,0,9,0,3,12,9,3,HARVARD,HARVARD,,,
191761,Maddux Reid,HB,0,,2028,179,57.5,70.4,69.6,56.9,,28,0,1,0,2,5,4,0,11,7,4,HARVARD,HARVARD,68.6,,57.8
191790,Jalen Daniels,QB,0,,2027,244,73.1,75.7,,,60,02,0,1,18,0,0,4,28,50,18,32,NORFOLK,NORFOLK,69.6,82,53.6
191814,Kam'ryn Thomas,WR,0,,2026,244,58.9,73.1,,54.5,60.1,18,0,1,0,0,7,1,8,16,7,9,NORFOLK,NORFOLK,62.5,,63.2
191864,Tripp Holley,QB,0,,2029,168,66.4,74.7,,,60,03,0,1,30,0,0,1,8,39,30,9,FORDHAM,FORDHAM,68.8,57.2,70.3
191890,Alijah Cason,WR,0,,2028,181,57.9,67.6,,59.3,59.7,84,0,1,0,0,1,0,2,3,1,2,HOLY CROSS,HOLY CROSS,,,
191902,Mason McSweeney,TE,0,,2029,181,51.3,72.6,65.4,60,47.3,44,0,1,0,1,1,0,6,8,2,6,HOLY CROSS,HOLY CROSS,,,
191931,Blake Scriber,G,0,,2029,235,70.5,74.3,73.7,,69.6,66,0,1,0,3,0,0,15,18,3,15,MORGAN ST,MORGAN ST,,,
191934,Joseph Bradford,G,0,,2026,243,49.2,72.9,9.1,,58.1,69,0,1,0,10,0,0,9,19,10,9,NICHOLLS,NICHOLLS,,,
191935,Miequle Brock,HB,0,,2029,243,61.2,75.9,67.5,54.9,38.8,22,0,1,0,1,14,9,1,25,15,10,NICHOLLS,NICHOLLS,72.8,,66.1
191942,Camare Hampton,WR,0,,2029,243,54.8,73.8,,54.4,61.6,86,0,1,0,0,7,0,13,20,7,13,NICHOLLS,NICHOLLS,,,
191987,Peder Haugo,HB,0,,2030,250,54.7,75.7,74.6,66.1,60,45,0,1,0,1,7,12,1,21,8,13,N DAK ST,N DAK ST,74,,53.3
192004,Jackson Williams,WR,0,,2029,250,78.5,75.6,,71.9,59,81,0,1,0,0,15,1,15,31,15,16,N DAK ST,N DAK ST,66,,65.6
192028,Sammy Dresie,WR,0,,2030,292,56.2,71.6,,56.7,60.6,08,0,1,0,0,3,0,5,8,3,5,S DAK ST,S DAK ST,,,
192036,Lofton O'Groske,WR,0,,2029,292,68.9,71.1,,67.4,60.1,80,0,1,0,0,5,0,3,8,5,3,S DAK ST,S DAK ST,61,,
192072,Matt Machalik,QB,0,,2028,205,76.9,67.4,,,60,07,0,1,0,0,0,2,2,4,0,4,LEHIGH,LEHIGH,65.5,,69.1
192109,John McIntyre,TE,0,,2029,137,72,76.6,26.8,75.1,66.1,88,0,1,0,2,12,0,21,35,14,21,CHATTNOOGA,CHATTNOOGA,62.9,,
192112,Nick Paul,G,0,,2029,137,82.1,75.4,79.3,,81.9,56,0,1,0,8,0,0,14,22,8,14,CHATTNOOGA,CHATTNOOGA,,,
192117,Josh Williams,WR,0,,2029,137,60.2,69.1,,,60.1,15,0,1,0,0,0,0,4,4,0,4,CHATTNOOGA,CHATTNOOGA,,,
192118,Journey Wyche,HB,0,,2029,137,63.8,76.6,52.2,68.5,60,10,0,1,0,11,9,13,1,34,20,14,CHATTNOOGA,CHATTNOOGA,74.4,,63.1
192137,Devin Ingram,HB,0,,2029,157,55.1,63,,57.7,,20,0,1,0,0,1,1,0,2,1,1,E TENN ST,E TENN ST,62.5,,58.7
192157,Trevion Green,WR,0,,2025,234,63.9,73.7,,63.3,61.1,32,0,1,0,0,10,0,11,21,10,11,MOREHEAD,MOREHEAD,61,,
192162,Anthony Ice,WR,0,,2029,234,56.6,69.3,,57.3,59.8,83,0,1,0,0,4,0,2,6,4,2,MOREHEAD,MOREHEAD,,,
192163,Gabe Kays,G,0,,2029,234,50.8,78.8,68.8,,48.7,64,0,1,0,28,0,0,27,55,28,27,MOREHEAD,MOREHEAD,,,
192179,Troy Woolaston,TE,0,,2028,234,57.7,64.8,,59.3,,36,0,1,0,0,1,0,0,1,1,0,MOREHEAD,MOREHEAD,,,
192182,Jacob Ziegler,T,0,,2029,234,57.6,76.5,60,,55.6,62,0,1,0,28,0,0,27,55,28,27,MOREHEAD,MOREHEAD,,,
192184,Evan Baalbaky,CB,0,,2029,1129,58,64.9,,57.7,,D37,0,1,0,0,1,0,0,1,1,0,STTHOM,STTHOM,,,
192186,Mariano Birdno,TE,0,,2029,1129,53.1,0,69.9,59,64.3,80,1,1,0,3,1,0,12,16,4,12,STTHOM,STTHOM,,,
192187,Taran Blasy,LB,0,,2028,1129,57.6,64.8,63.8,55.3,,D33,0,1,0,1,1,0,0,2,2,0,STTHOM,STTHOM,,,
192190,Hudson Cleary,C,0,,2029,1129,60,66.1,,,60,70,0,1,0,0,0,0,2,2,0,2,STTHOM,STTHOM,,,
192192,Marc Coy,HB,0,,2028,1129,60,60,63.8,,,25,0,1,0,1,0,0,0,1,1,0,STTHOM,STTHOM,,,
192194,Andrew Eichmann,WR,0,,2028,1129,60,66.9,,,60,08,0,1,0,0,0,0,2,2,0,2,STTHOM,STTHOM,,,
192198,Ben Hoiland,K,0,,2029,1129,60,60,63.8,,,S39,0,1,0,1,0,0,0,1,1,0,STTHOM,STTHOM,,,
192206,Joseph Koch,HB,0,,2029,1129,66.7,65.9,,,60,26,0,1,0,0,0,1,1,2,0,2,STTHOM,STTHOM,62.5,,63.5
192211,Cam Miller,FB,0,,2026,1129,60,66.6,,,60,33,0,1,0,0,0,0,2,2,0,2,STTHOM,STTHOM,,,
192217,Cody Stordahl,LB,0,,2026,1129,60,60,63.8,,,D34,0,1,0,1,0,0,0,1,1,0,STTHOM,STTHOM,,,
192224,Leo Boehling,HB,0,,2029,336,64.7,71.8,73.5,62.1,60,29,0,1,0,2,5,4,1,12,7,5,VA MILT IN,VA MILT IN,68.9,,64
192226,JoJo Crump,QB,0,,2029,336,51.5,72,,,60,19,0,1,4,0,0,3,8,15,4,11,VA MILT IN,VA MILT IN,67.8,34.6,64.1
192233,Brady Hammonds,QB,0,,2028,336,76.7,74.9,,60,60,15,1,1,26,0,1,2,11,40,27,13,VA MILT IN,VA MILT IN,68.9,78.7,58.6
192236,Ethen Horne,WR,0,,2028,336,83.4,73.7,,81.2,60.6,13,0,1,0,0,11,0,7,18,11,7,VA MILT IN,VA MILT IN,62.9,,
192247,Malik McNeely,WR,0,,2029,336,47.8,0,,55.4,60.8,84,1,1,0,0,6,0,5,11,6,5,VA MILT IN,VA MILT IN,,,
192255,Aslin Shipe,HB,0,,2029,336,69.4,68.5,70,60,60,25,0,1,0,1,1,3,1,6,2,4,VA MILT IN,VA MILT IN,70.2,,67.6
192262,Britin Witt,G,0,,2028,336,55,75.8,36.3,,56.3,73,0,1,0,11,0,0,14,25,11,14,VA MILT IN,VA MILT IN,,,
192305,Josh Lorick,WR,0,,2027,189,55.4,76.4,,55.3,61.3,11,0,1,0,0,30,0,19,49,30,19,INCAR WORD,INCAR WORD,66.2,,
192315,Cash Cross,WR,0,,2029,204,59.5,71.8,,59.9,60.5,17,0,1,0,0,1,0,7,8,1,7,LAMAR,LAMAR,,,
192317,C.J. DeMas,TE,0,,2030,204,51.8,72.1,,,45.4,84,0,1,0,0,0,0,4,4,0,4,LAMAR,LAMAR,,,
192334,Brit Simmons,WR,0,,2030,204,58.9,70.6,,59.9,59.2,09,0,1,0,0,1,0,5,6,1,5,LAMAR,LAMAR,,,
192344,Trevon Bradford,TE,0,,2029,257,35.7,73.1,36,54.7,39.2,87,0,1,0,4,8,0,11,23,12,11,NWSTATE,NWSTATE,63.6,,
192348,Lawson Champagne,G,0,,2030,257,61.1,77.6,82.5,,55.9,70,0,1,0,22,0,0,12,34,22,12,NWSTATE,NWSTATE,,,
192355,Matt Gower,TE,0,,2029,257,62.2,77.6,70.4,56.6,65.1,88,0,1,0,2,4,0,7,13,6,7,NWSTATE,NWSTATE,,,
192357,Ralee Jackson,T,0,,2029,257,59.4,74.5,63.2,,56.7,75,0,1,0,19,0,0,12,31,19,12,NWSTATE,NWSTATE,,,
192358,Jeremiah James,HB,0,,2029,257,58.4,75,83,69.9,58.9,25,0,1,0,13,7,9,6,35,20,15,NWSTATE,NWSTATE,72.6,,53.9
192363,Eli Little,T,0,,2028,257,25.2,74,0,,39.6,62,0,1,0,19,0,0,12,31,19,12,NWSTATE,NWSTATE,,,
192401,Evan Brooks,WR,0,,2029,1298,57.9,64.1,,59.3,,18,0,1,0,0,1,0,0,1,1,0,LIUSHAR,LIUSHAR,,,
192437,Bradley Kamga,T,0,,2029,1298,55.7,76.1,44.9,,58.4,62,0,1,0,27,0,0,29,56,27,29,LIUSHAR,LIUSHAR,,,
192448,Cory Nichols,WR,0,,2028,1298,61.1,77.5,,60.8,60.3,06,0,1,0,0,26,0,27,53,26,27,LIUSHAR,LIUSHAR,63.6,,
192469,Cobey Thompkins,QB,0,,2031,139,52.7,63.9,,,,06,0,1,0,0,0,1,0,1,0,1,CITADEL,CITADEL,62.5,,57.6
192518,Tyrell Campbell,HB,0,,2030,236,63.5,66.1,,,,33,0,1,0,0,0,3,0,3,0,3,MURRAY ST,MURRAY ST,67.3,,62.6
192530,Jim Ogle,QB,0,,2029,236,75,70.7,,,60,04,0,1,5,0,0,0,7,12,5,7,MURRAY ST,MURRAY ST,63.8,74.5,
192535,Huseyin Simsir,TE,0,,2029,236,56.5,70.4,64.4,60,56.3,88,0,1,0,1,1,0,5,7,2,5,MURRAY ST,MURRAY ST,,,
192559,Logan Perez,WR,0,,2029,240,56.8,68.4,,58.8,,84,0,1,0,0,2,1,0,3,2,1,NEW HAMP,NEW HAMP,62.5,,59.5
192596,Kenny Jordan,HB,0,,2029,272,57.9,66.8,,59.5,,32,0,1,0,0,1,2,0,3,1,2,PRINCETON,PRINCETON,65.5,,58.6
192607,Giovanny Alegria,G,0,,2028,301,52.4,73.7,75.1,,51.1,74,0,1,0,3,0,0,11,14,3,11,STF AUSTIN,STF AUSTIN,,,
192628,Chris Martinez,HB,0,,2028,301,78.1,70.5,,79.5,,35,0,1,0,0,1,5,0,6,1,5,STF AUSTIN,STF AUSTIN,69.9,,72.4
192641,Clayton Wayland,WR,0,,2029,301,83.1,76.8,,86.8,39.4,21,0,1,0,0,11,0,9,20,11,9,STF AUSTIN,STF AUSTIN,64.1,,
192642,Darren Wiancko,G,0,,2026,301,66.5,78.3,72.8,,64.9,72,0,1,0,29,0,0,26,55,29,26,STF AUSTIN,STF AUSTIN,,,
192700,Matt Childs,HB,0,,2028,123,66.8,75.8,73.8,60.2,59.6,34,0,1,0,4,25,17,2,48,29,19,BROWN,BROWN,75.8,,67.1
192720,Beau Smith,T,0,,2029,123,62.3,77.6,56.4,,62.4,75,0,1,0,43,0,0,43,86,43,43,BROWN,BROWN,,,
192736,Markiel Cockrell,HB,0,,2028,124,50.9,73.4,70.8,53.5,60,23,0,1,0,1,10,11,1,23,11,12,BRYANT,BRYANT,73.5,,52.1
192758,Andrew Montez,WR,0,,2026,124,65.3,0,,68.8,60.6,00,1,1,0,0,12,0,5,17,12,5,BRYANT,BRYANT,61,,
192760,Brennan Myer,QB,0,,2029,124,50.5,75.9,,,60,04,0,1,26,0,0,2,24,52,26,26,BRYANT,BRYANT,27.6,59.1,41.8
192780,Mikal Davis,QB,0,,2029,152,31.8,75,,,60.1,13,0,1,24,0,0,2,14,40,24,16,DELWARE ST,DELWARE ST,24.4,29.8,58.5
192791,Daniel Olalekan,T,0,,2028,152,58.3,68,25.5,,60,58,0,1,0,1,0,0,3,4,1,3,DELWARE ST,DELWARE ST,,,
192795,Timothy Scott Jr.,WR,0,,2029,152,56.8,72.3,,56.9,60.4,30,0,1,0,0,5,0,6,11,5,6,DELWARE ST,DELWARE ST,69.6,,
192797,Elijah Williams,HB,0,,2028,152,71.6,66.9,,,,24,0,1,0,0,0,3,0,3,0,3,DELWARE ST,DELWARE ST,67.3,,68.8
192813,Gavin Hulet,T,0,,2027,949,54.2,75.9,63.5,,52.1,56,0,1,0,20,0,0,34,54,20,34,LNDNWD,LNDNWD,,,
192860,Carter Guillaume,G,0,,2030,293,65.9,80.8,89.1,,57.4,68,0,1,0,62,0,0,24,86,62,24,SE MO ST,SE MO ST,,,
192864,Jacorey Love,HB,0,,2028,293,54,73.3,70.8,56,,28,0,1,0,1,12,3,0,16,13,3,SE MO ST,SE MO ST,68.5,,54.3
192872,Yusef Sanogo-Kendrick,G,0,,2031,293,58.4,79.9,81.1,,47.1,78,0,1,0,62,0,0,24,86,62,24,SE MO ST,SE MO ST,,,
192874,Tristan Smith,WR,0,,2027,293,53.5,78.2,,54.5,46.9,01,0,1,0,0,61,0,24,85,61,24,SE MO ST,SE MO ST,66.7,,
192884,Kyle Cannon,LB,0,,2028,294,60,65,63.8,,,D32,0,1,0,1,0,0,0,1,1,0,SE LA,SE LA,,,
192894,Carter Hanberry,S,0,,2029,294,60,60,63.8,,,D27,0,1,0,1,0,0,0,1,1,0,SE LA,SE LA,,,
192909,Adyn Wilkinson,TE,0,,2029,294,54.2,71.4,,52.9,59.7,85,0,1,0,0,5,0,3,8,5,3,SE LA,SE LA,,,
192913,Athean Renfro Jr.,HB,0,,2028,313,60.8,75.7,78.5,56.3,60,43,0,1,0,6,8,11,3,28,14,14,TEXAS STHN,TEXAS STHN,73.5,,58.4
192915,Eli Aragon-Cruz,WR,0,,2028,345,76,78.1,,74.4,61.5,02,0,1,0,0,66,2,22,90,66,24,W ILLINOIS,W ILLINOIS,70.6,,67.8
192929,Dylan Drake,TE,0,,2027,345,60,64.1,,,60,84,0,1,0,0,0,0,1,1,0,1,W ILLINOIS,W ILLINOIS,,,
192930,Tristin Duncan,WR,0,,2026,345,64,0,,65.7,61.3,80,1,1,0,0,29,0,7,36,29,7,W ILLINOIS,W ILLINOIS,65.7,,
192936,Matthew Henry,WR,0,2026,2026,345,77,80.2,,76,62.5,00,0,1,0,0,66,0,24,90,66,24,W ILLINOIS,W ILLINOIS,23.5,,
192950,Jackson Metzdorff,T,0,,2029,345,60,60,,,60,64,0,1,0,0,0,0,1,1,0,1,W ILLINOIS,W ILLINOIS,,,
192967,Josh Ball,WR,0,,2029,186,60,60,,,60,83,0,1,0,0,0,0,1,1,0,1,IDAHO ST,IDAHO ST,,,
193015,Jack Melore,WR,0,,2029,213,55.6,74.1,,55.8,60.7,14,0,1,0,0,16,0,5,21,16,5,MARIST,MARIST,62.9,,
193028,Steve Brown,WR,0,,2029,309,64.5,72.4,,58.3,77,80,0,1,0,0,2,0,6,8,2,6,TENN TECH,TENN TECH,,,
193061,Austin Iglesias,QB,0,,2030,1139,60,65,,,60,36,0,1,0,0,0,0,1,1,0,1,TXAMEA,TXAMEA,,,
193063,Jaidyn Jones,T,0,,2028,1139,65.6,75.9,59.8,,67.3,72,0,1,0,40,0,0,15,55,40,15,TXAMEA,TXAMEA,,,
193069,JaiSean McMillian,HB,0,,2028,1139,67.3,70.9,74.3,56.7,,22,0,1,0,3,4,5,0,12,7,5,TXAMEA,TXAMEA,69.7,,66.7
193273,Chance Roberts,T,0,,2026,106,58,77.3,67.4,,52.4,58,0,1,0,39,0,0,29,68,39,29,ALBANY,ALBANY,,,
193274,Jojo Uga,HB,0,,2029,106,58.2,0,74.1,57.4,58.7,23,2,1,0,2,4,11,3,20,6,14,ALBANY,ALBANY,73.5,,64.2
193281,Keavius Barnes,T,0,,2025,112,61.4,76.2,82.6,,54,76,0,1,0,28,0,0,32,60,28,32,ARKAPB,ARKAPB,,,
193294,Kristian Gammage,WR,1,,2026,112,60,0,,62.4,61.6,02,1,1,0,0,23,0,19,42,23,19,ARKAPB,ARKAPB,65.8,,
193295,JV Gibson,WR,0,,2027,112,68.4,0,,72,62.6,11,2,1,0,0,28,0,30,58,28,30,ARKAPB,ARKAPB,66.7,,
193317,Jeremiah Rodgers,G,0,,2026,112,57.1,78.4,57.9,,55.8,61,0,1,0,27,0,0,30,57,27,30,ARKAPB,ARKAPB,,,
193336,Vincent Forney,T,0,,2029,119,46.4,76.8,64.3,,40.4,64,0,1,0,28,0,0,31,59,28,31,BETH COOK,BETH COOK,,,
193339,Isaiah Maumalanga,T,0,,2027,119,43.4,76.3,40.6,,45.2,58,0,1,0,28,0,0,31,59,28,31,BETH COOK,BETH COOK,,,
193345,Dennis Palmer,HB,0,,2029,119,58.7,76.9,28.9,54.7,60,34,0,1,0,5,14,20,1,40,19,21,BETH COOK,BETH COOK,76.7,,60.5
193346,Melvin Puckett,G,0,,2029,119,51.1,78.6,55.1,,48.7,70,0,1,0,28,0,0,31,59,28,31,BETH COOK,BETH COOK,,,
193364,Taylor Faalele,TE,0,,2029,148,67.5,70.4,67.3,,65.4,D90,0,1,0,1,0,0,8,9,1,8,DARTMOUTH,DARTMOUTH,,,
193385,BJ Atkins,WR,0,,2029,271,69.6,70.8,,67.8,60,12,0,1,0,0,5,0,3,8,5,3,PRESBYTERN,PRESBYTERN,61,,
193398,Kaleb Ferschke,T,0,,2029,271,59.5,69.1,72.9,,57.9,74,0,1,0,2,0,0,4,6,2,4,PRESBYTERN,PRESBYTERN,,,
193413,Justin Montgomery,HB,0,,2029,271,68.3,73.8,70.3,57.1,,25,0,1,0,1,4,10,0,15,5,10,PRESBYTERN,PRESBYTERN,73.1,,67.4
196451,Vito Moriana-Sigel,G,0,,2027,228,57.6,79.7,75.9,,54.6,79,0,1,0,23,0,0,42,65,23,42,MS VLY ST,MS VLY ST,,,
196456,Nate Rembert,WR,0,,2027,228,77.8,77.3,,80.3,58.8,06,0,1,0,0,19,1,24,44,19,25,MS VLY ST,MS VLY ST,69.5,,57.5
196479,Peter Fiumara,G,0,,2029,1470,61.8,77.9,76.2,,58.9,71,0,1,0,24,0,0,25,49,24,25,STHLSK,STHLSK,,,
196493,Tommy Miller,WR,0,,2030,1470,59.4,67.8,,60,,24,0,1,0,0,1,0,0,1,1,0,STHLSK,STHLSK,,,
196500,Thaibri Rogers,T,0,,2027,1470,49.2,14.6,49.1,,54.9,70,1,1,0,33,0,0,30,63,33,30,STHLSK,STHLSK,,,
196742,Kobe Brown,WR,0,,2029,297,53.8,73.9,,53.7,61.7,82,0,1,0,0,15,0,12,27,15,12,SOUTHERN U,SOUTHERN U,61,,
196748,Chris Garcia,G,0,,2026,297,41.5,79.7,10.3,,46.6,65,0,1,0,29,0,0,35,64,29,35,SOUTHERN U,SOUTHERN U,,,
196758,Damien Knighten,WR,0,,2028,297,59.2,67.9,,59.9,60,88,0,1,0,0,1,0,2,3,1,2,SOUTHERN U,SOUTHERN U,,,
196761,Jeron Lewis,G,0,,2027,297,53.3,78.8,73.4,,49,68,0,1,0,29,0,0,35,64,29,35,SOUTHERN U,SOUTHERN U,,,
196772,Bryan Wallace,T,0,,2029,297,33.9,76.5,15.5,,42.3,74,0,1,0,29,0,0,35,64,29,35,SOUTHERN U,SOUTHERN U,,,
196828,James Raber,G,0,,2025,171,51.4,77.8,53.9,,48.6,68,0,1,0,22,0,0,16,38,22,16,GARD-WEBB,GARD-WEBB,,,
196833,Justice Hill,WR,0,,2026,236,51.8,79.2,,51.4,62.1,01,0,1,0,0,28,0,21,49,28,21,MURRAY ST,MURRAY ST,,,
196860,Sione Tai,T,0,,2026,298,64.3,71.1,25.8,,68.7,58,0,1,0,3,0,0,10,13,3,10,SO UTAH,SO UTAH,,,
196876,Jayden Broughton,ED,0,,2025,290,59.3,65.2,61.9,60,60,D01,0,1,0,1,1,0,1,3,2,1,SCAR STATE,SCAR STATE,,,
196879,Deondra Duehart,HB,0,,2026,290,63.8,74.3,,53.9,59.7,03,0,1,0,0,13,8,2,23,13,10,SCAR STATE,SCAR STATE,71.9,,65.6
196880,Kyle Gallegos,K,0,,2027,290,60,60,61.9,,,S33,0,1,0,1,0,0,0,1,1,0,SCAR STATE,SCAR STATE,,,
196882,Jaique Hart,QB,0,,2027,290,56.6,72.4,,,60,14,0,1,8,0,0,3,9,20,8,12,SCAR STATE,SCAR STATE,68.2,60.8,55.2
196883,Caden High,WR,0,,2028,290,75.4,75.1,,74.8,58.7,00,0,1,0,0,24,0,14,38,24,14,SCAR STATE,SCAR STATE,69.1,,
196884,Joe Johnson,T,0,,2028,290,65.6,72.2,66.2,,64.3,74,0,1,0,10,0,0,9,19,10,9,SCAR STATE,SCAR STATE,,,
196886,Konner Lucas,LS,0,,2030,290,60,60,61.9,,,S54,0,1,0,1,0,0,0,1,1,0,SCAR STATE,SCAR STATE,,,
196893,Roger Smith,G,0,,2028,290,58.6,78.1,85.3,,53.2,71,0,1,0,27,0,0,16,43,27,16,SCAR STATE,SCAR STATE,,,
196896,Darius Thompson,WR,0,,2028,290,54.5,72.9,,57.7,51.3,80,0,1,0,0,2,0,9,11,2,9,SCAR STATE,SCAR STATE,,,
196900,Eli Williams,T,0,,2029,290,58.1,67.7,,,56.4,70,0,1,0,0,0,0,4,4,0,4,SCAR STATE,SCAR STATE,,,
196905,Chief Montalvo,WR,0,,2029,142,60,65.3,,,60,82,0,1,0,0,0,0,2,2,0,2,COLGATE,COLGATE,,,
197024,Nicholas Howard,WR,0,,2027,177,66,77.6,,65.3,62.7,88,0,1,0,0,18,0,24,42,18,24,GRAMBLING,GRAMBLING,62.9,,
197063,Randall King,WR,0,,2029,131,45.9,0,,48.3,62.8,13,1,1,0,0,19,0,25,44,19,25,CAMPBELL,CAMPBELL,61,,
197513,Adrian Lopez,G,0,,2030,234,49.4,79.2,45.2,,48.1,70,0,1,0,28,0,0,27,55,28,27,MOREHEAD,MOREHEAD,,,
197519,Kordell Rodgers,TE,0,,2029,313,57.9,67,,57.6,60,84,0,1,0,0,2,0,1,3,2,1,TEXAS STHN,TEXAS STHN,,,
197564,DJ Stevenson,QB,0,,2026,112,80.7,70.4,,,60,18,0,1,6,0,0,2,3,11,6,5,ARKAPB,ARKAPB,67,70.5,71.1
197598,Andrew Smithberger,TE,0,,2029,310,47.3,73.7,69.9,50.9,50.1,88,0,1,0,5,6,0,18,29,11,18,TENN MARTN,TENN MARTN,,,
197660,Hans Wisnewski,TE,0,,2025,131,55.2,72.2,67.9,,54.4,81,0,1,0,2,0,0,15,17,2,15,CAMPBELL,CAMPBELL,,,
197696,Riley Turner,T,0,,2029,310,60,65,,,60,77,0,1,0,0,0,0,1,1,0,1,TENN MARTN,TENN MARTN,,,
197711,Braden Cain,T,0,,2029,313,61.1,76.9,72.2,,56,71,1,1,0,27,0,0,33,60,27,33,TEXAS STHN,TEXAS STHN,,,
197712,JJ Cowan,HB,0,,2029,131,74.4,73.2,71.8,55.2,59.3,24,0,1,0,1,9,11,6,27,10,17,CAMPBELL,CAMPBELL,73.5,,74.8
197721,Christian Vann,HB,0,,2029,171,62.3,70.3,71.8,57.6,60,34,0,1,0,1,4,3,2,10,5,5,GARD-WEBB,GARD-WEBB,67.3,,62.3
197767,Kareem Keye,QB,0,,2029,105,50.7,76.9,,,60.1,10,1,1,23,0,0,5,34,62,23,39,ALABAMA ST,ALABAMA ST,69.9,52.5,52.1
197779,Bryce Hampton,T,0,,2025,236,59.2,76.4,59.9,,57.5,78,0,1,0,28,0,0,28,56,28,28,MURRAY ST,MURRAY ST,,,
197791,Unknown Brown 66,T,0,,2028,123,60,63.5,64.5,,,66,0,1,0,1,0,0,0,1,1,0,BROWN,BROWN,,,
197815,Aleks Sitkowski,QB,0,,2029,142,60,67.7,,,60,12,0,1,0,0,0,0,3,3,0,3,COLGATE,COLGATE,,,
197833,Marcus Willis,WR,0,,2029,313,60,62.7,,59.8,,82,0,1,0,0,1,0,0,1,1,0,TEXAS STHN,TEXAS STHN,64.2,,
197836,Cole Fulton,HB,0,,2028,142,59.4,63.5,,,,28,0,1,0,0,0,1,0,1,0,1,COLGATE,COLGATE,62.5,,59.7
