playerId,player,position,declinedPenalties,draftSeason,eligibleSeason,franchiseId,gradesOffense,gradesOffensePenalty,gradesPassRoute,gradesRunBlock,jerseyNumber,penalties,playerGameCount,snapCountsPass,snapCountsPassBlock,snapCountsPassRoute,snapCountsRun,snapCountsRunBlock,snapCountsTotal,snapCountsTotalPass,snapCountsTotalRun,team,teamName,gradesHandsFumble,gradesPass,gradesRun,gradesPassBlock
52545,Joe Royer,TE,0,2026,2026,138,52.9,72.4,53.1,58.9,11,1,1,0,0,8,0,3,11,8,3,CINCINNATI,CINCINNATI,,,,
54221,Sterling Berkhalter,WR,0,,2027,339,60.2,77.5,59.8,61.8,04,0,1,0,0,24,0,19,43,24,19,WAKE,WAKE,65.7,,,
70721,Kevin Green Jr.,WR,0,,2027,340,56.3,69.1,57.1,60,00,0,1,0,0,4,0,1,5,4,1,WASHINGTON,WASHINGTON,,,,
70727,Miller Moss,QB,0,2026,2026,210,62.1,76.7,,60,07,0,1,29,0,0,8,27,64,29,35,LOUISVILLE,LOUISVILLE,71.9,55.9,68.5,
70963,Jacob Conover,QB,0,,2026,329,53.3,70.7,,60,03,0,1,11,0,0,0,1,12,11,1,UTAH ST,UTAH ST,65.6,52.9,58.7,
71443,Mavin Anderson,WR,0,,2026,314,51.6,74,52.2,57.2,03,0,1,0,0,16,0,12,28,16,12,TEXAS ST,TEXAS ST,,,,
71596,Aaron Smith,CB,0,,2026,241,60,60,,60,D29,0,1,0,0,0,0,1,1,0,1,NEW MEXICO,NEW MEXICO,,,,
71698,Jayden Dixon-Veal,WR,0,,2026,130,49.7,74.2,54,37.4,10,0,1,0,0,14,0,1,15,14,1,CAL,CAL,,,,
72324,Sonny Makasini,G,0,,2027,128,59.6,75.2,,65.4,51,0,1,0,15,0,0,7,22,15,7,BYU,BYU,,,,25.5
72376,Cam Davis,HB,0,,2026,225,57.4,71.6,54.9,59.8,23,0,1,0,1,7,1,3,12,8,4,MINNESOTA,MINNESOTA,62.5,,59.6,71.8
72689,Marshall Jackson,T,0,,2026,346,51.3,77.8,,54.3,53,1,1,0,49,0,0,27,76,49,27,W KENTUCKY,W KENTUCKY,,,,42
73621,Elijah Gilliam,HB,0,,2026,169,52.8,76.1,52.1,60,33,0,1,0,4,10,9,3,26,14,12,FRESNO ST,FRESNO ST,72.5,,53.9,77
74152,Ryan Quintanar,LB,0,,2026,326,60,64.9,,60,21,0,1,0,0,0,0,1,1,0,1,USC,USC,,,,
74652,AJ Vaipulu,G,0,,2026,341,52.1,79.7,,53,66,0,1,0,52,0,0,31,83,52,31,WASH STATE,WASH STATE,,,,36.8
76606,Jalynn Williams,HB,0,,2026,268,70.2,66.3,,,35,0,1,0,1,0,2,0,3,1,2,PITTSBURGH,PITTSBURGH,65.5,,67.2,71.8
86146,Toreon Penright,T,0,,2026,169,61.5,68.8,,61.2,77,0,1,0,1,0,0,5,6,1,5,FRESNO ST,FRESNO ST,,,,64.2
86353,Byron Cardwell Jr.,HB,0,,2027,284,64,70.2,59.9,58.2,21,0,1,0,0,1,1,3,5,1,4,S DIEGO ST,S DIEGO ST,62.5,,63.3,
86538,Chase Penry,WR,0,,2026,120,50.4,0,53.1,56.1,13,1,1,0,0,35,0,15,50,35,15,BOISE ST,BOISE ST,64.1,,,
90224,Reymello Murphy,WR,0,,2026,146,67.7,75.4,71.2,35.4,06,1,1,0,0,18,0,11,29,18,11,UCONN,UCONN,66.7,,,
90626,Beau Gardner,LS,0,2026,2026,173,60,60,,,S60,0,1,0,1,0,0,0,1,1,0,GEORGIA,GEORGIA,,,,63.8
97105,Cam Ross,WR,0,2026,2026,335,60,0,61.8,60.7,06,1,1,0,0,36,0,17,53,36,17,VIRGINIA,VIRGINIA,69.8,,,
97303,Enoch Nawahine,HB,0,,2026,128,65.8,76.3,53.8,51.4,21,0,1,1,11,18,10,5,45,30,15,BYU,BYU,73,60.4,68.2,83.4
97321,Ryan Davis,WR,0,,2026,328,70.8,76.4,70.2,60.5,09,0,1,0,0,21,0,18,39,21,18,UTAH,UTAH,65.7,,,
98061,Jack Bailey,C,0,,2026,256,61.5,74.4,,58.1,69,0,1,0,9,0,0,6,15,9,6,NWESTERN,NWESTERN,,,,81.1
98082,Demetris Allen,G,0,,2026,331,50.7,0.8,,52.4,73,1,1,0,39,0,0,29,68,39,29,UTSA,UTSA,,,,55.6
98255,Jax Harrington,T,0,,2026,207,61.5,77.2,,52.7,70,0,1,0,46,0,0,33,79,46,33,LA LAFAYET,LA LAFAYET,,,,79
98371,Brett Seither,TE,0,,2026,176,44.3,76.9,50.4,33.9,80,1,1,0,3,19,0,6,28,22,6,GA TECH,GA TECH,,,,51.4
98396,Julius Pierce,C,0,,2026,166,54.9,80,,59.8,65,0,1,0,60,0,0,17,77,60,17,FIU,FIU,,,,40
99476,Maverick McIvor,QB,0,,2026,346,74.9,75.1,,60,07,0,1,24,0,0,5,13,42,24,18,W KENTUCKY,W KENTUCKY,70.4,74,64.1,
99809,Rico Watson III,ED,0,,2026,327,60,71.8,,,D34,0,1,0,1,0,0,0,1,1,0,USF,USF,,,,63.8
100253,Broderick Roman,C,1,,2027,296,66.7,10.6,,66.3,67,1,1,0,51,0,0,26,77,51,26,SO MISS,SO MISS,,,,86.3
100263,Xavior Gray,T,0,,2026,256,56.5,69.9,,55.4,63,0,1,0,5,0,0,3,8,5,3,NWESTERN,NWESTERN,,,,62
101126,Christian Helms,WR,0,,2026,327,53.5,70.2,54.2,,85,0,1,0,0,4,0,0,4,4,0,USF,USF,,,,
101628,Jacob Clark,QB,0,2026,2026,230,77.8,77.5,,60,12,1,1,54,0,0,1,23,78,54,24,MO STATE,MO STATE,69.8,77.4,63.2,
102324,Keagen Trost,T,0,2026,2026,229,65,10.6,,66.3,79,1,1,0,25,0,0,32,57,25,32,MISSOURI,MISSOURI,,,,74.3
103865,Evan Beerntsen,G,0,2026,2026,256,68.3,77.7,,69,60,0,1,0,28,0,0,19,47,28,19,NWESTERN,NWESTERN,,,,65.4
104638,Ryan Joyce,C,0,,2026,263,61.3,80.2,,58.5,65,0,1,0,34,0,0,46,80,34,46,DOMINION,DOMINION,,,,71.2
121426,Caullin Lacy,WR,0,2026,2026,210,90,76.1,90.8,60.7,05,0,1,0,0,19,1,15,35,19,16,LOUISVILLE,LOUISVILLE,71.8,,63.4,
121488,Zaire Flournoy,G,0,,2027,166,67.7,79.4,,71.4,51,0,1,0,60,0,0,17,77,60,17,FIU,FIU,,,,61.8
121508,Brady Wilson,C,0,,2026,335,53.9,80.2,,50.7,76,0,1,0,45,0,0,36,81,45,36,VIRGINIA,VIRGINIA,,,,68.7
121537,Lincoln Pare,HB,0,2026,2026,314,68.4,0,58.6,60.2,07,1,1,0,5,9,12,6,32,14,18,TEXAS ST,TEXAS ST,74.2,,70.4,77.9
121539,Corey Rucker,WR,0,2026,2026,113,79.5,78.6,78.4,62.2,07,0,1,0,0,37,0,24,61,37,24,ARK STATE,ARK STATE,66.7,,,
121708,Tyson Thompson,TE,0,,2026,275,52.7,76.9,52.3,58.3,11,0,1,0,0,13,1,11,25,13,12,RICE,RICE,69.5,,59.3,
121817,Frank Peasant,HB,0,,2026,218,55.8,76.9,57.3,72.2,22,0,1,0,6,27,12,5,50,33,17,MEMPHIS,MEMPHIS,24.2,,54.3,37.6
121819,Lance Robinson,G,0,,2027,210,59.1,79.8,,54.2,53,0,1,0,29,0,0,35,64,29,35,LOUISVILLE,LOUISVILLE,,,,85.3
121971,Durham Harris,LS,0,,2026,333,60,60,,60,S46,0,1,0,0,0,0,1,1,0,1,VANDERBILT,VANDERBILT,,,,
122056,Miles Davis,HB,0,2026,2026,329,64.2,77.1,76,56.3,02,0,1,0,12,15,5,10,42,27,15,UTAH ST,UTAH ST,70.3,,59.1,41.6
122147,Sage Ennis,TE,0,,2026,335,60.8,78.5,65.7,52.1,00,1,1,0,10,30,0,25,65,40,25,VIRGINIA,VIRGINIA,65.7,,,33.8
122163,Tyler Venables,S,0,,2026,140,58,65,55.3,,D24,0,1,0,0,1,0,0,1,1,0,CLEMSON,CLEMSON,,,,
122164,E.J. Williams Jr.,WR,0,2026,2026,190,62,78.5,59.6,72.4,07,0,1,0,0,16,0,27,43,16,27,INDIANA,INDIANA,61,,,
122234,Anderson Castle,HB,0,2026,2026,154,69.8,72.6,56.6,,04,0,1,0,2,4,5,0,11,6,5,DUKE,DUKE,69.7,,68.9,77
122299,Quincy Jenkins,G,0,,2026,346,39.1,9.3,,54.8,63,1,1,0,49,0,0,27,76,49,27,W KENTUCKY,W KENTUCKY,,,,15.6
122346,Donavan Manson,G,0,,2026,325,56.9,76.2,,63.6,55,0,1,0,17,0,0,8,25,17,8,UNLV,UNLV,,,,22.1
122402,Zane Herring,G,0,,2026,327,48.1,75.6,,52.1,51,0,1,0,30,0,0,20,50,30,20,USF,USF,,,,36.7
122417,Thomas Shrader,G,0,,2027,327,67.1,80.3,,68.5,67,0,1,0,48,0,0,27,75,48,27,USF,USF,,,,61.3
122419,David Stickle,C,0,,2026,275,57,79.6,,58.1,64,0,1,0,28,0,0,39,67,28,39,RICE,RICE,,,,47.6
122451,Rasheed Miller,T,1,2026,2026,210,69.4,15.2,,79.1,60,1,1,0,29,0,0,35,64,29,35,LOUISVILLE,LOUISVILLE,,,,40.9
122491,Jason Moore,DI,0,,2026,176,60,64.3,,60,D95,0,1,0,0,0,0,1,1,0,1,GA TECH,GA TECH,,,,
122496,Jeff Sims,QB,0,,2026,110,79.9,77.3,,60,02,0,1,40,0,0,7,30,77,40,37,ARIZONA ST,ARIZONA ST,71.8,70.5,78.3,
122626,Carver Willis,T,0,2026,2026,340,72.7,76.4,,67.6,50,0,1,0,36,0,0,19,55,36,19,WASHINGTON,WASHINGTON,,,,78.4
122826,Chance Carroll,C,0,,2026,174,58.7,74.1,,56.2,54,0,1,0,8,0,0,7,15,8,7,GA SOUTHRN,GA SOUTHRN,,,,76.4
122856,Anthony Carter Jr.,G,0,,2026,248,65.6,78.6,,64.1,75,0,1,0,27,0,0,23,50,27,23,NC STATE,NC STATE,,,,71.4
122874,Matt McCabe,G,0,,2026,248,60,60,,,66,0,1,0,1,0,0,0,1,1,0,NC STATE,NC STATE,,,,60.5
122885,Anthony Smith,WR,0,2026,2026,156,83.5,77.2,84.1,60.5,09,0,1,0,0,22,0,36,58,22,36,E CAROLINA,E CAROLINA,65,,,
122916,Nate Anderson,G,0,,2026,287,59.5,70.8,,58.3,69,0,1,0,2,0,0,4,6,2,4,SMU,SMU,,,,74.8
122938,Chandler Morris,QB,0,2026,2026,335,57.5,26.5,,60.1,04,1,1,44,1,0,3,33,81,45,36,VIRGINIA,VIRGINIA,70.5,60.9,54.4,62.2
122956,Cade Bennett,G,0,,2027,305,52.5,80.3,,54.3,60,0,1,0,47,0,0,26,73,47,26,TCU,TCU,,,,32.6
123051,Trebor Pena,WR,0,2026,2026,266,72.4,77.8,73.9,55.1,08,0,1,0,0,28,1,26,55,28,27,PENN STATE,PENN STATE,72.4,,59.5,
123069,Chase Curtis,TE,0,2026,2026,305,44.5,0,52.2,49.9,81,1,1,0,6,16,0,14,36,22,14,TCU,TCU,61,,,70.2
123124,Troy Omeire,WR,0,,2027,325,53.8,76,53.9,60,00,0,1,0,0,19,0,13,32,19,13,UNLV,UNLV,61,,,
123125,Logan Parr,G,0,,2026,287,61.5,79.4,,56.2,71,0,1,0,31,0,0,29,60,31,29,SMU,SMU,,,,87.8
123308,Dan Dishman,TE,0,,2026,331,48.5,75.4,51.2,52.7,05,0,1,0,4,9,0,16,29,13,16,UTSA,UTSA,,,,67.7
123327,Jaren Randle,WR,0,,2026,331,60.6,75.4,60.4,59.7,11,0,1,0,0,15,0,8,23,15,8,UTSA,UTSA,61,,,
123342,Jordan Brunson,HB,0,,2026,221,53,72.8,57.9,60,06,0,1,0,9,3,9,1,22,12,10,MIAMI OH,MIAMI OH,21.8,,52.2,79.4
123379,Will Cobb,LS,0,,2026,339,60,65.1,,,S32,0,1,0,1,0,0,0,1,1,0,WAKE,WAKE,,,,90.4
123401,George Sell,G,0,,2026,339,60.2,79.4,,59.6,77,0,1,0,38,0,0,34,72,38,34,WAKE,WAKE,,,,56.9
123404,Zach Vaughan,T,0,,2026,347,54.3,77.1,,52.6,73,0,1,0,24,0,0,42,66,24,42,W MICHIGAN,W MICHIGAN,,,,61.4
123439,Jordan White,C,0,2026,2026,333,57.3,72.4,,60,53,0,1,0,8,0,0,1,9,8,1,VANDERBILT,VANDERBILT,,,,39.1
123472,Noah Whittington,HB,0,2026,2026,264,57.1,75.8,59.5,59.7,06,0,1,0,7,20,13,2,42,27,15,OREGON,OREGON,74.5,,55.5,81.3
123561,Gavin Gerhardt,C,0,2026,2026,138,70.6,79.3,,66.4,53,0,1,0,27,0,0,33,60,27,33,CINCINNATI,CINCINNATI,,,,77.2
123583,Jadon Thompson,WR,0,,2026,218,57.2,72.1,57.3,60.8,00,0,1,0,0,7,0,5,12,7,5,MEMPHIS,MEMPHIS,69.9,,,
123640,Kejon Owens,HB,0,2026,2026,166,64.6,73.5,58,60,05,0,1,0,5,14,8,1,28,19,9,FIU,FIU,72,,67.9,25.6
123654,Derek Bowman,T,0,,2026,327,53.6,77.6,,44.1,62,0,1,0,48,0,0,27,75,48,27,USF,USF,,,,69.9
123675,Ugonna Nnanna,G,0,,2026,251,59.7,69.8,,59.4,71,0,1,0,1,0,0,3,4,1,3,N TEXAS,N TEXAS,,,,67.3
123680,Stacy Sneed,HB,0,,2026,182,58.7,71.1,84.6,60,21,0,1,0,1,5,2,1,9,6,3,HOUSTON,HOUSTON,66.9,,56.1,0
123682,Trevonte Sylvester,T,1,2026,2026,210,62.2,16.8,,66,70,1,1,0,29,0,0,35,64,29,35,LOUISVILLE,LOUISVILLE,,,,62.9
123756,Gaston Moore,QB,0,,2026,327,64.7,76.1,,60,03,0,1,34,0,0,3,18,55,34,21,USF,USF,70,71.1,48.9,
123758,Parker Navarro,QB,0,,2026,259,76.1,21,,60,13,1,1,18,0,0,16,27,61,18,43,OHIO,OHIO,74.6,73,68.2,
123857,Ahmon Green,TE,0,,2026,174,43.6,77.5,52,44.3,07,0,1,0,12,13,0,28,53,25,28,GA SOUTHRN,GA SOUTHRN,61,,,55.8
123867,Tailique Williams,WR,0,,2026,347,51.6,74.1,55.6,45.4,00,0,1,0,0,11,2,6,19,11,8,W MICHIGAN,W MICHIGAN,66.3,,56.7,
123874,CJ Daniels,WR,0,2026,2026,220,68.7,79.4,68.7,57.1,07,0,1,0,0,30,0,24,54,30,24,MIAMI FL,MIAMI FL,65.7,,,
123886,Chase Mitchell,G,0,,2026,333,53.5,79.2,,61.3,50,1,1,0,51,0,0,13,64,51,13,VANDERBILT,VANDERBILT,,,,26.5
124010,Carson Beck,QB,0,2026,2026,220,70.5,76.6,,60.2,11,0,1,33,0,0,2,28,63,33,30,MIAMI FL,MIAMI FL,69.5,71.1,59.9,
124053,Deondre Buford,T,0,,2026,138,62.7,14,,64.5,56,1,1,0,27,0,0,33,60,27,33,CINCINNATI,CINCINNATI,,,,71.3
124104,Koy Moore,WR,0,,2026,325,76.9,72.8,71.3,80.2,05,0,1,0,1,9,0,4,14,10,4,UNLV,UNLV,61,,,60.9
124228,Ger-Cari Caldwell,WR,0,,2026,218,54.3,74.9,54.7,58.7,11,0,1,0,0,13,0,6,19,13,6,MEMPHIS,MEMPHIS,,,,
124248,Payton Mangrum,WR,0,,2026,156,46,73.8,57.4,58.4,19,0,1,1,0,5,0,11,17,6,11,E CAROLINA,E CAROLINA,68.8,37.5,,
124329,Haynes King,QB,0,2026,2026,176,60.7,77,,60,10,0,1,44,0,0,6,20,70,44,26,GA TECH,GA TECH,71.3,60.7,58.4,
124341,Blake Smith,TE,0,,2027,314,65.9,77.3,58.5,77.2,16,0,1,0,4,19,0,20,43,23,20,TEXAS ST,TEXAS ST,61,,,69.1
124347,Jason Brooks Jr.,G,0,,2026,182,60.1,80.9,,59.5,73,0,1,0,43,0,0,44,87,43,44,HOUSTON,HOUSTON,,,,56.2
124359,Ken Seals,QB,0,,2026,305,75.6,77.2,,60,09,0,1,47,0,0,3,23,73,47,26,TCU,TCU,38.8,79.9,52.6,
124366,Mike Wright Jr.,QB,0,,2026,156,53.7,69.2,59.5,60,00,0,1,0,0,1,2,3,6,1,5,E CAROLINA,E CAROLINA,65.5,,56.7,
124649,Braden Bartosh,G,0,,2026,114,89.6,72.7,,88.9,50,0,1,0,2,0,0,9,11,2,9,ARMY,ARMY,,,,72.3
124716,Preston Stone,QB,0,,2026,256,83.8,75.9,,60,08,1,1,33,0,0,2,19,54,33,21,NWESTERN,NWESTERN,69,81.9,64.6,
124736,Andrew Paul,HB,0,,2027,196,55.5,70.7,56.4,59.6,00,0,1,0,0,3,5,3,11,3,8,JVILLE ST,JVILLE ST,69.7,,56.9,
124972,Logan Muckey,WR,0,,2026,229,59.7,67,,59,82,0,1,0,0,0,0,2,2,0,2,MISSOURI,MISSOURI,,,,
125137,Kendrick Bell,WR,0,,2028,222,70,75.9,68.8,60,10,0,1,0,0,20,0,3,23,20,3,MICHIGAN,MICHIGAN,62.9,,,
125264,Micah Davis,WR,0,,2026,296,66.7,79.3,66.5,62.5,06,0,1,1,0,35,0,12,48,36,12,SO MISS,SO MISS,72.8,60,,
125659,Rick McBroom,G,0,,2026,311,60,65,,60,63,0,1,0,0,0,0,1,1,0,1,TEXAS,TEXAS,,,,
125681,James Brockermeyer,C,0,2026,2026,220,66.7,79.3,,61,52,0,1,0,33,0,0,30,63,33,30,MIAMI FL,MIAMI FL,,,,83.7
125950,Luke Hasz,TE,0,,2028,226,90.4,67.3,74,60,09,0,1,0,1,1,0,1,3,2,1,OLE MISS,OLE MISS,61,,,64.4
126259,Noah Josey,G,0,,2027,335,57.1,80.5,,59.2,77,0,1,0,45,0,0,36,81,45,36,VIRGINIA,VIRGINIA,,,,39
126368,Jackson Schultze,T,0,,2026,166,50.3,69.9,,45.6,72,0,1,0,6,0,0,2,8,6,2,FIU,FIU,,,,79.2
126465,Langston Patterson,LB,0,2026,2026,333,60,60,,60,D10,0,1,0,0,0,0,1,1,0,1,VANDERBILT,VANDERBILT,,,,
127145,Jay Fair,WR,0,,2026,326,53.9,73.6,53.9,60.1,09,0,1,0,0,11,0,9,20,11,9,USC,USC,,,,
127298,Brady Boyd,WR,1,2026,2026,329,72.2,78.3,73.8,45.6,05,1,1,0,0,41,0,18,59,41,18,UTAH ST,UTAH ST,65,,,
127412,Will Thomas,T,0,,2028,325,52.5,15.1,,49.3,72,1,1,0,37,0,0,25,62,37,25,UNLV,UNLV,,,,73.2
128119,Latrell Caples,WR,0,,2026,120,64.4,76.8,63.9,60.9,03,0,1,0,0,37,0,13,50,37,13,BOISE ST,BOISE ST,65.7,,,
128133,Kyle Juergens,G,0,,2026,146,63.1,77.9,,61.5,58,0,1,0,14,0,0,26,40,14,26,UCONN,UCONN,,,,73.1
128172,Jordan Brown,WR,0,,2026,169,61,71,,61.8,81,0,1,0,0,0,0,8,8,0,8,FRESNO ST,FRESNO ST,,,,
128188,Julian Polendo,G,0,,2026,169,50.8,79.4,,47.2,74,0,1,0,29,0,0,46,75,29,46,FRESNO ST,FRESNO ST,,,,70
128189,Malik Sherrod,HB,0,,2026,120,50.3,76.3,34.2,60,08,0,1,0,5,21,4,1,31,26,5,BOISE ST,BOISE ST,74.4,,65.2,22.5
128333,Sam Olson,TE,0,,2026,109,60.1,77.6,68.2,49.1,84,0,1,0,8,20,0,21,49,28,21,ARIZONA,ARIZONA,64.1,,,33.1
128362,Alani Makihele,G,0,,2026,325,60.7,0,,63,73,1,1,0,37,0,0,25,62,37,25,UNLV,UNLV,,,,69.4
128427,Emmanuel Pregnon,G,0,2026,2026,264,66,80.7,,65.2,75,0,1,0,41,0,0,41,82,41,41,OREGON,OREGON,,,,66.3
128793,Zach Ortwerth,TE,0,,2028,192,54.9,75.8,57.9,54.4,48,0,1,0,3,3,0,24,30,6,24,IOWA,IOWA,61,,,67.1
128960,Mason Jones,T,0,,2026,241,60,60,,60,70,0,1,0,0,0,0,1,1,0,1,NEW MEXICO,NEW MEXICO,,,,
129405,Reid Williams,C,0,,2026,325,64.1,79.3,,59.7,64,0,1,0,37,0,0,25,62,37,25,UNLV,UNLV,,,,75.4
129407,Josh Beetham,TE,0,,2026,176,71,73.1,80.5,59,17,0,1,0,3,3,0,13,19,6,13,GA TECH,GA TECH,61,,,69
129427,Deuce Spann,WR,0,,2026,268,56,69.9,56.7,60,07,0,1,0,0,4,0,2,6,4,2,PITTSBURGH,PITTSBURGH,65.6,,,
129434,Kahlil Benson,T,0,2026,2026,190,71.3,72.5,,69.1,67,0,1,0,2,0,0,19,21,2,19,INDIANA,INDIANA,,,,74
129473,Logan Jones,C,0,2026,2026,192,67.5,79.3,,62.7,65,0,1,0,25,0,0,37,62,25,37,IOWA,IOWA,,,,83.5
129575,Eamonn Dennis,WR,0,,2026,259,59.7,67.3,59.8,,10,0,1,0,0,2,0,0,2,2,0,OHIO,OHIO,61,,,
129581,Matthew Hibner,TE,0,2026,2026,287,59.5,78.3,57.3,63.1,88,0,1,0,2,25,0,28,55,27,28,SMU,SMU,62.9,,,71.7
129593,Jeff Persi,T,0,,2026,268,49,77.7,,45.9,78,0,1,0,49,0,0,29,78,49,29,PITTSBURGH,PITTSBURGH,,,,52.1
129659,Martes Lewis,T,0,,2026,256,57.6,75.2,,59.5,75,0,1,0,27,0,0,18,45,27,18,NWESTERN,NWESTERN,,,,50.8
129684,Turner Corcoran,T,0,,2026,238,44.6,75.4,,51.1,69,0,1,0,26,0,0,21,47,26,21,NEBRASKA,NEBRASKA,,,,28.1
129738,Hunter Welcing,TE,0,,2027,256,46.9,79.1,48.3,56.9,84,0,1,0,2,23,0,14,39,25,14,NWESTERN,NWESTERN,61,,,23
129747,Patrick Gurd,TE,0,2026,2026,138,58.4,76.4,75.5,35.5,21,0,1,0,2,9,0,14,25,11,14,CINCINNATI,CINCINNATI,61,,,18.8
129790,Keyvone Lee,HB,0,,2026,325,59,72.4,72.6,58.5,02,0,1,0,3,5,4,2,14,8,6,UNLV,UNLV,68.9,,60.3,14.1
129791,Malick Meiga,WR,0,2026,2026,141,54.8,79.6,56.7,43.6,03,0,1,0,0,32,0,13,45,32,13,COAST CAR,COAST CAR,62.9,,,
129796,Ibrahim Traore,T,0,,2028,316,61.2,0,,64.7,55,1,1,0,27,0,0,13,40,27,13,TOLEDO,TOLEDO,,,,71.4
129890,Kamar Missouri,T,0,2026,2026,331,64,77.2,,55.1,55,0,1,0,39,0,0,29,68,39,29,UTSA,UTSA,,,,81.5
129928,Riley Nowakowski,TE,0,2026,2026,190,57.1,77.9,65.4,47.8,37,0,1,0,10,14,0,34,58,24,34,INDIANA,INDIANA,64.1,,,61.5
130215,Lane Parks,G,0,,2028,114,72.8,70.6,,72.1,72,0,1,0,1,0,0,4,5,1,4,ARMY,ARMY,,,,70.6
130364,Jalen Grant,C,0,,2026,248,61.8,79.3,,60.5,74,0,1,0,35,0,0,29,64,35,29,NC STATE,NC STATE,,,,61.7
130496,Marcellus Marshall,G,0,,2026,225,47.9,68.3,,59.9,74,0,1,0,3,0,0,2,5,3,2,MINNESOTA,MINNESOTA,,,,0
130512,James Bomba,TE,0,,2026,190,60,67.5,,60,48,0,1,0,0,0,0,3,3,0,3,INDIANA,INDIANA,,,,
130577,Trayvon Rudolph,WR,0,2026,2026,316,57.6,77.1,57.2,59.8,09,0,1,0,0,28,0,20,48,28,20,TOLEDO,TOLEDO,63.6,,,
130584,Harrison Waylee,HB,0,,2026,335,63.5,78.8,48.8,59.8,21,0,1,0,9,30,20,3,62,39,23,VIRGINIA,VIRGINIA,76.8,,67.1,81
130602,Shedrick Rhodes Jr.,T,0,,2026,259,55.7,76.9,,54.6,64,1,1,0,18,0,0,43,61,18,43,OHIO,OHIO,,,,57.9
130667,Adam Vandervest,T,0,,2026,347,58.3,71,,57.7,71,0,1,0,1,0,0,12,13,1,12,W MICHIGAN,W MICHIGAN,,,,65.6
131577,Jalen John,HB,0,,2026,141,59.7,64.5,58.7,,21,0,1,0,0,2,0,0,2,2,0,COAST CAR,COAST CAR,,,,
131631,Chip Trayanum,HB,1,2026,2026,316,58.5,0,44.7,58.1,01,1,1,0,9,22,17,4,52,31,21,TOLEDO,TOLEDO,75.5,,65.4,68.9
131674,Shaadie Clayton-Johnson,HB,0,,2026,287,52.7,70.4,57.3,60,24,0,1,0,1,3,2,3,9,4,5,SMU,SMU,65.5,,58.6,1.8
131687,Brendon Lewis,QB,0,,2026,218,85.3,75.9,,60.2,02,0,1,31,0,0,5,14,50,31,19,MEMPHIS,MEMPHIS,70.7,76.1,78.9,
131702,Robby Ashford,QB,1,,2026,339,66.4,77.2,,60,02,1,1,37,0,0,14,20,71,37,34,WAKE,WAKE,74,57.5,71.1,
131713,Kris Hutson,WR,0,,2026,109,57.7,80.7,57.5,58.9,04,0,1,0,0,50,0,29,79,50,29,ARIZONA,ARIZONA,64.1,,,
131748,Jake Overman,TE,0,,2026,268,56.2,72.5,57.3,55.8,87,0,1,0,0,9,0,8,17,9,8,PITTSBURGH,PITTSBURGH,62.9,,,
131773,Drake Metcalf,G,0,,2027,335,58.6,79.6,,56.3,60,0,1,0,45,0,0,36,81,45,36,VIRGINIA,VIRGINIA,,,,64.3
131791,Bruno Fina,T,0,2026,2026,154,59.9,27.8,,56.1,75,1,1,0,57,0,0,32,89,57,32,DUKE,DUKE,,,,73.5
131801,Logan Loya,WR,0,,2026,225,54.1,73.7,54.3,59.5,17,0,1,0,0,12,0,7,19,12,7,MINNESOTA,MINNESOTA,,,,
131819,Gary Bryant Jr.,WR,0,,2026,264,56,73.1,56,61.2,02,0,1,0,0,9,0,9,18,9,9,OREGON,OREGON,61,,,
131845,Bryson Barnes,QB,0,,2026,329,50.7,75.5,,60,16,0,1,30,0,0,9,8,47,30,17,UTAH ST,UTAH ST,72.3,39,71.3,
131856,Alex Harrison,C,0,,2027,328,58.7,69.6,,51.9,79,0,1,0,0,0,0,4,4,0,4,UTAH,UTAH,,,,
131859,Jaren Kump,C,0,2026,2026,328,66.5,4.9,,66.5,68,1,1,0,35,0,0,38,73,35,38,UTAH,UTAH,,,,75.4
131879,Tanoa Togiai,G,0,2026,2026,328,57.1,80.2,,51.3,73,0,1,0,35,0,0,38,73,35,38,UTAH,UTAH,,,,87.7
131898,Geirean Hatchett,G,0,,2027,340,71.4,78.2,,69.7,56,0,1,0,37,0,0,16,53,37,16,WASHINGTON,WASHINGTON,,,,83.1
131910,Sawyer Racanelli,WR,0,,2026,339,63.8,79,58.7,67.6,09,0,1,1,0,30,0,31,62,31,31,WAKE,WAKE,62.4,75.8,,
131930,Fa'alili Fa'amoe,T,0,,2026,339,78.2,21,,78.5,79,2,1,0,38,0,0,34,72,38,34,WAKE,WAKE,,,,83.2
131938,Devin Kylany,C,0,,2026,339,66.7,79.9,,61.6,70,0,1,0,38,0,0,34,72,38,34,WAKE,WAKE,,,,80.4
133616,Rodney Harris II,WR,0,,2027,259,66.3,77.6,65.7,63.3,11,0,1,0,0,18,0,41,59,18,41,OHIO,OHIO,64.1,,,
133685,David Larkins,TE,0,,2026,108,67.4,78,60.3,72.9,85,0,1,0,1,23,0,26,50,24,26,APP STATE,APP STATE,64.1,,,64.4
134081,MJ Flowers,HB,0,,2027,146,56.4,66.2,,,24,0,1,0,0,0,2,0,2,0,2,UCONN,UCONN,65.5,,57.3,
138226,Mark Hutchinson,G,0,,2026,230,48.1,80.6,,43.6,72,1,1,0,54,0,0,24,78,54,24,MO STATE,MO STATE,,,,46.1
138303,Mark Gronowski,QB,0,2026,2026,192,86.4,76.5,,60,11,0,1,25,0,0,12,25,62,25,37,IOWA,IOWA,38.4,82.3,72.1,
138448,Kaelon Black,HB,0,2026,2026,190,86.1,73.4,72,60,08,0,1,0,4,6,15,3,28,10,18,INDIANA,INDIANA,75.2,,81.9,77.4
138993,Will Flowers,C,0,,2026,108,57.3,79.4,,56.2,73,0,1,0,33,0,0,31,64,33,31,APP STATE,APP STATE,,,,61.3
139035,Ryan Leavy,P,0,,2026,156,60,60,,,S37,0,1,0,0,0,1,0,1,0,1,E CAROLINA,E CAROLINA,62.5,,60,
139071,Cooper Frazier,G,0,,2026,296,56.6,72.4,,54.4,52,0,1,0,7,0,0,3,10,7,3,SO MISS,SO MISS,,,,83.5
141282,Bayo Kannike,G,1,,2026,284,64,79.8,,61.9,71,1,1,0,45,0,0,41,86,45,41,S DIEGO ST,S DIEGO ST,,,,70.6
141684,Austin Leausa,G,0,,2026,128,57.5,76.3,,54.9,55,0,1,0,35,0,0,19,54,35,19,BYU,BYU,,,,60.5
141839,Shomari Lawrence,HB,0,,2026,230,76.4,77,64.3,60,02,0,1,0,9,17,17,1,44,26,18,MO STATE,MO STATE,75.9,,76.5,67.3
141844,Bryce Henderson,T,0,2026,2026,333,57.1,76.7,,59.2,55,0,1,0,51,0,0,13,64,51,13,VANDERBILT,VANDERBILT,,,,51.5
141954,Sawyer Evans,P,0,,2026,251,60,70.3,,60,S41,0,1,0,0,0,0,1,1,0,1,N TEXAS,N TEXAS,,,,
142023,Michael Pettway,WR,0,,2026,196,48.9,77.2,48.4,60,01,0,1,0,0,17,0,22,39,17,22,JVILLE ST,JVILLE ST,65.1,,,
142181,Chubba Maae,G,0,,2026,109,50.4,81,,39.1,55,0,1,0,59,0,0,31,90,59,31,ARIZONA,ARIZONA,,,,75.9
142242,Fintan Brose,G,0,,2026,151,69.2,79.5,,67.9,54,0,1,0,34,0,0,27,61,34,27,DELAWARE,DELAWARE,,,,75.2
142695,Justin Wolf,TE,0,,2026,346,60,66.7,,59.8,15,0,1,0,0,0,0,3,3,0,3,W KENTUCKY,W KENTUCKY,,,,
142731,Cameron Williams,G,0,,2026,200,75.8,78.8,,73.4,64,0,1,0,34,0,0,20,54,34,20,KENNESAW,KENNESAW,,,,73.2
142732,Israel Mukwiza,G,0,,2026,241,55.7,78.1,,51.8,66,0,1,0,28,0,0,14,42,28,14,NEW MEXICO,NEW MEXICO,,,,66.4
142736,Nevell Brown,T,0,,2026,241,59.8,72.3,,58.5,72,0,1,0,11,0,0,6,17,11,6,NEW MEXICO,NEW MEXICO,,,,61.1
142986,Coleman Bennett,HB,0,2026,2026,200,61.2,74.7,57.5,59.7,00,0,1,0,12,13,9,2,36,25,11,KENNESAW,KENNESAW,72.6,,59.8,82.1
143854,Sahmir Hagans,WR,0,2026,2026,154,60.5,77.9,57.3,85.6,02,0,1,0,0,54,0,27,81,54,27,DUKE,DUKE,66.7,,,
143866,Jaquez Moore,HB,0,,2026,154,74.7,69.8,65.2,60,09,0,1,0,2,2,2,1,7,4,3,DUKE,DUKE,66.3,,71.6,74.8
143870,Justin Pickett,G,0,2026,2026,154,66.6,25.9,,69.2,77,1,1,0,56,0,0,32,88,56,32,DUKE,DUKE,,,,67.5
143886,Malik McClain,WR,0,2026,2026,110,72.2,77.9,70.9,68.7,12,0,1,0,0,35,0,29,64,35,29,ARIZONA ST,ARIZONA ST,67.5,,,
143900,Jackson West,TE,0,,2026,346,59.1,77.3,63.6,49.6,85,0,1,0,7,12,0,16,35,19,16,W KENTUCKY,W KENTUCKY,61,,,73
143905,James BlackStrain,WR,0,,2028,230,56,77.2,53.6,78.1,05,0,1,0,0,30,0,9,39,30,9,MO STATE,MO STATE,62.9,,,
143914,Joe Fusile,G,0,,2026,176,66,80.2,,63,67,0,1,0,44,0,0,27,71,44,27,GA TECH,GA TECH,,,,76.7
143918,Jamal Haynes,HB,0,2026,2026,176,65.7,75.5,65.9,58.4,01,0,1,0,3,18,8,5,34,21,13,GA TECH,GA TECH,72.1,,64.5,48
143929,Malik Rutherford,WR,0,2026,2026,176,74.6,78.5,76.5,41.7,08,0,1,0,0,31,0,8,39,31,8,GA TECH,GA TECH,67.1,,,
143948,Ryan Rodriguez,C,0,,2027,220,58.3,67.9,,57.2,76,0,1,0,1,0,0,2,3,1,2,MIAMI FL,MIAMI FL,,,,64.8
143949,Laurence Seymore III,G,0,,2027,346,60.1,80.5,,66.3,50,0,1,0,49,0,0,27,76,49,27,W KENTUCKY,W KENTUCKY,,,,30.2
143976,Diego Pounds,T,0,2026,2026,226,63.6,77.6,,54.4,61,0,1,0,47,0,0,28,75,47,28,OLE MISS,OLE MISS,,,,78.1
143987,Lyndon Cooper,C,0,,2027,268,59.8,80.2,,57.8,56,0,1,0,50,0,0,32,82,50,32,PITTSBURGH,PITTSBURGH,,,,63.4
143989,Jaleel Davis,T,0,,2026,166,63.1,77.7,,54.9,78,0,1,0,60,0,0,17,77,60,17,FIU,FIU,,,,71.1
144016,Jaden Bradley,WR,0,2026,2026,325,63.6,77.2,63.5,59.9,06,0,1,0,1,25,0,18,44,26,18,UNLV,UNLV,15.9,,,63.1
144042,Kalan Ellis,G,0,,2028,284,58.4,72.8,,57.3,76,0,1,0,4,0,0,7,11,4,7,S DIEGO ST,S DIEGO ST,,,,76.2
144049,Wes Hoeh,C,0,,2026,146,61.1,78.5,,57.2,73,0,1,0,23,0,0,28,51,23,28,UCONN,UCONN,,,,83.4
144060,Landon Morris,TE,0,,2027,130,59.8,74.6,61.1,55.2,81,0,1,0,1,15,0,7,23,16,7,CAL,CAL,61,,,67.4
144072,Kenji Christian,HB,0,,2028,316,68.4,73.5,58.9,59.3,10,0,1,0,4,10,6,3,23,14,9,TOLEDO,TOLEDO,70.9,,70.3,77
144073,Griffin Duggan,T,0,,2026,263,59.5,66.1,,58.2,68,0,1,0,0,0,0,2,2,0,2,DOMINION,DOMINION,,,,
144095,Christian Moss,WR,0,,2027,200,55.1,78.4,55,60.7,06,0,1,0,0,21,0,12,33,21,12,KENNESAW,KENNESAW,62.9,,,
144121,Tristan Leigh,T,0,2026,2026,140,52.2,77.1,,56.4,71,0,1,0,46,0,0,20,66,46,20,CLEMSON,CLEMSON,,,,42.2
144122,Ryan Linthicum,C,0,,2026,140,61.4,79.5,,60.2,53,0,1,0,46,0,0,20,66,46,20,CLEMSON,CLEMSON,,,,61
144226,Brady Lichtenberg,QB,0,,2026,138,55.3,73.9,37,60,16,0,1,19,0,1,0,10,30,20,10,CINCINNATI,CINCINNATI,66.7,61.8,57.3,
144233,Triston O'Brien,LS,0,,2026,156,60,60,,60,S85,0,1,0,0,0,0,1,1,0,1,E CAROLINA,E CAROLINA,,,,
144244,Matt Byrnes,TE,1,,2028,325,42.8,0,54.4,49,85,1,1,0,5,8,0,13,26,13,13,UNLV,UNLV,,,,57.4
144276,Mak Pounders,T,0,,2026,210,60,64.3,,60,66,0,1,0,0,0,0,1,1,0,1,LOUISVILLE,LOUISVILLE,,,,
144279,Eric Rivers,WR,0,2026,2026,176,64.1,0,67,60.6,03,1,1,0,0,33,1,18,52,33,19,GA TECH,GA TECH,66.5,,57.3,
144358,Stone Eby,TE,0,,2026,287,53,75.4,66.1,50.9,44,0,1,0,3,3,1,15,22,6,16,SMU,SMU,64.3,,63.8,0
144395,Jimto Obidegwu,T,0,2026,2026,251,65.6,29.6,,69.3,72,1,1,0,52,0,0,44,96,52,44,N TEXAS,N TEXAS,,,,61.9
144405,Jadon Canady,CB,0,2026,2026,264,58.1,60,57.7,,D22,0,1,0,0,1,0,0,1,1,0,OREGON,OREGON,,,,
144418,Kai Horton,QB,0,,2026,340,48.3,68.6,,60,15,0,1,5,0,0,0,1,6,5,1,WASHINGTON,WASHINGTON,63.8,48.2,,
144442,Braylon Braxton,QB,0,,2026,296,59.6,77.8,51.6,60,01,0,1,56,0,2,2,27,87,58,29,SO MISS,SO MISS,42.1,64.1,47.4,
144473,Cole Best,C,0,,2028,327,70,80,,66.7,72,0,1,0,48,0,0,27,75,48,27,USF,USF,,,,73.2
144502,Amer Amer,LB,0,,2026,327,60,60,,,D54,0,1,0,1,0,0,0,1,1,0,USF,USF,,,,63.8
144571,Kelan Robinson,WR,0,,2026,156,56.4,68.7,57.5,60,03,0,1,0,0,2,0,2,4,2,2,E CAROLINA,E CAROLINA,,,,
144596,Xavier Loyd,WR,0,2026,2026,229,59.5,77.1,58.9,61.6,06,0,1,0,0,18,0,25,43,18,25,MISSOURI,MISSOURI,61,,,
144626,Savion Byrd,T,0,,2026,287,70.2,77.1,,66.6,54,0,1,0,33,0,0,32,65,33,32,SMU,SMU,,,,73.4
144641,Jake Mann,LS,0,,2026,248,60,60,,,S95,0,1,0,1,0,0,0,1,1,0,NC STATE,NC STATE,,,,60.5
144683,Trent Battle,HB,0,2026,2026,305,62.5,67.3,76.5,,06,0,1,0,0,3,2,0,5,3,2,TCU,TCU,66.3,,58.6,
144696,DJ Rogers,TE,0,2026,2026,305,61.4,76.6,68.9,45.9,00,0,1,0,7,18,0,12,37,25,12,TCU,TCU,62.9,,,56.6
144719,Jaden Alexis,WR,0,,2027,327,50.7,74.7,53.8,41.6,12,0,1,0,0,17,0,9,26,17,9,USF,USF,63.6,,,
144742,Tay Yanta II,C,0,,2026,251,74.5,81.1,,70.1,70,1,1,0,53,0,0,47,100,53,47,N TEXAS,N TEXAS,,,,77.6
144743,Matt Keeler,T,0,,2026,256,58.2,69.5,,58.4,61,0,1,0,4,0,0,3,7,4,3,NWESTERN,NWESTERN,,,,56.4
144747,Behren Morton,QB,0,2026,2026,315,30,76.8,,60.2,02,0,1,38,0,0,0,24,62,38,24,TEXAS TECH,TEXAS TECH,68.8,30,52.3,
144755,Brett Canis,T,0,,2026,208,58.5,19.6,,63.2,67,1,1,0,27,0,0,43,70,27,43,LA TECH,LA TECH,,,,53.4
144756,Jacoby Jackson,G,0,,2026,227,57.8,79.6,,50.8,75,0,1,0,42,0,0,29,71,42,29,MISS STATE,MISS STATE,,,,81.6
144774,Caleb Coleman,CB,0,,2026,241,60,60,,60,D18,0,1,0,0,0,0,1,1,0,1,NEW MEXICO,NEW MEXICO,,,,
144781,Goose Crowder,QB,0,,2027,318,69.8,71.2,,60,09,0,1,7,0,0,1,5,13,7,6,TROY,TROY,65.9,60.2,69,
144799,Josh McCray,HB,0,,2026,173,57.9,68.2,58.5,,02,0,1,0,0,2,2,0,4,2,2,GEORGIA,GEORGIA,65.5,,58.6,
144805,Josh Kreutz,C,0,2026,2026,187,54.4,0,,56.7,64,2,1,0,39,0,0,34,73,39,34,ILLINOIS,ILLINOIS,,,,80.5
144807,Zach Barlev,T,0,,2026,263,55.1,69.9,,51.1,64,0,1,0,4,0,0,3,7,4,3,DOMINION,DOMINION,,,,77.6
144808,Josh Gesky,G,0,2026,2026,187,75.9,80.4,,75.9,73,0,1,0,39,0,0,34,73,39,34,ILLINOIS,ILLINOIS,,,,77.5
144829,Donaven McCulley,WR,0,2026,2026,222,56,0,57.2,61.4,01,1,1,0,0,53,0,29,82,53,29,MICHIGAN,MICHIGAN,65,,,
144847,Joe Labas,QB,0,,2026,134,40.3,17.3,,60,02,1,1,32,0,0,3,19,54,32,22,C MICHIGAN,C MICHIGAN,20.6,46.2,47.6,
144848,Keagan Johnson,WR,0,,2026,241,62.9,78.7,65.9,36.5,06,0,1,0,0,41,0,21,62,41,21,NEW MEXICO,NEW MEXICO,65.7,,,
144859,Gennings Dunker,T,0,2026,2026,192,77.7,76.4,,76.4,67,0,1,0,25,0,0,37,62,25,37,IOWA,IOWA,,,,66.9
144860,Beau Stephens,G,0,2026,2026,192,53.8,0,,55.1,70,1,1,0,25,0,0,37,62,25,37,IOWA,IOWA,,,,67.8
144889,Weston Wolff,TE,0,,2026,327,28,0,54.2,35.6,18,1,1,0,3,9,0,7,19,12,7,USF,USF,,,,74.8
144891,Roman Hemby,HB,0,2026,2026,190,72.5,76.1,55.2,60,01,0,1,0,7,7,18,4,36,14,22,INDIANA,INDIANA,76.2,,71,80.6
144896,Kyle Long,G,0,,2026,156,50.1,79.5,,49.6,75,2,1,0,22,0,0,41,63,22,41,E CAROLINA,E CAROLINA,,,,45.1
144921,Peyton O'Leary,WR,0,,2026,222,59.1,67.5,60,60,81,0,1,0,0,1,0,2,3,1,2,MICHIGAN,MICHIGAN,,,,
144924,Greg Crippen,C,0,2026,2026,222,54.7,0,,60,51,1,1,0,5,0,0,1,6,5,1,MICHIGAN,MICHIGAN,,,,75.4
144926,Raheem Anderson II,C,0,,2026,347,60.3,0,,61.2,62,1,1,0,24,0,0,42,66,24,42,W MICHIGAN,W MICHIGAN,,,,74.1
144929,Louis Hansen,TE,0,2026,2026,146,61.8,79.2,53.1,68.6,81,1,1,0,5,9,0,20,34,14,20,UCONN,UCONN,,,,73.5
144942,Dominick Giudice,G,0,,2027,229,72.5,79.3,,68.9,56,1,1,0,25,0,0,32,57,25,32,MISSOURI,MISSOURI,,,,84.4
144953,Geno VanDeMark,G,0,2026,2026,103,59.5,75.2,,54,56,0,1,0,15,0,0,4,19,15,4,ALABAMA,ALABAMA,,,,82.8
144979,Jameson Geers,TE,0,2026,2026,225,58,63.9,59.5,,86,0,1,0,0,1,0,0,1,1,0,MINNESOTA,MINNESOTA,,,,
144993,Heinrich Haarberg,TE,0,2026,2026,238,66,73.8,54.2,73,10,0,1,0,2,7,0,7,16,9,7,NEBRASKA,NEBRASKA,,,,68.7
145003,Henry Lutovsky,G,0,2026,2026,238,58.7,1.8,,57.3,59,2,1,0,38,0,0,29,67,38,29,NEBRASKA,NEBRASKA,,,,82.6
145036,Jacob Gill,WR,0,,2026,192,67.8,75.8,67.9,54.7,05,0,1,0,0,15,0,14,29,15,14,IOWA,IOWA,62.9,,,
145040,Jackson Carsello,C,0,,2027,256,68.6,78.8,,65.2,65,0,1,0,33,0,0,22,55,33,22,NWESTERN,NWESTERN,,,,73.1
145042,Caleb Tiernan,T,0,2026,2026,256,63.3,75.8,,50.3,72,0,1,0,28,0,0,19,47,28,19,NWESTERN,NWESTERN,,,,88.9
145044,Lawson Albright,TE,0,,2026,256,60.4,74.3,64.3,50.3,86,0,1,0,4,13,0,12,29,17,12,NWESTERN,NWESTERN,62.9,,,73.2
145062,Zen Michalski,T,0,,2026,190,55,70.9,,54.4,75,0,1,0,2,0,0,13,15,2,13,INDIANA,INDIANA,,,,68.9
145089,Liam Clifford,WR,0,2026,2026,266,52.6,69.7,,60,02,0,1,1,0,0,1,3,5,1,4,PENN STATE,PENN STATE,63.7,60,57.5,
145090,Harrison Wallace III,WR,0,2026,2026,226,81.8,79.2,83,45,02,0,1,0,0,40,0,27,67,40,27,OLE MISS,OLE MISS,71.4,,,
145117,Drew Biber,TE,0,2026,2026,225,51.2,78,51.4,55.9,87,0,1,0,0,19,0,15,34,19,15,MINNESOTA,MINNESOTA,,,,
145128,Max Patterson,WR,0,,2026,151,53.3,74.3,53.2,61.3,00,0,1,0,0,14,0,13,27,14,13,DELAWARE,DELAWARE,,,,
145163,Skyler Bell,WR,0,2026,2026,146,55.6,67.1,59.6,59.9,01,1,1,1,0,1,0,1,3,2,1,UCONN,UCONN,60.3,60,,
145196,Jahmal Edrine,WR,0,,2026,335,61,79.1,60.6,62,07,0,1,0,0,39,0,28,67,39,28,VIRGINIA,VIRGINIA,65,,,
145218,Ross Fournet,WR,0,,2027,166,62.2,74.4,66.7,38.4,19,0,1,0,0,6,0,2,8,6,2,FIU,FIU,62.9,,,
145224,Dean Patterson,WR,0,2026,2026,176,53.8,78.8,57,37.9,11,1,1,0,0,38,0,23,61,38,23,GA TECH,GA TECH,62.9,,,
145245,Carson Bruno,G,0,,2026,305,60.8,20.6,,62.9,62,1,1,0,47,0,0,26,73,47,26,TCU,TCU,,,,65.9
145264,Cade Cunningham,QB,0,,2026,196,47.8,63.4,,,08,0,1,1,0,0,0,0,1,1,0,JVILLE ST,JVILLE ST,60.3,49.9,,
145307,Elijah Metcalf,WR,0,,2026,296,53.1,76,52.9,62.5,09,0,1,0,0,25,0,15,40,25,15,SO MISS,SO MISS,62.9,,,
145323,Gabe Blair,G,0,,2026,251,73.9,80.4,,72,65,0,1,0,53,0,0,47,100,53,47,N TEXAS,N TEXAS,,,,84.4
145357,Stephon Dubose-Bourne,T,0,,2026,263,71.9,77.6,,67.5,58,0,1,0,35,0,0,46,81,35,46,DOMINION,DOMINION,,,,76.9
145362,Skyler Grant,G,0,,2027,263,58.4,80.6,,58.7,75,0,1,0,35,0,0,46,81,35,46,DOMINION,DOMINION,,,,47.7
145380,Kris Trinidad,ED,0,,2026,263,60,60,,,D43,0,1,0,1,0,0,0,1,1,0,DOMINION,DOMINION,,,,63.8
145517,Luke Lapeze,C,0,,2027,331,58.2,71,,59.3,76,0,1,0,2,0,0,4,6,2,4,UTSA,UTSA,,,,29
145562,Jairus Mack,WR,0,,2026,346,62.1,75.7,62.4,56.7,05,0,1,0,0,20,0,9,29,20,9,W KENTUCKY,W KENTUCKY,71.6,,,
145702,Tyson Davis,WR,0,,2027,134,72,75,68.3,60.7,03,0,1,0,0,20,1,7,28,20,8,C MICHIGAN,C MICHIGAN,67,,63.2,
145709,Cade Conley,TE,0,,2026,347,56.4,70.2,56.3,60.1,15,0,1,0,1,4,0,2,7,5,2,W MICHIGAN,W MICHIGAN,,,,67.3
145725,Chris Parker,WR,0,,2026,146,40.8,72.7,46.3,37.4,13,0,1,0,0,9,0,1,10,9,1,UCONN,UCONN,,,,
145753,Cole Rusk,TE,0,,2027,187,60,64.4,60,,14,0,1,0,0,1,0,0,1,1,0,ILLINOIS,ILLINOIS,,,,
145796,Brian Shane,TE,0,,2026,221,74.4,74,58.7,77.7,86,0,1,0,5,6,0,17,28,11,17,MIAMI OH,MIAMI OH,61,,,68.6
145817,Will Jados,G,0,,2026,315,58.1,79.7,,53,76,0,1,0,38,0,0,24,62,38,24,TEXAS TECH,TEXAS TECH,,,,71.8
145875,Pete Nygra,C,0,2026,2026,210,63.9,79.4,,59.1,50,0,1,0,29,0,0,35,64,29,35,LOUISVILLE,LOUISVILLE,,,,82.8
145886,Sieh Bangura,HB,0,,2026,259,75.3,77,55.6,57.7,05,0,1,0,6,9,19,13,47,15,32,OHIO,OHIO,76.5,,75.6,58.5
145888,Davion Weatherspoon,G,0,,2027,259,76.2,79.6,,75,51,0,1,0,18,0,0,43,61,18,43,OHIO,OHIO,,,,80.1
145896,Will Kacmarek,TE,0,2026,2026,260,75.5,74,78.5,60.7,89,0,1,0,4,11,0,18,33,15,18,OHIO STATE,OHIO STATE,64.1,,,69.8
145905,Connor Jones,TE,0,,2026,316,50.6,74.4,54.9,49.8,34,0,1,0,3,4,0,9,16,7,9,TOLEDO,TOLEDO,,,,74.9
145923,Mareyohn Hrabowski,TE,0,,2026,347,65.6,75.6,65.9,65.1,07,0,1,0,6,4,0,23,33,10,23,W MICHIGAN,W MICHIGAN,61,,,47.4
145931,Kadinn Morris,TE,0,,2026,296,49.8,77.5,49.8,55.4,84,1,1,0,9,17,0,17,43,26,17,SO MISS,SO MISS,61,,,46
145935,John Hofer,G,0,,2026,347,49.8,78.1,,47.1,51,1,1,0,22,0,0,30,52,22,30,W MICHIGAN,W MICHIGAN,,,,61.2
145938,Blake Bosma,TE,0,,2026,347,84.2,76.3,77,81.5,86,0,1,0,2,15,0,28,45,17,28,W MICHIGAN,W MICHIGAN,69.3,,,37.1
145941,Cam Hedgecock,WR,0,,2026,347,60,67.5,,60,80,0,1,0,0,0,0,3,3,0,3,W MICHIGAN,W MICHIGAN,,,,
145947,Malique Dieudonne,WR,0,,2026,347,49.3,0,53.5,60.2,17,1,1,0,0,10,0,18,28,10,18,W MICHIGAN,W MICHIGAN,,,,
145975,Luke Voorhees,TE,0,,2026,120,60,63,,60,96,0,1,0,0,0,0,1,1,0,1,BOISE ST,BOISE ST,,,,
145976,Eric McAlister,WR,0,,2026,305,62.4,81.7,62,60.9,01,0,1,0,0,46,0,26,72,46,26,TCU,TCU,67.1,,,
145991,Mason Randolph,C,0,,2026,120,58.3,11.1,,74.1,63,1,1,0,51,0,0,23,74,51,23,BOISE ST,BOISE ST,,,,23.8
145992,Matt Lauter,TE,0,2026,2026,120,61.2,77.9,64,48.5,85,0,1,0,5,34,0,8,47,39,8,BOISE ST,BOISE ST,65.7,,,55.8
146008,Tanner Arkin,TE,0,2026,2026,187,70,4.8,64.6,78.1,85,1,1,0,14,23,0,34,71,37,34,ILLINOIS,ILLINOIS,62.9,,,60.5
146047,Kamron Beachem,TE,0,,2026,169,62.8,75.8,63.5,58.7,15,0,1,0,2,14,0,30,46,16,30,FRESNO ST,FRESNO ST,61,,,77.9
146051,Rolan Fullwood,T,0,,2028,169,68.3,21.1,,71.9,71,2,1,0,29,0,0,46,75,29,46,FRESNO ST,FRESNO ST,,,,62.1
146053,Johnathan Arceneaux,HB,0,,2026,169,55.9,73.1,29.1,60.2,00,0,1,0,0,3,6,9,18,3,15,FRESNO ST,FRESNO ST,70.5,,62.9,
146065,Landon Sims,HB,0,,2026,180,68.5,76.2,77.5,55.5,30,0,1,0,18,20,9,3,50,38,12,HAWAII,HAWAII,72.8,,63.6,77.3
146066,Ka'ena Decambra,C,1,2026,2026,109,69.1,17.2,,72.2,52,2,1,0,59,0,0,31,90,59,31,ARIZONA,ARIZONA,,,,66.1
146067,Zhen Sotelo,G,0,,2026,180,63,80.4,,57.9,58,0,1,0,54,0,0,21,75,54,21,HAWAII,HAWAII,,,,76
146069,Karsyn Pupunu,WR,0,,2026,180,66.7,78.6,65.8,62.2,11,0,1,0,1,35,0,13,49,36,13,HAWAII,HAWAII,64.1,,,61.9
146110,Luke Wysong,WR,0,2026,2026,109,57.4,72.3,57.5,60.3,15,0,1,0,0,12,0,5,17,12,5,ARIZONA,ARIZONA,66.8,,,
146116,Ise Matautia,G,0,,2026,109,60,64.4,,64.8,50,0,1,0,0,0,0,1,1,0,1,ARIZONA,ARIZONA,,,,
146130,Trace Bruckler,TE,0,,2026,226,45.8,70.5,,42.5,85,0,1,0,3,0,0,5,8,3,5,OLE MISS,OLE MISS,,,,68.5
146134,Isaiah Sillemon,G,0,,2026,241,56.3,78.3,,50,50,0,1,0,31,0,0,18,49,31,18,NEW MEXICO,NEW MEXICO,,,,81.6
146145,Christian Jones,T,0,2026,2026,284,58.1,78.1,,53.9,70,1,1,0,45,0,0,41,86,45,41,S DIEGO ST,S DIEGO ST,,,,66
146150,Brady Anderson,LB,0,,2026,284,42.9,60,39.8,,D42,0,1,0,0,1,0,0,1,1,0,S DIEGO ST,S DIEGO ST,,,,
146155,Ross Ulugalu-Maseuli,C,1,,2026,284,69.2,80.4,,67.7,63,1,1,0,44,0,0,41,85,44,41,S DIEGO ST,S DIEGO ST,,,,62.9
146162,DJ Herman,LB,0,2026,2026,284,69.5,63,,60,D45,0,1,1,0,0,0,1,2,1,1,S DIEGO ST,S DIEGO ST,60.3,74.6,,
146163,Cameron Harpole,TE,0,,2026,110,56.4,78,60.3,47.8,09,0,1,0,5,20,0,21,46,25,21,ARIZONA ST,ARIZONA ST,64.1,,,69
146269,George Hart III,HB,0,,2026,346,71.3,75.8,64.5,58.5,09,0,1,0,11,18,8,4,41,29,12,W KENTUCKY,W KENTUCKY,72.1,,72,84.9
146270,Ezra Dotson-Oyetade,C,0,,2027,314,69.2,79.6,,63.6,52,0,1,0,36,0,0,33,69,36,33,TEXAS ST,TEXAS ST,,,,84.4
146274,Isaia Glass,T,0,2026,2026,333,55.1,76.8,,63.7,72,0,1,0,51,0,0,13,64,51,13,VANDERBILT,VANDERBILT,,,,42
146290,Trond Grizzell,WR,0,,2026,130,65,79.2,64.5,62.3,07,0,1,0,0,44,0,22,66,44,22,CAL,CAL,67.1,,,
146294,Bastian Swinney,C,0,,2027,130,62.6,79.9,,57.2,76,0,1,0,47,0,0,26,73,47,26,CAL,CAL,,,,76.7
146300,Jeffrey Johnson,TE,0,,2026,130,69.8,75.9,51.1,81.8,86,0,1,0,3,10,0,22,35,13,22,CAL,CAL,,,,69.6
146309,Akili Calhoun,G,0,,2026,130,59.3,66.9,,58.1,59,0,1,0,1,0,0,2,3,1,2,CAL,CAL,,,,67.4
146324,Trevor Woods,S,0,,2026,196,60,60,,,D43,0,1,0,1,0,0,0,1,1,0,JVILLE ST,JVILLE ST,,,,63.8
146338,Jeremiah Noga,WR,0,,2026,341,60.8,77.4,61.1,55.3,15,0,1,0,0,30,0,14,44,30,14,WASH STATE,WASH STATE,64.6,,,
146342,Zach Holmes,C,0,,2026,120,59.7,0,,69.5,72,2,1,0,50,0,0,22,72,50,22,BOISE ST,BOISE ST,,,,55.3
146347,J.T. Byrne,TE,0,,2026,176,40.6,0,83.7,44.5,88,1,1,0,8,3,0,18,29,11,18,GA TECH,GA TECH,61,,,15.1
146364,Austin Uke,G,0,,2026,221,55.1,76,,57.6,77,0,1,0,17,0,0,11,28,17,11,MIAMI OH,MIAMI OH,,,,32.3
146411,Kyron Hudson,WR,0,2026,2026,266,69.2,63.4,59.1,84.1,01,0,1,0,0,1,0,0,1,1,0,PENN STATE,PENN STATE,,,,
146413,Joseph Manjack IV,WR,1,2026,2026,305,61,0,60.8,79.7,14,1,1,0,0,33,0,11,44,33,11,TCU,TCU,65,,,
146415,Josiah Zamora,WR,0,,2026,326,56.6,67.6,57.6,,44,0,1,0,0,3,0,0,3,3,0,USC,USC,67.5,,,
146417,Ty Buchanan,T,0,,2026,109,65.9,68,,67.6,75,0,1,0,2,0,0,2,4,2,2,ARIZONA,ARIZONA,,,,69.4
146430,Makai Cope,WR,0,,2027,230,58.6,77.9,58.4,59.7,11,0,1,0,0,26,0,15,41,26,15,MO STATE,MO STATE,62.9,,,
146439,Michael Mokofisi,G,0,,2026,328,51.2,75.5,,47.7,52,0,1,0,10,0,0,14,24,10,14,UTAH,UTAH,,,,79.4
146440,Zereoue Williams,T,0,,2027,328,63.9,77.7,,56.3,76,0,1,0,35,0,0,42,77,35,42,UTAH,UTAH,,,,87.6
146475,Quentin Moore,TE,0,2026,2026,340,70.8,74.7,83.3,47.3,88,1,1,0,9,8,0,13,30,17,13,WASHINGTON,WASHINGTON,61,,,65.8
146489,Kuao Peihopa,G,0,,2026,180,54.3,79.4,,53.1,59,0,1,0,54,0,0,21,75,54,21,HAWAII,HAWAII,,,,48.6
146496,Leon Neal Jr.,WR,0,,2026,341,55.4,75.1,55.3,60.5,12,0,1,0,0,14,0,13,27,14,13,WASH STATE,WASH STATE,61,,,
146501,Christian Hilborn,T,0,,2026,341,56.5,77.1,,45.4,61,0,1,0,50,0,0,26,76,50,26,WASH STATE,WASH STATE,,,,75.9
146507,Joshua Meredith,WR,0,,2026,341,71.8,78.4,73.3,43.2,18,0,1,0,0,45,0,19,64,45,19,WASH STATE,WASH STATE,67.1,,,
146508,De'Zhaun Stribling,WR,0,2026,2026,226,75.2,76.6,77.3,54.7,01,0,1,0,0,33,0,17,50,33,17,OLE MISS,OLE MISS,66.7,,,
146532,Nick Haberer,P,0,,2026,333,60,0,,,S38,1,1,0,0,0,1,0,1,0,1,VANDERBILT,VANDERBILT,62.5,,60,
146540,Charlie Pickard,C,0,,2026,264,60,60,,,70,0,1,0,1,0,0,0,1,1,0,OREGON,OREGON,,,,63.8
146553,Jonah Miller,T,0,,2027,331,72.6,73.2,,68.6,78,0,1,0,11,0,0,14,25,11,14,UTSA,UTSA,,,,80.6
146559,Luke Basso,LS,0,2026,2026,264,60,60,55.3,,S43,0,1,0,0,1,0,0,1,1,0,OREGON,OREGON,,,,
146588,JoJo Earle,WR,0,,2026,325,67.9,0,69.5,60.7,11,1,1,0,0,13,2,10,25,13,12,UNLV,UNLV,67.8,,63,
146598,Jaeden Roberts,G,0,2026,2026,103,65.7,73.5,,,77,0,1,0,14,0,0,0,14,14,0,ALABAMA,ALABAMA,,,,86.5
146664,Landen King,TE,0,,2026,154,34.2,0,55.5,59.5,00,1,1,0,1,3,0,5,9,4,5,DUKE,DUKE,,,,65.1
146694,Yousef Mugharbil,G,0,,2027,248,48.6,75.2,,50.3,71,0,1,0,14,0,0,11,25,14,11,NC STATE,NC STATE,,,,28.9
146697,DaeDae Reynolds,WR,0,,2026,325,54.4,76,54.3,61.1,03,0,1,0,0,18,0,11,29,18,11,UNLV,UNLV,61,,,
146698,Nick Elksnis,TE,0,,2026,325,54.8,75.5,57.6,54.6,84,0,1,0,12,13,0,15,40,25,15,UNLV,UNLV,62.9,,,54.2
146718,Micah Morris,G,0,2026,2026,173,63.9,78.6,,57.9,56,0,1,0,31,0,0,17,48,31,17,GEORGIA,GEORGIA,,,,86.4
146735,Devonte Ross,WR,0,2026,2026,266,64.4,77.3,62.8,60.3,05,0,1,0,0,29,1,18,48,29,19,PENN STATE,PENN STATE,68.2,,63.2,
146736,La'Vell Wright,HB,0,,2027,346,58,73.2,54.9,,11,0,1,0,1,9,5,0,15,10,5,W KENTUCKY,W KENTUCKY,69.7,,59.2,69.2
146762,Chris Hilton Jr.,WR,0,2026,2026,211,72.7,76,69.5,82,03,0,1,0,0,20,0,7,27,20,7,LSU,LSU,64.1,,,
146802,Luke Altmyer,QB,0,2026,2026,187,64.6,77.3,30.8,60,09,0,1,38,0,1,7,27,73,39,34,ILLINOIS,ILLINOIS,71.8,57.6,75.8,
146805,Matt Jones,HB,0,,2026,296,52.6,0,56.1,,05,1,1,0,2,5,5,0,12,7,5,SO MISS,SO MISS,69.7,,59.2,37.1
146815,Jayden Williams,T,0,2026,2026,226,72.8,77,,64.5,50,0,1,0,47,0,0,28,75,47,28,OLE MISS,OLE MISS,,,,83.7
146819,Bralon Brown,WR,0,,2026,296,72.3,0,73.6,62.1,08,1,1,0,0,30,0,18,48,30,18,SO MISS,SO MISS,65.7,,,
146841,Ke'Travion Hargrove,HB,0,,2026,263,60,68,,60,18,0,1,0,0,0,0,3,3,0,3,DOMINION,DOMINION,,,,
146846,Canon Boone,C,0,,2027,227,56.1,4.9,,60.5,72,1,1,0,42,0,0,29,71,42,29,MISS STATE,MISS STATE,,,,52.8
146848,Albert Reese IV,T,1,2026,2026,227,62.4,77,,54.3,76,1,1,0,42,0,0,29,71,42,29,MISS STATE,MISS STATE,,,,77.1
146850,RaRa Thomas,WR,0,,2026,318,69.3,78.2,69,62.1,07,0,1,0,0,36,1,11,48,36,12,TROY,TROY,67,,59.4,
146864,Marshall Nichols,P,0,,2026,176,60,64.8,,60,S47,0,1,0,0,0,0,1,1,0,1,GA TECH,GA TECH,,,,
146881,Connor Tollison,C,0,,2026,229,59,78.2,,58.5,55,0,1,0,19,0,0,26,45,19,26,MISSOURI,MISSOURI,,,,59.2
147012,Jordan Spasojevic-Moko,G,0,,2026,130,64.5,0,,70.2,66,2,1,0,47,0,0,26,73,47,26,CAL,CAL,,,,79.8
147014,Remington Strickland,G,0,,2026,305,66.4,69.4,,65.9,55,0,1,0,1,0,0,3,4,1,3,TCU,TCU,,,,67.3
147018,Matthew Wykoff,G,0,,2026,182,51.8,0,,61.8,74,2,1,0,42,0,0,44,86,42,44,HOUSTON,HOUSTON,,,,36.7
147022,Dalton Stroman,WR,0,,2026,108,70.4,78.8,72.5,46.4,08,0,1,0,0,33,0,31,64,33,31,APP STATE,APP STATE,64.1,,,
147025,Jayden Ramsey,T,0,,2026,108,58.2,77,,62.6,63,0,1,0,33,0,0,31,64,33,31,APP STATE,APP STATE,,,,40.7
147046,Seydou Traore,TE,0,2026,2026,227,56.4,0,60.6,51.8,08,1,1,0,2,31,0,22,55,33,22,MISS STATE,MISS STATE,62.9,,,66
147054,Noah Smith,T,0,,2026,113,60,67.2,,60,65,0,1,0,0,0,0,3,3,0,3,ARK STATE,ARK STATE,,,,
147082,Kyre Duplessis,WR,0,2026,2026,151,68,78.2,67,62.3,19,0,1,0,1,26,0,21,48,27,21,DELAWARE,DELAWARE,69.8,,,61.9
147083,Thomas Johnson,C,0,,2026,141,65.8,77.9,,61,58,0,1,0,23,0,0,13,36,23,13,COAST CAR,COAST CAR,,,,86.9
147087,Anthony Walton,G,0,,2026,141,47.5,0,,47.9,73,1,1,0,44,0,0,19,63,44,19,COAST CAR,COAST CAR,,,,50.2
147090,Jameson Tucker,WR,0,,2026,141,46,74.5,53.6,31,08,0,1,0,0,16,0,12,28,16,12,COAST CAR,COAST CAR,,,,
147114,Harrison Hamsley,TE,0,,2026,196,61.8,71.2,60,61.2,07,0,1,0,2,1,0,10,13,3,10,JVILLE ST,JVILLE ST,,,,67.1
147118,Caleb Cook,G,0,,2027,174,73.6,78.5,,74.6,78,0,1,0,32,0,0,27,59,32,27,GA SOUTHRN,GA SOUTHRN,,,,67.7
147140,Dale Martin,WR,0,,2026,207,66.7,74.4,66.2,60.7,19,0,1,0,0,6,0,14,20,6,14,LA LAFAYET,LA LAFAYET,61,,,
147155,Robert Williams,WR,0,,2026,207,63,77.6,63,58.7,00,0,1,0,0,15,0,20,35,15,20,LA LAFAYET,LA LAFAYET,67.3,,,
147247,Peyton Higgins,WR,0,,2026,318,60.9,74.2,64.9,41.7,02,0,1,0,0,19,1,9,29,19,10,TROY,TROY,72.2,,57.7,
147249,Jarris Williams,HB,0,,2026,318,56.5,73.5,56.2,61.7,04,0,1,0,0,6,0,9,15,6,9,TROY,TROY,,,,
147304,Simeon Evans,WR,0,,2026,251,81.9,72.3,72.1,78.5,03,0,1,0,0,2,0,5,7,2,5,N TEXAS,N TEXAS,65.1,,,
147322,Will Jeffcoat,G,0,,2026,114,80.1,79.3,,80.7,59,0,1,0,12,0,0,46,58,12,46,ARMY,ARMY,,,,44
147370,Keelan Marion,WR,0,2026,2026,220,58.8,76.5,59.7,50.6,00,0,1,0,0,25,0,19,44,25,19,MIAMI FL,MIAMI FL,65.7,,,
147371,Aaron Turner,WR,0,,2026,275,67.3,77.2,70,54.4,01,0,1,0,0,25,6,28,59,25,34,RICE,RICE,72.2,,58.6,
147380,Yakari Walker,C,0,,2027,218,65.9,77.2,,63.8,52,1,1,0,22,0,0,14,36,22,14,MEMPHIS,MEMPHIS,,,,67.8
147417,Eni Falayi,TE,0,2026,2026,339,71.9,76.7,69.6,65.1,84,0,1,0,10,19,0,32,61,29,32,WAKE,WAKE,64.1,,,72
147473,Deion Colzie,WR,0,,2026,221,62.5,75.6,62.5,59.5,04,0,1,0,1,14,0,18,33,15,18,MIAMI OH,MIAMI OH,61,,,65.3
147475,Logan Diggs,HB,0,,2026,226,57.8,72.3,62.8,60,22,0,1,0,5,7,0,2,14,12,2,OLE MISS,OLE MISS,61,,,56.7
147482,Pat Coogan,C,0,2026,2026,190,73.1,79.5,,68.9,78,0,1,0,24,0,0,43,67,24,43,INDIANA,INDIANA,,,,76
147492,Prince Kollie,LB,0,,2026,333,60,60,,60,D20,0,1,0,0,0,0,1,1,0,1,VANDERBILT,VANDERBILT,,,,
147504,Maguire Anderson,WR,0,,2028,166,54.3,77.6,56,42.4,84,0,1,0,0,41,0,10,51,41,10,FIU,FIU,70.3,,,
147528,Chase Roberts,WR,0,2026,2026,128,67.6,0,71.3,41.8,02,1,1,0,0,34,0,14,48,34,14,BYU,BYU,66.7,,,
147570,Josh Cuevas,TE,0,2026,2026,103,55.4,76,57.6,50.1,80,0,1,0,4,32,0,6,42,36,6,ALABAMA,ALABAMA,65,,,75.2
147781,Devin Gandy,WR,0,,2026,208,51.8,78.9,53,49.5,01,0,1,0,0,25,0,38,63,25,38,LA TECH,LA TECH,61.9,,,
147834,Kyle Sfarcioc,G,0,,2027,128,55.3,77.6,,51.4,64,0,1,0,29,0,0,16,45,29,16,BYU,BYU,,,,62.7
147854,Damon Bankston,HB,0,2026,2026,241,71.9,78.4,69.8,57.4,01,0,1,0,4,30,9,6,49,34,15,NEW MEXICO,NEW MEXICO,73.2,,74.3,49.8
147857,Jake Eichorn,T,0,,2026,329,44.3,76.7,,42.9,56,0,1,0,41,0,0,18,59,41,18,UTAH ST,UTAH ST,,,,47.9
147934,Garrett Cates,LS,0,,2026,327,60,60,,,S95,0,1,0,1,0,0,0,1,1,0,USF,USF,,,,63.8
147969,Gabriel Benyard,WR,0,2026,2026,200,64.5,77.1,65.1,61.1,01,0,1,0,0,34,1,18,53,34,19,KENNESAW,KENNESAW,67,,57.9,
148226,Angel Johnson,HB,0,,2026,341,63.7,75,56.5,57.9,01,0,1,0,8,15,6,6,35,23,12,WASH STATE,WASH STATE,71,,67.9,46.3
148343,Johncarlos Miller II,TE,0,,2026,315,50.2,71.1,56.6,50.9,09,0,1,0,1,2,0,7,10,3,7,TEXAS TECH,TEXAS TECH,,,,65.1
148375,Darius Bell,C,0,,2026,156,43.8,79.3,,46.1,55,1,1,0,23,0,0,40,63,23,40,E CAROLINA,E CAROLINA,,,,50.3
148399,Nick Mazzie,K,0,,2026,156,60,60,,60,S30,0,1,0,0,0,0,1,1,0,1,E CAROLINA,E CAROLINA,,,,
148535,Zevi Eckhaus,QB,0,,2026,341,74.2,77.4,,60,04,0,1,50,0,0,8,21,79,50,29,WASH STATE,WASH STATE,72.4,65.8,76.2,
148567,Jamario Clements,HB,0,,2026,339,53.6,70.5,28.2,,03,0,1,0,3,3,2,0,8,6,2,WAKE,WAKE,65.5,,63.2,74.4
148617,Justin Curtis,G,0,,2026,230,53.9,79.6,,49.4,70,0,1,0,54,0,0,24,78,54,24,MO STATE,MO STATE,,,,56.8
148767,Nick Laboy,WR,0,,2026,151,46.2,71.1,48.3,60.1,08,0,1,0,0,4,0,4,8,4,4,DELAWARE,DELAWARE,,,,
148768,Emmanuel Adebi,TE,0,,2026,333,59.1,66,,58.7,45,0,1,0,0,0,0,3,3,0,3,VANDERBILT,VANDERBILT,,,,
148837,Ethan Sipe,G,0,,2026,335,64.6,66,,64.6,74,0,1,0,0,0,0,3,3,0,3,VIRGINIA,VIRGINIA,,,,
148848,Nick Marinaro,C,0,,2026,259,75.9,79.3,,70.9,59,0,1,0,18,0,0,43,61,18,43,OHIO,OHIO,,,,78.8
148907,Austin Gentle,C,0,,2026,218,56.8,77.3,,58.2,60,0,1,0,19,0,0,17,36,19,17,MEMPHIS,MEMPHIS,,,,48.1
148960,Justin Cayenne,TE,0,,2026,166,55.3,69.1,59.5,54.8,86,0,1,0,1,1,0,2,4,2,2,FIU,FIU,,,,64.5
149248,Sam Franklin,HB,0,,2026,327,65.6,72.5,58.7,60,04,0,1,0,5,7,10,1,23,12,11,USF,USF,73.1,,65.2,77.4
149295,Michael Brescia,TE,0,,2026,347,60.9,77.3,53.8,66.3,02,0,1,0,2,11,0,27,40,13,27,W MICHIGAN,W MICHIGAN,61,,,68.5
149424,Jacob Petersen,TE,0,,2026,316,73.5,0,74.2,70.2,89,2,1,0,11,31,0,26,68,42,26,TOLEDO,TOLEDO,65,,,57.5
149434,Joe Pesansky,QB,0,,2026,166,42,76.5,,60.1,16,0,1,45,0,0,0,14,59,45,14,FIU,FIU,69.4,35.7,71.9,
149832,Javin Whatley,WR,0,,2026,109,68.4,77,68.2,61.9,06,0,1,0,0,23,1,14,38,23,15,ARIZONA,ARIZONA,68,,59.7,
149833,Sam Phillips,WR,0,,2026,192,54.7,73.9,55,59.6,02,0,1,0,0,8,0,7,15,8,7,IOWA,IOWA,,,,
149841,Josh Battle,S,0,,2026,296,60,60,,60,D24,0,1,0,0,0,0,1,1,0,1,SO MISS,SO MISS,,,,
149978,Jayson Tarpeh,T,0,,2026,156,59.9,65.7,,59.6,61,0,1,0,0,0,0,3,3,0,3,E CAROLINA,E CAROLINA,,,,
149997,Raphael Williams Jr.,WR,0,,2026,268,63.3,77.4,64.2,54.5,05,1,1,0,0,43,0,21,64,43,21,PITTSBURGH,PITTSBURGH,65.7,,,
150060,Jimeto Obigbo,G,0,,2026,110,41.5,74.4,,40.1,55,0,1,0,9,0,0,6,15,9,6,ARIZONA ST,ARIZONA ST,,,,41.9
150063,Dorion Strawn,T,0,,2026,314,66.1,77.2,,56,64,0,1,0,36,0,0,33,69,36,33,TEXAS ST,TEXAS ST,,,,88.5
150092,Eemil Herranen,P,0,,2027,284,60,60,,,S39,0,1,0,1,0,0,0,1,1,0,S DIEGO ST,S DIEGO ST,,,,60.9
150160,Bauer Sharp,TE,0,2026,2026,211,64.6,75.7,65.2,57.5,10,1,1,0,9,10,0,16,35,19,16,LSU,LSU,66.2,,,71.2
150302,Matthew Caldwell,QB,0,2026,2026,311,60,63.6,,,18,0,1,0,0,0,1,0,1,0,1,TEXAS,TEXAS,62.5,,60,
150307,Pearson Baldwin,TE,0,,2026,196,48.1,78.5,49.4,49.9,13,0,1,0,7,24,0,35,66,31,35,JVILLE ST,JVILLE ST,61,,,52.8
150309,Brock Rechsteiner,WR,0,2026,2026,196,63.5,77.3,60.5,74.7,03,0,1,0,0,19,0,22,41,19,22,JVILLE ST,JVILLE ST,64.1,,,
150312,JT Pennington,G,0,,2026,200,62.2,79.3,,56.3,65,0,1,0,44,0,0,29,73,44,29,KENNESAW,KENNESAW,,,,83.8
150393,Ademola Faleye,TE,0,,2026,341,48.5,72.2,52.4,45.7,83,0,1,0,4,7,0,7,18,11,7,WASH STATE,WASH STATE,,,,70.1
151082,Ty Furnish,G,0,,2027,174,61.9,74,,61.8,53,0,1,0,8,0,0,7,15,8,7,GA SOUTHRN,GA SOUTHRN,,,,57.8
151103,Jack Witmer,T,0,,2026,335,43.5,77.4,,42.3,68,0,1,0,45,0,0,36,81,45,36,VIRGINIA,VIRGINIA,,,,46.5
151161,Sean Sullivan,T,0,,2026,275,65.7,76.3,,65.8,60,0,1,0,24,0,0,32,56,24,32,RICE,RICE,,,,56.2
151266,Jake Bruno,TE,0,,2026,259,52.4,75.4,54.6,52.2,86,0,1,0,2,6,0,23,31,8,23,OHIO,OHIO,,,,71.7
154188,Jeff Caldwell,WR,0,2026,2026,138,49,0,52.5,60.1,09,1,1,0,0,18,0,14,32,18,14,CINCINNATI,CINCINNATI,,,,
154563,Zac Elam,C,0,,2026,141,65.2,80.2,,59.8,57,0,1,0,53,0,0,24,77,53,24,COAST CAR,COAST CAR,,,,76.6
155209,Philip Florenzo,LS,0,2026,2026,140,60,60,,,S45,0,1,0,1,0,0,0,1,1,0,CLEMSON,CLEMSON,,,,63.8
155211,Cash Jones,HB,0,2026,2026,173,64.2,74.4,65.6,59.2,32,0,1,0,2,14,2,3,21,16,5,GEORGIA,GEORGIA,66.9,,62.8,81.6
155552,Dash Luke,WR,0,,2026,230,66.3,77.9,65.7,60.8,01,0,1,0,0,44,0,17,61,44,17,MO STATE,MO STATE,72.3,,,
155757,Gavin Wimsatt,QB,0,,2026,196,60,62.9,60,,02,0,1,1,0,1,0,0,2,2,0,JVILLE ST,JVILLE ST,60.3,60.6,,
155982,Mekhi Mews,WR,0,,2026,182,55.2,68.9,58.1,60,04,0,1,0,0,2,0,2,4,2,2,HOUSTON,HOUSTON,70.2,,,
156001,Michael Buckley,WR,0,,2026,241,48.3,74.7,53.3,40.5,17,0,1,1,0,24,0,5,30,25,5,NEW MEXICO,NEW MEXICO,62.4,50.4,,
156138,Carson Tabaracci,TE,0,,2027,326,57.3,0,72.5,41.8,24,2,1,0,2,13,0,10,25,15,10,USC,USC,62.9,,,67.5
156185,E.J. Warner,QB,0,,2026,169,72.1,77.2,,60.2,13,0,1,29,0,0,4,37,70,29,41,FRESNO ST,FRESNO ST,70.2,66.1,70.9,
156227,Jack Smith,P,0,,2030,140,60.4,70.3,,,S89,0,1,1,0,0,0,0,1,1,0,CLEMSON,CLEMSON,60.3,60.5,,
156238,Josh Sapp,TE,0,,2027,140,60.6,75.5,61,55.3,05,0,1,0,2,17,0,4,23,19,4,CLEMSON,CLEMSON,62.9,,,68.2
156242,Caleb Nix,S,0,,2027,196,60,60,,,D01,0,1,0,1,0,0,0,1,1,0,JVILLE ST,JVILLE ST,63.8,,,63.8
156248,Blake Miller,T,0,2026,2026,140,78.8,76.6,,70.4,78,0,1,0,47,0,0,20,67,47,20,CLEMSON,CLEMSON,,,,88.6
156252,Adam Randall,HB,0,2026,2026,140,64.2,76.1,64.2,57.9,08,0,1,0,4,23,11,3,41,27,14,CLEMSON,CLEMSON,74.3,,68.3,11.3
156253,Cade Klubnik,QB,0,2026,2026,140,53.8,76.7,,60,02,0,1,46,0,0,4,16,66,46,20,CLEMSON,CLEMSON,71,52.1,61.3,
156297,Aidan Birr,K,0,,2027,176,60,63.9,,59.6,S33,0,1,0,0,0,0,1,1,0,1,GA TECH,GA TECH,,,,
156298,Brandon Best,G,0,,2027,200,70.1,80.2,,72.3,58,0,1,0,44,0,0,29,73,44,29,KENNESAW,KENNESAW,,,,61.5
156318,Gage Reale,TE,0,,2027,156,60,63.5,,60,82,0,1,0,0,0,0,1,1,0,1,E CAROLINA,E CAROLINA,,,,
156319,Nate Kurisky,TE,0,,2027,210,57.6,77,52.1,63.3,85,0,1,0,5,10,0,21,36,15,21,LOUISVILLE,LOUISVILLE,,,,72
156322,Makhete Gueye,T,0,,2027,230,41,0,,45.1,66,2,1,0,19,0,0,5,24,19,5,MO STATE,MO STATE,,,,82.4
156343,Jaleel Skinner,TE,0,,2027,210,46,0,54.3,51,88,1,1,0,5,12,0,31,48,17,31,LOUISVILLE,LOUISVILLE,61,,,72.5
156362,Ryan Baer,T,0,,2027,268,70.4,77.4,,58.1,70,0,1,0,50,0,0,32,82,50,32,PITTSBURGH,PITTSBURGH,,,,88
156377,Noah Hartsoe,C,0,,2027,335,59,69.3,,58.6,58,0,1,0,0,0,0,3,3,0,3,VIRGINIA,VIRGINIA,,,,
156382,Eli Wood,WR,0,,2027,335,73.4,78.4,75.4,46.8,82,0,1,0,0,33,0,24,57,33,24,VIRGINIA,VIRGINIA,65,,,
156387,McKale Boley,T,0,,2027,335,66.8,77.9,59.2,62.6,52,0,1,0,44,1,0,36,81,45,36,VIRGINIA,VIRGINIA,,,,73.3
156393,Davis Lane,HB,0,,2027,335,58.7,66.8,58.9,,29,0,1,0,0,2,1,0,3,2,1,VIRGINIA,VIRGINIA,62.5,,59.6,
156395,Omar Cooper Jr.,WR,0,2026,2026,190,74.1,75.9,70.8,74.4,03,0,1,0,0,16,0,16,32,16,16,INDIANA,INDIANA,64.1,,,
156397,Kam Perry,WR,0,,2027,221,55,77.1,54.6,63.1,08,0,1,0,1,30,0,18,49,31,18,MIAMI OH,MIAMI OH,61,,,66
156399,Carter Smith,T,0,,2027,190,70.3,16.8,,69.2,65,1,1,0,24,0,0,43,67,24,43,INDIANA,INDIANA,,,,86.5
156401,Bray Lynch,G,0,,2027,190,62.9,78.9,,61.6,74,0,1,0,24,0,0,43,67,24,43,INDIANA,INDIANA,,,,66.5
156421,Jaziun Patterson,HB,0,,2027,192,53.2,69.7,,57,04,0,1,0,0,0,3,4,7,0,7,IOWA,IOWA,67.3,,55.7,
156448,Kaden Wetjen,WR,0,2026,2026,192,56.6,73.4,54.7,60.4,21,0,1,0,0,8,2,6,16,8,8,IOWA,IOWA,70.8,,61.1,
156460,Luke Lindenmeyer,TE,0,,2028,238,62.6,77.6,54,75.6,44,0,1,0,12,21,0,26,59,33,26,NEBRASKA,NEBRASKA,61,,,59.4
156464,Justin Evans,C,0,,2028,238,67.1,79.6,,61,51,0,1,0,38,0,0,29,67,38,29,NEBRASKA,NEBRASKA,,,,84.1
156480,Kyion Grayes,WR,0,,2028,130,68,70.5,56.1,89.3,09,0,1,0,0,4,0,2,6,4,2,CAL,CAL,,,,
156482,Bennett Christian,TE,0,,2027,260,59.8,69.4,,58.8,85,0,1,0,0,0,0,2,2,0,2,OHIO STATE,OHIO STATE,,,,
156534,Wyatt Sullivan,TE,0,,2028,327,49,78.3,45,59.8,08,1,1,0,6,27,0,18,51,33,18,USF,USF,61,,,43.7
156569,Landon Nelson,C,0,,2026,208,53.4,79.9,,49.8,55,0,1,0,27,0,0,43,70,27,43,LA TECH,LA TECH,,,,83.8
156582,Cyrus Allen,WR,0,2026,2026,138,48.8,74.4,60.6,61.6,04,0,1,1,0,14,0,11,26,15,11,CINCINNATI,CINCINNATI,10.4,60,,
156590,Sterling Porcher,G,0,,2026,333,54.9,78.7,,47.2,79,0,1,0,43,0,0,12,55,43,12,VANDERBILT,VANDERBILT,,,,64.4
156597,Keylan Rutledge,G,0,2026,2026,176,66.3,79.3,,63.6,77,0,1,0,44,0,0,27,71,44,27,GA TECH,GA TECH,,,,76.7
156612,Howard Sampson,T,0,,2027,315,57.1,16.3,,63.4,79,1,1,0,38,0,0,24,62,38,24,TEXAS TECH,TEXAS TECH,,,,55.1
156620,Ethan Wesloski,LB,0,,2027,251,60,60,,60,D32,0,1,0,0,0,0,1,1,0,1,N TEXAS,N TEXAS,,,,
156624,Dean Connors,HB,0,2026,2026,182,79.5,76.4,60.2,63.9,44,0,1,0,6,18,16,12,52,24,28,HOUSTON,HOUSTON,75.6,,81.1,78.5
156630,Dallas Payne,TE,0,,2026,166,48.9,78.6,53.6,41.3,00,0,1,0,16,41,0,13,70,57,13,FIU,FIU,62.9,,,59.5
156654,Aleric Watson,T,0,,2027,113,55.5,76.4,,50.7,55,0,1,0,38,0,0,24,62,38,24,ARK STATE,ARK STATE,,,,60.9
156733,Zeon Chriss-Gremillion,QB,0,,2027,182,60,63.9,,60,02,0,1,0,0,0,0,1,1,0,1,HOUSTON,HOUSTON,,,,
156734,Zylan Perry,HB,0,,2027,207,65.8,75.8,71.3,56.9,03,0,1,0,7,17,10,3,37,24,13,LA LAFAYET,LA LAFAYET,73.2,,64.5,40.4
156738,Kaden Moreau,G,0,,2027,207,59.9,80.5,,61.3,75,0,1,0,46,0,0,33,79,46,33,LA LAFAYET,LA LAFAYET,,,,46.7
156740,Charles Robertson,WR,0,,2027,207,57.2,76.1,57.2,59.4,13,0,1,0,0,30,0,13,43,30,13,LA LAFAYET,LA LAFAYET,61,,,
156741,Jaydon Johnson,WR,0,,2027,207,56.2,71.4,56.5,59.6,18,0,1,0,0,5,0,6,11,5,6,LA LAFAYET,LA LAFAYET,,,,
156742,Terrance Carter Jr.,TE,0,,2027,315,74.5,78.3,75.2,60.2,07,0,1,0,1,36,0,21,58,37,21,TEXAS TECH,TEXAS TECH,67.5,,,65.1
156825,Chris Spencer,ED,0,,2027,263,59.4,60,59.1,,D98,0,1,0,0,1,0,0,1,1,0,DOMINION,DOMINION,,,,
156833,Elijah Hoskin,G,0,,2026,263,60,60,,,78,0,1,0,1,0,0,0,1,1,0,DOMINION,DOMINION,,,,63.8
156837,Kenyon Clay,HB,0,,2027,113,67.4,74.5,75.2,60,05,0,1,0,6,14,11,4,35,20,15,ARK STATE,ARK STATE,73.6,,65.1,30.3
156838,Wil Saxton,G,1,,2027,113,72.7,0,,85.1,50,2,1,0,38,0,0,24,62,38,24,ARK STATE,ARK STATE,,,,78.9
156861,Titus Lyons,TE,0,,2026,314,54.9,78.3,50,66.8,86,0,1,0,4,21,0,20,45,25,20,TEXAS ST,TEXAS ST,,,,68.9
156863,Tucker Kilcrease,QB,0,,2027,318,39.5,75.5,,60,10,0,1,34,0,0,2,13,49,34,15,TROY,TROY,69.5,38.7,54.9,
156895,Tanner Koziol,TE,0,2026,2026,182,85.9,79.5,87.2,55.4,09,0,1,0,3,32,0,35,70,35,35,HOUSTON,HOUSTON,67.5,,,70.2
156914,Justin Holmes,TE,0,,2026,268,77.1,77.9,79.7,60,88,0,1,0,3,31,0,25,59,34,25,PITTSBURGH,PITTSBURGH,66.2,,,68.9
156926,Star'Corius Thomas,HB,0,,2026,307,75.5,72.8,70.3,60,09,0,1,0,0,7,9,1,17,7,10,TENNESSEE,TENNESSEE,72.6,,73.4,
156927,Diego Pavia,QB,0,2026,2026,333,74.9,76.6,,60,02,1,1,51,0,0,6,7,64,51,13,VANDERBILT,VANDERBILT,71.8,70.7,70,
156935,Makhilyn Young,HB,0,,2028,333,60.5,0,56,59.8,22,1,1,0,3,7,1,2,13,10,3,VANDERBILT,VANDERBILT,62.5,,63.5,77.2
156940,Jonathan Brady,WR,0,2026,2026,190,55.8,68.4,57.1,60.1,00,0,1,0,0,2,0,3,5,2,3,INDIANA,INDIANA,67.5,,,
156971,Holden Staes,TE,0,,2026,190,56.6,72.3,,54.7,19,0,1,0,1,0,0,10,11,1,10,INDIANA,INDIANA,,,,71.1
156976,Ty Chan,G,0,,2027,146,59.4,75.6,,55.1,69,0,1,0,23,0,0,28,51,23,28,UCONN,UCONN,,,,75.6
156998,Ethan Spoth,G,0,,2027,316,50.2,79.5,,46.5,72,0,1,0,45,0,0,30,75,45,30,TOLEDO,TOLEDO,,,,55.7
157003,Jam Miller,HB,0,2026,2026,103,56.7,68.3,65.2,,26,0,1,0,3,2,0,0,5,5,0,ALABAMA,ALABAMA,61,,,16.3
157005,Jeremiah Alexander,LB,0,,2030,140,60,60,,,D35,0,1,0,1,0,0,0,1,1,0,CLEMSON,CLEMSON,,,,63.8
157008,Ty Simpson,QB,0,2026,2026,103,49.2,73.8,59.1,60,15,0,1,19,0,1,1,7,28,20,8,ALABAMA,ALABAMA,24.3,60,43.5,
157049,Camden Brown,WR,0,2026,2026,174,58.6,80,58.7,57,04,0,1,0,0,36,0,30,66,36,30,GA SOUTHRN,GA SOUTHRN,62.9,,,
157071,Brett Thorson,P,0,2026,2026,173,60,70.3,,,S92,0,1,0,1,0,0,0,1,1,0,GEORGIA,GEORGIA,,,,63.8
157072,Gunner Stockton,QB,0,,2027,173,62.7,77.1,56.7,60,14,0,1,44,0,1,5,24,74,45,29,GEORGIA,GEORGIA,71.2,65.8,55.4,
157074,Earnest Greene III,T,1,,2027,173,55.2,0,,53.6,71,2,1,0,45,0,0,29,74,45,29,GEORGIA,GEORGIA,,,,81.1
157075,Terrell Foster,LB,0,,2027,173,60,60,,,D30,0,1,0,1,0,0,0,1,1,0,GEORGIA,GEORGIA,,,,63.8
157076,CJ Smith,WR,0,,2027,218,49.9,75.4,52.7,43.8,01,0,1,0,0,17,0,13,30,17,13,MEMPHIS,MEMPHIS,,,,
157080,Oscar Delp,TE,0,2026,2026,173,59.6,76.2,56.8,59.8,04,0,1,0,6,24,0,25,55,30,25,GEORGIA,GEORGIA,61,,,79.4
157100,Dane Key,WR,0,2026,2026,238,61.1,77.8,61.3,56.1,06,0,1,0,0,20,0,15,35,20,15,NEBRASKA,NEBRASKA,65,,,
157107,Fitzgerald West Jr.,DI,0,,2027,207,60,63.6,,,D68,0,1,0,1,0,0,0,1,1,0,LA LAFAYET,LA LAFAYET,,,,71
157112,Walker Howard,QB,0,,2027,207,55.2,66.6,,60,04,0,1,2,0,0,0,1,3,2,1,LA LAFAYET,LA LAFAYET,61.8,55.4,,
157157,Tavorus Jones,HB,0,,2028,229,60,62.7,,60,22,0,1,0,0,0,0,1,1,0,1,MISSOURI,MISSOURI,,,,
157160,Curtis Peagler,G,0,,2027,229,54.2,0,,59,77,1,1,0,25,0,0,32,57,25,32,MISSOURI,MISSOURI,,,,43.5
157166,Brett Brown,QB,0,,2027,229,60.6,63.6,,,14,0,1,1,0,0,0,0,1,1,0,MISSOURI,MISSOURI,60.3,60.5,,
157168,Tristan Wilson,G,0,,2027,229,67,73.6,,65.5,73,0,1,0,6,0,0,6,12,6,6,MISSOURI,MISSOURI,,,,77.5
157190,Javen Jacobs,HB,0,,2027,329,74.9,78.3,70.6,53.8,08,0,1,0,7,19,3,9,38,26,12,UTAH ST,UTAH ST,70.5,,75.3,80.2
157194,Coben Bourguet,WR,0,,2026,110,55.6,72.9,56.2,57.7,88,0,1,0,0,5,0,8,13,5,8,ARIZONA ST,ARIZONA ST,,,,
157198,Austin Terry,TE,0,,2027,120,77.9,69,,83.1,86,0,1,0,0,0,0,5,5,0,5,BOISE ST,BOISE ST,,,,
157204,James Ferguson-Reynolds,P,0,,2026,264,60.6,70.3,,,S46,0,1,1,0,0,0,0,1,1,0,OREGON,OREGON,60.3,60.6,,
157295,Major Everhart,WR,0,,2027,305,60.3,75.8,64.7,31.1,03,0,1,0,0,32,1,12,45,32,13,TCU,TCU,66.5,,62.7,
157297,DJ Allen Jr.,WR,0,,2027,331,68.9,0,67.1,84.9,15,1,1,0,1,24,0,11,36,25,11,UTSA,UTSA,64.1,,,62.1
157298,Jordan Hudson,WR,0,2026,2026,287,56.5,80,53.9,76,02,0,1,0,0,32,0,30,62,32,30,SMU,SMU,65.7,,,
157304,Cole Hutson,G,0,,2027,311,73.7,80.3,,77.3,54,0,1,0,45,0,0,27,72,45,27,TEXAS,TEXAS,,,,64.3
157309,Hamilton McMartin,WR,0,,2026,311,60,64.9,,60,39,0,1,0,0,0,0,1,1,0,1,TEXAS,TEXAS,,,,
157311,BJ Allen Jr.,CB,0,,2027,251,60,64.9,,60,D30,0,1,0,0,0,0,1,1,0,1,N TEXAS,N TEXAS,,,,
157328,Bryson Donnell,HB,0,,2027,331,64.5,71.5,56.2,60,22,0,1,0,1,4,7,1,13,5,8,UTSA,UTSA,71.3,,65,72.7
157336,Sheridan Wilson,C,0,,2027,315,62.8,0,,60.2,72,1,1,0,38,0,0,24,62,38,24,TEXAS TECH,TEXAS TECH,,,,85
157337,Coy Eakin,WR,0,,2027,315,54.7,76.8,54.7,58.6,03,0,1,0,0,35,0,18,53,35,18,TEXAS TECH,TEXAS TECH,61,,,
157347,Hudson Cedarland,TE,0,,2027,341,74,72.3,79.8,59.4,27,0,1,0,2,2,0,6,10,4,6,WASH STATE,WASH STATE,61,,,42.9
157352,Dylan Ray,T,0,,2026,225,62.5,14,,75.7,73,2,1,0,30,0,0,29,59,30,29,MINNESOTA,MINNESOTA,,,,39.1
157372,CJ Donaldson,HB,0,2026,2026,260,69.9,74.6,71,,12,0,1,0,5,19,7,0,31,24,7,OHIO STATE,OHIO STATE,71.9,,68.7,76.1
157418,Jacarrius Peak,T,1,,2027,248,42.1,15.7,,41.8,65,2,1,0,36,0,0,29,65,36,29,NC STATE,NC STATE,,,,58.6
157421,Kanoah Vinesett,K,0,,2027,248,30.3,60,29.9,,S94,0,1,0,0,1,0,0,1,1,0,NC STATE,NC STATE,,,,
157425,Rylan Vann,C,0,,2027,248,60,60,,,55,0,1,0,1,0,0,0,1,1,0,NC STATE,NC STATE,,,,60.5
157428,Ashton Locklear,WR,0,,2027,248,60,67.4,,60,27,0,1,0,0,0,0,3,3,0,3,NC STATE,NC STATE,,,,
157431,Bruce Mitchell,C,0,,2027,128,69.4,79.5,,65.6,63,0,1,0,44,0,0,22,66,44,22,BYU,BYU,,,,75.1
157443,Brock Spalding,WR,0,,2027,156,55.4,75.7,54.9,61.8,10,0,1,0,0,16,0,20,36,16,20,E CAROLINA,E CAROLINA,61,,,
157483,Tony Nelson,G,0,,2027,225,51.8,2.1,,53.5,59,1,1,0,33,0,0,31,64,33,31,MINNESOTA,MINNESOTA,,,,56.8
157486,Frank Bierman,TE,0,,2026,225,69.5,73.5,70.8,65.3,44,0,1,0,3,4,1,14,22,7,15,MINNESOTA,MINNESOTA,61,,60,73.2
157497,Ashton Beers,C,0,,2027,225,53.4,79.6,,47.6,78,0,1,0,33,0,0,31,64,33,31,MINNESOTA,MINNESOTA,,,,84.9
157498,Cade McConnell,G,0,,2028,333,56.6,79.4,,56.1,70,0,1,0,51,0,0,13,64,51,13,VANDERBILT,VANDERBILT,,,,53.8
157534,Wesley Grimes,WR,0,2026,2026,248,63.9,76.9,63.4,60.7,06,0,1,0,0,20,0,13,33,20,13,NC STATE,NC STATE,64.1,,,
157546,Kanen Hamlett,TE,0,,2027,108,63.6,69.1,57.8,67.7,86,0,1,0,0,3,0,3,6,3,3,APP STATE,APP STATE,61,,,
157566,Quaron Adams,WR,0,,2027,130,68.3,0,70.8,56.3,18,1,1,0,0,24,2,13,39,24,15,CAL,CAL,68.5,,60.7,
157607,Terrell Crosby Jr.,WR,0,,2028,316,43.9,0,53.7,54.5,05,2,1,0,0,14,0,7,21,14,7,TOLEDO,TOLEDO,61.9,,,
157622,Addison Nichols,G,0,,2027,287,70.4,78.8,,67.3,63,0,1,0,33,0,0,32,65,33,32,SMU,SMU,,,,88.1
157628,Weylin Lapuaho,G,0,,2026,128,55.9,79.9,,49.5,61,0,1,0,44,0,0,22,66,44,22,BYU,BYU,,,,70.4
157645,Dae'Quan Wright,TE,0,2026,2026,226,43.8,79.3,43.6,48.9,08,0,1,0,9,33,0,28,70,42,28,OLE MISS,OLE MISS,62.9,,,72.6
157655,Braelin Moore,C,0,,2027,211,60.1,78.7,,51.8,61,0,1,0,37,0,0,17,54,37,17,LSU,LSU,,,,83.7
157688,Owen McCown,QB,0,,2027,331,59.8,76.6,60,60,02,0,1,37,0,1,2,24,64,38,26,UTSA,UTSA,21.3,72.4,30,
157692,Grant Page,WR,0,,2027,296,48.4,64.1,,,13,0,1,1,0,0,0,0,1,1,0,SO MISS,SO MISS,60.3,50.4,,
157695,Alex Harkey,T,0,2026,2026,264,60.4,23.5,,63.1,71,1,1,0,41,0,0,41,82,41,41,OREGON,OREGON,,,,62.7
157703,Cole Boscia,WR,0,,2027,130,57.3,76.2,57.6,58,82,0,1,0,0,22,0,6,28,22,6,CAL,CAL,61,,,
157704,Zach Courtney,TE,0,,2027,141,70.5,76.9,75.8,53.6,33,1,1,0,2,23,0,18,43,25,18,COAST CAR,COAST CAR,65,,,65.7
157740,Caleb Douglas,WR,0,2026,2026,315,50.8,80.1,50.4,62,05,0,1,0,0,38,0,24,62,38,24,TEXAS TECH,TEXAS TECH,,,,
157768,Jalen Klemm,T,0,,2027,110,46.4,77.6,,42.7,70,0,1,0,40,0,0,37,77,40,37,ARIZONA ST,ARIZONA ST,,,,58.4
157800,Viliami Makahununiu,G,0,,2027,166,60.2,71.6,,60,77,0,1,0,6,0,0,2,8,6,2,FIU,FIU,,,,77.4
157843,Jake Steele,T,0,,2027,120,50,76.9,,53.4,68,0,1,0,45,0,0,22,67,45,22,BOISE ST,BOISE ST,,,,41.1
157867,Malachi Carney,T,0,,2027,176,68.8,76.4,,64.3,72,0,1,0,37,0,0,22,59,37,22,GA TECH,GA TECH,,,,73.5
157982,Kendall Stanley,T,0,,2027,268,44,68,,41.7,53,0,1,0,1,0,0,3,4,1,3,PITTSBURGH,PITTSBURGH,,,,2.8
158004,Davion Carter,G,0,,2026,315,55.5,78.8,,51.9,56,0,1,0,38,0,0,24,62,38,24,TEXAS TECH,TEXAS TECH,,,,62.5
158012,Eric Smith,T,0,,2027,221,81.9,70.3,,81.7,51,0,1,0,4,0,0,5,9,4,5,MIAMI OH,MIAMI OH,,,,77.9
158013,Gavin Rohrs,G,0,,2027,221,56.6,75.5,,55.6,76,0,1,0,15,0,0,10,25,15,10,MIAMI OH,MIAMI OH,,,,55.9
158022,Reggie Virgil,WR,0,2026,2026,315,58.3,77.4,57.9,61.5,01,0,1,0,0,38,0,23,61,38,23,TEXAS TECH,TEXAS TECH,62.9,,,
158026,Chase Becker,TE,0,,2027,221,60,63.5,,60,48,0,1,0,0,0,0,1,1,0,1,MIAMI OH,MIAMI OH,,,,
158028,Javon Tracy,WR,0,,2027,225,55.7,77.2,56.2,55.5,11,0,1,0,0,22,0,16,38,22,16,MINNESOTA,MINNESOTA,62.9,,,
158090,Nic Anderson,WR,0,,2028,211,53.9,72,54.6,60.2,04,0,1,0,0,5,0,4,9,5,4,LSU,LSU,,,,
158135,Jayden Maiava,QB,0,,2027,326,65.1,76.9,,60,14,0,1,34,0,0,2,30,66,34,32,USC,USC,69.5,64.5,59.4,
158158,Trevor Shaw,G,0,,2027,347,55.1,68.8,,54.7,67,0,1,0,0,0,0,3,3,0,3,W MICHIGAN,W MICHIGAN,,,,
158166,Pofele Ashlock,WR,0,,2028,180,74,78.5,73,61.4,05,0,1,0,0,45,0,13,58,45,13,HAWAII,HAWAII,69,,,
158172,Dean Briski,T,0,,2028,180,49.3,0,,55.6,52,2,1,0,54,0,0,21,75,54,21,HAWAII,HAWAII,,,,59
158184,Alex Perry,WR,0,,2027,166,57.1,78.3,58.9,38.7,04,0,1,0,0,43,0,11,54,43,11,FIU,FIU,64.1,,,
158188,Ethan Spencer,C,0,,2028,180,64.6,80,,55.2,57,0,1,0,54,0,0,21,75,54,21,HAWAII,HAWAII,,,,86.7
158190,Devon Tauaefa,TE,0,,2028,180,62.7,72.7,68.7,45.1,87,1,1,0,2,6,0,9,17,8,9,HAWAII,HAWAII,64.1,,,68.2
158194,Jordan Anderson,TE,0,,2027,187,89.1,68.6,,60,23,0,1,0,0,0,2,1,3,0,3,ILLINOIS,ILLINOIS,65.5,,76.4,
158198,Hank Beatty,WR,0,2026,2026,187,63.1,77.7,64.7,47.3,80,0,1,1,1,33,1,24,60,35,25,ILLINOIS,ILLINOIS,69.1,57.7,62.8,64.7
158207,Ashton Hollins,WR,0,,2027,187,81.4,64.1,74.2,,02,0,1,0,0,1,0,0,1,1,0,ILLINOIS,ILLINOIS,61,,,
158212,Aidan Laughery,HB,0,,2027,187,61.3,76.3,31,60,21,0,1,0,4,12,13,5,34,16,18,ILLINOIS,ILLINOIS,74.4,,67.5,28.2
158219,Shawn Miller,WR,0,,2027,241,51.7,78.4,51.8,56.8,14,0,1,0,0,36,0,24,60,36,24,NEW MEXICO,NEW MEXICO,61,,,
158229,Hunter Whitenack,G,0,,2027,347,61,0,,61.9,77,1,1,0,24,0,0,39,63,24,39,W MICHIGAN,W MICHIGAN,,,,83.6
158252,Isaiah World,T,0,2026,2026,264,55.5,77.6,,65.4,76,1,1,0,41,0,0,33,74,41,33,OREGON,OREGON,,,,28
158272,Kevin Jennings,QB,0,,2027,287,51.6,76.6,,60.2,07,0,1,33,0,0,2,28,63,33,30,SMU,SMU,69.5,52.4,54.1,
158293,Donovan Brown,WR,0,,2028,284,61,81.3,60.6,60.8,14,0,1,0,0,40,0,39,79,40,39,S DIEGO ST,S DIEGO ST,64.1,,,
158307,Chad Schuster,T,0,,2027,347,69.3,76.5,,67,76,0,1,0,24,0,0,39,63,24,39,W MICHIGAN,W MICHIGAN,,,,68.4
158317,Jack Endries,TE,0,2026,2026,311,59.2,79.2,62,52.4,88,0,1,0,7,36,0,25,68,43,25,TEXAS,TEXAS,65.7,,,69.9
158323,Fernando Mendoza,QB,0,2026,2026,190,90.3,76.2,,60,15,0,1,24,0,0,1,33,58,24,34,INDIANA,INDIANA,26.6,92.9,55.2,
158336,Omari Arnold,HB,0,,2026,174,75.1,76.9,60.6,44.7,22,0,1,0,7,16,12,7,42,23,19,GA SOUTHRN,GA SOUTHRN,74.2,,81.2,78.2
158341,Dalen Cobb,WR,0,,2026,174,56.8,76.5,62.6,45.1,01,0,1,1,0,28,2,12,43,29,14,GA SOUTHRN,GA SOUTHRN,68.2,37,62.9,
158348,Terrance Gibbs,HB,0,,2027,174,74,73.7,62.8,77.3,20,0,1,0,0,13,8,3,24,13,11,GA SOUTHRN,GA SOUTHRN,72,,72.7,
158361,Marcus Sanders Jr.,WR,0,2026,2026,174,69.3,0,72.4,56.7,05,1,1,0,1,36,0,28,65,37,28,GA SOUTHRN,GA SOUTHRN,65.7,,,62.1
158365,Chandler Strong,C,0,,2027,174,62.8,78.7,,59.8,57,0,1,0,29,0,0,25,54,29,25,GA SOUTHRN,GA SOUTHRN,,,,71
158371,Pichon Wimbley,G,0,,2026,174,60.2,79.7,,56.5,74,0,1,0,34,0,0,30,64,34,30,GA SOUTHRN,GA SOUTHRN,,,,78.4
158374,Germie Bernard,WR,0,2026,2026,103,67.7,77.4,65.9,78.8,05,0,1,0,0,39,0,9,48,39,9,ALABAMA,ALABAMA,65,,,
158392,Braden Miller,T,0,,2027,130,69.6,77,,69.2,77,0,1,0,47,0,0,26,73,47,26,CAL,CAL,,,,66.4
158407,Alex Bauman,TE,0,,2026,220,47.7,77.4,48.1,54,87,0,1,0,3,19,0,26,48,22,26,MIAMI FL,MIAMI FL,,,,68.1
158410,Sully Burns,T,0,,2027,314,67.2,15.8,,71.5,68,1,1,0,36,0,0,31,67,36,31,TEXAS ST,TEXAS ST,,,,65.7
158484,Jaylon Glover,HB,0,,2028,325,57.3,71,56.9,59.8,20,0,1,0,2,4,2,2,10,6,4,UNLV,UNLV,65.5,,57.7,73.9
158489,Nate Johnson,WR,0,,2027,328,55.5,68.9,55.8,60,03,0,1,0,0,4,1,1,6,4,2,UTAH,UTAH,62.5,,59.6,
158492,Tyler Knaak,G,0,,2028,238,58.5,78.2,,56.6,75,0,1,0,37,0,0,28,65,37,28,NEBRASKA,NEBRASKA,,,,60.4
158496,Sidney Mbanasor,WR,0,,2027,263,54.3,76.1,54,60.6,17,0,1,0,0,8,0,14,22,8,14,DOMINION,DOMINION,,,,
158501,Keith Olson,T,0,,2027,328,72.2,77.2,,66.9,74,0,1,0,35,0,0,42,77,35,42,UTAH,UTAH,,,,80.7
158512,Jaylen Jenkins,HB,0,,2027,314,55.2,69.7,60,60,05,0,1,0,1,1,3,2,7,2,5,TEXAS ST,TEXAS ST,67.3,,55.8,70.8
158515,Jonny Lester,G,0,,2027,341,67.5,80.3,,63,67,0,1,0,50,0,0,30,80,50,30,WASH STATE,WASH STATE,,,,83.8
158525,Leyton Smithson,WR,0,,2026,341,57.2,68,58.2,60,10,0,1,0,0,2,0,1,3,2,1,WASH STATE,WASH STATE,64.2,,,
158554,Alvin Ebosele,T,0,,2027,182,53.2,78.3,,49.1,79,1,1,0,43,0,0,44,87,43,44,HOUSTON,HOUSTON,,,,61.4
158562,George Maile,G,0,,2027,329,56.4,0,,54.7,72,1,1,0,41,0,0,18,59,41,18,UTAH ST,UTAH ST,,,,77.2
158581,Bert Emanuel Jr.,QB,0,,2028,284,75.5,73.6,,60,05,0,1,10,0,0,9,10,29,10,19,S DIEGO ST,S DIEGO ST,71.6,56.4,75.3,
158589,Kyle Kloska,C,0,,2028,114,65.7,68.8,,65.8,75,0,1,0,0,0,0,3,3,0,3,ARMY,ARMY,,,,
158592,Martin Koivisto,T,0,,2027,134,48.2,75.9,,43,76,0,1,0,27,0,0,27,54,27,27,C MICHIGAN,C MICHIGAN,,,,64.9
158595,Jordan Kwiatkowski,LB,0,,2026,134,59,64.8,59.9,,D12,0,1,0,0,1,0,0,1,1,0,C MICHIGAN,C MICHIGAN,,,,
158597,Langston Lewis,WR,0,,2027,134,75.2,79.3,74.8,57.8,20,0,1,0,0,34,0,27,61,34,27,C MICHIGAN,C MICHIGAN,67.5,,,
158599,Brady Ploucha,G,0,,2027,134,59.3,77.9,,55.7,59,0,1,0,25,0,0,24,49,25,24,C MICHIGAN,C MICHIGAN,,,,75.6
158615,Cam Edwards,HB,0,,2027,146,92.9,75.6,79.4,59.9,00,0,1,0,4,5,11,2,22,9,13,UCONN,UCONN,73.6,,89.8,76
158620,Justin Joly,TE,0,2026,2026,248,66.1,0,66.9,75.3,07,1,1,0,3,19,0,3,25,22,3,NC STATE,NC STATE,62.9,,,49.2
158629,Victor Rosa,HB,0,,2027,146,53.3,69.1,28.1,,22,0,1,0,3,1,2,0,6,4,2,UCONN,UCONN,65.5,,63.1,84.7
158638,Brady Wayburn,G,0,,2027,146,63.1,73.7,,61.4,66,0,1,0,5,0,0,10,15,5,10,UCONN,UCONN,,,,83
158641,James Bailey,G,0,,2027,241,60,60,,60,53,0,1,0,0,0,0,1,1,0,1,NEW MEXICO,NEW MEXICO,,,,
158645,Kam Dewberry,G,0,2026,2026,103,64.9,77,,59.1,71,0,1,0,26,0,0,5,31,26,5,ALABAMA,ALABAMA,,,,82.9
158648,Donovan Green,TE,0,,2027,211,60,66.5,,,88,0,1,0,3,0,0,0,3,3,0,LSU,LSU,,,,66.7
158659,Chris Marshall,WR,0,,2027,120,71.6,77.4,70.6,59.9,05,0,1,0,0,34,0,1,35,34,1,BOISE ST,BOISE ST,65.7,,,
158678,Noah Thomas,WR,0,2026,2026,173,47.4,75.8,52.9,33.3,05,0,1,0,0,17,0,12,29,17,12,GEORGIA,GEORGIA,,,,
158683,Conner Weigman,QB,0,,2027,182,86.2,77.9,,60,01,0,1,43,0,0,15,29,87,43,44,HOUSTON,HOUSTON,74.3,83.3,70.9,
158685,PJ Williams,T,0,,2027,287,75.3,76.6,,68.4,59,0,1,0,33,0,0,32,65,33,32,SMU,SMU,,,,86.5
158693,Drew Evans,G,0,,2027,190,66.3,79.9,,65,62,0,1,0,24,0,0,43,67,24,43,INDIANA,INDIANA,,,,70.1
158704,Tommy McIntosh,WR,0,,2028,134,58.6,79,58.1,61.6,19,0,1,0,0,31,0,27,58,31,27,C MICHIGAN,C MICHIGAN,65,,,
158713,Joseph Borjon,T,1,,2028,284,64,77.6,,63.7,78,1,1,0,44,0,0,41,85,44,41,S DIEGO ST,S DIEGO ST,,,,58.9
158717,Jonah Coleman,HB,0,2026,2026,340,69.3,75.6,27.1,,01,0,1,0,12,8,12,0,32,20,12,WASHINGTON,WASHINGTON,26.2,,76.8,72.1
158722,Noah Fifita,QB,0,,2027,109,76.1,77.9,,60,01,0,1,59,0,0,6,25,90,59,31,ARIZONA,ARIZONA,72.1,71.5,71.1,
158732,Rayshon Luke,HB,0,,2028,169,55.9,73.3,55.8,60.3,02,0,1,0,0,4,4,6,14,4,10,FRESNO ST,FRESNO ST,68.6,,57.4,
158777,Drew Azzopardi,T,0,,2027,340,55.6,75.9,,58.9,74,0,1,0,36,0,0,19,55,36,19,WASHINGTON,WASHINGTON,,,,45.1
158783,Tyson Chavez,LS,0,,2027,284,60,60,,,S50,0,1,0,1,0,0,0,1,1,0,S DIEGO ST,S DIEGO ST,,,,60.9
158784,Kyle Crum,QB,0,,2027,284,39.8,17.3,,60,12,1,1,34,0,0,5,16,55,34,21,S DIEGO ST,S DIEGO ST,70.9,39.2,58.9,
158807,Lucky Sutton,HB,0,,2028,284,62.6,75,56.8,57.4,07,0,1,0,2,13,15,9,39,15,24,S DIEGO ST,S DIEGO ST,75.2,,63.5,72.4
158809,Mikey Welsh,WR,0,,2028,284,56.7,67.8,57.6,60,11,0,1,0,0,3,0,1,4,3,1,S DIEGO ST,S DIEGO ST,,,,
158822,Deandre Marshall,T,0,,2027,331,69.8,75.4,,69.9,70,0,1,0,30,0,0,19,49,30,19,UTSA,UTSA,,,,64
158827,Ben Rios,C,0,,2027,331,61.1,79.6,,54.3,57,0,1,0,39,0,0,29,68,39,29,UTSA,UTSA,,,,86.1
158966,Jack Layne,QB,0,,2027,241,46.4,75.8,60,60,02,0,1,37,0,1,1,9,48,38,10,NEW MEXICO,NEW MEXICO,30.4,42.7,62,
158978,Tigana Cisse,T,0,,2027,259,63.3,72.1,,60.1,74,0,1,0,7,0,0,10,17,7,10,OHIO,OHIO,,,,75.8
159061,Quincy Craig,HB,0,,2027,109,64.7,75.7,52.9,59,24,0,1,0,6,18,11,4,39,24,15,ARIZONA,ARIZONA,73.5,,69.2,38.4
159085,TreyShun Hurry,WR,0,,2027,210,57,79.6,60.8,39.9,02,0,1,0,0,27,0,32,59,27,32,LOUISVILLE,LOUISVILLE,64.1,,,
159122,Cody Hardy,TE,0,2026,2026,248,72.6,72,61,69.2,44,1,1,0,6,2,0,15,23,8,15,NC STATE,NC STATE,61,,,72.2
159177,Parker Mitchell,G,0,,2027,218,49.1,76.8,,53.1,70,0,1,0,41,0,0,29,70,41,29,MEMPHIS,MEMPHIS,,,,38.2
159333,Cooper Barkate,WR,0,,2027,154,57.9,81.7,56.6,68.7,18,0,1,0,0,55,0,31,86,55,31,DUKE,DUKE,65,,,
159499,Elijah Sarratt,WR,0,2026,2026,190,71.2,76.6,71.8,55.3,13,0,1,0,0,22,0,29,51,22,29,INDIANA,INDIANA,65,,,
159603,Justin Bowick,WR,0,,2027,187,68.1,77.1,67.2,62.9,00,0,1,0,0,22,0,14,36,22,14,ILLINOIS,ILLINOIS,64.1,,,
159667,Dylan King,S,0,,2027,296,60,65,,60,D06,0,1,0,0,0,0,1,1,0,1,SO MISS,SO MISS,,,,
160062,McKenzie Agnello,G,0,,2027,182,67.2,79.9,,64.8,66,0,1,0,43,0,0,44,87,43,44,HOUSTON,HOUSTON,,,,76.1
160187,Hayes Creel,T,0,,2027,296,60.6,77.7,,60.9,75,0,1,0,58,0,0,29,87,58,29,SO MISS,SO MISS,,,,56.5
160315,Brendan Durkin,LS,0,,2027,263,60,60,,,S30,0,1,0,1,0,0,0,1,1,0,DOMINION,DOMINION,,,,63.8
160350,NaQuari Rogers,HB,0,,2026,328,66.6,71.8,58.2,58.4,21,0,1,0,2,3,3,4,12,5,7,UTAH,UTAH,67.3,,66,75.2
160362,Seth Adams,TE,0,,2026,284,65.9,75.5,53.5,72.3,19,0,1,0,5,6,0,24,35,11,24,S DIEGO ST,S DIEGO ST,,,,68.7
160369,Davis Bryson,WR,0,,2027,200,53.6,75.5,53.4,60.4,09,0,1,0,0,17,0,15,32,17,15,KENNESAW,KENNESAW,66.6,,,
160756,Kevin Coleman Jr.,WR,0,2026,2026,229,57.8,77,58.5,60.8,03,0,1,0,0,25,1,21,47,25,22,MISSOURI,MISSOURI,68.1,,57.6,
161419,Ismail Mahdi,HB,0,,2027,109,73.3,75.7,78.6,45.8,21,0,1,0,6,26,11,3,46,32,14,ARIZONA,ARIZONA,73.8,,77.1,14.8
161436,AJ Wilson,WR,0,,2028,331,57.8,76.2,64.9,61.9,84,0,1,1,0,18,0,17,36,19,17,UTSA,UTSA,64.6,33.8,,
162262,Dru McClough,C,0,,2028,156,60,60,,60,54,0,1,0,0,0,0,1,1,0,1,E CAROLINA,E CAROLINA,,,,
162457,TJ Harden,HB,0,2026,2026,287,69.9,72.7,53.8,63.6,27,0,1,0,3,8,10,2,23,11,12,SMU,SMU,73.1,,72.2,10.6
162467,Carsen Ryan,TE,0,2026,2026,128,84.5,78.3,90.9,58.6,20,0,1,0,12,29,0,18,59,41,18,BYU,BYU,67.1,,,23
162481,Denzel Boston,WR,0,2026,2026,340,71.7,77,72.1,54.9,12,0,1,1,0,28,0,15,44,29,15,WASHINGTON,WASHINGTON,66.4,60.6,,
162482,Parker Brailsford,C,0,2026,2026,103,63.1,78.4,,63.6,72,0,1,0,41,0,0,9,50,41,9,ALABAMA,ALABAMA,,,,59.3
162521,JC French IV,QB,0,,2027,174,70.4,76.8,54.3,60.1,12,0,1,35,0,1,6,21,63,36,27,GA SOUTHRN,GA SOUTHRN,71.3,75.5,58.5,
162523,Jamari Hawkins,WR,0,,2027,218,77.4,73.5,76.9,58.7,09,0,1,0,0,13,2,6,21,13,8,MEMPHIS,MEMPHIS,68.9,,63.3,
162541,Brandon Chatman,HB,0,,2026,237,60.2,77,52.7,56.8,24,0,1,0,2,15,2,42,61,17,44,NAVY,NAVY,71.6,,60.8,69.6
162543,Greyson Crawford,G,0,,2026,237,56.2,69.4,,56,72,0,1,0,0,0,0,4,4,0,4,NAVY,NAVY,,,,
162554,Eli Heidenreich,FB,0,2026,2026,237,71.5,78.5,66.9,44.7,22,0,1,0,0,14,10,28,52,14,38,NAVY,NAVY,73.4,,75.7,
162555,Blake Horvath,QB,0,,2026,237,72.7,76.6,,60,11,0,1,17,0,0,15,32,64,17,47,NAVY,NAVY,35.2,88.6,52.5,
162561,Chreign LaFond,ED,0,,2026,237,60,60,,60,D91,0,1,0,0,0,0,1,1,0,1,NAVY,NAVY,,,,
162577,Ben Purvis,G,0,,2026,237,70.6,79.7,,71.5,68,0,1,0,17,0,0,48,65,17,48,NAVY,NAVY,,,,39.2
162579,Shane Reynolds,HB,0,,2026,237,63.7,67.1,,57.9,37,0,1,0,0,0,1,2,3,0,3,NAVY,NAVY,62.5,,63,
162587,Alex Tecza,HB,0,2026,2026,237,71.1,79.2,61.4,47.1,46,0,1,0,9,6,16,26,57,15,42,NAVY,NAVY,75.5,,74.7,77.7
162627,Carl Chester,WR,0,,2026,296,55.8,78.1,53.8,76.3,07,0,1,0,1,47,0,27,75,48,27,SO MISS,SO MISS,61,,,61.9
162638,Jackson Barker,LB,0,,2027,156,60,60,,60,D01,0,1,0,0,0,0,1,1,0,1,E CAROLINA,E CAROLINA,61.9,,,
162642,Marlon Gunn Jr.,HB,0,,2026,156,67.9,74.9,30.3,59,21,0,1,0,5,10,19,3,37,15,22,E CAROLINA,E CAROLINA,76.5,,71.6,63.4
162652,Emmanuel Kojo Poku,G,0,,2027,156,53.8,78.6,,49.1,69,0,1,0,23,0,0,41,64,23,41,E CAROLINA,E CAROLINA,,,,85.5
162657,Cam Barfield,HB,0,,2028,180,65.3,74.3,71.4,57.8,00,0,1,0,7,10,5,3,25,17,8,HAWAII,HAWAII,22.4,,65.5,34.3
162688,Chapman Pendergrass,C,0,,2030,140,60,60,,,94,0,1,0,1,0,0,0,1,1,0,CLEMSON,CLEMSON,,,,63.8
162694,Matt Craycraft,C,0,,2027,154,68.5,80.6,,61,72,0,1,0,57,0,0,32,89,57,32,DUKE,DUKE,,,,86.3
162696,Jeremiah Hasley,TE,0,,2027,154,64.1,79.4,63.6,58.3,85,0,1,0,18,37,0,30,85,55,30,DUKE,DUKE,66.2,,,74.2
162702,Jake Taylor,TE,0,,2027,154,50.1,74.4,52.8,58.6,15,0,1,0,5,7,0,7,19,12,7,DUKE,DUKE,,,,39.3
162732,Anez Cooper,G,0,2026,2026,220,62.5,78.5,,58.4,73,0,1,0,31,0,0,29,60,31,29,MIAMI FL,MIAMI FL,,,,79.5
162735,Isaiah Horton,WR,0,,2027,103,57.7,77.5,58.2,54.4,01,0,1,0,0,27,0,6,33,27,6,ALABAMA,ALABAMA,62.9,,,
162736,Matthew McCoy,G,0,,2027,220,56.4,77.1,,55.9,78,0,1,0,17,0,0,19,36,17,19,MIAMI FL,MIAMI FL,,,,51.8
162739,Colbie Young,WR,0,2026,2026,173,72.5,76.3,71.4,60.4,08,0,1,0,0,23,0,8,31,23,8,GEORGIA,GEORGIA,65,,,
162741,Tychaun Chapman,WR,0,,2027,296,65.5,76.8,64.8,61.7,02,0,1,0,1,32,0,11,44,33,11,SO MISS,SO MISS,64.1,,,62.1
162790,Coltin Deery,C,0,,2026,305,59.1,0,,64.4,51,2,1,0,47,0,0,26,73,47,26,TCU,TCU,,,,68.4
162815,Andrew Gentry,T,0,,2027,128,66.9,76.6,,61.3,75,0,1,0,44,0,0,22,66,44,22,BYU,BYU,,,,73.3
162818,Marlin Klein,TE,0,2026,2026,222,73,77.3,70.8,66.9,17,0,1,0,1,24,0,9,34,25,9,MICHIGAN,MICHIGAN,65,,,63.5
162842,Nick Herzog,G,0,,2027,256,52,73.7,,52.3,74,0,1,0,9,0,0,6,15,9,6,NWESTERN,NWESTERN,,,,43.8
162846,Deuce McGuire,T,0,,2027,256,60,71.9,,56,73,0,1,0,10,0,0,7,17,10,7,NWESTERN,NWESTERN,,,,71
162855,Blake Van Buren,TE,0,,2027,256,47.3,72.2,,44.5,83,0,1,0,5,0,0,10,15,5,10,NWESTERN,NWESTERN,,,,71.1
162867,Carson Hinzman,C,0,,2027,260,69,79.1,,65,75,0,1,0,41,0,0,19,60,41,19,OHIO STATE,OHIO STATE,,,,75.6
162884,Max Klare,TE,0,2026,2026,260,54.2,79.2,48.4,70.8,86,0,1,0,3,35,0,13,51,38,13,OHIO STATE,OHIO STATE,,,,71.3
162946,JaDarious Lee,T,0,,2027,200,37.8,77.2,,37.2,56,0,1,0,41,0,0,28,69,41,28,KENNESAW,KENNESAW,,,,40.6
162957,Marlion Jackson,WR,0,,2027,208,63.3,0,66.6,61.2,18,1,1,0,0,18,1,20,39,18,21,LA TECH,LA TECH,12.6,,59.5,
162988,Micah Barnett,TE,0,,2026,275,46.1,75.3,48.4,49.9,49,0,1,0,3,12,0,32,47,15,32,RICE,RICE,,,,71.4
162991,Miguel Cedeno,T,0,,2027,166,49.4,76.1,,68.8,75,0,1,0,44,0,0,14,58,44,14,FIU,FIU,,,,20.4
163001,Quinton Jackson,HB,0,,2027,275,63.6,76.2,56.5,58,10,0,1,4,1,5,15,8,33,10,23,RICE,RICE,75,63.2,64.8,72.7
163007,Alex Scherle,TE,0,,2027,275,52.6,66.6,51.7,60,87,0,1,0,0,3,0,1,4,3,1,RICE,RICE,,,,
163045,K.D. Hutchinson,WR,0,,2027,346,56,76.8,56.1,60,02,0,1,0,0,27,0,10,37,27,10,W KENTUCKY,W KENTUCKY,65.7,,,
163098,Taran Tyo,G,0,,2027,138,71.5,78.8,,69.2,77,0,1,0,27,0,0,33,60,27,33,CINCINNATI,CINCINNATI,,,,85.1
163121,DeCorion Temple,TE,0,,2028,134,53,75.4,51.1,61.5,08,0,1,0,5,22,0,16,43,27,16,C MICHIGAN,C MICHIGAN,62.9,,,39.2
163156,Junior Vandeross III,WR,0,,2026,316,66.1,78.7,66.7,53.7,02,0,1,0,0,41,0,25,66,41,25,TOLEDO,TOLEDO,66.7,,,
163158,Jalen Buckley,HB,0,,2027,347,88.8,71.5,58.9,,06,0,1,0,2,2,8,0,12,4,8,W MICHIGAN,W MICHIGAN,71.9,,84.2,70.5
163175,Tanner Bivins,C,0,,2026,114,76.1,72.4,,74,54,0,1,0,1,0,0,8,9,1,8,ARMY,ARMY,,,,70.3
163176,Ned Brady,T,0,,2026,114,51.4,69.9,,57.6,73,0,1,0,1,0,0,8,9,1,8,ARMY,ARMY,,,,0
163179,Dewayne Coleman,QB,0,,2026,114,56,69.8,,60,10,0,1,1,0,0,1,7,9,1,8,ARMY,ARMY,63.7,46.8,63.1,
163213,Hayden Reed,HB,0,,2026,114,70.1,70.6,,76.7,08,0,1,0,0,0,0,9,9,0,9,ARMY,ARMY,,,,
163220,Noah Short,HB,0,2026,2026,114,91.4,77.3,94.8,64.3,15,0,1,0,0,11,5,30,46,11,35,ARMY,ARMY,71,,63.1,
163251,Parker Kingston,WR,0,,2027,128,64.3,77,66.9,43.6,11,0,1,1,0,35,3,13,52,36,16,BYU,BYU,71.6,54.8,60.8,
163253,Trevin Ostler,G,0,,2027,128,60.5,68.8,,59,95,0,1,0,3,0,0,4,7,3,4,BYU,BYU,,,,66.9
163277,Max Ware,WR,0,,2028,180,55.7,73.3,56,60,07,0,1,0,0,10,0,4,14,10,4,HAWAII,HAWAII,61,,,
163288,Bryce Boettcher,LB,0,2026,2026,264,60,60,,,D28,0,1,0,1,0,0,0,1,1,0,OREGON,OREGON,,,,63.8
163294,Dave Iuli,G,0,,2027,264,61.1,79.5,,58.8,74,0,1,0,41,0,0,37,78,41,37,OREGON,OREGON,,,,66.3
163302,Kawika Rogers,G,0,,2027,264,59.5,69.4,,59.4,73,0,1,0,0,0,0,4,4,0,4,OREGON,OREGON,,,,
163362,Christian Washington,HB,0,,2028,284,66.9,75.7,79.8,58,23,0,1,0,11,17,10,6,44,28,16,S DIEGO ST,S DIEGO ST,26.2,,63.8,44.5
163374,Roger Carreon,G,0,,2027,120,61.3,74,,63.9,62,0,1,0,8,0,0,7,15,8,7,BOISE ST,BOISE ST,,,,35.2
163379,Maddux Madsen,QB,0,,2027,120,44.6,74.2,,60,04,0,1,20,0,0,0,12,32,20,12,BOISE ST,BOISE ST,67.1,43.3,57.5,
163393,Nathan Acevedo,WR,0,,2028,284,58.9,77,59,60,13,0,1,0,0,27,1,24,52,27,25,S DIEGO ST,S DIEGO ST,71.2,,59.5,
163398,Josiah Freeman,WR,0,,2028,169,79.9,77.8,77.8,61.9,05,0,1,0,0,25,1,18,44,25,19,FRESNO ST,FRESNO ST,67.8,,63.4,
163404,Joshua Johnson,WR,0,,2027,169,60,68.1,,60,82,0,1,0,0,0,0,4,4,0,4,FRESNO ST,FRESNO ST,,,,
163408,Jalen Moss,WR,0,,2027,110,66,79,65.7,60.1,18,0,1,0,0,35,0,30,65,35,30,ARIZONA ST,ARIZONA ST,13.7,,,
163415,Jacob Spomer,C,0,2026,2026,169,66.2,80,,63.4,69,0,1,0,29,0,0,46,75,29,46,FRESNO ST,FRESNO ST,,,,69.9
163424,Teague Andersen,T,0,,2027,248,58,75.9,,44.9,54,0,1,0,31,0,0,24,55,31,24,NC STATE,NC STATE,,,,84
163425,Robert Briggs,HB,0,,2027,296,70,73.3,55,60,14,0,1,0,4,10,5,1,20,14,6,SO MISS,SO MISS,69.7,,71.4,77.4
163544,Maarten Woudsma,G,0,,2027,263,68.1,79.6,,65.5,55,0,1,0,35,0,0,46,81,35,46,DOMINION,DOMINION,,,,80.5
163558,Davis Dalton,WR,0,,2027,296,56.8,67.5,57.9,60,11,0,1,0,0,2,0,1,3,2,1,SO MISS,SO MISS,,,,
163571,Tyler Cappi,C,0,,2027,318,57.3,79.3,,55.5,65,0,1,0,41,0,0,21,62,41,21,TROY,TROY,,,,60.5
163572,DJ Epps,WR,0,,2027,318,53.5,78.3,54.9,46,18,0,1,0,1,39,0,19,59,40,19,TROY,TROY,66.7,,,63.1
163576,Fabian Rogosch,TE,0,,2027,318,60.7,67.1,,59.8,85,0,1,0,1,0,0,3,4,1,3,TROY,TROY,,,,67.4
163599,Miles Kitselman,TE,0,2026,2026,307,63.5,74.4,55.6,72.4,87,0,1,0,2,9,0,11,22,11,11,TENNESSEE,TENNESSEE,61,,,66.3
163611,Elijah Pritchett,T,0,,2028,238,75.8,77.2,,67.5,57,0,1,0,38,0,0,29,67,38,29,NEBRASKA,NEBRASKA,,,,89.5
163635,Patrick Kutas,G,0,,2027,226,52.8,79.3,,57.6,75,0,1,0,47,0,0,28,75,47,28,OLE MISS,OLE MISS,,,,25.2
163638,Sam Mbake,WR,0,,2027,108,54.6,76.1,52.4,76,03,0,1,0,0,21,0,16,37,21,16,APP STATE,APP STATE,61,,,
163666,Larry Simmons,WR,0,,2028,328,62.2,75.5,61.7,61.1,12,0,1,0,0,12,0,17,29,12,17,UTAH,UTAH,61,,,
163681,Mojo Dortch,WR,0,,2027,318,53.4,73.2,53.7,61.1,05,0,1,0,0,12,0,6,18,12,6,TROY,TROY,,,,
163697,Zavion Thomas,WR,0,2026,2026,211,61.4,76.3,57.3,55.8,00,0,1,0,0,28,2,9,39,28,11,LSU,LSU,68.5,,69.3,
163715,Richie Hoskins,WR,0,,2026,333,54,76.9,54.2,57.9,05,0,1,0,0,45,0,8,53,45,8,VANDERBILT,VANDERBILT,62.9,,,
163726,Nick Rinaldi,LB,0,,2027,333,60,71.8,,60,D24,0,1,0,0,0,0,1,1,0,1,VANDERBILT,VANDERBILT,,,,
163727,Cole Spence,TE,0,,2027,333,57,79.8,59.5,46.1,16,0,1,0,7,40,0,10,57,47,10,VANDERBILT,VANDERBILT,64.1,,,70.7
163734,Dillon Bell,WR,0,2026,2026,173,50.9,77.5,50.8,58.5,86,0,1,1,0,28,0,19,48,29,19,GEORGIA,GEORGIA,60.3,60,,
163753,Cole Speer,WR,0,,2026,173,60,64.1,,60,83,0,1,0,0,0,0,1,1,0,1,GEORGIA,GEORGIA,,,,
163779,Barion Brown,WR,0,2026,2026,211,68.7,74.5,67.7,59.7,06,0,1,0,0,13,0,4,17,13,4,LSU,LSU,65.8,,,
163781,Brandon White,WR,0,,2027,180,57.1,77.8,56.9,61.4,01,0,1,0,0,39,0,10,49,39,10,HAWAII,HAWAII,61,,,
163785,Dylan Gary,WR,0,,2028,174,78.4,69.6,74.2,59.4,13,0,1,0,0,1,0,4,5,1,4,GA SOUTHRN,GA SOUTHRN,61,,,
163844,DJ Campbell,G,0,2026,2026,311,60.1,8.4,,63.3,52,2,1,0,45,0,0,27,72,45,27,TEXAS,TEXAS,,,,64.3
163854,Quinn Merritt,WR,0,,2026,311,60,63.8,,60,36,0,1,0,0,0,0,1,1,0,1,TEXAS,TEXAS,,,,
163855,Colin Page,HB,0,,2027,311,60,63.3,,60,27,0,1,0,0,0,0,1,1,0,1,TEXAS,TEXAS,,,,
163858,Connor Robertson,C,1,,2027,311,59.9,6.6,,61,62,2,1,0,45,0,0,27,72,45,27,TEXAS,TEXAS,,,,67.4
163865,Brenen Thompson,WR,0,2026,2026,227,77.1,79.3,76.7,61,00,0,1,0,0,28,0,25,53,28,25,MISS STATE,MISS STATE,73.7,,,
163958,Carter Lambert,WR,0,,2027,196,58,64.9,57.7,,29,0,1,0,0,1,0,0,1,1,0,JVILLE ST,JVILLE ST,,,,
163992,Nathanial Eichner,K,1,,2027,263,60,0,,,S93,1,1,0,1,0,0,0,1,1,0,DOMINION,DOMINION,,,,63.8
164014,Gerard Bullock Jr.,TE,1,,2027,200,46.5,80.4,52.3,46.5,17,2,1,0,21,20,0,29,70,41,29,KENNESAW,KENNESAW,61,,,40.8
164058,Sam Benjamin,DI,0,,2026,284,60,60,,,D90,1,1,0,1,0,0,0,1,1,0,S DIEGO ST,S DIEGO ST,,,,60.9
164122,Jordon Jones,T,0,,2027,259,68.5,75.1,,65.5,55,0,1,0,11,0,0,33,44,11,33,OHIO,OHIO,,,,75.8
164131,Kam Wright,G,0,,2027,259,58,74.5,,56.5,67,0,1,0,5,0,0,13,18,5,13,OHIO,OHIO,,,,74.3
164145,Jonathan Harder,G,0,,2028,316,59.2,80.3,,55.2,73,0,1,0,42,0,0,30,72,42,30,TOLEDO,TOLEDO,,,,71.3
164162,Jerry Cross,TE,0,,2027,218,89.6,68.4,74.2,64.7,88,0,1,0,0,1,0,2,3,1,2,MEMPHIS,MEMPHIS,61,,,
164168,Omari Evans,WR,0,2026,2026,340,61.6,75.3,61.2,60.3,05,1,1,0,0,19,0,6,25,19,6,WASHINGTON,WASHINGTON,65,,,
164176,Tyler Johnson,WR,0,,2027,156,59,67.3,60,60,13,0,1,0,0,1,0,1,2,1,1,E CAROLINA,E CAROLINA,,,,
164183,Dominic Rulli,C,0,,2027,266,71.9,80.1,,68.1,52,0,1,0,38,0,0,40,78,38,40,PENN STATE,PENN STATE,,,,74.4
164410,Chase Belcher,HB,0,,2026,200,89.8,74.7,73.5,59.9,04,0,1,0,9,10,16,2,37,19,18,KENNESAW,KENNESAW,75.6,,88.1,81
164486,Keayen Nead,TE,0,,2028,128,63,73.7,54.7,80.6,45,0,1,0,3,5,0,6,14,8,6,BYU,BYU,,,,23.4
164493,Angel Flores,QB,0,,2028,134,55.1,68.1,,,07,0,1,2,0,0,3,0,5,2,3,C MICHIGAN,C MICHIGAN,14.7,58.9,57.2,
164536,Steven Demboski,C,0,,2027,151,68.3,79.2,,63.7,61,0,1,0,34,0,0,27,61,34,27,DELAWARE,DELAWARE,,,,79.2
164548,Elijah Sessoms,TE,0,,2027,151,43,77.7,51.5,37.2,88,0,1,0,8,19,0,18,45,27,18,DELAWARE,DELAWARE,,,,72.4
164549,Jo Silver,HB,0,,2027,151,71.4,75.9,55.5,59.9,27,0,1,0,5,14,14,2,35,19,16,DELAWARE,DELAWARE,74.8,,73.4,57.3
164802,Cash Hudson,C,0,,2027,230,67,8.2,,66.6,71,1,1,0,52,0,0,24,76,52,24,MO STATE,MO STATE,,,,76.6
164803,Connor Lair,FB,0,,2027,230,57.8,66.6,58.9,60,40,0,1,0,0,2,0,1,3,2,1,MO STATE,MO STATE,,,,
164812,Jmariyae Robinson,WR,0,,2027,230,73.2,0,74.4,61,00,1,1,0,0,34,0,10,44,34,10,MO STATE,MO STATE,67.6,,,
164827,Joe Cotton,T,0,,2027,138,70,15.7,,73.8,74,1,1,0,27,0,0,33,60,27,33,CINCINNATI,CINCINNATI,,,,66.7
164839,Jordan Larsen,G,1,,2027,154,65.8,80.9,,61.5,64,1,1,0,57,0,0,32,89,57,32,DUKE,DUKE,,,,80.6
165355,Chad Staley,C,0,,2026,166,56.2,69.3,,54.2,54,0,1,0,1,0,0,4,5,1,4,FIU,FIU,,,,65.4
165441,Tray Franklin,T,0,,2027,141,49,76.6,,43,56,0,1,0,45,0,0,18,63,45,18,COAST CAR,COAST CAR,,,,55
166392,Tre Averhart,WR,0,,2026,208,58.7,73.6,54.7,73.6,06,0,1,0,0,8,0,17,25,8,17,LA TECH,LA TECH,,,,
166543,Censere Lee,WR,0,,2027,268,50.3,78,52.4,45.2,11,0,1,0,0,29,0,14,43,29,14,PITTSBURGH,PITTSBURGH,61,,,
166787,Moussa Barry,WR,0,,2027,346,62,77.7,58.9,82.7,03,0,1,0,0,45,0,24,69,45,24,W KENTUCKY,W KENTUCKY,62.9,,,
166993,Chris Hunter III,WR,0,,2027,109,56.9,76.7,56.8,61.4,11,0,1,0,0,31,0,12,43,31,12,ARIZONA,ARIZONA,62.9,,,
167085,Ashanti Cole,G,1,,2027,208,57.5,6.3,,57.7,79,2,1,0,27,0,0,43,70,27,43,LA TECH,LA TECH,,,,79.9
167108,Melvin Priestly,T,0,2026,2026,187,73.3,21.6,,73.3,58,1,1,0,39,0,0,34,73,39,34,ILLINOIS,ILLINOIS,,,,81.8
168551,Antonio Meeks,WR,0,,2027,210,66,76.9,65.8,60.2,15,0,1,0,0,26,0,25,51,26,25,LOUISVILLE,LOUISVILLE,64.1,,,
168593,Emeka Obigbo,G,0,,2026,314,60.6,80,,54.9,65,0,1,0,36,0,0,33,69,36,33,TEXAS ST,TEXAS ST,,,,87
169053,Nick Cenacle,WR,0,,2026,180,65.8,79.1,65.2,61.3,03,0,1,0,0,41,0,10,51,41,10,HAWAII,HAWAII,67.1,,,
169178,Mel Brown,HB,0,,2027,146,66.3,73.1,54.6,60,07,0,1,0,0,7,6,1,14,7,7,UCONN,UCONN,72.3,,67.8,
169698,Malik Benson,WR,0,2026,2026,264,61.7,78.3,63.5,44.7,04,0,1,0,0,33,0,27,60,33,27,OREGON,OREGON,71.8,,,
169904,Jordan Church,G,1,,2028,210,65.8,0,,73.2,74,1,1,0,29,0,0,35,64,29,35,LOUISVILLE,LOUISVILLE,,,,46.7
169936,Marcello Bussey,WR,0,,2026,218,70.5,77.7,69.7,60.8,06,0,1,0,0,21,0,14,35,21,14,MEMPHIS,MEMPHIS,65,,,
169952,Parker Peterson,T,0,,2027,218,60,65.8,,66.7,77,0,1,0,0,0,0,2,2,0,2,MEMPHIS,MEMPHIS,,,,
169953,Christian Ross,TE,0,,2028,218,46.3,75.5,53,43,15,0,1,0,3,15,0,13,31,18,13,MEMPHIS,MEMPHIS,61,,,68.3
169959,Nathan Kirkwood,K,0,,2026,237,60,60,,60,S17,0,1,0,0,0,0,1,1,0,1,NAVY,NAVY,,,,
169975,Trey Cornist,HB,0,,2028,134,77.2,72.8,55.6,71.9,06,0,1,0,2,9,11,2,24,11,13,C MICHIGAN,C MICHIGAN,73.5,,75.1,76.4
169984,Darian Mensah,QB,0,,2028,154,63.2,78,,60,10,0,1,57,0,0,3,29,89,57,32,DUKE,DUKE,43.6,66.2,46.2,
169989,Hunter Summers,WR,0,,2028,113,59.1,0,62.3,56.5,03,1,1,0,0,22,0,11,33,22,11,ARK STATE,ARK STATE,61,,,
169995,Evan Dangler,TE,0,,2027,327,60.4,66.9,,59.9,47,0,1,0,1,0,0,3,4,1,3,USF,USF,,,,63.8
169998,Nikola Milovac,T,0,,2028,200,60.9,76.8,,57.8,76,0,1,0,41,0,0,28,69,41,28,KENNESAW,KENNESAW,,,,64.1
169999,Cole Skinner,G,1,,2028,327,67.4,8.2,,69.9,56,2,1,0,48,0,0,27,75,48,27,USF,USF,,,,77.9
170002,Rob Billings IV,S,0,,2028,140,60,60,,,D14,0,1,0,1,0,0,0,1,1,0,CLEMSON,CLEMSON,,,,63.8
170003,Tyler Brown,WR,0,,2028,140,53.3,77.6,52.3,54.4,06,0,1,0,0,44,1,19,64,44,20,CLEMSON,CLEMSON,66,,63.1,
170009,Ronan Hanafin,S,0,,2028,140,58,64.9,57.7,,D05,0,1,0,0,1,0,0,1,1,0,CLEMSON,CLEMSON,,,,
170020,Zack Owens,G,0,,2027,227,47.7,78.5,,41.1,52,0,1,0,26,0,0,19,45,26,19,MISS STATE,MISS STATE,,,,67.1
170024,Harris Sewell,G,0,,2028,140,56.4,78.9,,52.8,55,0,1,0,46,0,0,20,66,46,20,CLEMSON,CLEMSON,,,,59.8
170038,Tony Boggs,TE,0,,2028,154,57.2,70.6,,56.9,46,0,1,0,1,0,0,8,9,1,8,DUKE,DUKE,,,,64.4
170039,Vance Bolyard,TE,0,,2028,154,60,65.7,,60,80,0,1,0,0,0,0,2,2,0,2,DUKE,DUKE,,,,
170041,Que'Sean Brown,WR,0,,2028,154,69.8,76.9,72.8,34.3,07,0,1,0,0,43,0,13,56,43,13,DUKE,DUKE,69.4,,,
170044,Caleb Dorris,T,0,,2028,154,60,64.1,,,66,0,1,0,1,0,0,0,1,1,0,DUKE,DUKE,,,,0
170073,Ethan Mackenny,T,0,,2028,176,62.7,77.3,,51.6,78,0,1,0,43,0,0,24,67,43,24,GA TECH,GA TECH,,,,80.9
170076,Patrick Screws Jr.,T,0,,2028,318,67.1,76.4,,58.8,72,0,1,0,41,0,0,21,62,41,21,TROY,TROY,,,,78.4
170079,Zion Taylor,WR,0,,2028,176,53.3,74.8,53.6,59.1,09,0,1,0,0,13,0,8,21,13,8,GA TECH,GA TECH,,,,
170088,Francis Mauigoa,T,0,2026,2026,220,75.5,76.4,,71.8,61,0,1,0,33,0,0,30,63,33,30,MIAMI FL,MIAMI FL,,,,77.1
170089,Samson Okunlola,G,0,,2028,220,80,77.2,,81.1,63,0,1,0,19,0,0,14,33,19,14,MIAMI FL,MIAMI FL,,,,83.4
170096,Robby Washington,WR,0,,2028,141,60.8,75.7,60.5,60.3,01,0,1,0,0,22,0,7,29,22,7,COAST CAR,COAST CAR,13.7,,,
170107,Tad Hudson,QB,0,,2028,141,65.3,29.1,,60,12,2,1,54,0,0,0,24,78,54,24,COAST CAR,COAST CAR,69.8,65.9,,
170126,Caleb Williams,HB,0,,2028,268,53.8,66.1,,,30,0,1,0,1,0,2,0,3,1,2,PITTSBURGH,PITTSBURGH,65.5,,55,72.2
170127,BJ Williams,G,0,,2028,268,69.3,79.6,,66.9,55,0,1,0,50,0,0,32,82,50,32,PITTSBURGH,PITTSBURGH,,,,79.7
170131,Anthony Colandrea,QB,0,,2028,325,61.6,77.2,,59.9,10,0,1,37,0,0,5,20,62,37,25,UNLV,UNLV,35.8,56.9,68.5,
170151,Dayton Howard,WR,0,,2028,192,54.3,76.9,54.5,56.6,07,0,1,0,0,16,0,20,36,16,20,IOWA,IOWA,61,,,
170156,Hayden Large,TE,0,2026,2026,192,60,69.1,,60,88,0,1,0,0,0,0,5,5,0,5,IOWA,IOWA,,,,
170157,Trevor Lauck,T,0,,2028,192,50.1,15.7,,53.2,59,1,1,0,25,0,0,37,62,25,37,IOWA,IOWA,,,,58.7
170168,Kamari Moulton,HB,0,,2028,192,76.1,76.5,59.5,58.3,28,0,1,0,3,10,15,3,31,13,18,IOWA,IOWA,75.2,,78.1,12.3
170170,Kade Pieper,G,0,,2028,192,64.7,78.8,,64.5,58,0,1,0,25,0,0,37,62,25,37,IOWA,IOWA,,,,60.5
170177,Rusty VanWetzinga IV,TE,0,,2028,134,31.7,73.4,56.2,33.3,41,0,1,0,2,3,0,11,16,5,11,C MICHIGAN,C MICHIGAN,,,,70
170183,Ezekiel Avit,WR,0,,2029,169,64.9,77.3,64.5,60.6,84,0,1,0,0,19,0,17,36,19,17,FRESNO ST,FRESNO ST,64.1,,,
170210,Tamarus Walker,G,0,,2028,146,54.6,73.3,,60,56,0,1,0,9,0,0,2,11,9,2,UCONN,UCONN,,,,59.8
170224,Cayden Echternach,TE,0,,2028,238,60,63.6,,60,48,0,1,0,0,0,0,1,1,0,1,NEBRASKA,NEBRASKA,,,,
170228,Kwinten Ives,HB,0,,2029,238,74.5,71.4,57.4,58.5,28,0,1,0,3,3,4,3,13,6,7,NEBRASKA,NEBRASKA,68.6,,74.3,78.7
170241,Sam Sledge,G,0,,2029,238,51.8,75.5,,45.4,62,0,1,0,14,0,0,11,25,14,11,NEBRASKA,NEBRASKA,,,,82.3
170255,Brandon Inniss,WR,0,,2028,260,67.4,74.7,66.6,60.7,01,0,1,0,0,29,0,5,34,29,5,OHIO STATE,OHIO STATE,67.3,,,
170261,Luke Montgomery,G,0,,2028,260,58.9,79.4,,62.5,51,0,1,0,41,0,0,19,60,41,19,OHIO STATE,OHIO STATE,,,,39.7
170263,Joshua Padilla,G,0,,2028,260,57.6,77.3,,56,62,0,1,0,28,0,0,14,42,28,14,OHIO STATE,OHIO STATE,,,,57.1
170266,Noah Rogers,WR,0,,2028,248,71.3,76,68.4,79.8,05,0,1,0,0,20,0,16,36,20,16,NC STATE,NC STATE,62.9,,,
170269,Austin Siereveld,T,0,,2028,260,48.3,74,,80.9,67,0,1,0,23,0,0,6,29,23,6,OHIO STATE,OHIO STATE,,,,0
170273,Carnell Tate,WR,0,2026,2026,260,56.5,78.4,56.7,53.9,17,0,1,0,0,40,0,19,59,40,19,OHIO STATE,OHIO STATE,64.1,,,
170281,Anthony Donkoh,G,0,,2028,266,69.2,77.1,,68,68,0,1,0,38,0,0,36,74,38,36,PENN STATE,PENN STATE,,,,64.2
170294,Andrew Rappleyea,TE,0,,2028,266,60.1,78.5,64.4,54.6,87,0,1,0,6,23,0,37,66,29,37,PENN STATE,PENN STATE,66.2,,,58.3
170339,Destyn Hill,WR,0,,2028,211,55.8,71.2,56.4,59.8,02,0,1,0,0,4,0,4,8,4,4,LSU,LSU,,,,
170372,Rico Jackson,G,0,,2028,248,52.9,79,,46.3,64,0,1,0,36,0,0,29,65,36,29,NC STATE,NC STATE,,,,73
170378,Kendrick Raphael,HB,0,,2028,130,62.3,78.2,58.3,58.2,01,0,1,0,7,38,19,5,69,45,24,CAL,CAL,33.3,,63.4,64.2
170381,Lex Thomas,QB,0,,2029,248,61.2,65.9,,60,02,0,1,1,0,0,0,2,3,1,2,NC STATE,NC STATE,60.3,60.6,,
170395,Matthew Lusardi,TE,0,,2027,339,60,65.3,,60,48,0,1,0,0,0,0,2,2,0,2,WAKE,WAKE,,,,
170403,Keyone Jenkins,QB,0,,2028,166,56.7,72.5,,60,01,0,1,15,0,0,0,4,19,15,4,FIU,FIU,66.4,58.5,57.3,
170405,Mykeal Rabess,T,0,,2028,166,67.7,72.2,,60.5,70,0,1,0,16,0,0,3,19,16,3,FIU,FIU,,,,80.5
170414,Caden Creel,QB,0,,2028,196,65.4,76.7,60,60,12,0,1,29,0,1,5,30,65,30,35,JVILLE ST,JVILLE ST,30.5,68.4,56.3,
170422,Cam Griffin,G,0,,2028,196,60.2,76.5,,57.5,60,0,1,0,30,0,0,35,65,30,35,JVILLE ST,JVILLE ST,,,,64.7
170433,Colton Pitchford,WR,0,,2028,196,60,65,,,82,0,1,0,1,0,0,0,1,1,0,JVILLE ST,JVILLE ST,,,,63.8
170451,Roy Brackins III,G,0,,2028,208,47.1,0,,53,60,3,1,0,26,0,0,43,69,26,43,LA TECH,LA TECH,,,,86.4
170453,Hayden Christman,T,0,,2028,208,58.2,77.6,,57.2,72,0,1,0,27,0,0,43,70,27,43,LA TECH,LA TECH,,,,57.2
170458,Eli Finley,TE,0,,2028,208,48.4,2.7,54.2,51.8,84,1,1,0,7,20,0,43,70,27,43,LA TECH,LA TECH,62.9,,,57.5
170470,Troy Smith III,T,0,,2028,208,88.5,70.4,,80.9,52,0,1,0,1,0,0,5,6,1,5,LA TECH,LA TECH,,,,63.9
170649,Brady Norton,T,1,,2028,222,50.7,25.9,,67.4,70,2,1,0,56,0,0,30,86,56,30,MICHIGAN,MICHIGAN,,,,29.4
170755,Isaac Perez,G,0,,2028,109,60,63,,60,79,0,1,0,0,0,0,1,1,0,1,ARIZONA,ARIZONA,,,,
170765,Carson Conklin,QB,0,,2029,169,62.3,68.1,,60,17,0,1,0,0,0,3,2,5,0,5,FRESNO ST,FRESNO ST,67.3,,60.8,
170956,Henry Appleton,T,0,,2028,114,90.4,76.7,,86.9,58,0,1,0,12,0,0,45,57,12,45,ARMY,ARMY,,,,67.8
170958,Lloyd Benson III,WR,0,,2028,114,59.6,68.2,60,59.3,23,0,1,0,0,1,0,5,6,1,5,ARMY,ARMY,69,,,
170967,David Clerk,FB,0,,2028,114,71.2,68.1,89.5,60,26,0,1,0,0,1,0,3,4,1,3,ARMY,ARMY,61,,,
170976,Paolo Gennarelli,G,1,,2028,114,66.8,78.2,,67.1,71,1,1,0,11,0,0,44,55,11,44,ARMY,ARMY,,,,41.5
170981,Cale Hellums,QB,0,,2028,114,68.4,76.1,,60,03,0,1,12,0,0,12,33,57,12,45,ARMY,ARMY,42.1,80.7,56.4,
170984,Samari Howard,FB,0,,2028,114,54.1,75.4,55.3,50.9,27,0,1,0,2,7,0,28,37,9,28,ARMY,ARMY,,,,71.8
170986,Tyler Lee,T,0,,2028,114,68.1,68.4,,70.2,56,0,1,0,0,0,0,4,4,0,4,ARMY,ARMY,,,,
170995,Brady Mott,HB,0,,2028,114,59.9,67.6,60,60,18,0,1,0,0,1,0,2,3,1,2,ARMY,ARMY,,,,
170999,Tobi Olawole,WR,0,,2028,114,64.9,75.2,54.4,71.9,11,0,1,0,0,4,0,24,28,4,24,ARMY,ARMY,,,,
171003,Kavon Pointer,WR,0,,2028,114,66.8,68,,68.5,89,0,1,0,0,0,0,4,4,0,4,ARMY,ARMY,,,,
171004,Parker Poloskey,TE,0,,2028,114,79.5,75.2,51.6,83.3,44,0,1,0,0,7,0,30,37,7,30,ARMY,ARMY,,,,
171009,Jake Rendina,HB,0,,2028,114,72.2,76.9,59.9,57.5,33,0,1,0,3,1,13,10,27,4,23,ARMY,ARMY,26.1,,71.1,74.5
171015,Brady Small,C,0,,2028,114,67.9,78.9,,64.6,51,0,1,0,12,0,0,45,57,12,45,ARMY,ARMY,,,,77.8
171016,Carson Smith,HB,0,,2028,114,76.2,75.2,59.8,59.1,34,0,1,0,4,1,10,5,20,5,15,ARMY,ARMY,73.1,,73.8,76
171020,Kurt Thompson,WR,0,,2028,114,60.1,68.8,,60,83,0,1,0,0,0,0,4,4,0,4,ARMY,ARMY,,,,
171030,Teddy Williams,T,0,,2028,114,84.5,75.9,,79.2,74,0,1,0,12,0,0,45,57,12,45,ARMY,ARMY,,,,77.5
171037,Nader Chirchi,TE,0,,2028,146,70.7,76.1,55.5,75.2,88,0,1,0,9,4,0,20,33,13,20,UCONN,UCONN,,,,76.7
171048,Jackson Harper,WR,0,,2028,146,56.8,73.1,56.5,60.8,19,0,1,0,0,4,0,11,15,4,11,UCONN,UCONN,,,,
171051,Toriyan Johnson,T,0,,2028,146,58.4,76.1,,55.4,76,0,1,0,23,0,0,28,51,23,28,UCONN,UCONN,,,,68.2
171057,John Neider,WR,0,,2028,146,64.4,77.5,63.4,64.8,80,0,1,0,0,21,0,25,46,21,25,UCONN,UCONN,64.1,,,
171069,Shamarr Jackson,T,0,,2026,108,61.6,76.5,,61,55,0,1,0,33,0,0,31,64,33,31,APP STATE,APP STATE,,,,58.6
171096,Sam Pendleton,C,0,,2028,307,50.8,78.8,,49.5,56,0,1,0,26,0,0,29,55,26,29,TENNESSEE,TENNESSEE,,,,65.1
171221,Ryan Blum,C,0,,2028,134,45.2,75,,58.3,55,0,1,0,13,0,0,6,19,13,6,C MICHIGAN,C MICHIGAN,,,,8.4
171222,Jacob Booth,T,0,,2028,134,27.5,0,,53.7,69,2,1,0,17,0,0,19,36,17,19,C MICHIGAN,C MICHIGAN,,,,0
171271,Lynel Billups-Williams,WR,0,,2028,221,53.1,70.8,53.9,60,10,0,1,0,0,10,0,2,12,10,2,MIAMI OH,MIAMI OH,71.3,,,
171281,Andrew Lowry,T,0,,2028,221,62.5,75.1,,81.9,61,0,1,0,28,0,0,16,44,28,16,MIAMI OH,MIAMI OH,,,,16.2
171292,Greg Smith Jr.,G,0,,2028,221,58.5,79,,69.7,74,0,1,0,32,0,0,21,53,32,21,MIAMI OH,MIAMI OH,,,,12.8
171295,Cole Weaver,WR,0,,2028,221,57.2,78,56.7,63.3,84,0,1,0,0,31,0,21,52,31,21,MIAMI OH,MIAMI OH,62.9,,,
171348,Chase Hendricks,WR,0,,2028,259,90.6,77.6,90.3,69.4,07,0,1,0,0,18,0,42,60,18,42,OHIO,OHIO,67.7,,,
171367,Mason Williams,TE,0,,2028,259,65.6,77.2,67.6,54.6,85,0,1,0,5,6,0,31,42,11,31,OHIO,OHIO,62.9,,,71.7
171377,Stephen Gales,T,0,,2028,316,58,77.6,,51.4,65,0,1,0,42,0,0,30,72,42,30,TOLEDO,TOLEDO,,,,70.6
171386,Cole Rhett,T,0,,2028,316,64.1,74.7,65.1,64.5,74,1,1,0,21,0,0,17,38,21,17,TOLEDO,TOLEDO,60.9,,,52
171392,Connor Walendzak,HB,0,,2028,316,60,66,,59.5,24,0,1,0,0,0,0,2,2,0,2,TOLEDO,TOLEDO,,,,
171410,Brennan Wooten,TE,0,,2028,347,60,63.5,,60,89,0,1,0,0,0,0,1,1,0,1,W MICHIGAN,W MICHIGAN,,,,
171449,Ramone Green Jr.,HB,0,,2028,230,69.3,77.1,69.1,60,22,0,1,0,9,19,6,1,35,28,7,MO STATE,MO STATE,71,,69.1,67.4
171556,Devon Dampier,QB,0,,2028,328,91.1,77.9,,61.2,04,1,1,35,0,0,16,22,73,35,38,UTAH,UTAH,74.3,90.4,74.7,
171564,Devon Smith,T,0,,2026,346,60,66.9,,53.1,65,0,1,0,0,0,0,2,2,0,2,W KENTUCKY,W KENTUCKY,,,,
171574,Gabriel Plascencia,K,0,2026,2026,284,60,60,,,S11,0,1,0,1,0,0,0,1,1,0,S DIEGO ST,S DIEGO ST,,,,60.9
171689,Jaylen Bonelli,WR,0,,2028,113,56.1,0,59.1,79,10,2,1,0,0,19,0,10,29,19,10,ARK STATE,ARK STATE,73.6,,,
171862,Tyler Mustain,TE,0,,2028,109,60,63.6,,60,83,0,1,0,0,0,0,1,1,0,1,ARIZONA,ARIZONA,,,,
171870,Rhino Tapa'atoutai,T,0,,2028,109,58,78.2,,53.9,59,0,1,0,57,0,0,29,86,57,29,ARIZONA,ARIZONA,,,,61.5
171871,Dorian Thomas,TE,0,,2028,241,47.8,79.1,50.6,50.2,07,1,1,0,6,33,0,24,63,39,24,NEW MEXICO,NEW MEXICO,64.1,,,34.8
171888,Kyle Scott,G,0,,2026,110,58.1,77.9,,53.1,77,0,1,0,28,0,0,23,51,28,23,ARIZONA ST,ARIZONA ST,,,,78.6
171896,Isaiah Jatta,T,0,2026,2026,128,59.6,71.2,,67,71,0,1,0,9,0,0,3,12,9,3,BYU,BYU,,,,29
171919,Parker Cross,C,0,,2028,340,59.8,68.7,,59.2,54,0,1,0,0,0,0,3,3,0,3,WASHINGTON,WASHINGTON,,,,
171922,Soane Faasolo,T,0,,2028,340,59.5,66.9,,59,68,0,1,0,0,0,0,3,3,0,3,WASHINGTON,WASHINGTON,,,,
171925,Zach Henning,C,0,,2028,340,71,79.2,,65.7,58,0,1,0,41,0,0,20,61,41,20,WASHINGTON,WASHINGTON,,,,81.9
171932,Luke Luchini,WR,0,,2028,340,60,65.8,,59.8,31,0,1,0,0,0,0,2,2,0,2,WASHINGTON,WASHINGTON,,,,
171933,Taeshaun Lyons,WR,0,,2028,325,65,74.1,64.2,61.2,08,0,1,0,0,11,0,7,18,11,7,UNLV,UNLV,64.1,,,
171934,Austin Mack,QB,0,,2028,103,70.7,72.7,,60,10,0,1,21,0,0,0,1,22,21,1,ALABAMA,ALABAMA,67.1,69.9,62,
171939,Keith Reynolds,WR,0,,2028,221,65.8,75.6,54.7,61.1,00,0,1,0,2,19,4,7,32,21,11,MIAMI OH,MIAMI OH,69.9,,75.1,70.5
172187,Chauncy Cobb,WR,0,,2028,113,66.7,76.6,67.3,60.7,16,0,1,0,0,31,1,13,45,31,14,ARK STATE,ARK STATE,67.3,,59.5,
172200,Tyler Little,TE,0,,2028,113,74.9,75.4,52.4,83.4,87,0,1,0,6,9,0,13,28,15,13,ARK STATE,ARK STATE,,,,70.9
172201,Mason Myers,C,0,,2028,113,68.9,79.3,,68.7,52,0,1,0,38,0,0,24,62,38,24,ARK STATE,ARK STATE,,,,61.2
172203,Jaylen Raynor,QB,0,,2028,113,83.2,76.7,,60,01,0,1,38,0,0,5,19,62,38,24,ARK STATE,ARK STATE,71,84,58.5,
172250,Yamir Knight,WR,0,,2028,287,81.1,76.5,82.5,46,08,0,1,0,0,33,0,18,51,33,18,SMU,SMU,69.8,,,
172270,Jailen Butler,TE,0,,2027,263,47.3,0,50.4,55.7,09,1,1,0,2,20,0,19,41,22,19,DOMINION,DOMINION,,,,29.6
172286,Trey Lancaster,TE,0,,2026,263,60,66,,60,87,0,1,0,0,0,0,3,3,0,3,DOMINION,DOMINION,,,,
172287,TJ Lott,WR,0,,2028,263,58.5,65.8,59.7,60,00,0,1,0,0,1,0,1,2,1,1,DOMINION,DOMINION,,,,
172294,Devin Roche,HB,0,,2028,263,63.7,77.2,59.7,68.2,03,0,1,0,13,11,19,8,51,24,27,DOMINION,DOMINION,77.5,,64.4,36.6
172320,Bamidele Badusi,T,0,,2028,314,61,68.5,,61.7,75,0,1,0,0,0,0,5,5,0,5,TEXAS ST,TEXAS ST,,,,
172326,Chris Dawn Jr.,WR,0,,2028,314,67.5,79.8,66.8,63,01,0,1,0,0,35,0,28,63,35,28,TEXAS ST,TEXAS ST,20.5,,,
172327,Justin DeLeon,G,0,,2028,314,62.1,78.1,,56.7,66,0,1,0,31,0,0,23,54,31,23,TEXAS ST,TEXAS ST,,,,86.9
172336,Jake Simpson,TE,0,,2028,314,57.8,66.3,,56.8,80,0,1,0,0,0,0,3,3,0,3,TEXAS ST,TEXAS ST,,,,
172341,Tyler Bell,C,0,,2028,318,61.2,79.6,,57.3,73,0,1,0,41,0,0,21,62,41,21,TROY,TROY,,,,71
172347,Ethan Conner,TE,0,2026,2026,318,60.8,77.3,59.8,57.6,14,0,1,0,6,22,0,7,35,28,7,TROY,TROY,62.9,,,72.4
172356,Jordan Lovett,HB,0,,2028,318,57.7,75.3,42.5,58,01,0,1,0,11,23,8,4,46,34,12,TROY,TROY,72.1,,63.7,57.3
172372,Jackson Worley,TE,0,,2028,318,69.7,75.4,68.4,67.5,88,0,1,0,3,9,0,10,22,12,10,TROY,TROY,61,,,38.6
172376,Wilkin Formby,T,0,,2027,103,72.4,76.7,,72.3,75,0,1,0,27,0,0,9,36,27,9,ALABAMA,ALABAMA,,,,80.6
172378,Jaren Hamilton,WR,0,,2028,110,57.8,72.5,57.8,60.5,16,0,1,0,0,5,0,7,12,5,7,ARIZONA ST,ARIZONA ST,63.6,,,
172392,Kadyn Proctor,T,0,2026,2026,103,70.8,76,,53.8,74,0,1,0,41,0,0,9,50,41,9,ALABAMA,ALABAMA,,,,88.9
172446,Rod Elston,S,0,,2028,196,60,60,,,D06,0,1,0,1,0,0,0,1,1,0,JVILLE ST,JVILLE ST,,,,63.8
172467,Tyree Adams,T,0,,2028,211,52.2,8.7,,54.7,71,1,1,0,37,0,0,17,54,37,17,LSU,LSU,,,,60.1
172477,Lance Heard,T,0,,2028,307,69.1,76.3,,69.2,53,0,1,0,26,0,0,29,55,26,29,TENNESSEE,TENNESSEE,,,,60.3
172488,Paul Mubenga,G,0,,2029,211,51.8,78.1,,49.1,65,0,1,0,37,0,0,17,54,37,17,LSU,LSU,,,,49.4
172489,Kyle Parker,WR,0,,2028,211,71.4,76.5,69.5,75.4,12,0,1,0,0,32,0,15,47,32,15,LSU,LSU,66.7,,,
172494,Shelton Sampson Jr.,WR,0,,2028,207,61,78.1,60.6,60.9,06,0,1,0,0,35,0,19,54,35,19,LA LAFAYET,LA LAFAYET,64.1,,,
172521,Cayden Lee,WR,0,,2028,226,59.9,75.8,59.7,59.6,19,0,1,0,0,21,0,12,33,21,12,OLE MISS,OLE MISS,65,,,
172525,Kedrick Reescano,HB,0,,2028,109,65.2,69.4,64.8,59.8,03,0,1,0,2,2,2,2,8,4,4,ARIZONA,ARIZONA,66.3,,63,77.1
172527,Brycen Sanders,C,0,,2028,226,62.7,79.9,,61,62,0,1,0,47,0,0,28,75,47,28,OLE MISS,OLE MISS,,,,63.4
172531,Ayden Williams,WR,0,,2028,227,57.4,77.4,57,62.7,11,0,1,0,0,39,0,22,61,39,22,MISS STATE,MISS STATE,62.9,,,
172534,Luke Beard,LS,0,,2028,296,60,60,,60,S46,0,1,0,0,0,0,1,1,0,1,SO MISS,SO MISS,,,,
172552,Jeffery Pittman,HB,0,,2026,296,75.1,74.1,67.5,60,00,0,1,0,8,10,11,1,30,18,12,SO MISS,SO MISS,73.6,,73.4,83.7
172560,Creed Whittemore,WR,0,,2028,328,53.9,72.9,54.4,59.9,80,0,1,0,0,7,0,5,12,7,5,UTAH,UTAH,,,,
172597,TJ Shanahan Jr.,G,0,,2028,266,64.7,79.5,,61.7,54,0,1,0,38,0,0,40,78,38,40,PENN STATE,PENN STATE,,,,77.6
172605,Sedrick Alexander,HB,0,,2028,333,58.8,77.2,64.2,57.5,28,0,1,0,7,34,3,7,51,41,10,VANDERBILT,VANDERBILT,68.5,,55.8,40
172606,Ty Bartholomew,LB,0,,2028,333,60,60,,60,D45,0,1,0,0,0,0,1,1,0,1,VANDERBILT,VANDERBILT,,,,
172610,Gabe Fisher,TE,0,,2028,333,49,70.5,56.3,47.2,44,0,1,0,1,3,0,5,9,4,5,VANDERBILT,VANDERBILT,11.1,,,67.3
172616,London Humphreys,WR,0,,2028,173,44.2,77,49.1,34.3,16,0,1,0,0,20,0,13,33,20,13,GEORGIA,GEORGIA,,,,
172617,Kamrean Johnson,TE,0,,2028,339,77.9,77.7,74.2,65.9,12,0,1,0,4,16,0,18,38,20,18,WAKE,WAKE,62.9,,,67.8
172620,Bryan Longwell,LB,0,,2028,333,60,60,,60,D11,0,1,0,0,0,0,1,1,0,1,VANDERBILT,VANDERBILT,,,,
172627,Junior Sherrill,WR,0,,2028,333,71.9,77.9,71.1,61,00,1,1,0,0,40,0,12,52,40,12,VANDERBILT,VANDERBILT,67.1,,,
172640,Brock Chappell,TE,0,,2028,207,60.8,74.5,53,66.2,83,0,1,0,4,7,0,20,31,11,20,LA LAFAYET,LA LAFAYET,,,,55.3
172651,Colton Hinton,WR,0,,2028,141,62.1,73.8,61.7,60,14,0,1,0,0,17,0,1,18,17,1,COAST CAR,COAST CAR,61,,,
173021,Beau Sparks,WR,0,,2028,314,68.8,0,66.8,63.6,11,1,1,1,0,33,1,26,61,34,27,TEXAS ST,TEXAS ST,19.2,72.6,63.2,
173029,Manny Covey,HB,0,,2028,138,64.4,0,68.1,52.9,29,1,1,0,4,20,11,8,43,24,19,CINCINNATI,CINCINNATI,76.3,,66.5,75.7
173035,Evan Tengesdahl,G,0,,2028,138,75.9,79.7,,76.8,50,0,1,0,27,0,0,33,60,27,33,CINCINNATI,CINCINNATI,,,,67.2
173042,Dalton Carnes,WR,0,,2027,251,60,64.9,,60,11,0,1,0,0,0,0,1,1,0,1,N TEXAS,N TEXAS,,,,
173047,Parker Jenkins,HB,0,,2028,156,62.3,69.5,57.9,60,05,0,1,0,0,2,5,1,8,2,6,E CAROLINA,E CAROLINA,70.1,,62.5,
173055,Re'Shaun Sanford II,HB,0,,2029,182,60,68,,60,06,0,1,0,0,0,0,3,3,0,3,HOUSTON,HOUSTON,,,,
173119,Tre Spivey,WR,0,,2028,109,55.5,77,55.7,57.4,12,0,1,0,0,37,0,18,55,37,18,ARIZONA,ARIZONA,62.9,,,
173141,Lafayette Kaiuway,TE,0,,2028,305,68.4,71.5,,67.3,12,0,1,0,1,0,0,10,11,1,10,TCU,TCU,,,,64.5
173146,Cooper Powers,G,0,,2028,305,61,4.9,,59.2,77,1,1,0,46,0,0,23,69,46,23,TCU,TCU,,,,85.6
173151,Ben Taylor-Whitfield,T,0,,2028,305,56.3,77.6,,47.6,56,1,1,0,47,0,0,26,73,47,26,TCU,TCU,,,,76
173162,Arch Manning,QB,0,,2028,311,79.2,26.2,,60,16,1,1,45,0,0,3,23,71,45,26,TEXAS,TEXAS,70.6,64.7,88.1,
173172,Hudson Clement,WR,0,,2027,187,65.3,77.8,64.6,62.2,13,0,1,0,0,29,0,18,47,29,18,ILLINOIS,ILLINOIS,64.1,,,
173181,TJ Johnson,TE,0,,2028,296,56.2,69.8,57.3,59.9,21,0,1,0,0,2,0,1,3,2,1,SO MISS,SO MISS,,,,
173208,Desmond Magiya,T,0,,2028,251,61.1,81.4,,59.9,76,0,1,0,53,0,0,47,100,53,47,N TEXAS,N TEXAS,,,,60.4
173213,Landon Sides,WR,0,,2028,251,60.1,78.8,59.8,60,22,0,1,0,0,47,0,44,91,47,44,N TEXAS,N TEXAS,65.7,,,
173222,Caden Yates,LS,0,,2028,251,60,60,,60,S48,0,1,0,0,0,0,1,1,0,1,N TEXAS,N TEXAS,,,,
173236,James Falk,TE,0,,2028,275,37.1,75.3,34.9,52.2,86,0,1,0,3,14,0,24,41,17,24,RICE,RICE,,,,16.2
173237,Peyton Farmer,T,0,,2028,275,40.6,69.7,,38.6,58,0,1,0,4,0,0,4,8,4,4,RICE,RICE,,,,73.5
173238,Netane Fehoko,G,0,,2027,275,53.6,68.7,,56.9,55,0,1,0,1,0,0,2,3,1,2,RICE,RICE,,,,16.6
173252,Patrick Valent,G,0,,2028,275,54.5,79.4,,50.5,50,0,1,0,27,0,0,37,64,27,37,RICE,RICE,,,,78
173280,Melvin Siani,T,0,,2028,339,68.3,77.6,,58.6,71,0,1,0,38,0,0,34,72,38,34,WAKE,WAKE,,,,89.5
173306,Jair Murphy,CB,0,,2028,327,60,60,,,D31,0,1,0,1,0,0,0,1,1,0,USF,USF,,,,63.8
173349,Amare Thomas,WR,0,,2028,182,67.2,79.8,68.4,50.8,00,0,1,0,0,43,0,40,83,43,40,HOUSTON,HOUSTON,67.5,,,
173351,Delano Townsend,G,0,,2028,226,64.1,79.8,,61.7,51,0,1,0,42,0,0,24,66,42,24,OLE MISS,OLE MISS,,,,71.5
173357,Jayvin James,T,0,,2028,227,55.2,21.3,,48.9,77,1,1,0,42,0,0,29,71,42,29,MISS STATE,MISS STATE,,,,79.2
173383,Broc Lowry,QB,0,,2028,347,77.2,76.8,,60,12,0,1,24,0,0,4,38,66,24,42,W MICHIGAN,W MICHIGAN,28.2,89.8,45.7,
173392,Sam West,TE,0,,2028,227,56,74.1,56,67.8,87,0,1,0,4,8,0,13,25,12,13,MISS STATE,MISS STATE,61,,,24.4
173402,Phillip Daniels,T,0,,2028,260,47.4,76.2,,57.9,70,1,1,0,41,0,0,19,60,41,19,OHIO STATE,OHIO STATE,,,,29.2
173405,Donielle Hayes,WR,0,,2028,225,54.9,70.6,56.1,,18,0,1,0,0,4,0,0,4,4,0,MINNESOTA,MINNESOTA,,,,
173406,Greg Johnson,G,0,,2028,225,65.9,80,,67.2,65,1,1,0,33,0,0,31,64,33,31,MINNESOTA,MINNESOTA,,,,56.8
173411,Terrence McWilliams Jr.,WR,0,,2028,210,58.9,72,58.8,60.4,82,0,1,0,0,4,0,7,11,4,7,LOUISVILLE,LOUISVILLE,61,,,
173422,Darius Taylor,HB,0,,2028,225,70.4,80.1,60.3,59.2,01,0,1,0,11,20,26,4,61,31,30,MINNESOTA,MINNESOTA,78.2,,70.2,83.3
173425,Pierce Walsh,TE,0,,2028,225,56.2,0,50,71.4,19,1,1,0,2,10,0,21,33,12,21,MINNESOTA,MINNESOTA,64.2,,,70
173445,Noah Meyers,TE,0,,2028,346,53.7,78,51.9,60.9,81,0,1,0,4,28,0,17,49,32,17,W KENTUCKY,W KENTUCKY,9,,,69
173457,Jason Steele,G,0,,2028,120,59.4,78.8,,51.4,67,0,1,0,43,0,0,16,59,43,16,BOISE ST,BOISE ST,,,,77.5
173459,Caleb Goodie Sr.,WR,0,,2028,138,52,77.6,51.7,61.2,10,0,1,0,0,22,0,19,41,22,19,CINCINNATI,CINCINNATI,,,,
173490,Vince Brown II,TE,0,,2026,229,60,64.4,,60,12,0,1,0,0,0,0,1,1,0,1,MISSOURI,MISSOURI,,,,
173514,Brandon Ramirez,FB,0,,2029,169,64.9,75.3,62.6,64.7,31,0,1,0,1,4,11,8,24,5,19,FRESNO ST,FRESNO ST,73.6,,63.2,67.7
173519,Richie Anderson III,TE,0,,2028,169,58.2,0,56.3,69.1,88,2,1,0,3,24,0,43,70,27,43,FRESNO ST,FRESNO ST,9,,,69.3
173529,Edward Fonua,G,0,,2028,169,59.4,80.4,,55.9,72,0,1,0,29,0,0,46,75,29,46,FRESNO ST,FRESNO ST,,,,79.9
173530,Anthony Evans III,WR,0,,2028,227,69.3,78.4,66.4,77.1,03,0,1,0,0,40,1,28,69,40,29,MISS STATE,MISS STATE,68.6,,62.5,
173544,Lawson Luckie,TE,0,,2028,173,53.5,76.7,55.2,47.3,07,0,1,0,1,26,0,14,41,27,14,GEORGIA,GEORGIA,61,,,65.1
173548,Monroe Freeling,T,0,2026,2026,173,67.6,77.5,,58,57,0,1,0,46,0,0,29,75,46,29,GEORGIA,GEORGIA,,,,82.9
173572,Luke Rogers,G,0,,2028,296,60,60,,60,74,0,1,0,0,0,0,1,1,0,1,SO MISS,SO MISS,,,,
173606,Anthony Caccese,G,0,,2028,151,57.3,78.5,,55.9,62,0,1,0,34,0,0,27,61,34,27,DELAWARE,DELAWARE,,,,57.5
173611,Ja'Carree Kelly,WR,0,,2028,151,66.3,74.9,65.6,60.7,09,0,1,0,0,16,0,7,23,16,7,DELAWARE,DELAWARE,64.1,,,
173617,Nick Minicucci,QB,0,,2028,151,62.2,76.5,,60,04,0,1,34,0,0,3,24,61,34,27,DELAWARE,DELAWARE,32.1,68.6,47.1,
173685,Joshua Bates,C,0,,2028,287,61.7,79.4,,60.8,64,0,1,0,33,0,0,32,65,33,32,SMU,SMU,,,,59.9
173697,Cayden Green,T,0,,2028,229,90.1,76.6,,89.3,70,0,1,0,25,0,0,31,56,25,31,MISSOURI,MISSOURI,,,,76.1
173781,Navelle Dean,WR,0,,2028,200,58.2,69.5,58.6,,07,0,1,0,0,4,0,0,4,4,0,KENNESAW,KENNESAW,61,,,
173798,Ethan Newman,G,0,,2028,218,68.7,5.7,,69.6,62,1,1,0,41,0,0,31,72,41,31,MEMPHIS,MEMPHIS,,,,86.9
173809,Josh Williamson,WR,0,,2027,200,57.5,65.8,58.5,,80,0,1,0,0,2,0,0,2,2,0,KENNESAW,KENNESAW,,,,
173983,Dante Moore,QB,0,,2028,264,61.1,77.7,,60,05,0,1,41,0,0,5,36,82,41,41,OREGON,OREGON,38.8,71.7,40.4,
173996,Malcolm Gillie,WR,0,,2026,141,51.9,78.3,53.6,49.8,02,0,1,0,0,22,0,11,33,22,11,COAST CAR,COAST CAR,63.6,,,
174014,Micah Kaonohi-Kaihenui,TE,0,,2028,180,60,65.4,,60,45,0,1,0,1,0,0,1,2,1,1,HAWAII,HAWAII,,,,65.5
174024,Kaden Feagin,HB,0,,2028,187,58.3,73.4,54.2,57.4,03,0,1,0,3,10,3,5,21,13,8,ILLINOIS,ILLINOIS,67.3,,59.2,76.4
174027,Brandon Henderson,G,0,,2028,187,64.7,79.5,,61.7,75,0,1,0,39,0,0,34,73,39,34,ILLINOIS,ILLINOIS,,,,77.5
174041,Zack Marshall,TE,0,,2028,222,60.4,72.9,55.5,68.9,83,0,1,0,0,9,0,2,11,9,2,MICHIGAN,MICHIGAN,61,,,
174043,Semaj Morgan,WR,0,,2028,222,49.4,74.6,56.7,61.5,00,0,1,1,0,8,1,8,18,9,9,MICHIGAN,MICHIGAN,64.8,46.8,57.5,
174054,Frank Covey IV,WR,0,,2028,256,56.3,68.4,59.6,60,03,0,1,0,0,1,0,2,3,1,2,NWESTERN,NWESTERN,,,,
174066,Austin Boyd,T,0,,2028,325,63.1,76.4,,54.9,79,0,1,0,37,0,0,25,62,37,25,UNLV,UNLV,,,,77.3
174068,Jacob De Jesus,WR,1,2026,2026,130,76.6,78.7,76.3,54.7,21,1,1,0,0,46,0,22,68,46,22,CAL,CAL,71.6,,,
174070,Matthew Greene,G,0,,2028,230,66.6,77.7,,64.2,54,0,1,0,54,0,0,24,78,54,24,MO STATE,MO STATE,,,,66.7
174074,DeAngelo Irvin Jr.,WR,0,,2028,325,52.4,74.4,53.4,56.2,04,0,1,0,0,14,0,7,21,14,7,UNLV,UNLV,,,,
174080,Jai'Den Thomas,HB,0,,2028,325,74.7,75.4,67.2,59,09,0,1,0,5,14,11,3,33,19,14,UNLV,UNLV,73.7,,77,24.8
174093,Cory Godinet,G,0,,2026,331,74.2,74.3,,77.4,53,0,1,0,7,0,0,11,18,7,11,UTSA,UTSA,,,,35.1
174109,Brandon Tennison,QB,0,,2028,331,72.4,69.8,,60,17,0,1,3,0,0,1,5,9,3,6,UTSA,UTSA,64.8,60.4,69.1,
174118,Teitum Tuioti,ED,0,,2028,264,70.8,60,87.7,,D44,0,1,0,0,1,0,0,1,1,0,OREGON,OREGON,61,,,
174124,Matayo Uiagalelei,ED,0,,2028,264,60,60,,,D10,0,1,0,1,0,0,0,1,1,0,OREGON,OREGON,,,,63.8
174128,Iapani Laloulu,C,0,,2028,264,48.9,80.3,,45.7,72,0,1,0,41,0,0,41,82,41,41,OREGON,OREGON,,,,71.3
174130,Jayden Limar,HB,0,,2028,264,64,72.2,89.3,58.4,27,0,1,0,1,1,3,4,9,2,7,OREGON,OREGON,67.8,,57.9,70
174132,Kenyon Sadiq,TE,0,2026,2026,264,60.5,80,60.5,57.8,18,0,1,0,4,35,0,37,76,39,37,OREGON,OREGON,65,,,71.3
174142,Zachariah Branch,WR,0,2026,2026,173,69.9,76.5,69.3,60.9,01,0,1,0,0,31,0,12,43,31,12,GEORGIA,GEORGIA,71.1,,,
174165,A'Marion Peterson,HB,0,,2028,331,59.1,74.1,40,47,28,0,1,0,3,11,8,1,23,14,9,UTSA,UTSA,71.9,,70.2,72.1
174167,Carlos Hernandez,WR,0,,2028,339,75.3,76.2,74.1,61.2,08,0,1,0,0,20,0,11,31,20,11,WAKE,WAKE,69.6,,,
174176,Taylor Bradshaw,WR,0,,2028,174,44.4,73.4,45.9,60.8,15,0,1,0,0,11,0,8,19,11,8,GA SOUTHRN,GA SOUTHRN,,,,
174177,Tiger Bachmeier,WR,0,,2028,128,57.4,68.8,58.3,60,19,0,1,0,0,2,0,1,3,2,1,BYU,BYU,,,,
174199,JP Mikhael,TE,0,,2028,174,45,74.3,55.2,43.8,84,0,1,0,3,4,0,16,23,7,16,GA SOUTHRN,GA SOUTHRN,,,,74.5
174201,Matthew Williams,T,0,,2028,174,68.5,70.6,,70,51,0,1,0,5,0,0,5,10,5,5,GA SOUTHRN,GA SOUTHRN,,,,55.2
174210,Robert Wright Jr.,T,0,,2028,174,68.4,76.4,,63.4,71,0,1,0,34,0,0,30,64,34,30,GA SOUTHRN,GA SOUTHRN,,,,77.5
174216,Solatoa Moea'i,G,0,,2028,328,54.8,73.8,,49.8,62,0,1,0,16,0,0,21,37,16,21,UTAH,UTAH,,,,76.1
174222,Nick Morrow,T,0,,2028,130,60.7,21.8,,56.6,52,1,1,0,47,0,0,26,73,47,26,CAL,CAL,,,,78.7
174409,CharMar Brown,HB,0,,2028,220,73.8,70.8,75,,06,0,1,0,2,3,5,0,10,5,5,MIAMI FL,MIAMI FL,69.9,,70.1,74.9
174673,JJ Jean-Louis,ED,0,,2028,251,60,60,,60,D35,0,1,0,0,0,0,1,1,0,1,N TEXAS,N TEXAS,,,,
174695,Keyjuan Brown,HB,0,,2028,210,67,76.7,56.1,60,22,0,1,0,3,11,15,6,35,14,21,LOUISVILLE,LOUISVILLE,27.7,,67.1,74.6
174705,Cataurus Hicks,WR,0,,2028,268,47.7,77.7,47.4,60.2,03,0,1,0,0,22,0,18,40,22,18,PITTSBURGH,PITTSBURGH,61.9,,,
174706,Jamari Johnson,TE,0,,2028,264,71.1,78.3,70.4,61.7,09,0,1,0,10,24,0,34,68,34,34,OREGON,OREGON,65.7,,,63.5
174707,Jaedon King,WR,0,,2027,210,55.8,68.8,56.8,,47,0,1,0,0,4,0,0,4,4,0,LOUISVILLE,LOUISVILLE,,,,
174717,DeSean Bishop,HB,0,,2028,307,67.8,75.6,69.4,,18,0,1,0,3,16,19,0,38,19,19,TENNESSEE,TENNESSEE,76.5,,66.1,76.8
174722,Ethan Davis,TE,0,,2028,307,57.1,79.5,45.3,73.1,00,0,1,0,4,17,0,27,48,21,27,TENNESSEE,TENNESSEE,,,,69.7
174738,Nathan Robinson,DI,0,,2028,307,60.4,65,,69.3,D94,0,1,0,0,0,0,2,2,0,2,TENNESSEE,TENNESSEE,,,,
174746,Shamurad Umarov,G,0,,2028,307,68.7,79.1,,66.8,74,0,1,0,26,0,0,29,55,26,29,TENNESSEE,TENNESSEE,,,,77.7
174757,Kahanu Davis,WR,0,,2026,329,48.2,77,48.6,62.1,07,0,1,0,0,29,0,10,39,29,10,UTAH ST,UTAH ST,,,,
174761,McCae Hillstead,QB,0,,2029,128,54.9,63.6,,,03,0,1,0,0,0,1,0,1,0,1,BYU,BYU,62.5,,57.7,
174762,K'leyone Iosua,G,1,,2029,329,38.3,0,,57.8,61,2,1,0,21,0,0,4,25,21,4,UTAH ST,UTAH ST,,,,26.5
174766,Tavo Motu'apuaka,G,0,,2027,329,61.9,78.5,,64.2,65,0,1,0,41,0,0,18,59,41,18,UTAH ST,UTAH ST,,,,51.2
174802,Lance Williams,G,1,,2028,108,61.2,78.8,,60.9,68,1,1,0,33,0,0,31,64,33,31,APP STATE,APP STATE,,,,56.5
174815,Ethan Day,ED,0,,2029,251,60,60,,60,D90,0,1,0,0,0,0,1,1,0,1,N TEXAS,N TEXAS,,,,
174863,Anthony Garcia,WR,0,,2027,329,54.9,0,55.5,60.7,10,1,1,0,0,35,1,12,48,35,13,UTAH ST,UTAH ST,64.3,,63.2,
174960,Will Heldt,ED,0,,2028,140,60,60,,,D13,0,1,0,1,0,0,0,1,1,0,CLEMSON,CLEMSON,,,,63.8
174964,Jimmy Liston,C,0,,2027,329,61,0,,59.3,55,1,1,0,41,0,0,18,59,41,18,UTAH ST,UTAH ST,,,,80
174971,Dillon Thieneman,S,0,2026,2026,264,60,60,,,D31,0,1,0,1,0,0,0,1,1,0,OREGON,OREGON,,,,63.8
174978,Joey Aguilar,QB,0,2026,2026,307,74,75.9,,60,06,0,1,26,0,0,1,28,55,26,29,TENNESSEE,TENNESSEE,27,69.9,67.8,
175006,Cayden Sweatt,G,0,,2028,108,57.6,0,,63.8,52,1,1,0,33,0,0,31,64,33,31,APP STATE,APP STATE,,,,40.4
175038,Jojo Phillips,WR,0,,2028,128,69.8,77,69,60.8,13,0,1,0,0,30,0,9,39,30,9,BYU,BYU,65,,,
175075,Deshaun Buchanan,HB,0,,2028,241,52.7,72.5,60,53.1,08,0,1,0,1,1,1,10,13,2,11,NEW MEXICO,NEW MEXICO,62.5,,57.7,65.5
175078,Jaxton Eck,LB,0,,2028,241,60,60,,60,D06,0,1,0,0,0,0,1,1,0,1,NEW MEXICO,NEW MEXICO,,,,
175106,Kaden Robnett,C,0,,2028,241,61.5,79.6,,57.5,59,0,1,0,44,0,0,25,69,44,25,NEW MEXICO,NEW MEXICO,,,,71.4
175134,Khamari Anderson,TE,0,,2028,110,70.8,76.2,64.2,70.7,15,0,1,0,3,11,0,20,34,14,20,ARIZONA ST,ARIZONA ST,61,,,69.6
175159,Shamar Porter,WR,0,,2028,146,56.8,76.4,55.9,63.4,05,0,1,0,0,9,0,20,29,9,20,UCONN,UCONN,61,,,
175196,Jimarion McCrimon,T,0,,2028,156,57.5,76.9,,51.7,62,0,1,0,23,0,0,40,63,23,40,E CAROLINA,E CAROLINA,,,,80.5
175202,Desirrio Riles,TE,0,,2028,156,35.1,79.3,39,35.1,06,0,1,0,7,15,0,36,58,22,36,E CAROLINA,E CAROLINA,,,,34.6
175207,Bryce Weaver,T,0,,2028,156,61.6,73.6,,57.1,71,0,1,0,10,0,0,17,27,10,17,E CAROLINA,E CAROLINA,,,,80.9
175221,Noah Bull,WR,0,,2028,237,60,68.4,,59.8,00,0,1,0,0,0,0,3,3,0,3,NAVY,NAVY,,,,
175222,Isaac Bunker,G,0,,2028,237,60,67.2,,60,71,0,1,0,0,0,0,1,1,0,1,NAVY,NAVY,,,,
175232,Kendall Evans,WR,0,,2028,237,57.8,74.2,57.3,58.8,84,0,1,0,0,2,0,14,16,2,14,NAVY,NAVY,,,,
175234,Rayne Fry,LS,0,,2028,237,60,60,,60,S92,0,1,0,0,0,0,1,1,0,1,NAVY,NAVY,,,,
175238,Joshua Guerin,WR,0,,2028,237,54.9,74.9,54.5,59.8,86,0,1,0,0,7,0,16,23,7,16,NAVY,NAVY,,,,
175239,Arnel Heathington,WR,0,,2028,237,60,64.1,,60,80,0,1,0,0,0,0,1,1,0,1,NAVY,NAVY,,,,
175242,Luke Hutchison,WR,0,,2028,237,70.7,75.4,70.7,58.5,89,0,1,0,0,8,0,16,24,8,16,NAVY,NAVY,61,,,
175253,Cam Nichols,C,0,,2028,237,71.7,0,,71.7,69,1,1,0,17,0,0,46,63,17,46,NAVY,NAVY,,,,69
175255,Jake Norris,TE,0,,2028,237,68.8,74.8,57.2,70.2,85,0,1,0,1,4,0,24,29,5,24,NAVY,NAVY,,,,60.5
175261,Matt Reyes,DI,0,,2028,237,60,60,,60,D97,0,1,0,0,0,0,1,1,0,1,NAVY,NAVY,,,,
175268,Hoke Smith II,G,0,,2028,237,62.2,78.8,,60.8,79,0,1,0,17,0,0,46,63,17,46,NAVY,NAVY,,,,68.9
175276,Braxton Woodson,QB,0,,2028,237,58.5,68.1,,60,05,0,1,0,0,0,1,3,4,0,4,NAVY,NAVY,62.5,,59.5,
175312,Trey Dubuc,LS,0,,2028,241,60,60,,60,S47,0,1,0,0,0,0,1,1,0,1,NEW MEXICO,NEW MEXICO,,,,
175327,JeyQuan Smith,WR,0,,2028,327,68.4,80,65.1,86.2,19,0,1,0,0,39,0,23,62,39,23,USF,USF,65.7,,,
175368,Bailey Stockton,WR,0,,2028,176,54.4,72.6,55.1,59.2,07,0,1,0,0,9,0,3,12,9,3,GA TECH,GA TECH,,,,
175374,Mark Fletcher Jr.,HB,0,,2028,220,66.9,76.6,49.6,60,04,0,1,0,7,18,19,3,47,25,22,MIAMI FL,MIAMI FL,32.2,,70.3,45.7
175378,Chris Johnson Jr.,HB,0,,2028,287,61.2,70.7,61.8,,06,0,1,0,2,6,5,0,13,8,5,SMU,SMU,69.9,,61.7,39.3
175412,Ryan Carretta,G,0,,2028,268,63.7,80.6,,58.5,71,0,1,0,50,0,0,32,82,50,32,PITTSBURGH,PITTSBURGH,,,,79.7
175419,Kenny Johnson,WR,0,,2028,268,46.6,78.7,44.1,77.2,02,0,1,0,0,46,1,29,76,46,30,PITTSBURGH,PITTSBURGH,68.9,,59.5,
175469,Jaelen Smith,WR,0,,2029,331,39.5,69.1,44.4,60,24,0,1,0,0,2,0,3,5,2,3,UTSA,UTSA,,,,
175491,Finn Furmanek,TE,0,,2028,266,61.3,68.7,,60.1,89,0,1,0,2,0,0,3,5,2,3,PENN STATE,PENN STATE,,,,74
175506,Deondre Johnson,WR,0,,2028,196,78.7,78.8,80.1,61.4,11,1,1,0,0,28,1,32,61,28,33,JVILLE ST,JVILLE ST,67.8,,57.7,
175543,Jaheim Buchanon,G,0,,2028,166,56.6,80.4,,45.6,59,0,1,0,60,0,0,17,77,60,17,FIU,FIU,,,,76.5
175553,Noah Fernandez,T,0,,2028,166,63.3,69.2,,60,60,0,1,0,5,0,0,2,7,5,2,FIU,FIU,,,,76.9
175559,Kyle McNeal,WR,0,,2028,166,60.2,78.1,63.9,30.8,07,0,1,0,0,33,0,8,41,33,8,FIU,FIU,62.9,,,
175620,D.J. McKinney,HB,0,,2028,241,50.5,72.7,43.3,56.8,04,0,1,0,2,9,2,5,18,11,7,NEW MEXICO,NEW MEXICO,68.5,,60.5,37.6
175695,Nick Delgadillo,WR,0,,2029,180,47.4,75.8,51.2,34.9,89,1,1,0,0,22,0,15,37,22,15,HAWAII,HAWAII,,,,
175703,James Milovale,T,0,,2026,180,68.7,77.1,,59.1,70,0,1,0,54,0,0,21,75,54,21,HAWAII,HAWAII,,,,79.8
175727,Tyson Ruffins,C,0,,2028,130,78.7,79.3,,78.8,56,0,1,0,47,0,0,26,73,47,26,CAL,CAL,,,,88.5
175749,Baylin Brooks,WR,0,,2028,347,69,76.9,66.1,74.7,82,0,1,0,0,16,0,18,34,16,18,W MICHIGAN,W MICHIGAN,62.9,,,
175760,Brady Nassar,ED,0,,2028,284,60,60,,,D33,0,1,0,1,0,0,0,1,1,0,S DIEGO ST,S DIEGO ST,,,,60.9
175798,PJ Wilkins,G,0,,2028,226,54.7,72.6,,54.2,71,0,1,0,5,0,0,4,9,5,4,OLE MISS,OLE MISS,,,,74.3
175806,Bryson Graves,WR,0,,2029,141,74.1,78.4,73.3,57.7,04,0,1,0,0,30,0,16,46,30,16,COAST CAR,COAST CAR,75.2,,,
175815,Nathan Schuessler,WR,0,,2028,141,58.3,65.3,59.1,,82,0,1,0,0,2,0,0,2,2,0,COAST CAR,COAST CAR,,,,
175816,Ja'Vin Simpkins,HB,0,,2028,141,64.5,74.8,64.3,,05,0,1,0,2,20,11,0,33,22,11,COAST CAR,COAST CAR,73.6,,63.9,73.2
175824,Ian Brandt,P,0,,2028,263,37.3,60,,,S96,0,1,1,0,0,0,0,1,1,0,DOMINION,DOMINION,60.3,54.1,,
175861,Reed Harradine,K,0,,2028,296,60,70.3,,,S96,0,1,0,0,0,1,0,1,0,1,SO MISS,SO MISS,11.5,,60,
175899,Daniel Blood,WR,0,,2028,229,60.1,74.9,59.9,60.4,10,0,1,0,0,17,0,6,23,17,6,MISSOURI,MISSOURI,61,,,
175904,Jordon Harris,TE,0,,2028,229,65.2,75.3,69.7,54.4,86,0,1,0,3,7,0,19,29,10,19,MISSOURI,MISSOURI,61,,,69
175912,Jamal Roberts,HB,0,,2028,229,63.7,75.2,55.1,60,20,0,1,0,2,17,11,2,32,19,13,MISSOURI,MISSOURI,73.8,,65,75.5
175947,Aloali'i Maui,G,0,,2027,296,52.8,16,,57.5,62,1,1,0,58,0,0,29,87,58,29,SO MISS,SO MISS,,,,49.3
175954,Collin Dixon,WR,0,,2028,187,52,78.2,52.8,52,17,0,1,0,0,26,0,28,54,26,28,ILLINOIS,ILLINOIS,62.9,,,
175999,Darius Johnson,HB,0,,2028,248,52.9,67.6,,49.4,25,0,1,0,1,0,0,3,4,1,3,NC STATE,NC STATE,,,,64.4
176000,Coleson Fields,HB,0,,2028,248,63.8,67.5,65.8,60,31,0,1,0,0,1,3,1,5,1,4,NC STATE,NC STATE,67.8,,62.1,
176030,J'Onre Reed,C,0,,2026,326,62,1.3,,64.5,50,1,1,0,34,0,0,32,66,34,32,USC,USC,,,,63.1
176034,Lysander Moeolo,G,0,,2026,314,89.2,73.7,,88.9,71,0,1,0,5,0,0,10,15,5,10,TEXAS ST,TEXAS ST,,,,74.4
176075,Devin McRae,C,0,,2028,339,60,63.5,,,51,0,1,0,1,0,0,0,1,1,0,WAKE,WAKE,,,,63.9
176077,Deuce Alexander,WR,0,,2028,226,53.3,77.6,53.1,61.9,11,0,1,0,0,25,1,17,43,25,18,OLE MISS,OLE MISS,65.3,,59.7,
176079,Christian Abney,TE,0,,2028,187,72.7,72.3,,72.3,86,0,1,0,4,0,0,14,18,4,14,ILLINOIS,ILLINOIS,,,,52.4
176105,Bryson Hammer,WR,0,,2029,316,63.9,75.4,59.9,78.3,12,0,1,0,1,16,0,10,27,17,10,TOLEDO,TOLEDO,71.4,,,67.8
176115,Jacob Kaminski,TE,0,,2028,134,57.3,66.1,57.8,,87,0,1,0,0,2,0,0,2,2,0,C MICHIGAN,C MICHIGAN,,,,
176156,Jr Sia,T,0,,2028,329,66.3,74.1,,66.9,62,0,1,0,20,0,0,14,34,20,14,UTAH ST,UTAH ST,,,,61
176175,Bryce Chambers,TE,0,,2028,311,60,64.4,,60,48,0,1,0,0,0,0,1,1,0,1,TEXAS,TEXAS,,,,
176177,Trevor Goosby,T,0,,2028,311,66.4,22.1,,64.1,74,1,1,0,45,0,0,27,72,45,27,TEXAS,TEXAS,,,,80.3
176181,Ryan Niblett,WR,0,,2028,311,57.9,63.4,59.4,,21,0,1,0,0,1,0,0,1,1,0,TEXAS,TEXAS,16.6,,,
176186,Spencer Shannon,TE,0,,2028,311,46.8,73.4,54.6,52.2,83,0,1,0,6,5,0,14,25,11,14,TEXAS,TEXAS,,,,37.8
176212,Karmello English,WR,1,,2028,141,46.6,76.8,48.5,43.4,00,1,1,0,0,38,0,12,50,38,12,COAST CAR,COAST CAR,61,,,
176220,Max Cutforth,QB,0,,2028,120,38.9,10.9,,60,14,1,1,31,0,0,0,11,42,31,11,BOISE ST,BOISE ST,68.3,40.6,,
176224,Deakon Tonielli,TE,0,,2028,222,57.9,75.4,61.7,38.5,88,0,1,0,0,16,0,2,18,16,2,MICHIGAN,MICHIGAN,62.9,,,
176252,Bryson Kuzdzal,HB,0,,2028,222,62.9,77.4,53.9,56.7,24,0,1,0,5,28,21,5,59,33,26,MICHIGAN,MICHIGAN,77,,67.7,6.7
176255,Jalen Hoffman,TE,0,,2028,222,55.9,75,56.1,64.5,42,0,1,0,4,3,0,19,26,7,19,MICHIGAN,MICHIGAN,,,,23.2
176270,Nathan Efobi,G,0,,2028,222,74.5,80.9,,71.8,55,0,1,0,56,0,0,30,86,56,30,MICHIGAN,MICHIGAN,,,,89.5
176280,Carson Rasmussen,G,0,,2028,120,63.8,69.2,,60,64,0,1,0,6,0,0,1,7,6,1,BOISE ST,BOISE ST,,,,77.9
176291,Kyle Cox,T,0,,2028,120,45.4,77.8,,63.8,70,0,1,0,51,0,0,23,74,51,23,BOISE ST,BOISE ST,,,,12.4
176320,Matt Wagner,TE,0,,2028,120,52.2,76.7,53.8,55.3,88,0,1,0,6,12,0,18,36,18,18,BOISE ST,BOISE ST,61,,,60.5
176332,Bill Davis,HB,0,,2028,207,54.6,75.8,54.6,58.4,07,0,1,0,7,11,10,5,33,18,15,LA LAFAYET,LA LAFAYET,73.1,,56.8,49.5
176334,Landon Baptiste,WR,0,,2028,207,54.8,70.1,55.8,60,85,0,1,0,0,5,0,1,6,5,1,LA LAFAYET,LA LAFAYET,,,,
176337,Harvey Broussard III,WR,0,,2028,182,54.8,79.3,54.6,58.6,03,0,1,0,0,36,0,33,69,36,33,HOUSTON,HOUSTON,61,,,
176338,Matthew Broussard,G,0,,2028,207,60.2,79.5,,60,76,0,1,0,46,0,0,33,79,46,33,LA LAFAYET,LA LAFAYET,,,,54.6
176351,Caden Jensen,TE,0,,2028,207,72,77.6,70.8,62.8,88,0,1,0,6,27,0,22,55,33,22,LA LAFAYET,LA LAFAYET,65,,,72.6
176354,Andrew Martinez,C,0,,2028,207,52,80.1,,47.8,59,0,1,0,46,0,0,33,79,46,33,LA LAFAYET,LA LAFAYET,,,,72.2
176363,Ty Stamey,TE,0,,2028,314,65.6,73.8,57,74.9,18,0,1,0,1,5,0,12,18,6,12,TEXAS ST,TEXAS ST,61,,,67.9
176365,KeDarius Wade,WR,0,,2028,207,37.5,65.8,44.3,,87,0,1,0,0,2,0,0,2,2,0,LA LAFAYET,LA LAFAYET,,,,
176367,Lunch Winfield,QB,0,,2028,207,66.3,77.2,56.7,60,02,0,1,43,0,1,9,23,76,44,32,LA LAFAYET,LA LAFAYET,72.3,65.9,61.5,
176373,Ian Foster,S,0,,2028,296,60,64.9,,60,D03,0,1,0,0,0,0,1,1,0,1,SO MISS,SO MISS,,,,
176375,Mathis Haygood,LB,0,,2028,296,60,60,,60,D13,0,1,0,0,0,0,1,1,0,1,SO MISS,SO MISS,,,,
176426,Cameron Mackey,DI,0,,2028,296,60,60,,60,D99,0,1,0,0,0,0,1,1,0,1,SO MISS,SO MISS,,,,
176436,Dalton Merryman,T,0,,2026,182,62,77.7,,54.1,75,0,1,0,43,0,0,44,87,43,44,HOUSTON,HOUSTON,,,,78
176467,Jahlil McClain,WR,0,,2029,169,52.8,73.6,53.1,58.7,01,0,1,0,0,15,0,10,25,15,10,FRESNO ST,FRESNO ST,,,,
176490,Jamel Hardy Jr.,WR,0,,2028,331,70,75.7,65.1,89.3,13,0,1,0,0,24,0,13,37,24,13,UTSA,UTSA,62.9,,,
176494,Devin McCuin,WR,0,,2028,331,79.7,77.2,78.3,60.7,01,0,1,0,0,19,0,15,34,19,15,UTSA,UTSA,66.2,,,
176495,Patrick Overmyer,TE,0,,2028,331,62.8,78.7,60.4,56.4,09,0,1,0,7,27,1,24,59,34,25,UTSA,UTSA,66.4,,63.3,70.5
176499,Etueni Ropati,G,0,,2028,314,60,68.7,,60,55,0,1,0,0,0,0,3,3,0,3,TEXAS ST,TEXAS ST,,,,
176501,Devin Scura,TE,0,,2028,331,60,63.5,,60,81,0,1,0,0,0,0,1,1,0,1,UTSA,UTSA,,,,
176505,Ricky Ahumaraeze,WR,0,,2028,256,66.8,74.9,65.9,60.8,10,0,1,0,0,14,0,7,21,14,7,NWESTERN,NWESTERN,61,,,
176506,Anthony Birsa,C,0,,2028,256,66.5,71.5,,65.2,64,0,1,0,4,0,0,3,7,4,3,NWESTERN,NWESTERN,,,,75
176507,Alexander Doost,G,0,,2028,109,70.4,80,,70,63,0,1,0,59,0,0,31,90,59,31,ARIZONA,ARIZONA,,,,74.3
176513,Caleb Komolafe,HB,0,,2028,256,64.7,76.5,68.7,59.5,05,0,1,0,13,12,14,2,41,25,16,NWESTERN,NWESTERN,74.8,,62.4,74.6
176528,Derek Eusebio,WR,0,,2028,110,61.8,75.6,61.5,60.6,83,0,1,0,0,23,0,12,35,23,12,ARIZONA ST,ARIZONA ST,61,,,
176533,Cole Marszalek,LS,0,,2029,196,60,60,,,S50,0,1,0,1,0,0,0,1,1,0,JVILLE ST,JVILLE ST,,,,63.8
176536,Makua Pule,C,0,,2028,110,59.6,75.6,,56.3,71,0,1,0,12,0,0,14,26,12,14,ARIZONA ST,ARIZONA ST,,,,80.9
176569,Frederick Williams III,T,0,,2028,130,59.9,67.5,,58.1,42,0,1,0,2,0,0,3,5,2,3,CAL,CAL,,,,69.5
176586,Daylen Austin,S,0,,2028,264,58,64.9,57.7,,D00,0,1,0,0,1,0,0,1,1,0,OREGON,OREGON,,,,
176592,Zach Grace,TE,0,,2028,264,57.1,68.4,,58.7,44,0,1,0,1,0,0,2,3,1,2,OREGON,OREGON,,,,25.6
176598,Blake Purchase,ED,0,,2028,264,60,60,,,D09,0,1,0,1,0,0,0,1,1,0,OREGON,OREGON,,,,63.8
176641,Tobias Raymond,T,0,,2028,326,52.2,77.3,,52.1,73,0,1,0,34,0,0,32,66,34,32,USC,USC,,,,50.5
176647,Roger Alderman,G,0,,2028,328,53.7,78.1,,52.6,75,0,1,0,25,0,0,28,53,25,28,UTAH,UTAH,,,,52.8
176648,Dallen Bentley,TE,0,2026,2026,328,86,79.5,86.5,62.2,88,0,1,0,3,27,0,33,63,30,33,UTAH,UTAH,66.2,,,74.1
176670,Noah Dunham,G,0,,2028,341,50.2,74.4,,47.6,75,0,1,0,6,0,0,9,15,6,9,WASH STATE,WASH STATE,,,,77.6
176674,Branden Ganashamoorthy,WR,0,,2028,341,51.9,75.8,54.6,42.9,08,0,1,0,0,17,0,10,27,17,10,WASH STATE,WASH STATE,62.9,,,
176682,Trey Leckner,TE,0,,2028,341,52.6,0,59,52.9,23,1,1,0,2,22,0,21,45,24,21,WASH STATE,WASH STATE,62.9,,,68
176683,Luke Leighton,TE,0,,2028,341,54.7,69.9,53.7,60,89,0,1,0,0,5,0,2,7,5,2,WASH STATE,WASH STATE,,,,
176684,Kyle Martin,C,0,,2028,341,58.1,80.5,,61.7,69,0,1,0,54,0,0,34,88,54,34,WASH STATE,WASH STATE,,,,41.2
176689,Leo Pulalasi,HB,0,,2028,341,72.9,73.6,58.6,60,20,0,1,0,3,8,7,1,19,11,8,WASH STATE,WASH STATE,71.4,,73.6,74.8
176695,Ashton Tripp,T,0,,2028,341,58.8,78.2,,46.7,71,0,1,0,54,0,0,34,88,54,34,WASH STATE,WASH STATE,,,,83.4
176767,Scottre Humphrey,HB,0,,2028,241,60,63.6,,,22,0,1,0,1,0,0,0,1,1,0,NEW MEXICO,NEW MEXICO,,,,62.2
177028,Josiah Chenault,C,0,,2028,200,55.7,75,,54.6,75,0,1,0,10,0,0,9,19,10,9,KENNESAW,KENNESAW,,,,65.4
177226,Davin Stoffel,TE,0,,2028,187,58.5,63.9,59.7,,88,0,1,0,0,1,0,0,1,1,0,ILLINOIS,ILLINOIS,,,,
177231,Griffin Wilde,WR,0,,2028,256,70.8,77.4,70.5,58.6,17,0,1,0,0,33,0,21,54,33,21,NWESTERN,NWESTERN,71.4,,,
177483,Malachi Hosley,HB,0,,2028,176,76.5,76.5,59.5,59.8,00,0,1,0,6,14,11,3,34,20,14,GA TECH,GA TECH,73.6,,77.7,80.4
177806,Jacob Russell,T,0,,2028,134,60.3,78.4,,63.1,70,0,1,0,27,0,0,27,54,27,27,C MICHIGAN,C MICHIGAN,,,,37.6
178135,Donovan Lewis,WR,0,,2028,151,54.7,72.8,54.9,61.1,87,0,1,0,0,9,0,6,15,9,6,DELAWARE,DELAWARE,,,,
178137,Anwar O'neal,T,0,,2028,151,65.7,76.8,,65.8,70,0,1,0,34,0,0,27,61,34,27,DELAWARE,DELAWARE,,,,59.8
178430,Ronnel Johnson,WR,0,,2028,230,57,79,56.7,61.8,09,0,1,0,0,41,0,16,57,41,16,MO STATE,MO STATE,64.1,,,
178610,Noah Jennings,WR,0,,2028,138,48.4,74.7,48.3,59.6,08,0,1,0,0,7,0,14,21,7,14,CINCINNATI,CINCINNATI,61,,,
178686,Amari Odom,QB,0,,2028,200,38,77.1,,60,02,0,1,44,0,0,3,26,73,44,29,KENNESAW,KENNESAW,37.7,32.9,66.4,
178723,Trinidad Chambliss,QB,0,,2027,226,91.8,77.3,,60.1,06,0,1,47,0,0,5,23,75,47,28,OLE MISS,OLE MISS,71.4,91.8,63,
180349,Darrell Jones,G,0,,2028,331,59.6,77.2,,60.7,74,0,1,0,27,0,0,14,41,27,14,UTSA,UTSA,,,,48.8
181448,TJ Holmes,WR,0,,2028,218,85.1,71,81,60,80,0,1,0,0,7,0,1,8,7,1,MEMPHIS,MEMPHIS,64.1,,,
182439,Adrian Gumm,G,0,,2027,196,53.6,79.7,,47.8,69,0,1,0,30,0,0,33,63,30,33,JVILLE ST,JVILLE ST,,,,82.1
182676,Kris Hughes,WR,0,,2028,210,53.9,71.6,54.6,60,14,0,1,0,0,7,0,3,10,7,3,LOUISVILLE,LOUISVILLE,,,,
183192,Sammy Brown,LB,0,,2029,140,60,60,,,D47,0,1,0,1,0,0,0,1,1,0,CLEMSON,CLEMSON,,,,63.8
183201,Ronan O'Connell,G,0,,2029,140,65.8,79.9,,64.5,77,0,1,0,46,0,0,20,66,46,20,CLEMSON,CLEMSON,,,,69.9
183214,Anthony Carrie,HB,0,,2029,166,45.2,74.6,55,,06,0,1,0,7,12,7,0,26,19,7,FIU,FIU,19.3,,50.6,12.1
183219,Trelain Maddox,HB,0,,2029,176,64.1,69.1,58.2,,22,0,1,0,0,3,1,0,4,3,1,GA TECH,GA TECH,62.5,,62.2,
183220,Harrison Moore,C,0,,2029,176,63.6,0,,67.3,52,2,1,0,44,0,0,27,71,44,27,GA TECH,GA TECH,,,,75.2
183224,Jameson Riggs,T,0,,2029,176,60.4,70.8,,55.5,70,0,1,0,7,0,0,5,12,7,5,GA TECH,GA TECH,,,,77.9
183226,Markel Bell,T,0,2026,2026,220,57.6,76.9,,54,70,0,1,0,33,0,0,30,63,33,30,MIAMI FL,MIAMI FL,,,,64.9
183234,Elija Lofton,TE,0,,2029,220,42.6,74,51.3,41.9,09,0,1,0,2,12,0,14,28,14,14,MIAMI FL,MIAMI FL,,,,65.7
183245,Joshisa Trader,WR,0,,2029,220,74.9,69.7,72.4,60,01,0,1,0,0,2,0,3,5,2,3,MIAMI FL,MIAMI FL,61,,,
183252,Derrick McFall,HB,0,,2029,287,53.5,70.9,40.9,60,00,0,1,0,0,3,3,2,8,3,5,SMU,SMU,67.8,,62.3,
183269,Julian Dugger,QB,0,,2029,341,83.9,69.8,,60,02,0,1,4,0,0,3,2,9,4,5,WASH STATE,WASH STATE,67.8,77.3,69.4,
183278,Emmett Mosley V,WR,0,,2029,311,72,75.3,71.1,59.4,03,0,1,0,0,17,0,9,26,17,9,TEXAS,TEXAS,65.7,,,
183285,Kameron Courtney,WR,0,,2029,335,55.9,75,56,59.4,05,0,1,0,0,10,0,12,22,10,12,VIRGINIA,VIRGINIA,61,,,
183291,John Rogers,TE,0,,2029,335,57.8,75.9,55.9,59.8,89,0,1,0,3,12,0,17,32,15,17,VIRGINIA,VIRGINIA,62.9,,,69.9
183295,Ben York,T,0,,2029,335,59.3,65.7,,57.1,72,0,1,0,0,0,0,2,2,0,2,VIRGINIA,VIRGINIA,,,,
183305,Luke Kromenhoek,QB,0,,2029,227,44.5,71.9,,60,17,0,1,9,0,0,1,6,16,9,7,MISS STATE,MISS STATE,66.3,42.2,58.8,
183312,Isaac Brown,HB,0,,2029,210,75.6,0,63.9,60,01,1,1,0,3,9,11,6,29,12,17,LOUISVILLE,LOUISVILLE,73.6,,75.4,76.5
183321,Jojo Stone,WR,0,,2029,166,63.7,76.5,63.5,58.8,18,0,1,0,0,25,0,9,34,25,9,FIU,FIU,66,,,
183347,Jayden Scott,HB,0,,2029,248,61.7,76.6,39.2,58.9,04,0,1,0,8,25,19,3,55,33,22,NC STATE,NC STATE,76.5,,67.3,50.6
183348,Terrell Anderson,WR,0,,2029,248,50.3,77.1,50.4,60.8,09,0,1,0,0,25,0,12,37,25,12,NC STATE,NC STATE,68,,,
183349,CJ Bailey,QB,0,,2029,248,52.4,76.1,,60,11,1,1,34,0,0,3,20,57,34,23,NC STATE,NC STATE,27.9,48.2,66.5,
183354,Tank Boston,WR,0,,2029,248,60.1,67.5,,60.2,16,0,1,0,0,0,0,3,3,0,3,NC STATE,NC STATE,,,,
183360,Dante Daniels,TE,0,,2026,248,86.3,74.1,89.2,67.9,87,0,1,0,3,6,0,15,24,9,15,NC STATE,NC STATE,61,,,70.1
183362,Keenan Jackson,WR,0,,2029,248,64.9,74.6,64.5,60.6,08,0,1,0,0,18,0,14,32,18,14,NC STATE,NC STATE,61,,,
183378,Noah Rosahac,T,0,,2029,151,52.6,76.4,,56.8,75,0,1,0,34,0,0,27,61,34,27,DELAWARE,DELAWARE,,,,38.2
183387,Josh Harrison,DI,0,,2029,339,60,65,,,D93,0,1,0,1,0,0,0,1,1,0,WAKE,WAKE,,,,63.3
183392,Jeremiah Melvin,WR,0,,2029,339,54.6,73.6,54.7,60.3,13,0,1,0,0,7,0,10,17,7,10,WAKE,WAKE,,,,
183397,Clinton Richard,G,0,,2029,339,61.2,0,,67.4,65,2,1,0,37,0,0,34,71,37,34,WAKE,WAKE,,,,68.3
183405,CJ Heard,S,0,,2029,333,60,64.9,,60,D08,0,1,0,0,0,0,1,1,0,1,VANDERBILT,VANDERBILT,,,,
183439,Zavier Hamilton,LB,0,,2030,327,60,60,,,D25,0,1,0,1,0,0,0,1,1,0,USF,USF,,,,63.8
183440,Rodney Hill,LB,0,,2029,327,60,60,,,D06,0,1,0,1,0,0,0,1,1,0,USF,USF,,,,63.8
183442,Alvon Isaac,HB,0,,2029,327,73.5,74.4,79.1,60,15,0,1,0,5,15,7,1,28,20,8,USF,USF,72.1,,68.6,78.1
183453,Elliott Brow,WR,0,,2026,331,57.6,70.4,58.1,60.4,82,0,1,0,0,2,0,4,6,2,4,UTSA,UTSA,67.5,,,
183459,Justice Hurt,WR,0,,2028,331,59.2,67.3,59.9,60,87,0,1,0,0,1,0,1,2,1,1,UTSA,UTSA,,,,
183483,Brandon Young Jr.,TE,0,,2029,251,60,63.5,,67.2,87,0,1,0,0,0,0,2,2,0,2,N TEXAS,N TEXAS,,,,
183515,Ca'Lil Valentine,HB,0,,2029,187,78.7,72.7,78.4,,05,0,1,0,1,9,8,0,18,10,8,ILLINOIS,ILLINOIS,72.5,,76,70
183518,Gavin Hoffman,TE,0,,2029,229,60,64.1,,60,88,0,1,0,0,0,0,1,1,0,1,MISSOURI,MISSOURI,,,,
183547,Jacory Barney Jr.,WR,0,,2029,238,63.1,77.1,61.6,61.1,02,0,1,0,0,30,1,17,48,30,18,NEBRASKA,NEBRASKA,71.1,,62.3,
183552,Quinn Clark,WR,0,,2030,238,67.8,77.2,70.9,45.9,18,0,1,0,0,24,0,21,45,24,21,NEBRASKA,NEBRASKA,62.9,,,
183559,Ian Flynt,TE,0,,2029,248,60,65.7,,52.2,86,0,1,0,0,0,0,2,2,0,2,NC STATE,NC STATE,,,,
183563,Eric Ingwerson,TE,0,,2030,238,69.2,68.3,59.2,71.2,82,0,1,0,0,1,0,4,5,1,4,NEBRASKA,NEBRASKA,,,,
183573,Carter Nelson,TE,0,,2029,238,73,73.4,57.7,81.5,29,0,1,0,3,2,0,9,14,5,9,NEBRASKA,NEBRASKA,,,,68.9
183577,Jake Peters,C,0,,2030,238,60,65,,60,58,0,1,0,0,0,0,1,1,0,1,NEBRASKA,NEBRASKA,,,,
183586,Keelan Smith,WR,0,,2030,238,53.6,73.1,54.1,60.4,85,0,1,0,0,10,0,4,14,10,4,NEBRASKA,NEBRASKA,,,,
183597,Eagan Boyer,T,0,,2029,266,48.2,77.8,,53.9,64,0,1,0,38,0,0,40,78,38,40,PENN STATE,PENN STATE,,,,30
183600,Cooper Cousins,G,0,,2029,266,69.7,80.4,,68.3,50,0,1,0,38,0,0,40,78,38,40,PENN STATE,PENN STATE,,,,75.1
183606,Ethan Grunkemeyer,QB,0,,2029,266,80,77.3,60,60,17,0,1,37,0,1,4,36,78,38,40,PENN STATE,PENN STATE,70.6,79.4,63.4,
183609,Quinton Martin Jr.,HB,0,,2029,266,62.4,76.5,37.7,59.7,25,0,1,0,6,21,21,4,52,27,25,PENN STATE,PENN STATE,77.1,,68,34.2
183611,Luke Reynolds,TE,0,,2029,266,62.6,78.4,74.7,42.9,85,0,1,0,10,16,0,35,61,26,35,PENN STATE,PENN STATE,62.9,,,60.3
183612,Garrett Sexton,T,0,,2029,266,60.1,67.6,,60.1,70,0,1,0,0,0,0,4,4,0,4,PENN STATE,PENN STATE,,,,
183623,Kaylon Miller,G,0,,2029,326,52.7,3.1,,50.7,60,1,1,0,34,0,0,32,66,34,32,USC,USC,,,,80.8
183626,Jaden Richardson,WR,0,,2026,326,73.3,76.9,74.9,49.6,15,0,1,0,0,19,0,23,42,19,23,USC,USC,62.9,,,
183630,Justin Tauanuu,T,0,,2029,326,53.2,76.8,,44.1,74,0,1,0,34,0,0,32,66,34,32,USC,USC,,,,75.7
183635,Decker DeGraaf,TE,0,,2029,340,50.5,77.7,51.8,57.6,86,0,1,0,4,23,0,10,37,27,10,WASHINGTON,WASHINGTON,61,,,46.3
183636,Paki Finau,G,0,,2029,340,62.7,69.1,,60,53,0,1,0,5,0,0,1,6,5,1,WASHINGTON,WASHINGTON,,,,77.8
183639,Justin Hylkema,T,0,,2029,340,59.9,67.2,,59.6,70,0,1,0,0,0,0,3,3,0,3,WASHINGTON,WASHINGTON,,,,
183644,Adam Mohammed,HB,0,,2029,340,60.1,73.3,58.7,54.9,24,0,1,0,7,8,2,2,19,15,4,WASHINGTON,WASHINGTON,66.3,,63.3,67.7
183648,Demond Williams Jr.,QB,0,,2029,340,81.3,76,58.5,60,02,0,1,35,0,1,2,17,55,36,19,WASHINGTON,WASHINGTON,69.8,84.4,61.6,
183684,Blake Frazier,T,0,,2029,222,54.1,78.2,,64.5,77,0,1,0,56,0,0,30,86,56,30,MICHIGAN,MICHIGAN,,,,32.2
183685,Jake Guarnera,G,0,,2029,222,63.6,80.5,,66.2,53,0,1,0,56,0,0,30,86,56,30,MICHIGAN,MICHIGAN,,,,48
183686,Hogan Hansen,TE,0,,2029,222,57.4,74.8,57.2,60,80,0,1,0,0,21,0,2,23,21,2,MICHIGAN,MICHIGAN,64.1,,,
183694,Hayden Eligon II,WR,0,,2029,256,64.6,77.8,64.2,60.8,80,0,1,0,0,27,0,17,44,27,17,NWESTERN,NWESTERN,64.1,,,
183704,Ian Moore,T,0,,2029,260,64.3,74.3,,60.3,69,0,1,0,18,0,0,13,31,18,13,OHIO STATE,OHIO STATE,,,,71.1
183708,Julian Sayin,QB,0,,2029,260,73.8,76.3,,60,10,0,1,41,0,0,0,19,60,41,19,OHIO STATE,OHIO STATE,69.1,73,,
183710,Jeremiah Smith,WR,0,,2029,260,84.1,78.2,84.4,36.5,04,0,1,0,0,41,1,18,60,41,19,OHIO STATE,OHIO STATE,67.8,,63.5,
183714,Jaden Ball,G,0,,2029,225,51.8,67.4,,51.8,58,0,1,0,0,0,0,4,4,0,4,MINNESOTA,MINNESOTA,,,,
183729,Matthew Lado,T,1,,2029,109,53.2,77.8,,66.3,73,4,1,0,59,0,0,31,90,59,31,ARIZONA,ARIZONA,,,,30.9
183738,Jason Brown Jr.,HB,0,,2030,110,71.1,74.8,59.6,59,22,0,1,0,1,16,14,2,33,17,16,ARIZONA ST,ARIZONA ST,27.5,,72.7,71.8
183746,Terrell Kim,G,0,,2029,110,58,70.6,,59.5,73,0,1,0,3,0,0,2,5,3,2,ARIZONA ST,ARIZONA ST,,,,34.7
183755,Champ Westbrooks,T,0,,2029,110,62.3,76.3,,60.4,76,0,1,0,30,0,0,32,62,30,32,ARIZONA ST,ARIZONA ST,,,,63.3
183763,Jovesa Damuni,HB,0,,2029,128,61.8,73.8,58,60,28,0,1,0,2,14,7,1,24,16,8,BYU,BYU,71.6,,63.8,74.9
183794,Gavin Grover,TE,0,,2029,138,56.5,77.1,55.1,58,87,0,1,0,1,8,0,22,31,9,22,CINCINNATI,CINCINNATI,61,,,64
183797,Samaj Jones,QB,0,,2029,138,57.7,74.1,,60,05,0,1,7,0,0,13,10,30,7,23,CINCINNATI,CINCINNATI,28.4,69,55,
183803,Devyn Zahursky,TE,0,,2029,138,52.5,0,59.5,68,83,1,1,0,0,1,0,9,10,1,9,CINCINNATI,CINCINNATI,,,,
183837,Jeremy Payne,HB,0,,2029,305,77.8,76.9,77,60,26,0,1,0,7,29,14,1,51,36,15,TCU,TCU,75,,78.1,60.1
183839,Cole Snodgrass,TE,0,,2029,314,60,65,,60,84,0,1,0,0,0,0,2,2,0,2,TEXAS ST,TEXAS ST,,,,
183864,Kana'i Lopes,LB,0,,2029,328,58.3,71.1,59.3,60.2,D33,0,1,0,0,1,0,3,4,1,3,UTAH,UTAH,,,,
183867,Reece Parmenter,G,0,,2029,328,57.9,71.1,,57.8,64,0,1,0,0,0,0,6,6,0,6,UTAH,UTAH,,,,
183888,Larry Crawford,G,0,,2028,182,60,65,,,70,0,1,0,1,0,0,0,1,1,0,HOUSTON,HOUSTON,,,,70.6
183894,Kaleb Thomas,TE,0,,2029,182,46.4,73.6,51.8,48.6,35,0,1,0,2,6,0,17,25,8,17,HOUSTON,HOUSTON,,,,66.3
183928,Clayton Dees,QB,0,,2029,166,42.4,69.5,,60,10,0,1,6,0,0,0,2,8,6,2,FIU,FIU,63.8,44.8,57.3,
183999,Melvin Collins Jr.,G,0,,2027,346,48.2,0,,44.9,77,1,1,0,39,0,0,22,61,39,22,W KENTUCKY,W KENTUCKY,,,,69.5
184034,Oliver Lundberg,HB,0,,2029,146,61.9,70.4,55.6,59.7,44,0,1,0,0,4,2,1,7,4,3,UCONN,UCONN,65.5,,63.1,
184042,Blake Bustard,T,0,,2026,296,62.8,27.9,,64.3,63,1,1,0,58,0,0,29,87,58,29,SO MISS,SO MISS,,,,66.9
184081,Thomas Gotkowski,QB,0,,2029,221,46.5,75.9,,60,13,0,1,32,0,0,2,19,53,32,21,MIAMI OH,MIAMI OH,69.4,48.2,52.3,
184085,Josh Ringer,HB,0,,2029,221,66.9,72.4,58.8,,30,0,1,0,14,2,0,0,16,16,0,MIAMI OH,MIAMI OH,,,,84.7
184111,Trent Allen,G,0,,2026,259,54.1,0,,56.5,60,1,1,0,13,0,0,30,43,13,30,OHIO,OHIO,,,,79
184113,Duncan Brune,HB,0,,2029,259,63.7,72.3,58.9,58.8,06,0,1,0,1,2,8,3,14,3,11,OHIO,OHIO,71.9,,63.4,67.8
184115,Dom Dorwart,WR,0,,2029,259,63,79.7,60.3,70.6,19,0,1,0,0,15,0,35,50,15,35,OHIO,OHIO,61,,,
184126,Matt Hofer,T,0,,2030,316,60,68.8,,,71,0,1,0,3,0,0,0,3,3,0,TOLEDO,TOLEDO,,,,4.3
184132,Kalieb Osborne,QB,0,,2029,316,76.4,77.6,,60.4,07,0,1,45,0,0,7,23,75,45,30,TOLEDO,TOLEDO,41.4,72,69.6,
184162,Micah Alejado,QB,0,,2030,180,71.9,77,57.8,60,12,0,1,50,0,1,4,15,70,51,19,HAWAII,HAWAII,71.1,68.7,69,
184169,Blaze Kamoku,WR,0,,2028,180,59.1,72.1,59.2,60,80,0,1,0,0,3,0,1,4,3,1,HAWAII,HAWAII,63.6,,,
184180,Tama Uiliata,WR,0,,2030,180,58.5,73.9,55,54.9,08,0,1,1,0,8,0,6,15,9,6,HAWAII,HAWAII,64.8,,63.7,
184181,Christian Vaughn,HB,0,,2026,180,64.1,67.5,,60,47,0,1,0,1,0,2,1,4,1,3,HAWAII,HAWAII,65.5,,63,70.3
184198,Saipale Fuimaono,G,0,,2026,284,55.9,80.5,,51.8,57,0,1,0,42,0,0,34,76,42,34,S DIEGO ST,S DIEGO ST,,,,69.6
184204,Greg Burrell,HB,0,,2029,314,78.7,74,52.3,59.2,09,0,1,0,5,15,9,4,33,20,13,TEXAS ST,TEXAS ST,72.5,,83.2,78.4
184219,Tony Freeman,WR,0,,2028,341,58.2,77.5,58.4,59.9,00,0,1,0,0,31,1,14,46,31,15,WASH STATE,WASH STATE,72.2,,59.5,
184224,Wayshawn Parker,HB,0,,2029,328,79.9,77.7,80.5,47.7,01,0,1,0,3,21,15,14,53,24,29,UTAH,UTAH,75.2,,75.5,75.9
184229,Sire Gaines,HB,0,,2029,120,69.1,74.6,56.3,,26,0,1,0,5,9,8,0,22,14,8,BOISE ST,BOISE ST,72,,70.1,77.7
184238,Jordan Malau'ulu,WR,0,,2030,169,58.3,73.2,58.1,60.8,10,0,1,0,0,5,0,10,15,5,10,FRESNO ST,FRESNO ST,69.9,,,
184277,Johnnie Brown III,T,0,,2027,174,74.6,76.7,,70,66,0,1,0,32,0,0,27,59,32,27,GA SOUTHRN,GA SOUTHRN,,,,79.7
184353,Kylen Evans,WR,0,,2029,314,56.8,69,57.5,60,02,0,1,0,0,3,0,2,5,3,2,TEXAS ST,TEXAS ST,,,,
184354,Brad Jackson,QB,0,,2029,314,65.7,76.6,54.3,60,08,0,1,35,0,1,8,20,64,36,28,TEXAS ST,TEXAS ST,72,60.3,67.5,
184358,Rahji Dennis,WR,0,,2029,207,58.7,71.3,58.8,60,08,0,1,0,0,4,0,2,6,4,2,LA LAFAYET,LA LAFAYET,61,,,
184359,Teddy Gawlik,TE,0,,2029,207,60,63.5,,,44,0,1,0,1,0,0,0,1,1,0,LA LAFAYET,LA LAFAYET,,,,65.5
184361,Devron Williams Jr.,G,0,,2029,331,59.8,71.2,,58.9,77,0,1,0,2,0,0,4,6,2,4,UTSA,UTSA,,,,73.1
184377,Trae Swartz,TE,0,,2026,318,53.4,71.8,54,53.4,89,0,1,0,3,6,0,7,16,9,7,TROY,TROY,,,,69.1
184401,Dylan Gentry,WR,0,,2029,196,55.3,74.8,55.5,61,05,0,1,0,0,15,0,6,21,15,6,JVILLE ST,JVILLE ST,62.9,,,
184448,Weston Davis,T,0,,2029,211,71.9,75.7,,68.8,75,0,1,0,36,0,0,17,53,36,17,LSU,LSU,,,,74.2
184449,Caden Durham,HB,0,,2029,211,53.2,74.9,52.9,56,29,0,1,0,8,14,5,5,32,22,10,LSU,LSU,69.7,,56.5,42.8
184451,Coen Echols,G,0,,2029,211,50.3,79,,41.6,78,0,1,0,37,0,0,17,54,37,17,LSU,LSU,,,,67.9
184453,Trey'Dez Green,TE,0,,2029,211,90,77.1,89.5,51.4,14,0,1,0,2,22,0,7,31,24,7,LSU,LSU,65,,,66.6
184458,Ju'Juan Johnson,HB,0,,2029,211,54.4,73.3,56.2,60,08,0,1,0,7,5,3,1,16,12,4,LSU,LSU,67.3,,61.9,18.4
184485,Jayven Richardson,T,0,,2027,229,60,64.3,,59.4,75,0,1,0,0,0,0,1,1,0,1,MISSOURI,MISSOURI,,,,
184502,Brandon Baker,T,0,,2029,311,71.9,77,,62.7,73,1,1,0,45,0,0,26,71,45,26,TEXAS,TEXAS,,,,85.5
184505,Christian Clark,HB,0,,2029,311,73.2,78.4,52.4,60,06,0,1,0,10,31,21,1,63,41,22,TEXAS,TEXAS,77,,77.7,39
184512,Parker Livingstone,WR,0,,2029,311,56.9,78,56.7,61.7,13,0,1,0,0,32,0,18,50,32,18,TEXAS,TEXAS,64.1,,,
184520,Ryan Wingo,WR,1,,2029,311,68.7,0,68.8,78.7,01,1,1,0,0,23,0,15,38,23,15,TEXAS,TEXAS,65,,,
184525,Tyler Fortenberry,TE,0,,2027,113,44.3,77.3,52.6,35.5,19,2,1,0,4,23,0,16,43,27,16,ARK STATE,ARK STATE,64.6,,,69.3
184536,Daniel Hill,HB,0,,2029,103,63.2,75.7,71.8,60,04,0,1,1,7,20,5,1,34,28,6,ALABAMA,ALABAMA,71,60.6,62.3,20.8
184543,Caleb Odom,TE,0,,2029,226,44.5,70.2,47,,04,0,1,0,0,5,0,0,5,5,0,OLE MISS,OLE MISS,61,,,
184550,Chauncey Bowens,HB,0,,2029,173,64,74.4,54.4,60,33,0,1,0,2,13,5,2,22,15,7,GEORGIA,GEORGIA,69.7,,65.7,85.9
184554,Chris Cole,LB,0,,2029,173,60,60,,,D09,0,1,0,1,0,0,0,1,1,0,GEORGIA,GEORGIA,,,,63.8
184572,Jaden Reddell,TE,0,,2029,173,64.2,65.3,,75.3,23,0,1,0,0,0,0,2,2,0,2,GEORGIA,GEORGIA,,,,
184578,Malachi Toliver,C,0,,2029,173,67.5,79.9,,64.1,51,0,1,0,45,0,0,29,74,45,29,GEORGIA,GEORGIA,,,,72.6
184583,Sacovie White-Helton,WR,0,,2029,173,76.1,67.5,72.1,60,18,0,1,0,0,2,0,2,4,2,2,GEORGIA,GEORGIA,61,,,
184584,Justin Williams,LB,0,,2029,173,60,65,,,D19,0,1,0,1,0,0,0,1,1,0,GEORGIA,GEORGIA,,,,63.8
184618,Matthew Wilson,QB,0,,2029,108,56,75.6,,60,06,0,1,25,0,0,10,14,49,25,24,APP STATE,APP STATE,72.6,35.1,75.3,
184620,TJ Engleman Jr.,HB,0,,2029,156,70,73.6,57.7,59.1,20,0,1,0,2,4,7,5,18,6,12,E CAROLINA,E CAROLINA,71.3,,69.3,74.6
184628,Jyron Waiters,WR,0,,2028,156,59.4,79.5,64.9,38.7,15,0,1,0,0,20,0,29,49,20,29,E CAROLINA,E CAROLINA,62.9,,,
184643,Malik Aliane,T,0,,2027,241,53.6,76.1,,53.3,51,0,1,0,33,0,0,19,52,33,19,NEW MEXICO,NEW MEXICO,,,,51.1
184673,Luis Martinez,T,0,,2026,134,62.5,72.2,,60,71,0,1,0,7,0,0,1,8,7,1,C MICHIGAN,C MICHIGAN,,,,78.1
184677,Brock Townsend,HB,0,,2029,134,63.1,0,64.7,57.5,22,1,1,0,6,16,7,9,38,22,16,C MICHIGAN,C MICHIGAN,71.4,,66.1,77.7
184714,Brady Kluse,WR,0,,2029,218,57,77,56.5,62.7,12,0,1,0,0,21,0,19,40,21,19,MEMPHIS,MEMPHIS,62.9,,,
184715,Arrington Maiden,QB,0,,2029,218,29.3,69.8,,60,07,0,1,2,0,0,3,4,9,2,7,MEMPHIS,MEMPHIS,14.7,42.6,43.7,
184723,Jonathan Young,T,0,,2027,218,36.2,20.8,,53.8,68,1,1,0,41,0,0,31,72,41,31,MEMPHIS,MEMPHIS,,,,10.7
184726,Julian Johnson,TE,0,,2029,225,56.1,69.7,62,54.3,82,0,1,0,0,1,0,8,9,1,8,MINNESOTA,MINNESOTA,61,,,
184727,Drake Lindsey,QB,0,,2029,225,41.3,77.3,,60.1,05,0,1,33,0,0,1,30,64,33,31,MINNESOTA,MINNESOTA,69,37.4,63.3,
184729,Nathan Roy,T,0,,2029,225,63.2,18.6,,58.6,50,1,1,0,33,0,0,31,64,33,31,MINNESOTA,MINNESOTA,,,,86.1
184730,Jacob Simpson,TE,0,,2029,225,57.1,71.8,57.4,59.3,88,0,1,0,0,4,0,3,7,4,3,MINNESOTA,MINNESOTA,,,,
184742,Dillon Hipp,TE,0,,2029,230,55,71,54.8,56.2,85,0,1,0,2,4,0,6,12,6,6,MO STATE,MO STATE,,,,69.3
184763,Karsten Upchurch,T,0,,2027,346,42.8,77.4,,40.9,74,1,1,0,49,0,0,27,76,49,27,W KENTUCKY,W KENTUCKY,,,,46.1
184764,Michael Van Buren Jr.,QB,0,,2029,211,77.9,75.9,,60,11,0,1,37,0,0,4,13,54,37,17,LSU,LSU,70.6,72.5,73,
184767,Luke Work,G,0,,2029,227,55.1,75.7,,48.8,51,0,1,0,16,0,0,10,26,16,10,MISS STATE,MISS STATE,,,,81.8
184773,Joseph Harper,LB,0,,2027,296,60,60,,60,D53,0,1,0,0,0,0,1,1,0,1,SO MISS,SO MISS,,,,
184781,Greg Nunnery,G,0,,2027,296,64.7,80.9,,60.1,56,0,1,0,58,0,0,29,87,58,29,SO MISS,SO MISS,,,,79.1
184843,Trent Ferguson,T,0,,2029,264,49.6,69,,49.4,56,0,1,0,1,0,0,5,6,1,5,OREGON,OREGON,,,,66.5
184855,Jeremiah McClellan,WR,0,,2029,264,57.4,76.9,59.8,42.8,11,0,1,0,1,20,0,20,41,21,20,OREGON,OREGON,62.9,,,61.9
184864,Roger Saleapaga II,TE,0,,2029,264,49.6,72.3,56.3,45.5,83,0,1,0,0,3,0,7,10,3,7,OREGON,OREGON,,,,
184887,Mike Matthews,WR,0,,2029,307,68.7,78.8,66.3,73.7,04,0,1,0,0,26,0,27,53,26,27,TENNESSEE,TENNESSEE,64.1,,,
184890,Jesse Perry,T,0,,2029,307,72.3,78.2,,71.3,72,0,1,0,26,0,0,29,55,26,29,TENNESSEE,TENNESSEE,,,,77.7
184893,Braylon Staley,WR,0,,2029,307,54.7,76.2,54.8,57.7,14,0,1,0,0,25,0,26,51,25,26,TENNESSEE,TENNESSEE,65,,,
184897,Cameron Dickey,HB,0,,2029,315,51.5,74.6,63,59.6,08,0,1,0,4,17,11,2,34,21,13,TEXAS TECH,TEXAS TECH,24.5,,51.1,24.4
184909,Jacob Ponton,T,0,,2029,315,60.4,14.6,,67.4,70,1,1,0,38,0,0,24,62,38,24,TEXAS TECH,TEXAS TECH,,,,55.5
185332,Sean Wilson,WR,0,,2029,151,68.6,77.6,70,46.5,18,0,1,0,0,27,0,22,49,27,22,DELAWARE,DELAWARE,67.1,,,
185516,Logan Scrivner,C,0,,2029,230,60,69.6,,,75,0,1,0,2,0,0,0,2,2,0,MO STATE,MO STATE,,,,32.8
185519,Jeron Askren,TE,0,,2029,230,68.8,77.2,63.9,71.2,88,0,1,0,7,24,0,21,52,31,21,MO STATE,MO STATE,65,,,63.6
185903,Isaiah Johnson,WR,0,,2029,138,57.6,74.2,57.7,59.4,00,0,1,0,0,10,0,7,17,10,7,CINCINNATI,CINCINNATI,62.9,,,
186164,Nathan Knapik,T,0,,2029,187,74.9,77.7,,73.5,71,0,1,0,39,0,0,34,73,39,34,ILLINOIS,ILLINOIS,,,,70.1
186432,Tyler Lawrence,T,0,,2028,241,57.7,76.7,,60.9,68,0,1,0,44,0,0,25,69,44,25,NEW MEXICO,NEW MEXICO,,,,47.9
186476,Daniel Jones,T,0,,2029,141,47.7,15.1,,60.1,70,1,1,0,41,0,0,19,60,41,19,COAST CAR,COAST CAR,,,,37.4
186484,Gavin McLaughlin,T,0,,2029,141,31.1,0,,48.4,55,2,1,0,22,0,0,11,33,22,11,COAST CAR,COAST CAR,,,,34.5
186493,Julius Tate,G,0,,2029,141,50.4,0,,48.3,61,2,1,0,42,0,0,16,58,42,16,COAST CAR,COAST CAR,,,,84.6
186580,Tre Williams III,TE,0,,2026,251,50.5,81.4,44.9,64.9,06,0,1,0,14,39,0,48,101,53,48,N TEXAS,N TEXAS,61,,,67.7
186590,Cameron Barmore,TE,0,,2026,109,69.5,76.8,75.4,48.6,80,0,1,0,5,27,0,14,46,32,14,ARIZONA,ARIZONA,65.7,,,60.8
187361,Cameron Dorner,WR,0,2026,2026,251,55.1,0,56.8,55.4,04,1,1,0,0,51,0,43,94,51,43,N TEXAS,N TEXAS,15.1,,,
188067,Jordan Jackson,WR,0,,2026,200,56.9,70.8,57.6,60.2,19,0,1,0,0,2,0,4,6,2,4,KENNESAW,KENNESAW,,,,
188188,Jakorion Caffey,HB,0,,2029,138,54.1,66,,60,20,0,1,0,0,0,1,1,2,0,2,CINCINNATI,CINCINNATI,62.5,,57.3,
188191,Elijah Jones,WR,0,,2029,138,55.9,74.3,55.7,59.3,80,0,1,0,0,5,0,14,19,5,14,CINCINNATI,CINCINNATI,,,,
188210,Deron McLaughlin,G,0,,2029,146,65.9,76.7,,63.1,52,0,1,0,18,0,0,18,36,18,18,UCONN,UCONN,,,,83.7
188214,Terrence Smith Jr.,WR,0,,2029,146,58.7,64.1,,,15,0,1,1,0,0,0,0,1,1,0,UCONN,UCONN,60.3,60,,
188242,Elijah Williams,C,0,,2029,346,70.2,74.1,,66.3,55,0,1,0,10,0,0,5,15,10,5,W KENTUCKY,W KENTUCKY,,,,84.6
188281,Braylon Isom,WR,0,,2029,221,53.4,73.2,54.1,60,18,0,1,0,0,12,0,1,13,12,1,MIAMI OH,MIAMI OH,,,,
188283,D'Shawntae Jones,HB,0,,2029,221,63.3,68.1,,,14,0,1,0,1,0,6,0,7,1,6,MIAMI OH,MIAMI OH,70.5,,62.3,72.6
188285,Kris Manu,C,0,,2029,221,52.7,0,,58.7,72,1,1,0,32,0,0,21,53,32,21,MIAMI OH,MIAMI OH,,,,48.2
188291,Jacob Schorsch,G,0,,2029,221,27.2,0,,56.5,70,2,1,0,32,0,0,21,53,32,21,MIAMI OH,MIAMI OH,,,,0
188305,Zacharyus Williams,WR,0,,2029,326,54.2,74,54.2,61.1,00,0,1,0,0,11,0,9,20,11,9,USC,USC,,,,
188333,Ezra Burgess,TE,0,,2029,113,60,68.7,,60,82,0,1,0,1,0,0,4,5,1,4,ARK STATE,ARK STATE,61.9,,,63.9
188347,Riley McGehee,T,0,,2029,113,68.5,76.7,,75.6,78,0,1,0,38,0,0,21,59,38,21,ARK STATE,ARK STATE,,,,51.6
188351,Baker North,G,0,,2029,113,64.8,79.7,,68.3,79,0,1,0,38,0,0,24,62,38,24,ARK STATE,ARK STATE,,,,50.1
188360,Devin Spencer,HB,0,,2029,113,64.1,74.7,61.1,60.1,04,0,1,0,2,16,7,6,31,18,13,ARK STATE,ARK STATE,71.5,,64.3,71.8
188367,Colin Alexander,T,0,,2029,174,60.3,68.3,,59,63,0,1,0,3,0,0,2,5,3,2,GA SOUTHRN,GA SOUTHRN,,,,72.2
188370,Bryce Baker,HB,0,,2029,174,65.3,67.8,59.3,74,33,0,1,0,0,1,0,2,3,1,2,GA SOUTHRN,GA SOUTHRN,,,,
188381,Antavious Murphy,WR,0,,2029,174,57.2,65.8,58.3,,26,0,1,0,0,2,0,0,2,2,0,GA SOUTHRN,GA SOUTHRN,,,,
188492,Kayden McGee,WR,0,,2029,325,56.8,67.8,56.4,,16,0,1,0,0,3,1,0,4,3,1,UNLV,UNLV,62.5,,59.5,
188498,Amare Taase,C,0,,2029,325,55.9,77.7,,52.6,74,0,1,0,20,0,0,17,37,20,17,UNLV,UNLV,,,,67.1
188507,Tristen Brown,WR,0,,2029,333,55.8,74.8,56.1,60,03,0,1,0,0,18,0,3,21,18,3,VANDERBILT,VANDERBILT,64.1,,,
188510,Brycen Coleman,TE,0,,2029,333,40.2,71.7,42.4,,82,0,1,0,0,6,0,0,6,6,0,VANDERBILT,VANDERBILT,,,,
188517,Jaylin Lackey,CB,0,,2029,333,60,60,,60,D27,0,1,0,0,0,0,1,1,0,1,VANDERBILT,VANDERBILT,,,,
188520,Joseph McVay,WR,0,,2028,333,85.2,70.9,81.2,59.9,15,0,1,0,0,3,0,2,5,3,2,VANDERBILT,VANDERBILT,61,,,
188661,Charlie Becker,WR,0,,2029,190,80.3,75.3,79.8,60.2,80,0,1,0,0,13,0,18,31,13,18,INDIANA,INDIANA,62.9,,,
188671,Khobie Martin,HB,0,,2029,190,60.8,70.4,,58.5,28,0,1,0,0,0,4,5,9,0,9,INDIANA,INDIANA,68.6,,61.2,
188673,Alberto Mendoza,QB,0,,2029,190,69.4,69.8,,60,16,0,1,0,0,0,5,4,9,0,9,INDIANA,INDIANA,69.7,,65,
188680,Logan Cox,G,0,,2028,263,44.3,20.3,,50.8,69,1,1,0,31,0,0,41,72,31,41,DOMINION,DOMINION,,,,41.1
188710,Koi Perich,S,0,,2029,225,77.3,74.5,77.6,89.8,D03,0,1,0,0,11,2,9,22,11,11,MINNESOTA,MINNESOTA,72.9,,54.2,
188714,Jalen Smith,WR,0,,2029,225,70.2,78.4,70.7,49.9,08,0,1,0,0,33,0,21,54,33,21,MINNESOTA,MINNESOTA,66.2,,,
188745,Cameron Flowers,WR,0,,2029,346,64.3,69.5,56.4,83,04,0,1,1,0,4,0,1,6,5,1,W KENTUCKY,W KENTUCKY,64.7,60.6,,
188754,Rodney Tisdale Jr.,QB,0,,2029,346,51.9,74.3,58.5,60,16,1,1,24,0,1,2,7,34,25,9,W KENTUCKY,W KENTUCKY,69.1,48,64.3,
188810,Will Cianfrini,WR,0,,2030,284,56.7,76,58.9,45.6,16,0,1,0,0,23,0,18,41,23,18,S DIEGO ST,S DIEGO ST,64.1,,,
188826,Parker Threatt,WR,0,,2030,284,53.2,72.7,54.1,59.8,10,0,1,0,0,11,0,2,13,11,2,S DIEGO ST,S DIEGO ST,,,,
188830,Ryan Wolfer,TE,0,,2030,284,61.7,72.9,52.9,72,88,0,1,0,1,7,0,4,12,8,4,S DIEGO ST,S DIEGO ST,,,,64
188864,Chase Farrell,WR,0,,2029,256,55.2,71.3,55.8,60,20,0,1,0,0,5,0,3,8,5,3,NWESTERN,NWESTERN,,,,
188882,Carson Gentle,ED,0,,2029,307,57.4,66.5,,51.2,D35,0,1,0,0,0,0,2,2,0,2,TENNESSEE,TENNESSEE,,,,
189360,Christian Bentancur,TE,0,,2029,140,67.6,79.3,63.2,73.6,87,0,1,0,4,24,0,17,45,28,17,CLEMSON,CLEMSON,62.9,,,70.1
189365,Ashton Hampton,CB,0,,2029,140,56.3,60,55.3,,D23,0,1,0,0,1,0,0,1,1,0,CLEMSON,CLEMSON,,,,
189369,T.J. Moore,WR,0,,2029,140,66.1,0,70.9,36.6,01,1,1,0,0,43,0,20,63,43,20,CLEMSON,CLEMSON,69.6,,,
189371,Clark Sanderson,WR,0,,2029,140,57.2,68.3,57.7,,20,0,1,0,0,5,0,0,5,5,0,CLEMSON,CLEMSON,61,,,
189388,Jayden Moore,WR,0,,2029,154,57.8,69,58.5,60.1,08,0,1,0,0,2,0,3,5,2,3,DUKE,DUKE,,,,
189397,Bradley Smith,G,0,,2029,154,68.6,79.9,,65.7,63,0,1,0,57,0,0,32,89,57,32,DUKE,DUKE,,,,80.6
189398,Chase Tyler,WR,0,,2029,154,57.1,66.8,58.2,,11,0,1,0,0,2,0,0,2,2,0,DUKE,DUKE,,,,
189418,Luke Harpring,TE,0,,2029,176,56.3,73.3,55.9,57.8,15,0,1,0,3,4,0,5,12,7,5,GA TECH,GA TECH,,,,70.6
189460,Jaylin Acevedo,T,0,,2030,237,59.3,67.7,,58.8,66,0,1,0,0,0,0,4,4,0,4,NAVY,NAVY,,,,
189467,Michael Barrow,FB,0,,2029,237,64.1,69.5,,58,26,0,1,0,0,0,2,3,5,0,5,NAVY,NAVY,65.5,,62.6,
189474,Jacob Carlson,K,0,,2029,237,60,60,,,S15,0,1,0,0,0,1,0,1,0,1,NAVY,NAVY,62.5,,60,
189479,Sean Crowley,T,0,,2029,237,61.8,77.4,,59,73,0,1,0,17,0,0,47,64,17,47,NAVY,NAVY,,,,72.6
189483,Theo Elwell,TE,0,,2029,237,61.6,72.4,60.7,60.5,87,0,1,0,2,2,0,10,14,4,10,NAVY,NAVY,,,,69.4
189488,Jackson Gutierrez,HB,0,,2029,237,62,70.5,,59.4,08,0,1,0,2,0,2,3,7,2,5,NAVY,NAVY,65.5,,61.5,71.8
189491,Connor Heater,T,0,,2029,237,60.6,67.9,,60.5,65,0,1,0,0,0,0,5,5,0,5,NAVY,NAVY,,,,
189504,Carmello Michel,G,0,,2029,237,59.6,68.5,,59.5,64,0,1,0,0,0,0,4,4,0,4,NAVY,NAVY,,,,
189505,Will Miles,TE,0,,2028,237,49,67.8,,49.3,45,0,1,0,0,0,0,4,4,0,4,NAVY,NAVY,,,,
189515,Charles Robinson,FB,0,,2029,237,70.2,72.1,89.3,67,23,0,1,0,0,3,1,11,15,3,12,NAVY,NAVY,64.3,,60,
189523,Toran Smith,C,0,,2029,237,59.4,69.6,,58.4,63,0,1,0,0,0,0,4,4,0,4,NAVY,NAVY,,,,
189541,Malachi Thomas,TE,0,,2029,268,81.1,71.3,86.9,54.4,82,0,1,0,1,6,0,5,12,7,5,PITTSBURGH,PITTSBURGH,62.9,,,34
189596,Braden Carter,T,0,,2029,327,57.7,73.1,,59.5,54,0,1,0,18,0,0,7,25,18,7,USF,USF,,,,51.7
189601,Nykahi Davenport,HB,0,,2030,327,61.9,73.4,65.5,60,25,0,1,0,0,14,7,1,22,14,8,USF,USF,71.6,,60,
189604,Fred Gaskin III,S,0,,2029,327,47.6,63.9,46.9,,D05,0,1,0,0,3,0,0,3,3,0,USF,USF,61,,,
189644,Cody Hagen,WR,0,,2029,128,49.2,71.1,57.1,39.2,05,0,1,0,0,3,0,3,6,3,3,BYU,BYU,61.9,,,
189649,Noah Moeaki,TE,0,,2029,128,67.4,67.2,59.2,69,82,0,1,0,0,1,0,4,5,1,4,BYU,BYU,,,,
189650,Tei Nacua,WR,0,,2029,128,55.3,70.3,55.9,60,00,0,1,0,0,6,0,3,9,6,3,BYU,BYU,,,,
189694,Reece Vander Zee,WR,0,,2029,192,70.8,77.6,70.6,59.9,15,0,1,0,0,17,0,27,44,17,27,IOWA,IOWA,66,,,
189695,DJ Vonnahme,TE,0,,2029,192,91.3,77.3,92.8,56.6,81,0,1,0,4,18,0,24,46,22,24,IOWA,IOWA,66.7,,,34.9
189698,Xavier Williams,HB,0,,2029,192,51.4,74.3,39.1,60,26,0,1,0,6,6,5,7,24,12,12,IOWA,IOWA,69.7,,61.6,37.8
189704,Mekhi Nelson,HB,0,,2030,238,76.3,74.6,54.4,,35,0,1,0,1,16,13,0,30,17,13,NEBRASKA,NEBRASKA,74.5,,79.9,67.5
189710,Cade Keith,TE,0,,2029,241,53,71.8,52.1,59.9,88,0,1,0,1,9,0,1,11,10,1,NEW MEXICO,NEW MEXICO,,,,67.8
189725,Jace Burton,WR,0,,2029,340,60,63.4,,60,35,0,1,0,0,0,0,1,1,0,1,WASHINGTON,WASHINGTON,,,,
189732,Jordan Washington,HB,0,,2029,340,80,72.2,56.9,,04,0,1,0,3,5,4,0,12,8,4,WASHINGTON,WASHINGTON,68.6,,79.5,74.2
189778,Devonte Lyons,HB,0,,2029,166,62.4,72.6,68.2,,20,0,1,0,4,18,1,0,23,22,1,FIU,FIU,67.6,,59.4,77.7
189779,Eric Nelson Jr.,WR,0,,2029,166,46.3,75.3,47.2,60.6,11,0,1,0,0,17,0,6,23,17,6,FIU,FIU,,,,
189780,Jon Rodriguez,C,0,,2029,166,55.8,72.2,,59.7,67,0,1,0,6,0,0,2,8,6,2,FIU,FIU,,,,23.3
189783,Amare Grayson,G,0,,2029,196,64.9,78.9,,60.8,54,0,1,0,30,0,0,35,65,30,35,JVILLE ST,JVILLE ST,,,,88.5
189795,Khristian Lando,HB,0,,2029,196,58.1,74.7,56.9,59.2,22,0,1,0,4,12,11,2,29,16,13,JVILLE ST,JVILLE ST,73.6,,58,83.2
189796,Jalen Likely,HB,0,,2029,196,59.7,69.4,60,59,06,0,1,0,3,1,1,3,8,4,4,JVILLE ST,JVILLE ST,62.5,,59.6,75.3
189802,Lucas Mrachkovskiy,C,0,,2029,196,66.3,79.4,,61.9,50,0,1,0,30,0,0,35,65,30,35,JVILLE ST,JVILLE ST,,,,80
189806,Justus Savage,HB,0,,2029,196,69.2,71.4,58.6,,21,0,1,0,0,2,7,0,9,2,7,JVILLE ST,JVILLE ST,71.3,,67.9,
189818,Austin Ellis,G,0,,2029,208,56.4,68.1,,57.6,53,0,1,0,2,0,0,4,6,2,4,LA TECH,LA TECH,,,,38.4
189819,Amani Givens,HB,0,,2026,208,58.4,67.8,59.4,60,25,0,1,0,0,1,0,2,3,1,2,LA TECH,LA TECH,,,,
190013,Ahmad Hardy,HB,0,,2029,229,68.8,75,54.7,59.3,29,0,1,0,0,6,16,2,24,6,18,MISSOURI,MISSOURI,75.5,,69.1,
190053,Na'eem Abdul-Rahim Gladding,WR,0,,2029,263,64,77.5,64,59.8,07,0,1,0,0,33,0,45,78,33,45,DOMINION,DOMINION,65.7,,,
190064,Quinn Henicle,QB,0,,2029,263,67.5,77.5,,60,10,0,1,33,0,0,19,27,79,33,46,DOMINION,DOMINION,47.1,49.8,75.5,
190067,Lorenzo McFadden-Pressley,DI,0,,2029,263,60,60,,,D76,0,1,0,1,0,0,0,1,1,0,DOMINION,DOMINION,,,,63.8
190075,Fluff Bothwell,HB,0,,2029,227,55.1,77,42.5,57.6,24,0,1,0,6,19,14,9,48,25,23,MISS STATE,MISS STATE,74.8,,61,59.1
190093,Will Loerzel,TE,0,,2029,339,54.3,0,,59.3,85,1,1,0,1,0,0,3,4,1,3,WAKE,WAKE,,,,62.2
190105,Jordan Martin,WR,0,,2029,314,59.5,73.2,59.3,60.9,14,0,1,0,0,1,0,8,9,1,8,TEXAS ST,TEXAS ST,,,,
190107,Tyler Norris,G,0,,2029,314,60,68.8,,60,54,0,1,0,0,0,0,3,3,0,3,TEXAS ST,TEXAS ST,,,,
190119,Javon Brown,WR,0,,2029,316,54.2,72.3,54.9,59.7,87,0,1,0,0,7,0,3,10,7,3,TOLEDO,TOLEDO,,,,
190144,Ryan Brotherton,TE,0,,2029,347,60,64.4,,60,83,0,1,0,0,0,0,1,1,0,1,W MICHIGAN,W MICHIGAN,,,,
190150,Terence Marshall,WR,0,,2029,347,83.5,74.7,82.7,60.5,11,0,1,0,0,2,0,14,16,2,14,W MICHIGAN,W MICHIGAN,61,,,
190220,Jude James,TE,0,,2029,229,57.5,77.4,52.5,63.4,89,0,1,0,0,6,0,24,30,6,24,MISSOURI,MISSOURI,,,,
190221,Kewan Lacy,HB,0,,2029,226,66.5,77.2,57.5,60,05,0,1,0,7,27,22,3,59,34,25,OLE MISS,OLE MISS,36.9,,67,80.5
190253,Mekhi Anderson,WR,0,,2029,331,68.1,71,66.6,60,33,0,1,0,0,4,0,2,6,4,2,UTSA,UTSA,63.6,,,
190255,Will Henderson III,HB,0,,2029,331,76.9,76.5,74.6,60,23,0,1,0,5,17,14,2,38,22,16,UTSA,UTSA,74.8,,73.9,31.3
190257,Davion Hurth,T,0,,2029,331,59.8,74.1,,57.8,54,0,1,0,7,0,0,9,16,7,9,UTSA,UTSA,,,,77.4
190274,Dawson Johnson,TE,0,,2029,263,56.6,77.6,54.6,60.1,19,0,1,0,3,9,0,27,39,12,27,DOMINION,DOMINION,,,,70.7
190299,Jacob Norcross,G,0,,2029,218,73.6,80.2,,74.8,59,0,1,0,41,0,0,31,72,41,31,MEMPHIS,MEMPHIS,,,,70.2
190302,Javon Rogers,WR,0,,2029,200,80.3,75.7,78.5,60.8,15,0,1,0,0,15,0,8,23,15,8,KENNESAW,KENNESAW,64.1,,,
190304,Lucas Scheerhorn,QB,0,,2029,275,43.1,73.3,,60,08,0,1,12,0,0,5,9,26,12,14,RICE,RICE,24.4,59.8,39.5,
190346,Ratumana Bulabalavu,G,0,,2029,326,60,64.9,,60,75,0,1,0,0,0,0,1,1,0,1,USC,USC,,,,
190351,Walter Matthews,TE,0,,2029,326,60,66.3,,,35,0,1,0,1,0,0,0,1,1,0,USC,USC,,,,29.9
190358,Hayden Treter,G,0,,2029,326,51.3,80,,47.5,68,0,1,0,34,0,0,32,66,34,32,USC,USC,,,,62
190362,Mackenzie Alleyne,WR,0,,2029,341,76,74.9,78.9,43.9,88,0,1,0,0,13,0,13,26,13,13,WASH STATE,WASH STATE,64.1,,,
190365,Connor Calvert,K,0,,2029,339,59,64.1,60,,S90,0,1,0,0,1,0,0,1,1,0,WAKE,WAKE,,,,
190383,Xavier Thorpe,T,0,,2029,341,60,68.3,,59.4,54,0,1,0,2,0,0,3,5,2,3,WASH STATE,WASH STATE,,,,67.7
190387,Landon Wright,WR,0,,2029,341,75.5,71.8,72.9,60,84,0,1,0,0,7,0,2,9,7,2,WASH STATE,WASH STATE,61,,,
190388,Khamani Alexander,HB,0,,2029,108,66.3,73,79.8,57,26,0,1,0,2,9,5,5,21,11,10,APP STATE,APP STATE,70.1,,62.8,70.5
190389,Franklin Baret Jr.,WR,0,,2029,196,56.5,71,57.2,59.2,84,0,1,0,0,3,0,5,8,3,5,JVILLE ST,JVILLE ST,,,,
190418,Dillon Lorick,WR,0,,2029,156,59.7,72.9,60,60.7,14,0,1,0,0,1,0,8,9,1,8,E CAROLINA,E CAROLINA,,,,
190421,Miles Parker,TE,0,,2029,156,54.5,73.7,,52.6,83,0,1,0,1,0,0,13,14,1,13,E CAROLINA,E CAROLINA,,,,67.9
190465,James Laubstein,QB,0,,2027,241,75.1,72.5,,60,13,0,1,6,0,0,13,2,21,6,15,NEW MEXICO,NEW MEXICO,74,58.9,71.1,
190493,Brady Anderson,WR,0,,2029,114,58.9,75.7,54,65.5,84,0,1,0,1,8,0,21,30,9,21,ARMY,ARMY,,,,65.3
190494,Xavier Archawski,T,0,,2029,114,60.3,67.5,,59.5,78,0,1,0,1,0,0,2,3,1,2,ARMY,ARMY,,,,71.6
190498,Tex Brannan,TE,0,,2029,114,78,72.6,60,80.4,86,0,1,0,4,1,0,15,20,5,15,ARMY,ARMY,,,,12.6
190527,Josh Manecke,T,0,,2029,114,60,66.1,,54.6,68,0,1,0,0,0,0,2,2,0,2,ARMY,ARMY,,,,
190539,Noah Prior,TE,0,,2029,114,57.3,68.3,59.3,59.1,85,0,1,0,0,1,0,3,4,1,3,ARMY,ARMY,,,,
190540,James Rothstein,TE,0,,2029,114,59.5,69,,59,87,0,1,0,0,0,0,5,5,0,5,ARMY,ARMY,,,,
190543,Aden Self,FB,0,,2029,114,61.4,73.8,55.6,64,02,0,1,0,1,2,0,19,22,3,19,ARMY,ARMY,,,,70
190555,Jayden Walker,FB,0,,2030,114,60,67.4,,60,28,0,1,0,0,0,0,3,3,0,3,ARMY,ARMY,,,,
190583,Hamilton Atkins,TE,0,,2029,210,60,64.9,,60,90,0,1,0,0,0,0,1,1,0,1,LOUISVILLE,LOUISVILLE,,,,
190604,Miles Coleman,WR,0,,2029,251,63.9,74.9,63.9,58.8,01,0,1,0,0,15,0,16,31,15,16,N TEXAS,N TEXAS,69.9,,,
190610,Chris Gant Jr.,S,0,,2029,241,60,60,,60,D13,0,1,0,0,0,0,1,1,0,1,NEW MEXICO,NEW MEXICO,,,,
190611,Ashton Gray,HB,0,,2029,251,78,75,59,,20,0,1,1,2,17,16,0,36,20,16,N TEXAS,N TEXAS,75.4,58,80.5,68.9
190614,Kyle Koch,WR,0,,2029,251,68.7,71,67.4,60.1,14,0,1,0,0,6,0,3,9,6,3,N TEXAS,N TEXAS,62.9,,,
190616,Drew Mestemaker,QB,0,,2029,251,53.5,78.4,60,60,17,0,1,52,0,1,1,46,100,53,47,N TEXAS,N TEXAS,70.2,51.6,61.8,
190617,Braydon Nelson,T,0,,2029,251,59.6,78.8,,57.7,67,1,1,0,53,0,0,47,100,53,47,N TEXAS,N TEXAS,,,,60.3
190632,Wyatt Young,WR,0,,2029,251,58.2,77.8,57.4,63.7,10,0,1,0,0,37,0,30,67,37,30,N TEXAS,N TEXAS,66.7,,,
190648,Luke Miller,T,0,,2029,275,61.1,76.6,59.6,59.6,53,0,1,0,23,1,0,35,59,24,35,RICE,RICE,,,,63.6
190689,Matt Henry,G,0,,2026,318,69.8,78.7,,65.3,67,0,1,0,41,0,0,21,62,41,21,TROY,TROY,,,,89.1
190704,Carlos Slayden,G,0,,2027,296,60,64.4,,60,55,0,1,0,0,0,0,1,1,0,1,SO MISS,SO MISS,,,,
190723,Viron Ellison Jr.,HB,0,,2029,151,65.7,73.6,58.6,54.5,23,0,1,0,6,8,10,3,27,14,13,DELAWARE,DELAWARE,73.1,,65.8,83.2
190726,Jackson Ford,TE,0,,2029,284,61.4,77.1,67.7,50.6,15,0,1,0,8,20,0,27,55,28,27,S DIEGO ST,S DIEGO ST,62.9,,,71.5
190803,DJ Butler,HB,0,,2029,182,66.2,75.1,65,86.4,25,0,1,0,3,11,9,6,29,14,15,HOUSTON,HOUSTON,72.6,,61.3,73
190808,Traville Frederick Jr.,TE,0,,2029,182,70,73.1,63.8,76.8,85,0,1,0,3,4,0,6,13,7,6,HOUSTON,HOUSTON,62.9,,,69.7
190823,Koby Young,WR,0,,2029,182,59.6,79.8,57.5,74.8,18,0,1,0,0,40,0,35,75,40,35,HOUSTON,HOUSTON,62.9,,,
190830,Channing Goodwin,WR,0,,2029,222,56,74.8,55.8,59.2,09,0,1,0,0,8,0,14,22,8,14,MICHIGAN,MICHIGAN,61,,,
190834,Micah Ka'apana,HB,0,,2029,222,69.3,73.7,62.5,60,25,0,1,0,4,18,3,1,26,22,4,MICHIGAN,MICHIGAN,67.8,,71.9,79.3
190878,Ryan Boe,QB,0,,2029,256,55.3,69.5,,60,02,0,1,4,0,0,1,3,8,4,4,NWESTERN,NWESTERN,65.2,46.7,62.6,
190884,Carson Grove,WR,0,,2029,256,63.4,73.8,62.7,60,87,0,1,0,0,11,0,2,13,11,2,NWESTERN,NWESTERN,61,,,
190888,Ezomo Oratokhai,G,0,,2029,256,61.3,78.6,,59.5,62,0,1,0,28,0,0,19,47,28,19,NWESTERN,NWESTERN,,,,65.3
190892,Patrick Schaller,TE,0,,2029,256,64.9,73.1,55.8,71.9,85,0,1,0,2,3,0,6,11,5,6,NWESTERN,NWESTERN,,,,69.9
190901,Anthony Boswell,C,0,,2029,316,74.9,80.1,,68.9,52,0,1,0,45,0,0,30,75,45,30,TOLEDO,TOLEDO,,,,85.6
190930,Demaricus Davis,QB,0,,2029,180,57,63.6,,,06,0,1,0,0,0,1,0,1,0,1,HAWAII,HAWAII,62.5,,58.8,
190943,Ty Clark III,HB,0,,2029,339,66.8,77.8,62.4,45.8,00,0,1,0,5,31,18,14,68,36,32,WAKE,WAKE,76.2,,69.5,79.1
190986,Cam Bates,WR,0,,2029,120,50.8,78,50.9,60.1,80,0,1,0,0,37,0,12,49,37,12,BOISE ST,BOISE ST,,,,
190996,Dylan Riley,HB,0,,2029,120,55.5,75.3,56,,24,0,1,0,3,8,10,0,21,11,10,BOISE ST,BOISE ST,73.1,,55.8,78.5
191036,Camden Kruisenga,WR,0,,2029,134,60,64.1,,60,35,0,1,0,0,0,0,1,1,0,1,C MICHIGAN,C MICHIGAN,,,,
191044,Jacob Saurbeck,T,0,,2029,134,54.6,69.9,,60,77,0,1,0,7,0,0,1,8,7,1,C MICHIGAN,C MICHIGAN,,,,30
191046,Dasan Smith,G,0,,2029,134,59.5,75.9,,60,73,0,1,0,12,0,0,11,23,12,11,C MICHIGAN,C MICHIGAN,,,,50.2
191050,Nasir Williams,WR,0,,2029,134,58.3,68.4,59.6,60,16,0,1,0,0,1,0,1,2,1,1,C MICHIGAN,C MICHIGAN,,,,
191080,Bryson Donelson,HB,0,,2029,169,62.3,70.8,57.2,,06,0,1,0,3,5,6,0,14,8,6,FRESNO ST,FRESNO ST,70.5,,61.7,77.2
191091,Lyndon Ravare,WR,0,,2028,200,56.9,70.7,56.8,60.2,11,0,1,0,0,3,0,4,7,3,4,KENNESAW,KENNESAW,,,,
191133,Jay Lindsey,TE,0,,2029,103,37.9,67.3,57.7,39.2,88,0,1,0,1,1,0,1,3,2,1,ALABAMA,ALABAMA,,,,67.5
191139,Kevin Riley,HB,0,,2029,103,44.8,72.9,29.9,,28,0,1,0,0,8,3,0,11,8,3,ALABAMA,ALABAMA,67.3,,53.6,
191140,Rico Scott,WR,0,,2029,103,56.8,66.2,58,,11,0,1,0,0,2,0,0,2,2,0,ALABAMA,ALABAMA,,,,
191142,Ryan Coleman-Williams,WR,0,,2029,103,64.5,77,64.1,59.2,02,0,1,0,0,36,0,7,43,36,7,ALABAMA,ALABAMA,66.2,,,
191146,Nate Frazier,HB,0,,2029,173,75.9,76.1,78.3,,03,0,1,0,0,13,15,0,28,13,15,GEORGIA,GEORGIA,75.2,,73.3,
191197,Xavier Gayten,HB,0,,2029,227,57.6,73.9,55.3,60,22,0,1,0,1,13,5,1,20,14,6,MISS STATE,MISS STATE,69.7,,58.5,67.5
191200,Ricky Johnson,WR,0,,2030,227,55.4,67.7,56.7,,09,0,1,0,0,3,0,0,3,3,0,MISS STATE,MISS STATE,,,,
191205,Sanfrisco Magee,WR,0,,2029,227,69.3,76.1,68.2,60.3,13,0,1,0,0,13,0,4,17,13,4,MISS STATE,MISS STATE,62.9,,,
191303,Wade Helton,C,0,,2029,110,45.4,80,,47.9,64,0,1,0,40,0,0,37,77,40,37,ARIZONA ST,ARIZONA ST,,,,42.5
191322,Fox Crader,T,0,,2029,264,53.1,69.9,,52.9,59,0,1,0,0,0,0,8,8,0,8,OREGON,OREGON,,,,
191333,Tyseer Denmark,WR,0,,2029,266,56.5,66.4,57.8,,04,0,1,0,0,2,0,0,2,2,0,PENN STATE,PENN STATE,,,,
191341,Corey Smith,HB,0,,2030,266,59,73.1,56.5,60,24,0,1,0,2,5,9,3,19,7,12,PENN STATE,PENN STATE,72.5,,58.9,76.1
191359,J'Koby Williams,HB,0,,2029,315,65.4,75.5,51.4,,20,0,1,0,1,17,13,0,31,18,13,TEXAS TECH,TEXAS TECH,75.5,,70,71.8
191364,Camden Jury,T,0,,2029,329,60,70.2,,59.2,69,0,1,0,7,0,0,3,10,7,3,UTAH ST,UTAH ST,,,,60.5
191783,Brendon McQueen,WR,0,,2029,230,57.1,67.3,58.2,,17,0,1,0,0,2,0,0,2,2,0,MO STATE,MO STATE,,,,
192023,Beau Baker,TE,0,,2029,341,56.3,73.3,56.4,52.2,86,0,1,0,8,4,0,13,25,12,13,WASH STATE,WASH STATE,,,,72.8
192051,Maxwell Woods,HB,0,,2029,341,66.9,75.7,49.9,58.5,03,0,1,0,6,15,9,5,35,21,14,WASH STATE,WASH STATE,29.4,,76.7,19.7
192324,Chase Leon,P,0,,2026,327,53,70.3,,,S37,0,1,1,0,0,0,0,1,1,0,USF,USF,60.3,49.6,,
192874,Tristan Smith,WR,0,,2027,140,52.5,80.1,52.4,61.5,03,0,1,0,0,42,0,18,60,42,18,CLEMSON,CLEMSON,62.9,,,
192936,Matthew Henry,WR,0,2026,2026,346,74,80.9,73.2,62.5,00,0,1,0,0,48,0,25,73,48,25,W KENTUCKY,W KENTUCKY,67.1,,,
193092,Gavin Dabo,G,0,,2029,347,65.8,73.5,,65,72,0,1,0,2,0,0,12,14,2,12,W MICHIGAN,W MICHIGAN,,,,69.4
193152,Adedamola Ajani,G,0,,2029,190,58.5,75.3,,58.1,72,0,1,0,22,0,0,25,47,22,25,INDIANA,INDIANA,,,,56.1
193162,Bryce Dorsey,WR,0,,2029,218,47.9,72.9,48.8,61,08,0,1,0,0,12,0,6,18,12,6,MEMPHIS,MEMPHIS,61,,,
193165,Keonde Henry,WR,0,,2029,218,54.1,72.2,54.8,60,10,0,1,0,0,9,0,2,11,9,2,MEMPHIS,MEMPHIS,,,,
193169,Luke Logan,TE,0,,2029,218,67.2,68.8,,70.9,81,0,1,0,0,0,0,3,3,0,3,MEMPHIS,MEMPHIS,,,,
193171,Khyair Spain,HB,0,,2029,218,82.9,74.6,68.6,67.5,28,0,1,0,0,7,9,4,20,7,13,MEMPHIS,MEMPHIS,72.6,,79.1,
193180,Mylan Graham,WR,0,,2029,260,59.5,64.8,60,,05,0,1,0,0,1,0,0,1,1,0,OHIO STATE,OHIO STATE,,,,
193193,Gabe VanSickle,G,0,,2029,260,36.1,74.3,,51.4,58,0,1,0,13,0,0,5,18,13,5,OHIO STATE,OHIO STATE,,,,0
193212,MaLik Caswell,CB,0,,2029,296,60,60,,60,D18,0,1,0,0,0,0,1,1,0,1,SO MISS,SO MISS,,,,
193345,Dennis Palmer,HB,0,,2029,318,67.5,71.3,58.3,60,25,0,1,0,6,2,8,1,17,8,9,TROY,TROY,71.9,,66.8,60.9
197048,Landon Strother,WR,0,,2029,207,52.7,78.1,54.3,58.7,23,0,1,1,0,24,0,11,36,25,11,LA LAFAYET,LA LAFAYET,66.4,,57.3,
197654,King Miller,HB,0,,2029,326,69.7,78.8,67.3,56.3,30,0,1,0,9,22,25,6,62,31,31,USC,USC,78,,69.5,49.2
197913,Steven Blanco,HB,0,,2029,207,60,71.5,57.1,60,24,0,1,0,1,3,4,1,9,4,5,LA LAFAYET,LA LAFAYET,68.6,,63.3,67.9
198090,Lotzeir Brooks,WR,0,,2030,103,51.6,72.1,53,54.6,17,0,1,0,0,14,0,4,18,14,4,ALABAMA,ALABAMA,61.9,,,
198094,Michael Carroll,T,0,,2030,103,78.3,75.5,,82.6,64,0,1,0,41,0,0,9,50,41,9,ALABAMA,ALABAMA,,,,73.9
198096,Jaquari Lewis,HB,0,,2030,108,73.7,78.8,73.8,76.3,22,0,1,0,3,30,16,14,63,33,30,APP STATE,APP STATE,75.6,,70.2,77.6
198098,Alexander Sanchez,WR,0,,2030,108,56.9,78.5,52.5,81.7,16,0,1,0,0,28,0,26,54,28,26,APP STATE,APP STATE,61,,,
198101,Noah Gillon,QB,0,,2030,108,66.8,71.4,,60,11,0,1,8,0,0,0,7,15,8,7,APP STATE,APP STATE,64.9,66.3,,
198103,Dillon Galloway,TE,0,,2030,108,54.9,70.2,57.1,56,87,0,1,0,1,3,0,3,7,4,3,APP STATE,APP STATE,,,,64.4
198107,Isaiah Mizell,WR,0,,2030,109,58.2,67.3,59.6,60,17,0,1,0,0,1,0,1,2,1,1,ARIZONA,ARIZONA,,,,
198110,Giovanni Richardson,WR,0,,2030,109,56.4,0,59.6,59.7,05,1,1,0,0,21,0,4,25,21,4,ARIZONA,ARIZONA,62.9,,,
198119,Maki Stewart,G,0,,2030,110,56.8,79.3,,56.2,59,0,1,0,28,0,0,29,57,28,29,ARIZONA ST,ARIZONA ST,,,,52.8
198120,Demarius Robinson,HB,0,,2031,110,69.7,76.3,84.5,72.7,23,0,1,0,3,15,14,10,42,18,24,ARIZONA ST,ARIZONA ST,74.9,,60.4,73.2
198124,Cory Butler Jr.,WR,0,,2030,110,57.6,72.9,58,60.3,84,0,1,0,0,2,0,8,10,2,8,ARIZONA ST,ARIZONA ST,71.3,,,
198126,Rob Lapuaho,T,0,,2030,110,61.9,71.5,,56,56,0,1,0,10,0,0,5,15,10,5,ARIZONA ST,ARIZONA ST,,,,77.7
198128,AJ Ia,TE,0,,2030,110,51.5,75.6,51.9,55,14,0,1,0,3,12,0,8,23,15,8,ARIZONA ST,ARIZONA ST,,,,69.7
198237,Jaron-Keawe Sagapolutele,QB,0,,2030,130,60.2,24.1,,60,03,1,1,47,0,0,1,25,73,47,26,CAL,CAL,69.9,59.1,66.2,
198245,Marcus Beamon,QB,0,,2028,134,55.5,66.6,,60,10,0,1,0,0,0,2,1,3,0,3,C MICHIGAN,C MICHIGAN,65.5,,57.5,
198247,Apisa Poumele,C,0,,2027,134,42.6,78,,55.1,58,0,1,0,21,0,0,22,43,21,22,C MICHIGAN,C MICHIGAN,,,,7.6
198249,Justin Ruffin Jr.,WR,0,,2030,134,58,67.1,58.9,,09,0,1,0,0,2,1,0,3,2,1,C MICHIGAN,C MICHIGAN,64.2,,60,
198264,Zion Johnson,HB,0,,2030,138,58.7,71.9,58.9,58.5,13,0,1,0,1,2,8,4,15,3,12,CINCINNATI,CINCINNATI,71.9,,59,70
198273,Giyahni Kontosis,WR,0,,2030,138,56.9,71.3,57.5,60.3,17,0,1,0,0,2,0,5,7,2,5,CINCINNATI,CINCINNATI,,,,
198284,Josh Humes,TE,0,,2028,141,43,73,53.2,35.7,86,0,1,0,0,10,0,3,13,10,3,COAST CAR,COAST CAR,,,,
198291,Jevon Edwards,HB,0,,2030,141,68.9,73,41.4,60,20,0,1,0,3,8,9,1,21,11,10,COAST CAR,COAST CAR,72.6,,72.6,84.1
198293,Dominic Lee-Knicely,HB,0,,2030,141,59.2,74.5,67.8,59.6,23,0,1,0,3,17,3,2,25,20,5,COAST CAR,COAST CAR,68.5,,64.7,0.8
198321,K'saan Farrar,QB,0,,2030,146,69.9,75.4,54.7,60,08,0,1,21,0,2,4,21,48,23,25,UCONN,UCONN,69.8,64,71.3,
198337,Nate Sheppard,HB,0,,2030,154,80.4,78.1,70.6,47.4,20,0,1,0,14,33,22,3,72,47,25,DUKE,DUKE,77.3,,82.6,74.7
198339,Cooper Trnavsky,T,0,,2026,156,57.7,75.3,,58.1,77,0,1,0,14,0,0,27,41,14,27,E CAROLINA,E CAROLINA,,,,51.3
198345,Chaston Ditta,QB,0,,2030,156,58.6,76.2,60,60,17,0,1,22,0,1,7,28,58,23,35,E CAROLINA,E CAROLINA,71.3,55.3,62,
198395,Akeem Neal,G,0,,2029,166,57.2,72,,60,52,0,1,0,6,0,0,2,8,6,2,FIU,FIU,,,,29.4
198398,Jackson Verdugo,TE,0,,2030,166,49.9,72.7,53.6,51,88,0,1,0,1,11,0,2,14,12,2,FIU,FIU,,,,64.5
198401,Sterling Joseph,HB,0,,2030,166,63.8,68.8,56.5,,22,0,1,0,1,5,2,0,8,6,2,FIU,FIU,65.5,,64,71
198402,Jeremy Smith,T,0,,2030,166,60,64.3,,,58,0,1,0,1,0,0,0,1,1,0,FIU,FIU,,,,66.7
198403,Kenny Williams,WR,0,,2030,166,53.3,72.6,54.2,60,14,0,1,0,0,8,0,1,9,8,1,FIU,FIU,,,,
198409,Tyson Carter,WR,0,,2030,166,56.3,71.6,56.8,59.9,13,0,1,0,0,7,0,2,9,7,2,FIU,FIU,61,,,
198410,Sean Burke,TE,0,,2030,166,56.9,71.3,56.1,60.4,89,0,1,0,2,4,0,2,8,6,2,FIU,FIU,,,,67.3
198412,Christian Langford,QB,0,,2029,166,66.8,63.6,,,09,0,1,0,0,0,1,0,1,0,1,FIU,FIU,62.5,,63.1,
198420,Amari Isaac,WR,0,,2030,166,54.4,71.2,55.2,60,12,0,1,0,0,6,0,2,8,6,2,FIU,FIU,,,,
198455,Jayon Farrar,WR,0,,2028,169,60,66.8,,60,11,0,1,0,0,0,0,2,2,0,2,FRESNO ST,FRESNO ST,,,,
198457,Brayden Walton,T,0,,2030,169,66.4,77.5,,60.3,76,0,1,0,29,0,0,43,72,29,43,FRESNO ST,FRESNO ST,,,,82.7
198460,Juan Gaston,G,0,,2030,173,54.6,76.7,,50.8,73,0,1,0,22,0,0,14,36,22,14,GEORGIA,GEORGIA,,,,64.9
198468,Ethan Barbour,TE,0,,2030,173,68.6,71.9,,71.1,09,0,1,0,1,0,0,6,7,1,6,GEORGIA,GEORGIA,,,,65.4
198475,Elyiss Williams,TE,0,,2030,173,60.3,66.6,,60,10,0,1,0,1,0,0,2,3,1,2,GEORGIA,GEORGIA,,,,67.4
198477,Talyn Taylor,WR,0,,2030,173,56.6,66.2,57.8,,11,0,1,0,0,2,0,0,2,2,0,GEORGIA,GEORGIA,,,,
198479,Landon Roldan,WR,0,,2030,173,72.8,60,,,84,0,1,1,0,0,0,0,1,1,0,GEORGIA,GEORGIA,63,75.4,,
198494,Luke Weaver,QB,0,,2027,180,85.4,67.4,,60,02,0,1,3,0,0,0,1,4,3,1,HAWAII,HAWAII,62.7,84.7,,
198526,Davion Chandler,WR,0,,2030,190,60.3,71,,60.1,04,0,1,0,0,0,0,6,6,0,6,INDIANA,INDIANA,,,,
198538,Lebron Bond,WR,0,,2030,190,60.5,69.7,,60.7,06,0,1,0,0,0,0,6,6,0,6,INDIANA,INDIANA,,,,
198574,Lucas Farrington,HB,0,,2030,196,65.6,72.4,55,59.4,26,0,1,0,0,6,5,3,14,6,8,JVILLE ST,JVILLE ST,69.7,,67.5,
198608,Clayton Coppock Jr.,WR,0,,2030,200,56.9,76.5,56.6,60.1,18,0,1,0,0,34,0,24,58,34,24,KENNESAW,KENNESAW,62.9,,,
198610,Jamari Harrold,TE,0,,2030,200,60,66,,,88,0,1,0,2,0,0,0,2,2,0,KENNESAW,KENNESAW,,,,69.1
198616,Jamiel Williams,T,0,,2030,200,29.9,70.6,,51.3,59,1,1,0,7,0,0,3,10,7,3,KENNESAW,KENNESAW,,,,0
198671,Clay Thevenin,HB,0,,2028,208,66.8,75.1,70.1,58.1,04,0,1,0,2,11,10,5,28,13,15,LA TECH,LA TECH,73.3,,65.1,71.8
198675,Trey Kukuk,QB,0,,2028,208,60.1,77.6,,60.6,02,0,1,27,0,0,15,28,70,27,43,LA TECH,LA TECH,42.6,46.6,69.1,
198678,Brayden Bockler,TE,0,,2029,208,42.6,72.2,,40,87,0,1,0,3,0,0,14,17,3,14,LA TECH,LA TECH,,,,78.5
198688,Luke Watkins,WR,0,,2030,208,58.3,64.8,59.6,,83,0,1,0,0,1,0,0,1,1,0,LA TECH,LA TECH,,,,
198689,Jalen Mickens,WR,0,,2030,208,51,78.5,52.8,46.9,11,0,1,0,0,21,0,25,46,21,25,LA TECH,LA TECH,,,,
198735,Bryce Anderson,TE,0,,2028,218,62.2,73.7,62.2,60,87,0,1,0,0,14,0,10,24,14,10,MEMPHIS,MEMPHIS,61,,,
198738,Matt Adcock,TE,0,,2028,218,44.1,74.3,41.2,57.9,32,0,1,0,3,9,0,12,24,12,12,MEMPHIS,MEMPHIS,,,,68.4
198744,Andrew Leslie,WR,0,,2030,218,60.1,68.8,,60.2,17,0,1,0,0,0,0,3,3,0,3,MEMPHIS,MEMPHIS,,,,
198754,AJ Hill,QB,0,,2030,218,57.7,71.4,,60,03,0,1,8,0,0,0,7,15,8,7,MEMPHIS,MEMPHIS,64.9,57,,
198759,Jonathan Harding,TE,0,,2030,218,59.7,67.3,,59.3,86,0,1,0,0,0,0,3,3,0,3,MEMPHIS,MEMPHIS,,,,
198761,Xavier Johnson,WR,0,,2030,218,60.1,67.5,,60.1,18,0,1,0,0,0,0,3,3,0,3,MEMPHIS,MEMPHIS,,,,
198795,Bryce Underwood,QB,0,,2030,222,53.3,30.7,54.3,60,19,1,1,55,0,1,5,25,86,56,30,MICHIGAN,MICHIGAN,71.6,46.6,69.8,
198796,Kaden Strayhorn,C,0,,2030,222,52.7,12,,54.2,75,1,1,0,51,0,0,29,80,51,29,MICHIGAN,MICHIGAN,,,,55.1
198804,Andrew Marsh,WR,0,,2030,222,55.4,79.2,56.5,47.9,03,0,1,0,0,55,0,29,84,55,29,MICHIGAN,MICHIGAN,70.6,,,
198868,Kamario Taylor,QB,0,,2030,227,72.4,18.4,,60,01,1,1,33,0,0,8,14,55,33,22,MISS STATE,MISS STATE,48.1,67.1,71,
198870,Kolin Wilson,HB,0,,2030,227,65.7,66.1,77.8,,26,0,1,0,1,2,0,0,3,3,0,MISS STATE,MISS STATE,61,,,0
198878,Donovan Olugbode,WR,0,,2029,229,68.9,78.3,68.5,61.3,01,0,1,0,0,24,0,28,52,24,28,MISSOURI,MISSOURI,65.7,,,
198887,Matt Zollers,QB,0,,2030,229,59.7,76.4,,60.3,05,0,1,24,0,0,4,28,56,24,32,MISSOURI,MISSOURI,69.9,59.7,57.8,
198910,Brayden Thompson,T,0,,2030,230,31,76.1,,56.2,78,1,1,0,35,0,0,19,54,35,19,MO STATE,MO STATE,,,,0
198966,Teddy Hoffmann,WR,0,,2030,248,71.9,73.2,70.3,61,12,0,1,0,0,10,0,6,16,10,6,NC STATE,NC STATE,61,,,
198972,Will Wilson,QB,0,,2030,248,51.5,68.1,,,10,0,1,1,0,0,4,0,5,1,4,NC STATE,NC STATE,68.7,,54.9,
198974,Gus Ritchey,TE,0,,2030,248,60,63.5,,60,89,0,1,0,0,0,0,1,1,0,1,NC STATE,NC STATE,,,,
198976,Preston Douglas,TE,0,,2030,248,64.1,75.5,67.8,50.4,82,0,1,0,3,7,0,10,20,10,10,NC STATE,NC STATE,61,,,73.5
198979,Je'rel Bolder,WR,0,,2030,248,60,68.8,,60,84,0,1,0,0,0,0,3,3,0,3,NC STATE,NC STATE,,,,
199001,Caleb Hawkins,HB,0,,2030,251,73.7,76.7,63.3,71.7,24,0,1,0,4,30,31,1,66,34,32,N TEXAS,N TEXAS,79.3,,72.8,53.3
199005,Dube Enongene,WR,0,,2030,256,56.6,72,56.8,60.3,14,0,1,0,0,5,0,6,11,5,6,NWESTERN,NWESTERN,,,,
199009,Robby Preckel,HB,0,,2029,256,72,73.4,54.4,60,41,0,1,0,4,7,8,1,20,11,9,NWESTERN,NWESTERN,71.9,,73.5,54.5
199023,Daniel Anderson,HB,0,,2030,256,60,62.7,60,,27,0,1,0,0,1,0,0,1,1,0,NWESTERN,NWESTERN,,,,
199057,Tre' Brown,WR,0,,2028,263,57.7,80.8,57,61.3,02,0,1,0,0,27,0,29,56,27,29,DOMINION,DOMINION,61,,,
199058,T.J. Johnson,WR,0,,2028,263,59.7,68.6,59.9,60,11,0,1,0,0,1,0,2,3,1,2,DOMINION,DOMINION,,,,
199065,Ja'Cory Thomas,WR,1,,2029,263,65.7,0,67.5,62.6,06,1,1,0,0,32,0,44,76,32,44,DOMINION,DOMINION,64.1,,,
199073,Ryan Huff,QB,0,,2030,263,54.7,63.6,,,04,0,1,1,0,0,0,0,1,1,0,DOMINION,DOMINION,60.3,54.8,,
199077,Justin Cook,HB,0,,2027,268,61.3,75,74,60,28,0,1,0,4,27,8,2,41,31,10,PITTSBURGH,PITTSBURGH,72.5,,58.5,20.8
199087,Ja'Kyrian Turner,HB,0,,2030,268,66.6,75.5,58.4,35.4,25,0,1,0,5,12,15,3,35,17,18,PITTSBURGH,PITTSBURGH,28.2,,70.1,60.9
199088,Mason Heintschel,QB,0,,2030,268,49.9,77.5,,60,06,0,1,50,0,0,4,28,82,50,32,PITTSBURGH,PITTSBURGH,40.9,49.6,56.3,
199090,Bryce Yates,WR,0,,2030,268,67.9,72,67.3,58.8,80,0,1,0,0,6,0,5,11,6,5,PITTSBURGH,PITTSBURGH,62.9,,,
199105,D'Andre Hardeman Jr.,HB,0,,2030,275,59,74.5,53.9,65.4,27,0,1,0,7,10,4,10,31,17,14,RICE,RICE,68.6,,59.6,40.1
199106,Payton Matthews,WR,0,,2030,275,59.7,0,66.6,45.6,23,1,1,0,0,15,0,17,32,15,17,RICE,RICE,61,,,
199107,Semaj Pierre,WR,0,,2030,275,47.5,74.9,65.3,51.5,19,0,1,0,0,9,1,13,23,9,14,RICE,RICE,9.8,,50.2,
199110,Tyvonn Byars,HB,0,,2030,275,60.3,73.2,62.5,53.1,26,0,1,0,1,4,5,11,21,5,16,RICE,RICE,69.9,,62.3,67.9
199159,Dramekco Green,HB,0,,2030,287,70.6,71.7,79.2,60,21,0,1,0,4,3,7,1,15,7,8,SMU,SMU,71.4,,63,77.7
199163,Ty Hawkins,QB,0,,2030,287,78.4,65.5,,,01,0,1,0,0,0,2,0,2,0,2,SMU,SMU,65.5,,69.9,
199165,Isaiah Robertson,WR,0,,2030,287,58.1,67.3,59.3,60,45,0,1,0,0,1,0,1,2,1,1,SMU,SMU,,,,
199179,Jalen Cooper,WR,0,,2029,287,62.5,77.5,62.2,59.8,10,0,1,0,0,33,0,31,64,33,31,SMU,SMU,64.1,,,
199208,Shane King,TE,0,,2030,296,51.7,77,65.5,35,19,0,1,0,4,12,0,14,30,16,14,SO MISS,SO MISS,62.9,,,74.5
199210,Jaylin Carter,HB,0,,2030,296,51.9,73.1,72.5,,24,0,1,0,6,13,6,0,25,19,6,SO MISS,SO MISS,21.2,,47.5,23
199212,Jermane Hayes,WR,0,,2030,296,64.8,75.8,64.1,,22,0,1,0,0,13,0,0,13,13,0,SO MISS,SO MISS,64.1,,,
199243,Ed Small,WR,0,,2030,305,56.3,71,56.8,60.2,18,0,1,0,0,4,0,4,8,4,4,TCU,TCU,69.7,,,
199244,Terry Shelton,WR,0,,2030,305,58.7,0,61,61.5,15,1,1,0,0,25,0,14,39,25,14,TCU,TCU,62.9,,,
199271,Jon Denman,HB,0,,2030,305,63.1,73.1,42.2,59.9,13,0,1,0,1,7,6,3,17,8,9,TCU,TCU,70.9,,70.5,72.9
199288,Michael Terry III,WR,0,,2030,311,57.7,71.6,58.6,60,11,0,1,0,1,2,1,3,7,3,4,TEXAS,TEXAS,62.5,,59,67.9
199292,Jaime Ffrench Jr.,WR,0,,2030,311,56.4,70.2,57.1,60,02,0,1,0,0,4,0,1,5,4,1,TEXAS,TEXAS,,,,
199301,Kaliq Lockett,WR,0,,2030,311,76.3,0,78.8,60,07,1,1,0,0,8,0,3,11,8,3,TEXAS,TEXAS,62.9,,,
199304,Daylan McCutcheon,WR,0,,2030,311,49.4,77.4,51.3,44.4,17,0,1,0,0,32,0,15,47,32,15,TEXAS,TEXAS,61,,,
199413,James Johnson,HB,0,,2030,326,59,70.8,64.9,47.8,10,0,1,0,1,6,2,6,15,7,8,USC,USC,67.8,,58.7,67.5
199415,Riley Wormley,HB,0,,2030,326,66.1,70.3,74.8,,27,0,1,0,2,4,3,0,9,6,3,USC,USC,68.5,,62.2,73
199416,Taniela Tupou,TE,0,,2030,326,58.7,78,66.8,50.1,88,1,1,0,3,24,0,27,54,27,27,USC,USC,64.1,,,49.3
199420,Corey Simms,WR,0,,2030,326,55,71.8,55.4,60.3,22,0,1,0,0,7,0,4,11,7,4,USC,USC,,,,
199422,Elijah Vaikona,T,0,,2030,326,54.1,69.9,,57.1,79,0,1,0,1,0,0,8,9,1,8,USC,USC,,,,34.4
199425,Jeremiah Koger,WR,0,,2030,327,55.2,77.8,55.5,54.6,16,0,1,0,0,47,0,26,73,47,26,USF,USF,65,,,
199429,Locklan Hewlett,QB,0,,2030,327,54.3,72.4,,60,13,0,1,14,0,0,0,6,20,14,6,USF,USF,66.2,56.8,56.7,
199445,Daniel Bray,HB,0,,2030,328,56.9,67.5,57.3,60,13,0,1,0,0,2,1,1,4,2,2,UTAH,UTAH,64.8,,59.6,
199447,Sione Motuapuaka,TE,0,,2030,328,55.6,74.6,,52.5,D44,0,1,0,5,0,0,11,16,5,11,UTAH,UTAH,,,,68.9
199457,Byrd Ficklin,QB,0,,2030,328,61.6,72.5,59.6,59.8,15,0,1,0,1,1,6,5,13,2,11,UTAH,UTAH,70.5,,61.4,62.2
199459,Mateaki Helu,LB,0,,2030,328,64.2,70.7,59.2,70.9,D20,0,1,0,1,1,0,7,9,2,7,UTAH,UTAH,,,,63.6
199495,Ty Rupe,TE,0,,2030,331,58.3,69,58.7,60.4,85,0,1,0,0,1,0,4,5,1,4,UTSA,UTSA,,,,
199500,Jack Foley,WR,0,,2030,339,79.2,74.8,77.5,61.1,89,0,1,0,0,14,0,9,23,14,9,WAKE,WAKE,62.9,,,
199514,Quaid Carr,HB,0,,2030,340,51.1,66.8,,,21,0,1,0,0,0,3,0,3,0,3,WASHINGTON,WASHINGTON,67.3,,53.2,
199516,Jake Flores,G,0,,2030,340,58.6,68.8,,58.5,78,0,1,0,0,0,0,3,3,0,3,WASHINGTON,WASHINGTON,,,,
199517,Chris Lawson,WR,0,,2030,340,66.7,73.5,65.8,59.9,08,0,1,0,0,9,0,2,11,9,2,WASHINGTON,WASHINGTON,61,,,
199518,John Mills,G,0,,2030,340,57.1,79.3,,55.4,72,0,1,0,41,0,0,20,61,41,20,WASHINGTON,WASHINGTON,,,,57
199523,Raiden Vines-Bright,WR,0,,2029,340,66.2,75.1,65.6,60.9,07,0,1,0,0,20,0,13,33,20,13,WASHINGTON,WASHINGTON,62.9,,,
199524,Champ Taulealea,G,0,,2030,340,55.9,74.2,,61.7,73,0,1,0,9,0,0,8,17,9,8,WASHINGTON,WASHINGTON,,,,15.8
199526,Baron Naone,TE,0,,2030,340,55.2,71,54.9,58.2,85,0,1,0,1,5,0,4,10,6,4,WASHINGTON,WASHINGTON,,,,67.4
199527,Austin Simmons,TE,0,,2030,340,80.9,70.2,,80.9,45,0,1,0,0,0,0,3,3,0,3,WASHINGTON,WASHINGTON,,,,
199529,Deji Ajose,WR,0,,2030,340,60,64.1,,60,82,0,1,0,0,0,0,1,1,0,1,WASHINGTON,WASHINGTON,,,,
199530,Dezmen Roebuck,WR,0,,2030,340,57.6,78.7,57.1,60.8,81,0,1,0,1,30,0,19,50,31,19,WASHINGTON,WASHINGTON,69.9,,,62.1
199531,Marcus Harris,WR,0,,2031,340,60,65.8,,60,11,0,1,0,0,0,0,2,2,0,2,WASHINGTON,WASHINGTON,,,,
199533,Treston McMillan,QB,0,,2030,340,60,66.6,,60,10,0,1,0,0,0,0,3,3,0,3,WASHINGTON,WASHINGTON,,,,
199564,Marvis Parrish,HB,0,,2030,346,72.2,74.1,54.6,47.1,21,0,1,0,1,9,7,4,21,10,11,W KENTUCKY,W KENTUCKY,71.3,,79.8,70.8
199595,Carter Kuchenbuch,TE,0,,2030,120,60,67.3,,60.1,46,0,1,0,0,0,0,3,3,0,3,BOISE ST,BOISE ST,,,,
199598,Stewart Taufa,C,0,,2030,120,60,67.3,,60,52,0,1,0,1,0,0,1,2,1,1,BOISE ST,BOISE ST,,,,70.8
199604,AJ Jones,WR,0,,2030,120,60.5,69.3,,60.7,29,0,1,0,0,0,0,5,5,0,5,BOISE ST,BOISE ST,,,,
199606,Quinton Brown,WR,0,,2030,120,66.4,71.6,57.6,61.3,25,0,1,0,0,4,1,7,12,4,8,BOISE ST,BOISE ST,62.5,,63.5,
199631,Juju Preston,WR,0,,2030,140,56.6,71,57.4,60,10,0,1,0,0,3,0,1,4,3,1,CLEMSON,CLEMSON,,,,
199633,Gideon Davidson,HB,0,,2030,140,55.1,73.5,36,59.6,09,0,1,0,5,14,4,2,25,19,6,CLEMSON,CLEMSON,68.9,,63.6,40.3
199644,Nick Tyree,WR,0,,2029,151,61.6,63.5,65.8,,06,0,1,0,0,1,0,0,1,1,0,DELAWARE,DELAWARE,61,,,
199683,Josh Petty,T,0,,2029,176,59.9,67.8,,59.3,69,0,1,0,1,0,0,3,4,1,3,GA TECH,GA TECH,,,,66.7
199699,Jordan Allen,WR,0,,2030,176,42.5,71,45,60,85,0,1,0,0,6,0,2,8,6,2,GA TECH,GA TECH,10.3,,,
199711,Austin Carlisle,QB,0,,2030,182,65.7,71.8,,,12,0,1,0,0,0,2,0,2,0,2,HOUSTON,HOUSTON,65.5,,63.1,
199754,Carius Curne,T,0,,2030,211,60,64.1,,,57,0,1,0,1,0,0,0,1,1,0,LSU,LSU,,,,65.8
199769,Harlem Berry,HB,0,,2030,211,55.2,69.9,57.3,,22,0,1,0,0,3,3,0,6,3,3,LSU,LSU,12.1,,56.6,
199790,Winston Watkins Jr.,WR,0,,2030,226,52.7,73.9,52.8,60.1,17,0,1,0,0,18,0,5,23,18,5,OLE MISS,OLE MISS,61,,,
199803,Cortez Mills Jr.,WR,0,,2030,238,48.7,75.8,49.1,60.9,19,0,1,0,0,17,0,9,26,17,9,NEBRASKA,NEBRASKA,,,,
199810,TJ Lateef,QB,0,,2030,238,46.6,21.1,,60,14,1,1,38,0,0,4,24,66,38,28,NEBRASKA,NEBRASKA,70.6,44.3,61.9,
199811,Isaiah Mozee,HB,0,,2030,238,72.4,75.6,67.8,57.6,22,0,1,0,2,15,7,2,26,17,9,NEBRASKA,NEBRASKA,71.8,,71.3,75.8
199814,Isaiah Blair,WR,0,,2028,241,55.2,70,57.8,60,10,0,1,0,1,3,0,2,6,4,2,NEW MEXICO,NEW MEXICO,,,,43.2
199862,Isaiah West,HB,0,,2030,260,60,62.7,60,,32,0,1,0,0,1,0,0,1,1,0,OHIO STATE,OHIO STATE,,,,
199864,Bo Jackson,HB,0,,2030,260,71.2,74.5,56.9,60,25,0,1,0,2,14,11,1,28,16,12,OHIO STATE,OHIO STATE,73.6,,74.9,10.9
199870,Dierre Hill Jr.,HB,0,,2030,264,61.9,72.9,61.3,60,23,0,1,0,0,3,5,1,9,3,6,OREGON,OREGON,70.3,,60.8,
199872,Jordon Davison,HB,0,,2030,264,70.1,77.4,63.9,57.3,00,0,1,0,4,8,15,6,33,12,21,OREGON,OREGON,75.2,,69,76.5
199882,Dakorien Moore,WR,0,,2030,264,60.9,0,63.8,56.9,01,1,1,0,0,21,0,15,36,21,15,OREGON,OREGON,64.1,,,
199903,Tikey Hayes,HB,0,,2029,266,68.9,72.7,57.7,60,23,0,1,0,2,2,3,3,10,4,6,PENN STATE,PENN STATE,67.3,,67.8,73.4
199913,Koby Howard,WR,0,,2030,266,58.8,79.8,59.8,56.5,03,0,1,0,1,33,0,32,66,34,32,PENN STATE,PENN STATE,62.9,,,54.1
199964,David Sanders Jr.,T,0,,2030,307,82.4,75.9,,84,70,0,1,0,26,0,0,29,55,26,29,TENNESSEE,TENNESSEE,,,,63.3
199966,DaSaahn Brame,TE,0,,2030,307,58.7,65.6,60,59.9,07,0,1,0,0,1,0,1,2,1,1,TENNESSEE,TENNESSEE,,,,
199974,Radarious Jackson,WR,0,,2030,307,63,73.9,62.7,59.7,05,0,1,0,0,12,0,7,19,12,7,TENNESSEE,TENNESSEE,62.9,,,
199978,Jack Van Dorselaer,TE,0,,2029,307,50.8,71.4,60,46.9,03,0,1,0,1,1,0,4,6,2,4,TENNESSEE,TENNESSEE,,,,67.5
200003,Cameron Schultz,T,0,,2028,314,60,66.9,,60,53,0,1,0,0,0,0,3,3,0,3,TEXAS ST,TEXAS ST,,,,
200013,Arvis Battle Jr.,TE,0,,2030,314,60,67,,60,82,0,1,0,0,0,0,3,3,0,3,TEXAS ST,TEXAS ST,,,,
200016,Ameer Ross,C,0,,2030,314,60,68.5,,60,70,0,1,0,0,0,0,3,3,0,3,TEXAS ST,TEXAS ST,,,,
200020,Gavin Parkhurst,QB,0,,2030,314,62.7,69.5,,60,17,0,1,0,0,0,3,5,8,0,8,TEXAS ST,TEXAS ST,67.3,,60.8,
200022,Tucker Cusano,WR,1,,2030,314,46.5,0,59.5,60.7,88,1,1,0,0,1,0,7,8,1,7,TEXAS ST,TEXAS ST,,,,
200038,Lolo Mataele,HB,0,,2028,347,67.7,69.5,59.9,,24,0,1,0,0,1,4,0,5,1,4,W MICHIGAN,W MICHIGAN,68.6,,66.3,
200040,Keivin Boone-Nelson II,WR,0,,2028,347,59.8,70.1,,59.3,84,0,1,0,0,0,0,4,4,0,4,W MICHIGAN,W MICHIGAN,,,,
200044,Brady Rhoad,TE,0,,2030,347,60,63.5,,59.1,87,0,1,0,0,0,0,1,1,0,1,W MICHIGAN,W MICHIGAN,,,,
200045,Devin Miles,HB,0,,2026,347,67.8,77.3,62.9,57.1,05,0,1,0,8,11,20,6,45,19,26,W MICHIGAN,W MICHIGAN,76.7,,68.4,37.4
200151,Seuseu Alofaituli,G,0,,2030,220,59.5,67.5,,58.5,65,0,1,0,1,0,0,2,3,1,2,MIAMI FL,MIAMI FL,,,,67.9
200153,Joshua Moore,WR,0,,2030,220,54.7,70.9,55.4,60.3,03,0,1,0,0,4,0,4,8,4,4,MIAMI FL,MIAMI FL,,,,
200155,Malachi Toney,WR,0,,2030,220,44.9,77.1,44.3,63.8,10,0,1,0,0,32,1,23,56,32,24,MIAMI FL,MIAMI FL,14,,59.6,
200163,Girard Pringle Jr.,HB,0,,2030,220,66.6,69.3,60,,22,0,1,0,2,1,3,0,6,3,3,MIAMI FL,MIAMI FL,67.3,,66.7,33.4
200185,Travis Smith Jr.,WR,0,,2030,307,62.2,73.8,55.5,81.9,01,0,1,0,0,6,0,9,15,6,9,TENNESSEE,TENNESSEE,,,,
200230,Nikko Boncore,WR,0,,2030,329,52.6,74.7,54.9,43.3,81,0,1,0,0,17,0,8,25,17,8,UTAH ST,UTAH ST,61,,,
200243,Kache Kaio,TE,0,,2029,329,48,75.1,52.3,50.7,18,0,1,0,7,16,0,11,34,23,11,UTAH ST,UTAH ST,61,,,41.9
200272,Josiah Abdullah,WR,0,,2030,335,60,63.4,,60,13,0,1,0,0,0,0,1,1,0,1,VIRGINIA,VIRGINIA,,,,
200274,Xay Davis,HB,0,,2030,335,66.3,72.3,57.2,,25,0,1,0,0,4,12,0,16,4,12,VIRGINIA,VIRGINIA,74,,65.5,
200282,Isaiah Robinson,WR,0,,2029,335,57.8,73.6,57.5,61.6,84,0,1,0,0,6,0,10,16,6,10,VIRGINIA,VIRGINIA,61,,,
200287,Cole Geer,QB,0,,2030,335,51.7,64.3,,,16,0,1,1,0,0,0,0,1,1,0,VIRGINIA,VIRGINIA,60.3,,57.3,
200291,Doopah Coleman,WR,0,,2030,108,55.8,73.9,55.5,62.3,00,0,1,0,0,8,0,10,18,8,10,APP STATE,APP STATE,,,,
200360,Tre Richardson,WR,0,,2028,333,69.6,78.1,71.6,61.2,06,0,1,0,0,39,3,8,50,39,11,VANDERBILT,VANDERBILT,70.5,,53.9,
203434,Bear Bachmeier,QB,0,,2030,128,78,77.1,57.9,60.1,47,0,1,42,0,2,1,21,66,44,22,BYU,BYU,69.6,77.8,62.2,
203984,Qumonte Williams Jr.,WR,0,,2030,120,60.1,68.4,,60,83,0,1,0,0,0,0,3,3,0,3,BOISE ST,BOISE ST,,,,
203997,Reggie Frischknecht,WR,0,,2029,128,54.2,73.2,54.5,60.2,07,0,1,0,0,10,0,7,17,10,7,BYU,BYU,,,,
203999,Jaivon Solomon,WR,0,,2030,154,60,64.1,,60,17,0,1,0,0,0,0,1,1,0,1,DUKE,DUKE,,,,
204026,Harold Duvall,WR,0,,2030,169,72.3,75.4,71.7,62.7,19,0,1,0,0,3,0,21,24,3,21,FRESNO ST,FRESNO ST,61,,,
204030,Julius Gillick,HB,0,,2030,169,73.8,66.2,,,24,0,1,0,0,0,2,0,2,0,2,FRESNO ST,FRESNO ST,65.5,,70.1,
204058,Thomas Meyer,TE,0,,2030,192,44,72.7,40.8,53.6,85,0,1,0,4,4,0,19,27,8,19,IOWA,IOWA,,,,73.5
204115,Baylynn Williams,T,0,,2030,207,59.5,73.4,,65.4,55,0,1,0,10,0,0,14,24,10,14,LA LAFAYET,LA LAFAYET,,,,24
204116,Trenton Chaney,WR,0,,2030,207,59,68.5,59.2,,09,0,1,0,0,4,0,0,4,4,0,LA LAFAYET,LA LAFAYET,61,,,
204124,Ryder Bentley,T,0,,2029,207,41.9,76.3,,60.9,52,0,1,0,36,0,0,19,55,36,19,LA LAFAYET,LA LAFAYET,,,,1.4
204132,Trey Miller,TE,0,,2026,207,76,73.6,70.9,71,86,0,1,0,1,6,0,4,11,7,4,LA LAFAYET,LA LAFAYET,61,,,63.1
204143,Ty Haywood,T,0,,2030,222,60,63.5,,,79,0,1,0,1,0,0,0,1,1,0,MICHIGAN,MICHIGAN,,,,65.5
204200,Trequan Jones,HB,0,,2028,263,70.1,73.9,54.4,56.9,20,0,1,0,5,5,8,8,26,10,16,DOMINION,DOMINION,71.9,,74.2,33.1
204273,Keenan Arcega-Whiteside,WR,0,,2030,275,57,76.9,53.8,75.2,88,0,1,0,0,15,0,22,37,15,22,RICE,RICE,,,,
204278,Justin Michaelis,T,0,,2030,275,61.7,70.7,,59.3,73,0,1,0,4,0,0,7,11,4,7,RICE,RICE,,,,74.2
204281,Cole Principe,G,0,,2030,275,58,79.5,,56.4,71,0,1,0,28,0,0,39,67,28,39,RICE,RICE,,,,61.7
204285,Patrick Crayton Jr.,QB,0,,2030,275,43.7,73.1,,60,15,0,1,12,0,0,2,9,23,12,11,RICE,RICE,21,58.4,38.2,
204357,Bryson Jones,WR,0,,2030,315,60,64.1,,60,85,0,1,0,0,0,0,1,1,0,1,TEXAS TECH,TEXAS TECH,,,,
204411,Semi Taulanga,TE,0,,2030,328,41.7,73.9,59.9,47.6,99,0,1,0,8,1,0,12,21,9,12,UTAH,UTAH,,,,31.6
204415,JJ Buchanan,WR,0,,2030,328,66.1,78.2,65.9,60.4,81,1,1,0,0,35,0,34,69,35,34,UTAH,UTAH,65,,,
204429,A'marion Breland,T,0,,2030,331,70,68.8,,70.3,56,0,1,0,2,0,0,4,6,2,4,UTSA,UTSA,,,,72.8
204434,Isaiah Butler-Tanner,TE,0,,2030,331,47.4,72.5,54.4,49.3,86,0,1,0,0,5,0,12,17,5,12,UTSA,UTSA,,,,
204439,Bryce Kania,WR,0,,2030,339,60,63.9,,60,81,0,1,0,0,0,0,1,1,0,1,WAKE,WAKE,,,,
204520,Jaylon Hawkins,WR,0,,2030,284,58.6,76.2,56.5,75.8,82,0,1,0,0,25,0,21,46,25,21,S DIEGO ST,S DIEGO ST,61,,,
204546,Walker Wallace,TE,0,,2026,335,60,65,,60.1,88,0,1,0,0,0,0,2,2,0,2,VIRGINIA,VIRGINIA,,,,
204602,Kaleb Edwards,TE,0,,2030,103,53.2,71.8,52.9,58.8,81,0,1,0,1,7,0,3,11,8,3,ALABAMA,ALABAMA,,,,64.5
204624,Grayson Rigdon,HB,0,,2031,110,56.5,68.6,60,,21,0,1,0,0,6,2,0,8,6,2,ARIZONA ST,ARIZONA ST,66.3,,56.3,
204694,Stroman Bridges,FB,0,,2030,114,60,64.5,,60,32,0,1,0,0,0,0,2,2,0,2,ARMY,ARMY,,,,
204716,Godspower Nwawuihe,QB,0,,2030,114,89.3,74,58.7,59.2,07,0,1,0,2,2,12,3,19,4,15,ARMY,ARMY,74,,85.2,69.6
204748,Blake Schlegel,G,0,,2026,134,62.4,71.6,,60,75,0,1,0,7,0,0,1,8,7,1,C MICHIGAN,C MICHIGAN,,,,78.1
204752,Henry Dryden,TE,0,,2026,134,57.7,74.1,52.2,61.3,88,0,1,0,3,11,0,19,33,14,19,C MICHIGAN,C MICHIGAN,61,,,69
204759,Triston Pierre,T,0,,2030,134,50.9,69.6,,60,54,0,1,0,7,0,0,1,8,7,1,C MICHIGAN,C MICHIGAN,,,,16.6
204775,Breyahn Townsend,HB,0,,2028,141,58.1,65.4,59.9,,25,0,1,0,0,1,1,0,2,1,1,COAST CAR,COAST CAR,62.5,,59.6,
204811,Tyler Smith,QB,0,,2030,146,60,66.6,,60,18,0,1,0,0,0,0,3,3,0,3,UCONN,UCONN,,,,
204819,Makih Johnson,WR,0,,2030,146,60.1,67.5,,60,84,0,1,0,0,0,0,3,3,0,3,UCONN,UCONN,,,,
204823,Malichi Greaves,HB,0,,2030,146,59.5,63.5,,,21,0,1,0,0,0,1,0,1,0,1,UCONN,UCONN,62.5,,59.8,
204827,Scott Moore,TE,0,,2030,151,54.2,74.3,52.4,57.8,40,0,1,0,2,9,0,15,26,11,15,DELAWARE,DELAWARE,,,,72.8
204843,Jared Porter,HB,0,,2030,151,60,62.7,60,,25,0,1,0,0,1,0,0,1,1,0,DELAWARE,DELAWARE,,,,
204865,Dontrell Glover,G,0,,2030,173,70.1,79.1,,66.4,63,0,1,0,37,0,0,27,64,37,27,GEORGIA,GEORGIA,,,,88.1
204923,Conor Donaghy,P,0,,2030,196,58.3,70.3,55.3,,S87,0,1,0,0,1,0,0,1,1,0,JVILLE ST,JVILLE ST,,,,
204924,Luke Gilbert,TE,0,,2030,196,58.1,60,57.7,,30,0,1,0,0,1,0,0,1,1,0,JVILLE ST,JVILLE ST,61.9,,,
204927,Markevian Blake,G,0,,2030,196,58.7,67.5,,57.8,55,0,1,0,0,0,0,2,2,0,2,JVILLE ST,JVILLE ST,,,,
204935,Gabe Glover,WR,0,,2029,196,57,71.4,57.9,60,81,0,1,0,0,2,0,2,4,2,2,JVILLE ST,JVILLE ST,,,,
204940,Lance Johnson,T,0,,2030,196,60,77.1,,58.5,79,0,1,0,30,0,0,35,65,30,35,JVILLE ST,JVILLE ST,,,,60.1
204942,Mac Sanders,LB,0,,2030,196,60,60,,,D59,0,1,0,1,0,0,0,1,1,0,JVILLE ST,JVILLE ST,,,,63.8
205005,Andrew Burnette,HB,0,,2027,208,56.1,77.2,61.6,58.2,00,0,1,0,1,12,17,10,40,13,27,LA TECH,LA TECH,29.6,,55.5,70
205007,David Pierro,WR,0,,2028,208,57.1,71,57.5,60.5,15,0,1,0,0,3,0,4,7,3,4,LA TECH,LA TECH,,,,
205097,Joeseph Skipworth,TE,0,,2030,227,60,64.4,,60,88,0,1,0,0,0,0,1,1,0,1,MISS STATE,MISS STATE,,,,
205144,Malcolm Johnson,T,0,,2030,237,59.1,76.3,,61.1,50,0,1,0,17,0,0,47,64,17,47,NAVY,NAVY,,,,33.9
205152,Jordan Collins,TE,0,,2030,237,53,74.1,55.1,51.2,36,0,1,0,2,6,0,12,20,8,12,NAVY,NAVY,,,,71.7
205202,Daniel Hughes,P,0,,2028,241,60,70.3,,60,S96,0,1,0,0,0,0,1,1,0,1,NEW MEXICO,NEW MEXICO,,,,
205203,Simon Mapa,TE,0,,2028,241,60.6,67,,60,85,0,1,0,2,0,0,1,3,2,1,NEW MEXICO,NEW MEXICO,,,,67.9
205216,Zhaiel Smith,WR,0,,2030,241,49.8,0,53.6,59.6,00,1,1,0,0,15,0,17,32,15,17,NEW MEXICO,NEW MEXICO,,,,
205223,Jaymar Tasi,G,0,,2030,241,58.8,77.7,,52.3,58,0,1,0,29,0,0,18,47,29,18,NEW MEXICO,NEW MEXICO,,,,86.5
205406,Nick Townsend,TE,0,,2030,311,63.5,75.7,65.5,57.5,81,0,1,0,2,8,1,4,15,10,5,TEXAS,TEXAS,64.3,,59,65.9
205432,Ryder Treadway,WR,0,,2030,316,56.2,77.6,58.3,45.8,11,0,1,0,0,24,0,18,42,24,18,TOLEDO,TOLEDO,61,,,
205433,JT Tang,TE,0,,2028,318,60,63,,60,80,0,1,0,0,0,0,1,1,0,1,TROY,TROY,,,,
205436,Tra'jon Townsend,T,0,,2029,318,56.2,77,,52.6,74,0,1,0,41,0,0,21,62,41,21,TROY,TROY,,,,59.3
205454,Tanook Hines,WR,0,,2029,326,90.5,79.8,89.8,62.4,16,0,1,0,0,31,0,26,57,31,26,USC,USC,66.2,,,
205487,Kayleb Barnett,WR,0,,2030,333,57.7,68.9,58.7,,81,0,1,0,0,2,0,0,2,2,0,VANDERBILT,VANDERBILT,61.9,,,
205522,Trevor Bindel,G,0,,2030,341,59.8,70.1,,59.3,55,0,1,0,2,0,0,3,5,2,3,WASH STATE,WASH STATE,,,,70
205552,Aveion Chenault,WR,0,,2030,347,68.6,74.5,71,61.3,18,0,1,0,0,11,1,11,23,11,12,W MICHIGAN,W MICHIGAN,65.3,,57.5,
205556,Chase Dawkins,HB,0,,2030,347,59.9,65.5,,,21,0,1,0,0,0,3,0,3,0,3,W MICHIGAN,W MICHIGAN,67.3,,59.9,
206238,Christian Neptune,WR,0,,2030,327,60,78.2,61.8,41.7,81,0,1,0,1,41,0,22,64,42,22,USF,USF,73.9,,,62.2
207840,John Tofi Jr.,TE,0,,2030,130,56.4,66.2,57.7,,44,0,1,0,0,2,0,0,2,2,0,CAL,CAL,,,,
207842,Anthony League,HB,0,,2030,130,69.9,68.9,58.3,,25,0,1,0,0,2,4,0,6,2,4,CAL,CAL,68.6,,69.2,
207846,Weston Bryan,QB,0,,2030,174,59.8,68.6,,60,09,0,1,1,0,0,4,1,6,1,5,GA SOUTHRN,GA SOUTHRN,68.7,51.9,63.5,
101661,Shadrick Byrd,HB,0,,2026,270,65.5,75.3,61.6,58.4,15,0,1,0,7,16,6,6,35,23,12,PRVIEW A&M,PRVIEW A&M,70.9,,65.3,79.9
122306,Lamagea McDowell,HB,0,,2026,270,62.1,72.6,59.1,57.9,23,0,1,0,2,8,6,4,20,10,10,PRVIEW A&M,PRVIEW A&M,70.7,,62.7,72.5
123326,Cameron Peters,QB,0,,2026,270,91,76.9,85.1,60,04,0,1,39,0,2,11,18,70,41,29,PRVIEW A&M,PRVIEW A&M,73.2,91.2,62.8,
123838,Ryan Stubblefield,QB,0,,2026,290,78.1,76.3,,60,02,0,1,38,0,0,7,14,59,38,21,SCAR STATE,SCAR STATE,71.8,82.1,57.3,
124182,Calvin McMillian,T,0,,2027,270,54.9,77.3,,44.1,66,0,1,0,41,0,0,29,70,41,29,PRVIEW A&M,PRVIEW A&M,,,,80.1
125343,Chevy Trask,T,0,,2027,290,70,77.6,,62.6,70,0,1,0,52,0,0,32,84,52,32,SCAR STATE,SCAR STATE,,,,79.6
138088,Jeremiah Mawali,T,0,,2026,270,67.1,73.1,,69.2,75,0,1,0,18,0,0,7,25,18,7,PRVIEW A&M,PRVIEW A&M,,,,57.4
143343,Jacob Allen,G,0,,2026,290,61.2,74.6,,57.7,77,0,1,0,10,0,0,6,16,10,6,SCAR STATE,SCAR STATE,,,,81.1
144511,Cameron Bonner,WR,0,,2026,270,60.4,77,60.9,61.8,83,0,1,1,0,31,1,20,53,32,21,PRVIEW A&M,PRVIEW A&M,65.6,60.4,57.6,
148354,William Atkins IV,QB,0,,2026,290,64.1,73.1,,60,01,0,1,14,0,0,1,10,25,14,11,SCAR STATE,SCAR STATE,67.1,64.5,59.2,
150097,Jalen Johnson,WR,0,,2026,290,55.3,78.8,56.3,48.6,00,1,1,0,0,34,0,20,54,34,20,SCAR STATE,SCAR STATE,71.8,,,
154034,Jordan Smith,WR,0,,2026,290,87.5,77.5,86.4,56.3,05,0,1,0,0,46,5,17,68,46,22,SCAR STATE,SCAR STATE,71.3,,68.5,
155797,Dylan Boone,TE,0,,2026,290,60,65,,55.8,88,0,1,0,1,0,0,1,2,1,1,SCAR STATE,SCAR STATE,,,,63.9
156690,KZ Adams,HB,0,,2027,290,57.6,72,54.4,60,17,0,1,0,2,8,1,1,12,10,2,SCAR STATE,SCAR STATE,62.5,,59.5,74.6
160146,Travon Jones,TE,0,,2027,270,58.5,78.8,59.1,51.6,08,0,1,0,9,20,0,19,48,29,19,PRVIEW A&M,PRVIEW A&M,61,,,76.6
160184,James Reddick II,C,0,,2027,290,63.2,80.4,,56.6,50,0,1,0,52,0,0,32,84,52,32,SCAR STATE,SCAR STATE,,,,80.6
160288,Jyziah Rockwell,WR,0,,2028,270,69.6,80.7,70.7,47.2,11,0,1,0,0,41,0,28,69,41,28,PRVIEW A&M,PRVIEW A&M,66.2,,,
163238,Kheagian Heckaman,TE,0,,2028,270,60,65,,60,33,0,1,0,0,0,0,2,2,0,2,PRVIEW A&M,PRVIEW A&M,,,,
165433,Cyrus Ellison,TE,0,,2027,290,50.4,78.2,47.2,56.8,14,0,1,0,6,30,0,28,64,36,28,SCAR STATE,SCAR STATE,,,,75.8
165434,Tyler Smith,HB,0,,2028,290,69.6,74.1,73.5,56.8,10,0,1,0,9,8,8,3,28,17,11,SCAR STATE,SCAR STATE,72.1,,67,72.7
165751,Andre Dennis,WR,0,,2026,270,80.3,77.7,79.5,61.6,10,0,1,0,0,39,0,29,68,39,29,PRVIEW A&M,PRVIEW A&M,71,,,
167617,Johnny Jones,WR,0,,2026,290,68.7,75.4,65.2,59.4,03,0,1,0,0,20,1,3,24,20,4,SCAR STATE,SCAR STATE,17.2,,63.2,
168354,Josh Shaw,HB,0,,2028,290,66,72.5,58.4,55.4,32,0,1,0,7,2,4,8,21,9,12,SCAR STATE,SCAR STATE,68.6,,66.3,79.8
173037,Ja'koby Banks,WR,0,,2028,270,58.5,67.5,59,60,01,0,1,0,0,2,0,1,3,2,1,PRVIEW A&M,PRVIEW A&M,,,,
174219,CK Carter,T,0,,2027,270,62.6,75.1,,59.5,71,0,1,0,23,0,0,22,45,23,22,PRVIEW A&M,PRVIEW A&M,,,,67.7
178633,Caden Bowers,G,0,,2028,270,55.8,77.6,,55.8,72,0,1,0,28,0,0,18,46,28,18,PRVIEW A&M,PRVIEW A&M,,,,45.8
178637,Pedro Chagas da Silva,C,0,,2028,270,54.4,79.7,,56.4,73,0,1,0,41,0,0,29,70,41,29,PRVIEW A&M,PRVIEW A&M,,,,45
179048,Nicolas Brown,TE,0,,2028,290,48.5,73.3,54.5,47,08,0,1,0,1,4,0,16,21,5,16,SCAR STATE,SCAR STATE,,,,68
179062,Nigel Johnson,WR,0,,2028,290,55.4,78.9,55.2,60.6,12,0,1,0,0,36,0,16,52,36,16,SCAR STATE,SCAR STATE,61,,,
184287,Deyandre Ruffin,WR,0,,2026,290,55.2,76.8,57.5,45.4,04,0,1,0,0,23,0,17,40,23,17,SCAR STATE,SCAR STATE,61,,,
184717,Cameron Pascal,G,0,,2028,270,47.7,75.3,,46.1,57,0,1,0,13,0,0,11,24,13,11,PRVIEW A&M,PRVIEW A&M,,,,52.6
189280,Chase Bingmon,HB,0,,2029,270,43.5,72,55.6,60,20,0,1,1,1,6,5,2,15,8,7,PRVIEW A&M,PRVIEW A&M,17.2,60,58.9,69.5
189284,Ethan John,TE,0,,2028,270,59.1,75.8,63.6,44.4,05,0,1,0,1,11,0,11,23,12,11,PRVIEW A&M,PRVIEW A&M,62.9,,,65.1
189289,Rodny Ojo,WR,0,,2029,270,89.4,71.7,85.8,60.8,09,0,1,0,0,9,0,5,14,9,5,PRVIEW A&M,PRVIEW A&M,64.1,,,
196893,Roger Smith,G,0,,2028,290,66.5,78.1,,55.5,73,0,1,0,52,0,0,32,84,52,32,SCAR STATE,SCAR STATE,,,,84.4
196894,Nick Sowell,WR,0,,2029,290,54.5,72,54.9,60.3,09,0,1,0,0,7,0,5,12,7,5,SCAR STATE,SCAR STATE,,,,
196896,Darius Thompson,WR,0,,2028,290,55.2,68.4,56.3,,18,0,1,0,0,4,0,0,4,4,0,SCAR STATE,SCAR STATE,,,,
202969,Ty Brown,G,0,,2029,270,59.6,80,,56.3,74,0,1,0,41,0,0,29,70,41,29,PRVIEW A&M,PRVIEW A&M,,,,69.4
209961,Julian Milligan,HB,0,,2029,290,62.3,73.6,78.8,60,21,0,1,0,1,9,4,1,15,10,5,SCAR STATE,SCAR STATE,69.2,,53.6,70.8
209964,Mason Pickett-Hicks,HB,0,,2030,290,60.5,66.8,64.9,,06,0,1,0,0,2,1,0,3,2,1,SCAR STATE,SCAR STATE,64.3,,59.6,
209967,Kiande Marsh,G,0,,2030,290,60.3,79.8,,54.7,55,1,1,0,52,0,0,32,84,52,32,SCAR STATE,SCAR STATE,,,,76.7
209968,Shammond Price,G,0,,2026,290,61,1.8,,58.3,62,1,1,0,42,0,0,26,68,42,26,SCAR STATE,SCAR STATE,,,,89.1
