playerId,player,position,targets,interceptionTouchdowns,draftSeason,forcedFumbles,missedTackles,catchRate,teamName,tackles,jerseyNumber,snapCountsOffball,snapCountsBox,sacks,snapCountsPassRush,playerGameCount,eligibleSeason,snapCountsDl,gradesTackle,yards,receptions,gradesCoverageDefense,hurries,interceptions,snapCountsCoverage,snapCountsDlOverT,snapCountsDlAGap,fumbleRecoveries,gradesRunDefense,snapCountsCorner,hits,penalties,battedPasses,team,stops,declinedPenalties,totalPressures,fumbleRecoveryTouchdowns,longest,snapCountsSlot,missedTackleRate,gradesDefense,yardsPerReception,gradesDefensePenalty,safeties,franchiseId,snapCountsDefense,yardsAfterCatch,snapCountsDlBGap,passBreakUps,qbRatingAgainst,snapCountsRunDefense,tacklesForLoss,assists,gradesPassRushDefense,snapCountsFs,touchdowns,snapCountsDlOutsideT
53418,James Camden,LB,0,0,,0,1,,W MICHIGAN,6,D09,53,49,0,8,1,2026,2,69.4,0,0,59.1,0,0,20,0,0,0,72.9,0,1,0,0,W MICHIGAN,3,0,1,0,,4,12.5,68.5,,76.1,0,347,55,0,0,0,0,27,1,1,61.9,0,0,2
55516,Malik Denkins,ED,0,0,,0,0,,C MICHIGAN,0,D81,0,0,0,8,1,2027,9,,0,0,,0,0,0,0,0,0,60,0,0,0,0,C MICHIGAN,0,0,0,0,,0,,55.1,,72.5,0,134,9,0,0,0,0,1,0,0,54.7,0,0,9
62235,Shaun Myers,LB,0,0,,0,0,,COLORADO,0,D40,2,2,0,0,1,2027,0,,0,0,,0,0,0,0,0,0,53.3,0,0,0,0,COLORADO,0,0,0,0,,0,,29.4,,63.3,0,143,2,0,0,0,0,2,0,0,,0,0,0
70521,Mister Williams,LB,1,0,,0,0,100,S DIEGO ST,0,D41,18,17,0,0,1,2026,0,73.2,14,1,43.9,0,0,6,0,0,0,89.5,0,0,0,0,S DIEGO ST,0,0,0,0,14,1,0,70.4,14,69.8,0,284,18,0,0,0,118.8,12,0,1,,0,0,0
70644,Ben Florentine,DI,0,0,,0,1,,WYOMING,2,D94,0,0,0,21,1,2026,32,33.7,0,0,,0,0,0,4,4,0,59.9,0,3,0,1,WYOMING,2,0,3,0,,0,33.3,76.5,,76,0,351,32,0,24,0,0,11,1,0,83.6,0,0,0
70831,Korey Foreman,ED,0,0,,0,0,,FRESNO ST,0,D00,0,0,0,5,1,2026,7,72.2,0,0,,1,0,0,0,0,0,62.1,0,0,0,0,FRESNO ST,0,0,1,0,,0,0,65,,72.7,0,169,7,0,0,0,0,2,0,1,61.9,0,0,7
71370,Domani Jackson,CB,1,0,2026,0,0,0,ALABAMA,0,D01,29,1,0,0,1,2026,0,,0,0,66.5,0,0,18,0,0,0,61.8,28,0,0,0,ALABAMA,0,0,0,0,,0,,66.9,,74.1,0,103,29,0,0,0,39.6,11,0,0,,0,0,0
71398,Keanu Tanuvasa,DI,0,0,,0,0,,BYU,1,D57,0,0,0,27,1,2027,47,69.7,0,0,,1,0,0,1,19,0,62.4,0,0,0,0,BYU,1,0,1,0,,0,0,62.7,,77.1,0,128,47,0,27,0,0,20,0,0,60.6,0,0,0
72538,Jadon Pearson,LB,3,0,,0,0,66.7,FRESNO ST,8,D39,62,58,0,5,1,2026,2,84.5,18,2,53.6,1,0,21,0,0,0,56.6,0,0,0,0,FRESNO ST,4,0,1,0,12,4,0,55.3,9,76.9,0,169,64,11,0,0,82.6,38,0,4,63.1,0,0,2
73389,Marco Notarainni,LB,4,0,,0,1,50,BOISE ST,5,D53,36,33,0,8,1,2026,0,65.2,15,2,64.7,2,0,16,0,0,0,66.5,1,0,0,0,BOISE ST,4,0,2,0,14,2,16.7,67.5,7.5,74.1,0,120,36,19,0,0,59.4,12,0,0,60.9,0,0,0
73609,Trent Whalen,LB,0,0,,0,0,,ARKANSAS,0,D26,2,2,0,0,1,2026,0,,0,0,60.3,0,0,2,0,0,0,,0,0,0,0,ARKANSAS,0,0,0,0,,0,,61.6,,64.7,0,111,2,0,0,0,0,0,0,0,,0,0,0
76122,Bam Booker,ED,0,0,,0,0,,BOWL GREEN,0,D45,0,0,0,12,1,2027,24,,0,0,,0,0,0,3,0,0,54.4,0,0,0,0,BOWL GREEN,0,0,0,0,,0,,52,,74.7,0,122,24,0,7,0,0,12,0,0,53.9,0,0,14
81437,Moroni Anae,LB,0,0,,0,1,,UTAH,1,D24,7,7,0,3,1,2026,2,37.7,0,0,54.4,0,0,2,0,0,0,70.5,0,0,0,0,UTAH,1,0,0,0,,0,50,59.3,,71.2,0,328,9,0,0,0,0,4,0,0,55.4,0,0,2
83446,Brendon Harris,S,2,0,,0,0,50,MIDDLE TN,6,D07,56,14,0,0,1,2026,3,83.1,10,1,58.5,0,0,30,0,0,0,75.8,1,0,0,0,MIDDLE TN,2,0,0,0,10,10,0,65.6,10,77.6,0,224,59,0,0,0,104.2,29,1,0,,31,1,3
85774,Gracen Halton,DI,0,0,2026,0,0,,OKLAHOMA,2,D56,0,0,0,26,1,2026,42,71.9,0,0,60,1,0,0,1,8,0,73,0,0,0,1,OKLAHOMA,1,0,1,0,,0,0,75.5,,75.9,0,261,42,0,28,0,0,16,0,0,68.5,0,0,5
86267,Kalib Perry,LB,9,0,,0,2,88.9,LOUISVILLE,8,D12,53,51,0,5,1,2027,6,56.5,89,8,57.2,0,1,33,0,0,0,78.1,0,1,0,0,LOUISVILLE,6,0,1,0,24,2,15.4,66.7,11.1,75.9,0,210,59,31,0,0,105.3,21,1,3,55.1,0,1,6
86877,Ceyair Wright,CB,4,0,2026,0,0,25,NEBRASKA,4,D01,56,16,0,1,1,2026,3,81.3,12,1,72.5,0,0,29,0,0,0,70.2,9,0,1,0,NEBRASKA,0,0,0,0,12,31,0,70.4,12,0,0,238,59,10,0,1,39.6,29,0,0,60,0,0,3
90079,David Reese,ED,0,0,,0,0,,SYRACUSE,0,D08,4,4,0,19,1,2026,33,,0,0,69.6,1,0,2,0,0,1,26.6,0,0,0,0,SYRACUSE,0,0,1,0,,0,,38.4,,79.8,0,304,37,0,0,0,0,16,0,0,57.1,0,0,33
97386,Solomon Brown,S,3,0,,0,0,66.7,BUFFALO,3,D07,54,11,0,0,1,2026,1,80.7,14,2,61.3,0,0,32,0,0,0,65.1,0,0,1,0,BUFFALO,1,0,0,0,9,17,0,62.8,7,77.9,0,126,55,9,0,0,116.7,23,0,1,,26,1,1
97543,Jett Elad,S,0,0,,0,0,,RUTGERS,6,D09,47,35,0,3,1,2026,4,82.5,0,0,73.3,1,0,22,0,0,1,72.3,0,0,0,0,RUTGERS,3,0,1,0,,1,0,77.2,,77.4,0,278,51,0,0,0,0,26,0,0,72,11,0,4
97751,Mohamed Toure,LB,3,0,,0,0,100,MIAMI FL,2,D01,25,22,0,2,1,2027,2,77.9,16,3,47.7,1,0,10,0,0,0,56,0,0,0,0,MIAMI FL,1,0,1,0,8,3,0,51.2,5.3,72.2,0,220,27,8,0,0,88.9,15,0,1,67.4,0,0,2
97761,Zaylin Wood,DI,0,0,,0,0,,VANDERBILT,1,D15,1,1,1,31,1,2026,45,72.3,0,0,60,2,0,0,5,11,0,47.9,0,1,0,0,VANDERBILT,2,0,4,0,,0,0,55.6,,78.3,0,333,46,0,5,0,0,15,0,0,61.2,0,0,24
97886,Mark Davis,CB,1,0,,0,0,100,VANDERBILT,1,D17,31,2,0,0,1,2026,0,73.5,3,1,71.8,0,0,15,0,0,0,62.8,26,0,0,0,VANDERBILT,1,0,0,0,3,3,0,71.5,3,75.1,0,333,31,0,0,0,79.2,16,0,0,,0,0,0
97970,Anthonie Cooper,DI,0,0,,0,0,,ARIZONA ST,0,D96,0,0,0,5,1,2026,9,,0,0,,0,0,0,3,0,0,54.9,0,0,0,0,ARIZONA ST,0,0,0,0,,0,,51.2,,70,0,110,9,0,6,0,0,4,0,0,56,0,0,0
97977,Jalar Holley,DI,0,0,,0,0,,CHARLOTTE,0,D97,0,0,0,9,1,2026,16,,0,0,,0,0,0,0,3,0,63.9,0,0,0,0,CHARLOTTE,0,0,0,0,,0,,62.4,,72.7,0,136,16,0,13,0,0,7,0,0,57.4,0,0,0
98121,Richie Hagarty,ED,0,0,,0,0,,NWESTERN,1,D52,0,0,0,9,1,2026,33,73.6,0,0,61.1,0,0,3,10,0,0,54.3,0,0,0,0,NWESTERN,1,0,0,0,,0,0,54.7,,75.8,0,256,33,0,1,0,0,21,0,1,55.7,0,0,22
98122,Myles Farmer,S,0,0,,0,1,,APP STATE,0,D04,8,4,0,0,1,2026,0,26.3,0,0,62,0,0,3,0,0,0,53.8,0,0,1,0,APP STATE,0,0,0,0,,4,100,41.2,,0,0,108,8,0,0,0,0,5,0,0,,0,0,0
98192,Immanuel Hickman Sr.,DI,0,0,,0,0,,VA TECH,0,D97,0,0,0,9,1,2026,17,69.7,0,0,,0,0,0,0,6,0,71.9,0,0,1,0,VA TECH,0,0,0,0,,0,0,60.3,,0,0,337,17,0,11,0,0,8,0,1,57.4,0,0,0
98193,Quindarius Dunnigan,ED,0,0,2026,0,1,,MICH STATE,1,D99,0,0,0,9,1,2026,22,44.1,0,0,,2,0,0,0,0,0,62.9,0,0,0,0,MICH STATE,1,0,2,0,,0,33.3,59.6,,75.5,0,223,22,0,1,0,0,13,0,1,54.2,0,0,21
98305,Zukudo Igwenagu,ED,0,0,,0,1,,UMASS,2,D10,0,0,0,8,1,2026,40,49.6,0,0,,0,0,0,21,0,0,60.9,0,1,1,0,UMASS,2,0,1,0,,0,25,55.4,,0,0,216,40,0,0,0,0,32,0,1,56.4,0,0,19
98867,Jalen Catalon,S,0,0,,0,1,,MISSOURI,1,D06,8,2,0,0,1,2026,0,41.1,0,0,61,0,0,3,0,0,0,56.6,0,0,0,0,MISSOURI,1,0,0,0,,1,50,58,,70.6,0,229,8,0,0,0,0,5,0,0,,5,0,0
98934,Taurean Carter II,DI,0,0,,0,0,,COLORADO,0,D90,0,0,0,1,1,2026,4,,0,0,,0,0,0,1,0,0,60,0,0,0,0,COLORADO,0,0,0,0,,0,,60.7,,68.4,0,143,4,0,3,0,0,3,0,0,60,0,0,0
98952,Isaiah Gibson Sr.,DI,0,0,,0,1,,SO MISS,1,D07,0,0,0,9,1,2026,29,26.2,0,0,,0,0,0,0,15,0,42.7,0,0,0,0,SO MISS,1,0,0,0,,0,33.3,42.8,,75.9,0,296,29,0,14,0,0,20,0,1,56.1,0,0,0
99105,Brandon Mack II,ED,2,0,,0,1,50,HOUSTON,0,D04,0,0,1,32,1,2027,43,34.5,1,1,70.8,2,0,7,0,0,0,60.8,0,0,0,0,HOUSTON,1,0,3,0,1,0,100,60.6,1,79.8,0,182,43,3,0,0,56.3,4,0,0,54,0,0,43
99276,Will Jones II,S,2,0,,0,0,100,N TEXAS,2,D00,48,17,0,3,1,2026,2,80.9,46,2,61.6,0,0,27,0,0,0,73.3,0,0,0,0,N TEXAS,1,0,0,0,42,5,0,65.2,23,76.7,0,251,50,23,0,0,118.8,20,0,1,56.2,26,0,2
99280,Logan Wilson,CB,3,0,,1,0,100,CINCINNATI,3,D07,38,2,0,0,1,2026,1,78.8,11,3,90.9,0,0,22,0,0,1,57.1,36,0,0,0,CINCINNATI,2,0,0,0,4,0,0,90.1,3.7,75.5,0,138,39,12,0,0,81.9,17,0,0,,0,0,1
99502,Deshawn McCuin,CB,2,0,,0,0,0,S DIEGO ST,1,D17,7,0,0,0,1,2026,0,73.5,0,0,78.6,0,0,4,0,0,0,65.2,7,0,0,0,S DIEGO ST,1,0,0,0,,0,0,84.7,,70,0,284,7,0,0,0,39.6,3,0,0,,0,0,0
99726,Nate Temple,ED,0,0,,0,0,,PITTSBURGH,1,D06,0,0,0,11,1,2026,16,71.1,0,0,,0,0,0,1,0,0,66.8,0,1,0,0,PITTSBURGH,1,0,1,0,,0,0,60.1,,74.4,0,268,16,0,0,0,0,5,0,0,53.3,0,0,15
99745,Jordan Huff,S,2,0,,0,1,100,GA STATE,4,D06,43,21,0,0,1,2026,0,53.6,17,2,33.2,0,0,20,0,0,0,58.3,0,0,0,0,GA STATE,1,0,0,0,9,6,20,40.8,8.5,75.3,0,175,43,7,0,0,102.1,23,0,0,,16,0,0
99757,Antonio Clary,S,0,0,,0,0,,VIRGINIA,3,D00,60,22,0,1,1,2026,0,83.3,0,0,78.5,0,1,32,0,0,0,64.5,0,0,0,0,VIRGINIA,0,0,0,0,,7,0,75.6,,77.4,0,335,60,0,0,0,0,27,0,3,59.9,31,0,0
99809,Rico Watson III,ED,3,0,,0,2,100,USF,3,D34,20,17,1,14,1,2026,41,43.2,39,3,48.2,0,0,29,1,0,0,72.9,0,0,1,0,USF,3,0,1,0,24,3,33.3,55.6,13,0,0,327,61,42,0,0,118.8,18,0,1,60.5,0,0,40
100324,Blaine Spires,ED,0,0,,0,0,,PITTSBURGH,0,D10,0,0,0,8,1,2026,12,,0,0,60.5,0,0,2,0,0,0,60,0,0,0,0,PITTSBURGH,0,0,0,0,,0,,57.6,,74.7,0,268,12,0,0,0,0,2,0,0,55.5,0,0,12
100432,Siale Taupaki,DI,0,0,,0,0,,UCLA,2,D92,1,1,0,21,1,2027,37,73.6,0,0,,1,0,0,2,7,0,70.1,0,0,1,0,UCLA,2,0,1,0,,0,0,62.3,,0,0,324,38,0,28,0,0,17,0,1,59.4,0,0,0
100437,Stephon Wright,DI,0,0,,0,1,,UCONN,1,D92,0,0,1,14,1,2027,46,36.9,0,0,,0,0,0,15,1,0,69.7,0,0,0,0,UCONN,2,0,1,0,,0,50,69.8,,76.2,0,146,46,0,24,0,0,32,0,0,62.4,0,0,6
100457,Levani Damuni,LB,1,0,,0,0,100,UTAH,2,D03,12,12,0,8,1,2026,4,75.8,6,1,73.6,0,0,4,0,0,0,62.3,0,0,0,0,UTAH,1,0,0,0,6,0,0,67.4,6,73.8,0,328,16,1,0,0,91.7,4,0,0,51.5,0,0,4
100595,Sitiveni Havili Kaufusi,ED,0,0,,0,0,,OKLA STATE,0,D17,0,0,0,9,1,2026,14,71.3,0,0,,0,0,0,5,0,0,67.3,0,0,0,0,OKLA STATE,0,0,0,0,,0,0,63.3,,72.1,0,262,14,0,4,0,0,5,0,1,55.3,0,0,5
101373,Javin Wright,LB,2,0,2026,0,0,50,NEBRASKA,1,D00,20,19,0,1,1,2026,2,73.1,3,1,78.3,1,1,11,0,0,0,70.1,0,0,0,0,NEBRASKA,1,0,1,0,3,1,0,86.4,3,74,0,238,22,1,0,0,16.7,10,0,0,65.3,0,0,2
101408,Smith Vilbert,ED,0,0,2026,0,1,,N CAROLINA,1,D08,0,0,0,37,1,2026,61,55.2,0,0,,3,0,0,13,0,0,64.2,0,0,0,0,N CAROLINA,1,0,3,0,,0,20,59.6,,79.3,0,245,61,0,13,0,0,24,0,3,54.5,0,0,35
101456,Jalen Hunt,ED,0,0,2026,0,0,,CINCINNATI,1,D90,0,0,1,23,1,2026,42,74.6,0,0,,2,0,0,28,0,0,79.6,0,0,0,0,CINCINNATI,1,0,3,0,,0,0,77.4,,75,0,138,42,0,13,0,0,19,0,1,64.9,0,0,1
101668,Tate Hallock,S,3,0,,0,1,66.7,W MICHIGAN,4,D03,61,23,0,0,1,2026,3,60.6,15,2,63,0,0,35,0,0,0,60.9,0,0,0,0,W MICHIGAN,2,0,0,0,10,9,16.7,62.9,7.5,78.5,0,347,64,4,0,0,78.5,29,0,1,,29,0,3
101911,Rushawn Lawrence,DI,0,0,,0,0,,MINNESOTA,3,D16,0,0,0,14,1,2026,25,73.4,0,0,60,0,0,0,0,1,0,59.6,0,0,0,0,MINNESOTA,1,0,0,0,,0,0,63.8,,74.3,0,225,25,0,20,0,0,11,0,0,56.7,0,0,4
102848,Brendan Harrington,LB,4,0,,0,1,100,GA SOUTHRN,4,D02,74,71,0,6,1,2026,12,62.6,33,4,58.9,1,0,38,0,0,0,50.1,0,0,0,0,GA SOUTHRN,1,0,1,0,16,3,12.5,53.1,8.3,78.2,0,174,86,7,0,1,101,42,0,3,55,0,0,12
103655,Logan Lutui,ED,3,0,,0,0,33.3,BYU,2,D07,3,1,0,14,1,2026,43,78.9,6,1,83.3,0,1,8,1,0,0,72.6,0,2,0,0,BYU,1,0,2,0,6,2,0,86,6,80.2,0,128,46,3,0,1,2.8,24,0,2,75.4,0,0,42
106404,Jalen Bell,DI,0,0,,0,1,,MEMPHIS,2,D93,0,0,0,35,1,2026,60,52.5,0,0,59.9,1,0,1,15,0,0,60.6,0,0,0,0,MEMPHIS,2,0,1,0,,0,20,58.6,,77.3,0,218,60,0,25,0,0,24,0,2,56.9,0,0,20
106446,Clay Patterson,DI,0,0,,0,0,,STANFORD,1,D91,0,0,0,13,1,2026,31,71.9,0,0,60,0,0,0,9,3,0,66.3,0,1,0,0,STANFORD,0,0,1,0,,0,0,67.5,,74.7,0,300,31,0,16,0,0,18,0,1,62.4,0,0,3
108130,Marques White,ED,0,0,,0,2,,UMASS,6,D16,1,1,1,9,1,2027,45,58.7,0,0,60,0,0,1,0,0,0,71.2,0,0,0,0,UMASS,4,0,1,0,,0,22.2,76,,80.2,0,216,46,0,0,0,0,36,2,1,75.3,0,0,45
116043,Tra Thomas,ED,1,0,,0,0,0,NC STATE,0,D04,6,6,0,23,1,2026,35,75.2,0,0,61.4,1,0,5,0,0,0,71.1,0,1,0,0,NC STATE,0,0,2,0,,0,0,63.5,,79.6,0,248,41,0,0,0,39.6,13,0,2,54.8,0,0,35
121461,Tyrese Hopkins,LB,0,0,,0,0,,LA MONROE,0,D06,8,8,0,0,1,2026,0,,0,0,60.9,0,0,3,0,0,0,64,0,0,0,0,LA MONROE,0,0,0,0,,0,,65.7,,69.9,0,209,8,0,0,0,0,5,0,0,,0,0,0
121523,Kenneth Harris,CB,5,0,2026,0,2,60,OKLA STATE,1,D23,73,18,0,2,1,2026,3,23.5,14,3,61.8,0,0,40,0,0,0,65.5,1,0,0,0,OKLA STATE,1,0,0,0,7,49,66.7,63.2,4.7,79,0,262,76,20,0,2,64.6,34,0,0,59.6,5,0,3
121668,Channing Canada,CB,3,0,2026,0,3,66.7,TCU,1,D07,30,1,0,0,1,2026,0,21.7,25,2,45.1,0,0,16,0,0,0,46.3,27,0,0,0,TCU,0,0,0,0,13,0,75,42.2,12.5,74.3,0,305,30,8,0,0,92.4,14,0,0,,2,0,0
121669,Isaiah Cash,CB,6,0,,0,0,50,VA TECH,1,D18,41,4,0,2,1,2026,1,76.5,77,3,44,1,0,29,0,0,0,63,0,0,0,0,VA TECH,0,0,1,0,38,36,0,48.2,25.7,78.3,0,337,42,39,0,0,95.8,11,0,1,69.7,1,0,1
121728,JoJo Evans Jr.,S,3,0,,0,0,33.3,LOUISVILLE,5,D27,72,22,0,4,1,2026,9,85.2,30,1,68.1,2,0,48,0,0,0,76.6,0,1,0,0,LOUISVILLE,2,0,3,0,30,8,0,73.3,30,80.3,0,210,81,6,0,1,71.5,29,0,2,72.8,42,0,9
121757,An'Darius Coffey,S,0,0,,0,0,,PURDUE,0,D24,1,0,0,0,1,2026,0,,0,0,,0,0,0,0,0,0,60,0,0,0,0,PURDUE,0,0,0,0,,0,,60,,63.1,0,273,1,0,0,0,0,1,0,0,,1,0,0
121837,Jacob Busic,ED,0,0,,0,1,,UCLA,1,D97,0,0,0,18,1,2026,44,32,0,0,60,0,0,1,15,0,0,56.1,0,0,0,0,UCLA,1,0,0,0,,0,50,55.8,,77.4,0,324,44,0,6,0,0,25,0,0,55.8,0,0,23
122146,Fred Davis II,CB,3,0,2026,0,0,100,NWESTERN,4,D02,60,4,0,1,1,2026,0,79.3,19,3,67.1,1,0,25,0,0,1,57.4,56,0,0,0,NWESTERN,2,0,1,0,12,0,0,66.8,6.3,76.3,0,256,60,2,0,0,132.6,34,1,0,66.7,0,1,0
122148,Malcolm Greene,CB,6,0,,0,1,83.3,UMASS,4,D01,64,24,0,1,1,2026,0,61.3,100,5,39.3,0,0,14,0,0,0,54.6,37,0,0,0,UMASS,2,0,0,0,51,0,14.3,44.2,20,74.8,0,216,64,59,0,0,158.3,49,0,2,60,3,1,0
122165,Tre Williams,DI,0,0,,0,0,,MICHIGAN,0,D00,0,0,0,13,1,2026,29,,0,0,,0,0,0,0,10,0,46.3,0,0,0,0,MICHIGAN,0,0,0,0,,0,,55.8,,75.7,0,222,29,0,19,0,0,16,0,0,72.3,0,0,0
122252,Jamar Rucks,ED,0,0,,0,0,,KENNESAW,0,D11,0,0,0,4,1,2026,6,,0,0,,0,0,0,0,0,0,60,0,0,0,0,KENNESAW,0,0,0,0,,0,,58.2,,72.1,0,200,6,0,0,0,0,2,0,0,57.1,0,0,6
122261,Tony Anyanwu,ED,1,0,,0,0,100,RICE,6,D26,9,0,0,39,1,2026,61,81.5,3,1,78.5,4,0,10,2,0,0,72.1,0,2,0,0,RICE,6,0,6,0,3,9,0,79.6,3,82.3,0,275,70,6,0,0,79.2,21,0,2,69,0,0,59
122269,Mike Harris,S,3,0,,0,3,100,S ALABAMA,2,D08,30,5,0,1,1,2026,0,27.6,20,3,66,0,0,16,0,0,0,43.4,0,0,0,0,S ALABAMA,1,0,0,0,8,24,42.9,58.5,6.7,76.3,0,288,30,19,0,0,94.4,13,0,2,60,1,0,0
122274,A.J. McCarty,CB,1,0,,0,1,100,TEXAS TECH,3,D01,36,9,0,0,1,2026,0,47.1,13,1,57.7,0,0,21,0,0,0,65.3,0,0,0,0,TEXAS TECH,2,0,0,0,13,27,25,59.9,13,75.6,0,315,36,2,0,0,118.8,15,0,0,,0,0,0
122278,Devin Neal,S,2,0,2026,0,1,100,VIRGINIA,4,D27,57,22,0,2,1,2026,2,65.8,14,2,66.6,1,0,30,0,0,0,69.2,0,0,0,0,VIRGINIA,3,0,1,0,9,9,12.5,68.1,7,78.1,0,335,59,11,0,0,135.4,27,0,3,57.6,26,1,2
122388,Gary Smith III,DI,0,0,2026,0,0,,UCLA,3,D58,0,0,0,15,1,2026,41,73.2,0,0,,0,0,0,0,2,0,66.4,0,0,0,0,UCLA,2,0,0,0,,0,0,64.8,,75.3,0,324,41,0,38,0,0,26,0,0,56.8,0,0,1
122396,Stephen Dix Jr.,LB,1,0,2026,0,1,100,ARKANSAS,7,D14,64,61,0,2,1,2026,2,69.6,11,1,56.8,0,0,18,0,0,0,71.3,0,0,0,0,ARKANSAS,4,0,0,0,11,3,8.3,67.7,11,72.8,0,111,66,13,0,0,112.5,46,0,4,58.2,0,0,2
122461,Marques Watson-Trent,LB,1,0,,0,2,100,NEBRASKA,1,D33,32,32,0,5,1,2026,7,27.6,22,1,55.3,0,0,11,0,0,0,59.2,0,0,0,0,NEBRASKA,0,0,0,0,22,0,50,55.7,22,76.2,0,238,39,1,0,0,118.8,23,0,1,55.5,0,0,7
122491,Jason Moore,DI,0,0,,1,0,,GA TECH,3,D95,0,0,1,19,1,2026,33,75.5,0,0,60,1,0,0,2,0,0,63.1,0,0,0,0,GA TECH,3,0,2,0,,0,0,67.7,,75.1,0,176,33,0,31,0,0,14,0,1,66.8,0,0,0
122551,Kenean Caldwell,DI,0,0,,0,0,,KANSAS,3,D97,0,0,0,7,1,2026,28,73.6,0,0,,0,0,0,0,16,0,65.6,0,0,0,0,KANSAS,2,0,0,0,,0,0,65.6,,75.5,0,198,28,0,12,0,0,21,1,0,59.1,0,0,0
122574,Karon Prunty,CB,4,0,2026,0,0,25,WAKE,3,D03,69,5,0,0,1,2026,0,79.2,2,1,81.3,0,1,44,0,0,0,70.4,63,0,0,0,WAKE,1,0,0,0,2,1,0,81.7,2,76.8,0,339,69,0,0,0,0,25,0,1,,0,0,0
122619,Cody Stufflebean,ED,0,0,,0,0,,KANSAS ST,1,D47,1,1,0,27,1,2026,45,71.1,0,0,60,0,0,1,10,0,0,63,0,1,0,0,KANSAS ST,0,0,1,0,,0,0,59.4,,77.1,0,199,46,0,7,0,0,18,0,0,55.6,0,0,28
122629,Caleb Anderson,CB,2,0,,0,1,100,MICHIGAN,0,D13,10,0,0,0,1,2026,0,21.7,19,2,57.5,0,0,9,0,0,0,60,10,0,0,0,MICHIGAN,0,0,0,0,15,0,100,57.5,9.5,71.2,0,222,10,10,0,0,106.3,1,0,0,,0,0,0
122635,Courtline Flowers,CB,7,0,,0,2,57.1,LA LAFAYET,5,D07,61,10,0,0,1,2026,0,40.4,36,4,60.5,0,1,32,0,0,0,46.7,47,0,0,0,LA LAFAYET,2,0,0,0,13,4,28.6,56.9,9,76.1,0,207,61,12,0,0,31.5,29,0,0,,0,0,0
122645,Caleb Kibodi,LB,1,0,,0,0,100,LA LAFAYET,0,D45,3,2,0,5,1,2026,10,,5,1,60,0,0,1,0,0,0,62.7,0,0,0,0,LA LAFAYET,0,0,0,0,5,1,,67.4,5,75.7,0,207,13,0,0,0,87.5,7,0,0,66.3,0,0,10
122647,Jordan Lawson,ED,0,0,,0,0,,LA LAFAYET,2,D00,0,0,1,17,1,2026,41,74.7,0,0,60,3,0,1,8,0,0,63.2,0,0,0,0,LA LAFAYET,3,0,4,0,,0,0,70.8,,77.4,0,207,41,0,2,0,0,23,0,0,73.9,0,0,31
122655,Dominique Ratcliff,DI,0,0,,0,0,,INDIANA,1,D91,0,0,0,10,1,2026,18,70.2,0,0,,1,0,0,1,1,0,70.9,0,1,0,0,INDIANA,1,0,2,0,,0,0,67.6,,73.2,0,190,18,0,16,0,0,8,1,0,56.4,0,0,0
122660,Tyree Skipper,S,2,0,,0,1,100,LA LAFAYET,3,D04,47,10,0,0,1,2026,0,56.7,36,2,54.6,0,0,24,0,0,0,53.7,1,0,1,0,LA LAFAYET,0,0,0,0,27,3,20,49.2,18,0,0,207,47,29,0,0,118.8,23,0,1,,33,0,0
122665,Ben Bell,ED,0,0,,0,1,,VA TECH,0,D33,5,4,0,28,1,2026,41,46.7,0,0,51.8,3,0,6,0,0,0,69.7,0,2,2,0,VA TECH,0,0,5,0,,1,50,68.9,,0,0,337,46,0,0,0,0,12,0,1,82.6,0,0,41
122670,Kershawn Fisher,ED,1,0,,0,1,100,W MICHIGAN,0,D20,2,2,0,19,1,2026,40,24.9,12,1,48.7,1,0,4,1,0,0,45.8,0,0,0,0,W MICHIGAN,0,0,1,0,12,0,100,42.8,12,79.9,0,347,42,0,0,0,116.7,19,0,0,53,0,0,39
122687,Keveion'ta Spears,DI,0,0,2026,0,0,,SMU,1,D40,0,0,0,15,1,2026,26,71.3,0,0,,0,0,0,3,2,0,64.4,0,0,0,0,SMU,1,0,0,0,,0,0,65.1,,73.9,0,287,26,0,21,0,0,11,1,0,61.7,0,0,0
122690,Cedric Woods,CB,5,0,,0,0,40,LA TECH,3,D11,55,1,0,0,1,2026,2,78.2,20,2,48.8,0,0,34,0,0,0,70.7,52,0,1,0,LA TECH,1,1,0,0,17,2,0,52.4,10,77.6,0,208,57,6,0,0,52.1,23,1,0,,0,0,2
122696,Henry Bryant,DI,0,0,,0,0,,GA STATE,2,D10,0,0,0,19,1,2026,39,74,0,0,,1,0,0,24,2,0,80.1,0,0,0,0,GA STATE,1,0,1,0,,0,0,82.5,,74.8,0,175,39,0,13,0,0,20,0,1,71,0,0,0
122721,Mason Reiger,ED,0,0,2026,0,5,,WISCONSIN,2,D22,0,0,1,17,1,2026,48,27.6,0,0,62.9,1,0,2,4,0,0,59.3,0,0,0,0,WISCONSIN,2,0,2,0,,0,55.6,67.2,,78.9,0,349,48,0,0,0,0,29,0,2,71.7,0,0,44
122821,Kedrick Bingley-Jones,DI,0,0,,0,0,,MISS STATE,0,D22,0,0,0,22,1,2027,33,,0,0,,1,0,0,3,0,0,46.4,0,0,0,1,MISS STATE,0,0,1,0,,0,,53.9,,74.9,0,227,33,0,28,0,0,11,0,0,63.1,0,0,2
122823,Jalen Brooks,LB,1,0,,0,0,100,MO STATE,3,D19,28,23,0,2,1,2026,0,80.3,17,1,63.3,0,0,15,0,0,0,79.3,0,0,0,0,MO STATE,3,0,0,0,17,5,0,75.9,17,72.9,0,230,28,0,0,0,118.8,11,0,2,68.3,0,0,0
122837,Tony Grimes,CB,2,0,,0,2,50,PURDUE,2,D00,74,0,0,0,1,2026,0,29.5,22,1,62.8,0,0,35,0,0,0,71.7,74,0,0,0,PURDUE,0,0,0,0,22,0,50,65.4,22,77.6,0,273,74,12,0,0,89.6,39,0,0,,0,0,0
122855,Devan Boykin,S,5,0,2026,0,0,40,INDIANA,4,D12,33,1,0,4,1,2026,8,79.6,10,2,90,1,1,25,0,0,0,69.7,0,1,0,1,INDIANA,3,0,2,0,5,32,0,90.7,5,80.4,0,190,41,6,0,0,8.3,12,0,0,77.7,0,0,8
122903,Aidan Keanaaina,DI,0,0,2026,0,0,,CAL,3,D47,0,0,0,16,1,2026,56,74.3,0,0,,1,0,0,0,8,0,77.5,0,0,0,0,CAL,3,0,1,0,,0,0,74.5,,76.9,0,130,56,0,48,0,0,40,0,1,55.9,0,0,0
122908,Caleb Offord,CB,5,0,2026,0,0,60,KENNESAW,4,D02,70,0,0,0,1,2026,0,81,49,3,59.4,0,0,36,0,0,0,56.1,69,0,0,0,KENNESAW,0,0,0,0,35,1,0,58.7,16.3,77.5,0,200,70,17,0,0,92.9,34,0,1,,0,0,0
122924,Joshua Eaton,CB,3,0,,0,2,66.7,MICH STATE,2,D07,55,2,0,0,1,2026,0,26.6,27,2,59.6,0,0,20,0,0,0,50.3,52,0,1,0,MICH STATE,0,0,0,0,22,1,50,53,13.5,0,0,223,55,5,0,0,95.1,35,0,0,,0,0,0
122926,DJ Graham II,CB,3,0,,0,1,66.7,KANSAS,3,D07,39,6,0,0,1,2026,0,47,36,2,56.9,0,0,12,0,0,0,74.2,33,0,0,0,KANSAS,1,0,0,0,20,0,25,63.7,18,74.5,0,198,39,13,0,1,107.6,27,1,0,,0,0,0
122927,Reggie Grimes II,ED,0,0,,0,0,,MEMPHIS,0,D44,0,0,0,16,1,2026,24,,0,0,,0,0,0,1,0,0,63.3,0,0,0,0,MEMPHIS,0,0,0,0,,0,,59,,74.5,0,218,24,0,14,0,0,8,0,0,54.9,0,0,9
122949,Shane Whitter,LB,0,0,,0,0,,N TEXAS,0,D07,7,6,0,3,1,2026,3,,0,0,62.4,0,0,6,0,0,0,60,0,0,0,0,N TEXAS,0,0,0,0,,1,,67.5,,72.3,0,251,10,0,0,0,0,1,0,0,66.6,0,0,3
122990,Nick Session,S,6,0,,0,2,66.7,NEW MEX ST,8,D05,75,18,0,1,1,2027,0,59.5,57,4,62.7,0,0,47,0,0,0,70.9,0,0,0,0,NEW MEX ST,3,0,0,0,35,8,16.7,65.7,14.3,78.8,0,242,75,15,0,0,136.8,27,1,2,60,49,1,0
123003,Rashad Battle,CB,5,0,,0,0,20,PITTSBURGH,3,D15,31,2,0,0,1,2026,0,78.5,6,1,67.4,0,0,24,0,0,1,61.4,29,0,0,0,PITTSBURGH,1,0,0,0,6,0,0,67.7,6,74.2,0,268,31,0,0,1,39.6,7,0,0,,0,0,0
123010,Dayon Hayes,ED,0,0,,0,0,,TEXAS A&M,1,D50,0,0,0,27,1,2026,33,71.5,0,0,,1,0,0,0,0,0,66.1,0,1,0,1,TEXAS A&M,0,0,2,0,,0,0,82.1,,77.1,0,312,33,0,0,0,0,6,0,0,79.5,0,0,33
123012,Bangally Kamara,LB,0,0,2026,0,0,,KANSAS,5,D01,45,41,0,3,1,2026,7,82.9,0,0,63.8,1,0,15,0,0,0,79.2,0,0,0,0,KANSAS,4,0,1,0,,4,0,77.4,,77.6,0,198,52,0,0,0,0,34,0,3,67,0,0,7
123045,Leon Lowery Jr.,ED,0,0,,0,0,,ILLINOIS,1,D09,6,4,0,7,1,2026,12,74.3,0,0,61.5,1,0,3,0,0,0,50.3,0,0,0,0,ILLINOIS,0,0,1,0,,2,0,56,,76,0,187,18,0,0,0,0,8,0,0,62.5,0,0,12
123054,Anwar Sparrow,LB,2,0,,0,1,100,SYRACUSE,1,D12,14,13,0,1,1,2026,3,29.8,9,2,72.5,0,0,5,0,0,0,51.6,0,0,0,0,SYRACUSE,1,0,0,0,7,1,33.3,63,4.5,72.8,0,304,17,4,0,0,85.4,11,0,1,60,0,0,3
123066,Bud Clark,S,9,0,2026,0,2,88.9,TCU,11,D21,71,12,0,0,1,2026,0,61,41,8,68.1,0,0,44,0,0,0,85.4,0,0,0,0,TCU,6,0,0,0,7,59,14.3,72.9,5.1,80,0,305,71,35,0,0,85.6,27,1,1,,0,0,0
123089,Jai'Onte' McMillan,CB,1,0,2026,0,0,100,MINNESOTA,0,D24,26,3,0,0,1,2026,0,,4,1,58.4,0,0,12,0,0,0,62.4,22,0,0,0,MINNESOTA,0,0,0,0,4,1,,59.6,4,73.2,0,225,26,0,0,0,83.3,14,0,0,,0,0,0
123156,Bryce Ramirez,LB,1,0,,0,2,100,TEXAS TECH,2,D03,20,20,0,0,1,2026,0,41.4,11,1,48.7,1,0,12,0,0,0,68.3,0,0,0,0,TEXAS TECH,2,0,1,0,11,0,33.3,55.5,11,73.2,0,315,20,15,0,0,112.5,8,0,2,,0,0,0
123261,Everitt Rogers,DI,0,0,,0,0,,HOUSTON,0,D97,0,0,0,1,1,2026,1,,0,0,,0,0,0,0,1,0,,0,0,0,0,HOUSTON,0,0,0,0,,0,,60,,65.5,0,182,1,0,0,0,0,0,0,0,60,0,0,0
123285,Mac Harris,LB,8,0,,0,5,87.5,USF,10,D24,83,77,0,19,1,2026,0,46.8,53,7,56.5,3,0,37,0,0,0,83.9,0,1,0,0,USF,5,0,4,0,18,5,25,63.8,7.6,79.3,0,327,83,36,0,0,94.3,27,0,5,47.7,1,0,0
123341,Justin Beadles,ED,0,0,,0,0,,LOUISVILLE,0,D19,0,0,0,11,1,2027,23,,0,0,,0,0,0,6,0,0,58.9,0,0,0,0,LOUISVILLE,0,0,0,0,,0,,56.5,,76.2,0,210,23,0,0,0,0,12,0,0,55.1,0,0,17
123343,Alec Bryant,ED,0,0,,0,0,,ILLINOIS,2,D03,8,4,0,9,1,2026,22,78.3,0,0,65.3,0,0,8,0,0,0,53.3,0,0,0,0,ILLINOIS,0,0,0,0,,4,0,60.8,,78.4,0,187,30,0,0,0,0,13,0,1,61.9,0,0,22
123370,Nick Andersen,S,4,0,2026,0,0,100,WAKE,3,D45,68,26,0,1,1,2026,0,81.8,62,4,63,0,0,43,0,0,0,56.5,1,0,0,0,WAKE,2,0,0,0,49,12,0,61.3,15.5,77.8,0,339,68,43,0,0,118.8,24,1,2,58.9,29,0,0
123454,Aaron Key,LB,0,0,,0,2,,UCONN,2,D05,7,4,0,7,1,2026,38,24.1,0,0,62.7,0,0,5,1,0,0,42.3,0,0,0,0,UCONN,2,0,0,0,,3,50,46.8,,80.2,0,146,45,0,0,0,0,33,0,0,57.7,0,0,37
123466,Kendrick Simpkins,S,0,0,,0,0,,BAYLOR,0,D16,17,2,0,2,1,2026,3,74.8,0,0,65.5,1,0,10,0,0,0,57.1,0,0,0,0,BAYLOR,0,0,1,0,,14,0,62.5,,76.7,0,118,20,0,0,0,0,8,0,1,57,1,0,3
123549,Jason Scott,S,0,0,,0,0,,DELAWARE,0,D17,13,9,0,2,1,2026,4,,0,0,64.6,0,0,9,0,0,0,60,0,0,0,0,DELAWARE,0,0,0,0,,2,,64.6,,74.9,0,151,17,0,0,0,0,6,0,0,59.7,2,0,4
123572,De'Arre McDonald,CB,8,0,,0,0,75,MIDDLE TN,6,D02,81,4,0,0,1,2026,0,82.3,44,6,63.4,0,0,47,0,0,0,67.2,76,0,1,0,MIDDLE TN,1,0,0,0,15,1,0,64.6,7.3,77.6,0,224,81,18,0,0,127.1,34,0,1,,0,1,0
123574,Sterling Miles,ED,0,0,,0,0,,E MICHIGAN,0,D56,3,3,0,5,1,2027,13,75.8,0,0,60,0,0,0,0,0,0,66.9,0,0,0,0,E MICHIGAN,0,0,0,0,,0,0,74.5,,75.8,0,160,16,0,0,0,0,11,0,2,71.3,0,0,13
123586,Justin Wodtly,ED,0,0,,0,0,,ARIZONA ST,3,D95,1,1,1,19,1,2026,52,78,0,0,,0,0,0,7,0,0,81.6,0,0,1,0,ARIZONA ST,2,0,1,0,,0,0,74.6,,0,0,110,53,0,13,0,0,34,0,1,63.1,0,0,32
123715,Luis Medina,DI,0,0,,0,0,,TROY,2,D01,0,0,1,14,1,2026,30,73.6,0,0,,1,0,0,2,7,0,70.4,0,0,0,0,TROY,1,0,2,0,,0,0,70.4,,75.1,0,318,30,0,21,0,0,16,0,0,62.4,0,0,0
123730,Cam Williams,ED,0,0,,0,0,,MICH STATE,2,D44,0,0,0,5,1,2026,20,74.8,0,0,,0,0,0,0,0,0,59.1,0,0,0,0,MICH STATE,1,0,0,0,,0,0,58.1,,76.1,0,223,20,0,0,0,0,15,0,0,56.5,0,0,20
123738,Josh Celiscar,DI,0,0,,0,1,,USF,1,D63,0,0,0,27,1,2026,49,28.3,0,0,,3,0,0,13,0,0,56.6,0,0,0,1,USF,0,0,3,0,,0,50,60.4,,75.7,0,327,49,0,35,0,0,22,0,0,63.5,0,0,1
123739,Kervins Choute,DI,0,0,,0,0,,UCONN,1,D33,0,0,0,10,1,2027,17,69.7,0,0,,0,0,0,0,5,0,55.4,0,0,0,0,UCONN,1,0,0,0,,0,0,55.5,,73.3,0,146,17,0,12,0,0,7,0,0,58.8,0,0,0
123766,Olasunkonmi Agunloye,DI,0,0,,0,0,,FIU,1,D19,0,0,0,13,1,2026,41,69.7,0,0,,1,0,0,4,2,0,44.2,0,0,2,0,FIU,0,0,1,0,,0,0,45.5,,75.5,0,166,41,0,33,0,0,28,0,0,57.3,0,0,2
123770,Jahmeer Carter,DI,0,0,2026,0,0,,VIRGINIA,0,D90,0,0,0,9,1,2026,18,,0,0,,1,0,0,0,1,0,68.6,0,0,0,0,VIRGINIA,0,0,1,0,,0,,69.9,,73,0,335,18,0,17,0,0,9,0,0,62.7,0,0,0
123779,Dave Herard,S,2,0,,0,1,100,W KENTUCKY,5,D17,65,49,0,0,1,2027,0,69.3,15,2,68.3,0,0,37,0,0,0,60.4,0,0,1,0,W KENTUCKY,3,0,0,0,13,5,14.3,63.2,7.5,0,0,346,65,8,0,0,97.9,28,0,1,,10,0,0
123910,Jamil Burroughs,DI,0,0,,0,0,,MISS STATE,1,D88,0,0,0,22,1,2026,32,70.2,0,0,,0,0,0,14,0,0,51.2,0,1,0,0,MISS STATE,0,0,1,0,,0,0,55,,75,0,227,32,0,16,0,0,10,0,0,60.3,0,0,2
123931,Jahquez Robinson,S,0,0,2026,0,0,,AUBURN,0,D05,2,2,0,0,1,2026,0,,0,0,60,0,0,1,0,0,0,60,0,0,0,0,AUBURN,0,0,0,0,,0,,60.5,,64.7,0,115,2,0,0,0,0,1,0,0,,0,0,0
123966,Eric Thomas Jr.,ED,0,0,,0,0,,SO MISS,0,D37,0,0,0,7,1,2026,16,,0,0,,1,0,0,3,0,0,69.3,0,0,0,0,SO MISS,0,0,1,0,,0,,77.2,,74.9,0,296,16,0,2,0,0,9,0,0,72.2,0,0,11
123987,Jay Hardy,DI,0,0,,0,0,,AUBURN,0,D92,0,0,0,4,1,2026,5,,0,0,,0,0,0,0,2,0,60,0,0,0,0,AUBURN,0,0,0,0,,0,,48,,69.7,0,115,5,0,3,0,0,1,0,0,57.7,0,0,0
123988,Romello Height,ED,1,0,2026,0,0,100,TEXAS TECH,1,D09,3,2,0,19,1,2026,28,72.2,5,1,62.4,1,0,2,0,0,0,60.9,0,0,0,0,TEXAS TECH,0,0,1,0,5,0,0,57.3,5,78.3,0,315,31,5,0,0,87.5,10,0,0,53.1,0,0,28
124007,Zykeivous Walker,DI,0,0,,0,0,,AUBURN,0,D91,0,0,0,5,1,2026,9,,0,0,,0,0,0,2,0,0,61.5,0,0,0,0,AUBURN,0,0,0,0,,0,,66.3,,71,0,115,9,0,6,0,0,4,0,0,65,0,0,1
124018,Jehlen Cannady,S,0,0,,0,0,,TULSA,0,D02,3,3,0,0,1,2026,0,,0,0,,0,0,0,0,0,0,60,0,0,0,0,TULSA,0,0,0,0,,0,,61.2,,63.6,0,320,3,0,0,0,0,3,0,0,,0,0,0
124065,Josaih Hayes,DI,0,0,,0,0,,KENTUCKY,0,D97,0,0,0,2,1,2026,6,,0,0,,0,0,0,0,1,0,61.9,0,0,0,0,KENTUCKY,0,0,0,0,,0,,61.9,,69.8,0,202,6,0,5,0,0,4,0,0,59.1,0,0,0
124066,Rickey Hyatt Jr.,S,1,0,,0,0,100,OHIO,0,D04,14,0,0,0,1,2026,0,,17,1,59.6,0,0,11,0,0,0,60,0,0,0,0,OHIO,0,0,0,0,17,0,,60.1,17,74.1,0,259,14,0,0,1,158.3,3,0,0,,14,1,0
124097,Jacobian Guillory II,DI,0,0,2026,0,0,,LSU,4,D90,0,0,0,13,1,2026,40,74.5,0,0,,1,0,0,1,14,0,55.7,0,0,0,0,LSU,4,0,1,0,,0,0,59.6,,76.1,0,211,40,0,25,0,0,27,1,0,66.9,0,0,0
124130,Demon Clowney,ED,1,0,,0,0,100,S CAROLINA,2,D30,0,0,0,7,1,2026,13,73.9,4,1,58,1,0,1,1,0,0,70.5,0,0,0,0,S CAROLINA,1,0,1,0,4,0,0,56.8,4,74,0,289,13,6,0,0,122.9,5,0,0,63.5,0,1,12
124239,Dominick Hill,S,0,0,,0,0,,SO MISS,0,D02,4,1,0,0,1,2026,0,,0,0,,0,0,0,0,0,0,60,0,0,0,0,SO MISS,0,0,0,0,,0,,60.2,,67.6,0,296,4,0,0,0,0,4,0,0,,3,0,0
124240,Joey Hunter,CB,2,0,,0,0,50,MEMPHIS,1,D18,18,1,0,0,1,2027,0,74.2,5,1,53.5,0,0,10,0,0,0,64.8,17,0,0,0,MEMPHIS,0,0,0,0,5,0,0,56.1,5,72.4,0,218,18,0,0,0,95.8,8,0,0,,0,1,0
124267,Dominic Bailey,ED,0,0,2026,0,0,,TENNESSEE,1,D90,0,0,1,24,1,2026,40,75.4,0,0,60,3,0,1,4,3,0,70,0,0,0,0,TENNESSEE,2,0,4,0,,0,0,78.6,,76.5,0,307,40,0,9,0,0,15,1,1,76.2,0,0,24
124276,Bryson Eason,DI,0,0,2026,0,0,,TENNESSEE,0,D20,0,0,0,19,1,2026,33,,0,0,,0,0,0,0,4,0,58.7,0,0,0,0,TENNESSEE,0,0,0,0,,0,,59.9,,75.1,0,307,33,0,29,0,0,14,0,0,60.2,0,0,0
124277,Martavius French,LB,2,0,,0,1,100,COLORADO,2,D37,48,46,0,3,1,2026,2,49.9,18,2,50.2,0,0,19,0,0,0,51.9,0,1,0,0,COLORADO,2,0,1,0,11,2,20,50.2,9,74.2,0,143,50,13,0,0,104.2,28,0,2,65.1,0,0,2
124286,Key Lawrence,S,2,0,,0,0,100,UCLA,6,D04,80,41,0,0,1,2026,1,84.9,6,2,81,0,1,37,0,0,0,57.1,1,0,0,0,UCLA,1,0,0,0,5,12,0,74.7,3,77.8,0,324,81,8,0,0,79.2,44,0,1,,26,1,1
124304,William Wright,CB,0,0,2026,0,0,,TENNESSEE,2,D00,37,1,0,0,1,2026,0,76.6,0,0,63.7,0,0,21,0,0,0,62.4,36,0,0,0,TENNESSEE,0,0,0,0,,0,0,64.3,,75.3,0,307,37,0,0,0,0,16,0,0,,0,0,0
124332,Josh Moten,CB,5,0,,0,0,80,SO MISS,2,D01,51,1,0,0,1,2026,0,76.6,16,4,43.3,0,0,23,0,0,0,64,47,0,2,0,SO MISS,0,1,0,0,6,3,0,43.1,4,0,0,296,51,-2,0,0,119.6,28,0,0,,0,1,0
124342,Dallas Walker IV,DI,0,0,,0,0,,AUBURN,2,D35,0,0,0,5,1,2028,16,72.4,0,0,,0,0,0,0,7,0,67.8,0,0,0,0,AUBURN,2,0,0,0,,0,0,66.9,,73.4,0,115,16,0,9,0,0,11,0,0,57.2,0,0,0
124379,Avery Helm,CB,5,0,,0,0,60,TCU,2,D24,39,0,0,0,1,2028,0,77,46,3,56.8,0,0,25,0,0,0,62.3,39,0,1,0,TCU,0,0,0,0,28,0,0,57.6,15.3,75.3,0,305,39,8,0,1,130,14,0,0,,0,1,0
124387,Mordecai McDaniel,S,1,0,,0,0,0,OKLA STATE,3,D32,27,12,1,1,1,2026,1,80.5,0,0,69,0,0,19,0,0,0,61.4,0,0,0,0,OKLA STATE,3,0,1,0,,4,0,71.4,,74.7,0,262,28,0,0,0,39.6,8,1,0,71.1,11,0,1
124394,Jahari Rogers,CB,3,0,,0,0,33.3,COLO STATE,1,D04,38,1,0,0,1,2026,3,73.5,-4,1,73.9,0,0,18,0,0,0,63,36,0,1,0,COLO STATE,1,0,0,0,-4,1,0,73.6,-4,77.6,0,144,41,1,0,1,42.4,23,1,0,,0,0,3
124924,Juandarion Silas,LB,0,0,,0,0,,KENNESAW,3,D16,14,12,0,1,1,2027,0,78.9,0,0,63.4,0,0,10,0,0,0,67.9,0,0,0,0,KENNESAW,3,0,0,0,,2,0,67.1,,71,0,200,14,0,0,0,0,3,0,0,59.6,0,0,0
125273,Michael Mack II,CB,1,0,,0,1,100,OHIO,1,D09,46,0,0,0,1,2026,3,28.1,39,1,62.7,0,0,30,0,0,0,32.7,46,0,0,0,OHIO,0,0,0,0,39,0,50,56.2,39,77.6,0,259,49,3,0,0,118.8,19,0,0,,0,0,3
125313,Cole Wisniewski,S,3,0,2026,1,0,33.3,TEXAS TECH,5,D05,52,20,0,0,1,2026,0,83.1,4,1,74.4,0,0,30,0,0,0,79.7,2,0,0,0,TEXAS TECH,4,0,0,0,4,4,0,78.6,4,75.7,0,315,52,2,0,1,42.4,22,0,1,,25,0,0
125333,Muheem McCargo,S,0,0,,0,0,,BALL ST,4,D16,24,21,0,0,1,2026,0,83,0,0,44.7,0,0,6,0,0,0,71.3,0,0,0,0,BALL ST,0,0,0,0,,1,0,58.6,,73.5,0,117,24,0,0,0,0,18,0,1,,2,0,0
125335,Demerick Morris,DI,0,0,,0,1,,TEMPLE,1,D40,1,1,0,16,1,2026,39,37.5,0,0,,3,0,0,9,5,0,63.3,0,0,0,0,TEMPLE,1,0,3,0,,0,33.3,58.8,,75.4,0,306,40,0,23,0,0,24,0,1,51,0,0,2
126029,Dylan Hasz,S,0,0,,0,0,,APP STATE,0,D08,1,0,0,0,1,2028,0,,0,0,60,0,0,1,0,0,0,,0,0,0,0,APP STATE,0,0,0,0,,0,,60,,63.1,0,108,1,0,0,0,0,0,0,0,,1,0,0
126328,Mo Horn,CB,3,0,,0,1,0,TEXAS TECH,1,D04,25,6,0,0,1,2027,0,28.5,0,0,48.1,0,0,13,0,0,0,62.3,16,0,0,0,TEXAS TECH,0,0,0,0,,2,50,50.3,,72.8,0,315,25,0,0,0,39.6,12,0,0,,1,0,0
126465,Langston Patterson,LB,2,0,2026,0,0,100,VANDERBILT,5,D10,47,41,0,3,1,2026,6,81.3,15,2,53.1,0,0,20,0,0,0,78.8,0,2,0,0,VANDERBILT,3,0,2,0,9,6,0,69.9,7.5,76.7,0,333,53,6,0,0,137.5,30,0,2,69.1,0,1,6
126535,Tyler Gant,DI,0,0,,0,0,,NWESTERN,0,D54,0,0,0,0,1,2028,1,,0,0,,0,0,0,0,0,0,60,0,0,0,0,NWESTERN,0,0,0,0,,0,,60,,64.7,0,256,1,0,1,0,0,1,0,0,,0,0,0
126620,Donovan Rieman,ED,0,0,,0,0,,LA TECH,2,D98,0,0,1,18,1,2027,34,74.8,0,0,,0,0,0,8,0,0,73.2,0,0,0,0,LA TECH,2,0,1,0,,0,0,67.5,,75.8,0,208,34,0,2,0,0,16,0,0,55.7,0,0,24
127648,Devin Robinson,CB,1,0,,0,1,0,TULSA,4,D16,44,13,0,7,1,2028,20,66,0,0,74.9,1,0,25,0,0,0,64,0,0,0,0,TULSA,2,0,1,0,,31,16.7,71.9,,80.9,0,320,64,0,0,0,39.6,32,1,1,57.1,0,0,20
128074,Aaron Beckwith,DI,0,0,,0,0,,TEMPLE,1,D88,1,1,0,14,1,2026,22,70.8,0,0,,0,0,0,2,7,0,49.5,0,0,0,0,TEMPLE,1,0,0,0,,0,0,48.8,,75.1,0,306,23,0,13,0,0,9,0,0,55.2,0,0,0
128170,Chase Wilson,LB,3,0,2026,0,0,100,W VIRGINIA,2,D30,51,46,0,10,1,2026,5,76.5,17,3,55,0,0,25,0,0,0,69.3,0,0,0,0,W VIRGINIA,2,0,0,0,14,4,0,58.4,5.7,76.9,0,343,56,17,0,0,90.3,21,1,0,52.1,1,0,5
128247,Teivis Tuioti,DI,0,0,,0,0,,S DIEGO ST,0,D94,0,0,0,3,1,2026,5,,0,0,,0,0,0,0,0,0,60.3,0,0,0,0,S DIEGO ST,0,0,0,0,,0,,59.8,,69,0,284,5,0,5,0,0,2,0,0,57.6,0,0,0
128249,Thomas Witte,DI,0,0,,0,1,,NEVADA,3,D99,0,0,0,35,1,2026,68,53.7,0,0,60,2,0,0,19,6,0,60.2,0,0,1,0,NEVADA,3,0,2,0,,0,16.7,60.3,,1.3,0,239,68,0,42,0,0,33,0,2,65.8,0,0,1
128258,Tavian Combs,S,1,0,,0,1,100,NEW MEXICO,5,D07,50,25,0,2,1,2027,2,62.4,5,1,66.6,0,0,30,0,0,0,52.8,0,0,1,0,NEW MEXICO,2,0,0,0,5,5,14.3,57.4,5,0,0,241,52,9,0,0,87.5,20,0,1,57.5,20,0,2
128416,Sabastian Harsh,ED,0,0,2026,0,0,,NC STATE,4,D54,0,0,0,45,1,2026,69,77.7,0,0,56.3,4,0,3,11,0,0,76.9,0,0,0,0,NC STATE,4,0,4,0,,0,0,76,,80.5,0,248,69,0,7,0,0,21,1,0,72.5,0,0,51
128432,Braden Siders,ED,1,0,,0,1,100,W VIRGINIA,2,D10,0,0,0,30,1,2026,57,53,4,1,52.1,0,0,4,1,0,0,58.6,0,0,0,0,W VIRGINIA,1,0,0,0,4,0,25,56.9,4,80.8,0,343,57,5,0,0,83.3,23,0,1,59.4,0,0,56
129183,Jayden Marable,DI,0,0,,0,0,,MEMPHIS,0,D98,0,0,0,18,1,2028,29,,0,0,,1,0,0,0,26,0,58.9,0,0,0,0,MEMPHIS,0,0,1,0,,0,,59.9,,76.7,0,218,29,0,3,0,0,11,0,0,60,0,0,0
129403,Jordan Walker,S,0,0,,0,1,,W VIRGINIA,1,D04,15,5,0,0,1,2026,1,39.8,0,0,65.2,0,0,9,0,0,0,58.8,0,0,0,0,W VIRGINIA,0,0,0,0,,2,50,63.5,,75,0,343,16,0,0,0,0,7,0,0,,8,0,1
129445,Chris Keys Jr.,S,2,0,,0,2,50,FAU,4,D20,69,59,0,0,1,2026,0,40.3,23,1,52.9,0,0,13,0,0,0,27.6,0,0,0,0,FAU,0,0,0,0,23,9,28.6,34.3,23,76.1,0,165,69,2,0,0,91.7,56,0,1,,1,0,0
129465,Brenden Deasfernandes,CB,4,0,,0,0,50,C MICHIGAN,1,D03,50,1,0,0,1,2027,0,74.2,25,2,74.1,0,0,37,0,0,0,44.9,49,0,0,0,C MICHIGAN,0,0,0,0,18,0,0,70.6,12.5,76.4,0,134,50,6,0,0,69.8,13,0,0,,0,0,0
129471,Ethan Hurkett,ED,0,0,2026,0,1,,IOWA,1,D49,0,0,1,15,1,2026,24,55.5,0,0,62,1,0,2,7,1,0,65.5,0,0,0,0,IOWA,2,0,2,0,,0,25,66.6,,76.1,0,192,24,0,0,0,0,7,0,2,62.3,0,0,16
129582,Nikhai Hill-Green,LB,2,0,2026,0,2,100,ALABAMA,6,D41,28,28,0,1,1,2026,2,48.1,47,2,51,0,0,13,0,0,0,72.1,0,0,0,0,ALABAMA,2,0,0,0,33,0,25,60.5,23.5,73.2,0,103,30,41,0,0,118.8,16,0,0,59.2,0,0,2
129611,Avery Dunn,ED,0,0,,0,0,,TOLEDO,0,D97,0,0,0,8,1,2028,21,,0,0,,0,0,0,5,0,0,48.1,0,0,0,0,TOLEDO,0,0,0,0,,0,,51.2,,74.2,0,316,21,0,2,0,0,13,0,0,61.6,0,0,14
129635,Darius Snow,LB,0,0,,0,0,,MICH STATE,3,D23,15,10,0,0,1,2027,21,81.6,0,0,63,0,0,8,0,0,0,57.8,0,0,0,0,MICH STATE,2,0,0,0,,5,0,60.5,,78.1,0,223,36,0,0,0,0,28,0,2,,0,0,21
129651,Lucas Finnessy,ED,0,0,,0,0,,MINNESOTA,1,D46,0,0,0,4,1,2026,9,71.5,0,0,,0,0,0,0,0,0,63.3,0,0,0,0,MINNESOTA,0,0,0,0,,0,0,62.2,,72.1,0,225,9,0,0,0,0,5,0,0,57.3,0,0,9
129661,Jalen Logan-Redding,DI,0,0,2026,0,0,,MINNESOTA,0,D97,0,0,0,7,1,2026,14,,0,0,,0,0,0,0,0,0,43.7,0,0,0,0,MINNESOTA,0,0,0,0,,0,,42.8,,72.5,0,225,14,0,12,0,0,7,0,0,57.4,0,0,2
129675,Marquis Black,DI,0,0,,0,0,,UCONN,0,D96,0,0,0,2,1,2026,7,,0,0,,0,0,0,0,1,0,65.9,0,0,0,0,UCONN,0,0,0,0,,0,,66.9,,70.1,0,146,7,0,6,0,0,5,0,0,60,0,0,0
129679,Jimari Butler,ED,0,0,,0,0,,LSU,2,D12,0,0,0,8,1,2026,23,75.2,0,0,,1,0,0,0,0,0,73,0,1,0,0,LSU,2,0,2,0,,0,0,75.3,,77.3,0,211,23,0,0,0,0,15,0,0,66.3,0,0,23
129699,Tamon Lynum,CB,3,0,2026,0,0,66.7,PITTSBURGH,2,D08,32,1,0,0,1,2026,0,77,7,2,77.5,0,0,24,0,0,0,60.5,31,0,0,0,PITTSBURGH,2,0,0,0,6,0,0,77.6,3.5,74.4,0,268,32,2,0,1,70.1,8,0,0,,0,0,0
129727,Gunner Maldonado,S,0,0,,0,1,,KANSAS ST,5,D03,43,17,0,0,1,2026,0,59.8,0,0,64,0,1,27,0,0,0,75.4,0,0,0,0,KANSAS ST,2,0,0,0,,2,16.7,68.9,,75.6,0,199,43,0,0,0,0,16,0,0,,24,0,0
129753,Mitchell Melton,ED,0,0,2026,0,0,,VIRGINIA,2,D17,0,0,0,35,1,2026,61,77,0,0,88.2,6,1,2,0,0,0,39.7,0,2,1,1,VIRGINIA,2,0,8,0,,0,0,70.8,,0,0,335,61,0,1,0,0,24,0,1,75,0,0,60
129766,Cole Brevard,DI,0,0,2026,0,0,,TEXAS,0,D99,0,0,0,16,1,2026,30,,0,0,,1,0,0,0,5,0,64.2,0,0,0,0,TEXAS,0,0,1,0,,0,,65.6,,74.7,0,311,30,0,24,0,0,14,0,0,62.8,0,0,1
129833,Antonio Stevens,S,3,0,,0,0,66.7,KENNESAW,1,D03,50,15,0,0,1,2026,2,81.7,18,2,51.5,0,0,27,0,0,0,47.8,0,0,0,0,KENNESAW,0,0,0,0,12,6,0,49.3,9,77.1,0,200,52,0,0,0,82.6,25,0,3,,29,0,2
129839,Andrew Awe,LB,2,0,,0,2,100,RICE,5,D00,75,73,0,7,1,2026,0,39.6,18,2,54.9,1,0,45,0,0,0,55.5,0,0,0,0,RICE,3,0,1,0,14,2,25,54.7,9,76,0,275,75,11,0,0,104.2,23,1,1,60.9,0,0,0
129844,Jordan Dunbar,CB,7,0,2026,0,1,28.6,MO STATE,2,D12,61,7,0,0,1,2026,0,37.7,9,2,82.9,0,1,39,0,0,0,63.1,54,0,0,0,MO STATE,1,0,0,0,5,0,33.3,82.2,4.5,76.6,0,230,61,0,0,2,0,22,0,0,,0,0,0
129871,Wesley Bailey,ED,0,0,2026,0,0,,LOUISVILLE,2,D23,0,0,3,39,1,2026,54,77.1,0,0,60,2,0,0,7,0,0,56.1,0,0,0,0,LOUISVILLE,4,0,5,0,,0,0,70.9,,79.4,0,210,54,0,2,0,0,15,0,0,73,0,0,45
129880,Rene Konga,DI,0,0,2026,0,2,,LOUISVILLE,2,D90,0,0,0,36,1,2026,53,26.1,0,0,,5,0,0,7,4,0,72.4,0,0,0,0,LOUISVILLE,2,0,5,0,,0,50,85.9,,76.6,0,210,53,0,37,0,0,17,1,0,84.2,0,0,5
129913,Ben Barten,DI,0,0,2026,0,1,,WISCONSIN,4,D68,0,0,1,13,1,2026,49,57.3,0,0,,0,0,0,0,5,0,69.9,0,0,0,0,WISCONSIN,3,0,1,0,,0,20,70,,76.5,0,349,49,0,42,0,0,36,0,0,61.9,0,0,2
129930,James Thompson Jr.,DI,0,0,2026,0,0,,ILLINOIS,0,D90,0,0,0,12,1,2026,21,69.7,0,0,,0,0,0,6,1,0,67.5,0,0,0,0,ILLINOIS,0,0,0,0,,0,0,64.6,,73.7,0,187,21,0,14,0,0,9,0,1,56.1,0,0,0
129937,Aaron Witt,ED,1,0,,0,0,100,WISCONSIN,2,D59,17,7,0,0,1,2027,14,76.4,1,1,47.7,0,0,7,0,0,0,71.7,0,0,0,0,WISCONSIN,2,0,0,0,1,10,0,61.1,1,77.3,0,349,31,0,0,0,118.8,24,2,0,,0,1,14
130299,DiMarco Johnson,S,2,0,,0,1,50,AKRON,1,D18,21,12,0,0,1,2026,1,28.4,15,1,68.1,0,0,14,0,0,1,53.1,0,0,0,0,AKRON,0,0,0,0,15,4,50,63.4,15,73.9,0,102,22,0,0,1,75,8,0,0,,5,0,1
130415,Jalen McNair,S,3,0,,0,0,33.3,BUFFALO,4,D08,59,29,0,5,1,2027,1,83.9,5,1,66.3,0,1,27,0,0,0,69.9,0,0,0,0,BUFFALO,1,0,0,0,5,1,0,69.1,5,74.9,0,126,60,6,0,1,42.4,28,0,2,62.1,29,1,1
130424,George Wolo,DI,0,0,,0,0,,BUFFALO,2,D90,0,0,0,19,1,2026,41,74.5,0,0,,0,0,0,0,0,0,56.8,0,0,0,0,BUFFALO,2,0,0,0,,0,0,57.7,,75.3,0,126,41,0,41,0,0,22,0,2,59.3,0,0,0
130451,Mikah Coleman,ED,0,0,,0,0,,CINCINNATI,3,D04,0,0,1,21,1,2027,39,76.9,0,0,,1,0,0,14,0,0,81.2,0,0,0,0,CINCINNATI,4,0,2,0,,0,0,78.9,,76.5,0,138,39,0,3,0,0,18,0,1,65.1,0,0,22
130497,Terrell Miller,CB,3,0,,0,2,66.7,KENT STATE,4,D18,62,10,0,0,1,2026,7,47.2,30,2,67.5,0,0,33,0,0,0,46.9,52,0,0,0,KENT STATE,0,0,0,0,18,0,28.6,62,15,78.4,0,201,69,9,0,1,99.3,36,0,1,,0,0,7
130562,Devin Lafayette,S,3,0,2026,0,0,66.7,TROY,5,D03,60,21,0,3,1,2026,3,83.5,23,2,72.7,0,0,29,0,0,0,63.9,0,0,0,0,TROY,2,0,0,0,15,26,0,70.4,11.5,77.8,0,318,63,2,0,0,89.6,31,0,2,57.1,13,0,3
130573,Daveren Rayner,LB,1,0,2026,0,1,0,KENTUCKY,1,D07,29,22,1,4,1,2026,2,31.6,0,0,49.1,0,0,16,0,0,0,50.8,0,0,0,0,KENTUCKY,1,0,1,0,,7,50,49.9,,73.9,0,202,31,0,0,0,39.6,11,0,0,66.6,0,0,2
130616,Jaelen Crider,DI,0,0,,0,0,,LA LAFAYET,1,D93,0,0,0,15,1,2026,35,69.7,0,0,,0,0,0,1,8,0,65.1,0,1,0,0,LA LAFAYET,1,0,1,0,,0,0,63.5,,76.4,0,207,35,0,26,0,0,20,0,0,57.2,0,0,0
130629,Martez Poynter,DI,0,0,,0,0,,TOLEDO,5,D08,0,0,0,26,1,2026,64,75,0,0,,3,0,0,0,0,0,71,0,1,1,0,TOLEDO,3,0,4,0,,0,0,78.2,,0,0,316,64,0,64,0,0,38,1,0,89,0,0,0
131100,Jaxson Campbell,CB,0,0,,0,0,,NAVY,1,D14,16,6,0,8,1,2026,6,74.3,0,0,62.3,0,0,5,0,0,0,68.3,0,0,0,0,NAVY,1,0,0,0,,10,0,68.9,,75.3,0,237,22,0,0,0,0,9,0,0,64.4,0,0,6
131188,Kamdon McFarland,CB,0,0,,0,0,,N TEXAS,0,D29,1,0,0,0,1,2028,0,,0,0,,0,0,0,0,0,0,60,0,0,0,0,N TEXAS,0,0,0,0,,0,,60,,60,0,251,1,0,0,0,0,1,0,0,,0,0,0
131222,Brian Booker,DI,0,0,,0,1,,NEW MEXICO,3,D92,0,0,0,21,1,2027,34,49.5,0,0,62.1,0,0,0,0,2,0,58.2,0,0,0,0,NEW MEXICO,2,0,0,0,,0,20,60.5,,75.2,0,241,34,0,31,0,0,13,0,1,55.5,0,0,1
131257,Ashton Levells-Mitchell,CB,1,0,,0,0,100,FIU,0,D01,3,0,0,0,1,2027,0,,70,1,60,0,0,1,0,0,0,60,3,0,0,0,FIU,0,0,0,0,70,0,,27.9,70,67.3,0,166,3,35,0,0,158.3,2,0,0,,0,1,0
131462,Preston Hodge,CB,8,0,2026,0,0,25,COLORADO,1,D04,74,16,0,0,1,2026,2,76.8,41,2,78,0,0,29,0,0,0,51.2,1,0,0,0,COLORADO,1,0,0,0,22,56,0,69.7,20.5,79.1,0,143,76,9,0,3,88,47,0,1,,1,1,2
131600,Dion Wilson Jr.,DI,0,0,2026,0,0,,SYRACUSE,1,D04,2,2,0,20,1,2026,39,72.4,0,0,,1,0,0,0,10,0,56.2,0,1,0,0,SYRACUSE,0,0,2,0,,0,0,59.8,,76.6,0,304,41,0,28,0,0,21,0,1,64.4,0,0,1
131656,Stanley Saole-McKenzie,DI,0,0,,0,1,,CAL,0,D94,0,0,0,6,1,2027,16,28,0,0,,0,0,0,0,2,0,65.6,0,0,0,0,CAL,0,0,0,0,,0,50,65,,72.7,0,130,16,0,14,0,0,10,0,1,58,0,0,0
131680,Devin Grant,ED,0,0,,0,0,,W VIRGINIA,0,D91,0,0,1,26,1,2026,40,76.8,0,0,59.9,3,0,2,13,0,0,68.6,0,0,0,1,W VIRGINIA,1,0,4,0,,0,0,69.3,,77.2,0,343,40,0,3,0,0,12,0,3,65.1,0,0,24
131721,Logan Sagapolu,DI,0,0,,0,0,,WASHINGTON,0,D97,0,0,0,2,1,2026,5,,0,0,,0,0,0,0,5,0,60.9,0,0,0,0,WASHINGTON,0,0,0,0,,0,,61.2,,70.5,0,340,5,0,0,0,0,3,0,0,59.5,0,0,0
131744,John Miller,LB,3,0,,0,4,100,UTAH ST,6,D20,63,61,0,9,1,2026,3,43.6,74,3,29.4,2,0,16,0,0,0,75.8,0,0,0,0,UTAH ST,5,0,2,0,40,1,28.6,53.5,24.7,75.1,0,329,66,38,0,0,158.3,41,1,4,46.2,0,1,3
131778,Omari Porter,CB,6,0,,0,2,100,RICE,3,D07,74,9,0,1,1,2026,1,22.9,141,6,55.6,0,0,51,0,0,0,64,64,0,0,0,RICE,1,0,0,0,80,1,33.3,56.5,23.5,76.9,0,275,75,86,0,0,158.3,23,0,1,58.7,0,1,1
131815,JonJon Vaughns,LB,1,0,,0,1,100,UCLA,8,D06,60,60,0,7,1,2026,5,75.5,14,1,64.8,0,0,18,0,0,0,79.8,0,0,0,0,UCLA,5,0,0,0,14,0,7.7,76.5,14,77.8,0,324,65,19,0,0,118.8,40,0,4,56.9,0,0,5
131817,DJ Warnell,LB,2,0,,0,0,100,NEVADA,1,D14,7,5,0,1,1,2026,3,77.4,19,2,53.6,0,0,8,0,0,0,60.6,0,0,0,0,NEVADA,1,0,0,0,11,2,0,55.5,9.5,73.7,0,239,10,6,0,0,106.3,1,0,1,59.7,0,0,3
131853,Sione Fotu,LB,4,0,,0,0,50,HOUSTON,3,D12,46,44,0,7,1,2028,5,79.1,20,2,65.1,0,0,33,0,0,0,60.9,0,0,0,0,HOUSTON,0,0,0,0,13,2,0,62.9,10,77.2,0,182,51,24,0,0,64.6,11,0,1,53.5,0,0,5
131883,Aliki Vimahi,DI,0,0,,0,0,,UTAH,2,D95,1,1,0,19,1,2026,31,73.2,0,0,60,1,0,0,3,3,0,82.2,0,0,0,0,UTAH,1,0,1,0,,0,0,73.7,,74.6,0,328,32,0,25,0,0,13,0,1,54.4,0,0,0
131892,Makell Esteen,S,4,0,,0,2,75,WASHINGTON,5,D24,64,23,0,3,1,2026,3,41.5,33,3,60.4,0,0,35,0,0,0,50,0,1,0,0,WASHINGTON,1,0,1,0,17,12,28.6,58.3,11,77.4,0,340,67,12,0,0,99,29,0,0,69.1,29,0,3
131939,Jackson Lataimua,S,0,0,,0,0,,N TEXAS,0,D13,3,2,0,0,1,2026,0,,0,0,60,0,0,1,0,0,0,60,0,0,0,0,N TEXAS,0,0,0,0,,0,,64.3,,92.9,0,251,3,0,0,0,0,2,0,0,,0,0,0
131942,Gabriel Lopez,DI,0,0,,0,0,,NEW MEXICO,1,D09,0,0,0,19,1,2026,33,72.4,0,0,,2,0,0,0,2,0,65.6,0,0,0,0,NEW MEXICO,1,0,2,0,,0,0,76.1,,75.1,0,241,33,0,31,0,0,14,0,1,78.4,0,0,0
132298,Jarvarius Sims,CB,6,0,,0,0,66.7,W MICHIGAN,7,D08,62,5,0,1,1,2027,0,82.6,42,4,72.3,0,0,33,0,0,0,56.2,57,0,0,0,W MICHIGAN,2,0,0,0,21,0,0,70.4,10.5,76.2,0,347,62,9,0,1,86.8,28,0,0,60,0,0,0
133044,David Godsey Jr.,CB,1,0,,0,0,100,LA MONROE,0,D13,57,1,0,0,1,2026,0,,24,1,64,0,0,33,0,0,0,63.7,56,0,0,0,LA MONROE,0,0,0,0,24,0,,64.6,24,76.7,0,209,57,1,0,0,158.3,24,0,0,,0,1,0
133060,Brenden Jordan,S,1,0,,0,1,100,TEXAS TECH,2,D07,42,1,0,0,1,2028,0,61.5,3,1,69.2,0,0,24,0,0,0,67.3,0,0,0,0,TEXAS TECH,1,0,0,0,3,10,25,70.6,3,77.9,0,315,42,0,0,0,79.2,18,0,1,,31,0,0
133626,Anas Luqman,ED,0,0,,0,0,,OHIO,1,D15,0,0,0,25,1,2027,43,71.1,0,0,60,5,0,1,9,0,0,57.1,0,0,1,1,OHIO,1,0,5,0,,0,0,66.5,,0,0,259,43,0,8,0,0,17,0,0,78.5,0,0,26
133825,Dontay Corleone,DI,0,0,,0,0,,CINCINNATI,0,D02,0,0,0,20,1,2026,38,72.4,0,0,,0,0,0,0,26,0,76.1,0,0,1,0,CINCINNATI,0,0,0,0,,0,0,64.3,,0,0,138,38,0,12,0,0,18,0,1,56.2,0,0,0
133963,Ray Coney,LB,2,0,,0,0,100,TULSA,10,D00,63,57,0,11,1,2028,9,86,14,2,75,1,0,29,0,0,0,83.6,0,1,0,0,TULSA,8,0,2,0,13,6,0,84.9,7,78.1,0,320,72,5,0,0,95.8,32,1,4,66.9,0,0,9
134328,Tyler Rich,DI,0,0,,0,0,,TULSA,0,D58,0,0,0,3,1,2028,9,,0,0,,0,0,0,1,0,0,50.3,0,0,0,0,TULSA,0,0,0,0,,0,,48.3,,70.8,0,320,9,0,8,0,0,6,0,0,59.4,0,0,0
138135,Daniel Rickert,ED,1,0,2026,0,0,100,VIRGINIA,2,D52,2,2,1,26,1,2026,54,75.5,3,1,71.1,2,0,7,0,0,0,66.2,0,0,0,0,VIRGINIA,3,0,3,0,3,0,0,70.1,3,79.4,0,335,56,0,0,0,79.2,23,0,0,63.2,0,0,54
138258,Quinn Urwiler,LB,3,0,,0,1,66.7,N ILLINOIS,13,D32,62,61,0,2,1,2026,5,78.6,17,2,64.4,3,0,34,0,0,0,82.2,0,0,0,0,N ILLINOIS,8,0,3,0,9,1,6.7,74.3,8.5,76.5,0,254,67,9,0,0,81.3,31,0,1,56.2,0,0,5
138274,Jacob Ferguson,ED,0,0,,0,1,,GA SOUTHRN,3,D07,18,18,0,18,1,2026,35,49.6,0,0,50.4,2,0,7,16,0,0,56.8,0,0,0,0,GA SOUTHRN,3,0,2,0,,0,25,51.5,,77.9,0,174,53,0,4,0,0,28,0,0,53.7,0,0,15
138276,Isaiah Green,DI,0,0,,0,0,,MEMPHIS,0,D10,0,0,0,2,1,2026,4,,0,0,,0,0,0,0,3,0,60,0,0,0,0,MEMPHIS,0,0,0,0,,0,,69.2,,69.4,0,218,4,0,1,0,0,2,0,0,65.9,0,0,0
138302,Caleb Francl,S,6,0,,0,4,83.3,WASH STATE,6,D09,57,18,0,7,1,2026,1,45.3,55,5,54.2,1,0,31,0,0,0,65.6,0,1,0,0,WASH STATE,3,0,2,0,21,39,30.8,57.6,11,77,0,341,58,14,0,0,104.9,20,0,3,60,0,0,1
138314,Cale Reeder,S,0,0,,0,0,,WASH STATE,1,D25,55,31,0,0,1,2026,0,74.8,0,0,67.7,0,0,36,0,0,0,69.7,0,0,0,0,WASH STATE,1,0,0,0,,5,0,69.6,,76.2,0,341,55,0,0,0,0,19,0,0,,19,0,0
138406,Jaidyn Denis,CB,3,0,,0,2,66.7,MEMPHIS,1,D29,33,2,0,0,1,2026,0,23.6,22,2,49.8,0,0,19,0,0,0,46.6,31,0,0,0,MEMPHIS,0,0,0,0,12,0,66.7,46.9,11,74.7,0,218,33,14,0,0,88.2,14,0,0,,0,0,0
138455,Mikail Kamara,ED,0,0,2026,0,1,,INDIANA,2,D06,1,0,0,18,1,2026,40,43.8,0,0,53.3,5,0,10,3,0,0,73,0,0,0,0,INDIANA,1,0,5,0,,0,33.3,62.8,,77.8,0,190,41,0,2,0,0,13,1,0,58.9,0,0,35
138461,Seth Naotala,LB,1,0,,0,3,0,DOMINION,1,D38,38,37,0,13,1,2026,0,27.8,0,0,57.7,1,0,17,0,0,0,52.4,0,1,0,0,DOMINION,0,0,2,0,,1,50,52.8,,76.3,0,263,38,0,0,0,39.6,8,0,2,56.1,0,0,0
139049,Ivan Yates,CB,2,0,,0,1,50,COLORADO,0,D29,58,8,0,0,1,2026,0,21.7,28,1,58.1,0,0,22,0,0,0,58.1,47,0,0,0,COLORADO,0,0,0,0,28,3,100,58.1,28,76,0,143,58,24,0,0,95.8,36,0,0,,0,0,0
139104,Evan Eller,LB,1,0,,0,0,100,WYOMING,2,D06,31,28,1,5,1,2026,7,79.9,12,1,59.4,0,0,19,0,0,0,69.4,0,0,0,0,WYOMING,2,0,1,0,12,3,0,66.6,12,74.4,0,351,38,8,0,0,116.7,14,0,2,66.8,0,0,7
139507,Donovan Green,DI,0,0,,0,0,,E MICHIGAN,1,D09,0,0,0,24,1,2026,52,71.9,0,0,,1,0,0,0,2,0,70.1,0,0,1,0,E MICHIGAN,1,1,1,0,,0,0,60.3,,0,0,160,52,0,45,0,0,28,0,1,53.9,0,0,5
139517,Princeton Malbrue,LB,0,0,,0,0,,LSU,0,D52,1,1,0,0,1,2027,0,,0,0,,0,0,0,0,0,0,60,0,0,0,0,LSU,0,0,0,0,,0,,60.4,,62.1,0,211,1,0,0,0,0,1,0,0,,0,0,0
139541,Trey Fields,LB,2,0,,0,0,50,N TEXAS,4,D06,61,58,0,2,1,2026,0,80.8,5,1,70.5,0,0,36,0,0,0,67.1,0,0,0,0,N TEXAS,2,0,0,0,5,3,0,71,5,75.8,0,251,61,3,0,0,56.3,23,0,2,57.1,0,0,0
139544,Briceon Hayes,ED,1,0,,0,0,0,N TEXAS,1,D44,0,0,0,22,1,2026,41,73,0,0,42.1,2,0,4,2,0,0,65.9,0,1,0,0,N TEXAS,1,0,3,0,,0,0,61.8,,78.8,0,251,41,0,0,0,39.6,15,0,0,67.6,0,0,39
139558,Richard Outland Jr.,DI,0,0,,0,0,,N TEXAS,1,D08,0,0,0,18,1,2026,31,70.2,0,0,,0,0,0,0,2,0,56.1,0,0,0,0,N TEXAS,1,0,0,0,,0,0,54.4,,74.9,0,251,31,0,29,0,0,13,0,0,54.9,0,0,0
141334,Carlos Allen Jr.,DI,0,0,2026,0,1,,HOUSTON,3,D05,0,0,0,30,1,2026,42,53.3,0,0,59.5,1,0,1,0,13,0,63.1,0,0,0,0,HOUSTON,3,0,1,0,,0,16.7,62.1,,76.4,0,182,42,0,29,0,0,11,1,2,61.1,0,0,0
141577,Malakai Williams,ED,0,0,2026,0,0,,BOISE ST,0,D15,0,0,1,9,1,2026,16,71.1,0,0,,0,0,0,0,0,0,57.9,0,0,0,0,BOISE ST,0,0,1,0,,0,,62.8,,73.7,0,120,16,0,3,0,0,7,0,0,65,0,0,13
141638,Colby Humphrey,CB,4,0,,0,0,75,WASH STATE,7,D02,51,4,0,0,1,2026,1,83.6,12,3,62.8,0,0,36,0,0,0,72.3,44,0,1,0,WASH STATE,3,0,0,0,5,3,0,65.4,4,77,0,341,52,0,0,0,77.1,16,0,1,,0,0,1
141716,Okiki Olorunfunmi,DI,0,0,,0,0,,NEW MEXICO,0,D17,0,0,1,13,1,2026,22,69.7,0,0,,0,0,0,0,0,0,57.4,0,1,0,0,NEW MEXICO,1,0,2,0,,0,,63.9,,73.6,0,241,22,0,21,0,0,9,0,0,67.5,0,0,1
141727,Abraham Williams,CB,3,0,,0,1,66.7,NEW MEXICO,2,D02,37,3,0,1,1,2027,2,44.4,18,2,56.5,0,0,22,0,0,0,64.3,34,0,1,0,NEW MEXICO,0,0,0,0,13,0,25,58.2,9,76.1,0,241,39,0,0,0,122.2,16,0,1,60,0,1,2
141728,Brayden Wilson,ED,0,0,,0,0,,WYOMING,0,D05,0,0,0,17,1,2026,23,,0,0,,1,0,0,6,0,0,57.1,0,1,0,0,WYOMING,0,0,2,0,,0,,58.4,,74.5,0,351,23,0,0,0,0,6,0,0,59.8,0,0,17
141775,Andre Fuller,CB,5,0,2026,0,0,40,TOLEDO,1,D03,67,4,0,0,1,2026,1,74.8,49,2,66.7,0,0,29,0,0,0,65.8,49,0,1,0,TOLEDO,0,0,0,0,35,14,0,67.6,24.5,77.9,0,316,68,13,0,2,115.8,39,0,0,,0,1,1
141936,Sam Cook,ED,0,0,,0,0,,NEVADA,0,D19,6,6,0,5,1,2026,6,,0,0,61.1,1,0,3,0,0,0,60.1,0,0,0,0,NEVADA,0,0,1,0,,0,,64.5,,75,0,239,12,0,0,0,0,4,0,0,62.4,0,0,6
142124,Kyle Davis,DI,0,0,,0,0,,SO MISS,0,D15,0,0,0,0,1,2027,4,,0,0,,0,0,0,0,0,0,60.9,0,0,0,0,SO MISS,0,0,0,0,,0,,61.9,,68.5,0,296,4,0,4,0,0,4,0,0,,0,0,0
142177,Kavir Bains-Marquez,S,6,0,,0,0,66.7,PITTSBURGH,3,D23,49,14,0,2,1,2026,1,77.9,77,4,59.9,0,0,37,0,0,0,54.4,0,0,0,0,PITTSBURGH,3,0,0,0,59,33,0,58.4,19.3,77.5,0,268,50,63,0,1,149.3,11,1,0,57.4,2,1,1
142249,Jack Hall,ED,0,0,,0,0,,DELAWARE,1,D93,0,0,0,24,1,2026,33,70.8,0,0,,1,0,0,12,0,0,60.5,0,1,0,0,DELAWARE,1,0,2,0,,0,0,61.1,,75.7,0,151,33,0,1,0,0,9,0,0,60.2,0,0,20
142265,Ethan Saunders,ED,0,0,,0,0,,DELAWARE,0,D08,0,0,0,23,1,2026,30,,0,0,,1,0,0,11,0,0,61.7,0,0,0,0,DELAWARE,0,0,1,0,,0,,59.6,,75.4,0,151,30,0,1,0,0,7,0,0,57.7,0,0,18
142273,Austin Ambush,S,0,0,,0,0,,NEVADA,1,D25,19,11,0,2,1,2026,1,74.8,0,0,60.8,0,0,2,0,0,0,65.3,0,0,0,0,NEVADA,0,0,0,0,,2,0,65,,71.7,0,239,20,0,0,0,0,16,0,0,59.5,6,0,1
142289,Darius McKenzie,LB,3,0,,0,1,66.7,S ALABAMA,7,D28,56,49,0,4,1,2026,1,69.3,21,2,75.6,0,0,27,0,0,0,58.3,0,0,0,0,S ALABAMA,5,0,0,0,14,7,8.3,69.3,10.5,77.5,0,288,57,12,0,1,86.8,26,0,4,54.5,0,0,1
142301,Shakur Smalls,CB,0,0,,0,0,,ARKANSAS,1,D19,8,4,0,0,1,2026,0,74.8,0,0,75.6,0,0,3,0,0,0,60.5,1,0,0,0,ARKANSAS,1,0,0,0,,3,0,77,,69.8,0,111,8,0,0,0,0,5,0,0,,0,0,0
143761,Parker McKenna,LB,7,0,,0,0,57.1,WASH STATE,7,D44,57,51,0,3,1,2026,6,84.2,59,4,69.7,0,1,40,0,0,0,73.2,1,0,0,0,WASH STATE,4,0,0,0,31,5,0,71.8,14.8,74.1,0,341,63,37,0,0,45.2,20,1,3,55.5,0,0,6
143827,Quintayvious Hutchins,ED,0,0,2026,0,1,,BOSTON COL,0,D15,2,2,0,16,1,2026,28,43.8,0,0,,3,0,0,0,0,0,62.6,0,0,0,0,BOSTON COL,0,0,3,0,,0,33.3,69.3,,78.3,0,121,30,0,0,0,0,14,0,2,69.7,0,0,28
143832,Owen McGowan,LB,0,0,,0,0,,BOSTON COL,2,D33,60,55,0,10,1,2026,2,76.4,0,0,65.6,0,0,22,0,0,0,27.9,0,0,0,0,BOSTON COL,2,0,0,0,,5,0,40.5,,74.7,0,121,62,0,0,0,0,30,0,0,52.6,0,0,2
143838,Bryce Steele,LB,0,0,,0,0,,BOSTON COL,0,D08,2,2,0,0,1,2027,0,,0,0,,0,0,0,0,0,0,60,0,0,0,0,BOSTON COL,0,0,0,0,,0,,62.1,,66.4,0,121,2,0,0,0,0,2,0,0,,0,0,0
143877,Omarion Cooper,CB,6,0,,0,2,83.3,MEMPHIS,4,D01,67,0,0,1,1,2026,0,34.2,56,5,59.6,0,0,42,0,0,0,56,67,0,1,0,MEMPHIS,1,1,0,0,16,0,33.3,58.6,11.2,77.3,0,218,67,9,0,0,105.6,24,0,0,58.3,0,0,0
143893,Patrick Payton,ED,0,0,,0,0,,LSU,2,D06,0,0,0,19,1,2026,46,75.2,0,0,60.8,1,0,2,4,0,0,75,0,0,0,0,LSU,1,0,1,0,,0,0,72.2,,79,0,211,46,0,0,0,0,25,0,0,60.8,0,0,42
143898,Hunter Washington,S,3,0,,0,0,66.7,MISS STATE,1,D21,26,12,0,1,1,2026,0,74.3,21,2,58.3,0,0,21,0,0,0,60,1,0,0,0,MISS STATE,0,0,0,0,14,7,0,58.6,10.5,74.5,0,227,26,1,0,0,86.8,4,0,0,60,6,0,0
143943,Allan Haye,DI,0,0,,0,1,,TEMPLE,0,D08,0,0,0,22,1,2026,47,27.8,0,0,,0,0,0,2,21,0,67,0,0,0,0,TEMPLE,0,0,0,0,,0,50,65.9,,77.6,0,306,47,0,24,0,0,25,0,1,59.3,0,0,0
143944,Jabari Ishmael,ED,0,0,,0,0,,SO MISS,1,D09,1,1,0,7,1,2027,21,73,0,0,60,1,0,1,0,0,0,63,0,0,0,0,SO MISS,0,0,1,0,,0,0,60.5,,76.7,0,296,22,0,0,0,0,14,0,0,54.7,0,0,21
143952,Chase Smith,LB,1,0,,0,0,0,MIAMI FL,1,D41,8,8,0,0,1,2027,0,75.8,0,0,49.3,0,0,3,0,0,0,66,0,0,0,0,MIAMI FL,1,0,0,0,,0,0,53,,69.1,0,220,8,0,0,0,39.6,5,0,1,,0,0,0
143957,Dontae Balfour,CB,2,0,,0,0,0,TEXAS TECH,1,D20,24,3,0,0,1,2026,0,76.6,0,0,66.2,0,0,18,0,0,0,60.6,21,0,0,0,TEXAS TECH,0,0,0,0,,0,0,66.6,,73.2,0,315,24,0,0,1,39.6,6,0,1,,0,0,0
143972,Dontavius Nash,CB,1,0,,0,1,0,MICH STATE,0,D28,14,3,0,1,1,2026,2,27.4,0,0,51.8,0,0,4,0,0,0,51.2,0,1,0,0,MICH STATE,0,0,1,0,,11,50,53.2,,73.5,0,223,16,0,0,0,39.6,11,0,1,60,0,0,2
143991,Nate Evans,CB,8,0,2026,0,1,37.5,DELAWARE,3,D01,53,1,0,0,1,2026,3,60.3,28,3,68.2,0,0,45,0,0,0,62.1,33,0,0,0,DELAWARE,0,0,0,0,12,19,25,68.5,9.3,79.2,0,151,56,7,0,2,47.9,11,0,0,,0,0,3
143992,Caden Fordham,LB,5,0,2026,0,1,60,NC STATE,4,D01,86,69,0,10,1,2026,5,66.2,54,3,65.1,3,0,48,0,0,0,52.5,0,0,1,0,NC STATE,3,0,3,0,29,17,16.7,59.9,18,76.6,0,248,91,9,0,0,97.1,33,0,1,56.4,0,0,5
144002,Travali Price,DI,0,0,,0,0,,NC STATE,2,D13,0,0,0,30,1,2026,47,72.2,0,0,,0,0,0,11,0,0,62.2,0,0,0,0,NC STATE,2,0,0,0,,0,0,58,,75.4,0,248,47,0,36,0,0,17,0,0,54.2,0,0,0
144025,Nahki Johnson,DI,0,0,,0,0,,TULSA,1,D88,0,0,1,27,1,2026,43,73.2,0,0,,0,0,0,2,0,0,55.2,0,0,0,0,TULSA,1,0,1,0,,0,0,61.3,,75.4,0,320,43,0,39,0,0,16,0,1,66,0,0,2
144029,Javon McIntyre,S,0,0,,0,1,,PITTSBURGH,5,D07,42,8,0,0,1,2026,0,62.6,0,0,66.4,0,0,33,0,0,0,53.3,0,0,0,0,PITTSBURGH,3,0,0,0,,5,14.3,63.7,,76.9,0,268,42,0,0,0,0,9,0,1,,29,0,0
144040,Duce Chestnut,S,4,0,,1,2,50,SYRACUSE,6,D02,53,18,0,3,1,2026,1,56.5,27,2,53.3,0,0,25,0,0,0,71,3,0,0,0,SYRACUSE,4,0,0,0,14,17,20,59.3,13.5,76.8,0,304,54,4,0,1,71.9,26,0,2,57.2,15,0,1
144045,Elijah Fuentes-Cundiff,DI,0,0,,0,0,,SYRACUSE,0,D99,0,0,0,3,1,2026,12,,0,0,,0,0,0,0,1,0,63.7,0,0,0,0,SYRACUSE,0,0,0,0,,0,,64.1,,71.8,0,304,12,0,11,0,0,9,0,0,59.3,0,0,0
144071,Mattheus Carroll,ED,2,0,,0,0,50,KENT STATE,1,D17,1,1,0,21,1,2026,50,72.2,10,1,63.1,0,0,5,1,0,0,55.7,0,0,2,0,KENT STATE,1,0,0,0,10,0,0,47.7,10,0,0,201,51,6,1,0,64.6,25,0,0,55.6,0,0,48
144086,Jaden Keller,LB,4,0,2026,0,2,75,VA TECH,3,D24,42,37,0,2,1,2026,0,40.2,30,3,40.4,0,0,24,0,0,0,54.4,0,0,0,0,VA TECH,1,0,0,0,18,5,33.3,40.8,10,74.2,0,337,42,19,0,0,95.8,16,0,1,56.7,0,0,0
144091,CJ McCray,ED,0,0,,0,0,,CINCINNATI,0,D21,0,0,0,3,1,2026,4,,0,0,,0,0,0,3,0,0,60,0,0,0,0,CINCINNATI,0,0,0,0,,0,,60.2,,67.8,0,138,4,0,1,0,0,1,0,0,58.5,0,0,0
144145,Jaylin Alderman,LB,2,0,,0,0,50,MIAMI FL,1,D21,9,9,0,0,1,2026,0,76.5,7,1,79.4,0,0,5,0,0,0,62.3,0,0,0,0,MIAMI FL,0,0,0,0,7,0,0,82.5,7,67.8,0,220,9,2,0,1,58.3,4,0,1,,0,0,0
144153,Derrick Edwards,CB,1,0,,0,1,100,CHARLOTTE,2,D08,9,0,0,0,1,2026,0,52.6,5,1,73.4,0,0,3,0,0,0,52.1,9,0,0,0,CHARLOTTE,1,0,0,0,5,0,33.3,68.3,5,70.9,0,136,9,1,0,0,87.5,6,0,0,,0,0,0
144173,TJ Quinn,LB,6,0,2026,0,1,33.3,LOUISVILLE,9,D34,76,70,0,9,1,2026,8,73.3,27,2,61.9,2,0,45,0,0,0,61.4,0,0,0,0,LOUISVILLE,4,0,2,0,21,6,9.1,58.8,13.5,77.4,0,210,84,14,0,1,88.2,30,1,1,45.8,0,1,8
144177,Kani Walker,CB,6,1,2026,0,0,33.3,ARKANSAS,4,D13,67,3,0,0,1,2026,0,82.4,57,2,91.5,0,1,24,0,0,0,54.5,64,0,0,0,ARKANSAS,0,0,0,0,48,0,0,88.7,28.5,77.3,0,111,67,2,0,1,29.9,43,0,4,,0,0,0
144181,Quincy Bryant,LB,1,0,,0,1,100,WAKE,5,D09,22,22,0,3,1,2026,0,63.9,9,1,65.2,1,0,7,0,0,0,75.4,0,0,0,0,WAKE,4,0,1,0,9,0,16.7,73.8,9,72,0,339,22,4,0,0,104.2,12,1,0,57.1,0,0,0
144189,Trey Gooden,DI,0,0,2026,0,0,,LSU,0,D88,0,0,0,15,1,2026,35,,0,0,56.3,3,0,2,8,4,0,45.8,0,1,2,0,LSU,0,1,4,0,,0,,40.8,,0,0,211,35,0,23,0,0,18,0,0,69.3,0,0,0
144192,Dylan Hazen,LB,3,0,,0,1,66.7,WAKE,3,D24,35,34,0,7,1,2026,1,49,23,2,56.5,2,0,17,0,0,0,52.1,0,0,0,0,WAKE,2,0,2,0,21,1,20,55.6,11.5,72.9,0,339,36,10,0,0,89.6,12,1,1,65.1,0,0,1
144195,DaShawn Jones,CB,2,1,2026,0,0,50,ALABAMA,1,D07,34,1,0,2,1,2026,0,77.7,7,1,74.7,1,1,21,0,0,0,62.1,1,0,0,0,ALABAMA,0,0,1,0,7,31,0,73.1,7,78.3,0,103,34,9,0,0,18.8,11,0,1,55.4,1,0,0
144196,Zach Lohavichan,DI,0,0,,0,0,,WAKE,1,D94,1,1,0,18,1,2027,31,70.1,0,0,,0,0,0,0,14,0,51.8,0,0,0,0,WAKE,1,0,0,0,,0,0,56.6,,76,0,339,32,0,17,0,0,14,0,0,63.8,0,0,0
144214,BJ Williams,ED,0,0,,0,0,,WAKE,0,D18,0,0,0,0,1,2026,2,,0,0,,0,0,0,0,0,0,60,0,0,0,0,WAKE,0,0,0,0,,0,,60.4,,67.8,0,339,2,0,0,0,0,2,0,0,,0,0,2
144217,Jack Dingle,LB,0,0,2026,0,0,,CINCINNATI,7,D49,29,29,0,9,1,2026,14,83,0,0,57.7,0,0,12,0,0,0,65.9,0,0,0,0,CINCINNATI,4,0,0,0,,0,0,61.1,,79.5,0,138,43,0,0,0,0,22,0,1,55.2,0,0,14
144224,Rob Jackson,ED,0,0,,0,0,,CINCINNATI,0,D99,0,0,0,5,1,2026,9,,0,0,,0,0,0,5,0,0,66.3,0,0,0,0,CINCINNATI,0,0,0,0,,0,,66.8,,71.3,0,138,9,0,2,0,0,4,0,0,58.5,0,0,2
144238,Armorion Smith,S,0,0,,0,0,,MICH STATE,2,D19,13,12,0,1,1,2028,1,77.1,0,0,60.4,1,0,2,0,0,0,54.7,1,0,0,0,MICH STATE,0,0,1,0,,0,0,55.1,,67.6,0,223,14,0,0,0,0,11,0,0,59.2,0,0,1
144241,Jah-Mal Williams,ED,0,0,,0,0,,TROY,2,D00,10,3,1,17,1,2026,33,77.1,0,0,63.5,3,0,3,8,0,0,64.2,0,0,0,1,TROY,2,0,4,0,,7,0,73.2,,78.2,0,318,43,0,0,0,0,23,0,1,74.8,0,0,25
144247,Jalen Emery,CB,4,0,,0,1,100,W KENTUCKY,2,D05,44,11,0,0,1,2026,1,46.7,37,4,53.9,0,0,34,0,0,0,69.3,0,0,0,0,W KENTUCKY,0,0,0,0,15,33,25,56.9,9.3,80,0,346,45,19,0,0,105.2,11,0,1,,0,0,1
144248,Jalen Garner,LB,3,0,,0,3,100,HOUSTON,4,D36,46,34,0,26,1,2026,17,41.8,19,3,63.4,5,0,27,0,0,0,53.4,0,1,0,0,HOUSTON,2,0,6,0,13,12,37.5,59.5,6.3,78.3,0,182,63,7,0,0,132.6,10,0,1,58,0,1,17
144268,Andrew Jones,LB,1,0,,0,0,100,OLE MISS,3,D44,30,30,0,2,1,2026,0,77.4,9,1,59.4,1,0,17,0,0,0,59.8,0,0,1,0,OLE MISS,0,0,1,0,9,0,0,51.5,9,0,0,226,30,5,0,0,104.2,11,0,0,56.6,0,0,0
144288,William Whitlow Jr.,ED,0,0,,0,0,,MEMPHIS,0,D09,0,0,0,26,1,2026,36,,0,0,60,1,0,1,3,0,0,57.4,0,0,0,1,MEMPHIS,0,0,1,0,,0,,60.1,,76.1,0,218,36,0,14,0,0,9,0,0,60.8,0,0,19
144293,Marcus Bleazard,LB,0,0,,0,0,,NAVY,2,D53,10,5,0,0,1,2028,0,79.8,0,0,73.4,0,0,7,0,0,0,79.6,0,0,0,0,NAVY,2,0,0,0,,5,0,85.4,,73.5,0,237,10,0,0,0,0,3,0,1,,0,0,0
144307,Randy Franklin,S,5,0,,1,3,100,CHARLOTTE,4,D00,45,17,0,0,1,2026,0,36.1,94,5,45.5,0,0,33,0,0,0,65.5,0,0,0,0,CHARLOTTE,0,0,0,0,40,5,37.5,49.2,18.8,76.5,0,136,45,74,0,0,158.3,12,0,1,,23,1,0
144361,Dylan Goffney,WR,0,0,,0,0,,SMU,0,18,1,0,0,0,1,2026,0,,0,0,,0,0,0,0,0,0,60,0,0,0,0,SMU,0,0,0,0,,0,,60,,73.9,0,287,1,0,0,0,0,1,0,0,,0,0,0
144373,Isaiah Nwokobia,S,1,0,2026,0,0,0,SMU,8,D23,75,29,0,1,1,2026,0,86.9,0,0,81,0,1,43,0,0,1,67.7,1,0,0,0,SMU,4,0,0,0,,17,0,78.3,,76.6,0,287,75,0,0,0,0,31,0,3,60,28,0,0
144393,Jalen McMurray,S,4,0,2026,0,0,75,TENNESSEE,3,D06,51,12,0,0,1,2026,0,79,90,3,60.2,0,0,29,0,0,0,67.4,0,0,0,0,TENNESSEE,1,0,0,0,71,37,0,62.7,30,76.6,0,307,51,92,0,0,156.3,22,0,1,,2,1,0
144399,Jalen Satchell,DI,0,0,,0,0,,MICH STATE,3,D93,0,0,0,5,1,2026,20,74.8,0,0,70.6,0,0,1,0,5,0,72.5,0,0,0,0,MICH STATE,2,0,0,0,,0,0,76.1,,73.8,0,223,20,0,15,0,0,14,0,1,57.7,0,0,0
144405,Jadon Canady,CB,1,0,2026,0,0,100,OREGON,1,D22,21,0,0,1,1,2026,1,76.3,6,1,65.6,0,0,11,0,0,0,64.8,0,0,0,0,OREGON,1,0,0,0,6,12,0,66.5,6,76,0,264,22,6,0,0,91.7,10,0,1,59.4,9,0,1
144411,Devean Deal,ED,0,0,2026,0,1,,TCU,3,D11,14,14,0,37,1,2026,51,67.3,0,0,60.4,2,0,2,1,0,0,72.7,0,1,0,1,TCU,3,0,3,0,,0,12.5,74.1,,81.6,0,305,65,0,0,0,0,26,0,4,67.5,0,0,50
144431,Corey Platt Jr.,LB,1,0,,0,0,100,HOUSTON,2,D09,40,20,0,6,1,2027,2,80.2,14,1,63.5,0,0,29,0,0,0,71.6,1,0,0,0,HOUSTON,0,0,0,0,14,19,0,64.5,14,77.3,0,182,42,3,0,0,118.8,7,0,1,52.2,0,0,2
144498,Jaelen Stokes,S,0,0,,0,1,,USF,0,D21,3,2,0,0,1,2026,0,27.2,0,0,60,0,0,1,0,0,0,50.5,0,0,0,0,USF,0,0,0,0,,1,50,48.8,,65,0,327,3,0,0,0,0,2,0,1,,0,0,0
144530,Cooper Lanz,DI,0,0,,0,0,,BAYLOR,2,D09,0,0,0,21,1,2026,63,73.2,0,0,,0,0,0,1,16,0,68.8,0,0,0,0,BAYLOR,0,0,0,0,,0,0,66.1,,77.6,0,118,63,0,46,0,0,42,0,1,55.4,0,0,0
144547,Tyler Onyedim,DI,0,0,2026,0,0,,TEXAS A&M,2,D11,0,0,0,30,1,2026,40,73.4,0,0,,0,0,0,6,0,0,77.9,0,0,0,0,TEXAS A&M,2,0,0,0,,0,0,66,,75.3,0,312,40,0,31,0,0,10,0,1,53,0,0,3
144555,Jayden Gray,ED,0,0,,0,1,,W KENTUCKY,1,D15,1,0,0,8,1,2026,12,32.2,0,0,60,0,0,0,2,0,0,68.5,0,0,0,0,W KENTUCKY,1,0,0,0,,1,50,58.5,,73.3,0,346,13,0,4,0,0,5,0,0,56.4,0,0,6
144572,Jayson Gilliom,LB,0,0,,0,0,,KANSAS,1,D10,6,6,0,0,1,2026,0,73.6,0,0,,0,0,0,0,0,0,65.8,0,0,0,0,KANSAS,1,0,0,0,,0,0,67.5,,67.7,0,198,6,0,0,0,0,6,0,0,,0,0,0
144582,D.J. Withers,DI,0,0,2026,0,0,,KANSAS,1,D52,0,0,0,15,1,2026,26,69.7,0,0,,0,0,0,12,0,0,47.6,0,0,0,0,KANSAS,1,0,0,0,,0,0,50.1,,73.8,0,198,26,0,9,0,0,11,0,0,58.6,0,0,5
144584,Tommy Dunn Jr.,DI,0,0,2026,0,1,,KANSAS,2,D92,0,0,0,8,1,2026,25,36,0,0,,0,0,0,0,12,0,60.9,0,0,1,0,KANSAS,2,0,0,0,,0,33.3,53,,0,0,198,25,0,13,0,0,17,1,0,56.8,0,0,0
144605,Omar Daniels,S,3,0,,0,1,33.3,GA TECH,3,D09,52,14,0,0,1,2026,0,56.6,8,1,72.7,0,0,31,0,0,0,68.9,1,0,0,0,GA TECH,2,0,0,0,8,5,20,73.6,8,76.3,0,176,52,3,0,0,42.4,21,0,1,,32,0,0
144611,Desmond Purnell,LB,8,0,,1,2,62.5,KANSAS ST,5,D32,73,56,1,6,1,2026,0,50.9,39,5,71.3,0,0,37,0,0,0,58.6,2,1,0,0,KANSAS ST,3,0,2,0,16,15,20,70.5,7.8,76.4,0,199,73,40,0,1,74.5,30,1,3,71.5,0,0,0
144614,Damian Ilalio,DI,0,0,,0,0,,KANSAS ST,3,D56,0,0,0,20,1,2026,41,74.6,0,0,60,1,0,0,0,10,0,62.3,0,0,0,0,KANSAS ST,3,0,1,0,,0,0,63.4,,76.1,0,199,41,0,31,0,0,21,0,1,60.9,0,0,0
144631,Clayton Smith,ED,0,0,,0,0,,ARIZONA ST,1,D10,0,0,0,15,1,2027,39,71.5,0,0,,0,0,0,1,0,0,59.9,0,1,0,0,ARIZONA ST,0,0,1,0,,0,0,56.9,,78.4,0,110,39,0,0,0,0,24,0,0,53.4,0,0,38
144637,Kelvin Gilliam Jr.,DI,0,0,2026,0,1,,VA TECH,3,D22,0,0,0,28,1,2026,42,43.3,0,0,,3,0,0,3,12,0,48.9,0,2,0,0,VA TECH,3,0,5,0,,0,25,58,,76.3,0,337,42,0,27,0,0,14,0,0,67.4,0,0,0
144639,Latrell McCutchin Sr.,CB,8,0,2026,1,2,62.5,HOUSTON,7,D01,66,1,0,2,1,2026,0,55.1,79,5,64.5,0,0,50,0,0,0,36.1,64,0,0,0,HOUSTON,2,0,0,0,33,1,18.2,60,15.8,77.4,0,182,66,17,0,2,95.3,14,0,2,56.3,0,0,0
144661,Lyrik Rawls,S,0,0,,0,0,,KANSAS,2,D02,37,18,0,1,1,2027,0,79.8,0,0,65.1,0,0,14,0,0,0,57.2,0,0,1,0,KANSAS,1,0,0,0,,10,0,56.3,,0,0,198,37,0,0,0,0,22,0,1,58.6,9,0,0
144662,Raymond Gay II,S,1,0,,0,1,100,OKLA STATE,4,D27,48,26,0,1,1,2026,1,53.8,10,1,61.6,0,0,22,0,0,0,61.2,0,0,0,0,OKLA STATE,1,0,0,0,10,10,20,61.8,10,75.9,0,262,49,13,0,0,108.3,26,0,0,60,12,0,1
144668,Kendal Daniels,S,1,0,2026,0,0,100,OKLAHOMA,3,D05,39,14,0,13,1,2026,21,78.3,13,1,73.4,1,0,20,0,0,0,72.7,1,0,0,0,OKLAHOMA,3,0,1,0,13,23,0,73.8,13,80.3,0,261,60,17,0,1,118.8,27,2,1,57.8,1,0,21
144671,Aden Kelley,DI,0,0,,0,0,,OKLA STATE,1,D71,0,0,1,12,1,2026,26,74.6,0,0,,0,0,0,0,0,0,74.2,0,0,0,0,OKLA STATE,2,0,1,0,,0,0,77.2,,74.1,0,262,26,0,26,0,0,14,0,1,68.6,0,0,0
144672,Cam Smith,CB,6,0,,0,2,50,OKLA STATE,4,D03,54,2,0,0,1,2026,0,51.8,78,3,56.9,0,0,33,0,0,0,73.3,50,0,0,0,OKLA STATE,2,0,0,0,42,2,25,60,26,76.6,0,262,54,22,0,1,135.4,21,0,2,,0,1,0
144699,Landyn Watson,LB,0,0,,0,1,,KENTUCKY,0,D09,30,28,0,0,1,2027,0,34,0,0,64.4,0,0,11,0,0,0,48.6,0,0,0,0,KENTUCKY,0,0,0,0,,2,33.3,55.1,,72.1,0,202,30,0,0,0,0,19,0,2,,0,0,0
144700,Da'Veawn Armstead,CB,4,0,2026,0,1,75,N TEXAS,4,D02,36,0,0,0,1,2026,0,81.1,52,3,64.8,0,0,22,0,0,0,52.3,34,0,0,0,N TEXAS,1,0,0,0,33,2,16.7,62.8,17.3,75.1,0,251,36,30,0,1,156.3,14,1,1,,0,1,0
144701,D'Arco Perkins-McAllister,CB,2,0,2026,0,1,50,LA MONROE,1,D04,39,3,1,1,1,2026,0,53.1,30,1,51.5,0,0,20,0,0,0,70.8,36,0,0,0,LA MONROE,2,0,1,0,30,0,50,58.9,30,74.9,0,209,39,1,0,0,95.8,18,0,0,73.6,0,0,0
144708,Chris Murray,ED,0,0,,0,0,,AUBURN,0,D03,1,0,0,5,1,2028,10,,0,0,,0,0,0,0,0,0,60.4,0,0,0,0,AUBURN,0,0,0,0,,1,,58,,74.2,0,115,11,0,0,0,0,6,0,0,56.3,0,0,10
144734,D.J. Harris,ED,0,0,,0,0,,USF,2,D11,4,2,0,5,1,2026,18,76.8,0,0,62.4,0,0,5,1,0,0,62.9,0,0,0,0,USF,1,0,0,0,,2,0,62.9,,76.3,0,327,22,0,1,0,0,12,0,0,57.3,0,0,16
144768,Charles Esters III,ED,0,0,,0,0,,TEXAS TECH,2,D11,0,0,0,7,1,2026,16,73.9,0,0,60,0,0,0,2,0,1,67.9,0,0,0,0,TEXAS TECH,2,0,0,0,,0,0,77.4,,74.4,0,315,16,0,0,1,0,9,0,0,56.6,0,0,14
144769,Isaac Smith,ED,0,0,,0,0,,MICH STATE,2,D13,0,0,0,8,1,2027,29,73.4,0,0,60.5,2,0,1,0,0,0,44,0,0,0,0,MICH STATE,1,0,2,0,,0,0,51.8,,76.7,0,223,29,0,0,0,0,20,0,0,68.8,0,0,29
144771,E'Maurion Banks,DI,0,0,,0,0,,TEXAS TECH,2,D08,0,0,0,7,1,2026,16,69.9,0,0,,0,0,0,0,7,0,60.4,0,0,0,0,TEXAS TECH,1,0,0,0,,0,0,59.5,,74.5,0,315,16,0,9,0,0,9,0,0,57.6,0,0,0
144774,Caleb Coleman,CB,3,0,,0,3,100,NEW MEXICO,1,D18,18,4,0,2,1,2026,2,25.6,21,3,63.1,0,0,9,0,0,0,45.1,0,1,0,0,NEW MEXICO,1,0,1,0,13,14,60,56.2,7,75.3,0,241,20,16,0,0,95.8,9,0,1,59.8,0,0,2
144794,Edward Vesterinen,DI,0,0,,0,0,,W VIRGINIA,1,D96,0,0,0,32,1,2026,45,72.1,0,0,,1,0,0,0,21,0,73.5,0,0,0,0,W VIRGINIA,1,0,1,0,,0,0,65.6,,77.3,0,343,45,0,24,0,0,13,0,1,54.6,0,0,0
144809,Miles Scott,S,2,0,2026,0,4,100,ILLINOIS,5,D10,69,13,0,0,1,2026,0,27.6,21,2,49.8,0,0,39,0,0,0,59.8,0,0,0,0,ILLINOIS,0,0,0,0,13,2,44.4,51.9,10.5,77.6,0,187,69,4,0,0,150,30,0,0,,54,1,0
144812,Prince Green III,S,2,0,,0,2,0,GA SOUTHRN,4,D14,31,15,0,1,1,2026,1,38.5,0,0,47.3,1,0,13,0,0,0,40.1,0,0,0,0,GA SOUTHRN,1,0,1,0,,4,33.3,41.7,,73.7,0,174,32,0,0,0,39.6,18,0,0,58.9,12,0,1
144814,Tyler Strain,CB,0,0,,0,0,,ILLINOIS,0,D20,11,4,0,0,1,2026,0,73.1,0,0,62.3,0,0,3,0,0,0,62.3,7,0,0,0,ILLINOIS,0,0,0,0,,0,0,65.5,,69.4,0,187,11,0,0,0,0,8,0,1,,0,0,0
144816,Dylan Rosiek,LB,4,0,,0,0,100,ILLINOIS,8,D28,46,45,0,0,1,2026,0,83.2,52,4,40.5,0,0,21,0,0,0,75.1,0,0,0,0,ILLINOIS,2,0,0,0,19,1,0,53.9,13,75.5,0,187,46,33,0,0,158.3,25,0,1,,0,1,0
144818,Kenenna Odeluga,LB,0,0,,0,0,,ILLINOIS,0,D39,12,11,0,0,1,2026,3,73.1,0,0,62.3,0,0,5,0,0,0,69.8,0,0,0,0,ILLINOIS,0,0,0,0,,1,0,70.4,,72.8,0,187,15,0,0,0,0,10,0,1,,0,0,3
144822,Sedarius McConnell,DI,0,0,,0,0,,BOSTON COL,2,D88,0,0,0,23,1,2026,47,76.1,0,0,60,1,0,0,13,0,0,53.6,0,0,0,0,BOSTON COL,2,0,1,0,,0,0,53.8,,76.1,0,121,47,0,27,0,0,24,0,3,55.7,0,0,7
144864,Jaxon Rexroth,LB,1,0,,0,0,100,IOWA,1,D12,5,2,0,3,1,2026,4,74.2,7,1,71.7,0,0,3,0,0,0,60.7,1,0,0,0,IOWA,1,0,0,0,7,2,0,72,7,73.2,0,192,9,4,0,0,95.8,3,0,0,57.1,0,0,4
144873,Karson Sharar,LB,3,0,2026,0,1,100,IOWA,1,D43,36,26,0,3,1,2026,1,50.5,7,3,61.3,0,0,24,0,0,0,61.4,0,0,0,0,IOWA,0,0,0,0,8,10,33.3,60.8,2.3,75.9,0,192,37,19,0,0,79.2,10,0,1,55.6,0,0,1
144874,Max Llewellyn,ED,0,0,2026,1,0,,IOWA,0,D48,0,0,1,19,1,2026,27,72.2,0,0,60,1,0,1,7,0,0,66.3,0,0,0,0,IOWA,1,0,2,0,,0,,90.2,,75.9,0,192,27,0,0,0,0,7,0,0,90.1,0,0,20
144875,Jeremiah Pittman,DI,0,0,,0,0,,IOWA,0,D55,0,0,0,7,1,2026,11,,0,0,,1,0,0,0,1,0,61.6,0,0,0,0,IOWA,0,0,1,0,,0,,59.5,,72.4,0,192,11,0,10,0,0,4,0,0,56.6,0,0,0
144903,Branden Jennings,ED,2,0,,0,0,50,MISS STATE,2,D44,13,13,0,25,1,2026,34,75.2,6,1,63.6,2,0,5,2,0,0,51.3,0,0,0,0,MISS STATE,2,0,2,0,6,0,0,54.3,6,79.8,0,227,47,0,2,0,56.3,17,0,0,55.6,0,0,30
144911,Zion Shockley,DI,0,0,,0,1,,CHARLOTTE,1,D18,1,0,0,23,1,2026,34,28.1,0,0,,1,0,0,1,4,0,55.1,0,0,0,0,CHARLOTTE,1,0,1,0,,0,50,56.6,,77.7,0,136,35,0,29,0,0,12,1,0,58.9,0,0,0
144933,Rayshaun Benny,DI,0,0,2026,0,0,,MICHIGAN,2,D26,0,0,0,24,1,2026,37,73.6,0,0,,3,0,0,3,2,0,64.3,0,0,0,0,MICHIGAN,1,0,3,0,,0,0,74.2,,75.3,0,222,37,0,32,0,0,13,0,1,75.8,0,0,0
144938,T.J. Guy,ED,0,0,,0,1,,MICHIGAN,0,D04,1,0,1,7,1,2026,26,34.5,0,0,56.5,2,0,7,0,0,0,65.7,0,0,0,0,MICHIGAN,1,0,3,0,,1,100,70.3,,77.9,0,222,27,0,0,0,0,13,0,0,78.5,0,0,26
144940,Kechaun Bennett,ED,0,0,,0,0,,UCLA,2,D52,0,0,0,10,1,2026,26,77.4,0,0,61.5,1,0,1,1,0,0,47.4,0,0,1,0,UCLA,0,0,1,0,,0,0,47.8,,0,0,324,26,0,0,0,0,15,0,1,64.6,0,0,25
144941,George Rooks,DI,0,0,,0,0,,SYRACUSE,0,D91,1,1,0,7,1,2026,11,,0,0,,0,0,0,0,0,0,56.3,0,0,0,0,SYRACUSE,0,0,0,0,,0,,53.9,,71.9,0,304,12,0,11,0,0,5,0,0,56.8,0,0,0
144943,Ike Iwunnah,DI,0,0,,0,0,,MICHIGAN,0,D92,0,0,0,3,1,2026,3,,0,0,,1,0,0,0,0,0,,0,0,0,0,MICHIGAN,0,0,1,0,,0,,65.5,,67.4,0,222,3,0,3,0,0,0,0,0,65.2,0,0,0
144956,Charles Brantley,CB,0,0,,0,0,,MIAMI FL,0,D19,7,0,0,0,1,2027,0,,0,0,62.5,0,0,4,0,0,0,60,7,0,0,0,MIAMI FL,0,0,0,0,,0,,63.1,,70,0,220,7,0,0,0,0,3,0,0,,0,0,0
144959,Michael Gravely Jr.,S,1,0,,0,7,100,BALL ST,2,D02,62,31,0,0,1,2026,0,20.8,9,1,44.6,0,0,13,0,0,0,30.3,0,0,0,0,BALL ST,0,0,0,0,9,29,77.8,36.9,9,77.9,0,117,62,7,0,0,104.2,49,0,0,,2,0,0
144961,Khalil Majeed,CB,0,0,,0,1,,MICH STATE,0,D34,7,0,0,0,1,2027,0,28.2,0,0,54.7,0,0,6,0,0,0,61.3,0,0,0,0,MICH STATE,0,0,0,0,,7,50,56.5,,73.8,0,223,7,0,0,0,0,1,0,1,,0,0,0
144982,Darius Green,S,0,0,,0,0,,MINNESOTA,2,D12,25,4,0,2,1,2026,2,79,0,0,71.3,1,0,11,0,0,0,71.6,1,0,0,0,MINNESOTA,2,0,1,0,,20,0,73.1,,76.7,0,225,27,0,0,0,0,14,2,1,57,0,0,2
144984,Devon Williams,LB,2,0,,0,0,50,MINNESOTA,6,D09,52,52,0,5,1,2026,4,83.2,22,1,47.4,0,0,22,0,0,0,74.8,0,0,0,0,MINNESOTA,4,0,0,0,22,0,0,60.9,22,76.8,0,225,56,23,0,0,89.6,29,1,3,55.1,0,0,4
144988,Nate Becker,DI,0,0,,0,0,,MINNESOTA,0,D89,0,0,0,9,1,2026,14,70.2,0,0,,0,0,0,0,3,0,60.5,0,0,0,0,MINNESOTA,0,0,0,0,,0,0,59.6,,72.5,0,225,14,0,11,0,0,5,0,1,58.2,0,0,0
144989,Deven Eastern,DI,0,0,2026,0,0,,MINNESOTA,1,D91,0,0,0,13,1,2026,34,71.9,0,0,,0,0,0,0,8,0,46.2,0,0,0,0,MINNESOTA,1,0,0,0,,0,0,47.5,,75.8,0,225,34,0,26,0,0,21,0,1,57.5,0,0,0
145012,Marques Buford Jr.,S,0,0,,0,0,,NEBRASKA,1,D03,5,0,0,0,1,2026,0,76.4,0,0,77.2,0,0,5,0,0,0,,0,0,0,0,NEBRASKA,1,0,0,0,,0,0,75.1,,68.2,0,238,5,0,0,0,0,0,0,0,,5,0,0
145013,Mikai Gbayor,LB,0,0,,0,0,,N CAROLINA,3,D04,18,18,0,1,1,2027,0,78.7,0,0,62.3,0,0,6,0,0,0,77.2,0,0,0,0,N CAROLINA,1,0,0,0,,0,0,74.5,,72.2,0,245,18,0,0,0,0,11,0,1,59.5,0,0,0
145027,Ru'Quan Buckley,DI,0,0,,0,1,,MICH STATE,2,D88,0,0,1,5,1,2026,15,49.5,0,0,,1,0,0,0,1,0,60.4,0,0,0,0,MICH STATE,2,0,2,0,,0,25,58.9,,72.6,0,223,15,0,14,0,0,10,0,1,56.4,0,0,0
145045,Theran Johnson,CB,3,0,,1,0,33.3,OREGON,1,D05,34,6,1,1,1,2026,2,78.8,8,1,54,0,0,14,0,0,0,66.3,28,0,0,0,OREGON,1,0,1,0,8,0,0,64.4,8,74.8,0,264,36,0,0,0,42.4,21,0,1,87.7,0,0,2
145046,Garner Wallace,S,4,0,,0,3,50,NWESTERN,4,D18,57,28,0,0,1,2026,0,30.1,14,2,54.6,0,0,25,0,0,0,55,0,0,0,0,NWESTERN,2,0,0,0,13,7,37.5,54.3,7,77.8,0,256,57,10,0,0,58.3,32,0,1,,22,0,0
145047,Mac Uihlein,LB,2,0,,0,2,100,NWESTERN,7,D37,61,48,0,0,1,2026,0,58,34,2,78.1,0,1,26,0,0,0,77.2,1,0,0,0,NWESTERN,4,0,0,0,26,12,18.2,82.1,17,74.3,0,256,61,20,0,0,79.2,35,0,2,,0,0,0
145048,Aidan Hubbard,ED,0,0,2026,0,1,,NWESTERN,3,D91,1,1,1,20,1,2026,40,76.6,0,0,60.2,1,0,1,15,0,0,50.9,0,0,0,0,NWESTERN,2,0,2,0,,0,25,56.4,,76.8,0,256,41,0,1,0,0,20,1,0,61.6,0,0,24
145049,Najee Story,DI,0,0,,0,1,,NWESTERN,2,D95,0,0,0,11,1,2026,32,43.8,0,0,,0,0,0,0,1,0,60,0,0,0,0,NWESTERN,1,0,0,0,,0,25,59.3,,74.7,0,256,32,0,31,0,0,21,0,1,56.9,0,0,0
145050,Carmine Bastone,DI,0,0,,0,2,,NWESTERN,2,D01,0,0,0,16,1,2026,42,28.4,0,0,,0,0,0,1,2,0,65.4,0,0,0,0,NWESTERN,2,0,0,0,,0,40,65.6,,75.8,0,256,42,0,39,0,0,26,0,1,60.9,0,0,0
145054,Jayden Ballard,WR,0,0,,0,0,,WISCONSIN,0,04,1,0,0,0,1,2026,0,,0,0,60,0,0,1,0,0,0,,0,0,0,0,WISCONSIN,0,0,0,0,,0,,62.4,,60,0,349,1,0,0,0,0,0,0,0,,0,0,0
145069,Reid Carrico,LB,2,0,2026,0,2,100,W VIRGINIA,6,D35,43,38,0,5,1,2026,6,50.1,36,2,56.3,0,0,21,0,0,0,58.2,0,0,0,0,W VIRGINIA,4,0,0,0,26,5,22.2,55.5,18,77.6,0,343,49,39,0,0,118.8,23,0,1,54.7,0,0,6
145072,Andre Turrentine,S,1,0,,0,1,100,TENNESSEE,2,D02,46,20,0,0,1,2026,0,48.8,7,1,53.2,0,0,31,0,0,0,62.6,0,0,0,0,TENNESSEE,0,0,0,0,7,7,25,55.5,7,75.4,0,307,46,4,0,0,135.4,15,0,1,,19,1,0
145075,Jackson Kuwatch,LB,1,0,2026,0,2,0,MIAMI OH,7,D33,62,61,0,10,1,2026,0,43.8,0,0,58.3,0,0,23,0,0,0,72.5,0,0,0,0,MIAMI OH,4,0,0,0,,1,22.2,66.2,,75.6,0,221,62,0,0,0,39.6,29,0,0,58.6,0,0,0
145085,Jordan van den Berg,DI,0,0,2026,0,1,,GA TECH,3,D99,0,0,1,26,1,2026,41,49.4,0,0,58.3,4,0,0,2,7,0,63.8,0,1,0,0,GA TECH,3,0,6,0,,0,25,70.4,,76.1,0,176,41,0,32,0,0,15,0,0,74.7,0,0,0
145091,Davon Townley Jr.,ED,0,0,,0,0,,MO STATE,0,D17,0,0,2,24,1,2026,40,75.1,0,0,60,1,0,1,1,0,0,65.1,0,0,0,0,MO STATE,2,0,3,0,,0,0,70.9,,77.7,0,230,40,0,0,0,0,15,0,1,69.2,0,0,39
145101,Rodney McGraw,ED,0,0,2026,0,2,,W MICHIGAN,0,D99,0,0,0,17,1,2026,34,29.4,0,0,,4,0,0,3,0,0,58.1,0,0,0,0,W MICHIGAN,0,0,4,0,,0,66.7,58.6,,78.3,0,347,34,0,2,0,0,17,0,1,59,0,0,29
145124,Khordae Sydnor,ED,0,0,2026,0,1,,VANDERBILT,1,D96,3,3,0,30,1,2026,61,56.1,0,0,60.2,1,0,4,6,0,0,72.7,0,2,0,0,VANDERBILT,1,0,3,0,,0,20,66.1,,80.4,0,333,64,0,4,0,0,30,0,3,55.8,0,0,51
145129,Al-Shadee Salaam,CB,1,0,,0,0,100,RUTGERS,1,D21,6,0,0,0,1,2026,3,74.2,6,1,64.6,0,0,5,0,0,0,60,6,0,0,0,RUTGERS,0,0,0,0,6,0,0,65.2,6,73.7,0,278,9,0,0,0,91.7,4,0,0,,0,0,3
145140,Jordan Thompson,DI,0,0,,0,0,,RUTGERS,0,D14,0,0,0,10,1,2026,26,69.9,0,0,,0,0,0,0,23,0,59.1,0,0,0,0,RUTGERS,0,0,0,0,,0,0,59,,79.8,0,278,26,0,2,0,0,16,0,2,58,0,0,1
145149,Zaire Angoy,DI,0,0,,0,0,,RUTGERS,0,D55,0,0,0,9,1,2028,24,,0,0,,0,0,0,3,0,0,61.6,0,0,0,0,RUTGERS,0,0,0,0,,0,,60.6,,73.6,0,278,24,0,21,0,0,15,0,0,57.3,0,0,0
145151,Cam'Ron Stewart,ED,0,0,2026,0,2,,TEMPLE,4,D25,1,1,0,13,1,2026,25,44.4,0,0,60,4,0,1,0,0,0,69.5,0,0,0,0,TEMPLE,3,0,4,0,,0,33.3,79.3,,77.9,0,306,26,0,0,0,0,12,0,0,77.7,0,0,25
145153,Keshon Griffin,DI,0,0,,0,0,,RUTGERS,0,D96,0,0,0,9,1,2028,18,,0,0,,0,0,0,2,1,0,56.4,0,0,0,0,RUTGERS,0,0,0,0,,0,,55.6,,72.7,0,278,18,0,15,0,0,9,0,0,57.5,0,0,0
145165,T.J. Bollers,DI,0,0,2026,0,1,,CAL,4,D88,0,0,0,16,1,2026,56,40.2,0,0,,0,0,0,8,0,0,65,0,0,0,0,CAL,2,0,0,0,,0,16.7,65,,76.5,0,130,56,0,48,0,0,40,0,1,60,0,0,0
145166,Grover Bortolotti,HB,0,0,,0,0,,WISCONSIN,0,43,1,0,0,1,1,2026,0,,0,0,,0,0,0,0,0,0,,0,0,0,0,WISCONSIN,0,0,0,0,,0,,60,,,0,349,1,0,0,0,0,0,0,0,60,0,0,0
145169,Ricardo Hallman,CB,0,0,2026,0,1,,WISCONSIN,1,D02,67,6,0,0,1,2026,0,28.1,0,0,63.1,0,0,25,0,0,0,44.2,60,0,0,0,WISCONSIN,1,0,0,0,,0,50,58.2,,76.5,0,349,67,0,0,0,0,42,0,0,,0,0,0
145175,Darryl Peterson,ED,0,0,2026,0,1,,WISCONSIN,3,D17,0,0,0,16,1,2026,36,54.6,0,0,60.4,0,0,1,9,0,0,67.8,0,0,3,0,WISCONSIN,1,0,0,0,,0,20,47.8,,0,0,349,36,0,1,0,0,19,1,1,56,0,0,26
145209,Jacob Merrifield,DI,0,0,,0,0,,USF,1,D40,0,0,0,5,1,2026,10,69.7,0,0,60,0,0,0,4,0,0,65.9,0,0,0,0,USF,0,0,0,0,,0,0,64.5,,71,0,327,10,0,6,0,0,5,0,0,55.4,0,0,0
145225,Deuce Blades II,CB,0,0,,0,0,,FIU,1,D02,60,2,0,0,1,2027,0,73.5,0,0,67.3,0,0,18,0,0,0,67.4,54,0,0,0,FIU,1,0,0,0,,2,0,68.4,,77.1,0,166,60,0,0,0,0,42,0,0,,2,0,0
145227,Demetrius Hill,S,0,0,,0,0,,FIU,3,D03,21,13,0,0,1,2027,0,79.6,0,0,65.2,0,0,6,0,0,0,60.1,1,0,0,0,FIU,0,0,0,0,,3,0,63.6,,71.9,0,166,21,0,0,0,0,15,0,0,,4,0,0
145234,Keegan Davis,ED,0,0,,0,1,,FIU,2,D44,0,0,0,17,1,2026,50,38.7,0,0,,0,0,0,1,0,0,54.2,0,0,0,0,FIU,2,0,0,0,,0,25,56,,80.2,0,166,50,0,0,0,0,33,0,1,59.9,0,0,49
145236,Jordan Guerad,DI,0,0,,0,0,,LOUISVILLE,1,D99,0,0,1,34,1,2026,53,72.6,0,0,61.1,3,1,0,9,10,0,58,0,0,0,1,LOUISVILLE,1,0,4,0,,0,0,74.2,,76.8,0,210,53,0,33,0,0,19,0,0,78,0,0,1
145260,J'Dan Burnett,ED,0,0,,0,0,,TULSA,1,D11,0,0,0,31,1,2028,54,73.7,0,0,,2,0,0,13,0,0,55,0,0,1,0,TULSA,1,0,2,0,,0,0,54.5,,0,0,320,54,0,6,0,0,23,0,0,62.2,0,0,35
145309,Jakobe Thomas,S,1,0,2026,0,1,100,MIAMI FL,4,D08,35,17,0,1,1,2026,1,54.4,2,1,65.9,0,0,14,0,0,0,62.4,0,0,0,0,MIAMI FL,2,0,0,0,2,1,20,64.8,2,76.7,0,220,36,0,0,0,79.2,21,0,0,59.7,17,0,1
145312,Parker Hughes,LB,3,0,2026,0,0,33.3,MIDDLE TN,3,D09,72,66,0,6,1,2026,0,81,6,1,68.7,0,0,40,0,0,0,78.4,0,0,0,0,MIDDLE TN,0,0,0,0,6,6,0,74.3,6,75.2,0,224,72,0,0,1,42.4,26,0,3,59.4,0,0,0
145315,Damonte Smith,DI,0,0,,0,0,,MIDDLE TN,3,D92,0,0,0,32,1,2026,57,75.3,0,0,,2,0,0,8,0,0,83.1,0,1,1,0,MIDDLE TN,2,0,3,0,,0,0,75.7,,0,0,224,57,0,49,0,0,25,1,0,66.5,0,0,0
145331,Dillion Williams,S,2,0,,0,2,100,FAU,7,D04,66,39,0,0,1,2026,0,57,8,2,68.5,0,0,13,0,0,0,39,0,0,1,0,FAU,3,0,0,0,7,3,22.2,49,4,0,0,165,66,11,0,0,83.3,53,0,0,,24,0,0
145338,Sifa Leota,LB,2,0,,0,0,50,LA TECH,5,D42,74,74,1,16,1,2026,1,81.5,6,1,67,0,0,26,0,0,0,84.1,0,1,0,0,LA TECH,6,0,2,0,6,0,0,83.7,6,77.3,0,208,75,3,0,1,56.3,33,5,1,73.5,0,0,1
145366,Tahj Ra-El,S,2,0,,0,0,100,PURDUE,7,D21,74,23,0,0,1,2026,2,89.3,39,2,52.1,0,0,35,0,0,1,84.2,0,0,0,0,PURDUE,0,0,0,0,32,2,0,65.4,19.5,77.6,0,273,76,15,0,0,118.8,41,0,7,,49,0,2
145380,Kris Trinidad,ED,0,0,,0,0,,DOMINION,0,D43,1,0,0,43,1,2026,51,,0,0,,2,0,0,13,0,0,56.4,0,1,0,2,DOMINION,0,0,3,0,,0,,60.4,,77.2,0,263,52,0,3,0,0,9,0,0,61.3,0,0,35
145381,Denzel Lowry,DI,0,0,,0,0,,LOUISVILLE,1,D45,0,0,0,21,1,2026,37,70.2,0,0,,0,0,0,2,14,0,61.8,0,0,0,0,LOUISVILLE,0,0,0,0,,0,0,61.3,,76,0,210,37,0,21,0,0,16,0,0,59,0,0,0
145382,Wayne Matthews III,LB,2,0,2026,0,0,100,MICH STATE,2,D10,65,54,0,0,1,2026,4,81.5,18,2,71.2,0,0,23,0,0,0,69.8,0,0,0,0,MICH STATE,2,0,0,0,14,10,0,73,9,78.8,0,223,69,21,0,0,104.2,46,0,5,,1,0,4
145384,Chazz Wallace,DI,0,0,,0,0,,NC STATE,0,D52,0,0,0,2,1,2026,11,,0,0,,0,0,0,0,4,0,57.6,0,0,0,0,NC STATE,0,0,0,0,,0,,57.3,,71.9,0,248,11,0,7,0,0,9,0,0,59.5,0,0,0
145385,Keyshawn Hunter,DI,0,0,,0,0,,DELAWARE,2,D09,0,0,0,25,1,2026,31,71.5,0,0,67.7,0,0,0,0,28,1,63.5,0,0,0,0,DELAWARE,2,0,0,0,,0,0,73.4,,76.6,0,151,31,0,3,0,0,6,0,0,67.4,0,0,0
145394,Peyton Stevenson,S,1,0,,0,0,100,RICE,2,D09,11,2,0,2,1,2026,0,75.9,2,1,53.1,0,0,7,0,0,0,60,0,0,0,0,RICE,1,0,0,0,2,8,0,51.8,2,72.4,0,275,11,0,0,0,79.2,2,0,0,56.3,1,0,0
145406,Elroyal Morris III,DI,0,0,,0,0,,RICE,0,D30,0,0,0,5,1,2026,12,,0,0,,0,0,0,0,5,0,26.8,0,0,0,0,RICE,0,0,0,0,,0,,26.6,,72.4,0,275,12,0,7,0,0,7,0,0,58.6,0,0,0
145407,Marcus Williams,S,7,0,,0,0,57.1,RICE,9,D04,66,11,0,0,1,2027,0,84.9,15,4,76.9,0,0,46,0,0,0,68.2,0,0,0,0,RICE,5,0,0,0,7,29,0,76.7,3.8,79,0,275,66,20,0,0,62.2,20,1,0,,26,0,0
145412,Jalen Hargrove,DI,0,0,,0,0,,UCLA,0,D95,0,0,0,4,1,2026,12,72.1,0,0,,0,0,0,0,5,0,57.4,0,0,0,0,UCLA,0,0,0,0,,0,0,56.7,,72.3,0,324,12,0,7,0,0,8,0,2,58.3,0,0,0
145431,Brendan Toles,CB,0,0,,0,0,,SO MISS,0,D00,17,1,0,0,1,2026,0,,0,0,63.4,0,0,5,0,0,0,62.1,16,0,0,0,SO MISS,0,0,0,0,,0,,64.5,,72.7,0,296,17,0,0,0,0,12,0,0,,0,0,0
145524,Ronald Triplette,ED,0,0,,0,0,,GA TECH,0,D24,0,0,0,11,1,2026,19,,0,0,,2,0,0,5,0,0,53.5,0,0,0,0,GA TECH,0,0,2,0,,0,,54,,74.3,0,176,19,0,1,0,0,8,0,0,58.1,0,0,13
145527,Trey Moore,LB,2,0,2026,0,0,100,TEXAS,1,D08,15,12,0,7,1,2026,11,78.2,18,2,53.6,0,0,8,0,0,0,74.5,0,0,0,1,TEXAS,1,0,0,0,13,3,0,65.6,9,75.5,0,311,26,9,0,0,143.8,11,0,2,62.7,0,1,11
145579,Xavier Williams,S,2,0,2026,0,0,50,CINCINNATI,3,D36,13,5,0,0,1,2026,0,78.1,8,1,63.9,0,0,7,0,0,0,63,0,0,0,0,CINCINNATI,2,0,0,0,8,3,0,65.8,8,72.1,0,138,13,9,0,0,60.4,6,0,0,,5,0,0
145609,Dontae Pollard,S,1,0,,0,1,100,TEMPLE,4,D31,42,20,0,3,1,2026,0,82.2,17,1,52.1,1,0,18,0,0,0,69.3,0,0,0,0,TEMPLE,0,0,1,0,17,7,20,60.8,17,75.9,0,306,42,5,0,0,118.8,21,0,0,70.7,15,0,0
145611,Darrian Lewis,S,3,0,,1,0,100,W VIRGINIA,4,D24,25,11,0,0,1,2026,1,83.2,26,3,76,0,0,15,0,0,0,52.2,0,0,0,0,W VIRGINIA,2,0,0,0,12,5,0,70.6,8.7,74.1,0,343,26,15,0,0,102.8,11,0,1,,9,0,1
145617,Drew Hughes,DI,0,0,,0,1,,BALL ST,1,D47,0,0,0,12,1,2026,49,44.2,0,0,,1,0,0,0,5,0,66.7,0,0,0,0,BALL ST,1,0,1,0,,0,25,63,,76.2,0,117,49,0,44,0,0,37,0,2,49,0,0,0
145620,Jack Beebe,LB,0,0,,0,2,,BALL ST,5,D22,46,43,0,2,1,2026,1,34,0,0,63.1,0,0,8,0,0,0,64.4,0,0,0,0,BALL ST,3,0,0,0,,3,28.6,64.7,,75.1,0,117,47,0,0,0,0,37,0,0,57.9,0,0,1
145624,Jackson Wiegold,LB,1,0,,0,2,100,BALL ST,4,D18,30,25,0,1,1,2026,1,55.4,2,1,72.7,0,0,5,0,0,0,50.9,0,0,0,0,BALL ST,3,0,0,0,2,5,25,59.5,2,75.5,0,117,31,0,0,0,79.2,25,0,2,60,0,0,1
145629,Thai Baldwin,CB,6,0,,0,2,66.7,CHARLOTTE,3,D05,34,2,0,1,1,2026,0,29.2,89,4,34.4,0,0,23,0,0,0,61.3,32,0,0,0,CHARLOTTE,1,0,0,0,60,0,40,35.7,22.3,74.3,0,136,34,67,0,0,109.7,10,0,0,55.4,0,0,0
145652,Dierre Kelly,DI,0,0,,0,0,,BOWL GREEN,0,D38,0,0,0,18,1,2026,33,69.7,0,0,,2,0,0,8,1,0,71.2,0,0,0,0,BOWL GREEN,0,0,2,0,,0,0,67.4,,75.7,0,122,33,0,20,0,0,15,0,1,57.4,0,0,4
145655,Cashius Howell,ED,1,0,2026,0,0,0,TEXAS A&M,0,D09,0,0,2,26,1,2026,43,76.6,0,0,61.3,0,0,4,0,0,0,69.2,0,0,0,0,TEXAS A&M,2,0,2,0,,0,0,74.9,,80.1,0,312,43,0,0,0,39.6,13,0,1,71.9,0,0,43
145704,Lawai'a Brown,LB,0,0,,0,0,,C MICHIGAN,0,D40,22,22,0,8,1,2026,0,73.2,0,0,62.1,1,0,10,0,0,0,65.5,0,1,0,0,C MICHIGAN,0,0,2,0,,0,0,60.1,,71.3,0,134,22,0,0,0,0,4,0,1,52.2,0,0,0
145706,Isaiah Rogers,DI,0,0,,0,0,,CINCINNATI,0,D55,0,0,0,15,1,2026,24,71.5,0,0,60,0,0,1,2,15,0,67.6,0,0,0,0,CINCINNATI,0,0,0,0,,0,0,63.5,,75.4,0,138,24,0,7,0,0,8,0,2,56.7,0,0,0
145712,Jonah Pace,DI,0,0,,0,0,,IOWA,0,D91,0,0,0,12,1,2026,18,,0,0,,1,0,0,0,1,0,62.5,0,1,0,0,IOWA,0,0,2,0,,0,,73.5,,73.5,0,192,18,0,17,0,0,6,0,0,73.4,0,0,0
145715,Jonathan Decker,DI,0,0,,0,1,,C MICHIGAN,1,D98,0,0,0,18,1,2026,30,72.2,0,0,,2,0,0,4,4,0,76.1,0,1,0,0,C MICHIGAN,1,0,3,0,,0,33.3,72.8,,75,0,134,30,0,22,0,0,12,1,1,60.3,0,0,0
145721,Dakota Cochran,LB,1,0,,0,1,100,C MICHIGAN,4,D01,50,42,0,13,1,2026,6,55.9,-1,1,66.5,5,0,28,0,0,0,66.1,0,0,0,0,C MICHIGAN,2,0,5,0,-1,8,14.3,67.9,-1,75.6,0,134,56,0,0,0,79.2,15,0,2,61.7,0,0,6
145731,Michael Heldman,ED,0,0,2026,0,1,,C MICHIGAN,1,D97,0,0,0,28,1,2026,40,29.8,0,0,,12,0,0,6,0,0,67,0,0,1,0,C MICHIGAN,1,0,12,0,,0,50,92.3,,0,0,134,40,0,0,0,0,12,0,0,93.3,0,0,34
145739,Elijah Rikard,S,0,0,,0,0,,C MICHIGAN,1,D02,36,8,0,1,1,2026,0,76.4,0,0,66.4,0,0,25,0,0,0,63.2,0,0,0,0,C MICHIGAN,0,0,0,0,,3,0,66.7,,76.7,0,134,36,0,0,0,0,10,0,0,59.6,25,0,0
145742,Caleb Spann,S,2,0,,0,0,0,C MICHIGAN,1,D15,39,20,0,0,1,2026,0,74.8,0,0,61.3,0,0,30,0,0,0,64.2,0,0,0,0,C MICHIGAN,1,0,0,0,,5,0,62.7,,75.3,0,134,39,0,0,0,39.6,9,0,0,,14,0,0
145751,Zach Mowchan,LB,0,0,,0,0,,E MICHIGAN,3,D11,38,35,0,5,1,2027,0,79.9,0,0,65.1,1,0,12,0,0,0,42.8,0,0,0,0,E MICHIGAN,1,0,1,0,,3,0,53.9,,74.4,0,160,38,0,0,0,0,21,0,2,65.6,0,0,0
145757,Carter Evans,ED,0,0,,0,1,,E MICHIGAN,4,D33,11,11,0,32,1,2027,55,52,0,0,60,3,0,0,1,0,0,50.2,0,0,0,0,E MICHIGAN,4,0,3,0,,0,14.3,52.8,,80.2,0,160,66,0,0,0,0,34,0,2,57.3,0,0,54
145800,Oscar McWood,LB,0,0,,0,0,,MIAMI OH,0,D23,10,6,0,0,1,2026,1,74.3,0,0,62.1,0,0,4,0,0,0,61.8,1,0,0,0,MIAMI OH,0,0,0,0,,3,0,63.5,,70.3,0,221,11,0,0,0,0,7,0,1,,0,0,1
145803,Corban Hondru,LB,6,0,,0,2,83.3,MIAMI OH,12,D12,59,49,1,6,1,2026,10,63.9,35,5,61.6,0,0,31,0,0,0,78.5,0,1,0,1,MIAMI OH,8,0,2,0,12,10,11.8,76.9,7,78,0,221,69,21,0,0,91,32,1,3,85.6,0,0,10
145820,Eli Blakey,S,3,0,,0,1,100,MIAMI OH,9,D01,66,19,0,0,1,2026,3,70.7,13,3,69.8,0,0,37,0,0,0,74.5,0,0,0,0,MIAMI OH,7,0,0,0,7,20,8.3,73.3,4.3,77.8,0,221,69,9,0,0,84.7,32,0,2,,27,0,3
145837,Ty Myles,CB,0,0,,0,0,,N ILLINOIS,1,D01,53,17,0,2,1,2026,2,77.7,0,0,59.4,1,0,30,0,0,0,71.6,0,0,0,0,N ILLINOIS,1,0,1,0,,35,0,63.3,,76.3,0,254,55,0,0,0,0,23,0,1,58.5,1,0,2
145850,Louis Frye,S,0,0,,0,0,,TEMPLE,0,D14,3,1,0,0,1,2026,0,,0,0,61.2,0,0,2,0,0,0,60,0,0,0,0,TEMPLE,0,0,0,0,,2,,61.9,,67.7,0,306,3,0,0,0,0,1,0,0,,0,0,0
145863,Muhammed Jammeh,S,2,0,,0,2,100,N ILLINOIS,2,D04,64,41,0,2,1,2026,0,35.9,41,2,44.3,1,0,33,0,0,0,50.9,0,0,0,0,N ILLINOIS,1,0,1,0,25,6,40,47.1,20.5,77.6,0,254,64,0,0,0,118.8,29,0,1,69.4,17,0,0
145874,Jalonnie Williams,ED,0,0,,0,0,,N ILLINOIS,2,D11,3,3,1,31,1,2026,55,76.8,0,0,61.6,4,0,1,3,0,0,59.1,0,0,0,0,N ILLINOIS,2,0,5,0,,0,0,64.5,,78.1,0,254,58,0,22,0,0,26,0,2,64.7,0,0,30
145877,Shay Taylor,LB,7,0,,0,1,71.4,CHARLOTTE,3,D35,62,52,1,15,1,2026,5,54.2,87,5,28.3,0,0,31,0,0,0,60.7,0,2,0,0,CHARLOTTE,2,0,3,0,23,9,20,34.5,17.4,77.3,0,136,67,33,0,0,113.4,21,0,1,63.6,0,0,5
145884,Bradley Weaver,ED,0,0,,0,0,,RUTGERS,1,D94,1,1,0,17,1,2026,30,73.9,0,0,,2,0,0,7,2,0,63.5,0,0,0,0,RUTGERS,1,0,2,0,,0,0,62,,76,0,278,31,0,4,0,0,14,0,1,58.3,0,0,17
145889,Torrie Cox Jr.,CB,7,0,,0,3,100,ILLINOIS,2,D05,43,1,0,0,1,2026,0,27.5,83,7,40.8,0,0,26,0,0,0,48.7,39,0,0,0,ILLINOIS,0,0,0,0,28,3,50,40,11.9,75.5,0,187,43,47,0,0,116.1,17,0,1,,0,0,0
145897,Bralen Henderson,DI,0,0,,0,0,,MISSOURI,0,D81,0,0,0,1,1,2026,1,,0,0,,0,0,0,0,0,0,,0,0,0,0,MISSOURI,0,0,0,0,,0,,60,,64.7,0,229,1,0,1,0,0,0,0,0,60,0,0,0
145913,Doran Ray Jr.,DI,0,0,,0,0,,TOLEDO,1,D55,0,0,0,8,1,2026,19,69.7,0,0,,0,0,0,0,1,0,74.8,0,0,0,0,TOLEDO,1,0,0,0,,0,0,72.2,,73.6,0,316,19,0,18,0,0,11,0,0,56.6,0,0,0
145914,Esean Carter,DI,0,0,,0,0,,TOLEDO,2,D12,0,0,0,18,1,2027,48,72.4,0,0,,1,0,0,0,0,0,81.1,0,0,0,0,TOLEDO,1,0,1,0,,0,0,80.6,,76.4,0,316,48,0,48,0,0,30,0,0,65.3,0,0,0
145915,Jeremiah Peters,ED,0,0,,0,0,,TOLEDO,0,D46,0,0,0,1,1,2026,6,,0,0,60,0,0,1,1,0,0,54.6,0,1,1,0,TOLEDO,0,0,1,0,,0,,34.4,,0,0,316,6,0,0,0,0,4,0,0,60,0,0,5
145927,Mason Nelson,DI,0,0,,0,0,,VANDERBILT,0,D54,0,0,0,4,1,2026,7,,0,0,,0,0,0,1,1,0,60.9,0,0,0,0,VANDERBILT,0,0,0,0,,0,,59.7,,70.5,0,333,7,0,5,0,0,3,0,0,57.6,0,0,0
145937,Corey Walker,ED,0,0,,0,1,,WISCONSIN,2,D92,0,0,0,7,1,2026,30,42.5,0,0,,1,0,0,4,0,0,57.7,0,0,0,0,WISCONSIN,2,0,1,0,,0,33.3,60,,76.2,0,349,30,0,0,0,0,23,0,0,63.6,0,0,26
145943,Tyson Lee,ED,0,0,,0,0,,W MICHIGAN,0,D58,0,0,0,6,1,2026,14,,0,0,59.4,0,0,1,0,0,0,61.9,0,0,0,0,W MICHIGAN,0,0,0,0,,0,,56.4,,74.7,0,347,14,0,4,0,0,7,0,0,57.4,0,0,10
145950,Aaron Wofford,CB,4,0,,0,2,100,W MICHIGAN,3,D05,32,2,0,0,1,2026,0,33.9,58,4,47.7,0,0,18,0,0,0,29.9,30,0,0,0,W MICHIGAN,0,0,0,0,20,0,33.3,39.8,14.5,74.4,0,347,32,9,0,0,118.8,14,0,1,,0,0,0
145978,Andrew Simpson,LB,4,0,,0,1,75,N CAROLINA,2,D02,44,41,0,16,1,2026,19,49.7,22,3,87.3,3,1,24,0,0,0,64.5,0,1,0,0,N CAROLINA,1,0,4,0,16,3,20,79.7,7.3,80.5,0,245,63,6,0,0,47.9,23,0,2,58.8,0,0,19
146014,Grady Kelly,DI,0,0,,0,1,,MICH STATE,1,D16,1,1,0,13,1,2026,37,36.2,0,0,,0,0,0,0,6,0,52.2,0,0,0,0,MICH STATE,0,0,0,0,,0,33.3,51.9,,76.5,0,223,38,0,31,0,0,25,0,1,55.8,0,0,0
146042,Al'zillion Hamilton,CB,3,0,2026,0,0,33.3,FRESNO ST,4,D03,54,7,0,0,1,2026,1,80.7,54,1,67.4,0,1,25,0,0,0,73.7,46,0,1,0,FRESNO ST,1,1,0,0,54,1,0,70.6,54,75.8,0,169,55,37,0,0,42.4,30,0,1,,0,0,1
146043,Julian Neal,CB,5,0,2026,0,1,60,ARKANSAS,3,D23,72,3,0,0,1,2026,0,64.4,27,3,76.9,0,0,26,0,0,0,73.3,68,0,0,0,ARKANSAS,1,0,0,0,23,1,20,77.9,9,76.8,0,111,72,4,0,1,114.2,46,0,1,,0,1,0
146094,Drue Watts,LB,5,0,,0,4,100,MEMPHIS,7,D07,65,58,0,18,1,2026,6,44.1,33,5,49.5,5,0,23,0,0,0,54.8,0,0,0,0,MEMPHIS,5,0,5,0,10,7,30.8,44.2,6.6,72,0,218,71,29,0,0,94.2,30,2,2,39.9,0,0,6
146096,Dion Washington,DI,0,0,,0,0,,BOISE ST,0,D19,1,0,0,13,1,2026,24,70.2,0,0,,0,0,0,0,5,0,63,0,0,0,0,BOISE ST,0,0,0,0,,0,0,62,,74.5,0,120,25,0,19,0,0,12,0,1,57.9,0,0,0
146129,AJ Odums,CB,5,0,,0,1,40,NEVADA,3,D01,71,5,0,0,1,2026,0,46.9,20,2,60.9,0,0,37,0,0,0,47.7,60,0,1,0,NEVADA,0,0,0,0,12,3,25,58.1,10,77.3,0,239,71,2,0,0,52.1,34,0,0,,3,0,0
146141,Noah Avinger,S,0,0,2026,0,1,,UTAH ST,5,D01,65,13,0,2,1,2026,2,68.2,0,0,68.5,0,0,23,0,0,0,68.2,48,0,0,0,UTAH ST,0,0,0,0,,0,11.1,70.5,,76.3,0,329,67,0,0,0,0,42,0,3,66.2,3,0,2
146142,Darrion Dalton,DI,0,0,,0,1,,WASH STATE,3,D92,0,0,0,28,1,2026,40,43.3,0,0,,3,0,0,6,0,0,61.8,0,0,0,0,WASH STATE,2,0,3,0,,0,25,68.7,,75.2,0,341,40,0,34,0,0,12,0,0,69.5,0,0,0
146147,Dominic Oliver,ED,0,0,,0,0,,W KENTUCKY,1,D09,1,0,0,7,1,2026,7,72.2,0,0,61.2,0,0,1,0,0,0,,0,0,0,0,W KENTUCKY,1,0,0,0,,1,0,60,,74.3,0,346,8,0,0,0,0,0,0,0,56.6,0,0,7
146150,Brady Anderson,LB,1,0,,0,0,100,S DIEGO ST,1,D42,8,8,0,2,1,2026,0,74.3,14,1,64,0,0,6,0,0,0,,0,1,0,0,S DIEGO ST,0,0,1,0,14,0,0,68.4,14,67.7,0,284,8,11,0,0,118.8,0,0,0,65.7,0,0,0
146162,DJ Herman,LB,0,0,2026,0,1,,S DIEGO ST,0,D45,8,6,0,2,1,2026,0,21.8,0,0,51.1,1,0,6,0,0,0,,0,0,0,0,S DIEGO ST,0,0,1,0,,2,100,47.3,,69.9,0,284,8,0,0,0,0,0,0,0,57.3,0,0,0
146184,Bryun Parham,LB,3,0,,0,1,100,UCONN,12,D06,66,57,1,6,1,2026,4,76.6,21,3,75,0,0,20,0,0,0,81.2,0,0,0,0,UCONN,8,0,1,0,11,9,5.9,83.1,7,73.3,0,146,70,31,0,1,95.8,44,1,4,65.1,0,0,4
146222,Ike Larsen,S,2,0,,0,1,100,UTAH ST,5,D18,65,47,0,0,1,2026,1,44.1,8,2,76.7,0,0,25,0,0,0,52.9,0,0,0,1,UTAH ST,2,0,0,0,6,10,12.5,67.3,4,77,0,329,66,12,0,0,83.3,41,0,2,58.7,7,0,1
146227,Bo Maile,DI,0,0,,0,0,,UTAH ST,1,D44,0,0,0,7,1,2026,17,75,0,0,,0,0,0,14,0,0,58.1,0,0,0,0,UTAH ST,0,0,0,0,,0,0,57.2,,72.1,0,329,17,0,3,0,0,10,0,2,57.6,0,0,0
146255,Isaiah Taylor,CB,2,0,,0,1,100,MIAMI FL,2,D28,9,2,0,3,1,2027,0,37,32,2,46.3,0,0,2,0,0,0,53.2,0,0,0,0,MIAMI FL,1,0,0,0,21,7,33.3,40.3,16,70.4,0,220,9,7,0,0,118.8,4,1,0,55.4,0,0,0
146264,Evan Branch-Haynes,DI,0,0,,0,0,,BOWL GREEN,4,D55,0,0,1,18,1,2026,36,76,0,0,,0,0,0,0,12,0,79.6,0,1,0,0,BOWL GREEN,5,0,2,0,,0,0,78.2,,76.2,0,122,36,0,23,0,0,18,1,1,64,0,0,1
146299,Hunter Barth,LB,0,0,,0,0,,STANFORD,1,D23,14,14,0,2,1,2026,1,73.2,0,0,60.2,0,0,2,0,0,0,63.5,0,0,0,0,STANFORD,1,0,0,0,,0,0,62.9,,73.4,0,300,15,0,0,0,0,11,0,0,58,0,0,1
146306,Kaleb Elarms-Orr,LB,2,0,2026,0,0,100,TCU,8,D03,60,55,1,13,1,2026,15,86.4,19,2,73.4,1,0,32,0,0,0,63.8,0,1,0,0,TCU,5,0,3,0,15,5,0,74,9.5,78.2,0,305,75,15,0,0,106.3,30,0,6,70.6,0,0,15
146308,Myles Williams,ED,1,0,,0,0,0,NEVADA,0,D92,0,0,0,2,1,2027,21,,0,0,49.3,0,0,3,0,0,0,63.3,0,0,0,0,NEVADA,0,0,0,0,,0,,55.1,,77,0,239,21,0,0,0,39.6,16,0,0,58.7,0,0,21
146310,Derek Wilkins,DI,0,0,,0,0,,CAL,1,D96,0,0,0,6,1,2027,19,70.8,0,0,,0,0,0,2,0,0,63.5,0,0,0,0,CAL,1,0,0,0,,0,0,62.8,,73,0,130,19,0,17,0,0,13,0,0,57.8,0,0,0
146328,Ryan Williams,DI,0,0,,0,0,,MO STATE,0,D99,0,0,0,24,1,2026,35,,0,0,,1,0,0,0,0,0,56.7,0,0,1,0,MO STATE,0,0,1,0,,0,,50.9,,0,0,230,35,0,35,0,0,11,0,0,58.8,0,0,0
146353,Jack Kane,S,2,0,,0,1,100,RICE,1,D27,23,6,0,0,1,2026,0,27.8,16,2,47,0,0,18,0,0,0,63,0,0,0,0,RICE,0,0,0,0,12,7,50,50.2,8,74.5,0,275,23,15,0,0,139.6,5,0,0,,10,1,0
146374,Ese Dubre,ED,0,0,,0,0,,STANFORD,1,D30,0,0,0,0,1,2026,2,72.2,0,0,,0,0,0,1,0,0,55.7,0,0,0,0,STANFORD,0,0,0,0,,0,0,52,,66.9,0,300,2,0,0,0,0,2,0,0,,0,0,1
146375,Mitch Leigber,S,0,0,,0,1,,STANFORD,2,D32,22,10,0,1,1,2026,1,37.2,0,0,46.4,0,0,4,0,0,0,57.1,1,0,0,0,STANFORD,1,0,0,0,,4,33.3,49.1,,74.4,0,300,23,0,0,0,0,18,0,0,59.8,7,0,1
146378,Wilfredo Aybar,ED,0,0,,0,3,,STANFORD,4,D14,1,0,0,14,1,2026,43,41.4,0,0,61.9,0,0,3,6,0,0,63.4,0,0,0,0,STANFORD,2,0,0,0,,1,33.3,61.8,,78.9,0,300,44,0,4,0,0,27,1,2,54.6,0,0,33
146379,Anthony Franklin,DI,0,0,,0,0,,STANFORD,0,D94,0,0,0,9,1,2026,26,,0,0,,0,0,0,7,4,0,55.9,0,0,0,1,STANFORD,0,0,0,0,,0,,59.3,,74.7,0,300,26,0,15,0,0,17,0,0,65.3,0,0,0
146383,Zach Buckey,DI,0,0,,0,0,,STANFORD,0,D98,0,0,0,6,1,2026,20,,0,0,,0,0,0,9,1,0,49.4,0,0,0,0,STANFORD,0,0,0,0,,0,,49.3,,73.8,0,300,20,0,8,0,0,14,0,0,57.6,0,0,2
146404,Antoine Campbell Jr.,ED,0,0,,1,1,,KENT STATE,2,D11,0,0,1,14,1,2026,43,35.4,0,0,,1,0,0,7,0,0,38.1,0,0,0,0,KENT STATE,3,0,2,0,,0,33.3,45.2,,77.8,0,201,43,0,0,0,0,29,1,0,65.2,0,0,36
146449,Trey Reynolds,LB,1,0,,0,1,0,UTAH,1,D37,22,22,1,8,1,2028,8,57.3,0,0,57.5,2,0,14,0,0,0,73.6,0,1,0,0,UTAH,2,0,4,0,,0,33.3,73.8,,73.9,0,328,30,0,0,0,39.6,8,0,1,76.5,0,0,8
146457,Simote Pepa,DI,0,0,,0,0,,WASHINGTON,0,D77,0,0,0,3,1,2026,7,69.7,0,0,,0,0,0,1,2,0,71.2,0,0,0,0,WASHINGTON,0,0,0,0,,0,0,75.1,,70.2,0,340,7,0,4,0,0,4,0,1,60,0,0,0
146499,Jernias Tafia,DI,0,0,,0,0,,COLO STATE,1,D49,0,0,0,12,1,2026,28,73.7,0,0,,1,0,0,1,14,0,71.6,0,0,0,0,COLO STATE,1,0,1,0,,0,0,68.4,,75.5,0,144,28,0,13,0,0,16,0,2,56,0,0,0
146524,David Gusta,DI,0,0,,0,0,,KENTUCKY,2,D60,0,0,0,24,1,2026,44,70.2,0,0,,2,0,0,0,34,0,78,0,0,1,0,KENTUCKY,1,0,2,0,,0,0,76.4,,78.2,0,202,44,0,10,0,0,20,0,0,64.3,0,0,0
146536,Avante Dickerson,CB,5,0,,0,1,100,ARK STATE,6,D09,70,9,0,0,1,2026,0,63.4,47,5,66.8,0,0,38,0,0,0,48.6,61,0,0,0,ARK STATE,2,0,0,0,24,0,12.5,63.3,9.4,76.4,0,113,70,11,0,0,145.4,32,0,1,,0,1,0
146539,Brandon Buckner,ED,0,0,,0,0,,MIDDLE TN,1,D11,2,1,0,13,1,2026,25,72.2,0,0,61.3,0,0,3,0,0,0,58,0,0,1,0,MIDDLE TN,1,1,0,0,,1,0,48.9,,0,0,224,27,0,0,0,0,11,1,0,54.1,0,0,25
146556,Keanu Williams,DI,0,0,,0,0,,UCLA,3,D99,0,0,0,13,1,2027,36,74.6,0,0,,0,0,0,0,4,0,59.2,0,0,0,1,UCLA,3,0,0,0,,0,0,61.5,,76.2,0,324,36,0,32,0,0,23,0,1,64.3,0,0,0
146564,Terrell Tilmon,ED,0,0,,0,0,,TEXAS TECH,0,D18,0,0,0,8,1,2026,15,,0,0,,1,0,0,0,0,0,61.1,0,0,0,0,TEXAS TECH,0,0,1,0,,0,,63.5,,75.7,0,315,15,0,0,0,0,7,0,0,62.5,0,0,15
146605,Keanu Koht,ED,0,0,,0,0,,VANDERBILT,0,D09,2,0,0,6,1,2026,7,,0,0,60,0,0,1,1,0,0,60,0,1,0,0,VANDERBILT,0,0,1,0,,2,,56.9,,74,0,333,9,0,0,0,0,2,0,0,63.5,0,0,6
146606,Brylan Lanier,S,4,0,,0,1,75,MISS STATE,3,D03,63,30,0,0,1,2026,1,53.9,91,3,49.7,0,0,41,0,0,0,57.9,3,0,0,0,MISS STATE,0,0,0,0,62,14,20,51.3,30.3,75.7,0,227,64,15,0,0,116.7,23,0,1,,16,0,1
146608,Deontae Lawson,LB,3,0,2026,1,2,33.3,ALABAMA,5,D00,55,54,0,10,1,2026,3,62.5,12,1,60.8,3,0,25,0,0,0,87.5,0,0,0,0,ALABAMA,3,0,3,0,12,0,16.7,73.1,12,76.8,0,103,58,13,0,1,46.5,23,0,5,53.6,1,0,3
146611,Damon Payne,DI,0,0,2026,0,0,,MICHIGAN,1,D44,0,0,0,13,1,2026,31,73.2,0,0,,0,0,0,2,4,0,50,0,0,0,0,MICHIGAN,0,0,0,0,,0,0,49.7,,75.1,0,222,31,0,24,0,0,18,0,2,55.5,0,0,1
146615,Anquin Barnes Jr.,DI,0,0,2026,0,0,,COLORADO,1,D92,0,0,0,11,1,2026,33,70.2,0,0,,1,0,0,0,25,0,73,0,0,1,0,COLORADO,1,0,1,0,,0,0,65.3,,0,0,143,33,0,8,0,0,22,0,1,56.7,0,0,0
146616,Monkell Goodwine,DI,0,0,2026,0,0,,S CAROLINA,1,D44,1,1,0,37,1,2026,51,73.2,0,0,60,0,0,1,0,2,0,73.7,0,0,0,1,S CAROLINA,1,0,0,0,,0,0,67.8,,76.2,0,289,52,0,49,0,0,14,1,2,58.9,0,0,0
146617,Tim Keenan III,DI,0,0,2026,0,0,,ALABAMA,2,D96,0,0,0,22,1,2026,44,75.3,0,0,,1,0,0,0,18,1,77.3,0,0,0,0,ALABAMA,2,0,1,0,,0,0,76.1,,76.6,0,103,44,0,26,0,0,22,0,3,63.2,0,0,0
146676,Lee Hunter,DI,0,0,2026,0,1,,TEXAS TECH,1,D02,0,0,0,12,1,2026,17,71.1,0,0,,0,0,0,2,3,0,70.1,0,0,0,0,TEXAS TECH,1,0,0,0,,0,50,66.4,,73.2,0,315,17,0,8,0,0,5,0,0,56.6,0,0,4
146679,Ian Mathews,ED,0,0,,0,0,,GA STATE,1,D11,0,0,0,9,1,2026,28,73.6,0,0,,0,0,0,15,0,0,69.9,0,0,0,0,GA STATE,0,0,0,0,,0,0,66.7,,75,0,175,28,0,3,0,0,19,0,1,55.1,0,0,10
146701,Scooby Williams,LB,1,0,2026,0,0,100,TEXAS A&M,2,D00,26,18,0,4,1,2026,0,77,-3,1,82.4,0,0,14,0,0,0,56.6,1,0,0,0,TEXAS A&M,2,0,0,0,-3,7,0,77.5,-3,73.5,0,312,26,0,0,0,79.2,8,2,1,54,0,0,0
146705,Jordan Young,CB,4,0,,0,1,100,ARKANSAS,5,D04,51,5,0,1,1,2026,0,72.8,34,4,51,2,0,22,0,0,0,73.9,0,0,0,0,ARKANSAS,0,0,2,0,10,46,12.5,55.7,8.5,78.8,0,111,51,18,0,0,102.1,28,0,2,48,0,0,0
146708,Chris Thomas,DI,0,0,,0,0,,SYRACUSE,0,D07,0,0,0,4,1,2026,12,,0,0,,0,0,0,0,2,0,50.6,0,0,0,0,SYRACUSE,0,0,0,0,,0,,49.4,,72.7,0,304,12,0,10,0,0,8,0,0,58.5,0,0,0
146709,Justus Boone,ED,0,0,,0,0,,ARKANSAS,3,D00,1,1,0,24,1,2027,56,75.8,0,0,60,0,0,0,26,0,0,68.9,0,0,0,0,ARKANSAS,2,0,0,0,,0,0,64.3,,77,0,111,57,0,20,0,0,33,0,0,53.4,0,0,10
146723,David Daniel-Sisavanh,S,3,0,,0,1,100,TROY,1,D14,38,10,0,0,1,2026,0,43.7,64,3,51.9,0,0,21,0,0,0,62.3,0,0,0,0,TROY,0,0,0,0,36,8,33.3,54.3,21.3,75.9,0,318,38,3,0,0,118.8,17,0,1,,20,0,0
146724,Xavian Sorey Jr.,LB,0,0,2026,0,2,,ARKANSAS,3,D10,24,23,1,19,1,2026,49,35.8,0,0,63.2,3,0,7,0,0,0,61.4,0,1,1,0,ARKANSAS,3,0,5,0,,1,40,61.2,,0,0,111,73,0,0,0,0,47,0,0,64.7,0,0,49
146729,Marlin Dean,ED,1,0,,0,1,100,GA STATE,4,D09,3,0,0,19,1,2027,57,44.8,8,1,61.5,2,0,6,0,0,0,61.9,0,0,0,0,GA STATE,3,0,2,0,8,3,20,70,8,81.5,0,175,60,7,0,0,100,35,0,0,77.5,0,0,57
146745,Jordan Lovett,S,4,0,,0,0,100,KENTUCKY,3,D25,59,25,0,1,1,2026,2,82.6,80,4,29.7,0,0,30,0,0,0,66.9,0,0,0,0,KENTUCKY,0,0,0,0,35,3,0,32.7,20,77.6,0,202,61,10,0,0,158.3,30,0,1,59.9,31,2,2
146752,Kahlil Saunders,DI,0,0,2026,0,0,,KENTUCKY,2,D92,0,0,0,14,1,2026,29,75.2,0,0,,2,0,0,9,2,0,79.3,0,0,0,0,KENTUCKY,2,0,2,0,,0,0,77,,74.5,0,202,29,0,18,0,0,15,1,2,60.6,0,0,0
146776,Sage Ryan,S,1,0,,0,0,0,OLE MISS,1,D03,17,2,0,0,1,2026,0,76.2,0,0,65.9,0,0,12,0,0,0,60,0,0,0,0,OLE MISS,0,0,0,0,,5,0,65.7,,75.5,0,226,17,0,0,0,39.6,5,0,0,,10,0,0
146778,Damarius McGhee,CB,1,0,,0,1,0,FAU,5,D32,60,14,0,0,1,2027,1,65.8,0,0,66,0,0,13,0,0,0,43.7,46,0,0,0,FAU,1,0,0,0,,0,11.1,56.3,,75.2,0,165,61,0,0,1,39.6,48,0,3,,0,0,1
146795,Bryce Langston,DI,0,0,,0,1,,FAU,4,D07,0,0,0,11,1,2026,43,77.1,0,0,,1,0,0,38,0,0,75.3,0,1,0,0,FAU,3,0,2,0,,0,16.7,76.6,,74.3,0,165,43,0,3,0,0,32,0,1,66.5,0,0,2
146827,Kyndrich Breedlove,CB,4,0,,0,0,50,ARIZONA ST,3,D05,47,15,0,0,1,2026,0,77.9,23,2,60.5,0,0,17,0,0,0,70.2,0,0,0,0,ARIZONA ST,1,0,0,0,16,31,0,65,11.5,76.1,0,110,47,8,0,0,67.7,30,0,0,,1,0,0
146829,Taleeq Robbins,DI,0,0,,0,0,,TROY,1,D15,0,0,1,20,1,2026,38,74.3,0,0,,1,0,0,5,3,0,75.7,0,0,0,0,TROY,1,0,2,0,,0,0,72.8,,75.4,0,318,38,0,30,0,0,18,0,2,60.5,0,0,0
146833,JJ Hawkins,ED,0,0,,0,1,,SO MISS,0,D05,0,0,0,4,1,2026,11,19.3,0,0,,1,0,0,4,0,0,65.8,0,1,1,0,SO MISS,0,0,2,0,,0,100,41.3,,0,0,296,11,0,2,0,0,7,0,0,46.5,0,0,5
146854,Nic Mitchell,LB,3,0,,0,1,100,MISS STATE,5,D40,43,35,1,5,1,2026,5,62.4,8,3,68.9,0,0,24,0,0,0,66.1,0,1,0,0,MISS STATE,4,0,2,0,10,8,14.3,70.5,2.7,76.2,0,227,48,10,0,0,79.2,19,1,1,63.5,0,0,5
146856,Ty Cooper,ED,0,0,,0,0,,TULSA,1,D19,3,3,0,17,1,2026,31,72.2,0,0,,0,0,0,1,0,0,68.7,0,0,0,0,TULSA,1,0,0,0,,0,0,69.1,,78.6,0,320,34,0,0,0,0,17,1,0,63.1,0,0,30
146861,Deonte Anderson,ED,0,0,,0,0,,MISS STATE,1,D06,0,0,0,10,1,2026,15,71.3,0,0,65.1,0,0,1,6,0,0,60.5,0,1,1,0,MISS STATE,1,0,1,0,,0,0,56.2,,0,0,227,15,0,1,0,0,4,0,0,55.2,0,0,8
146885,Daylan Carnell,CB,3,0,2026,0,0,66.7,MISSOURI,5,D13,37,7,0,0,1,2026,1,81.1,15,2,71.4,0,0,24,0,0,0,75.5,0,0,0,0,MISSOURI,3,0,0,0,10,28,0,74.7,7.5,76.9,0,229,38,5,0,0,78.5,14,1,0,,2,0,1
146889,Zachary Lovett,LB,0,0,,0,0,,IOWA STATE,1,D00,2,2,0,0,1,2026,1,72.2,0,0,,0,0,0,0,0,0,62.6,0,0,0,0,IOWA STATE,0,0,0,0,,0,0,64.4,,67.7,0,193,3,0,0,0,0,3,0,0,,0,0,1
146893,Arden Walker,ED,0,0,2026,0,0,,COLORADO,4,D53,1,1,0,24,1,2026,55,78.7,0,0,,1,0,0,0,0,0,71.4,0,0,0,0,COLORADO,3,0,1,0,,0,0,69.1,,79.7,0,143,56,0,0,0,0,32,1,1,59.9,0,0,55
146926,Nick Barrett,DI,0,0,2026,0,0,,S CAROLINA,5,D93,0,0,0,35,1,2026,51,75.6,0,0,60,2,0,0,0,4,0,81.2,0,0,0,0,S CAROLINA,4,0,2,0,,0,0,71.4,,77,0,289,51,0,47,0,0,16,1,0,55.4,0,0,0
146944,Christian Charles,S,3,0,,0,0,66.7,VIRGINIA,3,D04,20,6,0,0,1,2026,0,82.1,12,2,77.8,0,0,14,0,0,0,59.1,0,0,0,0,VIRGINIA,2,0,0,0,8,6,0,74.5,6,74.5,0,335,20,7,0,0,74.3,6,0,1,,8,0,0
146945,De'Shawn Rucker,CB,5,0,2026,0,2,40,USF,3,D22,54,1,0,0,1,2026,0,34.5,20,2,56.9,0,0,35,0,0,0,66,53,0,0,0,USF,0,0,0,0,19,0,28.6,58.5,10,76.5,0,327,54,15,0,0,52.1,19,0,2,,0,0,0
146947,Jerrod Gentry,S,0,0,,0,0,,BUFFALO,0,D29,1,0,0,0,1,2026,0,,0,0,,0,0,0,0,0,0,60,0,0,0,0,BUFFALO,0,0,0,0,,0,,60,,60,0,126,1,0,0,0,0,1,0,0,,0,0,0
146950,Amari McNeill,DI,0,0,2026,0,0,,COLORADO,1,D88,0,0,0,3,1,2026,8,71.3,0,0,,0,0,0,2,0,0,67.8,0,0,0,0,COLORADO,1,0,0,0,,0,0,67.7,,70.2,0,143,8,0,6,0,0,5,0,0,57.8,0,0,0
146967,Miles Capers,ED,2,0,,0,0,100,VANDERBILT,2,D29,7,4,0,19,1,2027,41,79.1,23,2,44.2,1,0,8,0,0,0,77.1,0,0,0,0,VANDERBILT,2,0,1,0,12,3,0,60,11.5,80.3,0,333,48,3,0,0,114.6,21,0,2,52,0,0,41
146968,Marlen Sewell,S,2,0,2026,0,0,50,VANDERBILT,5,D07,39,7,0,1,1,2026,3,83,4,1,87.9,0,0,21,0,0,0,49.5,2,0,0,0,VANDERBILT,3,0,0,0,4,3,0,77.4,4,77.3,0,333,42,7,0,1,56.3,20,0,0,59.4,27,0,3
146970,James Ziglor,CB,0,0,,0,0,,KENNESAW,0,D21,4,0,0,0,1,2026,0,,0,0,62.9,0,0,4,0,0,0,,0,0,0,0,KENNESAW,0,0,0,0,,4,,63.6,,68.6,0,200,4,0,0,0,0,0,0,0,,0,0,0
146975,Devin Lee,DI,0,0,,0,0,,USF,0,D99,0,0,0,17,1,2026,36,70.2,0,0,,0,0,0,0,21,0,73.9,0,0,0,0,USF,0,0,0,0,,0,0,69.9,,76.6,0,327,36,0,15,0,0,19,0,1,56.1,0,0,0
146977,Marcus Bradley,ED,1,0,,0,0,100,ARK STATE,1,D12,2,1,0,3,1,2026,7,74.7,18,1,51.1,0,0,2,0,0,0,63.1,0,0,0,0,ARK STATE,0,0,0,0,18,1,0,53.3,18,73.1,0,113,9,20,0,0,158.3,4,0,1,58.2,0,1,7
146987,Marcus Burris Jr.,ED,0,0,,0,1,,MEMPHIS,0,D34,0,0,0,6,1,2026,12,17.6,0,0,,0,0,0,5,0,0,44.7,0,0,0,0,MEMPHIS,0,0,0,0,,0,100,43.2,,71.9,0,218,12,0,2,0,0,6,0,0,56.7,0,0,5
146989,Tyreek Chappell,CB,10,0,2026,0,0,80,TEXAS A&M,4,D07,49,4,0,0,1,2026,1,80.7,60,8,65,0,0,37,0,0,0,61.9,0,0,0,0,TEXAS A&M,2,0,0,0,22,45,0,65.3,7.5,79.4,0,312,50,40,0,0,91.7,13,0,0,,0,0,1
146998,Deuce Harmon,CB,3,0,,0,0,66.7,SMU,2,D07,69,6,0,1,1,2026,2,78.3,38,2,63.2,0,0,39,0,0,0,69.8,50,1,0,0,SMU,1,0,1,0,22,12,0,66.3,19,79,0,287,71,19,0,1,109.7,31,0,1,64.2,0,0,2
147001,Elijah Jeudy,DI,0,0,,0,0,,NEBRASKA,2,D16,0,0,0,24,1,2026,48,72.1,0,0,58.3,2,0,3,1,16,0,58.3,0,0,0,0,NEBRASKA,0,0,2,0,,0,0,55.5,,76.8,0,238,48,0,31,0,0,21,0,0,57,0,0,0
147007,Drey Norwood,CB,1,0,2026,0,0,100,MISSOURI,1,D12,16,3,0,0,1,2026,0,73.5,12,1,56.9,0,0,8,0,0,0,63.6,12,0,0,0,MISSOURI,0,0,0,0,12,1,0,60.4,12,71.3,0,229,16,8,0,0,116.7,8,0,0,,0,0,0
147009,Albert Regis,DI,0,0,2026,0,0,,TEXAS A&M,1,D17,0,0,0,22,1,2026,34,70.2,0,0,,0,0,0,0,4,0,55.7,0,0,0,1,TEXAS A&M,1,0,0,0,,0,0,57.3,,75.1,0,312,34,0,30,0,0,12,0,0,59.6,0,0,0
147032,Jordan Favors,LB,4,0,,0,1,100,APP STATE,6,D07,52,35,0,2,1,2026,3,71.6,37,4,58.4,1,0,33,0,0,0,74.4,0,0,1,0,APP STATE,3,0,1,0,19,17,12.5,62.7,9.3,0,0,108,55,26,0,0,105.2,20,0,1,68.3,0,0,3
147038,Kyle Arnholt,LB,0,0,,0,1,,APP STATE,4,D56,53,53,0,5,1,2026,0,65.6,0,0,68.3,0,0,22,0,0,0,60.5,0,0,0,0,APP STATE,1,0,0,0,,0,10,64.7,,73.5,0,108,53,0,0,0,0,26,0,5,54.8,0,0,0
147062,Dennard Flowers,ED,0,0,,0,0,,USF,2,D15,0,0,0,30,1,2026,53,73.7,0,0,,1,0,0,8,0,0,64.4,0,0,1,0,USF,2,0,1,0,,0,0,68.6,,0,0,327,53,0,26,0,0,23,1,0,75.2,0,0,19
147070,Ethan Hassler,ED,1,0,,0,0,100,ARK STATE,1,D32,8,2,0,19,1,2026,48,75.7,11,1,55.6,0,0,10,3,0,0,56.4,0,0,1,0,ARK STATE,0,0,0,0,11,6,0,49.4,11,0,0,113,56,13,1,0,112.5,27,0,1,52.8,0,0,44
147074,Tim Hardiman,DI,0,0,,0,0,,TULSA,1,D10,0,0,0,20,1,2026,32,69.7,0,0,60,0,0,0,5,2,0,66.3,0,0,1,0,TULSA,1,0,0,0,,0,0,63.4,,0,0,320,32,0,25,0,0,12,0,0,66.7,0,0,0
147126,Justin Meyers,S,3,0,,0,1,66.7,GA SOUTHRN,14,D09,77,47,0,3,1,2026,4,79.3,40,2,48,0,0,40,0,0,0,71.6,2,0,0,0,GA SOUTHRN,6,0,0,0,31,5,5.9,57.7,20,78.2,0,174,81,15,0,0,109.7,38,1,2,58.9,23,0,4
147130,Davion Rhodes,ED,0,0,,0,0,,GA SOUTHRN,3,D91,1,1,0,25,1,2027,52,74.5,0,0,,0,0,0,21,0,0,64.9,0,0,0,0,GA SOUTHRN,2,0,0,0,,0,0,62.6,,76.9,0,174,53,0,13,0,0,28,0,0,57,0,0,18
147144,Terrence Williams,LB,2,0,,0,1,100,LA LAFAYET,7,D06,23,19,0,3,1,2026,15,67.7,43,2,45.9,0,0,13,0,0,0,62.1,0,0,0,0,LA LAFAYET,2,0,0,0,28,4,12.5,54.8,21.5,78.7,0,207,38,39,0,0,118.8,22,0,0,67.6,0,0,15
147161,Jalen Clark,S,0,0,,0,0,,LA LAFAYET,2,D02,41,16,0,3,1,2026,1,82.8,0,0,65.8,1,0,19,0,0,0,73.9,0,0,0,0,LA LAFAYET,1,0,1,0,,6,0,69.5,,74.9,0,207,42,0,0,0,0,20,0,3,55.6,19,0,1
147164,Cameron Whitfield,ED,1,0,,0,0,100,LA LAFAYET,1,D09,0,0,0,13,1,2026,31,73,10,1,49.9,1,0,3,1,0,0,59.6,0,0,0,0,LA LAFAYET,0,0,1,0,10,0,0,58.2,10,76.9,0,207,31,5,0,0,108.3,15,0,0,65.6,0,0,30
147166,Jake St. Andre,LB,1,0,,0,2,100,LA LAFAYET,2,D44,40,35,0,4,1,2027,4,29.2,3,1,62.3,0,0,17,0,0,0,69.4,0,0,0,0,LA LAFAYET,2,0,0,0,3,5,33.3,66.7,3,75.9,0,207,44,6,0,0,79.2,23,0,2,56.7,0,0,4
147169,Justin Agu,CB,1,0,,0,0,0,LOUISVILLE,0,D13,13,0,0,0,1,2027,0,,0,0,53.6,0,0,12,0,0,0,60,13,0,0,0,LOUISVILLE,0,0,0,0,,0,,53.5,,71.8,0,210,13,0,0,0,39.6,1,0,0,,0,0,0
147217,Dalton Hughes,LB,0,0,,0,1,,S ALABAMA,4,D10,19,18,0,2,1,2027,0,66.8,0,0,67.5,1,0,7,0,0,0,63,0,0,0,0,S ALABAMA,0,0,1,0,,1,14.3,71.6,,73,0,288,19,0,0,0,0,10,0,2,68.5,0,0,0
147218,Ed Smith IV,DI,0,0,,0,1,,S ALABAMA,1,D45,0,0,0,20,1,2027,32,70.8,0,0,,1,0,0,7,1,0,64.4,0,0,0,0,S ALABAMA,1,0,1,0,,0,50,65.3,,74.6,0,288,32,0,24,0,0,12,0,0,62.4,0,0,0
147271,Jordan Stringer,LB,1,0,,0,1,100,TROY,8,D07,56,48,0,1,1,2026,0,71.9,16,1,60.7,0,0,26,0,0,0,62.6,0,1,0,0,TROY,3,0,1,0,16,6,11.1,62.3,16,74.6,0,318,56,11,0,0,118.8,29,0,0,60,2,0,0
147274,Julian Peterson,DI,0,0,,0,0,,TROY,2,D99,0,0,1,9,1,2026,24,74,0,0,,0,0,0,6,2,0,63.3,0,0,0,1,TROY,2,0,1,0,,0,0,69.3,,74.2,0,318,24,0,15,0,0,15,0,0,71.3,0,0,1
147285,Tylon Dunlap,DI,0,0,,0,0,,KENNESAW,1,D05,0,0,0,9,1,2026,15,70.8,0,0,,0,0,0,2,0,0,55.5,0,0,0,0,KENNESAW,1,0,0,0,,0,0,58.3,,72.2,0,200,15,0,13,0,0,6,0,0,62.8,0,0,0
147291,Fuches Lewis II,DI,0,0,,0,1,,GA STATE,4,D56,0,0,0,12,1,2026,42,34.7,0,0,,0,0,0,2,26,0,65.9,0,0,0,0,GA STATE,2,0,0,0,,0,20,67.2,,76.9,0,175,42,0,14,0,0,30,0,0,63.7,0,0,0
147394,Malcolm Bell,CB,2,0,,0,1,0,MICH STATE,3,D14,66,10,0,2,1,2026,1,52.2,0,0,65.7,1,0,21,0,0,0,52.9,45,0,2,0,MICH STATE,1,0,1,0,,11,25,58.1,,0,0,223,67,0,0,0,39.6,44,1,0,59.3,0,0,1
147399,Alfred Chea,LB,0,0,,0,2,,BALL ST,7,D00,43,39,0,0,1,2026,0,58.5,0,0,56.9,0,0,8,0,0,0,60.8,0,0,0,0,BALL ST,5,0,0,0,,4,22.2,59.4,,74.3,0,117,43,0,0,0,0,35,0,0,,0,0,0
147407,Langston Hardy,ED,2,0,,0,1,100,WAKE,5,D11,0,0,0,30,1,2027,51,80.4,15,2,63.4,2,0,6,0,0,0,74.5,0,1,0,0,WAKE,5,0,3,0,12,0,12.5,73,7.5,80.5,0,339,51,19,0,0,97.9,15,1,2,64.9,0,0,51
147436,Louce Julien,ED,0,0,,0,0,,TOLEDO,2,D09,0,0,0,23,1,2026,57,76,0,0,65.1,0,0,1,1,0,0,44.2,0,0,1,0,TOLEDO,1,0,0,0,,0,0,48.7,,0,0,316,57,0,1,0,0,33,1,1,59.1,0,0,55
147440,Aquan Robinson,ED,0,0,,0,0,,UMASS,2,D08,0,0,0,7,1,2026,29,76.5,0,0,,0,0,0,18,0,0,56.3,0,1,1,0,UMASS,1,0,1,0,,0,0,50.2,,0,0,216,29,0,0,0,0,22,1,2,57.8,0,0,11
147503,Talan Alfrey,S,1,0,,0,0,100,BYU,1,D25,13,9,0,0,1,2026,0,76.8,24,1,45.4,0,0,5,0,0,0,64.5,0,0,0,0,BYU,0,0,0,0,24,3,0,51.7,24,69.1,0,128,13,7,0,0,118.8,8,0,1,,1,0,0
147531,Joshua Singh,DI,0,0,,0,0,,VANDERBILT,4,D99,0,0,0,18,1,2026,46,75.3,0,0,,0,0,0,3,10,0,78,0,0,0,0,VANDERBILT,3,0,0,0,,0,0,74.2,,76.4,0,333,46,0,32,0,0,28,1,1,56,0,0,1
147534,Tanner Wall,S,2,0,2026,0,0,50,BYU,9,D28,70,5,0,0,1,2026,0,87.7,15,1,64.6,0,0,43,0,0,0,64.7,0,0,0,0,BYU,0,0,0,0,15,0,0,65.4,15,77.9,0,128,70,1,0,0,75,27,0,0,,65,0,0
147540,Chris Boti,DI,0,0,,0,0,,ARK STATE,0,D17,0,0,0,15,1,2026,26,,0,0,,1,0,0,9,0,0,57.5,0,1,0,0,ARK STATE,0,0,2,0,,0,,59.3,,73.7,0,113,26,0,17,0,0,11,0,0,61,0,0,0
147813,Deshawn Lynch,ED,0,0,,0,0,,WASHINGTON,0,D41,0,0,0,12,1,2026,26,72.2,0,0,60,0,0,1,0,0,0,43.6,0,0,0,0,WASHINGTON,0,0,0,0,,0,0,45.1,,77.5,0,340,26,0,0,0,0,13,0,1,54.8,0,0,26
147839,Dylan Flowers,CB,3,0,,0,1,100,W KENTUCKY,2,D10,11,2,0,0,1,2027,0,35.8,51,3,52.3,0,0,8,0,0,0,48.2,9,0,0,0,W KENTUCKY,1,0,0,0,41,0,33.3,45.4,17,70.6,0,346,11,17,0,0,158.3,3,0,0,,0,1,0
147861,Jack Kelly,LB,6,0,2026,0,4,100,BYU,6,D17,57,53,0,5,1,2026,9,33.1,56,6,46.4,1,0,34,0,0,0,51.7,1,0,0,0,BYU,3,0,1,0,14,3,40,45.8,9.3,76.3,0,128,66,42,0,0,105.6,27,0,0,53.3,0,0,9
147970,Garland Benyard,LB,4,0,,0,0,75,KENNESAW,4,D07,31,24,0,1,1,2026,0,80.3,28,3,43.5,0,0,15,0,0,0,84,0,0,0,0,KENNESAW,2,0,0,0,13,7,0,60.8,9.3,73.4,0,200,31,17,0,0,93.8,15,0,1,60,0,0,0
147984,Adam Watkins,DI,0,0,,0,1,,KENNESAW,1,D97,0,0,0,23,1,2026,42,43.8,0,0,,0,0,0,0,13,0,79.1,0,0,0,0,KENNESAW,1,0,0,0,,0,25,75.1,,76.3,0,200,42,0,29,0,0,19,1,2,59.7,0,0,0
148092,Maddix Blackwell,S,2,0,,0,0,50,C MICHIGAN,1,D17,36,15,0,0,1,2026,0,81,4,1,70.8,0,0,25,0,0,0,71.3,0,0,1,0,C MICHIGAN,0,0,0,0,4,7,0,68.6,4,0,0,134,36,0,0,0,56.3,11,0,2,,14,0,0
148119,Lemondre Joe,CB,8,0,,1,1,100,COLO STATE,4,D07,56,9,0,1,1,2026,2,60.6,80,8,59.2,1,0,26,0,0,0,59.9,43,0,1,0,COLO STATE,1,1,1,0,22,4,14.3,55.6,10,0,0,144,58,30,0,0,147.9,31,0,2,58.2,0,2,2
148122,Caleb Dietlin,ED,0,0,,0,0,,MO STATE,1,D43,0,0,0,6,1,2026,8,71.1,0,0,,0,0,0,0,0,0,61,0,1,0,0,MO STATE,0,0,1,0,,0,0,64.7,,72.4,0,230,8,0,0,0,0,2,0,0,62.7,0,0,8
148124,Sterling Smithson,DI,0,0,,0,0,,MO STATE,0,D90,0,0,0,9,1,2026,22,,0,0,,0,0,0,0,1,0,59.2,0,0,0,0,MO STATE,0,0,0,0,,0,,57.8,,74.1,0,230,22,0,21,0,0,13,0,0,56.2,0,0,0
148168,Enock Sibomana,LB,1,0,,0,1,100,WYOMING,1,D21,30,30,0,3,1,2026,0,26.5,10,1,57.2,2,0,21,0,0,0,59.5,0,0,0,0,WYOMING,0,0,2,0,10,0,50,54.1,10,74.6,0,351,30,14,0,0,108.3,6,0,0,51,0,0,0
148174,Kody Huisman,DI,0,0,2026,0,0,,VA TECH,2,D98,0,0,0,25,1,2026,39,73.9,0,0,,2,0,0,6,3,0,79.6,0,0,0,0,VA TECH,2,0,2,0,,0,0,79.6,,75.9,0,337,39,0,29,0,0,14,0,1,68.1,0,0,1
148211,Shahid Barros,CB,0,0,,0,0,,IOWA,0,D05,12,1,0,0,1,2026,1,,0,0,61.7,0,0,3,0,0,0,62,11,0,0,0,IOWA,0,0,0,0,,0,,63.3,,72.2,0,192,13,0,0,0,0,10,0,0,,0,0,1
148219,Earl Miller Jr.,DI,0,0,,0,0,,FAU,1,D13,0,0,0,4,1,2027,17,69.7,0,0,,0,0,0,0,13,0,58.3,0,0,0,0,FAU,1,0,0,0,,0,0,61.8,,74.4,0,165,17,0,4,0,0,13,0,0,66.3,0,0,0
148240,Matthew Durrance,S,0,0,,0,0,,WASH STATE,1,D23,16,7,0,0,1,2026,0,75.3,0,0,64.9,0,0,13,0,0,0,59.7,0,0,0,0,WASH STATE,0,0,0,0,,1,0,62,,72.6,0,341,16,0,0,0,0,3,0,0,,8,0,0
148243,Tucker Large,S,10,0,2026,0,0,70,WASH STATE,12,D01,62,22,0,0,1,2026,0,88.1,55,7,67.5,0,0,44,0,0,0,76.5,0,0,0,0,WASH STATE,6,0,0,0,24,19,0,71,7.9,77.9,0,341,62,17,0,0,116.7,18,1,2,,21,1,0
148341,Caleb Curtain,S,3,0,,0,2,100,CHARLOTTE,3,D01,36,9,0,0,1,2026,0,38.3,76,3,54.6,0,0,21,0,0,0,38.2,0,0,0,0,CHARLOTTE,0,0,0,0,70,7,33.3,47.4,25.3,74.4,0,136,36,79,0,0,158.3,15,0,1,,19,1,0
148468,Mason Woods,LB,3,0,,0,2,66.7,KENT STATE,5,D00,68,65,0,6,1,2026,1,61.1,6,2,61.5,3,0,25,0,0,0,50.5,0,0,0,0,KENT STATE,4,0,3,0,7,3,16.7,55.2,3,76.6,0,201,69,14,0,0,70.1,38,1,5,61.7,0,0,1
148670,Mike Bumpus,DI,0,0,,0,0,,BOSTON COL,0,D99,0,0,0,2,1,2026,6,,0,0,,0,0,0,4,0,0,53.3,0,0,0,0,BOSTON COL,0,0,0,0,,0,,40.4,,68.5,0,121,6,0,2,0,0,4,0,0,59.3,0,0,0
148735,Hayden McDonald,S,1,0,,0,0,100,NEVADA,2,D22,40,12,0,0,1,2026,0,79.9,11,1,59.7,0,0,22,0,0,0,67.2,1,0,0,0,NEVADA,0,0,0,0,11,5,0,62.8,11,75.7,0,239,40,5,0,0,112.5,18,0,1,,22,0,0
148771,Malin White,ED,1,0,,0,2,100,BUFFALO,8,D12,1,1,0,31,1,2026,69,47.3,9,1,50,1,0,6,3,0,0,65.1,0,1,0,0,BUFFALO,8,0,2,0,9,0,18.2,67.9,9,81.8,0,126,70,4,0,0,104.2,33,3,1,72.6,0,0,66
148774,Connor Henderson,LB,0,0,,0,0,,BUFFALO,0,D33,1,0,0,0,1,2026,0,,0,0,,0,0,0,0,0,0,60,0,0,0,0,BUFFALO,0,0,0,0,,0,,60,,60,0,126,1,0,0,0,0,1,0,0,,0,0,0
148785,Amon Williams,DI,0,0,,0,1,,KENT STATE,0,D94,0,0,0,4,1,2026,25,27.8,0,0,,0,0,0,0,14,0,47.6,0,0,0,0,KENT STATE,0,0,0,0,,0,50,47.9,,75.4,0,201,25,0,11,0,0,21,0,1,59.6,0,0,0
148849,Braden Mullen,ED,0,0,,0,0,,CHARLOTTE,2,D44,0,0,0,26,1,2026,36,73.9,0,0,,0,0,0,4,0,0,73.5,0,0,0,0,CHARLOTTE,2,0,0,0,,0,0,69.1,,77.1,0,136,36,0,0,0,0,10,0,0,60.4,0,0,32
148853,Zachary Farris,S,2,0,,0,0,100,UMASS,6,D29,32,26,0,2,1,2026,2,82.7,6,2,73.6,0,0,6,0,0,1,76.4,0,0,0,0,UMASS,4,0,0,0,4,6,0,79.4,3,70.7,0,216,34,6,0,0,79.2,26,1,0,57.7,0,0,2
148854,Jordan Washington,CB,2,0,2026,0,0,100,STANFORD,2,D10,18,2,0,0,1,2026,0,77,20,2,53.7,0,0,10,0,0,0,60.5,16,0,0,0,STANFORD,0,0,0,0,11,0,0,54.4,10,72.7,0,300,18,8,0,0,108.3,8,0,0,,0,0,0
148904,Mitchell Gonser,LB,0,0,,0,0,,BUFFALO,0,D39,10,9,0,2,1,2026,0,73.1,0,0,61.2,1,0,2,0,0,0,70,0,0,0,0,BUFFALO,0,0,1,0,,1,0,69.1,,70.1,0,126,10,0,0,0,0,6,0,1,56.9,0,0,0
148908,Gavin Shipman,CB,5,0,,0,4,60,CHARLOTTE,1,D04,43,0,0,1,1,2026,0,21.4,49,3,47.6,1,0,26,0,0,0,45.8,43,0,0,0,CHARLOTTE,0,0,1,0,20,0,80,46.5,16.3,76,0,136,43,13,0,0,92.9,16,0,0,64.3,0,0,0
149289,Marquis Cooper,CB,4,0,,0,1,75,BUFFALO,3,D01,50,1,0,2,1,2027,5,59.2,60,3,59.1,0,0,24,0,0,0,49.6,49,0,1,0,BUFFALO,0,0,0,0,46,0,25,58.4,20,78.4,0,126,55,17,0,0,116.7,29,0,0,71,0,0,5
149428,Jake Jarmolowich,S,0,0,,0,1,,COLO STATE,3,D13,50,30,0,1,1,2026,3,64,0,0,54.7,0,0,23,0,0,0,48.3,0,0,0,0,COLO STATE,0,0,0,0,,15,20,51.5,,77.9,0,144,53,0,0,0,0,29,0,1,59.9,5,0,3
149576,Finn Claypool,ED,0,0,,0,1,,FRESNO ST,3,D19,0,0,0,14,1,2026,41,55.6,0,0,60,3,0,1,0,0,0,55,0,1,0,0,FRESNO ST,3,0,4,0,,0,25,60.5,,78,0,169,41,0,0,0,0,26,2,0,67.4,0,0,41
149815,IBK Mafe,ED,0,0,,0,0,,S ALABAMA,0,D27,0,0,0,4,1,2026,9,72.2,0,0,,0,0,0,0,0,0,67,0,0,0,0,S ALABAMA,0,0,0,0,,0,0,66.7,,73.8,0,288,9,0,0,0,0,5,0,1,57.9,0,0,9
149883,Mustafi Al-Garawi,DI,0,0,,0,0,,W MICHIGAN,0,D00,1,1,0,22,1,2026,38,70.2,0,0,,0,0,0,1,3,0,61.3,0,0,0,0,W MICHIGAN,0,0,0,0,,0,0,68.9,,75.5,0,347,39,0,34,0,0,17,0,1,72.3,0,0,0
149959,Jamall Thompson Jr.,ED,0,0,,0,0,,NEW MEX ST,2,D06,8,8,1,30,1,2026,58,78.5,0,0,65.8,0,0,13,2,0,1,61.5,0,0,0,0,NEW MEX ST,2,0,1,0,,0,0,65.3,,80.9,0,242,66,0,0,1,0,23,0,2,62.1,0,0,56
149961,Kobe Stewart,ED,1,0,,0,1,100,BUFFALO,4,D00,0,0,0,31,1,2026,69,58.7,20,1,51.8,1,0,3,13,0,1,68.4,0,0,0,0,BUFFALO,3,0,1,0,20,0,16.7,64.1,20,79.1,0,126,69,5,2,0,118.8,35,0,1,61.2,0,0,54
150178,Jake Golday,LB,3,0,2026,0,1,66.7,CINCINNATI,1,D11,55,31,1,8,1,2026,10,63.5,21,2,59.7,0,0,27,0,0,0,68.1,0,0,0,0,CINCINNATI,1,0,1,0,15,24,16.7,66.9,10.5,78.1,0,138,65,1,0,1,126.4,30,0,4,74.8,0,1,10
150294,David Fisher,CB,7,0,,0,0,57.1,N TEXAS,2,D01,51,2,0,0,1,2026,1,78.4,59,4,65.6,0,0,31,0,0,0,63,48,0,0,0,N TEXAS,1,0,0,0,32,1,0,66,14.8,77,0,251,52,20,0,2,84.8,21,0,0,,0,0,1
150315,Derek Carter Jr.,S,7,0,,0,2,57.1,W VIRGINIA,5,D13,67,19,0,0,1,2026,0,48.2,42,4,60.9,0,0,38,0,0,0,67.8,1,0,0,0,W VIRGINIA,0,0,0,0,16,21,25,63.2,10.5,78.2,0,343,67,14,0,2,74.7,29,0,1,,26,0,0
150570,Avarion Cole,S,0,0,,0,1,,W KENTUCKY,0,D16,17,7,0,0,1,2026,0,25.9,0,0,65.4,0,0,13,0,0,0,55.4,0,0,0,0,W KENTUCKY,0,0,0,0,,1,100,60.7,,71.3,0,346,17,0,0,0,0,4,0,0,,9,0,0
150691,Wrook Brown,CB,2,0,,0,0,100,HOUSTON,2,D24,51,2,0,8,1,2026,0,77.8,13,2,65.1,1,0,33,0,0,0,66.4,0,0,0,0,HOUSTON,1,0,1,0,11,49,0,65.7,6.5,78.5,0,182,51,6,0,0,93.8,10,0,1,58.2,0,0,0
150695,Andrew Johnson,S,0,0,,0,0,,WYOMING,1,D03,36,17,0,0,1,2026,0,73.1,0,0,66.9,0,0,24,0,0,0,62.1,0,0,0,0,WYOMING,0,0,0,0,,9,0,66.9,,74.1,0,351,36,0,0,0,0,12,0,0,,10,0,0
150703,Kolbey Taylor,CB,4,0,,0,2,25,VANDERBILT,2,D03,60,6,0,0,1,2026,0,26.7,2,1,74.3,0,0,35,0,0,0,38.6,54,0,1,0,VANDERBILT,1,0,0,0,2,0,50,67.5,2,76.2,0,333,60,0,0,0,39.6,25,0,0,,0,0,0
150707,Tyce Westland,ED,0,0,,0,0,,WYOMING,1,D40,1,1,0,23,1,2026,39,76.7,0,0,62.9,3,0,4,8,0,0,72.3,0,0,0,0,WYOMING,1,0,3,0,,0,0,69.2,,77.5,0,351,40,0,0,0,0,13,0,1,60.4,0,0,31
150853,Eddie Walls III,ED,0,0,2026,0,0,,HOUSTON,2,D90,1,1,3,54,1,2026,69,78,0,0,60.4,2,0,2,19,0,0,73.6,0,3,0,1,HOUSTON,4,0,8,0,,0,0,82.1,,79.2,0,182,70,0,7,0,0,14,0,0,78,0,0,43
150856,Jayden Loving,DI,0,0,2026,0,0,,WAKE,3,D08,0,0,0,21,1,2026,36,73.6,0,0,65.9,3,0,0,5,15,1,74.5,0,0,0,0,WAKE,2,0,3,0,,0,0,75.8,,75.9,0,339,36,0,16,0,0,15,1,0,61.7,0,0,0
150871,Johnny Chaney Jr.,LB,2,0,,0,2,50,FIU,9,D00,57,48,0,0,1,2026,3,69,76,1,54.7,0,0,18,0,0,0,60.8,0,0,0,0,FIU,3,0,0,0,76,9,11.8,58.1,76,75.2,0,166,60,73,0,0,135.4,42,0,6,,0,1,3
150904,Jaden Hardy,DI,0,0,,0,0,,W KENTUCKY,1,D98,0,0,0,20,1,2026,37,72.4,0,0,60,0,0,0,1,26,0,68.2,0,0,0,0,W KENTUCKY,1,0,0,0,,0,0,65,,76.8,0,346,37,0,10,0,0,17,0,1,56,0,0,0
150923,Jeremiah Brown,LB,1,0,,0,0,0,COLORADO,7,D42,58,54,1,8,1,2026,10,82.7,0,0,55,0,0,19,0,0,0,61.5,1,0,0,0,COLORADO,6,0,1,0,,2,0,60.6,,76.6,0,143,68,0,0,0,39.6,41,1,1,67,0,0,10
150929,Baron Hopson,LB,4,0,,0,1,50,KENNESAW,8,D44,60,53,0,6,1,2027,0,67.1,25,2,68.8,1,0,23,0,0,0,58.9,0,0,1,0,KENNESAW,3,0,1,0,18,7,10,63.5,12.5,0,0,200,60,4,0,1,69.8,31,0,1,68.9,0,0,0
150931,CJ Nunnally IV,ED,1,0,2026,1,1,100,PURDUE,6,D91,0,0,1,22,1,2026,60,64.8,9,1,51.1,4,0,4,4,0,0,73.1,0,1,0,0,PURDUE,7,0,6,0,9,0,14.3,74.8,9,79.7,0,273,60,12,0,0,104.2,34,0,0,79.4,0,0,56
150996,Gentle Hunt,DI,0,0,,0,0,,ILLINOIS,0,D92,0,0,0,10,1,2026,14,,0,0,,0,0,0,1,12,0,65.3,0,0,0,0,ILLINOIS,0,0,0,0,,0,,63.1,,74.5,0,187,14,0,1,0,0,4,0,0,56.7,0,0,0
151079,Mike Diatta,DI,0,0,,0,0,,OKLA STATE,1,D81,0,0,0,18,1,2027,32,73.4,0,0,60,1,0,0,0,17,0,58.9,0,0,0,0,OKLA STATE,1,0,1,0,,0,0,60.7,,75.8,0,262,32,0,15,0,0,14,0,2,60.5,0,0,0
151086,James Jackson,LB,3,0,,0,1,100,VIRGINIA,2,D01,55,43,0,7,1,2026,0,64.9,9,3,71.6,1,0,22,0,0,0,65.7,0,1,0,0,VIRGINIA,2,0,2,0,4,12,16.7,71.2,3,76,0,335,55,7,0,0,79.2,26,0,3,60.6,0,0,0
151091,Langston Long,LB,1,0,,0,1,0,TOLEDO,1,D20,34,34,0,0,1,2028,3,34.2,0,0,63.2,0,0,12,0,0,0,69.1,0,0,0,0,TOLEDO,1,0,0,0,,0,33.3,69.3,,75.1,0,316,37,0,0,0,39.6,25,0,1,,0,0,3
151095,Jacob Rodriguez,LB,3,0,2026,1,3,100,TEXAS TECH,7,D10,36,33,0,1,1,2026,1,50,15,3,65.4,0,0,19,0,0,1,93,0,0,0,0,TEXAS TECH,5,0,0,1,7,2,25,86.6,5,76,0,315,37,18,0,0,87.5,17,1,2,60,0,0,1
151101,West Weeks,LB,0,0,2026,0,1,,LSU,3,D33,54,54,0,1,1,2026,0,58.4,0,0,57.8,0,0,19,0,0,0,49.1,0,0,0,0,LSU,3,0,0,0,,0,14.3,51.2,,74.4,0,211,54,0,0,0,0,34,1,3,60,0,0,0
151116,Devin Aupiu,ED,0,0,,0,0,,UCLA,1,D44,0,0,0,12,1,2026,36,71.1,0,0,,1,0,0,5,0,0,45.8,0,0,0,0,UCLA,1,0,1,0,,0,0,45.6,,77.8,0,324,36,0,0,0,0,24,0,0,53.4,0,0,31
151143,Alvin Gulley Jr.,DI,0,0,,0,0,,N ILLINOIS,1,D00,0,0,0,6,1,2026,11,69.7,0,0,,0,0,0,0,0,0,67.1,0,0,1,0,N ILLINOIS,0,0,0,0,,0,0,53.2,,0,0,254,11,0,10,0,0,5,0,0,57.5,0,0,1
151151,Tamatoa McDonough,ED,0,0,,1,1,,IOWA STATE,2,D58,0,0,0,35,1,2026,53,41.6,0,0,60,1,0,0,11,0,0,73.9,0,0,0,0,IOWA STATE,2,0,1,0,,0,33.3,68.4,,78,0,193,53,0,5,0,0,18,0,0,63.4,0,0,37
153213,Chris Crouch,S,0,0,,0,0,,GA SOUTHRN,0,D26,7,5,0,0,1,2026,0,76.2,0,0,64.3,0,0,4,0,0,0,56.3,0,0,0,0,GA SOUTHRN,0,0,0,0,,0,0,58.6,,68.3,0,174,7,0,0,0,0,3,0,1,,2,0,0
154018,Naejaun Barber,DI,0,0,,0,1,,FAU,1,D09,0,0,0,3,1,2026,22,29.1,0,0,,0,0,0,13,3,0,64.7,0,0,0,0,FAU,1,0,0,0,,0,50,64.9,,73,0,165,22,0,6,0,0,19,0,0,59.1,0,0,0
154315,Jamere Jones,S,3,0,,0,2,100,TEMPLE,1,D39,65,21,0,2,1,2026,7,25.6,7,3,56.9,0,0,35,0,0,0,57.6,0,0,1,0,TEMPLE,1,0,0,0,4,31,66.7,56.9,2.3,79.3,0,306,72,10,0,0,79.2,35,0,0,58.2,13,0,7
154474,Gavin Ransaw,DI,0,0,,0,1,,ARK STATE,1,D93,0,0,0,11,1,2026,22,35.5,0,0,60,0,0,0,0,9,0,56.6,0,0,0,0,ARK STATE,1,0,0,0,,0,33.3,56.9,,74.3,0,113,22,0,13,0,0,11,0,1,57.3,0,0,0
154594,Pooda Walker,DI,0,0,,0,0,,MEMPHIS,0,D99,0,0,0,3,1,2026,4,,0,0,,0,0,0,0,4,0,60,0,0,0,0,MEMPHIS,0,0,0,0,,0,,59.4,,69.8,0,218,4,0,0,0,0,1,0,0,58.3,0,0,0
154599,Ben Finneseth,S,0,0,,0,1,,COLORADO,4,D28,48,7,0,0,1,2027,0,57.9,0,0,68,0,0,20,0,0,0,49.6,0,0,0,0,COLORADO,0,0,0,0,,1,20,61,,77.3,0,143,48,0,0,0,0,28,0,0,,39,0,0
154696,Al-Ma'hi Ali,S,0,0,,0,2,,W KENTUCKY,1,D02,14,10,0,0,1,2026,0,23.8,0,0,49.9,0,0,13,0,0,0,60,0,0,0,0,W KENTUCKY,1,0,0,0,,0,66.7,50.6,,70.9,0,346,14,0,0,0,0,1,0,0,,4,0,0
154699,Tim Grant-Randall,DI,0,0,,0,0,,UMASS,2,D11,0,0,0,11,1,2026,53,72.4,0,0,,1,0,0,0,14,0,58,0,1,0,0,UMASS,1,0,2,0,,0,0,60.7,,77.3,0,216,53,0,39,0,0,42,0,0,66.8,0,0,0
155252,Jakari Foster,S,2,0,,0,0,100,LA TECH,5,D06,69,22,0,1,1,2026,0,87.7,10,2,71.5,0,0,38,0,0,0,80,2,0,0,0,LA TECH,3,0,0,0,7,11,0,76.1,5,77.6,0,208,69,12,0,0,87.5,30,0,6,59.8,34,0,0
155288,Tristan Marois,ED,0,0,,0,1,,COLORADO,1,D59,1,0,0,2,1,2026,8,24.4,0,0,,0,0,0,0,0,0,50.2,0,0,0,0,COLORADO,1,0,0,0,,0,50,48,,71.6,0,143,9,0,0,0,0,7,0,0,60,0,0,8
155566,Blake Boenisch,DI,0,0,,0,1,,RICE,3,D75,0,0,0,41,1,2026,54,53.6,0,0,,0,0,0,1,20,0,57.7,0,0,0,0,RICE,2,0,0,0,,0,16.7,57.5,,77.1,0,275,54,0,33,0,0,13,0,2,57.5,0,0,0
155656,Elin Jones,ED,0,0,,0,0,,W KENTUCKY,1,D50,1,0,0,22,1,2027,29,70.8,0,0,60,0,0,0,12,0,0,63.4,0,0,0,0,W KENTUCKY,1,0,0,0,,0,0,59.7,,74.9,0,346,30,0,9,0,0,8,0,0,55.9,0,0,8
155756,Ty Davis,LB,0,0,,0,1,,TEMPLE,1,D10,6,4,0,1,1,2026,2,26.6,0,0,60.9,0,0,2,0,0,0,55.9,0,0,0,0,TEMPLE,1,0,0,0,,2,50,57.4,,70.7,0,306,8,0,0,0,0,5,0,0,60,0,0,2
155787,Jalen McClendon,CB,3,0,,0,2,66.7,BOWL GREEN,1,D08,51,5,0,0,1,2026,0,26.3,11,2,68.3,0,0,27,0,0,0,44.1,41,0,0,0,BOWL GREEN,0,0,0,0,6,1,66.7,62.8,5.5,76.1,0,122,51,1,0,0,72.9,24,0,0,,4,0,0
155840,Kyle Taylor,LB,2,0,,0,3,100,ARK STATE,4,D20,52,45,0,1,1,2026,0,39.2,32,2,39.9,0,0,26,0,0,0,80.8,0,0,1,0,ARK STATE,2,0,0,0,22,7,27.3,52.4,16,0,0,113,52,31,0,0,118.8,25,0,4,59.7,0,0,0
155855,Chris Victor,ED,0,0,,0,1,,CAL,1,D16,0,0,0,7,1,2026,25,75.2,0,0,60,1,0,1,0,0,0,67.9,0,1,0,0,CAL,0,0,2,0,,0,33.3,74.2,,77.5,0,130,25,0,1,0,0,17,0,1,73.4,0,0,24
155860,Lucas Banks,DI,0,0,,0,0,,ARK STATE,0,D47,0,0,0,2,1,2026,3,22.1,0,0,,0,0,0,0,2,0,59.9,0,0,1,0,ARK STATE,0,0,0,0,,0,,37.8,,0,0,113,3,0,1,0,0,1,0,0,59.4,0,0,0
155866,Zae Smith,DI,0,0,,0,0,,CAL,0,D99,0,0,0,0,1,2026,3,,0,0,,0,0,0,0,0,0,55.2,0,0,0,0,CAL,0,0,0,0,,0,,51.5,,67.7,0,130,3,0,3,0,0,3,0,0,,0,0,0
155869,Eric O'Neill,ED,0,0,2026,0,1,,RUTGERS,1,D99,0,0,0,15,1,2026,35,41.6,0,0,61.3,1,0,0,5,0,0,60.7,0,1,0,0,RUTGERS,1,0,2,0,,0,33.3,67.9,,76.6,0,278,35,0,0,0,0,20,0,1,62.7,0,0,30
155951,Dru Polidore Jr.,S,3,0,,0,1,66.7,CAL,7,D02,67,13,0,0,1,2026,0,69.7,17,2,58.5,0,0,22,0,0,0,48.6,0,0,0,0,CAL,3,0,0,0,10,10,11.1,54.3,8.5,78.2,0,130,67,0,0,0,120.8,45,0,1,,44,1,0
155978,Parker Robertson,S,0,0,2026,0,1,,OKLA STATE,7,D08,47,29,0,2,1,2026,2,70.3,0,0,67.2,0,0,21,0,0,0,63.3,0,0,0,0,OKLA STATE,5,0,0,0,,8,10,66.5,,74.9,0,262,49,0,0,0,0,26,0,2,59.2,10,0,2
156169,Nadame Tucker,ED,1,0,2026,0,1,0,W MICHIGAN,2,D11,2,2,0,27,1,2026,47,54,0,0,60,3,0,1,0,0,0,81.9,0,0,0,0,W MICHIGAN,2,0,3,0,,0,25,84.5,,80.5,0,347,49,0,0,1,39.6,21,1,1,65.4,0,0,47
156187,London Hall,S,0,0,,0,0,,TEMPLE,1,D34,12,2,0,1,1,2027,3,72.5,0,0,62.2,0,0,6,0,0,0,69,0,0,0,0,TEMPLE,1,0,0,0,,10,0,70.8,,73.9,0,306,15,0,0,0,0,8,0,0,60,0,0,3
156212,Jhalyn Shuler,LB,2,0,,1,0,0,USF,2,D07,63,54,0,19,1,2026,11,78.6,0,0,72.2,2,0,28,0,0,0,67.7,0,0,0,1,USF,0,0,2,0,,9,0,70.6,,76.8,0,327,74,0,0,1,39.6,27,0,2,58.6,0,0,11
156214,Tavin Ward,S,2,0,,0,1,50,USF,5,D02,85,11,0,0,1,2027,0,69.1,5,1,78,0,0,56,0,0,0,55.7,0,0,0,0,USF,1,0,0,0,5,5,11.1,74.1,5,79.5,0,327,85,7,0,1,95.8,29,0,3,,69,1,0
156222,Edwin Kolenge,ED,0,0,,0,0,,BOSTON COL,1,D17,1,1,0,22,1,2027,40,74.1,0,0,,1,0,0,3,0,0,59.5,0,0,0,0,BOSTON COL,1,0,1,0,,0,0,55.4,,79.1,0,121,41,0,0,0,0,19,0,1,52.6,0,0,37
156243,TJ Dottery,LB,2,0,,0,1,100,OLE MISS,5,D06,62,50,0,5,1,2027,5,66.6,27,2,63.3,4,0,40,0,0,0,69.6,0,0,0,0,OLE MISS,3,0,4,0,21,11,14.3,63.9,13.5,77.2,0,226,67,17,0,0,118.8,22,0,1,46.7,1,0,5
156245,Toriano Pride Jr.,CB,5,0,2026,0,0,20,MISSOURI,0,D02,42,4,0,0,1,2026,0,,5,1,77.8,0,0,24,0,0,0,45.7,35,0,0,0,MISSOURI,0,0,0,0,5,3,,72.9,5,75,0,229,42,1,0,0,39.6,18,0,0,,0,0,0
156265,Dante Anderson,ED,0,0,,0,0,,FIU,0,D13,0,0,0,0,1,2027,6,73,0,0,,0,0,0,0,0,0,60,0,0,0,0,FIU,0,0,0,0,,0,0,60.3,,71.8,0,166,6,0,0,0,0,6,0,1,,0,0,6
156268,Bishop Thomas,DI,0,0,,0,0,,GA STATE,2,D16,0,0,1,13,1,2027,30,76.6,0,0,,0,0,0,13,6,0,70.6,0,0,0,0,GA STATE,3,0,1,0,,0,0,70.6,,74.4,0,175,30,0,11,0,0,17,0,2,62.1,0,0,0
156278,Samuel McCall,CB,2,0,,0,0,50,GA STATE,2,D12,55,5,0,2,1,2027,0,77,10,1,63.6,0,0,18,0,0,0,64.7,49,0,0,0,GA STATE,0,0,0,0,10,1,0,64.4,10,75.8,0,175,55,0,0,0,64.6,35,0,0,58.7,0,0,0
156300,Rodney Shelley,CB,3,0,2026,0,0,33.3,GA TECH,3,D06,37,3,0,0,1,2026,0,79.1,41,1,62.1,0,0,26,0,0,0,74.3,32,0,0,0,GA TECH,0,0,0,0,41,2,0,65.8,41,75.1,0,176,37,2,0,1,81.9,11,0,1,,0,0,0
156302,K.J. Miles,DI,0,0,,0,0,,TEMPLE,0,D56,0,0,0,14,1,2027,28,,0,0,,1,0,0,1,10,0,66.4,0,0,0,0,TEMPLE,0,0,1,0,,0,,62.8,,76,0,306,28,0,15,0,0,14,0,0,54.6,0,0,2
156305,Clayton Powell-Lee,S,1,0,,0,1,100,GA TECH,5,D05,41,7,0,1,1,2026,2,59.9,4,1,63,0,0,22,0,0,0,64.5,0,0,0,0,GA TECH,2,0,0,0,4,4,16.7,64.1,4,76.8,0,176,43,0,0,0,83.3,20,0,0,60,30,0,2
156306,Kyle Efford,LB,1,0,,0,1,100,GA TECH,6,D44,40,34,1,2,1,2027,1,70.8,5,1,63.2,2,0,21,0,0,0,58.1,0,0,0,0,GA TECH,3,0,3,0,5,6,12.5,65.9,5,74.7,0,176,41,1,0,0,87.5,18,0,1,74.5,0,0,1
156312,Tawfiq Thomas,DI,0,0,,0,1,,COLORADO,5,D95,0,0,0,18,1,2027,47,56.4,0,0,,3,0,0,5,0,0,72,0,0,0,0,COLORADO,3,0,3,0,,0,14.3,77.3,,75.7,0,143,47,0,42,0,0,29,1,1,75.6,0,0,0
156315,Rock Caldwell,S,0,0,,0,1,,UTAH,3,D11,20,2,0,0,1,2027,0,51,0,0,58.1,0,0,12,0,0,0,58.4,1,0,0,0,UTAH,1,0,0,0,,4,25,57.8,,73.9,0,328,20,0,0,0,0,8,1,0,,13,0,0
156316,D'Angelo Hutchinson,S,5,0,,0,1,80,LOUISVILLE,8,D21,82,27,0,1,1,2027,1,70.8,22,4,67.8,0,0,53,0,0,0,57.1,0,0,0,0,LOUISVILLE,2,0,0,0,13,29,10,65.3,5.5,78,0,210,83,14,0,1,85,29,1,1,58.9,26,0,1
156327,Antonio Watts,S,7,0,,1,1,42.9,LOUISVILLE,4,D09,62,21,0,8,1,2027,22,55.5,23,3,55.9,0,0,46,0,0,1,77.7,2,0,0,0,LOUISVILLE,2,0,0,0,10,36,16.7,62.2,7.7,81.8,0,210,84,22,0,0,51.5,30,0,1,54.8,3,0,22
156341,Wesley Bissainthe,LB,4,0,2026,0,1,25,MIAMI FL,0,D31,35,33,0,1,1,2026,0,26.9,8,1,68.7,0,1,20,0,0,0,45.5,0,0,0,0,MIAMI FL,0,0,0,0,8,2,50,58.8,8,73.5,0,220,35,5,0,0,0,14,0,1,59.7,0,0,0
156345,Travis Shaw,DI,0,0,2026,0,0,,TEXAS,0,D44,0,0,0,4,1,2026,7,70.1,0,0,,0,0,0,0,1,0,53.1,0,0,0,0,TEXAS,0,0,0,0,,0,0,50.4,,70.5,0,311,7,0,6,0,0,3,0,1,58.6,0,0,0
156346,Sebastian Cheeks,ED,0,0,,0,0,,WISCONSIN,2,D15,0,0,1,9,1,2027,22,77,0,0,60.7,0,0,3,0,0,0,62.8,0,0,0,0,WISCONSIN,2,0,1,0,,0,0,63.8,,77.1,0,349,22,0,0,0,0,10,1,0,61.5,0,0,22
156358,Sean FitzSimmons,DI,0,0,,0,0,,PITTSBURGH,0,D55,0,0,0,17,1,2027,22,,0,0,,0,0,0,5,0,0,39,0,0,0,0,PITTSBURGH,0,0,0,0,,0,,40.3,,72.7,0,268,22,0,17,0,0,5,0,0,54.3,0,0,0
156360,Ryland Gandy,CB,1,0,,0,0,0,INDIANA,1,D10,8,2,0,0,1,2027,0,73.5,0,0,63.5,0,0,4,0,0,0,60,6,0,0,0,INDIANA,0,0,0,0,,0,0,64.1,,69.9,0,190,8,0,0,0,39.6,4,0,0,,0,0,0
156403,Dasan McCullough,ED,0,0,2026,0,0,,NEBRASKA,0,D15,10,8,0,23,1,2026,32,,0,0,48.1,1,0,2,0,0,0,61.7,0,0,1,0,NEBRASKA,0,1,1,0,,2,,41.7,,0,0,238,42,0,0,0,0,17,0,0,50.9,0,0,32
156405,Kaiden Turner,LB,1,0,,0,2,100,INDIANA,0,D14,10,10,0,0,1,2027,0,26.8,5,1,59.5,0,0,5,0,0,0,65,0,0,0,0,INDIANA,0,0,0,0,5,0,66.7,64.7,5,67.5,0,190,10,7,0,0,87.5,5,0,1,,0,0,0
156407,James Monds III,CB,3,0,,0,0,100,E MICHIGAN,3,D21,77,3,0,1,1,2027,0,79.5,70,3,57.8,0,0,36,0,0,0,67.7,68,0,0,0,E MICHIGAN,0,0,0,0,49,6,0,59.6,23.3,77.9,0,160,77,14,0,0,118.8,40,0,1,58.6,0,0,0
156408,Jamari Sharpe,CB,4,0,,0,1,50,INDIANA,2,D22,50,1,0,0,1,2027,0,37.7,17,2,63.4,0,0,33,0,0,0,63,48,0,0,0,INDIANA,0,0,0,0,13,0,33.3,64,8.5,76,0,190,50,6,0,0,61.5,17,0,0,,0,0,0
156409,Isaiah Jones,LB,3,0,,1,0,66.7,INDIANA,5,D46,33,30,0,4,1,2027,6,81.9,19,2,58.5,1,0,23,0,0,0,85.6,0,1,0,0,INDIANA,2,0,2,0,11,2,0,71.5,9.5,73.2,0,190,39,4,0,1,84,12,0,2,63.6,0,0,6
156412,J'mari Monette,DI,0,0,,0,0,,INDIANA,0,D90,0,0,0,3,1,2027,4,,0,0,,0,0,0,0,1,0,60,0,0,0,0,INDIANA,0,0,0,0,,0,,59.3,,70.5,0,190,4,0,3,0,0,1,0,0,58.2,0,0,0
156413,Nick James,DI,0,0,,0,0,,PITTSBURGH,1,D11,0,0,0,22,1,2027,28,70.2,0,0,,3,0,0,0,4,0,69.5,0,0,0,0,PITTSBURGH,1,0,3,0,,0,0,65.1,,74.7,0,268,28,0,24,0,0,6,0,0,57.8,0,0,0
156415,Louis Moore,S,3,0,2026,0,1,66.7,INDIANA,3,D07,45,11,1,1,1,2026,0,64.4,31,2,47.9,0,0,30,0,0,0,59.4,1,0,0,0,INDIANA,1,0,1,0,18,0,16.7,52.6,15.5,75.4,0,190,45,0,0,0,100.7,14,0,2,69.2,33,0,0
156417,Race Stewart,DI,0,0,,0,0,,W MICHIGAN,0,D64,0,0,0,13,1,2026,24,69.7,0,0,,0,0,0,0,2,0,62.9,0,0,0,0,W MICHIGAN,0,0,0,0,,0,0,61.1,,74.2,0,347,24,0,22,0,0,11,0,1,56.9,0,0,0
156431,Xavier Nwankpa,S,4,0,2026,0,0,50,IOWA,5,D01,37,3,0,0,1,2026,0,84.9,16,2,70.9,0,0,27,0,0,0,68.2,0,0,0,0,IOWA,3,0,0,0,8,2,0,72.6,8,76.3,0,192,37,12,0,0,60.4,10,0,1,,32,0,0
156432,Kael Kolarik,S,0,0,,0,0,,IOWA,0,D26,16,3,0,0,1,2027,0,76.4,0,0,62.6,0,0,5,0,0,0,68.6,0,0,0,0,IOWA,0,0,0,0,,1,0,68.3,,72,0,192,16,0,0,0,0,11,0,1,,12,0,0
156434,Landyn Van Kekerix,LB,1,0,,0,0,0,IOWA,1,D23,7,6,0,0,1,2027,0,74.3,0,0,70.6,0,0,5,0,0,0,64.8,0,0,0,0,IOWA,1,0,0,0,,1,0,80.3,,68.5,0,192,7,0,0,0,39.6,2,0,0,,0,0,0
156435,Jayden Montgomery,LB,3,0,,0,1,33.3,IOWA,2,D36,34,33,0,2,1,2027,1,60.6,4,1,54.1,0,0,23,0,0,0,66.7,0,0,0,0,IOWA,1,0,0,0,4,1,20,57.2,4,75.1,0,192,35,4,0,0,42.4,10,0,2,57.1,0,0,1
156437,Koen Entringer,S,0,0,,0,0,,IOWA,2,D04,40,22,0,0,1,2029,0,77.7,0,0,62,0,0,29,0,0,0,65.6,0,0,1,0,IOWA,1,0,0,0,,4,0,59.4,,0,0,192,40,0,0,0,0,11,0,0,,14,0,0
156439,Dominic Wiseman,DI,0,0,,0,2,,S ALABAMA,1,D96,0,0,0,20,1,2028,36,26.5,0,0,,2,0,0,0,4,0,56.7,0,0,0,0,S ALABAMA,0,0,2,0,,0,50,61,,75.4,0,288,36,0,32,0,0,16,0,1,65.3,0,0,0
156440,Will Hubert,DI,0,0,,0,0,,IOWA,0,D57,0,0,0,4,1,2027,5,,0,0,,1,0,0,0,1,0,60,0,0,0,0,IOWA,0,0,1,0,,0,,67.6,,70.4,0,192,5,0,4,0,0,1,0,0,66.8,0,0,0
156441,TJ Hall,CB,3,0,2026,0,0,66.7,IOWA,2,D02,37,0,0,0,1,2026,0,77.9,34,2,75.3,0,1,27,0,0,0,64.9,37,0,0,0,IOWA,0,0,0,0,20,0,0,75.8,17,75.8,0,192,37,7,0,0,65.3,10,0,1,,0,0,0
156442,Deshaun Lee,CB,3,0,,0,1,100,IOWA,3,D08,33,0,0,0,1,2027,0,60.2,6,3,78.8,0,0,25,0,0,0,62.2,32,0,0,0,IOWA,3,0,0,0,4,1,25,78.6,2,75,0,192,33,5,0,0,79.2,8,1,0,,0,0,0
156444,Brian Allen Jr.,ED,0,0,,0,0,,IOWA,0,D90,0,0,0,15,1,2027,19,,0,0,,0,0,0,7,0,0,61.6,0,2,1,0,IOWA,0,0,2,0,,0,,50.7,,0,0,192,19,0,3,0,0,4,0,0,58.2,0,0,9
156445,Aaron Graves,DI,0,0,2026,0,0,,IOWA,0,D95,0,0,2,23,1,2026,30,71.3,0,0,,0,0,0,0,2,0,63.6,0,0,0,0,IOWA,2,0,2,0,,0,,71.8,,74.4,0,192,30,0,28,0,0,7,0,0,70,0,0,0
156452,Jaishawn Barham,ED,1,0,2026,0,0,100,MICHIGAN,0,D01,3,3,0,21,1,2026,38,74.7,4,1,61.1,1,0,3,0,0,0,74.2,0,1,1,0,MICHIGAN,0,0,2,0,4,0,0,70.6,4,80.4,0,222,41,0,0,0,83.3,17,0,2,60.8,0,0,38
156453,Gavin Gibson,S,3,0,,0,0,0,N CAROLINA,2,D05,49,17,0,1,1,2026,5,81.7,0,0,62.7,0,0,35,0,0,0,67.2,0,0,0,0,N CAROLINA,0,0,0,0,,11,0,64.5,,76.5,0,245,54,0,0,0,39.6,18,0,2,59.1,21,0,5
156458,Ernest Hausmann,LB,4,0,,0,0,75,MICHIGAN,6,D15,67,56,0,1,1,2026,1,84,30,3,51.8,0,0,40,0,0,0,75.6,1,0,0,0,MICHIGAN,4,0,0,0,19,10,0,60.3,10,76.5,0,222,68,10,0,0,95.8,27,1,2,59.1,0,0,1
156475,Javier Morton,S,3,0,,0,0,100,TEMPLE,3,D15,41,25,0,1,1,2026,0,81.9,10,3,76.6,0,0,20,0,0,0,71.7,0,0,0,0,TEMPLE,1,0,0,0,9,4,0,77,3.3,74.9,0,306,41,3,0,1,120.1,20,1,1,59.1,12,1,0
156476,Deshon Singleton Jr.,S,3,0,2026,0,1,33.3,NEBRASKA,2,D08,60,28,0,0,1,2026,1,49.2,2,1,62.7,0,0,31,0,0,0,58.5,0,0,0,0,NEBRASKA,2,0,0,0,2,14,25,61.7,2,76.4,0,238,61,5,0,0,42.4,30,0,1,,18,0,1
156511,Timmy Ward,S,0,0,,0,0,,RUTGERS,0,D38,1,1,0,0,1,2026,0,,0,0,60,0,0,1,0,0,0,,0,0,0,0,RUTGERS,0,0,0,0,,0,,60.1,,61.7,0,278,1,0,0,0,0,0,0,0,,0,0,0
156530,Jaylen Wester,LB,4,0,,1,3,75,W KENTUCKY,10,D21,69,65,0,3,1,2027,0,53.1,36,3,65.7,0,0,39,0,0,0,70.8,0,0,0,0,W KENTUCKY,8,0,0,0,21,3,18.8,69.7,12,76.5,0,346,69,26,0,0,102.1,27,1,3,56.8,0,0,0
156555,Hezekiah Masses,CB,3,0,2026,0,2,33.3,CAL,2,D05,78,5,0,0,1,2026,0,26.4,11,1,67,0,0,24,0,0,0,49.9,72,0,0,0,CAL,0,0,0,0,11,0,50,61.9,11,77.4,0,130,78,6,0,0,45.1,54,0,0,,1,0,0
156556,Percy Courtney Jr.,LB,0,0,,0,0,,FIU,6,D11,40,38,0,2,1,2027,3,81.7,0,0,64.3,0,0,9,0,0,0,56.6,0,0,0,0,FIU,4,0,0,0,,2,0,59.2,,76.1,0,166,43,0,0,0,0,32,1,1,57.7,0,0,3
156560,Steven Shannon,ED,0,0,,0,0,,FIU,0,D05,0,0,0,1,1,2027,5,,0,0,,0,0,0,0,0,0,61.5,0,0,0,0,FIU,0,0,0,0,,0,,62.2,,71.7,0,166,5,0,0,0,0,4,0,0,60,0,0,5
156616,Patrick Smith-Young,S,1,0,,0,0,0,N TEXAS,1,D12,52,19,0,1,1,2027,2,29.2,0,0,72.2,0,0,35,0,0,0,58.2,1,0,0,0,N TEXAS,0,0,0,0,,8,0,69.5,,77.7,0,251,54,0,0,2,39.6,18,0,0,59.9,24,0,2
156620,Ethan Wesloski,LB,2,0,,0,2,100,N TEXAS,6,D32,57,55,0,8,1,2027,4,61.6,2,2,75.9,1,0,30,0,0,0,65.4,0,1,0,0,N TEXAS,5,0,2,0,1,2,20,75.3,1,76.6,0,251,61,4,0,0,79.2,23,1,2,64.3,0,0,4
156660,Keyron Crawford,ED,0,0,2026,0,1,,AUBURN,0,D24,7,5,0,10,1,2026,24,74.3,0,0,63.4,1,0,9,0,0,0,50.8,0,0,0,0,AUBURN,0,0,1,0,,2,50,57.8,,77.2,0,115,31,0,0,0,0,12,0,1,61.2,0,0,24
156665,James Reed III,S,0,0,,0,0,,ARK STATE,0,D19,3,2,0,0,1,2027,0,,0,0,,0,0,0,0,0,0,60,0,0,0,0,ARK STATE,0,0,0,0,,1,,60,,66.8,0,113,3,0,0,0,0,3,0,0,,0,0,0
156669,Josiah Robinson,LB,0,0,,0,2,,GA STATE,4,D25,67,66,0,8,1,2027,4,60.2,0,0,46.1,0,0,21,0,0,0,65.4,0,0,0,0,GA STATE,4,0,0,0,,1,18.2,56.5,,75.5,0,175,71,0,0,0,0,42,0,5,58.5,0,0,4
156676,Matthew McDoom,CB,2,0,2026,0,1,100,CINCINNATI,1,D00,56,3,0,0,1,2026,0,42.6,13,2,58.4,0,0,32,0,0,0,64.7,53,0,2,0,CINCINNATI,1,1,0,0,9,0,50,59.7,6.5,76.5,0,138,56,8,0,0,133.3,24,0,0,,0,1,0
156682,Kyrie Samuel,DI,0,0,,0,0,,FIU,1,D91,0,0,0,3,1,2027,7,70.2,0,0,,0,0,0,0,1,0,63.4,0,0,0,0,FIU,1,0,0,0,,0,0,64,,71.1,0,166,7,0,6,0,0,4,0,0,59.3,0,0,0
156697,D-Icey Hopkins,S,4,0,,0,0,25,GA STATE,5,D04,54,28,0,0,1,2027,0,84.7,4,1,65.4,0,0,20,0,0,0,75.3,0,0,0,0,GA STATE,2,0,0,0,4,5,0,71.8,4,75.7,0,175,54,2,0,1,39.6,34,0,3,,21,0,0
156723,Brent Austin,CB,2,0,2026,0,1,50,CAL,5,D04,78,2,0,1,1,2026,0,58.1,27,1,48.2,0,0,23,0,0,0,56.6,72,0,0,0,CAL,1,0,0,0,27,3,16.7,50.3,27,78.3,0,130,78,3,0,0,135.4,54,0,0,59.6,1,1,0
156725,Aiden Fisher,LB,3,1,2026,0,0,0,INDIANA,0,D04,9,8,0,2,1,2026,2,73.1,0,0,91.8,0,1,6,0,0,0,66,0,0,0,0,INDIANA,0,0,0,0,,0,0,91.5,,69,0,190,11,0,0,0,0,3,0,1,57.4,0,0,2
156729,Tyrique Tucker,DI,0,0,,0,0,,INDIANA,1,D95,1,0,2,22,1,2027,29,73.4,0,0,60,0,0,0,0,17,0,65,0,0,1,0,INDIANA,3,1,2,0,,0,0,60.6,,0,0,190,30,0,12,0,0,8,1,2,64,0,0,0
156744,Collin Jacob,S,0,0,,0,0,,LA LAFAYET,1,D35,17,7,0,0,1,2027,0,77.1,0,0,65.5,0,0,8,0,0,0,64.6,0,0,0,0,LA LAFAYET,0,0,0,0,,2,0,67.2,,73.6,0,207,17,0,0,0,0,9,0,1,,8,0,0
156750,Maurion Eleam,CB,2,0,,0,0,0,LA LAFAYET,2,D21,31,1,1,7,1,2027,3,81.2,0,0,71.1,1,0,14,0,0,0,60,0,0,0,0,LA LAFAYET,2,0,2,0,,30,0,74.7,,78.4,0,207,34,0,0,0,39.6,13,0,1,75.4,0,0,3
156780,Markeegan Gray,CB,0,0,,0,0,,LA MONROE,0,D38,5,0,0,0,1,2026,0,,0,0,68.3,0,0,2,0,0,0,60,0,0,0,0,LA MONROE,0,0,0,0,,5,,73,,68.6,0,209,5,0,0,0,0,3,0,0,,0,0,0
156809,Jacobie Henderson,CB,9,0,,0,0,33.3,RUTGERS,3,D10,44,3,0,0,1,2027,1,78.2,18,3,37.7,0,0,23,0,0,0,49.9,38,0,1,0,RUTGERS,1,1,0,0,17,3,0,37.9,6,75.9,0,278,45,7,0,0,79.4,22,1,0,,0,1,1
156811,Leon Hart Jr.,LB,0,0,,0,1,,FAU,6,D06,55,55,0,1,1,2027,0,66.2,0,0,62.9,0,0,9,0,0,0,44.7,0,0,0,0,FAU,2,0,0,0,,0,10,47.8,,75,0,165,55,0,0,0,0,45,0,3,59.6,0,0,0
156812,AG McGhee,S,0,0,,0,2,,ARK STATE,8,D06,66,24,0,5,1,2027,4,66.3,0,0,67.3,1,0,33,0,0,0,72.4,0,0,0,0,ARK STATE,3,0,1,0,,12,18.2,69.6,,78.9,0,113,70,0,0,0,0,32,1,1,56.3,30,0,4
156813,Dainsus Miller,CB,4,0,,0,0,50,WYOMING,2,D20,40,1,0,0,1,2026,0,77,17,2,64.4,0,0,26,0,0,0,63.2,37,0,1,0,WYOMING,0,0,0,0,9,0,0,65,8.5,75,0,351,40,1,0,0,61.5,14,0,0,,2,0,0
156819,Anthony Dunn Jr.,ED,0,0,2026,0,0,,TOLEDO,0,D58,0,0,0,11,1,2026,15,23.8,0,0,,2,0,0,2,0,0,60.6,0,0,0,0,TOLEDO,0,0,2,0,,0,,62.3,,73.9,0,316,15,0,0,0,0,4,0,0,61.3,0,0,13
156823,Mario Easterly,S,4,0,,0,0,75,DOMINION,2,D03,52,23,0,0,1,2027,0,82.4,40,3,57,0,0,40,0,0,0,69.7,0,0,0,0,DOMINION,0,0,0,0,31,6,0,60.5,13.3,76.7,0,263,52,22,0,1,106.3,12,0,2,,23,0,0
156825,Chris Spencer,ED,0,0,,0,0,,DOMINION,0,D98,0,0,0,4,1,2027,7,70.2,0,0,,0,0,0,2,0,0,56.3,0,0,0,0,DOMINION,0,0,0,0,,0,0,59.2,,70.2,0,263,7,0,4,0,0,3,0,1,64.8,0,0,1
156845,Brodarius Lewis,DI,0,0,,0,0,,SO MISS,1,D36,0,0,0,19,1,2026,47,75.1,0,0,,3,0,0,8,0,0,73.5,0,0,0,0,SO MISS,0,0,3,0,,0,0,71,,75.8,0,296,47,0,39,0,0,28,0,3,58.3,0,0,0
156855,Bernock Iya,S,1,0,,0,1,100,NEW MEX ST,1,D09,30,13,0,3,1,2027,0,27.6,14,1,58.9,0,0,15,0,0,0,68.9,0,1,0,1,NEW MEX ST,1,0,1,0,14,16,50,68.8,14,73.6,0,242,30,11,0,0,118.8,12,0,0,82.8,1,0,0
156872,Blake Matthews,LB,9,0,,0,1,66.7,DELAWARE,5,D10,51,34,0,16,1,2027,21,62.4,72,6,54.6,1,0,40,0,0,0,67.9,0,1,0,1,DELAWARE,2,0,2,0,28,17,12.5,60,12,79.8,0,151,72,33,0,1,91,16,0,2,63.1,0,0,21
156873,Justin Powe,S,4,0,,0,1,50,TROY,2,D06,50,17,0,0,1,2027,0,50.6,38,2,46.8,0,1,26,0,0,0,57.6,2,0,0,0,TROY,0,0,0,0,36,4,25,49.3,19,76.4,0,318,50,8,0,0,83.3,24,0,1,,27,1,0
156876,Luke Hodge,LB,0,0,,0,1,,TROY,2,D44,24,18,0,1,1,2027,2,50.1,0,0,62.4,0,0,9,0,0,0,64.9,0,0,0,0,TROY,2,0,0,0,,6,33.3,64.7,,73.9,0,318,26,0,0,0,0,16,0,0,59.7,0,0,2
156887,Kiawan Murphy,DI,0,0,,0,1,,AKRON,0,D54,1,0,0,7,1,2027,13,21.8,0,0,,1,0,0,1,0,0,50.3,0,0,0,0,AKRON,0,0,1,0,,0,100,46.9,,71.8,0,102,14,0,12,0,0,7,0,0,54.2,0,0,0
156889,Bryan McCoy Jr.,LB,3,0,,0,0,66.7,OKLA STATE,2,D05,46,43,0,9,1,2026,0,80.2,52,2,44,1,0,21,0,0,0,72.3,0,1,1,0,OKLA STATE,1,0,2,0,26,3,0,48.6,26,0,0,262,46,30,0,0,149.3,16,0,2,59.6,0,1,0
156900,DeJuan Echoles Jr.,ED,0,0,,0,2,,BALL ST,2,D31,2,2,0,6,1,2027,20,44.9,0,0,,1,0,0,0,0,0,73.9,0,0,0,0,BALL ST,1,0,1,0,,0,33.3,70.3,,77,0,117,22,0,0,0,0,16,0,2,54.2,0,0,20
156908,Canaan Williams,LB,0,0,,0,0,,KENT STATE,6,D10,31,17,0,4,1,2027,7,82.8,0,0,63.2,0,0,10,0,0,0,69.9,0,1,0,0,KENT STATE,2,0,1,0,,14,0,69.7,,76.5,0,201,38,0,0,0,0,24,0,1,66,0,0,7
156929,Malachi McLean,S,1,0,,1,4,0,UCONN,7,D07,48,23,0,3,1,2026,14,40.8,0,0,72.9,1,0,21,0,0,0,61.5,0,0,0,0,UCONN,2,0,1,0,,4,28.6,66.2,,80.2,0,146,62,0,0,1,39.6,38,0,3,48.3,21,0,14
156932,Sterling Webb,DI,0,0,,0,0,,MISSOURI,1,D10,0,0,1,8,1,2027,21,72.2,0,0,,0,0,0,0,0,0,71,0,0,0,0,MISSOURI,1,0,1,0,,0,0,76.7,,73.5,0,229,21,0,19,0,0,13,0,0,71.7,0,0,2
156933,Buddha Peleti Jr.,ED,0,0,,0,0,,WASH STATE,1,D10,0,0,0,37,1,2026,52,73.9,0,0,,2,0,0,4,0,0,68.3,0,1,0,0,WASH STATE,1,0,3,0,,0,0,64.3,,79.3,0,341,52,0,0,0,0,15,0,1,58.8,0,0,48
156940,Jonathan Brady,WR,0,0,2026,0,0,,INDIANA,0,00,1,0,0,0,1,2026,0,,0,0,60,0,0,1,0,0,0,,0,0,0,0,INDIANA,0,0,0,0,,0,,55.6,,60,0,190,1,0,0,0,0,0,0,0,,0,0,0
156945,Keyshaun Elliott,LB,3,0,2026,0,3,100,ARIZONA ST,10,D44,55,50,0,5,1,2026,12,53.8,26,3,54.4,0,0,18,0,0,0,70,0,0,0,0,ARIZONA ST,5,0,0,0,12,4,18.8,63.4,8.7,78.9,0,110,67,14,0,0,102.8,44,2,3,54.2,1,0,12
156950,Gabe Peterson,ED,0,0,,0,1,,NEW MEX ST,0,D16,0,0,0,41,1,2027,61,23.8,0,0,,3,0,0,8,0,0,57.1,0,2,0,0,NEW MEX ST,0,0,5,0,,0,100,67,,79.7,0,242,61,0,5,0,0,20,0,0,69.3,0,0,48
156969,Jaden Mickey,S,4,0,,0,1,75,BOISE ST,1,D20,45,11,0,3,1,2027,5,27.3,45,3,56.8,0,0,29,0,0,0,50.7,1,0,0,0,BOISE ST,1,0,0,0,18,31,50,54.4,15,77.1,0,120,50,46,0,0,111.5,18,1,0,59.5,1,0,5
156978,Tyson Ford,DI,0,0,,0,0,,CAL,0,D95,0,0,0,0,1,2029,3,,0,0,,0,0,0,3,0,0,60.7,0,0,0,0,CAL,0,0,0,0,,0,,62.2,,66.2,0,130,3,0,0,0,0,3,0,0,,0,0,0
156997,Malachi Davis,ED,0,0,,0,3,,TOLEDO,2,D93,5,5,1,22,1,2028,45,26.4,0,0,60,7,0,1,8,0,0,53.6,0,0,1,0,TOLEDO,3,0,8,0,,0,60,57.2,,0,0,316,50,0,1,0,0,27,0,0,69.6,0,0,36
157000,Avery Smith,CB,5,0,2026,0,2,80,TOLEDO,6,D04,68,3,0,2,1,2026,2,47.5,81,4,58.8,0,0,28,0,0,0,65.3,35,0,0,0,TOLEDO,3,0,0,0,40,30,22.2,60.5,20.3,79.2,0,316,70,16,0,0,118.8,40,1,1,57.7,0,0,2
157002,Jehiem Oatis,DI,0,0,,0,0,,COLORADO,0,D96,0,0,0,6,1,2027,22,,0,0,,1,0,0,5,3,0,55.9,0,0,0,0,COLORADO,0,0,1,0,,0,,62.5,,74.1,0,143,22,0,14,0,0,16,0,0,72.7,0,0,0
157006,Shawn Murphy,LB,3,0,,0,0,66.7,S CAROLINA,2,D07,36,27,0,2,1,2027,1,76.1,48,2,56.5,0,0,25,0,0,0,55.8,0,0,0,0,S CAROLINA,1,0,0,0,41,9,0,54.7,24,75,0,289,37,37,0,0,109.7,10,0,0,56.3,0,0,1
157018,Jaylen Lewis,S,2,0,,0,1,0,W KENTUCKY,7,D07,73,61,0,0,1,2027,0,65.5,0,0,60.8,0,0,41,0,0,0,68.5,0,0,0,0,W KENTUCKY,2,0,0,0,,7,12.5,63.7,,75.8,0,346,73,0,0,0,39.6,32,0,0,,4,0,0
157027,Mani Powell,LB,2,0,2026,0,2,50,PURDUE,8,D16,68,67,1,4,1,2026,6,58.1,8,1,67.4,1,0,31,0,0,0,32.1,0,0,0,0,PURDUE,5,0,2,0,8,1,15.4,52.3,8,77.3,0,273,74,3,0,0,60.4,39,0,3,75.3,0,0,6
157032,Jordan Crook,LB,2,0,,0,3,50,ARIZONA ST,6,D08,65,62,0,7,1,2026,0,45,7,1,49.2,0,0,14,0,0,0,64.4,0,0,0,0,ARIZONA ST,4,0,0,0,7,2,21.4,58.4,7,76.5,0,110,65,0,0,0,97.9,44,1,5,60.4,1,1,0
157044,Enyce Sledge,DI,0,0,,0,0,,FAU,0,D62,0,0,0,0,1,2027,8,,0,0,,0,0,0,0,8,0,57.6,0,0,0,0,FAU,0,0,0,0,,0,,57.5,,72.6,0,165,8,0,0,0,0,8,0,0,,0,0,0
157047,Robert Woodyard Jr.,LB,3,0,,0,1,100,AUBURN,5,D00,26,25,0,0,1,2028,2,61.4,27,3,57.3,0,0,14,0,0,0,67.5,0,0,1,0,AUBURN,3,0,0,0,15,1,14.3,57.2,9,0,0,115,28,11,0,0,104.2,14,0,1,,0,0,2
157051,Caleb Wooden,S,0,0,,0,1,,ARKANSAS,8,D22,58,15,0,1,1,2026,3,71.2,0,0,67.8,1,0,20,0,0,0,66.1,0,0,0,0,ARKANSAS,1,0,1,0,,3,9.1,67.9,,78.2,0,111,61,0,0,0,0,40,0,2,60,40,0,3
157055,Jeffrey M'ba,DI,0,0,2026,0,0,,SMU,1,D06,0,0,0,31,1,2026,54,69.7,0,0,,0,0,0,6,7,0,65.2,0,0,0,0,SMU,0,0,0,0,,0,0,67.9,,76.6,0,287,54,0,41,0,0,23,0,0,65.8,0,0,0
157062,CJ Madden,ED,0,0,,0,0,,PURDUE,1,D08,0,0,0,10,1,2028,20,71.5,0,0,60,0,0,1,0,0,0,66.8,0,0,0,0,PURDUE,1,0,0,0,,0,0,66,,75.2,0,273,20,0,0,0,0,9,1,0,60.2,0,0,20
157064,Bear Alexander,DI,0,0,,0,1,,OREGON,3,D01,0,0,0,21,1,2027,46,44.2,0,0,,1,0,0,5,7,0,68,0,1,0,0,OREGON,2,0,2,0,,0,25,74.6,,76.5,0,264,46,0,34,0,0,25,0,0,75.2,0,0,0
157097,Elijah Reed,CB,7,0,,0,0,71.4,AKRON,4,D11,46,1,0,0,1,2028,1,80,62,5,41.2,0,0,32,0,0,0,65.2,44,0,2,0,AKRON,1,0,0,0,45,1,0,43.8,12.4,76.6,0,102,47,10,0,1,98.5,15,0,0,,0,0,1
157104,Quency Wiggins,DI,0,0,,0,0,,COLORADO,0,D49,0,0,0,8,1,2027,16,,0,0,,0,0,0,2,0,0,56.5,0,0,0,0,COLORADO,0,0,0,0,,0,,54.8,,72.4,0,143,16,0,14,0,0,8,0,0,56.5,0,0,0
157107,Fitzgerald West Jr.,DI,0,0,,0,0,,LA LAFAYET,2,D68,0,0,0,11,1,2027,24,73.2,0,0,,0,0,0,1,10,0,65.3,0,0,0,0,LA LAFAYET,2,0,0,0,,0,0,63.8,,75.8,0,207,24,0,13,0,0,13,0,1,57.3,0,0,0
157114,Jordan Allen,S,5,0,,0,0,60,HOUSTON,3,D06,71,11,0,2,1,2027,0,80.9,75,3,56.2,1,0,55,0,0,0,65.5,0,0,1,0,HOUSTON,0,1,1,0,36,5,0,57.6,25,78.8,0,182,71,24,0,1,143.8,14,0,0,55.3,55,1,0
157120,Harold Perkins Jr.,LB,2,0,2026,0,2,0,LSU,0,D07,48,45,0,2,1,2026,1,22.1,0,0,56,0,1,21,0,0,0,34.4,0,0,0,0,LSU,0,0,0,0,,2,100,42.1,,74.9,0,211,49,0,0,0,0,26,0,0,57.5,1,0,1
157136,Reginald Hughes,LB,2,0,,0,0,50,COLORADO,1,D50,10,10,0,0,1,2026,0,74.3,9,1,50.7,0,0,3,0,0,0,57.2,0,0,0,0,COLORADO,0,0,0,0,9,0,0,47.6,9,70.3,0,143,10,4,0,0,62.5,7,0,0,,0,0,0
157153,Marquis Gracial,DI,0,0,,0,0,,MISSOURI,0,D33,0,0,0,4,1,2027,13,,0,0,,1,0,0,0,8,0,57.2,0,0,0,0,MISSOURI,0,0,1,0,,0,,61.8,,73.1,0,229,13,0,5,0,0,9,0,0,67.5,0,0,0
157154,DJ Wesolak,ED,0,0,,0,0,,MO STATE,2,D07,0,0,0,24,1,2028,38,75.7,0,0,,3,0,0,1,0,0,51.5,0,0,0,0,MO STATE,2,0,3,0,,0,0,59.1,,78.3,0,230,38,0,0,0,0,14,0,0,64.8,0,0,37
157155,Jalen Marshall,DI,0,0,,0,0,,MISSOURI,0,D95,0,0,0,3,1,2027,13,69.7,0,0,,0,0,0,0,0,0,71.4,0,0,0,0,MISSOURI,0,0,0,0,,0,0,72.5,,71.9,0,229,13,0,13,0,0,10,0,1,59.7,0,0,0
157169,Carmycah Glass,LB,1,0,,0,0,100,HOUSTON,0,D25,18,17,0,6,1,2028,3,73.2,21,1,48.2,0,0,12,0,0,0,70.8,0,2,0,0,HOUSTON,0,0,2,0,21,1,0,54.1,21,75.4,0,182,21,17,0,0,118.8,3,0,1,59.2,0,0,3
157195,Robby Harrison,DI,0,0,,0,0,,W KENTUCKY,1,D13,0,0,0,7,1,2027,13,72.4,0,0,,0,0,0,0,10,0,77.6,0,0,0,0,W KENTUCKY,1,0,0,0,,0,0,75.5,,73.4,0,346,13,0,3,0,0,6,1,1,57.1,0,0,0
157202,Braxton Fely,DI,0,0,,0,0,,BOISE ST,1,D90,1,0,1,24,1,2027,33,72.2,0,0,,0,0,0,3,1,0,65.7,0,0,0,0,BOISE ST,2,0,1,0,,0,0,72.7,,74.6,0,120,34,0,29,0,0,10,0,0,71,0,0,0
157214,Jaseim Mitchell,LB,0,0,,0,1,,COLO STATE,6,D23,13,13,0,7,1,2027,3,64.7,0,0,61,0,0,1,0,0,0,49,0,0,0,0,COLO STATE,3,0,0,0,,0,14.3,48.3,,74.4,0,144,16,0,0,0,0,8,0,0,53.5,0,0,3
157215,Nuer Gatkuoth,ED,0,0,,0,0,,WAKE,0,D07,0,0,0,18,1,2026,38,71.1,0,0,61.9,3,0,4,1,0,0,51.8,0,3,0,0,WAKE,0,0,6,0,,0,0,65.9,,78.5,0,339,38,0,0,0,0,16,0,1,74.9,0,0,37
157253,Devon Jackson,LB,1,0,,0,0,0,OREGON,2,D26,21,17,0,0,1,2027,1,77.4,0,0,64.6,0,0,11,0,0,0,55.6,0,0,0,0,OREGON,2,0,0,0,,4,0,64.8,,73,0,264,22,0,0,0,39.6,11,0,0,63.1,0,0,1
157254,Harrison Taggart,LB,0,0,,0,0,,CAL,3,D07,17,16,0,0,1,2028,0,80.6,0,0,64.2,0,0,6,0,0,0,71.9,0,0,0,0,CAL,2,0,0,0,,1,0,72.2,,71.3,0,130,17,0,0,0,0,11,0,2,,0,0,0
157255,Anthony Jones Jr.,ED,0,0,,0,1,,UCLA,1,D15,1,1,0,25,1,2028,53,45.1,0,0,62.2,0,0,5,3,0,0,64.1,0,1,0,0,UCLA,1,0,1,0,,0,33.3,60.3,,79.7,0,324,54,0,6,0,0,24,0,1,53.2,0,0,44
157272,David Bailey,ED,0,0,2026,0,1,,TEXAS TECH,2,D31,2,1,0,22,1,2026,34,53.5,0,0,81.7,1,0,0,4,0,0,70.2,0,0,0,0,TEXAS TECH,2,0,1,0,,0,25,71.1,,78,0,315,36,0,0,0,0,14,1,1,53.2,0,0,30
157275,Matt Rose,LB,4,0,,0,1,75,STANFORD,9,D35,51,50,0,8,1,2027,1,70.8,20,3,74.6,0,0,18,0,0,0,74.7,0,0,0,0,STANFORD,4,0,0,0,14,1,7.7,75.8,6.7,75.2,0,300,52,32,0,0,85.4,26,1,3,52.1,0,0,1
157276,Collin Wright,CB,3,0,2026,0,0,66.7,STANFORD,2,D06,32,2,0,0,1,2026,1,76.2,3,2,60.7,0,0,17,0,0,0,70.2,30,0,0,0,STANFORD,1,0,0,0,5,0,0,63.9,1.5,75,0,300,33,1,0,0,109.7,16,1,0,,0,1,1
157277,Scotty Edwards,S,1,0,,0,5,100,STANFORD,6,D21,48,20,0,3,1,2027,2,31.8,6,1,66.1,0,0,19,0,0,0,26.8,0,0,0,0,STANFORD,2,0,0,0,6,9,38.5,46.2,6,76.6,0,300,50,1,0,0,91.7,28,0,2,56.7,19,0,2
157278,Ernest Cooper,ED,0,0,,0,0,,STANFORD,0,D44,0,0,0,12,1,2027,27,73,0,0,61,0,0,1,4,0,0,54.7,0,0,0,0,STANFORD,0,0,0,0,,0,0,54.8,,76.8,0,300,27,0,3,0,0,14,0,1,55.1,0,0,20
157280,Jaxson Moi,DI,0,0,2026,0,0,,TENNESSEE,0,D51,0,0,0,22,1,2026,37,69.7,0,0,60,1,0,0,6,4,0,59.8,0,0,0,0,TENNESSEE,0,0,1,0,,0,0,57.5,,74.9,0,307,37,0,26,0,0,15,0,1,54.7,0,0,1
157281,Tevarua Tafiti,ED,1,0,,0,2,100,STANFORD,0,D11,8,1,0,13,1,2027,40,34.2,15,1,44.8,0,0,6,0,0,0,67,0,0,0,0,STANFORD,0,0,0,0,15,7,66.7,56.2,15,81.3,0,300,48,1,0,0,118.8,29,0,1,54.2,0,0,40
157284,Zach Rowell,DI,0,0,,0,0,,STANFORD,1,D97,0,0,0,13,1,2027,25,71.3,0,0,,0,0,0,8,0,0,52.2,0,0,0,0,STANFORD,1,0,0,0,,0,0,51.3,,73.7,0,300,25,0,14,0,0,12,0,0,55.3,0,0,3
157288,Namdi Obiazor,LB,4,0,2026,0,1,50,TCU,2,D04,50,39,0,2,1,2026,5,51.5,31,2,56.6,0,0,33,0,0,0,76.5,0,0,0,0,TCU,1,0,0,0,18,11,20,63.9,15.5,75.4,0,305,55,20,1,0,76,20,0,2,57.5,0,0,4
157291,Damonic Williams,DI,0,0,2026,0,1,,OKLAHOMA,0,D52,0,0,0,24,1,2026,40,22.4,0,0,60,3,0,0,2,11,0,46.9,0,0,0,0,OKLAHOMA,0,0,3,0,,0,50,51.3,,76,0,261,40,0,26,0,0,16,0,1,59,0,0,1
157293,Connor Lingren,DI,0,0,,0,0,,TCU,0,D99,0,0,0,13,1,2028,24,,0,0,,0,0,0,0,12,0,56.5,0,0,0,0,TCU,0,0,0,0,,0,,55.9,,76.4,0,305,24,0,12,0,0,11,0,0,56.9,0,0,0
157294,Paul Oyewale,ED,0,0,,0,1,,TCU,1,D97,0,0,0,24,1,2027,34,28,0,0,60,0,0,1,10,0,0,62.1,0,0,0,0,TCU,1,0,0,0,,0,33.3,57,,76.2,0,305,34,0,0,0,0,9,0,1,53.4,0,0,24
157299,Champ Lewis,CB,0,0,,0,0,,TULSA,1,D01,43,0,0,0,1,2028,0,73.5,0,0,63.8,0,0,26,0,0,0,71,43,0,0,0,TULSA,0,0,0,0,,0,0,66.3,,75.7,0,320,43,0,0,0,0,17,0,0,,0,0,0
157300,Kyron Chambers,CB,6,0,,0,0,66.7,SMU,1,D12,54,15,0,1,1,2028,2,77.7,28,4,51.8,0,0,32,0,0,0,69.8,1,0,0,0,SMU,1,0,0,0,15,32,0,56.8,7,77.2,0,287,56,34,0,0,77.1,23,0,1,60,5,0,2
157306,Justice Finkley,ED,1,0,,0,0,100,KANSAS,3,D15,1,0,0,8,1,2026,28,76.3,6,1,62.6,1,0,2,1,0,0,45.4,0,0,0,0,KANSAS,1,0,1,0,6,1,0,48.8,6,78.2,0,198,29,10,0,0,91.7,19,0,0,55.5,0,0,27
157307,Jaylon Guilbeau,CB,8,0,2026,0,3,87.5,TEXAS,4,D03,79,3,0,0,1,2026,0,39.8,99,7,52.4,0,0,47,0,0,0,62.6,74,0,0,0,TEXAS,0,0,0,0,33,2,27.3,53.8,14.1,77.8,0,311,79,35,0,0,118.2,32,0,4,,0,0,0
157310,Aaron Bryant,DI,0,0,,0,0,,VANDERBILT,0,D55,1,1,0,4,1,2028,6,,0,0,,0,0,0,0,1,0,61.2,0,0,0,0,VANDERBILT,0,0,0,0,,0,,60.4,,71.4,0,333,7,0,5,0,0,3,0,0,57.8,0,0,0
157311,BJ Allen Jr.,CB,2,0,,0,1,100,N TEXAS,0,D30,14,4,0,0,1,2027,0,28.2,23,2,46.1,0,0,7,0,0,0,69.2,0,0,0,0,N TEXAS,0,0,0,0,13,10,50,52.4,11.5,71.6,0,251,14,8,0,0,114.6,7,0,1,,0,0,0
157313,Jaray Bledsoe,DI,0,0,,0,0,,MISS STATE,1,D92,0,0,2,29,1,2027,34,73.4,0,0,,2,0,0,1,17,0,64.2,0,1,0,0,MISS STATE,2,0,5,0,,0,0,71.4,,76,0,227,34,0,16,0,0,5,0,0,69.3,0,0,0
157323,Joseph Adedire,ED,0,0,,0,0,,NC STATE,0,D25,0,0,0,2,1,2027,5,,0,0,,0,0,0,2,0,0,64.2,0,0,0,0,NC STATE,0,0,0,0,,0,,66.3,,70.7,0,248,5,0,0,0,0,3,0,0,58.3,0,0,3
157329,Wesley Smith,LB,1,0,,0,0,100,TEXAS TECH,0,D40,3,3,0,0,1,2028,0,,4,1,60,0,0,1,0,0,0,61.4,0,0,0,0,TEXAS TECH,0,0,0,0,4,0,,64.6,4,67.5,0,315,3,8,0,0,83.3,2,0,0,,0,0,0
157332,Ben Roberts,LB,4,0,,0,0,50,TEXAS TECH,4,D13,52,38,0,2,1,2027,0,85.1,10,2,61.7,0,0,28,0,0,0,84.6,0,0,0,0,TEXAS TECH,4,0,0,0,11,13,0,72.6,5,72.3,0,315,52,18,0,0,56.3,22,0,5,59.7,0,0,0
157337,Coy Eakin,WR,0,0,,0,0,,TEXAS TECH,0,03,1,0,0,0,1,2027,0,,0,0,,0,0,0,0,0,0,60,0,0,0,0,TEXAS TECH,0,0,0,0,,0,,60,,60,0,315,1,0,0,0,0,1,0,0,,0,0,0
157354,Asani Redwood,DI,0,0,,0,0,,W VIRGINIA,0,D92,0,0,0,32,1,2027,46,,0,0,,0,0,0,9,1,0,54.1,0,0,0,0,W VIRGINIA,0,0,0,0,,0,,54.6,,75.9,0,343,46,0,36,0,0,14,0,0,56.7,0,0,0
157356,Hershey McLaurin,S,2,0,,1,2,50,PURDUE,6,D25,73,37,1,2,1,2026,3,51.3,5,1,74.1,0,0,33,0,0,0,62.4,0,0,0,0,PURDUE,3,0,1,0,5,4,16.7,71.8,5,78,0,273,76,5,0,1,56.3,41,0,4,70.7,32,0,3
157359,Trey Lathan,LB,1,0,,0,0,100,KANSAS,4,D04,50,44,0,4,1,2027,0,79.3,9,1,58.1,0,0,14,0,0,0,72.7,0,1,0,0,KANSAS,1,0,1,0,9,6,0,70.2,9,74.4,0,198,50,6,0,0,104.2,32,0,0,70.5,0,0,0
157406,Jackson Vick,CB,8,0,,0,2,50,NC STATE,3,D22,84,15,0,4,1,2027,5,37.2,38,4,60.1,1,0,53,0,0,0,44.1,3,0,2,0,NC STATE,0,0,1,0,15,64,33.3,53.2,9.5,0,0,248,89,5,0,1,63.5,32,0,1,57.5,2,0,5
157411,Brandon Cleveland,DI,0,0,2026,0,1,,NC STATE,3,D44,0,0,0,39,1,2026,59,49.8,0,0,,1,0,0,0,11,0,76.1,0,0,0,0,NC STATE,3,0,1,0,,0,20,64.7,,77.5,0,248,59,0,48,0,0,20,0,1,50.2,0,0,0
157412,Nick Campbell,DI,0,0,,0,0,,APP STATE,0,D45,0,0,0,13,1,2027,19,,0,0,,1,0,0,5,7,0,61.7,0,0,0,0,APP STATE,0,0,1,0,,0,,59.3,,74,0,108,19,0,6,0,0,6,0,0,56.7,0,0,1
157430,Aisea Moa,LB,0,0,,0,0,,MICH STATE,2,D08,24,24,0,3,1,2027,5,77.7,0,0,60.9,0,0,5,0,0,0,42.5,0,0,0,0,MICH STATE,2,0,0,0,,0,0,45.9,,76.8,0,223,29,0,0,0,0,21,0,1,55.9,0,0,5
157432,Logan Fano,ED,0,0,2026,0,1,,UTAH,1,D00,0,0,1,22,1,2026,38,43.8,0,0,60.4,5,0,2,2,0,0,67.9,0,1,0,0,UTAH,2,0,7,0,,0,50,71.2,,78.3,0,328,38,0,2,0,0,14,0,0,67.5,0,0,34
157436,Isaiah Glasker,LB,4,0,,0,2,100,BYU,2,D16,42,26,0,4,1,2027,29,39.9,49,4,51.8,0,0,39,0,0,0,39.7,2,1,0,0,BYU,0,0,1,0,17,14,33.3,47.7,12.3,80.5,0,128,71,23,0,0,117.7,28,0,2,65.2,0,0,29
157447,Isaiah Brown-Murray,CB,5,0,,0,0,80,VA TECH,5,D09,69,11,0,1,1,2027,1,81.7,17,4,72.5,0,0,46,0,0,0,68.9,58,0,0,0,VA TECH,2,0,0,0,8,0,0,73.1,4.3,76.5,0,337,70,10,0,0,80.8,23,0,1,59.7,0,0,1
157449,Zakye Barker,LB,0,0,,1,0,,SMU,4,D33,26,26,0,1,1,2027,1,79.7,0,0,63,0,0,10,0,0,0,92.4,0,0,0,0,SMU,1,0,0,0,,0,0,88.2,,71,0,287,27,0,0,0,0,16,0,1,59.4,0,0,1
157453,Joey Zelinsky,ED,0,0,,0,0,,PITTSBURGH,1,D45,0,0,0,15,1,2026,19,71.1,0,0,,3,0,0,0,0,0,61.2,0,0,0,0,PITTSBURGH,0,0,3,0,,0,0,69.4,,76.5,0,268,19,0,0,0,0,4,0,0,68.5,0,0,19
157457,Jason Marshall,S,2,0,,0,4,100,E MICHIGAN,5,D13,40,19,0,0,1,2028,0,30,18,2,47.7,0,0,17,0,0,0,31.9,0,0,0,0,E MICHIGAN,1,0,0,0,12,1,44.4,39.3,9,75.8,0,160,40,6,0,0,104.2,23,0,0,,20,0,0
157470,Joshua Scott,CB,1,0,,0,0,0,E MICHIGAN,0,D01,2,0,0,0,1,2027,0,,0,0,66.7,0,0,2,0,0,0,,0,0,0,0,E MICHIGAN,0,0,0,0,,2,,71.2,,66,0,160,2,0,0,0,39.6,0,0,0,,0,0,0
157476,Barry Manning,LB,4,0,,0,3,100,E MICHIGAN,5,D03,77,59,0,4,1,2028,0,29.8,40,4,61.4,1,0,34,0,0,0,54.6,1,0,0,0,E MICHIGAN,3,0,1,0,22,17,37.5,56.2,10,74.9,0,160,77,12,0,0,108.3,39,1,0,47.7,0,0,0
157484,Maverick Baranowski,LB,4,0,,0,2,75,MINNESOTA,6,D06,53,51,0,1,1,2027,0,54.8,25,3,54.1,1,0,23,0,0,0,68.9,0,0,0,0,MINNESOTA,1,0,1,0,19,2,20,60.1,8.3,72.6,0,225,53,31,0,0,90.6,29,0,2,46.5,0,0,0
157485,Anthony Smith,ED,0,0,,0,2,,MINNESOTA,1,D00,0,0,0,23,1,2027,47,37.5,0,0,,1,0,0,11,0,0,73.9,0,0,0,0,MINNESOTA,1,0,1,0,,0,33.3,64.9,,77.5,0,225,47,0,1,0,0,24,1,3,49.3,0,0,35
157505,Tyler Stolsky,LB,5,0,,0,2,80,FAU,10,D44,48,48,0,0,1,2027,1,57.5,33,4,38.6,0,0,11,0,0,0,44.2,0,0,0,0,FAU,4,0,0,0,18,0,14.3,37.4,8.3,76.7,0,165,49,14,0,0,94.2,38,0,2,,0,0,1
157506,Joey Gerlach,LB,0,0,,0,0,,MINNESOTA,1,D19,6,4,0,1,1,2027,3,74.8,0,0,61.6,0,0,4,0,0,0,63.5,0,0,0,0,MINNESOTA,0,0,0,0,,2,0,64,,71.2,0,225,9,0,0,0,0,4,0,0,59.2,0,0,3
157507,Aidan Gousby,S,0,0,,0,0,,MINNESOTA,0,D07,5,1,0,0,1,2027,0,,0,0,62.3,0,0,4,0,0,0,60,0,0,0,0,MINNESOTA,0,0,0,0,,1,,62.5,,69.3,0,225,5,0,0,0,0,1,0,0,,3,0,0
157509,Coleman Bryson,S,4,0,,0,0,25,N CAROLINA,4,D16,29,5,0,0,1,2027,4,81.8,4,1,72.4,0,0,18,0,0,0,67.5,0,0,0,0,N CAROLINA,1,0,0,0,4,5,0,73.2,4,77.1,0,245,33,0,0,1,39.6,15,0,0,,19,0,4
157513,Rayyan Buell,DI,0,0,,0,0,,MEMPHIS,2,D88,0,0,0,19,1,2026,37,73.8,0,0,60.3,1,0,1,12,0,0,70.5,0,0,0,0,MEMPHIS,1,0,1,0,,0,0,67.5,,75.4,0,218,37,0,8,0,0,17,1,0,57.9,0,0,17
157530,Zamari Stevenson,CB,1,0,,0,0,100,WAKE,0,D17,8,2,0,0,1,2028,0,,5,1,44.5,0,0,4,0,0,0,60.8,0,0,0,0,WAKE,0,0,0,0,5,6,,44.4,5,70.9,0,339,8,11,0,0,87.5,4,0,0,,0,0,0
157542,Kevin Abrams-Verwayne,ED,0,0,,1,1,,APP STATE,1,D97,2,1,0,10,1,2026,19,77,0,0,67.3,1,0,0,1,0,0,75.6,1,0,0,0,APP STATE,1,0,1,0,,0,25,84.7,,77.1,0,108,21,0,1,0,0,11,0,2,67.1,0,0,17
157549,Ethan Johnson,CB,6,0,,0,3,66.7,APP STATE,3,D02,76,2,0,0,1,2027,3,29.3,61,4,65.2,0,0,44,0,0,0,64.9,68,0,0,0,APP STATE,1,0,0,0,24,4,50,66,15.3,78.5,0,108,79,35,0,1,139.6,35,0,0,,2,1,3
157550,DJ Burks,S,3,0,,0,2,33.3,APP STATE,1,D21,81,18,0,0,1,2027,3,49.5,15,1,73.7,0,0,48,0,0,0,48.8,0,0,0,0,APP STATE,0,0,0,0,15,23,25,67.8,15,80.9,0,108,84,0,0,1,50.7,36,0,5,,40,0,3
157561,Caleb Bacon,LB,0,0,,0,2,,IOWA STATE,2,D26,42,27,0,15,1,2027,21,40.9,0,0,72.1,0,0,26,0,0,0,52.8,0,1,0,0,IOWA STATE,1,0,1,0,,15,40,67,,80.9,0,193,63,0,0,1,0,22,0,1,64.7,0,0,21
157562,Will McLaughlin,LB,0,0,,0,0,,IOWA STATE,1,D23,15,10,2,6,1,2027,5,79,0,0,62.6,0,0,5,0,0,0,71.2,0,0,0,0,IOWA STATE,3,0,2,0,,5,0,77.3,,75.8,0,193,20,0,0,0,0,9,0,0,74.9,0,0,5
157590,Jacob Ellis,LB,0,0,,0,0,,COLO STATE,1,D44,27,26,0,7,1,2026,3,76.1,0,0,61.9,1,0,5,0,0,0,76.4,1,0,0,0,COLO STATE,1,0,1,0,,0,0,72.9,,75.5,0,144,30,0,0,0,0,18,0,1,59.4,0,0,3
157591,Ikenna Ezeogu,ED,0,0,,0,0,,IOWA STATE,0,D88,0,0,0,34,1,2027,50,,0,0,,2,0,0,13,1,0,53.9,0,0,0,0,IOWA STATE,0,0,2,0,,0,,58.8,,77.3,0,193,50,0,8,0,0,16,0,0,62.1,0,0,28
157592,Carson Willich,LB,0,0,,0,0,,IOWA STATE,0,D14,19,15,0,3,1,2027,2,77.9,0,0,62.3,0,0,6,0,0,0,65.9,0,0,0,0,IOWA STATE,0,0,0,0,,4,0,64.6,,73.2,0,193,21,0,0,0,0,12,0,2,56.5,0,0,2
157596,Treyveon McGee,S,2,0,,0,1,100,CHARLOTTE,0,D02,28,4,0,1,1,2026,6,30,32,2,49.1,0,0,19,0,0,0,43.9,0,1,0,0,CHARLOTTE,0,0,1,0,20,23,33.3,44.2,16,77.7,0,136,34,30,0,0,118.8,14,0,2,58.9,0,0,6
157597,John Klosterman,LB,1,0,,0,0,0,IOWA STATE,1,D22,22,17,0,5,1,2027,0,73.2,0,0,58,0,0,15,0,0,0,60.1,0,0,0,0,IOWA STATE,0,0,0,0,,5,0,56.8,,71.7,0,193,22,0,0,0,39.6,2,0,0,55.3,0,0,0
157602,Domonique Orange,DI,1,0,2026,0,0,0,IOWA STATE,1,D95,0,0,0,37,1,2026,57,70.2,0,0,73,2,0,2,0,46,0,70.9,0,1,0,0,IOWA STATE,1,0,3,0,,0,0,75.5,,78.9,0,193,57,0,11,1,39.6,18,0,0,65.5,0,0,0
157603,Myles Norwood,CB,1,0,,0,1,100,S CAROLINA,0,D03,6,0,0,0,1,2027,0,21.4,21,1,50.8,0,0,4,0,0,0,60,4,0,0,0,S CAROLINA,0,0,0,0,21,0,100,51,21,69.4,0,289,6,17,0,0,118.8,2,0,0,,2,0,0
157604,Trent Jones II,DI,0,0,,0,2,,UCONN,1,D89,0,0,1,11,1,2026,25,28.9,0,0,,2,0,0,2,0,0,58.1,0,0,0,0,UCONN,1,0,3,0,,0,50,55,,74,0,146,25,0,21,0,0,14,1,1,53.2,0,0,2
157613,Tyre West,ED,0,0,2026,0,0,,TENNESSEE,1,D42,0,0,0,12,1,2026,21,73.7,0,0,,0,0,0,1,0,0,55.9,0,0,0,0,TENNESSEE,1,0,0,0,,0,0,56.5,,74.9,0,307,21,0,1,0,0,9,0,1,58.8,0,0,19
157627,Max Alford,LB,2,0,,0,1,50,BYU,7,D30,53,50,1,11,1,2027,1,64.1,7,1,57,1,0,22,0,0,0,40.6,0,1,0,0,BYU,3,0,3,0,7,3,12.5,47.8,7,74.7,0,128,54,2,0,0,58.3,21,0,0,61,0,0,1
157632,Bronson Olevao Jr.,LB,0,0,,0,1,,UTAH ST,3,D14,62,60,0,13,1,2027,4,60.8,0,0,63.7,2,0,12,0,0,0,55.1,0,1,0,0,UTAH ST,3,0,3,0,,2,14.3,59.6,,77.6,0,329,66,0,0,0,0,41,0,3,62.7,0,0,4
157649,Malachi Madison,DI,0,0,,0,1,,UMASS,2,D54,0,0,0,7,1,2027,40,27.8,0,0,,0,0,0,1,5,0,62.8,0,0,2,0,UMASS,1,1,0,0,,0,25,52.6,,0,0,216,40,0,34,0,0,33,0,1,58.5,0,0,0
157650,Mansoor Delane,CB,2,0,2026,0,2,100,LSU,2,D04,55,5,0,1,1,2026,1,28.5,23,2,52.5,0,0,24,0,0,0,72.1,41,0,0,1,LSU,0,0,0,0,17,9,33.3,60.7,11.5,76.8,0,211,56,14,0,0,114.6,31,0,2,64.9,0,0,1
157669,Kevin Sjogren,ED,0,0,,0,1,,WYOMING,0,D55,0,0,0,4,1,2029,8,17.5,0,0,60,0,0,1,3,0,0,49,0,0,0,0,WYOMING,0,0,0,0,,0,100,45.4,,71.1,0,351,8,0,1,0,0,3,0,0,58.4,0,0,4
157679,Jaden Williams,DI,0,0,,0,0,,KENTUCKY,0,D91,0,0,0,1,1,2028,7,,0,0,,0,0,0,3,0,0,50.5,0,0,0,0,KENTUCKY,0,0,0,0,,0,,47.5,,70.2,0,202,7,0,3,0,0,6,0,0,60,0,0,1
157681,Caleb Merritt,CB,1,0,,0,0,0,WYOMING,0,D02,16,2,0,0,1,2027,0,,0,0,70.1,0,0,13,0,0,0,60,0,0,0,0,WYOMING,0,0,0,0,,13,,70.6,,74.6,0,351,16,0,0,0,39.6,3,0,0,,1,0,0
157702,Brady Kopetz,TE,0,0,,0,0,,COLORADO,0,86,1,0,0,1,1,2027,0,,0,0,,0,0,0,0,0,0,,0,0,0,0,COLORADO,0,0,0,0,,0,,60,,60,0,143,1,0,0,0,0,0,0,0,60,0,0,0
157706,Simeon Harris,CB,7,0,,0,1,71.4,FRESNO ST,6,D05,47,4,0,0,1,2028,4,61.1,26,5,67.2,0,0,20,0,0,0,75.4,0,0,0,0,FRESNO ST,2,0,0,0,8,42,14.3,71.2,5.2,79.7,0,169,51,27,0,0,77.1,31,0,0,,1,0,4
157712,Jeremy Mack Jr.,S,5,0,,0,0,40,DOMINION,3,D04,54,21,0,24,1,2026,16,80.5,10,2,68,1,0,31,0,0,0,47,0,0,1,0,DOMINION,2,0,1,0,6,32,0,63.5,5,83.9,0,263,70,8,0,0,47.9,15,0,1,64.6,0,0,16
157721,Mason Maddox,DI,0,0,,0,2,,KENT STATE,2,D06,0,0,0,17,1,2027,41,23.4,0,0,59.2,1,0,1,3,11,0,58.9,0,0,0,0,KENT STATE,2,0,1,0,,0,50,57.1,,76.9,0,201,41,0,27,0,0,23,0,0,57.6,0,0,0
157722,Dylan Dixson,CB,3,0,,0,1,100,MO STATE,4,D09,37,7,0,0,1,2027,1,51.3,32,3,59.9,0,1,27,0,0,0,70.7,0,0,0,0,MO STATE,1,0,0,0,14,30,20,62.7,10.7,76.6,0,230,38,28,0,0,71.5,11,0,0,,0,0,1
157735,Kamari Wilson,S,4,0,,0,2,50,MEMPHIS,7,D24,83,43,0,3,1,2027,2,65.4,15,2,71.7,0,0,50,0,0,0,69.1,0,0,0,0,MEMPHIS,4,0,0,0,9,5,16.7,72.6,7.5,77.6,0,218,85,4,0,1,59.4,32,0,3,65.7,35,0,2
157742,Miguel Mitchell,S,0,0,,0,0,,ARKANSAS,1,D16,11,8,0,0,1,2027,0,78.3,0,0,62.3,0,0,5,0,0,0,66.7,0,0,0,0,ARKANSAS,0,0,0,0,,1,0,66.3,,72.3,0,111,11,0,0,0,0,6,0,1,,2,0,0
157743,Chris McClellan,DI,0,0,2026,0,1,,MISSOURI,1,D07,0,0,0,22,1,2026,42,36.3,0,0,,2,0,0,2,5,0,64.5,0,0,0,1,MISSOURI,1,0,2,0,,0,33.3,72,,76.1,0,229,42,0,34,0,0,20,0,1,73.5,0,0,1
157747,Jack Pyburn,ED,0,0,2026,0,0,,LSU,5,D44,3,0,0,15,1,2026,38,80.2,0,0,61.9,2,0,3,1,0,0,70.6,0,0,0,0,LSU,1,0,2,0,,3,0,67.9,,80,0,211,41,0,0,0,0,23,0,1,57.8,0,0,37
157758,Sterling Lockett,WR,0,0,,0,0,,KANSAS ST,0,06,1,0,0,0,1,2027,0,,0,0,,0,0,0,0,0,0,60,0,0,0,0,KANSAS ST,0,0,0,0,,0,,60,,60,0,199,1,0,0,0,0,1,0,0,,0,0,0
157775,Uso Seumalo,DI,0,0,2026,0,0,,KANSAS ST,1,D99,0,0,0,13,1,2026,22,69.7,0,0,,0,0,0,1,4,0,71.9,0,0,0,1,KANSAS ST,1,0,0,0,,0,0,70.9,,73.8,0,199,22,0,17,0,0,9,0,0,61.3,0,0,0
157779,Jet Dineen,S,0,0,,0,0,,KANSAS ST,0,D14,1,0,0,0,1,2027,0,,0,0,,0,0,0,0,0,0,60,0,0,0,0,KANSAS ST,0,0,0,0,,0,,60,,60,0,199,1,0,0,0,0,1,0,0,,0,0,0
157780,VJ Payne,S,5,0,2026,0,1,80,KANSAS ST,2,D07,73,29,0,0,1,2026,1,55.7,38,4,64.4,0,0,45,0,0,0,59.8,0,0,0,0,KANSAS ST,0,0,0,0,14,15,20,63.6,9.5,79,0,199,74,43,0,1,98.3,29,0,2,,29,0,1
157785,Jordan Perry,S,0,0,,0,0,,TROY,0,D18,2,2,0,0,1,2027,0,,0,0,,0,0,0,0,0,0,60,0,0,0,0,TROY,0,0,0,0,,0,,61,,62.8,0,318,2,0,0,0,0,2,0,0,,0,0,0
157821,DeSean Brown,ED,0,0,,0,0,,OKLA STATE,2,D87,1,1,0,15,1,2027,21,72.9,0,0,,1,0,0,10,0,0,79.1,0,0,0,0,OKLA STATE,2,0,1,0,,0,0,69.6,,73.8,0,262,22,0,5,0,0,7,1,0,53.5,0,0,6
157822,Landon Dean,ED,0,0,,0,0,,OKLA STATE,0,D88,0,0,0,10,1,2027,12,,0,0,,0,0,0,8,0,0,60.3,0,0,0,0,OKLA STATE,0,0,0,0,,0,,56.6,,72.2,0,262,12,0,0,0,0,2,0,0,55.4,0,0,4
157870,Khalil Jacobs,LB,0,0,2026,0,0,,MISSOURI,3,D05,25,23,0,1,1,2026,4,79.2,0,0,63.6,0,0,13,0,0,0,70.5,0,0,0,0,MISSOURI,2,0,0,0,,2,0,69.7,,73,0,229,29,0,0,0,0,15,0,0,60,0,0,4
157874,Blayne Myrick,LB,5,0,,0,2,80,S ALABAMA,5,D32,69,55,0,4,1,2027,0,63.5,81,4,57.7,0,0,33,0,0,0,59.7,0,0,0,0,S ALABAMA,3,0,0,0,70,14,18.2,57.8,20.3,73.9,0,288,69,70,0,1,158.3,32,1,4,55.3,0,1,0
157887,A'tiq Muhammad,CB,0,0,,0,0,,KENT STATE,0,D01,13,2,0,1,1,2027,0,76.2,0,0,64.3,0,0,3,0,0,0,65,10,0,0,0,KENT STATE,0,0,0,0,,0,0,65.6,,72.3,0,201,13,0,0,0,0,9,0,2,58.1,1,0,0
157937,Jonathan Capo,S,0,0,,0,0,,BUFFALO,1,D04,1,0,0,0,1,2026,0,72.2,0,0,,0,0,0,0,0,0,61.1,0,0,0,0,BUFFALO,1,0,0,0,,0,0,67.1,,60,1,126,1,0,0,0,0,1,1,0,,0,0,0
157942,Devin Grant,S,1,0,2026,0,1,100,SYRACUSE,3,D23,33,9,0,3,1,2026,3,31.9,13,1,54.8,1,0,15,0,0,0,55.3,1,0,0,0,SYRACUSE,0,0,1,0,13,12,20,55.3,13,77.7,0,304,36,11,0,0,158.3,18,0,1,63,11,1,3
157948,Red Murdock,LB,4,0,2026,1,1,50,BUFFALO,9,D02,71,69,2,5,1,2026,5,72.2,19,2,69.2,0,0,34,0,0,1,83.5,0,0,0,0,BUFFALO,8,0,2,0,13,2,8.3,83.1,9.5,74.7,0,126,76,3,0,1,63.5,37,0,2,78.5,0,0,5
157953,Kam Olds,ED,1,0,,0,0,100,KENTUCKY,1,D01,2,0,0,8,1,2026,22,76.5,10,1,52.1,1,0,2,0,0,0,64.6,0,0,0,0,KENTUCKY,0,0,1,0,10,2,0,56.8,10,78.1,0,202,24,4,0,0,108.3,14,0,1,55.9,0,0,22
157955,Devin Morgan,DI,0,0,,0,0,,BUFFALO,0,D11,0,0,0,15,1,2027,28,70.2,0,0,60,0,0,1,3,1,0,59,0,0,0,0,BUFFALO,0,0,0,0,,0,0,56.9,,74.4,0,126,28,0,24,0,0,12,0,1,54.6,0,0,0
157956,Cornell Evans,DI,0,0,,0,1,,BUFFALO,2,D99,0,0,0,17,1,2027,33,26,0,0,59.9,0,0,1,0,1,0,65.3,0,0,0,0,BUFFALO,2,0,0,0,,0,33.3,61.9,,74.8,0,126,33,0,32,0,0,15,0,0,56.2,0,0,0
157963,Maguire Neal,S,4,0,,0,1,50,MO STATE,3,D00,61,30,0,0,1,2026,0,49.3,18,2,73,0,1,39,0,0,0,59.2,0,0,0,0,MO STATE,1,0,0,0,17,4,25,70.6,9,76.4,0,230,61,11,0,1,22.9,22,0,0,,27,0,0
157970,Reid Williford,LB,3,0,2026,0,2,66.7,CHARLOTTE,5,D40,39,34,2,5,1,2026,3,56.8,25,2,49.4,0,0,24,0,0,0,60.4,0,0,0,0,CHARLOTTE,4,0,2,0,13,4,22.2,56.1,12.5,74.4,0,136,42,19,0,0,92.4,13,0,2,71.5,0,0,3
157991,A.J. Odom,LB,0,0,,0,0,,BOWL GREEN,0,D44,0,0,0,0,1,2028,6,,0,0,60.5,0,0,2,0,0,0,55.1,0,0,0,0,BOWL GREEN,0,0,0,0,,0,,55.3,,72.2,0,122,6,0,0,0,0,4,0,0,,0,0,6
158021,Adam Trick,ED,0,0,,1,1,,MIAMI OH,0,D20,4,4,1,33,1,2027,59,49.6,0,0,,3,0,0,44,1,0,52,0,1,0,0,MIAMI OH,1,0,5,0,,0,33.3,69.4,,77.3,0,221,63,0,8,0,0,30,0,2,82.5,0,0,6
158024,Grant Lyons,ED,0,0,,0,0,,MIAMI OH,0,D43,0,0,0,3,1,2027,3,,0,0,,0,0,0,0,0,0,,0,0,0,0,MIAMI OH,0,0,0,0,,0,,58.4,,67.8,0,221,3,0,3,0,0,0,0,0,58.3,0,0,0
158025,Josh Lukusa,ED,0,0,,0,0,,MIAMI OH,0,D94,0,0,0,6,1,2027,17,71.3,0,0,,1,0,0,16,0,0,65.5,0,0,0,0,MIAMI OH,0,0,1,0,,0,0,63.8,,70.8,0,221,17,0,0,0,0,11,0,1,56.8,0,0,1
158027,Eli Coppess,S,1,0,,0,1,0,MIAMI OH,0,D26,32,15,0,2,1,2027,0,28.4,0,0,57.9,0,0,13,0,0,0,64.2,0,1,0,0,MIAMI OH,0,0,1,0,,17,50,60.1,,72.8,0,221,32,0,0,0,39.6,17,0,1,58.2,0,0,0
158037,Roy Williams,ED,0,0,,0,1,,N ILLINOIS,0,D97,0,0,0,37,1,2026,66,50,0,0,60,6,0,0,3,0,0,58,0,0,1,0,N ILLINOIS,0,0,6,0,,0,25,55.7,,5.4,0,254,66,0,3,0,0,29,0,3,59.2,0,0,60
158049,Jake Gassaway,LB,0,0,,0,0,,N ILLINOIS,0,D25,0,0,0,1,1,2027,2,,0,0,,0,0,0,0,0,0,60,0,0,0,0,N ILLINOIS,0,0,0,0,,0,,60.1,,68.1,0,254,2,0,0,0,0,1,0,0,60,0,0,2
158056,Andre Cobb,CB,1,0,,0,0,100,FRESNO ST,0,D02,13,1,0,0,1,2028,1,,1,1,63.8,0,0,6,0,0,0,61.5,0,0,0,0,FRESNO ST,0,0,0,0,1,12,,64.7,1,74.5,0,169,14,3,0,0,79.2,8,0,0,,0,0,1
158065,Reggie Jean,DI,0,0,,0,0,,N ILLINOIS,1,D90,0,0,0,5,1,2027,11,72.2,0,0,62.4,0,0,0,0,0,0,69.3,0,0,0,0,N ILLINOIS,1,0,0,0,,0,0,79.1,,71.3,0,254,11,0,11,0,0,6,1,0,65.7,0,0,0
158071,Kip Lewis,LB,3,0,,0,3,100,OKLAHOMA,8,D10,65,53,0,10,1,2027,8,57.9,21,3,62.2,1,0,32,0,0,0,76.7,0,0,0,0,OKLAHOMA,6,0,1,0,9,12,25,66.7,7,78.3,0,261,73,20,0,0,95.8,31,1,1,48.1,0,0,8
158074,Robert Spears-Jennings,S,6,0,2026,1,1,50,OKLAHOMA,8,D03,73,21,0,0,1,2026,0,78.8,66,3,47.9,0,0,46,0,0,0,65.8,0,0,0,0,OKLAHOMA,1,0,0,0,43,16,8.3,52.4,22,77.9,0,261,73,12,0,0,89.6,27,1,3,,36,0,0
158075,Alton Tarber IV,DI,0,0,,0,1,,COLO STATE,0,D94,0,0,0,12,1,2027,21,22.4,0,0,,0,0,0,0,18,0,29.7,0,0,0,0,COLO STATE,0,0,0,0,,0,50,32.3,,75.9,0,144,21,0,3,0,0,9,0,1,57,0,0,0
158080,R Mason Thomas,ED,0,0,2026,0,1,,OKLAHOMA,2,D32,0,0,0,41,1,2026,79,48.2,0,0,60.1,3,0,3,12,0,0,82.1,0,1,1,0,OKLAHOMA,2,0,4,0,,0,25,73.4,,11.4,0,261,79,0,3,0,0,35,1,1,65,0,0,64
158089,Kobie McKinzie,LB,1,0,,0,1,100,OKLAHOMA,1,D11,14,14,0,1,1,2027,1,26.4,14,1,40.2,0,0,8,0,0,0,73.5,0,0,0,0,OKLAHOMA,1,0,0,0,14,0,50,49,14,73,0,261,15,7,0,0,118.8,6,0,0,58.9,0,0,1
158091,Fatutoa Henry,ED,0,0,,0,0,,ALABAMA,0,D14,0,0,0,3,1,2027,3,,0,0,,1,0,0,0,0,0,,0,0,0,0,ALABAMA,0,0,1,0,,0,,65.2,,69.3,0,103,3,0,0,0,0,0,0,0,64.6,0,0,3
158098,Owen Heinecke,LB,5,0,,0,2,60,OKLAHOMA,5,D38,60,57,0,15,1,2027,2,54.3,28,3,49.6,0,0,20,0,0,0,72.2,0,1,0,1,OKLAHOMA,3,0,1,0,15,3,20,66.4,9.3,76.1,0,261,62,12,0,0,75.4,27,2,3,72,0,0,2
158101,Peyton Williams,S,2,0,,0,1,50,S CAROLINA,6,D31,61,28,0,0,1,2027,1,65.3,13,1,74.3,0,0,46,0,0,0,67.4,0,0,0,0,S CAROLINA,0,0,0,0,13,9,12.5,74.2,13,76.3,0,289,62,0,0,1,70.8,16,0,1,,24,0,1
158107,Felix Hixon,DI,0,0,,0,0,,MIDDLE TN,0,D91,0,0,0,7,1,2027,7,,0,0,,0,0,0,0,1,0,,0,0,0,0,MIDDLE TN,0,0,0,0,,0,,59,,70.2,0,224,7,0,6,0,0,0,0,0,58.6,0,0,0
158108,Bryan Thomas Jr.,ED,0,0,2026,0,0,,S CAROLINA,1,D46,0,0,1,41,1,2026,54,75.7,0,0,60,1,0,1,2,0,0,63.9,0,1,0,0,S CAROLINA,1,0,3,0,,0,0,59.8,,79.9,0,289,54,0,0,0,0,12,0,0,56.6,0,0,52
158115,Donovan Westmoreland,ED,1,0,,0,0,100,KENNESAW,0,D14,1,0,0,17,1,2028,28,,14,1,51.7,0,0,2,0,0,0,49,0,1,0,0,KENNESAW,0,0,1,0,14,1,,46.2,14,78,0,200,29,16,0,0,118.8,10,0,0,58.3,0,0,28
158116,DQ Smith,S,4,0,,0,3,100,S CAROLINA,4,D01,68,33,0,1,1,2027,1,29.6,25,4,53.4,0,0,50,0,0,0,37.1,0,0,0,0,S CAROLINA,1,0,0,0,11,8,42.9,48.3,6.3,76.5,0,289,69,20,0,0,132.3,18,0,0,59.4,27,1,1
158127,Emory Floyd,CB,4,0,,0,0,75,APP STATE,2,D06,75,0,0,0,1,2027,4,77.9,43,3,57.3,0,0,45,0,0,0,66.3,74,0,0,0,APP STATE,0,0,0,0,16,1,0,59,14.3,79.6,0,108,79,5,0,0,149,34,0,1,,0,1,4
158132,Fisher Camac,ED,0,0,,0,0,,VIRGINIA,2,D14,0,0,0,15,1,2027,28,73.7,0,0,,2,0,0,3,0,0,58.5,0,0,0,0,VIRGINIA,1,0,2,0,,0,0,61.8,,76,0,335,28,0,0,0,0,13,0,0,63.4,0,0,25
158140,Tatuo Martinson,DI,0,0,,0,0,,S DIEGO ST,0,D98,0,0,0,5,1,2026,5,,0,0,,0,0,0,0,0,0,,0,0,0,0,S DIEGO ST,0,0,0,0,,0,,57.4,,68.8,0,284,5,0,5,0,0,0,0,0,57.4,0,0,0
158149,SaVeon Brown,CB,5,0,,0,0,40,BUFFALO,1,D15,66,19,0,2,1,2027,4,74.8,30,2,51.7,0,0,34,0,0,0,64.5,0,0,0,0,BUFFALO,1,0,0,0,27,47,0,54.7,15,78.7,0,126,70,26,0,0,60.4,34,0,0,57.1,0,0,4
158152,Dillon Moore,LB,0,0,,0,1,,W MICHIGAN,0,D12,5,4,0,0,1,2027,0,25.6,0,0,62.2,1,0,5,0,0,0,,0,0,0,0,W MICHIGAN,0,0,1,0,,1,100,53.2,,69,0,347,5,0,0,0,0,0,0,0,48.6,0,0,0
158173,Malachi Finau,DI,0,0,,0,0,,S DIEGO ST,1,D55,0,0,0,12,1,2028,24,69.7,0,0,60,2,0,0,0,0,0,59.7,0,0,0,0,S DIEGO ST,1,0,2,0,,0,0,72.6,,73.7,0,284,24,0,24,0,0,12,0,0,79.7,0,0,0
158196,Jared Badie,DI,0,0,,0,0,,S DIEGO ST,0,D31,0,0,0,14,1,2027,15,,0,0,60,0,0,1,0,0,0,,0,0,0,0,S DIEGO ST,0,0,0,0,,0,,59.7,,72.9,0,284,15,0,12,0,0,0,0,0,59.1,0,0,3
158197,Matthew Bailey,S,3,0,,0,1,33.3,ILLINOIS,5,D07,57,24,0,0,1,2027,5,65.1,5,1,65.4,0,0,35,0,0,0,47.6,2,0,0,0,ILLINOIS,1,0,0,0,5,9,14.3,59.5,5,76.8,0,187,62,10,0,0,42.4,27,0,1,,22,0,5
158208,Malachi Hood,LB,3,0,,0,1,66.7,ILLINOIS,3,D45,37,28,0,0,1,2027,1,44.1,21,2,51.5,0,0,23,0,0,0,28.5,0,0,0,0,ILLINOIS,2,0,0,0,12,9,25,37.2,10.5,76.3,0,187,38,13,0,0,126.4,15,0,0,,0,1,1
158210,Gabe Jacas,ED,1,0,2026,0,1,100,ILLINOIS,2,D17,2,1,0,27,1,2026,44,51.2,2,1,37.9,1,0,2,8,0,0,64.5,0,0,0,0,ILLINOIS,2,0,1,0,2,1,25,54.2,2,79.4,0,187,46,3,1,0,118.8,17,0,1,59.7,0,1,35
158211,James Kreutz,LB,1,0,,0,0,0,ILLINOIS,2,D41,18,17,0,0,1,2027,0,77.6,0,0,72.7,1,0,14,0,0,0,66.9,0,0,0,0,ILLINOIS,1,0,1,0,,1,0,76.7,,72.1,0,187,18,0,0,1,39.6,4,0,1,,0,0,0
158216,Elijah Mc-Cantos,S,8,0,,0,0,62.5,APP STATE,1,D13,80,44,0,0,1,2027,4,78.8,47,5,52,0,0,48,0,0,0,67.9,0,0,0,0,APP STATE,1,0,0,0,16,34,0,57.2,9.4,75,0,108,84,9,0,0,78.6,36,0,2,,2,0,4
158235,Stone Combs,LB,1,0,,0,1,100,NEVADA,6,D33,41,37,0,3,1,2027,5,73.8,5,1,60.2,0,0,16,0,0,0,85.7,0,0,1,0,NEVADA,1,0,0,0,5,4,9.1,71.1,5,0,0,239,46,0,0,0,87.5,27,0,4,56.4,0,0,5
158241,Jonathan Maldonado,ED,2,0,,0,1,100,NEVADA,1,D09,2,1,1,26,1,2027,56,74.4,11,2,52.2,2,0,6,2,0,0,59.8,0,0,0,0,NEVADA,1,0,3,0,10,1,50,60.6,5.5,79.8,0,239,58,3,0,0,89.6,26,0,0,64.8,0,0,54
158249,Victor Snow,WR,0,0,,0,0,,BUFFALO,0,00,1,0,0,0,1,2027,0,,0,0,,0,0,0,0,0,0,60,0,0,0,0,BUFFALO,0,0,0,0,,0,,60,,60,0,126,1,0,0,0,0,1,0,0,,0,0,0
158266,Drenon Fite III,ED,1,0,,0,0,100,LA LAFAYET,4,D31,0,0,0,6,1,2027,22,77.9,13,1,52.4,0,0,4,2,0,0,74.3,0,0,0,0,LA LAFAYET,2,0,0,0,13,0,0,65.2,13,75.8,0,207,22,8,0,0,118.8,12,0,1,57.5,0,0,20
158276,Ahmaad Moses,S,3,0,,0,2,33.3,SMU,2,D03,74,15,0,1,1,2027,2,28.9,3,1,62,0,1,43,0,0,0,50.3,0,0,0,0,SMU,0,0,0,0,3,10,50,58.5,3,78.1,0,287,76,6,0,0,2.8,32,0,0,60,48,0,2
158282,Isaiah Smith,ED,0,0,2026,0,1,,SMU,4,D01,2,1,0,39,1,2026,69,55.1,0,0,61.2,2,0,2,0,0,0,72.8,0,3,0,0,SMU,4,0,5,0,,1,14.3,70.7,,82.1,0,287,71,0,0,0,0,30,2,2,61.9,0,0,69
158296,Gregory Delaine Jr.,CB,0,0,,0,0,,SYRACUSE,0,D32,11,2,0,0,1,2027,1,,0,0,62.6,0,0,4,0,0,0,44.5,8,0,0,0,SYRACUSE,0,0,0,0,,1,,52.2,,71.8,0,304,12,0,0,0,0,8,0,0,,0,0,1
158300,Denis Jaquez Jr.,ED,0,0,,0,1,,SYRACUSE,1,D11,0,0,0,21,1,2026,46,33.9,0,0,,1,0,0,5,0,0,64.4,0,0,0,0,SYRACUSE,1,0,1,0,,0,50,60.2,,77.9,0,304,46,0,4,0,0,25,0,0,53.6,0,0,37
158301,Kevin Jobity Jr.,DI,0,0,2026,0,0,,SYRACUSE,3,D94,0,0,1,23,1,2026,44,74.6,0,0,60,1,0,0,5,13,0,59.8,0,0,0,0,SYRACUSE,3,0,2,0,,0,0,65.5,,77,0,304,44,0,26,0,0,21,0,0,68,0,0,0
158303,Mekhi Mason,LB,5,0,,0,0,60,LA TECH,1,D09,54,40,0,11,1,2027,10,78.5,30,3,52.6,1,0,27,0,0,0,60.7,0,1,0,1,LA TECH,0,0,2,0,15,14,0,56.7,10,76.4,0,208,64,29,0,0,116.7,26,0,2,62.9,0,1,10
158305,Cornell Perry,S,1,0,,0,2,100,SYRACUSE,6,D19,34,17,0,3,1,2027,2,53,13,1,55,0,0,14,0,0,0,68.8,0,0,0,0,SYRACUSE,0,0,0,0,13,6,20,60.8,13,75.9,0,304,36,11,0,0,118.8,19,0,2,58.5,11,0,2
158316,Jeremiah Earby,CB,8,0,,0,0,50,BOISE ST,3,D06,50,0,0,0,1,2026,0,77.9,28,4,89.6,0,2,32,0,0,0,62.7,45,0,0,0,BOISE ST,0,0,0,0,13,2,0,89.1,7,76.3,0,120,50,5,0,0,18.8,18,0,0,,2,0,0
158329,Cam Sidney,S,3,0,,0,2,33.3,CAL,3,D20,68,16,0,3,1,2027,1,55,7,1,46.8,1,1,17,0,0,0,61.8,0,0,0,0,CAL,0,0,1,0,7,43,33.3,52.9,7,78.8,0,130,69,3,0,0,2.8,49,0,1,58.4,9,0,1
158333,Moso'oipala Tuitele,ED,0,0,,0,0,,COLO STATE,0,D91,0,0,0,4,1,2027,28,,0,0,,0,0,0,13,0,0,34.2,0,0,0,0,COLO STATE,0,0,0,0,,0,,35.5,,75.4,0,144,28,0,4,0,0,24,0,0,58,0,0,11
158344,Da'Shawn Davis,ED,0,0,,0,0,,GA SOUTHRN,1,D90,0,0,0,7,1,2027,10,71.1,0,0,,1,0,0,1,0,0,55.3,0,0,0,0,GA SOUTHRN,0,0,1,0,,0,0,55.5,,72.4,0,174,10,0,0,0,0,3,0,0,60.7,0,0,9
158346,Elhadj Fall,ED,1,0,,0,0,100,VA TECH,1,D94,1,0,0,32,1,2027,44,73,7,1,48.2,2,0,5,7,0,0,56.8,1,1,0,0,VA TECH,0,0,3,0,7,0,0,44.9,7,77.6,0,337,45,6,2,0,95.8,8,0,0,50.7,0,0,35
158350,Tracy Hill Jr.,CB,6,0,,0,0,66.7,GA SOUTHRN,6,D12,80,4,0,3,1,2027,1,82.5,30,4,60.1,0,0,38,0,0,0,53.9,71,0,2,0,GA SOUTHRN,1,0,0,0,14,5,0,58.4,7.5,77.9,0,174,81,21,0,0,78.5,40,0,1,55.9,0,0,1
158351,Zyere Horton,LB,0,0,,0,0,,FAU,0,D28,14,14,0,1,1,2027,0,76.1,0,0,60.4,0,0,2,0,0,0,48.8,0,0,0,0,FAU,0,0,0,0,,0,0,49.6,,72,0,165,14,0,0,0,0,11,0,2,59.3,0,0,0
158364,Marc Stampley II,CB,1,0,,0,0,0,HOUSTON,0,D22,19,5,0,2,1,2026,0,,0,0,73.7,0,0,13,0,0,0,60,0,0,0,0,HOUSTON,0,0,0,0,,14,,72.7,,72.2,0,182,19,0,0,1,39.6,4,0,0,57.1,0,0,0
158366,MJ Stroud,ED,0,0,,0,0,,GA SOUTHRN,4,D00,17,17,0,11,1,2027,21,78,0,0,63.6,0,0,10,2,0,0,79.5,0,0,0,0,GA SOUTHRN,3,0,0,0,,0,0,72.4,,78.4,0,174,38,0,2,0,0,17,2,0,54.2,0,0,17
158369,Ashton Whitner,S,0,0,,0,2,,BALL ST,2,D07,24,14,0,0,1,2027,0,39.7,0,0,61.8,0,0,4,0,0,0,60.7,0,0,0,0,BALL ST,1,0,0,0,,2,40,61.5,,73.5,0,117,24,0,0,0,0,20,0,1,,8,0,0
158389,Jaden Mangham,S,0,0,,0,0,,MICHIGAN,1,D03,22,2,0,1,1,2028,2,76.2,0,0,45.3,0,0,11,0,0,0,57.8,0,0,0,0,MICHIGAN,0,0,0,0,,0,0,45.1,,74.2,0,222,24,0,0,0,0,12,0,0,60,20,0,2
158393,Ben Nelson,DI,0,0,,0,0,,MICH STATE,0,D75,0,0,0,0,1,2027,1,,0,0,,0,0,0,0,1,0,60,0,0,0,0,MICH STATE,0,0,0,0,,0,,60,,67.5,0,223,1,0,0,0,0,1,0,0,,0,0,0
158396,James Schott,ED,0,0,,0,0,,MIAMI OH,0,D32,0,0,0,13,1,2028,23,,0,0,59.5,1,0,1,12,0,0,66.6,0,0,0,0,MIAMI OH,0,0,1,0,,0,,63.2,,73.5,0,221,23,0,11,0,0,9,0,0,59.9,0,0,0
158397,Malik Spencer,S,0,0,2026,0,0,,MICH STATE,2,D43,68,29,0,1,1,2026,0,79.3,0,0,66.1,0,0,22,0,0,0,65.3,2,0,0,0,MICH STATE,1,0,0,0,,7,0,66.4,,76.6,0,223,68,0,0,0,0,45,0,1,60,30,0,0
158399,Dillon Tatum,CB,1,0,,0,0,0,NWESTERN,0,D08,2,0,0,0,1,2027,0,,0,0,51.9,0,0,2,0,0,0,,0,0,0,0,NWESTERN,0,0,0,0,,2,,47.8,,65.8,0,256,2,0,0,0,39.6,0,0,0,,0,0,0
158400,Alex VanSumeren,DI,0,0,,0,0,,MICH STATE,3,D91,0,0,0,15,1,2027,52,75,0,0,60,1,0,0,3,5,0,54.8,0,0,0,1,MICH STATE,1,0,1,0,,0,0,58.8,,76.2,0,223,52,0,44,0,0,37,0,2,67.3,0,0,0
158404,Zion Young,ED,0,0,2026,0,1,,MISSOURI,2,D09,0,0,0,24,1,2026,43,42.5,0,0,,1,0,0,8,0,0,76.1,0,1,0,0,MISSOURI,2,0,2,0,,0,33.3,78.2,,77.3,0,229,43,0,3,0,0,19,0,0,70,0,0,32
158406,Maxie Baudoin IV,DI,0,0,,0,0,,LA LAFAYET,1,D95,0,0,1,12,1,2027,21,71.8,0,0,,0,0,0,1,8,0,68.3,0,0,0,0,LA LAFAYET,2,0,1,0,,0,0,68.9,,75.3,0,207,21,0,12,0,0,9,0,1,62.4,0,0,0
158423,Parker Petersen,DI,0,0,2026,0,0,,WISCONSIN,1,D99,0,0,0,2,1,2026,8,69.7,0,0,,0,0,0,0,2,0,60.2,0,0,0,0,WISCONSIN,1,0,0,0,,0,0,59.5,,71,0,349,8,0,5,0,0,6,0,0,58.6,0,0,1
158424,Rayshawn Pleasant,CB,1,1,,0,0,0,AUBURN,0,D14,21,2,0,0,1,2028,0,73.1,0,0,95.7,0,2,12,0,0,0,69.5,18,0,0,0,AUBURN,0,0,0,0,,1,0,95.5,,72.9,0,115,21,0,0,0,0,9,0,1,,0,0,0
158427,Kentrell Webb,S,5,0,,0,1,20,HOUSTON,2,D08,71,21,0,0,1,2027,0,27.2,18,1,65.8,0,0,57,0,0,0,63.6,0,0,0,0,HOUSTON,0,0,0,0,18,13,33.3,66.4,18,78.2,0,182,71,15,0,2,42.1,14,0,0,,37,0,0
158447,Nikai Martinez,S,2,0,,0,1,100,MICH STATE,4,D01,67,12,0,0,1,2027,1,63.5,36,2,47.4,0,0,23,0,0,0,58,11,0,0,0,MICH STATE,1,0,0,0,27,13,14.3,51.5,18,77.8,0,223,68,11,0,0,118.8,45,0,2,,31,0,1
158473,Lander Barton,LB,0,0,2026,0,1,,UTAH,0,D08,11,11,0,3,1,2026,0,20.1,0,0,48.2,2,0,4,0,0,0,62.5,0,0,0,0,UTAH,0,0,2,0,,0,100,46,,70.3,0,328,11,0,0,0,0,4,0,0,55,0,0,0
158479,Elijah Davis,CB,1,0,,0,0,100,UTAH,3,D09,41,1,0,0,1,2027,0,78.8,14,1,64.4,0,0,26,0,0,0,63,30,0,0,0,UTAH,0,0,0,0,14,9,0,65.1,14,75.8,0,328,41,0,0,0,118.8,15,0,0,,1,0,0
158490,Tao Johnson,S,1,0,,0,0,0,UTAH,1,D05,48,11,0,0,1,2028,0,73.6,0,0,75.8,0,1,31,0,0,0,65.1,1,0,0,0,UTAH,0,0,0,0,,6,0,75,,77.4,0,328,48,0,0,1,0,17,0,0,,30,0,0
158510,Peter Eyabi,ED,0,0,,0,0,,WYOMING,1,D18,0,0,0,11,1,2027,17,73.7,0,0,60,1,0,1,3,0,0,72,0,0,0,0,WYOMING,1,0,1,0,,0,0,70.5,,74,0,351,17,0,1,0,0,5,0,1,60.4,0,0,13
158514,Bryson Lamb,DI,0,0,,0,1,,WASH STATE,0,D99,0,0,0,33,1,2027,47,28.6,0,0,,2,0,0,19,1,0,45.8,0,1,0,1,WASH STATE,0,0,3,0,,0,50,57.9,,75.7,0,341,47,0,27,0,0,14,0,1,67.7,0,0,0
158522,Javan Robinson,CB,0,0,,0,0,,ARIZONA ST,0,D12,54,2,0,0,1,2027,2,,0,0,67.8,0,0,19,0,0,0,65.1,52,0,0,0,ARIZONA ST,0,0,0,0,,0,,68.2,,77,0,110,56,0,0,0,0,37,0,0,,0,0,2
158524,Jakobus Seth,DI,0,0,,0,0,,NEVADA,0,D72,0,0,0,0,1,2027,8,,0,0,,0,0,0,0,0,0,65.8,0,0,0,0,NEVADA,0,0,0,0,,0,,67.6,,70.6,0,239,8,0,8,0,0,8,0,0,,0,0,0
158538,Kody Jones,S,2,0,,0,0,50,KENNESAW,1,D12,45,14,0,1,1,2027,4,77.8,-2,1,66.5,0,0,25,0,0,0,67.2,0,0,0,0,KENNESAW,1,0,0,0,-2,31,0,68,-2,76.4,0,200,49,5,0,0,56.3,23,1,0,60,0,0,4
158543,Derrick Moore,ED,1,0,2026,0,0,100,MICHIGAN,3,D08,4,4,1,26,1,2026,44,80.2,4,1,60.7,2,0,3,0,0,0,73.5,0,1,0,0,MICHIGAN,3,0,4,0,4,0,0,81.6,4,80.7,0,222,48,0,0,0,83.3,19,0,1,77.8,0,0,44
158546,Keon Sabb,S,1,0,,0,0,0,ALABAMA,3,D03,73,9,0,0,1,2027,1,80.9,0,0,69.2,0,0,46,0,0,0,62.1,0,0,0,0,ALABAMA,0,0,0,0,,8,0,68.2,,79.3,0,103,74,0,0,0,39.6,28,0,1,,56,0,1
158551,Devyn Bobby,S,0,0,2026,0,1,,BAYLOR,7,D03,69,29,0,0,1,2026,1,71.7,0,0,67.2,0,0,26,0,0,0,67.7,2,0,0,0,BAYLOR,2,0,0,0,,2,10,68.4,,77.8,0,118,70,0,0,0,0,44,0,2,,36,0,1
158552,Reggie Bush II,CB,0,0,,0,0,,BAYLOR,0,D22,52,2,0,0,1,2027,0,,0,0,67.9,0,0,19,0,0,0,64.8,49,0,0,0,BAYLOR,0,0,0,0,,1,,68.5,,76.1,0,118,52,0,0,0,0,33,0,0,,0,0,0
158556,Jeremy Evans,LB,1,0,,0,1,100,BAYLOR,2,D42,8,7,0,0,1,2027,0,35.2,2,1,68.9,0,0,1,0,0,0,44.8,0,0,0,0,BAYLOR,1,0,0,0,2,1,33.3,59.3,2,69.1,0,118,8,7,0,0,79.2,7,0,0,,0,0,0
158561,Kyler Jordan,ED,0,0,,0,0,,BAYLOR,2,D40,0,0,0,3,1,2027,16,76.7,0,0,60,1,0,1,3,0,0,70.1,0,0,0,0,BAYLOR,1,0,1,0,,0,0,69.8,,74.6,0,118,16,0,0,0,0,12,0,1,57.8,0,0,13
158563,Jackie Marshall,DI,0,0,2026,0,0,,BAYLOR,3,D00,0,0,0,23,1,2026,66,79,0,0,60,0,0,1,5,1,0,67.7,0,0,0,0,BAYLOR,2,0,0,0,,0,0,68.5,,78.6,0,118,66,0,10,0,0,42,1,5,63.8,0,0,50
158573,Devonte Tezino,DI,0,0,,0,1,,BAYLOR,1,D59,0,0,0,20,1,2027,58,35.7,0,0,,1,0,0,6,4,0,50,0,0,0,0,BAYLOR,0,0,1,0,,0,33.3,47.9,,77.1,0,118,58,0,48,0,0,38,0,1,49.6,0,0,0
158576,Oumar Conde,DI,0,0,,0,0,,C MICHIGAN,0,D90,0,0,0,9,1,2027,9,,0,0,,0,0,0,0,0,0,,0,0,0,0,C MICHIGAN,0,0,0,0,,0,,56.2,,70.8,0,134,9,0,9,0,0,0,0,0,56.1,0,0,0
158577,Ed Conoran,S,1,0,,0,0,0,C MICHIGAN,1,D07,7,3,0,0,1,2027,0,75.3,0,0,80.5,0,0,7,0,0,0,,0,0,0,0,C MICHIGAN,0,0,0,0,,0,0,78.5,,70.4,0,134,7,0,0,1,39.6,0,0,0,,4,0,0
158579,Jayden Davis,S,0,0,,0,0,,W MICHIGAN,0,D23,4,0,0,0,1,2026,0,,0,0,60.8,0,0,2,0,0,0,60,0,0,0,0,W MICHIGAN,0,0,0,0,,0,,60.8,,67.5,0,347,4,0,0,0,0,2,0,0,,4,0,0
158594,Kyle Krebs,CB,1,0,,0,0,0,C MICHIGAN,0,D23,14,0,0,0,1,2027,0,,0,0,74.9,0,0,10,0,0,0,60,14,0,0,0,C MICHIGAN,0,0,0,0,,0,,75.6,,72.5,0,134,14,0,0,1,39.6,4,0,0,,0,0,0
158595,Jordan Kwiatkowski,LB,8,0,,0,1,62.5,C MICHIGAN,5,D12,47,45,1,11,1,2026,4,65.9,48,5,46.7,3,0,26,0,0,0,90.1,0,0,0,0,C MICHIGAN,4,0,4,0,15,2,11.1,72,9.6,75.8,0,134,51,24,0,0,79.2,14,0,3,85.6,0,0,4
158608,Donovan Branch,ED,1,0,,0,0,100,UCONN,4,D11,4,3,0,11,1,2026,29,78,8,1,52.1,2,0,3,0,0,0,68.7,0,0,0,0,UCONN,3,0,2,0,8,1,0,66.2,8,78.8,0,146,33,8,0,0,100,19,1,0,67.9,0,0,29
158609,D'Mon Brinson,S,7,0,,0,2,85.7,UCONN,5,D03,78,26,0,0,1,2027,0,59.8,47,6,49.3,0,0,26,0,0,0,42.5,0,0,0,0,UCONN,2,0,0,0,28,35,20,45.9,7.8,78.7,0,146,78,37,0,0,94.6,52,0,3,,17,0,0
158619,Matt Hoffman,ED,0,0,,0,0,,UCONN,0,D94,0,0,0,12,1,2027,24,,0,0,,0,0,0,7,0,0,60.7,0,1,0,0,UCONN,0,0,1,0,,0,,58.8,,74.7,0,146,24,0,1,0,0,12,0,0,56,0,0,16
158623,Lee Molette III,S,1,0,,0,3,100,UCONN,5,D21,78,31,0,0,1,2028,0,40.2,13,1,54.5,0,0,26,0,0,0,62.9,0,0,0,0,UCONN,2,0,0,0,13,5,33.3,58.4,13,77.8,0,146,78,7,0,0,118.8,52,0,1,,42,0,0
158626,Tim Passmore Jr.,DI,0,0,,0,0,,UMASS,1,D90,0,0,0,11,1,2028,42,69.9,0,0,,0,0,0,0,31,0,73.9,0,0,1,0,UMASS,1,0,0,0,,0,0,67.6,,0,0,216,42,0,11,0,0,31,0,1,57.8,0,0,0
158637,Nathan Voorhis,ED,0,0,2026,0,2,,BALL ST,6,D44,0,0,1,10,1,2026,43,55.4,0,0,60,2,0,0,2,0,0,62.8,0,0,0,0,BALL ST,6,0,3,0,,0,25,67.4,,78.8,0,117,43,0,1,0,0,33,1,0,79.4,0,0,40
158644,Gabriel Brownlow-Dindy,DI,0,0,,0,0,,S CAROLINA,0,D99,0,0,0,4,1,2027,4,,0,0,,1,0,0,0,0,0,,0,0,0,0,S CAROLINA,0,0,1,0,,0,,58.1,,68.3,0,289,4,0,4,0,0,0,0,0,58,0,0,0
158656,Jarred Kerr,S,0,0,,0,0,,TEXAS A&M,3,D33,12,9,0,0,1,2026,0,79.7,0,0,66.4,0,0,8,0,0,0,64,0,0,0,0,TEXAS A&M,0,0,0,0,,1,0,71,,70.7,0,312,12,0,0,0,0,4,0,0,,2,0,0
158667,LT Overton,ED,0,0,2026,0,0,,ALABAMA,3,D22,0,0,0,27,1,2026,50,51.8,0,0,47.6,0,0,2,14,2,0,74.8,0,1,0,0,ALABAMA,2,0,1,0,,0,0,63.9,,78,0,103,50,0,3,0,0,21,0,0,59.7,0,0,31
158669,Kent Robinson,CB,0,0,,0,0,,W KENTUCKY,0,D11,1,0,0,0,1,2026,0,,0,0,60,0,0,1,0,0,0,,1,0,0,0,W KENTUCKY,0,0,0,0,,0,,60.7,,63.8,0,346,1,0,0,0,0,0,0,0,,0,0,0
158676,Malick Sylla,ED,1,0,,0,0,100,MISS STATE,5,D08,11,11,0,21,1,2026,27,79.5,-1,1,79.6,1,0,8,3,0,0,74.5,0,1,0,0,MISS STATE,3,0,2,0,-1,0,0,72.8,-1,78,0,227,38,0,2,0,79.2,9,3,0,52.2,0,0,22
158689,Austin Brown,S,5,0,2026,0,4,80,WISCONSIN,6,D09,66,29,0,0,1,2026,0,36.5,46,4,31.3,0,0,24,0,0,0,36,0,0,1,0,WISCONSIN,1,1,0,0,19,4,40,30.1,11.5,76.9,0,349,66,2,0,0,105,42,0,0,,33,0,0
158698,Charlie Jarvis,S,0,0,,0,0,,WISCONSIN,0,D34,1,0,0,1,1,2027,0,,0,0,,0,0,0,0,0,0,,0,0,0,0,WISCONSIN,0,0,0,0,,0,,60,,60,0,349,1,0,0,0,0,0,0,0,60,0,0,0
158699,Gabe Kirschke,ED,0,0,,1,1,,WAKE,2,D10,0,0,1,22,1,2027,33,57.5,0,0,63.4,1,0,0,7,0,0,77.4,0,0,0,0,WAKE,3,0,2,0,,0,25,90.2,,76.7,0,339,33,0,1,0,0,11,0,1,85.4,0,0,25
158706,Curt Neal,DI,0,0,,0,0,,ILLINOIS,0,D99,0,0,0,5,1,2028,7,,0,0,,0,0,0,0,5,0,60,0,0,0,0,ILLINOIS,0,0,0,0,,0,,50.1,,72.6,0,187,7,0,2,0,0,2,0,0,57.8,0,0,0
158715,Jai-Ayviauynn Celestine,CB,2,0,,0,0,50,FIU,0,D07,16,3,0,0,1,2027,0,,7,1,55.6,0,0,8,0,0,0,60.9,13,0,0,0,FIU,0,0,0,0,7,0,,56.8,7,72.2,0,166,16,8,0,0,58.3,8,0,0,,0,0,0
158719,Tacario Davis,CB,2,0,2026,0,0,100,WASHINGTON,4,D08,66,2,0,1,1,2026,0,79.5,6,2,54.5,0,1,36,0,0,0,66.1,54,0,3,0,WASHINGTON,0,1,0,0,4,10,0,53,3,0,0,340,66,0,0,0,39.6,29,0,0,59.1,0,0,0
158728,Isaiah Johnson,DI,0,0,,0,0,,N CAROLINA,3,D94,0,0,1,16,1,2027,29,75.5,0,0,,0,0,0,0,15,0,62.8,0,0,1,0,N CAROLINA,3,0,1,0,,0,0,65.8,,0,0,245,29,0,14,0,0,13,0,1,76.5,0,0,0
158730,Jacob Rich Kongaika,DI,0,0,,0,0,,ARIZONA ST,3,D98,0,0,0,13,1,2026,45,74.2,0,0,60,1,0,0,1,10,0,65.3,0,0,0,0,ARIZONA ST,2,0,1,0,,0,0,64.2,,76.3,0,110,45,0,34,0,0,32,0,1,56.3,0,0,0
158731,Sterling Lane II,ED,0,0,,0,0,,BOISE ST,0,D13,0,0,0,1,1,2027,1,,0,0,,0,0,0,0,0,0,,0,0,0,0,BOISE ST,0,0,0,0,,0,,59.7,,65.6,0,120,1,0,0,0,0,0,0,0,59.2,0,0,1
158734,Tyler Martin,LB,0,0,,0,0,,UMASS,5,D05,68,67,0,3,1,2027,0,83.5,0,0,54.1,0,0,12,0,0,0,71.4,0,0,0,0,UMASS,4,0,0,0,,1,0,66.8,,75,0,216,68,0,0,0,0,53,0,5,56.8,0,0,0
158740,Ephesians Prysock,CB,6,0,2026,0,0,83.3,WASHINGTON,9,D07,62,4,0,1,1,2026,1,84.9,24,5,62.8,0,0,36,0,0,0,81.2,48,0,0,0,WASHINGTON,3,0,0,0,9,4,0,69.6,4.8,77.3,0,340,63,13,0,0,122.9,26,0,2,66.8,6,1,1
158748,Ta'ita'i Uiagalelei,DI,0,0,,0,0,,WASHINGTON,0,D11,0,0,0,26,1,2027,42,,0,0,,3,0,0,7,0,0,33.4,0,0,1,0,WASHINGTON,0,0,3,0,,0,,53.6,,0,0,340,42,0,35,0,0,16,0,0,84.3,0,0,0
158751,Jermaine Wiggins Jr.,ED,0,0,,0,0,,UMASS,1,D97,0,0,0,5,1,2027,26,74.7,0,0,,0,0,0,0,0,0,58.2,0,0,1,0,UMASS,0,0,0,0,,0,0,50.8,,0,0,216,26,0,0,0,0,21,0,1,58.2,0,0,26
158753,Aaron Alexander,LB,3,0,,0,0,66.7,ARK STATE,7,D25,61,51,0,3,1,2027,3,83.6,26,2,67.3,1,0,32,0,0,0,73.3,0,0,0,1,ARK STATE,4,0,1,0,25,10,0,74.3,13,75.6,0,113,64,10,0,0,93.8,29,0,1,72,0,0,3
158766,Jeremiah McGill,S,0,0,,0,1,,UMASS,2,D06,36,23,0,0,1,2027,2,54.5,0,0,66.7,0,0,10,0,0,0,58.7,1,0,0,0,UMASS,0,0,0,0,,9,33.3,63.6,,76.5,0,216,38,0,0,0,0,28,0,0,,3,0,2
158780,Eric Butler,CB,7,0,2026,0,3,100,S DIEGO ST,2,D06,47,10,0,0,1,2026,0,25.1,56,7,45.3,0,0,34,0,0,0,33.2,0,0,0,0,S DIEGO ST,2,0,0,0,14,35,60,40.2,8,77.8,0,284,47,62,0,0,100,13,0,0,,2,0,0
158790,Ryan Henderson,ED,0,0,,0,0,,S DIEGO ST,0,D10,1,1,1,26,1,2027,36,70.2,0,0,58.9,2,0,2,4,3,0,55.4,0,1,0,0,S DIEGO ST,1,0,4,0,,0,,61.5,,77.3,0,284,37,0,10,0,0,9,0,0,64.9,0,0,19
158791,Josh Hunter,S,0,0,,0,0,,S DIEGO ST,1,D29,13,5,0,0,1,2028,0,74.8,0,0,63.8,0,0,11,0,0,0,60.9,0,0,0,0,S DIEGO ST,0,0,0,0,,0,0,65.4,,71.7,0,284,13,0,0,0,0,2,0,0,,8,0,0
158794,Chris Johnson,CB,6,0,2026,0,0,50,S DIEGO ST,6,D01,54,8,0,2,1,2026,1,59.5,26,3,51.2,0,0,34,0,0,0,60.4,43,1,1,0,S DIEGO ST,1,0,1,0,12,3,0,54.5,8.7,76.4,0,284,55,4,0,0,61.8,19,1,0,71,0,0,1
158810,Trey White,ED,0,0,,0,0,,S DIEGO ST,1,D02,0,0,0,32,1,2027,46,34.2,0,0,60,3,0,1,0,0,0,63.2,0,2,0,0,S DIEGO ST,1,0,5,0,,0,0,61.3,,80.5,0,284,46,0,0,0,0,13,0,0,58.5,0,0,46
158931,Don Saunders,CB,1,0,,0,0,100,UTAH,1,D04,31,1,0,0,1,2028,0,73.5,13,1,67.3,0,0,19,0,0,0,61.7,29,0,1,0,UTAH,0,0,0,0,13,1,0,62.8,13,0,0,328,31,15,0,0,118.8,12,0,0,,0,0,0
158938,Soni Finau,DI,0,0,,0,2,,WASH STATE,1,D53,0,0,0,16,1,2026,24,27.8,0,0,,2,0,0,2,0,0,73.7,0,0,0,0,WASH STATE,1,0,2,0,,0,66.7,66.3,,73.8,0,341,24,0,22,0,0,8,0,0,54.1,0,0,0
158982,Ormanie Arnold,CB,2,0,,0,0,100,CINCINNATI,2,D08,26,2,0,0,1,2027,0,77.9,28,2,35.4,0,0,15,0,0,0,71,24,0,3,0,CINCINNATI,0,1,0,0,16,0,0,40.9,14,73.8,0,138,26,6,0,0,118.8,11,0,1,,0,0,0
158988,Xavier Slayton,DI,0,0,,0,0,,NEW MEXICO,0,D15,0,0,0,5,1,2027,10,,0,0,58.6,0,0,2,0,0,0,56,0,0,0,0,NEW MEXICO,0,0,0,0,,0,,49.6,,71,0,241,10,0,10,0,0,3,0,0,57.2,0,0,0
159022,Warren-Stevens Tayou,DI,0,0,,0,2,,E MICHIGAN,1,D99,0,0,0,12,1,2027,27,21.2,0,0,,1,0,0,0,0,0,43.5,0,0,0,0,E MICHIGAN,0,0,1,0,,0,66.7,40.2,,74.4,0,160,27,0,21,0,0,15,0,0,48.3,0,0,6
159058,Duhron Goodman,S,0,0,,0,0,,WASH STATE,0,D06,8,4,0,0,1,2027,0,,0,0,62.6,0,0,5,0,0,0,60,0,0,0,0,WASH STATE,0,0,0,0,,2,,63.1,,70.7,0,341,8,0,0,0,0,3,0,0,,2,0,0
159102,Brandon Tyson,LB,3,0,,0,2,100,GA SOUTHRN,1,D01,78,58,0,10,1,2027,7,28.5,31,3,54.9,1,0,34,0,0,0,59,0,0,0,0,GA SOUTHRN,0,0,1,0,12,20,40,54.4,10.3,78.1,0,174,85,24,0,0,109.7,41,0,2,51.4,0,0,7
159108,Cazeem Moore,ED,0,0,,0,0,,VIRGINIA,1,D06,0,0,1,12,1,2027,15,72.2,0,0,,1,0,0,2,0,0,62.3,0,0,1,0,VIRGINIA,2,0,2,0,,0,0,55.6,,0,0,335,15,0,11,0,0,3,0,0,63.6,0,0,2
159115,Marco Patierno,LB,2,0,,0,0,50,E MICHIGAN,1,D44,17,17,0,0,1,2027,0,73.2,5,1,39,0,0,5,0,0,0,59.6,0,0,0,0,E MICHIGAN,0,0,0,0,5,0,0,41.9,5,71.5,0,160,17,2,0,0,56.3,12,0,0,,0,0,0
159355,MJ Cannon,CB,3,0,,0,1,66.7,BOWL GREEN,5,D02,45,19,0,0,1,2027,6,68.7,19,2,57.7,0,0,27,0,0,0,62,0,0,1,0,BOWL GREEN,2,0,0,0,12,26,14.3,55.7,9.5,0,0,122,51,2,0,0,84,24,2,1,,0,0,6
159396,Antoineo Harris Jr.,ED,0,0,,0,2,,UCONN,3,D58,0,0,0,14,1,2026,54,40.8,0,0,,2,0,0,14,1,0,55.2,0,0,0,0,UCONN,2,0,2,0,,0,33.3,58.9,,77.7,0,146,54,0,1,0,0,40,0,1,66.6,0,0,38
159429,Dalesean Staley,S,4,0,,0,0,25,S DIEGO ST,4,D09,61,38,0,0,1,2028,0,83.8,12,1,81.5,0,0,39,0,0,0,68.1,1,0,0,0,S DIEGO ST,2,0,0,0,12,3,0,79.9,12,76.1,0,284,61,9,0,3,39.6,22,0,1,,19,0,0
159431,Jahsiah Galvan,LB,2,0,,0,1,50,STANFORD,4,D00,36,30,0,5,1,2027,9,58,6,1,60.3,0,0,20,0,0,0,59.3,0,0,0,0,STANFORD,2,0,0,0,6,6,14.3,58.7,6,78.5,0,300,45,4,0,0,56.3,20,0,2,54.3,0,0,9
159486,Aakeem Snell,CB,3,0,,0,0,33.3,C MICHIGAN,1,D08,29,0,0,0,1,2026,1,73.4,4,1,61.6,0,0,24,0,0,0,60.5,9,0,0,0,C MICHIGAN,1,0,0,0,4,20,0,62.1,4,78.9,0,134,30,3,0,0,42.4,6,0,0,,0,0,1
159491,Mercury Swaim,LB,1,0,,0,0,100,NEW MEXICO,1,D16,34,31,1,3,1,2027,0,75.8,3,1,69.7,0,0,17,0,0,0,66.4,0,1,0,0,NEW MEXICO,2,0,2,0,3,3,0,76.8,3,74.3,0,241,34,7,0,0,79.2,14,0,0,75.1,0,0,0
159528,Nick Karika,DI,0,0,,0,0,,DELAWARE,0,D98,0,0,0,12,1,2026,18,,0,0,,1,0,0,0,17,0,55.3,0,0,0,0,DELAWARE,0,0,1,0,,0,,59.3,,74.9,0,151,18,0,1,0,0,6,0,0,63.4,0,0,0
159534,Jorel Liverpool,ED,0,0,,0,0,,CHARLOTTE,2,D10,1,0,0,16,1,2026,28,74.8,0,0,,0,0,0,7,0,0,62.4,0,0,0,0,CHARLOTTE,2,0,0,0,,0,0,58.2,,75.8,0,136,29,0,1,0,0,13,0,0,54.1,0,0,20
159624,Joedrick Lewis,CB,2,0,,0,1,50,BALL ST,2,D01,43,5,0,0,1,2026,0,52.8,7,1,90.7,0,1,9,0,0,0,60.5,38,0,0,0,BALL ST,0,0,0,0,7,0,33.3,83.7,7,74.9,0,117,43,2,0,0,18.8,34,0,0,,0,0,0
159665,Bryce Phillips,CB,6,0,2026,0,0,16.7,S DIEGO ST,1,D00,61,6,0,1,1,2026,0,80.1,5,1,65.2,0,0,38,0,0,0,61.7,54,0,0,0,S DIEGO ST,0,0,0,0,5,1,0,64.9,5,76,0,284,61,8,0,0,39.6,22,0,3,59.1,0,0,0
159667,Dylan King,S,0,0,,0,1,,SO MISS,1,D06,30,4,0,0,1,2027,0,29.1,0,0,64.2,0,0,15,0,0,0,53.1,0,0,0,0,SO MISS,0,0,0,0,,1,50,59.9,,75.1,0,296,30,0,0,0,0,15,0,0,,25,0,0
159709,Charles Perkins,DI,0,0,,0,0,,WISCONSIN,0,D30,0,0,0,2,1,2027,10,71.3,0,0,,0,0,0,2,0,0,61.9,0,0,0,0,WISCONSIN,0,0,0,0,,0,0,61.4,,71,0,349,10,0,7,0,0,8,0,1,58.3,0,0,1
159729,Roman Pearson,CB,3,0,,0,0,66.7,BALL ST,3,D05,35,4,0,0,1,2027,0,78.5,33,2,53.5,0,0,9,0,0,0,70.5,31,0,0,0,BALL ST,1,0,0,0,22,0,0,59.3,16.5,74.4,0,117,35,18,0,0,103.5,26,0,0,,0,0,0
159759,Tyree Morris,DI,0,0,,0,0,,UTAH ST,1,D09,1,0,0,18,1,2028,50,74.9,0,0,,1,0,0,17,0,0,74.8,0,0,0,0,UTAH ST,0,0,1,0,,0,0,70.2,,75.4,0,329,51,0,32,0,0,33,0,3,55.4,0,0,1
159800,Alex Mitchell,LB,5,0,,0,0,100,MIDDLE TN,3,D03,36,34,0,2,1,2027,4,80,36,5,37.5,0,0,16,0,0,0,61.9,0,0,0,0,MIDDLE TN,3,0,0,0,15,2,0,46.5,7.2,74.4,0,224,40,43,0,0,96.7,22,0,2,59.1,0,0,4
159892,Jason Chambers,CB,5,0,,0,0,20,W VIRGINIA,1,D23,54,5,0,1,1,2027,3,73.5,21,1,74.6,0,0,31,0,0,0,63.9,49,0,0,0,W VIRGINIA,0,0,0,0,21,0,0,74,21,77.5,0,343,57,15,0,2,44.6,25,0,0,60,0,0,3
160074,Caleb Sims,ED,0,0,,0,0,,LA TECH,0,D91,0,0,0,12,1,2026,20,,0,0,,0,0,0,8,0,0,57,0,0,0,0,LA TECH,0,0,0,0,,0,,54.9,,74.6,0,208,20,0,2,0,0,8,0,0,55.6,0,0,10
160152,Ja'Quel Mack,LB,0,0,,0,0,,E MICHIGAN,0,D32,1,1,0,0,1,2026,0,,0,0,,0,0,0,0,0,0,60,0,0,0,0,E MICHIGAN,0,0,0,0,,0,,60,,61.7,0,160,1,0,0,0,0,1,0,0,,0,0,0
160252,Rod Daniels,ED,1,0,,0,0,100,KENNESAW,0,D08,3,0,0,18,1,2026,40,,21,1,43.5,1,0,3,3,0,0,63.4,0,0,0,0,KENNESAW,0,0,1,0,21,3,,54.1,21,79.4,0,200,43,5,0,0,118.8,22,0,0,57.3,0,0,37
160351,Myles Rowser,S,4,0,,0,0,75,ARIZONA ST,7,D04,48,30,0,1,1,2027,2,84,20,3,77.8,1,0,20,0,0,0,79.9,0,0,3,0,ARIZONA ST,5,0,1,0,13,14,0,72.4,6.7,0,0,110,50,17,0,0,85.4,29,0,2,59.6,4,0,2
160381,Milon Jones,S,1,0,,0,0,0,KENNESAW,2,D29,27,9,0,0,1,2026,1,78.2,0,0,66.2,0,0,17,0,0,0,63.4,1,0,0,0,KENNESAW,0,0,0,0,,1,0,66.7,,75.3,0,200,28,0,0,0,39.6,11,0,0,,16,0,1
160384,Eli Leiataua,LB,0,0,,0,0,,KENNESAW,0,D39,4,3,0,0,1,2028,0,,0,0,42.6,0,0,4,0,0,0,,0,0,0,0,KENNESAW,0,0,0,0,,1,,35.5,,65.8,0,200,4,0,0,0,0,0,0,0,,0,0,0
160387,Ugonna Nwoha,ED,0,0,,0,0,,KENNESAW,2,D55,0,0,1,13,1,2027,25,74.8,0,0,,0,0,0,3,0,0,70.6,0,1,0,0,KENNESAW,3,0,2,0,,0,0,75.2,,75.3,0,200,25,0,4,0,0,12,0,0,69.7,0,0,18
160395,Jayven Williams,CB,0,0,,0,0,,MISS STATE,1,D15,15,1,0,0,1,2027,2,76.2,0,0,58,0,0,14,0,0,0,60,12,0,1,0,MISS STATE,0,1,0,0,,2,0,58.5,,74.2,0,227,17,0,0,0,0,3,0,0,,0,0,2
160445,Devon Marshall,CB,9,0,2026,0,1,33.3,NC STATE,2,D06,67,1,0,1,1,2026,0,37.7,33,3,53.2,0,0,47,0,0,0,63.1,62,0,0,0,NC STATE,0,0,0,0,14,4,33.3,53.8,11,77.7,0,248,67,12,0,1,82.2,19,0,0,58.7,0,1,0
160580,Ben Bogle,LB,2,0,,0,1,100,W VIRGINIA,4,D32,27,27,0,5,1,2027,0,49.1,21,2,54.5,0,0,13,0,0,0,73.3,0,0,0,0,W VIRGINIA,3,0,0,0,18,0,20,61.1,10.5,72.6,0,343,27,26,0,0,110.4,9,1,0,53.9,0,0,0
160586,Desman Hearns,CB,10,0,,0,1,50,WYOMING,3,D12,47,10,0,0,1,2028,0,48,76,5,82.8,0,1,31,0,0,0,64.1,0,0,0,0,WYOMING,0,0,0,0,31,32,25,81.4,15.2,77.6,0,351,47,34,0,1,35.8,16,0,0,,5,0,0
160758,Jelani Davis,DI,0,0,,0,1,,KENT STATE,1,D95,1,1,2,26,1,2026,44,46.3,0,0,60,0,0,1,23,0,0,69,0,1,1,0,KENT STATE,3,0,3,0,,0,50,67.6,,0,0,201,45,0,17,0,0,18,0,0,68.5,0,0,4
160995,Jaelin Willis,LB,0,0,,0,0,,APP STATE,2,D00,23,23,0,3,1,2026,1,55.6,0,0,65.4,1,0,13,0,0,0,71.7,0,0,0,0,APP STATE,2,0,1,0,,0,0,65.1,,71.8,0,108,24,0,0,0,0,8,0,1,47.2,0,0,1
161246,Jaylen George,DI,0,0,,0,0,,NEBRASKA,0,D90,0,0,0,0,1,2028,4,,0,0,,0,0,0,2,0,0,55.3,0,0,0,0,NEBRASKA,0,0,0,0,,0,,52.9,,69,0,238,4,0,1,0,0,4,0,0,,0,0,1
161247,Jayvon Henderson,CB,5,0,,0,1,20,S ALABAMA,1,D02,73,4,0,0,1,2027,0,29.5,5,1,66.6,0,0,40,0,0,1,73.4,67,0,1,0,S ALABAMA,0,0,0,0,5,2,50,68.8,5,77.2,0,288,73,0,0,1,79.2,33,0,0,,0,1,0
161397,Rylen Su'a-Filo,DI,0,0,,0,0,,W KENTUCKY,4,D93,1,0,0,24,1,2027,48,77.1,0,0,60,1,0,0,20,16,0,78.1,0,0,1,0,W KENTUCKY,2,0,1,0,,0,0,68,,0,0,346,49,0,12,0,0,25,0,2,55.4,0,0,0
161488,Tre Bell,CB,8,0,,0,1,75,IOWA STATE,5,D07,65,7,0,0,1,2027,0,56.9,123,6,43.2,0,0,41,0,0,0,68.2,58,0,1,0,IOWA STATE,4,0,0,0,45,0,16.7,44.1,20.5,0,0,193,65,37,0,0,156.3,24,0,0,,0,1,0
161649,Nakian Jackson,LB,0,0,,0,2,,NEVADA,10,D00,39,39,0,6,1,2027,6,58.7,0,0,55.9,0,0,13,0,0,0,88.5,0,0,1,0,NEVADA,9,0,0,0,,0,14.3,74.6,,0,0,239,45,0,0,0,0,26,0,2,62.1,0,0,6
161658,Zelmar Vedder,CB,6,0,2026,0,0,50,HOUSTON,4,D21,40,1,0,3,1,2026,0,79.6,24,3,59.2,0,0,30,0,0,0,69,39,0,0,0,HOUSTON,3,0,0,0,8,0,0,60,8,75.7,0,182,40,4,0,1,60.4,7,0,0,52.2,0,0,0
161671,Gerald Kilgore,S,1,0,,0,0,100,S CAROLINA,1,D23,6,1,0,0,1,2027,0,76.4,25,1,35.8,0,0,4,0,0,0,60,0,0,0,0,S CAROLINA,0,0,0,0,25,0,0,40.1,25,71,0,289,6,1,0,0,118.8,2,0,0,,5,0,0
162115,Jamel Johnson,CB,4,0,,0,1,75,NC STATE,3,D21,64,2,0,0,1,2027,0,59,50,3,61.8,0,0,37,0,0,0,73,58,0,1,0,NC STATE,1,0,0,0,26,2,16.7,64.8,16.7,77.3,0,248,64,23,0,1,116.7,27,0,2,,2,0,0
162120,Bryce Llewellyn,S,3,0,,0,2,66.7,E MICHIGAN,9,D06,77,38,0,0,1,2027,1,70.8,36,2,72.6,0,0,39,0,0,0,80.2,2,0,0,0,E MICHIGAN,5,0,0,0,30,14,13.3,77.1,18,78,0,160,78,6,0,0,107.6,39,0,4,,23,0,1
162137,Jaden Dugger,LB,2,0,2026,0,2,100,LA LAFAYET,3,D03,63,62,0,5,1,2026,1,43.1,11,2,69.7,1,0,27,0,0,0,55.5,0,0,0,0,LA LAFAYET,2,0,1,0,9,1,28.6,66.5,5.5,74.8,0,207,64,16,0,0,89.6,32,0,2,71.6,0,0,1
162142,Mateen Ibirogba,DI,0,0,,0,0,,WAKE,0,D99,0,0,0,25,1,2027,36,70.2,0,0,61.7,1,0,0,9,2,0,64.8,0,0,0,0,WAKE,0,0,1,0,,0,0,70.8,,74.9,0,339,36,0,25,0,0,11,0,1,65.6,0,0,0
162447,Mathias Malaki-Donaldson,ED,0,0,,0,0,,MIDDLE TN,0,D31,0,0,0,5,1,2027,12,,0,0,,0,0,0,0,0,0,65,0,0,0,0,MIDDLE TN,0,0,0,0,,0,,70.5,,75,0,224,12,0,0,0,0,7,0,0,66,0,0,12
162449,Melvin Jordan IV,LB,2,0,,0,2,100,GA TECH,1,D00,8,7,0,0,1,2027,0,25.2,12,2,63.5,0,0,4,0,0,0,40,0,0,0,0,GA TECH,0,0,0,0,6,1,50,46.6,6,70.1,0,176,8,6,0,0,91.7,4,0,1,,0,0,0
162468,Clint Stephens,S,0,0,,0,0,,NEW MEXICO,0,D08,3,3,0,0,1,2027,0,,0,0,60,0,0,1,0,0,0,60,0,0,0,0,NEW MEXICO,0,0,0,0,,0,,60.3,,65.6,0,241,3,0,0,0,0,2,0,0,,0,0,0
162470,Jalen Woods,LB,3,0,,0,0,66.7,UCLA,2,D09,21,20,0,3,1,2028,4,76.1,5,2,74.7,0,0,15,0,0,0,47,0,0,0,0,UCLA,1,0,0,0,6,1,0,67,2.5,75.2,0,324,25,3,0,1,70.1,7,1,0,58.1,0,0,4
162488,Austin Harnetiaux,LB,4,0,,0,1,25,NEVADA,1,D44,32,30,0,3,1,2027,2,54.3,13,1,48.3,0,0,15,0,0,0,64.9,0,0,0,0,NEVADA,1,0,0,0,13,2,16.7,54.3,13,74.9,0,239,34,14,0,0,40.6,16,0,4,60,0,0,2
162491,Lance Holtzclaw,ED,0,0,,0,0,,UTAH,1,D15,1,1,0,21,1,2027,34,72.2,0,0,62.8,2,0,3,1,5,0,61.9,0,0,0,1,UTAH,1,0,2,0,,0,0,65.4,,78.1,0,328,35,0,3,0,0,11,0,0,63.1,0,0,25
162498,Armon Parker,DI,0,0,,0,0,,WASHINGTON,0,D95,0,0,0,7,1,2027,11,,0,0,,1,0,0,1,0,0,56.8,0,0,0,0,WASHINGTON,0,0,1,0,,0,,55.2,,71.3,0,340,11,0,10,0,0,4,0,0,57.7,0,0,0
162510,A.J. Holmes Jr.,DI,0,0,,0,1,,TEXAS TECH,2,D33,0,0,0,18,1,2027,27,49.4,0,0,61.9,0,0,0,3,5,0,73.5,0,0,0,0,TEXAS TECH,2,0,0,0,,0,25,68.4,,75.7,0,315,27,0,12,0,0,9,1,1,55.6,0,0,7
162545,Andrew Duhart,S,6,0,,0,1,83.3,NAVY,1,D13,53,1,0,7,1,2026,4,39.6,48,5,61.8,0,0,45,0,0,0,60.1,0,0,0,0,NAVY,0,0,0,0,19,52,33.3,60.6,9.6,80.1,0,237,57,25,0,0,100,5,0,1,52.7,0,0,4
162559,Adam Klenk,ED,0,0,,1,0,,NAVY,0,D49,0,0,2,53,1,2026,59,76.6,0,0,67.1,3,0,1,0,0,0,66.2,0,0,0,1,NAVY,2,0,5,0,,0,0,80.9,,81.3,0,237,59,0,0,0,0,5,0,1,75,0,0,59
162567,Kenneth McShan,CB,0,0,,0,0,,NAVY,0,D00,5,1,0,0,1,2026,1,,0,0,62.3,0,0,4,0,0,0,60,0,0,0,0,NAVY,0,0,0,0,,4,,63.2,,72.7,0,237,6,0,0,0,0,2,0,0,,0,0,1
162574,Luke Pirris,ED,8,0,,0,2,62.5,NAVY,5,D35,11,2,0,27,1,2026,71,58.2,33,5,62.4,1,0,39,0,0,0,61.3,0,3,1,1,NAVY,3,0,4,0,20,9,22.2,63.7,6.6,6.9,0,237,82,19,0,0,71.4,16,0,2,70.4,0,0,71
162580,Landon Robinson,DI,0,0,2026,0,0,,NAVY,3,D96,0,0,0,44,1,2026,56,75.1,0,0,,2,0,0,15,9,0,71.4,0,0,0,0,NAVY,2,0,2,0,,0,0,68.5,,77.1,0,237,56,0,32,0,0,12,1,1,62.1,0,0,0
162594,Kendall Whiteside,DI,0,0,,0,0,,NAVY,0,D98,0,0,0,25,1,2026,28,69.7,0,0,,1,0,0,3,0,0,66.5,0,1,0,0,NAVY,0,0,2,0,,0,0,63.7,,75,0,237,28,0,20,0,0,3,0,1,59.1,0,0,5
162609,Eddie Kelly Jr.,ED,0,0,,0,0,,W VIRGINIA,1,D01,0,0,0,16,1,2026,36,71.3,0,0,,0,0,0,14,0,0,48.3,0,0,0,0,W VIRGINIA,1,0,0,0,,0,0,48.3,,75.9,0,343,36,0,5,0,0,20,0,0,54.6,0,0,17
162616,Michael Williams II,ED,0,0,,0,1,,USF,0,D04,0,0,0,18,1,2027,28,24.2,0,0,50.1,0,0,7,4,1,0,62.2,0,0,0,0,USF,0,0,0,0,,0,50,50.8,,76.7,0,327,28,0,6,0,0,3,0,1,52.4,0,0,17
162623,Antwone Santiago,ED,0,0,,0,0,,VA TECH,0,D26,3,0,0,2,1,2027,7,76,0,0,63.9,0,0,3,0,0,0,70.7,0,0,0,0,VA TECH,0,0,0,0,,3,,72.8,,75.7,0,337,10,0,0,0,0,5,0,0,59.7,0,0,7
162633,Tai Newhouse,DI,0,0,,0,0,,TULSA,5,D99,0,0,1,18,1,2027,38,76.1,0,0,,0,0,0,0,9,0,74,0,0,0,0,TULSA,4,0,1,0,,0,0,73.5,,75.8,0,320,38,0,29,0,0,20,0,0,62.6,0,0,0
162651,CJ Mims,DI,0,0,,0,1,,N CAROLINA,2,D92,0,0,1,24,1,2027,37,43.7,0,0,,1,0,0,0,14,0,45.9,0,1,0,0,N CAROLINA,2,0,3,0,,0,33.3,52.5,,76.1,0,245,37,0,22,0,0,13,0,0,62.8,0,0,1
162658,CJ Clinkscales Jr.,CB,3,0,,0,0,66.7,CHARLOTTE,7,D12,38,0,0,0,1,2027,0,83.5,24,2,70.6,0,0,27,0,0,0,74.7,36,0,0,0,CHARLOTTE,1,0,0,0,19,1,0,73.4,12,75.1,0,136,38,7,0,0,91,11,0,0,,0,0,0
162662,Isaiah Farris,CB,4,0,,0,1,50,BOSTON COL,2,D16,44,0,0,0,1,2027,0,37.2,29,2,66,0,0,27,0,0,1,70.6,44,0,0,0,BOSTON COL,0,0,0,0,17,0,33.3,68.1,14.5,75.9,0,121,44,20,0,0,74,17,0,0,,0,0,0
162676,Kwan Williams,DI,0,0,,0,1,,BOSTON COL,2,D55,0,0,0,16,1,2026,34,44,0,0,,0,0,0,5,15,0,45.7,0,0,0,0,BOSTON COL,1,0,0,0,,0,33.3,46.4,,75.8,0,121,34,0,14,0,0,18,0,0,55.1,0,0,0
162733,Chris Graves Jr.,CB,1,0,,0,0,100,OLE MISS,1,D32,63,12,0,0,1,2027,0,79.6,6,1,66.6,0,0,43,0,0,0,60.7,51,0,0,0,OLE MISS,0,0,0,0,6,0,0,66.1,6,75.4,0,226,63,8,0,0,91.7,20,0,2,,0,0,0
162737,Ahmad Moten Sr.,DI,0,0,,0,0,,MIAMI FL,2,D99,0,0,0,12,1,2027,25,72.5,0,0,,2,0,0,0,9,0,66,0,0,0,0,MIAMI FL,1,0,2,0,,0,0,68.8,,75.4,0,220,25,0,16,0,0,13,0,1,65.7,0,0,0
162743,Marcus Allen,CB,6,0,2026,0,2,100,N CAROLINA,3,D29,72,4,0,0,1,2026,0,35.7,74,6,57.2,0,0,45,0,0,0,67,58,0,1,0,N CAROLINA,2,0,0,0,30,10,33.3,59.1,12.3,77.3,0,245,72,40,0,0,157.6,27,0,1,,0,1,0
162751,Will Hardy,S,1,0,,0,1,0,N CAROLINA,4,D31,30,9,0,1,1,2026,2,64.3,0,0,71.7,0,0,22,0,0,0,70.1,0,0,0,0,N CAROLINA,3,0,0,0,,3,14.3,73.2,,75.2,0,245,32,0,0,0,39.6,9,0,2,59.7,18,0,2
162754,Tayon Holloway,CB,4,0,,0,0,25,LOUISVILLE,2,D25,83,10,0,0,1,2027,1,78.8,14,1,59.4,0,0,54,0,0,0,66.9,58,0,1,0,LOUISVILLE,0,1,0,0,14,15,0,61.2,14,78.1,0,210,84,8,0,0,41.7,30,0,1,,0,0,1
162774,Jimmy Scott,ED,0,0,,0,0,,PITTSBURGH,0,D44,0,0,0,32,1,2027,40,71.5,0,0,,4,0,0,0,0,0,71.2,0,0,0,0,PITTSBURGH,0,0,4,0,,0,0,63.5,,78.3,0,268,40,0,0,0,0,8,0,1,56.7,0,0,40
162783,Venson Sneed,ED,0,0,,0,0,,W KENTUCKY,0,D55,0,0,0,17,1,2027,20,,0,0,,1,0,0,5,0,0,60.7,0,0,0,0,W KENTUCKY,0,0,1,0,,0,,65.9,,74.2,0,346,20,0,5,0,0,3,0,0,64.8,0,0,10
162810,Zeke Berry,CB,3,0,,0,2,33.3,MICHIGAN,2,D10,63,4,0,0,1,2027,0,29.3,8,1,63,0,0,35,0,0,0,51.1,59,0,0,0,MICHIGAN,1,0,0,0,8,0,50,60.9,8,76.6,0,222,63,-3,0,1,42.4,28,0,0,,0,0,0
162825,Jimmy Rolder,LB,5,0,2026,0,1,60,MICHIGAN,11,D30,54,51,1,5,1,2026,5,72.7,27,3,72.3,1,0,25,0,0,1,76.5,1,1,0,0,MICHIGAN,7,0,3,0,10,2,7.1,82.1,9,76.3,0,222,59,13,0,1,74.6,29,1,2,78,0,0,5
162836,Braydon Brus,LB,4,0,,0,3,100,NWESTERN,5,D33,60,48,0,2,1,2027,1,44,33,4,63.6,0,0,24,0,0,0,60.8,0,0,0,0,NWESTERN,2,0,0,0,15,12,30,62.7,8.3,75.3,0,256,61,19,0,0,101,35,0,2,57.7,0,0,1
162839,Robert Fitzgerald,S,0,0,,0,1,,NWESTERN,7,D06,58,26,0,0,1,2027,1,78.2,0,0,73.9,0,0,26,0,0,0,77.7,0,0,0,0,NWESTERN,3,0,0,0,,1,9.1,77.5,,76.4,0,256,59,0,0,0,0,33,1,3,,31,0,1
162840,Brendan Flakes,DI,0,0,,0,1,,NWESTERN,2,D15,0,0,0,12,1,2027,33,35.7,0,0,,0,0,0,0,1,0,61.6,0,0,0,0,NWESTERN,1,0,0,0,,0,33.3,60.7,,75,0,256,33,0,32,0,0,21,0,0,57.1,0,0,0
162850,Anto Saka,ED,0,0,,0,0,,NWESTERN,1,D04,0,0,0,11,1,2027,20,71.1,0,0,60.8,1,0,2,5,0,0,50.6,0,0,0,0,NWESTERN,0,0,1,0,,0,0,50.5,,74.6,0,256,20,0,0,0,0,7,0,0,54.2,0,0,15
162851,Evan Smith,CB,2,0,,0,0,50,NWESTERN,2,D12,36,2,0,0,1,2027,1,76.6,7,1,68.5,0,0,16,0,0,0,66.5,31,0,1,0,NWESTERN,1,0,0,0,7,2,0,64.6,7,0,0,256,37,2,0,1,58.3,21,0,0,,1,0,1
162852,Kenny Soares Jr.,LB,9,0,,0,1,66.7,NC STATE,10,D33,89,80,0,10,1,2027,2,72.2,76,6,50.8,1,0,48,0,0,0,82.3,0,0,1,0,NC STATE,7,0,1,0,23,9,7.1,64.5,12.7,77.3,0,248,91,57,0,1,92.8,33,1,3,63.9,0,0,2
162854,Braden Turner,CB,3,0,,1,3,100,NWESTERN,2,D09,59,21,0,2,1,2027,1,29,27,3,63.5,1,0,23,0,0,0,39.2,0,0,0,0,NWESTERN,1,0,1,0,19,38,42.9,57.4,9,75.7,0,256,60,11,0,0,104.2,35,0,2,83.2,0,0,1
162870,Hero Kanu,DI,0,0,,0,0,,TEXAS,4,D93,0,0,1,30,1,2028,55,75.4,0,0,59.9,3,0,1,8,1,0,74.9,0,0,1,0,TEXAS,5,0,4,0,,0,0,68.3,,0,0,311,55,0,42,0,0,24,1,0,64,0,0,4
162887,Hudson Miller,LB,0,0,,0,0,,TOLEDO,0,D40,1,1,0,0,1,2028,0,,0,0,,0,0,0,0,0,0,60,0,0,0,0,TOLEDO,0,0,0,0,,0,,60,,62.1,0,316,1,0,0,0,0,1,0,0,,0,0,0
162888,Domanick Moon,LB,0,0,,0,0,,W MICHIGAN,0,D47,6,5,0,0,1,2027,0,,0,0,61.7,0,0,4,0,0,0,60,0,0,0,0,W MICHIGAN,0,0,0,0,,1,,63.8,,68.8,0,347,6,0,0,0,0,2,0,0,,0,0,0
162890,Roman Pitre,ED,0,0,,0,0,,ARIZONA ST,1,D13,0,0,0,7,1,2027,19,71.1,0,0,,0,0,0,1,0,0,58.7,0,0,0,0,ARIZONA ST,1,0,0,0,,0,0,56.6,,75.4,0,110,19,0,0,0,0,12,0,0,55,0,0,18
162894,DJ Allen,ED,0,0,,0,0,,RUTGERS,1,D42,0,0,0,5,1,2028,9,71.5,0,0,,0,0,0,2,0,0,67.4,0,0,0,0,RUTGERS,1,0,0,0,,0,0,65.8,,72,0,278,9,0,0,0,0,4,0,0,56.8,0,0,7
162903,Dariel Djabome,LB,0,0,,0,0,,RUTGERS,3,D08,46,35,0,5,1,2026,5,79.1,0,0,64.9,1,0,20,0,0,0,78.4,6,0,0,0,RUTGERS,2,0,1,0,,5,0,73.5,,76.9,0,278,51,0,0,0,0,26,0,1,62.5,0,0,5
162919,Jordan Walker,ED,2,0,,0,0,50,RUTGERS,1,D01,1,1,0,16,1,2027,27,75.9,-3,1,87.4,0,0,3,1,0,0,70.7,0,0,0,0,RUTGERS,1,0,0,0,-3,0,0,81,-3,76.5,0,278,28,4,2,1,56.3,9,0,2,59.2,0,0,24
162923,Micah Wing,ED,0,0,,0,0,,BALL ST,0,D09,4,2,0,2,1,2028,13,75.1,0,0,,0,0,0,0,0,0,42.1,0,0,0,0,BALL ST,0,0,0,0,,2,0,42.5,,75.9,0,117,17,0,0,0,0,15,0,1,58.7,0,0,13
162949,Jamarrion Solomon,DI,0,0,,0,0,,CHARLOTTE,0,D51,0,0,0,21,1,2027,29,,0,0,,0,0,0,2,3,0,50.1,0,0,0,0,CHARLOTTE,0,0,0,0,,0,,50.4,,74.4,0,136,29,0,23,0,0,8,0,0,55.5,0,0,1
162951,Joseph Auzenne,DI,0,0,,0,0,,TEMPLE,1,D98,0,0,0,11,1,2027,23,69.7,0,0,,0,0,0,2,7,0,66.5,0,0,0,0,TEMPLE,1,0,0,0,,0,0,63.5,,74.4,0,306,23,0,14,0,0,12,1,0,55.2,0,0,0
162955,Joshua Cobbs,S,0,0,,0,0,,LA TECH,0,D02,1,0,0,0,1,2026,0,,0,0,,0,0,0,0,0,0,60,0,0,0,0,LA TECH,0,0,0,0,,1,,60,,64.5,0,208,1,0,0,0,0,1,0,0,,0,0,0
162962,Zion Nason,DI,0,0,,0,0,,LA TECH,1,D96,0,0,0,25,1,2026,42,72.4,0,0,,1,0,0,0,41,0,59.1,0,0,1,0,LA TECH,0,0,1,0,,0,0,60.3,,0,0,208,42,0,1,0,0,17,0,1,69.6,0,0,0
162966,Jhamal Shelby Jr.,CB,3,0,,0,0,66.7,LA TECH,2,D07,61,4,0,0,1,2027,1,79.8,21,2,64.9,0,0,37,0,0,0,67.7,55,0,0,0,LA TECH,1,0,0,0,15,2,0,66.4,10.5,77,0,208,62,1,0,0,86.8,25,0,2,,0,0,1
162971,Muaaz Byard,LB,2,0,,0,0,0,MIDDLE TN,4,D35,44,39,0,1,1,2027,3,83.1,0,0,60.9,1,1,28,0,0,0,83.3,0,0,0,0,MIDDLE TN,3,0,1,0,,5,0,73.9,,75,0,224,47,0,0,0,0,18,0,4,65.1,0,0,3
162994,Tyson Flowers,S,1,0,,0,2,0,VA TECH,2,D11,62,13,0,0,1,2027,1,46.9,0,0,62.6,0,0,45,0,0,0,66,0,0,0,0,VA TECH,1,0,0,0,,8,40,64,,77.3,0,337,63,0,0,0,39.6,18,0,1,,41,0,1
163000,Daveon Hook,S,5,0,,0,3,60,RICE,6,D29,70,25,0,1,1,2027,0,41.8,10,3,64.5,0,0,47,0,0,0,59.8,1,0,0,0,RICE,2,0,0,0,7,9,27.3,63.6,3.3,76.4,0,275,70,4,0,0,64.6,22,1,2,60,35,0,0
163005,Chibby Nwajuaku,ED,0,0,,0,0,,RICE,2,D16,3,1,0,32,1,2027,49,76.6,0,0,72,2,0,4,3,0,0,62.3,0,0,0,0,RICE,2,0,2,0,,2,0,72.2,,80.3,0,275,52,0,0,0,0,16,0,1,68.2,0,0,46
163030,Amier Boyd,CB,3,0,,0,0,33.3,TEXAS TECH,1,D27,33,7,0,0,1,2027,0,73.5,6,1,59.7,0,0,15,0,0,0,67.8,24,0,0,0,TEXAS TECH,0,0,0,0,6,0,0,62.7,6,73.5,0,315,33,0,0,0,42.4,18,0,0,,1,0,0
163039,Anthony Brackenridge,LB,1,0,,0,1,100,W KENTUCKY,1,D03,10,9,0,0,1,2026,1,50.7,20,1,33.4,0,0,6,0,0,0,84.2,0,0,0,0,W KENTUCKY,1,0,0,0,20,1,25,59.4,20,69.6,0,346,11,21,0,0,118.8,5,0,2,,0,0,1
163054,Marcus Patterson,ED,0,0,,0,0,,KENNESAW,1,D06,0,0,0,21,1,2027,39,71.1,0,0,,2,0,0,8,0,0,60.4,0,0,0,0,KENNESAW,0,0,2,0,,0,0,61.6,,76.7,0,200,39,0,3,0,0,18,0,0,61,0,0,28
163058,Hosea Wheeler,DI,0,0,,0,0,,INDIANA,1,D00,0,0,0,11,1,2027,22,69.7,0,0,60,0,0,1,1,11,1,61.7,0,0,0,0,INDIANA,0,0,0,0,,0,0,60.1,,74.9,0,190,22,0,10,0,0,10,0,0,56.4,0,0,0
163081,Dakari Frazier,DI,0,0,,0,0,,W MICHIGAN,1,D98,0,0,1,4,1,2028,7,72.4,0,0,,1,0,0,0,0,0,55.8,0,0,0,0,W MICHIGAN,1,0,2,0,,0,0,66.8,,70.2,0,347,7,0,7,0,0,3,0,0,74.7,0,0,0
163086,Caden Johnson,LB,0,0,,1,5,,BALL ST,8,D06,38,36,0,2,1,2027,0,39.2,0,0,62.9,0,0,6,0,0,0,64.3,0,1,0,0,BALL ST,6,0,1,0,,2,38.5,64.2,,74.4,0,117,38,0,0,0,0,30,1,0,56.2,0,0,0
163103,Myles Bradley,ED,0,0,,0,0,,BOWL GREEN,1,D23,0,0,0,13,1,2028,22,75.7,0,0,,2,0,0,0,0,0,67.7,0,0,0,0,BOWL GREEN,0,0,2,0,,0,0,72.4,,77.3,0,122,22,0,0,0,0,9,0,1,68.1,0,0,22
163113,Davonte Miles,DI,0,0,,0,0,,S CAROLINA,0,D90,0,0,0,3,1,2027,6,,0,0,,0,0,0,1,0,0,62.3,0,0,0,0,S CAROLINA,0,0,0,0,,0,,62.4,,70.1,0,289,6,0,4,0,0,3,0,0,58.5,0,0,1
163114,Joseph Sipp Jr.,LB,0,0,,0,0,,KANSAS,0,D03,2,1,0,0,1,2027,0,,0,0,,0,0,0,0,0,0,60,1,0,0,0,KANSAS,0,0,0,0,,0,,60.2,,66.3,0,198,2,0,0,0,0,2,0,0,,0,0,0
163123,Oliver Billotte,DI,0,0,,0,0,,RUTGERS,0,D97,0,0,0,8,1,2026,16,,0,0,,0,0,0,0,15,0,64.1,0,0,0,0,RUTGERS,0,0,0,0,,0,,67.7,,77.5,0,278,16,0,1,0,0,8,0,0,65.4,0,0,0
163126,Stephen Daley,ED,0,0,,0,4,,INDIANA,0,D08,1,0,0,30,1,2027,43,20,0,0,60,5,0,1,9,0,0,56.6,0,1,0,0,INDIANA,0,0,6,0,,0,80,54.7,,76.4,0,190,44,0,5,0,0,13,0,1,54.6,0,0,29
163132,Jahmad Harmon,S,1,0,,0,1,100,BALL ST,1,D10,21,11,0,0,1,2028,0,38.9,14,1,53.8,0,0,6,0,0,0,67.9,0,0,0,0,BALL ST,0,0,0,0,14,10,33.3,60,14,73.6,0,117,21,17,0,0,158.3,15,0,1,,0,1,0
163152,Nasir Bowers,CB,0,0,,0,0,,TOLEDO,0,D00,33,4,0,0,1,2026,0,,0,0,66,0,0,18,0,0,0,63.3,6,0,0,0,TOLEDO,0,0,0,0,,23,,66.5,,75.7,0,316,33,0,0,0,0,15,0,0,,0,0,0
163155,Emmanuel McNeil-Warren,S,1,0,2026,0,2,0,TOLEDO,7,D07,70,52,0,0,1,2026,0,65.1,0,0,57.7,0,0,30,0,0,0,79.3,1,0,1,0,TOLEDO,2,0,0,0,,1,12.5,69.1,,75.5,0,316,70,0,0,0,39.6,40,0,7,,16,0,0
163161,Will Gerig,ED,0,0,,0,0,,W MICHIGAN,0,D42,0,0,0,0,1,2027,2,,0,0,,0,0,0,0,0,0,60,0,0,0,0,W MICHIGAN,0,0,0,0,,0,,60.1,,68.1,0,347,2,0,0,0,0,2,0,0,,0,0,2
163180,Kemari Copeland,DI,1,0,,0,0,100,VA TECH,4,D13,0,0,2,28,1,2027,42,78,7,1,48,1,0,2,7,0,0,72.9,0,1,0,0,VA TECH,4,0,4,0,7,0,0,67.1,7,76.3,0,337,42,3,27,0,95.8,12,0,0,67.9,0,0,8
163200,Clev Lubin,ED,0,0,,0,0,,LOUISVILLE,1,D50,3,0,0,33,1,2027,59,77,0,0,63.2,5,0,8,0,0,0,71.4,0,1,0,1,LOUISVILLE,1,0,6,0,,3,0,79.6,,81.8,0,210,62,0,0,0,0,21,0,2,78.9,0,0,59
163211,Donavon Platt,CB,6,0,,0,1,66.7,VIRGINIA,1,D28,44,1,0,1,1,2027,2,37.2,60,4,48.5,0,0,29,0,0,0,70.1,42,0,0,0,VIRGINIA,0,0,0,0,26,1,33.3,51.7,15,76.6,0,335,46,35,0,0,99.3,16,0,1,59.8,0,0,2
163236,Sone Aupiu,LB,7,0,,1,4,57.1,NEW MEX ST,5,D14,50,38,0,3,1,2027,2,27.4,35,4,65,0,0,31,0,0,0,48.5,0,1,0,0,NEW MEX ST,4,0,1,0,13,12,36.4,64.2,8.8,76.8,0,242,52,17,0,2,70.5,18,1,2,88.2,0,0,2
163250,Evan Johnson,CB,7,0,,0,2,42.9,BYU,5,D00,68,4,0,4,1,2027,3,50.3,13,3,65.1,1,1,41,0,0,0,77.6,43,0,0,0,BYU,3,0,1,0,6,21,25,67,4.3,79.4,0,128,71,8,0,1,10.7,26,0,1,53.7,0,0,3
163256,Bodie Schoonover,ED,0,0,,0,0,,BYU,0,D48,0,0,2,23,1,2027,37,73.6,0,0,,2,0,0,6,0,0,54,0,0,0,0,BYU,2,0,4,0,,0,,62.4,,75.9,0,128,37,0,16,0,0,14,0,0,66.5,0,0,15
163270,Blazen Lono-Wong,DI,0,0,,0,0,,ARIZONA ST,3,D97,0,0,0,13,1,2028,31,74.4,0,0,,0,0,0,3,4,0,68.7,0,0,0,0,ARIZONA ST,2,0,0,0,,0,0,66.2,,75.7,0,110,31,0,24,0,0,18,1,0,56,0,0,0
163288,Bryce Boettcher,LB,2,0,2026,1,1,0,OREGON,6,D28,50,47,0,4,1,2026,3,62.9,0,0,83.2,0,0,20,0,0,0,74,0,0,0,0,OREGON,1,0,0,0,,3,14.3,83.8,,75.3,0,264,53,0,0,2,39.6,29,1,0,65.4,0,0,3
163301,Ben Roberts,DI,0,0,,0,0,,MICH STATE,1,D55,0,0,0,2,1,2027,4,70.2,0,0,,0,0,0,1,1,0,61.4,0,0,0,0,MICH STATE,0,0,0,0,,0,0,62.6,,69.9,0,223,4,0,2,0,0,2,0,0,59.5,0,0,0
163310,Emar'rion Winston,ED,2,0,,0,1,50,BAYLOR,0,D32,0,0,0,11,1,2027,39,24.9,1,1,55.4,1,0,6,2,0,0,55.2,0,0,0,0,BAYLOR,0,0,1,0,1,0,100,60.3,1,78.8,0,118,39,3,0,0,56.3,22,0,0,71.6,0,0,37
163318,Jace Bellah,S,2,0,,0,5,100,COLO STATE,4,D12,57,27,0,0,1,2027,0,25.9,20,2,51.9,0,0,27,0,0,0,39.5,0,0,0,0,COLO STATE,2,0,0,0,14,3,45.5,45.9,10,77.1,0,144,57,11,0,0,108.3,30,0,2,,27,0,0
163322,DeAndre Gill Jr.,ED,0,0,,0,2,,COLO STATE,1,D39,1,0,0,3,1,2027,13,23.8,0,0,60,0,0,1,0,0,0,46.4,0,0,0,0,COLO STATE,1,0,0,0,,1,66.7,47.4,,75.5,0,144,14,0,0,0,0,10,1,0,58.7,0,0,13
163332,MarShon Oxley,ED,0,0,,0,0,,W VIRGINIA,2,D45,0,0,0,6,1,2027,19,76.6,0,0,61.6,0,0,4,0,0,0,68.5,0,0,0,0,W VIRGINIA,1,0,0,0,,0,0,65.9,,76.4,0,343,19,0,0,0,0,9,1,1,55.7,0,0,19
163349,A.J. Haulcy,S,7,0,2026,0,1,57.1,LSU,9,D13,58,22,0,1,1,2026,1,76.5,68,4,61.9,0,1,25,0,0,0,65.4,1,0,0,0,LSU,3,0,0,0,21,6,7.1,63.9,17,76.3,0,211,59,46,0,1,90.2,33,0,4,59.2,29,1,1
163356,David Murphy,S,0,0,,0,0,,NEW MEXICO,0,D03,9,7,0,0,1,2027,0,,0,0,62.4,0,0,5,0,0,0,61.6,0,0,0,0,NEW MEXICO,0,0,0,0,,2,,64.2,,69.3,0,241,9,0,0,0,0,4,0,0,,0,0,0
163360,Bryson Taylor,S,3,0,,0,1,100,UTAH ST,3,D11,36,7,0,3,1,2027,27,39.1,14,3,71.2,0,0,22,0,0,0,51.3,0,0,0,0,UTAH ST,2,0,0,0,11,28,25,63.1,4.7,81.7,0,329,63,9,0,0,86.1,38,0,0,57.6,0,0,27
163365,Landon Williams,DI,0,0,,0,0,,NEW MEXICO,0,D31,0,0,0,3,1,2027,4,,0,0,,0,0,0,0,0,0,60,0,0,0,0,NEW MEXICO,0,0,0,0,,0,,48.1,,68.4,0,241,4,0,4,0,0,1,0,0,58.5,0,0,0
163367,Kalen Woods,S,2,0,,0,0,50,MIDDLE TN,3,D18,43,17,0,2,1,2027,1,81.2,6,1,77.1,0,0,28,0,0,0,52,0,0,0,0,MIDDLE TN,1,0,0,0,6,5,0,71.2,6,76.2,0,224,44,3,0,1,56.3,14,0,1,59.1,21,0,1
163387,Jake Ripp,LB,2,0,,0,1,0,BOISE ST,1,D43,24,23,0,7,1,2027,2,26.9,0,0,63.3,0,0,10,0,0,0,55.3,0,0,0,0,BOISE ST,1,0,0,0,,0,50,56.8,,72.4,0,120,26,0,0,0,39.6,9,0,0,53.9,0,0,2
163392,Jayden Virgin-Morgan,ED,1,0,,0,1,100,BOISE ST,2,D05,5,2,1,24,1,2027,37,26.8,0,1,88.7,0,0,5,0,0,0,55.9,0,0,0,0,BOISE ST,3,0,1,0,0,2,33.3,72.6,0,79.8,0,120,42,2,0,0,79.2,13,0,0,61.4,0,0,37
163396,Jomarion Briggs,CB,1,0,,0,1,100,FRESNO ST,2,D28,19,1,0,0,1,2028,0,38.3,11,1,53.8,0,0,5,0,0,0,59.4,18,0,0,0,FRESNO ST,0,0,0,0,11,0,33.3,55,11,72.6,0,169,19,1,0,0,112.5,14,0,0,,0,0,0
163397,Jayden Davis,S,0,0,,0,1,,FRESNO ST,2,D11,28,24,0,0,1,2027,1,58.6,0,0,67.3,0,0,11,0,0,0,58.3,0,0,0,0,FRESNO ST,0,0,0,0,,4,16.7,64.4,,72.5,0,169,29,0,0,0,0,18,0,3,,0,0,1
163399,Julius Gandy,DI,0,0,,0,0,,FRESNO ST,1,D94,0,0,0,4,1,2026,16,72.4,0,0,,0,0,0,1,0,0,60.2,0,0,0,0,FRESNO ST,0,0,0,0,,0,0,59.7,,72.4,0,169,16,0,15,0,0,12,0,1,58,0,0,0
163401,Jacob Holmes,DI,0,0,,0,1,,VIRGINIA,1,D23,0,0,1,25,1,2026,43,33.3,0,0,60,2,0,0,0,3,0,49.1,0,0,0,0,VIRGINIA,1,0,3,0,,0,25,54.5,,75.7,0,335,43,0,40,0,0,18,0,2,60.7,0,0,0
163403,Jahzon Jacks,ED,0,0,,0,0,,FRESNO ST,2,D06,0,0,0,13,1,2028,36,75.4,0,0,60,2,0,1,2,0,1,65.4,0,0,0,0,FRESNO ST,0,0,2,0,,0,0,71.6,,76.6,0,169,36,0,5,0,0,22,0,1,73.3,0,0,29
163409,Sione Noa,ED,0,0,,0,1,,FRESNO ST,0,D54,0,0,1,9,1,2027,24,42.5,0,0,60,0,0,1,0,0,0,64.8,0,0,0,0,FRESNO ST,1,0,1,0,,0,50,66.7,,75.6,0,169,24,0,0,0,0,14,0,1,63.8,0,0,24
163422,Merhauti Xepera,ED,0,0,,0,0,,FRESNO ST,6,D09,0,0,0,14,1,2028,41,78,0,0,60,1,0,1,0,0,0,65.5,0,0,0,0,FRESNO ST,4,0,1,0,,0,0,66,,77,0,169,41,0,8,0,0,26,1,1,61.4,0,0,33
163429,JD Drew,CB,6,0,,0,0,66.7,TULSA,1,D03,35,2,0,0,1,2027,1,79.6,31,4,67.2,0,0,21,0,0,0,65.4,26,0,0,0,TULSA,0,0,0,0,24,7,0,68.1,7.8,75.8,0,320,36,-1,0,2,118.8,15,0,1,,0,2,1
163520,James Smith,DI,0,0,,0,0,,LA MONROE,0,D92,0,0,0,16,1,2027,30,73.5,0,0,,1,0,0,22,0,0,58.9,0,0,0,0,LA MONROE,0,0,1,0,,0,0,62.3,,73.9,0,209,30,0,8,0,0,14,0,2,64.1,0,0,0
163527,Jahleel Culbreath,LB,1,0,,0,2,100,DOMINION,0,D34,32,30,0,13,1,2027,19,24.3,7,1,64.6,1,0,28,0,0,0,45,0,0,0,0,DOMINION,0,0,1,0,7,1,50,57.3,7,78.2,0,263,51,3,0,0,95.8,10,0,2,57.9,0,0,19
163543,Jaylon White-McClain,ED,0,0,,0,0,,CINCINNATI,0,D16,0,0,0,9,1,2027,16,,0,0,,0,0,0,5,0,0,50,0,0,1,0,CINCINNATI,0,0,0,0,,0,,37.8,,0,0,138,16,0,5,0,0,7,0,0,56.3,0,0,6
163547,Ricky Fletcher,CB,2,0,,0,0,0,OLE MISS,2,D09,37,2,0,0,1,2027,0,77,0,0,51.1,0,0,25,0,0,0,67.8,35,0,1,0,OLE MISS,0,0,0,0,,0,0,53.9,,74.5,0,226,37,0,0,0,39.6,12,0,0,,0,0,0
163553,Christopher Wallace Jr.,S,3,0,,0,0,100,S ALABAMA,5,D05,37,24,0,0,1,2026,0,82.5,37,3,52.1,0,0,23,0,0,0,72.1,0,0,0,0,S ALABAMA,1,0,0,0,19,7,0,58.1,12.3,74.9,0,288,37,11,0,0,118.1,14,0,0,,6,0,0
163594,Isaiah Hastings,DI,0,0,,0,0,,SYRACUSE,1,D09,0,0,0,3,1,2027,9,69.7,0,0,,0,0,0,1,0,0,70.3,0,0,0,0,SYRACUSE,1,0,0,0,,0,0,72.4,,70.5,0,304,9,0,8,0,0,6,0,0,59.8,0,0,0
163598,Antonio Kite,CB,2,0,,0,0,100,OLE MISS,2,D08,34,2,0,0,1,2027,0,76.2,16,2,61.8,0,0,22,0,0,0,62.7,32,0,0,0,OLE MISS,1,0,0,0,15,0,0,62.6,8,74.8,0,226,34,0,0,0,100,12,0,0,,0,0,0
163644,Keionte Scott,CB,2,0,2026,0,0,50,MIAMI FL,5,D00,30,7,0,3,1,2026,15,81.2,3,1,83.7,1,0,21,0,0,0,71.4,0,0,0,0,MIAMI FL,4,0,1,0,3,23,0,83.6,3,78.8,0,220,45,4,0,0,56.3,21,0,0,65.1,0,0,15
163658,Zxavian Harris,DI,0,0,2026,0,1,,OLE MISS,3,D51,1,1,0,30,1,2026,46,29.5,0,0,60,4,0,0,8,2,0,76.1,0,0,1,0,OLE MISS,3,1,4,0,,0,25,66.1,,0,0,226,47,0,31,0,0,17,0,0,58.9,0,0,5
163670,Trip White,LB,2,0,,0,0,100,OKLA STATE,5,D30,42,36,0,4,1,2027,5,83.8,23,2,49.4,0,0,21,0,0,0,83,0,0,0,0,OKLA STATE,4,0,0,0,17,6,0,64.7,11.5,77,0,262,47,19,0,0,114.6,22,0,5,55.1,0,0,5
163680,Kalvin Dinkins,DI,0,0,,0,0,,MISS STATE,1,D35,0,0,0,21,1,2027,36,70.1,0,0,,0,0,0,0,23,0,42,0,0,0,0,MISS STATE,1,0,0,0,,0,0,45.1,,76.7,0,227,36,0,13,0,0,15,0,0,56,0,0,0
163688,Wesley Miller,S,1,0,,0,1,0,S ALABAMA,8,D01,62,39,0,0,1,2027,0,74.6,0,0,59.9,0,0,36,0,0,0,82.1,0,0,0,0,S ALABAMA,4,0,0,0,,8,7.7,69.3,,76.2,0,288,62,0,0,0,39.6,26,0,4,,15,0,0
163695,Avery Sledge,LB,0,0,,0,1,,SO MISS,1,D33,6,4,0,1,1,2027,4,33,0,0,60,0,0,1,0,0,0,54.4,0,0,0,0,SO MISS,0,0,0,0,,2,50,54.7,,72.1,0,296,10,0,0,0,0,8,0,0,59.2,0,0,4
163699,Trevion Williams,ED,0,0,,0,1,,MISS STATE,0,D23,0,0,1,18,1,2027,27,27.5,0,0,,1,0,0,7,0,0,53.3,0,0,0,0,MISS STATE,1,0,2,0,,0,50,52.9,,74.8,0,227,27,0,5,0,0,9,0,1,55.9,0,0,15
163703,Darren Agu,ED,0,0,,1,0,,NEW MEXICO,1,D10,0,0,1,20,1,2027,31,73.4,0,0,60.1,1,0,2,1,0,0,71.4,0,1,0,0,NEW MEXICO,2,0,3,0,,0,0,80.3,,76.2,0,241,31,0,2,0,0,9,1,0,77,0,0,28
163707,Bryce Cowan,LB,2,0,,0,1,100,VANDERBILT,2,D22,20,13,0,1,1,2028,5,66.3,26,2,53.2,1,0,19,0,0,0,64.6,1,0,0,0,VANDERBILT,1,0,1,0,18,6,16.7,54.4,13,75.8,0,333,25,4,0,0,118.8,5,0,3,58.2,0,0,5
163718,Bradley Mann,DI,0,0,,0,0,,VANDERBILT,0,D94,0,0,0,9,1,2027,18,69.7,0,0,60.3,0,0,2,0,0,0,58.3,0,0,0,0,VANDERBILT,0,0,0,0,,0,0,58.5,,73.1,0,333,18,0,15,0,0,7,0,1,57.4,0,0,3
163726,Nick Rinaldi,LB,1,0,,0,1,100,VANDERBILT,2,D24,22,20,1,13,1,2027,17,36.3,21,1,53.2,1,0,10,0,0,0,73.3,0,2,0,0,VANDERBILT,2,0,4,0,21,2,25,64.7,21,77.8,0,333,39,6,0,0,118.8,16,0,1,61.9,0,0,17
163732,Linus Zunk,ED,1,0,,0,0,100,VANDERBILT,4,D95,0,0,0,12,1,2027,23,77,2,1,72.8,0,0,2,4,2,0,66.9,0,0,0,0,VANDERBILT,3,0,0,0,2,0,0,71.8,2,76.5,0,333,23,6,0,0,79.2,9,0,0,58.8,0,0,17
163742,Julio Humphrey,CB,2,0,,0,0,100,TEXAS A&M,1,D06,14,0,0,0,1,2027,0,79.1,28,2,54.3,0,0,10,0,0,0,60,13,0,0,0,TEXAS A&M,0,0,0,0,14,1,0,54.6,14,72,0,312,14,16,0,0,118.8,4,0,2,,0,0,0
163745,Marvin Jones Jr.,ED,0,0,2026,0,0,,OKLAHOMA,1,D97,0,0,1,16,1,2026,36,75.7,0,0,61.4,0,0,7,5,0,0,59.4,0,0,0,0,OKLAHOMA,1,0,1,0,,0,0,63,,76.8,0,261,36,0,2,0,0,13,0,1,63.5,0,0,29
163746,E.J. Lightsey,LB,5,0,,0,1,80,GA TECH,5,D02,39,33,0,3,1,2027,1,70.3,54,4,47,0,0,23,0,0,0,90.6,0,0,0,0,GA TECH,4,0,0,0,35,6,9.1,64.6,13.5,75.8,0,176,40,26,0,0,111.7,14,0,5,54.9,0,0,1
163751,Jaheim Singletary,CB,0,0,,0,0,,ARKANSAS,0,D15,4,0,0,0,1,2027,0,,0,0,61.6,0,0,2,0,0,0,60,4,0,0,0,ARKANSAS,0,0,0,0,,0,,62.6,,68.2,0,111,4,0,0,0,0,2,0,0,,0,0,0
163752,Darris Smith,ED,0,0,,0,0,,MISSOURI,0,D19,5,5,0,16,1,2027,24,,0,0,60.7,2,0,4,0,0,0,60.3,0,0,1,0,MISSOURI,0,0,2,0,,0,,49.6,,0,0,229,29,0,0,0,0,9,0,0,54.3,0,0,24
163758,Shannon Blair,CB,3,0,,0,0,100,MEMPHIS,2,D04,52,0,0,0,1,2027,0,78.5,38,3,53,0,0,34,0,0,0,48.6,51,0,1,0,MEMPHIS,0,0,0,0,15,1,0,51.3,12.7,76.7,0,218,52,10,0,0,118.8,18,0,1,,0,0,0
163763,Christian Harrison,S,5,0,,0,0,40,CINCINNATI,3,D05,67,26,0,0,1,2027,0,79.4,10,2,70.9,0,0,37,0,0,0,65.4,0,0,0,0,CINCINNATI,2,0,0,0,5,39,0,70.8,5,78.5,0,138,67,18,0,1,47.9,30,0,1,,2,0,0
163768,Joshua Josephs,ED,1,0,2026,0,1,100,TENNESSEE,1,D19,0,0,0,23,1,2026,39,46.7,8,1,52.3,3,0,2,0,0,0,69.9,0,0,0,0,TENNESSEE,1,0,3,0,8,0,33.3,62.1,8,78.8,0,307,39,16,0,0,100,14,0,1,65.1,0,0,39
163791,Jordan Robinson,CB,0,0,,0,0,,VIRGINIA,3,D09,38,0,0,0,1,2026,1,77.7,0,0,71.3,0,0,20,0,0,0,79,37,0,0,0,VIRGINIA,3,0,0,0,,1,0,75.8,,75.9,0,335,39,0,0,0,0,19,1,0,,0,0,1
163793,Alex Afari Jr.,LB,2,0,,0,1,50,KENTUCKY,4,D03,46,43,0,0,1,2027,0,54.4,5,1,59.8,0,0,25,0,0,0,54.5,0,0,0,0,KENTUCKY,1,0,0,0,5,3,16.7,57.2,5,74.4,0,202,46,0,0,0,56.3,21,0,1,,0,0,0
163794,Keaten Wade,ED,0,0,,0,1,,COLORADO,1,D27,0,0,0,16,1,2026,39,45.3,0,0,,1,0,0,0,0,0,63,0,0,0,0,COLORADO,0,0,1,0,,0,33.3,59.6,,78.8,0,143,39,0,0,0,0,23,0,1,53.8,0,0,39
163797,Noah Matthews,ED,0,0,,0,1,,DELAWARE,0,D13,0,0,0,29,1,2027,40,23.1,0,0,60,3,0,1,11,0,0,49.3,0,1,0,0,DELAWARE,0,0,4,0,,0,100,55.1,,77.1,0,151,40,0,1,0,0,10,0,0,60.2,0,0,28
163800,Tyreese Fearbry,ED,0,0,,0,0,,WISCONSIN,0,D07,0,0,0,0,1,2027,2,,0,0,,0,0,0,0,0,0,60,0,0,0,0,WISCONSIN,0,0,0,0,,0,,73.6,,68.3,0,349,2,0,0,0,0,2,0,0,,0,0,2
163807,Mason Ellis,S,1,0,,0,3,100,KANSAS,1,D23,19,6,0,0,1,2027,0,23.9,28,1,35.9,0,0,4,0,0,0,31.9,0,0,0,0,KANSAS,0,0,0,0,28,2,75,29.3,28,72.1,0,198,19,0,0,0,118.8,15,0,0,,11,0,0
163813,Dean Miller,ED,1,0,,0,0,100,KANSAS,1,D05,5,0,0,3,1,2026,19,78,-5,1,71.4,0,0,7,0,0,0,59.3,0,1,0,0,KANSAS,1,0,1,0,-5,5,0,69,-5,78.4,0,198,24,1,0,0,79.2,14,1,1,65,0,0,19
163821,Isaac Koch,WR,0,0,,0,0,,KANSAS ST,0,84,1,0,0,0,1,2027,0,,0,0,,0,0,0,0,0,0,60,0,0,0,0,KANSAS ST,0,0,0,0,,0,,60,,60,0,199,1,0,0,0,0,1,0,0,,0,0,0
163823,Nickendre Stiger,S,2,0,,0,0,50,DOMINION,4,D02,42,14,0,0,1,2026,1,80.8,-2,1,66.9,0,0,33,0,0,0,64.7,1,0,1,0,DOMINION,2,0,0,0,-2,16,0,63.7,-2,0,0,263,43,2,0,0,56.3,10,1,0,,11,0,1
163824,DJ McKinney,CB,1,0,,0,3,0,COLORADO,4,D08,74,15,0,0,1,2027,2,29.4,0,0,69.3,0,0,29,0,0,0,59.2,57,0,0,0,COLORADO,1,0,0,0,,2,42.9,66.8,,76.7,0,143,76,0,0,1,39.6,47,0,0,,0,0,2
163843,Ethan Burke,ED,0,0,2026,1,0,,TEXAS,3,D91,0,0,1,28,1,2026,53,77.9,0,0,60.8,3,0,3,1,0,0,81.7,0,1,0,0,TEXAS,4,0,5,0,,0,0,84.3,,79.5,0,311,53,0,2,0,0,22,1,3,75.8,0,0,50
163850,Austin Jordan,S,3,0,,0,1,66.7,TCU,4,D01,45,29,0,2,1,2026,5,60.2,22,2,56.6,1,0,27,0,0,0,73,0,1,0,0,TCU,3,0,2,0,16,9,14.3,62.9,11,74.5,0,305,50,26,0,0,88.2,21,0,2,58.2,7,0,5
163863,J'Mond Tapp,ED,0,0,,0,1,,SO MISS,3,D14,0,0,0,18,1,2027,40,54.5,0,0,,0,0,0,11,0,0,62,0,1,0,0,SO MISS,3,0,1,0,,0,20,63.3,,76.5,0,296,40,0,3,0,0,22,0,1,62.2,0,0,26
163903,Marc Pretto,LB,2,0,,0,0,100,N ILLINOIS,2,D23,6,5,0,0,1,2027,4,75.8,17,2,45,0,0,9,0,0,0,62.6,0,0,0,0,N ILLINOIS,0,0,0,0,16,1,0,49.3,8.5,72.7,0,254,10,2,0,0,141.7,1,0,0,,0,1,4
163962,Jabari Mack,CB,7,0,,0,0,42.9,LOUISVILLE,1,D04,84,4,0,0,1,2027,0,73.5,33,3,63.1,0,0,54,0,0,0,64.8,78,0,0,0,LOUISVILLE,0,0,0,0,17,2,0,63.9,11,77.8,0,210,84,3,0,0,97,30,0,0,,0,1,0
163967,Ky'Won McCray,LB,1,0,,0,0,0,NEW MEXICO,1,D20,22,4,0,1,1,2026,1,78.6,0,0,64,0,0,13,0,0,0,70.6,0,0,0,0,NEW MEXICO,0,0,0,0,,18,0,68.2,,75.2,0,241,23,0,0,0,39.6,9,0,1,60,0,0,1
163971,Fred Perry,S,3,0,,0,2,33.3,W VIRGINIA,3,D05,51,20,0,5,1,2026,9,41.7,-3,1,71.2,1,0,33,0,0,0,55.9,1,0,1,0,W VIRGINIA,2,0,1,0,-3,28,33.3,68.3,-3,77.8,0,343,60,0,0,0,42.4,22,1,1,64.5,2,0,9
163980,Larry Worth III,S,1,0,2026,0,0,0,ARKANSAS,8,D03,73,14,0,0,1,2026,0,85.7,0,0,61,0,0,26,0,0,0,74.6,0,0,0,0,ARKANSAS,4,0,0,0,,3,0,67.6,,78.3,0,111,73,0,0,0,39.6,47,0,0,,56,0,0
163993,Jakeem Fletcher,DI,0,0,,0,0,,W KENTUCKY,0,D52,0,0,0,9,1,2027,21,,0,0,,0,0,0,12,1,0,63.1,0,0,0,0,W KENTUCKY,0,0,0,0,,0,,60.9,,73.1,0,346,21,0,8,0,0,12,0,0,56.2,0,0,0
164028,Jaden Lyles,S,1,0,,0,0,100,W MICHIGAN,0,D16,2,2,0,0,1,2026,0,,3,1,60,0,0,1,0,0,0,60,0,0,0,0,W MICHIGAN,0,0,0,0,3,0,,29.3,3,62.8,0,347,2,0,0,0,118.8,1,0,0,,0,1,0
164058,Sam Benjamin,DI,0,0,,0,0,,S DIEGO ST,0,D90,0,0,0,9,1,2026,20,70.2,0,0,,1,0,0,0,1,0,62.9,0,0,0,0,S DIEGO ST,0,0,1,0,,0,0,61.3,,73.5,0,284,20,0,19,0,0,11,0,1,56.8,0,0,0
164104,Brandon Lane,DI,0,0,,0,0,,WISCONSIN,0,D95,0,0,0,12,1,2026,34,72.2,0,0,,1,0,0,1,1,0,57.5,0,0,0,0,WISCONSIN,0,0,1,0,,0,0,56.5,,75,0,349,34,0,32,0,0,22,0,2,55.6,0,0,0
164125,Michael Molnar,LB,0,0,,0,0,,OHIO,3,D25,14,13,0,4,1,2027,0,77.9,0,0,62.3,0,0,5,0,0,0,73.5,0,0,0,0,OHIO,2,0,0,0,,1,0,70.1,,70.1,0,259,14,0,0,0,0,5,0,0,56,0,0,0
164130,Adonis Williams Jr.,S,1,0,,0,0,0,OHIO,2,D05,38,12,0,0,1,2026,3,80.7,0,0,60.7,0,0,22,0,0,0,59,0,0,0,0,OHIO,0,0,0,0,,4,0,60.3,,77.6,0,259,41,0,0,1,39.6,19,0,2,,22,0,3
164132,Jonquis Hardaway,CB,4,0,,0,0,75,KENTUCKY,4,D06,60,3,0,0,1,2026,0,80.7,70,3,66.6,0,0,31,0,0,0,66.9,57,0,1,0,KENTUCKY,1,0,0,0,50,0,0,64.4,23.3,0,0,202,60,12,0,0,116.7,29,0,1,,0,0,0
164136,Oliver Bridges,CB,2,0,,0,0,100,BUFFALO,2,D03,18,0,0,0,1,2027,1,76.6,28,2,45,0,0,11,0,0,0,61,18,0,0,0,BUFFALO,0,0,0,0,15,0,0,46,14,73.9,0,126,19,6,0,0,118.8,8,0,0,,0,0,1
164139,Kalen Carroll,CB,6,0,,0,0,50,C MICHIGAN,4,D06,52,1,0,1,1,2027,1,79.3,22,3,78.4,0,1,38,0,0,0,61.5,51,0,1,0,C MICHIGAN,2,0,0,0,22,0,0,77.7,7.3,77,0,134,53,5,0,0,19.4,14,1,0,60,0,0,1
164141,CJ Doggette Jr.,DI,0,0,,0,0,,FAU,1,D01,0,0,0,8,1,2027,39,70.1,0,0,,0,0,0,0,37,0,66.6,0,0,0,0,FAU,1,0,0,0,,0,0,66,,78.1,0,165,39,0,2,0,0,31,1,0,57.1,0,0,0
164150,Antwan Peek Jr.,S,0,0,,0,0,,CINCINNATI,0,D46,29,12,0,0,1,2027,0,,0,0,64.8,0,0,19,0,0,0,61.5,0,0,0,0,CINCINNATI,0,0,0,0,,1,,65,,73.8,0,138,29,0,0,0,0,10,0,0,,16,0,0
164156,Jonathan Thompson,LB,6,0,,0,1,83.3,CINCINNATI,5,D22,40,24,0,2,1,2027,3,62.1,31,5,56.5,0,0,21,0,0,0,69,2,0,0,0,CINCINNATI,2,0,0,0,12,14,12.5,61.2,6.2,75.6,0,138,43,44,0,0,88.2,20,1,2,58.3,0,0,3
164170,Mehki Flowers,S,4,0,,0,0,100,AKRON,6,D20,38,16,0,2,1,2027,2,84.4,69,4,59.8,0,0,25,0,0,0,74,0,0,0,0,AKRON,4,0,0,0,52,8,0,67.6,17.3,77.2,0,102,40,3,0,0,118.8,13,0,2,70.7,13,0,2
164178,Cam Miller,CB,1,0,2026,0,1,100,RUTGERS,2,D07,52,4,0,0,1,2026,0,46.2,0,1,75,0,0,26,0,0,0,29.8,2,0,0,0,RUTGERS,2,0,0,0,0,46,25,63.2,0,79.4,0,278,52,1,0,0,79.2,26,0,1,,0,0,0
164179,Tyrece Mills,S,0,0,,0,2,,UCONN,1,D14,12,6,0,0,1,2026,4,23.3,0,0,61,0,0,2,0,0,0,47,0,0,0,0,UCONN,0,0,0,0,,1,66.7,50.1,,73.4,0,146,16,0,0,0,0,14,0,0,,5,0,4
164307,Garrick Ponder,ED,0,0,,0,0,,SO MISS,6,D30,1,0,0,13,1,2027,34,80.5,0,0,60.3,1,0,2,0,0,0,76.1,0,0,0,0,SO MISS,5,0,1,0,,1,0,72.4,,79.3,0,296,35,0,0,0,0,20,2,0,59.3,0,0,34
164351,Murvin Kenion III,S,2,0,2026,0,0,50,NEVADA,4,D05,76,34,0,2,1,2028,3,82.1,11,1,58.1,0,0,35,0,0,0,79.6,4,0,0,0,NEVADA,3,0,0,0,11,6,0,67.8,11,76.4,0,239,79,0,0,0,66.7,42,2,2,57.1,32,0,3
164427,Dwayne McDougle III,S,3,0,,0,0,66.7,S DIEGO ST,7,D26,55,22,0,0,1,2028,0,85.6,16,2,64.5,0,0,35,0,0,0,72.4,0,0,0,0,S DIEGO ST,3,0,0,0,9,3,0,67.9,8,78.1,0,284,55,3,0,0,79.9,20,0,0,,30,0,0
164432,Edward Rhambo,CB,6,0,,0,1,66.7,NEVADA,8,D04,74,12,0,0,1,2027,0,68.3,78,4,61.2,0,0,36,0,0,0,74,58,0,0,0,NEVADA,0,0,0,0,37,2,11.1,65.2,19.5,76.6,0,239,74,25,0,1,109.7,38,0,0,,2,0,0
164530,Melkart Abou Jaoude,ED,0,0,,0,0,,N CAROLINA,0,D09,2,0,3,35,1,2027,55,76.6,0,0,61.8,1,0,3,0,0,0,62,0,2,0,0,N CAROLINA,3,0,6,0,,2,,77.8,,81.2,0,245,57,0,0,0,0,19,0,0,79.5,0,0,55
164532,Dominick Brogna,DI,0,0,,0,0,,DELAWARE,0,D52,0,0,0,19,1,2027,23,,0,0,,0,0,0,4,17,0,61.1,0,0,0,0,DELAWARE,0,0,0,0,,0,,60.8,,75.5,0,151,23,0,2,0,0,4,0,0,59.2,0,0,0
164760,Jayden Flaker,LB,0,0,,0,0,,MEMPHIS,2,D48,13,11,0,6,1,2027,1,75.8,0,0,64.1,2,0,6,0,0,0,60.3,0,1,0,0,MEMPHIS,1,0,3,0,,2,0,68.1,,68.9,0,218,14,0,0,0,0,2,0,0,67.7,0,0,1
164804,Jared Lloyd,LB,1,0,,0,1,100,MO STATE,3,D06,37,32,0,0,1,2027,0,53.8,8,1,67,0,0,25,0,0,0,56.7,0,0,0,0,MO STATE,1,0,0,0,8,5,16.7,64.4,8,74.2,0,230,37,3,0,0,100,12,0,2,,0,0,0
164824,Gary Bryant III,LB,2,0,,0,0,100,SYRACUSE,3,D13,15,14,0,2,1,2027,2,77.6,26,2,43.7,0,0,7,0,0,0,56.7,0,0,0,0,SYRACUSE,1,0,0,0,15,1,0,43.4,13,73.3,0,304,17,19,0,0,118.8,8,1,0,59.3,0,0,2
164831,Mi'Quise Humphrey-Grace,ED,0,0,,0,0,,KENTUCKY,1,D90,0,0,0,19,1,2028,40,71.5,0,0,,2,0,0,9,0,0,60.1,0,1,0,0,KENTUCKY,1,0,3,0,,0,0,59.6,,76.1,0,202,40,0,15,0,0,21,0,0,58.2,0,0,16
164901,Nehemiah Dukes,DI,0,0,,0,2,,OHIO,0,D44,0,0,0,23,1,2028,37,18.1,0,0,,0,0,0,9,9,0,39.4,0,0,0,0,OHIO,0,0,0,0,,0,66.7,45.1,,76.1,0,259,37,0,18,0,0,14,0,1,58.5,0,0,1
165095,Marje Mulumba,LB,2,0,,0,1,100,DELAWARE,1,D32,47,47,1,7,1,2026,0,58,10,2,58.6,0,0,27,0,0,0,54,0,0,0,0,DELAWARE,2,0,1,0,8,0,16.7,57,5,75.7,0,151,47,2,0,0,87.5,13,0,4,62.3,0,0,0
165205,Caldra Williford,CB,0,0,,0,0,,BAYLOR,0,D18,22,0,0,0,1,2027,0,,0,0,65,0,0,9,0,0,0,62,21,0,1,0,BAYLOR,0,1,0,0,,1,,58.3,,0,0,118,22,0,0,0,0,13,0,0,,0,0,0
165250,Gideon ESPN Lampron,LB,1,0,,0,0,100,BOWL GREEN,3,D04,47,47,0,7,1,2027,4,79.7,-3,1,71.3,0,0,20,0,0,0,74.1,0,1,0,0,BOWL GREEN,2,0,1,0,-3,0,0,73.6,-3,77.4,0,122,51,0,0,0,79.2,24,1,2,53.7,0,0,4
165722,Mackavelli Malotumau,DI,0,0,,0,0,,W KENTUCKY,0,D00,0,0,0,43,1,2027,64,71.9,0,0,60,5,0,0,11,1,0,68.2,0,0,0,0,W KENTUCKY,0,0,5,0,,0,0,68.5,,76.7,0,346,64,0,52,0,0,21,0,2,63.6,0,0,0
165766,Jayden Madkins,ED,0,0,,0,1,,LA TECH,0,D90,2,2,0,33,1,2027,55,29.6,0,0,,1,0,0,22,0,0,64.5,0,0,0,0,LA TECH,0,0,1,0,,0,50,57.3,,76.9,0,208,57,0,8,0,0,24,0,1,51.4,0,0,25
165819,Anisi Purcell,DI,0,0,,0,2,,BYU,0,D94,0,0,1,9,1,2027,16,20.4,0,0,,0,0,0,0,5,0,33.7,0,0,0,0,BYU,1,0,1,0,,0,100,48.1,,73.1,0,128,16,0,11,0,0,7,0,0,74.5,0,0,0
166787,Moussa Barry,WR,0,0,,0,0,,W KENTUCKY,0,03,1,0,0,0,1,2027,0,,0,0,,0,0,0,0,0,0,60,0,0,0,0,W KENTUCKY,0,0,0,0,,0,,60,,60,0,346,1,0,0,0,0,1,0,0,,0,0,0
167377,Malik Charles,ED,0,0,,0,0,,OKLA STATE,1,D00,0,0,0,16,1,2027,31,71.1,0,0,,0,0,0,7,0,0,58.8,0,0,0,0,OKLA STATE,1,0,0,0,,0,0,56.3,,75.3,0,262,31,0,3,0,0,15,0,0,54.7,0,0,21
167564,Wydett Williams Jr.,S,5,0,2026,0,0,40,OLE MISS,1,D16,58,9,0,1,1,2026,0,76.2,16,2,74.2,0,0,39,0,0,0,48.8,0,0,0,0,OLE MISS,1,0,0,0,16,9,0,68.9,8,77.9,0,226,58,20,0,2,48.8,18,0,0,59.9,40,0,0
168120,Juan Salas,S,1,0,,0,0,100,E MICHIGAN,5,D04,41,13,0,0,1,2028,0,83.5,2,1,65.2,0,1,24,0,0,0,79.9,0,0,0,0,E MICHIGAN,3,0,0,0,2,3,0,71.6,2,76.5,0,160,41,0,0,0,39.6,17,0,1,,25,0,0
168355,Demetrie Morgan,ED,0,0,,0,0,,N TEXAS,0,D91,0,0,0,1,1,2027,2,,0,0,,0,0,0,0,0,0,60,0,0,0,0,N TEXAS,0,0,0,0,,0,,59.9,,67.8,0,251,2,0,0,0,0,1,0,0,60,0,0,2
168412,Blake Cotton,CB,3,0,2026,0,0,33.3,UTAH,1,D16,41,1,0,0,1,2026,0,73.5,-7,1,73.1,0,0,27,0,0,0,61.7,38,0,0,0,UTAH,1,0,0,0,-7,2,0,73.3,-7,75.9,0,328,41,0,0,0,42.4,14,1,0,,0,0,0
168565,Mory Bamba,CB,0,0,2026,0,0,,BYU,0,D04,32,0,0,0,1,2026,1,,0,0,59.6,0,0,24,0,0,0,61.1,30,0,1,0,BYU,0,0,0,0,,2,,60.2,,75.9,0,128,33,0,0,0,0,9,0,0,,0,0,1
169139,William Alexander,LB,5,0,,0,0,80,TULSA,4,D33,41,32,0,1,1,2028,2,80.5,29,4,41.2,0,0,22,0,0,0,81.7,0,0,0,0,TULSA,1,0,0,0,13,9,0,57.2,7.3,76.2,0,320,43,11,0,0,130.4,20,0,1,60,0,2,2
169147,Keaton Thomas,LB,4,0,,0,1,50,BAYLOR,9,D11,68,62,0,4,1,2027,0,68.9,18,2,55.7,1,0,23,0,0,0,55.6,1,0,0,0,BAYLOR,5,0,1,0,11,5,8.3,54.1,9,75.4,0,118,68,21,0,0,62.5,41,0,2,55.2,0,0,0
169918,Kiemar Brown-Richardson,DI,0,0,,0,1,,FAU,0,D92,0,0,0,0,1,2026,6,17.6,0,0,,0,0,0,6,0,0,53.1,0,0,0,0,FAU,0,0,0,0,,0,100,50.8,,68.6,0,165,6,0,0,0,0,6,0,0,,0,0,0
169925,Antonio Smith,S,0,0,,0,0,,MO STATE,0,D02,6,0,0,0,1,2028,0,,0,0,61.9,0,0,5,0,0,0,60,0,0,0,0,MO STATE,0,0,0,0,,1,,62.1,,71,0,230,6,0,0,0,0,1,0,0,,5,0,0
169928,Chris Tooley III,CB,0,0,,0,0,,FAU,1,D08,15,13,0,0,1,2028,12,74.3,0,0,62.9,0,0,6,0,0,0,32.9,0,0,0,0,FAU,1,0,0,0,,2,0,39,,73.8,0,165,27,0,0,0,0,21,0,0,,0,0,12
169935,DeAgo Brumfield,CB,9,0,,0,1,77.8,MISS STATE,3,D04,68,1,0,3,1,2026,1,58.9,62,7,50.2,0,0,43,0,0,0,66.2,62,0,0,0,MISS STATE,1,0,0,0,21,5,25,51.5,8.9,78.7,0,227,69,3,0,0,135,23,0,0,53.6,0,4,1
169956,Isaiah Thomison,ED,0,0,,0,0,,BOWL GREEN,0,D17,0,0,0,7,1,2028,10,,0,0,,1,0,0,3,0,0,60.6,0,0,0,0,BOWL GREEN,0,0,1,0,,0,,75.8,,71.9,0,122,10,0,2,0,0,3,0,0,77.2,0,0,5
169965,Alexander Kilgore,LB,5,0,,0,0,60,SMU,5,D54,44,36,0,2,1,2028,5,82.6,20,3,67.7,0,0,27,0,0,0,66.6,2,0,0,0,SMU,3,0,0,0,12,6,0,69.3,6.7,75,0,287,49,17,0,1,108.3,20,1,2,59.7,0,1,5
169976,Jai Eugene Jr.,S,2,0,,0,0,100,W KENTUCKY,2,D26,19,9,0,0,1,2028,0,77,9,2,72.3,0,0,15,0,0,0,62.3,0,0,0,0,W KENTUCKY,1,0,0,0,6,8,0,74.3,4.5,73,0,346,19,9,0,0,85.4,4,0,0,,2,0,0
169977,Matthew Fobbs-White,ED,1,0,,0,1,100,BAYLOR,1,D50,0,0,0,8,1,2028,25,52.2,5,1,53,2,0,2,1,0,0,65.2,0,0,0,0,BAYLOR,1,0,2,0,5,0,25,55.4,5,76.7,0,118,25,0,0,0,87.5,15,0,2,53.5,0,0,24
169997,Jarvis Lee,CB,4,0,,0,1,100,USF,7,D00,73,6,1,14,1,2028,10,65.7,87,4,55.7,1,0,42,0,0,0,81.4,0,1,1,0,USF,5,0,3,0,57,67,12.5,61.4,21.8,0,0,327,83,25,0,0,118.8,27,3,0,65.2,0,0,10
170011,A.J. Hoffler,ED,0,0,,0,0,,GA TECH,0,D88,0,0,0,27,1,2028,43,,0,0,60,1,0,1,2,0,0,55.1,0,0,0,0,GA TECH,0,0,1,0,,0,,54,,77.7,0,176,43,0,1,0,0,15,0,0,54.4,0,0,40
170071,Shymeik Jones,DI,0,0,,0,0,,GA TECH,0,D96,0,0,0,21,1,2029,30,,0,0,,0,0,0,1,0,0,62.6,0,0,0,0,GA TECH,0,0,0,0,,0,,57.7,,74.5,0,176,30,0,28,0,0,9,0,0,54.2,0,0,1
170082,Rueben Bain Jr.,ED,0,0,2026,0,2,,MIAMI FL,1,D04,0,0,0,26,1,2026,48,43.8,0,0,,7,0,0,4,0,0,70.9,0,0,1,0,MIAMI FL,1,0,7,0,,0,50,90.3,,0,0,220,48,0,0,0,0,22,0,1,91.8,0,0,44
170093,Kaleb Spencer,LB,3,0,,0,0,100,VA TECH,7,D03,39,33,0,2,1,2028,0,83.4,44,3,48.4,0,0,23,0,0,0,64.4,0,0,0,0,VA TECH,2,0,0,0,22,5,0,52.4,14.7,73.8,0,337,39,24,0,0,118.8,14,1,1,56.6,1,0,0
170098,Jayden Wayne,ED,0,0,,0,0,,CAL,2,D10,3,3,1,19,1,2028,55,77.3,0,0,,0,0,0,5,0,0,62.5,0,0,0,0,CAL,2,0,1,0,,0,0,64.1,,80.9,0,130,58,0,0,0,0,39,0,0,62.7,0,0,50
170111,Tyler Thompson,ED,0,0,,1,0,,N CAROLINA,3,D40,0,0,1,12,1,2028,21,78.6,0,0,60,2,0,1,0,0,0,79.1,0,0,0,0,N CAROLINA,4,0,3,0,,0,0,90.9,,76.9,0,245,21,0,0,0,0,8,1,0,86.4,0,0,21
170112,Thomas Aden,DI,0,0,,0,0,,KENT STATE,0,D05,0,0,0,18,1,2027,40,,0,0,,0,0,0,11,0,0,71,0,0,0,0,KENT STATE,0,0,0,0,,0,,64.8,,75,0,201,40,0,29,0,0,22,0,0,52.4,0,0,0
170117,Abe Ibrahim,LB,0,0,,0,0,,PITTSBURGH,2,D52,11,11,0,4,1,2027,0,76.7,0,0,60.4,0,0,2,0,0,0,68.6,0,0,0,0,PITTSBURGH,2,0,0,0,,0,0,73,,68.8,0,268,11,0,0,0,0,5,0,0,66.3,0,0,0
170119,Braylan Lovelace,LB,3,0,,0,2,100,PITTSBURGH,3,D00,51,50,0,12,1,2028,3,37,15,3,69.4,0,0,30,0,0,0,57.8,0,0,0,0,PITTSBURGH,2,0,0,0,9,1,28.6,64,5,76.2,0,268,54,10,0,0,87.5,12,0,2,51.6,0,0,3
170121,Isaiah Neal,ED,0,0,,0,0,,PITTSBURGH,1,D02,3,3,0,29,1,2028,36,77,0,0,61,1,0,1,0,0,0,72.9,0,0,0,0,PITTSBURGH,1,0,1,0,,0,0,62.9,,79.4,0,268,39,0,0,0,0,9,0,3,53.3,0,0,36
170144,Maddux Borcherding-Johnson,DI,0,0,,0,0,,IOWA,0,D56,0,0,0,0,1,2028,9,69.7,0,0,,0,0,0,0,0,0,50.8,0,0,0,0,IOWA,0,0,0,0,,0,0,49.4,,70.5,0,192,9,0,9,0,0,9,0,1,,0,0,0
170148,Nolan DeLong,LB,0,0,,0,0,,IOWA,1,D31,5,5,0,0,1,2028,0,73.1,0,0,,0,0,0,0,0,0,63.9,0,0,0,0,IOWA,0,0,0,0,,0,0,65.8,,65.3,0,192,5,0,0,0,0,5,0,0,,0,0,0
170162,Zach Lutmer,CB,6,1,,0,0,50,IOWA,4,D06,32,4,0,2,1,2028,5,81,21,3,89.6,0,1,25,0,0,0,69.6,6,0,0,0,IOWA,3,0,0,0,9,22,0,87.4,7,78.6,0,192,37,18,0,0,18.8,10,1,1,59.6,0,0,5
170166,Kenneth Merrieweather,ED,0,0,,0,0,,IOWA,1,D44,0,0,0,8,1,2028,12,73.6,0,0,60,1,0,0,7,0,0,62.9,0,0,1,0,IOWA,0,0,1,0,,0,0,58.1,,0,0,192,12,0,0,0,0,4,0,0,66.6,0,0,5
170167,Alex Mota,CB,0,0,,0,0,,IOWA,0,D14,5,0,0,0,1,2028,0,,0,0,,0,0,0,0,0,0,60,5,0,0,0,IOWA,0,0,0,0,,0,,60.4,,68.9,0,192,5,0,0,0,0,5,0,0,,0,0,0
170169,John Nestor,CB,4,0,,0,1,100,MINNESOTA,3,D17,40,1,0,0,1,2028,0,47.7,68,4,53.9,0,0,20,0,0,0,80.8,37,0,0,0,MINNESOTA,3,0,0,0,29,2,25,61,17,75.7,0,225,40,32,0,0,158.3,20,1,0,,0,1,0
170176,Anterio Thompson,DI,0,0,2026,0,1,,WASHINGTON,1,D54,0,0,0,11,1,2026,22,16.6,0,0,,0,0,0,1,1,0,49.1,0,0,0,0,WASHINGTON,1,0,0,0,,0,50,52.1,,73.8,0,340,22,0,20,0,0,11,0,0,61.5,0,0,0
170189,Tamarcus Cooley,S,1,0,,0,0,100,LSU,4,D00,57,27,0,1,1,2028,0,83.7,11,1,63.2,0,0,24,0,0,0,70.3,0,0,0,0,LSU,0,0,0,0,11,16,0,67.1,11,75.6,0,211,57,8,0,0,112.5,32,0,3,58.9,14,0,0
170195,Lavon Johnson,DI,0,0,,0,0,,TEXAS,0,D96,0,0,0,6,1,2028,9,,0,0,,0,0,0,1,1,0,60.7,0,0,0,0,TEXAS,0,0,0,0,,0,,59.6,,70.7,0,311,9,0,7,0,0,3,0,0,57.7,0,0,0
170218,Dwight Bootle II,CB,3,0,,0,3,100,CHARLOTTE,2,D11,38,3,0,0,1,2028,0,25.2,66,3,54,0,0,27,0,0,0,51.8,33,0,0,0,CHARLOTTE,1,0,0,0,41,1,60,52.7,22,74.6,0,136,38,15,0,0,158.3,11,0,0,,0,1,0
170219,Vincent Carroll-Jackson,DI,0,0,,0,0,,UCONN,3,D55,0,0,0,14,1,2028,54,74.8,0,0,,1,0,0,2,16,0,66.6,0,0,0,0,UCONN,3,0,1,0,,0,0,71.4,,77.2,0,146,54,0,35,0,0,40,0,1,75.6,0,0,1
170222,Korver Demma,ED,0,0,,0,1,,C MICHIGAN,2,D56,0,0,0,8,1,2028,14,45.3,0,0,,2,0,0,1,0,0,67.6,0,0,0,0,C MICHIGAN,1,0,2,0,,0,33.3,64.3,,75.4,0,134,14,0,0,0,0,6,1,0,56.8,0,0,13
170231,Sua Lefotu,DI,0,0,,0,0,,NEBRASKA,0,D92,0,0,0,1,1,2029,3,,0,0,,0,0,0,0,0,0,60.3,0,0,0,0,NEBRASKA,0,0,0,0,,0,,61.2,,67.8,0,238,3,0,3,0,0,2,0,0,60,0,0,0
170232,Cameron Lenhardt,ED,1,0,,0,0,0,NEBRASKA,3,D11,0,0,0,17,1,2028,31,74.8,0,0,59.2,0,0,1,17,0,0,56.2,0,0,0,0,NEBRASKA,3,0,0,0,,0,0,51.2,,75.2,0,238,31,0,4,0,39.6,13,0,0,52.3,0,0,10
170245,Princewill Umanmielen,ED,0,0,,0,1,,OLE MISS,2,D01,1,1,2,27,1,2028,39,64.6,0,0,60.5,5,0,2,0,0,0,70,0,0,0,0,OLE MISS,4,0,7,0,,0,20,73.8,,79.7,1,226,40,0,0,0,0,11,1,2,69,0,0,39
170246,Riley Van Poppel,DI,0,0,,0,0,,NEBRASKA,3,D05,0,0,0,7,1,2029,28,74.3,0,0,60,0,0,1,4,4,0,55.1,0,0,2,0,NEBRASKA,2,1,0,0,,0,0,42.5,,0,0,238,28,0,20,0,0,20,0,0,56.8,0,0,0
170289,Joseph Mupoyi,ED,0,0,,0,0,,N CAROLINA,0,D25,0,0,0,1,1,2028,2,,0,0,,0,0,0,1,0,0,60,0,0,0,0,N CAROLINA,0,0,0,0,,0,,59.6,,66.9,0,245,2,0,0,0,0,1,0,0,59.8,0,0,1
170313,Bo Mascoe,CB,1,0,,0,2,100,RUTGERS,1,D03,47,1,0,0,1,2028,1,23.6,14,1,54.2,0,0,24,0,0,0,27,41,0,1,0,RUTGERS,0,0,0,0,14,5,66.7,42.5,14,77.1,0,278,48,0,0,0,158.3,24,0,0,,0,1,1
170314,Jesse Ofurie,S,1,0,,0,0,100,RUTGERS,0,D16,0,0,0,0,1,2028,3,,44,1,41.5,0,0,3,0,0,0,,0,0,0,0,RUTGERS,0,0,0,0,44,0,,31.1,44,69.8,0,278,3,23,0,0,118.8,0,0,0,,0,0,3
170320,Abram Wright,LB,4,0,,1,1,75,RUTGERS,9,D06,47,41,0,2,1,2028,5,76.5,41,3,49.6,1,0,24,0,0,0,68.8,0,0,0,0,RUTGERS,3,0,1,0,18,6,8.3,58.6,13.7,75.8,0,278,52,46,0,0,146.9,26,1,2,57.5,0,1,5
170322,Jonas Duclona,CB,4,0,,0,0,75,USF,7,D03,60,3,1,4,1,2028,0,83.1,12,3,67.4,1,0,37,0,0,0,67.9,57,0,0,1,USF,3,0,2,0,10,0,0,76.4,4,76.7,0,327,60,7,0,0,77.1,19,0,0,91.9,0,0,0
170323,Tyler Jansey,LB,0,0,,0,0,,WISCONSIN,0,D42,1,0,0,1,1,2028,0,,0,0,,0,0,0,0,0,0,,0,0,0,0,WISCONSIN,0,0,0,0,,0,,60,,60,0,349,1,0,0,0,0,0,0,0,60,0,0,0
170366,Kamal Bonner,LB,0,0,,0,0,,MIAMI FL,0,D32,9,9,0,0,1,2028,0,,0,0,61.4,0,0,5,0,0,0,63.8,0,0,0,0,MIAMI FL,0,0,0,0,,0,,65.9,,70.3,0,220,9,0,0,0,0,4,0,0,,0,0,0
170368,Brandon Cisse,CB,3,0,2026,0,1,0,S CAROLINA,0,D15,53,3,0,2,1,2026,0,21.7,0,0,66.1,0,0,38,0,0,0,46.8,44,0,0,0,S CAROLINA,0,0,0,0,,3,100,61.7,,76.2,0,289,53,0,0,0,39.6,13,0,0,51.2,3,0,0
170370,Red Hibbler,ED,0,0,,0,0,,MISS STATE,1,D27,0,0,1,20,1,2026,32,75.3,0,0,,0,0,0,16,0,0,75,0,0,0,0,MISS STATE,2,0,1,0,,0,0,70.6,,75,0,227,32,0,1,0,0,12,0,1,60.7,0,0,15
170380,Isaiah Shirley,DI,0,0,,0,0,,NC STATE,2,D88,0,0,0,17,1,2028,32,73.8,0,0,,2,0,0,3,0,0,58.9,0,0,0,0,NC STATE,1,0,2,0,,0,0,56.7,,74.4,0,248,32,0,29,0,0,15,1,1,55,0,0,0
170386,David Omopariola,ED,0,0,,0,0,,SYRACUSE,0,D18,7,6,0,11,1,2028,22,,0,0,60.3,1,0,2,0,0,0,35.4,0,0,0,0,SYRACUSE,0,0,1,0,,1,,39.5,,78.7,0,304,29,0,0,0,0,16,0,0,55.2,0,0,22
170401,Quaylen Hill,DI,0,0,,0,0,,FIU,1,D95,0,0,0,10,1,2026,43,72.4,0,0,,2,0,0,1,14,0,63.1,0,0,0,0,FIU,0,0,2,0,,0,0,64.9,,78.7,0,166,43,0,28,0,0,33,0,1,64.2,0,0,0
170426,Geimere Latimer II,CB,1,0,,0,0,100,WISCONSIN,0,D01,37,4,0,1,1,2028,0,,6,1,65.5,0,0,17,0,0,0,48.7,0,0,0,0,WISCONSIN,0,0,0,0,6,33,,60.5,6,76.6,0,349,37,10,0,0,91.7,19,0,0,59,0,0,0
170434,Zechariah Poyser,S,3,0,,0,1,33.3,MIAMI FL,1,D07,44,13,0,1,1,2028,1,28.3,9,1,64.7,0,0,23,0,0,0,50,0,0,1,0,MIAMI FL,1,0,0,0,9,9,50,59.9,9,75.8,0,220,45,0,0,2,81.9,21,0,0,59.7,22,1,1
170443,Quinzavious Warren,DI,0,0,,0,0,,SO MISS,0,D91,0,0,0,1,1,2026,5,,0,0,,0,0,0,0,3,0,61.6,0,0,0,0,SO MISS,0,0,0,0,,0,,62.2,,70.7,0,296,5,0,2,0,0,4,0,0,60,0,0,0
170449,David Blay Jr.,DI,0,0,2026,0,1,,MIAMI FL,3,D11,0,0,0,11,1,2026,27,46.3,0,0,,1,0,0,0,26,0,84.3,0,0,2,0,MIAMI FL,3,0,1,0,,0,20,73.1,,0,0,220,27,0,1,0,0,16,1,1,69.2,0,0,0
170457,Jacob Fields,S,1,0,,0,0,100,LA TECH,9,D08,74,25,0,5,1,2028,1,87.8,11,1,73,0,0,38,0,0,0,69.6,0,1,0,0,LA TECH,1,0,1,0,11,9,0,74.1,11,77.4,0,208,75,0,0,0,112.5,32,0,2,65.3,40,0,1
170464,Obinna Okeke,ED,0,0,,0,0,,NEW MEX ST,0,D25,0,0,0,7,1,2028,14,,0,0,60,1,0,1,2,0,0,49.7,0,0,0,0,NEW MEX ST,0,0,1,0,,0,,48.6,,74,0,242,14,0,0,0,0,6,0,0,55.2,0,0,12
170466,Michael Richard,S,7,0,,0,0,57.1,LA TECH,3,D01,69,17,0,0,1,2028,0,79.8,56,4,59.3,0,0,39,0,0,0,67.6,2,0,0,0,LA TECH,3,0,0,0,21,46,0,61.8,14,78.3,0,208,69,42,0,1,83,30,2,0,,4,0,0
170479,Sam Brumfield,LB,1,0,,0,5,100,MEMPHIS,12,D03,85,85,1,28,1,2026,0,54.8,14,1,48.3,3,0,25,0,0,0,89.9,0,0,0,0,MEMPHIS,8,0,4,0,14,0,23.8,64.4,14,78.9,0,218,85,3,0,0,118.8,32,2,4,47.3,0,0,0
170480,Anthony Bynum,ED,0,0,,0,0,,MIDDLE TN,4,D00,4,3,0,46,1,2028,77,79.1,0,0,56.9,4,0,1,9,0,0,73.2,0,2,1,1,MIDDLE TN,2,0,6,0,,1,0,72.4,,8.2,0,224,81,0,13,0,0,34,0,5,74.2,0,0,55
170484,Markel James,ED,0,0,,0,0,,MIDDLE TN,0,D43,0,0,0,0,1,2028,3,,0,0,,0,0,0,0,0,0,48.6,0,0,0,0,MIDDLE TN,0,0,0,0,,0,,40.3,,69.9,0,224,3,0,0,0,0,3,0,0,,0,0,3
170490,Chayce Smith,ED,0,0,,0,0,,MIDDLE TN,0,D47,0,0,0,6,1,2029,8,,0,0,,1,0,0,0,0,0,60,0,0,0,0,MIDDLE TN,0,0,1,0,,0,,57.1,,73,0,224,8,0,0,0,0,2,0,0,56.1,0,0,8
170495,Shakai Woods,DI,0,0,,0,1,,MIDDLE TN,4,D98,1,1,0,36,1,2028,69,60.4,0,0,,0,0,0,0,17,0,72.9,0,0,0,0,MIDDLE TN,3,0,0,0,,0,11.1,67.1,,78,0,224,70,0,52,0,0,34,1,4,54,0,0,0
170514,Dimitri Madden,DI,0,0,,0,0,,AKRON,0,D90,0,0,0,2,1,2026,5,69.7,0,0,,0,0,0,0,0,0,36,0,0,0,0,AKRON,0,0,0,0,,0,0,28.8,,69,0,102,5,0,5,0,0,3,0,1,59.8,0,0,0
170594,Maddox Marcellus,LB,2,0,,0,0,100,VIRGINIA,3,D11,24,18,0,3,1,2028,0,78.5,13,2,65.7,0,0,14,0,0,0,72.1,1,0,0,0,VIRGINIA,1,0,0,0,7,5,0,68.9,6.5,73,0,335,24,0,0,0,93.8,7,0,0,55.1,0,0,0
170679,Derek Ganter Jr.,S,3,0,,0,2,66.7,BOISE ST,3,D10,49,19,0,1,1,2028,1,51.6,18,2,48.4,1,0,31,0,0,0,48.3,1,0,0,0,BOISE ST,1,0,1,0,11,10,22.2,47.1,9,78.7,0,120,50,8,0,0,82.6,18,0,4,60,18,0,1
170699,Jon Johnson,CB,4,0,,0,2,25,NEW MEXICO,1,D12,46,4,0,0,1,2026,1,26.4,6,1,72.5,0,0,29,0,0,0,50.7,42,0,0,0,NEW MEXICO,0,0,0,0,6,0,50,68.6,6,76,0,241,47,5,0,1,39.6,18,0,1,,0,0,1
170717,Alex McLaughlin,S,5,0,,0,2,80,WASHINGTON,10,D12,67,39,0,4,1,2028,0,63.5,50,4,50.7,1,0,34,0,0,0,63.8,0,0,0,0,WASHINGTON,2,0,1,0,25,3,16.7,54.1,12.5,74.7,0,340,67,18,0,1,147.9,29,0,0,50.2,25,1,0
170734,Michael Jordan Jr.,DI,0,0,,0,0,,FRESNO ST,0,D99,0,0,0,6,1,2026,26,73.4,0,0,,0,0,0,0,2,0,58.9,0,0,0,0,FRESNO ST,0,0,0,0,,0,0,58.7,,74.1,0,169,26,0,24,0,0,20,0,3,57.9,0,0,0
170741,Jaden DaCosta,S,1,0,,0,0,100,WYOMING,1,D22,12,5,0,0,1,2028,0,74.8,9,1,65.4,0,0,11,0,0,0,60,0,0,0,0,WYOMING,0,0,0,0,9,2,0,65.5,9,71.9,0,351,12,4,0,0,104.2,1,0,0,,5,0,0
170754,Mike Montgomery,LB,1,0,,0,0,100,SO MISS,7,D17,48,45,0,1,1,2028,1,81.9,3,1,54.2,0,0,20,0,0,0,77.7,0,0,0,0,SO MISS,4,0,0,0,3,3,0,67.6,3,77.4,0,296,49,-1,0,0,79.2,28,0,1,59.2,0,0,1
170988,Tano Letuli,LB,2,1,,0,2,0,S DIEGO ST,2,D21,47,40,0,5,1,2028,4,29.9,0,0,93.1,1,1,29,0,0,0,70.5,1,1,0,0,S DIEGO ST,1,0,2,0,,6,50,92.6,,76.6,0,284,51,0,0,1,0,17,0,0,63.4,0,0,4
171001,Jordan Owens,LB,0,0,,0,0,,BUFFALO,0,D37,1,0,0,0,1,2028,0,,0,0,,0,0,0,0,0,0,60,0,0,0,0,BUFFALO,0,0,0,0,,0,,60,,60,0,126,1,0,0,0,0,1,0,0,,0,0,0
171036,Cam Chadwick Jr.,CB,2,0,,1,1,50,UCONN,5,D13,78,22,0,0,1,2028,0,57,4,1,86.2,0,0,26,0,0,0,66.9,56,0,0,0,UCONN,2,0,0,0,4,0,16.7,81.4,4,75.1,0,146,78,8,0,0,56.3,52,0,0,,0,0,0
171038,Cleto Chol,DI,0,0,,0,1,,UCONN,0,D52,0,0,0,1,1,2028,7,16.2,0,0,,0,0,0,2,0,0,45.3,0,0,0,0,UCONN,0,0,0,0,,0,100,42.3,,69.9,0,146,7,0,5,0,0,6,0,0,60,0,0,0
171041,Oumar Diomande,LB,1,0,,0,5,100,UCONN,4,D32,72,67,0,1,1,2028,0,27.3,4,1,72.5,0,0,22,0,0,0,48.3,0,0,0,0,UCONN,3,0,0,0,4,5,41.7,59,4,76.5,0,146,72,0,0,0,83.3,49,0,3,60,0,0,0
171059,Amir Renwick,LB,0,0,,0,0,,UCONN,2,D09,14,14,0,1,1,2026,0,79.1,0,0,55.2,0,0,2,0,0,0,68.7,0,1,0,0,UCONN,1,0,1,0,,0,0,58.5,,69.7,0,146,14,0,0,0,0,11,0,2,60,0,0,0
171068,Gabriel Iniguez Jr.,DI,0,0,,0,0,,UTAH ST,1,D10,1,0,0,21,1,2026,54,70.1,0,0,,0,0,0,0,33,0,62.2,0,0,0,0,UTAH ST,1,0,0,0,,0,0,68.2,,77.8,0,329,55,0,21,0,0,34,0,0,73.2,0,0,0
171199,Dion Crawford,LB,2,0,,0,0,50,BUFFALO,4,D18,64,64,0,16,1,2028,9,82,6,1,52.4,2,0,23,0,0,0,84.1,0,0,0,0,BUFFALO,4,0,2,0,6,0,0,73.2,6,79.9,0,126,73,0,0,0,56.3,34,1,4,67,0,0,9
171210,Junior Poyser,DI,0,0,,1,0,,BUFFALO,2,D97,0,0,0,18,1,2028,41,73,0,0,,0,0,0,0,1,0,54,0,0,1,0,BUFFALO,2,0,0,0,,0,0,56.6,,0,0,126,41,0,40,0,0,23,1,1,72.2,0,0,0
171219,Jamari Allen,CB,3,0,,0,0,66.7,C MICHIGAN,2,D21,21,1,0,0,1,2028,0,77,16,2,58.3,0,0,17,0,0,0,60,20,0,0,0,C MICHIGAN,1,0,0,0,14,0,0,58.6,8,73,0,134,21,3,0,0,79.9,4,0,0,,0,0,0
171230,Keshawn Hayden,ED,0,0,,0,0,,C MICHIGAN,1,D49,0,0,0,24,1,2028,30,71.5,0,0,60,3,0,0,1,0,0,61.6,0,2,0,0,C MICHIGAN,1,0,5,0,,0,0,64.9,,76.7,0,134,30,0,0,0,0,6,0,0,62.9,0,0,29
171236,Trey Liebhardt,CB,1,0,,0,0,100,C MICHIGAN,1,D25,7,0,0,0,1,2028,0,73.5,15,1,48.6,0,0,7,0,0,0,,7,0,0,0,C MICHIGAN,0,0,0,0,15,0,0,47.6,15,69.9,0,134,7,-1,0,0,118.8,0,0,0,,0,0,0
171249,Sayed Abuhamdeh,LB,0,0,,0,2,,KENT STATE,0,D15,20,15,0,0,1,2028,0,25.5,0,0,63,0,0,6,0,0,0,28.7,0,0,0,0,KENT STATE,0,0,0,0,,5,66.7,36.9,,70.4,0,201,20,0,0,0,0,14,0,1,,0,0,0
171252,Joel Boamah,CB,1,0,,0,1,0,KENT STATE,0,D12,22,1,0,0,1,2028,0,21.4,0,0,54.9,0,0,17,0,0,0,60.1,21,0,0,0,KENT STATE,0,0,0,0,,0,100,55.3,,73.3,0,201,22,0,0,0,39.6,5,0,0,,0,0,0
171269,CJ Young,LB,3,0,,0,0,100,KENT STATE,10,D03,67,56,0,8,1,2028,3,85.9,34,3,51.7,0,0,25,0,0,0,84.6,1,0,0,1,KENT STATE,7,0,0,0,18,9,0,69.8,11.3,76.6,0,201,70,6,0,0,113.9,37,1,3,62,1,0,3
171270,Roosevelt Andrews III,DI,0,0,,0,0,,MIAMI OH,0,D92,0,0,0,19,1,2028,47,,0,0,,1,0,0,0,0,1,65.6,0,0,0,0,MIAMI OH,0,0,1,0,,0,,75.7,,75.8,0,221,47,0,47,0,0,28,0,0,82.6,0,0,0
171282,Malcolm McCain,LB,1,0,,0,0,100,MIAMI OH,3,D03,20,19,1,11,1,2028,15,82.5,16,1,44.2,1,0,11,0,0,0,71.7,0,0,0,0,MIAMI OH,1,0,2,0,16,1,0,60,16,76.1,0,221,35,1,0,0,118.8,13,0,4,61,0,0,15
171297,Mychal Yharbrough,CB,7,0,,0,2,57.1,MIAMI OH,3,D24,55,4,0,0,1,2028,10,29.1,34,4,54.1,0,0,34,0,0,0,48.4,51,0,1,0,MIAMI OH,1,0,0,0,12,0,40,51.9,8.5,79.5,0,221,65,6,0,0,69.9,31,0,0,,0,0,10
171300,Santana Banner,S,1,0,,0,0,100,MISSOURI,4,D15,40,11,0,0,1,2028,3,81.1,19,1,59.7,0,0,26,0,0,0,59,0,0,0,0,MISSOURI,2,0,0,0,19,10,0,59.6,19,76.7,0,229,43,0,0,0,118.8,17,1,0,,19,0,3
171311,Mark Hensley,DI,0,0,,0,1,,N ILLINOIS,7,D10,0,0,1,32,1,2028,57,61.6,0,0,60,4,0,0,2,4,0,78.8,0,1,0,0,N ILLINOIS,5,0,6,0,,0,12.5,74.6,,77,0,254,57,0,50,0,0,25,0,0,61,0,0,1
171319,Filip Maciorowski,LB,0,0,,0,0,,N ILLINOIS,0,D17,56,50,0,3,1,2028,5,76.7,0,0,70.6,0,0,27,0,0,0,49.7,0,0,0,0,N ILLINOIS,0,0,0,0,,6,0,63.1,,77.6,0,254,61,0,0,0,0,31,0,1,65.9,0,0,5
171329,Nevaeh Sanders,LB,0,0,,0,0,,MISS STATE,0,D37,3,3,0,6,1,2026,4,,0,0,60,0,0,1,0,0,0,,0,0,0,0,MISS STATE,0,0,0,0,,0,,52.8,,72.7,0,227,7,0,0,0,0,0,0,0,53.2,0,0,4
171332,Jay'shon Thomas,ED,0,0,,0,0,,N ILLINOIS,1,D16,0,0,2,24,1,2028,38,74.5,0,0,,4,0,0,3,0,0,62.3,0,0,0,0,N ILLINOIS,3,0,6,0,,0,0,68.4,,76.9,0,254,38,0,1,0,0,14,0,0,67.9,0,0,34
171334,Ethan Tierney,S,0,0,,0,2,,FRESNO ST,1,D17,38,5,0,1,1,2029,1,26.1,0,0,66.6,1,0,14,0,0,0,51.5,0,0,0,0,FRESNO ST,0,0,1,0,,4,66.7,57.8,,76,0,169,39,0,0,0,0,24,0,0,47.5,29,0,1
171338,Kendall Bannister,CB,0,0,,0,0,,OHIO,0,D20,6,0,0,0,1,2028,0,,0,0,62.3,0,0,3,0,0,0,60,6,0,0,0,OHIO,0,0,0,0,,0,,63.2,,69.5,0,259,6,0,0,0,0,3,0,0,,0,0,0
171340,Jay Crable,ED,0,0,,0,0,,OHIO,1,D12,11,8,0,14,1,2028,30,75,0,0,71.7,1,0,11,2,0,0,55,0,1,0,0,OHIO,1,0,2,0,,3,0,66.1,,79.1,0,259,41,0,1,0,0,16,0,1,63.3,0,0,27
171345,Jack Fries,LB,0,0,,0,0,,OHIO,1,D27,15,13,0,3,1,2027,0,78.3,0,0,61.1,0,0,3,0,0,0,77,0,0,0,0,OHIO,1,0,0,0,,2,0,77.5,,70.7,0,259,15,0,0,0,0,9,0,1,65.3,0,0,0
171354,Andrew Marshall,LB,1,0,,0,0,100,E MICHIGAN,5,D42,22,21,0,1,1,2028,0,80.8,28,1,65.7,0,0,7,0,0,0,68.7,0,0,0,0,E MICHIGAN,3,0,0,0,28,1,0,70.1,28,74.1,0,160,22,9,0,0,158.3,14,1,1,59.8,0,1,0
171355,Austin Mitchell,DI,0,0,,0,0,,OHIO,0,D97,0,0,0,9,1,2029,21,,0,0,59.7,0,0,1,0,2,0,37.5,0,0,0,0,OHIO,0,0,0,0,,0,,40,,73.9,0,259,21,0,19,0,0,11,0,0,57.4,0,0,0
171357,Tank Pearson,CB,6,0,,1,0,50,OHIO,5,D07,54,0,0,0,1,2026,1,80.7,71,3,65.7,0,0,33,0,0,0,70.6,54,0,0,0,OHIO,2,0,0,0,51,0,0,67.7,23.7,77.3,0,259,55,24,0,1,93.1,22,0,0,,0,0,1
171359,Kadin Schmitz,LB,1,0,,0,1,100,CHARLOTTE,2,D19,36,33,0,6,1,2028,2,60.9,6,1,62,0,0,18,0,0,0,61.7,0,1,0,0,CHARLOTTE,1,0,1,0,6,3,20,60.9,6,74.5,0,136,38,9,0,0,131.3,14,0,2,54.6,0,1,2
171363,Jalen Thomeson,S,10,0,,0,0,100,OHIO,7,D22,49,1,0,2,1,2028,6,83.1,69,10,63.8,1,0,31,0,0,0,46.2,0,0,0,0,OHIO,3,0,1,0,13,48,0,59.7,6.9,80.9,0,259,55,34,0,0,95.4,22,1,2,57.6,0,0,6
171364,DJ Walker,S,3,0,,0,1,100,OHIO,3,D02,54,11,0,0,1,2028,1,50.5,40,3,59.2,0,0,33,0,0,0,58.4,0,0,0,0,OHIO,3,0,0,0,38,8,25,59.1,13.3,77.3,0,259,55,5,0,0,158.3,22,1,0,,35,1,1
171370,Braden Awls,S,1,0,,0,1,100,TOLEDO,7,D06,62,54,0,0,1,2028,3,68.3,10,1,72,0,2,28,0,0,0,72.4,3,0,0,0,TOLEDO,2,0,0,0,10,2,10,74,10,75.1,0,316,65,10,0,0,68.8,37,0,2,,3,0,3
171373,Chris D'Appolonia,LB,5,0,,0,0,20,TOLEDO,3,D49,57,43,0,1,1,2028,13,81.5,-3,1,69.2,0,0,29,0,0,0,48.5,4,0,0,0,TOLEDO,2,0,0,0,-3,10,0,60.1,-3,77.8,0,316,70,1,0,1,39.6,40,1,3,60,0,0,13
171391,Nicholas Thompson,S,1,0,,0,0,100,TOLEDO,1,D22,5,2,0,0,1,2029,0,74.3,7,1,50.8,0,0,2,0,0,0,60,1,0,0,0,TOLEDO,0,0,0,0,7,0,0,49.5,7,66.8,0,316,5,3,0,0,95.8,3,0,0,,2,0,0
171395,Joshua Franklin,CB,4,0,,0,0,25,W MICHIGAN,3,D01,58,7,0,1,1,2028,2,83.3,8,1,57.4,0,0,33,0,0,0,72.3,0,0,0,0,W MICHIGAN,0,0,0,0,8,51,0,61.7,8,79.9,0,347,60,3,0,0,39.6,26,0,4,59.7,0,0,2
171396,Dalton Gustwiller,DI,0,0,,0,0,,W MICHIGAN,0,D96,0,0,0,3,1,2028,5,,0,0,,0,0,0,2,0,0,56.8,0,0,0,0,W MICHIGAN,0,0,0,0,,0,,49.5,,68.3,0,347,5,0,3,0,0,2,0,0,59,0,0,0
171406,Marcel Tyler,DI,0,0,,0,0,,W MICHIGAN,3,D91,0,0,0,26,1,2026,48,73.4,0,0,,1,0,0,0,2,0,64.7,0,0,0,1,W MICHIGAN,2,0,1,0,,0,0,66.4,,76.6,0,347,48,0,46,0,0,22,0,0,64,0,0,0
171445,Tim Brantley Jr.,DI,0,0,,0,0,,MO STATE,1,D91,0,0,0,10,1,2028,20,73.8,0,0,,0,0,0,0,0,0,75.9,0,0,0,0,MO STATE,1,0,0,0,,0,0,71.9,,73.5,0,230,20,0,20,0,0,10,0,2,56,0,0,0
171451,Kaleno Levine,CB,2,0,,0,1,50,TROY,5,D05,50,2,0,0,1,2026,0,57.8,16,1,81.5,0,1,20,0,0,0,58.3,48,0,0,0,TROY,1,0,0,0,16,0,16.7,76.6,16,76.1,0,318,50,6,0,0,37.5,30,0,0,,0,0,0
171455,Cooper Roy,LB,0,0,,0,0,,MO STATE,1,D31,13,11,0,0,1,2028,5,75.7,0,0,63.6,0,0,8,0,0,0,67.7,0,0,0,0,MO STATE,1,0,0,0,,2,0,69.1,,74.6,0,230,18,0,0,0,0,10,0,1,,0,0,5
171457,Mitchell Toney,ED,0,0,,0,0,,MO STATE,1,D50,0,0,0,19,1,2028,27,73.7,0,0,,3,0,0,0,5,0,62.1,0,0,0,0,MO STATE,1,0,3,0,,0,0,75.8,,76.1,0,230,27,0,1,0,0,8,0,1,77.2,0,0,21
171458,Caden Wiest,ED,0,0,,0,0,,MO STATE,1,D30,0,0,0,11,1,2028,17,71.5,0,0,,0,0,0,0,0,0,60.8,0,0,0,0,MO STATE,1,0,0,0,,0,0,57,,75.5,0,230,17,0,2,0,0,6,0,0,54.6,0,0,15
171461,Kanye Young,LB,1,0,,0,1,100,MO STATE,4,D44,54,38,0,1,1,2026,1,60.4,6,1,62.7,0,0,33,0,0,0,49,0,0,0,0,MO STATE,2,0,0,0,6,16,14.3,57.1,6,75.9,0,230,55,7,0,0,91.7,21,0,2,60,0,0,1
171484,Brad Vislisel,ED,1,0,,0,0,100,NEW MEX ST,1,D08,0,0,0,7,1,2028,15,74.4,18,1,55.9,1,0,1,0,0,0,57,0,0,0,0,NEW MEX ST,1,0,1,0,18,0,0,65.5,18,74.5,0,242,15,0,0,0,158.3,7,0,1,83.6,0,1,15
171492,Jamir Conn,CB,1,0,,0,0,100,NEBRASKA,1,D13,10,1,0,0,1,2028,0,75.1,13,1,65.3,0,0,7,0,0,0,60,0,0,0,0,NEBRASKA,0,0,0,0,13,9,0,65.8,13,72,0,238,10,0,0,0,118.8,3,0,0,,0,0,0
171503,Jamond Mathis,ED,0,0,,0,1,,KENT STATE,0,D04,0,0,0,7,1,2028,11,19.3,0,0,,0,0,0,0,0,0,55,0,0,0,0,KENT STATE,0,0,0,0,,0,100,56.9,,75,0,201,11,0,0,0,0,4,0,0,61.4,0,0,11
171518,Jaylen Castleberry,CB,6,0,,0,2,33.3,TEMPLE,7,D19,69,11,0,0,1,2026,1,48.9,45,2,45.2,1,0,34,0,0,0,39.4,55,0,0,0,TEMPLE,1,0,1,0,23,3,22.2,42.3,22.5,76.4,0,306,70,25,0,0,61.1,36,1,0,,0,0,1
171553,Tanner Vaughan,DI,0,0,,0,0,,NEVADA,2,D96,0,0,0,6,1,2027,15,69.9,0,0,,0,0,0,1,2,0,59.1,0,0,0,0,NEVADA,2,0,0,0,,0,0,58.1,,73,0,239,15,0,12,0,0,9,0,0,57.4,0,0,0
171572,Jelani McLaughlin,S,0,0,,0,0,,S DIEGO ST,1,D20,8,5,0,0,1,2029,0,76.2,0,0,65.2,0,0,8,0,0,0,,0,0,0,0,S DIEGO ST,1,0,0,0,,1,0,65,,68.9,0,284,8,0,0,0,0,0,0,0,,2,0,0
171575,Marcus Ratcliffe,S,1,0,,0,0,100,TEXAS A&M,3,D03,54,38,0,2,1,2028,0,81.1,2,1,75.6,0,0,38,0,0,0,58.2,0,0,0,0,TEXAS A&M,2,0,0,0,2,6,0,72.2,2,75.1,0,312,54,4,0,0,79.2,14,0,1,57.4,10,0,0
171584,Kamrin Canterbury,S,2,0,,0,0,100,LA MONROE,0,D24,24,8,0,5,1,2028,8,73.4,17,2,58.9,1,0,13,0,0,0,63.6,0,0,0,0,LA MONROE,0,0,1,0,12,15,0,64.6,8.5,77.5,0,209,32,22,0,0,102.1,14,0,1,71.6,1,0,8
171678,Paul Tangelo,ED,0,0,,0,2,,COLO STATE,3,D52,5,3,0,11,1,2026,28,29.7,0,0,65,0,0,3,0,0,0,47.9,0,0,0,0,COLO STATE,3,0,0,0,,2,40,52.6,,79.4,0,144,33,0,0,0,0,19,1,0,55.1,0,0,28
171707,Najae Hallenbeck,DI,0,0,,0,0,,SO MISS,0,D90,0,0,0,2,1,2026,9,,0,0,,0,0,0,0,4,0,51.1,0,0,0,0,SO MISS,0,0,0,0,,0,,49.5,,71.5,0,296,9,0,5,0,0,7,0,0,59.7,0,0,0
171775,Ethan Stuhlsatz,LB,2,0,,0,1,100,WYOMING,3,D42,31,27,0,4,1,2027,6,58.3,7,2,76,1,0,26,0,0,0,75.8,0,0,0,0,WYOMING,3,0,1,0,5,4,25,80.4,3.5,73.3,0,351,37,15,0,0,81.3,7,0,0,65,0,0,6
171807,Jaylon Stone,DI,0,0,,0,0,,VANDERBILT,1,D92,0,0,0,13,1,2028,24,74.1,0,0,,0,0,0,1,5,0,70.6,0,0,0,0,VANDERBILT,0,0,0,0,,0,0,67.7,,74.5,0,333,24,0,18,0,0,11,0,3,56.7,0,0,0
171816,Eriq George,ED,0,0,,0,1,,BOWL GREEN,3,D05,0,0,0,12,1,2028,27,49.3,0,0,,1,0,0,4,0,0,75.8,0,0,0,0,BOWL GREEN,2,0,1,0,,0,25,76.7,,75.3,0,122,27,0,8,0,0,15,0,0,65.5,0,0,15
171847,Bryce Echols,DI,0,0,,0,0,,NEVADA,0,D56,0,0,0,0,1,2028,6,,0,0,,0,0,0,6,0,0,55,0,0,0,0,NEVADA,0,0,0,0,,0,,52.1,,69.8,0,239,6,0,0,0,0,6,0,0,,0,0,0
171856,Emmanuel Karnley,CB,4,0,,0,0,50,VIRGINIA,1,D19,73,1,0,0,1,2028,0,76.2,21,2,73.2,0,0,42,0,0,0,66.6,68,0,0,0,VIRGINIA,0,0,0,0,15,4,0,73.7,10.5,77.8,0,335,73,0,0,1,65.6,31,0,0,,0,0,0
171860,Keanu Mailoto,DI,0,0,,0,0,,BOISE ST,0,D94,0,0,0,2,1,2026,3,,0,0,,0,0,0,0,0,0,60,0,0,0,0,BOISE ST,0,0,0,0,,0,,59.7,,67.4,0,120,3,0,3,0,0,1,0,0,58.8,0,0,0
171875,Keith Abney II,CB,5,0,2026,0,0,80,ARIZONA ST,6,D01,73,6,0,1,1,2026,0,81.6,54,4,55,0,0,25,0,0,0,69.2,63,0,1,0,ARIZONA ST,1,0,0,0,20,4,0,58.7,13.5,77.4,0,110,73,11,0,0,111.7,47,0,1,59.7,0,0,0
171877,Keontez Bradley,CB,1,0,,0,0,100,BUFFALO,1,D09,21,0,0,0,1,2028,0,74.2,32,1,61.3,0,0,13,0,0,0,60.5,21,0,1,0,BUFFALO,0,0,0,0,32,0,0,61.8,32,73.5,0,126,21,19,0,0,118.8,8,0,0,,0,0,0
171878,Josiah Cox,CB,2,0,,0,0,50,S DIEGO ST,1,D24,13,0,0,1,1,2028,0,73.4,4,1,51.6,0,0,11,0,0,0,60,0,0,0,0,S DIEGO ST,0,0,0,0,4,12,0,50.9,4,75.5,0,284,13,-1,0,0,56.3,1,0,0,59,1,0,0
171879,C.J. Fite,DI,0,0,,0,0,,ARIZONA ST,3,D99,0,0,0,14,1,2028,50,73.8,0,0,,0,0,0,3,16,0,62.4,0,0,0,0,ARIZONA ST,3,0,0,0,,0,0,61.3,,77.5,0,110,50,0,31,0,0,36,1,0,56,0,0,0
171885,Elijah O'Neal,ED,0,0,,0,0,,ARIZONA ST,4,D09,0,0,0,15,1,2026,44,78.3,0,0,60,0,0,1,2,0,0,77.1,0,0,0,0,ARIZONA ST,3,0,0,0,,0,0,73.6,,78.5,0,110,44,0,4,0,0,28,2,2,58,0,0,38
171891,Montana Warren,CB,4,0,,0,1,100,ARIZONA ST,5,D07,38,17,0,1,1,2028,1,62,71,4,34.9,0,0,13,0,0,0,48,2,0,0,0,ARIZONA ST,0,0,0,0,32,18,14.3,36,17.8,76.1,0,110,39,19,0,0,118.8,25,0,1,59.1,1,0,1
171892,Ashley Williams,ED,0,0,,0,0,,LA LAFAYET,0,D17,1,0,0,5,1,2028,11,,0,0,60,1,0,1,2,0,0,52.3,0,1,0,0,LA LAFAYET,0,0,2,0,,1,,51.5,,73.9,0,207,12,0,0,0,0,6,0,0,56.5,0,0,9
171894,Isaiah Hardge,WR,0,0,,0,0,,COLORADO,0,17,1,0,0,0,1,2028,0,,0,0,60,0,0,1,0,0,0,,0,0,0,0,COLORADO,0,0,0,0,,0,,62.4,,60,0,143,1,0,0,0,0,0,0,0,,0,0,0
171898,Kaleb Mathis,WR,0,0,,0,0,,COLORADO,0,13,1,0,0,0,1,2028,0,,0,0,60,0,0,1,0,0,0,,0,0,0,0,COLORADO,0,0,0,0,,0,,62.4,,60,0,143,1,0,0,0,0,0,0,0,,0,0,0
171900,Taje McCoy,ED,0,0,,0,0,,OKLA STATE,2,D40,0,0,0,10,1,2028,19,77,0,0,,0,0,0,1,0,1,69,0,1,0,0,OKLA STATE,0,0,1,0,,0,0,71.8,,76.3,0,262,19,0,0,0,0,9,0,1,65.6,0,0,18
171914,Deven Bryant,LB,4,0,,0,0,75,WASHINGTON,3,D17,43,38,0,5,1,2028,2,77.7,30,3,55.3,0,0,22,0,0,0,65.6,2,0,0,0,WASHINGTON,2,0,0,0,25,3,0,58.1,10,74.6,0,340,45,12,0,0,95.8,18,1,0,55.7,0,0,2
171920,Elinneus Davis,DI,0,0,,0,0,,WASHINGTON,1,D90,0,0,0,20,1,2028,32,70.2,0,0,,0,0,0,0,3,0,60.2,0,1,0,0,WASHINGTON,1,0,1,0,,0,0,68.5,,75,0,340,32,0,29,0,0,12,0,0,71.7,0,0,0
171921,Zach Durfee,ED,0,0,2026,0,1,,WASHINGTON,2,D05,1,0,0,30,1,2026,54,58.2,0,0,60.5,3,0,2,0,0,0,62.2,1,0,0,0,WASHINGTON,1,0,3,0,,0,20,64.1,,81.1,0,340,55,0,0,0,0,23,0,2,62.7,0,0,54
171930,Jacob Lane,ED,0,0,,0,0,,WASHINGTON,1,D48,1,1,0,27,1,2028,52,73,0,0,61,0,0,4,0,0,0,63.3,0,1,0,0,WASHINGTON,0,0,1,0,,0,0,63,,80.7,0,340,53,0,0,0,0,22,0,0,59.7,0,0,52
171971,Gavin Willis,LB,0,0,,0,1,,CHARLOTTE,0,D13,13,11,0,1,1,2028,0,25.6,0,0,55.6,0,0,6,0,0,0,62.8,0,0,0,0,CHARLOTTE,0,0,0,0,,2,100,57,,71.1,0,136,13,0,0,0,0,6,0,0,59.8,0,0,0
172021,Zeraun Daniel,S,1,0,,2,1,100,UMASS,11,D38,65,48,0,0,1,2028,0,75.3,27,1,45.8,0,0,15,0,0,0,74.2,0,0,0,0,UMASS,2,0,0,0,27,9,7.1,61.2,27,77.1,0,216,65,4,0,0,118.8,50,1,2,,8,0,0
172160,Cheick Kaba,DI,0,0,,0,0,,CHARLOTTE,2,D55,1,0,0,18,1,2026,29,73.8,0,0,60,0,0,0,2,4,0,60,0,0,0,1,CHARLOTTE,1,0,0,0,,0,0,61.5,,75.5,0,136,30,0,23,0,0,12,0,1,60.5,0,0,0
172174,Caleb Sandstrom,ED,0,0,,0,1,,APP STATE,2,D41,0,0,0,11,1,2028,22,34.1,0,0,,0,0,0,10,0,0,59.8,0,0,0,0,APP STATE,0,0,0,0,,0,25,60.6,,73.9,0,108,22,0,7,0,0,11,0,1,60.6,0,0,5
172190,Brandon Greil,S,5,0,,0,2,80,ARK STATE,5,D15,66,14,1,1,1,2028,2,59,34,4,66.6,0,0,37,0,0,0,77.5,0,0,0,0,ARK STATE,6,0,1,0,17,45,22.2,72.2,8.5,78.5,0,113,68,40,0,0,95,30,0,2,70.6,7,0,2
172196,Ian Jeffries,DI,0,0,,0,0,,PURDUE,4,D40,0,0,0,23,1,2029,56,74.2,0,0,,0,0,0,1,2,0,73.7,0,1,0,0,PURDUE,1,0,1,0,,0,0,73.7,,76.9,0,273,56,0,53,0,0,33,0,0,64.6,0,0,0
172228,Jaylen Jones,S,0,0,,0,0,,GA STATE,3,D23,46,23,0,1,1,2028,2,81.8,0,0,68.4,0,0,20,0,0,0,69.2,0,0,0,0,GA STATE,0,0,0,0,,6,0,70.1,,76.3,0,175,48,0,0,0,0,27,0,1,59.7,17,0,2
172237,Ricardo Williams Jr.,ED,0,0,,0,0,,DOMINION,0,D94,1,0,1,12,1,2026,16,71.5,0,0,,2,0,0,2,0,0,62,0,0,0,0,DOMINION,1,0,3,0,,0,,68.5,,73,0,263,17,0,3,0,0,5,0,0,67.3,0,0,11
172250,Yamir Knight,WR,0,0,,0,0,,SMU,0,08,1,0,0,0,1,2028,0,,0,0,,0,0,0,0,0,0,60,0,0,0,0,SMU,0,0,0,0,,0,,60,,60,0,287,1,0,0,0,0,1,0,0,,0,0,0
172259,D'Angelo Ponds,CB,2,0,2026,0,0,0,INDIANA,1,D05,47,5,0,1,1,2026,0,76.4,0,0,80.8,1,0,32,0,0,0,70.6,40,0,0,0,INDIANA,1,0,1,0,,1,0,83.9,,76.6,0,190,47,0,0,2,39.6,14,0,1,68.6,0,0,0
172263,Jamari Somerville,S,0,0,,0,0,,AKRON,6,D06,51,31,1,1,1,2028,0,86.2,0,0,67.8,0,0,32,0,0,0,75.9,0,0,0,0,AKRON,2,0,1,0,,6,0,74.2,,75.3,0,102,51,0,0,0,0,18,0,1,60,13,0,0
172279,Zion Frink,CB,15,0,,0,1,73.3,DOMINION,9,D06,74,2,0,0,1,2028,0,72.5,64,11,56.5,0,0,58,0,0,0,67.3,71,0,1,0,DOMINION,7,0,0,0,20,0,7.7,58,5.8,77.4,0,263,74,28,0,1,81,16,0,3,,0,0,0
172289,DeAndre Lynch,DI,0,0,,0,0,,DOMINION,0,D09,0,0,0,32,1,2028,40,70.1,0,0,,0,0,0,1,31,0,63.8,0,0,0,0,DOMINION,0,0,0,0,,0,0,59.3,,77.6,0,263,40,0,8,0,0,8,0,1,55.4,0,0,0
172292,Ryan Ramey,S,3,0,,0,2,33.3,DOMINION,2,D07,34,24,0,0,1,2028,1,15.8,10,1,66.4,0,1,26,0,0,0,53.2,0,0,0,0,DOMINION,0,0,0,0,10,1,50,61.1,10,76.1,0,263,35,6,0,0,4.2,9,0,0,,8,0,1
172294,Devin Roche,HB,0,0,,0,0,,DOMINION,1,03,1,0,0,0,1,2028,0,70.3,0,0,62.8,0,0,1,0,0,0,,0,0,0,0,DOMINION,0,0,0,0,,0,0,64.5,,60,0,263,1,0,0,0,0,0,0,0,,0,0,0
172302,Cole Blaylock,S,1,0,,0,0,100,S ALABAMA,1,D14,10,8,0,1,1,2028,1,78,11,1,41,0,0,3,0,0,0,70.1,0,0,0,0,S ALABAMA,0,0,0,0,11,1,0,52.6,11,71.7,0,288,11,0,0,0,152.1,7,0,1,60,1,1,1
172339,Terry Webb,DI,0,0,2026,1,0,,SMU,1,D04,0,0,2,31,1,2026,54,76.4,0,0,,1,0,0,15,1,0,80,0,0,1,1,SMU,3,0,3,0,,0,0,73.9,,0,0,287,54,0,35,0,0,23,0,2,66.7,0,0,3
172340,Deshaun Batiste,ED,0,0,,0,0,,FAU,1,D05,0,0,0,6,1,2028,27,71.3,0,0,,1,0,0,21,0,0,49.9,0,0,0,0,FAU,0,0,1,0,,0,0,49.6,,74.2,0,165,27,0,3,0,0,21,0,0,56.8,0,0,3
172344,Keyshawn Campbell,LB,0,0,,0,0,,TROY,0,D20,2,2,0,0,1,2028,0,,0,0,60,0,0,1,0,0,0,60,0,0,0,0,TROY,0,0,0,0,,0,,61.1,,63,0,318,2,0,0,0,0,1,0,0,,0,0,0
172345,Steven Cattledge,LB,0,0,,0,0,,TROY,2,D02,12,8,0,0,1,2026,0,80,0,0,64.6,0,0,4,0,0,0,70.9,0,0,0,0,TROY,2,0,0,0,,4,0,72,,71.3,0,318,12,0,0,0,0,8,0,1,,0,0,0
172369,TJ Thompson,LB,3,0,,0,0,33.3,TROY,3,D04,34,27,0,3,1,2027,0,80.5,16,1,48.8,0,0,19,0,0,0,45.8,0,0,0,0,TROY,0,0,0,0,16,7,0,44.1,16,72,0,318,34,10,0,0,52.1,12,0,1,57.7,0,0,0
172380,Edric Hill,DI,0,0,,0,1,,ALABAMA,0,D94,0,0,0,13,1,2028,21,,0,0,,3,0,0,2,0,0,63.7,0,0,0,0,ALABAMA,0,0,3,0,,0,100,63.6,,73.4,0,103,21,0,16,0,0,8,0,0,60.2,0,0,3
172383,Jahlil Hurley,CB,0,0,,0,0,,KANSAS,0,D06,12,1,0,0,1,2028,0,,0,0,61.1,0,0,2,0,0,0,61,11,0,0,0,KANSAS,0,0,0,0,,0,,62.7,,71.2,0,198,12,0,0,0,0,10,0,0,,0,0,0
172384,Justin Jefferson,LB,5,0,2026,0,1,80,ALABAMA,5,D10,58,53,1,5,1,2026,1,61.3,19,4,58.7,0,0,35,0,0,0,69.8,0,0,0,0,ALABAMA,5,0,1,0,9,4,14.3,64.4,4.8,74.1,0,103,59,24,0,0,82.5,19,1,1,64.7,1,0,1
172389,Tony Mitchell,S,0,0,,0,0,,MISS STATE,0,D09,11,4,0,4,1,2028,14,74.8,0,0,64,0,0,9,0,0,0,56.2,0,0,0,0,MISS STATE,0,0,0,0,,5,0,60.4,,78.6,0,227,25,0,0,0,0,12,0,1,57.9,2,0,14
172391,Hunter Osborne,DI,0,0,,0,0,,VIRGINIA,0,D15,0,0,0,12,1,2028,24,,0,0,,1,0,0,0,1,0,48.6,0,0,0,0,VIRGINIA,0,0,1,0,,0,,48.9,,73.9,0,335,24,0,23,0,0,12,0,0,56.6,0,0,0
172393,Jordan Renaud,ED,0,0,,0,0,,ALABAMA,1,D11,1,1,0,13,1,2028,22,74.8,0,0,61.6,1,0,2,4,0,0,56.6,0,0,0,0,ALABAMA,0,0,1,0,,0,0,55.7,,75.2,0,103,23,0,0,0,0,8,0,1,54.3,0,0,18
172394,Dezz Ricks,CB,8,0,,0,0,37.5,TEXAS A&M,4,D02,52,0,0,0,1,2028,0,79.6,49,3,66.3,0,0,38,0,0,0,62.1,52,0,2,0,TEXAS A&M,1,0,0,0,41,0,0,63.5,16.3,0,0,312,52,3,0,1,58.9,14,0,0,,0,0,0
172396,James Smith,DI,0,0,,0,3,,ALABAMA,3,D23,0,0,0,19,1,2028,38,26.7,0,0,,1,0,0,15,0,0,49.7,0,0,2,0,ALABAMA,2,0,1,0,,0,50,40.6,,0,0,103,38,0,19,0,0,19,1,0,58.3,0,0,4
172400,Jaylon Braxton,CB,4,0,,0,0,75,OLE MISS,2,D02,61,13,0,0,1,2028,0,78,79,3,63,0,0,43,0,0,0,65.8,0,0,0,0,OLE MISS,1,0,0,0,76,31,0,64.2,26.3,77.7,0,226,61,67,0,0,156.3,18,0,0,,17,1,0
172406,Christian Ford,S,2,0,,0,0,100,MO STATE,4,D29,61,24,0,0,1,2028,0,81.2,18,2,60.5,0,0,39,0,0,0,67.5,0,0,0,0,MO STATE,1,0,0,0,10,7,0,63.1,9,78.1,0,230,61,2,0,0,104.2,22,0,0,,30,0,0
172407,Ian Geffrard,DI,0,0,,0,0,,ARKANSAS,3,D95,0,0,0,11,1,2028,47,73.1,0,0,,1,0,0,0,31,0,66.6,0,0,0,0,ARKANSAS,2,0,1,0,,0,0,67.6,,79.3,0,111,47,0,16,0,0,36,0,0,62.9,0,0,0
172415,TJ Metcalf,S,2,0,,0,0,100,MICHIGAN,4,D07,57,12,0,1,1,2028,1,80.6,12,2,60.1,0,0,31,0,0,0,77,0,0,1,0,MICHIGAN,2,0,0,0,8,38,0,65.3,6,78.3,0,222,58,15,0,0,91.7,26,0,0,58.9,7,0,1
172422,Quincy Rhodes Jr.,ED,0,0,,0,2,,ARKANSAS,2,D97,0,0,2,21,1,2028,64,45,0,0,60,1,0,0,43,0,0,60.5,0,0,0,0,ARKANSAS,4,0,3,0,,0,33.3,66,,76.4,0,111,64,0,13,0,0,43,0,2,75.7,0,0,8
172423,Alex Sanford Jr.,LB,2,0,,0,0,100,PURDUE,2,D10,24,24,0,3,1,2028,4,75.8,19,2,46,1,0,9,0,0,0,56.1,0,0,0,0,PURDUE,0,0,1,0,11,0,0,49.3,9.5,72.2,0,273,28,11,0,0,106.3,16,0,0,64.7,0,0,4
172428,Brad Spence,ED,0,0,,0,0,,TEXAS,1,D14,2,2,0,7,1,2028,10,72.2,0,0,60.5,0,0,2,0,0,0,65.7,0,0,0,0,TEXAS,1,0,0,0,,0,0,67.4,,75.3,0,311,12,0,0,0,0,3,0,0,60.4,0,0,10
172436,Dallas Young,S,2,0,,0,1,50,S ALABAMA,2,D17,38,12,0,1,1,2028,2,52.1,3,1,73.7,0,0,21,0,0,0,59.3,2,0,0,0,S ALABAMA,1,0,0,0,3,24,33.3,70.6,3,77.2,0,288,40,7,0,1,56.3,18,0,0,60,0,0,2
172437,Champ Anthony,S,1,0,,0,1,100,AUBURN,1,D01,35,17,0,0,1,2028,0,49.8,9,1,60,0,0,22,0,0,0,58.4,0,0,0,0,AUBURN,1,0,0,0,9,8,25,59.5,9,74.7,0,115,35,-2,0,0,104.2,13,0,2,,10,0,0
172445,Wilky Denaud,ED,0,0,,0,0,,FAU,2,D02,0,0,0,4,1,2028,31,74.9,0,0,,0,0,0,18,0,0,62.1,0,0,0,0,FAU,0,0,0,0,,0,0,64.1,,74.5,0,165,31,0,10,0,0,27,0,1,65.1,0,0,3
172447,Keldric Faulk,ED,1,0,2026,0,1,100,AUBURN,2,D15,0,0,0,18,1,2026,38,51.4,9,1,51.7,3,0,2,13,1,0,61.3,0,0,0,0,AUBURN,0,0,3,0,9,0,25,56.9,9,76.5,0,115,38,7,3,0,104.2,18,0,1,58.3,0,0,21
172449,JC Hart,CB,3,0,,0,1,33.3,UTAH,1,D14,27,0,0,0,1,2028,0,28,23,1,59.9,0,0,16,0,0,0,45.4,26,0,0,0,UTAH,0,0,0,0,23,1,50,55.5,23,74.4,0,328,27,9,0,0,61.8,11,0,0,,0,0,0
172450,Colton Hood,CB,3,0,2026,1,1,66.7,TENNESSEE,5,D08,46,8,0,0,1,2026,0,61.1,-4,2,77.5,0,0,29,0,0,0,71.8,36,0,0,0,TENNESSEE,3,0,0,0,3,2,14.3,78.8,-2,74.7,0,307,46,-1,0,0,70.1,17,1,1,,0,0,0
172452,Stephen Johnson,DI,0,0,,0,0,,S ALABAMA,0,D99,0,0,0,5,1,2028,13,,0,0,,0,0,0,0,1,0,53.3,0,0,0,0,S ALABAMA,0,0,0,0,,0,,52.7,,72.2,0,288,13,0,12,0,0,8,0,0,58.6,0,0,0
172455,Kayin Lee,CB,2,0,,0,0,100,AUBURN,3,D04,29,4,0,0,1,2028,0,78.3,60,2,55.7,0,0,19,0,0,0,61.5,25,0,0,0,AUBURN,0,0,0,0,50,0,0,56.5,30,73.3,0,115,29,8,0,0,118.8,10,0,0,,0,0,0
172460,DJ Reed,DI,0,0,,0,0,,MISS STATE,1,D42,0,0,0,14,1,2028,17,70.8,0,0,,4,0,0,7,0,0,53.5,0,0,0,0,MISS STATE,1,0,4,0,,0,0,53.3,,72.6,0,227,17,0,9,0,0,3,0,0,57.7,0,0,1
172462,Tyler Scott,CB,1,0,,0,0,100,GA STATE,2,D05,22,2,0,0,1,2028,0,79.3,6,1,67.9,0,0,10,0,0,0,67.3,20,0,0,0,GA STATE,0,0,0,0,6,0,0,69.9,6,73,0,175,22,0,0,0,91.7,12,0,2,,0,0,0
172463,Sylvester Smith-Reed,CB,2,0,,0,0,50,AUBURN,0,D19,21,2,0,2,1,2028,1,76.5,16,1,57.1,0,0,11,0,0,1,68.7,0,0,0,0,AUBURN,0,0,0,0,16,19,0,60.4,16,75.7,0,115,22,4,0,0,77.1,9,0,1,57.6,0,0,1
172472,Dylan Carpenter,ED,0,0,,0,1,,LSU,1,D97,0,0,0,4,1,2028,10,25.1,0,0,,0,0,0,1,0,0,50.6,0,0,0,0,LSU,1,0,0,0,,0,50,48.9,,73.1,0,211,10,0,0,0,0,6,0,0,57.4,0,0,9
172479,Jaxon Howard,ED,0,0,,0,0,,MINNESOTA,1,D01,2,2,0,9,1,2028,23,75.2,0,0,70.6,0,0,1,0,0,0,59.6,0,0,0,0,MINNESOTA,1,0,0,0,,0,0,67.9,,77.4,0,225,25,0,1,0,0,15,1,1,62.2,0,0,22
172482,Kylin Jackson,S,1,0,,0,0,100,TCU,1,D19,13,8,0,1,1,2028,0,74.8,16,1,51.5,0,0,5,0,0,0,63.6,0,0,0,0,TCU,0,0,0,0,16,4,0,55.4,16,70.4,0,305,13,7,0,0,118.8,7,0,0,60,1,0,0
172497,Javien Toviano,S,0,0,,0,1,,LSU,0,D25,3,2,0,0,1,2027,0,22.2,0,0,,0,0,0,0,0,0,60,0,0,0,0,LSU,0,0,0,0,,0,100,46.9,,64.9,0,211,3,0,0,0,0,3,0,0,,1,0,0
172500,Da'Shawn Womack,ED,0,0,,0,0,,OLE MISS,1,D15,0,0,0,7,1,2028,13,72.2,0,0,,0,0,0,3,0,0,62.6,0,0,0,0,OLE MISS,1,0,0,0,,0,0,59.5,,74.2,0,226,13,0,0,0,0,6,0,0,55,0,0,10
172508,Jamarious Brown,DI,0,0,,0,0,,OLE MISS,0,D96,0,0,0,6,1,2028,13,,0,0,,1,0,0,0,3,0,39.1,0,0,0,0,OLE MISS,0,0,1,0,,0,,38.3,,72.2,0,226,13,0,10,0,0,7,0,0,58.9,0,0,0
172524,Suntarine Perkins,ED,1,0,,0,1,0,OLE MISS,5,D04,10,8,0,19,1,2028,39,78.9,0,0,70.1,2,0,17,0,0,0,55.2,0,1,0,1,OLE MISS,4,0,3,0,,2,16.7,63,,81.1,0,226,49,0,0,1,39.6,13,2,0,57.5,0,0,39
172542,Luke Evans,CB,2,0,,0,0,50,MIAMI OH,1,D05,3,0,0,0,1,2028,0,73.4,45,1,46.9,0,0,2,0,0,0,60,2,0,0,0,MIAMI OH,0,0,0,0,45,1,0,43.9,45,67,0,221,3,13,0,0,95.8,1,0,0,,0,0,0
172547,Will James,CB,4,0,,0,0,50,HOUSTON,3,D15,35,0,0,0,1,2028,0,78.8,44,2,73.4,0,0,28,0,0,1,60.1,35,0,1,0,HOUSTON,0,0,0,0,36,0,0,73.7,22,74.9,0,182,35,11,0,3,89.6,7,0,0,,0,0,0
172553,Brice Pollock,CB,0,0,,0,0,,TEXAS TECH,1,D14,38,8,0,0,1,2028,0,73.1,0,0,67.5,0,0,23,0,0,0,65.2,28,0,0,0,TEXAS TECH,0,0,0,0,,0,0,68.4,,75,0,315,38,0,0,0,0,15,0,0,,1,0,0
172557,Isaac Smith,S,1,0,,0,0,0,MISS STATE,2,D02,47,19,0,5,1,2028,11,79.6,0,0,64.9,1,0,40,0,0,0,65.3,1,0,0,0,MISS STATE,0,0,1,0,,7,0,66.3,,79,0,227,58,0,0,1,39.6,13,0,1,63,20,0,11
172559,Zakari Tillman,LB,1,0,,0,0,100,MISS STATE,3,D07,24,23,0,4,1,2028,2,77.7,8,1,64.6,0,0,14,0,0,0,78.7,0,0,0,0,MISS STATE,2,0,0,0,8,1,0,71.7,8,73.7,0,227,26,4,0,0,100,8,0,0,56.1,0,0,2
172561,Marvin Burks Jr.,S,1,0,,0,2,100,MISSOURI,1,D01,46,9,0,0,1,2028,1,31.2,4,1,58.4,0,0,25,0,0,0,63.8,2,0,0,0,MISSOURI,1,0,0,0,4,12,50,60.3,4,75.6,0,229,47,0,0,0,83.3,22,0,1,,23,0,1
172565,Jahkai Lang,ED,0,0,,0,0,,SMU,4,D52,0,0,0,29,1,2028,54,77.8,0,0,61.2,3,0,0,4,0,0,84.1,0,0,0,0,SMU,4,0,3,0,,0,0,89.3,,79.7,0,287,54,0,0,0,0,25,0,1,74.6,0,0,50
172567,Brayshawn Littlejohn,LB,2,0,,0,0,100,APP STATE,5,D12,25,24,1,5,1,2028,4,80.9,87,2,29.8,0,0,14,0,0,0,72.7,0,0,0,0,APP STATE,2,0,1,0,70,1,0,47.2,43.5,74.2,0,108,29,63,0,0,158.3,10,0,0,72.1,0,1,4
172569,Triston Newson,LB,0,0,,0,0,,MISSOURI,1,D14,7,7,0,0,1,2026,1,26.4,0,0,52,0,0,6,0,0,0,60,0,0,0,0,MISSOURI,1,0,0,0,,0,0,51.2,,71.1,0,229,8,0,0,0,0,2,0,0,,0,0,1
172595,Daymion Sanford,LB,2,0,,0,1,50,TEXAS A&M,1,D27,28,20,0,3,1,2028,0,28.2,7,1,53.2,0,0,17,0,0,0,47.6,3,0,0,1,TEXAS A&M,0,0,0,0,7,5,50,55.1,7,72.6,0,312,28,3,0,0,58.3,8,0,0,78.3,0,0,0
172600,Jayvon Thomas,CB,2,0,,0,0,50,TEXAS A&M,0,D14,12,1,0,0,1,2028,0,,10,1,49.6,0,0,8,0,0,0,60,11,0,0,0,TEXAS A&M,0,0,0,0,10,0,,49.8,10,71.1,0,312,12,0,0,0,64.6,4,0,0,,0,0,0
172604,Taurean York,LB,3,0,2026,0,0,100,TEXAS A&M,3,D21,49,39,0,4,1,2026,6,80.4,9,3,79.2,0,0,36,0,0,0,53.4,0,0,0,0,TEXAS A&M,3,0,0,0,10,10,0,73.1,3,77.8,0,312,55,26,0,0,79.2,15,0,2,55.5,0,0,6
172614,Evan Herrmann,ED,0,0,,0,0,,OHIO,3,D11,0,0,0,6,1,2028,12,76.2,0,0,63.1,0,0,1,5,0,0,67.2,0,0,0,0,OHIO,1,0,0,0,,0,0,74.2,,72.4,0,259,12,0,0,0,0,5,0,1,57.1,0,0,7
172615,Martel Hight,CB,3,0,,0,0,66.7,VANDERBILT,4,D04,51,4,0,1,1,2028,0,81.1,6,2,69.4,0,0,30,0,0,0,73.8,44,0,0,0,VANDERBILT,2,0,0,0,4,2,0,71.7,3,76,0,333,51,14,0,0,70.1,20,0,2,60,1,0,0
172620,Bryan Longwell,LB,2,0,,0,1,100,VANDERBILT,7,D11,55,48,0,5,1,2028,5,71.6,11,2,73.1,2,0,23,0,0,0,64.1,0,0,0,0,VANDERBILT,2,0,2,0,6,7,7.1,71.9,5.5,76.8,0,333,60,0,0,0,89.6,32,0,6,65.9,0,0,5
172625,Jailen Ruth,S,0,0,,0,0,,VANDERBILT,0,D14,0,0,0,1,1,2029,1,,0,0,,0,0,0,0,0,0,,0,0,0,0,VANDERBILT,0,0,0,0,,0,,59.9,,65.7,0,333,1,0,0,0,0,0,0,0,59.5,0,0,1
172683,Brayden Manley,ED,0,0,,0,2,,GA TECH,0,D11,0,0,0,14,1,2028,20,26.2,0,0,58.8,4,0,0,0,0,0,66.9,0,0,0,0,GA TECH,0,0,4,0,,0,66.7,71.6,,75.7,0,176,20,0,1,0,0,6,0,1,72.7,0,0,19
172789,Anthony Richard Jr.,CB,2,0,,0,1,0,SO MISS,3,D23,38,4,0,0,1,2027,1,53.4,0,0,88.5,0,1,14,0,0,0,60.2,34,0,0,0,SO MISS,1,0,0,0,,0,20,81.7,,75.7,0,296,39,0,0,0,0,25,0,1,,0,0,1
172851,Bradley Thomas,CB,1,0,,0,0,100,S ALABAMA,0,D34,8,0,0,0,1,2027,0,74.2,4,1,72.5,0,0,4,0,0,0,60,8,0,0,0,S ALABAMA,0,0,0,0,4,0,0,73.9,4,70.2,0,288,8,8,0,0,83.3,4,0,1,,0,0,0
172852,Ethan Tookes,CB,1,0,,0,0,100,KENNESAW,2,D10,8,0,0,0,1,2028,0,77,12,1,59.1,0,0,8,0,0,0,,8,0,0,0,KENNESAW,0,0,0,0,12,0,0,59.1,12,70.3,0,200,8,0,0,0,156.3,0,0,0,,0,1,0
172925,Jerry Lawson,DI,0,0,,0,0,,LOUISVILLE,1,D95,0,0,1,11,1,2028,21,72.2,0,0,,1,0,0,4,0,0,54.4,0,0,0,0,LOUISVILLE,0,0,2,0,,0,0,67.7,,73.3,0,210,21,0,17,0,0,10,0,0,77.9,0,0,0
172978,Trevon Gola-Callard,S,1,0,,0,3,100,CINCINNATI,7,D06,54,30,0,0,1,2026,0,47.7,15,1,63.4,0,0,30,0,0,0,63.5,0,0,0,0,CINCINNATI,2,0,0,0,15,8,23.1,64.1,15,76.2,0,138,54,16,0,0,118.8,24,0,3,,16,0,0
173004,Brevin Hamblin,S,4,0,,0,1,75,UTAH ST,8,D04,63,37,0,2,1,2028,4,72.6,22,3,61,0,0,23,0,0,0,63.5,0,0,0,0,UTAH ST,1,0,0,0,10,2,9.1,62.1,7.3,78,0,329,67,1,0,1,87.5,42,0,2,57.8,23,0,4
173006,Scooter Jackson,CB,4,0,,0,1,50,UCLA,2,D28,71,8,0,2,1,2028,5,54.3,7,2,62,0,1,32,0,0,0,53.3,0,0,2,0,UCLA,1,1,0,0,4,63,20,59.8,3.5,81.1,0,324,76,2,0,1,16.7,42,0,2,59.2,0,0,5
173034,Brian Simms III,LB,0,0,,0,0,,CINCINNATI,3,D17,14,14,0,4,1,2028,6,78.9,0,0,62.1,0,0,9,0,0,0,60.2,0,0,0,0,CINCINNATI,1,0,0,0,,0,0,65.2,,75.9,0,138,20,0,0,0,0,7,0,1,67.4,0,0,6
173042,Dalton Carnes,WR,0,0,,0,0,,N TEXAS,1,11,1,0,0,0,1,2027,0,,0,0,,0,0,0,0,0,0,60,0,0,0,0,N TEXAS,1,0,0,0,,0,0,60,,,0,251,1,0,0,0,0,1,0,0,,0,0,0
173048,Latreveon McCutchin,ED,1,0,,0,0,0,HOUSTON,1,D10,0,0,0,16,1,2028,28,72.2,0,0,53.2,0,0,2,0,0,0,51.5,0,1,0,0,HOUSTON,0,0,1,0,,0,0,47.3,,78.2,0,182,28,0,0,0,39.6,10,0,0,58.2,0,0,28
173068,Marcus Calvin,DI,0,0,,0,0,,KANSAS,2,D56,0,0,0,3,1,2028,24,74.4,0,0,,1,0,0,5,0,0,64,0,0,0,0,KANSAS,2,0,1,0,,0,0,66.4,,74,0,198,24,0,17,0,0,21,0,1,65.8,0,0,2
173072,Taylor Davis,S,2,0,,0,0,100,KANSAS,3,D27,35,21,0,0,1,2028,0,81,47,2,48.2,0,0,14,0,0,0,68.9,0,0,0,0,KANSAS,0,0,0,0,34,8,0,55.7,23.5,74.8,0,198,35,6,0,0,118.8,21,0,1,,6,0,0
173075,Blake Herold,DI,0,0,,0,1,,KANSAS,2,D94,0,0,0,15,1,2028,44,57.6,0,0,,1,0,0,6,0,0,74.7,0,0,0,1,KANSAS,2,0,1,0,,0,14.3,75.6,,75.7,0,198,44,0,33,0,0,29,0,4,65.7,0,0,5
173089,Jordan Allen,ED,0,0,,0,0,,KANSAS ST,3,D91,0,0,1,26,1,2028,38,77.4,0,0,71,1,0,2,0,0,0,59.3,0,0,0,0,KANSAS ST,3,0,2,0,,0,0,64.1,,78.3,0,199,38,0,0,0,0,10,0,0,58.6,0,0,38
173092,Mikey Bergeron,S,0,0,,0,0,,KANSAS ST,0,D17,1,0,0,0,1,2028,0,,0,0,,0,0,0,0,0,0,60,0,0,0,0,KANSAS ST,0,0,0,0,,0,,60,,60,0,199,1,0,0,0,0,1,0,0,,0,0,0
173095,Daniel Cobbs,CB,4,0,,0,0,25,KANSAS ST,5,D04,42,13,0,3,1,2028,1,82.6,8,1,75.2,0,1,23,0,0,0,66.1,0,0,0,0,KANSAS ST,2,0,0,0,8,28,0,74,8,75.5,0,199,43,3,0,0,0,17,0,1,56.5,1,0,1
173098,Ryan Davis,ED,1,0,,0,2,0,KANSAS ST,1,D52,6,6,1,22,1,2028,44,37.1,0,0,77.4,1,0,7,0,0,0,52.4,0,0,0,1,KANSAS ST,2,0,2,0,,0,50,63.2,,79.5,0,199,50,0,0,1,39.6,21,1,1,59.7,0,0,44
173102,Jack Fabris,S,0,0,,0,0,,KANSAS ST,0,D36,4,1,0,0,1,2028,0,,0,0,60,0,0,1,0,0,0,60,0,0,0,0,KANSAS ST,0,0,0,0,,2,,60.5,,66.4,0,199,4,0,0,0,0,3,0,0,,0,0,0
173103,Wesley Fair,S,0,0,,0,1,,KANSAS ST,4,D18,34,13,0,0,1,2028,0,56.3,0,0,66.4,0,0,19,0,0,0,51.8,0,0,0,0,KANSAS ST,0,0,0,0,,5,20,61.4,,74.7,0,199,34,0,0,0,0,15,0,0,,16,0,0
173105,Garrett Harstad,TE,0,0,,0,0,,KANSAS ST,0,19,1,0,0,0,1,2029,0,,0,0,,0,0,0,0,0,0,60,0,0,0,0,KANSAS ST,0,0,0,0,,0,,60,,60,0,199,1,0,0,0,0,1,0,0,,0,0,0
173107,Justice Clemons,CB,1,0,,0,0,0,KANSAS ST,0,D05,9,0,0,0,1,2026,0,,0,0,50.2,0,0,7,0,0,0,60,9,0,0,0,KANSAS ST,0,0,0,0,,0,,49.7,,70.4,0,199,9,0,0,0,39.6,2,0,0,,0,0,0
173110,Will Lee III,CB,3,0,2026,0,1,66.7,TEXAS A&M,1,D04,54,5,0,1,1,2026,0,37.7,13,2,70.4,0,0,38,0,0,0,52.4,48,0,0,0,TEXAS A&M,0,0,0,0,8,1,33.3,67.8,6.5,76,0,312,54,0,0,1,115.3,15,0,1,59.8,0,1,0
173112,Donovan McIntosh,CB,3,0,,0,0,33.3,KANSAS ST,1,D09,72,5,0,0,1,2028,0,74.2,8,1,69.1,0,0,43,0,0,0,69.9,66,0,0,0,KANSAS ST,0,0,0,0,8,1,0,70.5,8,77.1,0,199,72,3,0,0,42.4,29,0,0,,0,0,0
173114,Asa Newsom,LB,1,0,,0,0,0,KANSAS ST,0,D23,5,4,0,0,1,2028,0,,0,0,60.9,0,0,3,0,0,0,60,0,0,0,0,KANSAS ST,0,0,0,0,,0,,61.7,,64.6,0,199,5,0,0,0,39.6,2,0,0,,0,0,0
173115,Chiddi Obiazor,ED,0,0,,0,0,,KANSAS ST,2,D08,0,0,0,28,1,2028,42,75.4,0,0,60.2,3,0,1,10,0,0,68.7,0,2,0,1,KANSAS ST,2,0,5,0,,0,0,75.5,,76.7,0,199,42,0,8,0,0,13,0,0,72.3,0,0,24
173117,Austin Romaine,LB,3,0,,0,8,100,KANSAS ST,2,D45,55,49,0,9,1,2028,0,20.9,15,3,48.8,1,0,23,0,0,0,43.9,0,0,0,0,KANSAS ST,1,0,1,0,10,6,61.5,42.3,5,74.6,0,199,55,14,0,0,87.5,23,1,3,52.6,0,0,0
173120,Kanijal Thomas,CB,0,0,,0,0,,KANSAS ST,0,D29,1,0,0,0,1,2028,0,,0,0,,0,0,0,0,0,0,60,0,0,0,0,KANSAS ST,0,0,0,0,,0,,60,,73.9,0,199,1,0,0,0,0,1,0,0,,0,0,0
173123,Rex Van Wyhe,LB,0,0,,0,1,,KANSAS ST,1,D28,16,14,0,3,1,2027,0,35.2,0,0,53.2,0,0,5,0,0,0,52.3,0,0,0,0,KANSAS ST,0,0,0,0,,2,33.3,47.6,,72,0,199,16,0,0,0,0,8,0,1,56.3,0,0,0
173128,Jonathan Bax,ED,0,0,,0,0,,TCU,0,D10,3,3,0,16,1,2028,18,73,0,0,60,1,0,1,2,0,0,56.1,0,0,0,0,TCU,0,0,1,0,,0,0,52.8,,76.8,0,305,21,0,0,0,0,4,0,1,54,0,0,16
173130,Max Carroll,LB,0,0,,0,0,,TCU,1,D33,21,20,0,2,1,2028,3,76,0,0,66.5,0,0,11,0,0,0,57.1,0,1,0,0,TCU,0,0,1,0,,1,0,66.4,,71.8,0,305,24,0,0,0,0,11,0,1,66.9,0,0,3
173131,Avion Carter,DI,0,0,,0,0,,N TEXAS,0,D99,0,0,0,1,1,2028,2,,0,0,,0,0,0,0,0,0,60,0,0,0,0,N TEXAS,0,0,0,0,,0,,68.1,,66.3,0,251,2,0,2,0,0,1,0,0,60,0,0,0
173132,Zach Chapman,ED,0,0,,1,0,,TCU,2,D00,0,0,0,31,1,2028,52,77.1,0,0,,0,0,0,20,3,0,74.8,0,0,0,0,TCU,2,0,0,0,,0,0,67.7,,76.9,0,305,52,0,6,0,0,21,1,3,56.2,0,0,23
173134,Markis Deal,DI,0,0,,0,0,,TCU,1,D95,0,0,1,21,1,2028,40,71.6,0,0,,0,0,0,0,20,0,47.1,0,0,0,0,TCU,1,0,1,0,,0,0,52,,77.4,0,305,40,0,20,0,0,19,0,0,61.2,0,0,0
173136,Randon Fontenette,CB,3,0,,0,3,66.7,VANDERBILT,7,D02,74,24,0,5,1,2028,6,41.3,11,2,57.7,2,0,39,0,0,0,62.5,1,1,0,0,VANDERBILT,3,0,3,0,9,43,27.3,59,5.5,77.8,0,333,80,18,0,0,72.9,36,1,1,57.4,6,0,6
173137,Vernon Glover Jr.,CB,2,0,,0,1,100,TCU,3,D26,50,1,0,0,1,2028,0,63.9,26,2,67.2,0,0,31,0,0,0,65.2,49,0,0,0,TCU,1,0,0,0,22,0,20,68.1,13,76.6,0,305,50,14,0,0,118.8,19,0,1,,0,0,0
173139,Keviyan Huddleston,ED,0,0,,0,0,,N TEXAS,1,D40,0,0,0,15,1,2028,20,70.8,0,0,,0,0,0,6,0,0,65.9,0,0,0,0,N TEXAS,0,0,0,0,,0,0,58.7,,74.3,0,251,20,0,1,0,0,5,0,0,53.2,0,0,13
173140,Jamel Johnson,S,5,0,,0,0,80,TCU,6,D02,75,38,0,0,1,2028,0,84.1,38,4,64.4,0,0,45,0,0,0,62.6,1,0,0,0,TCU,4,0,0,0,17,18,0,64.6,9.5,78.5,0,305,75,15,0,0,137.9,30,0,1,,18,1,0
173142,Jordan Lester,S,0,0,,0,0,,TCU,1,D22,4,3,0,0,1,2028,0,75.3,0,0,60,0,0,1,0,0,0,61.5,0,0,0,0,TCU,0,0,0,0,,1,0,64.3,,68.3,0,305,4,0,0,0,0,3,0,0,,0,0,0
173149,Kylan Salter,LB,0,0,,0,0,,COLORADO,0,D41,4,3,0,1,1,2028,0,,0,0,60,0,0,1,0,0,0,61.1,0,0,0,0,COLORADO,0,0,0,0,,0,,61.9,,64.5,0,143,4,0,0,0,0,2,0,0,60,0,0,0
173156,Derion Gullette,LB,0,0,,0,1,,MISS STATE,3,D16,27,26,2,9,1,2028,7,53.5,0,0,56.4,0,0,13,0,0,0,69.7,0,0,0,1,MISS STATE,2,0,2,0,,1,25,73.8,,76.7,0,227,34,0,0,0,0,12,0,0,80.2,0,0,7
173158,Anthony Hill Jr.,LB,1,0,2026,0,0,0,TEXAS,4,D00,71,57,2,17,1,2026,4,83.1,0,0,67.2,5,0,27,0,0,0,61.9,0,2,0,0,TEXAS,5,0,9,0,,14,0,74.8,,76,0,311,75,0,0,0,39.6,31,1,2,84,0,0,4
173161,Liona Lefau,LB,6,0,,0,3,83.3,TEXAS,3,D18,47,46,0,5,1,2028,5,33.5,131,5,29.5,0,0,21,0,0,0,57.5,0,0,0,0,TEXAS,0,0,0,0,62,1,27.3,38.8,26.2,77,0,311,52,84,0,0,158.3,26,0,5,58.3,0,2,5
173165,Malik Muhammad,CB,5,0,2026,0,0,60,TEXAS,2,D05,88,2,0,0,1,2026,0,76.6,45,3,60.7,0,0,53,0,0,0,65.1,86,0,0,0,TEXAS,0,0,0,0,23,0,0,61.7,15,78.6,0,311,88,16,0,0,129.2,35,0,0,,0,1,0
173173,Ben Cutter,LB,0,0,,0,0,,W VIRGINIA,0,D15,19,15,0,2,1,2028,1,74.3,0,0,64.7,0,0,7,0,0,0,50,0,0,0,0,W VIRGINIA,0,0,0,0,,4,0,57.6,,73.4,0,343,20,0,0,0,0,11,0,1,58.4,0,0,1
173179,James Heard Jr.,LB,1,0,,0,0,100,SYRACUSE,1,D06,12,12,0,0,1,2028,0,74.3,19,1,51.7,0,0,2,0,0,0,56.4,0,0,0,0,SYRACUSE,1,0,0,0,19,0,0,37,19,70,0,304,12,23,0,0,118.8,10,1,0,,0,0,0
173187,Corey McIntyre Jr.,DI,0,0,,0,0,,W VIRGINIA,1,D52,0,0,0,12,1,2028,30,73.8,0,0,,0,0,0,7,0,0,68.6,0,0,0,0,W VIRGINIA,1,0,0,0,,0,0,66.4,,74.3,0,343,30,0,23,0,0,18,0,2,56.8,0,0,0
173191,Josiah Trotter,LB,1,0,2026,0,0,100,MISSOURI,4,D40,40,36,0,0,1,2026,3,82.8,13,1,64.3,0,0,21,0,0,0,87.1,1,0,0,0,MISSOURI,4,0,0,0,13,3,0,79.1,13,74.8,0,229,43,6,0,0,118.8,22,0,5,,0,0,3
173200,Harrison Dempsey,S,1,0,,0,0,100,N TEXAS,0,D47,2,1,0,0,1,2027,0,,6,1,60,0,0,1,0,0,0,60,0,0,0,0,N TEXAS,0,0,0,0,6,1,,44.2,6,64.5,0,251,2,5,0,0,91.7,1,0,0,,0,0,0
173204,Evan Jackson,S,2,0,,0,0,50,N TEXAS,1,D03,17,9,0,0,1,2028,1,80.5,64,1,36.7,0,0,10,0,0,0,72.4,0,0,0,0,N TEXAS,1,0,0,0,64,3,0,48.1,64,73,0,251,18,17,0,0,135.4,8,0,3,,5,1,1
173206,Kollin Lewis,CB,2,0,,0,0,0,N TEXAS,1,D25,34,1,0,0,1,2028,0,74.2,0,0,71.3,0,0,23,0,0,0,61.4,32,0,0,0,N TEXAS,0,0,0,0,,1,0,71.5,,74.6,0,251,34,0,0,0,39.6,11,0,0,,0,0,0
173211,Brian Nelson II,CB,4,0,,0,0,100,NC STATE,2,D07,51,3,0,0,1,2028,0,59.9,99,4,47.9,0,0,31,0,0,0,28.7,45,0,1,0,NC STATE,1,0,0,0,84,3,0,40.6,24.8,75.9,0,248,51,48,0,0,158.3,20,0,1,,0,2,0
173213,Landon Sides,WR,0,0,,0,0,,N TEXAS,0,22,1,0,0,0,1,2028,0,,0,0,,0,0,0,0,0,0,60,0,0,0,0,N TEXAS,0,0,0,0,,0,,60,,60,0,251,1,0,0,0,0,1,0,0,,0,0,0
173225,Ty Morris,LB,4,0,,0,0,75,RICE,4,D03,73,70,0,13,1,2028,2,81.7,31,3,49.6,3,0,39,0,0,0,69.5,0,1,0,1,RICE,1,0,4,0,12,3,0,64.5,10.3,75.4,0,275,75,16,0,0,96.9,23,0,3,84.5,0,0,2
173231,Christopher Clark-Jolivet,DI,0,0,,0,1,,RICE,1,D99,0,0,0,18,1,2028,24,29.6,0,0,60,2,0,0,9,0,0,48.8,0,0,0,0,RICE,1,0,2,0,,0,50,55.7,,74.3,0,275,24,0,7,0,0,6,0,0,61.7,0,0,8
173232,Aquantis Clemmons,DI,0,0,,0,1,,RICE,1,D57,0,0,0,21,1,2028,33,44.5,0,0,,1,0,0,2,9,0,42.8,0,0,0,0,RICE,0,0,1,0,,0,25,43.7,,75.5,0,275,33,0,21,0,0,12,0,2,53.4,0,0,1
173245,Joseph Mutombo,ED,0,0,,0,1,,RICE,0,D08,1,1,0,14,1,2028,22,23.9,0,0,,1,0,0,5,0,0,57.1,0,0,0,0,RICE,0,0,1,0,,0,100,65.4,,74.5,0,275,23,0,3,0,0,9,0,0,69.8,0,0,14
173278,Ben Osueke,CB,3,0,,0,0,100,TEMPLE,5,D24,74,5,0,0,1,2026,1,81,51,3,45.2,0,0,38,0,0,0,68.1,68,0,1,0,TEMPLE,2,0,0,0,38,0,0,49.9,17,77.6,0,306,75,17,0,0,158.3,37,0,0,,1,2,1
173287,Tyrese Whitaker,ED,0,0,,0,0,,TEMPLE,0,D35,3,3,0,17,1,2028,27,,0,0,59.9,1,0,2,0,0,0,55.8,0,0,1,0,TEMPLE,0,0,1,0,,0,,49.2,,0,0,306,30,0,0,0,0,11,0,0,58,0,0,27
173324,Chris Bracy,S,6,0,,0,0,33.3,MEMPHIS,6,D05,85,38,0,1,1,2029,0,84.5,39,2,71.4,0,0,52,0,0,0,73.2,0,0,0,0,MEMPHIS,1,0,0,0,34,17,0,75.3,19.5,79.8,0,218,85,17,0,2,56.9,32,1,1,60,30,0,0
173344,Everett Roussaw Jr.,LB,3,0,,0,2,66.7,MEMPHIS,3,D06,59,38,0,17,1,2028,26,63.5,27,2,58.8,1,1,36,0,0,1,60.7,0,0,0,0,MEMPHIS,0,0,1,0,15,21,33.3,56.6,13.5,80,0,218,85,7,0,0,55.6,32,0,1,49.7,0,0,26
173350,Tyler Thomas,ED,0,0,,0,0,,S ALABAMA,2,D97,0,0,0,21,1,2029,30,77,0,0,,2,0,0,1,0,0,73.6,0,1,0,0,S ALABAMA,2,0,3,0,,0,0,88.1,,78.1,0,288,30,0,1,0,0,9,0,0,83.1,0,0,28
173352,Emmanuel Waller,ED,0,0,,0,0,,S ALABAMA,0,D09,0,0,0,14,1,2028,26,,0,0,,1,0,0,3,0,0,59.3,0,0,0,0,S ALABAMA,0,0,1,0,,0,,62.3,,77.6,0,288,26,0,0,0,0,12,0,0,63,0,0,23
173356,Bruno Dall,ED,0,0,,0,0,,AKRON,4,D41,2,1,0,21,1,2028,52,77.7,0,0,69.2,3,0,13,1,0,0,72.9,0,0,0,0,AKRON,3,0,3,0,,0,0,75.3,,80.5,0,102,54,0,0,0,0,20,0,0,66.3,0,0,51
173360,Terence Thomas,CB,1,0,,0,1,100,AKRON,0,D15,7,0,0,0,1,2027,0,21.4,11,1,52.9,0,0,5,0,0,0,49,1,0,0,0,AKRON,0,0,0,0,11,6,100,43.1,11,72.2,0,102,7,0,0,0,112.5,2,0,0,,0,0,0
173363,David Afogho,ED,0,0,,0,1,,BOWL GREEN,2,D07,3,3,0,16,1,2028,31,39.3,0,0,60,3,0,1,0,0,0,67.3,0,1,0,0,BOWL GREEN,2,0,4,0,,0,25,80.8,,78.6,0,122,34,0,0,0,0,17,0,1,83.4,0,0,31
173378,Dayln White,DI,0,0,,0,0,,BOWL GREEN,0,D57,0,0,0,11,1,2029,18,,0,0,,0,0,0,0,8,0,55.9,0,0,0,0,BOWL GREEN,0,0,0,0,,0,,54.6,,74.3,0,122,18,0,10,0,0,7,0,0,56.4,0,0,0
173381,Amare Ferrell,S,0,0,,0,1,,INDIANA,2,D01,46,11,0,0,1,2028,0,59.5,0,0,74.5,1,0,32,0,0,0,71.4,0,0,1,0,INDIANA,2,0,1,0,,10,25,73.1,,76.1,0,190,46,0,0,0,0,14,0,1,47.8,24,0,0
173390,Jeff Utzinger,LB,0,0,,0,0,,INDIANA,0,D34,7,7,0,0,1,2027,1,77.5,0,0,72,0,0,4,0,0,0,57.8,0,0,0,0,INDIANA,0,0,0,0,,0,0,71.6,,71.4,0,190,8,0,0,0,0,4,0,3,,0,0,1
173395,Donovan Dyson,LB,1,0,,0,2,100,UMASS,2,D30,42,40,0,0,1,2028,1,48,19,1,45.7,0,0,8,0,0,0,51.4,0,0,0,0,UMASS,1,0,0,0,19,2,33.3,46.6,19,74.4,0,216,43,15,0,0,158.3,35,0,2,,0,1,1
173399,Kerry Brown,S,3,0,,0,0,66.7,MINNESOTA,5,D14,54,26,0,1,1,2028,0,83.1,18,2,63.8,0,0,25,0,0,0,66.6,1,0,0,0,MINNESOTA,1,0,0,0,11,12,0,64.9,9,76.1,0,225,54,0,0,0,82.6,28,0,0,59,15,0,0
173400,Za'Quan Bryan,CB,2,0,,0,1,50,MINNESOTA,1,D04,45,5,0,0,1,2028,1,27.3,6,1,55.1,0,0,22,0,0,0,65.2,39,0,0,0,MINNESOTA,0,0,0,0,6,1,50,57.5,6,75.9,0,225,46,0,0,0,56.3,24,0,0,,0,0,1
173407,Matt Kingsbury,LB,0,0,,0,0,,MINNESOTA,2,D49,4,1,1,9,1,2028,20,76.6,0,0,60,1,0,1,0,0,0,76.4,0,0,0,1,MINNESOTA,3,0,2,0,,3,0,81.1,,77.7,0,225,24,0,0,0,0,14,1,0,73.4,0,0,20
173412,Karter Menz,ED,0,0,,0,0,,MINNESOTA,1,D11,3,3,1,12,1,2028,29,74.7,0,0,62.2,1,0,6,0,0,0,56.1,0,0,0,0,MINNESOTA,2,0,2,0,,0,0,62.8,,79.1,0,225,32,0,0,0,0,14,0,0,66.2,0,0,29
173416,Martin Owusu,DI,0,0,,0,0,,FRESNO ST,1,D08,0,0,0,15,1,2029,39,73.6,0,0,61.2,1,0,0,0,1,0,64.3,0,0,0,0,FRESNO ST,0,0,1,0,,0,0,65.3,,75.3,0,169,39,0,38,0,0,24,0,2,56.6,0,0,0
173436,Koron Hayward,ED,1,0,,0,0,100,W KENTUCKY,2,D34,5,3,0,8,1,2028,28,76.6,19,1,52.2,0,0,5,0,0,0,65.2,0,0,0,0,W KENTUCKY,0,0,0,0,19,1,0,58.6,19,78.6,0,346,33,7,0,0,118.8,20,0,1,55.8,0,0,28
173447,Nazir Ward,CB,6,0,,0,2,66.7,W KENTUCKY,3,D06,82,12,0,1,1,2028,1,38.5,78,4,64.3,0,0,50,0,0,0,73.5,69,0,0,0,W KENTUCKY,0,0,0,0,27,0,28.6,67,19.5,76.7,0,346,83,26,0,0,109.7,32,0,2,59.1,0,0,1
173448,A'Marion McCoy,CB,3,0,,0,1,100,BOISE ST,4,D07,46,3,0,0,1,2026,0,53.1,29,3,66.3,0,1,29,0,0,0,53.7,39,0,0,0,BOISE ST,1,0,0,0,14,1,20,64.2,9.7,75.9,0,120,46,17,0,0,67.4,17,0,0,,3,0,0
173456,Max Stege,ED,0,0,,0,1,,BOISE ST,1,D95,1,0,0,25,1,2028,37,27.9,0,0,,0,0,0,3,0,0,68.5,0,0,0,0,BOISE ST,1,0,0,0,,0,33.3,74.8,,76.5,0,120,38,0,2,0,0,13,0,1,71.7,0,0,32
173470,Dylan Phelps,S,1,0,,0,0,100,COLO STATE,0,D02,17,3,0,4,1,2028,1,,24,1,51.8,0,0,9,0,0,0,60.1,0,0,0,0,COLO STATE,0,0,0,0,24,13,,51.1,24,74.8,0,144,18,18,0,0,118.8,5,0,0,55.2,1,0,1
173489,Kenyon Agurs,ED,0,0,,0,0,,COLO STATE,1,D56,2,2,0,23,1,2028,31,73,0,0,61.1,2,0,1,0,0,0,60.6,0,0,0,0,COLO STATE,1,0,2,0,,0,0,64,,79.1,0,144,33,0,0,0,0,9,0,0,62,0,0,31
173494,Andrew Laurich,DI,0,0,,0,0,,COLO STATE,2,D55,0,0,0,12,1,2028,33,73.8,0,0,60,0,0,0,14,3,0,51.4,0,0,0,0,COLO STATE,1,0,0,0,,0,0,51.7,,75.3,0,144,33,0,13,0,0,21,0,0,55.2,0,0,3
173504,Jaden Carrillo,S,0,0,,0,0,,FRESNO ST,1,D29,2,0,0,0,1,2029,0,76.2,0,0,63.2,0,0,1,0,0,0,60,0,0,0,0,FRESNO ST,0,0,0,0,,0,0,62.5,,64.9,0,169,2,0,0,0,0,1,0,0,,2,0,0
173509,Camryn Bracha,S,0,0,,0,1,,FRESNO ST,2,D22,32,30,0,0,1,2026,7,46.8,0,0,64,0,0,14,0,0,0,63.9,0,0,0,0,FRESNO ST,1,0,0,0,,1,25,65.2,,75.7,0,169,39,0,0,0,0,25,0,1,,1,0,7
173510,RL Miller,S,0,0,,0,2,,FRESNO ST,1,D04,27,4,0,1,1,2028,0,24.3,0,0,64.7,0,0,10,0,0,0,41.1,0,0,0,0,FRESNO ST,1,0,0,0,,1,66.7,52.9,,75,0,169,27,0,0,0,0,16,0,0,59.9,22,0,0
173513,Justin Johnson,LB,0,0,,0,0,,FRESNO ST,0,D25,4,4,0,0,1,2029,0,,0,0,,0,0,0,0,0,0,61.5,0,0,0,0,FRESNO ST,0,0,0,0,,0,,62.8,,67.1,0,169,4,0,0,0,0,4,0,0,,0,0,0
173523,Ezra Christensen,DI,0,0,,0,0,,NEW MEX ST,0,D90,0,0,1,16,1,2028,23,70.2,0,0,,2,0,0,2,2,0,70.6,0,0,0,0,NEW MEX ST,1,0,3,0,,0,,90.4,,73.9,0,242,23,0,18,0,0,7,0,0,88.6,0,0,1
173535,Justyn Rhett,S,1,0,,0,0,0,NEBRASKA,0,D12,1,0,0,0,1,2029,0,,0,0,60,0,0,1,0,0,0,,0,0,0,0,NEBRASKA,0,0,0,0,,1,,53.6,,63.8,0,238,1,0,0,0,39.6,0,0,0,,0,0,0
173543,Damon Wilson II,ED,0,0,,0,2,,MISSOURI,0,D08,1,1,0,20,1,2028,27,22.5,0,0,60,4,1,0,0,0,0,62.7,0,1,0,0,MISSOURI,0,0,5,0,,0,100,82,,76.9,0,229,28,0,0,0,0,8,0,0,76.4,0,0,27
173546,Sam M'Pemba,ED,0,0,,0,0,,TEXAS A&M,0,D92,0,0,0,1,1,2028,3,,0,0,,0,0,0,1,0,0,60.2,0,0,0,0,TEXAS A&M,0,0,0,0,,0,,61,,69.1,0,312,3,0,0,0,0,2,0,0,59.7,0,0,2
173560,Jaden Yates,LB,0,0,,0,1,,OLE MISS,2,D30,31,29,1,0,1,2028,0,64.1,0,0,60.6,0,0,20,0,0,0,70.7,0,0,0,0,OLE MISS,0,0,1,0,,2,20,69.7,,74,0,226,31,0,0,0,0,11,0,2,71.9,0,0,0
173607,Kshawn Cox Jr.,CB,7,0,,0,1,100,DELAWARE,8,D06,57,3,0,0,1,2028,1,65.9,49,7,61.6,0,0,44,0,0,0,65,53,0,0,0,DELAWARE,1,0,0,0,12,1,11.1,62.5,7,77,0,151,58,15,0,0,135.4,14,0,0,,0,2,1
173614,Hasson Manning Jr.,S,2,0,,0,1,100,DELAWARE,1,D03,20,4,0,1,1,2028,0,26.5,-1,2,65.2,0,0,18,0,0,0,60,1,0,0,0,DELAWARE,1,0,0,0,3,7,50,64.9,-0.5,75.5,0,151,20,11,0,0,79.2,1,1,0,59.6,8,0,0
173618,Gavin Moul,LB,7,0,,0,0,71.4,DELAWARE,9,D35,64,56,0,10,1,2028,8,83.3,70,5,44,1,0,46,1,0,0,71.7,0,0,0,0,DELAWARE,6,0,1,0,19,8,0,50.1,14,79.3,0,151,72,47,1,1,103.3,16,0,0,53.9,0,0,6
173621,KT Seay,S,2,0,,0,0,50,DELAWARE,6,D07,72,22,0,0,1,2028,0,85.4,6,1,74.5,0,1,56,0,0,0,67,1,0,0,0,DELAWARE,2,0,0,0,6,7,0,74.2,6,77.6,0,151,72,0,0,0,56.3,16,0,2,,42,1,0
173627,James Yelbert Jr.,ED,0,0,,0,0,,DELAWARE,0,D11,1,1,0,20,1,2026,21,,0,0,,2,0,0,9,0,0,60.2,0,0,0,0,DELAWARE,0,0,2,0,,0,,60.6,,74.5,0,151,22,0,1,0,0,2,0,0,59.4,0,0,11
173631,Jayden Cofield,DI,0,0,,0,0,,TEXAS TECH,1,D51,3,2,0,14,1,2028,24,75.7,0,0,61.9,1,0,0,5,5,0,65.1,0,0,0,0,TEXAS TECH,1,0,1,0,,0,0,66,,74.3,0,315,27,0,14,0,0,13,0,2,55.4,0,0,0
173634,John Curry,CB,2,0,,0,0,100,TEXAS TECH,2,D06,25,10,0,2,1,2028,2,76,16,2,65.1,0,0,15,0,0,0,62.1,0,0,0,0,TEXAS TECH,1,0,0,0,15,14,0,65.1,8,74.4,0,315,27,20,0,0,100,10,0,0,59.6,0,0,2
173643,Ansel Nedore,ED,0,0,,0,0,,TEXAS TECH,0,D90,0,0,1,6,1,2028,10,70.8,0,0,,1,0,0,3,0,0,62,0,0,0,0,TEXAS TECH,1,0,2,0,,0,,66.1,,72.6,0,315,10,0,0,0,0,4,0,0,64.6,0,0,7
173644,Marcus Ramon-Edwards,CB,0,0,,0,0,,TEXAS TECH,0,D22,3,0,0,0,1,2028,0,,0,0,60,0,0,1,0,0,0,60,0,0,0,0,TEXAS TECH,0,0,0,0,,3,,61.2,,67,0,315,3,0,0,0,0,2,0,0,,0,0,0
173645,Braylon Rigsby,DI,0,0,,0,1,,TEXAS TECH,2,D94,1,0,0,14,1,2028,28,72.9,0,0,,1,0,0,9,1,0,60.5,0,0,0,0,TEXAS TECH,2,0,1,0,,0,33.3,61.3,,73.4,0,315,29,0,17,0,0,15,0,0,60.8,0,0,1
173646,Jordan Sanford,S,2,0,,0,3,100,CAL,2,D17,23,14,0,0,1,2028,0,23.5,7,2,63.5,0,0,4,0,0,0,42.1,0,0,0,0,CAL,1,0,0,0,7,3,60,51.3,3.5,72.5,0,130,23,3,0,0,81.3,19,0,0,,6,0,0
173654,Amier Washington,DI,0,0,,0,0,,TEXAS TECH,0,D88,2,2,0,9,1,2029,15,72.2,0,0,,0,0,0,4,0,0,67.8,0,0,0,0,TEXAS TECH,0,0,0,0,,0,0,73.9,,72.7,0,315,17,0,11,0,0,8,0,2,69.3,0,0,0
173676,Kadarius Miller,DI,0,0,,0,0,,LA LAFAYET,1,D90,0,0,0,16,1,2026,27,71.6,0,0,,2,0,0,0,11,0,73,0,0,0,0,LA LAFAYET,1,0,2,0,,0,0,80.5,,76.4,0,207,27,0,16,0,0,11,0,1,74.9,0,0,0
173683,Adepoju Adebawore,ED,0,0,,0,0,,OKLAHOMA,0,D34,0,0,0,10,1,2028,18,,0,0,60.2,0,0,2,3,0,0,55.4,0,0,0,0,OKLAHOMA,0,0,0,0,,0,,58.4,,74.7,0,261,18,0,0,0,0,6,0,0,61.8,0,0,15
173687,Peyton Bowen,S,5,0,,0,0,80,OKLAHOMA,3,D22,77,17,0,1,1,2028,1,81.3,50,4,54,0,0,46,0,0,0,60.7,0,0,0,0,OKLAHOMA,1,0,0,0,25,28,0,55.6,12.5,79,0,261,78,14,0,0,147.9,31,0,1,60,32,1,1
173703,Jacobe Johnson,CB,1,0,,0,0,100,OKLAHOMA,0,D19,12,1,0,0,1,2028,0,,6,1,64.6,0,0,7,0,0,0,60,11,0,0,0,OKLAHOMA,0,0,0,0,6,0,,65.1,6,70.9,0,261,12,7,0,0,91.7,5,0,0,,0,0,0
173714,Sammy Omosigho,LB,1,0,,0,0,0,OKLAHOMA,1,D07,31,28,0,8,1,2028,3,73.6,0,0,63.5,1,0,14,0,0,0,52.6,0,0,0,0,OKLAHOMA,1,0,1,0,,3,0,59.3,,73.4,0,261,34,0,0,0,39.6,12,1,0,60.3,0,0,3
173720,Markus Strong,DI,0,0,,0,0,,OKLAHOMA,0,D99,0,0,0,6,1,2028,9,,0,0,,0,0,0,2,2,0,55.5,0,0,0,0,OKLAHOMA,0,0,0,0,,0,,51.8,,71.2,0,261,9,0,5,0,0,3,0,0,57.4,0,0,0
173722,Jasiah Wagoner,S,1,0,,0,1,100,CAL,1,D08,20,4,0,1,1,2028,0,28.3,44,1,48.6,1,0,7,0,0,0,50.9,0,0,0,0,CAL,0,0,1,0,44,16,50,50.7,44,73.3,0,130,20,15,0,0,158.3,12,0,0,65.3,0,1,0
173723,Taylor Wein,ED,0,0,,0,1,,OKLAHOMA,2,D44,1,0,0,22,1,2028,47,33.9,0,0,48.3,0,0,4,8,0,0,62.2,0,1,0,0,OKLAHOMA,2,0,1,0,,1,25,55.3,,77.9,0,261,48,0,2,0,0,22,1,1,59.9,0,0,37
173739,Travis Bates,ED,0,0,,0,0,,KANSAS ST,1,D39,0,0,0,17,1,2027,28,73.8,0,0,,1,0,0,6,0,0,58.4,0,0,0,0,KANSAS ST,0,0,1,0,,0,0,67.4,,74.4,0,199,28,0,19,0,0,11,0,1,71.9,0,0,3
173761,Jevon McIver Jr.,CB,3,0,,0,1,66.7,TCU,1,D20,25,0,0,0,1,2026,0,28,37,2,43.4,0,0,14,0,0,0,60.9,24,0,0,0,TCU,0,0,0,0,29,1,50,44.5,18.5,74.3,0,305,25,9,0,0,109,11,0,0,,0,0,0
173762,Jaden McKinney,DI,0,0,,0,1,,SO MISS,0,D98,0,0,0,14,1,2028,23,35.7,0,0,,2,0,0,2,0,0,61.6,0,0,0,0,SO MISS,0,0,2,0,,0,33.3,65.6,,73.8,0,296,23,0,21,0,0,9,0,2,65.8,0,0,0
173787,Five Hamilton,CB,0,0,,0,1,,KENNESAW,0,D15,22,5,0,0,1,2028,0,21.4,0,0,65.8,0,0,13,0,0,0,39.5,2,0,0,0,KENNESAW,0,0,0,0,,15,100,56.9,,73.7,0,200,22,0,0,0,0,9,0,0,,0,0,0
173796,AJ Miller,DI,0,0,,0,0,,KENNESAW,1,D53,0,0,0,13,1,2028,20,72.2,0,0,,0,0,0,0,0,0,61.6,0,0,0,0,KENNESAW,1,0,0,0,,0,0,66.3,,73.2,0,200,20,0,20,0,0,7,0,0,66.4,0,0,0
173799,Isaac Paul,S,3,0,,0,0,66.7,KENNESAW,4,D09,75,27,0,0,1,2028,0,83.3,21,2,60.6,0,0,41,0,0,0,72.5,0,0,0,0,KENNESAW,0,0,0,0,15,4,0,65.1,10.5,77.8,0,200,75,0,0,1,86.8,34,0,1,,44,0,0
173807,JeRico Washington Jr.,CB,3,0,,0,0,66.7,KENNESAW,3,D01,70,2,0,0,1,2028,0,78.2,27,2,66.7,0,0,36,0,0,0,57,66,0,0,0,KENNESAW,0,0,0,0,19,2,0,65.7,13.5,77.6,0,200,70,12,0,0,95.1,34,0,0,,0,0,0
173927,Micheal Garner,ED,0,0,,0,0,,WISCONSIN,1,D51,0,0,0,1,1,2028,4,71.1,0,0,60,0,0,1,0,0,0,64.9,0,0,0,0,WISCONSIN,1,0,0,0,,0,0,69.3,,70.1,0,349,4,0,0,0,0,2,0,0,60,0,0,4
173945,Saint Farrior,DI,0,0,,0,0,,APP STATE,0,D96,0,0,0,15,1,2029,24,,0,0,,1,0,0,0,20,0,63.6,0,0,1,0,APP STATE,0,0,1,0,,0,,51.6,,0,0,108,24,0,4,0,0,9,0,0,57.2,0,0,0
173964,Terrell Washington,DI,0,0,,0,0,,N TEXAS,0,D93,0,0,0,8,1,2029,11,,0,0,,1,0,0,0,0,0,62.5,0,0,0,0,N TEXAS,0,0,1,0,,0,,65.8,,71.4,0,251,11,0,11,0,0,3,0,0,62.9,0,0,0
173974,A.J. Fuimaono,DI,0,0,,0,0,,UCLA,1,D55,0,0,0,12,1,2029,26,70.2,0,0,,0,0,0,0,1,0,66.4,0,0,0,0,UCLA,1,0,0,0,,0,0,63.8,,74.2,0,324,26,0,25,0,0,14,0,0,56.2,0,0,0
173985,Donavyn Pellot,LB,1,0,,0,2,100,UCLA,2,D00,16,14,0,4,1,2029,0,25.8,30,1,29.8,0,0,8,0,0,0,73.4,1,0,0,0,UCLA,1,0,0,0,30,1,50,35.1,30,72.7,0,324,16,8,0,0,118.8,4,0,0,54.2,0,0,0
174000,Ben Marsh,ED,0,0,,0,1,,BALL ST,1,D41,0,0,0,1,1,2028,7,29.5,0,0,,0,0,0,0,0,0,69.6,0,0,0,0,BALL ST,1,0,0,0,,0,33.3,71.1,,72.6,0,117,7,0,0,0,0,6,0,1,59.5,0,0,7
174003,Carter Davis,S,7,0,,0,1,71.4,BOSTON COL,6,D07,60,11,0,0,1,2028,2,72.2,67,5,60.2,0,0,32,0,0,0,51.9,47,0,0,0,BOSTON COL,2,0,0,0,22,2,11.1,57.9,13.4,76.5,0,121,62,9,0,0,141.1,30,0,2,,0,1,2
174005,KP Price,S,2,0,,0,1,100,BOSTON COL,4,D02,55,43,0,5,1,2028,7,63.2,29,2,64.1,1,1,27,0,0,1,51.9,0,0,0,0,BOSTON COL,1,0,1,0,23,8,14.3,59.5,14.5,76.9,0,121,62,7,0,0,79.2,30,0,2,63.3,4,0,7
174026,Jojo Hayden,LB,0,0,,0,0,,ILLINOIS,1,D30,11,9,0,2,1,2029,4,73.6,0,0,54.2,0,0,11,0,0,0,60.4,0,0,0,0,ILLINOIS,0,0,0,0,,2,0,55.2,,74.5,0,187,15,0,0,0,0,2,0,0,58.2,0,0,4
174031,Kaleb Patterson,CB,2,0,,0,0,100,ILLINOIS,1,D01,13,2,0,0,1,2027,0,73.5,30,2,40.9,0,0,8,0,0,0,68.3,10,0,0,0,ILLINOIS,1,0,0,0,24,1,0,46.9,15,71.7,0,187,13,16,0,0,158.3,5,0,0,,0,1,0
174032,Trey Smith,ED,0,0,,0,0,,PURDUE,1,D23,0,0,1,8,1,2029,16,75.4,0,0,60,1,0,1,0,0,0,59.9,0,0,0,0,PURDUE,1,0,2,0,,0,0,70.3,,74.7,0,273,16,0,0,0,0,7,0,1,74.3,0,0,16
174034,Zachary Tobe,CB,3,0,,0,0,33.3,GA TECH,1,D23,24,1,0,0,1,2028,0,76.6,34,1,66.9,0,0,11,0,0,0,67.9,23,0,0,0,GA TECH,0,0,0,0,34,0,0,69.2,34,74.6,0,176,24,22,0,1,116.7,13,0,1,,0,1,0
174040,Jyaire Hill,CB,7,0,,0,0,28.6,MICHIGAN,3,D20,61,0,0,1,1,2028,3,80.8,40,2,68,0,0,34,0,0,0,72.1,51,0,0,0,MICHIGAN,1,0,0,0,24,10,0,69.8,20,78.9,0,222,64,1,0,1,50.9,29,0,1,59.4,0,0,3
174044,Keyshawn Blackstock,DI,0,0,,0,0,,ARKANSAS,0,D54,0,0,0,0,1,2026,2,,0,0,,0,0,0,0,0,0,60,0,0,0,0,ARKANSAS,0,0,0,0,,0,,60.5,,66.6,0,111,2,0,2,0,0,2,0,0,,0,0,0
174046,Andrew DePaepe,ED,0,0,,0,0,,INDIANA,2,D42,0,0,0,4,1,2029,8,73.6,0,0,61.3,3,0,0,1,0,0,56.3,0,0,0,0,INDIANA,2,0,3,0,,0,0,65.1,,72,0,190,8,0,0,0,0,4,1,0,57.3,0,0,7
174047,Jordan Hall,LB,3,0,,0,1,33.3,MICH STATE,6,D05,45,43,0,2,1,2028,1,65.4,4,1,63.6,0,0,17,0,0,0,37.4,0,0,0,0,MICH STATE,1,0,0,0,4,2,10,48.2,4,75.7,0,223,46,4,0,0,42.4,27,0,3,66.1,0,0,1
174048,Bai Jobe,ED,0,0,,0,0,,MIAMI OH,0,D22,0,0,0,28,1,2028,45,,0,0,60,3,0,1,20,0,0,64.4,0,3,0,0,MIAMI OH,0,0,6,0,,0,,66.7,,76.6,0,221,45,0,2,0,0,16,0,0,64.4,0,0,23
174058,Damon Walters,S,0,0,,0,0,,NWESTERN,0,D21,5,2,0,0,1,2028,0,77.7,0,0,60,0,0,1,0,0,0,65,0,0,0,0,NWESTERN,0,0,0,0,,0,0,65.5,,69.9,0,256,5,0,0,0,0,4,0,2,,3,0,0
174062,Thomas Anderson,CB,14,0,,0,0,71.4,MO STATE,10,D14,51,1,0,0,1,2026,0,84.7,99,10,52.8,0,1,34,0,0,0,65.8,50,0,2,0,MO STATE,2,0,0,0,30,0,0,54.5,9.9,76.3,0,230,51,25,0,0,85.1,17,0,0,,0,1,0
174117,Jerry Mixon,LB,1,0,,0,0,100,OREGON,1,D54,25,16,0,3,1,2028,1,79.2,12,1,53.6,0,0,9,0,0,0,67.1,0,2,0,0,OREGON,1,0,2,0,12,9,0,61.6,12,71.8,0,264,26,4,0,0,116.7,14,0,1,64.9,0,0,1
174118,Teitum Tuioti,ED,0,0,,0,0,,OREGON,5,D44,1,1,0,19,1,2028,49,78.9,0,0,69.3,0,0,2,0,0,0,79.1,0,0,0,0,OREGON,5,0,0,0,,0,0,76.1,,80.6,0,264,50,0,0,0,0,29,1,0,56.4,0,0,49
174122,Cole Martin,S,2,0,,0,2,100,UCLA,3,D21,65,39,0,3,1,2029,4,53,11,2,64.4,0,0,32,0,0,0,66.4,1,0,0,0,UCLA,0,0,0,0,6,7,20,65.6,5.5,75.8,0,324,69,3,0,0,89.6,34,0,5,57.1,18,0,4
174123,Tyler Turner,S,0,0,,0,1,,BAYLOR,0,D17,25,10,0,0,1,2028,0,22.6,0,0,56.4,0,0,10,0,0,0,55.6,0,0,0,0,BAYLOR,0,0,0,0,,5,100,55.2,,73.3,0,118,25,0,0,0,0,15,0,0,,10,0,0
174124,Matayo Uiagalelei,ED,0,0,,0,0,,OREGON,0,D10,0,0,0,20,1,2028,49,75.6,0,0,,0,0,0,11,0,0,66.3,0,0,1,0,OREGON,0,0,0,0,,0,0,63.7,,78.2,0,264,49,0,3,0,0,29,0,3,56.6,0,0,35
174145,Holden Trice,LB,0,0,,0,1,,GA SOUTHRN,0,D21,4,0,0,0,1,2028,1,24.9,0,0,60,0,0,1,0,0,0,52.5,0,0,0,0,GA SOUTHRN,0,0,0,0,,4,100,52.9,,71.5,0,174,5,0,0,0,0,4,0,0,,0,0,1
174146,Derrick Maxey III,S,0,0,,0,1,,GA STATE,1,D21,30,13,0,0,1,2028,0,27,0,0,65.7,0,0,12,0,0,0,55.4,0,0,0,0,GA STATE,0,0,0,0,,15,50,61.8,,73.1,0,175,30,0,0,0,0,18,0,0,,2,0,0
174147,Ayden Jackson,S,2,0,,0,2,100,GA SOUTHRN,5,D05,38,17,0,1,1,2028,2,40.9,18,2,46.1,0,0,21,0,0,0,39.1,0,0,0,0,GA SOUTHRN,2,0,0,0,9,3,25,40.9,9,74.8,0,174,40,12,0,0,104.2,18,0,1,59.1,18,0,2
174155,Jamorri Colson,CB,2,0,,0,1,0,WASH STATE,0,D05,49,2,0,0,1,2026,0,20.7,0,0,57.6,0,0,33,0,0,0,62.9,43,0,0,0,WASH STATE,0,0,0,0,,4,100,58.5,,76.1,0,341,49,0,0,0,39.6,16,0,0,,0,0,0
174157,Kapena Gushiken,S,9,0,2026,0,0,66.7,OLE MISS,6,D14,63,14,0,1,1,2026,0,83,70,6,60.1,0,0,41,0,0,0,68.6,0,0,0,0,OLE MISS,2,0,0,0,39,38,0,62,11.7,78.8,0,226,63,28,0,0,90,21,0,0,57.7,11,0,0
174160,Johnathan Hall,LB,0,0,,0,0,,UTAH,4,D07,31,30,2,17,1,2028,6,81.8,0,0,66.3,6,0,6,0,0,0,57.2,0,0,0,0,UTAH,6,0,8,0,,1,0,66.6,,76.1,0,328,37,0,0,0,0,14,1,0,65.6,0,0,6
174161,Stephen Hall,CB,4,0,2026,0,0,75,MISSOURI,0,D00,37,3,0,0,1,2026,3,73.5,61,3,41.3,0,0,24,0,0,0,63.5,30,0,1,0,MISSOURI,0,0,0,0,37,2,0,44.4,20.3,76.9,0,229,40,21,0,0,116.7,16,0,1,,2,0,3
174171,Sam Greene,ED,0,0,,0,0,,KENTUCKY,3,D02,2,1,0,17,1,2029,36,78.3,0,0,62.3,1,0,5,1,0,0,74.7,0,1,0,0,KENTUCKY,2,0,2,0,,1,0,76.3,,79.1,0,202,38,0,0,0,0,16,0,1,70,0,0,35
174184,Tackett Curtis,LB,0,0,,0,1,,WISCONSIN,0,D41,3,2,0,1,1,2028,0,20.7,0,0,60,0,0,1,0,0,0,51.6,0,0,0,0,WISCONSIN,0,0,0,0,,0,100,39.5,,63.1,0,349,3,0,0,0,0,1,0,0,60,0,0,0
174194,Troy Pikes,DI,0,0,,0,0,,S CAROLINA,0,D33,0,0,0,19,1,2028,23,,0,0,,0,0,0,2,1,1,61.8,0,0,0,1,S CAROLINA,0,0,0,0,,0,,64,,73.8,0,289,23,0,20,0,0,4,0,0,62.4,0,0,0
174195,Ansel Din-Mbuh,DI,0,0,,0,0,,TCU,4,D92,0,0,1,19,1,2028,39,76.5,0,0,,0,0,0,16,0,0,84.9,0,0,0,0,TCU,5,0,1,0,,0,0,82.8,,75.1,0,305,39,0,23,0,0,20,1,0,64.5,0,0,0
174196,Kebba Secka,ED,0,0,,0,0,,GA SOUTHRN,1,D51,0,0,0,20,1,2028,37,70.8,0,0,,0,0,0,9,6,0,35.6,0,0,0,0,GA SOUTHRN,1,0,0,0,,0,0,39.1,,76.4,0,174,37,0,8,0,0,17,0,0,54.2,0,0,14
174198,Owen Chambliss,LB,3,0,,1,0,33.3,S DIEGO ST,6,D12,57,36,0,3,1,2029,4,82.5,13,1,75,1,0,36,0,0,0,79.2,0,0,0,0,S DIEGO ST,3,0,1,0,13,21,0,80.4,13,76.2,0,284,61,5,0,1,47.9,22,1,2,68.9,0,0,4
174238,Kelby Collins,DI,0,0,,0,1,,ALABAMA,0,D17,0,0,0,8,1,2028,10,21.8,0,0,,1,0,0,3,0,0,60.3,0,0,0,0,ALABAMA,0,0,1,0,,0,100,55.1,,71.1,0,103,10,0,6,0,0,2,0,0,53.6,0,0,1
174247,Ja'Keem Jackson,CB,0,0,,0,0,,LSU,1,D08,14,2,0,0,1,2028,0,73.5,0,0,60,0,0,1,0,0,0,64.8,11,0,0,0,LSU,0,0,0,0,,1,0,64.6,,71.4,0,211,14,0,0,0,0,13,0,0,,0,0,0
174264,T.J. Searcy,ED,0,0,,0,0,,TEXAS A&M,0,D18,0,0,2,18,1,2028,28,77.4,0,0,,1,0,0,1,0,0,65,0,0,0,0,TEXAS A&M,1,0,3,0,,0,0,71.2,,77.2,0,312,28,0,0,0,0,10,0,2,69.3,0,0,27
174287,Ike Esonwune,LB,2,0,,0,0,100,OKLA STATE,0,D25,40,33,0,7,1,2028,7,,0,2,70.6,0,0,18,0,0,1,27.7,1,0,0,0,OKLA STATE,0,0,0,0,3,6,,47.6,0,76.7,0,262,47,6,0,0,79.2,22,0,0,55.6,0,0,7
174301,Iman Oates,DI,0,0,,0,0,,OKLA STATE,1,D99,0,0,0,12,1,2027,26,69.7,0,0,,0,0,0,0,0,0,53.7,0,0,0,0,OKLA STATE,1,0,0,0,,0,0,57.1,,73.8,0,262,26,0,26,0,0,14,0,0,63.6,0,0,0
174312,Poasa Utu,ED,0,0,,0,0,,OKLA STATE,0,D35,0,0,0,4,1,2028,10,,0,0,,0,0,0,1,0,0,64.8,0,0,0,0,OKLA STATE,0,0,0,0,,0,,68.3,,73.6,0,262,10,0,0,0,0,6,0,0,62.6,0,0,9
174314,Lardarius Webb Jr.,CB,1,0,2026,0,0,100,WAKE,2,D20,49,5,0,0,1,2026,0,79.6,8,1,69.5,0,0,34,0,0,0,69.9,44,0,1,0,WAKE,0,0,0,0,8,0,0,71.3,8,75.6,0,339,49,3,0,0,100,15,0,2,,0,0,0
174319,Judge Collier,CB,4,0,,0,0,25,S CAROLINA,3,D08,38,3,0,2,1,2028,1,79.1,11,1,50,0,0,25,0,0,0,64.3,33,0,0,0,S CAROLINA,0,0,0,0,11,0,0,51,11,75.4,0,289,39,5,0,0,39.6,12,0,0,52.8,2,0,1
174321,Elijah Davis,ED,0,0,,0,2,,TROY,1,D11,0,0,0,18,1,2026,34,25.2,0,0,,6,0,0,5,0,0,58.2,0,0,0,0,TROY,1,0,6,0,,0,50,70.7,,76.5,0,318,34,0,0,0,0,16,0,1,79,0,0,29
174323,Jalon Kilgore,CB,5,0,2026,0,1,40,S CAROLINA,3,D24,66,13,0,0,1,2026,0,59.4,11,2,65.1,0,0,50,0,0,0,56.8,0,0,0,0,S CAROLINA,1,0,0,0,8,51,14.3,64.1,5.5,77.6,0,289,66,0,0,1,47.9,16,0,3,,2,0,0
174327,Desmond Umeozulu,ED,0,0,,0,0,,S CAROLINA,0,D09,0,0,0,15,1,2028,23,,0,0,,2,0,0,2,0,0,62.4,0,0,0,0,S CAROLINA,0,0,2,0,,0,,56.3,,75.4,0,289,23,0,1,0,0,8,0,0,53,0,0,20
174463,Tyrell Martin,DI,0,0,,0,1,,E MICHIGAN,1,D05,0,0,0,27,1,2026,53,22,0,0,,0,0,0,0,7,0,38.1,0,0,0,0,E MICHIGAN,0,0,0,0,,0,50,41.4,,78.2,0,160,53,0,38,0,0,26,0,0,53.9,0,0,8
174574,Myles Parker,DI,0,0,,0,0,,HOUSTON,0,D98,0,0,0,5,1,2028,5,,0,0,,1,0,0,0,2,0,,0,0,0,0,HOUSTON,0,0,1,0,,0,,66.3,,69.8,0,182,5,0,3,0,0,0,0,0,65.6,0,0,0
174579,Cayman Spaulding,LB,2,0,,0,0,50,GA TECH,2,D01,23,19,0,3,1,2028,7,79.6,11,1,51.7,1,0,19,0,0,0,66.3,0,0,0,0,GA TECH,1,0,1,0,11,4,0,55.5,11,76.4,0,176,30,16,0,0,66.7,8,0,3,56,0,0,7
174628,DJ Coleman,S,2,0,,0,1,100,BAYLOR,3,D33,37,3,0,2,1,2028,22,50,21,2,60,0,0,17,0,0,0,68,1,0,0,0,BAYLOR,1,0,0,0,12,31,20,64.1,10.5,82.5,0,118,59,21,0,0,110.4,40,0,1,59.3,2,0,22
174629,Micah Gifford,S,0,0,,0,1,,BAYLOR,0,D24,6,3,0,0,1,2028,0,21.8,0,0,61.5,0,0,2,0,0,0,40.8,0,0,0,0,BAYLOR,0,0,0,0,,1,100,43.7,,70.7,0,118,6,0,0,0,0,4,0,0,,2,0,0
174630,Caden Jenkins,CB,1,0,,0,0,100,BAYLOR,1,D08,24,0,0,1,1,2028,0,76.6,8,1,45.5,0,0,8,0,0,0,65.3,21,0,1,0,BAYLOR,0,0,0,0,8,3,0,49.5,8,74.2,0,118,24,0,0,0,139.6,15,0,1,58.1,0,1,0
174631,DK Kalu,DI,0,0,,0,0,,BAYLOR,1,D93,0,0,0,8,1,2028,20,72.2,0,0,60,0,0,0,0,5,0,59.8,0,0,0,0,BAYLOR,0,0,0,0,,0,0,59.5,,74.4,0,118,20,0,15,0,0,12,0,1,57,0,0,0
174639,Jacob Redding,S,4,0,,0,1,75,BAYLOR,4,D38,50,25,0,0,1,2028,1,59.8,35,3,45.1,0,0,18,0,0,0,68.1,0,0,0,0,BAYLOR,0,0,0,0,19,11,16.7,52.8,11.7,77.7,0,118,51,9,0,0,140.6,33,0,1,,14,1,1
174644,Trent Thomas,ED,0,0,,0,0,,BAYLOR,1,D92,0,0,0,3,1,2028,9,71.1,0,0,,0,0,0,3,1,0,60,0,0,0,0,BAYLOR,0,0,0,0,,0,0,59.3,,71.6,0,118,9,0,1,0,0,6,0,0,58.5,0,0,4
174646,LeVar Thornton Jr.,CB,3,0,,0,0,0,BAYLOR,10,D25,54,7,0,1,1,2028,0,85.2,0,0,78.7,0,0,18,0,0,0,49.3,43,0,1,0,BAYLOR,4,0,0,0,,1,0,69.2,,75.5,0,118,54,0,0,2,39.6,35,0,0,58.1,3,0,0
174653,Trey Wilson,ED,0,0,,0,0,,SMU,0,D14,0,0,0,2,1,2028,2,,0,0,,0,0,0,0,0,0,,0,0,0,0,SMU,0,0,0,0,,0,,59.7,,67.3,0,287,2,0,0,0,0,0,0,0,59.6,0,0,2
174665,Kooper Ebel,LB,0,0,,0,0,,IOWA STATE,4,D47,62,57,0,13,1,2028,1,81.6,0,0,72.7,0,0,28,0,0,0,73.7,0,0,0,0,IOWA STATE,3,0,0,0,,5,0,74.5,,78,0,193,63,0,0,0,0,22,1,2,56.4,0,0,1
174670,Zaimir Hawk,DI,0,0,,0,1,,IOWA STATE,1,D53,0,0,0,2,1,2028,8,28,0,0,,0,0,0,0,7,0,44,0,0,0,0,IOWA STATE,1,0,0,0,,0,50,41.2,,73.2,0,193,8,0,1,0,0,6,0,0,59,0,0,0
174672,Ta'Shawn James,S,4,0,,0,1,50,IOWA STATE,4,D19,47,23,0,0,1,2029,0,57.6,47,2,69.8,0,0,29,0,0,0,61.3,0,0,0,0,IOWA STATE,1,0,0,0,45,4,16.7,68.1,23.5,75.4,0,193,47,32,0,1,92.7,18,0,1,,20,0,0
174683,Jamison Patton,S,5,0,,0,2,40,IOWA STATE,4,D02,52,22,0,0,1,2028,0,46.9,15,2,61.4,0,0,31,0,0,0,67.9,0,0,0,0,IOWA STATE,2,0,0,0,10,18,25,64,7.5,77.1,0,193,52,14,0,0,47.9,21,0,2,,12,0,0
174690,Cam Smith,S,0,0,,0,0,,IOWA STATE,1,D13,17,12,0,0,1,2028,0,75.3,0,0,65.8,0,0,12,0,0,0,60.4,0,0,0,0,IOWA STATE,0,0,0,0,,4,0,65.8,,71.9,0,193,17,0,0,0,0,5,0,0,,1,0,0
174691,Drew Surges,S,3,0,,0,1,100,IOWA STATE,0,D29,10,4,0,0,1,2028,0,27.9,45,3,29.7,0,0,6,0,0,0,62.2,0,0,0,0,IOWA STATE,0,0,0,0,21,6,100,32.1,15,71,0,193,10,18,0,0,158.3,4,0,0,,0,1,0
174697,Micah Carter,ED,0,0,,0,0,,LOUISVILLE,0,D92,0,0,0,2,1,2028,4,,0,0,,0,0,0,2,0,0,61.2,0,0,0,0,LOUISVILLE,0,0,0,0,,0,,69.1,,69.2,0,210,4,0,0,0,0,2,0,0,66.7,0,0,2
174700,Saadiq Clements,DI,0,0,,0,0,,N TEXAS,1,D98,0,0,0,22,1,2028,34,69.7,0,0,,2,0,0,0,10,0,55.1,0,0,0,0,N TEXAS,0,0,2,0,,0,0,63.7,,75.8,0,251,34,0,24,0,0,12,0,0,69.4,0,0,0
174704,AJ Green,ED,0,0,,0,0,,LOUISVILLE,2,D17,1,0,0,22,1,2028,32,74.7,0,0,62,6,0,1,1,0,0,69.3,0,1,0,0,LOUISVILLE,2,0,7,0,,1,0,76.9,,79,0,210,33,0,0,0,0,10,0,0,72.3,0,0,31
174714,Woo Spencer,DI,0,0,,0,0,,SMU,0,D55,0,0,0,13,1,2028,21,70.2,0,0,,0,0,0,2,0,0,53.2,0,0,0,0,SMU,0,0,0,0,,0,0,52.2,,73.4,0,287,21,0,18,0,0,8,0,1,56.1,0,0,1
174716,Aaron Williams,S,0,0,,0,0,,UCLA,0,D07,12,7,0,0,1,2029,0,20.4,0,0,60.5,0,0,2,0,0,0,53.5,0,0,0,0,UCLA,0,0,0,0,,1,,55,,69.6,0,324,12,0,0,0,0,10,0,0,,4,0,0
174718,Chandavian Bradley,ED,0,0,,0,0,,OKLA STATE,0,D16,0,0,0,1,1,2028,2,,0,0,,0,0,0,0,0,0,60,0,0,0,0,OKLA STATE,0,0,0,0,,0,,59.2,,68.1,0,262,2,0,0,0,0,1,0,0,59.1,0,0,2
174720,Cristian Conyer,CB,0,0,,0,0,,APP STATE,0,D24,12,0,0,0,1,2031,0,,0,0,52.4,0,0,9,0,0,0,60,12,0,1,0,APP STATE,0,0,0,0,,0,,52.6,,71.7,0,108,12,0,0,0,0,3,0,0,,0,0,0
174726,Caleb Herring,ED,0,0,,0,1,,TENNESSEE,1,D31,0,0,0,12,1,2028,21,34.2,0,0,53.7,0,0,2,0,0,0,49.6,0,0,2,0,TENNESSEE,1,0,0,0,,0,50,33.2,,0,0,307,21,0,0,0,0,7,0,0,58.9,0,0,21
174727,Daevin Hobbs,DI,0,0,,0,0,,TENNESSEE,2,D05,0,0,0,20,1,2028,31,72.9,0,0,61.7,1,0,0,10,0,0,44,0,0,0,0,TENNESSEE,2,0,1,0,,0,0,48.8,,74.1,0,307,31,0,21,0,0,11,0,0,53.1,0,0,0
174735,Jordan Matthews,CB,1,0,,0,0,0,VANDERBILT,0,D06,22,7,0,0,1,2028,0,,0,0,65.9,0,0,11,0,0,0,62.2,15,0,0,0,VANDERBILT,0,0,0,0,,0,,66.7,,71.8,0,333,22,0,0,0,39.6,11,0,0,,0,0,0
174738,Nathan Robinson,DI,0,0,,0,0,,TENNESSEE,1,D94,0,0,0,18,1,2028,31,70.2,0,0,,0,0,0,0,6,0,62.2,0,0,0,0,TENNESSEE,1,0,0,0,,0,0,59.1,,75.8,0,307,31,0,25,0,0,13,1,0,54.8,0,0,0
174741,John Slaughter,S,0,0,,0,1,,COLORADO,4,D13,27,4,0,2,1,2028,2,72.5,0,0,66,1,0,8,0,0,0,74,0,0,0,0,COLORADO,0,0,1,0,,2,14.3,69.9,,74.9,0,143,29,0,0,0,0,19,0,2,54.8,21,0,2
174742,Jalen Smith,LB,4,0,,0,0,100,MISS STATE,1,D10,34,31,0,13,1,2028,1,79.9,28,4,59.1,0,0,16,0,0,0,68.2,0,1,0,0,MISS STATE,0,0,1,0,15,3,0,60.8,7,73.2,0,227,35,41,0,0,95.8,6,0,3,55.8,0,0,1
174745,Jeremiah Telander,LB,4,0,,0,1,75,TENNESSEE,3,D22,49,40,0,4,1,2028,0,58.2,28,3,47.6,0,0,25,0,0,0,61.4,1,0,0,0,TENNESSEE,1,0,0,0,19,8,16.7,51.6,9.3,74.7,0,307,49,23,0,0,93.8,20,0,2,58.4,0,0,0
174748,Tyree Weathersby,ED,0,0,,0,0,,TENNESSEE,1,D18,0,0,0,13,1,2028,24,71.5,0,0,,0,0,0,3,0,0,65.7,0,0,0,0,TENNESSEE,1,0,0,0,,0,0,61.4,,75.7,0,307,24,0,0,0,0,11,1,0,54.9,0,0,21
174757,Kahanu Davis,WR,0,0,,0,0,,UTAH ST,0,07,1,0,0,0,1,2026,0,,0,0,,0,0,0,0,0,0,60,0,0,0,0,UTAH ST,0,0,0,0,,0,,60.1,,60,0,329,1,0,0,0,0,1,0,0,,0,0,0
174758,Devin Dye,S,0,0,,0,0,,KANSAS,0,D11,16,6,0,0,1,2026,0,74.8,0,0,50.5,0,0,3,0,0,0,62.6,0,0,0,0,KANSAS,0,0,0,0,,2,0,54.2,,72.4,0,198,16,0,0,0,0,13,0,1,,8,0,0
174768,Cian Slone,ED,1,0,2026,0,3,100,NC STATE,2,D08,8,3,0,35,1,2026,55,26.8,2,1,59.7,5,0,7,2,0,0,58.7,0,1,0,0,NC STATE,2,0,6,0,2,5,50,61.4,2,82,0,248,63,2,0,0,79.2,21,0,1,62.2,0,0,53
174772,Jason Abbey,ED,0,0,,0,0,,VA TECH,1,D31,0,0,0,13,1,2028,25,72.2,0,0,60,2,0,1,0,0,0,65.9,0,0,0,0,VA TECH,0,0,2,0,,0,0,68.4,,78,0,337,25,0,0,0,0,11,0,0,64.6,0,0,25
174790,Braylon Johnson,S,1,0,,0,2,100,WAKE,3,D23,60,2,0,0,1,2028,0,47.3,9,1,52.9,0,0,42,0,0,0,58.7,0,0,1,0,WAKE,1,0,0,0,9,5,33.3,53.8,9,78.3,0,339,60,13,0,0,104.2,18,0,1,,53,0,0
174797,Jonathan Pennix,CB,1,0,,0,0,0,SO MISS,0,D11,24,3,0,0,1,2028,0,74.2,0,0,55.3,0,0,13,0,0,0,61,21,0,1,0,SO MISS,0,0,0,0,,0,,56.3,,73.2,0,296,24,0,0,0,39.6,11,0,0,,0,0,0
174799,Aycen Stevens,ED,0,0,,0,0,,VA TECH,2,D42,0,0,0,7,1,2028,20,76,0,0,61.4,0,0,2,2,0,0,61.7,0,0,0,0,VA TECH,1,0,0,0,,0,0,64.8,,76.5,0,337,20,0,0,0,0,11,0,1,63.2,0,0,18
174800,Thomas Williams,CB,6,0,,0,1,33.3,VA TECH,3,D23,65,5,0,0,1,2028,1,57.2,48,2,58,0,0,46,0,0,0,70.9,60,0,0,0,VA TECH,0,0,0,0,34,0,16.7,60.3,24,77.1,0,337,66,14,0,1,63.2,20,0,2,,0,0,1
174805,Caleb Woodson,LB,1,0,,0,0,100,VA TECH,1,D20,33,27,0,2,1,2028,0,79.2,4,1,65.3,0,0,22,0,0,0,63.3,0,0,1,1,VA TECH,1,0,0,0,4,6,0,63,4,0,0,337,33,8,0,0,83.3,9,0,2,66.8,0,0,0
174807,Ian Bell,CB,1,0,,0,0,100,WYOMING,0,D13,15,0,0,0,1,2028,0,,39,1,65.7,0,0,13,0,0,0,60,15,0,0,0,WYOMING,0,0,0,0,39,0,,66.2,39,71.9,0,351,15,39,0,0,118.8,2,0,0,,0,0,0
174815,Ethan Day,ED,0,0,,0,2,,N TEXAS,0,D90,1,0,1,23,1,2029,38,44.3,0,0,60.6,1,0,2,1,0,0,68.7,0,0,0,0,N TEXAS,1,0,2,0,,1,33.3,78.2,,77.8,0,251,39,0,1,0,0,14,0,4,76.7,0,0,36
174827,Lucas Samsula,DI,0,0,,0,0,,WYOMING,2,D97,0,0,0,19,1,2030,29,71.9,0,0,60,0,0,0,3,3,0,47.9,0,0,0,0,WYOMING,0,0,0,0,,0,0,49.9,,74.6,0,351,29,0,23,0,0,10,0,0,56.3,0,0,0
174829,Jones Thomas,S,0,0,,0,0,,WYOMING,2,D23,43,9,0,0,1,2029,0,50,0,0,67.5,0,1,27,0,0,0,64.8,0,0,0,0,WYOMING,0,0,0,0,,8,0,67.9,,75.4,0,351,43,0,0,0,0,16,0,1,,26,0,0
174835,Jayden Williams,DI,0,0,,0,0,,WYOMING,1,D98,0,0,0,23,1,2028,33,69.7,0,0,,2,0,0,2,1,0,50.7,0,1,0,0,WYOMING,1,0,3,0,,0,0,53.5,,74.8,0,351,33,0,30,0,0,10,0,0,58.7,0,0,0
174925,TJ Bush Jr.,ED,0,0,,0,2,,CAL,1,D03,0,0,0,16,1,2028,56,38.3,0,0,60.4,1,0,2,0,0,0,59.1,0,0,0,0,CAL,0,0,1,0,,0,40,59.2,,81.1,0,130,56,0,0,0,0,38,0,2,57.4,0,0,56
174941,Bryan Whitehead,ED,0,0,,0,0,,ARK STATE,1,D04,0,0,0,8,1,2026,10,73,0,0,,0,0,0,2,0,0,65.6,0,0,0,0,ARK STATE,1,0,0,0,,0,0,64.1,,73.2,0,113,10,0,0,0,0,2,1,0,55.5,0,0,8
174958,Jamarrion Harkless,DI,0,0,,0,0,,PURDUE,0,D97,0,0,1,22,1,2029,49,69.7,0,0,,0,0,0,0,10,0,65.9,0,1,0,0,PURDUE,1,0,2,0,,0,,64.6,,77,0,273,49,0,39,0,0,27,0,0,58.9,0,0,0
174967,Derrick Rogers,CB,0,0,,0,0,,FAU,1,D03,36,13,0,0,1,2028,1,76.5,0,0,61.8,0,0,3,0,0,0,69.4,23,0,0,0,FAU,0,0,0,0,,0,0,67.7,,73,0,165,37,0,0,0,0,34,0,1,,0,0,1
174971,Dillon Thieneman,S,5,0,2026,0,0,60,OREGON,6,D31,53,22,0,0,1,2026,0,84.5,51,3,72.9,0,0,24,0,0,0,67.3,1,0,0,0,OREGON,1,0,0,0,42,11,0,72.3,17,75.9,0,264,53,8,0,2,134.2,29,0,1,,19,1,0
174976,Dimitri Johnson,LB,0,0,,0,0,,NEW MEXICO,2,D22,12,12,0,2,1,2026,0,77.9,0,0,61.5,0,0,5,0,0,0,72.2,0,0,0,0,NEW MEXICO,1,0,0,0,,0,0,70.8,,69.4,0,241,12,0,0,0,0,5,0,1,57.5,0,0,0
174979,Trenton Alan Yowe,CB,2,0,,0,0,50,ARK STATE,0,D00,46,2,0,0,1,2026,2,,8,1,61.4,0,0,29,0,0,0,63.9,44,0,2,0,ARK STATE,0,0,0,0,8,0,,62.4,8,76.8,0,113,48,11,0,0,60.4,19,0,0,,0,0,2
174990,Zyeir Gamble,S,5,0,,0,0,40,APP STATE,9,D05,83,23,0,0,1,2028,0,87.2,25,2,79.5,0,1,47,0,0,0,73.8,0,0,0,0,APP STATE,2,0,0,0,15,28,0,79.8,12.5,77.6,0,108,83,2,0,2,16.7,36,1,2,,32,0,0
175001,Colton Phares,LB,1,0,,0,0,0,APP STATE,8,D10,61,55,0,6,1,2028,1,84.5,0,0,80.4,0,0,28,0,0,0,78,0,0,0,0,APP STATE,4,0,0,0,,6,0,81.9,,75.2,0,108,62,0,0,0,39.6,28,0,2,54.9,0,0,1
175020,Siale Esera,LB,0,0,,0,1,,BYU,0,D54,5,5,0,0,1,2028,0,20,0,0,60.3,0,0,2,0,0,0,55.8,0,0,0,0,BYU,0,0,0,0,,0,100,56.8,,68.1,0,128,5,0,0,0,0,3,0,0,,0,0,0
175027,John Henry Daley,ED,0,0,,0,1,,UTAH,2,D90,0,0,0,26,1,2028,42,44.1,0,0,56.6,3,0,1,0,0,0,76.7,0,0,1,0,UTAH,2,0,3,0,,0,33.3,67.9,,0,0,328,42,0,9,0,0,15,1,0,67.5,0,0,33
175031,Ace Kaufusi,LB,2,0,,0,0,100,BYU,1,D18,6,5,0,0,1,2028,1,75.1,22,2,52.4,0,0,6,0,0,0,60,0,0,0,0,BYU,1,0,0,0,16,1,0,51.9,11,69.7,0,128,7,3,0,0,112.5,1,0,0,,0,0,1
175034,David Latu,DI,0,0,,0,0,,BOISE ST,0,D92,0,0,1,7,1,2027,9,69.7,0,0,,0,0,0,0,3,0,57.7,0,0,0,0,BOISE ST,0,0,1,0,,0,,59.2,,71.3,0,120,9,0,6,0,0,2,0,0,66.8,0,0,0
175049,Bryce Eliuk,LB,0,0,,0,0,,E MICHIGAN,0,D40,4,4,0,0,1,2028,0,73.2,0,0,60,0,0,1,0,0,0,70.1,0,0,0,0,E MICHIGAN,0,0,0,0,,0,0,73,,67,0,160,4,0,0,0,0,3,0,1,,0,0,0
175058,Jaivian Norman,CB,2,0,,0,0,100,E MICHIGAN,1,D08,20,0,0,0,1,2028,0,78,22,2,58.8,0,0,16,0,0,0,63.3,0,0,1,0,E MICHIGAN,1,0,0,0,13,19,0,53.4,11,0,0,160,20,2,0,0,112.5,4,0,1,,1,0,0
175068,Daiquan White,CB,3,0,,0,0,66.7,GA TECH,2,D04,49,2,0,1,1,2028,0,76.6,13,2,77.6,0,0,33,0,0,0,62.3,47,0,0,0,GA TECH,1,0,0,0,8,0,0,77.1,6.5,75.9,0,176,49,2,0,0,75.7,15,0,0,59.2,0,0,0
175070,Dallas Afalava,DI,0,0,,0,0,,WAKE,0,D52,1,1,0,24,1,2028,38,,0,0,,1,0,0,12,0,0,45.9,0,0,0,1,WAKE,0,0,1,0,,0,,55.6,,75.7,0,339,39,0,20,0,0,15,0,0,65.2,0,0,6
175071,Xe'ree Alexander,LB,4,0,,0,2,100,WASHINGTON,6,D10,59,52,0,7,1,2028,7,62.5,29,4,51.6,1,0,30,0,0,0,57.6,1,0,0,0,WASHINGTON,3,0,1,0,12,6,14.3,52.9,7.3,77.2,0,340,66,7,0,0,96.9,29,1,6,56.2,0,0,7
175078,Jaxton Eck,LB,1,0,,0,1,100,NEW MEXICO,6,D06,41,37,0,7,1,2028,2,73.9,2,1,72.1,2,0,19,0,0,0,82.3,0,0,0,0,NEW MEXICO,5,0,2,0,2,4,10,81.1,2,74.2,1,241,43,4,0,0,79.2,17,2,3,62.5,0,0,2
175089,Keyshawn James-Newby,ED,0,0,2026,0,0,,NEW MEXICO,0,D01,0,0,0,19,1,2026,36,75.2,0,0,60,2,0,1,1,0,0,61.5,0,2,2,0,NEW MEXICO,0,0,4,0,,0,0,69.5,,0,0,241,36,0,0,0,0,16,0,1,88.6,0,0,35
175091,Zach Johnson,LB,0,0,,0,0,,STANFORD,0,D38,9,9,0,0,1,2028,0,73.1,0,0,60.4,0,0,2,0,0,0,57.1,0,0,0,0,STANFORD,0,0,0,0,,0,0,58.4,,68.8,0,300,9,0,0,0,0,7,0,1,,0,0,0
175097,Andrew Marshall,CB,6,0,,0,1,33.3,NEBRASKA,2,D10,61,3,0,0,1,2028,0,59.5,67,2,44.8,0,0,31,0,0,0,39.1,57,0,1,0,NEBRASKA,0,0,0,0,37,1,25,41.8,33.5,76.7,0,238,61,18,0,0,76.4,30,0,1,,0,0,0
175132,Nasir Addison,CB,0,0,,0,0,,KENTUCKY,2,D21,20,2,0,0,1,2028,0,76.2,0,0,46.7,0,0,5,0,0,0,67.8,18,0,1,0,KENTUCKY,0,0,0,0,,0,0,53.9,,72.5,0,202,20,0,0,0,0,15,0,0,,0,0,0
175139,Jayvant Brown,LB,1,0,,0,0,100,TEMPLE,1,D30,19,19,0,2,1,2028,0,73.1,15,1,35.1,1,0,11,0,0,0,63.5,0,1,1,0,TEMPLE,1,0,2,0,15,0,0,41.7,15,72.4,0,306,19,0,0,0,118.8,6,0,0,65.2,0,0,0
175140,Ty Bryant,S,1,0,,0,1,100,KENTUCKY,3,D14,42,21,0,1,1,2028,0,48.7,6,1,68.6,0,0,25,0,0,0,42.6,0,0,0,0,KENTUCKY,0,0,0,0,6,8,25,59.8,6,75.5,0,202,42,14,0,0,91.7,16,0,0,59.2,13,0,0
175146,Tavion Gadson,DI,0,0,,0,0,,KENTUCKY,3,D94,0,0,0,18,1,2029,29,73.2,0,0,,1,0,0,5,1,0,67,0,1,0,0,KENTUCKY,2,0,2,0,,0,0,73.3,,74.5,0,202,29,0,23,0,0,11,0,0,71.4,0,0,0
175148,Grant Godfrey,LB,1,0,,0,0,100,KENTUCKY,1,D22,15,14,0,2,1,2029,0,76.3,19,1,49.3,0,0,4,0,0,0,68.5,0,0,0,0,KENTUCKY,1,0,0,0,19,1,0,55,19,71.9,0,202,15,1,0,0,118.8,9,0,1,57.6,0,0,0
175216,Bryce Allen,CB,8,0,,0,0,50,NAVY,5,D28,84,0,0,3,1,2028,0,81,67,4,71.9,0,0,65,0,0,0,38.5,84,0,0,0,NAVY,0,0,0,0,44,0,0,68,16.8,78.6,0,237,84,13,0,1,118.2,16,0,1,53.8,0,1,0
175224,Coleman Cauley,LB,2,0,,1,1,50,NAVY,7,D58,60,57,0,11,1,2028,5,66.4,21,1,71.7,2,1,42,0,0,1,84.7,0,0,0,0,NAVY,5,0,2,0,21,3,9.1,77.8,21,77.4,0,237,65,15,0,0,47.9,12,0,3,58,0,0,5
175237,Job Grant,LB,0,0,,0,0,,NAVY,4,D39,15,15,0,2,1,2028,5,79,0,0,59.2,1,0,14,0,0,0,57,0,0,0,0,NAVY,2,0,1,0,,0,0,57.2,,75.4,0,237,20,0,0,0,0,4,0,0,57.6,0,0,5
175257,Irabonoise Oniha,CB,4,0,,0,3,50,NAVY,2,D03,85,0,0,1,1,2028,0,24.1,8,2,63.4,0,0,68,0,0,0,62.4,84,0,0,0,NAVY,1,0,0,0,5,1,60,63.7,4,77.9,0,237,85,13,0,1,56.3,16,0,0,60,0,0,0
175261,Matt Reyes,DI,0,0,,0,0,,NAVY,0,D97,0,0,0,1,1,2028,1,,0,0,,0,0,0,0,0,0,,0,0,0,0,NAVY,0,0,0,0,,0,,60,,64.7,0,237,1,0,1,0,0,0,0,0,60,0,0,0
175264,Giuseppe Sessi,S,5,0,,0,3,80,NAVY,6,D16,85,29,0,0,1,2028,0,47.5,46,4,60.6,0,0,69,0,0,0,53.4,0,0,0,0,NAVY,1,0,0,0,19,14,25,59.4,11.5,78.3,0,237,85,29,0,0,105,16,0,3,,42,0,0
175274,Griffen Willis,DI,0,0,,0,1,,NAVY,0,D95,0,0,0,40,1,2028,52,28.6,0,0,60,1,0,0,8,0,0,55.3,0,0,0,0,NAVY,0,0,1,0,,0,50,56.2,,76.1,0,237,52,0,41,0,0,12,0,1,60.7,0,0,3
175288,Brandon Miyazono,LB,1,0,,0,1,100,SMU,3,D29,31,30,0,3,1,2028,1,42.5,12,1,37.3,0,0,14,0,0,0,70.3,0,0,0,0,SMU,1,0,0,0,12,1,25,49.2,12,73.2,0,287,32,4,0,0,116.7,15,0,0,56.6,0,0,1
175289,Adam Moore Jr.,TE,0,0,,0,0,,SMU,0,05,1,0,0,0,1,2028,0,,0,0,,0,0,0,0,0,0,60,0,0,0,0,SMU,0,0,0,0,,0,,60,,60,0,287,1,0,0,0,0,1,0,0,,0,0,0
175290,Abdul Muhammad,S,0,0,,0,0,,SMU,0,D27,1,0,0,0,1,2028,0,,0,0,,0,0,0,0,0,0,60,0,0,0,0,SMU,0,0,0,0,,0,,60,,60,0,287,1,0,0,0,0,1,0,0,,0,0,0
175309,Tawfiq Byard,S,4,0,,0,3,50,COLORADO,8,D07,68,43,0,1,1,2028,8,57.5,11,2,65.9,0,0,28,0,0,0,52.3,0,0,0,1,COLORADO,6,0,0,0,8,8,21.4,61.2,5.5,77.3,0,143,76,3,0,1,56.3,47,0,3,75.1,17,0,8
175331,Kahlil Ali,S,0,0,,0,1,,DELAWARE,1,D14,33,20,0,1,1,2028,3,54.5,0,0,75.5,0,0,26,0,0,0,54.5,0,0,0,0,DELAWARE,0,0,0,0,,10,20,70.5,,75.4,0,151,36,0,0,1,0,9,0,3,58.9,3,0,3
175345,Max Tucker,CB,1,0,,0,0,0,BOSTON COL,0,D03,15,2,0,0,1,2028,1,,0,0,63.8,0,0,5,0,0,0,61.2,13,0,0,0,BOSTON COL,0,0,0,0,,0,,64.9,,72.4,0,121,16,0,0,0,39.6,11,0,0,,0,0,1
175365,Will Kiker,CB,0,0,,0,0,,GA TECH,0,D39,11,0,0,0,1,2028,0,74.8,0,0,64.4,0,0,9,0,0,0,62.2,0,0,0,0,GA TECH,0,0,0,0,,11,0,66.1,,74.2,0,176,11,0,0,0,0,2,0,1,,0,0,0
175372,Popo Aguirre,LB,2,0,,0,0,50,MIAMI FL,2,D10,16,16,0,1,1,2028,0,76,6,1,63.6,0,0,7,0,0,0,76,0,0,0,0,MIAMI FL,1,0,0,0,6,0,0,74.2,6,72,0,220,16,1,0,0,56.3,8,0,0,59.2,0,0,0
175373,Damari Brown,CB,1,0,,0,0,0,MIAMI FL,0,D02,25,5,0,0,1,2028,0,,0,0,69.6,0,0,14,0,0,0,65.7,20,0,0,0,MIAMI FL,0,0,0,0,,0,,71.6,,72.6,0,220,25,0,0,0,39.6,11,0,0,,0,0,0
175375,Demetrius Freeney Jr.,CB,0,0,,1,0,,BOISE ST,1,D14,2,0,0,0,1,2027,0,73.5,0,0,91.1,0,0,1,0,0,0,60,2,0,0,0,BOISE ST,1,0,0,0,,0,0,94.8,,66,0,120,2,0,0,0,0,1,0,0,,0,0,0
175386,Robert Stafford III,CB,1,0,,0,0,100,UCLA,1,D03,16,1,0,0,1,2029,0,76.2,62,1,31.5,0,0,5,0,0,0,76.4,15,0,0,0,UCLA,1,0,0,0,62,0,0,44.7,62,72.3,0,324,16,25,0,0,158.3,11,0,0,,0,1,0
175392,Kaleb Cost,CB,6,0,,0,0,33.3,N CAROLINA,2,D21,50,12,0,0,1,2028,0,78.3,7,2,65,0,0,33,0,0,0,65.3,3,0,0,0,N CAROLINA,2,0,0,0,5,35,0,66,3.5,76.8,0,245,50,11,0,1,42.4,17,0,0,,0,0,0
175403,Tre Miller,CB,0,0,,0,0,,N CAROLINA,0,D15,15,0,0,0,1,2028,0,,0,0,64.3,0,0,11,0,0,0,60.5,0,0,0,0,N CAROLINA,0,0,0,0,,13,,64.7,,74.3,0,245,15,0,0,0,0,4,0,0,,2,0,0
175407,Jordan Bass,S,0,0,,0,2,,VA TECH,0,D06,38,13,0,3,1,2028,1,32.2,0,0,60.1,0,0,23,0,0,0,70.4,0,2,0,0,VA TECH,0,0,2,0,,9,66.7,65,,76.1,0,337,39,0,0,0,0,13,0,1,65.4,16,0,1
175409,Cruce Brookins,S,1,0,,0,0,100,PITTSBURGH,1,D12,24,6,0,0,1,2028,0,77.7,25,1,50.5,0,0,18,0,0,0,62.9,0,0,0,0,PITTSBURGH,0,0,0,0,25,0,0,54,25,73,0,268,24,3,0,0,158.3,6,0,1,,18,1,0
175415,Maverick Gracio,ED,0,0,,0,0,,PITTSBURGH,0,D39,0,0,0,4,1,2028,7,71.5,0,0,,0,0,0,0,0,0,54,0,0,1,0,PITTSBURGH,0,0,0,0,,0,,32.7,,0,0,268,7,0,0,0,0,3,0,0,56,0,0,7
175416,Shadarian Harrison,CB,1,0,,0,0,100,PITTSBURGH,2,D21,28,2,0,0,1,2028,0,76.2,9,1,62.9,0,0,20,0,0,0,47.2,26,0,0,0,PITTSBURGH,0,0,0,0,9,0,0,59.1,9,74.2,0,268,28,4,0,0,104.2,8,0,0,,0,0,0
175427,Anthony Britton,DI,0,0,,0,1,,VIRGINIA,0,D55,0,0,1,12,1,2028,19,43.3,0,0,61.8,1,0,0,0,1,0,47.5,0,1,1,0,VIRGINIA,1,0,3,0,,0,33.3,56.6,,0,0,335,19,0,18,0,0,7,0,2,72.4,0,0,0
175431,Landon Danley,LB,0,0,,0,0,,VIRGINIA,0,D32,12,11,0,0,1,2028,1,,0,0,63.2,0,0,11,0,0,0,60,1,0,0,0,VIRGINIA,0,0,0,0,,0,,64.2,,69.4,0,335,13,0,0,0,0,2,0,0,,0,0,1
175434,Jason Hammond,DI,0,0,,0,2,,VIRGINIA,5,D91,0,0,0,22,1,2028,39,36.9,0,0,,2,0,0,1,1,0,68.1,0,1,0,0,VIRGINIA,3,0,3,0,,0,28.6,62,,75.5,0,335,39,0,37,0,0,17,0,0,52.5,0,0,0
175435,Caleb Hardy,LB,0,0,,0,0,,VIRGINIA,0,D26,1,1,0,0,1,2028,0,,0,0,60,0,0,1,0,0,0,,0,0,0,0,VIRGINIA,0,0,0,0,,0,,60.6,,61.7,0,335,1,0,0,0,0,0,0,0,,0,0,0
175441,Kam Robinson,LB,4,0,,0,0,100,VIRGINIA,10,D05,63,40,1,2,1,2028,3,87.4,39,4,55.9,0,0,33,0,0,0,59.5,5,0,0,0,VIRGINIA,6,0,1,0,15,18,0,58.7,9.8,75.6,0,335,66,21,0,0,107.3,31,0,3,69.8,0,0,3
175468,Eddie Pleasant III,CB,0,0,,0,0,,BUFFALO,0,D21,1,0,0,0,1,2028,0,,0,0,,0,0,0,0,0,0,60,0,0,0,0,BUFFALO,0,0,0,0,,0,,60,,60,0,126,1,0,0,0,0,1,0,0,,0,0,0
175471,Jalen Thompson,ED,1,0,,0,0,100,MICH STATE,6,D09,0,0,0,13,1,2028,46,78.3,1,1,60,2,0,1,1,0,0,75.3,0,0,0,0,MICH STATE,5,0,2,0,1,0,0,74.3,1,77.8,0,223,46,3,1,0,79.2,32,0,1,62.7,0,0,44
175477,Jacob Bower,LB,1,0,,0,0,100,NEBRASKA,0,D54,5,5,0,0,1,2029,0,,3,1,61.6,0,0,5,0,0,0,,0,0,0,0,NEBRASKA,0,0,0,0,3,0,,62.8,3,68.9,0,238,5,7,0,0,79.2,0,0,0,,0,0,0
175501,Djibril Rahman,ED,0,0,,0,0,,RUTGERS,1,D91,0,0,0,4,1,2029,11,71.1,0,0,,2,0,0,3,0,0,81.7,0,0,0,0,RUTGERS,1,0,2,0,,0,0,82.5,,72.4,0,278,11,0,0,0,0,7,0,0,58.5,0,0,8
175532,Justin Taylor,S,3,0,,0,0,33.3,WYOMING,2,D04,30,6,0,0,1,2028,0,78.7,19,1,49.3,0,0,22,0,0,0,65.4,0,0,0,0,WYOMING,0,0,0,0,19,13,0,52.7,19,75.6,0,351,30,0,0,0,56.3,8,0,0,,11,0,0
175536,Nolan Vils,DI,0,0,,0,0,,WISCONSIN,0,D85,0,0,0,2,1,2028,3,,0,0,,0,0,0,0,0,0,60,0,0,0,0,WISCONSIN,0,0,0,0,,0,,60.6,,67.5,0,349,3,0,3,0,0,1,0,0,59.5,0,0,0
175545,Mister Clark,CB,6,0,,0,2,83.3,FIU,5,D27,60,20,0,0,1,2029,0,38.4,50,5,64.1,0,0,18,0,0,0,53.4,0,0,0,0,FIU,2,0,0,0,23,40,28.6,59.9,10,75.6,0,166,60,25,0,0,101.4,42,1,0,,0,0,0
175552,Victor Evans III,CB,0,0,,0,0,,FIU,1,D04,41,6,0,1,1,2028,0,73.1,0,0,64.7,0,0,8,0,0,0,52.5,34,0,0,0,FIU,1,0,0,0,,0,0,62.4,,74.3,0,166,41,0,0,0,0,32,0,0,61.9,1,0,0
175665,Josiah Charles,CB,5,0,,0,0,80,NEW MEX ST,5,D01,55,6,0,1,1,2028,0,80.3,29,4,70.3,0,0,33,0,0,0,65.9,49,0,0,0,NEW MEX ST,1,0,0,0,10,0,0,70.3,7.3,76.1,0,242,55,6,0,1,90.8,21,0,0,59.1,0,0,0
175667,Quincy Davis,LB,1,0,,0,0,0,NEW MEX ST,1,D13,27,21,0,4,1,2028,1,73.2,0,0,64.1,0,0,14,0,0,0,53,1,0,0,0,NEW MEX ST,1,0,0,0,,5,0,58.7,,73.3,0,242,28,0,0,0,39.6,10,0,0,55.3,0,0,1
175681,Naeten Mitchell,S,3,0,,0,1,66.7,NEW MEX ST,5,D04,78,23,0,1,1,2028,0,64.6,15,2,76.7,0,2,49,0,0,0,64.1,0,0,0,0,NEW MEX ST,0,0,0,0,8,11,14.3,75,7.5,78.6,0,242,78,1,0,0,78.5,28,0,1,60,44,1,0
175720,Michael Coats Jr.,CB,3,0,2026,0,0,66.7,W VIRGINIA,3,D03,37,5,0,1,1,2026,1,80.1,17,2,66.8,0,0,25,0,0,0,67.3,31,0,1,0,W VIRGINIA,3,1,0,0,11,1,0,68.2,8.5,74.9,0,343,38,6,0,1,81.3,12,0,1,59.8,0,0,1
175729,Bishop Turner,S,0,0,,0,0,,NEVADA,0,D15,17,5,0,0,1,2028,2,77.4,0,0,62.6,0,1,11,0,0,0,66.5,0,0,0,0,NEVADA,0,0,0,0,,1,0,66.5,,72.9,0,239,19,0,0,0,0,8,0,2,,11,0,2
175760,Brady Nassar,ED,0,0,,0,0,,S DIEGO ST,0,D33,0,0,0,10,1,2028,22,,0,0,,3,0,0,0,0,0,67.1,0,0,0,0,S DIEGO ST,0,0,3,0,,0,,70.9,,76,0,284,22,0,1,0,0,12,0,0,66.9,0,0,21
175843,RJ Moss Jr.,DI,0,0,,0,0,,S ALABAMA,0,D18,0,0,0,12,1,2028,21,69.7,0,0,,0,0,0,2,0,0,46.6,0,0,1,0,S ALABAMA,0,0,0,0,,0,,42.7,,0,0,288,21,0,19,0,0,9,0,0,62.9,0,0,0
175863,Bray Hubbard,S,4,0,,0,1,75,ALABAMA,6,D18,67,33,0,2,1,2028,3,75.8,23,3,84.1,1,0,40,0,0,0,66,0,0,0,0,ALABAMA,1,0,1,0,8,19,9.1,77.8,7.7,76,0,103,70,19,0,2,88.5,28,0,4,47.6,15,0,3
175865,Keon Keeley,ED,0,0,,0,0,,ALABAMA,0,D31,0,0,1,7,1,2028,7,71.5,0,0,,1,0,0,0,0,0,,0,0,0,0,ALABAMA,1,0,2,0,,0,,62.3,,71.6,0,103,7,0,1,0,0,0,0,0,61.7,0,0,6
175869,Yhonzae Pierre,ED,3,0,,0,3,100,ALABAMA,6,D42,10,9,0,21,1,2028,51,36.1,18,3,55,7,0,15,0,0,0,68.3,0,0,1,0,ALABAMA,5,0,7,0,12,1,33.3,62.9,6,0,0,103,61,22,0,0,91.7,25,1,0,68.6,0,0,51
175881,Bobby Jamison-Travis,DI,0,0,2026,0,1,,AUBURN,1,D97,0,0,0,16,1,2026,30,27.8,0,0,60,2,0,0,3,15,0,73.6,0,0,0,0,AUBURN,1,0,2,0,,0,50,69.8,,75.6,0,115,30,0,10,0,0,14,1,0,65.2,0,0,2
175896,Kelley Jones,CB,3,0,,0,1,0,MISS STATE,3,D01,79,9,0,2,1,2028,1,47,0,0,71.4,0,1,54,0,0,0,67,63,0,2,0,MISS STATE,0,0,0,0,,7,25,71.5,,77.8,0,227,80,0,0,2,0,24,0,0,57.9,0,0,1
175930,Vicari Swain,CB,8,0,,1,1,37.5,S CAROLINA,2,D04,44,1,1,1,1,2028,0,46.9,11,3,68.8,0,0,34,0,0,0,54.1,43,0,0,0,S CAROLINA,3,0,1,0,6,0,33.3,72.8,3.7,76,0,289,44,5,0,1,45.8,9,0,0,92.4,0,0,0
175932,Dalton Brooks,S,0,0,,0,0,,TEXAS A&M,5,D25,52,26,0,3,1,2028,2,83.3,0,0,70.5,0,0,36,0,0,0,55,0,0,0,0,TEXAS A&M,1,0,0,0,,4,0,66.3,,78,0,312,54,0,0,0,0,15,0,1,55.1,22,0,2
175935,DJ Hicks,DI,0,0,,0,1,,TEXAS A&M,3,D05,0,0,1,21,1,2028,30,32.8,0,0,,1,0,0,2,1,0,69.8,0,0,0,0,TEXAS A&M,3,0,2,0,,0,25,75.8,,74.5,0,312,30,0,27,0,0,9,1,0,71.4,0,0,0
175937,Rylan Kennedy,ED,0,0,,0,0,,TEXAS A&M,0,D15,4,2,1,8,1,2028,9,72.2,0,0,61.6,2,0,3,0,0,0,60,0,0,0,0,TEXAS A&M,1,0,3,0,,2,,79.8,,75.9,0,312,13,0,0,0,0,2,0,0,81.1,0,0,9
175948,Cliff Mosley,DI,0,0,,0,0,,LA MONROE,0,D45,0,0,0,16,1,2027,31,,0,0,,1,0,0,23,0,0,53.4,0,0,1,1,LA MONROE,0,0,1,0,,0,,50.4,,0,0,209,31,0,8,0,0,15,0,0,62.8,0,0,0
175960,Jeremiah Warren,DI,0,0,,0,0,,ILLINOIS,1,D08,0,0,0,3,1,2028,4,70.8,0,0,61,0,0,0,3,0,0,60,0,0,0,0,ILLINOIS,1,0,0,0,,0,0,73.5,,67.8,0,187,4,0,1,0,0,1,0,0,57.7,0,0,0
175961,Pat Farrell,DI,0,0,,0,1,,ILLINOIS,1,D52,0,0,0,14,1,2028,29,28.6,0,0,,0,0,0,16,0,0,60.7,0,0,0,1,ILLINOIS,0,0,0,0,,0,50,62.3,,73.5,0,187,29,0,13,0,0,15,0,0,62.1,0,0,0
175962,Mac Resetich,S,0,0,,0,1,,ILLINOIS,2,D00,9,4,0,0,1,2028,0,50.4,0,0,65.5,1,0,7,0,0,0,60,0,0,0,0,ILLINOIS,0,0,1,0,,1,33.3,60.1,,70.6,0,187,9,0,0,0,0,2,0,0,48.5,4,0,0
175969,Juice Clarke,CB,4,0,,0,4,75,ILLINOIS,2,D06,69,6,0,0,1,2028,0,23.8,21,3,56.7,0,0,39,0,0,0,33,57,0,1,0,ILLINOIS,2,0,0,0,11,6,57.1,48.5,7,0,0,187,69,7,0,0,86.5,30,0,1,,0,0,0
175970,Saboor Karriem,S,0,0,,0,0,,ILLINOIS,0,D02,3,1,0,0,1,2028,0,,0,0,60,0,0,1,0,0,0,60,0,0,0,0,ILLINOIS,0,0,0,0,,0,,60,,68.5,0,187,3,0,0,0,0,2,0,0,,2,0,0
175973,Alex Bray,ED,0,0,,0,0,,KANSAS,1,D91,0,0,0,6,1,2028,26,75.2,0,0,60.3,0,0,2,3,0,0,65.1,0,0,0,0,KANSAS,0,0,0,0,,0,0,64,,76.8,0,198,26,0,1,0,0,18,0,0,57.1,0,0,22
175989,Anthony Chung,S,0,0,,0,1,,INDIANA,0,D31,8,5,0,2,1,2028,0,21.8,0,0,60.1,0,0,2,0,0,0,54.2,0,0,0,0,INDIANA,0,0,0,0,,1,100,48.7,,69.1,0,190,8,0,0,0,0,4,0,0,59.7,2,0,0
175991,Jordan Shaw,CB,2,0,,0,0,100,TEXAS A&M,1,D08,18,1,0,0,1,2028,0,74.8,15,2,64,0,0,13,0,0,0,60,1,0,0,0,TEXAS A&M,1,0,0,0,12,16,0,64.5,7.5,74.3,0,312,18,2,0,0,137.5,5,0,0,,0,1,0
176012,Blake Fann,LB,0,0,,0,0,,N TEXAS,0,D53,1,0,0,0,1,2028,0,,0,0,,0,0,0,0,0,0,60,0,0,0,0,N TEXAS,0,0,0,0,,0,,60,,60,0,251,1,0,0,0,0,1,0,0,,0,0,0
176038,Berry Buxton III,S,0,0,,0,0,,SYRACUSE,1,D29,10,9,0,2,1,2026,2,74.8,0,0,62.3,0,0,6,0,0,0,60.9,1,0,0,0,SYRACUSE,0,0,0,0,,0,0,61.4,,73,0,304,12,0,0,0,0,4,0,0,56.8,0,0,2
176040,Zyian Moultrie-Goddard,LB,0,0,,0,2,,SYRACUSE,3,D22,28,26,0,3,1,2028,2,29.1,0,0,64.9,1,0,10,0,0,0,50.9,0,0,0,0,SYRACUSE,1,0,1,0,,2,33.3,55.4,,74.3,0,304,30,0,0,0,0,17,0,1,55.5,0,0,2
176052,Chris Marable Jr.,DI,0,0,,0,1,,BOSTON COL,2,D52,0,0,0,24,1,2028,47,34.4,0,0,,0,0,0,8,5,0,60.6,0,0,0,2,BOSTON COL,2,0,0,0,,0,33.3,62.5,,76.4,0,121,47,0,34,0,0,23,0,0,62.4,0,0,0
176059,Tyler Walton,ED,0,0,,0,0,,WAKE,2,D42,0,0,0,8,1,2028,16,75.8,0,0,60,0,0,0,6,0,0,53.1,0,1,0,0,WAKE,1,0,1,0,,0,0,56.1,,73.8,0,339,16,0,1,0,0,8,0,1,60.8,0,0,9
176060,Aiden Hall,LB,5,0,,0,0,60,WAKE,5,D21,51,40,0,7,1,2028,0,81.6,22,3,65.1,1,0,27,0,0,1,76.4,0,0,0,0,WAKE,4,0,1,0,11,11,0,74.5,7.3,75.4,0,339,51,25,0,0,70.4,17,1,1,70.2,0,0,0
176061,Davaughn Patterson,S,9,0,,1,1,55.6,WAKE,5,D05,64,15,0,5,1,2028,0,61.3,17,5,91.2,0,0,35,0,0,0,69.5,0,0,0,1,WAKE,3,0,0,0,6,48,14.3,90.9,3.4,78,0,339,64,36,0,2,60.9,24,0,1,67.6,1,0,0
176063,Travon West,CB,0,0,,0,0,,WAKE,1,D27,22,2,0,0,1,2028,0,74.2,0,0,66.2,0,0,10,0,0,0,61.9,20,0,0,0,WAKE,1,0,0,0,,0,0,66.9,,72.6,0,339,22,0,0,0,0,12,0,0,,0,0,0
176064,Antonio Robinson,CB,0,0,,0,0,,FAU,0,D19,3,2,0,0,1,2028,0,,0,0,,0,0,0,0,0,0,60,1,0,0,0,FAU,0,0,0,0,,0,,60,,64.5,0,165,3,0,0,0,0,3,0,0,,0,0,0
176088,Darin Conley,DI,0,0,,0,0,,BALL ST,1,D33,0,0,0,10,1,2028,43,71.9,0,0,,1,0,0,3,0,0,65.7,0,0,0,0,BALL ST,0,0,1,0,,0,0,69.1,,75.5,0,117,43,0,40,0,0,33,0,1,70.1,0,0,0
176099,Derek Fields,S,0,0,,0,3,,BALL ST,3,D15,48,30,0,0,1,2028,0,43.9,0,0,50.8,0,0,8,0,0,0,58.2,0,0,0,0,BALL ST,0,0,0,0,,18,30,54.7,,75.8,0,117,48,0,0,0,0,40,0,4,,0,0,0
176106,Mohammed Hazime,ED,0,0,,0,0,,KENT STATE,1,D88,0,0,0,2,1,2027,13,71.1,0,0,,0,0,0,0,0,0,41.4,0,0,0,0,KENT STATE,0,0,0,0,,0,0,40.1,,73.1,0,201,13,0,0,0,0,11,0,0,59.7,0,0,13
176113,Khari Johnson,LB,1,0,,0,0,100,C MICHIGAN,0,D53,3,3,0,0,1,2028,0,,15,1,44.2,0,0,3,0,0,0,,0,0,0,0,C MICHIGAN,0,0,0,0,15,0,,27.8,15,67.2,0,134,3,11,0,0,118.8,0,0,0,,0,0,0
176143,Kamari Burns,DI,0,0,,0,0,,CINCINNATI,0,D40,0,0,0,1,1,2028,5,,0,0,,0,0,0,0,5,0,61.2,0,0,0,0,CINCINNATI,0,0,0,0,,0,,62.2,,71.6,0,138,5,0,0,0,0,4,0,0,60,0,0,0
176171,Tausili Akana,ED,0,0,,0,0,,BYU,0,D13,0,0,0,9,1,2028,14,,0,0,61.4,0,0,3,0,0,0,60,0,1,0,0,BYU,0,0,1,0,,0,,56.6,,75.6,0,128,14,0,1,0,0,2,0,0,53.7,0,0,13
176180,Jelani McDonald,S,2,0,,0,0,50,TEXAS,6,D04,83,20,0,0,1,2028,1,87.8,1,1,55.3,1,0,49,0,0,0,84.2,0,0,1,0,TEXAS,1,0,1,0,1,14,0,63.9,1,0,0,311,84,0,0,0,95.8,35,0,5,60,49,1,1
176184,Warren Roberson,CB,2,0,,0,1,100,TEXAS,1,D24,8,0,0,0,1,2028,0,27.9,13,2,56.1,0,0,5,0,0,0,60,8,0,0,0,TEXAS,0,0,0,0,8,0,50,56.2,6.5,70.3,0,311,8,18,0,0,93.8,3,0,0,,0,0,0
176188,Billy Walton III,ED,0,0,,0,0,,SMU,0,D32,0,0,0,1,1,2029,6,,0,0,,0,0,0,0,0,0,61.4,0,1,0,0,SMU,0,0,1,0,,0,,69.2,,71.7,0,287,6,0,0,0,0,5,0,0,60,0,0,6
176189,Derek Williams Jr.,S,0,0,,0,1,,TEXAS,3,D02,29,8,0,0,1,2028,0,48,0,0,66.3,0,0,14,0,0,0,41.4,0,0,0,0,TEXAS,1,0,0,0,,12,25,56.9,,75.2,0,311,29,0,0,0,0,15,0,0,,9,0,0
176214,Franklyn Johnson Jr.,CB,1,0,,0,0,100,BOISE ST,0,D16,3,0,0,0,1,2028,0,,12,1,51.7,0,0,2,0,0,0,60,3,0,0,0,BOISE ST,0,0,0,0,12,0,,47.6,12,67.3,0,120,3,0,0,0,116.7,1,0,0,,0,0,0
176215,Semaj Bridgeman,LB,0,0,,0,0,,MICH STATE,0,D17,1,0,0,0,1,2028,3,,0,0,,0,0,0,0,0,0,60.2,0,0,0,0,MICH STATE,0,0,0,0,,1,,60.7,,71.3,0,223,4,0,0,0,0,4,0,0,,0,0,3
176217,Breeon Ishmail,ED,0,0,,0,1,,PURDUE,2,D58,0,0,0,22,1,2029,56,61.7,0,0,61.3,0,0,2,7,0,0,63.3,0,0,0,0,PURDUE,1,0,0,0,,0,14.3,61.6,,79,0,273,56,0,1,0,0,32,0,4,56,0,0,48
176221,Ty Benefield,S,1,0,,0,2,0,BOISE ST,6,D00,49,17,0,2,1,2028,1,53,0,0,70.4,1,0,30,0,0,0,53.2,0,0,0,0,BOISE ST,2,0,1,0,,20,25,63.8,,76.4,0,120,50,0,0,1,39.6,18,1,0,47.3,11,0,1
176225,Kam Cheatom,ED,0,0,,0,0,,AKRON,0,D22,0,0,0,9,1,2029,9,,0,0,,0,0,0,0,0,0,,0,0,0,1,AKRON,0,0,0,0,,0,,61.2,,73.6,0,102,9,0,0,0,0,0,0,0,60.6,0,0,9
176229,Nick Hawthorne,LB,2,0,,0,0,100,UMASS,3,D22,18,14,0,0,1,2029,5,79.6,23,2,46.9,0,0,7,0,0,0,75.7,0,0,0,0,UMASS,3,0,0,0,17,4,0,65.1,11.5,71.7,0,216,23,14,0,0,114.6,16,0,1,,0,0,5
176242,Rashad Henry,LB,0,0,,0,1,,UMASS,1,D19,25,24,0,0,1,2028,0,26.9,0,0,62.9,0,0,7,0,0,0,60.8,0,0,0,0,UMASS,0,0,0,0,,1,50,62.8,,72.5,0,216,25,0,0,0,0,18,0,0,,0,0,0
176244,Gage Summers,LB,3,0,,0,1,100,AKRON,2,D23,62,56,1,9,1,2026,5,54.6,22,3,69.7,0,2,35,0,0,0,69,0,1,0,0,AKRON,2,0,2,0,8,5,20,74.9,7.3,78.4,0,102,67,11,0,0,57.6,23,0,2,72.3,0,0,5
176258,Micah Davis,S,2,0,,0,0,50,W MICHIGAN,5,D18,62,32,0,1,1,2028,0,82.9,10,1,64.9,0,0,33,0,0,0,73.2,0,0,0,0,W MICHIGAN,3,0,0,0,10,9,0,68.3,10,75.9,0,347,62,5,0,0,64.6,28,0,1,57.9,21,0,0
176265,Boen Phelps,LB,3,0,,0,1,66.7,BOISE ST,5,D41,44,43,0,7,1,2028,4,66.5,1,2,67.1,4,0,22,0,0,1,58.3,0,0,0,0,BOISE ST,3,0,4,0,1,0,14.3,65,0.5,75.2,0,120,48,-1,0,0,70.1,19,0,1,62,0,0,4
176271,Melvin Spriggs,LB,2,0,,0,0,50,AKRON,7,D42,65,56,2,10,1,2028,2,84.2,0,1,63.1,0,0,34,0,0,0,87,0,2,0,0,AKRON,6,0,4,0,0,8,0,78.8,0,76.8,0,102,67,5,0,0,56.3,23,1,2,72.7,0,0,2
176272,Austin Wondolowski,S,0,0,,0,0,,AKRON,0,D43,0,0,0,0,1,2028,1,,0,0,60,0,0,1,0,0,0,,0,0,0,0,AKRON,0,0,0,0,,0,,61.5,,66,0,102,1,0,0,0,0,0,0,0,,0,0,1
176277,Brandyn Hillman,S,1,0,,1,2,0,MICHIGAN,4,D06,63,21,0,0,1,2028,1,56.2,0,0,74.3,0,0,34,0,0,0,74.8,0,0,0,0,MICHIGAN,2,0,0,0,,4,22.2,76.6,,78.6,0,222,64,0,0,1,39.6,30,0,3,,38,0,1
176287,Marcus Moore,DI,0,0,,0,0,,PURDUE,0,D52,0,0,0,10,1,2028,18,,0,0,,1,0,0,0,5,0,56.7,0,0,0,0,PURDUE,0,0,1,0,,0,,59.2,,74.5,0,273,18,0,13,0,0,8,0,0,62.3,0,0,0
176306,Cam Brandt,ED,0,0,,0,0,,MICHIGAN,1,D09,1,1,0,18,1,2028,31,76.4,0,0,60,0,0,0,3,0,0,50.5,0,0,0,0,MICHIGAN,0,0,0,0,,0,0,52.1,,77.3,0,222,32,0,5,0,0,14,0,3,55.7,0,0,23
176315,Trey Pierce,DI,0,0,,0,0,,MICHIGAN,2,D95,0,0,0,20,1,2028,32,72.4,0,0,,0,0,0,4,3,0,71.6,0,0,0,0,MICHIGAN,1,0,0,0,,0,0,65.3,,75.2,0,222,32,0,23,0,0,12,0,0,54.3,0,0,2
176318,Enow Etta,DI,0,0,,0,0,,MICHIGAN,2,D17,0,0,0,18,1,2028,31,74.2,0,0,,2,0,0,3,0,0,70.6,0,0,0,0,MICHIGAN,2,0,2,0,,0,0,69.7,,74.9,0,222,31,0,27,0,0,13,0,1,61.9,0,0,1
176319,Jon'Trell Mixon,DI,0,0,,1,0,,AKRON,0,D97,0,0,1,4,1,2028,6,70.2,0,0,,0,0,0,1,0,0,60.1,0,0,0,0,AKRON,1,0,1,0,,0,,69.2,,69.7,0,102,6,0,5,0,0,2,0,0,68.7,0,0,0
176325,Michael Madrie,DI,0,0,,0,0,,BOISE ST,0,D99,0,0,0,9,1,2028,16,73.2,0,0,59.5,0,0,1,3,0,0,68.9,0,0,0,0,BOISE ST,0,0,0,0,,0,0,62.9,,72.8,0,120,16,0,12,0,0,6,0,2,57.2,0,0,1
176329,Troy Bowles,LB,2,0,,0,0,100,MICHIGAN,1,D18,22,18,0,0,1,2028,3,78.1,30,2,48.9,0,0,17,0,0,0,62.7,0,0,0,0,MICHIGAN,0,0,0,0,21,4,0,51.4,15,72.6,0,222,25,8,0,0,158.3,8,0,2,,0,1,3
176342,Mason Clinton,DI,0,0,,0,0,,SO MISS,0,D95,0,0,0,10,1,2028,18,,0,0,,1,0,0,0,5,0,48.7,0,0,0,0,SO MISS,0,0,1,0,,0,,53.3,,73.4,0,296,18,0,13,0,0,8,0,0,64.5,0,0,0
176346,Chase Edwards,DI,0,0,,0,0,,LA LAFAYET,0,D41,0,0,0,6,1,2028,12,66.5,0,0,,0,0,0,2,2,0,56.4,0,0,0,0,LA LAFAYET,0,0,0,0,,0,0,54.7,,72.9,0,207,12,0,8,0,0,6,0,1,56.9,0,0,0
176350,Kody Jackson,S,0,0,,0,1,,LA LAFAYET,0,D08,19,8,0,4,1,2028,2,22.3,0,0,63.1,0,0,6,0,0,0,48.9,0,0,0,0,LA LAFAYET,0,0,0,0,,2,100,54.2,,73.7,0,207,21,0,0,0,0,11,0,0,57.5,9,0,2
176366,Lance Williams,ED,0,0,,0,0,,LA LAFAYET,0,D97,0,0,0,1,1,2028,2,,0,0,,0,0,0,0,0,0,60,0,0,0,0,LA LAFAYET,0,0,0,0,,0,,67.8,,67.8,0,207,2,0,0,0,0,1,0,0,64.5,0,0,2
176372,Ahmere Foster,S,2,0,,0,1,50,SO MISS,1,D41,48,14,0,0,1,2028,0,36.8,14,1,66.2,0,0,20,0,0,0,60.8,0,0,0,0,SO MISS,0,0,0,0,14,7,25,64.9,14,75.7,0,296,48,0,0,1,72.9,28,0,2,,27,0,0
176373,Ian Foster,S,2,0,,0,1,50,SO MISS,1,D03,46,13,0,1,1,2028,12,26.5,5,1,57.8,2,0,25,0,0,0,53,1,0,0,0,SO MISS,1,0,2,0,5,26,50,55.5,5,79.3,0,296,58,0,0,1,56.3,32,0,0,59.4,6,0,12
176375,Mathis Haygood,LB,2,0,,0,0,50,SO MISS,4,D13,23,23,0,2,1,2028,1,78.6,7,1,60.5,0,0,7,0,0,0,67.4,0,0,1,0,SO MISS,2,0,0,0,7,0,0,57.5,7,0,0,296,24,0,0,0,58.3,15,1,0,56.8,0,0,1
176394,Isaiah Chisom,LB,0,0,,0,0,,UCLA,6,D32,54,52,0,6,1,2028,0,84.1,0,0,64.7,1,0,13,0,0,0,69.8,0,0,0,0,UCLA,5,0,1,0,,2,0,69.4,,74.1,0,324,54,0,0,0,0,35,0,5,56.4,0,0,0
176403,Andre Jordan Jr.,CB,6,0,,0,1,33.3,UCLA,1,D02,70,4,0,0,1,2028,0,27.9,25,2,74.3,0,0,35,0,0,0,50,65,0,1,0,UCLA,0,0,0,0,13,1,50,70.8,12.5,76.9,0,324,70,18,0,2,47.2,35,0,0,,0,0,0
176448,Austin Ramsey,DI,0,0,,0,0,,KENTUCKY,0,D76,0,0,0,2,1,2028,7,,0,0,,0,0,0,0,4,0,61,0,0,0,0,KENTUCKY,0,0,0,0,,0,,60.6,,71.8,0,202,7,0,3,0,0,5,0,0,58.7,0,0,0
176469,T.J. Capers,LB,1,0,,0,0,100,LOUISVILLE,2,D11,12,12,0,1,1,2028,0,77.4,6,1,80.5,0,0,3,0,0,0,48.9,0,0,0,0,LOUISVILLE,0,0,0,0,6,0,0,69.5,6,70.4,0,210,12,10,0,1,91.7,8,0,1,58.7,0,0,0
176471,Titan Saxton,S,0,0,,0,0,,UTAH ST,1,D23,2,1,0,0,1,2029,0,75.1,0,0,,0,0,0,0,0,0,63.2,0,0,0,0,UTAH ST,0,0,0,0,,1,0,64.1,,64.2,0,329,2,0,0,0,0,2,0,0,,0,0,0
176473,Noah Flores,CB,4,0,,0,1,75,UTAH ST,2,D21,51,4,0,0,1,2028,4,37.7,26,3,59.1,0,0,20,0,0,0,65.1,46,0,0,0,UTAH ST,0,0,0,0,17,0,33.3,61.1,8.7,78.1,0,329,55,3,0,0,91.7,35,0,0,,0,0,4
176509,Josh Fussell,CB,1,0,,0,0,100,NWESTERN,1,D13,23,2,0,1,1,2028,2,73.5,7,1,66.3,0,0,9,0,0,0,62.8,21,0,0,0,NWESTERN,0,0,0,0,7,0,0,66.2,7,74.8,0,256,25,4,0,0,95.8,15,0,0,59.3,0,0,2
176512,Michael Kilbane,ED,0,0,,0,0,,NWESTERN,5,D47,0,0,0,18,1,2028,41,78.3,0,0,61.2,0,0,0,11,1,0,65.6,0,1,0,0,NWESTERN,3,0,1,0,,0,0,67.6,,76.8,0,256,41,0,5,0,0,23,0,2,57.5,0,0,24
176566,Cade Uluave,LB,0,0,,0,1,,CAL,11,D00,75,70,2,1,1,2028,2,75.3,0,0,72.9,0,0,23,0,0,0,71.7,0,0,1,0,CAL,9,0,2,0,,4,6.3,74.8,,0,0,130,77,0,0,0,0,53,1,4,75.1,1,0,2
176580,Bo LaPenna,LB,0,0,,0,0,,COLORADO,0,D54,2,2,0,1,1,2027,0,,0,0,,0,0,0,0,0,0,60,0,0,0,0,COLORADO,0,0,0,0,,0,,44.4,,66.3,0,143,2,0,0,0,0,1,0,0,60,0,0,0
176586,Daylen Austin,S,1,0,,0,0,0,OREGON,0,D00,5,0,0,0,1,2028,0,,0,0,70.7,0,1,3,0,0,0,60,1,0,0,0,OREGON,0,0,0,0,,3,,72.9,,70.4,0,264,5,0,0,0,0,2,0,0,,1,0,0
176591,Collin Gill,S,3,0,,1,1,100,CHARLOTTE,3,D03,41,7,0,9,1,2028,5,63.1,34,3,78.2,0,0,24,0,0,1,73.2,0,1,0,0,CHARLOTTE,1,0,1,0,20,33,25,80.2,11.3,79.1,0,136,46,22,0,0,113.9,13,0,0,65.8,1,0,5
176593,Terrance Green,DI,0,0,,0,0,,OREGON,0,D99,0,0,0,4,1,2028,12,,0,0,,0,0,0,0,3,0,67,0,0,0,0,OREGON,0,0,0,0,,0,,67,,72.6,0,264,12,0,9,0,0,8,0,0,58.3,0,0,0
176596,Rodrick Pleasant,CB,7,0,,0,3,85.7,UCLA,7,D18,63,5,0,1,1,2029,2,45.6,53,6,54.8,0,0,31,0,0,0,55.5,53,0,2,0,UCLA,2,1,0,0,22,5,27.3,54.3,8.8,77.3,0,324,65,15,0,0,137.8,33,0,1,58.9,0,1,2
176597,Ashton Porter,ED,0,0,,0,0,,OREGON,0,D29,0,0,0,5,1,2028,5,,0,0,,0,0,0,0,0,0,,0,0,0,0,OREGON,0,0,0,0,,0,,56.3,,70.8,0,264,5,0,1,0,0,0,0,0,56.4,0,0,4
176598,Blake Purchase,ED,1,0,,0,0,100,OREGON,0,D09,9,6,0,2,1,2028,13,72.2,9,1,47.7,0,0,8,0,0,0,70.3,0,0,0,0,OREGON,0,0,0,0,9,3,,57.7,9,75.8,0,264,22,10,0,0,104.2,12,0,0,58.9,0,0,13
176603,A'Mauri Washington,DI,0,0,,0,0,,OREGON,4,D52,1,1,0,17,1,2028,39,73.2,0,0,,0,0,0,4,1,0,81.4,0,1,1,1,OREGON,4,0,1,0,,0,0,73.4,,0,0,264,40,0,33,0,0,23,0,0,60.1,0,0,1
176622,Braden Marceau-Olayinka,DI,0,0,,0,0,,STANFORD,0,D75,0,0,0,13,1,2028,28,70.1,0,0,,0,0,0,2,17,0,59.8,0,0,0,0,STANFORD,0,0,0,0,,0,0,58.6,,75.8,0,300,28,0,9,0,0,15,0,1,56.4,0,0,0
176625,Che Ojarikre,CB,4,0,,0,0,75,STANFORD,3,D22,44,4,0,0,1,2027,0,78.8,43,3,61.3,0,0,18,0,0,0,68.8,39,0,0,0,STANFORD,0,0,0,0,22,1,0,64.1,14.3,75.3,0,300,44,20,0,0,109.4,26,0,0,,0,0,0
176629,Omar Staples,DI,0,0,,0,0,,STANFORD,0,D45,0,0,0,5,1,2028,11,,0,0,,0,0,0,3,0,0,47.6,0,0,0,0,STANFORD,0,0,0,0,,0,,45.6,,70.7,0,300,11,0,8,0,0,6,0,0,57.3,0,0,0
176631,Tre Williams,LB,0,0,,0,0,,STANFORD,1,D36,6,6,0,1,1,2028,6,73.6,0,0,60,0,0,1,0,0,0,45.5,0,0,0,0,STANFORD,0,0,0,0,,0,0,45.2,,73.8,0,300,12,0,0,0,0,10,0,0,60,0,0,6
176637,Deijon Laffitte,DI,0,0,,0,1,,FRESNO ST,2,D44,1,1,1,20,1,2029,43,73.6,0,0,,3,0,0,0,0,0,69.1,0,0,0,1,FRESNO ST,3,0,4,0,,0,33.3,73.2,,75.7,0,169,44,0,43,0,0,24,0,0,70.3,0,0,0
176649,CJ Blocker,CB,3,0,,0,0,0,COLO STATE,0,D17,22,2,0,1,1,2028,1,,0,0,90,0,0,10,0,0,0,44.7,19,0,0,0,COLO STATE,0,0,0,0,,1,,80.4,,74.1,0,144,23,0,0,2,39.6,12,0,0,60,0,0,1
176654,Jonah Lea'ea,DI,0,0,,0,0,,UTAH,3,D91,2,2,1,22,1,2028,32,74.8,0,0,,0,0,0,1,6,0,74.4,0,0,0,0,UTAH,2,0,1,0,,0,0,70.1,,75.8,0,328,34,0,25,0,0,12,0,0,58.8,0,0,0
176662,Smith Snowden,CB,6,0,,0,2,50,UTAH,0,D02,44,7,0,0,1,2028,0,25.8,16,3,53.7,0,0,29,0,0,0,62.3,1,0,0,0,UTAH,0,0,0,0,13,31,66.7,55.1,5.3,76.2,0,328,44,13,0,1,56.3,15,0,1,,5,0,0
176678,Michael Hughes,ED,0,0,,0,0,,WASH STATE,0,D90,0,0,0,21,1,2028,29,71.1,0,0,,3,0,0,0,0,0,67.8,0,0,0,0,WASH STATE,0,0,3,0,,0,0,69.5,,76.4,0,341,29,0,0,0,0,8,0,1,64.9,0,0,29
176679,Jack Janikowski,ED,0,0,,1,0,,WASH STATE,0,D93,0,0,1,12,1,2028,17,71.1,0,0,,0,0,0,1,0,0,58.7,0,0,0,0,WASH STATE,1,0,1,0,,0,,88.3,,74.2,0,341,17,0,0,0,0,5,0,0,90.4,0,0,16
176681,Khalil Laufau,DI,0,0,,0,0,,HOUSTON,0,D18,3,3,1,46,1,2028,56,73.1,0,0,60,0,0,0,7,9,0,73.3,0,0,0,0,HOUSTON,0,0,1,0,,0,0,67.8,,77.3,0,182,59,0,40,0,0,13,0,1,59.9,0,0,0
176686,Ethan O'Connor,CB,1,0,,0,0,0,MIAMI FL,1,D24,35,0,0,0,1,2028,0,73.5,0,0,73.3,0,0,19,0,0,0,74.9,35,0,0,0,MIAMI FL,1,0,0,0,,0,0,76.6,,75.6,0,220,35,0,0,1,39.6,16,1,0,,0,0,0
176698,Adrian Wilson,S,0,0,,0,2,,ARIZONA ST,4,D06,69,23,0,1,1,2028,4,46.4,0,0,66.8,1,0,25,0,0,0,51.7,0,0,0,0,ARIZONA ST,1,0,1,0,,6,25,59.8,,78.6,0,110,73,0,0,0,0,47,0,2,59.2,40,0,4
176876,Joshua Pierce,ED,0,0,,0,0,,N TEXAS,0,D97,0,0,0,1,1,2028,4,,0,0,,0,0,0,4,0,0,60.2,0,0,0,0,N TEXAS,0,0,0,0,,0,,60.1,,66.9,0,251,4,0,0,0,0,3,0,0,59.7,0,0,0
177049,Ja'Son Prevard,CB,5,0,,0,0,60,VIRGINIA,3,D10,56,10,0,0,1,2028,1,81.9,37,3,67.2,0,0,33,0,0,0,44.9,0,0,0,0,VIRGINIA,2,0,0,0,23,45,0,62,12.3,77.2,0,335,57,5,0,0,82.9,24,0,2,,1,0,1
177128,Teon Parks,CB,2,0,,0,0,100,COLORADO,0,D03,19,2,0,0,1,2028,1,,33,2,42.4,0,0,8,0,0,0,61.4,16,0,0,0,COLORADO,0,0,0,0,20,1,,44.4,16.5,73.5,0,143,20,0,0,0,158.3,12,0,0,,0,1,1
177141,Avery Powell,S,3,0,,0,2,100,TEMPLE,5,D29,63,25,0,0,1,2028,2,46.6,100,3,32.9,0,0,33,0,0,0,35.3,0,0,1,0,TEMPLE,0,0,0,0,40,20,25,30.6,33.3,78.3,0,306,65,17,0,0,118.8,32,0,1,,18,0,2
177214,Bryce Hawthorne,DI,0,0,,0,1,,IOWA,3,D96,0,0,0,14,1,2028,20,43.3,0,0,,1,0,0,0,1,0,81.4,0,0,0,0,IOWA,3,0,1,0,,0,25,71.6,,73.7,0,192,20,0,19,0,0,6,1,0,53.2,0,0,0
177573,Taylor Burton,DI,0,0,,0,0,,MEMPHIS,0,D90,0,0,0,31,1,2028,49,,0,0,,1,0,0,0,40,0,62.5,0,0,0,0,MEMPHIS,0,0,1,0,,0,,58.5,,78.4,0,218,49,0,8,0,0,18,0,0,54.1,0,0,1
178014,Christian Davis,DI,0,0,,0,0,,LA TECH,2,D97,1,1,0,17,1,2028,31,72.4,0,0,60,0,0,0,0,31,0,70.2,0,0,0,0,LA TECH,2,0,0,0,,0,0,67.3,,77.1,0,208,32,0,0,0,0,15,0,0,57,0,0,0
178639,Robert Edmonson,LB,0,0,,0,0,,COLO STATE,4,D45,19,18,0,4,1,2028,1,79,0,0,61.7,0,0,4,0,0,0,73.8,0,0,0,0,COLO STATE,2,0,0,0,,1,0,70.7,,72.7,0,144,20,0,0,0,0,12,0,0,55.1,0,0,1
178812,Sefa Saipaia Jr.,LB,2,0,,0,0,50,W MICHIGAN,7,D10,58,57,0,6,1,2026,0,83.8,17,1,54.4,1,0,25,0,0,0,78.2,0,0,0,0,W MICHIGAN,5,0,1,0,17,1,0,65.9,17,75.3,0,347,58,0,0,0,79.2,27,0,3,53.9,0,0,0
178819,Lento Smith Jr.,S,4,0,,0,0,75,TULSA,2,D21,68,35,0,0,1,2026,0,83.3,93,3,52.4,0,0,39,0,0,0,63.3,0,0,0,0,TULSA,1,0,0,0,50,6,0,55.4,31,77.2,0,320,68,42,0,0,116.7,29,0,4,,27,0,0
179033,Kenyatta McNeese,S,0,0,,0,0,,LA TECH,0,D20,1,1,0,0,1,2027,0,,0,0,60,0,0,1,0,0,0,,0,0,0,0,LA TECH,0,0,0,0,,0,,60,,63.7,0,208,1,0,0,0,0,0,0,0,,0,0,0
180133,D.J. Barnes,S,2,0,,0,0,50,KENT STATE,0,D19,23,2,0,2,1,2028,2,,21,1,56.6,0,0,18,0,0,0,60.4,1,0,0,0,KENT STATE,0,0,0,0,21,20,,56.8,21,77,0,201,25,20,0,0,87.5,5,0,0,58.2,0,0,2
180176,Ralph Ortiz,LB,0,0,,0,0,,KANSAS ST,0,D20,1,0,0,0,1,2028,0,,0,0,,0,0,0,0,0,1,60,0,0,0,0,KANSAS ST,0,0,0,1,,0,,60,,60,0,199,1,0,0,0,0,1,0,0,,0,0,0
180417,DJ Jackson Jr.,ED,0,0,,0,0,,TROY,2,D19,0,0,0,14,1,2028,31,73.8,0,0,,0,0,0,6,0,0,57.6,0,1,0,0,TROY,2,0,1,0,,0,0,62.7,,76.5,0,318,31,0,0,0,0,17,2,0,67,0,0,25
181153,Jyren Ester,CB,0,0,,0,0,,LA MONROE,0,D20,9,0,0,0,1,2026,0,,0,0,61.9,0,0,2,0,0,0,60.6,9,0,0,0,LA MONROE,0,0,0,0,,0,,63.4,,70.4,0,209,9,0,0,0,0,7,0,0,,0,0,0
181157,Lynard Harris,S,1,0,,0,0,100,LA MONROE,2,D21,18,4,0,0,1,2028,0,78.8,3,1,40.7,0,0,9,0,0,0,67.2,0,0,0,0,LA MONROE,0,0,0,0,3,9,0,48,3,74.3,0,209,18,6,0,0,79.2,9,0,0,,5,0,0
181162,Andre Mack,S,1,0,,0,1,100,LA MONROE,1,D09,26,5,0,0,1,2026,0,27.9,1,1,58.3,0,0,14,0,0,0,49.9,0,0,0,0,LA MONROE,0,0,0,0,1,13,50,54.7,1,74.2,0,209,26,2,0,0,79.2,12,0,0,,8,0,0
182912,Chris Peal,CB,7,0,,1,2,100,SYRACUSE,5,D16,51,11,0,1,1,2028,2,57.9,88,7,76,0,0,29,0,0,0,56.5,36,0,0,0,SYRACUSE,1,0,0,0,37,4,18.2,71,12.6,76.4,0,304,53,64,0,0,158.3,23,0,4,59.7,0,1,2
183211,Jordan Boyd,ED,0,0,,0,1,,GA TECH,0,D08,0,0,0,5,1,2029,6,24.8,0,0,60,1,0,0,0,0,1,60,0,0,0,0,GA TECH,0,0,1,0,,0,100,54.7,,71.6,0,176,6,0,1,0,0,1,0,0,64.2,0,0,5
183212,Tah'j Butler,LB,1,0,,0,0,0,GA TECH,1,D15,21,13,0,1,1,2029,3,76.3,0,0,71.5,1,0,17,0,0,0,62.1,0,0,0,0,GA TECH,1,0,1,0,,8,0,71.6,,76.1,0,176,24,0,0,0,39.6,6,0,1,59.4,0,0,3
183229,Dylan Day,S,1,0,,0,0,0,MIAMI FL,0,D23,8,3,0,0,1,2028,1,,0,0,84.3,0,0,5,0,0,0,60,0,0,0,0,MIAMI FL,0,0,0,0,,0,,81.7,,71.4,0,220,9,0,0,1,39.6,4,0,0,,5,0,1
183233,Marquise Lightfoot,ED,0,0,,0,0,,MIAMI FL,3,D12,1,1,0,18,1,2029,39,78.6,0,0,61.8,1,0,3,0,0,0,75.5,0,2,0,0,MIAMI FL,1,0,3,0,,0,0,73.3,,79.6,0,220,40,0,0,0,0,19,0,1,62.7,0,0,39
183244,Isaiah Thomas,S,1,0,,0,0,100,KENNESAW,0,D24,4,2,0,0,1,2029,0,,64,1,29.5,0,0,4,0,0,0,,0,0,0,0,KENNESAW,0,0,0,0,64,1,,28.8,64,68.3,0,200,4,47,0,0,118.8,0,0,0,,1,0,0
183248,Brandon Booker,LB,4,0,,0,1,50,SMU,4,D28,42,36,0,1,1,2029,0,53.4,25,2,56.3,1,0,30,0,0,0,59,0,0,0,0,SMU,2,0,1,0,14,6,20,56.2,12.5,73.4,0,287,42,16,0,1,69.8,11,0,0,59.1,0,0,0
183257,BJ Canady,ED,0,0,,0,0,,CAL,3,D55,0,0,0,4,1,2029,20,77.1,0,0,60,0,0,1,5,0,0,62.2,0,0,0,0,CAL,2,0,0,0,,0,0,61.6,,75.6,0,130,20,0,0,0,0,15,0,1,57.2,0,0,15
183259,Luke Ferrelli,LB,1,0,,0,5,100,CAL,4,D41,59,50,0,0,1,2029,3,25.5,6,1,66.7,0,0,18,0,0,0,45.1,0,0,0,0,CAL,2,0,0,0,6,8,45.5,53.2,6,76.9,0,130,62,0,0,0,91.7,44,0,2,,1,0,3
183267,Francis Brewu,DI,0,0,,0,1,,PITTSBURGH,0,D95,0,0,0,25,1,2029,33,20.9,0,0,,3,0,0,1,5,0,48.9,0,0,0,0,PITTSBURGH,0,0,3,0,,0,100,51.9,,76.1,0,268,33,0,27,0,0,8,0,0,57.7,0,0,0
183277,Sam Mattingly,LB,1,0,,0,0,100,STANFORD,5,D51,18,18,0,1,1,2029,0,80.2,7,1,61,0,0,3,0,0,0,69.2,0,0,0,0,STANFORD,1,0,0,0,7,0,0,68.8,7,71.5,0,300,18,2,0,0,95.8,14,1,0,59.6,0,0,0
183279,Cam Richardson,CB,0,0,,0,1,,STANFORD,1,D08,11,1,0,0,1,2029,1,27.9,0,0,61.4,0,0,2,0,0,0,48.9,10,0,0,0,STANFORD,0,0,0,0,,0,50,54.2,,72.3,0,300,12,0,0,0,0,10,0,0,,0,0,1
183280,Dylan Stephenson,ED,0,0,,0,4,,STANFORD,3,D02,2,0,0,8,1,2029,23,28.3,0,0,55.2,0,0,3,0,0,0,55.9,0,0,0,0,STANFORD,3,0,0,0,,2,57.1,53.1,,78.2,0,300,25,0,0,0,0,14,0,0,55.8,0,0,23
183289,Ethan Minter,S,0,0,,0,0,,VIRGINIA,2,D30,19,8,0,1,1,2029,0,78.3,0,0,64.8,0,0,12,0,0,0,63.6,0,0,0,0,VIRGINIA,0,0,0,0,,3,0,66,,72.8,0,335,19,0,0,0,0,6,0,0,60,8,0,0
183326,Zion Ferguson,CB,1,0,,0,0,100,PITTSBURGH,0,D22,5,0,0,0,1,2029,0,,37,1,46.6,0,0,4,0,0,0,60,5,0,0,0,PITTSBURGH,0,0,0,0,37,0,,45.1,37,68.9,0,268,5,0,0,0,118.8,1,0,0,,0,0,0
183336,Jaiden Patterson,CB,6,0,,0,0,66.7,N CAROLINA,3,D18,53,2,0,0,1,2029,0,77.9,69,4,55.8,0,0,33,0,0,0,63,48,0,0,0,N CAROLINA,0,0,0,0,28,3,0,56.8,17.3,76.5,0,245,53,17,0,1,105.6,20,0,0,,0,0,0
183339,Curtis Simpson,ED,0,0,,0,0,,CHARLOTTE,1,D32,1,1,0,18,1,2029,25,71.1,0,0,,3,0,0,2,0,0,59.6,0,2,0,0,CHARLOTTE,1,0,5,0,,0,0,72.4,,77.4,0,136,26,0,1,0,0,8,0,0,74.1,0,0,22
183340,Tyrane Stewart,CB,0,0,,0,0,,N TEXAS,1,D04,2,0,0,0,1,2027,0,76.2,0,0,62.3,0,0,1,0,0,0,61.2,2,0,0,0,N TEXAS,0,0,0,0,,0,0,65.9,,66,0,251,2,0,0,0,0,1,0,1,,0,0,0
183342,Jalon Thompson,CB,1,0,,0,0,100,N CAROLINA,1,D20,18,0,0,0,1,2028,0,73.5,9,1,59.1,0,0,11,0,0,0,60.5,18,0,0,0,N CAROLINA,0,0,0,0,9,0,0,59.7,9,73.2,0,245,18,0,0,0,104.2,7,0,0,,0,0,0
183353,Chase Bond,ED,0,0,,0,0,,NC STATE,1,D92,0,0,0,10,1,2029,19,72.2,0,0,,0,0,0,3,2,0,52.8,0,0,0,0,NC STATE,1,0,0,0,,0,0,51.3,,76,0,248,19,0,0,0,0,9,1,0,55.3,0,0,14
183355,Asaad Brown Jr.,S,3,0,,0,0,0,NC STATE,1,D26,91,22,0,1,1,2029,0,79.7,0,0,68.3,0,0,57,0,0,0,69.1,7,0,0,0,NC STATE,0,0,0,0,,13,0,68.9,,78.5,0,248,91,0,0,0,39.6,33,0,1,58.5,49,0,0
183373,Ta'Ron Haile,S,0,0,,0,0,,SYRACUSE,0,D26,3,1,0,0,1,2029,1,,0,0,,0,0,0,0,0,0,60.1,0,0,0,0,SYRACUSE,0,0,0,0,,0,,61.4,,68.7,0,304,4,0,0,0,0,4,0,0,,2,0,1
183376,Braheem Long Jr.,S,1,0,,0,1,0,SYRACUSE,2,D00,60,10,0,0,1,2029,1,63.7,0,0,59.5,0,0,32,0,0,0,50,1,0,0,0,SYRACUSE,0,0,0,0,,11,16.7,56.4,,78.3,0,304,61,0,0,0,39.6,29,0,3,,38,0,1
183380,Maraad Watson,DI,0,0,,0,0,,TEXAS,2,D98,0,0,0,12,1,2029,29,74.1,0,0,,0,0,0,1,2,0,48.5,0,0,1,0,TEXAS,2,0,0,0,,0,0,42.7,,0,0,311,29,0,25,0,0,17,0,1,57.1,0,0,1
183385,Ameir Glenn,DI,0,0,,0,0,,BALL ST,0,D56,0,0,0,2,1,2029,20,,0,0,,0,0,0,0,2,0,55.1,0,0,0,0,BALL ST,0,0,0,0,,0,,54.9,,73.3,0,117,20,0,18,0,0,18,0,0,58.8,0,0,0
183398,Myles Turpin,S,0,0,,0,0,,WAKE,0,D22,7,0,0,0,1,2029,0,,0,0,60.8,0,0,2,0,0,0,60,0,0,0,0,WAKE,0,0,0,0,,0,,61.5,,71.8,0,339,7,0,0,0,0,5,0,0,,7,0,0
183405,CJ Heard,S,2,0,,0,2,100,VANDERBILT,2,D08,69,13,0,2,1,2029,3,30.6,11,2,52.4,0,0,38,0,0,1,56,0,0,1,0,VANDERBILT,2,0,0,0,8,9,40,53.1,5.5,79.3,0,333,72,9,0,0,89.6,32,0,1,58.1,47,0,3
183407,Chisom Ifeanyi,ED,0,0,,0,0,,WYOMING,0,D52,0,0,0,6,1,2026,10,29.9,0,0,60,0,0,0,0,0,0,66.9,0,0,0,0,WYOMING,0,0,0,0,,0,0,57.7,,72.7,0,351,10,0,0,0,0,4,0,1,56.9,0,0,10
183412,Gavench Marcelin,ED,0,0,,0,0,,FAU,2,D11,0,0,0,7,1,2029,51,75.2,0,0,61.1,1,0,3,0,0,1,55.6,0,0,0,0,FAU,1,0,1,0,,0,0,58.3,,80.7,0,165,51,0,0,0,0,41,0,0,62.8,0,0,51
183418,August Salvati,ED,0,0,,0,0,,S DIEGO ST,1,D56,0,0,0,18,1,2028,21,69.7,0,0,64.2,1,1,3,0,0,0,,0,0,1,0,S DIEGO ST,0,0,1,0,,0,0,54.1,,0,0,284,21,0,1,0,0,0,0,0,55.8,0,0,20
183425,Mike Wright III,S,0,0,,0,0,,FAU,0,D25,3,2,0,0,1,2028,0,74.8,0,0,,0,0,0,0,0,0,60,0,0,0,0,FAU,0,0,0,0,,0,0,62.8,,67.3,0,165,3,0,0,0,0,3,0,1,,1,0,0
183439,Zavier Hamilton,LB,1,0,,0,0,100,USF,1,D25,10,8,0,2,1,2030,1,73.6,6,1,54.4,0,0,7,0,0,0,60.6,0,0,0,0,USF,0,0,0,0,6,2,0,54,6,70.8,0,327,11,11,0,0,91.7,2,0,0,57.3,0,0,1
183440,Rodney Hill,LB,0,0,,0,0,,USF,0,D06,2,2,0,0,1,2029,0,,0,0,,0,0,0,0,0,0,61.2,0,0,0,0,USF,0,0,0,0,,0,,64.1,,66,0,327,2,0,0,0,0,2,0,0,,0,0,0
183445,Ashton Mosley,ED,0,0,,0,0,,USF,0,D33,1,1,0,2,1,2029,2,,0,0,60,0,0,1,0,0,0,,0,0,0,0,USF,0,0,0,0,,0,,57.9,,68.1,0,327,3,0,0,0,0,0,0,0,58,0,0,2
183498,Joe Barna,ED,0,0,,0,0,,ILLINOIS,0,D43,0,0,0,10,1,2029,24,,0,0,63.7,0,0,1,10,0,0,66.6,0,0,0,0,ILLINOIS,0,0,0,0,,0,,69.4,,75.4,0,187,24,0,2,0,0,13,0,0,55.6,0,0,12
183500,Daniel Brown,ED,0,0,,0,1,,ILLINOIS,0,D04,7,5,0,9,1,2027,14,19.3,0,0,61.3,0,0,3,0,0,0,41.6,0,0,0,0,ILLINOIS,0,0,0,0,,2,100,42.3,,75.3,0,187,21,0,0,0,0,9,0,0,52.1,0,0,14
183501,Chase Canada,CB,0,0,,0,0,,N TEXAS,0,D05,3,1,0,0,1,2028,0,,0,0,60,0,0,1,0,0,0,60,1,0,0,0,N TEXAS,0,0,0,0,,0,,62.3,,63,0,251,3,0,0,0,0,2,0,0,,0,0,0
183504,Tanner Heckel,CB,5,0,,0,3,100,ILLINOIS,3,D16,52,3,0,1,1,2029,1,28.1,57,5,53.2,0,0,32,0,0,0,68.8,2,0,0,0,ILLINOIS,0,0,0,0,20,26,42.9,56.5,11.4,79.1,0,187,53,60,0,1,114.2,20,0,1,59.4,21,0,1
183506,Demetrius John,DI,0,0,,0,0,,ILLINOIS,0,D54,2,2,0,1,1,2029,0,,0,0,,0,0,0,0,0,0,60,0,0,0,0,ILLINOIS,0,0,0,0,,0,,58.9,,66.4,0,187,2,0,0,0,0,1,0,0,59.1,0,0,0
183507,Angelo McCullom,DI,0,0,,0,1,,ILLINOIS,3,D44,0,0,0,20,1,2029,42,71.7,0,0,,0,0,0,0,41,0,78.9,0,0,1,0,ILLINOIS,3,0,0,0,,0,20,69.5,,0,0,187,42,0,1,0,0,22,1,1,57.6,0,0,0
183561,Rex Guthrie,S,4,0,,0,0,100,NEBRASKA,7,D21,44,21,0,1,1,2030,2,86.1,23,4,69.4,0,0,25,0,0,0,58.9,0,0,0,0,NEBRASKA,4,0,0,0,8,5,0,66.1,5.8,75.6,0,238,46,10,0,0,90.6,20,0,2,58.9,18,0,2
183564,Donovan Jones,CB,2,0,,0,0,100,NEBRASKA,4,D37,49,14,0,0,1,2030,0,82.8,10,2,66.2,0,1,23,0,0,0,76,34,0,0,0,NEBRASKA,2,0,0,0,6,0,0,71.1,5,74.2,0,238,49,1,0,0,47.9,26,0,4,,1,0,0
183572,Ashton Murphy,DI,0,0,,0,0,,NEBRASKA,1,D57,0,0,0,1,1,2030,4,69.7,0,0,,0,0,0,0,2,0,62.6,0,0,0,0,NEBRASKA,0,0,0,0,,0,0,63.7,,69.1,0,238,4,0,2,0,0,3,0,0,60,0,0,0
183585,Vincent Shavers Jr.,LB,1,0,,0,0,100,NEBRASKA,4,D09,42,42,0,6,1,2029,9,80.6,4,1,70.5,0,0,18,0,0,0,66.7,0,0,0,0,NEBRASKA,2,0,0,0,4,0,0,69.2,4,76.9,0,238,51,7,0,0,83.3,27,0,2,53.8,0,0,9
183610,Jon Mitchell,CB,1,0,,0,1,100,GA TECH,2,D29,21,4,0,3,1,2029,0,52.5,11,1,57.1,1,0,11,0,0,0,58.9,17,0,0,0,GA TECH,1,0,1,0,11,0,33.3,51.3,11,71.9,0,176,21,0,0,0,112.5,7,0,0,43.9,0,0,0
183616,Lorenzo Cowan,ED,0,0,,0,0,,KENTUCKY,0,D34,0,0,0,0,1,2030,1,,0,0,,0,0,0,0,0,0,60,0,0,0,0,KENTUCKY,0,0,0,0,,0,,60,,65.2,0,202,1,0,0,0,0,1,0,0,,0,0,1
183633,Bryce Butler,DI,0,0,,0,0,,WASHINGTON,1,D92,0,0,0,11,1,2027,23,69.7,0,0,,0,0,0,0,1,0,68.7,0,0,0,0,WASHINGTON,1,0,0,0,,0,0,69.6,,73.8,0,340,23,0,22,0,0,12,0,0,62.7,0,0,0
183634,Rahshawn Clark,CB,3,0,,0,0,0,WASHINGTON,0,D02,42,3,0,2,1,2029,0,,0,0,87.2,1,1,23,0,0,0,62.7,3,0,0,0,WASHINGTON,0,0,1,0,,28,,86.1,,78.6,0,340,42,0,0,1,0,17,0,0,69.6,8,0,0
183638,Khmori House,LB,1,0,,0,1,100,N CAROLINA,5,D07,67,62,0,5,1,2029,5,60.9,9,1,64.3,1,0,40,0,0,0,53.9,3,0,0,0,N CAROLINA,1,0,1,0,9,0,12.5,61.2,9,76.9,0,245,72,0,0,0,104.2,27,0,2,64,2,0,5
183650,Omillio Agard,CB,5,0,,0,0,40,WISCONSIN,3,D06,64,17,0,0,1,2029,2,79.9,26,2,45.7,0,0,24,0,0,0,61.8,47,0,0,0,WISCONSIN,1,0,0,0,24,0,0,50.2,13,76,0,349,66,10,0,0,57.1,42,0,1,,0,0,2
183655,Raphael Dunn,CB,0,0,,0,0,,WISCONSIN,0,D27,1,0,0,1,1,2029,0,,0,0,,0,0,0,0,0,0,,0,0,0,0,WISCONSIN,0,0,0,0,,0,,60,,60,0,349,1,0,0,0,0,0,0,0,60,0,0,0
183658,Jay Harper,CB,3,0,,0,0,66.7,LA MONROE,0,D22,26,7,0,0,1,2029,1,73.1,14,2,49.9,0,0,14,0,0,0,57.3,16,0,0,0,LA MONROE,0,0,0,0,8,1,0,50.4,7,73,0,209,27,10,0,0,116.7,13,0,1,,2,1,1
183659,Thomas Heiberger,LB,0,0,,0,0,,WISCONSIN,0,D19,1,0,0,1,1,2029,0,,0,0,,0,0,0,0,0,0,,0,0,0,0,WISCONSIN,0,0,0,0,,0,,60,,,0,349,1,0,0,0,0,0,0,0,60,0,0,0
183663,Dillan Johnson,DI,0,0,,0,0,,WISCONSIN,0,D76,0,0,0,2,1,2029,6,,0,0,,0,0,0,0,0,0,61.8,0,0,0,0,WISCONSIN,0,0,0,0,,0,,62.2,,70,0,349,6,0,6,0,0,4,0,0,59.4,0,0,0
183666,Xavier Lucas,CB,3,0,,0,0,33.3,MIAMI FL,1,D06,23,1,0,2,1,2029,1,74.2,6,1,89.5,0,1,13,0,0,0,44.6,18,0,0,0,MIAMI FL,0,0,0,0,6,4,0,79.8,6,74.6,0,220,24,8,0,0,2.8,9,0,0,54.2,0,0,1
183678,Mario Landino,DI,0,0,,0,0,,INDIANA,1,D97,1,0,0,24,1,2029,32,69.7,0,0,,2,0,0,3,8,0,56.2,0,1,0,1,INDIANA,1,0,3,0,,0,0,59,,75.6,0,190,33,0,19,0,0,9,0,0,61,0,0,2
183680,Daniel Ndukwe,ED,0,0,,0,0,,INDIANA,0,D17,0,0,0,5,1,2029,15,,0,0,61.7,1,0,4,0,0,0,61.2,0,0,0,0,INDIANA,0,0,1,0,,0,,70,,75.1,0,190,15,0,0,0,0,6,0,0,73.1,0,0,15
183687,Dom Nichols,ED,0,0,,0,0,,MICHIGAN,0,D33,0,0,0,10,1,2029,12,,0,0,,1,0,0,0,0,0,60,0,0,0,0,MICHIGAN,0,0,1,0,,0,,64.6,,75,0,222,12,0,0,0,0,2,0,0,63.9,0,0,12
183688,Jacob Oden,S,0,0,,0,0,,MICHIGAN,1,D05,11,0,0,0,1,2028,0,76.4,0,0,66.2,0,0,10,0,0,0,60,0,0,0,0,MICHIGAN,0,0,0,0,,0,0,65.7,,71.2,0,222,11,0,0,0,0,1,0,0,,11,0,0
183691,Cole Sullivan,LB,0,0,,0,0,,MICHIGAN,0,D23,4,4,0,0,1,2029,0,,0,0,60,0,0,1,0,0,0,63.3,0,0,0,0,MICHIGAN,0,0,0,0,,0,,65.5,,67.2,0,222,4,0,0,0,0,3,0,0,,0,0,0
183716,Smiley Bradford,CB,4,0,,0,1,75,PURDUE,5,D01,58,3,0,0,1,2029,1,65,15,3,60,0,0,29,0,0,0,63.4,0,0,0,0,PURDUE,1,0,0,0,11,53,12.5,61.2,5,79.5,0,273,59,7,0,0,80.2,30,1,2,,2,0,1
183720,Demeco Kennedy,DI,0,0,,0,0,,PURDUE,1,D18,0,0,0,15,1,2029,32,69.7,0,0,,0,0,0,1,0,0,62.3,0,0,0,0,PURDUE,1,0,0,0,,0,0,59.7,,74.5,0,273,32,0,31,0,0,17,0,0,55.3,0,0,0
183728,Cyrus Durham,ED,0,0,,0,0,,AKRON,0,D10,1,0,0,39,1,2028,63,73,0,0,62.4,2,0,4,13,0,0,65.2,0,0,0,0,AKRON,0,0,2,0,,0,0,61.2,,81.3,0,102,64,0,2,0,0,21,0,1,55.7,0,0,48
183737,Rodney Bimage Jr.,CB,0,0,,0,0,,ARIZONA ST,0,D00,15,0,0,0,1,2029,0,,0,0,49.4,0,0,7,0,0,0,60.1,15,0,1,0,ARIZONA ST,0,1,0,0,,0,,50.2,,71.9,0,110,15,0,0,0,0,8,0,0,,0,0,0
183743,Martell Hughes,LB,0,0,,0,0,,ARIZONA ST,0,D18,14,12,0,2,1,2029,10,,0,0,61.6,0,0,6,0,0,0,50.4,0,0,0,0,ARIZONA ST,0,0,0,0,,1,,53,,77,0,110,24,0,0,0,0,16,0,0,57.1,1,0,10
183756,Ramar Williams,DI,0,0,,0,0,,ARIZONA ST,0,D55,0,0,0,2,1,2029,4,,0,0,,0,0,0,0,0,0,60.4,0,0,0,0,ARIZONA ST,0,0,0,0,,0,,60.7,,68.2,0,110,4,0,4,0,0,2,0,0,59.4,0,0,0
183757,Therrian Alexander III,CB,3,0,,0,0,66.7,BYU,1,D01,55,5,0,0,1,2029,1,76.6,18,2,66.4,0,0,40,0,0,0,53,47,0,0,0,BYU,0,0,0,0,9,3,0,64.5,9,76.8,0,128,56,0,0,1,82.6,16,0,1,,0,0,1
183777,Orion Maile-Kaufusi,ED,0,0,,0,0,,BYU,0,D10,0,0,0,0,1,2029,2,,0,0,,0,0,0,0,0,0,60,0,0,0,0,BYU,0,0,0,0,,0,,61.5,,68.5,0,128,2,0,0,0,0,2,0,0,,0,0,2
183779,Viliami Po'uha,ED,0,0,,0,1,,BYU,0,D45,0,0,1,23,1,2029,37,73,0,0,,1,0,0,11,0,0,71,0,0,0,0,BYU,1,0,2,0,,0,50,77.7,,75.6,0,128,37,0,13,0,0,14,0,1,73.5,0,0,13
183781,Danny Saili,DI,0,0,,0,1,,ARKANSAS,1,D88,1,1,0,18,1,2027,48,37.2,0,0,,2,0,0,14,9,0,72.3,0,0,0,0,ARKANSAS,1,0,2,0,,0,33.3,67.6,,77,0,111,49,0,24,0,0,31,0,1,53.5,0,0,1
183783,John Taumoepeau,DI,0,0,,0,0,,BYU,2,D55,0,0,0,26,1,2026,47,74.5,0,0,,1,0,0,5,3,0,74.4,0,0,0,0,BYU,2,0,1,0,,0,0,69.3,,76.6,0,128,47,0,38,0,0,21,0,2,57.1,0,0,1
183790,Simeon Coleman,LB,0,0,,0,0,,CINCINNATI,1,D31,21,17,0,3,1,2029,3,75.6,0,0,63.8,0,0,11,0,0,0,55.3,0,0,0,0,CINCINNATI,1,0,0,0,,4,0,59.7,,75.1,0,138,24,0,0,0,0,10,0,1,57,0,0,3
183800,Quan Sanks,S,1,0,,0,2,0,CINCINNATI,3,D09,38,20,0,0,1,2029,0,29.3,0,0,62.9,0,0,18,0,0,0,60.2,0,0,0,0,CINCINNATI,2,0,0,0,,5,40,62.4,,75.1,0,138,38,0,0,1,39.6,20,0,0,,13,0,0
183804,Dakyus Brinkley,ED,0,0,,0,0,,KANSAS,0,D09,0,0,0,0,1,2029,10,,0,0,,0,0,0,0,0,0,55.2,0,0,0,0,KANSAS,0,0,0,0,,0,,54.6,,74.1,0,198,10,0,0,0,0,10,0,0,,0,0,10
183816,Jalen Todd,CB,1,0,,0,0,0,KANSAS,1,D26,41,7,0,0,1,2029,0,73.5,0,0,42.8,0,0,10,0,0,0,41,20,0,1,0,KANSAS,0,0,0,0,,13,0,39.6,,75.3,0,198,41,0,0,0,39.6,31,0,0,,1,0,0
183829,Tristan Johnson,DI,0,0,,0,0,,TCU,0,D35,0,0,0,11,1,2029,17,,0,0,,0,0,0,5,0,0,62.3,0,0,0,0,TCU,0,0,0,0,,0,,64,,72.5,0,305,17,0,11,0,0,6,0,0,61.9,0,0,1
183830,Julian Knox Sr.,S,0,0,,0,0,,N TEXAS,1,D27,3,1,0,0,1,2029,0,75.3,0,0,60,0,0,1,0,0,0,60,0,0,0,0,N TEXAS,0,0,0,0,,0,0,64.8,,64.3,0,251,3,0,0,0,0,2,0,0,,1,0,0
183856,Jackson Bennee,S,1,0,,0,2,100,UTAH,2,D23,41,21,0,7,1,2029,3,48.9,1,1,71.1,5,0,22,0,0,0,64.7,1,0,1,0,UTAH,1,0,5,0,1,16,40,59.7,1,0,0,328,44,1,0,0,79.2,15,0,1,42.6,3,0,3
183864,Kana'i Lopes,LB,1,0,,0,0,100,UTAH,1,D33,8,8,0,3,1,2029,0,77.1,22,1,54.2,0,0,2,0,0,0,69.8,0,0,0,0,UTAH,1,0,0,0,22,0,0,53,22,68.6,0,328,8,23,0,0,118.8,3,0,1,54.8,0,0,0
183875,Israel Boyce,S,0,0,,0,0,,W VIRGINIA,4,D07,34,16,0,0,1,2029,0,81.7,0,0,68.2,0,0,20,0,0,0,76.2,0,0,0,0,W VIRGINIA,2,0,0,0,,7,0,73.3,,74.7,0,343,34,0,0,0,0,14,0,1,,11,0,0
183878,Nate Gabriel,DI,0,0,,0,1,,W VIRGINIA,2,D69,0,0,0,12,1,2029,31,36,0,0,,0,0,0,0,17,0,64,0,0,0,0,W VIRGINIA,2,0,0,0,,0,33.3,65.6,,75.8,0,343,31,0,14,0,0,19,0,0,63.4,0,0,0
183880,Elijah Kinsler,ED,0,0,,0,1,,SO MISS,0,D97,0,0,0,0,1,2029,4,24.8,0,0,,0,0,0,1,0,0,34.2,0,0,0,0,SO MISS,0,0,0,0,,0,100,28.5,,69.9,0,296,4,0,0,0,0,4,0,0,,0,0,3
183883,Brandon Davis-Swain,DI,0,0,,0,1,,COLORADO,0,D91,0,0,0,15,1,2029,34,,0,0,,0,0,0,5,2,0,62.3,0,0,0,0,COLORADO,0,0,0,0,,0,100,60.2,,74.9,0,143,34,0,27,0,0,19,0,0,55.9,0,0,0
183906,Landyn Cleveland,S,2,0,,0,3,100,OKLA STATE,5,D14,28,8,0,0,1,2029,0,30,40,2,56.4,0,0,20,0,0,0,62,0,0,1,0,OKLA STATE,2,0,0,0,37,8,37.5,52.9,20,0,0,262,28,45,0,0,118.8,8,0,0,,12,0,0
183918,Armstrong Nnodim,DI,0,0,,0,0,,OKLA STATE,0,D94,0,0,0,9,1,2029,11,,0,0,,0,0,0,0,11,0,60.2,0,0,0,0,OKLA STATE,0,0,0,0,,0,,58.8,,73.1,0,262,11,0,0,0,0,2,0,0,57.4,0,0,0
183927,Germaine Carter,DI,0,0,,0,1,,FIU,3,D99,0,0,0,9,1,2029,25,42.3,0,0,,0,0,0,2,3,0,50,0,0,0,0,FIU,1,0,0,0,,0,25,50.4,,74.8,0,166,25,0,19,0,0,16,0,0,58.2,0,0,1
183932,Raheim Sexil,CB,0,0,,0,0,,UMASS,0,D13,29,1,0,0,1,2029,0,,0,0,63.9,0,0,5,0,0,0,63.8,28,0,0,0,UMASS,0,0,0,0,,0,,65.1,,73.8,0,216,29,0,0,0,0,24,0,0,,0,0,0
183933,Shamir Sterlin,S,1,0,,0,4,0,FIU,1,D22,33,19,0,2,1,2029,0,20.4,0,0,57.5,0,0,10,0,0,0,32,0,0,0,0,FIU,0,0,0,0,,8,66.7,44.3,,73.9,0,166,33,0,0,0,39.6,21,0,1,59.7,6,0,0
183934,Josiah Taylor,LB,0,0,,0,1,,FIU,1,D35,17,15,0,0,1,2029,0,42.2,0,0,63.4,1,0,7,0,0,0,46.2,0,0,0,0,FIU,1,0,1,0,,2,33.3,52.5,,72.3,0,166,17,0,0,0,0,10,0,1,,0,0,0
183955,Aidan Butts,ED,0,0,,0,0,,MIDDLE TN,0,D93,3,3,0,6,1,2029,3,,0,0,,0,0,0,1,1,0,,0,0,0,0,MIDDLE TN,0,0,0,0,,0,,52.3,,72.2,0,224,6,0,0,0,0,0,0,0,53.8,0,0,1
183968,Jackson Lowe,CB,8,0,,0,2,75,MIDDLE TN,4,D25,64,6,0,0,1,2029,0,34.5,61,6,59.1,0,0,34,0,0,0,66.4,57,0,0,0,MIDDLE TN,1,0,0,0,22,1,33.3,60.9,10.2,76.4,0,224,64,27,0,0,135.9,30,0,0,,0,2,0
183973,Zeion Simpson-Smith,DI,0,0,,0,0,,MIDDLE TN,0,D95,0,0,0,11,1,2029,20,,0,0,,0,0,0,5,0,0,46.2,0,1,0,0,MIDDLE TN,0,0,1,0,,0,,50.5,,72.8,0,224,20,0,15,0,0,9,0,0,63.3,0,0,0
183975,Henry Davis III,DI,0,0,,0,1,,NEW MEX ST,0,D97,0,0,0,23,1,2028,32,28.1,0,0,,2,0,0,8,1,0,62.1,0,0,0,1,NEW MEX ST,0,0,2,0,,0,50,66.4,,74.8,0,242,32,0,22,0,0,9,0,1,65.9,0,0,1
183980,Malaki Ta'ase,ED,0,0,,0,0,,WASH STATE,2,D98,0,0,0,20,1,2029,31,73.8,0,0,,1,0,0,5,0,0,48.9,0,1,0,0,WASH STATE,2,0,2,0,,0,0,47.9,,75.8,0,341,31,0,1,0,0,11,0,0,52.9,0,0,25
184000,Harper Holloman,ED,2,0,,0,2,100,W KENTUCKY,4,D44,6,2,0,32,1,2029,71,45.9,4,2,64.8,2,0,12,0,0,0,72.4,0,0,0,0,W KENTUCKY,2,0,2,0,6,3,33.3,73.4,2,82.2,0,346,77,5,0,0,79.2,33,0,0,68.1,0,0,71
184017,Justin Thomas,ED,0,0,,0,0,,BALL ST,1,D49,0,0,0,3,1,2027,19,74.6,0,0,,0,0,0,1,0,0,70.1,0,0,0,0,BALL ST,1,0,0,0,,0,0,69.8,,76.1,0,117,19,0,0,0,0,16,0,1,57.8,0,0,18
184052,Ray Hester,S,0,0,,0,0,,E MICHIGAN,0,D34,1,1,0,0,1,2029,0,,0,0,,0,0,0,0,0,0,60,0,0,0,0,E MICHIGAN,0,0,0,0,,0,,60,,63.7,0,160,1,0,0,0,0,1,0,0,,0,0,0
184057,Jaylyn Monds,CB,0,0,,0,0,,E MICHIGAN,1,D24,15,0,0,2,1,2029,0,73.4,0,0,62.9,0,0,4,0,0,0,64.4,0,0,0,0,E MICHIGAN,0,0,0,0,,15,0,63,,74.3,0,160,15,0,0,0,0,9,0,0,55.5,0,0,0
184058,Noah Patterson,DI,0,0,,0,0,,E MICHIGAN,2,D64,0,0,0,5,1,2029,8,73.8,0,0,61.5,0,0,0,0,0,0,66.9,0,0,0,0,E MICHIGAN,2,0,0,0,,0,0,74.9,,70.8,0,160,8,0,5,0,0,3,0,1,56.5,0,0,3
184065,Javon Thomas,DI,0,0,,0,0,,E MICHIGAN,1,D52,0,0,0,8,1,2029,18,66.5,0,0,,0,0,0,0,5,0,56.7,0,0,0,0,E MICHIGAN,0,0,0,0,,0,0,58.9,,75.4,0,160,18,0,11,0,0,10,0,0,62.1,0,0,2
184074,Armahn Hale,S,0,0,,0,0,,NEW MEX ST,6,D02,47,8,0,0,1,2028,1,84.2,0,0,69.8,0,0,34,0,0,0,67.6,0,0,1,0,NEW MEX ST,0,0,0,0,,33,0,70.4,,77.9,0,242,48,0,0,1,0,14,0,1,,6,0,1
184134,K'Von Sherman,LB,0,0,,0,1,,TOLEDO,6,D38,60,58,0,3,1,2028,0,61.8,0,0,58,1,0,21,0,0,0,78.7,0,2,0,0,TOLEDO,2,0,3,0,,2,12.5,74.9,,77.3,0,316,60,0,0,0,0,36,1,1,78.2,0,0,0
184144,Rodrick Hunter,S,1,0,,0,1,0,AKRON,2,D13,39,14,0,1,1,2029,2,40.8,0,0,67.5,0,0,27,0,0,0,49.5,0,0,0,0,AKRON,0,0,0,0,,0,33.3,61.7,,76.2,0,102,41,0,0,1,39.6,13,0,0,60,25,0,2
184151,Kal-El Pascal,S,2,0,,0,3,100,BOWL GREEN,6,D00,48,20,0,1,1,2029,3,43.4,33,2,61.6,0,0,26,0,0,0,55.2,1,0,0,0,BOWL GREEN,2,0,0,0,29,11,27.3,59.2,16.5,78.1,0,122,51,0,0,1,158.3,24,1,2,59.7,16,1,3
184156,Brennen Bailey,CB,1,0,,0,0,100,UMASS,5,D12,37,10,0,0,1,2029,0,80.4,48,1,49,0,0,10,0,0,0,59.6,26,0,0,0,UMASS,1,0,0,0,48,0,0,52.1,48,73.2,0,216,37,8,0,0,118.8,27,1,0,,1,0,0
184193,Nelson Ropati,DI,0,0,,0,0,,NEVADA,2,D43,0,0,0,23,1,2026,54,72.4,0,0,,0,0,0,6,8,0,65.3,0,0,0,0,NEVADA,1,0,0,0,,0,0,62.9,,76.7,0,239,54,0,40,0,0,31,0,0,55.2,0,0,0
184197,Isaiah Buxton,CB,1,0,,0,0,0,S DIEGO ST,0,D23,8,0,0,0,1,2029,0,,0,0,70.6,0,0,8,0,0,0,,8,0,0,0,S DIEGO ST,0,0,0,0,,0,,71.6,,69.9,0,284,8,0,0,0,39.6,0,0,0,,0,0,0
184216,Frank Cusano,LB,2,0,,0,0,0,WAKE,3,D43,31,31,0,4,1,2029,0,79.2,0,0,41.4,0,0,16,0,0,0,71.6,0,0,0,0,WAKE,3,0,0,0,,0,0,53.9,,73.1,0,339,31,0,0,0,39.6,11,1,1,63.1,0,0,0
184225,Kenny Worthy,CB,2,0,,0,0,50,WASH STATE,1,D08,40,2,0,0,1,2029,0,77,8,1,68.2,0,0,29,0,0,0,70.1,34,0,0,0,WASH STATE,0,0,0,0,8,4,0,70.1,8,75.4,0,341,40,4,0,0,60.4,11,0,1,,0,0,0
184226,Travis Anderson,S,0,0,,0,1,,BOISE ST,0,D38,5,1,0,0,1,2029,0,27.4,0,0,62,0,0,3,0,0,0,55.9,0,0,0,0,BOISE ST,0,0,0,0,,4,100,55.9,,69.9,0,120,5,0,0,0,0,2,0,0,,0,0,0
184228,Roman Caywood,ED,0,0,,0,0,,BOISE ST,1,D51,1,0,0,5,1,2029,10,72.2,0,0,,0,0,0,0,0,0,67.1,0,1,0,0,BOISE ST,0,0,1,0,,1,0,75.3,,74.9,0,120,11,0,0,0,0,6,0,0,72.2,0,0,10
184231,Joseph Marsh,ED,0,0,,0,0,,OHIO,0,D16,5,1,0,5,1,2028,9,,0,0,61.6,1,0,3,0,0,0,67.4,0,0,0,0,OHIO,0,0,1,0,,4,,64,,75.3,0,259,14,0,1,0,0,6,0,0,54.2,0,0,8
184234,Lopez Sanusi,DI,0,0,,0,0,,BOISE ST,0,D96,0,0,0,14,1,2029,23,,0,0,,0,0,0,0,2,0,44.3,0,0,0,0,BOISE ST,0,0,0,0,,0,,45.3,,74,0,120,23,0,21,0,0,9,0,0,55.9,0,0,0
184236,Jakari Embry,CB,1,0,,0,0,0,FRESNO ST,2,D01,57,2,0,0,1,2026,2,76.6,0,0,66.7,0,0,22,0,0,0,66.2,55,0,1,0,FRESNO ST,0,0,0,0,,0,0,67.7,,77.4,0,169,59,0,0,1,39.6,37,0,0,,0,0,2
184254,Drew Collins,ED,0,0,,0,0,,ARK STATE,0,D11,0,0,1,7,1,2029,9,72.2,0,0,,1,0,0,0,0,0,60,0,0,0,0,ARK STATE,1,0,2,0,,0,,70.7,,73.6,0,113,9,0,0,0,0,2,0,0,70,0,0,9
184266,Cary Grant,S,1,0,,0,0,100,CHARLOTTE,4,D09,43,5,0,0,1,2027,0,81.6,16,1,63.7,0,0,27,0,0,0,62.5,0,0,0,0,CHARLOTTE,0,0,0,0,16,13,0,67.7,16,77.8,0,136,43,21,0,0,118.8,16,0,1,66.9,25,0,0
184268,Jaavan Mack,CB,10,0,,1,1,40,W KENTUCKY,7,D12,75,8,0,0,1,2026,0,68.3,47,4,71.6,0,1,44,0,0,0,77.8,66,0,0,0,W KENTUCKY,3,0,0,0,19,0,10,74.9,11.8,76.6,0,346,75,15,0,0,15.4,31,2,2,,0,0,0
184289,Dorrian Smith,CB,7,0,,0,1,71.4,GA SOUTHRN,5,D23,68,18,0,4,1,2026,8,57.3,32,5,56.1,0,0,36,0,0,0,54.5,1,0,0,0,GA SOUTHRN,1,0,0,0,12,48,16.7,54.9,6.4,81.6,0,174,76,8,0,1,80.7,36,1,0,54.8,1,0,8
184311,Davin Anderson,ED,0,0,,0,0,,LA MONROE,2,D28,0,0,0,12,1,2026,27,75.3,0,0,,0,0,0,21,0,0,76.8,0,0,0,0,LA MONROE,1,0,0,0,,0,0,71.2,,74,0,209,27,0,0,0,0,15,0,1,53.6,0,0,6
184316,Jaden Hamlin,DI,0,0,,0,0,,LA MONROE,1,D90,0,0,0,10,1,2026,20,70.1,0,0,,0,0,0,0,18,0,61.3,0,0,0,0,LA MONROE,1,0,0,0,,0,0,60.1,,75,0,209,20,0,2,0,0,10,0,0,57.3,0,0,0
184317,Kelbee Holmes,LB,1,0,,0,0,100,LA MONROE,2,D10,18,18,0,0,1,2027,0,76.7,2,1,81.7,0,0,7,0,0,0,39.6,0,0,0,0,LA MONROE,2,0,0,0,2,0,0,64.1,2,70.9,0,209,18,6,0,0,79.2,11,0,0,,0,0,0
184318,Daniel Knudsen,ED,0,0,,0,0,,LA MONROE,2,D07,0,0,0,2,1,2026,9,75.2,0,0,,0,0,0,0,0,0,67.7,0,0,1,0,LA MONROE,1,0,0,0,,0,0,68.2,,73.9,0,209,9,0,0,0,0,7,0,0,58.5,0,0,9
184320,Billy Pullen,ED,1,0,,0,0,100,LA MONROE,3,D05,2,1,1,22,1,2027,38,79.1,7,1,53.7,3,0,2,0,0,0,60.8,0,0,1,0,LA MONROE,2,0,4,0,7,1,0,65,7,0,0,209,40,2,0,0,95.8,16,0,1,77.4,0,0,38
184322,Stephen Saywahn,S,1,0,,0,0,100,LA MONROE,4,D27,21,4,0,2,1,2026,1,81.4,4,1,72.2,0,0,11,0,0,0,72.7,0,0,0,0,LA MONROE,4,0,0,0,4,17,0,75,4,73.8,0,209,22,0,0,0,83.3,9,0,1,59.1,0,0,1
184328,Kevontay Wells,ED,0,0,,0,1,,LA MONROE,3,D01,0,0,0,23,1,2027,39,75,0,0,61,3,0,0,31,0,0,62.4,0,0,1,0,LA MONROE,2,0,3,0,,0,25,66.6,,0,0,209,39,0,4,0,0,16,0,0,68.3,0,0,4
184331,Jerome Carter III,S,3,0,,0,0,100,DOMINION,3,D12,40,18,0,4,1,2029,2,80.4,37,3,56.7,0,1,30,0,0,0,64.3,1,0,0,0,DOMINION,2,0,0,0,18,2,0,58.2,12.3,75,0,263,42,16,0,0,78.5,8,0,0,56.7,19,0,2
184333,Jahron Manning,S,12,0,,0,3,66.7,MISS STATE,11,D13,73,36,0,1,1,2026,3,53.9,133,8,57.4,0,0,52,0,0,0,68.1,1,1,0,0,MISS STATE,7,0,1,0,60,16,18.8,62.1,16.6,77.6,0,227,76,127,0,0,103.8,23,2,2,64.5,20,0,3
184338,Jalyn Durgan,ED,0,0,,0,0,,N TEXAS,0,D09,0,0,1,7,1,2026,12,73.3,0,0,,0,0,0,4,0,0,52.4,0,0,0,0,N TEXAS,1,0,1,0,,0,0,56,,72,0,251,12,0,1,0,0,5,0,1,63.2,0,0,7
184339,Amarion Fortenberry,CB,0,0,,0,0,,KANSAS ST,0,D00,4,0,0,0,1,2029,0,,0,0,61.5,0,0,2,0,0,0,60,3,0,0,0,KANSAS ST,0,0,0,0,,0,,62.3,,67.4,0,199,4,0,0,0,0,2,0,0,,0,0,0
184345,Nathan Jennings,DI,0,0,,0,0,,S ALABAMA,1,D91,0,0,0,16,1,2029,29,70.2,0,0,,1,0,0,3,0,0,54.3,0,0,0,0,S ALABAMA,1,0,1,0,,0,0,55.2,,74.1,0,288,29,0,26,0,0,13,0,0,58.6,0,0,0
184348,Jordan Scruggs,CB,6,0,,0,3,50,W VIRGINIA,4,D06,57,10,0,0,1,2027,0,27.5,15,3,44.1,0,0,30,0,0,0,66.1,46,0,1,0,W VIRGINIA,2,0,0,0,9,1,42.9,47.6,5,75.3,0,343,57,7,0,0,95.8,27,0,0,,0,1,0
184352,Achilles Woods,DI,0,0,,0,0,,S ALABAMA,0,D30,0,0,0,5,1,2029,13,,0,0,,0,0,0,1,0,0,50.3,0,0,0,0,S ALABAMA,0,0,0,0,,0,,49.4,,72,0,288,13,0,12,0,0,8,0,0,58.1,0,0,0
184364,Rondell Carter,S,0,0,,0,0,,TROY,0,D24,7,3,0,1,1,2028,0,,0,0,60,0,0,1,0,0,0,60,0,0,0,0,TROY,0,0,0,0,,0,,60.5,,71,0,318,7,0,0,0,0,5,0,0,60,4,0,0
184383,Charlie Collins,ED,0,0,,0,0,,ARKANSAS,1,D09,0,0,0,6,1,2029,24,73,0,0,,0,0,0,0,0,0,61.7,0,0,1,0,ARKANSAS,1,0,0,0,,0,0,51.4,,0,0,111,24,0,0,0,0,18,0,0,55.3,0,0,24
184395,Malik Blocton,DI,0,0,,0,3,,AUBURN,1,D47,0,0,0,14,1,2029,25,18.3,0,0,,2,0,0,8,1,0,45.9,0,0,0,0,AUBURN,0,0,2,0,,0,75,49.2,,74.5,0,115,25,0,10,0,0,11,0,0,59.1,0,0,6
184399,Jalyn Crawford,CB,2,0,,0,0,50,AUBURN,1,D23,37,1,0,0,1,2029,0,73.5,9,1,62.7,0,0,19,0,0,0,63.1,33,0,0,0,AUBURN,0,0,0,0,9,2,0,63.5,9,75.5,0,115,37,4,0,0,62.5,18,0,0,,1,0,0
184402,Kaleb Harris,S,3,0,,0,1,66.7,AUBURN,3,D08,28,12,0,1,1,2029,2,66.3,63,2,51.8,0,0,16,0,0,0,69.1,0,0,0,0,AUBURN,0,0,0,0,58,2,20,57.7,31.5,74.9,0,115,30,53,0,0,149.3,13,0,1,59.7,14,1,2
184405,Kensley Louidor-Faustin,CB,3,0,,0,0,0,AUBURN,0,D28,12,0,0,0,1,2029,0,,0,0,90.1,0,1,8,0,0,0,60.1,0,0,0,0,AUBURN,0,0,0,0,,12,,90.5,,75.1,0,115,12,0,0,1,0,4,0,0,,0,0,0
184410,De'marcus Riddick,LB,0,0,,0,0,,AUBURN,0,D06,4,4,0,1,1,2029,7,,0,0,62.2,0,0,5,0,0,0,54.4,0,0,0,0,AUBURN,0,0,0,0,,0,,55.8,,73.4,0,115,11,0,0,0,0,5,0,0,58.9,0,0,7
184415,Amaris Williams,ED,0,0,,0,0,,AUBURN,0,D10,0,0,0,5,1,2028,10,,0,0,,0,0,0,2,0,0,49.3,0,0,0,0,AUBURN,0,0,0,0,,0,,43.5,,72.9,0,115,10,0,0,0,0,5,0,0,56.3,0,0,8
184430,D'Antre Robinson,DI,0,0,,1,0,,N CAROLINA,1,D06,0,0,0,19,1,2029,35,70.2,0,0,,0,0,0,13,1,0,55.2,0,0,0,0,N CAROLINA,0,0,0,0,,0,0,53.6,,75.1,0,245,35,0,19,0,0,16,0,0,54.7,0,0,2
184431,Greg Smith,S,3,0,,0,0,66.7,N CAROLINA,3,D12,29,6,0,0,1,2029,0,79.4,6,2,76.3,0,0,18,0,0,0,65,4,0,0,0,N CAROLINA,3,0,0,0,6,9,0,76.2,3,74.4,0,245,29,5,0,0,70.1,11,0,0,,10,0,0
184438,Xavier Atkins,LB,0,0,,1,1,,AUBURN,10,D17,45,44,2,4,1,2029,1,62.8,0,0,91.4,0,0,21,0,0,0,53.1,0,1,0,0,AUBURN,6,0,3,0,,1,9.1,87.4,,74.8,0,115,46,0,0,0,0,21,2,0,78.1,0,0,1
184441,Ahmad Breaux,DI,0,0,,0,0,,LSU,0,D16,0,0,0,9,1,2029,27,,0,0,,0,0,0,8,1,0,47.3,0,0,0,0,LSU,0,0,0,0,,0,,47.5,,74.2,0,211,27,0,18,0,0,18,0,0,56.1,0,0,0
184444,Bernard Causey,CB,2,0,,0,0,100,GA STATE,2,D28,13,0,0,0,1,2029,0,76.2,25,2,51.4,0,0,6,0,0,0,60.1,13,0,0,0,GA STATE,0,0,0,0,18,0,0,52,12.5,71.9,0,175,13,10,0,0,158.3,7,0,0,,0,1,0
184456,CJ Jackson,ED,0,0,,0,0,,LSU,0,D14,0,0,0,1,1,2028,4,,0,0,,0,0,0,0,0,0,60,0,0,0,0,LSU,0,0,0,0,,0,,59.8,,70.3,0,211,4,0,0,0,0,3,0,0,59.9,0,0,4
184459,Davhon Keys,LB,1,0,,0,0,100,LSU,4,D42,29,25,0,1,1,2029,2,64.6,24,1,48.4,0,0,13,0,0,0,45.2,1,0,0,0,LSU,0,0,0,0,24,2,0,42.7,24,72.7,0,211,31,26,0,0,158.3,17,0,1,59.2,1,1,2
184462,Dominick McKinley,DI,0,0,,0,0,,LSU,0,D96,0,0,0,10,1,2029,17,,0,0,,1,0,0,3,1,0,37.2,0,0,0,0,LSU,0,0,1,0,,0,,41.7,,72.4,0,211,17,0,13,0,0,7,0,0,61,0,0,0
184465,Tylen Singleton,LB,0,0,,0,0,,LSU,0,D46,2,2,0,0,1,2029,0,,0,0,,0,0,0,0,0,0,60,0,0,0,0,LSU,0,0,0,0,,0,,60,,63.3,0,211,2,0,0,0,0,2,0,0,,0,0,0
184471,PJ Woodland,CB,5,0,,0,1,60,LSU,2,D11,37,1,0,0,1,2029,1,49,63,3,52.7,0,0,22,0,0,0,54.5,5,0,0,0,LSU,1,0,0,0,47,27,25,52.3,21,77.8,0,211,38,29,0,1,104.2,16,0,1,,4,0,1
184477,Trajen Greco,S,0,0,,0,0,,MISSOURI,0,D04,2,0,0,0,1,2029,0,,0,0,60.3,0,0,2,0,0,0,,0,0,0,0,MISSOURI,0,0,0,0,,0,,60.1,,66.2,0,229,2,0,0,0,0,0,0,0,,2,0,0
184487,Fred Johnson,LB,4,0,,0,1,75,S CAROLINA,3,D00,49,42,0,6,1,2029,1,42.8,30,3,50.9,1,0,30,0,0,0,52.3,1,0,0,0,S CAROLINA,1,0,1,0,19,6,25,50.3,10,73.7,0,289,50,9,0,1,95.8,14,1,0,60.7,0,0,1
184492,Wendell Gregory,ED,0,0,,0,1,,OKLA STATE,1,D04,0,0,0,11,1,2029,22,44.8,0,0,,1,0,0,3,0,0,64.1,0,0,2,0,OKLA STATE,1,1,1,0,,0,50,55.4,,0,0,262,22,0,0,0,0,11,1,0,71.8,0,0,19
184493,Kelvin Hunter,CB,0,0,,0,0,,S CAROLINA,0,D21,1,0,0,0,1,2029,0,,0,0,60,0,0,1,0,0,0,,0,0,0,0,S CAROLINA,0,0,0,0,,1,,60.4,,65.9,0,289,1,0,0,0,0,0,0,0,,0,0,0
184500,Dylan Stewart,ED,0,0,,0,0,,S CAROLINA,1,D06,0,0,0,37,1,2029,49,71.1,0,0,,4,0,0,1,0,0,66.5,0,1,0,0,S CAROLINA,1,0,5,0,,0,0,63.6,,78.1,0,289,49,0,0,0,0,12,1,0,59.7,0,0,48
184508,Xavier Filsaime,S,1,0,,0,0,100,TEXAS,7,D17,63,20,0,1,1,2028,0,83.6,11,1,66.3,0,0,42,0,0,0,71.7,1,0,0,0,TEXAS,1,0,0,0,11,8,0,68.5,11,79.3,0,311,63,6,0,0,112.5,20,0,0,59.1,34,0,0
184510,Alex January,DI,0,0,,0,0,,TEXAS,2,D97,0,0,1,31,1,2029,46,74.2,0,0,59.4,0,0,1,1,3,1,69,0,0,0,0,TEXAS,3,0,1,0,,0,0,65.2,,76.4,0,311,46,0,39,0,0,14,0,0,61.1,0,0,3
184513,Wardell Mack,CB,1,0,,0,0,100,TEXAS,1,D27,7,2,0,0,1,2029,0,75.1,5,1,53.7,0,0,3,0,0,0,60.5,0,0,0,0,TEXAS,0,0,0,0,5,5,0,53.8,5,68.5,0,311,7,0,0,0,87.5,4,0,0,,0,0,0
184515,Colin Simmons,ED,0,0,,0,1,,TEXAS,6,D01,3,2,0,37,1,2029,65,63.7,0,0,62.3,2,0,6,0,0,0,60.5,0,2,1,0,TEXAS,6,0,4,0,,1,14.3,60.3,,3.2,0,311,68,0,2,0,0,25,0,0,63.4,0,0,63
184516,Ty'Anthony Smith,LB,4,0,,0,2,25,TEXAS,1,D26,36,36,0,9,1,2029,1,24.6,21,1,40.2,1,0,19,0,0,0,69.7,0,0,0,0,TEXAS,1,0,1,0,21,0,66.7,48.2,21,75.8,0,311,37,26,0,0,49,9,0,0,59.1,0,0,1
184517,Zina Umeozulu,ED,0,0,,0,0,,TEXAS,0,D19,0,0,0,5,1,2029,9,,0,0,,0,0,0,1,0,0,52.5,0,0,0,0,TEXAS,0,0,0,0,,0,,49.7,,72.5,0,311,9,0,0,0,0,4,0,0,58.4,0,0,8
184523,Dontae Carter,S,2,0,,0,0,100,VANDERBILT,5,D01,32,3,0,0,1,2029,0,85.2,20,2,62.5,0,0,22,0,0,0,67.4,0,0,0,0,VANDERBILT,0,0,0,0,14,4,0,64.9,10,75.9,0,333,32,-1,0,0,108.3,10,0,2,,25,0,0
184529,Zabien Brown,CB,4,0,,0,0,50,ALABAMA,4,D02,61,7,0,1,1,2029,0,80.9,76,2,59.3,0,0,42,0,0,0,65.6,44,0,0,0,ALABAMA,2,0,0,0,54,8,0,60.3,38,76.7,0,103,61,1,0,1,135.4,18,0,1,59,2,1,0
184533,Isaia Faga,DI,0,0,,0,0,,ALABAMA,0,D88,0,0,0,1,1,2029,2,,0,0,,0,0,0,0,1,0,60,0,0,0,0,ALABAMA,0,0,0,0,,0,,60.2,,67,0,103,2,0,1,0,0,1,0,0,60,0,0,0
184539,Dre Kirkpatrick Jr.,S,0,0,,0,0,,ALABAMA,0,D21,3,1,0,0,1,2029,0,,0,0,60,0,0,1,0,0,0,60,0,0,0,0,ALABAMA,0,0,0,0,,1,,61.1,,66.6,0,103,3,0,0,0,0,2,0,0,,1,0,0
184541,Zavier Mincey,S,0,0,,0,0,,ALABAMA,0,D12,17,5,0,3,1,2029,1,,0,0,64.4,1,0,14,0,0,0,60,0,0,0,0,ALABAMA,0,0,1,0,,1,,66.5,,72.9,0,103,18,0,0,0,0,1,0,0,66.3,11,0,1
184542,Red Morgan,CB,2,0,,0,1,50,ALABAMA,1,D16,16,0,0,2,1,2029,0,23.9,15,1,47.4,0,0,7,0,0,0,53.5,0,0,0,0,ALABAMA,1,0,0,0,15,16,50,45.7,15,76.4,0,103,16,2,0,0,75,7,1,0,56,0,0,0
184544,Justin Okoronkwo,LB,5,0,,0,1,100,S CAROLINA,5,D17,51,43,0,6,1,2029,0,62.6,54,5,55.7,0,0,33,0,0,0,59.5,0,0,0,0,S CAROLINA,2,0,0,0,23,8,14.3,54.3,10.8,76.2,0,289,51,54,0,0,111.7,12,0,1,51.5,0,0,0
184588,Michael Boganowski,S,1,0,,0,1,100,OKLAHOMA,3,D25,18,9,0,0,1,2029,0,54.4,6,1,64.7,0,0,8,0,0,0,60.2,0,0,0,0,OKLAHOMA,0,0,0,0,6,2,20,63.6,6,71.9,0,261,18,9,0,0,91.7,10,0,1,,7,0,0
184589,Eli Bowen,CB,5,0,,0,3,40,OKLAHOMA,2,D23,74,5,0,0,1,2029,1,27,12,2,78.5,0,0,42,0,0,0,51.1,67,0,0,0,OKLAHOMA,2,0,0,0,7,2,60,74.5,6,78.2,0,261,75,4,0,1,47.9,33,0,0,,0,0,1
184594,Jaydan Hardy,S,0,0,,0,1,,OKLAHOMA,0,D01,13,4,0,1,1,2029,1,22.1,0,0,51.6,1,0,6,0,0,0,60.3,0,0,0,0,OKLAHOMA,0,0,1,0,,0,100,53.9,,72.8,0,261,14,0,0,0,0,7,0,0,60,9,0,1
184596,Jayden Jackson,DI,0,0,,0,0,,OKLAHOMA,3,D65,0,0,0,26,1,2029,44,73.8,0,0,,0,0,0,1,11,0,72.8,0,0,1,0,OKLAHOMA,3,0,0,0,,0,0,66.4,,0,0,261,44,0,31,0,0,18,1,0,63.1,0,0,1
184601,Danny Okoye,ED,0,0,,0,0,,OKLAHOMA,0,D16,0,0,0,2,1,2029,4,,0,0,60,0,0,1,0,0,0,60,0,0,0,0,OKLAHOMA,0,0,0,0,,0,,59.8,,69.8,0,261,4,0,0,0,0,1,0,0,58.1,0,0,4
184602,Reggie Powers III,S,2,0,,0,1,100,OKLAHOMA,1,D13,23,11,0,4,1,2029,11,30,71,2,39.6,0,0,19,0,0,0,61.1,0,0,0,1,OKLAHOMA,1,0,0,0,40,12,33.3,48.2,35.5,76.5,0,261,34,40,0,0,118.8,11,0,1,72.7,0,0,11
184605,David Stone,DI,0,0,,0,1,,OKLAHOMA,2,D00,0,0,0,25,1,2029,50,37.9,0,0,,0,0,0,3,11,0,65.9,0,0,0,0,OKLAHOMA,2,0,0,0,,0,33.3,64.2,,76.8,0,261,50,0,35,0,0,25,2,0,58.3,0,0,1
184635,Terhyon Nichols,CB,4,0,,0,0,75,KENTUCKY,3,D20,39,1,0,0,1,2029,1,79.8,118,3,38.6,0,0,26,0,0,0,65.3,38,0,0,0,KENTUCKY,1,0,0,0,62,0,0,41.7,39.3,75.8,0,202,40,11,0,0,156.3,14,0,1,,0,1,1
184641,Jerod Smith II,ED,0,0,,0,0,,KENTUCKY,2,D95,0,0,0,12,1,2029,22,72.7,0,0,,1,0,0,4,0,0,54.2,0,0,0,0,KENTUCKY,1,0,1,0,,0,0,59,,74.7,0,202,22,0,4,0,0,10,1,0,65,0,0,14
184644,Bobby Arnold,S,0,0,,0,0,,UTAH ST,0,D12,0,0,0,0,1,2027,2,,0,0,,0,0,0,0,0,0,60,0,0,0,0,UTAH ST,0,0,0,0,,0,,61.1,,68.3,0,329,2,0,0,0,0,2,0,0,,0,0,2
184661,Kevin Levy,CB,0,0,,0,0,,RUTGERS,0,D24,1,0,0,0,1,2029,0,,0,0,60,0,0,1,0,0,0,,1,0,0,0,RUTGERS,0,0,0,0,,0,,60.2,,63.5,0,278,1,0,0,0,0,0,0,0,,0,0,0
184665,Kaj Sanders,S,2,0,,0,1,100,RUTGERS,6,D05,46,39,0,5,1,2029,6,71.7,8,2,73.8,1,0,21,0,0,0,58.3,0,0,0,0,RUTGERS,3,0,1,0,7,2,9.1,67.8,4,78,0,278,52,11,0,0,83.3,26,0,4,57.4,5,0,6
184669,D.J. Bennett,DI,0,0,,0,1,,C MICHIGAN,0,D93,0,0,0,17,1,2027,22,23.1,0,0,,2,0,0,3,0,0,56.4,0,0,0,0,C MICHIGAN,0,0,2,0,,0,100,53,,73.4,0,134,22,0,19,0,0,5,0,0,54.3,0,0,0
184672,Jaion Jackson,CB,4,0,,0,0,50,C MICHIGAN,3,D04,52,6,0,1,1,2029,0,81.5,9,2,59.6,1,0,39,0,0,0,74.2,3,0,2,0,C MICHIGAN,1,0,1,0,12,43,0,62.7,4.5,79.3,0,134,52,4,0,1,56.3,12,1,2,58.3,0,0,0
184674,Pius Odjugo,DI,0,0,,0,0,,OHIO,2,D10,0,0,0,16,1,2026,27,72.1,0,0,,2,0,0,0,11,0,58,0,1,0,0,OHIO,1,0,3,0,,0,0,68.4,,75.1,0,259,27,0,16,0,0,11,0,0,75.4,0,0,0
184678,Xavier White,LB,1,0,,0,0,100,C MICHIGAN,3,D45,14,13,0,3,1,2029,1,79.1,12,1,52.6,1,0,7,0,0,0,74,0,0,0,0,C MICHIGAN,1,0,1,0,12,1,0,65.6,12,70.8,0,134,15,7,0,0,116.7,5,0,1,65.2,0,0,1
184713,Brett Karhu,ED,0,0,,0,0,,NEW MEXICO,1,D45,0,0,0,24,1,2027,43,73.7,0,0,,1,0,0,0,0,0,65,0,1,0,0,NEW MEXICO,0,0,2,0,,0,0,73.3,,78.4,0,241,43,0,2,0,0,19,0,0,73.7,0,0,41
184741,Kam Franklin,ED,0,0,,0,0,,OLE MISS,1,D05,1,1,1,30,1,2029,47,74.9,0,0,60,2,0,1,7,0,0,56.9,0,0,0,0,OLE MISS,2,0,3,0,,0,0,59.2,,77.2,0,226,48,0,13,0,0,17,0,1,60.5,0,0,27
184761,Marcus Ross,LB,0,0,,0,1,,LA MONROE,0,D30,31,31,0,4,1,2027,3,20.7,0,0,64.7,0,0,15,0,0,0,53.9,0,1,0,0,LA MONROE,0,0,1,0,,0,100,58.1,,72.6,0,209,34,0,0,0,0,15,0,0,55.5,0,0,3
184773,Joseph Harper,LB,1,0,,0,0,100,SO MISS,2,D53,16,16,0,4,1,2027,4,75.3,15,1,51.6,0,0,6,0,0,0,66,0,0,0,0,SO MISS,1,0,0,0,15,0,0,56.8,15,71.5,0,296,20,16,0,0,118.8,10,0,0,56.2,0,0,4
184776,Jameer Lewis,ED,1,0,,0,2,100,SO MISS,1,D16,0,0,0,6,1,2027,14,24.1,0,1,65.9,1,0,1,0,0,0,47,0,0,0,0,SO MISS,1,0,1,0,0,0,50,66.3,0,75.7,0,296,14,6,0,0,79.2,7,0,1,74,0,0,14
184780,Caleb Moore,DI,0,0,,0,0,,GA SOUTHRN,3,D93,1,1,0,27,1,2029,56,73.6,0,0,,0,0,0,8,0,0,58.8,0,0,0,0,GA SOUTHRN,2,0,0,0,,0,0,56.7,,76.6,0,174,57,0,45,0,0,30,0,0,54.3,0,0,3
184793,Eric Stuart,LB,1,0,,0,0,100,TEMPLE,4,D22,41,37,0,2,1,2027,1,81.4,8,1,57.4,0,0,17,0,0,0,69.1,0,0,0,0,TEMPLE,3,0,0,0,8,4,0,66.2,8,75.4,0,306,42,10,0,0,100,23,2,1,67.5,0,0,1
184794,Katin Surprenant,LB,0,0,,1,0,,TEMPLE,3,D18,22,19,1,2,1,2026,0,81.5,0,0,62.4,0,0,8,0,0,0,97,0,0,0,0,TEMPLE,3,0,1,0,,3,0,93.1,,71.7,0,306,22,0,0,0,0,12,0,2,68.9,0,0,0
184800,Myles Davis,S,0,0,,0,0,,TEXAS A&M,0,D29,12,8,0,0,1,2029,0,,0,0,63.2,0,0,8,0,0,0,60,0,0,0,0,TEXAS A&M,0,0,0,0,,3,,63.9,,72.3,0,312,12,0,0,0,0,4,0,0,,1,0,0
184808,Jordan Lockhart,LB,0,0,,0,0,,TEXAS A&M,1,D54,12,6,1,0,1,2029,0,79.8,0,0,63,0,0,8,0,0,0,56.9,0,0,1,0,TEXAS A&M,1,0,1,0,,6,0,59.1,,0,0,312,12,0,0,0,0,4,0,0,75.7,0,0,0
184814,Solomon Williams,ED,0,0,,0,0,,TEXAS A&M,0,D30,0,0,0,2,1,2029,4,,0,0,,1,0,0,0,0,0,60.5,0,0,0,0,TEXAS A&M,0,0,1,0,,0,,68.8,,69.6,0,312,4,0,1,0,0,2,0,0,66.9,0,0,3
184819,Kyland Reed,LB,0,0,,0,0,,BAYLOR,3,D45,42,38,0,5,1,2029,7,77.6,0,0,64.8,0,0,11,0,0,0,47,0,0,0,0,BAYLOR,2,0,0,0,,4,0,54.5,,75.9,0,118,49,0,0,0,0,33,0,0,64.6,0,0,7
184825,Wyatt Archer,S,0,0,,0,0,,IOWA STATE,0,D44,0,0,0,5,1,2028,7,,0,0,,0,0,0,0,0,0,60.5,0,0,0,0,IOWA STATE,0,0,0,0,,0,,58.1,,71.5,0,193,7,0,2,0,0,2,0,0,56.4,0,0,5
184827,Cael Brezina,LB,0,0,,0,0,,IOWA STATE,0,D09,3,3,0,1,1,2029,1,,0,0,,0,0,0,0,0,0,60.8,0,0,0,0,IOWA STATE,0,0,0,0,,0,,61.9,,68.6,0,193,4,0,0,0,0,3,0,0,59.7,0,0,1
184840,Quentin Taylor,CB,4,0,,0,0,75,IOWA STATE,2,D24,44,4,0,0,1,2029,0,78.2,36,3,65.9,0,0,27,0,0,0,57.4,40,0,0,0,IOWA STATE,0,0,0,0,17,0,0,64.8,12,75.4,0,193,44,2,0,1,102.1,17,0,1,,0,0,0
184841,Aydin Breland,DI,0,0,,0,0,,OREGON,0,D42,0,0,0,2,1,2029,2,,0,0,,0,0,0,0,0,0,,0,0,0,0,OREGON,0,0,0,0,,0,,58.4,,66.5,0,264,2,0,2,0,0,0,0,0,58.2,0,0,0
184845,Aaron Flowers,S,1,0,,0,0,0,OREGON,2,D21,39,18,0,0,1,2029,0,81.1,0,0,63.6,0,0,16,0,0,0,64.9,1,0,0,0,OREGON,0,0,0,0,,2,0,65.1,,74.8,0,264,39,0,0,0,39.6,23,0,2,,18,0,0
184846,Tionne Gray,DI,0,0,,0,1,,OREGON,0,D50,0,0,0,6,1,2029,17,22.2,0,0,,0,0,0,0,3,0,59.7,0,0,0,0,OREGON,0,0,0,0,,0,100,59.1,,73.4,0,264,17,0,14,0,0,11,0,0,57.9,0,0,0
184854,Kingston Lopa,S,0,0,,0,1,,OREGON,0,D02,7,1,0,0,1,2029,0,22.1,0,0,60.8,0,0,2,0,0,0,55.8,0,0,0,0,OREGON,0,0,0,0,,0,100,53.9,,69.7,0,264,7,0,0,0,0,5,0,0,,6,0,0
184880,Kaleb Beasley,S,0,0,,0,1,,TENNESSEE,3,D10,35,14,0,1,1,2029,0,47.5,0,0,58.5,0,0,17,0,0,0,66.3,0,0,0,0,TENNESSEE,1,0,0,0,,7,25,61.7,,75,0,307,35,0,0,0,0,17,0,0,60,14,0,0
184881,Boo Carter,CB,2,0,,1,0,100,TENNESSEE,1,D23,19,2,0,1,1,2029,2,74.8,63,2,34.2,1,0,11,0,0,0,61.7,0,0,1,0,TENNESSEE,0,0,1,0,56,15,0,36.9,31.5,75.4,0,307,21,32,0,0,158.3,9,0,0,59.1,2,1,2
184882,Edrees Farooq,S,3,1,,0,1,66.7,TENNESSEE,3,D15,62,17,0,3,1,2029,3,59.4,41,2,39.4,0,1,36,0,0,0,64,1,0,0,0,TENNESSEE,1,0,0,0,28,5,16.7,63.2,20.5,78,0,307,65,14,0,0,109.7,26,0,2,98.4,39,1,3
184892,Edwin Spillman,LB,6,0,,0,2,83.3,TENNESSEE,14,D13,67,56,0,8,1,2029,3,76.7,63,5,58.9,2,0,35,0,0,0,91,0,0,0,0,TENNESSEE,7,0,2,0,32,11,11.1,79.4,12.6,77.6,0,307,70,44,0,0,110.4,27,1,2,74.1,0,0,3
184917,Will Holmes,ED,0,0,,0,0,,UTAH ST,2,D24,0,0,0,4,1,2029,15,74.7,0,0,60.5,0,0,2,0,0,0,63.9,0,1,0,0,UTAH ST,0,0,1,0,,0,0,69,,75.6,0,329,15,0,0,0,0,9,0,0,68,0,0,15
184935,Emmett Laws,DI,0,0,,0,0,,VA TECH,0,D99,0,0,0,5,1,2029,7,70.2,0,0,,1,0,0,0,2,0,61.9,0,0,0,0,VA TECH,0,0,1,0,,0,0,62,,70.6,0,337,7,0,5,0,0,2,0,1,58.7,0,0,0
184946,Tyrese Boss,CB,3,0,,0,0,100,WYOMING,5,D08,46,5,0,0,1,2029,0,82.6,16,3,69.9,0,0,31,0,0,0,56.6,39,0,0,0,WYOMING,3,0,0,0,9,0,0,68.5,5.3,75.7,0,351,46,11,0,0,88.9,15,0,1,,2,0,0
184952,Markie Grant,CB,1,0,,0,0,0,WYOMING,0,D07,11,0,0,0,1,2030,0,,0,0,66.6,0,1,6,0,0,0,60,11,0,1,0,WYOMING,0,0,0,0,,0,,57.7,,0,0,351,11,0,0,0,0,5,0,0,,0,0,0
184968,Gary Rutherford,LB,0,0,,0,0,,WYOMING,0,D26,8,6,0,3,1,2030,0,,0,0,61.9,0,0,5,0,0,0,,0,0,0,0,WYOMING,0,0,0,0,,2,,60.5,,67.7,0,351,8,0,0,0,0,0,0,0,57.3,0,0,0
184971,Tegen Seeds,DI,0,0,,0,0,,WYOMING,0,D53,0,0,0,7,1,2030,12,,0,0,,0,0,0,0,3,0,58.2,0,0,0,0,WYOMING,0,0,0,0,,0,,56.6,,72.3,0,351,12,0,9,0,0,5,0,0,57.1,0,0,0
184976,Jamir Benjamin,CB,1,0,,0,0,0,UCLA,2,D12,11,1,0,0,1,2029,0,77,0,0,51.4,0,0,2,0,0,0,67.2,9,0,0,0,UCLA,1,0,0,0,,1,0,54.6,,70.5,0,324,11,0,0,0,39.6,9,0,0,,0,0,0
185156,Dylan Manuel,DI,0,0,,0,1,,APP STATE,0,D09,0,0,0,19,1,2029,36,29,0,0,,1,0,0,25,0,0,63.4,0,0,0,0,APP STATE,0,0,1,0,,0,50,62.4,,75.2,0,108,36,0,10,0,0,17,0,1,58.8,0,0,1
185222,Sanders Ellis,LB,0,0,,0,0,,PURDUE,0,D06,1,1,0,0,1,2029,0,,0,0,,0,0,0,0,0,0,60,0,0,0,0,PURDUE,0,0,0,0,,0,,43,,63.9,0,273,1,0,0,0,0,1,0,0,,0,0,0
185228,Caden Marshall,LB,1,0,,0,0,0,BOWL GREEN,3,D12,42,40,0,4,1,2029,0,80.9,0,0,64.1,1,0,19,0,0,0,69,0,0,0,0,BOWL GREEN,3,0,1,0,,2,0,69.3,,70.5,0,122,42,0,0,0,39.6,19,0,3,64.4,0,0,0
185321,Colin Gallagher,LB,0,0,,0,1,,DELAWARE,0,D58,7,7,0,0,1,2029,0,20,0,0,61.6,0,0,4,0,0,0,43.9,0,0,0,0,DELAWARE,0,0,0,0,,0,100,46.6,,70.5,0,151,7,0,0,0,0,3,0,0,,0,0,0
185326,Trace Scott III,ED,0,0,,0,0,,DELAWARE,1,D33,0,0,0,6,1,2029,12,70.8,0,0,60,0,0,1,4,0,0,60.6,0,1,1,0,DELAWARE,1,0,1,0,,0,0,53.1,,0,0,151,12,0,0,0,0,5,0,0,64.8,0,0,8
185506,Devin Rutherford,CB,0,0,,0,0,,MO STATE,0,D27,7,2,0,0,1,2029,0,,0,0,63.2,0,0,6,0,0,0,60,0,0,1,0,MO STATE,0,0,0,0,,5,,52.7,,0,0,230,7,0,0,0,0,1,0,0,,0,0,0
186020,Simeon Mitchell,DI,0,0,,0,0,,ARK STATE,0,D95,0,0,0,17,1,2026,35,,0,0,,0,0,0,0,12,0,51.8,0,0,0,0,ARK STATE,0,0,0,0,,0,,51.9,,75.8,0,113,35,0,23,0,0,18,0,0,56,0,0,0
186443,David Santiago,ED,1,0,,1,0,0,MICH STATE,1,D41,1,1,0,8,1,2028,19,76,0,0,60,2,0,1,1,0,1,78.9,0,0,0,0,MICH STATE,1,0,2,0,,0,0,68.6,,76.4,0,223,20,0,0,0,39.6,11,0,1,62,0,0,18
186504,Aiden Benton,ED,0,0,,0,1,,APP STATE,5,D33,1,1,0,23,1,2028,45,55.7,0,0,,2,0,0,3,0,0,65.6,0,1,0,0,APP STATE,3,0,3,0,,0,16.7,65.1,,76.5,0,108,46,0,27,0,0,23,0,0,60.5,0,0,15
186744,Julien Laventure,DI,0,0,,0,2,,AKRON,3,D01,1,0,0,41,1,2027,61,28.9,0,0,60,1,0,0,9,11,0,50.2,0,2,0,0,AKRON,2,0,3,0,,0,28.6,57.6,,77.5,0,102,62,0,38,0,0,21,1,2,63.8,0,0,3
186902,Charles Calhoun,ED,0,0,,0,1,,TEMPLE,3,D45,0,0,0,11,1,2026,20,53.3,0,0,,1,0,0,2,0,0,74.6,0,1,0,0,TEMPLE,2,0,2,0,,0,25,70.4,,76.3,0,306,20,0,0,0,0,9,1,0,57.2,0,0,18
187426,Miles Greer,S,0,0,,0,0,,BUFFALO,2,D06,44,12,0,3,1,2028,1,82.1,0,0,66.8,2,0,15,0,0,0,69.9,1,0,0,0,BUFFALO,0,0,2,0,,15,0,68.1,,87.4,0,126,45,0,0,0,0,27,0,1,55.4,15,0,1
187529,Pooh Lawton,S,1,0,,0,0,0,TEMPLE,1,D16,18,7,0,0,1,2027,0,76.4,0,0,72.8,0,0,9,0,0,0,65,0,0,0,0,TEMPLE,0,0,0,0,,6,0,73,,70.8,0,306,18,0,0,0,39.6,9,0,0,,5,0,0
187601,Traevon Mitchell,DI,0,0,,0,0,,USF,2,D08,0,0,0,37,1,2027,47,73.8,0,0,,3,0,0,0,29,0,87.2,0,1,0,0,USF,2,0,4,0,,0,0,83,,77.6,0,327,47,0,18,0,0,10,1,1,68.7,0,0,0
187816,Demarcus Hendricks,ED,0,0,,0,1,,ARK STATE,6,D10,0,0,2,19,1,2026,47,64.8,0,0,58.4,0,0,1,19,0,0,62.1,0,0,0,0,ARK STATE,5,0,2,0,,0,14.3,63.4,,76.8,0,113,47,0,1,0,0,27,1,0,67.5,0,0,27
188019,Cody Sigler,DI,0,0,,0,1,,ARK STATE,2,D94,0,0,0,24,1,2028,47,36.8,0,0,60,4,0,0,17,2,0,74.3,0,0,0,0,ARK STATE,2,0,4,0,,0,33.3,74.5,,75.8,0,113,47,0,27,0,0,23,0,0,64.8,0,0,1
188077,Qua Moss,S,1,0,,0,1,0,KANSAS ST,1,D06,40,15,0,3,1,2028,0,47.7,0,0,60.7,0,0,23,0,0,0,48,0,0,0,0,KANSAS ST,0,0,0,0,,25,25,56,,74.2,0,199,40,0,0,0,39.6,14,0,2,57.5,0,0,0
188134,Demetrius Ballard,ED,0,0,,0,0,,BUFFALO,0,D13,1,0,0,6,1,2029,12,74.3,0,0,61,0,0,1,6,0,0,66,0,0,0,0,BUFFALO,0,0,0,0,,0,0,64.2,,71.8,0,126,13,0,0,0,0,6,0,2,56.1,0,0,6
188135,Kobi Blackwell,CB,5,0,,0,0,20,BUFFALO,1,D36,55,0,0,0,1,2029,2,74.2,7,1,82.6,0,0,28,0,0,0,63.8,55,0,0,0,BUFFALO,0,0,0,0,7,0,0,81.7,7,77.5,0,126,57,3,0,2,39.6,29,0,0,,0,0,2
188141,Ronnell Davis,CB,0,0,,0,0,,BUFFALO,0,D22,1,0,0,0,1,2029,0,,0,0,,0,0,0,0,0,0,60,0,0,0,0,BUFFALO,0,0,0,0,,0,,60,,73.9,0,126,1,0,0,0,0,1,0,0,,0,0,0
188146,John Keough,S,0,0,,0,0,,BUFFALO,0,D16,3,0,0,0,1,2029,0,,0,0,60.9,0,0,2,0,0,0,60,0,0,0,0,BUFFALO,0,0,0,0,,0,,61,,65,0,126,3,0,0,0,0,1,0,0,,2,0,0
188160,Tyrell Simmons Jr.,WR,0,0,,0,0,,BUFFALO,0,84,1,0,0,0,1,2029,0,,0,0,,0,0,0,0,0,0,60,0,0,0,0,BUFFALO,0,0,0,0,,0,,60,,60,0,126,1,0,0,0,0,1,0,0,,0,0,0
188168,Brooklyn Cheek,S,2,0,,0,0,50,WYOMING,2,D25,5,2,0,0,1,2030,0,79.8,6,1,58.7,0,0,4,0,0,0,60,0,0,0,0,WYOMING,1,0,0,0,6,2,0,59,6,67.2,0,351,5,2,0,0,56.3,1,0,0,,1,0,0
188190,Daniel James,CB,1,0,,0,0,0,CINCINNATI,0,D25,10,0,0,1,1,2029,3,,0,0,46,0,0,4,0,0,0,61,10,0,0,0,CINCINNATI,0,0,0,0,,0,,47,,74.4,0,138,13,0,0,0,39.6,8,0,0,60,0,0,3
188195,Marquaze Parker,ED,0,0,,0,0,,CINCINNATI,0,D98,0,0,1,16,1,2029,28,73.6,0,0,,0,0,0,10,0,0,45.7,0,0,0,0,CINCINNATI,0,0,1,0,,0,0,56.6,,75,0,138,28,0,1,0,0,12,0,1,67.9,0,0,17
188203,Montay Weedon,LB,0,0,,0,0,,CINCINNATI,0,D44,2,1,0,0,1,2029,0,76.2,0,0,71.1,0,0,2,0,0,0,,0,0,0,0,CINCINNATI,0,0,0,0,,1,0,78.6,,66.1,0,138,2,0,0,0,0,0,0,1,,0,0,0
188220,Antonio Bottiggi,ED,0,0,,0,0,,KENT STATE,0,D44,0,0,0,4,1,2029,15,71.5,0,0,,0,0,0,4,0,0,62,0,0,0,0,KENT STATE,0,0,0,0,,0,0,61.3,,73.5,0,201,15,0,0,0,0,11,0,1,57.8,0,0,11
188223,Aiden Burgess,DI,0,0,,0,0,,KENT STATE,0,D52,0,0,0,1,1,2029,10,,0,0,,0,0,0,0,1,0,64,0,0,0,0,KENT STATE,0,0,0,0,,0,,64.8,,71.2,0,201,10,0,9,0,0,9,0,0,60,0,0,0
188224,Josue Cordoba,DI,0,0,,0,0,,KENT STATE,0,D55,0,0,0,1,1,2029,3,,0,0,,0,0,0,0,0,0,61,0,0,0,0,KENT STATE,0,0,0,0,,0,,63.4,,67.5,0,201,3,0,3,0,0,2,0,0,60,0,0,0
188236,Jaire Rawlison,CB,4,0,,0,0,50,KENT STATE,1,D22,55,6,0,0,1,2029,4,79.4,21,2,54.5,0,0,19,0,0,0,61.8,47,0,0,0,KENT STATE,0,0,0,0,13,2,0,56.9,10.5,77.8,0,201,59,2,0,1,105.2,40,0,3,,0,1,4
188238,Clinton Robinson,S,0,0,,0,0,,KENT STATE,0,D38,2,0,0,0,1,2029,0,,0,0,60.4,0,0,2,0,0,0,,0,0,0,0,KENT STATE,0,0,0,0,,0,,60.2,,66.6,0,201,2,0,0,0,0,0,0,0,,2,0,0
188239,Jaihien Roy,ED,0,0,,0,0,,KENT STATE,0,D33,1,1,0,15,1,2029,28,73,0,0,63.3,1,0,4,1,0,0,61.7,0,0,0,0,KENT STATE,0,0,1,0,,0,0,61.7,,77.8,0,201,29,0,0,0,0,10,0,1,57.1,0,0,27
188270,OJ Alexander,DI,0,0,,0,0,,MIAMI OH,0,D99,0,0,0,5,1,2029,14,70.2,0,0,,0,0,0,0,0,0,60.2,0,0,0,0,MIAMI OH,0,0,0,0,,0,0,59.7,,72.1,0,221,14,0,14,0,0,9,0,1,58.2,0,0,0
188273,Toney Coleman Jr.,CB,1,0,,0,0,100,MIAMI OH,0,D21,4,0,0,0,1,2029,0,,43,1,30,0,0,3,0,0,0,60,4,0,0,0,MIAMI OH,0,0,0,0,43,0,,28.2,43,68,0,221,4,0,0,0,158.3,1,0,0,,0,1,0
188276,Jayden Fuller,DI,0,0,,0,0,,MIAMI OH,0,D50,2,2,0,4,1,2029,2,,0,0,,0,0,0,0,0,0,,0,0,0,0,MIAMI OH,0,0,0,0,,0,,68.9,,69.2,0,221,4,0,2,0,0,0,0,0,66.9,0,0,0
188278,William Goodvine III,DI,0,0,,0,0,,MIAMI OH,0,D97,0,0,0,3,1,2029,4,,0,0,,0,0,0,0,0,0,60,0,0,0,0,MIAMI OH,0,0,0,0,,0,,59.7,,68.6,0,221,4,0,4,0,0,1,0,0,58.6,0,0,0
188286,Kaleb Martin,CB,2,0,,0,1,50,MIAMI OH,2,D17,64,5,0,0,1,2029,0,37.7,3,1,75.3,0,0,34,0,0,0,52,58,0,0,0,MIAMI OH,1,0,0,0,3,1,33.3,71.6,3,76.4,0,221,64,-2,0,0,56.3,30,0,0,,0,0,0
188289,Brach Rice,DI,0,0,,0,0,,MIAMI OH,1,D47,0,0,0,17,1,2029,39,70.2,0,0,,0,0,0,0,0,0,50.8,0,1,0,0,MIAMI OH,0,0,1,0,,0,0,58.2,,75.2,0,221,39,0,39,0,0,22,0,0,70.1,0,0,0
188294,Kash Dillon,ED,0,0,,0,0,,UTAH,1,D93,1,1,1,16,1,2029,26,75.5,0,0,60,1,0,1,3,1,0,73.8,0,0,0,0,UTAH,1,0,2,0,,0,0,69.1,,76.6,0,328,27,0,2,0,0,10,0,1,58.7,0,0,20
188295,Elijah Elliss,LB,1,0,,0,0,100,UTAH,2,D83,12,11,1,4,1,2029,4,77.9,-1,1,72.7,0,0,5,0,0,0,70.4,0,0,0,0,UTAH,3,0,1,0,-1,1,0,80.9,-1,73,0,328,16,3,0,0,79.2,7,1,0,65.4,0,0,4
188303,LaTristan Thompson,CB,3,0,,0,1,33.3,UTAH,1,D29,19,0,0,0,1,2029,0,41.3,7,1,45.3,0,0,12,0,0,0,52.2,0,0,0,0,UTAH,0,0,0,0,7,19,50,43.1,7,76.1,0,328,19,1,0,0,42.4,7,0,0,,0,0,0
188312,Kyran Duhon,ED,0,0,,0,0,,OKLA STATE,0,D33,0,0,0,8,1,2029,20,70.8,0,0,,0,0,0,3,0,0,70.3,0,0,0,0,OKLA STATE,0,0,0,0,,0,0,66.7,,74.8,0,262,20,0,0,0,0,12,0,1,55.5,0,0,17
188330,Brandon Barnes,S,0,0,,0,0,,ARK STATE,2,D08,65,28,0,0,1,2029,2,83,0,0,72.8,0,0,38,0,0,0,71.8,0,0,0,0,ARK STATE,0,0,0,0,,7,0,74.6,,78,0,113,67,0,0,0,0,29,0,3,,30,0,2
188366,Kyle Williams,CB,2,0,,0,0,50,ARK STATE,0,D13,24,2,0,0,1,2029,1,,21,1,46.4,0,0,12,0,0,0,62.4,19,0,0,0,ARK STATE,0,0,0,0,21,1,,49,21,74.1,0,113,25,4,0,0,87.5,13,0,0,,2,0,1
188368,CJ Allen Jr.,LB,0,0,,0,0,,GA SOUTHRN,0,D30,4,4,0,0,1,2029,0,,0,0,60,0,0,1,0,0,0,55.4,0,0,0,0,GA SOUTHRN,0,0,0,0,,0,,51.5,,64.8,0,174,4,0,0,0,0,3,0,0,,0,0,0
188371,Jaylen Bentley,S,1,0,,0,0,0,GA SOUTHRN,2,D32,17,13,0,0,1,2029,1,77.1,0,0,64.3,0,0,9,0,0,0,65.8,0,0,0,0,GA SOUTHRN,0,0,0,0,,1,0,66.8,,72.4,0,174,18,0,0,0,39.6,9,0,0,,3,0,1
188372,Jaquari Brown,CB,2,0,,0,1,0,GA SOUTHRN,0,D20,45,1,0,1,1,2029,0,21.7,0,0,68.9,0,0,20,0,0,0,63.6,43,0,0,0,GA SOUTHRN,0,0,0,0,,1,100,68.8,,75.9,0,174,45,0,0,1,39.6,24,0,0,60,0,0,0
188374,Devin Collier,S,1,0,,0,0,100,GA SOUTHRN,1,D29,8,8,0,0,1,2029,1,74.8,8,1,63.7,0,0,2,0,0,0,61,0,0,0,0,GA SOUTHRN,0,0,0,0,8,0,0,65.2,8,68.8,0,174,9,5,0,0,100,7,0,0,,0,0,1
188376,Phillip Gladney,CB,0,0,,0,0,,GA SOUTHRN,0,D24,11,1,0,0,1,2029,3,,0,0,61.9,0,0,5,0,0,1,67.2,0,0,0,0,GA SOUTHRN,0,0,0,0,,8,,66.4,,75,0,174,14,0,0,0,0,9,0,0,,2,0,3
188384,Nasir Smith,DI,0,0,,0,0,,KENNESAW,1,D99,0,0,1,5,1,2029,8,71.9,0,0,,0,0,0,0,0,0,55.7,0,0,0,0,KENNESAW,2,0,1,0,,0,0,60.6,,70.3,0,200,8,0,8,0,0,3,0,0,66.5,0,0,0
188429,Taylor Powell,CB,0,0,,0,0,,N ILLINOIS,2,D33,11,3,0,0,1,2030,0,78.3,0,0,62.7,0,0,4,0,0,0,72.5,0,0,0,0,N ILLINOIS,0,0,0,0,,8,0,70.8,,69.7,0,254,11,0,0,0,0,7,0,1,,0,0,0
188430,Dev'ion Reynolds,CB,4,0,,0,1,25,N ILLINOIS,6,D09,66,14,0,0,1,2029,0,69.3,15,1,60,0,0,36,0,0,0,63.3,52,0,1,0,N ILLINOIS,1,0,0,0,15,0,14.3,61.1,15,75.6,0,254,66,0,0,1,42.7,30,0,0,,0,0,0
188455,Nathan Hale,DI,0,0,,0,0,,OHIO,1,D57,0,0,0,10,1,2027,18,70.2,0,0,,0,0,0,3,0,0,61.5,0,0,0,0,OHIO,1,0,0,0,,0,0,59.6,,73.2,0,259,18,0,15,0,0,8,0,0,56.5,0,0,0
188483,Charles Correa,LB,2,0,,0,2,100,PURDUE,6,D05,66,65,0,5,1,2029,0,50,17,2,57.4,1,0,24,0,0,0,61.1,0,0,0,0,PURDUE,5,0,1,0,9,1,20,61.7,8.5,76.4,0,273,66,16,0,0,102.1,37,0,2,69.4,0,0,0
188517,Jaylin Lackey,CB,3,0,,0,0,66.7,VANDERBILT,2,D27,20,5,0,0,1,2029,0,76.7,51,2,59.7,0,0,17,0,0,0,60,1,0,0,0,VANDERBILT,0,0,0,0,36,14,0,56.9,25.5,74,0,333,20,3,0,0,109.7,3,0,0,,0,0,0
188523,Glenn Seabrooks III,DI,0,0,,0,1,,VANDERBILT,2,D53,1,1,0,10,1,2029,32,44.8,0,0,59.4,0,0,1,1,5,0,47.9,0,0,0,0,VANDERBILT,0,0,0,0,,0,25,48.1,,75.2,0,333,33,0,26,0,0,22,0,1,56.8,0,0,0
188662,Jah Jah Boyd,S,0,0,,0,0,,INDIANA,2,D16,8,0,0,0,1,2029,0,80.9,0,0,64.6,0,0,4,0,0,0,65.5,0,0,0,0,INDIANA,0,0,0,0,,2,0,68,,71.9,0,190,8,0,0,0,0,4,0,1,,6,0,0
188665,Rolijah Hardy,LB,2,0,,0,2,100,INDIANA,2,D21,43,40,2,9,1,2029,3,42.8,22,2,51.6,2,0,23,0,0,0,75.6,0,0,0,0,INDIANA,3,0,4,0,18,2,33.3,66,11,76.8,0,190,46,4,0,0,112.5,14,0,2,70.6,0,0,3
188672,Kaden McConnell,LB,0,0,,0,0,,INDIANA,0,D38,2,2,0,0,1,2029,0,,0,0,,0,0,0,0,0,0,52,0,0,0,0,INDIANA,0,0,0,0,,0,,27.1,,66.3,0,190,2,0,0,0,0,2,0,0,,0,0,0
188678,Malcolm Alcorn-Crowder,DI,0,0,,0,0,,KANSAS ST,2,D55,0,0,1,19,1,2028,40,74.5,0,0,,1,0,0,7,0,1,56.4,0,0,0,0,KANSAS ST,3,0,2,0,,0,0,64.9,,75.2,0,199,40,0,33,0,0,21,0,1,73,0,0,0
188679,Holden Bass,DI,0,0,,0,0,,KANSAS ST,0,D75,0,0,0,1,1,2029,1,,0,0,,0,0,0,0,0,0,,0,0,0,0,KANSAS ST,0,0,0,0,,0,,60,,64.7,0,199,1,0,1,0,0,0,0,0,60,0,0,0
188692,Zashon Rich,CB,6,0,,0,2,66.7,KANSAS ST,8,D25,69,3,0,1,1,2029,1,51.9,29,4,55.2,0,0,39,0,0,0,49.2,64,0,0,0,KANSAS ST,1,0,0,0,8,2,20,53.3,7.3,77.7,0,199,70,8,0,0,77.8,30,0,0,59.1,0,0,1
188706,Jaylin Hicks,DI,0,0,,0,0,,MINNESOTA,0,D55,0,0,0,5,1,2029,16,,0,0,,1,0,0,0,0,0,70.8,0,0,0,0,MINNESOTA,0,0,1,0,,0,,74.9,,72.6,0,225,16,0,14,0,0,11,0,0,66.9,0,0,2
188710,Koi Perich,S,1,0,,0,0,100,MINNESOTA,4,D03,46,32,0,3,1,2029,5,80.5,-2,1,45.8,0,0,22,0,0,0,58.4,0,0,0,0,MINNESOTA,1,0,0,0,-2,3,0,50,-2,75.3,0,225,51,4,0,0,79.2,26,0,0,59.3,11,0,5
188716,Riley Sunram,DI,0,0,,0,0,,MINNESOTA,1,D93,0,0,0,3,1,2029,6,70.2,0,0,,0,0,0,0,1,0,65.3,0,0,0,0,MINNESOTA,1,0,0,0,,0,0,68.6,,70,0,225,6,0,5,0,0,3,0,0,59.5,0,0,0
188721,LaDainian Fields,CB,0,0,,0,1,,OKLA STATE,0,D09,32,1,0,0,1,2029,0,21.4,0,0,75.4,0,0,22,0,0,0,61.3,31,0,0,0,OKLA STATE,0,0,0,0,,0,100,75.5,,74.8,0,262,32,0,0,0,0,10,0,0,,0,0,0
188731,Jacobi Oliphant Jr.,LB,1,0,,0,0,100,OKLA STATE,1,D26,11,7,0,1,1,2029,2,76.9,24,1,44.4,0,0,7,0,0,0,64.9,0,0,0,0,OKLA STATE,0,0,0,0,24,4,0,49.3,24,71.1,0,262,13,11,0,0,118.8,5,0,0,59.4,0,0,2
188734,Yamil Talib,ED,0,0,,0,0,,CHARLOTTE,0,D20,0,0,0,16,1,2029,30,75.4,0,0,77.7,2,1,5,2,0,0,71,0,0,0,0,CHARLOTTE,0,0,2,0,,0,0,79.5,,77.2,0,136,30,0,1,0,0,9,0,3,66.1,0,0,27
188737,Luke Webb,DI,0,0,,0,0,,OKLA STATE,1,D98,0,0,0,7,1,2029,18,72.4,0,0,,0,0,0,0,0,0,72.2,0,0,0,0,OKLA STATE,1,0,0,0,,0,0,70.4,,72.9,0,262,18,0,18,0,0,11,0,1,57.1,0,0,0
188748,Miller Malone,LB,5,0,,0,4,100,W KENTUCKY,7,D08,75,62,0,5,1,2029,1,40.7,24,5,77.7,0,0,42,0,0,0,67.4,0,0,0,0,W KENTUCKY,6,0,0,0,8,12,28.6,76.7,4.8,74.6,0,346,76,32,0,0,86.7,29,3,3,67.3,0,0,1
188762,Mysonne Pollard,S,4,0,,0,1,75,DELAWARE,4,D02,70,15,0,1,1,2026,0,68.6,30,3,57.4,0,0,54,0,0,0,71.9,0,0,0,0,DELAWARE,0,0,0,0,13,28,11.1,60.5,10,79.6,0,151,70,13,0,0,95.8,15,0,4,58.9,27,0,0
188773,Devon Jordan,CB,1,0,,0,0,100,OKLAHOMA,3,D12,15,1,0,1,1,2029,1,77.9,21,1,60,0,0,11,0,0,0,62.7,14,0,0,0,OKLAHOMA,0,0,0,0,21,0,0,61.5,21,73.3,0,261,16,12,0,0,118.8,4,0,0,60,0,0,1
188811,Krishna Clay,DI,0,0,,0,0,,S DIEGO ST,1,D54,0,0,0,9,1,2028,17,71.9,0,0,,0,0,0,0,1,0,61.9,0,0,1,0,S DIEGO ST,1,0,0,0,,0,0,60.4,,73,0,284,17,0,16,0,0,8,0,1,57.1,0,0,0
188829,Prince Williams,CB,2,0,,0,0,100,S DIEGO ST,1,D13,8,0,0,0,1,2030,0,73.5,22,2,57.3,0,0,8,0,0,0,,8,0,0,0,S DIEGO ST,0,0,0,0,14,0,0,57.1,11,70.5,0,284,8,-1,0,0,112.5,0,0,0,,0,0,0
188852,Joe Asiain,DI,0,0,,0,0,,STANFORD,0,D55,0,0,0,2,1,2029,12,,0,0,,0,0,0,2,0,0,56,0,0,0,0,STANFORD,0,0,0,0,,0,,55.7,,71.2,0,300,12,0,9,0,0,10,0,0,59.7,0,0,1
188853,Connor Bachhuber,DI,0,0,,0,0,,STANFORD,1,D96,0,0,0,1,1,2029,7,70.2,0,0,,0,0,0,0,0,0,64.6,0,0,0,0,STANFORD,1,0,0,0,,0,0,65.8,,70.2,0,300,7,0,7,0,0,6,0,0,60,0,0,0
188860,Darrius Davis,S,1,0,,0,1,100,STANFORD,2,D29,27,15,0,0,1,2029,0,53.7,16,1,57.3,0,0,12,0,0,0,53,0,0,0,0,STANFORD,0,0,0,0,16,2,33.3,54.5,16,73.7,0,300,27,2,0,0,118.8,15,0,0,,10,0,0
188863,Charlie Eckhardt,S,2,0,,0,2,0,STANFORD,3,D39,51,26,0,1,1,2029,0,36.7,0,0,49.4,0,0,25,0,0,0,58.2,0,0,0,0,STANFORD,1,0,0,0,,6,33.3,51.4,,75.6,0,300,51,0,0,0,39.6,25,0,1,60,19,0,0
188870,Jacobi Murray,DI,0,0,,0,0,,STANFORD,1,D42,0,0,0,5,1,2029,20,70.1,0,0,,0,0,0,0,14,0,68,0,0,0,0,STANFORD,1,0,0,0,,0,0,68.4,,74.6,0,300,20,0,6,0,0,15,0,0,59.6,0,0,0
188871,Brandon Nicholson,CB,0,0,,0,3,,STANFORD,0,D09,37,3,0,1,1,2029,0,18.6,0,0,66.9,0,0,14,0,0,0,28.8,34,0,0,0,STANFORD,0,0,0,0,,0,100,52.2,,74.5,0,300,37,0,0,0,0,22,0,0,60,0,0,0
188890,Jordan Ross,ED,0,0,,0,0,,TENNESSEE,1,D29,0,0,0,17,1,2029,32,74.6,0,0,62.1,1,0,2,1,0,0,55.7,0,0,0,0,TENNESSEE,0,0,1,0,,0,0,59.5,,77.8,0,307,32,0,0,0,0,13,0,1,60.9,0,0,31
189008,Richard Kramer,ED,0,0,,0,0,,GA STATE,0,D95,0,0,0,2,1,2029,5,,0,0,,0,0,0,2,0,0,58.2,0,0,0,0,GA STATE,0,0,0,0,,0,,63.3,,68.7,0,175,5,0,2,0,0,3,0,0,66.9,0,0,1
189024,Josh Anglin,LB,1,0,,0,0,100,TULSA,1,D26,21,20,0,0,1,2029,2,73.1,8,1,55.8,0,0,11,0,0,0,65.6,0,0,0,0,TULSA,0,0,0,0,8,1,0,60.1,8,73.3,0,320,23,2,0,0,100,12,0,0,,0,0,2
189401,Eric Brantley Jr.,ED,1,0,,0,2,100,FAU,4,D10,0,0,0,5,1,2028,37,29.9,19,1,49.7,0,0,1,0,0,0,69.6,0,0,0,0,FAU,2,0,0,0,19,0,28.6,62.7,19,79.4,0,165,37,4,0,0,118.8,31,0,1,64.8,0,0,37
189411,Amontrae Bradford,ED,0,0,,0,0,,GA TECH,2,D98,0,0,0,11,1,2029,21,77,0,0,60.5,0,0,2,0,0,0,57.2,0,0,0,0,GA TECH,1,0,0,0,,0,0,55.3,,77.1,0,176,21,0,0,0,0,8,0,1,54.3,0,0,21
189413,Nehemiah Chandler,CB,5,0,,0,0,20,S ALABAMA,1,D06,65,0,0,0,1,2029,0,77,4,1,72.6,0,0,36,0,0,0,66.9,64,0,0,0,S ALABAMA,0,0,0,0,4,1,0,73,4,77.5,0,288,65,9,0,2,39.6,29,0,1,,0,0,0
189419,Uche Iloh,DI,0,0,,0,0,,GA SOUTHRN,0,D98,0,0,0,9,1,2029,13,,0,0,,0,0,0,2,2,0,48.4,0,0,0,0,GA SOUTHRN,0,0,0,0,,0,,45,,72.2,0,174,13,0,7,0,0,4,0,0,56.1,0,0,2
189421,Landen Marshall,DI,0,0,,0,0,,GA TECH,1,D97,0,0,0,15,1,2029,22,70.2,0,0,60,1,0,0,0,2,0,54.5,0,0,0,0,GA TECH,0,0,1,0,,0,0,53.7,,73.7,0,176,22,0,20,0,0,7,0,0,55.3,0,0,0
189426,Christian Pritchett,S,0,0,,0,0,,GA TECH,0,D36,4,1,0,0,1,2028,0,,0,0,62.1,0,0,4,0,0,0,,0,0,0,0,GA TECH,0,0,0,0,,1,,62,,67.1,0,176,4,0,0,0,0,0,0,0,,2,0,0
189431,Armondo Blount,DI,0,0,,0,0,,MIAMI FL,1,D18,0,0,1,13,1,2029,19,73.8,0,0,,2,0,0,5,0,0,78.6,0,0,0,0,MIAMI FL,2,0,3,0,,0,0,78.1,,72.9,0,220,19,0,12,0,0,6,0,0,64.7,0,0,2
189439,Romanas Frederique Jr.,CB,0,0,,0,0,,MIAMI FL,1,D29,12,3,0,1,1,2029,0,74.2,0,0,62.7,0,0,4,0,0,0,57,9,0,0,0,MIAMI FL,0,0,0,0,,0,0,59.2,,70.3,0,220,12,0,0,0,0,7,0,0,58.3,0,0,0
189445,Booker Pickett Jr.,ED,0,0,,0,1,,MIAMI FL,0,D33,0,0,0,5,1,2029,12,24.9,0,0,60.3,0,0,2,0,0,0,57.7,0,1,0,0,MIAMI FL,0,0,1,0,,0,100,56,,74.6,0,220,12,0,0,0,0,5,0,0,55.5,0,0,12
189450,Daylen Russell,DI,0,0,,0,0,,MIAMI FL,1,D90,0,0,0,0,1,2029,2,70.1,0,0,,0,0,0,0,2,0,61.4,0,0,0,0,MIAMI FL,0,0,0,0,,0,0,63,,67.6,0,220,2,0,0,0,0,2,0,0,,0,0,0
189451,Justin Scott,DI,0,0,,0,0,,MIAMI FL,0,D05,0,0,0,9,1,2029,17,,0,0,,0,0,0,2,1,0,58.2,0,0,0,0,MIAMI FL,0,0,0,0,,0,,60.3,,73.3,0,220,17,0,14,0,0,8,0,0,61.9,0,0,0
189464,Xavyer Arrington,DI,0,0,,0,0,,NAVY,1,D94,0,0,0,25,1,2029,29,70.1,0,0,,0,0,0,7,8,0,63.3,0,0,0,0,NAVY,1,0,0,0,,0,0,59.8,,74.9,0,237,29,0,14,0,0,4,0,0,57,0,0,0
189490,Phillip Hamilton,S,5,0,,0,2,60,NAVY,4,D18,85,29,0,0,1,2029,0,49.9,35,3,70.3,0,0,69,0,0,0,63.1,1,0,0,0,NAVY,2,0,0,0,15,29,28.6,70.3,11.7,79.2,0,237,85,20,0,0,81.3,16,0,1,,26,0,0
189508,Julien Moutome,ED,0,0,,0,0,,NAVY,1,D90,0,0,1,18,1,2028,29,74.1,0,0,,0,0,0,5,0,0,61.3,0,0,0,0,NAVY,1,0,1,0,,0,0,63.7,,76.2,0,237,29,0,0,0,0,11,0,0,62.8,0,0,24
189509,MarcAnthony Parker,LB,9,0,,0,1,88.9,NAVY,7,D56,64,43,0,6,1,2029,2,66.7,68,8,52.2,1,0,49,0,0,1,57,0,0,0,0,NAVY,3,0,1,0,19,21,10,53.1,8.5,78.7,0,237,66,40,0,0,135.2,11,0,2,61.6,0,1,2
189517,Justin Ross,CB,1,0,,0,0,100,NAVY,0,D17,1,0,0,0,1,2029,0,,43,1,60,0,0,1,0,0,0,,1,0,0,0,NAVY,0,0,0,0,43,0,,33.2,43,66,0,237,1,0,0,0,158.3,0,0,0,,0,1,0
189530,Davin Brewton,LB,1,0,,0,0,100,PITTSBURGH,1,D37,7,6,0,3,1,2029,2,74.3,15,1,50.9,1,0,2,0,0,0,60.4,0,0,0,0,PITTSBURGH,0,0,1,0,15,1,0,47.1,15,69.8,0,268,9,11,0,0,118.8,4,0,0,55.5,0,0,2
189532,Allen Bryant,S,1,0,,0,0,0,PITTSBURGH,1,D26,11,4,0,0,1,2029,0,74.8,0,0,55.6,0,0,8,0,0,0,60,0,0,0,0,PITTSBURGH,0,0,0,0,,6,0,57.9,,72.1,0,268,11,0,0,0,39.6,3,0,0,,1,0,0
189537,Cameron Lindsey,LB,8,0,,1,1,87.5,PITTSBURGH,3,D24,51,38,0,8,1,2029,3,61.9,58,7,64.7,1,0,34,0,0,0,76.7,0,0,0,0,PITTSBURGH,2,0,1,0,24,13,20,69.5,8.3,75.2,0,268,54,40,0,0,96.9,12,0,1,61.7,0,0,3
189542,Jahsear Whittington,DI,0,0,,0,0,,PITTSBURGH,0,D04,1,1,0,14,1,2030,20,70.1,0,0,65.6,1,0,0,1,5,0,50.5,0,0,0,0,PITTSBURGH,0,0,1,0,,0,0,63.7,,74.9,0,268,21,0,14,0,0,7,0,1,63.4,0,0,0
189543,Ty Yuhas,DI,0,0,,0,0,,PITTSBURGH,0,D93,0,0,0,4,1,2029,7,,0,0,,0,0,0,0,0,0,60.9,0,0,0,0,PITTSBURGH,0,0,0,0,,0,,59.6,,69.8,0,268,7,0,7,0,0,3,0,0,57.3,0,0,0
189555,Jaylen Moses,S,0,0,,0,0,,SMU,0,D26,1,0,0,0,1,2029,0,,0,0,,0,0,0,0,0,0,60,0,0,0,0,SMU,0,0,0,0,,0,,60,,60,0,287,1,0,0,0,0,1,0,0,,0,0,0
189556,William Nettles,CB,2,0,,0,0,50,SMU,1,D00,21,6,0,1,1,2028,0,73.5,14,1,58.5,0,0,12,0,0,0,61.3,14,0,0,0,SMU,0,0,0,0,14,0,0,59.3,14,71,0,287,21,1,0,0,72.9,8,0,0,60,0,0,0
189597,James Chenault Jr.,CB,5,0,,0,2,80,USF,1,D09,56,3,0,1,1,2029,0,26.4,53,4,40.5,0,0,35,0,0,0,48.2,53,0,2,0,USF,0,0,0,0,18,0,66.7,39.5,13.3,76.6,0,327,56,9,0,1,150.4,20,0,0,58.1,0,1,0
189604,Fred Gaskin III,S,2,0,,0,1,100,USF,4,D05,80,25,0,4,1,2029,3,52.5,42,2,62.5,0,0,52,0,0,0,51.3,0,0,0,0,USF,1,0,0,0,28,5,20,59.2,21,78.7,0,327,83,36,0,0,118.8,27,0,0,58.4,50,0,3
189609,Ryan Jenkins,DI,0,0,,0,0,,USF,0,D28,0,0,0,3,1,2029,4,,0,0,,0,0,0,1,1,0,60,0,0,0,0,USF,0,0,0,0,,0,,59.3,,68.7,0,327,4,0,2,0,0,1,0,0,58.3,0,0,0
189617,Ira Singleton IV,ED,1,0,,0,1,100,USF,1,D10,0,0,0,12,1,2029,26,38.9,4,1,68.4,0,0,10,2,0,0,53.4,0,0,0,0,USF,1,0,0,0,4,0,33.3,59.5,4,77.6,0,327,26,0,1,0,83.3,4,0,1,53.3,0,0,23
189618,Levi Smiley,ED,0,0,,0,0,,USF,0,D18,0,0,0,1,1,2029,2,,0,0,,0,0,0,1,0,0,60,0,0,0,0,USF,0,0,0,0,,0,,60.2,,67.4,0,327,2,0,0,0,0,1,0,0,59.2,0,0,1
189653,Faletau Satuala,S,4,1,,0,0,75,BYU,8,D11,63,11,0,1,1,2029,0,86.2,101,3,67.5,0,1,41,0,0,0,50.5,6,0,0,0,BYU,2,0,0,0,75,19,0,63.6,33.7,78,0,128,63,46,0,0,116.7,21,1,2,59.5,27,1,0
189657,Carson Tujague,DI,0,0,,0,1,,UTAH ST,7,D28,1,0,0,19,1,2030,52,64.7,0,0,60.2,1,0,1,35,1,0,84.2,0,1,0,0,UTAH ST,6,0,2,0,,0,11.1,78.6,,76.3,0,329,53,0,2,0,0,33,0,1,54.5,0,0,14
189673,Joseph Anderson,ED,0,0,,0,0,,IOWA,1,D84,0,0,0,4,1,2029,14,71.1,0,0,,0,0,0,2,0,0,52.2,0,0,0,0,IOWA,0,0,0,0,,0,0,54.7,,73.1,0,192,14,0,0,0,0,10,0,0,63.1,0,0,12
189674,Cam Buffington,LB,1,0,,0,0,0,IOWA,2,D33,16,13,0,0,1,2029,0,76.1,0,0,85.4,0,1,5,0,0,0,71.6,0,0,0,0,IOWA,1,0,0,0,,3,0,90,,73.1,0,192,16,0,0,1,0,11,0,0,,0,0,0
189682,Kyler Gerardy,S,0,0,,0,0,,IOWA,0,D19,13,6,0,0,1,2029,0,,0,0,61.3,0,0,3,0,0,0,61.7,0,0,0,0,IOWA,0,0,0,0,,0,,62.8,,71.3,0,192,13,0,0,0,0,10,0,0,,7,0,0
189684,Rashad Godfrey Jr.,CB,0,0,,0,0,,IOWA,0,D07,9,0,0,0,1,2029,0,,0,0,63.4,0,0,5,0,0,0,60,9,0,0,0,IOWA,0,0,0,0,,0,,64,,70.9,0,192,9,0,0,0,0,4,0,0,,0,0,0
189685,Devan Kennedy,DI,0,0,,0,0,,IOWA,1,D99,0,0,0,0,1,2029,9,70.2,0,0,,0,0,0,0,4,0,70.1,0,0,0,0,IOWA,1,0,0,0,,0,0,72.3,,73.9,0,192,9,0,5,0,0,9,0,0,,0,0,0
189693,Preston Ries,LB,0,0,,0,0,,IOWA,1,D46,3,3,0,0,1,2029,1,75.6,0,0,,0,0,0,0,0,0,70.3,0,0,0,0,IOWA,1,0,0,0,,0,0,74.2,,68.9,0,192,4,0,0,0,0,4,0,1,,0,0,1
189696,Jaylen Watson,CB,2,0,,0,0,50,IOWA,1,D03,12,4,0,0,1,2029,1,76.2,14,1,51.6,0,0,5,0,0,0,68,2,0,0,0,IOWA,0,0,0,0,14,6,0,58,14,71.9,0,192,13,0,0,0,72.9,8,0,1,,0,0,1
189697,Derek Weisskopf,LB,0,0,,0,0,,IOWA,1,D22,3,3,0,0,1,2029,2,76.5,0,0,,0,0,0,0,0,0,66.6,0,0,0,0,IOWA,0,0,0,0,,0,0,68.3,,70.4,0,192,5,0,0,0,0,5,0,1,,0,0,2
189699,Keona Davis,DI,0,0,,0,0,,NEBRASKA,1,D97,0,0,0,17,1,2029,31,73.1,0,0,,0,0,0,18,0,0,53.1,0,0,0,0,NEBRASKA,1,0,0,0,,0,0,51.1,,74.3,0,238,31,0,10,0,0,14,0,1,53.7,0,0,3
189701,David Hoffken,DI,0,0,,0,0,,NEBRASKA,0,D39,0,0,0,3,1,2030,9,,0,0,,1,0,0,0,6,0,62.5,0,0,0,0,NEBRASKA,0,0,1,0,,0,,69,,72.3,0,238,9,0,2,0,0,6,0,0,68.3,0,0,1
189719,Billy Koudelka,ED,0,0,,0,0,,VIRGINIA,1,D93,0,0,0,7,1,2029,13,71.1,0,0,,1,0,0,1,0,0,60.8,0,1,1,0,VIRGINIA,1,0,2,0,,0,0,51.3,,0,0,335,13,0,0,0,0,6,0,0,61.2,0,0,12
189754,Scott Hudson,DI,0,0,,0,0,,BALL ST,0,D93,0,0,0,4,1,2026,26,70.2,0,0,,0,0,0,1,0,0,39.2,0,1,0,0,BALL ST,0,0,1,0,,0,0,42.6,,74.1,0,117,26,0,23,0,0,22,0,1,67.5,0,0,2
189759,Eric McClain,CB,0,0,,1,0,,BALL ST,3,D04,34,4,0,0,1,2029,0,79.6,0,0,63.1,0,0,5,0,0,0,83.2,30,0,0,0,BALL ST,0,0,0,0,,0,0,74.5,,74.2,0,117,34,0,0,0,0,29,0,1,,0,0,0
189764,Layton Starks,ED,0,0,,0,0,,BALL ST,3,D42,2,2,0,6,1,2029,28,76.3,0,0,60,0,0,0,0,0,2,68.6,0,0,0,0,BALL ST,1,0,0,0,,0,0,67.6,,78.5,0,117,30,0,0,0,0,24,0,0,56.3,0,0,28
189769,Will Yates,CB,2,0,,0,1,0,BALL ST,0,D20,26,2,0,0,1,2029,0,21.7,0,0,83.9,0,0,5,0,0,0,50,24,0,0,0,BALL ST,0,0,0,0,,0,100,72.9,,73.4,0,117,26,0,0,2,39.6,21,0,0,,0,0,0
189771,Tyrelle Deener,CB,6,0,,0,0,83.3,E MICHIGAN,5,D22,78,2,0,1,1,2026,1,81.3,43,5,54.3,0,1,38,0,0,0,69.5,67,0,1,0,E MICHIGAN,2,0,0,0,23,9,0,56.9,8.6,78.1,0,160,79,15,0,0,56.9,40,0,1,58.1,0,0,1
189782,Robert Williams,ED,0,0,,0,0,,FIU,1,D43,0,0,0,1,1,2029,13,75.7,0,0,,0,0,0,0,0,0,70.4,0,0,0,0,FIU,1,0,0,0,,0,0,71.5,,75.1,0,166,13,0,0,0,0,12,0,1,59.8,0,0,13
189815,Jacob Bradford,DI,0,0,,0,0,,LA TECH,0,D93,0,0,0,0,1,2029,2,,0,0,,0,0,0,0,2,0,60.1,0,0,0,0,LA TECH,0,0,0,0,,0,,60.9,,67.6,0,208,2,0,0,0,0,2,0,0,,0,0,0
189822,Alonzo Jackson Jr.,LB,2,0,,0,1,100,LA TECH,1,D23,13,11,0,1,1,2029,1,34,22,2,28.7,0,0,5,0,0,0,58.2,0,0,1,0,LA TECH,0,0,0,0,16,2,33.3,30,11,70.4,0,208,14,8,0,0,112.5,8,0,1,59.7,0,0,1
189823,Jadon Mayfield,LB,2,0,,0,0,100,LA TECH,8,D22,75,68,0,13,1,2029,2,83,15,2,64.9,1,0,31,0,0,0,64.2,0,0,0,0,LA TECH,6,0,1,0,13,7,0,67.9,7.5,76.6,0,208,77,0,0,0,97.9,33,0,1,67.8,0,0,2
189834,Elijah Carney,LB,0,0,,0,0,,MIDDLE TN,0,D50,2,2,0,0,1,2028,0,,0,0,,0,0,0,0,0,0,60,0,0,0,0,MIDDLE TN,0,0,0,0,,0,,60,,66,0,224,2,0,0,0,0,2,0,0,,0,0,0
189840,Reggie Johnson,ED,0,0,,0,0,,MIDDLE TN,1,D46,2,0,0,27,1,2027,58,77.4,0,0,63.9,2,0,5,1,1,0,70.7,0,0,0,0,MIDDLE TN,1,0,2,0,,2,0,70.1,,81,0,224,60,0,0,0,0,28,0,2,62.7,0,0,56
189845,Abdul Muhammad,CB,5,0,,0,0,60,MIDDLE TN,3,D21,55,1,0,2,1,2026,1,78,33,3,61.2,0,0,38,0,0,1,68.4,2,0,2,0,MIDDLE TN,1,0,0,0,17,52,0,59.4,11,0,0,224,56,12,0,1,79.6,16,0,0,57.4,0,0,1
189850,Korey Smith,LB,0,0,,0,0,,MIDDLE TN,0,D58,2,2,0,0,1,2029,1,,0,0,60.5,0,0,3,0,0,0,,0,0,0,0,MIDDLE TN,0,0,0,0,,0,,61.2,,70,0,224,3,0,0,0,0,0,0,0,,0,0,1
189856,Jakobe Campbell,S,0,0,,0,0,,NEW MEX ST,0,D26,1,0,0,0,1,2029,0,,0,0,60,0,0,1,0,0,0,,0,0,0,0,NEW MEX ST,0,0,0,0,,0,,60,,63.7,0,242,1,0,0,0,0,0,0,0,,1,0,0
189868,Zedekiah Rodriguez-Brown,CB,6,0,,0,0,50,NEW MEX ST,1,D21,44,3,0,0,1,2026,0,74.2,38,3,69.6,0,0,31,0,0,0,63,41,0,0,0,NEW MEX ST,1,0,0,0,33,0,0,69.8,12.7,74.9,0,242,44,11,0,1,70.1,13,0,0,,0,0,0
189869,Cole Schnettgoecke,DI,0,0,,0,1,,NEW MEX ST,1,D96,0,0,0,26,1,2026,41,34.9,0,0,,1,0,0,4,6,0,68.7,0,1,1,0,NEW MEX ST,1,0,2,0,,0,33.3,64.6,,0,0,242,41,0,31,0,0,15,0,1,64.8,0,0,0
189870,Enzo-Pierre Tayou,DI,0,0,,0,0,,NEW MEX ST,1,D44,0,0,0,6,1,2027,9,70.2,0,0,,0,0,0,3,0,0,66.6,0,0,0,0,NEW MEX ST,1,0,0,0,,0,0,64.3,,70.3,0,242,9,0,6,0,0,3,0,0,56,0,0,0
189872,Ta'Avili Tuitama,DI,0,0,,0,0,,NEW MEX ST,1,D54,0,0,2,29,1,2028,54,74.5,0,0,66.4,2,0,0,8,8,0,43.2,0,0,0,0,NEW MEX ST,3,0,4,0,,0,0,60.2,,76.7,0,242,54,0,38,0,0,25,1,1,74.2,0,0,0
189918,Makai Byerson,ED,0,0,,0,0,,BOSTON COL,0,D91,0,0,0,2,1,2029,5,,0,0,,0,0,0,1,0,0,50.3,0,0,0,0,BOSTON COL,0,0,0,0,,0,,40,,70.9,0,121,5,0,0,0,0,3,0,0,59.1,0,0,4
189935,Curtis Jones Jr.,ED,1,0,,0,1,100,W VIRGINIA,1,D18,9,4,0,1,1,2029,5,44.1,14,1,44.6,0,0,5,0,0,0,68.3,0,0,0,0,W VIRGINIA,1,0,0,0,14,5,25,52.7,14,74.1,0,343,14,17,0,0,118.8,8,1,2,58.3,0,0,5
189945,Keyon Washington,CB,8,0,,0,3,50,BOWL GREEN,5,D01,51,4,0,0,1,2029,0,31,42,4,46.8,0,0,27,0,0,0,61.2,44,0,0,0,BOWL GREEN,1,0,0,0,14,0,33.3,49.3,10.5,75.8,0,122,51,19,0,1,105.2,24,0,1,,3,1,0
189947,Rickey Williams,LB,0,0,,0,0,,TOLEDO,0,D42,1,1,0,0,1,2029,1,,0,0,60,0,0,1,0,0,0,60,0,0,0,0,TOLEDO,0,0,0,0,,0,,60.6,,66,0,316,2,0,0,0,0,1,0,0,,0,0,1
189977,Deuce Walker,CB,2,0,,0,0,100,GA STATE,2,D07,12,3,0,1,1,2029,1,76.7,81,2,29.6,0,0,5,0,0,0,64,9,0,0,0,GA STATE,1,0,0,0,74,0,0,31.5,40.5,71.3,0,175,13,73,0,0,158.3,7,0,0,59.1,0,1,1
190002,Ameyr Adams,S,0,0,,0,0,,LA MONROE,1,D29,4,1,0,0,1,2029,0,74.3,0,0,,0,0,0,0,0,0,52.3,0,0,0,0,LA MONROE,0,0,0,0,,3,0,51.4,,68.1,0,209,4,0,0,0,0,4,0,0,,0,0,0
190007,Jaeden Calender,ED,0,0,,0,0,,LA MONROE,1,D19,1,1,0,8,1,2029,15,73,0,0,60,1,0,1,0,0,0,67.3,0,0,1,0,LA MONROE,1,0,1,0,,0,0,61.6,,0,0,209,16,0,0,0,0,7,0,0,67.3,0,0,15
190017,Seidrion Langston,LB,0,0,,0,1,,LA MONROE,3,D16,27,27,0,3,1,2028,1,61.7,0,0,56,0,0,13,0,0,0,62.7,0,0,0,0,LA MONROE,1,0,0,0,,0,20,58.2,,71.3,0,209,28,0,0,0,0,12,0,1,56.9,0,0,1
190026,Amarion Ware,DI,0,0,,0,0,,LA MONROE,0,D91,0,0,0,8,1,2028,16,,0,0,,1,0,0,4,9,0,67.1,0,0,0,0,LA MONROE,0,0,1,0,,0,,65.6,,73.7,0,209,16,0,3,0,0,8,0,0,57.6,0,0,0
190044,Dylan Labarbera,ED,0,0,,0,0,,NEVADA,8,D32,4,4,1,33,1,2028,71,82.6,0,0,71.8,1,0,3,5,0,0,75.6,0,0,0,0,NEVADA,7,0,2,0,,0,0,78.3,,80.7,0,239,75,0,5,0,0,39,0,3,67.3,0,0,61
190048,David Paine Jr.,DI,0,0,,0,0,,NEVADA,0,D98,0,0,0,7,1,2029,35,73.6,0,0,,0,0,0,8,21,0,77.3,0,0,0,0,NEVADA,0,0,0,0,,0,0,75.7,,76.1,0,239,35,0,6,0,0,28,0,3,57.4,0,0,0
190058,Brandon Crutchfield,CB,7,0,,0,1,71.4,DOMINION,2,D05,57,2,0,0,1,2029,0,53.6,87,5,69.4,0,0,44,0,0,0,59.4,53,0,0,0,DOMINION,1,0,0,0,35,1,20,68.8,17.4,77.5,0,263,57,29,0,2,153,13,0,2,,0,2,0
190060,Chris Forbes,DI,0,0,,0,0,,DOMINION,1,D90,0,0,0,20,1,2029,27,71.1,0,0,,1,0,0,7,3,0,64.5,0,1,1,0,DOMINION,1,0,2,0,,0,0,55.2,,0,0,263,27,0,6,0,0,7,0,0,59.1,0,0,11
190061,Ahmaad Foster,ED,0,0,,0,0,,DOMINION,1,D95,0,0,0,13,1,2029,13,70.8,0,0,61,4,0,0,6,0,0,,0,0,0,0,DOMINION,1,0,4,0,,0,0,79.9,,72.2,0,263,13,0,4,0,0,0,0,0,69.8,0,0,3
190063,Dirrick Goodman,CB,1,0,,0,0,100,DOMINION,2,D24,5,0,0,2,1,2028,1,77.8,4,1,70.7,0,0,2,0,0,0,65.4,0,0,0,0,DOMINION,2,0,0,0,4,5,0,77.6,4,74.2,0,263,6,2,0,0,83.3,2,0,0,58.3,0,0,1
190065,Daevon Iles,S,4,0,,0,0,75,DOMINION,3,D33,33,7,0,0,1,2029,0,80.1,44,3,38.6,0,0,26,0,0,0,67.7,1,0,0,0,DOMINION,1,0,0,0,23,18,0,43.3,14.7,78,0,263,33,13,0,0,150,7,0,0,,6,1,0
190067,Lorenzo McFadden-Pressley,DI,0,0,,0,0,,DOMINION,0,D76,1,0,0,11,1,2029,17,70.1,0,0,,1,0,0,0,12,0,74.2,0,0,0,0,DOMINION,0,0,1,0,,0,0,75.9,,73.9,0,263,18,0,5,0,0,7,0,1,64.3,0,0,0
190081,William Felton IV,ED,0,0,,0,0,,S ALABAMA,1,D44,0,0,0,3,1,2029,5,73,0,0,61.5,0,0,1,0,0,0,60,0,0,0,0,S ALABAMA,0,0,0,0,,0,0,62.5,,71.3,0,288,5,0,0,0,0,1,0,0,57.7,0,0,5
190083,Ty Goodwill,S,1,0,,0,2,100,S ALABAMA,2,D07,38,18,0,0,1,2029,0,22.1,3,1,35.6,0,0,19,0,0,0,55,0,0,0,0,S ALABAMA,1,0,0,0,3,10,33.3,41,3,75.1,0,288,38,7,0,0,79.2,19,0,2,,10,0,0
190099,Parker Shattuck,LB,1,0,,0,0,100,S ALABAMA,0,D26,2,2,0,0,1,2029,0,,52,1,54.5,0,0,2,0,0,0,,0,0,0,0,S ALABAMA,0,0,0,0,52,0,,27.1,52,66.3,0,288,2,43,0,0,158.3,0,0,0,,0,1,0
190134,Ty McKinstry,CB,1,0,,0,0,100,TOLEDO,0,D23,9,0,0,0,1,2030,0,,15,1,47.4,0,0,6,0,0,0,60,0,0,0,0,TOLEDO,0,0,0,0,15,9,,46.8,15,71.9,0,316,9,0,0,0,158.3,3,0,0,,0,1,0
190175,Bradley Shaw,LB,3,0,,0,2,100,ARKANSAS,5,D07,51,48,0,1,1,2029,15,54.2,21,3,65.3,0,0,22,0,0,0,62.9,0,0,0,0,ARKANSAS,1,0,0,0,9,3,20,65.3,7,79.7,0,111,66,15,0,0,95.8,43,0,3,60,0,0,15
190176,Wyatt Simmons,LB,0,0,,0,0,,ARKANSAS,0,D42,3,3,0,0,1,2029,0,,0,0,61.2,0,0,3,0,0,0,,0,0,0,0,ARKANSAS,0,0,0,0,,0,,62.3,,64.8,0,111,3,0,0,0,0,0,0,0,,0,0,0
190189,Kemori Dixon,LB,0,0,,0,0,,BOSTON COL,0,D42,20,19,0,3,1,2029,0,,0,0,62.9,2,0,5,0,0,0,67,0,0,0,0,BOSTON COL,0,0,2,0,,1,,75.8,,72.6,0,121,20,0,0,0,0,12,0,0,75,0,0,0
190201,Omar Thornton,S,3,0,,0,3,33.3,BOSTON COL,7,D00,61,43,0,0,1,2029,1,48.6,9,1,76.7,0,0,32,0,0,0,46.1,0,0,0,0,BOSTON COL,3,0,0,0,9,3,23.1,64.8,9,75.4,0,121,62,3,0,0,42.4,30,0,3,,15,0,1
190208,Dashawn Spears,S,0,0,,0,0,,LSU,1,D10,9,7,0,2,1,2029,1,76.4,0,0,63.8,0,0,4,0,0,0,60,0,0,0,0,LSU,0,0,0,0,,0,0,62.7,,70.7,0,211,10,0,0,0,0,4,0,0,56.7,2,0,1
190209,Jay'Viar Suggs,DI,0,0,2026,0,1,,WISCONSIN,0,D31,0,0,0,13,1,2026,26,28.1,0,0,,1,0,0,2,0,0,54,0,0,0,0,WISCONSIN,0,0,1,0,,0,50,55.2,,74.2,0,349,26,0,22,0,0,13,0,1,59.4,0,0,2
190224,Williams Nwaneri,ED,0,0,,0,0,,NEBRASKA,2,D96,0,0,0,20,1,2030,37,73.4,0,0,,2,0,0,9,0,0,61.8,0,0,0,0,NEBRASKA,1,0,2,0,,0,0,57.9,,76.6,0,238,37,0,0,0,0,17,0,0,54.7,0,0,28
190225,Nicholas Rodriguez,LB,1,0,,0,1,0,MISSOURI,2,D20,16,14,1,1,1,2029,2,54.7,0,0,77.9,0,0,10,0,0,0,54.3,0,0,0,0,MISSOURI,3,0,1,0,,2,20,73.8,,71.6,0,229,18,0,0,0,39.6,7,0,2,70.3,0,0,2
190286,Tywon Christopher,LB,4,0,,0,2,75,KENNESAW,5,D46,40,27,0,7,1,2029,3,52.6,19,3,58.5,2,0,17,0,0,0,54.2,0,0,0,0,KENNESAW,4,0,2,0,11,13,18.2,56.3,6.3,77.5,0,200,43,12,0,0,84.4,19,1,4,61.1,0,0,3
190294,Jaiden Grimes,DI,0,0,,0,2,,KENNESAW,3,D96,0,0,0,22,1,2029,40,29.5,0,0,,1,0,0,7,0,0,54.6,0,1,0,0,KENNESAW,3,0,2,0,,0,40,60.8,,75.4,0,200,40,0,31,0,0,18,0,0,67.6,0,0,2
190312,Kekai Burnett,ED,0,0,,0,0,,MICH STATE,0,D51,0,0,0,0,1,2029,1,,0,0,,0,0,0,0,0,0,60,0,0,0,0,MICH STATE,0,0,0,0,,0,,60,,65.6,0,223,1,0,0,0,0,1,0,0,,0,0,1
190364,Ben Beatty,ED,0,0,,0,0,,WASH STATE,0,D51,0,0,0,1,1,2029,1,,0,0,,0,0,0,0,0,0,,0,0,0,0,WASH STATE,0,0,0,0,,0,,59.8,,65.2,0,341,1,0,0,0,0,0,0,0,59.4,0,0,1
190375,Gage Jones,LB,1,0,,0,1,100,WASH STATE,0,D33,3,0,0,0,1,2029,0,21,9,1,51.5,0,0,3,0,0,0,,0,0,0,0,WASH STATE,0,0,0,0,9,3,100,49.9,9,67.4,0,341,3,7,0,0,104.2,0,0,0,,0,0,0
190378,Titus Miller,ED,0,0,,0,0,,WASH STATE,0,D94,0,0,0,1,1,2029,1,,0,0,,0,0,0,0,0,0,,0,0,0,0,WASH STATE,0,0,0,0,,0,,60,,64.7,0,341,1,0,1,0,0,0,0,0,60,0,0,0
190386,Malachi Wrice,ED,0,0,,0,1,,WASH STATE,0,D84,0,0,0,5,1,2029,8,23.8,0,0,,0,0,0,0,0,0,53.8,0,1,0,0,WASH STATE,0,0,1,0,,0,100,67.5,,71.8,0,341,8,0,0,0,0,3,0,0,78.4,0,0,8
190391,DeNigel Cooper,DI,0,0,,0,0,,APP STATE,3,D93,0,0,0,19,1,2029,35,74.3,0,0,,0,0,0,15,5,0,72.4,0,0,0,0,APP STATE,2,0,0,0,,0,0,66.3,,75.4,0,108,35,0,11,0,0,16,1,0,55.2,0,0,4
190392,Bucci Farmer,DI,0,0,,0,0,,APP STATE,0,D99,0,0,0,3,1,2029,6,,0,0,,1,0,0,0,6,0,64.3,0,0,0,0,APP STATE,0,0,1,0,,0,,73.1,,71.1,0,108,6,0,0,0,0,3,0,0,67.2,0,0,0
190401,Nick Taylor,CB,1,0,,0,0,100,W VIRGINIA,2,D19,9,2,0,0,1,2029,0,81.4,28,1,50.1,0,0,6,0,0,0,64.5,0,0,0,0,W VIRGINIA,0,0,0,0,28,2,0,56.1,28,69.5,0,343,9,21,0,0,118.8,3,0,1,,5,0,0
190411,Eric Fletcher Jr.,CB,4,0,,0,0,25,OKLA STATE,0,D13,50,5,0,1,1,2029,0,,24,1,63.1,0,0,27,0,0,0,63.8,43,0,0,0,OKLA STATE,0,0,0,0,24,1,,63,24,75.6,0,262,50,0,0,1,52.1,22,0,0,55.4,1,0,0
190435,Cam Dooley,S,0,0,,0,0,,KENTUCKY,2,D18,19,7,0,0,1,2029,0,78,0,0,62.9,0,0,5,0,0,0,66.6,0,0,0,0,KENTUCKY,1,0,0,0,,1,0,66.7,,72.2,0,202,19,0,0,0,0,14,0,0,,11,0,0
190449,Quay'sheed Scott,CB,5,0,,0,0,80,KENTUCKY,1,D12,39,10,0,0,1,2029,10,78.6,28,4,66.1,0,0,27,0,0,0,63,0,0,0,0,KENTUCKY,0,0,0,0,10,28,0,66.3,7,80.1,0,202,49,31,0,1,90,22,0,1,,1,0,10
190450,Jaden Smith,CB,2,0,,0,0,100,KENTUCKY,1,D24,5,1,0,0,1,2030,0,74.8,60,2,37,0,0,3,0,0,0,60,0,0,0,0,KENTUCKY,1,0,0,0,56,3,0,35.2,30,68.8,0,202,5,34,0,0,118.8,2,0,0,,1,0,0
190471,Drew Speech,S,1,0,,0,0,0,NEW MEXICO,1,D25,27,3,0,0,1,2027,0,40.8,0,0,75.5,0,0,18,0,0,0,60.7,0,0,0,0,NEW MEXICO,0,0,0,0,,6,0,74.5,,76.5,0,241,27,0,0,1,39.6,9,0,0,,18,0,0
190479,Farell Gnago,DI,0,0,,1,0,,RUTGERS,1,D90,0,0,0,5,1,2029,9,70.2,0,0,68.3,1,0,1,0,3,0,61.5,0,0,0,0,RUTGERS,1,0,1,0,,0,0,93.5,,71.5,0,278,9,0,6,0,0,3,1,0,66.7,0,0,0
190482,Tyclean Luman,ED,0,0,,0,0,,FAU,0,D15,0,0,0,3,1,2029,11,70.2,0,0,,0,0,0,6,0,0,63,0,0,0,0,FAU,0,0,0,0,,0,0,62.3,,71.2,0,165,11,0,5,0,0,8,0,1,57.8,0,0,0
190483,Tycoolhill Luman,DI,0,0,,0,0,,FAU,0,D14,0,0,0,0,1,2029,3,,0,0,,0,0,0,1,0,0,60,0,0,0,0,FAU,0,0,0,0,,0,,61.1,,67.8,0,165,3,0,1,0,0,3,0,0,,0,0,1
190490,Sam Robinson,LB,0,0,,0,0,,RUTGERS,0,D04,1,1,0,0,1,2029,0,73.1,0,0,,0,0,0,0,0,0,62.2,0,0,0,0,RUTGERS,0,0,0,0,,0,0,70.2,,61.7,0,278,1,0,0,0,0,1,0,1,,0,0,0
190611,Ashton Gray,HB,0,0,,0,0,,N TEXAS,0,20,1,0,0,0,1,2029,0,,0,0,,0,0,0,0,0,0,60,0,0,1,0,N TEXAS,0,0,0,0,,0,,60,,60,0,251,1,0,0,0,0,1,0,0,,0,0,0
190613,Quinton Hammonds,S,5,0,,0,0,80,N TEXAS,6,D14,42,15,0,5,1,2029,4,82.1,38,4,40.9,1,0,24,0,0,0,72.5,0,0,0,0,N TEXAS,4,0,1,0,19,27,0,49.2,9.5,76,0,251,46,12,0,0,98.3,17,0,0,54.7,0,0,4
190627,Baron Tipton,WR,0,0,,0,0,,N TEXAS,0,80,1,0,0,0,1,2029,0,,0,0,,0,0,0,0,0,0,60,0,0,0,0,N TEXAS,0,0,0,0,,0,,60,,60,0,251,1,0,0,0,0,1,0,0,,0,0,0
190629,Jayden Williams,DI,0,0,,0,0,,N TEXAS,2,D94,0,0,0,15,1,2029,25,73.4,0,0,,1,0,0,0,6,0,42.3,0,0,0,0,N TEXAS,1,0,1,0,,0,0,43.1,,74.5,0,251,25,0,19,0,0,10,0,1,55,0,0,0
190635,Ethan Brougham,ED,0,0,,0,0,,RICE,0,D51,0,0,0,1,1,2028,1,,0,0,,0,0,0,0,0,0,,0,0,0,0,RICE,0,0,0,0,,0,,60,,66,0,275,1,0,0,0,0,0,0,0,59.7,0,0,1
190640,Ephraim Dotson,CB,1,0,,0,0,0,RICE,0,D14,9,2,0,0,1,2030,0,,0,0,64.4,0,0,6,0,0,0,60.5,7,0,0,0,RICE,0,0,0,0,,0,,65.3,,69.9,0,275,9,0,0,0,39.6,3,0,0,,0,0,0
190653,Tyree Alualu,LB,0,0,,0,0,,TEMPLE,0,D44,7,7,0,1,1,2029,1,,0,0,60.4,0,0,2,0,0,0,47.4,0,0,0,0,TEMPLE,0,0,0,0,,0,,46,,69.4,0,306,8,0,0,0,0,5,0,0,58.9,0,0,1
190657,Denzel Chavis,CB,1,0,,0,0,100,TEMPLE,0,D13,15,2,0,0,1,2029,0,75.1,43,1,44.6,0,0,9,0,0,0,63.4,11,0,0,0,TEMPLE,0,0,0,0,43,2,,48,43,71.6,0,306,15,0,0,0,118.8,6,0,0,,0,0,0
190663,Cameron Jones,ED,0,0,,0,1,,TEMPLE,0,D99,0,0,0,10,1,2029,19,23.9,0,0,,2,0,0,6,0,0,60,0,0,0,0,TEMPLE,0,0,2,0,,0,100,55.5,,74,0,306,19,0,1,0,0,9,0,0,53,0,0,12
190664,Adrian Laing,CB,0,0,,0,0,,TEMPLE,0,D32,6,1,0,0,1,2029,0,,0,0,62.1,0,0,3,0,0,0,60,5,0,0,0,TEMPLE,0,0,0,0,,0,,63.3,,68.4,0,306,6,0,0,0,0,3,0,0,,0,0,0
190669,Khalil Poteat,ED,0,0,,0,1,,TEMPLE,2,D92,2,2,0,22,1,2027,42,44.8,0,0,61.5,1,0,1,13,1,0,65.1,0,0,0,0,TEMPLE,2,0,1,0,,0,33.3,64.4,,78.1,0,306,44,0,1,0,0,21,0,0,58.8,0,0,27
190672,Russell Sykes IV,ED,0,0,,0,1,,TEMPLE,1,D52,0,0,0,8,1,2029,21,28.7,0,0,,0,0,0,6,0,1,59.4,0,1,1,0,TEMPLE,1,0,1,0,,0,33.3,49.3,,0,0,306,21,0,1,0,0,13,0,1,55,0,0,14
190683,Kam Curry,DI,0,0,,0,0,,TROY,0,D93,0,0,0,3,1,2027,6,,0,0,,0,0,0,0,2,0,58.5,0,0,0,0,TROY,0,0,0,0,,0,,57,,70.1,0,318,6,0,4,0,0,3,0,0,59.1,0,0,0
190685,Jamel Fils-Aime,DI,0,0,,0,0,,TROY,0,D98,0,0,0,9,1,2026,23,69.9,0,0,,0,0,0,0,6,0,80.6,0,0,0,0,TROY,0,0,0,0,,0,0,77.9,,75.1,0,318,23,0,17,0,0,14,0,2,57,0,0,0
190691,Joe Lott,S,1,0,,0,0,0,TROY,0,D29,35,12,0,0,1,2029,0,,0,0,65,0,0,15,0,0,0,61.2,0,0,0,0,TROY,0,0,0,0,,5,,64.5,,76.2,0,318,35,0,0,0,39.6,20,0,0,,18,0,0
190705,Jabari Strait,CB,0,0,,0,0,,TROY,0,D10,15,0,0,0,1,2027,0,,0,0,65.3,0,0,12,0,0,0,60,15,0,0,0,TROY,0,0,0,0,,0,,65.7,,72.3,0,318,15,0,0,0,0,3,0,0,,0,0,0
190717,Dax Collins,S,0,0,,0,1,,TULSA,0,D09,7,5,0,2,1,2029,0,20.1,0,0,50.5,0,0,5,0,0,0,,1,0,0,0,TULSA,0,0,0,0,,1,100,45.5,,70.2,0,320,7,0,0,0,0,0,0,0,57.5,0,0,0
190729,Elijah Green,CB,12,0,,0,1,75,TULSA,8,D07,70,7,0,0,1,2029,2,64.3,84,9,60.8,0,0,40,0,0,0,52.5,58,0,0,0,TULSA,0,0,0,0,24,4,11.1,59.3,9.3,78.1,0,320,72,9,0,1,121.5,32,0,0,,1,1,2
190732,Joe Hjelle,DI,0,0,,0,0,,TULSA,0,D90,0,0,0,14,1,2027,24,70.1,0,0,,1,0,0,0,7,0,51.8,0,0,1,0,TULSA,0,0,1,0,,0,0,47,,0,0,320,24,0,17,0,0,10,0,1,62.5,0,0,0
190750,Will Upshaw,ED,0,0,,0,0,,TULSA,0,D41,0,0,0,9,1,2029,18,,0,0,,0,0,0,5,0,0,54.3,0,0,0,0,TULSA,0,0,0,0,,0,,52.7,,73.1,0,320,18,0,4,0,0,9,0,0,55.9,0,0,9
190754,Ashton Williams,S,0,0,,0,0,,TULSA,0,D15,7,6,0,0,1,2029,0,74.3,0,0,61.6,0,0,3,0,0,0,65.7,0,0,0,0,TULSA,0,0,0,0,,0,0,68.6,,68.2,0,320,7,0,0,0,0,4,0,1,,1,0,0
190755,Zach Williams,S,1,0,,1,2,100,TULSA,10,D18,61,33,0,0,1,2029,3,61,8,1,89,0,0,36,0,0,0,61.6,0,0,0,0,TULSA,4,0,0,0,8,5,15.4,83.6,8,76.7,0,320,64,4,0,0,100,28,1,1,,23,0,3
190765,Kelvin Hill,CB,2,0,,0,2,50,GA TECH,0,D16,43,1,0,2,1,2029,1,22.1,7,1,65.5,2,0,24,0,0,0,62.5,0,0,0,0,GA TECH,0,0,2,0,7,39,100,65.8,7,78.1,0,176,44,12,0,0,58.3,18,0,0,61.5,3,0,1
190784,Gage Goldberg,ED,0,0,,0,0,,COLORADO,0,D55,1,1,0,0,1,2029,0,,0,0,,0,0,0,0,0,0,60,0,0,0,0,COLORADO,0,0,0,0,,0,,60,,64.1,0,143,1,0,0,0,0,1,0,0,,0,0,0
190789,Kam Mikell,HB,0,0,,0,0,,COLORADO,0,18,1,0,0,0,1,2029,0,,0,0,60,0,0,1,0,0,0,,0,0,0,0,COLORADO,0,0,0,0,,0,,62.6,,73.9,0,143,1,0,0,0,0,0,0,0,,0,0,0
190794,Nathanial Watson,CB,1,0,,0,0,100,COLORADO,0,D36,1,0,0,0,1,2029,0,,25,1,60,0,0,1,0,0,0,,0,0,0,0,COLORADO,0,0,0,0,25,0,,39.8,25,60,0,143,1,28,0,0,118.8,0,0,0,,0,0,0
190820,Zavian Tibbs,DI,0,0,,0,0,,HOUSTON,0,D41,0,0,0,2,1,2028,3,,0,0,,0,0,0,0,0,0,60,0,0,0,0,HOUSTON,0,0,0,0,,0,,48.6,,67.7,0,182,3,0,3,0,0,1,0,0,58.8,0,0,0
190827,Mason Curtis,S,0,0,,0,0,,MICHIGAN,1,D25,25,9,0,1,1,2029,1,76.2,0,0,74.1,0,0,13,0,0,0,62.7,0,0,0,0,MICHIGAN,1,0,0,0,,3,0,73.2,,73.2,0,222,26,0,0,0,0,12,0,0,60,13,0,1
190835,Jeremiah Lowe,CB,0,0,,0,0,,MICHIGAN,0,D32,1,0,0,0,1,2029,0,,0,0,60,0,0,1,0,0,0,,0,0,0,0,MICHIGAN,0,0,0,0,,1,,60.1,,65.9,0,222,1,0,0,0,0,0,0,0,,0,0,0
190850,Leroy Jackson,DI,0,0,,0,0,,N CAROLINA,3,D91,0,0,0,21,1,2029,34,74.3,0,0,,1,0,0,10,1,0,58.3,0,0,0,0,N CAROLINA,1,0,1,0,,0,0,58.1,,74.8,0,245,34,0,23,0,0,13,0,0,58.3,0,0,0
190870,Ronnie Royal III,S,4,0,,0,0,100,NC STATE,6,D02,49,17,0,1,1,2029,0,84.4,71,4,57.5,0,0,33,0,0,0,60.4,0,0,0,0,NC STATE,0,0,0,0,28,12,0,58,17.8,75.7,0,248,49,21,0,0,118.8,15,0,1,59.8,20,0,0
190900,Koy Beasley,S,2,0,,0,1,50,MIAMI OH,7,D08,67,14,0,0,1,2029,1,69.2,-5,1,61.7,0,0,37,0,0,0,70.4,1,0,0,0,MIAMI OH,1,0,0,0,-5,18,11.1,65.4,-5,78.6,0,221,68,0,0,0,56.3,31,0,1,,34,0,1
190908,Hudauri Hines,CB,8,0,,0,1,75,PURDUE,4,D04,74,0,0,0,1,2029,0,58.1,225,6,43,0,0,35,0,0,0,69.6,74,0,0,0,PURDUE,0,0,0,0,72,0,16.7,47.5,37.5,77.9,0,273,74,72,0,0,156.3,39,0,1,,0,1,0
190910,Caleb Irving,DI,0,0,,0,0,,CHARLOTTE,1,D85,0,0,0,14,1,2029,22,70.2,0,0,,0,0,0,3,2,0,58.4,0,0,0,0,CHARLOTTE,0,0,0,0,,0,0,59.9,,74.3,0,136,22,0,17,0,0,8,0,0,60.9,0,0,0
190951,Andrew Hines III,LB,0,0,,0,1,,BOWL GREEN,1,D18,9,8,0,0,1,2030,0,49.5,0,0,61.8,0,0,4,0,0,0,60.2,0,0,0,0,BOWL GREEN,1,0,0,0,,1,33.3,62.2,,71.2,0,122,9,0,0,0,0,5,1,1,,0,0,0
190966,Malcolm DeWalt IV,CB,7,0,2026,0,0,71.4,AKRON,2,D17,55,2,0,3,1,2026,0,76.2,74,5,57,0,1,29,0,0,0,63.7,52,2,0,0,AKRON,0,0,2,0,45,0,0,59.8,14.8,76.2,0,102,55,6,0,0,105.7,23,0,0,69.3,0,1,0
190968,Dahvon Frazier,ED,0,0,,0,0,,AKRON,0,D16,0,0,0,5,1,2029,11,,0,0,,0,0,0,0,0,0,60.9,0,0,0,0,AKRON,0,0,0,0,,0,,60,,73.9,0,102,11,0,1,0,0,6,0,0,57.8,0,0,10
190969,Jahvon Frazier,ED,0,0,,0,1,,AKRON,0,D50,0,0,0,3,1,2029,9,18.4,0,0,60,0,0,1,1,0,0,41.6,0,0,0,0,AKRON,0,0,0,0,,0,100,40,,72.2,0,102,9,0,0,0,0,5,0,0,58.6,0,0,8
190973,Ronald Hull,DI,0,0,,1,0,,AKRON,2,D05,1,0,0,31,1,2029,50,73.6,0,0,,1,0,0,0,16,0,74.3,0,0,0,0,AKRON,1,0,1,0,,0,0,66.6,,76.8,0,102,51,0,33,0,0,20,0,1,53.9,0,0,1
190986,Cam Bates,WR,0,0,,0,0,,BOISE ST,0,80,1,0,0,1,1,2029,0,,0,0,,0,0,0,0,0,0,,0,0,0,0,BOISE ST,0,0,0,0,,0,,60,,60,0,120,1,0,0,0,0,0,0,0,60,0,0,0
191023,Quavion Bird,DI,0,0,,0,0,,C MICHIGAN,1,D96,0,0,0,21,1,2029,32,70.2,0,0,,0,0,0,0,9,0,53.5,0,0,0,0,C MICHIGAN,0,0,0,0,,0,0,52.8,,77,0,134,32,0,23,0,0,11,0,0,55.3,0,0,0
191027,Tysen Campbell,S,0,0,,0,0,,C MICHIGAN,0,D27,2,2,0,0,1,2029,0,,0,0,60.8,0,0,2,0,0,0,,0,0,0,0,C MICHIGAN,0,0,0,0,,0,,60.5,,65.4,0,134,2,0,0,0,0,0,0,0,,0,0,0
191030,Victor Earl,LB,2,0,,0,0,50,C MICHIGAN,1,D33,18,18,1,2,1,2029,0,76.1,7,1,55.8,0,0,12,0,0,0,54.3,0,0,0,0,C MICHIGAN,0,0,1,0,7,0,0,57.6,7,72.2,0,134,18,4,0,0,58.3,4,0,0,69.4,0,0,0
191034,Adam Kaminski,DI,0,0,,0,0,,C MICHIGAN,0,D80,0,0,0,7,1,2029,7,,0,0,,0,0,0,0,0,0,,0,0,0,0,C MICHIGAN,0,0,0,0,,0,,56.5,,70,0,134,7,0,7,0,0,0,0,0,56.5,0,0,0
191047,Landon Swanson,ED,0,0,,0,0,,C MICHIGAN,1,D42,2,2,1,21,1,2028,25,75.6,0,0,60.2,0,0,2,0,0,0,62.1,0,1,0,0,C MICHIGAN,1,0,2,0,,0,0,59,,78.3,0,134,27,0,1,0,0,4,0,0,56.8,0,0,24
191057,Chance Harrison Jr.,S,0,0,,0,0,,COLO STATE,0,D16,4,2,0,0,1,2029,0,,0,0,60,0,0,1,0,0,0,60,0,0,0,0,COLO STATE,0,0,0,0,,0,,60.5,,69.1,0,144,4,0,0,0,0,3,0,0,,2,0,0
191059,Chris Jackson,CB,1,0,,0,0,100,COLO STATE,2,D00,6,3,0,1,1,2027,1,77.6,5,1,71.5,0,0,4,0,0,0,61.9,0,0,0,0,COLO STATE,1,0,0,0,5,3,0,73.8,5,69.9,0,144,7,9,0,0,87.5,2,0,0,59.6,0,0,1
191061,Owen Long,LB,2,0,,0,0,100,COLO STATE,7,D40,48,43,0,9,1,2029,8,82.2,-3,2,76.9,0,0,19,0,0,0,56.7,0,0,0,0,COLO STATE,5,0,0,0,0,5,0,65.8,-1.5,77.5,0,144,56,4,0,0,79.2,28,1,0,50.7,0,0,8
191064,Jack Moran,DI,0,0,,0,1,,COLO STATE,0,D77,0,0,0,16,1,2029,28,27.4,0,0,,0,0,0,10,0,0,32.9,0,0,0,0,COLO STATE,0,0,0,0,,0,33.3,36.1,,74.5,0,144,28,0,9,0,0,12,0,2,54.6,0,0,9
191066,AJ Noland,S,1,0,,0,1,100,COLO STATE,0,D18,7,3,0,1,1,2029,2,21.4,22,1,53.2,1,0,5,0,0,0,52.9,0,0,0,0,COLO STATE,0,0,1,0,22,4,100,42.1,22,70.9,0,144,9,20,0,0,118.8,3,0,0,59.7,0,0,2
191069,Keegan Shank,DI,0,0,,0,0,,COLO STATE,1,D90,0,0,0,4,1,2029,12,70.1,0,0,60,0,0,0,0,7,0,67.7,0,0,0,0,COLO STATE,1,0,0,0,,0,0,72.9,,73.2,0,144,12,0,5,0,0,8,0,0,57.9,0,0,0
191083,Kiontre Harris,CB,0,0,,0,0,,FRESNO ST,0,D31,1,1,0,0,1,2030,0,,0,0,,0,0,0,0,0,0,60,0,0,0,0,FRESNO ST,0,0,0,0,,0,,60,,62.1,0,169,1,0,0,0,0,1,0,0,,0,0,0
191085,Tytus Khajavi,LB,0,0,,0,1,,FRESNO ST,4,D35,48,42,0,1,1,2030,0,49.8,0,0,71.6,0,0,18,0,0,0,52.3,0,0,0,0,FRESNO ST,2,0,0,0,,6,20,62.8,,73.4,0,169,48,0,0,0,0,29,0,0,60,0,0,0
191092,Logan Studt,LB,1,0,,0,0,100,FRESNO ST,0,D18,22,22,0,2,1,2030,1,73.1,14,1,49.4,0,0,5,0,0,0,67.4,0,0,0,0,FRESNO ST,0,0,0,0,14,0,0,58.8,14,70.7,0,169,23,5,0,0,118.8,16,0,1,59.2,0,0,1
191114,Erik Hehl,ED,0,0,,0,0,,UMASS,2,D33,0,0,0,1,1,2027,12,73.4,0,0,,0,0,0,0,1,0,58.5,0,0,1,0,UMASS,2,0,0,0,,0,0,47.9,,0,0,216,12,0,8,0,0,11,0,1,59.9,0,0,3
191120,Keith Sarkodieh,S,0,0,,0,0,,UMASS,0,D20,3,2,0,0,1,2029,0,,0,0,,0,0,0,0,0,0,60,0,0,0,0,UMASS,0,0,0,0,,0,,60,,66.4,0,216,3,0,0,0,0,3,0,0,,1,0,0
191124,Noah Carter,ED,0,0,,0,0,,ALABAMA,0,D24,1,1,0,5,1,2029,9,,0,0,61.1,0,0,3,0,0,0,60,0,0,0,0,ALABAMA,0,0,0,0,,0,,58.5,,74.8,0,103,10,0,0,0,0,2,0,0,55.5,0,0,9
191161,Austin Alexander,CB,4,0,,0,0,75,KANSAS,3,D00,35,3,0,0,1,2029,1,80.1,110,3,51,0,0,18,0,0,0,76.7,32,0,0,0,KANSAS,2,0,0,0,78,0,0,57.7,36.7,74.8,0,198,36,40,0,0,156.3,18,1,1,,0,2,1
191170,Jon Jon Kamara,LB,0,0,,0,0,,KANSAS,0,D08,3,3,0,0,1,2029,0,,0,0,,0,0,0,0,0,0,60,0,0,0,0,KANSAS,0,0,0,0,,0,,62.9,,65.1,0,198,3,0,0,0,0,3,0,0,,0,0,0
191178,DJ Warner,ED,0,0,,0,0,,SMU,1,D05,2,2,0,13,1,2029,15,72.2,0,0,62,1,0,2,0,0,0,60.2,0,0,0,0,SMU,0,0,1,0,,0,0,64.8,,76.6,0,287,17,0,0,0,0,2,0,0,62.1,0,0,15
191186,Will Echoles,DI,0,0,,0,1,,OLE MISS,0,D52,1,1,0,41,1,2029,57,35.4,0,0,60,2,0,0,3,11,0,55.8,0,1,0,0,OLE MISS,0,0,3,0,,0,33.3,58.7,,77.4,0,226,58,0,43,0,0,17,0,2,59.9,0,0,0
191241,Chris Jones,LB,3,0,,0,2,66.7,SO MISS,5,D35,45,45,0,2,1,2029,1,47.3,43,2,60.4,0,1,17,0,0,0,61,0,0,0,0,SO MISS,3,0,0,0,34,0,25,60.7,21.5,74.3,0,296,46,21,0,0,70.1,27,0,1,58,0,0,1
191253,Dealyn Evans,DI,0,0,,0,0,,TEXAS A&M,1,D55,0,0,0,12,1,2029,16,70.2,0,0,,0,0,0,5,1,0,56.9,0,0,0,0,TEXAS A&M,0,0,0,0,,0,0,54.6,,72.1,0,312,16,0,10,0,0,4,0,0,56.1,0,0,0
191292,Ronnie Mageo,DI,0,0,,0,0,,BAYLOR,0,D53,0,0,0,2,1,2028,4,,0,0,,0,0,0,3,0,0,62.4,0,0,0,0,BAYLOR,0,0,0,0,,0,,66.3,,68.6,0,118,4,0,1,0,0,2,0,0,58.5,0,0,0
191295,Alijah Carnell,DI,0,0,,0,0,,IOWA STATE,0,D56,0,0,0,2,1,2029,8,,0,0,,0,0,0,1,0,0,55.2,0,0,0,0,IOWA STATE,0,0,0,0,,0,,53.9,,70.9,0,193,8,0,3,0,0,6,0,0,58.9,0,0,4
191296,David Coffey,CB,4,0,,0,0,100,IOWA STATE,3,D18,21,5,0,0,1,2029,0,78.8,37,4,61.1,0,0,14,0,0,0,63.4,16,0,0,0,IOWA STATE,1,0,0,0,19,0,0,62.5,9.3,72,0,193,21,9,0,0,105.2,7,0,0,,0,0,0
191309,Marcus Neal Jr.,S,3,0,,0,0,66.7,IOWA STATE,6,D31,51,39,0,6,1,2029,3,84.4,4,2,68.1,2,0,29,0,0,0,69,0,0,0,0,IOWA STATE,4,0,2,0,3,9,0,70.1,2,76.7,0,193,54,5,0,0,70.1,19,0,1,63.4,3,0,3
191324,Ify Obidegwu,CB,1,0,,0,0,0,OREGON,1,D07,17,3,0,0,1,2029,0,76.2,0,0,66,0,0,9,0,0,0,64.5,13,0,0,0,OREGON,0,0,0,0,,0,0,67.4,,72.6,0,264,17,0,0,0,39.6,8,0,1,,1,0,0
191329,Peyton Woodyard,S,0,0,,0,0,,OREGON,0,D12,7,4,0,0,1,2029,0,,0,0,62.5,0,0,6,0,0,0,60,0,0,0,0,OREGON,0,0,0,0,,1,,62.7,,68.9,0,264,7,0,0,0,0,1,0,0,,2,0,0
191348,Malik Esquerra,S,0,0,,0,0,,TEXAS TECH,1,D24,11,3,0,0,1,2029,0,78.9,0,0,63.6,0,0,6,0,0,0,65.4,1,0,0,0,TEXAS TECH,0,0,0,0,,0,0,67,,71.2,0,315,11,0,0,0,0,5,0,1,,7,0,0
191349,Ashton Hampton,CB,1,0,,0,1,0,TEXAS TECH,0,D16,6,2,0,0,1,2029,0,22.2,0,0,59.2,0,0,3,0,0,0,60,3,0,0,0,TEXAS TECH,0,0,0,0,,0,100,59.6,,67.5,0,315,6,0,0,0,39.6,3,0,0,,1,0,0
191352,Peyton Morgan,S,0,0,,0,0,,TEXAS TECH,1,D17,20,5,0,0,1,2029,0,77.7,0,0,81.2,0,0,12,0,0,0,67.7,0,0,0,0,TEXAS TECH,1,0,0,0,,3,0,81.3,,74.1,0,315,20,0,0,1,0,8,0,1,,12,0,0
191355,Cheta Ofili,ED,0,0,,0,0,,TEXAS TECH,0,D32,0,0,0,6,1,2028,11,,0,0,,0,0,0,0,0,0,60.4,0,0,0,0,TEXAS TECH,0,0,0,0,,0,,57.9,,74.5,0,315,11,0,0,0,0,5,0,0,56.3,0,0,11
191613,Favor Bate,ED,0,0,,0,0,,BOSTON COL,3,D41,0,0,0,14,1,2029,33,75.4,0,0,60,0,0,1,2,0,0,63,0,0,0,0,BOSTON COL,2,0,0,0,,0,0,64.3,,78,0,121,33,0,0,0,0,18,0,0,62,0,0,31
192031,Fernando Lecuona,ED,0,0,,0,0,,WASH STATE,0,D56,0,0,0,0,1,2029,1,,0,0,,0,0,0,1,0,0,60,0,0,0,0,WASH STATE,0,0,0,0,,0,,60,,64.6,0,341,1,0,0,0,0,1,0,0,,0,0,0
192037,Anthony Palano,LB,1,0,,0,2,100,WASH STATE,0,D00,22,18,0,1,1,2029,0,23,1,1,57.9,0,0,14,0,0,0,57.8,0,0,0,0,WASH STATE,0,0,0,0,1,4,66.7,56.9,1,72.3,0,341,22,5,0,0,79.2,7,0,1,60,0,0,0
192102,Leroy Harris III,ED,0,0,,0,1,,KANSAS,2,D33,2,1,0,5,1,2029,19,29.6,0,0,60.8,0,0,3,0,0,0,51,0,0,0,0,KANSAS,1,0,0,0,,1,33.3,52.3,,76.7,0,198,21,0,0,0,0,13,0,0,57.2,0,0,19
192650,Frankie Edwards III,CB,4,0,,0,0,50,NEW MEXICO,1,D05,25,2,0,0,1,2029,0,74.8,66,2,38.7,0,0,16,0,0,0,61.1,12,0,0,0,NEW MEXICO,0,0,0,0,54,11,0,40.5,33,75.3,0,241,25,51,0,0,95.8,9,0,0,,0,0,0
193093,Rondo Porter,DI,0,0,,0,0,,APP STATE,4,D44,0,0,0,22,1,2028,41,75.6,0,0,,1,0,0,1,34,0,75.9,0,0,0,1,APP STATE,4,0,1,0,,0,0,76,,77.4,0,108,41,0,6,0,0,19,1,1,65.7,0,0,0
193111,Mike Tauteoli,DI,0,0,,0,1,,UTAH,1,D49,0,0,0,9,1,2029,13,26.4,0,0,,0,0,0,1,0,0,54.9,0,0,0,0,UTAH,1,0,0,0,,0,33.3,52.3,,72.1,0,328,13,0,12,0,0,4,0,1,55.5,0,0,0
193127,Kainoa Davis,DI,0,0,,0,0,,S DIEGO ST,0,D48,0,0,0,8,1,2030,8,,0,0,,1,0,0,0,0,0,,0,0,0,0,S DIEGO ST,0,0,1,0,,0,,62.9,,70.6,0,284,8,0,8,0,0,0,0,0,62.3,0,0,0
193212,MaLik Caswell,CB,0,0,,0,0,,SO MISS,0,D18,3,0,0,0,1,2029,0,72.5,0,0,,0,0,0,0,0,0,67.8,0,0,0,0,SO MISS,0,0,0,0,,3,0,67.2,,68.9,0,296,3,0,0,0,0,3,0,1,,0,0,0
193227,Corey Myrick,S,3,0,,0,0,0,SO MISS,3,D22,40,13,0,0,1,2029,0,82.7,0,0,61.1,0,0,17,0,0,0,61.7,0,0,0,0,SO MISS,2,0,0,0,,7,0,61.8,,75,0,296,40,0,0,1,39.6,23,1,3,,20,0,0
193231,Guylijah Theodule,CB,0,0,,0,0,,SO MISS,0,D12,4,0,0,0,1,2029,0,,0,0,,0,0,0,0,0,0,60,4,0,0,0,SO MISS,0,0,0,0,,0,,60.4,,68.2,0,296,4,0,0,0,0,4,0,0,,0,0,0
193233,T.J. Banks,S,0,0,,0,0,,OLE MISS,0,D07,9,0,0,0,1,2029,0,76.2,0,0,65.6,0,0,5,0,0,0,60,0,0,0,0,OLE MISS,0,0,0,0,,2,0,65.6,,70.9,0,226,9,0,0,0,0,4,0,1,,7,0,0
193260,Dasean Dixon,DI,0,0,,0,3,,N ILLINOIS,2,D06,0,0,0,12,1,2026,32,24.9,0,0,,2,0,0,0,5,0,68.8,0,0,0,0,N ILLINOIS,2,0,2,0,,0,50,66.3,,76,0,254,32,0,27,0,0,20,0,1,56.4,0,0,0
193427,Marcellus Barnes Jr.,CB,7,0,,0,1,57.1,SMU,5,D08,75,8,0,0,1,2028,0,68.9,76,4,62,0,0,44,0,0,1,71.7,65,0,0,0,SMU,2,0,0,0,32,1,14.3,64.7,19,77,0,287,75,7,0,0,94.9,31,0,1,,1,0,0
193784,Ahmad Poole,DI,0,0,,0,0,,MO STATE,0,D55,0,0,0,23,1,2027,31,,0,0,61.2,1,0,0,0,0,1,58.3,0,0,0,1,MO STATE,0,0,1,0,,0,,71.1,,74.8,0,230,31,0,31,0,0,8,0,0,70.6,0,0,0
194438,Ben Kamara,CB,3,0,,0,0,66.7,AKRON,4,D14,44,0,0,3,1,2027,0,79.1,18,2,73.4,0,1,27,0,0,0,70.3,43,0,0,0,AKRON,2,0,0,0,10,0,0,73.6,9,75.6,0,102,44,0,0,0,43.1,14,1,0,53.4,0,0,0
197056,Jamie Tremble,ED,1,0,,0,0,100,SYRACUSE,1,D82,6,5,0,6,1,2029,12,72.2,21,1,33.6,0,0,6,0,0,0,67.2,0,0,0,0,SYRACUSE,0,0,0,0,21,1,0,42.3,21,76.5,0,304,18,13,0,0,158.3,6,0,0,55.9,0,1,12
197075,Ibn McDaniels,CB,0,0,,0,0,,SYRACUSE,0,D24,4,1,0,0,1,2029,0,,0,0,,0,0,0,0,0,0,60,0,0,0,0,SYRACUSE,0,0,0,0,,3,,60,,70,0,304,4,0,0,0,0,4,0,0,,0,0,0
197599,Azariah Levells,CB,1,0,,0,0,100,NEW MEXICO,1,D24,8,0,0,0,1,2027,0,73.5,15,1,54.6,0,0,5,0,0,0,60,8,0,0,0,NEW MEXICO,0,0,0,0,15,0,0,54.4,15,70.1,0,241,8,0,0,0,118.8,3,0,0,,0,0,0
197628,Davien Kerr,CB,2,0,,0,0,100,SYRACUSE,2,D10,11,2,0,0,1,2029,0,79.1,39,2,46.5,0,0,8,0,0,0,60,1,0,0,0,SYRACUSE,0,0,0,0,33,8,0,46.7,19.5,71.7,0,304,11,9,0,0,118.8,3,0,0,,0,0,0
197642,Xavier Miles,DI,0,0,,0,0,,CHARLOTTE,2,D58,0,0,0,19,1,2028,26,72.2,0,0,,1,0,0,1,0,0,66.1,0,0,0,0,CHARLOTTE,1,0,1,0,,0,0,64.1,,73.9,0,136,26,0,25,0,0,7,0,0,59.1,0,0,0
197743,D'Angelo Mayes,CB,1,0,,0,1,100,UTAH ST,1,D15,10,1,0,0,1,2029,0,37.7,16,1,55.3,0,0,5,0,0,0,48,9,0,0,0,UTAH ST,0,0,0,0,16,0,33.3,49.5,16,70.2,0,329,10,0,0,0,118.8,5,0,1,,0,0,0
197862,Avery Demery,CB,0,0,,0,0,,LA LAFAYET,0,D10,2,2,0,0,1,2029,0,,0,0,,0,0,0,0,0,0,60,0,0,0,0,LA LAFAYET,0,0,0,0,,0,,60,,63.3,0,207,2,0,0,0,0,2,0,0,,0,0,0
197864,Priest Ashe,ED,0,0,,0,0,,LA LAFAYET,1,D91,0,0,0,12,1,2029,20,69.7,0,0,60.2,0,0,1,3,0,0,54.9,0,0,0,0,LA LAFAYET,0,0,0,0,,0,0,54.1,,74.8,0,207,20,0,2,0,0,7,0,0,55.6,0,0,15
197865,Ashton Wright,DI,0,0,,0,1,,LA LAFAYET,1,D99,0,0,0,4,1,2029,11,27.8,0,0,60,0,0,0,0,4,0,71.4,0,0,0,0,LA LAFAYET,1,0,0,0,,0,50,63.9,,72.5,0,207,11,0,7,0,0,7,0,0,58.8,0,0,0
197912,Jace Gilbert,ED,0,0,,0,0,,IOWA STATE,1,D55,0,0,0,6,1,2029,12,70.8,0,0,,0,0,0,4,0,0,53,0,0,0,0,IOWA STATE,1,0,0,0,,0,0,51.5,,73.1,0,193,12,0,0,0,0,6,0,0,57.4,0,0,8
198081,Justin Hill,ED,1,0,,0,1,100,ALABAMA,0,D08,10,3,0,2,1,2030,12,20.7,5,1,66.3,0,0,7,0,0,0,40.3,0,0,0,0,ALABAMA,0,0,0,0,5,7,100,53,5,77.4,0,103,22,9,0,1,87.5,13,0,0,59.7,0,0,12
198087,Dijon Lee Jr.,CB,2,0,,0,0,0,ALABAMA,3,D05,70,4,0,0,1,2030,0,52.8,0,0,72.7,0,0,42,0,0,0,59.2,65,0,0,0,ALABAMA,1,0,0,0,,0,0,71.2,,76.9,0,103,70,0,0,0,39.6,28,1,1,,1,0,0
198099,Juan Berchal,CB,0,0,,0,0,,APP STATE,0,D11,5,0,0,0,1,2030,0,,0,0,62.7,0,0,3,0,0,0,60,5,0,0,0,APP STATE,0,0,0,0,,0,,63.4,,68.9,0,108,5,0,0,0,0,2,0,0,,0,0,0
198137,Nigel Nelson,LB,1,0,,0,0,100,ARK STATE,0,D22,20,18,0,3,1,2030,1,73.6,11,1,52,0,0,8,0,0,0,62.6,0,0,0,0,ARK STATE,0,0,0,0,11,1,0,53.8,11,73.4,0,113,21,16,0,0,112.5,10,0,1,55.9,1,0,1
198144,Jared Smith,ED,0,0,,0,0,,AUBURN,0,D41,1,0,0,1,1,2030,4,,0,0,,0,0,0,0,0,0,61,0,0,0,0,AUBURN,0,0,0,0,,1,,60.8,,71.3,0,115,5,0,0,0,0,4,0,0,59.4,0,0,4
198145,AnQuon Fegans,S,0,0,,0,0,,AUBURN,0,D21,6,3,0,0,1,2030,0,,0,0,60.9,0,0,2,0,0,0,60,0,0,0,0,AUBURN,0,0,0,0,,1,,61.4,,69.7,0,115,6,0,0,0,0,4,0,0,,2,0,0
198149,Malik Autry,DI,0,0,,0,0,,AUBURN,2,D96,0,0,0,1,1,2030,5,72.2,0,0,,0,0,0,1,0,0,67.8,0,0,0,0,AUBURN,0,0,0,0,,0,0,69.7,,69,0,115,5,0,3,0,0,4,0,0,60,0,0,1
198152,Elijah Melendez,LB,3,0,,0,0,100,AUBURN,0,D09,13,13,0,1,1,2030,1,,74,3,31.5,1,0,6,0,0,0,56.4,0,0,0,0,AUBURN,0,0,1,0,41,0,,30,24.7,70,0,115,14,35,0,0,118.8,7,0,0,59.7,0,0,1
198155,Eric Winters,S,0,0,,0,0,,AUBURN,2,D25,13,6,0,0,1,2030,2,81.1,0,0,63.4,0,0,8,0,0,0,76.6,0,0,0,0,AUBURN,2,0,0,0,,1,0,73,,73.8,0,115,15,0,0,0,0,7,0,1,,6,0,2
198163,Bryce Deas,LB,0,0,,0,0,,AUBURN,0,D16,3,2,0,2,1,2030,7,,0,0,61.7,1,0,4,0,0,0,65.7,0,0,0,0,AUBURN,0,0,1,0,,1,,66.7,,74.2,0,115,10,0,0,0,0,4,0,0,58.2,0,0,7
198165,Tobi Adewoyin,S,0,0,,0,0,,BALL ST,0,D14,7,7,0,0,1,2030,0,74.8,0,0,60,0,0,1,0,0,0,62.2,0,0,0,0,BALL ST,0,0,0,0,,0,0,63.8,,67.8,0,117,7,0,0,0,0,6,0,1,,0,0,0
198179,Preston EstoEsta,S,4,0,,0,1,75,BOWL GREEN,3,D15,44,19,0,1,1,2030,1,48.7,70,3,51.2,0,0,24,0,0,0,58.9,0,0,0,0,BOWL GREEN,1,0,0,0,37,10,25,52.7,23.3,74.7,0,122,45,32,0,0,116.7,20,0,0,58.9,15,0,1
198217,Hunter Clegg,ED,0,0,,0,0,,BYU,1,D90,1,1,0,9,1,2030,19,73,0,0,61.7,0,0,4,0,0,0,62.2,0,0,0,0,BYU,0,0,0,0,,0,0,59.9,,76.3,0,128,20,0,0,0,0,7,0,0,54.9,0,0,19
198240,Aiden Manutai,S,0,0,,0,2,,CAL,4,D14,54,23,0,0,1,2030,1,46.2,0,0,66.1,0,0,20,0,0,0,58.2,0,0,0,0,CAL,1,0,0,0,,11,33.3,63.1,,77.1,0,130,55,0,0,0,0,35,0,0,,20,0,1
198243,Dylan Fisher,DI,0,0,,0,0,,C MICHIGAN,0,D94,0,0,0,22,1,2026,28,70.2,0,0,,1,0,0,0,10,0,67.5,0,0,0,0,C MICHIGAN,0,0,1,0,,0,0,75.3,,76.3,0,134,28,0,18,0,0,6,0,1,71.8,0,0,0
198244,Elijah Gordon,S,1,0,,0,0,0,C MICHIGAN,2,D10,33,17,0,0,1,2026,0,81.3,0,0,74.6,0,0,25,0,0,0,68.5,0,0,0,0,C MICHIGAN,2,0,0,0,,8,0,76,,74.7,0,134,33,0,0,1,39.6,8,0,2,,8,0,0
198248,Andre Thomas Jr.,LB,0,0,,0,0,,C MICHIGAN,0,D29,10,10,1,1,1,2029,0,73.2,0,0,62.8,0,0,9,0,0,0,,0,0,0,0,C MICHIGAN,1,0,1,0,,0,,70.7,,69.5,0,134,10,0,0,0,0,0,0,0,71.8,0,0,0
198250,JJ Douglas,ED,0,0,,0,0,,C MICHIGAN,1,D85,2,2,1,30,1,2030,43,72.4,0,0,58.4,4,0,6,0,6,0,49.2,0,1,0,1,C MICHIGAN,1,0,6,0,,0,0,59.4,,79.6,0,134,45,0,1,0,0,9,0,0,65.2,0,0,36
198251,Nolan Anderson,S,1,0,,0,0,0,C MICHIGAN,0,D28,5,2,0,0,1,2030,0,,0,0,71.3,0,0,5,0,0,0,,0,0,0,0,C MICHIGAN,0,0,0,0,,3,,71.8,,68.5,0,134,5,0,0,0,39.6,0,0,0,,0,0,0
198255,Jaylon Johnson,ED,0,0,,0,0,,CHARLOTTE,1,D24,3,2,0,23,1,2028,36,75.2,0,0,51.7,1,0,2,5,0,0,69.1,0,0,0,0,CHARLOTTE,0,0,1,0,,0,0,53.7,,78.9,0,136,39,0,1,0,0,14,0,1,54.3,0,0,30
198257,Dy'Lon Womack,S,3,0,,0,3,66.7,CHARLOTTE,5,D16,36,7,0,0,1,2030,0,44.8,5,2,61.9,0,0,25,0,0,0,73.4,0,0,0,0,CHARLOTTE,3,0,0,0,3,12,30,65.9,2.5,76.3,0,136,36,6,0,0,70.1,11,0,2,,16,0,0
198297,Zach Atkins,TE,0,0,,0,0,,COLORADO,0,85,1,0,0,1,1,2027,0,,0,0,,0,0,0,0,0,0,,0,0,0,0,COLORADO,0,0,0,0,,0,,60,,60,0,143,1,0,0,0,0,0,0,0,60,0,0,0
198299,Quanell Farrakhan Jr.,WR,0,0,,0,0,,COLORADO,1,14,1,0,0,0,1,2030,0,70.3,0,0,62.8,0,0,1,0,0,0,,0,0,0,0,COLORADO,0,0,0,0,,0,0,64.5,,60,0,143,1,0,0,0,0,0,0,0,,0,0,0
198301,London Merritt,ED,0,0,,0,0,,COLORADO,3,D44,1,1,0,12,1,2030,37,77.6,0,0,,0,0,0,3,0,0,74.4,0,0,0,0,COLORADO,3,0,0,0,,0,0,73.8,,77.6,0,143,38,0,1,0,0,26,1,2,61.6,0,0,33
198305,Mantrez Walker,LB,0,0,,0,0,,COLORADO,0,D38,2,2,0,0,1,2030,0,,0,0,,0,0,0,0,0,0,60.8,0,0,0,0,COLORADO,0,0,0,0,,0,,62.8,,64.4,0,143,2,0,0,0,0,2,0,0,,0,0,0
198306,Alexander McPherson,ED,0,0,,0,0,,COLORADO,0,D98,0,0,0,5,1,2030,11,,0,0,,0,0,0,0,0,0,55.3,0,0,0,0,COLORADO,0,0,0,0,,0,,53.1,,72.5,0,143,11,0,0,0,0,6,0,0,56.6,0,0,11
198307,Christian Hudson,DI,0,0,,0,0,,COLORADO,0,D97,0,0,0,0,1,2030,1,,0,0,,0,0,0,0,1,0,60,0,0,0,0,COLORADO,0,0,0,0,,0,,55.2,,67.5,0,143,1,0,0,0,0,1,0,0,,0,0,0
198314,Devin Pringle,CB,4,0,,0,3,100,UCONN,3,D02,57,9,0,0,1,2026,0,21.2,91,4,57.4,0,0,20,0,0,0,46.1,48,0,0,0,UCONN,2,0,0,0,75,0,42.9,53.4,22.8,75.3,0,146,57,56,0,0,158.3,37,1,1,,0,1,0
198318,Osiris Gilbert,CB,0,0,,0,0,,UCONN,0,D20,21,7,0,0,1,2030,0,,0,0,64.6,0,0,6,0,0,0,62.8,14,0,0,0,UCONN,0,0,0,0,,0,,65.8,,71.2,0,146,21,0,0,0,0,15,0,0,,0,0,0
198371,Zavian Dilworth,CB,0,0,,0,0,,E MICHIGAN,0,D35,1,0,0,0,1,2028,0,,0,0,60,0,0,1,0,0,0,,1,0,0,0,E MICHIGAN,0,0,0,0,,0,,60.4,,63.5,0,160,1,0,0,0,0,0,0,0,,0,0,0
198374,Donmiel Rogers,CB,3,0,,0,0,66.7,E MICHIGAN,0,D29,41,0,0,4,1,2030,0,75.1,49,2,30.7,0,0,22,0,0,0,65.4,2,0,0,0,E MICHIGAN,0,0,0,0,35,38,0,37.9,24.5,78.2,0,160,41,3,0,0,149.3,15,0,1,65.1,1,1,0
198375,Quincy Byas,ED,0,0,,0,1,,E MICHIGAN,2,D54,8,8,0,27,1,2030,35,56.4,0,0,60,4,0,0,4,0,0,68.4,0,0,0,0,E MICHIGAN,2,0,4,0,,0,20,73.1,,78,0,160,43,0,0,0,0,16,1,2,68.1,0,0,31
198390,Hector Gonzalez,ED,0,0,,0,0,,E MICHIGAN,1,D90,2,2,0,12,1,2030,29,71.3,0,0,,0,0,0,7,0,0,54.7,0,0,0,0,E MICHIGAN,1,0,0,0,,0,0,53.3,,76.3,0,160,31,0,0,0,0,19,0,0,54.7,0,0,22
198393,Kenton Simmons,ED,0,0,,0,0,,FIU,1,D25,2,2,0,17,1,2028,44,74.1,0,0,,0,0,0,2,0,0,62.8,0,0,0,0,FIU,1,0,0,0,,0,0,60.9,,79,0,166,46,0,0,0,0,29,0,1,55.8,0,0,42
198396,Ormond Wallace,S,0,0,,0,1,,FIU,0,D10,11,4,0,0,1,2028,0,27.6,0,0,63.8,0,0,2,0,0,0,47.5,0,0,0,0,FIU,0,0,0,0,,3,50,53.7,,72,0,166,11,0,0,0,0,9,0,1,,4,0,0
198397,Xion Chapman,DI,0,0,,0,0,,FIU,1,D90,0,0,0,1,1,2028,4,72.4,0,0,,0,0,0,0,1,0,67.2,0,0,0,0,FIU,0,0,0,0,,0,0,69.8,,69.9,0,166,4,0,3,0,0,3,0,1,59.8,0,0,0
198400,Jessiah McGrew,S,5,0,,0,2,80,FIU,5,D23,54,18,0,0,1,2030,1,47.4,81,4,40.9,0,0,16,0,0,0,50.2,0,0,0,0,FIU,2,0,0,0,52,17,28.6,43.1,20.3,76.7,0,166,55,8,0,1,118.8,39,0,0,,19,0,1
198511,Grant Beerman,LB,0,0,,0,0,,ILLINOIS,0,D33,0,0,0,1,1,2030,1,,0,0,,0,0,0,0,0,0,,0,0,0,0,ILLINOIS,0,0,0,0,,0,,60,,65.7,0,187,1,0,0,0,0,0,0,0,60,0,0,1
198533,Byron Baldwin Jr.,CB,2,0,,0,0,100,INDIANA,2,D02,6,0,0,0,1,2030,0,76.9,9,2,71.3,0,0,4,0,0,0,62.4,0,0,0,0,INDIANA,1,0,0,0,5,6,0,73.8,4.5,73.3,0,190,6,13,0,0,85.4,2,0,0,,0,0,0
198543,Jaylen Bell,CB,0,0,,0,0,,INDIANA,0,D03,3,0,0,0,1,2030,0,,0,0,60.8,0,0,2,0,0,0,60,3,0,0,0,INDIANA,0,0,0,0,,0,,61.4,,67.9,0,190,3,0,0,0,0,1,0,0,,0,0,0
198560,Joshua Patterson,S,1,0,,0,0,0,IOWA STATE,0,D25,14,2,0,0,1,2030,0,,0,0,74.6,0,0,10,0,0,0,60.2,0,0,0,0,IOWA STATE,0,0,0,0,,12,,74.7,,71.7,0,193,14,0,0,1,39.6,4,0,0,,0,0,0
198597,Weston Polk,LB,0,0,,0,0,,KANSAS ST,0,D34,1,0,0,0,1,2030,0,,0,0,,0,0,0,0,0,0,60,0,0,0,0,KANSAS ST,0,0,0,0,,0,,60,,60,0,199,1,0,0,0,0,1,0,0,,0,0,0
198613,Jackson Cooper,DI,0,0,,0,1,,KENNESAW,0,D92,0,0,0,11,1,2030,26,22.2,0,0,,0,0,0,0,3,0,38.1,0,0,0,0,KENNESAW,0,0,0,0,,0,100,39.8,,74.3,0,200,26,0,23,0,0,15,0,0,56.8,0,0,0
198615,Tay'vion Lawson,CB,0,0,,0,0,,KENNESAW,0,D17,8,0,0,0,1,2030,0,73.5,0,0,57.5,0,0,8,0,0,0,,8,0,0,0,KENNESAW,0,0,0,0,,0,0,57.4,,70.9,0,200,8,0,0,0,0,0,0,1,,0,0,0
198617,Elijah Hill,ED,0,0,,0,0,,KENNESAW,0,D56,0,0,0,14,1,2030,19,,0,0,60,4,0,1,0,0,0,35.8,0,1,0,0,KENNESAW,0,0,5,0,,0,,64.3,,76.1,0,200,19,0,1,0,0,4,0,0,86,0,0,18
198634,Derrick Jackson III,S,2,0,,0,0,50,KENT STATE,8,D31,81,51,0,0,1,2030,0,84.4,20,1,48.3,0,0,36,0,0,0,72.8,0,0,1,0,KENT STATE,4,0,0,0,20,18,0,58,20,77.2,0,201,81,2,0,0,85.4,45,0,1,,12,0,0
198640,Joel Cordoba,S,2,0,,0,1,100,KENT STATE,11,D21,81,38,0,0,1,2030,0,75.8,30,2,68.3,0,0,36,0,0,0,74.2,1,0,0,1,KENT STATE,4,0,0,0,29,5,7.1,74.7,15,76.2,0,201,81,15,0,0,118.8,45,1,2,60,37,0,0
198644,Darian Blachewicz,DI,0,0,,0,0,,KENT STATE,0,D58,0,0,0,2,1,2030,8,74.2,0,0,,0,0,0,1,0,0,69.1,0,0,0,0,KENT STATE,0,0,0,0,,0,0,69.8,,70.6,0,201,8,0,6,0,0,6,0,3,58.6,0,0,1
198676,Amari Butler,CB,1,0,,0,0,100,LA TECH,0,D17,21,1,0,0,1,2028,0,,17,1,58.6,0,0,12,0,0,0,61.5,18,0,0,0,LA TECH,0,0,0,0,17,2,,59.6,17,73.3,0,208,21,12,0,0,118.8,9,0,0,,0,0,0
198677,Jordan McRae,S,3,0,,0,0,66.7,LA TECH,1,D14,7,4,0,0,1,2029,0,73.4,23,2,66.9,0,0,5,0,0,0,60,0,0,0,0,LA TECH,1,0,0,0,15,3,0,67.2,11.5,69.8,0,208,7,3,0,1,89.6,2,0,0,,0,0,0
198680,Emmanuel Oguns,ED,0,0,,0,1,,LA TECH,3,D94,2,2,0,19,1,2027,30,49.4,0,0,,0,0,0,8,0,0,73.3,0,0,0,0,LA TECH,3,0,0,0,,0,20,69,,76.7,0,208,32,0,6,0,0,13,1,1,57.6,0,0,16
198693,Zheric Hill,LB,0,0,,0,0,,LA TECH,0,D21,2,2,0,2,1,2030,0,73.6,0,0,,0,0,0,0,0,0,,0,0,1,0,LA TECH,0,0,0,0,,0,,29.1,,0,0,208,2,0,0,0,0,0,0,0,60.7,0,0,0
198733,Jeremiah Jordan,CB,7,0,,0,0,42.9,MEMPHIS,5,D13,85,24,0,0,1,2027,0,82.2,20,3,64.3,0,0,53,0,0,0,70.7,1,0,1,0,MEMPHIS,1,0,0,0,14,60,0,66.7,6.7,79.8,0,218,85,0,0,0,50.3,32,0,1,,0,0,0
198789,Adrian Walker Jr.,CB,2,0,,0,0,0,MIAMI OH,0,D06,18,3,0,0,1,2030,0,,0,0,66.3,0,0,16,0,0,0,60,1,0,0,0,MIAMI OH,0,0,0,0,,14,,66.8,,73.3,0,221,18,0,0,0,39.6,2,0,0,,0,0,0
198792,Jordan Young,S,0,0,,0,1,,MICHIGAN,1,D14,11,0,0,0,1,2030,0,28.7,0,0,66,0,0,10,0,0,0,60,0,0,0,0,MICHIGAN,1,0,0,0,,0,50,65.6,,74.9,0,222,11,0,0,0,0,1,0,0,,11,0,0
198801,Shamari Earls,CB,2,0,,0,0,50,MICHIGAN,0,D02,11,0,0,0,1,2030,0,,15,1,45.8,0,0,10,0,0,0,60,10,0,1,0,MICHIGAN,0,0,0,0,15,1,,45.4,15,72.1,0,222,11,0,0,0,75,1,0,0,,0,0,0
198809,Aydan West,CB,1,0,,0,0,0,MICH STATE,0,D02,12,0,0,0,1,2030,0,,0,0,62.8,0,0,5,0,0,0,60,12,0,0,0,MICH STATE,0,0,0,0,,0,,63.5,,71.7,0,223,12,0,0,0,39.6,7,0,0,,0,0,0
198816,Devan Carlisle,CB,3,0,,0,0,66.7,MIDDLE TN,1,D15,19,1,0,0,1,2028,0,73.5,32,2,61,0,0,15,0,0,0,60,16,0,0,0,MIDDLE TN,0,0,0,0,25,2,0,61.3,16,73.4,0,224,19,0,0,0,102.1,4,0,0,,0,0,0
198836,Camari Hall,CB,1,0,,0,0,100,MIDDLE TN,1,D34,3,0,0,0,1,2030,0,74.8,7,1,63.4,0,0,2,0,0,0,60,0,0,0,0,MIDDLE TN,0,0,0,0,7,3,0,64.6,7,69.8,0,224,3,4,0,0,95.8,1,0,0,,0,0,0
198845,Christofer Noble,S,3,0,,0,1,66.7,MIDDLE TN,6,D39,61,19,0,0,1,2030,0,65.7,46,2,61.3,0,0,36,0,0,0,62.9,0,0,0,0,MIDDLE TN,2,0,0,0,24,6,12.5,62.2,23,77,0,224,61,7,0,1,109.7,25,0,1,,36,0,0
198855,Diesel Moye,DI,0,0,,0,1,,MISS STATE,0,D99,0,0,0,8,1,2027,13,21.8,0,0,,0,0,0,0,5,0,59.7,0,0,0,0,MISS STATE,0,0,0,0,,0,100,58.8,,73.5,0,227,13,0,8,0,0,5,0,0,58.1,0,0,0
198871,Tyler Lockhart,LB,1,0,,0,0,0,MISS STATE,0,D11,20,18,0,6,1,2030,3,74.3,0,0,55.7,0,0,12,0,0,0,62.9,0,0,0,0,MISS STATE,0,0,0,0,,2,0,55.1,,74.6,0,227,23,0,0,0,39.6,5,0,1,53.9,0,0,3
198874,Langden Kitchen,ED,0,0,,0,0,,MISSOURI,1,D11,0,0,0,7,1,2028,15,71.5,0,0,60,0,0,0,1,0,0,60.9,0,0,1,0,MISSOURI,0,0,0,0,,0,0,53.7,,0,0,229,15,0,2,0,0,8,0,0,63.7,0,0,12
198914,Darryon Taylor,CB,0,0,,0,1,,MO STATE,0,D26,10,2,0,0,1,2028,0,27.3,0,0,51.8,0,0,5,0,0,0,53,8,0,0,0,MO STATE,0,0,0,0,,0,100,47.5,,69.8,0,230,10,0,0,0,0,5,0,0,,0,0,0
198916,Bryson Snelling,CB,0,0,,0,0,,NEVADA,0,D12,5,2,0,0,1,2029,0,,0,0,60,0,0,1,0,0,0,60,3,0,0,0,NEVADA,0,0,0,0,,0,,62.2,,66.6,0,239,5,0,0,0,0,4,0,0,,0,0,0
198917,EJ Smith,LB,2,0,,0,0,50,NEVADA,1,D02,23,20,0,0,1,2028,2,79.5,6,1,56.1,0,0,11,0,0,0,56.5,1,0,0,0,NEVADA,1,0,0,0,6,2,0,55,6,73.9,0,239,25,2,0,0,56.3,14,0,2,,0,0,2
198927,Stilton McKelvey,CB,1,0,,0,0,100,NEW MEX ST,0,D23,25,4,0,0,1,2028,0,,9,1,59.3,0,0,14,0,0,0,62.9,21,0,0,0,NEW MEX ST,0,0,0,0,9,0,,60.6,9,72.7,0,242,25,7,0,0,104.2,11,0,0,,0,0,0
198935,Tory Gethers,LB,8,0,,0,1,75,NEW MEX ST,8,D12,61,46,0,10,1,2028,8,67.3,42,6,46.4,1,0,33,0,0,0,75.7,0,0,0,0,NEW MEX ST,3,0,1,0,10,15,9.1,57.6,7,79.2,0,242,69,22,0,0,86.5,26,0,2,58.5,0,0,8
198943,Lorenzo Smith,CB,2,0,,0,0,50,NEW MEX ST,2,D31,32,7,0,0,1,2028,0,76,3,1,66.2,0,0,21,0,0,0,65.1,25,0,0,0,NEW MEX ST,1,0,0,0,3,0,0,67.6,3,72.9,0,242,32,1,0,0,56.3,11,0,0,,0,0,0
198951,Zaiden Davis,LB,1,0,,0,2,100,NEW MEX ST,1,D34,4,1,0,2,1,2030,2,22.6,8,1,59.7,0,0,2,0,0,0,52.9,0,0,0,0,NEW MEX ST,1,0,0,0,8,3,66.7,50.8,8,71.5,0,242,6,7,0,0,100,2,0,0,57.3,0,0,2
198964,Adrian Farrow,DI,0,0,,0,0,,NC STATE,0,D47,1,1,0,8,1,2030,8,,0,0,59.4,0,0,1,0,2,0,,0,0,0,0,NC STATE,0,0,0,0,,0,,50.9,,71.9,0,248,9,0,6,0,0,0,0,0,54.9,0,0,0
198969,Josiah Victor,DI,0,0,,0,0,,NC STATE,0,D90,0,0,0,6,1,2030,11,,0,0,,0,0,0,0,1,0,63.2,0,0,0,0,NC STATE,0,0,0,0,,0,,61.4,,71.7,0,248,11,0,10,0,0,5,0,0,56.9,0,0,0
198973,Tristan Teasdell,S,0,0,,0,1,,NC STATE,4,D19,42,25,0,0,1,2030,0,67.4,0,0,68.8,0,1,24,0,0,0,61.8,1,0,1,0,NC STATE,1,0,0,0,,5,16.7,67.2,,73.5,0,248,42,0,0,0,0,18,0,1,,11,0,0
198988,Rudy Vargas Jr.,DI,0,0,,0,1,,N TEXAS,1,D95,0,0,0,5,1,2030,11,26.7,0,0,,0,0,0,0,4,0,58.5,0,0,0,0,N TEXAS,1,0,0,0,,0,50,57.3,,72.8,0,251,11,0,7,0,0,6,0,0,57.5,0,0,0
198989,AJ Brown,DI,0,0,,0,0,,N TEXAS,0,D96,0,0,0,1,1,2030,2,,0,0,,0,0,0,0,0,0,60,0,0,0,0,N TEXAS,0,0,0,0,,0,,48.3,,66.6,0,251,2,0,2,0,0,1,0,0,60,0,0,0
198994,Brenden Reese,LB,0,0,,0,0,,N TEXAS,0,D34,3,2,0,0,1,2030,0,,0,0,60,0,0,1,0,0,0,60,0,0,0,0,N TEXAS,0,0,0,0,,0,,64.1,,63.1,0,251,3,0,0,0,0,2,0,0,,0,0,0
198996,Jaden Manning,LB,0,0,,0,0,,N TEXAS,0,D36,3,1,0,0,1,2029,0,,0,0,60,0,0,1,0,0,0,60,0,0,0,0,N TEXAS,0,0,0,0,,1,,54.6,,64,0,251,3,0,0,0,0,2,0,0,,0,0,0
198997,Brayden Knox,ED,0,0,,0,0,,N TEXAS,1,D42,0,0,0,2,1,2030,9,73,0,0,60.3,0,0,2,0,0,0,61.8,0,0,0,0,N TEXAS,1,0,0,0,,0,0,62.3,,73,0,251,9,0,0,0,0,5,0,0,59.6,0,0,9
199008,Jon Jon Stevens Jr.,S,0,0,,0,0,,NWESTERN,0,D29,1,0,0,0,1,2030,0,,0,0,,0,0,0,0,0,0,60,0,0,0,0,NWESTERN,0,0,0,0,,0,,60,,64.7,0,256,1,0,0,0,0,1,0,0,,1,0,0
199028,Charlie Christopher,LB,3,0,,0,0,66.7,OHIO,6,D30,52,42,0,1,1,2030,0,83.8,10,2,85.1,0,0,32,0,0,1,70.9,0,0,0,1,OHIO,2,0,0,0,6,10,0,86.6,5,75.4,0,259,52,8,0,0,71.5,19,0,4,67.9,0,0,0
199032,Courtland Guillory,CB,8,0,,0,1,25,OKLAHOMA,4,D04,79,5,0,0,1,2030,0,61.7,7,2,79.9,0,0,47,0,0,0,58.9,74,0,0,0,OKLAHOMA,1,0,0,0,5,0,14.3,77.7,3.5,77.3,0,261,79,5,0,2,39.6,32,0,2,,0,0,0
199049,Brandon Rawls,LB,1,0,,0,0,100,OKLA STATE,5,D06,23,20,0,4,1,2026,6,80.5,9,1,51.8,0,0,14,0,0,0,75.8,0,0,0,0,OKLA STATE,4,0,0,0,9,3,0,61.5,9,74.5,0,262,29,14,0,0,104.2,11,0,0,56.7,0,0,6
199050,Rashod Bradley,ED,0,0,,0,0,,OKLA STATE,0,D44,0,0,0,10,1,2028,15,,0,0,,0,0,0,7,0,0,60.2,0,0,1,0,OKLA STATE,0,0,0,0,,0,,49.7,,0,0,262,15,0,2,0,0,5,0,0,60.7,0,0,6
199052,Kobi Foreman,CB,0,0,,0,0,,OKLA STATE,0,D22,12,2,0,0,1,2030,1,,0,0,29.8,0,0,3,0,0,0,61.4,10,0,2,0,OKLA STATE,0,0,0,0,,0,,29.4,,72.6,0,262,13,0,0,0,0,10,0,0,,0,0,1
199063,Lucas Struck,S,1,0,,0,0,100,DOMINION,2,D19,22,10,0,0,1,2028,0,79.5,0,1,55.2,0,0,17,0,0,0,65.6,0,0,0,0,DOMINION,0,0,0,0,0,1,0,59.2,0,73.4,0,263,22,1,0,0,79.2,5,0,0,,11,0,0
199064,Keshawn Thomas,LB,0,0,,0,0,,DOMINION,0,D01,17,16,0,7,1,2028,8,74.3,0,0,71.1,0,0,11,0,0,0,58.1,0,0,0,0,DOMINION,0,0,0,0,,1,0,66.3,,76.4,0,263,25,0,0,1,0,7,0,1,56,0,0,8
199066,Jorian Haynes,CB,1,0,,0,0,0,DOMINION,1,D23,21,0,0,0,1,2029,0,74.2,0,0,71.1,0,0,16,0,0,0,63.5,21,0,0,0,DOMINION,0,0,0,0,,0,0,72.1,,73.2,0,263,21,0,0,0,39.6,5,0,0,,0,0,0
199067,Javen Gibson,ED,0,0,,0,0,,DOMINION,1,D36,0,0,0,17,1,2028,24,72.9,0,0,,1,0,0,3,0,0,65.9,0,0,1,0,DOMINION,1,0,1,0,,0,0,53.3,,0,0,263,24,0,10,0,0,7,0,1,55.4,0,0,11
199072,LeDarrion Menter,ED,0,0,,0,0,,DOMINION,0,D97,0,0,0,4,1,2030,4,,0,0,,1,0,0,1,0,0,,0,0,0,0,DOMINION,0,0,1,0,,0,,66,,68.2,0,263,4,0,2,0,0,0,0,0,65.4,0,0,1
199074,Hunter Malecki,DI,0,0,,0,1,,DOMINION,0,D40,0,0,0,12,1,2030,14,,0,0,,1,0,0,0,3,0,60,0,0,0,0,DOMINION,0,0,1,0,,0,100,56.7,,73,0,263,14,0,11,0,0,2,0,0,55.4,0,0,0
199076,Jackson Forrest,LB,1,0,,0,0,0,DOMINION,1,D18,29,27,0,13,1,2030,0,76.1,0,0,66.3,0,0,9,0,0,0,68.3,0,0,0,0,DOMINION,1,0,0,0,,1,0,66.4,,74.4,0,263,29,0,0,0,39.6,7,0,1,56,0,0,0
199078,Josh Guerrier,S,4,0,,0,1,50,PITTSBURGH,1,D14,36,13,0,0,1,2030,0,37.4,34,2,58.6,0,0,29,0,0,0,54.6,0,0,0,0,PITTSBURGH,1,0,0,0,30,14,50,57.2,17,76.3,0,268,36,0,0,1,118.8,7,0,0,,9,1,0
199080,Shawn Lee Jr.,CB,4,0,,0,1,50,PITTSBURGH,3,D28,26,0,0,0,1,2030,0,53.9,1,2,75.1,0,0,20,0,0,0,60.5,26,0,0,0,PITTSBURGH,2,0,0,0,2,0,20,75.5,0.5,74,0,268,26,5,0,1,95.8,6,1,1,,0,1,0
199085,Emmanuel Taylor,LB,0,0,,0,0,,PITTSBURGH,0,D38,6,1,0,1,1,2030,1,,0,0,62.3,0,0,3,0,0,0,60,0,0,0,0,PITTSBURGH,0,0,0,0,,5,,61.8,,70.7,0,268,7,0,0,0,0,3,0,0,57.8,0,0,1
199086,Justin Thompson,LB,0,0,,0,0,,PITTSBURGH,0,D54,7,7,0,3,1,2030,0,,0,0,60,1,0,1,0,0,0,60.9,0,0,0,0,PITTSBURGH,0,0,1,0,,0,,70.7,,70.5,0,268,7,0,0,0,0,3,0,0,66.1,0,0,0
199102,Dillan Botts,DI,0,0,,0,1,,RICE,0,D96,0,0,0,15,1,2028,21,17.6,0,0,,0,0,0,6,0,0,54.9,0,0,0,1,RICE,0,0,0,0,,0,100,57.8,,73.2,0,275,21,0,13,0,0,6,0,0,61.7,0,0,2
199103,Jo Chavez,S,8,0,,0,0,62.5,RICE,6,D06,57,20,0,1,1,2028,2,83.9,26,5,68.5,0,0,39,0,0,0,69.2,0,0,0,0,RICE,2,0,0,0,16,23,0,69.6,5.2,78,0,275,59,32,0,1,67.7,19,1,1,58.6,14,0,2
199104,Jerrick Harper,CB,7,0,,0,0,71.4,RICE,3,D05,66,13,0,1,1,2028,0,77.7,82,5,55.1,0,0,45,0,0,0,51.9,53,0,0,0,RICE,2,0,0,0,34,0,0,54,16.4,75.9,0,275,66,43,0,1,150,20,0,0,60,0,1,0
199156,Link Rhodes,WR,0,0,,0,0,,SMU,0,04,1,0,0,0,1,2028,0,72.2,0,0,,0,0,0,0,0,0,61,0,0,1,0,SMU,0,1,0,0,,0,,46.1,,59.8,0,287,1,0,0,0,0,1,0,0,,0,0,0
199168,Javion Holiday,CB,0,0,,0,0,,SMU,0,D25,1,0,0,0,1,2030,0,,0,0,,0,0,0,0,0,0,60,0,0,0,0,SMU,0,0,0,0,,0,,60,,73.9,0,287,1,0,0,0,0,1,0,0,,0,0,0
199184,Tirrell Johnson,ED,0,0,,1,0,,S ALABAMA,7,D20,1,1,0,24,1,2027,58,81.8,0,0,72.7,0,1,8,0,0,0,73.1,0,2,1,0,S ALABAMA,3,0,2,0,,0,0,68.6,,0,0,288,59,0,0,0,0,27,0,2,58.1,0,0,58
199204,E'Mauri Smiley,ED,0,0,,0,0,,S ALABAMA,1,D90,0,0,0,7,1,2030,19,75.2,0,0,,0,0,0,1,0,0,68.1,0,0,0,0,S ALABAMA,1,0,0,0,,0,0,66,,76.4,0,288,19,0,0,0,0,12,0,1,56.3,0,0,18
199214,Khalil Foster,S,0,0,,0,0,,SO MISS,1,D21,4,2,0,0,1,2030,0,74.8,0,0,,0,0,0,0,0,0,60,0,0,0,0,SO MISS,1,0,0,0,,0,0,61.8,,68.2,0,296,4,0,0,0,0,4,0,0,,2,0,0
199220,DeAngelo Thompson Jr.,ED,0,0,,0,0,,SYRACUSE,0,D52,0,0,0,0,1,2030,4,,0,0,,0,0,0,0,0,0,56.5,0,0,0,0,SYRACUSE,0,0,0,0,,0,,49.5,,70.8,0,304,4,0,0,0,0,4,0,0,,0,0,4
199221,Kaylib Singleton,CB,0,0,,0,0,,SYRACUSE,1,D03,12,3,0,0,1,2030,0,76.6,0,0,65.9,0,0,3,0,0,0,61,8,0,0,0,SYRACUSE,0,0,0,0,,1,0,67.6,,70.1,0,304,12,0,0,0,0,9,0,1,,0,0,0
199223,Demetres Samuel Jr.,CB,4,0,,0,0,50,SYRACUSE,2,D01,60,4,0,0,1,2030,0,78.5,4,2,69.1,0,0,30,0,0,0,66.9,56,0,0,0,SYRACUSE,1,0,0,0,4,0,0,69.9,2,76.6,0,304,60,14,0,0,56.3,30,0,1,,0,0,0
199230,Antoine Deslauriers,LB,4,0,,0,1,100,SYRACUSE,8,D05,43,33,0,2,1,2030,6,67.7,45,4,57.8,0,0,23,0,0,0,63.7,0,0,0,0,SYRACUSE,4,0,0,0,34,10,10,60.4,11.3,76.4,0,304,49,43,0,0,113.5,24,1,1,58.8,0,0,6
199231,Nathan Nyandoro,ED,0,0,,0,0,,SYRACUSE,1,E30,0,0,0,6,1,2030,15,71.1,0,0,,0,0,0,4,0,0,64.6,0,0,0,0,SYRACUSE,0,0,0,0,,0,0,62.8,,73.6,0,304,15,0,0,0,0,9,0,0,56.7,0,0,11
199241,Perry Cole Jr.,DI,0,0,,0,0,,TCU,0,D34,0,0,0,4,1,2029,8,71.3,0,0,,0,0,0,4,0,0,56.4,0,0,0,0,TCU,0,0,0,0,,0,0,54.5,,69.5,0,305,8,0,4,0,0,4,0,1,57.8,0,0,0
199261,Gil Jackson Jr.,CB,0,0,,0,0,,TCU,0,D38,6,0,0,0,1,2030,0,,0,0,45.8,0,0,4,0,0,0,60,6,0,1,0,TCU,0,0,0,0,,0,,44.6,,69,0,305,6,0,0,0,0,2,0,0,,0,0,0
199267,Julius Simms,S,0,0,,0,0,,TCU,0,D31,8,3,0,0,1,2030,0,75.3,0,0,65.2,0,0,7,0,0,0,60,0,0,0,0,TCU,0,0,0,0,,4,0,65.1,,69.7,0,305,8,0,0,0,0,1,0,1,,1,0,0
199275,Curly Ordonez,LB,5,0,,0,0,20,TEMPLE,4,D33,68,56,0,4,1,2028,3,82.2,0,1,66.9,2,0,34,0,0,0,61.6,2,2,1,0,TEMPLE,3,0,4,0,0,10,0,61.6,0,0,0,306,71,3,0,1,39.6,33,0,3,56.7,0,0,3
199296,Graceson Littleton,CB,6,0,,0,1,66.7,TEXAS,5,D29,72,4,0,0,1,2030,0,65.5,38,4,64,0,0,48,0,0,0,68.7,0,0,1,0,TEXAS,2,0,0,0,18,68,12.5,65.5,9.5,81.1,0,311,72,29,0,0,84,24,0,2,,0,0,0
199297,Lance Jackson,ED,0,0,,0,1,,TEXAS,2,D40,0,0,0,15,1,2030,25,44.1,0,0,60,2,0,1,1,0,0,74,0,0,0,0,TEXAS,2,0,2,0,,0,33.3,65.9,,76.2,0,311,25,0,4,0,0,9,0,0,53.8,0,0,20
199306,Justus Terry,DI,0,0,,0,0,,TEXAS,0,D15,0,0,0,2,1,2030,4,,0,0,,0,0,0,1,0,0,60.4,0,0,0,0,TEXAS,0,0,0,0,,0,,62,,68.4,0,311,4,0,3,0,0,2,0,0,59.8,0,0,0
199311,Brock Golwas,LB,1,0,,0,0,0,TEXAS TECH,1,D45,11,5,0,0,1,2030,0,76.2,0,0,72.2,0,0,6,0,0,0,53.7,0,0,0,0,TEXAS TECH,1,0,0,0,,6,0,67.8,,69.8,0,315,11,0,0,0,39.6,5,0,0,,0,0,0
199329,Donnie Smith,ED,0,0,,0,1,,TROY,0,D22,4,2,2,19,1,2028,27,40.5,0,0,60.6,0,0,2,0,0,0,45.9,0,1,0,0,TROY,2,0,3,0,,2,50,61.8,,79.1,0,318,31,0,0,0,0,10,0,1,71.2,0,0,27
199330,Jaquez White,CB,4,1,,0,0,50,TROY,8,D08,65,1,0,1,1,2028,0,83.6,14,2,90.3,1,1,31,0,0,0,87.8,62,0,0,0,TROY,3,0,1,0,9,2,0,91.5,7,77.2,0,318,65,0,0,1,18.8,33,1,1,60,0,0,0
199378,Hudson Ball,ED,0,0,,0,1,,TULSA,0,D32,2,2,0,21,1,2030,36,25.7,0,0,60.1,1,0,2,2,0,0,57.4,0,0,0,0,TULSA,0,0,1,0,,0,50,54.4,,79.4,0,320,38,0,0,0,0,15,0,1,53.2,0,0,34
199446,Nate Tilmon,S,1,0,,0,0,100,UTAH,0,D21,22,2,0,1,1,2030,2,,8,1,65.5,0,0,13,0,0,0,62,0,0,0,0,UTAH,0,0,0,0,8,14,,65.8,8,76,0,328,24,12,0,0,100,10,0,0,60,6,0,2
199447,Sione Motuapuaka,TE,0,0,,0,0,,UTAH,0,D44,0,0,0,0,1,2030,1,,0,0,,0,0,0,0,1,0,60,0,0,0,0,UTAH,0,0,0,0,,0,,60,,67.5,0,328,1,0,0,0,0,1,0,0,,0,0,0
199456,Cyrus Polu,LB,0,0,,0,0,,UTAH,1,D35,13,13,0,4,1,2030,3,76.3,0,0,62,0,0,5,0,0,0,67.7,0,0,0,0,UTAH,0,0,0,0,,0,0,65,,72.7,0,328,16,0,0,0,0,7,0,1,55,0,0,3
199461,Karson Kaufusi,DI,0,0,,0,0,,UTAH,0,D51,0,0,0,15,1,2030,26,,0,0,,0,0,0,1,2,0,56.3,0,0,0,0,UTAH,0,0,0,0,,0,,54.2,,73.9,0,328,26,0,23,0,0,11,0,0,54.9,0,0,0
199507,Rylon Dillard-Allen,S,0,0,,0,0,,WASHINGTON,1,D18,18,5,0,0,1,2030,0,79.5,0,0,64.3,0,0,10,0,0,0,67.4,0,0,0,0,WASHINGTON,1,0,0,0,,5,0,67.5,,74.6,0,340,18,0,0,0,0,8,0,1,,8,0,0
199508,Zaydrius Rainey-Sale,LB,3,0,,0,0,33.3,WASHINGTON,1,D23,26,22,0,2,1,2030,1,74.3,27,1,72.1,0,0,11,0,0,0,68.7,0,0,0,0,WASHINGTON,1,0,0,0,27,4,0,73.9,27,73.4,0,340,27,3,0,2,67.4,14,0,0,56.8,0,0,1
199537,Kyle Peterson,S,0,0,,0,0,,WASH STATE,0,D28,3,1,0,0,1,2030,0,,0,0,61.4,0,0,3,0,0,0,,1,0,0,0,WASH STATE,0,0,0,0,,0,,61.3,,66.7,0,341,3,0,0,0,0,0,0,0,,1,0,0
199547,Chris Fileppo,S,0,0,,0,0,,W VIRGINIA,0,D34,0,0,0,0,1,2030,2,,0,0,,0,0,0,0,0,0,60,0,0,0,0,W VIRGINIA,0,0,0,0,,0,,60,,68.5,0,343,2,0,0,0,0,2,0,0,,0,0,2
199565,Jordan Donald,LB,0,0,,0,1,,W KENTUCKY,1,D22,10,10,0,1,1,2030,0,26.5,0,0,51,0,0,4,0,0,0,45.9,0,0,0,0,W KENTUCKY,0,0,0,0,,0,50,37,,70.8,0,346,10,0,0,0,0,5,0,0,59.5,0,0,0
199566,Matthew Jung,S,0,0,,0,2,,WISCONSIN,4,D29,68,34,0,0,1,2027,0,57.8,0,0,68.6,0,0,25,0,0,0,58.9,0,0,0,0,WISCONSIN,0,0,0,0,,12,18.2,65.2,,76.2,0,349,68,0,0,0,0,43,0,5,,22,0,0
199567,Nicolas Clayton,ED,0,0,,0,0,,WISCONSIN,0,D12,1,0,0,1,1,2029,0,,0,0,,0,0,0,0,0,0,,0,0,0,0,WISCONSIN,0,0,0,0,,0,,60,,60,0,349,1,0,0,0,0,0,0,0,60,0,0,0
199568,Cairo Skanes,CB,0,0,,0,0,,WISCONSIN,0,D21,1,0,0,0,1,2030,0,,0,0,60,0,0,1,0,0,0,,0,0,0,0,WISCONSIN,0,0,0,0,,0,,62.4,,60,0,349,1,0,0,0,0,0,0,0,,0,0,0
199577,Cooper Catalano,LB,3,0,,0,4,66.7,WISCONSIN,7,D44,65,61,0,5,1,2030,1,49.2,24,2,77.1,1,0,19,0,0,0,53.8,0,0,0,0,WISCONSIN,1,0,1,0,20,4,28.6,65.4,12,73.4,0,349,66,3,0,1,91,42,0,3,64.6,0,0,1
199583,Aamii Branch,CB,3,0,,0,1,33.3,AKRON,2,D09,58,6,0,6,1,2029,1,37,-5,1,70.8,0,0,33,0,0,0,50.9,0,0,0,0,AKRON,2,0,0,0,-5,52,33.3,64.6,-5,79.5,0,102,59,0,0,0,42.4,20,1,0,51.9,0,0,1
199587,Markus Boswell,LB,0,0,,0,1,,AKRON,0,D44,10,10,1,2,1,2030,2,37.4,0,0,61.5,0,0,4,0,0,0,47.4,0,0,0,0,AKRON,1,0,1,0,,0,100,51.8,,71.3,0,102,12,0,0,0,0,6,0,0,60.5,0,0,2
199589,Sherrod Smith,CB,0,0,,0,0,,BOISE ST,0,D23,8,0,0,0,1,2029,0,,0,0,63.8,0,0,5,0,0,0,60,7,0,0,0,BOISE ST,0,0,0,0,,0,,64.4,,70,0,120,8,0,0,0,0,3,0,0,,1,0,0
199592,Sam Brooks,S,0,0,,0,0,,BOISE ST,1,D18,5,0,0,0,1,2028,0,76.4,0,0,61.9,0,0,3,0,0,0,60,0,0,0,0,BOISE ST,0,0,0,0,,1,0,64.4,,68.7,0,120,5,0,0,0,0,2,0,0,,4,0,0
199596,Arthur de Boachie,S,1,0,,0,0,0,BOISE ST,0,D29,5,2,0,0,1,2030,0,76.2,0,0,44.1,0,0,3,0,0,0,60,0,0,0,0,BOISE ST,0,0,0,0,,2,0,45.1,,67.6,0,120,5,0,0,0,39.6,2,0,1,,1,0,0
199616,TJ Green,CB,5,0,,1,0,60,BOSTON COL,5,D30,46,6,1,3,1,2030,5,82.9,9,3,65.2,0,0,28,0,0,0,69.7,0,0,0,0,BOSTON COL,4,0,1,0,5,40,0,68.7,3,80.4,0,121,51,13,0,0,64.6,20,0,2,69.1,0,0,5
199617,Omarion Davis,S,1,0,,1,2,100,BOSTON COL,2,D27,27,9,0,1,1,2029,1,26.6,6,1,63.5,0,0,14,0,0,0,50.5,0,0,0,0,BOSTON COL,0,0,0,0,6,5,50,58.4,6,75.9,0,121,28,1,0,0,91.7,13,0,0,59.6,13,0,1
199657,Khmari Johnson,LB,0,0,,0,0,,FAU,3,D30,20,20,0,0,1,2028,0,79,0,0,60.5,0,0,2,0,0,0,83.2,0,0,0,0,FAU,1,0,0,0,,0,0,82.4,,72.6,0,165,20,0,0,0,0,18,0,1,,0,0,0
199659,Terez Reid,CB,0,0,,0,0,,FAU,1,D27,8,1,0,0,1,2026,0,73.5,0,0,62.3,0,0,1,0,0,0,60,7,0,0,0,FAU,0,0,0,0,,0,0,64.4,,69.6,0,165,8,0,0,0,0,7,0,0,,0,0,0
199661,Josh Roberts,ED,0,0,,0,0,,FAU,0,D96,0,0,0,1,1,2030,7,,0,0,,0,0,0,0,0,0,48.4,0,0,0,0,FAU,0,0,0,0,,0,,40.8,,72.9,0,165,7,0,0,0,0,6,0,0,60,0,0,7
199672,Damon Allen,CB,1,0,,0,1,100,FAU,1,D23,2,2,0,1,1,2030,14,37.2,23,1,50.5,0,0,2,0,0,0,41.3,0,0,0,0,FAU,0,0,0,0,23,0,50,35.4,23,74.9,0,165,16,17,0,0,118.8,13,0,0,60,0,0,14
199674,Zion Paret,CB,1,0,,0,1,0,FAU,1,D18,29,10,0,0,1,2030,0,28.1,0,0,51.4,0,0,9,0,0,0,47.8,19,0,0,0,FAU,0,0,0,0,,0,50,47.5,,71.9,0,165,29,0,0,0,39.6,20,0,0,,0,0,0
199685,Tae Harris,S,2,0,,1,0,50,GA TECH,2,D27,31,7,0,0,1,2030,0,79.7,20,1,87.3,0,0,26,0,0,0,60,0,0,0,0,GA TECH,1,0,0,0,20,4,0,85.4,20,77.1,0,176,31,0,0,0,85.4,5,0,1,,20,0,0
199692,Andre Fuller Jr.,ED,0,0,,0,0,,GA TECH,1,D91,0,0,0,11,1,2030,21,75.7,0,0,62.5,0,0,2,2,0,0,67,0,0,0,0,GA TECH,0,0,0,0,,0,0,62.5,,76.7,0,176,21,0,0,0,0,8,0,1,53.7,0,0,19
199733,Zy Jackson,S,4,0,,0,0,100,LA MONROE,6,D18,42,10,0,0,1,2028,1,84.2,99,4,49.6,0,0,23,0,0,0,53.1,0,0,0,0,LA MONROE,0,0,0,0,40,15,0,49.4,24.8,76.7,0,209,43,15,0,0,158.3,20,0,0,,17,1,1
199734,Jerome Simmons,DI,0,0,,0,0,,LA MONROE,1,D55,0,0,0,18,1,2027,32,70.1,0,0,,0,0,0,0,24,0,54.1,0,0,0,0,LA MONROE,0,0,0,0,,0,0,55.8,,76.3,0,209,32,0,8,0,0,14,0,0,59.4,0,0,0
199737,Jalen Foster,S,1,0,,0,1,100,LA MONROE,4,D23,48,13,0,3,1,2028,0,60.4,7,1,67.9,0,0,23,0,0,0,56.5,1,0,0,0,LA MONROE,1,0,0,0,7,14,16.7,63.2,7,76.8,0,209,48,10,0,0,95.8,22,0,1,53.5,20,0,0
199740,Ziggy Loa,ED,0,0,,0,0,,LA MONROE,1,D49,0,0,0,1,1,2027,4,72.2,0,0,60,0,0,1,0,0,0,63.3,0,0,1,0,LA MONROE,1,0,0,0,,0,0,58.6,,0,0,209,4,0,0,0,0,2,0,0,65.5,0,0,4
199742,Noah Flemmings,LB,4,0,,0,0,50,LA MONROE,5,D03,44,44,1,1,1,2028,0,83.2,40,2,64,0,0,24,0,0,0,71.2,0,0,0,0,LA MONROE,5,0,1,0,34,0,0,72.1,20,74.4,0,209,44,36,0,0,125,19,0,3,70.7,0,1,0
199755,DJ Pickett,CB,1,0,,0,0,100,LSU,2,D03,53,2,0,1,1,2030,0,76.6,13,1,62.6,0,0,21,0,0,0,66.7,46,0,0,0,LSU,0,0,0,0,13,5,0,67,13,76.3,0,211,53,9,0,0,118.8,31,0,0,64,0,0,0
199768,Walter Mathis Jr.,DI,0,0,,0,0,,LSU,0,D91,0,0,0,1,1,2030,11,72.2,0,0,,0,0,0,2,1,0,57.7,0,0,0,0,LSU,0,0,0,0,,0,0,57.5,,72,0,211,11,0,8,0,0,10,0,2,60,0,0,0
199771,CJ Jimcoily,S,0,0,,0,0,,LSU,0,D31,2,2,0,0,1,2030,0,,0,0,,0,0,0,0,0,0,60,0,0,0,0,LSU,0,0,0,0,,0,,60,,62.8,0,211,2,0,0,0,0,2,0,0,,0,0,0
199773,Kendall Bournes,S,0,0,,0,0,,UMASS,2,D03,30,13,0,0,1,2028,1,80.8,0,0,63.5,0,0,5,0,0,0,53.6,0,0,0,0,UMASS,1,0,0,0,,13,0,58.3,,75.9,0,216,31,0,0,0,0,26,0,2,,4,0,1
199789,Emmanuel Karmo,LB,0,0,,0,0,,MINNESOTA,0,D02,2,2,0,2,1,2030,1,,0,0,60,0,0,1,0,0,0,,0,0,0,0,MINNESOTA,0,0,0,0,,0,,56.4,,69.4,0,225,3,0,0,0,0,0,0,0,57,0,0,1
199799,Kade Pietrzak,ED,0,0,,0,0,,NEBRASKA,0,D93,0,0,0,7,1,2030,14,,0,0,,1,0,0,1,0,0,55.4,0,0,0,1,NEBRASKA,0,0,1,0,,0,,63.3,,74.1,0,238,14,0,0,0,0,7,0,0,69.2,0,0,13
199801,Dawson Merritt,LB,1,0,,0,0,0,NEBRASKA,1,D40,11,11,0,0,1,2030,0,73.2,0,0,61.1,0,0,3,0,0,0,63.7,0,0,0,0,NEBRASKA,1,0,0,0,,0,0,64.9,,69.2,0,238,11,0,0,0,39.6,8,0,0,,0,0,0
199826,Xavier Lewis,DI,0,0,,0,1,,N CAROLINA,0,D90,0,0,0,6,1,2029,7,20.9,0,0,,1,0,0,0,6,0,60,0,1,0,0,N CAROLINA,0,0,2,0,,0,100,61.5,,72.1,0,245,7,0,1,0,0,1,0,0,60.6,0,0,0
199829,Broderick Windham,S,0,0,,0,0,,N ILLINOIS,0,D15,2,2,0,0,1,2028,0,,0,0,60,0,0,1,0,0,0,60,0,0,0,0,N ILLINOIS,0,0,0,0,,0,,60,,66.2,0,254,2,0,0,0,0,1,0,0,,0,0,0
199831,Jasper Beeler,S,7,0,,0,0,14.3,N ILLINOIS,2,D22,66,20,0,0,1,2028,0,81.9,19,1,86.9,0,1,36,0,0,0,77.9,0,0,0,0,N ILLINOIS,0,0,0,0,19,16,0,87.1,19,77.5,0,254,66,23,0,1,0,30,0,2,,30,0,0
199871,Brandon Finney Jr.,CB,3,0,,0,0,0,OREGON,0,D04,36,7,0,1,1,2030,1,,0,0,59.1,0,0,14,0,0,0,63.5,27,0,0,0,OREGON,0,0,0,0,,2,,60.7,,74.3,0,264,37,0,0,0,39.6,22,0,0,60,0,0,1
199879,Na'eem Offord,CB,0,0,,0,0,,OREGON,0,D14,15,1,0,3,1,2030,1,,0,0,49,0,0,6,0,0,0,60.6,14,2,1,0,OREGON,0,0,2,0,,0,,57.4,,74.2,0,264,16,0,0,0,0,7,0,0,73.6,0,0,1
199946,Anthony Addison,ED,0,0,,0,0,,S CAROLINA,0,D40,0,0,0,1,1,2030,1,,0,0,,0,0,0,0,0,0,,0,0,0,0,S CAROLINA,0,0,0,0,,0,,59.9,,65.2,0,289,1,0,0,0,0,0,0,0,59.5,0,0,1
199972,Jadon Perlotte,LB,3,0,,0,0,33.3,TENNESSEE,1,D27,38,27,0,2,1,2030,0,76.1,0,1,57.2,0,0,22,0,0,1,62.2,1,1,0,0,TENNESSEE,1,0,1,0,0,10,0,63.9,0,75.7,0,307,38,3,0,0,42.4,14,0,0,76.6,0,0,0
199975,Sidney Walton,S,1,0,,0,2,100,TENNESSEE,0,D26,16,2,0,0,1,2030,0,20.2,11,1,47.9,0,0,10,0,0,0,60.1,0,0,0,0,TENNESSEE,0,0,0,0,11,6,100,49.9,11,73.8,0,307,16,6,0,0,112.5,6,0,0,,8,0,0
199976,Jaedon Harmon,LB,0,0,,0,1,,TENNESSEE,1,D12,10,10,0,3,1,2030,1,49.2,0,0,56.3,0,0,4,0,0,0,62.5,0,0,0,0,TENNESSEE,0,0,0,0,,0,33.3,55.5,,72.7,0,307,11,0,0,0,0,4,0,1,55.8,0,0,1
199979,Ty Redmond,CB,8,0,,0,2,62.5,TENNESSEE,3,D04,79,5,0,0,1,2030,0,34.5,39,5,59.5,0,0,48,0,0,0,49.6,69,0,1,0,TENNESSEE,1,0,0,0,15,3,33.3,57.9,7.8,77.6,0,307,79,7,0,1,114.1,31,0,1,,2,1,0
199981,Isaiah Campbell,DI,0,0,,0,0,,TENNESSEE,0,D47,0,0,0,4,1,2030,5,,0,0,,0,0,0,0,0,0,60,0,0,0,0,TENNESSEE,0,0,0,0,,0,,58.4,,69.3,0,307,5,0,5,0,0,1,0,0,57.7,0,0,0
199986,Ethan Utley,DI,0,0,,0,0,,TENNESSEE,2,D17,0,0,0,8,1,2030,13,72.4,0,0,61.6,0,0,0,1,0,0,67.2,0,0,1,0,TENNESSEE,1,1,0,0,,0,0,59.2,,0,0,307,13,0,12,0,0,5,1,0,56.1,0,0,0
199989,Noah Mikhail,LB,1,0,,0,0,100,TEXAS A&M,2,D16,14,9,0,0,1,2030,0,77.1,28,1,47.7,0,0,9,0,0,0,64.7,0,0,0,0,TEXAS A&M,2,0,0,0,28,5,0,52.5,28,70.5,0,312,14,11,0,0,118.8,5,1,1,,0,0,0
199990,Marco Jones,ED,0,0,,0,0,,TEXAS A&M,1,D10,0,0,1,10,1,2030,13,76.6,0,0,,1,0,0,0,0,0,70.6,0,1,0,0,TEXAS A&M,2,0,3,0,,0,0,86.6,,75.1,0,312,13,0,0,0,0,3,0,1,79.5,0,0,13
200024,Joe Reddish,CB,4,0,,0,0,100,VA TECH,3,D21,17,6,0,1,1,2028,1,79.7,25,4,67.4,0,0,10,0,0,0,64.5,0,0,0,0,VA TECH,2,0,0,0,11,11,0,68.1,6.3,72.2,0,337,18,19,0,0,92.7,7,0,1,58.9,0,0,1
200030,Jojo Crim,CB,0,0,,0,0,,VA TECH,0,D35,5,0,0,0,1,2030,0,,0,0,61.8,0,0,3,0,0,0,60,5,0,0,0,VA TECH,0,0,0,0,,0,,62.5,,68.6,0,337,5,0,0,0,0,2,0,0,,0,0,0
200049,Brayden Johnson,LB,1,0,,0,0,100,WYOMING,5,D09,33,32,0,6,1,2026,0,79.9,-3,1,72.7,0,0,14,0,0,0,56.5,0,0,0,0,WYOMING,2,0,0,0,-3,0,0,65.1,-3,74.3,0,351,33,1,0,0,79.2,13,1,0,52.3,1,0,0
200050,Esaia Bogar,ED,0,0,,0,0,,WYOMING,2,D11,0,0,0,18,1,2028,28,73.4,0,0,61.1,1,0,3,9,0,0,65.4,0,0,0,0,WYOMING,1,0,1,0,,0,0,63,,75.5,0,351,28,0,0,0,0,7,1,0,58.2,0,0,19
200072,Tyson Shamsid-Deen,CB,3,0,,0,0,33.3,WYOMING,1,D31,14,0,0,0,1,2030,0,73.5,8,1,79.7,0,0,12,0,0,0,60,13,0,0,0,WYOMING,1,0,0,0,8,0,0,80.7,8,72.3,0,351,14,1,0,1,42.4,2,0,0,,1,0,0
200086,Frank Mulipola,ED,0,0,,0,0,,ARKANSAS,0,D44,0,0,0,2,1,2026,2,,0,0,,0,0,0,0,0,0,,0,0,0,0,ARKANSAS,0,0,0,0,,0,,59.5,,66.3,0,111,2,0,2,0,0,0,0,0,59.3,0,0,0
200103,Bo Onu,S,0,0,,0,0,,BAYLOR,1,D21,1,0,0,0,1,2030,0,73.4,0,0,,0,0,0,0,0,0,64.3,0,0,0,0,BAYLOR,1,0,0,0,,1,0,65.3,,63.5,0,118,1,0,0,0,0,1,0,0,,0,0,0
200159,Herbert Scroggins III,ED,0,0,,0,0,,MIAMI FL,0,D35,0,0,0,10,1,2030,13,,0,0,,0,0,0,9,0,0,61,0,3,0,0,MIAMI FL,0,0,3,0,,0,,64,,71.5,0,220,13,0,0,0,0,3,0,0,62.5,0,0,4
200165,Donta Simpson,DI,0,0,,0,0,,MIAMI FL,1,D93,0,0,0,7,1,2030,13,70.2,0,0,,0,0,0,0,7,0,67.4,0,1,0,0,MIAMI FL,1,0,1,0,,0,0,65.3,,73.2,0,220,13,0,6,0,0,6,1,0,56.7,0,0,0
200172,Ja'boree Antoine,CB,0,0,,0,0,,MIAMI FL,0,D16,9,0,0,0,1,2030,0,,0,0,63,0,0,5,0,0,0,60,9,0,0,0,MIAMI FL,0,0,0,0,,0,,63.9,,70.4,0,220,9,0,0,0,0,4,0,0,,0,0,0
200179,Niles King,ED,0,0,2026,0,0,,S DIEGO ST,0,D44,0,0,1,23,1,2026,33,71.1,0,0,,2,0,0,3,0,0,49.9,0,2,0,0,S DIEGO ST,1,0,5,0,,0,,59.4,,77.3,0,284,33,0,2,0,0,10,0,0,65.4,0,0,28
200241,Mataira Brown,LB,2,0,,0,1,100,UTAH ST,4,D17,0,0,0,6,1,2029,27,62.2,23,2,44.3,1,0,5,0,0,0,60.2,0,0,0,0,UTAH ST,2,0,1,0,14,0,16.7,52.7,11.5,78.1,0,329,27,10,0,0,114.6,16,0,1,62.2,0,0,27
200251,Chris Joe,LB,0,0,,0,0,,UTAH ST,1,D25,2,0,0,6,1,2030,23,72.2,0,0,60.6,0,0,2,0,0,0,52.3,0,0,0,0,UTAH ST,1,0,0,0,,1,0,53.8,,77.2,0,329,25,0,0,0,0,17,0,0,57.1,0,0,23
200252,Joshua Papu,DI,0,0,,0,1,,UTAH ST,0,D92,0,0,0,4,1,2030,13,22.1,0,0,,0,0,0,0,11,0,39.3,0,0,0,0,UTAH ST,0,0,0,0,,0,100,38.3,,73.4,0,329,13,0,2,0,0,9,0,0,59.4,0,0,0
200260,Dakota Howell,LB,0,0,,0,0,,UTAH ST,0,D31,1,1,0,0,1,2030,0,,0,0,,0,0,0,0,0,0,60,0,0,0,0,UTAH ST,0,0,0,0,,0,,60,,62.1,0,329,1,0,0,0,0,1,0,0,,0,0,0
200270,Corey Costner,CB,0,0,,0,0,,VIRGINIA,2,D18,20,5,0,0,1,2029,1,76.5,0,0,66.8,0,0,12,0,0,0,70.3,0,0,0,0,VIRGINIA,1,0,0,0,,14,0,70.9,,74.8,0,335,21,0,0,0,0,9,0,0,,1,0,1
200294,Kwon McGinney,DI,0,0,,0,0,,GA SOUTHRN,0,D95,0,0,0,5,1,2028,13,,0,0,,0,0,0,3,0,0,48.8,0,0,0,0,GA SOUTHRN,0,0,0,0,,0,,47.6,,71.9,0,174,13,0,9,0,0,8,0,0,57.4,0,0,1
200317,Lonnie McAllister III,CB,7,0,,0,1,100,STANFORD,3,D24,40,5,0,1,1,2030,2,53.1,69,7,48.4,0,0,23,0,0,0,65.2,0,0,0,0,STANFORD,1,0,0,0,32,35,20,51.5,9.9,77.8,0,300,42,74,0,0,107.7,18,0,1,60,0,0,2
200329,Scott Taylor,ED,0,0,,0,1,,UCLA,1,D20,2,2,0,5,1,2030,14,25.6,0,0,51.1,2,0,7,0,0,0,61.9,0,1,0,0,UCLA,0,0,3,0,,0,50,56.6,,76.5,0,324,16,0,0,0,0,4,0,0,63.8,0,0,14
200336,Jewelous Walls,ED,0,0,,0,0,,UCLA,0,D41,0,0,0,2,1,2029,2,,0,0,,0,0,0,0,0,0,,0,0,0,0,UCLA,0,0,0,0,,0,,57,,68.1,0,324,2,0,0,0,0,0,0,0,56.9,0,0,2
203952,Nehemiah Musika,DI,0,0,,0,0,,AKRON,0,D91,0,0,0,2,1,2027,5,,0,0,,0,0,0,0,2,0,52.6,0,0,0,0,AKRON,0,0,0,0,,0,,40.1,,69.7,0,102,5,0,3,0,0,3,0,0,59.3,0,0,0
203972,Jourdin Crawford,DI,0,0,,0,0,,AUBURN,0,D95,0,0,0,1,1,2030,3,,0,0,,0,0,0,0,3,0,60.4,0,0,0,0,AUBURN,0,0,0,0,,0,,61.8,,71.2,0,115,3,0,0,0,0,2,0,0,60,0,0,0
203976,Bol Bol,ED,0,0,,0,0,,BOISE ST,0,D91,0,0,0,1,1,2030,2,,0,0,,0,0,0,0,0,0,60,0,0,0,0,BOISE ST,0,0,0,0,,0,,50.5,,68.5,0,120,2,0,0,0,0,1,0,0,60,0,0,2
203986,Nusi Taumoepeau,ED,0,0,,0,0,,BYU,1,D05,1,0,0,10,1,2030,14,34.5,0,0,61.5,0,0,1,0,0,0,60.6,1,0,0,0,BYU,1,0,0,0,,0,0,72.3,,75.7,0,128,15,0,0,0,0,4,0,0,70.5,0,0,14
203989,Ulavai Fetuli,DI,0,0,,0,0,,BYU,0,D99,1,1,0,7,1,2030,12,,0,0,,1,0,0,2,0,0,62.1,0,0,0,0,BYU,0,0,1,0,,0,,65.1,,72.3,0,128,13,0,9,0,0,6,0,0,63.5,0,0,1
204051,Iose Epenesa,ED,0,0,,0,0,,IOWA,1,D97,0,0,0,4,1,2030,14,71.5,0,0,,0,0,0,6,0,0,76.6,0,0,0,0,IOWA,1,0,0,0,,0,0,74.2,,73.5,0,192,14,0,0,0,0,10,1,0,55.6,0,0,8
204113,Brent Gordon Jr.,CB,4,0,,0,1,50,LA LAFAYET,5,D11,63,13,0,1,1,2030,0,58.1,23,2,62.6,0,0,31,0,0,0,71.8,47,0,0,0,LA LAFAYET,1,0,0,0,14,3,16.7,65,11.5,76.6,0,207,63,6,0,0,67.7,31,0,0,59.1,0,0,0
204141,Jayden Sanders,CB,1,0,,0,0,0,MICHIGAN,0,D27,10,0,0,0,1,2030,0,,0,0,64.3,0,0,7,0,0,0,60,9,0,0,0,MICHIGAN,0,0,0,0,,1,,64.8,,70.9,0,222,10,0,0,0,39.6,3,0,0,,0,0,0
204144,Elijah Dotson,CB,0,0,,0,0,,MICHIGAN,0,D22,10,0,0,0,1,2030,0,74.8,0,0,71.4,0,0,9,0,0,0,60,0,0,0,0,MICHIGAN,0,0,0,0,,10,0,72.3,,75.2,0,222,10,0,0,0,0,1,0,1,,0,0,0
204145,Nate Marshall,ED,0,0,,0,1,,MICHIGAN,0,D94,0,0,0,2,1,2030,5,24.9,0,0,,0,0,0,0,0,0,46.9,0,0,0,0,MICHIGAN,0,0,0,0,,0,100,40,,71.1,0,222,5,0,0,0,0,3,0,0,57.9,0,0,5
204185,Draden Fullbright,CB,1,0,,0,0,100,OKLA STATE,1,D37,6,2,0,0,1,2030,0,73.5,8,1,53,0,0,1,0,0,0,60,4,0,0,0,OKLA STATE,0,0,0,0,8,0,0,49,8,67.6,0,262,6,0,0,0,100,5,0,0,,0,0,0
204199,Fred Giles,ED,0,0,,0,0,,DOMINION,1,D30,0,0,0,16,1,2027,21,69.7,0,0,61.4,3,0,0,3,0,0,61.7,0,1,0,0,DOMINION,1,0,4,0,,0,0,76.9,,74.8,0,263,21,0,1,0,0,5,0,0,73.4,0,0,17
204274,Ty Thames,ED,0,0,,0,0,,RICE,0,D47,5,3,0,1,1,2030,0,74.8,0,0,63.4,0,0,2,0,0,0,60,0,0,0,0,RICE,0,0,0,0,,2,0,64.4,,67.5,0,275,5,0,0,0,0,2,0,1,59.9,0,0,0
204300,Nissi Ogbebor,DI,0,0,,0,0,,SYRACUSE,0,D93,0,0,0,8,1,2030,11,,0,0,,0,0,0,2,0,0,60.2,0,0,0,0,SYRACUSE,0,0,0,0,,0,,56.3,,71.9,0,304,11,0,4,0,0,3,0,0,54.5,0,0,5
204339,Landon Rink,DI,0,0,,0,0,,TEXAS A&M,0,D99,0,0,0,9,1,2030,13,,0,0,,0,0,0,1,0,0,65.4,0,2,0,0,TEXAS A&M,0,0,2,0,,0,,73,,71.7,0,312,13,0,12,0,0,4,0,0,67.9,0,0,0
204408,Pupu Sepulona,DI,0,0,,0,0,,UTAH,4,D45,1,1,0,9,1,2030,17,74.6,0,0,60,0,0,0,0,1,0,71.7,0,0,0,0,UTAH,3,0,0,0,,0,0,69.5,,73.3,0,328,18,0,16,0,0,9,0,0,56.2,0,0,0
204471,Kaleb Burns,LB,2,0,,0,0,100,BAYLOR,4,D41,23,21,0,2,1,2030,4,79.5,21,2,47.1,0,0,10,0,0,0,39.1,0,0,0,0,BAYLOR,2,0,0,0,13,2,0,36.4,10.5,77.2,0,118,27,1,0,0,110.4,15,0,0,56.2,0,0,4
204504,Bryce Fitzgerald,S,0,0,,0,0,,MIAMI FL,0,D13,18,2,0,0,1,2030,0,,0,0,63.6,0,0,14,0,0,0,60,0,0,0,0,MIAMI FL,0,0,0,0,,6,,63.7,,72.6,0,220,18,0,0,0,0,4,0,0,,10,0,0
204508,Amari Comier,DI,0,0,,0,0,,S DIEGO ST,1,D91,0,0,0,12,1,2028,24,70.2,0,0,,1,0,0,0,0,0,65.3,0,0,0,0,S DIEGO ST,1,0,1,0,,0,0,66.4,,74.2,0,284,24,0,24,0,0,12,0,0,62.4,0,0,0
204543,Tevita Tuha,ED,0,0,,0,0,,UTAH ST,2,D55,1,0,0,5,1,2028,14,73.8,0,0,60,0,0,0,13,0,0,51.9,0,0,0,0,UTAH ST,1,0,0,0,,1,0,52.8,,71.8,0,329,15,0,0,0,0,10,0,0,57.9,0,0,1
204605,London Simmons,DI,0,0,,0,0,,ALABAMA,1,D90,0,0,0,17,1,2030,23,70.2,0,0,60,0,0,0,0,9,0,55.8,0,0,0,0,ALABAMA,0,0,0,0,,0,0,55.2,,74.6,0,103,23,0,14,0,0,6,0,0,55.8,0,0,0
204618,Caleb Pitts,ED,0,0,,0,0,,APP STATE,0,D94,0,0,0,14,1,2030,16,,0,0,,1,0,0,9,0,0,60,0,0,0,0,APP STATE,0,0,1,0,,0,,62.1,,72.1,0,108,16,0,3,0,0,2,0,0,61.3,0,0,4
204643,Malekhi Weedon,S,0,0,,0,0,,ARK STATE,0,D18,3,0,0,0,1,2030,0,,0,0,61.2,0,0,3,0,0,0,,0,0,0,0,ARK STATE,0,0,0,0,,0,,60.9,,67.1,0,113,3,0,0,0,0,0,0,0,,3,0,0
204649,Ryan Reese,DI,0,0,,0,0,,ARK STATE,0,D54,0,0,0,4,1,2030,4,,0,0,,0,0,0,0,3,0,,0,0,0,0,ARK STATE,0,0,0,0,,0,,56.4,,70.6,0,113,4,0,1,0,0,0,0,0,56.3,0,0,0
204652,Tony Carter,ED,0,0,,0,0,,ARK STATE,0,D97,0,0,0,6,1,2030,11,,0,0,60,0,0,1,3,0,0,60.4,0,0,0,0,ARK STATE,0,0,0,0,,0,,58.9,,72.6,0,113,11,0,1,0,0,4,0,0,56.4,0,0,7
204754,Joey VanWetzinga,DI,0,0,,0,0,,C MICHIGAN,0,D95,0,0,0,12,1,2030,16,,0,0,,1,0,0,1,0,0,48.7,0,0,0,0,C MICHIGAN,0,0,1,0,,0,,51,,72.4,0,134,16,0,15,0,0,4,0,0,60.5,0,0,0
204790,Jeremy Naborne-Owens,ED,0,0,,0,1,,COLO STATE,3,D11,14,11,0,6,1,2027,27,55.7,0,0,64.2,0,0,8,0,0,0,42.3,1,0,0,0,COLO STATE,1,0,0,0,,2,14.3,48.1,,78.2,0,144,41,0,0,0,0,27,0,3,54.5,0,0,27
204804,D'Angelo Hagans Jr.,S,1,0,,0,0,100,COLO STATE,1,D32,8,1,0,0,1,2030,0,75.1,14,1,35.7,0,0,4,0,0,0,60,0,0,1,0,COLO STATE,0,0,0,0,14,3,0,36,14,69.2,0,144,8,8,0,0,118.8,4,0,0,,4,0,0
204831,Brandon Gorham,ED,0,0,,0,0,,DELAWARE,0,D31,0,0,0,8,1,2030,8,,0,0,,0,0,0,0,0,0,,0,0,0,0,DELAWARE,0,0,0,0,,0,,53.8,,72.5,0,151,8,0,0,0,0,0,0,0,54,0,0,8
204835,Nasir Eatmon,CB,0,0,,0,0,,DELAWARE,0,D36,1,0,0,0,1,2030,0,,0,0,60,0,0,1,0,0,0,,1,0,0,0,DELAWARE,0,0,0,0,,0,,60.7,,63.8,0,151,1,0,0,0,0,0,0,0,,0,0,0
204840,Jamarion Kolagbodi,CB,4,0,,0,0,50,DELAWARE,2,D18,47,2,0,0,1,2030,0,78.8,17,2,69.1,0,0,40,0,0,0,60.7,44,0,0,0,DELAWARE,0,0,0,0,9,1,0,69.2,8.5,75.6,0,151,47,5,0,1,61.5,7,0,1,,0,0,0
204850,Ronn Hardin,ED,0,0,,0,0,,E MICHIGAN,0,D88,0,0,0,2,1,2028,2,,0,0,,0,0,0,0,0,0,,0,0,0,0,E MICHIGAN,0,0,0,0,,0,,59.1,,67.8,0,160,2,0,0,0,0,0,0,0,58.9,0,0,2
204872,Coby Owens,LB,1,0,,0,0,100,GA STATE,2,D20,18,18,0,0,1,2029,1,78,5,1,51.3,0,0,7,0,0,0,67.7,0,0,0,0,GA STATE,1,0,0,0,5,0,0,60,5,71.5,0,175,19,9,0,0,87.5,12,0,1,,0,0,1
204878,Kedrick Walker,LB,2,0,,0,0,50,GA STATE,3,D30,48,47,2,8,1,2028,4,82.5,11,1,48.1,0,0,14,0,0,0,65,0,0,0,0,GA STATE,3,0,2,0,11,1,0,60.9,11,76.2,0,175,52,6,0,0,66.7,30,1,3,69.3,0,0,4
204880,Jabriel Rhodes-Nelson,ED,0,0,,0,0,,GA STATE,1,D13,0,0,0,16,1,2028,38,75.4,0,0,60.4,0,0,2,19,0,0,57.1,0,0,0,0,GA STATE,1,0,0,0,,0,0,58.3,,76.3,0,175,38,0,3,0,0,20,0,2,59.5,0,0,16
204882,Deuce Fillmore,CB,1,0,,0,0,100,GA STATE,2,D02,26,7,0,3,1,2028,4,77.9,11,1,65.2,0,0,12,0,0,0,66.2,5,0,0,0,GA STATE,0,0,0,0,11,14,0,66.2,11,76.1,0,175,30,15,0,0,112.5,15,0,1,58,0,0,4
204886,Kelan Butler,ED,0,0,,0,0,,GA STATE,3,D45,4,0,0,3,1,2030,14,78.8,0,0,60,0,0,1,0,0,0,73.4,0,0,0,0,GA STATE,2,0,0,0,,4,0,70.6,,77.4,0,175,18,0,0,0,0,14,0,0,57.7,0,0,14
204889,Chandler Jordan,CB,1,0,,0,0,100,GA STATE,1,D24,6,1,0,0,1,2030,1,72.5,55,1,45.7,0,0,3,0,0,0,60.3,0,0,0,0,GA STATE,0,0,0,0,55,5,0,44.9,55,71.8,0,175,7,11,0,0,118.8,4,0,0,,0,0,1
204890,Cayden Adkins,ED,0,0,,0,0,,GA STATE,0,D34,1,0,0,0,1,2030,1,,0,0,60,0,0,1,0,0,0,60,0,0,0,0,GA STATE,0,0,0,0,,1,,60.4,,69.6,0,175,2,0,0,0,0,1,0,0,,0,0,1
204892,Alex Mullings,DI,0,0,,0,0,,GA STATE,0,D52,0,0,0,1,1,2030,2,,0,0,,0,0,0,0,2,0,60,0,0,0,0,GA STATE,0,0,0,0,,0,,60.4,,67.6,0,175,2,0,0,0,0,1,0,0,60,0,0,0
204898,Jartavius Flounoy,DI,0,0,,0,2,,GA STATE,0,D99,0,0,0,10,1,2030,26,16.9,0,0,,0,0,0,0,19,0,58.1,0,0,0,0,GA STATE,0,0,0,0,,0,100,57.6,,75.6,0,175,26,0,7,0,0,16,0,0,57.3,0,0,0
204913,Tyson McCrary,CB,3,0,,0,1,66.7,GA STATE,2,D32,34,7,0,1,1,2030,0,57.6,47,2,55.3,0,0,13,0,0,0,64.2,27,0,0,0,GA STATE,1,0,0,0,39,0,25,57.4,23.5,73.5,0,175,34,3,0,0,109.7,20,0,1,59.3,0,0,0
204965,Karson Moss,LB,0,0,,0,0,,KENNESAW,0,D42,4,3,0,0,1,2030,0,,0,0,62.3,0,0,4,0,0,0,,0,0,0,0,KENNESAW,0,0,0,0,,1,,63.7,,67.9,0,200,4,0,0,0,0,0,0,0,,0,0,0
204986,Cedric Works,ED,0,0,,0,0,,KENTUCKY,0,D15,0,0,0,1,1,2030,6,,0,0,,0,0,0,0,0,0,65,0,0,0,0,KENTUCKY,0,0,0,0,,0,,67.5,,72.3,0,202,6,0,0,0,0,5,0,0,60,0,0,6
205001,Kameron Carter,CB,0,0,,0,0,,LA TECH,1,D03,13,0,0,0,1,2028,1,73.5,0,0,71.9,0,1,7,0,0,0,60.5,13,0,0,0,LA TECH,0,0,0,0,,0,0,72.5,,73,0,208,14,0,0,0,0,7,0,0,,0,0,1
205008,Sam Fongang,S,0,0,,0,0,,LA TECH,0,D00,8,2,0,1,1,2028,0,,0,0,62.4,0,0,4,0,0,0,60,0,0,0,0,LA TECH,0,0,0,0,,3,,67,,70.3,0,208,8,0,0,0,0,3,0,0,63.7,3,0,0
205010,Jojo Odom,ED,0,0,,0,1,,LA TECH,1,D45,0,0,0,6,1,2030,12,28.8,0,0,,0,0,0,3,0,0,49.7,0,0,0,0,LA TECH,0,0,0,0,,0,50,48.4,,72.7,0,208,12,0,1,0,0,6,0,0,57,0,0,8
205125,Will Miller,S,2,0,,0,0,50,NAVY,0,D81,9,8,0,0,1,2030,0,77.3,9,1,54,0,0,7,0,0,0,60,0,0,0,0,NAVY,0,0,0,0,9,1,0,56.5,9,71.2,0,237,9,0,0,0,102.1,2,0,2,,0,1,0
205157,Garrison Dibble,DI,0,0,,0,0,,NAVY,0,D31,0,0,0,3,1,2030,4,,0,0,,0,0,0,2,0,0,60,0,0,0,0,NAVY,0,0,0,0,,0,,58.8,,67.7,0,237,4,0,2,0,0,1,0,0,58,0,0,0
205188,Aiden Walker,CB,1,0,,0,0,0,NEVADA,0,D18,49,13,0,2,1,2030,0,74.8,0,0,71.1,0,0,29,0,0,0,63.5,2,0,0,0,NEVADA,0,0,0,0,,31,0,70.3,,76.5,0,239,49,0,0,0,39.6,18,0,1,57.2,3,0,0
205206,Jalen McIver,DI,0,0,,0,0,,NEW MEXICO,0,D94,0,0,0,3,1,2029,7,,0,0,,0,0,0,0,0,0,49.4,0,0,0,0,NEW MEXICO,0,0,0,0,,0,,44.9,,70.4,0,241,7,0,7,0,0,4,0,0,58.7,0,0,0
205224,CJ McBean,S,1,0,,0,2,0,NEW MEXICO,3,D26,39,1,0,0,1,2030,1,38.6,0,0,81,0,1,23,0,0,0,64.3,0,0,0,0,NEW MEXICO,2,0,0,0,,6,40,77.4,,76.8,0,241,40,0,0,0,0,17,1,0,,32,0,1
205226,Jahmir Torres,CB,1,0,,0,0,100,NEW MEXICO,1,D28,3,0,0,0,1,2030,0,73.5,28,1,53.6,0,0,1,0,0,0,60,3,0,0,0,NEW MEXICO,0,0,0,0,28,0,0,49,28,67.3,0,241,3,8,0,0,118.8,2,0,0,,0,0,0
205271,Amari Washington,DI,0,0,,0,0,,N ILLINOIS,0,D99,0,0,0,3,1,2030,5,,0,0,,0,0,0,0,0,0,57.7,0,0,0,0,N ILLINOIS,0,0,0,0,,0,,50.5,,69.1,0,254,5,0,5,0,0,2,0,0,58.4,0,0,0
205280,James Finley IV,S,3,0,,0,0,66.7,N ILLINOIS,1,D26,66,6,0,0,1,2030,0,73.5,27,2,56,0,1,36,0,0,0,64.5,60,0,0,0,N ILLINOIS,0,0,0,0,21,0,0,57.7,13.5,76.6,0,254,66,3,0,0,55.6,30,0,0,,0,0,0
205293,Derek Reagans,DI,0,0,,0,0,,OHIO,0,D98,0,0,0,7,1,2028,7,,0,0,,1,0,0,2,0,0,,0,0,0,0,OHIO,0,0,1,0,,0,,54.9,,71.2,0,259,7,0,1,0,0,0,0,0,55.1,0,0,4
205296,Makel Williams,LB,1,0,,0,0,100,OHIO,2,D00,29,21,0,1,1,2026,0,77.4,13,1,59,0,0,17,0,0,0,32.1,0,0,0,0,OHIO,1,0,0,0,13,8,0,46.7,13,74.7,0,259,29,8,0,0,118.8,11,0,1,59.5,0,0,0
205499,Sheldon Robinson,S,1,0,,0,0,100,VA TECH,0,D14,32,28,0,2,1,2030,0,77.1,25,1,54.7,0,0,20,0,0,0,64.1,0,0,0,0,VA TECH,0,0,0,0,25,3,0,59.5,25,71.6,0,337,32,6,0,0,158.3,10,0,2,66.7,1,1,0
205500,Noah Chambers,LB,1,0,,0,1,100,VA TECH,2,D16,30,30,0,2,1,2030,0,56.7,2,1,70.3,0,0,21,0,0,0,65.3,0,0,0,0,VA TECH,1,0,0,0,2,0,25,70.8,2,74.7,0,337,30,0,0,0,79.2,7,0,1,56.5,0,0,0
205506,Brennan Johnson,S,0,0,,1,0,,VA TECH,1,D15,8,3,0,0,1,2030,0,28.7,0,0,48.7,0,0,3,0,0,0,74,0,0,0,0,VA TECH,1,0,0,0,,0,0,73.9,,69.6,0,337,8,0,0,0,0,5,0,0,,5,0,0
205523,Connor Sullivan,DI,0,0,,0,0,,WASH STATE,0,D95,0,0,0,1,1,2030,2,,0,0,,0,0,0,0,0,0,60,0,0,0,0,WASH STATE,0,0,0,0,,0,,60.1,,66.3,0,341,2,0,2,0,0,1,0,0,59.9,0,0,0
205524,Sullivan Schlimgen,LB,6,0,,0,1,66.7,WASH STATE,5,D24,46,40,0,4,1,2030,0,70.4,39,4,64.7,0,0,28,0,0,0,65.9,1,0,0,0,WASH STATE,1,0,0,0,12,5,12.5,65.5,9.8,75.5,0,341,46,12,0,1,84.7,14,0,2,54.4,0,0,0
205536,Donovan Fitzmaurice,DI,0,0,,0,0,,WASH STATE,0,D89,0,0,0,12,1,2030,18,69.7,0,0,,0,0,0,2,0,0,63.9,0,0,0,0,WASH STATE,0,0,0,0,,0,0,63.4,,72.9,0,341,18,0,16,0,0,6,0,1,59.7,0,0,0
205548,John Peters,CB,3,0,,0,0,100,W MICHIGAN,3,D14,30,0,0,0,1,2029,0,77.9,95,3,46.9,0,0,16,0,0,0,62.6,30,0,0,0,W MICHIGAN,0,0,0,0,50,0,0,48.5,31.7,74.9,0,347,30,16,0,0,118.8,14,0,0,,0,0,0
206315,Mason Posa,LB,3,0,,0,0,100,WISCONSIN,8,D08,65,59,0,8,1,2030,4,85.4,29,3,60.8,0,0,18,0,0,0,89.7,0,1,1,1,WISCONSIN,6,1,1,0,23,5,0,77,9.7,0,0,349,69,31,0,0,106.9,43,0,5,60.7,0,0,4
206460,Eli Coenen,DI,0,0,,0,0,,ILLINOIS,1,D96,0,0,0,15,1,2028,34,72.2,0,0,,0,0,0,15,0,0,66.8,0,1,0,0,ILLINOIS,1,0,1,0,,0,0,67.2,,74.4,0,187,34,0,19,0,0,19,0,1,61.9,0,0,0
207810,E'Lla Boykin,ED,0,0,,0,0,,BOSTON COL,0,D56,0,0,0,5,1,2029,9,75.7,0,0,,0,0,0,0,0,0,64.2,0,0,0,0,BOSTON COL,0,0,0,0,,0,0,61.8,,73.1,0,121,9,0,0,0,0,4,0,2,55.9,0,0,9
207817,Marcus Upton,S,2,0,,0,1,50,BOSTON COL,0,D20,14,4,0,0,1,2030,0,20.7,38,1,60.6,0,0,9,0,0,0,48.9,0,0,0,0,BOSTON COL,0,0,0,0,38,4,100,53.3,38,73.3,0,121,14,42,0,1,95.8,5,0,0,,6,0,0
207832,Israel Oladipupo,ED,0,0,,0,0,,BOSTON COL,0,D98,0,0,0,4,1,2030,7,,0,0,,0,0,0,0,0,0,66.6,0,0,0,0,BOSTON COL,0,0,0,0,,0,,68,,72.3,0,121,7,0,0,0,0,3,0,0,56.8,0,0,7
207849,Fabo Chaney,CB,4,0,,0,0,50,GA SOUTHRN,5,D19,54,3,0,1,1,2030,0,80.4,14,2,49.7,0,0,27,0,0,0,39.1,50,0,2,0,GA SOUTHRN,1,0,0,0,11,1,0,45.3,7,76.2,0,174,54,5,0,0,58.3,26,0,0,60,0,0,0
207850,Elijah Fears,DI,0,0,,0,0,,GA SOUTHRN,1,D94,0,0,0,17,1,2030,33,70.2,0,0,66.3,1,1,0,0,19,0,46.2,0,0,0,0,GA SOUTHRN,0,0,1,0,,0,0,53.9,,76.1,0,174,33,0,14,0,0,16,0,0,56.2,0,0,0
207860,Devan Lowe,DI,0,0,,0,0,,GA SOUTHRN,1,D99,1,1,1,21,1,2028,46,72.4,0,0,,1,0,0,0,19,0,52.6,0,0,0,0,GA SOUTHRN,2,0,2,0,,0,0,57.3,,77,0,174,47,0,27,0,0,26,0,0,65.2,0,0,0
207864,Trey Rubinstein,LB,0,0,,0,0,,KENT STATE,1,D32,7,5,0,0,1,2030,1,76.5,0,0,60.3,0,0,2,0,0,0,66.1,0,0,0,0,KENT STATE,1,0,0,0,,2,0,67.1,,70.2,0,201,8,0,0,0,0,6,0,1,,0,0,1
70875,Anthony Hebert,S,2,0,,0,0,0,DELWARE ST,5,D07,60,28,0,6,1,2026,6,84.2,0,0,66.3,0,0,37,0,0,0,71.3,0,0,0,0,DELWARE ST,1,0,0,0,,4,0,70.8,,78,0,152,66,0,0,0,39.6,23,0,1,69.4,28,0,6
71681,Quentin Moten,CB,7,0,,0,0,57.1,N ARIZONA,1,D07,66,1,0,0,1,2026,0,73.5,76,4,61.9,0,1,46,0,0,0,63,65,0,0,0,N ARIZONA,0,0,0,0,28,0,0,62.5,19,77.6,0,252,66,42,0,0,94.9,20,0,0,,0,1,0
72023,Jake Hall,LB,0,0,,0,0,,MAINE,1,D44,22,19,0,3,1,2026,2,76,0,0,80.7,0,0,15,0,0,0,66.4,0,0,0,0,MAINE,1,0,0,0,,3,0,80.3,,75.2,0,212,24,0,0,0,0,6,0,1,55.9,0,0,2
72090,Cole Bullock,LB,2,0,,0,2,100,NEW HAMP,7,D40,51,44,0,0,1,2026,0,68.4,37,2,69.2,0,0,25,0,0,0,66.4,0,0,0,0,NEW HAMP,2,0,0,0,35,7,16.7,70.6,18.5,75.2,0,240,51,13,0,0,118.8,26,0,3,,0,0,0
72354,Logan Pili,LB,1,0,,0,2,0,UTAHTC,2,D08,45,43,0,7,1,2027,2,44,0,0,49.4,0,0,12,0,0,0,59.1,0,0,0,0,UTAHTC,1,0,0,0,,2,28.6,52.8,,73.8,0,1285,47,0,0,0,39.6,28,0,3,55.1,0,0,2
72496,Shamar Hawkins,S,1,0,,0,0,100,JACKSON ST,4,D05,36,15,0,2,1,2026,4,79.4,16,1,57.5,1,0,17,0,0,0,67.8,1,0,0,0,JACKSON ST,1,0,1,0,16,12,0,62.9,16,77.1,0,194,40,0,0,0,118.8,21,0,0,65.8,8,0,4
72533,Myles Taylor,CB,2,0,,0,0,100,S DAK ST,3,D02,49,2,0,0,1,2026,2,78.8,14,2,66.8,0,0,28,0,0,0,67.9,43,0,0,0,S DAK ST,1,0,0,0,16,4,0,68.2,7,77.1,0,292,51,-1,0,0,95.8,23,1,0,,0,0,2
73008,Henry Amposta,LB,0,0,,0,0,,PORTLAND,0,D39,12,11,0,0,1,2028,1,,0,0,62.6,0,0,7,0,0,0,63.6,0,0,0,0,PORTLAND,0,0,0,0,,1,,65.5,,70.7,0,269,13,0,0,0,0,6,0,0,,0,0,1
73191,Lando Brown,ED,0,0,,0,0,,SO UTAH,3,D07,0,0,2,36,1,2026,55,80.5,0,0,60,5,0,0,1,0,0,74.6,0,1,0,0,SO UTAH,3,0,8,0,,0,0,90,,79.5,0,298,55,0,0,0,0,19,0,3,88.4,0,0,54
73243,Lincoln Tuioti-Mariner,CB,0,0,,0,0,,SO UTAH,0,D04,18,0,0,0,1,2028,0,,0,0,65.8,0,0,14,0,0,0,60,0,0,0,0,SO UTAH,0,0,0,0,,18,,66.2,,74.1,0,298,18,0,0,0,0,4,0,0,,0,0,0
73245,Joseph Obeto,CB,1,0,,0,0,0,STTHOM,0,D06,24,0,0,0,1,2027,0,,0,0,55.7,0,0,7,0,0,0,63,23,0,1,0,STTHOM,0,0,0,0,,1,,57.8,,73.8,0,1129,24,0,0,0,39.6,17,0,0,,0,0,0
73852,Zakhari Spears,CB,0,0,,0,0,,IDAHO,1,D07,15,0,0,1,1,2026,1,73.5,0,0,64,0,0,8,0,0,0,63.6,15,0,0,0,IDAHO,1,0,0,0,,0,0,65.6,,73.6,0,185,16,0,0,0,0,7,0,0,60,0,0,1
74101,Justin Houston,S,4,0,,0,2,50,UTAHTC,4,D01,58,33,0,0,1,2026,0,57,19,2,44.8,0,0,24,0,0,0,64.9,0,0,0,0,UTAHTC,2,0,0,0,16,16,22.2,51.6,9.5,76.7,0,1285,58,1,0,0,63.5,34,0,3,,9,0,0
76089,Kylyn Macklin,DI,0,0,,0,0,,ALBANY,4,D99,0,0,0,24,1,2027,53,75,0,0,,0,0,0,7,0,0,75.3,0,0,0,0,ALBANY,4,0,0,0,,0,0,70.9,,76.1,0,106,53,0,46,0,0,29,3,1,57.3,0,0,0
76319,Jaylan Wesley,S,6,0,,0,0,66.7,N ARIZONA,9,D11,66,5,0,0,1,2026,0,86.8,50,4,49.9,0,0,46,0,0,0,63.3,0,0,1,0,N ARIZONA,1,0,0,0,24,30,0,52.3,12.5,78.6,0,252,66,15,0,0,92.4,20,0,0,,31,0,0
76425,Torriq Brumfield,LB,0,0,,0,0,,S DAKOTA,0,D16,2,2,0,0,1,2027,1,,0,0,60,0,0,1,0,0,0,60,0,0,0,0,S DAKOTA,0,0,0,0,,0,,61.6,,66,0,291,3,0,0,0,0,2,0,0,,0,0,1
77750,Brian Norris,ED,1,0,,0,2,100,FL A&M,1,D04,6,6,0,15,1,2026,30,27.4,13,1,50.5,2,0,6,0,0,0,67.9,0,0,0,0,FL A&M,0,0,2,0,13,0,50,64.2,13,79.1,0,164,36,8,0,0,118.8,15,0,1,65.7,0,0,30
78693,Darrell Bryant Jr.,S,1,0,,0,1,0,N COLORADO,2,D07,64,39,0,3,1,2027,8,50.2,0,0,67.9,1,0,33,1,0,0,63.7,1,0,0,0,N COLORADO,0,0,1,0,,21,33.3,68.3,,75.7,0,253,72,0,0,0,39.6,36,0,0,67.1,3,0,7
85688,Tienne Fridge,CB,5,0,,0,1,80,E ILLINOIS,2,D08,47,3,0,3,1,2026,2,38.4,42,4,56,1,0,29,0,0,0,63.1,0,0,0,0,E ILLINOIS,1,0,1,0,17,44,33.3,56.5,10.5,78.3,0,158,49,19,0,0,101.7,17,0,0,55.2,0,0,2
85902,Khalani Riddick,S,5,0,,0,1,60,UC DAVIS,6,D01,69,6,0,0,1,2026,1,68,30,3,73.8,0,1,52,0,0,0,74.1,2,0,0,0,UC DAVIS,2,0,0,0,16,59,11.1,75.3,10,80.3,0,322,70,38,0,1,37.5,18,0,2,,2,0,1
86521,Samuel Scaife IV,S,3,0,,0,1,100,DELWARE ST,3,D03,28,2,0,0,1,2026,0,23.1,60,3,28.6,0,0,17,0,0,0,51.1,0,0,0,0,DELWARE ST,2,0,0,0,31,1,25,27.3,20,74.9,0,152,28,22,0,0,118.8,11,0,0,,25,0,0
87045,Davion Ross,CB,0,0,,0,1,,IDAHO ST,2,D12,11,1,0,0,1,2026,0,37,0,0,63.2,0,0,6,0,0,0,67.5,0,0,0,0,IDAHO ST,2,0,0,0,,10,33.3,67.5,,73,0,186,11,0,0,0,0,5,0,0,,0,0,0
87952,Keonte Huguely,S,0,0,,0,0,,MERCYHURST,1,D08,16,12,0,0,1,2026,3,75.8,0,0,62.7,0,0,4,0,0,0,69.5,0,0,0,0,MERCYHURST,1,0,0,0,,2,0,69.9,,71.8,0,977,19,0,0,0,0,15,1,1,,2,0,3
90709,Sebastian Conwell,LB,2,0,,0,4,100,NEWHVN,3,D05,65,59,1,6,1,2026,0,25,51,2,53.6,1,0,21,0,0,0,50.5,0,0,0,0,NEWHVN,4,0,2,0,33,6,50,52.3,25.5,75.7,0,1013,65,42,0,0,158.3,38,0,1,65.5,0,1,0
97485,Myles Bell,S,0,0,,0,1,,ALBANY,0,D06,21,13,0,1,1,2026,2,21.4,0,0,63.9,0,0,11,0,0,0,48.6,0,0,0,0,ALBANY,0,0,0,0,,6,100,57.2,,73.8,0,106,23,0,0,0,0,11,0,0,59.2,2,0,2
97527,Thomas Joe-Kamara,S,2,0,,0,1,100,ALBANY,6,D07,41,18,0,1,1,2026,0,65.5,24,2,84.3,0,1,16,0,0,0,67.2,2,0,0,0,ALBANY,3,0,0,0,15,4,12.5,79.8,12,74.9,0,106,41,1,0,0,77.1,24,1,1,59.2,17,0,0
97538,Amahni Spinks,CB,0,0,,0,0,,ALAB A&M,0,D29,6,1,0,0,1,2026,0,,0,0,,0,0,0,0,0,0,60.6,0,0,0,0,ALAB A&M,0,0,0,0,,5,,60.8,,69.3,0,104,6,0,0,0,0,6,0,0,,0,0,0
97746,Kyler Laing,ED,1,0,,0,0,100,MERCYHURST,3,D09,2,2,0,17,1,2027,45,78.8,2,1,71.1,0,0,3,1,0,0,74.2,0,2,1,0,MERCYHURST,3,0,2,0,2,0,0,70.3,2,0,0,977,47,6,0,0,79.2,27,1,2,58.3,0,0,44
99320,Myron Warren,DI,0,0,,0,0,,INCAR WORD,0,D90,0,0,0,13,1,2026,18,,0,0,,0,0,0,1,2,0,58,0,0,0,0,INCAR WORD,0,0,0,0,,0,,56.2,,73.2,0,189,18,0,15,0,0,5,0,0,56.7,0,0,0
99746,Dune Smith,LB,3,0,,0,1,66.7,INCAR WORD,7,D01,64,56,0,4,1,2026,3,78.4,7,2,74.2,0,0,36,0,0,0,84.5,0,1,0,0,INCAR WORD,4,0,1,0,7,7,9.1,80.8,3.5,83.2,0,189,67,8,0,1,70.1,27,0,3,55.1,0,0,3
99817,Chayce Chalmers,LB,5,0,,0,1,40,STNY BROOK,4,D08,41,30,0,1,1,2026,3,49.7,47,2,49.2,0,0,29,0,0,0,69.6,0,0,0,0,STNY BROOK,3,0,0,0,26,11,20,55.4,23.5,71.6,0,303,44,10,0,0,74.6,14,0,0,60,0,0,3
100442,Parker Jacobs,ED,0,0,,0,0,,YNGTOWN ST,0,D44,0,0,0,17,1,2026,29,70.8,0,0,,1,0,0,26,0,0,64.9,0,0,0,0,YNGTOWN ST,0,0,1,0,,0,0,70.4,,73.8,0,353,29,0,0,0,0,12,0,1,68.9,0,0,3
100686,Orlandus McLaurin,CB,3,0,,0,0,100,ALCORN ST,3,D01,53,1,0,0,1,2026,0,83.6,32,3,55.3,0,0,27,0,0,0,80.8,0,0,0,0,ALCORN ST,2,0,0,0,16,45,0,63.1,10.7,78.2,0,107,53,13,0,0,111.1,26,1,4,,6,0,0
100923,Jashon Watkins,CB,3,0,,0,0,0,TENN STATE,0,D01,37,2,0,0,1,2026,0,,0,0,70.7,0,0,23,0,0,0,62.2,33,0,0,0,TENN STATE,0,0,0,0,,2,,70.7,,74.9,0,308,37,0,0,0,39.6,14,0,0,,0,0,0
101173,Wyatt Draeger,DI,0,0,,0,0,,TOWSON,3,D45,0,0,0,23,1,2026,58,71.7,0,0,,0,0,0,0,42,0,68,0,0,0,0,TOWSON,1,0,0,0,,0,0,67.3,,80.2,0,317,58,0,16,0,0,35,0,1,60.1,0,0,0
101223,Jaymason Willingham,LB,0,0,,0,0,,LNDNWD,3,D52,21,14,0,0,1,2026,4,81.8,0,0,64.5,0,0,11,0,0,0,79.1,2,0,0,0,LNDNWD,2,0,0,0,,5,0,75.5,,71.8,0,949,25,0,0,0,0,14,1,2,,0,0,4
101444,Mosai Newsom,DI,0,0,,0,0,,S DAKOTA,1,D52,0,0,0,23,1,2026,48,70.2,0,0,,0,0,0,0,11,0,55.6,0,0,0,0,S DAKOTA,1,0,0,0,,0,0,56.9,,77.1,0,291,48,0,37,0,0,25,1,0,59.5,0,0,0
101873,Dante Kiett,CB,6,0,,0,2,83.3,NEWHVN,5,D02,50,4,0,0,1,2026,1,48.6,50,5,54.2,0,0,23,0,0,0,53.1,46,0,0,0,NEWHVN,0,0,0,0,14,0,28.6,53.3,10,76,0,1013,51,13,0,0,101.4,28,0,0,,0,0,1
101881,Jordan Johnson,S,2,0,,0,1,100,MORGAN ST,7,D02,79,13,0,1,1,2026,0,57.6,17,2,68.7,0,0,43,0,0,0,59.6,0,0,0,0,MORGAN ST,1,0,0,0,11,16,10,66.3,8.5,79,0,235,79,15,0,0,102.1,35,0,2,59.5,49,0,0
103759,David Hoage,ED,0,0,,1,1,,W GEORGIA,5,D34,0,0,2,29,1,2026,64,63.2,0,0,60,0,0,1,27,0,0,72.8,0,2,0,0,W GEORGIA,4,0,4,0,,0,11.1,88.1,,78.8,0,1177,64,0,1,0,0,34,1,3,90.5,0,0,36
104238,Latrelle Smith-Leaks,CB,1,0,,0,0,0,WM & MARY,2,D05,10,0,0,0,1,2026,0,76.6,0,0,58.3,0,0,6,0,0,0,60,9,0,0,0,WM & MARY,0,0,0,0,,1,0,58.6,,70.7,0,348,10,0,0,0,39.6,4,0,0,,0,0,0
104296,Aaron Harris,CB,15,0,,0,0,53.3,NC A&T,9,D04,83,1,0,0,1,2026,0,83.6,57,8,70.8,0,0,59,0,0,0,64.8,80,0,3,0,NC A&T,3,0,0,0,20,0,0,68.9,7.1,0,0,246,83,16,0,3,62.4,24,0,0,,2,0,0
104575,Aidan Kaler,LB,1,0,,0,0,0,STNY BROOK,1,D38,25,25,0,2,1,2026,0,73.1,0,0,63.5,0,0,11,0,0,0,73.5,0,0,0,0,STNY BROOK,1,0,0,0,,0,0,71,,73.8,0,303,25,0,0,0,39.6,12,0,0,56.8,0,0,0
105211,Dewey Greene,ED,0,0,,0,0,,INCAR WORD,1,D15,2,1,0,12,1,2026,19,74.1,0,0,60,1,0,1,3,0,0,57.5,0,0,0,0,INCAR WORD,0,0,1,0,,0,0,56.1,,74.3,0,189,21,0,0,0,0,8,0,1,56,0,0,16
108456,A.J. Ackerman,DI,0,0,,0,1,,DUQUESNE,1,D16,0,0,0,18,1,2026,48,28.8,0,0,,0,0,0,0,1,0,69.3,0,0,1,0,DUQUESNE,1,1,0,0,,0,25,62.5,,0,0,155,48,0,47,0,0,30,1,2,56.5,0,0,0
108949,Jack Iuliano,ED,0,0,,0,0,,N DAK ST,0,D98,0,0,0,9,1,2026,16,71.5,0,0,,0,0,0,1,0,0,64.4,0,0,0,0,N DAK ST,0,0,0,0,,0,0,64.4,,74.5,0,250,16,0,0,0,0,7,0,1,60.2,0,0,15
111057,Khalib Gilmore,LB,3,0,,0,1,33.3,NORFOLK,3,D11,27,23,0,4,1,2026,2,60.7,3,1,81.1,0,0,13,0,0,0,72.5,0,0,1,0,NORFOLK,3,0,0,0,3,4,20,74.6,3,0,0,244,29,1,0,1,42.4,12,0,1,53.8,0,0,2
121468,Michael Pleas Jr.,ED,3,0,,0,2,100,INCAR WORD,2,D03,12,1,0,11,1,2026,29,26.4,13,3,64.9,0,0,13,0,0,0,33,0,0,0,0,INCAR WORD,2,0,0,0,9,10,50,50,4.3,79.9,0,189,41,9,0,0,84.7,17,0,0,55.3,0,0,29
121627,Jadyn Bost,ED,0,0,,0,0,,ALCORN ST,1,D19,0,0,0,15,1,2026,30,71.1,0,0,,1,0,0,4,0,0,63.8,0,0,2,0,ALCORN ST,0,1,1,0,,0,0,44,,0,0,107,30,0,2,0,0,15,0,0,53.6,0,0,24
121633,Gabe Fletcher,DI,0,0,,0,0,,E KENTUCKY,0,D99,0,0,0,9,1,2026,21,,0,0,,1,0,0,21,0,0,53.6,0,0,0,0,E KENTUCKY,0,0,1,0,,0,,56.2,,72.9,0,159,21,0,0,0,0,12,0,0,62.3,0,0,0
121803,Tyrece Edwards,ED,0,0,,0,0,,MURRAY ST,0,D41,0,0,0,5,1,2027,14,71.3,0,0,60,0,0,0,4,0,0,62.9,0,0,0,0,MURRAY ST,0,0,0,0,,0,0,62.7,,73.1,0,236,14,0,1,0,0,9,0,1,57.2,0,0,9
121804,Drew Francis,LB,4,0,,0,1,100,E TENN ST,7,D32,34,30,0,2,1,2026,3,71,37,4,48.6,0,0,20,0,0,0,73.1,0,0,0,0,E TENN ST,5,0,0,0,22,3,11.1,57.7,9.3,75.2,0,157,37,37,0,0,105.2,15,1,1,57.6,1,0,3
121813,Davon Martin,CB,2,0,,0,0,50,N ALABAMA,2,D06,19,4,0,0,1,2026,0,76.6,13,1,65.4,0,0,11,0,0,0,62,13,0,0,0,N ALABAMA,1,0,0,0,13,2,0,66.1,13,72,0,389,19,6,0,0,70.8,8,0,0,,0,0,0
121835,Ahmad Bradley,DI,0,0,,0,0,,SE LA,1,D95,0,0,1,18,1,2026,28,73.6,0,0,,0,0,0,0,3,0,63.2,0,0,0,0,SE LA,2,0,1,0,,0,0,62.6,,74.7,0,294,28,0,25,0,0,10,0,1,59.7,0,0,0
122120,Ky Thomas,ED,0,0,,0,1,,STF AUSTIN,2,D00,2,2,0,39,1,2026,53,54.5,0,0,61.3,4,0,1,21,0,0,75.1,0,3,0,0,STF AUSTIN,2,0,7,0,,0,25,87.9,,77.3,0,301,55,0,14,0,0,15,1,1,85.9,0,0,18
122227,KeShawn Washington,S,0,0,,1,0,,SAMFORD,1,D14,29,8,0,1,1,2026,0,75.6,0,0,64.7,1,0,7,0,0,0,60.3,0,0,0,0,SAMFORD,0,0,1,0,,21,0,63.2,,74.6,0,282,29,0,0,0,0,21,0,1,59.5,0,0,0
122321,Shon Brown,ED,0,0,,0,0,,SCAR STATE,0,D15,0,0,0,5,1,2026,9,,0,0,,0,0,0,1,0,0,60.2,0,0,0,0,SCAR STATE,0,0,0,0,,0,,57.6,,73.5,0,290,9,0,0,0,0,4,0,0,56.2,0,0,8
122400,Josh Griffis,ED,0,0,,0,1,,TARLETON,0,D10,0,0,0,11,1,2026,26,17.6,0,0,,1,0,0,7,0,0,53.5,0,0,0,0,TARLETON,0,0,1,0,,0,100,57.4,,74.7,0,401,26,0,1,0,0,15,0,0,63.2,0,0,18
122439,Anthony Fieldings,CB,5,0,,1,1,80,ALAB A&M,5,D05,56,9,0,0,1,2027,0,57.7,33,4,62,0,0,30,0,0,0,66.3,6,0,0,0,ALAB A&M,0,0,0,0,12,39,16.7,63.7,8.3,77.7,0,104,56,41,0,0,94.2,26,0,0,,2,0,0
122472,Khatavian Franks,LB,0,0,,0,0,,E KENTUCKY,1,D05,18,17,0,1,1,2026,1,75.8,0,0,62.3,0,0,7,0,0,0,62.2,0,0,0,0,E KENTUCKY,0,0,0,0,,1,0,63.4,,71.1,0,159,19,0,0,0,0,11,0,1,60,0,0,1
122488,Tyson Meiguez,LB,1,0,,0,1,100,DUQUESNE,5,D01,60,60,1,2,1,2026,1,71.9,5,1,65.1,0,0,19,0,0,0,69.3,0,0,0,0,DUQUESNE,3,0,1,0,5,0,11.1,72,5,77.7,0,155,61,7,0,0,87.5,40,0,3,71.1,0,0,1
122545,Clinton Anokwuru,ED,0,0,,0,0,,NWSTATE,3,D13,0,0,2,36,1,2026,77,77.9,0,0,,0,0,0,3,0,0,66.6,0,0,1,0,NWSTATE,4,0,2,0,,0,0,62.6,,11.7,0,257,77,0,0,0,0,41,0,0,61.5,0,0,74
122640,Dabari Hawkins,CB,0,0,,0,0,,TARLETON,0,D05,20,0,0,0,1,2026,0,,0,0,63.2,0,0,8,0,0,0,61.5,20,0,0,0,TARLETON,0,0,0,0,,0,,63.9,,73.5,0,401,20,0,0,0,0,12,0,0,,0,0,0
122682,Tyler Mansfield,CB,2,0,,0,0,0,SE LA,1,D12,17,0,0,0,1,2027,0,74.2,0,0,71.3,0,0,13,0,0,0,60,17,0,0,0,SE LA,0,0,0,0,,0,0,68.2,,72.6,0,294,17,0,0,0,39.6,4,0,0,,0,0,0
122784,Montrell Campbell,CB,10,0,,0,1,80,ALAB A&M,7,D00,52,6,0,0,1,2026,0,68.2,87,8,56.9,0,0,28,0,0,0,77.2,46,0,0,0,ALAB A&M,0,0,0,0,23,0,10,62.3,10.9,76.2,0,104,52,13,0,1,142.5,24,0,2,,0,2,0
123019,AJ Roberts,LB,0,0,,0,2,,STNY BROOK,2,D02,19,15,0,18,1,2027,33,24.7,0,0,65.6,0,0,20,0,0,0,52.6,0,0,0,0,STNY BROOK,1,0,0,0,,4,50,57.9,,79.1,0,303,52,0,0,0,0,14,1,0,53.1,0,0,33
123042,Latarie Kinsler,ED,0,0,,0,0,,FL A&M,0,D01,3,3,0,8,1,2026,9,,0,0,60.1,0,0,3,0,0,0,60,0,0,0,0,FL A&M,0,0,0,0,,0,,56.9,,73.7,0,164,12,0,0,0,0,1,0,0,55.1,0,0,9
123208,Angelo Anderson,ED,0,0,,0,0,,TARLETON,0,D14,0,0,0,11,1,2026,20,,0,0,,0,0,0,0,0,0,54.6,0,0,1,0,TARLETON,0,0,0,0,,0,,46.7,,0,0,401,20,0,0,0,0,9,0,0,59.4,0,0,20
123230,Rishi Rattan,CB,1,0,,0,0,100,AUSTINPEAY,1,D26,25,5,0,1,1,2026,1,73.1,1,1,74.1,0,1,14,0,0,0,64.8,14,0,0,0,AUSTINPEAY,1,0,0,0,1,6,0,73.9,1,73.8,0,116,26,0,0,0,39.6,11,0,0,58.8,0,0,1
123323,Avery Morris,LB,0,0,,0,1,,DUQUESNE,2,D10,29,25,0,4,1,2026,16,55.3,0,0,29,1,0,7,0,0,0,37.3,0,0,1,0,DUQUESNE,1,0,1,0,,4,25,27.8,,0,0,155,45,0,0,0,0,34,1,1,56.7,0,0,16
123362,Lakeem Rudolph,S,2,0,,0,0,100,CAMPBELL,1,D01,20,7,0,1,1,2026,5,77.8,25,2,54.9,0,0,9,0,0,0,63.5,0,0,0,0,CAMPBELL,0,0,0,0,19,13,0,57.7,12.5,76.7,0,131,25,15,0,0,118.8,15,0,1,59.9,0,0,5
123487,Marcus Moore,DI,0,0,,1,0,,HOUCHR,2,D10,0,0,1,12,1,2027,30,74.4,0,0,59.9,0,0,1,13,4,0,73.6,0,0,0,0,HOUCHR,3,0,1,0,,0,0,78,,74.5,0,183,30,0,13,0,0,17,0,0,73.3,0,0,0
123609,Carter Odell,S,1,0,,0,0,100,ROB MORRIS,0,D14,6,1,0,0,1,2026,0,,62,1,41.1,0,0,3,0,0,0,60,1,0,0,0,ROB MORRIS,0,0,0,0,62,0,,42.3,62,68.7,0,277,6,29,0,0,118.8,3,0,0,,4,0,0
123723,Darrell Starling Jr.,S,0,0,,0,0,,PRVIEW A&M,1,D25,16,5,0,2,1,2026,2,75.7,0,0,64.9,1,0,13,0,0,0,65.2,0,0,0,0,PRVIEW A&M,0,0,1,0,,11,0,67.1,,73.7,0,270,18,0,0,0,0,3,0,1,57.1,0,0,2
123780,Jon Horton,ED,0,0,,0,0,,GRAMBLING,1,D09,0,0,0,17,1,2027,30,74.7,0,0,,2,0,0,7,0,0,63.1,0,0,0,0,GRAMBLING,0,0,2,0,,0,0,72.4,,77.5,0,177,30,0,0,0,0,13,0,1,73.6,0,0,23
123888,Ike Okoye,ED,0,0,,0,0,,ST FRANCIS,1,D44,0,0,0,23,1,2026,41,71.3,0,0,,0,0,0,9,0,0,59.6,0,0,0,0,ST FRANCIS,0,0,0,0,,0,0,59.9,,77.1,0,299,41,0,0,0,0,18,0,0,59.2,0,0,32
123936,Alajujuan Sparks Jr.,DI,0,0,,0,0,,PRVIEW A&M,0,D99,0,0,0,6,1,2026,6,,0,0,,0,0,0,0,4,0,,0,0,0,0,PRVIEW A&M,0,0,0,0,,0,,66.3,,70.7,0,270,6,0,2,0,0,0,0,0,65.6,0,0,0
124079,Vito Tisdale Jr.,CB,8,0,,0,0,75,E KENTUCKY,3,D06,73,0,0,0,1,2026,0,79.1,85,6,56.7,0,0,35,0,0,0,70.9,68,0,0,0,E KENTUCKY,0,0,0,0,21,4,0,59.8,14.2,78.2,0,159,73,21,0,1,108.9,38,0,1,,1,0,0
124112,Antoine Sampah,ED,0,0,,0,0,,CAMPBELL,1,D07,7,7,0,1,1,2026,0,74.3,0,0,60.5,0,0,2,0,0,0,68.6,0,0,0,0,CAMPBELL,1,0,0,0,,0,0,69.2,,67.2,0,131,7,0,0,0,0,4,0,0,59.5,0,0,0
124262,Darryle Ware,LB,0,0,,0,0,,CITADEL,0,D42,21,21,0,5,1,2026,2,,0,0,60.9,1,0,3,0,1,0,74.3,0,0,0,0,CITADEL,0,0,1,0,,0,,73.7,,73.9,0,139,23,0,0,0,0,15,0,0,61.7,0,0,1
124294,Trel Riley,CB,3,0,,0,0,33.3,SE MO ST,3,D01,45,6,0,1,1,2026,1,77.9,13,1,66,0,0,20,1,0,0,53.5,38,0,1,0,SE MO ST,0,0,0,0,13,0,0,58.8,13,0,0,293,46,4,0,1,47.9,25,0,0,60,1,0,0
124795,Shug Bentley,LB,1,0,,0,0,100,STETSON,3,D41,43,43,0,0,1,2029,0,80.9,14,1,56.1,0,0,18,0,0,0,77.2,0,0,0,0,STETSON,0,0,0,0,14,0,0,69.2,14,76.1,0,302,43,11,0,0,118.8,25,0,3,,0,0,0
124922,Toby Bolton,CB,1,0,,0,0,100,TENN TECH,0,D00,9,0,0,0,1,2028,0,,2,1,70.8,0,0,8,0,0,0,60,8,0,0,0,TENN TECH,0,0,0,0,2,1,,71.6,2,70.9,0,309,9,2,0,0,79.2,1,0,0,,0,0,0
125047,Jett Sutton,S,0,0,,0,0,,N DAKOTA,2,D33,15,8,0,0,1,2028,0,77.4,0,0,62,0,0,4,0,0,0,68.5,0,0,0,0,N DAKOTA,0,0,0,0,,1,0,67.6,,70.8,0,249,15,0,0,0,0,11,0,0,,6,0,0
125258,Cam Haynes,LB,0,0,,0,0,,WAGNER,0,D26,6,6,0,5,1,2029,1,,0,0,60.5,0,0,2,0,0,0,,0,0,0,0,WAGNER,0,0,0,0,,0,,55.9,,70.5,0,338,7,0,0,0,0,0,0,0,54.7,0,0,1
125320,Dyshier Clary,DI,0,0,,0,0,,STNY BROOK,1,D13,0,0,1,26,1,2026,36,73.8,0,0,60,1,0,0,0,25,0,67.6,0,0,0,0,STNY BROOK,2,0,2,0,,0,0,75.6,,77.2,0,303,36,0,11,0,0,10,0,1,72.7,0,0,0
125366,Robert Johnson,DI,0,0,,0,1,,W GEORGIA,3,D09,0,0,0,21,1,2026,38,43.8,0,0,59.3,0,0,1,7,0,0,65.4,0,0,0,0,W GEORGIA,1,0,0,0,,0,25,59.4,,75,0,1177,38,0,30,0,0,16,0,0,54.3,0,0,1
125671,Robert Sanders,ED,1,0,,0,1,0,PRINCETON,3,D56,2,2,0,11,1,2028,27,59.3,0,0,63.2,0,0,4,0,0,0,55.4,0,0,0,0,PRINCETON,1,0,0,0,,0,20,56.5,,78.6,0,272,29,0,0,0,39.6,14,0,1,55.4,0,0,27
125672,Jayvont Williams,S,2,0,,0,1,0,VILLANOVA,0,D21,18,13,0,1,1,2029,0,28.7,0,0,67.6,0,0,10,0,0,0,49.9,0,0,0,0,VILLANOVA,0,0,0,0,,0,50,59.7,,71.2,0,334,18,0,0,1,39.6,7,0,1,59.9,5,0,0
126263,James Stewart,ED,0,0,,0,0,,TENN STATE,2,D07,0,0,0,33,1,2026,52,75.2,0,0,62.1,4,0,2,1,0,0,63.1,0,0,0,0,TENN STATE,0,0,4,0,,0,0,71.1,,80.6,0,308,52,0,1,0,0,17,0,0,70.6,0,0,50
126582,Marquis Hood,DI,0,0,,0,0,,NC A&T,3,D90,5,5,2,44,1,2027,58,76.4,0,0,60,2,0,0,2,0,0,69.7,0,0,0,0,NC A&T,5,0,4,0,,0,0,74.5,,77.2,0,246,63,0,55,0,0,19,0,2,70.2,0,0,1
126822,Montre Samuels-Parker,DI,0,0,,0,0,,N DAKOTA,4,D98,1,1,1,30,1,2027,39,74.7,0,0,60,1,0,1,2,9,0,77,0,3,0,0,N DAKOTA,5,0,5,0,,0,0,72.7,,76,0,249,40,0,27,0,0,9,1,0,62.4,0,0,1
126962,Chase Allen,S,0,0,,0,1,,AUSTINPEAY,1,D15,24,5,0,1,1,2026,0,27.6,0,0,63.9,0,0,8,0,0,0,39.1,0,0,0,0,AUSTINPEAY,1,0,0,0,,19,50,51.8,,74.5,0,116,24,0,0,0,0,15,0,0,58.9,0,0,0
127117,Sean Line,LB,2,0,,0,1,100,HARVARD,8,D35,60,54,0,7,1,2028,4,58.6,55,2,53.5,2,0,31,0,0,0,72.2,0,3,0,0,HARVARD,4,0,5,0,51,6,9.1,63.1,27.5,74.5,0,179,64,58,0,0,158.3,26,0,2,62.6,0,1,4
127302,Cinque Williams,S,8,0,,0,3,87.5,TXAMEA,10,D15,72,11,0,6,1,2026,17,61.5,72,7,50.4,1,0,40,0,0,0,72.9,1,0,1,0,TXAMEA,5,0,1,0,20,58,18.8,55.3,10.3,82.9,0,1139,89,40,0,1,104.2,43,2,3,48.2,2,0,17
127362,Jeremy Mendez,DI,0,0,,0,0,,TENN TECH,3,D99,0,0,0,22,1,2026,32,73.8,0,0,60,0,0,0,0,7,0,75.2,0,0,0,0,TENN TECH,2,0,0,0,,0,0,68.9,,75.7,0,309,32,0,25,0,0,10,0,0,55.7,0,0,0
128032,Kaleb Purdy,S,4,0,,0,0,75,TENN TECH,3,D29,79,8,0,1,1,2027,0,81.8,49,3,65,1,0,65,0,0,0,62.3,1,0,0,0,TENN TECH,0,0,1,0,25,17,0,65.1,16.3,79.2,0,309,79,3,0,0,115.6,13,0,1,59.2,53,0,0
128041,Trevon Piggee,DI,1,0,,1,1,100,E ILLINOIS,2,D09,0,0,0,19,1,2028,32,36.9,1,1,63.6,1,0,0,4,7,0,60,0,1,0,0,E ILLINOIS,1,0,2,0,1,0,33.3,67,1,76.5,0,158,32,3,21,0,79.2,13,0,0,58.9,0,0,0
128105,Myles Turner,LB,0,0,,0,0,,TOWSON,3,D10,26,26,0,1,1,2026,1,78.7,0,0,63.2,1,0,7,0,0,0,82.7,0,0,0,0,TOWSON,2,0,1,0,,0,0,80.4,,74.8,0,317,27,0,0,0,0,19,0,1,60,0,0,1
128142,Amari Williams,DI,0,0,,0,0,,FL A&M,1,D55,0,0,0,5,1,2026,16,72.8,0,0,,0,0,0,1,2,0,72.3,0,0,0,0,FL A&M,1,0,0,0,,0,0,71.3,,73.4,0,164,16,0,12,0,0,11,0,1,57.6,0,0,1
128149,Devon Edwards,LB,1,0,,0,1,100,LNDNWD,2,D23,46,46,0,3,1,2026,2,69.3,12,1,65.4,1,0,13,0,0,0,75.3,0,0,0,0,LNDNWD,1,0,1,0,12,0,11.1,76.8,12,75.3,0,949,48,16,0,0,116.7,32,0,6,66,0,0,2
128168,Sanjay Strickland,LB,4,0,,0,2,100,LNDNWD,8,D15,45,39,0,4,1,2026,7,58.4,56,4,55.3,1,0,18,0,0,0,62,0,1,0,0,LNDNWD,2,0,2,0,33,6,15.4,58.6,14,75.6,0,949,52,38,0,0,118.8,30,0,3,59,0,0,7
128223,Davion Blackwell,LB,0,0,,0,0,,AUSTINPEAY,0,D09,4,3,0,1,1,2026,1,,0,0,61,0,0,3,0,0,0,60,0,0,0,0,AUSTINPEAY,0,0,0,0,,1,,61.6,,70.1,0,116,5,0,0,0,0,1,0,0,60,0,0,1
128231,Devin Gunter,CB,3,0,,0,0,66.7,BETH COOK,1,D01,29,3,0,0,1,2026,0,74.2,26,2,48.4,0,0,22,0,0,0,64.2,26,0,1,0,BETH COOK,0,0,0,0,18,0,0,50.4,13,73.7,0,119,29,11,0,0,93.8,7,0,0,,0,0,0
128234,Angel King,S,3,0,,0,0,33.3,WEBER ST,3,D24,38,19,0,0,1,2026,1,81.2,24,1,59.6,1,0,24,0,0,0,76.1,0,0,0,0,WEBER ST,2,0,1,0,24,14,0,67.3,24,75.4,0,342,39,0,0,0,63.2,15,0,2,65.1,5,0,1
128324,Mikale Greer,CB,1,0,,0,0,0,N ARIZONA,0,D01,11,0,0,0,1,2026,0,,0,0,64.7,0,0,8,0,0,0,60,10,0,0,0,N ARIZONA,0,0,0,0,,1,,65.2,,72.1,0,252,11,0,0,0,39.6,3,0,0,,0,0,0
128435,Read Sunn,LB,2,0,,0,1,100,E WASHGTON,5,D26,50,30,0,6,1,2026,1,70.3,26,2,81.8,1,0,20,0,0,0,77.1,0,0,1,0,E WASHGTON,4,0,1,0,22,19,8.3,78.7,13,0,0,161,51,18,0,0,118.8,25,0,6,55.5,1,0,1
129054,Spencer Rich,LB,1,0,,0,1,100,TXRG,6,D45,63,51,0,4,1,2027,0,72.6,4,1,65.8,2,0,38,0,0,0,70.9,0,0,0,0,TXRG,3,0,2,0,4,12,10,66.2,4,75.7,0,1445,63,0,0,0,83.3,21,0,3,45.8,0,0,0
129115,Sam Ofurie,LB,3,0,,0,1,66.7,RHODE ISLD,2,D33,22,22,0,3,1,2027,1,49.5,8,2,77.4,0,0,11,0,0,0,44.4,0,0,0,0,RHODE ISLD,0,0,0,0,6,0,33.3,65.2,4,73.3,0,274,23,5,0,1,70.1,9,0,0,57.3,0,0,1
129179,Jeremiah Bailey,ED,0,0,,0,0,,E KENTUCKY,4,D04,0,0,0,32,1,2027,63,76.9,0,0,61.3,3,0,0,53,0,0,76.5,0,0,0,0,E KENTUCKY,4,0,3,0,,0,0,76.7,,76.1,0,159,63,0,9,0,0,31,1,1,62.6,0,0,1
129319,Byron Davis,CB,5,0,,0,1,60,TENN STATE,0,D27,49,5,0,4,1,2029,0,21.8,25,3,57.1,1,0,31,0,0,0,62.5,0,0,0,0,TENN STATE,0,0,1,0,13,43,100,56.9,8.3,78.4,0,308,49,17,0,0,72.9,14,0,0,53.6,1,0,0
129554,Taylor Goodson,CB,0,0,,0,0,,E ILLINOIS,0,D37,6,0,0,1,1,2027,0,,0,0,63.4,0,0,5,0,0,0,,0,0,0,0,E ILLINOIS,0,0,0,0,,4,,62.2,,70,0,158,6,0,0,0,0,0,0,0,58.6,2,0,0
129565,Jordan Swain,DI,0,0,,0,0,,MERCER,2,D91,0,0,0,26,1,2026,37,74.5,0,0,,1,0,0,0,2,0,65.6,0,1,0,0,MERCER,2,0,2,0,,0,0,64.9,,75.4,0,219,37,0,35,0,0,11,1,2,60.9,0,0,0
129591,Jerome Nichols,LB,0,0,,0,1,,FL A&M,3,D20,13,11,0,2,1,2026,3,44.6,0,0,60.4,0,0,2,0,0,0,66.9,0,0,0,0,FL A&M,2,0,0,0,,2,25,66.2,,73.6,0,164,16,0,0,0,0,12,0,0,58.3,0,0,3
129858,Lamont Narcisse,CB,1,0,,0,0,100,MARIST,0,D05,43,1,0,1,1,2026,2,,12,1,49.9,0,0,15,0,0,0,64,42,0,1,0,MARIST,0,0,0,0,12,0,,53.2,12,76.7,0,213,45,17,0,0,116.7,29,0,0,60,0,0,2
130307,Jake Miller,LB,3,0,,0,0,100,MERCYHURST,8,D04,56,56,0,0,1,2027,0,85.1,38,3,55.6,0,0,23,0,0,0,85.8,0,0,0,0,MERCYHURST,5,0,0,0,16,0,0,74.3,12.7,76.9,0,977,56,17,0,0,118.8,33,1,6,,0,0,0
130373,Cole Lakatos,WR,0,0,,0,0,,WAGNER,0,80,1,0,0,0,1,2026,0,,0,0,,0,0,0,0,0,0,60,0,0,0,0,WAGNER,0,0,0,0,,0,,60,,60,0,338,1,0,0,0,0,1,0,0,,0,0,0
130410,Logic Hudgens,CB,11,0,,0,0,72.7,TXRG,6,D03,73,1,0,1,1,2026,0,82.3,83,8,62,0,0,48,0,0,0,66.2,69,0,0,0,TXRG,1,0,0,0,39,2,0,62.8,10.4,77.7,0,1445,73,4,0,1,124.4,24,0,1,58.9,1,1,0
130418,Lonnie Rice,LB,0,0,,0,1,,BRYANT,0,D05,17,16,0,4,1,2027,0,25.7,0,0,61.5,1,0,5,0,0,0,66.7,0,0,0,0,BRYANT,0,0,1,0,,1,100,64.9,,68.7,0,124,17,0,0,0,0,8,0,0,56.8,0,0,0
130509,Jeremiah Batiste,CB,5,0,,0,1,60,CHATTNOOGA,1,D19,59,0,0,0,1,2026,0,28.3,70,3,68,0,1,41,0,0,0,62.8,59,0,0,0,CHATTNOOGA,1,0,0,0,45,0,50,68.3,23.3,77,0,137,59,46,0,0,64.6,18,0,0,,0,0,0
130669,Logan Wilson,DI,0,0,,0,0,,INDIANA ST,0,D95,0,0,0,9,1,2026,19,69.7,0,0,,0,0,0,3,1,0,54,0,1,0,0,INDIANA ST,0,0,1,0,,0,0,55.9,,74.5,0,191,19,0,6,0,0,10,0,1,60.8,0,0,9
130982,Markell Johnson,LB,1,0,,0,2,100,TARLETON,0,D30,5,5,0,0,1,2028,0,18.2,10,1,38.1,0,0,5,0,0,0,,0,0,0,0,TARLETON,0,0,0,0,10,0,100,30.6,10,66.2,0,401,5,7,0,0,108.3,0,0,0,,0,0,0
131183,Jivon Oggs,CB,4,0,,0,2,75,E TENN ST,3,D06,25,1,1,3,1,2027,6,46.4,11,3,72.1,0,0,18,0,0,0,43.3,0,0,0,0,E TENN ST,4,0,1,0,4,23,33.3,66.1,3.7,79.3,0,157,31,8,0,0,77.1,10,0,1,66.1,1,0,6
131768,Kiersten Lee,LB,0,0,,0,0,,CAMPBELL,0,D24,3,1,0,1,1,2026,4,,0,0,60,0,0,1,0,0,0,60.9,0,0,0,0,CAMPBELL,0,0,0,0,,2,,61.6,,74.7,0,131,7,0,0,0,0,5,0,0,59.2,0,0,4
131806,Joquarri Price,ED,0,0,,0,0,,AUSTINPEAY,2,D48,2,1,0,30,1,2026,42,77.8,0,0,60,1,0,1,1,0,0,68.2,0,1,0,0,AUSTINPEAY,1,0,2,0,,1,0,68.1,,80,0,116,44,0,0,0,0,13,0,2,63.4,0,0,41
131880,Sione Tuha,LB,1,0,,0,0,0,N COLORADO,0,D11,10,10,0,0,1,2026,0,75.8,0,0,90.9,0,1,5,0,0,0,69.4,0,0,0,0,N COLORADO,0,0,0,0,,0,0,92.6,,70.7,0,253,10,0,0,0,0,5,0,2,,0,0,0
131904,Bradley McGannon,DI,0,0,,0,0,,S DAKOTA,0,D92,0,0,0,11,1,2026,16,70.2,0,0,,0,0,0,1,1,0,63.6,0,0,0,0,S DAKOTA,0,0,0,0,,0,0,61.8,,72.6,0,291,16,0,14,0,0,5,0,1,57.5,0,0,0
131923,Moon Ashby,ED,2,0,,0,0,100,UTAHTC,3,D25,5,1,0,13,1,2026,41,80.1,16,2,65.4,1,0,6,0,0,0,69.4,0,0,0,0,UTAHTC,1,0,1,0,10,4,0,68,8,80.4,0,1285,46,13,0,0,100,27,1,2,56.5,0,0,41
131931,Marquise Freeman,ED,0,0,,0,1,,CHATTNOOGA,1,D09,0,0,0,17,1,2026,26,34.2,0,0,60,2,0,1,0,0,0,66.4,0,1,0,0,CHATTNOOGA,1,0,3,0,,0,50,75.9,,77.9,0,137,26,0,0,0,0,8,0,0,73.1,0,0,26
132049,Jaheim Lowe,LB,0,0,,0,0,,TXAMEA,1,D05,4,4,0,0,1,2028,0,73.6,0,0,,0,0,0,0,0,0,66.7,0,0,0,0,TXAMEA,0,0,0,0,,0,0,68.7,,68.4,0,1139,4,0,0,0,0,4,0,0,,0,0,0
132406,Cashawn DeVaughn,DI,0,0,,0,0,,TENN TECH,0,D88,0,0,0,3,1,2026,4,,0,0,,0,0,0,0,1,0,60,0,0,0,0,TENN TECH,0,0,0,0,,0,,66.3,,68.9,0,309,4,0,3,0,0,1,0,0,58.6,0,0,0
132454,Quintin Talley,S,0,0,,0,0,,GRAMBLING,0,D00,11,1,0,0,1,2026,0,,0,0,63.3,0,0,6,0,0,0,60,0,0,0,0,GRAMBLING,0,0,0,0,,4,,63.3,,72.8,0,177,11,0,0,0,0,5,0,0,,6,0,0
133087,Duncan Parham,ED,0,0,,0,0,,CENT ARK,0,D06,0,0,0,0,1,2028,3,,0,0,60,0,0,1,0,0,0,60,0,0,0,0,CENT ARK,0,0,0,0,,0,,60.9,,69.8,0,132,3,0,0,0,0,2,0,0,,0,0,3
133630,Justin Wimpye,CB,5,0,,0,0,60,YNGTOWN ST,3,D07,53,2,0,1,1,2027,0,80.4,23,3,61.1,0,0,32,0,0,0,63.3,49,0,0,0,YNGTOWN ST,0,0,0,0,10,1,0,61.7,7.7,76.5,0,353,53,17,0,1,71.3,20,0,2,60,1,0,0
133881,Joshua Thornhill,S,0,0,,0,0,,BETH COOK,0,D00,9,6,0,0,1,2026,0,,0,0,63.3,0,0,7,0,0,0,60,0,0,0,0,BETH COOK,0,0,0,0,,3,,63.3,,69.6,0,119,9,0,0,0,0,2,0,0,,0,0,0
133941,Cam Junior,LB,2,0,,0,1,100,E KENTUCKY,4,D01,12,5,0,19,1,2026,44,53.8,34,2,43.2,1,0,7,0,0,0,59.7,0,0,0,0,E KENTUCKY,1,0,1,0,28,6,20,50,17,82.4,0,159,56,6,0,0,118.8,30,1,0,53.9,1,0,44
134735,Steven Lewis,DI,0,0,,0,1,,SE MO ST,1,D99,0,0,0,19,1,2026,38,27.2,0,0,60,3,0,0,6,13,0,59.3,0,0,0,0,SE MO ST,1,0,3,0,,0,50,56.6,,76.5,0,293,38,0,19,0,0,19,0,0,53.6,0,0,0
134769,Peyton Reeves,DI,0,0,,0,0,,S ILLINOIS,1,D90,0,0,0,3,1,2026,17,69.7,0,0,,0,0,0,0,3,0,75.5,0,0,0,0,S ILLINOIS,1,0,0,0,,0,0,87.5,,73.6,0,295,17,0,14,0,0,14,1,0,84.9,0,0,0
134824,Chima Iwuagwu,DI,0,0,,0,0,,TENN TECH,1,D91,0,0,1,35,1,2026,43,74.5,0,0,,0,0,0,7,11,1,87.3,0,1,0,0,TENN TECH,2,0,2,1,,0,0,74.1,,76.3,0,309,43,0,24,0,0,8,0,1,59.5,0,0,1
136904,Robert Rios,DI,0,0,,1,0,,TARLETON,1,D52,0,0,0,9,1,2026,17,70.1,0,0,,1,0,0,0,1,0,84.7,0,0,0,0,TARLETON,1,0,1,0,,0,0,83.3,,72.9,0,401,17,0,16,0,0,8,1,0,61.7,0,0,0
136912,Devin Sterling,LB,2,0,,0,3,100,TARLETON,4,D12,22,18,0,4,1,2026,7,29.6,7,2,63.3,1,0,9,0,0,0,55.1,0,0,0,0,TARLETON,2,0,1,0,6,4,37.5,55.1,3.5,75.1,0,401,29,3,0,0,81.3,16,0,1,48.2,0,0,7
137996,Colin Bohanek,LB,2,0,,0,0,50,S ILLINOIS,3,D16,49,43,0,4,1,2026,5,78.8,6,1,47.4,0,0,29,0,0,0,81.8,0,0,0,0,S ILLINOIS,3,0,0,0,6,6,0,61.7,6,77.7,0,295,54,6,0,0,56.3,21,0,1,63.7,0,0,5
138003,Kaelin Drakeford,S,0,0,,0,0,,CHATTNOOGA,2,D22,45,30,0,0,1,2026,1,78,0,0,67.2,0,0,30,0,0,0,65,0,0,0,0,CHATTNOOGA,0,0,0,0,,3,0,67.8,,76.7,0,137,46,0,0,0,0,16,0,0,,12,0,1
138029,Drake Van Hyfte,ED,0,0,,0,0,,E ILLINOIS,1,D95,0,0,0,13,1,2026,21,71.1,0,0,,0,0,0,6,1,0,69.9,0,0,0,0,E ILLINOIS,1,0,0,0,,0,0,64.9,,74.1,0,158,21,0,6,0,0,8,0,0,55.4,0,0,8
138060,Shug Walker,LB,2,0,,0,0,50,S ILLINOIS,5,D33,43,35,0,5,1,2026,4,82.7,5,1,43,1,0,22,0,0,0,71.4,0,1,2,0,S ILLINOIS,4,0,2,0,5,8,0,54.9,5,75,0,295,47,0,0,0,56.3,20,0,2,63.2,0,0,4
138117,Adrian Hall Jr.,DI,0,0,,1,0,,BETH COOK,1,D44,0,0,0,35,1,2026,45,69.7,0,0,,1,0,0,6,1,0,65.5,0,0,0,1,BETH COOK,0,0,1,0,,0,0,89.9,,76.1,0,119,45,0,33,0,0,10,0,0,90.4,0,0,5
138281,Jack Kriebs,DI,0,0,,0,0,,N IOWA,3,D02,0,0,0,19,1,2026,42,73,0,0,60,0,0,0,0,21,0,61.2,0,0,0,0,N IOWA,3,0,0,0,,0,0,62.4,,77.2,0,255,42,0,21,0,0,23,1,0,60.7,0,0,0
139125,Tahj Summey,S,0,0,,0,0,,SE MO ST,0,D20,1,0,0,0,1,2026,0,,0,0,60,0,0,1,0,0,0,,0,0,0,0,SE MO ST,0,0,0,0,,1,,60.3,,63.5,0,293,1,0,0,0,0,0,0,0,,0,0,0
139341,Trey Lockhart Jr.,S,4,0,,0,0,50,STETSON,4,D08,43,25,0,4,1,2026,15,80.2,24,2,73.2,0,0,27,1,0,0,67.9,0,0,0,0,STETSON,3,0,0,0,24,9,0,72.2,12,78.8,0,302,58,1,0,1,68.8,27,0,0,58.1,9,0,14
139351,Donovan Parham,ED,0,0,,0,0,,IDAHO,0,D02,5,5,0,19,1,2026,34,70.2,0,0,61,1,0,2,10,0,0,72.7,0,0,0,0,IDAHO,0,0,1,0,,0,0,66.6,,77.4,0,185,39,0,11,0,0,18,0,1,54.9,0,0,13
139439,Jihad McCall,S,3,0,,0,1,66.7,E ILLINOIS,1,D07,61,11,0,0,1,2026,1,49.4,44,2,58.1,0,0,39,0,0,1,53.2,0,0,0,0,E ILLINOIS,0,0,0,0,24,5,25,56.6,22,77.5,0,158,62,6,0,0,109.7,23,0,2,,45,0,1
139480,Hayden Shaheen,LB,1,0,,0,0,100,NICHOLLS,4,D10,45,44,0,6,1,2026,1,80.4,9,1,64.2,3,0,16,0,0,0,74.1,0,0,0,0,NICHOLLS,3,0,3,0,9,0,0,75.3,9,73,0,243,46,0,0,0,104.2,24,0,1,69.3,1,0,1
139537,Taylen Blaylock,S,3,0,,0,1,100,FURMAN,7,D01,55,34,0,2,1,2026,1,69,7,3,72.7,1,0,20,0,0,0,60.5,0,0,0,0,FURMAN,5,0,1,0,5,15,11.1,70,2.3,76.3,0,170,56,10,0,0,79.2,34,3,1,68.2,6,0,1
141301,Devyn Perkins,CB,3,0,2026,0,1,100,UTAHTC,2,D09,36,15,0,1,1,2026,3,53.9,29,3,55,1,0,18,0,0,0,38,5,0,0,0,UTAHTC,0,0,1,0,12,16,33.3,48.7,9.7,74.6,0,1285,39,9,0,0,106.9,20,0,0,64.6,0,0,3
141312,Laytan Tanuvasa,DI,0,0,,0,0,,UTAHTC,3,D91,0,0,0,15,1,2026,40,74.8,0,0,,0,0,0,0,14,0,65.8,0,0,0,0,UTAHTC,1,0,0,0,,0,0,64.3,,76.6,0,1285,40,0,26,0,0,25,0,1,56.7,0,0,0
141316,Malini Ti'a,S,4,1,,0,0,50,W ILLINOIS,5,D33,75,42,0,1,1,2026,1,83.4,22,2,68.1,1,1,38,0,0,0,68.1,0,0,0,0,W ILLINOIS,2,0,1,0,14,5,0,71,11,77.7,0,345,76,8,0,0,66.7,37,0,1,72.3,28,1,1
141339,Cameron Donald,DI,0,0,,0,0,,FL A&M,2,D90,0,0,0,21,1,2026,39,71.6,0,0,,3,0,0,3,12,0,63.3,0,0,0,0,FL A&M,1,0,3,0,,0,0,67.7,,76.2,0,164,39,0,24,0,0,18,0,0,67.7,0,0,0
141361,Sharmari Reed,CB,1,0,,0,0,100,SCAR STATE,1,D01,24,6,1,2,1,2027,0,75.9,0,1,65.3,1,0,14,0,0,0,61.6,0,0,0,0,SCAR STATE,2,0,2,0,0,18,0,71.6,0,74.9,0,290,24,4,0,0,79.2,8,0,0,80,0,0,0
141373,Dakarai Cabell,S,0,0,,0,0,,MS VLY ST,0,D04,3,1,0,0,1,2026,0,,0,0,60,0,0,1,0,0,0,60,0,0,0,0,MS VLY ST,0,0,0,0,,0,,60.1,,68.5,0,228,3,0,0,0,0,2,0,0,,2,0,0
141383,Bernadin Fleurima Jr.,DI,0,0,,0,0,,S ILLINOIS,1,D10,0,0,1,21,1,2026,25,73.4,0,0,,1,0,0,0,2,0,78.1,0,1,0,0,S ILLINOIS,2,0,3,0,,0,0,76.1,,74.2,0,295,25,0,23,0,0,4,1,1,64.2,0,0,0
141401,David Swartzenruber,LB,0,0,,0,0,,LIUSHAR,1,D52,6,5,0,0,1,2026,0,74.3,0,0,63.7,0,0,5,0,0,0,60,0,0,0,0,LIUSHAR,0,0,0,0,,1,0,64.8,,66.4,0,1298,6,0,0,0,0,1,0,0,,0,0,0
141540,Trevor Thurman,ED,0,0,,0,1,,E WASHGTON,3,D10,10,10,0,8,1,2026,11,39.3,0,0,62.3,0,0,2,0,0,0,59.1,0,0,0,0,E WASHGTON,1,0,0,0,,0,25,58.3,,77.6,0,161,21,0,0,0,0,11,1,0,54.5,0,0,11
141542,DaJean Wells,CB,0,0,,0,0,,E WASHGTON,0,D03,3,0,0,0,1,2026,0,,0,0,60,0,0,1,0,0,0,60,3,0,0,0,E WASHGTON,0,0,0,0,,0,,61,,67.3,0,161,3,0,0,0,0,2,0,0,,0,0,0
141566,Zach Krotzer,DI,0,0,,0,1,,IDAHO,4,D96,0,0,0,20,1,2026,37,49.2,0,0,60,0,0,0,2,18,0,77.7,0,0,0,0,IDAHO,3,0,0,0,,0,20,71.1,,76.3,0,185,37,0,17,0,0,17,0,0,59.8,0,0,0
141717,Easton Payne,DI,0,0,,0,1,,WEBER ST,1,D99,0,0,0,20,1,2026,35,27.8,0,0,,1,0,0,0,3,0,61,0,0,0,0,WEBER ST,0,0,1,0,,0,50,53.7,,75.3,0,342,35,0,32,0,0,15,0,0,49.2,0,0,0
141779,Jalil Lenore,LB,1,0,,1,0,100,ALABAMA ST,4,D33,26,24,2,8,1,2026,1,80.9,5,1,64.9,0,0,8,0,0,0,87.6,0,0,0,0,ALABAMA ST,4,0,2,0,5,2,0,90.4,5,74.1,0,105,27,0,0,0,87.5,11,0,0,81.1,0,0,1
141890,Justin Dumas,LB,0,0,,0,0,,SE LA,1,D33,6,6,0,0,1,2026,0,75.8,0,0,72.4,0,0,4,0,0,0,65.1,0,0,0,0,SE LA,1,0,0,0,,0,0,84.7,,67.9,0,294,6,0,0,0,0,2,0,1,,0,0,0
141891,Blayne Delahoussaye,CB,2,0,,0,0,50,SE LA,2,D07,31,0,0,0,1,2026,0,76.2,12,1,56.5,0,0,19,0,0,0,64.6,31,0,1,0,SE LA,0,0,0,0,12,0,0,53.4,12,0,0,294,31,0,0,0,68.8,12,0,0,,0,0,0
141939,Garret Steffen,ED,0,0,,0,2,,ILL STATE,1,D56,0,0,0,29,1,2026,55,29.6,0,0,,5,0,0,44,0,0,64.9,0,0,0,0,ILL STATE,1,0,5,0,,0,40,73.9,,75.5,0,188,55,0,7,0,0,26,0,2,75.3,0,0,4
142194,Jamal Marshall,ED,0,0,,0,0,,PRVIEW A&M,0,D93,0,0,0,9,1,2026,12,,0,0,,0,0,0,11,1,0,64.8,0,0,0,0,PRVIEW A&M,0,0,0,0,,0,,72.7,,71.9,0,270,12,0,0,0,0,3,0,0,67.8,0,0,0
142217,Brad Igweike,CB,1,0,,0,0,0,ALBANY,0,D03,18,1,0,0,1,2026,0,,0,0,57.1,0,0,10,0,0,0,62.1,1,0,0,0,ALBANY,0,0,0,0,,16,,58.3,,74.6,0,106,18,0,0,0,39.6,8,0,0,,0,0,0
142223,Matthew Obiagu,ED,0,0,,0,0,,ALBANY,1,D97,0,0,0,11,1,2026,29,71.5,0,0,,0,0,0,3,0,0,68,0,0,0,0,ALBANY,1,0,0,0,,0,0,64.2,,76.2,0,106,29,0,0,0,0,18,0,0,54.7,0,0,26
142260,Christian Pierce,S,1,0,,1,0,100,W ILLINOIS,8,D03,60,49,0,13,1,2030,11,82.9,-4,1,55.6,1,0,23,0,0,0,80.1,0,1,2,1,W ILLINOIS,7,0,2,0,-4,11,0,69,-4,0,0,345,71,-2,0,0,79.2,35,4,1,71.4,0,0,11
142306,Christian Thomas,LB,4,0,2026,0,1,75,MAINE,4,D11,36,24,1,11,1,2026,11,57.9,27,3,65.8,0,0,20,0,0,1,68.1,0,0,0,0,MAINE,4,0,1,0,13,12,16.7,67.7,9,80.4,0,212,47,17,0,0,92.7,16,0,1,60.4,0,0,11
142311,Broox Bolden,CB,0,0,,0,0,,MARIST,1,D06,14,3,0,0,1,2026,1,74.2,0,0,60,0,0,1,0,0,0,64.8,11,0,0,0,MARIST,0,0,0,0,,0,0,65.3,,71.9,0,213,15,0,0,0,0,14,0,0,,0,0,1
142321,Zach Garron,ED,0,0,,0,0,,NEW HAMP,0,D17,0,0,0,5,1,2026,8,,0,0,,2,0,0,2,0,0,60,0,0,0,0,NEW HAMP,0,0,2,0,,0,,64.5,,72.2,0,240,8,0,0,0,0,3,0,0,63.7,0,0,6
142330,Duncan Moreland,S,1,0,,0,0,100,NEW HAMP,3,D14,39,13,0,0,1,2026,0,80.5,7,1,67.1,0,0,15,0,0,0,68.8,0,0,0,0,NEW HAMP,0,0,0,0,7,8,0,69.2,7,76.5,0,240,39,2,0,0,95.8,24,0,0,,18,0,0
142332,Brandon Perkins,LB,2,0,,0,2,100,BRYANT,3,D04,49,48,0,7,1,2026,1,43.9,42,2,41.7,2,0,22,0,0,0,67.7,0,0,0,0,BRYANT,3,0,2,0,27,1,25,50.5,21,75.1,0,124,50,20,0,0,158.3,21,0,3,52.9,0,1,1
142340,Brendan Tighe,S,0,0,,0,0,,NEW HAMP,1,D27,23,2,0,0,1,2026,0,76.2,0,0,67,0,0,17,0,0,0,60,0,0,0,0,NEW HAMP,0,0,0,0,,4,0,66.9,,75.6,0,240,23,0,0,0,0,6,0,0,,17,0,0
142375,JuJu Ganthier,CB,3,0,,0,0,33.3,HAMPTON,1,D04,38,4,0,0,1,2026,0,73.5,15,1,65.8,0,0,17,0,0,0,64.1,34,0,0,0,HAMPTON,0,0,0,0,15,0,0,66.6,15,74.7,0,178,38,2,0,0,50.7,21,0,0,,0,0,0
142396,Ayden Howard,ED,0,0,,0,0,,VILLANOVA,1,D91,0,0,0,22,1,2026,37,73.2,0,0,60,1,0,0,34,0,0,71.2,0,0,0,1,VILLANOVA,1,0,1,0,,0,0,75.9,,75.5,0,334,37,0,3,0,0,15,0,1,62.4,0,0,0
142397,Richie Kimmel,LB,1,0,,0,0,0,VILLANOVA,3,D44,23,17,0,8,1,2026,18,78.7,0,0,70.4,0,0,15,0,0,0,71.1,0,2,1,0,VILLANOVA,2,0,2,0,,6,0,73.4,,0,0,334,41,0,0,0,39.6,18,0,0,75.6,0,0,18
142400,Obinna Nwobodo,DI,0,0,,0,0,,VILLANOVA,0,D98,0,0,0,24,1,2026,44,,0,0,,0,0,0,0,43,0,67,0,0,0,0,VILLANOVA,0,0,0,0,,0,,68.6,,77.9,0,334,44,0,1,0,0,20,0,0,64.6,0,0,0
142477,Kevin Kurzinger,DI,0,0,,0,1,,DUQUESNE,5,D97,0,0,0,19,1,2026,58,52.9,0,0,,0,0,0,0,0,0,74.6,0,0,0,0,DUQUESNE,5,0,0,0,,0,16.7,71.5,,76.6,0,155,58,0,58,0,0,39,2,0,56.1,0,0,0
142505,Ayinde Johnson,CB,5,1,,0,0,0,RHODE ISLD,2,D06,86,5,0,1,1,2026,0,78.5,0,0,75,0,1,46,0,0,0,65.7,79,0,2,0,RHODE ISLD,0,0,0,0,,2,0,74.5,,77.8,0,274,86,0,0,1,0,39,0,1,60,0,0,0
142515,Mason Buono,DI,0,0,,0,0,,WAGNER,1,D33,1,0,0,6,1,2026,17,72.2,0,0,60,0,0,1,0,7,0,65.4,0,0,0,0,WAGNER,0,0,0,0,,0,0,65.8,,73.6,0,338,18,0,10,0,0,11,0,1,58.7,0,0,0
142699,Andre Crawley Jr.,DI,0,0,,0,0,,GARD-WEBB,1,D98,0,0,0,16,1,2026,37,70.2,0,0,,1,0,0,0,0,0,67.5,0,0,1,0,GARD-WEBB,1,0,1,0,,0,0,58.9,,0,0,171,37,0,37,0,0,21,0,0,55.9,0,0,0
142715,Tajay Passmore,ED,0,0,,0,0,,LNDNWD,6,D00,0,0,0,19,1,2026,41,80.1,0,0,61.4,0,0,0,5,0,0,73,0,0,1,0,LNDNWD,3,0,0,0,,0,0,68.4,,0,0,949,41,0,0,0,0,22,0,1,62.9,0,0,36
142737,Nick Glenn,DI,0,0,,0,0,,ALAB A&M,2,D90,0,0,0,15,1,2026,32,71.9,0,0,60,0,0,0,0,3,0,66,0,0,0,0,ALAB A&M,2,0,0,0,,0,0,66.8,,75,0,104,32,0,29,0,0,17,0,0,61.6,0,0,0
142750,Jordan Cumberbatch,LB,0,0,,0,0,,FL A&M,0,D29,7,7,0,0,1,2026,2,,0,0,60,0,0,1,0,0,0,64.4,0,0,0,0,FL A&M,0,0,0,0,,0,,66.1,,71.3,0,164,9,0,0,0,0,8,0,0,,0,0,2
142753,Dimitris Biamby,LB,0,0,,0,0,,ALAB A&M,3,D50,17,17,0,0,1,2026,0,77.4,0,0,62,0,0,6,0,0,0,70.4,0,0,0,0,ALAB A&M,2,0,0,0,,0,0,70.7,,70.6,0,104,17,0,0,0,0,11,1,0,,0,0,0
142786,Jared Kirksey,ED,0,0,,0,0,,ELON,1,D99,0,0,0,11,1,2026,20,71.3,0,0,,1,0,0,4,0,0,70.8,0,0,0,0,ELON,1,0,1,0,,0,0,69.5,,74.2,0,162,20,0,0,0,0,9,0,0,60.2,0,0,16
142853,Tylan Hollis,LB,0,0,,0,0,,CHARLES SO,2,D28,25,24,1,3,1,2026,0,80.6,0,0,62.8,0,0,9,0,0,0,65.7,0,0,0,0,CHARLES SO,1,0,1,0,,1,0,69,,70.9,0,135,25,0,0,0,0,13,0,2,67.3,0,0,0
143053,Nahil Perkins,CB,2,0,,0,1,50,SAMFORD,1,D03,34,0,0,0,1,2026,0,38.3,42,1,42.7,0,0,18,0,0,0,45.7,34,0,2,0,SAMFORD,0,0,0,0,42,0,33.3,40.2,42,75.1,0,282,34,48,0,0,95.8,16,0,1,,0,0,0
143327,Quincy Ivory,ED,1,0,,0,0,100,JACKSON ST,4,D06,19,18,1,18,1,2026,38,79.1,6,1,69.4,4,0,16,3,0,0,68,1,0,0,0,JACKSON ST,3,0,5,0,6,0,0,77.8,6,78.3,0,194,57,9,1,0,91.7,23,0,0,78.5,0,0,34
143350,Amari Pouncy,ED,0,0,,0,0,,TXRG,1,D94,1,0,0,21,1,2026,26,76.3,0,0,61.7,1,0,1,1,0,0,64,0,0,0,0,TXRG,0,0,1,0,,1,0,61.8,,78,0,1445,27,0,0,0,0,5,0,2,57.1,0,0,25
143609,Shadwel Nkuba II,CB,5,0,,0,0,40,ILL STATE,5,D01,63,13,0,3,1,2026,3,80.6,12,2,69.2,2,0,34,0,0,0,53,49,0,0,0,ILL STATE,0,0,2,0,9,0,0,66.2,6,76.6,0,188,66,4,0,0,47.9,29,0,0,64.4,1,0,3
143815,Cole Batson,S,3,0,,0,0,33.3,UC DAVIS,5,D23,70,9,0,0,1,2026,0,83.6,3,1,70.6,0,0,52,0,0,0,68.3,0,0,0,0,UC DAVIS,0,0,0,0,3,9,0,71.4,3,79.2,0,322,70,0,0,1,42.4,18,0,1,,52,0,0
143843,Jalon Williams,CB,2,0,,0,0,50,AUSTINPEAY,3,D14,59,9,0,4,1,2026,4,79.7,0,1,64.9,1,0,42,0,0,0,69.5,0,0,1,0,AUSTINPEAY,1,0,1,0,0,49,0,66.3,0,80.2,0,116,63,4,0,0,56.3,17,0,2,55.8,1,0,4
143863,Dylan Merrell,CB,2,0,,0,0,50,LIUSHAR,1,D09,23,0,0,0,1,2026,0,74.2,17,1,56.4,0,0,17,0,0,0,60.6,23,0,0,0,LIUSHAR,0,0,0,0,17,0,0,57,17,73.5,0,1298,23,0,0,0,79.2,6,0,0,,0,0,0
143980,Gabe Stephens,ED,0,0,,0,0,,E KENTUCKY,0,D07,2,1,2,13,1,2027,26,75.2,0,0,60.6,0,0,2,0,0,0,56.4,0,0,0,0,E KENTUCKY,2,0,2,0,,1,,63.3,,78.4,0,159,28,0,0,0,0,13,0,0,66.5,0,0,26
144044,Malcolm Folk,S,0,0,,0,1,,MAINE,0,D27,26,2,0,0,1,2027,0,21.8,0,0,65,0,0,19,0,0,0,49.3,0,0,0,0,MAINE,0,0,0,0,,5,100,59.2,,75.2,0,212,26,0,0,0,0,7,0,0,,19,0,0
144277,Tyrell Raby,CB,7,0,,0,0,42.9,GRAMBLING,5,D05,69,0,0,0,1,2026,0,80.3,73,3,55,0,0,36,0,0,0,66.9,68,0,1,0,GRAMBLING,1,0,0,0,62,1,0,54,24.3,0,0,177,69,21,0,0,120.8,33,0,0,,0,1,0
144301,Cameren Dalrymple,LB,2,0,,0,1,100,NC A&T,3,D23,77,62,0,8,1,2027,0,50.2,23,2,55.3,0,0,47,0,0,0,73.6,0,0,0,0,NC A&T,1,0,0,0,14,11,20,60.2,11.5,76.4,0,246,77,22,0,0,114.6,22,0,1,52.6,4,0,0
144353,Jianni Woodson-Brooks,LB,2,0,,0,1,100,MORGAN ST,4,D10,36,28,0,5,1,2026,0,68,12,2,58.9,3,0,14,0,0,0,66,0,0,0,0,MORGAN ST,3,0,3,0,10,6,14.3,59.6,6,73.5,0,235,36,2,0,0,91.7,17,0,2,52.2,1,0,0
144390,Balansama Kamara,ED,1,0,,1,2,100,ALBANY,4,D00,0,0,1,25,1,2027,57,52.7,16,1,60,1,0,0,0,0,0,71.1,0,0,1,0,ALBANY,4,0,2,0,16,0,28.6,63.6,16,0,0,106,57,1,0,0,118.8,32,2,1,65.4,0,0,57
144416,Mandel Eugene Jr.,LB,0,0,,0,0,,PRVIEW A&M,0,D42,3,3,1,0,1,2026,0,76.1,0,0,63.2,0,0,3,0,0,0,,0,0,0,0,PRVIEW A&M,0,0,1,0,,0,0,77.2,,67.5,0,270,3,0,0,0,0,0,0,1,71.8,0,0,0
144419,T.J. Huggins,CB,3,0,,0,0,0,FL A&M,3,D21,66,1,0,0,1,2026,1,78.2,0,0,65.9,0,0,35,0,0,0,69.1,64,0,0,0,FL A&M,0,0,0,0,,1,0,67.5,,78,0,164,67,0,0,0,39.6,32,0,0,,0,0,1
144426,Mike Lunz,ED,0,0,,0,0,,SCAR STATE,0,D11,3,2,0,23,1,2026,33,34.5,0,0,,0,0,0,0,0,0,72.7,0,1,0,0,SCAR STATE,0,0,1,0,,1,0,60.4,,78.8,0,290,36,0,0,0,0,13,0,1,50.4,0,0,33
144450,Owen Ostroski,ED,0,0,,0,0,,N IOWA,1,D55,0,0,0,20,1,2026,48,75.5,0,0,62.7,1,0,1,24,0,0,61.4,0,1,0,0,N IOWA,1,0,2,0,,0,0,70.2,,77.5,0,255,48,0,6,0,0,27,0,3,68.7,0,0,18
144462,Ah'Mare Lee,CB,2,0,,0,0,0,FL A&M,1,D19,58,1,0,0,1,2026,0,79.7,0,0,65.6,0,0,30,0,0,0,68.8,53,0,1,0,FL A&M,0,0,0,0,,0,0,67.3,,76.9,0,164,58,0,0,0,39.6,28,0,2,,4,0,0
144470,William Wells,S,2,0,,0,1,100,E TENN ST,5,D09,57,30,0,4,1,2026,2,65.3,12,2,74.8,1,0,30,0,0,1,59.4,0,0,0,1,E TENN ST,1,0,1,0,7,8,16.7,71,6,77,0,157,59,3,0,0,91.7,25,0,0,64.5,19,0,2
144523,Cisco Caston,S,2,0,,0,3,0,GRAMBLING,5,D26,65,38,0,2,1,2027,2,38.2,0,0,64,1,0,30,0,0,0,60.2,0,1,0,0,GRAMBLING,1,0,2,0,,8,33.3,62.1,,77.2,0,177,67,0,0,0,39.6,35,0,1,55.8,19,0,2
144528,Jaden Maronen,LB,2,0,,0,1,50,LAMAR,2,D27,22,22,0,3,1,2026,1,55,3,1,71.8,0,0,9,0,0,0,67.8,0,0,0,0,LAMAR,1,0,0,0,3,0,16.7,73.1,3,70,0,204,23,7,0,0,56.3,11,0,3,56.5,0,0,1
144551,Carston Marshall,LB,2,0,,0,1,50,YNGTOWN ST,1,D05,45,36,0,6,1,2027,2,52,3,1,61,1,0,24,0,0,0,65.3,0,1,1,0,YNGTOWN ST,1,1,2,0,3,9,33.3,60.8,3,0,0,353,47,8,0,0,56.3,17,0,1,66.5,0,0,2
144609,Trey Krause,LB,1,0,,0,0,0,BRYANT,0,D27,0,0,0,0,1,2026,4,,0,0,60,0,0,1,0,0,0,51.6,0,0,0,0,BRYANT,0,0,0,0,,0,,28.2,,70.6,0,124,4,0,0,0,39.6,3,0,0,,0,0,4
144663,De'kelvion Beamon,LB,2,0,,0,0,100,LAMAR,1,D05,5,0,1,3,1,2027,5,76.5,18,2,55.1,1,0,5,0,0,0,60.3,0,1,0,0,LAMAR,1,0,3,0,13,5,0,71.8,9,75.2,0,204,10,5,0,0,104.2,2,0,0,89.4,0,0,5
144674,Donnie Wingate,ED,0,0,,0,1,,S ILLINOIS,2,D09,0,0,0,27,1,2028,41,40.1,0,0,55,2,0,0,33,0,0,63.6,0,1,1,0,S ILLINOIS,2,0,3,0,,0,33.3,40.4,,0,0,295,41,0,0,0,0,14,0,0,52.9,0,0,8
144704,Jayhvion Gipson,LB,0,0,,0,0,,HOUCHR,0,D21,1,1,0,0,1,2026,0,,0,0,,0,0,0,0,0,0,60,0,0,0,0,HOUCHR,0,0,0,0,,0,,60,,61.7,0,183,1,0,0,0,0,1,0,0,,0,0,0
144821,Kalen Villanueva,LB,1,0,,0,1,100,CAMPBELL,2,D03,14,13,0,1,1,2027,0,32.4,2,1,71.5,0,0,8,0,0,0,55,0,0,0,0,CAMPBELL,2,0,0,0,2,1,33.3,67.3,2,71.7,0,131,14,0,0,0,79.2,5,0,0,59.4,0,0,0
145017,Koby Bretz,S,3,0,,0,1,33.3,S DAK ST,3,D25,68,27,0,0,1,2026,1,52.3,22,1,57.7,0,1,32,0,0,0,61.8,1,0,0,0,S DAK ST,2,0,0,0,22,6,20,59.4,22,77.4,0,292,69,0,0,0,20.8,37,0,1,,34,0,1
145138,Carnell Davis,CB,2,0,,0,1,100,TOWSON,2,D13,10,3,0,0,1,2026,0,37.7,14,2,58.8,0,0,7,0,0,0,60,7,0,0,0,TOWSON,0,0,0,0,9,0,33.3,59.2,7,69.2,0,317,10,11,0,0,95.8,3,0,0,,0,0,0
145201,Amari Wansley,S,1,0,,0,0,0,SAMFORD,0,D17,36,28,0,0,1,2026,0,74.8,0,0,65.7,0,0,18,0,0,0,65,0,0,0,0,SAMFORD,0,0,0,0,,6,0,66.7,,75.2,0,282,36,0,0,0,39.6,18,0,1,,2,0,0
145202,Zeroun Skinner,CB,0,0,,0,1,,NEW HAMP,1,D01,16,0,0,0,1,2026,0,28.3,0,0,58.3,0,0,10,0,0,0,64,16,0,0,0,NEW HAMP,1,0,0,0,,0,50,60.1,,72.4,0,240,16,0,0,0,0,6,0,0,,0,0,0
145203,Justice Cross,LB,6,0,,0,3,66.7,FL A&M,8,D05,50,45,0,6,1,2029,10,38.8,25,4,65,0,0,23,0,0,0,46.7,0,0,0,0,FL A&M,4,0,0,0,10,5,25,57.3,6.3,76.5,0,164,60,6,0,0,75,31,0,1,66.9,0,0,10
145280,Jeremiah McClendon,CB,5,0,2026,0,0,40,S ILLINOIS,2,D08,45,2,1,1,1,2026,3,80.1,16,2,78.9,0,1,28,0,0,0,75.5,41,0,0,0,S ILLINOIS,1,0,1,0,9,2,0,82.6,8,77.2,0,295,48,9,0,2,9.2,19,0,2,70.3,0,0,3
145284,Hagan Stephenson,S,2,0,,0,0,0,TARLETON,0,D37,7,3,0,0,1,2026,0,,0,0,91.7,0,1,7,0,0,0,,0,0,0,0,TARLETON,0,0,0,0,,3,,92.7,,69.7,0,401,7,0,0,0,0,0,0,0,,1,0,0
145367,Tyrik McDaniel,S,4,0,,0,1,75,CITADEL,6,D08,60,28,0,0,1,2026,0,65.3,42,3,67,0,0,22,0,0,0,66.2,0,0,0,0,CITADEL,1,0,0,0,36,9,12.5,67.9,14,75.5,0,139,60,19,0,0,108.3,38,0,1,,23,0,0
145368,Khian'Dre Harris,CB,5,0,,0,0,80,ALBANY,3,D16,56,3,0,0,1,2026,0,79.3,61,4,43.1,0,0,22,0,0,0,73.1,52,0,1,0,ALBANY,1,0,0,0,34,1,0,49.9,15.3,76.1,0,106,56,10,0,0,157.1,34,0,1,,0,1,0
145373,Corey Chapman,S,0,0,,0,0,,NORFOLK,3,D10,53,33,1,2,1,2026,4,79.9,0,0,60.9,0,0,25,0,0,0,76.9,0,0,1,0,NORFOLK,2,0,1,0,,13,0,66.2,,0,0,244,57,0,0,0,0,30,1,0,69.9,7,0,4
145420,Zay Franks,CB,5,0,,0,1,60,SOUTHERN U,5,D07,63,4,0,0,1,2028,0,57.4,25,3,67.9,0,0,32,0,0,0,50.6,58,0,0,0,SOUTHERN U,3,0,0,0,18,1,16.7,64.4,8.3,76.6,0,297,63,13,0,1,72.9,31,1,0,,0,0,0
145428,Jeremiah Robinson,S,1,0,,0,0,100,YNGTOWN ST,0,D09,7,7,0,0,1,2026,0,,26,1,38.8,0,0,4,0,0,0,60,0,0,0,0,YNGTOWN ST,0,0,0,0,26,0,,43.1,26,68.2,0,353,7,20,0,0,118.8,3,0,0,,0,0,0
145470,Keon Handley Jr.,S,2,0,,0,1,50,ALAB A&M,3,D14,64,16,0,0,1,2030,0,65.5,3,1,78.2,0,0,35,0,0,1,60.2,0,0,0,0,ALAB A&M,2,0,0,0,3,14,20,74.7,3,78.3,0,104,64,2,0,0,56.3,29,0,1,,34,0,0
145474,Jason Riles,LB,1,0,,0,0,100,FL A&M,9,D27,67,65,1,3,1,2026,2,86.2,21,1,61.7,0,0,32,0,0,0,77,0,0,0,0,FL A&M,5,0,1,0,21,1,0,71.7,21,78.5,0,164,69,8,0,0,118.8,34,1,6,60,1,0,2
145526,Caleb Lewis,ED,0,0,,0,1,,INCAR WORD,0,D11,5,3,0,9,1,2027,19,19.3,0,0,62.9,0,0,5,1,0,0,51.4,0,1,0,0,INCAR WORD,0,0,1,0,,2,100,57.7,,76.8,0,189,24,0,0,0,0,10,0,0,62.2,0,0,18
145567,Isaiah Potts,DI,0,0,,0,0,,E TENN ST,1,D97,0,0,0,11,1,2027,22,70.8,0,0,,0,0,0,10,1,0,59.7,0,0,0,0,E TENN ST,0,0,0,0,,0,0,57.5,,73.6,0,157,22,0,11,0,0,11,0,0,55.5,0,0,0
145597,Luke Bauer,ED,0,0,,0,1,,MOREHEAD,1,D26,0,0,0,28,1,2026,56,46.7,0,0,71.3,2,0,4,0,0,0,59.2,0,1,0,1,MOREHEAD,1,0,3,0,,0,33.3,65.4,,81.1,0,234,56,0,0,0,0,24,0,1,62,0,0,56
145608,Noel Roach,S,2,0,,0,2,50,ROB MORRIS,5,D10,56,7,0,1,1,2028,0,59.4,8,1,61.1,0,0,31,0,0,0,67.1,3,0,0,0,ROB MORRIS,1,0,0,0,8,8,18.2,63.4,8,77.4,0,277,56,2,0,0,100,24,0,4,59.7,38,1,0
145640,Jalen Burton,CB,8,0,,0,0,62.5,W GEORGIA,4,D01,61,3,0,0,1,2026,0,79.1,29,5,77,0,0,29,0,0,0,67,57,0,1,0,W GEORGIA,2,0,0,0,11,1,0,73.2,5.8,0,0,1177,61,3,0,1,108.9,32,0,0,,0,1,0
145647,Matt Kordas,S,2,0,,1,0,100,INCAR WORD,4,D05,46,17,0,5,1,2026,12,81.8,43,2,77.5,0,0,28,0,0,0,76.5,0,0,0,0,INCAR WORD,1,0,0,0,43,28,0,81,21.5,77.5,0,189,58,25,0,0,158.3,25,0,3,66.5,0,1,12
145825,Daylan Long,LB,2,0,,0,1,100,NORFOLK,6,D01,58,51,0,1,1,2026,0,67.2,30,2,50.5,0,0,30,0,0,0,73.4,0,0,0,0,NORFOLK,3,0,0,0,25,2,10,60.3,15,73.3,0,244,58,4,0,0,118.8,27,1,3,59.8,5,0,0
145909,Jalen Riven,ED,0,0,,0,1,,W ILLINOIS,3,D05,1,1,0,20,1,2026,40,46.3,0,0,60.6,0,0,1,22,2,0,66.3,0,0,0,0,W ILLINOIS,2,0,0,0,,0,25,61.5,,74.6,0,345,41,0,13,0,0,20,0,0,52,0,0,3
145917,Vontrell Chairse,ED,0,0,,0,0,,S ILLINOIS,1,D11,0,0,1,17,1,2026,24,73.8,0,0,,0,0,0,18,0,0,53,0,0,0,0,S ILLINOIS,2,0,1,0,,0,0,53.8,,73.9,0,295,24,0,0,0,0,7,1,0,57.6,0,0,6
146077,Ty Marsh,S,2,1,,0,0,50,NICHOLLS,2,D04,30,17,1,2,1,2026,16,82.4,45,1,81.6,0,1,20,0,0,0,64.2,0,0,0,0,NICHOLLS,1,0,1,0,45,10,0,78.4,45,78.1,0,243,46,3,0,0,56.3,24,0,1,70.3,3,0,16
146080,Dorian Blackwell,CB,2,0,,0,1,50,TXRG,1,D22,33,0,0,0,1,2027,0,42.6,12,1,64.6,0,0,27,0,0,0,68,33,0,0,0,TXRG,1,0,0,0,12,0,50,66.8,12,74.6,0,1445,33,10,0,0,68.8,6,0,0,,0,0,0
146083,Aedan Seiuli,S,1,0,,0,0,100,PORTLAND,0,D46,11,10,0,0,1,2026,0,,64,1,44.3,0,0,6,0,0,0,60.8,0,0,1,0,PORTLAND,0,0,0,0,64,0,,46.4,64,68,0,269,11,67,0,0,158.3,5,0,0,,1,1,0
146093,Zach Lewis,S,4,0,,1,1,75,N DAKOTA,4,D11,49,26,1,3,1,2026,0,59.3,21,3,63.4,0,0,34,0,0,0,74.5,0,0,0,0,N DAKOTA,4,0,1,0,8,9,20,74,7,75.4,0,249,49,0,0,0,86.5,12,0,0,90.1,14,0,0
146181,Jordan Allen,LB,0,0,,0,0,,PORTLAND,0,D05,3,3,1,1,1,2027,0,73.2,0,0,,0,0,0,0,0,0,60.7,0,0,0,0,PORTLAND,1,0,1,0,,0,,80.8,,68.3,0,269,3,0,0,0,0,2,0,0,74.4,0,0,0
146202,Nick Dimitris,DI,0,0,,0,0,,FL A&M,2,D97,0,0,0,25,1,2028,49,72.2,0,0,,0,0,0,3,2,0,64,0,0,0,0,FL A&M,1,0,0,0,,0,0,62.9,,76.8,0,164,49,0,38,0,0,24,0,0,58.6,0,0,6
146234,Seni Tuiaki,DI,0,0,,0,0,,SO UTAH,1,D55,0,0,0,14,1,2027,28,70.1,0,0,,0,0,0,0,5,0,65.2,0,0,0,0,SO UTAH,0,0,0,0,,0,0,63.4,,74.5,0,298,28,0,23,0,0,14,0,0,57.2,0,0,0
146250,Kolbe Cage,S,3,0,,0,3,66.7,NWSTATE,10,D16,61,36,0,0,1,2026,0,51.7,14,2,54.9,0,0,30,0,0,0,63.4,1,0,1,0,NWSTATE,2,0,0,0,9,6,23.1,54.9,7,0,0,257,61,13,0,0,77.1,31,0,0,,18,0,0
146301,Nate Rutchena,LB,6,0,,0,5,100,UC DAVIS,5,D08,61,45,0,3,1,2026,1,29.4,23,6,67.4,1,0,45,0,0,0,52.8,0,0,0,0,UC DAVIS,3,0,1,0,11,15,38.5,65.1,3.8,75.1,0,322,62,38,0,0,82.6,14,0,3,65.7,1,0,1
146356,Jake Parrella,ED,0,0,,0,1,,S ILLINOIS,0,D20,0,0,0,12,1,2028,24,23.1,0,0,,2,0,0,17,0,0,61.8,0,0,0,0,S ILLINOIS,0,0,2,0,,0,100,57.5,,73.4,0,295,24,0,6,0,0,12,0,0,53.6,0,0,1
146402,Christian Burkhalter,TE,0,0,,2,0,,N ALABAMA,2,D17,0,0,1,7,1,2027,17,77,0,0,,1,0,0,1,0,0,86.6,0,0,0,0,N ALABAMA,3,0,2,0,,0,0,90.5,,75.1,0,389,17,0,2,0,0,10,0,0,73.7,0,0,14
146483,Maurice Heims,ED,0,0,,0,0,,IDAHO,0,D05,0,0,0,7,1,2026,14,,0,0,,0,0,0,4,0,0,62.4,0,0,0,0,IDAHO,0,0,0,0,,0,,60.7,,73.1,0,185,14,0,5,0,0,7,0,0,57.1,0,0,5
146513,Jhamell Blenman,CB,4,0,,0,0,25,IDAHO,3,D00,47,3,0,0,1,2026,0,78.2,54,1,74.5,0,1,25,0,0,0,63.6,42,0,0,0,IDAHO,1,0,0,0,54,2,0,74.6,54,75.8,0,185,47,4,0,1,39.6,22,1,0,,0,0,0
146527,Alec Eckert,DI,0,0,,0,0,,MONTANA ST,0,D97,0,0,0,17,1,2026,25,,0,0,,0,0,0,1,0,0,63.1,0,0,0,0,MONTANA ST,0,0,0,0,,0,,58.7,,73.8,0,233,25,0,24,0,0,8,0,0,54.9,0,0,0
146543,Darren Barkins,CB,1,0,,0,0,100,CAL POLY,1,D00,40,3,0,0,1,2026,0,78.2,19,1,58.1,0,0,15,0,0,0,68.7,35,0,0,0,CAL POLY,0,0,0,0,19,1,0,61.7,19,75.3,0,129,40,1,0,0,158.3,25,0,2,,1,1,0
146684,Jadarrius Perkins,CB,7,0,,1,1,85.7,DELWARE ST,7,D05,65,6,0,0,1,2026,1,75.2,58,6,52.9,0,0,43,0,0,0,72.3,59,0,2,0,DELWARE ST,1,0,0,0,23,0,9.1,56.2,9.7,77.1,0,152,66,15,0,0,101.2,23,0,3,,0,0,1
146702,Corey Collier Jr.,S,4,0,,0,1,25,FL A&M,1,D10,38,7,0,0,1,2026,0,42.4,20,1,65.6,0,0,20,0,0,0,58.6,0,0,0,0,FL A&M,0,0,0,0,20,20,50,64.2,20,75.6,0,164,38,19,0,1,47.9,18,0,0,,11,0,0
146858,Tre Phillips,CB,2,0,,0,0,50,ALABAMA ST,1,D21,24,0,0,0,1,2026,0,73.5,6,1,68.5,0,0,14,0,0,0,61.2,24,0,0,0,ALABAMA ST,0,0,0,0,6,0,0,68.9,6,73.8,0,105,24,3,0,1,56.3,10,0,0,,0,0,0
146971,Alan Wright,CB,1,0,,0,0,0,ALABAMA ST,0,D05,13,1,0,0,1,2026,0,,0,0,70.4,0,0,6,0,0,0,54.6,0,0,0,0,ALABAMA ST,0,0,0,0,,12,,66.4,,73.7,0,105,13,0,0,0,39.6,7,0,0,,0,0,0
147034,Jonathan Streeter,CB,1,0,,0,0,0,CAMPBELL,0,D22,6,2,0,1,1,2026,0,,0,0,61.3,0,0,2,0,0,0,60,4,0,0,0,CAMPBELL,0,0,0,0,,0,,45,,67.6,0,131,6,0,0,0,39.6,3,0,0,58.3,0,0,0
147036,Trevor Moffitt,LB,0,0,,0,0,,E TENN ST,0,D45,11,9,0,4,1,2026,7,73.2,0,0,63.1,0,0,4,0,0,0,63.6,0,0,0,0,E TENN ST,0,0,0,0,,2,0,63.5,,75.2,0,157,18,0,0,0,0,10,0,1,56.4,0,0,7
147039,Justin Isler,ED,0,0,,0,0,,GARD-WEBB,1,D19,0,0,0,7,1,2026,14,71.5,0,0,61.2,1,0,0,0,0,0,62.7,0,0,0,0,GARD-WEBB,1,0,1,0,,0,0,67.9,,73.7,0,171,14,0,0,0,0,7,0,0,54.9,0,0,14
147096,Charles Arnold,S,2,0,,0,0,50,SCAR STATE,0,D08,23,7,0,0,1,2026,0,,48,1,88.8,0,1,13,0,0,0,62.1,0,0,0,0,SCAR STATE,0,0,0,0,48,3,,86.7,48,74.2,0,290,23,18,0,0,95.8,10,0,0,,13,1,0
147128,Eldrick Robinson II,LB,3,0,,1,0,66.7,ROB MORRIS,3,D09,47,45,0,5,1,2027,2,79.6,26,2,56.9,1,0,25,0,0,0,62.8,1,0,0,1,ROB MORRIS,0,0,1,0,16,1,0,62.6,13,76,0,277,49,8,0,1,93.8,19,0,2,72,0,0,2
147160,Cejae Ceasar,S,0,0,,0,0,,MCNEESE,0,D19,5,2,0,0,1,2026,0,,0,0,,0,0,0,0,0,0,60,0,0,0,0,MCNEESE,0,0,0,0,,3,,61,,67.2,0,217,5,0,0,0,0,5,0,0,,0,0,0
147165,Cam George,ED,0,0,,0,1,,NWSTATE,0,D00,0,0,1,17,1,2026,44,42.5,0,0,,3,0,0,1,0,0,52.6,0,0,0,1,NWSTATE,1,0,4,0,,0,50,61.2,,77.9,0,257,44,0,1,0,0,27,0,1,71.3,0,0,42
147229,Ronnie Hamrick,S,0,0,,0,0,,LAMAR,4,D06,26,4,0,6,1,2026,7,79.5,0,0,71.1,1,0,14,0,0,0,85.4,0,0,0,0,LAMAR,4,0,1,0,,22,0,79,,78.7,0,204,33,0,0,0,0,13,3,0,59.9,0,0,7
147230,Drake Johnson,CB,3,0,,0,1,33.3,ALABAMA ST,1,D06,24,0,0,0,1,2026,0,37.2,67,1,76.7,0,0,13,0,0,0,61.3,24,0,0,0,ALABAMA ST,0,0,0,0,67,0,50,76.9,67,74.2,0,105,24,43,0,2,121.5,11,0,0,,0,1,0
147267,Sterling Roberts,LB,0,0,,0,2,,PRVIEW A&M,0,D03,19,19,1,3,1,2026,0,24.7,0,0,62.8,1,0,13,0,0,0,50.3,0,0,0,0,PRVIEW A&M,1,0,2,0,,0,100,56.9,,71.4,0,270,19,0,0,0,0,3,0,0,58.7,0,0,0
147283,Chris Davis Jr.,ED,0,0,,0,0,,E TENN ST,0,D00,3,2,0,19,1,2026,41,,0,0,61.5,1,0,4,0,0,0,61.4,0,0,0,0,E TENN ST,0,0,1,0,,1,,60.9,,80.3,0,157,44,0,0,0,0,21,0,0,57.8,0,0,41
147365,Kahleef Jimmison,CB,0,0,,0,1,,NORFOLK,2,D04,32,3,0,0,1,2026,0,59.4,0,0,66.5,0,0,17,0,0,0,62.6,29,0,0,0,NORFOLK,0,0,0,0,,0,25,66.4,,74.3,0,244,32,0,0,0,0,15,0,1,,0,0,0
147404,Carter Hooper,ED,0,0,,0,0,,S DAKOTA,0,D95,1,1,0,7,1,2026,12,,0,0,60,0,0,1,0,0,0,48.7,0,0,0,0,S DAKOTA,0,0,0,0,,0,,46.7,,73.9,0,291,13,0,0,0,0,5,0,0,55.9,0,0,12
147431,Dorian Helm,S,1,0,,0,1,100,BRYANT,3,D02,47,20,0,2,1,2026,3,58.9,5,1,66.9,0,0,27,0,0,0,63.7,0,0,1,0,BRYANT,2,0,0,0,5,7,16.7,68.4,5,76.3,0,124,50,2,0,0,87.5,21,0,2,68.3,20,0,3
147491,Khari Gee,S,3,0,,0,2,100,CHATTNOOGA,0,D00,38,30,0,0,1,2027,0,20.2,56,3,44.6,0,0,23,0,0,0,45.2,0,0,0,0,CHATTNOOGA,0,0,0,0,24,3,100,42.5,18.7,74.8,0,137,38,27,0,0,118.8,15,0,0,,5,0,0
147546,Tim Coutras,S,6,0,,0,0,83.3,TENN TECH,5,D20,72,19,0,0,1,2026,0,84.9,26,5,77.5,0,0,59,0,0,0,64.6,1,0,0,0,TENN TECH,3,0,0,0,16,8,0,76.5,5.2,77.5,0,309,72,14,0,0,84.7,13,0,1,,44,0,0
147579,Thomas Bouda,ED,0,0,,0,0,,CAL POLY,0,D58,0,0,0,24,1,2026,54,,0,0,60,0,0,1,33,0,0,66.7,0,0,0,0,CAL POLY,0,0,0,0,,0,,61.7,,76.7,0,129,54,0,3,0,0,29,0,0,53.2,0,0,18
147580,Mason Barbour,DI,0,0,,0,0,,CAL POLY,1,D96,0,0,0,17,1,2026,33,71.1,0,0,,0,0,0,13,0,0,53.9,0,0,0,0,CAL POLY,1,0,0,0,,0,0,52.4,,75.2,0,129,33,0,10,0,0,16,0,0,54.4,0,0,10
147582,Antonio Vakameilalo,DI,0,0,,0,0,,CAL POLY,0,D95,0,0,0,6,1,2026,13,70.2,0,0,,0,0,0,2,1,0,58.7,0,0,0,0,CAL POLY,0,0,0,0,,0,0,57.5,,72.2,0,129,13,0,10,0,0,7,0,1,57.6,0,0,0
147584,Josh Ngaluafe,DI,0,0,,0,0,,CAL POLY,3,D99,0,0,0,15,1,2026,35,73.2,0,0,60,3,0,0,3,10,0,67.9,0,1,0,0,CAL POLY,2,0,4,0,,0,0,71.4,,75.8,0,129,35,0,22,0,0,20,0,0,68.1,0,0,0
147616,Isiah King,LB,0,0,2026,0,0,,IDAHO,3,D04,25,7,0,13,1,2026,12,78.5,0,0,63.8,0,0,8,0,0,0,85.1,0,3,0,0,IDAHO,3,0,3,0,,18,0,79.1,,79.3,0,185,37,0,0,0,0,16,2,0,68.6,0,0,12
147620,Sam Brown,ED,0,0,,0,0,,IDAHO,2,D93,3,1,0,11,1,2026,20,76.1,0,0,62.1,0,0,3,6,0,0,75,0,1,0,0,IDAHO,2,0,1,0,,2,0,73.8,,75.4,0,185,23,0,5,0,0,9,1,2,62,0,0,9
147664,Kenneth Eiden IV,ED,0,0,,0,0,,MONTANA ST,2,D11,0,0,0,29,1,2026,40,75.4,0,0,,5,0,0,4,0,0,66.6,0,2,0,0,MONTANA ST,2,0,7,0,,0,0,79.4,,77.3,0,233,40,0,8,0,0,11,0,1,78.6,0,0,28
147680,Zack Black,DI,0,0,,0,1,,MONTANA ST,1,D50,0,0,0,8,1,2027,13,22.3,0,0,58.1,0,0,0,1,0,0,61.7,0,0,0,0,MONTANA ST,1,0,0,0,,0,50,52.5,,72,0,233,13,0,12,0,0,5,0,0,55.9,0,0,0
147683,Paul Brott,DI,0,0,,0,1,,MONTANA ST,0,D41,0,0,0,21,1,2026,29,16.2,0,0,,0,0,0,1,1,0,52.9,0,0,0,0,MONTANA ST,0,0,0,0,,0,100,51.5,,74.4,0,233,29,0,27,0,0,8,0,0,54.5,0,0,0
147742,Keenan Guthrie,ED,1,0,,0,1,100,N COLORADO,1,D12,6,5,0,2,1,2026,14,30.6,15,1,52.4,0,0,6,0,0,0,47,0,0,0,0,N COLORADO,0,0,0,0,15,1,33.3,45.2,15,75.1,0,253,20,0,0,0,118.8,12,0,1,58.5,0,0,14
147771,Jayden Brannan,ED,1,0,,0,1,0,PORTLAND,3,D80,0,0,0,21,1,2026,43,45.7,0,0,61,0,0,1,0,0,0,57.8,0,0,0,0,PORTLAND,2,0,0,0,,0,20,58.3,,80,0,269,43,0,0,0,39.6,21,0,1,57,0,0,43
147777,Slade Shufelt,ED,0,0,,0,0,,PORTLAND,1,D96,0,0,0,11,1,2026,15,71.1,0,0,,0,0,0,4,0,0,60.9,0,0,0,0,PORTLAND,1,0,0,0,,0,0,61,,73.4,0,269,15,0,1,0,0,4,1,0,59.8,0,0,10
147808,Kameron Rocha,S,1,0,,0,0,0,SO UTAH,2,D21,27,4,0,0,1,2026,0,80.7,0,0,73.3,0,0,21,0,0,0,60,0,0,0,0,SO UTAH,0,0,0,0,,2,0,72.6,,73.2,0,298,27,0,0,0,39.6,6,0,1,,21,0,0
147824,Mason Brosseau,DI,0,0,,0,0,,S DAK ST,0,D95,0,0,0,2,1,2026,6,,0,0,,0,0,0,0,0,0,55.2,0,0,0,0,S DAK ST,0,0,0,0,,0,,53.6,,69.8,0,292,6,0,6,0,0,4,0,0,60,0,0,0
147844,Joe Tongamoa,DI,0,0,,0,0,,SO UTAH,1,D99,0,0,0,10,1,2026,21,71.9,0,0,59.6,0,0,1,0,8,0,64.2,0,0,0,0,SO UTAH,0,0,0,0,,0,0,60.9,,74.3,0,298,21,0,13,0,0,10,0,2,56.6,0,0,0
147878,Logan Livermon,LB,2,0,,0,1,50,CAMPBELL,2,D43,48,45,0,5,1,2026,2,60.8,8,1,65.6,1,0,21,0,0,0,69.8,0,1,0,0,CAMPBELL,0,0,2,0,8,3,20,65,8,76.3,0,131,50,0,0,0,60.4,24,0,2,45.9,0,0,2
147888,Mike Swain,S,0,0,,0,0,,TOWSON,0,D24,3,1,0,0,1,2026,0,,0,0,,0,0,0,0,0,0,60,0,0,0,0,TOWSON,0,0,0,0,,2,,60.1,,66.7,0,317,3,0,0,0,0,3,0,0,,0,0,0
147919,Laron Davis,DI,0,0,,0,0,,BETH COOK,1,D90,0,0,0,37,1,2026,50,69.7,0,0,,2,0,0,0,5,0,67.7,0,0,0,0,BETH COOK,0,0,2,0,,0,0,64.8,,76.4,0,119,50,0,45,0,0,13,0,0,59.5,0,0,0
147929,Nick Bartalo,LB,0,0,,0,0,,CHARLES SO,5,D07,20,19,0,2,1,2026,0,80.9,0,0,63.9,1,0,5,0,0,0,89.3,0,0,0,0,CHARLES SO,2,0,1,0,,1,0,89.4,,72.4,0,135,20,0,0,0,0,13,1,1,68,0,0,0
147933,Josias Addison,DI,0,0,,0,1,,CHARLES SO,0,D52,0,0,0,5,1,2027,14,,0,0,,1,0,0,7,0,0,63.2,0,0,0,0,CHARLES SO,0,0,1,0,,0,100,62.8,,71.8,0,135,14,0,5,0,0,9,0,0,58.5,0,0,2
147938,Nick Hunter,ED,1,0,,0,0,100,E TENN ST,2,D22,0,0,0,10,1,2026,21,75.2,3,1,52.9,2,0,6,0,0,0,69.4,0,0,1,0,E TENN ST,2,0,2,0,3,0,0,64.7,3,76.8,0,157,21,7,0,0,79.2,5,0,0,65.3,0,0,21
147990,Deontre Morris,S,0,0,,0,1,,ALABAMA ST,0,D01,26,17,0,0,1,2026,0,21.6,0,0,65.3,0,0,14,0,0,0,50.1,0,0,0,0,ALABAMA ST,0,0,0,0,,4,100,59.6,,73.7,0,105,26,0,0,0,0,12,0,0,,5,0,0
148007,Justin Bennin,CB,5,0,,0,2,80,MONMOUTH,5,D03,37,13,0,3,1,2026,3,52.2,43,4,47.9,0,0,20,0,0,0,76.3,0,0,0,0,MONMOUTH,3,0,0,0,16,22,22.2,56.8,10.8,77,0,231,40,23,0,0,102.5,17,0,2,57.9,2,0,3
148015,Nathan Carabatsakis,DI,0,0,,0,2,,ROB MORRIS,1,D00,0,0,0,24,1,2026,44,21.7,0,0,,2,0,0,25,0,0,59.1,0,2,0,0,ROB MORRIS,1,0,4,0,,0,66.7,62.2,,75.5,0,277,44,0,5,0,0,20,1,0,63.2,0,0,14
148017,Shakespeare Louis,S,0,0,,0,1,,SE LA,0,D11,34,7,0,0,1,2026,0,22.3,0,0,65.8,0,0,24,0,0,0,50.5,0,0,0,0,SE LA,0,0,0,0,,2,100,60.5,,73.3,0,294,34,0,0,0,0,10,0,0,,25,0,0
148042,Nick Kessler,ED,0,0,,0,0,,ILL STATE,2,D87,0,0,0,7,1,2026,17,73.5,0,0,,1,0,0,13,0,0,68.3,0,0,0,0,ILL STATE,1,0,1,0,,0,0,69.1,,72.7,0,188,17,0,2,0,0,10,0,0,61.9,0,0,2
148044,Cam Wilson,CB,4,0,,0,0,25,ILL STATE,3,D25,67,11,0,3,1,2026,3,80,8,1,65.9,0,0,32,0,0,0,59.8,36,0,0,0,ILL STATE,0,0,0,0,8,19,0,63.6,8,77.8,0,188,70,0,0,1,39.6,35,0,1,52.7,1,0,3
148051,Reese Edwards,ED,1,0,,0,1,100,ILL STATE,2,D10,3,2,0,27,1,2026,53,47,10,1,41.8,2,0,4,0,0,0,65.6,0,0,0,0,ILL STATE,0,0,2,0,10,1,33.3,55.7,10,81,0,188,56,9,0,0,108.3,25,0,0,56.4,0,0,53
148141,Malachi McNeal,LB,2,0,,0,0,0,N DAKOTA,1,D07,56,50,0,6,1,2026,1,79.2,0,0,59.7,0,0,34,0,0,0,68.7,0,0,0,0,N DAKOTA,0,0,0,0,,6,0,64.4,,77.2,0,249,57,0,0,0,39.6,17,0,3,61.8,0,0,1
148166,Ryan Jones,S,0,0,,0,0,,N DAK ST,1,D27,8,1,0,0,1,2026,0,74.3,0,0,63.8,0,0,5,0,0,0,60,0,0,0,0,N DAK ST,0,0,0,0,,0,0,64.1,,71.1,0,250,8,0,0,0,0,3,0,0,,7,0,0
148170,Logan Kopp,LB,0,0,,0,1,,N DAK ST,5,D43,42,37,0,4,1,2026,2,60.9,0,0,66,0,0,21,0,0,0,72.5,0,2,0,0,N DAK ST,2,0,2,0,,5,12.5,74.7,,75.3,0,250,44,0,0,0,0,19,0,2,73.3,0,0,2
148194,Tucker Langenberg,LB,2,0,,0,1,50,N IOWA,4,D29,56,48,0,4,1,2026,1,59.4,8,1,70.4,0,0,21,0,0,0,61,0,1,0,0,N IOWA,3,0,1,0,8,8,14.3,66.7,8,75.4,0,255,57,-1,0,0,60.4,32,2,2,54.9,0,0,1
148212,Matt Walsh,S,4,0,,0,0,75,S DAKOTA,3,D13,48,6,0,3,1,2026,11,78.8,50,3,48.5,0,0,28,0,0,0,62,1,0,0,0,S DAKOTA,0,0,0,0,29,41,0,51.4,16.7,81.1,0,291,59,28,0,0,116.7,28,0,1,57.4,0,0,11
148213,Nyle Dickel,ED,0,0,,0,0,,S DAKOTA,2,D08,1,1,0,25,1,2028,54,76,0,0,54.8,0,0,1,15,0,0,66.3,0,0,0,0,S DAKOTA,0,0,0,0,,0,0,56.8,,78.2,0,291,55,0,1,0,0,29,0,1,56.9,0,0,38
148244,Aydan Dautermann,CB,2,0,,0,0,50,S DAK ST,1,D13,13,2,0,0,1,2026,2,74.3,14,1,66.4,0,0,7,0,0,0,64,10,0,0,0,S DAK ST,0,0,0,0,14,1,0,68.2,14,73.3,0,292,15,0,0,1,72.9,8,0,0,,0,0,2
148249,Aaron Wolfcale-Holsten,DI,0,0,,0,1,,S DAK ST,1,D55,0,0,0,15,1,2026,39,25.9,0,0,,2,0,0,1,0,0,49.6,0,0,0,0,S DAK ST,1,0,2,0,,0,33.3,54.3,,75,0,292,39,0,38,0,0,24,1,1,66.2,0,0,0
148272,Caden Reeves,DI,0,0,,0,0,,S ILLINOIS,0,D99,0,0,0,7,1,2026,22,70.2,0,0,,0,0,0,0,1,0,55.4,0,0,0,0,S ILLINOIS,0,0,0,0,,0,0,55,,73.8,0,295,22,0,21,0,0,15,0,1,57.4,0,0,0
148285,Trace Brown,DI,0,0,,0,0,,W ILLINOIS,0,D95,0,0,0,16,1,2026,30,70.1,0,0,,0,0,0,0,26,0,69.6,0,0,0,0,W ILLINOIS,0,0,0,0,,0,0,66.9,,76.4,0,345,30,0,4,0,0,14,0,1,57.2,0,0,0
148325,Parris Lowery,DI,0,0,,0,0,,ELON,1,D04,0,0,0,31,1,2026,58,71.9,0,0,,0,0,0,2,1,0,71.5,0,0,0,0,ELON,1,0,0,0,,0,0,64.8,,76.4,0,162,58,0,55,0,0,27,1,1,53.2,0,0,0
148329,Jake Louro,DI,0,0,,0,0,,ELON,2,D55,0,0,0,21,1,2026,44,72.2,0,0,,0,0,0,0,12,0,65.2,0,0,0,0,ELON,2,0,0,0,,0,0,64.3,,77.1,0,162,44,0,32,0,0,23,2,0,59,0,0,0
148335,Donovan Everette,ED,0,0,,0,0,,MERCYHURST,0,D05,0,0,0,7,1,2026,20,,0,0,,0,0,0,10,0,0,53,0,0,0,0,MERCYHURST,0,0,0,0,,0,,51.4,,73.6,0,977,20,0,2,0,0,13,0,0,55,0,0,8
148345,Jonathan Robinson,CB,2,0,,0,0,0,GARD-WEBB,0,D02,23,0,0,0,1,2026,0,73.5,0,0,91.6,0,1,13,0,0,0,64.2,23,0,0,0,GARD-WEBB,0,0,0,0,,0,0,91.6,,73.6,0,171,23,0,0,1,0,10,0,1,,0,0,0
148385,Latrell Couchman,LB,2,0,,0,0,100,MAINE,1,D07,31,25,1,4,1,2026,0,79.6,3,2,71.4,0,0,14,0,0,0,71.2,0,0,0,0,MAINE,2,0,1,0,3,6,0,75.5,1.5,73.3,0,212,31,6,0,0,79.2,13,0,1,63.9,0,0,0
148394,Tim Bonagura,DI,0,0,,0,0,,NEW HAMP,2,D93,0,0,0,18,1,2026,35,73.5,0,0,,0,0,0,0,21,0,49,0,0,0,0,NEW HAMP,1,0,0,0,,0,0,49.5,,76.8,0,240,35,0,14,0,0,17,0,2,55.7,0,0,0
148429,Bryson Parker,S,1,0,,0,1,0,STNY BROOK,0,D01,40,21,0,0,1,2026,0,21.8,0,0,56.2,0,0,31,0,0,0,46.9,0,0,0,0,STNY BROOK,0,0,0,0,,8,100,52.7,,76.1,0,303,40,0,0,0,39.6,9,0,0,,11,0,0
148432,Franco Milano,ED,0,0,,0,0,,STNY BROOK,0,D96,0,0,0,21,1,2026,26,,0,0,,0,0,0,5,0,0,61.8,0,1,0,0,STNY BROOK,0,0,1,0,,0,,59.7,,74.5,0,303,26,0,12,0,0,5,0,0,57.8,0,0,9
148435,Jaidan Jackson,DI,0,0,,0,0,,STNY BROOK,0,D04,0,0,0,3,1,2026,5,,0,0,,0,0,0,0,3,0,60.2,0,0,0,0,STNY BROOK,0,0,0,0,,0,,59.5,,70,0,303,5,0,2,0,0,2,0,0,58.5,0,0,0
148443,Rodney Faulk,ED,0,0,,0,0,,STNY BROOK,2,D14,0,0,0,22,1,2026,32,74.5,0,0,60,2,0,0,8,0,0,71,0,1,0,0,STNY BROOK,2,0,3,0,,0,0,65.2,,75.3,0,303,32,0,7,0,0,10,1,1,56.4,0,0,17
148471,Xavier Terry,S,1,0,,0,3,100,TOWSON,7,D00,89,70,0,0,1,2026,2,50.5,2,1,65.9,0,0,34,0,0,0,67.6,0,0,0,0,TOWSON,3,0,0,0,2,10,20,67.6,2,77.4,0,317,91,0,0,0,79.2,57,0,5,,9,0,2
148476,Shane Hartzell,LB,0,0,,0,1,,VILLANOVA,9,D31,59,57,1,14,1,2026,1,74.3,0,0,64.9,2,0,21,0,0,0,91.5,0,1,0,1,VILLANOVA,8,0,4,0,,2,10,91,,77.8,0,334,60,0,0,0,0,25,1,0,87.4,0,0,1
148478,Christian Sapp,S,0,0,,0,0,,VILLANOVA,0,D22,9,1,0,0,1,2026,0,22.2,0,0,51.8,0,0,6,0,0,0,60,2,0,0,0,VILLANOVA,0,0,0,0,,0,,53.1,,70.5,0,334,9,0,0,0,0,3,0,0,,6,0,0
148488,Ethan Yip,CB,1,0,,0,0,100,WM & MARY,1,D14,2,0,0,0,1,2026,0,73.5,20,1,45.6,0,0,2,0,0,0,,2,0,0,0,WM & MARY,0,0,0,0,20,0,0,41.9,20,67.2,0,348,2,0,0,0,118.8,0,0,0,,0,0,0
148494,David Roulley,S,1,0,,0,1,100,WM & MARY,4,D10,58,9,0,0,1,2027,1,71.6,19,1,69.9,0,0,26,0,0,0,65.8,0,0,0,0,WM & MARY,1,0,0,0,19,13,10,69.3,19,77.9,0,348,59,4,0,0,118.8,33,0,5,,36,0,1
148495,Jalen Jones,CB,0,0,,0,0,,WM & MARY,3,D02,62,14,0,0,1,2026,0,77.7,0,0,69.2,0,0,28,0,0,0,61.9,46,0,0,0,WM & MARY,0,0,0,0,,2,0,68.5,,75.5,0,348,62,0,0,0,0,34,0,0,,0,0,0
148521,Eric Dukes,ED,0,0,,0,1,,ALBANY,0,D13,0,0,0,2,1,2026,5,23.8,0,0,,0,0,0,0,0,0,53.7,0,0,0,0,ALBANY,0,0,0,0,,0,100,56.3,,70.3,0,106,5,0,0,0,0,3,0,0,66.4,0,0,5
148529,Garrett Carter,LB,0,0,,0,1,,MARIST,1,D08,13,10,0,0,1,2026,0,27.3,0,0,62.3,0,0,5,0,0,0,51.1,0,0,0,0,MARIST,0,0,0,0,,3,50,55.5,,69.9,0,213,13,0,0,0,0,8,0,0,,0,0,0
148531,Michael Otty,DI,0,0,,0,0,,BRYANT,1,D09,1,1,0,25,1,2026,40,73.8,0,0,,1,0,0,14,3,0,82.6,0,0,0,0,BRYANT,1,0,1,0,,0,0,79.5,,76,0,124,41,0,23,0,0,16,0,2,64.6,0,0,0
148543,Sean Hunt,S,0,0,,0,0,,BRYANT,0,D20,3,0,0,0,1,2026,0,,0,0,61.8,0,0,3,0,0,0,,0,0,0,0,BRYANT,0,0,0,0,,2,,62.1,,67.7,0,124,3,0,0,0,0,0,0,0,,1,0,0
148554,Antonio Epps,S,2,0,,0,0,100,DUQUESNE,7,D05,58,31,0,0,1,2026,0,85,22,2,48.6,0,0,20,0,0,0,36.9,0,0,0,0,DUQUESNE,2,0,0,0,16,4,0,41.7,11,75.2,0,155,58,0,0,0,152.1,38,0,0,,23,1,0
148682,Uriel Richardson,CB,0,0,,0,0,,VALPO,1,D07,16,0,0,0,1,2026,0,74.2,0,0,65.6,0,0,9,0,0,0,60,16,0,0,0,VALPO,1,0,0,0,,0,0,66.2,,72.5,0,332,16,0,0,0,0,7,0,0,,0,0,0
148728,Justin Townsend,ED,0,0,,0,0,,COLUMBIA,1,D36,0,0,0,15,1,2027,41,71.3,0,0,,0,0,0,17,0,0,65.9,0,0,0,0,COLUMBIA,0,0,0,0,,0,0,63.6,,76.3,0,145,41,0,11,0,0,26,0,0,55.8,0,0,13
148750,Anthony Chideme-Alfaro,CB,2,0,,0,0,100,N DAK ST,2,D24,14,2,1,1,1,2026,1,81.2,37,2,46.3,0,0,7,0,0,0,74.6,12,0,2,0,N DAK ST,1,1,1,0,28,0,0,58.7,18.5,72.4,0,250,15,13,0,0,118.8,7,0,3,70.4,0,0,1
148779,Max Van Fleet,DI,0,0,,0,0,,CORNELL,1,D95,0,0,0,33,1,2027,51,72.4,0,0,,1,0,0,11,0,0,78.4,0,0,1,0,CORNELL,1,0,1,0,,0,0,65.3,,0,0,147,51,0,40,0,0,18,0,1,56.4,0,0,0
148781,Michael O'Keefe,CB,7,0,,0,0,85.7,CORNELL,8,D26,71,7,0,0,1,2026,0,83,153,6,51.3,0,0,47,0,0,0,57.7,64,0,1,0,CORNELL,2,1,0,0,45,0,0,51.9,25.5,76.6,0,147,71,19,0,1,158.3,24,0,0,,0,1,0
148786,Wilson Selzer,LB,0,0,,0,0,,CORNELL,1,D40,17,16,0,0,1,2026,0,73.1,0,0,64.3,0,0,12,0,0,0,61.6,0,0,0,0,CORNELL,0,0,0,0,,1,0,65.3,,68.3,0,147,17,0,0,0,0,5,0,0,,0,0,0
148789,Damon Barnes,S,3,0,,0,3,66.7,CORNELL,6,D09,82,14,0,0,1,2026,0,52,10,2,63.8,0,0,54,0,0,0,58.5,0,0,0,0,CORNELL,2,0,0,0,10,0,23.1,62.8,5,77.9,0,147,82,19,0,0,71.5,28,0,4,,68,0,0
148804,Luke Banbury,LB,4,0,,0,0,75,WM & MARY,9,D04,62,59,0,2,1,2026,0,83.8,46,3,45.3,0,0,26,0,0,0,69.3,0,0,0,0,WM & MARY,2,0,0,0,21,3,0,57.2,15.3,74.6,0,348,62,9,0,0,112.5,34,0,1,57.9,0,0,0
148832,Cam Maddox,S,0,0,,0,0,,NC A&T,2,D02,7,5,0,0,1,2026,0,77.4,0,0,60.7,0,0,2,0,0,0,75.1,0,0,0,0,NC A&T,2,0,0,0,,2,0,74.9,,68.1,0,246,7,0,0,0,0,5,0,0,,0,0,0
148842,Derrell Porter,DI,0,0,,0,0,,UC DAVIS,2,D35,0,0,0,31,1,2026,37,72.4,0,0,61.7,0,0,0,1,13,0,73.4,0,1,0,0,UC DAVIS,2,0,1,0,,0,0,71.1,,76.4,0,322,37,0,23,0,0,6,1,0,59.9,0,0,0
148877,Kaleb Moody,S,2,0,,0,0,50,VILLANOVA,1,D08,32,23,0,0,1,2026,1,77.8,8,1,58,0,0,18,0,0,0,71.1,1,0,0,0,VILLANOVA,0,0,0,0,8,3,0,63.7,8,75.2,0,334,33,4,0,0,100,15,0,1,,5,1,1
148899,Jacob Psyk,ED,0,0,,0,0,,UC DAVIS,1,D94,0,0,1,39,1,2026,48,74.8,0,0,,2,0,0,3,0,1,79.9,0,0,0,0,UC DAVIS,2,0,3,0,,0,0,69.4,,79.6,0,322,48,0,0,0,0,9,1,0,60.1,0,0,45
148951,Julian Talley,CB,1,0,,0,0,0,VILLANOVA,0,D07,8,0,0,0,1,2026,0,,0,0,53.4,0,0,5,0,0,0,60,1,0,0,0,VILLANOVA,0,0,0,0,,7,,53.4,,72,0,334,8,0,0,0,39.6,3,0,0,,0,0,0
148967,Bryce Hall,DI,0,0,,0,0,,HOWARD,2,D99,0,0,0,11,1,2026,22,71.9,0,0,,0,0,0,0,2,0,68.6,0,0,1,0,HOWARD,2,0,0,0,,0,0,60.6,,0,0,184,22,0,20,0,0,11,0,0,61.7,0,0,0
149123,Jaheim Ward,S,0,0,,0,0,,E KENTUCKY,3,D09,62,8,0,2,1,2026,8,84.8,0,0,74.7,0,0,31,0,0,0,64.5,1,0,0,0,E KENTUCKY,1,0,0,0,,13,0,72.1,,80.2,0,159,70,0,0,0,0,37,0,3,58.2,40,0,8
149130,Brodie Williams,S,1,1,,0,2,100,NEWHVN,4,D04,75,43,0,2,1,2027,0,53.8,-1,1,75,0,1,31,0,0,0,69.5,0,1,0,0,NEWHVN,3,0,1,0,-1,10,25,76.3,-1,76,0,1013,75,0,0,0,39.6,42,2,2,74.1,22,0,0
149165,Kinstin Reaves,DI,0,0,,0,1,,AUSTINPEAY,0,D03,0,0,0,26,1,2026,34,27.8,0,0,,2,0,0,4,1,0,57.1,0,0,0,0,AUSTINPEAY,0,0,2,0,,0,50,50,,74.7,0,116,34,0,28,0,0,8,0,1,49.5,0,0,1
149195,Caleb Webb,DI,0,0,,0,1,,SE MO ST,1,D97,0,0,0,9,1,2026,26,32.1,0,0,,2,0,0,1,19,0,67.1,0,0,0,0,SE MO ST,1,0,2,0,,0,33.3,72.1,,76.7,0,293,26,0,6,0,0,17,1,1,71.2,0,0,0
149201,Sam Keeper,DI,0,0,,0,0,,SE MO ST,3,D95,0,0,0,11,1,2026,24,74.8,0,0,,0,0,0,8,4,0,60.7,0,0,0,0,SE MO ST,1,0,0,0,,0,0,59.1,,74.3,0,293,24,0,12,0,0,13,0,0,56.3,0,0,0
149217,Trey Lubin,CB,3,0,,0,1,33.3,RHODE ISLD,2,D03,84,1,0,0,1,2027,0,38.3,10,1,41.4,0,0,47,0,0,0,70,83,0,3,0,RHODE ISLD,1,0,0,0,10,0,33.3,45.9,10,78.2,0,274,84,0,0,0,43.8,37,1,0,,0,0,0
149225,Aaron Swafford,LB,7,0,,0,1,71.4,TENN TECH,9,D19,61,53,0,5,1,2026,3,75.2,31,5,69.7,1,0,44,0,0,0,56.6,0,0,1,0,TENN TECH,2,0,1,0,11,8,9.1,62.7,6.2,0,0,309,64,32,0,0,80.1,15,1,1,54.7,0,0,3
149276,Mason Taylor,S,0,0,,0,1,,NEWHVN,0,D08,57,29,0,2,1,2027,0,28.6,0,0,71.8,0,0,23,0,0,0,55.3,0,0,0,0,NEWHVN,0,0,0,0,,11,50,66.4,,75.3,0,1013,57,0,0,0,0,32,0,1,58.4,17,0,0
149297,Brody Hock,LB,0,0,,0,0,,MONMOUTH,0,D33,1,1,0,0,1,2026,0,,0,0,60,0,0,1,0,0,0,,0,0,0,0,MONMOUTH,0,0,0,0,,0,,60.3,,62.1,0,231,1,0,0,0,0,0,0,0,,0,0,0
149301,Elijah Hamilton,LB,0,0,,0,0,,COLGATE,0,D55,1,1,0,0,1,2028,0,,0,0,,0,0,0,0,0,0,60,0,0,0,0,COLGATE,0,0,0,0,,0,,60,,62.1,0,142,1,0,0,0,0,1,0,0,,0,0,0
149308,Jack Low,ED,0,0,,0,0,,FORDHAM,2,D42,0,0,0,15,1,2026,36,77.8,0,0,60,0,0,0,10,0,0,62,0,0,1,0,FORDHAM,0,0,0,0,,0,0,54,,0,0,168,36,0,0,0,0,21,0,4,53.4,0,0,26
149310,James Conway,LB,1,0,,0,2,0,FORDHAM,10,D48,68,68,0,8,1,2026,3,61.3,0,0,64.4,0,0,23,0,0,0,71.1,0,0,0,0,FORDHAM,4,0,0,0,,0,12.5,70.7,,75.9,0,168,71,0,0,0,39.6,40,0,4,62.2,0,0,3
149356,Maximus Villar,ED,0,0,,0,0,,BRYANT,1,D50,0,0,0,7,1,2026,16,70.8,0,0,,0,0,0,5,0,0,57.9,0,0,0,0,BRYANT,0,0,0,0,,0,0,55.8,,73.8,0,124,16,0,0,0,0,9,0,0,55.5,0,0,11
149360,De'Andre Wilborn,ED,0,0,,0,1,,VALPO,3,D11,7,6,0,22,1,2026,49,58.3,0,0,62.7,2,0,7,0,0,0,71.3,0,1,0,0,VALPO,3,0,3,0,,1,12.5,69.3,,81.4,0,332,56,0,0,0,0,27,2,4,60.1,0,0,49
149420,Joseph Townsend,ED,0,0,,0,1,,HOLY CROSS,1,D45,0,0,0,30,1,2028,52,29.5,0,0,47.8,1,0,3,0,0,0,64.4,0,1,0,0,HOLY CROSS,1,0,2,0,,0,33.3,55.6,,79.3,0,181,52,0,0,0,0,19,0,1,55.3,0,0,52
149427,Joshua Williams,DI,0,0,,0,0,,HOLY CROSS,0,D95,0,0,0,4,1,2028,6,,0,0,,0,0,0,0,0,0,60.4,0,0,0,0,HOLY CROSS,0,0,0,0,,0,,60.3,,69.5,0,181,6,0,6,0,0,2,0,0,58.6,0,0,0
149455,Kellen Madison,CB,2,0,,0,1,100,STETSON,2,D03,30,1,0,0,1,2026,0,19.3,77,2,43.4,0,0,14,0,0,0,57,28,0,0,0,STETSON,1,0,0,0,63,1,33.3,44.3,38.5,74.6,0,302,30,17,0,0,158.3,16,0,0,,0,1,0
149456,Evan Niemi,DI,0,0,,0,0,,SAN DIEGO,2,D92,0,0,0,6,1,2026,13,73.5,0,0,,1,0,0,11,0,0,68.7,0,0,0,0,SAN DIEGO,1,0,1,0,,0,0,75.1,,71.1,0,283,13,0,1,0,0,7,0,0,70,0,0,1
149489,Dallas Brown,ED,0,0,,0,1,,DAVIDSON,2,D42,0,0,0,25,1,2026,38,52.8,0,0,56.2,1,0,1,4,0,0,64.8,0,0,0,0,DAVIDSON,2,0,1,0,,0,25,61.8,,77.9,0,149,38,0,0,0,0,12,0,1,61.2,0,0,34
149563,Riley Dravet,S,0,0,,0,0,,WAGNER,0,D09,1,0,0,0,1,2026,0,,0,0,,0,0,0,0,0,0,60,0,0,0,0,WAGNER,0,0,0,0,,0,,60.1,,73.9,0,338,1,0,0,0,0,1,0,0,,0,0,0
149572,Sebastian Adamski,LB,7,0,,0,1,85.7,SO UTAH,9,D52,66,65,0,1,1,2026,0,71.3,63,6,54.6,0,0,37,0,0,0,76.7,0,0,0,0,SO UTAH,3,0,0,0,14,1,7.1,64.8,10.5,75.6,0,298,66,48,0,0,104.2,28,0,4,59.5,0,0,0
149573,Tom Shefte,ED,0,0,,0,0,,DRAKE,1,D54,0,0,0,8,1,2026,13,73.9,0,0,,0,0,0,1,0,0,67.4,0,0,0,0,DRAKE,1,0,0,0,,0,0,63.3,,73.7,0,153,13,0,0,0,0,5,0,1,55,0,0,12
149630,Trey Sena-Ortega,S,2,0,,0,1,100,SAN DIEGO,2,D21,40,6,0,0,1,2026,0,53.7,8,2,42.5,0,0,24,0,0,0,55,1,0,0,0,SAN DIEGO,0,0,0,0,5,8,20,44.5,4,75.8,0,283,40,14,0,0,83.3,16,0,2,,25,0,0
149633,Jerry Riggins,ED,0,0,,0,0,,ROB MORRIS,0,D44,13,8,0,3,1,2026,4,73,0,0,63.7,0,0,7,0,0,0,67.8,1,0,0,0,ROB MORRIS,0,0,0,0,,4,0,67,,72.6,0,277,17,0,0,0,0,7,0,1,57.1,0,0,4
149640,Malachi Cooper,DI,0,0,,0,0,,SAN DIEGO,0,D00,0,0,2,23,1,2026,43,73.9,0,0,60,0,0,0,30,0,0,62.9,0,1,0,0,SAN DIEGO,2,0,3,0,,0,,76.1,,75.1,0,283,43,0,4,0,0,20,0,0,73.9,0,0,9
149686,Austin Trimble,CB,3,0,,0,1,66.7,TXRG,0,D16,31,0,0,0,1,2026,0,41.8,17,2,59.6,0,0,19,0,0,0,61.7,31,0,0,0,TXRG,0,0,0,0,11,0,50,60.3,8.5,74.9,0,1445,31,7,0,0,81.3,12,0,1,,0,0,0
149723,Rhyan Cheatham,S,0,0,,0,0,,STETSON,0,D01,4,3,0,0,1,2026,0,,0,0,61.6,0,0,3,0,0,0,60,0,0,0,0,STETSON,0,0,0,0,,0,,61.7,,67.2,0,302,4,0,0,0,0,1,0,0,,1,0,0
149744,Mason Kaplan,LB,4,0,,0,3,50,ILL STATE,1,D14,42,38,0,6,1,2027,3,28.6,27,2,63.8,1,0,16,0,0,0,60.4,0,0,0,0,ILL STATE,1,0,1,0,20,1,75,63.2,13.5,74.9,0,188,45,7,0,2,71.9,23,0,0,61.2,3,0,3
149808,Noah Friedt,DI,0,0,,0,0,,S ILLINOIS,1,D98,0,0,0,8,1,2026,12,70.2,0,0,,0,0,0,0,4,0,69.6,0,0,0,0,S ILLINOIS,1,0,0,0,,0,0,67.6,,72.8,0,295,12,0,8,0,0,4,1,0,56.7,0,0,0
149810,Nick Hand,S,1,0,,0,0,100,STTHOM,1,D29,35,16,0,0,1,2026,0,78.9,15,1,64.7,0,0,16,0,0,0,75.3,0,0,0,0,STTHOM,0,0,0,0,15,7,0,70.5,15,75,0,1129,35,19,0,0,118.8,19,0,1,,12,0,0
149819,Caden Nelson,LB,3,0,,0,0,66.7,STTHOM,4,D31,27,27,0,8,1,2026,0,79.5,9,2,61.3,1,0,4,0,0,0,80,0,0,0,0,STTHOM,4,0,1,0,7,0,0,73.9,4.5,72.5,0,1129,27,12,0,0,70.1,15,1,0,53.9,0,0,0
149825,Branden Smith,CB,3,0,,0,0,66.7,STTHOM,2,D13,22,7,0,1,1,2026,1,78.8,16,2,60.1,0,0,12,0,0,0,68.9,15,0,0,0,STTHOM,0,0,0,0,10,0,0,63.5,8,72.1,0,1129,23,1,0,0,79.9,10,0,1,59.2,0,0,1
149860,Je'Mazin Roberts,LB,1,0,,0,0,0,CITADEL,4,D05,36,36,0,1,1,2027,1,80.5,0,0,71.3,0,0,13,0,0,0,74.1,0,0,0,0,CITADEL,2,0,0,0,,0,0,77.3,,74.7,0,139,37,0,0,0,39.6,23,0,1,59.4,0,0,1
149861,Jordan Marks,DI,0,0,,0,0,,CITADEL,2,D76,0,0,0,13,1,2026,40,72.4,0,0,59.2,0,0,1,0,25,0,65.9,0,0,0,0,CITADEL,2,0,0,0,,0,0,64.9,,76.8,0,139,40,0,15,0,0,26,0,0,62.2,0,0,0
149862,Phillip Collins,DI,0,0,,0,0,,CITADEL,0,D96,0,0,0,5,1,2026,17,,0,0,,0,0,0,0,6,0,76.4,0,0,0,0,CITADEL,0,0,0,0,,0,,75.7,,73.7,0,139,17,0,11,0,0,12,0,0,57.9,0,0,0
149864,Chris Iverson,DI,0,0,,0,0,,CITADEL,3,D93,1,1,0,9,1,2026,32,73.6,0,0,59.2,0,0,1,0,2,0,71.2,0,0,0,0,CITADEL,2,0,0,0,,0,0,67.3,,75,0,139,33,0,30,0,0,23,1,0,56.5,0,0,0
149880,Davion Hood,ED,0,0,,0,0,,AUSTINPEAY,0,D17,2,0,1,28,1,2026,53,75.7,0,0,61.7,2,0,3,2,0,0,63.3,2,0,1,0,AUSTINPEAY,1,1,3,0,,0,0,58.7,,0,0,116,55,0,0,0,0,24,0,1,59.8,0,0,51
149920,Luke McLaughlin,LB,2,0,,0,1,50,FURMAN,2,D23,55,52,0,9,1,2026,2,53.9,8,1,54.8,0,0,14,0,0,0,75.7,0,0,0,0,FURMAN,2,0,0,0,8,3,16.7,68.8,8,75.5,0,170,57,11,0,0,60.4,34,0,3,60.2,0,0,2
150041,Camden Gray,LB,0,0,,0,0,,CITADEL,3,D40,19,19,0,2,1,2026,1,79,0,0,61,0,0,3,0,0,0,88.2,0,0,0,0,CITADEL,2,0,0,0,,0,0,83.9,,72.5,0,139,20,0,0,0,0,15,1,1,56.6,0,0,1
150048,Seth Foster,DI,0,0,,0,0,,WOFFORD,2,D52,3,3,1,27,1,2026,47,74.1,0,0,65.7,0,0,0,0,27,0,66.3,0,0,0,0,WOFFORD,1,0,1,0,,0,0,68,,78.4,0,350,50,0,20,0,0,23,1,1,59.4,0,0,0
150051,Brandon Maina,DI,0,0,,0,0,,WOFFORD,2,D93,3,3,0,28,1,2026,51,73.6,0,0,,1,0,0,12,1,0,72.3,0,0,2,0,WOFFORD,2,0,1,0,,0,0,63.4,,0,0,350,54,0,35,0,0,26,1,0,65.2,0,0,3
150066,Rayden Campbell,S,0,0,,0,0,,STF AUSTIN,0,D15,13,2,0,0,1,2026,0,,0,0,74.3,0,0,9,0,0,0,60,0,0,0,0,STF AUSTIN,0,0,0,0,,1,,73.1,,72.3,0,301,13,0,0,1,0,4,0,0,,10,0,0
150068,Josh Gonzalez,DI,0,0,,0,0,,INCAR WORD,0,D99,1,0,0,10,1,2027,20,,0,0,,0,0,0,0,3,0,63.7,0,0,0,0,INCAR WORD,0,0,0,0,,0,,65.8,,73.2,0,189,21,0,17,0,0,11,0,0,63.6,0,0,0
150081,Twillie Lovett,CB,6,0,,0,0,0,ALABAMA ST,2,D04,32,1,0,0,1,2026,0,76.6,0,0,85.1,0,0,20,0,0,0,67.6,31,0,0,0,ALABAMA ST,0,0,0,0,,0,0,85,,74.3,0,105,32,0,0,3,39.6,12,0,0,,0,0,0
150095,Edward Gilds,S,0,0,,0,0,,LAMAR,2,D19,9,6,0,0,1,2027,0,78.7,0,0,61.7,0,0,3,0,0,0,65.2,0,0,0,0,LAMAR,0,0,0,0,,1,0,66.2,,70.7,0,204,9,0,0,0,0,6,0,0,,2,0,0
150110,Tyler Morton,S,3,0,,0,0,33.3,INCAR WORD,3,D06,32,22,0,0,1,2026,0,81.6,23,1,46.4,0,0,16,0,0,0,67.8,0,0,0,0,INCAR WORD,0,0,0,0,23,6,0,52.8,23,72.9,0,189,32,5,0,0,61.8,16,0,1,,3,0,0
150112,Jake Dalmado,LB,2,0,,0,4,100,NICHOLLS,5,D07,29,28,0,3,1,2028,1,39.7,11,2,67.4,1,0,11,0,0,0,56.4,0,1,0,0,NICHOLLS,4,0,2,0,6,1,40,61.1,5.5,72.6,0,243,30,14,0,0,89.6,16,0,1,55.6,0,0,1
150158,Markel Linzer,S,1,0,,0,0,100,GRAMBLING,6,D03,62,11,0,0,1,2026,2,84.5,29,1,52.5,0,0,31,0,0,0,62.8,0,0,1,0,GRAMBLING,1,0,0,0,29,22,0,55.7,29,78.6,0,177,64,7,0,0,118.8,33,0,0,,29,0,2
150163,Bryce Cage,ED,0,0,,0,0,,GRAMBLING,0,D04,0,0,0,29,1,2026,60,74.5,0,0,61.3,2,0,1,27,0,0,58,0,0,0,0,GRAMBLING,0,0,2,0,,0,0,59.1,,77.8,0,177,60,0,10,0,0,30,0,2,58,0,0,23
150190,Bradley Clark,DI,0,0,,0,0,,CENT ARK,3,D98,1,1,0,30,1,2026,58,73.4,0,0,,0,0,0,0,10,0,80.6,0,0,0,0,CENT ARK,3,0,0,0,,0,0,78.3,,77,0,132,59,0,48,0,0,29,0,0,64.6,0,0,0
150200,Sean Smith,CB,5,0,,0,0,40,CENT ARK,3,D26,52,2,0,0,1,2026,0,78.2,28,2,57,0,0,28,0,0,0,57.7,49,0,0,0,CENT ARK,1,0,0,0,21,0,0,56.9,14,76.2,0,132,52,1,0,0,58.8,24,0,0,,1,0,0
150226,Jagger Williams,S,1,0,,0,0,100,S ILLINOIS,2,D03,56,17,0,0,1,2026,1,81.1,8,1,77,0,0,36,0,0,0,70.2,1,0,0,0,S ILLINOIS,2,0,0,0,8,13,0,77.3,8,77.1,0,295,57,2,0,0,100,21,0,1,,25,0,1
150274,John Mathis,DI,0,0,,0,0,,INCAR WORD,1,D10,0,0,0,21,1,2026,36,70.8,0,0,,0,0,0,7,2,0,60.6,0,1,0,0,INCAR WORD,1,0,1,0,,0,0,64.3,,75.6,0,189,36,0,27,0,0,15,0,0,65.1,0,0,0
150326,Mitchell Etheridge III,ED,0,0,,0,0,,NC A&T,1,D37,0,0,0,34,1,2027,48,73.8,0,0,,0,0,0,10,0,0,69.9,0,0,0,0,NC A&T,1,0,0,0,,0,0,62.9,,77.3,0,246,48,0,5,0,0,14,0,1,55.8,0,0,33
150343,James Collins II,DI,0,0,,0,0,,E ILLINOIS,1,D55,1,1,0,22,1,2027,33,70.2,0,0,,1,0,0,4,1,0,74.5,0,0,0,0,E ILLINOIS,1,0,1,0,,0,0,68.7,,75,0,158,34,0,26,0,0,12,1,0,57.8,0,0,2
150364,Jaden Harding,CB,1,0,,0,0,100,LAMAR,0,D22,4,1,0,0,1,2026,0,,78,1,29.2,0,0,3,0,0,0,60,3,0,0,0,LAMAR,0,0,0,0,78,0,,27.2,78,66.9,0,204,4,53,0,0,158.3,1,0,0,,0,1,0
150366,AJ Owens,LB,1,0,,0,0,100,TARLETON,2,D16,25,22,0,3,1,2026,3,80.3,2,1,71.6,0,0,9,0,0,0,75.1,0,0,0,0,TARLETON,2,0,0,0,2,3,0,79.1,2,74,0,401,28,7,0,0,79.2,16,0,3,65,0,0,3
150379,Zac Yassine,DI,0,0,,0,2,,SOUTHERN U,4,D91,0,0,0,32,1,2026,67,36.7,0,0,61.7,0,0,0,22,2,0,68.9,0,0,0,0,SOUTHERN U,4,0,0,0,,0,33.3,67.7,,76.5,0,297,67,0,43,0,0,35,2,0,53.8,0,0,0
150398,Gio Hales,LB,0,0,,0,0,,TENN TECH,0,D48,0,0,0,0,1,2027,1,,0,0,,0,0,0,0,0,0,60,0,0,0,0,TENN TECH,0,0,0,0,,0,,61.3,,65.6,0,309,1,0,0,0,0,1,0,0,,0,0,1
150415,Terique Miles,LB,4,0,,0,0,75,NORFOLK,2,D09,48,48,0,2,1,2026,1,79.5,45,3,29.7,1,0,20,0,0,0,63.1,0,1,0,0,NORFOLK,0,0,2,0,28,0,0,44.1,15,72.1,0,244,49,22,0,0,151,27,0,2,65.7,0,1,1
150425,Jayden Smith,CB,4,0,,0,0,50,NORFOLK,2,D03,64,19,0,0,1,2026,0,79.4,50,2,49.5,0,0,32,0,0,0,67.3,0,0,0,0,NORFOLK,0,0,0,0,35,30,0,53.8,25,79.4,0,244,64,14,0,0,95.8,32,0,0,,15,0,0
150456,Isaiah Lawson,LB,1,0,,0,2,100,NC CENT,10,D41,66,59,0,0,1,2027,1,64.1,9,1,71.8,1,0,21,0,0,0,68.7,0,0,0,0,NC CENT,6,0,1,0,9,5,14.3,72.5,9,72.2,0,247,67,2,0,0,104.2,46,0,2,,1,0,1
150459,Makai McCall,ED,0,0,,0,0,,NC CENT,1,D03,3,3,0,7,1,2026,19,71.5,0,0,61.6,1,0,2,2,0,0,54.6,0,0,0,0,NC CENT,1,0,1,0,,0,0,55.3,,75,0,247,22,0,0,0,0,13,0,0,55.4,0,0,17
150478,Christian Smith,DI,0,0,,0,0,,NC CENT,5,D00,0,0,0,16,1,2026,46,74.4,0,0,,3,0,0,1,14,0,80,0,0,0,0,NC CENT,5,0,3,0,,0,0,76.2,,78,0,247,46,0,31,0,0,30,1,0,55.7,0,0,0
150484,Max U'Ren,LB,1,0,,0,1,100,NC CENT,8,D54,68,66,0,1,1,2026,0,76.4,12,1,54.8,0,0,20,0,0,0,68.3,0,0,0,0,NC CENT,4,0,0,0,12,0,7.7,63.6,12,75.1,0,247,68,3,0,0,116.7,47,1,4,60,1,0,0
150485,Jelani Vassell,S,2,0,,0,1,100,NC CENT,4,D28,63,19,0,2,1,2026,5,64.4,124,2,61.9,0,1,19,0,0,0,64.9,0,0,0,0,NC CENT,2,0,0,0,72,3,14.3,63.9,62,77.7,0,247,68,88,0,0,118.8,47,0,2,59.7,40,1,5
150528,Xavier Shell,LB,4,0,,0,1,75,MORGAN ST,0,D03,39,36,0,3,1,2026,1,32.8,32,3,50.2,0,0,19,0,0,0,71.5,0,0,0,0,MORGAN ST,0,0,0,0,19,3,33.3,58.7,10.7,73.5,0,235,40,10,0,0,137.5,18,0,2,56.6,0,1,1
150533,Erick Hunter,LB,9,0,2026,1,3,100,MORGAN ST,4,D40,76,70,0,5,1,2026,1,26.2,71,9,49.9,0,0,38,0,0,0,48.2,0,0,0,0,MORGAN ST,2,0,0,0,17,3,42.9,46.6,7.9,73.7,0,235,77,31,0,0,99.5,34,1,0,53.4,2,0,1
150545,Charlie Dixon,LB,0,0,,0,0,,NC A&T,0,D08,7,7,0,0,1,2027,0,,0,0,61.7,0,0,4,0,0,0,62.9,0,0,0,0,NC A&T,0,0,0,0,,0,,65.7,,68.4,0,246,7,0,0,0,0,3,0,0,,0,0,0
150622,Joshua Nieves,WR,0,0,,0,0,,W ILLINOIS,0,87,1,0,0,0,1,2027,0,,0,0,,0,0,0,0,0,0,60,0,0,0,0,W ILLINOIS,0,0,0,0,,0,,60,,60,0,345,1,0,0,0,0,1,0,0,,0,0,0
150672,Charles Demmings,CB,4,0,2026,0,0,25,STF AUSTIN,1,D01,60,2,0,1,1,2026,1,73.5,12,1,70.3,0,0,44,0,0,0,63,48,0,0,0,STF AUSTIN,1,0,0,0,12,9,0,70.5,12,77.2,0,301,61,0,0,1,39.6,16,0,0,60,1,0,1
150686,Wilburn Smallwood,ED,0,0,,0,4,,ALAB A&M,2,D11,0,0,0,26,1,2027,49,22.4,0,0,36.7,0,0,2,1,0,0,52.1,0,0,0,0,ALAB A&M,1,0,0,0,,0,57.1,44,,80.1,0,104,49,0,0,0,0,21,0,1,54.3,0,0,48
150713,Dylan Cook,S,3,0,,0,0,33.3,MOREHEAD,4,D05,66,27,0,1,1,2026,1,83.5,6,1,75.8,0,0,35,0,0,0,72.3,0,0,0,0,MOREHEAD,3,0,0,0,6,10,0,75.8,6,76.6,0,234,67,0,0,0,42.4,31,0,2,59.8,29,0,1
150741,Jordan Campbell,CB,6,0,,0,0,33.3,RHODE ISLD,2,D05,59,14,0,2,1,2026,0,79.1,15,2,69.5,0,0,39,0,0,0,69.6,0,0,0,0,RHODE ISLD,0,0,0,0,9,45,0,70.9,7.5,77.5,0,274,59,7,0,1,42.4,18,0,1,59,0,0,0
150810,Rhoody Jean-Louis,LB,0,0,,0,0,,ALABAMA ST,1,D08,18,18,0,0,1,2026,0,73.2,0,0,62.4,0,0,10,0,0,0,70.4,0,0,0,0,ALABAMA ST,1,0,0,0,,0,0,69.9,,71.3,0,105,18,0,0,0,0,8,0,0,,0,0,0
150812,Stefon Young-Rolle,ED,0,0,,0,0,,TENN TECH,0,D23,0,0,0,6,1,2026,9,,0,0,,0,0,0,0,0,0,60.3,0,0,0,0,TENN TECH,0,0,0,0,,0,,58.8,,72.8,0,309,9,0,0,0,0,3,0,0,57.1,0,0,9
150838,Mailk Gaither,LB,0,0,,0,0,,SAMFORD,1,D34,2,2,0,1,1,2026,1,73.2,0,0,,0,0,0,0,0,0,62.8,0,0,0,0,SAMFORD,1,0,0,0,,0,0,64.7,,67.6,0,282,3,0,0,0,0,2,0,0,60,0,0,1
150872,Andre Powell Jr.,CB,0,0,,0,0,,FL A&M,3,D07,41,7,0,0,1,2029,3,78.4,0,0,68.4,0,0,22,0,0,0,68.3,0,0,0,0,FL A&M,0,0,0,0,,34,0,70.1,,76.4,0,164,44,0,0,0,0,22,0,0,,0,0,3
150876,Deondri Clark,CB,0,0,,0,0,,MS VLY ST,0,D01,2,1,0,0,1,2027,0,,0,0,60,0,0,1,0,0,0,60,0,0,0,0,MS VLY ST,0,0,0,0,,1,,60.6,,64.5,0,228,2,0,0,0,0,1,0,0,,0,0,0
150898,Josh Darling,LB,0,0,,0,0,,GRAMBLING,2,D42,14,14,0,0,1,2026,0,76,0,0,62.1,0,0,6,0,0,1,66.4,0,0,0,0,GRAMBLING,2,0,0,0,,0,0,67.4,,70.8,0,177,14,0,0,0,0,8,0,0,,0,0,0
150900,J'Cobe Scott,DI,0,0,,0,0,,GRAMBLING,0,D72,0,0,0,2,1,2026,6,,0,0,,0,0,0,0,0,0,65.2,0,0,0,0,GRAMBLING,0,0,0,0,,0,,66.7,,69.6,0,177,6,0,6,0,0,4,0,0,58.8,0,0,0
150925,Frankie Dunn Jr.,CB,2,0,,0,2,50,JACKSON ST,0,D19,38,2,0,3,1,2026,2,24.3,7,1,62.2,1,0,28,0,0,0,61.3,0,0,1,0,JACKSON ST,0,0,1,0,7,32,100,62.4,7,78.2,0,194,40,0,0,1,58.3,9,0,0,59.2,4,0,2
150948,Jeremiah Williams,DI,0,0,,0,0,,JACKSON ST,3,D00,0,0,0,31,1,2026,52,75.5,0,0,,1,0,0,3,31,0,75.5,0,0,0,0,JACKSON ST,2,0,1,0,,0,0,73.7,,78.3,0,194,52,0,18,0,0,21,0,2,63.4,0,0,0
150970,Conroy Cunningham II,ED,0,0,,0,0,,SAMFORD,3,D90,0,0,0,14,1,2026,36,76.9,0,0,,0,0,0,24,0,0,70.8,0,0,0,0,SAMFORD,3,0,0,0,,0,0,69,,74.7,0,282,36,0,2,0,0,22,0,2,59.1,0,0,10
151026,Derrick Sinegal,LB,1,0,,0,0,100,ALCORN ST,0,D50,9,8,0,6,1,2027,4,,10,1,51.7,1,0,7,0,0,0,,0,2,0,0,ALCORN ST,0,0,3,0,10,1,,53.1,10,73,0,107,13,0,0,0,108.3,0,0,0,61.1,0,0,4
151136,Inumidun Ayo-Durojaiye,LB,5,0,,0,0,100,YALE,8,D24,76,63,1,7,1,2026,2,84.2,30,5,68.9,1,0,42,0,0,0,60.5,0,2,0,0,YALE,6,0,4,0,12,13,0,70.7,6,76.5,0,352,78,22,0,1,91.7,29,0,0,75.3,0,0,2
151214,Isaiah Pedack,ED,0,0,,0,1,,MS VLY ST,2,D92,0,0,0,18,1,2026,38,34.7,0,0,65.6,0,0,0,9,20,0,59.9,0,0,0,0,MS VLY ST,2,0,0,0,,0,20,62.5,,76.6,0,228,38,0,8,0,0,20,0,2,55.2,0,0,1
151236,Dimonyai Lacey,DI,0,0,,0,0,,JACKSON ST,0,D90,0,0,0,3,1,2026,6,,0,0,,0,0,0,1,0,0,49.9,0,0,0,0,JACKSON ST,0,0,0,0,,0,,40.6,,69.9,0,194,6,0,4,0,0,3,0,0,58.2,0,0,1
151263,Jack Courtney,DI,0,0,,0,0,,ST FRANCIS,1,D04,0,0,1,19,1,2026,34,72.2,0,0,,1,0,0,10,1,0,52.5,0,0,0,0,ST FRANCIS,1,0,2,0,,0,0,57.6,,74.9,0,299,34,0,21,0,0,15,0,0,63.1,0,0,2
151712,Jayden Estes,S,5,0,,0,2,60,ALBANY,4,D10,55,32,0,2,1,2026,1,42.5,36,3,58.4,0,0,24,0,0,0,52.2,2,0,0,0,ALBANY,1,0,0,0,15,11,28.6,55.6,12,76.8,0,106,56,3,0,1,82.1,30,0,1,57.9,10,0,1
152248,Kamren Amao,S,1,0,,0,0,100,PRVIEW A&M,0,D23,19,10,0,0,1,2026,0,75.3,6,1,65,0,0,16,0,0,0,61.5,0,0,0,0,PRVIEW A&M,0,0,0,0,6,7,0,66.1,6,74.1,0,270,19,2,0,0,91.7,3,0,1,,2,0,0
152274,Victor Idusuyi II,DI,0,0,,0,0,,STF AUSTIN,0,D99,0,0,0,9,1,2026,18,68.7,0,0,,1,0,0,0,12,0,57.3,0,0,0,0,STF AUSTIN,0,0,1,0,,0,0,60.6,,74.6,0,301,18,0,6,0,0,9,0,1,64.1,0,0,0
153073,Evan Rutkowski,LB,0,0,,0,0,,MONMOUTH,3,D40,42,39,0,4,1,2026,0,81.2,0,0,67.1,3,0,23,0,0,0,76,0,0,0,0,MONMOUTH,1,0,3,0,,3,0,74.6,,73.8,0,231,42,0,0,0,0,15,0,3,63.8,0,0,0
153316,Rashawn Washington,DI,0,0,,0,0,,SCAR STATE,0,D44,0,0,0,3,1,2027,5,,0,0,,0,0,0,0,1,0,60.3,0,0,0,0,SCAR STATE,0,0,0,0,,0,,59.3,,69.2,0,290,5,0,4,0,0,2,0,0,58,0,0,0
153406,Jadon Carter,S,6,0,,0,2,83.3,MORGAN ST,4,D01,78,14,0,1,1,2026,1,29.6,47,5,41.6,1,0,43,0,0,0,67.5,0,0,0,0,MORGAN ST,0,0,1,0,16,17,33.3,47.1,9.4,80.5,0,235,79,32,0,0,138.9,35,0,0,60,46,1,1
153933,Tavon Hardwick,CB,3,0,,0,0,100,ARKAPB,5,D12,33,2,0,1,1,2026,5,81.3,24,3,51.2,0,0,11,0,0,0,41.6,0,0,0,0,ARKAPB,2,0,0,0,11,31,0,45.5,8,78.9,0,112,38,26,0,0,100,26,0,1,59.9,0,0,5
153945,Kyle Knox,S,2,0,,0,1,50,ARKAPB,0,D27,11,4,0,0,1,2026,0,28.5,25,1,29.6,0,0,5,0,0,0,48.6,0,0,0,0,ARKAPB,0,0,0,0,25,3,50,28.3,25,71.9,0,112,11,9,0,0,95.8,6,0,1,,4,0,0
153976,Jonathan Cabral-Martin,CB,2,0,,0,1,100,N IOWA,6,D08,60,10,0,0,1,2026,2,70.2,27,2,63.4,0,0,27,0,0,0,71.4,13,0,0,0,N IOWA,1,0,0,0,22,35,9.1,67,13.5,79.3,0,255,62,8,0,0,118.8,35,0,4,,2,0,2
153996,Cameron Franklin,S,0,0,,0,0,,PRVIEW A&M,0,D13,3,2,0,0,1,2027,0,,0,0,61.8,0,0,3,0,0,0,,0,0,0,0,PRVIEW A&M,0,0,0,0,,1,,61.8,,66.8,0,270,3,0,0,0,0,0,0,0,,0,0,0
154072,Tim Alderman,ED,1,0,,0,0,0,NC A&T,1,D01,0,0,2,37,1,2026,56,75.4,0,0,,3,0,0,3,0,0,69.7,0,1,0,1,NC A&T,2,0,6,0,,0,0,71.6,,78.3,0,246,56,0,1,0,39.6,19,0,0,67.2,0,0,52
154107,Malik Harp,LB,2,0,,0,1,100,SCAR STATE,1,D33,26,24,0,3,1,2026,1,32,81,2,40.5,0,0,14,0,0,0,60.5,0,0,0,0,SCAR STATE,1,0,0,0,66,2,33.3,42,40.5,75,0,290,27,60,0,0,158.3,10,0,1,56,0,1,1
154229,Kobe McClendon,ED,0,0,,1,1,,LNDNWD,2,D04,0,0,0,15,1,2026,40,75.7,0,0,,1,0,0,11,0,0,90,0,0,0,0,LNDNWD,1,0,1,0,,0,25,86.8,,77.1,0,949,40,0,0,0,0,25,0,1,63.9,0,0,29
154239,Jayden Patrick,CB,5,0,,0,1,60,LNDNWD,3,D07,61,0,0,0,1,2026,0,46.5,48,3,64.6,0,0,25,0,0,0,57.9,51,0,0,0,LNDNWD,1,0,0,0,30,10,25,63.6,16,77.9,0,949,61,16,0,1,92.1,36,0,0,,0,0,0
154603,Rodney Dansby,LB,0,0,,0,0,,HOUCHR,5,D06,32,21,0,7,1,2026,23,83.4,0,0,57.2,1,0,14,0,0,0,79.2,0,0,0,0,HOUCHR,2,0,1,0,,11,0,72.3,,78.3,0,183,55,0,0,0,0,34,1,4,58.7,0,0,23
154606,Xavier Toliver,S,0,0,,0,1,,HOUCHR,0,D01,18,5,0,0,1,2026,0,22.3,0,0,54.8,0,0,7,0,0,0,62.6,0,0,0,0,HOUCHR,0,0,0,0,,9,100,57.4,,75,0,183,18,0,0,0,0,11,0,0,,4,0,0
154609,Leisaan Hibbert,S,2,0,,0,1,50,RHODE ISLD,3,D21,32,5,0,0,1,2026,1,65.6,6,1,68.9,0,0,20,0,0,0,72.5,0,0,0,0,RHODE ISLD,1,0,0,0,6,1,16.7,72.3,6,75,0,274,33,2,0,0,56.3,13,0,2,,26,0,1
154647,Raylyn Manley,CB,4,0,,0,0,50,AUSTINPEAY,3,D07,51,1,0,0,1,2026,0,80.7,4,2,65.4,0,0,30,0,0,0,70,50,0,2,0,AUSTINPEAY,2,1,0,0,6,0,0,64,2,0,0,116,51,0,0,0,56.3,21,1,2,,0,0,0
154723,Chris Gales,LB,2,0,,0,1,50,ALBANY,5,D28,34,23,0,6,1,2026,10,62.3,3,1,71.2,0,0,13,0,0,0,65.8,0,0,1,0,ALBANY,4,0,0,0,3,11,12.5,64.3,3,0,0,106,44,7,0,0,56.3,25,0,2,54.3,0,0,10
154745,Jay Jones II,LB,0,0,,0,1,,HOWARD,1,D44,13,10,0,1,1,2026,3,26.2,0,0,45.5,0,0,8,0,0,0,54.5,0,0,0,0,HOWARD,1,0,0,0,,3,50,43.8,,73.1,0,184,16,0,0,0,0,7,0,0,59.6,0,0,3
154749,Emerson Martin III,DI,0,0,,0,1,,DELWARE ST,0,D90,0,0,0,22,1,2029,39,17.6,0,0,,1,0,0,31,0,0,48.8,0,0,0,0,DELWARE ST,0,0,1,0,,0,100,48.5,,75.2,0,152,39,0,1,0,0,17,0,0,53.9,0,0,7
154784,Ty Williams Jr.,CB,3,0,,0,1,66.7,NC A&T,2,D06,57,13,0,0,1,2026,0,56.1,26,2,47.1,0,0,43,0,0,0,68.4,6,0,1,0,NC A&T,0,0,0,0,13,25,25,50.6,13,78.6,0,246,57,0,0,0,93.8,14,0,1,,13,0,0
154792,Rufus Toe,ED,0,0,,0,2,,HOUCHR,1,D32,0,0,0,5,1,2027,17,22.2,0,0,,0,0,0,12,0,0,56.1,0,0,0,0,HOUCHR,0,0,0,0,,0,66.7,55.4,,72.5,0,183,17,0,1,0,0,12,0,0,57.4,0,0,4
155200,Les Odimara,CB,1,0,,0,0,0,TARLETON,0,D03,10,0,0,0,1,2026,0,,0,0,75.2,0,0,9,0,0,0,60,10,0,0,0,TARLETON,0,0,0,0,,0,,76.3,,70.6,0,401,10,0,0,1,39.6,1,0,0,,0,0,0
155387,Samy Lamothe,S,0,0,,0,0,,PRINCETON,2,D29,8,3,0,0,1,2026,0,78.7,0,0,61.3,0,0,2,0,0,0,65.8,0,0,0,0,PRINCETON,0,0,0,0,,0,0,66.4,,69.9,0,272,8,0,0,0,0,6,0,0,,5,0,0
155409,Payton Tally,LB,1,0,,0,1,100,NICHOLLS,1,D27,19,17,0,5,1,2026,3,51.3,10,1,72.8,0,0,8,0,0,0,51.7,0,0,0,0,NICHOLLS,1,0,0,0,10,1,33.3,62.6,10,73.2,0,243,22,6,0,0,108.3,9,0,1,53.8,1,0,3
155538,Neil Daily,LB,2,0,,0,0,100,MONTANA ST,3,D19,22,21,0,1,1,2027,1,79.2,17,2,57.4,0,0,13,0,0,0,69.4,0,0,0,0,MONTANA ST,3,0,0,0,16,1,0,63.4,8.5,73.6,0,233,23,1,0,0,141.7,9,0,1,59.2,0,1,1
155542,Justin Luke,WR,1,0,,0,0,100,N ALABAMA,1,08,9,1,0,0,1,2026,0,74.3,9,1,52,0,0,9,0,0,0,,1,0,0,0,N ALABAMA,0,0,0,0,9,1,0,52.5,9,71.3,0,389,9,14,0,0,104.2,0,0,0,,6,0,0
155558,Christopher Walley,ED,0,0,,0,0,,ALCORN ST,0,D40,1,0,0,19,1,2026,26,,0,0,,4,0,0,8,0,0,49.1,0,0,0,0,ALCORN ST,0,0,4,0,,0,,55.1,,75.3,0,107,27,0,4,0,0,8,0,0,61.3,0,0,14
155573,Jayden Stanley,S,4,0,,0,1,75,UC DAVIS,5,D10,70,26,0,0,1,2026,0,43.2,29,3,53.2,0,0,52,0,0,0,59,0,0,0,0,UC DAVIS,1,0,0,0,13,12,12.5,54.2,9.7,77.5,0,322,70,21,0,0,94.8,18,0,2,,32,0,0
155769,Omar Emmons,S,1,0,,0,0,0,TARLETON,2,D04,17,2,0,0,1,2027,0,76.9,0,0,55.5,0,0,6,0,0,0,69.3,0,0,0,0,TARLETON,2,0,0,0,,15,0,61.1,,72.9,0,401,17,0,0,0,39.6,11,0,0,,0,0,0
155771,Kaden White,S,2,0,,0,1,100,TOWSON,6,D02,46,19,0,4,1,2026,15,60.5,21,2,61.5,0,0,20,0,0,0,56.6,0,0,0,0,TOWSON,4,0,0,0,14,27,14.3,58.8,10.5,78.1,0,317,61,14,0,0,110.4,37,0,0,56.6,0,0,15
155785,Jordan Helton,S,0,0,,0,0,,JACKSON ST,0,D24,5,1,0,0,1,2026,0,,0,0,61.9,0,0,3,0,0,0,60,0,0,0,0,JACKSON ST,0,0,0,0,,1,,62.9,,68.7,0,194,5,0,0,0,0,2,0,0,,3,0,0
155827,Blake Smith,S,2,0,,1,0,100,TARLETON,4,D09,27,9,0,0,1,2026,0,82.6,26,2,68.4,0,0,15,0,0,0,65,0,0,0,0,TARLETON,0,0,0,0,13,4,0,69,13,73.7,0,401,27,5,0,0,118.8,12,0,0,,14,0,0
155863,Luke Jakubauskas,ED,1,0,,0,0,0,WAGNER,2,D04,3,3,0,12,1,2026,29,77,0,0,69.7,0,0,2,0,0,0,71.2,0,0,0,0,WAGNER,2,0,0,0,,0,0,75.8,,77.8,0,338,32,0,0,1,39.6,18,0,1,56.4,0,0,29
155871,Joshua Randall,ED,0,0,,0,0,,SE LA,2,D44,1,1,1,11,1,2026,24,76.2,0,0,62.1,1,0,2,0,0,0,61.7,0,0,0,0,SE LA,3,0,2,0,,0,0,69.6,,76.3,0,294,25,0,0,0,0,12,0,0,70.3,0,0,24
155894,Brandon Tolvert,DI,0,0,,0,0,,TARLETON,3,D26,0,0,1,10,1,2026,21,74.5,0,0,60,1,0,0,0,1,1,68.3,0,0,0,0,TARLETON,2,0,2,0,,0,0,77.2,,73.9,0,401,21,0,20,0,0,11,0,0,75.5,0,0,0
155915,Hunter Parsons,ED,0,0,,0,1,,MONTANA ST,0,D45,0,0,0,26,1,2026,35,18.4,0,0,,3,0,0,0,0,0,51.2,0,0,0,0,MONTANA ST,0,0,3,0,,0,100,58.9,,76.5,0,233,35,0,0,0,0,9,0,0,63.5,0,0,35
156180,Sam Martin Jr.,CB,2,0,,0,0,100,WAGNER,6,D02,55,4,0,1,1,2027,1,81.2,14,2,68.6,0,0,33,0,0,0,72.6,50,0,0,0,WAGNER,5,0,0,0,9,1,0,70.8,7,77,0,338,56,0,0,0,95.8,22,0,0,60,0,0,1
156181,Brenyen Scott,S,1,0,,0,0,100,SCAR STATE,6,D06,42,30,0,2,1,2026,2,83.2,10,1,59.9,0,0,26,0,0,0,71.7,0,0,0,0,SCAR STATE,3,0,0,0,10,2,0,64.5,10,74.9,0,290,44,3,0,0,108.3,16,0,0,57.4,10,0,2
156191,Keith Wheeler,WR,0,0,,0,0,,HOUCHR,0,05,1,0,0,0,1,2027,0,,0,0,,0,0,0,0,0,0,60,0,0,0,0,HOUCHR,0,0,0,0,,1,,60,,63.8,0,183,1,0,0,0,0,1,0,0,,0,0,0
156198,Zach Neilsen,ED,1,0,,0,0,100,LNDNWD,2,D08,0,0,0,11,1,2027,27,76.9,11,1,54,0,0,0,8,0,0,55.2,0,0,0,0,LNDNWD,1,0,0,0,11,0,0,50,11,75.7,0,949,27,8,0,0,112.5,16,0,2,56.4,0,0,19
156200,Dayne Hodge,S,5,0,,0,3,100,YNGTOWN ST,2,D39,46,24,0,2,1,2026,3,29.8,44,5,60.6,0,0,28,0,0,0,56,1,0,0,0,YNGTOWN ST,1,0,0,0,11,16,42.9,58.9,8.8,77,0,353,49,38,0,0,103.3,19,0,2,57.9,5,0,3
156254,Carter Wyatt,LB,0,0,,0,0,,ELON,0,D56,3,3,0,0,1,2027,0,73.2,0,0,60.9,0,0,1,0,0,0,60.3,0,0,0,0,ELON,0,0,0,0,,0,0,66.7,,67.3,0,162,3,0,0,0,0,2,0,1,,0,0,0
156342,Khamauri Rogers,CB,1,0,,0,1,0,JACKSON ST,0,D01,41,1,0,0,1,2027,0,27.9,0,0,58.9,0,0,27,0,0,0,44.3,38,0,0,0,JACKSON ST,0,0,0,0,,2,33.3,55.4,,76.2,0,194,41,0,0,0,39.6,14,0,2,,0,0,0
156364,Bryce Purnell,DI,0,0,,0,0,,MAINE,0,D96,0,0,0,12,1,2027,19,,0,0,,0,0,0,0,0,0,52.1,0,0,0,0,MAINE,0,0,0,0,,0,,51.6,,73.3,0,212,19,0,19,0,0,7,0,0,56.8,0,0,0
156446,Caden Crawford,ED,0,0,,0,0,,S DAKOTA,4,D10,0,0,0,24,1,2027,51,79.2,0,0,60,1,0,0,13,0,0,69.3,0,0,0,0,S DAKOTA,4,0,1,0,,0,0,67.5,,77.5,0,291,51,0,8,0,0,27,0,3,58.6,0,0,30
156509,Anthony Johnson,ED,0,0,,0,0,,MONMOUTH,0,D98,0,0,0,5,1,2027,6,,0,0,,0,0,0,0,0,0,60,0,0,0,0,MONMOUTH,0,0,0,0,,0,,56,,70.9,0,231,6,0,0,0,0,1,0,0,55.7,0,0,6
156572,Kobe Byrd,S,4,0,,0,0,75,MS VLY ST,2,D19,62,21,0,0,1,2026,0,39.8,19,3,70.2,0,0,37,0,0,0,64.2,0,0,0,0,MS VLY ST,1,0,0,0,10,6,0,69.9,6.3,77.7,0,228,62,2,0,1,124,25,0,0,,35,1,0
156637,Nasir Bashir,CB,1,0,,0,0,100,NORFOLK,4,D20,52,0,0,0,1,2027,0,79.6,3,1,73,0,0,23,0,0,0,66.6,52,0,0,0,NORFOLK,1,0,0,0,3,0,0,73.4,3,76.5,0,244,52,5,0,0,79.2,29,0,0,,0,0,0
156648,Maximus Pulley,S,3,0,2026,0,2,100,WOFFORD,13,D02,59,14,0,0,1,2026,1,73.1,28,3,69.2,0,0,35,0,0,0,76.6,1,0,0,0,WOFFORD,7,0,0,0,27,18,11.8,72.9,9.3,78.7,0,350,60,14,0,0,105.6,25,0,2,,26,0,1
156662,Ashtin Rustemeyer,DI,0,0,,0,0,,LNDNWD,1,D91,1,1,0,14,1,2027,31,69.7,0,0,,0,0,0,2,2,0,68.5,0,0,0,0,LNDNWD,1,0,0,0,,0,0,65.8,,74.6,0,949,32,0,27,0,0,18,0,0,56.5,0,0,0
156677,Kaleb Hutchinson,S,1,0,,0,0,100,MERCER,0,D17,36,17,0,0,1,2028,0,78.9,38,1,67.1,0,0,24,0,0,0,68.3,0,0,0,0,MERCER,0,0,0,0,38,3,0,69.3,38,76,0,219,36,28,0,0,118.8,12,0,2,,16,0,0
156680,Corey Warren,DI,0,0,,0,2,,SAMFORD,3,D44,0,0,0,13,1,2027,35,31.8,0,0,,0,0,0,4,0,0,50.7,0,0,0,0,SAMFORD,2,0,0,0,,0,33.3,50.6,,74.8,0,282,35,0,31,0,0,22,0,1,56.2,0,0,0
156683,David Portu,ED,0,0,,0,1,,CHARLES SO,3,D20,1,1,1,18,1,2027,41,49.7,0,0,,1,0,0,15,0,0,63.4,0,1,0,0,CHARLES SO,3,0,3,0,,0,16.7,65.5,,76.5,0,135,42,0,4,0,0,24,0,2,64.2,0,0,22
156815,Jackson Marshall,LB,1,0,,0,0,100,GARD-WEBB,5,D11,42,42,0,4,1,2030,2,79.6,18,1,70.9,0,0,19,0,0,0,73.4,0,1,1,0,GARD-WEBB,3,0,1,0,18,0,0,69.6,18,0,0,171,44,6,0,0,118.8,21,0,0,56.5,0,0,2
156827,Je'Careon Lathan,CB,6,0,,0,1,50,NWSTATE,1,D14,26,10,0,0,1,2026,0,27.8,47,3,60.7,0,0,14,0,0,0,52.6,0,0,0,0,NWSTATE,0,0,0,0,29,15,50,57.3,15.7,72.9,0,257,26,52,0,1,76.4,12,0,0,,1,0,0
156835,Keshawn Lynch,ED,0,0,,0,0,,NORFOLK,3,D90,0,0,0,14,1,2026,35,77.2,0,0,,0,0,0,13,0,0,71.5,0,0,0,0,NORFOLK,1,0,0,0,,0,0,70.4,,75.9,0,244,35,0,0,0,0,21,0,2,60.4,0,0,22
156956,Andrew Yanoshak,ED,0,0,,0,0,,DAYTON,1,D83,0,0,0,8,1,2027,19,71.1,0,0,,1,0,0,2,0,0,54.1,0,0,1,0,DAYTON,1,0,1,0,,0,0,47.6,,0,0,150,19,0,2,0,0,11,0,0,62,0,0,15
157172,L.J. Hewitt,CB,0,0,,0,0,,CENT ARK,0,D00,1,1,0,0,1,2026,0,,0,0,,0,0,0,0,0,0,60,0,0,0,0,CENT ARK,0,0,0,0,,0,,60,,61.7,0,132,1,0,0,0,0,1,0,0,,0,0,0
157183,Gumbo Gaskins,S,0,0,,0,2,,SAMFORD,1,D27,33,7,0,2,1,2027,2,28.1,0,0,67.7,0,0,15,0,0,0,35.9,0,0,0,0,SAMFORD,1,0,0,0,,26,50,56.9,,76.5,0,282,35,0,0,0,0,18,0,1,59,0,0,2
157210,Dre Greeley,CB,2,0,,0,0,0,E WASHGTON,0,D29,10,0,0,0,1,2027,0,,0,0,89.6,0,0,4,0,0,0,60,10,0,0,0,E WASHGTON,0,0,0,0,,0,,90.5,,70.9,0,161,10,0,0,2,39.6,6,0,0,,0,0,0
157369,Raleigh Collins III,S,2,0,,0,0,100,NEW HAMP,4,D20,28,10,0,4,1,2027,0,81.2,5,2,82.3,2,0,10,0,0,0,67.9,0,0,0,0,NEW HAMP,3,0,2,0,3,7,0,85.9,2.5,73.4,0,240,28,6,0,0,79.2,14,0,0,81.4,11,0,0
157429,Isaiah Perez,DI,0,0,,0,1,,E WASHGTON,0,D04,0,0,0,24,1,2027,45,45.3,0,0,,1,0,0,2,12,0,70.4,0,0,0,0,E WASHGTON,0,0,1,0,,0,25,70.1,,76.5,0,161,45,0,28,0,0,21,0,3,62.9,0,0,3
157434,Brooks Maile,DI,0,0,,0,0,,N COLORADO,1,D55,0,0,0,16,1,2027,23,69.7,0,0,,0,0,0,1,4,0,56.7,0,0,0,1,N COLORADO,0,0,0,0,,0,0,59,,73.9,0,253,23,0,18,0,0,7,0,0,61.3,0,0,0
157547,Omari Philyaw,S,5,0,,0,1,20,TENN TECH,3,D04,40,6,0,0,1,2028,0,56.3,-1,1,79.8,0,0,29,0,0,0,62,1,0,0,0,TENN TECH,1,0,0,0,-1,24,25,79.3,-1,77.8,0,309,40,0,0,2,39.6,11,1,0,,9,0,0
157557,Josiah Wyatt,DI,0,0,,0,0,,CHARLES SO,0,D00,0,0,0,5,1,2027,12,,0,0,,0,0,0,6,0,0,55.4,0,0,0,0,CHARLES SO,0,0,0,0,,0,,54.1,,71.6,0,135,12,0,6,0,0,7,0,0,57.7,0,0,0
157648,Kyree Moyston,ED,0,0,,0,1,,NORFOLK,2,D06,0,0,0,11,1,2027,26,29.1,0,0,,2,0,0,0,0,0,60.8,0,0,0,0,NORFOLK,2,0,2,0,,0,33.3,60.1,,78,0,244,26,0,0,0,0,15,1,0,58.2,0,0,26
157661,Cam Johnson,CB,2,0,,0,0,0,STNY BROOK,2,D16,52,9,0,0,1,2027,0,76.2,0,0,74.1,0,0,38,0,0,0,63.8,43,0,0,0,STNY BROOK,0,0,0,0,,0,0,74,,75.2,0,303,52,0,0,1,39.6,14,0,0,,0,0,0
157731,Keenan Landry,DI,0,0,,0,2,,MCNEESE,3,D90,0,0,0,19,1,2026,49,30.9,0,0,,0,0,0,0,2,0,52.8,0,0,2,0,MCNEESE,0,0,0,0,,0,33.3,43.9,,0,0,217,49,0,47,0,0,30,0,1,55.9,0,0,0
157778,Joe Hall III,CB,1,0,,0,1,100,N IOWA,2,D03,51,6,0,1,1,2027,1,51.5,6,1,68,1,0,20,0,0,0,66.5,42,0,0,0,N IOWA,0,0,1,0,6,3,33.3,66.4,6,76.4,0,255,52,2,0,0,91.7,31,0,0,47.6,0,0,1
157817,Preston Hickey,DI,0,0,,0,0,,NWSTATE,0,D94,0,0,0,26,1,2027,57,70.2,0,0,60,1,0,0,0,13,0,64,0,0,0,0,NWSTATE,0,0,1,0,,0,0,61.8,,79.3,0,257,57,0,44,0,0,31,0,1,55.1,0,0,0
157961,Jayden Oliver,CB,1,0,,0,0,100,S DAK ST,2,D01,19,2,0,0,1,2026,1,76.6,10,1,38.2,0,0,5,0,0,0,70.6,16,0,0,0,S DAK ST,1,0,0,0,10,1,0,47.1,10,73.4,0,292,20,0,0,0,108.3,15,0,0,,0,0,1
157993,Trevor Hardy,S,3,0,,0,0,33.3,AUSTINPEAY,5,D22,60,27,0,0,1,2027,0,83,34,1,60.8,0,0,37,0,0,0,74,0,0,0,0,AUSTINPEAY,1,0,0,0,34,11,0,65.2,34,78.8,0,116,60,37,0,0,77.1,23,0,0,,22,0,0
158014,Devin Johnson,S,3,0,,0,1,66.7,INDIANA ST,1,D01,29,17,0,0,1,2027,0,28.2,43,2,45,0,0,8,0,0,0,52.4,0,0,0,0,INDIANA ST,1,0,0,0,25,3,50,45.5,21.5,72,0,191,29,11,0,1,109.7,21,0,0,,9,0,0
158017,Nico Pate,ED,0,0,,0,1,,DUQUESNE,4,D27,0,0,0,9,1,2027,34,54.6,0,0,60,0,0,1,3,0,0,70.4,0,0,1,0,DUQUESNE,3,0,0,0,,0,20,62.6,,0,0,155,34,0,0,0,0,24,2,0,56.4,0,0,31
158019,Mason Moore,S,1,0,,0,0,0,LEHIGH,2,D16,43,5,0,0,1,2028,0,83,0,0,69.5,0,0,27,0,0,0,65.1,0,0,0,0,LEHIGH,0,0,0,0,,2,0,69.9,,76.8,0,205,43,0,0,0,39.6,16,0,2,,36,0,0
158038,Dawson Ripperda,ED,0,0,,0,0,,S DAK ST,3,D99,0,0,2,25,1,2028,67,78.2,0,0,59.2,1,0,5,6,0,0,75.7,0,0,0,0,S DAK ST,4,0,3,0,,0,0,70.7,,79.1,0,292,67,0,1,0,0,37,0,2,61.8,0,0,60
158215,Christian Lorenzo,DI,0,0,,0,0,,ILL STATE,0,D08,0,0,0,20,1,2027,47,73.8,0,0,,0,0,0,35,1,0,69.8,0,0,1,0,ILL STATE,0,0,0,0,,0,0,59.8,,0,0,188,47,0,10,0,0,27,0,2,53.3,0,0,1
158367,Ky Tayo,DI,0,0,,0,0,,CHATTNOOGA,1,D55,0,0,1,19,1,2027,31,73.4,0,0,,1,0,0,1,1,0,72.1,0,0,0,1,CHATTNOOGA,2,0,2,0,,0,0,76.2,,74.7,0,137,31,0,29,0,0,12,0,1,70.2,0,0,0
158408,Isaiah Boyd,ED,0,0,,0,3,,ALBANY,0,D55,0,0,0,11,1,2028,32,23.6,0,0,,0,0,0,4,0,0,55.2,0,0,0,0,ALBANY,0,0,0,0,,0,75,53.5,,76.4,0,106,32,0,0,0,0,21,0,1,53.8,0,0,28
158454,Keahnist Thompson,ED,0,0,,0,0,,WEBER ST,4,D01,1,1,0,35,1,2027,51,77.9,0,0,60,4,0,0,12,0,0,65,0,0,0,0,WEBER ST,3,0,4,0,,0,0,68.9,,79.4,0,342,52,0,0,0,0,17,1,0,66.1,0,0,39
158527,Reece Sylvester,LB,0,0,,0,1,,INCAR WORD,0,D12,1,1,0,0,1,2027,0,21.1,0,0,,0,0,0,0,0,0,60,0,0,0,0,INCAR WORD,0,0,0,0,,0,100,57.8,,63.7,0,189,1,0,0,0,0,1,0,0,,0,0,0
158560,Carmello Jones,LB,3,0,,0,0,100,JACKSON ST,1,D11,13,12,0,0,1,2027,3,80.8,24,3,49.2,0,0,10,0,0,0,66.3,0,0,0,0,JACKSON ST,0,0,0,0,9,1,0,54.1,8,70.7,0,194,16,11,0,0,100,6,0,4,,0,0,3
158612,Isiah Davis,CB,3,0,,0,1,66.7,FL A&M,0,D11,9,1,0,0,1,2031,1,21.4,82,2,47.2,0,0,6,0,0,0,60,8,0,0,0,FL A&M,0,0,0,0,49,0,100,47.3,41,72.4,0,164,10,56,0,0,109.7,4,0,0,,0,0,1
158799,Keion Mitchell,ED,0,0,,0,0,,HOWARD,1,D96,0,0,1,9,1,2026,16,75,0,0,57.6,0,0,0,6,0,0,74.1,0,0,0,0,HOWARD,2,0,1,0,,0,0,63.5,,73.1,0,184,16,0,3,0,0,7,0,1,66,0,0,7
158812,Kaleb Brown,LB,1,0,,0,1,100,TENN TECH,1,D33,21,19,1,1,1,2027,2,42.5,3,1,62.6,0,0,17,0,0,0,68.7,0,0,0,0,TENN TECH,2,0,1,0,3,2,33.3,70.1,3,72,0,309,23,2,0,0,79.2,5,0,1,70.4,0,0,2
158933,Jake East,S,1,0,,0,2,100,CAL POLY,6,D07,37,17,0,0,1,2027,1,51.5,13,1,51.9,0,0,18,0,0,1,73.7,1,0,0,0,CAL POLY,4,0,0,0,13,9,22.2,60.9,13,76.4,0,129,38,10,0,0,118.8,20,0,1,,10,0,1
158934,Mason Rivera,S,3,0,,0,0,0,CAL POLY,7,D32,51,17,0,0,1,2027,0,86.1,0,0,62.5,0,0,25,0,0,0,75.9,1,0,0,0,CAL POLY,1,0,0,0,,9,0,68.9,,76.5,0,129,51,0,0,0,39.6,26,0,1,,24,0,0
158937,Kenny Olson,LB,4,0,,0,0,100,CAL POLY,6,D20,56,46,0,9,1,2027,21,84.5,41,4,47.1,1,0,26,0,0,0,60.4,0,1,0,0,CAL POLY,2,0,2,0,16,10,0,52.8,10.3,79.8,0,129,77,16,0,0,109.4,42,0,4,58.4,0,0,21
158947,Justis La'ulu,DI,0,0,,0,0,,E WASHGTON,0,D90,0,0,0,15,1,2027,36,70.2,0,0,59.3,0,0,1,0,11,0,70,0,0,0,0,E WASHGTON,0,0,0,0,,0,0,65.3,,75.9,0,161,36,0,25,0,0,20,0,1,56.5,0,0,0
158952,Myles Mayovsky,LB,3,0,,0,3,100,E WASHGTON,7,D09,41,36,0,4,1,2027,1,47.4,11,3,75.5,1,0,18,0,0,0,46.9,0,0,0,0,E WASHGTON,5,0,1,0,5,5,27.3,60.8,3.7,74.3,0,161,42,15,0,0,81.9,20,2,1,51,0,0,1
158954,Drew Carter,S,2,0,,0,2,50,E WASHGTON,3,D28,54,24,0,1,1,2027,4,41.6,-1,1,83.1,0,0,28,0,0,0,54.8,0,0,0,0,E WASHGTON,2,0,0,0,-1,11,33.3,74.6,-1,78.5,0,161,58,3,0,1,56.3,29,1,1,60,19,0,4
158962,Tariq May,ED,0,0,,0,1,,E WASHGTON,0,D97,1,1,1,9,1,2027,14,33.9,0,0,60,1,0,1,1,0,0,59.9,0,1,0,0,E WASHGTON,1,0,3,0,,0,100,69.9,,75.8,0,161,15,0,0,0,0,5,0,0,69.9,0,0,13
158985,Dylan Layne,LB,1,0,,0,1,100,IDAHO,6,D21,47,43,0,5,1,2028,5,65.3,18,1,44,1,0,24,0,0,0,76.3,0,1,0,1,IDAHO,3,0,2,0,18,4,12.5,60.9,18,73.7,0,185,52,11,0,0,118.8,23,0,1,71.6,0,0,5
158986,Mitchel Jaskowiak,DI,0,0,,0,0,,IDAHO,1,D45,0,0,0,9,1,2027,24,72.1,0,0,,0,0,0,0,19,0,70.4,0,0,0,0,IDAHO,1,0,0,0,,0,0,68.7,,76.3,0,185,24,0,5,0,0,15,0,1,56.3,0,0,0
159021,Alani Ma'afu,ED,0,0,,0,0,,N ARIZONA,0,D03,0,0,0,30,1,2027,44,73.1,0,0,,1,0,0,16,0,0,60.9,0,0,0,0,N ARIZONA,0,0,1,0,,0,0,58.5,,76.7,0,252,44,0,15,0,0,14,0,2,56.5,0,0,13
159031,Ezra Ekuban,ED,0,0,,0,1,,N COLORADO,2,D03,1,1,0,14,1,2027,37,29.6,0,0,70.4,1,0,4,3,0,0,42.2,0,0,0,0,N COLORADO,1,0,1,0,,0,33.3,53.8,,78.2,0,253,38,0,1,0,0,20,0,0,59.5,0,0,33
159037,Franky Morales,CB,9,0,,0,1,55.6,N COLORADO,5,D06,53,11,0,0,1,2027,2,71.9,53,5,63.1,0,0,27,0,0,0,69,7,0,0,0,N COLORADO,2,0,0,0,35,35,12.5,65.8,10.6,78.2,0,253,55,20,0,0,72.9,28,0,2,,0,0,2
159038,Jaiden Letua,LB,0,0,,0,0,,N ARIZONA,0,D31,3,3,0,2,1,2027,0,,0,0,60,0,0,1,0,0,0,,0,0,0,0,N ARIZONA,0,0,0,0,,0,,58.6,,65.8,0,252,3,0,0,0,0,0,0,0,58.1,0,0,0
159054,Elias Sanders,ED,0,0,,0,0,,PORTLAND,0,D58,0,0,0,6,1,2027,10,,0,0,,0,0,0,1,0,0,60.7,0,0,0,0,PORTLAND,0,0,0,0,,0,,63.8,,72.7,0,269,10,0,2,0,0,4,0,0,63,0,0,7
159055,Rob Silva,DI,0,0,,0,0,,PORTLAND,0,D97,0,0,0,1,1,2027,5,,0,0,,0,0,0,0,1,0,61.5,0,0,0,0,PORTLAND,0,0,0,0,,0,,62.5,,70.4,0,269,5,0,4,0,0,4,0,0,60,0,0,0
159059,Michael Hurst Jr.,S,3,0,,0,1,66.7,N ARIZONA,4,D02,64,11,0,0,1,2027,0,59.4,13,2,77.5,0,0,44,0,0,1,49.9,0,0,0,0,N ARIZONA,3,0,0,0,8,12,16.7,72.5,6.5,79.4,0,252,64,0,0,0,75.7,20,0,1,,41,0,0
159072,Trevian Tribble,S,1,0,,0,0,100,WEBER ST,0,D09,30,2,0,0,1,2027,0,,3,1,56.8,0,0,25,0,0,0,60,0,0,0,0,WEBER ST,0,0,0,0,3,2,,57.5,3,74.8,0,342,30,0,0,0,79.2,5,0,0,,26,0,0
159074,Ashden Oberg,ED,1,0,,0,0,100,WEBER ST,1,D51,0,0,1,3,1,2027,6,75.2,16,1,54.8,0,0,1,0,0,0,60,0,0,0,0,WEBER ST,0,0,1,0,16,0,0,54.3,16,72.1,0,342,6,4,0,0,118.8,2,0,0,67.4,0,0,6
159075,Matt Herron,DI,0,0,,0,0,,WEBER ST,2,D97,2,2,2,33,1,2028,52,76.4,0,0,60,4,0,0,0,15,0,72.4,0,1,0,0,WEBER ST,2,0,7,0,,0,0,73.3,,77.1,0,342,54,0,37,0,0,21,0,3,66.4,0,0,0
159083,Montae Pate,CB,3,0,,0,0,33.3,WEBER ST,4,D20,68,2,0,2,1,2027,6,79.7,8,1,59.5,1,0,44,0,0,0,76.6,64,0,2,0,WEBER ST,4,0,1,0,8,2,0,64.1,8,79.3,0,342,74,9,0,0,42.4,28,0,0,65.1,0,0,6
159088,Toddrick Dixon,CB,5,0,,0,0,60,WEBER ST,1,D16,40,2,0,3,1,2026,0,77.8,32,3,69.7,1,0,25,0,0,0,64.2,1,0,0,0,WEBER ST,1,0,1,0,21,35,0,69,10.7,77.9,0,342,40,27,0,1,78.8,12,0,1,55.1,2,0,0
159109,Dillon Pardue,ED,0,0,,0,1,,ELON,0,D42,0,0,0,27,1,2027,48,24,0,0,,2,0,0,9,0,0,61.3,0,0,1,0,ELON,0,1,2,0,,0,50,55.5,,0,0,162,48,0,0,0,0,21,0,1,58.4,0,0,39
159114,Ethan Grace,ED,0,0,,0,1,,ELON,0,D13,0,0,0,7,1,2027,11,23.1,0,0,,0,0,0,1,0,0,52.9,0,0,0,0,ELON,0,0,0,0,,0,100,51.1,,73.1,0,162,11,0,0,0,0,4,0,0,57.9,0,0,10
159117,Ishmel Atkins,CB,2,0,,0,0,50,ELON,2,D05,47,7,0,1,1,2027,0,79.3,6,1,72.9,1,0,24,0,0,0,70,37,0,0,0,ELON,1,0,1,0,6,3,0,74.2,6,75.1,0,162,47,0,0,0,56.3,22,0,2,60,0,0,0
159118,Jesse Powell II,S,5,0,,0,1,100,ELON,7,D01,50,32,0,3,1,2027,8,67.2,49,5,65.3,0,0,29,0,0,0,71.7,0,0,0,0,ELON,3,0,0,0,18,17,10,68.6,9.8,75.4,0,162,58,40,0,0,107.5,26,2,2,57.9,1,0,8
159123,Anthony Martin,LB,0,0,,0,0,,ELON,0,D11,1,0,0,0,1,2027,0,,0,0,,0,0,0,0,0,0,60,0,0,0,0,ELON,0,0,0,0,,0,,60.3,,,0,162,1,0,0,0,0,1,0,0,,0,0,0
159135,Sherrod Hudson,S,0,0,,0,0,,MAINE,1,D38,19,4,0,1,1,2027,0,77.8,0,0,72.2,0,0,9,0,0,0,62.5,0,0,0,0,MAINE,0,0,0,0,,15,0,71.4,,73.6,0,212,19,0,0,0,0,9,0,1,60,0,0,0
159144,Jamaree Gibson,CB,0,0,,0,0,,MAINE,4,D08,54,5,0,2,1,2027,0,79.8,0,0,72,0,0,33,0,0,0,68.5,49,0,0,0,MAINE,1,0,0,0,,0,0,72,,75.8,0,212,54,0,0,0,0,19,0,0,54.8,0,0,0
159149,Brendan Bigos,DI,0,0,,0,0,,MONMOUTH,2,D90,0,0,0,16,1,2027,32,72.9,0,0,,0,0,0,3,0,0,62.5,0,0,0,0,MONMOUTH,1,0,0,0,,0,0,60.1,,74.5,0,231,32,0,29,0,0,16,0,0,55.7,0,0,0
159163,Jackson Stone,S,0,0,,0,1,,NEW HAMP,0,D12,7,5,0,1,1,2027,1,20.7,0,0,61.2,0,0,2,0,0,0,48.8,0,0,0,0,NEW HAMP,0,0,0,0,,1,100,49.4,,67.9,0,240,8,0,0,0,0,5,0,0,60,1,0,1
159165,T.J. Farrell,ED,0,0,,0,0,,NEW HAMP,0,D96,0,0,0,6,1,2027,10,,0,0,,0,0,0,3,0,0,60.6,0,0,0,0,NEW HAMP,0,0,0,0,,0,,58.3,,71.6,0,240,10,0,0,0,0,4,0,0,56.6,0,0,7
159167,Cameron Garner-Young,DI,0,0,,0,0,,NEW HAMP,3,D09,0,0,0,18,1,2028,38,71.5,0,0,67.4,0,0,0,0,16,0,59.9,0,0,0,0,NEW HAMP,3,0,0,0,,0,0,63.1,,78.4,0,240,38,0,22,0,0,20,1,0,56.8,0,0,0
159169,Justin Fevrier,DI,0,0,,0,0,,NEW HAMP,0,D90,0,0,0,2,1,2027,3,,0,0,,0,0,0,0,3,0,60,0,0,0,0,NEW HAMP,0,0,0,0,,0,,37.1,,72.3,0,240,3,0,0,0,0,1,0,0,59.6,0,0,0
159173,Barry Kleinpeter,S,0,0,,0,0,,NEW HAMP,0,D11,1,1,0,1,1,2028,0,,0,0,,1,0,0,0,0,0,,0,0,0,0,NEW HAMP,0,0,1,0,,0,,60,,61.7,0,240,1,0,0,0,0,0,0,0,60,0,0,0
159217,Elijah Tarlton,ED,0,0,,0,0,,TOWSON,0,D91,0,0,0,7,1,2027,16,71.3,0,0,,0,0,0,13,0,0,57.8,0,0,0,0,TOWSON,0,0,0,0,,0,,56.1,,72,0,317,16,0,0,0,0,9,0,0,56.4,0,0,3
159232,Bryce Barnes,S,1,0,,0,0,100,WM & MARY,2,D15,7,0,0,0,1,2028,0,77.6,63,1,41,0,0,4,0,0,0,60,0,0,0,0,WM & MARY,1,0,0,0,63,3,0,42.2,63,71.3,0,348,7,22,0,0,158.3,3,0,0,,4,1,0
159235,Stewart Harrington III,ED,0,0,,0,0,,WM & MARY,0,D40,1,0,0,11,1,2027,25,,0,0,60,1,0,1,0,0,0,55.7,0,0,0,0,WM & MARY,0,0,1,0,,1,,55.4,,78.2,0,348,26,0,0,0,0,14,0,0,55.9,0,0,25
159264,Jack Smiechowski,LB,2,0,,0,3,100,COLUMBIA,4,D15,36,8,0,5,1,2026,16,38.6,16,2,60.9,0,0,12,0,0,0,63.8,0,0,0,0,COLUMBIA,1,0,0,0,10,28,27.3,62.5,8,80.8,0,145,52,11,0,0,100,35,0,4,57.8,0,0,16
159265,Joshua Powell,ED,0,0,,0,2,,COLUMBIA,5,D13,0,0,0,15,1,2026,42,28.6,0,0,,0,0,0,4,0,0,56.9,0,0,0,0,COLUMBIA,3,0,0,0,,0,28.6,56.2,,78.7,0,145,42,0,1,0,0,27,1,0,55.7,0,0,37
159271,Owen Thomas,ED,0,0,,0,2,,COLUMBIA,0,D97,0,0,0,8,1,2028,27,22.2,0,0,,1,0,0,7,0,0,48.3,0,0,0,0,COLUMBIA,0,0,1,0,,0,66.7,50.7,,74.1,0,145,27,0,19,0,0,19,0,1,63.1,0,0,1
159286,Joey Cheshire,LB,2,0,,0,2,100,CORNELL,1,D14,58,58,0,1,1,2027,1,44.2,39,2,45.2,0,0,39,0,0,0,65.7,0,0,0,0,CORNELL,1,0,0,0,25,0,25,52.2,19.5,71.3,0,147,59,39,0,0,158.3,19,0,5,59.5,0,1,1
159289,Ben Sahakian,ED,4,0,,0,0,100,CORNELL,6,D21,7,3,0,38,1,2027,62,81.7,11,4,81.2,2,0,7,0,0,0,70.4,0,2,0,0,CORNELL,5,0,4,0,4,4,0,76.5,2.8,82.1,0,147,69,9,0,0,79.2,24,0,2,64.2,0,0,62
159290,James Reinbold,ED,0,0,,0,0,,CORNELL,1,D32,0,0,3,37,1,2027,55,76.8,0,0,60,0,0,0,54,0,0,65.7,0,1,0,0,CORNELL,1,0,4,0,,0,0,65.7,,75.3,0,147,55,0,1,0,0,18,0,1,62.1,0,0,0
159291,Daniel Amasha,DI,0,0,,0,0,,CORNELL,2,D36,0,0,0,14,1,2027,20,70.2,0,0,60,0,0,0,0,14,0,66.3,0,0,0,0,CORNELL,2,0,0,0,,0,0,63.8,,75.2,0,147,20,0,6,0,0,6,0,0,56.3,0,0,0
159298,Nico Schwikal,LB,3,0,,0,0,66.7,DARTMOUTH,2,D53,33,27,0,0,1,2026,0,82.8,25,2,64,0,0,14,0,0,0,71.2,0,0,0,0,DARTMOUTH,1,0,0,0,20,6,0,69.7,12.5,74.9,0,148,33,18,0,1,92.4,19,0,5,,0,0,0
159301,Sean Williams,S,2,0,,0,2,0,DARTMOUTH,2,D09,39,3,0,0,1,2026,0,18.9,0,0,32.4,0,0,19,0,0,0,70.8,0,0,0,0,DARTMOUTH,1,0,0,0,,12,40,43.2,,77.3,0,148,39,0,0,0,39.6,20,0,1,,24,0,0
159306,Jabari Johnson,ED,0,0,,0,0,,DARTMOUTH,3,D93,0,0,0,14,1,2026,33,76.2,0,0,,0,0,0,7,0,0,68.8,0,0,0,0,DARTMOUTH,2,0,0,0,,0,0,67.2,,76.3,0,148,33,0,1,0,0,19,0,1,59,0,0,25
159307,Tyson Grimm,CB,2,1,,0,0,50,DARTMOUTH,2,D13,35,5,0,0,1,2027,0,82.8,10,1,90.6,0,1,18,0,0,0,74.7,0,0,0,0,DARTMOUTH,0,0,0,0,10,27,0,90.6,10,77.2,0,148,35,6,0,0,25,17,0,4,,3,0,0
159308,Dakota Quiñonez,DI,0,0,,0,0,,DARTMOUTH,1,D01,0,0,0,14,1,2027,32,72.4,0,0,,0,0,0,0,6,0,76,0,0,0,1,DARTMOUTH,1,0,0,0,,0,0,74.9,,75.4,0,148,32,0,26,0,0,18,0,1,61.8,0,0,0
159310,Zyion Brown,LB,7,0,,0,2,85.7,DARTMOUTH,12,D00,42,35,0,3,1,2027,1,65.2,58,6,53.5,0,0,17,0,0,0,54.5,0,1,0,0,DARTMOUTH,5,0,1,0,27,7,13.3,53.9,9.7,73.4,0,148,43,27,0,0,101.2,23,0,1,67.1,0,0,1
159316,Patrick Campbell,CB,1,0,,0,0,0,DARTMOUTH,0,D05,34,8,0,0,1,2027,0,,0,0,66.5,0,0,17,0,0,0,63.9,26,0,0,0,DARTMOUTH,0,0,0,0,,0,,67.3,,73.8,0,148,34,0,0,0,39.6,17,0,0,,0,0,0
159317,Jamal Cooper Jr.,CB,2,0,,0,0,0,DARTMOUTH,0,D03,20,0,0,0,1,2027,0,,0,0,80.6,0,0,9,0,0,0,61.8,20,0,0,0,DARTMOUTH,0,0,0,0,,0,,80.1,,73.3,0,148,20,0,0,1,39.6,11,0,0,,0,0,0
159320,Joe Onuwabhagbe,DI,0,0,,0,0,,DARTMOUTH,1,D94,0,0,0,19,1,2027,40,69.7,0,0,,0,0,0,4,1,0,61.5,0,1,0,0,DARTMOUTH,1,0,1,0,,0,0,62.8,,75.4,0,148,40,0,35,0,0,21,1,0,61.8,0,0,0
159329,Ty Bartrum,S,0,0,,0,0,,HARVARD,2,D21,60,8,0,0,1,2027,4,85,0,0,63.1,0,0,38,0,0,0,77,0,0,0,0,HARVARD,1,0,0,0,,2,0,68.8,,79.1,0,179,64,0,0,0,0,26,0,4,,50,0,4
159331,Jack Kirkwood,LB,3,0,,0,0,66.7,HARVARD,4,D46,35,28,2,4,1,2026,6,81.7,1,2,69.1,0,1,21,0,0,0,76.7,2,0,0,0,HARVARD,3,0,2,0,3,5,0,78.6,0.5,75,0,179,41,4,0,0,30.6,16,0,1,73.1,0,0,6
159332,Xavier Agostino,DI,0,0,,0,0,,HARVARD,3,D99,0,0,0,22,1,2026,40,74.2,0,0,61.7,0,0,0,0,2,0,70.1,0,0,0,0,HARVARD,2,0,0,0,,0,0,70.5,,75.1,0,179,40,0,38,0,0,18,0,1,59.4,0,0,0
159338,Jaeden Kinlock,LB,0,0,,0,2,,HARVARD,0,D38,32,30,1,7,1,2026,0,31.5,0,0,63.4,1,0,10,0,0,0,63.3,0,1,0,0,HARVARD,1,0,3,0,,2,50,65.6,,74,0,179,32,0,0,0,0,15,0,2,62.3,0,0,0
159341,Alex DeGrieck,ED,0,0,,0,0,,HARVARD,1,D79,0,0,0,25,1,2027,42,71.3,0,0,,1,0,0,29,0,0,69.2,0,1,0,0,HARVARD,1,0,2,0,,0,0,68.2,,74.6,0,179,42,0,0,0,0,17,0,0,62.5,0,0,13
159343,Duke Bradley,S,0,0,,0,0,,HARVARD,2,D01,10,0,0,0,1,2027,1,78.5,0,0,67.3,0,0,8,0,0,0,65.6,0,0,0,0,HARVARD,1,0,0,0,,4,0,71,,75.4,0,179,11,0,0,0,0,3,0,0,,6,0,1
159350,Jacob Anderson,DI,0,0,,0,0,,ILL STATE,3,D97,0,0,0,20,1,2027,47,73.8,0,0,,1,0,0,2,35,0,63.3,0,0,0,0,ILL STATE,3,0,1,0,,0,0,65.4,,77.7,0,188,47,0,10,0,0,27,1,0,64.4,0,0,0
159361,Tye Niekamp,LB,6,0,,0,3,66.7,ILL STATE,10,D46,76,68,0,15,1,2027,0,54.3,10,4,73.1,4,0,24,0,0,0,57.7,0,1,0,0,ILL STATE,7,0,5,0,4,7,20,73.1,2.5,76.9,0,188,76,-2,0,0,70.1,37,1,2,78.9,1,0,0
159380,Payton Edwards,CB,2,0,,0,0,50,GARD-WEBB,0,D18,25,0,0,0,1,2026,0,,4,1,66,0,0,14,0,0,0,61.7,24,0,0,0,GARD-WEBB,0,0,0,0,4,1,,66.5,4,74.2,0,171,25,10,0,0,56.3,11,0,0,,0,0,0
159388,Kolten Gajewski,ED,0,0,,0,0,,INDIANA ST,1,D06,0,0,0,27,1,2027,47,72.9,0,0,60,3,0,1,13,0,0,52.8,0,0,0,1,INDIANA ST,1,0,3,0,,0,0,65,,77.6,0,191,47,0,2,0,0,19,1,0,73.7,0,0,32
159393,DJ Griffith,LB,0,0,,0,2,,INDIANA ST,0,D38,21,18,0,1,1,2027,1,24.1,0,0,63,0,0,7,0,0,0,50.3,0,0,0,0,INDIANA ST,0,0,0,0,,3,100,53.9,,70.8,0,191,22,0,0,0,0,14,0,0,59,0,0,1
159401,Shane Bennett,DI,0,0,,0,0,,INDIANA ST,1,D90,0,0,0,32,1,2027,55,69.7,0,0,,1,0,0,12,5,0,58.7,0,0,0,2,INDIANA ST,1,0,1,0,,0,0,64.1,,76.6,0,191,55,0,38,0,0,23,0,0,67.1,0,0,0
159403,Bryan Henderson II,ED,0,0,,0,0,,INDIANA ST,1,D94,0,0,0,4,1,2027,14,74,0,0,,0,0,0,8,0,0,70.1,0,1,0,0,INDIANA ST,1,0,1,0,,0,0,68.7,,72.4,0,191,14,0,0,0,0,10,0,1,56.5,0,0,6
159425,Keith Moko,CB,5,0,,0,0,20,W ILLINOIS,4,D21,48,3,0,0,1,2030,2,80.2,11,1,71.4,0,0,25,0,0,0,70.2,45,0,0,0,W ILLINOIS,1,0,0,0,11,0,0,72.8,11,76.6,0,345,50,0,0,0,39.6,25,0,1,,0,0,2
159440,Calvin Jaworski,S,0,0,,0,0,,N IOWA,0,D21,4,0,0,0,1,2027,0,,0,0,60.6,0,0,2,0,0,0,60,0,0,0,0,N IOWA,0,0,0,0,,0,,60.8,,68.4,0,255,4,0,0,0,0,2,0,0,,4,0,0
159466,Luke Kelley,ED,0,0,,0,1,,NEWHVN,5,D44,0,0,0,23,1,2026,52,50,0,0,,1,0,0,25,0,0,69.2,0,0,0,0,NEWHVN,4,0,1,0,,0,14.3,65.6,,77,0,1013,52,0,1,0,0,29,1,1,54.9,0,0,26
159506,Trey McLeer,S,0,0,,0,0,,MONMOUTH,0,D17,1,1,0,0,1,2027,0,,0,0,60,0,0,1,0,0,0,,0,0,0,0,MONMOUTH,0,0,0,0,,0,,60.8,,61.7,0,231,1,0,0,0,0,0,0,0,,0,0,0
159509,Bones Marks,CB,0,0,,0,0,,TARLETON,2,D28,10,0,0,0,1,2027,0,76.2,0,0,67.1,0,0,9,0,0,0,60,10,0,0,0,TARLETON,0,0,0,0,,0,0,67.7,,71.2,0,401,10,0,0,0,0,1,0,0,,0,0,0
159512,Will Middleton,LB,3,0,,0,0,33.3,AUSTINPEAY,3,D04,26,22,0,3,1,2026,4,76.9,16,1,57.1,0,0,14,0,0,0,61.8,0,0,0,0,AUSTINPEAY,2,0,0,0,16,4,0,58.1,16,73.3,0,116,30,3,0,0,52.1,13,0,0,56.5,0,0,4
159516,Jayden Brown,CB,3,0,,0,1,66.7,WAGNER,3,D08,52,0,0,0,1,2026,0,63.3,7,2,77.7,0,1,30,0,0,0,57.7,51,0,1,0,WAGNER,2,0,0,0,5,0,25,72.3,3.5,0,0,338,52,0,0,0,30.6,22,0,0,,0,0,0
159524,Mo Vanderwiel,ED,0,0,,0,0,,SAN DIEGO,1,D56,0,0,0,2,1,2026,3,72.2,0,0,60,0,0,0,0,0,0,60,0,0,0,0,SAN DIEGO,0,0,0,0,,0,0,62.5,,69.6,0,283,3,0,0,0,0,1,0,0,58.9,0,0,3
159542,Franklin Simms,DI,0,0,,0,0,,WAGNER,0,D99,0,0,0,4,1,2026,13,,0,0,,0,0,0,2,3,0,70.9,0,0,0,0,WAGNER,0,0,0,0,,0,,70.6,,73,0,338,13,0,7,0,0,9,0,0,58,0,0,1
159612,Cole Silzer,DI,0,0,,0,0,,E ILLINOIS,1,D96,0,0,0,16,1,2027,26,68.7,0,0,,0,0,0,0,14,0,67.6,0,0,0,0,E ILLINOIS,1,0,0,0,,0,0,63,,76.6,0,158,26,0,12,0,0,10,0,0,55,0,0,0
159625,Henry Pickens,CB,0,0,,0,0,,DUQUESNE,2,D06,28,0,0,0,1,2028,0,76.6,0,0,53.9,0,0,13,0,0,0,65.2,28,0,0,0,DUQUESNE,0,0,0,0,,0,0,56.3,,74.1,0,155,28,0,0,0,0,15,0,0,,0,0,0
159632,Latrevion Thompson,ED,1,0,,1,2,0,SE MO ST,1,D13,10,9,1,21,1,2027,47,29.9,0,0,76.6,1,0,6,0,0,0,59.9,0,0,0,1,SE MO ST,2,0,2,0,,1,66.7,68.5,,79.8,0,293,57,0,0,1,39.6,30,1,0,63.4,0,0,47
159666,Dion Villiers,S,1,0,,0,0,100,FL A&M,3,D23,30,21,0,0,1,2029,0,80.8,6,1,60,0,0,12,0,0,0,60.3,0,0,0,0,FL A&M,0,0,0,0,6,3,0,60.3,6,74.2,0,164,30,4,0,0,91.7,18,0,0,,6,0,0
159671,Micah Gay,LB,4,0,,0,1,50,TENN STATE,3,D03,52,47,0,9,1,2027,0,49,28,2,63.6,1,0,27,0,0,0,73.2,0,0,0,0,TENN STATE,3,0,1,0,14,4,20,68.1,14,74.4,0,308,52,20,0,0,72.9,16,1,1,59.2,1,0,0
159730,Bradley Pao,S,1,0,,0,0,100,BUCKNELL,2,D18,20,6,0,1,1,2026,1,79.4,6,1,48.7,0,0,6,0,0,0,59,0,0,0,0,BUCKNELL,1,0,0,0,6,1,0,51.8,6,72.8,0,125,21,0,0,0,91.7,14,0,0,60,13,0,1
159732,Donquarius Parker,ED,0,0,,0,1,,NC CENT,1,D15,3,2,0,12,1,2027,43,29.7,0,0,,1,0,0,1,0,0,59.2,0,0,0,0,NC CENT,1,0,1,0,,0,50,55.2,,80.1,0,247,46,0,2,0,0,34,0,0,49,0,0,40
159733,Jack Goheen,LB,0,0,,0,3,,BUCKNELL,3,D47,64,58,1,7,1,2026,2,27.9,0,0,59.3,3,0,24,0,0,0,53.7,0,0,0,0,BUCKNELL,4,0,4,0,,3,42.9,57.2,,75.4,0,125,66,0,0,0,0,35,1,1,63.3,3,0,2
159735,Daniel Sierk,DI,0,0,,0,1,,BUCKNELL,1,D92,1,1,0,18,1,2026,37,36.2,0,0,,0,0,0,0,13,0,66,0,0,0,0,BUCKNELL,1,0,0,0,,0,33.3,63.5,,76.3,0,125,38,0,24,0,0,20,0,1,55.9,0,0,0
159751,Trey Watkins,S,1,0,,1,0,100,LIUSHAR,2,D30,62,17,0,0,1,2027,0,81.3,28,1,80.4,0,1,39,0,0,0,80.1,0,0,0,0,LIUSHAR,1,0,0,0,28,3,0,82.8,28,78,0,1298,62,0,0,0,118.8,23,0,2,,42,1,0
159774,Brycen Edwards,LB,2,0,,0,1,50,LEHIGH,8,D26,67,65,2,9,1,2027,0,77.5,2,1,76.8,2,0,35,0,0,0,83.7,0,0,0,0,LEHIGH,6,0,4,0,2,2,8.3,86.3,2,76.8,0,205,67,1,0,1,56.3,23,0,3,68.3,0,0,0
159776,Tyler Ochojski,ED,0,0,,0,0,,LEHIGH,4,D08,1,1,2,34,1,2026,64,80,0,0,70.1,0,0,9,0,0,0,71.5,0,0,1,1,LEHIGH,6,0,2,0,,0,0,70.2,,0.8,0,205,65,0,0,0,0,22,0,0,66,0,0,64
159777,Nick Peltekian,S,0,0,,0,1,,LEHIGH,3,D03,42,7,0,1,1,2027,1,49.6,0,0,67.9,1,0,26,0,0,0,72.1,0,0,0,0,LEHIGH,1,0,1,0,,32,20,72.6,,78.2,0,205,43,0,0,0,0,16,0,1,67.6,3,0,1
159780,Jasuah Philemon,ED,0,0,,0,0,,LEHIGH,1,D58,0,0,0,15,1,2026,23,72.2,0,0,,1,0,0,0,0,0,72.3,0,0,0,0,LEHIGH,1,0,1,0,,0,0,70.8,,77.2,0,205,23,0,0,0,0,8,0,0,61.1,0,0,23
159782,T.J. Burke,DI,1,0,,0,0,100,LEHIGH,2,D00,0,0,1,32,1,2026,50,73.6,7,1,56.2,2,0,0,2,1,0,72.7,0,0,0,0,LEHIGH,2,0,3,0,7,0,0,66.9,7,76.1,0,205,50,0,46,0,95.8,18,1,0,67.5,0,0,1
159783,Matt Spatny,ED,0,0,,0,2,,LEHIGH,0,D11,1,1,1,26,1,2026,38,29.2,0,0,60,5,0,1,0,0,0,71.8,0,2,0,0,LEHIGH,1,0,8,0,,0,66.7,90.4,,78,0,205,39,0,0,0,0,12,0,1,89.6,0,0,38
159784,Quentin Joyner,DI,0,0,,0,0,,LEHIGH,1,D98,0,0,0,22,1,2026,28,70.2,0,0,,0,0,0,0,1,0,63.8,0,1,0,0,LEHIGH,0,0,1,0,,0,0,63.3,,74.3,0,205,28,0,27,0,0,6,0,0,60.2,0,0,0
159803,Montrell Henderson,DI,0,0,,0,0,,CHATTNOOGA,1,D91,0,0,0,13,1,2027,23,70.1,0,0,,0,0,0,0,3,0,68.5,0,0,0,0,CHATTNOOGA,1,0,0,0,,0,0,65.3,,74.2,0,137,23,0,20,0,0,10,0,0,56.1,0,0,0
159812,Charles Ingram V,CB,3,0,,0,0,66.7,E KENTUCKY,1,D20,11,0,0,0,1,2028,0,74.2,19,2,61.8,0,0,3,0,0,0,60.9,8,0,0,0,E KENTUCKY,0,0,0,0,12,3,0,62.8,9.5,71.7,0,159,11,10,0,0,123.6,8,0,0,,0,1,0
159813,Tre' McLeod,S,0,0,,0,0,,FURMAN,0,D17,2,0,0,0,1,2027,0,,0,0,61,0,0,2,0,0,0,,0,0,0,0,FURMAN,0,0,0,0,,1,,61.2,,66.7,0,170,2,0,0,0,0,0,0,0,,1,0,0
159814,Dylan Chiedo,ED,1,0,,0,0,0,FURMAN,2,D05,0,0,0,13,1,2028,27,74.7,0,0,52.4,0,0,2,0,0,0,76.2,0,0,0,0,FURMAN,2,0,0,0,,0,0,62.8,,78.1,0,170,27,0,0,0,39.6,12,1,0,54.5,0,0,27
159817,Malachi Harrison,DI,0,0,,0,0,,FURMAN,1,D07,0,0,0,6,1,2027,13,69.7,0,0,,0,0,0,0,0,0,74.7,0,0,0,0,FURMAN,1,0,0,0,,0,0,74.2,,72.1,0,170,13,0,13,0,0,7,1,0,58.1,0,0,0
159837,Isaiah Washburn,ED,0,0,,0,1,,BETH COOK,0,D11,0,0,0,8,1,2027,9,24.9,0,0,,1,0,0,0,0,0,60,0,0,0,0,BETH COOK,0,0,1,0,,0,100,54.2,,73.6,0,119,9,0,0,0,0,1,0,0,53.8,0,0,9
159852,Juwan Johnson,S,0,0,,0,0,,MERCER,0,D13,15,11,0,1,1,2026,0,,0,0,63.6,0,0,8,0,0,0,60,0,0,0,0,MERCER,0,0,0,0,,0,,63.1,,71.7,0,219,15,0,0,0,0,6,0,0,60,4,0,0
159854,Isaac Prince,LB,2,0,,0,0,50,MERCER,1,D46,24,21,1,2,1,2028,0,77.9,13,1,65.3,0,0,13,0,0,0,57.1,0,0,0,0,MERCER,2,0,1,0,13,3,0,66.7,13,73.8,0,219,24,0,0,1,70.8,9,0,1,69.6,0,0,0
159863,Drew Clare,LB,2,0,,1,0,0,MERCER,3,D51,31,24,1,2,1,2027,3,79.8,0,0,75.8,0,0,19,0,0,0,67.3,0,0,0,0,MERCER,3,0,1,0,,7,0,81.6,,73.9,0,219,34,0,0,0,39.6,13,0,0,78.9,0,0,3
159875,Tucker Wilson,ED,0,0,,0,0,,MERCER,1,D90,0,0,0,2,1,2027,4,71.5,0,0,,0,0,0,0,0,0,65.6,0,0,0,0,MERCER,1,0,0,0,,0,0,66.9,,69.8,0,219,4,0,0,0,0,2,1,0,57.6,0,0,4
159881,Tommy Bliss,S,0,0,,0,0,,MERCER,6,D12,45,35,0,0,1,2027,0,84.8,0,0,67,0,0,29,0,0,0,88.4,0,0,0,0,MERCER,3,0,0,0,,2,0,76.5,,76,0,219,45,0,0,0,0,16,1,2,,8,0,0
159906,Trey Woods,ED,0,0,,0,1,,ROB MORRIS,1,D57,0,0,0,29,1,2027,49,44.8,0,0,60.2,1,0,1,26,0,0,63.4,0,1,0,0,ROB MORRIS,0,0,2,0,,0,20,63.3,,77.2,0,277,49,0,0,0,0,19,0,3,59.8,0,0,23
159912,Mitchell Robinson Jr.,LB,2,0,,0,1,100,ROB MORRIS,4,D13,41,29,0,4,1,2029,8,57.8,35,2,47.2,1,0,23,0,0,0,74,1,0,0,0,ROB MORRIS,3,0,1,0,20,11,16.7,58.6,17.5,75.2,0,277,49,35,0,0,118.8,22,1,1,56.9,0,0,8
159933,Robert Dickerson,CB,5,0,,0,0,60,ROB MORRIS,0,D01,56,0,0,0,1,2028,0,,50,3,43.3,0,0,33,0,0,0,63.5,53,0,0,0,ROB MORRIS,0,0,0,0,30,3,,45.5,16.7,77.1,0,277,56,12,0,0,133.3,23,0,0,,0,1,0
159974,Wisdom Simms,DI,0,0,,0,0,,NC CENT,4,D97,0,0,1,15,1,2028,44,75.9,0,0,60,1,0,0,4,1,0,69.9,0,1,1,0,NC CENT,4,0,3,0,,0,0,65,,0,0,247,44,0,38,0,0,29,1,1,71.9,0,0,1
160047,Micah Owens,DI,0,0,,0,0,,TXAMEA,0,D92,0,0,0,19,1,2026,32,,0,0,,2,0,0,2,0,0,67.8,0,0,0,0,TXAMEA,0,0,2,0,,0,,72.1,,74.3,0,1139,32,0,30,0,0,13,0,0,68.7,0,0,0
160075,Kyree Anderson,LB,4,0,,0,4,75,TXAMEA,11,D06,86,83,0,3,1,2028,4,49.8,36,3,66.7,0,0,47,0,0,0,78.4,0,0,1,0,TXAMEA,7,0,0,0,19,3,20,71.7,12,0,0,1139,90,36,0,0,102.1,40,0,5,57.4,0,0,4
160079,Patrick Brown Jr.,DI,0,0,,0,0,,TXAMEA,3,D95,4,4,0,28,1,2026,52,73.4,0,0,60,0,0,0,0,6,0,62.8,0,1,0,0,TXAMEA,3,0,1,0,,0,0,63.6,,77,0,1139,56,0,46,0,0,28,0,0,61,0,0,0
160086,Anthony Gray,DI,0,0,,0,0,,TXAMEA,0,D12,0,0,0,19,1,2029,42,69.7,0,0,,0,0,0,7,0,0,59.6,0,0,1,0,TXAMEA,0,0,0,0,,0,,53.4,,0,0,1139,42,0,6,0,0,23,0,0,57.8,0,0,29
160087,Sean-Krystoff King,S,1,0,,0,0,100,TXAMEA,4,D28,26,19,0,0,1,2026,0,82.2,7,1,73.7,0,0,6,0,0,0,71.6,0,0,0,0,TXAMEA,1,0,0,0,7,3,0,76.3,7,72.2,0,1139,26,1,0,0,95.8,20,0,1,,4,0,0
160093,Lavon Williams,S,3,0,,0,4,66.7,TXAMEA,7,D02,94,57,0,1,1,2027,0,38.9,17,2,84.2,0,1,49,0,0,0,68.9,0,0,0,0,TXAMEA,3,0,0,0,12,14,28.6,81.1,8.5,76.7,0,1139,94,22,0,1,41.7,44,0,3,59,23,0,0
160101,Warren Robinson,ED,0,0,,0,2,,GRAMBLING,3,D10,0,0,2,31,1,2026,62,33.3,0,0,51.4,5,0,2,6,0,0,52.8,0,0,0,0,GRAMBLING,4,0,7,0,,0,33.3,62,,80.2,0,177,62,0,0,0,0,29,0,1,73.7,0,0,56
160124,Ian Conerly-Goodly,S,1,0,,0,1,0,SE LA,1,D25,40,14,0,0,1,2026,1,28.5,0,0,59.8,0,0,23,0,0,0,64.8,0,0,0,0,SE LA,1,0,0,0,,3,50,62,,79.1,0,294,41,0,0,0,39.6,18,0,0,,23,0,1
160125,KK Reno,LB,1,0,,1,1,100,SE LA,5,D00,46,38,0,2,1,2026,0,84.2,-2,1,79.8,0,0,25,0,0,0,75.3,0,0,0,0,SE LA,3,0,0,0,-2,8,11.1,82.5,-2,75.3,0,294,46,0,0,0,79.2,19,1,3,57.7,0,0,0
160128,Rowan Briggs,ED,0,0,,0,0,,SE LA,2,D09,0,0,0,23,1,2026,34,74.1,0,0,60,2,0,1,1,0,0,71.1,0,0,0,0,SE LA,2,0,2,0,,0,0,66.7,,76.9,0,294,34,0,3,0,0,10,0,0,59.3,0,0,30
160131,Kaleb Proctor,DI,0,0,2026,0,1,,SE LA,1,D02,0,0,1,28,1,2026,40,43.8,0,0,60,4,0,0,1,0,0,66.4,0,1,0,0,SE LA,2,0,6,0,,0,33.3,71.3,,75.6,0,294,40,0,38,0,0,12,0,1,68.3,0,0,1
160149,Donald Johnson Jr.,CB,2,0,,0,0,50,NWSTATE,2,D35,24,1,0,0,1,2027,0,79,12,1,72,0,0,13,0,0,0,69.2,20,0,0,0,NWSTATE,2,0,0,0,12,2,0,74.5,12,74,0,257,24,6,0,0,68.8,11,0,1,,1,0,0
160156,Tory Morgan,LB,2,0,,0,1,50,GRAMBLING,1,D07,37,35,0,5,1,2027,0,25.4,15,1,66.9,1,0,19,0,0,0,59.2,0,0,0,0,GRAMBLING,1,0,1,0,15,0,33.3,66.2,15,73.5,0,177,37,15,0,0,75,13,0,1,63,2,0,0
160158,Danny Sears,LB,1,0,,0,3,100,NWSTATE,2,D09,69,67,0,1,1,2027,0,25.9,29,1,60.3,0,0,31,0,0,0,28.7,0,0,0,0,NWSTATE,1,0,0,0,29,2,50,39.5,29,74.7,0,257,69,31,0,0,118.8,37,0,1,58.8,0,0,0
160193,Crajaun Bennett,CB,3,0,,0,1,33.3,MCNEESE,3,D13,72,2,0,0,1,2026,1,59.5,11,1,71,0,0,23,0,0,0,61.7,69,0,0,0,MCNEESE,1,0,0,0,11,1,25,69.3,11,77.8,0,217,73,0,0,0,45.1,50,0,0,,0,0,1
160201,Phillip Bradford,ED,0,0,,0,2,,MCNEESE,2,D44,1,1,0,13,1,2028,48,36.2,0,0,61,2,0,1,1,0,0,67.9,0,0,0,0,MCNEESE,2,0,2,0,,0,40,67.9,,79.3,0,217,49,0,4,0,0,35,1,1,59.8,0,0,43
160203,Mase Lewis,ED,0,0,,0,0,,MCNEESE,1,D18,0,0,0,11,1,2027,29,70.8,0,0,,1,0,0,4,0,0,70.5,0,0,0,1,MCNEESE,1,0,1,0,,0,0,74,,77.1,0,217,29,0,0,0,0,18,0,0,68.7,0,0,25
160220,Patrick Marshall,S,5,0,,0,2,60,GRAMBLING,3,D21,48,4,0,2,1,2026,3,36.6,59,3,46.1,0,0,26,0,0,0,48.6,1,0,0,0,GRAMBLING,1,0,0,0,43,43,33.3,44.8,19.7,78.3,0,177,51,35,0,0,101.3,23,1,1,57.6,0,0,3
160235,Khalil Hunter,LB,0,0,,0,1,,MS VLY ST,2,D25,30,30,0,3,1,2027,0,32.2,0,0,63.5,0,0,10,0,0,0,59.9,0,0,0,0,MS VLY ST,1,0,0,0,,0,33.3,61,,73.4,0,228,30,0,0,0,0,17,0,0,55.6,0,0,0
160247,Caulen Dunn,LB,0,0,,0,0,,SAMFORD,2,D42,8,6,0,0,1,2028,0,76.4,0,0,,0,0,0,0,0,0,61,0,0,0,0,SAMFORD,2,0,0,0,,2,0,61.2,,67.8,0,282,8,0,0,0,0,8,0,0,,0,0,0
160255,Maurice LaPierre,ED,0,0,,0,1,,TENN TECH,2,D16,1,1,1,37,1,2026,45,52.4,0,0,60,4,0,0,2,0,0,55.9,0,1,0,0,TENN TECH,2,0,6,0,,0,33.3,61,,79.2,0,309,46,0,0,0,0,9,0,0,61.6,0,0,43
160259,Grant DeGraffenreid,LB,0,0,,0,0,,ALABAMA ST,1,D45,12,12,0,1,1,2027,0,73.6,0,0,62.2,0,0,7,0,0,0,65.6,0,0,0,0,ALABAMA ST,1,0,0,0,,0,0,65.9,,72,0,105,12,0,0,0,0,4,0,0,59.5,0,0,0
160262,Kanye Varner,ED,0,0,,0,0,,JACKSON ST,0,D18,0,0,0,13,1,2026,19,,0,0,,0,0,0,3,0,0,65.8,0,0,0,0,JACKSON ST,0,0,0,0,,0,,68.9,,73.8,0,194,19,0,10,0,0,6,0,0,64.9,0,0,6
160274,Pius Njenge,ED,0,0,,0,0,,TARLETON,0,D13,0,0,0,10,1,2026,15,,0,0,,1,0,0,5,0,0,62.4,0,0,0,0,TARLETON,0,0,1,0,,0,,71.7,,72.7,0,401,15,0,0,0,0,5,0,0,70.8,0,0,10
160275,Byron Mathis,DI,0,0,,0,0,,HOUCHR,0,D90,0,0,0,11,1,2026,30,,0,0,60.6,0,0,1,3,19,0,65.5,0,0,0,0,HOUCHR,0,0,0,0,,0,,64.9,,75.9,0,183,30,0,8,0,0,18,0,0,57.7,0,0,0
160307,Jonah Henry,LB,0,0,,0,0,,PORTLAND,1,D47,13,12,0,1,1,2028,0,74.8,0,0,73,0,0,5,0,0,0,62.1,1,0,0,0,PORTLAND,1,0,0,0,,0,0,71.3,,68.5,0,269,13,0,0,0,0,7,0,0,58.9,0,0,0
160340,Molik Mason,ED,0,0,,0,0,,PRVIEW A&M,0,D92,0,0,0,8,1,2028,8,,0,0,,1,0,0,4,0,0,,0,0,0,0,PRVIEW A&M,0,0,1,0,,0,,70.5,,70.8,0,270,8,0,2,0,0,0,0,0,69.1,0,0,2
160390,Nick Sawyer,CB,2,0,,0,0,50,CHARLES SO,0,D18,35,0,0,0,1,2028,0,73.5,5,1,67.3,0,0,15,0,0,0,63.2,34,0,0,0,CHARLES SO,0,0,0,0,5,1,0,67.7,5,75.3,0,135,35,7,0,0,56.3,20,0,1,,0,0,0
160415,Steven Davis II,CB,3,0,,0,0,100,NC A&T,4,D19,44,2,0,0,1,2027,0,80.1,69,3,57.8,0,0,35,0,0,0,61.1,20,0,0,0,NC A&T,1,0,0,0,34,16,0,58.4,23,77.5,0,246,44,3,0,0,158.3,9,1,0,,6,1,0
160419,Jelani King-Leverett,ED,0,0,,0,0,,NC A&T,0,D92,0,0,0,10,1,2026,16,,0,0,,0,0,0,0,0,0,61.4,0,0,0,0,NC A&T,0,0,0,0,,0,,58.5,,74.1,0,246,16,0,4,0,0,6,0,0,55.8,0,0,12
160422,Jonathan Kimbrough-Campbell,S,4,0,,0,0,75,NC A&T,5,D27,80,44,0,1,1,2027,3,84.5,18,3,67,0,0,58,0,0,0,79.7,0,0,1,0,NC A&T,2,0,0,0,9,25,0,69.5,6,0,0,246,83,1,0,0,122.9,24,0,5,59.7,11,1,3
160439,Turner Inge,LB,0,0,,0,1,,VILLANOVA,6,D05,43,33,1,14,1,2028,17,62.1,0,0,70.8,1,0,21,0,0,0,56.4,0,0,0,0,VILLANOVA,4,0,2,0,,10,14.3,76.4,,80.4,0,334,60,0,0,0,0,25,1,0,89.4,0,0,17
160448,Josh Oluremi,S,1,0,,0,1,100,VILLANOVA,0,D03,11,3,0,0,1,2028,1,21.8,8,1,55.3,0,0,8,0,0,0,60.3,0,0,0,0,VILLANOVA,0,0,0,0,8,8,100,55.7,8,73.2,0,334,12,4,0,0,100,4,0,0,,0,0,1
160449,Garrett Rogan,S,3,0,,0,3,100,VILLANOVA,3,D41,22,6,0,4,1,2027,5,27.1,10,3,69.9,2,0,10,0,0,0,55.4,1,0,0,0,VILLANOVA,3,0,2,0,7,15,50,69,3.3,78,0,334,27,11,0,0,80.6,13,0,0,70.7,0,0,5
160457,Jon Wyatt,CB,1,0,,0,0,0,VILLANOVA,0,D01,9,2,0,0,1,2027,1,,0,0,70.8,0,0,5,0,0,0,60,7,0,0,0,VILLANOVA,0,0,0,0,,0,,71.8,,71.6,0,334,10,0,0,0,39.6,5,0,0,,0,0,1
160465,Andrew Khalife,LB,0,0,,0,0,,COLGATE,0,D47,0,0,0,0,1,2026,1,,0,0,,0,0,0,0,0,0,60,0,0,0,0,COLGATE,0,0,0,0,,0,,60,,66,0,142,1,0,0,0,0,1,0,0,,0,0,1
160473,Danny Norocea,DI,0,0,,0,0,,COLGATE,1,D56,0,0,0,22,1,2026,41,70.2,0,0,,0,0,0,0,8,0,67.6,0,0,0,0,COLGATE,1,0,0,0,,0,0,66.7,,76.3,0,142,41,0,32,0,0,19,0,0,60.6,0,0,1
160475,Dane Picariello,ED,1,0,,0,0,100,COLGATE,4,D32,15,14,0,15,1,2027,42,78.3,11,1,55.7,0,0,12,0,0,0,50.8,0,0,0,0,COLGATE,2,0,0,0,11,1,0,52.4,11,81.5,0,142,57,6,0,0,112.5,30,0,0,58.6,0,0,42
160476,Caleb Procaccini,LB,1,0,,0,0,100,COLGATE,1,D58,1,1,0,0,1,2026,0,73.1,15,1,61.6,0,0,1,0,0,0,,0,0,0,0,COLGATE,0,0,0,0,15,0,0,65.8,15,64.2,0,142,1,13,0,0,118.8,0,0,0,,0,0,0
160484,Sean Allison,LB,3,0,,0,1,100,DRAKE,5,D33,67,44,1,5,1,2028,1,77.2,43,3,58.9,0,0,45,0,0,0,73.3,1,0,0,0,DRAKE,3,0,1,0,18,22,8.3,64.3,14.3,78,0,153,68,49,0,0,118.8,18,1,6,63.2,0,0,1
160485,Trystan Anderson,ED,0,0,,0,1,,DRAKE,2,D58,0,0,1,48,1,2027,66,45.8,0,0,65.1,2,0,1,9,2,0,58.6,0,0,0,1,DRAKE,2,0,3,0,,0,33.3,61.9,,78.9,0,153,66,0,5,0,0,17,0,0,57.9,0,0,50
160486,Jacob Auen,DI,0,0,,0,0,,DRAKE,1,D93,0,0,1,23,1,2026,32,72.4,0,0,60,0,0,0,1,3,0,70,0,0,0,0,DRAKE,1,0,1,0,,0,0,70.5,,75.6,0,153,32,0,28,0,0,9,0,0,63.8,0,0,0
160492,J.R. Flood,LB,7,0,,1,3,71.4,DRAKE,11,D07,64,38,0,8,1,2027,4,59.4,45,5,83,1,0,42,0,0,0,90.9,0,1,1,0,DRAKE,7,0,2,0,18,26,15.8,84.4,9,0,0,153,68,37,0,2,88.4,18,1,5,46.9,0,0,4
160499,Nolan Korzeniowski,DI,0,0,,0,1,,DRAKE,2,D94,0,0,1,38,1,2027,51,56,0,0,61.8,2,0,0,0,1,0,63,0,0,1,0,DRAKE,2,0,3,0,,0,16.7,65.6,,0,0,153,51,0,50,0,0,13,0,3,67.8,0,0,0
160517,Tommy Williams,CB,3,0,,0,3,66.7,DRAKE,2,D05,59,2,0,2,1,2027,5,27.7,6,2,71.9,1,0,46,0,0,0,52,0,1,0,0,DRAKE,0,0,2,0,3,57,60,68.7,3,80.5,0,153,64,14,0,1,70.1,16,0,0,56.8,0,0,5
160518,Benjamin Wilson,S,4,0,,0,0,75,DRAKE,5,D44,67,12,0,0,1,2026,1,84.6,41,3,64.2,0,0,50,0,0,0,67.3,0,0,0,0,DRAKE,1,0,0,0,21,6,0,65.8,13.7,78.1,0,153,68,26,0,0,107.3,18,0,1,,49,0,1
160523,Derrick Brown Jr.,DI,0,0,,0,0,,HOWARD,1,D09,3,3,0,24,1,2027,35,69.7,0,0,60,0,0,1,3,5,0,69.6,0,0,0,0,HOWARD,0,0,0,0,,0,0,64,,76.4,0,184,38,0,27,0,0,13,0,0,56.4,0,0,0
160526,Cam Dyson,LB,3,0,,0,0,66.7,HOWARD,3,D06,32,23,0,11,1,2026,15,78.5,11,2,67.7,0,0,19,0,0,0,74.2,0,0,0,0,HOWARD,2,0,0,0,9,9,0,69.2,5.5,77.1,0,184,47,8,0,1,72.9,17,0,1,52.2,0,0,15
160527,Kaleb Gallop,S,3,0,,0,0,33.3,HOWARD,5,D08,38,24,0,0,1,2027,1,81.9,10,1,57.6,0,0,24,0,0,0,74.8,0,0,0,0,HOWARD,3,0,0,0,10,12,0,64.9,10,73.9,0,184,39,0,0,0,43.8,15,0,2,,2,0,1
160528,Kedrick Green,S,0,0,,0,1,,HOWARD,0,D11,38,16,0,1,1,2027,0,24.4,0,0,66.7,0,0,23,0,0,0,39.8,0,1,0,0,HOWARD,0,0,1,0,,1,50,57.1,,74.8,0,184,38,0,0,0,0,14,0,1,60,21,0,0
160529,Derrick Hartley Jr.,S,0,0,,0,0,,HOWARD,0,D07,1,0,0,0,1,2026,0,,0,0,60,0,0,1,0,0,0,,0,0,0,0,HOWARD,0,0,0,0,,1,,60.6,,63.9,0,184,1,0,0,0,0,0,0,0,,0,0,0
160534,Judah McJimpsey,LB,1,0,,0,1,0,HOWARD,3,D03,17,14,1,1,1,2026,1,54,0,0,72.9,0,0,8,0,0,0,61.3,0,0,1,0,HOWARD,2,0,1,0,,3,20,68.5,,0,0,184,18,0,0,0,39.6,9,1,1,72.3,0,0,1
160535,Noah Miles,ED,0,0,,0,1,,HOWARD,1,D04,0,0,0,22,1,2026,33,22.7,0,0,,0,0,0,8,0,0,57.6,0,0,0,1,HOWARD,1,0,0,0,,0,50,58.7,,76.2,0,184,33,0,5,0,0,11,0,0,59.4,0,0,20
160539,J. Augustus Olidge,CB,5,0,,0,1,20,HOWARD,2,D32,59,0,0,0,1,2027,1,44.9,17,1,66.2,0,0,36,0,0,0,67.8,57,0,1,0,HOWARD,0,0,0,0,17,2,25,64.3,17,0,0,184,60,11,0,1,41.3,24,0,1,,0,0,1
160543,Reggie Reed Jr.,ED,0,0,,0,0,,HOWARD,0,D15,0,0,0,3,1,2027,9,,0,0,,0,0,0,2,0,0,62.1,0,0,0,0,HOWARD,0,0,0,0,,0,,61.2,,72,0,184,9,0,2,0,0,6,0,0,57.7,0,0,5
160546,Jason Seraphin,DI,0,0,,0,1,,HOWARD,1,D92,0,0,0,22,1,2027,34,27.8,0,0,,1,0,0,0,20,0,69.4,0,0,0,0,HOWARD,1,0,1,0,,0,50,59,,77.6,0,184,34,0,14,0,0,12,0,0,48.8,0,0,0
160548,CJ Wesley,ED,1,0,,0,0,100,HOWARD,2,D18,1,1,0,21,1,2030,35,77.1,16,1,53.1,2,0,3,2,0,0,70.5,0,0,0,1,HOWARD,0,0,2,0,16,0,0,72.7,16,78.2,0,184,36,5,0,0,118.8,12,0,2,74.8,0,0,33
160559,Alex Herrera Jr.,CB,5,0,,0,0,60,MOREHEAD,1,D32,20,0,0,0,1,2027,0,73.5,89,3,35.8,0,0,10,0,0,0,61.3,20,0,0,0,MOREHEAD,0,0,0,0,43,0,0,37.6,29.7,73.2,0,234,20,38,0,0,104.2,10,0,0,,0,0,0
160564,Kaleb Lyons,CB,0,0,,0,0,,E ILLINOIS,0,D21,1,0,0,0,1,2027,0,,0,0,60,0,0,1,0,0,0,,1,0,0,0,E ILLINOIS,0,0,0,0,,0,,60.9,,63.8,0,158,1,0,0,0,0,0,0,0,,0,0,0
160841,Ethan Lee,S,2,0,,0,0,100,NICHOLLS,2,D35,35,17,0,0,1,2027,0,81.4,31,2,42.9,0,0,16,0,0,0,71.8,0,0,0,0,NICHOLLS,0,0,0,0,20,2,0,53.9,15.5,75.2,0,243,35,16,0,0,158.3,19,0,2,,16,1,0
160856,Alex Villavaso,ED,0,0,,0,2,,NICHOLLS,1,D45,0,0,0,19,1,2027,40,28.1,0,0,,1,0,0,21,0,0,64.4,0,0,0,0,NICHOLLS,1,0,1,0,,0,50,62.4,,75.9,0,243,40,0,1,0,0,21,1,1,57.4,0,0,18
160882,Jalen Nelson,S,4,0,,0,1,75,SAMFORD,4,D06,44,33,0,0,1,2028,0,55.4,51,3,61.3,0,0,22,0,0,0,57.9,0,0,0,0,SAMFORD,1,0,0,0,42,6,20,60.3,17,75.4,0,282,44,1,0,0,156.3,22,0,0,,5,1,0
160898,Joe Comello,CB,4,0,,0,0,100,VA MILT IN,2,D06,38,0,0,0,1,2026,0,76.2,48,4,51.3,0,0,27,0,0,0,61.4,37,0,1,0,VA MILT IN,1,0,0,0,25,1,0,52.1,12,75.3,0,336,38,25,0,0,116.7,11,1,0,,0,0,0
160901,Kouri Crump,S,5,0,,0,0,100,VA MILT IN,3,D26,47,18,0,2,1,2027,3,81.8,66,5,66.2,0,0,33,0,0,0,60.5,0,0,0,0,VA MILT IN,2,0,0,0,32,21,0,65.5,13.2,77.2,0,336,50,42,0,0,158.3,15,0,1,59.3,8,1,3
160902,Stephen Dean III,LB,1,0,,0,0,100,VA MILT IN,8,D18,51,47,0,7,1,2027,0,83.1,10,1,67.6,0,0,28,0,0,0,82.4,0,0,0,0,VA MILT IN,6,0,0,0,10,1,0,75.3,10,75.5,0,336,51,6,0,0,108.3,16,4,1,53.5,3,0,0
160906,Owen Ham,DI,0,0,,0,0,,VA MILT IN,0,D95,3,3,0,21,1,2027,36,,0,0,60.8,0,0,3,0,27,0,59.5,0,0,0,0,VA MILT IN,0,0,0,0,,0,,58.8,,77.9,0,336,39,0,8,0,0,15,0,0,56.4,0,0,1
160922,Geoffrey Speight Jr.,DI,0,0,,0,0,,W GEORGIA,1,D95,0,0,0,26,1,2028,49,70.2,0,0,,0,0,0,0,19,0,71.4,0,0,0,0,W GEORGIA,0,0,0,0,,0,0,65.6,,77.6,0,1177,49,0,30,0,0,23,0,0,54.6,0,0,0
160923,Tyler Swann,DI,0,0,,0,0,,TENN TECH,1,D89,0,0,0,5,1,2026,10,70.2,0,0,,0,0,0,1,0,0,63.5,0,0,0,0,TENN TECH,0,0,0,0,,0,0,62.7,,70.8,0,309,10,0,9,0,0,5,0,0,57.9,0,0,0
160962,Kensly Johnson,CB,2,0,,0,0,0,E TENN ST,1,D12,60,2,0,0,1,2026,0,77,0,0,65.7,0,0,35,0,0,0,50.3,58,0,0,0,E TENN ST,1,0,0,0,,0,0,63.2,,76.7,0,157,60,0,0,0,39.6,25,1,0,,0,0,0
161232,Colin Scharriter,DI,0,0,,0,0,,MERCYHURST,0,D17,1,1,0,14,1,2028,34,,0,0,,0,0,0,0,9,0,66.3,0,0,0,0,MERCYHURST,0,0,0,0,,0,,64.1,,75.7,0,977,35,0,25,0,0,21,0,0,55.8,0,0,0
161250,Harold O'Neal III,LB,4,0,,0,1,100,HAMPTON,11,D01,66,65,0,4,1,2026,1,77.7,20,4,71,0,0,15,0,0,0,47,0,0,0,0,HAMPTON,8,0,0,0,12,1,6.7,55,5,77.7,0,178,67,24,0,0,87.5,48,0,3,55.1,0,0,1
161337,Wayne Favors III,CB,7,0,,1,1,71.4,DELWARE ST,2,D02,60,6,0,0,1,2027,0,47.7,69,5,62.3,0,0,40,0,0,0,54.2,40,0,0,0,DELWARE ST,1,0,0,0,32,0,25,60.8,13.8,77.6,0,152,60,18,0,1,142.3,20,0,1,,14,2,0
161357,Jaydon Mifflin,DI,0,0,,0,1,,DELWARE ST,1,D93,0,0,3,30,1,2027,49,56.9,0,0,60,1,1,0,24,18,0,73.1,0,1,0,0,DELWARE ST,3,0,5,0,,0,33.3,78.7,,76.4,0,152,49,0,7,0,0,19,0,1,69.3,0,0,0
161381,A.J. Pena,ED,1,0,,0,0,0,RHODE ISLD,9,D08,0,0,0,40,1,2026,86,82.4,0,0,63.5,2,0,7,6,0,0,79.3,0,1,0,0,RHODE ISLD,8,0,3,0,,0,0,77.1,,82,0,274,86,0,1,0,39.6,39,2,1,66.4,0,0,79
161383,Declan Williams,LB,0,0,,0,1,,INCAR WORD,5,D00,28,26,0,7,1,2027,4,65.3,0,0,62.8,0,0,7,0,0,0,81.7,0,1,0,0,INCAR WORD,3,0,1,0,,1,10,76.2,,72.3,0,189,32,0,0,0,0,18,0,4,54.3,0,0,4
161405,Julius Davis,DI,0,0,,0,0,,HOUCHR,0,D52,0,0,0,13,1,2027,24,73.5,0,0,60,0,0,0,7,6,0,67.5,0,0,0,0,HOUCHR,0,0,0,0,,0,0,67.5,,74.2,0,183,24,0,11,0,0,11,0,2,60.7,0,0,0
161415,Caleb King,S,1,0,,0,0,0,HOUCHR,2,D05,41,15,0,0,1,2027,4,78.7,0,0,71.9,0,0,21,0,0,0,64.2,2,0,0,0,HOUCHR,1,0,0,0,,22,0,71.1,,79.5,0,183,45,0,0,0,39.6,24,0,0,,2,0,4
161416,Jaden King,CB,5,1,,0,2,80,HOUCHR,4,D17,24,2,0,0,1,2027,0,33.7,87,4,62.3,0,1,12,0,0,0,57.4,19,0,0,0,HOUCHR,3,0,0,0,42,3,33.3,61.2,21.8,73.1,0,183,24,38,0,1,79.2,12,0,0,,0,0,0
161417,Sincere Littles,ED,0,0,,0,1,,HOUCHR,0,D92,0,0,0,3,1,2026,6,17.5,0,0,,0,0,0,6,0,0,52.2,0,0,0,0,HOUCHR,0,0,0,0,,0,100,49.1,,70.1,0,183,6,0,0,0,0,3,0,0,57.9,0,0,0
161492,Maika Finau,DI,0,0,,0,0,,LNDNWD,1,D53,0,0,0,7,1,2027,25,70.2,0,0,,0,0,0,1,2,0,72.6,0,0,0,0,LNDNWD,1,0,0,0,,0,0,75.2,,73.8,0,949,25,0,22,0,0,18,0,0,66.8,0,0,0
161498,Nolan O'Hara,LB,1,0,,0,0,100,LNDNWD,1,D24,17,17,0,3,1,2027,0,78.6,25,1,49.4,0,0,5,0,0,0,62.4,0,0,0,0,LNDNWD,0,0,0,0,25,0,0,52.8,25,71.3,0,949,17,8,0,0,118.8,9,0,3,57.5,0,0,0
161646,Tyler Henry,DI,0,0,,0,0,,N DAKOTA,0,D75,0,0,0,3,1,2027,8,,0,0,,0,0,0,0,1,0,55.7,0,0,0,0,N DAKOTA,0,0,0,0,,0,,54,,70.8,0,249,8,0,7,0,0,5,0,0,58.5,0,0,0
161664,A.J. Crawford,ED,0,0,,0,0,,TENN TECH,0,D11,1,1,0,26,1,2027,31,,0,0,60,1,0,1,6,0,0,60.8,0,1,0,0,TENN TECH,0,0,2,0,,0,,56.5,,76.4,0,309,32,0,0,0,0,5,0,0,55.1,0,0,25
161666,Theron Gaines,LB,7,0,2026,0,0,85.7,TENN TECH,4,D09,62,52,1,6,1,2026,5,81,73,6,66.8,3,0,47,0,0,0,55.1,0,0,0,0,TENN TECH,4,0,4,0,29,10,0,66.8,12.2,78,0,309,67,46,0,1,110.1,14,0,1,69.2,0,0,5
161675,Jacquez McGowan,LB,0,0,,0,0,,E KENTUCKY,1,D47,2,1,0,8,1,2026,17,72.2,0,0,60,0,0,1,0,0,0,55,0,0,0,0,E KENTUCKY,1,0,0,0,,1,0,55.4,,76.4,0,159,19,0,0,0,0,10,0,0,57.4,0,0,17
161676,Ethan McLaurin,DI,0,0,,0,0,,TENN TECH,1,D94,1,1,0,21,1,2028,25,70.2,0,0,60,1,0,0,2,3,0,65.6,0,0,0,0,TENN TECH,1,0,1,0,,0,0,60.7,,74.4,0,309,26,0,19,0,0,5,0,0,54.9,0,0,1
161685,Ashton Taylor,LB,4,0,,0,1,100,JACKSON ST,4,D03,61,58,0,13,1,2027,0,48.9,41,4,43.5,1,0,23,0,0,1,90.2,0,0,0,0,JACKSON ST,3,0,1,0,17,3,20,72.4,10.3,76.1,0,194,61,21,0,0,109.4,25,2,0,76.7,0,0,0
161691,Seth Vaughn,DI,0,0,,1,0,,TENN TECH,0,D52,0,0,1,6,1,2028,7,70.1,0,0,,0,0,0,0,7,0,60,0,0,0,0,TENN TECH,1,0,1,0,,0,,80.6,,72.1,0,309,7,0,0,0,0,1,0,0,79.6,0,0,0
161736,Charles Crews III,DI,0,0,,0,0,,AUSTINPEAY,3,D98,0,0,1,29,1,2026,53,74.2,0,0,60,2,0,0,3,17,0,66.5,0,2,0,0,AUSTINPEAY,1,0,5,0,,0,0,72.2,,77.2,0,116,53,0,31,0,0,24,0,0,70.6,0,0,2
161823,Elias Archie,CB,9,0,,0,1,44.4,BROWN,5,D13,90,11,0,0,1,2028,0,60.6,72,4,62.3,0,0,57,0,0,0,64.7,78,0,0,0,BROWN,1,0,0,0,36,0,14.3,63.2,18,77.3,0,123,90,15,0,2,72.5,33,0,1,,1,0,0
161829,Nolan Clark,DI,0,0,,0,0,,BROWN,1,D95,0,0,0,6,1,2027,12,69.7,0,0,,0,0,0,0,2,0,63.4,0,0,0,0,BROWN,1,0,0,0,,0,0,63.2,,72.3,0,123,12,0,10,0,0,6,0,0,58.6,0,0,0
161830,Owen Clarke,ED,0,0,,0,0,,BROWN,1,D92,0,0,0,26,1,2028,41,72.7,0,0,60,1,0,0,2,0,0,64.8,0,0,0,0,BROWN,1,0,1,0,,0,0,63.4,,77.6,0,123,41,0,4,0,0,15,0,1,59.1,0,0,35
161833,Nevaeh Gattis,S,5,0,,0,2,80,BROWN,3,D00,68,15,0,4,1,2028,6,53.1,70,4,64.3,1,0,46,0,0,0,67.8,0,0,0,0,BROWN,1,0,1,0,31,53,25,63.7,17.5,80.9,0,123,74,36,0,1,118.8,24,0,3,47.1,0,0,6
161835,Ryan Haley,S,3,0,,0,1,100,BROWN,5,D51,28,4,0,2,1,2028,0,59.3,18,3,55.1,1,0,13,0,0,0,73.6,0,0,0,0,BROWN,3,0,1,0,7,23,16.7,64.4,6,89.1,0,123,28,15,0,0,91.7,13,1,0,71.4,0,0,0
161838,Nick Hudson,CB,1,0,,0,0,0,BROWN,0,D12,8,0,0,0,1,2028,0,,0,0,62.9,0,0,4,0,0,0,60,6,0,0,0,BROWN,0,0,0,0,,0,,63.3,,73.9,0,123,8,0,0,0,39.6,4,0,0,,1,0,0
161843,Pat O'Neill,DI,0,0,,0,0,,BROWN,3,D98,0,0,0,36,1,2028,60,75.6,0,0,,0,0,0,7,1,0,79,0,0,0,0,BROWN,3,0,0,0,,0,0,70.2,,76.6,0,123,60,0,52,0,0,24,1,3,53.7,0,0,0
161844,John Perdue,LB,5,0,,0,3,60,BROWN,7,D57,87,83,0,4,1,2028,1,41.9,25,3,41.1,0,0,50,0,0,0,48.4,0,0,0,0,BROWN,2,0,0,0,15,4,27.3,42.1,8.3,73.8,0,123,88,8,0,0,72.9,34,0,1,57.7,0,0,1
161849,Sam Smith,LB,3,0,,0,0,33.3,BROWN,6,D58,44,27,0,3,1,2028,0,83,18,1,67.1,0,0,23,0,0,0,81.6,0,0,0,0,BROWN,2,0,0,0,18,16,0,73.9,18,85.4,0,123,44,15,0,2,54.9,18,0,1,56.7,0,0,0
161850,John Starman,DI,0,0,,0,0,,BROWN,1,D44,0,0,1,37,1,2027,59,75.2,0,0,,0,0,0,0,11,0,52.6,0,1,0,0,BROWN,1,0,2,0,,0,0,56.5,,77.3,0,123,59,0,48,0,0,22,0,3,60.9,0,0,0
161853,Carson Arnold,DI,0,0,,0,0,,CITADEL,1,D98,0,0,0,14,1,2027,35,69.7,0,0,,0,0,0,2,0,0,64.8,0,0,0,0,CITADEL,0,0,0,0,,0,0,64.9,,75,0,139,35,0,33,0,0,21,0,0,60.7,0,0,0
161857,Maurice Bonneau Jr.,ED,1,0,,0,0,100,CITADEL,1,D00,4,2,0,7,1,2027,21,73,27,1,45.9,0,0,3,4,0,0,62.5,0,0,0,0,CITADEL,0,0,0,0,27,2,0,48.3,27,75.7,0,139,25,14,6,0,118.8,15,0,0,55.7,0,0,11
161861,Josh Cole,ED,0,0,,0,0,,CITADEL,2,D56,0,0,0,14,1,2027,34,73.6,0,0,60,0,0,0,9,0,0,64.7,0,0,1,0,CITADEL,1,0,0,0,,0,0,58.4,,0,0,139,34,0,12,0,0,20,0,1,59.6,0,0,13
161864,Avery Dixon,S,1,0,,0,0,100,CHARLES SO,2,D06,9,4,0,0,1,2027,0,76,7,1,64.4,0,0,6,0,0,0,63.4,0,0,0,0,CHARLES SO,1,0,0,0,7,2,0,69.2,7,69.4,0,135,9,3,0,0,95.8,3,0,0,,3,0,0
161890,Cale Williams,S,2,0,,0,1,50,CITADEL,5,D13,53,24,0,0,1,2026,0,60.4,7,1,60.6,0,0,19,0,0,0,76.2,0,0,0,0,CITADEL,2,0,0,0,7,9,16.7,68.4,7,75.9,0,139,53,8,0,1,58.3,34,0,0,,20,0,0
162136,John Caramanico,DI,0,0,,0,0,,GEORGETOWN,3,D95,0,0,0,23,1,2026,45,73.4,0,0,,0,0,0,2,6,0,70.4,0,0,0,0,GEORGETOWN,2,0,0,0,,0,0,66,,76.1,0,172,45,0,37,0,0,22,2,0,55.2,0,0,0
162139,Andres Franquez,ED,0,0,,0,0,,GEORGETOWN,1,D92,0,0,0,0,1,2026,1,71.1,0,0,,0,0,0,0,0,0,61.9,0,0,0,0,GEORGETOWN,1,0,0,0,,0,0,69.2,,65.2,0,172,1,0,0,0,0,1,0,0,,0,0,1
162143,Cahlede Jackson,DI,0,0,,0,0,,GEORGETOWN,0,D99,0,0,0,0,1,2026,2,,0,0,,0,0,0,0,1,0,60.1,0,0,0,0,GEORGETOWN,0,0,0,0,,0,,61.3,,67,0,172,2,0,1,0,0,2,0,0,,0,0,0
162148,Nai Mose,LB,1,1,,0,1,0,GEORGETOWN,3,D06,47,44,0,6,1,2027,7,64.5,0,0,93.3,0,1,24,0,0,0,52.6,0,1,0,0,GEORGETOWN,3,0,1,0,,3,16.7,88.4,,78.8,0,172,54,0,0,0,0,24,1,2,53.6,0,0,7
162153,Matthew Plunkett,ED,0,0,,0,0,,GEORGETOWN,1,D35,2,1,0,17,1,2026,29,72.2,0,0,60,0,0,1,1,0,0,56.7,0,0,0,0,GEORGETOWN,1,0,0,0,,1,0,53.5,,78.2,0,172,31,0,1,0,0,13,0,0,53,0,0,27
162160,Antonio Bluiett,CB,6,0,,0,0,33.3,N DAKOTA,3,D22,41,2,0,1,1,2027,0,80.1,81,2,75,0,1,29,0,0,0,65.6,39,0,0,0,N DAKOTA,1,0,0,0,73,0,0,74.8,40.5,75.1,0,249,41,37,0,1,42.4,11,0,1,58.3,0,0,0
162176,Paine Parks,LB,0,0,,0,0,,N DAKOTA,0,D26,6,5,0,1,1,2027,2,,0,0,61.3,0,0,3,0,1,0,56,0,0,0,0,N DAKOTA,0,0,0,0,,1,,56.8,,71.6,0,249,8,0,0,0,0,4,0,0,59.1,0,0,1
162189,Jaquise Alexander,CB,3,0,,0,1,33.3,N DAK ST,2,D00,44,0,0,1,1,2027,3,51.5,8,1,69.9,0,0,26,0,0,0,57.1,43,0,0,0,N DAK ST,1,0,0,0,8,0,33.3,67.9,8,77.4,0,250,47,11,0,1,42.4,20,0,0,60,1,0,3
162190,Austin Altepeter,LB,0,0,,0,0,,N DAK ST,0,D32,4,3,0,2,1,2027,1,,0,0,60,0,0,1,0,0,0,60,0,0,0,0,N DAK ST,0,0,0,0,,1,,59.4,,70.1,0,250,5,0,0,0,0,2,0,0,57.8,0,0,1
162191,Toby Anene,ED,0,0,,0,1,,N DAK ST,0,D93,0,0,0,17,1,2027,34,23.9,0,0,60.1,1,0,3,2,0,0,66.5,0,0,0,1,N DAK ST,0,0,1,0,,0,100,64.7,,76.3,0,250,34,0,0,0,0,14,0,0,60.1,0,0,32
162201,Darius Givance,S,2,0,,0,0,50,N DAK ST,2,D29,42,16,0,0,1,2028,0,80.8,26,1,57.4,0,0,24,0,0,0,61.3,0,0,1,0,N DAK ST,0,1,0,0,26,2,0,58.8,26,74.9,0,250,42,0,0,0,95.8,18,0,1,,24,0,0
162212,Logan Larson,DI,0,0,,0,0,,N DAK ST,0,D94,0,0,1,17,1,2028,28,69.7,0,0,,2,0,0,4,0,0,57.4,0,3,1,0,N DAK ST,1,0,6,0,,0,,64.8,,73.8,0,250,28,0,24,0,0,11,0,0,68.6,0,0,0
162215,Kelton McCaslin,ED,0,0,,0,0,,N DAK ST,2,D92,0,0,1,18,1,2028,33,76.5,0,0,60,3,0,1,2,0,0,67,0,0,0,0,N DAK ST,2,0,4,0,,0,0,68.3,,77.1,0,250,33,0,0,0,0,14,0,1,64.4,0,0,31
162218,Nathaniel Staehling,LB,2,0,,0,0,50,N DAK ST,3,D52,49,43,1,4,1,2027,0,79.1,3,1,79,0,0,24,0,0,0,53.5,0,0,0,0,N DAK ST,3,0,1,0,3,6,0,72.4,3,73.7,0,250,49,4,0,1,56.3,21,0,0,65.2,0,0,0
162224,Deverious Abercrombie,WR,0,0,,0,0,,PRESBYTERN,0,09,1,0,0,0,1,2027,0,,0,0,,0,0,0,0,0,0,60,0,0,0,0,PRESBYTERN,0,0,0,0,,0,,60,,60,0,271,1,0,0,0,0,1,0,0,,0,0,0
162225,Boyce Bankhead,LB,3,0,,0,0,100,PRESBYTERN,8,D22,53,52,0,2,1,2027,2,82.3,32,3,64.7,0,0,15,0,0,0,83.1,0,0,0,0,PRESBYTERN,7,0,0,0,31,1,0,81,10.7,77.7,0,271,55,16,0,0,150.7,38,1,0,68.1,0,1,2
162239,Ty Englehart,QB,0,0,,0,0,,PRESBYTERN,0,03,1,0,0,0,1,2027,0,,0,0,,0,0,0,0,0,0,60,0,0,0,0,PRESBYTERN,0,0,0,0,,0,,60,,60,0,271,1,0,0,0,0,1,0,0,,0,0,0
162240,Dalton Epps,ED,0,0,,0,0,,PRESBYTERN,2,D94,0,0,0,15,1,2028,49,76.6,0,0,,0,0,0,0,0,0,67.5,0,0,0,0,PRESBYTERN,2,0,0,0,,0,0,63.7,,80.4,0,271,49,0,0,0,0,34,0,1,53.6,0,0,49
162241,Caleb Francis,S,2,0,,0,2,50,PRESBYTERN,1,D01,58,7,0,0,1,2026,1,27.4,22,1,55,0,0,18,0,0,0,54.3,0,0,1,0,PRESBYTERN,0,0,0,0,22,17,66.7,50.3,22,0,0,271,59,0,0,0,89.6,41,0,0,,34,0,1
162245,Nathan Hajduk,LB,0,0,,0,0,,LIUSHAR,2,D11,23,22,0,0,1,2027,0,76,0,0,70.2,0,0,17,0,0,0,79.1,0,0,0,0,LIUSHAR,2,0,0,0,,0,0,79.4,,74.2,0,1298,23,0,0,0,0,6,0,0,,1,0,0
162257,Malik Lewis,S,4,0,,0,1,100,PRESBYTERN,4,D00,38,8,0,2,1,2028,13,52.3,1,4,82.8,0,0,13,0,0,0,46.5,0,0,0,0,PRESBYTERN,3,0,0,0,6,30,20,67.6,0.3,79.8,0,271,51,27,0,0,79.2,36,2,0,57.2,0,0,13
162267,Christian Ohagwu,DI,0,0,,0,0,,PRESBYTERN,0,D97,0,0,0,11,1,2026,42,66.5,0,0,65.9,0,0,0,3,7,0,53.1,0,0,0,0,PRESBYTERN,0,0,0,0,,0,0,56.8,,76.8,0,271,42,0,32,0,0,31,0,1,56.2,0,0,0
162281,Zeb Stroup,S,2,0,,0,1,50,PRESBYTERN,3,D08,31,13,0,1,1,2027,1,55.9,4,1,77.8,0,1,8,0,0,0,54.9,0,0,0,0,PRESBYTERN,1,0,0,0,4,7,20,68.6,4,74.2,0,271,32,0,0,0,16.7,23,0,1,60,11,0,1
162285,Alex Ward,S,1,0,,0,0,100,PRESBYTERN,7,D29,29,20,0,0,1,2027,0,82.9,4,1,57,0,0,9,0,0,0,82.6,0,0,0,0,PRESBYTERN,5,0,0,0,4,3,0,73.4,4,72.3,0,271,29,0,0,0,83.3,20,1,0,,6,0,0
162343,Cayden Cutler,S,0,0,,0,0,,TARLETON,0,D29,7,0,0,0,1,2027,0,,0,0,63.9,0,0,7,0,0,0,,0,0,0,0,TARLETON,0,0,0,0,,0,,63.5,,71.2,0,401,7,0,0,0,0,0,0,0,,7,0,0
162363,Courtland Stephens,CB,1,0,,0,0,100,TARLETON,1,D45,7,0,0,0,1,2026,0,77,9,1,58.7,0,0,7,0,0,0,,0,0,0,0,TARLETON,0,0,0,0,9,7,0,58.6,9,71.3,0,401,7,1,0,0,104.2,0,0,1,,0,0,0
162383,Macray Madruga,ED,0,0,,0,0,,UC DAVIS,0,D02,1,1,0,12,1,2027,19,72.2,0,0,,0,0,0,0,0,0,58.4,0,0,0,0,UC DAVIS,0,0,0,0,,0,0,59.9,,76.9,0,322,20,0,1,0,0,8,0,1,60.8,0,0,18
162503,Moses Alexander,CB,7,0,,0,2,71.4,E ILLINOIS,7,D04,67,2,0,0,1,2026,0,49.1,31,5,69.7,0,0,41,0,0,0,52.3,63,0,0,0,E ILLINOIS,3,0,0,0,10,0,22.2,67.6,6.2,77.1,0,158,67,6,0,1,119.6,26,0,0,,2,1,0
162540,Breyden Byrd,ED,0,0,,0,0,,WM & MARY,0,D91,0,0,0,9,1,2027,26,,0,0,,0,0,0,12,3,0,48.9,0,0,0,0,WM & MARY,0,0,0,0,,0,,48.4,,74.5,0,348,26,0,9,0,0,17,0,0,55,0,0,2
162656,Jamari Young,LB,0,0,,0,1,,GARD-WEBB,3,D44,29,23,0,12,1,2028,7,44.5,0,0,63.1,0,0,10,0,0,0,43.9,0,0,0,0,GARD-WEBB,1,0,0,0,,6,25,48.7,,76.7,0,171,36,0,0,0,0,14,0,0,51.8,0,0,7
162666,Sione Hala,LB,3,0,,0,0,100,WEBER ST,7,D13,59,44,2,7,1,2028,11,84.7,8,3,81.2,1,0,35,0,0,0,83.6,0,0,0,0,WEBER ST,6,0,3,0,5,14,0,88,2.7,79.3,0,342,70,8,0,1,79.2,28,2,3,71.5,1,0,11
162668,Josh Hardy,ED,0,0,,0,0,,WEBER ST,1,D17,0,0,0,28,1,2027,39,74.4,0,0,,7,0,0,3,0,0,57.6,0,0,1,0,WEBER ST,1,1,7,0,,0,0,74.2,,0,0,342,39,0,1,0,0,11,0,1,84.6,0,0,35
162740,Deuce Caldwell II,ED,0,0,,0,0,,SAMFORD,2,D35,0,0,0,10,1,2026,22,73.5,0,0,,0,0,0,19,0,0,71.4,0,0,0,0,SAMFORD,2,0,0,0,,0,0,67.4,,72.5,0,282,22,0,0,0,0,12,1,0,55.3,0,0,3
162777,Ant Fisher,CB,0,0,,0,0,,NC CENT,1,D07,12,0,0,0,1,2028,0,73.5,0,0,46,0,0,4,0,0,0,63.8,12,0,0,0,NC CENT,0,0,0,0,,0,0,49.1,,71.5,0,247,12,0,0,0,0,8,0,0,,0,0,0
162915,Ryan Russo,LB,3,0,,0,2,66.7,MONMOUTH,0,D11,36,28,0,10,1,2027,6,36.7,46,2,47.8,0,0,17,0,0,1,63.6,0,0,0,0,MONMOUTH,0,0,0,0,44,8,40,54.5,23,76.9,0,231,42,51,0,0,109.7,15,0,3,62.8,0,0,6
162927,Isaac Washington,DI,0,0,,0,0,,GRAMBLING,2,D13,0,0,0,32,1,2027,65,73.8,0,0,,3,0,0,0,1,0,73,0,1,0,0,GRAMBLING,1,0,4,0,,0,0,76.7,,77,0,177,65,0,64,0,0,33,0,1,72,0,0,0
163060,Trent Zappe,LB,2,0,,0,1,50,HOUCHR,7,D18,47,45,0,0,1,2027,7,64.7,10,1,62,0,0,21,0,0,0,60.4,0,0,0,0,HOUCHR,3,0,0,0,10,2,10,61.9,10,77.5,0,183,54,4,0,0,64.6,33,1,2,,0,0,7
163120,Marcus Badgett,CB,2,0,,0,0,50,ROB MORRIS,2,D23,34,0,0,0,1,2026,0,76.2,2,1,67.4,0,0,18,0,0,0,65.9,30,0,1,0,ROB MORRIS,1,0,0,0,2,3,0,63.6,2,0,0,277,34,2,0,0,56.3,16,0,0,,1,0,0
163159,Jayden Childers,ED,0,0,,0,0,,INDIANA ST,0,D92,4,4,0,22,1,2027,39,,0,0,60.9,1,0,3,5,0,0,55.6,0,1,0,0,INDIANA ST,0,0,2,0,,0,,55.7,,78.9,0,191,43,0,0,0,0,18,0,0,55.8,0,0,34
163246,Nathaniel Gillis,CB,1,0,,0,0,0,N COLORADO,1,D02,21,2,0,0,1,2027,0,73.5,0,0,65.6,0,0,11,0,0,0,63.9,17,0,0,0,N COLORADO,1,0,0,0,,2,0,67.1,,73.8,0,253,21,0,0,0,39.6,10,0,0,,0,0,0
163346,Max Elkman,ED,0,0,,0,0,,SE LA,0,D48,0,0,0,2,1,2028,6,,0,0,60,0,0,1,1,0,0,57.1,0,0,0,0,SE LA,0,0,0,0,,0,,52,,70.9,0,294,6,0,0,0,0,3,0,0,58.2,0,0,5
163384,Dishawn Misa,ED,0,0,,0,1,,E WASHGTON,3,D12,18,18,0,13,1,2027,15,59.8,0,0,72.9,1,0,4,0,0,0,62.2,0,1,0,0,E WASHGTON,3,0,2,0,,0,20,67.7,,79,0,161,33,0,0,0,0,16,0,1,58.2,0,0,15
163391,Dionte Thornton,CB,2,0,,0,1,100,PORTLAND,3,D02,44,6,1,2,1,2028,2,80,69,2,47.9,0,0,26,0,0,0,66.6,36,0,0,0,PORTLAND,2,0,1,0,42,1,25,53.3,34.5,76,0,269,46,53,0,0,158.3,18,0,0,69.3,1,1,2
163423,Saco Alofipo,S,0,0,,0,0,,STF AUSTIN,0,D23,2,0,0,0,1,2028,0,,0,0,61,0,0,2,0,0,0,,0,0,0,0,STF AUSTIN,0,0,0,0,,2,,61.7,,69.2,0,301,2,0,0,0,0,0,0,0,,0,0,0
163507,Simion Hines,CB,1,0,,0,2,100,FL A&M,2,D02,27,5,0,0,1,2029,1,28.8,9,1,61.7,0,0,14,0,0,0,46.1,1,0,0,0,FL A&M,0,0,0,0,9,20,40,55.4,9,74.9,0,164,28,3,0,0,104.2,14,0,1,,1,0,1
163526,Jabarrek Hopkins,DI,0,0,,0,0,,PRVIEW A&M,0,D90,0,0,0,7,1,2026,10,,0,0,,0,0,0,0,10,0,61.2,0,0,0,0,PRVIEW A&M,0,0,0,0,,0,,60.2,,73.3,0,270,10,0,0,0,0,3,0,0,57.7,0,0,0
163590,Chase Davis,CB,3,0,,0,2,66.7,LIUSHAR,0,D27,18,0,0,1,1,2027,0,22.1,27,2,51.3,0,0,15,0,0,0,60,18,0,0,0,LIUSHAR,0,0,0,0,14,0,100,51.2,13.5,73.4,0,1298,18,2,0,0,95.1,2,0,0,60,0,0,0
163689,Khalid Moore,ED,0,0,,0,0,,SE LA,1,D45,0,0,0,19,1,2028,28,73,0,0,,0,0,0,0,0,0,62.9,0,2,0,0,SE LA,0,0,2,0,,0,0,60,,77.9,0,294,28,0,0,0,0,9,0,0,56.9,0,0,28
163700,Brinston Williams,HB,0,0,,0,0,,W ILLINOIS,0,20,1,0,0,0,1,2027,0,,0,0,,0,0,0,0,0,0,60,0,0,0,0,W ILLINOIS,0,0,0,0,,0,,60,,60,0,345,1,0,0,0,0,1,0,0,,0,0,0
163731,Jameson Wharton,CB,2,0,,0,0,100,TENN TECH,0,D03,18,1,0,0,1,2028,0,,47,2,46.3,0,0,11,0,0,0,61,16,0,0,0,TENN TECH,0,0,0,0,38,1,,47.3,23.5,72.7,0,309,18,9,0,0,158.3,7,0,0,,0,1,0
163773,Derek Taylor,S,4,0,,0,1,100,E KENTUCKY,9,D10,63,9,0,0,1,2028,8,72.4,43,4,57.6,0,0,33,0,0,0,78.4,2,0,0,0,E KENTUCKY,1,0,0,0,18,29,9.1,65.5,10.8,80.8,0,159,71,24,0,0,111.5,38,1,1,,23,0,8
163789,Jarard Mosely,CB,0,0,,0,0,,LNDNWD,0,D02,7,0,0,0,1,2027,2,,0,0,,0,0,0,0,0,0,60.9,6,0,0,0,LNDNWD,0,0,0,0,,1,,61.9,,73,0,949,9,0,0,0,0,9,0,0,,0,0,2
163804,Brian Dilworth,S,2,0,,0,1,50,N ALABAMA,2,D09,59,27,0,0,1,2027,0,39.5,11,1,59.1,0,0,32,0,0,0,69.4,0,0,0,0,N ALABAMA,0,0,0,0,11,31,33.3,62.6,11,77.5,0,389,59,0,0,0,66.7,27,0,0,,1,0,0
163841,X'Avion Brice,CB,1,0,,0,0,0,TXAMEA,0,D14,10,1,0,0,1,2028,0,,0,0,62.6,0,0,3,0,0,0,60.4,9,0,0,0,TXAMEA,0,0,0,0,,0,,63.7,,70.3,0,1139,10,0,0,0,39.6,7,0,0,,0,0,0
163881,Sam Buerkle,DI,0,0,,0,0,,FORDHAM,1,D99,0,0,0,13,1,2026,39,72.2,0,0,,1,0,0,4,2,0,72.7,0,0,0,0,FORDHAM,1,0,1,0,,0,0,72.4,,75.5,0,168,39,0,33,0,0,26,0,1,62,0,0,0
163884,Peter Chalhoub,ED,0,0,,0,0,,FORDHAM,1,D93,0,0,0,18,1,2026,35,75.2,0,0,,0,0,0,2,0,0,69.8,0,0,0,0,FORDHAM,1,0,0,0,,0,0,62.8,,77.9,0,168,35,0,0,0,0,17,0,1,52.1,0,0,33
163893,Alex Kemper,CB,6,0,,0,0,66.7,FORDHAM,6,D14,69,4,0,0,1,2026,0,81.8,78,4,46.9,0,0,30,0,0,0,70.4,64,0,0,0,FORDHAM,0,0,0,0,28,1,0,51.7,19.5,77,0,168,69,15,0,0,109.7,39,0,1,,0,0,0
163904,Claudy Robinson,DI,0,0,,0,1,,FORDHAM,3,D90,0,0,0,13,1,2026,38,53.4,0,0,,1,0,0,0,10,0,76.9,0,0,0,0,FORDHAM,2,0,1,0,,0,16.7,70.4,,76,0,168,38,0,28,0,0,25,0,2,48.9,0,0,0
163907,Colby Spencer,DI,0,0,,0,0,,FORDHAM,2,D98,0,0,0,18,1,2027,33,72.4,0,0,,1,0,0,5,9,0,61.9,0,0,0,0,FORDHAM,2,0,1,0,,0,0,57.9,,75.3,0,168,33,0,18,0,0,15,1,0,53.4,0,0,1
163914,Tommy Bestpitch,S,2,0,,0,0,0,HOLY CROSS,3,D24,57,15,0,5,1,2026,2,80.5,0,0,77.7,2,0,34,0,0,0,55.6,0,0,0,0,HOLY CROSS,0,0,2,0,,17,0,72.8,,78.3,0,181,59,0,0,1,39.6,20,0,0,55.1,25,0,2
163916,Sam Boyer,LB,1,0,,0,0,100,HOLY CROSS,0,D22,9,8,0,0,1,2028,0,73.2,9,1,63,0,0,6,0,0,0,69.7,0,0,0,0,HOLY CROSS,0,0,0,0,9,1,0,70.9,9,69.6,0,181,9,10,0,0,143.8,3,0,1,,0,1,0
163926,Colin Reynolds,ED,0,0,,0,0,,HOLY CROSS,0,D94,0,0,0,11,1,2027,25,,0,0,,1,0,0,2,0,0,65.8,0,0,0,0,HOLY CROSS,0,0,1,0,,0,,70.8,,75.5,0,181,25,0,0,0,0,14,0,0,69.1,0,0,23
163927,Christian Ross,ED,0,0,,0,0,,HOLY CROSS,1,D18,0,0,0,31,1,2027,46,73.9,0,0,,0,0,0,3,0,0,59,0,0,0,0,HOLY CROSS,0,0,0,0,,0,0,62.6,,77.8,0,181,46,0,0,0,0,15,0,1,63.1,0,0,43
163933,DJ Brown,CB,7,0,,0,0,71.4,LEHIGH,5,D20,59,2,0,0,1,2028,0,80.5,47,5,53.4,0,0,38,0,0,0,63.3,57,0,1,0,LEHIGH,0,0,0,0,13,0,0,54.5,9.4,77,0,205,59,-2,0,1,89.6,21,0,0,,0,0,0
163934,Michael Jordan Jr.,CB,1,0,,0,0,0,N ALABAMA,0,D12,1,0,0,0,1,2028,0,,0,0,60,0,0,1,0,0,0,,1,0,0,0,N ALABAMA,0,0,0,0,,0,,46.4,,63.5,0,389,1,0,0,0,39.6,0,0,0,,0,0,0
163946,Keyon Clark,ED,0,0,,0,1,,BETH COOK,0,D93,1,1,0,13,1,2027,13,23.9,0,0,60,2,0,0,0,0,0,60,0,0,0,0,BETH COOK,0,0,2,0,,0,100,65.4,,74.3,0,119,14,0,0,0,0,1,0,0,71.3,0,0,13
163997,Keane Lewis,S,1,0,,0,0,100,ALABAMA ST,1,D03,34,16,0,0,1,2026,0,74.9,2,1,90.7,0,1,18,0,0,0,63.1,0,0,0,0,ALABAMA ST,1,0,0,0,2,11,0,90.7,2,75.3,0,105,34,2,0,0,39.6,16,0,0,,7,0,0
164005,Myles Richardson,ED,0,0,,0,0,,ALABAMA ST,1,D48,0,0,0,15,1,2027,25,71.1,0,0,,0,0,0,0,0,0,67.6,0,0,0,1,ALABAMA ST,1,0,0,0,,0,0,66.3,,75.6,0,105,25,0,3,0,0,10,0,0,60.3,0,0,22
164012,Kendyle Ball,ED,0,0,,0,2,,AUSTINPEAY,3,D50,0,0,0,24,1,2027,43,32.9,0,0,,2,0,0,2,0,0,63.4,0,0,0,0,AUSTINPEAY,2,0,2,0,,0,40,57.9,,77.4,0,116,43,0,0,0,0,19,0,0,52.1,0,0,41
164018,Michael Evans,CB,0,0,,0,0,,SCAR STATE,0,D02,14,0,0,0,1,2027,0,,0,0,50.9,1,0,8,0,0,0,60,14,0,1,0,SCAR STATE,0,0,1,0,,0,,51.4,,71.9,0,290,14,0,0,0,0,6,0,0,,0,0,0
164025,Ellis Ellis Jr.,CB,7,0,,0,0,71.4,AUSTINPEAY,2,D01,73,7,0,1,1,2027,2,78.2,108,5,57.4,0,0,48,1,0,0,71.2,66,0,1,0,AUSTINPEAY,1,0,0,0,67,0,0,60,21.6,77.2,0,116,75,72,0,0,153.3,26,0,1,59.5,0,1,1
164048,Jalik Thomas,S,3,0,,0,0,33.3,FL A&M,0,D17,34,7,0,0,1,2026,1,76.4,23,1,37.9,0,0,20,0,0,0,58.6,0,0,0,0,FL A&M,0,0,0,0,23,12,0,42,23,76.3,0,164,35,12,0,0,61.8,15,0,1,,15,0,1
164054,Myles Amey,ED,0,0,,0,0,,SO UTAH,1,D36,0,0,1,17,1,2027,28,75.2,0,0,,2,0,0,0,0,0,50.7,0,0,0,0,SO UTAH,2,0,3,0,,0,0,61.6,,77.4,0,298,28,0,0,0,0,11,0,0,70.2,0,0,28
164057,Jayden Bell,S,4,0,,0,0,100,IDAHO ST,4,D05,28,24,0,5,1,2027,5,82,36,4,50.5,0,0,13,0,0,0,66.7,0,0,0,0,IDAHO ST,2,0,0,0,12,4,0,56.2,9,73.7,0,186,33,28,0,0,104.2,15,1,2,55.7,0,0,5
164087,Tuaoa Tauili'ili,DI,0,0,,0,0,,PORTLAND,0,D43,0,0,0,19,1,2029,37,,0,0,,0,0,0,0,18,0,62.7,0,0,0,0,PORTLAND,0,0,0,0,,0,,63.5,,77.1,0,269,37,0,19,0,0,18,0,0,61.3,0,0,0
164089,Zion To'oto'o,DI,0,0,,0,0,,IDAHO ST,1,D92,0,0,0,6,1,2027,21,71.3,0,0,,0,0,0,13,0,0,73.4,0,1,0,0,IDAHO ST,1,0,1,0,,0,0,71.6,,73,0,186,21,0,2,0,0,15,1,0,56.6,0,0,6
164090,Teilor Tuioti,LB,1,0,,0,1,100,IDAHO ST,6,D08,55,52,1,5,1,2027,13,70.2,2,1,69,0,0,27,0,0,0,66.8,0,1,0,0,IDAHO ST,4,0,2,0,2,3,12.5,72.7,2,78.9,0,186,68,3,0,0,79.2,36,0,1,71.4,0,0,13
164111,Aaron Sears,S,6,0,,0,2,66.7,STF AUSTIN,6,D13,57,10,0,2,1,2027,2,47.7,86,4,51.7,0,1,41,0,0,0,69.3,0,0,0,0,STF AUSTIN,2,0,0,0,46,5,25,55.5,21.5,77.7,0,301,59,28,0,0,70.1,16,1,0,58.6,42,0,2
164112,Jaydon Southard,LB,4,0,,0,0,75,STF AUSTIN,2,D06,51,42,0,3,1,2027,1,77.6,32,3,52.3,0,0,33,0,0,0,71.9,0,0,0,0,STF AUSTIN,1,0,0,0,16,8,0,58,10.7,77.6,0,301,52,25,0,0,97.9,16,0,1,56.7,1,0,1
164114,Colton Vatne,ED,0,0,,0,0,,MS VLY ST,0,D99,0,0,1,27,1,2029,37,69.7,0,0,,1,0,0,6,3,0,63.5,0,0,0,0,MS VLY ST,1,0,2,0,,0,,66.6,,75.4,0,228,37,0,24,0,0,10,0,0,64.9,0,0,4
164185,Andrew Sharga,ED,0,0,,0,0,,LEHIGH,0,D40,0,0,0,2,1,2028,5,,0,0,,0,0,0,0,0,0,61,0,0,0,0,LEHIGH,0,0,0,0,,0,,61.8,,70.3,0,205,5,0,1,0,0,3,0,0,58.9,0,0,4
164234,Dillon Williams,S,2,0,,0,2,0,CENT ARK,3,D03,58,35,0,3,1,2027,1,43.3,0,0,77.7,2,0,26,0,0,0,59.9,0,0,0,0,CENT ARK,1,0,2,0,,8,28.6,73.4,,75.7,0,132,59,0,0,1,39.6,30,0,2,67.6,15,0,1
164245,Brad Gurley Jr.,DI,0,0,,0,0,,E KENTUCKY,2,D93,0,0,0,25,1,2027,60,76,0,0,60,0,0,0,48,1,0,67.4,0,0,1,0,E KENTUCKY,1,0,0,0,,0,0,61.7,,0,0,159,60,0,11,0,0,35,1,2,58,0,0,0
164255,Kyeaure Magloire,CB,4,0,,0,1,75,W GEORGIA,6,D04,71,25,0,4,1,2027,1,61.3,58,3,38.6,0,0,31,0,0,0,53.9,45,0,2,0,W GEORGIA,0,0,0,0,30,0,14.3,41.7,19.3,75.5,0,1177,72,27,0,0,116.7,37,0,0,56,1,0,1
164273,Jamarion Augustus,ED,0,0,,0,0,,N IOWA,1,D16,0,0,0,14,1,2028,32,71.5,0,0,,0,0,0,4,0,0,69.9,0,1,0,0,N IOWA,1,0,1,0,,0,0,68.3,,76.5,0,255,32,0,2,0,0,18,0,0,59.8,0,0,26
164278,E.J. Colbert,ED,0,0,,0,2,,N ALABAMA,0,D33,0,0,0,17,1,2026,30,21.5,0,0,,2,0,0,5,0,0,50.8,0,1,0,0,N ALABAMA,0,0,3,0,,0,100,42.4,,77.1,0,389,30,0,4,0,0,13,0,0,43.7,0,0,21
164298,Cameron Jamar,S,2,0,,0,1,100,N ALABAMA,2,D24,44,22,0,1,1,2026,1,49.4,55,2,52.7,0,0,28,0,0,1,58.6,0,0,0,0,N ALABAMA,1,0,0,0,47,6,25,53.8,27.5,75.2,0,389,45,0,0,0,158.3,16,0,1,60,16,1,1
164332,Boston Wilson,CB,1,0,,0,0,0,CAL POLY,0,D30,45,2,0,0,1,2027,0,74.2,0,0,68.3,0,0,25,0,0,0,66.4,41,0,0,0,CAL POLY,0,0,0,0,,2,0,69.2,,75.8,0,129,45,0,0,0,39.6,20,0,1,,0,0,0
164334,Ben Voigtlaender,ED,0,0,,0,0,,E WASHGTON,2,D11,5,5,0,4,1,2027,14,77.3,0,0,61.1,0,0,3,0,0,0,66.7,0,0,0,0,E WASHGTON,2,0,0,0,,0,0,66.8,,76.8,0,161,19,0,0,0,0,12,0,1,58.2,0,0,14
164347,Devante Keys,ED,0,0,,0,0,,TXAMEA,2,D08,0,0,0,33,1,2026,56,77.4,0,0,,1,0,0,1,0,0,69.1,0,0,0,0,TXAMEA,2,0,1,0,,0,0,69,,80.8,0,1139,56,0,0,0,0,23,0,1,63.5,0,0,55
164386,Takhari Carr,CB,3,0,,0,0,33.3,MONTANA ST,2,D00,25,2,0,0,1,2027,0,79.9,5,1,44.8,0,0,20,0,0,0,67.5,22,0,1,0,MONTANA ST,1,0,0,0,5,1,0,47.8,5,73.2,0,233,25,1,0,0,42.4,5,0,1,,0,0,0
164388,Caden Dowler,S,2,0,,0,1,0,MONTANA ST,2,D05,53,16,0,0,1,2027,0,40.1,0,0,68.1,0,0,39,0,0,0,46,0,0,0,0,MONTANA ST,0,0,0,0,,5,33.3,62.7,,77.3,0,233,53,0,0,0,39.6,14,0,0,,32,0,0
164416,Brevin Czosnyka,S,2,0,,0,2,100,UTAHTC,7,D02,56,26,0,2,1,2027,1,50.1,23,2,48.3,0,0,22,0,0,0,72.4,1,0,0,0,UTAHTC,2,0,0,0,16,8,22.2,58,11.5,77,0,1285,57,22,0,0,114.6,33,1,0,59.7,21,0,1
164429,Bryant Meredith,S,0,0,,0,0,,MONTANA ST,3,D06,44,7,0,1,1,2027,1,79.1,0,0,74.5,0,0,34,0,0,0,61,0,0,0,0,MONTANA ST,0,0,0,0,,6,0,73.1,,77.8,0,233,45,0,0,1,0,10,0,0,59.2,31,0,1
164437,Brandon Wong,LB,5,0,,0,2,100,N ARIZONA,10,D35,61,57,0,5,1,2026,1,57.5,23,5,81.7,0,0,38,0,0,0,59.2,0,0,0,0,N ARIZONA,7,0,0,0,7,4,14.3,75.5,4.6,77,0,252,62,21,0,0,85.8,19,2,2,53.9,0,0,1
164454,Jaxton Helmstetler,LB,3,0,,0,1,100,PORTLAND,2,D06,40,40,0,3,1,2028,0,32.9,29,3,50.9,1,0,21,0,0,0,42.6,0,0,0,0,PORTLAND,0,0,1,0,17,0,33.3,43.2,9.7,74.8,0,269,40,15,0,0,106.9,16,0,0,55.4,0,0,0
164473,Ben Beecher,DI,0,0,,0,0,,WEBER ST,1,D93,0,0,0,5,1,2026,9,69.7,0,0,60,0,0,0,1,1,0,55.2,0,0,0,0,WEBER ST,1,0,0,0,,0,0,53.4,,70.8,0,342,9,0,7,0,0,4,0,0,57,0,0,0
164478,Kevin Enriquez,LB,0,0,,2,0,,WEBER ST,1,D43,4,4,1,2,1,2027,6,75.7,0,0,65.7,1,0,2,0,0,0,66.7,0,0,0,0,WEBER ST,1,0,2,0,,0,0,90.4,,73.9,0,342,10,0,0,0,0,6,1,0,67.9,0,0,6
164479,Kao Hansen,S,0,0,,0,0,,WEBER ST,0,D12,39,21,0,1,1,2027,0,77,0,0,66.6,0,0,24,0,0,0,63.7,2,1,0,0,WEBER ST,0,0,1,0,,12,0,66.9,,72.7,0,342,39,0,0,0,0,14,0,2,59.7,4,0,0
164492,Raimoana Tinirauarii,ED,0,0,,0,0,,WEBER ST,0,D40,0,0,0,0,1,2027,6,,0,0,,0,0,0,0,0,0,62.5,0,0,0,0,WEBER ST,0,0,0,0,,0,,63.8,,72,0,342,6,0,0,0,0,6,0,0,,0,0,6
164498,Ty Anderson,LB,5,0,,1,2,60,E TENN ST,6,D10,56,53,0,4,1,2027,1,41.2,32,3,61.3,1,0,30,0,0,0,51.4,1,0,1,0,E TENN ST,3,0,1,0,15,0,20,51.7,10.7,0,0,157,57,31,0,0,78.8,23,1,2,55.5,2,0,1
164502,Darius Johnson Jr.,CB,3,0,,0,1,33.3,GARD-WEBB,3,D12,44,0,0,0,1,2027,0,47.3,12,1,61.1,0,0,23,0,0,0,63.6,44,0,0,0,GARD-WEBB,1,0,0,0,12,0,25,62.1,12,75.9,0,171,44,6,0,0,46.5,21,0,0,,0,0,0
164516,Brock Boyer,DI,0,0,,0,0,,ALBANY,3,D54,0,0,0,3,1,2028,10,73.4,0,0,,0,0,0,0,1,0,72.1,0,0,0,0,ALBANY,3,0,0,0,,0,0,72.3,,71.2,0,106,10,0,9,0,0,7,1,0,58,0,0,0
164526,Parris Smiley,S,1,0,,0,1,100,ALBANY,2,D08,55,51,1,4,1,2027,9,58.2,3,1,70.7,1,0,23,0,0,0,57.6,0,0,0,0,ALBANY,1,0,2,0,3,4,16.7,69.5,3,77.3,0,106,64,5,0,0,79.2,37,0,3,78.1,0,0,9
164529,Shoes Brinkley,S,1,0,,0,2,100,MCNEESE,6,D14,61,44,0,0,1,2027,1,62.2,3,1,78.9,0,0,22,0,0,0,57.3,0,0,0,0,MCNEESE,5,0,0,0,3,3,16.7,71.1,3,76.8,0,217,62,0,0,0,79.2,40,1,4,,14,0,1
164553,Daren Omoregie,S,3,0,,0,1,100,WAGNER,2,D11,53,6,0,2,1,2030,3,39.3,34,3,60.4,0,0,32,0,0,0,41.8,0,0,0,0,WAGNER,0,0,0,0,14,44,33.3,54.9,11.3,79.2,0,338,56,16,0,0,113.9,22,0,0,57.5,3,0,3
164566,Samuel Korpoi,S,0,0,,0,2,,DELWARE ST,5,D09,54,9,0,9,1,2026,12,58.7,0,0,69.5,0,0,34,0,0,0,56.8,0,0,0,0,DELWARE ST,4,0,0,0,,45,25,66.9,,80.8,0,152,66,0,0,0,0,23,1,1,62.9,0,0,12
164574,Bryce Rooks,DI,0,0,,0,1,,MONMOUTH,1,D92,0,0,0,15,1,2027,31,23.9,0,0,60,0,0,0,1,0,0,83.1,0,0,0,0,MONMOUTH,1,0,0,0,,0,50,79.1,,74.8,0,231,31,0,30,0,0,16,0,0,67.2,0,0,0
164575,Charlie Sasso,LB,3,0,,0,1,100,MONMOUTH,6,D05,31,30,0,3,1,2027,0,72.6,21,3,60.3,0,0,12,0,0,0,78.4,0,0,0,0,MONMOUTH,4,0,0,0,9,1,10,71.6,7,72.9,0,231,31,19,0,0,95.8,16,2,3,55.7,0,0,0
164577,Korede Sogbesan,ED,0,0,,0,0,,HAMPTON,5,D10,1,1,0,17,1,2027,51,79.9,0,0,61.2,1,0,0,0,0,0,59.3,0,0,0,1,HAMPTON,2,0,1,0,,0,0,63.6,,79.3,0,178,52,0,0,0,0,35,0,2,59.4,0,0,51
164584,Huck Flanagan,DI,0,0,,0,0,,NEW HAMP,0,D81,0,0,0,3,1,2027,6,,0,0,,0,0,0,0,4,0,61.6,0,0,0,0,NEW HAMP,0,0,0,0,,0,,61.5,,73.6,0,240,6,0,2,0,0,3,0,0,58.5,0,0,0
164590,Luke Teskey,ED,0,0,,0,0,,NEW HAMP,0,D99,0,0,0,8,1,2027,15,,0,0,,0,0,0,4,0,0,62.1,0,1,0,0,NEW HAMP,0,0,1,0,,0,,65,,74.1,0,240,15,0,0,0,0,7,0,0,63.6,0,0,11
164606,Anthony Ferrelli,LB,5,0,,0,0,40,STNY BROOK,4,D42,51,47,0,2,1,2027,0,82.2,21,2,62.4,1,0,35,0,0,0,83.7,0,0,0,0,STNY BROOK,2,0,1,0,12,4,0,74.9,10.5,74.8,0,303,51,15,0,1,52.9,14,0,3,67.6,0,0,0
164630,Myles Brodie,CB,4,0,,0,0,0,TOWSON,1,D01,83,17,0,0,1,2026,0,76.6,0,0,71.2,0,0,29,0,0,0,56.2,61,0,1,0,TOWSON,0,0,0,0,,5,0,67.8,,76.5,0,317,83,0,0,1,39.6,54,0,1,,0,0,0
164634,Dumkele Idehen,LB,0,0,,0,1,,TOWSON,2,D22,18,18,0,1,1,2027,0,54.6,0,0,50.7,0,0,6,0,0,0,73.9,0,0,0,0,TOWSON,1,0,0,0,,0,20,64.4,,71.4,0,317,18,0,0,0,0,11,0,2,60,0,0,0
164648,Tosin Akinsulire,DI,0,0,,0,0,,RHODE ISLD,1,D92,0,0,0,15,1,2027,40,70.2,0,0,,0,0,0,3,10,0,55.2,0,0,0,0,RHODE ISLD,0,0,0,0,,0,0,55.4,,76.8,0,274,40,0,27,0,0,25,0,0,57.4,0,0,0
164649,Andre DePina-Gray,S,2,0,,0,1,100,RHODE ISLD,8,D30,60,32,0,1,1,2027,7,80.1,8,2,73.2,0,0,35,0,0,0,71.4,0,0,0,0,RHODE ISLD,2,0,0,0,6,8,7.7,74,4,78.6,0,274,67,10,0,0,83.3,31,0,4,60,20,0,7
164658,Thaddeus Gianaris,ED,0,0,,0,0,,DARTMOUTH,1,D51,3,3,1,20,1,2028,40,75.2,0,0,,2,0,0,0,0,0,69.4,0,0,0,1,DARTMOUTH,1,0,3,0,,0,0,87.2,,79.4,0,148,43,0,5,0,0,23,0,0,88.2,0,0,35
164663,Jake Davis,ED,0,0,,0,0,,PENN,0,D43,0,0,0,5,1,2027,5,,0,0,,1,0,0,0,0,0,,0,0,0,0,PENN,0,0,1,0,,0,,64.2,,71.6,0,267,5,0,0,0,0,0,0,0,63.5,0,0,5
164670,Carter Janki,DI,0,0,,0,1,,PENN,3,D90,0,0,0,25,1,2027,53,42.6,0,0,,1,0,0,2,3,0,60.5,0,0,0,0,PENN,2,0,1,0,,0,16.7,64.8,,77.1,0,267,53,0,35,0,0,28,0,2,68,0,0,13
164672,John Lista,LB,2,0,,1,0,100,PENN,9,D44,50,45,0,4,1,2027,0,84.8,21,2,85.3,0,0,21,0,0,0,76.4,0,0,0,0,PENN,6,0,0,0,12,5,0,85.4,10.5,76.4,0,267,50,18,0,0,110.4,25,1,1,54.1,0,0,0
164673,Kadari Machen,LB,1,0,,0,1,100,PENN,4,D02,42,31,0,4,1,2026,3,59.2,6,1,50.7,1,0,17,0,0,0,73.9,1,1,0,0,PENN,2,0,2,0,6,10,14.3,68.3,6,74.4,0,267,45,4,0,0,91.7,24,0,2,86,0,0,3
164676,Ryan O'Connell,LB,1,0,,0,2,100,PENN,4,D07,19,17,0,1,1,2027,1,27.6,18,1,53.9,1,0,6,0,0,0,51.1,1,0,0,0,PENN,2,0,1,0,18,1,33.3,53,18,73.4,0,267,20,16,0,0,118.8,13,0,0,63,0,0,1
164694,Da'Quan Gonzales,CB,2,0,,0,0,100,YALE,3,D18,51,1,0,1,1,2027,0,78.5,51,2,62.3,0,0,30,0,0,0,63.3,50,0,0,0,YALE,1,0,0,0,32,0,0,62.8,25.5,76.3,0,352,51,9,0,0,118.8,20,0,0,60,0,0,0
164695,Ezekiel Larry,ED,0,0,,0,2,,YALE,3,D02,0,0,1,38,1,2027,63,49.2,0,0,,2,0,0,2,0,0,62.1,0,1,0,0,YALE,1,0,4,0,,0,33.3,59.5,,81.2,0,352,63,0,0,0,0,25,0,1,56.4,0,0,61
164702,Micaiah Shaber,ED,0,0,,0,0,,YALE,1,D43,0,0,0,30,1,2026,48,74.2,0,0,60,2,0,0,1,10,0,71.8,0,1,0,0,YALE,1,0,3,0,,0,0,76.2,,76.9,0,352,48,0,29,0,0,18,0,2,71.3,0,0,8
164704,Joshua Tarver,S,3,0,,0,0,100,YALE,6,D06,78,5,0,0,1,2027,0,83.7,17,3,70.2,0,0,49,0,0,0,67.3,0,0,0,0,YALE,1,0,0,0,9,17,0,70.6,5.7,79.7,0,352,78,6,0,0,90.3,29,0,1,,56,0,0
164712,Kaleb Broadbent,S,1,0,,0,0,100,NORFOLK,3,D37,28,10,0,1,1,2027,1,81.9,13,1,58.1,0,0,11,0,0,0,77.1,0,0,0,0,NORFOLK,1,0,0,0,13,16,0,67.2,13,74.3,0,244,29,1,0,0,118.8,17,0,2,59.6,2,0,1
164731,Javontay Martin,ED,0,0,,0,0,,NORFOLK,0,D54,0,0,0,6,1,2027,8,,0,0,,0,0,0,0,0,0,60,0,0,0,0,NORFOLK,0,0,0,0,,0,,54.7,,73,0,244,8,0,0,0,0,2,0,0,54.4,0,0,8
164735,Christian Parham,CB,0,0,,0,1,,NORFOLK,1,D02,14,9,0,0,1,2027,0,27.7,0,0,55.6,0,0,9,0,0,0,63.2,0,0,0,0,NORFOLK,1,0,0,0,,3,50,59.7,,70.8,0,244,14,0,0,0,0,5,0,0,,2,0,0
164744,Jalen Swindell,DI,0,0,,0,1,,NORFOLK,0,D12,0,0,0,16,1,2027,35,27.8,0,0,,0,0,0,0,20,0,66.9,0,0,0,0,NORFOLK,0,0,0,0,,0,50,67.4,,77.3,0,244,35,0,14,0,0,19,0,1,62,0,0,1
164753,Jaylen Williams,ED,0,0,,0,0,,NORFOLK,2,D24,0,0,0,14,1,2027,24,77.5,0,0,60,1,0,0,0,2,0,71.5,0,0,0,0,NORFOLK,1,0,1,0,,0,0,68.3,,77.1,0,244,24,0,3,0,0,10,0,2,57.7,0,0,19
164790,Braxton Sampson,LB,3,0,,0,2,100,INDIANA ST,7,D42,49,45,0,4,1,2027,10,46.7,69,3,44.8,0,0,28,0,0,0,84.7,0,0,0,0,INDIANA ST,4,0,0,0,56,4,22.2,63.9,23,78.1,0,191,59,57,0,0,158.3,27,1,0,57.1,0,1,10
164819,Jordan McClom,S,1,0,,0,0,0,N IOWA,4,D01,62,6,0,0,1,2027,0,83.9,0,0,75.3,0,0,27,0,0,0,73.4,1,0,0,0,N IOWA,1,0,0,0,,10,0,76.2,,77.4,0,255,62,0,0,1,39.6,35,0,2,,45,0,0
164828,Chris Dixon,DI,0,0,,0,0,,S DAKOTA,6,D50,0,0,0,29,1,2027,59,76.8,0,0,,1,0,0,5,3,0,76.3,0,0,0,0,S DAKOTA,6,0,1,0,,0,0,71.8,,76.8,0,291,59,0,51,0,0,30,0,1,55.7,0,0,0
164841,Caleb McKenzie,CB,0,0,,0,0,,FL A&M,0,D03,4,1,0,0,1,2029,0,,0,0,62.4,0,0,4,0,0,0,,0,0,0,0,FL A&M,0,0,0,0,,3,,63,,67.4,0,164,4,0,0,0,0,0,0,0,,0,0,0
164854,Jalen Lee,S,1,0,,0,0,100,S DAK ST,6,D06,69,35,0,0,1,2027,0,85.5,17,1,63.9,0,0,32,0,0,0,69.9,0,0,0,0,S DAK ST,2,0,0,0,17,2,0,67.2,17,77.9,0,292,69,-1,0,0,118.8,37,0,3,,32,0,0
164861,Kytan Fyfe,LB,1,0,,0,0,0,S DAK ST,0,D47,44,36,0,3,1,2028,2,78.1,0,0,57.5,1,0,14,0,0,0,55.9,0,0,0,0,S DAK ST,0,0,1,0,,8,0,57.2,,72,0,292,46,0,0,0,39.6,29,0,3,64.9,0,0,2
164864,Logan Green,DI,0,0,,0,0,,S DAK ST,0,D51,0,0,0,31,1,2028,68,,0,0,,1,0,0,0,9,0,64.8,0,2,0,0,S DAK ST,0,0,3,0,,0,,66.9,,77.8,0,292,68,0,59,0,0,37,0,0,65.2,0,0,0
164871,Bryce Johnson,LB,0,0,,0,0,,S DAK ST,0,D33,3,3,0,1,1,2028,3,73.1,0,0,60,0,0,1,0,0,0,68.8,0,0,1,0,S DAK ST,0,1,0,0,,0,0,53.7,,71.2,0,292,6,0,0,0,0,4,0,1,64.5,0,0,3
164874,Cullen McShane,LB,1,0,,0,1,100,S DAK ST,8,D05,53,47,0,5,1,2028,19,74.8,6,1,54.5,1,0,26,0,0,0,65.5,0,0,0,0,S DAK ST,2,0,1,0,6,6,8.3,60.9,6,78.5,0,292,72,4,0,0,91.7,41,0,3,60.9,0,0,19
164878,Joe Ollman,LB,2,0,,0,2,100,S DAK ST,8,D11,71,64,0,3,1,2028,0,58.1,37,2,54.7,2,0,27,0,0,0,72.4,0,0,0,0,S DAK ST,6,0,2,0,20,7,18.2,61.9,18.5,76,0,292,71,9,0,0,118.8,41,0,1,45.4,0,0,0
164883,Jace Sifore,DI,0,0,,0,0,,S DAK ST,1,D91,0,0,0,9,1,2028,33,71.9,0,0,59.1,0,0,3,4,0,0,70.3,0,0,0,0,S DAK ST,1,0,0,0,,0,0,65.1,,74.2,0,292,33,0,29,0,0,21,0,1,55.2,0,0,0
164895,Michael Boyd Jr.,DI,0,0,,0,1,,HAMPTON,2,D95,0,0,0,4,1,2026,15,35.9,0,0,,0,0,0,0,11,0,54.8,0,0,0,0,HAMPTON,1,0,0,0,,0,33.3,54.5,,73.7,0,178,15,0,4,0,0,11,0,0,58.7,0,0,0
164898,Ethan Coe,LB,0,0,,0,0,,YNGTOWN ST,1,D53,4,4,0,0,1,2027,0,73.1,0,0,60,0,0,1,0,0,0,56.9,0,0,0,0,YNGTOWN ST,0,0,0,0,,0,0,56.5,,67.4,0,353,4,0,0,0,0,3,0,0,,0,0,0
164923,Michael Wells,ED,0,0,,0,2,,YNGTOWN ST,1,D03,10,10,0,19,1,2027,27,25.2,0,0,73.2,2,0,5,12,0,0,68,0,0,2,0,YNGTOWN ST,1,0,2,0,,0,66.7,74.4,,0,0,353,37,0,3,0,0,13,0,0,82.6,0,0,12
164935,Ryan Crandall,LB,4,0,,0,4,100,N IOWA,5,D06,49,39,0,2,1,2026,7,30.6,17,4,66.4,0,0,20,0,0,0,51.3,0,0,0,0,N IOWA,3,0,0,0,6,10,36.4,58.4,4.3,75.2,0,255,56,32,0,0,84.4,34,0,2,57.9,0,0,7
164964,Elijah West,CB,6,0,,0,2,83.3,SOUTHERN U,4,D04,71,14,0,0,1,2026,4,58.1,35,5,65.4,0,0,38,0,0,0,62.9,0,0,0,0,SOUTHERN U,3,0,0,0,14,57,18.2,65.4,7,80.3,0,297,75,33,0,0,91,37,1,5,,0,0,4
164983,Olanrewaju Adeyemi,ED,0,0,,1,0,,WAGNER,1,D06,0,0,0,29,1,2027,44,71.5,0,0,,2,0,0,10,0,0,81.5,0,1,1,0,WAGNER,1,0,3,0,,0,0,72.7,,0,0,338,44,0,8,0,0,15,0,0,65.7,0,0,26
164992,Gavin Bryson,CB,6,0,,0,1,50,TENN TECH,3,D18,54,3,0,3,1,2026,0,46.5,30,3,73.9,0,0,45,0,0,0,60,50,0,1,0,TENN TECH,2,0,0,0,14,1,25,71.2,10,76.4,0,309,54,7,0,2,64.6,6,0,0,54,0,0,0
164993,Kimal Clark,S,1,0,,0,1,100,INDIANA ST,9,D05,71,27,0,1,1,2026,0,75.6,3,1,74.2,0,0,40,0,0,1,69.2,2,1,0,0,INDIANA ST,3,0,1,0,3,12,7.7,73.5,3,78.2,0,191,71,3,0,0,79.2,30,0,3,59,30,0,0
165022,Zack Athy,ED,0,0,,0,0,,STHLSK,1,D99,0,0,0,20,1,2026,34,73.4,0,0,,0,0,0,8,1,0,68.7,0,0,0,0,STHLSK,1,0,0,0,,0,0,62.6,,76,0,1470,34,0,3,0,0,14,0,1,53.6,0,0,22
165025,Tyler Bannon,S,3,0,,0,0,100,STHLSK,6,D15,55,23,0,2,1,2027,2,82.4,14,3,66.3,0,0,36,0,0,0,69.8,0,0,1,0,STHLSK,4,0,0,0,8,31,0,67.8,4.7,77.9,0,1470,57,6,0,0,86.1,19,0,0,57.5,1,0,2
165032,Brock Butler,S,3,0,,0,1,100,STHLSK,1,D35,7,0,0,0,1,2026,0,39.1,33,3,51.5,0,0,6,0,0,0,60,0,0,0,0,STHLSK,1,0,0,0,20,7,33.3,51.3,11,73.2,0,1470,7,18,0,0,112.5,1,0,1,,0,0,0
165080,Jordan Irvine,S,6,0,,0,0,66.7,STHLSK,2,D04,33,12,0,0,1,2027,0,78.5,35,4,54.8,0,0,28,0,0,0,60,0,0,0,0,STHLSK,2,0,0,0,20,10,0,55.7,8.8,75.6,0,1470,33,9,0,0,81.9,5,0,1,,11,0,0
165089,Dominic Mangiafico,LB,4,0,,0,0,100,STHLSK,2,D42,16,16,0,0,1,2026,0,75.8,52,4,29.5,0,0,9,0,0,0,71.5,0,0,0,0,STHLSK,2,0,0,0,22,0,0,39,13,71.4,0,1470,16,13,0,0,158.3,7,1,0,,0,1,0
165091,Faisal Mass,ED,0,0,,0,0,,STHLSK,1,D03,2,2,0,29,1,2027,45,76.1,0,0,,2,0,0,11,1,0,74.8,0,1,0,1,STHLSK,0,0,3,0,,0,0,74.7,,77.2,0,1470,47,0,15,0,0,18,0,4,65.9,0,0,18
165124,Justin Waters,LB,0,0,,0,0,,CHARLES SO,2,D02,32,30,0,2,1,2026,0,79.8,0,0,63.5,0,0,10,0,0,0,83.7,0,0,0,0,CHARLES SO,1,0,0,0,,2,0,78.6,,74.9,0,135,32,0,0,0,0,20,0,3,56.9,0,0,0
165126,PJ Williams,DI,0,0,,0,0,,STHLSK,1,D90,0,0,0,15,1,2026,21,69.7,0,0,,0,0,0,3,0,0,63,0,0,0,0,STHLSK,1,0,0,0,,0,0,60,,73.2,0,1470,21,0,18,0,0,6,0,0,56.5,0,0,0
165142,Slade Dollar,LB,2,0,,0,0,0,SE MO ST,2,D10,57,53,0,2,1,2026,1,76.7,0,0,69.6,1,0,29,0,0,0,61.2,0,0,0,0,SE MO ST,1,0,1,0,,4,0,69.1,,75,0,293,58,0,0,0,39.6,27,1,0,66.6,0,0,1
165175,Ebenezer Bedada,ED,0,0,,0,0,,CAMPBELL,0,D11,0,0,0,5,1,2027,10,,0,0,,0,0,0,0,0,0,64.7,0,0,1,0,CAMPBELL,0,0,0,0,,0,,54.1,,0,0,131,10,0,0,0,0,5,0,0,62.1,0,0,10
165185,Justus Johnson,CB,3,0,,0,0,66.7,SE MO ST,3,D18,42,5,0,2,1,2027,2,78.5,30,2,63.2,0,0,21,1,0,0,70.2,36,0,0,0,SE MO ST,2,0,0,0,19,0,0,65.6,15,75.8,0,293,44,9,0,0,99.3,21,0,0,58.6,1,0,1
165216,Marcus Heard Jr.,S,2,0,,0,1,100,TXRG,3,D04,60,25,0,1,1,2027,0,24.5,74,2,58.9,0,0,41,0,0,0,67.1,0,1,0,0,TXRG,2,0,1,0,70,11,20,63.3,37,76.7,0,1445,60,40,0,0,158.3,18,0,1,63.2,24,1,0
165221,Mikah Kent,DI,0,0,,0,2,,DAVIDSON,3,D10,0,0,0,33,1,2026,63,41.4,0,0,,3,0,0,6,1,0,66.7,0,0,0,0,DAVIDSON,2,0,3,0,,0,25,60.6,,76.8,0,149,63,0,56,0,0,30,0,3,51.4,0,0,0
165224,Sabin McLaughlin,S,0,0,,0,1,,GARD-WEBB,1,D10,30,22,0,0,1,2027,0,28.4,0,0,66,0,0,22,0,0,0,55.9,0,0,0,0,GARD-WEBB,1,0,0,0,,6,50,63.5,,73,0,171,30,0,0,0,0,8,1,0,,2,0,0
165225,Dominic Njoku,S,4,0,,0,2,75,DAVIDSON,5,D01,76,22,0,0,1,2026,3,32.7,53,3,69.6,0,1,42,0,0,0,72.9,0,0,0,0,DAVIDSON,1,0,0,0,48,11,25,71.9,17.7,79.4,0,149,79,48,0,0,77.1,37,0,1,,43,0,3
165231,Landon Smart,LB,0,0,,0,1,,DAVIDSON,1,D14,7,6,0,0,1,2026,1,25.7,0,0,54.1,0,0,4,0,0,0,60.6,0,0,0,0,DAVIDSON,0,0,0,0,,1,50,54.4,,68.9,0,149,8,0,0,0,0,4,0,0,,0,0,1
165233,Camron Willis,ED,0,0,,0,0,,IDAHO ST,1,D00,0,0,0,23,1,2026,55,75.2,0,0,60,4,0,1,1,0,0,49.8,0,0,0,0,IDAHO ST,0,0,4,0,,0,0,60.3,,80.3,0,186,55,0,2,0,0,31,0,1,71,0,0,52
165237,Elliott Braun,DI,0,0,,0,0,,DAYTON,1,D96,0,0,0,10,1,2027,22,71.3,0,0,,0,0,0,4,0,0,54.9,0,0,1,0,DAYTON,0,0,0,0,,0,0,44.5,,0,0,150,22,0,5,0,0,12,0,0,54.9,0,0,13
165240,Cam Cope,CB,4,0,,0,0,75,DAYTON,4,D09,62,6,0,0,1,2027,0,79.8,78,3,61.4,0,0,26,0,0,0,65.7,54,0,1,0,DAYTON,2,0,0,0,41,0,0,62.9,26,76.1,0,150,62,23,0,1,116.7,36,1,0,,2,0,0
165244,Mac Grant III,S,1,0,,0,0,100,DAYTON,3,D10,55,22,0,0,1,2027,0,79.9,24,1,70.8,0,1,22,0,0,0,71.7,0,0,0,0,DAYTON,1,0,0,0,24,1,0,72.6,24,77.6,0,150,55,1,0,0,79.2,33,0,0,,32,0,0
165249,Eli Kirk,S,4,0,,0,1,25,DAYTON,3,D19,58,18,0,1,1,2027,3,63,7,1,72.9,0,0,24,0,0,0,63.1,0,0,0,0,DAYTON,1,0,0,0,7,40,20,70.3,7,78.2,0,150,61,3,0,1,39.6,36,0,1,60,0,0,3
165253,Luke Mitchell,S,0,0,,0,0,,DAYTON,4,D04,59,23,0,0,1,2027,3,84.1,0,0,66,0,0,26,0,0,0,74.9,0,0,0,0,DAYTON,1,0,0,0,,0,0,71,,78.3,0,150,62,0,0,0,0,36,0,3,,36,0,3
165263,Mikey Mangialardi,S,1,0,,0,0,100,DRAKE,5,D27,67,7,0,0,1,2026,0,84.8,5,1,72,0,0,50,0,0,0,51.8,0,0,0,0,DRAKE,0,0,0,0,5,3,0,68.4,5,78.2,0,153,67,0,0,0,87.5,17,0,1,,57,0,0
165270,Jack Hemmert,DI,0,0,,0,0,,SAN DIEGO,1,D98,0,0,0,15,1,2026,34,70.1,0,0,,1,0,0,0,34,0,49.7,0,0,0,0,SAN DIEGO,1,0,1,0,,0,0,56.9,,77.2,0,283,34,0,0,0,0,19,0,0,70,0,0,0
165271,Jake Higgins,CB,1,0,,0,1,100,SAN DIEGO,6,D02,55,17,0,0,1,2026,0,63.1,5,1,72.3,0,0,28,0,0,0,64.9,31,0,0,0,SAN DIEGO,5,0,0,0,5,7,14.3,71.6,5,74.9,0,283,55,1,0,0,87.5,27,0,0,,0,0,0
165277,Ruben Lopez,S,5,0,,0,2,80,SAN DIEGO,2,D06,46,11,0,0,1,2027,1,42.9,156,4,42.8,0,1,24,0,0,0,55.3,1,0,2,0,SAN DIEGO,0,0,0,0,67,19,33.3,37.9,39,0,0,283,47,107,0,0,118.8,23,0,2,,15,1,1
165280,Ryan Meloche,S,1,0,,0,1,100,SAN DIEGO,2,D13,42,8,0,1,1,2026,1,40.3,8,1,65.8,0,0,24,0,0,0,55.4,0,0,0,0,SAN DIEGO,1,0,0,0,8,21,33.3,63.2,8,77.1,0,283,43,4,0,0,100,18,0,0,59.1,13,0,1
165290,Ezekiel Swayne,CB,6,0,,0,0,83.3,SAN DIEGO,3,D27,48,2,0,0,1,2027,0,79.3,94,5,47.6,0,1,24,0,0,0,63.5,44,0,0,0,SAN DIEGO,0,0,0,0,33,2,0,49.7,18.8,76,0,283,48,13,0,0,118.8,24,0,0,,0,1,0
165296,Charlie Boucher,ED,0,0,,0,0,,STTHOM,0,D20,2,1,0,6,1,2027,27,,0,0,60.9,0,0,4,0,0,0,63.1,0,0,0,0,STTHOM,0,0,0,0,,1,,62.3,,78.2,0,1129,29,0,0,0,0,19,0,0,56.9,0,0,27
165299,Ryan Calcagno,S,2,0,,0,1,50,STTHOM,3,D22,32,14,0,0,1,2026,6,58.2,0,1,63.6,0,0,15,0,0,0,73.1,0,0,0,0,STTHOM,3,0,0,0,0,10,16.7,69.2,0,77.9,0,1129,38,2,0,0,56.3,23,0,2,,8,0,6
165301,Logan Cassady,CB,1,1,,0,0,0,STTHOM,1,D02,17,1,0,0,1,2026,0,73.1,0,0,90.1,0,1,10,0,0,0,63,16,0,0,0,STTHOM,0,0,0,0,,0,0,90.6,,72.3,0,1129,17,0,0,0,0,7,0,0,,0,0,0
165306,Rod Finley,S,3,0,,0,1,33.3,STTHOM,1,D08,20,4,0,0,1,2027,0,28.6,2,1,69.3,0,0,9,0,0,0,61.4,0,0,0,0,STTHOM,1,0,0,0,2,2,50,68.6,2,72.7,0,1129,20,4,0,0,42.4,11,0,0,,14,0,0
165309,Den Juette,CB,0,0,,0,0,,STTHOM,1,D11,23,3,0,0,1,2027,0,77,0,0,64.9,0,0,7,0,0,0,56.9,17,0,1,0,STTHOM,0,0,0,0,,2,0,55.1,,0,0,1129,23,0,0,0,0,16,0,1,,1,0,0
165318,Jordan Pendleton,ED,0,0,,0,0,,STTHOM,3,D17,17,3,1,6,1,2028,16,80.4,0,0,71.4,0,0,6,0,0,0,72.6,1,0,0,0,STTHOM,3,0,1,0,,13,0,76.6,,79.1,0,1129,33,0,0,0,0,21,0,1,64.8,0,0,16
165323,Mitchell Schares,ED,0,0,,0,0,,STTHOM,1,D16,7,1,0,6,1,2027,15,73,0,0,62.5,1,0,7,0,0,0,67.2,0,0,0,0,STTHOM,1,0,1,0,,6,0,68.3,,78.1,0,1129,22,0,0,0,0,9,0,0,64.8,0,0,15
165324,Ryan Sever,LB,0,0,,1,2,,STTHOM,3,D10,33,32,0,7,1,2026,3,50.6,0,0,71.1,1,0,7,0,0,0,88.3,1,2,0,0,STTHOM,3,0,3,0,,0,22.2,90.3,,75.1,0,1129,36,0,0,0,0,22,0,4,73.2,0,0,3
165328,Evan Tyler,DI,0,0,,0,0,,STTHOM,1,D42,0,0,0,12,1,2027,33,73.8,0,0,,0,0,0,4,0,0,68.1,0,0,0,0,STTHOM,1,0,0,0,,0,0,65.9,,74.9,0,1129,33,0,26,0,0,21,0,2,56.1,0,0,3
165345,Daniel Marsh,DI,0,0,,0,0,,STETSON,0,D45,0,0,0,1,1,2027,6,,0,0,,0,0,0,4,0,0,62.1,0,0,0,0,STETSON,0,0,0,0,,0,,62.6,,68.4,0,302,6,0,2,0,0,5,0,0,60,0,0,0
165350,Nikkem Reynolds,CB,4,0,,0,0,50,NEWHVN,0,D06,15,1,0,0,1,2027,0,74.2,9,2,81.3,0,0,9,0,0,0,60,14,0,0,0,NEWHVN,0,0,0,0,6,0,0,82,4.5,72.2,0,1013,15,3,0,1,56.3,6,0,1,,0,0,0
165356,Brysson Stouffer,ED,0,0,,0,0,,STETSON,0,D09,0,0,0,1,1,2027,6,,0,0,,0,0,0,2,0,0,55.5,0,0,0,0,STETSON,0,0,0,0,,0,,53.1,,70.1,0,302,6,0,3,0,0,5,0,0,60,0,0,1
165363,Wade Abrams,LB,3,0,,0,0,100,S DAKOTA,2,D49,33,30,0,1,1,2027,1,80.2,24,3,55.1,0,0,19,0,0,0,63.5,0,0,0,0,S DAKOTA,1,0,0,0,11,3,0,57.5,8,74.1,0,291,34,29,0,0,139.6,14,0,3,58.9,0,1,1
165378,Alex Goworowski,ED,1,0,,0,0,100,VALPO,1,D42,0,0,0,28,1,2027,56,73.7,8,1,60.2,1,0,1,2,0,0,59.8,0,1,0,0,VALPO,1,0,2,0,8,0,0,58.2,8,78.8,0,332,56,2,1,0,100,27,1,1,55.2,0,0,53
165383,Christian Hilton,ED,0,0,,0,0,,VALPO,0,D18,0,0,0,1,1,2027,1,,0,0,,0,0,0,0,0,0,,0,0,0,0,VALPO,0,0,0,0,,0,,60,,65.6,0,332,1,0,0,0,0,0,0,0,60,0,0,1
165394,Matt Molnar,DI,0,0,,0,0,,VALPO,1,D33,1,1,0,18,1,2027,39,73.6,0,0,,1,0,0,2,0,0,75.4,0,0,0,0,VALPO,1,0,1,0,,0,0,70.3,,75.5,0,332,40,0,37,0,0,22,0,2,55,0,0,0
165423,Cam Sturdifen,S,3,0,,0,4,100,HAMPTON,7,D11,48,33,0,5,1,2027,6,45.3,30,3,53,0,0,15,0,0,0,59.5,1,0,0,0,HAMPTON,1,0,0,0,15,10,33.3,55.2,10,76.2,0,178,54,32,0,0,108.3,34,0,1,55.2,4,0,6
165427,Daniel Ufua,LB,0,0,,0,0,,HAMPTON,0,D12,15,15,0,0,1,2027,0,76,0,0,60.4,0,0,2,0,0,0,50.7,0,0,0,0,HAMPTON,0,0,0,0,,0,0,51.6,,69.4,0,178,15,0,0,0,0,13,0,2,,0,0,0
165450,Marquis Bradley,CB,1,0,,0,0,0,SCAR STATE,0,D13,13,2,0,0,1,2028,0,,0,0,64.1,0,0,7,0,0,0,60.4,11,0,0,0,SCAR STATE,0,0,0,0,,0,,64.7,,70.8,0,290,13,0,0,0,39.6,6,0,0,,0,0,0
165453,Kwantre' Harry,CB,0,0,,0,0,,SCAR STATE,2,D24,21,2,1,0,1,2028,0,79.7,0,0,64.9,0,0,13,0,0,0,72.6,0,0,0,0,SCAR STATE,3,0,1,0,,18,0,72.9,,74.8,0,290,21,0,0,0,0,8,0,0,74.1,1,0,0
165462,Micaiah Settles,DI,0,0,,0,0,,SCAR STATE,0,D96,0,0,0,7,1,2026,11,,0,0,,0,0,0,1,1,0,65.2,0,0,0,0,SCAR STATE,0,0,0,0,,0,,69.1,,72,0,290,11,0,9,0,0,4,0,0,64,0,0,0
165649,Javon Davis,CB,7,0,,1,2,71.4,MCNEESE,5,D05,57,7,0,1,1,2027,0,56.9,113,5,41.4,0,0,20,0,0,0,68.5,0,0,0,0,MCNEESE,4,0,0,0,69,49,22.2,51.8,22.6,80.7,0,217,57,69,0,1,153.3,36,0,2,60,1,1,0
165652,Jerome Robinson,CB,7,0,,1,0,57.1,INDIANA ST,9,D02,57,3,0,1,1,2027,1,85.1,53,4,36.7,0,0,31,0,0,0,77.1,51,0,0,0,INDIANA ST,2,0,0,0,32,1,0,44.6,13.3,77.1,0,191,58,19,0,0,81.3,26,1,2,60,2,0,1
165663,Zack Vicknair,S,0,0,,0,0,,SE LA,0,D23,5,0,0,0,1,2027,0,,0,0,62.1,0,0,4,0,0,0,60,0,0,0,0,SE LA,0,0,0,0,,0,,62,,71,0,294,5,0,0,0,0,1,0,0,,5,0,0
165687,Sean Dubose,ED,0,0,,0,0,,HOUCHR,1,D41,15,15,0,10,1,2028,19,76.5,0,0,61.8,1,0,5,1,0,0,68,0,0,0,0,HOUCHR,0,0,1,0,,0,0,67.7,,77.4,0,183,34,0,0,0,0,19,0,1,61.3,0,0,18
165731,Fasitootai Sagapolu,DI,0,0,,0,0,,UTAHTC,1,D63,0,0,0,20,1,2027,51,72.9,0,0,,1,0,0,12,2,0,74.8,0,0,0,0,UTAHTC,1,0,1,0,,0,0,73,,75.5,0,1285,51,0,34,0,0,31,0,1,60.5,0,0,3
165741,Ian Box,ED,0,0,,0,0,,TXRG,1,D09,0,0,0,26,1,2028,39,71.3,0,0,60,0,0,0,3,0,0,51.2,0,1,0,0,TXRG,1,0,1,0,,0,0,60.6,,78.7,0,1445,39,0,0,0,0,13,0,0,60.5,0,0,36
165754,Brayden Faulkner,LB,0,0,,0,0,,LAMAR,6,D17,30,29,0,4,1,2026,1,81.4,0,0,64.6,0,0,13,0,0,0,92.3,0,0,0,0,LAMAR,5,0,0,0,,0,0,91,,75.6,0,204,31,0,0,0,0,14,1,1,84.1,1,0,1
165755,Jacob Ferree,DI,0,0,,0,0,,LAMAR,0,D42,0,0,0,5,1,2028,12,,0,0,,0,0,0,2,6,0,63.7,0,0,0,0,LAMAR,0,0,0,0,,0,,62.7,,72.9,0,204,12,0,4,0,0,7,0,0,57.5,0,0,0
165760,Colin Hedges,DI,0,0,,0,0,,LAMAR,0,D92,0,0,0,0,1,2027,3,,0,0,,0,0,0,0,0,0,60.7,0,0,0,0,LAMAR,0,0,0,0,,0,,62,,67.7,0,204,3,0,3,0,0,3,0,0,,0,0,0
165772,Kristian Pugh,S,3,0,,1,0,66.7,LAMAR,3,D01,26,22,1,1,1,2026,0,80.3,99,2,49.6,0,0,16,0,0,0,72,0,0,0,0,LAMAR,2,0,1,0,59,2,0,60.2,49.5,71.7,0,204,26,49,0,0,109.7,9,1,0,70.1,2,0,0
165791,Julian Amituanai,DI,0,0,,0,0,,SO UTAH,0,D90,0,0,0,7,1,2027,9,,0,0,,0,0,0,0,0,0,58.5,0,0,0,0,SO UTAH,0,0,0,0,,0,,57.7,,71.2,0,298,9,0,9,0,0,2,0,0,64.6,0,0,0
165793,Breken Bowen,ED,0,0,,0,0,,WEBER ST,0,D91,0,0,0,1,1,2028,2,,0,0,,0,0,0,1,0,0,60,0,0,0,0,WEBER ST,0,0,0,0,,0,,59.3,,66.9,0,342,2,0,0,0,0,1,0,0,59.5,0,0,1
165801,Josh Dunn,LB,4,0,,0,0,100,SO UTAH,8,D08,56,53,0,1,1,2026,2,85.4,13,4,75.2,0,0,35,0,0,0,76.2,0,1,0,0,SO UTAH,8,0,1,0,5,3,0,81.2,3.3,74.2,0,298,58,28,0,0,80.2,22,0,5,64.2,0,0,2
165803,Brendan Hale,S,0,0,,0,1,,TENN STATE,3,D08,53,5,0,0,1,2028,0,56.4,0,0,63,0,0,36,0,0,0,73.2,0,0,0,0,TENN STATE,1,0,0,0,,0,20,67.1,,76.6,0,308,53,0,0,0,0,17,0,1,,48,0,0
166001,Chris Pierce,CB,5,0,,0,2,60,INCAR WORD,1,D04,53,1,0,0,1,2026,1,15.3,129,3,48.1,0,0,39,0,0,0,62.3,51,0,0,0,INCAR WORD,0,0,0,0,75,1,66.7,49.3,43,77.2,0,189,54,62,0,0,143.8,15,0,0,,0,1,1
166032,Preston Hamilton,DI,0,0,,0,0,,TXAMEA,1,D98,1,1,0,25,1,2027,51,70.2,0,0,,3,0,0,3,4,0,63.8,0,1,1,0,TXAMEA,0,0,4,0,,0,0,66.2,,0,0,1139,52,0,44,0,0,27,0,0,73.6,0,0,0
166398,Justin Carcel,S,1,0,,0,1,0,RHODE ISLD,0,D22,28,6,0,0,1,2026,0,22.1,0,0,70.1,0,0,14,0,0,0,62.2,0,0,0,0,RHODE ISLD,0,0,0,0,,6,100,69.1,,74.3,0,274,28,0,0,1,39.6,14,0,0,,16,0,0
166446,Joenel Figueroa,S,3,0,,0,1,66.7,W GEORGIA,7,D03,63,45,0,0,1,2028,3,73.8,11,2,78.9,0,0,32,0,0,0,67.2,0,0,0,0,W GEORGIA,2,0,0,0,8,11,8.3,76.5,5.5,78.5,0,1177,66,11,0,1,72.9,34,0,4,,7,0,3
166464,Joey Patierno,DI,0,0,,0,0,,MARIST,1,D94,0,0,0,13,1,2027,47,69.7,0,0,,0,0,0,0,8,0,54.9,0,0,0,0,MARIST,1,0,0,0,,0,0,54.7,,76.4,0,213,47,0,39,0,0,34,0,0,55.9,0,0,0
166589,Olatunde Mkparu,CB,5,0,,1,1,40,BRYANT,2,D03,43,5,0,0,1,2027,0,52.2,61,2,62.3,0,1,25,0,0,0,55,37,0,0,0,BRYANT,0,0,0,0,47,0,33.3,60.9,30.5,75.2,0,124,43,13,0,0,46.7,18,0,0,,1,0,0
166596,Hollis Dirstine,DI,0,0,,0,0,,BRYANT,0,D99,0,0,0,19,1,2027,33,,0,0,,0,0,0,2,14,0,62.5,0,0,0,0,BRYANT,0,0,0,0,,0,,62.4,,75.6,0,124,33,0,17,0,0,14,0,0,59.9,0,0,0
166598,Dedric Walker,S,5,0,,0,0,80,BRYANT,4,D00,45,12,0,3,1,2028,6,62,91,4,50.1,0,0,26,0,0,0,69.4,0,0,0,0,BRYANT,2,0,0,0,63,33,0,56.2,22.8,77.8,0,124,51,57,0,0,118.8,22,1,2,59.2,0,0,6
166612,Kaden Hamilton,S,0,0,,0,0,,BRYANT,0,D07,2,0,0,0,1,2026,1,,0,0,61.4,0,0,3,0,0,0,,0,0,0,0,BRYANT,0,0,0,0,,0,,61.5,,68.9,0,124,3,0,0,0,0,0,0,0,,2,0,1
166658,Antwan Davis,LB,1,0,,0,0,100,NORFOLK,1,D26,11,11,0,0,1,2026,0,73.6,12,1,52.2,0,0,6,0,0,0,76.9,0,0,0,0,NORFOLK,1,0,0,0,12,0,0,63.7,12,70.7,0,244,11,5,0,0,116.7,5,0,0,,0,0,0
166674,Sean Coverdale,DI,0,0,,0,0,,MARIST,1,D92,0,0,0,4,1,2027,26,73.3,0,0,,1,0,0,4,0,0,46.5,0,0,0,0,MARIST,1,0,1,0,,0,0,49.7,,74.5,0,213,26,0,14,0,0,22,0,1,68.1,0,0,8
166697,Rechee Smith,CB,0,0,,0,0,,MARIST,0,D28,17,5,0,0,1,2026,1,73.5,0,0,61.4,0,0,2,0,0,0,58.8,12,0,0,0,MARIST,0,0,0,0,,0,0,60.7,,71.8,0,213,18,0,0,0,0,16,0,1,,0,0,1
166698,Jalen Carpenter,ED,0,0,,0,1,,MARIST,2,D93,0,0,0,11,1,2027,35,50,0,0,,1,0,0,9,0,0,61.4,0,0,1,0,MARIST,2,0,1,0,,0,25,55.3,,0,0,213,35,0,1,0,0,24,0,1,58.5,0,0,25
166880,Collin Vaughn,DI,0,0,,0,0,,YNGTOWN ST,1,D98,0,0,0,21,1,2026,32,70.2,0,0,,3,0,0,3,3,0,73.6,0,0,0,0,YNGTOWN ST,1,0,3,0,,0,0,75.7,,75.1,0,353,32,0,24,0,0,11,0,0,68.1,0,0,2
167062,Stephen Sparrow,LB,3,0,,0,0,66.7,BETH COOK,8,D07,53,51,0,7,1,2027,1,84.3,20,2,79.5,0,0,33,0,0,1,50.5,0,1,0,0,BETH COOK,6,0,1,0,19,2,0,71.9,10,75.6,0,119,54,12,0,0,85.4,14,1,3,61.4,0,0,1
167069,Jackson Barry,LB,1,0,,0,0,100,STETSON,3,D07,21,18,0,2,1,2027,0,79.5,7,1,67.4,0,0,13,0,0,0,66.9,0,0,0,0,STETSON,1,0,0,0,7,3,0,69.5,7,69.2,0,302,21,-1,0,0,95.8,6,0,1,58.2,0,0,0
167103,Kevin Thomas Jr.,S,2,0,,1,1,0,LAMAR,1,D20,34,19,0,0,1,2029,0,28.8,0,0,76.5,0,1,21,0,0,0,57.8,0,0,0,0,LAMAR,0,0,0,0,,0,50,71.9,,74.1,0,204,34,0,0,0,0,13,0,0,,15,0,0
167106,Markeis Sykes,ED,0,0,,0,1,,GRAMBLING,0,D45,0,0,0,5,1,2027,9,23.1,0,0,,1,0,0,4,0,0,54.9,0,0,0,0,GRAMBLING,0,0,1,0,,0,100,49.1,,71.6,0,177,9,0,3,0,0,4,0,0,53.7,0,0,2
167110,Norey Johnson,S,0,0,,0,0,,HOUCHR,3,D15,27,7,0,0,1,2027,0,78.9,0,0,67.2,0,0,17,0,0,0,51.9,1,0,0,0,HOUCHR,1,0,0,0,,1,0,62.6,,74.3,0,183,27,0,0,0,0,10,0,0,,18,0,0
167148,Ckelby Givens,ED,0,0,,0,0,,SOUTHERN U,2,D01,0,0,0,38,1,2027,75,73.4,0,0,61.3,1,0,0,2,0,0,67.8,0,0,1,1,SOUTHERN U,2,0,1,0,,0,0,70,,9.7,0,297,75,0,0,0,0,37,0,0,67.9,0,0,73
167150,Xavier Potts,DI,0,0,,0,0,,STF AUSTIN,0,D22,1,1,1,18,1,2027,24,72.1,0,0,,1,0,0,3,11,0,65.3,0,2,0,0,STF AUSTIN,1,0,4,0,,0,0,82.5,,75,0,301,25,0,10,0,0,7,0,1,83.4,0,0,0
167238,Antwone Watts,S,7,0,,0,0,42.9,BETH COOK,3,D15,69,28,0,0,1,2026,0,82.7,17,3,78.7,0,0,53,0,0,0,63.8,0,0,0,0,BETH COOK,1,0,0,0,11,13,0,77.1,5.7,77.8,0,119,69,1,0,1,50.3,16,0,2,,28,0,0
167421,Richard Sweeney III,CB,4,0,,0,0,50,MOREHEAD,1,D21,47,0,0,0,1,2027,0,74.2,19,2,66.9,0,0,26,0,0,0,63,43,0,0,0,MOREHEAD,0,0,0,0,13,4,0,67.3,9.5,76,0,234,47,1,0,0,63.5,21,0,0,,0,0,0
167560,Caleb Canada,S,2,0,,0,0,50,MS VLY ST,3,D16,26,12,0,1,1,2026,0,84.3,4,1,83.7,0,0,9,0,0,0,73.6,0,0,0,0,MS VLY ST,1,0,0,0,4,10,0,82.4,4,71.9,0,228,26,9,0,1,56.3,16,0,2,59.8,4,0,0
167611,D.J. Roberts,CB,1,0,,0,0,100,HOUCHR,2,D12,31,6,0,0,1,2026,0,76.5,10,1,58.4,0,0,13,0,0,0,68.1,22,0,0,0,HOUCHR,1,0,0,0,10,3,0,62.1,10,73.8,0,183,31,16,0,0,108.3,18,0,0,,0,0,0
167645,Aaron Richard,ED,0,0,,0,0,,PRINCETON,0,D58,0,0,0,2,1,2026,12,73.7,0,0,,0,0,0,6,0,0,64.7,0,0,0,0,PRINCETON,0,0,0,0,,0,0,65,,71.6,0,272,12,0,0,0,0,10,0,2,59.1,0,0,6
167647,Charlie Lingon,DI,0,0,,0,0,,PRINCETON,0,D94,0,0,0,0,1,2026,5,,0,0,,0,0,0,0,2,0,62.4,0,0,0,0,PRINCETON,0,0,0,0,,0,,63.7,,69.7,0,272,5,0,3,0,0,5,0,0,,0,0,0
167650,Nasir Hill,S,3,0,,0,1,66.7,PRINCETON,6,D04,61,28,0,0,1,2026,2,64.5,36,2,66.9,0,0,34,0,0,0,61.5,0,0,0,0,PRINCETON,3,0,0,0,19,0,12.5,65.8,18,77.8,0,272,63,3,0,1,107.6,29,2,1,,33,0,2
167657,Sekou Roland,ED,0,0,,0,1,,PRINCETON,3,D11,10,10,0,9,1,2028,20,55.3,0,0,60.4,2,0,5,0,0,0,69.4,0,0,0,0,PRINCETON,3,0,2,0,,0,25,67.4,,78.2,0,272,30,0,0,0,0,16,0,0,60.7,0,0,20
167658,Will Beesley,LB,0,0,,0,0,,PRINCETON,1,D44,7,7,0,0,1,2027,0,73.1,0,0,,0,0,0,0,0,0,74.2,0,0,0,0,PRINCETON,1,0,0,0,,0,0,76,,70.3,0,272,7,0,0,0,0,7,0,0,,0,0,0
167666,Jalen Jones,S,1,0,,0,0,100,PRINCETON,0,D32,12,1,0,1,1,2026,2,75.1,2,1,66.7,0,0,11,0,0,0,60,0,0,0,0,PRINCETON,0,0,0,0,2,10,0,66.4,2,75.2,0,272,14,0,0,0,79.2,2,0,1,59.2,1,0,2
167670,Marco Scarano,LB,0,0,,0,0,,PRINCETON,5,D02,61,58,1,11,1,2026,3,81.9,0,0,67.3,1,0,25,0,0,0,67.6,0,0,0,0,PRINCETON,2,0,2,0,,3,0,72.9,,77.7,0,272,64,0,0,0,0,28,0,2,70.7,0,0,3
168009,Daylon Land,LB,1,0,,0,1,100,CENT ARK,2,D15,28,24,0,1,1,2026,0,44.6,10,1,55.6,1,0,12,0,0,0,71.8,0,0,0,0,CENT ARK,2,0,1,0,10,4,25,64.5,10,73.2,0,132,28,4,0,0,108.3,15,0,1,59.5,0,0,0
168082,Jahaad Fort,CB,7,0,,0,0,71.4,N ARIZONA,5,D20,38,0,0,0,1,2028,0,82,40,5,54.1,0,0,23,0,0,0,56.4,38,0,0,0,N ARIZONA,1,0,0,0,10,0,0,53.8,8,75,0,252,38,10,0,0,85.4,15,0,1,,0,0,0
168178,Keaton Edwards,S,0,0,,0,0,,MOREHEAD,0,D09,1,0,0,0,1,2028,0,,0,0,60,0,0,1,0,0,0,,0,0,0,0,MOREHEAD,0,0,0,0,,0,,60,,63.7,0,234,1,0,0,0,0,0,0,0,,1,0,0
168226,Luke Popovich,ED,0,0,,0,0,,MOREHEAD,1,D58,1,1,2,21,1,2028,33,76.3,0,0,,0,0,0,2,0,0,55.6,0,1,0,0,MOREHEAD,3,0,3,0,,0,0,66,,77.9,0,234,34,0,0,0,0,13,0,0,70.2,0,0,31
168336,Avian Rice,S,0,0,,0,0,,TARLETON,0,D24,14,3,0,0,1,2027,0,,0,0,62.1,0,0,6,0,0,0,60.7,0,0,0,0,TARLETON,0,0,0,0,,3,,62.7,,71.4,0,401,14,0,0,0,0,8,0,0,,8,0,0
168340,Detrick Jones,DI,0,0,,0,0,,ALABAMA ST,1,D44,0,0,0,10,1,2026,20,72.4,0,0,,0,0,0,0,0,0,72.2,0,0,0,0,ALABAMA ST,0,0,0,0,,0,0,70.1,,73.4,0,105,20,0,20,0,0,10,0,1,57.5,0,0,0
168353,Jai Barnes,DI,0,0,,0,0,,E TENN ST,1,D98,0,0,0,2,1,2026,4,72.2,0,0,,0,0,0,0,1,0,63.5,0,0,0,0,E TENN ST,0,0,0,0,,0,0,64.7,,68.7,0,157,4,0,3,0,0,2,0,0,59.6,0,0,0
168410,Julian Sampson,CB,2,0,,0,0,100,STETSON,4,D02,43,9,0,2,1,2028,0,80.7,14,2,76.2,0,0,24,0,0,0,59.2,32,0,0,0,STETSON,2,0,0,0,14,2,0,73.6,7,74.5,0,302,43,2,0,0,95.8,17,0,1,57.5,0,0,0
168411,KJ Scott,LB,0,0,,0,1,,CAMPBELL,2,D02,24,24,0,3,1,2026,0,43.3,0,0,62.3,0,0,7,0,0,0,56,0,0,0,0,CAMPBELL,2,0,0,0,,0,25,57.3,,72.3,0,131,24,0,0,0,0,14,0,1,56,0,0,0
168451,Andrew Smith,CB,3,0,,0,0,33.3,TENN TECH,0,D36,55,1,0,0,1,2027,0,,5,1,81.1,0,1,49,0,0,0,60,53,0,0,0,TENN TECH,0,0,0,0,5,1,,81.1,5,76.4,0,309,55,0,0,0,2.8,6,0,0,,0,0,0
168462,DeJuan Lewis,S,2,0,,1,0,50,S DAKOTA,6,D02,59,25,0,2,1,2026,2,83.1,4,1,61.2,0,0,30,0,0,1,90.7,0,0,0,0,S DAKOTA,3,0,0,0,4,6,0,73.6,4,77.4,0,291,61,1,0,0,56.3,29,0,0,58.2,28,0,2
168470,Jaquez Dew,LB,1,0,,0,0,100,ALCORN ST,1,D11,10,9,0,0,1,2026,2,75.8,9,1,50.9,0,0,4,0,0,0,73.8,0,0,0,0,ALCORN ST,0,0,0,0,9,1,0,69.5,9,72.5,0,107,12,9,0,0,104.2,8,0,1,63.8,0,0,2
168563,Blanche Gold,ED,0,0,,0,1,,MORGAN ST,4,D07,8,1,0,36,1,2027,61,57.9,0,0,60,2,0,0,6,0,0,54.7,0,0,0,0,MORGAN ST,4,0,2,0,,6,20,51.7,,81.8,0,235,69,0,0,0,0,33,1,0,50.2,0,0,55
168598,Jakobe Shell,ED,0,0,,0,0,,CENT ARK,2,D08,1,1,0,23,1,2028,50,73.2,0,0,60.4,0,0,2,31,0,0,72.3,0,0,0,0,CENT ARK,1,0,0,0,,0,0,68.1,,76.7,0,132,51,0,0,0,0,26,0,0,57.3,0,0,19
169059,Quintin Cook,ED,0,0,,0,0,,NWSTATE,0,D93,0,0,0,4,1,2027,5,,0,0,,0,0,0,0,0,0,60,0,0,0,0,NWSTATE,0,0,0,0,,0,,46.6,,70.7,0,257,5,0,0,0,0,1,0,0,55.5,0,0,5
169137,Thomas Johnson,ED,0,0,,0,1,,NC CENT,5,D10,1,0,0,15,1,2027,49,61.1,0,0,,3,0,0,4,0,0,63.8,0,0,1,0,NC CENT,4,0,3,0,,0,16.7,61,,0,1,247,50,0,5,0,0,35,2,0,64,0,0,40
169153,Jaycob Neely,LB,0,0,,0,0,,AUSTINPEAY,0,D42,3,3,0,0,1,2027,1,,0,0,,0,0,0,0,0,0,54.3,0,0,0,0,AUSTINPEAY,0,0,0,0,,0,,51.4,,68.6,0,116,4,0,0,0,0,4,0,0,,0,0,1
169157,Terphil Bien-Aime,CB,2,0,,0,0,50,ALAB A&M,1,D25,25,1,0,0,1,2028,0,73.5,-1,1,86,0,0,10,0,0,0,61.8,23,0,0,0,ALAB A&M,1,0,0,0,-1,0,0,85.3,-1,73.9,0,104,25,1,0,1,56.3,15,1,0,,1,0,0
169167,Javin Griffin,DI,0,0,,0,0,,GARD-WEBB,0,D90,0,0,0,18,1,2027,34,,0,0,,0,0,0,0,0,0,69,0,0,0,0,GARD-WEBB,0,0,0,0,,0,,64.2,,74.9,0,171,34,0,34,0,0,16,0,0,54.7,0,0,0
169213,Jecari Bryson,LB,2,0,,0,1,0,GARD-WEBB,1,D23,51,30,0,3,1,2027,2,37.4,0,0,49,0,0,24,0,0,0,59.9,0,0,0,0,GARD-WEBB,1,0,0,0,,21,33.3,52.2,,75.6,0,171,53,0,0,0,39.6,26,0,1,58.1,0,0,2
169215,Christen Williams,CB,0,0,,0,0,,GRAMBLING,0,D29,2,0,0,0,1,2027,0,,0,0,60,0,0,1,0,0,0,60,0,0,0,0,GRAMBLING,0,0,0,0,,2,,60.8,,66,0,177,2,0,0,0,0,1,0,0,,0,0,0
169507,Jimmy Bowdry,CB,6,0,,0,0,83.3,E TENN ST,5,D05,60,12,0,1,1,2027,2,81.4,49,5,60.2,0,0,35,0,0,0,72.8,47,0,1,0,E TENN ST,2,0,0,0,35,1,0,63.8,9.8,76.2,0,157,62,7,0,0,100.7,26,0,1,60,0,0,2
169515,Lloyd Johnson,DI,0,0,,0,0,,INCAR WORD,0,D91,0,0,0,2,1,2027,2,,0,0,,0,0,0,2,0,0,,0,0,0,0,INCAR WORD,0,0,0,0,,0,,58.4,,66.6,0,189,2,0,0,0,0,0,0,0,58.3,0,0,0
169524,Jorhdan Brown,DI,0,0,,0,0,,ALAB A&M,0,D96,0,0,0,19,1,2030,35,,0,0,,0,0,0,0,4,0,58.2,0,0,0,0,ALAB A&M,0,0,0,0,,0,,57.7,,74.9,0,104,35,0,31,0,0,16,0,0,57.3,0,0,0
169597,Wade Gullickson,LB,0,0,,0,0,,ELON,0,D53,1,0,0,0,1,2027,0,,0,0,,0,0,0,0,0,0,60,0,0,0,0,ELON,0,0,0,0,,0,,60.1,,60,0,162,1,0,0,0,0,1,0,0,,0,0,0
169924,Fabian Scott,CB,1,0,,0,0,0,MERCER,1,D21,11,0,0,0,1,2027,0,73.5,0,0,70.1,0,0,5,0,0,0,63.7,11,0,0,0,MERCER,0,0,0,0,,0,0,71.9,,71.2,0,219,11,0,0,0,39.6,6,0,0,,0,0,0
169991,AJ Thomas,ED,0,0,,0,1,,MCNEESE,3,D09,1,1,1,16,1,2028,59,68.6,0,0,60.9,1,0,4,0,0,0,62.5,0,0,0,0,MCNEESE,2,0,2,0,,0,12.5,63.1,,81.4,0,217,60,0,0,0,0,40,0,4,60.2,0,0,59
170019,David Ojiegbe,ED,0,0,,0,0,,NORFOLK,1,D08,0,0,0,18,1,2027,40,73,0,0,,2,0,0,7,0,0,69.1,0,0,0,0,NORFOLK,1,0,2,0,,0,0,66.9,,78.2,0,244,40,0,2,0,0,22,0,0,59.5,0,0,31
170072,Steven Jones,LB,0,0,,0,0,,MURRAY ST,0,D24,8,0,0,0,1,2028,0,74.8,0,0,60,0,0,1,0,0,0,64.2,0,0,0,0,MURRAY ST,0,0,0,0,,8,0,63.8,,71.8,0,236,8,0,0,0,0,7,0,1,,0,0,0
170153,Ryan Kuennen,DI,0,0,,0,0,,N IOWA,1,D90,0,0,0,11,1,2028,25,70.8,0,0,61.3,0,0,0,7,2,1,46,0,0,1,0,N IOWA,1,0,0,0,,0,0,49.4,,0,0,255,25,0,16,0,0,14,1,0,61.5,0,0,0
170174,Kahlil Tate,S,2,0,,0,1,50,AUSTINPEAY,2,D41,44,27,0,0,1,2028,0,47.8,33,1,45,0,0,29,0,0,0,58.7,0,0,0,0,AUSTINPEAY,0,0,0,0,33,5,25,47.2,33,74.8,0,116,44,4,0,0,95.8,15,0,1,,12,0,0
170239,Syncere Safeeullah,CB,0,0,,0,0,,TENN STATE,1,D10,19,0,0,0,1,2029,0,74.2,0,0,56.3,0,0,15,0,0,0,63.3,19,0,1,0,TENN STATE,0,0,0,0,,0,0,57.9,,73,0,308,19,0,0,0,0,4,0,0,,0,0,0
170352,Xavier Perkins,ED,0,0,,0,0,,FL A&M,1,D98,0,0,0,7,1,2031,26,69.7,0,0,,1,0,0,2,0,0,67.7,0,0,0,0,FL A&M,1,0,1,0,,0,0,69.6,,75.3,0,164,26,0,4,0,0,19,0,0,64.4,0,0,20
170404,Ja'Coby Matthews,WR,0,0,,0,0,,ALCORN ST,0,04,1,0,0,0,1,2026,0,,0,0,,0,0,0,0,0,0,60,0,0,0,0,ALCORN ST,0,0,0,0,,0,,60,,60,0,107,1,0,0,0,0,1,0,0,,0,0,0
170411,Will Caneer,ED,0,0,,0,0,,BUCKNELL,2,D30,0,0,0,10,1,2027,32,73.8,0,0,,0,0,0,23,1,0,66.4,0,1,1,0,BUCKNELL,2,0,1,0,,0,0,61.2,,0,0,125,32,0,4,0,0,22,0,0,63.1,0,0,4
170429,Dee Newsome,CB,2,0,,0,1,50,SAMFORD,3,D01,43,5,0,0,1,2029,0,44.7,0,1,75.9,0,0,14,0,0,0,62.5,38,0,0,0,SAMFORD,3,0,0,0,0,0,25,73.5,0,75,0,282,43,0,0,0,56.3,29,0,0,,0,0,0
170563,Dude Person,S,1,0,,0,1,100,CENT ARK,2,D18,44,23,0,0,1,2026,0,41,18,1,58.7,0,0,20,0,0,0,58.2,0,0,0,0,CENT ARK,1,0,0,0,18,3,33.3,58.5,18,75.5,0,132,44,0,0,0,118.8,24,0,0,,18,0,0
170567,Reggie Shepherd,ED,0,0,,0,0,,CENT ARK,0,D42,0,0,0,2,1,2027,8,,0,0,60.7,0,0,3,1,0,0,49.8,0,0,0,0,CENT ARK,0,0,0,0,,0,,54.6,,72.7,0,132,8,0,0,0,0,3,0,0,66.7,0,0,7
170592,Frank Lee IV,ED,0,0,,0,0,,E KENTUCKY,0,D22,3,0,0,25,1,2026,45,,0,0,61.4,2,0,2,0,0,0,51.7,0,0,0,0,E KENTUCKY,0,0,2,0,,2,,56.5,,80.9,0,159,48,0,0,0,0,21,0,0,59.7,1,0,45
170606,Kaleb Brown,DI,0,0,,0,1,,N ALABAMA,1,D99,0,0,0,15,1,2026,28,23.5,0,0,,0,0,0,0,8,0,71.5,0,0,0,0,N ALABAMA,1,0,0,0,,0,50,63,,74.9,0,389,28,0,20,0,0,13,0,0,48.8,0,0,0
170619,Seth Hampton,LB,2,0,,0,2,100,N ALABAMA,4,D18,58,54,0,3,1,2028,2,41.7,37,2,48.1,0,0,29,0,0,0,70.1,0,0,0,0,N ALABAMA,2,0,0,0,27,4,28.6,57.2,18.5,76.5,0,389,60,16,0,0,118.8,28,1,1,57.4,0,0,2
170620,Avery Howard,ED,0,0,,0,0,,N ALABAMA,2,D15,1,1,0,14,1,2028,28,74.1,0,0,60.3,1,0,2,3,0,0,62.2,0,0,0,0,N ALABAMA,1,0,1,0,,0,0,60.2,,77,0,389,29,0,1,0,0,13,0,0,56.5,0,0,24
170636,Troy Bean,ED,2,0,,0,1,100,CAL POLY,2,D02,14,10,0,6,1,2028,40,38.9,15,2,57.2,1,0,13,0,0,0,46.4,0,0,0,1,CAL POLY,1,0,1,0,8,4,25,51.3,7.5,80.5,0,129,54,14,0,0,97.9,35,0,1,64.8,0,0,40
170661,Ish Taliauli,DI,0,0,,0,0,,CAL POLY,0,D94,0,0,0,4,1,2028,12,,0,0,,0,0,0,1,1,0,57.6,0,0,0,0,CAL POLY,0,0,0,0,,0,,61.5,,72,0,129,12,0,10,0,0,8,0,0,65.6,0,0,0
170662,DeMel Turner,CB,3,0,,0,0,33.3,CAL POLY,4,D08,51,19,0,2,1,2028,2,80.3,10,1,76,0,0,26,0,0,0,50.2,0,0,0,0,CAL POLY,1,0,0,0,10,29,0,68.8,10,77.9,0,129,53,8,0,2,43.8,25,0,0,56,3,0,2
170672,Samarai Anderson,LB,0,0,,0,0,,E WASHGTON,1,D05,29,27,0,0,1,2028,1,73.1,0,0,63.8,0,0,13,0,0,0,72.9,0,0,0,0,E WASHGTON,1,0,0,0,,1,0,72.3,,72.4,0,161,30,0,0,0,0,17,1,0,,1,0,1
170683,Tylin Jackson,ED,1,0,,0,0,100,E WASHGTON,0,D01,0,0,0,23,1,2028,43,71.1,-4,1,,1,0,0,8,0,0,59,0,0,0,0,E WASHGTON,0,0,1,0,-4,0,0,58,-4,77.1,0,161,43,1,4,0,79.2,20,0,1,56.9,0,0,31
170684,Jaylon Jenkins,S,4,0,,0,4,75,E WASHGTON,5,D31,57,26,0,0,1,2028,2,28,19,3,67.8,0,1,30,0,0,0,50.8,0,0,0,0,E WASHGTON,1,0,0,0,9,19,44.4,62.3,6.3,77.1,0,161,59,10,0,0,44.8,29,0,0,,12,0,2
170686,Jonathan Landry,CB,1,0,,0,2,0,E WASHGTON,1,D30,52,0,0,0,1,2028,0,26.1,0,0,74,0,0,27,0,0,0,43.4,52,0,0,0,E WASHGTON,0,0,0,0,,0,66.7,68.2,,76.7,0,161,52,0,0,1,39.6,25,0,0,,0,0,0
170687,Jirah Leaupepetele,DI,0,0,,0,0,,E WASHGTON,1,D98,0,0,0,5,1,2028,16,69.7,0,0,,0,0,0,0,2,0,68.1,0,0,0,0,E WASHGTON,1,0,0,0,,0,0,71.2,,72.8,0,161,16,0,13,0,0,11,0,0,65.5,0,0,1
170689,Jaden Radke,ED,0,0,,0,0,,E WASHGTON,0,D94,0,0,0,13,1,2028,27,,0,0,,0,0,0,5,0,0,62.6,0,0,0,0,E WASHGTON,0,0,0,0,,0,,60.1,,75.9,0,161,27,0,0,0,0,14,0,0,56,0,0,22
170697,Zac Crews,ED,0,0,,0,0,,MONTANA ST,0,D36,0,0,0,22,1,2027,28,71.5,0,0,62.9,2,0,2,0,0,0,65.5,0,1,0,0,MONTANA ST,0,0,3,0,,0,0,70.7,,76.8,0,233,28,0,0,0,0,4,0,1,61.9,0,0,28
170702,Dominic Solano,ED,0,0,,0,0,,MONTANA ST,3,D58,0,0,0,18,1,2028,24,74.9,0,0,,3,0,0,1,0,0,75.8,0,0,0,0,MONTANA ST,3,0,3,0,,0,0,78.4,,74.6,0,233,24,0,8,0,0,6,1,0,68.9,0,0,15
170704,Blake Stillwell,S,1,0,,0,1,100,SO UTAH,1,D12,40,25,0,1,1,2026,0,27,15,1,60.4,0,0,21,0,0,0,53.9,5,0,0,0,SO UTAH,0,0,0,0,15,3,50,57.6,15,73.7,0,298,40,5,0,0,118.8,18,0,0,59.1,7,0,0
170716,Braeden Kaczmarek,DI,0,0,,0,0,,N ARIZONA,0,D98,0,0,0,9,1,2028,17,,0,0,,0,0,0,9,0,0,46.9,0,0,0,0,N ARIZONA,0,0,0,0,,0,,46.6,,72.9,0,252,17,0,8,0,0,8,0,0,57,0,0,0
170719,Bobby Nivens,ED,0,0,,0,1,,N ARIZONA,3,D06,22,15,0,7,1,2027,10,41.9,0,0,66.9,0,0,18,0,0,0,47.3,0,0,0,0,N ARIZONA,1,0,0,0,,7,25,57.3,,77.4,0,252,32,0,0,0,0,7,0,0,53.6,0,0,10
170726,Brodrick Stewart,DI,0,0,,0,0,,TARLETON,1,D78,0,0,0,9,1,2028,10,69.7,0,0,,0,0,0,0,0,0,62.4,0,0,0,0,TARLETON,1,0,0,0,,0,0,66,,71.1,0,401,10,0,10,0,0,1,1,0,56.1,0,0,0
170737,KJ Smedley,LB,0,0,,0,0,,N COLORADO,1,D08,12,12,0,3,1,2028,1,73.2,0,0,61.5,0,0,4,0,0,0,67.3,0,0,0,0,N COLORADO,1,0,0,0,,0,0,65.1,,71.2,0,253,13,0,0,0,0,6,0,0,56,0,0,1
170745,Spencer Elliott,ED,0,0,,0,0,,PORTLAND,3,D56,1,1,0,26,1,2028,48,77.7,0,0,60.4,1,0,2,4,0,0,71.3,0,1,0,0,PORTLAND,1,0,2,0,,0,0,72.6,,79.2,0,269,49,0,1,0,0,21,0,2,66.5,0,0,43
170749,Jayden House,DI,0,0,,0,0,,TXRG,2,D63,0,0,0,17,1,2028,26,73.2,0,0,63.2,0,0,0,0,1,1,63,0,0,0,0,TXRG,1,0,0,1,,0,0,67.2,,74,0,1445,26,0,25,0,0,9,0,1,55.2,0,0,0
170750,DeMarcus Houston,CB,0,0,,0,0,,PORTLAND,1,D23,9,0,0,0,1,2028,0,74.2,0,0,62,0,0,3,0,0,0,63.4,8,0,0,0,PORTLAND,0,0,0,0,,0,0,64.8,,70.7,0,269,9,0,0,0,0,6,0,0,,1,0,0
170760,Zach Wusstig,S,3,0,,0,0,66.7,IDAHO,0,D15,47,10,0,0,1,2028,0,,16,2,64.6,0,0,25,0,0,0,63.6,0,0,1,0,IDAHO,0,0,0,0,19,12,,60.6,8,0,0,185,47,1,0,0,79.9,22,0,0,,25,0,0
170788,Ryan Barrett,S,0,0,,0,1,,E TENN ST,0,D18,15,7,0,1,1,2028,0,22.2,0,0,63.1,0,0,8,0,0,0,49.5,0,1,0,0,E TENN ST,0,0,1,0,,1,100,55.2,,71.1,0,157,15,0,0,0,0,6,0,0,60,7,0,0
170794,Ian Calhoun,DI,0,0,,0,0,,GARD-WEBB,0,D95,0,0,1,6,1,2027,13,69.7,0,0,,0,0,0,1,0,0,50,0,0,0,0,GARD-WEBB,1,0,1,0,,0,,54.3,,71.8,0,171,13,0,12,0,0,7,0,0,64.9,0,0,0
170802,Nigel Lucas,S,1,0,,0,1,100,GARD-WEBB,0,D21,5,4,0,0,1,2028,0,27.2,7,1,55.1,0,0,3,0,0,0,60,0,0,0,0,GARD-WEBB,0,0,0,0,7,1,100,56.4,7,69.7,0,171,5,9,0,0,95.8,2,0,0,,0,0,0
170820,Kendall Williams,CB,0,0,,0,0,,E TENN ST,1,D04,9,0,0,1,1,2027,0,76.5,0,0,72.5,0,0,5,0,0,0,60,0,1,0,0,E TENN ST,0,0,1,0,,8,0,78.1,,72.2,0,157,9,0,0,0,0,3,0,0,67.7,1,0,0
170829,Patrick McDonnell,LB,7,0,,0,0,71.4,ROB MORRIS,3,D28,49,40,0,6,1,2026,7,77.6,51,5,63.6,1,1,27,0,0,0,65.8,4,2,0,0,ROB MORRIS,1,0,3,0,14,5,0,67.6,10.2,77.8,0,277,56,40,0,0,52.4,23,0,0,68,0,0,7
170835,Chris Bacon,ED,0,0,,0,1,,MAINE,1,D94,0,0,2,33,1,2028,51,61.7,0,0,,2,0,0,8,0,0,73.8,0,0,0,0,MAINE,2,0,4,0,,0,16.7,73.4,,77.5,0,212,51,0,11,0,0,18,1,4,65.7,0,0,32
170836,Ta'kai Chisolm,ED,0,0,,0,1,,MAINE,1,D45,2,2,1,16,1,2028,30,29.6,0,0,61.8,3,0,5,0,0,0,58,0,0,0,0,MAINE,1,0,4,0,,0,50,61.6,,78.9,0,212,32,0,0,0,0,11,0,0,61.8,0,0,30
170853,Jabari Odoemenem,LB,3,0,,0,1,66.7,DUQUESNE,5,D03,50,27,0,3,1,2028,11,54.4,8,2,65.7,0,0,18,0,0,0,58.4,0,0,0,0,DUQUESNE,0,0,0,0,5,23,16.7,62.4,4,79,0,155,61,7,0,0,70.1,40,0,0,58.4,0,0,11
170855,Kye Pressley,ED,0,0,,1,0,,MAINE,1,D93,0,0,1,14,1,2028,23,76.6,0,0,60,1,0,1,0,0,0,68.1,0,1,0,0,MAINE,2,0,3,0,,0,0,92.3,,77.4,0,212,23,0,0,0,0,8,0,1,92.4,0,0,23
170858,Devin Vaught,S,1,0,,0,1,100,MAINE,5,D01,54,6,0,1,1,2028,0,65.8,10,1,78.9,0,1,34,0,0,0,57.1,0,0,0,0,MAINE,1,0,0,0,10,3,14.3,75.6,10,77.6,0,212,54,8,0,0,68.8,19,0,1,65.2,45,0,0
170860,Rob Adamson Jr.,DI,0,0,,0,0,,MONMOUTH,0,D97,0,0,0,9,1,2028,19,,0,0,,1,0,0,0,0,0,52.3,0,0,0,0,MONMOUTH,0,0,1,0,,0,,64.4,,73,0,231,19,0,19,0,0,10,0,0,78.1,0,0,0
170862,Logan Barnes,DI,0,0,,0,0,,WAGNER,6,D03,1,0,0,25,1,2028,43,77.3,0,0,61.8,0,0,0,9,8,0,65.4,0,0,0,0,WAGNER,3,0,0,0,,0,0,66.7,,76,0,338,44,0,24,0,0,19,1,1,59,0,0,2
170866,Thomas Cader,ED,0,0,,0,0,,MONMOUTH,0,D91,0,0,0,3,1,2027,3,,0,0,,0,0,0,0,0,0,,0,0,0,0,MONMOUTH,0,0,0,0,,0,,59.1,,67.5,0,231,3,0,3,0,0,0,0,0,58.9,0,0,0
170868,Izzy Clark-White,CB,5,0,,0,3,80,MONMOUTH,3,D04,69,3,0,0,1,2028,0,29.4,44,4,56.4,0,1,39,0,0,0,61.2,65,0,2,0,MONMOUTH,2,0,0,0,13,1,42.9,57.3,11,77.1,0,231,69,32,0,0,63.8,30,0,1,,0,0,0
170879,Emmanuel Lane,CB,1,0,,0,0,0,MONMOUTH,1,D21,13,1,0,0,1,2028,0,73.5,0,0,65.4,0,0,7,0,0,0,60.7,12,0,0,0,MONMOUTH,1,0,0,0,,0,0,66.2,,71.8,0,231,13,0,0,0,39.6,6,0,0,,0,0,0
170880,Deuce Lee,S,2,0,,0,0,100,MONMOUTH,7,D08,69,26,0,0,1,2028,0,85.6,13,2,69,0,0,41,0,0,0,79.8,0,0,0,0,MONMOUTH,2,0,0,0,13,27,0,73.4,6.5,78.6,0,231,69,0,0,0,93.8,28,0,2,,16,0,0
170883,Ayden Martin,CB,1,0,,0,1,0,MONMOUTH,1,D22,37,5,0,6,1,2027,4,43.5,0,0,55.6,0,0,21,0,0,0,73.8,0,0,1,0,MONMOUTH,1,0,0,0,,32,33.3,59.2,,78.2,0,231,41,0,0,0,39.6,14,0,1,53.2,0,0,4
170920,Zahmir Dawud,CB,5,0,,0,0,60,VILLANOVA,3,D02,43,6,0,0,1,2028,7,78.2,30,3,66,0,1,30,0,0,0,52.3,35,0,1,0,VILLANOVA,0,1,0,0,15,2,0,59.9,10,0,0,334,50,12,0,0,37.5,20,0,0,,0,0,7
170923,Jason Hall Jr.,LB,0,0,,0,0,,VILLANOVA,2,D11,2,2,0,5,1,2028,7,74.7,0,0,60,0,0,1,0,0,0,69.8,0,0,0,0,VILLANOVA,2,0,0,0,,0,0,90.1,,74.6,0,334,9,0,0,0,0,3,1,0,84.6,0,0,7
170927,Capri Martin,ED,0,0,,0,0,,VILLANOVA,0,D00,0,0,0,29,1,2028,50,73.5,0,0,60,2,0,0,20,7,0,57.8,0,0,0,0,VILLANOVA,0,0,2,0,,0,0,64.8,,75.7,0,334,50,0,20,0,0,21,0,2,68.5,0,0,3
170931,Ivan Murray Jr.,DI,0,0,,0,0,,VILLANOVA,0,D94,0,0,0,5,1,2029,7,,0,0,,1,0,0,0,7,0,60.3,0,0,0,0,VILLANOVA,0,0,1,0,,0,,66.9,,72.3,0,334,7,0,0,0,0,2,0,0,66.4,0,0,0
170939,Clayton Dobler,ED,0,0,,0,1,,WM & MARY,4,D55,0,0,0,16,1,2029,36,78.9,0,0,,0,0,0,0,0,0,55.7,0,0,0,0,WM & MARY,3,0,0,0,,0,16.7,54,,79.5,0,348,36,0,0,0,0,20,0,1,54,0,0,36
170945,Elijah Rainer,LB,2,0,,0,1,100,WM & MARY,2,D06,24,21,0,3,1,2029,1,43.8,11,2,57.8,0,0,10,0,0,0,52.9,0,0,0,0,WM & MARY,1,0,0,0,6,3,25,54.2,5.5,74.3,0,348,25,8,0,0,89.6,12,0,1,58.7,0,0,1
170970,David Dunston,ED,0,0,,0,0,,W ILLINOIS,0,D32,0,0,0,8,1,2028,12,,0,0,,0,0,0,6,0,0,62,0,0,0,0,W ILLINOIS,0,0,0,0,,0,,60.1,,71.6,0,345,12,0,4,0,0,4,0,0,57,0,0,2
171106,Qwincy Amos,S,0,0,,0,0,,COLUMBIA,0,D21,8,6,0,0,1,2028,0,,0,0,60.7,0,0,2,0,0,0,60.9,0,0,0,0,COLUMBIA,0,0,0,0,,0,,62.1,,69,0,145,8,0,0,0,0,6,0,0,,2,0,0
171107,Terell Battle,CB,0,0,,0,0,,COLUMBIA,1,D06,12,0,0,0,1,2028,2,73,0,0,63.2,0,0,5,0,0,0,63.5,0,0,1,0,COLUMBIA,0,1,0,0,,12,0,56.1,,0,0,145,14,0,0,0,0,9,0,0,,0,0,2
171118,Quinn Herlihy,ED,0,0,,0,0,,COLUMBIA,0,D54,0,0,0,0,1,2028,1,,0,0,,0,0,0,0,0,0,60,0,0,0,0,COLUMBIA,0,0,0,0,,0,,60.1,,65.6,0,145,1,0,0,0,0,1,0,0,,0,0,1
171124,Keelan Kornegay-Douhadji,ED,0,0,,0,0,,COLUMBIA,1,D49,0,0,0,4,1,2028,11,74.4,0,0,,0,0,0,2,0,0,62.1,0,0,0,0,COLUMBIA,1,0,0,0,,0,0,61.8,,74,0,145,11,0,0,0,0,7,0,1,58.4,0,0,9
171129,Charlie Newton,LB,2,0,,0,1,100,COLUMBIA,7,D11,39,37,0,0,1,2028,0,67.1,15,2,59.5,0,0,14,0,0,0,70,0,0,0,0,COLUMBIA,1,0,0,0,9,2,10,66.9,7.5,72.1,0,145,39,8,0,0,97.9,25,0,2,,0,0,0
171132,Levi Robins,CB,3,0,,0,0,66.7,COLUMBIA,1,D29,34,2,0,0,1,2028,0,73.5,22,2,54.4,0,0,10,0,0,0,46.5,32,0,0,0,COLUMBIA,1,0,0,0,15,0,0,50.3,11,74.4,0,145,34,0,0,0,88.2,24,0,0,,0,0,0
171144,Malachi Edgerly,DI,0,0,,0,0,,CORNELL,1,D56,0,0,0,14,1,2028,20,72.6,0,0,,0,0,0,15,0,0,67.3,0,0,0,0,CORNELL,0,0,0,0,,0,0,61.1,,72.5,0,147,20,0,3,0,0,6,0,1,54.1,0,0,2
171145,Braylon Howard,CB,5,0,,0,1,60,CORNELL,7,D07,74,12,0,0,1,2028,0,72.9,59,3,68.5,0,0,50,0,0,0,71.3,62,0,0,0,CORNELL,4,0,0,0,29,0,10,70.2,19.7,76.2,0,147,74,14,0,2,101.3,24,1,2,,0,0,0
171150,Tommy MacPherson,S,7,0,,0,0,28.6,CORNELL,5,D08,74,54,0,0,1,2028,1,82.9,24,2,75.5,0,0,50,0,0,0,76.7,0,0,0,0,CORNELL,3,0,0,0,13,8,0,77.8,12,77.6,0,147,75,0,0,1,41.4,25,1,1,,12,0,1
171163,Rayjohn White,CB,2,0,,0,0,100,CORNELL,1,D03,11,2,0,0,1,2028,0,73.5,90,2,38.6,0,0,8,0,0,0,60,9,0,0,0,CORNELL,0,0,0,0,47,0,0,38.1,45,69.9,0,147,11,22,0,0,118.8,3,0,0,,0,0,0
171164,Johnny Williamson,S,5,0,,0,1,40,CORNELL,5,D02,60,3,1,8,1,2028,21,61,3,2,66.4,1,0,47,0,0,0,77,0,1,0,0,CORNELL,6,0,3,0,4,57,16.7,73.1,1.5,83.9,0,147,81,3,0,0,47.9,26,3,0,73.6,0,0,21
171167,Cameron Best-Alston,S,1,0,,0,0,0,DARTMOUTH,2,D08,39,7,0,0,1,2028,0,79.1,0,0,70.3,0,0,15,0,0,0,75.9,0,0,0,0,DARTMOUTH,2,0,0,0,,8,0,74.8,,77.3,0,148,39,0,0,0,39.6,24,0,1,,24,0,0
171168,Jorden Barnes,CB,3,0,,0,0,33.3,DARTMOUTH,1,D21,36,7,0,0,1,2028,0,73.5,12,1,62.2,0,0,14,0,0,0,56.9,29,0,0,0,DARTMOUTH,0,0,0,0,12,0,0,61,12,73.7,0,148,36,0,0,1,46.5,22,0,0,,0,0,0
171174,Joshua Johnson,ED,0,0,,0,0,,DARTMOUTH,0,D44,0,0,0,8,1,2028,23,70.2,0,0,,1,0,0,0,6,0,61.3,0,0,0,0,DARTMOUTH,0,0,1,0,,0,0,63,,74.2,0,148,23,0,17,0,0,15,0,1,62.7,0,0,0
171175,Harrison Keith,S,0,0,,0,1,,DARTMOUTH,3,D24,38,6,0,0,1,2028,0,51.7,0,0,60.2,0,0,19,0,0,0,68.4,0,0,0,0,DARTMOUTH,0,0,0,0,,0,25,63.9,,75.9,0,148,38,0,0,0,0,19,0,0,,32,0,0
171176,Cameron Lee,ED,0,0,,0,0,,DARTMOUTH,0,D57,0,0,0,8,1,2028,11,,0,0,,0,0,0,0,0,0,60.1,0,0,0,0,DARTMOUTH,0,0,0,0,,0,,60.4,,73.7,0,148,11,0,0,0,0,3,0,0,59.7,0,0,11
171181,Keoni Perkins,ED,0,0,,0,0,,DARTMOUTH,0,D97,0,0,1,9,1,2028,22,74.8,0,0,,0,0,0,4,0,0,55.1,0,0,0,0,DARTMOUTH,1,0,1,0,,0,0,61,,75,0,148,22,0,3,0,0,13,0,2,67.2,0,0,15
171187,Steve Simpkins Jr.,LB,0,0,,1,0,,DARTMOUTH,4,D50,27,25,0,0,1,2028,0,81,0,0,64.1,0,0,11,0,0,0,69.9,0,0,0,0,DARTMOUTH,2,0,0,0,,2,0,69.9,,73.9,0,148,27,0,0,0,0,16,1,2,,0,0,0
171188,Samuel Washington,CB,1,0,,0,1,0,DARTMOUTH,2,D22,25,3,0,1,1,2028,2,65.1,0,0,65.3,0,0,10,0,0,0,63.6,0,0,0,0,DARTMOUTH,0,0,0,0,,21,20,65.6,,77.2,0,148,27,0,0,0,39.6,16,0,2,60,1,0,2
171190,Bruce Williams,ED,0,0,,0,0,,DARTMOUTH,1,D95,0,0,0,8,1,2028,21,70.2,0,0,,1,0,0,3,0,0,51.1,0,0,0,0,DARTMOUTH,1,0,1,0,,0,0,57.8,,73.2,0,148,21,0,17,0,0,13,0,0,69.6,0,0,1
171283,Ethan McDowell,ED,0,0,,0,1,,MERCER,0,D14,0,0,0,9,1,2028,17,,0,0,,1,0,0,0,0,0,60.9,0,0,0,0,MERCER,0,0,1,0,,0,100,61.7,,74.7,0,219,17,0,0,0,0,8,0,0,60.5,0,0,17
171372,Drew Covington,LB,2,0,,0,0,100,INDIANA ST,2,D04,41,38,0,7,1,2027,9,76.7,26,2,52,0,0,21,0,0,0,29.2,0,0,0,0,INDIANA ST,1,0,0,0,20,3,0,38.2,13,76.7,0,191,50,9,0,0,118.8,22,0,0,56.2,0,0,9
171411,Ryan Wynn,DI,0,0,,0,0,,NC CENT,1,D96,0,0,0,5,1,2027,14,70.1,0,0,,0,0,0,3,3,0,48,0,0,0,0,NC CENT,1,0,0,0,,0,0,47,,72.6,0,247,14,0,8,0,0,9,0,0,57.3,0,0,0
171416,Brandon Amaniampong,ED,0,0,,0,0,,INDIANA ST,0,D03,0,0,0,3,1,2028,14,,0,0,60,0,0,1,6,0,0,61.9,0,0,0,0,INDIANA ST,0,0,0,0,,0,,61.2,,73.2,0,191,14,0,0,0,0,10,0,0,57.4,0,0,8
171419,Dilyn Fuller,DI,0,0,,0,0,,INDIANA ST,0,D97,0,0,0,0,1,2028,1,,0,0,,0,0,0,0,0,0,60,0,0,0,0,INDIANA ST,0,0,0,0,,0,,60.5,,64.7,0,191,1,0,1,0,0,1,0,0,,0,0,0
171424,Lucas McAllister,LB,2,0,,0,0,50,INDIANA ST,2,D45,47,44,0,5,1,2028,5,77.4,3,1,58.7,0,0,24,0,0,0,74.2,1,0,0,0,INDIANA ST,2,0,0,0,3,2,0,66.2,3,74.1,0,191,52,0,0,0,95.8,23,0,1,56,0,1,5
171431,Tyree Rochell,S,1,0,,0,0,0,INDIANA ST,0,D21,14,7,0,0,1,2027,0,,0,0,62.1,0,0,4,0,0,0,50.4,1,0,0,0,INDIANA ST,0,0,0,0,,0,,52,,71.2,0,191,14,0,0,0,39.6,10,0,0,,6,0,0
171432,Alex Rose,LB,0,0,,0,1,,INDIANA ST,2,D36,7,6,0,0,1,2028,1,49.5,0,0,60.6,0,0,2,0,0,0,63.5,0,0,0,0,INDIANA ST,2,0,0,0,,1,33.3,64.7,,70,0,191,8,0,0,0,0,6,0,0,,0,0,1
171440,Jorge Valdes,S,3,0,,0,3,66.7,INDIANA ST,4,D11,58,21,0,0,1,2028,0,27.8,30,2,62.9,0,0,32,0,0,0,31.9,3,0,0,0,INDIANA ST,0,0,0,0,24,9,42.9,53.4,15,76.1,0,191,58,9,0,0,99.3,26,0,0,,25,0,0
171467,Cole Dutkovich,LB,1,0,,0,1,100,SE MO ST,1,D25,40,38,1,0,1,2028,2,44.4,14,1,58.7,0,0,20,0,0,0,45.7,0,0,0,0,SE MO ST,2,0,1,0,14,2,33.3,54.1,14,74.9,0,293,42,1,0,0,158.3,22,0,1,71,0,1,2
171473,Brogan Ling,LB,0,0,,0,0,,N IOWA,0,D41,1,1,0,0,1,2028,0,,0,0,,0,0,0,0,0,0,60,0,0,0,0,N IOWA,0,0,0,0,,0,,60,,63.9,0,255,1,0,0,0,0,1,0,0,,0,0,0
171477,John Powers,LB,0,0,,0,0,,N IOWA,3,D33,7,7,0,0,1,2028,0,77.5,0,0,50.4,0,0,3,0,0,0,71.6,0,0,0,0,N IOWA,1,0,0,0,,0,0,59.6,,67.8,0,255,7,0,0,0,0,4,0,0,,0,0,0
171481,Ethan Schoville,S,2,0,,0,3,100,N IOWA,6,D31,56,22,0,0,1,2028,6,43.3,43,2,63.3,0,0,27,0,0,0,56.8,1,0,0,0,N IOWA,1,0,0,0,38,4,30,60.9,21.5,77.1,0,255,62,40,0,0,158.3,35,0,1,,29,1,6
171482,Malik Stewart,ED,0,0,,0,0,,N IOWA,0,D44,0,0,0,5,1,2027,9,,0,0,,0,0,0,0,0,0,58,0,0,0,0,N IOWA,0,0,0,0,,0,,40.9,,72.4,0,255,9,0,0,0,0,4,0,0,56.2,0,0,9
171489,Max Bremer,ED,0,0,,0,0,,S ILLINOIS,0,D49,0,0,0,1,1,2030,2,,0,0,,0,0,0,0,0,0,60,0,0,0,0,S ILLINOIS,0,0,0,0,,0,,60.6,,66.6,0,295,2,0,2,0,0,1,0,0,59.9,0,0,0
171494,Amir Dwight,DI,0,0,,0,0,,S ILLINOIS,0,D94,0,0,1,28,1,2030,34,70.2,0,0,,0,0,0,1,1,0,71,0,0,0,0,S ILLINOIS,1,0,1,0,,0,,78.3,,74.8,0,295,34,0,32,0,0,6,0,0,72.9,0,0,0
171497,Stephen Green,S,0,0,,0,0,,S ILLINOIS,0,D38,4,0,0,0,1,2027,0,,0,0,61.7,0,0,3,0,0,0,60,0,0,0,0,S ILLINOIS,0,0,0,0,,4,,62.4,,69.5,0,295,4,0,0,0,0,1,0,0,,0,0,0
171508,Chris Presto,S,5,0,,0,0,80,S ILLINOIS,6,D06,49,18,0,4,1,2029,1,83.5,36,4,79.1,0,0,27,0,0,0,73.9,1,0,0,0,S ILLINOIS,4,0,0,0,14,30,0,81.6,9,75.3,0,295,50,36,0,0,96.7,19,0,1,66.5,0,0,1
171521,Ebony Curry Jr.,ED,0,0,,0,0,,YNGTOWN ST,0,D90,0,0,0,5,1,2028,6,,0,0,,0,0,0,1,0,0,60,0,0,0,0,YNGTOWN ST,0,0,0,0,,0,,57.3,,70.7,0,353,6,0,0,0,0,1,0,0,56.2,0,0,5
171526,Dallas Harper,S,3,0,,0,0,66.7,DUQUESNE,1,D12,61,23,0,0,1,2028,0,81.3,11,2,70.8,0,0,21,0,0,0,44.1,0,0,0,0,DUQUESNE,0,0,0,0,9,14,0,62,5.5,79.3,0,155,61,9,0,1,72.9,40,0,1,,24,0,0
171528,Connor Johannesen,DI,0,0,,0,0,,YNGTOWN ST,0,D56,0,0,0,22,1,2028,37,70.2,0,0,60,0,0,0,6,3,0,68,0,0,0,0,YNGTOWN ST,0,0,0,0,,0,0,68.5,,75.7,0,353,37,0,26,0,0,15,0,1,62.6,0,0,2
171538,Makai Shahid,S,5,0,,0,0,60,YNGTOWN ST,6,D06,48,26,0,0,1,2028,0,84.6,51,3,48.9,0,0,30,0,0,0,75.8,0,0,2,0,YNGTOWN ST,4,1,0,0,32,18,0,52.4,17,0,0,353,48,23,0,0,134.2,18,0,0,,4,1,0
171576,Talib Salahuddin,ED,0,0,,0,0,,INCAR WORD,1,D09,0,0,0,25,1,2026,42,75.4,0,0,,0,0,0,10,0,0,69.9,0,0,0,0,INCAR WORD,1,0,0,0,,0,0,62.9,,76.6,0,189,42,0,1,0,0,17,1,2,53.8,0,0,31
171582,Kezni Brown,DI,0,0,,0,0,,LIUSHAR,2,D50,0,0,0,12,1,2028,20,72.4,0,0,60,0,0,0,0,5,0,68,0,0,1,0,LIUSHAR,2,0,0,0,,0,0,67.1,,0,0,1298,20,0,13,0,0,8,0,0,72.3,0,0,2
171588,Joseph Garcia,S,1,0,,0,1,100,STNY BROOK,1,D06,48,20,0,0,1,2028,0,40.2,29,1,44.7,0,0,36,0,0,0,65.6,0,0,0,0,STNY BROOK,1,0,0,0,29,2,33.3,48.8,29,76.2,0,303,48,0,0,0,158.3,12,0,1,,26,1,0
171612,DQ Watkins,ED,0,0,,0,1,,LIUSHAR,3,D05,1,1,1,24,1,2026,35,54.3,0,0,60,4,0,0,5,0,0,77.1,0,0,0,0,LIUSHAR,4,0,5,0,,0,25,79.4,,75,0,1298,36,0,25,0,0,12,0,0,70.2,0,0,5
171613,Taveon Wheeler,DI,0,0,,0,0,,LIUSHAR,0,D92,0,0,0,12,1,2027,18,,0,0,61.2,1,0,0,5,0,0,61.8,0,0,0,0,LIUSHAR,0,0,1,0,,0,,67.3,,73,0,1298,18,0,9,0,0,6,0,0,61.1,0,0,4
171636,Buju Aumua-Tuisavura,S,2,0,,0,0,100,W ILLINOIS,1,D14,54,14,1,7,1,2026,7,79.7,23,2,53.8,2,0,23,0,0,0,56.8,0,0,0,0,W ILLINOIS,2,0,3,0,19,39,0,59.7,11.5,78.9,0,345,61,20,0,0,114.6,31,1,2,78.7,1,0,7
171643,DaMario Crawford,S,6,0,,0,1,50,STNY BROOK,1,D09,44,4,0,0,1,2028,0,39.3,30,3,60.3,0,0,35,0,0,0,70,0,0,0,0,STNY BROOK,0,0,0,0,14,38,33.3,62.6,10,77.6,0,303,44,14,0,0,64.6,9,0,1,,2,0,0
171648,Collin Glassmyer,ED,0,0,,0,0,,ST FRANCIS,0,D32,0,0,0,0,1,2028,8,,0,0,,0,0,0,0,0,0,61.2,0,0,0,0,ST FRANCIS,0,0,0,0,,0,,62,,73.5,0,299,8,0,0,0,0,8,0,0,,0,0,8
171655,Craig Joyner,CB,3,0,,0,0,0,ST FRANCIS,0,D13,59,0,0,0,1,2027,0,,0,0,64.7,0,0,27,0,0,0,64.3,59,0,1,0,ST FRANCIS,0,0,0,0,,0,,65.4,,77,0,299,59,0,0,0,39.6,32,0,0,,0,0,0
171662,Balaam Miller,DI,0,0,,0,1,,ST FRANCIS,3,D95,0,0,0,24,1,2028,44,44.5,0,0,,1,0,0,1,17,0,77.5,0,0,0,2,ST FRANCIS,2,0,1,0,,0,25,76.7,,76.9,0,299,44,0,26,0,0,20,0,0,65.6,0,0,0
171670,Christian Santiago,DI,0,0,,0,0,,ST FRANCIS,3,D93,0,0,0,4,1,2029,18,74.8,0,0,,0,0,0,12,0,0,59.8,0,0,0,0,ST FRANCIS,1,0,0,0,,0,0,59.3,,72.2,0,299,18,0,6,0,0,14,0,0,57.9,0,0,0
171701,Cameron Darmody,DI,0,0,,0,0,,NORFOLK,0,D93,0,0,0,7,1,2026,21,69.7,0,0,,0,0,0,0,12,0,54,0,0,0,0,NORFOLK,0,0,0,0,,0,0,54,,75.7,0,244,21,0,9,0,0,14,0,1,58.2,0,0,0
171710,Abdoul Idriss,ED,1,0,,0,0,100,WAGNER,2,D23,3,3,0,3,1,2028,4,75.8,9,1,53.8,0,0,1,0,0,0,65.9,0,0,0,0,WAGNER,1,0,0,0,9,0,0,53.5,9,69.2,0,338,7,11,0,0,104.2,3,1,0,56.5,0,0,4
171711,Armani Itote,LB,5,0,,0,0,100,WAGNER,3,D00,48,39,0,7,1,2028,1,80,28,5,57.3,0,0,23,0,0,0,61.9,0,1,0,0,WAGNER,1,0,1,0,15,6,0,59.4,5.6,78.1,0,338,49,27,0,0,90,19,0,1,61.1,2,0,1
171738,Mahamane Toure,S,0,0,,0,0,,WAGNER,1,D30,9,2,0,0,1,2029,0,78.2,0,0,67,0,0,9,0,0,0,,0,0,0,0,WAGNER,0,0,0,0,,1,0,66.6,,71.3,0,338,9,0,0,0,0,0,0,1,,6,0,0
171770,Zach Lewis,LB,0,0,,0,0,,LNDNWD,0,D41,5,5,0,0,1,2028,0,,0,0,,0,0,0,0,0,0,63.4,0,0,0,0,LNDNWD,0,0,0,0,,0,,65.6,,69.4,0,949,5,0,0,0,0,5,0,0,,0,0,0
171771,Joshua Newkirk,CB,1,0,,0,0,100,LNDNWD,1,D12,3,0,0,0,1,2029,0,73.5,36,1,47.4,0,0,1,0,0,0,60,3,0,0,0,LNDNWD,0,0,0,0,36,0,0,40.7,36,67.2,0,949,3,3,0,0,118.8,2,0,0,,0,0,0
171779,Andrew Zook,DI,0,0,,0,0,,LNDNWD,0,D98,0,0,0,20,1,2028,49,70.2,0,0,,1,0,0,2,7,0,50.9,0,0,0,0,LNDNWD,0,0,1,0,,0,0,53.8,,77,0,949,49,0,40,0,0,29,0,1,61.2,0,0,0
171781,Zayteak McGhee,S,1,0,,0,1,100,HOUCHR,6,D02,38,14,0,0,1,2026,0,69.9,14,1,66.7,0,1,11,0,0,0,68.8,2,0,1,0,HOUCHR,2,0,0,0,14,0,10,64.4,14,0,0,183,38,18,0,0,79.2,27,0,3,,22,0,0
171790,Jehchys Brown,DI,0,0,,0,0,,SE MO ST,0,D91,0,0,1,19,1,2028,35,75.8,0,0,,0,0,0,15,4,0,75.1,0,0,0,0,SE MO ST,1,0,1,0,,0,0,72.7,,74.8,0,293,35,0,16,0,0,16,0,4,60.7,0,0,0
171798,DJ Delmore,S,2,0,,0,2,100,SE MO ST,3,D23,12,1,0,5,1,2028,7,32.1,17,2,47.7,0,0,9,0,0,0,73.5,0,0,1,0,SE MO ST,2,0,0,0,13,9,40,54.9,8.5,77.2,0,293,19,21,0,0,141.7,5,0,0,56.4,2,1,7
171809,Amare Townsend,S,1,0,,0,0,100,SE MO ST,0,D14,8,6,0,0,1,2028,0,,30,1,44.7,0,0,2,0,0,0,60,0,0,0,0,SE MO ST,0,0,0,0,30,2,,37.2,30,71.7,0,293,8,11,0,0,118.8,6,0,0,,0,0,0
171810,Jeremy Walton,ED,0,0,,0,2,,SE MO ST,2,D16,1,1,0,27,1,2027,55,25.7,0,0,60,1,0,1,12,0,0,66.5,0,1,1,0,SE MO ST,2,0,2,0,,0,40,61.3,,0,0,293,56,0,4,0,0,28,0,1,60.1,0,0,39
171831,Rayqwon Smith,DI,0,0,,0,0,,N ALABAMA,0,D55,0,0,0,0,1,2027,4,,0,0,,0,0,0,0,1,0,61.7,0,0,0,0,N ALABAMA,0,0,0,0,,0,,62.9,,69.9,0,389,4,0,3,0,0,4,0,0,,0,0,0
171834,Sammy Taylor,LB,5,0,,0,2,80,TENN STATE,3,D25,48,44,1,10,1,2029,5,29.8,12,4,53.5,1,0,26,0,0,0,55.3,0,0,0,0,TENN STATE,2,0,2,0,9,3,40,54.2,3,72.2,0,308,53,11,0,0,79.2,17,0,0,61.4,1,0,5
171848,Nicholas Fernandez,DI,0,0,,0,0,,TXRG,1,D99,0,0,0,15,1,2028,24,72.4,0,0,61.9,1,0,0,0,0,0,71.3,0,0,0,0,TXRG,1,0,1,0,,0,0,73.2,,73.8,0,1445,24,0,24,0,0,9,0,1,60.3,0,0,0
171861,Canyon Moses,S,2,0,,0,0,50,N ARIZONA,1,D08,38,6,0,0,1,2028,0,76.1,13,1,62.7,0,0,27,0,0,0,64.4,0,0,0,0,N ARIZONA,0,0,0,0,13,16,0,63.9,13,76,0,252,38,11,0,0,70.8,11,0,1,,16,0,0
171897,Victory Johnson,ED,0,0,,0,0,,CAL POLY,4,D10,9,5,0,25,1,2028,58,78.5,0,0,59.4,0,0,8,3,0,0,71.1,0,0,0,0,CAL POLY,3,0,0,0,,4,0,64.2,,80,0,129,67,0,1,0,0,34,1,1,53.1,0,0,54
171944,England Allen,CB,1,0,,0,1,0,BUCKNELL,1,D19,37,4,1,2,1,2030,0,52.8,0,0,62,0,0,22,0,0,0,56.7,1,0,0,0,BUCKNELL,1,0,1,0,,30,50,63.4,,77.6,0,125,37,0,0,0,39.6,13,0,0,71.5,2,0,0
171950,Drew Cormier,CB,9,0,,0,2,100,BUCKNELL,13,D11,56,6,0,0,1,2029,1,67.7,121,9,58.2,0,0,26,0,0,0,80.7,50,0,0,0,BUCKNELL,5,0,0,0,39,0,12.5,64.9,13.4,76.1,0,125,57,28,0,0,118.8,31,0,1,,0,0,1
171957,Deuce Geter,S,0,0,,0,0,,BUCKNELL,3,D04,41,7,0,1,1,2030,4,80.8,0,0,65.4,0,0,21,0,0,0,60.1,0,0,0,0,BUCKNELL,0,0,0,0,,2,0,63.8,,77.9,0,125,45,0,0,0,0,23,0,1,59.1,32,0,4
171958,Nick Hoying,LB,3,0,,0,2,33.3,BUCKNELL,5,D23,65,38,2,2,1,2030,3,67.2,4,1,71,0,0,29,0,0,0,67.3,0,0,0,0,BUCKNELL,6,0,2,0,4,15,22.2,74.7,4,77.2,0,125,68,7,0,1,42.4,37,0,2,80.9,12,0,3
171959,Jack Inserra,ED,0,0,,0,1,,BUCKNELL,3,D12,1,1,0,18,1,2030,39,31.5,0,0,60.1,0,0,2,36,0,0,62.7,0,1,0,0,BUCKNELL,3,0,1,0,,0,25,60.2,,74.6,0,125,40,0,0,0,0,20,2,0,55.3,0,0,3
171961,Calogero LoGrasso,DI,0,0,,0,0,,BUCKNELL,1,D73,0,0,0,9,1,2030,22,72.4,0,0,,0,0,0,0,12,0,61.7,0,0,0,0,BUCKNELL,0,0,0,0,,0,0,60.6,,75,0,125,22,0,10,0,0,13,0,1,56.9,0,0,0
171964,Sam Milligan,WR,0,0,,0,0,,BUCKNELL,1,84,7,1,0,0,1,2030,0,74.3,0,0,62.2,0,0,3,0,0,0,61.7,0,0,0,0,BUCKNELL,0,0,0,0,,1,0,64.7,,69.8,0,125,7,0,0,0,0,4,0,0,,5,0,0
171970,Takai Whitmore,CB,4,0,,0,0,75,BUCKNELL,2,D14,35,0,0,0,1,2030,0,78.5,44,3,59.9,0,0,16,0,0,0,63,34,0,0,0,BUCKNELL,0,0,0,0,31,0,0,61,14.7,75,0,125,35,1,0,0,150,19,0,0,,1,1,0
171973,Kaleb Alexander,CB,3,0,,0,0,66.7,COLGATE,1,D08,24,1,0,0,1,2028,0,74.2,15,2,48.3,0,0,13,0,0,0,61.3,22,0,0,0,COLGATE,0,0,0,0,9,1,0,49.5,7.5,73.4,0,142,24,4,0,0,118.1,11,0,0,,0,1,0
171988,Trooper Price,LB,3,0,,0,1,100,COLGATE,9,D18,57,57,0,7,1,2028,0,70.4,38,3,59.3,0,0,20,0,0,0,84.5,0,0,0,0,COLGATE,6,0,0,0,23,0,7.7,74.3,12.7,75.3,0,142,57,9,0,1,118.8,30,1,3,53.2,0,0,0
171996,Justyn Toler,CB,3,0,,0,1,33.3,COLGATE,0,D10,32,0,0,0,1,2028,0,28.1,11,1,47.6,0,0,14,0,0,0,70.7,31,0,0,0,COLGATE,0,0,0,0,11,1,50,52.6,11,75,0,142,32,5,0,0,84.7,18,0,1,,0,1,0
171999,Brock Winsett,ED,0,0,,0,0,,COLGATE,1,D92,0,0,0,10,1,2028,19,69.7,0,0,,0,0,0,1,0,0,64.3,0,0,0,0,COLGATE,0,0,0,0,,0,0,59.6,,74.8,0,142,19,0,8,0,0,9,0,0,54,0,0,10
172000,Tymir Wynn,CB,6,0,,0,3,33.3,COLGATE,4,D06,57,8,0,0,1,2028,0,29,15,2,73.3,0,0,27,0,0,0,58.3,43,0,0,0,COLGATE,0,0,0,0,11,6,37.5,70.5,7.5,76.3,0,142,57,9,0,0,42.4,30,0,1,,0,0,0
172006,Nate Lindsey-Gill,S,2,0,,0,1,50,FORDHAM,5,D08,65,19,0,0,1,2028,0,63.8,6,1,32.7,0,0,30,0,0,0,75.8,1,0,0,0,FORDHAM,2,0,0,0,6,1,14.3,47.8,6,77.7,0,168,65,4,0,0,56.3,35,0,1,,44,0,0
172008,Andrew Osmun,LB,4,0,,0,0,75,FORDHAM,8,D12,67,61,0,3,1,2028,2,84,38,3,61.4,0,0,27,0,0,0,78.5,0,0,0,0,FORDHAM,5,0,0,0,30,6,0,71.6,12.7,74.6,0,168,69,15,0,0,104.2,39,0,0,55,0,0,2
172011,John Scott III,ED,0,0,,0,2,,FORDHAM,1,D11,0,0,0,15,1,2028,42,24,0,0,62.1,0,0,4,0,0,0,56.9,0,0,0,0,FORDHAM,1,0,0,0,,0,50,56,,79.2,0,168,42,0,0,0,0,23,0,1,53.4,0,0,42
172015,Cooper Blomstrom,ED,0,0,,0,0,,GEORGETOWN,1,D58,2,1,0,14,1,2028,30,74.7,0,0,62,1,0,3,0,0,0,67.2,0,0,0,0,GEORGETOWN,1,0,1,0,,1,0,66.3,,78.9,0,172,32,0,1,0,0,15,0,1,59.2,0,0,29
172016,Bijay Boldin,S,1,0,,0,0,100,GEORGETOWN,3,D20,34,13,0,3,1,2027,7,80.1,-4,1,66.5,0,0,20,0,0,0,72.8,0,0,1,0,GEORGETOWN,0,0,0,0,-4,9,0,65.3,-4,0,0,172,41,0,0,0,79.2,18,0,0,58.8,12,0,7
172017,Quincy Briggs,CB,3,0,,0,3,66.7,GEORGETOWN,3,D02,53,0,0,0,1,2028,0,25.6,32,2,50,0,0,26,0,0,0,69.1,53,0,0,0,GEORGETOWN,0,0,0,0,20,0,50,53.4,16,77,0,172,53,9,0,0,141.7,27,0,0,,0,1,0
172028,Chigozie Oge-Evans,ED,0,0,,0,2,,GEORGETOWN,1,D53,0,0,0,31,1,2028,53,33.9,0,0,60,2,0,0,12,0,0,63.9,0,1,0,0,GEORGETOWN,1,0,3,0,,0,40,67.8,,78.1,0,172,53,0,2,0,0,22,0,2,66,0,0,39
172032,GianCarlo Rufo,LB,5,0,,0,0,80,GEORGETOWN,5,D08,52,43,0,3,1,2028,2,82.9,52,4,47.7,0,0,29,0,0,0,87.5,0,0,0,0,GEORGETOWN,4,0,0,0,33,9,0,64.1,13,75.4,0,172,54,51,0,0,110,22,0,3,56.7,0,0,2
172037,Rayden Waweru,S,1,0,,0,0,100,GEORGETOWN,1,D24,1,0,0,0,1,2028,0,74.8,25,1,48.4,0,0,1,0,0,0,,0,0,0,0,GEORGETOWN,0,0,0,0,25,1,0,41.6,25,65.9,0,172,1,4,0,0,118.8,0,0,0,,0,0,0
172038,Braylon Wise,S,1,0,,0,1,100,GEORGETOWN,3,D09,29,8,0,0,1,2028,0,50.7,9,1,68.4,0,0,19,0,0,0,51.2,0,0,0,0,GEORGETOWN,0,0,0,0,9,2,25,63.3,9,74.6,0,172,29,10,0,0,104.2,10,0,0,,19,0,0
172084,Benjamin Manley,ED,0,0,,0,0,,LEHIGH,0,D34,0,0,0,1,1,2028,2,,0,0,,0,0,0,0,0,0,60,0,0,0,0,LEHIGH,0,0,0,0,,0,,60.2,,68.3,0,205,2,0,0,0,0,1,0,0,60,0,0,2
172087,Jadin Nelson,DI,0,0,,0,0,,LEHIGH,1,D54,0,0,1,17,1,2028,32,72.2,0,0,,0,0,0,1,0,0,74,0,0,0,0,LEHIGH,1,0,1,0,,0,0,74.9,,74.9,0,205,32,0,30,0,0,15,0,0,65.9,0,0,1
172089,William Parton,LB,1,0,,0,1,100,LEHIGH,4,D10,51,39,0,8,1,2028,0,60.8,3,1,59.3,0,0,24,0,0,0,68.1,0,1,1,1,LEHIGH,3,0,1,0,3,12,20,59,3,0,0,205,51,4,0,0,79.2,19,0,0,61.4,0,0,0
172090,Davis Rice,CB,2,0,,0,0,50,LEHIGH,1,D27,31,3,0,2,1,2028,0,75.1,19,1,57.5,0,0,19,0,0,0,69.9,0,0,0,0,LEHIGH,1,0,0,0,19,28,0,60.6,19,75.9,0,205,31,1,0,0,83.3,10,1,0,60,0,0,0
172091,Aidan Singleton,CB,6,0,,0,1,33.3,LEHIGH,0,D05,67,3,0,0,1,2028,0,28.3,76,2,69.6,0,0,44,0,0,0,63,64,0,0,0,LEHIGH,0,0,0,0,72,0,50,69.7,38,77,0,205,67,58,0,2,81.9,23,0,1,,0,0,0
172124,Michael Williams II,S,0,0,,0,1,,SOUTHERN U,1,D24,17,2,0,0,1,2028,0,41.7,0,0,62.9,0,0,5,0,0,0,41.4,0,0,0,0,SOUTHERN U,0,0,0,0,,2,33.3,50.1,,74.1,0,297,17,0,0,0,0,12,0,1,,13,0,0
172137,Elijah Graham,S,2,0,,0,2,50,TXRG,1,D08,43,12,0,2,1,2026,0,27,6,1,75.8,0,1,30,0,0,0,62.2,0,0,0,0,TXRG,0,0,0,0,6,9,50,73.9,6,76.8,0,1445,43,9,0,1,16.7,11,0,1,56.8,22,0,0
172141,Paul O'Brien,DI,0,0,,0,0,,MOREHEAD,0,D94,0,0,0,12,1,2026,35,70.8,0,0,,0,0,0,5,3,0,65.9,0,0,0,0,MOREHEAD,0,0,0,0,,0,0,64.4,,75.5,0,234,35,0,27,0,0,23,0,1,56.7,0,0,0
172156,Peyton Himley,S,2,0,,0,0,100,STTHOM,1,D23,17,4,0,0,1,2028,0,75.1,39,2,57.3,0,0,10,0,0,0,60.1,0,0,0,0,STTHOM,1,0,0,0,43,9,0,58.2,19.5,74.8,0,1129,17,24,0,0,158.3,7,1,0,,4,1,0
172158,CJ Johnson,DI,0,0,,0,0,,STTHOM,0,D94,0,0,0,8,1,2028,17,,0,0,59.2,0,0,1,0,13,0,63,0,1,1,0,STTHOM,0,0,1,0,,0,,58.5,,0,0,1129,17,0,4,0,0,8,0,0,74,0,0,0
172167,Blake Osbahr,DI,0,0,,0,0,,STTHOM,1,D96,0,0,0,8,1,2028,14,72.4,0,0,,0,0,0,0,14,0,67.2,0,0,0,0,STTHOM,0,0,0,0,,0,0,66,,74,0,1129,14,0,0,0,0,6,0,1,57.7,0,0,0
172176,Kole Sneed,DI,0,0,,0,0,,STTHOM,3,D90,0,0,1,13,1,2028,34,75.7,0,0,,0,0,0,4,0,0,73.2,0,0,0,0,STTHOM,4,0,1,0,,0,0,74.7,,75.2,0,1129,34,0,22,0,0,21,1,0,66.3,0,0,8
172180,Nash Tichy,LB,2,0,,0,0,100,STTHOM,5,D30,19,19,0,4,1,2029,1,81.2,7,2,71.5,0,0,7,0,0,0,83,0,0,0,0,STTHOM,5,0,0,0,4,0,0,83.6,3.5,71.8,0,1129,20,10,0,0,81.3,9,1,1,56.9,0,0,1
172184,Brian Alston,ED,0,0,,0,0,,E TENN ST,2,D01,0,0,1,24,1,2028,39,75,0,0,61,0,0,0,19,3,0,63.9,0,1,1,0,E TENN ST,3,0,2,0,,0,0,66.1,,0,0,157,39,0,1,0,0,15,0,0,65.3,0,0,16
172191,Timothy Gulley,DI,0,0,,0,0,,BETH COOK,1,D91,0,0,0,11,1,2028,17,73.1,0,0,,1,0,0,1,0,0,71.4,0,0,0,1,BETH COOK,1,0,1,0,,0,0,77.4,,72.8,0,119,17,0,15,0,0,6,0,1,70,0,0,1
172198,Roderick Kelly Jr.,LB,1,0,,0,1,100,SCAR STATE,2,D34,30,24,0,0,1,2029,1,32.2,13,1,65.6,1,0,20,0,0,0,60.7,0,0,0,0,SCAR STATE,2,0,1,0,13,6,33.3,65.3,13,74.8,0,290,31,6,0,1,118.8,11,0,0,,0,0,1
172231,Cam Marshall,S,0,0,,0,1,,W GEORGIA,0,D06,3,3,0,1,1,2028,0,21.8,0,0,60,0,0,1,0,0,0,60,0,0,0,0,W GEORGIA,0,0,0,0,,0,100,47.8,,66,0,1177,3,0,0,0,0,1,0,0,60,0,0,0
172235,Jude Tinor,ED,0,0,,0,1,,WOFFORD,1,D53,0,0,0,19,1,2028,30,28.6,0,0,60,1,0,0,11,0,0,72.2,0,0,0,0,WOFFORD,1,0,1,0,,0,50,62.4,,75.3,0,350,30,0,2,0,0,11,1,0,57.1,0,0,17
172264,Evan Spivey,S,0,0,,0,0,,CAMPBELL,2,D00,19,6,0,0,1,2028,0,77.1,0,0,66.4,0,0,11,0,0,0,67.1,0,0,0,0,CAMPBELL,0,0,0,0,,1,0,69.4,,74.2,0,131,19,0,0,0,0,8,0,0,,12,0,0
172268,Gideon Bedada,ED,0,0,,0,1,,BRYANT,0,D11,0,0,0,16,1,2028,27,17.6,0,0,,0,0,0,5,0,0,56,0,0,0,0,BRYANT,0,0,0,0,,0,100,57.5,,76.7,0,124,27,0,0,0,0,11,0,0,59.8,0,0,22
172273,Zach Dantzlerward,DI,0,0,,0,0,,ST FRANCIS,2,D09,0,0,0,8,1,2028,25,74,0,0,,0,0,0,4,0,0,61.5,0,0,0,0,ST FRANCIS,1,0,0,0,,0,0,59.9,,74.1,0,299,25,0,16,0,0,17,0,1,55.8,0,0,5
172276,Ja'Mez Drummer,LB,3,0,,0,0,66.7,TOWSON,5,D32,37,25,0,16,1,2027,45,83.8,15,2,59.3,1,0,14,0,0,0,78.1,0,0,0,1,TOWSON,1,0,1,0,10,12,0,71.4,7.5,80.4,0,317,82,3,0,0,78.5,52,0,4,58.1,0,0,45
172303,Joshua Bledsoe,CB,2,0,,0,0,50,ALAB A&M,2,D20,31,1,0,0,1,2029,0,76.6,18,1,45.6,0,0,17,0,0,0,65,29,0,0,0,ALAB A&M,0,0,0,0,18,0,0,48.4,18,74.3,0,104,31,0,0,0,120.8,14,0,0,,1,1,0
172324,Will Cornelson,LB,3,0,,0,0,100,IDAHO,1,D10,23,21,0,6,1,2027,5,75.8,16,3,69.9,0,0,11,0,0,0,50.6,0,0,0,0,IDAHO,1,0,0,0,17,2,0,64,5.3,75.3,0,185,28,7,0,0,88.9,11,0,1,62,0,0,5
172330,Nathan Huerta,DI,0,0,,1,0,,TXRG,1,D42,0,0,1,19,1,2027,28,73.6,0,0,,0,0,0,0,0,0,61.4,0,0,0,0,TXRG,1,0,1,0,,0,0,80.1,,74.3,0,1445,28,0,28,0,0,9,0,1,84.9,0,0,0
172351,Dasheen Jackson,S,3,0,,0,3,100,DELWARE ST,4,D01,56,43,1,11,1,2026,10,51.6,81,3,54.3,1,0,32,0,0,0,58.8,0,0,1,0,DELWARE ST,3,0,2,0,55,5,30,52.8,27,0,0,152,66,45,0,0,118.8,23,0,3,60.5,8,0,10
172414,Aidan McCowan,CB,3,0,,0,0,66.7,NICHOLLS,2,D03,46,2,0,0,1,2027,0,76.2,27,2,59,0,0,22,0,0,0,64.2,43,0,0,0,NICHOLLS,0,0,0,0,22,0,0,60.4,13.5,76.1,0,243,46,10,0,0,95.1,24,0,0,,1,0,0
172545,Tobias Hinton,ED,0,0,,0,0,,ALCORN ST,2,D14,8,7,1,9,1,2028,19,78.2,0,0,63.5,0,0,5,3,0,0,68.9,0,1,0,0,ALCORN ST,2,0,2,0,,1,0,69.1,,76.8,0,107,27,0,0,0,0,13,0,2,61.2,0,0,16
172555,Jalin Shephard,S,6,0,,0,3,100,TENN TECH,4,D06,47,13,0,1,1,2026,2,29.3,90,6,46,0,0,36,0,0,0,61.3,0,0,0,0,TENN TECH,1,0,0,0,25,17,42.9,48.3,15,78.4,0,309,49,31,0,0,118.8,12,1,0,59.2,17,0,2
172619,Dante Kelly,S,5,0,,0,0,60,MS VLY ST,7,D03,58,23,0,4,1,2028,2,85.3,91,3,57.1,0,0,28,0,0,0,68.5,0,0,0,0,MS VLY ST,2,0,0,0,74,27,0,60.9,30.3,77,0,228,60,83,0,0,143.8,28,1,2,57,8,1,2
172638,AK Burrell,CB,1,0,,0,0,100,FURMAN,8,D03,51,27,0,9,1,2028,6,84,17,1,55.5,0,0,14,0,0,0,73.6,0,0,0,0,FURMAN,5,0,0,0,17,24,0,64.3,17,76.1,0,170,57,3,0,0,118.8,34,0,2,55.2,0,0,6
172639,Caldwell Bussey,DI,0,0,,0,0,,FURMAN,2,D94,0,0,0,13,1,2028,29,73.4,0,0,60,0,0,0,0,0,0,74.6,0,1,0,0,FURMAN,2,0,1,0,,0,0,78.3,,74.3,0,170,29,0,29,0,0,16,0,1,70,0,0,0
172641,Hysan Dalton,CB,1,0,,0,0,0,IDAHO,0,D03,9,0,0,0,1,2028,0,,0,0,61.6,0,0,3,0,0,0,60,9,0,0,0,IDAHO,0,0,0,0,,0,,62.6,,70.6,0,185,9,0,0,0,39.6,6,0,0,,0,0,0
172649,Raleigh Herbert,LB,3,0,,0,3,66.7,FURMAN,4,D24,56,56,0,4,1,2028,1,27.2,41,2,36.6,3,0,19,0,0,1,71.5,0,0,1,0,FURMAN,3,0,3,0,25,0,37.5,52.7,20.5,76.6,0,170,57,22,0,0,109.7,34,1,1,55.9,0,0,1
172650,Marc Hernández,DI,0,0,,0,0,,FURMAN,0,D91,0,0,0,6,1,2028,13,,0,0,,0,0,0,0,0,0,63.1,0,0,0,0,FURMAN,0,0,0,0,,0,,62.4,,72,0,170,13,0,13,0,0,7,0,0,58.1,0,0,0
172656,Billy Lewis,S,0,0,,0,1,,FURMAN,5,D21,56,34,0,0,1,2028,0,62.9,0,0,67.6,0,0,22,0,0,0,62.4,0,0,0,0,FURMAN,1,0,0,0,,6,16.7,66.3,,76.7,0,170,56,0,0,0,0,34,0,0,,16,0,0
172663,Tanner Schuck,ED,0,0,,0,0,,FURMAN,1,D41,0,0,0,7,1,2027,30,78,0,0,60.9,1,0,1,0,0,0,61.2,0,0,0,0,FURMAN,1,0,1,0,,0,0,60.4,,78.2,0,170,30,0,1,0,0,22,0,3,55,0,0,29
172665,Joshua Stoneking,ED,0,0,,1,0,,FURMAN,2,D95,0,0,2,23,1,2028,57,78.9,0,0,60,2,0,0,0,0,0,79.9,0,3,0,0,FURMAN,4,0,7,0,,0,0,94.1,,81.1,0,170,57,0,0,0,0,34,1,1,89.3,0,0,57
172679,Julian Fox,LB,4,0,,0,0,75,MERCER,4,D10,26,22,0,3,1,2029,0,82.3,8,3,87.9,0,0,16,0,0,0,71.5,0,0,0,0,MERCER,3,0,0,0,6,4,0,90.1,2.7,73.5,0,219,26,15,0,0,77.1,7,0,1,56.8,0,0,0
172680,Walter Goggins,DI,0,0,,0,0,,N ALABAMA,2,D41,0,0,0,7,1,2028,28,73.6,0,0,,1,0,0,0,4,0,61.6,0,0,0,0,N ALABAMA,2,0,1,0,,0,0,61.2,,75,0,389,28,0,24,0,0,21,0,1,57.5,0,0,0
172689,Donovan Watkins,CB,5,0,,0,1,20,MERCER,4,D04,34,7,0,0,1,2029,0,58,3,1,80,0,0,24,0,0,0,61.5,0,0,1,0,MERCER,3,0,0,0,3,27,16.7,74.6,3,0,0,219,34,0,0,1,39.6,10,2,1,,0,0,0
172691,Chris Benton,ED,0,0,,0,0,,CITADEL,0,D91,0,0,1,10,1,2028,26,75.6,0,0,,1,0,0,5,0,0,58.1,0,0,0,0,CITADEL,1,0,2,0,,0,0,60.4,,75.6,0,139,26,0,8,0,0,16,0,2,62.3,0,0,13
172692,Temarcus Elam,S,1,0,,0,0,0,CITADEL,0,D32,10,3,0,0,1,2028,0,,0,0,72.6,0,0,5,0,0,0,61.8,0,0,0,0,CITADEL,0,0,0,0,,4,,73.9,,72,0,139,10,0,0,0,39.6,5,0,0,,3,0,0
172694,Jeremiah Holmes,ED,1,0,,0,0,100,CITADEL,2,D19,9,8,1,13,1,2028,35,78.7,8,1,52.8,1,0,2,8,0,0,74.5,0,0,0,0,CITADEL,2,0,2,0,8,0,0,76,8,77.8,0,139,44,10,0,0,100,29,0,1,77.4,1,0,27
172698,Bradlee Jones,CB,2,0,,0,2,100,CITADEL,6,D07,57,4,0,0,1,2028,0,52.4,32,2,57.7,0,0,22,0,0,0,65.6,52,0,0,0,CITADEL,2,0,0,0,20,1,22.2,60.3,16,76.3,0,139,57,1,0,0,118.8,35,0,1,,0,0,0
172702,Nick McGill,CB,0,0,,0,0,,PRESBYTERN,0,D10,6,0,0,0,1,2028,0,74.2,0,0,61.2,0,0,2,0,0,0,59.9,6,0,0,0,PRESBYTERN,0,0,0,0,,0,0,61.7,,69.2,0,271,6,0,0,0,0,4,0,1,,0,0,0
172705,DaVonyae Pettis,ED,0,0,,0,0,,CAMPBELL,5,D37,10,5,1,21,1,2028,33,80.4,0,0,71.8,2,0,3,0,0,0,80.4,0,0,1,0,CAMPBELL,6,0,3,0,,5,0,78.7,,0,0,131,43,0,0,0,0,19,2,0,70.7,0,0,33
172709,Mikey Rosa,LB,3,0,,0,2,100,CITADEL,5,D45,38,34,0,4,1,2028,2,39.9,34,3,34.3,0,0,12,0,0,0,59.8,0,0,0,0,CITADEL,4,0,0,0,16,3,25,42.8,11.3,75.8,0,139,40,4,0,0,113.9,24,0,1,55.4,1,0,2
172715,Elijah Brooks,ED,0,0,,0,0,,VA MILT IN,2,D90,0,0,0,25,1,2028,40,73.6,0,0,60,0,0,0,11,0,0,55.8,0,0,0,0,VA MILT IN,0,0,0,0,,0,0,54.3,,77.5,0,336,40,0,2,0,0,15,0,0,53.8,0,0,27
172717,Camden Clinton,LB,0,0,,0,0,,VA MILT IN,1,D21,24,24,0,2,1,2028,1,76.1,0,0,62.8,0,0,7,0,0,0,74.7,0,0,0,0,VA MILT IN,1,0,0,0,,0,0,72.1,,75.2,0,336,25,0,0,0,0,16,1,1,57.1,0,0,1
172720,Isaiah Grevious,S,2,0,,0,1,100,VA MILT IN,7,D04,44,26,0,7,1,2028,10,61.9,14,2,53.4,0,0,28,0,0,0,76.4,0,1,0,0,VA MILT IN,4,0,1,0,8,18,12.5,61.9,7,77.1,0,336,54,14,0,0,95.8,19,2,0,55.3,0,0,10
172723,Jacob Moore,ED,0,0,,0,0,,VA MILT IN,1,D92,1,1,0,28,1,2028,42,69.7,0,0,60.2,0,0,1,7,0,0,58,0,0,0,0,VA MILT IN,0,0,0,0,,0,0,55.7,,77.2,0,336,43,0,16,0,0,14,0,0,54,0,0,19
172727,EJ Wilborne,S,3,0,,0,1,100,VA MILT IN,5,D14,26,13,0,0,1,2028,0,60.6,24,3,64.6,0,0,15,0,0,0,55,0,0,0,0,VA MILT IN,2,0,0,0,16,2,16.7,61.5,8,73.8,0,336,26,14,0,0,100,11,0,0,,11,0,0
172734,Dominick Bolden,DI,0,0,,0,0,,MCNEESE,0,D99,0,0,0,4,1,2026,24,,0,0,,0,0,0,0,2,0,66,0,0,0,0,MCNEESE,0,0,0,0,,0,,66.1,,74,0,217,24,0,22,0,0,20,0,0,59,0,0,0
172736,John Brown Jr.,ED,0,0,,0,0,,JACKSON ST,2,D08,0,0,0,20,1,2026,42,78.3,0,0,,0,0,0,3,0,0,63.7,0,0,0,0,JACKSON ST,1,0,0,0,,0,0,62.5,,78,0,194,42,0,16,0,0,22,0,3,58.1,0,0,23
172755,Peyton Lemaire,LB,0,0,,0,0,,MCNEESE,0,D23,14,14,0,0,1,2028,0,76.1,0,0,,0,0,0,0,0,0,45.3,0,0,0,0,MCNEESE,0,0,0,0,,0,0,45.2,,72.2,0,217,14,0,0,0,0,14,0,2,,0,0,0
172757,Jadden Matthews,LB,1,0,,0,0,0,PRVIEW A&M,0,D31,3,0,0,0,1,2026,0,74.2,0,0,60,0,0,1,0,0,0,64.4,3,0,0,0,PRVIEW A&M,0,0,0,0,,0,0,68.1,,66.9,0,270,3,0,0,0,39.6,2,0,1,,0,0,0
172765,Carlos Sanders,DI,0,0,,0,0,,MCNEESE,0,D92,0,0,0,10,1,2029,34,69.7,0,0,60,0,0,0,1,0,0,55.6,0,0,0,0,MCNEESE,0,0,0,0,,0,,56.4,,74.7,0,217,34,0,33,0,0,24,0,0,57.9,0,0,0
172791,Peyton Anderson,DI,0,0,,0,0,,SE LA,2,D90,0,0,0,9,1,2028,20,72.1,0,0,,0,0,0,1,3,0,70.5,0,1,0,0,SE LA,1,0,1,0,,0,0,67.1,,73.6,0,294,20,0,16,0,0,11,0,0,55.8,0,0,0
172804,Khamron Ford,LB,4,0,,0,1,100,SE LA,5,D05,42,27,0,1,1,2026,0,56.6,31,4,55.2,1,0,23,0,0,0,68.9,0,0,0,0,SE LA,5,0,1,0,17,15,16.7,62,7.8,75.2,0,294,42,17,0,0,99,18,2,0,63.7,0,0,0
172809,Jirrea Johnson Jr.,LB,0,0,,0,0,,SE LA,1,D43,13,10,0,1,1,2028,0,73.1,0,0,62.9,0,0,9,0,0,0,48.3,0,0,0,0,SE LA,0,0,0,0,,3,0,53.5,,70.1,0,294,13,0,0,0,0,3,0,0,59.5,0,0,0
172815,Richard McKneely,S,1,0,,0,0,0,SE LA,1,D36,10,1,0,0,1,2028,0,76.2,0,0,44,0,0,9,0,0,0,60,0,0,0,0,SE LA,0,0,0,0,,5,0,44.4,,70.7,0,294,10,0,0,0,39.6,1,0,0,,4,0,0
172819,Jordan Okoye,LB,0,0,,0,0,,SE LA,0,D15,6,4,0,1,1,2028,0,,0,0,61.2,0,0,3,0,0,0,60.4,0,0,0,0,SE LA,0,0,0,0,,2,,61.2,,67.8,0,294,6,0,0,0,0,2,0,0,59,0,0,0
172821,Javen Sanchez,DI,0,0,,0,0,,LAMAR,1,D24,0,0,0,9,1,2026,13,69.7,0,0,,0,0,0,0,9,0,69.3,0,0,0,0,LAMAR,1,0,0,0,,0,0,68,,73.1,0,204,13,0,4,0,0,4,1,0,57.3,0,0,0
172844,Greg Mangle,CB,1,0,,0,0,100,ALABAMA ST,1,D19,11,0,0,0,1,2028,0,74.2,1,1,71.6,0,0,7,0,0,0,60.1,11,0,0,0,ALABAMA ST,1,0,0,0,1,0,0,72.3,1,71.2,0,105,11,1,0,0,79.2,4,0,0,,0,0,0
172855,Justin Bostic,S,1,0,,0,0,0,FL A&M,1,D13,32,7,0,0,1,2028,1,76.4,0,0,78.2,0,0,20,0,0,0,66.9,0,0,0,0,FL A&M,0,0,0,0,,5,0,77.4,,76.6,0,164,33,0,0,1,39.6,13,0,0,,20,0,1
172875,B.J. Washington,S,2,0,,0,1,50,JACKSON ST,2,D09,50,13,0,2,1,2027,1,54.1,18,1,61.1,0,0,24,0,0,0,56.3,1,0,0,0,JACKSON ST,0,0,0,0,18,7,20,58.7,18,76.6,0,194,51,4,0,0,81.3,25,0,2,55.2,29,0,1
172883,Stanley Cooks II,DI,0,0,,0,0,,JACKSON ST,2,D94,0,0,0,3,1,2028,5,72.4,0,0,,0,0,0,0,3,0,69.8,0,0,0,0,JACKSON ST,1,0,0,0,,0,0,73.7,,70,0,194,5,0,2,0,0,2,1,0,59.7,0,0,0
172912,Jace Ward,ED,0,0,,0,0,,JACKSON ST,0,D16,8,7,0,6,1,2029,6,,0,0,61.8,2,0,4,0,0,0,64.1,0,0,0,0,JACKSON ST,0,0,2,0,,1,,67.2,,71.9,0,194,14,0,0,0,0,4,0,0,61.6,0,0,6
172943,Barry Dillon,CB,4,0,,0,0,75,INCAR WORD,3,D02,26,1,0,0,1,2029,0,78.8,67,3,52.1,0,0,11,0,0,0,62.7,23,0,0,0,INCAR WORD,1,0,0,0,54,1,0,53.8,22.3,73.5,0,189,26,21,0,0,116.7,15,0,0,,0,0,0
172948,Tylan Foster,LB,7,0,,0,0,57.1,E ILLINOIS,9,D01,67,53,0,2,1,2026,0,84,57,4,65.6,0,0,39,0,0,0,69.2,0,0,0,0,E ILLINOIS,4,0,0,0,43,13,0,67.7,14.3,74.2,0,158,67,52,0,0,83.6,26,0,1,57,1,0,0
172959,Kendrick Stone,S,2,0,,0,2,50,INCAR WORD,2,D07,62,47,0,1,1,2026,2,29,22,1,68.7,1,0,37,0,0,0,50.7,0,0,0,0,INCAR WORD,1,0,1,0,22,8,40,62.5,22,75.3,0,189,64,0,0,1,129.2,26,0,1,59.2,6,1,2
172974,Raymon Crump,CB,0,0,,0,0,,SO UTAH,0,D06,16,1,0,0,1,2026,0,78.8,0,0,65.9,0,0,10,0,0,0,64.1,1,0,0,0,SO UTAH,0,0,0,0,,13,0,67.2,,73.8,0,298,16,0,0,0,0,6,0,2,,1,0,0
172979,Henry Harper,ED,0,0,,0,0,,SO UTAH,1,D57,0,0,0,33,1,2027,52,71.5,0,0,,3,0,0,1,0,0,65.1,0,1,0,0,SO UTAH,1,0,4,0,,0,0,72.6,,78.8,0,298,52,0,0,0,0,19,0,0,71.8,0,0,51
173050,Michael Patterson III,CB,7,0,,0,0,42.9,STF AUSTIN,4,D19,49,0,0,0,1,2028,2,79.8,40,3,65,0,0,42,0,0,0,71.6,1,0,0,0,STF AUSTIN,2,0,0,0,21,48,0,67.1,13.3,79,0,301,51,11,0,1,101.2,9,0,0,,0,1,2
173064,Lance Bassett,DI,0,0,,0,0,,N ALABAMA,0,D98,0,0,0,4,1,2029,14,69.7,0,0,,0,0,0,1,1,0,61.2,0,0,0,0,N ALABAMA,0,0,0,0,,0,0,60.6,,72.9,0,389,14,0,11,0,0,10,0,1,57.9,0,0,1
173096,Jayden Cook-Morgan,CB,7,0,,0,0,57.1,TENN STATE,4,D21,50,0,0,0,1,2028,0,79.3,66,4,76,0,0,34,0,0,0,62.2,49,0,0,0,TENN STATE,3,0,0,0,48,1,0,76.1,16.5,76.7,0,308,50,21,0,1,128.6,16,0,0,,0,1,0
173118,Kam Sallis,S,3,0,,0,3,0,JACKSON ST,1,D15,44,12,0,4,1,2028,13,25.7,0,0,64.3,0,0,30,0,0,0,42.7,0,0,0,0,JACKSON ST,1,0,0,0,,8,50,54.9,,81.1,0,194,57,0,0,0,39.6,23,1,2,55.4,24,0,13
173190,Aden Tagaloa-Nelson,S,1,0,,0,0,100,E KENTUCKY,2,D17,18,7,0,0,1,2029,0,77.7,10,1,65.4,0,0,12,0,0,0,56.8,1,0,0,0,E KENTUCKY,1,0,0,0,10,8,0,63.2,10,72.7,0,159,18,1,0,0,108.3,6,0,0,,2,0,0
173196,Jayven Anderson,S,3,0,,0,0,66.7,HOUCHR,7,D07,47,34,0,0,1,2028,4,85.9,15,2,78.7,0,0,21,0,0,0,64.9,0,0,0,0,HOUCHR,4,0,0,0,15,8,0,75.3,7.5,76,0,183,51,14,0,1,78.5,30,0,3,,5,0,4
173210,Matthew Moore,LB,1,0,,0,0,0,PRVIEW A&M,1,D39,10,6,1,6,1,2029,5,75.3,0,0,47.2,2,0,7,0,0,0,67.1,0,0,0,0,PRVIEW A&M,2,0,3,0,,4,0,77.6,,74.6,0,270,15,0,0,0,39.6,2,0,0,91.8,0,0,5
173247,Ashton Ojiaku,S,0,0,,0,0,,PRVIEW A&M,0,D22,3,2,0,0,1,2029,0,,0,0,60,0,0,1,0,0,0,60,0,0,0,0,PRVIEW A&M,0,0,0,0,,0,,60.3,,65.7,0,270,3,0,0,0,0,2,0,0,,1,0,0
173256,Gensley Auguste,DI,0,0,,0,0,,DELWARE ST,0,D94,0,0,0,3,1,2028,4,,0,0,,0,0,0,3,0,0,60,0,0,0,0,DELWARE ST,0,0,0,0,,0,,58.5,,67.2,0,152,4,0,1,0,0,1,0,0,57.8,0,0,0
173289,Shamar Williams,S,7,0,,0,3,28.6,WAGNER,6,D12,57,2,0,0,1,2028,0,37.2,36,2,55.8,0,1,34,0,0,0,53.6,0,0,0,0,WAGNER,2,0,0,0,29,15,27.3,54.9,18,85.8,0,338,57,29,0,0,48.5,23,1,2,,39,1,0
173315,DaMari Smith,CB,2,0,,0,0,50,CENT ARK,0,D14,14,1,0,0,1,2028,2,74.2,22,1,59.4,0,0,8,0,0,0,54.2,13,0,0,0,CENT ARK,0,0,0,0,22,0,0,56.8,22,73.8,0,132,16,0,0,0,129.2,8,0,1,,0,1,2
173379,Alijah Williams,ED,1,0,,0,0,100,WOFFORD,1,D11,0,0,0,14,1,2028,30,77,4,1,82.1,0,0,2,0,0,0,66.7,0,0,0,0,WOFFORD,1,0,0,0,4,0,0,77,4,78.3,0,350,30,4,0,0,83.3,14,0,2,60.8,0,0,30
173429,Reginald Allen Jr.,LB,1,0,,0,3,100,BRYANT,4,D16,32,29,0,3,1,2028,1,29.3,6,1,55.2,0,0,17,0,0,0,66.7,0,0,0,1,BRYANT,3,0,0,0,6,3,42.9,75.3,6,71.7,0,124,33,2,0,0,91.7,13,1,0,94.9,0,0,1
173433,Jalen Hand,DI,0,0,,0,0,,E KENTUCKY,4,D96,0,0,0,7,1,2028,22,73.8,0,0,,0,0,0,0,21,0,71.9,0,0,0,0,E KENTUCKY,4,0,0,0,,0,0,71.4,,76.3,0,159,22,0,1,0,0,15,0,0,58.6,0,0,0
173434,Ki'Shawn Harvey,DI,0,0,,0,0,,E TENN ST,0,D93,0,0,0,12,1,2028,21,70.1,0,0,,1,0,0,0,11,0,58.1,0,0,0,0,E TENN ST,0,0,1,0,,0,0,60.7,,74.4,0,157,21,0,10,0,0,9,0,1,62.8,0,0,0
173574,Hayden Bender,S,5,0,,0,1,60,DAVIDSON,3,D08,48,2,0,4,1,2028,9,48.2,56,3,42.5,0,0,20,0,0,0,49.8,0,0,0,0,DAVIDSON,0,0,0,0,30,46,25,42.9,18.7,81.8,0,149,57,27,0,0,138.3,33,0,0,56.4,0,1,9
173577,Hunter Brooks,LB,0,0,,0,0,,DAVIDSON,4,D00,41,39,0,3,1,2028,6,78.5,0,0,65.6,0,0,16,0,0,0,48.8,0,0,0,0,DAVIDSON,2,0,0,0,,2,0,55.9,,76.7,0,149,47,0,0,0,0,28,0,0,57.2,0,0,6
173579,Quinton Cancel,CB,8,0,,0,2,37.5,DAVIDSON,4,D20,45,0,0,0,1,2028,0,33.9,30,3,48.5,0,0,26,0,0,0,56.6,45,0,0,0,DAVIDSON,0,0,0,0,11,0,33.3,48.7,10,76.1,0,149,45,12,0,0,49,19,0,0,,0,0,0
173588,Christian Hayes,DI,0,0,,0,0,,DAVIDSON,0,D99,0,0,0,9,1,2028,16,,0,0,,0,0,0,0,2,0,50.8,0,0,1,0,DAVIDSON,0,0,0,0,,0,,40.1,,0,0,149,16,0,14,0,0,7,0,0,58.4,0,0,0
173590,Dixon Hudson,ED,0,0,,0,0,,BRYANT,2,D06,0,0,1,19,1,2028,31,76.7,0,0,60,0,0,0,11,0,0,67.9,0,0,0,0,BRYANT,2,0,1,0,,0,0,68.5,,76.5,0,124,31,0,1,0,0,12,0,0,62.6,0,0,19
173591,Robert Lamar,LB,3,0,,0,1,100,DAVIDSON,5,D02,47,41,0,4,1,2028,2,61.7,30,3,48.3,0,0,22,0,0,0,68.6,0,0,0,0,DAVIDSON,1,0,0,0,10,6,12.5,55.8,10,74.8,0,149,49,22,0,0,108.3,23,0,2,55.3,0,0,2
173592,Michael Leonard,ED,0,0,,0,0,,DAVIDSON,1,D05,0,0,0,9,1,2028,27,74.1,0,0,60.3,0,0,2,0,0,0,52.5,0,0,0,0,DAVIDSON,1,0,0,0,,0,0,52.8,,77.3,0,149,27,0,0,0,0,16,0,1,55.7,0,0,27
173595,Ashton Miller,DI,0,0,,0,0,,CAMPBELL,1,D97,0,0,0,11,1,2028,19,69.7,0,0,,0,0,0,5,4,0,55.8,0,0,2,0,CAMPBELL,1,0,0,0,,0,0,35.8,,0,0,131,19,0,9,0,0,8,0,0,56,0,0,1
173597,Kristian Ozane,LB,0,0,,0,0,,CHATTNOOGA,1,D02,18,15,0,0,1,2028,0,76.8,0,0,63.1,0,0,11,0,0,0,74.7,0,0,0,0,CHATTNOOGA,0,0,0,0,,3,0,72,,70.7,0,137,18,0,0,0,0,7,0,1,,0,0,0
173660,BJ Carey,S,2,0,,0,0,0,WEBER ST,1,D03,44,4,0,0,1,2027,0,81,0,0,65.9,0,0,25,0,0,0,77.9,0,1,1,0,WEBER ST,1,0,1,0,,2,0,67,,0,0,342,44,0,0,0,39.6,19,0,2,,38,0,0
173665,Mayson Hitchens,LB,1,0,,0,1,100,WEBER ST,8,D00,75,70,0,6,1,2028,0,65.3,1,1,71.6,4,0,40,0,0,0,79.7,0,0,0,0,WEBER ST,6,0,4,0,1,3,10,78,1,76.4,0,342,75,3,0,0,79.2,29,1,1,60.7,2,0,0
173666,Logan Mackey,CB,8,0,,0,0,75,WEBER ST,3,D28,56,1,0,0,1,2029,1,77.7,31,6,72.2,0,0,38,0,0,0,70.2,45,0,0,0,WEBER ST,3,0,0,0,9,10,0,73.7,5.2,77.8,0,342,57,11,0,1,120.3,19,2,0,,0,1,1
173777,Que Billingsley,CB,8,0,,0,1,37.5,GARD-WEBB,2,D06,44,0,0,1,1,2028,0,47.7,74,3,81.4,0,1,23,0,0,0,68.8,43,1,0,0,GARD-WEBB,0,0,1,0,45,1,25,80.9,24.7,76,0,171,44,30,0,1,32.3,20,0,1,58.3,0,0,0
173780,RJ Dardy,DI,0,0,,0,0,,E KENTUCKY,0,D95,0,0,0,1,1,2027,1,,0,0,,0,0,0,1,0,0,,0,0,1,0,E KENTUCKY,0,0,0,0,,0,,46.5,,0,0,159,1,0,0,0,0,0,0,0,59.1,0,0,0
173801,Markell Redding,S,2,0,,0,0,50,AUSTINPEAY,6,D23,43,12,0,0,1,2028,0,85.7,6,1,59.2,0,0,26,0,0,0,79.6,0,0,1,0,AUSTINPEAY,2,0,0,0,6,7,0,66.5,6,75.8,0,116,43,0,0,0,56.3,17,1,0,,24,0,0
173811,Sharieff Andrews,DI,0,0,,0,0,,MORGAN ST,1,D99,0,0,0,22,1,2028,40,69.7,0,0,60,0,0,1,11,8,0,58.2,0,0,0,1,MORGAN ST,1,0,0,0,,0,0,58.9,,75.2,0,235,40,0,21,0,0,17,0,0,58.9,0,0,0
173816,Kristopher Boyd,DI,0,0,,0,0,,MORGAN ST,1,D52,0,0,0,9,1,2028,18,70.2,0,0,61.2,0,0,0,2,11,1,57.9,0,0,0,0,MORGAN ST,0,0,0,0,,0,0,61.5,,75,0,235,18,0,5,0,0,9,0,0,56.7,0,0,0
173817,Lance Byndon,ED,1,0,,0,0,100,MORGAN ST,3,D06,16,2,1,30,1,2028,58,79.3,32,1,55,3,0,11,6,0,0,75.1,0,0,0,0,MORGAN ST,3,0,4,0,32,11,0,65.2,32,82.6,0,235,74,7,0,0,118.8,33,1,2,58.2,2,0,52
173827,Adrian Littleton,ED,0,0,,0,0,,ST FRANCIS,0,D33,1,1,0,2,1,2029,10,,0,0,,0,0,0,0,0,0,70.1,0,0,1,0,ST FRANCIS,0,0,0,0,,0,,58,,0,0,299,11,0,0,0,0,9,0,0,58.2,0,0,10
173893,Chase Christopher,LB,6,0,,0,0,66.7,PRINCETON,5,D07,46,43,0,1,1,2028,3,85.4,35,4,53.6,0,0,23,0,0,0,61.4,0,0,0,0,PRINCETON,1,0,0,0,25,3,0,56.9,8.8,74.2,0,272,49,24,0,0,81.9,25,0,8,59.5,0,0,3
173900,Evan Haynie,CB,3,0,,0,0,66.7,PRINCETON,3,D27,37,9,0,0,1,2028,0,78.5,8,2,74.4,0,1,14,0,0,0,52.5,28,0,0,0,PRINCETON,1,0,0,0,5,0,0,69,4,73.3,0,272,37,0,0,0,30.6,23,0,0,,0,0,0
173902,Rocco Marcelino,ED,0,0,,0,0,,PRINCETON,1,D97,0,0,1,20,1,2028,42,73.7,0,0,,2,0,0,9,0,0,59.4,0,0,1,0,PRINCETON,2,0,3,0,,0,0,59.2,,0,0,272,42,0,14,0,0,22,0,0,67.1,0,0,19
173905,Kavon Miller,S,0,0,,0,0,,PRINCETON,0,D12,25,16,0,0,1,2028,0,,0,0,65.3,0,0,15,0,0,0,61.5,0,0,0,0,PRINCETON,0,0,0,0,,3,,65.6,,73.3,0,272,25,0,0,0,0,10,0,0,,6,0,0
173906,Tyler Morris,LB,2,0,,0,0,50,PRINCETON,0,D06,14,13,0,2,1,2028,0,,17,1,48,0,0,10,0,0,0,60,1,0,0,0,PRINCETON,0,0,0,0,17,0,,46.2,17,70.5,0,272,14,8,0,0,79.2,2,0,0,57.7,0,0,0
173910,Torian Roberts,CB,5,0,,0,0,60,PRINCETON,6,D00,58,9,0,0,1,2028,0,84.2,90,3,56.9,0,0,32,0,0,0,72.3,49,0,1,0,PRINCETON,2,0,0,0,69,0,0,61.2,30,75.5,0,272,58,42,0,1,143.8,26,1,4,,0,1,0
173911,London Robinson,DI,0,0,,0,0,,PRINCETON,1,D91,0,0,0,8,1,2028,18,70.1,0,0,,0,0,0,0,8,0,51.2,0,0,0,0,PRINCETON,1,0,0,0,,0,0,50.8,,74.1,0,272,18,0,10,0,0,10,0,0,57.2,0,0,0
173912,Kyler Ronquillo,S,0,0,,0,1,,PRINCETON,0,D38,46,20,0,0,1,2028,0,42.4,0,0,75.5,0,0,21,0,0,0,57.1,0,0,0,0,PRINCETON,0,0,0,0,,14,50,70.9,,76.3,0,272,46,0,0,1,0,25,0,1,,12,0,0
173919,Caden Wright,DI,0,0,,0,0,,PRINCETON,1,D36,0,0,0,10,1,2028,24,70.2,0,0,,0,0,0,0,1,0,54.9,0,0,0,0,PRINCETON,1,0,0,0,,0,0,54.1,,73.9,0,272,24,0,22,0,0,14,0,0,56.5,0,0,1
173930,David Jones,CB,1,0,,0,3,100,SE MO ST,3,D07,34,7,0,0,1,2028,0,27.6,28,1,62.8,0,0,18,0,0,0,43.7,25,0,0,0,SE MO ST,0,0,0,0,28,1,42.9,56.7,28,74,0,293,34,20,0,0,118.8,16,0,1,,1,0,0
173952,Chris Jackson II,DI,0,0,,0,0,,HAMPTON,0,D90,0,0,0,0,1,2028,4,,0,0,,0,0,0,2,0,0,57.6,0,0,0,0,HAMPTON,0,0,0,0,,0,,56.7,,68.6,0,178,4,0,2,0,0,4,0,0,,0,0,0
173954,Nhycer Kelly,DI,0,0,,0,0,,ELON,1,D50,0,0,0,6,1,2028,9,72.2,0,0,60,0,0,0,0,0,0,62,0,0,0,0,ELON,1,0,0,0,,0,0,63.3,,70.8,0,162,9,0,9,0,0,3,0,1,59,0,0,0
174071,Isaiah Hackett,CB,1,0,,0,0,100,YNGTOWN ST,3,D02,17,1,0,0,1,2027,0,78.5,-2,1,72.3,0,0,11,0,0,0,64,14,0,0,0,YNGTOWN ST,1,0,0,0,-2,1,0,73.6,-2,72.2,0,353,17,0,0,0,79.2,6,1,0,,1,0,0
174141,Laurence Sullivan Jr.,S,1,0,,0,0,0,NICHOLLS,2,D00,46,14,0,1,1,2026,0,80.3,0,0,89.7,0,1,21,0,0,0,70.3,0,1,0,0,NICHOLLS,0,0,1,0,,24,0,89.9,,77.4,0,243,46,0,0,0,0,24,0,1,64.5,8,0,0
174172,Ashton Paine,S,0,0,,0,0,,S DAKOTA,1,D07,5,0,0,0,1,2028,0,76.2,0,0,61,0,0,2,0,0,0,60,0,0,0,0,S DAKOTA,0,0,0,0,,0,0,63.7,,67.5,0,291,5,0,0,0,0,3,0,0,,5,0,0
174331,Shamir Boyd,DI,0,0,,0,0,,TOWSON,0,D40,0,0,0,12,1,2028,44,69.7,0,0,,0,0,0,2,28,0,58.6,0,0,0,0,TOWSON,0,0,0,0,,0,0,58.7,,78.6,0,317,44,0,14,0,0,32,0,1,57.7,0,0,0
174340,Kaven Call,ED,0,0,,0,0,,E TENN ST,0,D03,0,0,0,16,1,2028,29,,0,0,59.9,2,0,2,11,0,0,64,0,0,0,0,E TENN ST,0,0,2,0,,0,,61.3,,75.6,0,157,29,0,0,0,0,11,0,0,57.5,0,0,18
174368,Miles Gilmore,S,0,0,,0,0,,ALAB A&M,0,D39,4,4,0,0,1,2030,0,,0,0,60.7,0,0,2,0,0,0,60,0,0,0,0,ALAB A&M,0,0,0,0,,0,,52.1,,64.3,0,104,4,0,0,0,0,2,0,0,,0,0,0
174379,Lynn Pettway,S,0,0,,0,0,,ALAB A&M,0,D06,12,9,0,0,1,2026,0,,0,0,61.7,0,0,3,0,0,0,55.5,0,0,0,0,ALAB A&M,0,0,0,0,,2,,57.6,,68.7,0,104,12,0,0,0,0,9,0,0,,1,0,0
174390,Tervae Williams,ED,0,0,,0,0,,ALAB A&M,0,D18,0,0,0,4,1,2026,13,,0,0,,0,0,0,0,0,0,37.7,0,0,0,0,ALAB A&M,0,0,0,0,,0,,36.1,,75,0,104,13,0,0,0,0,9,0,0,57.2,0,0,13
174392,Jalen Wright,LB,2,0,,0,0,100,ALAB A&M,6,D52,44,38,0,1,1,2027,2,83.5,17,2,62.2,0,0,22,0,0,0,87.5,0,0,0,0,ALAB A&M,4,0,0,0,16,6,0,77.7,8.5,74.2,0,104,46,18,0,0,141.7,23,1,3,60,0,1,2
174410,Jaylin Crumby,S,1,0,,0,0,100,N DAK ST,1,D06,21,3,0,1,1,2029,0,74.8,17,1,55.9,0,0,13,0,0,0,63.6,0,0,0,0,N DAK ST,1,0,0,0,17,4,0,63.2,17,74.7,0,250,21,0,0,0,158.3,7,0,0,64.4,14,1,0
174412,Jailen Duffie,CB,2,0,,0,0,0,N DAK ST,1,D02,29,1,0,2,1,2028,7,73.5,0,0,70.6,0,0,19,0,0,0,68.6,27,0,0,0,N DAK ST,1,0,0,0,,0,0,71.2,,78.1,0,250,36,0,0,0,39.6,15,0,0,56.4,1,0,7
174416,Victor Isele,ED,0,0,,0,0,,N DAK ST,1,D97,0,0,0,3,1,2029,7,71.1,0,0,,0,0,0,1,0,0,66.2,0,0,0,0,N DAK ST,1,0,0,0,,0,0,66.2,,70.7,0,250,7,0,0,0,0,4,0,0,57.6,0,0,6
174434,Keenan Wilson,DI,0,0,,0,3,,N DAK ST,0,D58,0,0,0,19,1,2029,33,19,0,0,,5,0,0,1,1,0,65.6,0,0,0,0,N DAK ST,0,0,5,0,,0,100,61.1,,74.8,0,250,33,0,31,0,0,14,0,0,55.5,0,0,0
174437,Jason Briones,LB,0,0,,0,0,,PRESBYTERN,1,D45,7,6,0,0,1,2026,0,,0,0,60,0,0,1,0,0,0,59.2,0,0,0,0,PRESBYTERN,0,0,0,0,,0,0,60.2,,97.3,0,271,7,0,0,0,0,6,0,0,,0,0,0
174445,Robert Porter,DI,0,0,,0,1,,PRESBYTERN,3,D99,0,0,2,12,1,2026,48,47.8,0,0,,1,0,0,0,21,0,65.5,0,0,0,0,PRESBYTERN,4,0,3,0,,0,16.7,70.5,,77.9,0,271,48,0,27,0,0,36,0,2,73.8,0,0,0
174447,Carter Szydlowski,ED,0,0,,0,0,,PRESBYTERN,4,D09,0,0,0,15,1,2028,49,77.7,0,0,,0,0,0,8,0,0,70.4,0,1,0,0,PRESBYTERN,3,0,1,0,,0,0,71,,78.8,0,271,49,0,8,0,0,34,1,2,63.8,0,0,33
174452,Okey Egbuziem,DI,0,0,,0,0,,ROB MORRIS,3,D99,0,0,0,23,1,2027,44,72.2,0,0,60,0,0,0,0,36,0,58.4,0,0,0,0,ROB MORRIS,1,0,0,0,,0,0,59.7,,79.3,0,277,44,0,8,0,0,21,1,0,59.3,0,0,0
174455,Amir Anderson,S,0,0,,0,0,,DELWARE ST,0,D26,1,0,0,0,1,2026,0,,0,0,,0,0,0,0,0,0,60,0,0,0,0,DELWARE ST,0,0,0,0,,0,,60,,63.1,0,152,1,0,0,0,0,1,0,0,,1,0,0
174462,Christian Garrett,S,0,0,,0,0,,DELWARE ST,1,D11,37,8,0,1,1,2028,0,72.5,0,0,72.7,0,0,25,0,0,0,64.1,0,0,0,0,DELWARE ST,0,0,0,0,,9,0,72,,76.1,0,152,37,0,0,1,0,11,0,0,59.2,20,0,0
174472,Cameron Wright,LB,0,0,,0,0,,DELWARE ST,0,D17,1,1,0,1,1,2026,0,,0,0,,0,0,0,0,0,0,,0,0,0,0,DELWARE ST,0,0,0,0,,0,,59.3,,64.2,0,152,1,0,0,0,0,0,0,0,59.2,0,0,0
174509,Joe Cadette,DI,0,0,,0,0,,INCAR WORD,2,D14,1,0,0,16,1,2026,28,70.6,0,0,59.2,2,0,1,5,0,0,75.5,0,0,0,0,INCAR WORD,2,0,2,0,,0,0,69.9,,73.8,0,189,29,0,23,0,0,12,2,0,60.9,0,0,0
174518,Tausagafou Ho Ching,DI,0,0,,0,0,,N ARIZONA,2,D44,0,0,0,38,1,2026,53,72.8,0,0,,2,0,0,8,26,0,68.4,0,0,0,0,N ARIZONA,2,0,2,0,,0,0,68.1,,77.4,0,252,53,0,19,0,0,15,1,0,63.2,0,0,0
174519,Andrew Huff,ED,0,0,,0,0,,LAMAR,1,D14,6,4,1,14,1,2029,29,74.7,0,0,71,0,0,6,0,0,0,68.9,0,0,0,0,LAMAR,1,0,1,0,,2,0,71.6,,78.5,0,204,35,0,0,0,0,15,1,0,60.6,0,0,29
174524,Khalil Peart,LB,0,0,,0,0,,HOUCHR,0,D49,1,1,0,0,1,2028,0,,0,0,,0,0,0,0,0,0,60,0,0,0,0,HOUCHR,0,0,0,0,,0,,60,,64.1,0,183,1,0,0,0,0,1,0,0,,0,0,0
174537,Dontay Bishop,DI,0,0,,0,0,,RHODE ISLD,0,D56,1,1,1,18,1,2028,27,72.4,0,0,,0,0,0,0,13,0,67.1,0,0,0,0,RHODE ISLD,1,0,1,0,,0,0,70.4,,77.4,0,274,28,0,14,0,0,10,0,1,66.4,0,0,0
174539,Freddie Camp,S,0,0,,0,0,,WAGNER,0,D05,1,0,0,0,1,2028,0,,0,0,,0,0,0,0,0,0,60,0,0,0,0,WAGNER,0,0,0,0,,0,,60,,60,0,338,1,0,0,0,0,1,0,0,,0,0,0
174540,Patrick Conserve,DI,0,0,,0,0,,RHODE ISLD,2,D51,1,1,0,22,1,2028,45,74.1,0,0,60,1,0,0,5,12,0,65.5,0,0,0,0,RHODE ISLD,1,0,1,0,,0,0,69.6,,76.7,0,274,46,0,26,0,0,24,0,1,67.6,0,0,2
174542,D.J. Cureton,S,3,0,,0,0,66.7,RHODE ISLD,4,D19,57,13,0,1,1,2028,1,81.2,27,2,77.1,0,1,32,0,0,0,67.3,0,0,0,0,RHODE ISLD,0,0,0,0,15,2,0,75.4,13.5,77.5,0,274,58,3,0,1,55.6,25,0,0,60,42,0,1
174545,Mitchell Garner,ED,0,0,,0,1,,RHODE ISLD,2,D44,9,5,0,21,1,2028,49,59.8,0,0,51.4,1,0,10,0,0,0,57,0,1,0,1,RHODE ISLD,1,0,2,0,,4,25,57.6,,81,0,274,58,0,0,0,0,27,0,1,65,0,0,49
174550,Case Mankins,DI,0,0,,0,0,,RHODE ISLD,6,D97,0,0,0,41,1,2028,77,78,0,0,,1,0,0,18,1,0,81.6,0,0,0,0,RHODE ISLD,5,0,1,0,,0,0,75.7,,78.8,0,274,77,0,31,0,0,36,0,1,59.9,0,0,27
174551,Ethan McCann-Carter,CB,0,0,,0,1,,RHODE ISLD,0,D35,7,1,0,0,1,2028,0,21.4,0,0,60.9,0,0,2,0,0,0,45.4,0,0,0,0,RHODE ISLD,0,0,0,0,,6,100,49.5,,69.9,0,274,7,0,0,0,0,5,0,0,,0,0,0
174553,Moses Meus,LB,4,0,,0,2,100,RHODE ISLD,4,D53,73,67,0,16,1,2028,8,51.3,96,4,39.3,5,0,29,0,0,0,54.4,0,1,0,0,RHODE ISLD,2,0,6,0,59,6,18.2,53.4,24,77.9,0,274,81,65,0,0,118.8,36,0,5,87.5,0,0,8
174570,Idris King,ED,0,0,,0,1,,TENN TECH,0,D13,0,0,0,26,1,2028,36,23.1,0,0,60,1,0,1,7,0,0,61.9,0,1,0,0,TENN TECH,0,0,2,0,,0,100,54.4,,77.1,0,309,36,0,0,0,0,9,0,0,51.8,0,0,29
174578,Jeremiah Sandiford,DI,0,0,,0,0,,TENN TECH,1,D15,0,0,0,22,1,2028,31,69.7,0,0,,1,0,0,0,11,0,71.6,0,0,0,0,TENN TECH,1,0,1,0,,0,0,67.6,,75.7,0,309,31,0,20,0,0,9,0,0,59.1,0,0,0
174581,Eric Taylor,S,2,0,,0,0,100,TENN TECH,4,D12,36,4,0,0,1,2028,0,81.7,17,2,69.3,0,0,30,0,0,0,63.2,1,0,0,0,TENN TECH,1,0,0,0,10,23,0,69.9,8.5,77.1,0,309,36,5,0,0,102.1,6,0,1,,8,0,0
174592,Tramar Gilbert,S,1,0,,0,0,100,TXAMEA,1,D00,5,1,0,0,1,2029,0,75.1,13,1,44.6,0,0,4,0,0,0,62,0,0,0,0,TXAMEA,1,0,0,0,13,4,0,49.4,13,69,0,1139,5,0,0,0,158.3,1,0,0,,0,1,0
174615,Mayo Bola,DI,0,0,,0,1,,W ILLINOIS,1,D07,0,0,0,19,1,2026,42,44.3,0,0,,2,0,0,0,36,0,71.1,0,0,0,0,W ILLINOIS,1,0,2,0,,0,25,68.1,,77.9,0,345,42,0,6,0,0,23,0,2,57.6,0,0,0
174652,Tay'Shawn Wilson,CB,1,0,,0,0,0,PRVIEW A&M,0,D19,15,0,0,0,1,2028,0,,0,0,70.3,0,0,13,0,0,0,60,15,0,0,0,PRVIEW A&M,0,0,0,0,,0,,70.9,,72.4,0,270,15,0,0,0,39.6,2,0,0,,0,0,0
174770,Maka Tu'Akoi,ED,0,0,,0,1,,IDAHO ST,2,D10,1,1,0,14,1,2027,24,29.1,0,0,60,0,0,0,4,0,0,56.8,0,1,0,0,IDAHO ST,2,0,1,0,,0,33.3,55.2,,76.5,0,186,25,0,3,0,0,11,0,0,54.1,0,0,17
174839,Dre Delinois,LB,1,0,,0,0,100,E TENN ST,1,D33,22,20,0,1,1,2028,1,78.3,0,1,78.5,0,0,11,0,0,0,51.4,0,0,0,0,E TENN ST,1,0,0,0,0,2,0,69.7,0,72.4,0,157,23,1,0,0,79.2,11,0,2,59.3,0,0,1
174847,Brenden LeBlanc,DI,0,0,,0,0,,E TENN ST,0,D91,0,0,0,15,1,2028,28,,0,0,,0,0,0,0,19,0,64,0,0,0,0,E TENN ST,0,0,0,0,,0,,65.3,,76.1,0,157,28,0,9,0,0,13,0,0,62.4,0,0,0
174892,Gustavo Bravo,DI,0,0,,0,0,,BRYANT,0,D98,0,0,0,0,1,2028,1,,0,0,,0,0,0,0,0,0,60,0,0,0,0,BRYANT,0,0,0,0,,0,,60,,64.4,0,124,1,0,1,0,0,1,0,0,,0,0,0
174909,Nathan LaPlante,DI,0,0,,0,1,,BRYANT,0,D92,0,0,0,8,1,2028,17,16.2,0,0,,0,0,0,2,3,0,43.9,0,0,0,0,BRYANT,0,0,0,0,,0,100,47.2,,72.6,0,124,17,0,12,0,0,9,0,0,62.2,0,0,0
174920,Marquis Bell,CB,3,0,,0,1,66.7,UC DAVIS,4,D18,30,1,0,0,1,2028,0,59.2,18,2,64.7,0,0,21,0,0,0,64.2,27,0,0,0,UC DAVIS,0,0,0,0,9,1,20,65.8,9,75,0,322,30,15,0,0,82.6,9,0,0,,1,0,0
174937,Barrett Newman,LB,0,0,,0,0,,NWSTATE,3,D15,11,11,0,0,1,2028,0,78.5,0,0,61.2,0,0,3,0,0,0,69.6,0,0,0,0,NWSTATE,2,0,0,0,,0,0,71.3,,69.5,0,257,11,0,0,0,0,8,0,0,,0,0,0
174959,Landon Heard,S,2,0,,0,0,0,BROWN,5,D42,31,8,0,0,1,2028,0,83.6,0,0,66,0,0,13,0,0,0,76.3,0,0,1,0,BROWN,2,0,0,0,,0,0,66.8,,0,0,123,31,0,0,0,39.6,18,0,1,,22,0,0
174991,Cahari Haynes,LB,2,0,,0,0,50,GARD-WEBB,3,D24,40,35,0,0,1,2028,3,77.6,1,1,65,0,0,23,0,0,0,65.3,0,0,0,0,GARD-WEBB,1,0,0,0,1,5,0,66.8,1,75.1,0,171,43,8,0,0,56.3,20,0,0,,0,0,3
174992,Jason Hertz,DI,0,0,,0,0,,CHARLES SO,1,D56,0,0,0,10,1,2028,29,70.1,0,0,,0,0,0,0,13,0,70.3,0,0,0,0,CHARLES SO,1,0,0,0,,0,0,69.1,,75.3,0,135,29,0,16,0,0,19,0,0,58,0,0,0
175066,Ke'Vion Wellington,DI,0,0,,0,0,,MERCER,0,D98,0,0,0,7,1,2028,15,,0,0,,0,0,0,0,0,0,61.6,0,0,0,0,MERCER,0,0,0,0,,0,,59.1,,74.4,0,219,15,0,0,0,0,8,0,0,55.8,0,0,15
175074,Ryder Bordner,LB,0,0,,0,0,,IDAHO,4,D42,10,8,0,3,1,2028,2,80.7,0,0,71.7,0,0,2,0,0,0,78.5,0,0,0,0,IDAHO,3,0,0,0,,2,0,83.6,,70.7,0,185,12,0,0,0,0,7,1,1,64.6,0,0,2
175090,Hayden John,S,3,0,,0,0,66.7,IDAHO,1,D01,36,11,0,1,1,2028,2,79.5,14,2,79.2,0,0,20,0,0,0,67.8,0,0,0,0,IDAHO,1,0,0,0,11,14,0,78.6,7,76.3,0,185,38,22,0,1,77.1,17,0,1,60,11,0,2
175100,Matyus McLain,ED,0,0,,0,1,,IDAHO,2,D89,10,6,0,16,1,2028,25,50.5,0,0,60,1,0,1,1,0,0,82.4,0,2,0,0,IDAHO,1,0,3,0,,4,25,76.5,,79.2,0,185,35,0,6,0,0,18,0,1,61.9,0,0,18
175101,Trevor Miller,ED,0,0,,0,0,,IDAHO,0,D99,0,0,0,1,1,2027,7,,0,0,,0,0,0,6,0,0,65.5,0,0,0,0,IDAHO,0,0,0,0,,0,,67.4,,69.6,0,185,7,0,0,0,0,6,0,0,60,0,0,1
175105,Brayden Rice,S,1,0,,0,0,0,IDAHO,2,D19,29,2,0,1,1,2028,1,77.7,0,0,65.8,0,0,16,0,0,0,67,0,0,0,0,IDAHO,0,0,0,0,,5,0,67.4,,76.8,0,185,30,0,0,0,39.6,13,0,0,59.7,22,0,1
175126,Adonijah Richards,CB,3,0,,0,1,66.7,IDAHO ST,4,D02,57,4,0,0,1,2027,1,53.6,23,2,60.8,0,0,27,0,0,0,59.5,52,0,0,0,IDAHO ST,1,0,0,0,12,1,20,60.7,11.5,76.5,0,186,58,9,0,0,89.6,31,0,0,,0,0,1
175131,Mason Young,S,0,0,,0,1,,IDAHO ST,2,D22,24,17,0,0,1,2026,0,58.9,0,0,75,0,0,11,0,0,0,55.8,0,0,0,0,IDAHO ST,1,0,0,0,,6,16.7,69.4,,70.8,0,186,24,0,0,0,0,13,0,3,,1,0,0
175165,Tommy Ziesmer,DI,0,0,,0,0,,E KENTUCKY,2,D00,0,0,0,23,1,2028,54,74.7,0,0,,0,0,0,0,51,0,66.5,0,0,0,0,E KENTUCKY,2,0,0,0,,0,0,64.6,,79.4,0,159,54,0,3,0,0,31,0,2,56.7,0,0,0
175192,Demoris Jenkins,ED,0,0,,0,0,,AUSTINPEAY,0,D11,1,0,0,24,1,2028,31,,0,0,,0,0,0,2,0,0,63.4,0,0,0,0,AUSTINPEAY,0,0,0,0,,1,,60.1,,77.1,0,116,32,0,1,0,0,8,0,0,57.1,0,0,28
175205,Greg Turner III,LB,0,0,,0,0,,TENN TECH,2,D21,18,17,0,3,1,2028,2,77.2,0,0,62.8,1,0,11,0,0,0,72.1,0,0,0,0,TENN TECH,1,0,1,0,,1,0,72.1,,74,0,309,20,0,0,0,0,6,1,0,64.3,0,0,2
175210,Logan Wright,DI,0,0,,0,0,,CAMPBELL,0,D99,0,0,0,10,1,2028,20,,0,0,,0,0,0,0,12,0,64.2,0,0,0,0,CAMPBELL,0,0,0,0,,0,,62.4,,76.2,0,131,20,0,8,0,0,10,0,0,56.8,0,0,0
175410,Antonio Camon,ED,0,0,,0,0,,FL A&M,2,D18,2,2,0,10,1,2029,22,74.7,0,0,,1,0,0,2,0,0,48.6,0,0,0,0,FL A&M,2,0,1,0,,0,0,51.2,,75.8,0,164,24,0,5,0,0,14,0,0,60.8,0,0,15
175420,Montravius Lloyd,LB,3,0,,0,1,66.7,BETH COOK,0,D14,15,13,0,0,1,2028,0,27.5,26,2,40.9,0,0,13,0,0,0,60.3,0,0,0,0,BETH COOK,0,0,0,0,18,2,50,39.6,13,70.7,0,119,15,17,0,0,93.8,2,0,1,,0,0,0
175475,Leslie Black,DI,0,0,,0,0,,W GEORGIA,0,D96,0,0,0,9,1,2028,24,,0,0,,0,0,0,0,7,0,65.2,0,0,0,0,W GEORGIA,0,0,0,0,,0,,68,,75.2,0,1177,24,0,17,0,0,15,0,0,65.5,0,0,0
175534,A.J. Tisdell,CB,10,0,,0,0,90,INCAR WORD,10,D08,56,2,0,0,1,2028,0,84.7,65,9,57.4,0,0,32,0,0,0,64.6,52,0,1,0,INCAR WORD,3,1,0,0,20,1,0,58.6,7.2,77.3,0,189,56,8,0,0,127.1,24,0,0,,0,1,0
175644,Joey Lightfoot,DI,0,0,,0,0,,NICHOLLS,1,D99,0,0,0,16,1,2028,35,70.2,0,0,,0,0,0,3,4,0,55.6,0,0,0,0,NICHOLLS,1,0,0,0,,0,0,55.2,,75.3,0,243,35,0,27,0,0,19,0,0,56.5,0,0,1
175690,Hudson Voggesser,LB,2,0,,0,1,100,N COLORADO,6,D54,52,51,0,5,1,2029,6,63.5,17,2,60.1,0,0,24,0,0,0,66.1,1,0,0,0,N COLORADO,3,0,0,0,11,0,11.1,63.3,8.5,77.6,0,253,58,9,0,0,102.1,29,1,2,55.9,0,0,6
175737,Kam Robinson,LB,0,0,,0,0,,ARKAPB,0,D57,0,0,0,0,1,2026,1,,0,0,,0,0,0,0,0,0,60,0,0,0,0,ARKAPB,0,0,0,0,,0,,55,,66,0,112,1,0,0,0,0,1,0,0,,0,0,1
175788,Brian Bates Jr.,LB,2,0,,0,3,50,DELWARE ST,3,D04,45,45,0,2,1,2028,2,25.8,6,1,66.4,0,0,23,0,0,0,34.7,0,0,0,0,DELWARE ST,1,0,0,0,6,0,50,49,6,77.3,0,152,47,3,0,0,56.3,22,1,0,57.8,0,0,2
175804,Javon Gillespie,CB,12,0,,0,0,50,TXAMEA,4,D07,86,8,0,0,1,2028,2,79.8,76,6,69.5,0,2,48,0,0,0,58.6,77,0,0,0,TXAMEA,1,0,0,0,38,1,0,68.4,12.7,78.2,0,1139,88,20,0,1,58.3,40,0,0,,0,1,2
175809,Spencer Kishbaugh,LB,2,0,,0,0,100,MONMOUTH,2,D27,31,28,0,2,1,2028,0,76.1,35,2,40.1,1,0,13,0,0,0,71.4,0,1,0,0,MONMOUTH,1,0,2,0,20,3,0,54.1,17.5,73.5,0,231,31,25,0,0,118.8,16,0,0,66.4,0,0,0
175820,Farradj Titikpina,DI,0,0,,0,0,,MAINE,1,D99,0,0,0,3,1,2028,7,70.2,0,0,,1,0,0,0,3,0,66.4,0,0,0,0,MAINE,1,0,1,0,,0,0,73.3,,71.7,0,212,7,0,4,0,0,4,0,0,66.8,0,0,0
175846,Emauri Sibley,LB,3,0,,0,1,100,MCNEESE,2,D06,56,40,0,4,1,2028,5,61.2,25,3,47.5,0,0,17,0,0,0,80.1,7,1,1,0,MCNEESE,0,0,1,0,13,9,20,60.9,8.3,0,0,217,61,19,0,0,101.4,40,0,2,56.3,0,0,5
175885,Sebastian Vargas,CB,1,0,,0,0,0,S ILLINOIS,1,D07,10,0,0,0,1,2028,0,73.5,0,0,65.6,0,0,8,0,0,0,60,10,0,0,0,S ILLINOIS,0,0,0,0,,0,0,66.2,,70.8,0,295,10,0,0,0,39.6,2,0,0,,0,0,0
175965,Ronan Poynton,LB,0,0,,0,0,,DRAKE,0,D40,0,0,0,0,1,2028,1,,0,0,,0,0,0,0,0,0,60,0,0,0,0,DRAKE,0,0,0,0,,0,,60,,66,0,153,1,0,0,0,0,1,0,0,,0,0,1
175966,Johnny Schmitt,S,0,0,,0,0,,S ILLINOIS,0,D12,12,5,0,0,1,2029,0,,0,0,62.7,0,0,10,0,0,0,60,0,0,0,0,S ILLINOIS,0,0,0,0,,0,,62.8,,72.1,0,295,12,0,0,0,0,2,0,0,,7,0,0
175996,Stephon Hicks,LB,0,0,,0,0,,WM & MARY,0,D39,4,3,0,0,1,2029,0,,0,0,61.9,0,0,4,0,0,0,,0,0,0,0,WM & MARY,0,0,0,0,,1,,63.1,,69.9,0,348,4,0,0,0,0,0,0,0,,0,0,0
176020,Ty Gordon,DI,0,0,,0,0,,WM & MARY,2,D09,1,1,0,23,1,2029,47,73.9,0,0,,1,0,0,14,4,0,73.1,0,0,0,0,WM & MARY,2,0,1,0,,0,0,73.2,,77.5,0,348,48,0,14,0,0,25,0,0,65.2,0,0,15
176065,Demarcus Rankin,CB,0,0,,0,0,,LAMAR,0,D08,13,2,0,0,1,2026,0,,0,0,64.2,0,0,9,0,0,0,60.4,10,0,0,0,LAMAR,0,0,0,0,,0,,64.8,,70.9,0,204,13,0,0,0,0,4,0,0,,1,0,0
176125,Marion Ponds,CB,3,0,,0,2,66.7,MURRAY ST,6,D07,60,2,0,2,1,2026,1,81.1,14,2,63,1,0,29,0,0,0,56.8,56,0,1,0,MURRAY ST,3,0,1,0,14,2,25,60.4,7,0,0,236,61,11,0,0,77.1,30,0,0,72,0,0,1
176204,Donovan Grayson,ED,0,0,,0,0,,SAMFORD,4,D88,0,0,1,14,1,2028,37,79.1,0,0,60,0,0,1,0,0,0,74.4,0,0,0,0,SAMFORD,5,0,1,0,,0,0,74.6,,79,0,282,37,0,0,0,0,22,1,0,64.4,0,0,37
176216,Gabe Tahir,CB,0,0,,0,0,,IDAHO ST,0,D01,3,0,0,0,1,2029,0,,0,0,61.4,0,0,2,0,0,0,60,3,0,0,0,IDAHO ST,0,0,0,0,,0,,62.2,,67,0,186,3,0,0,0,0,1,0,0,,0,0,0
176256,Chavaris Dumas,CB,1,0,,0,0,100,MURRAY ST,0,D20,10,1,0,0,1,2028,0,73.5,2,1,52.2,0,0,2,0,0,0,64.3,9,0,0,0,MURRAY ST,0,0,0,0,2,0,0,52.8,2,70.4,0,236,10,0,0,0,118.8,8,0,1,,0,1,0
176305,Marius Landsfeld,DI,0,0,,0,0,,MERCER,2,D94,0,0,0,9,1,2028,18,73.6,0,0,,1,0,0,0,0,0,77.6,0,0,0,0,MERCER,2,0,1,0,,0,0,77.6,,73,0,219,18,0,18,0,0,9,0,1,62.2,0,0,0
176370,CJ Davis,S,1,0,,0,0,100,INDIANA ST,1,D07,32,9,0,2,1,2028,3,74.3,23,1,54.9,0,0,16,0,0,0,44.9,0,0,0,0,INDIANA ST,0,0,0,0,23,20,0,49.6,23,76.3,0,191,35,7,0,0,118.8,17,0,0,60,3,0,3
176384,Ryan Sissel,LB,0,0,,0,1,,MOREHEAD,0,D44,0,0,0,1,1,2028,4,24.9,0,0,,0,0,0,0,0,0,56.4,0,0,0,0,MOREHEAD,0,0,0,0,,0,100,47.2,,70.6,0,234,4,0,0,0,0,3,0,0,59.9,0,0,4
176424,Jacob Johnson,LB,0,0,,0,0,,SAMFORD,1,D48,9,8,1,2,1,2029,2,75.8,0,0,,0,0,0,0,0,0,57.1,0,0,0,0,SAMFORD,0,0,1,0,,1,0,64.1,,71.9,0,282,11,0,0,0,0,9,0,0,69.4,0,0,2
176492,Corey Lucius,LB,1,0,,0,0,100,ALABAMA ST,2,D13,15,11,2,5,1,2028,3,79.1,6,1,64.1,0,0,5,0,0,0,61.8,0,0,0,0,ALABAMA ST,2,0,2,0,6,4,0,72.4,6,71.4,0,105,18,3,0,0,91.7,8,1,0,74.2,0,0,3
176658,Bobby Piland Jr.,DI,0,0,,0,0,,CAL POLY,3,D90,0,0,0,18,1,2028,41,73.7,0,0,,0,0,0,0,17,0,66.7,0,0,0,0,CAL POLY,3,0,0,0,,0,0,64.2,,77,0,129,41,0,24,0,0,23,0,0,56,0,0,0
176728,Jyheam Ingram,DI,0,0,,0,1,,N ALABAMA,0,D44,0,0,0,28,1,2028,37,29.6,0,0,,2,0,0,3,16,1,70.9,0,0,1,0,N ALABAMA,0,0,2,0,,0,50,61.4,,0,0,389,37,0,17,0,0,9,0,1,60.4,0,0,1
176737,John Sualla Jr.,DI,0,0,,0,0,,NEWHVN,1,D98,0,0,0,16,1,2028,50,72.4,0,0,,0,0,0,0,36,0,57.3,0,0,0,0,NEWHVN,1,0,0,0,,0,0,57.4,,78,0,1013,50,0,14,0,0,34,0,1,57.2,0,0,0
176753,Isaac Redford,S,0,0,,0,0,,E WASHGTON,0,D27,4,1,0,0,1,2029,0,,0,0,60.5,0,0,2,0,0,0,60,0,0,0,0,E WASHGTON,0,0,0,0,,0,,60.8,,66.7,0,161,4,0,0,0,0,2,0,0,,3,0,0
176763,JJ Dolan,S,0,0,,0,0,,MONTANA ST,2,D29,21,3,0,0,1,2028,0,79,0,0,77,0,0,17,0,0,0,60,1,0,0,0,MONTANA ST,2,0,0,0,,11,0,77.1,,74.2,0,233,21,0,0,0,0,4,0,0,,6,0,0
176765,Tayden Gray,S,8,0,,0,0,75,MONTANA ST,3,D07,40,9,0,0,1,2028,0,81.3,74,6,48.4,0,0,26,0,0,0,73,0,0,0,0,MONTANA ST,1,0,0,0,36,31,0,53.9,12.3,76.5,0,233,40,21,0,0,103.1,14,0,2,,0,0,0
176766,Bryce Grebe,LB,3,0,,0,0,66.7,MONTANA ST,3,D10,39,33,0,4,1,2028,0,78.3,4,2,71.5,0,0,25,0,0,0,57.2,0,0,0,0,MONTANA ST,3,0,0,0,6,6,0,70,2,74.6,0,233,39,8,0,0,70.1,10,1,0,64.4,0,0,0
176772,Talon Marsh,DI,0,0,,0,0,,MONTANA ST,1,D99,0,0,0,9,1,2028,12,70.2,0,0,61.8,1,0,0,1,0,0,61.6,0,0,0,0,MONTANA ST,1,0,1,0,,0,0,69.2,,72,0,233,12,0,11,0,0,3,0,0,61.2,0,0,0
176777,Hunter Sharbono,DI,0,0,,0,0,,MONTANA ST,0,D90,0,0,0,4,1,2028,6,,0,0,,0,0,0,1,0,0,56.9,0,0,0,0,MONTANA ST,0,0,0,0,,0,,51.2,,69.4,0,233,6,0,5,0,0,2,0,0,57.6,0,0,0
176779,Cole Taylor,LB,5,0,,0,0,80,MONTANA ST,2,D34,34,22,0,3,1,2028,1,77.6,33,4,81.9,1,1,25,0,0,0,67.4,0,1,1,0,MONTANA ST,1,0,2,0,19,12,0,78.6,8.3,0,0,233,35,27,0,0,54.6,7,0,0,65.6,0,0,1
176807,Dominic Butts,ED,0,0,,0,1,,N COLORADO,4,D53,0,0,0,17,1,2028,41,60.7,0,0,,2,0,0,3,0,0,61.7,0,2,0,0,N COLORADO,4,0,4,0,,0,16.7,67.6,,78.5,0,253,41,0,0,0,0,24,1,1,70.8,0,0,38
176816,Zach Nowatzke,LB,6,0,,0,0,66.7,N COLORADO,6,D42,44,40,0,4,1,2026,10,83.1,70,4,27.5,1,0,21,0,0,0,51.8,1,0,0,0,N COLORADO,0,0,1,0,24,3,0,29.4,17.5,78.6,0,253,54,29,0,0,145.8,29,0,4,57.6,0,2,10
176828,Isaiah Green,S,1,0,,0,3,100,PORTLAND,6,D04,45,25,0,1,1,2030,0,33.5,11,1,40.5,0,0,26,0,0,0,59.2,0,0,0,0,PORTLAND,0,0,0,0,11,3,33.3,45.9,11,74,0,269,45,0,0,0,112.5,18,0,0,60,17,0,0
176833,J'Querian Ladson,DI,0,0,,0,0,,PORTLAND,0,D95,0,0,0,11,1,2026,14,70.1,0,0,,0,0,0,0,10,0,66.4,0,0,0,0,PORTLAND,0,0,0,0,,0,0,63.6,,74.3,0,269,14,0,4,0,0,3,0,1,55.6,0,0,0
176834,Frederick Lujan III,DI,0,0,,0,1,,IDAHO,0,D97,0,0,0,14,1,2028,17,24.9,0,0,,1,0,0,9,0,0,60.4,0,0,0,0,IDAHO,0,0,1,0,,0,100,50.8,,73.2,0,185,17,0,5,0,0,3,0,0,49.4,0,0,3
176843,Nick Afato,LB,1,0,,0,0,100,UC DAVIS,0,D44,8,5,0,0,1,2028,0,,1,1,63.2,0,0,4,0,0,0,61.1,0,0,0,0,UC DAVIS,0,0,0,0,1,3,,64.9,1,67.8,0,322,8,0,0,0,79.2,4,0,0,,0,0,0
176845,Trent Carrade,DI,0,0,,1,0,,UC DAVIS,2,D90,0,0,1,33,1,2028,45,74.9,0,0,,0,0,0,8,3,0,58.4,0,0,0,0,UC DAVIS,2,0,1,0,,0,0,64.4,,76.1,0,322,45,0,28,0,0,12,0,1,65.7,0,0,6
176850,Sam Goligoski,ED,3,0,,0,0,100,UC DAVIS,3,D31,5,5,2,31,1,2028,45,80.8,15,3,87.5,0,0,9,0,0,0,49.4,0,1,0,0,UC DAVIS,4,0,3,0,10,0,0,87.8,5,80.8,0,322,50,13,0,0,87.5,10,0,1,83.7,0,0,45
176870,Raymond Macias,DI,0,0,,0,0,,CAMPBELL,0,D09,0,0,0,12,1,2029,26,70.2,0,0,,0,0,0,0,14,0,64.6,0,0,1,0,CAMPBELL,0,0,0,0,,0,0,55.7,,0,0,131,26,0,12,0,0,14,0,2,57,0,0,0
176884,Jojo Pace,S,1,0,,0,0,100,CAMPBELL,2,D08,35,15,0,0,1,2026,0,79.3,5,1,66.1,0,0,19,0,0,0,67.7,0,0,0,0,CAMPBELL,1,0,0,0,5,4,0,68.1,5,75.6,0,131,35,2,0,0,87.5,16,0,1,,16,0,0
176891,Wendell McClain,S,6,0,,0,0,100,GARD-WEBB,7,D00,63,34,0,0,1,2026,0,85.9,36,6,63.8,0,0,34,0,0,0,74.2,0,0,0,0,GARD-WEBB,3,0,0,0,10,27,0,67.8,6,78.1,0,171,63,17,0,0,131.3,29,1,2,,2,1,0
176895,Cornelius Davis Jr.,S,1,0,,0,1,100,PRVIEW A&M,1,D30,10,2,0,1,1,2028,0,44.6,8,1,53.8,1,0,8,0,0,0,60,0,0,0,0,PRVIEW A&M,0,0,1,0,8,2,50,49.5,8,71.1,0,270,10,3,0,0,100,1,0,0,48.1,6,0,0
176896,A'mari Wilson,ED,1,0,,0,0,100,CAMPBELL,3,D10,0,0,1,13,1,2028,27,76.2,12,1,60,0,0,0,0,1,0,70.9,0,0,0,0,CAMPBELL,3,0,1,0,12,0,0,63.4,12,76.5,0,131,27,-1,0,0,116.7,14,0,0,61.8,0,0,26
176901,Cedric Carter,ED,0,0,,0,0,,MERCYHURST,0,D19,0,0,0,11,1,2026,27,75.2,0,0,,0,0,0,13,0,0,57.5,0,0,0,0,MERCYHURST,0,0,0,0,,0,0,55.5,,74.8,0,977,27,0,1,0,0,16,0,3,54.5,0,0,13
176904,Dillon Dunathan,LB,1,0,,0,1,100,ALBANY,5,D41,58,58,0,1,1,2029,1,72.9,7,1,65.5,0,0,21,0,0,0,84.1,0,0,0,0,ALBANY,2,0,0,0,7,0,10,80.3,7,76.8,0,106,59,11,0,0,95.8,37,1,4,59.4,0,0,1
176920,Asher Cunningham,LB,2,0,,0,0,50,ELON,5,D06,62,57,0,1,1,2029,2,80.4,14,1,57.8,0,0,33,0,0,0,73.3,1,0,0,0,ELON,3,0,0,0,14,4,0,65.6,14,75.9,0,162,64,10,0,0,112.5,30,0,0,59.2,0,1,2
176921,Brennan Davis,S,0,0,,0,0,,ELON,0,D27,1,0,0,0,1,2027,0,,0,0,,0,0,0,0,0,0,60,0,0,0,0,ELON,0,0,0,0,,0,,60.1,,60,0,162,1,0,0,0,0,1,0,0,,0,0,0
176923,Dan Frederick,HB,0,0,,0,1,,ELON,0,02,1,0,0,0,1,2028,0,22.5,0,0,,0,0,0,0,0,0,57.5,0,0,0,0,ELON,0,0,0,0,,0,100,50.6,,60,0,162,1,0,0,0,0,1,0,0,,0,0,0
176925,Tony Hart III,S,4,0,,0,1,100,ELON,5,D00,67,32,0,0,1,2028,0,60.4,41,4,45.7,0,0,37,0,0,0,59.7,0,0,0,0,ELON,1,0,0,0,14,4,16.7,48.9,10.3,77.8,0,162,67,30,0,0,109.4,30,0,0,,31,0,0
176927,Darren James-Hamilton,S,4,0,,0,3,75,ELON,4,D08,67,25,0,0,1,2029,0,31.2,29,3,59.1,0,0,37,0,0,0,52.3,0,0,0,0,ELON,0,0,0,0,15,12,33.3,57,9.7,77.9,0,162,67,15,0,1,94.8,30,0,2,,29,0,0
176928,Eric Jones,CB,3,0,,0,0,33.3,ELON,3,D12,42,8,0,0,1,2028,0,77.9,5,1,73.5,0,0,22,0,0,0,63.1,32,0,0,0,ELON,1,0,0,0,5,1,0,73.2,5,75.5,0,162,42,3,0,1,42.4,20,0,0,,0,0,0
176947,Josh Farquharson,CB,3,0,,1,1,100,NEW HAMP,5,D18,39,15,0,0,1,2029,2,63.7,37,3,68.2,0,0,21,0,0,0,67.4,0,0,0,0,NEW HAMP,2,0,0,0,24,24,12.5,70,12.3,76.1,0,240,41,32,0,0,118.1,20,0,2,,0,0,2
176954,Jordan Mcallister,ED,0,0,,0,1,,NEW HAMP,2,D05,0,0,0,20,1,2028,43,34.5,0,0,57.8,1,0,0,9,0,0,59.8,0,2,2,0,NEW HAMP,2,0,3,0,,0,25,46.4,,0,0,240,43,0,0,0,0,23,0,1,62.2,0,0,34
176978,Miles McGoy,CB,9,0,,0,0,55.6,STNY BROOK,4,D27,52,2,0,0,1,2028,0,79.3,100,5,57,0,0,38,0,0,0,62.8,50,0,0,0,STNY BROOK,1,0,0,0,40,0,0,57.8,20,76.1,0,303,52,44,0,0,131.7,14,0,0,,0,1,0
176994,CJ McClendon,S,0,0,,0,0,,TOWSON,1,D04,16,9,0,1,1,2026,5,73.1,0,0,65.3,0,0,8,0,0,0,62.1,0,0,1,0,TOWSON,0,0,0,0,,7,0,57.8,,0,0,317,21,0,0,0,0,12,0,0,60,0,0,5
177006,Jaden Boring,LB,6,0,,0,1,66.7,WM & MARY,5,D38,44,30,1,4,1,2029,11,64.7,38,4,75.7,0,0,19,0,0,0,59,0,0,0,0,WM & MARY,3,0,1,0,24,14,12.5,70.9,9.5,75.6,0,348,55,27,0,1,84,32,0,2,68,0,0,11
177012,Alexander Cossignani,DI,0,0,,0,0,,DELWARE ST,1,D95,0,0,0,17,1,2028,32,70.1,0,0,,0,0,0,3,23,0,70.2,0,0,0,0,DELWARE ST,1,0,0,0,,0,0,69.4,,76,0,152,32,0,6,0,0,15,1,0,61.4,0,0,0
177031,Ishaun Abdul-Ali,ED,1,0,,0,1,100,HOWARD,0,D14,0,0,2,15,1,2028,27,33.9,20,1,60,1,0,0,2,0,0,56.9,0,0,0,0,HOWARD,1,0,3,0,20,0,50,54.2,20,76.1,0,184,27,5,0,0,118.8,12,0,1,62.4,0,0,25
177039,Anthony Bivines,CB,1,0,,0,0,0,HOWARD,0,D28,11,1,0,0,1,2028,0,,0,0,54.9,0,0,8,0,0,0,60,0,0,0,0,HOWARD,0,0,0,0,,9,,55.3,,73.7,0,184,11,0,0,0,39.6,3,0,0,,1,0,0
177041,AJ Smith-Jones,CB,1,0,,0,0,0,HOWARD,0,D17,9,0,0,0,1,2028,0,,0,0,70.9,0,0,7,0,0,0,60,9,0,0,0,HOWARD,0,0,0,0,,0,,71.8,,70.6,0,184,9,0,0,1,39.6,2,0,0,,0,0,0
177053,Joshua Narh,CB,2,0,,0,0,50,MORGAN ST,1,D17,49,6,1,4,1,2029,1,79,14,1,71,1,1,27,0,0,0,69.6,0,0,0,0,MORGAN ST,1,0,2,0,14,42,0,74.3,14,78.6,0,235,50,0,0,0,33.3,19,0,0,70.8,0,0,1
177069,Miguel Rijo,ED,0,0,,0,0,,NORFOLK,1,D27,0,0,0,11,1,2028,18,74.7,0,0,,2,0,0,0,0,0,67.8,0,0,0,0,NORFOLK,1,0,2,0,,0,0,65.4,,76.5,0,244,18,0,0,0,0,7,0,1,58.4,0,0,18
177071,Xavier Graham,LB,1,0,,0,0,100,NORFOLK,1,D40,9,9,0,0,1,2028,0,73.6,11,1,61.5,0,0,4,0,0,0,66.6,0,0,0,0,NORFOLK,0,0,0,0,11,0,0,67.4,11,67.9,0,244,9,13,0,0,112.5,5,0,0,,0,0,0
177085,Isaiah Ceus,S,0,0,,0,0,,NORFOLK,1,D25,9,8,0,0,1,2028,0,80,0,0,,0,0,0,0,0,0,74.1,0,0,0,0,NORFOLK,0,0,0,0,,1,0,71.4,,69.9,0,244,9,0,0,0,0,9,0,2,,0,0,0
177086,Eric Adams,S,5,0,,0,2,60,NC CENT,4,D20,68,19,0,0,1,2028,0,58.2,41,3,57.8,0,0,21,0,0,0,58.5,0,0,0,0,NC CENT,0,0,0,0,23,31,28.6,58.3,13.7,86.2,0,247,68,15,0,1,125.8,47,0,1,,17,1,0
177089,Elijah Clark,DI,0,0,,0,0,,NC CENT,0,D95,1,0,0,0,1,2029,5,,0,0,,0,0,0,0,2,0,66.1,0,0,0,0,NC CENT,0,0,0,0,,0,,71.2,,68.8,0,247,6,0,3,0,0,6,0,0,,0,0,0
177112,Patrick Bauer,LB,0,0,,0,0,,ILL STATE,2,D13,18,1,0,14,1,2028,31,75.2,0,0,65.1,1,0,12,0,0,0,65.8,0,1,0,0,ILL STATE,2,0,2,0,,17,0,70.9,,82,0,188,49,0,0,0,0,23,0,0,71,0,0,31
177114,Anthony Corona,LB,2,0,,0,0,50,ILL STATE,2,D35,23,23,0,4,1,2028,0,76,4,1,61.8,0,0,11,0,0,0,71.1,0,1,0,0,ILL STATE,2,0,1,0,4,0,0,71.4,4,71.6,0,188,23,2,0,0,56.3,8,0,0,64.8,0,0,0
177124,Travis Jones,DI,0,0,,0,0,,ILL STATE,1,D92,0,0,0,20,1,2028,32,70.8,0,0,,1,0,0,15,4,0,69.1,0,0,0,0,ILL STATE,0,0,1,0,,0,0,64.4,,75,0,188,32,0,12,0,0,12,0,0,56.5,0,0,1
177126,Solomon Oduma,ED,0,0,,0,0,,ILL STATE,2,D39,3,0,0,4,1,2028,17,79,0,0,63.5,0,0,2,0,0,0,59.5,0,0,0,0,ILL STATE,1,0,0,0,,3,0,61.1,,77.7,0,188,20,0,0,0,0,14,0,2,56.5,0,0,17
177127,Paul Omodia,CB,4,0,,0,0,50,LAMAR,2,D00,32,4,0,0,1,2028,0,79.7,37,2,52.9,0,0,19,0,0,0,71.6,27,0,1,0,LAMAR,1,0,0,0,19,0,0,52.6,18.5,0,0,204,32,13,0,0,82.3,13,0,2,,1,0,0
177131,Evan Sierra,S,2,0,,0,0,100,ILL STATE,2,D18,20,18,0,0,1,2028,1,77.7,26,2,33.8,0,0,6,0,0,0,44.3,0,0,0,0,ILL STATE,0,0,0,0,15,0,0,32.3,13,73.4,0,188,21,2,0,0,158.3,15,0,0,,2,1,1
177132,Jamarcus Smith,LB,1,0,,0,0,100,ILL STATE,3,D00,11,11,0,0,1,2028,1,80,4,1,62.5,0,0,3,0,0,0,71.5,0,0,0,0,ILL STATE,0,0,0,0,4,0,0,72.4,4,69.3,0,188,12,6,0,0,83.3,9,0,2,,0,0,1
177134,Chris Taylor,CB,0,0,,0,0,,ILL STATE,0,D28,1,1,0,0,1,2028,0,,0,0,,0,0,0,0,0,0,60,0,0,0,0,ILL STATE,0,0,0,0,,0,,60,,62.1,0,188,1,0,0,0,0,1,0,0,,0,0,0
177144,Ethan Boll,LB,0,0,,0,0,,N DAKOTA,1,D38,12,12,0,0,1,2028,0,73.1,0,0,60.8,0,0,3,0,0,0,68,0,0,0,0,N DAKOTA,1,0,0,0,,0,0,68.6,,71,0,249,12,0,0,0,0,9,0,0,,0,0,0
177148,Logyn Eckheart,DI,0,0,,0,0,,N DAKOTA,2,D97,0,0,1,22,1,2028,38,74.5,0,0,,0,0,0,0,13,0,76.5,0,0,0,0,N DAKOTA,3,0,1,0,,0,0,72.7,,76.7,0,249,38,0,25,0,0,16,0,1,59.8,0,0,0
177149,Tyler Erkman,S,0,0,,0,0,,N DAKOTA,0,D09,9,6,0,1,1,2028,0,,0,0,73.9,0,1,3,0,0,0,60,0,0,0,0,N DAKOTA,0,0,0,0,,0,,67.6,,69.5,0,249,9,0,0,0,0,5,0,0,60,3,0,0
177163,Lance Rucker,ED,0,0,,0,1,,N DAKOTA,1,D00,2,2,0,27,1,2028,39,34.2,0,0,61.4,6,0,6,0,0,0,60.8,0,3,0,0,N DAKOTA,0,0,9,0,,0,50,74,,80,0,249,41,0,0,0,0,8,0,0,76.9,0,0,39
177168,Kaden Vig,ED,0,0,,0,0,,N DAKOTA,0,D13,1,1,1,29,1,2028,37,72.2,0,0,60.4,1,0,2,5,0,0,60.7,0,1,0,0,N DAKOTA,1,0,3,0,,0,,60.4,,77.4,0,249,38,0,12,0,0,7,0,0,58.8,0,0,20
177191,Gabriel Hardman,LB,0,0,,0,0,,S DAKOTA,3,D03,26,25,0,1,1,2028,0,78,0,0,65.6,0,0,11,0,0,0,77.8,0,0,0,0,S DAKOTA,2,0,0,0,,1,0,75.9,,72.9,0,291,26,0,0,0,0,14,1,0,59.7,0,0,0
177205,Roman Tillmon,S,2,0,,0,0,50,S DAKOTA,4,D01,64,18,0,0,1,2028,0,84.1,2,1,55.1,0,0,33,0,0,0,70.3,3,0,0,0,S DAKOTA,0,0,0,0,2,14,0,59.8,2,77.7,0,291,64,4,0,1,56.3,31,0,2,,29,0,0
177225,Noah St-Juste,CB,3,0,,0,0,66.7,S DAK ST,2,D16,25,1,0,1,1,2029,0,75.5,16,2,73.8,0,0,18,0,0,0,52.7,0,1,0,0,S DAK ST,1,0,1,0,11,24,0,73.6,8,76.1,0,292,25,2,0,1,79.9,6,0,0,65,0,0,0
177228,Chase Van Tol,LB,1,0,,0,0,100,S DAK ST,3,D28,9,3,0,1,1,2029,1,79.4,6,1,61.9,0,0,3,0,0,0,73,0,1,0,0,S DAK ST,2,0,1,0,6,6,0,74.3,6,72,0,292,10,5,0,0,91.7,6,0,0,65.1,0,0,1
177230,Nick Wells,ED,0,0,,0,0,,S DAK ST,0,D50,0,0,0,5,1,2029,9,,0,0,,0,0,0,0,0,0,61.1,0,0,0,0,S DAK ST,0,0,0,0,,0,,59.7,,72.2,0,292,9,0,0,0,0,4,0,0,57.4,0,0,9
177234,Vinny Pierre Jr.,S,3,0,,0,0,33.3,S ILLINOIS,6,D04,55,16,0,1,1,2029,1,68.6,5,1,74.2,0,0,34,0,0,0,71.7,0,0,0,0,S ILLINOIS,3,0,0,0,5,12,0,75.1,5,78.3,0,295,56,0,0,0,42.4,21,0,2,58.8,27,0,1
177240,Lacory Walker Jr.,CB,0,0,,0,0,,LIUSHAR,0,D26,14,0,0,0,1,2028,0,,0,0,65.1,0,0,12,0,0,0,60,0,0,0,0,LIUSHAR,0,0,0,0,,14,,65.6,,73.6,0,1298,14,0,0,0,0,2,0,0,,0,0,0
177260,Keith Bourque,LB,5,0,,0,2,60,LIUSHAR,3,D42,28,23,0,0,1,2027,0,58.5,11,3,74.5,0,0,22,0,0,0,81.7,0,0,0,0,LIUSHAR,2,0,0,0,4,5,25,80.7,3.7,69.5,0,1298,28,6,0,1,64.6,6,0,3,,0,0,0
177356,Justin Johnson,CB,2,0,,0,0,100,FORDHAM,1,D15,11,0,0,0,1,2028,0,73.5,15,2,57.3,0,0,8,0,0,0,60,10,0,0,0,FORDHAM,1,0,0,0,8,1,0,57.5,7.5,71.9,0,168,11,1,0,0,97.9,3,0,0,,0,0,0
177365,Natale Frangione,DI,0,0,,0,0,,GEORGETOWN,0,D69,0,0,2,29,1,2026,47,72.1,0,0,,2,0,0,3,7,0,69.5,0,0,1,0,GEORGETOWN,2,0,4,0,,0,,72,,0,0,172,47,0,36,0,0,18,0,0,74.8,0,0,1
177367,Cody Pham,LB,0,0,,0,0,,GEORGETOWN,0,D45,7,6,0,1,1,2028,1,,0,0,61.5,0,0,3,0,0,0,47.7,0,0,0,0,GEORGETOWN,0,0,0,0,,1,,48.6,,72,0,172,8,0,0,0,0,4,0,0,59.5,0,0,1
177370,Garrett Baldwin,S,5,0,,0,2,80,HOLY CROSS,6,D20,58,22,0,1,1,2028,3,52.5,33,4,43,0,0,36,0,0,0,52.1,0,0,0,0,HOLY CROSS,0,0,0,0,11,6,22.2,44.5,8.3,78,0,181,61,10,0,0,133.8,24,0,1,60,30,1,3
177375,Carlo Crocetti,LB,1,0,,0,0,100,HOLY CROSS,0,D06,10,1,1,13,1,2028,13,76.9,8,1,61.9,2,0,3,0,0,0,64.2,0,1,0,0,HOLY CROSS,1,0,4,0,8,8,0,71.9,8,79.2,0,181,23,2,0,0,100,7,0,1,70.9,1,0,13
177376,Ross Dansdill,ED,0,0,,0,0,,HOLY CROSS,1,D33,0,0,0,2,1,2028,4,71.1,0,0,,0,0,0,0,0,0,61.3,0,0,0,0,HOLY CROSS,0,0,0,0,,0,0,61.7,,70.2,0,181,4,0,0,0,0,2,0,0,58.9,0,0,4
177377,Adam Due,LB,2,0,,1,0,50,HOLY CROSS,4,D38,22,1,1,9,1,2028,11,83.2,5,1,65.4,1,0,12,0,0,0,81.9,0,1,1,0,HOLY CROSS,4,0,3,0,5,21,0,77,5,79.9,0,181,33,4,0,0,56.3,12,1,3,71.8,0,0,11
177384,Cam Jones,CB,6,0,,0,1,50,HOLY CROSS,6,D01,74,4,0,1,1,2029,0,68.9,25,3,68.7,0,0,47,0,0,0,69.1,63,0,0,0,HOLY CROSS,1,0,0,0,11,4,10,69.8,8.3,77.2,0,181,74,17,0,0,61.1,26,0,3,60,3,0,0
177390,Chisom Onwuzurigbo,S,3,0,,0,3,66.7,HOLY CROSS,4,D17,30,12,0,4,1,2028,4,27.9,17,2,62.8,0,0,21,0,0,0,43.7,0,0,0,0,HOLY CROSS,1,0,0,0,9,3,42.9,55.6,8.5,76.5,0,181,34,13,0,0,81.3,9,0,0,57.2,15,0,4
177396,Cam Santee,LB,2,0,,0,0,50,HOLY CROSS,4,D21,72,60,0,6,1,2028,0,80.9,6,1,69.6,0,0,41,0,0,0,82.5,0,1,1,0,HOLY CROSS,3,0,1,0,6,12,0,72.2,6,0,0,181,72,0,0,1,56.3,25,1,1,54.3,0,0,0
177399,Brice Stevenson,DI,0,0,,0,0,,HOLY CROSS,2,D92,0,0,0,41,1,2028,62,72.4,0,0,,1,0,0,3,0,0,71.7,0,0,0,0,HOLY CROSS,2,0,1,0,,0,0,65.6,,77,0,181,62,0,59,0,0,21,0,0,56.5,0,0,0
177400,Eli Thompson,CB,6,0,,0,1,83.3,HOLY CROSS,3,D02,71,4,0,1,1,2029,3,46.3,61,5,59.5,0,0,47,0,0,0,64.1,41,1,0,0,HOLY CROSS,0,0,1,0,19,26,25,61.4,12.2,79,0,181,74,22,0,1,109,26,0,0,64.9,0,0,3
177410,Cap Davis,CB,3,0,,0,0,66.7,BROWN,5,D27,58,1,0,0,1,2028,0,80.5,11,2,65.8,0,0,36,0,0,0,65.8,56,0,0,0,BROWN,1,0,0,0,6,0,0,66.7,5.5,76.3,0,123,58,0,0,0,72.9,22,0,0,,0,0,0
177413,Tommy Dunn,ED,0,0,,0,0,,BROWN,2,D11,0,0,0,29,1,2028,48,76.6,0,0,60.5,0,0,2,0,0,0,70.5,0,0,0,0,BROWN,1,0,0,0,,0,0,61,,80.3,0,123,48,0,0,0,0,17,1,1,51.8,0,0,48
177420,Kalyl Lindsey,S,2,0,,0,0,50,BROWN,1,D07,18,3,0,0,1,2028,0,76.2,1,1,77.1,0,0,8,0,0,0,60.5,0,0,0,0,BROWN,1,0,0,0,1,1,0,75.1,1,72.9,0,123,18,4,0,0,56.3,10,0,0,,14,0,0
177422,Max Malo,LB,3,0,,0,2,66.7,BROWN,4,D10,50,44,0,2,1,2028,0,36.1,24,2,51.3,0,0,29,0,0,0,69.3,0,0,1,0,BROWN,1,0,0,0,17,6,28.6,52,12,0,0,123,50,17,0,0,91,19,0,1,57.1,0,0,0
177425,Stefano Montella,LB,0,0,,0,0,,BROWN,1,D32,6,4,0,0,1,2028,0,73.1,0,0,62.1,0,0,3,0,0,0,67.6,0,0,0,0,BROWN,1,0,0,0,,1,0,69.9,,72.2,0,123,6,0,0,0,0,3,0,0,,0,0,0
177429,Ike Odimegwu,ED,0,0,,0,0,,BROWN,1,D55,0,0,2,29,1,2028,47,77,0,0,61.5,1,0,3,0,0,0,63.4,0,0,0,0,BROWN,2,0,3,0,,0,0,65,,80.3,0,123,47,0,0,0,0,15,0,0,62.5,0,0,47
177430,Brock Owen,CB,0,0,,0,0,,BROWN,0,D06,5,0,0,0,1,2028,0,,0,0,62.4,0,0,4,0,0,1,60,0,0,0,0,BROWN,0,0,0,0,,4,,66.6,,69.9,0,123,5,0,0,0,0,1,0,0,,0,0,0
177432,Najih Rahman,WR,0,0,,0,0,,BROWN,0,04,1,0,0,0,1,2028,0,,0,0,,0,0,0,0,0,0,60,0,0,0,0,BROWN,0,0,0,0,,0,,60,,60,0,123,1,0,0,0,0,1,0,0,,0,0,0
177433,Michael Reddick,ED,0,0,,0,0,,BROWN,0,D99,0,0,0,5,1,2028,10,,0,0,,0,0,0,1,0,0,60.7,0,0,0,0,BROWN,0,0,0,0,,0,,59.6,,72.6,0,123,10,0,0,0,0,5,0,0,57.7,0,0,9
177438,Camryn Williams-Dalton,CB,2,0,,0,0,100,BROWN,2,D23,40,0,0,0,1,2028,0,78.5,27,2,61.5,0,0,25,0,0,0,61.8,40,0,0,0,BROWN,0,0,0,0,16,0,0,61.9,13.5,75.5,0,123,40,17,0,0,118.8,15,0,1,,0,0,0
177448,Jake Darling,DI,0,0,,0,0,,HARVARD,1,D98,0,0,0,29,1,2028,49,72.4,0,0,,2,0,0,0,11,0,65.1,0,0,0,0,HARVARD,1,0,2,0,,0,0,62.7,,76.7,0,179,49,0,38,0,0,20,0,1,57.4,0,0,0
177451,Jack Donahoe,S,2,0,,0,1,50,HARVARD,2,D03,50,12,0,1,1,2028,1,56.5,12,1,57.1,0,0,28,0,0,0,70.9,1,0,0,0,HARVARD,0,0,0,0,12,10,20,61.3,12,77.1,0,179,51,0,0,0,68.8,22,0,2,59.2,27,0,1
177452,Josh Fedd,ED,0,0,,0,0,,HARVARD,1,D08,0,0,0,25,1,2028,42,70.8,0,0,,0,0,0,12,0,0,65.7,0,0,0,0,HARVARD,1,0,0,0,,0,0,59.5,,77.5,0,179,42,0,0,0,0,17,0,0,52.9,0,0,30
177454,Austin-Jake Guillory,CB,8,0,,0,0,62.5,HARVARD,4,D00,63,2,0,1,1,2028,0,79.8,99,5,64.1,0,0,36,0,0,0,63.8,60,0,0,0,HARVARD,0,0,0,0,51,1,0,64.5,19.8,76.9,0,179,63,18,0,2,105.7,26,0,0,60,0,0,0
177455,Damien Henderson,CB,7,0,,0,0,71.4,HARVARD,5,D07,59,5,0,2,1,2028,0,83.1,42,5,60.3,0,0,35,0,0,0,66.1,2,0,0,0,HARVARD,2,0,0,0,17,19,0,61.3,8.4,78.6,0,179,59,3,0,0,126.2,22,1,0,55.4,33,1,0
177457,Owen Johnson,LB,2,0,,0,0,100,HARVARD,0,D30,12,12,0,1,1,2028,0,73.1,10,2,72.7,0,0,9,0,0,0,60,0,0,0,0,HARVARD,0,0,0,0,7,0,0,74,5,67.9,0,179,12,5,0,0,87.5,2,0,1,59.9,0,0,0
177459,Jacinto Lopez,DI,0,0,,0,1,,HARVARD,1,D59,0,0,0,14,1,2028,20,28.6,0,0,60,0,0,0,1,0,0,54.9,0,0,0,0,HARVARD,1,0,0,0,,0,50,47.2,,73.5,0,179,20,0,17,0,0,6,0,0,54.9,0,0,2
177466,Stephen Scourtis,ED,0,0,,0,0,,HARVARD,1,D88,0,0,0,4,1,2028,11,71.5,0,0,,0,0,0,1,0,0,63.6,0,0,0,0,HARVARD,1,0,0,0,,0,0,61.7,,73,0,179,11,0,0,0,0,7,0,0,56.3,0,0,10
177475,Zach Darche,LB,0,0,,0,0,,PENN,1,D15,6,6,0,0,1,2028,0,74.3,0,0,,0,0,0,0,0,0,65.9,0,0,0,0,PENN,1,0,0,0,,0,0,68,,68,0,267,6,0,0,0,0,6,0,0,,0,0,0
177478,Jayden Drayton,CB,4,0,,0,0,75,PENN,5,D12,51,13,0,0,1,2028,2,81.8,48,3,54.2,0,0,25,0,0,0,48.5,35,0,1,0,PENN,1,1,0,0,26,2,0,51.4,16,75.4,0,267,53,6,0,0,154.2,28,0,0,,1,2,2
177479,Kayleb Ervin,CB,0,0,,0,0,,PENN,0,D09,3,1,0,0,1,2028,2,,0,0,60.8,0,0,2,0,0,0,60,0,0,0,0,PENN,0,0,0,0,,2,,62.6,,71.9,0,267,5,0,0,0,0,3,0,0,,0,0,2
177481,Raashed Hall,ED,0,0,,0,0,,PENN,1,D93,0,0,0,20,1,2028,43,74.1,0,0,61.3,0,0,4,1,0,0,59.2,0,2,0,0,PENN,1,0,2,0,,0,0,64.6,,79.2,0,267,43,0,0,0,0,19,0,1,66.9,0,0,42
177482,Joey Holliday,S,0,0,,0,0,,PENN,0,D24,3,2,0,0,1,2028,1,,0,0,,0,0,0,0,0,0,58.7,0,0,0,0,PENN,0,0,0,0,,1,,50,,70.9,0,267,4,0,0,0,0,4,0,0,,0,0,1
177485,Hunter Lay,ED,0,0,,0,0,,PENN,1,D41,0,0,0,20,1,2028,51,71.5,0,0,,2,0,0,4,0,0,66.1,0,0,0,0,PENN,1,0,2,0,,0,0,64.4,,78.6,0,267,51,0,0,0,0,31,0,0,58.6,0,0,47
177487,Josh Narcisse,S,2,0,,0,2,100,PENN,3,D01,53,9,0,0,1,2028,0,37.4,45,2,46.2,0,0,25,0,0,0,70.5,0,0,0,0,PENN,0,0,0,0,33,15,33.3,52.9,22.5,77.7,0,267,53,50,0,0,158.3,28,0,1,,29,1,0
177489,Cole Olsztyn,S,7,0,,0,0,57.1,PENN,3,D08,31,5,0,5,1,2028,6,80,23,4,52.6,0,0,17,0,0,0,69.1,0,0,1,0,PENN,0,0,0,0,10,26,0,51.8,5.8,0,0,267,37,17,0,0,63.4,15,0,1,56.8,0,0,6
177496,Cooper Austin,DI,0,0,,0,0,,YALE,0,D99,0,0,0,15,1,2028,21,,0,0,,0,0,0,0,0,0,62.7,0,0,0,0,YALE,0,0,0,0,,0,,60.7,,73.3,0,352,21,0,21,0,0,6,0,0,57.3,0,0,0
177500,James Cave,ED,0,0,,0,0,,YALE,1,D33,0,0,0,11,1,2029,17,71.5,0,0,,1,0,0,0,0,0,66.6,0,0,0,0,YALE,0,0,1,0,,0,0,67.7,,74.7,0,352,17,0,0,0,0,6,0,0,62,0,0,17
177504,Babawale Fadeyibi,DI,0,0,,0,0,,YALE,0,D54,0,0,0,2,1,2028,4,,0,0,,0,0,0,0,0,0,60.6,0,0,0,0,YALE,0,0,0,0,,0,,61.6,,68.2,0,352,4,0,4,0,0,2,0,0,59.8,0,0,0
177507,Phoenix Grant,LB,2,0,,0,1,100,YALE,7,D08,73,72,1,9,1,2028,5,65.8,16,2,67.7,2,0,40,0,0,0,75.2,0,0,0,1,YALE,4,0,3,0,9,1,11.1,75,8,78.4,0,352,78,5,0,0,100,29,0,1,67.4,0,0,5
177508,Zairion Jackson-Bass,ED,0,0,,1,1,,YALE,3,D01,0,0,0,34,1,2028,51,55,0,0,60.1,1,0,0,0,0,0,71.2,0,1,0,0,YALE,3,0,2,0,,0,20,66.9,,78.2,0,352,51,0,0,0,0,17,0,1,58.9,0,0,51
177510,Abu Kamara,S,3,0,,0,1,66.7,YALE,4,D04,70,20,0,4,1,2028,7,52.6,30,2,76.8,3,0,44,0,0,1,56,1,1,1,0,YALE,2,0,4,1,28,45,20,71.2,15,0,0,352,77,15,0,2,99.3,29,0,0,70.7,4,0,7
177518,Jaylin Tate,DI,0,0,,0,0,,YALE,1,D96,0,0,1,25,1,2028,47,72.2,0,0,,1,0,0,0,0,0,70.3,0,1,1,0,YALE,2,0,3,0,,0,0,66.6,,0,0,352,47,0,47,0,0,22,0,0,66,0,0,0
177521,Brandon Webster,CB,11,0,,0,0,45.5,YALE,3,D07,74,16,0,2,1,2028,1,79.1,61,5,66.1,1,0,44,0,0,0,62.2,56,0,3,0,YALE,0,1,1,0,26,2,0,57.4,12.2,0,0,352,75,26,0,1,93.4,29,0,1,57.5,0,1,1
177570,Lathun Snipes,DI,0,0,,0,0,,TENN STATE,3,D99,0,0,0,25,1,2026,38,75.3,0,0,,0,0,0,0,4,0,74.7,0,0,0,0,TENN STATE,2,0,0,0,,0,0,67.6,,76,0,308,38,0,34,0,0,13,0,2,54.8,0,0,0
177571,Terence Carpenter II,ED,1,0,,0,0,100,TENN STATE,1,D97,0,0,0,2,1,2028,6,73,2,1,65.8,0,0,1,0,0,0,60.1,0,0,0,0,TENN STATE,1,0,0,0,2,0,0,73.9,2,71.4,0,308,6,2,0,0,79.2,3,0,0,58.3,0,0,6
177585,Jesse Garza,LB,0,0,,0,0,,E ILLINOIS,0,D49,2,2,0,0,1,2027,1,,0,0,60,0,0,1,0,0,0,60.2,0,0,0,0,E ILLINOIS,0,0,0,0,,0,,61.9,,66,0,158,3,0,0,0,0,2,0,0,,0,0,1
177622,Collin Ansel,ED,0,0,,0,0,,DAYTON,1,D90,0,0,0,16,1,2028,43,71.5,0,0,58.1,1,0,2,14,0,0,64.1,0,1,0,0,DAYTON,0,0,2,0,,0,0,61.5,,76.2,0,150,43,0,4,0,0,25,0,0,61.8,0,0,25
177625,Vincent Firenze,S,4,1,,0,0,75,DAYTON,11,D13,58,58,0,4,1,2028,4,88.6,9,3,83.3,0,1,22,0,0,0,90.4,0,0,0,0,DAYTON,7,0,0,0,4,0,0,89.5,3,78.5,0,150,62,15,0,0,37.5,36,0,4,54.7,0,0,4
177632,Mirko Jaksic,DI,0,0,,0,1,,DAYTON,0,D75,0,0,0,19,1,2028,38,28,0,0,59.5,1,0,1,0,30,0,52.9,0,0,0,0,DAYTON,0,0,1,0,,0,50,51,,77.2,0,150,38,0,8,0,0,18,0,1,53.8,0,0,0
177634,Joe Kingsbury,LB,1,0,,0,1,100,DAYTON,4,D06,54,52,0,6,1,2028,0,51.3,11,1,63.3,0,0,14,0,0,0,62.3,0,0,0,0,DAYTON,4,0,0,0,11,2,20,62.8,11,72.1,0,150,54,1,0,0,112.5,34,0,0,56,0,0,0
177647,Sam Schmiesing,LB,2,0,,0,0,50,DAYTON,5,D08,62,62,0,4,1,2028,0,81.6,3,1,64.5,0,0,22,0,0,0,63.3,0,0,0,0,DAYTON,2,0,0,0,3,0,0,64.6,3,71.1,0,150,62,3,0,0,56.3,36,0,1,58.3,0,0,0
177650,Tehron Spencer,CB,3,0,,0,0,33.3,DAYTON,1,D34,31,1,0,0,1,2028,1,74.2,72,1,64.6,0,0,14,0,0,0,62.7,30,0,0,0,DAYTON,0,0,0,0,72,0,0,65.1,72,75.3,0,150,32,42,0,1,121.5,18,0,0,,0,1,1
177656,Joshua Williams,CB,3,0,,0,0,100,DAYTON,2,D23,37,10,0,1,1,2028,2,76.6,11,3,72.7,0,1,18,0,0,0,66.2,18,0,0,0,DAYTON,1,0,0,0,11,6,0,72.7,3.7,75,0,150,39,10,0,0,81.9,20,1,0,60,3,1,2
177660,Gene Blalock,DI,0,0,,0,0,,DRAKE,1,D50,0,0,0,17,1,2028,28,72.4,0,0,,0,0,0,0,5,0,71.7,0,0,0,1,DRAKE,0,0,0,0,,0,0,73,,75.3,0,153,28,0,23,0,0,11,0,1,65.2,0,0,0
177679,Shaku Sangarie,ED,0,0,,0,2,,DRAKE,0,D06,0,0,0,37,1,2028,51,25.7,0,0,53.3,2,0,2,4,0,0,60.7,0,0,0,0,DRAKE,0,0,2,0,,0,50,55.5,,78.7,0,153,51,0,1,0,0,12,0,2,57.1,0,0,46
177680,Cole Sigler,ED,0,0,,0,0,,DRAKE,0,D95,0,0,0,1,1,2028,3,,0,0,,0,0,0,0,0,0,60,0,0,0,0,DRAKE,0,0,0,0,,0,,66.6,,68.9,0,153,3,0,0,0,0,2,0,0,60,0,0,3
177684,Jack Ward,LB,0,0,,0,0,,DRAKE,1,D24,3,3,0,0,1,2028,1,74.3,0,0,62.7,0,0,2,0,0,0,60,0,0,0,0,DRAKE,0,0,0,0,,0,0,44.3,,69.5,0,153,4,0,0,0,0,2,0,0,,0,0,1
177686,Kemani Wilson,CB,7,0,,0,0,28.6,DRAKE,0,D02,67,4,0,0,1,2028,0,,22,2,69.2,0,1,50,0,0,0,63.4,62,0,0,0,DRAKE,0,0,0,0,11,1,,69.5,11,76.7,0,153,67,0,0,0,0.6,17,0,0,,0,0,0
177688,Jackson Benjamin,CB,5,0,,0,1,60,MOREHEAD,4,D31,62,12,0,2,1,2026,2,57.7,31,3,70.5,0,1,34,0,0,0,68.1,6,0,0,0,MOREHEAD,2,0,0,0,17,41,16.7,70.5,10.3,79.5,0,234,64,24,0,1,38.3,28,0,1,57,3,0,2
177689,Josh Bowling,ED,0,0,,0,0,,MOREHEAD,3,D34,11,11,0,17,1,2028,25,78.3,0,0,62.6,0,0,3,0,0,0,65.4,0,0,0,0,MOREHEAD,2,0,0,0,,0,0,60.1,,79.8,0,234,36,0,0,0,0,16,0,1,50.9,0,0,25
177710,Jake Rhodes,DI,0,0,,0,0,,MOREHEAD,0,D90,0,0,0,17,1,2028,37,70.2,0,0,,1,0,0,2,3,0,70.1,0,0,0,0,MOREHEAD,0,0,1,0,,0,0,68.8,,75.4,0,234,37,0,30,0,0,20,0,1,60,0,0,2
177716,Gabe Whittington,DI,0,0,,0,0,,SE LA,1,D91,0,0,0,3,1,2028,10,71.9,0,0,,0,0,0,0,0,0,65.2,0,0,0,0,SE LA,0,0,0,0,,0,0,64.9,,71,0,294,10,0,10,0,0,7,0,1,58.1,0,0,0
177720,Lawton Cox,LB,0,0,,0,0,,PRESBYTERN,0,D30,1,0,0,0,1,2027,0,,0,0,,0,0,0,0,0,0,60,0,0,0,0,PRESBYTERN,0,0,0,0,,0,,60,,60,0,271,1,0,0,0,0,1,0,0,,0,0,0
177724,Keith Elmore,CB,1,0,,0,1,100,PRESBYTERN,1,D11,8,2,0,0,1,2027,3,28.1,12,1,53.5,0,0,3,0,0,0,54.6,0,0,0,0,PRESBYTERN,0,0,0,0,12,5,50,50.3,12,72,0,271,11,6,0,0,116.7,8,0,0,,0,0,3
177725,Willard Ferrell,CB,2,0,,0,0,50,PRESBYTERN,1,D04,50,2,0,0,1,2028,2,73.5,23,1,65.4,0,0,16,0,0,0,64.5,48,0,0,0,PRESBYTERN,0,0,0,0,23,0,0,66.1,23,77.3,0,271,52,7,0,1,91.7,36,0,0,,0,0,2
177741,Jayden Massey,ED,0,0,,0,0,,PRESBYTERN,0,D15,0,0,0,3,1,2027,12,,0,0,,0,0,0,0,0,0,65.9,0,0,0,0,PRESBYTERN,0,0,0,0,,0,,65.3,,74,0,271,12,0,3,0,0,9,0,0,57.6,0,0,9
177747,JT Patton,CB,0,0,,0,0,,PRESBYTERN,0,D28,1,0,0,0,1,2028,0,,0,0,,0,0,0,0,0,0,60,0,0,0,0,PRESBYTERN,0,0,0,0,,0,,60,,73.9,0,271,1,0,0,0,0,1,0,0,,0,0,0
177757,Jalyn Turner,LB,0,0,,0,0,,PRESBYTERN,1,D33,8,7,0,0,1,2028,0,73.2,0,0,,0,0,0,0,0,0,73.4,0,0,0,0,PRESBYTERN,1,0,0,0,,1,0,74.6,,70.4,0,271,8,0,0,0,0,8,0,0,,0,0,0
177765,Frank Ward,DI,0,0,,0,0,,MOREHEAD,0,D52,0,0,0,4,1,2027,10,,0,0,,0,0,0,3,2,0,55.8,0,0,0,0,MOREHEAD,0,0,0,0,,0,,54.7,,71.5,0,234,10,0,5,0,0,6,0,0,58.6,0,0,0
177770,Emmanuel Olagbaju,DI,0,0,,0,0,,N DAKOTA,0,D88,0,0,0,15,1,2028,24,,0,0,,0,0,0,1,4,0,68,0,0,0,0,N DAKOTA,0,0,0,0,,0,,66.9,,74.6,0,249,24,0,19,0,0,9,0,0,60.3,0,0,0
177775,Gabriel Batres,ED,0,0,,0,0,,VALPO,0,D15,0,0,0,6,1,2028,7,,0,0,,0,0,0,0,0,0,60,0,0,0,0,VALPO,0,0,0,0,,0,,56,,73.4,0,332,7,0,0,0,0,1,0,0,55.6,0,0,7
177780,Connor Cervantes,S,1,0,,0,0,100,VALPO,2,D19,36,14,0,1,1,2028,6,79.4,13,1,59.4,0,0,16,0,0,0,67.5,0,0,0,0,VALPO,1,0,0,0,13,22,0,63,13,77.3,0,332,42,14,0,0,118.8,25,0,1,59.2,0,0,6
177783,Isaiah Fowler,DI,0,0,,0,0,,VALPO,3,D99,1,1,0,25,1,2029,50,74.2,0,0,,0,0,0,0,3,0,74,0,2,0,0,VALPO,3,0,2,0,,0,0,72.9,,76.7,0,332,51,0,47,0,0,26,0,1,62.7,0,0,0
177787,Mark Johnson,S,4,0,,0,1,50,VALPO,6,D03,55,17,0,0,1,2028,2,63.2,34,2,52.2,0,0,30,0,0,0,60.3,0,0,0,0,VALPO,1,0,0,0,20,16,14.3,54.4,17,78,0,332,57,4,0,0,79.2,27,1,0,,22,0,2
177792,Nic Lendino,CB,5,0,,0,1,40,VALPO,7,D00,57,5,0,1,1,2028,0,68.6,16,2,67.7,0,0,29,0,0,0,65.5,46,1,0,0,VALPO,2,0,1,0,10,6,10,69.8,8,77.2,0,332,57,1,0,0,48.8,27,1,2,65.9,0,0,0
177799,Antony Morris,DI,0,0,,0,0,,VALPO,1,D98,0,0,0,12,1,2028,17,69.7,0,0,,0,0,0,1,6,0,57.3,0,0,0,0,VALPO,1,0,0,0,,0,0,55,,73.7,0,332,17,0,10,0,0,5,0,0,55.6,0,0,0
177816,D.J. Adams,CB,4,0,,0,0,50,CHATTNOOGA,2,D27,36,0,0,0,1,2028,1,76.2,10,2,72.9,0,0,20,0,0,0,63.3,36,0,0,0,CHATTNOOGA,1,0,0,0,6,0,0,73.1,5,75.8,0,137,37,2,0,1,56.3,17,0,0,,0,0,1
177817,Kam Baah-Slay,S,5,0,,0,0,60,CHATTNOOGA,6,D23,80,44,0,0,1,2028,0,83.8,28,3,57.6,0,0,52,0,0,0,73.7,0,0,0,0,CHATTNOOGA,2,0,0,0,14,5,0,62.3,9.3,77.8,0,137,80,3,0,0,75.4,28,0,0,,31,0,0
177820,Martez Cooksey Jr.,S,0,0,,0,0,,CHATTNOOGA,1,D03,4,0,0,0,1,2028,0,75.1,0,0,60,0,0,1,0,0,0,62.7,0,0,0,0,CHATTNOOGA,0,0,0,0,,4,0,64,,71.4,0,137,4,0,0,0,0,3,0,0,,0,0,0
177828,Jamarr Jones,DI,0,0,,0,1,,CHATTNOOGA,1,D05,0,0,0,27,1,2028,37,27.8,0,0,,4,0,0,2,0,0,63.9,0,1,0,0,CHATTNOOGA,1,0,5,0,,0,50,69.2,,75,0,137,37,0,35,0,0,10,0,0,68,0,0,0
177834,Zion Rutledge,LB,5,0,,0,0,40,CHATTNOOGA,9,D42,69,58,0,1,1,2028,1,86.9,7,2,78.6,0,0,45,0,0,0,90.7,0,0,0,0,CHATTNOOGA,7,0,0,0,7,11,0,87.8,3.5,75.6,0,137,70,19,0,0,47.9,24,0,5,59.8,0,0,1
177846,Christian Davis,S,1,0,,0,0,100,MERCER,1,D16,7,2,0,0,1,2027,0,75.1,1,1,71.5,0,0,4,0,0,0,60,0,0,0,0,MERCER,1,0,0,0,1,4,0,73.1,1,68.2,0,219,7,1,0,0,79.2,3,0,0,,1,0,0
177876,Jaden Mosley,LB,1,0,,0,2,100,SAMFORD,4,D05,54,50,0,2,1,2026,1,36.2,7,1,60.1,0,0,24,0,0,0,42.1,0,0,0,0,SAMFORD,2,0,0,0,7,4,28.6,48.9,7,75.4,0,282,55,1,0,0,95.8,29,0,1,56.6,0,0,1
177901,Ayden Babich,LB,0,0,,0,0,,VA MILT IN,0,D25,1,0,0,0,1,2028,2,,0,0,,0,0,0,0,0,0,60.6,0,0,0,0,VA MILT IN,0,0,0,0,,1,,61.3,,72,0,336,3,0,0,0,0,3,0,0,,0,0,2
177904,Henry Berling,LB,2,0,,0,1,100,VA MILT IN,2,D43,34,33,0,5,1,2028,2,64,26,2,51.3,0,0,10,0,0,0,46,0,1,0,0,VA MILT IN,1,0,1,0,19,1,16.7,43.7,13,76.1,0,336,36,20,0,0,118.8,21,0,3,54.8,0,0,2
177912,Louis English,CB,3,0,,0,3,66.7,VA MILT IN,1,D09,64,11,0,0,1,2030,0,25.7,33,2,55.1,0,0,37,0,0,0,29.3,49,0,0,0,VA MILT IN,0,0,0,0,18,4,60,47.8,16.5,76.3,0,336,64,2,0,1,103.5,27,0,1,,0,0,0
177921,Nic Land,S,1,0,,0,2,100,VA MILT IN,1,D00,23,14,0,2,1,2028,1,23.7,14,1,54.9,0,0,9,0,0,0,57.9,0,0,0,0,VA MILT IN,1,0,0,0,14,6,66.7,55.1,14,72.1,0,336,24,17,0,0,118.8,13,1,0,58.9,3,0,1
177925,James Morris,S,0,0,,0,0,,VA MILT IN,0,D13,8,5,0,0,1,2027,0,,0,0,60,0,0,1,0,0,0,60.8,0,0,0,0,VA MILT IN,0,0,0,0,,1,,61.6,,70.6,0,336,8,0,0,0,0,7,0,0,,2,0,0
177970,Tony Gibson,DI,0,0,,0,0,,MCNEESE,2,D93,0,0,0,12,1,2026,38,73.4,0,0,,0,0,0,0,0,0,68.1,0,0,0,0,MCNEESE,0,0,0,0,,0,0,66.3,,75.3,0,217,38,0,38,0,0,26,0,1,56.4,0,0,0
177990,Josh Johnson,DI,0,0,,0,0,,NICHOLLS,3,D92,2,2,0,8,1,2028,19,73.8,0,0,,0,0,0,1,3,0,67.5,0,0,0,0,NICHOLLS,3,0,0,0,,0,0,64.2,,74.4,0,243,21,0,13,0,0,13,0,0,54.1,0,0,2
177993,Dominic Logiudice,ED,0,0,,0,0,,NICHOLLS,3,D41,6,4,0,10,1,2028,36,77.7,0,0,63.4,1,0,12,2,0,0,68.3,0,0,0,0,NICHOLLS,2,0,1,0,,2,0,65.8,,78.3,0,243,42,0,0,0,0,20,0,0,54.5,0,0,34
178016,Antonio Hall,CB,4,0,,0,0,75,NWSTATE,2,D02,69,4,0,0,1,2028,0,76.6,29,3,77.5,0,0,32,0,0,0,65.1,59,0,0,0,NWSTATE,1,0,0,0,14,0,0,76.6,9.7,77.6,0,257,69,12,0,1,134.4,37,0,0,,6,1,0
178019,Kemarion Ivory,DI,0,0,,0,0,,NWSTATE,2,D54,0,0,0,21,1,2028,50,73.6,0,0,,1,0,0,0,2,0,56.5,0,0,0,0,NWSTATE,2,0,1,0,,0,0,57.6,,76.2,0,257,50,0,48,0,0,29,0,1,59.6,0,0,0
178021,Jeremiah Keppard,S,0,0,,0,2,,NWSTATE,8,D20,83,35,0,0,1,2027,0,56.8,0,0,62.3,0,0,38,0,0,0,60.3,0,0,0,0,NWSTATE,0,0,0,0,,15,18.2,62,,77.3,0,257,83,0,0,0,0,45,0,1,,33,0,0
178027,Ke'shawn Reed,DI,0,0,,0,2,,NWSTATE,2,D99,0,0,0,26,1,2028,57,27,0,0,60,1,0,0,0,11,0,60.4,0,0,0,0,NWSTATE,1,0,1,0,,0,33.3,58.8,,77.1,0,257,57,0,45,0,0,31,0,2,54.9,0,0,1
178037,Cameron Gordon,DI,0,0,,0,0,,ALABAMA ST,1,D09,0,0,0,10,1,2026,20,73.2,0,0,,0,0,0,0,3,0,58.6,0,0,0,0,ALABAMA ST,1,0,0,0,,0,0,57.8,,73.4,0,105,20,0,17,0,0,10,0,2,57.5,0,0,0
178045,J'Cori Hargon,LB,0,0,,0,0,,JACKSON ST,0,D32,3,3,0,0,1,2027,0,,0,0,60,0,0,1,0,0,0,60,0,0,0,0,JACKSON ST,0,0,0,0,,0,,61.8,,64.8,0,194,3,0,0,0,0,2,0,0,,0,0,0
178052,Markeis Batiste,LB,1,0,,0,0,100,SOUTHERN U,1,D46,14,13,0,3,1,2028,1,76.3,31,1,61.4,0,0,3,0,0,0,63.9,0,0,0,0,SOUTHERN U,0,0,0,0,31,1,0,63.1,31,72.8,0,297,15,15,0,0,118.8,9,0,1,56.9,0,0,1
178064,Lance Joseph,ED,0,0,,0,1,,SOUTHERN U,2,D59,0,0,1,38,1,2028,75,77.4,0,0,,2,0,0,0,0,0,69.6,0,1,0,0,SOUTHERN U,2,0,4,0,,0,20,70.4,,80.4,0,297,75,0,0,0,0,37,0,2,65.4,0,0,75
178071,Jayden Rogers,DI,0,0,,0,2,,SOUTHERN U,5,D67,1,1,0,25,1,2028,51,29.3,0,0,,0,0,0,0,25,0,65.9,0,0,0,0,SOUTHERN U,4,0,0,0,,0,25,65.5,,79.2,0,297,52,0,26,0,0,27,0,1,60.1,0,0,0
178086,Toby Brown Jr.,ED,0,0,,0,0,,BRYANT,0,D56,0,0,0,5,1,2028,7,72.2,0,0,,1,0,0,1,0,0,63.4,0,0,0,0,BRYANT,0,0,1,0,,0,0,61.5,,72.6,0,124,7,0,0,0,0,2,0,1,53.3,0,0,6
178096,Ahmed Muhammad,DI,0,0,,0,1,,STTHOM,2,D91,0,0,0,5,1,2026,23,44,0,0,59.6,0,0,0,1,18,0,75.9,0,0,0,0,STTHOM,2,0,0,0,,0,20,73.8,,75.4,0,1129,23,0,4,0,0,18,1,2,57.7,0,0,0
178100,Charles Battaglia,LB,2,0,,0,0,100,STHLSK,5,D33,44,43,0,0,1,2027,0,82.9,6,2,72.9,0,0,26,0,0,0,77.1,0,1,0,0,STHLSK,3,0,1,0,7,1,0,79.4,3,74.5,0,1470,44,11,0,0,79.2,18,1,3,,0,0,0
178101,Brian Benson,ED,0,0,,0,0,,STHLSK,0,D95,0,0,0,3,1,2028,3,,0,0,,0,0,0,0,0,0,,0,0,0,0,STHLSK,0,0,0,0,,0,,58.2,,68.5,0,1470,3,0,0,0,0,0,0,0,58.1,0,0,3
178116,Richard Mosley III,CB,7,0,,0,0,71.4,STHLSK,5,D08,50,1,0,3,1,2028,10,80.3,42,5,70.1,0,0,38,0,0,0,65.8,47,1,1,0,STHLSK,2,0,1,0,22,1,0,67.6,8.4,0,0,1470,60,26,0,0,86.6,19,0,0,58.2,1,0,10
178120,Amare Smith,ED,0,0,,0,0,,STHLSK,0,D30,0,0,0,15,1,2028,16,,0,0,,2,0,0,0,0,0,60,0,1,0,0,STHLSK,0,0,3,0,,0,,77.9,,74.5,0,1470,16,0,0,0,0,1,0,0,75.8,0,0,16
178121,Elliot Spiller,ED,0,0,,0,0,,STHLSK,1,D54,0,0,0,3,1,2026,5,71.1,0,0,,0,0,0,2,0,0,60.9,0,0,0,0,STHLSK,0,0,0,0,,0,0,61.1,,69.1,0,1470,5,0,0,0,0,2,0,0,58.6,0,0,3
178128,Ma'Hkai Wilson,LB,0,0,,0,1,,STHLSK,0,D22,19,19,0,6,1,2028,1,26.5,0,0,64.8,0,1,12,0,0,0,46.7,0,1,0,1,STHLSK,0,0,1,0,,0,50,67.6,,74.3,0,1470,20,0,0,0,0,2,0,1,79.3,0,0,1
178163,Aaron Austin,ED,1,0,,0,0,100,STF AUSTIN,4,D02,4,1,2,28,1,2026,42,80,11,1,43.8,0,0,4,0,0,0,76.6,0,1,0,0,STF AUSTIN,4,0,3,0,11,3,0,71.9,11,80.2,0,301,46,4,0,0,112.5,14,1,0,74.8,0,0,42
178169,Elijah Fields,DI,0,0,,0,0,,STF AUSTIN,1,D11,0,0,0,17,1,2028,30,70.8,0,0,,1,0,0,13,2,0,64.9,0,0,0,0,STF AUSTIN,1,0,1,0,,0,0,67.6,,74.2,0,301,30,0,15,0,0,13,0,0,65.2,0,0,0
178182,Tim Muhammad,ED,0,0,,0,0,,STF AUSTIN,1,D49,1,0,1,29,1,2028,32,76.6,0,0,61.6,2,0,1,1,0,0,60.4,1,0,1,0,STF AUSTIN,1,0,3,0,,0,0,62.5,,0,0,301,33,0,0,0,0,3,0,0,67.1,0,0,31
178201,DJ Cerisier,CB,1,0,,0,1,100,DUQUESNE,1,D02,54,2,0,0,1,2028,1,43.3,-1,1,71.5,0,0,19,0,0,0,28.6,52,0,0,0,DUQUESNE,1,0,0,0,-1,0,50,57.9,-1,76.7,0,155,55,0,0,0,79.2,36,1,0,,0,0,1
178202,Derron Moore,LB,1,0,,0,2,100,ARKAPB,6,D14,52,51,0,6,1,2028,3,58.9,4,1,65.8,2,0,18,0,0,0,60.6,0,0,0,0,ARKAPB,5,0,2,0,4,1,16.7,60,4,76.3,0,112,55,1,0,0,83.3,31,2,4,46.4,0,0,3
178229,Jack Dunkley,ED,0,0,,0,0,,DUQUESNE,2,D92,0,0,1,21,1,2028,61,75.9,0,0,,1,0,0,3,0,0,66.8,0,0,0,0,DUQUESNE,2,0,2,0,,0,0,69.2,,78.2,0,155,61,0,1,0,0,40,1,1,66.7,0,0,57
178234,Will Hicks,S,2,0,,1,4,50,HAMPTON,8,D07,73,44,1,4,1,2028,0,63.9,7,1,57.1,1,0,23,0,0,0,65.2,0,0,0,1,HAMPTON,1,0,2,0,7,9,26.7,64.7,7,76.9,0,178,73,5,0,0,58.3,46,0,3,79,20,0,0
178250,Nathan Reynolds,LB,2,0,,0,3,100,IDAHO ST,10,D07,51,50,0,12,1,2028,14,48.2,8,2,56.5,0,0,15,0,0,0,71.7,0,0,0,0,IDAHO ST,6,0,0,0,4,1,21.4,64.8,4,79.4,0,186,65,10,0,0,83.3,38,1,1,52.8,0,0,14
178256,Dekker Hagler,S,2,0,,0,1,100,IDAHO ST,3,D13,30,17,0,1,1,2029,1,48,7,2,59.3,0,0,14,0,0,0,61.2,0,0,0,0,IDAHO ST,3,0,0,0,4,13,25,59.8,3.5,73.8,0,186,31,3,0,0,81.3,16,0,0,58.9,0,0,1
178269,Jacob Perez,LB,1,0,,0,0,0,IDAHO ST,0,D44,8,8,0,0,1,2029,0,,0,0,60.3,0,0,2,0,0,0,63.2,0,0,0,0,IDAHO ST,0,0,0,0,,0,,65,,68.7,0,186,8,0,0,0,39.6,6,0,0,,0,0,0
178280,Beau Jaques,ED,0,0,,0,0,,IDAHO ST,3,D90,0,0,0,25,1,2028,52,74.8,0,0,,1,0,0,22,0,0,74.7,0,0,0,0,IDAHO ST,3,0,1,0,,0,0,70.3,,76.6,0,186,52,0,9,0,0,27,0,0,58.9,0,0,21
178282,Malik Richardson,DI,0,0,,0,0,,IDAHO ST,0,D94,0,0,0,8,1,2028,21,,0,0,,0,0,0,1,8,0,49.3,0,0,0,1,IDAHO ST,0,0,0,0,,0,,53.2,,74,0,186,21,0,12,0,0,13,0,0,64.6,0,0,0
178291,Joshua Iseah,LB,2,0,,0,0,100,NC A&T,9,D03,75,75,0,10,1,2028,1,84,24,2,72.4,1,0,45,0,0,0,83.8,0,1,0,0,NC A&T,6,0,2,0,16,0,0,79.6,12,76.9,0,246,76,21,0,0,116.7,21,1,2,59.5,0,0,1
178293,Kade Moledor,LB,0,0,,0,0,,WOFFORD,3,D33,16,13,0,2,1,2028,3,79.8,0,0,72.9,0,0,6,0,0,0,76.2,0,0,0,0,WOFFORD,3,0,0,0,,3,0,80.7,,74.1,0,350,19,0,0,0,0,11,0,1,60,0,0,3
178308,Kelvin Broadhurst Jr.,DI,0,0,,0,0,,NC A&T,0,D93,0,0,0,19,1,2027,24,,0,0,,0,0,0,0,0,0,62.1,0,0,0,0,NC A&T,0,0,0,0,,0,,58.7,,73.6,0,246,24,0,24,0,0,5,0,0,56,0,0,0
178323,Cordell Wilson,S,0,0,,0,1,,W ILLINOIS,0,D31,10,5,0,0,1,2027,0,21.6,0,0,53.4,0,0,6,0,0,0,60,0,0,0,0,W ILLINOIS,0,0,0,0,,5,100,44.5,,71.5,0,345,10,0,0,0,0,4,0,0,,0,0,0
178329,Ethan Ladd,LB,1,0,,0,1,100,W ILLINOIS,0,D13,8,6,0,1,1,2028,0,26.6,12,1,49.2,1,0,2,0,0,0,61.9,0,0,0,0,W ILLINOIS,0,0,1,0,12,1,50,55.4,12,97.1,0,345,8,18,0,0,116.7,5,0,1,60,0,0,0
178344,Mike Jenkins,S,2,0,,0,1,100,E TENN ST,2,D07,52,29,0,1,1,2028,1,55.9,3,2,71.5,0,0,31,0,0,0,55.7,0,0,0,0,E TENN ST,1,0,0,0,4,15,25,67.7,1.5,77.1,0,157,53,11,0,0,79.2,21,0,1,59.6,8,0,1
178359,Marcellius Johnson,LB,2,0,,0,1,50,GRAMBLING,2,D43,37,36,0,3,1,2027,1,42.1,9,1,38.9,1,0,10,0,0,0,57.1,0,0,1,0,GRAMBLING,0,0,1,0,9,1,33.3,41.4,9,0,0,177,38,8,0,0,62.5,25,0,0,66,0,0,1
178381,Conor Fitzgibbon,S,0,0,,0,0,,MARIST,2,D16,19,17,0,0,1,2028,0,77.7,0,0,64.4,0,0,4,0,0,0,59.4,0,0,0,0,MARIST,1,0,0,0,,0,0,62.5,,72.1,0,213,19,0,0,0,0,15,0,0,,2,0,0
178382,Nate Furrow,LB,1,0,,0,1,100,MARIST,4,D54,42,32,0,2,1,2028,2,67.2,11,1,53.3,0,0,9,0,0,0,77.6,1,0,1,0,MARIST,4,0,0,0,11,9,14.3,66.9,11,0,0,213,44,8,0,0,152.1,33,2,2,66.8,0,1,2
178388,James Kratochvil,LB,1,0,,0,1,100,MARIST,3,D59,32,29,0,0,1,2028,0,49.4,25,1,46.1,0,0,8,0,0,0,67.5,0,0,0,0,MARIST,1,0,0,0,25,3,20,58.3,25,73.2,0,213,32,12,0,0,118.8,24,0,1,,0,0,0
178391,Jordan Mendoza,ED,0,0,,0,0,,MARIST,0,D91,0,0,0,8,1,2028,25,71.3,0,0,,0,0,0,6,0,0,59.9,0,1,0,0,MARIST,0,0,1,0,,0,0,61.6,,75.5,0,213,25,0,0,0,0,17,0,1,62.2,0,0,19
178395,Isaac Nkwantabisah-Asiedu,DI,0,0,,0,0,,MARIST,1,D90,0,0,0,3,1,2028,7,69.7,0,0,,0,0,0,0,0,0,29.2,0,0,0,0,MARIST,1,0,0,0,,0,0,27.6,,70,0,213,7,0,7,0,0,4,0,0,58.6,0,0,0
178401,Kade Werner,S,0,0,,1,1,,MARIST,3,D29,28,26,0,1,1,2028,0,64.4,0,0,65.6,0,0,8,0,0,0,88.9,0,0,0,0,MARIST,3,0,0,0,,2,16.7,84.4,,72,0,213,28,0,0,0,0,19,0,2,59.5,0,0,0
178404,Cooper Aurilia,S,0,0,,0,2,,STETSON,0,D31,6,1,0,0,1,2028,0,20.1,0,0,49.1,0,0,3,0,0,0,59.1,0,0,0,0,STETSON,0,0,0,0,,0,100,41.7,,68.9,0,302,6,0,0,0,0,3,0,0,,5,0,0
178421,Kyle Elphick,LB,1,0,,0,0,0,STETSON,1,D11,20,20,0,1,1,2028,4,77.8,0,0,50.5,0,1,13,0,0,0,67.5,0,0,0,0,STETSON,0,0,0,0,,0,0,55.9,,74.8,0,302,24,0,0,0,0,10,0,2,59.8,0,0,4
178431,Barrett Kennedy,ED,1,0,,0,0,100,STETSON,0,D58,2,1,0,1,1,2029,4,,19,1,51.8,0,0,2,0,0,0,60.4,0,0,0,0,STETSON,0,0,0,0,19,1,,46.7,19,71.8,0,302,6,20,0,0,158.3,3,0,0,60,0,1,4
178434,Renardo Lewis,DI,0,0,,0,0,,STETSON,1,D99,0,0,0,20,1,2028,38,71.3,0,0,,1,0,0,14,0,0,69.2,0,0,1,0,STETSON,1,0,1,0,,0,0,59.2,,0,0,302,38,0,22,0,0,18,0,0,55.4,0,0,2
178435,Andrew Martin,ED,1,0,,0,2,100,STETSON,2,D06,14,8,0,13,1,2028,33,24.1,22,1,55.8,0,0,10,1,0,0,39.3,0,0,0,0,STETSON,2,0,0,0,22,6,50,44.2,22,79.3,0,302,47,24,0,0,118.8,24,0,0,55.1,0,0,32
178437,Jabriel Muhammad,DI,0,0,,0,0,,STETSON,0,D95,0,0,0,2,1,2028,8,,0,0,,0,0,0,1,5,0,48.7,0,0,0,0,STETSON,0,0,0,0,,0,,45.3,,71.4,0,302,8,0,2,0,0,6,0,0,59.1,0,0,0
178462,Kasyus Kurns,CB,1,0,,0,0,0,TARLETON,0,D02,35,2,0,0,1,2026,1,74.3,0,0,73.4,0,1,19,0,0,0,58,21,0,0,0,TARLETON,0,0,0,0,,12,0,71.4,,75.9,0,401,36,0,0,0,0,17,0,1,,0,0,1
178480,Dillon Crowell,LB,2,0,,0,3,50,ALCORN ST,3,D45,29,27,0,5,1,2027,6,24.3,11,1,36.6,0,0,20,0,0,0,66.3,0,0,0,0,ALCORN ST,2,0,0,0,11,2,50,45.8,11,75,0,107,35,1,0,0,66.7,10,1,0,63.3,0,0,6
178483,Stemarion Edwards,LB,2,0,,0,1,50,ALCORN ST,4,D03,46,40,0,3,1,2026,2,46.9,5,1,75.2,0,1,26,0,0,0,59.3,0,1,0,0,ALCORN ST,1,0,1,0,5,5,14.3,73.8,5,84.5,0,107,48,7,0,0,16.7,19,1,2,67.2,0,0,2
178489,Brendan Gibson,ED,1,0,,0,1,100,ALCORN ST,0,D57,7,7,0,10,1,2026,10,20.1,14,1,37.1,0,0,5,0,0,0,60,0,0,0,0,ALCORN ST,0,0,0,0,14,0,100,39,14,74.1,0,107,17,3,0,0,118.8,2,0,0,55.1,0,0,10
178490,Tayvion Haney,CB,3,0,,0,0,33.3,ALCORN ST,2,D02,51,0,0,0,1,2028,0,78.2,4,1,74.6,0,0,38,0,0,0,65.7,51,0,0,0,ALCORN ST,1,0,0,0,4,0,0,75.1,4,76.5,0,107,51,1,0,0,42.4,13,0,1,,0,0,0
178493,Kayvon Henderson,LB,0,0,,0,0,,ALABAMA ST,0,D07,6,6,0,6,1,2028,1,,0,0,60,0,0,1,0,0,0,,0,0,0,0,ALABAMA ST,0,0,0,0,,0,,52.9,,69.7,0,105,7,0,0,0,0,0,0,0,54.1,0,0,1
178501,Geoffreyy Mckelton,S,5,0,,0,1,20,ALCORN ST,6,D05,55,19,0,0,1,2027,0,68.1,-2,1,76.9,0,1,30,0,0,0,69,0,0,0,0,ALCORN ST,2,0,0,0,-2,8,11.1,76.2,-2,77.6,0,107,55,1,0,0,0,25,2,2,,27,0,0
178524,Javien Blanks,DI,0,0,,0,0,,ARKAPB,0,D58,0,0,0,3,1,2028,8,,0,0,,0,0,0,3,1,0,67,0,0,0,0,ARKAPB,0,0,0,0,,0,,67.5,,70.6,0,112,8,0,4,0,0,5,0,0,57.3,0,0,0
178527,Deuce Cooper,CB,3,0,,0,2,66.7,LIUSHAR,1,D02,34,1,1,1,1,2028,0,26.4,-3,2,68.7,0,0,19,0,0,0,54.7,3,0,0,0,LIUSHAR,1,0,1,0,4,30,66.7,69.4,-1.5,78.2,0,1298,34,2,0,0,70.1,14,0,0,74.8,0,0,0
178533,Elijah Jenkins,ED,1,0,,0,0,0,ARKAPB,0,D08,1,0,0,9,1,2026,40,73,0,0,49.4,0,0,4,3,0,0,64,0,0,1,0,ARKAPB,0,0,0,0,,1,,72.3,,0,0,112,41,0,0,0,39.6,28,0,0,92.5,0,0,37
178534,Isaiah Jones,DI,0,0,,0,1,,ARKAPB,4,D92,0,0,0,12,1,2027,40,50.1,0,0,,0,0,0,6,4,0,58.7,0,0,0,0,ARKAPB,3,0,0,0,,0,20,59.3,,76,0,112,40,0,22,0,0,28,0,0,59.6,0,0,8
178540,Abdul Osholake,DI,0,0,,0,0,,ALBANY,0,D93,0,0,0,0,1,2026,2,,0,0,,0,0,0,0,2,0,60.5,0,0,0,0,ALBANY,0,0,0,0,,0,,62.7,,67.6,0,106,2,0,0,0,0,2,0,0,,0,0,0
178555,Ejike Brown,ED,0,0,,0,1,,HOUCHR,0,D94,0,0,0,11,1,2028,30,38.3,0,0,60,0,0,0,18,3,0,66.3,0,0,0,0,HOUCHR,0,0,0,0,,0,33.3,59.7,,75,0,183,30,0,7,0,0,19,0,2,55.4,0,0,2
178560,Jaden Davis,S,3,0,,0,0,33.3,BETH COOK,2,D28,52,20,0,0,1,2028,0,79.7,11,1,65.2,0,0,39,0,0,0,62.2,0,0,0,0,BETH COOK,0,0,0,0,11,15,0,65.5,11,76.7,0,119,52,5,0,1,45.1,13,0,0,,17,0,0
178564,Jeremy Greaves Jr.,ED,0,0,,0,0,,BETH COOK,1,D54,1,1,0,26,1,2028,36,72.2,0,0,,0,0,0,3,0,0,58.3,0,1,0,0,BETH COOK,1,0,1,0,,0,0,61.5,,79,0,119,37,0,0,0,0,11,0,0,62.2,0,0,33
178566,Johnny Harris III,CB,5,0,,0,1,40,BETH COOK,3,D08,52,0,0,0,1,2026,2,47.7,7,2,78.5,0,0,41,0,0,0,65,52,0,0,0,BETH COOK,1,0,0,0,9,0,25,78.7,3.5,77.3,0,119,54,4,0,3,47.9,13,1,0,,0,0,2
178572,Jaylen Lewis,LB,0,0,,0,0,,BETH COOK,1,D21,19,16,2,4,1,2028,0,78.6,0,0,65.6,0,0,13,0,0,0,66.7,0,0,0,0,BETH COOK,2,0,2,0,,3,0,77,,70.2,0,119,19,0,0,0,0,2,0,1,76.3,0,0,0
178582,Nichalas Rawls II,S,1,0,,0,0,0,BETH COOK,1,D23,8,5,0,0,1,2028,0,74.3,0,0,65.2,0,0,7,0,0,0,60,0,0,0,0,BETH COOK,0,0,0,0,,2,0,65.1,,71.6,0,119,8,0,0,0,39.6,1,0,0,,1,0,0
178588,Malik Stinnett,LB,4,0,,0,0,50,BETH COOK,3,D19,50,43,0,11,1,2028,0,80.6,23,2,58.8,1,0,25,0,0,0,51.6,0,0,0,0,BETH COOK,2,0,1,0,15,7,0,55.2,11.5,73.8,0,119,50,20,0,1,67.7,14,0,2,59.9,0,0,0
178590,Derrick Thompson,CB,2,0,,0,0,0,BETH COOK,0,D31,8,1,0,0,1,2027,0,,0,0,49.3,0,0,7,0,0,0,60,0,0,0,0,BETH COOK,0,0,0,0,,7,,48.7,,71.2,0,119,8,0,0,0,39.6,1,0,0,,0,0,0
178597,Champ Brantley,S,2,0,,0,1,50,CHARLES SO,2,D25,45,17,1,0,1,2028,0,61.2,9,1,59.7,0,0,17,0,0,0,60.4,1,0,0,0,CHARLES SO,1,0,1,0,9,7,20,65,9,75,0,135,45,11,0,0,62.5,28,0,2,82,20,0,0
178619,Steve Zayachkowsky,LB,2,0,,0,0,50,CHARLES SO,4,D05,34,32,0,3,1,2028,2,81.3,7,1,76.9,0,0,12,0,0,0,75.2,0,0,0,0,CHARLES SO,2,0,0,0,7,1,0,80.1,7,71.4,0,135,36,2,0,1,58.3,21,1,2,57.5,1,0,2
178625,Leon Thomas,CB,1,0,,0,0,100,TENN TECH,1,D07,24,3,0,0,1,2028,0,74.2,9,1,65.7,0,0,13,0,0,0,65,19,0,0,0,TENN TECH,0,0,0,0,9,2,0,67.2,9,73.1,0,309,24,10,0,0,104.2,11,0,0,,0,0,0
178643,Jayven Jackson,LB,0,0,,0,0,,PRVIEW A&M,0,D45,3,3,0,0,1,2028,0,,0,0,60,0,0,1,0,0,0,60,0,0,0,0,PRVIEW A&M,0,0,0,0,,0,,62.2,,66.1,0,270,3,0,0,0,0,2,0,0,,0,0,0
178645,Treylan James,CB,1,0,,0,0,100,SOUTHERN U,2,D05,75,1,0,0,1,2028,0,77,6,1,72.7,0,0,38,0,0,0,67.3,74,0,0,0,SOUTHERN U,0,0,0,0,6,0,0,73.2,6,77.7,0,297,75,0,0,0,91.7,37,0,0,,0,0,0
178646,Keon Jones,CB,3,0,,0,1,100,FURMAN,3,D09,54,4,0,0,1,2026,0,46.5,17,3,64.4,0,0,22,0,0,0,64.8,50,0,0,0,FURMAN,0,0,0,0,7,0,25,65.4,5.7,76.2,0,170,54,6,0,0,90.3,32,0,0,,0,0,0
178653,Jahiem O'Hara,ED,0,0,,0,0,,PRVIEW A&M,1,D98,0,0,0,4,1,2029,6,71.5,0,0,,0,0,0,3,0,0,56.5,0,0,0,0,PRVIEW A&M,1,0,0,0,,0,0,52.5,,70.1,0,270,6,0,1,0,0,2,0,0,58.2,0,0,2
178655,Braelen Perry,DI,0,0,,0,0,,TENN STATE,0,D00,0,0,0,11,1,2026,15,,0,0,,0,0,0,0,1,0,49.1,0,0,0,0,TENN STATE,0,0,0,0,,0,,47.6,,72.4,0,308,15,0,14,0,0,4,0,0,56.8,0,0,0
178661,Tiago Sumbo,DI,0,0,,0,0,,PRVIEW A&M,0,D94,0,0,1,6,1,2026,8,70.1,0,0,,0,0,0,0,5,0,60.1,0,0,0,0,PRVIEW A&M,1,0,1,0,,0,,84.3,,71.6,0,270,8,0,3,0,0,2,0,0,85.6,0,0,0
178662,Tito Chikere,ED,0,0,,0,0,,TXAMEA,2,D13,1,1,0,34,1,2027,67,73.8,0,0,60,0,0,0,13,0,0,69.2,0,0,0,0,TXAMEA,1,0,0,0,,0,0,64.8,,79.5,0,1139,68,0,1,0,0,34,1,0,52.7,0,0,53
178669,O'marion Brown,DI,0,0,,0,0,,WOFFORD,2,D90,2,2,0,12,1,2028,16,74.1,0,0,60,0,0,1,0,7,0,72.9,0,0,0,0,WOFFORD,2,0,0,0,,0,0,67.1,,74.2,0,350,18,0,9,0,0,5,0,0,55.4,0,0,0
178670,Eli Campbell,S,0,0,,0,1,,WOFFORD,2,D09,68,14,0,0,1,2028,0,41.8,0,0,73.3,0,0,40,0,0,0,69,0,0,1,0,WOFFORD,1,0,0,0,,7,33.3,70.4,,0,0,350,68,0,0,0,0,28,0,0,,47,0,0
178677,Jacobi Hatter,S,0,0,,0,0,,WOFFORD,0,D16,8,1,0,0,1,2028,0,,0,0,62.4,0,0,5,0,0,0,60,0,0,0,0,WOFFORD,0,0,0,0,,1,,62.9,,70.9,0,350,8,0,0,0,0,3,0,0,,6,0,0
178690,Jalen Rambert,LB,4,0,,0,2,75,WOFFORD,9,D15,57,40,0,1,1,2029,2,57.4,42,3,74,0,0,34,0,0,0,56.4,0,1,0,0,WOFFORD,5,0,1,0,26,17,15.4,72.1,14,78.2,0,350,59,27,0,1,108.3,24,1,2,66.1,0,0,2
178696,Javario Tinch,S,7,0,,0,1,85.7,WOFFORD,5,D12,59,19,0,9,1,2028,9,73.5,21,6,71.6,0,0,31,0,0,0,69.3,0,0,0,0,WOFFORD,2,0,0,0,18,33,11.1,70.9,3.5,77.9,0,350,68,40,0,0,79.2,28,1,3,56,7,0,9
178859,James Bradley,ED,0,0,,0,2,,MS VLY ST,1,D40,0,0,0,19,1,2028,38,22.7,0,0,60,1,0,0,3,0,0,49.8,0,0,0,0,MS VLY ST,1,0,1,0,,0,66.7,51.6,,76.8,0,228,38,0,0,0,0,19,1,0,56.1,0,0,35
178864,Douglas Franklin,LB,6,0,,0,1,100,MS VLY ST,4,D32,25,13,0,3,1,2028,1,65.1,56,6,51.4,0,0,13,0,0,0,67.3,0,1,1,0,MS VLY ST,1,0,1,0,16,12,12.5,49.7,9.3,0,0,228,26,21,0,0,105.6,10,0,3,57.7,0,0,1
178871,Ejavious Jackson,DI,0,0,,0,0,,ALCORN ST,2,D91,1,0,0,23,1,2027,30,72.2,0,0,60,0,0,0,2,5,0,61.4,0,0,0,0,ALCORN ST,1,0,0,0,,0,0,56.6,,75.2,0,107,31,0,15,0,0,8,1,0,53,0,0,8
178888,Amir Williams,S,0,0,,0,0,,MS VLY ST,0,D29,8,3,0,0,1,2028,0,,0,0,62.3,0,0,3,0,0,0,60,0,0,0,0,MS VLY ST,0,0,0,0,,3,,62.9,,74,0,228,8,0,0,0,0,5,0,0,,2,0,0
178950,Iyioluwa Adekoya,ED,0,0,,0,0,,LAMAR,1,D83,0,0,0,3,1,2029,9,71.3,0,0,,0,0,0,4,0,0,64.2,0,0,0,0,LAMAR,0,0,0,0,,0,0,62.9,,71,0,204,9,0,1,0,0,6,0,0,56.9,0,0,4
178952,Brenden Bradshaw,S,0,0,,0,0,,LAMAR,0,D31,7,2,0,0,1,2028,0,74.8,0,0,60.6,0,0,2,0,0,0,64.4,0,0,0,0,LAMAR,0,0,0,0,,5,0,64.2,,69.5,0,204,7,0,0,0,0,5,0,1,,0,0,0
178958,Peyton Christian,DI,0,0,,0,0,,LAMAR,0,D03,0,0,0,11,1,2028,23,,0,0,,2,0,0,0,18,0,59,0,0,0,0,LAMAR,0,0,2,0,,0,,80.4,,76,0,204,23,0,5,0,0,12,0,0,91.3,0,0,0
178960,Mar Mar Evans,S,1,0,,0,0,0,LAMAR,1,D09,20,9,0,0,1,2029,0,74.3,0,0,55.9,0,0,13,0,0,0,60.3,0,0,0,0,LAMAR,0,0,0,0,,1,0,57.5,,72.2,0,204,20,0,0,0,39.6,7,0,0,,10,0,0
178980,Kei'Trone Simpson,ED,0,0,,0,0,,LAMAR,0,D10,0,0,0,12,1,2028,21,,0,0,,1,0,0,15,0,0,71.8,0,0,0,0,LAMAR,0,0,1,0,,0,,76.7,,73.1,0,204,21,0,1,0,0,9,0,0,69.4,0,0,5
178981,Alex Sumler,ED,0,0,,0,0,,LAMAR,1,D91,0,0,0,11,1,2029,18,70.8,0,0,,0,0,0,11,0,0,68.4,0,0,0,0,LAMAR,1,0,0,0,,0,0,65.1,,72.4,0,204,18,0,4,0,0,7,0,0,56.5,0,0,3
178982,Tre Turner,CB,0,0,,0,0,,LAMAR,0,D23,13,1,0,0,1,2028,0,,0,0,64.3,0,0,7,0,0,0,60,12,0,0,0,LAMAR,0,0,0,0,,0,,65,,71.3,0,204,13,0,0,0,0,6,0,0,,0,0,0
178991,Mikey Allen,CB,6,0,,0,1,33.3,SO UTAH,2,D20,66,3,0,0,1,2029,0,53.5,3,2,77,0,1,39,0,0,0,64.3,62,0,0,0,SO UTAH,1,0,0,0,2,1,33.3,76.7,1.5,77.4,0,298,66,2,0,1,2.8,27,0,0,,0,0,0
179001,Shyne Johnson,CB,1,0,,0,0,0,SO UTAH,1,D22,13,0,0,0,1,2028,0,72.5,0,0,70.2,0,0,11,0,0,0,61.3,0,0,0,0,SO UTAH,0,0,0,0,,13,0,71.5,,73.8,0,298,13,0,0,0,39.6,2,0,0,,0,0,0
179019,Mason Stromstad,LB,5,0,,0,0,80,SO UTAH,4,D53,67,59,0,1,1,2028,0,79.1,43,4,64.3,0,0,38,0,0,0,57,0,0,0,1,SO UTAH,2,0,0,0,20,8,0,63.4,10.8,74.7,0,298,67,37,0,1,102.5,28,0,0,67.6,0,0,0
179056,Jordan Franklin,LB,0,0,,0,1,,SCAR STATE,3,D10,39,31,1,0,1,2029,1,56.2,0,0,64.9,0,0,25,0,0,0,71.9,0,0,0,1,SCAR STATE,3,0,1,0,,8,20,73.3,,76.5,0,290,40,0,0,0,0,15,0,1,76.8,0,0,1
179283,Daniel Matagi,DI,0,0,,0,0,,PORTLAND,0,D55,0,0,0,25,1,2028,43,,0,0,,0,0,0,3,3,0,60.8,0,1,0,0,PORTLAND,0,0,1,0,,0,,62.5,,75.8,0,269,43,0,37,0,0,18,0,0,62.1,0,0,0
180160,Zach Johnson,CB,7,0,,0,0,42.9,SE LA,2,D28,34,0,0,0,1,2028,0,77,21,3,85.3,0,0,18,0,0,0,62.2,34,0,0,0,SE LA,1,0,0,0,9,0,0,84.2,7,74.8,0,294,34,-2,0,2,50.3,16,0,0,,0,0,0
180242,Michael Grant,ED,0,0,,0,0,,BRYANT,2,D17,0,0,1,10,1,2028,18,75.3,0,0,,0,0,0,8,0,0,56.2,0,0,0,0,BRYANT,2,0,1,0,,0,0,62.8,,74.5,0,124,18,0,0,0,0,8,0,0,67.3,0,0,10
181163,Norman Massey,ED,2,0,,0,0,50,LIUSHAR,3,D13,20,17,0,24,1,2026,38,77.6,3,1,80.6,2,0,13,0,0,0,66.6,0,0,0,0,LIUSHAR,2,0,2,0,3,3,0,76.1,3,78.8,0,1298,58,7,0,1,56.3,21,0,0,64.1,0,0,38
181169,Blake Murphy,CB,0,0,,0,0,,PRVIEW A&M,0,D16,3,0,0,0,1,2029,0,,0,0,60,0,0,1,0,0,0,60,3,0,0,0,PRVIEW A&M,0,0,0,0,,0,,61.1,,67.3,0,270,3,0,0,0,0,2,0,0,,0,0,0
181171,Travor Randle,S,3,0,,0,0,0,PRVIEW A&M,0,D04,12,5,0,0,1,2026,0,,0,0,74,0,0,10,0,0,0,60,0,0,0,0,PRVIEW A&M,0,0,0,0,,0,,72.3,,71,0,270,12,0,0,0,39.6,2,0,0,,7,0,0
181176,Jaylan Ware,DI,0,0,,0,0,,JACKSON ST,1,D14,0,0,0,6,1,2026,10,69.7,0,0,,0,0,0,2,1,0,69.4,0,0,0,0,JACKSON ST,1,0,0,0,,0,0,73.9,,71.3,0,194,10,0,7,0,0,4,0,0,64.7,0,0,0
181183,Arenza Davis,ED,0,0,,0,1,,ALAB A&M,2,D43,0,0,0,16,1,2030,33,46.5,0,0,,1,0,0,0,0,0,69.8,0,0,0,0,ALAB A&M,1,0,1,0,,0,33.3,68.1,,78.7,0,104,33,0,0,0,0,17,0,0,59.8,0,0,33
181250,Jy Martin,S,1,0,,0,0,0,N DAKOTA,1,D04,54,14,0,3,1,2027,1,80.3,0,0,80.5,0,0,37,0,0,0,71.8,0,0,0,0,N DAKOTA,0,0,0,0,,5,0,81.9,,77.2,0,249,55,0,0,1,39.6,15,0,2,67.4,35,0,1
181272,Avery Scott,CB,5,0,,0,0,0,N DAKOTA,1,D02,42,5,0,0,1,2027,0,74.2,0,0,71.8,0,0,32,0,0,0,61.2,35,0,1,0,N DAKOTA,1,0,0,0,,1,0,67.8,,0,0,249,42,0,0,1,39.6,10,0,0,,1,0,0
181332,Deandre Creary,CB,5,0,,0,0,60,AUSTINPEAY,3,D06,34,3,0,0,1,2027,0,78.5,56,3,77.8,0,0,23,0,0,0,63.2,31,0,0,0,AUSTINPEAY,2,0,0,0,44,0,0,77.6,18.7,74.3,0,116,34,18,0,1,98.8,11,0,0,,0,0,0
181346,Justin Gilbert,DI,0,0,,0,0,,MERCER,0,D53,0,0,0,26,1,2026,37,72.2,0,0,60,1,0,0,2,0,0,71.5,0,0,1,0,MERCER,0,0,1,0,,0,0,67.4,,0,0,219,37,0,35,0,0,11,0,2,66.7,0,0,0
181438,Deidric Gibson,CB,4,0,,0,0,50,DELWARE ST,1,D29,25,1,0,3,1,2027,1,77.5,31,2,48,0,0,19,0,0,0,62.8,5,0,0,0,DELWARE ST,0,0,0,0,20,19,0,51.8,15.5,77.6,0,152,26,5,0,0,76,4,0,1,66,0,0,1
182298,Elijah Johnson,ED,0,0,,0,0,,SAN DIEGO,0,D14,0,0,0,3,1,2026,6,,0,0,,0,0,0,0,0,0,60.1,0,0,0,0,SAN DIEGO,0,0,0,0,,0,,59.2,,72.1,0,283,6,0,0,0,0,3,0,0,58.1,0,0,6
182314,Ty Rawls,S,0,0,,0,0,,TARLETON,4,D06,27,10,0,0,1,2026,0,80.4,0,0,65.9,0,0,15,0,0,0,81.8,0,0,0,0,TARLETON,3,0,0,0,,4,0,74.8,,75,0,401,27,0,0,0,0,12,0,0,,13,0,0
182315,Eric Thomas Jr,ED,1,0,,0,0,100,ALCORN ST,1,D15,9,8,1,25,1,2029,36,75.8,10,1,48.6,1,0,5,6,0,0,68.8,0,0,0,0,ALCORN ST,2,0,2,0,10,0,0,60.3,10,77.8,0,107,45,2,3,0,108.3,15,0,0,59.3,0,0,27
182354,Jeremiah Hudson-Davis,S,3,0,,0,2,100,ALAB A&M,4,D23,56,42,0,2,1,2030,2,40,62,3,45.5,0,0,30,0,0,0,63.1,0,0,0,0,ALAB A&M,1,0,0,0,39,9,25,51.1,20.7,73.8,0,104,58,36,0,0,118.8,26,0,2,58.2,5,0,2
182711,Mario Keanon,DI,0,0,,0,0,,DELWARE ST,0,D54,0,0,0,11,1,2026,13,,0,0,,0,0,0,13,0,1,57.9,0,0,0,1,DELWARE ST,0,0,0,0,,0,,60.5,,71.3,0,152,13,0,0,0,0,2,0,0,65.9,0,0,0
182861,David Loch,LB,0,0,,0,0,,SAN DIEGO,0,D44,11,11,0,0,1,2028,0,73.2,0,0,60.4,0,0,2,0,0,0,60.3,0,0,0,0,SAN DIEGO,0,0,0,0,,0,0,61.7,,71.1,0,283,11,0,0,0,0,9,0,1,,0,0,0
182862,James Gardner Jr.,ED,0,0,,0,1,,FL A&M,0,D15,2,2,0,32,1,2026,58,23.8,0,0,,4,0,0,5,0,0,53.8,0,0,0,0,FL A&M,0,0,4,0,,0,100,59.7,,78.5,0,164,60,0,12,0,0,28,0,0,64.3,0,0,41
182896,Zarion Walters,ED,0,0,,0,0,,NC CENT,3,D16,0,0,0,6,1,2029,18,78.7,0,0,,0,0,0,2,0,0,78,0,1,0,1,NC CENT,2,0,1,0,,0,0,79.6,,75.7,0,247,18,0,0,0,0,12,0,2,64.5,0,0,16
182907,Tramaine Chism,DI,0,0,,0,0,,TARLETON,1,D92,0,0,0,7,1,2026,16,71.9,0,0,,0,0,0,0,4,0,68.3,0,0,0,0,TARLETON,1,0,0,0,,0,0,66.5,,73.1,0,401,16,0,12,0,0,9,0,1,56.8,0,0,0
182936,Jordan Dollard,ED,0,0,,0,0,,SCAR STATE,3,D09,1,1,2,19,1,2029,26,78.4,0,0,,1,0,0,3,0,0,74.6,0,1,1,0,SCAR STATE,3,0,4,0,,0,0,71.3,,0,0,290,27,0,0,0,0,8,1,0,69.5,0,0,23
182937,Hunter Puckett,ED,0,0,,0,2,,SCAR STATE,0,D29,0,0,0,17,1,2029,29,26.3,0,0,,2,0,0,3,1,0,65.6,0,0,0,0,SCAR STATE,0,0,2,0,,0,66.7,54,,77.8,0,290,29,0,4,0,0,12,0,1,47.7,0,0,21
183007,Sean Scheck,DI,0,0,,0,0,,SAN DIEGO,1,D76,0,0,1,13,1,2028,21,74.3,0,0,,2,0,0,10,2,0,69.9,0,0,0,0,SAN DIEGO,2,0,3,0,,0,0,75.5,,73.7,0,283,21,0,9,0,0,8,1,1,70.1,0,0,0
183039,Cameron Williams,CB,4,0,,1,0,75,NC CENT,5,D27,59,26,0,2,1,2029,9,83.8,26,3,93,1,0,19,0,0,0,69,0,0,0,0,NC CENT,3,0,1,0,25,32,0,90.3,8.7,76.7,0,247,68,37,0,0,131.3,47,0,4,64.9,0,1,9
183040,LaShon Young,S,2,0,,0,1,50,SAMFORD,2,D09,27,23,0,0,1,2029,0,39.3,18,1,66.5,0,0,7,0,0,0,50.1,0,0,0,0,SAMFORD,1,0,0,0,18,2,33.3,58.3,18,73.7,0,282,27,15,0,1,81.3,20,0,0,,2,0,0
183237,Zaquan Patterson,CB,4,0,,0,2,50,ALABAMA ST,2,D00,33,9,0,2,1,2029,1,29.3,12,2,78.5,0,0,17,0,0,0,33.6,0,0,0,0,ALABAMA ST,2,0,0,0,8,24,50,64.6,6,76.7,0,105,34,17,0,0,56.3,15,0,0,59.7,0,0,1
183369,Wyatt Wright,LB,0,0,,0,0,,ALAB A&M,4,D09,17,15,0,0,1,2030,0,80,0,0,78.2,0,0,8,0,0,0,64.4,0,0,0,0,ALAB A&M,3,0,0,0,,2,0,78.5,,71.3,0,104,17,0,0,1,0,9,1,0,,0,0,0
183441,Eli Hiscock,ED,0,0,,0,0,,WAGNER,0,D14,5,3,0,4,1,2029,4,,0,0,61.3,0,0,3,0,0,0,60,0,0,0,1,WAGNER,0,0,0,0,,1,,66.1,,69.8,0,338,9,0,0,0,0,2,0,0,65.6,0,0,4
183446,Jaylen Pettus,ED,0,0,,0,0,,N IOWA,3,D95,0,0,0,16,1,2027,34,75.1,0,0,,1,0,0,12,0,0,82.7,0,0,0,0,N IOWA,2,0,1,0,,0,0,89.6,,75.1,0,255,34,0,2,0,0,18,1,0,79.2,0,0,20
183590,Evan Taylor,CB,0,0,,0,1,,MERCER,0,D29,7,3,0,0,1,2029,0,,0,0,61.9,0,0,4,0,0,0,60,4,0,0,0,MERCER,0,0,0,0,,0,100,62.8,,67.4,0,219,7,0,0,0,0,3,0,0,,0,0,0
183670,Hank Weber,DI,0,0,,0,1,,SAMFORD,1,D60,0,0,0,10,1,2029,23,28,0,0,,0,0,0,0,18,0,58.6,0,0,0,0,SAMFORD,1,0,0,0,,0,50,61.1,,75.4,0,282,23,0,5,0,0,13,0,0,63.5,0,0,0
183769,Dallin Havea,ED,0,0,,0,3,,UTAHTC,2,D20,3,0,0,19,1,2030,43,23.8,0,0,,2,0,0,0,0,0,56.8,0,0,0,0,UTAHTC,2,0,2,0,,3,50,64,,80.6,0,1285,46,0,0,0,0,27,0,1,72,0,0,43
183807,Will Gavin,CB,1,0,,0,0,0,INDIANA ST,1,D13,5,0,0,0,1,2027,0,73.5,0,0,60,0,0,1,0,0,0,49.4,5,0,0,0,INDIANA ST,0,0,0,0,,0,0,49.2,,68.7,0,191,5,0,0,0,39.6,4,0,0,,0,0,0
184067,Caleb Turner,S,2,0,,0,1,100,NORFOLK,0,D28,26,2,0,0,1,2030,0,28.8,104,2,26.8,0,0,12,0,0,0,62,0,0,0,0,NORFOLK,0,0,0,0,74,5,50,27.1,52,74.6,0,244,26,58,0,0,158.3,14,0,1,,19,1,0
184208,Max Mogelson,DI,0,0,,0,0,,STTHOM,0,D95,0,0,1,9,1,2028,14,71.5,0,0,,0,0,0,0,0,0,62,0,1,0,0,STTHOM,1,0,2,0,,0,,70.3,,72.4,0,1129,14,0,12,0,0,5,0,0,70.1,0,0,2
184214,Elijah Wilson,S,0,0,,0,0,,PRVIEW A&M,0,D46,3,0,0,0,1,2028,0,,0,0,60,0,0,1,0,0,0,60,0,0,0,0,PRVIEW A&M,0,0,0,0,,0,,60.2,,67,0,270,3,0,0,0,0,2,0,0,,3,0,0
184286,Demarcious Robinson,LB,2,0,,0,1,100,N ALABAMA,9,D05,52,30,1,8,1,2026,9,62.5,9,2,50.7,1,0,25,0,0,0,80.4,0,0,0,0,N ALABAMA,6,0,2,0,8,22,9.1,61.7,4.5,75.8,0,389,61,10,0,0,85.4,28,0,1,54.8,0,0,9
184307,Marcellus Nash,ED,0,0,,0,1,,HAMPTON,4,D06,0,0,0,19,1,2029,59,56.3,0,0,59.7,0,0,0,19,0,0,56.4,0,0,0,0,HAMPTON,0,0,0,0,,0,11.1,57.1,,77.8,0,178,59,0,0,0,0,40,0,4,59.1,0,0,40
184335,Ny'Len Jones,LB,2,0,,0,0,0,CENT ARK,3,D16,39,31,0,4,1,2026,5,81.2,0,0,74.9,0,0,20,0,0,0,40.8,0,0,0,0,CENT ARK,2,0,0,0,,8,0,58.9,,76.5,0,132,44,0,0,1,39.6,20,0,2,54.7,0,0,5
184457,De'Myrion Johnson,DI,0,0,,0,1,,SOUTHERN U,1,D97,0,0,0,20,1,2029,34,26.2,0,0,,1,0,0,0,0,0,56.5,0,0,0,0,SOUTHERN U,1,0,1,0,,0,50,57.4,,75,0,297,34,0,34,0,0,14,0,0,59.1,0,0,0
184613,Trey Lenhardt,S,0,0,,0,0,,SAMFORD,0,D19,8,3,0,0,1,2030,0,,0,0,61.9,0,0,3,0,0,0,60.2,0,0,0,0,SAMFORD,0,0,0,0,,3,,62.6,,71.6,0,282,8,0,0,0,0,5,0,0,,2,0,0
184622,Keyshawn Jackson,CB,1,0,,0,0,0,CHATTNOOGA,1,D07,13,0,0,0,1,2029,0,73.5,0,0,70.4,0,0,7,0,0,0,55,13,0,1,0,CHATTNOOGA,0,0,0,0,,0,0,58.9,,0,0,137,13,0,0,0,39.6,6,0,0,,0,0,0
184826,Matthew Bess,CB,0,0,,0,0,,HOUCHR,0,D22,3,1,0,0,1,2028,0,,0,0,61.4,0,0,2,0,0,0,60,0,0,0,0,HOUCHR,0,0,0,0,,2,,62.5,,67.9,0,183,3,0,0,0,0,1,0,0,,0,0,0
184914,Mason Edwards,CB,2,0,,0,1,0,MCNEESE,4,D04,70,3,0,0,1,2028,0,53.6,0,0,78,0,0,21,0,0,0,54.7,61,0,0,0,MCNEESE,2,0,0,0,,6,20,71.7,,77.5,0,217,70,0,0,1,39.6,49,0,0,,0,0,0
184985,Mikey D'Amato,LB,4,0,,0,1,100,CAL POLY,10,D44,59,55,1,5,1,2028,3,75.2,21,4,74.1,0,0,26,0,0,0,67.7,0,0,0,0,CAL POLY,5,0,1,0,10,4,5.9,74.8,5.3,77.6,0,129,62,10,0,0,88.5,31,0,6,63.3,0,0,3
184994,Travis Arena,ED,0,0,,0,1,,N ARIZONA,2,D10,25,18,0,23,1,2026,34,58.8,0,0,71.1,0,0,17,0,0,0,61.3,0,0,0,0,N ARIZONA,1,0,0,0,,7,14.3,64.4,,79.9,0,252,59,0,0,0,0,19,0,4,54.2,0,0,34
184998,Michael Beresford,CB,3,0,,1,1,66.7,N ARIZONA,2,D04,34,0,0,0,1,2029,0,38.2,20,2,68.7,0,0,28,0,0,0,45.1,18,0,1,0,N ARIZONA,1,0,0,0,15,15,33.3,65,10,76.8,0,252,34,4,0,0,85.4,6,0,0,,1,0,0
185003,Ramere Davis,ED,1,0,,0,0,100,N ARIZONA,4,D43,24,10,1,28,1,2029,38,80.7,9,1,60.5,3,0,16,0,0,0,57.2,0,0,0,1,N ARIZONA,2,0,4,0,9,14,0,66,9,82.9,0,252,62,12,0,0,104.2,18,0,0,71.5,0,0,38
185011,Jerry Johnson III,S,1,0,,0,0,100,N ARIZONA,1,D13,11,0,0,0,1,2029,0,75.1,13,1,65.7,0,0,6,0,0,0,60,0,0,0,0,N ARIZONA,0,0,0,0,13,9,0,66.1,13,72.5,0,252,11,7,0,0,118.8,5,0,0,,2,0,0
185012,Ty Jones,S,4,0,,0,0,75,NORFOLK,5,D21,65,13,0,0,1,2028,0,82.7,38,3,50.3,0,0,31,0,0,0,71.1,42,0,0,0,NORFOLK,0,0,0,0,15,1,0,56.1,12.7,75.8,0,244,65,25,0,0,143.8,34,0,1,,9,1,0
185017,Blake Lauritzen,ED,0,0,,0,0,,N ARIZONA,1,D41,1,1,0,0,1,2029,0,73.6,0,0,,0,0,0,0,0,0,62,0,0,0,0,N ARIZONA,0,0,0,0,,0,0,65.1,,64.1,0,252,1,0,0,0,0,1,0,0,,0,0,0
185028,Makur Abram,ED,0,0,,0,0,,N COLORADO,1,D05,1,1,0,9,1,2029,19,70.8,0,0,65.2,0,0,4,5,0,0,57.1,0,0,0,0,N COLORADO,0,0,0,0,,0,0,63,,75.6,0,253,20,0,0,1,0,7,0,0,62,0,0,14
185048,Kenen Elder,CB,0,0,,0,0,,PORTLAND,1,D21,7,2,0,0,1,2030,1,72.2,0,0,62,0,0,3,0,0,0,63,5,0,0,0,PORTLAND,1,0,0,0,,0,0,64.8,,70.6,0,269,8,0,0,0,0,5,0,0,,0,0,1
185058,Bryson Ross,CB,4,0,,0,2,50,PORTLAND,3,D07,43,0,0,1,1,2029,0,42.9,72,2,60,1,0,25,0,0,0,37.9,43,0,0,0,PORTLAND,0,0,1,0,48,0,40,54.5,36,75.8,0,269,43,4,0,1,135.4,17,0,0,59.8,0,2,0
185060,Jayden Sandusky,DI,0,0,,0,0,,PORTLAND,2,D63,0,0,0,9,1,2027,17,71.3,0,0,,0,0,0,5,3,0,70.9,0,0,0,0,PORTLAND,1,0,0,0,,0,0,67.3,,72.7,0,269,17,0,9,0,0,8,0,0,55.6,0,0,0
185068,Theo Thompson,S,2,0,,0,0,0,PORTLAND,0,D14,17,7,0,0,1,2030,0,74.8,0,0,82.8,0,0,9,0,0,0,56.2,0,0,0,0,PORTLAND,0,0,0,0,,0,0,75,,71.8,0,269,17,0,0,1,39.6,8,0,1,,10,0,0
185097,LJ Roberts,LB,1,0,,0,0,100,PORTLAND,3,D26,36,32,0,5,1,2028,3,79.6,11,1,52,0,0,18,0,0,0,67.2,0,0,0,0,PORTLAND,2,0,0,0,11,4,0,57.3,11,73.9,0,269,39,6,0,0,112.5,16,0,1,56.5,0,0,3
185112,Rayne Mayo Jr.,DI,0,0,,0,0,,UC DAVIS,0,D92,0,0,0,19,1,2029,32,,0,0,59.7,0,0,1,0,13,0,55.4,0,0,0,0,UC DAVIS,0,0,0,0,,0,,56.2,,76.3,0,322,32,0,18,0,0,12,0,0,59.3,0,0,1
185119,Jackson Sievers,LB,7,0,,1,3,85.7,UC DAVIS,8,D15,70,58,0,0,1,2029,0,38.7,70,6,64.5,0,0,52,0,0,0,54.2,2,0,0,0,UC DAVIS,4,0,0,0,24,8,25,62,11.7,75.2,0,322,70,43,0,0,108.3,18,0,1,,2,0,0
185131,Donavan Philord,CB,5,0,,0,0,40,CAMPBELL,3,D12,45,3,0,0,1,2029,0,79.5,3,2,81.5,0,0,23,0,0,0,59.8,42,0,0,0,CAMPBELL,3,0,0,0,3,0,0,78.8,1.5,75.6,0,131,45,2,0,1,47.9,22,0,1,,0,0,0
185137,Mylan Bowen,ED,0,0,,0,1,,CHARLES SO,0,D10,3,2,0,11,1,2029,18,,0,0,60.9,0,0,2,1,0,0,53.3,0,0,1,0,CHARLES SO,0,0,0,0,,1,100,52.3,,0,0,135,21,0,0,0,0,8,0,0,65.7,0,0,17
185140,Knai Cook,S,2,0,,1,0,50,CHARLES SO,4,D26,53,12,0,0,1,2029,0,84.7,11,1,63.8,0,0,22,0,0,0,65.5,0,0,0,0,CHARLES SO,2,0,0,0,11,8,0,65.2,11,77,0,135,53,18,0,0,66.7,31,0,2,,33,0,0
185147,Shamar Hall,S,1,0,,0,1,100,CHARLES SO,0,D14,31,5,0,3,1,2028,9,21.8,8,1,52.3,0,0,14,0,0,0,63.3,0,0,0,0,CHARLES SO,0,0,0,0,8,26,100,55.5,8,79.6,0,135,40,14,0,0,100,23,0,0,59.4,0,0,9
185149,Kason Hooks,S,0,0,,0,0,,CHARLES SO,3,D34,13,1,0,0,1,2029,0,82.9,0,0,69.1,0,0,8,0,0,0,62.6,0,0,0,0,CHARLES SO,0,0,0,0,,4,0,70,,73.1,0,135,13,0,0,0,0,5,0,1,,8,0,0
185154,CJ Landrum,DI,0,0,,0,0,,CHARLES SO,2,D91,1,1,0,16,1,2029,36,72.2,0,0,,1,0,0,14,0,0,76.8,0,0,0,0,CHARLES SO,2,0,1,0,,0,0,77.6,,74.8,0,135,37,0,22,0,0,21,0,0,66.1,0,0,0
185162,Anthony Paulk,CB,4,0,,0,1,75,CHARLES SO,4,D19,45,7,0,0,1,2029,0,53.1,60,3,49,0,0,19,0,0,0,58.8,31,0,0,0,CHARLES SO,1,0,0,0,25,7,20,50.9,20,75.8,0,135,45,16,0,0,156.3,26,0,0,,0,1,0
185178,Robert Holtz,ED,0,0,,0,2,,GARD-WEBB,2,D08,0,0,0,30,1,2026,49,28.5,0,0,,3,0,0,0,5,0,65.8,0,0,0,0,GARD-WEBB,0,0,3,0,,0,50,59,,78.4,0,171,49,0,0,0,0,19,0,0,53.3,0,0,44
185196,Ameer Johnson,ED,0,0,,0,0,,ROB MORRIS,3,D97,0,0,0,16,1,2028,26,74.9,0,0,60,0,0,0,9,0,0,57.2,0,0,0,0,ROB MORRIS,1,0,0,0,,0,0,54.2,,74.4,0,277,26,0,0,0,0,10,0,0,53.1,0,0,17
185197,David Johnson,DI,0,0,,0,0,,ROB MORRIS,2,D51,0,0,0,15,1,2029,27,72.2,0,0,60,0,0,0,0,0,0,57.4,0,0,0,0,ROB MORRIS,1,0,0,0,,0,0,56,,74.2,0,277,27,0,27,0,0,12,1,0,55.1,0,0,0
185204,Israel Petite,CB,4,0,,0,2,25,ROB MORRIS,2,D12,32,1,0,0,1,2030,0,23.6,6,1,63.8,0,0,22,0,0,0,41,20,0,0,0,ROB MORRIS,2,0,0,0,6,11,50,58.2,6,75,0,277,32,6,0,1,39.6,10,0,0,,0,0,0
185206,Xavier Styles,S,2,0,,1,1,50,ROB MORRIS,2,D24,53,9,0,0,1,2029,0,37.5,0,1,88.3,0,0,32,0,0,0,53.2,0,0,1,0,ROB MORRIS,0,0,0,0,0,33,33.3,82,0,78,0,277,53,1,0,1,56.3,21,0,0,,11,0,0
185208,Camdon Wilborn,DI,0,0,,0,1,,ROB MORRIS,5,D90,0,0,0,23,1,2029,37,53.3,0,0,63.2,1,0,0,0,3,0,54.7,0,0,0,0,ROB MORRIS,3,0,1,0,,0,10,59,,75.5,0,277,37,0,34,0,0,14,0,4,54.5,0,0,0
185221,DJ Dixon,S,0,0,,0,1,,TENN STATE,3,D13,47,20,0,4,1,2029,6,57.2,0,0,65.4,0,0,32,0,0,0,50,0,0,0,0,TENN STATE,3,0,0,0,,17,20,63.5,,76.5,0,308,53,0,0,0,0,17,0,1,70.1,10,0,6
185223,Marlon Huff,DI,0,0,,0,0,,TENN STATE,1,D04,0,0,0,17,1,2029,24,70.2,0,0,,1,0,0,2,1,0,56,0,0,0,1,TENN STATE,1,0,1,0,,0,0,67.5,,74,0,308,24,0,21,0,0,7,0,0,72.7,0,0,0
185245,Brycen Scott,CB,3,0,,0,1,66.7,ELON,2,D09,48,1,0,0,1,2029,0,37.7,29,2,62.4,0,0,31,0,0,0,63,43,0,0,0,ELON,0,0,0,0,16,4,33.3,63,14.5,76.6,0,162,48,14,0,0,97.9,17,0,0,,0,0,0
185250,Noah Carpenter,LB,3,0,,0,2,100,MAINE,2,D14,18,6,0,1,1,2029,0,28.7,22,3,68.9,0,0,14,0,0,0,47.6,0,0,0,0,MAINE,2,0,0,0,11,12,40,62.3,7.3,75.6,0,212,18,30,0,0,97.2,3,0,1,59.2,0,0,0
185255,Brayden Isaiah,CB,5,0,,0,0,60,MAINE,5,D21,46,1,0,1,1,2029,0,80.5,9,3,65.1,1,0,31,0,0,0,62.4,20,0,1,0,MAINE,3,0,1,0,11,25,0,67.3,3,77.5,0,212,46,11,0,0,64.6,14,1,0,70.9,0,0,0
185257,Jaedin Lee,DI,0,0,,0,0,,MAINE,2,D90,0,0,0,19,1,2029,33,72.2,0,0,,1,0,0,0,3,0,70.9,0,0,0,0,MAINE,1,0,1,0,,0,0,71.7,,75,0,212,33,0,30,0,0,14,0,0,64.5,0,0,0
185265,Ja'Darius Steele,S,0,0,,0,0,,MAINE,0,D35,1,0,0,0,1,2028,0,,0,0,,0,0,0,0,0,0,60,0,0,0,0,MAINE,0,0,0,0,,1,,60,,64.5,0,212,1,0,0,0,0,1,0,0,,0,0,0
185267,Dillon White,ED,0,0,,0,0,,MAINE,0,D98,0,0,0,3,1,2029,4,,0,0,,1,0,0,1,0,0,60,0,0,0,0,MAINE,0,0,1,0,,0,,68,,69,0,212,4,0,0,0,0,1,0,0,66.9,0,0,3
185268,Sebastien Acheampong,ED,0,0,,0,0,,MONMOUTH,1,D96,0,0,1,9,1,2029,21,73.4,0,0,,1,0,0,5,0,0,77,0,1,0,0,MONMOUTH,2,0,3,0,,0,0,79.6,,75,0,231,21,0,0,0,0,12,0,0,68.1,0,0,16
185295,Zakaa Brown,CB,2,0,,0,0,100,TOWSON,0,D12,23,0,0,0,1,2029,0,,22,2,64.1,0,0,12,0,0,0,61.3,23,0,0,0,TOWSON,0,0,0,0,13,0,,64.8,11,73.9,0,317,23,23,0,0,112.5,11,0,0,,0,0,0
185299,Branson Peters,LB,0,0,,0,0,,TOWSON,5,D06,26,24,0,3,1,2026,3,83.6,0,0,62.3,0,0,5,0,0,0,76.2,0,1,0,0,TOWSON,2,0,1,0,,2,0,74.6,,71.6,0,317,29,0,0,0,0,21,0,4,57.4,0,0,3
185300,Jasin Shiggs,S,6,0,,0,0,100,TOWSON,10,D07,87,51,0,0,1,2029,1,85.2,56,6,56.5,0,0,34,0,0,0,74.7,0,0,0,0,TOWSON,2,0,0,0,19,30,0,63.7,9.3,77.7,0,317,88,28,0,0,145.1,54,0,0,,6,1,1
185305,Harrison Johnson,LB,0,0,,0,0,,WM & MARY,6,D19,32,31,0,0,1,2029,0,81.1,0,0,64.8,0,0,10,0,0,0,77.9,0,0,0,0,WM & MARY,3,0,0,0,,1,0,76.3,,73.3,0,348,32,0,0,0,0,22,0,0,,0,0,0
185306,Justin Krueger,ED,0,0,,0,0,,WM & MARY,5,D98,0,0,0,25,1,2029,57,76.3,0,0,60,0,0,0,25,4,0,56,0,0,0,0,WM & MARY,3,0,0,0,,0,0,55.3,,76.9,0,348,57,0,13,0,0,32,1,0,54.4,0,0,15
185308,Nathaniel McDonald,ED,0,0,,0,0,,WM & MARY,0,D99,0,0,0,3,1,2030,3,,0,0,,1,0,0,1,0,0,,0,0,0,0,WM & MARY,0,0,1,0,,0,,65.4,,68.8,0,348,3,0,0,0,0,0,0,0,64.9,0,0,2
185311,Jaden Ratliff,S,2,0,,0,0,100,WM & MARY,2,D08,33,3,0,0,1,2030,0,80.8,14,2,55.7,0,0,19,0,0,0,65.1,0,0,0,0,WM & MARY,0,0,0,0,10,6,0,58.7,7,75.9,0,348,33,2,0,0,95.8,14,0,1,,24,0,0
185316,Cayden Trotter,S,2,0,,0,0,50,WM & MARY,0,D24,21,3,0,0,1,2029,2,78.2,48,1,39.6,0,0,9,0,0,0,65.3,0,0,0,0,WM & MARY,0,0,0,0,48,10,0,47.2,48,75.6,0,348,23,35,0,0,135.4,14,0,2,,8,1,2
185333,D.J. Johnson,ED,0,0,,0,0,,NEW HAMP,3,D07,0,0,0,23,1,2029,46,76.7,0,0,,2,0,0,22,0,0,43.6,0,1,0,0,NEW HAMP,1,0,3,0,,0,0,50.6,,76.3,0,240,46,0,0,0,0,23,0,1,63.5,0,0,24
185337,Sean Cytrynbaum,ED,0,0,,0,0,,CORNELL,1,D33,0,0,0,5,1,2028,9,70.8,0,0,,0,0,0,9,0,0,67.2,0,0,0,0,CORNELL,1,0,0,0,,0,0,65.1,,70.6,0,147,9,0,0,0,0,4,0,0,56.1,0,0,0
185351,Alexandro Armour Jr.,DI,0,0,,0,0,,PENN,0,D95,0,0,0,1,1,2029,16,,0,0,,0,0,0,0,0,0,64.9,0,0,0,0,PENN,0,0,0,0,,0,,65.4,,72.7,0,267,16,0,16,0,0,15,0,0,60,0,0,0
185355,Andrew Bruce,CB,0,0,,0,0,,PENN,0,D21,3,2,0,0,1,2029,0,,0,0,,0,0,0,0,0,0,60,1,0,0,0,PENN,0,0,0,0,,0,,60,,64.9,0,267,3,0,0,0,0,3,0,0,,0,0,0
185357,Ty Cortes,S,2,0,,0,1,50,PENN,3,D37,51,21,0,1,1,2029,2,70.4,9,1,63.4,0,0,24,0,0,0,63,0,0,0,0,PENN,1,0,0,0,9,9,10,63.7,9,78.6,0,267,53,6,0,0,62.5,28,0,6,60,21,0,2
185360,Liam Forster,DI,0,0,,0,0,,PENN,2,D99,0,0,0,23,1,2029,54,73.4,0,0,,1,0,0,0,5,0,55.4,0,0,0,0,PENN,2,0,1,0,,0,0,55,,76.9,0,267,54,0,49,0,0,31,0,1,55.6,0,0,0
185370,Trevor Pajak,LB,0,0,,0,0,,PENN,0,D35,6,6,0,0,1,2029,0,73.6,0,0,,0,0,0,0,0,0,49.2,0,0,0,0,PENN,0,0,0,0,,0,0,46.6,,68.9,0,267,6,0,0,0,0,6,0,1,,0,0,0
185425,Charles Barkley-Smith,CB,0,0,,0,0,,YALE,0,D14,14,0,0,0,1,2029,0,,0,0,54.5,0,0,11,0,0,0,60,14,0,1,0,YALE,0,0,0,0,,0,,54.7,,71.9,0,352,14,0,0,0,0,3,0,0,,0,0,0
185427,Billy Eastep,S,5,0,,0,1,20,YALE,2,D05,39,10,0,0,1,2028,4,63.1,10,1,40.7,0,0,29,0,0,0,70.6,0,0,1,0,YALE,1,1,0,0,10,8,25,48.9,10,77.9,0,352,43,6,0,0,39.6,14,0,1,,21,0,4
185431,Mack Johnson,DI,0,0,,0,0,,YALE,3,D93,0,0,0,20,1,2029,35,73.6,0,0,,0,0,0,0,5,0,72,0,0,0,1,YALE,3,0,0,0,,0,0,70.5,,75.6,0,352,35,0,30,0,0,15,0,0,61.2,0,0,0
185443,JP Schmidt,S,5,0,,0,0,20,YALE,5,D15,46,15,0,0,1,2028,0,85.3,5,1,70.2,0,0,30,0,0,0,80.9,0,0,0,0,YALE,3,0,0,0,5,11,0,76.1,5,76,0,352,46,8,0,0,39.6,16,0,2,,20,0,0
185445,Lota Ugokwe,ED,0,0,,0,0,,YALE,0,D97,0,0,0,1,1,2028,1,,0,0,,0,0,0,0,0,0,,0,0,0,0,YALE,0,0,0,0,,0,,59.5,,65.6,0,352,1,0,0,0,0,0,0,0,59.1,0,0,1
185447,Chris White,CB,0,0,,0,0,,YALE,0,D20,16,1,0,0,1,2029,0,74.2,0,0,42.4,0,0,10,0,0,0,60.1,15,0,1,0,YALE,0,0,0,0,,0,,43.2,,72.1,0,352,16,0,0,0,0,6,0,0,,0,0,0
185450,Wyatt Boals,DI,0,0,,0,0,,ILL STATE,0,D51,0,0,0,5,1,2029,15,,0,0,,0,0,0,0,13,0,61.4,0,0,0,0,ILL STATE,0,0,0,0,,0,,60.8,,73.9,0,188,15,0,2,0,0,10,0,0,57.9,0,0,0
185456,Doreon Dubose,CB,4,0,,0,1,25,ILL STATE,6,D24,45,3,0,0,1,2029,1,69,6,1,68.1,0,0,27,0,0,0,66.1,42,0,0,0,ILL STATE,1,0,0,0,6,0,14.3,69,6,76,0,188,46,1,0,0,39.6,19,0,0,,0,0,1
185464,Dexter Niekamp,ED,0,0,,0,0,,ILL STATE,2,D44,4,0,0,12,1,2029,29,77.6,0,0,71.6,1,0,6,0,0,0,56.1,0,0,0,0,ILL STATE,1,0,1,0,,4,0,65.1,,79.6,0,188,33,0,0,0,0,15,0,1,61.9,0,0,29
185476,CJ Richard Jr.,S,2,0,,0,0,100,ILL STATE,3,D20,74,37,0,2,1,2029,1,85.6,15,2,63.6,0,0,37,0,0,0,77.3,2,0,0,0,ILL STATE,2,0,0,0,8,2,0,69.7,7.5,77.3,0,188,75,0,0,0,97.9,36,0,6,57.6,33,0,1
185478,Nathan Gonzales,ED,0,0,,0,1,,INDIANA ST,1,D08,0,0,0,16,1,2028,31,29.9,0,0,,1,0,0,6,0,0,61.1,0,0,0,0,INDIANA ST,0,0,1,0,,0,50,58.7,,76.7,0,191,31,0,0,0,0,15,0,0,55.4,0,0,25
185479,Kaleb Harris,ED,0,0,,0,0,,INDIANA ST,2,D35,0,0,0,9,1,2029,20,74.5,0,0,,0,0,0,4,0,0,67.1,0,0,0,0,INDIANA ST,1,0,0,0,,0,0,71.6,,75,0,191,20,0,1,0,0,11,1,0,68,0,0,15
185503,Nic Yatsko,S,1,0,,0,1,100,INDIANA ST,5,D34,41,19,0,4,1,2029,4,70.1,5,1,80.5,1,1,17,0,0,0,51.4,1,0,0,0,INDIANA ST,1,0,1,0,5,21,14.3,72.1,5,74.6,0,191,45,6,0,0,47.9,24,0,1,68.7,0,0,4
185539,John Butsch,LB,0,0,,0,0,,N DAKOTA,0,D16,5,5,0,0,1,2026,0,,0,0,,0,0,0,0,0,0,65.7,0,0,0,0,N DAKOTA,0,0,0,0,,0,,67.4,,68.9,0,249,5,0,0,0,0,5,0,0,,0,0,0
185543,Donovan Woolen,S,3,0,,0,0,66.7,N DAK ST,9,D01,47,22,1,2,1,2029,1,85.1,13,2,71.6,0,0,25,0,0,0,77.8,0,0,0,0,N DAK ST,6,0,1,0,7,25,0,76.4,6.5,75.1,0,250,48,3,0,0,75.7,21,1,0,60.7,0,0,1
185545,Nate Ewell,LB,4,0,,0,0,100,S DAKOTA,6,D00,58,45,0,2,1,2026,6,84.5,22,4,51,0,0,31,0,0,0,68.8,0,0,0,0,S DAKOTA,3,0,0,0,8,13,0,58.3,5.5,76.7,0,291,64,15,0,0,129.2,31,0,4,58,0,1,6
185551,Devaughn Perkins,DI,0,0,,0,0,,YNGTOWN ST,0,D92,0,0,0,8,1,2028,13,,0,0,,0,0,0,0,3,0,56.9,0,0,0,0,YNGTOWN ST,0,0,0,0,,0,,55.5,,72.8,0,353,13,0,10,0,0,5,0,0,57.3,0,0,0
185572,Graydon Rollins,LB,2,0,,0,0,50,YNGTOWN ST,6,D35,54,44,0,8,1,2029,0,83.3,17,1,49.8,0,0,23,0,0,0,74,0,1,0,0,YNGTOWN ST,4,0,1,0,17,10,0,60.4,17,75.4,0,353,54,3,0,0,118.8,23,0,1,60.5,0,1,0
185576,Kolben Miller,LB,4,0,,0,1,100,N IOWA,9,D47,32,27,0,4,1,2027,13,72.1,23,4,58.7,0,0,15,0,0,0,80.2,0,0,1,0,N IOWA,7,0,0,0,18,5,7.1,68.2,5.8,0,0,255,45,32,0,0,90.6,26,2,4,58,0,0,13
185584,Ben Fiegel,LB,1,0,,0,0,100,S ILLINOIS,1,D45,9,7,0,1,1,2030,0,73.6,23,1,43.9,0,0,5,0,0,0,64.9,0,1,0,0,S ILLINOIS,0,0,1,0,23,2,0,44.2,23,70.5,0,295,9,0,0,0,158.3,3,0,0,59.8,0,1,0
185592,Lukus McDaniels,ED,0,0,,0,0,,S ILLINOIS,0,D40,0,0,0,1,1,2030,1,,0,0,,0,0,0,1,0,0,,0,0,0,0,S ILLINOIS,0,0,0,0,,0,,59.4,,64.6,0,295,1,0,0,0,0,0,0,0,58.9,0,0,0
185597,Gavin Shepard,CB,0,0,,0,1,,S ILLINOIS,0,D29,41,0,0,0,1,2030,0,26.9,0,0,65.2,0,0,26,0,0,0,62.1,41,0,0,0,S ILLINOIS,0,0,0,0,,0,100,65.7,,75.8,0,295,41,0,0,0,0,15,0,0,,0,0,0
185599,Nate Tronzo,ED,0,0,,0,0,,S ILLINOIS,0,D56,0,0,0,11,1,2030,19,,0,0,,0,0,0,18,0,0,74.3,0,0,0,0,S ILLINOIS,0,0,0,0,,0,,69.2,,72,0,295,19,0,1,0,0,8,0,0,55.5,0,0,0
185609,D.J. Galva,CB,5,0,,0,0,40,E KENTUCKY,4,D11,66,2,0,0,1,2027,0,80.1,36,2,69.7,0,0,32,0,0,0,68.1,58,0,0,0,E KENTUCKY,1,0,0,0,28,6,0,70.7,18,77,0,159,66,2,0,2,65.4,34,1,0,,0,0,0
185611,Davi'yon Hawkins-Ingram,ED,0,0,,0,0,,E KENTUCKY,0,D44,0,0,0,1,1,2030,3,,0,0,,0,0,0,3,0,0,57.9,0,0,0,0,E KENTUCKY,0,0,0,0,,0,,49.9,,67.3,0,159,3,0,0,0,0,2,0,0,60,0,0,0
185622,Kaden Smith,LB,2,0,,0,2,50,E KENTUCKY,5,D24,42,39,0,1,1,2031,6,40.6,6,1,45.3,0,0,19,0,0,0,58,0,0,0,0,E KENTUCKY,2,0,0,0,6,3,22.2,49.7,6,75.1,0,159,48,3,0,0,56.3,28,1,2,59.1,0,0,6
185623,Braden Sullivan,LB,1,0,,0,0,0,E KENTUCKY,4,D33,52,47,1,3,1,2029,1,81.9,0,0,58.7,1,0,19,0,0,0,41.3,2,0,0,0,E KENTUCKY,3,0,2,0,,2,0,52.6,,74.5,0,159,53,0,0,0,39.6,31,0,2,81.7,1,0,1
185641,Chris Martin,S,4,0,,0,0,75,GEORGETOWN,8,D29,61,16,0,2,1,2029,4,86.2,56,3,66.5,0,0,35,0,0,0,75.2,0,2,0,0,GEORGETOWN,3,0,2,0,49,9,0,70.1,18.7,80.2,0,172,65,34,0,1,116.7,28,0,0,57.1,36,0,4
185642,Damon Narcisse,S,0,0,,0,0,,GEORGETOWN,1,D41,10,1,1,2,1,2029,2,76.9,0,0,63.6,0,0,3,0,0,0,60.9,0,0,0,0,GEORGETOWN,1,0,1,0,,9,0,73.1,,74.2,0,172,12,0,0,0,0,7,0,0,77,0,0,2
185688,Preston Davis,DI,0,0,,0,0,,LEHIGH,0,D99,0,0,0,8,1,2029,11,,0,0,,0,0,0,0,0,0,64.5,0,0,0,0,LEHIGH,0,0,0,0,,0,,63.9,,71.4,0,205,11,0,11,0,0,3,0,0,57.5,0,0,0
185689,Luke Denny,S,2,0,,0,0,50,LEHIGH,0,D28,27,9,0,0,1,2029,0,,15,1,64.5,0,0,19,0,0,0,60.7,0,0,0,0,LEHIGH,0,0,0,0,15,3,,64.6,15,73.5,0,205,27,0,0,1,75,8,0,0,,15,0,0
185696,Cole Hughes,LB,2,0,,0,0,50,LEHIGH,1,D32,16,13,0,4,1,2029,0,76.7,-1,1,83.4,0,0,8,0,0,0,51.8,0,0,0,0,LEHIGH,1,0,0,0,-1,3,0,76.8,-1,72,0,205,16,2,0,1,56.3,4,1,1,55.5,0,0,0
185706,Lorenzo Portella,DI,0,0,,0,0,,LEHIGH,1,D93,0,0,0,9,1,2029,13,69.7,0,0,,0,0,0,0,0,0,70.6,0,0,0,0,LEHIGH,1,0,0,0,,0,0,69,,71.8,0,205,13,0,13,0,0,4,0,0,57.8,0,0,0
185711,Mekhai Smith,S,3,0,,0,0,66.7,LEHIGH,4,D01,56,21,0,0,1,2029,1,83.7,15,2,62,0,0,38,0,0,0,73.5,0,0,0,0,LEHIGH,2,0,0,0,12,9,0,66,7.5,77.4,0,205,57,5,0,0,78.5,19,0,2,,26,0,1
185713,Ignatious Williams,CB,2,0,,0,0,100,LEHIGH,1,D17,8,0,0,0,1,2029,0,74.2,20,2,47.1,0,0,6,0,0,0,60,8,0,0,0,LEHIGH,0,0,0,0,12,0,0,46.3,10,70,0,205,8,-1,0,0,108.3,2,0,0,,0,0,0
185719,Zachary Betts,ED,0,0,,0,0,,ST FRANCIS,2,D07,9,9,0,26,1,2029,48,75.8,0,0,60,0,0,1,0,0,0,76.1,0,2,0,1,ST FRANCIS,2,0,2,0,,0,0,73,,81.7,0,299,57,0,0,0,0,30,0,0,62.4,0,0,48
185721,Mekhi Butler,CB,0,0,,0,0,,ALABAMA ST,0,D12,13,1,0,0,1,2029,0,,0,0,63.8,0,0,7,0,0,0,60,12,0,0,0,ALABAMA ST,0,0,0,0,,0,,64.4,,71.3,0,105,13,0,0,0,0,6,0,0,,0,0,0
185723,Geno Calgaro,LB,6,0,,0,2,66.7,ST FRANCIS,10,D00,57,51,0,7,1,2029,0,63.6,16,4,67.9,0,0,20,0,0,0,74.2,0,0,0,0,ST FRANCIS,3,0,0,0,10,6,11.8,72.5,4,73.5,0,299,57,3,0,1,70.1,30,1,5,54.6,0,0,0
185727,Kahmari Cook,LB,0,0,,0,1,,ST FRANCIS,1,D10,7,7,0,0,1,2028,0,26.6,0,0,60,0,0,1,0,0,0,51.2,0,0,0,0,ST FRANCIS,0,0,0,0,,0,50,50.9,,66.8,0,299,7,0,0,0,0,6,0,0,,0,0,0
185728,Kendric Council,LB,3,0,,0,1,66.7,ST FRANCIS,5,D08,47,45,0,11,1,2028,5,61.3,5,2,72.2,1,0,15,0,0,0,67,0,1,0,0,ST FRANCIS,4,0,2,0,6,2,12.5,72.8,2.5,76.8,0,299,52,2,0,0,70.1,26,2,2,63.4,0,0,5
185731,Colin Douglas,S,1,0,,0,1,100,ST FRANCIS,7,D19,59,19,0,1,1,2029,0,71.9,41,1,57.2,0,0,26,0,0,0,69.9,0,0,0,0,ST FRANCIS,2,0,0,0,41,5,11.1,62.4,41,77.1,0,299,59,5,0,0,118.8,32,0,1,59.5,35,0,0
185752,Malikai Nichols,CB,2,0,,0,1,100,ST FRANCIS,1,D12,18,5,0,0,1,2030,0,28.3,37,2,43.1,0,0,7,0,0,0,46.7,13,0,0,0,ST FRANCIS,0,0,0,0,23,0,50,39.2,18.5,71.2,0,299,18,9,0,0,118.8,11,0,0,,0,0,0
185767,Corey Williams,S,1,0,,0,1,0,ST FRANCIS,3,D05,58,24,0,0,1,2029,1,57.4,0,0,72.1,0,0,27,0,0,0,62.6,0,0,0,0,ST FRANCIS,2,0,0,0,,20,20,69.8,,77.8,0,299,59,0,0,0,39.6,32,0,1,,14,0,1
185769,Ethan Appolon,ED,0,0,,1,0,,WAGNER,0,D95,0,0,1,21,1,2029,25,71.5,0,0,,2,0,0,3,0,0,64.9,0,0,0,0,WAGNER,1,0,3,0,,0,,74.7,,75.6,0,338,25,0,0,0,0,4,0,0,71.2,0,0,22
185773,Leo Bluestein,ED,0,0,,0,0,,WAGNER,0,D31,0,0,0,2,1,2028,2,,0,0,,0,0,0,0,0,0,,0,0,0,0,WAGNER,0,0,0,0,,0,,57.7,,67.3,0,338,2,0,0,0,0,0,0,0,57.6,0,0,2
185786,Colton Guerrero,LB,0,0,,0,0,,WAGNER,0,D50,8,8,0,0,1,2026,0,,0,0,61.8,0,0,4,0,0,0,44.4,0,0,0,0,WAGNER,0,0,0,0,,0,,48.1,,69.1,0,338,8,0,0,0,0,4,0,0,,0,0,0
185789,Jordan Johnson,LB,5,0,,0,0,80,WAGNER,1,D07,40,32,0,3,1,2026,2,76.5,22,4,47.1,0,0,20,0,0,0,66.5,0,0,0,0,WAGNER,1,0,0,0,12,2,0,53.6,5.5,74.1,0,338,42,16,0,0,85,19,0,1,56,5,0,2
185792,Brendan Leal,LB,0,0,,0,0,,WAGNER,0,D44,8,8,0,0,1,2029,0,,0,0,61.6,0,0,4,0,0,0,49.8,0,0,0,0,WAGNER,0,0,0,0,,0,,52.6,,71,0,338,8,0,0,0,0,4,0,0,,0,0,0
185796,Nathan Moorehead,DI,0,0,,0,0,,WAGNER,0,D90,0,0,0,1,1,2029,6,,0,0,,0,0,0,0,3,0,32.5,0,0,0,0,WAGNER,0,0,0,0,,0,,28,,70.3,0,338,6,0,3,0,0,5,0,0,60,0,0,0
185822,Amanuel Dickson,LB,0,0,,0,0,,CHATTNOOGA,4,D08,64,41,0,1,1,2029,2,83.3,0,0,72.8,0,0,41,0,0,0,80.9,0,0,0,0,CHATTNOOGA,3,0,0,0,,23,0,78.1,,77.9,0,137,66,0,0,0,0,24,0,3,59.6,0,0,2
185825,Isaiah Harvey,DI,0,0,,0,0,,CHATTNOOGA,2,D90,0,0,0,21,1,2029,32,73.6,0,0,63.2,1,0,0,2,7,0,62.3,0,0,0,0,CHATTNOOGA,2,0,1,0,,0,0,64.7,,76.1,0,137,32,0,23,0,0,11,0,1,58.9,0,0,0
185831,Dailen Howard,DI,0,0,,0,0,,E TENN ST,0,D90,0,0,0,19,1,2028,36,69.7,0,0,60,0,0,0,16,0,0,53.5,0,1,0,0,E TENN ST,0,0,1,0,,0,0,60.2,,74.9,0,157,36,0,19,0,0,17,0,1,66.3,0,0,1
185837,Demetrius Baldwin,DI,0,0,,0,0,,FURMAN,0,D93,0,0,0,15,1,2029,32,,0,0,,0,0,0,0,0,0,58.3,0,1,0,0,FURMAN,0,0,1,0,,0,,64.3,,74.6,0,170,32,0,32,0,0,17,0,0,68.6,0,0,0
185839,Daco Coleman,CB,3,0,,0,0,66.7,FURMAN,4,D04,30,1,0,0,1,2029,0,81.1,22,2,59.1,0,0,16,0,0,0,65.2,29,0,0,0,FURMAN,2,0,0,0,16,0,0,60.8,11,74.1,0,170,30,3,0,0,88.2,14,0,0,,0,0,0
185854,Bruce Knauber,DI,0,0,,0,0,,FURMAN,0,D99,0,0,0,2,1,2029,12,,0,0,,0,0,0,0,0,0,67.2,0,0,0,0,FURMAN,0,0,0,0,,0,,67.9,,71.6,0,170,12,0,12,0,0,10,0,0,59.5,0,0,0
185856,Jordan Miller,CB,2,0,,0,0,100,FURMAN,0,D18,30,4,0,0,1,2029,0,,92,2,25.9,0,0,8,0,0,0,56,26,0,0,0,FURMAN,0,0,0,0,46,0,,27.3,46,73.5,0,170,30,23,0,0,158.3,22,0,0,,0,2,0
185872,Carmelo O'neal,CB,1,0,,0,1,100,MERCER,0,D07,44,0,0,0,1,2029,0,21.7,10,1,60.4,0,0,30,0,0,0,62,44,0,0,0,MERCER,0,0,0,0,10,0,100,61,10,76,0,219,44,4,0,0,108.3,14,0,0,,0,0,0
185873,Kai Reyes,CB,0,0,,0,0,,MERCER,0,D32,14,3,0,0,1,2029,0,,0,0,62.6,0,0,7,0,0,0,45.7,0,0,0,0,MERCER,0,0,0,0,,11,,53.9,,74.1,0,219,14,0,0,0,0,7,0,0,,0,0,0
185883,Alejandro Tovar,DI,0,0,,0,0,,PRESBYTERN,0,D52,0,0,0,7,1,2026,19,69.7,0,0,,0,0,0,0,0,0,70.4,0,0,0,0,PRESBYTERN,0,0,0,0,,0,0,68.8,,73.2,0,271,19,0,19,0,0,12,0,1,57.2,0,0,0
185938,Darius Malcolm Jr.,CB,6,0,,0,1,83.3,WOFFORD,6,D14,66,3,0,1,1,2029,0,64.2,59,5,61.6,0,0,39,0,0,0,69.1,62,0,0,0,WOFFORD,1,0,0,0,28,1,12.5,63.5,11.8,77,0,350,66,25,0,0,107.6,26,0,1,60,0,0,0
185939,Ramon McCollough Jr.,DI,0,0,,0,0,,WOFFORD,0,D66,1,1,0,12,1,2029,13,,0,0,,0,0,0,4,0,0,60,0,0,0,0,WOFFORD,0,0,0,0,,0,,56.2,,72,0,350,14,0,8,0,0,2,0,0,55,0,0,1
185943,Caleb Oliver,ED,0,0,,0,0,,WOFFORD,1,D10,3,3,0,9,1,2029,17,73.6,0,0,62.6,0,0,2,0,0,0,62,0,0,0,0,WOFFORD,0,0,0,0,,0,0,64.5,,76.7,0,350,20,0,1,0,0,9,0,0,60.5,0,0,16
185947,Marion Smokes,ED,0,0,,0,0,,WOFFORD,0,D06,1,1,1,20,1,2029,36,71.1,0,0,,2,0,0,10,0,0,66.7,0,0,1,0,WOFFORD,1,0,3,0,,0,,66,,0,0,350,37,0,2,0,0,17,0,0,70,0,0,24
185953,Brice Baker,S,3,0,,0,1,100,DAVIDSON,2,D34,14,1,0,1,1,2029,0,54.3,35,3,50.5,0,0,10,0,0,0,60,0,0,0,0,DAVIDSON,1,0,0,0,19,13,33.3,50.6,11.7,74.5,0,149,14,21,0,0,154.9,3,0,0,60,0,1,0
185956,Lamar Bolden Jr.,CB,2,0,,0,0,100,DAVIDSON,2,D07,79,1,0,0,1,2029,0,53.9,25,2,61.9,0,0,42,0,0,0,67.2,78,0,0,0,DAVIDSON,1,0,0,0,13,0,0,63.4,12.5,77.8,0,149,79,10,0,0,118.8,37,0,1,,0,0,0
185964,Cam Jackson,DI,0,0,,0,0,,DAVIDSON,1,D45,0,0,0,9,1,2029,20,71.3,0,0,,0,0,0,2,4,0,52.3,0,0,0,0,DAVIDSON,1,0,0,0,,0,0,52.1,,73.6,0,149,20,0,14,0,0,11,0,0,57.6,0,0,0
185965,Tre Johnson,LB,0,0,,0,0,,DAVIDSON,2,D11,22,20,0,1,1,2029,0,77.6,0,0,65.2,0,0,11,0,0,0,61.5,0,0,0,0,DAVIDSON,1,0,0,0,,2,0,65.1,,73,0,149,22,0,0,0,0,10,0,1,59.5,0,0,0
185974,Nakoma Scott,ED,0,0,,0,0,,DAVIDSON,2,D23,0,0,0,18,1,2028,45,75,0,0,,1,0,0,9,0,0,51.1,0,0,0,0,DAVIDSON,2,0,1,0,,0,0,52.6,,77.3,0,149,45,0,1,0,0,27,0,1,57.8,0,0,35
185978,Ravonte Blowe,ED,0,0,,0,0,,HOUCHR,4,D88,0,0,0,18,1,2026,40,77.5,0,0,60,0,0,0,34,0,0,78.8,0,1,0,0,HOUCHR,3,0,1,0,,0,0,75.3,,75.3,0,183,40,0,1,0,0,22,0,2,58.9,0,0,5
185981,Tyran Chappell,CB,7,0,,0,2,57.1,HOUCHR,2,D11,58,2,0,0,1,2029,0,26.7,31,4,75.3,0,1,24,0,0,0,45.7,54,0,0,0,HOUCHR,1,0,0,0,14,2,50,69.2,7.8,76.9,0,183,58,28,0,0,28.6,34,0,0,,0,0,0
185994,Terrell Elliott,DI,0,0,,0,0,,INCAR WORD,0,D41,0,0,0,15,1,2028,26,,0,0,,0,0,0,1,3,0,71,0,0,0,0,INCAR WORD,0,0,0,0,,0,,70.2,,74.2,0,189,26,0,22,0,0,11,0,0,61.4,0,0,0
185995,Drew Merrill,S,3,0,,0,1,100,INCAR WORD,2,D23,46,22,0,0,1,2026,0,37,70,3,47.1,0,0,33,0,0,0,52.7,1,0,1,0,INCAR WORD,1,0,0,0,42,7,33.3,42.5,23.3,0,0,189,46,35,0,0,158.3,13,0,0,,16,2,0
185996,Christian Booker,DI,0,0,,0,0,,LAMAR,0,D97,0,0,0,13,1,2027,26,,0,0,,0,0,0,10,0,1,68.5,0,0,0,0,LAMAR,0,0,0,0,,0,,74.3,,73.8,0,204,26,0,16,0,0,13,0,0,71,0,0,0
186002,Daiki Yoshikawa,LB,1,0,,0,1,0,LAMAR,0,D53,7,7,0,1,1,2029,0,,0,0,61.3,0,0,4,0,0,0,53.1,0,0,0,0,LAMAR,0,0,0,0,,0,100,45,,67,0,204,7,0,0,0,39.6,2,0,0,59.6,0,0,0
186003,Jordan Allen,ED,0,0,,0,0,,MCNEESE,1,D43,0,0,0,1,1,2028,9,72.2,0,0,60,0,0,1,0,0,0,43.2,0,0,0,0,MCNEESE,0,0,0,0,,0,0,41.6,,73.9,0,217,9,0,0,0,0,7,0,0,60,0,0,9
186004,Landon Barrett,LB,1,0,,0,1,100,MCNEESE,4,D17,68,60,1,8,1,2028,1,71.6,2,1,67.1,0,0,15,0,0,0,77.5,0,0,0,0,MCNEESE,3,0,1,0,2,8,14.3,76.7,2,75.5,0,217,69,2,0,0,79.2,46,0,2,62.4,0,0,1
186046,Kaiden Turner,ED,0,0,,0,0,,STF AUSTIN,0,D44,0,0,0,5,1,2028,6,,0,0,,1,0,0,2,0,0,60,0,0,0,0,STF AUSTIN,0,0,1,0,,0,,65.7,,70.4,0,301,6,0,0,0,0,1,0,0,65.3,0,0,4
186081,Cornell Harris Jr.,DI,0,0,,0,0,,ALABAMA ST,0,D95,0,0,0,9,1,2029,10,,0,0,60.6,0,0,0,0,0,0,60,0,0,1,0,ALABAMA ST,0,0,0,0,,0,,50.1,,0,0,105,10,0,10,0,0,1,0,0,56.4,0,0,0
186084,Denzel Johnson,LB,1,0,,0,0,0,ALABAMA ST,1,D18,27,21,0,2,1,2031,1,73.6,0,0,74.4,0,0,15,0,0,0,80.6,0,0,0,0,ALABAMA ST,1,0,0,0,,6,0,81.6,,73.2,0,105,28,0,0,1,39.6,11,0,0,57.8,0,0,1
186086,Michael Joiner Jr.,DI,0,0,,0,1,,ALABAMA ST,0,D90,2,2,1,13,1,2029,21,27.6,0,0,,1,0,0,0,2,0,52,0,0,1,0,ALABAMA ST,1,0,2,0,,0,100,50.1,,0,0,105,23,0,19,0,0,10,0,0,66.1,0,0,0
186092,Ajani Mason,ED,0,0,,0,0,,ALABAMA ST,0,D92,0,0,0,5,1,2029,14,71.1,0,0,,0,0,0,0,0,0,55.2,0,0,0,0,ALABAMA ST,0,0,0,0,,0,0,54.4,,73.2,0,105,14,0,2,0,0,9,0,1,57.9,0,0,12
186097,Nathan Nwagwu,CB,0,0,,0,0,,ALABAMA ST,0,D28,10,0,0,0,1,2029,0,,0,0,64.3,0,0,7,0,0,0,60,10,0,0,0,ALABAMA ST,0,0,0,0,,0,,64.9,,71,0,105,10,0,0,0,0,3,0,0,,0,0,0
186103,Eric Tarrant,CB,0,0,,0,0,,ALABAMA ST,0,D27,9,0,0,1,1,2029,0,,0,0,63.9,0,0,7,0,0,0,60,0,0,0,0,ALABAMA ST,0,0,0,0,,9,,63.5,,73.3,0,105,9,0,0,0,0,1,0,0,58.9,0,0,0
186118,Kazarius Bowie,DI,0,0,,0,0,,JACKSON ST,1,D95,0,0,0,6,1,2027,21,70.1,0,0,,0,0,0,0,13,0,60.8,0,0,0,0,JACKSON ST,1,0,0,0,,0,0,60.2,,75.8,0,194,21,0,8,0,0,15,1,0,57.4,0,0,0
186121,Reid Pulliam,LB,3,0,,0,1,66.7,JACKSON ST,8,D07,43,41,1,5,1,2027,7,67.8,65,2,62.5,1,0,23,0,0,0,67.3,0,0,0,0,JACKSON ST,6,0,2,0,59,2,10,66.9,32.5,74.8,0,194,50,42,0,0,149.3,22,1,1,64.2,0,1,7
186125,Tymon Wells,DI,0,0,,0,0,,JACKSON ST,0,D50,0,0,1,27,1,2027,35,69.7,0,0,,4,0,0,8,0,0,67.3,0,0,0,0,JACKSON ST,1,0,5,0,,0,,78.1,,75.3,0,194,35,0,24,0,0,8,0,0,75.7,0,0,3
186145,Isiah Bivins,CB,2,0,,0,0,50,IDAHO,1,D35,6,0,0,0,1,2029,0,73.5,10,1,89.9,0,1,3,0,0,0,60,6,0,0,0,IDAHO,0,0,0,0,10,0,0,91.1,10,69.2,0,185,6,0,0,0,25,3,0,0,,0,0,0
186156,Cruz Hepburn,LB,1,0,,0,1,0,IDAHO,5,D44,34,25,0,1,1,2027,0,64.9,0,0,61.9,1,0,16,0,0,0,79.5,0,0,0,0,IDAHO,2,0,1,0,,9,11.1,74.6,,73.9,0,185,34,0,0,0,39.6,17,0,3,60,0,0,0
186160,Matt Irwin,S,1,0,,0,1,100,IDAHO,1,D28,18,1,0,0,1,2029,0,28.6,15,1,56.2,0,0,9,0,0,0,63,0,0,0,0,IDAHO,0,0,0,0,15,7,50,58.9,15,74.5,0,185,18,12,0,0,118.8,9,0,0,,10,0,0
186176,Titus Ringor,DI,0,0,,0,0,,IDAHO,1,D54,0,0,1,9,1,2029,14,72.4,0,0,,0,0,0,0,11,0,69.6,0,0,0,0,IDAHO,2,0,1,0,,0,0,72.5,,74.3,0,185,14,0,3,0,0,5,0,0,64.6,0,0,0
186182,Janari Boone,S,3,0,,1,1,100,IDAHO ST,2,D03,38,21,0,0,1,2027,0,58.5,21,3,60.3,0,0,17,0,0,0,82.3,0,0,0,0,IDAHO ST,2,0,0,0,14,5,16.7,72,7,73,0,186,38,16,0,0,135.4,21,0,3,,12,1,0
186200,Monty Hunt,CB,1,0,,0,0,0,TENN TECH,1,D02,10,0,0,0,1,2026,0,73.5,0,0,77,0,0,5,0,0,0,60,10,0,0,0,TENN TECH,0,0,0,0,,0,0,78.4,,71,0,309,10,0,0,1,39.6,5,0,0,,0,0,0
186218,Micah Johnson,ED,0,0,,0,0,,TXAMEA,1,D91,0,0,0,16,1,2029,26,71.3,0,0,,1,0,0,11,0,0,42.3,0,0,0,0,TXAMEA,1,0,1,0,,0,0,46.6,,74.8,0,1139,26,0,0,0,0,10,0,0,58.4,0,0,15
186220,Koby-Sebasyen King,LB,2,0,,0,1,100,TXAMEA,3,D04,92,91,1,7,1,2026,2,60.5,28,2,52.4,0,0,43,0,0,0,70.6,0,0,0,0,TXAMEA,2,0,1,0,15,1,14.3,61.9,14,78.7,0,1139,94,19,0,0,118.8,44,0,3,63.4,0,0,2
186230,Dylan Scott,S,0,0,,0,0,,TXAMEA,0,D26,5,0,0,0,1,2030,0,,0,0,62.2,0,0,4,0,0,0,60,0,0,0,0,TXAMEA,0,0,0,0,,0,,62,,69.1,0,1139,5,0,0,0,0,1,0,0,,5,0,0
186243,Stephen Ellison II,S,1,0,,0,0,100,AUSTINPEAY,1,D13,27,17,0,1,1,2028,1,74.8,5,1,58.5,0,0,18,0,0,0,67.8,0,0,0,0,AUSTINPEAY,1,0,0,0,5,2,0,62.4,5,74,0,116,28,0,0,0,127.1,9,0,0,60,8,1,1
186245,Antori Hamilton,DI,0,0,,0,1,,AUSTINPEAY,0,D00,0,0,0,22,1,2029,44,22.2,0,0,,2,0,0,9,0,0,63.9,0,0,0,0,AUSTINPEAY,0,0,2,0,,0,100,65.4,,76,0,116,44,0,31,0,0,22,0,0,63.2,0,0,4
186259,Bryson Adamoh,CB,2,0,,0,1,0,CENT ARK,4,D21,33,1,0,0,1,2030,0,53.2,0,0,71,0,0,20,0,0,0,67.9,32,0,1,0,CENT ARK,1,0,0,0,,0,20,67.9,,0,0,132,33,0,0,0,39.6,13,0,0,,0,0,0
186261,Carmilo Allen,ED,0,0,,0,0,,CENT ARK,1,D99,0,0,0,10,1,2030,17,73.5,0,0,60.3,0,0,1,13,0,0,55.1,0,0,0,0,CENT ARK,0,0,0,0,,0,0,58.3,,72.8,0,132,17,0,1,0,0,6,0,1,60.9,0,0,3
186262,Jalarrion Andrews,S,0,0,,0,0,,CENT ARK,0,D32,5,5,0,0,1,2030,0,,0,0,60.3,0,0,2,0,0,0,60.4,0,0,0,0,CENT ARK,0,0,0,0,,0,,62,,64.2,0,132,5,0,0,0,0,3,0,0,,0,0,0
186272,Mark Dorsey,CB,1,0,,0,0,100,CENT ARK,5,D01,34,4,0,0,1,2026,0,82.1,8,1,67.8,0,0,16,0,0,0,79.9,28,0,0,0,CENT ARK,2,0,0,0,8,0,0,73.6,8,74.4,0,132,34,0,0,0,100,18,1,1,,2,0,0
186285,Reid Jones,DI,0,0,,0,0,,CENT ARK,0,D48,0,0,0,6,1,2030,7,,0,0,,0,0,0,0,1,0,60,0,0,0,0,CENT ARK,0,0,0,0,,0,,59.5,,70.3,0,132,7,0,6,0,0,1,0,0,57.4,0,0,0
186293,Jacoby McQuiller,CB,3,0,,0,1,66.7,CENT ARK,3,D04,51,8,0,3,1,2026,6,60.2,9,2,71.7,0,0,30,0,0,0,54.8,0,0,0,0,CENT ARK,0,0,0,0,5,42,25,67.3,4.5,79.6,0,132,57,0,0,0,70.1,24,0,0,54.9,1,0,6
186307,Ashtyn Williams,LB,4,0,,0,2,100,CENT ARK,4,D34,48,42,0,3,1,2029,0,59.5,33,4,53.9,0,0,23,0,0,0,70.8,0,0,0,0,CENT ARK,3,0,0,0,18,6,22.2,61.9,8.3,73.1,0,132,48,19,0,0,101,22,0,3,55.9,0,0,0
186327,Israel Lucas,DI,0,0,,0,1,,HOWARD,2,D95,0,0,0,13,1,2029,25,35.5,0,0,60,1,0,0,0,10,0,52.2,0,0,1,0,HOWARD,2,0,1,0,,0,33.3,48,,0,0,184,25,0,15,0,0,12,0,0,61,0,0,0
186334,Ja'Quavion Smith,LB,1,0,,0,3,100,HOWARD,2,D05,44,43,0,7,1,2029,0,27.6,16,1,53.1,1,0,20,0,0,0,78.1,0,1,0,0,HOWARD,2,0,2,0,16,1,42.9,65.4,16,74.9,0,184,44,10,0,0,118.8,17,1,2,60.7,0,0,0
186338,Zuri Watson,CB,2,0,,0,1,50,HOWARD,1,D01,51,1,0,0,1,2030,0,40.9,33,1,62.6,0,0,29,0,0,0,67.6,48,0,0,0,HOWARD,0,0,0,0,33,2,50,64.3,33,76.2,0,184,51,-1,0,0,95.8,22,0,0,,0,0,0
186344,Parker Andrus,DI,0,0,,0,0,,SO UTAH,2,D54,0,0,0,23,1,2029,35,74.5,0,0,57.4,0,0,2,0,1,0,67.6,0,0,0,0,SO UTAH,2,0,0,0,,0,0,58.4,,75.3,0,298,35,0,34,0,0,10,1,2,56.3,0,0,0
186369,Baron Taylor,S,2,0,,0,5,50,SO UTAH,3,D16,53,27,0,0,1,2029,0,26.4,7,1,56.2,0,0,29,0,0,0,49.7,0,0,0,0,SO UTAH,0,0,0,0,7,3,45.5,53.6,7,75.3,0,298,53,7,0,0,58.3,24,0,3,,23,0,0
186375,Jayden Wells,DI,0,0,,0,0,,SO UTAH,0,D98,0,0,0,1,1,2029,3,,0,0,,0,0,0,0,1,0,60.6,0,0,0,0,SO UTAH,0,0,0,0,,0,,62,,68.2,0,298,3,0,2,0,0,2,0,0,60,0,0,0
186382,Damill Bostic Jr.,CB,4,0,,0,0,75,VILLANOVA,3,D36,60,1,0,0,1,2029,0,79.6,46,3,51.5,0,0,35,0,0,0,57.8,57,0,1,0,VILLANOVA,0,0,0,0,23,2,0,52,15.3,77,0,334,60,18,0,0,112.5,25,0,1,,0,0,0
186384,Omari Bursey,LB,0,0,,0,1,,VILLANOVA,0,D32,7,6,0,4,1,2030,3,34.5,0,0,62.7,0,0,2,0,0,0,58.2,0,0,0,0,VILLANOVA,0,0,0,0,,1,33.3,65,,70.1,0,334,10,0,0,0,0,4,0,2,66.5,0,0,3
186388,Ratu Delano Navoti,ED,0,0,,0,1,,VILLANOVA,0,D99,0,0,0,7,1,2030,13,16.6,0,0,,1,0,0,8,0,0,56.4,0,0,0,0,VILLANOVA,0,0,1,0,,0,100,59.7,,70.9,0,334,13,0,5,0,0,6,0,0,64.2,0,0,0
186390,Anthony Hawkins,S,3,0,,0,1,0,VILLANOVA,1,D27,60,39,0,0,1,2029,0,55.2,0,0,57.6,0,0,35,0,0,0,54.8,0,0,1,0,VILLANOVA,0,0,0,0,,10,20,56.7,,77.5,0,334,60,0,0,0,39.6,25,0,3,,11,0,0
186393,AJ Koukou,ED,0,0,,0,0,,VILLANOVA,0,D50,0,0,0,0,1,2030,1,,0,0,,0,0,0,1,0,0,60,0,0,0,0,VILLANOVA,0,0,0,0,,0,,60,,64.6,0,334,1,0,0,0,0,1,0,0,,0,0,0
186396,Ugo Nwotite,ED,0,0,,0,1,,VILLANOVA,0,D96,0,0,0,12,1,2030,19,17.5,0,0,,1,0,0,7,0,0,56.8,0,1,1,0,VILLANOVA,0,0,2,0,,0,100,66.3,,0,0,334,19,0,3,0,0,7,0,0,82,0,0,9
186400,Jamie Tyson,S,0,0,,0,0,,VILLANOVA,1,D23,22,3,0,0,1,2030,0,75.9,0,0,71.2,0,0,14,0,0,0,63.9,0,0,0,0,VILLANOVA,0,0,0,0,,16,0,71.3,,74.4,0,334,22,0,0,0,0,8,0,0,,3,0,0
186409,Hiroshi Carr,CB,5,0,,0,2,40,MORGAN ST,6,D23,79,19,0,0,1,2028,0,51.2,15,2,73,0,1,44,0,0,0,70.8,56,0,0,0,MORGAN ST,1,0,0,0,13,0,25,74.4,7.5,75.5,0,235,79,3,0,0,8.3,35,0,0,,3,0,0
186492,TrayVaughn Swanigan,DI,0,0,,0,0,,SO UTAH,2,D92,0,0,0,37,1,2029,59,73.6,0,0,,1,0,0,0,4,0,64.6,0,0,1,0,SO UTAH,2,0,1,0,,0,0,57.6,,0,0,298,59,0,55,0,0,22,0,1,57.2,0,0,0
186515,Jay Carter,LB,1,0,,0,2,100,W GEORGIA,3,D46,66,63,0,9,1,2027,7,42.9,21,1,56.3,0,0,26,0,0,0,37.7,0,0,0,0,W GEORGIA,1,0,0,0,21,3,28.6,44.8,21,78.2,0,1177,73,4,0,0,118.8,38,0,2,60.3,0,0,7
186520,Festus Davies,ED,1,0,,0,1,0,W GEORGIA,4,D02,8,7,0,15,1,2027,40,62.5,0,0,63.6,0,0,8,0,0,0,68.1,0,0,0,0,W GEORGIA,3,0,0,0,,1,20,66.9,,81,0,1177,48,0,0,0,39.6,25,1,0,57.7,0,0,40
186535,Mason Huntley,ED,0,0,,0,2,,W GEORGIA,1,D08,1,1,0,11,1,2026,24,23.8,0,0,53.7,0,0,1,0,0,0,63.8,0,0,0,0,W GEORGIA,1,0,0,0,,0,66.7,53.5,,78,0,1177,25,0,0,0,0,13,1,0,54.8,0,0,24
186573,Micah Thurman,LB,4,0,,0,3,100,W GEORGIA,8,D37,64,62,0,6,1,2027,9,66.2,26,4,66.9,2,0,29,0,0,0,79.4,0,0,0,0,W GEORGIA,5,0,2,0,12,2,23.1,77.4,6.5,76,0,1177,73,32,0,0,93.8,38,0,2,68.1,0,0,9
186585,Carson Yancy,CB,6,0,,0,2,50,W GEORGIA,4,D07,67,17,0,4,1,2026,2,47.1,24,3,69.6,2,0,31,0,0,0,60.8,0,0,0,0,W GEORGIA,0,0,2,0,11,50,28.6,68.4,8,77.9,0,1177,69,4,0,1,60.4,34,0,1,62.8,0,0,2
186595,Elijah Binakonsky,LB,0,0,,0,0,,MERCYHURST,0,D30,4,4,0,2,1,2028,5,,0,0,,0,0,0,0,0,0,63.1,0,0,0,0,MERCYHURST,0,0,0,0,,0,,63.1,,70.9,0,977,9,0,0,0,0,7,0,0,58.9,0,0,5
186605,Patrick Carter,ED,0,0,,0,0,,MERCYHURST,1,D20,1,1,0,2,1,2029,7,74.7,0,0,,1,0,0,0,0,0,67.7,0,0,0,0,MERCYHURST,1,0,1,0,,0,0,73.6,,73.2,0,977,8,0,0,0,0,6,0,1,63.8,0,0,7
186636,Jonas King,DI,0,0,,0,1,,MERCYHURST,3,D06,1,1,0,17,1,2026,39,51.5,0,0,,4,0,0,11,0,0,60.4,0,0,1,0,MERCYHURST,3,0,4,0,,0,20,60,,0,0,977,40,0,23,0,0,23,2,1,68.5,0,0,5
186637,Jeff Leavell,LB,2,0,,0,1,100,MERCYHURST,4,D14,48,42,0,3,1,2028,8,57.8,34,2,50.3,0,0,20,0,0,0,69.6,2,0,0,0,MERCYHURST,4,0,0,0,18,4,14.3,59.8,17,73.8,0,977,56,28,0,0,118.8,33,1,2,58.5,0,0,8
186643,Anthony Mackey,S,1,0,,0,1,100,MERCYHURST,6,D02,52,21,0,0,1,2026,0,66.6,0,1,72,0,0,22,0,0,0,71.6,2,0,0,0,MERCYHURST,4,0,0,0,0,17,12.5,73.1,0,76.5,0,977,52,0,0,0,79.2,30,1,1,,12,0,0
186648,Ramon McAndrews,DI,0,0,,0,0,,MERCYHURST,0,D55,0,0,0,9,1,2028,20,70.1,0,0,,0,0,0,0,13,0,67.2,0,0,0,0,MERCYHURST,0,0,0,0,,0,0,64.8,,74.9,0,977,20,0,7,0,0,11,0,1,55.7,0,0,0
186673,James Royal,DI,0,0,,0,0,,MERCYHURST,0,D99,0,0,0,7,1,2026,19,,0,0,,0,0,0,5,0,0,64.3,0,0,0,0,MERCYHURST,0,0,0,0,,0,,62.8,,73,0,977,19,0,14,0,0,12,0,0,56.3,0,0,0
187359,Brodie Carroll,LB,7,0,,0,0,100,ELON,7,D33,62,62,0,1,1,2028,1,82,87,7,49,0,0,34,0,0,0,74,0,0,1,0,ELON,3,0,0,0,24,0,0,56.8,12.4,0,0,162,63,54,0,0,158,28,0,1,67.5,0,1,1
187562,Major Dillard,DI,0,0,,0,0,,NORFOLK,2,D77,0,0,0,14,1,2028,41,73.1,0,0,,0,0,0,0,16,0,59.8,0,0,0,0,NORFOLK,1,0,0,0,,0,0,63.6,,77.4,0,244,41,0,25,0,0,27,0,1,68.1,0,0,0
187925,JaMorey Jones,DI,1,0,,0,0,100,SCAR STATE,1,D99,0,0,0,6,1,2026,10,70.2,-2,1,62.1,0,0,0,0,1,0,61.6,0,0,0,0,SCAR STATE,1,0,0,0,-2,0,0,69.3,-2,71.4,0,290,10,0,9,0,79.2,4,1,0,57.3,0,0,0
187929,Akil Lampley,S,2,0,,0,0,100,WAGNER,5,D01,57,12,0,1,1,2026,0,83.8,13,2,48.4,0,0,33,0,0,0,79.3,0,0,0,0,WAGNER,1,0,0,0,8,6,0,58,6.5,77,0,338,57,2,0,0,93.8,23,0,2,58.7,38,0,0
187930,Shanard Lo-Ray,DI,0,0,,0,0,,MERCYHURST,1,D97,0,0,0,1,1,2027,3,69.7,0,0,,0,0,0,1,0,0,62,0,0,0,0,MERCYHURST,0,0,0,0,,0,0,64.2,,67,0,977,3,0,2,0,0,2,0,0,60,0,0,0
187938,Kennedy Parker,LB,0,0,,0,0,,PRVIEW A&M,2,D07,7,5,0,2,1,2026,3,76.7,0,0,72.6,0,0,5,0,0,0,50,0,0,1,0,PRVIEW A&M,1,0,0,0,,2,0,51.3,,0,0,270,10,0,0,0,0,3,0,0,57.9,0,0,3
188068,Myti Johnson,CB,2,0,,0,0,100,W GEORGIA,1,D20,11,2,0,0,1,2030,0,74.2,12,2,47.9,0,0,6,0,0,0,60.9,9,0,0,0,W GEORGIA,0,0,0,0,9,0,0,48.5,6,70.2,0,1177,11,0,0,0,131.3,5,0,0,,0,1,0
188069,Kourtney Kelly,DI,0,0,,0,1,,W GEORGIA,2,D11,0,0,0,13,1,2029,36,44.6,0,0,,0,0,0,9,1,0,64.3,0,0,0,0,W GEORGIA,2,0,0,0,,0,25,62.1,,74.9,0,1177,36,0,26,0,0,23,2,1,55.4,0,0,0
188075,Tre'Shawn Moore,S,0,0,,0,2,,W GEORGIA,5,D14,67,47,0,2,1,2029,2,49.4,0,0,89.2,0,1,31,0,0,0,59.1,0,0,0,0,W GEORGIA,3,0,0,0,,7,25,80,,76.9,0,1177,69,0,0,0,0,36,0,1,57.5,13,0,2
188092,Braylon Beckwith,S,2,0,,0,1,0,MERCYHURST,3,D22,49,31,0,0,1,2029,0,62.8,0,0,76.5,0,0,21,0,0,0,66.7,1,0,0,0,MERCYHURST,1,0,0,0,,7,14.3,74.4,,74.4,0,977,49,0,0,0,39.6,28,1,3,,10,0,0
188102,Jaiden Hill,CB,0,0,,0,0,,MERCYHURST,0,D12,15,2,0,0,1,2026,0,,0,0,63.3,0,0,4,0,0,0,61.3,13,0,0,0,MERCYHURST,0,0,0,0,,0,,64.5,,71.6,0,977,15,0,0,0,0,11,0,0,,0,0,0
188105,Anez Jordan,CB,1,0,,0,0,0,MERCYHURST,0,D13,6,0,0,0,1,2028,0,,0,0,63.5,0,0,4,0,0,0,60,6,0,0,0,MERCYHURST,0,0,0,0,,0,,64.1,,69.7,0,977,6,0,0,0,39.6,2,0,0,,0,0,0
188112,Adonis Marshall,CB,4,0,,0,0,75,MERCYHURST,6,D11,41,1,0,0,1,2029,0,81.4,79,3,64.7,0,1,19,0,0,0,77.6,36,0,0,0,MERCYHURST,2,0,0,0,35,4,0,69.9,26.3,75.9,0,977,41,5,0,0,116.7,22,0,0,,0,1,0
188129,Immanuel Williams,DI,0,0,,0,1,,STETSON,1,D88,0,0,0,24,1,2029,48,29,0,0,60,0,0,1,25,0,0,64.9,0,0,0,0,STETSON,1,0,0,0,,0,50,61.4,,76.1,0,302,48,0,14,0,0,23,0,0,55,0,0,9
188145,Logan Jozwiak,DI,0,0,,0,0,,NEWHVN,1,D93,0,0,0,14,1,2028,19,70.1,0,0,,1,0,0,0,15,0,63.2,0,0,0,0,NEWHVN,0,0,1,0,,0,0,61.5,,75,0,1013,19,0,4,0,0,5,0,0,57.5,0,0,0
188187,Garrison Butler,DI,0,0,,0,0,,FURMAN,3,D52,0,0,0,4,1,2029,15,73.6,0,0,,1,0,0,1,0,0,69.8,0,0,0,0,FURMAN,3,0,1,0,,0,0,73.3,,72.1,0,170,15,0,14,0,0,11,0,0,66.2,0,0,0
188365,AJ Wallace,S,0,0,,0,1,,CHATTNOOGA,0,D04,4,4,0,0,1,2029,0,21.6,0,0,60,0,0,1,0,0,0,57.2,0,0,0,0,CHATTNOOGA,0,0,0,0,,0,100,50.3,,68,0,137,4,0,0,0,0,3,0,0,,0,0,0
188369,Kyron Anderson,DI,0,0,,0,0,,TXAMEA,0,D53,0,0,0,10,1,2030,17,69.7,0,0,,0,0,0,0,0,0,66.7,0,0,0,0,TXAMEA,0,0,0,0,,0,0,64.1,,72.8,0,1139,17,0,17,0,0,7,0,1,56.8,0,0,0
188412,Sirmaine Campbell,DI,0,0,,0,0,,INDIANA ST,2,D99,0,0,0,17,1,2029,34,72.4,0,0,,0,0,0,2,11,0,51.5,0,0,0,1,INDIANA ST,2,0,0,0,,0,0,57,,76,0,191,34,0,21,0,0,17,0,0,66.3,0,0,0
188489,Grant Hessler,DI,0,0,,0,0,,IDAHO ST,0,D99,0,0,0,12,1,2028,30,,0,0,,0,0,0,0,15,0,67.7,0,0,0,0,IDAHO ST,0,0,0,0,,0,,69,,77.4,0,186,30,0,15,0,0,18,0,0,63.4,0,0,0
188533,Kahmari Brown,ED,1,0,,0,0,0,ELON,3,D03,0,0,0,29,1,2029,55,76.1,0,0,,2,0,0,5,0,0,75.1,0,0,0,0,ELON,3,0,2,0,,0,0,65.5,,78.3,0,162,55,0,1,0,39.6,26,0,1,51.9,0,0,49
188535,Cole Clark,S,0,0,,0,0,,ELON,0,D39,1,0,0,0,1,2029,0,,0,0,,0,0,0,0,0,0,60,0,0,0,0,ELON,0,0,0,0,,0,,60.1,,60,0,162,1,0,0,0,0,1,0,0,,0,0,0
188541,Landon Herzberg,CB,0,0,,0,0,,ELON,0,D18,1,0,0,0,1,2029,0,,0,0,,0,0,0,0,0,0,60,0,0,0,0,ELON,0,0,0,0,,0,,60.1,,60,0,162,1,0,0,0,0,1,0,0,,0,0,0
188549,Ross Smith,CB,0,0,,0,0,,ELON,0,D14,1,0,0,0,1,2029,0,,0,0,,0,0,0,0,0,0,60,0,0,0,0,ELON,0,0,0,0,,0,,60.1,,60,0,162,1,0,0,0,0,1,0,0,,0,0,0
188553,Antonio Butts Jr.,LB,0,0,,0,1,,MERCER,0,D33,14,11,1,1,1,2029,1,39.4,0,0,63.5,1,0,9,0,0,0,62.2,0,0,0,0,MERCER,1,0,2,0,,3,100,64.1,,72.3,0,219,15,0,0,0,0,5,0,0,58.9,0,0,1
188556,Wyatt Hester,LB,0,0,,0,0,,MERCER,0,D52,1,1,0,0,1,2028,0,73.1,0,0,,0,0,0,0,0,0,65.6,0,0,0,0,MERCER,0,0,0,0,,0,0,75.6,,64.2,0,219,1,0,0,0,0,1,0,1,,0,0,0
188559,Carter Kermott,S,1,0,,0,0,0,MERCER,0,D22,7,5,0,0,1,2029,0,,0,0,70.8,0,0,4,0,0,0,60,0,0,0,0,MERCER,0,0,0,0,,2,,70.1,,71.8,0,219,7,0,0,0,39.6,3,0,0,,0,0,0
188562,Ryan McNally,S,0,0,,0,0,,MERCER,0,D20,7,4,0,0,1,2029,0,,0,0,61.4,0,0,4,0,0,0,60,0,0,0,0,MERCER,0,0,0,0,,0,,61.7,,68.5,0,219,7,0,0,0,0,3,0,0,,3,0,0
188573,Andrew Zock,ED,0,0,,0,0,,MERCER,0,D00,0,0,2,26,1,2029,37,75.2,0,0,,1,0,0,0,0,0,72.8,0,1,0,0,MERCER,2,0,4,0,,0,,73,,77.8,0,219,37,0,0,0,0,11,0,0,66.2,0,0,37
188579,Aaron Clark,ED,0,0,,0,0,,TOWSON,6,D99,0,0,0,25,1,2029,66,77.8,0,0,,1,0,0,47,0,0,76.2,0,0,0,0,TOWSON,6,0,1,0,,0,0,72.1,,76.5,0,317,66,0,4,0,0,41,1,1,57.1,0,0,15
188580,Emiril Gant,CB,1,0,,0,0,100,TOWSON,3,D09,66,5,0,0,1,2029,0,80.8,16,1,64.9,0,0,20,0,0,0,63.3,61,0,0,0,TOWSON,0,0,0,0,16,0,0,65.2,16,76.8,0,317,66,4,0,0,118.8,46,0,2,,0,0,0
188585,Mazio Randall,DI,0,0,,0,0,,FL A&M,0,D94,0,0,0,0,1,2031,5,,0,0,,0,0,0,0,4,0,62.5,0,0,0,0,FL A&M,0,0,0,0,,0,,63.8,,71.2,0,164,5,0,1,0,0,5,0,0,,0,0,0
188586,TJ Sands,S,0,0,,0,0,,TOWSON,1,D36,5,0,0,1,1,2029,2,73,0,0,62,0,0,3,0,0,0,65.8,0,0,0,0,TOWSON,1,0,0,0,,5,0,67.9,,73.6,0,317,7,0,0,0,0,3,0,0,60,0,0,2
188590,JR Stegall,ED,0,0,,0,0,,TOWSON,2,D92,0,0,0,18,1,2029,55,75,0,0,,0,0,0,43,0,0,69,0,0,0,1,TOWSON,2,0,0,0,,0,0,67.5,,76,0,317,55,0,7,0,0,37,0,1,58.8,0,0,5
188591,Alfred Thomas,LB,1,0,,0,2,100,TOWSON,5,D03,63,62,1,6,1,2029,0,55.5,6,1,58.5,1,0,19,0,0,0,80.6,0,0,0,0,TOWSON,4,0,2,0,6,1,16.7,74.2,6,76.4,0,317,63,2,0,0,91.7,38,0,5,64.3,0,0,0
188599,Shakir Collins,LB,0,0,,0,0,,HOUCHR,0,D34,1,1,0,0,1,2029,0,,0,0,,0,0,0,0,0,0,60,0,0,0,0,HOUCHR,0,0,0,0,,0,,60,,62.1,0,183,1,0,0,0,0,1,0,0,,0,0,0
188609,TJ Smith,LB,2,0,,0,0,50,HOUCHR,1,D00,23,20,0,3,1,2028,5,73.1,14,1,64.5,0,0,9,0,0,0,59,0,0,1,0,HOUCHR,1,0,0,0,14,3,0,54.9,14,0,0,183,28,11,0,0,72.9,16,0,0,56.7,0,0,5
188611,Mike Sylvalie,ED,0,0,,0,0,,HOUCHR,1,D25,15,14,0,7,1,2029,16,75.2,0,0,72.6,0,0,6,3,0,0,65.7,0,0,0,0,HOUCHR,0,0,0,0,,1,0,70.3,,76.1,0,183,31,0,1,0,0,18,0,1,56.3,0,0,12
188617,KJ Chisholm Jr.,CB,4,0,,0,1,75,JACKSON ST,3,D17,55,6,0,0,1,2029,0,52,40,3,57.4,0,0,31,0,0,0,65.9,48,0,0,0,JACKSON ST,0,0,0,0,17,1,20,59.3,13.3,76.2,0,194,55,14,0,0,106.3,24,0,1,,0,0,0
188625,Mike Smith III,CB,1,0,,0,1,100,JACKSON ST,3,D04,34,8,0,0,1,2029,0,46.5,26,1,43.4,0,0,18,0,0,0,67.7,25,0,1,0,JACKSON ST,0,0,0,0,26,1,25,48.6,26,73.7,0,194,34,0,0,0,158.3,16,0,0,,0,1,0
188635,Cody Carlson,DI,0,0,,0,0,,UTAHTC,1,D88,0,0,0,14,1,2026,38,73.8,0,0,60,0,0,0,12,3,0,62.1,0,0,0,0,UTAHTC,0,0,0,0,,0,0,61.7,,76,0,1285,38,0,20,0,0,24,0,3,56.3,0,0,3
188641,Brandon Jackson,DI,0,0,,0,1,,UTAHTC,0,D90,0,0,0,7,1,2029,15,16.2,0,0,,0,0,0,4,5,0,57.4,0,0,0,0,UTAHTC,0,0,0,0,,0,100,56.5,,72.4,0,1285,15,0,6,0,0,8,0,0,57.5,0,0,0
188646,River Moore,CB,2,0,,0,0,100,UTAHTC,6,D23,36,8,0,1,1,2029,1,81.9,21,2,58.9,0,0,17,0,0,0,65.9,25,0,0,0,UTAHTC,2,0,0,0,11,2,0,60.8,10.5,74.4,0,1285,37,0,0,0,110.4,19,0,0,60,1,0,1
188653,Jace Sweeten,LB,0,0,,0,0,,UTAHTC,1,D13,12,10,0,0,1,2029,0,77,0,0,63.7,0,0,5,0,0,0,65.8,0,0,0,0,UTAHTC,1,0,0,0,,2,0,67.7,,71.5,0,1285,12,0,0,0,0,7,0,1,,0,0,0
188694,Jake Stonebraker,LB,6,0,,0,3,83.3,AUSTINPEAY,2,D40,50,36,0,7,1,2029,7,26.5,47,5,28.9,0,0,31,0,0,0,68.6,0,0,0,0,AUSTINPEAY,1,0,0,0,13,14,50,37.5,9.4,76.3,0,116,57,22,0,0,99.3,19,0,1,55.8,0,0,7
188795,Caleb Jones,S,0,0,,0,1,,DUQUESNE,0,D21,3,3,0,0,1,2029,0,21.8,0,0,60,0,0,1,0,0,0,58,0,0,0,0,DUQUESNE,0,0,0,0,,0,100,50.3,,68.5,0,155,3,0,0,0,0,2,0,0,,0,0,0
188798,Carter Lance,DI,0,0,,0,0,,DUQUESNE,1,D52,2,2,0,5,1,2029,14,72.2,0,0,,0,0,0,0,0,0,80.1,0,0,0,0,DUQUESNE,1,0,0,0,,0,0,79,,72.9,0,155,16,0,14,0,0,11,1,1,57.9,0,0,0
188802,Adrian Ramirez,ED,0,0,,0,1,,DUQUESNE,3,D15,0,0,1,11,1,2028,27,63.8,0,0,,1,0,0,3,0,0,76.5,0,0,0,0,DUQUESNE,3,0,2,0,,0,16.7,79.2,,76.4,0,155,27,0,0,0,0,16,0,2,68.9,0,0,24
188814,Malik Gucake,ED,0,0,,1,1,,PRVIEW A&M,3,D06,0,0,0,11,1,2028,13,31.1,0,0,60,2,0,0,7,0,0,59.4,0,0,0,0,PRVIEW A&M,2,0,2,0,,0,25,90.3,,71.8,0,270,13,0,0,0,0,2,1,0,90.9,0,0,6
188923,Tre Mittman,S,4,0,,0,2,100,NC A&T,3,D21,79,42,0,4,1,2029,4,48.6,33,4,53.4,0,0,55,0,0,0,62.7,0,0,0,0,NC A&T,1,0,0,0,18,25,22.2,55.9,8.3,77.3,0,246,83,7,0,0,101,24,0,4,58.3,12,0,4
188935,Gustav Dammann,DI,0,0,,0,0,,DAYTON,2,D58,0,0,0,6,1,2029,27,72.4,0,0,59.5,0,0,1,0,21,0,48.2,0,0,0,0,DAYTON,2,0,0,0,,0,0,47,,75.8,0,150,27,0,6,0,0,20,2,0,58,0,0,0
188945,Brandon Martin,ED,0,0,,0,0,,DAYTON,3,D93,0,0,1,19,1,2030,44,77.2,0,0,,1,0,0,16,0,0,80.2,0,1,0,0,DAYTON,3,0,3,0,,0,0,80.7,,77.5,0,150,44,0,0,0,0,25,0,1,68.6,0,0,28
188964,Zach Adamo,ED,0,0,,0,1,,DRAKE,0,D37,0,0,1,6,1,2029,6,31.8,0,0,,2,0,0,0,0,0,,0,0,0,0,DRAKE,0,0,3,0,,0,100,70,,71.5,0,153,6,0,0,0,0,0,0,0,68.3,0,0,6
188970,Garrison Codde,CB,3,0,,0,1,66.7,DRAKE,5,D26,67,6,0,0,1,2029,0,56.7,24,2,69.3,0,0,50,0,0,0,53.9,61,0,0,0,DRAKE,1,0,0,0,15,0,16.7,67.5,12,76.7,0,153,67,3,0,1,91,17,0,0,,0,0,0
188983,Chase Lamb,ED,0,0,,0,0,,DRAKE,0,D32,0,0,0,4,1,2029,5,,0,0,,0,0,0,1,0,0,60,0,0,0,0,DRAKE,0,0,0,0,,0,,57.8,,71,0,153,5,0,0,0,0,1,0,0,57.4,0,0,4
189010,Michael Matthews-Canty,LB,2,0,,0,1,50,HAMPTON,4,D51,52,50,0,12,1,2029,23,72.2,13,1,66.4,1,0,15,0,0,0,62.8,0,1,0,0,HAMPTON,2,0,2,0,13,2,10,62.7,13,82.2,0,178,75,17,0,0,70.8,48,0,5,51.8,0,0,23
189055,Jermaine Ray Jr.,CB,5,0,,0,2,60,N ALABAMA,1,D03,49,9,0,0,1,2026,0,25.6,34,3,58.4,0,0,25,0,0,0,49,38,0,0,0,N ALABAMA,0,0,0,0,14,2,66.7,55.4,11.3,75,0,389,49,28,0,0,80.4,24,0,0,,0,0,0
189059,Fred Vili,ED,0,0,,0,2,,N ALABAMA,2,D57,7,7,0,12,1,2029,25,26.6,0,0,59.5,2,0,5,0,0,0,56.6,0,0,0,0,N ALABAMA,1,0,2,0,,0,50,59.5,,79.4,0,389,32,0,1,0,0,15,0,0,62.1,0,0,24
189063,Anthony Young,CB,2,0,,0,1,50,N ALABAMA,4,D20,53,8,0,0,1,2029,0,52.2,34,1,57.4,0,0,29,0,0,0,62.3,43,0,0,0,N ALABAMA,1,0,0,0,34,2,20,58.8,34,75.9,0,389,53,8,0,0,95.8,24,0,0,,0,0,0
189069,Tyler Durant,DI,0,0,,0,0,,SAMFORD,0,D99,0,0,0,6,1,2029,16,,0,0,,0,0,0,0,12,0,34.7,0,0,0,0,SAMFORD,0,0,0,0,,0,,34.6,,74.4,0,282,16,0,4,0,0,10,0,0,57.7,0,0,0
189086,Carson Sloan,LB,1,0,,0,3,100,SAMFORD,2,D30,56,54,0,3,1,2029,0,26.3,4,1,65.2,0,0,22,0,0,0,55.6,0,0,0,0,SAMFORD,1,0,0,0,4,2,42.9,59.6,4,75.2,0,282,56,0,0,0,122.9,31,0,2,55.9,0,1,0
189088,Luke Wattenbarger,S,0,0,,0,0,,SAMFORD,0,D08,11,8,0,0,1,2026,0,74.8,0,0,,0,0,0,0,0,0,68.3,0,0,0,0,SAMFORD,0,0,0,0,,1,,67.3,,72,0,282,11,0,0,0,0,11,0,0,,2,0,0
189089,Maxton Woodward,DI,0,0,,0,0,,SAMFORD,2,D95,0,0,0,10,1,2028,27,74.3,0,0,,1,0,0,0,20,0,71.6,0,0,0,0,SAMFORD,2,0,1,0,,0,0,69.5,,76.1,0,282,27,0,6,0,0,17,0,2,56.8,0,0,1
189091,Shaun Aletor,ED,0,0,,0,0,,SAN DIEGO,0,D93,0,0,1,6,1,2029,7,71.1,0,0,,3,0,0,0,0,0,60,0,0,0,0,SAN DIEGO,1,0,4,0,,0,,93,,71.3,0,283,7,0,0,0,0,1,0,0,91.7,0,0,7
189094,Nate Fischer,LB,1,0,,0,2,0,SAN DIEGO,4,D01,55,54,0,0,1,2029,0,33.8,0,0,75.4,0,0,28,0,0,0,56.7,0,0,0,0,SAN DIEGO,2,0,0,0,,0,28.6,69.5,,77.7,0,283,55,0,0,0,39.6,27,0,1,,1,0,0
189107,Jae'Von Reels,DI,0,0,,0,0,,SAN DIEGO,1,D95,0,0,0,3,1,2028,10,70.1,0,0,,0,0,0,0,10,0,66.9,0,0,0,0,SAN DIEGO,1,0,0,0,,0,0,67.8,,72.8,0,283,10,0,0,0,0,7,1,0,59.5,0,0,0
189122,Anthony Feltrinelli,LB,4,0,,0,1,100,VALPO,4,D51,52,40,0,4,1,2029,5,60.8,31,4,61,1,0,26,0,0,0,57.4,0,0,0,0,VALPO,3,0,1,0,22,12,12.5,58.6,7.8,78.3,0,332,57,19,0,0,138.5,27,0,3,55,0,1,5
189134,Wyatt Little,S,2,0,,0,0,50,VALPO,1,D05,27,15,0,0,1,2029,0,75.3,15,1,70.2,0,1,15,0,0,0,61.6,0,0,0,0,VALPO,0,0,0,0,15,3,0,69.2,15,75.5,0,332,27,0,0,0,35.4,12,0,0,,9,0,0
189158,Brandon Biagiarelli,LB,0,0,,0,1,,BUCKNELL,6,D10,55,55,1,11,1,2030,13,65.2,0,0,59,0,0,20,0,0,0,81.5,0,0,0,0,BUCKNELL,4,0,1,0,,0,11.1,73.8,,78.8,0,125,68,0,0,0,0,37,1,2,60,0,0,13
189165,Aaron Davis,CB,1,0,,0,0,100,BUCKNELL,3,D06,38,1,0,0,1,2027,0,77.9,8,1,67.2,0,0,17,0,0,0,72.9,37,0,0,0,BUCKNELL,1,0,0,0,8,0,0,70.3,8,75.2,0,125,38,3,0,0,100,21,0,0,,0,0,0
189170,Charlie Meehleib,ED,0,0,,0,0,,BUCKNELL,0,D35,0,0,0,21,1,2030,43,,0,0,,1,0,0,22,0,0,60.4,0,1,0,0,BUCKNELL,0,0,2,0,,0,,60.6,,75.4,0,125,43,0,19,0,0,22,0,0,59.4,0,0,2
189187,Casey Etienne Jr.,CB,3,0,,0,0,66.7,PRINCETON,4,D01,47,3,0,0,1,2029,0,79.3,18,2,61.3,0,0,26,0,0,0,68,43,0,0,0,PRINCETON,0,0,0,0,10,1,0,63.4,9,76,0,272,47,4,0,0,82.6,21,0,0,,0,0,0
189196,Jake Moore,ED,0,0,,0,0,,PRINCETON,0,D33,0,0,0,12,1,2029,14,,0,0,,1,0,0,1,0,0,60,0,0,0,0,PRINCETON,0,0,1,0,,0,,64.2,,75.4,0,272,14,0,0,0,0,2,0,0,63.4,0,0,13
189198,Chris Oliver,DI,0,0,,0,0,,PRINCETON,0,D96,0,0,0,2,1,2029,2,,0,0,,0,0,0,0,1,0,,0,0,0,0,PRINCETON,0,0,0,0,,0,,59,,67,0,272,2,0,1,0,0,0,0,0,58.8,0,0,0
189199,Stephen Ordille,S,1,0,,0,0,0,PRINCETON,0,D17,28,8,0,0,1,2029,9,,0,0,51.6,0,0,15,0,0,0,63.8,0,0,0,0,PRINCETON,0,0,0,0,,20,,55.7,,77.5,0,272,37,0,0,0,39.6,22,0,0,,0,0,9
189201,AJ Pigford,ED,0,0,,0,0,,PRINCETON,2,D28,10,10,0,25,1,2029,41,76.6,0,0,61.3,1,0,3,0,0,0,68.7,0,2,0,0,PRINCETON,1,0,3,0,,0,0,67,,81.4,0,272,51,0,0,0,0,23,0,1,59.8,0,0,41
189209,Kaden Kenney,DI,0,0,,0,0,,ALCORN ST,1,D92,0,0,1,23,1,2026,38,72.4,0,0,,0,0,0,0,20,0,68.2,0,0,0,0,ALCORN ST,2,0,1,0,,0,0,66.3,,76.6,0,107,38,0,16,0,0,15,0,0,59.9,0,0,2
189211,Deitron Parker,LB,1,0,,0,0,100,ALCORN ST,0,D20,5,2,0,0,1,2026,0,,19,1,51,0,0,5,0,0,0,,0,0,0,0,ALCORN ST,0,0,0,0,19,3,,48.5,19,67.9,0,107,5,10,0,0,118.8,0,0,0,,0,0,0
189217,Blake Davis,CB,2,0,,0,1,50,GRAMBLING,8,D01,71,0,0,0,1,2026,0,68.6,6,1,73.1,0,0,35,0,0,0,52.3,71,0,0,0,GRAMBLING,3,0,0,0,6,0,11.1,69.4,6,77.3,0,177,71,3,0,0,56.3,36,0,0,,0,0,0
189221,Kilas Francis,DI,0,0,,0,0,,GRAMBLING,0,D92,0,0,0,14,1,2029,34,70.1,0,0,,0,0,0,0,23,0,61.4,0,0,0,0,GRAMBLING,0,0,0,0,,0,0,62.6,,77.2,0,177,34,0,11,0,0,20,0,1,61.5,0,0,0
189225,Jalen Guillard,CB,0,0,,0,3,,GRAMBLING,0,D23,26,6,0,0,1,2028,0,21.6,0,0,52,0,0,15,0,0,0,46.2,10,0,0,0,GRAMBLING,0,0,0,0,,6,100,48.5,,74.2,0,177,26,0,0,0,0,11,0,0,,4,0,0
189231,Jamal Jordan,LB,2,0,,0,1,50,GRAMBLING,1,D06,42,37,0,4,1,2029,4,61.6,7,1,57.8,1,0,15,0,0,0,63.6,0,0,0,0,GRAMBLING,1,0,1,0,7,5,25,59.5,7,76.4,0,177,46,4,0,0,58.3,27,0,2,54.5,0,0,4
189245,Javorious Sherrod,DI,0,0,,0,0,,GRAMBLING,2,D99,0,0,0,9,1,2027,22,71.5,0,0,,1,0,0,0,14,0,66.8,0,0,0,0,GRAMBLING,2,0,1,0,,0,0,65.5,,76.1,0,177,22,0,8,0,0,13,0,0,57.4,0,0,0
189257,Drey Braxton,CB,1,0,,0,1,0,NC CENT,1,D25,65,17,0,1,1,2029,3,27.5,0,0,48.9,0,0,20,0,0,0,53.2,44,0,0,0,NC CENT,1,0,0,0,,1,50,49.9,,75.7,0,247,68,0,0,0,39.6,47,0,0,60,2,0,3
189262,Xzavier Fields,DI,0,0,,0,0,,NC CENT,1,D90,1,0,0,0,1,2027,7,66.5,0,0,,0,0,0,0,4,0,70.1,0,0,0,0,NC CENT,1,0,0,0,,0,0,73,,86.7,0,247,8,0,3,0,0,8,1,0,,0,0,0
189299,Joshua Banks,S,0,0,,0,1,,STETSON,2,D18,18,12,0,0,1,2029,2,40,0,0,54.8,0,0,8,0,0,0,60.3,0,0,0,0,STETSON,1,0,0,0,,4,33.3,56.6,,74.4,0,302,20,0,0,0,0,12,0,0,,2,0,2
189310,Corrado DeSantis,CB,0,0,,0,0,,STETSON,0,D23,3,1,0,0,1,2029,0,,0,0,,0,0,0,0,0,0,60,2,0,0,0,STETSON,0,0,0,0,,0,,60,,65.8,0,302,3,0,0,0,0,3,0,0,,0,0,0
189312,Colin Douthit,DI,0,0,,0,0,,STETSON,0,D56,0,0,0,2,1,2028,4,,0,0,,0,0,0,1,0,0,60.9,0,0,0,0,STETSON,0,0,0,0,,0,,61.2,,68.6,0,302,4,0,2,0,0,2,0,0,58.2,0,0,1
189324,Christopher Jimenez,DI,0,0,,0,0,,STETSON,1,D93,0,0,0,14,1,2029,26,71.3,0,0,60,0,0,1,8,0,0,64.1,0,0,0,0,STETSON,1,0,0,0,,0,0,61.6,,74.3,0,302,26,0,14,0,0,11,0,0,56.2,0,0,4
189327,Damontez McDowell,ED,0,0,,0,0,,STETSON,0,D10,2,0,0,3,1,2029,7,,0,0,62.1,0,0,3,0,0,0,49.7,0,0,0,0,STETSON,0,0,0,0,,2,,49.5,,74.6,0,302,9,0,0,0,0,3,0,0,58.9,0,0,7
189333,Justin Rodriguez,S,5,0,,0,2,100,STETSON,7,D28,53,23,0,0,1,2028,1,61,90,5,58.3,0,0,27,0,0,0,52.1,1,0,0,0,STETSON,2,0,0,0,64,5,16.7,55.8,18,76.2,0,302,54,53,0,0,158.3,27,0,3,,24,1,1
189343,Mohamed Toure,CB,7,0,,0,0,57.1,STETSON,3,D05,50,7,0,0,1,2029,1,79.3,46,4,53.7,0,0,28,0,0,0,66.8,41,0,0,0,STETSON,1,0,0,0,30,2,0,56.5,11.5,75.7,0,302,51,19,0,0,116.7,23,0,1,,0,1,1
189396,Montreze Smith Jr.,LB,5,0,,0,2,80,AUSTINPEAY,12,D31,73,59,0,5,1,2029,4,64.8,20,4,73.9,2,2,45,0,0,0,79.6,0,0,0,0,AUSTINPEAY,6,0,2,0,9,14,14.3,80.1,5,78.5,0,116,77,14,0,0,43.8,27,1,0,67.1,0,0,4
189686,Mason Knipp,DI,0,0,,0,0,,INDIANA ST,1,D93,0,0,0,20,1,2029,35,72.4,0,0,,0,0,0,4,3,0,60.5,0,0,0,0,INDIANA ST,1,0,0,0,,0,0,58.6,,75,0,191,35,0,28,0,0,15,0,1,56.1,0,0,0
189844,Ayden Merrihew,DI,0,0,,0,1,,N COLORADO,2,D94,0,0,0,18,1,2027,47,37.5,0,0,,0,0,0,5,7,0,68.7,0,0,0,0,N COLORADO,1,0,0,0,,0,33.3,66.3,,77.5,0,253,47,0,34,0,0,29,0,0,56,0,0,1
189865,Rontravious Perry,LB,2,0,,0,1,50,NORFOLK,4,D15,25,6,0,0,1,2027,1,58.9,10,1,50.2,0,0,10,0,0,0,69.4,0,0,0,0,NORFOLK,3,0,0,0,10,18,16.7,58.2,10,74.7,0,244,26,5,0,0,64.6,16,0,1,,1,0,1
189981,Trey Adams,ED,0,0,,0,0,,TOWSON,1,D95,0,0,0,13,1,2029,34,71.3,0,0,,0,0,0,21,0,0,61.2,0,0,0,0,TOWSON,1,0,0,0,,0,0,59.9,,74.6,0,317,34,0,8,0,0,21,0,0,56.6,0,0,5
190059,Mike Devereaux,LB,1,0,,0,1,0,N DAKOTA,1,D34,55,47,0,11,1,2027,2,49.4,0,0,69.7,0,0,29,0,0,0,80.3,0,1,0,2,N DAKOTA,0,0,1,0,,8,20,79.3,,77.2,0,249,57,0,0,1,39.6,17,0,3,65.8,0,0,2
190334,Qua Birdsong,LB,0,0,,0,0,,E TENN ST,2,D14,7,2,0,2,1,2029,3,80.2,0,0,60.8,0,0,2,0,0,0,81.1,0,0,1,0,E TENN ST,1,0,0,0,,4,0,66.8,,0,0,157,10,0,0,0,0,6,0,1,58.4,1,0,3
190459,Devin Costello,S,0,0,,0,0,,UTAHTC,0,D12,5,2,0,1,1,2029,2,,0,0,60,0,0,1,0,0,0,60.8,0,0,0,0,UTAHTC,0,0,0,0,,3,,62.1,,70.7,0,1285,7,0,0,0,0,5,0,0,60,0,0,2
190615,Nathan Laperi,ED,0,0,,1,0,,S DAKOTA,0,D46,1,1,1,11,1,2029,18,69.7,0,0,60,0,0,1,3,0,0,61.7,0,0,0,0,S DAKOTA,1,0,1,0,,0,,65.6,,73.9,0,291,19,0,7,0,0,7,0,0,64.9,0,0,8
190696,Kamron Norwood,CB,0,0,,0,1,,SE LA,1,D08,15,0,0,0,1,2027,0,41.8,0,0,64.4,0,0,8,0,0,0,55,15,0,0,0,SE LA,0,0,0,0,,0,50,61.8,,72.5,0,294,15,0,0,0,0,7,0,0,,0,0,0
190920,Jamari Payne,ED,0,0,,0,0,,N ALABAMA,0,D02,0,0,0,9,1,2029,14,18.4,0,0,,0,0,0,1,0,0,61.9,0,0,0,0,N ALABAMA,0,0,0,0,,0,,46.6,,74.9,0,389,14,0,0,0,0,5,0,0,42.2,0,0,13
190947,Sam Greenspan,DI,0,0,,0,0,,CORNELL,1,D88,0,0,0,6,1,2029,10,69.7,0,0,,0,0,0,5,0,0,62.2,0,1,0,0,CORNELL,0,0,1,0,,0,0,59.9,,70.5,0,147,10,0,5,0,0,4,0,0,56.5,0,0,0
191318,Charles Whelpley,LB,0,0,,0,0,,S ILLINOIS,1,D15,4,4,0,1,1,2030,0,73.2,0,0,60.4,0,0,2,0,0,0,67.1,0,0,0,0,S ILLINOIS,1,0,0,0,,0,0,71.4,,67.1,0,295,4,0,0,0,0,1,1,0,59.2,0,0,0
191380,Jeremiah Bernard,S,3,0,,1,0,66.7,CAL POLY,5,D01,30,8,1,1,1,2029,1,84.4,32,2,64.2,0,0,19,0,0,0,71.2,0,0,0,0,CAL POLY,2,0,1,0,26,9,0,73.9,16,75.2,0,129,31,30,0,1,102.1,11,0,0,87.6,13,0,1
191384,Brayden Breedlove,S,1,0,,0,0,100,CAL POLY,1,D47,12,5,0,0,1,2029,1,75.3,1,1,75.2,0,0,3,0,0,0,62.4,0,0,0,0,CAL POLY,1,0,0,0,1,4,0,74.6,1,72.2,0,129,13,5,0,0,79.2,10,0,0,,3,0,1
191386,Gage Burnett,LB,0,0,,0,0,,CAL POLY,0,D12,4,2,0,0,1,2029,2,,0,0,60.7,0,0,2,0,0,0,60,0,0,0,0,CAL POLY,0,0,0,0,,2,,62.8,,70.7,0,129,6,0,0,0,0,4,0,0,,0,0,2
191394,J.T. Houston,ED,0,0,,0,0,,CAL POLY,2,D11,1,1,0,11,1,2029,22,74.6,0,0,60,0,0,1,2,0,0,65.6,0,0,0,0,CAL POLY,1,0,0,0,,0,0,61.3,,75.6,0,129,23,0,0,0,0,11,0,0,54.2,0,0,20
191401,Calvin Moore,CB,2,0,,0,1,50,CAL POLY,2,D04,39,2,0,0,1,2029,0,38.3,11,1,51.9,0,0,23,0,0,0,50.9,36,0,0,0,CAL POLY,0,0,0,0,11,1,33.3,50.4,11,75.3,0,129,39,1,0,0,66.7,16,0,0,,0,0,0
191405,Misa Paiau,LB,0,0,,1,0,,CAL POLY,1,D22,18,17,0,0,1,2029,1,75.8,0,0,63.2,0,0,8,0,0,0,91.9,0,0,0,0,CAL POLY,0,0,0,0,,1,0,88.9,,74,0,129,19,0,0,0,0,11,0,1,,0,0,1
191406,Will Plemons,ED,0,0,,0,0,,CAL POLY,0,D51,0,0,0,1,1,2028,5,,0,0,,0,0,0,2,0,0,61.5,0,0,0,0,CAL POLY,0,0,0,0,,0,,62.4,,69.3,0,129,5,0,1,0,0,4,0,0,60,0,0,2
191411,Jake Vorhees,ED,0,0,,0,0,,CAL POLY,0,D92,0,0,0,0,1,2029,3,,0,0,,0,0,0,0,0,0,60,0,0,0,0,CAL POLY,0,0,0,0,,0,,61.2,,68.5,0,129,3,0,0,0,0,3,0,0,,0,0,3
191417,Aidan Archibald,ED,0,0,,0,0,,E ILLINOIS,0,D60,0,0,0,11,1,2029,13,,0,0,,0,0,0,2,0,0,60,0,0,0,0,E ILLINOIS,0,0,0,0,,0,,55.9,,73.3,0,158,13,0,1,0,0,2,0,0,54.1,0,0,10
191424,Dillon Conway,S,0,0,,0,0,,E ILLINOIS,0,D36,5,4,0,0,1,2029,0,,0,0,60,0,0,1,0,0,0,60,0,0,0,0,E ILLINOIS,0,0,0,0,,0,,61.5,,67.2,0,158,5,0,0,0,0,4,0,0,,1,0,0
191427,Isaiah Hare,DI,0,0,,0,0,,E ILLINOIS,0,D93,0,0,0,4,1,2030,6,,0,0,,0,0,0,0,0,0,60,0,0,0,0,E ILLINOIS,0,0,0,0,,0,,66,,69.5,0,158,6,0,6,0,0,2,0,0,58.1,0,0,0
191428,Isaiah Houi,CB,9,0,,0,3,66.7,E ILLINOIS,7,D23,67,3,0,0,1,2029,0,42.2,78,6,52.3,0,0,42,0,0,0,42.6,63,0,0,0,E ILLINOIS,0,0,0,0,30,0,30,49.8,13,77.1,0,158,67,13,0,1,93.8,25,0,0,,1,0,0
191441,Jordyn Stewart,LB,0,0,,0,0,,E ILLINOIS,1,D34,11,8,0,0,1,2029,0,75.8,0,0,61.9,0,0,4,0,0,0,82.4,0,0,0,0,E ILLINOIS,1,0,0,0,,2,0,82,,68,0,158,11,0,0,0,0,7,0,1,,1,0,0
191452,Josiah Goode,S,3,0,,0,1,100,E WASHGTON,5,D33,29,11,0,0,1,2029,0,58.8,61,3,55.8,0,0,15,0,0,0,55.8,0,0,0,0,E WASHGTON,2,0,0,0,37,5,16.7,55.1,20.3,74.6,0,161,29,12,0,0,118.8,14,0,0,,13,0,0
191458,Ambrose Marsh,CB,6,0,,0,2,50,E WASHGTON,4,D25,58,1,0,0,1,2029,1,48.4,29,3,63.2,0,1,30,0,0,0,59.3,57,0,1,0,E WASHGTON,0,0,0,0,14,0,28.6,62.8,9.7,77.1,0,161,59,9,0,0,24.3,29,0,1,,0,0,1
191477,Seth Johnson,CB,2,0,,0,0,50,MONTANA ST,0,D09,28,0,0,0,1,2029,0,,2,1,67,0,0,19,0,0,0,61.5,28,0,0,0,MONTANA ST,0,0,0,0,2,0,,67.4,2,74.2,0,233,28,4,0,0,56.3,9,0,0,,0,0,0
191482,Jhase McMillan,CB,4,0,,0,0,100,MONTANA ST,2,D01,28,1,0,0,1,2030,0,76.2,47,4,33.9,0,0,19,0,0,0,64,27,0,1,0,MONTANA ST,0,0,0,0,22,0,0,36.7,11.8,74.6,0,233,28,10,0,0,155.2,9,0,0,,0,1,0
191490,Carson Williams,CB,2,0,,0,0,50,MONTANA ST,1,D08,25,1,0,1,1,2029,0,76.2,6,1,62.8,0,0,19,0,0,0,60,24,0,0,0,MONTANA ST,0,0,0,0,6,0,0,62.3,6,74.1,0,233,25,0,0,0,56.3,5,0,0,58.1,0,0,0
191503,Carlos Rivera,DI,0,0,,0,0,,N ARIZONA,1,D94,0,0,0,20,1,2026,29,70.2,0,0,,0,0,0,0,19,0,61.4,0,0,0,0,N ARIZONA,0,0,0,0,,0,0,58.7,,75.8,0,252,29,0,10,0,0,9,0,0,56,0,0,0
191513,Cam Chapa,S,1,0,,0,1,100,N COLORADO,6,D13,71,3,0,0,1,2029,1,78.2,34,1,73.5,0,1,36,0,0,0,70.2,0,0,0,0,N COLORADO,1,0,0,0,34,1,10,73.8,34,78.4,0,253,72,7,0,1,118.8,36,0,3,,67,1,1
191522,Carson Keach,LB,1,0,,0,0,100,N COLORADO,3,D20,9,9,0,0,1,2029,0,78.8,9,1,52.4,0,0,6,0,0,0,67.6,0,0,0,0,N COLORADO,0,0,0,0,9,0,0,59,9,69.3,0,253,9,8,0,0,104.2,3,0,1,,0,0,0
191524,Blake Palladino,ED,0,0,,0,0,,N COLORADO,0,D30,1,1,0,0,1,2029,1,,0,0,60,0,0,1,0,0,0,60,0,0,0,0,N COLORADO,0,0,0,0,,0,,61.8,,66.2,0,253,2,0,0,0,0,1,0,0,,0,0,1
191526,George Patterson,DI,0,0,,0,0,,N COLORADO,0,D98,0,0,0,2,1,2029,3,71.5,0,0,,0,0,0,0,0,0,65.2,0,0,0,0,N COLORADO,0,0,0,0,,0,0,73.2,,69.2,0,253,3,0,1,0,0,1,0,1,58.7,0,0,2
191540,Blake Weslin,ED,0,0,,0,0,,N COLORADO,3,D35,0,0,0,9,1,2029,21,77.5,0,0,60.5,1,0,2,4,0,0,52.8,0,0,0,0,N COLORADO,3,0,1,0,,0,0,56.5,,75.7,0,253,21,0,0,0,0,10,0,1,62.6,0,0,17
191556,Carsten Mamaril,CB,7,0,,0,0,71.4,PORTLAND,3,D20,42,18,0,2,1,2028,0,79.1,32,5,63.1,0,0,24,0,0,0,61.8,9,1,0,0,PORTLAND,1,0,1,0,13,15,0,64.7,6.4,74.1,0,269,42,45,0,0,120.2,16,1,0,66.8,0,1,0
191558,Pierce Walker,S,2,0,,0,1,100,PORTLAND,2,D03,44,20,0,1,1,2029,1,41.4,18,2,54,0,0,26,0,0,0,57.8,1,1,0,0,PORTLAND,0,0,1,0,12,7,16.7,54.4,9,75.4,0,269,45,16,0,0,104.2,18,0,3,60,16,0,1
191560,Tim Christian,CB,8,0,,0,0,87.5,SO UTAH,7,D15,64,6,0,0,1,2027,0,83.8,63,7,52.9,0,0,40,0,0,0,66.9,43,0,0,0,SO UTAH,1,0,0,0,16,15,0,55.1,9,77,0,298,64,38,0,0,99.5,24,0,1,,0,0,0
191583,Richard Bell Jr.,DI,0,0,,0,0,,COLUMBIA,2,D92,0,0,0,3,1,2029,8,72.2,0,0,,1,0,0,1,0,0,62.1,0,0,0,0,COLUMBIA,0,0,1,0,,0,0,67.5,,70.1,0,145,8,0,7,0,0,5,0,0,67.3,0,0,0
191589,Liam Donagher,LB,0,0,,0,0,,COLUMBIA,2,D33,35,33,0,3,1,2029,1,76.1,0,0,63.4,0,0,9,0,0,0,53.7,0,0,0,0,COLUMBIA,0,0,0,0,,2,0,56.8,,75.7,0,145,36,0,0,0,0,24,0,0,56.5,0,0,1
191590,Jeremiah Douglas,S,0,0,,0,1,,COLUMBIA,3,D34,47,25,0,0,1,2029,0,67.1,0,0,66.9,0,0,16,0,0,0,71.7,0,0,0,0,COLUMBIA,1,0,0,0,,3,12.5,70.1,,75.7,0,145,47,0,0,0,0,31,0,4,,19,0,0
191594,Will Matthew,DI,0,0,,0,0,,COLUMBIA,0,D55,0,0,0,6,1,2029,28,74.6,0,0,,0,0,0,1,15,0,70.2,0,0,0,0,COLUMBIA,0,0,0,0,,0,0,70.2,,76.4,0,145,28,0,12,0,0,22,0,4,59,0,0,0
191595,Carter McCray,CB,1,0,,0,0,100,COLUMBIA,2,D03,53,11,0,0,1,2029,0,79.1,6,1,68.3,0,0,17,0,0,0,65.5,42,0,1,0,COLUMBIA,2,0,0,0,6,0,0,64.3,6,0,0,145,53,0,0,0,91.7,36,0,2,,0,0,0
191598,Keller Patterson,DI,0,0,,0,0,,COLUMBIA,3,D00,0,0,0,15,1,2029,40,73.5,0,0,,0,0,0,1,19,0,67.9,0,0,0,0,COLUMBIA,0,0,0,0,,0,0,66.6,,77.8,0,145,40,0,20,0,0,25,0,1,57.3,0,0,0
191600,Mason Robinson,CB,2,0,,0,0,100,COLUMBIA,2,D25,16,0,0,0,1,2029,0,76.6,56,2,45.2,0,0,6,0,0,0,61.1,16,0,0,0,COLUMBIA,0,0,0,0,48,0,0,46.5,28,72.5,0,145,16,5,0,0,118.8,10,0,0,,0,0,0
191605,Caleb Solomon,S,3,0,,0,0,100,COLUMBIA,4,D07,55,40,0,0,1,2029,0,82.5,16,3,60.3,0,0,18,0,0,0,68.4,2,0,1,0,COLUMBIA,0,0,0,0,6,13,0,63.8,5.3,77.6,0,145,55,8,0,0,88.9,37,0,1,,0,0,0
191606,Luke Walker,ED,0,0,,0,0,,COLUMBIA,0,D93,0,0,0,3,1,2029,13,70.8,0,0,,0,0,0,6,0,0,57.6,0,0,0,0,COLUMBIA,0,0,0,0,,0,0,57.1,,72.7,0,145,13,0,1,0,0,10,0,1,58.5,0,0,6
191644,Avery Barnes,DI,0,0,,0,0,,MONMOUTH,0,D50,0,0,0,2,1,2029,2,,0,0,,0,0,0,0,0,0,,0,0,0,0,MONMOUTH,0,0,0,0,,0,,59,,66.6,0,231,2,0,2,0,0,0,0,0,58.9,0,0,0
191646,DJ Briscoe Jr.,DI,0,0,,0,0,,MONMOUTH,1,D93,0,0,0,6,1,2029,8,70.2,0,0,,0,0,0,0,0,0,62.1,0,0,0,0,MONMOUTH,1,0,0,0,,0,0,61,,70.5,0,231,8,0,8,0,0,2,1,0,57.3,0,0,0
191663,Jaeden Jones,S,2,0,,0,0,100,MONMOUTH,9,D30,73,38,1,0,1,2029,0,86.9,5,2,67.2,0,0,42,0,0,0,64.3,0,0,0,0,MONMOUTH,4,0,1,0,5,4,0,68.7,2.5,76.8,0,231,73,5,0,0,79.2,31,0,1,70.8,31,0,0
191666,Lamont Lester Jr.,ED,0,0,,0,1,,MONMOUTH,1,D56,2,2,1,25,1,2029,36,75.9,0,0,60,2,0,0,5,0,0,62.2,0,0,0,0,MONMOUTH,1,0,3,0,,0,33.3,70,,77.7,0,231,38,0,2,0,0,13,0,1,69.5,0,0,29
191674,Hunter Watson,ED,0,0,,0,0,,MONMOUTH,1,D41,0,0,0,27,1,2029,49,69.7,0,0,60,2,0,0,4,1,0,44.9,0,1,0,1,MONMOUTH,0,0,3,0,,0,0,54.1,,77.7,0,231,49,0,8,0,0,22,0,0,64,0,0,36
191697,Sebastian Regis,DI,0,0,,0,1,,STNY BROOK,1,D56,0,0,0,23,1,2029,32,28.6,0,0,,2,0,0,4,2,0,71.6,0,0,0,0,STNY BROOK,1,0,2,0,,0,50,61.6,,75.1,0,303,32,0,23,0,0,9,1,0,52.5,0,0,3
191703,Brady Echols,DI,0,0,,0,0,,WM & MARY,0,D96,0,0,0,18,1,2030,45,68.7,0,0,,0,0,0,4,23,0,61.8,0,0,1,0,WM & MARY,0,0,0,0,,0,0,55.8,,0,0,348,45,0,18,0,0,27,0,1,57,0,0,0
191706,Cameryn Heath,DI,0,0,,0,0,,WM & MARY,0,D51,0,0,0,6,1,2030,13,70.2,0,0,,0,0,0,1,5,0,62.3,0,0,0,0,WM & MARY,0,0,0,0,,0,0,61.1,,73.2,0,348,13,0,7,0,0,7,0,2,57.3,0,0,0
191715,Cooper Cameron,LB,0,0,,0,0,,CORNELL,1,D47,24,24,0,1,1,2029,1,75.8,0,0,65.5,1,0,15,0,0,0,64,0,0,0,0,CORNELL,1,0,1,0,,0,0,70.2,,72.1,0,147,25,0,0,0,0,9,0,1,68.5,0,0,1
191716,Tommy Ducker,DI,0,0,,0,0,,CORNELL,1,D96,0,0,1,37,1,2029,55,72.4,0,0,,0,0,0,0,20,0,69.2,0,0,0,0,CORNELL,2,0,1,0,,0,0,67.2,,77.3,0,147,55,0,35,0,0,18,0,0,61.1,0,0,0
191720,Tyler Gibson,CB,2,0,,0,0,100,CORNELL,0,D27,8,2,0,0,1,2029,0,,56,2,45,0,0,4,0,0,0,60,6,0,0,0,CORNELL,0,0,0,0,50,0,,44.7,28,68.7,0,147,8,10,0,0,118.8,4,0,0,,0,0,0
191724,Gage Homola,DI,0,0,,0,0,,CORNELL,0,D90,0,0,0,17,1,2029,23,,0,0,,0,0,0,13,0,0,66.4,0,0,0,0,CORNELL,0,0,0,0,,0,,60.1,,73.2,0,147,23,0,10,0,0,6,0,0,54.2,0,0,0
191736,Keith Williams,LB,8,0,,0,0,75,CORNELL,7,D00,68,61,0,0,1,2029,0,82.8,26,6,89.4,0,1,45,0,0,0,70,0,0,0,0,CORNELL,5,0,0,0,12,7,0,85,4.3,71,0,147,68,27,0,1,38.5,23,0,1,,0,0,0
191737,Darius Wise Jr.,CB,0,0,,0,0,,CORNELL,0,D11,3,0,0,0,1,2029,0,,0,0,61.5,0,0,2,0,0,0,60,3,0,0,0,CORNELL,0,0,0,0,,0,,62.3,,66.9,0,147,3,0,0,0,0,1,0,0,,0,0,0
191742,Xaden Benson,S,5,0,,0,0,60,HARVARD,6,D15,60,13,0,0,1,2029,0,82.7,23,3,68.2,0,0,36,0,0,0,73.3,40,0,0,0,HARVARD,0,0,0,0,12,7,0,70.6,7.7,76.7,0,179,60,6,0,1,71.3,24,0,1,,0,0,0
191757,Christian Nwosu,ED,0,0,,0,0,,HARVARD,0,D83,0,0,1,20,1,2029,30,71.1,0,0,,2,0,0,4,0,0,66.8,0,0,2,0,HARVARD,1,1,3,0,,0,,60.2,,0,0,179,30,0,0,0,0,10,0,0,71.1,0,0,26
191794,Makai Frisby,CB,5,0,,0,0,60,NORFOLK,2,D07,23,2,0,0,1,2030,0,76.2,53,3,49.4,0,1,16,0,0,0,60.8,21,0,1,0,NORFOLK,0,0,0,0,36,0,0,50.1,17.7,73.5,0,244,23,20,0,0,96.3,7,0,0,,0,1,0
191797,Jordan Harris,DI,0,0,,0,1,,NORFOLK,3,D44,0,0,0,20,1,2029,38,49.5,0,0,,0,0,0,0,7,0,77,0,0,0,0,NORFOLK,3,0,0,0,,0,20,78.9,,76.1,0,244,38,0,29,0,0,18,1,1,68.8,0,0,2
191816,Princeton Toxey,LB,2,0,,0,2,100,NORFOLK,0,D51,9,8,0,0,1,2028,0,19.2,32,2,38.8,0,0,4,0,0,0,47.9,0,0,0,0,NORFOLK,0,0,0,0,24,1,100,29.5,16,66.4,0,244,9,6,0,0,118.8,5,0,0,,0,0,0
191856,Christian Black,LB,0,0,,0,1,,FORDHAM,0,D20,7,6,0,0,1,2029,1,20.7,0,0,60.6,0,0,2,0,0,0,48,0,0,0,0,FORDHAM,0,0,0,0,,1,100,48.1,,67.5,0,168,8,0,0,0,0,6,0,0,,0,0,1
191858,Jaylen Dawson,LB,0,0,,0,0,,FORDHAM,2,D32,26,26,0,0,1,2029,2,79.7,0,0,62.5,0,0,6,0,0,0,65.9,0,0,0,0,FORDHAM,1,0,0,0,,0,0,67.1,,71.9,0,168,28,0,0,0,0,22,1,3,,0,0,2
191863,Carter Hess,DI,0,0,,0,0,,FORDHAM,2,D77,0,0,0,12,1,2029,29,70.3,0,0,,0,0,0,2,8,0,66.9,0,0,0,0,FORDHAM,2,0,0,0,,0,0,63.8,,75.8,0,168,29,0,19,0,0,17,0,1,54.5,0,0,0
191868,Terrence Jones,CB,7,0,,0,0,71.4,FORDHAM,2,D02,71,3,0,0,1,2029,0,77,79,5,52.2,0,0,31,0,0,0,64.9,55,0,0,0,FORDHAM,0,0,0,0,30,13,0,54.7,15.8,77.7,0,168,71,40,0,1,108.6,40,0,0,,0,0,0
191874,Drew Minich,S,1,0,,0,0,100,FORDHAM,1,D10,46,12,1,2,1,2029,0,79.8,16,1,66.3,0,0,24,0,0,0,63.5,0,1,0,0,FORDHAM,2,0,2,0,16,24,0,69,16,75.8,0,168,46,0,0,0,118.8,20,0,0,71.6,10,0,0
191876,Boogie Owens,S,4,0,,0,0,50,FORDHAM,2,D19,63,14,0,0,1,2029,0,82.2,39,2,44.2,0,0,30,0,0,0,64.4,1,0,0,0,FORDHAM,0,0,0,0,24,24,0,48.6,19.5,76.8,0,168,63,2,0,0,84.4,33,0,1,,24,0,0
191893,Lathan Croley,LB,5,0,,0,1,80,HOLY CROSS,6,D11,58,43,0,6,1,2029,2,67.6,41,4,58.3,0,0,31,0,0,0,78.1,1,0,0,0,HOLY CROSS,2,0,0,0,18,14,9.1,67,10.3,79,0,181,60,27,0,0,100.8,23,0,4,63.2,0,0,2
191905,Caiden Newsome,CB,3,0,,0,0,33.3,HOLY CROSS,0,D00,31,0,0,0,1,2029,0,,11,1,62.3,0,0,23,0,0,0,60.5,31,0,0,0,HOLY CROSS,0,0,0,0,11,0,,62.7,11,74.8,0,181,31,3,0,0,45.1,8,0,0,,0,0,0
191907,Jordan Pritchard-Sewell,DI,0,0,,0,0,,HOLY CROSS,3,D99,0,0,0,33,1,2029,52,73.2,0,0,,2,0,0,2,0,0,65,0,0,0,1,HOLY CROSS,1,0,2,0,,0,0,68.7,,75.8,0,181,52,0,50,0,0,19,0,0,67.2,0,0,0
191911,Destin Simmons,ED,0,0,,0,0,,HOLY CROSS,0,D91,0,0,0,8,1,2029,10,,0,0,60,0,0,1,0,0,0,60,0,0,0,0,HOLY CROSS,0,0,0,0,,0,,56.9,,73.3,0,181,10,0,0,0,0,1,0,0,55.9,0,0,10
191919,Dashawn Fields,DI,0,0,,0,0,,MORGAN ST,5,D15,2,1,0,40,1,2029,70,76.4,0,0,60,2,0,0,13,5,0,68.8,0,0,1,0,MORGAN ST,3,0,2,0,,0,0,62,,2.6,0,235,72,0,44,0,0,32,0,0,57.6,0,0,8
191929,Chance Pickard,ED,0,0,,0,0,,MORGAN ST,0,D95,0,0,0,9,1,2029,14,71.1,0,0,60,0,0,1,2,0,0,67.6,0,0,0,0,MORGAN ST,0,0,0,0,,0,0,63.6,,73.1,0,235,14,0,5,0,0,4,0,1,55.4,0,0,7
191932,Arrington Adams,LB,0,0,,0,0,,NICHOLLS,0,D58,3,3,0,1,1,2030,0,,0,0,60.4,0,0,2,0,0,0,,0,0,0,0,NICHOLLS,0,0,0,0,,0,,58.9,,67.5,0,243,3,0,0,0,0,0,0,0,59.2,0,0,0
191936,Jacob Carpenter,ED,0,0,,0,0,,NICHOLLS,0,D59,0,0,0,2,1,2030,5,,0,0,,0,0,0,4,0,0,61.4,0,0,0,0,NICHOLLS,0,0,0,0,,0,,61.5,,67.7,0,243,5,0,1,0,0,3,0,0,59,0,0,0
191938,Marcus Dawson Jr.,S,0,0,,0,0,,NICHOLLS,1,D28,11,5,0,2,1,2030,0,76.4,0,0,62.3,1,0,4,0,0,0,63,0,0,0,0,NICHOLLS,0,0,1,0,,1,0,68.3,,71.8,0,243,11,0,0,0,0,5,0,0,66.7,5,0,0
191941,Kelvin Gray,DI,0,0,,0,0,,NICHOLLS,0,D73,0,0,0,4,1,2029,10,,0,0,,0,0,0,0,3,0,48.7,0,0,0,0,NICHOLLS,0,0,0,0,,0,,46.8,,71.5,0,243,10,0,7,0,0,6,0,0,58.6,0,0,0
191950,Anthony Rogers,CB,4,0,,0,0,50,NICHOLLS,1,D12,46,10,0,0,1,2029,0,75.3,48,2,40.7,0,0,22,0,0,0,64.4,34,0,0,0,NICHOLLS,1,0,0,0,45,0,0,45.1,24,75.5,0,243,46,12,0,0,93.8,24,1,0,,2,0,0
191954,Dale Smith Jr.,ED,0,0,,0,0,,NICHOLLS,0,D98,0,0,0,1,1,2028,5,,0,0,,0,0,0,0,0,0,48.8,0,0,0,0,NICHOLLS,0,0,0,0,,0,,43.3,,70.8,0,243,5,0,0,0,0,4,0,0,59.7,0,0,5
191958,Wyatt Bell,DI,0,0,,0,0,,N DAKOTA,0,D61,0,0,0,1,1,2029,1,,0,0,,0,0,0,0,0,0,,0,0,0,0,N DAKOTA,0,0,0,0,,0,,60,,64.4,0,249,1,0,1,0,0,0,0,0,60,0,0,0
191971,Sam Ostrenga,S,0,0,,0,0,,N DAKOTA,2,D05,12,10,0,0,1,2029,0,76.5,0,0,61.3,0,0,3,0,0,0,69.5,0,0,0,0,N DAKOTA,1,0,0,0,,0,0,69.2,,69.8,0,249,12,0,0,0,0,9,0,0,,2,0,0
191973,Erick Paye,DI,0,0,,0,1,,N DAKOTA,0,D49,0,0,0,2,1,2029,7,21.8,0,0,,0,0,0,1,0,0,54.9,0,0,0,0,N DAKOTA,0,0,0,0,,0,100,52.8,,70,0,249,7,0,6,0,0,5,0,0,58,0,0,0
191979,Myles Terry,ED,0,0,,1,0,,N DAKOTA,2,D47,1,0,1,9,1,2026,19,76.3,0,0,60,0,0,1,3,0,0,63.6,0,0,0,0,N DAKOTA,3,0,1,0,,1,0,72.1,,76,1,249,20,0,1,0,0,10,0,0,73.2,0,0,15
191983,Jonnie Wiltshire,S,3,0,,0,0,66.7,N DAKOTA,5,D03,45,14,0,2,1,2027,7,80.9,36,2,62.8,2,1,37,0,0,0,67.9,0,0,0,0,N DAKOTA,1,0,2,0,29,31,0,66.3,18,79.3,0,249,52,1,0,0,107.6,13,0,0,66.9,0,1,7
191985,Taylen Eady,S,2,0,,0,0,50,N DAK ST,0,D14,29,4,0,0,1,2030,0,74.8,19,1,56.9,0,0,15,0,0,0,69.5,1,0,0,0,N DAK ST,0,0,0,0,19,7,0,61.9,19,76.4,0,250,29,23,0,0,83.3,14,0,1,,17,0,0
191999,Matthew Stenbroten,ED,0,0,,0,0,,N DAK ST,0,D49,0,0,0,5,1,2030,8,,0,0,,0,0,0,0,0,0,60.6,0,0,0,0,N DAK ST,0,0,0,0,,0,,57.9,,71.5,0,250,8,0,0,0,0,3,0,0,55.6,0,0,8
192002,Zach Vanderpool,DI,0,0,,0,0,,N DAK ST,1,D95,0,0,0,13,1,2030,24,70.2,0,0,,2,0,0,0,0,0,62.5,0,0,1,0,N DAK ST,1,0,2,0,,0,0,55.8,,0,0,250,24,0,24,0,0,11,0,0,61.9,0,0,0
192026,Kobe Clayborne,ED,0,0,,0,1,,S DAK ST,4,D94,0,0,1,28,1,2026,64,65.7,0,0,60,4,0,0,1,0,0,71.3,0,0,0,0,S DAK ST,5,0,5,0,,0,12.5,72.9,,79.6,0,292,64,0,0,0,0,36,0,3,66.8,0,0,63
192032,Blake Leiferman,ED,0,0,,0,0,,S DAK ST,0,D97,0,0,0,7,1,2030,12,,0,0,,1,0,0,0,0,0,54.9,0,0,0,0,S DAK ST,0,0,1,0,,0,,51.8,,73.4,0,292,12,0,0,0,0,5,0,0,55.4,0,0,12
192067,Joel Mireles,LB,0,0,,0,0,,GEORGETOWN,1,D21,10,9,0,0,1,2029,1,73.2,0,0,62.5,0,0,5,0,0,0,72.9,0,0,0,1,GEORGETOWN,0,0,0,0,,1,0,80.9,,71.3,0,172,11,0,0,0,0,6,0,0,60,0,0,1
192070,Michael Bonsu,CB,1,0,,0,0,100,GEORGETOWN,1,D22,12,0,0,0,1,2029,0,74.2,9,1,66.5,0,0,11,0,0,0,60,12,0,0,0,GEORGETOWN,1,0,0,0,9,0,0,66.8,9,71.9,0,172,12,0,0,0,104.2,1,0,0,,0,0,0
192084,Ajayi Ajaga,ED,0,0,,0,0,,YNGTOWN ST,3,D94,2,2,0,17,1,2027,28,74.8,0,0,,0,0,0,24,0,0,75.5,0,1,0,0,YNGTOWN ST,3,0,1,0,,0,0,75,,74.7,0,353,30,0,0,0,0,13,2,0,64.7,0,0,4
192085,Andrew Jackson-Dunaway,ED,0,0,,0,0,,YNGTOWN ST,0,D48,0,0,0,6,1,2029,13,70.8,0,0,,0,0,0,5,0,0,78,0,0,0,0,YNGTOWN ST,0,0,0,0,,0,0,74.6,,72.8,0,353,13,0,0,0,0,7,0,1,55.7,0,0,8
192090,DJ Harris,CB,6,0,,0,1,66.7,YNGTOWN ST,5,D01,39,3,0,4,1,2026,3,61.2,30,4,71.7,0,1,20,0,0,0,56.4,34,0,1,0,YNGTOWN ST,0,0,0,0,9,0,14.3,64.1,7.5,0,0,353,42,14,0,1,38.9,18,0,1,57.4,2,0,3
192094,Nick Bowser,DI,0,0,,0,0,,YNGTOWN ST,0,D52,0,0,0,1,1,2029,4,,0,0,,1,0,0,0,0,0,61.1,0,0,0,0,YNGTOWN ST,0,0,1,0,,0,,61.6,,68.2,0,353,4,0,4,0,0,3,0,0,59.9,0,0,0
192095,Ross Davidson,S,0,0,,0,2,,YNGTOWN ST,2,D21,9,1,0,0,1,2029,0,29.8,0,0,54.2,0,0,5,0,0,0,66.2,0,0,0,0,YNGTOWN ST,1,0,0,0,,6,50,58.5,,72.4,0,353,9,0,0,0,0,4,1,0,,2,0,0
192096,Solomon Farrell,LB,1,0,,0,0,0,YNGTOWN ST,0,D16,11,10,0,0,1,2029,0,,0,0,70.5,0,0,8,0,0,0,55.1,0,0,0,0,YNGTOWN ST,0,0,0,0,,1,,66.8,,70.8,0,353,11,0,0,0,39.6,3,0,0,,0,0,0
192101,Landon Feggins,LB,0,0,,0,0,,CHATTNOOGA,0,D41,10,9,0,0,1,2029,0,,0,0,62.6,0,0,6,0,0,0,54.1,0,0,0,0,CHATTNOOGA,0,0,0,0,,1,,58.1,,70.5,0,137,10,0,0,0,0,4,0,0,,0,0,0
192104,Gavin Helton,LB,0,0,,0,0,,CHATTNOOGA,0,D47,4,4,0,0,1,2029,0,73.1,0,0,60,0,0,1,0,0,0,70.9,0,0,0,0,CHATTNOOGA,0,0,0,0,,0,0,74.6,,68.6,0,137,4,0,0,0,0,3,0,1,,0,0,0
192114,C.J. Smith,ED,0,0,,0,1,,CHATTNOOGA,6,D54,0,0,1,26,1,2029,45,63.9,0,0,,1,0,0,0,0,0,80,0,1,0,1,CHATTNOOGA,5,0,3,0,,0,14.3,77.2,,77.9,0,137,45,0,0,0,0,19,1,0,64.3,0,0,45
192155,Jourdyn Graham,DI,0,0,,0,0,,MOREHEAD,0,D99,0,0,0,5,1,2027,15,70.2,0,0,,0,0,0,1,5,0,66,0,0,0,0,MOREHEAD,0,0,0,0,,0,0,65.8,,73.5,0,234,15,0,9,0,0,10,0,1,58.6,0,0,0
192169,Drew Nyangweso,CB,2,0,,0,1,100,CITADEL,2,D10,46,1,0,0,1,2026,0,46.9,10,2,72.1,0,0,17,0,0,0,52.3,45,0,0,0,CITADEL,2,0,0,0,7,0,25,67.9,5,76.1,0,139,46,3,0,0,87.5,29,0,1,,0,0,0
192174,Mateo Reyes,S,1,0,,0,0,0,MOREHEAD,9,D08,66,44,1,3,1,2026,0,86,0,0,84.6,0,0,32,0,0,0,76.4,0,0,0,0,MOREHEAD,8,0,1,0,,5,0,85.2,,73.5,0,234,66,0,0,2,39.6,31,2,2,68.9,17,0,0
192176,Dillon Schobourgh,LB,2,0,,0,1,50,MOREHEAD,3,D10,64,61,0,10,1,2026,7,66.5,18,1,58.4,3,0,27,0,0,0,60,0,1,0,0,MOREHEAD,3,0,4,0,18,1,14.3,57.6,18,78.3,0,234,71,15,0,0,81.3,34,1,3,53.8,2,0,7
192184,Evan Baalbaky,CB,0,0,,0,0,,STTHOM,0,D24,4,1,0,0,1,2029,0,,0,0,61.4,0,0,3,0,0,0,60,2,0,0,0,STTHOM,0,0,0,0,,1,,62.1,,67,0,1129,4,0,0,0,0,1,0,0,,0,0,0
192185,Charlie Bern,ED,0,0,,0,1,,STTHOM,2,D40,4,2,0,8,1,2028,22,46.7,0,0,63.8,0,0,7,0,0,0,60.2,0,0,0,0,STTHOM,2,0,0,0,,2,33.3,60.7,,77.7,0,1129,26,0,0,0,0,11,0,0,55,0,0,22
192189,Cade Caruso,LB,0,0,,0,0,,STTHOM,0,D09,9,9,0,3,1,2029,0,,0,0,60.4,0,0,2,0,0,0,63.6,0,1,0,0,STTHOM,0,0,1,0,,0,,61.7,,69.8,0,1129,9,0,0,0,0,4,0,0,56.5,0,0,0
192193,Rocco DiLeonardi,DI,0,0,,0,0,,STTHOM,0,D92,0,0,1,13,1,2029,21,72.7,0,0,,0,0,0,2,1,0,67,0,1,0,0,STTHOM,1,0,2,0,,0,0,78.5,,73.3,0,1129,21,0,17,0,0,8,0,1,77.3,0,0,1
192217,Cody Stordahl,LB,0,0,,0,1,,STTHOM,3,D34,18,18,0,3,1,2026,0,54.1,0,0,63.4,1,0,5,0,0,0,66.3,0,0,1,0,STTHOM,3,0,1,0,,0,16.7,57.7,,0,0,1129,18,0,0,0,0,10,0,2,56.6,0,0,0
192221,Robert Powell,CB,3,0,,0,4,100,VA MILT IN,4,D11,42,4,0,0,1,2029,0,21.5,67,3,53.1,0,0,20,0,0,0,39.8,37,0,0,0,VA MILT IN,2,0,0,0,51,1,44.4,48.5,22.3,75.4,0,336,42,21,0,0,158.3,22,0,1,,0,1,0
192222,Anthony Allen,S,3,0,,0,4,0,VA MILT IN,2,D02,41,13,0,0,1,2029,0,24,0,0,32.8,0,0,27,0,0,0,36.9,0,0,0,0,VA MILT IN,0,0,0,0,,3,66.7,30.3,,75.5,0,336,41,0,0,0,39.6,14,0,0,,25,0,0
192232,Jack Ham,S,0,0,,0,0,,VA MILT IN,1,D24,5,1,0,0,1,2029,0,76.4,0,0,,0,0,0,0,0,0,65,0,0,0,0,VA MILT IN,1,0,0,0,,0,0,66.6,,69.3,0,336,5,0,0,0,0,5,0,0,,4,0,0
192252,Amaje Parker,CB,6,0,,0,2,83.3,VA MILT IN,5,D03,59,13,0,1,1,2029,0,59,180,5,53.4,0,0,36,0,0,0,44.6,2,0,0,0,VA MILT IN,0,0,0,0,84,30,20,50,36,78.2,0,336,59,127,0,0,158.3,22,0,3,58.4,14,2,0
192261,Camron Watkins,LB,0,0,,0,0,,VA MILT IN,0,D39,3,3,0,0,1,2029,0,,0,0,,0,0,0,0,0,0,60,0,0,0,0,VA MILT IN,0,0,0,0,,0,,61.1,,64.3,0,336,3,0,0,0,0,3,0,0,,0,0,0
192278,Ta'Shaun Sims,S,1,0,,0,0,0,ALABAMA ST,0,D42,25,20,0,0,1,2029,0,,0,0,74.6,0,1,17,0,0,0,61.2,0,0,0,0,ALABAMA ST,0,0,0,0,,3,,73.4,,73.2,0,105,25,0,0,0,0,8,0,0,,2,0,0
192280,Rashawn Watson,ED,0,0,,0,0,,ALABAMA ST,1,D98,0,0,0,4,1,2029,12,71.5,0,0,,0,0,0,0,0,0,68,0,0,0,0,ALABAMA ST,1,0,0,0,,0,0,68,,73.6,0,105,12,0,0,0,0,8,0,0,58.5,0,0,12
192310,Jackson Bandy,ED,0,0,,0,0,,LAMAR,1,D52,0,0,0,4,1,2029,9,73,0,0,61.2,0,0,1,0,0,0,60.3,0,0,0,0,LAMAR,0,0,0,0,,0,0,62,,73.6,0,204,9,0,0,0,0,4,0,0,57.8,0,0,9
192326,Etelridge McKinney,LB,0,0,,0,0,,LAMAR,0,D39,16,15,0,2,1,2030,0,,0,0,63.1,0,0,10,0,0,0,62.7,0,0,0,0,LAMAR,0,0,0,0,,1,,63.6,,72.8,0,204,16,0,0,0,0,4,0,0,57,0,0,0
192327,C.J. Miller,LB,0,0,,0,0,,LAMAR,1,D35,17,17,1,3,1,2029,2,76,0,0,62.9,0,0,7,0,0,0,66.6,0,0,0,0,LAMAR,1,0,1,0,,0,0,71.9,,72,0,204,19,0,0,0,0,9,0,0,69.6,0,0,2
192329,IyiolaOluwa Solomi,DI,0,0,,0,0,,LAMAR,2,D99,0,0,1,15,1,2030,24,75.6,0,0,61.1,1,0,0,9,3,0,72.1,0,1,0,0,LAMAR,3,0,3,0,,0,0,89.2,,74.1,0,204,24,0,11,0,0,9,0,1,80,0,0,1
192332,Nick Rossomando,LB,0,0,,0,0,,LAMAR,0,D41,3,3,0,0,1,2029,0,73.2,0,0,,0,0,0,0,0,0,55.5,0,0,0,0,LAMAR,0,0,0,0,,0,0,53.6,,67.3,0,204,3,0,0,0,0,3,0,1,,0,0,0
192338,Zaylon Stoker,CB,6,0,,0,0,83.3,LAMAR,3,D12,33,1,0,0,1,2030,0,78.5,49,5,46.5,0,0,20,0,0,0,62.7,29,0,0,0,LAMAR,0,0,0,0,21,3,0,48.3,9.8,74.7,0,204,33,6,0,0,100.7,13,0,0,,0,0,0
192361,Jackson King,LB,0,0,,0,1,,NWSTATE,0,D23,6,6,0,0,1,2029,0,38.2,0,0,60,0,0,1,0,0,0,61.7,0,0,0,0,NWSTATE,0,0,0,0,,0,50,63,,67,0,257,6,0,0,0,0,5,0,1,,0,0,0
192364,Kaden Mackey,S,2,0,,0,0,50,NWSTATE,3,D04,47,17,0,0,1,2028,1,79.8,11,1,63.6,0,0,23,0,0,0,72.3,1,0,0,0,NWSTATE,1,0,0,0,11,22,0,68.3,11,74.9,0,257,48,12,0,0,66.7,25,0,1,,7,0,1
192366,Joe Natali,S,0,0,,1,0,,NWSTATE,1,D48,6,6,0,0,1,2029,0,75.3,0,0,61.2,0,0,2,0,0,0,65.9,0,0,0,0,NWSTATE,0,0,0,0,,0,0,70,,69.1,0,257,6,0,0,0,0,4,0,0,,0,0,0
192376,Braden Woods,ED,1,0,,0,1,100,NWSTATE,3,D42,0,0,1,22,1,2029,44,58.7,2,1,60,1,0,0,0,0,0,71.2,0,0,1,0,NWSTATE,2,0,2,0,2,0,20,68.6,2,0,0,257,44,2,4,0,79.2,22,0,1,61.9,0,0,40
192382,Eric Zachery,CB,2,0,,0,0,50,PRVIEW A&M,1,D12,15,0,1,1,1,2029,0,77,-1,1,76.2,0,0,12,0,0,0,60,15,0,0,0,PRVIEW A&M,2,0,1,0,-1,0,0,81.1,-1,72.1,0,270,15,1,0,0,56.3,2,1,0,75.7,0,0,0
192388,Lee Alexander Jr.,LB,0,0,,0,0,,CITADEL,0,D50,3,2,0,2,1,2029,3,,0,0,60.7,1,0,3,0,0,0,60,0,0,0,0,CITADEL,0,0,1,0,,0,,59.2,,72.5,0,139,6,0,0,0,0,1,0,0,57.4,1,0,3
192406,Kyon Conyers,S,3,0,,0,1,66.7,LIUSHAR,3,D16,25,3,0,0,1,2029,0,60.3,0,2,54.8,0,0,18,0,0,0,71.9,2,0,2,0,LIUSHAR,2,0,0,0,2,20,25,59.2,0,75.1,0,1298,25,6,0,0,70.1,7,1,0,,0,0,0
192411,Koby Dickens,LB,2,0,,0,0,100,TARLETON,1,D32,10,5,0,0,1,2029,0,74.3,31,2,50.7,0,0,9,0,0,0,60,0,0,0,0,TARLETON,0,0,0,0,25,5,0,50.2,15.5,68.9,0,401,10,23,0,0,118.8,1,0,0,,0,0,0
192418,Scoop Gardner Jr.,DI,0,0,,0,1,,LIUSHAR,1,D90,0,0,0,22,1,2029,36,33.4,0,0,,2,0,0,1,16,0,62.9,0,1,0,0,LIUSHAR,1,0,3,0,,0,33.3,68.2,,76.6,0,1298,36,0,19,0,0,14,0,1,68.5,0,0,0
192427,Jay Henry,ED,0,0,,0,0,,TARLETON,0,D33,0,0,0,7,1,2027,7,,0,0,,0,0,0,0,0,0,,0,0,0,0,TARLETON,0,0,0,0,,0,,55.7,,71.7,0,401,7,0,0,0,0,0,0,0,55.8,0,0,7
192428,Keondre Hodges,DI,0,0,,0,0,,LIUSHAR,0,D55,0,0,0,13,1,2028,15,70.1,0,0,,0,0,0,0,11,0,63.7,0,0,0,0,LIUSHAR,0,0,0,0,,0,0,67.9,,74.4,0,1298,15,0,4,0,0,2,0,1,62.1,0,0,0
192444,Ja'Voni Melidor,CB,2,0,,0,0,0,TARLETON,0,D01,25,2,0,0,1,2026,1,,0,0,72,0,0,16,0,0,0,61.3,23,0,0,0,TARLETON,0,0,0,0,,0,,72,,74.2,0,401,26,0,0,1,39.6,10,0,0,,0,0,1
192445,Rodney Mills,ED,0,0,,0,0,,LIUSHAR,1,D40,0,0,0,20,1,2029,27,71.1,0,0,,4,0,0,9,0,0,64.6,0,0,1,0,LIUSHAR,1,0,4,0,,0,0,66.8,,0,0,1298,27,0,2,0,0,7,1,0,72.7,0,0,16
192446,Nikolas Mirabella,CB,0,0,,0,1,,CITADEL,0,D24,7,7,0,2,1,2029,0,20.7,0,0,60.5,1,0,2,0,0,0,49.2,0,0,0,0,CITADEL,0,0,1,0,,0,100,47.7,,64.9,0,139,7,0,0,0,0,3,0,0,59,0,0,0
192461,Bam Smith,LB,0,0,,0,0,,TARLETON,4,D17,18,18,0,0,1,2026,1,80.3,0,0,64.8,0,0,11,0,0,0,72.3,0,0,0,0,TARLETON,2,0,0,0,,0,0,73,,73,0,401,19,0,0,0,0,8,0,1,,0,0,1
192470,Branson Tita-Nwa,CB,0,0,,0,0,,TARLETON,0,D08,2,2,0,0,1,2026,0,,0,0,60.2,0,0,2,0,0,0,,0,0,0,0,TARLETON,0,0,0,0,,0,,62.1,,66.4,0,401,2,0,0,0,0,0,0,0,,0,0,0
192475,Braylon Vincent,CB,3,0,,0,0,33.3,LIUSHAR,1,D34,60,7,0,0,1,2029,0,74.3,8,1,82.1,0,1,39,0,0,0,63.8,52,0,0,0,LIUSHAR,0,0,0,0,8,1,0,81.2,8,75.9,0,1298,60,3,0,0,2.8,21,0,0,,0,0,0
192476,Marshall Washington,CB,6,0,,0,2,50,LIUSHAR,3,D08,45,11,1,2,1,2029,0,32.4,30,3,58.7,0,0,26,0,0,0,65.3,32,0,0,0,LIUSHAR,2,0,1,0,25,2,40,63.1,10,74.2,0,1298,45,19,0,0,64.6,17,1,0,73.3,0,0,0
192481,Vililami Wolfgramm,DI,0,0,,0,0,,TARLETON,0,D44,0,0,0,9,1,2027,10,69.7,0,0,60,0,0,0,0,0,0,60,0,0,0,0,TARLETON,0,0,0,0,,0,0,58.6,,71,0,401,10,0,10,0,0,1,0,1,56.1,0,0,0
192519,Conlee Crossno,LB,1,0,,0,2,100,MURRAY ST,5,D05,48,41,0,5,1,2030,1,49.1,6,1,61.1,0,0,18,0,0,0,61.5,1,0,0,0,MURRAY ST,4,0,0,0,6,6,22.2,60.1,6,75.6,0,236,49,7,0,0,91.7,26,0,2,53,0,0,1
192542,Trevor Barry,LB,3,0,,0,1,100,NEW HAMP,2,D42,49,46,0,2,1,2030,0,66.8,13,3,72.5,0,0,23,0,0,0,54.4,0,0,0,0,NEW HAMP,1,0,0,0,9,3,10,66,4.3,74.4,0,240,49,8,0,0,84.7,24,0,7,57.6,0,0,0
192544,Cohen Cook,S,4,0,,0,1,100,NEW HAMP,6,D10,43,25,0,0,1,2030,0,54.2,12,4,61.4,0,0,22,0,0,0,82.4,0,0,0,0,NEW HAMP,3,0,0,0,7,14,10,70.9,3,75.7,0,240,43,12,0,0,79.2,21,1,3,,4,0,0
192545,Malik Diaby,CB,3,0,,0,0,0,NEW HAMP,5,D13,61,2,0,0,1,2030,0,82.9,0,0,68.2,0,0,31,0,0,0,73.8,59,0,1,0,NEW HAMP,3,0,0,0,,0,0,70.7,,76.8,0,240,61,0,0,0,39.6,30,1,1,,0,0,0
192547,Chief Ebana,DI,0,0,,0,0,,NEW HAMP,0,D94,0,0,0,2,1,2030,3,,0,0,,0,0,0,0,1,0,60,0,0,0,0,NEW HAMP,0,0,0,0,,0,,59,,68.2,0,240,3,0,2,0,0,1,0,0,58.5,0,0,0
192553,Isaiah Jones,LB,1,0,,0,1,100,NEW HAMP,0,D00,11,10,0,0,1,2030,0,20,20,1,31.7,0,0,6,0,0,0,54.1,0,0,0,0,NEW HAMP,0,0,0,0,20,1,100,28.9,20,71.2,0,240,11,19,0,0,118.8,5,0,0,,0,0,0
192562,Matthew Sopp,LB,0,0,,0,0,,NEW HAMP,0,D50,7,7,0,0,1,2030,0,,0,0,61,0,0,3,0,0,0,62.8,0,0,0,0,NEW HAMP,0,0,0,0,,0,,65.3,,68.7,0,240,7,0,0,0,0,4,0,0,,0,0,0
192566,Hyson Bey-Buie,DI,0,0,,0,0,,N IOWA,0,D23,1,1,0,5,1,2028,7,,0,0,,0,0,0,0,2,0,60,0,1,0,0,N IOWA,0,0,1,0,,0,,59.3,,72,0,255,8,0,4,0,0,3,0,0,57.9,0,0,1
192582,Isaiah Pinks,CB,7,0,,0,3,71.4,N IOWA,1,D30,50,5,0,0,1,2029,0,25.8,41,5,56.7,0,0,21,0,0,0,42,42,0,0,0,N IOWA,0,0,0,0,13,2,60,51.8,8.2,76.7,0,255,50,7,0,1,86,29,0,1,,1,0,0
192583,Franz Reisz,ED,0,0,,0,0,,N IOWA,0,D40,0,0,0,5,1,2029,12,,0,0,,0,0,0,8,0,0,53,0,0,0,0,N IOWA,0,0,0,0,,0,,51.2,,72.4,0,255,12,0,0,0,0,7,0,0,56.7,0,0,4
192584,Aidan Salow,DI,0,0,,0,0,,N IOWA,0,D56,0,0,0,2,1,2029,4,,0,0,,0,0,0,0,0,0,60,0,1,0,0,N IOWA,0,0,1,0,,0,,60.7,,69.3,0,255,4,0,4,0,0,2,0,0,59.2,0,0,0
192590,Kayo Wallace,CB,1,0,,0,1,100,N IOWA,1,D25,8,0,0,0,1,2027,0,22.3,38,1,38.3,0,0,5,0,0,0,60,6,0,0,0,N IOWA,0,0,0,0,38,1,50,39,38,71,0,255,8,0,0,0,158.3,3,0,0,,1,1,0
192592,Connor Cronin,S,2,0,,0,1,50,PRINCETON,2,D49,19,2,0,0,1,2029,1,39.5,10,1,57.4,0,0,9,0,0,0,64.2,0,0,0,0,PRINCETON,1,0,0,0,10,17,33.3,59.9,10,75.9,0,272,20,5,0,0,64.6,11,0,0,,0,0,1
192622,Lowote Jurkin,ED,0,0,,0,0,,STF AUSTIN,0,D39,17,17,1,27,1,2029,18,72.2,0,0,,0,0,0,1,0,0,65.7,0,0,0,0,STF AUSTIN,1,0,1,0,,0,,57.7,,79.6,0,301,35,0,1,0,0,8,0,0,53.9,0,0,16
192624,K'Mard Kimble,DI,0,0,,0,0,,STF AUSTIN,0,D95,0,0,0,4,1,2029,4,,0,0,,0,0,0,1,1,0,,0,0,0,0,STF AUSTIN,0,0,0,0,,0,,57.7,,68.3,0,301,4,0,2,0,0,0,0,0,57.7,0,0,0
192633,Kameron Reddic,S,5,0,,0,0,0,STF AUSTIN,1,D38,47,6,0,1,1,2029,0,74.3,0,0,80.3,0,0,35,0,0,0,61.5,0,0,0,0,STF AUSTIN,0,0,0,0,,16,0,78.7,,76,0,301,47,0,0,1,39.6,11,0,0,60,25,0,0
192634,Chance Sautter,S,0,0,,0,1,,STF AUSTIN,0,D34,1,1,0,0,1,2028,0,20,0,0,,0,0,0,0,0,0,47.8,0,0,0,0,STF AUSTIN,0,0,0,0,,0,100,31.2,,63.9,0,301,1,0,0,0,0,1,0,0,,0,0,0
192643,Michael Woods,LB,0,0,,0,0,,STF AUSTIN,0,D42,8,8,0,0,1,2029,0,,0,0,61,0,0,4,0,0,0,62.3,0,0,0,0,STF AUSTIN,0,0,0,0,,0,,63.8,,66.9,0,301,8,0,0,0,0,4,0,0,,0,0,0
192656,Kevin Johnson,DI,0,0,,0,0,,WEBER ST,1,D44,0,0,0,7,1,2029,17,69.7,0,0,,0,0,0,4,0,0,50.9,0,0,0,0,WEBER ST,1,0,0,0,,0,0,50.3,,72.5,0,342,17,0,12,0,0,10,0,0,57.3,0,0,1
192660,Aizik Mahuka,LB,1,0,,0,1,100,WEBER ST,0,D33,10,4,0,7,1,2029,20,19.3,30,1,47.3,1,0,6,0,0,0,57.1,0,0,0,0,WEBER ST,0,0,1,0,30,6,100,47.9,30,79.3,0,342,30,11,0,0,118.8,17,0,0,53.4,0,0,20
192694,Gabe White,CB,2,0,,0,1,0,BETH COOK,2,D17,40,1,0,0,1,2028,0,46.9,0,0,63.1,0,0,31,0,0,0,64.4,39,0,0,0,BETH COOK,0,0,0,0,,0,25,64.1,,75.5,0,119,40,0,0,0,39.6,9,0,1,,0,0,0
192695,Mason Baldic,DI,0,0,,0,0,,BROWN,0,D96,0,0,0,12,1,2029,22,69.7,0,0,,0,0,0,4,0,0,65.8,0,0,0,0,BROWN,0,0,0,0,,0,0,62.8,,73.1,0,123,22,0,18,0,0,10,0,1,56.2,0,0,0
192697,Jeff Bandy,CB,0,0,,0,0,,BROWN,0,D26,1,0,0,0,1,2028,0,,0,0,,0,0,0,0,0,0,60,0,0,0,0,BROWN,0,0,0,0,,0,,60,,60,0,123,1,0,0,0,0,1,0,0,,0,0,0
192698,Alejandro Bello,S,6,0,,0,0,50,BROWN,2,D25,79,21,0,0,1,2028,0,78.8,20,3,78.3,0,0,53,0,0,0,64.8,0,0,1,0,BROWN,2,0,0,0,19,9,0,73.8,6.7,0,0,123,79,8,0,2,57.6,26,0,0,,49,0,0
192704,Liam Fitzgerald,DI,0,0,,0,0,,BROWN,0,D94,0,0,0,14,1,2029,22,,0,0,,0,0,0,0,3,0,54.7,0,0,0,0,BROWN,0,0,0,0,,0,,53.3,,74,0,123,22,0,19,0,0,8,0,0,55.8,0,0,0
192709,Nathan Kunickis,LB,0,0,,0,0,,BROWN,0,D45,1,0,0,0,1,2029,0,,0,0,,0,0,0,0,0,0,60,0,0,0,0,BROWN,0,0,0,0,,0,,60,,60,0,123,1,0,0,0,0,1,0,0,,0,0,0
192713,Nathan Marsh,DI,0,0,,0,0,,BROWN,0,D40,0,0,0,4,1,2028,6,72.2,0,0,60,0,0,0,0,0,0,66.7,0,0,0,0,BROWN,0,0,0,0,,0,0,69.4,,69.7,0,123,6,0,6,0,0,2,0,2,58.5,0,0,0
192732,Xavier Belton,DI,0,0,,0,0,,BRYANT,1,D55,0,0,0,4,1,2027,11,70.2,0,0,,0,0,0,1,1,0,67,0,0,0,0,BRYANT,1,0,0,0,,0,0,66.5,,72.3,0,124,11,0,6,0,0,7,0,0,57.7,0,0,3
192735,Ezra Carter,S,0,0,,0,1,,BRYANT,0,D08,45,9,0,0,1,2029,0,28.4,0,0,72.2,0,0,25,0,0,1,49.8,0,0,0,0,BRYANT,0,0,0,0,,12,50,67,,77.4,0,124,45,0,0,0,0,20,0,1,,24,0,0
192744,Ryan Geary,LB,0,0,,0,0,,BRYANT,0,D59,1,1,0,0,1,2029,0,,0,0,,0,0,0,0,0,0,60,0,0,0,0,BRYANT,0,0,0,0,,0,,60,,63.9,0,124,1,0,0,0,0,1,0,0,,0,0,0
192748,Jayden Hazelwood,DI,0,0,,0,0,,BRYANT,0,D68,0,0,0,1,1,2029,2,,0,0,,0,0,0,0,0,0,60,0,0,0,0,BRYANT,0,0,0,0,,0,,60,,66.6,0,124,2,0,2,0,0,1,0,0,60,0,0,0
192755,Drake Lusk,LB,0,0,,0,0,,BRYANT,0,D41,1,1,0,0,1,2029,0,,0,0,,0,0,0,0,0,0,60,0,0,0,0,BRYANT,0,0,0,0,,0,,60,,64.1,0,124,1,0,0,0,0,1,0,0,,0,0,0
192798,Chris Abihudi,DI,0,0,,0,0,,LNDNWD,0,D71,0,0,0,0,1,2029,5,,0,0,,0,0,0,0,0,0,61.4,0,0,0,0,LNDNWD,0,0,0,0,,0,,62.8,,68.8,0,949,5,0,5,0,0,5,0,0,,0,0,0
192800,Andrew Baumgart,LB,0,0,,0,0,,LNDNWD,1,D30,5,5,0,0,1,2030,0,74.3,0,0,,0,0,0,0,0,0,63.3,0,0,0,0,LNDNWD,1,0,0,0,,0,0,65.3,,64.9,0,949,5,0,0,0,0,5,0,0,,0,0,0
192810,Eric Gant,S,1,0,,0,1,100,LNDNWD,3,D01,62,29,0,0,1,2027,1,46.4,7,1,68,0,0,25,0,0,0,61.5,9,0,0,0,LNDNWD,1,0,0,0,7,18,25,66.7,7,76.8,0,949,63,7,0,0,95.8,38,0,0,,6,0,1
192817,Sam Owens,CB,5,0,,0,2,80,LNDNWD,5,D19,62,0,0,0,1,2029,0,41.2,57,4,53.6,0,0,25,0,0,0,67.1,55,0,0,0,LNDNWD,0,0,0,0,38,7,28.6,56.3,14.3,77.8,0,949,62,3,0,1,153.8,37,0,0,,0,1,0
192820,Legend Robinson,LB,0,0,,0,0,,LNDNWD,1,D32,4,4,0,0,1,2027,1,73.1,0,0,,0,0,0,0,0,0,62.5,0,0,0,0,LNDNWD,0,0,0,0,,0,0,64.4,,66,0,949,5,0,0,0,0,5,0,0,,0,0,1
192826,Jacob Waller,LB,2,0,,0,2,100,LNDNWD,5,D05,32,19,0,1,1,2027,10,45.1,12,2,48.5,0,0,13,0,0,0,56.6,2,0,0,0,LNDNWD,2,0,0,0,10,11,22.2,51.6,6,75.7,0,949,42,11,0,0,91.7,28,0,2,59.7,0,0,10
192830,Rohan Davy,LB,2,0,,0,1,100,RHODE ISLD,6,D26,63,53,0,10,1,2029,0,65.3,19,2,50.2,1,0,20,0,0,0,53.3,0,0,1,0,RHODE ISLD,3,0,1,0,11,10,12.5,43.4,9.5,0,0,274,63,7,0,0,145.8,33,0,1,50.9,0,1,0
192832,Gage Hinkley,LB,0,0,,0,0,,RHODE ISLD,0,D55,5,5,0,2,1,2029,0,,0,0,61.2,1,0,3,0,0,0,,0,0,0,0,RHODE ISLD,0,0,1,0,,0,,67.9,,66.9,0,274,5,0,0,0,0,0,0,0,65.9,0,0,0
192862,Ashton Jones,DI,0,0,,0,0,,SE MO ST,0,D93,0,0,0,10,1,2029,20,,0,0,,1,0,0,6,0,0,63.7,0,0,0,0,SE MO ST,0,0,1,0,,0,,61.6,,73,0,293,20,0,14,0,0,10,0,0,56.6,0,0,0
192863,Trey Lisle,ED,0,0,,0,0,,SE MO ST,0,D08,0,0,0,6,1,2029,11,,0,0,,0,0,0,2,0,0,60.3,0,0,0,0,SE MO ST,0,0,0,0,,0,,64.3,,73.6,0,293,11,0,0,0,0,5,0,0,64.1,0,0,9
192866,Timothy Maxson,DI,0,0,,0,0,,SE MO ST,1,D98,0,0,0,11,1,2029,23,71.9,0,0,,0,0,0,2,6,0,64,0,0,0,0,SE MO ST,1,0,0,0,,0,0,62.7,,74.1,0,293,23,0,15,0,0,12,0,1,57.5,0,0,0
192869,Adrian Patterson,CB,4,0,,0,0,75,SE MO ST,7,D09,55,21,0,0,1,2027,0,83.9,26,3,66.5,0,0,30,0,0,0,67.4,0,0,0,0,SE MO ST,4,0,0,0,11,29,0,67.8,8.7,76.5,0,293,55,0,0,0,91.7,25,0,0,,5,0,0
192876,Landon Sylvie,S,1,0,,0,0,0,SE MO ST,7,D34,61,40,0,0,1,2029,0,85.1,0,0,61.1,0,0,30,0,0,0,52,0,0,0,0,SE MO ST,4,0,0,0,,6,0,57.4,,76.1,0,293,61,0,0,0,39.6,31,1,2,,15,0,0
192880,Evan Aubrey,ED,0,0,,0,0,,SE LA,0,D40,0,0,1,5,1,2030,12,75.1,0,0,,0,0,0,0,0,0,63.6,0,0,0,0,SE LA,1,0,1,0,,0,0,66.4,,74.4,0,294,12,0,0,0,0,7,0,2,63.5,0,0,12
192894,Carter Hanberry,S,0,0,,0,0,,SE LA,2,D22,15,5,0,0,1,2029,0,78.6,0,0,62,0,0,7,0,0,0,66,0,0,0,0,SE LA,1,0,0,0,,0,0,65.7,,72.2,0,294,15,0,0,0,0,8,0,0,,10,0,0
192895,James Harris,DI,0,0,,0,0,,SE LA,0,D39,0,0,0,2,1,2029,2,,0,0,,0,0,0,0,0,0,,0,0,0,0,SE LA,0,0,0,0,,0,,58.8,,66.6,0,294,2,0,2,0,0,0,0,0,58.7,0,0,0
192939,Aric Johnson,WR,0,0,,0,0,,W ILLINOIS,0,23,1,0,0,0,1,2029,0,,0,0,,0,0,0,0,0,0,60,0,0,0,0,W ILLINOIS,0,0,0,0,,0,,60,,73.9,0,345,1,0,0,0,0,1,0,0,,0,0,0
192943,Elijah Kongolo,ED,0,0,,0,0,,W ILLINOIS,0,D86,0,0,0,10,1,2029,18,70.2,0,0,,1,0,0,9,0,0,55.1,0,0,0,0,W ILLINOIS,0,0,1,0,,0,0,53.8,,73.5,0,345,18,0,8,0,0,8,0,1,56.3,0,0,1
192945,Jake Kruger,S,0,0,,0,0,,W ILLINOIS,0,D35,4,3,0,0,1,2029,0,,0,0,60.7,0,0,2,0,0,0,60,0,0,0,0,W ILLINOIS,0,0,0,0,,0,,61.2,,64.5,0,345,4,0,0,0,0,2,0,0,,0,0,0
192949,Rodney McNeil Jr.,CB,0,0,,0,0,,W ILLINOIS,0,D15,1,0,0,0,1,2029,0,,0,0,,0,0,0,0,0,0,60,0,0,0,0,W ILLINOIS,0,0,0,0,,0,,60,,60,0,345,1,0,0,0,0,1,0,0,,0,0,0
192952,Payne Miller,DI,0,0,,0,0,,W ILLINOIS,2,D97,0,0,0,17,1,2031,37,73.2,0,0,,1,0,0,22,0,0,72.5,0,0,0,0,W ILLINOIS,1,0,1,0,,0,0,69.5,,75.1,0,345,37,0,15,0,0,20,1,0,58.3,0,0,0
192963,Kamari Baker,S,1,0,,0,0,100,IDAHO,1,D12,17,6,0,1,1,2026,0,77.1,19,1,55.3,0,0,8,0,0,0,63.5,0,0,0,0,IDAHO,1,0,0,0,19,5,0,62.4,19,72.2,0,185,17,15,0,0,118.8,8,0,1,65.5,6,0,0
192971,Jackson Daniels,CB,4,0,,0,1,100,IDAHO ST,7,D04,63,10,0,0,1,2029,1,64.1,8,4,63.9,0,0,29,0,0,0,66.4,50,0,1,0,IDAHO ST,4,0,0,0,4,3,12.5,65.2,2,76.6,0,186,64,15,0,0,79.2,35,1,0,,0,0,1
192972,Jake East,DI,0,0,,0,0,,IDAHO ST,0,D98,1,1,0,20,1,2029,45,69.7,0,0,,0,0,0,2,12,0,64.8,0,0,0,0,IDAHO ST,0,0,0,0,,0,0,61.7,,76.4,0,186,46,0,31,0,0,26,0,1,54.8,0,0,0
192979,Rylan Leathers,S,2,0,,0,1,0,IDAHO ST,6,D21,62,8,0,0,1,2029,0,78.1,0,0,75.3,0,0,28,0,0,0,77.3,0,0,0,0,IDAHO ST,0,0,0,0,,0,7.1,77.8,,77.4,0,186,62,0,0,1,39.6,34,0,7,,54,0,0
192981,Mike Lindsay,CB,2,0,,0,1,100,IDAHO ST,1,D30,29,4,0,0,1,2030,0,37.9,43,2,55,0,0,12,0,0,0,63.8,23,0,0,0,IDAHO ST,0,0,0,0,32,2,33.3,56.9,21.5,74.5,0,186,29,36,0,0,118.8,17,0,1,,0,0,0
192985,Devin Rodriguez,LB,0,0,,0,1,,IDAHO ST,0,D09,0,0,0,0,1,2030,1,19.3,0,0,,0,0,0,0,0,0,59,0,0,0,0,IDAHO ST,0,0,0,0,,0,100,39,,66,0,186,1,0,0,0,0,1,0,0,,0,0,1
192995,Wayne Adair,S,0,0,,0,0,,MARIST,2,D42,11,8,0,1,1,2029,1,77.1,0,0,60.7,0,0,2,0,0,0,77.5,0,0,0,0,MARIST,2,0,0,0,,3,0,77.5,,69.9,0,213,12,0,0,0,0,9,1,0,60,0,0,1
193018,Tyrell Powell,CB,2,0,,0,0,100,MARIST,3,D03,37,8,0,3,1,2029,5,79.2,67,2,47,1,0,12,0,0,1,71.5,29,0,0,0,MARIST,2,0,1,0,42,0,0,55.1,33.5,76,0,213,42,4,0,0,118.8,27,0,1,58.7,0,0,5
193020,Braylen Ricks,DI,0,0,,0,0,,MARIST,1,D98,0,0,0,12,1,2029,40,69.7,0,0,60,3,0,0,1,3,0,51.5,0,0,0,0,MARIST,0,0,3,0,,0,0,64.1,,75.6,0,213,40,0,33,0,0,28,0,0,85,0,0,3
193021,Nate Robinson Jr.,S,2,0,,0,1,50,MARIST,4,D25,60,40,0,0,1,2029,0,61.8,8,1,52.2,0,0,17,0,0,0,61.6,0,0,0,0,MARIST,1,0,0,0,8,18,14.3,56.1,8,76.7,0,213,60,0,0,0,100,43,0,2,,2,1,0
193046,Xavier Randolph,ED,0,0,,0,1,,TENN TECH,2,D40,0,0,0,35,1,2029,43,39.9,0,0,,3,0,0,14,0,0,58.5,0,0,0,1,TENN TECH,2,0,3,0,,0,33.3,67,,77.2,0,309,43,0,0,0,0,8,0,0,68.1,0,0,29
193053,Jacory Brown,DI,0,0,,0,1,,TXAMEA,0,D99,0,0,0,12,1,2026,22,22.2,0,0,,2,0,0,0,1,0,70,0,0,0,0,TXAMEA,0,0,2,0,,0,100,68.4,,74.1,0,1139,22,0,21,0,0,10,0,0,59.8,0,0,0
193115,Christian Ray,ED,0,0,,0,0,,HOUCHR,0,D16,0,0,0,2,1,2027,6,,0,0,,0,0,0,4,0,0,60.9,0,0,0,0,HOUCHR,0,0,0,0,,0,,67.5,,70.3,0,183,6,0,0,0,0,4,0,0,67.1,0,0,2
193177,David Amaliri,ED,0,0,,0,0,,LNDNWD,0,D57,0,0,0,0,1,2030,5,,0,0,,0,0,0,0,0,0,61.5,0,0,0,0,LNDNWD,0,0,0,0,,0,,63.3,,70.7,0,949,5,0,0,0,0,5,0,0,,0,0,5
193267,Donny Jones,CB,3,0,,0,0,66.7,ALBANY,1,D38,21,0,0,0,1,2029,0,73.5,53,2,54.5,0,0,13,0,0,0,61.1,19,0,0,0,ALBANY,1,0,0,0,36,2,0,55.3,26.5,73.6,0,106,21,5,0,0,149.3,8,0,0,,0,1,0
193270,Zakar Morris,DI,0,0,,0,0,,ALBANY,0,D92,0,0,0,24,1,2029,54,69.7,0,0,,0,0,0,1,6,0,68.4,0,0,0,0,ALBANY,0,0,0,0,,0,0,63.6,,76.6,0,106,54,0,47,0,0,30,0,1,53.9,0,0,0
193277,Erv Wiggins Jr.,CB,0,0,,0,0,,ALBANY,2,D21,50,14,0,0,1,2029,0,77,0,0,67,0,0,19,0,0,0,72.4,33,0,0,0,ALBANY,1,0,0,0,,3,0,70.5,,74.1,0,106,50,0,0,0,0,31,1,0,,0,0,0
193278,Jaydon Williams,S,0,0,,0,0,,ALBANY,0,D14,18,10,0,0,1,2030,0,77.7,0,0,63.1,0,0,7,0,0,0,74.4,0,0,0,0,ALBANY,0,0,0,0,,1,0,72,,72.3,0,106,18,0,0,0,0,11,0,2,,7,0,0
193294,Kristian Gammage,CB,3,0,,0,0,66.7,ARKAPB,2,D02,32,0,0,2,1,2026,5,78,13,2,49,0,0,12,0,0,0,74.7,0,0,1,0,ARKAPB,1,0,0,0,8,32,0,51.9,6.5,0,0,112,37,12,0,0,75.7,23,0,0,56.9,0,0,5
193297,Ja'Marlin Green,S,1,0,,0,5,100,ARKAPB,3,D21,64,17,0,0,1,2026,2,28.4,23,1,53.4,0,0,21,0,0,0,47,0,0,0,0,ARKAPB,1,0,0,0,23,16,35.7,50,23,78.1,0,112,66,18,0,0,118.8,45,0,6,,31,0,2
193308,Liam Lindo,CB,5,0,,0,0,60,BRYANT,6,D13,41,5,0,0,1,2027,0,81.5,22,3,68.4,0,0,25,0,0,0,56.8,36,0,0,0,BRYANT,1,0,0,0,11,0,0,67.1,7.3,75.1,0,124,41,10,0,0,70.4,16,0,0,,0,0,0
193312,Amyrion Mingo,CB,4,0,,0,3,25,ARKAPB,2,D39,76,3,0,0,1,2029,0,25.4,6,1,70,0,0,26,0,0,0,45.5,73,0,0,0,ARKAPB,1,0,0,0,6,0,60,63.2,6,77.6,0,112,76,7,0,1,39.6,50,0,0,,0,0,0
193313,Derrick Murdock,LB,0,0,,0,0,,ARKAPB,3,D44,18,18,0,1,1,2030,3,79.8,0,0,60,0,0,1,0,0,0,71.6,0,0,0,0,ARKAPB,1,0,0,0,,0,0,71.5,,73.5,0,112,21,0,0,0,0,19,0,2,59.5,0,0,3
193320,Quintin Sterling,S,1,0,,0,2,100,ARKAPB,7,D22,65,23,0,3,1,2026,1,64.1,5,1,66.3,1,0,18,0,0,0,71.6,0,0,0,0,ARKAPB,2,0,1,0,5,10,18.2,69.7,5,76.8,0,112,66,8,0,0,87.5,45,0,2,57.6,32,0,1
193324,Kyle Vocque,LB,1,0,,0,1,100,CENT ARK,2,D51,20,19,0,0,1,2030,0,49.3,6,1,66,0,0,10,0,0,0,42.8,0,0,0,0,CENT ARK,0,0,0,0,6,1,33.3,55.6,6,71.9,0,132,20,10,0,0,91.7,10,0,0,,0,0,0
193329,Cornelious Bass,ED,0,0,,0,0,,BETH COOK,2,D33,3,3,0,36,1,2028,45,75.2,0,0,60,4,0,0,0,0,0,65.8,0,1,0,0,BETH COOK,1,0,5,0,,0,0,62,,78.7,0,119,48,0,0,0,0,12,0,1,57.3,0,0,45
193338,Naim Lassiter,CB,8,0,,0,0,75,BETH COOK,7,D13,60,12,0,1,1,2027,1,82.6,55,6,64.2,0,0,45,0,0,0,63.5,0,0,1,0,BETH COOK,4,0,0,0,34,48,0,64.6,9.2,78.2,0,119,61,16,0,0,132.8,15,1,0,60,0,1,1
193342,Matthew McKenzie,CB,1,0,,0,0,100,BETH COOK,2,D27,15,0,0,0,1,2029,0,76.6,8,1,67.1,0,0,12,0,0,0,62.4,15,0,0,0,BETH COOK,2,0,0,0,8,0,0,68.5,8,72.4,0,119,15,-3,0,0,100,3,0,0,,0,0,0
193343,Dairo Melendez Jr.,DI,0,0,,0,0,,BETH COOK,0,D99,0,0,0,6,1,2029,6,,0,0,,0,0,0,0,0,0,,0,0,0,0,BETH COOK,0,0,0,0,,0,,56.3,,69.6,0,119,6,0,6,0,0,0,0,0,56.3,0,0,0
193355,Kevin Washington Jr.,LB,4,0,,0,0,100,W ILLINOIS,6,D04,75,72,2,11,1,2030,0,82.9,11,4,70.6,3,0,28,0,0,0,81.8,0,0,0,0,W ILLINOIS,7,0,5,0,12,2,0,86.7,2.8,77.1,0,345,75,12,0,0,79.2,36,1,1,80.8,0,0,0
193357,Jackson Ashford,ED,0,0,,0,0,,DARTMOUTH,0,D98,0,0,0,7,1,2029,13,71.5,0,0,,1,0,0,0,0,0,60.5,0,1,0,0,DARTMOUTH,0,0,2,0,,0,0,66,,73.5,0,148,13,0,0,0,0,6,0,1,66.5,0,0,13
193359,Sean Chester,LB,0,0,,0,0,,DARTMOUTH,2,D52,9,9,1,8,1,2029,23,78,0,0,61.7,0,0,5,0,0,0,38.2,0,0,0,0,DARTMOUTH,1,0,1,0,,0,0,47.1,,77.8,0,148,32,0,0,0,0,19,0,1,63.5,0,0,23
193364,Taylor Faalele,DI,0,0,,0,0,,DARTMOUTH,0,D90,0,0,0,4,1,2029,8,,0,0,,0,0,0,0,0,0,65.7,0,0,0,0,DARTMOUTH,0,0,0,0,,0,,65.6,,70.4,0,148,8,0,8,0,0,4,0,0,57.7,0,0,0
193366,Christian Harris,CB,1,0,,0,0,0,DARTMOUTH,0,D23,24,2,0,0,1,2029,0,,0,0,56.1,0,0,8,0,0,0,62.3,22,0,0,0,DARTMOUTH,0,0,0,0,,0,,57.8,,73.7,0,148,24,0,0,0,39.6,16,0,0,,0,0,0
193367,Gergely Hudak,DI,0,0,,0,0,,DARTMOUTH,1,D43,0,0,0,4,1,2029,8,69.7,0,0,,0,0,0,0,0,0,56.4,0,1,0,0,DARTMOUTH,1,0,1,0,,0,0,54.4,,70.4,0,148,8,0,8,0,0,4,0,0,57.7,0,0,0
193371,No'Koi Maddox,S,0,0,,0,1,,DARTMOUTH,3,D26,35,6,0,0,1,2029,0,51.1,0,0,64.7,0,0,13,0,0,0,59.4,0,0,0,0,DARTMOUTH,0,0,0,0,,2,25,63.1,,75.9,0,148,35,0,0,0,0,22,0,0,,27,0,0
193375,Niquis Ratcliff,CB,0,0,,0,0,,DARTMOUTH,1,D27,26,3,0,0,1,2029,0,74.2,0,0,67.3,0,0,14,0,0,0,61.5,23,0,0,0,DARTMOUTH,0,0,0,0,,0,0,67.5,,73.6,0,148,26,0,0,0,0,12,0,0,,0,0,0
193377,Johnny Riley,LB,2,0,,0,0,50,DARTMOUTH,3,D33,27,26,0,0,1,2029,0,78,10,1,44,0,0,11,0,0,0,55.9,0,0,0,0,DARTMOUTH,2,0,0,0,10,1,0,45.7,10,73.1,0,148,27,3,0,0,64.6,16,0,0,,0,0,0
193403,Debo Hall,CB,0,0,,0,0,,PRESBYTERN,0,D26,1,0,0,0,1,2029,0,,0,0,,0,0,0,0,0,0,60,0,0,0,0,PRESBYTERN,0,0,0,0,,0,,60,,60,0,271,1,0,0,0,0,1,0,0,,0,0,0
193410,Ryan Largin,S,0,0,,0,0,,PRESBYTERN,0,D21,3,2,0,0,1,2029,0,,0,0,,0,0,0,0,0,0,60,0,0,0,0,PRESBYTERN,0,0,0,0,,0,,61.7,,62.7,0,271,3,0,0,0,0,3,0,0,,0,0,0
193418,Bryce Stringer,ED,0,0,,0,0,,PRESBYTERN,2,D16,0,0,0,3,1,2029,12,74.7,0,0,,0,0,0,0,0,0,71.2,0,0,0,0,PRESBYTERN,2,0,0,0,,0,0,70.9,,74.7,0,271,12,0,0,0,0,9,1,0,57.6,0,0,12
193422,Jason Wiggins,CB,0,0,,0,0,,PRESBYTERN,0,D24,1,0,0,0,1,2029,0,,0,0,,0,0,0,0,0,0,60,0,0,0,0,PRESBYTERN,0,0,0,0,,0,,60,,60,0,271,1,0,0,0,0,1,0,0,,0,0,0
193710,Keith Green,DI,0,0,,0,0,,ALAB A&M,0,D99,0,0,0,5,1,2030,10,73.1,0,0,60,0,0,0,1,1,0,70.5,0,0,0,0,ALAB A&M,0,0,0,0,,0,0,70.3,,71.6,0,104,10,0,8,0,0,5,0,2,57.1,0,0,0
193731,John Robinson,LB,1,0,,0,3,100,ALAB A&M,3,D53,39,35,0,1,1,2030,3,31.7,8,1,40.5,0,0,22,0,0,0,65.1,0,0,0,0,ALAB A&M,1,0,0,0,8,4,33.3,49.8,8,75.3,0,104,42,10,0,0,100,19,0,3,59.6,0,0,3
194241,Matt Goehring,LB,0,0,,0,0,,S DAK ST,0,D09,5,5,0,0,1,2028,0,,0,0,60,0,0,1,0,0,0,62.2,0,0,0,0,S DAK ST,0,0,0,0,,0,,65,,66.2,0,292,5,0,0,0,0,4,0,0,,0,0,0
194607,Jalen Mayo,CB,3,0,,0,1,66.7,STF AUSTIN,3,D12,61,1,0,0,1,2027,0,46.5,20,2,69.6,0,0,45,0,0,0,65.2,59,0,0,0,STF AUSTIN,0,0,0,0,12,0,25,70.2,10,77,0,301,61,7,0,0,85.4,16,0,0,,1,0,0
194752,Kamari Blankumsee,S,0,0,,0,0,,NC A&T,0,D12,5,0,0,0,1,2028,0,,0,0,61.6,0,0,5,0,0,0,,0,0,0,0,NC A&T,0,0,0,0,,0,,61.4,,68.6,0,246,5,0,0,0,0,0,0,0,,5,0,0
194876,Yasir Holmes,ED,0,0,2026,1,0,,TARLETON,0,D11,0,0,1,10,1,2026,21,73,0,0,,1,0,0,1,0,0,61.7,0,1,0,0,TARLETON,1,0,3,0,,0,,91,,76.5,0,401,21,0,0,0,0,11,0,0,92.2,0,0,20
194905,Vincent Nwachi,CB,1,0,,0,0,100,MAINE,0,D06,15,3,0,0,1,2026,0,,26,1,50.8,0,0,10,0,0,0,55.2,12,0,0,0,MAINE,0,0,0,0,26,0,,47.5,26,71.1,0,212,15,6,0,0,118.8,5,0,0,,0,0,0
195320,James Summersett,S,0,0,,0,0,,HAMPTON,0,D17,9,6,0,0,1,2027,0,,0,0,62.5,0,0,7,0,0,0,60,0,0,0,0,HAMPTON,0,0,0,0,,0,,62.3,,69.7,0,178,9,0,0,0,0,2,0,0,,3,0,0
195437,Justin Richardson,CB,2,0,,0,1,100,W ILLINOIS,4,D12,44,6,0,0,1,2026,1,56.9,13,2,64.2,0,0,24,0,0,0,69,37,0,0,0,W ILLINOIS,0,0,0,0,7,1,16.7,66.5,6.5,75.3,0,345,45,3,0,0,93.8,21,0,1,,0,0,1
195606,Tolu Awoyemi,ED,0,0,,0,1,,NEWHVN,1,D91,0,0,0,3,1,2027,14,34.2,0,0,56.5,0,0,1,0,0,0,62.2,0,0,0,0,NEWHVN,1,0,0,0,,0,50,55.7,,74.9,0,1013,14,0,0,0,0,10,0,0,58.1,0,0,14
196385,Masiah Thorne,S,0,0,,0,1,,HOWARD,1,D13,22,13,0,0,1,2027,0,27.9,0,0,48.6,0,0,12,0,0,0,53,0,0,0,0,HOWARD,0,0,0,0,,0,50,47.5,,72.8,0,184,22,0,0,0,0,10,0,0,,9,0,0
196443,Tacolby Grant,DI,0,0,,0,0,,MS VLY ST,0,D93,0,0,0,22,1,2029,31,,0,0,,0,0,0,0,13,0,51.8,0,0,0,0,MS VLY ST,0,0,0,0,,0,,51.1,,76.6,0,228,31,0,18,0,0,9,0,0,54.6,0,0,0
196445,Prince Ijioma,CB,2,0,,0,0,100,MS VLY ST,2,D08,60,0,0,0,1,2028,0,78.5,7,2,71.8,0,0,36,0,0,0,66,60,0,1,0,MS VLY ST,2,0,0,0,4,0,0,72.3,3.5,77.1,0,228,60,0,0,0,81.3,24,0,1,,0,0,0
196461,Chaunnsey Triplett,LB,0,0,,0,0,,MS VLY ST,0,D31,1,1,0,0,1,2026,0,,0,0,,0,0,0,0,0,0,60,0,0,0,0,MS VLY ST,0,0,0,0,,0,,60.8,,64.1,0,228,1,0,0,0,0,1,0,0,,0,0,0
196466,Adjatay Abegesah,LB,0,0,,0,0,,STHLSK,0,D05,7,7,0,12,1,2029,9,,0,0,60.5,0,0,3,0,0,0,60,0,0,0,0,STHLSK,0,0,0,0,,0,,55.2,,75.2,0,1470,16,0,0,0,0,1,0,0,54.1,0,0,9
196472,Anthony Busa,S,3,0,,0,0,33.3,STHLSK,5,D02,64,36,0,0,1,2029,0,84.5,15,1,56,0,0,44,0,0,0,75.8,1,0,0,0,STHLSK,1,0,0,0,15,8,0,62.5,15,76,0,1470,64,1,0,0,50.7,20,0,2,,19,0,0
196474,Spencer Davila,S,4,0,,0,0,100,STHLSK,1,D27,20,3,0,0,1,2029,0,74.2,29,4,50,0,0,18,0,0,0,60,3,0,1,0,STHLSK,0,1,0,0,14,13,0,50,7.3,74.2,0,1470,20,1,0,0,136.5,2,0,0,,1,1,0
196475,Sidoine Djimbou,S,2,0,,0,0,50,STHLSK,1,D06,47,20,0,0,1,2029,0,82,19,1,68.6,0,0,31,0,0,0,62.1,1,0,0,0,STHLSK,0,0,0,0,19,3,0,67.8,19,76,0,1470,47,1,0,1,83.3,16,0,2,,23,0,0
196482,Jaylon Hebert,CB,3,0,,0,0,33.3,STHLSK,2,D09,32,1,0,0,1,2030,0,76.2,19,1,56.5,0,0,21,0,0,0,61.3,30,0,0,0,STHLSK,0,0,0,0,19,0,0,57.3,19,74.8,0,1470,32,7,0,0,56.3,11,0,0,,1,0,0
196483,Caden Henritzy,LB,1,0,,0,0,100,STHLSK,2,D36,32,32,0,0,1,2029,0,79.8,-10,1,72.4,0,0,20,0,0,0,77.3,0,0,0,0,STHLSK,1,0,0,0,-10,0,0,80.1,-10,74.2,0,1470,32,0,0,0,79.2,12,1,3,,0,0,0
196484,Aidan Horodnik,DI,0,0,,0,0,,STHLSK,3,D93,0,0,0,18,1,2029,32,73.4,0,0,,1,0,0,1,11,0,74.8,0,1,0,0,STHLSK,2,0,2,0,,0,0,68.7,,75.5,0,1470,32,0,20,0,0,14,0,0,54.9,0,0,0
196496,Josh Osuagwu,DI,0,0,,0,0,,STHLSK,0,D53,0,0,0,11,1,2029,16,,0,0,,0,0,0,0,3,0,56.8,0,0,0,0,STHLSK,0,0,0,0,,0,,56.2,,73,0,1470,16,0,13,0,0,5,0,0,58.2,0,0,0
196497,Damola Owode,DI,0,0,,0,0,,STHLSK,2,D57,0,0,0,11,1,2029,16,73.4,0,0,60,0,0,0,1,0,0,64.1,0,0,0,0,STHLSK,1,0,0,0,,0,0,62.4,,74.1,0,1470,16,0,2,0,0,5,0,0,56.4,0,0,13
196510,Chris Williams,ED,2,0,,0,1,50,STHLSK,0,D07,10,9,0,11,1,2030,24,25.7,7,1,65.4,0,0,8,0,0,0,50.5,0,0,1,0,STHLSK,0,0,0,0,7,1,50,50.4,7,0,0,1470,34,2,0,1,58.3,15,0,1,55.9,0,0,24
196741,Herman Brister III,S,8,0,,0,0,50,SOUTHERN U,13,D03,70,39,0,3,1,2028,4,88.6,37,4,46.3,0,0,35,0,0,0,64,1,0,0,0,SOUTHERN U,4,0,0,0,17,12,0,52.4,9.3,76.3,0,297,74,22,0,1,63,36,1,2,57.3,18,0,4
196745,Jamarlo Campbell,LB,1,0,,0,1,100,SOUTHERN U,3,D09,45,45,1,7,1,2026,3,57.1,29,1,46.9,0,0,16,0,0,0,55.2,0,0,0,0,SOUTHERN U,1,0,1,0,29,0,16.7,50,29,76.7,0,297,48,12,0,0,118.8,25,0,2,62.1,0,0,3
196746,Landon Carter,CB,0,0,,0,1,,SOUTHERN U,0,D23,11,2,0,0,1,2029,1,24.8,0,0,64.1,0,0,6,0,0,0,58.3,9,0,0,0,SOUTHERN U,0,0,0,0,,0,100,63,,71.5,0,297,12,0,0,0,0,6,0,0,,0,0,1
196759,Greyson Lafleur,LB,2,0,,0,2,100,SOUTHERN U,1,D34,61,57,0,6,1,2026,4,27.7,82,2,47.1,1,0,27,0,0,0,60.5,0,0,0,0,SOUTHERN U,0,0,1,0,74,4,40,52.9,41,76.7,0,297,65,77,0,0,158.3,32,0,2,65.2,0,1,4
196760,Ty Lee,S,5,0,,0,1,80,SOUTHERN U,6,D15,55,9,0,0,1,2029,0,66.9,39,4,45,0,0,32,0,0,0,67.6,0,0,1,0,SOUTHERN U,1,0,0,0,20,12,12.5,49.9,9.8,76.7,0,297,55,31,0,0,99.2,23,0,1,,34,0,0
196766,Vincent Paige Jr.,LB,1,0,,0,0,100,SOUTHERN U,1,D00,20,18,0,4,1,2026,2,77.9,3,1,71.4,0,0,10,0,0,0,56.3,0,0,0,0,SOUTHERN U,1,0,0,0,3,2,0,66.2,3,73.5,0,297,22,9,0,0,79.2,8,0,1,55.6,0,0,2
196829,Antonio O'Berry,ED,0,0,,0,0,,GARD-WEBB,2,D03,0,0,0,29,1,2028,54,76.9,0,0,60,1,0,1,0,0,0,66.3,0,2,0,0,GARD-WEBB,1,0,3,0,,0,0,63.9,,78.8,0,171,54,0,0,0,0,24,0,3,58.2,0,0,54
196830,De'Arieun Hicks,DI,0,0,,0,0,,GARD-WEBB,1,D94,0,0,1,16,1,2029,31,72.2,0,0,,0,0,0,0,13,0,69.9,0,0,0,0,GARD-WEBB,2,0,1,0,,0,0,72.4,,75.5,0,171,31,0,18,0,0,15,0,0,66.8,0,0,0
196874,Joshua Barker,DI,0,0,,0,0,,SCAR STATE,2,D00,0,0,0,21,1,2028,34,72.8,0,0,,1,0,0,3,4,0,63.6,0,1,0,0,SCAR STATE,2,0,2,0,,0,0,68.5,,75.5,0,290,34,0,27,0,0,13,1,0,67.8,0,0,0
196875,Demario Bookhart,CB,3,0,,0,0,66.7,SCAR STATE,1,D20,19,1,0,0,1,2029,0,79.1,27,2,59.7,0,0,12,0,0,0,67.4,14,0,0,0,SCAR STATE,1,0,0,0,22,4,0,62.5,13.5,73,0,290,19,0,0,0,134.7,7,0,2,,0,1,0
196885,Tyler Jones,S,4,0,,0,0,50,SCAR STATE,3,D05,33,12,0,0,1,2029,0,80.6,69,2,33.3,0,0,23,0,0,0,63.3,1,0,0,0,SCAR STATE,0,0,0,0,53,3,0,38.6,34.5,75.5,0,290,33,18,0,0,95.8,10,0,0,,17,0,0
196892,Marcus Samuels,CB,0,0,,0,0,,SCAR STATE,1,D21,10,0,0,0,1,2029,0,74.2,0,0,64.1,0,0,8,0,0,0,69,10,0,0,0,SCAR STATE,1,0,0,0,,0,0,70.7,,70.6,0,290,10,0,0,0,0,2,1,0,,0,0,0
196897,Ka Von Chisolm,DI,0,0,,0,0,,SCAR STATE,1,D07,0,0,1,21,1,2029,33,71.9,0,0,60,1,0,0,2,5,0,62,0,0,0,0,SCAR STATE,2,0,2,0,,0,0,67.3,,74.9,0,290,33,0,26,0,0,12,0,0,66.5,0,0,0
196899,Jarod Washington,CB,3,0,2026,0,0,0,SCAR STATE,0,D12,45,0,0,0,1,2026,1,,0,0,62.2,0,0,29,0,0,0,62.4,43,0,1,0,SCAR STATE,0,0,0,0,,1,,62.9,,77,0,290,46,0,0,1,39.6,17,0,0,,1,0,1
196902,Reece Allan,S,0,0,,0,0,,COLGATE,4,D23,52,22,0,2,1,2029,3,81.5,0,0,72.9,0,0,25,0,0,0,75.3,2,0,0,0,COLGATE,3,0,0,0,,15,0,75.1,,79.2,0,142,55,0,0,0,0,28,0,1,59.1,13,0,3
196903,Joe Kelly,DI,0,0,,0,1,,COLGATE,1,D94,0,0,0,18,1,2029,41,28,0,0,,0,0,0,1,21,0,62.2,0,0,0,0,COLGATE,1,0,0,0,,0,50,60.6,,76.7,0,142,41,0,18,0,0,23,0,0,56.3,0,0,1
196906,Kenny Langston,S,2,0,,0,3,100,COLGATE,3,D22,55,24,0,0,1,2029,1,25.8,17,2,66.3,0,0,27,0,0,0,61.4,1,0,0,0,COLGATE,3,0,0,0,13,9,50,65.4,8.5,75.9,0,142,56,11,0,0,102.1,29,0,0,,21,0,1
196992,Cedric Roberts,LB,2,0,,0,0,100,ALCORN ST,9,D08,39,32,0,6,1,2029,8,84.1,3,2,76.5,1,0,24,0,0,0,85.8,0,0,0,0,ALCORN ST,7,0,1,0,3,6,0,83,1.5,77,0,107,47,11,0,0,79.2,17,1,0,56.3,0,0,8
197037,Breon Askins,ED,0,0,,0,1,,LIUSHAR,4,D37,0,0,0,30,1,2027,46,60.1,0,0,60,2,0,0,10,0,0,77.8,0,1,0,1,LIUSHAR,2,0,3,0,,0,16.7,73.7,,78.6,0,1298,46,0,3,0,0,16,1,1,66.8,0,0,33
197053,Chris Johnson,LB,0,0,,0,1,,MOREHEAD,5,D30,57,49,0,10,1,2030,14,57.6,0,0,57.5,0,0,27,0,0,0,52.1,0,0,0,0,MOREHEAD,2,0,0,0,,7,14.3,53.1,,76.1,0,234,71,0,0,0,0,34,0,1,54.7,1,0,14
197054,Mikey Munn,CB,6,0,,0,1,50,S DAKOTA,5,D12,61,0,0,0,1,2029,0,60.9,24,3,66.9,0,0,32,0,0,0,48.5,59,0,1,0,S DAKOTA,2,0,0,0,12,2,14.3,64.1,8,77.3,0,291,61,10,0,1,60.4,29,0,1,,0,0,0
197055,Zach Jones,LB,4,0,,0,1,75,COLGATE,7,D38,40,5,0,6,1,2029,16,71.9,5,3,76.4,0,0,21,0,0,0,70.7,1,1,2,0,COLGATE,6,0,1,0,4,33,11.1,73.4,1.7,0,0,142,56,-2,0,0,77.1,29,1,1,62.2,1,0,16
197074,Jayden Williams,LB,0,0,,0,0,,NC A&T,0,D44,6,6,0,0,1,2029,0,,0,0,61.6,0,0,4,0,0,0,60,0,0,0,0,NC A&T,0,0,0,0,,0,,63.9,,67.8,0,246,6,0,0,0,0,2,0,0,,0,0,0
197514,Tre Moore,ED,2,0,,0,2,0,SAN DIEGO,2,D07,3,1,0,20,1,2028,43,45.4,0,0,60.6,1,0,1,0,0,0,58,0,0,0,0,SAN DIEGO,1,0,1,0,,2,25,56.8,,80.7,0,283,46,0,0,0,39.6,25,0,4,53.9,0,0,43
197569,Taytum Johnson,CB,0,0,,0,0,,COLGATE,0,D03,1,0,0,1,1,2029,1,,0,0,60,0,0,1,0,0,0,,0,0,0,0,COLGATE,0,0,0,0,,0,,59.6,,69.9,0,142,2,0,0,0,0,0,0,0,59.4,1,0,1
197592,Adam DeSantis,ED,0,0,,0,0,,COLGATE,1,D96,0,0,0,16,1,2029,38,74.2,0,0,61.5,0,0,1,3,0,0,62.7,0,0,0,0,COLGATE,1,0,0,0,,0,0,63.7,,76.1,0,142,38,0,23,0,0,21,0,1,59.9,0,0,12
197594,Christian Magliacano,LB,1,0,,0,1,0,COLGATE,6,D39,43,41,0,13,1,2029,13,62.3,0,0,55.1,1,0,13,0,0,0,74.2,0,0,0,0,COLGATE,4,0,1,0,,2,12.5,69,,77.2,0,142,56,0,0,0,39.6,30,1,1,64,0,0,13
197704,Paul-Marie Dogui,ED,0,0,,0,0,,COLGATE,0,D34,0,0,0,5,1,2029,5,,0,0,,0,0,0,0,0,0,,0,0,1,0,COLGATE,0,0,0,0,,0,,36.3,,0,0,142,5,0,0,0,0,0,0,0,55.2,0,0,5
197728,Jahzir Dukes,CB,1,0,,0,1,0,NC CENT,0,D48,55,2,0,0,1,2030,1,26.9,0,0,74.4,0,0,17,0,0,0,66.8,51,0,0,0,NC CENT,0,0,0,0,,1,100,74.1,,77.8,0,247,56,0,0,1,39.6,39,0,0,,0,0,1
197753,James Oates,LB,1,0,,0,0,100,GARD-WEBB,1,D17,10,2,0,0,1,2029,0,73.2,3,1,48.3,0,0,6,0,0,0,69.3,0,0,0,0,GARD-WEBB,1,0,0,0,3,8,0,53.8,3,72.4,0,171,10,8,0,0,79.2,4,0,0,,0,0,0
197756,Kameron Brown,S,3,0,,0,3,33.3,ALCORN ST,4,D26,64,23,0,0,1,2029,0,39.5,-4,1,61.8,0,0,46,0,0,0,66.3,0,0,0,0,ALCORN ST,1,0,0,0,-4,5,30,63.4,-4,78.1,0,107,64,1,0,0,42.4,18,1,3,,36,0,0
197766,Luke Gilbertson,LB,0,0,,0,1,,GARD-WEBB,2,D42,13,13,0,2,1,2028,0,60.8,0,0,61.1,0,0,4,0,0,0,78.5,0,0,0,0,GARD-WEBB,1,0,0,0,,0,20,75.1,,72.4,0,171,13,0,0,0,0,7,1,2,57.4,0,0,0
197772,Cayden Gibson,ED,0,0,,0,0,,SAN DIEGO,3,D49,0,0,0,11,1,2029,33,77.4,0,0,65.6,1,0,0,0,0,0,78.1,0,0,0,0,SAN DIEGO,3,0,1,0,,0,0,82.5,,78.9,0,283,33,0,0,0,0,22,0,0,63.6,0,0,33
197817,River Abenroth,DI,0,0,,0,1,,SAN DIEGO,2,D96,0,0,0,23,1,2029,43,45.9,0,0,,1,0,0,31,2,0,70.6,0,0,0,0,SAN DIEGO,2,0,1,0,,0,25,67.1,,75.6,0,283,43,0,10,0,0,20,1,1,57.6,0,0,0
197824,Jeremiah Jimoh,CB,4,0,,0,1,25,UTAHTC,1,D00,43,6,0,0,1,2029,0,28.1,21,1,62.9,0,0,20,0,0,0,43.1,37,0,0,0,UTAHTC,0,0,0,0,21,0,50,57.4,21,74.8,0,1285,43,21,0,0,49,23,0,0,,0,0,0
197841,Talon Fisher,LB,0,0,,0,0,,GARD-WEBB,0,D14,5,5,0,2,1,2029,0,,0,0,60.6,1,0,2,0,0,0,60,0,0,0,0,GARD-WEBB,0,0,1,0,,0,,59.1,,65.3,0,171,5,0,0,0,0,1,0,0,57.1,0,0,0
197853,Jarrett Mitchel,S,0,0,,0,0,,LAMAR,0,D29,7,5,0,0,1,2030,0,74.8,0,0,60.6,0,0,2,0,0,0,62.8,0,0,0,0,LAMAR,0,0,0,0,,1,0,63.6,,69.2,0,204,7,0,0,0,0,5,0,1,,1,0,0
197859,Philip Tabasso,DI,0,0,,0,0,,COLGATE,0,D69,0,0,0,0,1,2029,1,,0,0,,0,0,0,0,1,0,60,0,0,0,0,COLGATE,0,0,0,0,,0,,60.1,,65.5,0,142,1,0,0,0,0,1,0,0,,0,0,0
197866,Omari Lewis,S,4,0,,0,0,25,LIUSHAR,3,D24,66,29,0,0,1,2026,0,79.7,5,1,82.8,0,0,45,0,0,0,71.5,0,0,0,0,LIUSHAR,2,0,0,0,5,5,0,81.9,5,76.4,0,1298,66,10,0,2,39.6,21,1,0,,32,0,0
197905,Jack Munro,LB,0,0,,0,1,,SAN DIEGO,1,D31,25,24,0,0,1,2029,0,31.8,0,0,63.4,0,0,10,0,0,0,64.6,0,0,0,0,SAN DIEGO,1,0,0,0,,0,33.3,66,,73.7,0,283,25,0,0,0,0,15,0,1,,1,0,0
199600,Jaden Williams,ED,0,0,,0,0,,SAN DIEGO,0,D53,0,0,0,6,1,2029,7,73,0,0,60,0,0,0,0,0,0,60,0,0,0,0,SAN DIEGO,0,0,0,0,,0,0,70.6,,72.7,0,283,7,0,0,0,0,1,0,1,68.3,0,0,7
200293,Orlando Daniels,ED,0,0,,0,0,,CHATTNOOGA,0,D10,0,0,2,28,1,2028,44,75,0,0,60,0,0,0,2,0,0,64.7,0,1,0,1,CHATTNOOGA,2,0,3,0,,0,0,64.4,,77.6,0,137,44,0,0,0,0,16,0,1,67.7,0,0,42
200356,Alijah Cota,LB,0,0,,0,0,,SE MO ST,0,D32,4,4,0,0,1,2028,0,,0,0,,0,0,0,0,0,0,63.3,0,0,0,0,SE MO ST,0,0,0,0,,0,,65.5,,67.2,0,293,4,0,0,0,0,4,0,0,,0,0,0
200380,Mark Coaxum II,S,0,0,,0,0,,ALABAMA ST,1,D25,12,8,0,0,1,2029,0,75.3,0,0,64.9,0,0,8,0,0,0,60,0,0,0,0,ALABAMA ST,0,0,0,0,,2,0,64.8,,70.7,0,105,12,0,0,0,0,4,0,0,,2,0,0
200385,Kendarius Frazier,ED,0,0,,0,0,,ALABAMA ST,0,D97,0,0,0,7,1,2029,8,71.5,0,0,,0,0,0,0,0,0,60,0,0,0,0,ALABAMA ST,0,0,0,0,,0,,94.5,,72.5,0,105,8,0,0,0,0,1,0,0,92.4,0,0,8
200386,Amarion Fuller,ED,0,0,,0,0,,ALABAMA ST,0,D87,0,0,0,1,1,2030,1,,0,0,,0,0,0,0,1,0,,0,0,0,0,ALABAMA ST,0,0,0,0,,0,,60,,65.5,0,105,1,0,0,0,0,0,0,0,59.9,0,0,0
200389,Zamari Hall,S,1,0,,0,0,0,ALABAMA ST,1,D11,17,13,0,3,1,2030,3,52.8,0,0,64,0,0,11,0,0,0,69.5,0,0,0,0,ALABAMA ST,0,0,0,0,,2,0,63.6,,75.8,0,105,20,0,0,0,39.6,6,0,1,47.3,2,0,3
200390,Brekien Harold,DI,0,0,,0,0,,ALABAMA ST,1,D96,0,0,0,6,1,2030,9,69.7,0,0,,0,0,0,0,0,0,66.4,0,0,0,0,ALABAMA ST,0,0,0,0,,0,0,65.6,,70.5,0,105,9,0,9,0,0,3,0,0,57.4,0,0,0
200393,Jaylen Jarret,DI,0,0,,0,0,,ALABAMA ST,4,D55,0,0,0,6,1,2029,17,73.5,0,0,,1,0,0,0,1,0,71.5,0,0,0,0,ALABAMA ST,2,0,1,0,,0,0,75,,73.4,0,105,17,0,16,0,0,11,1,0,67,0,0,0
200402,Eldridge Shelton,ED,0,0,,0,1,,ALABAMA ST,0,D88,0,0,0,19,1,2030,24,24.9,0,0,,1,0,0,0,0,0,55.2,0,1,0,0,ALABAMA ST,0,0,2,0,,0,100,58.4,,76.9,0,105,24,0,0,0,0,5,0,0,61.6,0,0,24
200404,Patrick Smith Jr.,ED,0,0,,0,0,,ALABAMA ST,0,D54,0,0,0,14,1,2030,24,73,0,0,,0,0,0,0,0,0,66.8,0,0,0,0,ALABAMA ST,0,0,0,0,,0,0,64.9,,76.5,0,105,24,0,0,0,0,10,0,1,59,0,0,24
200408,Christian Williams,ED,0,0,,0,0,,ALABAMA ST,0,D59,0,0,0,7,1,2030,11,,0,0,,0,0,0,0,0,0,60.5,0,0,0,0,ALABAMA ST,0,0,0,0,,0,,56.7,,73.2,0,105,11,0,0,0,0,4,0,0,55,0,0,11
200414,Deshon Dodson,DI,0,0,,0,0,,ALBANY,2,D90,0,0,0,3,1,2030,11,73.8,0,0,,0,0,0,2,0,0,66.1,0,0,0,0,ALBANY,0,0,0,0,,0,0,66.4,,71.2,0,106,11,0,9,0,0,8,0,1,59.1,0,0,0
200435,Kenneth Andrews,DI,0,0,,0,1,,ALCORN ST,2,D98,1,0,0,35,1,2028,56,36.4,0,0,60,1,0,0,8,5,0,69.6,0,0,0,0,ALCORN ST,2,0,1,0,,0,16.7,61.8,,76.8,0,107,57,0,30,0,0,22,1,3,52.2,0,0,13
200437,Brent Barnes,CB,3,0,,0,0,0,ALCORN ST,1,D07,21,0,0,0,1,2028,0,72.5,0,0,70.3,0,0,21,0,0,0,,0,0,0,0,ALCORN ST,1,0,0,0,,18,0,70.6,,74.9,0,107,21,0,0,0,39.6,0,1,0,,3,0,0
200441,Ricardo Butler,CB,5,0,,0,2,20,ALCORN ST,2,D21,57,0,0,0,1,2028,0,23.9,24,1,56.9,0,0,41,0,0,0,63.2,55,0,0,0,ALCORN ST,0,0,0,0,24,0,50,57.7,24,76.3,0,107,57,13,0,0,47.1,16,0,0,,1,0,0
200457,Patrick Kince Jr.,CB,3,0,,0,0,33.3,ALCORN ST,3,D17,53,0,0,0,1,2028,0,77.9,10,1,51.8,0,0,28,0,0,0,67,52,0,2,0,ALCORN ST,0,0,0,0,10,0,0,54.6,10,77.8,0,107,53,2,0,0,43.8,25,0,0,,0,0,0
200462,Jaylen McRoy,CB,2,0,,0,0,50,ALCORN ST,0,D30,8,1,0,0,1,2028,0,,9,1,54.5,0,0,7,0,0,0,60,0,0,1,0,ALCORN ST,0,0,0,0,9,5,,42.4,9,0,0,107,8,3,0,0,62.5,1,0,0,,2,0,0
200464,Kenyen Mckanstry,ED,0,0,,0,0,,ALCORN ST,0,D47,2,2,0,13,1,2029,16,,0,0,60.8,1,0,2,4,0,0,60.1,0,0,0,0,ALCORN ST,0,0,1,0,,0,,61,,74.7,0,107,18,0,0,0,0,3,0,0,59.1,0,0,12
200466,Deshawn Palmer,DI,0,0,,0,0,,ALCORN ST,0,D88,0,0,0,20,1,2028,27,69.7,0,0,,1,0,0,0,15,0,60.6,0,0,0,0,ALCORN ST,0,0,1,0,,0,0,60.3,,75.3,0,107,27,0,12,0,0,7,0,1,59,0,0,0
200474,Tyreke Snow,S,3,0,,0,1,66.7,ALCORN ST,3,D28,40,11,0,0,1,2028,0,67.3,41,2,48.6,0,0,30,0,0,0,67,0,0,0,0,ALCORN ST,1,0,0,0,27,8,20,52.8,20.5,75.1,0,107,40,12,0,0,149.3,10,0,1,,21,1,0
200493,Anthwone Montgomery II,DI,0,0,,0,1,,AUSTINPEAY,1,D75,0,0,1,26,1,2030,29,72.6,0,0,,1,0,0,2,2,0,67.6,0,0,0,0,AUSTINPEAY,2,0,2,0,,0,50,63.8,,74.6,0,116,29,0,25,0,0,3,0,0,58.5,0,0,0
200499,Al Sandifer,DI,0,0,,0,0,,AUSTINPEAY,1,D45,0,0,0,0,1,2027,2,69.7,0,0,,0,0,0,0,0,0,65.6,0,0,0,0,AUSTINPEAY,1,0,0,0,,0,0,70.3,,66.3,0,116,2,0,2,0,0,2,0,0,,0,0,0
200526,Jalen Johnson,CB,1,0,,0,0,100,BRYANT,1,D15,15,1,0,0,1,2028,0,73.5,38,1,51.2,0,0,7,0,0,0,60.7,13,0,0,0,BRYANT,0,0,0,0,38,0,0,52.5,38,72.6,0,124,15,7,0,0,158.3,8,0,0,,1,1,0
200555,Manaalii Danielson,DI,0,0,,0,0,,CAL POLY,0,D93,0,0,0,23,1,2030,44,,0,0,,1,0,0,11,4,0,63.5,0,0,0,0,CAL POLY,0,0,1,0,,0,,59.7,,75.7,0,129,44,0,29,0,0,21,0,0,54.4,0,0,0
200573,CJ Solis-Lumar,CB,3,0,,0,0,66.7,CAL POLY,2,D21,33,4,0,0,1,2030,0,78.2,13,2,50.7,0,0,12,0,0,0,66,29,0,0,0,CAL POLY,1,0,0,0,8,0,0,54.4,6.5,73.8,0,129,33,9,0,0,75.7,21,0,1,,0,0,0
200583,Tyrek Brown,S,0,0,,0,0,,CAMPBELL,2,D33,20,6,0,2,1,2029,2,77.8,0,0,64.9,0,0,12,0,0,0,67.3,0,0,0,0,CAMPBELL,1,0,0,0,,14,0,66.7,,76,0,131,22,0,0,0,0,8,0,0,56.6,0,0,2
200584,Carlando Crump,S,1,0,,0,1,100,CAMPBELL,3,D14,30,10,0,0,1,2028,0,49.1,11,1,60.4,0,0,14,0,0,0,52.5,0,0,0,0,CAMPBELL,0,0,0,0,11,8,25,57.3,11,75.4,0,131,30,6,0,0,112.5,16,0,0,,12,0,0
200585,Tavales Curry,DI,0,0,,0,0,,CAMPBELL,0,D15,1,1,0,5,1,2028,11,,0,0,,1,0,0,4,0,0,63.1,0,0,0,0,CAMPBELL,0,0,1,0,,0,,61.6,,71.8,0,131,12,0,7,0,0,7,0,0,57.1,0,0,0
200588,Justin Garza,ED,0,0,,0,0,,CAMPBELL,0,D40,0,0,0,13,1,2028,19,,0,0,,1,0,0,1,0,0,62.6,0,0,0,0,CAMPBELL,0,0,1,0,,0,,57.1,,74.9,0,131,19,0,0,0,0,6,0,0,53.5,0,0,18
200592,Mario Kljajic,DI,0,0,,0,0,,CAMPBELL,0,D91,0,0,0,9,1,2027,17,,0,0,,0,0,0,3,0,0,63.8,0,0,1,0,CAMPBELL,0,0,0,0,,0,,50.7,,0,0,131,17,0,13,0,0,8,0,0,55.8,0,0,1
200602,Aiden Whipple,S,0,0,,0,0,,CAMPBELL,0,D32,3,0,0,0,1,2028,0,,0,0,60.7,0,0,2,0,0,0,60,0,0,0,0,CAMPBELL,0,0,0,0,,3,,61.5,,69.7,0,131,3,0,0,0,0,1,0,0,,0,0,0
200607,Gary Lewis,ED,1,0,,0,1,100,CENT ARK,3,D11,3,1,0,25,1,2026,56,31.6,3,1,59.7,0,0,5,27,0,0,68.4,0,0,0,0,CENT ARK,2,0,0,0,3,2,25,64.5,3,78.4,0,132,59,0,2,0,79.2,29,1,0,56.9,0,0,27
200614,Jaylyn Spencer,DI,0,0,,0,0,,CENT ARK,0,D90,0,0,0,6,1,2028,7,,0,0,,1,0,0,0,0,0,60,0,0,0,0,CENT ARK,0,0,1,0,,0,,57.7,,70.1,0,132,7,0,7,0,0,1,0,0,57.4,0,0,0
200615,Trevion Traylor,DI,0,0,,0,1,,CENT ARK,1,D41,1,1,0,30,1,2029,60,27.8,0,0,,1,0,0,1,1,0,67.2,0,2,0,0,CENT ARK,0,0,3,0,,0,50,73.4,,77,0,132,61,0,57,0,0,31,0,0,73.8,0,0,1
200616,Marcus Washington,S,4,0,,0,1,75,CENT ARK,3,D05,35,23,0,0,1,2028,0,53.2,39,3,66.7,0,0,23,0,0,0,65.3,0,0,0,0,CENT ARK,0,0,0,0,23,6,20,67.7,13,74.4,0,132,35,16,0,1,144.8,12,0,1,,6,1,0
200618,Charles Atkins,ED,0,0,,0,0,,CHARLES SO,0,D95,0,0,0,3,1,2028,8,,0,0,,0,0,0,4,0,0,61.8,0,0,0,0,CHARLES SO,0,0,0,0,,0,,61,,71.1,0,135,8,0,0,0,0,5,0,0,57.9,0,0,4
200624,Austin Brown,CB,1,0,,0,0,100,CHARLES SO,1,D36,4,0,0,0,1,2030,0,74.2,14,1,53.3,0,0,3,0,0,0,60,4,0,0,0,CHARLES SO,0,0,0,0,14,0,0,52.4,14,68.1,0,135,4,0,0,0,118.8,1,0,0,,0,0,0
200636,Jayden Hancock,CB,1,0,,0,0,0,CHARLES SO,0,D30,32,0,0,0,1,2030,0,,0,0,59.5,0,0,13,0,0,0,45,32,0,0,0,CHARLES SO,0,0,0,0,,0,,54.6,,74.8,0,135,32,0,0,0,39.6,19,0,0,,0,0,0
200637,Chancy Jordan,ED,0,0,,0,0,,CHARLES SO,0,D93,1,1,0,3,1,2030,3,,0,0,,0,0,0,0,0,0,60,0,0,0,0,CHARLES SO,0,0,0,0,,0,,58,,70.2,0,135,4,0,0,0,0,1,0,0,58,0,0,3
200638,Alvoid Kennon,DI,0,0,,0,0,,CHARLES SO,0,D96,0,0,0,2,1,2030,4,,0,0,,0,0,0,0,3,0,60,0,0,0,0,CHARLES SO,0,0,0,0,,0,,61.6,,71.6,0,135,4,0,1,0,0,2,0,0,59.5,0,0,0
200640,Brandon McDonald,S,1,0,,0,2,0,CHARLES SO,1,D33,14,0,0,3,1,2030,4,28.5,0,0,63.2,1,0,5,0,0,0,50.3,0,0,0,0,CHARLES SO,0,0,1,0,,13,66.7,55.9,,76.9,0,135,18,0,0,0,39.6,10,0,0,55.7,1,0,4
200641,Malik McKinzie,ED,0,0,,1,1,,CHARLES SO,9,D03,9,8,2,17,1,2026,34,82.9,0,0,60.4,1,0,1,0,0,0,84.7,0,0,0,0,CHARLES SO,9,0,3,0,,1,8.3,91.2,,77.5,0,135,43,0,0,0,0,25,2,2,89.5,0,0,34
200658,Cleve Tellery II,DI,0,0,,0,0,,CHARLES SO,0,D54,0,0,0,8,1,2030,17,,0,0,,0,0,0,0,9,0,56.9,0,0,0,0,CHARLES SO,0,0,0,0,,0,,61.1,,74.3,0,135,17,0,8,0,0,9,0,0,65.9,0,0,0
200661,Mekhi Bell,DI,0,0,,0,1,,CHATTNOOGA,1,D93,0,0,0,9,1,2030,18,27.6,0,0,60,0,0,0,0,0,0,58.3,0,0,0,0,CHATTNOOGA,0,0,0,0,,0,50,51,,72.7,0,137,18,0,18,0,0,9,0,0,56.6,0,0,0
200671,Myles Mays,DI,0,0,,0,0,,CHATTNOOGA,2,D94,0,0,0,17,1,2030,30,71.9,0,0,,1,0,0,0,3,0,65.9,0,0,0,0,CHATTNOOGA,2,0,1,0,,0,0,68.2,,75,0,137,30,0,27,0,0,13,0,0,64.9,0,0,0
200673,Xavier Parker,ED,0,0,,0,0,,CHATTNOOGA,1,D97,0,0,0,15,1,2030,23,71.5,0,0,,1,0,0,0,0,0,50.3,0,0,0,0,CHATTNOOGA,1,0,1,0,,0,0,52.7,,75.9,0,137,23,0,0,0,0,8,0,0,58.6,0,0,23
200674,KJ Sejour,CB,8,0,,0,0,50,CHATTNOOGA,5,D24,59,1,0,0,1,2030,0,81.8,40,4,81.2,0,1,38,0,0,0,70.7,58,0,1,0,CHATTNOOGA,2,1,0,0,17,0,0,82.1,10,76.8,0,137,59,14,0,0,25,21,0,1,,0,0,0
200677,Kamari Todd,CB,8,0,,0,0,62.5,CHATTNOOGA,2,D34,73,5,0,0,1,2030,4,80.4,37,5,71.8,0,0,52,0,0,0,64.4,0,0,0,0,CHATTNOOGA,1,0,0,0,18,68,0,71.5,7.4,81.5,0,137,77,24,0,0,73.4,25,0,1,,0,0,4
200680,Andrew Wynn,ED,0,0,,0,0,,CHATTNOOGA,1,D96,0,0,1,19,1,2030,30,75.2,0,0,,1,0,0,0,0,0,66.5,0,0,0,0,CHATTNOOGA,2,0,2,0,,0,0,68.1,,78.4,0,137,30,0,0,0,0,11,0,0,64,0,0,30
200693,Payton Hawkins,DI,0,0,,0,0,,COLGATE,0,D57,0,0,0,4,1,2029,13,,0,0,,0,0,0,0,2,0,58,0,0,0,0,COLGATE,0,0,0,0,,0,,57,,72.5,0,142,13,0,10,0,0,9,0,0,57.4,0,0,1
200703,Hal Niendorff,S,0,0,,0,0,,COLGATE,0,D46,1,1,0,0,1,2030,0,,0,0,,0,0,0,0,0,0,60,0,0,0,0,COLGATE,0,0,0,0,,0,,60,,64,0,142,1,0,0,0,0,1,0,0,,0,0,0
200709,Dawson Rodd,DI,0,0,,0,0,,COLGATE,0,D65,0,0,0,3,1,2030,13,,0,0,,0,0,0,0,6,0,64.1,0,0,0,0,COLGATE,0,0,0,0,,0,,63.7,,73.1,0,142,13,0,7,0,0,10,0,0,58,0,0,0
200731,Brandon Dunn,DI,0,0,,0,0,,CORNELL,0,D54,1,1,0,5,1,2030,8,,0,0,,1,0,0,0,5,0,61.9,0,0,0,0,CORNELL,0,0,1,0,,0,,67.8,,72.3,0,147,9,0,3,0,0,4,0,0,66.7,0,0,0
200736,Braylon James,S,0,0,,0,0,,CORNELL,1,D13,11,10,0,0,1,2030,0,74.8,0,0,64.9,0,0,8,0,0,0,60,0,0,0,0,CORNELL,0,0,0,0,,0,0,64.5,,70.9,0,147,11,0,0,0,0,3,0,0,,1,0,0
200737,Cole Keith,LB,0,0,,0,0,,CORNELL,0,D52,2,1,0,0,1,2030,0,,0,0,60,0,0,1,0,0,0,60,0,0,0,0,CORNELL,0,0,0,0,,1,,61.4,,65.7,0,147,2,0,0,0,0,1,0,0,,0,0,0
200744,Dalten Phelan,ED,0,0,,0,0,,CORNELL,0,D18,0,0,0,10,1,2030,16,72.2,0,0,60,1,0,1,0,0,0,62.2,0,0,0,0,CORNELL,0,0,1,0,,0,0,62.8,,76,0,147,16,0,0,0,0,5,0,1,60.8,0,0,16
200800,CJ Gilmore,CB,0,0,,0,0,,E TENN ST,0,D15,2,0,0,0,1,2028,0,,0,0,60,0,0,1,0,0,0,60,2,0,0,0,E TENN ST,0,0,0,0,,0,,60.6,,65.6,0,157,2,0,0,0,0,1,0,0,,0,0,0
200818,Knowledge Davis,ED,0,0,,0,0,,E ILLINOIS,3,D91,0,0,0,17,1,2028,34,76.3,0,0,,1,0,0,7,0,0,73.8,0,0,0,0,E ILLINOIS,2,0,1,0,,0,0,72.2,,76.6,0,158,34,0,0,0,0,17,0,1,62,0,0,27
200828,Saipeti Maiava Jr,S,1,0,,0,1,100,E ILLINOIS,3,D20,52,11,0,0,1,2028,1,50.4,7,1,63.4,0,0,35,0,0,0,68.3,0,0,0,0,E ILLINOIS,0,0,0,0,7,1,25,65.8,7,76.9,0,158,53,2,0,0,95.8,18,0,0,,40,0,1
200834,Ja'Wuan Nickson,LB,5,0,,0,1,60,E ILLINOIS,5,D05,66,57,0,3,1,2028,1,67.9,20,3,65.4,0,0,38,0,0,0,74.6,0,0,0,0,E ILLINOIS,3,0,0,0,10,8,9.1,70.3,6.7,76.3,0,158,67,15,0,0,68.8,26,0,5,56.1,1,0,1
200836,Kefa Pereira,DI,0,0,,1,0,,E ILLINOIS,2,D99,0,0,0,15,1,2027,25,73.6,0,0,,0,0,0,0,11,1,94.4,0,0,0,0,E ILLINOIS,2,0,0,0,,0,0,91.5,,76.2,0,158,25,0,14,0,0,10,2,1,56.7,0,0,0
200838,Sam Robles,ED,0,0,,0,1,,E ILLINOIS,1,D44,1,1,0,23,1,2028,41,74.7,0,0,,1,0,0,4,0,0,66.6,0,0,0,0,E ILLINOIS,1,0,1,0,,0,33.3,63.3,,78.5,0,158,42,0,4,0,0,19,1,1,57.2,0,0,33
200841,Maximo Vaughn,ED,0,0,,0,0,,E ILLINOIS,1,D48,0,0,0,5,1,2028,9,71.1,0,0,,0,0,0,0,0,0,73,0,0,0,0,E ILLINOIS,1,0,0,0,,0,0,72.9,,72.2,0,158,9,0,0,0,0,4,0,0,56.7,0,0,9
200844,Brandon Worsley,S,0,0,,0,0,,E ILLINOIS,1,D15,16,0,0,0,1,2028,0,76.4,0,0,66.1,0,0,9,0,0,0,60,0,0,0,0,E ILLINOIS,0,0,0,0,,1,0,65.8,,71.5,0,158,16,0,0,0,0,7,0,0,,15,0,0
200857,Cam Jessee,LB,1,0,,0,0,100,E KENTUCKY,3,D39,19,19,1,3,1,2030,2,79.9,2,1,62.4,1,0,9,0,0,0,55.8,0,0,0,0,E KENTUCKY,1,0,2,0,2,0,0,62.5,2,73.5,0,159,21,3,0,0,79.2,9,0,1,67.8,0,0,2
200907,Bryce Smith,S,1,0,,0,1,0,E WASHGTON,2,D47,28,12,0,0,1,2030,2,52.3,0,0,62,0,0,17,0,0,0,74.5,0,0,0,0,E WASHGTON,2,0,0,0,,13,33.3,68.1,,74.1,0,161,30,0,0,0,39.6,13,0,0,,3,0,2
200917,Chaz Knox,DI,0,0,,0,0,,ELON,0,D95,0,0,0,12,1,2030,20,,0,0,,0,0,0,0,2,0,57.9,0,0,0,0,ELON,0,0,0,0,,0,,56.8,,73.3,0,162,20,0,18,0,0,8,0,0,57,0,0,0
200926,Tyler Davis,ED,0,0,,0,0,,FORDHAM,0,D45,0,0,0,9,1,2030,24,,0,0,,0,0,0,4,0,0,56.7,0,0,0,0,FORDHAM,0,0,0,0,,0,,54.2,,75.1,0,168,24,0,1,0,0,15,0,0,54.2,0,0,19
200966,Antonio Armstrong,LB,0,0,,0,0,,HAMPTON,0,D18,6,6,0,0,1,2030,0,74.3,0,0,60.4,0,0,2,0,0,0,48.5,0,0,0,0,HAMPTON,0,0,0,0,,0,0,48.6,,67.4,0,178,6,0,0,0,0,4,0,1,,0,0,0
200970,Malachi Calhoun,ED,0,0,,0,1,,HAMPTON,1,D31,0,0,0,10,1,2027,23,32,0,0,,2,0,0,2,0,1,61.2,0,0,0,0,HAMPTON,0,0,2,0,,0,50,60.4,,75.2,0,178,23,0,2,0,0,13,0,0,58,0,0,19
200972,Taejon Cheatham,CB,1,0,,0,0,100,HAMPTON,0,D20,37,3,0,0,1,2030,0,,20,1,53.4,0,0,10,0,0,0,48.4,34,0,0,0,HAMPTON,0,0,0,0,20,0,,50.2,20,74.6,0,178,37,15,0,0,118.8,27,0,0,,0,0,0
200980,Jackson Ford,DI,0,0,,0,3,,HAMPTON,1,D56,1,1,0,16,1,2030,52,21.7,0,0,,0,0,0,0,16,0,43.8,0,0,0,0,HAMPTON,1,0,0,0,,0,75,45.3,,77.1,0,178,53,0,36,0,0,37,0,0,56.3,0,0,0
200981,Nijay Gay,S,1,0,,0,0,0,HAMPTON,0,D05,19,8,0,0,1,2030,2,,0,0,65.4,0,0,12,0,0,0,60.9,0,0,0,0,HAMPTON,0,0,0,0,,10,,65.7,,73.9,0,178,21,0,0,0,39.6,9,0,0,,1,0,2
200983,BreShun Hall,ED,0,0,,0,0,,HAMPTON,0,D14,0,0,1,6,1,2030,6,71.5,0,0,,0,0,0,0,0,0,,0,0,0,0,HAMPTON,1,0,1,0,,0,,65,,70.6,0,178,6,0,2,0,0,0,0,0,64.1,0,0,4
200986,Andre Jackson Jr.,CB,4,0,,0,3,50,HAMPTON,3,D24,64,12,0,2,1,2030,10,29.1,14,2,69.4,0,0,25,0,0,0,48.7,44,0,0,0,HAMPTON,1,0,0,0,12,7,50,62.5,7,78.8,0,178,74,6,0,1,58.3,47,0,0,59.2,1,0,10
200993,MJ Moultrie II,S,3,0,,0,4,33.3,HAMPTON,6,D03,61,35,0,1,1,2028,1,52.2,3,1,77.6,0,1,24,0,0,0,47,0,0,0,0,HAMPTON,1,0,0,0,3,5,33.3,64.3,3,76.9,0,178,62,5,0,0,2.8,37,0,2,59.7,21,0,1
200994,Andre Phillips Jr.,LB,0,0,,0,0,,HAMPTON,0,D08,1,1,0,1,1,2027,0,,0,0,,0,0,0,0,0,0,,0,0,0,0,HAMPTON,0,0,0,0,,0,,60,,61.7,0,178,1,0,0,0,0,0,0,0,59.2,0,0,0
200996,Chase Robinson,DI,0,0,,0,0,,HAMPTON,1,D57,0,0,0,27,1,2030,71,70.2,0,0,,3,0,0,8,7,0,48.7,0,0,0,0,HAMPTON,0,0,3,0,,0,0,52.4,,77.4,0,178,71,0,56,0,0,44,0,0,61.4,0,0,0
201007,Ethan Carson,LB,0,0,,0,0,,HARVARD,0,D43,4,4,0,0,1,2030,0,,0,0,60,0,0,1,0,0,0,60.9,0,0,0,0,HARVARD,0,0,0,0,,0,,63.2,,64.3,0,179,4,0,0,0,0,3,0,0,,0,0,0
201030,Brandon Ukonu,DI,0,0,,0,0,,HARVARD,1,D96,0,0,0,3,1,2030,9,71.9,0,0,,0,0,0,0,0,0,51.5,0,0,0,0,HARVARD,0,0,0,0,,0,0,54.8,,70.5,0,179,9,0,9,0,0,6,0,1,66.5,0,0,0
201038,Vin Ferrara,DI,0,0,,0,0,,HOLY CROSS,0,D97,0,0,0,17,1,2030,27,,0,0,,0,0,0,1,0,0,64.4,0,0,0,0,HOLY CROSS,0,0,0,0,,0,,61.1,,74.2,0,181,27,0,26,0,0,10,0,0,56,0,0,0
201056,Tobi Akintade,DI,0,0,,0,0,,HOUCHR,0,D79,0,0,0,0,1,2030,4,,0,0,,0,0,0,0,4,0,61,0,0,0,0,HOUCHR,0,0,0,0,,0,,62.5,,69.8,0,183,4,0,0,0,0,4,0,0,,0,0,0
201058,Javon Bejarano,S,0,0,,0,0,,HOUCHR,0,D13,4,0,0,0,1,2028,0,,0,0,,0,0,0,0,0,0,60,0,0,0,0,HOUCHR,0,0,0,0,,0,,60.1,,69,0,183,4,0,0,0,0,4,0,0,,4,0,0
201063,Amari Deason,DI,0,0,,0,0,,HOUCHR,1,D65,0,0,0,7,1,2028,23,72.4,0,0,60,0,0,0,2,17,0,69.6,0,0,0,0,HOUCHR,1,0,0,0,,0,0,69.1,,75.8,0,183,23,0,4,0,0,16,0,1,58.2,0,0,0
201070,Thio Georges,CB,2,0,,0,0,50,HOUCHR,0,D08,21,6,0,0,1,2027,0,,14,1,67.4,0,0,7,0,0,0,55.1,12,0,0,0,HOUCHR,0,0,0,0,14,3,,63.8,14,71.8,0,183,21,19,0,1,112.5,14,0,0,,0,1,0
201074,Tyran Magee,LB,0,0,,0,0,,HOUCHR,1,D43,4,4,0,0,1,2028,0,73.1,0,0,,0,0,0,0,0,0,63.4,0,0,0,0,HOUCHR,1,0,0,0,,0,0,65.5,,65,0,183,4,0,0,0,0,4,0,0,,0,0,0
201081,Jordan Rodgers,S,0,0,,0,0,,HOUCHR,0,D26,1,1,0,0,1,2029,0,,0,0,,0,0,0,0,0,0,60,0,0,0,0,HOUCHR,0,0,0,0,,0,,60,,62.8,0,183,1,0,0,0,0,1,0,0,,0,0,0
201083,Matai Tomas,S,0,0,,0,1,,HOUCHR,1,D09,17,12,0,1,1,2028,1,28.1,0,0,63.4,0,0,6,0,0,0,52.1,0,0,0,0,HOUCHR,0,0,0,0,,2,50,57.5,,74.3,0,183,18,0,0,0,0,11,0,0,60,3,0,1
201090,Ma'ake Apo,DI,0,0,,0,0,,IDAHO,0,D55,0,0,0,0,1,2030,2,,0,0,,0,0,0,0,2,0,60.3,0,0,0,0,IDAHO,0,0,0,0,,0,,61.2,,67.6,0,185,2,0,0,0,0,2,0,0,,0,0,0
201096,Jack Giannini,LB,0,0,,0,0,,IDAHO,0,D52,2,1,0,0,1,2030,0,,0,0,,0,0,0,0,0,0,60,0,0,0,0,IDAHO,0,0,0,0,,1,,58.2,,65.4,0,185,2,0,0,0,0,2,0,0,,0,0,0
201101,Tim Jackson,S,1,0,,0,1,100,IDAHO,4,D18,33,5,0,0,1,2027,0,56.8,11,1,62.5,0,0,17,0,0,0,53.1,0,0,0,0,IDAHO,0,0,0,0,11,7,20,59.4,11,75.3,0,185,33,7,0,0,112.5,16,0,0,,21,0,0
201102,Mason Krahn,ED,0,0,,0,0,,IDAHO,0,D41,0,0,0,0,1,2030,2,,0,0,,0,0,0,2,0,0,60.2,0,0,0,0,IDAHO,0,0,0,0,,0,,61,,65.9,0,185,2,0,0,0,0,2,0,0,,0,0,0
201113,Caleb Ricks,CB,3,0,,0,1,33.3,IDAHO,3,D22,50,4,0,0,1,2030,0,59.2,5,1,68.7,0,0,28,0,0,0,65,46,0,0,0,IDAHO,2,0,0,0,5,0,25,69.1,5,75.6,0,185,50,9,0,0,42.4,22,1,0,,0,0,0
201131,Jackson Irwin,ED,0,0,,0,1,,IDAHO ST,0,D25,9,7,0,6,1,2028,10,30.6,0,0,63.4,0,0,6,0,0,0,50.9,0,0,0,0,IDAHO ST,0,0,0,0,,2,33.3,54.9,,75,0,186,19,0,0,0,0,7,0,2,55.4,0,0,10
201136,Collin Lewis,DI,0,0,,0,1,,IDAHO ST,2,D97,0,0,0,18,1,2028,44,33.6,0,0,60,0,0,0,0,12,0,51.2,0,0,0,0,IDAHO ST,0,0,0,0,,0,20,51.8,,77.2,0,186,44,0,32,0,0,26,0,2,55.3,0,0,0
201149,TreShawn Shorty,CB,5,0,,0,1,80,IDAHO ST,2,D23,39,3,0,0,1,2030,0,46.9,23,4,74.2,0,0,20,0,0,0,52.1,0,0,0,0,IDAHO ST,2,0,0,0,12,35,25,69.5,5.8,78.2,0,186,39,12,0,0,85.8,19,0,1,,1,0,0
201163,La'Shavion Brown,S,6,0,,0,0,66.7,ILL STATE,4,D04,62,38,0,2,1,2028,1,84.5,51,4,52.5,0,0,33,0,0,0,63.9,0,0,0,0,ILL STATE,1,0,0,0,27,3,0,55.5,12.8,77.9,0,188,63,21,0,0,93.1,28,0,2,58,21,0,1
201202,Keith Bass Jr.,LB,0,0,,0,0,,JACKSON ST,0,D28,1,1,0,0,1,2030,0,,0,0,60,0,0,1,0,0,0,,0,0,0,0,JACKSON ST,0,0,0,0,,0,,60.1,,64.2,0,194,1,0,0,0,0,0,0,0,,0,0,0
201263,Albert Simon III,ED,0,0,,0,0,,LAMAR,0,D45,0,0,0,1,1,2030,7,,0,0,60,0,0,1,0,0,0,60.1,0,0,0,0,LAMAR,0,0,0,0,,0,,59.8,,72.7,0,204,7,0,0,0,0,5,0,0,58.8,0,0,7
201266,Mason Wuenschel,LB,0,0,,0,0,,LAMAR,1,D54,3,3,0,0,1,2030,0,73.6,0,0,,0,0,0,0,0,0,66.5,0,0,0,0,LAMAR,0,0,0,0,,0,0,68.9,,67.5,0,204,3,0,0,0,0,3,0,0,,0,0,0
201268,Eddie Becu,DI,0,0,,0,0,,LNDNWD,0,D99,0,0,0,4,1,2029,19,70.2,0,0,,0,0,0,2,4,0,61.3,0,0,0,0,LNDNWD,0,0,0,0,,0,0,61.1,,74.3,0,949,19,0,13,0,0,15,0,1,58.4,0,0,0
201272,Alex Dawkins,S,1,0,,0,2,100,LNDNWD,5,D13,62,36,0,0,1,2027,0,45.7,0,1,65.6,0,0,25,0,0,0,52.4,1,0,0,0,LNDNWD,1,0,0,0,0,1,25,60.7,0,76.5,0,949,62,8,0,0,79.2,37,0,1,,24,0,0
201280,Carter Johnson,S,0,0,,0,0,,LNDNWD,0,D49,8,5,0,0,1,2030,0,,0,0,,0,0,0,0,0,0,60,0,0,0,0,LNDNWD,0,0,0,0,,0,,50.8,,70.5,0,949,8,0,0,0,0,8,0,0,,3,0,0
201281,Caelum Jones,LB,0,0,,0,0,,LNDNWD,3,D11,11,10,0,1,1,2028,3,77.9,0,0,60.4,0,0,2,0,0,0,70.9,0,0,0,0,LNDNWD,2,0,0,0,,1,0,70.9,,71.7,0,949,14,0,0,0,0,11,0,0,59.2,0,0,3
201283,Aiden Knapke,S,0,0,,0,0,,LNDNWD,1,D29,8,8,0,0,1,2029,0,73.1,0,0,,0,0,0,0,0,0,63.4,0,0,0,0,LNDNWD,1,0,0,0,,0,0,64.3,,66.8,0,949,8,0,0,0,0,8,0,0,,0,0,0
201285,Ke'Andre McClendon,ED,0,0,,0,0,,LNDNWD,1,D44,0,0,0,5,1,2030,29,71.1,0,0,,0,0,0,10,0,0,57.2,0,0,0,0,LNDNWD,0,0,0,0,,0,0,57.2,,75,0,949,29,0,0,0,0,24,0,0,57.8,0,0,19
201289,Zech Pratt,CB,0,0,,0,0,,LNDNWD,0,D09,8,2,0,0,1,2027,0,,0,0,,0,0,0,0,0,0,60.4,6,0,0,0,LNDNWD,0,0,0,0,,0,,61.4,,68.8,0,949,8,0,0,0,0,8,0,0,,0,0,0
201293,Reece Satterwhite,DI,0,0,,0,0,,LNDNWD,0,D92,0,0,0,5,1,2030,12,,0,0,,0,0,0,2,0,0,62.8,0,0,0,0,LNDNWD,0,0,0,0,,0,,62.3,,71.5,0,949,12,0,10,0,0,7,0,0,58.4,0,0,0
201305,Shane Keyes-Wilson,LB,1,0,,0,0,100,MAINE,1,D34,12,2,0,1,1,2030,0,74.8,11,1,65.1,0,0,4,0,0,0,63.4,0,0,0,0,MAINE,0,0,0,0,11,10,0,66.1,11,73.3,0,212,12,10,0,0,112.5,7,0,0,59.2,0,0,0
201311,Elias Sherman,DI,0,0,,0,0,,MAINE,2,D92,0,0,0,26,1,2028,38,72.2,0,0,61.7,4,0,0,0,8,0,72.5,0,0,0,0,MAINE,2,0,4,0,,0,0,79.9,,76,0,212,38,0,30,0,0,12,0,0,71.3,0,0,0
201320,Cohen Charles,S,1,0,,0,1,0,MCNEESE,8,D16,33,26,0,2,1,2030,0,69.8,0,0,52.5,1,0,10,0,0,0,82.8,0,0,0,0,MCNEESE,5,0,1,0,,1,10,69.5,,74.4,0,217,33,0,0,0,39.6,21,0,1,58.4,6,0,0
201328,Jermaine Hargraves,S,1,0,,0,3,100,MCNEESE,6,D00,35,28,0,2,1,2028,1,50.5,7,1,44.7,0,0,8,0,0,0,67.2,0,0,0,0,MCNEESE,1,0,0,0,7,4,33.3,56.6,7,74.3,0,217,36,0,0,0,95.8,26,0,0,58.9,3,0,1
201334,Brandon Jones,S,0,0,,0,3,,MCNEESE,3,D12,15,14,0,0,1,2030,0,26,0,0,60.5,0,0,2,0,0,0,41.1,0,0,0,0,MCNEESE,1,0,0,0,,0,50,45.8,,70.3,0,217,15,0,0,0,0,13,1,0,,1,0,0
201344,Safir Stills-Bey,CB,0,0,,0,0,,MCNEESE,0,D03,3,0,0,0,1,2030,0,,0,0,60.9,0,0,2,0,0,0,60,3,0,0,0,MCNEESE,0,0,0,0,,0,,61.7,,67.2,0,217,3,0,0,0,0,1,0,0,,0,0,0
201347,Morris Taylor,CB,0,0,,0,1,,MCNEESE,0,D15,13,0,0,0,1,2031,0,27.7,0,0,52,0,0,4,0,0,0,65.5,0,0,0,0,MCNEESE,0,0,0,0,,13,50,56,,73.5,0,217,13,0,0,0,0,9,0,1,,0,0,0
201353,Mac Bradley,LB,0,0,,0,0,,MERCER,1,D34,10,10,0,0,1,2030,0,73.1,0,0,62.9,0,0,5,0,0,0,65.1,0,0,0,0,MERCER,1,0,0,0,,0,0,67.3,,70.7,0,219,10,0,0,0,0,5,0,0,,0,0,0
201355,Myles Dixon,DI,0,0,,0,0,,MERCER,2,D96,0,0,0,9,1,2030,18,71.9,0,0,,0,0,0,0,0,0,60.4,0,0,0,0,MERCER,2,0,0,0,,0,0,58.5,,72.7,0,219,18,0,18,0,0,9,0,0,56.3,0,0,0
201359,Dan Hicks,ED,0,0,,0,0,,MERCER,1,D01,0,0,1,26,1,2026,37,74.4,0,0,,0,0,0,1,0,0,66.5,0,0,1,2,MERCER,1,0,1,0,,0,0,63,,0,0,219,37,0,0,0,0,11,0,0,65.5,0,0,36
201374,KJ Thomas,CB,8,0,,0,0,37.5,MERCER,2,D08,48,2,0,0,1,2030,0,77,32,3,60.9,0,0,31,0,0,0,53.5,46,0,0,0,MERCER,1,0,0,0,23,0,0,59.7,10.7,76,0,219,48,19,0,0,50,17,0,0,,0,0,0
201408,Josiah Graham,ED,0,0,,1,0,,MONMOUTH,1,D99,0,0,1,28,1,2027,45,75.7,0,0,,0,0,0,2,0,0,53.2,0,0,0,0,MONMOUTH,1,0,1,0,,0,0,70.8,,78.5,0,231,45,0,1,0,0,17,0,0,77.7,0,0,42
201409,Mounir Keshen,ED,0,0,,0,0,,MONMOUTH,0,D54,0,0,0,0,1,2030,3,,0,0,,0,0,0,0,0,0,64.3,0,0,0,0,MONMOUTH,0,0,0,0,,0,,68.9,,69.9,0,231,3,0,0,0,0,3,0,0,,0,0,3
201410,JJ Lewis,DI,0,0,,0,0,,MONMOUTH,1,D95,0,0,0,14,1,2028,29,72.1,0,0,,0,0,0,0,3,0,68,0,0,0,0,MONMOUTH,1,0,0,0,,0,0,65.4,,74.5,0,231,29,0,26,0,0,15,0,1,56.4,0,0,0
201412,Christian Palmer Jr.,CB,4,0,,0,0,50,MONMOUTH,2,D35,64,0,0,0,1,2030,0,38.3,42,2,68.3,0,0,38,0,0,0,49.2,62,0,0,0,MONMOUTH,0,0,0,0,31,2,0,65.6,21,77.4,0,231,64,30,0,0,87.5,26,0,0,,0,0,0
201423,Xavier Ahrens,LB,1,0,,0,0,100,MONTANA ST,2,D43,9,8,0,0,1,2030,0,75.8,3,1,72.1,0,0,7,0,0,0,69.6,0,0,0,0,MONTANA ST,2,0,0,0,3,1,0,81.4,3,70.3,0,233,9,0,0,0,79.2,2,0,0,,0,0,0
201452,Tango McCauley Jr.,LB,3,0,,0,3,100,N ALABAMA,2,D01,53,48,0,6,1,2028,7,38.9,35,3,52.9,3,0,26,0,0,0,43,0,0,0,0,N ALABAMA,1,0,3,0,17,4,30,45.7,11.7,75.8,0,389,60,11,0,0,154.9,28,1,5,56.2,1,1,7
201463,Sidiq Cabaniss-Ali,DI,0,0,,0,1,,NC A&T,4,D94,0,0,0,44,1,2030,67,50.1,0,0,,2,0,0,1,0,0,73.7,0,0,0,0,NC A&T,3,0,2,0,,0,20,63.5,,77.1,0,246,67,0,66,0,0,23,0,0,50.8,0,0,0
201468,Travon Dye,ED,0,0,,0,1,,NC A&T,0,D56,0,0,0,43,1,2029,53,25,0,0,60,0,0,0,0,0,0,53.5,0,1,0,0,NC A&T,0,0,1,0,,0,50,52.9,,79.3,0,246,53,0,0,0,0,10,0,1,53.4,0,0,53
201473,Tyler Howard,CB,8,0,,0,0,75,NC A&T,5,D30,58,0,0,0,1,2029,0,81.6,62,6,57.6,0,1,38,0,0,0,66.5,56,0,1,0,NC A&T,1,0,0,0,39,1,0,59.1,10.3,76.8,0,246,58,20,0,0,57.3,20,1,0,,1,0,0
201487,Cam Ahlers,ED,0,0,,0,0,,N DAKOTA,0,D46,0,0,0,1,1,2029,9,,0,0,,0,0,0,0,0,0,56.3,0,0,0,0,N DAKOTA,0,0,0,0,,0,,55.3,,73.7,0,249,9,0,0,0,0,8,0,0,59.2,0,0,9
201489,Kyjuan Vengrowsky,ED,1,0,,0,0,100,N DAKOTA,1,D23,2,2,0,18,1,2026,29,75.2,4,1,62,2,0,5,1,0,0,70,0,1,0,0,N DAKOTA,1,0,3,0,4,0,0,69.3,4,79,0,249,31,10,0,0,83.3,8,0,1,63.3,0,0,28
201526,Alijah Wayne,DI,0,0,,0,0,,N DAK ST,0,D54,0,0,0,6,1,2030,12,,0,0,,0,0,0,0,0,0,70.3,0,0,0,0,N DAK ST,0,0,0,0,,0,,68.1,,71.6,0,250,12,0,12,0,0,6,0,0,56.4,0,0,0
201543,Darius Holmes,DI,0,0,,0,0,,N ARIZONA,0,D99,0,0,0,12,1,2028,18,,0,0,,0,0,0,4,0,0,62.7,0,0,0,0,N ARIZONA,0,0,0,0,,0,,60.3,,73.2,0,252,18,0,9,0,0,6,0,0,56.7,0,0,5
201545,Jordan Lee,LB,0,0,,0,0,,N ARIZONA,0,D42,1,1,0,0,1,2029,0,,0,0,60,0,0,1,0,0,0,,0,0,0,0,N ARIZONA,0,0,0,0,,0,,61.5,,62.1,0,252,1,0,0,0,0,0,0,0,,0,0,0
201551,Braylon Singleton,S,0,0,,0,0,,N ARIZONA,0,D15,2,1,0,0,1,2030,0,,0,0,61,0,0,2,0,0,0,,0,0,0,0,N ARIZONA,0,0,0,0,,1,,61.2,,65.9,0,252,2,0,0,0,0,0,0,0,,0,0,0
201561,Brennen Acosta,ED,0,0,,0,0,,N COLORADO,0,D92,1,1,0,11,1,2028,22,72.2,0,0,60.5,0,0,2,2,0,0,59.2,0,0,0,0,N COLORADO,0,0,0,0,,0,0,57.7,,76.7,0,253,23,0,0,0,0,10,0,1,55.4,0,0,20
201564,Derrick Jones,CB,3,0,,0,1,33.3,N COLORADO,0,D27,61,7,0,1,1,2028,0,21.7,18,1,62.8,0,0,29,0,0,0,38.8,48,0,0,0,N COLORADO,0,0,0,0,18,6,100,56.2,18,76.6,0,253,61,22,0,0,54.9,31,0,0,58.3,0,0,0
201565,Levi Little,DI,0,0,,0,0,,N COLORADO,0,D99,0,0,1,19,1,2028,47,73.2,0,0,,2,0,0,2,6,0,70.4,0,0,0,0,N COLORADO,1,0,3,0,,0,0,71.5,,76.2,0,253,47,0,39,0,0,28,0,2,65.2,0,0,0
201568,Andres Rodriguez,DI,0,0,,0,0,,N COLORADO,0,D52,0,0,0,17,1,2028,25,,0,0,,0,0,0,3,2,0,58.6,0,0,0,0,N COLORADO,0,0,0,0,,0,,59.5,,74.5,0,253,25,0,20,0,0,8,0,0,60,0,0,0
201574,Ben Bienvenu,ED,0,0,,0,1,,NWSTATE,2,D45,5,5,0,5,1,2029,21,48.7,0,0,60.8,2,0,3,0,0,0,58.3,0,0,1,0,NWSTATE,1,0,2,0,,0,33.3,47.8,,0,0,257,26,0,0,0,0,18,0,0,47.9,0,0,21
201588,Rahmaan Rinkin,CB,3,0,,0,1,100,NWSTATE,8,D05,73,5,0,0,1,2028,0,71,29,3,63.7,0,0,33,0,0,1,61.5,65,0,0,0,NWSTATE,1,0,0,0,15,0,9.1,63.7,9.7,77.5,0,257,73,9,0,0,106.9,40,0,2,,3,0,0
201593,Fernando Washington,LB,7,0,,0,4,71.4,NWSTATE,8,D10,76,73,0,4,1,2027,1,27.1,42,5,59.1,0,0,33,0,0,0,33.1,0,0,0,0,NWSTATE,6,0,0,0,13,3,33.3,42.1,8.4,75,0,257,77,50,0,0,86.6,40,0,0,55.1,0,0,1
201602,Ethan Cohall,S,0,0,,0,0,,PENN,1,D17,1,1,0,0,1,2030,2,74.8,0,0,,0,0,0,0,0,0,61.7,0,0,0,0,PENN,0,0,0,0,,0,0,63.7,,70.4,0,267,3,0,0,0,0,3,0,0,,0,0,2
201603,Brock Cornell,S,0,0,,0,0,,PENN,0,D22,3,2,0,0,1,2030,0,,0,0,,0,0,0,0,0,0,60,0,0,0,0,PENN,0,0,0,0,,0,,60,,66.6,0,267,3,0,0,0,0,3,0,0,,1,0,0
201606,Ezra Fearon,CB,3,0,,0,1,66.7,PENN,3,D39,53,2,0,0,1,2030,0,47.3,41,2,52.5,0,0,25,0,0,1,59.1,51,0,0,0,PENN,1,0,0,0,22,0,25,53.3,20.5,76.4,0,267,53,11,0,0,109.7,28,1,0,,0,0,0
201711,Charles Castille III,CB,2,0,,0,0,100,SAN DIEGO,3,D36,15,2,0,0,1,2030,0,78.5,6,2,72.7,0,0,11,0,0,0,60.7,12,0,0,0,SAN DIEGO,2,0,0,0,4,1,0,73.3,3,71.8,0,283,15,5,0,0,79.2,4,0,0,,0,0,0
201769,Ian Williams,LB,0,0,,0,0,,SE MO ST,1,D46,20,20,0,0,1,2030,0,75.8,0,0,64.3,0,0,11,0,0,0,68.4,0,0,0,0,SE MO ST,1,0,0,0,,0,0,69.2,,72.9,0,293,20,0,0,0,0,9,0,1,,0,0,0
201773,Cade Davis,DI,0,0,,0,0,,STETSON,0,D97,0,0,0,5,1,2030,10,70.2,0,0,,0,0,0,0,7,0,60.3,0,0,0,0,STETSON,0,0,0,0,,0,0,59.2,,72.9,0,302,10,0,3,0,0,5,0,1,57.7,0,0,0
201777,Zachary Goodwin,DI,0,0,,0,0,,STETSON,0,D90,0,0,0,27,1,2026,48,,0,0,,2,0,0,0,37,0,65.3,0,0,0,0,STETSON,0,0,2,0,,0,,67.3,,78.4,0,302,48,0,11,0,0,21,0,0,64.7,0,0,0
201783,Trevon Baxter,CB,1,0,,0,0,0,STHLSK,0,D29,30,0,0,0,1,2030,0,,0,0,71.4,0,0,23,0,0,0,60.9,30,0,0,0,STHLSK,0,0,0,0,,0,,71.7,,74.6,0,1470,30,0,0,0,39.6,7,0,0,,0,0,0
201806,Julian Rampino,ED,0,0,,0,0,,STHLSK,0,D50,0,0,0,2,1,2029,2,,0,0,,0,0,0,0,0,0,,0,0,0,0,STHLSK,0,0,0,0,,0,,59.7,,67.8,0,1470,2,0,0,0,0,0,0,0,59.6,0,0,2
201823,Mark Beasley,ED,0,0,,0,0,,STNY BROOK,1,D91,0,0,0,3,1,2029,5,71.3,0,0,,0,0,0,4,0,0,61.4,0,0,0,0,STNY BROOK,0,0,0,0,,0,0,60.4,,68.6,0,303,5,0,0,0,0,2,0,0,57.3,0,0,1
201824,Khalid Bueno,ED,0,0,,0,0,,STNY BROOK,0,D90,0,0,0,8,1,2030,8,,0,0,,0,0,0,0,0,0,,0,0,0,0,STNY BROOK,0,0,0,0,,0,,60.6,,73.7,0,303,8,0,0,0,0,0,0,0,60.2,0,0,8
201834,Josh Leath,ED,0,0,,0,0,,STNY BROOK,0,D51,0,0,0,9,1,2030,11,,0,0,,0,0,0,2,0,0,61.4,0,0,0,0,STNY BROOK,0,0,0,0,,0,,58,,72.9,0,303,11,0,1,0,0,2,0,0,55.5,0,0,8
201845,Maurice Seals,DI,0,0,,0,0,,STNY BROOK,1,D54,0,0,0,7,1,2030,9,66.5,0,0,,0,0,0,0,9,0,61.3,0,0,0,0,STNY BROOK,1,0,0,0,,0,0,61.3,,74.1,0,303,9,0,0,0,0,2,0,0,58.5,0,0,0
201850,Alijah Bivans,LB,0,0,,0,0,,TENN STATE,1,D35,5,5,0,0,1,2026,0,74.3,0,0,60,0,0,1,0,0,0,65.2,0,0,0,0,TENN STATE,1,0,0,0,,0,0,67.4,,68.1,0,308,5,0,0,0,0,4,0,0,,0,0,0
201852,Brandon Collins,ED,0,0,,0,0,,TENN STATE,1,D49,0,0,0,8,1,2030,16,71.5,0,0,,0,0,0,0,0,0,69.7,0,0,0,0,TENN STATE,1,0,0,0,,0,0,66.3,,74.5,0,308,16,0,0,0,0,8,0,0,56,0,0,16
201867,Jaylon Price,ED,0,0,,0,0,,TENN STATE,1,D18,0,0,0,26,1,2028,32,72.2,0,0,,2,0,0,1,0,0,62.1,0,0,0,1,TENN STATE,1,0,2,0,,0,0,66.9,,78,0,308,32,0,0,0,0,6,0,0,65.4,0,0,31
201893,Asaiah Hamond,ED,0,0,,0,0,,TOWSON,1,D58,0,0,0,5,1,2030,11,71.3,0,0,,0,0,0,9,0,0,62.8,0,0,0,0,TOWSON,1,0,0,0,,0,0,76.9,,71.1,0,317,11,0,1,0,0,6,0,0,79.7,0,0,1
201898,Ben Kumpon,LB,3,0,,0,3,66.7,TOWSON,5,D30,43,38,0,3,1,2030,2,32,24,2,52.3,0,0,17,0,0,0,65.4,0,0,0,0,TOWSON,3,0,0,0,12,5,30,58,12,72.4,0,317,45,14,0,0,91,25,0,2,56.8,0,0,2
201914,Trey Carr,CB,4,0,,0,0,50,UC DAVIS,0,D06,40,1,0,0,1,2028,0,,63,2,61.8,0,0,31,0,0,0,61,39,0,0,0,UC DAVIS,0,0,0,0,51,0,,62.2,31.5,75.5,0,322,40,29,0,0,135.4,9,0,0,,0,1,0
201916,Drew Cofield,CB,7,0,,0,2,42.9,UC DAVIS,5,D11,69,2,0,0,1,2030,1,44.3,19,3,76.6,0,0,52,0,0,0,56.9,66,0,0,0,UC DAVIS,2,0,0,0,16,1,25,75.4,6.3,77.7,0,322,70,5,0,1,50.3,18,1,1,,0,0,1
201922,Jaden Few,ED,0,0,,0,0,,UC DAVIS,0,D96,0,0,0,13,1,2030,22,,0,0,,0,0,0,3,0,0,62.3,0,0,0,0,UC DAVIS,0,0,0,0,,0,,61.9,,75.5,0,322,22,0,0,0,0,9,0,0,59.5,0,0,19
201927,Devin Huegel,DI,0,0,,0,0,,UC DAVIS,0,D95,0,0,0,20,1,2030,26,,0,0,,0,0,0,1,3,0,61.5,0,0,0,0,UC DAVIS,0,0,0,0,,0,,61.1,,74.5,0,322,26,0,17,0,0,6,0,0,59.3,0,0,5
201950,Braden Cervello,S,0,0,,0,0,,UTAHTC,0,D24,3,1,0,0,1,2029,0,,0,0,60.9,0,0,3,0,0,0,,0,0,0,0,UTAHTC,0,0,0,0,,0,,60.7,,65.9,0,1285,3,0,0,0,0,0,0,0,,2,0,0
201952,Nash Cooper,ED,1,0,,0,1,0,UTAHTC,0,D97,4,0,0,3,1,2029,8,39.7,0,0,61.1,1,0,2,0,0,0,47.5,0,0,0,0,UTAHTC,0,0,1,0,,4,50,54.5,,76.1,0,1285,12,0,0,0,39.6,7,0,1,65.9,0,0,8
201953,Adrian Dahlene,LB,1,0,,0,0,100,UTAHTC,4,D26,9,9,0,0,1,2030,0,79,19,1,44,0,0,2,0,0,0,68,0,0,0,0,UTAHTC,1,0,0,0,19,0,0,52.8,19,66.7,0,1285,9,22,0,0,118.8,7,0,0,,0,0,0
201966,Daylen Love,LB,0,0,,0,0,,UTAHTC,0,D29,2,2,0,0,1,2030,0,73.1,0,0,61.1,0,0,1,0,0,0,60,0,0,0,0,UTAHTC,0,0,0,0,,0,0,66.1,,64.7,0,1285,2,0,0,0,0,1,0,1,,0,0,0
201967,Roy Ma'afala Jr.,LB,0,0,,0,0,,UTAHTC,0,D39,1,1,0,0,1,2030,0,,0,0,,0,0,0,0,0,0,60,0,0,0,0,UTAHTC,0,0,0,0,,0,,60,,62.1,0,1285,1,0,0,0,0,1,0,0,,0,0,0
201971,Moe Passi,LB,1,0,,0,1,100,UTAHTC,6,D28,39,38,0,4,1,2029,4,61,8,1,64.3,0,0,14,0,0,0,64,0,0,0,0,UTAHTC,4,0,0,0,8,1,12.5,64.8,8,74.1,0,1285,43,9,0,0,100,25,1,1,57.1,0,0,4
201972,DeJuan Robinson,CB,1,0,,0,0,0,UTAHTC,0,D31,16,3,0,0,1,2029,0,,0,0,63,0,0,4,0,0,0,62.3,13,0,0,0,UTAHTC,0,0,0,0,,0,,64.4,,71.3,0,1285,16,0,0,0,39.6,12,0,0,,0,0,0
201976,Jackson Stein,DI,0,0,,0,0,,UTAHTC,1,D99,0,0,0,1,1,2028,4,70.8,0,0,,0,0,0,2,0,0,62,0,0,0,0,UTAHTC,0,0,0,0,,0,0,63.3,,68.2,0,1285,4,0,2,0,0,3,0,0,60,0,0,0
201977,Nui Tovey,ED,0,0,,0,0,,UTAHTC,0,D19,3,1,0,5,1,2030,9,78,0,0,,0,0,0,0,0,0,66.4,0,0,0,0,UTAHTC,0,0,0,0,,2,0,62.8,,75.8,0,1285,12,0,0,0,0,7,0,2,55.4,0,0,9
202022,Tyrese Buffkin,CB,0,0,,0,0,,W ILLINOIS,0,D26,1,0,0,0,1,2027,0,,0,0,,0,0,0,0,0,0,60,0,0,0,0,W ILLINOIS,0,0,0,0,,0,,60,,73.9,0,345,1,0,0,0,0,1,0,0,,0,0,0
202023,Carter Campbell,TE,0,0,,0,0,,W ILLINOIS,0,85,1,0,0,0,1,2028,0,,0,0,,0,0,0,0,0,0,60,0,0,0,0,W ILLINOIS,0,0,0,0,,0,,60,,60,0,345,1,0,0,0,0,1,0,0,,0,0,0
202030,Jalen Nicolas,ED,0,0,,0,1,,W ILLINOIS,3,D25,0,0,0,23,1,2029,47,34.9,0,0,63.6,1,0,1,23,0,0,52.4,0,1,0,1,W ILLINOIS,3,0,2,0,,0,20,66,,76.1,0,345,47,0,12,0,0,23,1,1,73.7,0,0,12
202036,Trevon Cannon,CB,3,0,,0,1,66.7,WM & MARY,0,D13,53,3,0,0,1,2030,0,21.7,21,2,64.2,0,0,23,0,0,0,64.5,46,0,0,0,WM & MARY,0,0,0,0,17,4,100,65.1,10.5,76.6,0,348,53,-1,0,1,126.4,30,0,0,,0,1,0
202045,Branson Leduc-Mattox,CB,0,0,,0,0,,WM & MARY,0,D22,1,0,0,0,1,2030,0,,0,0,60,0,0,1,0,0,0,,1,0,0,0,WM & MARY,0,0,0,0,,0,,60.8,,63.8,0,348,1,0,0,0,0,0,0,0,,0,0,0
202065,Tyce Donnelly,ED,0,0,,0,0,,WOFFORD,1,D39,5,4,0,11,1,2029,13,72.2,0,0,60.7,1,0,2,0,0,0,66.1,0,1,0,0,WOFFORD,0,0,2,0,,1,0,72.3,,75.9,0,350,18,0,0,0,0,5,0,0,68.3,0,0,13
202072,R.J. Harrison,CB,0,0,,0,0,,WOFFORD,0,D17,2,2,0,0,1,2030,0,,0,0,,0,0,0,0,0,0,60,0,0,0,0,WOFFORD,0,0,0,0,,0,,60,,63.3,0,350,2,0,0,0,0,2,0,0,,0,0,0
202083,Logan McCloud,LB,0,0,,0,0,,WOFFORD,0,D41,8,3,0,0,1,2030,1,73.1,0,0,63.7,0,0,5,0,0,0,65.1,0,0,0,0,WOFFORD,0,0,0,0,,5,0,67.3,,73,0,350,9,0,0,0,0,4,0,1,,0,0,1
202098,Cole Walker,CB,7,0,,0,1,71.4,WOFFORD,4,D23,68,6,0,0,1,2030,0,52.9,20,5,71.7,0,0,40,0,0,0,63.9,62,0,0,0,WOFFORD,3,0,0,0,11,0,20,71.8,4,76.8,0,350,68,28,0,0,74.1,28,2,0,,0,0,0
202101,Wyatt Ward,LB,3,0,,0,1,100,WOFFORD,2,D44,50,44,1,3,1,2030,0,58.2,26,3,59.3,0,0,30,0,0,0,69.5,0,0,0,0,WOFFORD,2,0,1,0,15,6,16.7,65.6,8.7,73.6,0,350,50,45,0,0,102.8,17,0,3,67.5,0,0,0
202110,Cam Cunningham,DI,0,0,,0,0,,YNGTOWN ST,1,D08,0,0,0,18,1,2027,30,69.9,0,0,,0,0,0,0,12,0,74,0,0,0,0,YNGTOWN ST,1,0,0,0,,0,0,69.6,,76.6,0,353,30,0,17,0,0,12,0,1,57,0,0,1
202113,Maximillian Johnson,CB,0,0,,0,0,,YNGTOWN ST,0,D37,5,0,0,0,1,2030,0,,0,0,61.2,0,0,2,0,0,0,60,5,0,0,0,YNGTOWN ST,0,0,0,0,,0,,62.3,,68.9,0,353,5,0,0,0,0,3,0,0,,0,0,0
202130,Weston Sturzinger,S,0,0,,0,0,,YNGTOWN ST,2,D31,25,14,0,0,1,2030,0,78.3,0,0,68.6,0,0,16,0,0,0,61.9,1,0,0,0,YNGTOWN ST,0,0,0,0,,9,0,68.5,,74.5,0,353,25,0,0,0,0,9,0,1,,1,0,0
202140,Jussiah Williams-West,S,1,0,,0,0,0,YNGTOWN ST,2,D00,35,16,0,0,1,2030,0,79.6,0,0,65.2,0,0,20,0,0,0,82.2,0,0,0,0,YNGTOWN ST,1,0,0,0,,4,0,73.5,,75.7,0,353,35,0,0,0,39.6,15,0,1,,15,0,0
202143,Jake Kucera,S,1,0,,1,2,0,MAINE,2,D15,29,2,0,0,1,2029,0,30.1,0,0,60.9,0,0,18,0,0,0,66.2,0,0,0,0,MAINE,2,0,0,0,,9,40,63.4,,75.4,0,212,29,0,0,0,39.6,11,0,1,,18,0,0
202157,Garrett Nichols,S,5,0,,0,0,80,BROWN,5,D30,68,17,0,0,1,2030,0,84.4,63,4,41.3,0,0,48,0,0,0,67.9,0,0,0,0,BROWN,0,0,0,0,26,6,0,46.3,15.8,78.1,0,123,68,12,0,0,118.8,20,0,3,,44,0,0
202168,Jack Middleton,ED,0,0,,0,1,,BROWN,3,D91,0,0,0,41,1,2029,61,54.9,0,0,61.8,3,0,0,8,0,0,64.9,0,0,0,0,BROWN,2,0,3,0,,0,20,69,,78.3,0,123,61,0,6,0,0,20,0,1,63.2,0,0,47
202189,Colton Davis,CB,0,0,,0,0,,BUCKNELL,0,D31,6,0,0,0,1,2027,0,,0,0,62.2,0,0,3,0,0,0,60,6,0,0,0,BUCKNELL,0,0,0,0,,0,,63.1,,69.3,0,125,6,0,0,0,0,3,0,0,,0,0,0
202191,Zachary Corna,S,2,0,,0,1,50,BUCKNELL,5,D37,66,11,0,1,1,2030,2,66.6,5,1,65.9,0,0,30,0,0,0,48.2,0,0,0,0,BUCKNELL,2,0,0,0,5,6,12.5,59.3,5,78,0,125,68,2,0,1,56.3,37,0,2,60,49,0,2
202198,Kato Meissner,ED,0,0,,0,0,,BUCKNELL,0,D91,0,0,0,8,1,2028,17,,0,0,,1,0,0,12,0,0,51.3,0,0,0,0,BUCKNELL,0,0,1,0,,0,,49.5,,72.1,0,125,17,0,0,0,0,9,0,0,55.3,0,0,5
202201,Thomas Gerke,DI,0,0,,0,0,,BUCKNELL,0,D99,0,0,0,7,1,2027,21,,0,0,,0,0,0,1,4,0,66.4,0,0,0,0,BUCKNELL,0,0,0,0,,0,,65.4,,74.3,0,125,21,0,16,0,0,14,0,0,57.5,0,0,0
202216,Jahmir Davis,CB,0,0,,0,0,,DAVIDSON,0,D18,8,0,0,0,1,2030,0,,0,0,63.7,0,0,7,0,0,0,60,0,0,0,0,DAVIDSON,0,0,0,0,,8,,64.2,,75.2,0,149,8,0,0,0,0,1,0,0,,0,0,0
202218,Jalen Gist,LB,4,0,,0,1,100,DAVIDSON,4,D21,29,22,0,1,1,2030,3,64,29,4,60.6,0,0,22,0,0,0,68.5,0,0,0,0,DAVIDSON,3,0,0,0,11,7,16.7,63.8,7.3,76.3,0,149,32,13,0,0,96.9,9,1,1,60,0,0,3
202219,Revis McClairen,CB,4,0,,0,0,50,DAVIDSON,2,D27,34,6,0,0,1,2030,0,79.9,16,2,46.1,0,0,16,0,0,0,67.7,28,0,0,0,DAVIDSON,1,0,0,0,10,0,0,50.7,8,73.7,0,149,34,1,0,0,60.4,18,0,2,,0,0,0
202220,Hudson Altenburg,S,3,0,,0,0,66.7,DAVIDSON,5,D30,78,22,0,0,1,2030,1,84.6,14,2,59.2,0,0,42,0,0,0,74.8,0,0,0,0,DAVIDSON,2,0,0,0,8,6,0,65.1,7,77.3,0,149,79,4,0,0,77.1,37,0,2,,50,0,1
202225,Danzel Chukwuemeka,DI,0,0,,0,0,,DAVIDSON,5,D59,0,0,0,33,1,2028,59,76.7,0,0,,1,0,0,0,13,0,57,0,0,0,0,DAVIDSON,3,0,1,0,,0,0,56.9,,77.5,0,149,59,0,46,0,0,26,1,2,57.3,0,0,0
202230,Liam McMann,ED,0,0,,0,0,,DAVIDSON,0,D97,0,0,0,5,1,2030,7,,0,0,,0,0,0,2,0,0,60,0,0,0,0,DAVIDSON,0,0,0,0,,0,,57.8,,71,0,149,7,0,0,0,0,2,0,0,57,0,0,5
202231,Jeramy Stith,ED,0,0,,0,1,,DAVIDSON,0,D98,0,0,0,21,1,2030,41,24.8,0,0,54.4,3,0,3,1,0,0,65.3,0,0,0,0,DAVIDSON,0,0,3,0,,0,100,67.8,,79.3,0,149,41,0,0,0,0,17,0,0,69.9,0,0,40
202303,Kobe Roberts,ED,1,0,,0,0,100,MURRAY ST,2,D00,6,3,0,15,1,2026,36,76.3,50,1,64.4,1,0,4,9,0,0,50.7,0,0,0,0,MURRAY ST,1,0,1,0,50,3,0,55.6,50,77.6,0,236,42,52,0,0,158.3,23,0,0,58.8,0,1,27
202304,Bryan Pulley,CB,4,0,,0,1,75,MURRAY ST,4,D01,64,3,0,0,1,2027,0,63.6,36,3,50.2,0,0,33,0,0,0,56.8,61,0,1,0,MURRAY ST,3,0,0,0,21,0,20,47.5,12,0,0,236,64,12,0,0,102.1,31,0,0,,0,0,0
202306,Rett Hemphill,LB,4,0,,0,0,100,MURRAY ST,3,D26,55,21,0,4,1,2030,9,80.2,19,4,69.8,1,0,29,0,0,0,56.8,0,0,0,0,MURRAY ST,0,0,1,0,15,34,0,66.1,4.8,78.7,0,236,64,29,0,0,86.5,31,0,1,57.1,0,0,9
202312,Spencer Conn,LB,4,0,,0,2,100,MURRAY ST,6,D34,42,39,0,5,1,2030,1,80.8,58,4,30,0,0,17,0,0,0,69,0,0,0,0,MURRAY ST,1,0,0,0,21,3,25,45.9,14.5,75.7,0,236,43,12,0,0,118.8,21,0,0,61.4,0,0,1
202313,Joshua Murphy,LB,3,0,,0,1,100,MURRAY ST,0,D36,22,21,0,2,1,2030,2,26.6,19,3,43.7,0,0,10,0,0,0,72.5,0,0,0,0,MURRAY ST,0,0,0,0,12,1,50,54.3,6.3,74.2,0,236,24,25,0,0,93.1,12,0,1,58.7,0,0,2
202315,Jayden Walker,ED,1,0,,0,1,100,MURRAY ST,1,D40,1,1,0,27,1,2028,49,73.3,11,1,64.9,2,0,1,13,0,0,75.3,0,0,0,0,MURRAY ST,1,0,2,0,11,0,33.3,70.1,11,77.6,0,236,50,1,1,0,112.5,22,0,1,53,0,0,35
202316,Ja'Quan Redfern,DI,0,0,,0,1,,MURRAY ST,0,D42,1,1,0,15,1,2029,31,23.9,0,0,60,0,0,0,2,2,0,61.2,0,0,0,0,MURRAY ST,0,0,0,0,,0,100,55.1,,75.3,0,236,32,0,23,0,0,17,0,0,55.2,0,0,4
202319,Klayton Ingram,LB,1,0,,0,0,100,MURRAY ST,7,D45,26,22,0,2,1,2029,2,83.3,3,1,80.8,0,0,10,0,0,0,63,0,0,0,0,MURRAY ST,4,0,0,0,3,4,0,75.7,3,74.3,0,236,28,0,0,0,79.2,16,1,0,60,0,0,2
202324,Garrett Sanford,ED,0,0,,0,0,,MURRAY ST,0,D57,1,1,0,1,1,2029,7,,0,0,,0,0,0,0,0,0,71.7,0,0,0,0,MURRAY ST,0,0,0,0,,0,,73.8,,72.3,0,236,8,0,0,0,0,7,0,0,60,0,0,7
202325,Shadon Shannon,S,3,0,,0,0,33.3,MURRAY ST,3,D06,27,10,0,0,1,2026,0,80.8,62,1,30.9,0,0,12,0,0,0,69.4,0,0,0,0,MURRAY ST,0,0,0,0,62,0,0,41.7,62,74.4,0,236,27,11,0,1,121.5,15,0,0,,17,1,0
202326,Brooks Esplin,S,0,0,,0,0,,MURRAY ST,5,D08,48,24,0,0,1,2028,0,84,0,0,68.6,0,0,22,0,0,0,63.9,0,0,0,0,MURRAY ST,1,0,0,0,,4,0,68.1,,76.9,0,236,48,0,0,0,0,26,0,2,,20,0,0
202328,Dylan Rowsey,S,1,0,,0,0,100,MURRAY ST,7,D09,69,33,0,0,1,2028,0,86.5,12,1,65.2,0,0,34,0,0,0,76.2,0,0,0,0,MURRAY ST,0,0,0,0,12,9,0,70.7,12,76.6,0,236,69,1,0,0,116.7,35,0,3,,27,0,0
202329,Cameron Daniels,DI,0,0,,0,1,,MURRAY ST,0,D90,0,0,0,16,1,2030,29,22.2,0,0,59.9,1,0,1,3,2,0,53.4,0,0,0,0,MURRAY ST,0,0,1,0,,0,100,55.9,,74.5,0,236,29,0,23,0,0,12,0,0,60.5,0,0,1
202332,Rickshun Wilson,DI,0,0,,0,0,,MURRAY ST,0,D94,0,0,0,5,1,2030,13,,0,0,,0,0,0,0,1,0,56.6,0,0,0,0,MURRAY ST,0,0,0,0,,0,,56.2,,72.1,0,236,13,0,12,0,0,8,0,0,58.8,0,0,0
202333,AaMarii Lofton,DI,0,0,,0,0,,MURRAY ST,1,D95,0,0,0,5,1,2029,15,69.7,0,0,,0,0,0,1,0,0,61.9,0,0,0,0,MURRAY ST,1,0,0,0,,0,0,61.4,,72.2,0,236,15,0,14,0,0,10,0,0,58.1,0,0,0
202335,Harlem Phillips,ED,0,0,,0,0,,MURRAY ST,0,D02,2,1,0,11,1,2030,21,77.4,0,0,63.8,0,0,3,0,0,0,47,0,0,0,0,MURRAY ST,0,0,0,0,,1,0,51.2,,77.7,0,236,23,0,0,0,0,9,0,3,55.2,0,0,21
202336,Michael Tilmon,DI,0,0,,0,0,,MURRAY ST,0,D98,0,0,0,8,1,2029,17,70.1,0,0,,0,0,0,0,4,0,44.5,0,0,0,0,MURRAY ST,0,0,0,0,,0,0,43.6,,73.6,0,236,17,0,13,0,0,9,0,1,56.1,0,0,0
202359,Kelby Hampton,CB,4,0,,0,1,75,NEW HAMP,5,D28,45,4,0,0,1,2030,0,57.3,73,3,52.6,0,0,21,0,0,0,59.3,40,0,0,0,NEW HAMP,1,0,0,0,59,0,16.7,53.8,24.3,75.7,0,240,45,26,0,1,116.7,24,0,0,,1,0,0
202363,Kason Colvin-Powell,S,0,0,,0,0,,NEW HAMP,0,D35,4,1,0,0,1,2030,0,,0,0,61.8,0,0,3,0,0,0,60,0,0,0,0,NEW HAMP,0,0,0,0,,2,,62.1,,67.9,0,240,4,0,0,0,0,1,0,0,,1,0,0
202368,Justice Akinmoladun,DI,0,0,,0,0,,NEW HAMP,1,D98,0,0,0,19,1,2026,37,68.7,0,0,,1,0,0,0,17,0,56.2,0,1,0,0,NEW HAMP,1,0,2,0,,0,0,60.3,,78.3,0,240,37,0,20,0,0,18,1,0,64.3,0,0,0
202398,Aidan Miller,DI,0,0,,0,0,,N IOWA,0,D93,1,1,0,11,1,2029,23,,0,0,,1,0,0,1,6,0,59.6,0,0,0,0,N IOWA,0,0,1,0,,0,,57.8,,75,0,255,24,0,16,0,0,13,0,0,55.8,0,0,0
202456,Isaiah Johnson,CB,6,0,,0,1,100,S DAK ST,5,D00,55,3,0,0,1,2026,2,61.7,101,6,42.7,0,0,25,0,0,0,66.9,47,0,1,0,S DAK ST,2,0,0,0,33,5,14.3,47,16.8,78,0,292,57,28,0,0,118.8,32,0,1,,0,0,2
202479,Griffin Bowers,CB,0,0,,0,0,,STTHOM,0,D03,6,0,0,0,1,2029,0,,0,0,44.9,0,0,3,0,0,0,60,6,0,1,0,STTHOM,0,0,0,0,,0,,41.9,,69,0,1129,6,0,0,0,0,3,0,0,,0,0,0
202482,Preston Franklin,CB,0,0,,0,0,,STTHOM,0,D05,14,1,0,0,1,2030,0,,0,0,64.3,0,0,8,0,0,0,61,13,0,0,0,STTHOM,0,0,0,0,,0,,65.2,,71.6,0,1129,14,0,0,0,0,6,0,0,,0,0,0
202485,Javhi Blomquist,CB,1,0,,0,0,0,STTHOM,0,D14,3,0,0,1,1,2026,0,,0,0,61.3,0,0,2,0,0,0,,0,0,0,0,STTHOM,0,0,0,0,,3,,60.9,,68.8,0,1129,3,0,0,0,39.6,0,0,0,59.9,0,0,0
202495,Declan Walsh,DI,0,0,,0,0,,STTHOM,0,D97,0,0,0,2,1,2030,5,70.2,0,0,,0,0,0,2,0,0,61.9,0,0,0,0,STTHOM,0,0,0,0,,0,0,62.7,,69.3,0,1129,5,0,3,0,0,3,0,1,59.6,0,0,0
202522,Jonathan Joseph,DI,0,0,,0,0,,STF AUSTIN,0,D96,0,0,0,1,1,2029,2,,0,0,,0,0,0,0,0,0,60,0,0,0,0,STF AUSTIN,0,0,0,0,,0,,49.5,,66.6,0,301,2,0,2,0,0,1,0,0,60,0,0,0
202530,Malachi Williams,LB,6,0,,0,0,66.7,STF AUSTIN,5,D33,48,35,0,4,1,2028,5,82.5,49,4,53.3,0,0,37,0,0,0,75.9,0,0,1,0,STF AUSTIN,2,0,0,0,26,13,0,58.1,12.3,0,0,301,53,24,0,0,91.7,12,0,1,68.5,0,0,5
202563,Davonta Morgan Collins,CB,2,0,,0,1,100,WEBER ST,3,D29,19,1,0,0,1,2030,0,47.3,16,2,41.8,0,0,13,0,0,0,54.6,18,0,1,0,WEBER ST,0,0,0,0,9,0,25,39.9,8,72.6,0,342,19,4,0,0,100,6,0,0,,0,0,0
202565,Chevy Robinson,ED,0,0,,0,0,,WEBER ST,1,D90,0,0,0,23,1,2029,40,71.3,0,0,60,1,0,1,4,0,0,64.8,0,0,0,0,WEBER ST,0,0,1,0,,0,0,59.9,,78.7,0,342,40,0,2,0,0,16,0,0,54.8,0,0,34
202567,Zion Finau,DI,0,0,,0,0,,WEBER ST,2,D98,0,0,3,20,1,2030,38,75.8,0,0,61.9,0,0,0,7,3,0,63.3,0,0,0,0,WEBER ST,5,0,3,0,,0,0,71.6,,75.5,0,342,38,0,28,0,0,18,0,0,68.3,0,0,0
202574,Preston Clendenin,S,0,0,,0,0,,ALAB A&M,3,D13,17,7,0,0,1,2027,0,79.5,0,0,63.3,0,0,6,0,0,0,69.2,0,0,0,0,ALAB A&M,1,0,0,0,,1,0,68.1,,73.7,0,104,17,0,0,0,0,11,0,0,,9,0,0
202576,Desmon James,CB,2,0,,0,1,100,ALAB A&M,1,D15,25,1,0,0,1,2029,0,28.3,86,2,40.3,0,0,12,0,0,0,65.1,24,0,0,0,ALAB A&M,0,0,0,0,59,0,50,43.9,43,74,0,104,25,54,0,0,158.3,13,0,0,,0,1,0
202577,Kylon Roberts,ED,0,0,,0,2,,ALAB A&M,0,D10,1,1,0,13,1,2030,26,16.3,0,0,60,0,0,0,4,0,0,58.2,0,0,0,0,ALAB A&M,0,0,0,0,,0,100,48.2,,75.6,0,104,27,0,0,0,0,14,0,0,55.5,0,0,22
202578,Xzavier Booker,DI,0,0,,0,2,,ALAB A&M,0,D35,0,0,0,22,1,2029,37,21.4,0,0,,0,0,0,3,0,0,56.9,0,0,0,0,ALAB A&M,0,0,0,0,,0,66.7,56.2,,75.2,0,104,37,0,34,0,0,15,0,1,56.7,0,0,0
202579,Andre Tibbs,ED,0,0,,0,1,,ALAB A&M,1,D42,0,0,0,9,1,2030,21,42.5,0,0,,0,0,0,0,0,0,63.8,0,1,0,1,ALAB A&M,1,0,1,0,,0,33.3,69.3,,75.2,0,104,21,0,0,0,0,12,0,1,69.5,0,0,21
202581,Robert Iverson,S,0,0,,0,1,,ALAB A&M,1,D16,11,9,0,1,1,2026,0,36.8,0,0,64.9,0,0,7,0,0,0,54.5,0,0,0,0,ALAB A&M,0,0,0,0,,0,33.3,59.6,,69,0,104,11,0,0,0,0,3,0,1,59.6,2,0,0
202587,Nikolas Barnes,DI,0,0,,0,1,,ALAB A&M,1,D91,0,0,0,3,1,2030,10,22.3,0,0,,0,0,0,0,0,0,64.4,0,0,0,0,ALAB A&M,1,0,0,0,,0,50,64.2,,70.8,0,104,10,0,10,0,0,7,0,0,58.3,0,0,0
202594,Diwonne Williams,LB,0,0,,0,0,,ALAB A&M,0,D54,2,2,0,0,1,2030,0,,0,0,,0,0,0,0,0,0,60,0,0,0,0,ALAB A&M,0,0,0,0,,0,,50.6,,62.8,0,104,2,0,0,0,0,2,0,0,,0,0,0
202612,Marquel Patterson,LB,0,0,,0,0,,ALAB A&M,0,D41,8,8,0,0,1,2030,0,,0,0,60.2,0,0,2,0,0,0,54.9,0,0,0,0,ALAB A&M,0,0,0,0,,0,,55.2,,68.4,0,104,8,0,0,0,0,6,0,0,,0,0,0
202654,Adande Nartey,CB,1,0,,0,0,0,COLUMBIA,0,D26,3,0,0,0,1,2030,0,73.5,0,0,60,0,0,1,0,0,0,61.6,3,0,0,0,COLUMBIA,0,0,0,0,,0,0,49.4,,67,0,145,3,0,0,0,39.6,2,0,1,,0,0,0
202666,Drew Burmeister,LB,1,0,,0,2,100,COLUMBIA,6,D19,37,36,0,2,1,2030,0,51.7,35,1,48,1,0,9,0,0,0,69.7,0,0,0,0,COLUMBIA,5,0,1,0,35,1,22.2,58.3,35,71.5,0,145,37,12,0,0,158.3,26,1,1,47.3,0,1,0
202674,Joel Kpassou,CB,2,0,,0,0,100,DUQUESNE,6,D08,52,3,0,2,1,2028,3,83.4,17,2,60,0,0,18,0,0,0,75.5,35,0,0,1,DUQUESNE,2,0,0,0,12,13,0,68.1,8.5,78.9,0,155,55,5,0,0,102.1,35,0,2,72.2,1,0,3
202699,Kaleb Miles,CB,9,0,,0,0,44.4,TXAMEA,9,D01,85,6,0,0,1,2029,5,84.8,53,4,74.2,0,0,49,0,0,0,64.2,74,0,0,0,TXAMEA,2,0,0,0,25,0,0,73.6,13.3,79,0,1139,90,29,0,2,63.7,41,0,1,,5,0,5
202700,Orion Kupu,S,3,0,,1,2,100,TXAMEA,6,D31,64,25,0,4,1,2028,4,56.7,6,3,82.3,0,0,40,0,0,1,49.7,0,1,0,0,TXAMEA,3,0,1,0,8,12,22.2,74.1,2,79,0,1139,68,5,0,0,79.2,24,2,1,65.7,27,0,4
202727,Trey Weems,ED,0,0,,0,0,,GARD-WEBB,1,D20,0,0,0,11,1,2028,24,73.7,0,0,60,0,0,1,2,0,0,60.3,0,0,0,0,GARD-WEBB,0,0,0,0,,0,0,58.2,,75.9,0,171,24,0,0,0,0,12,0,1,55.1,0,0,22
202739,Jordan Johnson,LB,0,0,,0,0,,GEORGETOWN,0,D54,0,0,0,0,1,2030,1,,0,0,60,0,0,1,0,0,0,,0,0,0,0,GEORGETOWN,0,0,0,0,,0,,59.8,,66,0,172,1,0,0,0,0,0,0,0,,0,0,1
202743,Folu Shobowale,DI,0,0,,0,0,,GEORGETOWN,0,D98,0,0,0,1,1,2030,2,,0,0,,0,0,0,2,0,0,60,0,0,0,0,GEORGETOWN,0,0,0,0,,0,,60.3,,65.2,0,172,2,0,0,0,0,1,0,0,60,0,0,0
202745,Henry Eber,ED,0,0,,0,0,,GEORGETOWN,0,D97,0,0,0,6,1,2030,7,,0,0,,0,0,0,0,0,0,60,0,0,0,0,GEORGETOWN,0,0,0,0,,0,,64.1,,71.9,0,172,7,0,0,0,0,1,0,0,62.9,0,0,7
202747,Brian Allen,S,4,0,,0,0,50,GEORGETOWN,1,D16,60,8,0,0,1,2030,2,80.6,17,2,66,0,0,34,0,0,0,57.5,13,0,0,0,GEORGETOWN,0,0,0,0,16,34,0,64.7,8.5,78.4,0,172,62,1,0,0,101,28,0,2,,5,1,2
202748,Dean Mangiocavallo,DI,0,0,,0,0,,GEORGETOWN,0,D68,0,0,0,19,1,2030,32,,0,0,,0,0,0,0,9,0,64.5,0,0,0,0,GEORGETOWN,0,0,0,0,,0,,60.7,,75.6,0,172,32,0,23,0,0,13,0,0,55.1,0,0,0
202751,Brayden Humpherys,S,0,0,,0,0,,GEORGETOWN,0,D37,2,0,0,0,1,2030,0,,0,0,61.1,0,0,2,0,0,0,,0,0,0,0,GEORGETOWN,0,0,0,0,,0,,60.6,,65.8,0,172,2,0,0,0,0,0,0,0,,2,0,0
202753,Jack Casey,ED,0,0,,0,0,,GEORGETOWN,2,D51,0,0,0,2,1,2030,6,73.6,0,0,,0,0,0,3,0,0,67.7,0,0,0,0,GEORGETOWN,1,0,0,0,,0,0,69,,69.4,0,172,6,0,1,0,0,4,1,0,59,0,0,2
202757,Brian Lloyd,CB,6,0,,0,1,50,GEORGETOWN,2,D38,51,1,0,0,1,2030,1,54,26,3,68.4,0,0,31,0,0,0,63.2,50,0,1,0,GEORGETOWN,1,0,0,0,13,0,33.3,65.1,8.7,0,0,172,52,11,0,1,61.8,21,0,0,,0,0,1
202768,Xavian Andrews,CB,6,0,,0,0,66.7,INDIANA ST,5,D15,65,10,0,0,1,2027,0,80.3,37,4,52.3,0,0,33,0,0,0,56.4,55,0,0,0,INDIANA ST,2,0,0,0,26,0,0,52.7,9.3,76,0,191,65,21,0,0,122.9,32,0,0,,0,2,0
202778,Zach Coleman,CB,0,0,,0,0,,INDIANA ST,0,D22,8,2,0,0,1,2030,0,,0,0,60.7,0,0,2,0,0,0,60.7,5,0,0,0,INDIANA ST,0,0,0,0,,1,,62.3,,68.7,0,191,8,0,0,0,0,6,0,0,,0,0,0
202787,Mason Keifer,DI,0,0,,0,0,,INDIANA ST,1,D52,0,0,0,7,1,2030,20,73.2,0,0,,0,0,0,1,1,0,74.1,0,0,0,0,INDIANA ST,1,0,0,0,,0,0,72,,72.9,0,191,20,0,18,0,0,13,1,2,56.5,0,0,0
202795,Zakiese Smith,CB,2,0,,0,0,50,INDIANA ST,1,D19,36,2,0,1,1,2030,0,76.6,8,1,66.6,0,0,16,0,0,0,51.7,34,0,0,0,INDIANA ST,0,0,0,0,8,0,0,62.4,8,74.7,0,191,36,1,0,0,60.4,19,0,0,59.3,0,0,0
202798,Robert Beasley,DI,0,0,,0,1,,INDIANA ST,2,D25,1,1,0,16,1,2030,30,35,0,0,,0,0,0,4,1,0,55.3,0,0,1,0,INDIANA ST,2,0,0,0,,0,33.3,50.2,,0,0,191,31,0,24,0,0,15,0,0,59.6,0,0,1
202804,Teddy McDuffie Jr.,ED,0,0,,0,0,,MERCYHURST,0,D00,1,1,0,3,1,2029,3,,0,0,,0,0,0,0,0,0,60,0,0,0,0,MERCYHURST,0,0,0,0,,0,,56,,69.2,0,977,4,0,0,0,0,1,0,0,55.9,0,0,3
202807,Chris Thompson,CB,3,0,,0,0,66.7,MERCYHURST,1,D10,33,1,0,0,1,2026,0,74.2,35,2,56.8,0,0,16,0,0,0,62.8,30,0,0,0,MERCYHURST,0,0,0,0,23,2,0,58.1,17.5,74.7,0,977,33,0,0,0,145.8,17,0,0,,0,1,0
202810,Arron Chaney II,CB,0,0,,0,0,,MERCYHURST,2,D15,9,2,0,0,1,2027,0,76.2,0,0,65,0,0,2,0,0,0,60,5,0,0,0,MERCYHURST,0,0,0,0,,2,0,66.6,,71.3,0,977,9,0,0,0,0,7,0,0,,0,0,0
202828,Jaiden Allos,LB,1,0,,0,1,100,MERCYHURST,2,D32,41,25,0,2,1,2030,7,37.7,8,1,54.8,0,0,20,0,0,0,67.6,0,0,0,0,MERCYHURST,0,0,0,0,8,16,33.3,60.6,8,74.1,0,977,48,13,0,0,100,26,0,0,59.7,0,0,7
202845,KJ Hardesty,ED,0,0,,0,0,,MOREHEAD,3,D54,1,1,1,28,1,2028,49,77.2,0,0,60.2,2,0,1,8,1,0,63.5,0,1,0,0,MOREHEAD,3,0,4,0,,0,0,67.2,,77.7,0,234,50,0,13,0,0,21,2,1,66,0,0,27
202889,Antwan Houge,DI,0,0,,0,0,,MOREHEAD,2,D51,0,0,0,10,1,2029,22,70.7,0,0,,0,0,0,4,3,0,70,0,0,0,0,MOREHEAD,1,0,0,0,,0,0,67.1,,73.7,0,234,22,0,15,0,0,12,0,0,55.6,0,0,0
202901,Drayson Crane,CB,5,0,,0,1,80,MOREHEAD,10,D07,71,6,1,3,1,2030,0,71.3,32,4,61.7,0,0,34,0,0,0,69.5,57,0,0,0,MOREHEAD,1,0,1,0,15,3,9.1,65.3,8,76.9,0,234,71,21,0,0,93.3,34,0,0,66.9,5,0,0
202927,Griffin Ellis,DI,0,0,,0,0,,NICHOLLS,0,D94,0,0,0,8,1,2030,17,,0,0,,0,0,0,5,0,0,65.9,0,0,0,0,NICHOLLS,0,0,0,0,,0,,64.3,,72.6,0,243,17,0,12,0,0,9,0,0,56.7,0,0,0
202942,Lonnie Burt,LB,0,0,,0,0,,PORTLAND,1,D40,15,15,0,0,1,2029,0,74.3,0,0,62.1,0,0,8,0,0,0,68,0,0,0,0,PORTLAND,0,0,0,0,,0,0,68.1,,71.6,0,269,15,0,0,0,0,7,0,0,,0,0,0
202949,Dionte West,S,1,0,,0,0,100,PORTLAND,0,D28,11,5,0,0,1,2031,2,76,0,1,62.9,0,0,6,0,0,0,73.6,0,0,0,0,PORTLAND,0,0,0,0,0,6,0,72.1,0,73.5,0,269,13,0,0,0,79.2,7,0,1,,0,0,2
202959,Kayin Booker,LB,0,0,,0,1,,PORTLAND,0,D25,3,2,0,1,1,2031,0,20.4,0,0,,0,0,0,0,0,0,50,0,0,0,0,PORTLAND,0,0,0,0,,1,100,37.9,,67.1,0,269,3,0,0,0,0,2,0,0,59.5,0,0,0
202961,Trinity Ward,S,1,0,,0,0,100,PRVIEW A&M,2,D35,22,5,0,1,1,2026,0,76.9,29,1,67,0,0,18,0,0,1,60,0,0,0,0,PRVIEW A&M,1,0,0,0,29,16,0,66.1,29,74,0,270,22,2,0,0,118.8,3,0,0,57.3,1,0,0
202968,Premiere Whitley,ED,0,0,,0,0,,PRVIEW A&M,0,D55,0,0,0,9,1,2028,12,,0,0,,0,0,0,3,0,0,60.3,0,0,0,0,PRVIEW A&M,0,0,0,0,,0,,69.2,,72.4,0,270,12,0,1,0,0,3,0,0,68.9,0,0,8
202970,Skylon Jean-Louis,S,0,0,,0,0,,PRVIEW A&M,1,D37,7,1,0,0,1,2027,0,73.6,0,0,72.3,1,0,5,0,0,0,60,0,0,0,0,PRVIEW A&M,1,0,1,0,,6,0,74.2,,70.4,0,270,7,0,0,0,0,2,0,0,,0,0,0
202971,Danarius Hollywood,CB,0,0,,0,0,,PRVIEW A&M,1,D28,7,0,0,0,1,2026,0,74.2,0,0,64,0,0,6,0,0,0,61,7,0,0,0,PRVIEW A&M,0,0,0,0,,0,0,66.1,,69.7,0,270,7,0,0,0,0,1,0,0,,0,0,0
202976,William White III,S,0,0,,0,0,,PRVIEW A&M,0,D34,3,2,0,0,1,2026,0,,0,0,60,0,0,1,0,0,0,60,0,0,0,0,PRVIEW A&M,0,0,0,0,,0,,60.1,,68,0,270,3,0,0,0,0,2,0,0,,1,0,0
202979,Jaylon Shelton,CB,0,0,,0,0,,PRVIEW A&M,0,D27,7,0,0,0,1,2026,0,,0,0,64,0,0,6,0,0,0,60,7,0,0,0,PRVIEW A&M,0,0,0,0,,0,,64.6,,69.8,0,270,7,0,0,0,0,1,0,0,,0,0,0
202988,Noah Taylor,CB,0,0,,0,0,,PRESBYTERN,0,D14,3,2,0,0,1,2028,0,,0,0,,0,0,0,0,0,0,60,1,0,0,0,PRESBYTERN,0,0,0,0,,0,,60,,65.3,0,271,3,0,0,0,0,3,0,0,,0,0,0
202990,Malachi Gordon,S,0,0,,0,0,,PRESBYTERN,0,D39,1,0,0,0,1,2028,0,,0,0,,0,0,0,0,0,0,60,0,0,0,0,PRESBYTERN,0,0,0,0,,0,,60,,60,0,271,1,0,0,0,0,1,0,0,,0,0,0
202991,Terry Mikell,DI,0,0,,0,0,,PRESBYTERN,0,D98,0,0,0,6,1,2028,13,70.2,0,0,61.7,0,0,0,0,4,0,56.2,0,0,0,0,PRESBYTERN,0,0,0,0,,0,0,62.2,,72.9,0,271,13,0,9,0,0,7,0,1,57.9,0,0,0
202992,Michael Torres,LB,0,0,,0,1,,PRESBYTERN,7,D31,53,53,0,0,1,2028,0,74.7,0,0,64.9,0,0,18,0,0,0,77.2,0,0,0,0,PRESBYTERN,3,0,0,0,,0,8.3,75.9,,75.9,0,271,53,0,0,0,0,35,1,4,,0,0,0
203002,Darriel Harper,WR,0,0,,0,0,,PRESBYTERN,0,12,1,0,0,0,1,2029,0,,0,0,,0,0,0,0,0,0,60,0,0,0,0,PRESBYTERN,0,0,0,0,,0,,60,,60,0,271,1,0,0,0,0,1,0,0,,0,0,0
203031,Cam'ron Barber,CB,1,0,,0,1,100,PRESBYTERN,5,D07,59,19,0,0,1,2030,2,60.3,10,1,61.7,0,0,18,0,0,0,64.7,33,0,0,0,PRESBYTERN,3,0,0,0,10,4,14.3,63.6,10,75.8,0,271,61,4,0,0,108.3,43,1,1,,3,0,2
203058,Artin Balidemaj,DI,0,0,,0,0,,RHODE ISLD,1,D94,0,0,0,9,1,2030,17,72.2,0,0,60,1,0,0,1,0,0,63.4,0,0,0,0,RHODE ISLD,1,0,1,0,,0,0,67.2,,72.7,0,274,17,0,15,0,0,8,0,1,63.6,0,0,1
203094,Asher Wilson,DI,0,0,,0,0,,ROB MORRIS,0,D92,0,0,1,3,1,2030,3,69.7,0,0,,0,0,0,0,0,0,,0,0,0,0,ROB MORRIS,1,0,1,0,,0,,67.7,,67.5,0,277,3,0,3,0,0,0,0,0,66.9,0,0,0
203102,Malik Thornton,CB,6,0,,0,0,50,SAMFORD,5,D21,40,4,0,0,1,2026,0,80.6,49,3,46.7,0,0,18,0,0,0,65.9,36,0,1,0,SAMFORD,0,0,0,0,29,0,0,50.4,16.3,74.9,0,282,40,8,0,0,117.4,22,0,0,,0,1,0
203103,Joseph Shannon,DI,0,0,,0,0,,SAMFORD,1,D94,0,0,0,9,1,2028,19,70.8,0,0,,0,0,0,8,0,0,46,0,0,0,0,SAMFORD,1,0,0,0,,0,0,45.8,,73,0,282,19,0,11,0,0,10,0,0,56.7,0,0,0
203106,J.D. Methvin,DI,0,0,,0,0,,SAMFORD,0,D93,0,0,0,4,1,2028,11,,0,0,,1,0,0,3,0,0,48.7,0,0,0,0,SAMFORD,0,0,1,0,,0,,52.3,,71.6,0,282,11,0,8,0,0,7,0,0,66.7,0,0,0
203121,Kelton Crisp,ED,0,0,,0,1,,SAMFORD,1,D92,0,0,0,10,1,2029,30,34.2,0,0,60.9,0,0,2,0,0,0,63,0,0,0,0,SAMFORD,0,0,0,0,,0,50,63,,78.5,0,282,30,0,0,0,0,18,0,0,58.9,0,0,30
203131,Jackson Bussey,ED,0,0,,0,0,,SAMFORD,0,D97,0,0,0,4,1,2030,9,69.7,0,0,,0,0,0,5,0,0,61.3,0,0,0,0,SAMFORD,0,0,0,0,,0,,59.4,,71.6,0,282,9,0,2,0,0,5,0,0,56.4,0,0,2
203133,Dylon Henderson,CB,0,0,,0,0,,SAMFORD,1,D16,10,2,0,0,1,2030,0,74.2,0,0,,0,0,0,0,0,0,64.3,8,0,0,0,SAMFORD,0,0,0,0,,0,0,63.9,,69.7,0,282,10,0,0,0,0,10,0,0,,0,0,0
203144,RJ Stewart,CB,5,0,,0,0,80,S DAKOTA,5,D25,61,12,0,0,1,2029,0,80.4,44,4,59.7,0,0,32,0,0,0,71.2,46,0,0,0,S DAKOTA,1,0,0,0,17,3,0,63,11,75.4,0,291,61,13,0,0,103.3,29,0,0,,0,0,0
203162,Jaden Brown,S,0,0,,0,0,,S DAKOTA,0,D21,5,0,0,0,1,2030,0,,0,0,61.3,0,0,2,0,0,0,60,0,0,0,0,S DAKOTA,0,0,0,0,,5,,62.4,,69,0,291,5,0,0,0,0,3,0,0,,0,0,0
203168,Jakyri Jones,CB,1,0,,0,0,100,SE LA,0,D27,33,2,0,2,1,2028,3,,14,1,60.4,1,0,17,0,0,0,63.9,0,0,0,0,SE LA,0,0,1,0,14,31,,63.9,14,79.2,0,294,36,1,0,0,118.8,17,0,0,68.4,0,0,3
203180,Lennis Finister Jr.,CB,1,0,,0,0,100,SE LA,0,D31,5,0,0,0,1,2030,0,73.5,9,1,64.3,0,0,4,0,0,0,60,5,0,0,0,SE LA,0,0,0,0,9,0,0,65.1,9,68.9,0,294,5,-1,0,0,104.2,1,0,1,,0,0,0
203188,Camron Miller,ED,0,0,,0,0,,S ILLINOIS,0,D13,0,0,0,12,1,2030,15,71.3,0,0,,1,0,0,15,0,0,59.2,0,0,0,0,S ILLINOIS,0,0,1,0,,0,0,53.9,,70.7,0,295,15,0,0,0,0,3,0,1,54.2,0,0,0
203191,Cameron Cason,CB,2,0,,0,0,50,S ILLINOIS,3,D35,17,7,0,0,1,2031,2,77.7,7,1,65.2,0,0,11,0,0,0,66.1,8,0,0,0,S ILLINOIS,1,0,0,0,7,2,0,67.6,7,72.9,0,295,19,2,0,0,58.3,8,0,0,,0,0,2
203215,Grant Thompson,S,1,0,,0,0,100,S ILLINOIS,0,D31,2,0,0,0,1,2031,0,,21,1,60,0,0,1,0,0,0,60,0,0,0,0,S ILLINOIS,0,0,0,0,21,0,,60,21,65.4,0,295,2,0,0,0,158.3,1,0,0,,2,1,0
203226,Darren Scott,DI,0,0,,0,0,,SOUTHERN U,0,D93,0,0,0,0,1,2028,1,,0,0,,0,0,0,0,0,0,60,0,0,0,0,SOUTHERN U,0,0,0,0,,0,,60.4,,64.4,0,297,1,0,1,0,0,1,0,0,,0,0,0
203254,Salofi Leasiolagi,ED,0,0,,0,0,,SO UTAH,0,D91,0,0,0,3,1,2027,8,,0,0,,0,0,0,0,0,0,60.7,0,0,0,0,SO UTAH,0,0,0,0,,0,,59.9,,71.5,0,298,8,0,0,0,0,5,0,0,58,0,0,8
203259,Sean Mays,CB,2,0,,0,0,50,SO UTAH,1,D18,20,1,0,0,1,2028,0,74.2,5,1,79.4,0,0,13,0,0,0,61.4,18,0,0,0,SO UTAH,0,0,0,0,5,1,0,79.8,5,73.3,0,298,20,9,0,1,56.3,7,0,0,,0,0,0
203263,Tavian Edwards,S,4,0,,0,0,25,SO UTAH,7,D38,40,16,0,0,1,2030,0,85.7,13,1,75.8,0,0,28,0,0,0,67.1,0,0,0,0,SO UTAH,2,0,0,0,13,5,0,76,13,77,0,298,40,2,0,0,40.6,12,0,2,,19,0,0
203278,Manasa Pela,LB,1,0,,0,0,100,SO UTAH,0,D43,4,4,0,0,1,2030,0,,14,1,60.6,0,0,4,0,0,0,,0,0,0,0,SO UTAH,0,0,0,0,14,0,,61.2,14,69.1,0,298,4,23,0,0,118.8,0,0,0,,0,0,0
203280,Kasahn Johnson,ED,0,0,,0,0,,SO UTAH,0,D40,0,0,0,3,1,2030,3,,0,0,,0,0,0,0,0,0,,0,0,0,0,SO UTAH,0,0,0,0,,0,,56.7,,69.6,0,298,3,0,0,0,0,0,0,0,56.7,0,0,3
203350,O.C. Nurse,CB,1,0,,0,1,100,VALPO,0,D08,46,2,0,0,1,2028,1,43.3,12,1,63.3,0,0,26,0,0,0,54.6,44,0,0,0,VALPO,0,0,0,0,12,0,100,61.8,12,76.4,0,332,47,0,0,0,116.7,21,0,0,,0,0,1
203352,Jason Salman,S,3,0,,0,0,66.7,VALPO,6,D22,45,24,0,0,1,2029,0,83,20,2,63.6,0,0,28,0,0,0,65.5,0,0,0,0,VALPO,2,0,0,0,15,11,0,64.8,10,77,0,332,45,12,0,0,85.4,17,0,0,,10,0,0
203374,Micah Markley,LB,2,0,,0,0,50,VALPO,4,D41,50,43,1,6,1,2030,1,82.5,5,1,64.7,0,0,19,0,0,0,68.7,0,0,0,0,VALPO,3,0,1,0,5,7,0,75.6,5,75.6,0,332,51,6,0,0,56.3,26,1,0,83,0,0,1
203431,Xavier Coleman,ED,0,0,,0,0,,YALE,0,D23,0,0,0,11,1,2029,15,,0,0,,0,0,0,1,0,0,60.3,0,0,0,0,YALE,0,0,0,0,,0,,58.3,,74.2,0,352,15,0,0,0,0,4,0,0,56.9,0,0,14
203442,Ben Chandler IV,CB,4,0,,0,0,100,HOWARD,4,D20,43,0,0,0,1,2030,0,80.4,22,4,68.6,0,0,24,0,0,0,67.1,0,0,0,0,HOWARD,2,0,0,0,11,43,0,69.7,5.5,78.2,0,184,43,9,0,0,89.6,19,0,0,,0,0,0
203452,Michael Grandy,S,1,0,,0,2,100,HOWARD,3,D10,20,15,0,0,1,2029,1,28.9,14,1,56.5,0,0,12,0,0,0,61.2,0,0,0,0,HOWARD,2,0,0,0,14,5,40,58,14,73.7,0,184,21,10,0,0,158.3,9,0,0,,0,1,1
203475,Elijah Casey,LB,0,0,,0,1,,LIUSHAR,2,D23,48,48,0,1,1,2027,0,49.6,0,0,66.9,0,0,28,0,0,1,49.9,0,0,0,0,LIUSHAR,1,0,0,0,,0,20,59.9,,76.1,0,1298,48,0,0,0,0,19,0,2,59.2,0,0,0
203478,Jeremie McGurn,LB,2,0,,1,0,0,LIUSHAR,4,D01,38,31,0,0,1,2028,0,82.7,0,0,63.8,0,0,24,0,0,0,90.8,0,0,0,0,LIUSHAR,3,0,0,0,,7,0,78.6,,71.2,0,1298,38,0,0,0,39.6,14,1,3,,0,0,0
203483,Michael Albert,DI,0,0,,0,0,,PRINCETON,2,D95,0,0,0,6,1,2030,14,72.4,0,0,,0,0,0,0,0,0,48.6,0,0,0,0,PRINCETON,0,0,0,0,,0,0,47.8,,72.4,0,272,14,0,13,0,0,8,0,0,57.5,0,0,1
203486,Ethan Brown,DI,0,0,,0,0,,PRINCETON,0,D92,0,0,0,20,1,2030,29,,0,0,,0,0,0,0,14,0,57.9,0,1,0,0,PRINCETON,0,0,1,0,,0,,59.8,,75.6,0,272,29,0,15,0,0,9,0,0,60.8,0,0,0
203506,Nate Stohl,DI,0,0,,0,0,,PRINCETON,1,D57,0,0,0,6,1,2030,21,73.4,0,0,,0,0,0,0,7,0,64.8,0,0,0,0,PRINCETON,1,0,0,0,,0,0,64.2,,74.5,0,272,21,0,14,0,0,15,0,2,57.6,0,0,0
203512,Jadan Aubert,S,0,0,,0,0,,TARLETON,1,D15,14,5,0,0,1,2028,0,76.4,0,0,64.4,0,0,6,0,0,1,59.1,0,0,0,0,TARLETON,1,0,0,0,,0,0,62.9,,70.9,0,401,14,0,0,0,0,8,0,0,,9,0,0
203519,Matt Freeman,ED,0,0,,0,0,,TARLETON,1,D18,0,0,0,7,1,2027,7,72.2,0,0,60,3,0,0,0,0,0,,0,0,0,0,TARLETON,1,0,3,0,,0,0,72.2,,73,0,401,7,0,0,0,0,0,0,0,69.6,0,0,7
203534,James Turrentine,DI,0,0,,0,0,,TARLETON,2,D97,0,0,1,12,1,2026,22,74.2,0,0,,0,0,0,0,5,0,72.4,0,0,1,1,TARLETON,3,0,1,0,,0,0,67.4,,0,0,401,22,0,17,0,0,10,1,1,67.1,0,0,0
203538,Stephen Woods Jr.,S,2,0,,0,0,100,TARLETON,1,D27,21,6,0,2,1,2027,0,73.4,28,2,57.6,2,0,11,0,0,0,62,0,0,0,0,TARLETON,0,0,2,0,18,15,0,57.7,14,72.7,0,401,21,10,0,0,118.8,8,0,0,56.4,0,0,0
203540,Austin Bailey,CB,0,0,,0,0,,WAGNER,0,D25,5,0,0,0,1,2029,0,,0,0,63.5,0,0,4,0,0,0,60,5,0,0,0,WAGNER,0,0,0,0,,0,,64.2,,68.8,0,338,5,0,0,0,0,1,0,0,,0,0,0
203588,Kahmari Valentine,DI,0,0,,0,0,,WAGNER,0,D56,0,0,1,13,1,2030,18,70.2,0,0,,1,0,0,0,7,0,66.6,0,0,0,0,WAGNER,1,0,2,0,,0,,76.3,,73.8,0,338,18,0,11,0,0,5,0,0,72.8,0,0,0
203944,MJ Campbell,DI,0,0,,0,0,,NC CENT,2,D57,1,1,0,6,1,2030,18,73.4,0,0,,0,0,0,1,1,0,72.5,0,0,1,0,NC CENT,0,1,0,0,,0,0,63.2,,0,0,247,19,0,16,0,0,13,0,1,57.6,0,0,0
204552,Jeremiah Young,ED,0,0,,0,0,,INCAR WORD,0,D44,0,0,0,4,1,2029,6,71.3,0,0,,0,0,0,3,0,0,60.9,0,0,0,0,INCAR WORD,0,0,0,0,,0,0,59.8,,69.4,0,189,6,0,0,0,0,2,0,1,56.8,0,0,3
204555,Jachai Pulley,LB,1,0,,0,0,0,INCAR WORD,2,D21,33,29,0,4,1,2028,2,78,0,0,58.6,0,0,22,0,0,0,71.9,0,1,0,0,INCAR WORD,1,0,1,0,,4,0,65.8,,71.6,0,189,35,0,0,0,39.6,9,0,1,63.8,0,0,2
205852,Dillyn Blakey,LB,0,0,,0,0,,ALABAMA ST,0,D35,12,10,0,1,1,2030,0,,0,0,62.7,0,0,7,0,0,0,53.4,0,0,0,0,ALABAMA ST,0,0,0,0,,2,,57.4,,71.9,0,105,12,0,0,0,0,4,0,0,59.5,0,0,0
205954,Quoy Rainey,DI,0,0,,0,2,,DELWARE ST,0,D98,0,0,0,10,1,2029,19,20.2,0,0,,1,0,0,0,16,0,60.1,0,0,0,0,DELWARE ST,0,0,1,0,,0,100,59.2,,74.8,0,152,19,0,3,0,0,9,0,0,57.5,0,0,0
205968,Quincy Robinson,ED,0,0,,0,1,,DELWARE ST,1,D12,1,1,0,19,1,2026,24,25.1,0,0,60,0,0,0,12,0,0,62.7,0,0,0,1,DELWARE ST,0,0,0,0,,0,50,50.1,,75.7,0,152,25,0,0,0,0,6,0,0,55.2,0,0,12
205970,Na'Shawn Biggs,ED,2,0,,0,0,100,DELWARE ST,6,D08,11,5,1,28,1,2026,51,83.4,21,2,71.6,0,0,12,2,0,0,72.1,0,1,0,0,DELWARE ST,5,0,2,0,16,6,0,71.7,10.5,80.9,0,152,62,19,0,0,110.4,22,0,2,60,0,0,49
206007,Owen Pins,DI,0,0,,0,0,,DRAKE,0,D55,0,0,0,15,1,2029,19,,0,0,,1,0,0,0,0,0,48.7,0,0,0,0,DRAKE,0,0,1,0,,0,,55.8,,73.2,0,153,19,0,19,0,0,4,0,0,66.9,0,0,0
206030,Isaac Engle,LB,0,0,,0,0,,E ILLINOIS,0,D35,10,6,0,7,1,2028,4,,0,0,62.2,0,0,6,2,0,0,60,0,1,0,0,E ILLINOIS,0,0,1,0,,4,,62.6,,71.6,0,158,14,0,0,0,0,1,0,0,60.5,0,0,2
206032,Gerliaer Ervin,ED,0,0,,0,0,,E ILLINOIS,0,D90,0,0,1,10,1,2027,17,73,0,0,,1,0,0,0,0,0,68.7,0,0,0,0,E ILLINOIS,1,0,2,0,,0,,75.9,,75.2,0,158,17,0,0,0,0,7,0,0,70.7,0,0,17
206037,Jayson Singer,LB,0,0,,0,0,,ELON,0,D20,1,0,0,0,1,2026,0,,0,0,,0,0,0,0,0,0,60,0,0,0,0,ELON,0,0,0,0,,0,,60.1,,60,0,162,1,0,0,0,0,1,0,0,,0,0,0
206120,Mayoy McGodfred,LB,1,0,,0,0,100,NORFOLK,1,D36,16,7,0,0,1,2029,0,74.8,26,1,44.5,0,0,4,0,0,0,67.4,0,0,0,0,NORFOLK,0,0,0,0,26,8,0,52.3,26,73.3,0,244,16,0,0,0,118.8,12,0,0,,1,0,0
206123,Ricardo Underwood,S,0,0,,0,0,,NORFOLK,1,D29,12,9,0,0,1,2029,0,80.8,0,0,60.3,0,0,2,0,0,0,74.4,0,0,0,0,NORFOLK,1,0,0,0,,3,0,72.4,,69.3,0,244,12,0,0,0,0,10,0,2,,0,0,0
206128,Kamren Reese,ED,0,0,,0,0,,NORFOLK,3,D53,8,8,0,17,1,2028,26,78,0,0,60.2,1,0,2,0,0,0,68.4,0,0,0,0,NORFOLK,3,0,1,0,,0,0,63.9,,79.9,0,244,34,0,0,0,0,15,1,1,55.7,0,0,26
206132,Tormon Laprade,CB,0,0,,0,0,,NORFOLK,0,D30,10,0,0,0,1,2029,0,,0,0,60,0,0,1,0,0,0,60.1,10,0,0,0,NORFOLK,0,0,0,0,,0,,62.3,,70.9,0,244,10,0,0,0,0,9,0,0,,0,0,0
206147,Jeremiah Harris,CB,3,0,,0,1,66.7,ST FRANCIS,1,D27,21,6,0,0,1,2030,0,41.8,53,2,53.3,0,0,12,0,0,0,60.9,15,0,0,0,ST FRANCIS,0,0,0,0,42,0,50,54.4,26.5,72.9,0,299,21,20,0,1,149.3,9,0,0,,0,1,0
206153,Cameron Kiersch,LB,0,0,,0,0,,ST FRANCIS,0,D34,2,2,0,0,1,2029,0,,0,0,,0,0,0,0,0,0,60,0,0,0,0,ST FRANCIS,0,0,0,0,,0,,48.5,,64.6,0,299,2,0,0,0,0,2,0,0,,0,0,0
206164,Arison Walker,CB,0,0,,0,1,,ST FRANCIS,0,D35,42,4,0,0,1,2030,0,47.8,0,0,60.5,0,0,25,0,0,0,66.6,0,0,0,0,ST FRANCIS,0,0,0,0,,38,25,62.6,,77.6,0,299,42,0,0,0,0,17,0,3,,0,0,0
206172,Anthony Chuman,DI,0,0,,0,0,,ST FRANCIS,0,D92,0,0,0,3,1,2030,15,,0,0,,0,0,0,0,5,0,55.2,0,0,0,0,ST FRANCIS,0,0,0,0,,0,,55,,73.1,0,299,15,0,10,0,0,12,0,0,59.1,0,0,0
206195,Jaiydyn Johnson,CB,0,0,,0,0,,STF AUSTIN,0,D37,9,0,0,0,1,2030,0,,0,0,65.1,0,0,9,0,0,0,,9,0,0,0,STF AUSTIN,0,0,0,0,,0,,65.6,,70.3,0,301,9,0,0,0,0,0,0,0,,0,0,0
206259,Joseph Polite,DI,0,0,,0,0,,W GEORGIA,0,D90,0,0,0,0,1,2030,1,,0,0,,0,0,0,0,1,0,60,0,0,0,0,W GEORGIA,0,0,0,0,,0,,60.5,,65.5,0,1177,1,0,0,0,0,1,0,0,,0,0,0
206264,Jyarius Carter,LB,0,0,,0,0,,W GEORGIA,0,D33,1,1,0,0,1,2030,0,74.3,0,0,,0,0,0,0,0,0,63.2,0,0,0,0,W GEORGIA,0,0,0,0,,0,0,71.2,,62.1,0,1177,1,0,0,0,0,1,0,1,,0,0,0
206279,Jacob Joseph,ED,0,0,,0,1,,W GEORGIA,0,D35,0,0,0,0,1,2029,1,24.8,0,0,,0,0,0,0,0,0,60,0,0,0,0,W GEORGIA,0,0,0,0,,0,100,48.8,,66,0,1177,1,0,0,0,0,1,0,0,,0,0,1
206282,Brandon Gunn,S,0,0,,0,0,,W GEORGIA,1,D23,7,7,0,0,1,2030,0,74.8,0,0,62,0,0,3,0,0,0,61.9,0,0,0,0,W GEORGIA,0,0,0,0,,0,0,64.2,,68.9,0,1177,7,0,0,0,0,4,0,0,,0,0,0
206289,Chancellor Bryant,CB,0,0,,0,0,,W GEORGIA,0,D12,3,1,0,0,1,2029,0,,0,0,,0,0,0,0,0,0,60.1,0,0,0,0,W GEORGIA,0,0,0,0,,2,,60.9,,67.1,0,1177,3,0,0,0,0,3,0,0,,0,0,0
206309,Jonathan Cajigal,ED,1,0,,0,0,100,W GEORGIA,0,D10,0,0,0,4,1,2026,9,72.2,9,1,60,0,0,1,5,0,0,63.1,0,0,0,0,W GEORGIA,0,0,0,0,9,0,0,41.4,9,71.2,0,1177,9,12,0,0,104.2,4,0,1,58.2,0,0,4
206322,D'Shawn Kirby,DI,0,0,,0,0,,YNGTOWN ST,0,D97,0,0,0,1,1,2030,1,,0,0,,0,0,0,1,0,0,,0,0,0,0,YNGTOWN ST,0,0,0,0,,0,,59.5,,63.6,0,353,1,0,0,0,0,0,0,0,58.9,0,0,0
206329,Tylan Cole,ED,0,0,,0,1,,ARKAPB,3,D11,0,0,0,14,1,2028,51,51.6,0,0,58,0,0,0,24,0,0,64.7,0,0,0,0,ARKAPB,3,0,0,0,,0,12.5,63.5,,77.5,0,112,51,0,0,0,0,37,1,4,59.4,0,0,27
206330,Marc Guelache,DI,0,0,,0,0,,ARKAPB,2,D91,0,0,0,11,1,2027,28,72.2,0,0,,0,0,0,3,0,0,90.3,0,0,0,0,ARKAPB,1,0,0,0,,0,0,83.8,,74.8,0,112,28,0,18,0,0,17,1,0,55,0,0,7
206332,Danarius Hilliard,LB,0,0,,0,3,,ARKAPB,8,D00,71,63,2,8,1,2028,2,55.8,0,0,57.8,2,0,18,0,0,0,62.8,0,0,0,0,ARKAPB,7,0,4,0,,8,23.1,63.2,,74.6,0,112,73,0,0,0,0,47,0,2,66.6,0,0,2
206333,Vaughn Highland,DI,0,0,,0,0,,ARKAPB,4,D99,0,0,0,16,1,2028,48,74.5,0,0,60,0,0,0,0,19,0,76.8,0,0,0,0,ARKAPB,2,0,0,0,,0,0,75.7,,77.3,0,112,48,0,29,0,0,32,1,0,61.3,0,0,0
206334,Antonie Hardie,LB,0,0,,0,1,,ARKAPB,0,D42,3,3,0,0,1,2027,0,20.4,0,0,,0,0,0,0,0,0,48.2,0,0,0,0,ARKAPB,0,0,0,0,,0,100,41.5,,63.4,0,112,3,0,0,0,0,3,0,0,,0,0,0
206336,Michael Henderson,CB,1,0,,0,0,100,ARKAPB,1,D35,7,0,0,0,1,2029,0,73.5,10,1,52.1,0,0,2,0,0,0,60,7,0,0,0,ARKAPB,0,0,0,0,10,0,0,51.4,10,70,0,112,7,4,0,0,108.3,5,0,0,,0,0,0
206337,Na'il Johnson,S,0,0,,0,0,,ARKAPB,1,D38,10,2,0,0,1,2029,0,76.4,0,0,64.8,0,0,5,0,0,0,60,0,0,0,0,ARKAPB,0,0,0,0,,0,0,64.7,,71.2,0,112,10,0,0,0,0,5,0,0,,8,0,0
206341,Jaiden Crawford,DI,0,0,,0,0,,ARKAPB,2,D97,0,0,0,10,1,2028,27,73.4,0,0,,0,0,0,0,12,0,72.2,0,0,0,0,ARKAPB,1,0,0,0,,0,0,69.2,,75.2,0,112,27,0,15,0,0,17,1,0,55.2,0,0,0
206344,KJ Sims,ED,0,0,,0,0,,ARKAPB,0,D43,6,4,0,7,1,2028,29,75.2,0,0,62,0,0,6,3,0,0,62.2,0,0,0,0,ARKAPB,0,0,0,0,,2,0,61.6,,77.8,0,112,35,0,0,0,0,22,0,2,55.3,0,0,26
206345,Azayvonne Stribling,CB,3,0,,0,2,66.7,ARKAPB,3,D32,69,5,0,0,1,2030,0,51.4,60,2,51.7,0,0,24,0,0,0,59.9,64,0,0,0,ARKAPB,0,0,0,0,53,0,33.3,53.9,30,76.7,0,112,69,18,0,0,109.7,45,0,1,,0,0,0
206350,K'aun Green,ED,0,0,,0,0,,ARKAPB,1,D90,0,0,1,12,1,2027,25,76,0,0,60,0,0,0,1,0,0,58.2,0,0,0,0,ARKAPB,1,0,1,0,,0,0,59.6,,76.9,0,112,25,0,0,0,0,13,1,1,59.1,0,0,24
206370,Jalen Wright,LB,3,0,,0,0,100,MS VLY ST,9,D34,45,45,0,9,1,2026,3,84.8,33,3,50.9,0,0,21,0,0,0,78.7,0,0,1,0,MS VLY ST,4,0,0,0,16,0,0,65.1,11,0,0,228,48,6,0,0,152.1,18,1,4,73.5,0,1,3
206374,Jusden Culpper,LB,2,0,,0,1,100,MS VLY ST,4,D48,22,21,0,2,1,2030,0,59.5,3,2,80.9,1,0,7,0,0,0,65.5,0,0,0,0,MS VLY ST,4,0,1,0,3,1,14.3,76.4,1.5,68.7,0,228,22,10,0,0,79.2,13,1,2,57.2,0,0,0
206377,Ellis McKneely,ED,0,0,,0,0,,MS VLY ST,2,D97,0,0,0,19,1,2028,27,75.3,0,0,,1,0,0,13,0,0,58,0,0,1,0,MS VLY ST,1,0,1,0,,0,0,48.3,,0,0,228,27,0,1,0,0,8,1,1,55,0,0,13
206386,Antone Monroe,CB,1,0,,0,0,0,MS VLY ST,0,D14,23,0,0,0,1,2027,0,,0,0,46.1,0,0,14,0,0,0,60.9,23,0,1,0,MS VLY ST,0,0,0,0,,0,,47.2,,73.7,0,228,23,0,0,0,39.6,9,0,0,,0,0,0
206387,Derrick Taylor,ED,0,0,,0,0,,MS VLY ST,1,D98,0,0,0,16,1,2028,26,71.3,0,0,,1,0,0,12,0,0,67.6,0,0,0,0,MS VLY ST,1,0,1,0,,0,0,62.4,,74.7,0,228,26,0,2,0,0,10,0,0,54.9,0,0,12
206391,Cole McKinney,CB,1,0,,0,1,100,MS VLY ST,2,D05,33,5,0,0,1,2027,0,37.3,3,1,62.1,0,0,23,0,0,0,67.5,0,0,0,0,MS VLY ST,0,0,0,0,3,26,33.3,64.1,3,75.1,0,228,33,7,0,0,79.2,10,0,0,,2,0,0
206393,Xavier Cannaday,CB,0,0,,0,0,,MS VLY ST,1,D09,39,1,0,0,1,2028,0,76.4,0,0,63,0,0,20,0,0,0,65.7,38,0,0,0,MS VLY ST,0,0,0,0,,0,0,64.4,,75.4,0,228,39,0,0,0,0,19,0,0,,0,0,0
206395,D'Angelo Sheppard,DI,0,0,,0,0,,MS VLY ST,2,D58,0,0,0,10,1,2027,22,72.2,0,0,,0,0,0,0,19,0,63.8,0,0,0,0,MS VLY ST,1,0,0,0,,0,0,62.8,,76.8,0,228,22,0,3,0,0,12,0,1,57.5,0,0,0
206396,Joey Davis,CB,0,0,,0,0,,MS VLY ST,1,D89,24,0,0,0,1,2029,0,74.2,0,0,71.6,0,0,12,0,0,0,61.8,24,0,0,0,MS VLY ST,1,0,0,0,,0,0,71.7,,74,0,228,24,0,0,0,0,12,0,0,,0,0,0
206401,Chauncey Warren,LB,0,0,,0,0,,MS VLY ST,0,D22,13,10,0,0,1,2030,1,,0,0,62.8,0,0,7,0,0,0,64.5,0,0,0,0,MS VLY ST,0,0,0,0,,3,,66,,73.2,0,228,14,0,0,0,0,7,0,0,,0,0,1
206402,Adonis Jackson,ED,0,0,,0,0,,MS VLY ST,2,D00,0,0,0,15,1,2028,30,75.7,0,0,60,1,0,0,1,0,0,63.9,0,0,0,0,MS VLY ST,0,0,1,0,,0,0,65.2,,77.3,0,228,30,0,2,0,0,15,0,0,61.2,0,0,27
206428,Noel Brown,DI,0,0,,0,0,,BETH COOK,0,D89,0,0,0,17,1,2030,20,,0,0,,0,0,0,0,3,0,61.8,0,0,0,0,BETH COOK,0,0,0,0,,0,,57.7,,74.4,0,119,20,0,16,0,0,3,0,0,55.1,0,0,1
206434,Lewon Lurry Jr.,ED,0,0,,0,0,,BETH COOK,0,D97,2,2,0,23,1,2030,28,71.1,0,0,,1,0,0,0,0,0,66.6,0,0,0,0,BETH COOK,0,0,1,0,,0,0,61.9,,76.7,0,119,30,0,0,0,0,7,0,1,56.9,0,0,28
206439,Ravel Cato,S,2,0,,0,0,50,CAMPBELL,1,D39,15,4,0,0,1,2028,0,75.1,49,1,49.4,0,0,8,0,0,0,51.4,0,0,0,0,CAMPBELL,0,0,0,0,49,1,0,43.5,49,72.7,0,131,15,4,0,0,95.8,7,0,0,,10,0,0
206448,DeAndre Nance,S,0,0,,0,0,,CAMPBELL,0,D17,5,1,0,0,1,2030,0,,0,0,62.8,0,0,4,0,0,0,60,0,0,0,0,CAMPBELL,0,0,0,0,,3,,63.3,,69.5,0,131,5,0,0,0,0,1,0,0,,1,0,0
206451,Bryce Lofton,CB,2,0,,0,1,100,CAMPBELL,4,D28,49,4,0,1,1,2030,0,63.3,13,2,65.1,0,0,25,0,0,0,58,45,0,0,0,CAMPBELL,0,0,0,0,7,0,20,63.9,6.5,76.2,0,131,49,1,0,0,133.3,23,0,0,60,0,1,0
206462,Matt Bonczek,LB,0,0,,0,1,,MARIST,0,D48,3,3,0,0,1,2030,0,26.3,0,0,60,0,0,1,0,0,0,51,0,0,0,0,MARIST,0,0,0,0,,0,100,46,,66.3,0,213,3,0,0,0,0,2,0,0,,0,0,0
206471,Naheem Ridore,ED,0,0,,0,0,,MARIST,2,D55,0,0,0,12,1,2030,44,73.8,0,0,60,0,0,0,16,0,0,61.1,0,0,0,0,MARIST,1,0,0,0,,0,0,64.4,,76.4,0,213,44,0,0,0,0,32,0,0,65.2,0,0,28
206474,Dixon Charzuk,DI,0,0,,0,0,,MARIST,0,D79,0,0,0,2,1,2030,5,,0,0,,0,0,0,0,0,0,60.8,0,0,0,0,MARIST,0,0,0,0,,0,,61.4,,69.1,0,213,5,0,5,0,0,3,0,0,59.7,0,0,0
206479,Chase Hatton,S,4,0,,0,0,100,MARIST,7,D21,49,28,0,2,1,2030,10,84.6,40,4,59.4,0,0,15,0,0,0,77.8,0,0,0,0,MARIST,2,0,0,0,24,20,0,70.6,10,75.8,0,213,59,24,0,0,108.3,42,0,4,59.2,1,0,10
206488,Jace Williamson,S,1,0,,0,5,0,MARIST,6,D32,41,39,0,1,1,2030,0,29.7,0,0,47.7,0,0,12,0,0,0,39.9,0,0,0,0,MARIST,2,0,0,0,,1,35.7,40.7,,72.7,0,213,41,0,0,0,39.6,28,0,3,60,1,0,0
206507,Nick Carpinello,LB,2,0,,0,0,50,NEWHVN,1,D38,17,17,0,0,1,2026,0,73.2,11,1,60.1,0,0,9,0,0,0,69.2,0,0,0,0,NEWHVN,0,0,0,0,11,0,0,66.5,11,73,0,1013,17,13,0,1,66.7,8,0,0,,0,0,0
206510,Lucas Theriaque,S,2,0,,0,0,0,NEWHVN,1,D33,14,8,0,0,1,2029,0,74.3,0,0,63.5,0,0,10,0,0,0,60.8,0,0,0,0,NEWHVN,1,0,0,0,,2,0,65,,73.8,0,1013,14,0,0,0,39.6,4,0,0,,4,0,0
206511,Ryan Jaslow,CB,0,0,,0,0,,NEWHVN,0,E22,1,1,0,0,1,2029,0,,0,0,,0,0,0,0,0,0,60,0,0,0,0,NEWHVN,0,0,0,0,,0,,60,,64.1,0,1013,1,0,0,0,0,1,0,0,,0,0,0
206513,Israel Bey,ED,0,0,,0,0,,NEWHVN,0,D54,0,0,0,2,1,2028,2,,0,0,,0,0,0,0,0,0,,0,0,0,0,NEWHVN,0,0,0,0,,0,,59.1,,69.6,0,1013,2,0,0,0,0,0,0,0,58.9,0,0,2
206514,Sir Hezekiah Ragland,LB,0,0,,0,0,,NEWHVN,1,D09,46,44,0,5,1,2029,1,76,0,0,65.1,0,0,13,0,0,0,59.5,0,0,0,0,NEWHVN,1,0,0,0,,2,0,61.8,,76.1,0,1013,47,0,0,0,0,29,0,1,55.8,0,0,1
206540,Dahmir Lassiter,CB,1,0,,0,0,100,NEWHVN,2,D25,13,2,0,0,1,2026,0,76.4,12,1,53.4,0,0,3,0,0,0,69.5,11,0,0,0,NEWHVN,1,0,0,0,12,0,0,60,12,70.8,0,1013,13,2,0,0,116.7,10,0,0,,0,0,0
206545,Ricky Encarnacion,LB,0,0,,1,0,,NEWHVN,3,D13,11,11,0,4,1,2028,1,77.6,0,0,88.5,1,0,4,0,0,0,49.3,0,0,0,0,NEWHVN,2,0,1,0,,0,0,78.6,,67.9,0,1013,12,0,0,0,0,4,0,0,65.5,0,0,1
206558,Tyler Hammel,DI,0,0,,0,2,,NEWHVN,7,D97,0,0,0,26,1,2028,61,29.9,0,0,52.3,0,0,1,6,12,0,65.5,0,0,0,0,NEWHVN,4,0,0,0,,0,20,60.3,,77.3,0,1013,61,0,43,0,0,34,1,1,59.4,0,0,0
206561,Liam Godwin,S,1,0,,0,3,100,NEWHVN,5,D15,72,16,0,7,1,2028,5,42.1,6,1,58.1,1,0,28,0,0,0,52.9,0,0,1,0,NEWHVN,0,0,1,0,6,54,30,53.8,6,79.3,0,1013,77,1,0,0,91.7,42,0,2,48.3,2,0,5
206582,Dre Kirton,CB,4,0,,0,1,50,NEWHVN,3,D03,74,3,0,0,1,2028,0,53.1,14,2,69.2,0,0,35,0,0,0,57.5,71,0,0,0,NEWHVN,1,0,0,0,10,0,25,67.5,7,77.6,0,1013,74,5,0,0,58.3,39,0,0,,0,0,0
206583,Myles Hansford,S,0,0,,0,0,,NEWHVN,0,D01,20,4,0,0,1,2029,0,,0,0,77,0,0,10,0,0,0,62.5,0,0,0,0,NEWHVN,0,0,0,0,,5,,75.2,,73.8,0,1013,20,0,0,1,0,10,0,0,,11,0,0
206596,Irv Briggs,ED,0,0,,0,0,,NEWHVN,5,D41,0,0,1,17,1,2028,34,77.8,0,0,60,0,0,0,15,0,0,65.9,0,0,0,0,NEWHVN,4,0,1,0,,0,0,66.6,,76.1,0,1013,34,0,0,0,0,17,3,0,61.8,0,0,19
206600,Brett Hoffman,DI,0,0,,0,0,,NEWHVN,0,D58,0,0,0,5,1,2026,13,,0,0,,0,0,0,1,0,0,63.8,0,0,0,0,NEWHVN,0,0,0,0,,0,,62.9,,72.3,0,1013,13,0,12,0,0,8,0,0,57.7,0,0,0
206606,Frederick Borkey,LB,0,0,,0,1,,NEWHVN,0,D29,12,12,0,5,1,2029,0,20.7,0,0,60.6,0,0,3,0,0,0,46.9,0,0,0,0,NEWHVN,0,0,0,0,,0,100,45.4,,71.4,0,1013,12,0,0,0,0,4,0,0,54.2,0,0,0
206612,DonPaul Keith,CB,5,0,,0,1,80,W ILLINOIS,4,D34,57,5,0,0,1,2029,0,52.4,72,4,63.7,0,1,29,0,0,0,58,52,0,0,0,W ILLINOIS,1,0,0,0,49,0,20,62.8,18,76,0,345,57,31,0,0,79.2,28,0,0,,0,0,0
206615,Joe Edwards,ED,0,0,,0,0,,W ILLINOIS,0,D40,0,0,2,3,1,2030,3,75.7,0,0,,0,0,0,0,0,0,,0,0,0,0,W ILLINOIS,2,0,2,0,,0,,80.6,,69.5,0,345,3,0,0,0,0,0,0,0,77.6,0,0,3
206622,Nick Bucaro,S,0,0,,0,0,,W ILLINOIS,7,D17,66,44,0,0,1,2026,1,85.5,0,0,78.2,0,0,35,0,0,0,63.7,0,0,0,0,W ILLINOIS,1,0,0,0,,3,0,74.7,,77.4,0,345,67,0,0,2,0,32,0,1,,19,0,1
206623,Aa'zoriyon Bonner,S,0,0,,0,1,,W ILLINOIS,3,D38,48,26,0,5,1,2030,7,64.3,0,0,65.2,0,0,20,0,0,0,64.5,0,0,0,0,W ILLINOIS,1,0,0,0,,21,16.7,62.6,,75.9,0,345,55,0,0,0,0,30,0,2,46.2,0,0,7
206633,Justin Buckner,S,1,0,,0,1,100,W ILLINOIS,2,D44,24,15,0,4,1,2030,7,29.4,27,1,47.8,1,0,14,0,0,0,63.7,0,1,0,0,W ILLINOIS,0,0,2,0,27,5,33.3,59.5,27,73.6,0,345,31,10,0,0,118.8,13,0,0,80.5,3,0,7
206634,Brock Sperling,DI,0,0,,0,0,,W ILLINOIS,1,D50,0,0,0,0,1,2029,1,70.8,0,0,,0,0,0,1,0,0,60.7,0,0,0,0,W ILLINOIS,0,0,0,0,,0,0,62.8,,64.6,0,345,1,0,0,0,0,1,0,0,,0,0,0
208025,Jamari Stokes,S,6,0,,0,2,33.3,MS VLY ST,1,D23,73,10,0,0,1,2030,0,30,29,2,72.7,0,0,41,0,0,0,74.4,0,0,0,0,MS VLY ST,1,0,0,0,18,11,40,74.7,14.5,79.2,0,228,73,5,0,3,89.6,32,0,2,,52,1,0
208931,Matti Kruger,ED,0,0,,0,0,,BUCKNELL,0,D90,0,0,0,6,1,2028,19,,0,0,,0,0,0,14,0,0,64.4,0,0,0,0,BUCKNELL,0,0,0,0,,0,,62.4,,73.4,0,125,19,0,1,0,0,13,0,0,55.9,0,0,4
208994,J'hari Mosley,S,2,0,,0,1,50,CITADEL,0,D31,3,0,0,0,1,2030,0,21.4,4,1,50.8,0,0,2,0,0,0,60,0,0,0,0,CITADEL,0,0,0,0,4,3,100,48.8,4,68.9,0,139,3,1,0,0,56.3,1,0,0,,0,0,0
208996,Cam'rich Smith,CB,0,0,,0,0,,CITADEL,0,D52,1,0,0,1,1,2029,0,,0,0,,0,0,0,0,0,0,,0,0,0,0,CITADEL,0,0,0,0,,1,,60,,63.8,0,139,1,0,0,0,0,0,0,0,59.2,0,0,0
208997,Adam Comer,ED,0,0,,0,0,,CITADEL,1,D92,1,1,0,1,1,2026,4,73,0,0,62.8,0,0,3,0,0,0,60,0,0,1,0,CITADEL,0,0,0,0,,0,0,47.3,,0,0,139,5,0,0,0,0,1,0,0,60,0,0,4
208999,Sayre Smothers,CB,0,0,,0,1,,CITADEL,1,D37,21,2,0,0,1,2030,0,28.1,0,0,66.5,0,0,9,0,0,0,46.2,19,0,0,0,CITADEL,0,0,0,0,,0,50,60.3,,72.5,0,139,21,0,0,0,0,12,0,0,,0,0,0
209000,Nolan Jones,CB,3,0,,0,0,66.7,CITADEL,2,D26,44,20,0,3,1,2026,6,79.6,47,2,52.4,1,0,16,0,0,0,61.6,1,1,0,0,CITADEL,0,0,2,0,38,22,0,58.9,23.5,77.9,0,139,50,9,0,0,109.7,31,0,1,75.8,1,0,6
209002,Withchiel Filamar,ED,0,0,,0,1,,TXRG,2,D91,0,0,1,29,1,2028,39,55,0,0,,0,0,0,5,0,0,64.3,0,2,0,0,TXRG,2,0,3,0,,0,25,64.6,,77.1,0,1445,39,0,0,0,0,10,0,1,61.8,0,0,34
209003,Jaden Adkins,CB,0,0,,0,0,,TXRG,0,D10,8,3,0,0,1,2029,0,,0,0,63.2,0,0,6,0,0,0,60,0,0,0,0,TXRG,0,0,0,0,,5,,52.2,,69.6,0,1445,8,0,0,0,0,2,0,0,,0,0,0
209004,Ja'Marcus Anderson,ED,0,0,,0,1,,TXRG,0,D49,0,0,1,22,1,2029,32,31.8,0,0,,4,0,0,1,0,0,65.1,0,0,0,1,TXRG,1,0,5,0,,0,100,70.9,,78.6,0,1445,32,0,0,0,0,10,0,0,68.1,0,0,31
209010,Trey Bright,LB,1,0,,0,1,100,TXRG,0,D48,19,14,0,1,1,2029,0,27.5,7,1,60.4,0,0,14,0,0,0,61.4,0,0,0,0,TXRG,0,0,0,0,7,5,100,60.8,7,73.1,0,1445,19,3,0,0,95.8,4,0,0,59.2,0,0,0
209039,Jaiden Haygood,LB,4,0,,0,0,50,TXRG,5,D23,61,53,0,2,1,2029,2,83.4,8,2,64.4,0,0,40,0,1,0,78.8,1,0,0,0,TXRG,3,0,0,0,8,7,0,71.7,4,76.4,0,1445,63,0,0,0,56.3,21,0,6,57.2,0,0,1
209045,Percy Jackson III,ED,0,0,,0,0,,TXRG,3,D93,0,0,1,15,1,2027,27,77.3,0,0,60,2,0,0,6,0,0,67.2,0,0,0,0,TXRG,3,0,3,0,,0,0,66.8,,76,0,1445,27,0,0,0,0,12,0,1,60.4,0,0,21
209050,Abdon Mata,DI,0,0,,0,0,,TXRG,2,D58,0,0,0,17,1,2029,28,73.2,0,0,60,1,0,0,0,0,0,67.9,0,0,0,0,TXRG,2,0,1,0,,0,0,63.1,,74.1,0,1445,28,0,28,0,0,11,0,1,54.5,0,0,0
209057,TJ Neal,S,6,0,,0,2,83.3,TXRG,4,D02,61,29,0,0,1,2027,0,35.7,79,5,58,0,0,40,0,0,0,70.8,0,0,0,0,TXRG,0,0,0,0,54,15,33.3,61.4,15.8,78.8,0,1445,61,35,0,1,118.8,21,0,0,,17,0,0
209064,Alijah Prosser,CB,4,0,,0,0,50,TXRG,6,D01,74,18,0,1,1,2029,0,82.7,12,2,75,0,0,50,0,0,0,74.1,1,0,0,0,TXRG,3,0,0,0,6,49,0,75.8,6,79.3,0,1445,74,19,0,0,56.3,23,1,1,59,6,0,0
209072,DC Thompson,DI,1,0,,0,0,100,TXRG,2,D07,0,0,0,22,1,2029,27,72.4,1,1,62.2,0,0,0,1,0,0,61.8,0,0,0,0,TXRG,2,0,0,0,1,0,0,65.1,1,73.9,0,1445,27,6,26,0,79.2,5,0,0,58.2,0,0,0
209074,Jackson Waid,LB,3,0,,0,1,33.3,TXRG,0,D56,19,14,0,0,1,2029,0,21.6,19,1,49.7,0,0,15,0,0,0,61.5,0,0,0,0,TXRG,0,0,0,0,19,5,100,50.4,19,72.6,0,1445,19,17,0,0,56.3,4,0,0,,0,0,0
209077,Nolan White,CB,3,0,,0,1,66.7,TXRG,3,D21,27,0,0,0,1,2029,0,46.5,17,2,55.1,0,0,19,0,0,0,60.1,27,0,0,0,TXRG,1,0,0,0,10,0,25,55.6,8.5,74.6,0,1445,27,1,0,0,81.3,8,0,0,,0,0,0
209079,Jaden Wincher,DI,0,0,,0,0,,TXRG,2,D90,0,0,0,24,1,2028,31,73.8,0,0,60,0,0,0,0,1,0,66.4,0,0,0,0,TXRG,1,0,0,0,,0,0,60.8,,74.7,0,1445,31,0,30,0,0,7,0,1,54.6,0,0,0
209599,Jacob Brown,DI,0,0,,0,0,,FL A&M,1,D96,0,0,0,12,1,2028,35,70.1,0,0,,0,0,0,2,14,0,65.8,0,0,0,0,FL A&M,1,0,0,0,,0,0,66.8,,76.5,0,164,35,0,19,0,0,23,1,0,62.7,0,0,0
209617,Lorenzo Riddick,ED,0,0,,0,0,,FORDHAM,1,D46,0,0,0,1,1,2030,5,71.5,0,0,,0,0,0,0,0,0,62.1,0,0,0,0,FORDHAM,1,0,0,0,,0,0,61.9,,70.6,0,168,5,0,0,0,0,4,0,0,59.1,0,0,5
209662,Josiah Harris,S,2,0,,0,3,50,GARD-WEBB,7,D16,54,43,0,0,1,2028,0,47.9,12,1,88.3,0,1,28,0,0,0,66.8,0,0,0,0,GARD-WEBB,1,0,0,0,12,5,25,82.5,12,76.7,0,171,54,18,0,1,29.2,26,0,2,,6,0,0
209689,Shayne Masonto,DI,0,0,,0,1,,GRAMBLING,2,D15,0,0,0,6,1,2026,15,26,0,0,60,0,0,0,2,0,0,65.6,0,0,0,0,GRAMBLING,1,0,0,0,,0,33.3,54.2,,72,0,177,15,0,12,0,0,9,0,0,56.8,0,0,1
209703,Sammy Draper,CB,2,0,,1,0,50,GRAMBLING,3,D32,16,0,0,0,1,2030,3,77.9,47,1,58.7,0,0,8,0,0,0,87.6,0,0,0,0,GRAMBLING,1,0,0,0,47,16,0,72.5,47,78.1,0,177,19,14,0,0,95.8,11,1,0,,0,0,3
209708,Jaqui Vaughan,ED,0,0,,0,0,,HAMPTON,0,D52,0,0,0,2,1,2030,10,,0,0,,0,0,0,10,0,0,56.1,0,0,0,0,HAMPTON,0,0,0,0,,0,,60.2,,69.9,0,178,10,0,0,0,0,8,0,0,66.6,0,0,0
209714,Nikko Speer,LB,0,0,,0,0,,IDAHO,0,D38,8,3,0,4,1,2030,3,,0,0,60,2,0,1,0,0,0,54.4,0,0,0,0,IDAHO,0,0,2,0,,5,,51.6,,72.8,0,185,11,0,0,0,0,6,0,0,56.4,0,0,3
209716,Hikifo'Ou Maile,DI,0,0,,0,0,,IDAHO,0,D98,1,1,0,1,1,2027,2,,0,0,60,0,0,1,0,2,0,60,0,0,0,0,IDAHO,0,0,0,0,,0,,60.9,,69.5,0,185,3,0,0,0,0,1,0,0,60,0,0,0
209735,Felix Matos,S,0,0,,0,0,,LIUSHAR,0,D32,18,1,0,0,1,2030,0,,0,0,64.7,0,0,16,0,0,0,60,0,0,0,0,LIUSHAR,0,0,0,0,,0,,64.5,,74.6,0,1298,18,0,0,0,0,2,0,0,,17,0,0
209744,Martin Martini,LB,0,0,,0,0,,LIUSHAR,3,D36,13,11,0,3,1,2029,2,77.4,0,0,65.9,0,0,10,0,0,0,65.4,0,0,0,0,LIUSHAR,2,0,0,0,,2,0,67.9,,69.6,0,1298,15,0,0,0,0,2,0,0,56.4,0,0,2
209751,Naquan Johnson,DI,0,0,,0,0,,LIUSHAR,0,D51,0,0,0,17,1,2030,21,,0,0,,1,0,0,1,6,0,55.4,0,0,0,0,LIUSHAR,0,0,1,0,,0,,60,,74.4,0,1298,21,0,11,0,0,4,0,0,63.5,0,0,3
209756,Michael Kirichenko,LB,1,0,,0,0,100,LIUSHAR,0,D59,3,3,0,0,1,2030,0,,14,1,49.5,0,0,3,0,0,0,,0,0,0,0,LIUSHAR,0,0,0,0,14,0,,34.1,14,67.6,0,1298,3,7,0,0,118.8,0,0,0,,0,0,0
209768,Ngianni Cerisier,CB,3,0,,0,0,66.7,MAINE,1,D22,21,0,0,0,1,2026,0,73.5,20,2,66.9,0,0,17,0,0,0,60,21,0,0,0,MAINE,1,0,0,0,15,0,0,67.3,10,73.4,0,212,21,0,0,0,125,4,0,0,,0,1,0
209793,Alex Valencia,LB,1,0,,0,0,0,MOREHEAD,1,D02,4,3,0,0,1,2028,0,74.3,0,0,60,0,0,1,0,0,0,66,1,0,0,0,MOREHEAD,0,0,0,0,,0,0,70.2,,65,0,234,4,0,0,0,39.6,3,0,0,,0,0,0
209801,Rasheen Duncan,DI,0,0,,0,0,,MORGAN ST,4,D90,1,0,1,21,1,2030,46,75.3,0,0,60,0,0,0,5,17,0,68.5,0,0,0,0,MORGAN ST,3,0,1,0,,0,0,67.9,,77.4,0,235,47,0,24,0,0,26,0,0,60.6,0,0,0
209803,Donovan Moyer,ED,0,0,,0,0,,MORGAN ST,1,D94,1,0,0,9,1,2030,10,73,0,0,,1,0,0,2,0,0,61.2,0,0,0,0,MORGAN ST,0,0,1,0,,1,0,62.3,,72.8,0,235,11,0,3,0,0,2,0,0,60.1,0,0,5
209810,Jayden Jackson,CB,1,0,,0,0,100,MORGAN ST,1,D12,11,1,0,0,1,2027,0,74.2,5,1,65.8,0,0,8,0,0,0,60,9,0,0,0,MORGAN ST,0,0,0,0,5,0,0,66.4,5,70.5,0,235,11,0,0,0,87.5,3,0,0,,1,0,0
209827,Dantonio Hackworth Jr.,CB,3,0,,0,3,33.3,MORGAN ST,5,D21,73,2,0,0,1,2028,0,28.9,7,1,63.5,0,0,40,0,0,0,67,69,0,0,0,MORGAN ST,0,0,0,0,7,0,37.5,64.8,7,77.6,0,235,73,7,0,1,42.4,33,0,0,,1,0,0
209828,DeMarkus Boykin,CB,0,0,,0,1,,MURRAY ST,0,D21,8,2,0,0,1,2030,0,20.7,0,0,60,0,0,1,0,0,0,38.9,6,0,0,0,MURRAY ST,0,0,0,0,,0,100,41.6,,68.8,0,236,8,0,0,0,0,7,0,0,,0,0,0
209852,Bishop Burkhalter,LB,0,0,,0,0,,N ALABAMA,0,D10,1,1,0,0,1,2029,0,,0,0,60,0,0,1,0,0,0,,0,0,0,0,N ALABAMA,0,0,0,0,,0,,60.4,,64.1,0,389,1,0,0,0,0,0,0,0,,0,0,0
209857,Lonell Cunningham,S,1,0,,0,2,100,N ALABAMA,1,D21,21,12,0,0,1,2031,0,27,79,1,56.4,0,0,9,0,0,0,52.5,0,0,0,0,N ALABAMA,0,0,0,0,79,4,50,53.6,79,72.8,0,389,21,35,0,0,158.3,12,0,1,,5,1,0
209869,Wyatt Kuhn,DI,0,0,,0,0,,N DAKOTA,0,D55,0,0,0,0,1,2030,4,,0,0,,0,0,0,0,0,0,56.3,0,0,0,0,N DAKOTA,0,0,0,0,,0,,54.7,,68.2,0,249,4,0,4,0,0,4,0,0,,0,0,0
209870,Ethan Cole,DI,0,0,,0,0,,N DAKOTA,1,D91,0,0,0,0,1,2029,4,70.2,0,0,,0,0,0,0,2,0,66.9,0,0,0,0,N DAKOTA,1,0,0,0,,0,0,70.1,,71.2,0,249,4,0,2,0,0,4,1,0,,0,0,0
209871,Grant Tylutki,S,1,0,,0,0,0,N DAKOTA,3,D29,14,7,0,0,1,2030,4,77.6,0,0,76.9,0,0,5,0,0,0,63.4,1,0,0,0,N DAKOTA,2,0,0,0,,6,0,74.3,,72.7,0,249,18,0,0,1,39.6,13,1,0,,0,0,4
209873,Evan Kludt,CB,2,0,,0,0,0,N DAKOTA,0,D42,12,1,0,0,1,2030,0,,0,0,76,0,0,3,0,0,0,46.1,11,0,0,0,N DAKOTA,0,0,0,0,,0,,66,,70.8,0,249,12,0,0,1,39.6,9,0,0,,0,0,0
209880,Brody Thornton,ED,0,0,,0,0,,N DAKOTA,0,D48,0,0,1,3,1,2029,15,73,0,0,60,0,0,1,0,0,0,64.6,0,0,0,0,N DAKOTA,1,0,1,0,,0,,70.4,,75.5,0,249,15,0,0,0,0,11,0,0,69.3,0,0,15
209882,Grant Noland,CB,2,0,,0,0,100,N DAKOTA,2,D27,34,2,0,0,1,2030,0,76.6,16,2,63.1,0,0,21,0,0,0,62.5,31,0,0,0,N DAKOTA,0,0,0,0,10,1,0,63.8,8,74.9,0,249,34,-1,0,0,100,13,0,0,,0,0,0
209889,Idrique Carmichael,CB,0,0,,0,0,,N DAKOTA,0,D19,12,0,0,0,1,2027,0,,0,0,62.2,0,0,3,0,0,0,60.4,12,0,0,0,N DAKOTA,0,0,0,0,,0,,63.7,,71.8,0,249,12,0,0,0,0,9,0,0,,0,0,0
209897,Dom Rausch,DI,0,0,,0,0,,N ARIZONA,0,D14,0,0,0,11,1,2028,15,,0,0,,0,0,0,7,0,0,60.9,0,0,0,0,N ARIZONA,0,0,0,0,,0,,57,,72.3,0,252,15,0,1,0,0,4,0,0,55.2,0,0,7
209923,Mikhail Benner,CB,2,0,,0,1,0,N COLORADO,4,D34,51,2,0,0,1,2030,1,57,0,0,78.3,0,0,27,0,0,0,60.3,39,0,0,0,N COLORADO,2,0,0,0,,10,16.7,75.4,,77.3,0,253,52,0,0,0,39.6,25,0,1,,0,0,1
209929,Darrell Ishman,CB,0,0,,0,0,,N COLORADO,0,D37,5,0,0,0,1,2029,0,,0,0,62.8,0,0,4,0,0,0,60,2,0,0,0,N COLORADO,0,0,0,0,,3,,63.4,,69.2,0,253,5,0,0,0,0,1,0,0,,0,0,0
209985,Kavyion Hicks,ED,0,0,,0,0,,SO UTAH,1,D94,0,0,0,8,1,2027,14,74.8,0,0,,0,0,0,0,0,0,71.6,0,0,0,0,SO UTAH,1,0,0,0,,0,0,69.6,,74.4,0,298,14,0,0,0,0,6,0,1,57.4,0,0,14
209987,Christian Sampson,CB,1,0,,0,0,100,SO UTAH,1,D24,14,0,0,0,1,2028,0,74.2,5,1,65.9,0,0,12,0,0,0,60,14,0,0,0,SO UTAH,1,0,0,0,5,0,0,66.3,5,72.4,0,298,14,0,0,0,87.5,2,0,0,,0,0,0
210001,Jahyden Clark,S,3,0,,0,1,66.7,STETSON,6,D12,37,18,0,2,1,2030,7,64.8,20,2,70.2,0,0,23,0,0,0,47.6,1,0,0,0,STETSON,3,0,0,0,15,15,12.5,62.3,10,78.1,0,302,44,3,0,1,85.4,19,0,1,58.3,3,0,7
210002,Gabriel Gray,S,0,0,,0,0,,STETSON,1,D16,1,0,0,1,1,2026,3,74.3,0,0,63.8,0,0,2,0,0,0,60,0,0,0,0,STETSON,0,0,0,0,,0,0,64.9,,71.4,0,302,4,0,0,0,0,1,0,0,59.9,1,0,3
210003,Nycere Jacobs,LB,2,0,,0,0,100,STETSON,4,D30,40,38,0,2,1,2030,3,80.1,6,2,72.1,1,0,16,0,0,0,56.6,0,0,0,0,STETSON,3,0,1,0,5,2,0,67.5,3,72.4,0,302,43,13,0,0,79.2,25,1,1,66.4,0,0,3
210049,Bryce Gray,DI,0,0,,0,0,,TENN STATE,1,D52,0,0,0,11,1,2030,18,68.7,0,0,,1,0,0,1,2,0,57.2,0,0,1,0,TENN STATE,1,1,1,0,,0,0,54,,0,0,308,18,0,15,0,0,7,0,0,68.2,0,0,0
210053,Stephon Shivers,DI,0,0,,0,0,,TENN STATE,0,D02,0,0,0,8,1,2029,11,,0,0,,1,0,0,0,1,0,56.1,0,0,1,1,TENN STATE,0,0,1,0,,0,,53.9,,0,0,308,11,0,10,0,0,3,0,0,76.7,0,0,0
210075,Derek Hite,LB,5,0,,0,2,100,VA MILT IN,3,D23,33,31,0,6,1,2030,2,41.8,100,5,41.9,0,0,20,0,0,0,48,0,0,0,0,VA MILT IN,0,0,0,0,59,0,25,38.7,20,75.3,0,336,35,86,0,0,158.3,9,0,3,54.2,2,1,2
210077,Carson Gue,ED,0,0,,0,0,,VA MILT IN,2,D97,5,5,0,13,1,2030,29,73.8,0,0,62,0,0,5,13,0,0,54.8,0,0,0,0,VA MILT IN,2,0,0,0,,0,0,55.3,,76.3,0,336,34,0,4,0,0,16,1,0,55.6,0,0,12
210088,Rod Tasco,LB,1,0,,0,0,100,VA MILT IN,1,D30,11,8,0,0,1,2030,1,73.1,1,1,72.4,0,0,6,0,0,0,60.8,1,0,0,0,VA MILT IN,1,0,0,0,1,2,0,73,1,69.3,0,336,12,5,0,0,79.2,6,0,0,,0,0,1
210105,Justice Foster,DI,0,0,,0,0,,VA MILT IN,1,D94,1,1,0,12,1,2029,27,70.1,0,0,60,0,0,1,0,25,0,65,0,0,0,0,VA MILT IN,1,0,0,0,,0,0,56.5,,76.9,0,336,28,0,2,0,0,15,0,0,57.5,0,0,0
210108,Donovan Burnett,ED,0,0,,0,1,,VA MILT IN,1,D57,0,0,0,17,1,2029,32,41.8,0,0,,0,0,0,9,0,0,73.9,0,0,0,0,VA MILT IN,1,0,0,0,,0,33.3,67.7,,75.4,0,336,32,0,4,0,0,15,0,1,54.7,0,0,19
211170,Unknown D85 Norfolk State,DI,0,0,,0,0,,NORFOLK,1,D85,0,0,0,8,1,2026,16,69.7,0,0,,1,0,0,0,0,0,59.7,0,0,0,0,NORFOLK,0,0,1,0,,0,0,57.7,,72.7,0,244,16,0,16,0,0,8,0,0,55.9,0,0,0
211175,Alan White,ED,1,0,,0,0,0,NEWHVN,5,D23,2,0,1,20,1,2029,50,78.8,0,0,66.2,0,0,4,12,0,0,78.9,0,0,0,0,NEWHVN,6,0,1,0,,2,0,78,,78.2,0,1013,52,0,0,0,39.6,28,1,1,60.3,0,0,38
211180,Unknown D35 Murray State,ED,0,0,,0,0,,MURRAY ST,1,D35,0,0,0,1,1,2026,7,73,0,0,,0,0,0,0,0,0,55.7,0,0,0,0,MURRAY ST,1,0,0,0,,0,0,61.2,,72.8,0,236,7,0,0,0,0,6,0,0,60,0,0,7
211187,Brandon Mills,DI,0,0,,0,1,,MURRAY ST,3,D70,0,0,0,18,1,2030,39,73.4,0,0,62.1,1,0,0,0,8,0,56.3,0,0,0,0,MURRAY ST,3,0,1,0,,0,25,59.8,,76.2,0,236,39,0,31,0,0,21,0,0,55.8,0,0,0
212040,Jevean Brown,S,0,0,,0,0,,ELON,2,D38,13,4,0,0,1,2027,3,76.4,0,0,56.9,0,0,9,0,0,0,68.9,2,0,0,0,ELON,1,0,0,0,,6,0,61.9,,74.2,0,162,16,0,0,0,0,7,1,0,,0,0,3
212062,Caleb Holmes,CB,1,0,,0,0,0,LAMAR,0,D30,7,0,0,0,1,2030,0,,0,0,68.1,0,0,2,0,0,0,60.6,7,0,0,0,LAMAR,0,0,0,0,,0,,72.1,,69.9,0,204,7,0,0,0,39.6,5,0,0,,0,0,0
212459,Logan Candis,DI,0,0,,0,0,,NORFOLK,1,D97,0,0,0,2,1,2030,10,70.1,0,0,,0,0,0,0,10,0,67.8,0,0,0,0,NORFOLK,1,0,0,0,,0,0,68.2,,72.8,0,244,10,0,0,0,0,8,0,0,58.8,0,0,0
212463,Unknown Delaware State D18,CB,0,0,,0,0,,DELWARE ST,0,D18,1,0,0,0,1,2029,0,,0,0,,0,0,0,0,0,0,60,1,0,0,0,DELWARE ST,0,0,0,0,,0,,60,,63.5,0,152,1,0,0,0,0,1,0,0,,0,0,0
212482,Clayton Harris,ED,0,0,,0,0,,TENN TECH,0,D93,0,0,0,2,1,2028,6,,0,0,,0,0,0,3,0,0,61.1,0,0,0,0,TENN TECH,0,0,0,0,,0,,60.7,,70.1,0,309,6,0,0,0,0,4,0,0,58.6,0,0,3
212523,Unknown Grambling 38,S,1,0,,0,0,100,GRAMBLING,1,D38,8,4,0,1,1,2029,0,75.1,5,1,64.2,0,0,4,0,0,0,60,0,0,0,0,GRAMBLING,1,0,0,0,5,2,0,64.1,5,69.9,0,177,8,0,0,0,87.5,3,0,0,60,2,0,0
212538,Elijah Motley,CB,1,0,,0,0,100,ST FRANCIS,0,D29,19,10,0,0,1,2029,1,73.1,9,1,54.9,0,0,8,0,0,0,71.6,9,0,0,0,ST FRANCIS,0,0,0,0,9,0,0,62.8,9,70.7,0,299,20,0,0,0,143.8,12,0,1,,0,1,1
212556,Unknown Delaware State D30,CB,2,0,,0,0,50,DELWARE ST,1,D30,18,0,0,0,1,2029,0,74.2,33,1,53,0,0,18,0,0,0,,18,0,0,0,DELWARE ST,0,0,0,0,33,0,0,52.8,33,72.8,0,152,18,3,0,0,95.8,0,0,0,,0,0,0
212578,Devedrick Wilson,DI,0,0,,0,2,,ALAB A&M,0,D07,0,0,0,6,1,2026,21,20.7,0,0,,1,0,0,2,0,0,52.9,0,0,1,0,ALAB A&M,0,0,1,0,,0,100,49.2,,0,0,104,21,0,18,0,0,15,0,0,66.5,0,0,1
