playerId,player,position,assists,declinedPenalties,draftSeason,eligibleSeason,franchiseId,gradesFgepOffense,gradesMiscSt,gradesSpecialTeamsPenalty,jerseyNumber,missedTackles,penalties,playerGameCount,snapCountsFieldGoal,snapCountsFieldGoalBlocking,snapCountsKickoff,snapCountsKickoffReturn,snapCountsPuntCoverage,snapCountsPuntReturn,tackles,team,teamName,totalSnaps,gradesFgepDefense,gradesKickReturn,gradesLongSnap,gradesPuntReturn,gradesFgepKicker,gradesKickoffKicker,gradesPunter
41982,Cam McCormick,TE,0,0,,2025,220,60,60.7,64.7,84,0,0,1,7,0,0,7,1,0,0,MIAMI FL,MIAMI FL,15,,,,,,,
51984,Bentley Hanshaw,TE,0,0,,2025,206,60,60.7,63.7,15,0,0,1,2,0,0,0,6,0,0,LIBERTY,LIBERTY,8,,,,,,,
52540,Jakob James,C,0,0,,2025,316,,60,63.3,78,0,0,1,0,0,0,0,0,0,0,TOLEDO,TOLEDO,0,,,,,,,
54240,Cheikhsaliou Fall,ED,0,0,,2025,130,,60.3,64.2,D17,0,0,1,0,1,0,0,0,1,0,CAL,CAL,2,59.8,,,,,,
62494,Alex Howard,LB,0,0,,2025,154,,60.4,65,D03,0,0,1,0,7,0,0,0,0,0,DUKE,DUKE,7,60.1,,,,,,
62724,Barry Brown,LB,0,0,,2025,141,,61.3,67.6,D35,0,0,1,0,8,0,1,0,2,0,COAST CAR,COAST CAR,11,59.9,,,,,,
64958,Connor Cmiel,WR,0,0,,2025,141,,60,63.7,81,0,0,1,0,0,1,0,0,0,0,COAST CAR,COAST CAR,1,,,,,,,
66298,Ty Hamilton,DI,0,0,2025,2025,260,,61.5,66.3,D58,0,0,1,0,1,0,0,0,3,0,OHIO STATE,OHIO STATE,4,60,,,,,,
70536,Sebastian Macaluso,WR,0,0,,2025,285,,62.1,69.5,24,0,0,1,0,0,0,6,0,7,0,S JOSE ST,S JOSE ST,13,,59.6,,,,,
70831,Korey Foreman,ED,0,0,,2026,169,,59.9,62,D00,0,0,1,0,2,0,0,0,0,0,FRESNO ST,FRESNO ST,2,59.7,,,,,,
70879,Tuasivi Nomura,LB,0,0,2025,2025,169,,60,62.8,D08,0,0,1,0,5,0,0,0,0,0,FRESNO ST,FRESNO ST,5,59.8,,,,,,
70933,DeCarlos Brooks,HB,0,0,,2025,110,,57.2,66.3,25,0,0,1,0,0,0,6,0,0,0,ARIZONA ST,ARIZONA ST,6,,,,,,,
70946,Tate Romney,LB,0,0,,2027,110,,67.3,69.8,D24,0,0,1,0,0,5,6,0,2,1,ARIZONA ST,ARIZONA ST,13,,,,,,,
71370,Domani Jackson,CB,0,0,2026,2026,103,,60.5,65.9,D01,0,0,1,0,5,0,0,0,0,0,ALABAMA,ALABAMA,5,59.9,,,,,,
71406,Akili Arnold,S,0,0,,2025,326,,58.8,68.5,D00,0,0,1,0,4,0,6,1,2,0,USC,USC,13,59.9,,,,,,
71410,Easton Mascarenas-Arnold,LB,0,0,2025,2025,326,,60.4,66.9,D04,0,0,1,0,3,0,0,5,2,0,USC,USC,10,59.9,,,,,,
71443,Mavin Anderson,WR,0,0,,2026,130,,61.8,66.6,11,0,0,1,0,0,0,0,0,5,0,CAL,CAL,5,,,,,,,
71476,Cameron Warchuck,LS,0,0,,2026,340,60,63,63.7,S47,0,0,1,4,0,0,0,6,0,0,WASHINGTON,WASHINGTON,10,,,69.1,,,,
71674,Silas Bolden,WR,0,0,2025,2025,311,,46.7,66.1,11,0,0,1,0,0,0,1,3,4,0,TEXAS,TEXAS,8,,59.9,,74.1,,,
71957,Sheldon Newton,DI,0,0,,2025,120,,59.7,63.3,D09,0,0,1,0,2,0,0,0,0,0,BOISE ST,BOISE ST,2,59.5,,,,,,
72200,Marist Talavou,G,0,0,,2025,285,60.3,61.7,66.8,61,0,0,1,5,0,0,0,0,0,0,S JOSE ST,S JOSE ST,5,,,,,,,
72324,Sonny Makasini,G,0,0,,2027,128,61.5,62,67.2,51,0,0,1,6,0,0,0,0,0,0,BYU,BYU,6,,,,,,,
72332,Kamren Fabiculanan,S,0,0,,2025,340,,60.4,62.3,D13,0,0,1,0,5,0,0,0,1,0,WASHINGTON,WASHINGTON,6,59.9,,,,,,
72338,Raider Damuni,S,0,0,,2028,128,,60,61.5,D03,0,0,1,0,2,0,0,0,0,0,BYU,BYU,2,59.9,,,,,,
72689,Marshall Jackson,T,0,0,,2026,346,60,60.6,62.5,53,0,0,1,3,1,0,0,0,0,0,W KENTUCKY,W KENTUCKY,4,59.8,,,,,,
72769,Lavario Wiley,CB,0,0,,2025,325,,69.5,69.6,D17,0,0,1,0,1,5,0,0,6,0,UNLV,UNLV,12,60,,,,,,
72821,Keith Conley Jr.,ED,0,0,,2026,325,,59.5,62.9,D99,0,0,1,0,2,0,0,0,0,0,UNLV,UNLV,2,59.3,,,,,,
73389,Marco Notarainni,LB,0,0,,2026,120,,59.7,69.2,D53,0,0,1,0,5,3,5,4,1,0,BOISE ST,BOISE ST,18,59.8,,,,,,
73658,Gio De Leon,LB,0,0,,2026,126,,61.2,66.5,D45,0,0,1,0,0,7,2,0,0,0,BUFFALO,BUFFALO,9,,,,,,,
73741,Aluma Nkele,T,0,0,,2026,225,60,61,62.8,70,0,0,1,5,0,0,0,0,0,0,MINNESOTA,MINNESOTA,5,,,,,,,
73930,Ryan Daly,TE,0,0,,2027,126,,60.1,64.8,88,0,0,1,0,0,0,2,0,0,0,BUFFALO,BUFFALO,2,,,,,,,
74152,Ryan Quintanar,LB,0,0,,2026,326,,59.1,65.3,D51,0,0,1,0,0,6,6,0,0,0,USC,USC,12,,,,,,,
74174,Mose Vavao,C,0,0,2025,2025,169,,58.9,63.5,51,0,0,1,0,5,0,0,0,0,0,FRESNO ST,FRESNO ST,5,58.9,,,,,,
74267,Melquan Stovall,WR,0,0,,2025,110,,60.1,64.2,05,0,0,1,0,0,0,6,1,3,0,ARIZONA ST,ARIZONA ST,10,,58,,63,,,
74427,Anthony Landphere,TE,0,0,2025,2025,218,60,61.5,61.5,82,0,0,1,7,0,0,0,0,0,0,MEMPHIS,MEMPHIS,7,,,,,,,
74498,Treven Ma'ae,DI,0,0,2025,2025,118,,58.7,64.1,D09,0,0,1,0,8,0,0,0,0,0,BAYLOR,BAYLOR,8,58.8,,,,,,
74957,Nathan Griffin,LB,0,0,,2025,346,,60.6,68.8,D45,0,0,1,0,0,0,6,0,2,0,W KENTUCKY,W KENTUCKY,8,,,,,,,
75263,Silas Walters,S,0,0,2026,2026,221,,61,66.2,D29,0,0,1,0,3,0,1,3,3,0,MIAMI OH,MIAMI OH,10,60,,,,,,
75288,Tegra Tshabola,G,0,0,,2028,260,61.6,62,66.2,77,0,0,1,7,0,0,0,0,0,0,OHIO STATE,OHIO STATE,7,,,,,,,
76792,Dennis Briggs Jr.,DI,0,0,,2025,187,,60.1,62.7,D06,0,0,1,0,2,0,0,0,0,0,ILLINOIS,ILLINOIS,2,60,,,,,,
76813,Antonio Colclough,ED,0,0,,2025,126,,60,64.1,D06,0,0,1,0,0,0,0,0,1,0,BUFFALO,BUFFALO,1,,,,,,,
77252,Daniel Bolden,LB,0,0,,2025,316,,68.3,68.3,D31,0,0,1,0,5,0,6,6,0,0,TOLEDO,TOLEDO,17,59.8,59.9,,,,,
77680,Jace Ruder,LB,0,1,,2025,251,,42.3,26.7,D03,0,1,1,0,0,5,7,3,3,0,N TEXAS,N TEXAS,18,,,,,,,
77939,Anthony Torres,TE,0,0,2025,2025,316,60,61.5,62.5,88,0,0,1,7,0,0,0,0,0,0,TOLEDO,TOLEDO,7,,,,,,,
78169,DaShon Bussell,CB,0,0,,2025,347,,61.2,66.4,D00,0,0,1,0,2,5,0,0,0,0,W MICHIGAN,W MICHIGAN,7,60,,,,,,
78999,Marque Collins,CB,0,0,,2026,128,,60,63.6,D02,0,0,1,0,1,0,0,0,0,0,BYU,BYU,1,59.9,,,,,,
81249,Jayden McDonald,LB,0,0,,2025,146,,60.4,62.8,D10,0,0,1,0,2,0,0,0,1,0,UCONN,UCONN,3,60,,,,,,
81809,Joe More,C,0,0,,2025,111,60,61.4,63,78,0,0,1,7,0,0,0,0,0,0,ARKANSAS,ARKANSAS,7,,,,,,,
82212,Jermayne Lole,DI,0,0,,2025,311,,60,67.2,D99,0,0,1,0,0,0,0,0,1,0,TEXAS,TEXAS,1,,,,,,,
82281,Ezekiel Holmes,DI,0,0,,2025,187,60,61.1,65.8,D33,0,0,1,3,2,0,0,3,0,0,ILLINOIS,ILLINOIS,8,60,,,,,,
82408,Maurice Strong Jr.,DI,0,0,,2025,288,,58.8,62.6,D55,0,0,1,0,3,0,0,0,0,0,S ALABAMA,S ALABAMA,3,58.8,,,,,,
82597,Kenneth Almendares,K,0,0,,2025,207,,60,65.5,S45,0,0,1,2,0,2,0,0,0,0,LA LAFAYET,LA LAFAYET,4,,,,,60,65.8,
83197,Dustin Johnson,S,0,0,,2025,259,,60,61.1,D06,0,0,1,0,1,0,0,0,0,0,OHIO,OHIO,1,59.9,,,,,,
83314,Jarvis Ware,CB,0,0,,2025,325,,60,61.3,D13,0,0,1,0,3,0,0,0,0,0,UNLV,UNLV,3,60,,,,,,
83315,Chris Mills,CB,0,0,,2025,314,,60,64.3,D07,0,0,1,0,0,0,0,0,1,0,TEXAS ST,TEXAS ST,1,,,,,,,
83838,Armani-Eli Adams,S,0,0,,2025,347,,74.9,67.1,D30,0,0,1,0,0,0,0,4,0,1,W MICHIGAN,W MICHIGAN,4,,,,,,,
85774,Gracen Halton,DI,0,0,2026,2026,261,,59.5,63.1,D56,0,0,1,0,2,0,0,0,0,0,OKLAHOMA,OKLAHOMA,2,59.3,,,,,,
86082,Jacob Bandes,DI,0,0,,2025,340,,59.8,65.9,D55,0,0,1,0,4,0,0,0,3,0,WASHINGTON,WASHINGTON,7,59,,,,,,
86353,Byron Cardwell Jr.,HB,0,0,,2027,130,,63.7,70.1,21,0,0,1,0,0,2,0,0,5,0,CAL,CAL,7,,,,,,,
86527,Rodney Robinson,S,0,0,,2025,120,,60.8,65.4,D04,0,0,1,0,1,3,0,0,0,0,BOISE ST,BOISE ST,4,59.8,,,,,,
86729,Ozzie Nicholas,LB,0,1,,2025,154,,30,24.9,D45,0,1,1,0,7,0,0,0,0,0,DUKE,DUKE,7,59.7,,,,,,
86877,Ceyair Wright,CB,0,0,2026,2026,238,,59.9,66.3,D15,0,0,1,0,2,0,0,2,0,0,NEBRASKA,NEBRASKA,4,59.9,,,,,,
88453,Dylan Brown,DI,0,0,,2025,196,,60.3,63.8,D54,0,0,1,0,0,0,0,5,0,0,JVILLE ST,JVILLE ST,5,,,,,,,
90079,David Reese,ED,0,0,,2026,130,,60.5,64.6,D07,0,0,1,0,3,0,0,0,2,0,CAL,CAL,5,59.4,,,,,,
90160,Davis Salom,LS,0,0,,2025,285,64.9,76.5,63.6,S40,0,0,1,7,0,0,0,6,0,1,S JOSE ST,S JOSE ST,13,,,81.6,,,,
90192,Dalton Norris,DI,0,0,,2025,221,60,61.4,61.2,D95,0,0,1,7,0,0,0,0,0,0,MIAMI OH,MIAMI OH,7,,,,,,,
90279,Nilay Upadhyayula,LS,0,0,,2026,268,,50.1,63.7,S47,0,0,1,0,0,0,0,5,0,0,PITTSBURGH,PITTSBURGH,5,,,82.4,,,,
90613,Skylar Loving-Black,TE,0,0,,2025,285,60,69.7,67.4,86,0,0,1,7,0,0,6,6,0,0,S JOSE ST,S JOSE ST,19,,,,,,,
90626,Beau Gardner,LS,0,0,2026,2026,173,60,65.5,63.7,S60,0,0,1,2,0,0,0,5,0,0,GEORGIA,GEORGIA,7,,,81.7,,,,
97105,Cam Ross,WR,0,0,2026,2026,197,,60,62,01,0,0,1,0,0,0,4,0,0,0,JAMES MAD,JAMES MAD,4,,62.5,,,,,
97125,Jacquez Stuart,HB,0,0,,2025,316,,60,62.3,00,0,0,1,0,0,0,6,0,0,0,TOLEDO,TOLEDO,6,,65.6,,,,,
97127,Samario Rudolph,WR,0,0,,2026,196,,60,64.1,03,0,0,1,0,0,0,0,0,5,0,JVILLE ST,JVILLE ST,5,,,,62.5,,,
97151,Michael Hayes,K,0,0,,2025,343,,60.3,67.9,S22,0,0,1,5,0,6,0,0,0,0,W VIRGINIA,W VIRGINIA,11,,,,,68.2,71.7,
97200,Ulysses Bentley IV,HB,0,0,2025,2025,226,,60,65.5,24,0,0,1,0,0,0,1,0,0,0,OLE MISS,OLE MISS,1,,,,,,,
97211,Christian Dremel,WR,0,0,,2025,278,,60.3,63.5,80,0,0,1,0,0,0,8,0,4,0,RUTGERS,RUTGERS,12,,57.4,,90.8,,,
97218,Jacob Bernard,WR,0,0,,2025,207,,60,63.3,04,0,0,1,0,0,0,0,0,3,0,LA LAFAYET,LA LAFAYET,3,,,,62.2,,,
97220,Anthony Wilson,S,0,0,,2025,343,,61.1,64.3,D12,0,0,1,0,7,3,0,0,1,0,W VIRGINIA,W VIRGINIA,11,59.9,,,,,,
97230,Marcus Harris,CB,0,0,2025,2025,130,,60.7,65.8,D05,0,0,1,0,1,1,0,0,2,0,CAL,CAL,4,60,,,,,,
97237,Rod Heard II,S,0,0,,2025,258,,60,64.4,D02,0,0,1,0,0,0,0,1,0,0,NOTRE DAME,NOTRE DAME,1,,,,,,,
97243,Isaiah Essissima,CB,0,0,,2025,144,,36.6,67.6,D01,0,1,1,0,4,0,9,0,1,0,COLO STATE,COLO STATE,14,59.8,,,,,,
97257,Will Goldberg,S,0,0,,2025,154,,60,64.8,D35,0,0,1,0,0,0,0,0,2,0,DUKE,DUKE,2,,,,,,,
97278,Javon Harvey,WR,0,0,,2025,154,,60.4,65.5,07,0,0,1,0,0,0,9,0,0,0,DUKE,DUKE,9,,,,,,,
97303,Enoch Nawahine,HB,0,0,,2026,128,,70.4,68.3,21,0,0,1,0,0,7,3,0,0,0,BYU,BYU,10,,63.5,,,,,
97305,Devyn Ford,HB,0,0,,2025,258,,62,66.6,22,0,0,1,0,0,6,0,0,0,0,NOTRE DAME,NOTRE DAME,6,,,,,,,
97308,Jerjuan Newton,WR,0,0,2025,2025,316,,59.9,68.2,01,0,0,1,0,0,0,6,2,0,0,TOLEDO,TOLEDO,8,,,,,,,
97310,Deion Hankins,HB,0,0,2025,2025,314,,60.7,68.7,33,0,0,1,0,0,0,5,0,2,0,TEXAS ST,TEXAS ST,7,,,,,,,
97330,Juan Powell,CB,0,0,,2025,141,,60,61.9,D00,0,0,1,0,6,0,0,0,0,0,COAST CAR,COAST CAR,6,59.8,,,,,,
97343,AJ Williams,S,0,0,,2025,141,,60,61.9,D07,0,0,1,0,3,0,0,0,0,0,COAST CAR,COAST CAR,3,60,,,,,,
97351,Jakeen Harris,S,0,0,,2025,245,,59.6,65.3,D02,0,0,1,0,3,0,0,4,0,0,N CAROLINA,N CAROLINA,7,60,,,,,,
97372,Reid Dedman,LB,0,0,,2025,174,,61.2,68.7,D17,0,0,1,0,0,5,6,4,7,0,GA SOUTHRN,GA SOUTHRN,22,,,,,,,
97379,Woodi Washington,CB,0,0,,2025,261,,62.2,66.4,D05,0,0,1,0,3,4,1,0,5,0,OKLAHOMA,OKLAHOMA,13,59.9,,,,,,
97386,Solomon Brown,S,0,0,,2026,126,,60,61.7,D07,0,0,1,0,1,0,0,0,1,0,BUFFALO,BUFFALO,2,59.9,,,,,,
97422,Dino Tomlin,WR,0,0,,2025,121,,60,65.6,13,0,0,1,0,0,0,4,0,0,0,BOSTON COL,BOSTON COL,4,,,,,,,
97427,Devin Voisin,WR,0,0,,2026,288,,60.2,66.3,01,0,0,1,0,0,0,6,0,4,0,S ALABAMA,S ALABAMA,10,,63.5,,61.6,,,
97453,Luis Cristobal Jr.,G,0,0,,2025,220,60,61.4,63.3,52,0,0,1,7,0,0,0,0,0,0,MIAMI FL,MIAMI FL,7,,,,,,,
97460,Nino Mastromatteo,S,0,0,,2025,141,,60,63.4,D30,0,0,1,0,0,1,0,0,0,0,COAST CAR,COAST CAR,1,,,,,,,
97471,Roderick Roberson,S,0,0,,2025,208,,60.5,64.6,D19,0,0,1,0,0,2,0,0,0,0,LA TECH,LA TECH,2,,,,,,,
97483,Dallas Gamble,CB,0,0,,2025,288,,30,67,D04,1,0,1,0,3,6,0,0,2,0,S ALABAMA,S ALABAMA,11,59.9,,,,,,
97495,Dean Clark,S,0,0,2025,2025,169,,60,65.2,D32,0,0,1,0,5,0,0,3,2,0,FRESNO ST,FRESNO ST,10,59.9,,,,,,
97497,Dane Motley,LB,0,0,,2025,113,,60,63.1,D23,0,0,1,0,0,0,1,0,0,0,ARK STATE,ARK STATE,1,,,,,,,
97506,Jaden Voisin,S,0,0,,2025,288,,60,63.9,D02,0,0,1,0,5,0,1,0,0,0,S ALABAMA,S ALABAMA,6,59.7,,,,,,
97520,Malik Dixon-Williams,S,1,0,2025,2025,146,,74.7,64.9,D01,0,0,1,0,2,0,0,4,1,0,UCONN,UCONN,7,60,,,,,,
97532,Malachi Langley,LB,0,0,,2025,169,,59.9,61.1,D09,0,0,1,0,5,0,0,0,0,0,FRESNO ST,FRESNO ST,5,59.8,,,,,,
97541,Chad Stephens,ED,0,0,,2025,156,,59.8,64.3,D03,0,0,1,0,4,0,0,0,0,0,E CAROLINA,E CAROLINA,4,59.6,,,,,,
97543,Jett Elad,S,0,1,,2026,325,,39.6,26.8,D09,0,1,1,0,4,0,0,5,6,0,UNLV,UNLV,15,59.7,,,,,,
97545,Jackson Barrow,LB,0,0,,2025,316,,60,61.8,D05,0,0,1,0,4,0,0,0,0,0,TOLEDO,TOLEDO,4,59.9,,,,,,
97560,Thomas Gore,DI,0,0,,2025,176,,60.5,66,D59,0,0,1,0,0,0,3,0,1,0,GA TECH,GA TECH,4,,,,,,,
97563,Marcus Fuqua,S,0,0,,2025,126,,60.1,61.8,D10,0,0,1,0,2,0,0,0,1,0,BUFFALO,BUFFALO,3,60,,,,,,
97566,Jeff Clark,DI,0,0,,2025,110,,59.3,63.5,D05,0,0,1,0,3,0,0,0,0,0,ARIZONA ST,ARIZONA ST,3,59.1,,,,,,
97572,Javon Denis,DI,0,0,,2025,218,,59.5,62.7,D08,0,0,1,0,3,0,0,0,0,0,MEMPHIS,MEMPHIS,3,59.4,,,,,,
97585,Ethan Hudak,LS,0,0,,2025,319,60,65.4,63.5,S57,0,0,1,1,0,0,0,5,0,0,TULANE,TULANE,6,,,82,,,,
97609,Damari Roberson,S,0,0,,2025,347,,60.1,62.1,D04,0,0,1,0,6,0,0,0,0,0,W MICHIGAN,W MICHIGAN,6,60,,,,,,
97640,Beau Johnson,TE,0,0,,2025,174,,60,64,11,0,0,1,0,0,0,0,1,0,0,GA SOUTHRN,GA SOUTHRN,1,,,,,,,
97703,M.J. Griffin,S,0,0,,2025,210,,60.4,62.1,D26,0,0,1,0,3,0,0,0,2,0,LOUISVILLE,LOUISVILLE,5,60,,,,,,
97704,Matt Salopek,LB,0,0,,2025,221,,59.9,65,D15,0,0,1,0,3,0,1,2,0,0,MIAMI OH,MIAMI OH,6,60,,,,,,
97725,Wesley Walker,S,0,0,,2025,222,,60,61.3,D13,0,0,1,0,3,0,0,0,0,0,MICHIGAN,MICHIGAN,3,60,,,,,,
97863,Todd Justice,TE,0,0,,2025,288,60,61.2,62.9,05,0,0,1,6,0,0,2,2,0,0,S ALABAMA,S ALABAMA,10,,,,,,,
97889,Jack Kiser,LB,0,0,2025,2025,258,,36.1,26.4,D24,0,1,1,0,2,0,0,5,5,0,NOTRE DAME,NOTRE DAME,12,60,,,,,,
97910,Darius McClendon,S,1,0,,2025,122,,69.8,69.9,D00,0,0,1,0,1,4,0,0,3,0,BOWL GREEN,BOWL GREEN,8,60,,,,,,
97933,Nick Rempert,WR,0,0,,2026,251,,61.5,67,09,0,0,1,0,0,5,0,0,0,0,N TEXAS,N TEXAS,5,,,,,,,
97935,Devo Bridges,ED,0,0,,2025,169,,59.6,63.6,D05,0,0,1,0,5,0,0,0,0,0,FRESNO ST,FRESNO ST,5,59.5,,,,,,
97959,Christian Clayton,DI,0,0,,2025,331,,60.2,64.1,D95,0,0,1,0,1,0,0,0,1,0,UTSA,UTSA,2,59.6,,,,,,
97960,Richard Kinley,ED,0,0,,2025,210,,62.4,66.7,D91,0,0,1,0,0,4,0,0,2,0,LOUISVILLE,LOUISVILLE,6,,,,,,,
97967,Eric Hicks Jr.,DI,0,0,,2025,319,,58.8,65.3,D94,0,0,1,0,7,0,0,5,0,0,TULANE,TULANE,12,58.5,,,,,,
97972,Bubba Thomas,DI,0,0,2025,2025,288,,59.3,65,D99,0,0,1,0,5,0,0,0,1,0,S ALABAMA,S ALABAMA,6,58.9,,,,,,
97974,Demond Taylor Jr.,DI,0,0,,2025,254,,58.9,63.2,D10,0,0,1,0,5,0,0,0,0,0,N ILLINOIS,N ILLINOIS,5,58.9,,,,,,
97995,Eli Pancol,WR,0,0,2025,2025,154,,60,62.4,04,0,0,1,0,0,1,0,0,0,0,DUKE,DUKE,1,,,,,,,
98019,Dalvin Smith,WR,0,0,,2025,346,,59,65,17,0,0,1,0,1,0,0,5,0,0,W KENTUCKY,W KENTUCKY,6,60,,,,,,
98057,Nishad Strother,G,0,0,,2025,264,60,60,61,50,0,0,1,1,0,0,0,0,0,0,OREGON,OREGON,1,,,,,,,
98064,Christophe Atkinson,G,0,0,,2025,259,60.8,61.6,62.1,66,0,0,1,5,0,0,0,0,0,0,OHIO,OHIO,5,,,,,,,
98077,Caleb Thomas,G,0,0,,2025,319,60,60,63.4,58,0,0,1,1,0,0,0,0,0,0,TULANE,TULANE,1,,,,,,,
98082,Demetris Allen,G,0,0,,2026,331,64,62.2,62.4,73,0,0,1,8,0,0,0,0,0,0,UTSA,UTSA,8,,,,,,,
98099,Tristen Tewes,TE,0,0,,2025,254,,60.1,61.5,82,0,0,1,0,0,0,0,2,0,0,N ILLINOIS,N ILLINOIS,2,,,,,,,
98110,Kyle Maxwell,WR,0,0,,2025,341,,59.9,65.2,09,0,0,1,0,0,0,5,0,0,0,WASH STATE,WASH STATE,5,,,,,,,
98115,Ricky Samuel,DI,0,0,,2025,196,,58.6,64.4,D97,0,0,1,0,5,0,0,0,0,0,JVILLE ST,JVILLE ST,5,58.6,,,,,,
98123,Dan Foster Jr.,LB,0,0,,2025,210,,51.9,67.6,D15,0,0,1,0,1,6,0,6,4,0,LOUISVILLE,LOUISVILLE,17,60,,,,,,
98138,Ramon Puryear Jr.,ED,0,0,,2025,210,,60.5,65.4,D41,0,0,1,0,4,0,0,6,1,0,LOUISVILLE,LOUISVILLE,11,59.6,,,,,,
98143,Boone Bonnema,LB,0,0,,2025,347,,62.7,67.2,D22,0,0,1,0,0,5,0,0,2,0,W MICHIGAN,W MICHIGAN,7,,,,,,,
98144,Keivie Rose,DI,0,0,2025,2025,111,,60,65.6,D93,0,0,1,0,0,0,0,0,2,0,ARKANSAS,ARKANSAS,2,,,,,,,
98145,Brian Ugwu,ED,0,0,,2025,221,,59.9,64.2,D08,0,0,1,0,1,0,0,0,1,0,MIAMI OH,MIAMI OH,2,59.8,,,,,,
98157,C.J. Bazile,ED,0,0,,2025,126,,60,63.5,D53,0,0,1,0,0,0,0,0,1,0,BUFFALO,BUFFALO,1,,,,,,,
98162,Elijah Alston,ED,0,0,,2025,220,,60,61.7,D11,0,0,1,0,1,0,0,0,0,0,MIAMI FL,MIAMI FL,1,60,,,,,,
98182,Kyron Mims,DI,0,0,,2025,207,,58.9,63.9,D93,0,0,1,0,3,0,0,0,0,0,LA LAFAYET,LA LAFAYET,3,58.8,,,,,,
98191,Kobe Hilton,DI,0,0,,2025,221,,60,64.2,D96,0,0,1,0,2,0,0,0,1,0,MIAMI OH,MIAMI OH,3,59.3,,,,,,
98226,Jack Sherwin,T,0,0,,2025,347,60,61,62.9,63,0,0,1,5,0,0,0,0,0,0,W MICHIGAN,W MICHIGAN,5,,,,,,,
98232,Renato Brown,G,0,0,,2025,210,60,61.5,67.8,56,0,0,1,5,0,0,0,0,0,0,LOUISVILLE,LOUISVILLE,5,,,,,,,
98255,Jax Harrington,G,0,0,,2026,207,60,60.5,63.4,70,0,0,1,2,0,0,0,0,0,0,LA LAFAYET,LA LAFAYET,2,,,,,,,
98313,Sylvain Yondjouen,ED,0,0,,2025,176,,59.4,65.1,D32,0,0,1,0,5,0,0,0,1,0,GA TECH,GA TECH,6,58.9,,,,,,
98317,Joshua Harris,DI,0,0,,2025,245,,59.4,63.5,D06,0,0,1,0,2,0,0,0,0,0,N CAROLINA,N CAROLINA,2,59.2,,,,,,
98322,Tavion Woodard,ED,0,0,,2025,120,60,60.7,61.5,D52,0,0,1,4,0,0,0,0,0,0,BOISE ST,BOISE ST,4,,,,,,,
98326,Mykol Clark,ED,0,0,,2025,208,,59.9,62.6,D88,0,0,1,0,4,0,0,0,0,0,LA TECH,LA TECH,4,59.7,,,,,,
98333,Darius Alexander,DI,0,0,2025,2025,316,,58.8,65,D09,0,0,1,0,5,0,0,0,0,0,TOLEDO,TOLEDO,5,58.7,,,,,,
98345,Da'Jon Terry,DI,0,0,2025,2025,261,60,61.2,64.3,D95,0,0,1,3,1,0,0,0,1,0,OKLAHOMA,OKLAHOMA,5,59.6,,,,,,
98352,Tristian Vandenberg,K,0,0,,2025,218,,60.6,68.5,S25,0,0,1,7,0,8,0,0,0,0,MEMPHIS,MEMPHIS,15,,,,,67.1,77.3,
98383,Reece McIntyre,C,0,0,,2025,226,60,61.4,62.1,56,0,0,1,7,0,0,0,0,0,0,OLE MISS,OLE MISS,7,,,,,,,
98423,Jeremy James,G,0,0,,2025,226,64,62.2,62.4,78,0,0,1,8,0,0,0,0,0,0,OLE MISS,OLE MISS,8,,,,,,,
98431,Tyler Fromm,TE,0,0,,2025,174,60,60.8,60.7,07,0,0,1,4,0,0,0,0,0,0,GA SOUTHRN,GA SOUTHRN,4,,,,,,,
98439,DeShawn Holt,ED,0,0,,2025,316,,59.7,65.2,D04,0,0,1,0,6,0,0,0,0,0,TOLEDO,TOLEDO,6,59.4,,,,,,
98489,Caelan Shepard,T,0,0,,2025,126,60,61.7,65.9,77,0,0,1,7,0,0,0,0,0,0,BUFFALO,BUFFALO,7,,,,,,,
98494,Tyler Stephens,TE,0,0,,2025,229,60,61.1,65.4,80,0,0,1,5,0,0,5,5,0,0,MISSOURI,MISSOURI,15,,,,,,,
98501,Ryland Goede,TE,0,0,,2025,176,,56.9,62.1,86,0,0,1,0,0,0,6,0,0,0,GA TECH,GA TECH,6,,,,,,,
98504,Jaxon Hughes,T,0,0,,2025,315,60,60.6,61.7,68,0,0,1,4,0,0,0,0,0,0,TEXAS TECH,TEXAS TECH,4,,,,,,,
98515,Chase Lundt,T,0,0,2025,2025,146,60,61.1,63,75,0,0,1,5,0,0,0,0,0,0,UCONN,UCONN,5,,,,,,,
98517,Quinn Carroll,T,0,0,,2025,225,60,61.5,67.8,77,0,0,1,5,0,0,0,0,0,0,MINNESOTA,MINNESOTA,5,,,,,,,
98528,Victor Stoffel,T,0,0,,2025,130,60,61.1,66.6,78,0,0,1,4,0,0,0,0,0,0,CAL,CAL,4,,,,,,,
98531,Bryce Benhart,T,0,0,,2025,238,60,60.7,67.1,54,0,0,1,3,0,0,0,0,0,0,NEBRASKA,NEBRASKA,3,,,,,,,
98556,Jayden Harrison,WR,0,0,,2025,258,,46.5,66.3,02,1,0,1,0,0,0,3,4,0,0,NOTRE DAME,NOTRE DAME,7,,84.4,,,,,
98574,Nate Clifton,DI,0,0,,2025,326,60,61.8,65,D99,0,0,1,6,1,0,0,5,2,0,USC,USC,14,59.7,,,,,,
98640,Nick Jackson,LB,0,0,2025,2025,192,,60.2,63.8,D10,0,0,1,0,5,0,0,0,0,0,IOWA,IOWA,5,60,,,,,,
98645,Jaydon Hill,CB,0,0,,2025,312,,61.6,68.8,D08,0,0,1,0,6,0,0,0,2,0,TEXAS A&M,TEXAS A&M,8,60.1,,,,,,
98786,Mason Napper,LS,0,0,,2025,220,64.9,63.9,62.4,S49,0,0,1,7,0,0,0,1,0,0,MIAMI FL,MIAMI FL,8,,,74.2,,,,
98803,Nay'Quan Wright,HB,0,0,2025,2025,327,,74.7,65.7,05,0,0,1,0,0,0,5,0,0,0,USF,USF,5,,59.9,,,,,
98809,Justin Pelic,LB,0,0,,2025,163,60,61.5,66,D47,0,0,1,6,0,0,0,0,0,0,FLORIDA,FLORIDA,6,,,,,,,
98826,Ja'Markis Weston,ED,0,0,2025,2025,163,,62.5,67.4,D09,0,0,1,0,1,8,1,3,1,1,FLORIDA,FLORIDA,14,60,,,,,,
98838,Shilo Sanders,S,0,0,2025,2025,143,,59.8,61.8,D21,0,0,1,0,6,0,0,0,0,0,COLORADO,COLORADO,6,59.7,,,,,,
98842,Warren Burrell,CB,0,0,,2025,176,,60.7,66.3,D04,0,0,1,0,4,0,0,0,1,0,GA TECH,GA TECH,5,60,,,,,,
98859,Brandon Turnage,CB,0,0,,2025,226,,60.7,66.3,D08,0,0,1,0,2,0,0,0,2,0,OLE MISS,OLE MISS,4,60,,,,,,
98860,DJ Douglas,S,0,0,,2025,163,,78,67.9,D12,0,0,1,0,0,7,0,3,2,2,FLORIDA,FLORIDA,12,,,,,,,
98867,Jalen Catalon,S,0,0,,2026,325,,60.8,63.7,D01,0,0,1,0,4,5,0,0,0,0,UNLV,UNLV,9,59.9,,,,,,
98870,Malik Chavis,S,0,0,,2025,325,,54.6,69,D04,1,0,1,0,3,5,0,0,6,0,UNLV,UNLV,14,60,,,,,,
98871,Hudson Clark,CB,0,0,2025,2025,111,,57.9,65.6,D17,0,0,1,0,4,0,5,0,1,0,ARKANSAS,ARKANSAS,10,59.8,,,,,,
98883,Dan Jackson,S,0,0,2025,2025,173,,62.2,67.9,D17,0,0,1,0,5,3,0,0,4,0,GEORGIA,GEORGIA,12,60.1,,,,,,
98891,Chris Shearin,S,0,0,,2025,197,,60,61.7,D10,0,0,1,0,3,0,0,0,0,0,JAMES MAD,JAMES MAD,3,59.9,,,,,,
98901,Jalen Geiger,S,0,0,,2025,319,,60.2,61.6,D02,0,0,1,0,7,0,0,0,0,0,TULANE,TULANE,7,60.2,,,,,,
98903,Maurice Hampton Jr.,S,0,0,,2025,333,,68.6,69.8,D34,0,0,1,0,5,5,0,0,3,1,VANDERBILT,VANDERBILT,13,59.8,,,,,,
98951,Cavon Butler,DI,0,0,,2025,316,,59.1,63.5,D52,0,0,1,0,5,0,0,0,0,0,TOLEDO,TOLEDO,5,59,,,,,,
98964,Caden Davis,K,0,0,2025,2025,226,,60.7,68.9,S41,0,0,1,7,0,9,0,0,0,0,OLE MISS,OLE MISS,16,,,,,67.2,75.6,
98977,Alex Herrera,K,0,0,,2025,289,,60,66.3,S40,0,0,1,4,0,3,0,0,0,0,S CAROLINA,S CAROLINA,7,,,,,58.7,69.1,
98981,Jahmar Brown,LB,0,0,,2026,206,,59.2,66.9,D09,0,0,1,0,2,0,7,6,0,0,LIBERTY,LIBERTY,15,60,,,,,,
98999,Kevin Harris,ED,0,0,,2025,176,,59.9,64.2,D11,0,0,1,0,4,0,0,0,1,0,GA TECH,GA TECH,5,59.3,,,,,,
99001,Zach Zimos,LB,0,0,,2025,208,,60.7,66.6,D21,0,0,1,0,4,1,0,0,0,0,LA TECH,LA TECH,5,60,,,,,,
99020,Jamie Pettway,LB,0,0,,2025,327,,59.2,67.7,D06,0,0,1,0,1,0,6,5,0,0,USF,USF,12,60,59.9,,,,,
99032,Gabe Pugh,LS,0,0,,2025,208,,63.9,63,S50,0,0,1,0,0,0,0,3,0,0,LA TECH,LA TECH,3,,,80.2,,,,
99034,John Oehrlein,LS,0,0,,2025,314,57.4,58.6,63,S45,0,0,1,6,0,0,0,3,0,0,TEXAS ST,TEXAS ST,9,,,48.9,,,,
99039,Patrick Lucas Jr.,DI,0,0,,2025,218,,59.5,64.4,D50,0,0,1,0,4,0,0,0,0,0,MEMPHIS,MEMPHIS,4,59.3,,,,,,
99040,Jaylen Nichols,T,0,0,,2025,218,60,61.4,63.3,52,0,0,1,7,0,0,0,0,0,0,MEMPHIS,MEMPHIS,7,,,,,,,
99046,Vincent Murphy,C,0,0,,2025,319,60,60,63.7,64,0,0,1,1,0,0,0,0,0,0,TULANE,TULANE,1,,,,,,,
99073,Kamaar Bell,G,0,0,,2025,289,60,61.4,66.3,52,0,0,1,4,0,0,0,0,0,0,S CAROLINA,S CAROLINA,4,,,,,,,
99076,Clay Webb,G,0,0,2025,2025,196,60,61.2,67.2,74,0,0,1,4,0,0,0,0,0,0,JVILLE ST,JVILLE ST,4,,,,,,,
99082,Xavier Truss,T,0,0,2025,2025,173,60,60,64,73,0,0,1,2,0,0,0,0,0,0,GEORGIA,GEORGIA,2,,,,,,,
99083,Caleb Warren,G,0,0,,2025,226,,60.1,62.6,54,0,0,1,0,0,0,0,2,0,0,OLE MISS,OLE MISS,2,,,,,,,
99116,Jack Martin,P,0,0,,2025,288,60,60.6,60.6,S87,0,0,1,6,0,0,0,0,0,0,S ALABAMA,S ALABAMA,6,,,,,,,
99159,Sevaughn Clark,HB,0,0,,2025,316,,60.9,64.1,20,0,0,1,0,0,6,0,0,0,0,TOLEDO,TOLEDO,6,,,,,,,
99171,Josh Williams,HB,0,0,2025,2025,211,,60.1,66.4,18,0,0,1,0,0,0,5,0,0,0,LSU,LSU,5,,,,,,,
99191,Casey Kelly,TE,0,0,,2025,156,,60,63.3,10,0,0,1,0,0,0,0,0,0,0,E CAROLINA,E CAROLINA,0,,,,,,,
99205,Chase Lane,WR,0,0,,2025,176,,60.5,63.1,07,0,0,1,0,0,2,0,0,0,0,GA TECH,GA TECH,2,,,,,,,
99257,Kee'yon Stewart,CB,0,0,,2025,111,,60.5,67.1,D01,0,0,1,0,4,0,0,0,2,0,ARKANSAS,ARKANSAS,6,59.7,,,,,,
99307,Trace Ford,ED,0,0,2025,2025,261,,62.2,69.5,D30,0,0,1,0,0,4,0,0,3,0,OKLAHOMA,OKLAHOMA,7,,,,,,,
99314,Garmon Randolph,ED,0,0,2025,2025,118,,59.9,63.5,D05,0,0,1,0,2,0,0,0,0,0,BAYLOR,BAYLOR,2,59.7,,,,,,
99370,David Gbenda,LB,0,0,2025,2025,311,,61.3,66.3,D33,0,0,1,0,0,6,5,0,0,0,TEXAS,TEXAS,11,,,,,,,
99388,Austin Moore,LB,0,0,,2025,199,,59.9,64.4,D41,0,0,1,0,6,0,0,0,0,0,KANSAS ST,KANSAS ST,6,59.6,,,,,,
99396,Matt Jones,LB,0,0,2025,2025,118,,60.6,65.6,D02,0,0,1,0,8,0,0,0,0,0,BAYLOR,BAYLOR,8,60.1,,,,,,
99421,Nick Malone,T,0,0,,2025,343,60,61.4,67.4,58,0,0,1,5,0,0,0,0,0,0,W VIRGINIA,W VIRGINIA,5,,,,,,,
99422,Parker Moorer,T,0,0,,2025,156,60,61.5,67.6,52,0,0,1,5,0,0,0,0,0,0,E CAROLINA,E CAROLINA,5,,,,,,,
99423,Brandon Yates,C,0,0,,2025,343,60,61.5,66.6,50,0,0,1,5,0,0,0,0,0,0,W VIRGINIA,W VIRGINIA,5,,,,,,,
99433,EJ Ndoma-Ogar,G,0,0,,2025,113,62.5,62.2,67.6,75,0,0,1,7,0,0,0,0,0,0,ARK STATE,ARK STATE,7,,,,,,,
99437,Taylor Poitier,G,0,0,,2026,199,60,61.4,62,69,0,0,1,4,0,0,0,0,0,0,KANSAS ST,KANSAS ST,4,,,,,,,
99440,Jarrod Hufford,C,0,0,2025,2025,193,61.5,62,67.2,54,0,0,1,6,0,0,0,0,0,0,IOWA STATE,IOWA STATE,6,,,,,,,
99460,Leighton Bechdel,P,0,0,,2025,343,60,60.4,60.5,S98,0,0,1,5,0,0,0,0,0,0,W VIRGINIA,W VIRGINIA,5,,,,,,,
99461,Matthew Daniel,P,0,0,,2025,174,60,60.3,60.5,S00,0,0,1,4,0,0,0,0,0,0,GA SOUTHRN,GA SOUTHRN,4,,,,,,,
99517,Brent Matiscik,LS,0,0,2025,2025,305,63.4,65,63,S42,0,0,1,6,0,0,0,3,0,0,TCU,TCU,9,,,78.5,,,,
99520,Konner Fox,TE,0,0,,2025,314,60,61.3,61.5,09,0,0,1,6,0,0,0,0,0,0,TEXAS ST,TEXAS ST,6,,,,,,,
99550,Keenan Garber,CB,0,0,2025,2025,199,,60.6,65.9,D01,0,0,1,0,5,0,0,0,0,0,KANSAS ST,KANSAS ST,5,60,,,,,,
99600,Kyi Wright,TE,0,0,,2025,197,60,60.8,67.3,15,0,1,1,7,0,0,4,4,0,0,JAMES MAD,JAMES MAD,15,,,,,,,
99614,Demarcus Jones II,HB,0,0,,2025,248,,54.2,65.7,28,0,0,1,0,0,0,6,2,0,0,NC STATE,NC STATE,8,,,,,,,
99630,Jason Collier Jr.,G,0,0,,2025,268,62,61.9,62.2,50,0,0,1,6,0,0,0,0,0,0,PITTSBURGH,PITTSBURGH,6,,,,,,,
99703,Courtney Jackson,WR,0,0,2025,2025,113,,60,62.8,09,0,0,1,0,0,0,1,0,2,0,ARK STATE,ARK STATE,3,,,,90.5,,,
99713,Kamari Morales,TE,0,0,,2025,121,60,60.3,65.3,88,0,0,1,2,0,0,0,1,0,0,BOSTON COL,BOSTON COL,3,,,,,,,
99726,Nate Temple,ED,0,0,,2026,268,,61.3,65.9,D06,0,0,1,0,0,0,0,0,3,0,PITTSBURGH,PITTSBURGH,3,,,,,,,
99728,Demetrius Knight Jr.,LB,2,0,2025,2025,289,,90,64.2,D17,0,0,1,0,0,0,0,2,0,0,S CAROLINA,S CAROLINA,2,,,,,,,
99730,Travis Jay,S,0,0,,2025,143,,60.7,65.1,D04,0,0,1,0,0,3,7,0,0,0,COLORADO,COLORADO,10,,59.9,,,,,
99732,Joseph Charleston,S,0,0,,2025,229,,60.3,65,D28,0,0,1,0,2,0,0,2,1,0,MISSOURI,MISSOURI,5,60,,,,,,
99745,Jordan Huff,S,0,0,,2026,156,,60.5,66.5,D21,0,0,1,0,0,0,0,0,2,0,E CAROLINA,E CAROLINA,2,,,,,,,
99759,Brandon George,LB,0,0,2025,2025,268,,61,72.6,D30,0,0,1,0,7,0,0,0,3,0,PITTSBURGH,PITTSBURGH,10,59.7,,,,,,
99789,LaVonta Bentley,LB,0,0,,2025,143,,60.8,67.1,D20,0,0,1,0,5,0,5,0,0,0,COLORADO,COLORADO,10,60.2,,,,,,
99793,Brendan Gant,LB,0,0,,2025,143,,60.9,66.2,D38,0,0,1,0,2,3,5,0,1,0,COLORADO,COLORADO,11,59.9,,,,,,
99809,Rico Watson III,ED,0,0,,2026,327,,59.1,65.1,D34,0,0,1,0,3,0,0,5,0,0,USF,USF,8,59.5,,,,,,
99816,C.J. Clark,DI,0,0,,2025,220,,59.7,64.5,D05,0,0,1,0,4,0,0,0,1,0,MIAMI FL,MIAMI FL,5,59.1,,,,,,
99830,DeAndre Jules,DI,0,0,,2025,289,,59.8,64,D99,0,0,1,0,3,0,0,0,1,0,S CAROLINA,S CAROLINA,4,59.9,,,,,,
99832,Josh Fuga,DI,0,0,2025,2025,337,,92.8,65.5,D06,0,0,1,0,4,0,5,0,0,0,VA TECH,VA TECH,9,91.1,,,,,,
99852,Kevin Hester Jr.,DI,0,0,,2025,245,,59.6,66.1,D98,0,0,1,0,5,0,0,6,1,0,N CAROLINA,N CAROLINA,12,58.7,,,,,,
99856,Malcolm Ray,DI,0,0,,2025,278,,59.3,63.5,D09,0,0,1,0,4,0,0,0,0,0,RUTGERS,RUTGERS,4,59.2,,,,,,
99868,Collin Smith,K,0,0,,2025,248,,60,67.8,S90,0,0,1,0,0,4,0,0,0,0,NC STATE,NC STATE,4,,,,,,67.8,
100211,Josh McCarty,S,1,0,,2025,268,,59.7,69.2,D35,0,0,1,0,0,6,6,4,3,0,PITTSBURGH,PITTSBURGH,19,,,,,,,
100273,Tyrone Broden,WR,0,0,2025,2025,111,,60.4,68.7,05,0,0,1,0,0,0,1,3,2,0,ARKANSAS,ARKANSAS,6,,,,,,,
100281,Keyshawn Swanson,S,0,0,,2025,346,,65.3,68.4,D23,0,0,1,0,7,4,0,5,2,1,W KENTUCKY,W KENTUCKY,18,59.9,,,,,,
100290,Avi McGary,S,0,0,,2025,122,60.7,62.3,69,D15,0,0,1,8,6,6,7,2,3,0,BOWL GREEN,BOWL GREEN,32,60.2,,,,,,
100297,A.J. Watts,S,0,0,,2025,218,,60,60.8,D10,0,0,1,0,5,0,0,0,0,0,MEMPHIS,MEMPHIS,5,59.9,,,,,,
100299,Patrick Day,S,0,0,,2025,122,,50.6,70.4,D32,1,0,1,0,1,6,7,2,3,0,BOWL GREEN,BOWL GREEN,19,60,,,,,,
100301,Brock Horne,LB,0,0,,2025,122,,60,63.3,D02,0,0,1,0,7,0,0,1,0,0,BOWL GREEN,BOWL GREEN,8,59.9,,,,,,
100316,D'Andre Ragin,ED,0,0,,2025,316,,29.8,24,D10,0,1,1,0,3,0,0,0,0,0,TOLEDO,TOLEDO,3,59.3,,,,,,
100346,Alex Merritt,DI,0,0,,2025,314,,60.2,63.1,D92,0,0,1,0,0,0,0,3,0,0,TEXAS ST,TEXAS ST,3,,,,,,,
100353,Andrew Bench,TE,0,0,,2025,288,,73.4,66,89,0,0,1,0,0,4,1,0,0,2,S ALABAMA,S ALABAMA,5,,,,,,,
100378,Trikweze Bridges,S,0,0,2025,2025,163,,66.7,69,D07,0,0,1,0,1,8,0,0,5,0,FLORIDA,FLORIDA,14,60,,,,,,
100382,Miles Williams,S,0,0,,2025,130,,62.2,65.9,D04,0,0,1,0,2,1,0,0,4,0,CAL,CAL,7,59.9,,,,,,
100390,Mishael Powell,S,0,0,2025,2025,220,,61.1,63.1,D00,0,0,1,0,6,0,0,0,2,0,MIAMI FL,MIAMI FL,8,60,,,,,,
100407,Connor Soelle,LB,0,0,,2025,264,,61.2,68.2,D22,0,0,1,0,0,3,8,0,4,0,OREGON,OREGON,15,,,,,,,
100451,Kristian Williams,DI,0,0,2025,2025,229,,62.3,67.3,D05,0,0,1,0,3,0,0,0,5,0,MISSOURI,MISSOURI,8,59.7,,,,,,
100456,Aeneas DiCosmo,ED,0,0,,2025,333,,60.2,63.5,D00,0,0,1,0,0,0,0,4,0,0,VANDERBILT,VANDERBILT,4,,,,,,,
100461,Marvin Ham II,LB,0,0,,2025,113,,59.9,63,D05,0,0,1,0,8,0,0,0,0,0,ARK STATE,ARK STATE,8,59.8,,,,,,
100479,Dean Janikowski,K,0,0,,2025,341,,60.9,68.1,S49,0,0,1,7,0,6,0,1,0,2,WASH STATE,WASH STATE,14,,,,,52.3,65.3,60
100482,Andrew Boyle,K,0,0,,2026,264,,60,64.2,S98,0,0,1,0,0,1,0,0,0,0,OREGON,OREGON,1,,,,,,60,
100487,Alphonzo Tuputala,LB,0,0,2025,2025,340,,62.2,68.1,D11,0,0,1,0,5,1,0,0,3,0,WASHINGTON,WASHINGTON,9,60.2,,,,,,
100488,Drew Fowler,LB,0,0,,2025,340,,54.1,69.5,D54,2,0,1,0,0,6,6,6,3,1,WASHINGTON,WASHINGTON,21,,,,,,,
100494,Kyle Thornton,LB,0,0,,2025,341,,61.1,67.9,D52,0,0,1,0,4,5,0,1,0,0,WASH STATE,WASH STATE,10,60.1,,,,,,
100505,John Ward,ED,0,0,,2025,285,,62.9,64.4,D43,0,0,1,0,4,2,0,0,0,0,S JOSE ST,S JOSE ST,6,59.3,,,,,,
100518,Ben Coleman,G,0,0,,2026,110,,60.3,63.1,62,0,0,1,0,0,0,0,4,0,0,ARIZONA ST,ARIZONA ST,4,,,,,,,
100522,Nate Kalepo,G,0,0,,2025,226,61.9,62.1,69.2,71,0,0,1,8,0,0,0,0,0,0,OLE MISS,OLE MISS,8,,,,,,,
100523,Julius Buelow,G,0,0,,2025,226,60,61.6,63.4,52,0,0,1,8,0,0,0,0,0,0,OLE MISS,OLE MISS,8,,,,,,,
100533,Valentin Senn,T,0,0,2025,2025,146,60,61.8,68.8,71,0,0,1,6,0,0,0,0,0,0,UCONN,UCONN,6,,,,,,,
100558,Myles Jernigan,ED,0,0,,2025,210,,61.4,65.1,D33,0,0,1,0,1,0,0,0,3,0,LOUISVILLE,LOUISVILLE,4,60,,,,,,
100559,Curley Young Jr.,LB,0,0,,2025,196,,72.3,66.1,D41,0,0,1,0,5,0,0,5,1,1,JVILLE ST,JVILLE ST,11,59.7,,,,,,
100568,Josh Plaster,P,0,0,,2025,261,60,60.2,60.4,S36,0,0,1,3,0,0,0,0,0,0,OKLAHOMA,OKLAHOMA,3,,,,,,,
100612,Craig Woodson,S,0,0,2025,2025,130,,60,62.2,D02,0,0,1,0,1,0,0,0,2,0,CAL,CAL,3,60,,,,,,
100625,Patrick Herbert,TE,0,0,2025,2025,264,60,60.2,64.3,88,0,0,1,1,0,0,8,0,0,0,OREGON,OREGON,9,,,,,,,
100651,Donovan Ollie,WR,0,0,,2025,144,,59.3,69.9,06,0,0,1,0,0,1,9,0,3,0,COLO STATE,COLO STATE,13,,,,,,,
100664,Chase Locke,WR,0,0,,2025,208,,60,62.9,89,0,0,1,0,0,0,2,0,0,0,LA TECH,LA TECH,2,,,,,,,
100673,Tre'shon Devones,CB,0,0,,2025,154,,60.1,67.1,D24,0,0,1,0,1,1,0,3,0,0,DUKE,DUKE,5,60,,,,,,
100808,Justin Mayers,G,0,0,,2023,143,60,61.1,65.7,66,0,0,1,3,0,0,0,0,0,0,COLORADO,COLORADO,3,,,,,,,
101036,Dustyn Hall,C,0,0,,2025,156,,60,63.3,65,0,0,1,0,0,0,0,0,0,0,E CAROLINA,E CAROLINA,0,,,,,,,
101050,Cam Jones,T,0,0,,2025,196,60,60.8,62.7,69,0,0,1,4,0,0,0,0,0,0,JVILLE ST,JVILLE ST,4,,,,,,,
101091,Jaise Oliver,S,0,0,,2025,305,,45.4,28.2,D25,0,1,1,0,0,7,2,3,5,0,TCU,TCU,17,,,,,,,
101116,Javon Ivory,WR,0,0,,2025,288,,48.2,66.6,13,1,0,1,0,0,0,5,2,2,0,S ALABAMA,S ALABAMA,9,,,,,,,
101124,Kelley Joiner Jr.,HB,0,0,,2025,327,,59.5,66.7,08,0,0,1,0,0,0,1,4,0,0,USF,USF,5,,60,,,,,
101126,Christian Helms,WR,0,0,,2026,327,,57.9,68.7,85,0,0,1,0,0,0,6,0,0,0,USF,USF,6,,,,,,,
101127,Sean Atkins,WR,0,0,,2025,327,,60,64.1,38,0,0,1,0,0,0,0,0,6,0,USF,USF,6,,,,64,,,
101129,Caqavouis Berryhill,S,0,0,,2025,327,,63.3,72.1,D05,0,0,1,0,1,6,0,3,6,0,USF,USF,16,60,,,,,,
101142,Markel Reed,CB,0,0,,2025,120,,73.6,65,D08,0,0,1,0,0,0,5,0,0,0,BOISE ST,BOISE ST,5,,,,,,,
101165,Michael Callahan,DI,0,0,,2025,120,,60,64.4,D92,0,0,1,0,3,0,0,0,1,0,BOISE ST,BOISE ST,4,59.4,,,,,,
101219,Tyler Crowe,HB,0,0,,2025,120,,59.3,68.9,33,0,0,1,0,0,0,4,4,5,0,BOISE ST,BOISE ST,13,,,,,,,
101229,Jordan Cobbs,LB,0,0,,2025,285,,60,62.8,D08,0,0,1,0,5,0,0,0,0,0,S JOSE ST,S JOSE ST,5,59.8,,,,,,
101236,Walker Hardan,LS,0,0,,2025,325,60,64.7,64.1,S59,0,0,1,4,0,0,0,9,0,0,UNLV,UNLV,13,,,74.3,,,,
101313,Alexander Teubner,LB,0,0,,2025,120,,64.1,68.3,D34,0,0,1,0,4,0,5,0,6,0,BOISE ST,BOISE ST,15,60.1,,,,,,
101373,Javin Wright,LB,0,0,2026,2026,238,,59.8,64.7,D33,0,0,1,0,2,0,0,2,0,0,NEBRASKA,NEBRASKA,4,60,,,,,,
101377,Quinten Johnson,S,0,0,,2025,222,,61.5,66.2,D28,0,0,1,0,2,0,0,0,4,0,MICHIGAN,MICHIGAN,6,60,,,,,,
101381,Keshaun Harris,CB,0,0,,2025,222,,60.7,65.8,D36,0,0,1,0,0,6,4,0,0,0,MICHIGAN,MICHIGAN,10,,,,,,,
101402,Sebastian Castro,S,0,0,2025,2025,192,,60.1,62,D29,0,0,1,0,5,0,0,0,0,0,IOWA,IOWA,5,60,,,,,,
101405,Noah Potter,ED,0,0,,2025,248,,60.9,82.1,D97,0,0,1,0,2,0,0,0,0,0,NC STATE,NC STATE,2,59.9,,,,,,
101408,Smith Vilbert,ED,0,0,2026,2026,266,,61.5,66.2,D92,0,0,1,0,4,0,0,0,3,0,PENN STATE,PENN STATE,7,59.8,,,,,,
101410,Rodas Getachew-Johnson,DI,0,0,,2025,312,,60.8,65.2,D56,0,0,1,0,1,0,0,0,2,0,TEXAS A&M,TEXAS A&M,3,59.6,,,,,,
101446,Ty Robinson,DI,0,0,2025,2025,238,,59.9,63.5,D09,0,0,1,0,2,0,0,0,0,0,NEBRASKA,NEBRASKA,2,59.7,,,,,,
101453,Jaden McKenzie,DI,0,0,,2025,156,,59.2,63,D93,0,0,1,0,3,0,0,0,0,0,E CAROLINA,E CAROLINA,3,59.1,,,,,,
101455,Dvon J-Thomas,DI,0,0,2025,2025,266,,59.8,64.1,D91,0,0,1,0,2,0,0,0,0,0,PENN STATE,PENN STATE,2,59.5,,,,,,
101472,Michael Lantz,K,0,0,,2025,326,,60.4,67.8,S96,0,0,1,6,0,6,0,0,0,0,USC,USC,12,,,,,57.6,71.7,
101480,Joey Velazquez,LB,0,0,,2026,260,,59.8,64,D39,0,0,1,0,0,0,2,0,0,0,OHIO STATE,OHIO STATE,2,,,,,,,
101496,Lance Dixon,LB,0,0,2025,2025,316,,57.9,77.8,D08,0,0,1,0,4,6,0,0,4,0,TOLEDO,TOLEDO,14,59.5,,,,,,
101501,Ryan Meed,LB,0,0,,2025,187,,60,67.2,D34,0,0,1,0,4,2,4,3,0,0,ILLINOIS,ILLINOIS,13,59.9,,,,,,
101503,DJ Gordon IV,LB,0,0,,2025,327,,50.5,65.1,D08,0,0,1,0,1,4,0,0,0,0,USF,USF,5,60,,,,,,
101504,Donald Willis,LB,0,0,,2025,347,,60.2,61.6,D15,0,0,1,0,6,0,0,0,0,0,W MICHIGAN,W MICHIGAN,6,60.1,,,,,,
101505,Ben McNaboe,ED,0,1,,2025,259,,30,25.2,D08,0,1,1,0,4,0,0,0,2,0,OHIO,OHIO,6,60,,,,,,
101506,Derik LeCaptain,LB,0,0,,2026,225,,62.1,67.6,D35,0,0,1,0,0,4,2,2,4,0,MINNESOTA,MINNESOTA,12,,,,,,,
101510,Charles Willekes,LB,0,0,,2025,113,,60.2,62.5,D36,0,0,1,0,8,0,0,0,0,0,ARK STATE,ARK STATE,8,60,,,,,,
101520,Jacob Wahlberg,LB,0,0,,2025,347,,59.8,60,D08,0,0,1,0,6,0,0,0,0,0,W MICHIGAN,W MICHIGAN,6,59.8,,,,,,
101523,William Wagner,LS,0,0,2025,2025,222,61.6,66.3,63.6,S49,0,0,1,5,0,0,0,6,0,0,MICHIGAN,MICHIGAN,11,,,81.9,,,,
101548,Enokk Vimahi,G,0,0,,2025,340,60,60.8,62.7,57,0,0,1,4,0,0,0,0,0,0,WASHINGTON,WASHINGTON,4,,,,,,,
101569,Spencer Brown,T,0,0,,2025,261,60,60.6,65.6,58,0,0,1,3,0,0,0,0,0,0,OKLAHOMA,OKLAHOMA,3,,,,,,,
101590,Nick DeJong,T,0,0,,2025,192,60,60.7,61.5,56,0,0,1,4,0,0,0,0,0,0,IOWA,IOWA,4,,,,,,,
101601,John Bullock,LB,0,0,2025,2025,238,,60.1,65.1,D05,0,0,1,0,2,1,0,2,0,0,NEBRASKA,NEBRASKA,5,60,,,,,,
101612,Tom Foley,P,0,0,,2025,254,,60,65.4,S98,0,0,1,0,0,0,0,2,0,0,N ILLINOIS,N ILLINOIS,2,,,,,,,57.9
101664,Bryson Shaw,S,0,0,,2025,326,,71.5,66.3,D27,0,0,1,0,1,6,6,0,1,0,USC,USC,14,60,,,,,,
101668,Tate Hallock,S,0,0,,2026,347,,61.4,64.6,D03,0,0,1,0,6,1,0,0,2,0,W MICHIGAN,W MICHIGAN,9,60,,,,,,
101674,Cormontae Hamilton,ED,0,0,,2025,218,,59.9,63.3,D12,0,0,1,0,2,0,0,2,0,0,MEMPHIS,MEMPHIS,4,59.6,,,,,,
101679,Nick Kallerup,TE,0,0,2025,2025,225,60,73.9,65,87,0,0,1,5,0,0,2,2,0,0,MINNESOTA,MINNESOTA,9,,,,,,,
101695,Giles Jackson,WR,0,0,2025,2025,340,,60.2,63.9,05,0,0,1,0,0,1,1,0,0,0,WASHINGTON,WASHINGTON,2,,,,,,,
101711,Dalevon Campbell,WR,0,0,2025,2025,289,,69.9,67.6,15,0,0,1,0,0,0,0,2,2,1,S CAROLINA,S CAROLINA,4,,,,,,,
101725,Cade McDonald,WR,0,0,2025,2025,221,,60,63.3,15,0,0,1,0,0,0,0,0,3,0,MIAMI OH,MIAMI OH,3,,,,27.5,,,
101737,Quinn Schulte,S,0,0,,2025,192,,59.8,62,D30,0,0,1,0,5,0,0,0,0,0,IOWA,IOWA,5,59.7,,,,,,
101741,TJ Sheffield,WR,0,0,2025,2025,146,,60,64.3,08,0,0,1,0,0,0,0,0,6,0,UCONN,UCONN,6,,,,63.2,,,
101807,Alijah Huzzie,CB,0,0,2025,2025,245,,60,67.8,D28,0,0,1,0,3,0,0,4,2,0,N CAROLINA,N CAROLINA,9,60,,,61.9,,,
101846,Ray Williams,S,0,0,,2025,197,,56.2,71.2,D06,0,0,1,0,2,6,0,0,5,0,JAMES MAD,JAMES MAD,13,60,,,,,,
101963,Kamari Stephens,ED,0,0,,2025,113,,58.9,63.5,D80,0,0,1,0,5,0,0,0,0,0,ARK STATE,ARK STATE,5,58.9,,,,,,
102031,Gino Garcia,K,0,0,,2025,315,,60,64.5,S99,0,0,1,4,0,1,0,0,0,0,TEXAS TECH,TEXAS TECH,5,,,,,65.1,60,
102046,James Neal,LB,0,0,,2025,314,,51.3,65.3,D25,1,0,1,0,2,7,0,0,1,0,TEXAS ST,TEXAS ST,10,59.9,,,,,,
102118,Jacob Dobbs,LB,0,0,,2025,197,,59.8,70.8,D27,0,0,1,0,0,0,0,4,0,0,JAMES MAD,JAMES MAD,4,,,,,,,
102247,Blake Austin,G,0,0,,2025,346,60,60.5,63.2,79,0,0,1,3,0,0,0,0,0,0,W KENTUCKY,W KENTUCKY,3,,,,,,,
102273,Pat McMurtrie,T,0,0,,2026,197,60,60,63.7,76,0,0,1,1,0,0,0,0,0,0,JAMES MAD,JAMES MAD,1,,,,,,,
102316,T.J. Session,T,0,0,,2025,130,60,60.7,61.5,72,0,0,1,4,0,0,0,0,0,0,CAL,CAL,4,,,,,,,
102326,Allen Jones Jr.,T,0,0,,2025,316,60,61.9,67.8,79,0,0,1,7,0,0,0,0,0,0,TOLEDO,TOLEDO,7,,,,,,,
102450,Jaylon Jimmerson,CB,0,0,,2025,281,,74.9,66.8,D04,0,0,1,0,0,0,0,7,1,1,SM HOUSTON,SM HOUSTON,8,,,,,,,
102668,Anthony Switzer,LB,0,0,,2025,111,,71.8,71.9,D25,0,0,1,0,0,8,1,0,4,1,ARKANSAS,ARKANSAS,13,,,,,,,
102725,Nana Osafo-Mensah,ED,0,0,,2025,305,,60.4,64.3,D54,0,0,1,0,2,0,0,0,1,0,TCU,TCU,3,59.7,,,,,,
102726,Howard Cross III,DI,0,0,2025,2025,258,,59.7,63.3,D56,0,0,1,0,2,0,0,0,0,0,NOTRE DAME,NOTRE DAME,2,59.5,,,,,,
102763,Kenny Haynes,LB,0,0,,2025,314,,62.1,64.7,D14,0,0,1,0,0,7,0,0,0,0,TEXAS ST,TEXAS ST,7,,,,,,,
102837,Cody Winokur,DI,0,0,,2025,114,60,60.1,63.6,D93,0,0,1,4,2,0,0,0,0,0,ARMY,ARMY,6,59.1,,,,,,
102843,Quinn Murphy,G,0,0,,2026,347,60.3,61.7,66.8,53,0,0,1,5,0,0,0,0,0,0,W MICHIGAN,W MICHIGAN,5,,,,,,,
102860,Jamil Muhammad,ED,0,0,2025,2025,326,,60.6,64.1,D10,0,0,1,0,2,0,0,5,1,0,USC,USC,8,59.7,,,,,,
102933,Dalen Cambre,WR,0,0,2025,2025,207,60,67.1,69.3,11,0,0,1,2,0,2,7,6,3,0,LA LAFAYET,LA LAFAYET,20,,,,,,,
103597,Antonio Carter II,S,0,0,,2025,196,,60.1,63.7,D08,0,0,1,0,5,0,0,0,1,0,JVILLE ST,JVILLE ST,6,59.8,,,,,,
103620,Kam Alexander,CB,0,0,2025,2025,264,,61.1,68.8,D11,0,0,1,0,7,0,0,0,4,0,OREGON,OREGON,11,59.6,,,,,,
103655,Logan Lutui,ED,0,0,,2026,128,,59.9,63.5,D59,0,0,1,0,2,0,0,0,0,0,BYU,BYU,2,59.7,,,,,,
103696,Jevon Leon,ED,0,0,,2025,281,,60.2,61.8,D01,0,0,1,0,0,0,0,3,0,0,SM HOUSTON,SM HOUSTON,3,,,,,,,
103830,Brevin Randle,LB,0,0,,2025,331,,60,61.8,D11,0,0,1,0,1,0,0,0,1,0,UTSA,UTSA,2,60,,,,,,
103979,Jobi Malary,HB,0,0,,2026,197,,59.3,66.5,28,0,0,1,0,0,0,0,4,0,0,JAMES MAD,JAMES MAD,4,,,,,,,
104107,Ife Adeyi,WR,0,0,2025,2025,281,,60.1,63.9,02,0,0,1,0,0,0,1,0,4,0,SM HOUSTON,SM HOUSTON,5,,,,64.6,,,
104182,Adam Jones,WR,0,0,,2025,113,,60,63.7,11,0,0,1,0,0,0,1,0,0,0,ARK STATE,ARK STATE,1,,,,,,,
104231,Zah Frazier,CB,0,0,2025,2025,331,,60,66,D03,0,0,1,0,0,0,0,0,1,0,UTSA,UTSA,1,,,,,,,
104300,Daego Albert,S,0,0,,2026,325,,62.1,68.8,D40,0,0,1,0,0,5,0,0,1,0,UNLV,UNLV,6,,,,,,,
104365,Jack Barton,ED,0,0,,2025,146,,59.8,63,D93,0,0,1,0,2,0,0,0,0,0,UCONN,UCONN,2,59.6,,,,,,
104402,Khairi Manns,ED,0,0,,2025,197,,60.8,64.2,D11,0,0,1,0,3,0,4,0,0,0,JAMES MAD,JAMES MAD,7,60.2,,,,,,
104560,Noah Holmes,ED,1,0,,2026,156,,60.1,68.6,D38,1,0,1,0,4,6,4,1,2,0,E CAROLINA,E CAROLINA,17,59.8,,,,,,
104838,Jeremiah Webb,WR,0,0,2025,2025,288,,60.1,67,81,0,0,1,0,0,0,6,1,0,0,S ALABAMA,S ALABAMA,7,,,,,,,
104843,Zak Wallace,HB,0,0,,2025,113,,57,63.8,21,0,0,1,0,0,0,5,0,0,0,ARK STATE,ARK STATE,5,,,,,,,
104927,Davion Ross,CB,0,0,2025,2025,218,,60.8,66.1,D01,0,0,1,0,5,4,0,0,0,0,MEMPHIS,MEMPHIS,9,59.8,,,,,,
104969,Coleman Owen,WR,0,0,2025,2025,259,,60.1,64.1,06,0,0,1,0,0,0,1,0,5,0,OHIO,OHIO,6,,,,63.2,,,
105076,Omar Rogers,S,0,0,,2025,156,,60.1,64.9,D12,0,0,1,0,4,0,0,1,0,0,E CAROLINA,E CAROLINA,5,60,,,,,,
105089,Ja'Corey Benjamin,CB,0,0,,2025,122,,60.9,66.7,D07,0,0,1,0,6,1,0,0,0,0,BOWL GREEN,BOWL GREEN,7,60.1,,,,,,
105283,Ryan Coe,K,0,0,2025,2025,130,,60,67.4,S40,0,0,1,1,0,4,0,0,0,0,CAL,CAL,5,,,,,60,71.5,
105308,Brian Buschini,P,0,0,,2025,238,60,60.7,67.5,S13,0,0,1,3,0,4,0,2,0,0,NEBRASKA,NEBRASKA,9,,,,,,45.5,61
105401,Ryan Wilkins,LS,0,0,,2025,206,,57.2,63.7,S45,1,0,1,0,0,0,0,6,0,0,LIBERTY,LIBERTY,6,,,83.1,,,,
105622,Chaz Ward,TE,0,0,,2025,207,,60.2,66.4,22,0,0,1,0,0,0,5,0,0,0,LA LAFAYET,LA LAFAYET,5,,,,,,,
105687,Ian Drummond,TE,0,0,,2025,122,60,78.8,67,86,0,0,1,8,0,0,7,2,0,0,BOWL GREEN,BOWL GREEN,17,,59.9,,,,,
105723,Brett Buckman,WR,0,0,,2025,146,,59.9,69.2,10,0,0,1,0,0,0,3,0,5,0,UCONN,UCONN,8,,,,,,,
105795,Trey Jones III,S,0,1,,2025,312,,55.3,27,D05,0,1,1,0,0,6,6,4,3,1,TEXAS A&M,TEXAS A&M,19,,,,,,,
105835,Amir Wallace,CB,0,0,,2025,285,,60.6,66.7,D06,0,0,1,0,7,0,0,0,0,0,S JOSE ST,S JOSE ST,7,59.9,,,,,,
105925,D'Marco Augustin,S,0,0,,2025,327,,59.6,66.3,D10,0,0,1,0,6,2,0,6,0,0,USF,USF,14,59.8,,,,,,
106027,Diassa Diakite,CB,0,0,,2025,154,,60.9,70.2,D23,0,0,1,0,1,4,0,5,2,0,DUKE,DUKE,12,60,,,,,,
106272,Sebastian Benjamin,ED,0,0,,2025,346,,60.2,68.1,D09,0,0,1,0,7,0,0,0,2,0,W KENTUCKY,W KENTUCKY,9,59.1,,,,,,
106422,Shane Cokes,DI,0,0,,2025,143,,59,64.4,D99,0,0,1,0,6,0,0,0,0,0,COLORADO,COLORADO,6,58.9,,,,,,
106431,Jelani Stafford,DI,0,0,,2025,146,,60,64.3,D97,0,0,1,0,2,0,0,4,1,0,UCONN,UCONN,7,59,,,,,,
106662,Chris Fitzgerald,DI,0,0,,2025,197,,59.9,63.5,D97,0,0,1,0,2,0,0,0,0,0,JAMES MAD,JAMES MAD,2,59.7,,,,,,
106697,Dom Jones,CB,0,0,2025,2025,144,,60.6,65.4,D07,0,0,1,0,6,0,0,0,0,0,COLO STATE,COLO STATE,6,60.2,,,,,,
108118,Laletia Hale,LB,1,0,,2025,196,,83.9,66.6,D16,0,0,1,0,5,0,0,5,1,1,JVILLE ST,JVILLE ST,11,60.1,,,,,,
108435,Alex Harper,LS,0,0,,2025,156,61.6,63.4,62.7,S49,0,0,1,5,0,0,0,1,0,0,E CAROLINA,E CAROLINA,6,,,74.3,,,,
108533,Tedi Kushi,T,0,0,2025,2025,347,60,61.5,67.8,73,0,0,1,5,0,0,0,0,0,0,W MICHIGAN,W MICHIGAN,5,,,,,,,
108543,Wyatt Hummel,T,0,0,,2026,143,60,60.8,66.5,70,0,0,1,3,0,0,0,0,0,0,COLORADO,COLORADO,3,,,,,,,
108577,Jack Purcell,T,0,0,,2025,154,60,60.7,67.1,73,0,0,1,3,0,0,0,0,0,0,DUKE,DUKE,3,,,,,,,
108583,Jonathan Mendoza,T,0,0,2025,2025,210,60,61,62.9,76,0,0,1,5,0,0,0,0,0,0,LOUISVILLE,LOUISVILLE,5,,,,,,,
108653,John Paul Flores,G,0,0,,2025,206,60,60.6,61.5,76,0,0,1,2,0,0,0,0,0,0,LIBERTY,LIBERTY,2,,,,,,,
108919,Luka Zurak,K,0,0,,2025,347,,60,64.6,S18,0,0,1,5,0,1,0,0,0,0,W MICHIGAN,W MICHIGAN,6,,,,,71.8,60,
108920,Michael Denning,K,0,0,,2025,316,,60,68.9,S48,0,0,1,0,0,6,0,0,0,0,TOLEDO,TOLEDO,6,,,,,,65.3,
109040,P.J. Wells,WR,0,0,,2025,196,,58.1,67.1,13,0,0,1,0,0,0,6,0,4,0,JVILLE ST,JVILLE ST,10,,,,,,,
109089,Kobe Johnson,HB,0,0,,2025,144,,60.2,64.1,00,0,0,1,0,0,0,9,1,3,0,COLO STATE,COLO STATE,13,,56.8,,62.9,,,
109352,Billy Riviere III,TE,0,0,,2025,341,,59.7,64.5,42,0,0,1,0,0,0,3,1,0,0,WASH STATE,WASH STATE,4,,,,,,,
109593,Chris Hardie,ED,0,0,,2025,226,,59.9,62.3,D91,0,0,1,0,2,0,0,0,0,0,OLE MISS,OLE MISS,2,59.7,,,,,,
120862,Abdul-Fatai Ibrahim,WR,0,0,,2025,208,,57.7,68.1,18,0,0,1,0,0,0,5,0,0,0,LA TECH,LA TECH,5,,,,,,,
121351,Sam Howard,LB,0,0,,2026,319,,59.9,62.2,D15,0,0,1,0,7,0,0,0,0,0,TULANE,TULANE,7,59.8,,,,,,
121426,Caullin Lacy,WR,0,0,2026,2026,210,,74.4,64.3,05,0,0,1,0,0,0,6,0,6,0,LOUISVILLE,LOUISVILLE,12,,58.7,,73.7,,,
121445,Keyshawn Woodyard,WR,0,0,,2026,288,,60.7,68.3,18,0,0,1,0,0,0,5,0,0,0,S ALABAMA,S ALABAMA,5,,,,,,,
121483,Reese Burkhardt,K,0,0,,2025,315,,60,67.8,S38,0,0,1,0,0,4,0,0,0,0,TEXAS TECH,TEXAS TECH,4,,,,,,71.5,
121513,Jack Bullard,LS,1,0,,2025,113,64.9,76.9,63,S38,0,0,1,7,0,0,0,3,0,0,ARK STATE,ARK STATE,10,,,78.3,,,,
121522,Ryan Hanson,P,0,0,,2025,197,60,60.9,65.3,S48,0,0,1,7,0,0,0,4,0,0,JAMES MAD,JAMES MAD,11,,,,,,,58.2
121524,CJ Harris,LB,0,0,,2026,208,,59.9,61.7,D37,0,0,1,0,3,0,0,0,0,0,LA TECH,LA TECH,3,59.8,,,,,,
121537,Lincoln Pare,HB,0,0,2026,2026,314,,59.9,65.2,07,0,0,1,0,0,0,5,0,0,0,TEXAS ST,TEXAS ST,5,,,,,,,
121544,Trevian Thomas,S,0,0,2025,2025,113,,59.8,65.6,D09,0,0,1,0,8,0,1,3,0,0,ARK STATE,ARK STATE,12,59.9,,,,,,
121547,Austin Woods,G,0,0,,2025,113,61.2,61.9,67.4,91,0,0,1,7,0,0,0,3,0,0,ARK STATE,ARK STATE,10,,,,,,,
121551,Hamilton Baker,S,0,0,,2025,114,,61.9,67.6,D39,0,0,1,0,0,5,2,0,0,0,ARMY,ARMY,7,,,,,,,
121607,Tyrell Robinson,WR,0,0,,2025,114,,59.9,64,21,0,0,1,0,0,0,3,0,3,0,ARMY,ARMY,6,,58.7,,60.2,,,
121668,Channing Canada,CB,0,0,2026,2026,305,,60,64.5,D07,0,0,1,0,2,0,0,0,0,0,TCU,TCU,2,60,,,,,,
121669,Isaiah Cash,S,0,0,,2026,281,,60,61.5,D19,0,0,1,0,4,0,0,0,0,0,SM HOUSTON,SM HOUSTON,4,60,,,,,,
121724,Immanuel Bush,DI,0,0,,2026,197,,59.4,62.6,D15,0,0,1,0,2,0,0,0,0,0,JAMES MAD,JAMES MAD,2,59.3,,,,,,
121761,Koby Drake,WR,0,0,,2025,218,,60,63.3,10,0,0,1,0,0,0,0,0,3,0,MEMPHIS,MEMPHIS,3,,,,63.7,,,
121763,Jonah Gambill,G,0,0,,2025,218,62.5,62.2,67.6,65,0,0,1,7,0,0,0,0,0,0,MEMPHIS,MEMPHIS,7,,,,,,,
121764,Mitchell Gildehaus,C,0,0,,2025,218,60,61.9,68.5,78,0,0,1,7,0,0,0,0,0,0,MEMPHIS,MEMPHIS,7,,,,,,,
121781,Rodney Newsom Jr.,G,0,0,,2026,346,60,61,61.8,65,0,0,1,3,0,0,0,0,0,0,W KENTUCKY,W KENTUCKY,3,,,,,,,
121783,Caden Prieskorn,TE,0,0,2025,2025,226,60,61.4,60.9,86,0,0,1,7,0,0,0,0,0,0,OLE MISS,OLE MISS,7,,,,,,,
121788,Brandon Thomas,HB,0,0,,2025,218,,57,66,22,0,0,1,0,0,0,6,2,0,0,MEMPHIS,MEMPHIS,8,,,,,,,
121850,Johnny Hodges,LB,0,0,,2026,305,,60,60.8,D57,0,0,1,0,1,0,0,0,0,0,TCU,TCU,1,60,,,,,,
121882,Jordan Brown,LB,0,0,,2025,251,,59.7,64.9,D08,0,0,1,0,3,0,0,3,0,0,N TEXAS,N TEXAS,6,60,,,,,,
121886,Jett Duncan,C,0,0,,2025,251,60,60.8,62.7,64,0,0,1,4,0,0,0,0,0,0,N TEXAS,N TEXAS,4,,,,,,,
121891,Alphie Guillory,S,0,0,,2025,251,,72.6,68.2,D20,0,0,1,0,0,5,7,3,3,1,N TEXAS,N TEXAS,18,,,,,,,
121905,Jake Roberts,TE,0,0,,2025,261,60,61.1,68.9,87,0,0,1,3,0,0,4,0,0,0,OKLAHOMA,OKLAHOMA,7,,,,,,,
121917,Marcus Bryant,T,0,0,2025,2025,229,60,61,63.5,52,0,0,1,5,0,0,0,0,0,0,MISSOURI,MISSOURI,5,,,,,,,
121971,Durham Harris,LS,0,0,,2026,341,64.9,63.9,62.4,S99,0,0,1,7,0,0,0,1,0,0,WASH STATE,WASH STATE,8,,,74.2,,,,
121981,Issiah Nixon,ED,0,0,,2025,281,,59.7,62.9,D18,0,0,1,0,2,0,0,0,0,0,SM HOUSTON,SM HOUSTON,2,59.5,,,,,,
121982,David Nunez,P,0,0,,2026,314,60,60.6,62.5,S38,0,0,1,6,0,0,0,1,0,0,TEXAS ST,TEXAS ST,7,,,,,,,60
121987,Trenton Scott,T,0,0,,2026,314,60,61.4,64,52,0,0,1,6,0,0,0,0,0,0,TEXAS ST,TEXAS ST,6,,,,,,,
122037,Joshua Sloan,P,0,0,,2025,218,60,60.8,63.7,S13,0,0,1,7,0,0,0,2,0,0,MEMPHIS,MEMPHIS,9,,,,,,,60
122052,Tyler Batty,ED,0,0,2025,2025,128,,59.7,63.7,D92,0,0,1,0,2,0,1,1,0,0,BYU,BYU,4,59.5,,,,,,
122058,Mason Fakahua,TE,0,0,,2025,128,,59.9,65.5,22,0,0,1,0,0,0,3,0,0,0,BYU,BYU,3,,,,,,,
122075,Austin Riggs,LS,0,0,,2025,278,64.9,65.6,63.5,S47,0,0,1,7,0,0,0,4,0,0,RUTGERS,RUTGERS,11,,,79.6,,,,
122095,Caleb Fox,DI,0,0,,2025,305,,59.9,64.7,D90,0,0,1,0,2,0,0,0,1,0,TCU,TCU,3,59.2,,,,,,
122104,Daniel Keys,T,0,0,,2025,208,60,60.2,65.8,51,0,0,1,2,0,0,0,0,0,0,LA TECH,LA TECH,2,,,,,,,
122146,Fred Davis II,CB,0,0,2026,2026,196,,53.5,67,D10,0,0,1,0,2,0,0,4,0,0,JVILLE ST,JVILLE ST,6,59.9,,,,,,
122180,Colby Garfield,LS,0,0,,2026,259,54.9,54.8,63.6,S39,0,0,1,5,0,0,0,5,0,0,OHIO,OHIO,10,,,37.3,,,,
122197,Taylor Thompson,TE,0,0,,2025,197,60,61.5,61.6,17,0,0,1,7,0,0,0,0,0,0,JAMES MAD,JAMES MAD,7,,,,,,,
122212,Corey Flagg,LB,0,0,,2025,229,,62.1,64.3,D11,0,0,1,0,4,0,0,1,5,0,MISSOURI,MISSOURI,10,60,,,,,,
122263,Gavin Byers,G,0,0,,2025,118,60.3,61.7,66.8,58,0,0,1,5,0,0,0,0,0,0,BAYLOR,BAYLOR,5,,,,,,,
122264,Drake Dabney,TE,0,0,2025,2025,305,60,61.3,61.5,09,0,0,1,6,0,0,0,0,0,0,TCU,TCU,6,,,,,,,
122269,Mike Harris,S,0,0,,2026,288,,57.3,67.5,D31,0,0,1,0,0,6,0,1,2,1,S ALABAMA,S ALABAMA,9,,,,,,,
122274,A.J. McCarty,CB,0,0,,2026,315,,59.5,66.3,D01,0,0,1,0,3,0,0,4,0,0,TEXAS TECH,TEXAS TECH,7,60,,,,,,
122276,Brooks Miller,LB,0,0,,2025,118,,60,67.5,D41,0,0,1,0,0,0,0,0,2,0,BAYLOR,BAYLOR,2,,,,,,,
122280,Chateau Reed,CB,0,0,,2025,118,,50,65.6,D21,1,0,1,0,1,1,0,0,2,0,BAYLOR,BAYLOR,4,60,,,,,,
122323,Shane Bruce,LB,0,0,,2026,141,,60.4,64.8,D01,0,0,1,0,4,0,0,0,0,0,COAST CAR,COAST CAR,4,60.1,,,,,,
122363,Tyler Wagner,C,0,0,,2026,141,60,60,60.9,78,0,0,1,1,0,0,0,0,0,0,COAST CAR,COAST CAR,1,,,,,,,
122374,James Hopson II,WR,0,0,,2025,154,,59.6,65.5,10,0,0,1,0,0,0,0,0,2,0,DUKE,DUKE,2,,,,,,,
122383,Michael Reese,ED,0,0,,2025,154,,75.2,65.5,D14,0,0,1,0,6,0,9,5,0,0,DUKE,DUKE,20,59.4,,,,,,
122384,Jontavis Robertson,WR,0,0,,2025,154,,57.3,66.1,01,0,0,1,0,0,0,9,0,0,0,DUKE,DUKE,9,,,,,,,
122387,Ryan Smith,ED,0,0,,2025,154,,59.5,67.2,D40,0,0,1,0,5,1,0,5,2,0,DUKE,DUKE,13,59.2,,,,,,
122389,Jaylen Stinson,S,0,0,,2025,154,,59.8,64.3,D02,0,0,1,0,8,0,0,2,0,0,DUKE,DUKE,10,59.9,,,,,,
122396,Stephen Dix Jr.,LB,0,0,2026,2026,111,,60.3,66.8,D14,0,0,1,0,4,0,0,4,1,0,ARKANSAS,ARKANSAS,9,60.1,,,,,,
122398,Markeston Douglas,TE,0,0,,2026,110,60,58.5,69.6,18,0,0,1,4,0,0,6,0,0,0,ARIZONA ST,ARIZONA ST,10,,,,,,,
122424,Sidney Williams,LB,0,0,,2025,229,,51.1,67.2,D03,1,0,1,0,1,6,5,0,0,0,MISSOURI,MISSOURI,12,60,,,,,,
122432,Tyler Bride,CB,0,0,,2026,196,,61.5,69.8,D00,0,0,1,0,0,0,0,0,4,0,JVILLE ST,JVILLE ST,4,,,,,,,
122461,Marques Watson-Trent,LB,0,0,,2026,174,,60,62,D01,0,0,1,0,4,0,0,0,0,0,GA SOUTHRN,GA SOUTHRN,4,59.9,,,,,,
122463,Jackson Wheeler,LS,0,0,,2026,174,60,51.3,63.2,S89,1,0,1,4,0,0,0,4,0,0,GA SOUTHRN,GA SOUTHRN,8,,,51.9,,,,
122466,Caelan Williams,T,0,0,,2027,174,60,61,66.6,64,0,0,1,4,0,0,0,0,0,0,GA SOUTHRN,GA SOUTHRN,4,,,,,,,
122469,Avery Boyd,TE,0,0,,2025,176,,62.2,68.9,09,0,0,1,0,0,2,0,3,3,0,GA TECH,GA TECH,8,,,,,,,
122470,LaMiles Brooks,S,0,0,,2025,176,,59.1,68.4,D01,1,0,1,0,5,6,0,3,4,1,GA TECH,GA TECH,18,59.8,,,,,,
122473,Henry Freer,LS,0,0,,2025,176,61.6,64.8,63,S46,0,0,1,5,0,0,0,3,0,0,GA TECH,GA TECH,8,,,78.7,,,,
122475,Tucker Gleason,QB,0,0,,2026,316,,60,63.3,04,0,0,1,0,0,0,0,0,0,0,TOLEDO,TOLEDO,0,,,,,,,
122480,Jared Ivey,ED,0,0,2025,2025,226,60,62.8,66.5,D15,0,0,1,6,1,0,0,0,4,0,OLE MISS,OLE MISS,11,59.7,,,,,,
122491,Jason Moore,DI,0,0,,2026,176,60,74.9,67.3,D95,0,0,1,5,0,0,0,3,0,1,GA TECH,GA TECH,8,,,,,,,
122498,Gavin Stewart,K,0,0,,2025,174,,60,66.9,S88,0,0,1,4,0,4,0,0,0,0,GA SOUTHRN,GA SOUTHRN,8,,,,,71,71.5,
122499,Akelo Stone,DI,0,0,,2026,226,,59.8,64,D95,0,0,1,0,0,0,2,0,0,0,OLE MISS,OLE MISS,2,,,,,,,
122503,Jordan Williams,T,0,0,2025,2025,176,60,61.5,67.8,54,0,0,1,5,0,0,0,0,0,0,GA TECH,GA TECH,5,,,,,,,
122521,Stevo Klotz,TE,0,0,2025,2025,193,,60.2,63.1,49,0,0,1,0,0,0,0,3,0,0,IOWA STATE,IOWA STATE,3,,,,,,,
122526,Tyler Miller,T,0,0,2026,2026,193,60,61.8,68.8,66,0,0,1,6,0,0,0,0,0,0,IOWA STATE,IOWA STATE,6,,,,,,,
122533,J.R. Singleton,DI,0,0,2025,2025,193,,58.9,68,D58,0,0,1,0,7,0,0,0,0,0,IOWA STATE,IOWA STATE,7,58.6,,,,,,
122545,Clinton Anokwuru,ED,0,0,,2026,141,,59.8,62.4,D47,0,0,1,0,1,0,0,0,0,0,COAST CAR,COAST CAR,1,59.6,,,,,,
122548,Jordan Brown,WR,0,0,,2026,315,,60.1,66,04,0,0,1,0,0,1,7,0,2,0,TEXAS TECH,TEXAS TECH,10,,,,53.3,,,
122584,Ty Bowman,WR,0,0,,2025,199,,53.7,71.1,08,1,0,1,0,0,8,8,4,4,0,KANSAS ST,KANSAS ST,24,,,,,,,
122605,Nate Matlack,ED,0,0,2025,2025,268,,60,90.7,D02,0,0,1,0,0,0,0,0,0,0,PITTSBURGH,PITTSBURGH,0,,,,,,,
122608,Christian Moore,TE,0,0,,2026,325,,59.8,63.3,44,0,0,1,0,0,0,4,0,0,0,UNLV,UNLV,4,,,,,,,
122619,Cody Stufflebean,ED,0,0,,2026,199,,59.4,63,D47,0,0,1,0,3,0,0,0,0,0,KANSAS ST,KANSAS ST,3,59.3,,,,,,
122620,Will Swanson,TE,0,0,,2026,199,60,60.8,60.5,83,0,0,1,4,0,0,0,0,0,0,KANSAS ST,KANSAS ST,4,,,,,,,
122628,Trey Amos,CB,0,0,2025,2025,226,,61.2,68,D09,0,0,1,0,1,0,0,0,4,0,OLE MISS,OLE MISS,5,60,,,,,,
122629,Caleb Anderson,CB,0,0,,2026,207,,60,63.6,D11,0,0,1,0,1,0,0,0,0,0,LA LAFAYET,LA LAFAYET,1,59.9,,,,,,
122634,Dontae Fleming,WR,0,0,2025,2025,319,,60,63.3,01,0,0,1,0,0,0,0,0,3,0,TULANE,TULANE,3,,,,64.5,,,
122645,Caleb Kibodi,LB,0,0,,2026,207,,59.2,67.9,D45,0,0,1,0,2,0,5,0,3,0,LA LAFAYET,LA LAFAYET,10,59.9,,,,,,
122647,Jordan Lawson,ED,0,0,,2026,207,,60,62.7,D00,0,0,1,0,1,0,0,0,0,0,LA LAFAYET,LA LAFAYET,1,59.8,,,,,,
122653,Mason Narcisse,DI,0,0,,2025,207,,58.9,63.9,D09,0,0,1,0,3,0,0,0,0,0,LA LAFAYET,LA LAFAYET,3,58.8,,,,,,
122673,Jerren Gilbert,G,0,0,,2025,208,,60.2,61.8,75,0,0,1,0,0,0,0,3,0,0,LA TECH,LA TECH,3,,,,,,,
122674,Tyler Grubbs,LB,0,0,,2025,319,,60.4,65,D13,0,0,1,0,7,0,0,0,0,0,TULANE,TULANE,7,60.1,,,,,,
122687,Keveion'ta Spears,DI,0,0,2026,2026,218,,60,62.7,D40,0,0,1,0,1,0,0,0,0,0,MEMPHIS,MEMPHIS,1,59.8,,,,,,
122690,Cedric Woods,CB,0,0,,2026,208,,60.1,65.2,D11,0,0,1,0,3,0,0,0,0,0,LA TECH,LA TECH,3,59.8,,,,,,
122700,Austin Collins,G,0,0,,2026,210,60.3,61.7,66.8,51,0,0,1,5,0,0,0,0,0,0,LOUISVILLE,LOUISVILLE,5,,,,,,,
122716,Duane Martin,FB,0,0,,2025,210,,60.1,66,45,0,0,1,0,0,0,5,6,0,0,LOUISVILLE,LOUISVILLE,11,,59.9,,,,,
122726,Dezmond Tell,DI,0,0,,2025,210,,60.3,65.2,D99,0,0,1,0,2,0,0,0,2,0,LOUISVILLE,LOUISVILLE,4,59.1,,,,,,
122727,Brock Travelstead,K,0,0,,2025,210,,60,65.5,S38,0,0,1,5,0,2,0,0,0,0,LOUISVILLE,LOUISVILLE,7,,,,,64.3,62,
122730,Jordan Watkins,WR,0,0,2025,2025,226,,60,94.4,11,0,0,1,0,0,0,1,0,0,0,OLE MISS,OLE MISS,1,,,,,,,
122745,CJ Garnett,LB,0,0,,2026,251,,61.8,66.2,D34,0,0,1,0,0,5,0,0,0,0,N TEXAS,N TEXAS,5,,,,,,,
122825,Noah Burnette,K,0,0,,2026,245,,60,62.5,S98,0,0,1,2,0,0,0,0,0,0,N CAROLINA,N CAROLINA,2,,,,,60,,
122828,John Copenhaver,TE,0,0,2025,2025,245,60,60,60.9,81,0,0,1,2,0,0,0,0,0,0,N CAROLINA,N CAROLINA,2,,,,,,,
122842,Malik McGowan,G,0,0,,2026,245,60,60.9,64.1,64,0,0,1,2,0,0,0,6,0,0,N CAROLINA,N CAROLINA,8,,,,,,,
122849,Spencer Triplett,LS,0,0,2026,2026,245,60,66,63.9,S62,0,0,1,2,0,0,0,6,0,0,N CAROLINA,N CAROLINA,8,,,82.6,,,,
122853,Devon Betty,LB,0,0,,2025,248,,60.9,80.8,D08,0,0,1,0,5,0,0,2,0,0,NC STATE,NC STATE,7,59.8,,,,,,
122856,Anthony Carter Jr.,G,0,0,,2026,248,60,61.3,65.3,75,0,0,1,4,0,0,0,0,0,0,NC STATE,NC STATE,4,,,,,,,
122873,Patrick Matan,T,0,0,,2026,248,60,61.2,65.8,76,0,0,1,4,0,0,0,0,0,0,NC STATE,NC STATE,4,,,,,,,
122874,Matt McCabe,G,0,0,,2026,248,60,61.2,66.5,66,0,0,1,4,0,0,0,2,0,0,NC STATE,NC STATE,6,,,,,,,
122885,Anthony Smith,WR,0,0,2026,2026,156,,60,63.3,17,0,0,1,0,0,0,0,0,0,0,E CAROLINA,E CAROLINA,0,,,,,,,
122889,Aydan White,CB,0,0,2025,2025,248,,61.5,78.6,D03,0,0,1,0,4,0,0,0,0,0,NC STATE,NC STATE,4,60,,,,,,
122892,Tosh Baker,T,0,0,,2025,258,60.3,61.7,66.8,79,0,0,1,5,0,0,0,0,0,0,NOTRE DAME,NOTRE DAME,5,,,,,,,
122893,Kevin Bauman,TE,0,0,,2026,258,60,61,63,84,0,0,1,5,0,0,3,0,0,0,NOTRE DAME,NOTRE DAME,8,,,,,,,
122895,Jay Brunelle,WR,0,0,,2025,121,,57.2,65.3,85,0,0,1,0,0,1,4,0,0,0,BOSTON COL,BOSTON COL,5,,,,,,,
122903,Aidan Keanaaina,DI,0,0,2026,2026,130,60,61.2,64,D47,0,0,1,4,1,0,0,6,1,0,CAL,CAL,12,59.6,,,,,,
122905,Clarence Lewis,CB,0,0,2025,2025,304,,61,66.8,D03,0,0,1,0,6,0,0,0,1,0,SYRACUSE,SYRACUSE,7,60,,,,,,
122912,Charlie Selna,TE,0,0,,2026,258,,61.1,72.6,89,0,0,1,0,0,0,0,0,5,0,NOTRE DAME,NOTRE DAME,5,,,,,,,
122914,Xavier Watts,S,0,0,2025,2025,258,,60,61.2,D00,0,0,1,0,2,0,0,0,0,0,NOTRE DAME,NOTRE DAME,2,60,,,,,,
122920,Jalin Conyers,TE,0,0,2025,2025,315,60,58.4,65.2,12,0,0,1,4,0,1,3,0,0,0,TEXAS TECH,TEXAS TECH,8,,,,,,,
122927,Reggie Grimes II,ED,0,0,,2026,218,,60,62.9,D14,0,0,1,0,1,0,0,0,0,0,MEMPHIS,MEMPHIS,1,60,,,,,,
122941,Zach Schmit,K,0,0,,2025,261,,60,67,S34,0,0,1,3,0,4,0,0,0,1,OKLAHOMA,OKLAHOMA,7,,,,,58.9,52.9,
122949,Shane Whitter,LB,0,0,,2026,251,,61.7,66,D07,0,0,1,0,2,5,0,0,0,0,N TEXAS,N TEXAS,7,60,,,,,,
122963,Mason Cobb,LB,0,0,,2025,326,,60.1,62.9,D13,0,0,1,0,4,0,0,0,0,0,USC,USC,4,59.9,,,,,,
122978,Jabbar Muhammad,CB,0,0,2025,2025,264,,60.4,65.8,D07,0,0,1,0,0,1,0,0,1,0,OREGON,OREGON,2,,,,,,,
123007,Solomon DeShields,LB,0,0,2025,2025,312,,55.4,68.8,D22,0,0,1,0,1,6,6,4,4,0,TEXAS A&M,TEXAS A&M,21,60,,,,,,
123009,Cam Guess,P,0,0,,2025,268,60,60.6,60.6,S92,0,0,1,6,0,0,0,0,0,0,PITTSBURGH,PITTSBURGH,6,,,,,,,
123015,Buddy Mack III,S,0,0,,2026,289,,61.8,68.8,D33,0,0,1,0,0,4,4,0,2,0,S CAROLINA,S CAROLINA,10,,,,,,,
123016,Jake McConnachie,WR,0,0,,2026,268,,57.9,68.7,84,0,0,1,0,0,0,6,0,0,0,PITTSBURGH,PITTSBURGH,6,,,,,,,
123021,Ben Sauls,K,0,0,2025,2025,268,,60.4,67.8,S90,0,0,1,6,0,6,0,0,0,2,PITTSBURGH,PITTSBURGH,12,,,,,78.7,68.5,
123032,Justin Barron,LB,0,0,2025,2025,304,,60.2,64.3,D08,0,0,1,0,4,0,0,1,1,0,SYRACUSE,SYRACUSE,6,59.8,,,,,,
123048,Maximilian Mang,TE,0,0,2025,2025,304,60,61.2,68.6,00,0,0,1,7,0,0,6,0,0,0,SYRACUSE,SYRACUSE,13,,,,,,,
123051,Trebor Pena,WR,0,0,2026,2026,304,,60,62.1,02,0,0,1,0,0,0,0,0,1,0,SYRACUSE,SYRACUSE,1,,,,63.2,,,
123053,Mark Petry,G,0,0,,2026,304,63.1,62.1,62.3,72,0,0,1,7,0,0,0,0,0,0,SYRACUSE,SYRACUSE,7,,,,,,,
123054,Anwar Sparrow,LB,0,0,,2026,304,,62.1,65.9,D12,0,0,1,0,2,9,0,1,0,0,SYRACUSE,SYRACUSE,12,59.8,,,,,,
123057,Marlowe Wax,LB,0,0,2025,2025,304,,60.1,62.1,D02,0,0,1,0,6,0,0,0,0,0,SYRACUSE,SYRACUSE,6,60,,,,,,
123066,Bud Clark,S,0,0,2026,2026,305,,62.2,66,D21,0,0,1,0,2,0,0,0,5,0,TCU,TCU,7,60,,,,,,
123067,Khari Coleman,LB,0,0,,2025,226,,61.9,64.3,D23,0,0,1,0,2,0,0,0,4,0,OLE MISS,OLE MISS,6,60,,,,,,
123084,Patrick Jenkins,DI,0,0,2025,2025,319,,58.7,64,D00,0,0,1,0,7,0,0,0,0,0,TULANE,TULANE,7,58.8,,,,,,
123089,Jai'Onte' McMillan,CB,0,0,2026,2026,225,,60.2,66.2,D24,0,0,1,0,0,0,0,1,2,0,MINNESOTA,MINNESOTA,3,,,,,,,
123094,Michael Nichols,T,0,0,,2025,305,60,61.7,68,71,0,0,1,6,0,0,0,0,0,0,TCU,TCU,6,,,,,,,
123103,Xavion Alford,S,0,0,,2026,110,,60.1,62.5,D02,0,0,1,0,7,0,0,0,0,0,ARIZONA ST,ARIZONA ST,7,59.9,,,,,,
123105,Jahdae Barron,CB,0,0,2025,2025,311,,61,65.7,D07,0,0,1,0,4,6,1,0,0,0,TEXAS,TEXAS,11,59.9,,,,,,
123107,Vernon Broughton,DI,0,0,2025,2025,311,,59.4,66,D45,0,0,1,0,4,0,0,0,1,0,TEXAS,TEXAS,5,59.3,,,,,,
123110,Alfred Collins,DI,0,0,2025,2025,311,,59.4,64,D95,0,0,1,0,4,0,0,0,0,0,TEXAS,TEXAS,4,59.2,,,,,,
123113,Prince Dorbah,ED,0,0,,2026,110,,60.4,65.1,D32,0,0,1,0,6,0,0,0,1,0,ARIZONA ST,ARIZONA ST,7,59.6,,,,,,
123116,Sawyer Goram-Welch,DI,0,0,,2026,141,,58.5,65.4,D99,0,0,1,0,7,0,0,0,0,0,COAST CAR,COAST CAR,7,58.5,,,,,,
123139,Loic Fouonji,WR,0,0,,2025,333,,59.7,68.1,11,0,0,1,0,0,0,2,4,0,0,VANDERBILT,VANDERBILT,6,,,,,,,
123146,Trent Low,LB,0,0,,2026,315,,64.2,68,D34,0,0,1,0,0,5,8,0,3,0,TEXAS TECH,TEXAS TECH,16,,,,,,,
123148,Kobee Minor,CB,0,0,2025,2025,218,,60.6,66,D07,0,0,1,0,5,0,0,0,0,0,MEMPHIS,MEMPHIS,5,60,,,,,,
123149,Larry Moore III,T,0,0,,2026,251,60,61.1,67.8,74,0,0,1,4,0,0,0,0,0,0,N TEXAS,N TEXAS,4,,,,,,,
123152,Joseph Plunk,S,0,0,,2025,315,,62.6,68.1,D31,0,0,1,0,3,5,0,0,3,0,TEXAS TECH,TEXAS TECH,11,60,,,,,,
123157,Caleb Rogers,T,0,0,2025,2025,315,60,61.4,62,76,0,0,1,4,0,0,0,0,0,0,TEXAS TECH,TEXAS TECH,4,,,,,,,
123158,JJ Sparkman,WR,0,0,,2025,331,,59.5,65.2,84,0,0,1,0,0,0,3,2,0,0,UTSA,UTSA,5,,,,,,,
123211,Reggie Brown,TE,0,0,,2025,319,60,60.2,64.3,09,0,0,1,1,0,0,8,0,0,0,TULANE,TULANE,9,,,,,,,
123212,Brandon Brown,DI,0,0,,2025,331,,60.2,64.6,D02,0,0,1,0,1,0,0,0,1,0,UTSA,UTSA,2,59.6,,,,,,
123217,Rashad Green,T,0,0,,2025,319,60,60,61,69,0,0,1,1,0,0,0,0,0,0,TULANE,TULANE,1,,,,,,,
123221,Shi'Keem Laister,ED,0,0,,2025,319,,61.6,71.8,D26,0,0,1,0,1,2,8,5,3,0,TULANE,TULANE,19,59.9,,,,,,
123227,Reggie Neely,CB,0,0,,2025,288,,61.5,68.2,D12,0,0,1,0,4,6,5,0,1,0,S ALABAMA,S ALABAMA,16,59.9,,,,,,
123230,Rishi Rattan,CB,0,0,,2026,319,,59.4,66.6,D43,0,0,1,0,0,2,6,0,3,0,TULANE,TULANE,11,,,,,,,
123268,Lachlan Wilson,P,0,0,,2025,130,60,60.9,66.9,S37,0,0,1,4,0,0,0,6,0,0,CAL,CAL,10,,,,,,,61.3
123285,Mac Harris,LB,0,0,,2026,327,,60,63.1,D24,0,0,1,0,6,0,0,0,0,0,USF,USF,6,59.8,,,,,,
123286,Ben Knox,CB,0,0,,2026,327,,62.4,68.7,D01,0,0,1,0,7,6,0,0,4,0,USF,USF,17,60,,,,,,
123287,Tramel Logan,ED,0,0,,2025,210,,59.9,63.1,D19,0,0,1,0,2,0,0,0,0,0,LOUISVILLE,LOUISVILLE,2,59.8,,,,,,
123298,Yasias Young,HB,1,0,,2025,327,,66.7,66,23,0,0,1,0,0,6,6,0,0,0,USF,USF,12,,,,,,,
123299,Walker Baty,G,0,0,,2026,331,60,62,68.1,67,0,0,1,8,0,0,0,2,0,0,UTSA,UTSA,10,,,,,,,
123304,Cade Collenback,LS,0,0,,2025,331,66.3,64.7,62.7,S52,0,0,1,8,0,0,0,2,0,0,UTSA,UTSA,10,,,76.5,,,,
123320,Jamal Ligon,LB,0,0,,2025,331,,60,62.6,D00,0,0,1,0,0,0,0,0,1,0,UTSA,UTSA,1,,,,,,,
123332,Asyrus Simon,ED,0,0,,2025,331,,60.3,64.2,D17,0,0,1,0,1,0,0,0,1,0,UTSA,UTSA,2,59.8,,,,,,
123335,Donyai Taylor,LB,0,0,,2025,331,,60.2,64,D07,0,0,1,0,1,0,0,0,1,0,UTSA,UTSA,2,60,,,,,,
123343,Alec Bryant,ED,0,0,,2026,187,,60.3,64.2,D03,0,0,1,0,4,0,0,0,0,0,ILLINOIS,ILLINOIS,4,60.1,,,,,,
123345,Parker Clements,T,0,0,2025,2025,337,60,60.2,65.8,70,0,0,1,2,0,0,0,0,0,0,VA TECH,VA TECH,2,,,,,,,
123356,Kyle Lowe,K,0,0,,2026,337,,60,66,S38,0,0,1,0,0,2,0,0,0,0,VA TECH,VA TECH,2,,,,,,62,
123358,Peter Moore,P,0,0,,2025,337,60,60.7,67.6,S85,0,0,1,2,0,0,0,6,0,0,VA TECH,VA TECH,8,,,,,,,46.5
123360,Wilfried Pene,DI,0,0,2025,2025,337,,59.8,64.3,D91,0,0,1,0,3,0,0,6,0,0,VA TECH,VA TECH,9,59.3,,,,,,
123373,Jahmal Banks,WR,0,0,2025,2025,238,,60,63.7,04,0,0,1,0,0,0,1,0,0,0,NEBRASKA,NEBRASKA,1,,,,,,,
123389,Gavin Holmes,CB,0,0,2025,2025,311,,61.8,67.8,D09,0,0,1,0,0,6,3,0,3,0,TEXAS,TEXAS,12,,,,,,,
123409,Austin Brinkman,LS,0,0,2025,2025,343,61.6,61,63,S43,0,0,1,5,0,0,0,3,0,0,W VIRGINIA,W VIRGINIA,8,,,59.7,,,,
123414,C.J. Cole,HB,0,0,,2025,343,,61.3,69.5,83,0,0,1,0,0,0,8,0,1,0,W VIRGINIA,W VIRGINIA,9,,,,,,,
123418,Preston Fox,WR,0,0,,2026,343,,60.2,63.1,29,0,0,1,0,0,0,8,0,2,0,W VIRGINIA,W VIRGINIA,10,,56.8,,61,,,
123423,Sean Martin,ED,0,0,,2025,343,60,59.4,64.3,D05,0,0,1,5,6,0,0,0,0,0,W VIRGINIA,W VIRGINIA,11,58.6,,,,,,
123427,Akheem Mesidor,ED,0,0,2026,2026,220,,60.2,64,D03,0,0,1,0,5,0,0,0,1,0,MIAMI FL,MIAMI FL,6,59.6,,,,,,
123431,Taurus Simmons,ED,0,0,,2025,343,,62.3,65,D45,0,0,1,0,0,6,0,0,1,0,W VIRGINIA,W VIRGINIA,7,,,,,,,
123454,Aaron Key,ED,0,0,,2026,146,,67.5,64.5,D05,0,0,1,0,0,6,0,0,0,1,UCONN,UCONN,6,,,,,,,
123456,Quantavious Leslie,G,0,0,,2025,346,60,61.1,65.7,78,0,0,1,3,0,0,0,0,0,0,W KENTUCKY,W KENTUCKY,3,,,,,,,
123466,Kendrick Simpkins,S,0,0,,2026,118,,60,61.1,D16,0,0,1,0,2,0,0,0,0,0,BAYLOR,BAYLOR,2,60,,,,,,
123468,Terrion Thompson,DI,0,0,,2025,346,,60.2,65.7,D13,0,0,1,0,4,0,0,0,2,0,W KENTUCKY,W KENTUCKY,6,59.1,,,,,,
123472,Noah Whittington,HB,0,0,2026,2026,264,,60.1,62.5,06,0,0,1,0,0,0,8,0,0,0,OREGON,OREGON,8,,56.8,,,,,
123494,Preston Daniel,TE,0,0,,2025,221,60,61.6,63.2,85,0,0,1,7,0,0,0,0,0,0,MIAMI OH,MIAMI OH,7,,,,,,,
123537,Kevin Cline,T,0,0,2026,2026,121,60,60.5,64.8,79,0,0,1,2,0,0,0,0,0,0,BOSTON COL,BOSTON COL,2,,,,,,,
123546,Joe Marinaro,LB,0,0,,2025,121,,60.1,62.1,D45,0,0,1,0,2,0,0,1,0,0,BOSTON COL,BOSTON COL,3,60,,,,,,
123557,Todd Bumphis,S,0,0,,2026,122,,59.7,68.2,D21,0,0,1,0,4,5,7,0,3,0,BOWL GREEN,BOWL GREEN,19,60,,,,,,
123558,Jake Burns,G,0,0,,2026,122,64,62.2,62.4,65,0,0,1,8,0,0,0,0,0,0,BOWL GREEN,BOWL GREEN,8,,,,,,,
123586,Justin Wodtly,ED,0,0,,2026,110,,60.2,64.1,D95,0,0,1,0,1,0,0,0,1,0,ARIZONA ST,ARIZONA ST,2,59.6,,,,,,
123616,LaJohntay Wester,WR,0,0,2025,2025,143,,60,62.1,01,0,0,1,0,0,0,0,0,1,0,COLORADO,COLORADO,1,,,,60.3,,,
123626,Miles Frazier,G,0,0,2025,2025,211,64,62.2,62.4,70,0,0,1,8,0,0,0,0,0,0,LSU,LSU,8,,,,,,,
123676,Chidozie Nwankwo,DI,0,0,,2026,143,,58.9,63.9,D97,0,0,1,0,5,0,0,0,0,0,COLORADO,COLORADO,5,58.9,,,,,,
123682,Trevonte Sylvester,T,0,0,2026,2026,210,60,61.5,68.4,70,0,0,1,5,0,0,0,0,0,0,LOUISVILLE,LOUISVILLE,5,,,,,,,
123689,Jabre Barber,WR,0,0,,2025,312,,60,63.7,01,0,0,1,0,0,0,1,0,0,0,TEXAS A&M,TEXAS A&M,1,,,,,,,
123703,Derrick Graham,T,0,0,2026,2026,319,60,60,61.6,76,0,0,1,1,0,0,0,0,0,0,TULANE,TULANE,1,,,,,,,
123708,T.J. Jackson Jr.,ED,0,0,2025,2025,343,,59.2,64,D11,0,0,1,0,6,0,0,0,0,0,W VIRGINIA,W VIRGINIA,6,59.1,,,,,,
123709,Tez Johnson,WR,0,0,2025,2025,264,,60,63.9,15,0,0,1,0,0,0,0,0,5,0,OREGON,OREGON,5,,,,62.5,,,
123748,Justin Hodges,CB,0,0,,2025,113,,60.4,65.6,D00,0,0,1,0,4,0,0,0,0,0,ARK STATE,ARK STATE,4,60,,,,,,
123751,Mike Lofton,C,0,0,,2026,327,61,61.9,68.8,65,0,0,1,7,0,0,0,0,0,0,USF,USF,7,,,,,,,
123762,Riley Stephens,P,0,0,,2025,346,,60,67.8,S47,0,0,1,0,0,4,0,0,0,0,W KENTUCKY,W KENTUCKY,4,,,,,,67.8,
123763,Corey Thornton,CB,0,0,2025,2025,210,,60.9,68.2,D14,0,0,1,0,4,0,0,1,2,0,LOUISVILLE,LOUISVILLE,7,60,,,,,,
123785,Nusi Malani,ED,0,0,,2025,341,60,55.7,63,D15,0,0,1,7,3,0,0,1,0,0,WASH STATE,WASH STATE,11,59.4,,,,,,
123795,Hampton Ergle,G,0,0,,2025,156,60.3,61.8,67.1,74,0,0,1,5,0,0,0,0,0,0,E CAROLINA,E CAROLINA,5,,,,,,,
123802,Shane Calhoun,TE,0,0,,2025,312,,57,63.8,82,0,0,1,0,0,0,5,0,0,0,TEXAS A&M,TEXAS A&M,5,,,,,,,
123814,Rahjai Harris,HB,0,0,,2025,156,,60.2,64.3,47,0,0,1,0,0,0,4,0,0,0,E CAROLINA,E CAROLINA,4,,,,,,,
123816,Taji Hudson,WR,0,0,,2025,197,,74.5,65.6,19,0,0,1,0,0,0,4,0,0,0,JAMES MAD,JAMES MAD,4,,,,,,,
123817,Teylor Jackson,LB,0,0,,2025,206,,72.2,66.4,D06,0,0,1,0,5,0,0,6,1,1,LIBERTY,LIBERTY,12,60,,,,,,
123819,D'Anta Johnson,DI,0,0,,2025,156,,59.8,62,D56,0,0,1,0,1,0,0,0,0,0,E CAROLINA,E CAROLINA,1,59.6,,,,,,
123823,Luke Larsen,P,0,0,,2026,156,60,60.6,64,S01,0,0,1,5,0,0,0,1,0,0,E CAROLINA,E CAROLINA,6,,,,,,,60
123827,Elijah Morris,DI,0,0,,2025,156,,59.7,63.1,D90,0,0,1,0,1,0,0,0,0,0,E CAROLINA,E CAROLINA,1,59.4,,,,,,
123832,Tyler Savage,TE,0,0,,2025,156,,60,63.9,09,0,0,1,0,0,0,0,1,0,0,E CAROLINA,E CAROLINA,1,,,,,,,
123842,Suirad Ware,DI,0,0,,2025,156,,60,62.5,D53,0,0,1,0,3,0,0,0,0,0,E CAROLINA,E CAROLINA,3,59.9,,,,,,
123873,Kendy Charles,DI,0,0,,2025,154,,57.9,63.6,D91,0,0,1,0,7,0,0,0,0,0,DUKE,DUKE,7,58.3,,,,,,
123890,Quinton Reese,S,0,0,,2025,206,,61.3,69.8,D16,0,0,1,0,7,2,7,6,3,0,LIBERTY,LIBERTY,25,60,,,,,,
123896,Aakil Washington,ED,0,0,,2027,288,,60.5,64.2,D10,0,0,1,0,2,0,1,0,1,0,S ALABAMA,S ALABAMA,4,59.8,,,,,,
123917,Traeshon Holden,WR,0,0,2025,2025,264,,60.9,69.1,01,0,0,1,0,0,0,0,0,3,0,OREGON,OREGON,3,,,,,,,
123924,Jah-Marien Latham,ED,0,0,,2027,103,,60,62.7,D20,0,0,1,0,1,0,0,0,0,0,ALABAMA,ALABAMA,1,59.8,,,,,,
123935,Tim Smith,DI,0,0,2025,2025,103,,59,63.3,D50,0,0,1,0,3,0,0,0,0,0,ALABAMA,ALABAMA,3,59,,,,,,
123944,Brooks Both,LB,0,0,,2025,111,,64.2,67.6,D43,0,0,1,0,0,8,6,4,2,0,ARKANSAS,ARKANSAS,20,,,,,,,
123957,Malik Hornsby,WR,0,0,,2025,113,,68.6,69.5,04,0,0,1,0,0,7,0,0,2,1,ARK STATE,ARK STATE,9,,,,,,,
123967,Blayne Toll,ED,0,0,,2025,113,60,61.5,61.6,D17,0,0,1,7,0,0,0,0,0,0,ARK STATE,ARK STATE,7,,,,,,,
123973,Jackson Woodard,LB,0,0,2025,2025,325,,69.4,67.8,D07,0,0,1,0,4,0,3,9,0,1,UNLV,UNLV,16,59.8,,,,,,
123984,Daniel Foster-Allen,T,0,0,,2026,288,60,61.2,62,73,0,0,1,6,0,0,0,0,0,0,S ALABAMA,S ALABAMA,6,,,,,,,
123987,Jay Hardy,DI,0,0,,2026,206,,60.2,64.6,D04,0,0,1,0,2,0,0,0,1,0,LIBERTY,LIBERTY,3,59.5,,,,,,
123998,JJ Pegues,DI,0,0,2025,2025,226,60,60.3,64.4,D38,0,0,1,1,1,0,1,0,0,0,OLE MISS,OLE MISS,3,59.8,,,,,,
124003,Wesley Steiner,LB,1,0,2025,2025,341,,72.3,68.5,D43,0,0,1,0,0,6,9,1,2,0,WASH STATE,WASH STATE,18,,,,,,,
124013,Warren Brinson,DI,0,0,2025,2025,173,,59,63.4,D97,0,0,1,0,5,0,0,0,0,0,GEORGIA,GEORGIA,5,59,,,,,,
124026,Jalen Kimber,CB,0,0,2025,2025,266,,61.5,69.4,D03,0,0,1,0,2,0,0,0,4,0,PENN STATE,PENN STATE,6,60,,,,,,
124034,Tate Ratledge,G,0,0,2025,2025,173,60,60.2,63.6,69,0,0,1,2,0,0,0,0,0,0,GEORGIA,GEORGIA,2,,,,,,,
124039,Arian Smith,WR,0,0,2025,2025,173,,59.7,67.6,11,0,0,1,0,0,0,0,4,0,0,GEORGIA,GEORGIA,4,,,,,,,
124040,Nazir Stackhouse,DI,0,0,2025,2025,173,,59.7,66.6,D78,0,0,1,0,5,0,0,0,1,0,GEORGIA,GEORGIA,6,59,,,,,,
124041,Patrick Taylor,S,0,0,,2026,196,,63.5,68.2,D09,0,0,1,0,0,5,0,0,4,0,JVILLE ST,JVILLE ST,9,,,,,,,
124043,Weston Wallace,G,0,0,,2026,174,60,61.4,66.3,79,0,0,1,4,0,0,0,0,0,0,GA SOUTHRN,GA SOUTHRN,4,,,,,,,
124055,Izayah Cummings,TE,0,0,,2026,210,,60.1,64.8,84,0,0,1,0,0,0,5,0,0,0,LOUISVILLE,LOUISVILLE,5,,,,,,,
124066,Rickey Hyatt Jr.,LB,0,0,,2026,288,,46,69.5,D03,0,0,1,0,0,6,5,0,3,0,S ALABAMA,S ALABAMA,14,,,,,,,
124098,Xavier Hill,G,0,1,2026,2026,218,63.1,46.2,25.3,71,0,1,1,7,0,0,0,0,0,0,MEMPHIS,MEMPHIS,7,,,,,,,
124119,Josh White,LB,0,0,,2025,118,,56.5,68.7,D44,0,0,1,0,0,5,8,2,2,0,BAYLOR,BAYLOR,17,,,,,,,
124121,Eli Acker,G,0,0,,2025,226,60,62.1,68.6,73,0,0,1,8,0,0,0,2,0,0,OLE MISS,OLE MISS,10,,,,,,,
124154,DJ Thomas-Jones,TE,0,0,2025,2025,288,,59.9,63.9,08,0,0,1,0,0,0,3,1,0,0,S ALABAMA,S ALABAMA,4,,,,,,,
124157,Jevon Banks,ED,0,0,,2026,146,,60.2,64.6,D92,0,0,1,0,1,0,0,0,1,0,UCONN,UCONN,2,59.6,,,,,,
124162,Colby Cox,LS,0,0,,2025,218,64.9,64.5,62.7,S42,0,0,1,7,0,0,0,2,0,0,MEMPHIS,MEMPHIS,9,,,76.6,,,,
124195,Luke Bauer,P,0,0,,2026,229,60,60.9,66.2,S93,0,0,1,5,0,0,0,5,0,0,MISSOURI,MISSOURI,10,,,,,,,63
124214,Will Norris,LB,0,0,,2025,229,,60.1,66.4,D22,0,0,1,0,0,0,5,5,0,0,MISSOURI,MISSOURI,10,,,,,,,
124221,Johnny Walker Jr.,ED,0,0,2025,2025,229,,62.3,66.1,D15,0,0,1,0,3,0,0,0,5,0,MISSOURI,MISSOURI,8,59.8,,,,,,
124222,Mitchell Walters,G,0,0,,2025,229,60.3,46.9,25.8,75,0,1,1,5,0,0,0,5,0,0,MISSOURI,MISSOURI,10,,,,,,,
124227,Jordan Burch,ED,0,0,2025,2025,264,,60.7,65.8,D01,0,0,1,0,6,0,0,8,1,0,OREGON,OREGON,15,59.8,,,,,,
124235,O'Donnell Fortune,CB,0,0,2025,2025,289,,60.6,65.9,D03,0,0,1,0,3,0,0,0,1,0,S CAROLINA,S CAROLINA,4,60,,,,,,
124241,Alex Huntley,DI,0,0,2025,2025,289,60,60.6,65.8,D95,0,0,1,4,3,0,0,0,1,0,S CAROLINA,S CAROLINA,8,59.1,,,,,,
124242,Mitch Jeter,K,0,0,,2025,258,,60.3,67.9,S98,0,0,1,5,0,6,0,0,0,0,NOTRE DAME,NOTRE DAME,11,,,,,76.2,74.9,
124245,Kai Kroeger,P,0,0,2025,2025,289,60,60.6,65.2,S39,0,0,1,4,0,1,0,2,0,0,S CAROLINA,S CAROLINA,7,,,,,,60,61.6
124246,Vershon Lee,C,0,0,2025,2025,289,60,60.7,61.2,53,0,0,1,4,0,0,0,0,0,0,S CAROLINA,S CAROLINA,4,,,,,,,
124248,Payton Mangrum,WR,0,0,,2026,289,,54.4,66,13,0,0,1,0,0,4,0,2,0,0,S CAROLINA,S CAROLINA,6,,,,,,,
124252,Hunter Rogers,LS,0,0,,2025,289,60,58.5,62.6,S36,0,0,1,4,0,0,0,2,0,0,S CAROLINA,S CAROLINA,6,,,77,,,,
124255,Makius Scott,DI,0,0,,2025,176,60,61.1,60.5,D08,0,0,1,5,0,0,0,0,0,0,GA TECH,GA TECH,5,,,,,,,
124277,Martavius French,LB,0,0,,2026,331,,60,62.9,D05,0,0,1,0,1,0,0,0,0,0,UTSA,UTSA,1,60,,,,,,
124285,Morven Joseph,LB,0,0,,2027,196,,47.4,66.4,D19,0,0,1,0,0,5,0,0,0,0,JVILLE ST,JVILLE ST,5,,,,,,,
124290,Tamarion McDonald,S,0,0,,2025,210,,60.5,62.7,D12,0,0,1,0,3,0,1,0,1,0,LOUISVILLE,LOUISVILLE,5,60,,,,,,
124297,Doneiko Slaughter,CB,0,0,2025,2025,111,,57.7,65.2,D03,0,0,1,0,0,0,5,0,2,0,ARKANSAS,ARKANSAS,7,,,,,,,
124315,Antonio Doyle Jr.,ED,0,0,,2026,325,,60.2,63.8,D02,0,0,1,0,4,0,0,0,0,0,UNLV,UNLV,4,60,,,,,,
124318,Jacob Graham,LS,0,0,,2026,312,63.4,46.3,63.2,S48,0,0,1,6,0,0,0,4,0,0,TEXAS A&M,TEXAS A&M,10,,,0,,,,
124342,Dallas Walker IV,DI,0,0,,2028,346,,60.1,64.9,D35,0,0,1,0,3,0,0,5,0,0,W KENTUCKY,W KENTUCKY,8,59.6,,,,,,
124351,Donovan Kaufman,S,0,0,2025,2025,248,,60,63,D05,0,0,1,0,4,0,6,0,1,0,NC STATE,NC STATE,11,60.1,62.7,,60.3,,,
124353,Logan Kyle,TE,0,0,,2026,197,60,61.3,65.1,18,0,0,1,7,0,0,4,0,0,0,JAMES MAD,JAMES MAD,11,,,,,,,
124367,De'Rickey Wright,S,0,0,,2025,333,,60.2,62.9,D19,0,0,1,0,0,2,0,0,0,0,VANDERBILT,VANDERBILT,2,,,,,,,
124372,Jeremy Crawshaw,P,0,0,2025,2025,163,60,60.9,64.6,S26,0,0,1,7,0,0,0,3,0,0,FLORIDA,FLORIDA,10,,,,,,,54.3
124375,Ja'Quavion Fraziars,WR,0,0,,2025,163,,61.8,69,00,0,0,1,0,0,7,1,0,1,0,FLORIDA,FLORIDA,9,,,,,,,
124383,Tre'Vez Johnson,S,0,0,,2025,229,,61.5,67.2,D04,0,0,1,0,2,3,0,4,4,0,MISSOURI,MISSOURI,13,60,,,,,,
124390,Mark Pitts,T,0,0,,2025,163,60,60.5,64.8,73,0,0,1,1,0,0,0,3,0,0,FLORIDA,FLORIDA,4,,,,,,,
124398,Princely Umanmielen,ED,0,0,2025,2025,226,,61.4,65.6,D01,0,0,1,0,0,0,0,0,4,0,OLE MISS,OLE MISS,4,,,,,,,
124401,Derek Wingo,LB,0,0,,2025,163,,65.3,67.4,D15,0,0,1,0,0,8,2,0,2,0,FLORIDA,FLORIDA,12,,,,,,,
124402,Malcolm Johnson Jr.,WR,0,0,,2025,122,,60,62.8,01,0,0,1,0,0,1,0,0,0,0,BOWL GREEN,BOWL GREEN,1,,,,,,,
124519,Josh Manning,WR,0,0,,2028,229,,77.3,66.4,00,0,0,1,0,0,3,0,4,0,1,MISSOURI,MISSOURI,7,,,,,,,
124649,Braden Bartosh,G,0,0,,2026,114,60,61.4,62,50,0,0,1,4,0,0,0,0,0,0,ARMY,ARMY,4,,,,,,,
124782,Jack Tchienchou,S,0,0,,2028,319,,60,64.5,D29,0,0,1,0,0,0,8,0,0,0,TULANE,TULANE,8,,58.7,,,,,
124972,Logan Muckey,WR,0,0,,2026,229,,49.4,68.4,82,0,0,1,0,0,3,5,0,0,0,MISSOURI,MISSOURI,8,,,,,,,
125137,Kendrick Bell,WR,0,0,,2028,222,,75,64.3,12,0,0,1,0,0,0,4,0,0,0,MICHIGAN,MICHIGAN,4,,,,,,,
125155,Jaylin Noel,WR,0,0,2025,2025,193,,60,62.1,13,0,0,1,0,0,0,0,0,1,0,IOWA STATE,IOWA STATE,1,,,,60.3,,,
125264,Micah Davis,WR,0,0,,2026,226,,60.1,63.5,04,0,0,1,0,0,0,4,0,4,0,OLE MISS,OLE MISS,8,,59.1,,62.4,,,
125273,Michael Mack II,CB,0,0,,2026,259,,62.1,68.7,D12,0,0,1,0,2,4,0,5,4,0,OHIO,OHIO,15,60,,,,,,
125287,Courtney Eubanks,CB,0,0,,2025,141,,60.4,66.8,D02,0,0,1,0,8,0,0,0,0,0,COAST CAR,COAST CAR,8,59.7,,,,,,
125305,Marques Sigle,S,0,0,2025,2025,199,,60.1,62,D21,0,0,1,0,6,0,0,0,0,0,KANSAS ST,KANSAS ST,6,59.9,,,,,,
125365,Jacob Jenkins,TE,0,0,,2026,206,60,72.1,67.4,84,0,0,1,2,0,0,7,0,0,0,LIBERTY,LIBERTY,9,,,,,,,
125373,Will O'Steen,T,0,0,,2026,196,60,60.6,61.7,73,0,0,1,4,0,0,0,0,0,0,JVILLE ST,JVILLE ST,4,,,,,,,
125377,J-Rock Swain,ED,0,0,,2025,196,,59.7,63.9,D30,0,0,1,0,2,0,0,0,1,0,JVILLE ST,JVILLE ST,3,59.5,,,,,,
126117,Ben Marshall,TE,0,0,,2028,130,,50.4,69.4,89,0,1,1,0,0,4,5,6,5,1,CAL,CAL,20,,,,,,,
126328,Mo Horn,CB,0,0,,2027,315,,60.3,62.9,D04,0,0,1,0,7,0,0,0,0,0,TEXAS TECH,TEXAS TECH,7,60.1,,,,,,
126465,Langston Patterson,LB,0,0,2026,2026,333,,60,61.1,D10,0,0,1,0,1,0,0,0,0,0,VANDERBILT,VANDERBILT,1,59.9,,,,,,
126476,Cade Law,LB,0,0,,2027,245,,71,69,D55,0,0,1,0,1,3,6,0,3,0,N CAROLINA,N CAROLINA,13,60,,,,,,
126597,Justin Weaver,CB,0,0,,2026,114,,61.3,66.1,D05,0,0,1,0,1,0,0,0,3,0,ARMY,ARMY,4,59.9,,,,,,
127145,Jay Fair,WR,0,0,,2026,326,,60,67.3,09,0,0,1,0,0,0,0,3,2,0,USC,USC,5,,,,,,,
127249,Avyonne Jones,S,0,0,,2027,141,,60.1,68.2,D12,0,0,1,0,3,2,9,7,2,0,COAST CAR,COAST CAR,23,60,,,,,,
127298,Brady Boyd,WR,0,0,2026,2026,315,,60.6,66.8,13,0,0,1,0,0,1,2,0,0,0,TEXAS TECH,TEXAS TECH,3,,,,,,,
127307,Tyler White,P,0,0,,2028,312,60,60.9,65.4,S37,0,0,1,6,0,0,0,4,0,0,TEXAS A&M,TEXAS A&M,10,,,,,,,51.9
127826,Kannon Webb,WR,0,0,,2025,314,,61.1,64.9,27,0,0,1,0,0,0,5,0,2,0,TEXAS ST,TEXAS ST,7,,,,,,,
128036,Christian Gray,CB,0,0,,2028,258,,60,64.5,D29,0,0,1,0,2,0,0,0,0,0,NOTRE DAME,NOTRE DAME,2,60,,,,,,
128118,Austin Bolt,WR,0,0,,2025,120,,57.2,64.6,81,0,0,1,0,0,0,5,0,0,0,BOISE ST,BOISE ST,5,,,,,,,
128119,Latrell Caples,WR,0,0,,2026,120,,60,62,03,0,0,1,0,0,0,4,0,0,0,BOISE ST,BOISE ST,4,,58.4,,,,,
128130,Herbert Gums,DI,0,0,,2025,120,,60,61.8,D98,0,0,1,0,1,0,0,0,0,0,BOISE ST,BOISE ST,1,59.7,,,,,,
128134,Kaonohi Kaniho,S,0,0,,2025,120,,62,69.3,D14,0,0,1,0,1,3,0,0,5,0,BOISE ST,BOISE ST,9,59.9,,,,,,
128145,Cam Bariteau,DI,0,0,,2025,144,,59.3,63.2,D94,0,0,1,0,4,0,0,0,0,0,COLO STATE,COLO STATE,4,59.3,,,,,,
128146,Henry Blackburn,S,0,0,,2025,144,,78.7,92.4,D11,0,0,1,0,7,0,0,3,0,0,COLO STATE,COLO STATE,10,61.2,,,,,,
128160,James Mitchell,DI,0,0,,2025,144,,59.9,64.5,D91,0,0,1,0,4,0,0,3,0,0,COLO STATE,COLO STATE,7,59.5,,,,,,
128163,Dane Olson,WR,1,0,,2025,144,,65.9,69.9,81,0,0,1,0,0,3,8,2,3,0,COLO STATE,COLO STATE,16,,,,,,,
128170,Chase Wilson,LB,0,0,2026,2026,144,,60,65.6,D30,0,0,1,0,6,0,0,3,0,0,COLO STATE,COLO STATE,9,60.2,,,,,,
128171,Kosi Agina,S,0,0,,2025,169,,85.2,67.2,D10,0,0,1,0,5,3,0,0,2,0,FRESNO ST,FRESNO ST,10,60,,,,,,
128172,Jordan Brown,WR,0,0,,2026,169,,60,63.5,81,0,0,1,0,0,0,4,0,2,0,FRESNO ST,FRESNO ST,6,,59.1,,60.2,,,
128174,Mac Dalena,WR,0,0,2025,2025,169,,59.6,66.8,00,0,0,1,0,0,0,4,3,2,0,FRESNO ST,FRESNO ST,9,,61.8,,,,,
128186,Tyler Mello,ED,0,0,,2025,169,,60.9,67.6,D42,0,0,1,0,0,3,4,3,2,0,FRESNO ST,FRESNO ST,12,,,,,,,
128188,Julian Polendo,C,0,0,,2026,169,60,61,62.8,74,0,0,1,5,0,0,0,0,0,0,FRESNO ST,FRESNO ST,5,,,,,,,
128212,Matthew Shipley,K,0,0,,2025,111,,60,63.9,S36,0,0,1,7,0,0,0,0,0,0,ARKANSAS,ARKANSAS,7,,,,,74.8,,
128222,Jamaal Bell,WR,0,0,,2025,118,,60.1,62.5,20,0,0,1,0,0,0,8,0,0,0,BAYLOR,BAYLOR,8,,60.8,,,,,
128239,Peter Montini,TE,0,0,,2025,144,60,61.3,70.6,44,0,0,1,3,0,4,9,3,3,0,COLO STATE,COLO STATE,22,,,,,,,
128242,Charlie Pollock,P,0,0,,2026,226,60,60.7,60.7,S48,0,0,1,8,0,0,0,0,0,0,OLE MISS,OLE MISS,8,,,,,,,
128309,Isaiah Mcelvane,S,0,0,,2025,208,,60.2,65.4,D03,0,0,1,0,2,3,0,3,0,0,LA TECH,LA TECH,8,60,,,,,,
128335,Zavion Reese,S,0,0,,2025,285,,64.2,67.5,D17,0,0,1,0,0,3,0,0,7,0,S JOSE ST,S JOSE ST,10,,,,,,,
128338,Soane Toia,DI,0,0,,2025,285,,59.4,62.6,D42,0,0,1,0,2,0,0,0,0,0,S JOSE ST,S JOSE ST,2,59.3,,,,,,
128343,Kaleo Ballungay,TE,0,0,,2025,325,60,60.8,60.5,19,0,0,1,4,0,0,0,0,0,0,UNLV,UNLV,4,,,,,,,
128371,Tiger Shanks,T,0,0,,2025,325,60,61.2,67.2,70,0,0,1,4,0,0,0,0,0,0,UNLV,UNLV,4,,,,,,,
128375,Nohl Williams,CB,0,0,2025,2025,130,,60.8,67.6,D03,0,0,1,0,1,0,0,0,2,0,CAL,CAL,3,60,,,,,,
128379,John Gentry,HB,0,0,,2026,281,,51.4,67,01,0,0,1,0,0,6,5,0,1,0,SM HOUSTON,SM HOUSTON,12,,,,,,,
128383,Mata Hola,ED,0,0,,2026,285,,59.9,63.5,D94,0,0,1,0,2,0,0,0,0,0,S JOSE ST,S JOSE ST,2,59.7,,,,,,
128384,Cooper Jones,WR,0,0,,2025,120,,60,64.1,18,0,0,1,0,0,0,0,0,6,0,BOISE ST,BOISE ST,6,,,,72.8,,,
128395,Jakob Robinson,CB,0,0,2025,2025,128,,60.1,64.9,D00,0,0,1,0,2,0,1,0,0,0,BYU,BYU,3,60,61.8,,,,,
128421,Gavin Meyer,DI,0,0,,2025,326,,58.9,64.1,D91,0,0,1,0,6,0,0,0,0,0,USC,USC,6,58.9,,,,,,
128427,Emmanuel Pregnon,G,0,0,2026,2026,326,61.5,62,67.2,70,0,0,1,6,0,0,0,0,0,0,USC,USC,6,,,,,,,
128789,Michael Boudoin III,ED,0,0,,2026,314,,62.1,70.1,26,0,0,1,0,4,7,5,3,2,0,TEXAS ST,TEXAS ST,21,60.1,,,,,,
128916,Taylor Spierto,WR,0,0,,2026,163,,60.8,65.6,30,0,0,1,0,0,1,2,0,1,0,FLORIDA,FLORIDA,4,,,,,,,
129398,Shamar Sandgren,WR,0,0,,2025,288,,76.2,65.6,15,0,0,1,0,0,0,1,2,0,1,S ALABAMA,S ALABAMA,3,,,,,,,
129407,Josh Beetham,TE,0,0,,2026,176,,58.3,67.8,17,0,0,1,0,0,0,6,0,0,0,GA TECH,GA TECH,6,,,,,,,
129421,Tahveon Nicholson,CB,0,0,,2025,210,,60,64.3,D23,0,0,1,0,0,0,0,0,1,0,LOUISVILLE,LOUISVILLE,1,,,,,,,
129439,Chris Freeman,K,0,0,2026,2026,146,,60.4,67.7,S28,0,0,1,6,0,6,0,0,0,0,UCONN,UCONN,12,,,,,63.7,55.6,
129458,Ty Wise,LB,0,0,,2025,221,,61,63.4,D10,0,0,1,0,3,0,0,0,2,0,MIAMI OH,MIAMI OH,5,60,,,,,,
129460,Yahya Black,DI,0,0,2025,2025,192,60,60.3,67.4,D94,0,0,1,4,5,0,0,0,1,0,IOWA,IOWA,10,58.9,,,,,,
129464,Deontae Craig,ED,0,0,,2025,192,,60.1,66.1,D45,0,0,1,0,5,0,0,0,1,0,IOWA,IOWA,6,59.4,,,,,,
129466,Tyler Elsbury,G,0,0,,2025,192,60,61.4,66.3,76,0,0,1,4,0,0,0,0,0,0,IOWA,IOWA,4,,,,,,,
129469,Jay Higgins,LB,0,0,2025,2025,192,,60.2,61.9,D34,0,0,1,0,5,0,0,0,0,0,IOWA,IOWA,5,60.1,,,,,,
129471,Ethan Hurkett,ED,0,0,2026,2026,192,,59.9,64.4,D49,0,0,1,0,5,0,0,0,1,0,IOWA,IOWA,6,59.3,,,,,,
129479,Mason Richman,T,0,0,2025,2025,192,60,60.7,62.5,78,0,0,1,4,0,0,0,0,0,0,IOWA,IOWA,4,,,,,,,
129488,Gavin Williams,HB,0,0,,2025,254,,59.9,64.8,21,0,0,1,0,0,0,3,0,0,0,N ILLINOIS,N ILLINOIS,3,,,,,,,
129575,Eamonn Dennis,WR,0,0,,2026,259,,60,62,10,0,0,1,0,0,0,4,0,0,0,OHIO,OHIO,4,,59,,,,,
129589,R.J. Moten,LB,0,0,2025,2025,163,,60.7,66.2,D16,0,0,1,0,0,3,0,0,0,0,FLORIDA,FLORIDA,3,,,,,,,
129606,Simeon Barrow Jr.,DI,0,0,2025,2025,220,,59.8,65.2,D10,0,0,1,0,2,0,0,0,1,0,MIAMI FL,MIAMI FL,3,59.1,,,,,,
129627,Chris Mayfield,DI,0,0,,2025,259,,60.3,64.4,D16,0,0,1,0,1,0,0,0,1,0,OHIO,OHIO,2,59.7,,,,,,
129645,Mark Crawford,P,0,0,,2025,225,60,60.6,64,S96,0,0,1,5,0,0,0,2,0,0,MINNESOTA,MINNESOTA,7,,,,,,,61.6
129646,Flip Dixon,S,0,0,,2025,278,,60.7,64.6,D10,0,0,1,0,3,0,0,0,2,0,RUTGERS,RUTGERS,5,59.9,,,,,,
129651,Lucas Finnessy,ED,0,0,,2026,225,,50,65.8,D46,1,0,1,0,1,5,0,2,0,0,MINNESOTA,MINNESOTA,8,59.8,,,,,,
129656,Dragan Kesich,K,0,0,,2025,225,,60.1,67.4,S99,0,0,1,5,0,5,0,0,0,1,MINNESOTA,MINNESOTA,10,,,,,66.7,63,
129659,Martes Lewis,T,0,0,,2026,225,60.8,61.6,62.1,71,0,0,1,5,0,0,0,0,0,0,MINNESOTA,MINNESOTA,5,,,,,,,
129661,Jalen Logan-Redding,DI,0,0,2026,2026,225,,60.5,65.9,D97,0,0,1,0,2,0,0,0,2,0,MINNESOTA,MINNESOTA,4,59.2,,,,,,
129666,Ali Saad,ED,0,0,,2025,122,,59.5,63.4,D99,0,0,1,0,4,0,0,0,0,0,BOWL GREEN,BOWL GREEN,4,59.4,,,,,,
129668,Danny Striggow,ED,0,0,2025,2025,225,,60.9,64.9,D92,0,0,1,0,2,0,0,0,2,0,MINNESOTA,MINNESOTA,4,59.7,,,,,,
129689,Isaac Gifford,S,0,0,2025,2025,238,,59.7,65,D02,0,0,1,0,2,0,1,2,0,0,NEBRASKA,NEBRASKA,5,60,,,,,,
129694,Nash Hutmacher,DI,0,0,2025,2025,238,,59.5,62.9,D00,0,0,1,0,2,0,0,0,0,0,NEBRASKA,NEBRASKA,2,59.3,,,,,,
129699,Tamon Lynum,CB,0,0,2026,2026,268,,53.2,68.9,D08,0,0,1,0,4,6,0,4,3,0,PITTSBURGH,PITTSBURGH,17,60,,,,,,
129715,Camden Witucki,LS,0,0,,2026,238,60,61.5,61.4,S96,0,0,1,3,0,0,0,0,0,0,NEBRASKA,NEBRASKA,3,,,68.5,,,,
129723,TeRah Edwards,DI,0,0,2025,2025,187,,59.8,65.1,D23,0,0,1,0,4,0,4,0,0,0,ILLINOIS,ILLINOIS,8,59.6,,,,,,
129725,Garnett Hollis Jr.,CB,0,0,2025,2025,343,,61.3,66.9,D01,0,0,1,0,4,3,0,0,1,0,W VIRGINIA,W VIRGINIA,8,60,,,,,,
129726,Jaheem Joseph,S,0,0,,2026,343,,60.2,62.3,D03,0,0,1,0,7,0,0,0,0,0,W VIRGINIA,W VIRGINIA,7,60,,,,,,
129733,Josh Priebe,G,0,0,2025,2025,222,60,61,62.9,68,0,0,1,5,0,0,0,0,0,0,MICHIGAN,MICHIGAN,5,,,,,,,
129743,Jacolbe Cowan,ED,0,0,,2025,245,,60.3,65.2,D93,0,0,1,0,6,0,0,0,1,0,N CAROLINA,N CAROLINA,7,59.5,,,,,,
129745,Julian Fleming,WR,0,0,,2025,266,,59.1,66.8,03,0,0,1,0,0,0,0,6,0,0,PENN STATE,PENN STATE,6,,,,,,,
129746,Josh Fryar,T,0,0,2025,2025,260,60,61.6,65,70,0,0,1,7,0,0,0,0,0,0,OHIO STATE,OHIO STATE,7,,,,,,,
129747,Patrick Gurd,TE,0,0,2026,2026,260,,61.8,67,49,0,0,1,0,0,6,2,0,0,0,OHIO STATE,OHIO STATE,8,,,,,,,
129752,Cameron Martinez,CB,0,0,,2027,121,,46.4,65.4,D29,0,0,1,0,0,3,4,0,0,0,BOSTON COL,BOSTON COL,7,,59.6,,,,,
129755,Lathan Ransom,S,0,0,2025,2025,260,,61.6,67.1,D08,0,0,1,0,1,0,1,5,8,0,OHIO STATE,OHIO STATE,15,60,,,,,,
129756,Gee Scott Jr.,TE,0,0,2025,2025,260,,60.1,71.4,88,0,0,1,0,0,0,3,5,0,0,OHIO STATE,OHIO STATE,8,,,,,,,
129757,Cody Simon,LB,0,0,2025,2025,260,,61.9,65.6,D00,0,0,1,0,1,0,1,5,5,0,OHIO STATE,OHIO STATE,12,59.9,,,,,,
129774,Jaden Dottin,WR,0,0,,2026,316,,61.1,64.1,D03,0,0,1,0,6,3,0,0,0,0,TOLEDO,TOLEDO,9,60,,,,,,
129775,Tyler Elsdon,LB,0,0,,2025,266,,42.3,69.2,D43,1,0,1,0,1,5,3,6,0,0,PENN STATE,PENN STATE,15,60,,,,,,
129784,Coziah Izzard,DI,0,0,2025,2025,266,,60.6,66.1,D99,0,0,1,0,4,0,0,0,1,0,PENN STATE,PENN STATE,5,59.7,,,,,,
129791,Malick Meiga,WR,0,0,2026,2026,141,,45.7,68.7,09,3,0,1,0,0,0,0,7,2,0,COAST CAR,COAST CAR,9,,,,,,,
129793,Fatorma Mulbah,DI,0,0,2025,2025,343,,59.1,68.6,D54,0,0,1,0,6,0,0,0,1,0,W VIRGINIA,W VIRGINIA,7,58.8,,,,,,
129796,Ibrahim Traore,T,0,0,,2028,316,60,61.4,63.3,55,0,0,1,7,0,0,0,0,0,0,TOLEDO,TOLEDO,7,,,,,,,
129797,Amin Vanover,ED,0,0,,2025,266,,59.8,64.4,D15,0,0,1,0,2,0,0,0,1,0,PENN STATE,PENN STATE,3,59.4,,,,,,
129798,Tyler Warren,TE,0,0,2025,2025,266,60,60.4,61.4,44,0,0,1,2,0,0,0,1,0,0,PENN STATE,PENN STATE,3,,,,,,,
129845,Terreance Ellis,LB,0,0,,2025,346,,50.5,66.3,D02,0,0,1,0,4,4,0,5,1,0,W KENTUCKY,W KENTUCKY,14,59.7,,,,,,
129880,Rene Konga,DI,0,0,2026,2026,210,,59.7,65.5,D90,0,0,1,0,4,0,0,0,2,0,LOUISVILLE,LOUISVILLE,6,59.2,,,,,,
129884,Aaron Lewis,ED,0,0,,2025,278,,59.6,63.2,D71,0,0,1,0,3,0,0,0,0,0,RUTGERS,RUTGERS,3,59.5,,,,,,
129886,Robert Longerbeam,CB,0,0,2025,2025,278,,60,63.6,D07,0,0,1,0,1,0,0,0,0,0,RUTGERS,RUTGERS,1,60,,,,,,
129887,Joe Lusardi,S,0,0,,2025,278,,55.1,71.1,D37,0,0,1,0,0,8,8,4,4,0,RUTGERS,RUTGERS,24,,,,,,,
129892,Nasir Montgomery,WR,0,0,,2025,278,,67.5,71.7,13,0,0,1,0,0,8,8,0,2,1,RUTGERS,RUTGERS,18,,,,,,,
129899,Hollin Pierce,T,0,0,2025,2025,278,60,61.4,63.1,72,0,0,1,7,0,0,0,0,0,0,RUTGERS,RUTGERS,7,,,,,,,
129900,Tyreem Powell,LB,0,0,2025,2025,278,,59.9,68.7,D22,0,0,1,0,3,0,0,4,0,0,RUTGERS,RUTGERS,7,59.9,,,,,,
129901,Troy Rainey,DI,0,0,,2025,278,60,61.9,68.4,D51,0,0,1,7,0,0,0,0,0,0,RUTGERS,RUTGERS,7,,,,,,,
129910,Jamier Wright-Collins,LB,0,0,,2025,278,,61.4,67.8,D08,0,0,1,0,0,0,8,0,4,0,RUTGERS,RUTGERS,12,,,,,,,
129918,Chimere Dike,WR,0,0,2025,2025,163,,60.2,64.7,17,0,0,1,0,0,0,1,0,5,0,FLORIDA,FLORIDA,6,,,,63.2,,,
129940,Jonah Dalmas,K,0,0,,2025,120,,60,63.3,S35,0,0,1,4,0,0,0,0,0,0,BOISE ST,BOISE ST,4,,,,,50.7,,
130287,Tyson Durant,S,0,0,,2025,341,,60.3,66.1,D05,0,0,1,0,6,0,0,0,0,0,WASH STATE,WASH STATE,6,59.9,,,,,,
130356,Dontrez Brown,DI,0,0,,2025,122,,59.2,63.8,D60,0,0,1,0,4,0,0,0,0,0,BOWL GREEN,BOWL GREEN,4,59.1,,,,,,
130366,Anthony Hawkins,DI,0,0,,2025,122,,58.6,63.3,D05,0,0,1,0,5,0,0,0,0,0,BOWL GREEN,BOWL GREEN,5,58.7,,,,,,
130368,Ta'ron Keith,HB,0,0,,2025,327,,74.3,62.2,09,0,0,1,0,0,0,5,0,0,0,USF,USF,5,,83,,,,,
130378,Jordan Porter,ED,0,0,,2025,122,60,55.9,64.1,D33,0,0,1,8,2,0,0,2,0,0,BOWL GREEN,BOWL GREEN,12,59.5,,,,,,
130380,Charles Rosser,ED,0,0,,2025,122,60.5,61.5,64.2,D13,0,0,1,8,0,0,0,1,0,0,BOWL GREEN,BOWL GREEN,9,,,,,,,
130384,Trent Simms,LB,0,0,,2025,122,,59.7,63.8,D08,0,0,1,0,4,0,0,2,0,0,BOWL GREEN,BOWL GREEN,6,59.9,,,,,,
130393,Chris Williams,LB,0,0,,2026,122,,47.7,67.1,D42,0,0,1,0,0,5,0,1,0,0,BOWL GREEN,BOWL GREEN,6,,,,,,,
130400,Trevor Borland,TE,0,0,,2025,346,60,60.8,66,86,0,0,1,3,0,0,6,5,0,0,W KENTUCKY,W KENTUCKY,14,,,,,,,
130406,Shaun Dolac,LB,0,0,2025,2025,126,,60.4,63.4,D52,0,0,1,0,2,0,0,0,1,0,BUFFALO,BUFFALO,3,60,,,,,,
130407,Tyler Doty,G,0,0,,2026,126,62.8,62,63.2,78,0,0,1,7,0,0,0,0,0,0,BUFFALO,BUFFALO,7,,,,,,,
130415,Jalen McNair,S,0,0,,2027,126,,60,61.6,D08,0,0,1,0,2,0,0,0,0,0,BUFFALO,BUFFALO,2,60,,,,,,
130424,George Wolo,DI,0,0,,2026,126,,59.6,61.6,D90,0,0,1,0,1,0,0,0,0,0,BUFFALO,BUFFALO,1,59.3,,,,,,
130433,Luke Elzinga,P,0,0,2026,2025,261,,60,66.2,S48,0,0,1,0,0,0,0,3,0,0,OKLAHOMA,OKLAHOMA,3,,,,,,,55
130471,Blake Ochsendorf,P,0,0,,2025,211,,60,64,S99,0,0,1,0,0,0,0,1,0,0,LSU,LSU,1,,,,,,,60
130475,Steven Scheidt,LB,0,0,,2025,169,,60.7,66.3,D53,0,0,1,0,0,3,0,0,0,0,FRESNO ST,FRESNO ST,3,,,,,,,
130505,Savion Washington,T,0,0,2025,2025,304,61.2,61.9,68.7,77,0,0,1,7,0,0,0,0,0,0,SYRACUSE,SYRACUSE,7,,,,,,,
130511,Alec Bevelhimer,K,0,0,,2025,221,60,60.9,64.6,S35,0,0,1,7,0,0,0,3,0,0,MIAMI OH,MIAMI OH,10,,,,,,,60.2
130514,Ambe' Caldwell,S,0,0,,2025,221,,64,68.8,D19,0,0,1,0,2,7,3,3,3,0,MIAMI OH,MIAMI OH,18,59.9,,,,,,
130517,Kevin Davis,HB,0,0,,2025,221,,59.8,63.7,08,0,0,1,0,0,0,4,1,0,0,MIAMI OH,MIAMI OH,5,,72.8,,,,,
130519,Dom Dzioban,P,0,0,,2026,221,,60,63.9,S31,0,0,1,7,0,0,0,0,0,0,MIAMI OH,MIAMI OH,7,,,,,69.7,,
130520,Reid Holskey,T,0,0,2025,2025,221,60,61.8,66.8,56,0,0,1,7,0,0,0,0,0,0,MIAMI OH,MIAMI OH,7,,,,,,,
130522,Nate Muersch,TE,0,0,,2025,221,,60,63.7,88,0,0,1,0,0,0,1,0,0,0,MIAMI OH,MIAMI OH,1,,,,,,,
130527,John Saunders Jr.,S,0,0,2025,2025,226,,60.8,65.8,D05,0,0,1,0,1,0,0,2,3,0,OLE MISS,OLE MISS,6,60,,,,,,
130541,CJ Brown,S,0,0,,2026,122,,59.9,62.1,D06,0,0,1,0,6,0,0,0,0,0,BOWL GREEN,BOWL GREEN,6,59.8,,,,,,
130547,Jaden Dolphin,LB,0,0,,2025,254,,61.3,65.1,D26,0,0,1,0,5,0,0,0,2,0,N ILLINOIS,N ILLINOIS,7,60.1,,,,,,
130550,Jay Ducker,HB,0,0,,2026,281,,61.5,65.9,09,0,0,1,0,0,0,0,0,4,0,SM HOUSTON,SM HOUSTON,4,,,,,,,
130555,Jordan Hansen,S,0,0,,2025,254,,60.1,63.8,D07,0,0,1,0,1,0,0,2,1,0,N ILLINOIS,N ILLINOIS,4,60,,,,,,
130569,DeVonte O'Malley,DI,0,0,2025,2025,254,,60,61.8,D08,0,0,1,0,1,0,0,0,0,0,N ILLINOIS,N ILLINOIS,1,59.7,,,,,,
130570,Pierce Oppong,ED,0,0,,2026,254,,60.7,65.2,D99,0,0,1,0,5,0,0,0,2,0,N ILLINOIS,N ILLINOIS,7,59.5,,,,,,
130572,Jashon Prophete,CB,0,0,,2025,254,,60.4,64.6,D01,0,0,1,0,5,0,0,0,2,0,N ILLINOIS,N ILLINOIS,7,59.9,,,,,,
130583,Jacob Waskow,DI,0,0,,2025,254,60,62.2,66.4,D96,0,0,1,5,0,0,0,2,2,0,N ILLINOIS,N ILLINOIS,9,,,,,,,
130601,Roman Parodie,CB,0,0,2025,2025,259,,61.1,65.7,D04,0,0,1,0,3,5,0,0,1,0,OHIO,OHIO,9,60,,,,,,
130609,Jack Wilson,P,0,0,,2025,259,60,61,66.7,S43,0,0,1,5,0,0,0,5,0,0,OHIO,OHIO,10,,,,,,,51.9
130629,Martez Poynter,DI,0,0,,2026,316,,59.5,62.9,D59,0,0,1,0,2,0,0,0,0,0,TOLEDO,TOLEDO,2,59.3,,,,,,
130653,Kaevion Mack,WR,0,0,,2026,347,,60.3,66.8,24,0,0,1,0,0,4,6,4,0,0,W MICHIGAN,W MICHIGAN,14,,,,,,,
130663,Anthony Sambucci,WR,0,0,,2025,347,,60,63.6,05,0,0,1,0,0,1,0,0,0,0,W MICHIGAN,W MICHIGAN,1,,,,,,,
131095,Calvin Wilson,WR,0,0,,2026,226,,60,64.6,31,0,0,1,0,0,1,0,0,0,0,OLE MISS,OLE MISS,1,,,,,,,
131100,Jaxson Campbell,S,0,0,,2026,237,,72.4,67.5,D14,0,0,1,0,1,4,1,5,1,1,NAVY,NAVY,12,60,,,,,,
131188,Kamdon McFarland,S,0,0,,2028,251,,58.2,66.3,D49,0,0,1,0,0,0,7,0,3,0,N TEXAS,N TEXAS,10,,,,,,,
131242,Antoine Baylis,ED,0,0,,2025,207,,59.6,64,D02,0,0,1,0,4,0,0,0,0,0,LA LAFAYET,LA LAFAYET,4,59.4,,,,,,
131350,Treylin Payne,LB,0,0,,2027,314,,69.4,63.1,D29,0,0,1,0,0,1,0,0,1,1,TEXAS ST,TEXAS ST,2,,,,,,,
131571,Adama Fall,S,0,0,,2027,110,,60.8,66.4,D19,0,0,1,0,0,0,6,0,2,0,ARIZONA ST,ARIZONA ST,8,,,,,,,
131574,Kameron Hawkins,LS,0,0,,2026,143,60,45.1,63.2,S39,1,0,1,3,0,0,0,4,0,0,COLORADO,COLORADO,7,,,44.9,,,,
131589,Derick Mourning Jr.,LB,0,0,,2026,314,,72.3,66.9,D18,0,0,1,0,2,6,3,0,2,0,TEXAS ST,TEXAS ST,13,59.9,,,,,,
131594,Paris Shand,DI,0,0,2025,2025,211,60.7,55.7,61.4,D00,0,0,1,8,0,0,0,2,0,0,LSU,LSU,10,,,,,,,
131600,Dion Wilson Jr.,DI,0,0,2026,2026,304,,60.3,65.3,D04,0,0,1,0,5,0,0,0,1,0,SYRACUSE,SYRACUSE,6,59.5,,,,,,
131603,Elijhah Badger,WR,0,0,2025,2025,163,,60,61.2,06,0,0,1,0,0,0,1,0,0,0,FLORIDA,FLORIDA,1,,60,,,,,
131604,Jean Boyd III,CB,0,0,,2025,285,,61.1,72.1,D28,0,0,1,0,0,0,0,6,7,0,S JOSE ST,S JOSE ST,13,,,,,,,
131619,Caleb McCullough,LB,0,0,,2025,110,,60.8,67.7,D22,0,0,1,0,6,5,0,4,0,0,ARIZONA ST,ARIZONA ST,15,60,,,,,,
131623,Daniyel Ngata,HB,0,0,,2025,340,,48.4,65.4,21,0,0,1,0,0,5,6,0,0,0,WASHINGTON,WASHINGTON,11,,57.7,,,,,
131644,Ricky Correia,DI,0,0,,2025,130,,48.2,64.1,D91,1,0,1,0,2,0,0,6,0,0,CAL,CAL,8,59.3,,,,,,
131648,Collin Gamble,CB,0,0,,2025,130,,60.2,65.2,D13,0,0,1,0,0,0,0,1,1,0,CAL,CAL,2,,,,,,,
131650,Jeremiah Hunter,WR,0,0,,2025,340,,60,63,06,0,0,1,0,0,1,0,0,1,0,WASHINGTON,WASHINGTON,2,,,,60.3,,,
131656,Stanley Saole-McKenzie,DI,0,0,,2027,130,,60.8,65.7,D94,0,0,1,0,1,0,0,0,2,0,CAL,CAL,3,59.6,,,,,,
131671,Chris Carpenter,WR,0,0,,2025,331,,29.8,25,05,0,1,1,0,0,0,3,0,7,0,UTSA,UTSA,10,,66.5,,64.5,,,
131719,Dontae Manning,CB,0,0,2025,2025,264,,60.9,70.3,D08,0,0,1,0,7,3,8,8,5,0,OREGON,OREGON,31,60.1,,,,,,
131721,Logan Sagapolu,DI,0,0,,2026,340,60,61.4,66.3,D97,0,0,1,4,0,0,0,0,0,0,WASHINGTON,WASHINGTON,4,,,,,,,
131723,Jake Shipley,ED,0,0,,2025,251,,59.7,64.3,D09,0,0,1,0,6,0,0,0,0,0,N TEXAS,N TEXAS,6,59.5,,,,,,
131726,Bradyn Swinson,ED,0,0,2025,2025,211,,60.8,65,D04,0,0,1,0,5,0,0,0,1,0,LSU,LSU,6,60,,,,,,
131748,Jake Overman,TE,0,0,,2026,268,,60.1,65,87,0,0,1,0,0,0,2,5,0,0,PITTSBURGH,PITTSBURGH,7,,,,,,,
131777,James Pogorelc,T,0,0,,2026,154,60,60.5,61.1,78,0,0,1,3,0,0,0,0,0,0,DUKE,DUKE,3,,,,,,,
131786,Benjamin Yurosek,TE,0,0,2025,2025,173,60,60.3,63.9,84,0,0,1,2,0,0,6,0,0,0,GEORGIA,GEORGIA,8,,,,,,,
131789,Choe Bryant-Strother,ED,0,0,,2026,128,,60.5,63.1,D33,0,0,1,0,0,2,0,0,0,0,BYU,BYU,2,,,,,,,
131791,Bruno Fina,T,0,0,2026,2026,154,60,60.4,62.5,75,0,0,1,3,0,0,0,0,0,0,DUKE,DUKE,3,,,,,,,
131794,John Humphrey,CB,0,0,2025,2025,326,,60.8,67,D19,0,0,1,0,3,0,0,0,2,0,USC,USC,5,60,,,,,,
131805,Grant Norberg,TE,0,0,,2026,285,60,58.8,63.7,87,0,0,1,7,0,0,6,0,0,0,S JOSE ST,S JOSE ST,13,,,,,,,
131834,Kobe Pepe,DI,0,0,,2026,326,,60.1,63.1,D94,0,0,1,0,1,0,0,5,0,0,USC,USC,6,59.6,,,,,,
131849,Xavier Carlton,ED,0,0,2025,2025,130,60,61.6,65.8,D44,0,0,1,4,3,0,0,0,2,0,CAL,CAL,9,59.6,,,,,,
131868,Jordan Noyes,K,0,0,,2025,144,,60,64.4,S23,0,0,1,3,0,1,0,0,0,0,COLO STATE,COLO STATE,4,,,,,62.3,60.1,
131889,Carson Bruener,LB,0,0,2025,2025,340,,61.8,65.2,D42,0,0,1,0,5,1,0,0,3,0,WASHINGTON,WASHINGTON,9,60,,,,,,
131891,Jacobe Covington,CB,0,0,2025,2025,326,,61,69,D14,0,0,1,0,6,0,0,3,4,0,USC,USC,13,59.9,,,,,,
131892,Makell Esteen,S,0,0,,2026,340,,61.3,63.8,D24,0,0,1,0,3,0,0,0,3,0,WASHINGTON,WASHINGTON,6,60,,,,,,
131911,Mark Redman,TE,0,0,2025,2025,210,60,61.2,63.6,83,0,0,1,5,0,0,1,0,0,0,LOUISVILLE,LOUISVILLE,6,,,,,,,
131915,Sav'ell Smalls,TE,1,0,,2026,143,60,77.2,68.9,31,0,0,1,3,0,0,1,4,1,0,COLORADO,COLORADO,9,,,,,,,
131919,Anthony Ward,LB,0,0,,2026,340,,79.7,65.7,D57,0,0,1,0,0,0,6,0,3,0,WASHINGTON,WASHINGTON,9,,,,,,,
131933,Ayden Hector,S,0,0,,2026,144,,51.8,71.5,D15,1,0,1,0,3,3,9,0,3,0,COLO STATE,COLO STATE,18,59.9,,,,,,
131947,Tanner Moku,S,0,0,,2025,341,,60.4,62.9,D32,0,0,1,0,6,2,0,0,0,0,WASH STATE,WASH STATE,8,59.9,,,,,,
131954,Quinn Roff,ED,0,0,,2025,341,,59.9,63.9,D20,0,0,1,0,3,0,0,0,0,0,WASH STATE,WASH STATE,3,59.6,,,,,,
131959,Rodrick Tialavea,G,0,0,,2026,341,62.5,62.2,67.6,57,0,0,1,7,0,0,0,0,0,0,WASH STATE,WASH STATE,7,,,,,,,
131961,Jay Wilkerson,WR,0,0,,2027,208,,60,63.9,47,0,0,1,0,0,1,0,0,0,0,LA TECH,LA TECH,1,,,,,,,
132048,Amarian Williams,CB,0,0,,2026,206,,60.2,63.3,D26,0,0,1,0,0,2,0,0,0,0,LIBERTY,LIBERTY,2,,,,,,,
132104,Jadon Cardell,K,0,0,,2026,281,60,61,67.1,S43,0,0,1,5,0,0,0,7,0,0,SM HOUSTON,SM HOUSTON,12,,,,,,,66
132404,Brice Bass,ED,0,0,,2025,314,,60,63.8,D15,0,0,1,0,0,0,0,0,1,0,TEXAS ST,TEXAS ST,1,,,,,,,
132408,Ty French,ED,0,2,,2025,343,,34.7,26,D47,0,2,1,0,3,6,8,3,1,0,W VIRGINIA,W VIRGINIA,21,59.4,,,,,,
133060,Brenden Jordan,S,0,0,,2028,315,,60.3,67.8,D07,0,0,1,0,4,0,0,4,2,0,TEXAS TECH,TEXAS TECH,10,59.9,,,,,,
133219,Elliott Davison,S,0,0,2025,2025,331,,60,64.2,D06,0,0,1,0,0,0,0,0,1,0,UTSA,UTSA,1,,,,,,,
133616,Rodney Harris II,WR,0,0,,2027,259,,61.7,67.5,11,0,0,1,0,0,0,1,0,3,0,OHIO,OHIO,4,,,,,,,
133749,William Ingle,FB,0,0,,2027,237,,59.9,64.8,42,0,0,1,0,0,0,3,0,0,0,NAVY,NAVY,3,,,,,,,
133971,Jaydan Mayes,CB,0,0,,2028,114,,60,64.5,D07,0,0,1,0,2,0,0,0,0,0,ARMY,ARMY,2,59.8,,,,,,
134146,Neto Okpala,ED,0,0,,2025,121,,59.9,61.5,D04,0,0,1,0,2,0,0,0,0,0,BOSTON COL,BOSTON COL,2,59.8,,,,,,
134749,Jenson Walker,LS,0,0,,2025,251,,63.9,63,S52,0,0,1,0,0,0,0,3,0,0,N TEXAS,N TEXAS,3,,,80.2,,,,
134899,Mathyus Su'a,G,0,0,,2026,325,60,61.4,64.3,78,0,0,1,4,0,0,0,9,0,0,UNLV,UNLV,13,,,,,,,
136842,Ridge Texada,CB,0,0,,2025,251,,60.8,66.3,D05,0,0,1,0,6,0,0,0,0,0,N TEXAS,N TEXAS,6,60,,,,,,
138141,Nyquan Washington,CB,0,0,,2025,347,,60.3,65.9,D13,0,0,1,0,5,0,0,0,0,0,W MICHIGAN,W MICHIGAN,5,59.8,,,,,,
138241,Easton Kilty,T,0,0,2025,2025,199,60,60.7,62.5,71,0,0,1,4,0,0,0,0,0,0,KANSAS ST,KANSAS ST,4,,,,,,,
138258,Quinn Urwiler,LB,0,0,,2026,254,,61.5,67.5,D32,0,0,1,0,0,4,3,2,0,0,N ILLINOIS,N ILLINOIS,9,,,,,,,
138276,Isaiah Green,DI,0,0,,2026,347,,59.8,64.6,D10,0,0,1,0,5,0,0,0,0,0,W MICHIGAN,W MICHIGAN,5,59.5,,,,,,
138335,Deamontae Diggs,ED,0,0,,2027,141,,59.3,67.9,D13,0,0,1,0,7,0,0,0,0,0,COAST CAR,COAST CAR,7,58.9,,,,,,
138344,Keyon Martin,CB,0,0,2025,2025,207,,61.2,67.9,D21,0,0,1,0,6,0,0,0,3,0,LA LAFAYET,LA LAFAYET,9,60,,,,,,
138406,Jaidyn Denis,CB,0,0,,2026,218,,60,65.1,D29,0,0,1,0,0,0,0,0,3,0,MEMPHIS,MEMPHIS,3,,,,,,,
138412,Caleb Krings,G,0,0,,2025,154,60,26.7,65.7,71,0,0,1,3,0,0,0,0,0,0,DUKE,DUKE,3,,,,,,,
138463,Cole Potts,G,0,0,,2025,197,62.5,62.2,67.6,66,0,0,1,7,0,0,0,0,0,0,JAMES MAD,JAMES MAD,7,,,,,,,
138470,Antwane Wells Jr.,WR,0,0,2025,2025,226,,60,63.7,07,0,0,1,0,0,0,1,0,0,0,OLE MISS,OLE MISS,1,,,,,,,
138481,Isaiah Garcia-Castaneda,WR,0,0,,2026,238,,60,62.2,13,0,0,1,0,0,0,1,0,1,0,NEBRASKA,NEBRASKA,2,,60,,60,,,
139005,Chandler Martin,LB,0,0,2025,2025,218,,59.8,62,D11,0,0,1,0,5,0,0,0,0,0,MEMPHIS,MEMPHIS,5,59.7,,,,,,
139018,Julian Ashby,LS,0,0,2025,2025,333,61.6,65.4,63.2,S48,0,0,1,5,0,0,0,4,0,0,VANDERBILT,VANDERBILT,9,,,80,,,,
139042,Micah Robinson,CB,0,0,2025,2025,319,,60.4,65.9,D06,0,0,1,0,5,0,0,0,0,0,TULANE,TULANE,5,59.8,,,,,,
139049,Ivan Yates,CB,0,0,,2026,143,,60.7,65.1,D29,0,0,1,0,5,2,0,0,0,0,COLORADO,COLORADO,7,59.8,,,,,,
139078,Kourtlan Marsh,S,0,0,,2027,218,,61.6,65.4,D00,0,0,1,0,5,5,0,0,0,0,MEMPHIS,MEMPHIS,10,60.2,,,,,,
139116,Alex Oliver,CB,0,0,,2025,206,,60.2,66,D12,0,0,1,0,5,0,0,0,0,0,LIBERTY,LIBERTY,5,59.7,,,,,,
139541,Trey Fields,LB,0,0,,2026,281,,60.4,65.7,D06,0,0,1,0,4,0,0,0,1,0,SM HOUSTON,SM HOUSTON,5,59.6,,,,,,
139544,Briceon Hayes,ED,0,0,,2026,281,,60,61.9,D44,0,0,1,0,2,0,0,0,0,0,SM HOUSTON,SM HOUSTON,2,59.9,,,,,,
139550,Seth Kohlscheen,C,0,0,,2025,281,60.3,61.7,65.7,69,0,0,1,5,0,0,0,4,0,0,SM HOUSTON,SM HOUSTON,9,,,,,,,
139552,Ysidro Mascorro,LB,0,0,,2025,281,,82.9,65.9,D09,0,0,1,0,0,6,4,0,0,2,SM HOUSTON,SM HOUSTON,10,,,,,,,
139558,Richard Outland Jr.,DI,0,0,,2026,281,,59.3,68.8,D90,0,0,1,0,4,0,0,0,0,0,SM HOUSTON,SM HOUSTON,4,58.8,,,,,,
139561,Jaylen Phillips,LB,0,0,,2025,281,,58.5,65.5,D10,0,0,1,0,0,0,1,0,3,0,SM HOUSTON,SM HOUSTON,4,,,,,,,
139888,Anthony Campbell,DI,0,0,2025,2025,220,,59.5,63.5,D93,0,0,1,0,2,0,0,1,0,0,MIAMI FL,MIAMI FL,3,59.3,,,,,,
141701,Mata'ava Ta'ase,TE,0,0,,2025,128,,60,64.9,88,0,0,1,0,0,0,1,0,0,0,BYU,BYU,1,,,,,,,
141856,Nate Valcarcel,S,0,0,2025,2025,254,,60.1,62,D09,0,0,1,0,5,0,0,0,0,0,N ILLINOIS,N ILLINOIS,5,60,,,,,,
141888,Jack Henderson,S,2,0,2025,2025,225,,73.6,67.1,D20,0,0,1,0,2,5,0,0,2,0,MINNESOTA,MINNESOTA,9,59.9,,,,,,
141889,Zy Alexander,CB,0,0,2025,2025,211,,61,67,D14,0,0,1,0,3,0,0,0,2,0,LSU,LSU,5,60,,,,,,
141954,Sawyer Evans,P,0,0,,2026,251,60,60.6,65.1,S41,0,0,1,4,0,0,0,3,0,0,N TEXAS,N TEXAS,7,,,,,,,61.7
141966,Isaiah Hamilton,CB,0,0,,2025,226,,60.8,68.2,D03,0,0,1,0,2,0,0,2,4,0,OLE MISS,OLE MISS,8,60,,,,,,
141996,Javon Carter,ED,0,0,,2025,319,,60.2,63.9,D97,0,0,1,0,7,0,0,0,0,0,TULANE,TULANE,7,59.9,,,,,,
142023,Michael Pettway,WR,0,0,,2026,196,,60,62.3,02,0,0,1,0,0,0,6,0,0,0,JVILLE ST,JVILLE ST,6,,58,,,,,
142027,Jack Dawson,P,0,0,,2025,196,,60,67.3,S87,0,0,1,0,0,0,0,5,0,0,JVILLE ST,JVILLE ST,5,,,,,,,57.5
142085,Kenneth Womack,WR,0,0,,2025,347,,60,62.3,09,0,0,1,0,0,1,0,0,0,0,W MICHIGAN,W MICHIGAN,1,,,,,,,
142172,Teddye Buchanan,LB,0,0,2025,2025,130,,60,61.3,D10,0,0,1,0,1,0,0,0,1,0,CAL,CAL,2,60,,,,,,
142203,Jessie Evans,ED,0,0,,2025,208,,60,61.7,D02,0,0,1,0,1,0,0,0,0,0,LA TECH,LA TECH,1,60,,,,,,
142289,Darius McKenzie,LB,0,0,,2026,288,,61,65.6,D28,0,0,1,0,5,0,1,0,2,0,S ALABAMA,S ALABAMA,8,59.9,,,,,,
142350,Aamir Hall,CB,0,0,,2025,222,,60.3,65.1,D12,0,0,1,0,3,0,0,0,0,0,MICHIGAN,MICHIGAN,3,60,,,,,,
142415,James Jennette,ED,1,0,,2027,337,,67.7,63.1,D57,0,0,1,0,0,2,0,0,0,0,VA TECH,VA TECH,2,,,,,,,
142437,Abdul Janneh Jr.,WR,0,0,,2026,176,,76.2,69.3,04,0,0,1,0,0,6,6,0,3,1,GA TECH,GA TECH,15,,,,,,,
142508,Victor Nelson,S,0,0,,2025,121,,90.6,66.4,D21,0,0,1,0,0,2,0,0,2,1,BOSTON COL,BOSTON COL,4,,,,,,,
142644,Jeffrey Smyth,S,0,0,,2025,174,,76.7,28.5,D44,0,1,1,0,0,5,6,4,7,4,GA SOUTHRN,GA SOUTHRN,22,,,,,,,
142968,Ajani Cornelius,T,0,0,2025,2025,264,60,60,63.7,65,0,0,1,1,0,0,0,0,0,0,OREGON,OREGON,1,,,,,,,
143001,Blake Leake,LB,0,0,,2025,259,,61.2,64.4,D09,0,0,1,0,4,1,1,0,2,0,OHIO,OHIO,8,60,,,,,,
143017,Max Hurleman,S,0,0,2025,2025,258,,65.2,69.3,D37,0,0,1,0,0,6,3,5,5,1,NOTRE DAME,NOTRE DAME,19,,,,64.3,,,
143064,Eric Schon,G,0,0,,2025,154,60,60.3,61.6,64,0,0,1,3,0,0,0,0,0,0,DUKE,DUKE,3,,,,,,,
143073,Terrence Spence,CB,0,0,,2025,197,,62.5,68.8,D03,0,0,1,0,1,5,0,2,5,0,JAMES MAD,JAMES MAD,13,59.9,,,,,,
143090,Mike Barr,G,0,0,,2025,154,60,61,61.8,62,0,0,1,3,0,0,0,0,0,0,DUKE,DUKE,3,,,,,,,
143336,Chase Alexander,S,0,0,,2027,196,,61.7,66,D14,0,0,1,0,0,0,0,0,4,0,JVILLE ST,JVILLE ST,4,,,,,,,
143510,Mike Nwokocha,DI,0,0,,2026,304,,60,61.8,D95,0,0,1,0,1,0,0,0,0,0,SYRACUSE,SYRACUSE,1,59.7,,,,,,
143761,Parker McKenna,LB,0,0,,2026,341,,60,68.8,D46,0,0,1,0,6,6,4,1,2,0,WASH STATE,WASH STATE,19,59.8,,,,,,
143817,Lewis Bond,WR,0,0,2026,2026,121,,60,64,11,0,0,1,0,0,0,0,1,0,0,BOSTON COL,BOSTON COL,1,,,,,,,
143826,Otto Hess,C,0,0,,2026,121,60,60.1,64.2,62,0,0,1,2,0,0,0,0,0,0,BOSTON COL,BOSTON COL,2,,,,,,,
143827,Quintayvious Hutchins,ED,0,0,2026,2026,121,,60.1,65.2,D15,0,0,1,0,3,0,0,1,0,0,BOSTON COL,BOSTON COL,4,60.1,,,,,,
143838,Bryce Steele,LB,0,0,,2027,121,,67.7,64.2,D02,0,0,1,0,1,2,0,1,0,1,BOSTON COL,BOSTON COL,4,59.9,,,,,,
143839,Owen Stoudmire,DI,0,0,,2028,121,,59.9,62.6,D93,0,0,1,0,3,0,0,0,0,0,BOSTON COL,BOSTON COL,3,59.7,,,,,,
143846,Cameron Bergeron,LB,0,0,,2025,154,,60.2,63.8,D04,0,0,1,0,3,0,0,0,0,0,DUKE,DUKE,3,60,,,,,,
143849,Curtis Cooper,LS,0,0,,2026,154,60,65.4,63.5,S57,0,0,1,1,0,0,0,5,0,0,DUKE,DUKE,6,,,82,,,,
143851,Placide Djungu-Sungu,S,0,0,,2026,154,,61.6,69.9,D15,0,0,1,0,0,3,9,0,0,0,DUKE,DUKE,12,,,,,,,
143852,Casey Donahue,LS,0,0,,2026,154,60,60.9,61.2,S58,0,0,1,2,0,0,0,0,0,0,DUKE,DUKE,2,,,67.6,,,,
143853,Tre Freeman,LB,0,0,,2026,154,,60.1,63.4,D12,0,0,1,0,5,0,0,0,0,0,DUKE,DUKE,5,59.9,,,,,,
143854,Sahmir Hagans,WR,0,0,2026,2026,154,,89.6,67.1,02,0,0,1,0,0,1,9,0,2,0,DUKE,DUKE,12,,,,,,,
143855,Aaron Hall,DI,0,0,2026,2026,154,,58.8,64.2,D99,0,0,1,0,6,0,0,0,0,0,DUKE,DUKE,6,58.8,,,,,,
143858,Brandon Johnson,CB,0,0,2025,2025,264,,60.9,64.9,D03,0,0,1,0,7,3,0,0,1,0,OREGON,OREGON,11,59.9,,,,,,
143869,Joshua Pickett,CB,0,0,2025,2025,154,,60.5,65.2,D26,0,0,1,0,3,1,0,0,0,0,DUKE,DUKE,4,60,,,,,,
143886,Malik McClain,WR,0,0,2026,2026,110,,55.2,69.4,12,1,0,1,0,0,5,6,3,2,0,ARIZONA ST,ARIZONA ST,16,,,,,,,
143903,Zeek Biggers,DI,0,0,2025,2025,176,,59.6,65.7,D88,0,0,1,0,4,0,0,0,1,0,GA TECH,GA TECH,5,59,,,,,,
143907,Grey Carroll,ED,0,0,,2026,206,,60,62.9,D49,0,0,1,0,1,0,0,0,0,0,LIBERTY,LIBERTY,1,60,,,,,,
143908,Noah Collins,ED,0,0,,2025,113,,59.4,63.8,D50,0,0,1,0,3,0,0,0,0,0,ARK STATE,ARK STATE,3,59.2,,,,,,
143914,Joe Fusile,G,0,0,,2026,176,60,61.1,63.7,67,0,0,1,5,0,0,0,3,0,0,GA TECH,GA TECH,8,,,,,,,
143915,Daylon Gordon,HB,0,0,,2026,176,,60.9,68.8,21,0,0,1,0,0,0,6,3,3,0,GA TECH,GA TECH,12,,59.9,,,,,
143929,Malik Rutherford,WR,0,0,2026,2026,176,,60.6,63.7,08,0,0,1,0,0,2,0,0,0,0,GA TECH,GA TECH,2,,,,,,,
143930,David Shanahan,P,0,0,,2025,176,60,60.7,64.9,S43,0,0,1,5,0,0,0,3,0,0,GA TECH,GA TECH,8,,,,,,,61.7
143931,Trenilyas Tatum,LB,0,0,,2025,176,,61.1,64.4,D00,0,0,1,0,3,2,0,0,1,0,GA TECH,GA TECH,6,59.9,,,,,,
143933,Elijah Arroyo,TE,0,0,2025,2025,220,60,58.5,61.7,08,0,0,1,7,0,0,1,0,0,0,MIAMI FL,MIAMI FL,8,,,,,,,
143934,Andres Borregales,K,0,0,2025,2025,220,,60.6,68.5,S30,0,0,1,7,0,8,0,0,0,0,MIAMI FL,MIAMI FL,15,,,,,68,63.3,
143952,Chase Smith,LB,0,0,,2027,220,,67.9,69.1,D41,0,0,1,0,2,8,7,1,1,0,MIAMI FL,MIAMI FL,19,59.8,,,,,,
143959,DeAndre Boykins,S,0,0,,2027,245,,72.9,67.2,D16,0,0,1,0,4,2,6,0,3,0,N CAROLINA,N CAROLINA,15,59.9,63.5,,,,,
143960,TyMir Brown,CB,0,0,,2026,156,,60.1,63.1,D24,0,0,1,0,3,0,0,0,0,0,E CAROLINA,E CAROLINA,3,60,,,,,,
143968,Gibson Macrae,LB,0,0,,2026,245,,72,68,D53,0,0,1,0,0,1,6,2,0,0,N CAROLINA,N CAROLINA,9,,,,,,,
143970,Cole Maynard,P,0,0,,2026,346,60,60.7,66.6,S18,0,0,1,3,0,0,0,5,0,0,W KENTUCKY,W KENTUCKY,8,,,,,,,61.6
143972,Dontavius Nash,CB,0,0,,2026,156,,60.1,64.2,D06,0,0,1,0,3,0,0,0,0,0,E CAROLINA,E CAROLINA,3,59.8,,,,,,
143976,Diego Pounds,T,0,0,2026,2026,226,63.4,62.4,67.9,61,0,0,1,8,0,0,0,0,0,0,OLE MISS,OLE MISS,8,,,,,,,
143986,Sean Brown,LB,0,0,2026,2026,248,,60.7,76.7,D00,0,0,1,0,5,0,0,2,0,0,NC STATE,NC STATE,7,59.9,,,,,,
143994,Julian Gray,WR,0,0,,2026,206,,60.2,63.3,01,0,0,1,0,0,0,7,0,3,0,LIBERTY,LIBERTY,10,,42.7,,61.4,,,
144000,Caden Noonkester,P,0,0,,2026,248,,60,65.4,S98,0,0,1,0,0,0,0,2,0,0,NC STATE,NC STATE,2,,,,,,,61.5
144001,Jordan Poole,FB,0,0,,2026,248,,49.6,68.6,O04,0,0,1,0,0,4,6,2,1,0,NC STATE,NC STATE,13,,,,,,,
144002,Travali Price,ED,0,0,,2026,248,,60.6,78.8,D13,0,0,1,0,4,0,0,0,0,0,NC STATE,NC STATE,4,59.4,,,,,,
144013,Gavin Bartholomew,TE,0,0,2025,2025,268,,60.2,63.5,86,0,0,1,0,0,0,0,5,0,0,PITTSBURGH,PITTSBURGH,5,,,,,,,
144014,Dylan Bennett,LB,0,0,,2026,268,,71.8,69.6,D45,0,0,1,0,1,6,6,0,3,0,PITTSBURGH,PITTSBURGH,16,59.7,,,,,,
144016,Jaden Bradley,WR,0,0,2026,2026,325,,69.8,70.5,23,0,0,1,0,0,4,0,0,5,0,UNLV,UNLV,9,,,,,,,
144018,Tamarion Crumpley,CB,0,0,,2026,268,,61.9,78.1,D18,0,0,1,0,3,0,0,0,1,0,PITTSBURGH,PITTSBURGH,4,60,,,,,,
144020,Terrence Enos Jr.,T,0,0,,2026,268,60,61.4,64.7,74,0,0,1,6,0,0,0,0,0,0,PITTSBURGH,PITTSBURGH,6,,,,,,,
144026,Caleb Junko,P,0,0,,2026,268,,60.1,67.7,S91,0,1,1,0,0,0,0,5,0,0,PITTSBURGH,PITTSBURGH,5,,,,,,,60.7
144027,Nick Lapi,LB,0,0,,2026,268,,74.4,70.4,D59,0,0,1,0,0,6,6,5,6,0,PITTSBURGH,PITTSBURGH,23,,,,,,,
144029,Javon McIntyre,S,0,0,,2026,268,,61.2,68.8,D07,0,0,1,0,5,1,0,5,3,0,PITTSBURGH,PITTSBURGH,14,60,,,,,,
144033,Phillip O'Brien Jr.,S,0,0,,2025,268,,60,89.1,D05,0,0,1,0,2,0,0,0,0,0,PITTSBURGH,PITTSBURGH,2,60,,,,,,
144039,Jakob Bradford,G,0,0,,2025,304,62.5,62.2,67.6,74,0,0,1,7,0,0,0,0,0,0,SYRACUSE,SYRACUSE,7,,,,,,,
144040,Duce Chestnut,S,0,0,,2026,304,,60.6,64.3,D00,0,0,1,0,6,0,0,0,1,0,SYRACUSE,SYRACUSE,7,60.2,,,,,,
144046,Oronde Gadsden II,TE,0,0,2025,2025,304,,45.1,25,19,0,1,1,0,0,0,0,2,0,0,SYRACUSE,SYRACUSE,2,,,,,,,
144053,Terry Lockett Jr.,DI,0,0,,2026,197,,59.8,62,D90,0,0,1,0,1,0,0,0,0,0,JAMES MAD,JAMES MAD,1,59.6,,,,,,
144057,Clay Masters,CB,0,0,,2025,304,,61.6,66.4,D39,0,0,1,0,1,9,6,0,0,0,SYRACUSE,SYRACUSE,16,60,,,,,,
144059,Derek McDonald,LB,0,0,,2027,304,,50.5,69.6,D15,0,0,1,0,0,9,6,2,0,1,SYRACUSE,SYRACUSE,17,,,,,,,
144064,Tommy Porter,S,0,0,,2026,304,,60,61.2,D40,0,0,1,0,1,0,0,0,0,0,SYRACUSE,SYRACUSE,1,60,,,,,,
144083,Will Johnson,LB,0,0,,2027,337,,62,67.8,D25,1,0,1,0,0,2,0,6,1,1,VA TECH,VA TECH,9,,,,,,,
144086,Jaden Keller,LB,0,0,2026,2026,337,,60.1,67.4,D24,0,0,1,0,5,0,0,6,1,0,VA TECH,VA TECH,12,60,,,,,,
144093,Jorden McDonald,ED,0,0,,2026,337,,60.7,68.3,D39,0,0,1,0,0,0,5,0,0,0,VA TECH,VA TECH,5,,,,,,,
144096,Cole Nelson,ED,0,0,,2025,337,,60.4,65.2,D17,0,0,1,0,4,0,0,6,0,0,VA TECH,VA TECH,10,59.9,,,,,,
144103,Bob Schick,G,0,0,,2026,337,60,60.1,64,75,0,0,1,2,0,0,0,0,0,0,VA TECH,VA TECH,2,,,,,,,
144105,Tyler Smedley,G,0,0,,2026,337,60,60.6,61.5,52,0,0,1,2,0,0,0,0,0,0,VA TECH,VA TECH,2,,,,,,,
144111,Dacari Collins,WR,0,0,,2026,248,,60,64.4,04,0,0,1,0,0,0,0,1,0,0,NC STATE,NC STATE,1,,,,,,,
144112,Beaux Collins,WR,0,0,2025,2025,258,,60.1,63.5,05,0,0,1,0,0,0,2,0,0,0,NOTRE DAME,NOTRE DAME,2,,,,,,,
144129,Andrew Mukuba,S,0,0,2025,2025,311,,44.8,65.3,D04,1,0,1,0,0,0,0,3,0,0,TEXAS,TEXAS,3,,,,,,,
144145,Jaylin Alderman,LB,0,0,,2026,220,,60,63.9,D21,0,0,1,0,0,1,0,0,0,0,MIAMI FL,MIAMI FL,1,,,,,,,
144151,Ryheem Craig,ED,0,0,,2026,156,,60.6,65.8,D32,0,0,1,0,2,0,0,0,2,0,E CAROLINA,E CAROLINA,4,60,,,,,,
144155,Michael Gonzalez,G,0,0,2025,2025,210,60.8,61.6,62.1,68,0,0,1,5,0,0,0,0,0,0,LOUISVILLE,LOUISVILLE,5,,,,,,,
144157,Jackson Hamilton,LB,0,0,,2026,176,,60.6,64.4,D17,0,0,1,0,2,2,0,0,0,0,GA TECH,GA TECH,4,59.9,,,,,,
144173,TJ Quinn,LB,0,0,2026,2026,210,,60.8,65.2,D34,0,0,1,0,1,0,0,3,3,0,LOUISVILLE,LOUISVILLE,7,60,,,,,,
144176,Mark Vassett,P,0,0,,2025,143,60,60.6,66,S15,0,0,1,3,0,0,0,4,0,0,COLORADO,COLORADO,7,,,,,,,54.9
144195,DaShawn Jones,CB,0,0,2026,2026,103,,60.9,68.7,D07,0,0,1,0,5,0,6,0,1,0,ALABAMA,ALABAMA,12,60.1,,,,,,
144249,Demarcus Griffin-Taylor,CB,0,0,,2025,208,,60.1,64.5,D08,0,0,1,0,4,0,5,0,0,0,LA TECH,LA TECH,9,59.7,65.7,,,,,
144264,Bryce Edmondson,LB,0,0,,2026,218,,61.9,66.1,D44,0,0,1,0,0,8,0,2,0,0,MEMPHIS,MEMPHIS,10,,,,,,,
144280,Greg Rubin,S,0,0,,2025,218,,61,66.7,D24,0,0,1,0,5,5,0,0,0,0,MEMPHIS,MEMPHIS,10,59.8,,,,,,
144281,Cameron Smith,S,0,0,,2025,305,,63.1,66.7,D29,0,0,1,0,2,0,0,0,6,0,TCU,TCU,8,60,,,,,,
144287,Braunson White,LB,0,1,,2026,218,,31.7,67.2,D58,0,1,1,0,0,2,5,0,3,0,MEMPHIS,MEMPHIS,10,,,,,,,
144288,William Whitlow Jr.,ED,0,0,,2026,218,,60,64.4,D09,0,0,1,0,4,0,0,0,0,0,MEMPHIS,MEMPHIS,4,59.8,,,,,,
144293,Marcus Bleazard,LB,0,0,,2028,237,,60.9,66.3,D53,0,0,1,0,0,4,0,5,1,0,NAVY,NAVY,10,,,,,,,
144294,Javan Bouton,T,0,0,,2025,237,60,61.4,62,62,0,0,1,4,0,0,0,0,0,0,NAVY,NAVY,4,,,,,,,
144318,Kyle Jacob,LB,0,0,,2025,237,,60.5,63.5,D43,0,0,1,0,3,0,1,0,1,0,NAVY,NAVY,5,60,,,,,,
144326,Rayuan Lane III,S,0,0,2025,2025,237,,55.8,67.6,D18,0,0,1,0,3,4,1,5,3,0,NAVY,NAVY,16,59.9,,,61.4,,,
144330,Connor McMahon,T,0,0,,2025,237,60,61.2,67.2,68,0,0,1,4,0,0,0,0,0,0,NAVY,NAVY,4,,,,,,,
144335,Dashaun Peele,CB,0,0,,2025,237,,60.3,64.3,D01,0,0,1,0,2,0,0,0,2,0,NAVY,NAVY,4,60,,,,,,
144338,Colin Ramos,LB,0,0,,2025,237,,60.2,66.3,D44,0,0,1,0,2,0,1,5,2,0,NAVY,NAVY,10,59.9,,,,,,
144339,Justin Reed,ED,0,0,,2025,237,,61.1,65.8,D94,0,0,1,0,2,0,1,5,2,0,NAVY,NAVY,10,59.7,,,,,,
144340,Riley Riethman,P,0,0,,2025,237,60,60.8,66.4,S90,0,0,1,4,0,0,0,5,0,0,NAVY,NAVY,9,,,,,,,64.4
144342,Jordan Sanders,ED,0,0,,2025,237,60,46.8,70.3,D33,0,0,1,4,0,4,3,5,1,0,NAVY,NAVY,17,,,,,,,
144348,Turner Stepp,WR,0,0,,2025,237,,61,63.6,32,0,0,1,0,0,4,0,0,0,0,NAVY,NAVY,4,,,,,,,
144351,Michael Whitehouse,T,0,0,,2025,237,60,60.6,61.7,73,0,0,1,4,0,0,0,0,0,0,NAVY,NAVY,4,,,,,,,
144352,Mbiti Williams Jr.,S,0,0,,2025,237,,60.9,66.3,D07,0,0,1,0,3,4,0,0,2,0,NAVY,NAVY,9,60,,,,,,
144392,Justin Lynch,HB,0,0,,2026,254,,60.4,63.7,05,0,0,1,0,0,0,3,0,1,0,N ILLINOIS,N ILLINOIS,4,,,,,,,
144404,Bryce Bohanon,WR,0,0,,2026,319,,60.6,65.3,83,0,0,1,0,0,0,8,0,3,0,TULANE,TULANE,11,,62.3,,,,,
144406,Iverson Celestine,HB,0,0,,2026,288,,35.7,66.3,23,1,0,1,0,0,6,0,0,0,0,S ALABAMA,S ALABAMA,6,,,,,,,
144407,Elijah Champaigne,DI,0,0,,2026,319,,60.3,63.1,D93,0,0,1,0,0,0,0,5,0,0,TULANE,TULANE,5,,,,,,,
144411,Devean Deal,ED,0,0,2026,2026,305,,60.2,63.9,D11,0,0,1,0,2,0,0,0,1,0,TCU,TCU,3,59.5,,,,,,
144413,Bailey Despanie,S,0,0,,2026,319,,60,62.1,D32,0,0,1,0,6,0,0,0,0,0,TULANE,TULANE,6,59.9,,,,,,
144416,Mandel Eugene Jr.,LB,0,0,,2026,319,,62.6,70,D36,0,0,1,0,0,2,0,0,3,0,TULANE,TULANE,5,,,,,,,
144473,Cole Best,C,0,0,,2028,327,60,60,62.1,72,0,0,1,2,0,0,0,0,0,0,USF,USF,2,,,,,,,
144475,John Cannon,K,0,0,,2026,327,,60,63.9,S39,0,0,1,7,0,0,0,0,0,0,USF,USF,7,,,,,82.7,,
144478,Gunnar Greenwald,TE,0,0,,2025,327,60,61.5,64.7,87,0,0,1,7,0,0,0,7,0,0,USF,USF,14,,,,,,,
144482,Davon Hicks,LB,0,0,,2026,174,,60,61.5,D04,0,0,1,0,2,0,0,0,0,0,GA SOUTHRN,GA SOUTHRN,2,59.9,,,,,,
144483,Jimmy Horn Jr.,WR,0,0,2025,2025,143,,59.8,62.4,05,0,0,1,0,0,0,7,0,0,0,COLORADO,COLORADO,7,,58.8,,,,,
144498,Jaelen Stokes,S,0,0,,2026,327,,65.9,69.7,D21,0,0,1,0,1,6,5,7,5,1,USF,USF,24,60,,,,,,
144499,Andrew Stokes,P,0,0,,2025,327,,60.4,68.4,S36,0,1,1,0,0,0,0,7,0,0,USF,USF,7,,,,,,,76.5
144502,Amer Amer,LB,0,0,,2026,327,,64.8,70.7,D54,0,0,1,0,0,6,6,3,6,0,USF,USF,21,,,,,,,
144503,Caleb Parker,ED,0,0,,2025,118,,63,68.4,D47,0,0,1,0,0,3,6,2,2,0,BAYLOR,BAYLOR,13,,,,,,,
144513,Josh Cameron,WR,0,0,2026,2026,118,,60,62.8,34,0,0,1,0,0,0,0,0,2,0,BAYLOR,BAYLOR,2,,,,91.9,,,
144514,Gavin Yates,TE,0,0,,2025,118,,76.7,61.5,43,0,0,1,0,0,0,0,2,0,1,BAYLOR,BAYLOR,2,,,,,,,
144516,Ryan Lengyel,G,0,0,,2026,118,60,60.9,61.7,62,0,0,1,5,0,0,0,0,0,0,BAYLOR,BAYLOR,5,,,,,,,
144524,Tevin Williams III,CB,0,0,,2026,118,,60.4,66.5,D27,0,0,1,0,7,0,0,0,0,0,BAYLOR,BAYLOR,7,59.7,,,,,,
144528,Jaden Maronen,LB,0,0,,2026,118,,61.5,65,D58,0,0,1,0,0,5,2,0,0,0,BAYLOR,BAYLOR,7,,,,,,,
144531,Garrison Grimes,LS,0,0,2026,2026,118,61.6,64.2,62.7,S26,0,0,1,5,0,0,0,2,0,0,BAYLOR,BAYLOR,7,,,76.9,,,,
144532,Isaiah Hankins,K,0,0,,2026,118,,60,65.5,S98,0,0,1,5,0,2,0,0,0,0,BAYLOR,BAYLOR,7,,,,,65.1,62,
144537,Asle Thorson,S,0,0,,2025,193,,60.9,69.4,D39,0,0,1,0,0,0,8,0,0,0,IOWA STATE,IOWA STATE,8,,,,,,,
144542,Tyler Maro,T,0,0,,2026,193,60,61.2,62,50,0,0,1,6,0,0,0,0,0,0,IOWA STATE,IOWA STATE,6,,,,,,,
144548,Myles Purchase,CB,0,0,2025,2025,193,,60.5,66.5,D05,0,0,1,0,7,0,0,0,0,0,IOWA STATE,IOWA STATE,7,59.8,,,,,,
144549,Beau Freyler,S,0,0,,2025,193,,60,61.7,D17,0,0,1,0,3,0,0,0,0,0,IOWA STATE,IOWA STATE,3,59.9,,,,,,
144552,Myles Mendeszoon,ED,0,0,,2026,193,,61.7,67.7,D06,0,0,1,0,0,7,0,3,0,0,IOWA STATE,IOWA STATE,10,,,,,,,
144553,Joey Petersen,ED,0,0,,2025,193,,60.4,65.2,D52,0,0,1,0,7,0,0,0,0,0,IOWA STATE,IOWA STATE,7,60,,,,,,
144571,Kelan Robinson,WR,0,0,,2026,156,,60,63.3,03,0,0,1,0,0,0,0,0,0,0,E CAROLINA,E CAROLINA,0,,,,,,,
144587,Kingsley Ugwu,T,0,0,,2025,169,60,61.5,67.9,76,0,0,1,5,0,0,0,0,0,0,FRESNO ST,FRESNO ST,5,,,,,,,
144592,Shane Porter,HB,0,0,,2026,251,,60.7,66.8,31,0,0,1,0,0,0,0,0,3,0,N TEXAS,N TEXAS,3,,,,,,,
144599,Andrew Leingang,G,0,0,,2026,199,60,61.2,67.2,56,0,0,1,4,0,0,0,0,0,0,KANSAS ST,KANSAS ST,4,,,,,,,
144605,Omar Daniels,S,0,0,,2026,176,,60.7,63.2,D21,0,0,1,0,5,4,0,0,0,0,GA TECH,GA TECH,9,60,,,,,,
144611,Desmond Purnell,LB,0,0,,2026,199,,60.7,65.8,D32,0,0,1,0,7,0,0,0,0,0,KANSAS ST,KANSAS ST,7,60.2,,,,,,
144612,Krew Jackson,LB,0,0,,2026,110,,61.6,69,D43,0,0,1,0,0,0,6,0,2,0,ARIZONA ST,ARIZONA ST,8,,,,,,,
144617,Chris Tennant,K,0,0,,2025,199,,60,63.3,S17,0,0,1,4,0,0,0,0,0,0,KANSAS ST,KANSAS ST,4,,,,,64.5,,
144630,Damond Harmon,S,0,0,,2026,206,,60.3,65.4,D36,0,0,1,0,2,0,0,0,1,0,LIBERTY,LIBERTY,3,59.8,,,,,,
144631,Clayton Smith,ED,0,0,,2027,110,,59.8,64,D10,0,0,1,0,7,0,0,0,1,0,ARIZONA ST,ARIZONA ST,8,59.3,,,,,,
144636,Ethan Downs,ED,0,0,2025,2025,261,60,66.1,64.8,D40,0,0,1,3,4,0,0,3,2,0,OKLAHOMA,OKLAHOMA,12,59.6,,,,,,
144637,Kelvin Gilliam Jr.,DI,0,0,2026,2026,337,,60.1,64.2,D22,0,0,1,0,2,0,0,0,1,0,VA TECH,VA TECH,3,59.4,,,,,,
144641,Jake Mann,LS,0,0,,2026,248,60,64,62.6,S95,0,0,1,4,0,0,0,2,0,0,NC STATE,NC STATE,6,,,77,,,,
144643,Caleb Etienne,T,0,0,2025,2025,128,60,61.2,63,76,0,0,1,6,0,0,0,0,0,0,BYU,BYU,6,,,,,,,
144650,JP Richardson,WR,0,0,2025,2025,305,,60,64.3,07,0,0,1,0,0,0,0,0,6,0,TCU,TCU,6,,,,64.4,,,
144678,Abe Camara,S,0,0,,2025,305,,60.1,67.8,D01,0,0,1,0,2,0,0,3,1,0,TCU,TCU,6,60.1,,,,,,
144683,Trent Battle,HB,0,0,2026,2026,305,,56.4,64.9,17,0,0,1,0,0,0,2,3,0,0,TCU,TCU,5,,,,,,,
144696,DJ Rogers,TE,0,0,2026,2026,305,60,60.4,61.4,00,0,0,1,2,0,0,2,0,0,0,TCU,TCU,4,,,,,,,
144700,Da'Veawn Armstead,CB,0,0,2026,2026,281,,60.4,65.8,D02,0,0,1,0,4,0,1,0,0,0,SM HOUSTON,SM HOUSTON,5,59.9,,,,,,
144707,Luke Lingard,LB,0,0,,2026,305,,62.8,70,D51,0,0,1,0,0,0,2,0,4,0,TCU,TCU,6,,,,,,,
144708,Chris Murray,ED,0,0,,2028,281,,59.9,63.9,D00,0,0,1,0,3,0,0,0,0,0,SM HOUSTON,SM HOUSTON,3,59.7,,,,,,
144709,Blake Baldwin,LB,0,0,,2026,305,,65.7,68.4,D43,0,0,1,0,0,4,0,0,2,0,TCU,TCU,6,,,,,,,
144723,Hayden Conner,G,0,0,2025,2025,311,62.5,62.2,67.9,76,0,0,1,7,0,0,0,0,0,0,TEXAS,TEXAS,7,,,,,,,
144725,Juan Davis,TE,0,0,,2025,311,,60.1,66.2,81,0,0,1,0,0,0,1,0,0,0,TEXAS,TEXAS,1,,,,,,,
144726,Gunnar Helm,TE,0,0,2025,2025,311,60,61.3,64.3,85,0,0,1,7,0,0,5,3,0,0,TEXAS,TEXAS,15,,59.9,,,,,
144732,Michael Taaffe,S,0,0,2026,2026,311,,61.6,69.2,D16,0,0,1,0,4,0,4,3,4,0,TEXAS,TEXAS,15,59.7,,,,,,
144733,Morice Blackwell II,LB,0,0,,2025,311,,59,27.1,D37,0,1,1,0,4,6,5,3,4,1,TEXAS,TEXAS,22,60,,,,,,
144734,D.J. Harris,ED,0,0,,2026,327,,59,66.3,D11,0,0,1,0,4,0,0,7,0,0,USF,USF,11,59.4,,,,,,
144739,Barryn Sorrell,ED,0,0,2025,2025,311,,60.3,63.9,D88,0,0,1,0,4,0,0,0,1,0,TEXAS,TEXAS,5,59.7,,,,,,
144740,Bert Auburn,K,0,0,,2026,311,,60,64.1,S45,0,0,1,7,0,0,0,0,0,0,TEXAS,TEXAS,7,,,,,44.1,,
144753,Jack Tucker,T,0,0,,2026,206,60,60,60.9,75,0,0,1,2,0,0,0,0,0,0,LIBERTY,LIBERTY,2,,,,,,,
144754,Caleb Rodkey,C,0,0,,2026,315,60,61.3,66.4,69,0,0,1,4,0,0,0,4,0,0,TEXAS TECH,TEXAS TECH,8,,,,,,,
144755,Brett Canis,T,0,0,,2026,208,,60.2,61.8,67,0,0,1,0,0,0,0,3,0,0,LA TECH,LA TECH,3,,,,,,,
144758,Mason Tharp,TE,0,0,,2025,315,60,61.2,61.8,80,0,0,1,4,0,1,0,0,0,0,TEXAS TECH,TEXAS TECH,5,,,,,,,
144767,Chief Collins,S,0,0,,2026,315,,63.3,70.8,D29,0,0,1,0,0,5,0,0,3,0,TEXAS TECH,TEXAS TECH,8,,,,,,,
144768,Charles Esters III,ED,0,0,,2026,315,,61.2,66.5,D11,0,0,1,0,0,0,0,0,3,0,TEXAS TECH,TEXAS TECH,3,,,,,,,
144769,Isaac Smith,ED,0,0,,2027,315,,58.4,68.6,D17,0,0,1,0,0,0,6,0,1,0,TEXAS TECH,TEXAS TECH,7,,,,,,,
144772,Jackson Knotts,LS,0,0,,2025,315,60,62.4,63.2,S30,0,0,1,4,0,0,0,4,0,0,TEXAS TECH,TEXAS TECH,8,,,37.2,,,,
144774,Caleb Coleman,S,0,0,,2026,314,,61.9,68.7,D09,0,0,1,0,4,7,5,3,2,0,TEXAS ST,TEXAS ST,21,60,,,,,,
144783,Tomas Rimac,G,0,0,2026,2026,343,60,61.6,65.9,55,0,0,1,5,0,0,0,0,0,0,W VIRGINIA,W VIRGINIA,5,,,,,,,
144786,Treylan Davis,TE,0,0,,2025,343,,60,64.3,81,0,0,1,0,0,0,8,0,0,0,W VIRGINIA,W VIRGINIA,8,,,,,,,
144788,Andrew Wilson-Lamp,CB,0,0,,2026,156,,60,63.3,D11,0,0,1,0,2,0,0,0,0,0,E CAROLINA,E CAROLINA,2,59.9,,,,,,
144793,Hammond Russell IV,DI,0,0,,2027,343,60,61.5,64.7,D99,0,0,1,5,1,0,0,0,1,0,W VIRGINIA,W VIRGINIA,7,59.8,,,,,,
144808,Josh Gesky,G,0,0,2026,2026,187,60,61.1,65.7,73,0,0,1,3,0,0,0,0,0,0,ILLINOIS,ILLINOIS,3,,,,,,,
144809,Miles Scott,S,0,0,2026,2026,187,,61.3,70.7,D10,0,0,1,0,4,0,0,0,2,0,ILLINOIS,ILLINOIS,6,60,,,,,,
144818,Kenenna Odeluga,LB,0,0,,2026,187,,60.9,66.9,D39,0,0,1,0,0,4,0,3,0,0,ILLINOIS,ILLINOIS,7,,,,,,,
144819,Luke Zardzin,LB,0,0,,2026,187,,59.2,70.4,D42,0,0,1,0,0,4,4,3,2,0,ILLINOIS,ILLINOIS,13,,,,,,,
144821,Kalen Villanueva,LB,0,0,,2027,146,,60,63.3,D31,0,0,1,0,0,0,3,0,0,0,UCONN,UCONN,3,,,,,,,
144823,Lane Hansen,LS,0,0,,2026,187,60,57.3,63,S36,0,0,1,3,0,0,0,3,0,0,ILLINOIS,ILLINOIS,6,,,44.9,,,,
144841,Jordan Grier,S,0,0,,2025,218,,59.8,64.9,D16,0,0,1,0,0,0,0,2,0,0,MEMPHIS,MEMPHIS,2,,,,,,,
144851,Max White,HB,0,0,,2026,192,,59.9,66.1,22,0,0,1,0,0,0,6,0,0,0,IOWA,IOWA,6,,59.9,,,,,
144860,Beau Stephens,G,0,0,2026,2026,192,60,61.4,62,70,0,0,1,4,0,0,0,0,0,0,IOWA,IOWA,4,,,,,,,
144862,Connor Colby,G,0,0,2025,2025,192,60,61.2,67.2,77,0,0,1,4,0,0,0,0,0,0,IOWA,IOWA,4,,,,,,,
144864,Jaxon Rexroth,LB,0,0,,2026,192,,65.4,69.8,D12,0,0,1,0,5,5,6,5,5,0,IOWA,IOWA,26,60,,,,,,
144868,Eli Miller,TE,0,0,,2026,192,,86.5,65.4,31,0,0,1,0,0,0,6,0,0,0,IOWA,IOWA,6,,,,,,,
144871,Jaden Harrell,LB,0,0,,2026,192,,52.5,68.4,D41,0,0,1,0,0,5,6,5,0,0,IOWA,IOWA,16,,,,,,,
144872,Zach Twedt,LB,0,0,,2026,192,,61.8,66.2,D42,0,0,1,0,0,5,0,0,0,0,IOWA,IOWA,5,,,,,,,
144873,Karson Sharar,LB,0,0,2026,2026,192,,62.9,70.5,D43,0,0,1,0,0,5,6,5,4,1,IOWA,IOWA,20,,,,,,,
144874,Max Llewellyn,ED,0,0,2026,2026,192,,60,63.8,D48,0,0,1,0,0,0,0,0,1,0,IOWA,IOWA,1,,,,,,,
144879,Luke Elkin,LS,0,0,2025,2025,192,60,72.6,63.5,S39,0,0,1,4,0,0,0,5,0,0,IOWA,IOWA,9,,,81.3,,,,
144888,CJ Dippre,TE,0,0,2025,2025,103,60,60.8,66.1,81,0,0,1,3,0,0,6,4,0,0,ALABAMA,ALABAMA,13,,,,,,,
144895,Tommy Varhall,T,0,0,,2025,111,60,61.5,62.8,79,0,0,1,7,0,0,0,0,0,0,ARKANSAS,ARKANSAS,7,,,,,,,
144921,Peyton O'Leary,WR,0,0,,2026,222,,60,65.5,81,0,0,1,0,0,0,1,0,0,0,MICHIGAN,MICHIGAN,1,,,,,,,
144924,Greg Crippen,C,0,0,2026,2026,222,60,61.5,67.9,51,0,0,1,5,0,0,0,0,0,0,MICHIGAN,MICHIGAN,5,,,,,,,
144925,Giovanni El-Hadi,G,0,0,,2026,222,60.3,61.7,66.8,58,0,0,1,5,0,0,0,0,0,0,MICHIGAN,MICHIGAN,5,,,,,,,
144929,Louis Hansen,TE,0,0,2026,2026,146,60,61.4,64.4,81,0,0,1,6,0,0,0,0,0,0,UCONN,UCONN,6,,,,,,,
144933,Rayshaun Benny,DI,0,0,2026,2026,222,,59.8,63.8,D26,0,0,1,0,3,0,0,0,0,0,MICHIGAN,MICHIGAN,3,59.5,,,,,,
144934,Tyler McLaurin,ED,0,0,,2026,222,60,61,60.9,D27,0,0,1,5,0,0,0,0,0,0,MICHIGAN,MICHIGAN,5,,,,,,,
144935,Jaydon Hood,LB,0,0,,2027,222,,61.9,64.9,D34,0,0,1,0,0,6,0,0,0,0,MICHIGAN,MICHIGAN,6,,,,,,,
144936,Joe Taylor,WR,0,0,,2026,222,,73,69.2,39,0,0,1,0,0,6,4,6,4,1,MICHIGAN,MICHIGAN,20,,59.1,,,,,
144938,T.J. Guy,ED,0,0,,2026,222,,60,62.9,D42,0,0,1,0,2,0,0,0,0,0,MICHIGAN,MICHIGAN,2,59.8,,,,,,
144940,Kechaun Bennett,ED,0,0,,2026,222,,65.3,68.1,D52,0,0,1,0,0,6,0,6,4,1,MICHIGAN,MICHIGAN,16,,,,,,,
144941,George Rooks,DI,0,0,,2026,121,,59.9,63.9,D91,0,0,1,0,3,0,0,0,0,0,BOSTON COL,BOSTON COL,3,59.6,,,,,,
144943,Ike Iwunnah,DI,0,0,,2026,222,,60,62.7,D92,0,0,1,0,1,0,0,0,0,0,MICHIGAN,MICHIGAN,1,59.8,,,,,,
144953,Geno VanDeMark,G,0,0,2026,2026,103,60,60.8,66.5,56,0,0,1,3,0,0,0,0,0,0,ALABAMA,ALABAMA,3,,,,,,,
144958,Antoine Booth,CB,0,0,,2026,197,,60,64.5,D31,0,0,1,0,0,0,0,1,0,0,JAMES MAD,JAMES MAD,1,,,,,,,
144962,Derrick Harmon,DI,0,0,2025,2025,264,,59.8,62,D55,0,0,1,0,1,0,0,0,0,0,OREGON,OREGON,1,59.6,,,,,,
144966,Hank Pepper,LS,0,0,,2026,326,63.4,66,63.5,S31,0,0,1,6,0,0,0,5,0,0,USC,USC,11,,,80.9,,,,
144975,Jackson Hunter,C,0,0,,2025,225,60,61.4,67.3,58,0,0,1,5,0,0,0,0,0,0,MINNESOTA,MINNESOTA,5,,,,,,,
144978,Dino Kaliakmanis,WR,0,0,,2028,278,,52.2,68,83,0,0,1,0,0,8,0,4,0,0,RUTGERS,RUTGERS,12,,,,,,,
144979,Jameson Geers,TE,0,0,2026,2026,225,60,61,62.4,86,0,0,1,5,0,0,2,0,0,0,MINNESOTA,MINNESOTA,7,,,,,,,
144984,Devon Williams,LB,0,0,,2026,225,,61.3,65.7,D09,0,0,1,0,2,0,0,0,2,0,MINNESOTA,MINNESOTA,4,60.1,,,,,,
144985,Eli Mau,ED,0,0,,2025,225,,69.3,72.1,D43,0,0,1,0,0,5,2,2,4,0,MINNESOTA,MINNESOTA,13,,,,,,,
144988,Nate Becker,DI,0,0,,2026,225,,60,64.7,D89,0,0,1,0,0,0,0,0,0,0,MINNESOTA,MINNESOTA,0,,,,,,,
144989,Deven Eastern,DI,0,0,2026,2026,225,,60.4,65.8,D91,0,0,1,0,2,0,0,0,2,0,MINNESOTA,MINNESOTA,4,59.2,,,,,,
144997,Thomas Fidone II,TE,0,0,2025,2025,238,,60,63.1,24,0,0,1,0,0,0,1,0,0,0,NEBRASKA,NEBRASKA,1,,,,,,,
145003,Henry Lutovsky,G,0,0,2026,2026,238,60,60.8,66.5,59,0,0,1,3,0,0,0,0,0,0,NEBRASKA,NEBRASKA,3,,,,,,,
145010,Alex Bullock,WR,0,0,2026,2026,238,,60.9,67.4,84,0,0,1,0,0,0,3,0,1,0,NEBRASKA,NEBRASKA,4,,,,,,,
145012,Marques Buford Jr.,CB,0,0,,2026,238,,60,63.1,D03,0,0,1,0,1,0,1,0,0,0,NEBRASKA,NEBRASKA,2,60,,,,,,
145019,Derek Branch,S,0,0,,2026,238,,59.3,67.7,D24,0,0,1,0,0,4,2,0,1,0,NEBRASKA,NEBRASKA,7,,,,,,,
145037,Anthony Tyus III,HB,0,0,2025,2025,259,,60,64.9,02,0,0,1,0,0,0,1,0,0,0,OHIO,OHIO,1,,,,,,,
145055,Emeka Egbuka,WR,0,0,2025,2025,260,,60,62.9,02,0,0,1,0,0,0,3,0,0,0,OHIO STATE,OHIO STATE,3,,59.6,,,,,
145059,TreVeyon Henderson,HB,0,0,2025,2025,260,,60,61.2,32,0,0,1,0,0,0,1,0,0,0,OHIO STATE,OHIO STATE,1,,59.9,,,,,
145067,Jordan Hancock,S,0,0,2025,2025,260,,61.6,65.3,D07,0,0,1,0,0,8,0,0,0,0,OHIO STATE,OHIO STATE,8,,,,,,,
145069,Reid Carrico,LB,0,0,2026,2026,343,,51.7,66.8,D35,0,0,1,0,4,6,0,3,0,0,W VIRGINIA,W VIRGINIA,13,60,,,,,,
145070,Denzel Burke,CB,0,0,2025,2025,260,,61.7,68.4,D10,0,0,1,0,1,5,0,0,5,0,OHIO STATE,OHIO STATE,11,60,,,,,,
145071,Jack Sawyer,ED,0,0,2025,2025,260,,61.3,65,D33,0,0,1,0,1,0,0,0,3,0,OHIO STATE,OHIO STATE,4,60,,,,,,
145074,JT Tuimoloau,ED,0,0,2025,2025,260,,61.9,65.7,D44,0,0,1,0,1,0,0,0,4,0,OHIO STATE,OHIO STATE,5,59.7,,,,,,
145075,Jackson Kuwatch,LB,0,0,2026,2026,221,,71.9,68.2,D33,0,0,1,0,0,9,3,0,1,0,MIAMI OH,MIAMI OH,13,,,,,,,
145080,Tyleik Williams,DI,0,0,2025,2025,260,,60.5,66.3,D91,0,0,1,0,1,0,0,0,3,0,OHIO STATE,OHIO STATE,4,59.6,,,,,,
145081,Jesse Mirco,P,0,0,,2025,333,60,60.8,65.6,S29,0,0,1,5,0,0,0,4,0,0,VANDERBILT,VANDERBILT,9,,,,,,,64.3
145085,Jordan van den Berg,DI,0,0,2026,2026,176,60,60.6,64.4,D99,0,0,1,5,5,0,0,0,0,0,GA TECH,GA TECH,10,59.5,,,,,,
145087,Khalil Dinkins,TE,0,0,2026,2026,266,60,61.2,66.3,16,0,0,1,4,0,0,3,0,0,0,PENN STATE,PENN STATE,7,,,,,,,
145095,Dominic DeLuca,LB,0,0,2026,2026,266,,65.4,69.1,D00,0,0,1,0,2,5,3,6,4,0,PENN STATE,PENN STATE,20,60,,,,,,
145097,Kobe King,LB,0,0,2025,2025,266,,60.9,67.9,D41,0,0,1,0,3,0,0,0,1,0,PENN STATE,PENN STATE,4,60,,,,,,
145099,Zakee Wheatley,S,0,0,2026,2026,266,,59.9,61.8,D06,0,0,1,0,4,0,0,0,0,0,PENN STATE,PENN STATE,4,59.8,,,,,,
145100,Jaylen Reed,S,0,0,2025,2025,266,,60.5,64,D01,0,0,1,0,3,0,0,0,1,0,PENN STATE,PENN STATE,4,60,,,,,,
145101,Rodney McGraw,ED,0,0,2026,2026,347,,60,62.9,D99,0,0,1,0,1,0,0,0,0,0,W MICHIGAN,W MICHIGAN,1,60,,,,,,
145102,Tyler Duzansky,LS,0,0,2026,2026,266,58.2,54.2,63.6,S48,0,0,1,5,0,0,0,6,0,0,PENN STATE,PENN STATE,11,,,48.7,,,,
145105,Gabriel Nwosu,P,0,0,,2026,266,,60,68.4,S99,0,0,1,0,0,5,0,0,0,0,PENN STATE,PENN STATE,5,,,,,,66.4,
145108,Ja'Quez Cross,HB,0,0,,2027,113,,60.3,64,02,0,0,1,0,0,0,6,0,0,0,ARK STATE,ARK STATE,6,,55,,,,,
145124,Khordae Sydnor,ED,0,0,2026,2026,333,,60.1,64.5,D96,0,0,1,0,4,0,0,0,0,0,VANDERBILT,VANDERBILT,4,59.8,,,,,,
145140,Jordan Thompson,ED,0,0,,2026,278,60,61.4,65.2,D14,0,0,1,7,4,0,0,4,0,0,RUTGERS,RUTGERS,15,59.9,,,,,,
145141,Alijah Clark,S,0,0,2025,2025,304,,60.3,63.4,D05,0,0,1,0,6,0,0,0,1,0,SYRACUSE,SYRACUSE,7,60,,,,,,
145142,Michael Robinson,S,0,0,,2027,278,,35.7,64.5,D31,0,0,1,0,0,8,0,0,0,0,RUTGERS,RUTGERS,8,,,,,,,
145143,Shaquan Loyal,S,0,0,2025,2025,278,,61.1,64.8,D06,0,0,1,0,4,0,0,0,2,0,RUTGERS,RUTGERS,6,60,,,,,,
145145,Austin Dean,LB,0,0,,2026,176,,62.7,71.5,D28,0,0,1,0,0,6,6,3,3,0,GA TECH,GA TECH,18,,,,,,,
145148,Kyonte Hamilton,DI,0,0,2025,2025,278,60,60.2,63.7,D48,0,0,1,7,4,0,0,0,0,0,RUTGERS,RUTGERS,11,59,,,,,,
145153,Keshon Griffin,DI,0,0,,2028,278,,60,62.7,D96,0,0,1,0,1,0,0,0,0,0,RUTGERS,RUTGERS,1,59.8,,,,,,
145165,T.J. Bollers,DI,0,0,2026,2026,130,,71.1,66.1,D88,0,0,1,0,2,0,5,0,1,0,CAL,CAL,8,59.2,,,,,,
145171,Mike Jarvis,DI,0,0,,2027,206,,58.9,63.5,D97,0,0,1,0,3,0,0,0,0,0,LIBERTY,LIBERTY,3,58.9,,,,,,
145179,Nolan Rucci,T,0,0,2026,2026,266,60,61,63,72,0,0,1,5,0,0,0,0,0,0,PENN STATE,PENN STATE,5,,,,,,,
145205,Courtney McBride,ED,0,0,,2025,288,,60.1,65.5,D17,0,0,1,0,4,0,1,1,1,0,S ALABAMA,S ALABAMA,7,59.6,,,,,,
145236,Jordan Guerad,DI,0,0,,2026,210,,60,64.1,D94,0,0,1,0,0,0,0,0,1,0,LOUISVILLE,LOUISVILLE,1,,,,,,,
145314,Jurriente Davis,LB,0,0,,2026,210,,53.1,65.3,D32,0,0,1,0,2,0,0,3,0,0,LOUISVILLE,LOUISVILLE,5,59.9,,,,,,
145321,Xzavior Kautai,TE,0,0,,2026,251,60,59.2,66.5,88,0,0,1,4,0,0,7,3,3,0,N TEXAS,N TEXAS,17,,,,,,,
145324,Febechi Nwaiwu,G,0,0,2026,2026,261,60,61.1,65.7,54,0,0,1,3,0,0,0,0,0,0,OKLAHOMA,OKLAHOMA,3,,,,,,,
145330,Jaylen Smith,LB,0,0,,2025,251,,60.1,68.2,D36,0,0,1,0,6,0,7,3,0,0,N TEXAS,N TEXAS,16,59.8,,,,,,
145336,Fatafehi Vailea II,DI,0,0,,2027,251,,59.2,65.5,D15,0,0,1,0,6,0,0,3,0,0,N TEXAS,N TEXAS,9,59.2,,,,,,
145338,Sifa Leota,LB,0,0,,2026,208,,59.6,65.1,D42,0,0,1,0,2,0,0,3,0,0,LA TECH,LA TECH,5,59.9,,,,,,
145339,Roderick Brown,DI,0,0,,2025,251,,58.7,64,D10,0,0,1,0,6,0,0,0,0,0,N TEXAS,N TEXAS,6,58.7,,,,,,
145344,Ali Jennings III,WR,0,0,,2025,337,,71.2,65.8,01,0,0,1,0,0,0,5,0,2,0,VA TECH,VA TECH,7,,,,61,,,
145359,Chris Adams,T,0,0,,2026,218,60,61.5,63.4,61,0,0,1,7,0,0,0,0,0,0,MEMPHIS,MEMPHIS,7,,,,,,,
145378,LaMareon James,CB,0,0,2025,2025,305,,60.4,65.5,D06,0,0,1,0,2,0,0,0,1,0,TCU,TCU,3,59.9,,,,,,
145392,Ethan Duane,P,0,0,,2026,126,60,60.9,64.6,S95,0,0,1,7,0,0,0,3,0,0,BUFFALO,BUFFALO,10,,,,,,,59.1
145527,Trey Moore,ED,0,0,2026,2026,311,,60.6,64.4,D08,0,0,1,0,4,0,0,0,1,0,TEXAS,TEXAS,5,59.9,,,,,,
145535,Michael Ondelacy,G,0,0,,2025,346,60,60.6,65.6,74,0,0,1,3,0,0,0,0,0,0,W KENTUCKY,W KENTUCKY,3,,,,,,,
145575,Elijah Spencer,WR,0,0,,2025,225,,60,64.4,11,0,0,1,0,0,0,0,1,0,0,MINNESOTA,MINNESOTA,1,,,,,,,
145627,Jordan Riley,S,0,0,,2025,199,,59.7,68.3,D06,0,0,1,0,2,0,0,4,4,0,KANSAS ST,KANSAS ST,10,60,,,,,,
145639,Nate Pabst,G,0,0,,2027,122,61.9,62.1,69.2,75,0,0,1,8,0,0,0,0,0,0,BOWL GREEN,BOWL GREEN,8,,,,,,,
145641,George Carlson,LS,0,0,,2026,122,66.3,61.1,62.7,S47,0,0,1,8,0,0,0,2,0,0,BOWL GREEN,BOWL GREEN,10,,,57.4,,,,
145644,Cade Zimmerly,G,0,0,,2026,122,60,61.6,63.3,72,0,0,1,8,0,0,0,0,0,0,BOWL GREEN,BOWL GREEN,8,,,,,,,
145646,Jamal Johnson,TE,0,0,,2025,122,,51.9,69.4,06,0,0,1,0,0,6,1,0,0,0,BOWL GREEN,BOWL GREEN,7,,,,,,,
145654,Jaison Patterson,HB,0,0,,2025,122,,73.1,66.5,28,0,0,1,0,0,0,6,1,0,0,BOWL GREEN,BOWL GREEN,7,,,,,,,
145655,Cashius Howell,ED,0,0,2026,2026,312,,60.6,64.4,D18,0,0,1,0,5,0,0,0,2,0,TEXAS A&M,TEXAS A&M,7,59.6,,,,,,
145657,Alex Padgett,C,0,0,,2026,122,63.4,62.4,67.9,57,0,0,1,8,0,0,0,0,0,0,BOWL GREEN,BOWL GREEN,8,,,,,,,
145660,Denver Warren,DI,0,0,,2026,281,,59.7,63.1,D11,0,0,1,0,1,0,0,0,0,0,SM HOUSTON,SM HOUSTON,1,59.4,,,,,,
145662,Tadd Barr,WR,0,0,,2025,126,,61,67.6,83,0,0,1,0,0,0,2,3,5,0,BUFFALO,BUFFALO,10,,,,,,,
145669,Daishon Folsom,DI,0,0,,2025,126,,59.8,62.4,D98,0,0,1,0,1,0,0,0,0,0,BUFFALO,BUFFALO,1,59.6,,,,,,
145687,James Carrington III,T,0,0,,2026,126,60,61.8,66.8,54,0,0,1,7,0,0,0,0,0,0,BUFFALO,BUFFALO,7,,,,,,,
145688,Matt Pajuste,G,0,0,,2026,126,60,61.5,62.8,71,0,0,1,7,0,0,0,0,0,0,BUFFALO,BUFFALO,7,,,,,,,
145726,Finn Hogan,WR,0,0,,2026,122,,57.5,70.9,11,0,0,1,0,0,1,7,0,3,0,BOWL GREEN,BOWL GREEN,11,,,,,,,
145747,Andreas Paaske,TE,0,0,,2026,111,60,61.5,65,81,0,0,1,7,0,0,1,0,0,0,ARKANSAS,ARKANSAS,8,,,,,,,
145796,Brian Shane,TE,0,0,,2026,221,,74.8,66.4,86,0,0,1,0,0,0,4,0,0,0,MIAMI OH,MIAMI OH,4,,,,,,,
145800,Oscar McWood,LB,0,0,,2026,221,,75.4,64.9,D23,0,0,1,0,3,0,0,3,0,1,MIAMI OH,MIAMI OH,6,60,,,,,,
145803,Corban Hondru,LB,0,0,,2026,221,,62,68.5,D12,0,0,1,0,1,8,1,3,3,0,MIAMI OH,MIAMI OH,16,60,,,,,,
145826,Graham Nicholson,K,0,0,,2025,103,,60,62.9,S14,0,0,1,3,0,0,0,0,0,0,ALABAMA,ALABAMA,3,,,,,66.5,,
145834,Isaac Hatfield,LS,0,0,,2026,254,61.6,64.2,62.7,S91,0,0,1,5,0,0,0,2,0,0,N ILLINOIS,N ILLINOIS,7,,,76.9,,,,
145837,Ty Myles,CB,0,0,,2026,254,,60.9,64.8,D13,0,0,1,0,0,4,0,0,1,0,N ILLINOIS,N ILLINOIS,5,,,,,,,
145844,Cyrus McGarrell,S,0,0,,2026,254,,42.6,68.4,D22,0,0,1,0,0,0,0,2,1,0,N ILLINOIS,N ILLINOIS,3,,,,,,,
145855,Cade Haberman,DI,0,0,,2025,254,,58.9,64.3,D51,0,0,1,0,5,0,0,0,0,0,N ILLINOIS,N ILLINOIS,5,58.9,,,,,,
145856,Kanon Woodill,K,0,0,,2025,254,,60,63.5,S92,0,0,1,5,0,0,0,0,0,0,N ILLINOIS,N ILLINOIS,5,,,,,59.6,,
145863,Muhammed Jammeh,S,0,0,,2026,254,,61.6,64.8,D06,0,0,1,0,3,4,0,0,2,0,N ILLINOIS,N ILLINOIS,9,60,,,,,,
145869,Isaiah Bragg,CB,0,0,,2026,254,,60.8,68.1,D19,0,0,1,0,0,4,1,2,0,0,N ILLINOIS,N ILLINOIS,7,,59.9,,,,,
145870,George Gumbs Jr.,ED,0,0,2026,2026,163,,61.5,66.9,D34,0,0,1,0,1,0,1,3,4,0,FLORIDA,FLORIDA,9,59.9,,,,,,
145873,Javaughn Byrd,CB,0,0,,2025,254,,60.3,66,D02,0,0,1,0,5,0,0,0,0,0,N ILLINOIS,N ILLINOIS,5,59.7,,,,,,
145877,Shay Taylor,LB,0,0,,2026,259,,60,60.6,D35,0,0,1,0,1,0,0,0,1,0,OHIO,OHIO,2,60,,,,,,
145880,Nolan McCormick,HB,0,0,,2025,259,,44.4,26.8,21,0,1,1,0,0,0,4,5,0,0,OHIO,OHIO,9,,,,,,,
145884,Bradley Weaver,ED,0,0,,2026,259,,60.3,64.7,D94,0,0,1,0,2,0,0,0,2,0,OHIO,OHIO,4,59.5,,,,,,
145885,Bryce Butler,TE,0,0,,2026,259,60,72,67.6,14,0,0,1,5,0,0,5,5,3,0,OHIO,OHIO,18,,,,,,,
145888,Davion Weatherspoon,T,0,0,,2027,259,60.3,61.7,66.8,51,0,0,1,5,0,0,0,0,0,0,OHIO,OHIO,5,,,,,,,
145893,Jake Skelly,T,0,0,,2026,259,60,61.4,67.3,65,0,0,1,5,0,0,0,0,0,0,OHIO,OHIO,5,,,,,,,
145897,Bralen Henderson,DI,0,0,,2026,259,,59.3,64.2,D81,0,0,1,0,3,0,0,0,1,0,OHIO,OHIO,4,58.8,,,,,,
145905,Connor Jones,TE,0,0,,2026,316,60,61.5,60.9,34,0,0,1,7,0,0,0,0,0,0,TOLEDO,TOLEDO,7,,,,,,,
145914,Esean Carter,DI,0,0,,2027,316,,60,64.1,D90,0,0,1,0,0,0,0,0,0,0,TOLEDO,TOLEDO,0,,,,,,,
145918,Damon Ollison II,LB,0,0,,2028,316,,52.9,68.4,D37,0,0,1,0,0,6,6,6,0,0,TOLEDO,TOLEDO,18,,,,,,,
145923,Mareyohn Hrabowski,TE,0,0,,2026,347,,59.8,65.9,07,0,0,1,0,0,1,0,4,0,0,W MICHIGAN,W MICHIGAN,5,,,,,,,
145927,Mason Nelson,DI,0,0,,2026,347,,59,63.4,D54,0,0,1,0,5,0,0,0,0,0,W MICHIGAN,W MICHIGAN,5,59,,,,,,
145931,Kadinn Morris,TE,0,0,,2026,347,60,84.7,68,84,0,0,1,5,0,0,6,0,0,0,W MICHIGAN,W MICHIGAN,11,,,,,,,
145933,Zahir Abdus-Salaam,HB,0,0,,2025,347,,73.8,66.1,10,0,0,1,0,0,0,6,0,0,0,W MICHIGAN,W MICHIGAN,6,,,,,,,
145935,John Hofer,G,0,0,,2026,347,60.8,61.6,62.1,51,0,0,1,5,0,0,0,0,0,0,W MICHIGAN,W MICHIGAN,5,,,,,,,
145943,Tyson Lee,ED,0,0,,2026,347,,60.5,65.2,D58,0,0,1,0,5,0,0,0,0,0,W MICHIGAN,W MICHIGAN,5,60.2,,,,,,
145950,Aaron Wofford,S,0,0,,2026,347,,59.9,60,D05,0,0,1,0,3,0,0,0,0,0,W MICHIGAN,W MICHIGAN,3,59.8,,,,,,
145975,Luke Voorhees,TE,0,0,,2026,120,60,60.7,63.6,96,0,0,1,4,0,0,5,0,0,0,BOISE ST,BOISE ST,9,,,,,,,
145978,Andrew Simpson,LB,0,0,,2026,120,,60,62,D10,0,0,1,0,5,0,0,0,0,0,BOISE ST,BOISE ST,5,59.9,,,,,,
145984,Seyi Oladipo Jr.,S,0,0,,2025,120,,33.3,26,D23,0,2,1,0,4,3,0,4,1,0,BOISE ST,BOISE ST,12,60.1,,,,,,
145985,Will Ferrin,K,0,0,2026,2026,128,,60.5,68.2,S44,0,0,1,6,0,7,0,0,0,0,BYU,BYU,13,,,,,78.1,70.2,
145990,Ahmed Hassanein,ED,0,0,2025,2025,120,,60.6,64.1,D91,0,0,1,0,4,0,0,0,1,0,BOISE ST,BOISE ST,5,59.9,,,,,,
145992,Matt Lauter,TE,0,0,2026,2026,120,,60.3,64,85,0,0,1,0,0,0,0,4,0,0,BOISE ST,BOISE ST,4,,,,,,,
145993,Mason Hutton,LS,0,0,,2026,120,60,61.6,63.7,S42,0,0,1,4,0,0,0,4,0,0,BOISE ST,BOISE ST,8,,,63.3,,,,
145997,Zion Washington,S,0,0,2026,2026,120,,60,62.5,D21,0,0,1,0,1,0,0,0,1,0,BOISE ST,BOISE ST,2,60,,,,,,
146008,Tanner Arkin,TE,0,0,2026,2026,187,60,60.7,64.4,85,0,0,1,3,0,0,4,3,0,0,ILLINOIS,ILLINOIS,10,,,,,,,
146012,Mukendi Wa-Kalonji,ED,0,0,,2027,144,,59.8,64.5,D92,0,0,1,0,4,0,0,0,0,0,COLO STATE,COLO STATE,4,59.5,,,,,,
146020,Jack Howell,S,0,0,,2025,144,,60.7,69.1,D17,0,0,1,0,7,0,0,0,0,0,COLO STATE,COLO STATE,7,60.1,,,,,,
146027,Jake Boust,TE,0,0,,2025,169,60,51.3,67.4,86,0,1,1,5,0,3,4,3,2,0,FRESNO ST,FRESNO ST,17,,,,,,,
146042,Al'zillion Hamilton,CB,0,0,2026,2026,169,,60.2,66,D03,0,0,1,0,5,0,0,0,0,0,FRESNO ST,FRESNO ST,5,59.7,,,,,,
146048,Zeke Branham,LB,0,0,,2026,169,,73.9,66.8,D19,0,0,1,0,0,3,4,0,0,0,FRESNO ST,FRESNO ST,7,,,,,,,
146050,Braylen Nelson,T,0,0,,2025,169,,59.8,64.6,75,0,0,1,0,5,0,0,0,0,0,FRESNO ST,FRESNO ST,5,59.5,,,,,,
146053,Johnathan Arceneaux,HB,0,0,,2026,169,,60.5,67.7,29,0,0,1,0,0,1,0,0,1,0,FRESNO ST,FRESNO ST,2,,,,,,,
146058,Tru Edwards,WR,0,0,2025,2025,208,,74.4,64.8,16,0,0,1,0,0,1,5,0,0,0,LA TECH,LA TECH,6,,,,,,,
146062,Kyler Halvorsen,K,0,0,,2025,285,,60.4,67.7,S11,1,0,1,7,0,6,0,0,0,0,S JOSE ST,S JOSE ST,13,,,,,71.2,62.1,
146104,Jaden Phillips,ED,0,0,,2025,281,,59.8,62.4,D55,0,0,1,0,1,0,0,0,0,0,SM HOUSTON,SM HOUSTON,1,59.6,,,,,,
146160,Zyrus Fiaseu,LB,0,0,,2027,110,,72.8,68.9,D30,0,0,1,0,2,5,0,4,1,1,ARIZONA ST,ARIZONA ST,12,60,,,,,,
146163,Cameron Harpole,TE,0,0,,2026,110,60,61.7,66.9,85,0,0,1,4,0,5,6,0,2,0,ARIZONA ST,ARIZONA ST,17,,,,,,,
146166,CJ Baskerville,S,0,0,,2025,315,,61.4,66.5,D09,0,0,1,0,7,0,0,0,1,0,TEXAS TECH,TEXAS TECH,8,60.1,,,,,,
146175,Jalen Apalit-Williams,S,1,0,,2026,285,,75.7,67.9,D07,1,0,1,0,0,6,2,2,7,1,S JOSE ST,S JOSE ST,17,,,,,,,
146176,Jalen Bainer,CB,0,0,,2026,285,,60.9,66.7,D15,0,0,1,0,7,6,0,0,0,0,S JOSE ST,S JOSE ST,13,59.7,,,,,,
146177,Nate Lewis,ED,0,0,,2027,285,,71.8,69.9,D99,0,0,1,0,0,0,6,6,7,0,S JOSE ST,S JOSE ST,19,,,,,,,
146183,Taren Schive,K,0,0,,2025,120,,60,67,S39,0,0,1,0,0,3,0,0,0,0,BOISE ST,BOISE ST,3,,,,,,69.1,
146185,Fernando Carmona,T,0,0,2026,2026,111,60,61.8,66.8,55,0,0,1,7,0,0,0,0,0,0,ARKANSAS,ARKANSAS,7,,,,,,,
146196,Anthony Rosas,G,0,0,,2026,325,60,60.8,62.7,54,0,0,1,4,0,0,0,0,0,0,UNLV,UNLV,4,,,,,,,
146206,Cameron Oliver,CB,0,0,,2025,325,,59.4,69.7,D05,0,0,1,0,1,0,0,9,0,0,UNLV,UNLV,10,60,,,,,,
146207,Tyray O'Dell,LB,0,0,,2025,325,,70.4,70.7,D34,0,0,1,0,0,5,4,4,6,1,UNLV,UNLV,19,,,,,,,
146212,Marsel McDuffie,LB,0,0,,2026,325,,59.9,64.1,D08,0,0,1,0,3,0,1,0,0,0,UNLV,UNLV,4,59.6,,,,,,
146214,Johnathan Baldwin,CB,0,0,2025,2025,325,,58.9,66.6,D03,0,0,1,0,4,0,0,9,0,0,UNLV,UNLV,13,59.9,,,,,,
146264,Evan Branch-Haynes,DI,0,0,,2026,122,,59.1,63.1,D55,0,0,1,0,2,0,0,0,0,0,BOWL GREEN,BOWL GREEN,2,59,,,,,,
146269,George Hart III,HB,0,0,,2026,346,,60.5,70.7,09,0,0,1,0,0,0,6,5,2,0,W KENTUCKY,W KENTUCKY,13,,,,,,,
146277,B.J. Green II,ED,0,0,2025,2025,143,,59.9,64.6,D35,0,0,1,0,6,0,0,0,0,0,COLORADO,COLORADO,6,59.6,,,,,,
146280,Eric Gentry,LB,0,0,2026,2026,326,,61.1,68.7,D18,0,0,1,0,3,0,0,0,2,0,USC,USC,5,59.7,,,,,,
146281,Gharin Stansbury,ED,0,0,,2027,196,,59.8,62.4,D91,0,0,1,0,1,0,0,0,0,0,JVILLE ST,JVILLE ST,1,59.6,,,,,,
146282,Eddie Czaplicki,P,0,0,2025,2025,326,60,60.4,66.2,S16,0,0,1,2,0,0,0,4,0,0,USC,USC,6,,,,,,,65
146283,John Ferlmann,LS,0,0,,2026,260,64.9,66.1,63.5,S43,0,0,1,7,0,0,0,5,0,0,OHIO STATE,OHIO STATE,12,,,80.7,,,,
146291,Keleki Latu,TE,0,0,2025,2025,340,60,61.2,62.5,85,0,0,1,4,0,1,0,0,0,0,WASHINGTON,WASHINGTON,5,,,,,,,
146294,Bastian Swinney,G,0,0,,2027,130,,60,61.8,76,0,0,1,0,0,0,0,1,0,0,CAL,CAL,1,,,,,,,
146296,Lu-Magia Hearns III,CB,0,0,,2025,130,,61.9,71,D21,0,0,1,0,3,3,5,1,6,0,CAL,CAL,18,60,,,,,,
146299,Hunter Barth,LB,0,0,,2026,130,,61.2,66.2,D31,0,0,1,0,3,4,0,6,3,0,CAL,CAL,16,60,,,,,,
146300,Jeffrey Johnson,TE,0,0,,2026,130,,64.4,67.9,86,0,0,1,0,0,4,0,0,0,0,CAL,CAL,4,,,,,,,
146306,Kaleb Elarms-Orr,LB,0,0,2026,2026,305,,61.7,66.7,D03,0,0,1,0,1,3,2,0,1,0,TCU,TCU,7,60,,,,,,
146310,Derek Wilkins,DI,0,0,,2027,130,,60.2,64.3,D96,0,0,1,0,1,0,0,0,1,0,CAL,CAL,2,59.6,,,,,,
146311,Jake Arguello,LS,0,0,,2025,130,60,61.1,63.7,S47,1,0,1,4,0,0,0,6,0,1,CAL,CAL,10,,,59.5,,,,
146314,Charlie Offerdahl,HB,0,0,,2026,143,,60,66.1,44,0,0,1,0,0,1,7,4,0,0,COLORADO,COLORADO,12,,,,,,,
146318,Austin Smith,TE,0,0,,2026,281,60,61.5,65.2,12,0,0,1,5,0,0,5,0,0,0,SM HOUSTON,SM HOUSTON,10,,,,,,,
146415,Josiah Zamora,WR,0,0,,2026,326,,60,66.1,44,0,0,1,0,0,0,6,0,0,0,USC,USC,6,,59.4,,,,,
146418,Lake McRee,TE,0,0,2026,2026,326,60,61.3,61.5,87,0,0,1,6,0,0,0,0,0,0,USC,USC,6,,,,,,,
146420,Anthony Beavers,S,0,0,,2028,326,,61.9,67.9,D15,0,0,1,0,0,6,6,0,2,0,USC,USC,14,,,,,,,
146421,Prophet Brown,CB,0,0,,2027,326,,66.7,67.6,D16,0,0,1,0,6,6,0,0,2,1,USC,USC,14,59.8,,,,,,
146425,Xamarion Gordon,S,0,0,,2026,141,,68.4,71.3,D06,0,0,1,0,2,0,9,7,0,1,COAST CAR,COAST CAR,18,60,,,,,,
146438,Koli Faaiu,C,0,0,,2026,312,62,61.9,62.2,61,0,0,1,6,0,0,0,0,0,0,TEXAS A&M,TEXAS A&M,6,,,,,,,
146477,Davon Banks,CB,0,0,,2026,120,,61.2,64.9,D20,0,0,1,0,1,3,0,0,0,0,BOISE ST,BOISE ST,4,60,,,,,,
146479,Dyson McCutcheon,CB,0,0,,2027,340,,67.3,62.8,D21,0,0,1,0,2,0,0,0,3,0,WASHINGTON,WASHINGTON,5,59.9,,,,,,
146484,Milton Hopkins Jr.,ED,0,0,,2026,340,60,60.8,61.3,D14,0,0,1,4,0,0,0,0,0,0,WASHINGTON,WASHINGTON,4,,,,,,,
146486,Jake Jennings,ED,0,0,,2026,340,,49.2,66.9,D88,0,0,1,0,0,5,6,0,0,0,WASHINGTON,WASHINGTON,11,,,,,,,
146487,Voi Tunuufi,ED,0,0,,2025,340,,60.6,65.2,D52,0,0,1,0,4,0,0,0,2,0,WASHINGTON,WASHINGTON,6,59.5,,,,,,
146496,Leon Neal Jr.,WR,0,0,,2026,341,,87.7,69.8,12,0,0,1,0,0,6,9,0,2,0,WASH STATE,WASH STATE,17,,,,,,,
146499,Jernias Tafia,DI,0,0,,2026,144,,59.4,62.6,D49,0,0,1,0,2,0,0,0,0,0,COLO STATE,COLO STATE,2,59.3,,,,,,
146501,Christian Hilborn,G,0,0,,2026,341,60.5,61.8,66.8,61,0,0,1,7,0,0,0,0,0,0,WASH STATE,WASH STATE,7,,,,,,,
146507,Joshua Meredith,WR,0,0,,2026,341,,66.6,65.5,18,0,0,1,0,0,0,0,0,2,0,WASH STATE,WASH STATE,2,,,,,,,
146517,Raam Stevenson,ED,0,0,,2026,341,,59.6,63.1,D45,0,0,1,0,4,0,0,0,0,0,WASH STATE,WASH STATE,4,59.5,,,,,,
146521,Kiko Mauigoa,LB,0,0,2025,2025,220,,61.5,66.2,D01,0,0,1,0,5,5,0,1,1,0,MIAMI FL,MIAMI FL,12,59.8,,,,,,
146529,Andrew Edson,ED,0,0,,2025,341,,59.1,63.7,D95,0,0,1,0,4,0,0,1,0,0,WASH STATE,WASH STATE,5,59,,,,,,
146538,Bram Walden,T,0,0,,2025,110,60,60.2,65.8,75,0,0,1,2,0,0,0,0,0,0,ARIZONA ST,ARIZONA ST,2,,,,,,,
146540,Charlie Pickard,C,0,0,,2026,264,60,60.7,65.3,70,0,0,1,1,0,0,0,8,0,0,OREGON,OREGON,9,,,,,,,
146541,Cristiano Palazzo,K,0,0,,2026,143,,60,66,S98,0,0,1,0,0,2,0,0,0,1,COLORADO,COLORADO,2,,,,,,65.8,
146552,Jeffrey Bassa,LB,0,0,2025,2025,264,,60.2,69.2,D02,0,0,1,0,6,0,8,8,1,0,OREGON,OREGON,23,60,,,,,,
146553,Jonah Miller,G,0,0,,2027,331,60,61.6,63.2,78,0,0,1,8,0,0,0,0,0,0,UTSA,UTSA,8,,,,,,,
146557,Keith Brown,LB,0,0,,2027,341,,58.3,68.7,D21,0,0,1,0,3,6,9,1,0,0,WASH STATE,WASH STATE,19,60,,,,,,
146559,Luke Basso,LS,0,0,2026,2026,264,60,66.8,64,S43,0,0,1,1,0,0,0,8,0,0,OREGON,OREGON,9,,,84.1,,,,
146564,Terrell Tilmon,ED,0,0,,2026,315,,56.7,70.9,D45,0,0,1,0,0,0,8,0,1,0,TEXAS TECH,TEXAS TECH,9,,,,,,,
146586,James Burnip,P,0,0,2025,2025,103,60,60.6,66,S86,0,0,1,3,0,0,0,4,0,0,ALABAMA,ALABAMA,7,,,,,,,67.5
146594,Robbie Ouzts,TE,0,0,2025,2025,103,60,60.3,66.9,45,0,0,1,3,0,0,6,4,0,0,ALABAMA,ALABAMA,13,,,,,,,
146609,Ian Jackson,LB,0,0,,2026,331,,53.4,69.3,D24,0,0,1,0,0,9,0,0,6,0,UTSA,UTSA,15,,,,,,,
146613,Colin Bryant,LB,0,0,,2026,289,,57.6,69.4,D45,0,0,1,0,0,4,4,2,2,0,S CAROLINA,S CAROLINA,12,,,,,,,
146616,Monkell Goodwine,DI,0,0,2026,2026,289,,59.5,63.9,D44,0,0,1,0,3,0,0,0,1,0,S CAROLINA,S CAROLINA,4,59.4,,,,,,
146617,Tim Keenan III,DI,0,0,2026,2026,103,,59.3,63.5,D96,0,0,1,0,5,0,0,0,0,0,ALABAMA,ALABAMA,5,59.2,,,,,,
146618,Kneeland Hibbett,LS,0,0,2025,2025,103,60,65.1,63.2,S48,0,0,1,3,0,0,0,4,0,0,ALABAMA,ALABAMA,7,,,80.4,,,,
146619,Carter Short,LS,0,0,,2026,226,64.9,64.5,62.7,S93,0,0,1,7,0,0,0,2,0,0,OLE MISS,OLE MISS,9,,,76.6,,,,
146627,Bryce Stephens,WR,0,0,,2025,111,,60,66.5,14,0,0,1,0,0,0,0,2,4,0,ARKANSAS,ARKANSAS,6,,,,63.1,,,
146634,Josh Street,T,0,0,,2025,111,63.1,62,63.3,67,0,0,1,7,0,0,0,4,0,0,ARKANSAS,ARKANSAS,11,,,,,,,
146643,Jayden Johnson,S,0,0,,2025,111,,61.1,66.9,D08,0,0,1,0,4,8,6,1,1,0,ARKANSAS,ARKANSAS,20,60,,,,,,
146644,Cameron Ball,DI,0,0,2026,2026,111,60,60.4,64.9,D05,0,0,1,7,4,0,0,0,1,0,ARKANSAS,ARKANSAS,12,58.8,,,,,,
146674,Ahmari Harvey,CB,0,0,2026,2026,176,,31.2,25.4,D03,0,1,1,0,4,0,0,0,1,0,GA TECH,GA TECH,5,59.7,,,,,,
146690,Cahron Rackley,S,0,0,,2026,163,,60,64.1,D32,0,0,1,0,0,0,0,0,1,0,FLORIDA,FLORIDA,1,,,,,,,
146692,Austin Barber,T,0,0,2026,2026,163,60.7,62,68.9,58,0,0,1,7,0,0,0,0,0,0,FLORIDA,FLORIDA,7,,,,,,,
146694,Yousef Mugharbil,G,0,0,,2027,248,60,61.4,63.1,71,0,0,1,4,0,0,0,0,0,0,NC STATE,NC STATE,4,,,,,,,
146700,Donovan McMillon,S,0,0,2025,2025,268,,61,76.7,D03,0,0,1,0,7,0,0,1,0,0,PITTSBURGH,PITTSBURGH,8,60,,,,,,
146703,Desmond Watson,DI,0,0,2025,2025,163,,60,69.4,D21,0,0,1,0,0,0,0,0,2,0,FLORIDA,FLORIDA,2,,,,,,,
146707,Chief Borders,ED,0,0,,2026,268,,68.2,67,D14,0,0,1,0,6,0,6,0,3,0,PITTSBURGH,PITTSBURGH,15,59.7,,,,,,
146710,Rocco Underwood,LS,0,0,2026,2026,163,64.9,65.1,63,S42,0,0,1,7,0,0,0,3,0,0,FLORIDA,FLORIDA,10,,,78.3,,,,
146714,Jackson Meeks,WR,0,0,2025,2025,304,,59.8,64.4,07,0,0,1,0,0,0,0,2,0,0,SYRACUSE,SYRACUSE,2,,,,,,,
146716,Dylan Fairchild,G,0,0,2025,2025,173,60,60.6,61.5,53,0,0,1,2,0,0,0,0,0,0,GEORGIA,GEORGIA,2,,,,,,,
146718,Micah Morris,G,0,0,2026,2026,173,60,60.5,64.8,56,0,0,1,2,0,0,0,0,0,0,GEORGIA,GEORGIA,2,,,,,,,
146724,Xavian Sorey Jr.,LB,0,0,2026,2026,111,,60,64.8,D10,0,0,1,0,0,0,1,0,0,0,ARKANSAS,ARKANSAS,1,,,,,,,
146725,Smael Mondon Jr.,LB,0,0,2025,2025,173,,72.5,65.5,D02,0,0,1,0,5,0,0,5,1,1,GEORGIA,GEORGIA,11,59.9,,,,,,
146728,Chaz Chambliss,ED,0,0,2025,2025,173,60,61.1,68.5,D32,0,0,1,2,5,0,6,5,5,0,GEORGIA,GEORGIA,23,60.1,,,,,,
146742,David Wohlabaugh Jr.,T,0,0,,2026,304,60,60.8,62.7,79,0,0,1,4,0,0,0,0,0,0,SYRACUSE,SYRACUSE,4,,,,,,,
146767,Kimo Makane'ole,DI,0,0,,2026,211,63.4,62.4,67.9,D56,0,0,1,8,0,0,0,0,0,0,LSU,LSU,8,,,,,,,
146780,Greg Penn III,LB,0,0,,2025,211,,60.2,63.7,D18,0,0,1,0,5,0,0,0,0,0,LSU,LSU,5,59.9,,,,,,
146782,Sai'vion Jones,ED,0,0,2025,2025,211,60.6,61.9,64.6,D35,0,0,1,8,3,0,0,2,2,0,LSU,LSU,15,59.6,,,,,,
146796,Peyton Todd,P,0,0,,2026,211,60,60.8,62.4,S38,0,0,1,8,0,0,0,1,0,0,LSU,LSU,9,,,,,,,60
146822,Trey Washington,S,0,0,2025,2025,226,,61,66.3,D25,0,0,1,0,3,0,3,0,3,0,OLE MISS,OLE MISS,9,60,,,,,,
146823,Tysheem Johnson,S,0,0,2025,2025,264,,59.7,67.8,D00,0,0,1,0,7,1,0,8,0,0,OREGON,OREGON,16,60.2,,,,,,
146826,Richard O'Bryant,CB,0,0,,2026,226,,61.8,67.9,D17,0,0,1,0,0,8,3,0,1,0,OLE MISS,OLE MISS,12,,,,,,,
146859,Eldric Griffin,S,0,0,,2026,206,,60.6,63.9,D02,0,0,1,0,6,2,0,0,0,0,LIBERTY,LIBERTY,8,60,,,,,,
146864,Marshall Nichols,P,0,0,,2026,325,60,61.1,68,S90,0,0,1,4,0,0,0,9,0,0,UNLV,UNLV,13,,,,,,,53.6
146865,Rex Robich,LS,0,0,,2026,346,60,65.7,63.5,S55,0,0,1,3,0,0,0,5,0,0,W KENTUCKY,W KENTUCKY,8,,,81.5,,,,
146872,Dominic Lovett,WR,0,0,2025,2025,173,,50.2,67.9,06,1,0,1,0,0,0,0,5,0,0,GEORGIA,GEORGIA,5,,,,,,,
146885,Daylan Carnell,S,0,0,2026,2026,229,,62,63.2,D13,0,0,1,0,3,0,0,0,5,0,MISSOURI,MISSOURI,8,60,,,,,,
146889,Zachary Lovett,LB,0,0,,2026,193,,61.9,65.6,D00,0,0,1,0,4,6,0,0,0,0,IOWA STATE,IOWA STATE,10,60,,,,,,
146892,Darius Jackson,S,0,0,,2027,314,,69.2,67.7,D05,0,0,1,0,0,7,0,0,1,1,TEXAS ST,TEXAS ST,8,,,,,,,
146893,Arden Walker,ED,0,0,2026,2026,143,,59.3,66.2,D53,0,0,1,0,5,0,0,4,0,0,COLORADO,COLORADO,9,59.5,,,,,,
146897,Jack Stonehouse,P,0,0,2026,2026,304,60,60.9,64.6,S41,0,1,1,7,0,0,0,2,0,0,SYRACUSE,SYRACUSE,9,,,,,,,61
146901,Debo Williams,LB,0,0,,2025,289,,60.4,63.5,D00,0,0,1,0,3,0,0,0,1,0,S CAROLINA,S CAROLINA,4,59.8,,,,,,
146905,King-Demenian Ford,S,0,0,,2025,289,,79.2,69.7,D27,0,0,1,0,3,4,4,2,3,1,S CAROLINA,S CAROLINA,16,60,,,,,,
146909,Juju McDowell,HB,0,0,,2025,289,,60.2,62.9,00,0,0,1,0,0,0,4,0,2,0,S CAROLINA,S CAROLINA,6,,59.4,,60,,,
146922,Ronnie Porter,LB,0,0,,2026,289,,60.3,65.7,D41,0,0,1,0,0,0,4,2,0,0,S CAROLINA,S CAROLINA,6,,,,,,,
146924,Andrew Colasurdo,LB,0,0,,2026,289,,68.2,64.5,D28,0,0,1,0,0,4,0,0,0,1,S CAROLINA,S CAROLINA,4,,,,,,,
146926,Nick Barrett,DI,0,0,2026,2026,289,,60.8,65,D93,0,0,1,0,3,0,0,0,1,0,S CAROLINA,S CAROLINA,4,60.1,,,,,,
146960,Delfin Xavier Castillo,C,0,0,,2025,333,60.3,61.7,66.8,64,0,0,1,5,0,0,0,0,0,0,VANDERBILT,VANDERBILT,5,,,,,,,
146961,Charlie Clark,T,0,0,,2026,333,60,61.5,68.4,73,0,0,1,5,0,0,0,0,0,0,VANDERBILT,VANDERBILT,5,,,,,,,
146963,Gage Pitchford,G,0,0,,2026,333,60.8,61.6,62.1,71,0,0,1,5,0,0,0,0,0,0,VANDERBILT,VANDERBILT,5,,,,,,,
146965,Quincy Skinner Jr.,WR,0,0,2025,2025,333,,60.1,64.8,03,0,0,1,0,0,0,2,0,0,0,VANDERBILT,VANDERBILT,2,,,,,,,
146967,Miles Capers,ED,0,0,,2027,333,,59.7,63,D29,0,0,1,0,5,0,0,0,0,0,VANDERBILT,VANDERBILT,5,59.6,,,,,,
146968,Marlen Sewell,S,1,0,2026,2026,333,,68.2,65.9,D07,0,0,1,0,0,6,0,0,3,0,VANDERBILT,VANDERBILT,9,,,,,,,
146969,Tyson Russell,CB,0,0,2025,2025,333,,54.9,68.7,D08,0,0,1,0,4,4,0,4,3,0,VANDERBILT,VANDERBILT,15,60,,,,,,
146971,Alan Wright,CB,0,0,,2026,333,,60.8,68.8,D36,0,0,1,0,0,0,0,0,3,0,VANDERBILT,VANDERBILT,3,,,,,,,
146972,CJ Taylor,S,0,0,,2025,333,,61.2,67.3,D01,0,0,1,0,5,4,2,0,0,0,VANDERBILT,VANDERBILT,11,60,,,,,,
146975,Devin Lee,DI,0,0,,2026,333,,59.8,62,D99,0,0,1,0,1,0,0,0,0,0,VANDERBILT,VANDERBILT,1,59.6,,,,,,
146977,Marcus Bradley,ED,0,0,,2026,113,,92.7,63.8,D01,0,0,1,0,4,0,0,0,0,0,ARK STATE,ARK STATE,4,90.9,,,,,,
146983,Randy Bond,K,0,0,,2026,312,,60.4,67.8,S47,0,0,1,6,0,6,0,0,0,1,TEXAS A&M,TEXAS A&M,12,,,,,58.8,68.5,
146990,Dametrious Crownover,T,0,0,2026,2026,312,60,61.6,67,78,0,0,1,6,0,0,0,0,0,0,TEXAS A&M,TEXAS A&M,6,,,,,,,
146992,Reuben Fatheree II,T,0,0,,2026,312,60,61.2,61.6,76,0,0,1,6,0,0,0,0,0,0,TEXAS A&M,TEXAS A&M,6,,,,,,,
146996,Fernando Garza III,TE,0,0,,2026,281,60,55.2,64.2,89,0,0,1,5,0,0,4,0,0,0,SM HOUSTON,SM HOUSTON,9,,,,,,,
146997,Jardin Gilbert,S,0,0,,2027,211,,60,61.7,D02,0,0,1,0,3,0,0,0,1,0,LSU,LSU,4,60,,,,,,
147001,Elijah Jeudy,DI,0,0,,2026,238,,59.2,62.7,D16,0,0,1,0,2,0,0,0,0,0,NEBRASKA,NEBRASKA,2,59.1,,,,,,
147007,Drey Norwood,CB,0,0,2026,2026,229,,47.2,64.8,D12,0,0,1,0,2,2,0,0,0,0,MISSOURI,MISSOURI,4,60,,,,,,
147009,Albert Regis,DI,0,0,2026,2026,312,,59.4,63.7,D17,0,0,1,0,5,0,0,4,0,0,TEXAS A&M,TEXAS A&M,9,59,,,,,,
147013,Eli Stowers,TE,0,0,2026,2026,333,,59.9,63.8,09,0,0,1,0,0,0,2,0,0,0,VANDERBILT,VANDERBILT,2,,,,,,,
147014,Remington Strickland,G,0,0,,2026,305,60,61.3,63.2,55,0,0,1,6,0,0,0,3,0,0,TCU,TCU,9,,,,,,,
147019,Trey Zuhn III,T,0,0,2026,2026,312,60.2,61.7,68.3,60,0,0,1,6,0,0,0,0,0,0,TEXAS A&M,TEXAS A&M,6,,,,,,,
147045,Emmanual Stevenson,TE,0,0,,2025,113,60,61.4,60.6,12,0,0,1,7,0,0,0,0,0,0,ARK STATE,ARK STATE,7,,,,,,,
147050,Reagan Ealy,WR,0,0,,2025,113,,60,65.9,15,0,0,1,0,0,0,6,0,0,0,ARK STATE,ARK STATE,6,,,,,,,
147054,Noah Smith,T,0,0,,2026,113,60,61.4,63.3,65,0,0,1,7,0,0,0,0,0,0,ARK STATE,ARK STATE,7,,,,,,,
147056,Mehki Butler,G,0,0,2025,2025,113,63.1,62.1,62.3,71,0,0,1,7,0,0,0,0,0,0,ARK STATE,ARK STATE,7,,,,,,,
147066,Justin Parks,LB,0,0,,2025,113,,72.4,66.5,D29,0,0,1,0,8,0,1,3,0,1,ARK STATE,ARK STATE,12,60.1,,,,,,
147068,Cam Jeffery,LB,0,0,,2025,113,,42.2,68,D33,0,1,1,0,0,7,6,3,0,0,ARK STATE,ARK STATE,16,,,,,,,
147069,Andrew Agapos,LB,0,0,,2026,113,,70.4,65.5,D30,0,0,1,0,0,0,6,0,0,0,ARK STATE,ARK STATE,6,,,,,,,
147074,Tim Hardiman,DI,0,0,,2026,113,,59.5,62.9,D90,0,0,1,0,4,0,0,0,0,0,ARK STATE,ARK STATE,4,59.4,,,,,,
147078,Shai Kochav,LS,0,0,,2026,210,61.6,58.6,63.6,S48,0,0,1,5,0,0,0,6,0,0,LOUISVILLE,LOUISVILLE,11,,,81.9,,,,
147087,Anthony Walton,G,0,0,,2026,141,60,60,63.4,73,0,0,1,1,0,0,0,0,0,0,COAST CAR,COAST CAR,1,,,,,,,
147090,Jameson Tucker,WR,0,0,,2026,141,,60,64.6,08,0,0,1,0,0,0,0,0,2,0,COAST CAR,COAST CAR,2,,,,,,,
147094,Tobias Fletcher,S,0,0,,2025,141,,60.3,63.8,D04,0,0,1,0,7,0,0,0,0,0,COAST CAR,COAST CAR,7,60,,,,,,
147099,Joah Cash,ED,0,0,,2026,141,,60.3,64.9,D36,0,0,1,0,3,0,0,0,1,0,COAST CAR,COAST CAR,4,59.5,,,,,,
147103,Travis Nesbitt,DI,0,0,,2026,141,,59.6,61.6,D98,0,0,1,0,1,0,0,0,0,0,COAST CAR,COAST CAR,1,59.3,,,,,,
147104,Liam Gray,K,0,0,,2025,141,,60,67,S31,0,0,1,0,0,3,0,0,0,0,COAST CAR,COAST CAR,3,,,,,,65.2,
147105,Kade Hensley,K,0,0,,2026,141,,60,61.7,S25,0,0,1,1,0,0,0,0,0,0,COAST CAR,COAST CAR,1,,,,,60,,
147107,Mack West,P,0,0,,2026,141,60,60,60.2,S95,0,0,1,1,0,0,0,0,0,0,COAST CAR,COAST CAR,1,,,,,,,
147111,Derwin Burgess Jr.,WR,0,0,,2025,174,,60,63.7,02,0,0,1,0,0,1,0,0,0,0,GA SOUTHRN,GA SOUTHRN,1,,,,,,,
147118,Caleb Cook,G,0,0,,2027,174,60,61.4,62,78,0,0,1,4,0,0,0,0,0,0,GA SOUTHRN,GA SOUTHRN,4,,,,,,,
147120,Evan Lester,TE,0,0,,2025,174,60,70.8,66,87,0,0,1,4,0,0,6,4,0,0,GA SOUTHRN,GA SOUTHRN,14,,,,,,,
147126,Justin Meyers,S,0,0,,2026,174,,60.1,61.4,D09,0,0,1,0,5,0,0,0,0,0,GA SOUTHRN,GA SOUTHRN,5,60.1,,,,,,
147130,Davion Rhodes,ED,0,0,,2027,174,,59.2,70.3,D91,0,0,1,0,4,0,0,0,7,0,GA SOUTHRN,GA SOUTHRN,11,59.5,,,,,,
147141,Montrell Johnson Jr.,HB,0,0,2025,2025,163,,60,63.4,01,0,0,1,0,0,0,2,0,0,0,FLORIDA,FLORIDA,2,,,,,,,
147144,Terrence Williams,LB,0,0,,2026,207,60,58.9,69.4,D06,0,0,1,2,3,2,7,6,3,0,LA LAFAYET,LA LAFAYET,23,59.9,,,,,,
147151,Mackey Maillho,T,0,0,,2026,207,60,60.5,64.8,79,0,0,1,2,0,0,0,0,0,0,LA LAFAYET,LA LAFAYET,2,,,,,,,
147152,George Jackson,T,0,0,,2027,207,60,60.1,64.2,71,0,0,1,2,0,0,0,0,0,0,LA LAFAYET,LA LAFAYET,2,,,,,,,
147153,Kamryn Waites,G,0,0,,2026,163,63.1,62.1,62.3,75,0,0,1,7,0,0,0,0,0,0,FLORIDA,FLORIDA,7,,,,,,,
147155,Robert Williams,WR,0,0,,2026,207,,60.1,62.4,15,0,0,1,0,0,0,7,0,0,0,LA LAFAYET,LA LAFAYET,7,,57.7,,,,,
147158,K.C. Ossai,LB,0,0,2025,2025,207,,60.1,62,D08,0,0,1,0,6,0,0,0,0,0,LA LAFAYET,LA LAFAYET,6,60,,,,,,
147159,Tyrone Lewis Jr.,S,0,0,,2025,207,,60.1,61.6,D03,0,0,1,0,4,0,0,0,0,0,LA LAFAYET,LA LAFAYET,4,60,,,,,,
147161,Jalen Clark,S,0,0,,2026,207,,59.8,65.3,D20,0,0,1,0,0,0,0,2,0,0,LA LAFAYET,LA LAFAYET,2,,,,,,,
147162,Key'Savalyn Barnes,S,0,0,,2026,207,,62.5,67.8,D27,0,0,1,0,2,2,0,0,3,0,LA LAFAYET,LA LAFAYET,7,60,,,,,,
147164,Cameron Whitfield,ED,0,0,,2026,207,,59.9,63.9,D19,0,0,1,0,6,0,0,0,0,0,LA LAFAYET,LA LAFAYET,6,59.7,,,,,,
147166,Jake St. Andre,LB,0,0,,2027,207,,66.7,67.7,D44,0,0,1,0,1,2,7,6,3,1,LA LAFAYET,LA LAFAYET,19,60,,,,,,
147173,Hunter Sims,LS,0,0,,2026,207,60,60.9,61.2,S40,0,0,1,2,0,0,0,0,0,0,LA LAFAYET,LA LAFAYET,2,,,67.6,,,,
147218,Ed Smith IV,DI,0,0,,2027,288,,60.3,65.7,D45,0,0,1,0,3,0,0,0,2,0,S ALABAMA,S ALABAMA,5,59.1,,,,,,
147243,Mason Shipley,K,0,0,2026,2026,314,,60,63.7,S36,0,0,1,6,0,0,0,0,0,0,TEXAS ST,TEXAS ST,6,,,,,71.7,,
147276,Zach Long,K,0,0,,2026,122,,60.5,67.7,S46,0,0,1,8,0,6,0,0,0,0,BOWL GREEN,BOWL GREEN,14,,,,,47.9,58.8,
147281,Montavious Cunningham,T,0,0,,2027,337,60,60.5,64.8,66,0,0,1,2,0,0,0,0,0,0,VA TECH,VA TECH,2,,,,,,,
147304,Simeon Evans,WR,0,0,,2026,281,,60,63,03,0,0,1,0,0,0,1,0,0,0,SM HOUSTON,SM HOUSTON,1,,,,,,,
147312,Cam Schurr,TE,0,0,,2025,114,,60.5,64.2,84,0,0,1,0,0,0,0,0,3,0,ARMY,ARMY,3,,,,,,,
147322,Will Jeffcoat,G,0,0,,2026,114,60,61.4,66.5,59,0,0,1,4,0,0,0,0,0,0,ARMY,ARMY,4,,,,,,,
147325,David Hoyt,T,0,0,,2025,114,60,61,63.5,70,0,0,1,4,0,0,0,0,0,0,ARMY,ARMY,4,,,,,,,
147328,Will Montesi,WR,0,0,,2025,114,60,60.9,64.1,86,0,0,1,4,0,0,3,0,0,0,ARMY,ARMY,7,,,,,,,
147329,Tommy Zitiello,LB,0,0,,2025,114,,60.5,66.1,D11,0,0,1,0,0,5,3,0,3,2,ARMY,ARMY,11,,,,,,,
147333,Chance Keith,LB,0,0,,2025,114,,60,61.1,D02,0,0,1,0,1,0,0,0,0,0,ARMY,ARMY,1,60,,,,,,
147337,Josiah Banks,S,0,0,,2025,114,,58.1,69.4,D25,1,0,1,0,1,5,0,0,3,1,ARMY,ARMY,9,60,,,,,,
147338,Max DiDomenico,S,0,0,,2025,114,,60,61.5,D06,0,0,1,0,2,0,0,0,0,0,ARMY,ARMY,2,60,,,,,,
147346,Brett Gerena,LB,0,0,,2025,114,,49.9,66,D36,0,0,1,0,1,5,0,0,3,0,ARMY,ARMY,9,60,,,,,,
147349,Damon Washington,CB,0,0,,2025,114,,60.9,66.3,D16,0,0,1,0,0,0,0,0,3,0,ARMY,ARMY,3,,,,,,,
147362,Trey Sofia,ED,0,0,,2025,114,60,60.1,62.2,D91,0,0,1,2,2,0,0,0,0,0,ARMY,ARMY,4,59.5,,,,,,
147367,Trey Gronotte,K,0,0,,2025,114,,60,66.3,S96,0,0,1,4,0,3,0,0,0,0,ARMY,ARMY,7,,,,,50.8,41.6,
147369,Matthew Rhodes,P,0,0,,2025,114,60,60.3,60.5,S99,0,0,1,4,0,0,0,0,0,0,ARMY,ARMY,4,,,,,,,
147370,Keelan Marion,WR,0,0,2026,2026,128,,59.9,64.3,17,0,0,1,0,0,0,3,0,0,0,BYU,BYU,3,,,,,,,
147382,Mason Raymer,G,0,0,,2025,146,61.5,62,67.6,60,0,0,1,6,0,0,0,0,0,0,UCONN,UCONN,6,,,,,,,
147384,Christopher Fortin,G,0,0,,2025,146,60,61.6,66.8,67,0,0,1,6,0,0,0,0,0,0,UCONN,UCONN,6,,,,,,,
147387,Robby Rochester,G,0,0,,2026,305,60,60.5,63.2,77,0,0,1,3,0,0,0,0,0,0,TCU,TCU,3,,,,,,,
147388,Danny Antolovich,T,0,0,,2026,146,60,60,60.9,79,0,0,1,1,0,0,0,0,0,0,UCONN,UCONN,1,,,,,,,
147395,Tui Faumuina-Brown,LB,0,0,,2025,146,,60.4,63.1,D15,0,0,1,0,2,0,0,0,1,0,UCONN,UCONN,3,60,,,,,,
147396,Stan Cross,S,0,0,,2025,146,,60.4,67.1,D04,0,0,1,0,0,0,3,0,0,0,UCONN,UCONN,3,,,,,,,
147397,Durante Jones,S,0,0,,2025,146,,46.7,67.8,D02,1,0,1,0,2,6,0,0,5,1,UCONN,UCONN,13,60,,,,,,
147399,Alfred Chea,S,0,0,,2026,146,,60.7,71.6,D23,0,0,1,0,0,6,3,4,5,0,UCONN,UCONN,18,,,,,,,
147402,John Bechtle,TE,0,0,,2026,146,,56.1,70.7,46,0,0,1,0,0,6,3,4,5,0,UCONN,UCONN,18,,,,,,,
147408,Pryce Yates,ED,0,0,,2026,146,,60.4,64.6,D90,0,0,1,0,1,0,0,4,1,0,UCONN,UCONN,6,59.6,,,,,,
147413,Noe Ruelas,K,0,0,,2026,197,,60,63.9,S16,0,0,1,7,0,0,0,0,0,0,JAMES MAD,JAMES MAD,7,,,,,61.7,,
147428,Martin Laham,WR,0,0,,2025,121,,60,65.2,80,0,0,1,0,0,0,0,0,2,0,BOSTON COL,BOSTON COL,2,,,,,,,
147438,Jordan Mahoney,CB,0,0,,2025,113,,60.8,66.7,D07,0,0,1,0,8,0,0,0,0,0,ARK STATE,ARK STATE,8,60,,,,,,
147461,Syrus Dumas,CB,0,0,,2025,331,,61.9,68.7,D13,0,0,1,0,1,9,0,0,1,0,UTSA,UTSA,11,59.9,,,,,,
147473,Deion Colzie,WR,0,0,,2026,258,,60.4,67,00,0,0,1,0,0,0,3,0,0,0,NOTRE DAME,NOTRE DAME,3,,,,,,,
147474,Lorenzo Styles Jr.,CB,0,0,2026,2026,260,,61.2,68.2,D03,0,0,1,0,0,8,2,5,3,0,OHIO STATE,OHIO STATE,18,,,,,,,
147483,Cane Berrong,TE,0,0,,2026,141,,60.3,65,18,0,0,1,0,0,0,8,7,0,0,COAST CAR,COAST CAR,15,,,,,,,
147485,Jayden Thomas,WR,0,0,,2026,258,,56.9,65.2,83,0,0,1,0,0,0,3,0,0,0,NOTRE DAME,NOTRE DAME,3,,,,,,,
147486,Mitchell Evans,TE,0,0,2025,2025,258,,60.1,65.5,88,0,0,1,0,0,0,3,0,0,0,NOTRE DAME,NOTRE DAME,3,,,,,,,
147492,Prince Kollie,LB,0,0,,2026,333,,61.5,66.4,D20,0,0,1,0,0,6,6,0,0,0,VANDERBILT,VANDERBILT,12,,,,,,,
147493,Davis Sherwood,TE,0,0,,2025,258,60,61.5,65,38,0,0,1,5,0,0,3,5,0,0,NOTRE DAME,NOTRE DAME,13,,,,,,,
147500,Chris Salerno,K,0,0,,2025,258,60,60.4,60.5,S26,0,0,1,5,0,0,0,0,0,0,NOTRE DAME,NOTRE DAME,5,,,,,,,
147503,Talan Alfrey,S,0,0,,2026,128,,63.4,67.9,D25,0,0,1,0,0,7,1,0,4,0,BYU,BYU,12,,,,,,,
147505,Campbell Barrington,T,0,0,,2025,118,60,61,62.8,53,0,0,1,5,0,0,0,0,0,0,BAYLOR,BAYLOR,5,,,,,,,
147520,John Nelson,DI,0,0,,2026,128,,59.6,63.1,D94,0,0,1,0,2,0,0,1,0,0,BYU,BYU,3,59.3,,,,,,
147531,Joshua Singh,DI,0,0,,2026,128,,59.8,62.4,D99,0,0,1,0,1,0,0,0,0,0,BYU,BYU,1,59.6,,,,,,
147532,Ethan Slade,S,0,0,,2025,128,,74,68.4,D26,0,0,1,0,0,7,2,1,4,1,BYU,BYU,14,,,,,,,
147534,Tanner Wall,S,0,0,2026,2026,128,,40.6,68,D28,0,0,1,0,2,7,3,0,0,0,BYU,BYU,12,59.9,,,,,,
147540,Chris Boti,DI,0,0,,2026,206,,59.8,62.4,D92,0,0,1,0,1,0,0,0,0,0,LIBERTY,LIBERTY,1,59.6,,,,,,
147544,Joseph Carter,LB,0,0,,2026,206,,60.9,64,D25,0,0,1,0,7,2,0,6,1,0,LIBERTY,LIBERTY,16,59.7,,,,,,
147549,Harrison Hayes,G,0,0,,2026,206,60,60.3,63.4,55,0,0,1,2,0,0,0,0,0,0,LIBERTY,LIBERTY,2,,,,,,,
147550,Max Morgan,P,0,0,,2026,206,60,60.8,68.2,S37,0,0,1,2,0,2,0,6,0,0,LIBERTY,LIBERTY,10,,,,,,62,56.2
147551,Hunter Porterfield,T,0,0,,2026,206,60,60.1,64.2,68,0,0,1,2,0,0,0,0,0,0,LIBERTY,LIBERTY,2,,,,,,,
147570,Josh Cuevas,TE,0,0,2026,2026,103,60,64.2,68.1,80,0,0,1,3,0,4,0,0,6,0,ALABAMA,ALABAMA,13,,,,,,,
147657,Rush Reimer,G,0,0,2025,2025,130,60,61.2,67.2,63,0,0,1,4,0,0,0,0,0,0,CAL,CAL,4,,,,,,,
147682,Sebastian Valdez,DI,0,0,2025,2025,340,60,60.8,66.1,D50,0,0,1,4,5,0,0,6,3,0,WASHINGTON,WASHINGTON,18,58.9,,,,,,
147755,Devin Bale,P,0,0,,2026,111,60,61.5,69.4,S37,0,1,1,7,0,8,0,4,0,0,ARKANSAS,ARKANSAS,19,,,,,,77.3,72.1
147813,Deshawn Lynch,ED,0,0,,2026,340,,60.2,63.9,D41,0,0,1,0,2,0,0,0,1,0,WASHINGTON,WASHINGTON,3,59.5,,,,,,
147821,Cameron Broussard,S,0,0,,2025,340,,45.1,67.9,D08,1,0,1,0,2,5,0,1,0,0,WASHINGTON,WASHINGTON,8,60,,,,,,
147829,Connor Stutz,P,0,0,,2026,146,60,60.9,65.3,S17,0,0,1,6,0,0,0,4,0,0,UCONN,UCONN,10,,,,,,,58.2
147857,Jake Eichorn,G,0,0,,2026,128,60.2,61.7,68.1,56,0,0,1,6,0,0,0,1,0,0,BYU,BYU,7,,,,,,,
147861,Jack Kelly,LB,0,0,2026,2026,128,,59.9,63.7,D17,0,0,1,0,3,0,0,1,0,0,BYU,BYU,4,59.9,,,,,,
147934,Garrett Cates,LS,0,0,,2026,327,64.9,66.9,64,S95,0,0,1,7,0,0,0,7,0,0,USF,USF,14,,,82.3,,,,
147978,Chance Gamble,CB,0,0,,2027,174,,60.1,65.1,D31,0,0,1,0,3,0,0,0,0,0,GA SOUTHRN,GA SOUTHRN,3,59.7,,,,,,
148086,Johnathan Edwards,CB,0,0,2025,2025,319,,60.2,68,D08,0,0,1,0,7,0,0,5,2,0,TULANE,TULANE,14,60,,,,,,
148199,Drew Clausen,LS,0,0,,2027,193,63.4,65,63,S56,0,0,1,6,0,0,0,3,0,0,IOWA STATE,IOWA STATE,9,,,78.5,,,,
148284,Sidney Fugar,T,0,0,2026,2026,118,60.8,61.6,62.1,69,0,0,1,5,0,0,0,0,0,0,BAYLOR,BAYLOR,5,,,,,,,
148343,Johncarlos Miller II,TE,0,0,,2026,315,,59.5,69.8,18,0,0,1,0,7,1,8,4,0,0,TEXAS TECH,TEXAS TECH,20,59.9,,,,,,
148353,Brandon Fique,LB,0,0,,2026,197,,75.3,69.1,D54,0,0,1,0,0,6,4,0,5,1,JAMES MAD,JAMES MAD,15,,,,,,,
148357,Kye Holmes,S,0,0,,2026,197,,60.8,63.9,D12,0,0,1,0,0,5,0,0,0,0,JAMES MAD,JAMES MAD,5,,,,,,,
148358,Brett Davis,C,0,0,,2026,197,60,61.5,63.9,70,0,0,1,7,0,0,0,0,0,0,JAMES MAD,JAMES MAD,7,,,,,,,
148362,Desmond Green,WR,0,0,,2026,197,,61.7,65,16,0,0,1,0,0,0,0,0,5,0,JAMES MAD,JAMES MAD,5,,,,,,,
148364,Josh Toner,G,0,0,,2026,197,63.1,62.1,62.3,72,0,0,1,7,0,0,0,0,0,0,JAMES MAD,JAMES MAD,7,,,,,,,
148365,Jahquil Batts,S,0,0,,2025,197,,62,67,D26,0,0,1,0,0,6,0,0,0,0,JAMES MAD,JAMES MAD,6,,,,,,,
148715,Ty'son Edwards,HB,0,0,,2025,211,,82.1,69.7,43,0,0,1,0,0,8,5,2,0,1,LSU,LSU,15,,,,,,,
148751,Jackson Kennedy,K,0,0,,2026,304,,60,63.9,S96,0,0,1,7,0,0,0,0,0,0,SYRACUSE,SYRACUSE,7,,,,,64.8,,
148768,Emmanuel Adebi,TE,0,0,,2026,333,,59.7,63.8,45,0,0,1,0,2,0,0,4,0,0,VANDERBILT,VANDERBILT,6,59.3,,,,,,
148771,Malin White,ED,0,0,,2026,126,60,90.3,67,D12,0,0,1,7,0,7,2,3,1,1,BUFFALO,BUFFALO,20,,,,,,,
148878,Thor Griffith,DI,0,0,2025,2025,210,,60,64.7,D50,0,0,1,0,0,0,0,0,1,0,LOUISVILLE,LOUISVILLE,1,,,,,,,
148909,Matt Hudson,ED,0,0,,2025,218,,60.1,63.4,D49,0,0,1,0,5,0,0,2,0,0,MEMPHIS,MEMPHIS,7,59.9,,,,,,
149114,Shamari Simmons,CB,0,0,,2025,110,,60.1,66.9,D07,0,0,1,0,4,0,0,0,0,0,ARIZONA ST,ARIZONA ST,4,59.7,,,,,,
149134,Alex Whitmore,DI,0,0,,2026,325,,59,63.5,D95,0,0,1,0,4,0,0,0,0,0,UNLV,UNLV,4,59,,,,,,
149140,Drae McCray,WR,0,0,,2025,315,,61.3,64.8,10,0,0,1,0,0,0,8,0,2,0,TEXAS TECH,TEXAS TECH,10,,57.4,,,,,
149248,Sam Franklin,HB,0,0,,2026,261,,60,62,20,0,0,1,0,0,0,4,0,0,0,OKLAHOMA,OKLAHOMA,4,,58.2,,,,,
149264,Ethan Robinson,CB,0,0,2025,2025,225,,61,67.4,D02,0,0,1,0,2,0,0,0,4,0,MINNESOTA,MINNESOTA,6,59.9,,,,,,
149289,Marquis Cooper,CB,0,0,,2027,126,,53.2,27.4,D28,0,1,1,0,1,3,0,0,5,0,BUFFALO,BUFFALO,9,59.9,,,,,,
149327,Luke Popma,T,0,0,,2025,197,60,61.4,63.3,64,0,0,1,7,0,0,0,0,0,0,JAMES MAD,JAMES MAD,7,,,,,,,
149740,Dominic Grguric,WR,0,0,,2027,122,,58.6,66.8,84,0,0,1,0,0,5,0,0,3,1,BOWL GREEN,BOWL GREEN,8,,,,,,,
149817,Andrew McElroy,WR,0,0,,2025,254,,56.9,64.5,19,0,0,1,0,0,0,3,0,0,0,N ILLINOIS,N ILLINOIS,3,,,,,,,
149914,Dominic Morris,CB,0,0,,2025,144,,47.4,63.6,D04,0,0,1,0,4,3,0,0,0,0,COLO STATE,COLO STATE,7,59.9,,,,,,
149940,Savio Frazier,DI,0,0,,2025,221,,60.8,65.8,D00,0,0,1,0,2,0,0,0,2,0,MIAMI OH,MIAMI OH,4,59.5,,,,,,
149952,Jordan Oladokun,CB,0,0,2025,2025,122,,60.4,65.6,D01,0,0,1,0,4,0,0,0,0,0,BOWL GREEN,BOWL GREEN,4,60,,,,,,
149961,Kobe Stewart,ED,0,0,,2026,126,,59.8,63,D00,0,0,1,0,2,0,0,0,0,0,BUFFALO,BUFFALO,2,59.6,,,,,,
149978,Jayson Tarpeh,T,0,0,,2026,156,60,61.5,67.9,61,0,0,1,5,0,0,0,0,0,0,E CAROLINA,E CAROLINA,5,,,,,,,
150058,B.J. Mayes,CB,0,0,2025,2025,312,,61.9,68.8,D20,0,0,1,0,6,0,0,0,5,0,TEXAS A&M,TEXAS A&M,11,60.1,,,,,,
150063,Dorion Strawn,T,0,0,,2026,314,60,61.7,68.6,64,0,0,1,6,0,0,0,0,0,0,TEXAS ST,TEXAS ST,6,,,,,,,
150107,Elinus Noel III,DI,0,0,,2025,118,,58.4,65,D98,0,0,1,0,8,0,0,0,0,0,BAYLOR,BAYLOR,8,58.5,,,,,,
150230,Syrus Webster,ED,0,0,,2025,341,,59.1,62.8,D03,0,0,1,0,3,0,0,0,0,0,WASH STATE,WASH STATE,3,59,,,,,,
150270,Zach Hrbacek,HB,1,0,,2026,281,,62.5,67.8,00,1,0,1,0,0,6,5,7,1,0,SM HOUSTON,SM HOUSTON,19,,59,,,,,
150271,Braeden Howell,TE,0,0,,2025,281,,62,68.6,48,0,0,1,0,0,0,0,7,3,0,SM HOUSTON,SM HOUSTON,10,,,,,,,
150275,Christian Pavon,K,0,0,,2026,281,,60.3,67.9,S49,0,0,1,5,0,6,0,0,0,0,SM HOUSTON,SM HOUSTON,11,,,,,64.9,68.5,
150276,KeSean Raven,CB,0,0,,2025,281,,57.9,67,D29,0,0,1,0,0,0,4,0,2,0,SM HOUSTON,SM HOUSTON,6,,,,,,,
150284,Zach Stricker,LS,0,0,,2025,281,61.6,62.4,61.7,S41,0,0,1,5,0,0,0,0,0,0,SM HOUSTON,SM HOUSTON,5,,,69.7,,,,
150288,Quan Williams,S,0,0,,2026,281,,36.3,68.3,D31,1,0,1,0,0,6,0,0,0,0,SM HOUSTON,SM HOUSTON,6,,,,,,,
150289,Kavian Gaither,LB,0,0,,2025,281,,85.2,90.7,D14,0,0,1,0,4,0,1,7,1,1,SM HOUSTON,SM HOUSTON,13,59.9,,,,,,
150292,Shane Johnson,WR,0,0,,2025,281,,60.6,66.1,15,0,0,1,0,0,0,0,0,3,0,SM HOUSTON,SM HOUSTON,3,,,,,,,
150294,David Fisher,CB,0,0,,2026,281,,60.4,65.6,D05,0,0,1,0,4,0,0,0,0,0,SM HOUSTON,SM HOUSTON,4,60,,,,,,
150298,Caleb Weaver,S,0,0,,2026,281,,60.2,64,D03,0,0,1,0,4,0,1,0,0,0,SM HOUSTON,SM HOUSTON,5,59.9,61.8,,,,,
150307,Pearson Baldwin,TE,0,0,,2026,196,60,60.1,66.1,19,0,0,1,4,0,0,6,5,0,0,JVILLE ST,JVILLE ST,15,,,,,,,
150308,Cole Fuller,TE,0,0,,2025,196,60,64.9,69.8,45,0,0,1,4,0,5,6,5,4,1,JVILLE ST,JVILLE ST,24,,,,,,,
150315,Derek Carter Jr.,CB,0,1,,2026,196,,33,25.8,D13,0,1,1,0,5,0,0,1,1,0,JVILLE ST,JVILLE ST,7,59.7,,,,,,
150353,Canden Grogan,CB,0,0,,2026,314,,61.4,67,D21,0,0,1,0,0,6,0,0,2,0,TEXAS ST,TEXAS ST,8,,,,,,,
150369,Breylon Charles,ED,0,0,,2026,251,,60.3,64.2,D95,0,0,1,0,6,0,0,0,0,0,N TEXAS,N TEXAS,6,60,,,,,,
150473,Torricelli Simpkins III,G,0,0,2025,2025,289,60,61.4,62,76,0,0,1,4,0,0,0,0,0,0,S CAROLINA,S CAROLINA,4,,,,,,,
150625,Marcel Walker-Burgess,ED,0,0,,2025,259,,59.8,63.6,D17,0,0,1,0,2,0,0,0,1,0,OHIO,OHIO,3,59.2,,,,,,
150923,Jeremiah Brown,LB,0,0,,2026,143,,57,70.4,D42,0,0,1,0,3,3,4,4,1,0,COLORADO,COLORADO,15,59.9,,,,,,
150938,Cam'Ron Silmon-Craig,S,0,0,2025,2025,143,,60.1,62,D07,0,0,1,0,6,0,0,0,0,0,COLORADO,COLORADO,6,60,,,,,,
151038,Kingston McKinstry,LB,0,0,,2026,156,,57.1,27.5,D25,0,1,1,0,0,6,4,1,2,1,E CAROLINA,E CAROLINA,13,,,,,,,
151046,Devon King,S,0,0,,2025,156,,70.3,66.7,D02,0,0,1,0,0,6,0,1,2,1,E CAROLINA,E CAROLINA,9,,,,,,,
151053,Jhari Patterson,WR,0,0,,2025,156,,59.6,63,00,0,0,1,0,0,0,4,0,0,0,E CAROLINA,E CAROLINA,4,,59.9,,,,,
151058,Slade Roy,LS,0,0,,2025,211,21.3,26.8,62.7,S44,0,0,1,8,0,0,0,2,0,0,LSU,LSU,10,,,0,,,,
151063,Zion Wilson,DI,0,0,2026,2027,156,60.8,61.6,62.1,D54,0,0,1,5,0,0,0,0,0,0,E CAROLINA,E CAROLINA,5,,,,,,,
151095,Jacob Rodriguez,LB,0,0,2026,2026,315,,60,60.5,D10,0,0,1,0,0,0,0,0,1,0,TEXAS TECH,TEXAS TECH,1,,,,,,,
151101,West Weeks,LB,0,0,2026,2026,211,,60.8,66,D33,0,0,1,0,4,0,1,2,2,0,LSU,LSU,9,59.9,,,,,,
151114,Taveon Thompson,S,0,0,,2026,238,,60,65.5,D39,0,0,1,0,0,0,1,0,0,0,NEBRASKA,NEBRASKA,1,,,,,,,
151205,Tyrin Bradley,ED,0,0,,2025,343,,60.3,64.1,D08,0,0,1,0,4,0,0,3,1,0,W VIRGINIA,W VIRGINIA,8,59.5,,,,,,
151266,Jake Bruno,TE,0,0,,2026,259,,65.2,69.3,86,0,0,1,0,0,6,5,5,3,1,OHIO,OHIO,19,,,,,,,
151364,Robert Rahimi,S,0,0,,2026,285,,59.3,65.4,D01,0,0,1,0,7,0,0,6,0,0,S JOSE ST,S JOSE ST,13,59.8,,,,,,
152170,Colin Karhu,K,0,0,,2025,206,,60,62.5,S98,0,0,1,2,0,0,0,0,0,0,LIBERTY,LIBERTY,2,,,,,60,,
152262,Heston Edwards,G,0,0,,2026,141,60,60,63.7,51,0,0,1,1,0,0,0,0,0,0,COAST CAR,COAST CAR,1,,,,,,,
152603,Saveyon Henderson,T,0,0,,2025,144,60,60.4,62.5,77,0,0,1,3,0,0,0,0,0,0,COLO STATE,COLO STATE,3,,,,,,,
153213,Chris Crouch,LB,0,0,,2026,174,,57.6,68.8,D26,0,0,1,0,0,5,6,3,6,0,GA SOUTHRN,GA SOUTHRN,20,,,,,,,
153526,Carson Goda,TE,0,0,,2025,187,,74.3,65,84,0,0,1,0,0,0,4,0,0,0,ILLINOIS,ILLINOIS,4,,,,,,,
154474,Gavin Ransaw,DI,0,0,,2026,141,,59,63.2,D93,0,0,1,0,4,0,0,0,0,0,COAST CAR,COAST CAR,4,59,,,,,,
154599,Ben Finneseth,S,1,0,,2027,143,,90.7,69.5,D28,0,0,1,0,0,3,7,4,1,1,COLORADO,COLORADO,15,,60,,,,,
154713,Lu Tillery,CB,0,0,,2026,319,,60.5,66,D10,0,0,1,0,1,1,0,0,1,0,TULANE,TULANE,3,59.9,,,,,,
154759,Da'Metrius Weatherspoon,T,0,0,2026,2026,304,60,60.4,62.5,57,0,0,1,3,0,0,0,0,0,0,SYRACUSE,SYRACUSE,3,,,,,,,
155210,Ryan Bolduc,QB,0,0,,2025,327,60,60.6,60.6,16,0,0,1,7,0,0,0,0,0,0,USF,USF,7,,,,,,,
155211,Cash Jones,HB,0,0,2026,2026,173,,47.9,67.3,32,1,0,1,0,0,2,6,0,4,0,GEORGIA,GEORGIA,12,,,,,,,
155252,Jakari Foster,S,0,0,,2026,208,,60.8,65,D06,0,0,1,0,0,3,0,0,0,0,LA TECH,LA TECH,3,,,,,,,
155288,Tristan Marois,ED,0,0,,2026,143,60,60.6,63.6,D59,0,0,1,3,0,0,2,0,0,0,COLORADO,COLORADO,5,,,,,,,
155289,Caden Biser,LB,0,0,,2026,343,,71,67.5,D36,0,0,1,0,0,0,8,3,1,1,W VIRGINIA,W VIRGINIA,12,,,,,,,
155295,Adam Uppuluri,LB,0,0,,2025,319,,56.6,66.2,D54,0,0,1,0,0,0,8,0,0,0,TULANE,TULANE,8,,,,,,,
155386,Liam Johnson,LB,0,0,,2025,130,,62.2,67.5,D15,1,0,1,0,3,4,0,6,3,1,CAL,CAL,16,59.9,,,,,,
155389,Nate Martey,DI,0,0,,2025,113,,59.9,63.7,D45,0,0,1,0,4,0,0,0,0,0,ARK STATE,ARK STATE,4,59.7,,,,,,
155532,Damian Ramos,K,0,0,,2026,211,,60,64.1,S34,0,0,1,8,0,0,0,0,0,0,LSU,LSU,8,,,,,64.8,,
155544,Atticus Sappington,K,0,0,,2026,264,,60,65.7,S36,0,0,1,1,0,2,0,0,0,0,OREGON,OREGON,3,,,,,60,54.6,
155545,Anthony Zaccaro,LS,0,0,,2026,288,,56.1,62.6,S42,0,0,1,0,0,0,0,2,0,0,S ALABAMA,S ALABAMA,2,,,78.5,,,,
155772,Joey Slackman,DI,0,0,,2025,163,,60,67.2,D97,0,0,1,0,0,0,0,0,1,0,FLORIDA,FLORIDA,1,,,,,,,
155840,Kyle Taylor,LB,0,0,,2026,113,,54.6,68.3,D20,0,0,1,0,0,0,5,0,0,0,ARK STATE,ARK STATE,5,,,,,,,
155860,Lucas Banks,DI,0,0,,2026,113,,60,62.7,D47,0,0,1,0,1,0,0,0,0,0,ARK STATE,ARK STATE,1,59.8,,,,,,
155869,Eric O'Neill,ED,0,0,2026,2026,197,,59.5,62.7,D99,0,0,1,0,3,0,0,0,0,0,JAMES MAD,JAMES MAD,3,59.4,,,,,,
155992,Jordin Parker,WR,0,0,,2026,347,,60,63,02,0,0,1,0,0,0,6,0,2,0,W MICHIGAN,W MICHIGAN,8,,65.8,,61.9,,,
156012,Rashod Tanner,CB,0,0,,2025,325,,62.5,71.6,D41,1,0,1,0,0,5,0,9,6,1,UNLV,UNLV,20,,,,,,,
156165,Matthew Golden,WR,0,0,2025,2025,311,,59.9,64.1,02,0,0,1,0,0,0,5,0,0,0,TEXAS,TEXAS,5,,59.4,,,,,
156207,Jason Albritton,HB,0,0,,2027,226,,47.1,65.6,40,0,0,1,0,0,2,3,0,0,0,OLE MISS,OLE MISS,5,,,,,,,
156212,Jhalyn Shuler,LB,0,0,,2026,327,,60.2,62.3,D07,0,0,1,0,6,0,0,0,0,0,USF,USF,6,60,,,,,,
156214,Tavin Ward,S,0,0,,2027,327,,60.1,62.1,D02,0,0,1,0,6,0,0,0,0,0,USF,USF,6,59.9,,,,,,
156225,Jeremiah Franklin,TE,0,0,2026,2026,121,60,60.5,63.8,17,0,0,1,2,0,0,0,1,0,0,BOSTON COL,BOSTON COL,3,,,,,,,
156226,Domonique Thomas,HB,0,0,,2027,226,,60.6,66.4,26,0,0,1,0,0,0,4,0,1,0,OLE MISS,OLE MISS,5,,,,,,,
156243,TJ Dottery,LB,0,0,,2027,226,,61.4,65,D06,0,0,1,0,1,0,1,0,3,0,OLE MISS,OLE MISS,5,60,,,,,,
156245,Toriano Pride Jr.,CB,0,0,2026,2026,229,,61.3,67.9,D02,0,0,1,0,3,0,0,0,5,0,MISSOURI,MISSOURI,8,59.7,,,,,,
156256,Vincent Anthony Jr.,ED,0,0,2026,2026,154,,59.9,63.5,D07,0,0,1,0,2,0,0,0,0,0,DUKE,DUKE,2,59.7,,,,,,
156257,Chandler Rivers,CB,0,0,2026,2026,154,,61.6,68.8,D00,0,0,1,0,7,1,0,0,0,0,DUKE,DUKE,8,60.1,,,,,,
156290,Rodney Hill,HB,0,0,,2027,111,,60,62.3,20,0,0,1,0,0,0,6,0,0,0,ARKANSAS,ARKANSAS,6,,45.9,,,,,
156297,Aidan Birr,K,0,0,,2027,176,,60.3,67.9,S33,0,0,1,5,0,6,0,0,0,0,GA TECH,GA TECH,11,,,,,69.7,62.1,
156298,Brandon Best,G,0,0,,2027,176,60.3,61.7,66.8,58,0,0,1,5,0,0,0,0,0,0,GA TECH,GA TECH,5,,,,,,,
156305,Clayton Powell-Lee,S,0,0,,2026,176,,60.5,63,D05,0,0,1,0,3,0,0,0,1,0,GA TECH,GA TECH,4,60,,,,,,
156311,Nick Keller,K,0,0,,2027,210,,60,67.8,S98,0,0,1,0,0,4,0,0,0,0,LOUISVILLE,LOUISVILLE,4,,,,,,71.5,
156316,D'Angelo Hutchinson,S,0,0,,2027,210,,49.5,67.1,D21,0,0,1,0,2,3,0,0,3,0,LOUISVILLE,LOUISVILLE,8,60,,,,,,
156317,Popeye Williams,ED,0,0,,2027,347,,60,63.1,D02,0,0,1,0,6,0,0,0,0,0,W MICHIGAN,W MICHIGAN,6,59.8,,,,,,
156319,Nate Kurisky,TE,0,0,,2027,210,60,61.3,66.6,85,0,0,1,5,0,0,6,6,0,0,LOUISVILLE,LOUISVILLE,17,,,,,,,
156321,Chris Bell,WR,0,0,2026,2026,210,,60,66.2,00,0,0,1,0,0,0,6,0,0,0,LOUISVILLE,LOUISVILLE,6,,59.9,,,,,
156322,Makhete Gueye,T,0,0,,2027,210,60,60.9,61.9,79,0,0,1,5,0,0,0,0,0,0,LOUISVILLE,LOUISVILLE,5,,,,,,,
156327,Antonio Watts,S,0,0,,2027,210,,60.4,68,D35,0,0,1,0,4,0,0,6,3,0,LOUISVILLE,LOUISVILLE,13,60,,,,,,
156333,Nick Kelly,S,0,0,,2027,220,,62,71.2,D36,0,0,1,0,0,8,7,0,0,0,MIAMI FL,MIAMI FL,15,,,,,,,
156341,Wesley Bissainthe,LB,0,0,2026,2026,220,,60.8,65.7,D31,0,0,1,0,5,0,0,1,2,0,MIAMI FL,MIAMI FL,8,59.8,,,,,,
156345,Travis Shaw,DI,0,0,2026,2026,245,,58.5,63.2,D04,0,0,1,0,5,0,0,0,0,0,N CAROLINA,N CAROLINA,5,58.7,,,,,,
156348,Beau Atkinson,ED,0,0,,2027,245,60,60.2,64.3,D12,0,0,1,2,6,0,0,0,1,0,N CAROLINA,N CAROLINA,9,59.3,,,,,,
156349,Trevyon Green,T,0,0,,2027,245,60,60.1,66.1,78,0,0,1,2,0,0,0,0,0,0,N CAROLINA,N CAROLINA,2,,,,,,,
156350,Zach Rice,G,0,0,,2027,245,60,60.5,64.8,55,0,0,1,2,0,0,0,0,0,0,N CAROLINA,N CAROLINA,2,,,,,,,
156357,Sam Vander Haar,P,0,0,,2027,128,60,60.6,62.5,S35,0,0,1,6,0,0,0,1,0,0,BYU,BYU,7,,,,,,,60
156358,Sean FitzSimmons,DI,0,0,,2027,268,,61.1,74.2,D55,0,0,1,0,4,0,0,0,2,0,PITTSBURGH,PITTSBURGH,6,59.1,,,,,,
156360,Ryland Gandy,CB,0,0,,2027,268,,62.8,74.5,D10,0,0,1,0,7,5,0,0,5,0,PITTSBURGH,PITTSBURGH,17,60,,,,,,
156361,Samuel Okunlola,ED,0,0,,2027,143,,59.9,63.1,D93,0,0,1,0,2,0,0,0,0,0,COLORADO,COLORADO,2,59.8,,,,,,
156362,Ryan Baer,T,0,0,,2027,268,60,61.2,63,70,0,0,1,6,0,0,0,0,0,0,PITTSBURGH,PITTSBURGH,6,,,,,,,
156413,Nick James,DI,0,0,,2027,268,,60,61.8,D11,0,0,1,0,1,0,0,0,0,0,PITTSBURGH,PITTSBURGH,1,59.7,,,,,,
156415,Louis Moore,S,0,0,2026,2026,226,,60.7,64.6,D07,0,0,1,0,2,0,1,2,2,0,OLE MISS,OLE MISS,7,60,,,,,,
156429,Alex Eichmann,WR,0,0,,2027,192,,63.4,67.5,17,0,0,1,0,0,5,0,0,4,0,IOWA,IOWA,9,,,,,,,
156430,Addison Ostrenga,TE,0,0,,2027,192,60,60.9,63.6,87,0,0,1,4,0,0,0,0,0,0,IOWA,IOWA,4,,,,,,,
156431,Xavier Nwankpa,S,0,0,2026,2026,192,,61.7,69,D01,0,0,1,0,0,2,0,5,5,0,IOWA,IOWA,12,,,,,,,
156432,Kael Kolarik,S,0,0,,2027,192,,63.2,67,D26,0,0,1,0,0,5,0,0,5,0,IOWA,IOWA,10,,,,,,,
156434,Landyn Van Kekerix,LB,0,0,,2027,192,,76.6,64.2,D23,0,0,1,0,0,5,0,0,0,1,IOWA,IOWA,5,,,,,,,
156435,Jayden Montgomery,LB,0,0,,2027,192,,56.6,67.8,D36,0,0,1,0,0,0,6,5,0,0,IOWA,IOWA,11,,,,,,,
156438,Luke Gaffney,DI,0,0,,2027,192,,60.3,62.7,D51,0,0,1,0,0,0,0,5,0,0,IOWA,IOWA,5,,,,,,,
156441,TJ Hall,CB,0,0,2026,2026,192,,60.6,65.8,D02,0,0,1,0,5,0,0,0,0,0,IOWA,IOWA,5,60,,,,,,
156442,Deshaun Lee,CB,0,0,,2027,192,,60.6,66.1,D08,0,0,1,0,5,0,0,0,0,0,IOWA,IOWA,5,60.1,,,,,,
156445,Aaron Graves,DI,0,0,2026,2026,192,,58.7,63.9,D95,0,0,1,0,5,0,0,0,0,0,IOWA,IOWA,5,58.7,,,,,,
156447,Drew Stevens,K,0,0,2026,2026,192,,60,67.5,S18,0,0,1,4,0,5,0,0,0,0,IOWA,IOWA,9,,,,,65.2,73.4,
156448,Kaden Wetjen,WR,0,0,2026,2026,192,,60.2,63.7,21,0,0,1,0,0,0,6,0,5,0,IOWA,IOWA,11,,85.3,,62.6,,,
156452,Jaishawn Barham,LB,0,0,2026,2026,222,,60.1,62.7,D01,0,0,1,0,3,0,0,0,0,0,MICHIGAN,MICHIGAN,3,60,,,,,,
156458,Ernest Hausmann,LB,0,0,,2026,222,,60,61.5,D15,0,0,1,0,3,0,0,0,0,0,MICHIGAN,MICHIGAN,3,60,,,,,,
156460,Luke Lindenmeyer,TE,0,0,,2028,238,60,26.6,64.5,44,0,0,1,3,0,0,3,0,0,0,NEBRASKA,NEBRASKA,6,,,,,,,
156462,Malcolm Hartzog Jr.,CB,0,0,,2027,238,,60,64.6,D07,0,0,1,0,2,0,0,0,0,0,NEBRASKA,NEBRASKA,2,60,,,,,,
156464,Justin Evans,G,0,0,,2028,238,60,61.1,65.7,51,0,0,1,3,0,0,0,0,0,0,NEBRASKA,NEBRASKA,3,,,,,,,
156466,Gage Stenger,S,0,0,,2028,238,,88.4,65,D47,0,0,1,0,0,4,2,0,0,0,NEBRASKA,NEBRASKA,6,,,,,,,
156468,Jake Appleget,TE,0,0,,2028,254,,60.2,65.6,80,0,0,1,0,0,0,3,2,0,0,N ILLINOIS,N ILLINOIS,5,,,,,,,
156471,Janiran Bonner,WR,0,0,,2028,238,,69.2,67.5,16,0,0,1,0,0,2,2,0,0,1,NEBRASKA,NEBRASKA,4,,,,,,,
156472,Jalil Martin,S,0,0,,2028,304,,60.9,71.1,D17,0,0,1,0,3,0,0,2,1,0,SYRACUSE,SYRACUSE,6,60.1,,,,,,
156473,Emmett Johnson,HB,0,0,2026,2026,238,,60,64.8,21,0,0,1,0,0,0,1,0,0,0,NEBRASKA,NEBRASKA,1,,,,,,,
156476,Deshon Singleton Jr.,S,0,0,2026,2026,238,,60,61.5,D08,0,0,1,0,2,0,0,0,0,0,NEBRASKA,NEBRASKA,2,60,,,,,,
156481,George Fitzpatrick,T,0,0,,2027,260,61.8,62,66.8,68,0,0,1,7,0,0,0,0,0,0,OHIO STATE,OHIO STATE,7,,,,,,,
156482,Bennett Christian,TE,0,0,,2027,260,60,62.5,64.8,85,0,0,1,7,0,0,2,0,3,0,OHIO STATE,OHIO STATE,12,,,,,,,
156483,C.J. Hicks,LB,0,0,,2027,260,,62.3,69.7,D11,0,0,1,0,0,8,2,5,3,0,OHIO STATE,OHIO STATE,18,,,,,,,
156488,Caden Curry,ED,0,0,2026,2026,260,,61.8,67.8,D92,0,0,1,0,0,2,1,5,4,0,OHIO STATE,OHIO STATE,12,,,,,,,
156492,Jayden Fielding,K,0,0,,2026,260,,60.6,68.5,S38,0,0,1,7,0,8,0,0,0,0,OHIO STATE,OHIO STATE,15,,,,,71.8,77.3,
156498,J.P. Deeter,DI,0,0,,2028,110,,60.2,66.7,D91,0,0,1,0,0,0,6,0,0,0,ARIZONA ST,ARIZONA ST,6,,,,,,,
156503,Kwabena Asamoah,G,0,0,,2028,278,63.1,62.1,62.3,69,0,0,1,7,0,0,0,0,0,0,RUTGERS,RUTGERS,7,,,,,,,
156504,Dantae Chin,G,0,0,,2028,278,62.5,62.2,67.6,76,0,0,1,7,0,0,0,0,0,0,RUTGERS,RUTGERS,7,,,,,,,
156507,Moses Walker,LB,0,0,,2028,278,,60.6,67.5,D02,0,0,1,0,1,0,0,4,2,0,RUTGERS,RUTGERS,7,60,,,,,,
156511,Timmy Ward,CB,0,0,,2026,278,,60.9,69.4,D38,0,0,1,0,0,8,8,0,4,0,RUTGERS,RUTGERS,20,,,,,,,
156530,Jaylen Wester,LB,0,0,,2027,143,,70.6,66.9,D25,0,0,1,0,0,0,6,0,1,0,COLORADO,COLORADO,7,,,,,,,
156535,Riley Thompson,P,0,0,,2026,266,60,38.7,66.7,S95,1,0,1,5,0,0,0,6,0,0,PENN STATE,PENN STATE,11,,,,,,,68.5
156541,Will Prendergast,DI,0,0,,2025,144,,59.6,61.6,D95,0,0,1,0,1,0,0,0,0,0,COLO STATE,COLO STATE,1,59.3,,,,,,
156579,Ean Burch,LS,0,0,,2027,208,60,60.9,61.2,S41,0,0,1,2,0,0,0,0,0,0,LA TECH,LA TECH,2,,,67.6,,,,
156583,Patrick Rea,P,0,0,,2027,208,60,60.3,65.6,S32,0,0,1,2,0,0,0,3,0,0,LA TECH,LA TECH,5,,,,,,,62.3
156590,Sterling Porcher,G,0,0,,2026,315,60,60.4,62.5,79,0,0,1,3,0,0,0,0,0,0,TEXAS TECH,TEXAS TECH,3,,,,,,,
156620,Ethan Wesloski,LB,0,0,,2027,251,,60.1,61.7,D32,0,0,1,0,3,0,0,0,0,0,N TEXAS,N TEXAS,3,60,,,,,,
156638,Colten Cable,G,0,0,,2025,346,60,60.4,62.5,72,0,0,1,3,0,0,0,0,0,0,W KENTUCKY,W KENTUCKY,3,,,,,,,
156639,Kylan Guidry,ED,0,0,2025,2025,346,,60.5,65.5,D05,0,0,1,0,6,4,4,0,0,0,W KENTUCKY,W KENTUCKY,14,59.4,,,,,,
156646,Jax Cooper,WR,0,0,,2026,346,,57.8,67.2,23,0,0,1,0,0,0,6,0,2,0,W KENTUCKY,W KENTUCKY,8,,,,,,,
156657,Dominic Zvada,K,0,0,2026,2026,222,,60.3,67.9,S96,0,0,1,5,0,6,0,0,0,0,MICHIGAN,MICHIGAN,11,,,,,72.3,65.3,
156663,Websley Etienne,S,0,0,,2027,113,,59.8,64,D12,0,0,1,0,8,0,0,3,0,0,ARK STATE,ARK STATE,11,60.1,,,,,,
156670,Brooks Johnson,TE,0,0,,2027,141,60,63.5,66.3,11,0,0,1,1,0,3,8,0,0,0,COAST CAR,COAST CAR,12,,,,,,,
156681,Tray Brown,LB,0,0,,2027,141,,60.1,64.1,D55,0,0,1,0,4,0,0,0,0,0,COAST CAR,COAST CAR,4,60,,,,,,
156708,Jayden Mines,WR,0,0,,2027,197,,67.8,70.5,02,0,0,1,0,0,6,4,4,5,0,JAMES MAD,JAMES MAD,19,,,,,,,
156712,Wayne Knight,HB,0,0,,2028,197,,59.9,65.3,03,0,0,1,0,0,0,4,0,0,0,JAMES MAD,JAMES MAD,4,,,,,,,
156717,Jo Simmons,T,0,0,,2028,197,60,28.7,68.5,79,0,0,1,6,0,0,0,0,0,0,JAMES MAD,JAMES MAD,6,,,,,,,
156719,Amar Thomas,ED,0,0,,2027,197,,60,66.2,D08,0,0,1,0,0,0,0,4,1,0,JAMES MAD,JAMES MAD,5,,,,,,,
156720,Chauncey Logan Jr.,CB,0,0,,2027,197,,60,64.6,D02,0,0,1,0,2,0,0,0,0,0,JAMES MAD,JAMES MAD,2,60,,,,,,
156721,Trent Hendrick,LB,0,0,,2027,197,,59.7,66.3,D05,0,0,1,0,3,0,0,4,0,0,JAMES MAD,JAMES MAD,7,60.1,,,,,,
156722,Jacob Thomas,S,0,0,2026,2026,197,,60.9,66.8,D07,0,0,1,0,0,1,0,0,2,0,JAMES MAD,JAMES MAD,3,,,,,,,
156723,Brent Austin,CB,0,2,2026,2026,327,,28.7,24.6,D20,0,2,1,0,7,0,0,0,1,0,USF,USF,8,59.7,,,,,,
156738,Kaden Moreau,G,0,0,,2027,207,60,60.3,61.8,75,0,0,1,2,0,0,0,0,0,0,LA LAFAYET,LA LAFAYET,2,,,,,,,
156741,Jaydon Johnson,WR,0,0,,2027,207,,58.5,66.5,81,0,0,1,0,0,0,7,0,3,0,LA LAFAYET,LA LAFAYET,10,,,,,,,
156745,Kailep Edwards,LB,0,0,,2027,207,,71.2,68.2,D16,0,0,1,0,0,2,7,4,3,1,LA LAFAYET,LA LAFAYET,16,,,,,,,
156747,Lorenzell Dubose,CB,0,0,,2028,207,,60.4,65.9,D24,0,0,1,0,5,0,0,0,0,0,LA LAFAYET,LA LAFAYET,5,59.8,,,,,,
156750,Maurion Eleam,CB,0,0,,2027,207,,61.2,67.5,D36,0,0,1,0,0,2,0,0,3,0,LA LAFAYET,LA LAFAYET,5,,,,,,,
156755,Carter Milliron,LS,0,0,,2027,207,,53,25.8,S39,0,1,1,0,0,0,0,6,0,0,LA LAFAYET,LA LAFAYET,6,,,83.1,,,,
156859,Alonzo Edwards Jr.,S,0,0,,2026,314,,60.8,63.9,D04,0,0,1,0,0,3,0,0,0,0,TEXAS ST,TEXAS ST,3,,,,,,,
156861,Titus Lyons,TE,0,0,,2026,314,60,59.7,66.1,86,0,0,1,6,0,0,5,3,2,0,TEXAS ST,TEXAS ST,16,,,,,,,
156922,Jamoni Jones,HB,0,0,,2025,333,,61.3,67.7,33,0,0,1,0,0,6,4,4,0,1,VANDERBILT,VANDERBILT,14,,,,,,,
156929,Malachi McLean,S,1,0,,2026,146,,77,67.7,D07,0,0,1,0,0,5,0,4,0,1,UCONN,UCONN,9,,,,,,,
156932,Sterling Webb,DI,0,0,,2027,229,,59.3,62.3,D10,0,0,1,0,2,0,0,0,0,0,MISSOURI,MISSOURI,2,59.2,,,,,,
156945,Keyshaun Elliott,LB,0,0,2026,2026,110,,62.1,64.9,D44,0,0,1,0,1,5,0,0,1,0,ARIZONA ST,ARIZONA ST,7,60,,,,,,
156961,Donovan Hinish,DI,0,0,,2027,258,,59.2,62.4,D41,0,0,1,0,2,0,0,0,0,0,NOTRE DAME,NOTRE DAME,2,59.1,,,,,,
156972,Jaylen Sneed,LB,0,0,,2027,258,,60.3,63.5,D03,0,0,1,0,1,1,0,0,0,0,NOTRE DAME,NOTRE DAME,2,60,,,,,,
156973,Aamil Wagner,T,0,0,2026,2026,258,60,61.3,66.3,59,0,0,1,5,0,0,0,0,0,0,NOTRE DAME,NOTRE DAME,5,,,,,,,
156982,Junior Tuihalamaka,ED,0,0,,2027,258,,74.5,65,D44,0,0,1,0,0,1,3,1,0,0,NOTRE DAME,NOTRE DAME,5,,,,,,,
156983,Leo Scheidler,WR,0,0,,2028,258,,60,62.7,82,0,0,1,0,0,0,1,0,0,0,NOTRE DAME,NOTRE DAME,1,,,,,,,
156987,Rino Monteforte,LS,0,0,,2027,258,61.6,62.4,61.7,S39,0,0,1,5,0,0,0,0,0,0,NOTRE DAME,NOTRE DAME,5,,,69.7,,,,
156989,Carter Fouty,G,0,0,,2026,316,61.2,62,68.7,66,0,0,1,7,0,0,0,0,0,0,TOLEDO,TOLEDO,7,,,,,,,
156997,Malachi Davis,ED,0,1,,2028,316,60,49,27.1,D93,0,1,1,7,3,0,0,6,0,0,TOLEDO,TOLEDO,16,59.5,,,,,,
156998,Ethan Spoth,G,0,0,,2027,316,62.5,62.2,67.7,72,0,0,1,7,0,0,0,0,0,0,TOLEDO,TOLEDO,7,,,,,,,
157000,Avery Smith,CB,0,0,2026,2026,316,,47.6,28.1,D12,0,1,1,0,6,0,0,1,5,0,TOLEDO,TOLEDO,12,60.1,,,,,,
157005,Jeremiah Alexander,LB,0,0,,2030,103,,52.7,70,D35,0,0,1,0,1,4,6,4,6,0,ALABAMA,ALABAMA,21,60,,,,,,
157010,Aaron Anderson,WR,0,0,2026,2026,211,,60,63.7,01,0,0,1,0,0,0,1,0,0,0,LSU,LSU,1,,,,,,,
157013,Jihaad Campbell,LB,0,0,2025,2025,103,,59.9,62.3,D11,0,0,1,0,4,0,0,0,0,0,ALABAMA,ALABAMA,4,59.8,,,,,,
157022,E'Marion Harris,G,0,0,,2027,111,61,61.9,68.8,76,0,0,1,7,0,0,0,0,0,0,ARKANSAS,ARKANSAS,7,,,,,,,
157027,Mani Powell,LB,0,0,2026,2026,325,,59.4,68.2,D16,0,0,1,0,1,0,3,9,0,0,UNLV,UNLV,13,59.8,,,,,,
157032,Jordan Crook,LB,0,0,,2026,110,,56.2,69.7,D08,0,0,1,0,5,5,0,4,0,0,ARIZONA ST,ARIZONA ST,14,59.9,,,,,,
157050,Austin Ausberry,S,0,0,,2027,211,,45.9,68,D27,0,0,1,0,0,8,4,0,0,0,LSU,LSU,12,,,,,,,
157061,Mykel Williams,ED,0,0,2025,2025,173,,60,63.5,D13,0,0,1,0,0,0,0,0,1,0,GEORGIA,GEORGIA,1,,,,,,,
157063,Shone Washington,DI,0,0,,2027,211,,58.5,64.1,D95,0,0,1,0,5,0,0,0,0,0,LSU,LSU,5,58.6,,,,,,
157069,Malaki Starks,S,0,0,2025,2025,173,,60.3,70.3,D24,0,0,1,0,0,0,0,5,2,0,GEORGIA,GEORGIA,7,,,,60.3,,,
157070,Jalon Walker,LB,0,0,2025,2025,173,,67.7,65.9,D11,0,0,1,0,5,0,1,5,0,1,GEORGIA,GEORGIA,11,60,,,,,,
157072,Gunner Stockton,QB,0,0,,2027,173,60,60,60.3,14,0,0,1,2,0,0,0,0,0,0,GEORGIA,GEORGIA,2,,,,,,,
157075,Terrell Foster,LB,0,0,,2027,173,,57,65.5,D30,0,0,1,0,0,0,6,0,0,0,GEORGIA,GEORGIA,6,,,,,,,
157078,JaCorey Thomas,S,0,0,,2026,173,,61.7,68.7,D20,0,0,1,0,0,0,6,0,4,0,GEORGIA,GEORGIA,10,,,,,,,
157079,Daylen Everette,CB,0,0,2026,2026,173,,61.1,66.6,D06,0,0,1,0,5,3,0,0,1,0,GEORGIA,GEORGIA,9,60,,,,,,
157104,Quency Wiggins,DI,0,0,,2027,143,60,60.5,61.1,D49,0,0,1,3,0,0,0,0,0,0,COLORADO,COLORADO,3,,,,,,,
157107,Fitzgerald West Jr.,DI,0,0,,2027,207,,59.6,62.5,D68,0,0,1,0,2,0,0,0,0,0,LA LAFAYET,LA LAFAYET,2,59.4,,,,,,
157109,Javen Nicholas,WR,0,0,,2027,211,,65,68.1,19,0,0,1,0,0,8,0,0,0,0,LSU,LSU,8,,,,,,,
157119,Bo Bordelon,G,0,0,,2027,211,60,48.6,67.9,67,0,0,1,8,0,0,0,2,0,0,LSU,LSU,10,,,,,,,
157121,Malachi Lane,HB,0,0,,2027,211,,60,63.6,30,0,0,1,0,0,0,4,0,0,0,LSU,LSU,4,,,,,,,
157124,GiVanni Peterson,TE,0,0,,2026,211,,60.2,66,45,0,0,1,0,0,0,5,0,0,0,LSU,LSU,5,,,,,,,
157129,Davison Igbinosun,CB,0,0,2026,2026,260,,61,68.5,D01,0,0,1,0,1,0,0,0,3,0,OHIO STATE,OHIO STATE,4,59.9,,,,,,
157131,Drew Burnett,WR,0,0,,2027,226,,60.4,65.4,27,0,0,1,0,0,2,1,0,0,0,OLE MISS,OLE MISS,3,,,,,,,
157137,Fraser Masin,P,0,0,,2025,226,,60,65.4,S12,0,0,1,0,0,0,0,2,0,0,OLE MISS,OLE MISS,2,,,,,,,60
157143,DeCarlos Nicholson,CB,0,0,2026,2026,326,,60.1,65.2,D17,0,0,1,0,3,0,0,0,0,0,USC,USC,3,59.8,,,,,,
157153,Marquis Gracial,DI,0,0,,2027,229,60,61.4,67.3,D33,0,0,1,5,0,0,0,0,0,0,MISSOURI,MISSOURI,5,,,,,,,
157155,Jalen Marshall,DI,0,0,,2027,229,60.8,61.3,62.6,D95,0,0,1,5,1,0,0,0,0,0,MISSOURI,MISSOURI,6,59.6,,,,,,
157160,Curtis Peagler,G,0,0,,2027,229,60,61,62.9,77,0,0,1,5,0,0,0,0,0,0,MISSOURI,MISSOURI,5,,,,,,,
157164,Ja'Marion Wayne,CB,1,0,,2027,229,,49.6,70.2,D25,1,0,1,0,0,6,5,5,2,0,MISSOURI,MISSOURI,18,,,,,,,
157168,Tristan Wilson,G,0,0,,2027,229,,60.3,62.7,73,0,0,1,0,0,0,0,5,0,0,MISSOURI,MISSOURI,5,,,,,,,
157196,Ashton Jeanty,HB,0,0,2025,2025,120,,60,62.9,02,0,0,1,0,0,0,2,0,0,0,BOISE ST,BOISE ST,2,,59.9,,,,,
157197,Kage Casey,T,0,0,2026,2026,120,60,60.7,62.5,77,0,0,1,4,0,0,0,0,0,0,BOISE ST,BOISE ST,4,,,,,,,
157202,Braxton Fely,DI,0,0,,2027,120,,59.8,65,D90,0,0,1,0,4,0,0,0,1,0,BOISE ST,BOISE ST,5,59.2,,,,,,
157204,James Ferguson-Reynolds,P,0,0,,2026,120,60,60.9,66.9,S46,0,0,1,4,0,0,0,4,0,0,BOISE ST,BOISE ST,8,,,,,,,62.1
157214,Jaseim Mitchell,LB,0,0,,2027,144,,46.9,64.2,D22,0,0,1,0,0,4,0,0,0,0,COLO STATE,COLO STATE,4,,,,,,,
157217,Paddy Turner,P,0,0,,2025,144,60,60.5,65.3,S41,0,0,1,3,0,0,0,3,0,0,COLO STATE,COLO STATE,6,,,,,,,61
157253,Devon Jackson,LB,0,0,,2027,264,,61.2,68.8,D26,0,0,1,0,3,0,8,0,1,0,OREGON,OREGON,12,59.9,,,,,,
157254,Harrison Taggart,LB,0,0,,2028,128,,61.8,64.9,D11,0,0,1,0,0,5,2,0,0,0,BYU,BYU,7,,,,,,,
157288,Namdi Obiazor,LB,0,0,2026,2026,305,,60,62.2,D04,0,0,1,0,2,0,0,0,0,0,TCU,TCU,2,59.9,,,,,,
157289,TJ Willson,LB,0,0,,2026,305,,67.8,69.4,D41,0,0,1,0,0,7,0,0,0,1,TCU,TCU,7,,,,,,,
157291,Damonic Williams,DI,0,0,2026,2026,261,,59.4,64.2,D52,0,0,1,0,3,0,0,0,1,0,OKLAHOMA,OKLAHOMA,4,58.9,,,,,,
157296,Quinton Harris,T,0,0,,2028,305,60,60.3,61.6,54,0,0,1,3,0,0,0,0,0,0,TCU,TCU,3,,,,,,,
157304,Cole Hutson,G,0,0,,2027,311,60,61.6,64.5,54,0,0,1,7,0,0,0,0,0,0,TEXAS,TEXAS,7,,,,,,,
157307,Jaylon Guilbeau,CB,0,0,2026,2026,311,,60.7,66.5,D03,0,0,1,0,4,0,0,0,1,0,TEXAS,TEXAS,5,60.1,,,,,,
157308,Larry Turner-Gooden,S,0,0,,2027,285,,39.6,67.9,D05,0,0,1,0,0,3,0,0,7,0,S JOSE ST,S JOSE ST,10,,,,,,,
157311,BJ Allen Jr.,S,0,0,,2027,251,,49.7,27.9,D30,0,1,1,0,0,5,7,0,3,0,N TEXAS,N TEXAS,15,,,,,,,
157316,Drew Hocutt,WR,0,0,,2025,315,,61.6,69.3,14,0,0,1,0,0,1,8,0,3,0,TEXAS TECH,TEXAS TECH,12,,,,,,,
157320,Sammy Morris IV,CB,0,0,,2026,315,,60.8,63.9,D26,0,0,1,0,0,5,0,0,0,0,TEXAS TECH,TEXAS TECH,5,,,,,,,
157328,Bryson Donnell,HB,0,0,,2027,331,,69.6,66.5,22,0,0,1,0,0,0,1,0,6,0,UTSA,UTSA,7,,,,,,,
157329,Wesley Smith,LB,0,0,,2028,315,,60.2,68.5,D40,0,0,1,0,0,5,8,4,0,0,TEXAS TECH,TEXAS TECH,17,,,,,,,
157332,Ben Roberts,LB,0,0,,2027,315,,63.5,67,D13,0,0,1,0,7,5,0,4,1,0,TEXAS TECH,TEXAS TECH,17,60,,,,,,
157337,Coy Eakin,WR,0,0,,2027,315,,60.3,69.8,08,0,0,1,0,0,1,0,0,2,0,TEXAS TECH,TEXAS TECH,3,,,,61.9,,,
157345,Djouvensky Schlenbaker,HB,0,0,,2028,341,,59.5,70.8,15,0,0,1,0,0,3,9,0,0,0,WASH STATE,WASH STATE,12,,,,,,,
157346,Andre Dollar,TE,0,0,,2026,341,60,61.4,61.2,87,0,0,1,7,0,0,0,0,0,0,WASH STATE,WASH STATE,7,,,,,,,
157354,Asani Redwood,ED,0,0,,2027,343,,60,64.4,D92,0,0,1,0,1,0,0,0,1,0,W VIRGINIA,W VIRGINIA,2,60,,,,,,
157358,Jacolby Spells,CB,0,0,,2026,343,,60.1,65.1,D06,0,0,1,0,3,0,0,0,0,0,W VIRGINIA,W VIRGINIA,3,59.7,,,,,,
157359,Trey Lathan,LB,0,0,,2027,343,,66.8,67.8,D04,0,0,1,0,6,6,0,3,1,1,W VIRGINIA,W VIRGINIA,16,60,,,,,,
157360,Sullivan Weidman,G,0,0,,2027,343,60.7,61.6,63.1,56,0,0,1,5,0,0,0,0,0,0,W VIRGINIA,W VIRGINIA,5,,,,,,,
157361,Jarel Williams,WR,0,0,,2030,343,,61.4,70.6,10,0,0,1,0,0,0,8,0,1,0,W VIRGINIA,W VIRGINIA,9,,,,,,,
157362,Oliver Straw,P,0,0,,2027,343,,60,66.2,S41,0,0,1,0,0,0,0,3,0,0,W VIRGINIA,W VIRGINIA,3,,,,,,,62.3
157381,Jacob Lecates,C,0,0,,2027,206,60,60.1,63.3,74,0,0,1,2,0,0,0,0,0,0,LIBERTY,LIBERTY,2,,,,,,,
157387,Dexter Ricks Jr.,CB,0,0,,2027,206,,54.7,68.8,D20,0,0,1,0,2,0,0,6,1,0,LIBERTY,LIBERTY,9,59.8,,,,,,
157389,Jayden Sweeney,CB,0,0,,2027,206,,51.6,70,D22,1,0,1,0,4,2,0,6,2,0,LIBERTY,LIBERTY,14,59.7,,,,,,
157391,A'Khori Jones,S,0,0,,2026,206,,69.6,66.6,D29,0,0,1,0,7,2,7,6,2,1,LIBERTY,LIBERTY,24,60.1,,,,,,
157393,Elijah Auguste,S,0,0,,2026,206,,61.1,71.4,D14,0,0,1,0,1,2,7,6,2,0,LIBERTY,LIBERTY,18,60,,,,,,
157396,Tre Lawing,S,0,0,,2028,206,,60.5,64,D38,0,0,1,0,0,2,0,0,0,0,LIBERTY,LIBERTY,2,,,,,,,
157397,Dylan Mullins,S,0,0,,2028,206,,61,68.9,D39,0,0,1,0,0,0,7,0,2,0,LIBERTY,LIBERTY,9,,,,,,,
157399,Caeden Callahan,LB,0,0,,2027,206,,60,69.4,D54,0,0,1,0,0,0,0,0,2,0,LIBERTY,LIBERTY,2,,,,,,,
157403,Bryce Dixon,DI,0,0,,2027,206,,58.8,63.8,D99,0,0,1,0,5,0,0,0,0,0,LIBERTY,LIBERTY,5,58.8,,,,,,
157406,Jackson Vick,CB,0,0,,2027,248,,61.2,68.7,D22,0,0,1,0,1,4,6,1,1,0,NC STATE,NC STATE,13,60,,,,,,
157407,Isaiah Crowell,S,0,0,,2027,248,,56.4,69.3,D30,0,1,1,0,0,4,6,0,1,0,NC STATE,NC STATE,11,,,,,,,
157408,Walt Gerard,CB,0,0,,2025,248,,48.1,68.8,D29,0,0,1,0,0,4,0,0,1,0,NC STATE,NC STATE,5,,,,,,,
157411,Brandon Cleveland,DI,0,0,2026,2026,248,,60.1,79.3,D44,0,0,1,0,4,0,0,0,0,0,NC STATE,NC STATE,4,58.8,,,,,,
157421,Kanoah Vinesett,K,0,0,,2027,248,,60,63.3,S94,0,0,1,4,0,0,0,0,0,0,NC STATE,NC STATE,4,,,,,55.8,,
157423,Terrell Timmons Jr.,WR,0,0,,2027,143,,60,64.6,82,0,0,1,0,0,1,0,0,0,0,COLORADO,COLORADO,1,,,,,,,
157431,Bruce Mitchell,C,0,0,,2027,128,62,61.9,62.2,63,0,0,1,6,0,0,0,0,0,0,BYU,BYU,6,,,,,,,
157436,Isaiah Glasker,LB,0,0,,2027,128,,60.8,67,D16,0,0,1,0,3,0,1,1,1,0,BYU,BYU,6,60.1,,,,,,
157444,Samuel Dankah,ED,0,0,,2026,156,,60,61.5,D07,0,0,1,0,2,0,0,0,0,0,E CAROLINA,E CAROLINA,2,60,,,,,,
157480,Darius Lassiter,WR,0,0,2025,2025,128,,60,62.2,05,0,0,1,0,0,0,1,0,0,0,BYU,BYU,1,,,,,,,
157483,Tony Nelson,G,0,0,,2027,225,60,60.9,61.7,59,0,0,1,5,0,0,0,0,0,0,MINNESOTA,MINNESOTA,5,,,,,,,
157484,Maverick Baranowski,LB,0,0,,2027,225,,61,66.5,D06,0,0,1,0,2,0,2,2,2,0,MINNESOTA,MINNESOTA,8,60,,,,,,
157485,Anthony Smith,DI,0,0,,2027,225,,61.1,65.6,D00,0,0,1,0,1,0,0,0,2,0,MINNESOTA,MINNESOTA,3,59.8,,,,,,
157486,Frank Bierman,TE,0,0,,2026,225,,59.8,64,85,0,0,1,0,0,0,2,0,0,0,MINNESOTA,MINNESOTA,2,,,,,,,
157495,Rhyland Kelly,CB,0,0,,2027,225,,40.7,63.9,D18,1,0,1,0,0,5,0,0,0,1,MINNESOTA,MINNESOTA,5,,,,,,,
157496,Evan Redding,CB,0,0,,2027,225,,61.4,68.5,D22,0,0,1,0,0,5,0,0,0,0,MINNESOTA,MINNESOTA,5,,,,,,,
157497,Ashton Beers,G,0,0,,2027,225,60.3,61.7,66.8,78,0,0,1,5,0,0,0,0,0,0,MINNESOTA,MINNESOTA,5,,,,,,,
157498,Cade McConnell,T,0,0,,2028,333,60,60.9,61.9,70,0,0,1,5,0,0,0,0,0,0,VANDERBILT,VANDERBILT,5,,,,,,,
157506,Joey Gerlach,LB,0,0,,2027,225,,79.2,67.6,D19,0,0,1,0,0,5,2,2,4,1,MINNESOTA,MINNESOTA,13,,,,,,,
157509,Coleman Bryson,S,0,0,,2027,225,,60.7,67.1,D16,0,0,1,0,1,0,2,2,4,0,MINNESOTA,MINNESOTA,9,60,,,,,,
157533,Elijah Hall,DI,0,0,,2027,206,,60.2,64.6,D93,0,0,1,0,3,0,0,0,1,0,LIBERTY,LIBERTY,4,59.5,,,,,,
157534,Wesley Grimes,WR,0,0,2026,2026,248,,60,64.5,06,0,0,1,0,0,0,0,1,0,0,NC STATE,NC STATE,1,,,,,,,
157559,Evan Ladwig,G,0,0,,2025,193,60,61.2,63.1,53,0,0,1,6,0,0,0,0,0,0,IOWA STATE,IOWA STATE,6,,,,,,,
157560,Jace Gilbert,K,0,0,,2027,193,,60,69.4,S20,0,0,1,0,0,7,0,0,0,0,IOWA STATE,IOWA STATE,7,,,,,,73.2,
157562,Will McLaughlin,LB,0,0,,2027,193,,60.1,63.2,D23,0,0,1,0,5,0,0,0,0,0,IOWA STATE,IOWA STATE,5,59.9,,,,,,
157568,Tyler Perkins,P,0,0,,2026,193,60,60.8,64.7,S80,0,0,1,6,0,0,0,3,0,0,IOWA STATE,IOWA STATE,9,,,,,,,58.8
157570,Caden Kock,S,1,0,,2027,193,,68.1,68.3,D35,0,0,1,0,0,7,8,0,1,0,IOWA STATE,IOWA STATE,16,,,,,,,
157572,Chet Andrews,ED,0,0,,2027,193,,56.2,64.7,D96,0,0,1,0,0,7,0,0,0,1,IOWA STATE,IOWA STATE,7,,,,,,,
157573,Jack Bjorn,TE,0,0,,2027,193,60,61.3,60.6,48,0,0,1,6,0,0,0,0,0,0,IOWA STATE,IOWA STATE,6,,,,,,,
157578,Gabe Burkle,TE,0,0,,2027,193,60,57,66.6,84,0,0,1,6,0,0,8,3,0,0,IOWA STATE,IOWA STATE,17,,,,,,,
157583,Jontez Williams,CB,0,0,,2027,193,,60.8,66.5,D03,0,0,1,0,7,0,0,0,0,0,IOWA STATE,IOWA STATE,7,60.1,,,,,,
157589,Eddie Lemos,CB,0,0,,2027,193,,60,65.5,D38,0,0,1,0,0,0,0,0,1,0,IOWA STATE,IOWA STATE,1,,,,,,,
157591,Ikenna Ezeogu,ED,0,0,,2027,193,,59.4,63.4,D88,0,0,1,0,7,0,0,0,0,0,IOWA STATE,IOWA STATE,7,59.3,,,,,,
157593,Blake Thompson,S,0,0,,2026,208,,60.3,62.6,D00,0,0,1,0,2,2,0,0,0,0,LA TECH,LA TECH,4,60,,,,,,
157599,James Neal III,T,0,0,2026,2026,193,60.2,61.7,68.3,75,0,0,1,6,0,0,0,0,0,0,IOWA STATE,IOWA STATE,6,,,,,,,
157602,Domonique Orange,DI,0,0,2026,2026,193,,58.8,64.4,D95,0,0,1,0,7,0,0,0,0,0,IOWA STATE,IOWA STATE,7,58.8,,,,,,
157607,Terrell Crosby Jr.,WR,0,0,,2028,316,,69,70.4,19,0,0,1,0,0,6,0,5,5,0,TOLEDO,TOLEDO,16,,,,,,,
157608,Jeremiah Cooper,S,0,0,,2027,193,,61.1,64.3,D04,0,0,1,0,0,7,0,0,0,0,IOWA STATE,IOWA STATE,7,,,,,,,
157614,Elijah Herring,LB,0,0,,2026,218,,60.2,62.7,D31,0,0,1,0,5,0,0,0,0,0,MEMPHIS,MEMPHIS,5,60,,,,,,
157637,Tavian Coleman,DI,0,0,,2026,314,,59.9,64.1,D08,0,0,1,0,0,0,0,0,1,0,TEXAS ST,TEXAS ST,1,,,,,,,
157639,Benji Gosnell,TE,0,0,,2027,337,60,60,60.9,82,0,0,1,2,0,0,0,0,0,0,VA TECH,VA TECH,2,,,,,,,
157642,Johnny Garrett,T,0,0,,2027,337,60,60,62.1,79,0,0,1,2,0,0,0,0,0,0,VA TECH,VA TECH,2,,,,,,,
157644,Xayvion Turner-Bradshaw,WR,0,0,,2027,337,,60.6,63.4,05,0,0,1,0,0,2,0,0,1,0,VA TECH,VA TECH,3,,,,,,,
157645,Dae'Quan Wright,TE,0,0,2026,2026,226,,60,63.1,08,0,0,1,0,0,0,1,0,0,0,OLE MISS,OLE MISS,1,,,,,,,
157646,Christian Epling,LS,0,0,,2027,337,60,66,63.9,S96,0,0,1,2,0,0,0,6,0,0,VA TECH,VA TECH,8,,,82.6,,,,
157647,Harrison Saint Germain,TE,0,0,,2027,337,60,71.1,64.9,87,0,0,1,2,0,0,5,6,0,0,VA TECH,VA TECH,13,,,,,,,
157652,Devin Alves,S,0,0,,2028,337,,60,61.9,D11,0,0,1,0,2,0,0,0,1,0,VA TECH,VA TECH,3,60,,,,,,
157654,Keyshawn Burgos,ED,0,0,,2028,337,,59.8,63.2,D02,0,0,1,0,4,0,0,0,0,0,VA TECH,VA TECH,4,59.6,,,,,,
157659,John Love,K,0,0,,2027,337,,60,62.5,S17,0,0,1,2,0,0,0,0,0,0,VA TECH,VA TECH,2,,,,,60,,
157660,Johnny Dickson III,G,0,0,,2027,251,60,61.4,66.3,54,0,0,1,4,0,0,0,0,0,0,N TEXAS,N TEXAS,4,,,,,,,
157697,Ben Reznik,T,0,0,,2026,143,60,60.4,62.5,72,0,0,1,3,0,0,0,0,0,0,COLORADO,COLORADO,3,,,,,,,
157703,Cole Boscia,WR,0,0,,2027,130,,64.8,68.4,82,0,0,1,0,0,1,5,0,5,1,CAL,CAL,11,,,,,,,
157704,Zach Courtney,TE,0,0,,2027,141,60,61.2,67.7,33,0,0,1,1,0,3,9,7,0,0,COAST CAR,COAST CAR,20,,,,,,,
157727,Hayden Hansen,TE,0,0,,2027,163,60,73.8,63.6,89,0,0,1,7,0,0,2,3,0,1,FLORIDA,FLORIDA,12,,,,,,,
157733,Trey Smack,K,0,0,2026,2026,163,,60.6,68.5,S29,0,0,1,7,0,8,0,0,0,0,FLORIDA,FLORIDA,15,,,,,73.8,71.7,
157734,Javion Toombs,CB,0,0,,2027,163,,65,64.9,D37,0,0,1,0,0,8,0,0,0,0,FLORIDA,FLORIDA,8,,,,,,,
157735,Kamari Wilson,LB,0,0,,2027,110,,46.6,64.1,D20,0,0,1,0,0,5,0,0,0,0,ARIZONA ST,ARIZONA ST,5,,,,,,,
157740,Caleb Douglas,WR,0,0,2026,2026,315,,58,65.4,05,0,0,1,0,0,1,8,0,0,0,TEXAS TECH,TEXAS TECH,9,,,,,,,
157742,Miguel Mitchell,S,0,0,,2027,111,,61.1,67.8,D16,0,0,1,0,0,0,5,0,1,0,ARKANSAS,ARKANSAS,6,,,,,,,
157743,Chris McClellan,DI,0,0,2026,2026,229,,62.7,68,D07,0,0,1,0,2,0,0,0,5,0,MISSOURI,MISSOURI,7,59.8,,,,,,
157749,Shemar James,LB,0,0,2025,2025,163,,61.5,66.9,D06,0,0,1,0,1,5,1,3,3,0,FLORIDA,FLORIDA,13,60,,,,,,
157752,Tyreak Sapp,ED,0,0,2026,2026,163,,62.3,66.5,D94,0,0,1,0,0,0,0,3,4,0,FLORIDA,FLORIDA,7,,,,,,,
157758,Sterling Lockett,WR,0,0,,2027,199,,60,63.9,06,0,0,1,0,0,0,0,0,4,0,KANSAS ST,KANSAS ST,4,,,,63.7,,,
157761,Tyson Struber,CB,0,0,,2027,199,,62.7,71.1,D33,0,0,1,0,0,0,0,0,4,0,KANSAS ST,KANSAS ST,4,,,,,,,
157766,Drake Bequeaith,G,0,0,,2027,199,60,61.1,66.6,53,0,0,1,4,0,0,0,0,0,0,KANSAS ST,KANSAS ST,4,,,,,,,
157767,Michael Capria,C,0,0,,2027,199,60,61.4,66.3,66,0,0,1,4,0,0,0,0,0,0,KANSAS ST,KANSAS ST,4,,,,,,,
157775,Uso Seumalo,DI,0,0,2026,2026,199,,59.1,64.5,D99,0,0,1,0,7,0,0,4,0,0,KANSAS ST,KANSAS ST,11,58.8,,,,,,
157776,Jordan Wright,CB,0,0,,2026,146,,60.4,65.5,D00,0,0,1,0,2,0,0,0,1,0,UCONN,UCONN,3,60,,,,,,
157778,Joe Hall III,CB,0,0,,2027,199,,59.3,65.8,D13,0,0,1,0,0,0,0,4,0,0,KANSAS ST,KANSAS ST,4,,,,,,,
157779,Jet Dineen,S,0,0,,2027,199,,58.1,67.2,D14,0,0,1,0,0,0,8,0,4,0,KANSAS ST,KANSAS ST,12,,,,,,,
157780,VJ Payne,S,0,0,2026,2026,199,,60.2,66.1,D19,0,0,1,0,6,0,0,0,0,0,KANSAS ST,KANSAS ST,6,59.8,,,,,,
157781,Kobe Savage,S,0,0,,2025,264,,60.5,62.2,D05,0,0,1,0,7,0,0,0,1,0,OREGON,OREGON,8,59.9,,,,,,
157786,Tobi Osunsanmi,ED,0,0,,2027,199,,59.6,63.8,D44,0,0,1,0,3,0,0,0,0,0,KANSAS ST,KANSAS ST,3,59.4,,,,,,
157787,Zach Wittenberg,LB,0,0,,2026,199,,69.3,66.9,D48,0,0,1,0,0,8,8,4,0,0,KANSAS ST,KANSAS ST,20,,,,,,,
157790,Mason Olguin,LS,0,0,,2026,199,60,65.3,63.2,S16,0,0,1,4,0,0,0,4,0,0,KANSAS ST,KANSAS ST,8,,,80.2,,,,
157827,Kejuan Bullard Jr.,CB,0,0,,2027,285,,61,68.6,D00,0,0,1,0,0,0,0,2,7,0,S JOSE ST,S JOSE ST,9,,,,,,,
157831,Matt Coleman,WR,0,0,,2028,285,,60.1,64.5,14,0,0,1,0,0,0,0,0,7,0,S JOSE ST,S JOSE ST,7,,,,62.1,,,
157835,Jabari Bates,HB,0,0,,2027,285,,59.8,62.3,06,0,0,1,0,0,0,6,0,0,0,S JOSE ST,S JOSE ST,6,,66.4,,,,,
157838,Ethan Powell,LB,0,0,,2027,285,,46.9,66.5,D26,1,0,1,0,4,0,0,1,0,0,S JOSE ST,S JOSE ST,5,60.1,,,,,,
157839,Denaris DeRosa Jr.,G,0,0,,2028,285,60,60,63.4,65,0,0,1,1,0,0,0,0,0,0,S JOSE ST,S JOSE ST,1,,,,,,,
157842,Joseph Harbert,C,0,0,,2027,285,63.1,62.1,62.3,75,0,0,1,7,0,0,0,0,0,0,S JOSE ST,S JOSE ST,7,,,,,,,
157843,Jake Steele,G,0,0,,2027,120,60,61.4,62,68,0,0,1,4,0,0,0,0,0,0,BOISE ST,BOISE ST,4,,,,,,,
157845,Jordan Pollard,LB,0,0,,2026,285,,59.5,67.2,D10,0,0,1,0,4,0,0,5,0,0,S JOSE ST,S JOSE ST,9,60,,,,,,
157846,Justin Stearns,ED,0,0,,2027,285,,79.5,68.2,D23,0,0,1,0,3,0,6,0,0,0,S JOSE ST,S JOSE ST,9,59.3,,,,,,
157853,Dejon Roney,ED,0,0,,2027,285,,59.4,63.5,D48,0,0,1,0,3,0,0,0,0,0,S JOSE ST,S JOSE ST,3,59.3,,,,,,
157859,Kenton Jerido,G,0,0,,2027,288,60.2,61.7,68.3,69,0,0,1,6,0,0,0,0,0,0,S ALABAMA,S ALABAMA,6,,,,,,,
157861,Marquise Robinson,CB,0,0,2025,2025,111,,69.2,68.8,D13,0,0,1,0,4,8,0,0,3,1,ARKANSAS,ARKANSAS,15,60,,,,,,
157867,Malachi Carney,T,0,0,,2027,288,60,61.2,63.1,77,0,0,1,6,0,0,0,0,0,0,S ALABAMA,S ALABAMA,6,,,,,,,
157871,Damon Parr,T,0,0,,2027,288,61.5,62,67.2,75,0,0,1,6,0,0,0,0,0,0,S ALABAMA,S ALABAMA,6,,,,,,,
157874,Blayne Myrick,LB,0,0,,2027,288,,74.2,66.4,D32,0,0,1,0,5,0,1,2,2,1,S ALABAMA,S ALABAMA,10,60.2,,,,,,
157876,Bam McReynolds,HB,0,0,,2027,288,,59.8,62.3,00,0,0,1,0,0,0,6,0,0,0,S ALABAMA,S ALABAMA,6,,58.7,,,,,
157937,Jonathan Capo,S,0,0,,2026,126,,67.1,67.2,D04,0,0,1,0,0,7,2,3,5,1,BUFFALO,BUFFALO,17,,,,,,,
157948,Red Murdock,LB,0,0,2026,2026,126,,60.1,65.5,D41,0,0,1,0,2,0,0,3,1,0,BUFFALO,BUFFALO,6,60,,,,,,
157956,Cornell Evans,DI,0,0,,2027,126,,60,61.8,D99,0,0,1,0,1,0,0,0,0,0,BUFFALO,BUFFALO,1,59.7,,,,,,
158004,Davion Carter,G,0,0,,2026,315,60,60.5,64.8,56,0,0,1,2,0,0,0,0,0,0,TEXAS TECH,TEXAS TECH,2,,,,,,,
158012,Eric Smith,T,0,0,,2027,221,60,61.4,63.1,51,0,0,1,7,0,0,0,0,0,0,MIAMI OH,MIAMI OH,7,,,,,,,
158013,Gavin Rohrs,G,0,0,,2027,221,62.5,62.2,67.6,76,0,0,1,7,0,0,0,0,0,0,MIAMI OH,MIAMI OH,7,,,,,,,
158014,Devin Johnson,CB,0,0,,2027,221,,60,63.9,D32,0,0,1,0,0,1,0,0,0,0,MIAMI OH,MIAMI OH,1,,,,,,,
158015,Drew Terrill,T,0,0,,2027,221,60,61.6,63.9,78,0,0,1,7,0,0,0,0,0,0,MIAMI OH,MIAMI OH,7,,,,,,,
158021,Adam Trick,ED,0,0,,2027,221,,60.4,65.4,D20,0,0,1,0,2,0,1,3,2,0,MIAMI OH,MIAMI OH,8,59.5,,,,,,
158024,Grant Lyons,ED,0,0,,2027,221,,60.8,63.9,D43,0,0,1,0,0,0,1,3,1,0,MIAMI OH,MIAMI OH,5,,,,,,,
158025,Josh Lukusa,ED,0,0,,2027,221,,59.7,64.3,D94,0,0,1,0,3,0,0,0,1,0,MIAMI OH,MIAMI OH,4,59.1,,,,,,
158027,Eli Coppess,S,0,0,,2027,221,,62.3,69,D26,0,0,1,0,0,9,3,1,1,0,MIAMI OH,MIAMI OH,14,,,,,,,
158029,Hudson Powell,LS,0,0,,2028,221,64.9,65.1,63,S59,0,0,1,7,0,0,0,3,0,0,MIAMI OH,MIAMI OH,10,,,78.3,,,,
158037,Roy Williams,ED,0,0,,2026,254,,60.7,67.4,D97,0,0,1,0,5,0,0,0,2,0,N ILLINOIS,N ILLINOIS,7,59.4,,,,,,
158039,Abiathar Curry,G,0,0,,2027,254,60,61.2,64.6,55,0,0,1,5,0,0,0,0,0,0,N ILLINOIS,N ILLINOIS,5,,,,,,,
158042,Dane Pardridge,WR,0,0,,2028,254,,60,63.3,08,0,0,1,0,0,0,0,0,3,0,N ILLINOIS,N ILLINOIS,3,,,,61.4,,,
158046,Trey Porter,S,0,0,,2027,254,,29.5,68.8,D27,0,0,1,0,0,4,3,2,1,0,N ILLINOIS,N ILLINOIS,10,,,,,,,
158049,Jake Gassaway,LB,0,0,,2027,254,,58.7,66.7,D25,0,0,1,0,0,4,3,0,1,0,N ILLINOIS,N ILLINOIS,8,,,,,,,
158052,Malik Armstrong,CB,0,0,,2027,254,,60.8,65.1,D14,0,0,1,0,0,0,0,0,3,0,N ILLINOIS,N ILLINOIS,3,,,,,,,
158063,Jacob Finley,CB,0,0,,2027,254,,60.3,65.9,D03,0,0,1,0,5,0,0,0,0,0,N ILLINOIS,N ILLINOIS,5,59.7,,,,,,
158065,Reggie Jean,DI,0,0,,2027,254,,60,65.9,D90,0,0,1,0,0,0,0,0,2,0,N ILLINOIS,N ILLINOIS,2,,,,,,,
158067,Joey Rattin,LB,0,0,,2025,254,,78,70.2,D37,0,0,1,0,0,4,3,2,1,1,N ILLINOIS,N ILLINOIS,10,,,,,,,
158068,Izuchukwu Ozoh,T,0,0,,2026,254,60,61.1,61.4,88,0,0,1,5,0,0,0,0,0,0,N ILLINOIS,N ILLINOIS,5,,,,,,,
158070,Jaren Kanak,LB,0,0,2026,2026,261,,67.3,68.2,D07,0,0,1,0,0,4,4,3,3,1,OKLAHOMA,OKLAHOMA,14,,,,,,,
158071,Kip Lewis,LB,0,0,,2027,261,,60.5,61.3,D10,0,0,1,0,3,0,0,0,2,0,OKLAHOMA,OKLAHOMA,5,60,,,,,,
158072,Kaden Helms,TE,0,0,,2027,261,60,60.5,61.1,18,0,0,1,3,0,0,0,0,0,0,OKLAHOMA,OKLAHOMA,3,,,,,,,
158074,Robert Spears-Jennings,S,0,0,2026,2026,261,,60.9,64.9,D03,0,0,1,0,3,0,0,0,2,0,OKLAHOMA,OKLAHOMA,5,59.7,,,,,,
158077,Ben Anderson,LS,0,0,,2027,261,60,64.5,63,S50,0,0,1,3,0,0,0,3,0,0,OKLAHOMA,OKLAHOMA,6,,,79.1,,,,
158080,R Mason Thomas,ED,0,0,2026,2026,261,,60.9,65.4,D32,0,0,1,0,4,0,0,0,2,0,OKLAHOMA,OKLAHOMA,6,59.7,,,,,,
158088,Gavin Sawchuk,HB,0,0,,2027,261,,60,63,27,0,0,1,0,0,0,1,0,0,0,OKLAHOMA,OKLAHOMA,1,,,,,,,
158089,Kobie McKinzie,LB,0,0,,2027,261,,60.5,64,D11,0,0,1,0,4,0,2,0,2,0,OKLAHOMA,OKLAHOMA,8,59.6,,,,,,
158096,Jason Llewellyn,TE,0,0,,2027,315,,72.1,66.6,89,0,0,1,0,0,0,5,4,0,0,TEXAS TECH,TEXAS TECH,9,,,,,,,
158098,Owen Heinecke,LB,0,0,,2027,261,,62.2,69.8,D38,0,0,1,0,1,4,4,3,3,0,OKLAHOMA,OKLAHOMA,15,60,,,,,,
158101,Peyton Williams,S,0,0,,2027,289,,61.3,65.2,D31,0,0,1,0,0,4,4,0,0,0,S CAROLINA,S CAROLINA,8,,61.8,,,,,
158116,DQ Smith,S,0,0,,2027,289,,60.4,67.1,D01,0,0,1,0,3,0,0,2,1,0,S CAROLINA,S CAROLINA,6,60,,,,,,
158118,Keenan Nelson,CB,0,0,,2027,260,,60.5,64.2,D16,0,0,1,0,0,3,0,0,0,0,OHIO STATE,OHIO STATE,3,,,,,,,
158125,Kajuan Banks,CB,0,0,,2027,327,,61,66,D13,0,0,1,0,5,0,0,0,1,0,USF,USF,6,60.2,,,,,,
158132,Fisher Camac,ED,0,0,,2027,325,60,60.6,62.8,D28,0,0,1,4,2,0,0,0,0,0,UNLV,UNLV,6,59.6,,,,,,
158140,Tatuo Martinson,DI,0,0,,2026,325,,70.5,68.5,D98,0,0,1,0,4,0,4,0,0,0,UNLV,UNLV,8,59,,,,,,
158142,Senika McKie,WR,0,0,,2025,141,,51.5,66.2,00,0,0,1,0,0,2,0,7,0,1,COAST CAR,COAST CAR,9,,,,,,,
158150,August Johanningsmeier,DI,0,0,,2027,347,,60.2,64.6,D88,0,0,1,0,0,0,6,4,0,0,W MICHIGAN,W MICHIGAN,10,,,,,,,
158152,Dillon Moore,LB,0,0,,2027,347,,61.6,66.9,D12,0,0,1,0,0,5,0,0,0,0,W MICHIGAN,W MICHIGAN,5,,,,,,,
158159,RJ Todd,LS,0,0,,2027,347,61.6,65.4,63.2,S46,0,0,1,5,0,0,0,4,0,0,W MICHIGAN,W MICHIGAN,9,,,80,,,,
158160,Palmer Domschke,K,0,0,,2027,347,,60,68.4,S37,0,0,1,0,0,5,0,0,0,0,W MICHIGAN,W MICHIGAN,5,,,,,,63,
158193,Weston Adams,WR,0,0,,2027,187,,60,64.1,86,0,0,1,0,0,0,0,0,2,0,ILLINOIS,ILLINOIS,2,,,,,,,
158197,Matthew Bailey,S,0,0,,2027,187,,60,60.8,D07,0,0,1,0,4,0,0,0,0,0,ILLINOIS,ILLINOIS,4,59.9,,,,,,
158198,Hank Beatty,WR,0,0,2026,2026,187,,60,65.4,80,0,0,1,0,0,0,4,0,2,0,ILLINOIS,ILLINOIS,6,,,,62.7,,,
158201,Nico Crawford,LS,0,0,,2027,268,63.4,62.8,61.8,S48,0,0,1,6,0,0,0,0,0,0,PITTSBURGH,PITTSBURGH,6,,,70.1,,,,
158202,Zylon Crisler,G,0,0,,2026,187,60,61,61.8,72,0,0,1,3,0,0,0,0,0,0,ILLINOIS,ILLINOIS,3,,,,,,,
158205,TJ Griffin,S,0,0,,2027,187,,60.3,62.9,D29,0,0,1,0,0,2,0,0,0,0,ILLINOIS,ILLINOIS,2,,,,,,,
158206,Grayson Griffin,S,0,0,,2026,187,,61.2,66.9,D35,0,0,1,0,0,4,0,0,0,0,ILLINOIS,ILLINOIS,4,,,,,,,
158210,Gabe Jacas,ED,0,0,2026,2026,187,,61,65.3,D17,0,0,1,0,4,4,0,0,0,0,ILLINOIS,ILLINOIS,8,59.8,,,,,,
158211,James Kreutz,LB,0,0,,2027,187,,59.9,65.2,D41,0,0,1,0,4,0,0,3,0,0,ILLINOIS,ILLINOIS,7,60,,,,,,
158223,Fabrizio Pinton,P,0,0,,2026,187,,60,66.2,S98,0,0,1,0,0,0,0,3,0,0,ILLINOIS,ILLINOIS,3,,,,,,,48.2
158226,Xavier Scott,CB,0,0,,2027,187,,60.3,64.3,D14,0,0,1,0,4,0,0,0,0,0,ILLINOIS,ILLINOIS,4,60,,,,,,
158249,Victor Snow,WR,0,0,,2027,126,,59.7,66.2,00,0,0,1,0,0,0,2,3,6,0,BUFFALO,BUFFALO,11,,60,,64,,,
158266,Drenon Fite III,ED,0,0,,2027,207,60,57.2,67,D31,0,0,1,2,0,0,2,6,0,0,LA LAFAYET,LA LAFAYET,10,,,,,,,
158267,Dylan Frazier,DI,0,0,,2027,281,60,61.5,68.4,D97,0,0,1,5,0,0,0,0,0,0,SM HOUSTON,SM HOUSTON,5,,,,,,,
158273,Rhett Larson,T,0,0,,2027,281,60,60.9,61.9,70,0,0,1,5,0,0,0,0,0,0,SM HOUSTON,SM HOUSTON,5,,,,,,,
158295,Joe Cruz,G,0,0,,2027,304,60,62,69.3,78,0,0,1,7,0,0,0,0,0,0,SYRACUSE,SYRACUSE,7,,,,,,,
158296,Gregory Delaine Jr.,CB,0,0,,2027,304,,60.2,65.1,D32,0,0,1,0,3,0,0,0,0,0,SYRACUSE,SYRACUSE,3,60,,,,,,
158300,Denis Jaquez Jr.,ED,0,0,,2026,304,,60.8,64.9,D11,0,0,1,0,4,0,0,0,1,0,SYRACUSE,SYRACUSE,5,60.1,,,,,,
158302,Josh Kubala,LB,0,0,,2027,304,,77.4,70.7,D49,0,0,1,0,0,5,5,2,0,2,SYRACUSE,SYRACUSE,12,,,,,,,
158305,Cornell Perry,S,0,0,,2027,304,,71.2,69,E19,0,0,1,0,0,9,6,0,0,0,SYRACUSE,SYRACUSE,15,,,,,,,
158307,Chad Schuster,G,0,0,,2027,347,60,60.9,61.9,76,0,0,1,5,0,0,0,0,0,0,W MICHIGAN,W MICHIGAN,5,,,,,,,
158308,Ethan Stangle,LS,0,0,,2027,304,23.4,27.8,63,S61,0,0,1,7,0,0,0,2,0,0,SYRACUSE,SYRACUSE,9,,,0,,,,
158312,Jackson Brown,T,0,0,,2028,268,60,61.4,63.2,77,0,0,1,6,0,0,0,0,0,0,PITTSBURGH,PITTSBURGH,6,,,,,,,
158313,Mayze Bryant,S,0,0,,2028,130,,60,63.9,D30,0,0,1,0,0,1,0,0,0,0,CAL,CAL,1,,,,,,,
158314,Nate Burrell,DI,0,0,,2027,130,,71.5,64.8,D98,0,0,1,0,1,0,5,0,1,0,CAL,CAL,7,59.6,,,,,,
158316,Jeremiah Earby,CB,0,0,,2026,120,,54.8,68.1,D06,0,0,1,0,3,0,0,4,1,0,BOISE ST,BOISE ST,8,60,,,,,,
158327,Trent Ramsey,G,0,0,,2027,130,60,49.5,66.2,68,1,0,1,4,0,0,0,5,0,0,CAL,CAL,9,,,,,,,
158329,Cam Sidney,S,0,0,,2027,130,,61,65.5,D20,0,0,1,0,3,3,0,1,1,0,CAL,CAL,8,60.1,,,,,,
158340,Latrell Bullard,DI,0,0,,2027,174,,59.3,63.9,D57,0,0,1,0,2,0,0,0,0,0,GA SOUTHRN,GA SOUTHRN,2,59.1,,,,,,
158341,Dalen Cobb,WR,0,0,,2026,174,,60,62.3,01,0,0,1,0,0,0,6,0,0,0,GA SOUTHRN,GA SOUTHRN,6,,59,,,,,
158343,Josh Dallas,WR,0,0,,2027,174,,60.4,65,19,0,0,1,0,0,1,0,0,7,0,GA SOUTHRN,GA SOUTHRN,8,,,,50.2,,,
158344,Da'Shawn Davis,ED,0,0,,2027,174,,60,69,D90,0,0,1,0,2,0,0,0,0,0,GA SOUTHRN,GA SOUTHRN,2,59.6,,,,,,
158346,Elhadj Fall,DI,0,0,,2027,174,,58.9,63.9,D94,0,0,1,0,3,0,0,0,0,0,GA SOUTHRN,GA SOUTHRN,3,58.8,,,,,,
158348,Terrance Gibbs,HB,0,0,,2027,174,,60.4,66.9,20,0,0,1,0,0,4,0,4,0,0,GA SOUTHRN,GA SOUTHRN,8,,,,,,,
158349,Jacob Hammonds,LB,0,0,,2027,174,,44.7,68.5,D10,1,0,1,0,0,5,4,2,1,0,GA SOUTHRN,GA SOUTHRN,12,,,,,,,
158350,Tracy Hill Jr.,CB,0,0,,2027,174,,60.9,66.8,D12,0,0,1,0,3,1,2,0,0,0,GA SOUTHRN,GA SOUTHRN,6,60,,,,,,
158364,Marc Stampley II,S,0,0,,2026,174,,60.5,64,D22,0,0,1,0,5,1,0,0,0,0,GA SOUTHRN,GA SOUTHRN,6,60,,,,,,
158366,MJ Stroud,ED,0,0,,2027,174,,60,61.9,D18,0,0,1,0,2,0,0,0,0,0,GA SOUTHRN,GA SOUTHRN,2,59.9,,,,,,
158386,Katin Houser,QB,0,0,,2027,156,,60,63.3,04,0,1,1,0,0,0,0,0,0,0,E CAROLINA,E CAROLINA,0,,,,,,,
158387,Malcolm Jones,S,0,0,,2027,196,,64.2,64.8,D12,0,0,1,0,1,5,0,0,0,0,JVILLE ST,JVILLE ST,6,59.6,,,,,,
158392,Braden Miller,G,0,0,,2027,130,60,61.4,62,77,0,0,1,4,0,0,0,0,0,0,CAL,CAL,4,,,,,,,
158398,Jack Stone,K,0,0,,2026,118,,60,67,S99,1,0,1,0,0,3,0,0,0,0,BAYLOR,BAYLOR,3,,,,,,61.3,
158404,Zion Young,ED,0,0,2026,2026,229,,60.9,65.7,D09,0,0,1,0,4,0,0,0,4,0,MISSOURI,MISSOURI,8,59.1,,,,,,
158407,Alex Bauman,TE,0,0,,2026,319,60,60.5,66.7,87,0,0,1,1,0,0,7,5,0,0,TULANE,TULANE,13,,,,,,,
158410,Sully Burns,T,0,0,,2027,314,60,60.1,64.2,68,0,0,1,6,4,0,0,0,0,0,TEXAS ST,TEXAS ST,10,59,,,,,,
158411,Brice Busch,P,0,0,,2026,319,60,60,60.2,S62,0,0,1,1,0,0,0,0,0,0,TULANE,TULANE,1,,,,,,,
158415,Kameron Hamilton,DI,0,0,,2027,319,,59.6,64.6,D70,0,0,1,0,7,0,0,0,0,0,TULANE,TULANE,7,59.3,,,,,,
158418,Shadre Hurst,G,0,0,,2027,319,60,60,60.9,56,0,0,1,1,0,0,0,0,0,0,TULANE,TULANE,1,,,,,,,
158421,Garrett Mmahat,WR,0,0,,2027,319,,60.4,66.3,16,0,0,1,0,0,2,8,0,0,0,TULANE,TULANE,10,,,,,,,
158449,Jordan McDonald,HB,0,0,,2026,121,,50.3,69.9,24,0,0,1,0,0,3,4,0,2,0,BOSTON COL,BOSTON COL,9,,,,,,,
158461,Garrison Madden,LB,0,0,,2027,326,,65.5,69.3,D41,0,0,1,0,0,6,6,0,2,1,USC,USC,14,,,,,,,
158462,Roman Marchetti,LB,0,0,,2027,326,,52,66.8,D57,0,0,1,0,0,6,6,0,2,0,USC,USC,14,,,,,,,
158468,Gage Roy,QB,0,0,,2027,326,60,60.3,60.5,28,0,0,1,4,0,0,0,0,0,0,USC,USC,4,,,,,,,
158470,Devan Thompkins,DI,0,0,,2027,326,,60.1,65.5,D98,0,0,1,0,4,0,0,0,2,0,USC,USC,6,59.1,,,,,,
158511,Bryce Grays,S,0,0,,2027,331,,71.2,68.3,D26,0,0,1,0,0,9,0,0,6,1,UTSA,UTSA,15,,,,,,,
158514,Bryson Lamb,DI,0,0,,2027,341,,58.5,63.9,D99,0,0,1,0,4,0,0,0,0,0,WASH STATE,WASH STATE,4,58.6,,,,,,
158515,Jonny Lester,T,0,0,,2027,341,60,61.5,63.9,67,0,0,1,7,0,0,0,0,0,0,WASH STATE,WASH STATE,7,,,,,,,
158517,Rashad McKenzie,DI,0,0,,2028,341,,59.1,63.1,D19,0,0,1,0,2,0,0,0,0,0,WASH STATE,WASH STATE,2,59,,,,,,
158522,Javan Robinson,CB,0,0,,2027,110,,61,67.6,D12,0,0,1,0,7,0,0,0,1,0,ARIZONA ST,ARIZONA ST,8,59.9,,,,,,
158525,Leyton Smithson,S,0,0,,2026,341,,34.1,68.7,D10,1,0,1,0,0,6,9,1,2,0,WASH STATE,WASH STATE,18,,64.1,,,,,
158527,Reece Sylvester,S,0,0,,2027,341,,60.6,64.8,D28,0,0,1,0,1,0,0,0,2,0,WASH STATE,WASH STATE,3,59.9,,,,,,
158534,Henry Donohue,HB,0,0,,2025,222,,56.8,64.9,49,0,0,1,0,0,0,4,0,0,0,MICHIGAN,MICHIGAN,4,,,,,,,
158543,Derrick Moore,ED,0,0,2026,2026,222,,59.6,62.4,D08,0,0,1,0,3,0,0,0,0,0,MICHIGAN,MICHIGAN,3,59.5,,,,,,
158549,Alfonzo Allen Jr.,CB,0,0,,2027,163,,60,63.3,D43,0,0,1,0,0,0,0,0,1,0,FLORIDA,FLORIDA,1,,,,,,,
158550,Michael Allen,S,0,0,,2027,118,,59.8,66.6,D30,0,0,1,0,0,0,8,0,0,0,BAYLOR,BAYLOR,8,,,,,,,
158551,Devyn Bobby,S,0,0,2026,2026,118,,71.4,64.6,D03,0,0,1,0,8,5,0,0,0,2,BAYLOR,BAYLOR,13,59.9,,,,,,
158552,Reggie Bush II,CB,0,0,,2027,118,,58.8,70.1,D22,0,0,1,0,0,2,6,0,0,0,BAYLOR,BAYLOR,8,,,,,,,
158561,Kyler Jordan,ED,0,0,,2027,118,,92.4,66.6,D40,0,0,1,0,5,0,8,2,0,0,BAYLOR,BAYLOR,15,90.9,,,,,,
158565,Cody Mladenka,TE,0,0,,2027,118,,60.2,66.4,82,0,0,1,0,0,0,5,0,0,0,BAYLOR,BAYLOR,5,,,,,,,
158571,Kaden Sieracki,T,0,0,,2027,118,60,61.5,67.8,74,0,0,1,5,0,0,0,0,0,0,BAYLOR,BAYLOR,5,,,,,,,
158573,Devonte Tezino,DI,0,0,,2027,118,,59.1,63.8,D59,0,0,1,0,8,0,0,0,0,0,BAYLOR,BAYLOR,8,59.1,,,,,,
158608,Donovan Branch,ED,0,0,,2026,146,60,61.4,63.6,D58,0,0,1,6,2,0,0,0,1,0,UCONN,UCONN,9,59.6,,,,,,
158609,D'Mon Brinson,S,1,0,,2027,146,,68.9,64.5,D03,0,0,1,0,2,1,0,0,1,0,UCONN,UCONN,4,59.9,,,,,,
158611,Hunter Clark,HB,0,0,,2027,121,,57.6,64.6,36,0,0,1,0,0,0,4,0,0,0,BOSTON COL,BOSTON COL,4,,,,,,,
158614,Thaddeus Dixon,CB,0,0,2026,2026,340,,61.4,68.5,D09,0,0,1,0,5,1,0,0,3,0,WASHINGTON,WASHINGTON,9,60,,,,,,
158618,Kylish Hicks,WR,0,0,,2027,146,,72.9,68.6,18,0,0,1,0,0,0,3,0,5,0,UCONN,UCONN,8,,,,,,,
158620,Justin Joly,TE,0,0,2026,2026,248,60,60.8,60.9,15,0,0,1,4,0,0,0,0,0,0,NC STATE,NC STATE,4,,,,,,,
158623,Lee Molette III,S,0,0,,2028,146,,58.3,66.1,D21,0,0,1,0,0,6,3,0,0,0,UCONN,UCONN,9,,,,,,,
158640,Bryce Anderson,S,0,0,,2027,312,,61.3,69,D01,0,0,1,0,3,0,1,4,4,0,TEXAS A&M,TEXAS A&M,12,59.9,60,,,,,
158646,AJ DiNota,HB,0,0,,2026,312,,63.8,66.7,41,0,0,1,0,0,6,5,0,0,0,TEXAS A&M,TEXAS A&M,11,,,,,,,
158648,Donovan Green,TE,0,0,,2027,312,,57.4,69.4,18,0,0,1,0,0,0,6,0,0,0,TEXAS A&M,TEXAS A&M,6,,,,,,,
158651,Denver Harris,CB,0,0,,2028,331,,55.1,65.8,D21,1,0,1,0,0,4,0,0,0,1,UTSA,UTSA,4,,,,,,,
158655,Jake Johnson,TE,0,0,,2028,245,,60.3,66.7,19,0,0,1,0,0,0,6,0,0,0,N CAROLINA,N CAROLINA,6,,61.8,,,,,
158656,Jarred Kerr,S,0,0,,2026,312,,58.5,69.9,D33,1,0,1,0,0,6,6,0,0,1,TEXAS A&M,TEXAS A&M,12,,,,,,,
158662,Theo Melin Ohrstrom,TE,0,0,,2027,312,60,61.5,64.8,17,0,0,1,6,0,0,0,0,0,0,TEXAS A&M,TEXAS A&M,6,,,,,,,
158663,Ethan Moczulski,K,0,0,,2027,187,,60,67.8,S27,0,0,1,0,0,4,0,0,0,1,ILLINOIS,ILLINOIS,4,,,,,,67.8,
158666,Walter Nolen,DI,0,0,2025,2025,226,,61.3,65.8,D02,0,0,1,0,1,0,0,0,3,0,OLE MISS,OLE MISS,4,59.6,,,,,,
158667,LT Overton,ED,0,0,2026,2026,103,,60.3,64.3,D22,0,0,1,0,4,0,0,0,0,0,ALABAMA,ALABAMA,4,60.1,,,,,,
158669,Kent Robinson,CB,0,0,,2026,346,,60.9,67.2,D11,0,0,1,0,4,0,0,0,2,0,W KENTUCKY,W KENTUCKY,6,60,,,,,,
158699,Gabe Kirschke,ED,0,0,,2027,144,,59.9,64.5,D58,0,0,1,0,5,0,0,0,0,0,COLO STATE,COLO STATE,5,59.6,,,,,,
158717,Jonah Coleman,HB,0,0,2026,2026,340,,59.8,65,01,0,0,1,0,0,0,5,0,0,0,WASHINGTON,WASHINGTON,5,,61.8,,,,,
158730,Jacob Rich Kongaika,DI,0,0,,2026,110,,59.5,63.8,D98,0,0,1,0,4,0,0,0,0,0,ARIZONA ST,ARIZONA ST,4,59.3,,,,,,
158740,Ephesians Prysock,CB,0,0,2026,2026,340,,60.8,68.6,D07,0,0,1,0,5,1,0,2,3,0,WASHINGTON,WASHINGTON,11,59.8,,,,,,
158749,Isaiah Ward,ED,0,0,,2027,340,,60.6,64.8,D91,0,0,1,0,3,0,0,0,2,0,WASHINGTON,WASHINGTON,5,59.5,,,,,,
158759,Greg Desrosiers Jr.,HB,0,0,2026,2026,218,,60,62.3,13,0,0,1,0,0,0,6,0,0,0,MEMPHIS,MEMPHIS,6,,58,,,,,
158777,Drew Azzopardi,T,0,0,,2027,340,60,61.2,67.2,74,0,0,1,4,0,0,0,0,0,0,WASHINGTON,WASHINGTON,4,,,,,,,
158812,Kaleb Brown,LB,0,0,,2027,331,,63.8,71.5,D43,0,0,1,0,0,9,3,0,6,0,UTSA,UTSA,18,,,,,,,
158814,Camron Cooper,ED,0,0,,2028,331,,62.9,68.3,D23,0,0,1,0,0,1,3,2,6,0,UTSA,UTSA,12,,59.9,,,,,
158815,Chace Davis,ED,0,0,,2026,122,,60,62.7,D16,0,0,1,0,1,0,0,0,0,0,BOWL GREEN,BOWL GREEN,1,59.8,,,,,,
158819,Alpha Khan,WR,0,0,,2027,331,,60.9,67.3,32,0,0,1,0,0,0,0,0,4,0,UTSA,UTSA,4,,,,,,,
158822,Deandre Marshall,G,0,0,,2027,331,60,61.6,63.3,70,0,0,1,8,0,0,0,0,0,0,UTSA,UTSA,8,,,,,,,
158826,Owen Pewee,S,0,0,,2027,331,,61.5,66.8,D09,0,0,1,0,0,9,3,0,0,0,UTSA,UTSA,12,,,,,,,
158828,Tate Sandell,K,0,0,,2027,331,,60.7,68.9,S29,0,0,1,7,0,9,0,0,0,0,UTSA,UTSA,16,,,,,70.6,59.9,
158831,Houston Thomas,TE,0,0,,2027,331,60.5,61.7,62.8,88,0,0,1,8,0,0,0,0,0,0,UTSA,UTSA,8,,,,,,,
158999,Vincent Genatone,LB,0,0,,2028,238,,85.8,66.7,D30,0,0,1,0,0,4,2,2,0,0,NEBRASKA,NEBRASKA,8,,,,,,,
159070,Peseti Lapuaho,T,0,0,,2026,285,60,61.9,67.7,79,0,0,1,7,0,0,0,0,0,0,S JOSE ST,S JOSE ST,7,,,,,,,
159385,Bilhal Kone,CB,0,0,2025,2025,347,,60.8,66.8,D01,0,0,1,0,5,3,0,0,0,0,W MICHIGAN,W MICHIGAN,8,59.7,,,,,,
159586,Ezekiel Blake,CB,0,0,,2025,316,,60.6,66,D06,0,0,1,0,5,0,0,0,0,0,TOLEDO,TOLEDO,5,60,,,,,,
159604,Cam Thompson,WR,0,0,,2027,254,,60,61.6,00,0,0,1,0,0,0,2,0,0,0,N ILLINOIS,N ILLINOIS,2,,59.4,,,,,
159623,Christian Fuhrman,LB,0,0,,2026,254,,60.7,64.5,D44,0,0,1,0,4,0,0,0,2,0,N ILLINOIS,N ILLINOIS,6,59.9,,,,,,
159936,Desmond Reid,HB,0,0,2026,2026,268,,60,64.3,00,0,0,1,0,0,0,0,0,5,0,PITTSBURGH,PITTSBURGH,5,,,,64.3,,,
160091,Jordan Polk,S,0,0,2025,2025,314,,60,61.6,D10,0,0,1,0,0,0,0,0,1,0,TEXAS ST,TEXAS ST,1,,,,,,,
160280,Garret Hagler,HB,0,0,,2026,281,,60.6,67.7,27,0,0,1,0,0,0,4,0,0,0,SM HOUSTON,SM HOUSTON,4,,,,,,,
160286,Tyler Bailey,CB,0,0,,2027,281,,60.6,67.6,D13,0,0,1,0,0,0,4,0,0,0,SM HOUSTON,SM HOUSTON,4,,,,,,,
160287,Thomas Jewett,TE,0,0,,2027,281,,60.1,65,86,0,0,1,0,0,0,5,0,0,0,SM HOUSTON,SM HOUSTON,5,,,,,,,
160290,Jaidan Scott,S,0,0,,2027,281,,62.7,67.9,D22,0,0,1,0,0,6,0,0,3,0,SM HOUSTON,SM HOUSTON,9,,,,,,,
160296,Sincere Jackson,LB,0,0,,2026,281,,60.1,62.9,D08,0,0,1,0,4,0,0,0,0,0,SM HOUSTON,SM HOUSTON,4,60,,,,,,
160351,Myles Rowser,S,0,0,,2027,110,,30.4,25,D04,0,1,1,0,7,0,0,1,1,0,ARIZONA ST,ARIZONA ST,9,59.8,,,,,,
160445,Devon Marshall,CB,0,0,2026,2026,248,,61.1,74.5,D16,0,0,1,0,5,0,0,2,1,0,NC STATE,NC STATE,8,59.7,,,,,,
160766,Travis Hunter,CB,0,0,2025,2025,143,,60,63,D12,0,0,1,0,1,1,0,0,0,0,COLORADO,COLORADO,2,60,,,,,,
160767,Alejandro Mata,K,0,0,,2026,143,,60,62.9,S16,0,0,1,3,0,0,0,0,0,0,COLORADO,COLORADO,3,,,,,57.8,,
160799,Chandler Matthews,LB,0,0,,2025,346,,60.7,67.3,D12,0,0,1,0,3,4,0,5,0,0,W KENTUCKY,W KENTUCKY,12,60,,,,,,
161339,Rahkeem Smith,WR,0,0,,2027,122,,61.3,65.2,16,0,0,1,0,0,1,7,0,2,0,BOWL GREEN,BOWL GREEN,10,,73.7,,,,,
161375,Syeed Gibbs,CB,0,0,,2027,176,,60,61.5,D16,0,0,1,0,2,0,0,0,0,0,GA TECH,GA TECH,2,60,,,,,,
161406,Caleb Flagg,S,0,0,,2027,229,,48.3,66.5,D36,1,0,1,0,1,6,0,1,0,0,MISSOURI,MISSOURI,8,60,,,,,,
161671,Gerald Kilgore,S,0,0,,2027,289,,44.4,68.8,D23,1,0,1,0,0,4,0,2,2,0,S CAROLINA,S CAROLINA,8,,,,60.3,,,
161679,Justin Pegues,HB,0,0,,2026,122,,60.2,64.4,20,0,0,1,0,0,1,0,0,3,0,BOWL GREEN,BOWL GREEN,4,,,,62.2,,,
162137,Jaden Dugger,S,0,0,2026,2026,207,,60.4,64.6,D22,0,0,1,0,6,0,0,0,0,0,LA LAFAYET,LA LAFAYET,6,60.1,,,,,,
162452,Quincy Wright,DI,0,0,,2028,281,,58.8,62.4,D99,0,0,1,0,3,0,0,0,0,0,SM HOUSTON,SM HOUSTON,3,58.8,,,,,,
162465,Kamari Ramsey,S,0,0,2026,2026,326,,59.4,64.5,D07,0,0,1,0,6,0,0,4,0,0,USC,USC,10,59.9,,,,,,
162481,Denzel Boston,WR,0,0,2026,2026,340,,77.8,66.9,12,0,0,1,0,0,0,0,4,5,1,WASHINGTON,WASHINGTON,9,,,,54.6,,,
162487,Grady Gross,K,0,0,,2027,340,,60.1,68,S95,0,0,1,4,0,6,0,0,0,0,WASHINGTON,WASHINGTON,10,,,,,63.2,71.7,
162493,Jack McCallister,P,0,0,,2026,340,60,60.9,66.9,S38,0,0,1,4,0,0,0,6,0,0,WASHINGTON,WASHINGTON,10,,,,,,,60.6
162502,Tristan Warner,S,0,0,,2027,340,,59.2,66.2,D32,0,0,1,0,0,0,0,5,0,0,WASHINGTON,WASHINGTON,5,,,,,,,
162505,Jamaree Caldwell,DI,0,0,2025,2025,264,,59,65.3,D90,0,0,1,0,6,0,0,0,1,0,OREGON,OREGON,7,59,,,,,,
162523,Jamari Hawkins,WR,0,0,,2027,218,,60.7,67.5,19,0,0,1,0,0,8,6,2,0,0,MEMPHIS,MEMPHIS,16,,,,,,,
162525,Marcus Lee Jr.,S,0,0,,2026,218,,67,68.4,D34,0,0,1,0,0,8,6,0,3,0,MEMPHIS,MEMPHIS,17,,,,,,,
162526,Donovan Mathena,LB,0,0,,2027,218,,62.8,69.6,D56,0,0,1,0,0,8,6,2,3,0,MEMPHIS,MEMPHIS,19,,,,,,,
162541,Brandon Chatman,HB,0,0,,2026,237,,60,64.9,24,0,0,1,0,0,0,1,0,0,0,NAVY,NAVY,1,,,,,,,
162543,Greyson Crawford,G,0,0,,2026,237,60,60.8,62.7,72,0,0,1,4,0,0,0,0,0,0,NAVY,NAVY,4,,,,,,,
162545,Andrew Duhart,CB,0,0,,2026,237,,60.9,67.6,D13,0,0,1,0,2,0,0,0,2,0,NAVY,NAVY,4,60,,,,,,
162554,Eli Heidenreich,FB,0,0,2026,2026,237,,59.3,67.3,22,0,0,1,0,0,0,1,5,0,0,NAVY,NAVY,6,,,,,,,
162561,Chreign LaFond,ED,0,0,,2026,237,60,60.8,60.5,D91,0,0,1,4,0,0,0,0,0,0,NAVY,NAVY,4,,,,,,,
162567,Kenneth McShan,LB,0,0,,2026,237,,61,64.8,D00,0,0,1,0,2,0,0,0,2,0,NAVY,NAVY,4,60.1,,,,,,
162571,Tyler Narayan,DI,0,0,,2026,237,,60,62.7,D99,0,0,1,0,1,0,0,0,0,0,NAVY,NAVY,1,59.8,,,,,,
162574,Luke Pirris,ED,0,0,,2026,237,,60.8,67.3,D35,0,0,1,0,3,4,1,5,2,0,NAVY,NAVY,15,59.4,,,,,,
162577,Ben Purvis,G,0,0,,2026,237,60,61.4,66.3,64,0,0,1,4,0,0,0,0,0,0,NAVY,NAVY,4,,,,,,,
162580,Landon Robinson,DI,0,0,2026,2026,237,,60.4,65.9,D96,0,0,1,0,3,0,0,5,2,0,NAVY,NAVY,10,59.1,,,,,,
162587,Alex Tecza,FB,0,0,2026,2026,237,,60,65.5,46,0,0,1,0,0,0,1,0,0,0,NAVY,NAVY,1,,59.9,,,,,
162594,Kendall Whiteside,DI,0,0,,2026,237,,60.2,64.3,D98,0,0,1,0,1,0,0,0,1,0,NAVY,NAVY,2,59.6,,,,,,
162602,Chad Elder,DI,0,0,,2026,327,60,61.4,60.9,D96,0,0,1,7,0,0,0,0,0,0,USF,USF,7,,,,,,,
162609,Eddie Kelly Jr.,ED,0,0,,2026,229,,60,63.8,D97,0,0,1,0,0,0,0,0,1,0,MISSOURI,MISSOURI,1,,,,,,,
162616,Michael Williams II,ED,0,0,,2027,327,,59.9,64.6,D14,0,0,1,0,7,0,0,6,0,0,USF,USF,13,59.3,,,,,,
162638,Jackson Barker,ED,0,0,,2027,156,60,53.7,67.6,D34,0,0,1,5,0,6,4,1,2,0,E CAROLINA,E CAROLINA,18,,,,,,,
162639,Josh Benton,HB,0,0,,2027,156,,46.9,64.1,D49,0,0,1,0,0,6,0,0,0,0,E CAROLINA,E CAROLINA,6,,,,,,,
162652,Emmanuel Kojo Poku,G,0,0,,2027,156,60,61.1,63.9,60,0,0,1,5,0,0,0,0,0,0,E CAROLINA,E CAROLINA,5,,,,,,,
162659,Liam Connor,K,0,0,,2026,121,,60,67,S95,0,0,1,2,0,3,0,1,0,0,BOSTON COL,BOSTON COL,6,,,,,60,61.3,60
162660,Bam Crouch,LB,0,0,,2027,121,,60.1,67.4,D01,0,0,1,0,3,0,0,0,0,0,BOSTON COL,BOSTON COL,3,59.8,,,,,,
162662,Isaiah Farris,CB,0,0,,2027,121,,60,64.1,D16,0,0,1,0,1,0,0,0,2,0,BOSTON COL,BOSTON COL,3,60,,,60.2,,,
162663,Jack Funke,G,0,0,,2027,121,60,60,60.9,72,0,0,1,2,0,0,0,0,0,0,BOSTON COL,BOSTON COL,2,,,,,,,
162676,Kwan Williams,DI,0,0,,2026,121,,59.4,63,D55,0,0,1,0,3,0,0,0,0,0,BOSTON COL,BOSTON COL,3,59.3,,,,,,
162679,Juan Zabal,LB,0,0,,2027,121,,34.3,66.2,D54,0,0,1,0,0,3,0,0,2,0,BOSTON COL,BOSTON COL,5,,,,,,,
162680,Ismael Zamor,WR,0,0,,2027,121,,53.9,64.3,82,0,0,1,0,0,0,4,0,0,0,BOSTON COL,BOSTON COL,4,,,,,,,
162699,Brian Parker II,T,0,0,2026,2026,154,60,60.8,66.5,53,0,0,1,3,0,0,0,0,0,0,DUKE,DUKE,3,,,,,,,
162701,Todd Pelino,K,0,0,,2026,154,,60,64.4,S29,0,0,1,3,0,1,0,0,0,0,DUKE,DUKE,4,,,,,60,60,
162704,Wesley Williams,ED,0,0,2026,2026,154,,59.6,63.2,D97,0,0,1,0,3,0,0,0,0,0,DUKE,DUKE,3,59.5,,,,,,
162705,George Wright,S,0,0,,2026,154,,60,67.5,D32,0,0,1,0,0,0,0,0,2,0,DUKE,DUKE,2,,,,,,,
162732,Anez Cooper,G,0,0,2026,2026,220,63.1,62.1,62.3,73,0,0,1,7,0,0,0,0,0,0,MIAMI FL,MIAMI FL,7,,,,,,,
162733,Chris Graves Jr.,CB,0,0,,2027,226,,60.7,68.5,D32,0,0,1,0,0,1,0,2,2,0,OLE MISS,OLE MISS,5,,,,,,,
162734,Jaden Harris,S,0,0,,2027,220,,60,61.7,D07,0,0,1,0,3,0,0,0,0,0,MIAMI FL,MIAMI FL,3,59.9,,,,,,
162736,Matthew McCoy,G,0,0,,2027,220,61.2,61.9,68.7,78,0,0,1,7,0,0,0,0,0,0,MIAMI FL,MIAMI FL,7,,,,,,,
162737,Ahmad Moten Sr.,DI,0,0,,2027,220,,59.5,64.8,D99,0,0,1,0,4,0,0,0,1,0,MIAMI FL,MIAMI FL,5,59,,,,,,
162738,Markeith Williams,S,0,0,,2027,220,,61.7,67.6,D15,0,0,1,0,3,8,0,1,3,0,MIAMI FL,MIAMI FL,15,60,,,,,,
162743,Marcus Allen,CB,0,0,2026,2026,245,,60,66,D29,0,0,1,0,0,0,0,0,1,0,N CAROLINA,N CAROLINA,1,,,,,,,
162745,Bo Burkes,C,0,0,,2027,245,60,60.9,65.6,57,0,0,1,2,0,0,0,6,0,0,N CAROLINA,N CAROLINA,8,,,,,,,
162751,Will Hardy,S,0,0,,2026,245,,59.9,65.9,D31,0,0,1,0,4,0,0,6,3,0,N CAROLINA,N CAROLINA,13,60,,,60.2,,,
162756,Bryson Jennings,ED,0,0,,2028,206,,60,64.8,D17,0,0,1,0,0,0,0,0,2,0,LIBERTY,LIBERTY,2,,,,,,,
162760,Deems May,T,0,0,,2027,245,,73.1,65.7,88,0,0,1,0,0,0,6,0,0,0,N CAROLINA,N CAROLINA,6,,,,,,,
162770,Kyle Louis,LB,0,0,2026,2026,268,,92.5,72.6,D09,0,0,1,0,7,6,0,5,0,0,PITTSBURGH,PITTSBURGH,18,91.3,,,,,,
162771,Isaiah Montgomery,T,0,0,,2027,268,60,61.5,66,72,0,0,1,6,0,0,0,0,0,0,PITTSBURGH,PITTSBURGH,6,,,,,,,
162774,Jimmy Scott,ED,0,0,,2027,268,,60,22.5,D44,0,1,1,0,0,0,0,0,0,0,PITTSBURGH,PITTSBURGH,0,,,,,,,
162790,Coltin Deery,G,0,0,,2026,305,62,61.8,62.5,51,0,0,1,6,0,0,0,3,0,0,TCU,TCU,9,,,,,,,
162809,Chibi Anwunah,DI,0,0,,2027,222,60,61.4,67.4,D97,0,0,1,5,0,0,0,0,0,0,MICHIGAN,MICHIGAN,5,,,,,,,
162810,Zeke Berry,CB,0,0,,2027,222,,60.1,64.5,D10,0,0,1,0,2,0,0,0,0,0,MICHIGAN,MICHIGAN,2,59.9,,,,,,
162825,Jimmy Rolder,LB,0,0,2026,2026,222,,61.1,65.5,D30,0,0,1,0,0,0,0,0,4,0,MICHIGAN,MICHIGAN,4,,,,,,,
162834,Dylan Parrott,DI,0,0,,2028,238,60,41.4,62.7,D99,0,0,1,3,0,0,0,2,0,0,NEBRASKA,NEBRASKA,5,,,,,,,
162858,David Adolph,WR,0,0,,2027,260,,61.5,67.3,82,0,0,1,0,0,0,2,0,3,0,OHIO STATE,OHIO STATE,5,,,,,,,
162868,Kenyatta Jackson Jr.,ED,0,0,,2027,260,,60,64.6,D97,0,0,1,0,0,0,0,0,2,0,OHIO STATE,OHIO STATE,2,,,,,,,
162870,Hero Kanu,DI,0,0,,2028,260,,59.9,64.1,D93,0,0,1,0,0,0,0,0,1,0,OHIO STATE,OHIO STATE,1,,,,,,,
162876,Sonny Styles,LB,0,0,2026,2026,260,,62.1,68,D06,0,0,1,0,1,0,1,5,8,0,OHIO STATE,OHIO STATE,15,59.9,,,,,,
162888,Domanick Moon,LB,0,0,,2027,347,,76.9,67.5,D47,0,0,1,0,0,5,6,1,2,0,W MICHIGAN,W MICHIGAN,14,,,,,,,
162890,Roman Pitre,ED,0,0,,2027,110,,60,65.4,D13,0,0,1,0,0,0,0,0,2,0,ARIZONA ST,ARIZONA ST,2,,,,,,,
162894,DJ Allen,ED,0,0,,2028,278,,60,64.3,D42,0,0,1,0,0,0,8,0,0,0,RUTGERS,RUTGERS,8,,,,,,,
162903,Dariel Djabome,LB,0,0,,2026,278,,60.5,64.3,D28,0,0,1,0,4,0,0,4,0,0,RUTGERS,RUTGERS,8,60,,,,,,
162914,Jai Patel,K,0,0,,2028,278,,60,63.9,S44,0,0,1,7,0,0,0,0,0,0,RUTGERS,RUTGERS,7,,,,,71.5,,
162919,Jordan Walker,ED,0,0,,2027,278,60,60.7,67.5,D82,0,0,1,7,0,0,8,4,0,0,RUTGERS,RUTGERS,19,,,,,,,
162921,Taj White,G,0,0,,2027,278,61.2,61.9,68.7,63,0,0,1,7,0,0,0,0,0,0,RUTGERS,RUTGERS,7,,,,,,,
162922,Zilan Williams,CB,0,0,,2028,278,,60.6,67.2,D15,0,0,1,0,4,0,8,0,2,0,RUTGERS,RUTGERS,14,59.7,,,,,,
162943,Phillip Houston,T,0,0,,2027,143,,60.2,66.3,54,0,0,1,0,0,0,2,0,0,0,COLORADO,COLORADO,2,,,,,,,
162955,Joshua Cobbs,S,0,0,,2026,208,,60.1,64.8,D26,0,0,1,0,0,2,0,3,0,0,LA TECH,LA TECH,5,,,,,,,
162959,Nate Jones,WR,0,0,,2025,208,,60.2,66.4,17,0,0,1,0,0,0,5,0,0,0,LA TECH,LA TECH,5,,,,,,,
162962,Zion Nason,DI,0,0,,2026,208,,59.4,63,D96,0,0,1,0,3,0,0,0,0,0,LA TECH,LA TECH,3,59.3,,,,,,
162966,Jhamal Shelby Jr.,CB,0,0,,2027,208,,60.6,66.3,D04,0,0,1,0,1,2,0,0,0,0,LA TECH,LA TECH,3,60,,,,,,
163031,Torrance Burgess Jr.,HB,0,0,,2028,314,,60,64.3,22,0,0,1,0,0,0,5,0,0,0,TEXAS ST,TEXAS ST,5,,59.4,,,,,
163041,Lucas Carneiro,K,0,0,,2027,346,,60,62.9,S17,0,0,1,3,0,0,0,0,0,0,W KENTUCKY,W KENTUCKY,3,,,,,62.9,,
163042,Alexander Ford,S,0,0,,2027,346,,60.7,66.5,D41,0,0,1,0,1,0,2,0,2,0,W KENTUCKY,W KENTUCKY,5,60,,,,,,
163045,K.D. Hutchinson,WR,0,0,,2027,346,,60,63.6,15,0,0,1,0,0,0,0,0,4,0,W KENTUCKY,W KENTUCKY,4,,,,62.4,,,
163049,Swipe Marshall,S,0,0,,2027,346,,60.7,67.1,D19,0,0,1,0,1,0,0,0,2,0,W KENTUCKY,W KENTUCKY,3,60,,,,,,
163050,Deante McCray,ED,0,0,,2027,346,,92.7,64.5,D08,0,0,1,0,6,0,0,0,0,0,W KENTUCKY,W KENTUCKY,6,90.8,,,,,,
163051,Easton Messer,WR,0,0,,2027,346,,60,62.3,08,0,0,1,0,0,0,6,0,0,0,W KENTUCKY,W KENTUCKY,6,,57.7,,,,,
163054,Marcus Patterson,ED,0,0,,2027,346,,61.2,65.1,D92,0,0,1,0,0,0,0,5,2,0,W KENTUCKY,W KENTUCKY,7,,,,,,,
163058,Hosea Wheeler,DI,0,0,,2027,346,,60.1,65.9,D00,0,0,1,0,6,0,0,0,2,0,W KENTUCKY,W KENTUCKY,8,59.1,,,,,,
163060,Trent Zappe,LB,0,0,,2027,346,,60,64,D42,0,0,1,0,0,0,6,0,0,0,W KENTUCKY,W KENTUCKY,6,,,,,,,
163073,Noah Perez,K,0,0,,2027,156,,60,63.5,S43,0,0,1,5,0,0,0,0,0,0,E CAROLINA,E CAROLINA,5,,,,,63.1,,
163103,Myles Bradley,ED,0,0,,2028,122,,59.3,64.3,D23,0,0,1,0,7,0,0,0,0,0,BOWL GREEN,BOWL GREEN,7,59.2,,,,,,
163104,Harold Fannin Jr.,TE,0,0,2025,2025,122,,60,62.1,00,0,0,1,0,0,1,0,0,0,0,BOWL GREEN,BOWL GREEN,1,,,,,,,
163108,Trey Johnson,WR,0,0,,2028,122,,57.9,68.2,17,0,0,1,0,0,1,7,0,3,0,BOWL GREEN,BOWL GREEN,11,,,,,,,
163110,Darius Lorfils,S,0,0,,2026,122,,51.3,65.6,D09,1,0,1,0,1,5,0,2,0,0,BOWL GREEN,BOWL GREEN,8,60,,,,,,
163113,Davonte Miles,DI,0,0,,2027,122,,59.6,61.6,D90,0,0,1,0,1,0,0,0,0,0,BOWL GREEN,BOWL GREEN,1,59.3,,,,,,
163114,Joseph Sipp Jr.,LB,0,0,,2027,122,,60,63.2,D03,0,0,1,0,3,1,0,0,0,0,BOWL GREEN,BOWL GREEN,4,59.6,,,,,,
163152,Nasir Bowers,CB,0,0,,2026,316,,60.6,66.4,D21,0,0,1,0,6,0,0,0,0,0,TOLEDO,TOLEDO,6,60.1,,,,,,
163156,Junior Vandeross III,WR,0,0,,2026,316,,61.4,67.9,02,0,0,1,0,0,0,0,4,5,0,TOLEDO,TOLEDO,9,,,,,,,
163159,Jayden Childers,ED,0,0,,2027,347,,59.8,69.1,D92,0,0,1,0,0,5,6,4,2,0,W MICHIGAN,W MICHIGAN,17,,,,,,,
163161,Will Gerig,TE,0,0,,2027,347,60,66.6,69.7,42,0,0,1,5,0,1,6,3,2,0,W MICHIGAN,W MICHIGAN,17,,,,,,,
163190,Kalib Fortner,LB,0,0,,2026,114,,60.1,63.8,D53,0,0,1,0,2,0,0,0,0,0,ARMY,ARMY,2,60.1,,,,,,
163193,Deshontez Gray,DI,0,0,,2026,114,,59.4,62.6,D98,0,0,1,0,2,0,0,0,0,0,ARMY,ARMY,2,59.3,,,,,,
163198,Casey Larkin,S,0,0,,2026,114,,60,61.1,D20,0,0,1,0,2,0,0,0,0,0,ARMY,ARMY,2,60,,,,,,
163203,Collin Matteson,S,0,0,,2026,114,,61.6,64.4,D30,0,0,1,0,0,5,0,0,0,0,ARMY,ARMY,5,,,,,,,
163211,Donavon Platt,CB,0,0,,2027,114,,60,63.6,D28,0,0,1,0,1,0,0,0,0,0,ARMY,ARMY,1,60,,,,,,
163213,Hayden Reed,HB,0,0,,2026,114,60,60,60.3,08,0,0,1,2,0,0,0,0,0,0,ARMY,ARMY,2,,,,,,,
163218,Sabastian Shannon,HB,0,0,,2026,114,,60,64.8,19,0,0,1,0,0,0,1,0,0,0,ARMY,ARMY,1,,,,,,,
163219,Gavin Shields,S,0,0,,2026,114,,62.6,67.6,D14,0,0,1,0,0,4,0,0,3,0,ARMY,ARMY,7,,,,,,,
163220,Noah Short,WR,0,0,2026,2026,114,,60,66.1,15,0,0,1,0,0,0,0,0,3,0,ARMY,ARMY,3,,,,,,,
163225,Andon Thomas,LB,0,0,,2026,114,,60,61.7,D51,0,0,1,0,1,0,0,0,0,0,ARMY,ARMY,1,60,,,,,,
163230,Jabril Williams,CB,0,0,,2026,114,,29.3,67.6,D13,1,0,1,0,0,4,1,0,2,0,ARMY,ARMY,7,,,,,,,
163232,CJ Bazile Jr.,ED,0,0,,2026,206,,60.3,64,D11,0,0,1,0,3,0,0,0,1,0,LIBERTY,LIBERTY,4,59.6,,,,,,
163250,Evan Johnson,CB,0,0,,2027,128,,60,65.2,D21,0,0,1,0,1,0,0,1,0,0,BYU,BYU,2,60,,,,,,
163251,Parker Kingston,WR,0,0,,2027,128,,60,63.5,11,0,0,1,0,0,0,1,0,4,0,BYU,BYU,5,,,,91.1,,,
163256,Bodie Schoonover,ED,0,0,,2027,128,60,46.7,65.1,D48,0,1,1,6,1,0,2,0,4,0,BYU,BYU,13,59.7,,,,,,
163270,Blazen Lono-Wong,DI,0,0,,2028,110,,48.3,64.2,D97,1,0,1,0,0,0,6,4,0,0,ARIZONA ST,ARIZONA ST,10,,,,,,,
163281,Trent Carrizosa,P,0,0,,2027,285,60,61.1,66.4,S49,0,0,1,7,0,0,0,6,0,0,S JOSE ST,S JOSE ST,13,,,,,,,67
163288,Bryce Boettcher,LB,0,0,2026,2026,264,,60.7,71.1,D28,0,0,1,0,5,3,8,8,0,0,OREGON,OREGON,24,59.9,,,,,,
163291,Josh Conerly Jr.,T,0,0,2025,2025,264,60,60,60.9,76,0,0,1,1,0,0,0,0,0,0,OREGON,OREGON,1,,,,,,,
163296,Ross James,P,0,0,,2026,264,60,60.1,66.5,S92,0,0,1,1,0,0,0,4,0,0,OREGON,OREGON,5,,,,,,,60.6
163302,Kawika Rogers,G,0,0,,2027,264,60,60,61.6,73,0,0,1,1,0,0,0,0,0,0,OREGON,OREGON,1,,,,,,,
163318,Jace Bellah,S,0,0,,2027,144,,64.7,68,D12,0,0,1,0,0,4,9,3,3,0,COLO STATE,COLO STATE,19,,,,,,,
163322,DeAndre Gill Jr.,ED,0,0,,2027,144,,59.7,62.4,D39,0,0,1,0,2,0,0,0,0,0,COLO STATE,COLO STATE,2,59.5,,,,,,
163324,Bryan Hansen,K,0,0,,2027,144,,60.1,68.2,S83,0,0,1,0,0,4,0,0,0,0,COLO STATE,COLO STATE,4,,,,,,65.2,
163326,Aaron Karas,T,0,0,,2027,144,60,60.8,66.5,78,0,0,1,3,0,0,0,0,0,0,COLO STATE,COLO STATE,3,,,,,,,
163337,Tyson Williams,CB,0,0,,2027,144,,60.4,65.4,D41,0,0,1,0,0,0,0,0,2,0,COLO STATE,COLO STATE,2,,,,,,,
163354,Jermarius Lewis,S,0,0,,2026,331,,59.7,64.5,D14,0,0,1,0,1,0,0,2,0,0,UTSA,UTSA,3,60,,,,,,
163387,Jake Ripp,ED,0,0,,2027,120,,59.3,69,D43,0,0,1,0,0,3,5,4,5,0,BOISE ST,BOISE ST,17,,,,,,,
163392,Jayden Virgin-Morgan,ED,0,0,,2027,120,,60.3,65,D05,0,0,1,0,5,0,0,0,1,0,BOISE ST,BOISE ST,6,60,,,,,,
163395,Matai Bell,C,0,0,,2027,169,60.8,61.6,62.1,70,0,0,1,5,0,0,0,0,0,0,FRESNO ST,FRESNO ST,5,,,,,,,
163403,Jahzon Jacks,ED,0,0,,2028,169,,60,62.9,D97,0,0,1,0,1,0,0,0,0,0,FRESNO ST,FRESNO ST,1,60,,,,,,
163406,Dylan Lynch,K,0,0,,2026,169,,60,66.2,S46,0,0,1,5,0,3,0,0,0,0,FRESNO ST,FRESNO ST,8,,,,,40,61.3,
163409,Sione Noa,ED,0,0,,2027,169,,59.9,63.1,D54,0,0,1,0,2,0,0,0,0,0,FRESNO ST,FRESNO ST,2,59.8,,,,,,
163416,Daniel Taumalolo,G,0,0,,2025,169,60.3,61.7,66.8,63,0,0,1,5,0,0,0,0,0,0,FRESNO ST,FRESNO ST,5,,,,,,,
163417,Tim Thomas,LB,0,0,,2028,169,,58.5,68.8,D26,0,0,1,0,0,2,4,3,0,0,FRESNO ST,FRESNO ST,9,,,,,,,
163422,Merhauti Xepera,ED,0,0,,2028,169,,59.7,65.6,D88,0,0,1,0,5,0,4,3,0,0,FRESNO ST,FRESNO ST,12,59.7,,,,,,
163450,Cameron Ambrose,G,0,0,,2027,113,60,61.4,63,58,0,0,1,7,0,0,0,3,0,0,ARK STATE,ARK STATE,10,,,,,,,
163472,Tristian Smith,G,0,0,,2027,113,60,62,69.3,68,0,0,1,7,0,0,0,0,0,0,ARK STATE,ARK STATE,7,,,,,,,
163512,Tellek Lockette,G,0,0,,2027,314,62,61.8,62.6,74,0,0,1,6,0,0,0,1,0,0,TEXAS ST,TEXAS ST,7,,,,,,,
163542,Nick Verdugo,P,0,0,,2028,169,60,60.4,60.5,S41,0,0,1,5,0,0,0,0,0,0,FRESNO ST,FRESNO ST,5,,,,,,,
163553,Christopher Wallace Jr.,S,1,0,,2026,288,,74.5,67.3,D00,0,0,1,0,3,6,0,2,3,0,S ALABAMA,S ALABAMA,14,60,,,,,,
163585,Upton Bellenfant,K,0,0,,2027,126,,60.5,68.1,S27,0,0,1,7,0,7,0,0,0,0,BUFFALO,BUFFALO,14,,,,,71.4,67.2,
163594,Isaiah Hastings,ED,0,0,,2027,304,,60,62.7,D09,0,0,1,0,1,0,0,0,0,0,SYRACUSE,SYRACUSE,1,59.8,,,,,,
163600,Danny Lewis Jr.,TE,0,0,,2027,103,60,57.9,64.1,87,0,0,1,3,0,0,6,0,0,0,ALABAMA,ALABAMA,9,,,,,,,
163610,Shazz Preston,WR,0,0,,2027,319,,60.7,65,06,0,0,1,0,0,0,0,0,3,0,TULANE,TULANE,3,,,,,,,
163611,Elijah Pritchett,T,0,0,,2028,103,60,60.4,62.2,57,0,0,1,3,0,0,0,0,0,0,ALABAMA,ALABAMA,3,,,,,,,
163628,Brooks Edmonson,G,0,0,,2027,111,62.5,62.2,67.6,73,0,0,1,7,0,0,0,0,0,0,ARKANSAS,ARKANSAS,7,,,,,,,
163629,Blake Ford,K,0,0,,2027,251,,60,68.4,S29,0,0,1,0,0,5,0,0,0,0,N TEXAS,N TEXAS,5,,,,,,73.4,
163641,Landon Phipps,CB,1,0,,2027,111,,54.6,26.8,D32,0,1,1,0,0,8,0,0,2,0,ARKANSAS,ARKANSAS,10,,,,,,,
163648,Tyler Banks,LB,0,0,,2026,226,,66.1,67.4,D34,0,0,1,0,3,7,4,2,4,1,OLE MISS,OLE MISS,20,60.1,,,,,,
163651,Harrison Craig,S,0,0,,2027,226,,60,63,D46,0,0,1,0,0,0,1,0,0,0,OLE MISS,OLE MISS,1,,,,,,,
163652,Nick Cull,S,0,0,,2027,226,,61.4,67,D29,0,0,1,0,1,7,3,0,0,0,OLE MISS,OLE MISS,11,59.9,,,,,,
163658,Zxavian Harris,DI,0,0,2026,2026,226,60,93.1,64.3,D51,0,0,1,2,3,0,0,0,1,0,OLE MISS,OLE MISS,6,91.2,,,,,,
163660,Zach Johansen,S,0,0,,2027,226,,60.3,63.9,D39,0,0,1,0,0,2,0,0,0,0,OLE MISS,OLE MISS,2,,,,,,,
163670,Trip White,LB,0,0,,2027,226,,64.8,67.9,D30,0,0,1,0,0,7,3,0,2,0,OLE MISS,OLE MISS,12,,,,,,,
163671,Jaron Willis,LB,0,0,,2027,289,,60,65.6,D14,0,0,1,0,0,0,0,0,2,0,S CAROLINA,S CAROLINA,2,,,,,,,
163676,Audavion Collins,CB,0,0,,2027,266,,61.7,66.5,D29,0,0,1,0,1,5,0,0,0,0,PENN STATE,PENN STATE,6,59.9,,,,,,
163685,Hudson Hollenbeck,P,0,0,,2027,222,60,61,66.7,S90,1,0,1,5,0,0,0,6,0,0,MICHIGAN,MICHIGAN,11,,,,,,,66.8
163688,Wesley Miller,S,0,0,,2027,288,,60.6,63.6,D06,0,0,1,0,5,0,0,2,2,0,S ALABAMA,S ALABAMA,9,60,,,,,,
163697,Zavion Thomas,WR,0,0,2026,2026,211,,60,62.9,00,0,0,1,0,0,0,5,0,2,0,LSU,LSU,7,,88.3,,71.8,,,
163705,Trudell Berry,CB,0,0,,2027,333,,60,63.5,D30,0,0,1,0,1,0,0,0,0,0,VANDERBILT,VANDERBILT,1,60,,,,,,
163707,Bryce Cowan,LB,0,0,,2028,333,,67.5,66.9,D22,0,0,1,0,4,6,0,0,3,1,VANDERBILT,VANDERBILT,13,59.8,,,,,,
163712,Chase Gillespie,HB,0,0,,2031,333,,57.2,67.7,13,0,0,1,0,0,0,6,0,0,0,VANDERBILT,VANDERBILT,6,,,,,,,
163715,Richie Hoskins,WR,0,0,,2026,333,,60.2,64.6,05,0,0,1,0,0,0,6,0,0,0,VANDERBILT,VANDERBILT,6,,61.8,,,,,
163722,Issa Ouattara,DI,0,0,,2027,333,,59.4,63.8,D05,0,0,1,0,4,0,0,0,0,0,VANDERBILT,VANDERBILT,4,59.3,,,,,,
163726,Nick Rinaldi,LB,1,0,,2027,333,,66.1,66.6,D24,0,0,1,0,0,5,2,4,0,0,VANDERBILT,VANDERBILT,11,,,,,,,
163727,Cole Spence,TE,0,0,,2027,333,,60.2,65.7,16,0,0,1,0,0,0,6,0,0,0,VANDERBILT,VANDERBILT,6,,,,,,,
163729,Jeffrey Ugochukwu,S,0,0,,2026,333,,59.5,68.3,D12,0,0,1,0,5,0,4,0,3,0,VANDERBILT,VANDERBILT,12,60.1,,,,,,
163732,Linus Zunk,ED,0,0,,2027,333,60,60.9,63,D95,0,0,1,5,2,0,0,4,0,0,VANDERBILT,VANDERBILT,11,59.6,,,,,,
163736,Drew Bobo,C,0,0,,2027,173,60,60.8,64.8,74,0,0,1,2,0,0,0,5,0,0,GEORGIA,GEORGIA,7,,,,,,,
163746,E.J. Lightsey,LB,0,0,,2027,176,,60.7,66.4,D02,0,0,1,0,3,4,3,3,1,0,GA TECH,GA TECH,14,60.1,,,,,,
163747,Christen Miller,DI,0,0,2026,2026,173,,60.1,65.4,D52,0,0,1,0,5,0,0,0,1,0,GEORGIA,GEORGIA,6,59.4,,,,,,
163753,Cole Speer,WR,0,0,,2026,173,,60.9,65.9,83,0,0,1,0,0,3,0,0,0,0,GEORGIA,GEORGIA,3,,,,,,,
163821,Isaac Koch,WR,0,0,,2027,199,,61.2,66.7,84,0,0,1,0,0,0,8,0,4,0,KANSAS ST,KANSAS ST,12,,,,,,,
163824,DJ McKinney,CB,0,0,,2027,143,,60.8,66.4,D08,0,0,1,0,6,1,0,0,0,0,COLORADO,COLORADO,7,60,,,,,,
163827,Easton Black,P,0,0,,2027,305,60,60.6,60.6,S97,0,0,1,6,0,0,0,0,0,0,TCU,TCU,6,,,,,,,
163837,Malik Agbo,T,0,0,,2027,311,60,61.9,68.1,67,0,0,1,7,0,0,0,0,0,0,TEXAS,TEXAS,7,,,,,,,
163841,X'Avion Brice,CB,0,0,,2028,251,,60.3,65.1,D23,0,0,1,0,0,0,7,0,0,0,N TEXAS,N TEXAS,7,,,,,,,
163843,Ethan Burke,ED,0,0,2026,2026,311,,91.9,67.1,D91,0,0,1,0,4,0,5,3,4,0,TEXAS,TEXAS,16,91.4,,,,,,
163844,DJ Campbell,G,0,0,2026,2026,311,63.1,62.1,62.4,52,0,0,1,7,0,0,0,0,0,0,TEXAS,TEXAS,7,,,,,,,
163850,Austin Jordan,S,0,0,,2026,305,,61,65.5,D14,0,0,1,0,0,0,0,0,3,0,TCU,TCU,3,,,,,,,
163860,Lance St. Louis,LS,0,0,,2026,311,57.4,59,63,S58,0,0,1,7,0,0,0,3,0,0,TEXAS,TEXAS,10,,,50,,,,
163861,Will Stone,K,0,0,,2027,311,,60,68.9,S15,0,0,1,0,0,6,0,0,0,0,TEXAS,TEXAS,6,,,,,,74.9,
163862,Zac Swanson,DI,0,0,,2028,110,,60,62.7,D92,0,0,1,0,1,0,0,0,0,0,ARIZONA ST,ARIZONA ST,1,59.8,,,,,,
163903,Marc Pretto,LB,0,0,,2027,254,,47.1,64,D23,0,0,1,0,0,4,0,0,0,0,N ILLINOIS,N ILLINOIS,4,,,,,,,
163936,Jibreel Al-Amin,LB,0,0,,2027,196,,64.1,64,D15,0,0,1,0,0,2,0,0,1,0,JVILLE ST,JVILLE ST,3,,,,,,,
163937,Cade Backe,P,0,0,,2026,196,60,60.3,60.5,S29,0,0,1,4,0,0,0,0,0,0,JVILLE ST,JVILLE ST,4,,,,,,,
163938,Jacob Barrick,TE,0,0,,2026,196,60,61,71.1,81,0,0,1,4,0,1,6,0,4,0,JVILLE ST,JVILLE ST,15,,,,,,,
163965,Cai Mayowa,S,0,0,,2027,196,,61.3,67.3,D17,0,0,1,0,0,5,6,0,0,0,JVILLE ST,JVILLE ST,11,,,,,,,
163967,Ky'Won McCray,LB,0,0,,2026,196,,59.3,61.4,D11,0,0,1,0,4,0,0,0,0,0,JVILLE ST,JVILLE ST,4,59.3,,,,,,
163971,Fred Perry,S,0,0,,2026,196,,60,67.1,D06,0,0,1,0,0,4,0,5,0,0,JVILLE ST,JVILLE ST,9,,,,,,,
163972,Darrell Prater,ED,0,0,,2027,196,,60,64.1,D96,0,0,1,0,3,0,0,0,0,0,JVILLE ST,JVILLE ST,3,59.8,,,,,,
163980,Larry Worth III,S,0,0,2026,2026,111,,61.6,69.3,D30,0,0,1,0,4,8,1,3,2,0,ARKANSAS,ARKANSAS,18,60,,,,,,
164069,Ian Hershey,P,0,0,,2027,110,,60,68.9,S23,0,1,1,0,0,5,0,0,0,0,ARIZONA ST,ARIZONA ST,5,,,,,,49.2,
164120,Austin Brawley,S,0,0,,2027,259,,62.9,68.8,D00,0,0,1,0,3,6,0,5,0,0,OHIO,OHIO,14,60,,,,,,
164127,Jarian Shelby,T,0,0,,2027,259,60,61,63.5,75,0,0,1,5,0,0,0,0,0,0,OHIO,OHIO,5,,,,,,,
164130,Adonis Williams Jr.,S,0,0,,2026,259,,60.7,64.8,D05,0,0,1,0,4,0,1,0,1,0,OHIO,OHIO,6,60,,,,,,
164131,Kam Wright,C,0,0,,2027,259,60,61.5,67.8,67,0,0,1,5,0,0,0,0,0,0,OHIO,OHIO,5,,,,,,,
164136,Oliver Bridges,CB,0,0,,2027,126,,60.2,65,D03,0,0,1,0,1,0,0,0,1,0,BUFFALO,BUFFALO,2,59.9,,,,,,
164141,CJ Doggette Jr.,DI,0,0,,2027,259,,31.5,25,D11,0,1,1,0,4,0,0,0,1,0,OHIO,OHIO,5,59,,,,,,
164158,Kaytron Allen,HB,0,0,2026,2026,266,,59.9,64.8,13,0,0,1,0,0,0,3,0,0,0,PENN STATE,PENN STATE,3,,,,,,,
164160,Abdul Carter,ED,0,0,2025,2025,266,,59.8,62.4,D11,0,0,1,0,1,0,0,0,0,0,PENN STATE,PENN STATE,1,59.6,,,,,,
164163,Dani Dennis-Sutton,ED,0,0,2026,2026,266,,60,64.8,D33,0,0,1,0,0,0,0,0,1,0,PENN STATE,PENN STATE,1,,,,,,,
164166,Zane Durant,DI,0,0,2026,2026,266,,60.4,64.7,D28,0,0,1,0,2,0,0,0,1,0,PENN STATE,PENN STATE,3,59.6,,,,,,
164173,Tyler Holzworth,HB,0,0,,2026,266,,60.4,67,34,0,0,1,0,0,0,3,0,0,0,PENN STATE,PENN STATE,3,,,,,,,
164178,Cam Miller,CB,0,0,2026,2026,266,,54.3,70.6,D05,1,0,1,0,0,5,0,6,4,0,PENN STATE,PENN STATE,15,,,,,,,
164183,Dominic Rulli,C,0,0,,2027,266,60,61.2,63.7,52,0,0,1,5,0,0,0,6,0,0,PENN STATE,PENN STATE,11,,,,,,,
164188,Nicholas Singleton,HB,0,0,2026,2026,266,,60,61.8,10,0,0,1,0,0,0,3,0,0,0,PENN STATE,PENN STATE,3,,58.7,,,,,
164475,Jack Burgess,P,0,0,,2026,315,60,60.7,65.8,S41,0,0,1,4,0,0,0,4,0,0,TEXAS TECH,TEXAS TECH,8,,,,,,,58
164760,Jayden Flaker,LB,0,0,,2027,218,,63.1,71.9,D48,0,0,1,0,0,8,6,2,3,0,MEMPHIS,MEMPHIS,19,,,,,,,
164891,Nathan Torney,P,0,0,,2026,207,,60.2,68,S92,0,0,1,0,0,0,0,6,0,0,LA LAFAYET,LA LAFAYET,6,,,,,,,58.9
165010,Cristiano Rosa,K,0,0,,2027,197,,60,68.9,S95,0,0,1,0,0,6,0,0,0,0,JAMES MAD,JAMES MAD,6,,,,,,71.7,
165418,Evan King,TE,0,0,,2026,126,,59.8,64,14,0,0,1,0,0,0,2,0,0,0,BUFFALO,BUFFALO,2,,,,,,,
165786,Elijah Sohn,TE,0,0,,2025,281,,60,63.2,19,0,0,1,0,0,0,1,0,0,0,SM HOUSTON,SM HOUSTON,1,,,,,,,
165889,Shane Perry,ED,1,0,,2025,156,,57.3,70.3,D51,0,0,1,0,4,6,4,1,2,0,E CAROLINA,E CAROLINA,17,60.1,,,,,,
167085,Ashanti Cole,G,0,0,,2027,208,60,60.6,61.5,78,0,0,1,2,0,0,0,0,0,0,LA TECH,LA TECH,2,,,,,,,
168206,Antione Johnson,S,0,0,,2025,226,,60,62.4,D31,0,0,1,0,0,1,0,0,0,0,OLE MISS,OLE MISS,1,,,,,,,
168425,D'Yoni Hill,CB,0,0,,2026,220,,61.5,68.3,D19,0,0,1,0,6,0,0,0,3,0,MIAMI FL,MIAMI FL,9,60,,,,,,
168551,Antonio Meeks,WR,0,0,,2027,210,,60.8,68.6,86,0,0,1,0,0,0,6,0,0,0,LOUISVILLE,LOUISVILLE,6,,,,,,,
168565,Mory Bamba,CB,0,0,2026,2026,128,,60,65.6,D04,0,0,1,0,2,0,0,1,0,0,BYU,BYU,3,59.9,,,,,,
168593,Emeka Obigbo,G,0,0,,2026,314,61.5,61.9,67.1,65,0,0,1,6,0,0,0,2,0,0,TEXAS ST,TEXAS ST,8,,,,,,,
169108,Cooper Rusk,WR,0,0,,2028,316,,61.7,65.5,13,0,0,1,0,0,0,0,0,5,0,TOLEDO,TOLEDO,5,,,,,,,
169147,Keaton Thomas,LB,0,0,,2027,118,,59.8,62.3,D11,0,0,1,0,8,0,0,0,0,0,BAYLOR,BAYLOR,8,59.7,,,,,,
169178,Mel Brown,HB,0,0,,2027,146,,60,61.8,07,0,0,1,0,0,0,3,0,0,0,UCONN,UCONN,3,,59.1,,,,,
169523,Elias Escobar,S,1,0,,2025,281,,86.9,68.4,D24,0,0,1,0,0,6,0,7,4,3,SM HOUSTON,SM HOUSTON,17,,,,,,,
169598,Luke Myers,LB,0,0,,2027,221,,72.2,68.2,D46,0,0,1,0,0,9,3,3,1,1,MIAMI OH,MIAMI OH,16,,,,,,,
169901,Raheim Jeter,QB,0,0,,2027,156,60,61,61.1,02,0,0,1,5,0,0,0,0,0,0,E CAROLINA,E CAROLINA,5,,,,,,,
169934,Malachi Breland,G,0,0,,2028,218,61.2,61.9,68.7,72,0,0,1,7,0,0,0,0,0,0,MEMPHIS,MEMPHIS,7,,,,,,,
169938,Jamauri Chislom,TE,0,0,,2026,218,,28.8,25.1,33,0,1,1,0,0,0,6,0,0,0,MEMPHIS,MEMPHIS,6,,,,,,,
169941,Brendan Doyle,TE,0,0,,2026,218,60,58.8,63.6,86,0,0,1,7,0,0,6,0,0,0,MEMPHIS,MEMPHIS,13,,,,,,,
169946,Charlie Harrell,CB,0,0,,2028,218,,62.4,67.6,D28,0,0,1,0,0,8,0,0,0,0,MEMPHIS,MEMPHIS,8,,,,,,,
169947,CJ Johnson,LB,0,0,,2026,281,,94,67.1,D28,1,0,1,0,0,3,0,7,0,1,SM HOUSTON,SM HOUSTON,10,,,,,,,
169950,MarJayvious Moss,CB,0,0,,2028,218,,62.4,68.3,D23,0,0,1,0,0,3,0,0,3,0,MEMPHIS,MEMPHIS,6,,,,,,,
169959,Nathan Kirkwood,K,0,0,,2026,237,,60,63.3,S17,0,0,1,4,0,0,0,0,0,0,NAVY,NAVY,4,,,,,56.1,,
169970,Kevin Adams III,S,0,0,,2028,319,,60.3,62.8,D23,0,0,1,0,1,2,0,0,0,0,TULANE,TULANE,3,60,,,,,,
169971,Dickson Agu,LB,0,0,,2028,319,,59.3,70.2,D28,0,0,1,0,0,0,8,5,3,0,TULANE,TULANE,16,,,,,,,
169976,Jai Eugene Jr.,CB,0,0,,2028,346,,60.8,67,D26,0,0,1,0,1,0,0,0,3,0,W KENTUCKY,W KENTUCKY,4,59.9,,,,,,
169979,Jah'rie Garner,ED,0,0,,2028,319,,60,63.7,D48,0,0,1,0,0,0,1,0,0,0,TULANE,TULANE,1,,,,,,,
169982,Joker Johnson,CB,0,0,,2028,319,,67.3,67.1,D20,0,0,1,0,0,1,2,0,2,0,TULANE,TULANE,5,,,,,,,
169985,Joshua Moore,S,0,0,,2028,319,,61.6,70.6,D30,0,0,1,0,0,2,8,5,3,0,TULANE,TULANE,18,,,,,,,
169989,Hunter Summers,WR,0,0,,2028,113,,74.8,68.3,03,0,0,1,0,0,0,6,0,2,0,ARK STATE,ARK STATE,8,,61.8,,,,,
169992,Makai Williams,LB,0,0,,2028,319,,58.9,70,D41,0,0,1,0,0,2,8,5,3,0,TULANE,TULANE,18,,,,,,,
169994,Deonte Bowie,G,0,0,,2026,327,60,60.8,62.7,74,0,0,1,4,0,0,0,0,0,0,USF,USF,4,,,,,,,
169995,Evan Dangler,TE,0,0,,2027,327,,60.2,66.6,47,0,0,1,0,0,0,6,1,0,0,USF,USF,7,,,,,,,
169997,Jarvis Lee,CB,0,0,,2028,327,,63.3,68,D28,0,0,1,0,2,0,0,0,6,0,USF,USF,8,60.1,,,,,,
169999,Cole Skinner,G,0,0,,2028,327,62.5,62.2,67.6,56,0,0,1,7,0,0,0,0,0,0,USF,USF,7,,,,,,,
170037,David Anderson,DI,0,0,,2028,154,,59.4,63.3,D44,0,0,1,0,2,0,0,0,0,0,DUKE,DUKE,2,59.2,,,,,,
170039,Vance Bolyard,TE,0,0,,2028,154,,57.9,67.6,80,0,0,1,0,0,0,9,0,0,0,DUKE,DUKE,9,,,,,,,
170041,Que'Sean Brown,WR,0,0,,2028,154,,60,62.8,14,0,0,1,0,0,0,0,0,2,0,DUKE,DUKE,2,,,,60.2,,,
170044,Caleb Dorris,T,0,0,,2028,154,60,60.5,60.4,66,0,0,1,3,0,0,0,0,0,0,DUKE,DUKE,3,,,,,,,
170047,Leon Griffin III,S,0,0,,2028,154,,59.6,70.3,D06,0,0,1,0,0,4,9,3,2,0,DUKE,DUKE,18,,,,,,,
170050,Kendall Johnson,LB,0,0,,2028,154,,61,70.6,D42,0,0,1,0,1,3,9,5,0,0,DUKE,DUKE,18,60,,,,,,
170051,Peyton Jones,HB,0,0,,2028,154,,60.1,62.6,05,0,0,1,0,0,0,9,0,0,0,DUKE,DUKE,9,,57.1,,,,,
170056,Luke Mergott,LB,0,0,,2027,154,,58.4,66.9,D34,0,0,1,0,1,3,9,5,0,0,DUKE,DUKE,18,60,,,,,,
170058,Kimari Robinson,CB,0,0,,2028,154,,60.4,65.6,D05,0,0,1,0,4,0,0,0,0,0,DUKE,DUKE,4,60,,,,,,
170060,DaShawn Stone,S,0,0,,2028,154,,59.9,64,D08,0,0,1,0,8,1,0,2,0,0,DUKE,DUKE,11,59.8,,,,,,
170065,Jacob Cruz,ED,0,0,,2028,176,60,62.3,65.8,D35,0,0,1,5,1,0,0,0,3,0,GA TECH,GA TECH,9,59.7,,,,,,
170071,Shymeik Jones,DI,0,0,,2029,176,,59.8,62,D96,0,0,1,0,1,0,0,0,0,0,GA TECH,GA TECH,1,59.6,,,,,,
170079,Zion Taylor,WR,0,0,,2028,176,,60,62.3,18,0,0,1,0,0,0,6,0,0,0,GA TECH,GA TECH,6,,58,,,,,
170082,Rueben Bain Jr.,ED,0,0,2026,2026,220,,59.9,65.1,D04,0,0,1,0,6,0,0,0,2,0,MIAMI FL,MIAMI FL,8,59,,,,,,
170083,Malik Bryant,ED,0,0,,2028,220,,60.2,65.7,D24,0,0,1,0,0,0,1,0,1,0,MIAMI FL,MIAMI FL,2,,,,,,,
170087,Dylan Joyce,P,0,0,,2028,220,60,60.7,62.4,S94,0,0,1,7,0,0,0,1,0,0,MIAMI FL,MIAMI FL,8,,,,,,,60
170088,Francis Mauigoa,T,0,0,2026,2026,220,62.5,62.2,67.6,61,0,0,1,7,0,0,0,0,0,0,MIAMI FL,MIAMI FL,7,,,,,,,
170089,Samson Okunlola,T,0,0,,2028,220,60,61.4,62.1,63,0,0,1,7,0,0,0,0,0,0,MIAMI FL,MIAMI FL,7,,,,,,,
170093,Kaleb Spencer,S,0,0,,2028,337,,63.8,63.9,D29,0,0,1,0,5,2,0,0,1,0,VA TECH,VA TECH,8,59.8,,,,,,
170098,Jayden Wayne,ED,0,0,,2028,340,,60.3,64,D18,0,0,1,0,1,0,0,0,1,0,WASHINGTON,WASHINGTON,2,59.8,,,,,,
170102,Amare Campbell,LB,0,0,,2028,245,,60.1,62.8,D17,0,0,1,0,3,0,0,0,1,0,N CAROLINA,N CAROLINA,4,60,,,,,,
170105,Christian Hamilton,WR,0,0,,2028,245,,59.8,65.8,07,0,0,1,0,0,0,0,2,0,0,N CAROLINA,N CAROLINA,2,,,,,,,
170108,Tom Maginness,P,0,0,,2026,245,60,60.7,67.6,S96,0,1,1,2,0,0,0,6,0,0,N CAROLINA,N CAROLINA,8,,,,,,,62.2
170110,Michael Short,LB,0,0,,2028,245,,84.8,70.1,D30,0,0,1,0,3,3,6,6,3,2,N CAROLINA,N CAROLINA,21,60,,,,,,
170111,Tyler Thompson,ED,0,0,,2028,245,,48.1,63.1,D40,1,0,1,0,0,2,0,0,0,0,N CAROLINA,N CAROLINA,2,,,,,,,
170119,Braylan Lovelace,LB,0,0,,2028,268,,42.4,67.6,D00,1,0,1,0,3,6,6,0,0,0,PITTSBURGH,PITTSBURGH,15,59.9,,,,,,
170121,Isaiah Neal,DI,0,0,,2028,268,,60.1,66.9,D97,0,0,1,0,4,0,4,0,3,0,PITTSBURGH,PITTSBURGH,11,59,,,,,,
170126,Caleb Williams,HB,0,0,,2028,268,,59.9,66.1,30,0,0,1,0,0,0,6,0,0,0,PITTSBURGH,PITTSBURGH,6,,59.9,,,,,
170127,BJ Williams,G,0,0,,2028,268,60.2,61.7,68.3,55,0,0,1,6,0,0,0,0,0,0,PITTSBURGH,PITTSBURGH,6,,,,,,,
170148,Nolan DeLong,LB,0,0,,2028,192,,56.9,68.7,D31,0,0,1,0,0,0,6,0,4,0,IOWA,IOWA,10,,,,,,,
170156,Hayden Large,TE,0,0,2026,2026,192,60,78.3,65.1,88,0,0,1,4,0,0,6,5,0,0,IOWA,IOWA,15,,,,,,,
170162,Zach Lutmer,S,0,0,,2028,192,,79.5,69.4,D06,0,0,1,0,0,3,6,5,5,0,IOWA,IOWA,19,,,,,,,
170169,John Nestor,CB,0,0,,2028,192,,59.9,28.6,D07,0,1,1,0,0,5,6,5,5,0,IOWA,IOWA,21,,,,,,,
170189,Tamarcus Cooley,S,0,0,,2028,248,,70.1,76,D15,0,0,1,0,5,0,6,0,0,0,NC STATE,NC STATE,11,59.9,,,,,,
170220,Jeremiah Charles,CB,0,0,,2029,238,,63.5,65.3,D25,0,0,1,0,0,4,0,2,0,0,NEBRASKA,NEBRASKA,6,,,,,,,
170226,Mason Goldman,ED,0,0,,2029,238,60,57.8,62.9,D58,0,0,1,3,0,0,2,2,0,0,NEBRASKA,NEBRASKA,7,,,,,,,
170227,Gunnar Gottula,T,0,0,,2029,238,60,60.3,61.6,77,0,0,1,3,0,0,0,0,0,0,NEBRASKA,NEBRASKA,3,,,,,,,
170228,Kwinten Ives,HB,0,0,,2029,238,,73.4,65.3,28,0,0,1,0,0,0,2,0,1,0,NEBRASKA,NEBRASKA,3,,,,,,,
170233,Jaylen Lloyd,WR,0,0,,2028,238,,60,62.2,19,0,0,1,0,0,0,1,0,0,0,NEBRASKA,NEBRASKA,1,,,,,,,
170234,Jason Maciejczak,G,0,0,,2029,238,60,60.7,63.2,76,0,0,1,3,0,0,0,2,0,0,NEBRASKA,NEBRASKA,5,,,,,,,
170243,Rahmir Stewart,S,0,0,,2028,238,,60,63.7,D32,0,0,1,0,0,1,0,0,0,0,NEBRASKA,NEBRASKA,1,,,,,,,
170246,Riley Van Poppel,DI,0,0,,2029,238,,59.7,62.4,D44,0,0,1,0,2,0,0,0,0,0,NEBRASKA,NEBRASKA,2,59.5,,,,,,
170252,Malik Hartford,S,0,0,,2029,260,,61.9,69.8,D09,0,0,1,0,0,8,0,0,0,0,OHIO STATE,OHIO STATE,8,,,,,,,
170255,Brandon Inniss,WR,0,0,,2028,260,,60.7,67.3,11,0,0,1,0,0,0,3,0,5,0,OHIO STATE,OHIO STATE,8,,,,63.2,,,
170257,Jermaine Mathews Jr.,CB,0,0,,2028,260,,62.1,70.4,D24,0,0,1,0,0,7,0,1,5,0,OHIO STATE,OHIO STATE,13,,,,,,,
170258,Kayden McDonald,DI,0,0,2026,2026,260,,60,64.7,D98,0,0,1,0,0,0,0,0,1,0,OHIO STATE,OHIO STATE,1,,,,,,,
170261,Luke Montgomery,G,0,0,,2028,260,60,61.9,67.7,51,0,0,1,7,0,0,0,0,0,0,OHIO STATE,OHIO STATE,7,,,,,,,
170263,Joshua Padilla,C,0,0,,2028,260,60,61.5,63.9,62,0,0,1,7,0,0,0,0,0,0,OHIO STATE,OHIO STATE,7,,,,,,,
170264,Arvell Reese,LB,0,0,2026,2026,260,,63.4,68.3,D20,0,0,1,0,1,8,0,0,3,0,OHIO STATE,OHIO STATE,12,60,,,,,,
170265,Bryson Rodgers,WR,0,0,,2028,260,,60,64.4,13,0,0,1,0,0,0,0,1,0,0,OHIO STATE,OHIO STATE,1,,,,,,,
170269,Austin Siereveld,G,0,0,,2028,260,62.9,62.1,63.9,67,0,0,1,7,0,0,0,0,0,0,OHIO STATE,OHIO STATE,7,,,,,,,
170273,Carnell Tate,WR,0,0,2026,2026,260,,59.9,65.3,17,0,0,1,0,0,0,1,1,0,0,OHIO STATE,OHIO STATE,2,,,,,,,
170274,Jelani Thurman,TE,0,0,,2028,260,60,61.4,61.2,15,0,0,1,7,0,0,0,0,0,0,OHIO STATE,OHIO STATE,7,,,,,,,
170276,Alex Birchmeier,G,0,0,,2029,266,60.8,61.6,62.1,63,0,0,1,5,0,0,0,0,0,0,PENN STATE,PENN STATE,5,,,,,,,
170280,Kolin Dinkins,CB,0,0,,2027,266,,70.8,68.7,D31,0,0,1,0,0,5,3,0,3,1,PENN STATE,PENN STATE,11,,,,,,,
170287,King Mack,CB,0,0,,2028,103,,54.9,68.1,D05,0,0,1,0,0,3,6,3,5,0,ALABAMA,ALABAMA,17,,,,,,,
170288,London Montgomery,HB,0,0,,2028,156,,60,63,34,0,0,1,0,0,0,4,0,0,0,E CAROLINA,E CAROLINA,4,,58.7,,,,,
170290,Da'Kaari Nelson,S,0,0,,2028,266,,72.8,70.2,D08,0,0,1,0,0,0,3,6,3,1,PENN STATE,PENN STATE,12,,,,,,,
170291,Chimdy Onoh,G,0,0,,2028,266,60,61.5,67.9,55,0,0,1,5,0,0,0,0,0,0,PENN STATE,PENN STATE,5,,,,,,,
170295,Ta'Mere Robinson,LB,0,0,,2028,266,,63.4,70.3,D24,0,0,1,0,0,5,0,0,3,0,PENN STATE,PENN STATE,8,,,,,,,
170297,Tony Rojas,LB,0,0,,2028,266,,60.2,63.9,D13,0,0,1,0,3,0,0,0,0,0,PENN STATE,PENN STATE,3,60,,,,,,
170301,Zion Tracy,CB,0,0,,2028,266,,51.2,67.7,D07,1,0,1,0,3,5,0,6,4,0,PENN STATE,PENN STATE,18,60,,,63.7,,,
170303,Elliot Washington II,CB,0,0,,2028,266,,67.3,69.3,D09,0,0,1,0,1,5,0,0,3,0,PENN STATE,PENN STATE,9,60,,,,,,
170305,J'ven Williams,T,0,0,,2028,266,60,61.4,67.4,74,0,0,1,5,0,0,0,0,0,0,PENN STATE,PENN STATE,5,,,,,,,
170308,Dylan Braithwaite,WR,0,0,,2028,278,,72.1,67.4,07,0,0,1,0,0,8,0,4,0,1,RUTGERS,RUTGERS,12,,,,,,,
170311,Davoun Fuse,S,0,0,,2028,278,,65.4,72.2,D19,0,0,1,0,0,8,8,0,4,0,RUTGERS,RUTGERS,20,,,,,,,
170313,Bo Mascoe,CB,0,0,,2028,278,,60.1,65.2,D03,0,0,1,0,3,0,0,0,0,0,RUTGERS,RUTGERS,3,60,,,,,,
170314,Jesse Ofurie,S,0,0,,2028,278,,65.8,69,D16,0,0,1,0,1,0,8,0,4,0,RUTGERS,RUTGERS,13,60,,,,,,
170325,Jordan Mayer,ED,0,0,,2027,266,,60,63.3,D95,0,0,1,0,0,0,3,0,0,0,PENN STATE,PENN STATE,3,,,,,,,
170366,Kamal Bonner,LB,0,0,,2028,248,,61.2,78.5,D34,0,0,1,0,5,0,0,0,0,0,NC STATE,NC STATE,5,59.9,,,,,,
170371,Terrente Hinton,S,0,0,,2027,248,,61.6,76.5,D14,0,0,1,0,1,4,0,0,1,0,NC STATE,NC STATE,6,60,,,,,,
170372,Rico Jackson,T,0,0,,2028,248,60,60.8,63.1,64,0,0,1,4,0,0,0,0,0,0,NC STATE,NC STATE,4,,,,,,,
170375,Reid Mitchell,T,0,0,,2026,248,60,60.8,61.3,49,0,0,1,4,0,0,0,0,0,0,NC STATE,NC STATE,4,,,,,,,
170376,Zack Myers,S,0,0,,2028,248,,61.3,68.2,D24,0,0,1,0,0,4,6,1,1,0,NC STATE,NC STATE,12,,,,,,,
170380,Isaiah Shirley,ED,0,0,,2028,248,,59.5,64.4,D88,0,0,1,0,4,0,0,0,0,0,NC STATE,NC STATE,4,59.3,,,,,,
170384,David Clement,TE,0,0,,2028,304,60,61.1,63.7,86,0,0,1,7,0,0,6,2,0,0,SYRACUSE,SYRACUSE,15,,,,,,,
170386,David Omopariola,ED,0,0,,2028,304,,60.6,64.3,D18,0,0,1,0,7,0,0,0,1,0,SYRACUSE,SYRACUSE,8,59.9,,,,,,
170410,Jarod Bowie,WR,0,0,,2026,196,,59.8,66.1,09,0,0,1,0,0,0,6,0,0,0,JVILLE ST,JVILLE ST,6,,,,,,,
170418,Aghogho Eyafe,WR,0,0,,2026,196,,60.9,69.9,87,0,0,1,0,0,0,6,0,0,0,JVILLE ST,JVILLE ST,6,,,,,,,
170420,Travis Franklin Jr.,S,0,0,,2028,196,,61.8,67,D20,0,0,1,0,0,5,0,0,4,0,JVILLE ST,JVILLE ST,9,,,,,,,
170422,Cam Griffin,G,0,0,,2028,196,60,61.4,66.3,60,0,0,1,4,0,0,0,0,0,0,JVILLE ST,JVILLE ST,4,,,,,,,
170426,Geimere Latimer II,CB,0,0,,2028,196,,60.3,68,D01,0,0,1,0,5,0,0,5,3,0,JVILLE ST,JVILLE ST,13,59.9,,,,,,
170430,Walker O'Steen,S,1,0,,2027,196,,69.5,76.8,D40,0,0,1,0,0,5,0,0,4,0,JVILLE ST,JVILLE ST,9,,,,,,,
170433,Colton Pitchford,WR,0,0,,2028,196,,60.8,68.6,82,0,0,1,0,0,0,6,0,0,0,JVILLE ST,JVILLE ST,6,,,,,,,
170436,Garrison Rippa,K,0,0,,2027,196,,60,67.5,S37,0,0,1,4,0,5,0,0,0,0,JVILLE ST,JVILLE ST,9,,,,,55.9,52.6,
170438,Kekoura Tarnue,S,0,0,,2026,343,,61.1,64.6,D14,0,0,1,0,5,4,0,0,2,0,W VIRGINIA,W VIRGINIA,11,59.9,,,,,,
170446,Nate Zills,TE,0,0,,2027,196,,60.2,66.7,38,0,0,1,0,0,0,6,0,0,0,JVILLE ST,JVILLE ST,6,,,,,,,
170451,Roy Brackins III,G,0,0,,2028,208,60,60.1,63.3,60,0,0,1,2,0,0,0,0,0,0,LA TECH,LA TECH,2,,,,,,,
170453,Hayden Christman,T,0,0,,2028,208,60,60,62.1,72,0,0,1,2,0,0,0,0,0,0,LA TECH,LA TECH,2,,,,,,,
170457,Jacob Fields,S,0,0,,2028,208,,59.9,65.7,D23,0,0,1,0,3,1,0,3,0,0,LA TECH,LA TECH,7,60,,,,,,
170458,Eli Finley,TE,0,0,,2028,208,60,71.8,64.4,84,0,0,1,2,0,0,5,3,0,0,LA TECH,LA TECH,10,,,,,,,
170461,Cam Hill,S,0,0,,2029,208,,58.3,68.8,D14,0,0,1,0,0,2,5,0,0,0,LA TECH,LA TECH,7,,,,,,,
170462,Ja'Marion Kennedy,G,0,0,,2028,208,60,60.5,64.8,66,0,0,1,2,0,0,0,0,0,0,LA TECH,LA TECH,2,,,,,,,
170466,Michael Richard,S,0,0,,2028,208,,70.5,67,D05,0,0,1,0,1,1,0,3,0,0,LA TECH,LA TECH,5,60,,,,,,
170475,Dakota Williams,WR,0,0,,2027,208,,60,62.1,14,0,0,1,0,0,1,0,0,0,0,LA TECH,LA TECH,1,,,,,,,
170503,William McCollum,G,0,0,,2026,281,60,61,62.9,75,0,0,1,5,0,0,0,0,0,0,SM HOUSTON,SM HOUSTON,5,,,,,,,
170956,Henry Appleton,T,0,0,,2028,114,60,61.1,65.8,58,0,0,1,4,0,0,0,0,0,0,ARMY,ARMY,4,,,,,,,
170964,Caden Brungard,LB,0,0,,2028,114,,47,67.3,D31,0,0,1,0,0,5,0,0,0,0,ARMY,ARMY,5,,,,,,,
170978,Jaxon Hammond,CB,0,0,,2028,114,,46.4,63.9,D17,0,0,1,0,0,5,0,0,0,0,ARMY,ARMY,5,,,,,,,
170984,Samari Howard,FB,0,0,,2028,114,,59.5,61.8,27,0,0,1,0,0,0,3,0,0,0,ARMY,ARMY,3,,,,,,,
170992,Elo Modozie,ED,0,0,,2028,114,,59.9,63.5,D18,0,0,1,0,2,0,0,0,0,0,ARMY,ARMY,2,59.7,,,,,,
170997,Noah Nixon,LB,0,0,,2028,114,,64.5,67.1,D47,0,0,1,0,0,5,3,0,0,0,ARMY,ARMY,8,,,,,,,
170999,Tobi Olawole,TE,0,0,,2028,114,,60.5,68.1,81,0,0,1,0,0,0,3,0,0,0,ARMY,ARMY,3,,,,,,,
171001,Jordan Owens,LB,0,0,,2028,126,,62.8,67.5,D37,0,0,1,0,0,0,2,0,5,0,BUFFALO,BUFFALO,7,,,,,,,
171003,Kavon Pointer,TE,0,0,,2028,114,,60.2,66,89,0,0,1,0,0,0,3,0,3,0,ARMY,ARMY,6,,,,,,,
171009,Jake Rendina,HB,0,0,,2028,114,,59.7,64.6,33,0,0,1,0,0,0,3,0,0,0,ARMY,ARMY,3,,,,,,,
171027,Owen Walter,LS,0,0,,2028,114,60,62,61.6,S55,0,0,1,4,0,0,0,0,0,0,ARMY,ARMY,4,,,69.2,,,,
171028,Christopher Williams,S,0,0,,2028,114,,60.8,65.3,D32,0,0,1,0,0,1,2,0,1,0,ARMY,ARMY,4,,,,,,,
171030,Teddy Williams,T,0,0,,2028,114,60,61.1,66.6,83,0,0,1,4,0,0,0,0,0,0,ARMY,ARMY,4,,,,,,,
171032,Christian Yousefzadeh,ED,0,0,,2028,114,,60.1,65.5,D49,0,0,1,0,0,0,3,0,0,0,ARMY,ARMY,3,,,,,,,
171035,Carsten Casady,C,0,0,,2028,146,60,61.3,63.3,78,0,0,1,6,0,0,0,0,0,0,UCONN,UCONN,6,,,,,,,
171036,Cam Chadwick Jr.,CB,0,0,,2028,146,,60.6,65.4,D13,0,0,1,0,2,0,0,0,1,0,UCONN,UCONN,3,59.9,,,,,,
171039,Zach Christinat,LS,0,0,,2027,146,63.4,65.5,63.2,S47,0,0,1,6,0,0,0,4,0,0,UCONN,UCONN,10,,,79.8,,,,
171041,Oumar Diomande,LB,0,0,,2028,146,,58.7,69.9,D32,0,0,1,0,0,6,3,4,5,1,UCONN,UCONN,18,,,,,,,
171050,Chris Hudson,S,0,0,,2029,146,,53.3,69.3,D12,0,0,1,0,0,6,0,4,5,0,UCONN,UCONN,15,,,,,,,
171053,Brandon Kelley,ED,0,0,,2028,146,,62.6,66.7,D50,0,0,1,0,0,0,0,0,5,0,UCONN,UCONN,5,,,,,,,
171057,John Neider,TE,0,0,,2028,146,,53.1,71.3,80,0,0,1,0,0,6,3,4,5,1,UCONN,UCONN,18,,,,,,,
171074,Sullivan Absher,T,0,0,,2028,258,60,61.1,62.9,75,0,0,1,5,0,0,0,0,0,0,NOTRE DAME,NOTRE DAME,5,,,,,,,
171075,Jaiden Ausberry,LB,0,0,,2028,258,,63.5,68.7,D04,0,0,1,0,1,6,0,0,5,0,NOTRE DAME,NOTRE DAME,12,60,,,,,,
171077,Drayk Bowen,LB,0,0,,2028,258,,73.6,66.7,D34,0,0,1,0,2,0,0,5,1,1,NOTRE DAME,NOTRE DAME,8,60,,,,,,
171081,Jordan Faison,WR,0,0,,2028,258,,59.5,67.7,06,0,0,1,0,0,0,0,5,0,0,NOTRE DAME,NOTRE DAME,5,,,,,,,
171087,Charles Jagusah,G,0,0,,2028,258,60,61.5,66.6,56,0,0,1,5,0,0,0,0,0,0,NOTRE DAME,NOTRE DAME,5,,,,,,,
171090,Jeremiyah Love,HB,0,0,2026,2026,258,,59.4,67,04,0,0,1,0,0,0,0,4,0,0,NOTRE DAME,NOTRE DAME,4,,,,,,,
171092,Ben Minich,S,0,0,,2028,258,,62,69.8,D13,0,0,1,0,0,6,0,0,5,0,NOTRE DAME,NOTRE DAME,11,,,,,,,
171093,Armel Mukam,DI,0,0,,2028,258,,59.9,63.1,D55,0,0,1,0,2,0,0,0,0,0,NOTRE DAME,NOTRE DAME,2,59.8,,,,,,
171094,Kobi Onyiuke,ED,0,0,,2026,258,,61.5,64.8,D45,0,0,1,0,0,5,0,5,0,0,NOTRE DAME,NOTRE DAME,10,,,,,,,
171098,Adon Shuler,S,0,0,,2028,258,,61.1,64.8,D08,0,0,1,0,2,0,0,0,4,0,NOTRE DAME,NOTRE DAME,6,59.9,,,,,,
171100,Luke Talich,S,0,0,,2028,258,,69.9,70.1,D28,0,0,1,0,0,6,0,5,5,0,NOTRE DAME,NOTRE DAME,16,,,,,,,
171101,Chris Terek,G,0,0,,2028,258,60,61.1,63.9,55,0,0,1,5,0,0,0,0,0,0,NOTRE DAME,NOTRE DAME,5,,,,,,,
171105,Preston Zinter,LB,0,0,,2028,258,,63.8,70.5,D25,0,0,1,0,0,5,3,0,5,0,NOTRE DAME,NOTRE DAME,13,,,,,,,
171197,Trevor Brock,G,0,0,,2026,126,60,61.7,64.7,79,0,0,1,7,0,0,0,0,0,0,BUFFALO,BUFFALO,7,,,,,,,
171199,Dion Crawford,ED,0,0,,2028,126,,60.5,64.2,D18,0,0,1,0,2,0,0,0,1,0,BUFFALO,BUFFALO,3,59.8,,,,,,
171206,Charles McCartherens,CB,0,0,,2028,126,,60.5,66.4,D05,0,0,1,0,2,0,0,0,1,0,BUFFALO,BUFFALO,3,59.9,,,,,,
171210,Junior Poyser,DI,0,0,,2028,126,62.5,61.8,67.1,D97,0,0,1,7,1,0,0,0,0,0,BUFFALO,BUFFALO,8,59.6,,,,,,
171213,Andrew Schnackenberg,TE,0,0,,2026,126,60,64.3,64.8,85,0,0,1,7,0,0,0,3,0,0,BUFFALO,BUFFALO,10,,,80.2,,,,
171214,Lamar Sperling,HB,0,0,,2028,126,,63.9,68.9,32,0,0,1,0,0,7,0,0,5,0,BUFFALO,BUFFALO,12,,,,,,,
171270,Roosevelt Andrews III,DI,0,0,,2028,221,,60.3,64.4,D92,0,0,1,0,2,0,0,0,1,0,MIAMI OH,MIAMI OH,3,59.6,,,,,,
171271,Lynel Billups-Williams,WR,0,0,,2028,221,,61.1,65.6,82,0,0,1,0,0,9,3,0,0,0,MIAMI OH,MIAMI OH,12,,,,,,,
171281,Andrew Lowry,G,0,0,,2028,221,60.7,62,68.9,61,0,0,1,7,0,0,0,0,0,0,MIAMI OH,MIAMI OH,7,,,,,,,
171282,Malcolm McCain,LB,0,0,,2028,221,,72.8,67.9,D25,0,0,1,0,0,8,4,0,0,0,MIAMI OH,MIAMI OH,12,,,,,,,
171284,Christian McKinney,LB,0,0,,2028,221,,60,62.4,D34,0,0,1,0,0,1,0,0,0,0,MIAMI OH,MIAMI OH,1,,,,,,,
171285,Kellan McLaughlin,K,0,0,,2028,221,,60,70.1,S38,0,0,1,0,0,9,0,0,0,0,MIAMI OH,MIAMI OH,9,,,,,,78.2,
171291,Ryan Sims,WR,0,0,,2027,221,,60,62.2,83,0,0,1,0,0,0,1,0,0,0,MIAMI OH,MIAMI OH,1,,60,,,,,
171292,Greg Smith Jr.,G,0,0,,2028,221,63.1,62.1,62.3,74,0,0,1,7,0,0,0,0,0,0,MIAMI OH,MIAMI OH,7,,,,,,,
171295,Cole Weaver,WR,0,0,,2028,221,,60,65.5,84,0,0,1,0,0,0,1,0,0,0,MIAMI OH,MIAMI OH,1,,,,,,,
171301,Grayson Barnes,TE,0,0,,2026,254,60,60.4,60.5,81,0,0,1,5,0,0,0,0,0,0,N ILLINOIS,N ILLINOIS,5,,,,,,,
171313,Landon Hron,T,0,0,,2028,254,60.6,61.7,64,63,0,0,1,5,0,0,0,0,0,0,N ILLINOIS,N ILLINOIS,5,,,,,,,
171319,Filip Maciorowski,LB,0,0,,2028,254,,49.2,66.7,D17,0,0,1,0,0,4,3,0,1,0,N ILLINOIS,N ILLINOIS,8,,,,,,,
171330,Luke Skartvedt,G,0,0,,2028,254,60.5,61.7,65,53,0,0,1,5,0,0,0,0,0,0,N ILLINOIS,N ILLINOIS,5,,,,,,,
171332,Jay'shon Thomas,ED,0,0,,2028,254,,60,61.5,D16,0,0,1,0,1,0,0,0,0,0,N ILLINOIS,N ILLINOIS,1,59.8,,,,,,
171334,Ethan Tierney,CB,0,0,,2029,254,,50.3,68.1,D18,0,0,1,0,0,4,0,0,1,0,N ILLINOIS,N ILLINOIS,5,,,,,,,
171337,Jacob Welch,G,0,0,,2028,254,60,61.3,65.4,78,0,0,1,5,0,0,0,0,0,0,N ILLINOIS,N ILLINOIS,5,,,,,,,
171341,Khamani Debrow,WR,0,0,,2028,259,,68.9,69.5,05,0,0,1,0,0,6,4,5,3,1,OHIO,OHIO,18,,,,,,,
171345,Jack Fries,LB,0,0,,2027,259,,51.6,69.3,D27,0,1,1,0,0,6,4,5,3,0,OHIO,OHIO,18,,,,,,,
171348,Chase Hendricks,WR,0,0,,2028,259,,60,61.2,07,0,0,1,0,0,0,1,0,0,0,OHIO,OHIO,1,,57.5,,,,,
171350,Rickey Hunt Jr.,HB,0,0,,2028,259,,61.1,70.2,28,0,0,1,0,0,0,0,0,3,0,OHIO,OHIO,3,,,,,,,
171357,Tank Pearson,CB,0,0,,2026,259,,61.8,66.6,D07,0,0,1,0,3,6,0,0,2,0,OHIO,OHIO,11,60,,,,,,
171359,Kadin Schmitz,LB,0,0,,2028,259,,61.6,67.1,D19,0,0,1,0,3,4,5,0,1,0,OHIO,OHIO,13,59.9,,,,,,
171361,Gianni Spetic,K,0,0,,2028,259,,60.3,67.9,S44,0,0,1,5,0,6,0,0,0,0,OHIO,OHIO,11,,,,,51.9,68.5,
171363,Jalen Thomeson,S,0,0,,2028,259,,59.8,69.9,D22,0,0,1,0,0,6,4,5,4,0,OHIO,OHIO,19,,,,,,,
171364,DJ Walker,S,0,0,,2028,259,,60.9,64,D21,0,0,1,0,4,0,1,0,2,0,OHIO,OHIO,7,59.9,,,,,,
171367,Mason Williams,TE,0,0,,2028,259,60,61.9,66.8,85,0,0,1,5,0,0,5,5,3,0,OHIO,OHIO,18,,,,,,,
171369,Julian Allen,WR,0,1,,2029,316,,29.8,66.4,21,0,1,1,0,0,0,0,0,5,0,TOLEDO,TOLEDO,5,,,,,,,
171370,Braden Awls,CB,0,0,,2028,316,,59.9,68.8,D26,0,0,1,0,4,0,6,6,0,0,TOLEDO,TOLEDO,16,59.9,,,,,,
171372,Drew Covington,LB,0,0,,2027,210,,76.6,69.5,D53,0,0,1,0,0,6,5,0,3,1,LOUISVILLE,LOUISVILLE,14,,,,,,,
171373,Chris D'Appolonia,LB,0,0,,2028,316,,90.5,71.8,D49,0,0,1,0,0,6,6,6,5,2,TOLEDO,TOLEDO,23,,,,,,,
171375,Emilio Duran,K,0,0,,2028,316,60,61.2,67.2,S36,0,2,1,7,0,0,0,6,0,0,TOLEDO,TOLEDO,13,,,,,,,55.4
171386,Cole Rhett,T,0,0,,2028,316,,60,63.3,74,0,0,1,0,0,0,0,0,0,0,TOLEDO,TOLEDO,0,,,,,,,
171389,Sam Smith Jr.,S,0,0,,2028,316,,60.8,68.7,D28,0,0,1,0,0,0,6,0,0,0,TOLEDO,TOLEDO,6,,,,,,,
171391,Nicholas Thompson,S,0,0,,2029,316,,74.8,68.4,D22,0,0,1,0,2,3,6,0,1,0,TOLEDO,TOLEDO,12,59.9,,,,,,
171392,Connor Walendzak,HB,0,0,,2028,316,,56.3,68.6,24,1,0,1,0,0,6,6,6,0,1,TOLEDO,TOLEDO,18,,,,,,,
171393,JD Willoughby,WR,1,0,,2030,316,,67.8,71,15,0,0,1,0,0,6,6,0,5,0,TOLEDO,TOLEDO,17,,,,,,,
171394,Grant Zimmerly,G,0,0,,2030,316,63.1,62.1,62.3,63,0,0,1,7,0,0,0,0,0,0,TOLEDO,TOLEDO,7,,,,,,,
171395,Joshua Franklin,CB,0,0,,2028,347,,60.5,68.3,D21,0,0,1,0,0,6,0,3,2,1,W MICHIGAN,W MICHIGAN,11,,,,,,,
171397,Tre' Hartwell,HB,0,0,,2029,347,,84,66.1,26,0,0,1,0,0,1,6,0,0,0,W MICHIGAN,W MICHIGAN,7,,59.9,,,,,
171402,Jack Parker,G,0,0,,2027,347,60,61.6,67.1,55,0,0,1,5,0,0,0,4,0,0,W MICHIGAN,W MICHIGAN,9,,,,,,,
171406,Marcel Tyler,DI,0,0,,2026,347,,59.7,63,D91,0,0,1,0,2,0,0,0,0,0,W MICHIGAN,W MICHIGAN,2,59.5,,,,,,
171410,Brennan Wooten,FB,0,0,,2028,347,,72.4,69.7,89,0,0,1,0,0,6,6,0,2,0,W MICHIGAN,W MICHIGAN,14,,,,,,,
171575,Marcus Ratcliffe,S,0,0,,2028,312,,61.6,69.6,D03,0,0,1,0,5,0,0,4,4,0,TEXAS A&M,TEXAS A&M,13,60,,,,,,
171875,Keith Abney II,CB,0,0,2026,2026,110,,61.1,67.1,D01,0,0,1,0,7,0,0,0,1,0,ARIZONA ST,ARIZONA ST,8,60.1,,,,,,
171879,C.J. Fite,DI,0,0,,2028,110,,59.6,65.2,D99,0,0,1,0,6,0,0,4,1,0,ARIZONA ST,ARIZONA ST,11,58.9,,,,,,
171884,Sean Na'a,G,0,0,,2029,110,60,55,65.8,74,0,0,1,2,0,0,0,0,0,0,ARIZONA ST,ARIZONA ST,2,,,,,,,
171888,Kyle Scott,G,0,0,,2026,110,60,60.9,63.5,77,0,0,1,4,0,0,0,0,0,0,ARIZONA ST,ARIZONA ST,4,,,,,,,
171891,Montana Warren,S,0,0,,2028,110,,62.2,66.2,D09,0,0,1,0,3,5,0,0,3,0,ARIZONA ST,ARIZONA ST,11,60,,,,,,
171894,Isaiah Hardge,WR,0,0,,2028,143,,76.5,67.3,D17,0,0,1,0,0,2,0,4,1,1,COLORADO,COLORADO,7,,,,,,,
171898,Kaleb Mathis,WR,0,0,,2028,143,,60.2,62.9,13,0,0,1,0,0,2,0,0,0,0,COLORADO,COLORADO,2,,,,,,,
171900,Taje McCoy,ED,0,0,,2028,143,,54.8,67.5,D40,0,0,1,0,1,2,0,4,1,0,COLORADO,COLORADO,8,60,,,,,,
171907,Carter Stoutmire,S,0,0,,2028,143,,60.5,66.6,D23,0,0,1,0,2,0,2,0,1,0,COLORADO,COLORADO,5,60,,,,,,
171914,Deven Bryant,LB,0,0,,2028,340,,62.2,69.3,D17,0,0,1,0,0,5,6,0,0,0,WASHINGTON,WASHINGTON,11,,,,,,,
171915,Leroy Bryant,CB,0,0,,2028,340,,59.4,66.2,D00,0,0,1,0,0,6,3,0,3,0,WASHINGTON,WASHINGTON,12,,,,,,,
171918,Owen Coutts,TE,1,0,,2026,340,,66.2,66.2,82,0,0,1,0,0,5,6,0,0,0,WASHINGTON,WASHINGTON,11,,,,,,,
171920,Elinneus Davis,DI,0,0,,2028,340,,60.1,63.6,D90,0,0,1,0,1,0,0,6,0,0,WASHINGTON,WASHINGTON,7,59.6,,,,,,
171924,Landen Hatchett,G,0,0,,2028,340,60,61.4,62,66,0,0,1,4,0,0,0,0,0,0,WASHINGTON,WASHINGTON,4,,,,,,,
171925,Zach Henning,G,0,0,,2028,340,60,61.1,67.8,58,0,0,1,4,0,0,0,0,0,0,WASHINGTON,WASHINGTON,4,,,,,,,
171926,Vincent Holmes,S,0,0,,2028,340,,61.6,68,D27,0,0,1,0,0,5,0,0,3,0,WASHINGTON,WASHINGTON,8,,,,,,,
171930,Jacob Lane,ED,0,0,,2028,340,,70.9,64.5,D48,0,0,1,0,0,0,6,6,0,0,WASHINGTON,WASHINGTON,12,,,,,,,
172185,Tennel Bryant,WR,0,0,,2028,113,,67.5,67,10,0,0,1,0,0,7,0,0,2,1,ARK STATE,ARK STATE,9,,,,,,,
172190,Brandon Greil,S,0,0,,2028,113,,61.9,68.6,D15,0,0,1,0,0,7,6,3,2,0,ARK STATE,ARK STATE,18,,,,,,,
172193,Deaubry Hood,CB,0,0,,2028,113,,60.4,65.6,D16,0,0,1,0,4,0,0,0,0,0,ARK STATE,ARK STATE,4,60,,,,,,
172196,Ian Jeffries,DI,0,0,,2029,113,,59.9,64.7,D40,0,0,1,0,7,0,0,0,0,0,ARK STATE,ARK STATE,7,59.6,,,,,,
172201,Mason Myers,C,0,0,,2028,113,,60.2,63.1,52,0,0,1,0,0,0,0,3,0,0,ARK STATE,ARK STATE,3,,,,,,,
172204,Jordan Sample,CB,0,0,,2028,113,,53.6,67,D44,1,0,1,0,0,7,0,0,2,0,ARK STATE,ARK STATE,9,,,,,,,
172205,Clune Van Andel,K,0,0,,2028,113,,60,63.9,S34,0,0,1,7,0,0,0,0,0,0,ARK STATE,ARK STATE,7,,,,,61.9,,
172207,Jamil Williams,CB,0,0,,2027,113,,56.9,65.2,D27,0,0,1,0,0,0,5,0,0,0,ARK STATE,ARK STATE,5,,,,,,,
172213,Dontez Fagan,CB,0,0,,2025,343,,61.1,66.7,D13,0,0,1,0,7,5,0,0,1,0,W VIRGINIA,W VIRGINIA,13,59.7,,,,,,
172239,Derrick Barksdale,CB,0,0,,2027,197,,60.8,64.9,D32,0,0,1,0,2,0,0,0,2,0,JAMES MAD,JAMES MAD,4,59.9,,,,,,
172250,Yamir Knight,WR,0,0,,2028,197,,60,63.9,08,0,0,1,0,0,0,0,0,5,0,JAMES MAD,JAMES MAD,5,,,,63.8,,,
172254,Mychal McMullin,DI,0,0,,2028,197,,60,62.7,D93,0,0,1,0,1,0,0,0,0,0,JAMES MAD,JAMES MAD,1,59.8,,,,,,
172256,Jack Mowrey,LS,0,0,,2029,197,64.9,63.1,61.9,S43,0,0,1,7,0,0,0,0,0,0,JAMES MAD,JAMES MAD,7,,,70.5,,,,
172258,Josh Phifer,TE,0,0,,2028,197,,59.4,66.4,89,0,0,1,0,0,0,0,4,0,0,JAMES MAD,JAMES MAD,4,,,,,,,
172266,Gannon Weathersby,LB,0,0,,2028,197,,62.3,66.8,D17,0,0,1,0,3,6,4,0,4,0,JAMES MAD,JAMES MAD,17,59.9,,,,,,
172271,Kadarius Calloway,HB,0,0,2026,2026,130,,60.8,63.4,02,0,0,1,0,0,2,5,0,0,0,CAL,CAL,7,,71.4,,,,,
172302,Cole Blaylock,S,0,0,,2028,288,,36.7,66.5,D14,0,0,1,0,0,6,0,0,0,0,S ALABAMA,S ALABAMA,6,,,,,,,
172306,Anthony Eager,WR,0,0,,2028,288,,60,66,11,0,0,1,0,0,0,5,0,0,0,S ALABAMA,S ALABAMA,5,,,,,,,
172310,PJ Martin,HB,0,0,,2028,288,,59.5,65.4,22,0,0,1,0,0,0,5,0,0,0,S ALABAMA,S ALABAMA,5,,,,,,,
172311,Jordan Norman,ED,0,0,,2028,288,,60,63.8,D21,0,0,1,0,0,0,0,0,1,0,S ALABAMA,S ALABAMA,1,,,,,,,
172314,Trent Thomas,TE,0,0,,2028,288,60,61.2,61.8,82,0,0,1,5,0,0,0,2,0,0,S ALABAMA,S ALABAMA,7,,,,,,,
172318,Kalil Alexander,ED,0,0,,2026,314,,60,63.5,D22,0,0,1,0,0,0,0,0,1,0,TEXAS ST,TEXAS ST,1,,,,,,,
172319,Amarion Atwood,CB,0,0,,2028,314,,60,62.6,D23,0,0,1,0,4,0,0,0,0,0,TEXAS ST,TEXAS ST,4,59.9,,,,,,
172320,Bamidele Badusi,T,0,0,,2028,314,60,61.6,66.9,75,0,0,1,6,0,0,0,0,0,0,TEXAS ST,TEXAS ST,6,,,,,,,
172325,Bobby Crosby,S,0,0,,2026,314,,61.5,65.8,D27,0,0,1,0,0,4,0,0,0,0,TEXAS ST,TEXAS ST,4,,,,,,,
172330,Nathan Huerta,DI,0,0,,2027,314,,59.8,64.3,D55,0,0,1,0,4,0,0,0,0,0,TEXAS ST,TEXAS ST,4,59.6,,,,,,
172336,Jake Simpson,TE,0,0,,2028,314,,60,62.9,80,0,0,1,0,0,0,2,0,0,0,TEXAS ST,TEXAS ST,2,,,,,,,
172339,Terry Webb,DI,0,0,2026,2026,314,,60,64.7,D03,0,0,1,0,0,0,0,0,1,0,TEXAS ST,TEXAS ST,1,,,,,,,
172364,Chris Rodgers,LB,0,0,,2028,319,,60.3,64.3,D04,0,0,1,0,0,2,0,0,0,0,TULANE,TULANE,2,,,,,,,
172373,Olaus Alinen,G,0,0,,2029,103,60,61.1,65.7,73,0,0,1,3,0,0,0,0,0,0,ALABAMA,ALABAMA,3,,,,,,,
172375,Caleb Downs,S,0,0,2026,2026,260,,60.9,68.7,D02,0,0,1,0,1,0,1,5,8,0,OHIO STATE,OHIO STATE,15,60,,,61.4,,,
172378,Jaren Hamilton,WR,0,0,,2028,103,,61.2,68.2,16,0,0,1,0,0,0,0,0,5,0,ALABAMA,ALABAMA,5,,,,,,,
172384,Justin Jefferson,LB,0,0,2026,2026,103,,59.8,68,D15,0,0,1,0,5,0,0,4,0,0,ALABAMA,ALABAMA,9,59.9,,,,,,
172390,Roq Montgomery,G,0,0,,2028,103,60,61,61.8,55,0,0,1,3,0,0,0,0,0,0,ALABAMA,ALABAMA,3,,,,,,,
172393,Jordan Renaud,ED,0,0,,2028,103,,61.4,68.4,D90,0,0,1,0,1,0,0,0,5,0,ALABAMA,ALABAMA,6,60,,,,,,
172394,Dezz Ricks,CB,0,0,,2028,312,,61.1,67.1,D10,0,0,1,0,6,0,0,0,2,0,TEXAS A&M,TEXAS A&M,8,60.1,,,,,,
172395,Qua Russaw,ED,0,0,,2028,103,,60,63,D04,0,0,1,0,2,0,0,0,0,0,ALABAMA,ALABAMA,2,59.9,,,,,,
172396,James Smith,DI,0,0,,2028,103,,59.3,62.3,D23,0,0,1,0,2,0,0,0,0,0,ALABAMA,ALABAMA,2,59.2,,,,,,
172407,Ian Geffrard,DI,0,0,,2028,111,,59.7,64.5,D95,0,0,1,0,4,0,0,0,1,0,ARKANSAS,ARKANSAS,5,59.1,,,,,,
172409,Kaleb James,DI,0,0,,2028,111,,36,26.2,D99,1,1,1,0,0,8,0,0,0,0,ARKANSAS,ARKANSAS,8,,,,,,,
172410,RJ Johnson,CB,0,0,,2028,143,,50.7,68.1,D05,0,0,1,0,0,2,0,4,1,0,COLORADO,COLORADO,7,,,,,,,
172412,Maddox Lassiter,FB,0,0,,2028,111,,72.7,66.7,47,0,0,1,0,0,0,6,1,0,0,ARKANSAS,ARKANSAS,7,,,,,,,
172417,Ashton Ngo,LS,0,0,,2026,111,64.9,62.4,63.6,S44,0,0,1,7,0,0,0,4,0,0,ARKANSAS,ARKANSAS,11,,,64.8,,,,
172422,Quincy Rhodes Jr.,ED,0,0,,2028,111,,60.9,65.6,D97,0,0,1,0,4,0,0,0,2,0,ARKANSAS,ARKANSAS,6,59.7,,,,,,
172429,Joey Su'a,G,0,0,,2029,110,60,61.4,62,54,0,0,1,4,0,0,0,0,0,0,ARIZONA ST,ARIZONA ST,4,,,,,,,
172430,Isaac TeSlaa,WR,0,0,2025,2025,111,,59.2,27.2,04,0,1,1,0,0,0,1,4,2,0,ARKANSAS,ARKANSAS,7,,,,,,,
172450,Colton Hood,CB,0,0,2026,2026,143,,60.5,65.4,D03,0,0,1,0,5,0,0,0,0,0,COLORADO,COLORADO,5,60,,,,,,
172466,Brenton Williams,ED,0,0,,2028,206,,59.5,63.5,D27,0,0,1,0,4,0,0,0,0,0,LIBERTY,LIBERTY,4,59.4,,,,,,
172467,Tyree Adams,G,0,1,,2028,211,60,43.5,25.4,71,0,1,1,8,0,0,0,0,0,0,LSU,LSU,8,,,,,,,
172472,Dylan Carpenter,ED,0,0,,2028,211,,60,62.7,D97,0,0,1,0,1,0,0,0,0,0,LSU,LSU,1,59.8,,,,,,
172479,Jaxon Howard,ED,0,0,,2028,225,,49.5,66.2,D01,0,0,1,0,0,4,0,0,4,0,MINNESOTA,MINNESOTA,8,,,,,,,
172483,Kaleb Jackson,HB,0,0,,2028,211,,60.2,68.1,28,0,0,1,0,0,8,5,0,0,0,LSU,LSU,13,,,,,,,
172488,Paul Mubenga,G,0,0,,2029,211,60,61.6,63.4,65,0,0,1,8,0,0,0,0,0,0,LSU,LSU,8,,,,,,,
172496,Ashton Stamps,CB,0,0,,2028,211,,60.7,67.4,D01,0,0,1,0,5,0,0,0,2,0,LSU,LSU,7,59.7,,,,,,
172497,Javien Toviano,S,0,0,,2027,211,,48.4,66,D25,0,0,1,0,5,0,1,2,0,0,LSU,LSU,8,59.9,,,,,,
172498,Whit Weeks,LB,0,0,,2028,211,,60.7,64,D40,0,0,1,0,1,0,0,1,2,0,LSU,LSU,4,59.9,,,,,,
172501,Ryan Yaites,S,0,0,,2028,130,,62,70,D09,0,0,1,0,3,3,5,6,7,0,CAL,CAL,24,60,,,,,,
172503,Joshua Aka,WR,1,0,,2025,226,,57,68.2,20,0,0,1,0,0,9,0,0,1,0,OLE MISS,OLE MISS,10,,,,,,,
172510,Jayvontay Conner,TE,0,0,,2029,156,,60,67.2,08,0,0,1,0,0,0,0,0,2,0,E CAROLINA,E CAROLINA,2,,,,,,,
172513,Daniel Demery,LB,0,0,,2028,226,,61.7,66.2,D21,0,0,1,0,0,8,0,0,0,0,OLE MISS,OLE MISS,8,,,,,,,
172520,Torian Kelly,CB,0,0,,2026,226,,60,63.4,E32,0,0,1,0,0,1,0,0,0,0,OLE MISS,OLE MISS,1,,,,,,,
172521,Cayden Lee,WR,0,0,,2028,226,,60,62.2,19,0,0,1,0,0,0,1,0,0,0,OLE MISS,OLE MISS,1,,60,,,,,
172524,Suntarine Perkins,ED,0,0,,2028,226,,60.5,65.8,D04,0,0,1,0,0,1,0,2,1,0,OLE MISS,OLE MISS,4,,,,,,,
172527,Brycen Sanders,C,0,0,,2028,226,,60.1,61.5,62,0,0,1,0,0,0,0,2,0,0,OLE MISS,OLE MISS,2,,,,,,,
172529,Wyatt Smalley,TE,0,0,,2028,226,,50.9,65.1,47,0,0,1,0,0,2,0,0,0,0,OLE MISS,OLE MISS,2,,,,,,,
172530,Mark Trigg Jr.,LB,0,0,,2028,226,,60,62.8,D48,0,0,1,0,0,1,0,0,0,0,OLE MISS,OLE MISS,1,,,,,,,
172542,Luke Evans,CB,0,0,,2028,221,,61,65.8,D05,0,0,1,0,3,0,0,0,2,0,MIAMI OH,MIAMI OH,5,60,,,,,,
172561,Marvin Burks Jr.,S,0,0,,2028,229,,60,61.3,D01,0,0,1,0,3,0,0,0,0,0,MISSOURI,MISSOURI,3,60,,,,,,
172562,Blake Craig,K,0,0,,2028,229,,60.3,67.9,S19,1,0,1,5,0,6,0,0,0,0,MISSOURI,MISSOURI,11,,,,,80.7,74.9,
172565,Jahkai Lang,ED,0,0,,2028,229,,60,62.7,D52,0,0,1,0,1,0,0,0,0,0,MISSOURI,MISSOURI,1,59.8,,,,,,
172566,Brett Le Blanc,LS,0,0,,2028,229,,56,63.5,S49,1,0,1,0,0,0,0,5,0,0,MISSOURI,MISSOURI,5,,,82.4,,,,
172569,Triston Newson,LB,0,0,,2026,229,,62,63.8,D14,0,0,1,0,4,0,0,0,5,0,MISSOURI,MISSOURI,9,59.8,,,,,,
172571,Nana Boadi-Owusu,ED,0,0,,2027,312,60,57,66.4,D12,0,0,1,6,1,0,5,4,0,0,TEXAS A&M,TEXAS A&M,16,60,,,,,,
172593,Johnny Ryder,WR,0,0,,2027,312,,59.9,65.5,20,0,0,1,0,0,0,6,0,0,0,TEXAS A&M,TEXAS A&M,6,,,,,,,
172595,Daymion Sanford,LB,0,0,,2028,312,,59.9,65.1,D27,0,0,1,0,5,0,0,4,1,0,TEXAS A&M,TEXAS A&M,10,59.8,,,,,,
172601,Colton Thomasson,T,0,0,,2028,118,60,61.4,67.3,77,0,0,1,5,0,0,0,0,0,0,BAYLOR,BAYLOR,5,,,,,,,
172604,Taurean York,LB,0,0,2026,2026,312,,61.7,65,D21,0,0,1,0,6,6,0,0,2,0,TEXAS A&M,TEXAS A&M,14,60,,,,,,
172605,Sedrick Alexander,HB,0,0,,2028,333,,60.2,64.1,28,0,0,1,0,0,0,2,0,0,0,VANDERBILT,VANDERBILT,2,,,,,,,
172608,Ethan Crisp,ED,0,0,,2028,206,,58.4,67.4,D30,0,0,1,0,0,2,7,0,2,0,LIBERTY,LIBERTY,11,,,,,,,
172610,Gabe Fisher,FB,0,0,,2028,333,,56.4,65,44,0,0,1,0,0,0,4,0,0,0,VANDERBILT,VANDERBILT,4,,,,,,,
172611,Jalen Gilbert,S,0,0,,2028,333,,61.3,67.3,D18,0,0,1,0,0,1,4,0,3,0,VANDERBILT,VANDERBILT,8,,,,,,,
172615,Martel Hight,CB,0,0,,2028,333,,60.2,65,D25,0,0,1,0,2,0,0,0,3,0,VANDERBILT,VANDERBILT,5,59.8,,,62.2,,,
172616,London Humphreys,WR,0,0,,2028,173,,54.1,68.8,16,0,0,1,0,0,0,6,1,4,0,GEORGIA,GEORGIA,11,,,,,,,
172617,Kamrean Johnson,TE,0,0,,2028,333,60,72.1,67.3,84,0,0,1,5,0,6,4,0,3,0,VANDERBILT,VANDERBILT,18,,,,,,,
172620,Bryan Longwell,LB,0,0,,2028,333,,46.9,64.8,D04,1,0,1,0,5,0,0,4,0,0,VANDERBILT,VANDERBILT,9,59.8,,,,,,
172625,Jailen Ruth,ED,0,0,,2029,333,,60.8,69,D37,0,0,1,0,0,6,4,0,3,0,VANDERBILT,VANDERBILT,13,,,,,,,
172626,Misael Sandoval,T,0,0,,2028,333,60,61,62.9,75,0,0,1,5,0,0,0,0,0,0,VANDERBILT,VANDERBILT,5,,,,,,,
172627,Junior Sherrill,WR,0,0,,2028,333,,60,62.3,00,0,0,1,0,0,0,6,0,0,0,VANDERBILT,VANDERBILT,6,,58.6,,,,,
172628,Cooper Starks,G,0,0,,2029,333,60,61.5,67.8,69,0,0,1,5,0,0,0,0,0,0,VANDERBILT,VANDERBILT,5,,,,,,,
172630,Brock Taylor,K,0,0,,2028,333,,60.3,67.9,S88,0,0,1,5,0,6,0,0,0,0,VANDERBILT,VANDERBILT,11,,,,,64.3,68.5,
172631,De'Marion Thomas,DI,0,0,,2028,333,,59.8,62.4,D98,0,0,1,0,1,0,0,0,0,0,VANDERBILT,VANDERBILT,1,59.6,,,,,,
172777,Devonte' Mathews,S,0,0,,2025,346,,69,64.4,D14,0,0,1,0,7,4,0,0,2,1,W KENTUCKY,W KENTUCKY,13,59.8,,,,,,
173000,Tyler Chen,G,0,0,,2028,285,60,60,63.4,62,0,0,1,1,0,0,0,0,0,0,S JOSE ST,S JOSE ST,1,,,,,,,
173021,Beau Sparks,WR,0,0,,2028,314,,57.7,67.4,11,0,0,1,0,4,0,5,3,3,0,TEXAS ST,TEXAS ST,15,60,58.7,,62.2,,,
173037,Ja'koby Banks,HB,0,0,,2028,218,,60.6,63.6,01,0,0,1,0,0,4,0,0,0,0,MEMPHIS,MEMPHIS,4,,,,,,,
173042,Dalton Carnes,WR,0,0,,2027,251,,59.5,67.8,07,0,0,1,0,0,0,7,3,0,0,N TEXAS,N TEXAS,10,,,,,,,
173051,Chris Pearson,LB,0,0,,2027,113,,41.2,69.2,D02,1,0,1,0,0,7,0,0,2,0,ARK STATE,ARK STATE,9,,,,,,,
173089,Jordan Allen,ED,0,0,,2028,199,,60.8,65.8,D91,0,0,1,0,3,8,8,0,0,0,KANSAS ST,KANSAS ST,19,59,,,,,,
173090,Will Anciaux,TE,0,0,,2028,199,60,60.9,63.6,80,0,0,1,4,0,0,0,0,0,0,KANSAS ST,KANSAS ST,4,,,,,,,
173092,Mikey Bergeron,S,0,0,,2028,199,,60.3,72,D17,0,1,1,0,0,8,8,4,4,0,KANSAS ST,KANSAS ST,24,,,,,,,
173095,Daniel Cobbs,S,0,0,,2028,199,,61.1,64.4,D27,0,0,1,0,1,8,0,0,0,0,KANSAS ST,KANSAS ST,9,60,,,,,,
173098,Ryan Davis,ED,0,0,,2028,199,,61.5,68,D52,0,0,1,0,2,8,0,0,0,0,KANSAS ST,KANSAS ST,10,59.7,,,,,,
173102,Jack Fabris,S,0,0,,2028,199,,60.1,62.2,D36,0,0,1,0,5,0,0,0,0,0,KANSAS ST,KANSAS ST,5,60,,,,,,
173103,Wesley Fair,S,0,0,,2028,199,,60.1,68.6,D18,1,0,1,0,1,8,8,4,4,0,KANSAS ST,KANSAS ST,25,59.9,,,,,,
173104,Jackson Fullmer,T,0,0,,2027,199,60,60.7,61.5,62,0,0,1,4,0,0,0,0,0,0,KANSAS ST,KANSAS ST,4,,,,,,,
173107,Justice Clemons,CB,0,0,,2026,199,,60.4,65.6,D05,0,0,1,0,4,0,0,0,0,0,KANSAS ST,KANSAS ST,4,60,,,,,,
173111,Simon McClannan,K,0,0,,2028,199,60,61.5,69.5,S35,0,0,1,4,0,8,0,4,0,1,KANSAS ST,KANSAS ST,16,,,,,,77.3,56.5
173112,Donovan McIntosh,CB,0,0,,2028,199,,60.2,65,D09,0,0,1,0,1,0,0,0,1,0,KANSAS ST,KANSAS ST,2,59.9,,,,,,
173115,Chiddi Obiazor,ED,0,0,,2028,199,,59.5,64,D08,0,0,1,0,5,0,0,0,0,0,KANSAS ST,KANSAS ST,5,59.3,,,,,,
173117,Austin Romaine,LB,0,0,,2028,199,,60,61.8,D45,0,0,1,0,1,0,0,0,0,0,KANSAS ST,KANSAS ST,1,59.7,,,,,,
173120,Kanijal Thomas,CB,0,0,,2028,199,,60.8,66.6,D29,0,0,1,0,0,0,0,0,3,0,KANSAS ST,KANSAS ST,3,,,,,,,
173123,Rex Van Wyhe,LB,0,0,,2027,199,,58.6,66.9,D28,0,0,1,0,4,0,8,4,0,0,KANSAS ST,KANSAS ST,16,59.9,,,,,,
173125,Wesley Watson,WR,0,0,,2027,312,,48.9,65.5,80,0,0,1,0,0,6,0,0,0,0,TEXAS A&M,TEXAS A&M,6,,,,,,,
173127,Jordyn Bailey,WR,0,0,,2028,305,,60,61.2,14,0,0,1,0,0,0,1,0,0,0,TCU,TCU,1,,60,,,,,
173128,Jonathan Bax,ED,0,0,,2028,305,,63.2,68.7,D19,0,0,1,0,0,7,0,3,5,0,TCU,TCU,15,,,,,,,
173130,Max Carroll,LB,0,0,,2028,305,,64.8,69.8,D33,0,0,1,0,0,6,2,3,6,0,TCU,TCU,17,,,,,,,
173134,Markis Deal,DI,0,0,,2028,305,,60,64.5,D95,0,0,1,0,2,0,0,0,1,0,TCU,TCU,3,59.3,,,,,,
173138,Hudson Hooper,LB,0,0,,2028,305,,69.6,70.7,D37,0,0,1,0,0,7,2,0,5,1,TCU,TCU,14,,,,,,,
173141,Lafayette Kaiuway,TE,0,0,,2028,305,60,60.7,62.4,12,0,0,1,4,0,0,2,0,0,0,TCU,TCU,6,,,,,,,
173143,Nate McCashland,K,0,0,,2028,305,,60,64.2,S99,0,0,1,0,0,1,0,0,0,0,TCU,TCU,1,,,,,,60.1,
173146,Cooper Powers,C,0,0,,2028,305,60,61.7,68.4,78,0,0,1,6,0,0,0,0,0,0,TCU,TCU,6,,,,,,,
173149,Kylan Salter,LB,1,0,,2028,305,,69.5,66.9,D30,0,0,1,0,0,7,0,0,0,0,TCU,TCU,7,,,,,,,
173151,Ben Taylor-Whitfield,T,0,0,,2028,305,61.5,61.9,67,56,0,0,1,6,0,0,0,3,0,0,TCU,TCU,9,,,,,,,
173161,Liona Lefau,LB,0,0,,2028,311,,63.4,70.5,D18,0,0,1,0,4,6,5,3,4,0,TEXAS,TEXAS,22,59.9,59.9,,,,,
173164,DeAndre Moore Jr.,WR,0,0,,2028,311,,59.9,65.2,00,0,0,1,0,0,0,5,0,0,0,TEXAS,TEXAS,5,,,,,,,
173173,Ben Cutter,LB,0,0,,2028,343,,60.9,67.7,D15,0,0,1,0,6,6,8,3,2,0,W VIRGINIA,W VIRGINIA,25,59.8,,,,,,
173185,Nick Krahe,G,0,0,,2028,343,,60.2,63.1,52,0,0,1,0,0,0,0,3,0,0,W VIRGINIA,W VIRGINIA,3,,,,,,,
173193,Johnny Williams IV,T,0,0,,2028,343,60,61.1,64.1,60,0,0,1,5,0,0,0,0,0,0,W VIRGINIA,W VIRGINIA,5,,,,,,,
173197,Chavez Brown,LB,0,0,,2026,251,,60.2,62.7,D24,0,0,1,0,4,0,0,0,0,0,N TEXAS,N TEXAS,4,60,,,,,,
173204,Evan Jackson,S,0,0,,2028,251,,60,61.5,D02,0,0,1,0,3,0,0,0,0,0,N TEXAS,N TEXAS,3,59.9,,,,,,
173205,Keon Johnson,T,0,0,,2028,251,60,61.4,62,68,0,0,1,4,0,0,0,0,0,0,N TEXAS,N TEXAS,4,,,,,,,
173208,Desmond Magiya,T,0,0,,2028,251,60,60.6,61.7,76,0,0,1,4,0,0,0,0,0,0,N TEXAS,N TEXAS,4,,,,,,,
173211,Brian Nelson II,CB,0,0,,2028,251,,60.5,66.3,D04,0,0,1,0,6,0,0,0,0,0,N TEXAS,N TEXAS,6,59.9,,,,,,
173212,Kali Nguma,K,0,0,,2028,251,,60,63.3,S40,0,0,1,4,0,0,0,0,0,0,N TEXAS,N TEXAS,4,,,,,63.2,,
173213,Landon Sides,WR,0,0,,2028,251,,60,64.5,22,0,0,1,0,0,0,0,1,0,0,N TEXAS,N TEXAS,1,,,,,,,
173218,Taylor Starling,CB,0,0,,2028,251,,60.8,66.9,D17,0,0,1,0,0,0,0,0,3,0,N TEXAS,N TEXAS,3,,,,,,,
173222,Caden Yates,LS,0,0,,2028,251,60,62,61.6,S50,0,0,1,4,0,0,0,0,0,0,N TEXAS,N TEXAS,4,,,69.2,,,,
173350,Tyler Thomas,ED,0,0,,2029,288,60,61.3,68.3,D97,0,0,1,6,2,0,1,0,0,0,S ALABAMA,S ALABAMA,9,59.5,,,,,,
173374,Tracy Revels,S,0,0,,2028,122,,60,62.1,D12,0,0,1,0,6,0,0,0,0,0,BOWL GREEN,BOWL GREEN,6,59.9,,,,,,
173378,Dayln White,DI,0,0,,2029,122,,59.7,63.1,D57,0,0,1,0,1,0,0,0,0,0,BOWL GREEN,BOWL GREEN,1,59.4,,,,,,
173383,Broc Lowry,QB,0,0,,2028,347,60,60,60.2,14,0,0,1,1,0,0,0,0,0,0,W MICHIGAN,W MICHIGAN,1,,,,,,,
173399,Kerry Brown,S,0,0,,2028,225,,62.2,69,D14,0,0,1,0,2,0,0,0,6,0,MINNESOTA,MINNESOTA,8,60,,,,,,
173400,Za'Quan Bryan,CB,0,0,,2028,225,,60.6,70.8,D04,0,0,1,0,2,5,0,2,6,0,MINNESOTA,MINNESOTA,15,60,,,,,,
173407,Matt Kingsbury,ED,0,0,,2028,225,,45.9,70.9,D49,0,0,1,0,0,5,2,0,4,1,MINNESOTA,MINNESOTA,11,,,,,,,
173414,Garrison Monroe,S,0,0,,2028,225,,62.2,66.3,D23,0,0,1,0,0,0,2,0,4,0,MINNESOTA,MINNESOTA,6,,,,,,,
173439,Lofton Howard,ED,0,0,,2028,346,,65.5,65.9,D16,0,0,1,0,0,4,0,0,2,0,W KENTUCKY,W KENTUCKY,6,,,,,,,
173443,Devon Lynch,LB,0,0,,2025,346,,59.8,62.8,D51,0,0,1,0,6,0,0,0,1,0,W KENTUCKY,W KENTUCKY,7,59.3,,,,,,
173445,Noah Meyers,TE,0,0,,2028,346,,59.5,64.2,81,0,0,1,0,0,0,6,0,0,0,W KENTUCKY,W KENTUCKY,6,,,,,,,
173447,Nazir Ward,CB,0,0,,2028,346,,60.6,66.7,D06,0,0,1,0,3,0,0,0,1,0,W KENTUCKY,W KENTUCKY,4,60,,,,,,
173448,A'Marion McCoy,CB,0,0,,2026,120,,55.3,70,D07,0,0,1,0,5,0,0,0,6,0,BOISE ST,BOISE ST,11,60,,,,,,
173456,Max Stege,ED,0,0,,2028,120,,60,62.9,D95,0,0,1,0,1,0,0,0,0,0,BOISE ST,BOISE ST,1,60,,,,,,
173457,Jason Steele,C,0,0,,2028,120,60,61.2,67.2,67,0,0,1,4,0,0,0,0,0,0,BOISE ST,BOISE ST,4,,,,,,,
173464,Stephon Daily,WR,0,0,,2028,144,,60,64.8,84,0,0,1,0,0,0,1,0,0,0,COLO STATE,COLO STATE,1,,,,,,,
173468,Jett Vincent,S,0,0,,2029,144,,56,69.1,D29,0,0,1,0,0,4,9,3,3,1,COLO STATE,COLO STATE,19,,,,,,,
173470,Dylan Phelps,CB,0,0,,2028,144,,60.2,65,D27,0,0,1,0,4,0,0,0,0,0,COLO STATE,COLO STATE,4,59.8,,,,,,
173476,Jacob Dennis,LS,0,0,,2026,144,60,47,63,S33,0,0,1,3,0,0,0,3,0,0,COLO STATE,COLO STATE,6,,,5.3,,,,
173481,Ryan McConnell,HB,0,0,,2027,144,,60,63.3,26,0,0,1,0,0,0,3,0,0,0,COLO STATE,COLO STATE,3,,,,,,,
173484,Mason Muaau,TE,0,0,,2028,144,,57.9,67.6,87,0,0,1,0,0,0,9,0,0,0,COLO STATE,COLO STATE,9,,,,,,,
173485,Drew Rodriguez,LB,0,0,,2028,144,,60.3,64.8,D47,0,0,1,0,3,0,0,0,0,0,COLO STATE,COLO STATE,3,60,,,,,,
173489,Kenyon Agurs,ED,0,0,,2028,144,,60.5,65.6,D56,0,0,1,0,3,0,0,0,3,0,COLO STATE,COLO STATE,6,59.3,,,,,,
173490,Vince Brown II,TE,0,0,,2026,144,60,58.3,64.4,10,0,0,1,3,0,1,6,0,0,0,COLO STATE,COLO STATE,10,,,,,,,
173491,Christian Martin,T,0,0,,2028,144,60,60.7,67.1,72,0,0,1,3,0,0,0,0,0,0,COLO STATE,COLO STATE,3,,,,,,,
173494,Andrew Laurich,DI,0,0,,2028,144,,59.5,63.8,D55,0,0,1,0,3,0,0,3,0,0,COLO STATE,COLO STATE,6,59,,,,,,
173498,Tanner Morley,G,0,0,,2028,144,60,61.1,65.7,74,0,0,1,3,0,0,0,0,0,0,COLO STATE,COLO STATE,3,,,,,,,
173499,Aitor Urionabarrenechea,G,0,0,,2028,144,60,61,61.8,79,0,0,1,3,0,0,0,0,0,0,COLO STATE,COLO STATE,3,,,,,,,
173500,Makei Thompson,CB,0,0,,2027,169,,63.5,66.8,D33,0,0,1,0,0,3,0,3,0,0,FRESNO ST,FRESNO ST,6,,,,,,,
173504,Jaden Carrillo,CB,0,0,,2029,169,,69.5,68.1,D29,0,0,1,0,0,3,0,0,2,1,FRESNO ST,FRESNO ST,5,,,,,,,
173510,RL Miller,LB,1,0,,2028,169,,67.3,68.5,D04,0,0,1,0,5,3,4,0,2,0,FRESNO ST,FRESNO ST,14,59.7,,,,,,
173513,Justin Johnson,S,0,0,,2029,169,,59.6,66.6,D25,0,0,1,0,0,0,0,3,0,0,FRESNO ST,FRESNO ST,3,,,,,,,
173515,Brock Lium,TE,0,0,,2029,169,60,71.4,64.8,89,0,0,1,5,0,0,4,0,0,0,FRESNO ST,FRESNO ST,9,,,,,,,
173519,Richie Anderson III,TE,0,0,,2028,169,60,73.7,65.8,88,0,0,1,5,0,0,4,0,0,0,FRESNO ST,FRESNO ST,9,,,,,,,
173520,Jake Tarwater,TE,0,0,,2026,169,60,61.1,66.5,87,0,0,1,5,0,0,4,3,2,0,FRESNO ST,FRESNO ST,14,,,,,,,
173530,Anthony Evans III,WR,0,0,,2028,173,,60.3,63.7,05,0,0,1,0,0,0,6,0,5,0,GEORGIA,GEORGIA,11,,57.7,,63.2,,,
173534,A.J. Harris,CB,0,0,,2028,266,,60.6,66.2,D04,0,0,1,0,4,0,0,0,1,0,PENN STATE,PENN STATE,5,59.9,,,,,,
173539,CJ Allen,LB,0,0,2026,2026,173,,60.5,62.6,D03,0,0,1,0,4,0,0,0,1,0,GEORGIA,GEORGIA,5,60,,,,,,
173541,Raylen Wilson,LB,0,0,,2028,173,,33.4,63.6,D05,0,0,1,0,1,3,0,0,0,0,GEORGIA,GEORGIA,4,60,,,,,,
173543,Damon Wilson II,ED,0,0,,2028,173,,60,62.9,D10,0,0,1,0,5,0,0,0,0,0,GEORGIA,GEORGIA,5,59.9,,,,,,
173547,Gabe Harris Jr.,ED,0,0,,2028,173,,46.8,63.6,D29,0,0,1,0,0,3,0,0,0,0,GEORGIA,GEORGIA,3,,,,,,,
173548,Monroe Freeling,T,0,0,2026,2026,173,,60.4,62.2,57,0,0,1,0,0,0,0,5,0,0,GEORGIA,GEORGIA,5,,,,,,,
173631,Jayden Cofield,DI,0,0,,2028,315,,59.3,64.6,D51,0,0,1,0,7,0,0,0,1,0,TEXAS TECH,TEXAS TECH,8,58.9,,,,,,
173634,John Curry,LB,0,0,,2028,315,,62.7,69.5,D06,0,0,1,0,7,6,8,4,3,0,TEXAS TECH,TEXAS TECH,28,59.8,,,,,,
173635,Miquel Dingle Jr.,LB,0,0,,2028,315,,91.6,64.9,D35,0,0,1,0,0,5,0,0,0,1,TEXAS TECH,TEXAS TECH,5,,,,,,,
173636,Nick Fattig,G,0,0,,2028,315,60,60.5,64.8,60,0,0,1,2,0,0,0,0,0,0,TEXAS TECH,TEXAS TECH,2,,,,,,,
173640,Chapman Lewis,S,0,0,,2029,315,,61.5,67.2,D25,0,0,1,0,4,4,0,0,0,0,TEXAS TECH,TEXAS TECH,8,60,,,,,,
173645,Braylon Rigsby,DI,0,0,,2028,315,,60,64.7,D94,0,0,1,0,0,0,0,0,1,0,TEXAS TECH,TEXAS TECH,1,,,,,,,
173646,Jordan Sanford,S,0,0,,2028,315,,61.7,68,D21,0,0,1,0,4,5,0,0,4,0,TEXAS TECH,TEXAS TECH,13,60,,,,,,
173647,Dylan Shaw,G,0,0,,2028,315,60,60,61.6,63,0,0,1,1,0,0,0,0,0,0,TEXAS TECH,TEXAS TECH,1,,,,,,,
173650,Macho Stevenson,CB,0,0,,2028,315,,49.2,68.2,D12,0,0,1,0,3,1,0,0,4,0,TEXAS TECH,TEXAS TECH,8,60,,,,,,
173676,Kadarius Miller,DI,0,0,,2026,207,,59.5,62.9,D90,0,0,1,0,2,0,0,0,0,0,LA LAFAYET,LA LAFAYET,2,59.3,,,,,,
173687,Peyton Bowen,S,0,0,,2028,261,,60.2,66.4,D22,0,0,1,0,3,0,3,0,5,0,OKLAHOMA,OKLAHOMA,11,59.8,,,62.6,,,
173689,Lewis Carter,LB,0,0,,2028,261,,51,68.5,D20,1,0,1,0,1,4,3,3,3,0,OKLAHOMA,OKLAHOMA,14,60,,,,,,
173697,Cayden Green,G,0,0,,2028,229,60,61.5,67.8,70,0,0,1,5,0,0,0,0,0,0,MISSOURI,MISSOURI,5,,,,,,,
173702,Logan Howland,T,0,0,,2028,261,60,60.5,64.1,71,0,0,1,3,0,0,0,0,0,0,OKLAHOMA,OKLAHOMA,3,,,,,,,
173703,Jacobe Johnson,CB,0,0,,2028,261,,66.2,67.5,D19,0,0,1,0,2,4,0,3,3,1,OKLAHOMA,OKLAHOMA,12,60,,,,,,
173707,Daeh McCullough,CB,0,0,,2028,210,,61,63.6,D28,0,0,1,0,0,3,0,0,0,0,LOUISVILLE,LOUISVILLE,3,,,,,,,
173714,Sammy Omosigho,S,0,0,,2028,261,,29.9,66.5,D24,0,1,1,0,3,0,1,3,2,0,OKLAHOMA,OKLAHOMA,9,60,,,,,,
173715,Heath Ozaeta,G,0,0,,2028,261,60,60.7,64.9,77,0,0,1,3,0,0,0,0,0,0,OKLAHOMA,OKLAHOMA,3,,,,,,,
173719,Hollywood Smothers,HB,0,0,,2028,248,,60,64.4,20,0,0,1,0,0,0,0,0,1,0,NC STATE,NC STATE,1,,,,,,,
173722,Jasiah Wagoner,S,0,0,,2028,130,,61.8,66.1,D08,0,0,1,0,1,1,0,1,3,0,CAL,CAL,6,60,,,,,,
173723,Taylor Wein,ED,0,0,,2028,261,,62.7,66.6,D44,0,0,1,0,0,4,0,3,3,0,OKLAHOMA,OKLAHOMA,10,,,,,,,
173739,Travis Bates,ED,0,0,,2027,199,,60,61.8,D39,0,0,1,0,1,0,0,0,0,0,KANSAS ST,KANSAS ST,1,59.7,,,,,,
173761,Jevon McIver Jr.,CB,0,0,,2026,305,,61.9,70.8,D20,0,0,1,0,0,0,0,0,6,0,TCU,TCU,6,,,,,,,
174003,Carter Davis,S,1,0,,2028,121,,68,66,D28,0,0,1,0,2,3,0,0,0,0,BOSTON COL,BOSTON COL,5,60,,,,,,
174004,Josiah Griffin,ED,0,0,,2028,121,,61.1,65.1,D09,0,0,1,0,0,0,4,0,2,0,BOSTON COL,BOSTON COL,6,,59.9,,,,,
174005,KP Price,S,0,0,,2028,121,,60.9,65.2,D20,0,0,1,0,3,3,0,1,0,0,BOSTON COL,BOSTON COL,7,60,,,,,,
174022,Ben Clawson,CB,0,0,,2027,187,,67.6,67.8,D21,0,0,1,0,0,4,4,0,2,0,ILLINOIS,ILLINOIS,10,,,,,,,
174023,Declan Duley,P,0,0,,2028,187,60,60.2,60.4,S31,0,0,1,3,0,0,0,0,0,0,ILLINOIS,ILLINOIS,3,,,,,,,
174027,Brandon Henderson,G,0,0,,2028,187,60,60.3,61.6,75,0,0,1,3,0,0,0,0,0,0,ILLINOIS,ILLINOIS,3,,,,,,,
174029,TJ McMillen,C,0,0,,2028,187,,60.2,63.1,55,0,0,1,0,0,0,0,3,0,0,ILLINOIS,ILLINOIS,3,,,,,,,
174030,David Olano,K,0,0,,2027,187,,60,62.9,S24,0,0,1,3,0,0,0,0,0,0,ILLINOIS,ILLINOIS,3,,,,,61.8,,
174031,Kaleb Patterson,CB,0,0,,2027,187,,60.1,64,D22,0,0,1,0,4,0,0,0,0,0,ILLINOIS,ILLINOIS,4,59.9,,,,,,
174034,Zachary Tobe,CB,0,0,,2028,176,,61,68.4,D23,0,0,1,0,2,0,0,0,3,0,GA TECH,GA TECH,5,59.9,,,60.3,,,
174035,Kenari Wilcher,WR,0,0,,2027,187,,60,62,07,0,0,1,0,0,0,4,0,0,0,ILLINOIS,ILLINOIS,4,,58.4,,,,,
174041,Zack Marshall,TE,0,0,,2028,222,60,62.5,67.9,83,0,0,1,5,0,0,3,0,4,0,MICHIGAN,MICHIGAN,12,,,,,,,
174042,Fredrick Moore,WR,0,0,,2028,222,,47.3,67,03,0,0,1,0,0,5,0,0,0,0,MICHIGAN,MICHIGAN,5,,,,,,,
174043,Semaj Morgan,WR,0,0,,2028,222,,60,63.5,00,0,0,1,0,0,0,1,0,4,0,MICHIGAN,MICHIGAN,5,,60,,63.1,,,
174066,Austin Boyd,G,0,0,,2028,325,60,61.1,62.7,79,0,0,1,4,0,0,0,9,0,0,UNLV,UNLV,13,,,,,,,
174068,Jacob De Jesus,WR,0,0,2026,2026,325,,60.2,63.9,21,0,0,1,0,0,0,4,0,6,0,UNLV,UNLV,10,,58.4,,90.6,,,
174069,Christian Earls,TE,0,0,,2026,325,,60.8,66.9,87,0,0,1,0,0,0,4,0,0,0,UNLV,UNLV,4,,,,,,,
174074,DeAngelo Irvin Jr.,WR,0,0,,2028,325,,59.9,65.3,10,0,0,1,0,0,0,4,0,0,0,UNLV,UNLV,4,,,,,,,
174075,Rashawn Jackson,WR,0,0,,2028,325,,61.9,67.3,82,0,0,1,0,0,0,4,0,6,0,UNLV,UNLV,10,,,,,,,
174081,Corey Thompson Jr.,WR,0,0,,2028,325,,62,68.6,13,0,0,1,0,0,0,0,0,5,0,UNLV,UNLV,5,,,,,,,
174093,Cory Godinet,G,0,0,,2026,331,63.4,62.4,67.9,53,0,0,1,8,0,0,0,0,0,0,UTSA,UTSA,8,,,,,,,
174101,Buffalo Kruize,T,0,0,,2025,331,61.9,62.1,68.3,50,0,0,1,8,0,0,0,2,0,0,UTSA,UTSA,10,,,,,,,
174107,Jakevian Rodgers,CB,0,0,,2028,331,,61.1,69.4,D27,0,0,1,0,0,0,0,2,6,0,UTSA,UTSA,8,,,,,,,
174112,Luke Dunne,P,0,0,,2028,264,,60,66.8,S45,0,0,1,0,0,0,0,4,0,0,OREGON,OREGON,4,,,,,,,63.5
174117,Jerry Mixon,LB,0,0,,2028,264,,62.5,70.1,D54,0,0,1,0,0,0,0,0,4,0,OREGON,OREGON,4,,,,,,,
174118,Teitum Tuioti,ED,0,0,,2028,264,,60.3,63.8,D44,0,0,1,0,3,0,1,8,0,0,OREGON,OREGON,12,59.8,,,,,,
174120,Kodi DeCambra,S,0,0,,2028,325,,57.3,69.6,D24,0,0,1,0,0,5,4,0,6,0,UNLV,UNLV,15,,,,,,,
174121,Solomon Davis,CB,0,0,,2029,264,,60.7,66.9,D15,0,0,1,0,0,3,0,0,0,0,OREGON,OREGON,3,,,,,,,
174124,Matayo Uiagalelei,ED,0,0,,2028,264,,62,66.1,D10,0,0,1,0,5,0,0,0,5,0,OREGON,OREGON,10,59.7,,,,,,
174128,Iapani Laloulu,C,0,0,,2028,264,60,60,63.4,72,0,0,1,1,0,0,0,0,0,0,OREGON,OREGON,1,,,,,,,
174130,Jayden Limar,HB,0,0,,2028,264,,59.8,66.6,27,0,0,1,0,0,0,8,0,0,0,OREGON,OREGON,8,,,,,,,
174132,Kenyon Sadiq,TE,0,0,2026,2026,264,60,60.2,68.4,18,0,0,1,1,0,3,8,8,0,0,OREGON,OREGON,20,,,,,,,
174136,David Mbadinga,HB,0,0,,2028,174,,74.7,65.3,21,0,0,1,0,0,0,4,0,0,0,GA SOUTHRN,GA SOUTHRN,4,,,,,,,
174145,Holden Trice,LB,0,0,,2028,174,,54.7,67.6,D33,0,0,1,0,0,0,6,0,0,0,GA SOUTHRN,GA SOUTHRN,6,,,,,,,
174147,Ayden Jackson,CB,0,0,,2028,174,,63.7,64.8,D25,0,0,1,0,5,1,0,0,0,0,GA SOUTHRN,GA SOUTHRN,6,60,,,,,,
174148,Matthew Littlejohn,S,0,0,,2026,130,,60,61.4,D22,0,0,1,0,0,0,0,0,1,0,CAL,CAL,1,,,,,,,
174149,Jamarian Samuel,HB,0,0,,2027,174,,59.8,64.6,29,0,0,1,0,0,0,0,2,0,0,GA SOUTHRN,GA SOUTHRN,2,,,,,,,
174150,Makai Lemon,WR,0,0,2026,2026,326,,59.5,66.6,06,0,0,1,0,0,0,6,4,4,0,USC,USC,14,,72.8,,63.1,,,
174153,Justin Rhodes,DI,0,0,,2025,174,,58.9,63.6,D88,0,0,1,0,5,0,0,0,0,0,GA SOUTHRN,GA SOUTHRN,5,58.9,,,,,,
174155,Jamorri Colson,CB,0,0,,2026,341,,60.2,66.2,D29,0,0,1,0,7,0,0,0,0,0,WASH STATE,WASH STATE,7,59.7,,,,,,
174157,Kapena Gushiken,CB,0,0,2026,2026,341,,60.5,63.3,D04,0,0,1,0,7,1,0,0,0,0,WASH STATE,WASH STATE,8,60.1,,,,,,
174159,Caimon Mathis,CB,0,0,,2028,174,,61.4,68.3,D21,0,0,1,0,0,1,0,0,7,0,GA SOUTHRN,GA SOUTHRN,8,,,,,,,
174161,Stephen Hall,CB,0,0,2026,2026,341,,60.8,66.1,D01,0,0,1,0,7,0,0,0,0,0,WASH STATE,WASH STATE,7,60.2,,,,,,
174165,A'Marion Peterson,HB,0,0,,2028,326,,58,68.4,22,0,0,1,0,0,0,6,0,2,0,USC,USC,8,,59.9,,,,,
174174,Christian Pierce,S,0,0,,2028,326,,61.4,69.4,D24,0,0,1,0,1,6,6,5,2,0,USC,USC,20,60,,,,,,
174176,Taylor Bradshaw,WR,0,0,,2028,174,,67.4,71.3,86,0,0,1,0,0,5,6,4,7,0,GA SOUTHRN,GA SOUTHRN,22,,,,,,,
174179,Lonnie Leverette,DI,0,0,,2027,174,,60.3,71.1,D96,0,0,1,0,0,0,0,0,7,0,GA SOUTHRN,GA SOUTHRN,7,,,,,,,
174182,JaMari Whitehead,LB,0,0,,2028,174,,70.7,66.8,D34,0,0,1,0,0,4,6,4,0,1,GA SOUTHRN,GA SOUTHRN,14,,,,,,,
174196,Kebba Secka,ED,0,0,,2028,174,,63.4,66.8,D51,0,0,1,0,2,0,0,0,7,0,GA SOUTHRN,GA SOUTHRN,9,59.9,,,,,,
174197,Davon Gilmore,LB,0,0,,2025,174,,60,61.3,D15,0,0,1,0,3,0,0,0,0,0,GA SOUTHRN,GA SOUTHRN,3,60,,,,,,
174199,JP Mikhael,TE,0,0,,2028,174,,57.1,64,84,0,0,1,0,0,0,6,0,0,0,GA SOUTHRN,GA SOUTHRN,6,,,,,,,
174204,Wesley Brown,LS,0,0,2026,2026,169,61.6,64.8,63,S52,0,0,1,5,0,0,0,3,0,0,FRESNO ST,FRESNO ST,8,,,78.7,,,,
174209,Abraham Temoney III,S,0,0,,2025,141,,58,67.3,D05,0,0,1,0,4,0,9,0,2,0,COAST CAR,COAST CAR,15,59.8,,,,,,
174218,Alex Smith,P,0,0,,2028,174,,60,67.4,S81,0,0,1,0,0,1,0,4,0,0,GA SOUTHRN,GA SOUTHRN,5,,,,,,60.1,55.7
174220,Esa Pole,T,0,0,2025,2025,341,63.1,62.1,62.3,76,0,0,1,7,0,0,0,0,0,0,WASH STATE,WASH STATE,7,,,,,,,
174237,Jordan Castell,S,0,0,,2028,163,,60,60.7,D14,0,0,1,0,1,0,0,0,0,0,FLORIDA,FLORIDA,1,60,,,,,,
174240,Sharif Denson,S,0,0,,2028,163,,63.1,68.2,D00,0,0,1,0,0,7,0,0,3,0,FLORIDA,FLORIDA,10,,,,,,,
174244,Knijeah Harris,G,0,0,,2028,163,62.5,62.2,67.6,77,0,0,1,7,0,0,0,0,0,0,FLORIDA,FLORIDA,7,,,,,,,
174248,Ja'Kobi Jackson,HB,0,0,,2027,163,,60.7,67,24,0,0,1,0,0,0,2,0,1,0,FLORIDA,FLORIDA,3,,,,,,,
174249,Kamran James,ED,0,0,,2028,163,,60.2,64.4,D24,0,0,1,0,1,0,0,0,1,0,FLORIDA,FLORIDA,2,60,,,,,,
174251,Dijon Johnson,CB,0,0,,2028,163,,70.1,69.7,D27,0,0,1,0,1,1,0,0,5,1,FLORIDA,FLORIDA,7,60,,,,,,
174255,Tony Livingston,TE,0,0,,2028,163,60,61.5,63,86,0,0,1,7,0,0,0,0,0,0,FLORIDA,FLORIDA,7,,,,,,,
174256,Bryce Lovett,G,0,0,,2028,163,60,61.6,64.1,53,0,0,1,7,0,0,0,0,0,0,FLORIDA,FLORIDA,7,,,,,,,
174260,Jaden Robinson,LB,0,0,,2028,163,,61.1,66.7,D29,0,0,1,0,0,0,0,3,3,0,FLORIDA,FLORIDA,6,,,,,,,
174266,Bryce Thornton,S,0,0,,2028,163,,60,62,D18,0,0,1,0,1,0,0,0,2,0,FLORIDA,FLORIDA,3,60,,,,,,
174314,Lardarius Webb Jr.,CB,0,0,2026,2026,288,,60.8,66.8,D07,0,0,1,0,2,0,0,0,2,0,S ALABAMA,S ALABAMA,4,60,,,,,,
174317,Markee Anderson,G,0,0,,2028,289,60,60.9,64.4,58,0,0,1,4,0,0,0,0,0,0,S CAROLINA,S CAROLINA,4,,,,,,,
174318,Maurice Brown II,TE,0,0,,2028,289,60,29.9,67.4,44,1,0,1,4,0,4,4,2,2,0,S CAROLINA,S CAROLINA,16,,,,,,,
174323,Jalon Kilgore,CB,0,0,2026,2026,289,,60.1,63.8,D24,0,0,1,0,3,0,0,0,1,0,S CAROLINA,S CAROLINA,4,60,,,60,,,
174327,Desmond Umeozulu,ED,0,0,,2028,289,,64.5,64.4,D09,0,0,1,0,3,4,0,0,1,0,S CAROLINA,S CAROLINA,8,60,,,,,,
174628,DJ Coleman,S,0,0,,2028,118,,67.3,67.8,D33,0,0,1,0,6,5,2,2,2,1,BAYLOR,BAYLOR,17,60,,,,,,
174629,Micah Gifford,WR,0,1,,2028,118,,57.7,25.9,88,1,2,1,0,0,5,8,2,2,0,BAYLOR,BAYLOR,17,,,,,,,
174630,Caden Jenkins,CB,0,0,,2028,118,,60,64.5,D08,0,0,1,0,2,0,0,0,0,0,BAYLOR,BAYLOR,2,60,,,,,,
174632,Corey Kelly,ED,1,0,,2028,118,,68.3,66.6,D52,0,0,1,0,1,3,0,0,2,0,BAYLOR,BAYLOR,6,59.8,,,,,,
174633,Matthew Klopfenstein,TE,0,0,,2028,118,60,71.2,64.1,85,0,0,1,5,0,0,8,0,0,0,BAYLOR,BAYLOR,13,,,,,,,
174637,Dawson Pendergrass,HB,0,0,,2028,118,,57.7,68.2,35,0,0,1,0,0,0,3,2,2,0,BAYLOR,BAYLOR,7,,,,,,,
174638,Hawkins Polley,TE,0,0,,2028,118,60,61.2,63.4,86,0,0,1,5,0,0,0,0,0,0,BAYLOR,BAYLOR,5,,,,,,,
174639,Jacob Redding,S,0,0,,2028,118,,29.9,68.3,D38,1,0,1,0,0,5,0,2,2,0,BAYLOR,BAYLOR,9,,,,,,,
174646,LeVar Thornton Jr.,CB,0,0,,2028,118,,53.4,67.2,D25,1,0,1,0,5,4,0,0,2,0,BAYLOR,BAYLOR,11,59.8,,,,,,
174650,Palmer Williams,P,0,0,,2028,118,60,60.6,64,S94,0,0,1,5,0,0,0,2,0,0,BAYLOR,BAYLOR,7,,,,,,,61.6
174651,Carl Williams IV,CB,0,0,,2028,118,,60.1,63,D15,0,0,1,0,8,0,0,0,0,0,BAYLOR,BAYLOR,8,59.9,,,,,,
174656,Vince Benetti,ED,0,0,,2028,193,,60.2,64.7,D50,0,0,1,0,0,1,0,0,1,0,IOWA STATE,IOWA STATE,2,,,,,,,
174658,Brendan Black,G,0,0,,2028,193,62,61.9,62.2,51,0,0,1,6,0,0,0,0,0,0,IOWA STATE,IOWA STATE,6,,,,,,,
174670,Zaimir Hawk,DI,0,0,,2028,193,,59.7,64.9,D53,0,0,1,0,7,0,0,0,0,0,IOWA STATE,IOWA STATE,7,59.4,,,,,,
174672,Ta'Shawn James,S,0,0,,2029,193,,60.2,62.5,D19,0,0,1,0,6,1,0,0,0,0,IOWA STATE,IOWA STATE,7,60,,,,,,
174673,JJ Jean-Louis,LB,0,0,,2028,251,,68,68.5,D35,0,0,1,0,0,5,0,0,0,1,N TEXAS,N TEXAS,5,,,,,,,
174675,Kyle Konrardy,K,0,0,,2028,193,,60,63.7,S97,0,0,1,6,0,0,0,0,0,0,IOWA STATE,IOWA STATE,6,,,,,65.2,,
174677,Caden Matson,CB,0,0,,2027,193,,59.5,67.6,D43,0,0,1,0,0,0,8,0,1,0,IOWA STATE,IOWA STATE,9,,,,,,,
174678,Ryan Millmore,P,0,0,,2028,347,60,60.7,65.8,S25,0,0,1,4,0,0,0,4,0,0,W MICHIGAN,W MICHIGAN,8,,,,,,,66.2
174680,Beni Ngoyi,WR,0,0,,2028,193,,60,67.8,00,0,0,1,0,0,0,0,3,1,0,IOWA STATE,IOWA STATE,4,,,,,,,
174683,Jamison Patton,S,0,0,,2028,193,,61.7,69,D02,0,0,1,0,1,6,8,0,1,0,IOWA STATE,IOWA STATE,16,60,,,,,,
174685,Jack Sadowsky V,LB,0,0,,2028,193,,60,60.7,D33,0,0,1,0,1,0,0,0,0,0,IOWA STATE,IOWA STATE,1,60,,,,,,
174686,Abu Sama III,HB,0,0,,2028,193,,60.1,62.5,24,0,0,1,0,0,0,8,0,0,0,IOWA STATE,IOWA STATE,8,,57.1,,,,,
174690,Cam Smith,S,0,0,,2028,193,,61,68.8,D13,0,0,1,0,0,7,0,3,0,0,IOWA STATE,IOWA STATE,10,,,,,,,
174691,Drew Surges,S,0,0,,2028,193,,60,66.9,D29,0,0,1,0,2,0,8,0,1,0,IOWA STATE,IOWA STATE,11,59.9,,,,,,
174693,Tripp Walsh,TE,0,0,,2028,193,,59.7,65.8,27,0,0,1,0,0,0,8,3,0,0,IOWA STATE,IOWA STATE,11,,,,,,,
174698,Stanquan Clark,LB,0,0,,2028,210,,60.9,64.5,D06,0,0,1,0,3,0,1,0,2,0,LOUISVILLE,LOUISVILLE,6,59.7,,,,,,
174701,Travis Egan,QB,0,0,,2028,210,,68.5,69.9,17,0,0,1,0,0,6,5,6,3,1,LOUISVILLE,LOUISVILLE,20,,,,,,,
174704,AJ Green,ED,0,0,,2028,210,,60,61.8,D98,0,0,1,0,1,0,0,0,0,0,LOUISVILLE,LOUISVILLE,1,59.7,,,,,,
174705,Cataurus Hicks,WR,0,0,,2028,210,,60,62.2,81,0,0,1,0,0,0,1,0,0,0,LOUISVILLE,LOUISVILLE,1,,60,,,,,
174707,Jaedon King,WR,0,0,,2027,210,,60,63,47,0,0,1,0,0,0,1,0,0,0,LOUISVILLE,LOUISVILLE,1,,,,,,,
174710,Jaden Minkins,CB,1,0,,2029,210,,71.7,68.6,D42,0,0,1,0,0,6,5,5,4,0,LOUISVILLE,LOUISVILLE,20,,,,,,,
174713,Carter Schwartz,P,0,0,,2029,210,60,61,66.7,S39,0,0,1,5,0,0,0,6,0,0,LOUISVILLE,LOUISVILLE,11,,,,,,,62.5
174714,Woo Spencer,DI,0,0,,2028,210,,59.4,63.5,D55,0,0,1,0,2,0,0,0,0,0,LOUISVILLE,LOUISVILLE,2,59.2,,,,,,
174772,Jason Abbey,ED,0,0,,2028,337,,60.6,64.8,D31,0,0,1,0,1,0,0,0,2,0,VA TECH,VA TECH,3,60,,,,,,
174784,Ayden Greene,WR,0,0,,2028,337,,51.7,65.4,26,0,0,1,0,0,0,5,0,1,0,VA TECH,VA TECH,6,,,,,,,
174786,Josh Hand,LB,0,0,,2027,337,,67.7,65,D43,0,0,1,0,0,0,5,0,0,0,VA TECH,VA TECH,5,,,,,,,
174790,Braylon Johnson,S,0,0,,2028,337,,60.7,63.9,D08,0,0,1,0,3,2,0,0,0,0,VA TECH,VA TECH,5,60,,,,,,
174793,Dante Lovett,CB,0,0,,2029,337,,60.1,68.3,D01,0,0,1,0,4,2,0,5,0,0,VA TECH,VA TECH,11,59.7,,,,,,
174797,Jonathan Pennix,CB,0,0,,2028,337,,63.3,70.2,D14,0,0,1,0,0,2,5,6,1,0,VA TECH,VA TECH,14,,,,,,,
174799,Aycen Stevens,ED,0,0,,2028,337,,60.8,64.7,D42,0,0,1,0,1,0,0,0,2,0,VA TECH,VA TECH,3,60,,,,,,
174800,Thomas Williams,CB,0,0,,2028,337,,69.2,69.2,D23,0,0,1,0,4,0,5,6,2,1,VA TECH,VA TECH,17,59.9,62.1,,,,,
174801,Krystian Williams,CB,0,0,,2029,337,,60,64.7,D30,0,0,1,0,0,0,0,0,1,0,VA TECH,VA TECH,1,,,,,,,
174803,Zeke Wimbush,TE,0,0,,2029,337,,60.6,66,88,0,0,1,0,0,0,5,0,1,0,VA TECH,VA TECH,6,,,,,,,
174805,Caleb Woodson,LB,0,0,,2028,337,,60.5,62.2,D20,0,0,1,0,5,0,0,0,1,0,VA TECH,VA TECH,6,60,,,,,,
174822,Brady Hultman,LB,0,0,,2028,229,,36.7,67.3,D48,0,0,1,0,0,6,5,0,0,0,MISSOURI,MISSOURI,11,,,,,,,
174862,Gafa Faga,DI,0,0,,2026,285,,59,64.2,D50,0,0,1,0,5,0,0,0,0,0,S JOSE ST,S JOSE ST,5,59,,,,,,
174865,Nathan Hale,T,0,0,,2028,285,61,61.9,68.8,72,0,0,1,7,0,0,0,0,0,0,S JOSE ST,S JOSE ST,7,,,,,,,
174866,Dylan Hampsten,ED,0,0,,2029,285,,47,64,D37,0,0,1,0,0,4,0,0,0,0,S JOSE ST,S JOSE ST,4,,,,,,,
174870,Cooper Hoch,WR,0,0,,2028,285,,67.6,69.2,13,0,0,1,0,0,6,0,0,7,1,S JOSE ST,S JOSE ST,13,,,,,,,
174872,Taniela Latu,LB,0,0,,2026,285,,59.3,63.5,D04,0,0,1,0,7,0,0,0,0,0,S JOSE ST,S JOSE ST,7,59.2,,,,,,
174873,Dylan Lee,LB,0,0,,2028,285,,53.4,69.7,D18,0,0,1,0,0,6,6,6,7,0,S JOSE ST,S JOSE ST,25,,,,,,,
174877,Noah McNeal-Franklin,LB,0,0,,2026,285,,60.1,62.4,D09,0,0,1,0,5,0,0,0,0,0,S JOSE ST,S JOSE ST,5,60,,,,,,
174878,John Norwood,ED,0,0,,2027,285,,74.7,68.2,D97,0,0,1,0,0,0,0,6,7,1,S JOSE ST,S JOSE ST,13,,,,,,,
174879,Hunter Nowell,CB,0,0,,2028,285,,57.5,68.8,D31,0,0,1,0,0,0,4,0,0,0,S JOSE ST,S JOSE ST,4,,,,,,,
174881,Isiah Revis,S,0,0,,2026,285,,61.6,64.8,D20,0,0,1,0,7,6,0,0,0,0,S JOSE ST,S JOSE ST,13,60,,,,,,
174886,Caleb Womack,CB,0,0,,2027,285,,60.4,69.1,D32,0,0,1,0,0,0,6,2,0,0,S JOSE ST,S JOSE ST,8,,,,,,,
174925,TJ Bush Jr.,ED,0,0,,2028,206,,60.8,65,D03,0,0,1,0,4,0,0,0,1,0,LIBERTY,LIBERTY,5,60.1,,,,,,
174927,Donovan Dozier,ED,0,0,,2028,206,,60,62.2,D55,0,0,1,0,2,0,0,0,0,0,LIBERTY,LIBERTY,2,59.9,,,,,,
174929,Aaron Fenimore,C,0,0,,2028,206,60,60.4,65.1,61,0,0,1,2,0,0,0,0,0,0,LIBERTY,LIBERTY,2,,,,,,,
174934,Jamal Miles,CB,0,0,,2028,206,,60.4,67.3,D28,0,0,1,0,1,0,7,0,2,0,LIBERTY,LIBERTY,10,60,,,,,,
174941,Bryan Whitehead,ED,0,0,,2026,113,,59,64,D04,0,0,1,0,4,0,0,0,0,0,ARK STATE,ARK STATE,4,58.9,,,,,,
175012,Kaden Chidester,T,0,0,,2028,128,60,61.2,61.8,79,0,0,1,6,0,0,0,0,0,0,BYU,BYU,6,,,,,,,
175015,Kevin Doe,CB,0,0,,2028,128,,67.4,66.6,E31,0,0,1,0,0,0,0,0,4,0,BYU,BYU,4,,,,,,,
175020,Siale Esera,LB,0,0,,2028,128,,59.4,61.6,D54,0,0,1,0,2,0,0,0,0,0,BYU,BYU,2,59.3,,,,,,
175024,Miles Hall,LB,0,0,,2028,128,,60.7,63.4,D30,0,0,1,0,1,2,0,0,0,0,BYU,BYU,3,60,,,,,,
175031,Ace Kaufusi,LB,0,0,,2028,128,,66,70.4,D18,0,1,1,0,0,5,2,0,4,0,BYU,BYU,11,,,,,,,
175032,Maika Kaufusi,LB,0,0,,2028,128,,61.1,70.2,D34,0,0,1,0,0,0,0,0,3,0,BYU,BYU,3,,,,,,,
175036,Marcus McKenzie,CB,0,0,,2028,128,,60,64.5,D32,0,0,1,0,0,0,0,1,0,0,BYU,BYU,1,,,,,,,
175037,Ray Paulo,TE,0,0,,2025,128,60,62.4,65.6,42,0,0,1,6,0,7,2,0,0,0,BYU,BYU,15,,,,,,,
175038,Jojo Phillips,WR,0,0,,2028,128,,57.1,64.4,13,0,0,1,0,0,0,3,0,0,0,BYU,BYU,3,,,,,,,
175129,Herman Smith,S,0,0,,2025,143,,52.1,68.4,D06,1,0,1,0,0,2,7,4,1,1,COLORADO,COLORADO,14,,,,,,,
175159,Shamar Porter,WR,0,0,,2028,146,,60.1,64,05,0,0,1,0,0,0,3,0,0,0,UCONN,UCONN,3,,,,,,,
175186,Julien Davis,LB,0,0,,2028,156,,80.3,68.3,D42,0,0,1,0,0,6,4,1,0,2,E CAROLINA,E CAROLINA,11,,,,,,,
175187,Kieran Davis,ED,0,0,,2028,156,,50.6,65.6,D50,0,0,1,0,0,6,4,0,0,0,E CAROLINA,E CAROLINA,10,,,,,,,
175196,Jimarion McCrimon,T,0,0,,2028,156,,60,63.3,62,0,0,1,0,0,0,0,0,0,0,E CAROLINA,E CAROLINA,0,,,,,,,
175202,Desirrio Riles,TE,0,0,,2028,156,,60.6,68.8,06,0,0,1,0,0,0,4,0,0,0,E CAROLINA,E CAROLINA,4,,,,,,,
175207,Bryce Weaver,T,0,0,,2028,156,60,61,62.9,71,0,0,1,5,0,0,0,0,0,0,E CAROLINA,E CAROLINA,5,,,,,,,
175213,Tylon Nash,LB,0,0,,2027,218,,59,64.8,D41,0,0,1,0,0,6,1,0,0,0,MEMPHIS,MEMPHIS,7,,,,,,,
175216,Bryce Allen,CB,0,0,,2028,237,,60.5,65.8,D28,0,0,1,0,0,0,3,0,1,0,NAVY,NAVY,4,,,,,,,
175220,Isaiah Bryant,FB,0,0,,2028,237,,60.5,65.3,25,0,0,1,0,0,0,4,0,1,0,NAVY,NAVY,5,,67.1,,,,,
175224,Coleman Cauley,LB,0,0,,2028,237,,61.2,67.1,D58,0,0,1,0,0,4,3,0,1,0,NAVY,NAVY,8,,,,,,,
175234,Rayne Fry,LS,0,0,,2028,237,60,57.7,63.5,S92,1,0,1,4,0,0,0,5,0,0,NAVY,NAVY,9,,,81.3,,,,
175236,Lance Gossett,K,0,0,,2028,237,,60,67.8,S99,0,0,1,0,0,4,0,0,0,0,NAVY,NAVY,4,,,,,,49.2,
175237,Job Grant,LB,0,0,,2028,237,,60,67.5,D39,0,0,1,0,0,0,0,0,1,0,NAVY,NAVY,1,,,,,,,
175242,Luke Hutchison,WR,0,0,,2028,237,,60,62.2,89,0,0,1,0,0,0,1,0,0,0,NAVY,NAVY,1,,,,,,,
175243,Greg Johnson,CB,0,0,,2028,237,,59.9,64.5,D08,0,0,1,0,0,0,3,0,0,0,NAVY,NAVY,3,,,,,,,
175254,Gavin Noe,FB,0,0,,2028,237,,56,66.8,43,0,0,1,0,0,4,3,0,0,0,NAVY,NAVY,7,,,,,,,
175257,Irabonoise Oniha,CB,0,0,,2028,237,,60,64.5,D03,0,0,1,0,2,0,0,0,0,0,NAVY,NAVY,2,60,,,,,,
175261,Matt Reyes,DI,0,0,,2028,237,60,61.1,67.8,D97,0,0,1,4,0,0,0,0,0,0,NAVY,NAVY,4,,,,,,,
175263,Matthew Seliga,S,0,0,,2028,237,,60.3,65.1,D05,0,0,1,0,0,0,3,0,1,0,NAVY,NAVY,4,,,,,,,
175264,Giuseppe Sessi,S,0,0,,2028,237,,61,66.8,D16,0,0,1,0,0,4,0,0,0,0,NAVY,NAVY,4,,,,,,,
175274,Griffen Willis,DI,0,0,,2028,237,,59.9,64.7,D95,0,0,1,0,2,0,0,0,1,0,NAVY,NAVY,3,59.2,,,,,,
175301,Will Karoll,P,0,0,,2028,319,,60,67.3,S49,0,0,1,0,0,0,0,5,0,0,TULANE,TULANE,5,,,,,,,67.3
175327,JeyQuan Smith,WR,0,0,,2028,327,,60.6,69.8,19,1,0,1,0,0,5,2,7,0,1,USF,USF,14,,60,,,,,
175333,Michael Crounse,G,0,0,,2028,121,60,60.3,65.4,77,0,0,1,2,0,0,0,0,0,0,BOSTON COL,BOSTON COL,2,,,,,,,
175334,Eryx Daugherty,G,0,0,,2028,121,60,60.6,61.5,56,0,0,1,2,0,0,0,0,0,0,BOSTON COL,BOSTON COL,2,,,,,,,
175336,Palaie Faoa,LB,0,0,,2028,121,,60,62.8,D44,0,0,1,0,0,1,0,0,0,0,BOSTON COL,BOSTON COL,1,,,,,,,
175342,Ryan Mickow,T,0,0,,2028,121,60,60,61.8,58,0,0,1,2,0,0,0,0,0,0,BOSTON COL,BOSTON COL,2,,,,,,,
175344,Sam Stone,K,0,0,,2028,121,60,60,60.3,S87,0,0,1,2,0,0,0,0,0,0,BOSTON COL,BOSTON COL,2,,,,,,,
175345,Max Tucker,CB,0,0,,2028,121,,91,64.6,D13,0,0,1,0,2,0,0,0,0,0,BOSTON COL,BOSTON COL,2,91.7,,,,,,
175360,Chris Elko,WR,1,0,,2028,176,,47.2,66.8,89,0,0,1,0,0,4,6,0,0,0,GA TECH,GA TECH,10,,,,,,,
175365,Will Kiker,CB,0,0,,2028,176,,67.4,70.4,D39,1,0,1,0,0,4,6,3,3,2,GA TECH,GA TECH,16,,,,,,,
175368,Bailey Stockton,WR,0,0,,2028,176,,60.4,64.1,87,0,0,1,0,0,2,0,0,4,0,GA TECH,GA TECH,6,,,,62.2,,,
175372,Popo Aguirre,LB,0,0,,2028,220,,60.1,70.7,D32,0,0,1,0,3,7,6,0,1,0,MIAMI FL,MIAMI FL,17,59.9,,,,,,
175379,Ray Ray Joseph Jr.,WR,0,0,,2028,220,,60,63.3,05,0,0,1,0,0,0,0,0,3,0,MIAMI FL,MIAMI FL,3,,,,63.7,,,
175381,Shemar Kirk,WR,0,0,,2026,220,,60,66.3,83,0,0,1,0,0,1,7,0,0,0,MIAMI FL,MIAMI FL,8,,,,,,,
175389,Ty Adams,CB,0,0,,2028,245,,61,68.6,D11,0,0,1,0,6,0,0,0,4,0,N CAROLINA,N CAROLINA,10,59.7,,,,,,
175392,Kaleb Cost,CB,0,0,,2028,245,,60.6,65.7,D21,0,0,1,0,5,0,0,0,1,0,N CAROLINA,N CAROLINA,6,60.1,,,,,,
175393,Chris Culliver,WR,0,0,,2028,245,,59.6,62.3,03,0,0,1,0,0,0,6,0,0,0,N CAROLINA,N CAROLINA,6,,84.7,,,,,
175399,Caleb LaVallee,LB,0,0,,2028,245,,61.5,68.6,D34,0,0,1,0,5,0,0,0,4,0,N CAROLINA,N CAROLINA,9,60,,,,,,
175400,Rodney Lora,DI,0,0,,2029,245,,60,64.7,D92,0,0,1,0,0,0,0,0,1,0,N CAROLINA,N CAROLINA,1,,,,,,,
175403,Tre Miller,S,0,0,,2028,245,,61.5,67.1,D15,0,0,1,0,1,3,0,0,3,0,N CAROLINA,N CAROLINA,7,60,,,,,,
175406,Jesse Anderson III,S,0,1,,2029,268,,29.4,24.9,D16,0,2,1,0,0,6,0,0,3,0,PITTSBURGH,PITTSBURGH,9,,,,,,,
175408,Rasheem Biles,LB,0,0,,2028,268,,62.6,75.4,D31,0,0,1,0,4,0,0,0,3,0,PITTSBURGH,PITTSBURGH,7,59.9,,,,,,
175409,Cruce Brookins,S,0,0,,2028,268,,59.3,66.6,D12,0,0,1,0,0,0,0,5,0,0,PITTSBURGH,PITTSBURGH,5,,,,,,,
175412,Ryan Carretta,G,0,0,,2028,268,61.5,62,67.2,71,0,0,1,6,0,0,0,0,0,0,PITTSBURGH,PITTSBURGH,6,,,,,,,
175413,Zion Fowler-El,WR,0,0,,2028,268,,61,65.5,23,0,0,1,0,0,0,0,0,3,0,PITTSBURGH,PITTSBURGH,3,,,,,,,
175415,Maverick Gracio,ED,0,0,,2028,268,,60.6,65.4,D39,0,0,1,0,6,0,0,0,0,0,PITTSBURGH,PITTSBURGH,6,60.2,,,,,,
175416,Shadarian Harrison,CB,0,0,,2028,268,,70.3,69.6,D21,0,0,1,0,0,1,0,5,3,1,PITTSBURGH,PITTSBURGH,9,,,,,,,
175419,Kenny Johnson,WR,0,0,,2028,268,,60,62.4,02,0,0,1,0,0,0,3,0,1,0,PITTSBURGH,PITTSBURGH,4,,58.9,,60.3,,,
175488,Ryan Barker,K,0,0,,2028,266,,60,63.5,S94,0,0,1,5,0,0,0,0,0,0,PENN STATE,PENN STATE,5,,,,,67.7,,
175499,Ja'Ricous Hairston,TE,0,0,,2028,337,60,56.1,67,13,0,0,1,2,0,2,5,0,0,0,VA TECH,VA TECH,9,,,,,,,
175503,Sage Clawges,CB,0,0,,2028,278,,60,64.4,D27,0,0,1,0,0,0,0,0,2,0,RUTGERS,RUTGERS,2,,,,,,,
175509,Riley McCann,K,0,0,,2028,278,60,60.6,60.6,S97,0,0,1,7,0,0,0,0,0,0,RUTGERS,RUTGERS,7,,,,,,,
175517,Famah Toure,WR,0,0,,2028,278,,67.7,64.9,01,0,0,1,0,0,8,0,0,0,0,RUTGERS,RUTGERS,8,,,,,,,
175597,Drew Henderson,K,0,0,,2028,208,,60,63.2,S43,0,0,1,2,0,1,0,0,0,0,LA TECH,LA TECH,3,,,,,60,,
175601,Judd Rouyea,DI,0,0,,2028,208,60,60.6,64.5,D99,0,0,1,2,3,0,3,0,0,0,LA TECH,LA TECH,8,60.1,,,,,,
175609,Landan Brown,HB,0,0,,2028,281,,72.4,67.9,34,0,0,1,0,0,0,4,0,3,0,SM HOUSTON,SM HOUSTON,7,,,,,,,
175610,Lonnie Adkism,WR,0,0,,2028,281,,56.9,65.6,17,0,0,1,0,0,0,4,0,0,0,SM HOUSTON,SM HOUSTON,4,,,,,,,
175612,Kolt Dieterich,T,0,0,,2028,281,60,61.5,67.8,79,0,0,1,5,0,0,0,0,0,0,SM HOUSTON,SM HOUSTON,5,,,,,,,
175617,Will Hutchens,G,0,0,,2028,281,60.8,61.6,62.1,52,0,0,1,5,0,0,0,0,0,0,SM HOUSTON,SM HOUSTON,5,,,,,,,
175620,D.J. McKinney,HB,1,0,,2028,281,,45,68.4,21,2,0,1,0,0,0,0,7,0,0,SM HOUSTON,SM HOUSTON,7,,,,,,,
175623,Chantson Prox,CB,1,0,,2027,281,,68.6,69.4,D20,0,0,1,0,0,6,0,0,2,0,SM HOUSTON,SM HOUSTON,8,,,,,,,
175628,Eli Wallace,LB,0,0,,2028,281,,61.1,65.3,D45,0,0,1,0,0,3,0,0,0,0,SM HOUSTON,SM HOUSTON,3,,,,,,,
175630,Carson Whitington,LS,0,0,,2027,281,,58.2,63.9,S46,1,0,1,0,0,0,0,7,0,0,SM HOUSTON,SM HOUSTON,7,,,83.8,,,,
175648,Trez Moore,CB,0,0,,2027,314,,60.4,65.8,D24,0,0,1,0,0,1,0,0,1,0,TEXAS ST,TEXAS ST,2,,,,,,,
175689,Jeremiah Vessel,CB,0,0,,2028,325,,60,62.3,D06,0,0,1,0,0,1,0,0,0,0,UNLV,UNLV,1,,,,,,,
175776,Reed Linder,WR,1,0,,2028,113,,69.8,68.6,84,0,0,1,0,0,7,0,0,2,0,ARK STATE,ARK STATE,9,,,,,,,
175807,Joseph Hanson,T,0,0,,2028,141,60,60,64.5,68,0,0,1,1,0,0,0,0,0,0,COAST CAR,COAST CAR,1,,,,,,,
175815,Nathan Schuessler,WR,0,0,,2028,141,,61,69.7,82,0,0,1,0,0,0,9,0,0,0,COAST CAR,COAST CAR,9,,,,,,,
175835,Hamilton DiBoyan,K,0,0,,2028,288,,60,63.5,S94,0,0,1,5,0,0,0,0,0,0,S ALABAMA,S ALABAMA,5,,,,,50.7,,
175843,RJ Moss Jr.,DI,0,0,,2028,288,,60,64.1,D18,0,0,1,0,0,0,0,0,1,0,S ALABAMA,S ALABAMA,1,,,,,,,
175844,Aleksi Pulkkinen,P,0,0,,2028,288,,60,65.4,S40,0,0,1,0,0,0,0,2,0,0,S ALABAMA,S ALABAMA,2,,,,,,,60
175846,Emauri Sibley,LB,0,0,,2028,288,,60,64.8,D53,0,0,1,0,0,0,0,0,2,0,S ALABAMA,S ALABAMA,2,,,,,,,
175850,Baxter Turner,LS,0,0,,2028,288,63.4,62.8,61.8,S44,0,0,1,6,0,0,0,0,0,0,S ALABAMA,S ALABAMA,6,,,70.1,,,,
175863,Bray Hubbard,S,0,0,,2028,103,,59.9,65.3,D18,0,0,1,0,5,4,0,4,0,0,ALABAMA,ALABAMA,13,59.8,,,,,,
175869,Yhonzae Pierre,ED,0,0,,2028,103,,60,63,D42,0,0,1,0,2,0,0,0,0,0,ALABAMA,ALABAMA,2,59.9,,,,,,
175874,Conor Talty,K,0,0,,2028,103,,60,67.8,S31,0,0,1,0,0,4,0,0,0,0,ALABAMA,ALABAMA,4,,,,,,71.5,
175899,Daniel Blood,WR,0,0,,2028,229,,60,63.9,16,0,0,1,0,0,0,0,0,5,0,MISSOURI,MISSOURI,5,,,,62.5,,,
175900,Nick DeLoach Jr.,CB,0,0,,2028,229,,61.5,69.1,D24,0,0,1,0,2,4,0,1,3,0,MISSOURI,MISSOURI,10,60,,,,,,
175903,Trey Flint,LS,0,0,,2025,229,61.6,62.4,61.7,S59,0,0,1,5,0,0,0,0,0,0,MISSOURI,MISSOURI,5,,,69.7,,,,
175904,Jordon Harris,TE,0,0,,2028,229,60,61.1,61.2,86,0,0,1,5,0,0,0,0,0,0,MISSOURI,MISSOURI,5,,,,,,,
175906,Marquis Johnson,WR,0,0,,2028,229,,53.4,66,02,0,0,1,0,0,0,5,4,0,0,MISSOURI,MISSOURI,9,,58.6,,,,,
175912,Jamal Roberts,HB,0,0,,2028,229,,67.6,66.4,20,0,0,1,0,0,6,5,3,0,2,MISSOURI,MISSOURI,14,,,,,,,
175914,Serigne Tounkara,ED,0,0,,2029,130,,63.2,68.8,D18,0,0,1,0,0,3,5,0,6,0,CAL,CAL,14,,,,,,,
175919,Trovon Baugh,G,0,0,,2027,289,60,61,64.7,78,0,0,1,4,0,0,0,0,0,0,S CAROLINA,S CAROLINA,4,,,,,,,
175923,Nyck Harbor,WR,0,0,,2028,289,,60,65.3,08,0,0,1,0,0,0,4,0,0,0,S CAROLINA,S CAROLINA,4,,59.9,,,,,
175932,Dalton Brooks,S,0,0,,2028,312,,61.2,68.3,D25,0,0,1,0,4,0,0,4,3,0,TEXAS A&M,TEXAS A&M,11,60,,,,,,
175935,DJ Hicks,DI,0,0,,2028,312,,60.2,67.3,D13,0,0,1,0,6,0,0,0,2,0,TEXAS A&M,TEXAS A&M,8,59.1,,,,,,
175937,Rylan Kennedy,ED,0,0,,2028,312,,61.1,66.4,D15,0,0,1,0,6,0,0,0,2,0,TEXAS A&M,TEXAS A&M,8,59.8,,,,,,
175940,Marcel Reed,QB,0,0,,2028,312,,60,62.2,10,0,0,1,0,0,0,1,0,0,0,TEXAS A&M,TEXAS A&M,1,,,,,,,
175941,Bravion Rogers,CB,0,0,,2028,312,,61.6,69.7,D19,0,0,1,0,0,6,0,4,3,0,TEXAS A&M,TEXAS A&M,13,,,,,,,
175944,Jahdae Walker,WR,0,0,2025,2025,312,,33.9,24.6,09,0,1,1,0,0,0,0,0,3,0,TEXAS A&M,TEXAS A&M,3,,,,,,,
175954,Collin Dixon,WR,0,0,,2028,187,,58.1,67,17,0,0,1,0,0,0,4,0,2,0,ILLINOIS,ILLINOIS,6,,,,,,,
175956,Dezmond Schuster,T,0,0,,2027,187,60,60.8,66.5,63,0,0,1,3,0,0,0,0,0,0,ILLINOIS,ILLINOIS,3,,,,,,,
175961,Pat Farrell,DI,0,0,,2028,187,60,60.5,61.1,D52,0,0,1,3,0,0,0,0,0,0,ILLINOIS,ILLINOIS,3,,,,,,,
175962,Mac Resetich,S,0,0,,2028,187,,61.7,65.9,D26,0,0,1,0,0,4,0,0,2,0,ILLINOIS,ILLINOIS,6,,,,,,,
175967,CJ Bufkin,S,0,0,,2025,187,,46.6,69.2,D32,0,1,1,0,0,4,4,0,2,0,ILLINOIS,ILLINOIS,10,,,,,,,
175969,Juice Clarke,CB,0,0,,2028,187,,66.4,68.7,D25,0,0,1,0,0,0,0,3,2,0,ILLINOIS,ILLINOIS,5,,,,,,,
175970,Saboor Karriem,S,0,0,,2028,187,,62.4,66.3,D02,0,0,1,0,0,4,0,0,2,0,ILLINOIS,ILLINOIS,6,,,,,,,
175973,Alex Bray,DI,0,0,,2028,187,,60.1,64.5,D11,0,0,1,0,4,0,0,0,0,0,ILLINOIS,ILLINOIS,4,59.8,,,,,,
175991,Jordan Shaw,CB,0,0,,2028,340,,61.1,70.1,D03,0,0,1,0,3,1,0,6,6,0,WASHINGTON,WASHINGTON,16,59.9,,,,,,
175998,Owen Fehr,P,0,0,,2028,248,60,60.3,60.5,S96,0,0,1,4,0,0,0,0,0,0,NC STATE,NC STATE,4,,,,,,,
175999,Darius Johnson,HB,0,0,,2028,248,,70.2,68.7,25,0,0,1,0,0,0,6,0,0,0,NC STATE,NC STATE,6,,,,,,,
176000,Coleson Fields,HB,0,0,,2028,248,,60.9,66.9,30,0,0,1,0,0,0,6,0,1,0,NC STATE,NC STATE,7,,67.3,,,,,
176004,Brody Jones,CB,0,0,,2028,337,,46.3,69.8,D36,0,0,1,0,0,2,5,0,1,0,VA TECH,VA TECH,8,,,,,,,
176005,Kamen Smith,G,0,0,,2028,248,60,60.9,64,79,0,0,1,4,0,0,0,0,0,0,NC STATE,NC STATE,4,,,,,,,
176007,Kelvon McBride,LB,0,0,,2028,248,,67.4,65.3,D36,0,0,1,0,0,4,0,2,0,1,NC STATE,NC STATE,6,,,,,,,
176010,Bishop Fitzgerald,S,0,0,2026,2026,248,,61.1,81.6,D07,0,0,1,0,5,0,0,0,0,0,NC STATE,NC STATE,5,59.9,,,,,,
176012,Blake Fann,LB,0,0,,2028,251,,50,65.7,D53,0,0,1,0,0,5,0,0,3,0,N TEXAS,N TEXAS,8,,,,,,,
176032,Trevion Mack,T,0,0,,2028,304,60,61.4,62.1,75,0,0,1,7,0,0,0,0,0,0,SYRACUSE,SYRACUSE,7,,,,,,,
176033,Jayden Bass,T,0,0,,2028,146,62,45.2,25.3,74,0,1,1,6,0,0,0,0,0,0,UCONN,UCONN,6,,,,,,,
176035,Jadyn Oh,K,0,0,,2028,304,,60,70.1,S98,0,0,1,0,0,9,0,0,0,0,SYRACUSE,SYRACUSE,9,,,,,,57.3,
176036,Darrell Gill Jr.,WR,0,0,,2028,304,,45,66.6,82,1,0,1,0,0,0,0,2,0,0,SYRACUSE,SYRACUSE,2,,,,,,,
176040,Zyian Moultrie-Goddard,LB,0,0,,2028,304,,41.6,64.9,D22,1,0,1,0,1,2,0,2,0,0,SYRACUSE,SYRACUSE,5,59.9,,,,,,
176057,Brooks Yurachek,LB,0,0,,2028,111,,57.1,66,D35,0,0,1,0,0,0,5,0,0,0,ARKANSAS,ARKANSAS,5,,,,,,,
176105,Bryson Hammer,WR,0,0,,2029,316,,60,64.1,33,0,0,1,0,0,0,0,0,5,0,TOLEDO,TOLEDO,5,,,,64.5,,,
176110,Dylan Hohler,S,0,0,,2029,316,,41.7,26.6,D39,0,1,1,0,0,0,6,0,5,0,TOLEDO,TOLEDO,11,,,,,,,
176126,Joey Pope,S,1,0,,2028,347,,71.4,68.5,D11,0,0,1,0,3,5,0,4,2,0,W MICHIGAN,W MICHIGAN,14,59.8,,,,,,
176140,Eric Williams,CB,0,0,,2028,316,,61,64.1,D36,0,0,1,0,0,6,0,0,0,0,TOLEDO,TOLEDO,6,,,,,,,
176145,Jayden Davis,S,0,0,,2028,176,,60.6,65.4,D24,0,0,1,0,0,0,0,0,3,0,GA TECH,GA TECH,3,,,,,,,
176177,Trevor Goosby,T,0,0,,2028,311,60,61.5,63.4,74,0,0,1,7,0,0,0,0,0,0,TEXAS,TEXAS,7,,,,,,,
176180,Jelani McDonald,S,0,0,,2028,311,,77.6,69.8,D25,0,0,1,0,0,6,3,3,3,1,TEXAS,TEXAS,15,,,,,,,
176181,Ryan Niblett,HB,1,0,,2028,311,,74.3,68.4,21,0,0,1,0,0,6,0,0,3,0,TEXAS,TEXAS,9,,,,,,,
176184,Warren Roberson,CB,0,0,,2028,311,,45.3,27,D24,0,1,1,0,4,6,1,3,4,0,TEXAS,TEXAS,18,59.8,,,,,,
176186,Spencer Shannon,TE,0,0,,2028,311,60,61.5,60.9,83,0,0,1,7,0,0,0,0,0,0,TEXAS,TEXAS,7,,,,,,,
176201,DJ Cotton Jr.,DI,0,0,,2028,197,,60,63.5,D44,0,0,1,0,0,0,0,0,1,0,JAMES MAD,JAMES MAD,1,,,,,,,
176218,Jason Hewlett Jr.,LB,0,0,,2028,222,,50.1,67.8,D44,0,0,1,0,0,6,3,6,0,0,MICHIGAN,MICHIGAN,15,,,,,,,
176221,Ty Benefield,S,0,0,,2028,120,,55.9,71.2,D00,0,0,1,0,5,3,0,4,0,0,BOISE ST,BOISE ST,12,59.8,,,,,,
176238,Joe McGuire,P,0,0,,2028,260,60,61,65.9,S42,0,0,1,7,0,0,0,5,0,0,OHIO STATE,OHIO STATE,12,,,,,,,63.3
176251,Cole Miller,S,0,0,,2028,120,,62.4,69,D36,0,0,1,0,0,0,0,0,5,0,BOISE ST,BOISE ST,5,,,,,,,
176252,Bryson Kuzdzal,HB,0,0,,2028,222,,71.8,69.4,41,0,0,1,0,0,6,0,6,0,1,MICHIGAN,MICHIGAN,12,,,,,,,
176255,Jalen Hoffman,TE,0,0,,2028,222,,58.7,68.1,42,0,0,1,0,0,6,3,6,0,0,MICHIGAN,MICHIGAN,15,,,,,,,
176265,Boen Phelps,S,0,0,,2028,120,,75.8,71,D41,0,0,1,0,0,0,5,0,5,0,BOISE ST,BOISE ST,10,,,,,,,
176267,Ryan Manis,LS,0,0,,2029,206,60,60.9,61.2,S47,0,0,1,2,0,0,0,0,0,0,LIBERTY,LIBERTY,2,,,67.6,,,,
176270,Nathan Efobi,G,0,0,,2028,222,,60.3,64,55,0,0,1,0,0,0,0,6,0,0,MICHIGAN,MICHIGAN,6,,,,,,,
176275,Jace Henry,CB,0,0,,2028,122,,61,65.7,D25,0,0,1,0,0,0,0,0,3,0,BOWL GREEN,BOWL GREEN,3,,,,,,,
176276,Hayden Moore,LB,0,0,,2028,340,,55.6,70,D44,2,0,1,0,0,5,6,6,3,1,WASHINGTON,WASHINGTON,20,,,,,,,
176277,Brandyn Hillman,S,0,0,,2028,222,,69.5,69.9,D06,0,0,1,0,0,1,0,0,4,0,MICHIGAN,MICHIGAN,5,,,,,,,
176278,Jacob Williams,CB,0,0,,2027,120,,54.3,67.2,D47,0,0,1,0,0,3,0,0,4,0,BOISE ST,BOISE ST,7,,,,,,,
176279,Troy Wilkey,HB,0,0,,2028,120,,61.5,69.2,19,0,0,1,0,0,3,0,4,5,0,BOISE ST,BOISE ST,12,,,,,,,
176280,Carson Rasmussen,G,0,0,,2028,120,60,61.4,66.3,64,0,0,1,4,0,0,0,0,0,0,BOISE ST,BOISE ST,4,,,,,,,
176291,Kyle Cox,T,0,0,,2028,120,60,61.1,66.6,70,0,0,1,4,0,0,0,0,0,0,BOISE ST,BOISE ST,4,,,,,,,
176292,Evan Link,T,0,0,,2028,222,60,61,63,71,0,0,1,5,0,0,0,0,0,0,MICHIGAN,MICHIGAN,5,,,,,,,
176306,Cam Brandt,ED,0,0,,2028,222,,72,70.2,D91,0,0,1,0,0,0,3,0,4,0,MICHIGAN,MICHIGAN,7,,,,,,,
176315,Trey Pierce,DI,0,0,,2028,222,,59.8,63.5,D95,0,0,1,0,3,0,0,0,0,0,MICHIGAN,MICHIGAN,3,59.6,,,,,,
176316,Jared Merk,WR,0,0,,2029,122,,67.6,64.2,87,0,0,1,0,0,5,0,0,0,1,BOWL GREEN,BOWL GREEN,5,,,,,,,
176318,Enow Etta,DI,0,0,,2028,222,,59.2,62.4,D17,0,0,1,0,2,0,0,0,0,0,MICHIGAN,MICHIGAN,2,59.1,,,,,,
176320,Matt Wagner,TE,0,0,,2028,120,60,60.9,69.1,88,0,0,1,4,0,0,5,4,0,0,BOISE ST,BOISE ST,13,,,,,,,
176331,Kyron Jones,S,0,0,,2028,173,,61.5,68.7,D31,0,0,1,0,0,3,5,0,0,0,GEORGIA,GEORGIA,8,,,,,,,
176332,Bill Davis,HB,0,0,,2028,207,,59.8,66.3,07,0,0,1,0,0,0,7,0,0,0,LA LAFAYET,LA LAFAYET,7,,,,,,,
176334,Landon Baptiste,WR,0,0,,2028,207,,43.6,26.7,33,0,1,1,0,0,0,0,6,0,0,LA LAFAYET,LA LAFAYET,6,,,,,,,
176339,Xzavier Brown,G,0,0,,2028,207,60,60.1,63.3,65,0,0,1,2,0,0,0,0,0,0,LA LAFAYET,LA LAFAYET,2,,,,,,,
176341,Tylan Citizen,HB,0,0,,2028,207,,60.3,65.8,41,0,0,1,0,0,2,0,0,0,0,LA LAFAYET,LA LAFAYET,2,,,,,,,
176346,Chase Edwards,DI,0,0,,2028,207,,59.5,62.9,D41,0,0,1,0,2,0,0,0,0,0,LA LAFAYET,LA LAFAYET,2,59.3,,,,,,
176350,Kody Jackson,S,0,0,,2028,207,,59.9,62.1,D28,0,0,1,0,6,0,0,0,0,0,LA LAFAYET,LA LAFAYET,6,59.8,,,,,,
176351,Caden Jensen,TE,0,0,,2028,207,60,60.8,64.4,88,0,0,1,2,0,0,0,6,0,0,LA LAFAYET,LA LAFAYET,8,,,,,,,
176352,Micah Johnson,LB,0,0,,2028,207,,60.6,69.5,D37,0,0,1,0,0,2,7,6,0,0,LA LAFAYET,LA LAFAYET,15,,,,,,,
176353,Lester Jones,ED,0,0,,2028,207,,60.5,65.5,D80,0,0,1,0,0,0,0,0,3,0,LA LAFAYET,LA LAFAYET,3,,,,,,,
176356,Travin Moore,S,0,0,,2028,207,,60.3,62.9,D49,0,0,1,0,0,2,0,0,0,0,LA LAFAYET,LA LAFAYET,2,,,,,,,
176366,Lance Williams,ED,0,0,,2028,207,,60,61.8,D97,0,0,1,0,1,0,0,0,0,0,LA LAFAYET,LA LAFAYET,1,59.7,,,,,,
176469,T.J. Capers,S,0,0,,2028,210,,65.5,69.4,D18,0,0,1,0,1,6,0,0,3,0,LOUISVILLE,LOUISVILLE,10,59.9,,,,,,
176487,Chris Bryson II,S,0,0,,2028,331,,63.9,69.3,D16,0,0,1,0,0,9,0,2,6,0,UTSA,UTSA,17,,,,,,,
176490,Jamel Hardy Jr.,WR,0,0,,2028,331,,62.1,66.5,86,0,0,1,0,0,9,3,0,0,0,UTSA,UTSA,12,,,,,,,
176493,Davin Martin,CB,0,0,,2028,331,,61.4,67.9,D30,0,0,1,0,1,9,0,2,2,0,UTSA,UTSA,14,60,,,,,,
176495,Patrick Overmyer,TE,0,0,,2028,331,60.7,59.2,66.5,89,0,0,1,8,0,0,3,0,0,0,UTSA,UTSA,11,,,,,,,
176496,Michael Petro,K,0,0,,2028,331,,60,61.7,S92,0,0,1,1,0,0,0,0,0,0,UTSA,UTSA,1,,,,,60,,
176501,Devin Scura,TE,0,0,,2028,331,,60,63.3,81,0,0,1,0,0,0,3,0,0,0,UTSA,UTSA,3,,,,,,,
176502,Vic Shaw,ED,0,0,,2028,331,,60.2,63.6,D31,0,0,1,0,1,0,0,0,1,0,UTSA,UTSA,2,59.7,,,,,,
176504,Marcellus Wilkerson,CB,0,0,,2027,331,,42.6,26.6,D12,1,1,1,0,0,8,0,2,0,1,UTSA,UTSA,10,,,,,,,
176521,Coleson Arends,TE,0,0,,2028,110,60,61.5,65.5,24,0,0,1,4,0,0,6,0,0,0,ARIZONA ST,ARIZONA ST,10,,,,,,,
176525,Kyson Brown,HB,0,0,,2029,110,,53.4,66.2,02,0,0,1,0,0,0,0,4,2,0,ARIZONA ST,ARIZONA ST,6,,,,,,,
176531,Carston Kieffer,K,0,0,,2028,110,,60,63.3,S26,0,0,1,4,0,0,0,0,0,0,ARIZONA ST,ARIZONA ST,4,,,,,64.8,,
176533,Cole Marszalek,LS,0,0,,2029,110,60,77.5,63.2,S35,0,0,1,4,0,0,0,4,0,0,ARIZONA ST,ARIZONA ST,8,,,80.2,,,,
176536,Makua Pule,G,0,0,,2028,110,60,61.4,66.3,71,0,0,1,4,0,0,0,0,0,0,ARIZONA ST,ARIZONA ST,4,,,,,,,
176551,Belay Brummel,QB,0,0,,2027,130,,60,66.5,20,0,0,1,0,0,0,0,1,0,0,CAL,CAL,1,,,,,,,
176559,Ryan McCulloch,ED,0,0,,2029,130,,61,66.9,D43,0,0,1,0,1,0,5,0,3,0,CAL,CAL,9,60,,,,,,
176566,Cade Uluave,LB,0,0,,2028,130,,60.1,62.8,D00,0,0,1,0,1,0,0,0,1,0,CAL,CAL,2,60,,,,,,
176569,Frederick Williams III,T,0,0,,2028,130,60,60.8,60.5,54,0,0,1,4,0,0,0,0,0,0,CAL,CAL,4,,,,,,,
176571,Kareem Harden,G,0,0,,2026,143,60,61,61.8,55,0,0,1,3,0,0,0,0,0,0,COLORADO,COLORADO,3,,,,,,,
176586,Daylen Austin,CB,0,0,,2028,264,,61.2,70,D27,0,0,1,0,0,3,0,8,4,0,OREGON,OREGON,15,,,,,,,
176590,Jurrion Dickey,WR,0,0,,2028,264,,60.4,67.1,13,0,0,1,0,0,0,8,0,1,0,OREGON,OREGON,9,,,,,,,
176598,Blake Purchase,ED,0,0,,2028,264,,60.4,67.4,D17,0,0,1,0,0,0,7,0,4,0,OREGON,OREGON,11,,,,,,,
176603,A'Mauri Washington,DI,0,0,,2028,264,,58.5,64.9,D52,0,0,1,0,7,0,0,0,1,0,OREGON,OREGON,8,58.7,,,,,,
176635,Micah Banuelos,T,0,0,,2029,326,60.2,43.7,24.9,59,0,1,1,6,0,0,0,0,0,0,USC,USC,6,,,,,,,
176640,Alani Noa,G,0,0,,2028,326,62,61.9,62.2,77,0,0,1,6,0,0,0,0,0,0,USC,USC,6,,,,,,,
176641,Tobias Raymond,T,0,0,,2028,326,60,61.8,68.8,73,0,0,1,6,0,0,0,0,0,0,USC,USC,6,,,,,,,
176644,Braylan Shelby,ED,0,0,,2028,326,,60.7,64.8,D34,0,0,1,0,4,0,0,0,2,0,USC,USC,6,59.6,,,,,,
176674,Branden Ganashamoorthy,WR,0,0,,2028,341,,60.6,67.1,80,0,0,1,0,0,0,9,1,2,0,WASH STATE,WASH STATE,12,,,,,,,
176679,Jack Janikowski,ED,0,0,,2028,341,,59.7,64.8,D93,0,0,1,0,3,0,9,0,0,0,WASH STATE,WASH STATE,12,59.3,59.9,,,,,
176683,Luke Leighton,TE,0,0,,2028,341,,59.4,65.7,89,0,0,1,0,0,0,6,0,0,0,WASH STATE,WASH STATE,6,,,,,,,
176687,Jaxon Potter,QB,0,0,,2028,341,60,60.6,60.6,05,0,0,1,7,0,0,0,0,0,0,WASH STATE,WASH STATE,7,,,,,,,
176688,Nathan Pritchard,T,0,0,,2028,341,60,61.6,65,73,0,0,1,7,0,0,0,0,0,0,WASH STATE,WASH STATE,7,,,,,,,
176693,Isaac Terrell,ED,0,0,,2028,341,,78.9,70,D88,0,0,1,0,2,0,9,0,0,0,WASH STATE,WASH STATE,11,59.2,,,,,,
176695,Ashton Tripp,T,0,0,,2028,341,60,61.9,67.7,71,0,0,1,7,0,0,0,0,0,0,WASH STATE,WASH STATE,7,,,,,,,
178014,Christian Davis,DI,0,0,,2028,208,60,60.2,64.8,D97,0,0,1,2,4,0,0,0,0,0,LA TECH,LA TECH,6,59.5,,,,,,
178094,Zach Kelly,CB,0,0,,2028,121,,65.1,68.4,D48,0,0,1,0,0,3,0,0,2,0,BOSTON COL,BOSTON COL,5,,,,,,,
180977,Jordan Taylor,CB,0,0,,2025,197,,60,63.5,D13,0,0,1,0,1,0,0,0,0,0,JAMES MAD,JAMES MAD,1,59.9,,,,,,
181343,Kyle Frazier,T,0,0,,2026,174,60,60.8,62.7,58,0,0,1,4,0,0,0,0,0,0,GA SOUTHRN,GA SOUTHRN,4,,,,,,,
182293,Peyton Woodring,K,0,0,,2028,173,,60,66.5,S91,0,0,1,2,0,3,0,0,0,0,GEORGIA,GEORGIA,5,,,,,60,69.1,
182310,Daniel Harris,CB,0,0,,2028,173,,61.5,68.3,D07,0,0,1,0,5,0,0,0,5,0,GEORGIA,GEORGIA,10,60,,,,,,
182676,Kris Hughes,WR,0,0,,2028,210,,71.8,70.7,49,0,0,1,0,0,6,6,6,3,0,LOUISVILLE,LOUISVILLE,21,,,,,,,
182956,Marvin Sims,WR,0,0,,2027,346,,61.1,69.4,21,0,0,1,0,0,0,6,0,2,0,W KENTUCKY,W KENTUCKY,8,,,,,,,
183209,Tana Alo-Tupuola,C,0,0,,2029,176,60.8,61.6,62.1,50,0,0,1,5,0,0,0,0,0,0,GA TECH,GA TECH,5,,,,,,,
183211,Jordan Boyd,ED,0,0,,2029,176,,61.8,65.9,D90,0,0,1,0,0,6,0,0,0,0,GA TECH,GA TECH,6,,,,,,,
183212,Tah'j Butler,LB,0,0,,2029,176,,60.1,63.8,D15,0,0,1,0,2,0,0,0,0,0,GA TECH,GA TECH,2,60.1,,,,,,
183213,Isiah Canion,WR,0,0,,2029,176,,60.3,64.9,13,0,0,1,0,0,0,6,0,0,0,GA TECH,GA TECH,6,,,,,,,
183226,Markel Bell,T,0,0,2026,2026,220,60,62,69.3,70,0,0,1,7,0,0,0,0,0,0,MIAMI FL,MIAMI FL,7,,,,,,,
183229,Dylan Day,S,0,0,,2028,220,,61,70.8,D23,0,0,1,0,1,8,7,1,3,0,MIAMI FL,MIAMI FL,20,60,,,,,,
183231,Adarius Hayes,LB,0,0,,2028,220,,62,67.3,D34,0,0,1,0,0,8,7,0,1,0,MIAMI FL,MIAMI FL,16,,,,,,,
183233,Marquise Lightfoot,ED,0,0,,2029,220,,62.3,64.9,D12,0,0,1,0,0,8,0,0,0,0,MIAMI FL,MIAMI FL,8,,,,,,,
183234,Elija Lofton,TE,0,0,,2029,220,,60,67.5,09,0,0,1,0,0,0,7,1,1,0,MIAMI FL,MIAMI FL,9,,,,,,,
183235,Cole McConathy II,ED,0,0,,2029,220,,60,64,D44,0,0,1,0,0,0,6,0,0,0,MIAMI FL,MIAMI FL,6,,59.9,,,,,
183237,Zaquan Patterson,S,0,0,,2029,220,,60.9,64.1,D20,0,0,1,0,3,7,0,0,0,0,MIAMI FL,MIAMI FL,10,59.9,,,,,,
183239,Cam Pruitt,LB,0,0,,2029,220,,63.4,66.7,D22,0,0,1,0,1,8,7,1,1,0,MIAMI FL,MIAMI FL,18,59.9,,,,,,
183256,Dayday Aupiu,CB,0,0,,2029,130,,60,65.4,D11,0,0,1,0,0,2,0,0,0,0,CAL,CAL,2,,,,,,,
183258,Isaiah Crosby,S,0,0,,2028,130,,60.4,64.5,D23,0,0,1,0,2,0,0,0,9,0,CAL,CAL,11,60,,,65.2,,,
183264,Ja'ir Smith,CB,0,0,,2026,130,,61.5,69.4,D06,0,0,1,0,2,1,5,3,7,0,CAL,CAL,18,59.9,,,,,,
183265,Isaac Torres,WR,0,0,,2027,130,,71.6,70.5,26,0,0,1,0,0,0,5,0,5,0,CAL,CAL,10,,,,,,,
183267,Francis Brewu,DI,0,0,,2029,268,,60.5,73.9,D95,0,0,1,0,5,0,0,0,1,0,PITTSBURGH,PITTSBURGH,6,59.1,,,,,,
183270,Sincere Edwards,ED,0,0,,2029,268,,60,62.9,D90,0,0,1,0,1,0,0,0,0,0,PITTSBURGH,PITTSBURGH,1,60,,,,,,
183272,Jeremiah Marcelin,LB,0,0,,2029,268,,72.2,90.2,D32,0,0,1,0,0,6,6,0,6,0,PITTSBURGH,PITTSBURGH,18,,,,,,,
183312,Isaac Brown,HB,0,0,,2029,210,,60,61.2,25,0,0,1,0,0,0,1,0,0,0,LOUISVILLE,LOUISVILLE,1,,,,,,,
183315,Destin Cheirs,LB,1,0,,2028,210,,65.1,64.1,D36,0,0,1,0,0,6,0,0,0,0,LOUISVILLE,LOUISVILLE,6,,,,,,,
183321,Jojo Stone,WR,0,0,,2029,210,,62.6,70.3,80,0,0,1,0,0,2,5,0,3,0,LOUISVILLE,LOUISVILLE,10,,,,,,,
183328,Davion Gause,HB,0,0,,2029,245,,68.1,68.5,21,0,0,1,0,0,2,6,6,3,0,N CAROLINA,N CAROLINA,17,,,,,,,
183335,Jani Norwood,T,0,0,,2029,245,60,60,61.3,56,0,0,1,2,0,0,0,0,0,0,N CAROLINA,N CAROLINA,2,,,,,,,
183336,Jaiden Patterson,S,0,0,,2029,245,,61.5,66.9,D18,0,0,1,0,0,3,6,0,3,0,N CAROLINA,N CAROLINA,12,,,,,,,
183340,Tyrane Stewart,CB,0,0,,2027,245,,60.3,65.2,D09,0,0,1,0,3,0,0,0,0,0,N CAROLINA,N CAROLINA,3,60,,,,,,
183342,Jalon Thompson,CB,0,0,,2028,245,,59.1,66.8,D20,0,0,1,0,0,1,6,0,3,0,N CAROLINA,N CAROLINA,10,,,,,,,
183343,Ryan Ward,TE,0,0,,2029,245,,60,64,16,0,0,1,0,0,0,6,0,0,0,N CAROLINA,N CAROLINA,6,,,,,,,
183344,Ty White,CB,0,0,,2029,245,,47.3,65.9,D00,0,0,1,0,0,3,0,0,0,0,N CAROLINA,N CAROLINA,3,,,,,,,
183345,Ashton Woods,LB,0,0,,2029,245,,60,65.1,D25,0,0,1,0,0,1,0,0,0,0,N CAROLINA,N CAROLINA,1,,,,,,,
183346,Malcolm Ziglar,S,0,0,,2029,245,,71.8,69.6,D03,0,0,1,0,1,3,0,6,3,1,N CAROLINA,N CAROLINA,13,59.9,,,,,,
183361,Logan Foust,LB,0,0,,2029,248,,47.1,64,D38,0,0,1,0,0,4,0,0,0,0,NC STATE,NC STATE,4,,,,,,,
183362,Keenan Jackson,WR,0,0,,2029,248,,57.9,68.6,82,0,0,1,0,0,0,6,0,0,0,NC STATE,NC STATE,6,,,,,,,
183368,Zane Williams,LB,0,0,,2029,248,,72.4,65.9,D35,0,0,1,0,0,4,6,0,0,0,NC STATE,NC STATE,10,,,,,,,
183371,Caden Brown,ED,1,0,,2031,304,,68.9,68.4,D33,0,0,1,0,0,9,0,0,0,0,SYRACUSE,SYRACUSE,9,,,,,,,
183373,Ta'Ron Haile,WR,0,0,,2029,304,,61.3,64.6,11,0,0,1,0,0,9,0,0,0,0,SYRACUSE,SYRACUSE,9,,,,,,,
183374,Jaden Hart,HB,0,0,,2029,304,,56.7,64.2,22,0,0,1,0,0,0,6,0,0,0,SYRACUSE,SYRACUSE,6,,,,,,,
183375,Jahide Lesaine Jr.,ED,0,0,,2029,304,,60.3,64.4,D28,0,0,1,0,3,0,0,0,0,0,SYRACUSE,SYRACUSE,3,60.1,,,,,,
183380,Maraad Watson,DI,0,0,,2029,304,,59.5,64.5,D88,0,0,1,0,6,0,0,0,1,0,SYRACUSE,SYRACUSE,7,59.1,,,,,,
183381,Yasin Willis,HB,0,0,,2029,304,,50.4,64.4,23,0,0,1,0,0,7,6,0,0,0,SYRACUSE,SYRACUSE,13,,57.3,,,,,
183429,Jayden Lewis,CB,0,0,,2028,319,,60.1,61.7,D21,0,0,1,0,7,0,0,0,0,0,TULANE,TULANE,7,60.1,,,,,,
183432,Shaun Nicholas,WR,0,0,,2029,319,,33.6,26.6,19,0,1,1,0,0,2,0,5,0,0,TULANE,TULANE,7,,,,,,,
183434,Jayden Davis,WR,0,0,,2028,327,,60,66,27,0,0,1,0,0,0,5,0,0,0,USF,USF,5,,,,,,,
183436,Dinellson Exume,DI,0,0,,2029,327,,58.7,64,D50,0,0,1,0,7,0,0,0,0,0,USF,USF,7,58.8,,,,,,
183438,Nico Gramatica,K,0,0,,2029,327,,60,68.9,S25,0,0,1,0,0,6,0,0,0,0,USF,USF,6,,,,,,65.3,
183439,Zavier Hamilton,LB,0,0,,2030,327,,53.3,64.5,D53,1,0,1,0,0,4,0,0,0,1,USF,USF,4,,,,,,,
183440,Rodney Hill,LB,0,0,,2029,327,,50.9,69,D17,0,0,1,0,0,3,0,0,6,0,USF,USF,9,,,,,,,
183442,Alvon Isaac,HB,0,0,,2029,327,,37.3,68.4,22,1,0,1,0,0,5,0,2,1,0,USF,USF,8,,,,,,,
183444,TJ Lawrence,C,0,0,,2029,327,60,61.9,67.7,58,0,0,1,7,0,0,0,0,0,0,USF,USF,7,,,,,,,
183445,Ashton Mosley,ED,0,0,,2029,327,,63.2,66.5,D33,0,0,1,0,0,1,0,0,6,0,USF,USF,7,,,,,,,
183448,Wyatt Stiehl,TE,0,0,,2026,327,,57.1,64,45,0,0,1,0,0,0,6,0,0,0,USF,USF,6,,,,,,,
183450,Brandon Winton,WR,0,0,,2029,327,,74.2,68.6,00,0,0,1,0,0,0,6,0,0,0,USF,USF,6,,,,,,,
183453,Elliott Brow,FB,0,0,,2026,331,,60.1,64,82,0,0,1,0,0,0,3,0,0,0,UTSA,UTSA,3,,,,,,,
183458,Caile Hogan,P,0,0,,2029,331,60,60.9,63.5,S25,0,0,1,8,0,0,0,2,0,0,UTSA,UTSA,10,,,,,,,58.9
183476,Jayden Hill,S,0,0,,2025,251,,60.1,61.7,D21,0,0,1,0,6,0,0,0,0,0,N TEXAS,N TEXAS,6,60,,,,,,
183483,Brandon Young Jr.,TE,0,0,,2029,251,60,62,69.2,87,0,0,1,4,0,0,7,0,3,0,N TEXAS,N TEXAS,14,,,,,,,
183503,Brandon Hansen,T,0,0,,2029,187,60,60.4,62.5,66,0,0,1,3,0,0,0,0,0,0,ILLINOIS,ILLINOIS,3,,,,,,,
183504,Tanner Heckel,CB,0,0,,2029,187,,60.8,68.6,D16,0,0,1,0,0,4,4,3,2,0,ILLINOIS,ILLINOIS,13,,,,,,,
183517,Rhys Dakin,P,0,0,,2029,192,,60,67.3,S09,0,0,1,0,0,0,0,5,0,0,IOWA,IOWA,5,,,,,,,71.4
183520,Ty Nissen,P,0,0,,2026,192,60,60.3,60.5,S99,0,0,1,4,0,0,0,0,0,0,IOWA,IOWA,4,,,,,,,
183547,Jacory Barney Jr.,WR,0,0,,2029,238,,60,61.2,17,0,0,1,0,0,0,1,0,0,0,NEBRASKA,NEBRASKA,1,,59.9,,,,,
183549,Caleb Benning,S,1,0,,2030,238,,69.5,67.4,D35,0,0,1,0,0,4,0,0,1,0,NEBRASKA,NEBRASKA,5,,,,,,,
183551,Mario Buford,S,0,0,,2030,238,,68.7,66.5,D31,0,0,1,0,0,4,0,0,1,1,NEBRASKA,NEBRASKA,5,,,,,,,
183564,Donovan Jones,S,0,0,,2030,238,,67.9,67.2,D37,0,0,1,0,1,4,0,0,1,1,NEBRASKA,NEBRASKA,6,59.9,,,,,,
183570,Willis McGahee IV,ED,0,0,,2030,238,,61.4,64.6,D17,0,0,1,0,0,4,0,0,0,0,NEBRASKA,NEBRASKA,4,,,,,,,
183573,Carter Nelson,WR,0,0,,2029,238,,74.4,64.4,29,0,0,1,0,0,0,3,0,0,0,NEBRASKA,NEBRASKA,3,,,,,,,
183579,Braylen Prude,CB,0,0,,2030,238,,60,64.2,D34,0,0,1,0,0,0,0,0,1,0,NEBRASKA,NEBRASKA,1,,,,,,,
183583,Amare Sanders,CB,0,0,,2029,238,,60,64.3,D14,0,0,1,0,0,0,0,0,1,0,NEBRASKA,NEBRASKA,1,,,,,,,
183585,Vincent Shavers Jr.,LB,0,0,,2029,238,,62,66.6,D01,0,0,1,0,0,4,2,0,1,0,NEBRASKA,NEBRASKA,7,,,,,,,
183594,Kenneth Williams,HB,0,0,,2028,238,,60,61.2,25,0,0,1,0,0,0,1,0,0,0,NEBRASKA,NEBRASKA,1,,59.9,,,,,
183596,Antoine Belgrave-Shorter,S,0,0,,2029,266,,68.2,64.5,D23,0,0,1,0,0,5,0,0,0,1,PENN STATE,PENN STATE,5,,,,,,,
183600,Cooper Cousins,G,0,0,,2029,266,60.3,49.5,65.6,50,1,0,1,5,0,0,0,5,0,0,PENN STATE,PENN STATE,10,,,,,,,
183610,Jon Mitchell,CB,0,0,,2029,266,,61,67.7,D12,0,0,1,0,0,0,3,0,3,0,PENN STATE,PENN STATE,6,,,,,,,
183611,Luke Reynolds,TE,0,0,,2029,266,60,49.6,65.1,85,1,0,1,4,0,0,3,6,0,0,PENN STATE,PENN STATE,13,,,,,,,
183618,Kameryn Crawford,ED,0,0,,2029,326,,60.3,64.5,D49,0,0,1,0,6,0,0,0,1,0,USC,USC,7,59.7,,,,,,
183621,Bryan Jackson II,HB,0,0,,2028,326,,58.2,65.9,21,0,0,1,0,0,0,6,0,0,0,USC,USC,6,,,,,,,
183624,Elijah Newby,LB,1,0,,2029,326,,71.4,67,D26,0,0,1,0,0,6,0,0,0,0,USC,USC,6,,,,,,,
183626,Jaden Richardson,WR,0,0,,2026,326,,60,67.3,15,0,0,1,0,0,0,0,0,2,0,USC,USC,2,,,,,,,
183628,Desman Stephens II,LB,0,0,,2029,326,,61.5,70.1,D23,0,0,1,0,2,6,0,5,2,0,USC,USC,15,59.8,,,,,,
183630,Justin Tauanuu,T,0,0,,2029,326,60,61.2,63.1,74,0,0,1,6,0,0,0,0,0,0,USC,USC,6,,,,,,,
183643,Paul Mencke Jr.,S,0,0,,2029,340,,68.2,64.9,D31,0,0,1,0,0,0,3,0,3,0,WASHINGTON,WASHINGTON,6,,,,,,,
183644,Adam Mohammed,HB,0,0,,2029,340,,71.6,69.8,24,0,0,1,0,0,0,6,6,2,1,WASHINGTON,WASHINGTON,14,,,,,,,
183646,Peyton Waters,S,0,0,,2029,340,,69.1,65.7,D22,0,0,1,0,0,5,0,0,3,1,WASHINGTON,WASHINGTON,8,,,,,,,
183682,Jeremiah Beasley,LB,0,0,,2029,229,,54.7,67.8,D18,0,0,1,0,0,6,5,0,0,1,MISSOURI,MISSOURI,11,,,,,,,
183685,Jake Guarnera,C,0,0,,2029,222,60.8,61.6,62.7,53,0,0,1,5,0,0,0,6,0,0,MICHIGAN,MICHIGAN,11,,,,,,,
183686,Hogan Hansen,TE,0,0,,2029,222,,71.9,64.6,80,0,0,1,0,0,0,4,0,0,0,MICHIGAN,MICHIGAN,4,,,,,,,
183687,Dom Nichols,ED,0,0,,2029,222,,53.8,64,D33,0,0,1,0,0,0,0,6,0,0,MICHIGAN,MICHIGAN,6,,,,,,,
183688,Jacob Oden,S,0,0,,2028,222,,61.3,69.2,D05,0,0,1,0,0,0,0,0,4,0,MICHIGAN,MICHIGAN,4,,,,,,,
183691,Cole Sullivan,LB,0,0,,2029,222,,60.2,70.1,D23,0,0,1,0,0,6,4,6,4,0,MICHIGAN,MICHIGAN,20,,,,,,,
183699,Eddrick Houston,DI,0,0,,2029,260,,60,65.6,D96,0,0,1,0,0,0,0,0,2,0,OHIO STATE,OHIO STATE,2,,,,,,,
183702,Jaylen McClain,S,0,0,,2029,260,,62.6,70,D18,0,0,1,0,0,8,2,2,3,0,OHIO STATE,OHIO STATE,15,,,,,,,
183707,Payton Pierce,LB,0,0,,2029,260,,61.1,65.5,D26,0,0,1,0,0,8,2,0,0,0,OHIO STATE,OHIO STATE,10,,,,,,,
183710,Jeremiah Smith,WR,0,0,,2029,260,,60,62.2,04,0,0,1,0,0,0,1,0,0,0,OHIO STATE,OHIO STATE,1,,,,,,,
183712,Bryce West,CB,0,0,,2029,260,,60,63.9,D12,0,0,1,0,0,1,0,0,0,0,OHIO STATE,OHIO STATE,1,,,,,,,
183737,Rodney Bimage Jr.,CB,0,0,,2029,110,,72.7,67.6,D17,0,0,1,0,0,0,0,0,2,0,ARIZONA ST,ARIZONA ST,2,,,,,,,
183740,Kanyon Floyd,P,0,0,,2028,110,60,60.7,65.8,S31,0,0,1,4,0,0,0,4,0,0,ARIZONA ST,ARIZONA ST,8,,,,,,,56.5
183744,Plas Johnson,S,0,0,,2029,110,,56.5,67.7,D29,0,0,1,0,0,5,0,3,2,0,ARIZONA ST,ARIZONA ST,10,,,,,,,
183746,Terrell Kim,G,0,0,,2029,110,60,60.7,62.5,73,0,0,1,4,0,0,0,0,0,0,ARIZONA ST,ARIZONA ST,4,,,,,,,
183757,Therrian Alexander III,CB,0,0,,2029,128,,71.7,68.6,D24,0,0,1,0,0,7,0,0,4,2,BYU,BYU,11,,,,,,,
183777,Orion Maile-Kaufusi,ED,0,0,,2029,128,,60,62.7,D53,0,0,1,0,1,0,0,0,0,0,BYU,BYU,1,59.8,,,,,,
183779,Viliami Po'uha,ED,0,0,,2029,128,60,63.4,68.2,D45,0,0,1,6,0,0,0,0,4,0,BYU,BYU,10,,,,,,,
183780,Tommy Prassas,S,0,0,,2029,128,,67.4,67.5,D22,0,0,1,0,1,7,0,0,4,0,BYU,BYU,12,60,,,,,,
183783,John Taumoepeau,DI,0,0,,2026,128,,59.2,63,D55,0,0,1,0,3,0,0,0,0,0,BYU,BYU,3,59.1,,,,,,
183820,Ethan Craw,P,0,0,,2026,305,,60,66.2,S31,0,0,1,0,0,0,0,3,0,0,TCU,TCU,3,,,,,,,65.9
183825,Devyn Hidrogo,S,1,0,,2029,305,,68,64.9,D15,0,0,1,0,0,7,0,0,1,0,TCU,TCU,8,,,,,,,
183828,Travis Jackson,ED,0,0,,2029,305,,62.1,64.7,D96,0,0,1,0,0,7,0,0,0,0,TCU,TCU,7,,,,,,,
183832,Kyle Lemmermann,K,0,0,,2029,305,,60.4,67.8,S34,0,0,1,6,0,6,0,0,0,0,TCU,TCU,12,,,,,69.8,71.7,
183833,Kaden McFadden,S,0,0,,2029,305,,61.4,69.8,D18,0,0,1,0,0,7,2,3,5,0,TCU,TCU,17,,,,,,,
183835,Nate Palmer,HB,0,0,,2029,305,,60,64.2,15,0,0,1,0,0,0,2,0,0,0,TCU,TCU,2,,,,,,,
183837,Jeremy Payne,HB,0,0,,2029,305,,60,61.2,26,0,0,1,0,0,0,1,0,0,0,TCU,TCU,1,,59.9,,,,,
183873,Clay Ash,HB,0,0,,2029,343,,60.2,67.3,27,0,0,1,0,0,0,8,0,0,0,W VIRGINIA,W VIRGINIA,8,,,,,,,
183875,Israel Boyce,S,0,0,,2029,343,,60.7,66.3,D18,0,0,1,0,0,3,0,0,0,0,W VIRGINIA,W VIRGINIA,3,,,,,,,
183879,Zae Jennings,S,0,0,,2029,343,,61.1,65.3,D17,0,0,1,0,0,3,0,0,0,0,W VIRGINIA,W VIRGINIA,3,,,,,,,
183880,Elijah Kinsler,DI,0,0,,2029,343,,60,61.8,D97,0,0,1,0,1,0,0,0,0,0,W VIRGINIA,W VIRGINIA,1,59.7,,,,,,
183882,Jack Sammarco,TE,0,0,,2029,343,60,60.9,69.7,88,0,0,1,5,0,0,8,0,0,0,W VIRGINIA,W VIRGINIA,13,,,,,,,
183884,Daniel Gerlach,P,0,0,,2028,143,,60,64.2,S38,0,0,1,0,0,1,0,0,0,0,COLORADO,COLORADO,1,,,,,,60,
183897,Callen Barta,S,0,0,,2029,199,,61.9,69.8,D22,0,0,1,0,0,8,0,0,0,0,KANSAS ST,KANSAS ST,8,,,,,,,
183902,DeVon Rice,HB,0,0,,2030,199,,72.6,66.6,23,0,0,1,0,0,0,8,0,0,0,KANSAS ST,KANSAS ST,8,,,,,,,
183950,Omiri Wiggins,HB,0,0,,2028,208,,59.9,65.7,22,0,0,1,0,0,0,5,0,0,0,LA TECH,LA TECH,5,,,,,,,
183985,Darrick Bledsoe III,WR,0,0,,2028,281,,67.4,66.6,83,0,0,1,0,0,0,0,0,4,0,SM HOUSTON,SM HOUSTON,4,,,,,,,
183999,Melvin Collins Jr.,G,0,0,,2027,346,60,60.8,66.7,77,0,0,1,3,0,0,0,0,0,0,W KENTUCKY,W KENTUCKY,3,,,,,,,
184021,Jacari Bennett,ED,0,0,,2029,126,,49.1,68,D30,0,0,1,0,0,7,0,0,0,0,BUFFALO,BUFFALO,7,,,,,,,
184026,Mathew Hilty,LB,0,0,,2027,126,,63.7,72.4,D19,0,0,1,0,0,7,0,3,5,0,BUFFALO,BUFFALO,15,,,,,,,
184027,Xavier Leonard,S,0,0,,2029,126,,46,26,D23,0,1,1,0,0,7,0,0,0,0,BUFFALO,BUFFALO,7,,,,,,,
184082,Javon Hammonds,ED,0,0,,2029,221,,60.5,63.1,D09,0,0,1,0,0,2,0,0,0,0,MIAMI OH,MIAMI OH,2,,,,,,,
184084,Jackson Pons,S,0,0,,2029,221,,60.7,65.3,D22,0,0,1,0,0,2,3,0,0,0,MIAMI OH,MIAMI OH,5,,,,,,,
184103,Loghan Thomas,ED,0,0,,2029,258,,63.3,67.8,D10,0,0,1,0,0,6,3,0,5,0,NOTRE DAME,NOTRE DAME,14,,,,,,,
184104,Kennedy Urlacher,S,0,0,,2029,258,,61,64.1,D23,0,0,1,0,0,6,0,0,0,0,NOTRE DAME,NOTRE DAME,6,,,,,,,
184106,Joseph Vinci,LS,0,0,,2029,258,,61.2,63.5,S96,0,0,1,0,0,0,0,5,0,0,NOTRE DAME,NOTRE DAME,5,,,64.8,,,,
184110,Bryce Young,ED,0,1,,2029,258,,28.2,24.6,D30,0,2,1,0,2,0,0,0,5,0,NOTRE DAME,NOTRE DAME,7,59.4,,,,,,
184111,Trent Allen,G,0,0,,2026,259,60,61,62.9,60,0,0,1,5,0,0,0,0,0,0,OHIO,OHIO,5,,,,,,,
184113,Duncan Brune,HB,0,0,,2029,259,,61.6,67.7,22,0,0,1,0,0,6,4,0,0,0,OHIO,OHIO,10,,,,,,,
184120,Max Rodarte,WR,0,0,,2029,259,,57.4,67.7,03,0,0,1,0,0,0,4,0,0,0,OHIO,OHIO,4,,,,,,,
184134,K'Von Sherman,LB,2,0,,2028,316,,70.4,27.9,D38,0,1,1,0,0,6,0,6,5,1,TOLEDO,TOLEDO,17,,,,,,,
184148,John Henderson,P,0,0,,2026,122,,60,65.4,S19,0,0,1,0,0,0,0,2,0,0,BOWL GREEN,BOWL GREEN,2,,,,,,,60
184149,Travis Kenner,K,0,0,,2029,122,60,60.7,60.7,S85,0,0,1,8,0,0,0,0,0,0,BOWL GREEN,BOWL GREEN,8,,,,,,,
184151,Kal-El Pascal,S,0,0,,2029,122,,62.4,69.9,D22,0,0,1,0,0,5,7,2,3,1,BOWL GREEN,BOWL GREEN,17,,,,,,,
184152,Dorian Pringle,LB,0,0,,2030,122,,68.2,68.9,D30,0,0,1,0,0,0,7,0,0,0,BOWL GREEN,BOWL GREEN,7,,,,,,,
184203,Jae Beasley II,TE,0,0,,2029,325,,60,61.9,43,0,0,1,0,0,0,4,0,0,0,UNLV,UNLV,4,,,,,,,
184205,Caden Chittenden,K,0,0,,2029,325,,60,67.5,S45,1,0,1,4,0,5,0,0,0,0,UNLV,UNLV,9,,,,,67,73.4,
184216,Frank Cusano,LB,0,0,,2029,341,,51.8,70.5,D25,1,0,1,0,1,5,9,0,2,0,WASH STATE,WASH STATE,17,60,,,,,,
184218,Jaylon Edmond,CB,0,0,,2030,341,,56.6,68.6,D13,0,0,1,0,0,5,0,0,2,1,WASH STATE,WASH STATE,7,,,,,,,
184219,Tony Freeman,WR,0,0,,2028,341,,60,63.3,00,0,0,1,0,0,0,0,0,2,0,WASH STATE,WASH STATE,2,,,,61,,,
184232,Clay Martineau,LB,0,0,,2029,120,,63,70.4,D17,0,0,1,0,0,0,5,0,5,0,BOISE ST,BOISE ST,10,,,,,,,
184236,Jakari Embry,CB,0,0,,2026,169,,68,65.5,D17,0,0,1,0,0,3,0,0,2,1,FRESNO ST,FRESNO ST,5,,,,,,,
184252,Clayton Amaya,K,0,0,,2029,113,,60,69.4,S25,0,0,1,0,0,7,0,0,0,1,ARK STATE,ARK STATE,7,,,,,,67.2,
184256,Josh Stone,CB,0,0,,2029,113,,52.1,66.4,D24,0,0,1,0,0,7,0,0,2,0,ARK STATE,ARK STATE,9,,,,,,,
184276,Eli Anders,ED,0,0,,2029,174,,63.4,66.4,D97,0,0,1,0,0,0,0,0,7,0,GA SOUTHRN,GA SOUTHRN,7,,,,,,,
184277,Johnnie Brown III,G,0,0,,2027,174,60,60.8,63.6,66,0,0,1,4,0,0,0,0,0,0,GA SOUTHRN,GA SOUTHRN,4,,,,,,,
184286,Demarcious Robinson,LB,0,0,,2026,174,,60.2,67.7,D35,0,0,1,0,0,3,0,4,0,0,GA SOUTHRN,GA SOUTHRN,7,,,,,,,
184289,Dorrian Smith,CB,0,0,,2026,174,,60.4,65.6,D23,0,0,1,0,4,0,0,0,0,0,GA SOUTHRN,GA SOUTHRN,4,60,,,,,,
184303,KJ Flowe,CB,0,0,,2029,197,,61,66.9,D14,0,0,1,0,1,1,0,0,5,0,JAMES MAD,JAMES MAD,7,60,,,,,,
184306,Logan Ketcham,LS,0,0,,2026,197,,64.6,63.3,S40,0,0,1,0,0,0,0,4,0,0,JAMES MAD,JAMES MAD,4,,,81.4,,,,
184308,Chase Regan,S,0,0,,2028,197,,61,68.8,D22,0,0,1,0,0,6,0,4,0,0,JAMES MAD,JAMES MAD,10,,,,,,,
184338,Jalyn Durgan,ED,0,0,,2026,288,,60.3,63.8,D95,0,0,1,0,1,0,0,0,1,0,S ALABAMA,S ALABAMA,2,59.7,,,,,,
184339,Amarion Fortenberry,CB,0,0,,2029,288,,60.7,66.8,D19,0,0,1,0,2,0,0,0,3,0,S ALABAMA,S ALABAMA,5,59.8,,,,,,
184345,Nathan Jennings,DI,0,0,,2029,288,,59.8,70.7,D91,0,0,1,0,1,0,0,0,0,0,S ALABAMA,S ALABAMA,1,59.1,,,,,,
184353,Kylen Evans,T,0,0,,2029,314,,60,69.4,17,0,0,1,0,0,0,0,0,2,0,TEXAS ST,TEXAS ST,2,,,,,,,
184356,Ryan Nolan,S,0,0,,2028,314,,72.3,66,D32,0,0,1,0,0,0,5,3,0,0,TEXAS ST,TEXAS ST,8,,,,,,,
184357,Kameron Pearson,S,0,0,,2026,314,,61.3,67.8,D31,0,0,1,0,4,7,5,3,2,0,TEXAS ST,TEXAS ST,21,60.1,,,,,,
184358,Rahji Dennis,WR,0,0,,2029,207,,59.4,68.3,08,0,0,1,0,0,0,0,6,0,0,LA LAFAYET,LA LAFAYET,6,,,,,,,
184383,Charlie Collins,ED,0,0,,2029,111,,61.3,67.1,D09,0,0,1,0,4,0,5,0,4,0,ARKANSAS,ARKANSAS,13,59.6,,,,,,
184387,Ahkhari Johnson,S,0,0,,2029,111,,51.3,69,D27,0,0,1,0,0,8,0,1,2,0,ARKANSAS,ARKANSAS,11,,,,,,,
184417,Jadan Baugh,HB,0,0,,2029,163,,60,61.2,13,0,0,1,0,0,0,1,0,0,0,FLORIDA,FLORIDA,1,,60,,,,,
184418,Michai Boireau,DI,0,0,,2029,163,,60.9,66.7,D93,0,0,1,0,1,0,0,0,2,0,FLORIDA,FLORIDA,3,59.7,,,,,,
184422,Myles Graham,LB,0,0,,2029,163,,62.2,69.3,D05,0,0,1,0,0,8,2,3,2,0,FLORIDA,FLORIDA,15,,,,,,,
184427,LJ McCray,ED,0,0,,2029,163,,60,62.3,D17,0,0,1,0,0,0,1,0,0,0,FLORIDA,FLORIDA,1,,,,,,,
184430,D'Antre Robinson,DI,0,0,,2029,163,,61.3,66.3,D35,0,0,1,0,1,0,0,0,3,0,FLORIDA,FLORIDA,4,59.6,,,,,,
184434,Fletcher Westphal,T,0,0,,2029,163,60,61.4,63.1,68,0,0,1,7,0,0,0,0,0,0,FLORIDA,FLORIDA,7,,,,,,,
184436,Ethan Wilson,CB,0,0,,2025,163,,60,63.9,D46,0,0,1,0,0,1,0,0,0,0,FLORIDA,FLORIDA,1,,,,,,,
184441,Ahmad Breaux,DI,0,0,,2029,211,,59.4,65.9,D93,0,0,1,0,0,0,0,0,2,0,LSU,LSU,2,,,,,,,
184442,Aeron Burrell,K,0,0,,2029,211,,60,69.8,S32,0,0,1,0,0,8,0,0,0,0,LSU,LSU,8,,,,,,68.9,
184451,Coen Echols,C,0,0,,2029,211,26.4,29,69.2,78,0,0,1,8,0,0,0,0,0,0,LSU,LSU,8,,,,,,,
184452,Wallace Foster IV,CB,0,0,,2029,211,,57.1,65.6,D29,1,0,1,0,0,8,0,0,0,1,LSU,LSU,8,,,,,,,
184453,Trey'Dez Green,TE,0,0,,2029,211,,60,62.2,14,0,0,1,0,0,0,1,0,0,0,LSU,LSU,1,,,,,,,
184458,Ju'Juan Johnson,HB,0,0,,2029,211,,61.4,68.8,08,0,0,1,0,0,8,4,2,0,0,LSU,LSU,14,,,,,,,
184459,Davhon Keys,LB,0,0,,2029,211,,60.6,68.5,D42,0,0,1,0,5,0,1,1,2,0,LSU,LSU,9,59.8,,,,,,
184462,Dominick McKinley,DI,0,0,,2029,211,,59.9,65.2,D96,0,0,1,0,5,0,0,0,2,0,LSU,LSU,7,59,,,,,,
184463,Gabriel Reliford,ED,0,0,,2029,211,,60.3,63.8,D19,0,0,1,0,1,0,0,0,1,0,LSU,LSU,2,59.7,,,,,,
184464,Joel Rogers,S,0,0,,2029,211,,43.7,66.1,D22,0,0,1,0,0,8,4,0,0,0,LSU,LSU,12,,,,,,,
184465,Tylen Singleton,LB,0,0,,2029,211,,46.9,65.5,D46,0,0,1,0,0,8,4,0,0,0,LSU,LSU,12,,,,,,,
184467,Michael Turner Jr.,CB,0,0,,2029,211,,60,63.5,D21,0,0,1,0,1,0,0,0,0,0,LSU,LSU,1,60,,,,,,
184471,PJ Woodland,CB,0,0,,2029,211,,55.6,66.1,D11,0,0,1,0,1,8,0,2,0,0,LSU,LSU,11,60,,,,,,
184477,Trajen Greco,S,0,0,,2029,229,,72.1,66.8,D21,0,0,1,0,0,6,5,0,0,0,MISSOURI,MISSOURI,11,,,,,,,
184487,Fred Johnson,LB,0,0,,2029,289,,61.6,66.6,D15,0,0,1,0,0,4,4,0,2,0,S CAROLINA,S CAROLINA,10,,,,,,,
184489,David Bucey,S,0,0,,2029,289,,66.5,66.1,D13,0,0,1,0,0,0,4,0,2,0,S CAROLINA,S CAROLINA,6,,,,,,,
184502,Brandon Baker,T,0,0,,2029,311,61.2,62,69.1,73,0,0,1,7,0,0,0,0,0,0,TEXAS,TEXAS,7,,,,,,,
184503,Kobe Black,CB,0,0,,2029,311,,63,67.1,D06,0,0,1,0,0,6,1,0,3,0,TEXAS,TEXAS,10,,,,,,,
184511,Jordon Johnson-Rubell,S,0,0,,2029,311,,60,65.5,D23,0,0,1,0,0,0,1,0,0,0,TEXAS,TEXAS,1,,,,,,,
184516,Ty'Anthony Smith,LB,0,0,,2029,311,,63.1,71.8,D26,0,0,1,0,0,6,4,0,3,0,TEXAS,TEXAS,13,,,,,,,
184523,Dontae Carter,S,0,0,,2029,333,,60.3,66.2,D21,0,0,1,0,0,2,0,0,0,0,VANDERBILT,VANDERBILT,2,,,,,,,
184524,Mason Carter,ED,0,0,,2029,333,,60,62.8,D32,0,0,1,0,0,1,0,0,0,0,VANDERBILT,VANDERBILT,1,,,,,,,
184529,Zabien Brown,CB,0,0,,2029,103,,60.2,66,D02,0,0,1,0,5,0,0,0,0,0,ALABAMA,ALABAMA,5,59.7,,,,,,
184536,Daniel Hill,HB,0,0,,2029,103,,63.9,72.6,20,0,0,1,0,0,0,0,0,6,0,ALABAMA,ALABAMA,6,,,,,,,
184538,Cayden Jones,LB,0,0,,2029,103,,62.5,67.8,D30,0,0,1,0,0,4,6,4,0,0,ALABAMA,ALABAMA,14,,,,,,,
184539,Dre Kirkpatrick Jr.,CB,0,0,,2029,103,,61.6,70.3,D21,0,0,1,0,0,4,6,0,6,0,ALABAMA,ALABAMA,16,,,,,,,
184540,Jaylen Mbakwe,CB,0,0,,2029,103,,61.4,70.3,06,0,0,1,0,0,4,6,4,6,0,ALABAMA,ALABAMA,20,,57.7,,,,,
184541,Zavier Mincey,S,0,0,,2029,103,,60.7,63.2,D12,0,0,1,0,5,4,0,0,0,0,ALABAMA,ALABAMA,9,60,,,,,,
184542,Red Morgan,CB,0,0,,2029,103,,50.6,68.1,D16,0,0,1,0,0,4,0,1,6,0,ALABAMA,ALABAMA,11,,,,,,,
184544,Justin Okoronkwo,LB,0,0,,2029,103,,79.1,71,D41,0,0,1,0,0,4,6,4,6,1,ALABAMA,ALABAMA,20,,,,,,,
184549,KJ Bolden,S,0,0,,2029,173,,61.4,67.6,D04,0,0,1,0,0,0,0,0,4,0,GEORGIA,GEORGIA,4,,,,,,,
184554,Chris Cole,LB,0,0,,2029,173,,51.7,68.3,D18,1,0,1,0,0,3,6,5,4,0,GEORGIA,GEORGIA,18,,,,,,,
184564,Quintavius Johnson,ED,0,0,,2029,173,,62.6,70.4,D33,0,0,1,0,0,3,6,0,4,0,GEORGIA,GEORGIA,13,,,,,,,
184566,Demello Jones,CB,0,0,,2029,173,,60,64.6,D15,0,0,1,0,0,1,0,0,0,0,GEORGIA,GEORGIA,1,,,,,,,
184584,Justin Williams,LB,0,0,,2029,173,,52.2,68.9,D19,0,0,1,0,0,3,6,0,4,0,GEORGIA,GEORGIA,13,,,,,,,
184588,Michael Boganowski,S,0,0,,2029,261,,38.3,27.5,D25,0,1,1,0,1,4,4,0,3,0,OKLAHOMA,OKLAHOMA,12,59.9,,,,,,
184589,Eli Bowen,CB,0,0,,2029,261,,60.4,64.8,D23,0,0,1,0,3,0,0,0,2,0,OKLAHOMA,OKLAHOMA,5,59.9,,,,,,
184591,Ivan Carreon,WR,0,0,,2029,261,,60,63.2,82,0,0,1,0,0,0,4,0,0,0,OKLAHOMA,OKLAHOMA,4,,,,,,,
184594,Jaydan Hardy,S,0,0,,2029,261,,61.6,68.5,D14,0,0,1,0,1,4,4,3,3,0,OKLAHOMA,OKLAHOMA,15,59.9,,,,,,
184596,Jayden Jackson,DI,0,0,,2029,261,,60.6,65.1,D65,0,0,1,0,2,0,0,0,2,0,OKLAHOMA,OKLAHOMA,4,59.4,,,,,,
184600,James Nesta,LB,0,0,,2029,261,,60,64,D47,0,0,1,0,0,0,2,0,0,0,OKLAHOMA,OKLAHOMA,2,,,,,,,
184602,Reggie Powers III,CB,0,0,,2029,261,,61,68.1,D13,0,0,1,0,0,0,3,3,3,0,OKLAHOMA,OKLAHOMA,9,,,,,,,
184621,Luke Holmes,ED,0,0,,2028,156,,75.1,65,D39,0,0,1,0,0,0,4,0,2,0,E CAROLINA,E CAROLINA,6,,,,,,,
184622,Keyshawn Jackson,CB,0,0,,2029,156,,34.4,69,D37,0,0,1,0,0,6,0,0,0,0,E CAROLINA,E CAROLINA,6,,,,,,,
184625,Kevon Merrell,S,0,0,,2029,156,,65.7,67.8,D31,0,0,1,0,4,6,0,0,2,0,E CAROLINA,E CAROLINA,12,60,,,,,,
184652,Ben Black III,WR,0,0,,2029,278,,60.5,67.7,81,0,0,1,0,0,0,0,4,2,0,RUTGERS,RUTGERS,6,,,,,,,
184653,Isaiah Crumpler,CB,0,0,,2029,278,,60.6,67.6,D26,0,0,1,0,0,0,0,0,2,0,RUTGERS,RUTGERS,2,,,,,,,
184654,KJ Duff,WR,0,0,,2029,278,,59.8,66.6,08,0,0,1,0,0,0,8,0,0,0,RUTGERS,RUTGERS,8,,,,,,,
184655,DK Gilley,S,0,0,,2029,278,,62.4,70.7,D25,0,0,1,0,0,8,0,0,1,0,RUTGERS,RUTGERS,9,,,,,,,
184665,Kaj Sanders,S,0,0,,2029,278,,60.6,64.3,D05,0,0,1,0,4,0,0,0,2,0,RUTGERS,RUTGERS,6,60,,,,,,
184680,Chandler Brown,T,0,0,,2026,144,60,60.3,61.6,60,0,0,1,3,0,0,0,0,0,0,COLO STATE,COLO STATE,3,,,,,,,
184688,Devin Henderson,S,0,0,,2029,206,,59.4,67.5,D07,0,0,1,0,0,2,7,0,3,0,LIBERTY,LIBERTY,12,,,,,,,
184689,Connie Hewitt II,TE,0,0,,2029,206,,57.3,64.2,85,0,0,1,0,0,0,7,0,0,0,LIBERTY,LIBERTY,7,,,,,,,
184708,Makari Bodiford,HB,0,0,,2030,218,,59.4,65.7,21,0,0,1,0,0,0,6,0,0,0,MEMPHIS,MEMPHIS,6,,,,,,,
184712,Samson Israel,CB,0,0,,2027,218,,61,68.5,D21,0,0,1,0,0,0,0,0,3,0,MEMPHIS,MEMPHIS,3,,,,,,,
184714,Brady Kluse,WR,0,0,,2029,218,,59.4,69.5,12,0,0,1,0,0,0,6,0,3,0,MEMPHIS,MEMPHIS,9,,,,,,,
184725,Fame Ijeboi,HB,0,0,,2030,225,,60,63.6,26,0,0,1,0,0,1,0,0,0,0,MINNESOTA,MINNESOTA,1,,,,,,,
184734,Cedrick Beavers,CB,0,0,,2027,226,,49.5,66.9,D13,0,0,1,0,0,7,0,0,0,0,OLE MISS,OLE MISS,7,,,,,,,
184738,Raymond Collins,LB,0,0,,2027,226,,62.1,67.2,D36,0,0,1,0,0,7,3,0,0,0,OLE MISS,OLE MISS,10,,,,,,,
184741,Kam Franklin,ED,0,0,,2029,226,,59.6,62.8,D14,0,0,1,0,2,0,0,0,0,0,OLE MISS,OLE MISS,2,59.4,,,,,,
184742,Dillon Hipp,TE,0,0,,2029,226,60,60,60.2,88,0,0,1,1,0,0,0,0,0,0,OLE MISS,OLE MISS,1,,,,,,,
184743,Andy Jaffe,S,0,0,,2029,226,,62.3,65.5,D42,0,0,1,0,0,7,2,0,1,0,OLE MISS,OLE MISS,10,,,,,,,
184800,Myles Davis,S,0,0,,2029,312,,60.2,67.3,D29,0,0,1,0,0,6,6,0,3,0,TEXAS A&M,TEXAS A&M,15,,,,,,,
184802,Ashton Funk,T,0,0,,2029,312,60,61.2,62.8,73,0,0,1,6,0,0,0,0,0,0,TEXAS A&M,TEXAS A&M,6,,,,,,,
184804,Blake Ivy,G,0,0,,2029,312,61.5,62,67.2,52,0,0,1,6,0,0,0,0,0,0,TEXAS A&M,TEXAS A&M,6,,,,,,,
184808,Jordan Lockhart,LB,0,0,,2029,312,,63.5,70,D45,1,0,1,0,0,6,6,0,3,0,TEXAS A&M,TEXAS A&M,15,,,,,,,
184809,Jordan Pride,S,0,0,,2029,312,,45.2,64.1,D28,1,0,1,0,0,6,0,0,0,0,TEXAS A&M,TEXAS A&M,6,,,,,,,
184818,Jadon Porter,WR,0,0,,2029,118,,49.4,68.2,83,0,0,1,0,0,5,8,2,0,0,BAYLOR,BAYLOR,15,,,,,,,
184819,Kyland Reed,LB,0,0,,2029,118,,61.3,69.4,D45,0,0,1,0,0,2,8,0,0,0,BAYLOR,BAYLOR,10,,,,,,,
184827,Cael Brezina,LB,0,0,,2029,193,,60,61.4,D09,0,0,1,0,2,0,0,0,0,0,IOWA STATE,IOWA STATE,2,60,,,,,,
184833,Easton Miller,HB,1,0,,2028,193,,57.1,69.1,25,1,0,1,0,0,7,8,3,1,0,IOWA STATE,IOWA STATE,19,,,,,,,
184837,Nick Reinicke,LB,0,0,,2028,193,,66.6,66.6,D51,0,0,1,0,0,7,8,0,0,1,IOWA STATE,IOWA STATE,15,,,,,,,
184845,Aaron Flowers,S,0,0,,2029,264,,60.5,65,D21,0,0,1,0,0,2,0,0,0,0,OREGON,OREGON,2,,,,,,,
184854,Kingston Lopa,S,0,0,,2029,264,,61.9,67.6,D24,0,0,1,0,0,0,0,0,4,0,OREGON,OREGON,4,,,,,,,
184873,Malakai Hoeft,LB,0,0,,2027,285,,60.8,66.9,D24,0,0,1,0,3,6,0,6,0,0,S JOSE ST,S JOSE ST,15,60.1,,,,,,
184876,Nassir Pitters,CB,0,0,,2028,285,,59.2,67.5,D38,1,0,1,0,0,6,6,0,0,0,S JOSE ST,S JOSE ST,12,,,,,,,
184899,Stone Harrington,K,0,0,,2027,315,,60,64.2,S48,0,0,1,0,0,1,0,0,0,0,TEXAS TECH,TEXAS TECH,1,,,,,,60.1,
184909,Jacob Ponton,T,0,0,,2029,315,60,61.1,67.8,70,0,0,1,4,0,0,0,0,0,0,TEXAS TECH,TEXAS TECH,4,,,,,,,
184928,Joshua Clarke,CB,0,0,,2029,337,,60.4,65.5,D05,0,0,1,0,2,0,0,0,1,0,VA TECH,VA TECH,3,59.9,,,,,,
184933,Noah Jenkins,S,0,0,,2029,337,,59.6,66.2,D19,0,0,1,0,0,0,0,3,0,0,VA TECH,VA TECH,3,,,,,,,
184934,Gerard Johnson III,ED,0,0,,2029,337,,59.8,62.4,D55,0,0,1,0,1,0,0,0,0,0,VA TECH,VA TECH,1,59.6,,,,,,
184935,Emmett Laws,DI,0,0,,2029,337,,60,64.7,D99,0,0,1,0,0,0,0,0,1,0,VA TECH,VA TECH,1,,,,,,,
184938,Quentin Reddish,S,0,0,,2029,337,,59.7,64.9,D21,0,0,1,0,5,0,0,3,0,0,VA TECH,VA TECH,8,60,,,,,,
184940,Chanz Wiggins,WR,0,0,,2029,337,,54,66,07,0,0,1,0,0,2,0,1,0,0,VA TECH,VA TECH,3,,,,,,,
186457,Geajorm Akpaloo,LB,0,0,,2029,141,,60.2,67.4,D39,0,0,1,0,0,3,9,0,1,0,COAST CAR,COAST CAR,13,,59.9,,,,,
186458,Blake Arnoult,LS,0,0,,2025,141,60,53.4,63.9,S48,0,0,1,1,0,0,0,7,0,0,COAST CAR,COAST CAR,8,,,49.3,,,,
186460,Jayden Bryant,ED,0,0,,2029,141,,59.8,64.2,D40,0,0,1,0,5,0,0,0,0,0,COAST CAR,COAST CAR,5,59.6,,,,,,
186462,Zach Cody,CB,0,0,,2029,141,,60.6,66,D15,0,0,1,0,5,0,0,0,0,0,COAST CAR,COAST CAR,5,60,,,,,,
186465,Kadon Crawford,LB,0,0,,2029,141,,60,62.7,D45,0,0,1,0,0,0,1,0,0,0,COAST CAR,COAST CAR,1,,,,,,,
186467,Cohen Fuller,DI,0,0,,2027,141,,59.3,63.3,D90,0,0,1,0,4,0,0,0,0,0,COAST CAR,COAST CAR,4,59.2,,,,,,
186474,Chase Jackson,S,0,0,,2029,141,,37.5,26.2,D26,0,1,1,0,0,3,0,6,2,0,COAST CAR,COAST CAR,11,,,,,,,
186476,Daniel Jones,T,0,0,,2029,141,60,60,61.6,70,0,0,1,1,0,0,0,0,0,0,COAST CAR,COAST CAR,1,,,,,,,
186481,Se'Von McDowell,LB,0,0,,2029,141,,73.3,70.3,D19,0,0,1,0,0,3,9,7,2,2,COAST CAR,COAST CAR,21,,,,,,,
186482,Xavier McIntyre,S,0,0,,2029,141,,60.6,64,D23,0,0,1,0,0,3,0,0,0,0,COAST CAR,COAST CAR,3,,,,,,,
186485,Antonio Molder II,S,0,0,,2028,141,,60,64.5,D29,0,0,1,0,0,0,0,1,0,0,COAST CAR,COAST CAR,1,,,,,,,
186487,Matt Pack Jr.,HB,0,0,,2026,141,,61.1,65.6,28,0,0,1,0,0,3,0,0,0,0,COAST CAR,COAST CAR,3,,,,,,,
186490,Emile Sebafundi,P,0,0,,2027,141,,60.2,68,S97,0,0,1,0,0,0,0,7,0,0,COAST CAR,COAST CAR,7,,,,,,,56.7
186493,Julius Tate,G,0,0,,2029,141,60,60,61,61,0,0,1,1,0,0,0,0,0,0,COAST CAR,COAST CAR,1,,,,,,,
186494,Tray Taylor,WR,0,0,,2028,141,,60.5,63.1,02,0,0,1,0,0,0,9,0,2,0,COAST CAR,COAST CAR,11,,58.1,,60.3,,,
186497,Xakery Wiedner,WR,0,0,,2029,141,,69,70.6,84,0,0,1,0,0,2,9,7,2,1,COAST CAR,COAST CAR,20,,,,57.7,,,
186498,Myles Woods,CB,0,0,,2029,141,,61.4,67.3,D14,0,0,1,0,2,1,0,0,2,0,COAST CAR,COAST CAR,5,59.9,,,,,,
188136,Patrick Clacks III,WR,0,0,,2029,126,,60.1,66.2,21,0,0,1,0,0,0,2,0,0,0,BUFFALO,BUFFALO,2,,52.4,,,,,
188141,Ronnell Davis,S,0,0,,2029,126,,63.2,67.8,D22,0,0,1,0,1,4,0,0,5,0,BUFFALO,BUFFALO,10,60,,,,,,
188145,Logan Jozwiak,ED,0,0,,2028,126,,60.2,61.8,D93,0,0,1,0,0,0,0,3,0,0,BUFFALO,BUFFALO,3,,,,,,,
188146,John Keough,S,0,0,,2029,126,,76.8,72,D16,0,0,1,0,0,7,2,3,5,0,BUFFALO,BUFFALO,17,,,,,,,
188152,James McNeil Jr.,WR,0,0,,2029,126,,62.3,71,24,0,0,1,0,0,0,0,0,5,0,BUFFALO,BUFFALO,5,,,,,,,
188158,Carson Selee,LS,0,0,,2026,126,64.9,63.1,61.9,S48,0,0,1,7,0,0,0,0,0,0,BUFFALO,BUFFALO,7,,,70.5,,,,
188159,Terrance Shelton Jr.,HB,0,0,,2029,126,,62.9,68.5,25,0,0,1,0,0,7,2,3,5,0,BUFFALO,BUFFALO,17,,,,,,,
188171,Khamani Hudson,CB,0,0,,2030,130,,47.3,67.1,D25,0,0,1,0,1,0,0,4,0,0,CAL,CAL,5,59.9,,,,,,
188176,Derek Morris,K,0,0,,2029,130,,60,62.9,S99,0,0,1,3,0,0,0,0,0,0,CAL,CAL,3,,,,,60.1,,
188209,James Larson,TE,2,0,,2029,146,,74.5,63.3,O48,0,0,1,0,0,2,0,0,0,0,UCONN,UCONN,2,,,,,,,
188211,Jon Morris,LB,0,0,,2029,146,,63.8,69.4,D28,0,0,1,0,0,4,0,0,5,0,UCONN,UCONN,9,,,,,,,
188273,Toney Coleman Jr.,CB,0,0,,2029,221,,56.3,67,D21,0,0,1,0,0,9,0,2,1,0,MIAMI OH,MIAMI OH,12,,,,,,,
188276,Jayden Fuller,ED,0,0,,2029,221,,59.7,64.6,D50,0,0,1,0,0,0,3,0,0,0,MIAMI OH,MIAMI OH,3,,,,,,,
188286,Kaleb Martin,CB,0,0,,2029,221,,60.6,71.3,D17,0,0,1,0,3,9,3,0,3,0,MIAMI OH,MIAMI OH,18,60,,,,,,
188289,Brach Rice,DI,1,0,,2029,221,,67,65.3,D47,0,0,1,0,0,7,0,0,1,0,MIAMI OH,MIAMI OH,8,,,,,,,
188330,Brandon Barnes,S,0,0,,2029,113,,72.6,68.4,D08,0,0,1,0,0,7,5,3,2,1,ARK STATE,ARK STATE,17,,,,,,,
188333,Ezra Burgess,TE,0,0,,2029,113,,60.2,66.4,82,0,0,1,0,0,0,5,0,0,0,ARK STATE,ARK STATE,5,,,,,,,
188337,Ryan Heicher,P,0,0,,2025,113,60,60.9,64.6,S47,0,0,1,7,0,0,0,3,0,0,ARK STATE,ARK STATE,10,,,,,,,65.6
188350,Kemari Nix,S,0,0,,2029,113,,68.4,68.3,D26,0,0,1,0,0,7,0,0,2,0,ARK STATE,ARK STATE,9,,,,,,,
188367,Colin Alexander,G,0,0,,2029,174,60,61.2,67.2,63,0,0,1,4,0,0,0,0,0,0,GA SOUTHRN,GA SOUTHRN,4,,,,,,,
188371,Jaylen Bentley,S,0,0,,2029,174,,63.8,67.3,D32,0,0,1,0,0,4,0,0,7,0,GA SOUTHRN,GA SOUTHRN,11,,,,,,,
188374,Devin Collier,S,0,0,,2029,174,,60.6,63.6,D29,0,0,1,0,0,4,0,0,0,0,GA SOUTHRN,GA SOUTHRN,4,,,,,,,
188388,Boogie Woods III,HB,0,0,,2029,174,,60,64.2,31,0,0,1,0,0,0,2,0,0,0,GA SOUTHRN,GA SOUTHRN,2,,,,,,,
188411,Austin Bullock,K,0,0,,2028,254,,60,67.8,S99,0,0,1,0,0,4,0,0,0,0,N ILLINOIS,N ILLINOIS,4,,,,,,60.3,
188414,Jason Fowler,TE,0,0,,2029,254,60,61,61.5,83,0,0,1,5,0,0,0,0,0,0,N ILLINOIS,N ILLINOIS,5,,,,,,,
188422,Lane Mahnesmith,G,0,0,,2029,254,60,61.3,66.3,66,0,0,1,5,0,0,0,0,0,0,N ILLINOIS,N ILLINOIS,5,,,,,,,
188430,Dev'ion Reynolds,CB,0,0,,2029,254,,60.5,66.5,D21,0,0,1,0,0,0,0,0,2,0,N ILLINOIS,N ILLINOIS,2,,,,,,,
188433,Chase Schutty,TE,0,0,,2029,254,,59.7,64.6,40,0,0,1,0,0,0,3,0,0,0,N ILLINOIS,N ILLINOIS,3,,,,,,,
188456,JT Haskins,CB,0,0,,2029,259,,61.6,67.9,D29,0,0,1,0,0,1,0,0,3,0,OHIO,OHIO,4,,,,,,,
188468,DJ Morton,S,0,0,,2029,259,,60,63.4,D24,0,0,1,0,0,1,0,0,0,0,OHIO,OHIO,1,,,,,,,
188476,Brady Sestili,LB,0,0,,2027,259,,60.4,63.3,D33,0,0,1,0,0,2,0,0,0,0,OHIO,OHIO,2,,,,,,,
188483,Charles Correa,LB,0,0,,2029,325,,52.7,69,D30,0,0,1,0,0,5,1,0,6,0,UNLV,UNLV,12,,,,,,,
188492,Kayden McGee,WR,0,0,,2029,325,,61.8,66.2,16,0,0,1,0,0,5,0,0,0,0,UNLV,UNLV,5,,,,,,,
188497,Hank Purvis,G,0,0,,2029,325,60,61.4,66.4,64,0,0,1,4,0,0,0,9,0,0,UNLV,UNLV,13,,,,,,,
188501,Mason Vicari,G,0,0,,2029,325,60,61.1,67.8,51,0,0,1,4,0,0,0,0,0,0,UNLV,UNLV,4,,,,,,,
188517,Jaylin Lackey,CB,0,0,,2029,333,,61.8,67.4,D27,0,0,1,0,3,0,0,0,3,0,VANDERBILT,VANDERBILT,6,60,,,,,,
188520,Joseph McVay,WR,0,0,,2028,333,,59.4,66.6,87,0,0,1,0,0,0,0,4,0,0,VANDERBILT,VANDERBILT,4,,,,,,,
188523,Glenn Seabrooks III,DI,0,0,,2029,333,,60,62.7,D53,0,0,1,0,1,0,0,0,0,0,VANDERBILT,VANDERBILT,1,59.8,,,,,,
188688,Kaden McMahan,LB,0,0,,2028,199,,63.3,69.8,D43,0,0,1,0,0,8,0,0,4,0,KANSAS ST,KANSAS ST,12,,,,,,,
188689,Bryce Noernberg,WR,0,0,,2030,199,,60.1,62.5,21,0,0,1,0,0,0,8,0,0,0,KANSAS ST,KANSAS ST,8,,57.4,,,,,
188692,Zashon Rich,CB,0,0,,2029,199,,56.3,70.4,D25,0,0,1,0,3,0,0,4,4,0,KANSAS ST,KANSAS ST,11,60,,,,,,
188694,Jake Stonebraker,LB,0,0,,2029,199,,60.3,70.7,D30,0,0,1,0,0,8,8,0,0,0,KANSAS ST,KANSAS ST,16,,,,,,,
188700,Mason Carrier,LB,0,0,,2029,225,,60,63.6,D48,0,0,1,0,0,1,0,0,0,0,MINNESOTA,MINNESOTA,1,,,,,,,
188710,Koi Perich,S,0,0,,2029,225,,60.2,64.1,D03,0,0,1,0,1,0,2,0,6,0,MINNESOTA,MINNESOTA,9,,59.4,,65,,,
188715,Alan Soukup,LS,0,0,,2029,225,61.6,64.2,62.7,S80,0,0,1,5,0,0,0,2,0,0,MINNESOTA,MINNESOTA,7,,,76.9,,,,
188741,Xavion Griffin,S,0,0,,2029,346,,73.3,69.3,D25,0,0,1,0,6,4,0,5,2,1,W KENTUCKY,W KENTUCKY,17,60,,,,,,
188745,Cameron Flowers,WR,0,0,,2029,346,,60.9,68.4,80,0,0,1,0,0,4,6,0,2,0,W KENTUCKY,W KENTUCKY,12,,59.9,,,,,
188748,Miller Malone,CB,0,0,,2029,346,,48.8,68.3,D46,0,0,1,0,0,4,6,0,2,0,W KENTUCKY,W KENTUCKY,12,,,,,,,
188749,Zsacari Minnis,LB,0,0,,2029,346,,47.1,64.4,D48,0,0,1,0,0,4,0,0,0,0,W KENTUCKY,W KENTUCKY,4,,,,,,,
188773,Devon Jordan,CB,0,0,,2029,261,,61.1,66.2,D12,0,0,1,0,0,4,0,0,0,0,OKLAHOMA,OKLAHOMA,4,,,,,,,
188837,Makoni Manukainiu,TE,0,0,,2029,285,60,61.4,63.1,71,0,0,1,7,0,0,0,0,0,0,S JOSE ST,S JOSE ST,7,,,,,,,
188840,Sione Nomani,G,0,0,,2026,285,60,61.5,62.9,74,0,0,1,7,0,0,0,0,0,0,S JOSE ST,S JOSE ST,7,,,,,,,
188848,Noa Siaosi,DI,0,0,,2029,285,,59.4,62.6,D92,0,0,1,0,2,0,0,0,0,0,S JOSE ST,S JOSE ST,2,59.3,,,,,,
188850,David Tuihalangingie,LB,0,0,,2026,285,,51,67,D19,0,0,1,0,0,6,6,0,0,0,S JOSE ST,S JOSE ST,12,,,,,,,
189376,Landan Callahan,CB,0,0,,2029,154,,60.4,63.3,D21,0,0,1,0,0,3,0,0,0,0,DUKE,DUKE,3,,,,,,,
189382,Da'Vontae Floyd,CB,0,0,,2029,154,,60.2,68,D17,0,0,1,0,0,3,0,5,2,0,DUKE,DUKE,10,,,,,,,
189390,Tyshon Reed Jr.,ED,0,0,,2029,154,,60.1,70,D10,0,0,1,0,0,4,9,5,0,0,DUKE,DUKE,18,,,,,,,
189391,Khari Reid,S,0,0,,2028,154,,62,69.2,D16,0,0,1,0,0,3,0,0,2,0,DUKE,DUKE,5,,,,,,,
189392,Kade Reynoldson,P,0,0,,2029,154,60,60.7,66.6,S41,0,0,1,3,0,0,0,5,0,0,DUKE,DUKE,8,,,,,,,58.5
189393,Cosme Salas,K,0,0,,2029,154,,60,67,S39,0,0,1,0,0,3,0,0,0,0,DUKE,DUKE,3,,,,,,65.2,
189395,Kobe Smith,ED,0,0,,2029,154,,62.3,68.5,D18,0,0,1,0,0,3,0,0,2,0,DUKE,DUKE,5,,,,,,,
189399,Preston Watson,DI,0,0,,2029,154,,59.8,62,D95,0,0,1,0,1,0,0,0,0,0,DUKE,DUKE,1,59.6,,,,,,
189411,Amontrae Bradford,ED,0,0,,2029,176,,64.7,64.6,D98,0,0,1,0,0,4,0,0,0,0,GA TECH,GA TECH,4,,,,,,,
189426,Christian Pritchett,S,0,0,,2028,176,,71.5,70.9,D20,0,0,1,0,0,4,6,3,3,0,GA TECH,GA TECH,16,,,,,,,
189439,Romanas Frederique Jr.,CB,0,0,,2029,220,,52.1,66.2,D29,0,0,1,0,4,0,0,0,1,0,MIAMI FL,MIAMI FL,5,60,,,,,,
189441,Jordan Lyle,HB,0,0,,2028,220,,60.5,63.5,21,0,0,1,0,0,0,7,0,1,0,MIAMI FL,MIAMI FL,8,,61.5,,,,,
189445,Booker Pickett Jr.,ED,0,0,,2029,220,,60,64.1,D33,0,0,1,0,0,0,0,0,1,0,MIAMI FL,MIAMI FL,1,,,,,,,
189449,Elias Rudolph,ED,0,0,,2029,220,,61.1,65.6,D91,0,0,1,0,0,3,0,0,0,0,MIAMI FL,MIAMI FL,3,,,,,,,
189451,Justin Scott,DI,0,0,,2029,220,,60,64.1,D98,0,0,1,0,0,0,0,0,1,0,MIAMI FL,MIAMI FL,1,,,,,,,
189486,Benjamin Franklin,ED,0,0,,2029,237,,60,63.3,D34,0,0,1,0,0,0,3,0,0,0,NAVY,NAVY,3,,,,,,,
189490,Phillip Hamilton,CB,0,0,,2029,237,,61,68.3,D36,0,0,1,0,0,0,3,0,1,0,NAVY,NAVY,4,,,,,,,
189509,MarcAnthony Parker,LB,0,0,,2029,237,,75.4,67.3,D56,0,0,1,0,1,0,3,0,1,0,NAVY,NAVY,5,60,,,,,,
189517,Justin Ross,CB,0,0,,2029,237,,60,64.2,D17,0,0,1,0,0,0,0,0,1,0,NAVY,NAVY,1,,,,,,,
189532,Allen Bryant,S,0,0,,2029,268,,62.5,68.1,D26,0,0,1,0,0,5,0,1,3,0,PITTSBURGH,PITTSBURGH,9,,,,,,,
189539,Tyreek Robinson,WR,0,0,,2029,268,,60,61.8,24,0,0,1,0,0,0,3,0,0,0,PITTSBURGH,PITTSBURGH,3,,59.6,,,,,
189541,Malachi Thomas,TE,0,0,,2029,268,60,56.3,63.7,82,0,0,1,6,0,0,6,0,0,0,PITTSBURGH,PITTSBURGH,12,,,,,,,
189564,Reese Baker,T,0,0,,2029,319,60,60,64.5,78,0,0,1,1,0,0,0,0,0,0,TULANE,TULANE,1,,,,,,,
189566,Armani Cargo,CB,0,0,,2029,319,,60,64.3,D14,0,0,1,0,0,0,0,0,1,0,TULANE,TULANE,1,,,,,,,
189571,Patrick Durkin,K,0,0,,2029,319,,60,64.2,S91,0,0,1,1,0,1,0,0,0,0,TULANE,TULANE,2,,,,,60,60.1,
189577,Ethan Head,K,0,0,,2029,319,,60,64.2,S63,0,0,1,0,0,1,0,0,0,0,TULANE,TULANE,1,,,,,,60.1,
189597,James Chenault Jr.,CB,0,0,,2029,327,,61,67,D32,0,0,1,0,0,0,0,0,5,0,USF,USF,5,,,,,,,
189604,Fred Gaskin III,S,0,0,,2029,327,,62,69.7,D15,0,0,1,0,0,0,1,0,5,0,USF,USF,6,,,,,,,
189606,Jahari Grant,DI,0,0,,2028,327,,58.2,65,D97,0,0,1,0,7,0,0,0,0,0,USF,USF,7,58.4,,,,,,
189613,Tyreek Major,C,0,0,,2029,327,60,61.5,63,77,0,0,1,7,0,0,0,0,0,0,USF,USF,7,,,,,,,
189614,Teriyan Morman,C,0,0,,2029,327,63.1,62.1,62.3,66,0,0,1,7,0,0,0,0,0,0,USF,USF,7,,,,,,,
189616,Deylen Platt,CB,0,0,,2029,327,,60.6,67.6,D29,0,0,1,0,0,0,0,0,2,0,USF,USF,2,,,,,,,
189617,Ira Singleton IV,ED,0,0,,2029,327,,49.7,67.4,D30,0,0,1,0,0,6,0,0,6,1,USF,USF,12,,,,,,,
189653,Faletau Satuala,S,0,0,,2029,128,,65.3,70,D10,0,0,1,0,1,7,1,0,4,1,BYU,BYU,13,60,,,,,,
189654,Cannon Skidmore,LS,0,0,,2028,128,63.4,63.7,62.3,S43,0,0,1,6,0,0,0,1,0,0,BYU,BYU,7,,,74.2,,,,
189695,DJ Vonnahme,TE,0,0,,2029,192,,61.3,65.5,81,0,0,1,0,0,0,0,0,4,0,IOWA,IOWA,4,,,,,,,
189696,Jaylen Watson,CB,0,0,,2029,192,,61.5,67.5,D03,0,0,1,0,0,5,0,0,5,0,IOWA,IOWA,10,,,,,,,
189699,Keona Davis,DI,0,0,,2029,238,,60,64.9,D97,0,0,1,0,0,0,0,0,1,0,NEBRASKA,NEBRASKA,1,,,,,,,
189700,Aidan Flege,LS,0,0,,2026,238,,62.8,62.6,S94,0,0,1,0,0,0,0,2,0,0,NEBRASKA,NEBRASKA,2,,,78.5,,,,
189702,John Hohl,K,0,0,,2029,238,,60,62.9,S90,0,0,1,3,0,0,0,0,0,0,NEBRASKA,NEBRASKA,3,,,,,60,,
189712,Joe Pitchford,HB,0,0,,2029,305,,60,63.6,48,0,0,1,0,0,1,0,0,0,0,TCU,TCU,1,,,,,,,
189783,Amare Grayson,G,0,0,,2029,196,60,61.4,62,54,0,0,1,4,0,0,0,0,0,0,JVILLE ST,JVILLE ST,4,,,,,,,
189786,Jawaun Campbell,ED,0,0,,2029,196,,59.5,64.7,D93,0,0,1,0,4,0,0,0,1,0,JVILLE ST,JVILLE ST,5,59.4,,,,,,
189787,Talan Carter,DI,0,0,,2029,196,,59.1,65.9,D92,0,0,1,0,5,0,0,0,1,0,JVILLE ST,JVILLE ST,6,59,,,,,,
189790,Thaxton Gallagher,LB,0,0,,2026,196,,60.4,62.1,D49,0,0,1,0,0,0,0,5,0,0,JVILLE ST,JVILLE ST,5,,,,,,,
189793,Jayke Jones,CB,0,0,,2029,196,,67,67.4,D24,0,0,1,0,3,5,0,0,3,1,JVILLE ST,JVILLE ST,11,60,,,,,,
189796,Jalen Likely,HB,0,0,,2029,196,,59.9,65.5,23,0,0,1,0,0,0,6,0,0,0,JVILLE ST,JVILLE ST,6,,,,,,,
189799,Kyler McGrinn,S,0,0,,2028,196,,60.9,69.4,D28,0,0,1,0,0,0,0,0,4,0,JVILLE ST,JVILLE ST,4,,,,,,,
189810,Wyatt Sonderman,WR,0,0,,2029,196,,61,64.3,80,0,0,1,0,0,3,0,0,0,0,JVILLE ST,JVILLE ST,3,,,,,,,
189815,Jacob Bradford,ED,0,0,,2029,208,,60,61.7,D93,0,0,1,0,1,0,0,0,0,0,LA TECH,LA TECH,1,60,,,,,,
189819,Amani Givens,HB,0,0,,2026,208,,71,67.8,25,0,0,1,0,0,3,5,3,0,0,LA TECH,LA TECH,11,,,,,,,
189821,John Hoyet Chance,P,0,0,,2029,208,,60,67,S48,0,0,1,0,0,3,0,0,0,0,LA TECH,LA TECH,3,,,,,,69.1,
189822,Alonzo Jackson Jr.,LB,0,0,,2029,208,,72.8,65.5,D30,0,0,1,0,1,2,5,0,0,0,LA TECH,LA TECH,8,59.9,,,,,,
189823,Jadon Mayfield,LB,0,0,,2029,208,,60.6,68.9,D33,0,0,1,0,2,2,5,0,0,0,LA TECH,LA TECH,9,60,,,,,,
189881,Guerby Lambert,T,0,0,,2029,258,60.1,61.5,62.3,76,0,0,1,5,0,0,0,0,0,0,NOTRE DAME,NOTRE DAME,5,,,,,,,
189882,Leonard Moore,CB,0,0,,2029,258,,60.1,64.5,D15,0,0,1,0,2,0,0,0,0,0,NOTRE DAME,NOTRE DAME,2,59.9,,,,,,
189884,James Rendell,P,0,0,,2026,258,,60,67.3,S16,0,0,1,0,0,0,0,5,0,0,NOTRE DAME,NOTRE DAME,5,,,,,,,60.8
189886,Teddy Rezac,LB,0,0,,2029,258,,63.9,67.6,D35,0,0,1,0,0,6,0,0,5,0,NOTRE DAME,NOTRE DAME,11,,,,,,,
189890,Railyn Adams,CB,0,0,,2029,281,,43,25.7,D40,0,1,1,0,0,6,0,0,0,0,SM HOUSTON,SM HOUSTON,6,,,,,,,
189902,Fatu Mukuba,WR,0,0,,2029,281,,60,63.5,80,0,0,1,0,0,0,0,0,1,0,SM HOUSTON,SM HOUSTON,1,,,,,,,
189911,Trey Taylor,HB,0,0,,2029,281,,45.4,68.8,26,1,0,1,0,0,6,0,7,0,1,SM HOUSTON,SM HOUSTON,13,,,,,,,
189913,Dravon Wilson,CB,0,0,,2029,281,,61.1,70.2,D32,0,0,1,0,0,0,0,0,3,0,SM HOUSTON,SM HOUSTON,3,,,,,,,
189919,Murphy Clement,HB,0,0,,2029,343,,61.1,65.3,33,0,0,1,0,0,3,0,0,0,0,W VIRGINIA,W VIRGINIA,3,,,,,,,
189921,Jason Cross Jr.,S,0,0,,2029,343,,60,66,D26,0,0,1,0,0,0,0,0,1,0,W VIRGINIA,W VIRGINIA,1,,,,,,,
189935,Curtis Jones Jr.,LB,0,0,,2029,343,,60.4,67.2,D41,0,0,1,0,0,0,8,0,1,0,W VIRGINIA,W VIRGINIA,9,,,,,,,
189939,Brandon Rehmann,WR,0,0,,2029,343,,46.3,66.6,18,0,0,1,0,0,0,0,3,0,0,W VIRGINIA,W VIRGINIA,3,,,,,,,
189940,Keyshawn Robinson,CB,0,0,,2029,343,,54.5,69,D20,1,0,1,0,0,6,8,3,1,0,W VIRGINIA,W VIRGINIA,18,,,,,,,
189982,Tyler Brown,S,0,0,,2029,197,,59.3,69.1,D29,0,0,1,0,3,6,4,1,5,0,JAMES MAD,JAMES MAD,19,60,,,,,,
189984,Trashon Dye,LB,1,0,,2029,197,,67.8,68.7,D45,0,0,1,0,0,6,4,0,3,0,JAMES MAD,JAMES MAD,13,,,,,,,
189999,Brian Snow,ED,0,0,,2025,197,,60,64.1,D33,0,0,1,0,0,0,0,0,1,0,JAMES MAD,JAMES MAD,1,,,,,,,
190078,Damyrion Darby,CB,0,0,,2029,288,,55.9,69,D24,0,0,1,0,0,6,0,0,2,0,S ALABAMA,S ALABAMA,8,,,,,,,
190079,Julien Demby,LB,0,0,,2028,288,,48.8,66.3,D33,0,0,1,0,0,6,0,0,2,1,S ALABAMA,S ALABAMA,8,,,,,,,
190082,Rod Gibbs,TE,0,0,,2028,288,60,60,60.6,19,0,0,1,1,0,0,0,0,0,0,S ALABAMA,S ALABAMA,1,,,,,,,
190087,Asher Hale,G,0,0,,2029,288,62,61.9,62.2,70,0,0,1,6,0,0,0,0,0,0,S ALABAMA,S ALABAMA,6,,,,,,,
190092,Davis Little,K,0,0,,2029,288,,60,68.6,S35,0,0,1,1,0,6,0,0,0,2,S ALABAMA,S ALABAMA,7,,,,,60,55.6,
190099,Parker Shattuck,LB,0,0,,2029,288,,39.5,68.2,D26,0,0,1,0,0,2,5,0,2,0,S ALABAMA,S ALABAMA,9,,,,,,,
190106,Will Mitchell II,S,0,0,,2029,314,,61.4,69.9,D35,0,0,1,0,3,7,0,3,2,0,TEXAS ST,TEXAS ST,15,60,,,,,,
190107,Tyler Norris,G,0,0,,2029,314,,59,63.2,54,0,0,1,0,4,0,0,0,0,0,TEXAS ST,TEXAS ST,4,59,,,,,,
190109,Lars Rau,P,0,0,,2029,314,,60,65.4,S40,0,0,1,0,0,0,0,2,0,0,TEXAS ST,TEXAS ST,2,,,,,,,61.6
190110,Brock Riker,C,0,0,,2029,314,,59.4,63,51,0,0,1,0,4,0,0,0,0,0,TEXAS ST,TEXAS ST,4,59.3,,,,,,
190113,Beckham Sunderland,K,0,0,,2028,314,,60,69.4,S39,0,0,1,0,0,7,0,0,0,0,TEXAS ST,TEXAS ST,7,,,,,,76.1,
190121,Dylan Cunanan,K,0,0,,2029,316,,60,63.9,S45,0,0,1,7,0,0,0,0,0,0,TOLEDO,TOLEDO,7,,,,,72.5,,
190136,James Roe,LS,0,0,,2029,316,64.9,66.1,64,S40,1,0,1,7,0,0,0,6,0,0,TOLEDO,TOLEDO,13,,,81.6,,,,
190144,Ryan Brotherton,TE,0,0,,2029,347,,55.5,67.4,88,0,0,1,0,0,0,6,0,2,0,W MICHIGAN,W MICHIGAN,8,,,,,,,
190163,Jameson Young,CB,0,0,,2028,347,,61.7,67.9,D28,0,0,1,0,0,5,0,1,2,0,W MICHIGAN,W MICHIGAN,8,,,,,,,
190175,Bradley Shaw,LB,0,0,,2029,111,,56.2,88,D07,0,0,1,0,4,8,6,4,3,0,ARKANSAS,ARKANSAS,25,60,,,,,,
190176,Wyatt Simmons,LB,0,0,,2029,111,,46.2,27.8,D42,0,1,1,0,0,8,5,4,0,0,ARKANSAS,ARKANSAS,17,,,,,,,
190183,Brady Clough,TE,0,0,,2029,121,,57.1,66,84,0,0,1,0,0,0,4,0,0,0,BOSTON COL,BOSTON COL,4,,,,,,,
190184,Charlie Comella,CB,0,0,,2029,121,,60.4,65.4,D32,0,0,1,0,0,0,0,0,2,0,BOSTON COL,BOSTON COL,2,,,,,,,
190191,Jayzen Flint,ED,0,0,,2029,121,,57.7,65.9,D94,0,0,1,0,1,0,4,0,2,0,BOSTON COL,BOSTON COL,7,60,,,,,,
190196,Ashton McShane,CB,0,0,,2029,121,,82.9,65,D35,0,0,1,0,3,0,0,0,0,0,BOSTON COL,BOSTON COL,3,60,,,,,,
190197,Johnathan Montague Jr.,WR,0,0,,2029,121,,59.6,62,08,0,0,1,0,0,0,4,0,0,0,BOSTON COL,BOSTON COL,4,,59.9,,,,,
190201,Omar Thornton,S,0,0,,2029,121,,65,67.4,D30,0,0,1,0,1,3,0,1,2,0,BOSTON COL,BOSTON COL,7,60,,,,,,
190202,Syair Torrence,CB,0,0,,2029,121,,38.5,68.6,D26,0,0,1,0,0,3,4,1,2,0,BOSTON COL,BOSTON COL,10,,,,,,,
190203,Bryant Worrell,LS,0,0,,2026,121,60,62.4,62.1,S46,0,0,1,2,0,0,0,1,0,0,BOSTON COL,BOSTON COL,3,,,74.6,,,,
190208,Dashawn Spears,S,0,0,,2029,211,,51.7,68.7,D10,0,0,1,0,2,8,5,0,1,0,LSU,LSU,16,60,,,,,,
190225,Nicholas Rodriguez,LB,0,0,,2029,229,,75.9,65.7,D20,0,0,1,0,0,3,5,0,0,0,MISSOURI,MISSOURI,8,,,,,,,
190237,Michael Smith,TE,0,0,,2029,289,60,60.7,63.3,20,0,0,1,4,0,0,4,0,0,0,S CAROLINA,S CAROLINA,8,,,,,,,
190246,Michael Kern,P,0,0,,2029,311,60,60.9,64.4,S39,0,0,1,7,0,0,0,3,0,0,TEXAS,TEXAS,10,,,,,,,55
190253,Mekhi Anderson,WR,0,0,,2029,331,,60,64.2,33,0,0,1,0,0,0,2,0,0,0,UTSA,UTSA,2,,61.8,,,,,
190258,Kenyan Kelly,S,0,0,,2029,331,,63,66.5,D25,0,0,1,0,0,0,0,0,6,0,UTSA,UTSA,6,,,,,,,
190260,Tyan Milton,CB,0,0,,2026,331,,63.9,68.5,D15,0,0,1,0,1,0,3,0,6,0,UTSA,UTSA,10,60,,,,,,
190261,Elijah Newell,S,0,0,,2029,331,,61.8,66.2,D22,0,0,1,0,0,5,0,0,0,0,UTSA,UTSA,5,,,,,,,
190268,Aaron Chiles,LB,0,0,,2029,163,,62.2,65.6,D08,0,0,1,0,1,8,1,0,0,0,FLORIDA,FLORIDA,10,60,,,,,,
190273,Amir Jackson,TE,0,0,,2029,163,,60,63.7,07,0,0,1,0,0,0,1,0,0,0,FLORIDA,FLORIDA,1,,,,,,,
190350,Walker Lyons,TE,0,0,,2029,326,60,61.3,60.6,85,0,0,1,6,0,0,0,0,0,0,USC,USC,6,,,,,,,
190356,Ryon Sayeri,K,0,0,,2029,326,,60,64,S48,0,0,1,0,0,0,0,1,0,0,USC,USC,1,,,,,,,60
190359,Jadyn Walker,LB,0,0,,2029,326,,47.4,67.9,D31,0,0,1,0,0,6,0,0,0,0,USC,USC,6,,,,,,,
190372,Hunter Haines,CB,0,0,,2029,341,,61.3,68.1,D30,0,0,1,0,0,6,0,0,2,0,WASH STATE,WASH STATE,8,,,,,,,
190375,Gage Jones,S,0,0,,2029,341,,60.8,64.3,D33,0,0,1,0,1,3,0,0,0,0,WASH STATE,WASH STATE,4,60,,,,,,
190419,Alex Moye,CB,0,0,,2029,156,,60,65.8,D46,0,0,1,0,0,0,0,1,0,0,E CAROLINA,E CAROLINA,1,,,,,,,
190422,Ja'Marley Riddle,S,0,0,,2029,156,,60.1,62.5,D22,0,0,1,0,4,0,0,0,2,0,E CAROLINA,E CAROLINA,6,60,,,60.2,,,
190423,Everett Scott,K,0,0,,2029,156,,60,68.9,S93,1,0,1,0,0,6,0,0,0,0,E CAROLINA,E CAROLINA,6,,,,,,62.1,
190475,Jakob Anderson,P,0,0,,2029,278,,60,67.3,S94,0,1,1,0,0,0,0,4,0,0,RUTGERS,RUTGERS,4,,,,,,,63.1
190491,Jack Scullion,K,0,0,,2028,278,,60,69.8,S93,0,0,1,0,0,8,0,0,0,0,RUTGERS,RUTGERS,8,,,,,,77.3,
190492,Noah Shaw,S,0,0,,2029,278,,49.8,65.3,D34,0,0,1,0,0,8,0,0,0,0,RUTGERS,RUTGERS,8,,,,,,,
190513,Bryson Hosea,K,0,0,,2029,114,,60,66,S90,0,0,1,0,0,2,0,0,0,0,ARMY,ARMY,2,,,,,,62,
190559,Caleb Williams,S,0,0,,2029,114,,60,63.7,D15,0,0,1,0,0,1,0,0,0,0,ARMY,ARMY,1,,,,,,,
190587,Jathan Hatch,CB,0,0,,2029,210,,51,66.5,D31,0,0,1,0,0,6,0,0,3,0,LOUISVILLE,LOUISVILLE,9,,,,,,,
190594,Rae'mon Mosby,CB,0,0,,2029,210,,61.2,68.2,D30,0,0,1,0,4,0,0,0,5,0,LOUISVILLE,LOUISVILLE,9,59.7,,,,,,
190604,Miles Coleman,WR,0,0,,2029,251,,49.1,65.9,13,0,0,1,0,0,5,7,2,3,0,N TEXAS,N TEXAS,17,,61,,62.2,,,
190613,Quinton Hammonds,S,0,0,,2029,251,,60.3,62.7,D39,0,0,1,0,3,0,0,3,0,0,N TEXAS,N TEXAS,6,60,,,,,,
190617,Braydon Nelson,G,0,0,,2029,251,60,61.2,67.2,67,0,0,1,4,0,0,0,0,0,0,N TEXAS,N TEXAS,4,,,,,,,
190626,Gabe Stroud,CB,0,0,,2029,251,,60.8,63.9,D16,0,0,1,0,0,5,0,0,0,0,N TEXAS,N TEXAS,5,,,,,,,
190632,Wyatt Young,WR,0,0,,2029,251,,62.1,70.1,27,0,0,1,0,0,0,7,0,3,0,N TEXAS,N TEXAS,10,,,,,,,
190778,Yahya Attia,G,0,0,,2029,143,60,60.3,61.6,59,0,0,1,3,0,0,0,0,0,0,COLORADO,COLORADO,3,,,,,,,
190783,Kyeran Garcia,LB,0,0,,2028,143,,60,65.5,D57,0,0,1,0,0,0,1,0,0,0,COLORADO,COLORADO,1,,,,,,,
190785,Brandon Hood,HB,0,0,,2029,143,,51.9,65.1,26,0,0,1,0,0,0,7,0,0,0,COLORADO,COLORADO,7,,,,,,,
190790,Dre'lon Miller,WR,0,0,,2029,143,,60.1,66.3,06,0,0,1,0,0,1,7,0,0,0,COLORADO,COLORADO,8,,,,,,,
190791,Malakai Murphy,CB,0,0,,2029,143,,60,62.1,D31,0,0,1,0,0,1,0,0,0,0,COLORADO,COLORADO,1,,,,,,,
190827,Mason Curtis,S,0,0,,2029,222,,63,69.5,D25,0,0,1,0,1,6,4,0,4,0,MICHIGAN,MICHIGAN,15,60,,,,,,
190828,Jo'Ziah Edmond,CB,0,0,,2029,222,,60,63.6,D16,0,0,1,0,1,0,0,0,0,0,MICHIGAN,MICHIGAN,1,59.9,,,,,,
190834,Micah Ka'apana,HB,0,0,,2029,222,,60,62.2,29,0,0,1,0,0,0,1,0,0,0,MICHIGAN,MICHIGAN,1,,,,,,,
190837,Jordan Marshall,HB,0,0,,2029,222,,60,63,23,0,0,1,0,0,0,1,0,0,0,MICHIGAN,MICHIGAN,1,,,,,,,
190845,Evan Bennett,LB,0,0,,2029,245,,60,62.3,D32,0,0,1,0,0,1,0,0,0,0,N CAROLINA,N CAROLINA,1,,,,,,,
190851,Crews Law,LB,0,0,,2029,245,,60.5,67.1,D44,0,0,1,0,0,2,0,0,0,0,N CAROLINA,N CAROLINA,2,,,,,,,
190852,Luke Masterson,T,0,0,,2028,245,60,60,62.1,71,0,0,1,2,0,0,0,0,0,0,N CAROLINA,N CAROLINA,2,,,,,,,
190857,Lucas Osada,K,0,0,,2029,245,,60,67,S97,0,0,1,0,0,3,0,0,0,0,N CAROLINA,N CAROLINA,3,,,,,,41.6,
190863,Josh Alexander-Felton,ED,0,0,,2029,248,,59.7,63.1,D45,0,0,1,0,1,0,0,0,0,0,NC STATE,NC STATE,1,59.4,,,,,,
190870,Ronnie Royal III,S,0,0,,2029,248,,61.1,66.9,D25,0,0,1,0,0,4,0,0,1,0,NC STATE,NC STATE,5,,,,,,,
190986,Cam Bates,WR,0,0,,2029,120,,60,63.8,80,0,0,1,0,0,0,0,0,1,0,BOISE ST,BOISE ST,1,,,,,,,
190996,Dylan Riley,HB,0,0,,2029,120,,61.1,65.6,24,0,0,1,0,0,3,0,0,0,0,BOISE ST,BOISE ST,3,,,,,,,
191009,Eli Jacon-Duffy,TE,0,0,,2030,122,,84.7,67,82,0,0,1,0,0,0,7,0,0,0,BOWL GREEN,BOWL GREEN,7,,,,,,,
191011,Malik Moses,DI,0,0,,2029,122,,59.8,62,D98,0,0,1,0,1,0,0,0,0,0,BOWL GREEN,BOWL GREEN,1,59.6,,,,,,
191061,Owen Long,LB,0,0,,2029,144,,60.8,68,D40,0,0,1,0,5,4,9,0,0,0,COLO STATE,COLO STATE,18,59.9,,,,,,
191062,Tommy Maher,WR,0,0,,2029,144,,50.4,66.6,86,1,0,1,0,0,4,0,0,3,0,COLO STATE,COLO STATE,7,,,,,,,
191065,Dagan Myers,S,0,0,,2029,144,,61.4,64.8,D13,0,0,1,0,0,4,0,0,0,0,COLO STATE,COLO STATE,4,,,,,,,
191066,AJ Noland,CB,0,0,,2029,144,,61.3,67,D18,0,0,1,0,0,0,0,3,3,0,COLO STATE,COLO STATE,6,,,,,,,
191086,Clay Lawrence,P,0,0,,2029,169,,60,66.2,S49,0,0,1,0,0,0,0,3,0,0,FRESNO ST,FRESNO ST,3,,,,,,,56.5
191124,Noah Carter,LB,0,0,,2029,103,,59.9,63.9,D24,0,0,1,0,0,0,0,0,1,0,ALABAMA,ALABAMA,1,,,,,,,
191138,QB Reese,LB,0,0,,2029,103,,60.3,64.3,D36,0,0,1,0,0,1,0,0,1,0,ALABAMA,ALABAMA,2,,,,,,,
191140,Rico Scott,WR,0,0,,2029,103,,59.8,66.1,11,0,0,1,0,0,0,6,0,0,0,ALABAMA,ALABAMA,6,,,,,,,
191142,Ryan Coleman-Williams,WR,0,0,,2029,103,,60,64.1,02,0,0,1,0,0,0,0,0,6,0,ALABAMA,ALABAMA,6,,,,72.1,,,
191151,Jahzare Jackson,C,0,0,,2029,173,60,60,64,64,0,0,1,2,0,0,0,0,0,0,GEORGIA,GEORGIA,2,,,,,,,
191153,Drew Miller,P,0,0,,2029,173,,60.1,67.7,S90,0,0,1,0,0,0,0,5,0,0,GEORGIA,GEORGIA,5,,,,,,,56
191179,Mike Baker,K,0,0,,2029,226,,60,61.7,S45,0,0,1,1,0,0,0,0,0,0,OLE MISS,OLE MISS,1,,,,,60,,
191182,Caleb Blankenship,LS,0,0,,2029,226,60,60,60.8,S94,0,0,1,1,0,0,0,0,0,0,OLE MISS,OLE MISS,1,,,66,,,,
191183,Pat Broomfield,CB,0,0,,2029,226,,60,62.1,D27,0,0,1,0,0,1,0,0,0,0,OLE MISS,OLE MISS,1,,,,,,,
191186,Will Echoles,DI,0,0,,2029,226,,60,63.6,D52,0,0,1,0,2,0,0,0,0,0,OLE MISS,OLE MISS,2,59.9,,,,,,
191187,Raphael Ekechi,HB,0,0,,2027,226,,60,62.4,35,0,0,1,0,0,1,0,0,0,0,OLE MISS,OLE MISS,1,,,,,,,
191251,Terry Bussey,WR,0,0,,2029,312,,60.5,64.1,02,0,0,1,0,0,0,6,0,5,0,TEXAS A&M,TEXAS A&M,11,,58.3,,61.8,,,
191296,David Coffey,CB,0,0,,2029,193,,60,64.3,D18,0,0,1,0,0,0,0,0,1,0,IOWA STATE,IOWA STATE,1,,,,,,,
191299,Brett Eskildsen,WR,0,0,,2029,193,,54.8,67.2,81,0,0,1,0,0,0,8,3,0,0,IOWA STATE,IOWA STATE,11,,,,,,,
191300,Aiden Flora,HB,0,0,,2029,193,,60,64.7,21,0,0,1,0,0,0,0,0,1,0,IOWA STATE,IOWA STATE,1,,,,,,,
191301,Beau Goodwin,S,0,0,,2029,193,,75.2,65.3,D34,0,0,1,0,2,0,0,3,0,1,IOWA STATE,IOWA STATE,5,59.9,,,,,,
191309,Marcus Neal Jr.,S,0,0,,2029,193,,61.7,68.5,D31,0,0,1,0,2,7,0,0,0,0,IOWA STATE,IOWA STATE,9,60,,,,,,
191328,Dylan Williams,LB,0,0,,2029,264,,61,63.6,D20,0,0,1,0,0,3,0,0,0,0,OREGON,OREGON,3,,,,,,,
191329,Peyton Woodyard,S,0,0,,2029,264,,68.2,66.9,D12,0,0,1,0,0,2,0,0,4,1,OREGON,OREGON,6,,,,,,,
191336,Max Granville,ED,0,0,,2029,266,,61.4,66.1,D18,0,0,1,0,1,0,0,0,3,0,PENN STATE,PENN STATE,4,59.6,,,,,,
191339,Dejuan Lane,S,0,0,,2029,266,,64.2,64.9,D10,0,0,1,0,1,5,0,0,0,0,PENN STATE,PENN STATE,6,60,,,,,,
191346,Charles Anderson Jr.,ED,0,0,,2029,315,,59.4,64,D97,0,0,1,0,7,0,0,0,0,0,TEXAS TECH,TEXAS TECH,7,59.3,,,,,,
191348,Malik Esquerra,S,0,0,,2029,315,,68.8,63.9,D24,0,0,1,0,0,1,0,0,0,1,TEXAS TECH,TEXAS TECH,1,,,,,,,
191351,Oliver Miles III,CB,0,0,,2029,315,,61.9,67.7,D15,0,0,1,0,0,0,1,0,3,0,TEXAS TECH,TEXAS TECH,4,,,,,,,
191352,Peyton Morgan,S,0,0,,2029,315,,69.2,67.2,D28,0,0,1,0,0,0,0,4,0,1,TEXAS TECH,TEXAS TECH,4,,,,,,,
191360,Keyshawn Williams,DI,0,0,,2029,315,,59.3,64.6,D96,0,0,1,0,7,0,0,0,0,0,TEXAS TECH,TEXAS TECH,7,59.2,,,,,,
193093,Rondo Porter,DI,0,0,,2028,289,,61.7,69.2,D49,0,0,1,0,3,0,0,0,3,0,S CAROLINA,S CAROLINA,6,59.6,,,,,,
193161,Chalil Cummings,CB,0,0,,2029,218,,80.7,68,D02,0,0,1,0,0,3,0,2,3,0,MEMPHIS,MEMPHIS,8,,,,,,,
193165,Keonde Henry,WR,0,0,,2029,218,,60.8,65.5,11,0,0,1,0,0,0,0,0,3,0,MEMPHIS,MEMPHIS,3,,,,,,,
193233,T.J. Banks,CB,0,0,,2029,226,,62,69.2,D19,0,0,1,0,2,7,0,0,1,0,OLE MISS,OLE MISS,10,60,,,,,,
197056,Jamie Tremble,TE,0,0,,2029,304,,72.6,67.7,13,0,0,1,0,0,9,6,0,0,3,SYRACUSE,SYRACUSE,15,,,,,,,
197075,Ibn McDaniels,CB,0,0,,2029,304,,60.9,66,D24,0,0,1,0,3,3,1,0,0,0,SYRACUSE,SYRACUSE,7,60,,,,,,
197576,Fatim Diggs,LB,0,0,,2030,304,,59.8,62,D45,0,0,1,0,1,0,0,0,0,0,SYRACUSE,SYRACUSE,1,59.6,,,,,,
197628,Davien Kerr,CB,0,0,,2029,304,,60.7,66.5,D25,0,0,1,0,3,0,0,0,1,0,SYRACUSE,SYRACUSE,4,60,,,,,,
197629,Elijah Washington-Baker,TE,0,0,,2029,304,,64.8,70,84,0,0,1,0,0,9,6,0,0,0,SYRACUSE,SYRACUSE,15,,,,,,,
197635,Jordan Montanez,HB,0,0,,2029,304,,60,63.9,27,0,0,1,0,0,1,0,0,0,0,SYRACUSE,SYRACUSE,1,,,,,,,
197636,Nakei Johnson,CB,0,0,,2028,304,,60,63.6,D35,0,0,1,0,1,0,0,0,0,0,SYRACUSE,SYRACUSE,1,60,,,,,,
197637,Nate Prater,CB,0,0,,2027,304,,60,60.7,D34,0,0,1,0,1,0,0,0,0,0,SYRACUSE,SYRACUSE,1,60,,,,,,
197638,Patrick Grusser,QB,0,0,,2028,304,,60,61.1,17,0,0,1,0,1,0,0,0,0,0,SYRACUSE,SYRACUSE,1,60,,,,,,
197642,Xavier Miles,DI,0,0,,2028,304,,60,62.7,D58,0,0,1,0,1,0,0,0,0,0,SYRACUSE,SYRACUSE,1,59.8,,,,,,
197643,Jaylan Hornsby,WR,0,0,,2030,304,,60.3,64.9,03,0,0,1,0,0,0,6,0,0,0,SYRACUSE,SYRACUSE,6,,,,,,,
197749,Ethan Veal,LB,0,0,,2029,207,,60.5,63.8,D30,0,0,1,0,0,2,0,0,0,0,LA LAFAYET,LA LAFAYET,2,,,,,,,
197816,Conor McPherson,LB,0,0,,2029,207,,61,70.3,E36,0,0,1,0,0,0,7,0,0,0,LA LAFAYET,LA LAFAYET,7,,,,,,,
197911,Ethan Ferguson,ST,0,0,,2028,196,60,41.2,63.5,S51,0,0,1,4,0,0,0,5,0,0,JVILLE ST,JVILLE ST,9,,,0,,,,
197913,Steven Blanco,HB,0,0,,2029,207,,60.1,64.8,24,0,0,1,0,0,0,2,0,0,0,LA LAFAYET,LA LAFAYET,2,,,,,,,
72496,Shamar Hawkins,S,0,0,,2026,194,,61.1,67.4,D25,0,0,1,0,1,5,2,0,1,0,JACKSON ST,JACKSON ST,9,59.9,,,,,,
97947,Allen Walker,ED,0,0,,2025,194,,46.3,26.5,D11,0,1,1,0,0,4,0,3,6,1,JACKSON ST,JACKSON ST,13,,,,,,,
99831,Tru Thompson,DI,0,0,,2025,194,,60.5,65.6,D04,0,0,1,0,1,0,0,0,1,0,JACKSON ST,JACKSON ST,2,59.7,,,,,,
104268,Robert McDaniel,S,0,0,2025,2025,194,,60.5,65,D03,0,0,1,0,1,0,0,0,1,0,JACKSON ST,JACKSON ST,2,59.9,,,,,,
105959,Esaias Guthrie,S,0,0,,2025,194,,60,61.9,D06,0,0,1,0,1,0,0,0,1,0,JACKSON ST,JACKSON ST,2,60,,,,,,
120737,Einaj Carter,WR,0,0,,2025,290,,60,63.5,01,0,0,1,0,0,0,1,0,1,0,SCAR STATE,SCAR STATE,2,,,,60.3,,,
123484,Javarian Jenkins,LB,0,0,,2026,194,,61.5,64.6,D23,0,0,1,0,0,5,0,0,0,0,JACKSON ST,JACKSON ST,5,,,,,,,
124118,Phillip Webb,ED,0,0,,2025,194,,60.5,65,D39,0,0,1,0,1,0,0,0,1,0,JACKSON ST,JACKSON ST,2,59.8,,,,,,
131399,Kobe Paul,WR,0,0,,2027,194,,61.3,67.3,19,0,0,1,0,0,3,2,0,6,0,JACKSON ST,JACKSON ST,11,,,,,,,
138386,Matt Noll,K,0,0,,2025,194,60,60.8,64.6,S48,0,0,1,6,0,0,0,3,0,0,JACKSON ST,JACKSON ST,9,,,,,,,67.1
138399,Aiden Weber,LB,0,0,,2025,290,,57.6,69.1,D08,1,0,1,0,2,2,5,7,2,2,SCAR STATE,SCAR STATE,18,60,,,,,,
139348,Desmond Moultrie,HB,0,0,,2026,194,,66.9,69.4,21,0,0,1,0,0,5,2,3,6,1,JACKSON ST,JACKSON ST,16,,,,,,,
139352,Anthony Petty,S,0,0,,2025,194,,61.1,67.4,D24,0,0,1,0,0,0,0,0,6,0,JACKSON ST,JACKSON ST,6,,,,,,,
139357,Errick Simmons,WR,1,0,,2026,194,,60.2,68.5,17,1,0,1,0,0,5,2,3,6,0,JACKSON ST,JACKSON ST,16,,59.9,,,,,
142069,Austin Edmonds,LB,0,0,,2026,194,,72,71.4,D18,0,0,1,0,0,5,2,3,6,1,JACKSON ST,JACKSON ST,16,,,,,,,
142764,Rakim White,WR,0,0,,2026,290,,60,65.9,88,0,0,1,0,0,0,0,0,2,0,SCAR STATE,SCAR STATE,2,,,,,,,
142769,Cam Johnson,T,0,0,,2025,290,60,60,64.5,73,0,0,1,1,0,0,0,0,0,0,SCAR STATE,SCAR STATE,1,,,,,,,
142770,Eric Brown,C,0,0,,2025,290,60,60,61.6,76,0,0,1,1,0,0,0,0,0,0,SCAR STATE,SCAR STATE,1,,,,,,,
142771,Nick Taiste,G,0,0,,2025,290,,60.4,64.4,78,0,0,1,0,0,0,0,7,0,0,SCAR STATE,SCAR STATE,7,,,,,,,
142775,Justin Smith-Brown,WR,0,0,,2026,290,,60,63,06,0,0,1,0,0,0,1,0,0,0,SCAR STATE,SCAR STATE,1,,59.9,,,,,
142778,Michael Brunson,CB,0,0,,2025,290,,60.6,65.7,D28,0,0,1,0,0,2,0,0,1,0,SCAR STATE,SCAR STATE,3,,,,,,,
142779,Aaron Smith,LB,0,0,2025,2025,290,,59.8,66.2,D11,0,0,1,0,4,0,0,7,1,0,SCAR STATE,SCAR STATE,12,59.9,,,,,,
142787,Dyson Roberts,P,0,0,,2026,290,,60.4,68.4,S34,0,1,1,0,0,0,0,7,0,0,SCAR STATE,SCAR STATE,7,,,,,,,55.8
143760,Day Day Bright,CB,0,0,,2026,194,,60.3,67.6,D13,0,0,1,0,0,0,0,0,1,0,JACKSON ST,JACKSON ST,1,,,,,,,
145767,Cam Smith,S,0,0,,2026,194,,60.7,64.4,D05,0,0,1,0,1,1,0,0,1,0,JACKSON ST,JACKSON ST,3,60,,,,,,
145930,Joshua Nobles,ED,0,0,,2027,194,,59.8,62,D02,0,0,1,0,1,0,0,0,0,0,JACKSON ST,JACKSON ST,1,59.6,,,,,,
148539,Jalen Lavine,CB,0,0,,2026,290,,60.4,68.4,D26,0,0,1,0,4,0,3,3,1,0,SCAR STATE,SCAR STATE,11,60,,,,,,
149414,Logan Jones,S,0,0,,2025,290,,60,60.7,D27,0,0,1,0,1,0,0,0,0,0,SCAR STATE,SCAR STATE,1,60,,,,,,
150131,Jaeden Ward,LB,0,0,,2025,194,,60.6,63.7,D08,0,0,1,0,0,2,0,0,0,0,JACKSON ST,JACKSON ST,2,,,,,,,
150637,Joel Kashila,LB,0,0,,2026,290,,60.5,65.6,D57,0,0,1,0,0,2,5,0,0,0,SCAR STATE,SCAR STATE,7,,,,,,,
150925,Frankie Dunn Jr.,CB,0,0,,2026,194,,43.6,63.6,D31,1,0,1,0,0,4,0,0,0,0,JACKSON ST,JACKSON ST,4,,,,,,,
150948,Jeremiah Williams,DI,0,0,,2026,194,,60.4,65.2,D00,0,0,1,0,1,0,0,0,1,0,JACKSON ST,JACKSON ST,2,59.6,,,,,,
151504,Gerardo Baeza,P,0,0,,2026,194,,60.3,67.3,S38,0,0,1,6,0,5,0,0,0,0,JACKSON ST,JACKSON ST,11,,,,,56.4,63,
153316,Rashawn Washington,DI,0,0,,2027,290,,59.8,62.4,D44,0,0,1,0,1,0,0,0,0,0,SCAR STATE,SCAR STATE,1,59.6,,,,,,
154034,Jordan Smith,WR,0,0,,2026,290,,70.4,70,13,0,0,1,0,0,0,4,7,2,1,SCAR STATE,SCAR STATE,13,,61.8,,,,,
154035,Jayvion Snow,LB,1,0,,2025,290,,67.1,72.9,D46,0,0,1,0,0,2,5,0,2,0,SCAR STATE,SCAR STATE,9,,,,,,,
156611,Isaiah Villanueva,C,0,0,,2027,194,60,61.2,62.9,72,0,0,1,6,0,0,0,0,0,0,JACKSON ST,JACKSON ST,6,,,,,,,
160768,Emari Matthews,HB,0,0,,2027,194,,59.8,66.9,49,0,0,1,0,0,0,2,3,0,0,JACKSON ST,JACKSON ST,5,,,,,,,
161685,Ashton Taylor,LB,0,0,,2027,194,,60.1,63,D30,0,0,1,0,1,0,0,0,1,0,JACKSON ST,JACKSON ST,2,60,,,,,,
165433,Cyrus Ellison,WR,0,0,,2027,290,,60.8,65,84,0,0,1,0,0,2,5,0,0,0,SCAR STATE,SCAR STATE,7,,,,,,,
165434,Tyler Smith,HB,0,0,,2028,290,,61.3,69.4,10,0,0,1,0,0,2,0,0,2,0,SCAR STATE,SCAR STATE,4,,,,,,,
165435,Zanjerry Dunham,LB,0,0,,2028,290,,60.6,64.6,D07,0,0,1,0,1,2,0,0,0,0,SCAR STATE,SCAR STATE,3,60,,,,,,
165441,Tray Franklin,T,0,0,,2027,290,60,60,63.7,58,0,0,1,1,0,0,0,0,0,0,SCAR STATE,SCAR STATE,1,,,,,,,
165444,Shamontae Burgess,WR,0,0,,2027,290,,67.1,68.6,83,0,0,1,0,0,0,4,7,2,0,SCAR STATE,SCAR STATE,13,,59.4,,,,,
165446,Jaeon Allen,CB,1,0,,2027,290,,74.3,68.2,D16,0,0,1,0,0,0,0,4,1,0,SCAR STATE,SCAR STATE,5,,,,,,,
165449,Jadin Jones,LB,0,0,,2026,290,,60.7,64.9,D29,0,0,1,0,5,0,0,0,1,0,SCAR STATE,SCAR STATE,6,60,,,,,,
165450,Marquis Bradley,CB,0,0,,2028,290,,60.1,64.5,D03,0,0,1,0,2,0,0,0,0,0,SCAR STATE,SCAR STATE,2,59.9,,,,,,
165453,Kwantre' Harry,S,0,0,,2028,290,,59.6,67,D24,0,0,1,0,6,0,2,7,1,0,SCAR STATE,SCAR STATE,16,59.8,,,,,,
165457,Ashaad Hall,ED,0,0,,2026,290,,60,63.5,D19,0,0,1,0,0,0,0,0,1,0,SCAR STATE,SCAR STATE,1,,,,,,,
165463,Jamal McKinney,ED,0,0,,2025,290,,59.5,64.3,D97,0,0,1,0,6,0,0,0,0,0,SCAR STATE,SCAR STATE,6,59.3,,,,,,
168354,Josh Shaw,HB,0,0,,2028,290,,60.2,67.3,32,0,0,1,0,0,2,5,0,2,0,SCAR STATE,SCAR STATE,9,,,,,,,
172883,Stanley Cooks II,DI,0,0,,2028,194,,60,63.8,D94,0,0,1,0,0,0,0,3,0,0,JACKSON ST,JACKSON ST,3,,,,,,,
172885,Quaveon Davis,T,0,0,,2028,194,60,61.7,67.9,79,0,0,1,6,0,0,0,0,0,0,JACKSON ST,JACKSON ST,6,,,,,,,
172900,Sebastien Saint-Louis,TE,0,0,,2028,194,60,61.4,63.2,83,0,0,1,6,0,0,0,0,0,0,JACKSON ST,JACKSON ST,6,,,,,,,
172901,Avery Salerno,P,0,0,,2026,194,25.6,31.8,63,S41,0,0,1,6,0,0,0,3,0,0,JACKSON ST,JACKSON ST,9,,,78.5,,,,
172909,D'Andre Townes-Blue,G,0,0,,2026,194,61.5,62,67.6,74,0,0,1,6,0,0,0,0,0,0,JACKSON ST,JACKSON ST,6,,,,,,,
172912,Jace Ward,ED,0,0,,2029,194,,62.2,70.7,D43,0,0,1,0,0,2,2,3,6,0,JACKSON ST,JACKSON ST,13,,,,,,,
175756,Kenneth Jiles Jr.,TE,0,0,,2026,194,60,61.3,60.9,45,0,0,1,6,0,0,0,0,0,0,JACKSON ST,JACKSON ST,6,,,,,,,
178044,JD Granger,DI,0,0,,2028,194,,69,72.2,D52,0,0,1,0,0,4,0,0,6,1,JACKSON ST,JACKSON ST,10,,,,,,,
179048,Nicolas Brown,TE,0,0,,2028,290,,60.2,66.4,85,0,0,1,0,0,0,5,0,0,0,SCAR STATE,SCAR STATE,5,,,,,,,
179053,Max' Ceon Cobb,P,0,0,,2028,290,60,60,60.2,S36,0,0,1,1,0,0,0,0,0,0,SCAR STATE,SCAR STATE,1,,,,,,,
179056,Jordan Franklin,LB,0,0,,2029,290,,60.7,68.1,D48,0,0,1,0,0,0,5,0,0,0,SCAR STATE,SCAR STATE,5,,,,,,,
179062,Nigel Johnson,WR,0,0,,2028,290,,60.2,65.4,12,0,0,1,0,0,2,0,0,0,0,SCAR STATE,SCAR STATE,2,,,,,,,
179066,Kanaan Ligons,G,0,0,,2029,290,60,60,61,65,0,0,1,1,0,0,0,0,0,0,SCAR STATE,SCAR STATE,1,,,,,,,
182936,Jordan Dollard,ED,0,0,,2029,290,60,60,63.7,D40,0,0,1,1,0,0,0,0,1,0,SCAR STATE,SCAR STATE,2,,,,,,,
182937,Hunter Puckett,ED,0,0,,2029,290,,59.4,63.5,D42,0,0,1,0,3,0,0,0,0,0,SCAR STATE,SCAR STATE,3,59.2,,,,,,
186121,Reid Pulliam,LB,0,0,,2027,194,,60,61.6,D07,0,0,1,0,1,0,0,0,1,0,JACKSON ST,JACKSON ST,2,60,,,,,,
186125,Tymon Wells,DI,0,0,,2027,194,,59.9,64.9,D50,0,0,1,0,0,0,2,3,0,0,JACKSON ST,JACKSON ST,5,,,,,,,
188614,Mason Barton,T,0,0,,2029,194,60,61.7,67.7,65,0,0,1,6,0,0,0,0,0,0,JACKSON ST,JACKSON ST,6,,,,,,,
188617,KJ Chisholm Jr.,CB,0,0,,2029,194,,60.4,65.8,D17,0,0,1,0,1,0,0,0,1,0,JACKSON ST,JACKSON ST,2,60,,,,,,
188619,Xavion Davis,G,0,0,,2029,194,62,61.9,62.3,75,0,0,1,6,0,0,0,0,0,0,JACKSON ST,JACKSON ST,6,,,,,,,
188620,Ja'Naylon Dupree,WR,0,0,,2026,194,,60.1,63.7,02,0,0,1,0,0,0,2,0,5,0,JACKSON ST,JACKSON ST,7,,59.9,,63.2,,,
188625,Mike Smith III,CB,1,0,,2029,194,,66.8,68.1,D10,0,0,1,0,0,5,2,0,6,0,JACKSON ST,JACKSON ST,13,,,,,,,
188626,Travis Terrell Jr.,HB,0,0,,2029,194,,60,62.1,00,0,0,1,0,0,0,0,0,1,0,JACKSON ST,JACKSON ST,1,,,,69.2,,,
188628,Brian Williams Jr.,G,0,0,,2029,194,60,61.4,63.9,64,0,0,1,6,0,0,0,0,0,0,JACKSON ST,JACKSON ST,6,,,,,,,
196873,Diego Addison,S,0,0,,2026,290,,59.6,66,D02,0,0,1,0,6,0,0,7,1,0,SCAR STATE,SCAR STATE,14,60,,,,,,
196874,Joshua Barker,DI,0,0,,2028,290,,31.7,25.2,D00,0,1,1,0,4,0,0,0,1,0,SCAR STATE,SCAR STATE,5,59.1,,,,,,
196876,Jayden Broughton,ED,0,0,,2025,290,60,60.1,64.7,D01,0,0,1,1,3,0,0,7,0,0,SCAR STATE,SCAR STATE,11,59.3,,,,,,
196880,Kyle Gallegos,K,0,0,,2027,290,,60,65.7,S33,0,0,1,1,0,2,0,0,0,0,SCAR STATE,SCAR STATE,3,,,,,60,58.3,
196881,John Hannibal,DI,0,0,,2025,290,,59.8,66.1,D41,0,0,1,0,3,0,0,0,1,0,SCAR STATE,SCAR STATE,4,59.1,,,,,,
196883,Caden High,WR,0,0,,2028,290,,59.5,62.9,00,0,0,1,0,0,0,5,0,2,0,SCAR STATE,SCAR STATE,7,,60,,62.7,,,
196884,Joe Johnson,T,0,0,,2028,290,60,60,60.9,74,0,0,1,1,0,0,0,0,0,0,SCAR STATE,SCAR STATE,1,,,,,,,
196885,Tyler Jones,S,0,0,,2029,290,,92.8,67.5,D35,0,0,1,0,4,2,0,0,2,1,SCAR STATE,SCAR STATE,8,91.4,,,,,,
196886,Konner Lucas,LS,0,0,,2030,290,60,66.4,64,S53,0,0,1,1,0,0,0,7,0,0,SCAR STATE,SCAR STATE,8,,,83.5,,,,
196893,Roger Smith,G,0,0,,2028,290,60,60,63.4,71,0,0,1,1,0,0,0,0,0,0,SCAR STATE,SCAR STATE,1,,,,,,,
196897,Ka Von Chisolm,DI,0,0,,2029,290,,60.1,64.1,D47,0,0,1,0,4,0,0,0,0,0,SCAR STATE,SCAR STATE,4,59.8,,,,,,
196899,Jarod Washington,CB,0,0,2026,2026,290,,60.8,67.1,D12,0,0,1,0,6,0,0,0,1,0,SCAR STATE,SCAR STATE,7,59.9,,,,,,
197061,Josh Higgins,S,0,0,,2026,194,,60.7,68.7,D26,0,0,1,0,0,0,2,3,6,0,JACKSON ST,JACKSON ST,11,,,,,,,
197819,Kellen McDuffie,WR,0,0,,2027,290,,60,64.8,86,0,0,1,0,0,0,0,0,2,0,SCAR STATE,SCAR STATE,2,,,,,,,
