playerId,player,position,declinedPenalties,draftSeason,eligibleSeason,franchiseId,gradesHandsFumble,gradesOffense,gradesOffensePenalty,gradesPassRoute,gradesRunBlock,jerseyNumber,penalties,playerGameCount,snapCountsPass,snapCountsPassBlock,snapCountsPassRoute,snapCountsRun,snapCountsRunBlock,snapCountsTotal,snapCountsTotalPass,snapCountsTotalRun,team,teamName,gradesPassBlock,gradesPass,gradesRun
51984,Bentley Hanshaw,TE,0,,2025,206,61,58.2,71.9,57.6,60.2,15,0,1,0,0,5,0,3,8,5,3,LIBERTY,LIBERTY,,,
52369,Marshall Lang,TE,0,2025,2025,256,62.9,58.1,76.1,53.8,75.5,88,0,1,0,1,21,0,7,29,22,7,NWESTERN,NWESTERN,67.4,,
52487,Luke Kandra,G,0,2025,2025,138,,74,0,,77.8,67,1,1,0,24,0,0,35,59,24,35,CINCINNATI,CINCINNATI,77.8,,
52540,Jakob James,C,0,,2025,316,,50.6,78.9,,48.8,78,0,1,0,28,0,0,29,57,28,29,TOLEDO,TOLEDO,65.4,,
52545,Joe Royer,TE,0,2026,2026,138,62.9,64,77.4,61,74,11,0,1,0,1,19,0,15,35,20,15,CINCINNATI,CINCINNATI,72.2,,
52962,Michael McCalmont,TE,0,,2025,138,,60,63.3,,60,82,0,1,0,0,0,0,1,1,0,1,CINCINNATI,CINCINNATI,,,
53398,Eric Meeks,G,0,,2026,214,,57.7,77,,55.8,57,0,1,0,18,0,0,14,32,18,14,MARSHALL,MARSHALL,60.2,,
53851,Logan Osburn,C,0,,2025,214,,53.1,1.3,,57.1,65,1,1,0,40,0,0,26,66,40,26,MARSHALL,MARSHALL,54.2,,
54221,Sterling Berkhalter,WR,0,,2027,138,,57.4,72.6,57.3,60.6,84,0,1,0,0,3,0,9,12,3,9,CINCINNATI,CINCINNATI,,,
63709,Spencer Curtis,WR,0,,2025,180,62.9,62.8,77.7,62.5,60.5,14,0,1,0,0,26,0,13,39,26,13,HAWAII,HAWAII,,,
63838,Jack Coldiron,TE,0,,2025,221,61,55,76,57.8,53,89,0,1,0,1,6,0,19,26,7,19,MIAMI OH,MIAMI OH,67.9,,
70536,Sebastian Macaluso,WR,0,,2025,285,61,64.5,70.1,63.8,60,24,0,1,0,0,9,0,1,10,9,1,S JOSE ST,S JOSE ST,,,
70874,Jake Retzlaff,QB,0,,2026,128,70.7,61.3,76.5,,60,12,0,1,31,0,0,5,27,63,31,32,BYU,BYU,,59.8,61
70933,DeCarlos Brooks,HB,0,,2025,110,,60,64.9,60,60,25,0,1,0,0,1,0,1,2,1,1,ARIZONA ST,ARIZONA ST,,,
71008,General Booty,QB,0,,2026,209,60.3,76.9,66.6,,60,14,0,1,1,0,0,0,2,3,1,2,LA MONROE,LA MONROE,,75.7,
71304,Kyle Ford,WR,0,,2025,326,62.9,66.3,77.5,65.5,61.8,81,0,1,0,0,18,0,14,32,18,14,USC,USC,,,
71345,Bru McCoy,WR,0,,2025,307,65,59.6,77.7,59.1,62,05,0,1,0,0,41,0,26,67,41,26,TENNESSEE,TENNESSEE,,,
71382,Luke Felix-Fualalo,T,0,2025,2025,180,,65.2,76,,58.4,72,0,1,0,39,0,0,15,54,39,15,HAWAII,HAWAII,72.4,,
71409,Jamari Ferrell,HB,0,,2026,351,70.5,61.5,74,29.8,,06,0,1,0,3,9,6,0,18,12,6,WYOMING,WYOMING,76.3,,68.5
71674,Silas Bolden,WR,0,2025,2025,311,70.3,67.5,74.7,66.8,60.3,11,0,1,0,0,16,0,9,25,16,9,TEXAS,TEXAS,,,
72075,Josh Carlin,G,0,,2025,324,,53.5,79.8,,42.9,54,0,1,0,60,0,0,20,80,60,20,UCLA,UCLA,67.3,,
72178,Colby Bowman,WR,0,,2025,329,61,62.7,75.6,62.3,60,09,0,1,0,0,10,0,10,20,10,10,UTAH ST,UTAH ST,,,
72200,Marist Talavou,G,0,,2025,285,,61.1,79.3,,56.2,61,0,1,0,53,0,0,20,73,53,20,S JOSE ST,S JOSE ST,70.7,,
72208,Jude Wolfe,TE,0,,2025,284,,48,74.1,55.9,48.4,18,1,1,0,0,6,0,14,20,6,14,S DIEGO ST,S DIEGO ST,,,
72292,Canaan Yarro,C,0,,2025,242,,59.9,79.3,,55.5,56,0,1,0,28,0,0,34,62,28,34,NEW MEX ST,NEW MEX ST,82.6,,
72376,Cam Davis,HB,0,,2026,340,61,65.3,65.4,78.2,,22,0,1,0,0,2,0,0,2,2,0,WASHINGTON,WASHINGTON,,,
72689,Marshall Jackson,T,0,,2026,346,,66.1,75.6,,59.8,53,0,1,0,31,0,0,20,51,31,20,W KENTUCKY,W KENTUCKY,75,,
72705,Jacob Gideon,C,0,,2025,347,,70.9,79.8,,66.8,77,0,1,0,40,0,0,31,71,40,31,W MICHIGAN,W MICHIGAN,76.1,,
73148,Falcon Kaumatule,G,0,,2025,328,,50.8,69.4,,60,59,0,1,0,3,0,0,1,4,3,1,UTAH,UTAH,0,,
73929,Donovan Smith,QB,0,,2025,182,62.5,57.7,63.6,,,01,0,1,0,0,0,1,0,1,0,1,HOUSTON,HOUSTON,,,59.1
73930,Ryan Daly,TE,0,,2027,126,,59.1,63.4,60,,88,0,1,0,0,1,0,0,1,1,0,BUFFALO,BUFFALO,,,
73931,Luke Bottari,QB,0,,2025,328,60.3,61.9,68.1,,60,15,0,1,1,0,0,0,4,5,1,4,UTAH,UTAH,,61,
73978,Michael Churich,TE,0,,2025,324,,59.8,63.5,59.6,,89,0,1,0,0,1,0,0,1,1,0,UCLA,UCLA,,,
74236,Mason Murphy,T,0,2026,2026,326,,66.2,76.7,,70.9,76,0,1,0,38,0,0,30,68,38,30,USC,USC,47.3,,
74267,Melquan Stovall,WR,0,,2025,110,68.4,60.6,78,58.6,70.5,05,0,1,0,0,39,0,25,64,39,25,ARIZONA ST,ARIZONA ST,,,
74298,Justin Lockhart,WR,0,2025,2025,285,67.9,78.8,80,77.5,60.8,11,0,1,0,0,41,0,13,54,41,13,S JOSE ST,S JOSE ST,,,
74427,Anthony Landphere,TE,0,2025,2025,218,65,59.2,77.2,72.4,38.2,82,0,1,0,1,23,0,11,35,24,11,MEMPHIS,MEMPHIS,65.4,,
74638,Jack Monday,TE,0,,2026,202,,57.1,67,60,57.7,83,0,1,0,0,1,0,3,4,1,3,KENTUCKY,KENTUCKY,,,
74652,AJ Vaipulu,G,0,,2026,242,,63.2,79.7,,61.1,51,0,1,0,28,0,0,34,62,28,34,NEW MEX ST,NEW MEX ST,71.8,,
75288,Tegra Tshabola,G,0,,2028,260,,72,78.2,,73.4,77,0,1,0,26,0,0,29,55,26,29,OHIO STATE,OHIO STATE,62.3,,
76794,Malcolm Lamar Sr.,T,0,,2025,165,,41.6,17.5,,51.4,70,2,1,0,43,0,0,23,66,43,23,FAU,FAU,33.6,,
77307,Justin Holloway,LS,0,,2025,109,,60,60,,60,S31,0,1,0,0,0,0,1,1,0,1,ARIZONA,ARIZONA,,,
77383,John Campbell Jr.,T,0,,2025,307,,51.6,0,,52.9,74,1,1,0,25,0,0,17,42,25,17,TENNESSEE,TENNESSEE,66.5,,
77518,Marques Cox,T,0,2025,2025,202,,46.7,0,,45.9,69,1,1,0,16,0,0,17,33,16,17,KENTUCKY,KENTUCKY,79.1,,
77939,Anthony Torres,TE,0,2025,2025,316,61,57.4,77.2,62.8,47.8,88,0,1,0,5,15,0,23,43,20,23,TOLEDO,TOLEDO,72.8,,
78150,Sterling Galban,WR,0,,2026,216,,46.8,77,46.1,62.3,04,0,1,0,0,27,0,30,57,27,30,UMASS,UMASS,,,
81813,Reggie Sutton,T,0,,2025,278,,60,68.6,,59.8,70,0,1,0,0,0,0,4,4,0,4,RUTGERS,RUTGERS,,,
81860,Tank Jenkins,G,0,,2025,182,,60.8,78.6,,56.7,72,0,1,0,33,0,0,29,62,33,29,HOUSTON,HOUSTON,77.1,,
81883,Baraka Beckett,G,0,,2025,241,,62.6,80.4,,59.9,56,0,1,0,32,0,0,44,76,32,44,NEW MEXICO,NEW MEXICO,77.2,,
81896,Wyatt Bowles,G,0,2025,2025,329,,84.2,80.6,,88.4,60,1,1,0,39,0,0,41,80,39,41,UTAH ST,UTAH ST,61.2,,
82115,Ben Wooldridge,QB,0,2025,2025,207,67.6,51.2,74.2,,60,10,0,1,18,0,0,1,15,34,18,16,LA LAFAYET,LA LAFAYET,,46.2,64.7
82136,Spencer Petras,QB,0,,2025,329,69.6,65.4,76.4,,60,07,0,1,35,0,0,2,24,61,35,26,UTAH ST,UTAH ST,,66.8,53.9
83537,Tyler Shough,QB,0,2025,2025,210,69.1,70.6,76.7,,60,09,0,1,41,0,0,0,26,67,41,26,LOUISVILLE,LOUISVILLE,,69.7,
86142,Carson Lee,G,0,,2026,160,,63.6,75.2,,59.8,75,0,1,0,14,0,0,7,21,14,7,E MICHIGAN,E MICHIGAN,82,,
86272,Dillon Gabriel,QB,0,2025,2025,264,71.7,63.6,77.3,,60,08,0,1,36,0,0,7,29,72,36,36,OREGON,OREGON,,61.1,63.4
86392,Corey Kiner,HB,0,2025,2025,138,76.2,86.1,77.3,59.1,54.7,21,0,1,0,2,11,18,6,37,13,24,CINCINNATI,CINCINNATI,75.4,,86.2
86461,Jonah Monheim,C,0,2025,2025,326,,63.2,79.6,,61.8,79,0,1,0,38,0,0,30,68,38,30,USC,USC,62.5,,
86489,Alex Moore,T,0,,2025,101,,72.7,77.1,,68.9,76,0,1,0,8,0,0,64,72,8,64,AIR FORCE,AIR FORCE,82.7,,
86538,Chase Penry,WR,0,,2026,120,61,65.4,74.1,64.4,60.1,13,0,1,0,0,8,0,4,12,8,4,BOISE ST,BOISE ST,,,
88746,Landon Parker,WR,0,2025,2025,318,65,61.8,0,61.5,78.6,01,1,1,0,0,28,0,15,43,28,15,TROY,TROY,,,
90875,Hudson Mesa,C,0,,2026,285,,56.3,79.9,,52,60,0,1,0,53,0,0,20,73,53,20,S JOSE ST,S JOSE ST,65.5,,
97104,Lexington Joseph,HB,0,,2025,166,67.3,65.7,74,57.9,57.7,08,0,1,0,10,3,3,6,22,13,9,FIU,FIU,79.5,,64.8
97105,Cam Ross,WR,0,2026,2026,197,66.6,48.5,78.4,51,41.1,01,0,1,0,0,29,0,35,64,29,35,JAMES MAD,JAMES MAD,,,
97121,Gerald Green,HB,0,,2025,318,69.7,69.3,72.8,55.9,60,00,0,1,0,6,4,5,2,17,10,7,TROY,TROY,59,,70.2
97125,Jacquez Stuart,HB,0,,2025,316,72.5,78.5,71.1,65.8,60,00,0,1,0,1,1,8,1,11,2,9,TOLEDO,TOLEDO,70,,75.6
97127,Samario Rudolph,WR,0,,2026,196,67.5,53.1,73.4,54.5,55.4,03,0,1,0,0,9,0,6,15,9,6,JVILLE ST,JVILLE ST,,,
97161,Aaron Young,HB,0,,2025,263,75.8,67.9,76.8,53.8,57.9,05,0,1,0,2,21,17,9,49,23,26,DOMINION,DOMINION,74.7,,69.7
97171,Alante Brown,WR,0,,2027,223,,49.4,73.3,54.1,37.8,00,0,1,0,0,11,0,2,13,11,2,MICH STATE,MICH STATE,,,
97188,Dante Wright,WR,0,,2025,306,73.3,71.8,77.1,73.7,46.1,05,0,1,0,0,40,1,19,60,40,20,TEMPLE,TEMPLE,,,57.5
97191,Michael Brown Stephens,WR,0,,2025,327,,50.1,75,53,44.1,07,0,1,0,0,16,0,13,29,16,13,USF,USF,,,
97211,Christian Dremel,WR,0,,2025,278,63.8,53.3,79.9,53.1,59,80,0,1,0,0,14,0,17,31,14,17,RUTGERS,RUTGERS,,,
97213,Taylor Morin,WR,0,2025,2025,339,72.8,68.5,77.7,68.1,60.4,02,0,1,0,0,39,0,23,62,39,23,WAKE,WAKE,,,
97218,Jacob Bernard,WR,0,,2025,207,69.9,53.1,75.1,53.7,55.9,04,0,1,0,0,15,0,13,28,15,13,LA LAFAYET,LA LAFAYET,,,
97286,Chandler Fields,QB,0,,2025,207,69.9,75.9,74.5,,60,18,0,1,24,0,0,4,9,37,24,13,LA LAFAYET,LA LAFAYET,,80.1,58.7
97287,Trevor Wilson,WR,0,,2025,198,67.1,52,75.5,53.3,61.1,07,0,1,0,0,12,1,11,24,12,12,KANSAS,KANSAS,,,57.9
97308,Jerjuan Newton,WR,0,2025,2025,316,64.1,57.1,0,59.4,60.3,01,1,1,0,0,23,0,25,48,23,25,TOLEDO,TOLEDO,,,
97310,Deion Hankins,HB,0,2025,2025,314,71.9,58.2,72.2,60,58.5,33,0,1,0,1,1,8,4,14,2,12,TEXAS ST,TEXAS ST,72.7,,58.6
97321,Ryan Davis,WR,0,,2026,241,72.8,66.1,78.7,66.8,55.7,18,0,1,0,0,32,0,42,74,32,42,NEW MEXICO,NEW MEXICO,,,
97351,Jakeen Harris,S,0,,2025,245,,60,60,,60,D02,0,1,0,0,0,0,1,1,0,1,N CAROLINA,N CAROLINA,,,
97404,Brett Gabbert,QB,0,2025,2025,221,67.6,70.9,75.5,,60,05,0,1,24,0,0,0,25,49,24,25,MIAMI OH,MIAMI OH,,68.2,
97422,Dino Tomlin,WR,0,,2025,121,61,54,75.2,54.2,60.1,13,0,1,0,0,18,0,9,27,18,9,BOSTON COL,BOSTON COL,,,
97424,Bryce Kirtz,WR,0,,2025,256,66.7,75.2,78.1,74.5,55.7,17,0,1,0,0,36,0,13,49,36,13,NWESTERN,NWESTERN,,,
97427,Devin Voisin,WR,0,,2026,288,61,52.2,77.1,52.1,60.6,01,0,1,0,0,27,0,16,43,27,16,S ALABAMA,S ALABAMA,,,
97594,Dannis Jackson,WR,0,,2026,296,,51.8,74.1,57,44.4,13,0,1,0,0,5,0,13,18,5,13,SO MISS,SO MISS,,,
97617,Cole Snyder,QB,0,,2025,160,37,35.6,22.4,,60,15,1,1,38,0,0,6,20,64,38,26,E MICHIGAN,E MICHIGAN,,44.8,42.5
97620,Zakhari Franklin,WR,0,2025,2025,187,66.7,73.2,77.4,72.6,63.4,04,0,1,0,0,30,0,23,53,30,23,ILLINOIS,ILLINOIS,,,
97640,Beau Johnson,TE,0,,2025,174,61,81.5,71.4,72.5,73.6,11,0,1,0,0,5,0,5,10,5,5,GA SOUTHRN,GA SOUTHRN,,,
97645,Jakai Clark,C,0,,2025,287,,57.1,0.4,,56.5,53,1,1,0,39,0,0,30,69,39,30,SMU,SMU,75.3,,
97651,Dom Polizzi,C,0,,2025,126,,61.4,80.3,,61.4,66,0,1,0,44,0,0,40,84,44,40,BUFFALO,BUFFALO,55,,
97653,Tanner Miller,C,0,,2025,223,,66.6,79.7,,66.5,61,0,1,0,48,0,0,22,70,48,22,MICH STATE,MICH STATE,60.7,,
97656,Parker Titsworth,C,0,,2025,259,,57.1,79.3,,62.6,69,0,1,0,35,0,0,26,61,35,26,OHIO,OHIO,29.2,,
97659,Kris Mitchell,WR,0,,2025,258,62.9,60.2,77.1,57.9,81.7,10,0,1,0,0,23,0,14,37,23,14,NOTRE DAME,NOTRE DAME,,,
97665,Dante Cephas,WR,0,,2025,199,65.7,77.8,78.4,77,60.3,14,0,1,0,0,36,0,21,57,36,21,KANSAS ST,KANSAS ST,,,
97779,Lance LeGendre,WR,0,,2025,207,66.7,67.7,0,71.1,43.2,09,1,1,0,0,33,0,12,45,33,12,LA LAFAYET,LA LAFAYET,,,
97798,Jonah Panoke,WR,0,,2025,180,62.9,59.2,75.2,59,61.5,01,0,1,0,0,23,0,9,32,23,9,HAWAII,HAWAII,,,
97799,Michael Kern,QB,0,,2025,339,27,59.7,75.2,,60,15,0,1,26,0,0,1,17,44,26,18,WAKE,WAKE,,59.3,59.5
97809,Javien Cuff,WR,0,,2026,126,,56,67.5,57.3,60,19,0,1,0,0,2,0,1,3,2,1,BUFFALO,BUFFALO,,,
97813,Donavon Greene,WR,0,,2026,339,65.7,58.1,77,59.6,45.2,11,1,1,0,0,32,0,17,49,32,17,WAKE,WAKE,,,
97835,Will McDonald,C,0,,2025,130,,71.6,79.2,,71.9,66,1,1,0,43,0,0,18,61,43,18,CAL,CAL,64.5,,
97843,Joshua Black,G,0,,2025,175,,62.8,77.9,,62.1,72,0,1,0,38,0,0,12,50,38,12,GA STATE,GA STATE,63.1,,
97851,Chayse Todd,C,0,,2025,314,,55.1,0,,54.7,77,1,1,0,39,0,0,18,57,39,18,TEXAS ST,TEXAS ST,73.4,,
97863,Todd Justice,TE,0,,2025,288,,60,66,,60,86,0,1,0,0,0,0,3,3,0,3,S ALABAMA,S ALABAMA,,,
97889,Jack Kiser,LB,0,2025,2025,258,,60,60,,60,D24,0,1,0,0,0,0,1,1,0,1,NOTRE DAME,NOTRE DAME,,,
97891,J'Coryan Anderson,LB,0,,2025,214,,60,60,,60,D25,0,1,0,0,0,0,1,1,0,1,MARSHALL,MARSHALL,,,
97922,Terrell McDonald,TE,0,,2025,321,66.3,55.7,75.3,65.2,44.9,10,0,1,0,4,13,2,10,29,17,12,UAB,UAB,0,,67.7
97933,Nick Rempert,WR,0,,2026,251,,54.2,72,55.1,60,09,0,1,0,0,7,0,1,8,7,1,N TEXAS,N TEXAS,,,
98005,Theo Wease Jr.,WR,0,2025,2025,229,66.2,76.8,0,81.5,48.3,01,1,1,0,0,32,0,35,67,32,35,MISSOURI,MISSOURI,,,
98007,Cadarrius Thompson,WR,0,,2025,175,,53.6,71.4,54.5,,05,0,1,0,0,9,0,0,9,9,0,GA STATE,GA STATE,,,
98019,Dalvin Smith,WR,0,,2025,346,61,48.3,74.8,48.8,61.6,17,0,1,0,0,17,0,11,28,17,11,W KENTUCKY,W KENTUCKY,,,
98029,Cameron Hite,TE,0,,2025,339,64.1,52.5,76.1,53.2,53.9,20,0,1,0,2,24,0,15,41,26,15,WAKE,WAKE,66.3,,
98033,Isaiah Neyor,WR,0,2025,2025,238,64.1,51.7,78.5,51.8,61.3,18,0,1,0,0,39,0,14,53,39,14,NEBRASKA,NEBRASKA,,,
98043,AJ Gillie,G,0,,2025,207,,63.2,80.1,,57.5,53,0,1,0,42,0,0,29,71,42,29,LA LAFAYET,LA LAFAYET,85.9,,
98047,Dontae Lucas,G,0,,2025,296,,57.1,74.7,,53.1,78,0,1,0,11,0,0,9,20,11,9,SO MISS,SO MISS,81.5,,
98057,Nishad Strother,G,0,,2025,264,,68.2,80.2,,64.5,50,0,1,0,36,0,0,37,73,36,37,OREGON,OREGON,86.8,,
98064,Christophe Atkinson,G,0,,2025,259,,67.3,78.8,,64.9,66,0,1,0,35,0,0,26,61,35,26,OHIO,OHIO,78.7,,
98070,Tyler Brown,G,0,,2027,143,,62.4,77.9,,58.5,56,0,1,0,32,0,0,8,40,32,8,COLORADO,COLORADO,71.6,,
98077,Caleb Thomas,G,0,,2025,319,,38.1,0,52.5,51.7,58,1,1,0,1,3,0,17,21,4,17,TULANE,TULANE,64.4,,
98078,Cedric Claiborne,T,0,,2025,242,,49.4,73.5,,57.1,78,0,1,0,13,0,0,14,27,13,14,NEW MEX ST,NEW MEX ST,18.7,,
98082,Demetris Allen,G,0,,2026,331,,65.1,74.6,,58,73,0,1,0,19,0,0,14,33,19,14,UTSA,UTSA,81.2,,
98099,Tristen Tewes,TE,0,,2025,254,61,62.3,75.3,62.4,59.1,82,0,1,0,2,13,0,29,44,15,29,N ILLINOIS,N ILLINOIS,77.6,,
98198,Wisdom Quarshie,G,0,,2025,306,,65,79.7,,70.4,79,0,1,0,47,0,0,36,83,47,36,TEMPLE,TEMPLE,39.8,,
98226,Jack Sherwin,T,0,,2025,347,,80,76.9,,74,63,0,1,0,40,0,0,31,71,40,31,W MICHIGAN,W MICHIGAN,85,,
98230,Joey Capra,T,0,,2025,109,,55.8,76.7,,60,53,0,1,0,43,0,0,27,70,43,27,ARIZONA,ARIZONA,45.2,,
98232,Renato Brown,G,0,,2025,210,,62.6,76.2,,63,56,0,1,0,16,0,0,15,31,16,15,LOUISVILLE,LOUISVILLE,56.1,,
98233,Zovon Lindsay,T,0,,2025,141,,54.4,74.7,,64.2,64,0,1,0,16,0,0,24,40,16,24,COAST CAR,COAST CAR,10.9,,
98252,Joshua Gray,G,0,2025,2025,265,,61.1,78.4,,56.1,67,0,1,0,31,0,0,14,45,31,14,OREGON ST,OREGON ST,75.3,,
98255,Jax Harrington,G,0,,2026,207,,66.6,78.8,,63.5,70,0,1,0,37,0,0,27,64,37,27,LA LAFAYET,LA LAFAYET,80.3,,
98272,Addison West,G,0,2025,2025,347,,77,79.2,,75.4,75,0,1,0,40,0,0,31,71,40,31,W MICHIGAN,W MICHIGAN,89.2,,
98277,King McGowen,T,0,,2025,207,,52.7,9.5,,56.2,77,1,1,0,31,0,0,24,55,31,24,LA LAFAYET,LA LAFAYET,59.6,,
98278,Tristen Bittner,G,0,,2025,201,,59.2,70.7,,60,65,0,1,0,4,0,0,2,6,4,2,KENT STATE,KENT STATE,50,,
98289,Marlyn Johnson,WR,0,,2025,165,62.9,57.2,77.3,57.2,59.8,11,0,1,0,0,31,0,10,41,31,10,FAU,FAU,,,
98301,Stanley King,WR,0,,2025,201,62.9,57.5,76.8,57.9,55.2,80,0,1,0,0,25,0,14,39,25,14,KENT STATE,KENT STATE,,,
98322,Tavion Woodard,ED,0,,2025,120,,56.3,60,55.3,,D52,0,1,0,0,1,0,0,1,1,0,BOISE ST,BOISE ST,,,
98350,Duke Olges,TE,0,,2025,256,,57.1,69.4,56,56.1,02,0,1,0,4,2,0,3,9,6,3,NWESTERN,NWESTERN,75.4,,
98358,Joshua Simon,TE,0,2025,2025,289,65,72.2,78.5,72.4,64.2,06,0,1,0,4,31,0,25,60,35,25,S CAROLINA,S CAROLINA,71.5,,
98362,Hayden Wolff,QB,0,,2025,347,69.4,48.7,25,54.3,60,11,1,1,39,0,1,2,28,70,40,30,W MICHIGAN,W MICHIGAN,,51.8,54.3
98391,DeVonte Gordon,T,0,,2025,339,,63.5,23.7,,57.7,62,1,1,0,48,0,0,28,76,48,28,WAKE,WAKE,83,,
98398,Ben Scott,C,0,2025,2025,238,,63.9,0,,63.5,66,1,1,0,43,0,0,21,64,43,21,NEBRASKA,NEBRASKA,76.1,,
98405,Ryan Jacoby,G,0,,2025,268,,46.1,77.7,,42.3,61,0,1,0,27,0,0,11,38,27,11,PITTSBURGH,PITTSBURGH,42.9,,
98414,Jeremy Jones,T,0,,2025,214,,51.8,76.8,,52.6,74,0,1,0,40,0,0,26,66,40,26,MARSHALL,MARSHALL,48,,
98421,Shamar Hobdy-Lee,T,0,,2025,182,,60.8,71.6,,52,58,1,1,0,10,0,0,4,14,10,4,HOUSTON,HOUSTON,83.4,,
98426,J.J. Lippe,G,0,2025,2025,254,,63.6,78.3,,59.5,79,0,1,0,21,0,0,37,58,21,37,N ILLINOIS,N ILLINOIS,87.2,,
98430,Thomas Gordon,TE,0,2025,2025,256,61,44.6,0,50.2,50.3,87,1,1,0,2,29,0,17,48,31,17,NWESTERN,NWESTERN,41,,
98431,Tyler Fromm,TE,0,,2025,174,,49.7,76.7,46.3,62,07,0,1,0,2,24,0,14,40,26,14,GA SOUTHRN,GA SOUTHRN,67.6,,
98489,Caelan Shepard,T,0,,2025,126,,64.6,77.4,,67.2,77,0,1,0,44,0,0,41,85,44,41,BUFFALO,BUFFALO,52.6,,
98494,Tyler Stephens,TE,0,,2025,229,,59.4,63.5,59.2,,80,0,1,0,0,1,0,0,1,1,0,MISSOURI,MISSOURI,,,
98496,Luke Deal,TE,0,2025,2025,115,,57,75.1,51.9,62.7,86,0,1,0,3,8,0,9,20,11,9,AUBURN,AUBURN,70.1,,
98524,Jack Conley,G,0,2025,2025,121,,55.5,78.2,,54.6,67,0,1,0,30,0,0,29,59,30,29,BOSTON COL,BOSTON COL,51.4,,
98531,Bryce Benhart,T,0,,2025,238,,65.9,76.5,,62.6,54,0,1,0,43,0,0,21,64,43,21,NEBRASKA,NEBRASKA,67.8,,
98556,Jayden Harrison,WR,0,,2025,258,66.9,87.2,0,87.8,61.2,02,1,1,0,0,19,0,10,29,19,10,NOTRE DAME,NOTRE DAME,,,
98679,Nick Nash,WR,0,2025,2025,285,20,62.4,0,69.2,61.3,03,1,1,0,0,53,1,18,72,53,19,S JOSE ST,S JOSE ST,,,42.4
98717,Dominick Mazotti,TE,0,,2025,216,64.1,72.7,78.3,69.4,66,81,0,1,0,3,26,0,43,72,29,43,UMASS,UMASS,69,,
98792,Da'Quan Thomas,T,1,,2025,102,,56,72.4,,57.5,51,1,1,0,14,0,0,6,20,14,6,AKRON,AKRON,50.7,,
98803,Nay'Quan Wright,HB,0,2025,2025,327,71.5,74.9,72.1,80.8,60,05,0,1,0,0,7,7,1,15,7,8,USF,USF,,,71.3
99040,Jaylen Nichols,T,0,,2025,218,,73.5,69.3,57.7,77.1,52,0,1,0,1,1,0,4,6,2,4,MEMPHIS,MEMPHIS,66.5,,
99046,Vincent Murphy,C,0,,2025,319,,73.7,79.4,,68.8,64,0,1,0,22,0,0,42,64,22,42,TULANE,TULANE,81.5,,
99049,Dayne Davis,T,0,,2025,307,,56.6,0,,65.1,66,1,1,0,20,0,0,12,32,20,12,TENNESSEE,TENNESSEE,58.4,,
99071,Justin Osborne,G,0,2025,2025,287,,68.6,79,,64.4,51,0,1,0,39,0,0,30,69,39,30,SMU,SMU,88.1,,
99073,Kamaar Bell,G,0,,2025,289,,68.2,80,,67.7,52,0,1,0,38,0,0,31,69,38,31,S CAROLINA,S CAROLINA,69.3,,
99076,Clay Webb,G,0,2025,2025,196,,72,79.7,,72.7,74,0,1,0,26,0,0,39,65,26,39,JVILLE ST,JVILLE ST,61.6,,
99082,Xavier Truss,T,0,2025,2025,173,,53.3,77.2,,55.6,73,1,1,0,46,0,0,30,76,46,30,GEORGIA,GEORGIA,45.6,,
99086,Bryce Ramsey,G,0,,2025,214,,51.7,77.7,,48.7,55,0,1,0,22,0,0,13,35,22,13,MARSHALL,MARSHALL,57.8,,
99087,Luke Griffin,G,0,,2025,273,,60.2,68.8,,60,54,0,1,0,2,0,0,1,3,2,1,PURDUE,PURDUE,74.2,,
99099,Eli Cox,C,0,2025,2025,202,,62,78.5,,56.4,75,0,1,0,27,0,0,24,51,27,24,KENTUCKY,KENTUCKY,83.8,,
99109,K.D. McDaniel,ED,0,,2025,175,,60,60,,60,D47,1,1,0,0,0,0,1,1,0,1,GA STATE,GA STATE,,,
99135,Connor Bazelak,QB,0,2025,2025,122,70,86.9,76.2,,60,07,0,1,25,0,0,4,28,57,25,32,BOWL GREEN,BOWL GREEN,,85.4,67.2
99159,Sevaughn Clark,HB,0,,2025,316,74,61.6,73.6,57.5,,20,0,1,0,4,14,12,0,30,18,12,TOLEDO,TOLEDO,49,,62.6
99165,Anthony Watkins,HB,0,,2025,320,65.5,56.5,72.5,59.2,60,23,0,1,0,0,1,2,2,5,1,4,TULSA,TULSA,,,58.6
99166,Lee Witherspoon,HB,0,,2025,321,62.5,40.4,71.2,26.6,,05,0,1,0,2,9,1,0,12,11,1,UAB,UAB,43.1,,59.6
99171,Josh Williams,HB,0,2025,2025,211,74.5,62.4,76.4,42,60,18,0,1,0,14,21,13,1,49,35,14,LSU,LSU,29.3,,71.9
99181,Sean Brown,TE,0,,2025,196,61,65.7,76.2,64.1,63.2,17,0,1,0,0,12,0,32,44,12,32,JVILLE ST,JVILLE ST,,,
99206,Kam Brown,WR,0,,2025,273,61,62.1,76.2,61.8,59.5,04,0,1,0,0,13,0,9,22,13,9,PURDUE,PURDUE,,,
99244,DeMarcus Harris,WR,0,,2025,214,61,67.9,70.8,66.7,60,04,0,1,0,0,6,0,3,9,6,3,MARSHALL,MARSHALL,,,
99421,Nick Malone,T,0,,2025,343,,67.9,28.6,,71.8,58,1,1,0,54,0,0,39,93,54,39,W VIRGINIA,W VIRGINIA,64.8,,
99422,Parker Moorer,T,0,,2025,156,,66.6,78,,66.1,52,0,1,0,45,0,0,39,84,45,39,E CAROLINA,E CAROLINA,61.5,,
99423,Brandon Yates,C,0,,2025,343,,66.5,80.2,,63.2,50,0,1,0,40,0,0,38,78,40,38,W VIRGINIA,W VIRGINIA,71.7,,
99437,Taylor Poitier,G,0,,2026,199,,62.4,77.1,,60.9,69,0,1,0,25,0,0,17,42,25,17,KANSAS ST,KANSAS ST,66.4,,
99440,Jarrod Hufford,C,0,2025,2025,193,,58.6,79.8,,54,54,0,1,0,41,0,0,31,72,41,31,IOWA STATE,IOWA STATE,75.6,,
99452,Elijah Ellis,T,0,2025,2025,214,,58.2,19.2,,62.8,52,1,1,0,40,0,0,26,66,40,26,MARSHALL,MARSHALL,58.9,,
99457,Landon Peterson,T,0,,2025,251,,60.4,76.4,,52.8,72,0,1,0,44,0,0,20,64,44,20,N TEXAS,N TEXAS,70.9,,
99499,Noah Guzman,S,0,,2025,182,,60,60,,,D06,0,1,0,1,0,0,0,1,1,0,HOUSTON,HOUSTON,60.5,,
99502,Deshawn McCuin,CB,0,,2026,284,61,59.5,60,58.8,,D17,0,1,0,0,1,0,0,1,1,0,S DIEGO ST,S DIEGO ST,,,
99520,Konner Fox,TE,0,,2025,314,64.1,66.7,75.9,65.3,63.1,09,0,1,0,2,16,0,12,30,18,12,TEXAS ST,TEXAS ST,69.3,,
99537,Winston Wright Jr.,WR,0,2025,2025,156,27.4,74.1,76.9,71.6,74.1,01,0,1,0,0,35,2,22,59,35,24,E CAROLINA,E CAROLINA,,,63.6
99538,Blair Conwright,WR,0,,2025,251,65.7,65.6,76.7,65,61.8,00,0,1,0,0,36,0,16,52,36,16,N TEXAS,N TEXAS,,,
99553,Darien Porter,CB,0,2025,2025,193,,60,64.9,,60,D10,0,1,0,0,0,0,1,1,0,1,IOWA STATE,IOWA STATE,,,
99572,Daniel Carter,HB,0,,2025,268,68.6,71.4,68.5,58.2,,04,0,1,0,2,2,4,0,8,4,4,PITTSBURGH,PITTSBURGH,71.8,,69.8
99591,Michel Dukes,HB,0,,2026,175,70.9,65.7,73.8,63,,22,0,1,0,2,18,6,0,26,20,6,GA STATE,GA STATE,74.4,,66
99592,Jordan Houston,HB,0,,2025,214,72.5,59.1,74.9,53.6,50.8,06,0,1,0,3,19,9,9,40,22,18,MARSHALL,MARSHALL,75.9,,62
99600,Kyi Wright,TE,0,,2025,197,,48.2,0,,59.9,15,1,1,0,0,0,0,5,5,0,5,JAMES MAD,JAMES MAD,,,
99609,Delbert Mimms III,HB,0,,2025,160,75.6,66.5,76.9,60.5,58.8,34,0,1,0,5,21,16,5,47,26,21,E MICHIGAN,E MICHIGAN,78.3,,67
99619,Treshaun Ward,HB,0,,2025,121,68.6,50.4,73.4,39.9,,00,0,1,0,1,14,4,0,19,15,4,BOSTON COL,BOSTON COL,0,,63
99629,Francis Sherman,TE,0,,2025,138,61,39.3,73.6,34,49.8,44,2,1,0,1,4,0,21,26,5,21,CINCINNATI,CINCINNATI,71.8,,
99630,Jason Collier Jr.,G,0,,2025,268,,51.9,79.4,,43.4,50,0,1,0,41,0,0,14,55,41,14,PITTSBURGH,PITTSBURGH,72.2,,
99678,Ja'Quay Hubbard,G,0,,2025,343,,66.5,80.2,,66.1,66,0,1,0,54,0,0,39,93,54,39,W VIRGINIA,W VIRGINIA,66.1,,
99701,Jaelyn Lay,TE,0,,2025,216,,64.5,71.8,54,70.8,00,0,1,0,1,6,0,10,17,7,10,UMASS,UMASS,62.1,,
99703,Courtney Jackson,WR,0,2025,2025,113,70.3,63,79,62.5,61.4,09,0,1,0,0,24,0,19,43,24,19,ARK STATE,ARK STATE,,,
99713,Kamari Morales,TE,0,,2025,121,65,63.4,80.1,68.2,53.3,88,1,1,0,1,26,0,35,62,27,35,BOSTON COL,BOSTON COL,66.8,,
99852,Kevin Hester Jr.,DI,0,,2025,245,,60,60,,60,D98,0,1,0,0,0,0,1,1,0,1,N CAROLINA,N CAROLINA,,,
100201,Zach Gibson,QB,0,,2026,175,67.4,82.5,73.7,,60,01,0,1,17,0,0,1,12,30,17,13,GA STATE,GA STATE,,84.2,60
100218,Ja'Shaun Poke,WR,0,,2025,284,66.4,81.3,74.8,80,62,03,0,1,0,0,14,0,18,32,14,18,S DIEGO ST,S DIEGO ST,,,
100253,Broderick Roman,C,0,,2027,160,,69.5,79.4,,67.9,67,0,1,0,38,0,0,26,64,38,26,E MICHIGAN,E MICHIGAN,65.4,,
100262,Logan Zschernitz,C,0,,2025,254,,68.4,78.7,,65.5,65,0,1,0,21,0,0,36,57,21,36,N ILLINOIS,N ILLINOIS,75.3,,
100263,Xavior Gray,T,0,,2026,206,,71.4,76.1,,72.1,63,2,1,0,24,0,0,31,55,24,31,LIBERTY,LIBERTY,60.1,,
100273,Tyrone Broden,WR,0,2025,2025,111,,36.3,71.1,40.2,60,05,0,1,0,0,7,0,1,8,7,1,ARKANSAS,ARKANSAS,,,
100275,Michael Mathison,WR,0,,2025,346,61,61.6,74.1,61.1,61.8,04,0,1,0,0,14,0,9,23,14,9,W KENTUCKY,W KENTUCKY,,,
100353,Andrew Bench,TE,0,,2025,288,,60,67.6,,60,89,0,1,0,0,0,0,2,2,0,2,S ALABAMA,S ALABAMA,,,
100414,Miki Suguturaga,TE,0,,2025,328,,62.8,68.3,58.7,65.1,83,0,1,0,0,1,0,4,5,1,4,UTAH,UTAH,,,
100518,Ben Coleman,G,0,,2026,110,,62.5,80.5,,59,62,0,1,0,42,0,0,33,75,42,33,ARIZONA ST,ARIZONA ST,76,,
100526,Johnny Maea,G,0,,2025,328,,60.2,74.7,,59.7,53,0,1,0,18,0,0,2,20,18,2,UTAH,UTAH,60.3,,
100530,Jake Wiley,T,0,,2025,182,,56.3,76.3,,55.3,75,0,1,0,33,0,0,29,62,33,29,HOUSTON,HOUSTON,56.1,,
100535,Brayden Rohme,T,0,,2025,216,,56.4,77.6,,49.1,63,0,1,0,32,0,0,44,76,32,44,UMASS,UMASS,81.9,,
100583,Micah Bernard,HB,0,2025,2025,328,27.3,51,76.8,64.4,,02,0,1,0,6,32,11,0,49,38,11,UTAH,UTAH,20.3,,46.8
100584,Charlie Vincent,HB,0,,2025,328,67.1,52.6,67.8,57.5,,26,0,1,0,0,4,1,0,5,4,1,UTAH,UTAH,0,,59.6
100594,Keegan Jones,HB,0,,2025,324,69.5,60.9,73.2,66.3,59.5,22,0,1,0,1,15,4,3,23,16,7,UCLA,UCLA,72.5,,57.6
100625,Patrick Herbert,TE,0,2025,2025,264,,57.6,74.4,53.8,63,88,0,1,0,1,8,0,19,28,9,19,OREGON,OREGON,67.3,,
100635,Kyrese Rowan,WR,0,2025,2025,329,65.1,57.8,75.6,57.5,60.6,23,0,1,0,0,22,0,16,38,22,16,UTAH ST,UTAH ST,,,
100651,Donovan Ollie,WR,0,,2025,144,,58.5,70.7,59.7,59.4,06,0,1,0,0,1,0,7,8,1,7,COLO STATE,COLO STATE,,,
100662,Andre Johnson,WR,0,,2025,221,61,57.4,78.1,57.5,57.5,01,0,1,0,0,24,0,24,48,24,24,MIAMI OH,MIAMI OH,,,
100663,Munir McClain,WR,0,,2025,328,62.9,58,77.2,58.2,55.5,04,0,1,0,1,31,0,13,45,32,13,UTAH,UTAH,61,,
100808,Justin Mayers,G,1,,2023,143,,44.8,0,,39.8,66,2,1,0,35,0,0,9,44,35,9,COLORADO,COLORADO,68.7,,
100835,Oscar Adaway III,HB,0,,2026,289,62.5,58.1,71.6,57.8,60,27,0,1,0,0,4,1,1,6,4,2,S CAROLINA,S CAROLINA,,,59.6
100880,Damon Ward Jr.,WR,0,,2025,251,65,60.8,79.8,62.2,45.9,08,0,1,0,0,37,0,19,56,37,19,N TEXAS,N TEXAS,,,
101018,Cam'Ron Johnson,G,0,,2025,229,,66.7,4,,72.7,74,1,1,0,35,0,0,34,69,35,34,MISSOURI,MISSOURI,56.5,,
101032,Joshua Blanchard,T,0,,2025,102,,65.7,77.5,,54.1,55,0,1,0,56,0,0,17,73,56,17,AKRON,AKRON,76.4,,
101036,Dustyn Hall,C,0,,2025,156,,73.4,12.7,,74.9,65,1,1,0,45,0,0,39,84,45,39,E CAROLINA,E CAROLINA,66.6,,
101050,Cam Jones,T,0,,2025,196,,73.7,77.2,,69.5,69,0,1,0,34,0,0,44,78,34,44,JVILLE ST,JVILLE ST,76.7,,
101058,Jordan McCloud,QB,0,,2025,314,69.9,92.2,75.2,,60,03,0,1,32,0,0,3,10,45,32,13,TEXAS ST,TEXAS ST,,92.4,62.5
101068,Rodrigues Clark,HB,0,,2025,296,75.2,66.5,75,56.6,58.2,00,0,1,0,4,7,15,6,32,11,21,SO MISS,SO MISS,78.6,,66.3
101105,Ethan Hall,TE,0,,2025,320,61,66.6,72.7,56.5,75.3,47,0,1,0,1,4,0,12,17,5,12,TULSA,TULSA,0,,
101116,Javon Ivory,WR,0,,2025,288,,60,65,,60,13,0,1,0,0,0,0,1,1,0,1,S ALABAMA,S ALABAMA,,,
101124,Kelley Joiner Jr.,HB,0,,2025,327,72.5,80.7,73.4,56.8,60,08,0,1,0,5,6,9,1,21,11,10,USF,USF,75.8,,79.2
101126,Christian Helms,WR,0,,2026,327,,59.9,75.2,59.3,62.5,85,0,1,0,0,1,0,16,17,1,16,USF,USF,,,
101127,Sean Atkins,WR,0,,2025,327,71.9,63.6,77.3,60.7,61.8,38,0,1,1,0,22,0,29,52,23,29,USF,USF,,,64.3
101165,Michael Callahan,DI,0,,2025,120,,60,63.5,,60,D92,0,1,0,0,0,0,1,1,0,1,BOISE ST,BOISE ST,,,
101219,Tyler Crowe,HB,0,,2025,120,62.5,65,68.1,59.5,,33,0,1,0,2,1,1,0,4,3,1,BOISE ST,BOISE ST,76.3,,62.4
101241,Brandon Crenshaw-Dickson,T,0,2025,2025,163,,72.2,75.4,,76.2,65,0,1,0,27,0,0,18,45,27,18,FLORIDA,FLORIDA,61.7,,
101247,Ben Dooley,G,0,2025,2025,120,,62.3,80.3,,59.9,66,0,1,0,36,0,0,36,72,36,36,BOISE ST,BOISE ST,70.3,,
101261,Leif Fautanu,C,0,2025,2025,110,,57.3,9.8,,55.2,79,1,1,0,42,0,0,33,75,42,33,ARIZONA ST,ARIZONA ST,80.6,,
101284,Hank Bachmeier,QB,0,,2025,339,69.3,66.1,74.2,,60,09,0,1,22,0,0,3,7,32,22,10,WAKE,WAKE,,67.1,58.9
101286,Cooper Legas,QB,0,,2025,320,72.8,67.9,77.2,,60,05,0,1,40,0,0,10,21,71,40,31,TULSA,TULSA,,67.8,61.3
101343,Ajani Carter,CB,0,2025,2025,182,,60,65,,,D12,0,1,0,1,0,0,0,1,1,0,HOUSTON,HOUSTON,60.5,,
101548,Enokk Vimahi,G,0,,2025,340,,72.8,76,,71.6,57,0,1,0,11,0,0,13,24,11,13,WASHINGTON,WASHINGTON,78.6,,
101559,Sal Wormley,G,0,2025,2025,266,,71.4,76.9,,69.3,77,0,1,0,21,0,0,16,37,21,16,PENN STATE,PENN STATE,86.3,,
101566,Logan Brown,T,0,2025,2025,198,,61.5,75,,56.1,52,0,1,0,17,0,0,23,40,17,23,KANSAS,KANSAS,76.4,,
101600,Spencer Holstege,G,0,,2025,324,,55.8,14.6,,56.5,74,1,1,0,60,0,0,20,80,60,20,UCLA,UCLA,60.8,,
101612,Tom Foley,P,0,,2025,254,,20.6,60,,,S98,0,1,0,0,0,2,0,2,0,2,N ILLINOIS,N ILLINOIS,,,37
101629,Payton Thorne,QB,0,2025,2025,115,68.9,71.9,76,,60,01,0,1,39,0,0,0,17,56,39,17,AUBURN,AUBURN,,76.6,52.4
101643,Kay'Ron Lynch-Adams,HB,0,2025,2025,223,72.1,60.1,74.9,60.1,59.5,15,0,1,0,7,18,8,2,35,25,10,MICH STATE,MICH STATE,79.4,,58.7
101695,Giles Jackson,WR,0,2025,2025,340,67.1,67.7,77.6,65.8,71.2,05,0,1,0,0,33,0,23,56,33,23,WASHINGTON,WASHINGTON,,,
101711,Dalevon Campbell,WR,0,2025,2025,289,62.9,96.7,71.8,94.6,60.2,15,0,1,0,0,4,0,6,10,4,6,S CAROLINA,S CAROLINA,,,
101807,Alijah Huzzie,CB,0,2025,2025,245,72.6,60,64.9,,60,D28,1,1,0,0,0,0,1,1,0,1,N CAROLINA,N CAROLINA,,,
102192,Travon Taylor,T,0,,2025,346,,76.3,76.1,,66.7,73,0,1,0,31,0,0,20,51,31,20,W KENTUCKY,W KENTUCKY,91.3,,
102247,Blake Austin,G,0,,2025,346,,62.6,75,,58.6,79,0,1,0,13,0,0,9,22,13,9,W KENTUCKY,W KENTUCKY,88.5,,
102273,Pat McMurtrie,T,0,,2026,197,,77.1,77,,70.9,76,0,1,0,30,0,0,42,72,30,42,JAMES MAD,JAMES MAD,85.5,,
102277,Rey Burnett,T,0,,2025,320,,53,22.5,,53.8,65,1,1,0,42,0,0,33,75,42,33,TULSA,TULSA,62.4,,
102305,Tanner Morris,C,0,,2025,197,,51.8,9,,50.9,58,1,1,0,32,0,0,43,75,32,43,JAMES MAD,JAMES MAD,83.3,,
102309,Jordan Hall,T,0,,2026,206,,64,73.1,,62.4,73,0,1,0,7,0,0,13,20,7,13,LIBERTY,LIBERTY,66.3,,
102316,T.J. Session,T,0,,2025,130,,62.8,78.6,,54.9,72,0,1,0,44,0,0,18,62,44,18,CAL,CAL,85.9,,
102317,Jacob Kettels,T,0,,2025,200,,48,73.8,,60.3,73,1,1,0,18,0,0,9,27,18,9,KENNESAW,KENNESAW,17.1,,
102324,Keagen Trost,T,0,2026,2026,339,,68.7,77,,61.4,71,1,1,0,45,0,0,27,72,45,27,WAKE,WAKE,78.6,,
102326,Allen Jones Jr.,T,0,,2025,316,,50.4,75.9,,53.8,79,0,1,0,24,0,0,25,49,24,25,TOLEDO,TOLEDO,39.4,,
102348,Hajj-Malik Williams,QB,0,,2025,325,70.1,80,76.9,,60,06,0,1,36,0,0,4,30,70,36,34,UNLV,UNLV,,85.3,55.9
102499,Chris Carter,TE,0,,2025,254,,60,60,,60,11,0,1,0,0,0,0,2,2,0,2,N ILLINOIS,N ILLINOIS,,,
102578,Jakobie Keeney-James,WR,0,2025,2025,216,66.2,71,81.2,70.5,63.3,11,0,1,0,0,32,0,43,75,32,43,UMASS,UMASS,,,
102655,Milan Tucker,WR,0,,2025,165,66.7,66.5,72.6,65.8,59.5,00,0,1,0,0,7,0,9,16,7,9,FAU,FAU,,,
102820,Landon Burton,C,0,,2025,207,,54.4,79.7,,49.8,55,0,1,0,42,0,0,29,71,42,29,LA LAFAYET,LA LAFAYET,73.6,,
102843,Quinn Murphy,G,0,,2026,347,,44.1,77.6,,48.5,53,0,1,0,16,0,0,19,35,16,19,W MICHIGAN,W MICHIGAN,12.1,,
102880,Anthony Adkins,FB,0,,2025,324,,56.9,63.4,59.1,,23,0,1,0,0,1,0,0,1,1,0,UCLA,UCLA,,,
102912,Jake Orlando,TE,0,,2025,126,64.1,71.5,79.2,66.7,74.1,81,0,1,0,4,22,0,35,61,26,35,BUFFALO,BUFFALO,54,,
102933,Dalen Cambre,WR,0,2025,2025,207,,54.7,69.5,55.8,59.2,11,0,1,0,0,4,0,2,6,4,2,LA LAFAYET,LA LAFAYET,,,
102960,Keanu Hill,TE,0,,2025,128,,53.1,74.4,52.7,60,01,0,1,0,1,13,0,2,16,14,2,BYU,BYU,67.7,,
103979,Jobi Malary,HB,0,,2026,197,68.9,63.4,71,64.6,60,28,0,1,0,2,2,4,1,9,4,5,JAMES MAD,JAMES MAD,73,,61.9
104107,Ife Adeyi,WR,0,2025,2025,281,70.7,53.6,77.8,55.4,45.9,02,0,1,0,0,27,0,18,45,27,18,SM HOUSTON,SM HOUSTON,,,
104112,Noah Smith,WR,1,,2025,281,65.3,51.1,76.3,57.2,32.7,06,1,1,0,0,28,1,28,57,28,29,SM HOUSTON,SM HOUSTON,,,59.2
104162,Treon Sibley,WR,0,,2025,206,62.9,59.6,74.6,59.2,61.8,21,0,1,0,0,16,0,10,26,16,10,LIBERTY,LIBERTY,,,
104182,Adam Jones,WR,0,,2025,113,,49.1,0,53.7,61.5,11,1,1,0,0,12,0,11,23,12,11,ARK STATE,ARK STATE,,,
104818,Preston Daniels,TE,0,,2025,200,64.3,69.4,74.7,76.4,62.5,02,0,1,0,1,6,1,19,27,7,20,KENNESAW,KENNESAW,65.2,,59.6
104838,Jeremiah Webb,WR,0,2025,2025,288,65,61.8,77.8,61.2,62.4,81,0,1,0,0,30,0,22,52,30,22,S ALABAMA,S ALABAMA,,,
104843,Zak Wallace,HB,0,,2025,113,74.8,69.7,75.2,55,43.4,21,0,1,0,1,9,14,10,34,10,24,ARK STATE,ARK STATE,74.6,,73.8
104969,Coleman Owen,WR,0,2025,2025,259,72.1,77.2,76.3,76.6,57.6,06,0,1,0,0,33,0,21,54,33,21,OHIO,OHIO,,,
105622,Chaz Ward,TE,0,,2025,207,,55.2,68.5,,53.3,22,0,1,0,0,0,0,5,5,0,5,LA LAFAYET,LA LAFAYET,,,
105818,Trent Holler,C,0,,2025,218,,71.8,79.7,,67.2,54,0,1,0,37,0,0,32,69,37,32,MEMPHIS,MEMPHIS,79.1,,
108439,Brian Stevens,C,0,,2025,335,,57.5,79.8,,52.8,55,0,1,0,42,0,0,28,70,42,28,VIRGINIA,VIRGINIA,75.5,,
108533,Tedi Kushi,T,0,2025,2025,347,,67.3,20.8,,71.6,73,1,1,0,40,0,0,31,71,40,31,W MICHIGAN,W MICHIGAN,66.5,,
108560,Michael Flores,C,0,,2026,263,,45.1,79.1,,47.6,51,0,1,0,28,0,0,31,59,28,31,DOMINION,DOMINION,43.1,,
108565,Sam Telesa,G,0,,2025,209,,55.5,68.5,,56.5,57,0,1,0,1,0,0,2,3,1,2,LA MONROE,LA MONROE,67.3,,
108583,Jonathan Mendoza,T,0,2025,2025,210,,69.5,74.9,,64.9,76,0,1,0,27,0,0,10,37,27,10,LOUISVILLE,LOUISVILLE,75.6,,
108593,Jon Mucciolo,G,0,,2025,117,,66.4,80.2,,61.7,64,0,1,0,42,0,0,32,74,42,32,BALL ST,BALL ST,87.6,,
108653,John Paul Flores,G,0,,2025,206,,65.1,76.2,,66,76,1,1,0,15,0,0,15,30,15,15,LIBERTY,LIBERTY,55.5,,
109040,P.J. Wells,WR,0,,2025,196,,56.1,74.1,56,61.3,13,0,1,0,0,6,0,10,16,6,10,JVILLE ST,JVILLE ST,,,
109080,Michael Benefield,HB,0,,2025,200,74.4,69.7,75.9,58.2,59.1,00,0,1,0,3,2,13,3,21,5,16,KENNESAW,KENNESAW,73,,68.4
109083,Billy Lucas,HB,0,,2025,206,73.5,61.5,74.3,57.5,58.7,00,0,1,0,5,5,11,2,23,10,13,LIBERTY,LIBERTY,21.8,,64.3
109348,Pat Conroy,TE,0,2025,2025,263,62.9,56.8,80.3,57.8,52.6,15,0,1,0,0,28,0,31,59,28,31,DOMINION,DOMINION,,,
109352,Billy Riviere III,TE,0,,2025,341,,79,68.8,60,80.6,42,0,1,0,0,1,0,4,5,1,4,WASH STATE,WASH STATE,,,
109517,Solomon Davis,WR,0,,2025,134,64.3,59.9,76.4,57.7,61.5,80,0,1,0,0,23,1,8,32,23,9,C MICHIGAN,C MICHIGAN,,,63
109592,JJ Jenkins,WR,0,,2025,126,67.1,73.3,79.5,72.8,61.8,41,0,1,0,0,43,0,40,83,43,40,BUFFALO,BUFFALO,,,
111094,Sean Brown,WR,0,,2026,136,64.1,70.1,0,76.8,44.2,08,2,1,0,0,27,0,15,42,27,15,CHARLOTTE,CHARLOTTE,,,
120862,Abdul-Fatai Ibrahim,WR,0,,2025,208,,54.1,75.1,54.1,57.6,18,0,1,0,0,10,0,21,31,10,21,LA TECH,LA TECH,,,
121508,Brady Wilson,C,0,,2026,321,,65.9,79.5,,56.9,72,0,1,0,49,0,0,17,66,49,17,UAB,UAB,86.5,,
121522,Ryan Hanson,P,0,,2025,197,,60,63.5,,60,S48,0,1,0,0,0,0,1,1,0,1,JAMES MAD,JAMES MAD,,,
121537,Lincoln Pare,HB,1,2026,2026,314,65.5,84.6,73,55.6,59.4,07,1,1,0,3,5,2,4,14,8,6,TEXAS ST,TEXAS ST,16.3,,90.3
121539,Corey Rucker,WR,0,2026,2026,113,62.9,57.4,78.8,56.5,63.5,07,0,1,0,0,26,0,39,65,26,39,ARK STATE,ARK STATE,,,
121550,Isaiah Alston,WR,0,,2026,193,,60,63.9,,60,08,0,1,0,0,0,0,1,1,0,1,IOWA STATE,IOWA STATE,,,
121664,Michael Batton,LB,0,,2025,182,,60,60,,,D44,0,1,0,1,0,0,0,1,1,0,HOUSTON,HOUSTON,60.5,,
121761,Koby Drake,WR,0,,2025,218,71.7,76.1,77,72.1,87.4,10,0,1,0,0,28,0,16,44,28,16,MEMPHIS,MEMPHIS,,,
121763,Jonah Gambill,G,0,,2025,218,,61.8,79.4,,60.2,65,0,1,0,40,0,0,35,75,40,35,MEMPHIS,MEMPHIS,64.8,,
121764,Mitchell Gildehaus,C,0,,2025,218,,63.6,69.6,,65.2,78,0,1,0,0,0,0,4,4,0,4,MEMPHIS,MEMPHIS,,,
121773,Tim Marmino,G,0,,2025,218,,58.7,69.8,,58.5,79,0,1,0,0,0,0,4,4,0,4,MEMPHIS,MEMPHIS,,,
121781,Rodney Newsom Jr.,G,0,,2026,346,,63.3,76,,59.9,65,0,1,0,18,0,0,11,29,18,11,W KENTUCKY,W KENTUCKY,77.1,,
121788,Brandon Thomas,HB,0,,2025,218,67.3,74.4,69.2,60,,22,0,1,0,2,1,3,0,6,3,3,MEMPHIS,MEMPHIS,73.7,,71.4
121886,Jett Duncan,C,0,,2025,251,,56.2,78.8,,52.1,64,0,1,0,44,0,0,20,64,44,20,N TEXAS,N TEXAS,64.1,,
121917,Marcus Bryant,T,0,2025,2025,229,,77.7,77.4,,75.4,52,0,1,0,35,0,0,35,70,35,35,MISSOURI,MISSOURI,74.8,,
121936,Bryan Massey,S,0,,2026,182,,58.1,60,57.7,,D22,0,1,0,0,1,0,0,1,1,0,HOUSTON,HOUSTON,,,
121987,Trenton Scott,T,0,,2026,314,,61.6,70.8,,60.5,52,0,1,0,1,0,0,11,12,1,11,TEXAS ST,TEXAS ST,70.4,,
122057,Kody Epps,WR,0,,2026,128,,60,63.9,,60,00,0,1,0,0,0,0,1,1,0,1,BYU,BYU,,,
122067,Sol-Jay Maiava-Peters,WR,0,,2026,241,62.5,61.6,72.1,54.1,60,30,0,1,0,0,8,1,3,12,8,4,NEW MEXICO,NEW MEXICO,,,63.4
122073,Connor Pay,C,0,,2025,128,,59.8,0,,58.4,70,1,1,0,31,0,0,32,63,31,32,BYU,BYU,84.8,,
122076,Hinckley Ropati,HB,0,,2026,128,72.1,70.1,74.3,67.8,57.2,07,0,1,0,2,8,8,6,24,10,14,BYU,BYU,75.6,,69.2
122104,Daniel Keys,T,0,,2025,208,,47.1,75.1,,49,51,1,1,0,13,0,0,25,38,13,25,LA TECH,LA TECH,42.1,,
122150,Trent Howard,G,0,,2025,140,,55.5,80.2,,56.2,75,0,1,0,52,0,0,19,71,52,19,CLEMSON,CLEMSON,44.2,,
122151,Mitchell Mayes,G,0,,2026,136,,63.8,78.8,,60.3,77,0,1,0,42,0,0,20,62,42,20,CHARLOTTE,CHARLOTTE,74.4,,
122155,Kobe Pace,HB,0,,2027,335,17.9,44.2,72.2,56.8,59.1,05,0,1,0,5,5,6,2,18,10,8,VIRGINIA,VIRGINIA,36.3,,46.5
122156,Walker Parks,G,0,,2026,140,,46.2,77,,46.4,64,0,1,0,52,0,0,20,72,52,20,CLEMSON,CLEMSON,43.6,,
122158,Kevin Swint,ED,0,,2025,175,,60,60,,60,D09,0,1,0,0,0,0,1,1,0,1,GA STATE,GA STATE,,,
122176,Jake Clemons,TE,0,,2025,136,,53.3,73,50.8,55.6,81,0,1,0,6,11,0,14,31,17,14,CHARLOTTE,CHARLOTTE,71.9,,
122188,Jonny King,C,0,,2026,136,,51.9,79.3,,63.3,52,0,1,0,42,0,0,20,62,42,20,CHARLOTTE,CHARLOTTE,21.3,,
122197,Taylor Thompson,TE,0,,2025,197,62.9,53.6,0,58.1,56.6,17,1,1,0,1,21,0,26,48,22,26,JAMES MAD,JAMES MAD,64.5,,
122207,Don Chaney,HB,0,,2028,210,70.5,59.2,75.1,34.5,60,21,0,1,0,5,14,6,1,26,19,7,LOUISVILLE,LOUISVILLE,35,,69.2
122249,Nate Noel,HB,0,2025,2025,229,78.5,69.3,78.6,54.4,60,08,0,1,0,3,12,27,1,43,15,28,MISSOURI,MISSOURI,75.4,,69.4
122273,Micah Mazzccua,T,0,,2025,238,,71.5,75.4,,59.7,56,0,1,0,30,0,0,12,42,30,12,NEBRASKA,NEBRASKA,88.8,,
122318,Braydon Bennett,HB,0,,2027,141,76.2,51.7,77.6,67.3,55.7,01,0,1,0,4,27,18,10,59,31,28,COAST CAR,COAST CAR,13.5,,50
122319,Mason Bowers,T,1,,2026,200,,49.6,0,,66.3,57,1,1,0,13,0,0,22,35,13,22,KENNESAW,KENNESAW,1.8,,
122344,Willie Lampkin,G,0,2025,2025,245,,56.9,9.8,,56.2,53,2,1,0,33,0,0,44,77,33,44,N CAROLINA,N CAROLINA,81.1,,
122346,Donavan Manson,G,0,,2026,141,,63.5,78.8,,69.8,67,0,1,0,36,0,0,27,63,36,27,COAST CAR,COAST CAR,30.1,,
122350,Tyson Mobley,WR,0,,2026,206,62.9,61.7,77,59.2,73.7,08,0,1,0,0,22,0,30,52,22,30,LIBERTY,LIBERTY,,,
122398,Markeston Douglas,TE,0,,2026,110,,43.9,70.9,,45.2,18,0,1,0,0,0,0,12,12,0,12,ARIZONA ST,ARIZONA ST,,,
122402,Zane Herring,G,0,,2026,327,,67,78.1,,65,51,0,1,0,23,0,0,30,53,23,30,USF,USF,78.4,,
122414,Tate Rodemaker,QB,0,,2026,296,67.5,35.8,75.6,,60,18,0,1,17,0,0,1,32,50,17,33,SO MISS,SO MISS,,29.9,63.1
122447,Sam Kenerson,WR,0,,2026,174,,57.7,68.3,59.4,59.2,14,0,1,0,0,1,0,2,3,1,2,GA SOUTHRN,GA SOUTHRN,,,
122464,Jalen White,HB,0,2025,2025,174,72.1,66.8,73.2,64.3,47.1,25,0,1,0,1,8,8,0,17,9,8,GA SOUTHRN,GA SOUTHRN,72.9,,69.5
122466,Caelan Williams,T,0,,2027,174,,50.9,76.3,,43.3,64,0,1,0,33,0,0,22,55,33,22,GA SOUTHRN,GA SOUTHRN,64.8,,
122475,Tucker Gleason,QB,0,,2026,316,29.7,81.3,75.9,,60,04,0,1,27,0,0,5,22,54,27,27,TOLEDO,TOLEDO,,75.8,71.9
122487,Nate McCollum,WR,0,2025,2025,245,61,67.9,75.7,65,76.9,06,0,1,0,0,17,0,19,36,17,19,N CAROLINA,N CAROLINA,,,
122500,Paula Vaipulu,G,0,,2025,251,,58.2,79.7,,50.3,60,0,1,0,44,0,0,20,64,44,20,N TEXAS,N TEXAS,81.8,,
122521,Stevo Klotz,TE,0,2025,2025,193,66,70.9,78,66.5,67.8,49,0,1,0,4,12,1,26,43,16,27,IOWA STATE,IOWA STATE,77.4,,62.3
122526,Tyler Miller,T,0,2026,2026,193,,67.7,76.9,,61.3,66,0,1,0,41,0,0,31,72,41,31,IOWA STATE,IOWA STATE,77.1,,
122543,Ar'maj Reed-Adams,G,0,2026,2026,312,,76,77.9,,76,55,0,1,0,31,0,0,20,51,31,20,TEXAS A&M,TEXAS A&M,81.8,,
122546,Lawrence Arnold,WR,0,,2025,198,61,69.7,71.1,67.8,60.1,02,0,1,0,0,4,0,4,8,4,4,KANSAS,KANSAS,,,
122550,Bryce Cabeldue,T,0,2025,2025,198,,74,76.3,,68,77,0,1,0,22,0,0,30,52,22,30,KANSAS,KANSAS,87.5,,
122553,Jared Casey,TE,0,,2025,198,62.9,48.8,77.1,56.3,46.4,47,0,1,0,1,8,0,20,29,9,20,KANSAS,KANSAS,33,,
122555,Jalon Daniels,QB,0,2026,2026,198,72.5,62.1,15.1,,60,06,1,1,22,0,0,10,20,52,22,30,KANSAS,KANSAS,,67.3,57.4
122561,Luke Grimm,WR,0,2025,2025,198,71.2,71.1,78.3,76.3,45.2,11,0,1,0,0,17,1,20,38,17,21,KANSAS,KANSAS,,,57.6
122562,Daniel Hishaw Jr.,HB,0,,2026,198,67.3,52.2,72.7,56.2,58.4,09,0,1,0,3,7,3,5,18,10,8,KANSAS,KANSAS,24.9,,55
122566,Trevor Kardell,TE,0,,2025,198,,48.4,75.7,52.1,52.2,45,0,1,0,2,10,0,21,33,12,21,KANSAS,KANSAS,40.1,,
122579,Quentin Skinner,WR,0,2025,2025,198,62.9,62.5,0,64,68.1,00,1,1,0,0,18,0,26,44,18,26,KANSAS,KANSAS,,,
122584,Ty Bowman,WR,0,,2025,199,62.9,63.5,72.2,63,59.8,08,0,1,0,0,10,0,2,12,10,2,KANSAS ST,KANSAS ST,,,
122599,Will Howard,QB,0,2025,2025,260,68.3,84.9,75.9,,60,18,0,1,25,1,0,1,28,55,26,29,OHIO STATE,OHIO STATE,62.2,85.1,59.4
122608,Christian Moore,TE,0,,2026,325,61,64.3,77.4,51.2,72.9,44,0,1,0,4,16,0,26,46,20,26,UNLV,UNLV,82.1,,
122620,Will Swanson,TE,0,,2026,199,,52.8,74.5,48,61.5,83,0,1,0,2,12,0,16,30,14,16,KANSAS ST,KANSAS ST,46.9,,
122626,Carver Willis,T,0,2026,2026,199,,67.3,76.6,,58.4,77,0,1,0,45,0,0,24,69,45,24,KANSAS ST,KANSAS ST,79.3,,
122634,Dontae Fleming,WR,0,2025,2025,319,70.1,73.5,75.9,72.5,60.2,01,0,1,0,0,12,0,14,26,12,14,TULANE,TULANE,,,
122646,Kyren Lacy,WR,0,,2025,211,64.1,53.5,0,55.1,58.3,02,1,1,0,0,51,0,27,78,51,27,LSU,LSU,,,
122673,Jerren Gilbert,G,0,,2025,208,,53.3,75.2,,48,75,0,1,0,12,0,0,11,23,12,11,LA TECH,LA TECH,82.4,,
122675,Bert Hale,G,0,,2025,208,,63.5,79.7,,60.7,79,0,1,0,19,0,0,45,64,19,45,LA TECH,LA TECH,84,,
122692,Kobe Baynes,G,0,,2026,198,,61.2,78.3,59.1,57.9,70,0,1,0,21,1,0,30,52,22,30,KANSAS,KANSAS,84.9,,
122700,Austin Collins,G,0,,2026,210,,63.1,76.7,,58.6,51,0,1,0,25,0,0,11,36,25,11,LOUISVILLE,LOUISVILLE,79.9,,
122707,Christian Fitzpatrick,WR,0,,2026,214,62.9,63.6,77.8,63,63.4,16,0,1,0,0,36,0,25,61,36,25,MARSHALL,MARSHALL,,,
122716,Duane Martin,FB,0,,2025,210,,58.9,67.5,58.5,60,45,0,1,0,0,2,0,1,3,2,1,LOUISVILLE,LOUISVILLE,,,
122826,Chance Carroll,C,0,,2026,174,,66.7,74.1,,64.1,54,0,1,0,8,0,0,7,15,8,7,GA SOUTHRN,GA SOUTHRN,77.1,,
122828,John Copenhaver,TE,0,2025,2025,245,66.9,66.9,79.7,68.7,55,81,0,1,0,4,29,1,44,78,33,45,N CAROLINA,N CAROLINA,70.4,,62.7
122830,Jacolby Criswell,QB,0,,2026,245,29.4,52.7,27.3,,60,12,1,1,33,0,0,2,42,77,33,44,N CAROLINA,N CAROLINA,,49.7,65.1
122841,Kendall Karr,TE,0,,2026,141,62.9,64.4,79.6,67.2,54.6,85,0,1,0,0,28,0,24,52,28,24,COAST CAR,COAST CAR,30.4,,
122849,Spencer Triplett,LS,0,2026,2026,245,,60,60,,60,S62,0,1,0,0,0,0,1,1,0,1,N CAROLINA,N CAROLINA,,,
122864,Ben Finley,QB,0,,2026,102,70.9,55.5,77.3,,60,10,0,1,61,0,0,2,14,77,61,16,AKRON,AKRON,,52.5,68.8
122885,Anthony Smith,WR,0,2026,2026,156,64.1,62.4,77.7,63.8,48.1,17,0,1,0,0,36,0,29,65,36,29,E CAROLINA,E CAROLINA,,,
122892,Tosh Baker,T,0,,2025,258,,60,64.3,,60,79,0,1,0,0,0,0,1,1,0,1,NOTRE DAME,NOTRE DAME,,,
122893,Kevin Bauman,TE,0,,2026,258,,60,64.4,,60,84,0,1,0,0,0,0,1,1,0,1,NOTRE DAME,NOTRE DAME,,,
122896,Michael Carmody,T,0,,2026,324,,64.7,67.8,59.2,66.2,52,0,1,0,0,1,0,4,5,1,4,UCLA,UCLA,,,
122907,Rylie Mills,DI,0,2025,2025,258,,60,60,,60,D99,0,1,0,0,0,0,1,1,0,1,NOTRE DAME,NOTRE DAME,,,
122913,Chris Tyree,WR,0,2025,2025,335,66.2,48.1,79,47.9,60,04,0,1,0,0,24,0,15,39,24,15,VIRGINIA,VIRGINIA,,,
122936,Seth McGowan,HB,0,2026,2026,242,74.8,68.1,74.9,52.9,58.1,01,0,1,0,2,11,14,4,31,13,18,NEW MEX ST,NEW MEX ST,73,,69.6
122938,Chandler Morris,QB,0,2026,2026,251,69.7,55.5,76.5,,60,04,0,1,44,0,0,1,19,64,44,20,N TEXAS,N TEXAS,,53.7,61.6
122977,Monroe Mills,T,0,,2027,210,,66.9,76.6,,68.3,71,1,1,0,41,0,0,26,67,41,26,LOUISVILLE,LOUISVILLE,58.7,,
122984,Jordan Reagan,CB,0,,2025,214,,60,60,,60,D35,0,1,0,0,0,0,1,1,0,1,MARSHALL,MARSHALL,,,
122987,Eli Russ,G,0,,2026,318,,59.4,80.4,,54.1,66,0,1,0,36,0,0,38,74,36,38,TROY,TROY,84.9,,
123008,Byron Floyd,LS,0,,2026,126,,60,60,,60,S49,0,1,0,0,0,0,1,1,0,1,BUFFALO,BUFFALO,,,
123039,Josh Ilaoa,C,0,,2025,304,,54.5,77.5,,56.9,55,0,1,0,21,0,0,17,38,21,17,SYRACUSE,SYRACUSE,42.1,,
123048,Maximilian Mang,TE,0,2025,2025,304,,68.6,73.6,50.4,71.7,00,0,1,0,7,7,0,18,32,14,18,SYRACUSE,SYRACUSE,72.8,,
123051,Trebor Pena,WR,0,2026,2026,304,26.9,74.2,78.7,72.2,74,02,0,1,0,0,52,1,21,74,52,22,SYRACUSE,SYRACUSE,,,63.2
123053,Mark Petry,G,0,,2026,304,,63.5,80,,58.9,72,0,1,0,54,0,0,34,88,54,34,SYRACUSE,SYRACUSE,77.2,,
123074,Christian Gelov,QB,0,,2025,273,64.8,92,68.6,,60,17,0,1,3,0,0,1,2,6,3,3,PURDUE,PURDUE,,90.8,61.4
123090,Caleb Medford,WR,0,,2026,241,62.9,60.2,76.8,59.7,61.9,12,0,1,0,0,17,0,20,37,17,20,NEW MEXICO,NEW MEXICO,,,
123109,Hudson Card,QB,0,,2025,273,68.8,69.1,75,,60,01,1,1,24,0,0,2,17,43,24,19,PURDUE,PURDUE,,68.7,61.1
123112,Moochie Dixon,WR,0,2025,2025,287,65,72.6,78.1,69.7,80,05,0,1,0,0,20,0,16,36,20,16,SMU,SMU,,,
123115,Jaylen Garth,T,0,,2027,331,,63.5,19.1,,67.4,71,1,1,0,42,0,0,31,73,42,31,UTSA,UTSA,63.5,,
123119,Ja'Quinden Jackson,HB,0,2025,2025,111,73.5,75.6,75.6,55.8,57.3,22,0,1,0,7,8,11,5,31,15,16,ARKANSAS,ARKANSAS,77.5,,76.2
123120,Andrej Karic,G,0,,2025,307,,51.1,80.4,,47.7,70,0,1,0,45,0,0,29,74,45,29,TENNESSEE,TENNESSEE,53.4,,
123123,Jake Majors,C,0,2025,2025,311,,66.2,79.9,,60.5,65,0,1,0,36,0,0,37,73,36,37,TEXAS,TEXAS,84.1,,
123124,Troy Omeire,WR,0,,2027,110,,53.5,75.7,53.4,60.2,09,0,1,0,0,14,0,12,26,14,12,ARIZONA ST,ARIZONA ST,,,
123125,Logan Parr,G,0,,2026,287,,59,80,,52.6,71,0,1,0,39,0,0,30,69,39,30,SMU,SMU,83.4,,
123158,JJ Sparkman,WR,0,,2025,331,61,60.4,75.7,60,61.3,84,0,1,0,0,15,0,15,30,15,15,UTSA,UTSA,,,
123162,Jayden York,TE,0,,2027,182,,50.8,71.7,53.1,52.8,13,0,1,0,1,4,0,6,11,5,6,HOUSTON,HOUSTON,65.3,,
123211,Reggie Brown,TE,0,,2025,319,,81.6,70.8,58.3,80.8,09,0,1,0,2,2,0,11,15,4,11,TULANE,TULANE,50.4,,
123217,Rashad Green,T,0,,2025,319,,65.1,76.5,,59.6,69,0,1,0,22,0,0,42,64,22,42,TULANE,TULANE,82.3,,
123232,Josh Remetich,G,0,,2025,319,,54.2,78.9,,50.3,68,0,1,0,22,0,0,42,64,22,42,TULANE,TULANE,84.1,,
123238,Phat Watts,WR,0,,2025,319,,52.9,69.8,59.9,47.9,03,0,1,0,0,1,0,6,7,1,6,TULANE,TULANE,,,
123241,Kamdyn Benjamin,WR,0,,2025,320,20.6,46.9,78.4,52.6,60.1,18,0,1,0,0,39,1,32,72,39,33,TULSA,TULSA,,,48.4
123256,Jaden Muskrat,T,0,,2026,115,,80.1,70.8,,79.3,63,0,1,0,3,0,0,9,12,3,9,AUBURN,AUBURN,73.7,,
123265,Dillon Wade,T,0,2026,2026,115,,67.7,77.3,,64.5,52,0,1,0,39,0,0,17,56,39,17,AUBURN,AUBURN,72.7,,
123280,Omarion Dollison,WR,0,,2025,197,62.9,54.6,0,56.3,60,09,1,1,0,0,32,0,44,76,32,44,JAMES MAD,JAMES MAD,,,
123298,Yasias Young,HB,0,,2025,327,68.6,66.4,67.8,60,,23,0,1,0,0,1,4,0,5,1,4,USF,USF,,,65.3
123308,Dan Dishman,TE,0,,2026,331,65,61.9,75.6,63.1,58.1,80,0,1,0,5,18,0,19,42,23,19,UTSA,UTSA,56.3,,
123342,Jordan Brunson,HB,0,,2026,221,17.9,43.1,68.6,,,06,0,1,0,0,0,6,0,6,0,6,MIAMI OH,MIAMI OH,,,46.7
123373,Jahmal Banks,WR,0,2025,2025,238,65.7,60.3,78,59.1,72.6,04,0,1,0,0,37,0,16,53,37,16,NEBRASKA,NEBRASKA,,,
123380,Quinton Cooley,HB,0,,2025,206,76.7,76.3,76.4,55.6,58.5,20,0,1,0,9,8,20,4,41,17,24,LIBERTY,LIBERTY,39,,76.8
123396,Luke Petitbon,C,0,,2026,339,,64.4,0,,65.5,74,2,1,0,48,0,0,28,76,48,28,WAKE,WAKE,84.7,,
123401,George Sell,G,0,,2026,339,,78.4,74.7,,79,77,0,1,0,12,0,0,6,18,12,6,WAKE,WAKE,81.9,,
123418,Preston Fox,WR,0,,2026,343,69.8,53.1,77.3,53.4,61.1,29,0,1,0,0,21,0,7,28,21,7,W VIRGINIA,W VIRGINIA,,,
123420,Garrett Greene,QB,0,2025,2025,343,73.4,64.2,78.1,,60,06,0,1,54,0,0,11,28,93,54,39,W VIRGINIA,W VIRGINIA,,45.3,84
123439,Jordan White,G,0,2026,2026,206,,68.2,80.1,,65.9,53,0,1,0,29,0,0,38,67,29,38,LIBERTY,LIBERTY,79.6,,
123451,Wesley Horton,G,0,,2026,346,,47.5,68.6,57.7,50.3,50,0,1,0,0,1,0,6,7,1,6,W KENTUCKY,W KENTUCKY,,,
123456,Quantavious Leslie,G,0,,2025,346,,62.8,78.8,,57.4,78,0,1,0,31,0,0,20,51,31,20,W KENTUCKY,W KENTUCKY,84,,
123458,David Ndukwe,T,0,,2027,182,,68.3,75.8,,66.4,77,0,1,0,23,0,0,25,48,23,25,HOUSTON,HOUSTON,67.2,,
123472,Noah Whittington,HB,0,2026,2026,264,69.5,60.2,73.2,58.2,60,06,0,1,0,1,9,4,4,18,10,8,OREGON,OREGON,68.1,,60.7
123489,Charlie Norman,HB,0,,2025,209,,60,60,,60,23,0,1,0,0,0,0,1,1,0,1,LA MONROE,LA MONROE,,,
123494,Preston Daniel,TE,0,,2025,221,,58.9,69.1,59.9,60.1,85,0,1,0,0,1,0,6,7,1,6,MIAMI OH,MIAMI OH,,,
123530,Dwayne Allick,G,0,,2026,121,,52.4,75.6,,63.8,53,0,1,0,13,0,0,13,26,13,13,BOSTON COL,BOSTON COL,0,,
123537,Kevin Cline,T,0,2026,2026,121,,56.6,74,,52.4,79,0,1,0,11,0,0,18,29,11,18,BOSTON COL,BOSTON COL,74,,
123542,Taji Johnson,WR,0,,2025,126,,52.7,77.7,52,60.9,11,0,1,0,0,29,0,25,54,29,25,BUFFALO,BUFFALO,,,
123552,Ozzy Trapilo,T,0,2025,2025,121,,64.7,77.2,,60.1,70,0,1,0,41,0,0,37,78,41,37,BOSTON COL,BOSTON COL,70.9,,
123558,Jake Burns,G,0,,2026,122,,70.7,78.5,,68.2,65,0,1,0,25,0,0,32,57,25,32,BOWL GREEN,BOWL GREEN,87.2,,
123561,Gavin Gerhardt,C,0,2026,2026,138,,52.2,0,,57.6,53,1,1,0,24,0,0,35,59,24,35,CINCINNATI,CINCINNATI,45.5,,
123565,Joe Huber,G,0,2025,2025,349,,63.9,79,,63.3,60,1,1,0,35,0,0,31,66,35,31,WISCONSIN,WISCONSIN,63.1,,
123577,Jake Renfro,C,0,,2027,349,,60.1,79.6,,59.8,57,0,1,0,35,0,0,31,66,35,31,WISCONSIN,WISCONSIN,56.9,,
123580,Payten Singletary,TE,1,,2026,327,62.9,57.1,0,60.1,61,88,2,1,0,1,17,0,13,31,18,13,USF,USF,67.9,,
123585,John Williams,T,0,2025,2025,138,,82.1,16.3,,84.1,75,1,1,0,24,0,0,35,59,24,35,CINCINNATI,CINCINNATI,81.8,,
123591,Alex Atcavage,T,0,,2026,165,,58.1,79.1,,58.7,73,0,1,0,46,0,0,25,71,46,25,FAU,FAU,49.4,,
123605,Andre Lamas,G,0,,2025,165,,64.3,79.8,,60.1,67,0,1,0,46,0,0,25,71,46,25,FAU,FAU,73.3,,
123616,LaJohntay Wester,WR,0,2025,2025,143,72.3,70.6,78.8,72.6,41.9,10,0,1,0,0,47,0,16,63,47,16,COLORADO,COLORADO,,,
123625,Rivaldo Fairweather,TE,0,2025,2025,115,62.9,63.2,78.3,60.4,70,13,0,1,0,3,27,0,9,39,30,9,AUBURN,AUBURN,69.8,,
123626,Miles Frazier,G,0,2025,2025,211,,57,79,,51.5,70,0,1,0,44,0,0,23,67,44,23,LSU,LSU,69.2,,
123654,Derek Bowman,T,0,,2026,327,,64.1,75.9,,59.3,62,1,1,0,23,0,0,31,54,23,31,USF,USF,78.1,,
123662,James Faminu,T,0,,2026,306,,60.2,69.1,,58.1,62,0,1,0,3,0,0,3,6,3,3,TEMPLE,TEMPLE,75.4,,
123663,Jacob Garza,LS,0,,2026,182,,60,60,,,S56,0,1,0,1,0,0,0,1,1,0,HOUSTON,HOUSTON,60.5,,
123675,Ugonna Nnanna,G,0,,2026,335,,42.4,0,,48.7,71,1,1,0,21,0,0,16,37,21,16,VIRGINIA,VIRGINIA,29.5,,
123680,Stacy Sneed,HB,0,,2026,182,,38.8,68.9,28.8,60,21,0,1,0,1,5,0,1,7,6,1,HOUSTON,HOUSTON,6.6,,
123682,Trevonte Sylvester,T,0,2026,2026,210,,34.9,74.2,,37.2,70,0,1,0,14,0,0,16,30,14,16,LOUISVILLE,LOUISVILLE,32.1,,
123689,Jabre Barber,WR,0,,2025,312,73.6,59.1,75.6,59.1,58.9,01,0,1,0,0,21,0,5,26,21,5,TEXAS A&M,TEXAS A&M,,,
123695,Bryce Childress,WR,0,,2026,346,64.1,83,71.6,80.1,59.6,05,0,1,0,0,8,0,2,10,8,2,W KENTUCKY,W KENTUCKY,,,
123703,Derrick Graham,T,0,2026,2026,319,,70.1,13.1,,69.7,76,1,1,0,22,0,0,36,58,22,36,TULANE,TULANE,85.3,,
123751,Mike Lofton,C,0,,2026,327,,65.5,74.6,,63.7,65,0,1,0,1,0,0,16,17,1,16,USF,USF,70.3,,
123758,Parker Navarro,QB,0,,2026,259,73.1,90.9,76.5,,60,13,0,1,35,0,0,11,15,61,35,26,OHIO,OHIO,,88.5,75.4
123795,Hampton Ergle,G,0,,2025,156,,52.4,80.7,,57.1,74,0,1,0,45,0,0,39,84,45,39,E CAROLINA,E CAROLINA,22.3,,
123802,Shane Calhoun,TE,0,,2025,312,,39,74.4,32.4,53.1,82,0,1,0,1,13,0,12,26,14,12,TEXAS A&M,TEXAS A&M,67.4,,
123814,Rahjai Harris,HB,0,,2025,156,76.5,85,75.4,63.8,60,47,0,1,0,4,21,19,3,47,25,22,E CAROLINA,E CAROLINA,76.7,,86.6
123816,Taji Hudson,WR,0,,2025,197,,60.1,72.5,59.9,61.1,19,0,1,0,1,1,0,8,10,2,8,JAMES MAD,JAMES MAD,63.1,,
123821,Kerry King,WR,0,,2026,156,,60,63,,60,07,0,1,0,0,0,0,1,1,0,1,E CAROLINA,E CAROLINA,,,
123832,Tyler Savage,TE,0,,2025,156,61,52.4,77.3,56.4,45.9,09,0,1,0,3,16,0,20,39,19,20,E CAROLINA,E CAROLINA,71.5,,
123849,Marcus Carroll,HB,0,,2025,229,65.5,65.7,68.9,,,09,0,1,0,2,0,2,0,4,2,2,MISSOURI,MISSOURI,74.1,,63.5
123850,Ben Chukwuma,T,0,2025,2025,175,,51.6,71.2,,64.5,67,0,1,0,5,0,0,7,12,5,7,GA STATE,GA STATE,0,,
123852,Mason Cook,G,0,,2026,175,,60.5,75.5,,54.1,68,0,1,0,18,0,0,7,25,18,7,GA STATE,GA STATE,83.6,,
123858,Robert Lewis,WR,0,2025,2025,115,,52.9,71.4,54,60,14,0,1,0,0,7,0,1,8,7,1,AUBURN,AUBURN,,,
123874,CJ Daniels,WR,0,2026,2026,211,65,64,79.5,62.2,74.2,04,0,1,0,0,42,0,31,73,42,31,LSU,LSU,,,
123915,Damieon George Jr.,G,0,,2026,163,,57.4,75.7,,52,70,0,1,0,15,0,0,11,26,15,11,FLORIDA,FLORIDA,84,,
123917,Traeshon Holden,WR,0,2025,2025,264,64.1,61,79.1,57.9,77.1,01,0,1,0,0,29,0,34,63,29,34,OREGON,OREGON,,,
123927,Seth McLaughlin,C,0,2025,2025,260,,57.4,78.8,,57.2,56,0,1,0,26,0,0,29,55,26,29,OHIO STATE,OHIO STATE,57.5,,
123963,Jalen St. John,T,0,,2026,325,,67.8,77.9,,62.3,74,0,1,0,39,0,0,42,81,39,42,UNLV,UNLV,78.3,,
123978,Elijah Canion,WR,0,,2026,206,62.9,58,78.3,58.3,56,05,0,1,0,0,26,0,26,52,26,26,LIBERTY,LIBERTY,,,
123992,Tate Johnson,G,0,,2026,115,,69,75.1,53.2,68.2,54,0,1,0,7,3,0,19,29,10,19,AUBURN,AUBURN,76.7,,
124008,Jeremiah Wright,G,0,2026,2026,115,,71.6,78.1,,69.2,77,0,1,0,38,0,0,15,53,38,15,AUBURN,AUBURN,85.6,,
124010,Carson Beck,QB,0,2026,2026,173,71,86.1,27.3,,60,15,2,1,46,0,0,4,26,76,46,30,GEORGIA,GEORGIA,,83.9,72.4
124011,Austin Blaske,C,0,2026,2026,245,,63,80.1,,58.4,58,0,1,0,33,0,0,44,77,33,44,N CAROLINA,N CAROLINA,84.4,,
124034,Tate Ratledge,G,0,2025,2025,173,,55.4,79.5,,47.2,69,0,1,0,46,0,0,30,76,46,30,GEORGIA,GEORGIA,77.5,,
124036,Justin Robinson,WR,0,,2026,343,62.9,55.1,76.8,53.6,77.6,02,0,1,0,0,38,0,16,54,38,16,W VIRGINIA,W VIRGINIA,,,
124039,Arian Smith,WR,0,2025,2025,173,12,52.1,78.1,52.6,57.1,11,1,1,0,0,37,0,18,55,37,18,GEORGIA,GEORGIA,,,
124043,Weston Wallace,G,0,,2026,174,,69.2,73.7,,67.7,79,0,1,0,8,0,0,7,15,8,7,GA SOUTHRN,GA SOUTHRN,79.3,,
124053,Deondre Buford,T,0,,2026,138,,62,14.6,,64.5,56,3,1,0,24,0,0,35,59,24,35,CINCINNATI,CINCINNATI,67.6,,
124084,John Young,G,0,,2025,221,,49.5,78.2,,54.9,71,0,1,0,23,0,0,20,43,23,20,MIAMI OH,MIAMI OH,16.9,,
124091,Marcus Dumervil,T,0,,2026,215,,54.3,75.3,,50,58,0,1,0,35,0,0,6,41,35,6,MARYLAND,MARYLAND,55,,
124098,Xavier Hill,G,0,2026,2026,218,,87,77.3,,90.7,71,0,1,0,40,0,0,35,75,40,35,MEMPHIS,MEMPHIS,61.4,,
124114,Kole Taylor,TE,0,2025,2025,343,65.7,54.8,79.3,54.2,56.9,87,0,1,0,3,47,0,31,81,50,31,W VIRGINIA,W VIRGINIA,70.1,,
124129,Kentrel Bullock,HB,0,2026,2026,288,72.6,60.2,0,58.6,72,03,1,1,0,2,22,9,5,38,24,14,S ALABAMA,S ALABAMA,76.3,,60.5
124154,DJ Thomas-Jones,TE,0,2025,2025,288,64.1,49.6,78,49.7,53.2,08,0,1,0,2,35,0,27,64,37,27,S ALABAMA,S ALABAMA,71,,
124159,Reed Buys,G,0,,2026,288,,55.7,78.9,,52.5,51,0,1,0,38,0,0,26,64,38,26,S ALABAMA,S ALABAMA,61.8,,
124162,Colby Cox,LS,0,,2025,218,,64.5,65.1,74.4,,S42,0,1,0,0,1,0,0,1,1,0,MEMPHIS,MEMPHIS,,,
124179,Woody Marks,HB,0,2025,2025,326,76.5,72.7,76.5,70.4,59.7,04,0,1,0,2,26,19,3,50,28,22,USC,USC,3.2,,72.9
124184,Will Rogers,QB,0,,2025,340,67.4,26.4,74.1,,60,07,0,1,22,0,0,0,11,33,22,11,WASHINGTON,WASHINGTON,,26.4,
124199,Brady Cook,QB,0,2025,2025,229,42.7,65.6,77.1,,60,12,0,1,35,0,0,2,33,70,35,35,MISSOURI,MISSOURI,,64.4,61.6
124205,Drake Heismeyer,C,0,,2025,229,,72.1,3.2,,78.5,69,1,1,0,35,0,0,35,70,35,35,MISSOURI,MISSOURI,39.7,,
124211,Ja'Mori Maclin,WR,0,2026,2026,202,69.9,62.9,75.2,62.7,58.8,09,0,1,0,0,21,0,7,28,21,7,KENTUCKY,KENTUCKY,,,
124222,Mitchell Walters,G,0,,2025,229,,61.3,73.3,,74,75,0,1,0,5,0,0,8,13,5,8,MISSOURI,MISSOURI,0,,
124223,Elijah Young,HB,0,2025,2025,346,73.3,63.7,76,77.6,57.9,03,0,1,0,2,20,10,5,37,22,15,W KENTUCKY,W KENTUCKY,22,,57.7
124246,Vershon Lee,C,0,2025,2025,289,,76,79.6,,73.3,53,0,1,0,38,0,0,31,69,38,31,S CAROLINA,S CAROLINA,70.8,,
124281,Jimmy Holiday,WR,0,2025,2025,208,71.3,49.5,80,47.4,58.6,06,0,1,0,0,17,7,33,57,17,40,LA TECH,LA TECH,,,57.1
124289,Cooper Mays,C,0,,2025,307,,55,80,,59.3,63,0,1,0,45,0,0,29,74,45,29,TENNESSEE,TENNESSEE,36.6,,
124292,R.J. Perry,T,0,,2025,327,,53.2,76.3,,54.4,70,1,1,0,23,0,0,31,54,23,31,USF,USF,45.5,,
124299,Javontez Spraggins,G,0,,2025,307,,66.1,79.4,,65.9,76,0,1,0,45,0,0,29,74,45,29,TENNESSEE,TENNESSEE,66,,
124334,Moose Muhammad III,WR,0,2025,2025,312,61,63.8,72.9,63.2,60.4,07,0,1,0,0,10,0,5,15,10,5,TEXAS A&M,TEXAS A&M,,,
124335,Aki Ogunbiyi,T,0,,2026,312,,64,68.8,,60,74,0,1,0,5,0,0,1,6,5,1,TEXAS A&M,TEXAS A&M,34.1,,
124353,Logan Kyle,TE,0,,2026,197,63.6,55.8,74.5,55.2,58.5,18,0,1,0,1,8,0,4,13,9,4,JAMES MAD,JAMES MAD,65.2,,
124360,Will Sheppard,WR,0,2025,2025,143,13.7,61.9,79.4,61.5,61,14,0,1,0,0,47,0,16,63,47,16,COLORADO,COLORADO,,,
124371,Joshua Braun,G,1,,2026,111,,62.3,0,,65.9,72,1,1,0,34,0,0,26,60,34,26,ARKANSAS,ARKANSAS,67,,
124380,Xzavier Henderson,WR,0,,2025,138,61,51.3,78.4,50.2,60.7,08,0,1,0,0,22,0,33,55,22,33,CINCINNATI,CINCINNATI,,,
124402,Malcolm Johnson Jr.,WR,0,,2025,122,64.1,62.5,78.2,62.5,58.1,01,0,1,0,0,22,0,24,46,22,24,BOWL GREEN,BOWL GREEN,,,
124519,Josh Manning,WR,0,,2028,229,61,63,77.5,60,71.4,00,0,1,0,0,17,0,23,40,17,23,MISSOURI,MISSOURI,,,
124736,Andrew Paul,HB,0,,2027,196,,60.1,66.1,60,60,00,0,1,0,1,1,0,1,3,2,1,JVILLE ST,JVILLE ST,70.3,,
124831,Jake Briningstool,TE,0,2025,2025,140,64.1,49.3,78.7,47.2,63.9,09,0,1,0,3,41,0,18,62,44,18,CLEMSON,CLEMSON,49.2,,
125008,Armand Membou,T,0,2025,2025,229,,87,76.9,,86.1,79,0,1,0,35,0,0,35,70,35,35,MISSOURI,MISSOURI,76.3,,
125155,Jaylin Noel,WR,1,2025,2025,193,70.8,56.5,78,56.6,60.8,13,1,1,1,0,40,0,20,61,41,20,IOWA STATE,IOWA STATE,,58,
125322,James Della Pesca,TE,0,,2025,306,61,51.9,75.3,53.1,52.9,08,0,1,0,9,11,0,24,44,20,24,TEMPLE,TEMPLE,65.4,,
125354,Jacob Dennison,T,0,,2026,259,,61.2,76.4,,51.5,77,0,1,0,35,0,0,26,61,35,26,OHIO,OHIO,82.8,,
125365,Jacob Jenkins,TE,0,,2026,206,64.1,76.5,77.1,76.6,65.6,84,0,1,0,0,24,0,35,59,24,35,LIBERTY,LIBERTY,,,
125373,Will O'Steen,T,0,,2026,196,,75.4,77.7,,75.8,73,0,1,0,34,0,0,44,78,34,44,JVILLE ST,JVILLE ST,62.9,,
125380,Ron Wiggins,HB,0,,2025,196,68.6,63.3,71.4,54.9,60,04,0,1,0,2,6,4,2,14,8,6,JVILLE ST,JVILLE ST,75,,65
125950,Luke Hasz,TE,0,,2028,111,62.9,44.9,0,53.5,47.5,09,1,1,0,3,17,0,24,44,20,24,ARKANSAS,ARKANSAS,71.3,,
126259,Noah Josey,G,0,,2027,335,,56.6,80.2,,59.3,77,0,1,0,42,0,0,28,70,42,28,VIRGINIA,VIRGINIA,36.1,,
127253,Quinn Ewers,QB,0,2025,2025,311,70.5,71.9,77.1,,60,03,0,1,36,0,0,4,33,73,36,37,TEXAS,TEXAS,,70.9,62.2
127306,Owen Allen,HB,0,,2028,101,73.1,66.6,75.2,,50.6,22,0,1,0,1,0,10,8,19,1,18,AIR FORCE,AIR FORCE,70.8,,67.6
127312,Kaden Anderson,QB,0,,2028,351,70.8,51.2,76.3,,60,12,0,1,32,0,0,5,23,60,32,28,WYOMING,WYOMING,,51.1,56.5
127630,Grayson Tempest,WR,0,,2028,320,63.6,61.1,73.4,61.5,55.1,19,0,1,0,0,14,0,9,23,14,9,TULSA,TULSA,,,
127950,Elijah Fisher,G,0,,2026,209,,75.7,78.6,,74.2,58,0,1,0,20,0,0,28,48,20,28,LA MONROE,LA MONROE,84,,
128073,Josh Atwood,C,0,,2025,216,,70.5,79.4,,67.6,60,0,1,0,32,0,0,44,76,32,44,UMASS,UMASS,85.7,,
128082,Jonny Hassard,T,0,,2025,136,,69.9,76.9,,58.3,58,0,1,0,42,0,0,20,62,42,20,CHARLOTTE,CHARLOTTE,87.3,,
128100,Ethan Mottinger,G,0,,2025,216,,61.2,80.3,,57.8,72,0,1,0,32,0,0,44,76,32,44,UMASS,UMASS,78.9,,
128118,Austin Bolt,WR,0,,2025,120,61,62.6,75.5,62,61.7,81,0,1,0,0,12,0,17,29,12,17,BOISE ST,BOISE ST,,,
128119,Latrell Caples,WR,0,,2026,120,66.2,76.5,77.1,75.7,61.2,03,0,1,0,0,24,0,21,45,24,21,BOISE ST,BOISE ST,,,
128130,Herbert Gums,DI,0,,2025,120,,60,63.6,,60,D98,0,1,0,0,0,0,1,1,0,1,BOISE ST,BOISE ST,,,
128163,Dane Olson,WR,0,,2025,144,63.7,61.5,74.1,55.7,43,81,0,1,1,0,6,1,13,21,7,14,COLO STATE,COLO STATE,,71.7,63.2
128204,Tamatoa Mokiao-Atimalala,WR,0,,2025,180,61,59.4,73.9,59.3,59.8,08,0,1,0,0,17,0,6,23,17,6,HAWAII,HAWAII,,,
128215,Maurice Ta'ala,G,0,,2025,180,,39.8,77.7,,45.5,51,0,1,0,25,0,0,10,35,25,10,HAWAII,HAWAII,12,,
128229,Jacob Gardner,C,0,,2025,144,,74.9,78.9,,69.7,75,0,1,0,19,0,0,36,55,19,36,COLO STATE,COLO STATE,83.1,,
128239,Peter Montini,TE,0,,2025,144,62.9,84.3,71.5,92.1,41.1,44,0,1,0,0,2,0,8,10,2,8,COLO STATE,COLO STATE,,,
128240,Avery Morrow,HB,0,,2025,144,74.4,68,75.7,56.3,54.4,25,0,1,0,2,5,13,5,25,7,18,COLO STATE,COLO STATE,74.7,,68.5
128245,Grant Starck,T,0,,2025,265,,73.3,75.1,,71.6,66,0,1,0,31,0,0,14,45,31,14,OREGON ST,OREGON ST,72.9,,
128280,Vincent Santos,TE,0,,2026,241,,52.5,73.3,59.6,52.3,88,0,1,0,6,1,0,16,23,7,16,NEW MEXICO,NEW MEXICO,61,,
128315,Mekhi Shaw,WR,0,,2025,284,63.8,53.5,75.4,53.1,62.5,83,0,1,0,0,19,0,17,36,19,17,S DIEGO ST,S DIEGO ST,,,
128321,Jackson Canaan,TE,0,,2026,285,62.9,57.3,77.1,57.9,54.1,85,0,1,0,0,25,0,12,37,25,12,S JOSE ST,S JOSE ST,,,
128333,Sam Olson,TE,0,,2026,109,61,51.5,79.4,59,37.4,84,0,1,0,4,36,0,22,62,40,22,ARIZONA,ARIZONA,73.1,,
128343,Kaleo Ballungay,TE,0,,2025,325,64.1,65.2,78.6,66.2,59.6,19,0,1,0,3,28,0,25,56,31,25,UNLV,UNLV,48.3,,
128352,Dylan Downing,HB,0,,2025,221,71.3,76.4,69.9,,60,02,0,1,0,6,0,7,1,14,6,8,MIAMI OH,MIAMI OH,79.8,,72.4
128355,Zyell Griffin,WR,0,,2026,160,61,48.4,74.8,49.2,60.9,06,0,1,0,0,10,0,7,17,10,7,E MICHIGAN,E MICHIGAN,,,
128371,Tiger Shanks,T,0,,2025,325,,57.8,77.6,57.7,51.7,70,0,1,0,38,1,0,42,81,39,42,UNLV,UNLV,79.3,,
128374,Kyle Williams,WR,0,2025,2025,341,67.5,88.5,78.3,88.3,60.8,02,0,1,0,0,38,0,27,65,38,27,WASH STATE,WASH STATE,,,
128393,Cole Motes,T,0,,2025,329,,53.8,77.4,,58.3,56,0,1,0,39,0,0,33,72,39,33,UTAH ST,UTAH ST,37.2,,
128399,Josh Sterzer,TE,0,,2026,329,66.7,77.2,78.7,76.2,70.6,83,0,1,0,1,26,0,25,52,27,25,UTAH ST,UTAH ST,67.4,,
128410,Caleb Driskill,TE,0,,2025,351,,54,71.8,56.1,55.1,36,0,1,0,2,2,0,9,13,4,9,WYOMING,WYOMING,66,,
128422,Nick Miles,TE,0,,2025,351,61,41.8,74.9,37,52.7,86,0,1,0,2,17,0,19,38,19,19,WYOMING,WYOMING,68.2,,
128426,Will Pelissier,WR,0,,2025,351,64.1,69.2,76.4,71.3,44.9,83,0,1,0,0,16,0,20,36,16,20,WYOMING,WYOMING,,,
128427,Emmanuel Pregnon,G,0,2026,2026,326,,55.2,80,,53.6,70,0,1,0,38,0,0,30,68,38,30,USC,USC,55.6,,
128438,Nofoafia Tulafono,C,0,,2025,351,,59.3,79.2,,54.7,77,0,1,0,32,0,0,28,60,32,28,WYOMING,WYOMING,79.4,,
128441,Malik Williams,T,0,,2026,285,,44.1,77.5,,44.1,70,0,1,0,53,0,0,20,73,53,20,S JOSE ST,S JOSE ST,40.4,,
129394,Jamoi Mayes,WR,0,2025,2025,138,67.5,53,77.4,52.4,59.3,10,0,1,0,0,21,0,25,46,21,25,CINCINNATI,CINCINNATI,,,
129398,Shamar Sandgren,WR,0,,2025,288,64.1,67.3,75.4,66.7,60.2,15,0,1,0,0,15,0,10,25,15,10,S ALABAMA,S ALABAMA,,,
129418,Reggie Love III,HB,0,,2025,273,71.3,56.5,71.5,57.7,60,23,0,1,0,3,3,7,1,14,6,8,PURDUE,PURDUE,40.6,,57.9
129434,Kahlil Benson,G,0,2026,2026,143,,57.4,0,,61.7,67,1,1,0,14,0,0,7,21,14,7,COLORADO,COLORADO,82.5,,
129450,Charlie Spegal,HB,0,,2026,117,62.5,58.4,67.8,59.7,59.6,32,0,1,0,0,1,1,2,4,1,3,BALL ST,BALL ST,,,59.7
129478,Liam Reardon,LS,0,,2026,102,,60,64.7,,60,S49,0,1,0,0,0,0,2,2,0,2,AKRON,AKRON,,,
129483,Diante Vines,WR,0,,2025,263,65,74.1,78.5,74,58.4,00,0,1,0,0,28,0,31,59,28,31,DOMINION,DOMINION,,,
129488,Gavin Williams,HB,0,,2025,254,73.4,66.6,78,66.7,56.3,21,0,1,0,2,11,10,7,30,13,17,N ILLINOIS,N ILLINOIS,88,,65.7
129501,Isaac Bunyun,G,0,,2025,215,,56.5,78.7,,64.8,57,0,1,0,40,0,0,8,48,40,8,MARYLAND,MARYLAND,29.6,,
129504,Corey Dyches,TE,0,,2025,130,62.9,67.3,75.8,68.4,47.2,10,0,1,0,6,15,0,9,30,21,9,CAL,CAL,74.2,,
129575,Eamonn Dennis,WR,0,,2026,259,67.7,61.4,0,63.2,60.6,10,1,1,0,0,9,2,5,16,9,7,OHIO,OHIO,,,63.1
129580,A.J. Henning,WR,0,2025,2025,256,70.1,65,78,63.3,60.3,08,0,1,0,0,40,1,15,56,40,16,NWESTERN,NWESTERN,,,63.4
129581,Matthew Hibner,TE,0,2026,2026,287,,52.3,78.7,49.9,55.3,88,0,1,0,6,24,0,23,53,30,23,SMU,SMU,82.1,,
129602,Dan Villari,TE,0,2026,2026,304,61,65.4,0,77.1,57.9,89,1,1,0,0,3,0,7,10,3,7,SYRACUSE,SYRACUSE,,,
129607,Sebastian Brown,WR,0,,2026,201,,57.2,72.5,57.2,60.1,85,0,1,0,0,4,0,8,12,4,8,KENT STATE,KENT STATE,,,
129616,Montorie Foster Jr.,WR,0,2025,2025,223,73.4,64.6,80.8,65.2,57.7,03,0,1,0,1,42,1,20,64,43,21,MICH STATE,MICH STATE,33,,59.4
129625,Terry Lockett Jr.,WR,0,,2026,160,61,51.5,78.5,51.1,61.9,03,0,1,0,0,38,0,26,64,38,26,E MICHIGAN,E MICHIGAN,,,
129634,Jordon Simmons,HB,0,,2026,102,74.1,56.2,75.1,46.5,59,08,0,1,0,7,30,12,3,52,37,15,AKRON,AKRON,82.4,,57.7
129639,Ricky White,WR,0,2025,2025,325,65.7,68,78.4,67.5,61.3,11,1,1,0,0,25,0,25,50,25,25,UNLV,UNLV,,,
129648,Doug Emilien,WR,0,,2026,198,,55.2,70.9,57.2,55.7,05,0,1,0,0,3,0,5,8,3,5,KANSAS,KANSAS,,,
129669,Ky Thomas,HB,0,,2026,201,75.5,70,76.8,53.6,58.5,03,0,1,0,9,14,16,4,43,23,20,KENT STATE,KENT STATE,81.9,,70.5
129676,Nate Boerkircher,TE,0,2026,2026,238,61,76.6,74.6,62.4,83,87,0,1,0,1,14,0,13,28,15,13,NEBRASKA,NEBRASKA,67.4,,
129705,Sevion Morrison,HB,0,,2027,198,62.5,70,63.4,,,28,0,1,0,0,0,1,0,1,0,1,KANSAS,KANSAS,,,63.4
129732,Cameron Porter,HB,0,,2026,256,73.2,63,76.4,61,48,01,0,1,0,10,20,10,5,45,30,15,NWESTERN,NWESTERN,25.1,,70.6
129740,Ben Wrather,T,0,,2025,256,,28.5,76.7,,32.9,71,0,1,0,46,0,0,21,67,46,21,NWESTERN,NWESTERN,14.7,,
129745,Julian Fleming,WR,0,,2025,266,,54.8,73.2,54.7,59.6,03,0,1,0,1,8,0,7,16,9,7,PENN STATE,PENN STATE,62.1,,
129746,Josh Fryar,T,0,2025,2025,260,,58,75.9,,59.7,70,0,1,0,26,0,0,29,55,26,29,OHIO STATE,OHIO STATE,48.5,,
129747,Patrick Gurd,TE,0,2026,2026,260,,59.2,72.1,,58.4,49,0,1,0,0,0,0,5,5,0,5,OHIO STATE,OHIO STATE,,,
129756,Gee Scott Jr.,TE,0,2025,2025,260,61,74.7,76.6,67.7,79,88,0,1,0,2,14,0,13,29,16,13,OHIO STATE,OHIO STATE,73.1,,
129773,Nick Dawkins,C,0,2026,2026,266,,61.4,0,,61.8,53,1,1,0,22,0,0,19,41,22,19,PENN STATE,PENN STATE,83.2,,
129789,KeAndre Lambert-Smith,WR,0,2025,2025,115,66.2,68.9,79.7,72.1,34.8,05,0,1,0,0,33,0,14,47,33,14,AUBURN,AUBURN,,,
129791,Malick Meiga,WR,0,2026,2026,141,,60,66.2,,60,09,0,1,0,0,0,0,2,2,0,2,COAST CAR,COAST CAR,,,
129798,Tyler Warren,TE,0,2025,2025,266,69.8,86.4,77.7,87.8,46.1,44,0,1,0,1,19,3,14,37,20,17,PENN STATE,PENN STATE,33,,75.6
129807,Maliq Carr,TE,0,,2025,182,61,54.2,76.6,51.8,65.2,06,0,1,0,7,16,0,24,47,23,24,HOUSTON,HOUSTON,32.4,,
129812,Ben Furtney,TE,0,,2025,273,,36.6,69.1,44.7,57.8,41,0,1,0,0,2,0,2,4,2,2,PURDUE,PURDUE,,,
129814,Gus Hartwig,C,0,2025,2025,273,,67.9,78.4,,63.4,53,0,1,0,28,0,0,22,50,28,22,PURDUE,PURDUE,79,,
129819,Josh Kaltenberger,C,0,2025,2025,215,,68.6,0,,68.8,70,1,1,0,37,0,0,18,55,37,18,MARYLAND,MARYLAND,80.7,,
129832,Andrew Sowinski,WR,0,,2025,273,71.1,55.8,71.2,56.9,54.3,26,0,1,0,1,7,0,4,12,8,4,PURDUE,PURDUE,63.9,,
129876,Tunde Fatukasi,T,0,,2026,122,,51.2,6.2,,50.9,55,1,1,0,25,0,0,24,49,25,24,BOWL GREEN,BOWL GREEN,75,,
129890,Kamar Missouri,T,0,2026,2026,331,,52.7,76.6,,58.4,55,0,1,0,34,0,0,25,59,34,25,UTSA,UTSA,36.1,,
129891,Kyle Monangai,HB,0,2025,2025,278,78,67.1,76.4,57.5,59.3,05,0,1,0,9,15,25,7,56,24,32,RUTGERS,RUTGERS,69.9,,66.9
129899,Hollin Pierce,T,0,2025,2025,278,,90.3,77.3,,91.5,72,0,1,0,33,0,0,36,69,33,36,RUTGERS,RUTGERS,66.2,,
129906,Evan Simon,QB,0,,2026,306,71.7,66.4,77.6,,60,12,0,1,47,0,0,6,30,83,47,36,TEMPLE,TEMPLE,,69.8,52.5
129912,Dylan Barrett,G,0,2026,2026,193,,58.9,79.6,,51.2,61,0,1,0,39,0,0,23,62,39,23,IOWA STATE,IOWA STATE,89,,
129918,Chimere Dike,WR,0,2025,2025,163,66.2,64,77.3,61.7,80.6,17,0,1,0,0,27,0,15,42,27,15,FLORIDA,FLORIDA,,,
129927,Jack Nelson,T,0,2025,2025,349,,71.6,77.2,,71.1,79,1,1,0,35,0,0,31,66,35,31,WISCONSIN,WISCONSIN,65.1,,
129928,Riley Nowakowski,TE,0,2026,2026,349,,57.2,74.5,50.1,62.7,37,0,1,0,2,11,0,24,37,13,24,WISCONSIN,WISCONSIN,69.3,,
129940,Jonah Dalmas,K,0,,2025,120,,56.3,60,55.3,,S35,0,1,0,0,1,0,0,1,1,0,BOISE ST,BOISE ST,,,
130283,Ronan Chambers,T,0,,2025,115,,72,72.4,,69.1,74,0,1,0,11,0,0,9,20,11,9,AUBURN,AUBURN,78,,
130285,Sean Conroy,S,0,,2025,102,,60,60,,60,D44,0,1,0,0,0,0,1,1,0,1,AKRON,AKRON,,,
130291,Tony Georges,C,0,,2025,201,,49.3,79.6,,46.5,63,0,1,0,37,0,0,29,66,37,29,KENT STATE,KENT STATE,66.9,,
130299,DiMarco Johnson,S,0,,2026,102,,60,60,,60,D18,0,1,0,0,0,0,1,1,0,1,AKRON,AKRON,,,
130322,Nate Williams,T,0,,2025,284,,63.8,75.5,,56,74,0,1,0,24,0,0,26,50,24,26,S DIEGO ST,S DIEGO ST,83.4,,
130330,Ethan Crowe,C,0,,2025,117,,63.8,79.9,,57.4,54,0,1,0,42,0,0,32,74,42,32,BALL ST,BALL ST,84.8,,
130339,Qian Magwood,WR,0,,2026,117,,56,66.9,57.3,60,05,0,1,0,0,2,0,1,3,2,1,BALL ST,BALL ST,,,
130342,Kevin Meeder,G,0,,2025,117,,54.5,79.1,,47.9,71,0,1,0,38,0,0,32,70,38,32,BALL ST,BALL ST,81.4,,
130349,Corey Stewart,T,0,2025,2025,273,,60,76.3,,60.7,71,1,1,0,32,0,0,23,55,32,23,PURDUE,PURDUE,54.2,,
130363,Levi Gazarek,TE,0,,2025,122,,52.6,73.8,48,63.8,10,0,1,0,2,11,0,17,30,13,17,BOWL GREEN,BOWL GREEN,32.4,,
130368,Ta'ron Keith,HB,0,,2025,327,73.3,68.6,72.6,64.4,59.4,09,0,1,0,2,3,10,3,18,5,13,USF,USF,72.2,,67.2
130386,Terion Stewart,HB,0,2026,2026,122,75.2,88,74.3,70.8,60,04,0,1,0,0,7,15,1,23,7,16,BOWL GREEN,BOWL GREEN,,,84.3
130396,Alex Wollschlaeger,T,0,2026,2026,122,,83.2,76.1,,80.7,50,0,1,0,25,0,0,32,57,25,32,BOWL GREEN,BOWL GREEN,78.4,,
130407,Tyler Doty,G,0,,2026,126,,74.1,79.7,,71.7,78,1,1,0,44,0,0,41,85,44,41,BUFFALO,BUFFALO,87.2,,
130408,Michael Ford Jr.,G,0,,2025,198,,63.2,79.1,59.1,60.4,54,0,1,0,21,1,0,30,52,22,30,KANSAS,KANSAS,84.9,,
130457,Jere Getzinger,TE,0,,2025,160,,52.2,78.2,49.9,63.8,83,0,1,0,1,21,0,20,42,22,20,E MICHIGAN,E MICHIGAN,67.3,,
130473,Mickey Rewolinski,G,0,,2026,160,,66.6,79.8,,62.9,63,0,1,0,38,0,0,26,64,38,26,E MICHIGAN,E MICHIGAN,81.8,,
130489,Marquez Cooper,HB,0,,2025,284,78.4,69.3,76.6,67.1,60,15,0,1,0,3,27,27,2,59,30,29,S DIEGO ST,S DIEGO ST,18.2,,69.3
130491,Luke Floriea,WR,0,2025,2025,201,70.5,63.3,78.6,63.3,58.6,00,0,1,0,0,35,0,25,60,35,25,KENT STATE,KENT STATE,,,
130505,Savion Washington,T,0,2025,2025,304,,69.5,77.8,,60.8,77,0,1,0,54,0,0,34,88,54,34,SYRACUSE,SYRACUSE,81.8,,
130517,Kevin Davis,HB,0,,2025,221,28.2,62.2,70.1,40,,08,0,1,0,3,2,5,0,10,5,5,MIAMI OH,MIAMI OH,76.7,,73.9
130520,Reid Holskey,T,0,2025,2025,221,,76.1,75.4,,74.7,56,0,1,0,24,0,0,25,49,24,25,MIAMI OH,MIAMI OH,68.3,,
130523,Charlie Nank,C,0,,2025,221,,64.1,78.1,,66.2,77,0,1,0,21,0,0,25,46,21,25,MIAMI OH,MIAMI OH,39.3,,
130545,John Champe,G,0,,2025,254,,64.3,78.6,,61.4,76,0,1,0,19,0,0,35,54,19,35,N ILLINOIS,N ILLINOIS,83.6,,
130550,Jay Ducker,HB,0,,2026,281,76.2,74.1,75.9,62.6,75.4,09,0,1,0,14,11,18,8,51,25,26,SM HOUSTON,SM HOUSTON,65.7,,71.9
130577,Trayvon Rudolph,WR,0,2026,2026,254,68.5,66,76.4,56.5,59.6,03,0,1,1,0,16,2,20,39,17,22,N ILLINOIS,N ILLINOIS,,76.6,70.3
130578,Matt Schooley,C,0,,2025,254,,68,77,,64.7,64,0,1,0,8,0,0,25,33,8,25,N ILLINOIS,N ILLINOIS,80.9,,
130583,Jacob Waskow,DI,0,,2025,254,,60,60,,60,D96,0,1,0,0,0,0,2,2,0,2,N ILLINOIS,N ILLINOIS,,,
130584,Harrison Waylee,HB,0,,2026,351,72.5,58.7,73.4,55.7,60,04,0,1,0,0,8,9,1,18,8,10,WYOMING,WYOMING,,,59.3
130585,Jack Wilty,G,0,,2026,327,,52.8,70.7,,51.8,78,0,1,0,1,0,0,9,10,1,9,USF,USF,70.4,,
130593,Joseph Habinowski,G,0,,2026,259,,54.5,69.8,,54.8,73,0,1,0,0,0,0,4,4,0,4,OHIO,OHIO,,,
130613,DeMeer Blankumsee,WR,0,2025,2025,218,62.9,60,76.9,55.5,79.3,00,0,1,0,0,30,0,25,55,30,25,MEMPHIS,MEMPHIS,,,
130634,Larry Stephens III,WR,0,,2026,316,,55.7,73.4,56,60.5,09,0,1,0,0,6,0,5,11,6,5,TOLEDO,TOLEDO,,,
130653,Kaevion Mack,WR,0,,2026,347,,60,66.2,,60,24,0,1,0,0,0,0,2,2,0,2,W MICHIGAN,W MICHIGAN,,,
130663,Anthony Sambucci,WR,0,,2025,347,63.7,57.5,78,55,76.6,05,0,1,1,0,37,0,28,66,38,28,W MICHIGAN,W MICHIGAN,,52.8,
131396,Shedeur Sanders,QB,0,2025,2025,143,38.3,80.8,76.8,60,60,02,0,1,48,0,1,2,14,65,49,16,COLORADO,COLORADO,,86.4,45.4
131560,Josh Baker,C,0,,2025,109,,57.8,79.7,,56.3,75,0,1,0,43,0,0,27,70,43,27,ARIZONA,ARIZONA,60.6,,
131577,Jalen John,HB,0,,2026,216,75.2,83.1,73.6,58.6,59.9,21,0,1,0,2,2,15,3,22,4,18,UMASS,UMASS,70.3,,79.6
131582,Tyler Loop,K,0,2025,2025,109,,60,60,,60,S33,0,1,0,0,0,0,1,1,0,1,ARIZONA,ARIZONA,,,
131588,Roberto Miranda,TE,0,,2025,109,,57,68,,56.6,85,0,1,0,0,0,0,6,6,0,6,ARIZONA,ARIZONA,,,
131603,Elijhah Badger,WR,0,2025,2025,163,66.2,88.4,75.9,87.6,52.1,06,0,1,0,0,23,0,12,35,23,12,FLORIDA,FLORIDA,,,
131606,LV Bunkley-Shelton,WR,0,,2025,174,,56.5,74,52.9,77.6,04,0,1,0,0,16,0,8,24,16,8,GA SOUTHRN,GA SOUTHRN,,,
131623,Daniyel Ngata,HB,0,,2025,340,65.6,60,63.3,,60,21,0,1,0,0,0,0,1,1,0,1,WASHINGTON,WASHINGTON,,,
131631,Chip Trayanum,HB,0,2026,2026,202,71.9,71,73.7,53.6,60,04,0,1,0,2,11,8,1,22,13,9,KENTUCKY,KENTUCKY,72.4,,73
131638,Ender Aguilar,G,0,,2026,320,,50.6,78.5,,55.6,50,0,1,0,35,0,0,21,56,35,21,TULSA,TULSA,20.7,,
131639,Andy Alfieri,ED,0,,2026,265,,60,63.3,,60,D88,1,1,0,0,0,0,1,1,0,1,OREGON ST,OREGON ST,,,
131650,Jeremiah Hunter,WR,0,,2025,340,62.9,60.9,78.1,58,77.1,06,0,1,0,0,24,0,17,41,24,17,WASHINGTON,WASHINGTON,,,
131671,Chris Carpenter,WR,0,,2025,331,71.2,51.8,80.4,51.4,62.7,05,0,1,0,0,42,1,27,70,42,28,UTSA,UTSA,,,59.5
131673,Gerad Lichtenhan,T,0,2025,2025,265,,58.6,75.6,,53.8,71,0,1,0,31,0,0,14,45,31,14,OREGON ST,OREGON ST,63.6,,
131682,Michael Harrison,TE,0,,2025,284,61,56.5,77,61.9,40.9,87,0,1,0,1,25,0,16,42,26,16,S DIEGO ST,S DIEGO ST,67.3,,
131686,Montana Lemonious-Craig,WR,0,2025,2025,109,,59.2,66.8,60,60,05,0,1,0,0,1,0,1,2,1,1,ARIZONA,ARIZONA,,,
131713,Kris Hutson,WR,0,,2026,341,65,64.4,77,64,60.5,01,0,1,0,0,32,0,17,49,32,17,WASH STATE,WASH STATE,,,
131714,Jaylan Jeffers,T,0,,2028,324,,50,0,,61,77,1,1,0,12,0,0,10,22,12,10,UCLA,UCLA,43.9,,
131748,Jake Overman,TE,0,,2026,268,61,63,72.9,64.3,55.9,87,0,1,0,0,13,0,5,18,13,5,PITTSBURGH,PITTSBURGH,,,
131766,Lance Keneley,ED,0,,2025,109,,60,60,,60,D90,1,1,0,0,0,0,1,1,0,1,ARIZONA,ARIZONA,,,
131771,Connor McLaughlin,T,0,,2026,300,,60,64.1,,60,71,0,1,0,0,0,0,1,1,0,1,STANFORD,STANFORD,,,
131782,EJ Smith,HB,0,2026,2026,312,75.2,65,76.5,53.8,,22,0,1,0,6,21,15,0,42,27,15,TEXAS A&M,TEXAS A&M,79.7,,66.5
131786,Benjamin Yurosek,TE,0,2025,2025,173,65.7,75.9,75.8,67.9,76,84,0,1,0,3,20,0,19,42,23,19,GEORGIA,GEORGIA,70.4,,
131801,Logan Loya,WR,0,,2026,324,68.7,55.8,76.5,56.2,54.1,17,0,1,0,0,33,0,5,38,33,5,UCLA,UCLA,,,
131819,Gary Bryant Jr.,WR,0,,2026,264,72.6,53.7,75.9,53.8,59.2,02,0,1,0,0,19,0,13,32,19,13,OREGON,OREGON,,,
131826,Courtland Ford,T,0,2026,2026,202,,65.6,74.9,,59.5,74,0,1,0,22,0,0,14,36,22,14,KENTUCKY,KENTUCKY,76.2,,
131845,Bryson Barnes,QB,0,,2026,329,69.7,60.3,72.2,,60,16,0,1,4,0,0,5,10,19,4,15,UTAH ST,UTAH ST,,64.8,57.6
131859,Jaren Kump,C,0,2026,2026,328,,62.7,79.9,,54.6,68,0,1,0,50,0,0,22,72,50,22,UTAH,UTAH,82.6,,
131879,Tanoa Togiai,G,0,2026,2026,328,,71.2,78.6,,77,73,0,1,0,30,0,0,16,46,30,16,UTAH,UTAH,49.3,,
131896,Ethan Garbers,QB,0,2025,2025,324,70.5,63.4,77.7,,60,04,0,1,60,0,0,1,19,80,60,20,UCLA,UCLA,,56.8,72.5
131906,Gaard Memmelaar,G,1,,2028,340,,48.4,0,,44.9,64,1,1,0,26,0,0,13,39,26,13,WASHINGTON,WASHINGTON,84.2,,
131911,Mark Redman,TE,0,2025,2025,210,65,65.2,78.3,61.9,65.6,83,0,1,0,5,33,0,24,62,38,24,LOUISVILLE,LOUISVILLE,74.3,,
131915,Sav'ell Smalls,TE,0,,2026,143,61,52.2,73.1,51.1,58,31,0,1,0,0,14,0,5,19,14,5,COLORADO,COLORADO,,,
131930,Fa'alili Fa'amoe,T,0,,2026,341,,52.6,17.5,,46.2,79,2,1,0,40,0,0,29,69,40,29,WASH STATE,WASH STATE,79.2,,
131934,Joey Hobert,WR,0,,2025,314,19.6,79,74,77.5,59.6,10,0,1,0,0,21,0,8,29,21,8,TEXAS ST,TEXAS ST,,,
131938,Devin Kylany,C,0,,2026,341,,76.1,79.7,,73,70,0,1,0,40,0,0,29,69,40,29,WASH STATE,WASH STATE,73.2,,
131944,Cooper Mathers,TE,0,,2025,341,62.9,75.1,77.2,72.6,68,24,0,1,0,6,21,0,22,49,27,22,WASH STATE,WASH STATE,73.3,,
131959,Rodrick Tialavea,G,0,,2026,341,,57.7,78.4,,53.2,57,0,1,0,28,0,0,17,45,28,17,WASH STATE,WASH STATE,71.2,,
131961,Jay Wilkerson,WR,0,,2027,208,61,60.6,69.9,60.5,59.5,47,0,1,0,0,2,0,2,4,2,2,LA TECH,LA TECH,,,
132046,Kaidon Salter,QB,0,,2026,206,30,93.4,76.9,,60,07,0,1,29,0,0,4,34,67,29,38,LIBERTY,LIBERTY,,91.8,80.9
132974,Sackett Wood Jr.,TE,0,,2025,335,,36,0,39.8,56.4,44,1,1,0,0,7,0,6,13,7,6,VIRGINIA,VIRGINIA,,,
133066,Dylan Howell,ED,0,,2026,209,,60,60,,60,D41,0,1,0,0,0,0,1,1,0,1,LA MONROE,LA MONROE,,,
133127,Walter Young Bear,G,0,,2026,320,,57.5,80.5,,60.7,54,0,1,0,42,0,0,33,75,42,33,TULSA,TULSA,32.7,,
133226,Nash Jones,G,0,2025,2025,314,,67.1,79.4,,64.8,76,0,1,0,39,0,0,18,57,39,18,TEXAS ST,TEXAS ST,75.7,,
133616,Rodney Harris II,WR,0,,2027,259,61,56.3,0,58.5,61,11,1,1,0,0,28,0,20,48,28,20,OHIO,OHIO,,,
133796,Isaiah Myers,WR,0,,2027,136,65,71.5,76.6,70.3,61.3,02,0,1,0,0,27,0,7,34,27,7,CHARLOTTE,CHARLOTTE,,,
134899,Mathyus Su'a,G,1,,2026,325,,63.8,0,,67,78,1,1,0,20,0,0,17,37,20,17,UNLV,UNLV,85,,
137997,Bryson Broadway,T,1,,2025,174,,44.6,7.1,,48.3,75,1,1,0,33,0,0,22,55,33,22,GA SOUTHRN,GA SOUTHRN,52.3,,
138046,D.J. Jones,T,0,,2025,321,,70.2,77,59.7,58.7,78,0,1,0,48,1,0,17,66,49,17,UAB,UAB,87.5,,
138241,Easton Kilty,T,0,2025,2025,199,,74.5,77.2,,69.4,71,0,1,0,45,0,0,24,69,45,24,KANSAS ST,KANSAS ST,79.4,,
138317,Nate Sullivan Jr.,TE,0,,2026,209,61,43.9,77.6,54.4,35.4,80,0,1,0,4,12,0,24,40,16,24,LA MONROE,LA MONROE,69.6,,
138463,Cole Potts,G,0,,2025,197,,49.9,79.7,,42.7,66,0,1,0,34,0,0,46,80,34,46,JAMES MAD,JAMES MAD,86.8,,
138489,Larenzo McMillan,WR,0,,2026,242,67.1,50.8,70.3,58.2,59.5,16,0,1,0,0,3,1,3,7,3,4,NEW MEX ST,NEW MEX ST,54.1,,57.7
139318,Tyrese Brown,HB,0,,2025,314,,60,63.4,,60,30,0,1,0,0,0,0,1,1,0,1,TEXAS ST,TEXAS ST,,,
139386,Jaylon Jackson,HB,0,,2025,193,67.5,56.8,71.6,55.7,,12,0,1,0,1,10,1,0,12,11,1,IOWA STATE,IOWA STATE,65.5,,59.6
139543,Ethan Hagler,C,0,,2026,281,,64,80,,60.6,57,0,1,0,40,0,0,37,77,40,37,SM HOUSTON,SM HOUSTON,73.6,,
141259,Quali Conley,HB,0,2025,2025,109,73.7,79.3,77.6,58.4,60,07,0,1,0,9,24,11,3,47,33,14,ARIZONA,ARIZONA,58.8,,87.4
141266,Nick Floyd,HB,0,,2026,329,69.7,74.5,70.2,,60,24,0,1,0,0,0,5,2,7,0,7,UTAH ST,UTAH ST,,,71.6
141493,Xavier Robinson,LB,0,,2025,175,,60,60,,60,D33,0,1,0,0,0,0,1,1,0,1,GA STATE,GA STATE,,,
141590,Xavier Guillory,WR,0,2025,2025,110,61,52.4,78.1,52.2,60.8,01,0,1,0,0,30,0,19,49,30,19,ARIZONA ST,ARIZONA ST,,,
141684,Austin Leausa,G,0,,2026,128,,61.3,78.8,,56,55,0,1,0,31,0,0,32,63,31,32,BYU,BYU,87.9,,
141701,Mata'ava Ta'ase,TE,0,,2025,128,64.1,68.2,74.7,71.6,57.2,88,0,1,0,6,7,0,18,31,13,18,BYU,BYU,72.2,,
141735,Kisean Johnson,WR,0,2025,2025,346,65,56.4,79.7,58.1,45.3,00,0,1,0,0,30,0,19,49,30,19,W KENTUCKY,W KENTUCKY,,,
141839,Shomari Lawrence,HB,0,,2026,166,71.9,72.4,76.4,55.5,58.2,00,0,1,0,14,7,8,6,35,21,14,FIU,FIU,33.8,,77.5
141877,Connor Briggs,TE,0,,2025,221,,60.9,70.7,,60.7,04,0,1,0,0,0,0,9,9,0,9,MIAMI OH,MIAMI OH,,,
141881,Dominic Serapiglia III,C,0,,2025,134,,59,78.8,,54.3,63,0,1,0,28,0,0,27,55,28,27,C MICHIGAN,C MICHIGAN,82.3,,
142023,Michael Pettway,WR,0,,2026,196,69.9,68.1,76.3,69.4,59.9,02,0,1,0,0,21,1,18,40,21,19,JVILLE ST,JVILLE ST,,,57.9
142085,Kenneth Womack,WR,0,,2025,347,67,69.8,79.7,69.5,68.7,09,0,1,0,0,37,1,25,63,37,26,W MICHIGAN,W MICHIGAN,,,57.5
142259,Tyler Pastula,P,0,,2025,284,61.8,50.9,70.3,,,S13,0,1,2,0,0,0,0,2,2,0,S DIEGO ST,S DIEGO ST,,49.9,
142276,Freddie Brock IV,HB,0,,2026,175,73.6,54.9,75.1,42.7,60,25,0,1,0,3,19,11,1,34,22,12,GA STATE,GA STATE,15.6,,60.4
142483,Davon Wells,WR,0,,2025,209,65.1,56.2,72.8,56.2,59,03,0,1,0,0,7,0,12,19,7,12,LA MONROE,LA MONROE,,,
142567,Tyler Huff,QB,0,,2025,196,46.9,71.5,77.3,,60,06,0,1,34,0,0,17,27,78,34,44,JVILLE ST,JVILLE ST,,68.7,65.9
142933,Tony Muskett,QB,0,,2025,335,68.3,70.3,74,,60,07,0,1,18,0,0,2,11,31,18,13,VIRGINIA,VIRGINIA,,66.9,65.8
142935,Dymere Miller,WR,0,2025,2025,278,67.1,80.1,76.8,80.3,59.3,00,0,1,0,0,33,0,32,65,33,32,RUTGERS,RUTGERS,,,
142968,Ajani Cornelius,T,0,2025,2025,264,,62.3,19.4,,69.2,65,1,1,0,36,0,0,37,73,36,37,OREGON,OREGON,52.8,,
143066,Luke Newman,G,0,2025,2025,223,,62,3.7,,58.5,70,1,1,0,48,0,0,22,70,48,22,MICH STATE,MICH STATE,89.3,,
143233,Grant Hidalgo,TE,0,,2026,115,,59.9,64.1,59.8,,47,0,1,0,0,1,0,0,1,1,0,AUBURN,AUBURN,,,
143757,D'Angalo Titialii,C,0,,2025,340,,54.9,79,,61.9,75,0,1,0,33,0,0,26,59,33,26,WASHINGTON,WASHINGTON,23.6,,
143759,Nate Bennett,WR,0,,2025,284,61,54.6,76.7,54.1,61.8,11,0,1,0,0,17,0,22,39,17,22,S DIEGO ST,S DIEGO ST,,,
143817,Lewis Bond,WR,0,2026,2026,121,62.9,55.8,78.8,54.7,64.8,11,0,1,0,0,39,0,33,72,39,33,BOSTON COL,BOSTON COL,,,
143829,Drew Kendall,C,0,2025,2025,121,,74.1,80.1,,71,66,0,1,0,41,0,0,37,78,41,37,BOSTON COL,BOSTON COL,72.2,,
143833,Luke McLaughlin,WR,0,,2026,121,,60,63.9,,59.9,83,0,1,0,0,0,0,1,1,0,1,BOSTON COL,BOSTON COL,,,
143844,Jaden Williams,WR,0,,2025,314,64.1,64.3,78.4,63.7,61.8,00,0,1,0,0,29,0,12,41,29,12,TEXAS ST,TEXAS ST,,,
143862,Riley Leonard,QB,0,2025,2025,258,70.8,57.1,77.2,,60,13,0,1,41,0,0,4,30,75,41,34,NOTRE DAME,NOTRE DAME,,56.5,58.4
143876,CJ Campbell,HB,0,,2027,165,76.8,63.8,76.3,58.8,59.5,05,0,1,0,8,31,20,2,61,39,22,FAU,FAU,21.7,,67.6
143891,Rod Orr Jr.,T,0,,2027,316,,52.3,68.3,,49.7,70,0,1,0,1,0,0,4,5,1,4,TOLEDO,TOLEDO,74.8,,
143935,Kahlil Brantley,TE,0,,2025,165,61,82.9,66.5,89,59.6,18,0,1,0,1,1,0,1,3,2,1,FAU,FAU,33,,
143949,Laurence Seymore III,G,0,,2027,102,,68,73.2,,65.8,50,0,1,0,5,0,0,6,11,5,6,AKRON,AKRON,78.3,,
143950,Key'Shawn Smith,WR,0,2025,2025,287,65.7,71.4,76.9,70.6,62.6,09,0,1,0,0,33,0,23,56,33,23,SMU,SMU,,,
143951,Brashard Smith,HB,0,2025,2025,287,76.6,73.5,76.7,68.4,60,01,0,1,0,8,23,19,2,52,31,21,SMU,SMU,68.7,,72.3
143965,J.J. Jones,WR,0,2025,2025,245,62.9,54.2,0,60.8,38.1,05,1,1,0,0,25,0,31,56,25,31,N CAROLINA,N CAROLINA,,,
143974,Kobe Paysour,WR,0,,2026,245,61,52.9,80,52.3,61.2,08,0,1,0,0,30,0,30,60,30,30,N CAROLINA,N CAROLINA,,,
143987,Lyndon Cooper,C,0,,2027,268,,69.5,80.1,,67,56,0,1,0,54,0,0,23,77,54,23,PITTSBURGH,PITTSBURGH,70.6,,
143989,Jaleel Davis,G,0,,2026,166,,56.6,73.3,,58.8,78,0,1,0,8,0,0,5,13,8,5,FIU,FIU,30.7,,
143994,Julian Gray,WR,0,,2026,206,65.6,55.8,71.7,56.3,56.4,01,0,1,0,0,4,0,6,10,4,6,LIBERTY,LIBERTY,,,
144006,Demie Sumo-Karngbaye,HB,0,,2025,202,73.7,70.5,74.5,74.4,59.9,00,0,1,0,3,17,11,2,33,20,13,KENTUCKY,KENTUCKY,74.8,,68.5
144010,Myles Alston,WR,0,,2026,263,61,58.2,79,57.7,60.6,08,0,1,0,0,27,0,31,58,27,31,DOMINION,DOMINION,,,
144011,Trey Andersen,T,0,,2026,329,,63.1,74.4,,61.4,57,1,1,0,14,0,0,22,36,14,22,UTAH ST,UTAH ST,64.4,,
144013,Gavin Bartholomew,TE,0,2025,2025,268,65,54.6,4.9,58.1,57.1,86,1,1,0,2,54,0,23,79,56,23,PITTSBURGH,PITTSBURGH,28.3,,
144016,Jaden Bradley,WR,0,2026,2026,325,,56.4,72.7,56.7,60.8,23,0,1,0,0,3,0,6,9,3,6,UNLV,UNLV,,,
144032,Terrence Moore,C,0,,2027,268,,36.5,0,,55.7,58,1,1,0,14,0,0,2,16,14,2,PITTSBURGH,PITTSBURGH,22.2,,
144037,Nate Yarnell,QB,0,,2026,268,70.9,76.2,34.3,,60,19,1,1,68,0,0,1,24,93,68,25,PITTSBURGH,PITTSBURGH,,74.4,70.5
144039,Jakob Bradford,G,0,,2025,304,,44.5,0,,48.4,74,1,1,0,33,0,0,14,47,33,14,SYRACUSE,SYRACUSE,39.1,,
144046,Oronde Gadsden II,TE,0,2025,2025,304,67.1,78,3,81.7,62.2,19,1,1,0,6,45,0,31,82,51,31,SYRACUSE,SYRACUSE,72.1,,
144048,Umari Hatcher,WR,0,,2027,304,61,63.4,73.8,62.9,60,05,0,1,0,0,11,0,4,15,11,4,SYRACUSE,SYRACUSE,,,
144052,Justin Lamson,QB,0,,2027,300,63.7,91.5,65.5,,,08,0,1,1,0,0,1,0,2,1,1,STANFORD,STANFORD,,89.8,62.3
144060,Landon Morris,TE,0,,2027,306,,61.6,77.3,50.3,79.7,81,0,1,0,3,21,0,15,39,24,15,TEMPLE,TEMPLE,68.9,,
144070,Tahj Bullock,QB,0,,2026,102,66.3,45.2,71.2,48.4,60,12,0,1,0,0,5,2,1,8,5,3,AKRON,AKRON,,,57.1
144095,Christian Moss,WR,0,,2027,200,62.9,54.1,78.3,53.9,60.7,06,0,1,0,0,24,0,16,40,24,16,KENNESAW,KENNESAW,,,
144112,Beaux Collins,WR,0,2025,2025,258,61,45.3,76.5,47.5,42.5,05,0,1,0,0,25,0,11,36,25,11,NOTRE DAME,NOTRE DAME,,,
144122,Ryan Linthicum,C,0,,2026,140,,56.2,4.9,,55.7,53,1,1,0,52,0,0,20,72,52,20,CLEMSON,CLEMSON,69,,
144123,Phil Mafah,HB,0,2025,2025,140,29.6,54.1,77.7,54,58.9,07,0,1,0,13,39,17,3,72,52,20,CLEMSON,CLEMSON,48.5,,54.7
144134,Banks Pope,TE,0,,2026,140,,60,64.1,,59.8,44,0,1,0,0,0,0,1,1,0,1,CLEMSON,CLEMSON,,,
144139,Troy Stellato,WR,0,,2028,140,61,70.4,69.4,68.4,60,10,0,1,0,0,5,0,2,7,5,2,CLEMSON,CLEMSON,,,
144147,Victoine Brown,DI,0,,2025,175,,60,60,,60,D20,0,1,0,0,0,0,1,1,0,1,GA STATE,GA STATE,,,
144155,Michael Gonzalez,G,0,2025,2025,210,,63.8,79.9,,58.6,68,0,1,0,41,0,0,26,67,41,26,LOUISVILLE,LOUISVILLE,83.5,,
144160,Ahmari Huggins-Bruce,WR,0,,2025,210,,51.7,74,51.9,59.9,24,0,1,0,0,18,0,11,29,18,11,LOUISVILLE,LOUISVILLE,,,
144185,Billy Edwards Jr.,QB,0,,2027,215,71.4,58.6,77.7,,60,09,0,1,64,0,0,3,18,85,64,21,MARYLAND,MARYLAND,,55.8,66.1
144188,Horatio Fields,WR,0,,2027,339,64.1,56.9,0,59,57.4,05,1,1,0,0,36,0,17,53,36,17,WAKE,WAKE,,,
144191,Matt Gulbin,G,0,2026,2026,339,,64.6,80.2,,60.4,54,0,1,0,45,0,0,26,71,45,26,WAKE,WAKE,78.4,,
144197,Santino Marucci,QB,0,,2026,242,68.8,52.7,12.3,,60,18,1,1,24,0,0,2,20,46,24,22,NEW MEX ST,NEW MEX ST,,55.1,57.4
144203,Erik Russell,T,0,,2025,339,,61.5,67.7,,60,72,0,1,0,3,0,0,1,4,3,1,WAKE,WAKE,75.1,,
144205,Nick Sharpe,G,0,,2027,339,,72.6,78.8,,73,70,0,1,0,39,0,0,24,63,39,24,WAKE,WAKE,75.8,,
144218,Drew Donley,WR,0,,2025,314,61,73.6,74.7,73.5,60.8,18,0,1,0,0,6,0,18,24,6,18,TEXAS ST,TEXAS ST,,,
144220,AJ George,G,0,,2026,102,,60,64.1,,60,71,0,1,0,0,0,0,1,1,0,1,AKRON,AKRON,,,
144230,Chamon Metayer,TE,0,2026,2026,110,62.9,50.6,78.7,52.6,45.4,07,0,1,0,10,29,0,23,62,39,23,ARIZONA ST,ARIZONA ST,74.7,,
144234,Will Pauling,WR,0,2026,2026,349,62.9,59.1,77.7,59.8,54.7,06,0,1,0,0,22,0,20,42,22,20,WISCONSIN,WISCONSIN,,,
144243,Josh Atkins,T,0,,2027,110,,67.7,77.8,,61.8,65,0,1,0,42,0,0,33,75,42,33,ARIZONA ST,ARIZONA ST,76.4,,
144246,Holman Edwards,QB,0,,2025,182,60.3,53,70.3,,,19,0,1,1,0,0,0,0,1,1,0,HOUSTON,HOUSTON,,49.6,
144248,Jalen Garner,LB,0,,2026,182,,60,60,,,D36,0,1,0,1,0,0,0,1,1,0,HOUSTON,HOUSTON,60.5,,
144267,Seth Henigan,QB,0,2025,2025,218,70.7,84.5,77.2,,60,09,0,1,39,0,0,4,31,74,39,35,MEMPHIS,MEMPHIS,,86.6,59.5
144279,Eric Rivers,WR,0,2026,2026,166,65.7,64.3,77.9,62.5,72.7,03,0,1,0,1,37,0,24,62,38,24,FIU,FIU,61.9,,
144283,Roc Taylor,WR,0,2025,2025,218,65,53.2,79.7,52.8,62.2,03,0,1,0,0,37,0,30,67,37,30,MEMPHIS,MEMPHIS,,,
144289,Cameron Wright,WR,0,,2026,141,61,64.3,76.2,63.8,60.2,17,0,1,0,0,10,0,12,22,10,12,COAST CAR,COAST CAR,,,
144294,Javan Bouton,T,0,,2025,237,,68.3,75.5,,64.1,62,0,1,0,13,0,0,33,46,13,33,NAVY,NAVY,80.3,,
144305,Daba Fofana,WR,0,,2025,237,65.5,67.8,73.3,,58.6,45,0,1,0,4,0,2,6,12,4,8,NAVY,NAVY,20.3,,70.9
144313,Amin Hassan,WR,0,,2025,237,62.5,37.1,71.9,57.7,59.1,28,0,1,0,0,2,1,5,8,2,6,NAVY,NAVY,,,60
144330,Connor McMahon,T,0,,2025,237,,77.8,76,,73.5,68,0,1,0,13,0,0,33,46,13,33,NAVY,NAVY,82.7,,
144333,Kroy Myers,WR,0,,2025,237,,60,64.1,,60,00,0,1,0,0,0,0,1,1,0,1,NAVY,NAVY,,,
144343,Thomas Scully,T,0,,2025,237,,50,73.9,50.9,53.8,88,0,1,0,1,10,0,25,36,11,25,NAVY,NAVY,65.4,,
144344,Brent Self,C,0,,2025,237,,57,78.4,,56.2,65,0,1,0,13,0,0,33,46,13,33,NAVY,NAVY,67.5,,
144348,Turner Stepp,WR,0,,2025,237,,60.2,67.4,,60.3,32,0,1,0,0,0,0,3,3,0,3,NAVY,NAVY,,,
144350,Regis Velez,TE,0,,2025,237,,60.2,72.9,,59,84,0,1,0,1,0,0,13,14,1,13,NAVY,NAVY,65.4,,
144356,Roderick Daniels Jr.,WR,0,2025,2025,287,69.5,65.1,77.5,67.7,51.7,13,0,1,0,0,35,1,28,64,35,29,SMU,SMU,,,59.4
144358,Stone Eby,TE,0,,2026,287,,46.6,74.3,54.3,38.2,44,0,1,0,3,8,0,7,18,11,7,SMU,SMU,76.5,,
144392,Justin Lynch,HB,0,,2026,254,68.6,53.3,68.8,,59.6,05,0,1,0,0,0,4,1,5,0,5,N ILLINOIS,N ILLINOIS,,,55.7
144395,Jimto Obidegwu,T,0,2026,2026,201,,56.9,77.2,,53.6,73,0,1,0,37,0,0,29,66,37,29,KENT STATE,KENT STATE,61.6,,
144404,Bryce Bohanon,WR,0,,2026,319,69.9,60.3,73.8,60.2,59.6,83,0,1,0,0,2,0,19,21,2,19,TULANE,TULANE,,,
144409,Keith Cooper Jr.,ED,0,2025,2025,182,,60,60,,,D05,0,1,0,1,0,0,0,1,1,0,HOUSTON,HOUSTON,60.5,,
144442,Braylon Braxton,QB,0,,2026,214,73.1,69.9,76.9,,60,01,0,1,40,0,0,11,15,66,40,26,MARSHALL,MARSHALL,,71.3,60.4
144448,Bill Jackson,HB,0,,2026,320,73.2,62.5,74.3,69.7,60,03,0,1,0,7,12,10,1,30,19,11,TULSA,TULSA,78.4,,61.4
144457,Jaylon Griffin,WR,0,,2025,314,,70.6,71.6,,82.6,12,0,1,0,0,0,0,11,11,0,11,TEXAS ST,TEXAS ST,,,
144464,Titus Mokiao-Atimalala,WR,1,,2026,324,64.1,60.1,79.4,60.2,56.1,02,1,1,0,0,51,0,16,67,51,16,UCLA,UCLA,,,
144473,Cole Best,C,0,,2028,327,,64.9,78.8,,61.4,72,0,1,0,23,0,0,31,54,23,31,USF,USF,77.2,,
144478,Gunnar Greenwald,TE,0,,2025,327,,53.3,70.9,56.9,54.3,87,0,1,0,0,2,0,8,10,2,8,USF,USF,,,
144486,Andrew Kilfoyl,G,0,,2026,327,,58.5,79.1,,58.5,75,0,1,0,23,0,0,31,54,23,31,USF,USF,49.4,,
144487,Gannon Lanning,T,0,,2026,327,,74.7,72.2,,72.1,61,0,1,0,1,0,0,16,17,1,16,USF,USF,71.6,,
144507,Hal Presley,WR,0,2025,2025,118,61,53.8,77.2,50.7,71.6,16,0,1,0,0,33,0,25,58,33,25,BAYLOR,BAYLOR,,,
144513,Josh Cameron,WR,0,2026,2026,118,67.7,72.6,80.4,70.4,75.7,34,0,1,0,0,37,0,30,67,37,30,BAYLOR,BAYLOR,,,
144514,Gavin Yates,TE,0,,2025,118,61,66.5,75.1,54.9,77.2,43,0,1,0,1,6,0,16,23,7,16,BAYLOR,BAYLOR,64.5,,
144516,Ryan Lengyel,G,0,,2026,118,,62.1,80.2,,57.1,62,0,1,0,40,0,0,33,73,40,33,BAYLOR,BAYLOR,84.2,,
144520,Monaray Baldwin,WR,0,2025,2025,118,64.1,78.5,73.1,76.6,60.4,04,0,1,0,0,9,0,6,15,9,6,BAYLOR,BAYLOR,,,
144541,Eli Sanders,HB,0,,2026,241,74.4,83.7,76.1,52.8,75,06,0,1,0,3,10,13,13,39,13,26,NEW MEXICO,NEW MEXICO,73.7,,84.1
144544,Jim Bonifas,C,0,2026,2026,193,,70.5,67.9,,75.9,63,0,1,0,0,0,0,3,3,0,3,IOWA STATE,IOWA STATE,,,
144552,Myles Mendeszoon,ED,0,,2026,193,,60,60,,60,D06,0,1,0,0,0,0,1,1,0,1,IOWA STATE,IOWA STATE,,,
144558,Devin Neal,HB,0,2025,2025,198,74.9,73.1,77.5,58.2,58.3,04,0,1,0,4,13,14,11,42,17,25,KANSAS,KANSAS,78.7,,75.4
144592,Shane Porter,HB,0,,2026,251,74.4,81.1,75.7,59.2,,31,0,1,0,9,17,13,0,39,26,13,N TEXAS,N TEXAS,79.9,,82.8
144595,DJ Giddens,HB,0,2025,2025,199,27.9,65.7,76.1,27,58.3,31,0,1,0,13,15,14,4,46,28,18,KANSAS ST,KANSAS ST,81.5,,77.3
144598,Hadley Panzer,G,0,,2025,199,,56.7,79,,57.8,54,0,1,0,41,0,0,19,60,41,19,KANSAS ST,KANSAS ST,45.3,,
144599,Andrew Leingang,G,0,,2026,199,,65,77.3,,60.5,56,1,1,0,24,0,0,12,36,24,12,KANSAS ST,KANSAS ST,83.8,,
144601,Sam Hecht,C,0,2026,2026,199,,67.4,0,,67.9,75,1,1,0,45,0,0,23,68,45,23,KANSAS ST,KANSAS ST,75.2,,
144617,Chris Tennant,K,0,,2025,199,62.5,60,60,,,S17,0,1,0,0,0,1,0,1,0,1,KANSAS ST,KANSAS ST,,,60
144620,Mario Williams,WR,0,2025,2025,319,64.1,70.7,76,70,59.7,04,0,1,0,0,17,0,13,30,17,13,TULANE,TULANE,,,
144626,Savion Byrd,T,1,,2026,287,,49.5,74.7,,56.5,54,1,1,0,21,0,0,14,35,21,14,SMU,SMU,31.4,,
144643,Caleb Etienne,T,0,2025,2025,128,,50.2,76.9,,63.5,76,0,1,0,31,0,0,32,63,31,32,BYU,BYU,10.6,,
144651,Bryson Green,WR,0,2025,2025,349,61,56.3,0,59.5,59.2,09,1,1,0,0,19,0,17,36,19,17,WISCONSIN,WISCONSIN,,,
144652,Jaden Nixon,HB,0,2026,2026,347,72.7,63.9,72.2,72.8,60,03,0,1,0,1,6,7,1,15,7,8,W MICHIGAN,W MICHIGAN,67.9,,61.6
144682,Sam Jackson V,WR,0,,2026,115,,56.5,71.9,56.7,59.6,18,0,1,0,0,3,0,9,12,3,9,AUBURN,AUBURN,,,
144723,Hayden Conner,G,0,2025,2025,311,,62.9,80.2,,58.6,76,0,1,0,36,0,0,37,73,36,37,TEXAS,TEXAS,81.4,,
144725,Juan Davis,TE,0,,2025,311,61,51.8,75.5,59.3,41.8,81,0,1,0,1,15,0,24,40,16,24,TEXAS,TEXAS,67.8,,
144726,Gunnar Helm,TE,0,2025,2025,311,64.1,53,77.3,54.7,52.7,85,0,1,0,4,32,0,37,73,36,37,TEXAS,TEXAS,70.9,,
144727,Casey Cain,WR,0,,2026,325,61,54.6,76.6,54.4,61.6,01,0,1,0,0,18,0,16,34,18,16,UNLV,UNLV,,,
144753,Jack Tucker,T,0,,2026,206,,63.7,75.8,,61.6,75,1,1,0,21,0,0,24,45,21,24,LIBERTY,LIBERTY,65.2,,
144780,Kaden Prather,WR,0,2025,2025,215,65.7,59.7,80.1,61.9,35.8,01,0,1,0,0,62,0,18,80,62,18,MARYLAND,MARYLAND,,,
144783,Tomas Rimac,G,0,2026,2026,343,,66.6,81.2,,63.3,55,0,1,0,54,0,0,39,93,54,39,W VIRGINIA,W VIRGINIA,78.1,,
144785,Wyatt Milum,T,1,2025,2025,343,,70.3,30.1,,69.2,74,1,1,0,54,0,0,39,93,54,39,W VIRGINIA,W VIRGINIA,76.4,,
144786,Treylan Davis,TE,0,,2025,343,,52.9,0,54.3,71.4,81,1,1,0,5,5,0,13,23,10,13,W VIRGINIA,W VIRGINIA,44.2,,
144799,Josh McCray,HB,0,,2026,187,72.6,74.1,73.7,57.3,60,06,0,1,0,4,10,9,2,25,14,11,ILLINOIS,ILLINOIS,77.1,,75
144800,Pat Bryant,WR,0,2025,2025,187,65,74.7,79.1,74.4,58.5,13,0,1,0,0,31,0,27,58,31,27,ILLINOIS,ILLINOIS,,,
144805,Josh Kreutz,C,0,2026,2026,187,,63.2,0,,62,64,1,1,0,33,0,0,30,63,33,30,ILLINOIS,ILLINOIS,82.7,,
144807,Zach Barlev,T,0,,2026,263,,63.2,76.7,,64.7,64,0,1,0,28,0,0,31,59,28,31,DOMINION,DOMINION,53.1,,
144808,Josh Gesky,G,0,2026,2026,187,,53.8,79.8,,48.9,73,0,1,0,33,0,0,30,63,33,30,ILLINOIS,ILLINOIS,70.4,,
144831,Jordyn Williams,WR,0,,2026,134,,58.7,67.8,59.7,60,18,0,1,0,0,1,0,2,3,1,2,C MICHIGAN,C MICHIGAN,,,
144832,Malachi Holt-Bennett,WR,0,,2025,321,62.9,64.5,75.4,64.1,60.8,13,0,1,0,0,19,0,8,27,19,8,UAB,UAB,,,
144886,Tai Felton,WR,0,2025,2025,215,70.8,60.5,79.6,60,63,10,0,1,0,1,62,0,20,83,63,20,MARYLAND,MARYLAND,61.1,,
144888,CJ Dippre,TE,0,2025,2025,103,61,71.3,74.2,61.3,76.6,81,0,1,0,1,13,0,14,28,14,14,ALABAMA,ALABAMA,65.4,,
144891,Roman Hemby,HB,0,2026,2026,215,75.6,67.4,77.8,60.5,60,24,0,1,0,6,46,16,2,70,52,18,MARYLAND,MARYLAND,79.5,,69.8
144892,Antwain Littleton Jr.,HB,0,,2026,306,74.4,62.9,77.1,56.9,57,31,0,1,0,6,18,13,9,46,24,22,TEMPLE,TEMPLE,16,,68.1
144893,Joey Bearns III,TE,0,,2026,136,,52.7,76,55.1,52.6,35,0,1,0,5,4,0,14,23,9,14,CHARLOTTE,CHARLOTTE,71.2,,
144902,Taizse Johnson,DI,0,,2025,215,,60,64.1,,64.4,D40,0,1,0,0,0,0,1,1,0,1,MARYLAND,MARYLAND,,,
144945,Brandon Baldwin,G,0,,2025,223,,49.1,79.1,,53.5,53,0,1,0,48,0,0,22,70,48,22,MICH STATE,MICH STATE,24.1,,
144953,Geno VanDeMark,G,0,2026,2026,103,,75,79,,76.6,56,0,1,0,31,0,0,31,62,31,31,ALABAMA,ALABAMA,56.7,,
144971,Athan Kaliakmanis,QB,0,2026,2026,278,71.6,86.5,76.9,,60,16,0,1,33,0,0,7,29,69,33,36,RUTGERS,RUTGERS,,85.8,65.9
144993,Heinrich Haarberg,QB,0,2026,2026,238,65.5,69.4,66.6,,60,10,0,1,0,0,0,2,1,3,0,3,NEBRASKA,NEBRASKA,,,64.8
144996,Gabe Ervin Jr.,HB,0,,2026,238,,60,63.8,60,,22,0,1,0,0,1,0,0,1,1,0,NEBRASKA,NEBRASKA,,,
144997,Thomas Fidone II,TE,0,2025,2025,238,62.9,55.9,74.3,59.1,50.4,24,0,1,0,4,19,0,7,30,23,7,NEBRASKA,NEBRASKA,72.1,,
145003,Henry Lutovsky,G,0,2026,2026,238,,77.4,78.9,,78.4,59,0,1,0,43,0,0,21,64,43,21,NEBRASKA,NEBRASKA,84.1,,
145010,Alex Bullock,WR,0,2026,2026,238,,62,72.9,56.2,81.6,84,0,1,0,0,4,0,7,11,4,7,NEBRASKA,NEBRASKA,,,
145035,Donnie Gray,WR,0,,2026,256,,53.2,72.5,55.1,53.1,11,0,1,0,0,7,0,3,10,7,3,NWESTERN,NWESTERN,,,
145037,Anthony Tyus III,HB,0,2025,2025,259,74,58.6,76.5,55.1,55.6,02,0,1,0,6,27,12,13,58,33,25,OHIO,OHIO,80.3,,59.2
145039,Josh Thompson,G,0,2026,2026,256,,65,79,,61.1,56,0,1,0,46,0,0,21,67,46,21,NWESTERN,NWESTERN,76.7,,
145040,Jackson Carsello,C,0,,2027,256,,55.5,79.6,,51.3,65,0,1,0,46,0,0,21,67,46,21,NWESTERN,NWESTERN,67.6,,
145042,Caleb Tiernan,T,0,2026,2026,256,,64.9,77.2,,54.2,72,0,1,0,46,0,0,21,67,46,21,NWESTERN,NWESTERN,77.9,,
145043,Calvin Johnson II,WR,0,,2026,256,62.4,60,74.7,60.7,59.7,07,0,1,1,0,18,0,8,27,19,8,NWESTERN,NWESTERN,,60,
145044,Lawson Albright,TE,0,,2026,256,,60,64.4,,,86,0,1,0,1,0,0,0,1,1,0,NWESTERN,NWESTERN,67.4,,
145053,Kyle McCord,QB,0,2025,2025,304,71.6,82.1,77.9,,60,06,0,1,54,0,0,5,29,88,54,34,SYRACUSE,SYRACUSE,,81,64.9
145055,Emeka Egbuka,WR,0,2025,2025,260,63.7,56.4,77.3,57.5,54.4,02,0,1,1,0,25,0,21,47,26,21,OHIO STATE,OHIO STATE,,60,
145057,Evan Pryor,HB,0,,2027,138,71,62.4,0,64,57.5,06,1,1,0,0,12,6,5,23,12,11,CINCINNATI,CINCINNATI,,,66.2
145059,TreVeyon Henderson,HB,0,2025,2025,260,74,65.6,74.7,67.1,58.7,32,0,1,0,4,14,11,3,32,18,14,OHIO STATE,OHIO STATE,23.2,,67.7
145063,Ben Christman,G,0,,2026,202,,72.2,74.9,,70.9,70,0,1,0,9,0,0,12,21,9,12,KENTUCKY,KENTUCKY,81.2,,
145064,Donovan Jackson,T,0,2025,2025,260,,73.2,76.3,,68.9,74,0,1,0,26,0,0,29,55,26,29,OHIO STATE,OHIO STATE,77.9,,
145082,Garrison Smith,K,0,,2026,102,,60,63.4,,60,S37,0,1,0,0,0,0,1,1,0,1,AKRON,AKRON,,,
145086,Christian Veilleux,QB,0,,2026,175,68.9,67.8,75.2,,60,11,0,1,39,0,0,0,6,45,39,6,GA STATE,GA STATE,,63.4,69
145087,Khalil Dinkins,TE,0,2026,2026,266,62.9,75.2,76.8,64.1,80,16,0,1,0,4,14,0,20,38,18,20,PENN STATE,PENN STATE,72.2,,
145089,Liam Clifford,WR,0,2026,2026,266,,54.1,74.7,54.4,56.1,02,0,1,0,1,8,0,12,21,9,12,PENN STATE,PENN STATE,62.1,,
145090,Harrison Wallace III,WR,0,2026,2026,266,62.9,64.3,75.6,63.9,59.8,06,0,1,0,0,18,0,9,27,18,9,PENN STATE,PENN STATE,,,
145108,Ja'Quez Cross,HB,0,,2027,113,75,68.2,74.9,67.4,58.9,02,0,1,0,3,11,14,6,34,14,20,ARK STATE,ARK STATE,47.9,,67.6
145111,Devin Mockobee,HB,0,,2026,273,73.5,60.6,74.9,54.2,60,45,0,1,0,7,18,11,1,37,25,12,PURDUE,PURDUE,10.8,,67.4
145112,Aaron Roberts,T,0,,2026,273,,51.2,69.1,,60.1,61,0,1,0,3,0,0,3,6,3,3,PURDUE,PURDUE,0,,
145113,Marcus Mbow,T,0,2025,2025,273,,55.7,75.5,,57.1,63,0,1,0,28,0,0,22,50,28,22,PURDUE,PURDUE,49.6,,
145114,Mahamane Moussa,G,0,,2026,273,,51.9,79.1,,59.4,77,1,1,0,32,0,0,23,55,32,23,PURDUE,PURDUE,15.3,,
145117,Drew Biber,TE,0,2026,2026,273,,46.8,73.7,56.1,44.7,82,0,1,0,0,5,0,14,19,5,14,PURDUE,PURDUE,,,
145132,Gus Zilinskas,C,0,,2026,278,,59.5,2.3,,59.8,59,1,1,0,33,0,0,36,69,33,36,RUTGERS,RUTGERS,73.3,,
145134,Terrence Salami,C,0,,2028,278,,54.3,0,,67.5,73,1,1,0,2,0,0,9,11,2,9,RUTGERS,RUTGERS,73.6,,
145157,Jackson Acker,FB,0,2026,2026,349,,62.9,71.3,59.9,63.8,34,0,1,0,0,1,0,5,6,1,5,WISCONSIN,WISCONSIN,,,
145160,Markus Allen,WR,0,,2027,160,64.1,61.1,78.2,60.9,59.6,08,0,1,0,0,28,0,19,47,28,19,E MICHIGAN,E MICHIGAN,,,
145172,Riley Mahlman,T,0,2026,2026,349,,53.3,17,,64.5,71,1,1,0,35,0,0,31,66,35,31,WISCONSIN,WISCONSIN,36.3,,
145179,Nolan Rucci,T,0,2026,2026,266,,52,73.4,,50.5,72,0,1,0,13,0,0,14,27,13,14,PENN STATE,PENN STATE,59.9,,
145189,Tony Johnson,WR,0,,2026,138,64.1,60.5,81.9,60,60.8,00,0,1,0,0,21,0,29,50,21,29,CINCINNATI,CINCINNATI,,,
145196,Jahmal Edrine,WR,0,,2026,273,62.9,62.6,78.8,62.9,55.8,07,0,1,0,0,23,0,18,41,23,18,PURDUE,PURDUE,,,
145214,Grayson James,QB,0,,2026,121,69.5,58.9,77.5,,60.2,14,0,1,41,0,0,1,36,78,41,37,BOSTON COL,BOSTON COL,,57.1,61.2
145218,Ross Fournet,WR,0,,2027,166,62.5,53.3,75.8,52.2,73.6,19,0,1,0,0,18,1,4,23,18,5,FIU,FIU,,,59.5
145220,Wyatt Lawson,C,0,,2026,166,,67.1,73.5,,65.2,55,0,1,0,7,0,0,5,12,7,5,FIU,FIU,83.1,,
145224,Dean Patterson,WR,0,2026,2026,166,73.1,76,79.3,74.4,71.5,11,0,1,0,0,41,0,29,70,41,29,FIU,FIU,,,
145241,Marquis Crosby,HB,0,,2026,208,71.3,53.1,73.6,58.1,56.1,03,0,1,0,0,2,7,11,20,2,18,LA TECH,LA TECH,,,55.1
145246,Kenneth Bannister,T,0,,2026,208,,58.5,73.7,,56,73,0,1,0,6,0,0,20,26,6,20,LA TECH,LA TECH,78.7,,
145250,Solo Lewis,WR,0,,2028,208,66.3,58.4,74.4,56.7,60.6,02,0,1,0,0,9,2,15,26,9,17,LA TECH,LA TECH,,,61.3
145265,Chuck Montgomery,WR,0,,2026,214,20.9,61,76.3,60.8,60,10,0,1,0,0,28,0,11,39,28,11,MARSHALL,MARSHALL,,,
145269,Ethan Payne,HB,0,,2025,214,69.2,54.5,73.9,62.8,57.9,28,0,1,0,6,12,4,4,26,18,8,MARSHALL,MARSHALL,44.4,,53.5
145277,Caleb Coombs,WR,0,,2026,165,,53.8,73.7,54.8,55.7,09,0,1,0,0,7,0,9,16,7,9,FAU,FAU,,,
145348,Isiah Paige,WR,0,,2025,263,71.8,59,77.7,58.1,61,01,0,1,0,0,27,2,29,58,27,31,DOMINION,DOMINION,,,60.9
145353,Tariq Sims,HB,0,,2026,263,65.5,58.8,66.8,,,26,0,1,0,2,0,2,0,4,2,2,DOMINION,DOMINION,72,,58.5
145357,Stephon Dubose-Bourne,T,1,,2026,263,,44,76.2,,48.7,58,1,1,0,28,0,0,31,59,28,31,DOMINION,DOMINION,32.2,,
145359,Chris Adams,T,0,,2026,218,,91.8,77.7,,91.8,61,1,1,0,40,0,0,35,75,40,35,MEMPHIS,MEMPHIS,78.9,,
145362,Skyler Grant,G,0,,2027,263,,58.4,78.5,,55.4,75,0,1,0,28,0,0,31,59,28,31,DOMINION,DOMINION,69.9,,
145392,Ethan Duane,P,0,,2026,126,11.5,60,60,,,S95,0,1,0,0,0,1,0,1,0,1,BUFFALO,BUFFALO,,,60
145418,Chandler Pittman,WR,0,,2025,296,,55.4,73.7,54.9,60,02,0,1,0,0,8,0,17,25,8,17,SO MISS,SO MISS,,,
145423,Drew Lawson,C,0,,2026,296,,48.2,78.7,,45.2,58,0,1,0,22,0,0,32,54,22,32,SO MISS,SO MISS,82.7,,
145441,Fred Farrier II,WR,0,,2026,202,62.9,60.9,77.9,60.4,61.6,13,0,1,0,0,31,0,23,54,31,23,KENTUCKY,KENTUCKY,,,
145450,Bryce Damous,TE,0,,2026,321,62.9,58.8,76,62.2,55.1,48,0,1,0,7,17,0,10,34,24,10,UAB,UAB,38.9,,
145465,Brody Dalton,TE,0,,2026,318,64.1,69.9,80.1,79.4,51.1,88,0,1,0,3,16,0,32,51,19,32,TROY,TROY,70.8,,
145514,Kevorian Barnes,HB,0,2026,2026,331,73.1,60.3,73,55.9,60,04,0,1,0,2,6,10,1,19,8,11,UTSA,UTSA,13.7,,63.2
145532,Kye Robichaux,HB,0,2025,2025,121,77,78.6,77.2,55.4,60,05,0,1,0,2,18,21,1,42,20,22,BOSTON COL,BOSTON COL,73.9,,79.4
145562,Jairus Mack,WR,0,,2026,136,69.6,64.5,75.3,64,60.4,03,0,1,0,0,20,0,10,30,20,10,CHARLOTTE,CHARLOTTE,,,
145569,Jack Reynolds,WR,0,,2026,136,,59.4,63.4,60,,22,0,1,0,0,1,0,0,1,1,0,CHARLOTTE,CHARLOTTE,,,
145577,Trevor Timmons,T,0,,2026,175,,47.1,77,,58.6,63,0,1,0,56,0,0,19,75,56,19,GA STATE,GA STATE,28.2,,
145578,Colin Weber,TE,0,,2026,136,62.9,43.6,0,51.1,48.1,18,1,1,0,7,26,0,10,43,33,10,CHARLOTTE,CHARLOTTE,36.5,,
145580,Hahsaun Wilson,HB,0,,2026,136,71.6,61.7,73.8,55.6,60,38,0,1,0,12,7,7,1,27,19,8,CHARLOTTE,CHARLOTTE,53,,63.9
145589,Oran Singleton Jr.,WR,0,,2027,160,71.4,63.2,77.4,64,59.7,02,0,1,0,0,33,1,19,53,33,20,E MICHIGAN,E MICHIGAN,,,57.9
145591,Bennett Adler,ED,0,,2025,102,,60,64.1,,60.3,D01,0,1,0,0,0,0,2,2,0,2,AKRON,AKRON,,,
145598,Konata Mumpfield,WR,0,2025,2025,268,65.7,50.2,79.9,52,40.1,09,0,1,0,0,58,0,20,78,58,20,PITTSBURGH,PITTSBURGH,,,
145608,Noel Roach,S,0,,2028,102,,60,65,,60,D14,0,1,0,0,0,0,1,1,0,1,AKRON,AKRON,,,
145611,Darrian Lewis,S,0,,2026,102,,60,60,,60,D24,0,1,0,0,0,0,1,1,0,1,AKRON,AKRON,,,
145617,Drew Hughes,DI,0,,2026,117,,59.4,65.6,,56.7,D47,0,1,0,0,0,0,2,2,0,2,BALL ST,BALL ST,,,
145628,Vaughn Pemberton,HB,0,,2026,117,73.6,65.4,74.2,59.9,58.1,23,0,1,0,2,9,11,5,27,11,16,BALL ST,BALL ST,74.7,,65.6
145631,Brady Hunt,TE,0,,2027,289,61,90.4,71.6,78.4,80.5,87,0,1,0,0,3,0,9,12,3,9,S CAROLINA,S CAROLINA,,,
145634,Kiael Kelly,QB,0,,2026,117,67.5,59.3,72.5,55,60,01,0,1,1,0,5,3,2,11,6,5,BALL ST,BALL ST,,60.4,62.4
145639,Nate Pabst,G,0,,2027,122,,44.6,0,,43.1,75,2,1,0,25,0,0,32,57,25,32,BOWL GREEN,BOWL GREEN,79.1,,
145644,Cade Zimmerly,G,0,,2026,122,,59.4,72.2,,59.2,72,0,1,0,0,0,0,8,8,0,8,BOWL GREEN,BOWL GREEN,,,
145646,Jamal Johnson,TE,0,,2025,122,62.5,44.4,74.7,28.3,55.4,06,0,1,0,1,10,1,10,22,11,11,BOWL GREEN,BOWL GREEN,61.9,,63.5
145654,Jaison Patterson,HB,0,,2025,122,73.1,71.9,75.8,56.6,54.1,28,0,1,0,7,10,10,9,36,17,19,BOWL GREEN,BOWL GREEN,80.3,,73.1
145657,Alex Padgett,C,0,,2026,122,,68.9,79,,64,57,0,1,0,25,0,0,32,57,25,32,BOWL GREEN,BOWL GREEN,84.3,,
145662,Tadd Barr,WR,0,,2025,126,15.8,54.7,74.2,54.9,60.6,83,0,1,0,0,7,0,7,14,7,7,BUFFALO,BUFFALO,,,
145666,Jack Hasz,C,0,,2026,325,,61.7,80.2,,58.1,65,0,1,0,39,0,0,42,81,39,42,UNLV,UNLV,74.6,,
145672,Mike Washington Jr.,HB,0,2026,2026,242,74.1,60.3,75.1,64.5,58.5,04,0,1,0,4,14,12,5,35,18,17,NEW MEX ST,NEW MEX ST,25.8,,61
145676,Al-Jay Henderson,HB,0,2026,2026,126,44,67.9,77,63.2,56.4,05,0,1,0,10,24,28,7,69,34,35,BUFFALO,BUFFALO,50,,68.6
145687,James Carrington III,T,0,,2026,126,,60,60,,60,54,0,1,0,0,0,0,1,1,0,1,BUFFALO,BUFFALO,,,
145688,Matt Pajuste,G,0,,2026,126,,60,60,,60,71,0,1,0,0,0,0,1,1,0,1,BUFFALO,BUFFALO,,,
145697,Marion Lukes,HB,0,,2025,134,33.3,62.7,76,74,60,09,0,1,0,5,18,19,1,43,23,20,C MICHIGAN,C MICHIGAN,18.7,,62.3
145705,Davis Heinzen,G,0,,2026,134,,52.4,77.1,,62.4,75,0,1,0,35,0,0,31,66,35,31,C MICHIGAN,C MICHIGAN,21.5,,
145709,Cade Conley,TE,0,,2026,214,,46.4,0,58.1,,87,1,1,0,0,1,0,0,1,1,0,MARSHALL,MARSHALL,,,
145722,Myles Bailey,HB,0,,2025,134,67.8,62.7,72.1,62.1,60,26,0,1,0,1,4,3,2,10,5,5,C MICHIGAN,C MICHIGAN,67.5,,61.9
145725,Chris Parker,WR,0,,2026,134,65.7,70.8,77.3,70.4,58.8,13,0,1,0,0,26,0,26,52,26,26,C MICHIGAN,C MICHIGAN,,,
145726,Finn Hogan,WR,0,,2026,122,,54.2,75.5,53.3,60.4,11,0,1,0,0,9,0,16,25,9,16,BOWL GREEN,BOWL GREEN,,,
145732,Brayden Swartout,T,0,,2025,134,,60.5,15.8,,56.3,68,1,1,0,35,0,0,31,66,35,31,C MICHIGAN,C MICHIGAN,84,,
145747,Andreas Paaske,TE,0,,2026,111,,57.3,73,58.1,57.7,81,0,1,0,1,3,0,6,10,4,6,ARKANSAS,ARKANSAS,63.9,,
145758,Jez Janvier,G,0,,2026,160,,53.7,77.3,,48.4,74,0,1,0,24,0,0,19,43,24,19,E MICHIGAN,E MICHIGAN,77.7,,
145798,Henry Hesson,QB,0,,2026,221,63.7,59.8,71.2,,60,12,0,1,1,0,0,1,12,14,1,13,MIAMI OH,MIAMI OH,,60,60
145809,Keyon Mozee,HB,0,,2025,221,76.5,77.2,74.1,56.4,,03,0,1,0,10,4,19,0,33,14,19,MIAMI OH,MIAMI OH,55.7,,75.8
145815,Kolby Borders,G,0,,2025,221,,60.8,77.8,,62.3,64,0,1,0,24,0,0,25,49,24,25,MIAMI OH,MIAMI OH,45.2,,
145817,Will Jados,T,0,,2026,221,,60.4,75.9,,61.6,70,0,1,0,24,0,0,25,49,24,25,MIAMI OH,MIAMI OH,52.2,,
145834,Isaac Hatfield,LS,0,,2026,254,,60,60,,60,S91,0,1,0,0,0,0,2,2,0,2,N ILLINOIS,N ILLINOIS,,,
145846,Brock Lampe,TE,0,2025,2025,254,61,67.1,76.7,52.6,70.1,49,0,1,0,2,9,0,34,45,11,34,N ILLINOIS,N ILLINOIS,81.4,,
145856,Kanon Woodill,K,0,,2025,254,,60,60,,60,S92,0,1,0,0,0,0,2,2,0,2,N ILLINOIS,N ILLINOIS,,,
145858,Ethan Hampton,QB,0,,2027,254,68.6,64.5,76.7,55.9,60.3,02,1,1,21,0,1,2,37,61,22,39,N ILLINOIS,N ILLINOIS,,59.2,69.3
145875,Pete Nygra,C,0,2026,2026,210,,67.4,79.5,,61.1,50,0,1,0,41,0,0,26,67,41,26,LOUISVILLE,LOUISVILLE,85.2,,
145885,Bryce Butler,TE,0,,2026,259,,60,69.6,,60,14,0,1,0,0,0,0,4,4,0,4,OHIO,OHIO,,,
145888,Davion Weatherspoon,T,0,,2027,259,,57.3,15.7,,53.7,51,1,1,0,35,0,0,26,61,35,26,OHIO,OHIO,81.4,,
145899,Drew Beckenhaupt,G,0,,2026,316,,59.4,70.6,,58.7,58,0,1,0,1,0,0,4,5,1,4,TOLEDO,TOLEDO,72.6,,
145905,Connor Jones,TE,0,,2026,316,,45.4,72.3,59.5,46.2,34,0,1,0,2,1,0,13,16,3,13,TOLEDO,TOLEDO,68.4,,
145906,Thomas Zsiros,WR,0,,2028,316,62.9,61.7,73.6,61.3,61,84,0,1,0,0,8,0,10,18,8,10,TOLEDO,TOLEDO,,,
145923,Mareyohn Hrabowski,TE,0,,2026,347,,66.4,74.2,51.7,74.9,07,0,1,0,3,9,0,16,28,12,16,W MICHIGAN,W MICHIGAN,70.8,,
145931,Kadinn Morris,TE,0,,2026,347,,56.8,71.2,56.7,59.8,84,0,1,0,0,3,0,3,6,3,3,W MICHIGAN,W MICHIGAN,,,
145933,Zahir Abdus-Salaam,HB,0,,2025,347,71.7,68.5,75.5,77.1,60,10,0,1,0,3,19,6,1,29,22,7,W MICHIGAN,W MICHIGAN,48.2,,66.4
145935,John Hofer,G,0,,2026,347,,64.9,77.7,,59.3,51,0,1,0,24,0,0,12,36,24,12,W MICHIGAN,W MICHIGAN,86,,
145938,Blake Bosma,TE,0,,2026,347,61,50.6,79,48.6,59.4,86,0,1,0,4,36,0,29,69,40,29,W MICHIGAN,W MICHIGAN,71.7,,
145975,Luke Voorhees,TE,0,,2026,120,,53.8,69,55.3,55.5,96,0,1,0,2,1,0,5,8,3,5,BOISE ST,BOISE ST,72,,
145989,Ben Ford,WR,0,,2027,120,,56.6,67.9,57.7,60,82,0,1,0,0,2,0,1,3,2,1,BOISE ST,BOISE ST,,,
145992,Matt Lauter,TE,0,2026,2026,120,62.9,61.1,76.6,59.5,59,85,0,1,0,7,19,0,18,44,26,18,BOISE ST,BOISE ST,72.8,,
145993,Mason Hutton,LS,0,,2026,120,,60,60,,,S42,0,1,0,1,0,0,0,1,1,0,BOISE ST,BOISE ST,63.8,,
145996,Taylen Green,QB,0,2026,2026,111,72,81.3,76.3,,60,10,0,1,34,0,0,8,18,60,34,26,ARKANSAS,ARKANSAS,,74.1,74.4
146008,Tanner Arkin,TE,0,2026,2026,187,64.1,61.6,0,52,80.3,85,1,1,0,8,25,0,29,62,33,29,ILLINOIS,ILLINOIS,74.5,,
146022,Clay Nanke,TE,0,,2026,351,61,52.6,72.9,52.5,60,85,0,1,0,1,13,0,1,15,14,1,WYOMING,WYOMING,69.8,,
146037,Tre Watson,TE,0,2025,2025,312,65,71,77.8,69.1,67.3,84,0,1,0,0,28,0,12,40,28,12,TEXAS A&M,TEXAS A&M,,,
146058,Tru Edwards,WR,0,2025,2025,208,72.9,66.7,76.7,67.1,59,16,0,1,0,0,19,0,42,61,19,42,LA TECH,LA TECH,,,
146065,Landon Sims,HB,1,,2026,180,70.7,56.6,73.5,60.4,58.5,30,1,1,0,13,9,6,2,30,22,8,HAWAII,HAWAII,58.5,,56.3
146066,Ka'ena Decambra,T,0,2026,2026,180,,62.9,76.8,,69.3,78,0,1,0,44,0,0,15,59,44,15,HAWAII,HAWAII,51.9,,
146069,Karsyn Pupunu,WR,0,,2026,180,61,61,74.7,61.4,55.8,11,0,1,0,0,12,0,5,17,12,5,HAWAII,HAWAII,,,
146071,David Cordero,HB,0,,2026,180,62.5,67.2,66.8,,,10,0,1,0,2,0,1,0,3,2,1,HAWAII,HAWAII,73.7,,63.5
146078,Brayden Schager,QB,0,,2025,180,68.8,55.8,74.4,,60,13,0,1,24,0,0,2,8,34,24,10,HAWAII,HAWAII,,61,49.8
146084,Trevyn Heil,C,0,,2026,144,,54.9,72,,54.5,57,0,1,0,1,0,0,7,8,1,7,COLO STATE,COLO STATE,72.1,,
146110,Luke Wysong,WR,0,2026,2026,241,67,64.4,79.1,62,61,15,0,1,0,0,32,1,40,73,32,41,NEW MEXICO,NEW MEXICO,,,63.6
146130,Trace Bruckler,TE,0,,2026,241,61,52.4,77.7,51.9,53.7,05,0,1,0,2,15,0,25,42,17,25,NEW MEXICO,NEW MEXICO,69.8,,
146134,Isaiah Sillemon,TE,0,,2026,241,,34.9,75.1,59.2,43.4,38,0,1,0,16,1,0,21,38,17,21,NEW MEXICO,NEW MEXICO,34.1,,
146140,Gus McGee,TE,0,,2027,136,61,49.1,72.9,54,46.2,17,0,1,0,1,11,0,6,18,12,6,CHARLOTTE,CHARLOTTE,64.9,,
146144,Jatavious Magee,S,0,,2026,284,,57.8,60,55.3,,D12,0,1,0,0,1,0,0,1,1,0,S DIEGO ST,S DIEGO ST,,,
146145,Christian Jones,T,0,2026,2026,284,,52.6,76.8,,47,70,1,1,0,32,0,0,30,62,32,30,S DIEGO ST,S DIEGO ST,65.8,,
146150,Brady Anderson,LB,0,,2026,284,,60,62.3,59.5,,D42,0,1,0,1,1,0,0,2,2,0,S DIEGO ST,S DIEGO ST,63.8,,
146152,Ryan Wintermeyer,LS,0,,2025,284,,60,64.7,,,S50,0,1,0,2,0,0,0,2,2,0,S DIEGO ST,S DIEGO ST,99.9,,
146155,Ross Ulugalu-Maseuli,G,0,,2026,284,,64.7,79.4,,61.5,63,0,1,0,30,0,0,29,59,30,29,S DIEGO ST,S DIEGO ST,79.3,,
146162,DJ Herman,LB,0,2026,2026,284,,60,60,,,D56,0,1,0,1,0,0,0,1,1,0,S DIEGO ST,S DIEGO ST,63.8,,
146163,Cameron Harpole,TE,0,,2026,110,,61.9,72.7,57.1,69.7,85,0,1,0,1,2,0,8,11,3,8,ARIZONA ST,ARIZONA ST,33,,
146165,Cam Davis,HB,0,,2026,284,62.5,57.9,64.9,59.9,,29,0,1,0,0,1,1,0,2,1,1,S DIEGO ST,S DIEGO ST,,,59.6
146170,Walker Eget,QB,0,,2027,285,42.3,78.8,77.2,,60.1,05,0,1,53,0,0,4,16,73,53,20,S JOSE ST,S JOSE ST,,80.4,55.2
146185,Fernando Carmona,T,0,2026,2026,111,,66,76.7,,67.6,55,0,1,0,34,0,0,26,60,34,26,ARKANSAS,ARKANSAS,56.9,,
146195,Cameron Friel,QB,0,,2026,325,13.8,34.9,70.4,,60,07,0,1,3,0,0,2,6,11,3,8,UNLV,UNLV,,50.8,45.1
146200,Anton Ambuehl,G,0,,2026,325,,55.6,80.5,,51,75,0,1,0,39,0,0,42,81,39,42,UNLV,UNLV,75,,
146224,Otto Tia,WR,0,,2026,329,66.2,62.2,78.9,61.8,60.9,05,0,1,0,0,29,0,23,52,29,23,UTAH ST,UTAH ST,,,
146243,Dorian Singer,WR,0,2025,2025,328,71.8,60.7,78.6,63.6,37.9,03,0,1,0,0,49,0,21,70,49,21,UTAH,UTAH,,,
146269,George Hart III,HB,0,,2026,346,67.3,58.6,72.2,55.8,57.9,09,0,1,0,1,8,3,2,14,9,5,W KENTUCKY,W KENTUCKY,71.5,,60.1
146270,Ezra Dotson-Oyetade,C,0,,2027,314,,68.4,70.4,,67.1,58,0,1,0,1,0,0,4,5,1,4,TEXAS ST,TEXAS ST,70.3,,
146288,J. Michael Sturdivant,WR,0,2026,2026,324,64.3,52.7,77,53,61.1,07,0,1,0,0,29,1,9,39,29,10,UCLA,UCLA,,,59.5
146290,Trond Grizzell,WR,0,,2026,130,61,59.9,73.6,59.7,60.7,83,0,1,0,0,18,0,5,23,18,5,CAL,CAL,,,
146291,Keleki Latu,TE,0,2025,2025,340,64.1,62,77.5,74,42.2,85,0,1,0,8,24,0,24,56,32,24,WASHINGTON,WASHINGTON,43.7,,
146295,Jermaine Terry II,TE,0,2025,2025,265,62.9,56.1,76.7,58.1,49.3,84,0,1,0,2,25,0,13,40,27,13,OREGON ST,OREGON ST,68,,
146314,Charlie Offerdahl,HB,0,,2026,143,62.5,68.4,64.5,60,,44,0,1,0,0,1,1,0,2,1,1,COLORADO,COLORADO,,,63
146318,Austin Smith,TE,0,,2026,281,,60,64.4,,,12,0,1,0,1,0,0,0,1,1,0,SM HOUSTON,SM HOUSTON,11.1,,
146338,Jeremiah Noga,WR,0,,2026,265,61,57.2,76,57,61.5,18,0,1,0,0,26,0,9,35,26,9,OREGON ST,OREGON ST,,,
146340,Trent Walker,WR,0,,2027,265,66.8,61.9,77.3,61.6,60.1,07,0,1,0,0,30,0,13,43,30,13,OREGON ST,OREGON ST,,,
146342,Zach Holmes,C,0,,2026,120,,63.4,79.9,,67.1,72,0,1,0,36,0,0,36,72,36,36,BOISE ST,BOISE ST,35,,
146348,Bryce Caufield,TE,0,,2026,265,,47.2,72.2,39.5,72.8,89,0,1,0,0,8,0,5,13,8,5,OREGON ST,OREGON ST,,,
146365,Jack Leyrer,G,0,,2028,300,,58.5,80.6,,55.6,76,0,1,0,55,0,0,26,81,55,26,STANFORD,STANFORD,61.7,,
146386,Kajiya Hollawayne,WR,0,,2026,306,,55.6,70,56.2,59.6,85,0,1,0,0,5,0,3,8,5,3,TEMPLE,TEMPLE,,,
146391,Benjamin Roy Jr.,G,0,,2026,216,,68.4,80,,64.3,55,0,1,0,32,0,0,44,76,32,44,UMASS,UMASS,77.6,,
146393,Yutaka Mahe,T,0,,2026,324,,32.5,14.4,,42.3,67,1,1,0,48,0,0,10,58,48,10,UCLA,UCLA,26.1,,
146395,Garrett DiGiorgio,T,0,2026,2026,324,,59.4,24.7,,54.1,72,2,1,0,60,0,0,20,80,60,20,UCLA,UCLA,72.1,,
146410,Michael Trigg,TE,0,2026,2026,118,64.1,58.5,77.4,54.1,69.7,01,0,1,0,1,32,0,18,51,33,18,BAYLOR,BAYLOR,65.4,,
146411,Kyron Hudson,WR,0,2026,2026,326,64.1,69.6,75.8,69,60.8,10,0,1,0,0,21,0,17,38,21,17,USC,USC,,,
146413,Joseph Manjack IV,WR,0,2026,2026,182,62.9,60.8,77.7,62.8,47.3,00,0,1,0,0,24,0,22,46,24,22,HOUSTON,HOUSTON,,,
146414,Brandon Campbell,HB,0,,2026,216,71.9,61.1,74,55.1,60,23,0,1,0,4,8,8,1,21,12,9,UMASS,UMASS,74.6,,61.5
146418,Lake McRee,TE,0,2026,2026,326,61,55.9,77.3,55.1,57.1,87,0,1,0,6,31,1,28,66,37,29,USC,USC,61.1,,60
146438,Koli Faaiu,C,0,,2026,312,,60.9,79.2,,54.7,61,0,1,0,37,0,0,23,60,37,23,TEXAS A&M,TEXAS A&M,80.9,,
146466,Camden Sirmon,WR,0,,2026,340,,60,63.8,,60,18,0,1,0,0,0,0,1,1,0,1,WASHINGTON,WASHINGTON,,,
146474,Wilson Schwartz,TE,0,,2026,340,,60,64.4,,60,80,0,1,0,0,0,0,1,1,0,1,WASHINGTON,WASHINGTON,,,
146489,Kuao Peihopa,G,0,,2026,180,,57.3,79.1,,61.1,59,0,1,0,48,0,0,19,67,48,19,HAWAII,HAWAII,39.3,,
146501,Christian Hilborn,G,0,,2026,341,,71.4,77.1,,65.3,61,0,1,0,24,0,0,16,40,24,16,WASH STATE,WASH STATE,91,,
146503,Brock Dieu,G,0,,2026,341,,66.1,79.1,,62.8,65,0,1,0,40,0,0,29,69,40,29,WASH STATE,WASH STATE,78.8,,
146507,Joshua Meredith,WR,0,,2026,341,62.9,59.4,75.6,59.2,60.1,18,0,1,0,0,18,0,14,32,18,14,WASH STATE,WASH STATE,,,
146538,Bram Walden,T,0,,2025,110,,60,60,,60,75,0,1,0,0,0,0,1,1,0,1,ARIZONA ST,ARIZONA ST,,,
146540,Charlie Pickard,C,0,,2026,264,,60,60,,60,70,0,1,0,0,0,0,1,1,0,1,OREGON,OREGON,,,
146547,Dont'e Thornton Jr.,WR,0,2025,2025,307,,45,77.8,47.7,42.3,01,0,1,0,0,19,0,11,30,19,11,TENNESSEE,TENNESSEE,,,
146559,Luke Basso,LS,0,2026,2026,264,,60,60,,60,S43,0,1,0,0,0,0,1,1,0,1,OREGON,OREGON,,,
146561,Moliki Matavao,TE,0,2025,2025,324,66.7,58.3,79.8,59.8,47.6,88,1,1,0,5,45,0,12,62,50,12,UCLA,UCLA,71.1,,
146563,Terrance Ferguson,TE,0,2025,2025,264,64.1,70.5,78,67.8,67.9,03,1,1,0,1,25,0,23,49,26,23,OREGON,OREGON,65.3,,
146568,Ty Thompson,QB,0,,2027,319,70.5,80.7,69.1,,60,07,0,1,0,0,0,6,1,7,0,7,TULANE,TULANE,,,72.2
146576,Charlie Skehan,TE,0,,2026,201,,52.9,76.2,49.4,56.8,44,0,1,0,14,13,0,20,47,27,20,KENT STATE,KENT STATE,61.4,,
146587,Ja'Corey Brooks,WR,0,2025,2025,210,71.5,75.2,80.9,74.2,62.8,01,0,1,0,0,39,0,25,64,39,25,LOUISVILLE,LOUISVILLE,,,
146590,Jalen Milroe,QB,0,2025,2025,103,69.7,91.6,74.8,,60,04,0,1,19,0,0,4,17,40,19,21,ALABAMA,ALABAMA,,89,77.3
146594,Robbie Ouzts,TE,0,2025,2025,103,61,77.3,73,90.3,53.1,45,0,1,0,1,4,0,13,18,5,13,ALABAMA,ALABAMA,67.4,,
146595,Graham Roten,T,0,,2026,103,,65.6,66.9,,68.9,61,0,1,0,0,0,0,3,3,0,3,ALABAMA,ALABAMA,,,
146599,Adam Thorsland,TE,0,,2025,103,,59.9,66.3,,59.5,47,0,1,0,0,0,0,2,2,0,2,ALABAMA,ALABAMA,,,
146624,Ketron Jackson Jr.,WR,0,2025,2025,118,,47.3,73.3,54.4,31.6,11,1,1,0,0,9,0,7,16,9,7,BAYLOR,BAYLOR,,,
146626,Raheim Sanders,HB,0,2025,2025,289,33.3,63.4,77.4,73.1,54.9,05,0,1,0,10,24,19,10,63,34,29,S CAROLINA,S CAROLINA,71.1,,61
146662,Jarquez Hunter,HB,0,2025,2025,115,74.8,69.3,76,41,60,27,0,1,0,6,24,14,2,46,30,16,AUBURN,AUBURN,59.8,,78.1
146664,Landen King,TE,0,,2026,328,63.6,60.2,76.6,61.7,53.8,82,0,1,0,0,14,0,5,19,14,5,UTAH,UTAH,,,
146688,Jalen Kitna,QB,0,,2026,321,38.3,64.8,21.8,60,60.2,17,1,1,48,0,1,2,15,66,49,17,UAB,UAB,,67.2,56.1
146692,Austin Barber,T,0,2026,2026,163,,53,3.5,,62.1,58,2,1,0,27,0,0,18,45,27,18,FLORIDA,FLORIDA,48.6,,
146693,Jake Slaughter,C,0,2026,2026,163,,52.9,0,,58.7,66,1,1,0,27,0,0,18,45,27,18,FLORIDA,FLORIDA,51.7,,
146697,DaeDae Reynolds,WR,0,,2026,268,65.7,66.4,76,66,59,03,0,1,0,0,20,0,10,30,20,10,PITTSBURGH,PITTSBURGH,,,
146698,Nick Elksnis,TE,0,,2026,289,,60,63.5,,60,84,0,1,0,0,0,0,1,1,0,1,S CAROLINA,S CAROLINA,,,
146699,Marcus Burke,WR,0,,2026,163,,57.1,71.5,57.5,60.1,88,0,1,0,0,4,0,3,7,4,3,FLORIDA,FLORIDA,,,
146713,Brock Vandagriff,QB,0,,2026,202,68.3,74.1,75.1,,60,12,0,1,25,0,0,1,18,44,25,19,KENTUCKY,KENTUCKY,,67.2,73.8
146714,Jackson Meeks,WR,0,2025,2025,304,65,58.2,79.2,55.1,85.5,07,0,1,0,0,48,0,29,77,48,29,SYRACUSE,SYRACUSE,,,
146716,Dylan Fairchild,G,0,2025,2025,173,,68.3,80.4,,65.5,53,0,1,0,46,0,0,30,76,46,30,GEORGIA,GEORGIA,79.5,,
146717,Jared Wilson,C,0,2025,2025,173,,75,80.1,,69.2,55,0,1,0,46,0,0,30,76,46,30,GEORGIA,GEORGIA,85,,
146733,Dekel Crowdus,WR,0,,2026,180,64.1,64.6,76.9,64,61,06,0,1,0,0,20,0,6,26,20,6,HAWAII,HAWAII,,,
146735,Devonte Ross,WR,0,2026,2026,318,72.5,67.3,79.1,66.6,62.2,07,0,1,0,0,35,0,30,65,35,30,TROY,TROY,,,
146740,Lucas Padgett,G,0,,2025,202,,60,68.5,,60,58,0,1,0,0,0,0,3,3,0,3,KENTUCKY,KENTUCKY,,,
146741,Jager Burton,G,0,2026,2026,202,,69.3,78.5,,65.9,62,1,1,0,27,0,0,19,46,27,19,KENTUCKY,KENTUCKY,86.3,,
146742,David Wohlabaugh Jr.,T,2,,2026,304,,66,0,,68.3,79,2,1,0,45,0,0,26,71,45,26,SYRACUSE,SYRACUSE,84.3,,
146743,Jordan Dingle,TE,0,,2026,202,62.9,59.8,77.4,64,50.8,85,1,1,0,1,13,0,15,29,14,15,KENTUCKY,KENTUCKY,65.4,,
146757,Garrett Nussmeier,QB,0,2026,2026,211,39.9,66.6,78.1,,60,13,0,1,57,0,0,0,35,92,57,35,LSU,LSU,,67.5,53.8
146762,Chris Hilton Jr.,WR,0,2026,2026,211,,46.2,75.2,47.2,60.5,03,0,1,0,0,16,0,5,21,16,5,LSU,LSU,,,
146794,Derrick Davis Jr.,HB,0,,2027,268,69.7,62,72.5,53.4,60,34,0,1,0,2,6,5,1,14,8,6,PITTSBURGH,PITTSBURGH,76.4,,63.3
146802,Luke Altmyer,QB,0,2026,2026,187,31.9,66.9,76.6,,60,09,0,1,33,0,0,4,25,62,33,29,ILLINOIS,ILLINOIS,,69.2,55.2
146819,Bralon Brown,WR,0,,2026,214,,56.6,67.5,57.7,60,08,0,1,0,0,2,0,1,3,2,1,MARSHALL,MARSHALL,,,
146835,Caden Costa,K,0,,2026,218,60.3,75.2,63.6,,,S15,0,1,1,0,0,0,0,1,1,0,MEMPHIS,MEMPHIS,,74.6,
146839,Sawyer Robertson,QB,0,,2026,118,70.3,80.1,77.2,,60,13,0,1,40,0,0,3,30,73,40,33,BAYLOR,BAYLOR,,80.8,57.6
146844,Gabe Cavazos Jr.,T,0,,2025,296,,43.8,75.2,,46.2,61,0,1,0,15,0,0,25,40,15,25,SO MISS,SO MISS,38.6,,
146872,Dominic Lovett,WR,0,2025,2025,173,64.1,66.1,75.8,65.6,59.4,06,0,1,0,0,24,0,10,34,24,10,GEORGIA,GEORGIA,,,
146874,B.J. Harris,HB,0,,2026,134,70.7,63.3,72.6,61,60,28,0,1,0,1,7,6,1,15,8,7,C MICHIGAN,C MICHIGAN,67.7,,63.1
146913,O'Mega Blake,WR,0,,2026,136,65.7,69,76.9,68.7,56.3,09,0,1,0,0,32,0,14,46,32,14,CHARLOTTE,CHARLOTTE,,,
146915,Jordan Davis,T,0,,2028,288,,66,77.1,,59.3,79,0,1,0,38,0,0,26,64,38,26,S ALABAMA,S ALABAMA,77.4,,
146917,JonDarius Morgan,T,0,2026,2026,321,,63.8,78.9,,59.1,70,0,1,0,49,0,0,17,66,49,17,UAB,UAB,75.5,,
146985,Yulkeith Brown,WR,0,,2025,319,,54.1,75.5,51.6,71.8,05,0,1,0,0,17,0,17,34,17,17,TULANE,TULANE,,,
146990,Dametrious Crownover,T,0,2026,2026,312,,57.9,74.3,,48.3,78,0,1,0,20,0,0,15,35,20,15,TEXAS A&M,TEXAS A&M,82.9,,
146991,Amari Daniels,HB,0,,2026,312,69.7,81.5,71.4,57,60,05,0,1,0,0,5,5,1,11,5,6,TEXAS A&M,TEXAS A&M,,,81
146992,Reuben Fatheree II,T,0,,2026,312,,69.5,74.9,,57.8,76,0,1,0,29,0,0,11,40,29,11,TEXAS A&M,TEXAS A&M,87.2,,
146994,Bryce Foster,C,0,,2026,198,,59.3,78.7,,66.4,61,0,1,0,22,0,0,30,52,22,30,KANSAS,KANSAS,19,,
146996,Fernando Garza III,TE,0,,2026,281,,55.7,74.4,50.9,60.4,89,0,1,0,6,8,0,18,32,14,18,SM HOUSTON,SM HOUSTON,58,,
147003,LJ Johnson Jr.,HB,0,,2026,287,71.3,62.3,72.1,55.6,80,11,0,1,0,0,8,7,2,17,8,9,SMU,SMU,,,59.6
147012,Jordan Spasojevic-Moko,G,0,,2026,136,,49.6,0,,51.9,66,1,1,0,42,0,0,20,62,42,20,CHARLOTTE,CHARLOTTE,49.5,,
147018,Matthew Wykoff,G,0,,2026,130,,60,65.1,,,74,0,1,0,1,0,0,0,1,1,0,CAL,CAL,68.5,,
147019,Trey Zuhn III,T,0,2026,2026,312,,67.9,76.1,,56.3,60,0,1,0,31,0,0,20,51,31,20,TEXAS A&M,TEXAS A&M,89.3,,
147045,Emmanual Stevenson,TE,0,,2025,113,64.1,57.2,77.5,60.7,51.5,12,0,1,0,2,19,0,32,53,21,32,ARK STATE,ARK STATE,69.9,,
147050,Reagan Ealy,WR,0,,2025,113,,53.4,77,52.6,61.9,15,0,1,0,0,17,0,24,41,17,24,ARK STATE,ARK STATE,,,
147054,Noah Smith,T,0,,2026,113,,52.1,77.3,,52.3,65,0,1,0,28,0,0,41,69,28,41,ARK STATE,ARK STATE,49.6,,
147056,Mehki Butler,G,0,2025,2025,113,,67,80,,65.9,71,0,1,0,28,0,0,41,69,28,41,ARK STATE,ARK STATE,70.1,,
147058,Makilan Thomas,T,0,,2027,113,,72.1,76.8,,74.7,77,0,1,0,28,0,0,41,69,28,41,ARK STATE,ARK STATE,53.1,,
147081,Jared Brown,WR,0,,2026,289,65.3,68.1,75.7,68.8,42.8,14,1,1,0,0,14,1,12,27,14,13,S CAROLINA,S CAROLINA,,,63.4
147082,Kyre Duplessis,WR,0,2026,2026,141,60.3,79.3,66.1,,60,06,0,1,1,0,0,0,1,2,1,1,COAST CAR,COAST CAR,,76.2,
147083,Thomas Johnson,C,0,,2026,141,,58.8,9,,61.2,58,1,1,0,44,0,0,32,76,44,32,COAST CAR,COAST CAR,60.4,,
147087,Anthony Walton,G,0,,2026,141,,60.8,79.4,,60,73,0,1,0,32,0,0,27,59,32,27,COAST CAR,COAST CAR,59.4,,
147090,Jameson Tucker,WR,0,,2026,141,66,55.4,78.7,53.1,60.4,08,0,1,0,0,40,1,21,62,40,22,COAST CAR,COAST CAR,,,63.5
147111,Derwin Burgess Jr.,WR,0,,2025,174,62.9,57.6,0,59.7,61,02,1,1,0,0,29,0,16,45,29,16,GA SOUTHRN,GA SOUTHRN,,,
147115,Seaburn Hines,T,0,,2026,200,,50.5,76.9,,57.4,55,0,1,0,31,0,0,31,62,31,31,KENNESAW,KENNESAW,24.2,,
147118,Caleb Cook,G,0,,2027,174,,63.7,77.1,,58.6,78,0,1,0,25,0,0,16,41,25,16,GA SOUTHRN,GA SOUTHRN,85,,
147120,Evan Lester,TE,0,,2025,174,,54.3,69.8,52.6,59.3,87,0,1,0,0,3,0,4,7,3,4,GA SOUTHRN,GA SOUTHRN,,,
147141,Montrell Johnson Jr.,HB,0,2025,2025,163,65.5,59.3,71.1,57.2,60,01,0,1,0,0,3,2,2,7,3,4,FLORIDA,FLORIDA,,,60.5
147143,Dre Washington,HB,0,,2026,207,17.4,63.1,76.1,76,59,20,0,1,0,3,21,5,4,33,24,9,LA LAFAYET,LA LAFAYET,75.5,,54.3
147151,Mackey Maillho,T,0,,2026,207,,60,66.9,,59.1,79,0,1,0,0,0,0,3,3,0,3,LA LAFAYET,LA LAFAYET,,,
147152,George Jackson,T,0,,2027,207,,64.9,75.2,,59.8,71,0,1,0,24,0,0,23,47,24,23,LA LAFAYET,LA LAFAYET,76.4,,
147155,Robert Williams,WR,0,,2026,207,64.6,52.5,76.3,53.1,55.4,15,0,1,0,0,27,0,12,39,27,12,LA LAFAYET,LA LAFAYET,,,
147180,Peyton Dunn,G,0,,2026,182,,60.3,0,,60,66,1,1,0,33,0,0,29,62,33,29,HOUSTON,HOUSTON,82.8,,
147184,Justin Kimber,WR,0,,2026,209,,58,68.8,59.3,60,19,0,1,0,0,1,0,2,3,1,2,LA MONROE,LA MONROE,,,
147197,Andrew Wells,LS,0,,2026,209,,60,60,,60,S33,0,1,0,0,0,0,1,1,0,1,LA MONROE,LA MONROE,,,
147222,Ashtyn Hawkins,WR,0,,2026,118,67.4,68.3,76.2,67.7,62.2,06,0,1,0,0,32,0,25,57,32,25,BAYLOR,BAYLOR,,,
147247,Peyton Higgins,WR,0,,2026,318,64.1,75.6,74.7,73.9,60.6,02,0,1,0,0,18,0,5,23,18,5,TROY,TROY,,,
147252,Damien Taylor,HB,0,,2026,318,76.2,75.7,76.3,54.2,68.5,03,0,1,0,4,14,18,9,45,18,27,TROY,TROY,78.4,,74.6
147304,Simeon Evans,WR,0,,2026,281,67,71.2,77.8,68.3,62.9,03,1,1,0,0,31,1,23,55,31,24,SM HOUSTON,SM HOUSTON,,,63.2
147342,Blane Cleaver,TE,0,,2027,122,,68.6,70.7,,66.9,89,0,1,0,0,0,0,9,9,0,9,BOWL GREEN,BOWL GREEN,,,
147370,Keelan Marion,WR,0,2026,2026,128,68.7,65.9,77,63.4,59.9,17,0,1,0,0,21,2,20,43,21,22,BYU,BYU,,,65.5
147376,Nate Carter,HB,0,2025,2025,223,71.3,64.6,75,74.8,56.8,05,0,1,0,0,23,6,6,35,23,12,MICH STATE,MICH STATE,,,62.3
147413,Noe Ruelas,K,0,,2026,197,,60,63.8,,60,S16,0,1,0,0,0,0,1,1,0,1,JAMES MAD,JAMES MAD,,,
147426,Ryan Mosesso,T,0,,2026,216,,70.2,77.1,,69.9,79,0,1,0,32,0,0,44,76,32,44,UMASS,UMASS,61.4,,
147449,Tim Gans,HB,0,,2026,242,67.3,61.6,69.8,,60,20,0,1,0,0,0,3,3,6,0,6,NEW MEX ST,NEW MEX ST,,,61.2
147450,PJ Johnson III,WR,0,,2026,242,61,59.2,77,58.8,60.5,00,0,1,0,0,19,0,21,40,19,21,NEW MEX ST,NEW MEX ST,,,
147455,Shiyazh Pete,T,0,2026,2026,242,,57.4,76.9,,62.8,71,0,1,0,28,0,0,34,62,28,34,NEW MEX ST,NEW MEX ST,34.4,,
147473,Deion Colzie,WR,0,,2026,258,62.9,69.4,74.8,65.9,73.9,00,0,1,0,0,8,0,13,21,8,13,NOTRE DAME,NOTRE DAME,,,
147478,Rocco Spindler,G,0,,2026,258,,78.1,79.4,,77.2,50,0,1,0,41,0,0,34,75,41,34,NOTRE DAME,NOTRE DAME,86.1,,
147482,Pat Coogan,C,0,2026,2026,258,,69.9,6.6,,69.9,78,2,1,0,41,0,0,34,75,41,34,NOTRE DAME,NOTRE DAME,74.1,,
147483,Cane Berrong,TE,0,,2026,141,61,55.1,77,59.7,44,18,0,1,0,1,20,0,14,35,21,14,COAST CAR,COAST CAR,67.3,,
147484,Jack Polian,WR,0,,2025,258,,60,63.3,,60,81,0,1,0,0,0,0,1,1,0,1,NOTRE DAME,NOTRE DAME,,,
147485,Jayden Thomas,WR,0,,2026,258,62.9,63.8,75.6,63.6,59.7,83,0,1,0,0,10,0,15,25,10,15,NOTRE DAME,NOTRE DAME,,,
147486,Mitchell Evans,TE,0,2025,2025,258,65,59.3,78.1,56.4,69.6,88,0,1,0,0,34,0,15,49,34,15,NOTRE DAME,NOTRE DAME,,,
147493,Davis Sherwood,TE,0,,2025,258,,60,63.2,,60,38,0,1,0,0,0,0,2,2,0,2,NOTRE DAME,NOTRE DAME,,,
147499,Gabriel Rubio,DI,0,2026,2026,258,,60,60,,60,D97,0,1,0,0,0,0,1,1,0,1,NOTRE DAME,NOTRE DAME,,,
147505,Campbell Barrington,T,0,,2025,118,,63.8,77,,55.9,53,0,1,0,40,0,0,33,73,40,33,BAYLOR,BAYLOR,82.1,,
147528,Chase Roberts,WR,0,2026,2026,128,65.7,69,77.6,69.9,51.2,02,0,1,0,0,26,0,25,51,26,25,BYU,BYU,,,
147549,Harrison Hayes,G,0,,2026,206,,62.7,75,,62.4,55,0,1,0,7,0,0,13,20,7,13,LIBERTY,LIBERTY,59.5,,
147570,Josh Cuevas,TE,0,2026,2026,103,62.9,70.7,74.5,76.2,49.8,80,0,1,0,0,9,0,12,21,9,12,ALABAMA,ALABAMA,,,
147609,Gevani McCoy,QB,0,,2026,265,65.2,51.6,69.1,,60,04,0,1,4,0,0,1,2,7,4,3,OREGON ST,OREGON ST,,48.6,60.2
147657,Rush Reimer,G,0,2025,2025,130,,54.4,77.1,,46.4,63,0,1,0,25,0,0,7,32,25,7,CAL,CAL,77.4,,
147787,Cam Skattebo,HB,0,2025,2025,110,78.2,70.9,77.9,74.9,64.9,04,0,1,0,4,24,26,2,56,28,28,ARIZONA ST,ARIZONA ST,27.1,,69.4
147952,Travis Burke,T,1,2026,2026,166,,63.6,19.7,,63.8,77,1,1,0,41,0,0,29,70,41,29,FIU,FIU,75.1,,
147967,Connor Finer,TE,0,,2026,200,,56.9,70.2,58.3,59,80,0,1,0,1,2,0,2,5,3,2,KENNESAW,KENNESAW,65.2,,
147969,Gabriel Benyard,WR,0,2026,2026,200,66.2,58.7,75.3,59.2,56.7,01,0,1,0,0,6,0,14,20,6,14,KENNESAW,KENNESAW,,,
147986,Tykeem Wallace,WR,0,,2026,200,64.1,54.9,74.5,58.3,37.3,08,0,1,0,0,23,0,10,33,23,10,KENNESAW,KENNESAW,,,
147988,Blake Bohannon,WR,0,,2026,200,65,75.4,78.1,73.9,69.5,05,0,1,0,0,27,0,26,53,27,26,KENNESAW,KENNESAW,,,
148009,Kyrik Mason,T,0,,2027,175,,70.5,75.6,,76.1,74,0,1,0,39,0,0,6,45,39,6,GA STATE,GA STATE,61.3,,
148074,Tyce Ferrell,TE,0,,2025,117,61,47.8,73,53.9,46.5,86,0,1,0,1,8,0,6,15,9,6,BALL ST,BALL ST,65.4,,
148199,Drew Clausen,LS,0,,2027,193,,60,60,,60,S56,0,1,0,0,0,0,1,1,0,1,IOWA STATE,IOWA STATE,,,
148284,Sidney Fugar,T,0,2026,2026,118,,67.9,77.5,,64.7,69,0,1,0,40,0,0,33,73,40,33,BAYLOR,BAYLOR,70.5,,
148358,Brett Davis,C,0,,2026,197,,60.5,69.7,,60,70,0,1,0,2,0,0,3,5,2,3,JAMES MAD,JAMES MAD,74,,
148364,Josh Toner,G,0,,2026,197,,65.1,78.2,,62.2,72,0,1,0,17,0,0,25,42,17,25,JAMES MAD,JAMES MAD,83.3,,
148707,Gabriel Hollingsworth,TE,0,,2025,197,62.5,68.6,63.6,,,81,0,1,0,0,0,1,0,1,0,1,JAMES MAD,JAMES MAD,,,63.7
148771,Malin White,ED,0,,2026,126,,60,60,,60,D12,0,1,0,0,0,0,1,1,0,1,BUFFALO,BUFFALO,,,
148874,Israel Benjamin,HB,0,,2026,312,,59.7,65.2,58.6,,28,0,1,0,0,2,0,0,2,2,0,TEXAS A&M,TEXAS A&M,,,
148889,Tyler Neville,TE,0,2025,2025,335,65,50.7,78.3,62,39.2,16,0,1,0,1,22,0,14,37,23,14,VIRGINIA,VIRGINIA,0,,
149182,C.J. Ogbonna,QB,0,,2026,126,71.6,74.9,77.6,,60,07,0,1,44,0,0,6,34,84,44,40,BUFFALO,BUFFALO,,69.6,72.7
149327,Luke Popma,T,0,,2025,197,,60,64.1,,60,64,0,1,0,0,0,0,1,1,0,1,JAMES MAD,JAMES MAD,,,
149528,Caleb Gossett,WR,0,,2026,259,,55.2,73.7,55.7,60.2,88,0,1,0,0,5,0,4,9,5,4,OHIO,OHIO,,,
149817,Andrew McElroy,WR,0,,2025,254,61,60.8,75.8,60.6,60.1,19,0,1,0,0,14,0,17,31,14,17,N ILLINOIS,N ILLINOIS,,,
149978,Jayson Tarpeh,T,0,,2026,156,,60,64.3,,59.9,61,0,1,0,0,0,0,1,1,0,1,E CAROLINA,E CAROLINA,,,
149997,Raphael Williams Jr.,WR,0,,2026,268,66.7,60.6,77.3,59.3,70.5,05,0,1,0,0,57,0,17,74,57,17,PITTSBURGH,PITTSBURGH,,,
150060,Jimeto Obigbo,G,0,,2026,314,,66.7,73,,65.8,55,0,1,0,1,0,0,11,12,1,11,TEXAS ST,TEXAS ST,70.6,,
150063,Dorion Strawn,T,0,,2026,314,,64.5,76.6,,58.7,64,0,1,0,39,0,0,18,57,39,18,TEXAS ST,TEXAS ST,72,,
150169,Gage Larvadain,WR,0,2025,2025,289,61,58.1,77.2,57.7,61.7,07,0,1,0,0,27,0,17,44,27,17,S CAROLINA,S CAROLINA,,,
150195,Kylin James,HB,0,,2026,325,68.9,76.3,69,65.7,60,20,0,1,0,0,1,4,2,7,1,6,UNLV,UNLV,,,74
150211,Alex Foster,G,0,,2026,144,,46.4,72.7,,41.4,69,0,1,0,1,0,0,11,12,1,11,COLO STATE,COLO STATE,68.4,,
150238,Braedon Sloan,HB,0,,2025,117,69.7,58,74.7,53.3,59.5,14,0,1,1,6,16,5,2,30,23,7,BALL ST,BALL ST,78.7,,58.2
150240,Jayden Higgins,WR,0,2025,2025,193,66.7,64.5,0,65.8,61.4,09,1,1,0,0,40,0,21,61,40,21,IOWA STATE,IOWA STATE,,,
150270,Zach Hrbacek,HB,0,,2026,281,67.1,54.8,64.5,,60,00,0,1,0,0,0,1,1,2,0,2,SM HOUSTON,SM HOUSTON,,,59.6
150302,Matthew Caldwell,QB,0,2026,2026,318,42.6,82.7,77.3,,60,12,1,1,36,0,0,11,27,74,36,38,TROY,TROY,,86.6,58.8
150307,Pearson Baldwin,TE,0,,2026,196,,51.3,75.4,54.9,55.2,19,0,1,0,1,4,0,15,20,5,15,JVILLE ST,JVILLE ST,33.7,,
150309,Brock Rechsteiner,WR,0,2026,2026,196,62.9,56.9,72.2,57.2,60,89,0,1,0,0,9,0,2,11,9,2,JVILLE ST,JVILLE ST,,,
150312,JT Pennington,G,0,,2026,200,,63.1,79,,67.8,65,0,1,0,26,0,0,27,53,26,27,KENNESAW,KENNESAW,29.1,,
150349,Jacob Bayer,C,0,2025,2025,113,,77.6,79.7,,73.5,73,0,1,0,28,0,0,41,69,28,41,ARK STATE,ARK STATE,72.5,,
150351,Drew Moss,G,0,2025,2025,144,,72.3,78.8,,71.1,68,0,1,0,20,0,0,43,63,20,43,COLO STATE,COLO STATE,77.3,,
150393,Ademola Faleye,TE,0,,2026,223,,53.4,72.9,55.2,58.9,13,0,1,0,1,5,0,3,9,6,3,MICH STATE,MICH STATE,37.8,,
150473,Torricelli Simpkins III,G,0,2025,2025,289,,70.6,79,,67,76,0,1,0,38,0,0,31,69,38,31,S CAROLINA,S CAROLINA,88.4,,
150690,Caden Barnett,T,0,2026,2026,351,,64.6,12,,61.8,72,1,1,0,32,0,0,28,60,32,28,WYOMING,WYOMING,82.4,,
150700,Jaylen Sargent,WR,0,,2026,351,64.1,58.5,77,58.2,60.4,08,0,1,0,0,25,0,20,45,25,20,WYOMING,WYOMING,,,
150701,Sam Scott,HB,0,2026,2026,351,71.3,62.5,74.5,55,68.4,22,0,1,0,3,8,7,5,23,11,12,WYOMING,WYOMING,79.1,,60.3
150706,Jack Walsh,G,0,,2026,351,,56.3,78.6,,49.5,79,0,1,0,32,0,0,28,60,32,28,WYOMING,WYOMING,81.5,,
150889,Shunmarkus Adams,G,0,,2026,214,,60,60,,60,60,0,1,0,0,0,0,1,1,0,1,MARSHALL,MARSHALL,,,
151053,Jhari Patterson,WR,0,,2025,156,62.9,57.7,72.9,57.6,60.3,00,0,1,0,0,9,0,12,21,9,12,E CAROLINA,E CAROLINA,,,
151054,Richard Pearce,G,0,,2026,241,,61.1,79.5,,57.3,78,0,1,0,32,0,0,44,76,32,44,NEW MEXICO,NEW MEXICO,83.7,,
151063,Zion Wilson,DI,0,2026,2027,156,,60,63.6,,59.7,D54,0,1,0,0,0,0,1,1,0,1,E CAROLINA,E CAROLINA,,,
151069,Malachi Fields,WR,0,2026,2026,335,13.4,69.9,78.3,68,85.5,08,0,1,1,0,31,0,17,49,32,17,VIRGINIA,VIRGINIA,,50.8,
151077,Ethan Davies,WR,0,,2028,335,17.8,44.3,0,60,,26,1,1,0,0,1,0,0,1,1,0,VIRGINIA,VIRGINIA,,,
151082,Ty Furnish,G,0,,2027,335,,51.4,76.5,,58.4,51,0,1,0,21,0,0,12,33,21,12,VIRGINIA,VIRGINIA,16.3,,
151098,Logan Taylor,G,0,2026,2026,121,,49.5,9.6,,53.7,65,1,1,0,41,0,0,37,78,41,37,BOSTON COL,BOSTON COL,38.6,,
151103,Jack Witmer,T,0,,2026,335,,53,71.7,,46.5,68,0,1,0,7,0,0,9,16,7,9,VIRGINIA,VIRGINIA,82.7,,
151192,CJ James Jr.,C,0,,2026,331,,68.5,80.9,,63.2,51,1,1,0,57,0,0,40,97,57,40,UTSA,UTSA,79.7,,
151251,Jesse Ramil,T,0,,2026,197,,66.9,77.2,,59,77,0,1,0,26,0,0,40,66,26,40,JAMES MAD,JAMES MAD,87.2,,
151266,Jake Bruno,TE,0,,2026,259,61,53.6,75,57.3,50,86,0,1,0,1,7,0,13,21,8,13,OHIO,OHIO,67.7,,
152262,Heston Edwards,G,0,,2026,141,,61.5,0,,64.1,51,1,1,0,20,0,0,10,30,20,10,COAST CAR,COAST CAR,84.6,,
152603,Saveyon Henderson,T,0,,2025,144,,67.7,16.3,,66.3,77,1,1,0,20,0,0,43,63,20,43,COLO STATE,COLO STATE,87.4,,
153526,Carson Goda,TE,0,,2025,187,,55.3,76.3,55.6,56.2,84,0,1,0,1,4,0,17,22,5,17,ILLINOIS,ILLINOIS,67.8,,
154600,Jack Hestera,WR,0,,2026,329,62.9,70.3,76,70.1,61,14,0,1,0,0,16,0,25,41,16,25,UTAH ST,UTAH ST,,,
154704,Keydrell Lewis,T,1,,2025,218,,56.1,0,,67,70,1,1,0,2,0,0,7,9,2,7,MEMPHIS,MEMPHIS,77.3,,
154759,Da'Metrius Weatherspoon,T,0,2026,2026,304,,75.9,72.4,,73.8,57,0,1,0,9,0,0,8,17,9,8,SYRACUSE,SYRACUSE,79.5,,
155211,Cash Jones,HB,0,2026,2026,173,64.6,61.1,74,62.3,59,32,0,1,0,1,19,0,3,23,20,3,GEORGIA,GEORGIA,69.7,,
155412,Jalen Travis,T,0,2025,2025,193,,53.5,77.5,59.2,47.8,72,1,1,0,40,1,0,31,72,41,31,IOWA STATE,IOWA STATE,67.5,,
155544,Atticus Sappington,K,0,,2026,264,,60,60,,60,S36,0,1,0,0,0,0,1,1,0,1,OREGON,OREGON,,,
155545,Anthony Zaccaro,LS,0,,2026,288,,60,60,,60,S42,0,1,0,0,0,0,1,1,0,1,S ALABAMA,S ALABAMA,,,
155624,Jamaal Pritchett,WR,0,2025,2025,288,69.4,87.7,77.4,86.9,58.6,02,0,1,0,0,33,0,15,48,33,15,S ALABAMA,S ALABAMA,,,
155846,John Adams,WR,0,,2025,306,61,55,0,63.9,41.2,17,1,1,0,0,10,0,7,17,10,7,TEMPLE,TEMPLE,,,
155885,Rylan Green,TE,0,,2026,209,,48.3,74.6,56.1,44.6,85,0,1,0,4,6,0,17,27,10,17,LA MONROE,LA MONROE,69.7,,
155982,Mekhi Mews,WR,0,,2026,182,73.2,59.7,76.4,58.1,77.8,83,0,1,0,0,28,1,14,43,28,15,HOUSTON,HOUSTON,,,57.9
155992,Jordin Parker,WR,0,,2026,347,67.3,53.8,78.1,54.3,54.7,02,0,1,0,0,26,0,14,40,26,14,W MICHIGAN,W MICHIGAN,,,
156008,Jackson Kohal,G,0,,2025,101,,60,65.2,,60,54,0,1,0,0,0,0,1,1,0,1,AIR FORCE,AIR FORCE,,,
156043,Tylan Hines,HB,0,,2027,180,21.4,29.4,69.6,36.1,,02,0,1,0,1,3,3,0,7,4,3,HAWAII,HAWAII,70.8,,39.1
156073,Dartanyan Tinsley,G,0,2025,2025,138,,67.7,79.7,,64.9,54,0,1,0,24,0,0,35,59,24,35,CINCINNATI,CINCINNATI,85.2,,
156074,Emmit Bohle,T,0,,2025,110,,62.3,75.4,,58.2,70,0,1,0,14,0,0,12,26,14,12,ARIZONA ST,ARIZONA ST,82.5,,
156165,Matthew Golden,WR,0,2025,2025,311,64.6,59.1,78.8,60.3,47.6,02,1,1,0,0,29,0,27,56,29,27,TEXAS,TEXAS,,,
156167,Demetrius Hunter,C,0,,2027,182,,59.8,79.2,,61,59,0,1,0,33,0,0,29,62,33,29,HOUSTON,HOUSTON,49.4,,
156223,Jude Bowry,T,0,2026,2026,121,,77.6,76.2,,73.7,71,0,1,0,31,0,0,21,52,31,21,BOSTON COL,BOSTON COL,80.5,,
156225,Jeremiah Franklin,TE,0,2026,2026,121,65,66.2,77.5,63.2,65.7,17,0,1,0,0,24,0,30,54,24,30,BOSTON COL,BOSTON COL,,,
156238,Josh Sapp,TE,0,,2027,140,61,62.6,64.4,62.7,,05,0,1,0,0,1,0,0,1,1,0,CLEMSON,CLEMSON,,,
156239,Cole Turner,WR,0,,2030,140,61,59.9,73.9,59.7,60.8,22,0,1,0,0,18,0,5,23,18,5,CLEMSON,CLEMSON,,,
156241,Antonio Williams,WR,0,2026,2026,140,74.1,74.4,78.3,73.6,61.4,00,0,1,0,0,46,0,18,64,46,18,CLEMSON,CLEMSON,,,
156248,Blake Miller,T,0,2026,2026,140,,71.6,77.5,,70.1,78,0,1,0,52,0,0,20,72,52,20,CLEMSON,CLEMSON,70.2,,
156252,Adam Randall,WR,0,2026,2026,140,,53.4,74.3,54.2,60,08,0,1,0,0,12,0,1,13,12,1,CLEMSON,CLEMSON,,,
156253,Cade Klubnik,QB,0,2026,2026,140,40.6,86.8,77.1,,60,02,0,1,52,0,0,3,17,72,52,20,CLEMSON,CLEMSON,,86.1,64.7
156281,Daughtry Richardson,T,0,,2027,165,,57.5,76.6,,53.5,78,0,1,0,41,0,0,25,66,41,25,FAU,FAU,62.3,,
156290,Rodney Hill,HB,0,,2027,111,61,60.9,67.9,61,,20,0,1,0,0,3,0,0,3,3,0,ARKANSAS,ARKANSAS,,,
156301,Tyler Gibson,T,0,,2027,136,,63.3,72.2,,58.8,74,0,1,0,13,0,0,5,18,13,5,CHARLOTTE,CHARLOTTE,72.2,,
156319,Nate Kurisky,TE,0,,2027,210,64.6,67.3,74,77.1,44.5,85,0,1,0,1,5,0,5,11,6,5,LOUISVILLE,LOUISVILLE,65.5,,
156320,Chance Morrow,WR,0,,2027,126,,41.1,77,42.4,60.4,06,0,1,0,0,20,0,6,26,20,6,BUFFALO,BUFFALO,,,
156321,Chris Bell,WR,0,2026,2026,210,67.5,73.7,77.7,73,61.1,00,0,1,0,0,41,0,25,66,41,25,LOUISVILLE,LOUISVILLE,,,
156343,Jaleel Skinner,TE,0,,2027,210,,46.6,66,59.7,42.1,88,0,1,0,0,1,0,1,2,1,1,LOUISVILLE,LOUISVILLE,,,
156349,Trevyon Green,T,0,,2027,245,,69.1,77.2,,70.7,78,0,1,0,33,0,0,44,77,33,44,N CAROLINA,N CAROLINA,53.9,,
156351,George Pettaway,HB,0,,2027,197,76.5,65.5,76,58.2,57.8,06,0,1,0,5,9,19,9,42,14,28,JAMES MAD,JAMES MAD,56.5,,65.7
156362,Ryan Baer,T,0,,2027,268,,55.7,78.6,,60.9,70,0,1,0,68,0,0,25,93,68,25,PITTSBURGH,PITTSBURGH,45.4,,
156366,Dakota Twitty,TE,0,,2027,335,61,56.5,74.2,61.5,45.2,83,0,1,0,0,13,0,10,23,13,10,VIRGINIA,VIRGINIA,,,
156371,Xavier Brown,HB,0,,2027,335,73.5,62,75.6,53.3,59.6,00,0,1,0,5,16,11,2,34,21,13,VIRGINIA,VIRGINIA,78.4,,62.9
156381,Sean Wilson Jr.,WR,0,,2029,335,62.9,57.8,74.1,57.8,60.8,06,0,1,0,0,10,0,7,17,10,7,VIRGINIA,VIRGINIA,,,
156382,Eli Wood,WR,0,,2027,335,,54.8,74.8,54.8,60.4,82,0,1,0,0,11,0,9,20,11,9,VIRGINIA,VIRGINIA,,,
156387,McKale Boley,T,0,,2027,335,,65.9,77.6,,62.6,52,0,1,0,42,0,0,28,70,42,28,VIRGINIA,VIRGINIA,68.4,,
156390,Blake Steen,T,0,,2027,335,,50.7,76.1,,62.2,54,1,1,0,35,0,0,19,54,35,19,VIRGINIA,VIRGINIA,26.1,,
156393,Davis Lane,HB,0,,2027,335,62.5,59.3,63.5,,,25,0,1,0,0,0,1,0,1,0,1,VIRGINIA,VIRGINIA,,,59.7
156397,Kam Perry,WR,0,,2027,221,,45.6,73.4,46.6,61.1,10,0,1,0,0,17,0,6,23,17,6,MIAMI OH,MIAMI OH,,,
156398,Brendan Sorsby,QB,0,,2026,138,34.3,70.3,76.6,,60,02,0,1,24,0,0,10,25,59,24,35,CINCINNATI,CINCINNATI,,71.7,61.7
156414,Cam Camper,WR,0,2025,2025,120,66.2,66.5,78.7,65.9,60.9,09,0,1,0,0,30,0,20,50,30,20,BOISE ST,BOISE ST,,,
156423,Jacob Bostick,WR,0,,2028,312,,51,75.1,53.7,42.2,11,1,1,0,0,16,0,6,22,16,6,TEXAS A&M,TEXAS A&M,,,
156460,Luke Lindenmeyer,TE,0,,2028,238,61,76,73.1,69.4,78.3,44,0,1,0,1,7,0,8,16,8,8,NEBRASKA,NEBRASKA,68.3,,
156464,Justin Evans,G,0,,2028,238,,67.4,79.8,,62.8,51,0,1,0,43,0,0,21,64,43,21,NEBRASKA,NEBRASKA,84.1,,
156471,Janiran Bonner,WR,0,,2028,238,64.1,68.9,74.5,68,59.9,16,0,1,0,0,15,0,8,23,15,8,NEBRASKA,NEBRASKA,,,
156473,Emmett Johnson,HB,0,2026,2026,238,73.5,69.5,77.1,67.8,60,21,0,1,0,5,32,10,1,48,37,11,NEBRASKA,NEBRASKA,15.2,,75.8
156479,Devin Brown,QB,0,,2027,260,,60,66.6,,60,33,0,1,0,0,0,0,3,3,0,3,OHIO STATE,OHIO STATE,,,
156480,Kyion Grayes,WR,0,,2028,130,,55.5,70.6,56,60,03,0,1,0,0,5,0,3,8,5,3,CAL,CAL,,,
156481,George Fitzpatrick,T,0,,2027,260,,60.1,67.2,,60,68,0,1,0,0,0,0,3,3,0,3,OHIO STATE,OHIO STATE,,,
156482,Bennett Christian,TE,0,,2027,260,,60.5,75,54.3,62.7,85,0,1,0,3,4,0,16,23,7,16,OHIO STATE,OHIO STATE,69.6,,
156494,Zion Steptoe,WR,0,,2027,320,62.9,59.9,76.6,61.5,38.7,07,1,1,0,0,24,0,11,35,24,11,TULSA,TULSA,,,
156503,Kwabena Asamoah,G,0,,2028,278,,66.7,79.1,,63.4,69,0,1,0,32,0,0,36,68,32,36,RUTGERS,RUTGERS,81.9,,
156504,Dantae Chin,G,0,,2028,278,,67.1,80,,63,76,0,1,0,32,0,0,36,68,32,36,RUTGERS,RUTGERS,87.1,,
156505,Mike Higgins,TE,0,,2028,278,,53.3,71.3,50.1,59.8,88,0,1,0,0,6,0,11,17,6,11,RUTGERS,RUTGERS,,,
156514,Tyriq Starks,QB,0,,2026,165,68.1,49.9,73.9,89.2,60,08,0,1,20,0,1,1,9,31,21,10,FAU,FAU,,42.5,57.3
156520,Omari Hayes,WR,0,,2027,165,67,63.5,77.2,59.3,70.5,10,0,1,1,0,37,0,11,49,38,11,FAU,FAU,,74.6,
156526,Okino King,G,0,,2027,165,,59.9,70.1,,,62,0,1,0,5,0,0,0,5,5,0,FAU,FAU,57.1,,
156534,Wyatt Sullivan,TE,0,,2028,165,62.9,50.2,78.6,57.1,51.7,17,0,1,0,10,27,0,12,49,37,12,FAU,FAU,26.1,,
156546,Naeer Jackson,G,0,,2027,166,,58,78.2,,54.7,50,0,1,0,31,0,0,23,54,31,23,FIU,FIU,67.3,,
156549,John Bock II,C,0,,2027,166,,55.6,2.3,,60.2,62,1,1,0,41,0,0,29,70,41,29,FIU,FIU,52,,
156569,Landon Nelson,C,0,,2026,208,,61.3,0,,64.2,55,1,1,0,19,0,0,45,64,19,45,LA TECH,LA TECH,55.4,,
156582,Cyrus Allen,WR,0,2026,2026,312,61,74,71,71.4,60.7,06,0,1,0,0,3,0,5,8,3,5,TEXAS A&M,TEXAS A&M,,,
156596,DJ Riles,WR,0,,2027,175,66.4,46.2,78.3,48.8,32.7,10,1,1,0,0,39,0,11,50,39,11,GA STATE,GA STATE,,,
156612,Howard Sampson,T,0,,2027,245,,60.4,77.7,,54.2,79,1,1,0,33,0,0,44,77,33,44,N CAROLINA,N CAROLINA,79.2,,
156629,Quez Yates,G,0,,2026,321,,62.9,77.3,59.7,51,71,0,1,0,48,1,0,17,66,49,17,UAB,UAB,77.1,,
156630,Dallas Payne,TE,0,,2026,321,61,48.2,75.5,44,71.6,11,0,1,0,1,23,0,3,27,24,3,UAB,UAB,67.3,,
156642,Caden Veltkamp,QB,0,,2027,346,45.2,71.4,75.7,,60,10,0,1,31,0,0,6,14,51,31,20,W KENTUCKY,W KENTUCKY,,70.4,63.2
156645,Evan Wibberley,C,0,,2027,346,,58.5,0,,56.3,58,1,1,0,31,0,0,20,51,31,20,W KENTUCKY,W KENTUCKY,86.2,,
156653,Miller McCrumby,TE,0,,2026,113,61,54.2,72,55.9,54.4,13,0,1,0,1,6,0,8,15,7,8,ARK STATE,ARK STATE,68.3,,
156658,Elijah Zollicoffer,G,0,,2026,113,,59.5,79.1,,62.9,74,1,1,0,28,0,0,41,69,28,41,ARK STATE,ARK STATE,29.3,,
156667,Bryce Archie,QB,0,,2026,327,28.6,61,76.1,54.3,60.1,03,0,1,22,0,1,5,26,54,23,31,USF,USF,,52.9,69.4
156670,Brooks Johnson,TE,0,,2027,141,,59.3,71.1,59.9,60.1,11,0,1,0,0,1,0,7,8,1,7,COAST CAR,COAST CAR,,,
156673,Nick Del Grande,T,0,,2027,141,,63.7,77.8,,66.6,62,0,1,0,44,0,0,32,76,44,32,COAST CAR,COAST CAR,52.5,,
156691,Avion McBride,TE,0,,2027,175,61,44.3,74.8,64,37.5,35,0,1,0,2,12,0,12,26,14,12,GA STATE,GA STATE,69.7,,
156693,Alec Johnson,C,0,,2027,175,,60,79.9,,53.7,70,0,1,0,56,0,0,19,75,56,19,GA STATE,GA STATE,72.5,,
156697,D-Icey Hopkins,S,0,,2027,175,,60,65,,60,D04,0,1,0,0,0,0,1,1,0,1,GA STATE,GA STATE,,,
156700,Rykem Laney,WR,0,,2026,175,,54.4,70.8,54.8,60.2,06,0,1,0,0,8,0,2,10,8,2,GA STATE,GA STATE,,,
156710,Alonza Barnett III,QB,0,,2027,197,72.7,75.4,77.6,,60,14,0,1,34,0,0,12,33,79,34,45,JAMES MAD,JAMES MAD,,71.4,68.8
156712,Wayne Knight,HB,0,,2028,197,73.2,92.8,73.9,72.7,60,25,0,1,0,7,9,10,2,28,16,12,JAMES MAD,JAMES MAD,44.8,,93.3
156713,Carter Miller,C,0,,2027,209,,58.4,78.4,,57.4,50,0,1,0,20,0,0,28,48,20,28,LA MONROE,LA MONROE,62.8,,
156714,Carter Sweazie,G,0,,2028,197,,66,0,,73.2,60,1,1,0,17,0,0,21,38,17,21,JAMES MAD,JAMES MAD,52.7,,
156717,Jo Simmons,T,0,,2028,197,,60.4,73.1,,54.1,79,0,1,0,12,0,0,9,21,12,9,JAMES MAD,JAMES MAD,75,,
156733,Zeon Chriss-Gremillion,QB,0,,2027,182,73.6,56.9,76.3,,60,02,0,1,33,0,0,13,15,61,33,28,HOUSTON,HOUSTON,,49.6,65.3
156734,Zylan Perry,HB,0,,2027,207,69.3,49.5,68.9,59.9,,21,0,1,0,1,1,3,0,5,2,3,LA LAFAYET,LA LAFAYET,67.8,,51.4
156735,Bryant Williams,T,0,,2027,207,,58.2,74.8,,45.5,64,0,1,0,29,0,0,11,40,29,11,LA LAFAYET,LA LAFAYET,78.9,,
156738,Kaden Moreau,G,0,,2027,207,,65.8,71.2,,63.6,75,0,1,0,5,0,0,2,7,5,2,LA LAFAYET,LA LAFAYET,43.1,,
156742,Terrance Carter Jr.,TE,0,,2027,207,65.7,60.9,77.8,67.4,51.1,00,1,1,0,1,36,0,25,62,37,25,LA LAFAYET,LA LAFAYET,12,,
156782,Brett Drillette,LB,0,,2026,209,,60,60,,60,D54,0,1,0,0,0,0,1,1,0,1,LA MONROE,LA MONROE,,,
156800,Jalen Slappy,G,0,,2027,214,,64.6,79.1,,61.7,70,0,1,0,40,0,0,26,66,40,26,MARSHALL,MARSHALL,75.2,,
156805,Toby Payne,TE,0,,2027,214,64.1,54.3,80.3,47.3,75.5,81,2,1,0,0,40,0,26,66,40,26,MARSHALL,MARSHALL,,,
156837,Kenyon Clay,HB,0,,2027,296,73.4,67.6,74.4,79.4,59.5,05,0,1,0,5,8,10,2,25,13,12,SO MISS,SO MISS,78,,62.4
156838,Wil Saxton,G,0,,2027,296,,52.6,77.6,,51.1,50,0,1,0,15,0,0,21,36,15,21,SO MISS,SO MISS,57.5,,
156840,Ethan Bumgarner,G,0,,2025,296,,59,71.2,,58.8,52,0,1,0,0,0,0,7,7,0,7,SO MISS,SO MISS,,,
156861,Titus Lyons,TE,0,,2026,314,63.6,66.6,0,64.9,78.4,86,1,1,0,1,9,0,6,16,10,6,TEXAS ST,TEXAS ST,67.3,,
156877,Daniel King,T,0,,2026,318,,80.4,77.1,,77.2,74,0,1,0,36,0,0,38,74,36,38,TROY,TROY,78.9,,
156886,Tyhler Williams,C,0,,2027,102,,63.5,79.9,,72.6,54,0,1,0,59,0,0,16,75,59,16,AKRON,AKRON,38.3,,
156890,Charles Kellom,HB,0,,2027,102,67.4,51.8,73.5,43.7,60,22,0,1,0,4,20,2,2,28,24,4,AKRON,AKRON,27.7,,56.4
156892,Bobby Golden,WR,0,,2026,102,14.1,53.3,77.3,53.4,61.4,04,0,1,0,0,34,0,11,45,34,11,AKRON,AKRON,,,
156895,Tanner Koziol,TE,0,2026,2026,117,69,89.1,79.6,90.6,51.4,88,0,1,0,1,34,1,22,58,35,23,BALL ST,BALL ST,64.8,,63.1
156914,Justin Holmes,TE,0,,2026,214,61,78.3,72.2,80.9,65.4,80,0,1,0,0,5,0,7,12,5,7,MARSHALL,MARSHALL,,,
156921,Kordell David,WR,0,,2025,242,,53.9,77.3,53.2,62.9,11,0,1,0,0,18,0,21,39,18,21,NEW MEX ST,NEW MEX ST,,,
156931,Cooper Sheehan,C,0,,2027,242,,54.7,69.7,,57.7,50,0,1,0,1,0,0,7,8,1,7,NEW MEX ST,NEW MEX ST,33,,
156939,Louie Canepa,T,0,,2027,242,,59,76.4,,55.2,66,0,1,0,14,0,0,18,32,14,18,NEW MEX ST,NEW MEX ST,82.3,,
156940,Jonathan Brady,WR,0,2026,2026,130,67.4,69.3,75.5,69.3,60.6,06,0,1,0,0,22,1,11,34,22,12,CAL,CAL,,,59.4
156966,Steve Angeli,QB,0,,2027,258,62.5,60,63.6,,,18,0,1,0,0,0,1,0,1,0,1,NOTRE DAME,NOTRE DAME,,,60
156970,Eli Raridon,TE,0,2026,2026,258,,60.4,74.5,50.2,73.3,09,1,1,0,1,9,0,20,30,10,20,NOTRE DAME,NOTRE DAME,11,,
156971,Holden Staes,TE,0,,2026,307,61,59.3,77.5,60.1,55.7,19,0,1,0,1,20,0,18,39,21,18,TENNESSEE,TENNESSEE,70,,
156973,Aamil Wagner,T,0,2026,2026,258,,65.1,77.1,,71.9,59,1,1,0,41,0,0,34,75,41,34,NOTRE DAME,NOTRE DAME,45,,
156975,Joey Tanona,T,0,,2028,273,,59.6,71.9,,56.7,79,0,1,0,6,0,0,4,10,6,4,PURDUE,PURDUE,79.2,,
156977,Josh Burnham,ED,0,,2027,258,,60,65,,60,D40,0,1,0,0,0,0,1,1,0,1,NOTRE DAME,NOTRE DAME,,,
156979,Billy Schrauth,G,0,2026,2026,258,,67.1,80.3,,62.9,74,0,1,0,41,0,0,34,75,41,34,NOTRE DAME,NOTRE DAME,86.1,,
156980,Tobias Merriweather,WR,0,,2028,130,61,50.7,75.2,53.5,40.9,05,0,1,0,0,23,0,6,29,23,6,CAL,CAL,,,
156985,Jadarian Price,HB,0,2026,2026,258,70.5,69.6,72.5,54.6,70.7,24,0,1,0,1,7,6,1,15,8,7,NOTRE DAME,NOTRE DAME,70,,68.4
156989,Carter Fouty,G,0,,2026,316,,45.9,79.3,,51.3,66,0,1,0,28,0,0,29,57,28,29,TOLEDO,TOLEDO,14.4,,
156998,Ethan Spoth,G,0,,2027,316,,68.3,78.1,,64.9,72,0,1,0,26,0,0,27,53,26,27,TOLEDO,TOLEDO,85.9,,
156999,John Alan Richter,QB,0,,2029,316,61.8,59.7,69.5,,60,06,0,1,2,0,0,0,6,8,2,6,TOLEDO,TOLEDO,,58.9,
157001,Tyler Booker,G,0,2025,2025,103,,74.8,77.9,,73.6,52,0,1,0,19,0,0,21,40,19,21,ALABAMA,ALABAMA,83.1,,
157003,Jam Miller,HB,0,2026,2026,103,72.6,66.7,73.8,68.2,58.2,26,0,1,0,1,9,9,5,24,10,14,ALABAMA,ALABAMA,67.8,,65.6
157004,Kendrick Law,WR,0,2026,2026,103,66.7,49.9,73.9,53.5,61.2,01,0,1,0,0,11,2,10,23,11,12,ALABAMA,ALABAMA,,,53.7
157008,Ty Simpson,QB,0,2026,2026,103,66.8,74.8,72.8,,60,15,0,1,12,0,0,1,8,21,12,9,ALABAMA,ALABAMA,,66.9,71.9
157010,Aaron Anderson,WR,0,2026,2026,211,66.7,65.8,77.5,65.3,61.7,01,0,1,0,0,44,0,24,68,44,24,LSU,LSU,,,
157020,Rashod Dubinion,HB,0,,2026,111,71.6,71,74.1,68.2,58.7,07,0,1,0,4,12,7,3,26,16,10,ARKANSAS,ARKANSAS,56.6,,71.9
157022,E'Marion Harris,G,0,,2027,111,,47.6,76.2,,46.9,76,0,1,0,34,0,0,26,60,34,26,ARKANSAS,ARKANSAS,48.5,,
157025,Andrew Chamblee,T,0,,2027,287,,74.2,74.6,,67.9,74,0,1,0,18,0,0,16,34,18,16,SMU,SMU,86.1,,
157037,Damari Alston,HB,0,,2027,115,69.7,73.1,72.3,54.1,60,00,0,1,0,3,7,5,1,16,10,6,AUBURN,AUBURN,74,,74.2
157040,EJ Harris,G,0,,2027,115,,66.8,73.7,,65.5,56,0,1,0,5,0,0,10,15,5,10,AUBURN,AUBURN,75.9,,
157049,Camden Brown,WR,0,2026,2026,115,61,55.4,73.2,55.5,61.1,04,0,1,0,0,9,0,8,17,9,8,AUBURN,AUBURN,,,
157053,Micah Riley,TE,0,,2027,115,61.9,54.4,69.4,53,59,84,0,1,0,0,4,0,6,10,4,6,AUBURN,AUBURN,,,
157054,Camden Etheredge,TE,0,,2028,115,,59.9,63,59.8,,28,0,1,0,0,1,0,0,1,1,0,AUBURN,AUBURN,,,
157068,Aliou Bah,G,0,,2027,215,,59.7,79.9,,60.5,66,0,1,0,65,0,0,21,86,65,21,MARYLAND,MARYLAND,52.5,,
157076,CJ Smith,WR,0,,2027,273,61,54.6,73.1,54.9,58.8,09,0,1,0,0,15,0,9,24,15,9,PURDUE,PURDUE,,,
157077,De'Nylon Morrissette,WR,0,,2028,273,,44.2,73.2,45.7,59.3,08,0,1,0,0,12,0,4,16,12,4,PURDUE,PURDUE,,,
157080,Oscar Delp,TE,0,2026,2026,173,65,80,76.3,79,63.2,04,0,1,0,3,20,0,17,40,23,17,GEORGIA,GEORGIA,73.3,,
157100,Dane Key,WR,0,2026,2026,202,64.1,73.9,77.4,72,69.5,06,0,1,0,1,22,0,22,45,23,22,KENTUCKY,KENTUCKY,61.9,,
157106,Will Campbell,T,0,2025,2025,211,,61,30.1,,56.9,66,1,1,0,58,0,0,35,93,58,35,LSU,LSU,75.7,,
157117,Emery Jones Jr.,T,0,2025,2025,211,,67.9,28.6,,64,50,1,1,0,58,0,0,35,93,58,35,LSU,LSU,79.9,,
157119,Bo Bordelon,G,0,,2027,211,,60,64.1,,60,89,0,1,0,0,0,0,1,1,0,1,LSU,LSU,,,
157122,Mason Taylor,TE,0,2025,2025,211,66.2,56.4,81,59.9,45.7,86,0,1,0,9,48,0,35,92,57,35,LSU,LSU,73.4,,
157128,Quinshon Judkins,HB,0,2025,2025,260,75.2,77.7,73.7,60.4,60,01,0,1,0,1,7,15,1,24,8,16,OHIO STATE,OHIO STATE,19.8,,77
157141,Braedyn Locke,QB,0,,2027,349,68.5,51.5,23.2,,60.1,18,1,1,35,0,0,0,31,66,35,31,WISCONSIN,WISCONSIN,,53.3,57.3
157144,Percy Lewis IV,T,0,,2026,115,,83.8,72.1,,82.5,73,0,1,0,9,0,0,7,16,9,7,AUBURN,AUBURN,81,,
157163,Mekhi Miller,WR,0,,2027,229,,47.2,75.6,47.8,59.6,10,0,1,0,0,17,0,9,26,17,9,MISSOURI,MISSOURI,,,
157168,Tristan Wilson,G,0,,2027,229,,60,64.4,,60,73,0,1,0,0,0,0,1,1,0,1,MISSOURI,MISSOURI,,,
157170,Luther Burden III,WR,0,2025,2025,229,67.1,66.7,76.5,68,57.4,03,0,1,0,0,31,0,26,57,31,26,MISSOURI,MISSOURI,,,
157186,AJ Swann,QB,0,,2027,211,60.3,60.8,63.6,,,15,0,1,1,0,0,0,0,1,1,0,LSU,LSU,,60.6,
157196,Ashton Jeanty,HB,0,2025,2025,120,79.5,70.3,79.3,58.5,60,02,0,1,0,17,13,32,2,64,30,34,BOISE ST,BOISE ST,46.9,,70.7
157197,Kage Casey,T,0,2026,2026,120,,62.8,77.5,,54.5,77,0,1,0,37,0,0,36,73,37,36,BOISE ST,BOISE ST,81.5,,
157198,Austin Terry,TE,0,,2027,120,,61.5,70.4,57.6,65.9,86,0,1,0,0,2,0,6,8,2,6,BOISE ST,BOISE ST,,,
157204,James Ferguson-Reynolds,P,0,,2026,120,60.3,57.6,60,,,S46,0,1,1,0,0,0,0,1,1,0,BOISE ST,BOISE ST,,59.4,
157207,Brayden Fowler-Nicolosi,QB,0,,2027,144,69.3,75.8,76.8,74.2,60,16,0,1,19,0,1,4,39,63,20,43,COLO STATE,COLO STATE,,77.8,51.9
157230,DJ Wingfield,G,0,2026,2026,273,,61.4,78.2,,59.9,55,0,1,0,32,0,0,23,55,32,23,PURDUE,PURDUE,64.1,,
157231,J.C. Davis,T,0,2026,2026,187,,73.8,77.1,,70.5,74,0,1,0,33,0,0,30,63,33,30,ILLINOIS,ILLINOIS,75.4,,
157248,Justius Lowe,WR,0,,2028,264,61,51.8,74.4,55,42.9,14,0,1,0,0,15,0,6,21,15,6,OREGON,OREGON,,,
157250,Michael Wooten,T,0,,2027,109,,60,63.8,,60,77,0,1,0,0,0,0,2,2,0,2,ARIZONA,ARIZONA,,,
157259,Ashton Daniels,QB,0,,2027,300,47.6,66.9,77.4,60,60,14,0,1,53,0,1,11,14,79,54,25,STANFORD,STANFORD,,70.5,57.1
157263,Elic Ayomanor,WR,0,2025,2025,300,62.9,52.2,79.8,51.1,73.1,13,0,1,0,0,53,0,26,79,53,26,STANFORD,STANFORD,,,
157269,Jake Maikkula,C,0,,2027,300,,55.8,80.2,,54.6,69,0,1,0,55,0,0,26,81,55,26,STANFORD,STANFORD,56.1,,
157270,Sam Roush,TE,0,2026,2026,300,65,66.4,80.6,58.3,79.5,86,0,1,0,20,35,0,26,81,55,26,STANFORD,STANFORD,72.6,,
157280,Jaxson Moi,DI,0,2026,2026,307,,60,64.9,,60,D51,0,1,0,0,0,0,1,1,0,1,TENNESSEE,TENNESSEE,,,
157298,Jordan Hudson,WR,0,2026,2026,287,66.7,72.6,0,74.9,53.9,08,1,1,0,0,25,0,21,46,25,21,SMU,SMU,,,
157303,Jaydon Blue,HB,0,2025,2025,311,28,66.3,76.5,62.2,59.1,23,0,1,0,4,18,14,4,40,22,18,TEXAS,TEXAS,78,,65.9
157304,Cole Hutson,G,0,,2027,311,,57.1,75.2,,51.7,54,0,1,0,13,0,0,9,22,13,9,TEXAS,TEXAS,81.7,,
157328,Bryson Donnell,HB,0,,2027,331,68.6,53.9,73.9,35.4,60,22,0,1,0,2,8,4,1,15,10,5,UTSA,UTSA,72.4,,62.5
157338,TK King,WR,0,,2027,351,68.7,46.4,0,47.9,54.4,05,1,1,0,0,19,1,7,27,19,8,WYOMING,WYOMING,,,63.3
157345,Djouvensky Schlenbaker,HB,0,,2028,341,62.5,67.9,69.4,60,60,15,0,1,0,2,1,1,2,6,3,3,WASH STATE,WASH STATE,75.3,,63.9
157352,Dylan Ray,G,0,,2026,202,,68.1,73.4,,66.3,73,0,1,0,5,0,0,6,11,5,6,KENTUCKY,KENTUCKY,78.8,,
157364,Landen Livingston,C,0,,2027,343,,50,74.1,,60,67,0,1,0,14,0,0,1,15,14,1,W VIRGINIA,W VIRGINIA,21.4,,
157372,CJ Donaldson,HB,0,2026,2026,343,73.1,62.5,78.8,53,53.8,04,0,1,0,11,23,10,12,56,34,22,W VIRGINIA,W VIRGINIA,59.2,,67.9
157404,MJ Morris,QB,0,,2027,215,60.3,59.7,63.6,,,07,0,1,1,0,0,0,0,1,1,0,MARYLAND,MARYLAND,,60,
157423,Terrell Timmons Jr.,WR,0,,2027,143,,39,75.5,47.6,30.2,82,0,1,0,0,24,0,7,31,24,7,COLORADO,COLORADO,,,
157431,Bruce Mitchell,C,0,,2027,128,,60,64.1,,65.9,63,0,1,0,0,0,0,1,1,0,1,BYU,BYU,,,
157442,J.D. Lampley,ED,0,,2026,156,,60,64.9,,59.9,D09,1,1,0,0,0,0,1,1,0,1,E CAROLINA,E CAROLINA,,,
157459,Quinn Fracassi,WR,0,,2028,160,,54.7,68.5,55.8,60,25,0,1,0,0,4,0,1,5,4,1,E MICHIGAN,E MICHIGAN,,,
157462,Max Reese,TE,0,,2027,160,62.9,57.8,75.9,63.8,41.2,05,0,1,0,2,15,0,11,28,17,11,E MICHIGAN,E MICHIGAN,66.6,,
157468,Mack Indestad,T,0,,2028,160,,64.6,77.1,,68.5,72,0,1,0,38,0,0,26,64,38,26,E MICHIGAN,E MICHIGAN,50.9,,
157479,Joshua Anderson,T,0,,2028,160,,52.2,72.1,,52.1,73,0,1,0,11,0,0,7,18,11,7,E MICHIGAN,E MICHIGAN,50.5,,
157480,Darius Lassiter,WR,0,2025,2025,128,64.1,63.7,77.9,61.9,69.4,05,0,1,0,0,27,0,25,52,27,25,BYU,BYU,,,
157522,Tate Carney,HB,0,,2027,339,67.8,51.9,71.6,77.8,60,30,0,1,0,8,2,3,1,14,10,4,WAKE,WAKE,21.4,,54.1
157523,Demond Claiborne,HB,0,2026,2026,339,77,70,76.9,70.6,57.7,01,0,1,0,10,28,21,4,63,38,25,WAKE,WAKE,67.8,,68.5
157525,Harry Lodge,TE,0,,2027,339,62.9,57.2,75.8,50.6,75.8,89,0,1,0,2,20,0,14,36,22,14,WAKE,WAKE,13.7,,
157567,Rocco Becht,QB,0,,2027,193,70.7,71.3,76.9,,60,03,1,1,40,0,0,4,25,69,40,29,IOWA STATE,IOWA STATE,,67.8,67.7
157568,Tyler Perkins,P,0,,2026,193,,60,70.3,,60,S80,0,1,0,0,0,0,1,1,0,1,IOWA STATE,IOWA STATE,,,
157578,Gabe Burkle,TE,0,,2027,193,66.2,66.2,76.4,75.4,43.8,84,0,1,0,1,29,0,26,56,30,26,IOWA STATE,IOWA STATE,65.2,,
157579,Carson Brown,WR,0,,2028,193,,46.2,76.8,47.2,55.9,32,0,1,0,0,28,0,8,36,28,8,IOWA STATE,IOWA STATE,,,
157582,Cartevious Norton,HB,0,,2026,136,73.6,60.1,75.1,56.6,,05,0,1,0,7,21,11,0,39,28,11,CHARLOTTE,CHARLOTTE,45,,62
157590,Jacob Ellis,LB,0,,2026,193,,60,65,,60,D44,0,1,0,0,0,0,1,1,0,1,IOWA STATE,IOWA STATE,,,
157599,James Neal III,T,0,2026,2026,193,,55.2,69.6,,55.2,75,0,1,0,0,0,0,8,8,0,8,IOWA STATE,IOWA STATE,,,
157607,Terrell Crosby Jr.,WR,0,,2028,316,63.6,55.2,73.7,55.4,60.8,19,0,1,0,0,10,0,6,16,10,6,TOLEDO,TOLEDO,,,
157617,Chas Nimrod,WR,0,,2028,307,,55.1,71.1,55.5,59.7,11,0,1,0,0,7,0,5,12,7,5,TENNESSEE,TENNESSEE,,,
157618,Mo Clipper Jr.,G,0,,2027,136,,45.4,75.2,,46.7,55,0,1,0,13,0,0,5,18,13,5,CHARLOTTE,CHARLOTTE,28.2,,
157622,Addison Nichols,C,0,,2027,111,,72.4,79.1,,70.3,63,0,1,0,34,0,0,26,60,34,26,ARKANSAS,ARKANSAS,67.5,,
157628,Weylin Lapuaho,G,0,,2026,128,,69.7,79.7,,66.3,61,0,1,0,31,0,0,32,63,31,32,BYU,BYU,87.9,,
157656,Bryce Duke,HB,0,,2026,263,66.7,61.5,66.1,,,04,0,1,0,1,0,2,0,3,1,2,DOMINION,DOMINION,2.1,,65.5
157664,Evan Svoboda,QB,0,2026,2026,351,,50.2,71.1,55.1,49.8,17,0,1,0,0,3,0,7,10,3,7,WYOMING,WYOMING,,,
157665,Isaac Schoenfeld,TE,0,,2028,351,,55.6,67.1,,55.3,87,0,1,0,0,0,0,4,4,0,4,WYOMING,WYOMING,,,
157668,Rex Johnsen,G,0,,2028,351,,47.9,79.5,,47.9,70,0,1,0,32,0,0,28,60,32,28,WYOMING,WYOMING,36.2,,
157688,Owen McCown,QB,1,,2027,331,70.7,85,78.4,54.3,60.2,02,1,1,56,0,1,2,38,97,57,40,UTSA,UTSA,,79.1,79
157690,Jordyn Tyson,WR,0,2026,2026,110,21.4,79.9,79.3,79.9,54.2,00,0,1,0,0,40,0,25,65,40,25,ARIZONA ST,ARIZONA ST,,,
157691,Anthony Hankerson,HB,0,2026,2026,265,70.7,58.7,75,53.9,58,00,0,1,0,3,20,6,4,33,23,10,OREGON ST,OREGON ST,74,,60.7
157692,Grant Page,WR,0,,2027,329,61,48.8,77.5,48.3,61.3,08,0,1,0,0,37,0,29,66,37,29,UTAH ST,UTAH ST,,,
157694,Van Wells,C,0,,2027,265,,56.2,78,,56,55,0,1,0,31,0,0,14,45,31,14,OREGON ST,OREGON ST,54.7,,
157695,Alex Harkey,T,0,2026,2026,314,,56.4,76.1,,54.1,71,0,1,0,39,0,0,18,57,39,18,TEXAS ST,TEXAS ST,57.7,,
157700,Chase Sowell,WR,0,,2027,156,64.1,65,0,66.7,61.7,05,1,1,0,0,32,0,21,53,32,21,E CAROLINA,E CAROLINA,,,
157702,Brady Kopetz,TE,0,,2027,143,,60,64.4,59.9,,86,0,1,0,0,1,0,0,1,1,0,COLORADO,COLORADO,,,
157721,Mason Maddox,G,0,,2027,201,,42.4,79.9,,36.7,59,0,1,0,37,0,0,29,66,37,29,KENT STATE,KENT STATE,51.4,,
157727,Hayden Hansen,TE,0,,2027,163,61,59.4,77.1,61.5,54.5,89,0,1,0,4,15,0,17,36,19,17,FLORIDA,FLORIDA,54.7,,
157738,Jordan Herman,T,0,,2026,136,,60.7,72.6,,50.8,79,0,1,0,13,0,0,5,18,13,5,CHARLOTTE,CHARLOTTE,82.7,,
157739,Arlis Boardingham,TE,0,,2028,163,61,56.8,72.1,57.4,60,08,0,1,0,0,8,0,4,12,8,4,FLORIDA,FLORIDA,,,
157745,Jalen Farmer,G,0,2026,2026,202,,69.4,78.4,,65.8,52,0,1,0,32,0,0,25,57,32,25,KENTUCKY,KENTUCKY,87.2,,
157766,Drake Bequeaith,G,0,,2027,199,,60,67.2,,60,53,0,1,0,0,0,0,1,1,0,1,KANSAS ST,KANSAS ST,,,
157767,Michael Capria,C,0,,2027,199,,60,60,,60,66,0,1,0,0,0,0,1,1,0,1,KANSAS ST,KANSAS ST,,,
157772,Garrett Oakley,TE,0,,2027,199,64.1,49.2,78.9,49.7,54,86,0,1,0,4,35,0,22,61,39,22,KANSAS ST,KANSAS ST,69.3,,
157773,Brayden Loftin,TE,0,,2028,199,64.1,71.7,72,73.4,60,87,0,1,0,0,8,0,1,9,8,1,KANSAS ST,KANSAS ST,,,
157790,Mason Olguin,LS,0,,2026,199,,60,60,,60,S16,0,1,0,0,0,0,1,1,0,1,KANSAS ST,KANSAS ST,,,
157794,Stephon Johnson,WR,0,,2027,182,65,69.4,78.2,68.5,63.3,05,0,1,0,0,32,0,24,56,32,24,HOUSTON,HOUSTON,,,
157824,Cade Davis,LS,0,,2026,214,,60,60,,60,S48,0,1,0,0,0,0,1,1,0,1,MARSHALL,MARSHALL,,,
157831,Matt Coleman,WR,0,,2028,285,65.3,55.2,74.4,58,41.8,14,0,1,0,0,20,0,6,26,20,6,S JOSE ST,S JOSE ST,,,
157835,Jabari Bates,HB,0,,2027,285,68.3,66.7,70.8,57.8,59.6,06,0,1,0,7,3,2,2,14,10,4,S JOSE ST,S JOSE ST,80,,64.8
157843,Jake Steele,G,0,,2027,120,,59.7,77.3,,62.2,68,0,1,0,21,0,0,22,43,21,22,BOISE ST,BOISE ST,37.9,,
157859,Kenton Jerido,G,0,,2027,288,,60.3,79.9,,56.4,69,0,1,0,38,0,0,26,64,38,26,S ALABAMA,S ALABAMA,72.5,,
157867,Malachi Carney,T,0,,2027,288,,60.6,15.8,,56,77,1,1,0,38,0,0,26,64,38,26,S ALABAMA,S ALABAMA,84.2,,
157874,Blayne Myrick,LB,0,,2027,288,,60,60,,60,D32,0,1,0,0,0,0,1,1,0,1,S ALABAMA,S ALABAMA,,,
157896,Cade Harris,HB,0,,2026,101,65.3,65.4,75,89.1,54.2,21,0,1,0,0,7,1,26,34,7,27,AIR FORCE,AIR FORCE,,,60
157906,Michael McAninch,G,0,,2025,101,,60.2,79.3,,60.8,71,0,1,0,8,0,0,64,72,8,64,AIR FORCE,AIR FORCE,20.6,,
157916,Cameron Breier,WR,0,,2025,101,62.5,65.6,74.5,,74.3,06,0,1,0,0,0,1,35,36,0,36,AIR FORCE,AIR FORCE,,,60
157922,Kale Gibbs,HB,0,,2025,101,,60,63.3,,60,30,0,1,0,0,0,0,1,1,0,1,AIR FORCE,AIR FORCE,,,
157926,Brandon Engel,WR,0,,2025,101,67.7,72.7,73.8,58,58.3,02,0,1,1,0,2,0,13,16,3,13,AIR FORCE,AIR FORCE,,66.4,
157966,Isaiah Bullerdick,C,0,,2027,136,,59.5,75,,60,76,0,1,0,13,0,0,5,18,13,5,CHARLOTTE,CHARLOTTE,54.3,,
157968,Xander Lamb,HB,0,,2027,136,,51.8,66.1,58.7,,27,0,1,0,1,2,0,0,3,3,0,CHARLOTTE,CHARLOTTE,0.9,,
157982,Kendall Stanley,T,0,,2027,136,,61.2,76.4,,56.9,53,0,1,0,42,0,0,20,62,42,20,CHARLOTTE,CHARLOTTE,65.4,,
158012,Eric Smith,T,0,,2027,221,,68.8,71.6,,67.3,51,0,1,0,1,0,0,13,14,1,13,MIAMI OH,MIAMI OH,72.6,,
158013,Gavin Rohrs,G,0,,2027,221,,73.1,73.5,,76.2,76,0,1,0,1,0,0,13,14,1,13,MIAMI OH,MIAMI OH,0,,
158015,Drew Terrill,T,0,,2027,221,,91.6,71.5,,89.8,78,0,1,0,1,0,0,14,15,1,14,MIAMI OH,MIAMI OH,70.9,,
158022,Reggie Virgil,WR,0,2026,2026,221,62.9,58,77.7,57.2,64.1,00,1,1,0,1,23,0,25,49,24,25,MIAMI OH,MIAMI OH,65.2,,
158028,Javon Tracy,WR,0,,2027,221,65,84.1,77,83.9,60.1,11,0,1,0,0,24,0,25,49,24,25,MIAMI OH,MIAMI OH,,,
158039,Abiathar Curry,G,0,,2027,254,,54.1,66.5,,52.4,55,0,1,0,0,0,0,5,5,0,5,N ILLINOIS,N ILLINOIS,,,
158042,Dane Pardridge,WR,0,,2028,254,69.9,76.2,68.4,72.3,60,08,0,1,0,0,2,0,1,3,2,1,N ILLINOIS,N ILLINOIS,,,
158043,Evan Malcore,T,0,,2027,254,,72.1,76.9,,66.5,54,0,1,0,22,0,0,39,61,22,39,N ILLINOIS,N ILLINOIS,86.8,,
158048,Terron Kellman,HB,0,,2028,136,68.6,69.1,67.3,,,00,0,1,0,2,0,4,0,6,2,4,CHARLOTTE,CHARLOTTE,73,,66.7
158068,Izuchukwu Ozoh,T,0,,2026,254,,43.1,72.8,57.7,44.5,88,0,1,0,4,1,0,22,27,5,22,N ILLINOIS,N ILLINOIS,72.9,,
158097,Tawee Walker,HB,0,,2026,349,76.7,64.7,0,56.8,47.1,03,1,1,0,8,20,20,1,49,28,21,WISCONSIN,WISCONSIN,83.1,,68.2
158126,Cason Henry,T,0,,2027,289,,45.9,76.7,,41.7,75,0,1,0,38,0,0,31,69,38,31,S CAROLINA,S CAROLINA,55.1,,
158135,Jayden Maiava,QB,0,,2027,326,28.9,58.8,76.8,,60,14,0,1,38,0,0,3,27,68,38,30,USC,USC,,54.4,67.5
158142,Senika McKie,WR,0,,2025,141,61,49.2,0,51.9,56.7,00,1,1,0,0,33,0,17,50,33,17,COAST CAR,COAST CAR,,,
158166,Pofele Ashlock,WR,0,,2028,180,62.9,57.4,79.3,57.2,60.8,05,0,1,0,0,27,0,11,38,27,11,HAWAII,HAWAII,,,
158172,Dean Briski,T,0,,2028,180,,57.9,70.3,,57.9,52,0,1,0,4,0,0,4,8,4,4,HAWAII,HAWAII,54.8,,
158184,Alex Perry,WR,0,,2027,180,61,53.7,74.8,54.1,60,00,0,1,0,0,15,0,5,20,15,5,HAWAII,HAWAII,,,
158188,Ethan Spencer,C,0,,2028,180,,62.7,2.3,,61.4,57,1,1,0,48,0,0,19,67,48,19,HAWAII,HAWAII,77.3,,
158190,Devon Tauaefa,WR,0,,2028,180,,60,67.8,,60,87,0,1,0,0,0,0,1,1,0,1,HAWAII,HAWAII,,,
158194,Jordan Anderson,HB,0,,2027,187,,59.5,68.7,,58.5,23,0,1,0,0,0,0,3,3,0,3,ILLINOIS,ILLINOIS,,,
158195,Owen Anderson,TE,0,,2027,216,,59.7,66.8,,58.9,87,0,1,0,0,0,0,2,2,0,2,UMASS,UMASS,,,
158198,Hank Beatty,WR,0,2026,2026,187,73.6,54.5,72.6,55.1,60,80,0,1,0,0,11,0,1,12,11,1,ILLINOIS,ILLINOIS,,,
158199,Henry Boyer,TE,0,,2028,187,,55.3,69.2,58.1,56.7,88,0,1,0,0,1,0,6,7,1,6,ILLINOIS,ILLINOIS,,,
158202,Zylon Crisler,G,0,,2026,187,,57.8,75.7,,54.5,72,0,1,0,12,0,0,15,27,12,15,ILLINOIS,ILLINOIS,79.6,,
158212,Aidan Laughery,HB,0,,2027,187,73.1,61.3,74.5,54.9,59.5,21,0,1,0,6,8,10,3,27,14,13,ILLINOIS,ILLINOIS,80.8,,61.1
158218,Kirkland Michaux,QB,0,,2026,187,62.5,60,63.6,,,12,0,1,0,0,0,1,0,1,0,1,ILLINOIS,ILLINOIS,,,60
158249,Victor Snow,WR,0,,2027,126,71,69.4,78.5,67.7,69.7,00,0,1,0,0,41,2,28,71,41,30,BUFFALO,BUFFALO,,,62.5
158272,Kevin Jennings,QB,0,,2027,287,70.3,68.6,76.8,,60,07,0,1,39,0,0,3,27,69,39,30,SMU,SMU,,71.9,50.7
158273,Rhett Larson,T,0,,2027,281,,51.9,80.2,,50.7,70,0,1,0,37,0,0,36,73,37,36,SM HOUSTON,SM HOUSTON,48.4,,
158290,LeQuint Allen,HB,0,2025,2025,304,77.8,69.5,0,70.7,59.9,01,1,1,0,11,40,24,8,83,51,32,SYRACUSE,SYRACUSE,68.2,,69.4
158295,Joe Cruz,G,0,,2027,304,,62.9,78.1,,63.9,78,0,1,0,21,0,0,20,41,21,20,SYRACUSE,SYRACUSE,53.4,,
158312,Jackson Brown,T,0,,2028,268,,34.4,29.3,,53.1,77,1,1,0,68,0,0,25,93,68,25,PITTSBURGH,PITTSBURGH,17.4,,
158317,Jack Endries,TE,0,2026,2026,130,65.7,75.3,77.5,78.3,44.3,87,0,1,0,6,19,0,12,37,25,12,CAL,CAL,71.7,,
158320,Jordan King,WR,0,,2027,130,,38.1,69.9,45.6,59.3,80,0,1,0,0,1,0,3,4,1,3,CAL,CAL,,,
158323,Fernando Mendoza,QB,0,2026,2026,130,35,57.6,76.4,,60,15,1,1,44,0,0,1,17,62,44,18,CAL,CAL,,57.6,57.7
158325,Jaydn Ott,HB,0,2026,2026,130,73.9,68.3,77,70.2,67.5,01,0,1,0,13,26,11,3,53,39,14,CAL,CAL,71.8,,64.1
158334,Sioape Vatikani,G,0,,2027,130,,53.5,76.9,,46.5,71,0,1,0,19,0,0,11,30,19,11,CAL,CAL,81.2,,
158336,Omari Arnold,HB,0,,2026,174,70.9,71.9,73.9,59.3,60,22,0,1,0,2,16,6,1,25,18,7,GA SOUTHRN,GA SOUTHRN,73.9,,75.9
158341,Dalen Cobb,WR,0,,2026,174,65.7,63.2,75.4,63.1,58,01,0,1,0,0,22,0,11,33,22,11,GA SOUTHRN,GA SOUTHRN,,,
158343,Josh Dallas,WR,0,,2027,174,70.7,76.1,77.2,75.5,39.4,19,0,1,0,1,18,2,9,30,19,11,GA SOUTHRN,GA SOUTHRN,65.2,,67.6
158361,Marcus Sanders Jr.,WR,0,2026,2026,174,62.5,55,71.1,56.1,60.1,05,0,1,0,0,4,1,4,9,4,5,GA SOUTHRN,GA SOUTHRN,,,59.5
158365,Chandler Strong,C,0,,2027,174,,52.7,0,,55.4,57,1,1,0,25,0,0,15,40,25,15,GA SOUTHRN,GA SOUTHRN,67.6,,
158371,Pichon Wimbley,G,0,,2026,174,,62.4,79.1,,56.3,74,0,1,0,33,0,0,22,55,33,22,GA SOUTHRN,GA SOUTHRN,85.6,,
158374,Germie Bernard,WR,0,2026,2026,103,65,75,76.7,74.4,59.6,05,0,1,0,1,18,0,18,37,19,18,ALABAMA,ALABAMA,61,,
158379,Jay Coyne,FB,0,,2027,223,,60,64.9,,60,44,0,1,0,0,0,0,1,1,0,1,MICH STATE,MICH STATE,,,
158382,Jaron Glover,WR,0,,2027,223,61,69.8,71.6,68.1,60,04,0,1,0,0,6,0,1,7,6,1,MICH STATE,MICH STATE,,,
158386,Katin Houser,QB,1,,2027,156,40.9,61.4,77.6,,60,04,1,1,45,0,0,6,33,84,45,39,E CAROLINA,E CAROLINA,,59.3,62.5
158388,Ashton Lepo,T,0,,2027,223,,41.7,75.3,,53,66,0,1,0,29,0,0,18,47,29,18,MICH STATE,MICH STATE,15.8,,
158394,Jack Nickel,TE,0,,2027,321,,60.9,70.5,55.1,63.7,86,0,1,0,0,2,0,8,10,2,8,UAB,UAB,,,
158407,Alex Bauman,TE,0,,2026,319,61,51.2,74.9,45.9,56.2,87,0,1,0,0,6,0,24,30,6,24,TULANE,TULANE,,,
158409,Chris Brazzell II,WR,0,2026,2026,307,61,52.7,78.8,52.6,61.5,17,0,1,0,0,26,0,17,43,26,17,TENNESSEE,TENNESSEE,,,
158410,Sully Burns,T,0,,2027,314,,72.8,71.2,,71.2,68,0,1,0,1,0,0,11,12,1,11,TEXAS ST,TEXAS ST,71.6,,
158417,Makhi Hughes,HB,0,,2028,319,77.3,70.3,77.3,58.2,60,21,0,1,0,3,12,22,4,41,15,26,TULANE,TULANE,18.6,,71.3
158418,Shadre Hurst,G,0,,2027,319,,81,79.8,,82.1,56,0,1,0,22,0,0,42,64,22,42,TULANE,TULANE,63.4,,
158436,Tyler Griffin,WR,0,,2027,209,61,67.1,77.5,66.5,61.6,00,0,1,0,0,13,0,19,32,13,19,LA MONROE,LA MONROE,,,
158449,Jordan McDonald,HB,0,,2026,121,73.6,74.2,74.3,67.4,,24,0,1,0,1,5,11,0,17,6,11,BOSTON COL,BOSTON COL,71.1,,71.3
158471,CJ Williams,WR,0,2026,2026,349,61,55.2,76.5,55.1,61.1,04,0,1,0,0,14,0,11,25,14,11,WISCONSIN,WISCONSIN,,,
158475,Luca Caldarella,TE,0,,2026,328,,60,64.8,,60,19,0,1,0,0,0,0,1,1,0,1,UTAH,UTAH,,,
158496,Sidney Mbanasor,WR,0,,2027,319,,55.5,66.8,57,,11,0,1,0,0,2,0,0,2,2,0,TULANE,TULANE,,,
158501,Keith Olson,G,0,,2027,328,,56.8,70.1,,56.2,74,0,1,0,1,0,0,4,5,1,4,UTAH,UTAH,72.8,,
158516,John Mateer,QB,0,,2027,341,71.8,88,76.9,,60,10,0,1,40,0,0,7,22,69,40,29,WASH STATE,WASH STATE,,80.7,78.7
158532,Darrius Clemons,WR,0,,2027,265,,53.7,74.3,53.9,61.1,01,0,1,0,0,13,0,8,21,13,8,OREGON ST,OREGON ST,,,
158562,George Maile,G,0,,2027,329,,58.3,79.6,,53.7,72,0,1,0,39,0,0,41,80,39,41,UTAH ST,UTAH ST,79.6,,
158567,Coleton Price,C,0,,2028,118,,53.9,4.9,,56.3,72,2,1,0,40,0,0,33,73,40,33,BAYLOR,BAYLOR,61.2,,
158568,Richard Reese,HB,0,,2026,118,62.5,57.8,66.9,57.6,,29,0,1,0,1,2,1,0,4,3,1,BAYLOR,BAYLOR,67.5,,59.6
158574,Armani Winfield,WR,0,,2027,144,65,61.7,76.3,62.3,55.8,01,0,1,0,0,16,0,27,43,16,27,COLO STATE,COLO STATE,,,
158592,Martin Koivisto,G,0,,2027,134,,64.1,79.1,,61.3,76,1,1,0,29,0,0,25,54,29,25,C MICHIGAN,C MICHIGAN,78.2,,
158599,Brady Ploucha,G,0,,2027,134,,61.7,78.9,,61.6,59,0,1,0,35,0,0,31,66,35,31,C MICHIGAN,C MICHIGAN,56.7,,
158600,Jesse Prewitt III,WR,0,,2025,134,65,64.9,77.4,64.8,58,17,0,1,0,0,32,0,25,57,32,25,C MICHIGAN,C MICHIGAN,,,
158632,Dayne Shor,T,0,,2028,102,,63.2,69.1,,60,75,0,1,0,5,0,0,1,6,5,1,AKRON,AKRON,79.9,,
158645,Kam Dewberry,G,0,2026,2026,312,,59.7,79.3,,60.6,75,0,1,0,41,0,0,19,60,41,19,TEXAS A&M,TEXAS A&M,51.7,,
158646,AJ DiNota,HB,0,,2026,312,71.5,72.2,72.9,68.1,,41,0,1,0,2,10,7,0,19,12,7,TEXAS A&M,TEXAS A&M,75.5,,71.3
158647,Hunter Erb,T,0,,2027,312,,50.5,70.3,,42.1,66,0,1,0,6,0,0,4,10,6,4,TEXAS A&M,TEXAS A&M,80.9,,
158648,Donovan Green,TE,0,,2027,312,,53.6,71.5,52.9,59.2,18,0,1,0,1,6,0,4,11,7,4,TEXAS A&M,TEXAS A&M,67.3,,
158655,Jake Johnson,TE,0,,2028,245,,40.5,76.3,52,37.1,19,0,1,0,1,9,0,24,34,10,24,N CAROLINA,N CAROLINA,66.9,,
158662,Theo Melin Ohrstrom,TE,0,,2027,312,65.7,91.3,75.4,92.5,56.3,17,0,1,0,2,21,0,18,41,23,18,TEXAS A&M,TEXAS A&M,39.8,,
158674,Evan Stewart,WR,0,,2027,264,67.9,65.9,78.9,65.4,61.6,07,0,1,0,0,36,0,30,66,36,30,OREGON,OREGON,,,
158678,Noah Thomas,WR,0,2026,2026,312,62.9,62.1,77.2,60.2,73.2,03,0,1,0,0,26,0,16,42,26,16,TEXAS A&M,TEXAS A&M,,,
158683,Conner Weigman,QB,0,,2027,312,64.9,43.4,69.8,,60,15,0,1,8,0,0,0,1,9,8,1,TEXAS A&M,TEXAS A&M,,45.6,57.3
158685,PJ Williams,T,0,,2027,287,,73.5,76.7,,71.9,59,1,1,0,39,0,0,30,69,39,30,SMU,SMU,69.4,,
158687,Vinny Anthony II,WR,0,2026,2026,349,67.7,66,77,66.2,59.5,08,0,1,0,0,31,1,20,52,31,21,WISCONSIN,WISCONSIN,,,59.5
158690,Joe Brunner,G,0,,2027,349,,57,80,,52,56,0,1,0,35,0,0,31,66,35,31,WISCONSIN,WISCONSIN,76.1,,
158704,Tommy McIntosh,WR,0,,2028,134,61,52.8,76.5,55.1,48,82,0,1,0,0,14,0,13,27,14,13,C MICHIGAN,C MICHIGAN,,,
158717,Jonah Coleman,HB,0,2026,2026,340,77,71.7,77.3,57.7,60,01,0,1,0,7,19,21,1,48,26,22,WASHINGTON,WASHINGTON,61,,72.9
158722,Noah Fifita,QB,0,,2027,109,71.2,64.6,76.9,,60,11,0,1,43,0,0,5,22,70,43,27,ARIZONA,ARIZONA,,61,66.3
158727,Rex Haynes,WR,0,,2029,109,,61,71.3,,61.4,14,0,1,0,0,0,0,8,8,0,8,ARIZONA,ARIZONA,,,
158735,Tetairoa McMillan,WR,0,2025,2025,109,66.2,65.7,79,65,62.1,04,0,1,0,0,43,0,18,61,43,18,ARIZONA,ARIZONA,,,
158736,Wendell Moe Jr.,G,0,,2027,109,,65.7,80,,58.9,72,0,1,0,43,0,0,27,70,43,27,ARIZONA,ARIZONA,89.7,,
158739,Tyler Powell,TE,0,,2027,109,61,68.6,73.4,75.8,61.3,87,0,1,0,4,4,0,20,28,8,20,ARIZONA,ARIZONA,36.3,,
158742,Jonah Savaiinaea,T,0,2025,2025,109,,65.6,77.3,,54.6,71,0,1,0,43,0,0,27,70,43,27,ARIZONA,ARIZONA,82.1,,
158745,Grayson Stovall,C,0,,2027,109,,60,67.2,,60,78,0,1,0,0,0,0,1,1,0,1,ARIZONA,ARIZONA,,,
158759,Greg Desrosiers Jr.,HB,0,2026,2026,218,70.5,66.2,73.2,46.9,59.6,13,0,1,0,0,10,5,2,17,10,7,MEMPHIS,MEMPHIS,,,72.6
158762,Jacquon Gibson,WR,0,,2027,216,62.9,66.6,73.9,63.6,75.4,02,0,1,0,0,9,0,13,22,9,13,UMASS,UMASS,,,
158763,T.Y. Harding,WR,0,,2028,216,70.9,68.9,77.1,70.3,61.1,10,0,1,0,0,24,1,34,59,24,35,UMASS,UMASS,,,57.7
158777,Drew Azzopardi,T,0,,2027,340,,62.8,76.2,,60.5,74,0,1,0,35,0,0,26,61,35,26,WASHINGTON,WASHINGTON,64.5,,
158785,Ryan Dirksen,T,0,,2027,284,,60,63,,,75,0,1,0,1,0,0,0,1,1,0,S DIEGO ST,S DIEGO ST,63.9,,
158791,Josh Hunter,CB,0,,2028,284,,58.1,60,57.7,,D24,0,1,0,0,1,0,0,1,1,0,S DIEGO ST,S DIEGO ST,,,
158794,Chris Johnson,CB,0,2026,2026,284,,58,64.9,57.7,,D01,1,1,0,0,1,0,0,1,1,0,S DIEGO ST,S DIEGO ST,,,
158827,Ben Rios,G,0,,2027,331,,72.1,81.3,,68.9,57,0,1,0,57,0,0,40,97,57,40,UTSA,UTSA,86.9,,
158831,Houston Thomas,TE,0,,2027,331,61,56.6,77.2,57.8,55.8,88,0,1,0,5,18,0,21,44,23,21,UTSA,UTSA,56.6,,
158833,Jace Wilson,WR,0,,2028,331,,53.3,71.9,54.2,60,10,0,1,0,0,8,0,2,10,8,2,UTSA,UTSA,,,
159070,Peseti Lapuaho,T,0,,2026,285,,32.8,77,,42.1,79,0,1,0,53,0,0,20,73,53,20,S JOSE ST,S JOSE ST,17.8,,
159085,TreyShun Hurry,WR,0,,2027,285,64.1,63.2,76.2,62.8,60.5,02,0,1,0,0,32,0,11,43,32,11,S JOSE ST,S JOSE ST,,,
159429,Dalesean Staley,S,0,,2028,284,,60,60,,,D09,0,1,0,1,0,0,0,1,1,0,S DIEGO ST,S DIEGO ST,63.8,,
159603,Justin Bowick,WR,0,,2027,117,66.7,79.4,78.1,78.3,61.4,02,0,1,0,0,31,0,19,50,31,19,BALL ST,BALL ST,,,
159604,Cam Thompson,WR,0,,2027,254,,49.4,70.2,57.5,38.7,00,0,1,0,0,3,0,3,6,3,3,N ILLINOIS,N ILLINOIS,,,
159936,Desmond Reid,HB,0,2026,2026,268,78.5,69.7,77.7,84.5,60,00,0,1,0,9,47,14,1,71,56,15,PITTSBURGH,PITTSBURGH,15.4,,64.4
160062,McKenzie Agnello,C,0,,2027,241,,56,14.2,,56.1,66,2,1,0,32,0,0,44,76,32,44,NEW MEXICO,NEW MEXICO,77.1,,
160110,Andrew Armstrong,WR,0,2025,2025,111,66.2,65,78.2,64.7,59.9,02,0,1,0,0,34,0,22,56,34,22,ARKANSAS,ARKANSAS,,,
160282,James Dawn II,G,0,,2026,281,,65.2,79.5,,62.2,71,0,1,0,40,0,0,37,77,40,37,SM HOUSTON,SM HOUSTON,79.2,,
160284,Orion Irving,T,0,,2028,281,,52.2,77.1,,46.8,78,0,1,0,40,0,0,37,77,40,37,SM HOUSTON,SM HOUSTON,69,,
160350,NaQuari Rogers,HB,0,,2026,241,70.5,65.3,74.2,53.1,56.2,28,0,1,0,1,10,6,9,26,11,15,NEW MEXICO,NEW MEXICO,61,,69.4
160363,Qua Ashley,HB,0,,2027,200,72.9,65.5,77.6,78.3,57.7,30,0,1,0,11,15,8,6,40,26,14,KENNESAW,KENNESAW,65.6,,62.2
160367,Braden Bohannon,QB,0,,2026,200,,60,63.6,,,12,0,1,0,0,0,1,0,1,0,1,KENNESAW,KENNESAW,,,60
160369,Davis Bryson,QB,0,,2027,200,71.9,65.7,76.4,,60,09,0,1,31,0,0,8,22,61,31,30,KENNESAW,KENNESAW,,65.5,60.9
160382,Carson Kent,TE,0,,2027,200,61,61.3,77.7,56.6,67.6,86,0,1,0,4,24,0,26,54,28,26,KENNESAW,KENNESAW,70.2,,
160766,Travis Hunter,CB,0,2025,2025,143,65.9,65.3,78.7,66.5,35,D12,1,1,1,0,48,0,16,65,49,16,COLORADO,COLORADO,,,64.6
160817,Tre Stewart,HB,0,2025,2025,196,77.3,68.6,76.9,58.7,55.4,28,0,1,0,6,20,22,16,64,26,38,JVILLE ST,JVILLE ST,80,,69.7
160961,Scarlee Jean,T,0,,2026,165,,48.6,68.6,,46.4,66,0,1,0,3,0,0,2,5,3,2,FAU,FAU,78.1,,
161339,Rahkeem Smith,WR,0,,2027,122,65.5,52.6,74.5,54.9,60.6,16,0,1,0,0,7,2,9,18,7,11,BOWL GREEN,BOWL GREEN,,,56.1
161419,Ismail Mahdi,HB,0,,2027,314,69.3,66.2,74.2,75.7,60,21,0,1,0,5,19,3,2,29,24,5,TEXAS ST,TEXAS ST,57.2,,60.9
161530,Allen Ortiz,WR,0,,2026,242,,59,63.4,60,,81,0,1,0,0,1,0,0,1,1,0,NEW MEX ST,NEW MEX ST,,,
161679,Justin Pegues,HB,0,,2026,122,69.7,58.8,66.6,58.5,60,20,0,1,0,0,2,0,1,3,2,1,BOWL GREEN,BOWL GREEN,,,
162162,Brayden Bryant,C,0,,2025,284,,56.5,79.2,,57,55,1,1,0,31,0,0,30,61,31,30,S DIEGO ST,S DIEGO ST,53,,
162439,Jack Velling,TE,0,2026,2026,223,61,49.7,78.7,50.3,56.5,12,0,1,0,3,33,0,13,49,36,13,MICH STATE,MICH STATE,45.7,,
162441,Jake Reichle,HB,0,,2028,265,61,61.3,66.8,64.8,60,34,0,1,0,0,2,0,1,3,2,1,OREGON ST,OREGON ST,,,
162446,Luka Vincic,C,0,,2027,265,,60.7,74.2,,73.6,63,0,1,0,12,0,0,5,17,12,5,OREGON ST,OREGON ST,8.2,,
162457,TJ Harden,HB,0,2026,2026,324,74.6,65.6,78.1,73.2,59.3,25,0,1,0,2,45,13,3,63,47,16,UCLA,UCLA,16.2,,65.2
162462,Jack Pedersen,TE,0,,2027,324,10.3,49.2,76.9,54.5,42.1,28,0,1,0,0,20,0,13,33,20,13,UCLA,UCLA,,,
162467,Carsen Ryan,TE,0,2026,2026,328,65,71.1,0,75.4,55.8,85,1,1,0,4,24,0,13,41,28,13,UTAH,UTAH,69.5,,
162471,Sam Yoon,C,0,,2028,324,,54.6,80.4,,55,64,0,1,0,60,0,0,20,80,60,20,UCLA,UCLA,49.8,,
162473,Flavio Gonzalez,G,0,,2026,265,,62.9,75.9,,57.5,77,0,1,0,19,0,0,9,28,19,9,OREGON ST,OREGON ST,83.8,,
162481,Denzel Boston,WR,0,2026,2026,340,66.2,60.2,77.9,62.2,47.4,12,0,1,0,0,34,0,25,59,34,25,WASHINGTON,WASHINGTON,,,
162482,Parker Brailsford,C,0,2026,2026,103,,82.1,77.6,,77.2,72,0,1,0,19,0,0,21,40,19,21,ALABAMA,ALABAMA,80.8,,
162485,Jackson Girouard,WR,0,,2026,340,,60,64.9,,60,84,0,1,0,0,0,0,1,1,0,1,WASHINGTON,WASHINGTON,,,
162500,Teddy Purcell,QB,0,,2026,340,62.5,60,63.6,,,17,0,1,0,0,0,1,0,1,0,1,WASHINGTON,WASHINGTON,,,60
162521,JC French IV,QB,0,,2027,174,68.5,57.2,76.1,,60,12,0,1,33,0,0,0,22,55,33,22,GA SOUTHRN,GA SOUTHRN,,56.5,
162523,Jamari Hawkins,WR,0,,2027,218,62.5,62.5,71.4,57.2,59.4,19,0,1,0,0,3,1,9,13,3,10,MEMPHIS,MEMPHIS,,,63.2
162527,Kyndall McKenzie,G,0,,2027,218,,60.2,69.4,,60,74,0,1,0,0,0,0,4,4,0,4,MEMPHIS,MEMPHIS,,,
162541,Brandon Chatman,HB,0,,2026,237,65.5,53.5,76.2,53.4,57.1,24,0,1,0,0,10,2,21,33,10,23,NAVY,NAVY,,,56.7
162554,Eli Heidenreich,FB,0,2026,2026,237,68.1,54.6,76.4,53,61.9,22,0,1,0,0,12,2,28,42,12,30,NAVY,NAVY,,,56.2
162555,Blake Horvath,QB,0,,2026,237,69.6,75.5,71.4,,60,11,0,1,2,0,0,5,8,15,2,13,NAVY,NAVY,,58.9,71.1
162558,Nathan Kent,WR,0,,2026,237,,46,75.5,46.3,62.1,82,0,1,0,0,8,0,12,20,8,12,NAVY,NAVY,,,
162577,Ben Purvis,G,0,,2026,237,,57.8,78.8,,57,64,2,1,0,13,0,0,33,46,13,33,NAVY,NAVY,56.1,,
162579,Shane Reynolds,FB,0,,2026,237,,59.3,68.3,60,59,37,0,1,0,0,1,0,4,5,1,4,NAVY,NAVY,,,
162587,Alex Tecza,FB,0,2026,2026,237,71.4,61.6,76.7,62.8,53.6,46,0,1,0,5,4,7,18,34,9,25,NAVY,NAVY,76.6,,62.9
162627,Carl Chester,WR,0,,2026,214,65.7,71,80.1,72.6,47.7,07,0,1,0,0,39,0,26,65,39,26,MARSHALL,MARSHALL,,,
162634,Connor Vaughn,TE,0,,2027,320,61,65.8,71.8,60.7,67.9,82,0,1,0,0,2,0,10,12,2,10,TULSA,TULSA,,,
162635,Devan Williams,WR,0,,2028,182,62.5,53.5,74.3,54,61.2,08,0,1,0,0,10,1,6,17,10,7,HOUSTON,HOUSTON,,,59.6
162639,Josh Benton,HB,0,,2027,156,,60.1,67.6,60,60,D49,0,1,0,1,1,0,1,3,2,1,E CAROLINA,E CAROLINA,70.8,,
162642,Marlon Gunn Jr.,HB,0,,2026,156,71.9,68,72.1,55.8,60,21,0,1,0,4,7,8,2,21,11,10,E CAROLINA,E CAROLINA,77,,67.7
162652,Emmanuel Kojo Poku,G,0,,2027,156,,63.8,14.1,,75.8,60,1,1,0,45,0,0,39,84,45,39,E CAROLINA,E CAROLINA,22.9,,
162657,Cam Barfield,HB,0,,2028,180,67.3,63.5,0,,,09,1,1,0,13,0,3,0,16,13,3,HAWAII,HAWAII,57.5,,69
162680,Ismael Zamor,WR,0,,2027,121,,54,71.4,54.7,60.2,82,0,1,0,0,5,0,4,9,5,4,BOSTON COL,BOSTON COL,,,
162741,Tychaun Chapman,WR,0,,2027,214,66.3,73.4,70.8,70.8,60,02,0,1,0,0,3,2,3,8,3,5,MARSHALL,MARSHALL,,,63.1
162745,Bo Burkes,C,0,,2027,245,,60,60,,60,57,0,1,0,0,0,0,1,1,0,1,N CAROLINA,N CAROLINA,,,
162748,Andre Greene Jr.,WR,0,,2027,335,,51.5,77.1,51.8,57.2,02,0,1,0,0,25,0,14,39,25,14,VIRGINIA,VIRGINIA,,,
162750,Omarion Hampton,HB,0,2025,2025,245,52.7,74,78.2,43.2,60,28,0,1,0,5,23,37,2,67,28,39,N CAROLINA,N CAROLINA,84,,76.7
162751,Will Hardy,S,0,,2026,245,,60,60,,60,D31,0,1,0,0,0,0,1,1,0,1,N CAROLINA,N CAROLINA,,,
162760,Deems May,T,0,,2027,245,,49.2,69.1,,45.9,88,0,1,0,0,0,0,5,5,0,5,N CAROLINA,N CAROLINA,,,
162793,Leon Haughton Jr.,TE,0,,2027,215,,60,63.5,,60,16,0,1,0,0,0,0,1,1,0,1,MARYLAND,MARYLAND,,,
162794,Preston Howard,TE,0,,2027,215,64.1,59.6,76.3,51.9,69.7,85,0,1,0,8,22,0,18,48,30,18,MARYLAND,MARYLAND,71.6,,
162798,Shaleak Knotts,WR,0,2026,2026,215,,55.8,71,56.5,59.7,04,0,1,0,0,5,0,2,7,5,2,MARYLAND,MARYLAND,,,
162805,Octavian Smith Jr.,WR,0,2026,2026,215,64.1,49.7,78.2,51.2,44.7,05,0,1,0,0,52,0,16,68,52,16,MARYLAND,MARYLAND,,,
162843,Joseph Himon II,HB,0,,2027,256,68.5,58.5,72.9,57.1,60,06,0,1,0,3,10,3,2,18,13,5,NWESTERN,NWESTERN,19.5,,62.7
162845,Jack Lausch,QB,0,,2028,256,25.1,59.4,76.8,54.3,60,12,0,1,45,0,1,7,14,67,46,21,NWESTERN,NWESTERN,,66.1,50
162865,Dallan Hayden,HB,0,,2027,143,69.2,60.6,73.4,61.4,60,07,0,1,0,5,15,4,1,25,20,5,COLORADO,COLORADO,62.9,,59.9
162867,Carson Hinzman,C,0,,2027,260,,63.3,79.1,,65.5,75,0,1,0,26,0,0,29,55,26,29,OHIO STATE,OHIO STATE,42.8,,
162884,Max Klare,TE,0,2026,2026,273,66.7,86.5,78.9,89,56.2,86,1,1,0,2,29,0,21,52,31,21,PURDUE,PURDUE,67.3,,
162892,Malachi Preciado,C,0,,2027,288,,54.9,0,,59.6,55,2,1,0,38,0,0,26,64,38,26,S ALABAMA,S ALABAMA,72.4,,
162921,Taj White,G,0,,2027,278,,72,76.7,,77.4,63,0,1,0,33,0,0,34,67,33,34,RUTGERS,RUTGERS,51.9,,
162943,Phillip Houston,T,0,,2027,143,,67.6,76.5,,71.9,54,0,1,0,49,0,0,16,65,49,16,COLORADO,COLORADO,59.5,,
162946,JaDarious Lee,T,0,,2027,166,,54.7,76.7,54.6,53.4,56,0,1,0,36,3,0,27,66,39,27,FIU,FIU,58.2,,
162957,Marlion Jackson,WR,0,,2027,208,,60.1,68.4,,60,09,0,1,0,0,0,0,3,3,0,3,LA TECH,LA TECH,,,
162959,Nate Jones,WR,0,,2025,208,,60,64.3,,60,17,0,1,0,0,0,0,1,1,0,1,LA TECH,LA TECH,,,
162960,John Locke Jr.,TE,0,,2027,208,,60,66.8,,60,87,0,1,0,0,0,0,3,3,0,3,LA TECH,LA TECH,,,
163009,Lee Beebe Jr.,HB,0,,2027,321,74.1,61.8,77.4,58.7,65.1,29,0,1,0,2,31,12,4,49,33,16,UAB,UAB,44.9,,62.3
163012,Taven Curry,HB,0,,2027,209,65.5,66.9,68,,,18,0,1,0,1,0,2,0,3,1,2,LA MONROE,LA MONROE,67.5,,64.8
163020,Iverson Hooks,WR,0,,2027,321,62.4,67.8,73.9,61.5,59.3,00,0,1,1,0,12,0,5,18,13,5,UAB,UAB,,75.7,
163028,J.C. Sivley,TE,0,,2028,321,,56.9,66.9,57.5,,88,0,1,0,0,2,0,0,2,2,0,UAB,UAB,,,
163031,Torrance Burgess Jr.,HB,0,,2028,314,68.6,79.4,70.1,54.2,60,22,0,1,0,0,6,4,1,11,6,5,TEXAS ST,TEXAS ST,,,81.7
163045,K.D. Hutchinson,WR,0,,2027,346,69.9,52.4,69,58.7,37.4,15,0,1,0,0,5,0,1,6,5,1,W KENTUCKY,W KENTUCKY,,,
163051,Easton Messer,WR,0,,2027,346,66.4,61.3,77.4,55.3,75.9,08,0,1,0,0,24,1,14,39,24,15,W KENTUCKY,W KENTUCKY,,,63.3
163067,Keylen Davis,G,0,,2027,102,,64.3,79.5,,59.1,56,0,1,0,61,0,0,18,79,61,18,AKRON,AKRON,75.4,,
163085,Chris Hood,T,0,,2027,117,,61.3,77.5,,58.1,66,0,1,0,42,0,0,32,74,42,32,BALL ST,BALL ST,65,,
163091,Nick Munson,WR,0,,2028,117,67.5,53.1,72.2,53.9,60,00,0,1,0,0,9,0,2,11,9,2,BALL ST,BALL ST,,,
163092,Dahya Patel,WR,0,,2027,117,,57.5,64.1,59.1,,82,0,1,0,0,1,0,0,1,1,0,BALL ST,BALL ST,,,
163093,Cam Pickett,WR,0,,2027,117,68.5,71,77.1,69.3,44.5,07,0,1,0,0,25,3,14,42,25,17,BALL ST,BALL ST,,,70.4
163098,Taran Tyo,T,0,,2027,117,,73.3,77,,67,77,0,1,0,42,0,0,32,74,42,32,BALL ST,BALL ST,82.1,,
163104,Harold Fannin Jr.,TE,0,2025,2025,122,67.9,92.8,78.2,92.8,77.7,00,0,1,0,0,24,0,27,51,24,27,BOWL GREEN,BOWL GREEN,,,
163108,Trey Johnson,WR,0,,2028,122,,54.7,72.4,55.1,59,17,0,1,0,0,8,0,6,14,8,6,BOWL GREEN,BOWL GREEN,,,
163121,DeCorion Temple,TE,0,,2028,134,61,49.5,77.2,47.8,52.7,88,0,1,0,6,23,0,24,53,29,24,C MICHIGAN,C MICHIGAN,70.7,,
163139,Chrishon McCray,WR,0,,2027,201,66,51.6,78.9,52.2,60.8,02,1,1,0,0,37,1,24,62,37,25,KENT STATE,KENT STATE,,,57.5
163141,Dustyn Morell,G,0,,2027,201,,56.9,16.2,,55.6,57,1,1,0,37,0,0,29,66,37,29,KENT STATE,KENT STATE,74.3,,
163150,Tommy Ulatowski,QB,0,,2027,201,69.7,54.9,76,,60,14,0,1,30,0,0,3,19,52,30,22,KENT STATE,KENT STATE,,59.5,51.3
163154,Eric Holley III,WR,0,,2026,316,61,50.6,0,55.4,56.5,81,1,1,0,0,13,0,12,25,13,12,TOLEDO,TOLEDO,,,
163156,Junior Vandeross III,WR,0,,2026,316,62.9,64.7,75.6,59.7,81.7,02,0,1,0,0,20,0,16,36,20,16,TOLEDO,TOLEDO,,,
163158,Jalen Buckley,HB,0,,2027,347,74.9,63.3,75.5,68.7,58.3,06,0,1,0,3,12,14,3,32,15,17,W MICHIGAN,W MICHIGAN,47.1,,62.3
163249,Dominique Henry,WR,0,,2027,165,,55.7,73.3,55.9,59.8,19,0,1,0,0,8,0,6,14,8,6,FAU,FAU,,,
163251,Parker Kingston,WR,0,,2027,128,68.9,63.1,72.1,55.7,60.6,11,0,1,0,0,5,1,6,12,5,7,BYU,BYU,,,63.6
163273,Jacob Newell,TE,0,,2028,102,61,50.1,76.4,52.7,59.9,88,0,1,0,3,35,0,10,48,38,10,AKRON,AKRON,20,,
163282,Luke Eckardt,T,0,,2026,281,,61.4,74.3,,59.9,56,0,1,0,17,0,0,14,31,17,14,SM HOUSTON,SM HOUSTON,61.9,,
163291,Josh Conerly Jr.,T,0,2025,2025,264,,78.9,77.5,,76.1,76,1,1,0,36,0,0,37,73,36,37,OREGON,OREGON,74.9,,
163294,Dave Iuli,G,0,,2027,264,,52,77.2,,53.9,74,0,1,0,25,0,0,15,40,25,15,OREGON,OREGON,32.2,,
163295,Jordan James,HB,0,2025,2025,264,78,73.4,77.2,67.2,49.3,20,0,1,0,3,22,25,7,57,25,32,OREGON,OREGON,75.6,,72.8
163296,Ross James,P,0,,2026,264,62.5,75.9,60,,,S92,0,1,0,0,0,1,0,1,0,1,OREGON,OREGON,,,63.4
163302,Kawika Rogers,G,0,,2027,264,,56.1,76.8,,56,73,0,1,0,11,0,0,22,33,11,22,OREGON,OREGON,46.5,,
163319,Louis Brown IV,WR,0,,2027,284,61,61.6,79.1,61,62.5,04,0,1,0,0,26,0,21,47,26,21,S DIEGO ST,S DIEGO ST,,,
163326,Aaron Karas,T,0,,2027,144,,81.6,76.5,,81.8,78,0,1,0,20,0,0,43,63,20,43,COLO STATE,COLO STATE,58.2,,
163329,Coby McNeal,TE,0,,2025,103,,60,64.1,,60,34,0,1,0,0,0,0,1,1,0,1,ALABAMA,ALABAMA,,,
163334,Justus Ross-Simmons,WR,0,,2027,304,62.9,69.5,0,69.9,78,12,1,1,0,0,10,0,5,15,10,5,SYRACUSE,SYRACUSE,,,
163362,Christian Washington,HB,0,,2028,141,71.5,62.7,74.2,54,53.6,20,0,1,0,1,15,6,8,30,16,14,COAST CAR,COAST CAR,68.1,,66.5
163377,Mason Jacobsen,ED,0,,2027,120,,60,60,,,D56,0,1,0,1,0,0,0,1,1,0,BOISE ST,BOISE ST,63.8,,
163379,Maddux Madsen,QB,0,,2027,120,69.7,75.2,77.2,,60,04,0,1,36,0,0,2,34,72,36,36,BOISE ST,BOISE ST,,73.6,64.2
163388,Hall Schmidt,T,0,,2028,120,,37.8,0,,57.5,65,2,1,0,36,0,0,36,72,36,36,BOISE ST,BOISE ST,16.2,,
163424,Teague Andersen,T,0,,2027,329,,55.9,75.1,,56.6,54,0,1,0,25,0,0,19,44,25,19,UTAH ST,UTAH ST,50.2,,
163426,Bishop Davenport,QB,0,,2027,288,62.5,59.2,63.6,,,04,0,1,0,0,0,1,0,1,0,1,S ALABAMA,S ALABAMA,,,59.7
163440,Bryce Radford,C,0,,2026,329,,67.6,74.6,,65,75,0,1,0,3,0,0,14,17,3,14,UTAH ST,UTAH ST,75.2,,
163445,Chase Tuatagaloa,TE,0,,2027,329,,53.7,70.5,55.8,54.7,12,0,1,0,0,4,0,4,8,4,4,UTAH ST,UTAH ST,,,
163487,Chams Diagne,CB,0,,2027,175,,60,64.9,,60,D18,0,1,0,0,0,0,1,1,0,1,GA STATE,GA STATE,,,
163498,Adameon Botley,T,0,,2027,209,,60,66.9,,59.5,62,0,1,0,1,0,0,2,3,1,2,LA MONROE,LA MONROE,65.7,,
163508,Drew Hutchinson,C,0,,2027,209,,60,68.7,,63.7,64,0,1,0,1,0,0,2,3,1,2,LA MONROE,LA MONROE,68,,
163512,Tellek Lockette,G,0,,2027,314,,61.2,78.4,,56.8,74,0,1,0,39,0,0,18,57,39,18,TEXAS ST,TEXAS ST,73.5,,
163521,Car'lin Vigers,CB,0,2025,2025,209,,60,60,,60,D01,0,1,0,0,0,0,1,1,0,1,LA MONROE,LA MONROE,,,
163529,Ahmarian Granger,WR,0,,2026,102,,46.3,76.8,46.9,59.9,14,0,1,0,0,24,0,10,34,24,10,AKRON,AKRON,,,
163544,Maarten Woudsma,G,0,,2027,263,,45.3,79.4,,53.5,55,0,1,0,28,0,0,31,59,28,31,DOMINION,DOMINION,4.9,,
163553,Christopher Wallace Jr.,S,0,,2026,288,,60,71.8,,60,D00,0,1,0,0,0,0,1,1,0,1,S ALABAMA,S ALABAMA,,,
163558,Davis Dalton,WR,0,,2027,296,61,60.3,78.3,60.2,58.6,11,0,1,0,0,18,0,20,38,18,20,SO MISS,SO MISS,,,
163565,Ty Mims,WR,0,,2027,296,68.4,56.8,75.1,56.3,61.3,01,0,1,0,0,17,0,21,38,17,21,SO MISS,SO MISS,,,
163566,Klabron Pollard,G,0,,2027,296,,51.8,75.5,,48.9,55,0,1,0,8,0,0,17,25,8,17,SO MISS,SO MISS,79.9,,
163576,Fabian Rogosch,TE,0,,2027,318,,55.7,70.2,56.1,57.3,85,0,1,0,1,2,0,10,13,3,10,TROY,TROY,65.2,,
163585,Upton Bellenfant,K,0,,2027,126,,60,60,,60,S27,0,1,0,0,0,0,1,1,0,1,BUFFALO,BUFFALO,,,
163586,Isaiah Bond,WR,0,2025,2025,311,65,63.2,77.2,68.8,33.9,07,0,1,0,0,21,0,21,42,21,21,TEXAS,TEXAS,,,
163588,Cade Carruth,QB,0,,2026,103,,60,66.6,,60,O16,0,1,0,0,0,0,3,3,0,3,ALABAMA,ALABAMA,,,
163592,Peyton Fox,TE,0,,2027,103,,55.1,65.7,,49.1,46,0,1,0,0,0,0,2,2,0,2,ALABAMA,ALABAMA,,,
163595,Emmanuel Henderson Jr.,WR,0,2026,2026,103,,49.7,74.3,53.6,41.3,03,0,1,0,0,13,0,7,20,13,7,ALABAMA,ALABAMA,,,
163599,Miles Kitselman,TE,0,2026,2026,307,66.5,79.3,77.4,82.2,62.6,87,0,1,0,0,24,1,17,42,24,18,TENNESSEE,TENNESSEE,,,62.3
163600,Danny Lewis Jr.,TE,0,,2027,103,61.9,56.7,71.9,55.4,58.7,87,0,1,0,2,4,0,6,12,6,6,ALABAMA,ALABAMA,68.5,,
163602,Jay Loper Jr.,WR,0,,2026,103,,56.9,67.6,57.9,60,32,0,1,0,0,2,0,2,4,2,2,ALABAMA,ALABAMA,,,
163603,Michael Lorino,HB,0,,2027,103,62.5,57,62.7,,,27,0,1,0,0,0,1,0,1,0,1,ALABAMA,ALABAMA,,,58.2
163609,Kobe Prentice,WR,0,2026,2026,103,62.9,57.9,74.2,57.7,61.6,06,0,1,0,0,9,0,8,17,9,8,ALABAMA,ALABAMA,,,
163610,Shazz Preston,WR,0,,2027,319,61,68.7,75.8,68.4,61.4,06,0,1,0,0,5,0,20,25,5,20,TULANE,TULANE,,,
163611,Elijah Pritchett,T,0,,2028,103,,49.5,74,,51.7,57,0,1,0,13,0,0,20,33,13,20,ALABAMA,ALABAMA,40.7,,
163635,Patrick Kutas,G,0,,2027,111,,69.4,78.6,,72.9,75,0,1,0,30,0,0,18,48,30,18,ARKANSAS,ARKANSAS,50.4,,
163642,Isaiah Sategna III,WR,0,,2027,111,72.7,57.2,77,57,60.2,06,0,1,0,0,30,0,20,50,30,20,ARKANSAS,ARKANSAS,,,
163649,Trace Campbell,QB,0,,2027,321,62.9,61.6,65.6,61.2,,14,0,1,0,0,2,0,0,2,2,0,UAB,UAB,,,
163659,Kyirin Heath,TE,0,,2026,296,,34.1,76.1,44,47.5,85,0,1,0,4,10,0,19,33,14,19,SO MISS,SO MISS,21.6,,
163666,Larry Simmons,WR,0,,2028,296,61,54.9,76.7,54.4,61.7,09,0,1,0,0,20,0,20,40,20,20,SO MISS,SO MISS,,,
163681,Mojo Dortch,WR,0,,2027,318,,57.1,66.2,58.2,,05,0,1,0,0,2,0,0,2,2,0,TROY,TROY,,,
163688,Wesley Miller,S,0,,2027,288,,60,60,,60,D06,0,1,0,0,0,0,1,1,0,1,S ALABAMA,S ALABAMA,,,
163697,Zavion Thomas,WR,0,2026,2026,211,71.3,58.1,73.1,58.7,60.4,00,0,1,0,0,7,1,6,14,7,7,LSU,LSU,,,59.5
163734,Dillon Bell,WR,0,2026,2026,173,66.9,51.7,75.1,55,60.7,86,0,1,0,0,14,2,5,21,14,7,GEORGIA,GEORGIA,,,53.8
163772,Dylan Sampson,HB,0,2025,2025,307,76.5,69.9,76.9,43.4,59.9,06,0,1,0,15,18,19,4,56,33,23,TENNESSEE,TENNESSEE,24.3,,77.9
163776,Squirrel White,WR,0,2026,2026,307,66.2,55.5,76.4,55.4,60.8,03,0,1,0,0,36,0,16,52,36,16,TENNESSEE,TENNESSEE,,,
163777,Josh Kattus,TE,0,2026,2026,202,61,73.2,71.5,80.4,59.5,84,0,1,0,3,4,0,13,20,7,13,KENTUCKY,KENTUCKY,70.5,,
163790,Jordan Anthony,WR,0,,2027,111,65.1,53.2,77.5,57.4,38,11,0,1,0,0,26,0,20,46,26,20,ARKANSAS,ARKANSAS,,,
163792,Josh Terrell,FB,0,,2026,202,,60,69.2,,60,39,0,1,0,0,0,0,3,3,0,3,KENTUCKY,KENTUCKY,,,
163817,Ethan Vasko,QB,0,,2027,141,71.5,77.8,77.4,54.3,60,15,0,1,43,0,1,7,25,76,44,32,COAST CAR,COAST CAR,,74.6,71
163839,Kelvin Banks Jr.,T,0,2025,2025,311,,62.7,77.5,,61.7,78,0,1,0,36,0,0,37,73,36,37,TEXAS,TEXAS,60.2,,
163844,DJ Campbell,G,0,2026,2026,311,,78.6,77.9,,78.7,52,0,1,0,23,0,0,28,51,23,28,TEXAS,TEXAS,77.3,,
163855,Colin Page,HB,0,,2027,311,,60,66.5,,60,27,0,1,0,0,0,0,3,3,0,3,TEXAS,TEXAS,,,
163867,Cameron Williams,T,0,2025,2025,311,,71.8,77,,65.2,56,0,1,0,36,0,0,37,73,36,37,TEXAS,TEXAS,81.6,,
163938,Jacob Barrick,TE,0,,2026,196,61,62.3,75.6,65.5,55.3,81,0,1,0,0,11,0,21,32,11,21,JVILLE ST,JVILLE ST,,,
163966,Jordan McCants,WR,0,,2028,196,65,60.7,78.1,62.3,48.4,88,0,1,0,0,28,0,30,58,28,30,JVILLE ST,JVILLE ST,,,
164122,Jordon Jones,T,0,,2027,259,,60.2,68,,60.6,55,0,1,0,0,0,0,4,4,0,4,OHIO,OHIO,,,
164127,Jarian Shelby,T,0,,2027,259,,57.9,67.7,,56.7,75,0,1,0,0,0,0,4,4,0,4,OHIO,OHIO,,,
164131,Kam Wright,C,0,,2027,259,,62.1,69.6,,64.4,67,0,1,0,0,0,0,4,4,0,4,OHIO,OHIO,,,
164137,Quincy Burroughs,WR,0,,2027,349,,59.1,67.3,59.9,60,05,0,1,0,0,1,0,1,2,1,1,WISCONSIN,WISCONSIN,,,
164140,Luke Dalton,G,0,,2027,117,,57.8,69.4,,,61,0,1,0,4,0,0,0,4,4,0,BALL ST,BALL ST,13.5,,
164157,Drew Allar,QB,0,2026,2026,266,68,80.4,76.5,,60.7,15,0,1,22,0,0,1,18,41,22,19,PENN STATE,PENN STATE,,83.2,62.7
164158,Kaytron Allen,HB,0,2026,2026,266,71.1,67,75.2,64.1,58.1,13,0,1,0,3,13,6,4,26,16,10,PENN STATE,PENN STATE,77.5,,68.1
164162,Jerry Cross,TE,0,,2027,266,,54.2,67.5,,53.8,88,0,1,0,1,0,0,4,5,1,4,PENN STATE,PENN STATE,65.4,,
164168,Omari Evans,WR,0,2026,2026,266,61,55.6,74.1,55.8,60.1,05,0,1,0,0,11,0,5,16,11,5,PENN STATE,PENN STATE,,,
164173,Tyler Holzworth,HB,0,,2026,266,,60,62.7,60,,34,0,1,0,0,1,0,0,1,1,0,PENN STATE,PENN STATE,,,
164174,Vega Ioane,G,0,2026,2026,266,,72.6,78,,71.1,71,0,1,0,22,0,0,19,41,22,19,PENN STATE,PENN STATE,77.4,,
164175,Anthony Ivey,WR,0,,2027,266,,51.7,75.1,46.1,75.9,12,0,1,0,0,8,0,12,20,8,12,PENN STATE,PENN STATE,,,
164176,Tyler Johnson,WR,0,,2027,266,,54.7,74.1,54.5,62,11,0,1,0,0,8,0,11,19,8,11,PENN STATE,PENN STATE,,,
164180,JB Nelson,G,0,,2026,266,,51.6,70.6,,51.3,56,0,1,0,2,0,0,3,5,2,3,PENN STATE,PENN STATE,73.8,,
164182,Beau Pribula,QB,0,,2027,266,69.8,93.1,73,,60,09,0,1,8,0,0,5,11,24,8,16,PENN STATE,PENN STATE,,93.6,69.2
164183,Dominic Rulli,C,0,,2027,266,,67,75.1,,65.6,52,0,1,0,8,0,0,12,20,8,12,PENN STATE,PENN STATE,61.7,,
164186,Drew Shelton,T,0,2026,2026,266,,61.3,75.3,,59,66,0,1,0,22,0,0,19,41,22,19,PENN STATE,PENN STATE,64.4,,
164188,Nicholas Singleton,HB,0,2026,2026,266,71.5,70.4,72.7,78.3,59.4,10,0,1,0,3,4,7,2,16,7,9,PENN STATE,PENN STATE,22,,69.8
164383,Omar Aigbedion,G,0,,2026,118,,71,79.3,,72,68,0,1,0,40,0,0,33,73,40,33,BAYLOR,BAYLOR,65.4,,
164737,Lamar Robinson,G,0,,2027,175,,65.6,80.3,,65,78,0,1,0,56,0,0,19,75,56,19,GA STATE,GA STATE,67.9,,
164945,Tyler Keinath,G,0,,2027,120,,62.6,0,,70.1,78,1,1,0,16,0,0,14,30,16,14,BOISE ST,BOISE ST,58.9,,
165355,Chad Staley,TE,0,,2026,166,,59.4,74.3,54.5,59.3,97,0,1,0,14,4,0,17,35,18,17,FIU,FIU,66.7,,
165418,Evan King,TE,0,,2026,126,,49.9,73.5,53.9,49.9,14,0,1,0,3,4,0,14,21,7,14,BUFFALO,BUFFALO,73.1,,
165468,C'Quan Jnopierre,WR,0,,2026,166,65.4,67.4,74.7,66.5,60,07,0,1,0,0,16,0,1,17,16,1,FIU,FIU,,,
165786,Elijah Sohn,TE,0,,2025,281,61,48.7,77.4,51.5,49.6,19,0,1,0,9,16,0,27,52,25,27,SM HOUSTON,SM HOUSTON,70.4,,
166543,Censere Lee,WR,0,,2027,268,,48.3,0,51.7,56.5,11,1,1,0,0,27,0,11,38,27,11,PITTSBURGH,PITTSBURGH,,,
166993,Chris Hunter III,WR,0,,2027,109,66.2,63.3,79.5,62.8,62.6,16,0,1,0,0,42,0,22,64,42,22,ARIZONA,ARIZONA,,,
167083,Antonio Jones,WR,0,,2026,306,64.3,60.9,72.9,56.9,59.9,19,0,1,0,0,8,1,2,11,8,3,TEMPLE,TEMPLE,,,63.4
167095,Floyd Chalk,HB,0,,2027,285,74.4,58.6,75.9,59.5,60,00,0,1,0,23,11,13,3,50,34,16,S JOSE ST,S JOSE ST,56.6,,58.9
167108,Melvin Priestly,T,0,2026,2026,187,,68.2,76.5,,65.9,58,0,1,0,33,0,0,30,63,33,30,ILLINOIS,ILLINOIS,68.2,,
167652,Ryan Butler,HB,0,,2026,300,,61.7,71,58.7,59.5,15,0,1,0,4,2,0,3,9,6,3,STANFORD,STANFORD,78.1,,
168401,Parker St. John,TE,0,,2025,101,,60,64.4,,60,89,0,1,0,0,0,0,1,1,0,1,AIR FORCE,AIR FORCE,,,
168436,Bennett Galloway,HB,0,,2026,209,,59.9,65.2,60,60,26,0,1,0,0,1,0,1,2,1,1,LA MONROE,LA MONROE,,,
168441,Kole Wilson,WR,0,2026,2026,314,70.7,74.2,76.8,73.3,61.8,02,0,1,0,0,34,0,18,52,34,18,TEXAS ST,TEXAS ST,,,
168593,Emeka Obigbo,G,0,,2026,314,,56.8,73.6,,56.2,65,0,1,0,1,0,0,11,12,1,11,TEXAS ST,TEXAS ST,70.6,,
169053,Nick Cenacle,WR,0,,2026,180,67.7,71.9,77.2,71.3,59.1,03,0,1,0,1,33,0,12,46,34,12,HAWAII,HAWAII,63.9,,
169169,Jared Roznos,WR,0,,2025,101,61,81.2,74.3,83.4,55,13,0,1,0,0,2,0,16,18,2,16,AIR FORCE,AIR FORCE,,,
169699,Mario Anderson Jr.,HB,0,,2025,218,77.3,68.6,76.1,54.9,47.6,02,0,1,0,1,26,22,3,52,27,25,MEMPHIS,MEMPHIS,9.4,,73.8
169904,Jordan Church,G,0,,2028,165,,55.7,80.1,,50.4,54,0,1,0,46,0,0,25,71,46,25,FAU,FAU,67.9,,
169916,Zeke Moore,TE,0,,2028,165,,52.1,75,54.4,58.6,48,1,1,0,3,5,0,17,25,8,17,FAU,FAU,31.7,,
169923,Gemari Sands,HB,0,,2028,165,67.3,60.6,70.9,55.5,,23,0,1,0,2,5,3,0,10,7,3,FAU,FAU,74.8,,61.2
169926,Jabari Smith,WR,0,,2028,165,64.1,62.7,77.5,62.8,55.6,82,0,1,0,0,37,0,12,49,37,12,FAU,FAU,,,
169929,Wallace Unamba,T,0,,2026,241,,66.7,75,,65.9,76,0,1,0,23,0,0,21,44,23,21,NEW MEXICO,NEW MEXICO,63.2,,
169933,Harris Boyd,QB,0,,2029,218,62.5,68.2,67.4,,60,14,0,1,0,0,0,1,3,4,0,4,MEMPHIS,MEMPHIS,,,63.2
169934,Malachi Breland,G,1,,2028,218,,60.2,0,,66,72,3,1,0,40,0,0,35,75,40,35,MEMPHIS,MEMPHIS,69.9,,
169938,Jamauri Chislom,TE,0,,2026,218,61,69.2,72.4,62.4,73.2,33,0,1,0,2,5,0,5,12,7,5,MEMPHIS,MEMPHIS,69.6,,
169941,Brendan Doyle,TE,0,,2026,218,61,77.4,75.7,63,81.3,86,0,1,0,4,14,0,22,40,18,22,MEMPHIS,MEMPHIS,70.6,,
169953,Christian Ross,TE,0,,2028,218,,69.6,68.4,,72,85,0,1,0,0,0,0,4,4,0,4,MEMPHIS,MEMPHIS,,,
169972,Arnold Barnes III,HB,0,,2028,319,74,66.2,74.8,74.8,47.1,20,1,1,0,4,4,12,5,25,8,17,TULANE,TULANE,22.6,,67.5
169984,Darian Mensah,QB,0,,2028,319,68.7,82.3,76.2,,60,10,0,1,22,0,0,2,33,57,22,35,TULANE,TULANE,,72.4,77.3
169986,LaJuan Owens,T,0,,2029,241,,50,23,,50.3,52,1,1,0,32,0,0,44,76,32,44,NEW MEXICO,NEW MEXICO,70.8,,
169989,Hunter Summers,WR,0,,2028,113,,56.3,69.7,56.9,60,03,0,1,0,0,4,0,2,6,4,2,ARK STATE,ARK STATE,,,
169994,Deonte Bowie,G,0,,2026,327,,65.7,74.7,,64.8,74,0,1,0,1,0,0,16,17,1,16,USF,USF,70.6,,
169995,Evan Dangler,TE,0,,2027,327,61.9,49.4,74,60,45.6,47,0,1,0,0,1,0,15,16,1,15,USF,USF,,,
169998,Nikola Milovac,T,0,,2028,327,,68.4,69.6,,68.2,76,0,1,0,0,0,0,8,8,0,8,USF,USF,,,
169999,Cole Skinner,G,0,,2028,327,,52.5,72.1,,52,56,0,1,0,1,0,0,8,9,1,8,USF,USF,70.6,,
170022,Olsen Patt-Henry,TE,0,,2028,140,,53.2,75.4,54.9,54.7,11,0,1,0,2,7,0,11,20,9,11,CLEMSON,CLEMSON,68.7,,
170024,Harris Sewell,G,0,,2028,140,,61.5,79.3,,64.4,73,0,1,0,52,0,0,20,72,52,20,CLEMSON,CLEMSON,49.9,,
170070,Ashton Heflin,LB,0,,2028,214,,60,60,,60,D21,0,1,0,0,0,0,1,1,0,1,MARSHALL,MARSHALL,,,
170101,Paul Billups II,WR,0,,2028,245,,51.2,73.1,56.1,42.9,11,0,1,0,0,6,0,11,17,6,11,N CAROLINA,N CAROLINA,,,
170103,D.J. Geth,G,0,,2028,206,,64.7,74.3,,69.3,51,0,1,0,7,0,0,10,17,7,10,LIBERTY,LIBERTY,21.7,,
170108,Tom Maginness,P,0,,2026,245,,60,70.3,,60,S96,0,1,0,0,0,0,1,1,0,1,N CAROLINA,N CAROLINA,,,
170110,Michael Short,LB,0,,2028,245,,60,60,,60,D30,0,1,0,0,0,0,1,1,0,1,N CAROLINA,N CAROLINA,,,
170122,Israel Polk,WR,0,,2028,102,62.9,56.8,77.2,58.7,42.6,05,0,1,0,0,37,0,6,43,37,6,AKRON,AKRON,,,
170127,BJ Williams,G,0,,2028,268,,58.8,21.8,,60.2,55,1,1,0,68,0,0,25,93,68,25,PITTSBURGH,PITTSBURGH,63.3,,
170131,Anthony Colandrea,QB,0,,2028,335,69.3,31.1,74.9,60,60,10,0,1,23,0,1,3,12,39,24,15,VIRGINIA,VIRGINIA,,28.5,64.2
170132,Jaden Gibson,WR,0,,2028,335,62.9,75,74.2,73.6,61.7,09,0,1,0,0,8,0,8,16,8,8,VIRGINIA,VIRGINIA,,,
170192,Dillan Fontus,DI,0,,2028,215,,60,63,,59.5,D46,0,1,0,0,0,0,1,1,0,1,MARYLAND,MARYLAND,,,
170198,Ryan Manning,WR,0,,2028,215,,49,69.6,55.8,36.8,11,0,1,0,0,6,0,0,6,6,0,MARYLAND,MARYLAND,,,
170203,Nolan Ray,HB,0,,2028,215,67.4,57.9,73.4,42.1,60,25,0,1,0,4,10,2,2,18,14,4,MARYLAND,MARYLAND,75.1,,63.2
170205,DJ Samuels,ED,0,,2028,215,,60,63.6,,60,D42,0,1,0,0,0,0,1,1,0,1,MARYLAND,MARYLAND,,,
170208,Dylan Wade,TE,0,,2028,215,66.7,70.7,77,70.3,67.6,00,0,1,0,4,37,0,5,46,41,5,MARYLAND,MARYLAND,50.6,,
170209,Rico Walker,TE,0,,2028,115,,53.1,71.6,54.4,55.5,17,0,1,0,1,3,0,9,13,4,9,AUBURN,AUBURN,67.3,,
170210,Tamarus Walker,G,0,,2028,215,,55.8,77,,62.6,56,0,1,0,20,0,0,11,31,20,11,MARYLAND,MARYLAND,19.3,,
170227,Gunnar Gottula,T,0,,2029,238,,56.8,73.2,,53.6,77,0,1,0,13,0,0,9,22,13,9,NEBRASKA,NEBRASKA,66.3,,
170233,Jaylen Lloyd,WR,0,,2028,238,61,77,71.7,74.6,60.3,19,0,1,0,0,6,0,4,10,6,4,NEBRASKA,NEBRASKA,,,
170255,Brandon Inniss,WR,0,,2028,260,65.3,72.9,73,73,59.3,11,0,1,0,1,2,0,7,10,3,7,OHIO STATE,OHIO STATE,54.4,,
170261,Luke Montgomery,G,0,,2028,260,,66.1,68.8,,66.2,51,0,1,0,0,0,0,3,3,0,3,OHIO STATE,OHIO STATE,,,
170263,Joshua Padilla,C,0,,2028,260,,59.9,68.7,,59.4,62,0,1,0,0,0,0,3,3,0,3,OHIO STATE,OHIO STATE,,,
170265,Bryson Rodgers,WR,0,,2028,260,,59.6,71.1,59.9,60.6,13,0,1,0,0,1,0,5,6,1,5,OHIO STATE,OHIO STATE,,,
170269,Austin Siereveld,G,0,,2028,260,,59.5,68.5,,59.4,67,0,1,0,0,0,0,3,3,0,3,OHIO STATE,OHIO STATE,,,
170273,Carnell Tate,WR,0,2026,2026,260,65,72.3,77.7,70.6,70.1,17,0,1,0,0,24,0,21,45,24,21,OHIO STATE,OHIO STATE,,,
170274,Jelani Thurman,TE,0,,2028,260,,57.7,73.8,56.3,60.2,15,0,1,0,3,3,0,12,18,6,12,OHIO STATE,OHIO STATE,68.8,,
170276,Alex Birchmeier,G,0,,2029,266,,60,65,,,63,0,1,0,1,0,0,0,1,1,0,PENN STATE,PENN STATE,0,,
170281,Anthony Donkoh,T,0,,2028,266,,45.9,74.3,,41.5,68,0,1,0,18,0,0,17,35,18,17,PENN STATE,PENN STATE,65.8,,
170288,London Montgomery,HB,0,,2028,156,68.6,62.7,71.3,56.5,59.4,34,0,1,0,1,6,4,2,13,7,6,E CAROLINA,E CAROLINA,70,,63.6
170305,J'ven Williams,T,0,,2028,266,,57,75.3,,56.1,74,0,1,0,8,0,0,12,20,8,12,PENN STATE,PENN STATE,60.9,,
170306,Ja'shon Benjamin,HB,0,,2028,278,,60,62.7,60,,20,0,1,0,0,1,0,0,1,1,0,RUTGERS,RUTGERS,,,
170307,Logan Blake,TE,0,,2028,278,,55.1,73.8,47.5,67.9,11,0,1,0,2,14,0,12,28,16,12,RUTGERS,RUTGERS,46.2,,
170319,Ian Strong,WR,0,,2028,278,66.7,82.2,79.1,80.9,64.4,09,0,1,0,0,31,0,28,59,31,28,RUTGERS,RUTGERS,,,
170384,David Clement,TE,0,,2028,304,,67,69.7,59,67.4,86,0,1,0,1,1,0,6,8,2,6,SYRACUSE,SYRACUSE,67.3,,
170403,Keyone Jenkins,QB,0,,2028,166,70.4,73.5,22.4,,60,01,1,1,41,0,0,3,26,70,41,29,FIU,FIU,,77.7,57.5
170407,K.D. Arnold,T,0,,2028,196,,60,66.1,,60,71,0,1,0,0,0,0,2,2,0,2,JVILLE ST,JVILLE ST,,,
170410,Jarod Bowie,WR,0,,2026,196,,56,71.3,56.4,60.1,09,0,1,0,0,4,0,5,9,4,5,JVILLE ST,JVILLE ST,,,
170422,Cam Griffin,G,0,,2028,196,,59.9,73.9,,58.9,60,0,1,0,8,0,0,5,13,8,5,JVILLE ST,JVILLE ST,63.5,,
170423,Daveion Harley,C,0,,2028,196,,61,80.1,,56.8,55,0,1,0,34,0,0,44,78,34,44,JVILLE ST,JVILLE ST,80.1,,
170441,Cam Vaughn,WR,0,,2028,196,61,54,79.1,53.2,62.6,18,1,1,0,0,29,0,33,62,29,33,JVILLE ST,JVILLE ST,,,
170451,Roy Brackins III,G,0,,2028,208,,66.5,68.9,,64.9,60,0,1,0,0,0,0,7,7,0,7,LA TECH,LA TECH,,,
170452,Evan Bullock,QB,0,,2029,208,25.8,47.8,77.1,,60.7,07,0,1,19,0,0,3,42,64,19,45,LA TECH,LA TECH,,35.5,67.3
170453,Hayden Christman,T,0,,2028,208,,74.5,76.5,,72.7,72,0,1,0,19,0,0,45,64,19,45,LA TECH,LA TECH,66.5,,
170458,Eli Finley,TE,0,,2028,208,,48.7,77.3,51.6,51.7,84,0,1,0,1,16,0,29,46,17,29,LA TECH,LA TECH,65.4,,
170462,Ja'Marion Kennedy,G,0,,2028,208,,68.1,77.3,,66.6,66,0,1,0,7,0,0,34,41,7,34,LA TECH,LA TECH,78.5,,
170501,Qua'Vez Humphreys,WR,0,,2027,281,62.9,68.6,76.5,67.6,61.8,07,0,1,0,0,14,0,13,27,14,13,SM HOUSTON,SM HOUSTON,,,
170503,William McCollum,G,0,,2026,281,,56.7,69.4,,60,75,0,1,0,3,0,0,1,4,3,1,SM HOUSTON,SM HOUSTON,0.2,,
170507,Elijah Boyd,TE,0,,2026,122,,62.9,70.4,52.1,73.7,81,0,1,0,1,4,0,3,8,5,3,BOWL GREEN,BOWL GREEN,64,,
171069,Shamarr Jackson,T,0,,2026,242,,51.5,74.3,,48.8,55,0,1,0,15,0,0,20,35,15,20,NEW MEX ST,NEW MEX ST,59.9,,
171071,Jordan Smith,WR,0,,2027,242,68,62.1,74.1,61.8,60,12,0,1,0,0,15,0,8,23,15,8,NEW MEX ST,NEW MEX ST,,,
171074,Sullivan Absher,T,0,,2028,258,,60,64.1,,60,75,0,1,0,0,0,0,1,1,0,1,NOTRE DAME,NOTRE DAME,,,
171081,Jordan Faison,WR,0,,2028,258,65.3,59.3,75.8,54.1,55.8,06,0,1,0,0,22,1,11,34,22,12,NOTRE DAME,NOTRE DAME,,,68
171082,Cooper Flanagan,TE,0,,2028,258,61,84,72.5,81.3,70.9,87,0,1,0,0,3,0,16,19,3,16,NOTRE DAME,NOTRE DAME,,,
171085,Jaden Greathouse,WR,0,,2028,258,61,73.8,73.6,72.2,60.7,01,0,1,0,0,8,0,6,14,8,6,NOTRE DAME,NOTRE DAME,,,
171090,Jeremiyah Love,HB,0,2026,2026,258,75.8,87.8,75.5,58.7,59.2,04,0,1,0,2,13,17,4,36,15,21,NOTRE DAME,NOTRE DAME,74.3,,88
171094,Kobi Onyiuke,ED,0,,2026,258,,60,60,,60,D45,1,1,0,0,0,0,1,1,0,1,NOTRE DAME,NOTRE DAME,,,
171095,Joe Otting,C,0,,2028,258,,60,65.1,,60,64,0,1,0,0,0,0,1,1,0,1,NOTRE DAME,NOTRE DAME,,,
171096,Sam Pendleton,G,0,,2028,258,,60,65.2,,60,72,0,1,0,0,0,0,1,1,0,1,NOTRE DAME,NOTRE DAME,,,
171099,KK Smith,WR,0,,2028,258,,58.3,71,58.5,60.3,11,0,1,0,0,2,0,6,8,2,6,NOTRE DAME,NOTRE DAME,,,
171101,Chris Terek,G,0,,2028,258,,60,65,,60,55,0,1,0,0,0,0,1,1,0,1,NOTRE DAME,NOTRE DAME,,,
171197,Trevor Brock,G,0,,2026,126,,64.8,80.9,,65.5,79,0,1,0,44,0,0,41,85,44,41,BUFFALO,BUFFALO,57.3,,
171198,Messiah Burch,HB,0,,2028,126,65.5,65.8,65.6,,,13,0,1,0,0,0,2,0,2,0,2,BUFFALO,BUFFALO,,,63.5
171210,Junior Poyser,DI,0,,2028,126,,60,60,,60,D97,0,1,0,0,0,0,1,1,0,1,BUFFALO,BUFFALO,,,
171213,Andrew Schnackenberg,TE,0,,2026,126,,60,60,,60,85,0,1,0,0,0,0,1,1,0,1,BUFFALO,BUFFALO,,,
171214,Lamar Sperling,HB,0,,2028,126,66.3,59.3,71.6,76.7,59.6,32,0,1,0,2,8,2,3,15,10,5,BUFFALO,BUFFALO,73,,53.6
171215,Henry Tabansi,T,0,,2028,126,,65.6,78,,60.3,73,0,1,0,44,0,0,40,84,44,40,BUFFALO,BUFFALO,73,,
171221,Ryan Blum,C,0,,2028,134,,73.8,73.4,,71.4,55,0,1,0,7,0,0,4,11,7,4,C MICHIGAN,C MICHIGAN,76.6,,
171226,Rory Callahan,TE,0,,2028,134,,43.7,71.9,57.7,45.3,89,0,1,0,1,2,0,18,21,3,18,C MICHIGAN,C MICHIGAN,67.8,,
171238,Matthew Nehf,G,0,,2028,134,,58.3,73.6,,55.8,66,0,1,0,6,0,0,6,12,6,6,C MICHIGAN,C MICHIGAN,77.9,,
171245,Nathan VanTimmeren,TE,0,,2028,134,,53,74.2,52.4,59.4,48,0,1,0,1,9,0,6,16,10,6,C MICHIGAN,C MICHIGAN,64.4,,
171256,Dash Dorsey,WR,0,,2029,201,,59,65.3,60,60,81,0,1,0,0,1,0,1,2,1,1,KENT STATE,KENT STATE,,,
171260,Jahzae Kimbrough,HB,0,,2029,201,66.2,66,70.3,55.7,,84,0,1,0,0,4,1,0,5,4,1,KENT STATE,KENT STATE,,,63.2
171271,Lynel Billups-Williams,WR,0,,2028,221,,59.8,70.7,59.9,61.5,82,0,1,0,0,1,0,12,13,1,12,MIAMI OH,MIAMI OH,,,
171281,Andrew Lowry,G,0,,2028,221,,60,67.5,,60,61,0,1,0,0,0,0,2,2,0,2,MIAMI OH,MIAMI OH,,,
171292,Greg Smith Jr.,G,0,,2028,221,,58,75.5,,56.4,74,0,1,0,5,0,0,16,21,5,16,MIAMI OH,MIAMI OH,77,,
171295,Cole Weaver,WR,0,,2028,221,,60.5,74.4,59.9,62.9,84,0,1,0,0,1,0,13,14,1,13,MIAMI OH,MIAMI OH,,,
171301,Grayson Barnes,TE,0,,2026,254,61,53.6,75.4,62.4,36.8,81,0,1,0,0,13,0,4,17,13,4,N ILLINOIS,N ILLINOIS,,,
171322,Thomas Paasch,T,1,,2028,254,,55.8,0,,62.4,75,2,1,0,19,0,0,26,45,19,26,N ILLINOIS,N ILLINOIS,84.2,,
171330,Luke Skartvedt,G,0,,2028,254,,60,60,,60,53,0,1,0,0,0,0,2,2,0,2,N ILLINOIS,N ILLINOIS,,,
171337,Jacob Welch,G,0,,2028,254,,60,60,,60,78,0,1,0,0,0,0,2,2,0,2,N ILLINOIS,N ILLINOIS,,,
171348,Chase Hendricks,WR,0,,2028,259,65.7,62.2,78.7,61.9,60.1,07,0,1,0,0,25,0,21,46,25,21,OHIO,OHIO,,,
171350,Rickey Hunt Jr.,HB,0,,2028,259,62.5,55.6,67.6,58.2,,28,0,1,0,0,2,1,0,3,2,1,OHIO,OHIO,,,57.6
171367,Mason Williams,TE,0,,2028,259,65,62.4,79.5,65,49.9,85,0,1,0,3,23,0,25,51,26,25,OHIO,OHIO,71.3,,
171369,Julian Allen,WR,0,,2029,316,,60,69,,60,21,0,1,0,0,0,0,2,2,0,2,TOLEDO,TOLEDO,,,
171376,CC Ezirim,TE,0,,2027,316,,49.2,72,52.3,52.6,85,0,1,0,1,7,0,6,14,8,6,TOLEDO,TOLEDO,66.8,,
171377,Stephen Gales,T,0,,2028,316,,59.1,71.4,,54.6,65,0,1,0,5,0,0,8,13,5,8,TOLEDO,TOLEDO,80.6,,
171380,Brian Keane,G,0,,2027,316,,56.5,70.4,,55,64,0,1,0,1,0,0,4,5,1,4,TOLEDO,TOLEDO,72,,
171386,Cole Rhett,T,0,,2028,316,,61.9,76,,70.9,74,0,1,0,28,0,0,29,57,28,29,TOLEDO,TOLEDO,33.4,,
171390,Donivon Thomas,TE,0,,2029,316,,54.1,70.7,59.8,53.7,86,0,1,0,0,1,0,4,5,1,4,TOLEDO,TOLEDO,,,
171392,Connor Walendzak,HB,0,,2028,316,70.5,63,71.3,57.5,75.7,24,0,1,0,5,4,6,2,17,9,8,TOLEDO,TOLEDO,78.5,,55.7
171393,JD Willoughby,WR,0,,2030,316,,59.5,68.6,,58.6,15,0,1,0,0,0,0,4,4,0,4,TOLEDO,TOLEDO,,,
171394,Grant Zimmerly,G,0,,2030,316,,52.6,72,,50.8,63,0,1,0,3,0,0,6,9,3,6,TOLEDO,TOLEDO,76.9,,
171398,CJ Hester,HB,0,,2028,216,73.1,59.9,74.5,53,59.2,33,0,1,0,4,12,10,7,33,16,17,UMASS,UMASS,75.5,,61.4
171410,Brennan Wooten,FB,0,,2028,347,,60,63.3,,60,89,0,1,0,0,0,0,1,1,0,1,W MICHIGAN,W MICHIGAN,,,
171556,Devon Dampier,QB,0,,2028,241,49.9,82.1,77.3,,60,04,0,1,32,0,0,23,21,76,32,44,NEW MEXICO,NEW MEXICO,,72.1,75.1
171564,Devon Smith,T,0,,2026,209,,31.9,75.6,,35.9,65,0,1,0,20,0,0,28,48,20,28,LA MONROE,LA MONROE,23.6,,
171565,Matthew Toilolo,T,0,,2027,241,,59.6,68.2,,58.8,65,0,1,0,0,0,0,2,2,0,2,NEW MEXICO,NEW MEXICO,,,
171572,Jelani McLaughlin,S,0,,2029,284,,55.9,71.8,55.3,,D27,0,1,0,0,1,0,0,1,1,0,S DIEGO ST,S DIEGO ST,,,
171574,Gabriel Plascencia,K,0,2026,2026,284,,59,64.1,60,,S46,0,1,0,0,1,0,0,1,1,0,S DIEGO ST,S DIEGO ST,,,
171851,Jackson Holman,WR,0,,2029,109,,60,69.6,,60,09,0,1,0,0,0,0,4,4,0,4,ARIZONA,ARIZONA,,,
171853,Devin Hyatt,WR,0,,2028,109,,58.6,68.7,59,60,13,0,1,0,0,2,0,2,4,2,2,ARIZONA,ARIZONA,,,
171860,Keanu Mailoto,DI,0,,2026,109,,60,60,,60,D95,0,1,0,0,0,0,1,1,0,1,ARIZONA,ARIZONA,,,
171881,Max Iheanachor,T,1,2026,2026,110,,47.2,22.5,,48.1,58,3,1,0,42,0,0,33,75,42,33,ARIZONA ST,ARIZONA ST,58,,
171888,Kyle Scott,G,0,,2026,110,,53,78.1,,48.1,77,0,1,0,28,0,0,22,50,28,22,ARIZONA ST,ARIZONA ST,66.2,,
171893,Dylan Edwards,HB,0,,2028,199,68.1,52,71,58.6,60,03,0,1,0,1,2,3,1,7,3,4,KANSAS ST,KANSAS ST,72.7,,53.2
171894,Isaiah Hardge,WR,0,,2028,143,62.5,72.2,66.3,60,,D17,0,1,0,0,1,1,0,2,1,1,COLORADO,COLORADO,,,63.3
171895,Adam Hopkins IV,WR,0,,2028,136,61,55.3,72.2,56.5,58.4,14,0,1,0,0,9,0,3,12,9,3,CHARLOTTE,CHARLOTTE,,,
171896,Isaiah Jatta,T,0,2026,2026,128,,74,76.4,,70.8,50,0,1,0,31,0,0,32,63,31,32,BYU,BYU,74.1,,
171910,Kasen Weisman,QB,0,,2028,165,68.3,77.6,74.9,,60,12,0,1,25,0,0,1,14,40,25,15,FAU,FAU,,73.6,69.1
171918,Owen Coutts,TE,0,,2026,340,,60,63.5,,60,82,0,1,0,0,0,0,1,1,0,1,WASHINGTON,WASHINGTON,,,
171924,Landen Hatchett,G,0,,2028,340,,66,78.6,,62.8,66,0,1,0,35,0,0,26,61,35,26,WASHINGTON,WASHINGTON,79.2,,
171925,Zach Henning,G,0,,2028,340,,58.2,64.4,57.7,,58,0,1,0,0,1,0,0,1,1,0,WASHINGTON,WASHINGTON,,,
171934,Austin Mack,QB,0,,2028,103,62.7,76.6,68.1,,60,10,0,1,3,0,0,0,2,5,3,2,ALABAMA,ALABAMA,,76.2,
171939,Keith Reynolds,WR,0,,2028,340,61.9,56.1,66.1,57.6,,15,0,1,0,0,2,0,0,2,2,0,WASHINGTON,WASHINGTON,,,
171941,Kahlee Tafai,T,0,,2028,340,,65,76.7,,60.4,71,0,1,0,35,0,0,26,61,35,26,WASHINGTON,WASHINGTON,72.7,,
171943,Rashid Williams,WR,0,,2028,340,,58.5,71.4,58.8,60.5,03,0,1,0,0,2,0,5,7,2,5,WASHINGTON,WASHINGTON,,,
172200,Tyler Little,TE,0,,2028,113,,88.8,73.4,59.2,81.6,87,0,1,0,0,1,0,24,25,1,24,ARK STATE,ARK STATE,,,
172203,Jaylen Raynor,QB,0,,2028,113,73,74.7,76.9,,60,01,0,1,28,0,0,11,30,69,28,41,ARK STATE,ARK STATE,,61.2,76.3
172225,Dorian Fleming,TE,0,,2028,175,65,58.6,79.9,59.2,46.2,82,0,1,0,3,49,0,16,68,52,16,GA STATE,GA STATE,71.4,,
172228,Jaylen Jones,S,0,,2028,175,,60,60,,60,D23,0,1,0,0,0,0,1,1,0,1,GA STATE,GA STATE,,,
172250,Yamir Knight,WR,0,,2028,197,74.6,76.6,80.7,76.1,60.3,00,0,1,0,0,29,0,29,58,29,29,JAMES MAD,JAMES MAD,,,
172256,Jack Mowrey,LS,0,,2029,197,,60,65.1,,60,S43,0,1,0,0,0,0,1,1,0,1,JAMES MAD,JAMES MAD,,,
172258,Josh Phifer,TE,0,,2028,197,,73.5,74.6,54.3,75.1,89,0,1,0,3,5,0,23,31,8,23,JAMES MAD,JAMES MAD,67.2,,
172283,Colton Joseph,QB,0,,2028,263,71.5,67,76.4,,60,02,0,1,28,0,0,7,24,59,28,31,DOMINION,DOMINION,,57.2,74.9
172287,TJ Lott,WR,0,,2028,263,,59.1,63.4,60,,81,0,1,0,0,1,0,0,1,1,0,DOMINION,DOMINION,,,
172294,Devin Roche,HB,0,,2028,263,62.5,58.6,66.8,58.4,,03,0,1,0,0,2,1,0,3,2,1,DOMINION,DOMINION,,,59.6
172300,Kelby Williams,WR,0,,2026,263,,57.9,64.1,59.3,,06,0,1,0,0,1,0,0,1,1,0,DOMINION,DOMINION,,,
172306,Anthony Eager,WR,0,,2028,288,,57.6,67.1,58.5,60,11,0,1,0,0,2,0,1,3,2,1,S ALABAMA,S ALABAMA,,,
172309,Gio Lopez,QB,0,,2028,288,71.8,73.1,76.7,,60,07,0,1,38,0,0,7,18,63,38,25,S ALABAMA,S ALABAMA,,70.6,66
172314,Trent Thomas,TE,0,,2028,288,61,49.5,72.2,55.2,50.4,82,0,1,0,0,5,0,12,17,5,12,S ALABAMA,S ALABAMA,,,
172326,Chris Dawn Jr.,WR,0,,2028,314,62.9,62.4,75.2,59.3,82.3,01,0,1,0,0,20,0,4,24,20,4,TEXAS ST,TEXAS ST,,,
172329,P.J. Hatter,QB,0,,2028,314,71.3,74.5,70.4,,60,06,0,1,0,0,0,7,4,11,0,11,TEXAS ST,TEXAS ST,,,68.7
172336,Jake Simpson,TE,0,,2028,314,,60.4,73.2,,60.1,80,0,1,0,0,0,0,11,11,0,11,TEXAS ST,TEXAS ST,,,
172347,Ethan Conner,TE,0,2026,2026,318,64.1,73.8,75.2,74.5,58.4,14,0,1,0,0,12,0,4,16,12,4,TROY,TROY,,,
172356,Jordan Lovett,HB,0,,2028,318,69.5,59.1,70.9,76.5,60,15,0,1,0,1,7,4,1,13,8,5,TROY,TROY,69.8,,53.8
172362,Elijah Prather,T,0,,2028,318,,58.9,77.7,,57.2,58,0,1,0,36,0,0,38,74,36,38,TROY,TROY,58.7,,
172366,Boaz Stanley,C,0,,2028,318,,70.9,80,,67.8,50,0,1,0,36,0,0,38,74,36,38,TROY,TROY,70.8,,
172372,Jackson Worley,TE,0,,2028,318,,54.6,74.7,50.4,58,86,0,1,0,2,6,0,20,28,8,20,TROY,TROY,67.5,,
172373,Olaus Alinen,G,0,,2029,103,,66.4,77.9,,63.2,73,0,1,0,21,0,0,17,38,21,17,ALABAMA,ALABAMA,83.6,,
172376,Wilkin Formby,T,0,,2027,103,,60.9,75.3,,52.4,75,0,1,0,27,0,0,18,45,27,18,ALABAMA,ALABAMA,78.7,,
172378,Jaren Hamilton,WR,0,,2028,103,,50.4,75.3,53.8,42.4,16,0,1,0,0,12,0,11,23,12,11,ALABAMA,ALABAMA,,,
172379,Justice Haynes,HB,0,,2028,103,71.3,56.5,72.4,56.7,65.7,22,0,1,0,3,6,7,2,18,9,9,ALABAMA,ALABAMA,10.4,,58.6
172385,Ty Lockwood,TE,0,,2028,103,61,62.8,72.6,67.6,56,89,0,1,0,1,6,0,3,10,7,3,ALABAMA,ALABAMA,11.1,,
172386,Dylan Lonergan,QB,0,,2028,103,64.2,61.4,70.7,,60,12,0,1,6,0,0,0,6,12,6,6,ALABAMA,ALABAMA,,60.8,
172388,Miles McVay,T,0,,2028,103,,52.4,75.2,,45.5,58,0,1,0,21,0,0,17,38,21,17,ALABAMA,ALABAMA,69.7,,
172390,Roq Montgomery,G,0,,2028,103,,50.4,77.1,,52.7,55,0,1,0,21,0,0,17,38,21,17,ALABAMA,ALABAMA,26.6,,
172392,Kadyn Proctor,T,0,2026,2026,103,,73.9,75.2,,68.2,74,1,1,0,19,0,0,21,40,19,21,ALABAMA,ALABAMA,84.7,,
172398,Isaiah Augustave,HB,0,,2028,143,72,70.5,74.2,63.3,60,23,1,1,0,8,16,8,1,33,24,9,COLORADO,COLORADO,45.7,,73.2
172412,Maddox Lassiter,FB,0,,2028,111,,59,67.8,,58.4,47,0,1,0,0,0,0,4,4,0,4,ARKANSAS,ARKANSAS,,,
172429,Joey Su'a,G,0,,2029,110,,60,60,,60,54,0,1,0,0,0,0,1,1,0,1,ARIZONA ST,ARIZONA ST,,,
172430,Isaac TeSlaa,WR,0,2025,2025,111,61,61.7,73.8,62.1,54.5,04,0,1,0,0,14,0,3,17,14,3,ARKANSAS,ARKANSAS,,,
172443,Jeremiah Cobb,HB,0,,2028,115,71.9,61.7,74.1,29,59.8,23,0,1,0,1,4,7,2,14,5,9,AUBURN,AUBURN,70,,68.8
172453,Tyler Johnson,T,0,,2028,115,,90.6,72.6,,88.9,79,0,1,0,6,0,0,13,19,6,13,AUBURN,AUBURN,77.3,,
172454,Bradyn Welch-Joiner,G,0,,2028,115,,66.4,78.4,,65.1,55,0,1,0,32,0,0,15,47,32,15,AUBURN,AUBURN,72.3,,
172456,Connor Lew,C,0,2026,2026,115,,73,78.8,,67.7,75,0,1,0,39,0,0,17,56,39,17,AUBURN,AUBURN,83.3,,
172459,Izavion Miller,T,0,2026,2026,115,,69.9,75,,61.4,72,0,1,0,31,0,0,12,43,31,12,AUBURN,AUBURN,83.2,,
172467,Tyree Adams,G,0,,2028,211,,56.8,75.7,,55.6,71,0,1,0,14,0,0,12,26,14,12,LSU,LSU,57.3,,
172473,DJ Chester,C,0,,2028,211,,50.5,80.8,,51.8,79,0,1,0,58,0,0,35,93,58,35,LSU,LSU,46.2,,
172477,Lance Heard,T,0,,2028,307,,36.9,22.8,,41,53,1,1,0,45,0,0,29,74,45,29,TENNESSEE,TENNESSEE,40,,
172488,Paul Mubenga,G,0,,2029,211,,45.8,81.2,,45.2,65,0,1,0,58,0,0,35,93,58,35,LSU,LSU,33.3,,
172490,Ka'Morreun Pimpton,TE,0,,2028,211,,42,73.1,41.6,55,88,0,1,0,1,6,0,8,15,7,8,LSU,LSU,67.7,,
172510,Jayvontay Conner,TE,0,,2029,156,,58.1,67.3,59,59.9,08,0,1,0,0,1,0,3,4,1,3,E CAROLINA,E CAROLINA,,,
172525,Kedrick Reescano,HB,0,,2028,109,73.6,68,74,57.9,60,03,0,1,0,2,8,11,2,23,10,13,ARIZONA,ARIZONA,74.6,,68.2
172591,Jaden Platt,TE,0,,2028,312,,45.7,69.8,54.1,48.3,85,0,1,0,0,3,0,4,7,3,4,TEXAS A&M,TEXAS A&M,,,
172597,TJ Shanahan Jr.,G,0,,2028,312,,47.9,0,,53.9,67,2,1,0,13,0,0,8,21,13,8,TEXAS A&M,TEXAS A&M,54,,
172616,London Humphreys,WR,0,,2028,173,64.1,65.9,78.1,65,63.9,16,0,1,0,0,28,0,18,46,28,18,GEORGIA,GEORGIA,,,
173000,Tyler Chen,G,0,,2028,285,,65.3,75.9,,59.4,62,0,1,0,20,0,0,3,23,20,3,S JOSE ST,S JOSE ST,85.2,,
173021,Beau Sparks,WR,0,,2028,314,66.8,66.5,74.3,69.4,37.2,11,0,1,0,0,22,0,5,27,22,5,TEXAS ST,TEXAS ST,,,
173031,Barry Jackson Jr.,WR,0,,2028,138,62.5,57.2,68.7,59.7,,14,0,1,0,0,1,1,0,2,1,1,CINCINNATI,CINCINNATI,,,59.6
173037,Ja'koby Banks,HB,0,,2028,218,,60.3,67.6,,60,01,0,1,0,0,0,0,4,4,0,4,MEMPHIS,MEMPHIS,,,
173042,Dalton Carnes,WR,0,,2027,251,,49.4,71.6,54.9,39.1,07,0,1,0,0,7,0,4,11,7,4,N TEXAS,N TEXAS,,,
173055,Re'Shaun Sanford II,HB,0,,2029,182,26,65.7,76.8,43.8,59.1,26,0,1,0,4,13,10,11,38,17,21,HOUSTON,HOUSTON,58.5,,71.3
173061,Jonah Wilson,WR,0,,2028,182,,59.4,69.5,60,59.8,04,0,1,0,0,1,0,3,4,1,3,HOUSTON,HOUSTON,,,
173069,Calvin Clements,T,0,,2028,198,,53.6,71.4,,51.7,75,0,1,0,5,0,0,7,12,5,7,KANSAS,KANSAS,61.1,,
173090,Will Anciaux,TE,0,,2028,199,,60,60,,60,80,0,1,0,0,0,0,1,1,0,1,KANSAS ST,KANSAS ST,,,
173093,Jayce Brown,WR,0,,2028,199,13.7,51.9,77.6,52,59,01,0,1,0,0,41,0,20,61,41,20,KANSAS ST,KANSAS ST,,,
173106,Joe Jackson,HB,0,,2028,199,65.3,64.9,72.7,63.1,60,04,0,1,0,2,12,1,1,16,14,2,KANSAS ST,KANSAS ST,70.3,,62.8
173108,Avery Johnson,QB,0,,2028,199,71.3,75.1,76.8,,60,02,0,1,45,0,0,5,18,68,45,23,KANSAS ST,KANSAS ST,,77.4,56.1
173111,Simon McClannan,K,0,,2028,199,,60,60,,60,S35,0,1,0,0,0,0,1,1,0,1,KANSAS ST,KANSAS ST,,,
173119,Tre Spivey,WR,0,,2028,199,65.7,67.4,77,66.7,60.5,12,0,1,0,0,32,0,10,42,32,10,KANSAS ST,KANSAS ST,,,
173164,DeAndre Moore Jr.,WR,0,,2028,311,61,57.4,68.1,57.8,60,00,0,1,0,0,4,0,1,5,4,1,TEXAS,TEXAS,,,
173172,Hudson Clement,WR,0,,2027,343,64.1,66.9,80.5,66.9,58.4,03,0,1,0,0,33,0,31,64,33,31,W VIRGINIA,W VIRGINIA,,,
173178,Rodney Gallagher III,WR,0,,2028,343,67.4,60.6,76.9,62.6,61.1,24,0,1,0,0,25,2,22,49,25,24,W VIRGINIA,W VIRGINIA,,,54.7
173192,Jahiem White,HB,0,,2028,343,75.5,65.3,76.8,61.4,57.9,01,0,1,0,4,18,16,5,43,22,21,W VIRGINIA,W VIRGINIA,77.5,,65
173209,Makenzie McGill,HB,0,,2028,251,70.3,62.8,71.6,73.2,60,38,0,1,0,4,10,5,1,20,14,6,N TEXAS,N TEXAS,22.8,,61.4
173213,Landon Sides,WR,0,,2028,251,,54.7,70.3,54.6,60,22,0,1,0,0,6,0,2,8,6,2,N TEXAS,N TEXAS,,,
173257,Diego Barajas,T,0,,2026,306,,69.2,77.2,,66.8,77,0,1,0,44,0,0,33,77,44,33,TEMPLE,TEMPLE,69.1,,
173261,Peter Clarke,TE,0,,2028,306,,61.5,0,53.9,75,88,1,1,0,4,4,0,15,23,8,15,TEMPLE,TEMPLE,56.9,,
173275,Eric King,G,0,,2028,306,,59.2,80.7,,54.4,52,0,1,0,47,0,0,36,83,47,36,TEMPLE,TEMPLE,72.6,,
173280,Melvin Siani,T,0,,2028,306,,60.8,68.8,,59,70,0,1,0,3,0,0,3,6,3,3,TEMPLE,TEMPLE,73.9,,
173282,Chris Smith,C,0,,2026,306,,56.9,80.3,,56.3,66,0,1,0,47,0,0,36,83,47,36,TEMPLE,TEMPLE,56.2,,
173285,Kevin Terry,T,0,,2028,306,,58.8,77.7,,52.5,56,0,1,0,44,0,0,33,77,44,33,TEMPLE,TEMPLE,69.4,,
173292,Kasen Carpenter,C,0,,2028,320,,37.2,9.8,,37,52,1,1,0,42,0,0,33,75,42,33,TULSA,TULSA,66.3,,
173296,Kirk Francis,QB,0,,2028,320,61.8,55.3,68.1,,60,11,0,1,2,0,0,0,2,4,2,2,TULSA,TULSA,,55.3,
173303,Luke McGary,TE,0,,2028,320,65,67.9,0,66,68.5,87,1,1,0,13,24,0,20,57,37,20,TULSA,TULSA,74.4,,
173337,Corri Milliner,WR,0,,2028,321,64.1,66.4,75.5,65.7,60,06,0,1,0,0,27,0,3,30,27,3,UAB,UAB,,,
173347,Kam Shanks,WR,0,,2028,321,67.7,62.1,75,61.8,60.2,08,0,1,0,0,30,0,6,36,30,6,UAB,UAB,,,
173349,Amare Thomas,WR,0,,2028,321,67.1,59,78.1,64.5,30.4,01,0,1,0,0,38,0,12,50,38,12,UAB,UAB,,,
173351,Delano Townsend,G,0,,2028,321,,62.2,79.8,,58.8,51,0,1,0,49,0,0,17,66,49,17,UAB,UAB,69.5,,
173357,Jayvin James,T,0,,2028,102,,75,76.1,,60.1,77,0,1,0,47,0,0,11,58,47,11,AKRON,AKRON,88.8,,
173362,Owen Wiley,K,0,,2029,102,,60,64.1,,60,S99,0,1,0,0,0,0,1,1,0,1,AKRON,AKRON,,,
173383,Broc Lowry,QB,0,,2028,347,62.5,52.8,63.6,,,14,0,1,0,0,0,1,0,1,0,1,W MICHIGAN,W MICHIGAN,,,56.7
173396,Ahmad Haston,QB,0,,2028,216,71.3,83.3,73.3,,60,05,0,1,0,0,0,7,19,26,0,26,UMASS,UMASS,,,74.4
173432,Elvin Fofanah,TE,0,,2026,346,61,61.5,66,61.4,,84,0,1,0,0,2,0,0,2,2,0,W KENTUCKY,W KENTUCKY,,,
173445,Noah Meyers,TE,0,,2028,346,61,45.7,77.5,58.2,35.9,81,1,1,0,2,20,0,16,38,22,16,W KENTUCKY,W KENTUCKY,88.7,,
173451,Prince Strachan,WR,0,,2028,120,62.9,71.4,75.2,70.2,60.7,17,0,1,0,0,17,0,6,23,17,6,BOISE ST,BOISE ST,,,
173459,Caleb Goodie Sr.,WR,0,,2028,144,64.3,69.6,78.5,64.7,55.6,02,0,1,0,0,16,1,27,44,16,28,COLO STATE,COLO STATE,,,69.4
173460,Justin Marshall,HB,0,,2028,144,75.5,69.7,75.7,69,59,29,0,1,0,1,9,16,3,29,10,19,COLO STATE,COLO STATE,33.9,,68.7
173464,Stephon Daily,WR,0,,2028,144,,57.9,64.1,59.3,,84,0,1,0,0,1,0,0,1,1,0,COLO STATE,COLO STATE,,,
173467,Lavon Brown,WR,0,,2028,144,,58.8,66.6,60,60,82,0,1,0,0,1,0,1,2,1,1,COLO STATE,COLO STATE,,,
173472,Jamari Person,WR,0,,2028,144,61,53.9,77.7,54.2,55.1,18,0,1,0,0,14,0,24,38,14,24,COLO STATE,COLO STATE,,,
173490,Vince Brown II,TE,0,,2026,144,61,42,76.4,39.4,52.4,10,0,1,0,1,14,0,28,43,15,28,COLO STATE,COLO STATE,65.4,,
173491,Christian Martin,T,0,,2028,144,,40.8,70.4,,45.7,72,0,1,0,1,0,0,13,14,1,13,COLO STATE,COLO STATE,35.7,,
173498,Tanner Morley,G,0,,2028,144,,54.4,0,,56.5,74,1,1,0,20,0,0,43,63,20,43,COLO STATE,COLO STATE,64.1,,
173511,Artis Cole,WR,0,,2026,209,62.9,57.1,75.9,57.5,56.4,05,0,1,0,0,14,0,24,38,14,24,LA MONROE,LA MONROE,,,
173530,Anthony Evans III,WR,0,,2028,173,71.3,54.4,73.6,55.2,56.5,05,0,1,0,0,6,0,10,16,6,10,GEORGIA,GEORGIA,,,
173544,Lawson Luckie,TE,0,,2028,173,61,47.7,78.5,57.8,36.6,07,1,1,0,1,22,0,18,41,23,18,GEORGIA,GEORGIA,0,,
173548,Monroe Freeling,T,0,2026,2026,173,,60.2,77.8,,66.6,57,0,1,0,46,0,0,30,76,46,30,GEORGIA,GEORGIA,42.3,,
173571,Ethan Crawford,QB,0,,2028,296,24.7,59.6,72.4,,60,03,0,1,9,0,0,7,4,20,9,11,SO MISS,SO MISS,,42,67.2
173572,Luke Rogers,G,0,,2028,296,,67,76.8,,65,74,0,1,0,11,0,0,23,34,11,23,SO MISS,SO MISS,68,,
173680,Tavion Smith,WR,0,,2025,207,,54.3,72.8,54.8,60.3,80,0,1,0,0,8,0,4,12,8,4,LA LAFAYET,LA LAFAYET,,,
173697,Cayden Green,G,0,,2028,229,,62.7,79.6,,63.7,70,0,1,0,30,0,0,33,63,30,33,MISSOURI,MISSOURI,51.8,,
173727,Aidan Chiles,QB,1,,2028,223,72.1,62.3,0,,60,02,2,1,48,0,0,7,15,70,48,22,MICH STATE,MICH STATE,,57.7,74.4
173734,Taz Reddicks,WR,0,,2028,265,61,60.5,75.2,60.1,61,10,0,1,0,0,16,0,6,22,16,6,OREGON ST,OREGON ST,,,
173781,Navelle Dean,WR,0,,2028,200,,57.4,69.9,58.2,59.2,82,0,1,0,0,2,0,6,8,2,6,KENNESAW,KENNESAW,,,
173793,Kaleb May,T,0,,2029,200,,50.8,0,,60.5,54,1,1,0,5,0,0,4,9,5,4,KENNESAW,KENNESAW,78,,
173798,Ethan Newman,G,0,,2028,200,,72.1,78.7,,70,72,0,1,0,31,0,0,31,62,31,31,KENNESAW,KENNESAW,84.9,,
173843,Gabriel Averitt,C,0,,2026,101,,60,65.1,,60,57,0,1,0,0,0,0,1,1,0,1,AIR FORCE,AIR FORCE,,,
173847,Jack Burnett,C,0,,2026,101,,62.3,73.1,,61.6,62,0,1,0,0,0,0,11,11,0,11,AIR FORCE,AIR FORCE,,,
173850,Dylan Carson,FB,0,,2026,101,78.2,66.9,79.7,58.4,53.5,05,0,1,0,5,2,26,18,51,7,44,AIR FORCE,AIR FORCE,85.2,,66.2
173852,Kaden Cloud,FB,0,,2026,101,,60,69.9,,60,27,0,1,0,0,0,0,8,8,0,8,AIR FORCE,AIR FORCE,,,
173853,Cameron Collins,T,0,,2026,101,,60,64.3,,60,77,0,1,0,0,0,0,1,1,0,1,AIR FORCE,AIR FORCE,,,
173854,Costen Cooley,C,0,,2026,101,,65.8,79.3,,63.7,67,0,1,0,8,0,0,53,61,8,53,AIR FORCE,AIR FORCE,61.8,,
173861,Bruin Fleischmann,T,0,,2027,101,61,72.7,79,90.4,57.7,88,0,1,0,2,4,0,57,63,6,57,AIR FORCE,AIR FORCE,74.9,,
173863,Kade Frew,FB,0,,2026,101,73.1,64.3,75.6,71.3,46.7,08,0,1,0,0,6,10,22,38,6,32,AIR FORCE,AIR FORCE,,,66.5
173874,Parker Menefee,TE,0,,2026,101,,56.6,75,58.1,57.1,87,0,1,0,1,2,0,28,31,3,28,AIR FORCE,AIR FORCE,65.2,,
173880,Quin Smith,WR,0,,2026,101,,54.6,73.1,56,55.6,18,0,1,0,0,3,0,9,12,3,9,AIR FORCE,AIR FORCE,,,
173885,Trevor Tate,T,0,,2026,101,,56,77.5,,53.8,78,0,1,0,8,0,0,64,72,8,64,AIR FORCE,AIR FORCE,84.2,,
173996,Malcolm Gillie,WR,0,,2026,117,19.8,44.3,76.7,52.1,44,08,0,1,0,1,24,1,19,45,25,20,BALL ST,BALL ST,61.1,,48.3
173999,TJ Horton,HB,0,,2028,117,70.1,67.1,75.3,73.5,58.3,20,0,1,0,1,8,5,6,20,9,11,BALL ST,BALL ST,67.9,,61.6
174001,Kadin Semonza,QB,0,,2028,117,69.9,79.1,77.5,60,60.6,03,0,1,40,0,1,2,30,73,41,32,BALL ST,BALL ST,,81.2,57.3
174027,Brandon Henderson,G,0,,2028,187,,61.6,77,,62,75,0,1,0,21,0,0,15,36,21,15,ILLINOIS,ILLINOIS,54.9,,
174029,TJ McMillen,C,0,,2028,187,,59,66.6,,57.5,55,0,1,0,0,0,0,2,2,0,2,ILLINOIS,ILLINOIS,,,
174035,Kenari Wilcher,WR,0,,2027,187,64.2,60,64.1,,60,07,0,1,0,0,0,0,1,1,0,1,ILLINOIS,ILLINOIS,,,
174044,Keyshawn Blackstock,T,0,,2026,111,,57.1,73.6,,55.6,54,0,1,0,4,0,0,8,12,4,8,ARKANSAS,ARKANSAS,74.4,,
174050,Brennan Parachek,TE,0,,2028,223,61,43.7,73.6,56.9,45,82,0,1,0,8,4,0,11,23,12,11,MICH STATE,MICH STATE,37.1,,
174051,Stanton Ramil,T,0,,2029,223,,61.7,77.3,,58.1,65,0,1,0,48,0,0,22,70,48,22,MICH STATE,MICH STATE,63.8,,
174057,Dylan Senda,C,0,,2029,115,,60,65.1,,60,71,0,1,0,0,0,0,1,1,0,1,AUBURN,AUBURN,,,
174066,Austin Boyd,G,0,,2028,325,,52.6,0,,53.8,79,1,1,0,19,0,0,25,44,19,25,UNLV,UNLV,80.6,,
174068,Jacob De Jesus,WR,0,2026,2026,325,74.6,78.5,75.7,74.7,87.9,21,0,1,0,0,21,2,14,37,21,16,UNLV,UNLV,,,62.7
174069,Christian Earls,TE,0,,2026,325,,66.5,72,57.8,77.8,87,0,1,0,1,2,0,7,10,3,7,UNLV,UNLV,67.4,,
174074,DeAngelo Irvin Jr.,WR,0,,2028,325,66.4,55.9,73.5,56.9,59.7,10,0,1,0,0,8,1,9,18,8,10,UNLV,UNLV,,,58.7
174080,Jai'Den Thomas,HB,0,,2028,325,74.8,67.5,75.4,54.3,57.2,09,0,1,0,5,14,14,6,39,19,20,UNLV,UNLV,57.6,,69.5
174081,Corey Thompson Jr.,WR,0,,2028,325,61,60.7,75.6,60.4,60,13,0,1,0,0,15,0,12,27,15,12,UNLV,UNLV,,,
174085,David Amador II,WR,0,,2028,331,68.5,78.1,77.3,78.6,59.2,18,0,1,1,0,36,1,19,57,37,20,UTSA,UTSA,,60,59.6
174093,Cory Godinet,G,0,,2026,331,,64.4,80.3,,68.7,53,1,1,0,57,0,0,40,97,57,40,UTSA,UTSA,39,,
174094,Robert Henry Jr.,HB,0,2026,2026,331,77,66.6,77.8,64.6,59.1,06,0,1,0,9,30,21,3,63,39,24,UTSA,UTSA,15.4,,69.6
174101,Buffalo Kruize,T,0,,2025,331,,66.3,73.8,,63.5,50,0,1,0,19,0,0,10,29,19,10,UTSA,UTSA,69.9,,
174103,Willie McCoy III,WR,1,,2026,331,66,51.7,0,52,61.3,19,1,1,0,0,34,1,22,57,34,23,UTSA,UTSA,,,63.2
174128,Iapani Laloulu,C,0,,2028,264,,70.7,79.8,,65.2,72,0,1,0,36,0,0,37,73,36,37,OREGON,OREGON,83.9,,
174131,Dante Dowdell,HB,0,,2028,238,72.7,70.7,72.4,67,60,23,0,1,0,0,5,9,1,15,5,10,NEBRASKA,NEBRASKA,,,69.2
174132,Kenyon Sadiq,TE,0,2026,2026,264,61,76.6,76.2,66.6,81.2,18,0,1,0,2,9,0,17,28,11,17,OREGON,OREGON,67.1,,
174136,David Mbadinga,HB,0,,2028,174,69.9,64,73.7,57.2,39,21,0,1,0,2,5,5,2,14,7,7,GA SOUTHRN,GA SOUTHRN,71.9,,69.1
174142,Zachariah Branch,WR,0,2026,2026,326,72.9,59.7,0,63.8,45.3,01,1,1,0,0,25,0,15,40,25,15,USC,USC,,,
174143,DT Sheffield,WR,0,2026,2026,251,69.7,54.3,77.2,56.5,44.7,10,0,1,0,0,30,1,15,46,30,16,N TEXAS,N TEXAS,,,59.6
174150,Makai Lemon,WR,0,2026,2026,326,64.6,58.3,0,55.9,86.7,06,1,1,0,0,14,0,15,29,14,15,USC,USC,,,
174151,Quinten Joyner,HB,0,,2028,326,71.4,63.2,72.6,59.8,60,00,1,1,0,2,8,7,1,18,10,8,USC,USC,75.8,,62.7
174152,DeAndre Buchannon,WR,0,,2028,174,,57.6,67.5,58.5,59.7,15,0,1,0,0,2,0,2,4,2,2,GA SOUTHRN,GA SOUTHRN,,,
174167,Carlos Hernandez,WR,0,,2028,341,65,68.4,80.1,67.8,62.2,08,0,1,0,0,38,0,28,66,38,28,WASH STATE,WASH STATE,,,
174168,Mikey Matthews,WR,0,,2028,130,67.4,52.6,74.6,54.8,60,08,0,1,0,0,24,2,8,34,24,10,CAL,CAL,,,54.5
174177,Tiger Bachmeier,WR,0,,2028,300,72.3,61.4,77,58.9,74.8,24,0,1,0,0,24,0,13,37,24,13,STANFORD,STANFORD,,,
174213,Elija Walton,TE,0,,2028,174,,52.9,70.1,52.2,58,83,0,1,0,0,4,0,6,10,4,6,GA SOUTHRN,GA SOUTHRN,,,
174216,Solatoa Moea'i,G,0,,2028,328,,54.1,3.9,,65,62,1,1,0,48,0,0,21,69,48,21,UTAH,UTAH,25.6,,
174217,Spencer Fano,T,0,2026,2026,328,,91.3,77,60,83.6,55,0,1,0,49,1,0,22,72,50,22,UTAH,UTAH,85,,
174220,Esa Pole,T,0,2025,2025,341,,58.3,76.3,,46.8,76,1,1,0,28,0,0,25,53,28,25,WASH STATE,WASH STATE,88.2,,
174221,Elijah Paige,T,0,,2028,326,,90.8,77.2,,89.3,72,0,1,0,38,0,0,30,68,38,30,USC,USC,83.9,,
174222,Nick Morrow,T,0,,2028,130,,64.1,76.8,,61,52,0,1,0,44,0,0,18,62,44,18,CAL,CAL,66,,
174244,Knijeah Harris,G,0,,2028,163,,66.1,78.6,,64.9,77,0,1,0,27,0,0,18,45,27,18,FLORIDA,FLORIDA,70.8,,
174248,Ja'Kobi Jackson,HB,0,,2027,163,70.9,75,74.5,77.7,60,24,0,1,0,3,11,6,3,23,14,9,FLORIDA,FLORIDA,77.8,,68.5
174255,Tony Livingston,TE,0,,2028,163,61,70.6,73.9,70.8,57.9,86,0,1,0,0,5,0,9,14,5,9,FLORIDA,FLORIDA,,,
174256,Bryce Lovett,G,0,,2028,163,,68.1,74.9,,72.5,53,0,1,0,12,0,0,7,19,12,7,FLORIDA,FLORIDA,45.1,,
174257,Aidan Mizell,WR,0,,2029,163,61,50.7,0,54,61.1,11,1,1,0,0,22,0,9,31,22,9,FLORIDA,FLORIDA,,,
174318,Maurice Brown II,TE,0,,2028,289,,60,67.7,,59.9,44,0,1,0,0,0,0,2,2,0,2,S CAROLINA,S CAROLINA,,,
174326,LaNorris Sellers,QB,0,,2028,289,41.7,73.7,76.8,,60,16,0,1,38,0,0,10,21,69,38,31,S CAROLINA,S CAROLINA,,79.8,56.5
174633,Matthew Klopfenstein,TE,0,,2028,118,,60,67.5,,60,85,0,1,0,0,0,0,3,3,0,3,BAYLOR,BAYLOR,,,
174637,Dawson Pendergrass,HB,0,,2028,118,73.6,81.6,73,63.5,,35,0,1,0,2,10,11,0,23,12,11,BAYLOR,BAYLOR,74,,81.4
174638,Hawkins Polley,TE,0,,2028,118,,60,65,,60,86,0,1,0,0,0,0,2,2,0,2,BAYLOR,BAYLOR,,,
174649,Bryson Washington,HB,0,,2029,118,76.2,84.8,76.5,90.6,60,30,0,1,0,4,21,18,3,46,25,21,BAYLOR,BAYLOR,75,,77.8
174658,Brendan Black,G,0,,2028,193,,67.2,76.8,,67.8,51,0,1,0,17,0,0,20,37,17,20,IOWA STATE,IOWA STATE,59.1,,
174661,Trevor Buhr,G,0,,2028,193,,61.1,77.8,,58.8,70,0,1,0,26,0,0,19,45,26,19,IOWA STATE,IOWA STATE,68.4,,
174669,Carson Hansen,HB,0,,2028,193,21.8,44.8,75.4,52.9,59,26,0,1,0,0,12,9,2,23,12,11,IOWA STATE,IOWA STATE,,,46
174680,Beni Ngoyi,WR,0,,2028,193,,58.1,66.8,59.3,60,00,0,1,0,0,1,0,1,2,1,1,IOWA STATE,IOWA STATE,,,
174686,Abu Sama III,HB,0,,2028,193,74.4,60.6,76.1,49.5,58.2,24,0,1,0,2,16,13,4,35,18,17,IOWA STATE,IOWA STATE,71.6,,63.2
174693,Tripp Walsh,TE,0,,2028,193,,59.7,75.1,,58.9,27,0,1,0,0,0,0,4,4,0,4,IOWA STATE,IOWA STATE,,,
174695,Keyjuan Brown,HB,0,,2028,210,71.3,61.1,70.1,58.2,,22,0,1,0,1,2,7,0,10,3,7,LOUISVILLE,LOUISVILLE,74.6,,60.8
174705,Cataurus Hicks,WR,0,,2028,210,64.1,62.6,74.8,62.3,59.9,81,0,1,0,0,22,0,11,33,22,11,LOUISVILLE,LOUISVILLE,,,
174722,Ethan Davis,TE,0,,2028,307,,57,67.6,60,60,00,0,1,0,1,1,0,1,3,2,1,TENNESSEE,TENNESSEE,20.6,,
174728,Nico Iamaleava,QB,0,,2029,307,70.5,59.6,77.3,,60,08,1,1,45,0,0,3,26,74,45,29,TENNESSEE,TENNESSEE,,59.9,57.5
174738,Nathan Robinson,DI,0,,2028,307,,60,63.5,,60,D94,0,1,0,0,0,0,1,1,0,1,TENNESSEE,TENNESSEE,,,
174757,Kahanu Davis,WR,0,,2026,329,72.8,59.3,72.3,58.6,62.1,11,0,1,0,0,2,0,12,14,2,12,UTAH ST,UTAH ST,,,
174765,Will Monney,TE,0,,2029,329,65,90.2,73.3,87.3,67.3,86,0,1,0,0,9,0,2,11,9,2,UTAH ST,UTAH ST,,,
174812,Jake Davies,T,0,,2028,351,,62,76.7,,65.4,71,0,1,0,32,0,0,28,60,32,28,WYOMING,WYOMING,49.1,,
174828,Justin Stevenson,WR,0,,2028,351,61,53.8,77.3,53.9,57.6,11,0,1,0,0,17,0,22,39,17,22,WYOMING,WYOMING,,,
174870,Cooper Hoch,WR,0,,2028,285,62.9,55.3,75.2,55.7,60.1,13,0,1,0,0,12,0,7,19,12,7,S JOSE ST,S JOSE ST,,,
174919,Austin Anderson,T,0,,2028,206,,62.1,71.7,,58.1,70,0,1,0,6,0,0,9,15,6,9,LIBERTY,LIBERTY,78.2,,
174921,Vaughn Blue,HB,0,,2028,206,67.8,66.5,74,60,59.3,24,0,1,0,1,5,3,6,15,6,9,LIBERTY,LIBERTY,71.8,,66.6
174929,Aaron Fenimore,C,0,,2028,206,,81.2,79.7,,76.9,61,0,1,0,29,0,0,38,67,29,38,LIBERTY,LIBERTY,72.5,,
174949,Ryan Browne,QB,0,,2029,273,65.4,48.3,71.4,,60,15,0,1,10,0,0,0,5,15,10,5,PURDUE,PURDUE,,50.3,57.3
174953,Bakyne Coly,T,0,,2026,273,,68.2,71.9,,63.9,78,0,1,0,10,0,0,5,15,10,5,PURDUE,PURDUE,79,,
174961,Elijah Jackson,HB,0,,2028,273,62.5,59.3,63.5,,,33,0,1,0,0,0,1,0,1,0,1,PURDUE,PURDUE,,,59.7
174972,Jaron Tibbs,WR,0,,2028,273,,51.9,76,51.9,60.1,13,0,1,0,0,28,0,14,42,28,14,PURDUE,PURDUE,,,
174973,Ethan Trent,C,0,,2029,273,,57.7,73.9,,54.5,76,0,1,0,9,0,0,5,14,9,5,PURDUE,PURDUE,77.9,,
175035,LJ Martin,HB,0,,2028,128,75.2,66.5,76.4,54.3,58.1,27,0,1,0,8,16,15,8,47,24,23,BYU,BYU,64.5,,68.8
175037,Ray Paulo,TE,0,,2025,128,,58.8,70,59.6,58.7,42,0,1,0,1,1,0,8,10,2,8,BYU,BYU,67.4,,
175038,Jojo Phillips,WR,0,,2028,128,,53.4,74.4,54.3,56.2,13,0,1,0,0,10,0,9,19,10,9,BYU,BYU,,,
175046,Deion Brown,HB,0,,2028,160,66.2,61.2,67.4,63.8,,30,0,1,0,0,3,0,0,3,3,0,E MICHIGAN,E MICHIGAN,,,
175055,Joey Mattord,HB,0,,2028,160,68.2,60.8,72,63.4,59.6,24,0,1,0,4,5,3,2,14,9,5,E MICHIGAN,E MICHIGAN,76,,58.9
175134,Khamari Anderson,TE,1,,2028,202,63.6,57.4,75.2,55.9,65.9,15,1,1,0,4,8,0,11,23,12,11,KENTUCKY,KENTUCKY,35.7,,
175136,Ardell Banks,WR,0,,2028,201,,60.1,67.9,,60,13,0,1,0,0,0,0,3,3,0,3,KENT STATE,KENT STATE,,,
175138,Anthony Brown-Stephens,WR,0,,2027,202,66,87.3,73.7,83.7,59.3,05,0,1,0,0,10,1,12,23,10,13,KENTUCKY,KENTUCKY,,,63.4
175153,Koby Keenum,C,0,,2028,202,,51.7,0,,56.1,50,1,1,0,14,0,0,16,30,14,16,KENTUCKY,KENTUCKY,70.8,,
175154,Tanner Lemaster,TE,0,,2028,202,,60,67.5,,60,88,0,1,0,0,0,0,3,3,0,3,KENTUCKY,KENTUCKY,,,
175162,Jamarion Wilcox,HB,0,,2028,202,74.4,92.4,73.9,65.2,60,10,0,1,0,3,2,13,1,19,5,14,KENTUCKY,KENTUCKY,73.4,,90.3
175163,Malachi Wood,T,0,,2029,202,,73.1,76.1,,66.7,71,0,1,0,32,0,0,25,57,32,25,KENTUCKY,KENTUCKY,82.1,,
175173,Spencer Leadbetter,FB,0,,2028,202,,60,66.5,,60,37,0,1,0,0,0,0,3,3,0,3,KENTUCKY,KENTUCKY,,,
175189,Antonio Ferguson,TE,0,,2028,166,62.9,54.2,79.1,65.9,43.6,85,0,1,0,12,16,0,27,55,28,27,FIU,FIU,56.7,,
175196,Jimarion McCrimon,T,0,,2028,156,,61.7,77.3,,59,62,0,1,0,44,0,0,37,81,44,37,E CAROLINA,E CAROLINA,63.8,,
175202,Desirrio Riles,TE,0,,2028,156,,52.3,78.4,41.2,73.5,06,0,1,0,3,23,0,18,44,26,18,E CAROLINA,E CAROLINA,26.8,,
175207,Bryce Weaver,T,0,,2028,156,,63.7,66.9,,67.1,71,0,1,0,1,0,0,2,3,1,2,E CAROLINA,E CAROLINA,69.2,,
175220,Isaiah Bryant,FB,0,,2028,237,66.7,51,67.4,59.6,60,25,0,1,0,0,1,2,1,4,1,3,NAVY,NAVY,,,53.8
175242,Luke Hutchison,WR,0,,2028,237,62.9,54.1,72,59.3,39,89,0,1,0,0,5,0,3,8,5,3,NAVY,NAVY,,,
175253,Cam Nichols,G,0,,2028,237,,43.3,76.3,,53.2,69,0,1,0,8,0,0,22,30,8,22,NAVY,NAVY,0,,
175255,Jake Norris,T,0,,2028,237,,34.1,0,57.7,50.2,85,1,1,0,0,1,0,9,10,1,9,NAVY,NAVY,,,
175268,Hoke Smith II,G,0,,2028,237,,57.1,74.3,,57.1,79,0,1,0,5,0,0,11,16,5,11,NAVY,NAVY,48,,
175276,Braxton Woodson,QB,0,,2028,237,29.1,46.8,74.3,,60,05,0,1,11,0,0,12,8,31,11,20,NAVY,NAVY,,48.7,53.3
175289,Adam Moore Jr.,TE,0,,2028,287,,57.6,66.7,58.5,60,85,0,1,0,0,2,0,1,3,2,1,SMU,SMU,,,
175310,Israel Carter,QB,0,,2028,327,67.5,69.6,71.8,,60,13,0,1,1,0,0,3,13,17,1,16,USF,USF,,,65.2
175317,Jaylen Johnson,HB,0,,2027,327,70.5,77.4,69.5,,60,20,0,1,0,0,0,6,2,8,0,8,USF,USF,,,73.5
175318,Tyree Kelly,WR,0,,2028,327,,58.6,71,59.3,60.2,15,0,1,0,0,1,0,8,9,1,8,USF,USF,,,
175325,Keshaun Singleton,WR,0,,2029,327,,52.7,78.9,51.7,61.8,81,0,1,0,0,21,0,25,46,21,25,USF,USF,,,
175327,JeyQuan Smith,WR,0,,2028,327,61,58.2,74.1,57.3,62.6,19,0,1,0,0,5,0,16,21,5,16,USF,USF,,,
175339,Reed Harris,WR,0,,2028,121,65,65,78.8,64.7,58.9,04,0,1,0,0,40,0,29,69,40,29,BOSTON COL,BOSTON COL,,,
175393,Chris Culliver,WR,0,,2028,245,,52.2,73.5,58.2,43.4,13,0,1,0,0,2,0,9,11,2,9,N CAROLINA,N CAROLINA,,,
175419,Kenny Johnson,WR,0,,2028,268,65.3,61.4,78.2,61.5,59.5,02,0,1,0,0,41,1,13,55,41,14,PITTSBURGH,PITTSBURGH,,,59.5
175430,Ty'Lyric Coleman,WR,0,,2028,335,61,58.7,70.9,58.6,60.2,17,0,1,0,0,3,0,4,7,3,4,VIRGINIA,VIRGINIA,,,
175436,Suderian Harrison,WR,0,,2028,335,61,55.1,72.1,56.4,60.2,01,0,1,0,0,8,0,3,11,8,3,VIRGINIA,VIRGINIA,54.4,,
175443,Noah Vaughn,HB,0,,2028,335,69.9,65.6,72.7,65.7,60,28,0,1,0,3,8,5,1,17,11,6,VIRGINIA,VIRGINIA,76.1,,63.8
175464,Aziah Johnson,WR,0,,2028,223,65,60.3,76.3,62.2,44,11,0,1,0,1,30,0,14,45,31,14,MICH STATE,MICH STATE,62.1,,
175465,Sam Leavitt,QB,0,,2028,110,69.6,85,77.5,,60.2,10,2,1,42,0,0,1,32,75,42,33,ARIZONA ST,ARIZONA ST,,83.6,66.8
175521,Tucker Ashcraft,TE,0,,2028,349,61,57.4,75.7,52.3,63.8,38,0,1,0,2,12,0,17,31,14,17,WISCONSIN,WISCONSIN,68.7,,
175527,Trech Kekahuna,WR,0,,2028,349,62.9,62.5,74.2,62.1,60.3,02,0,1,0,0,16,0,7,23,16,7,WISCONSIN,WISCONSIN,,,
175543,Jaheim Buchanon,C,0,,2028,166,,64.2,79.5,,58.9,59,0,1,0,38,0,0,27,65,38,27,FIU,FIU,86.2,,
175550,Semaj Demps,WR,0,,2029,166,65.5,52.2,68.8,57.5,59.9,21,0,1,0,0,2,2,1,5,2,3,FIU,FIU,,,56.2
175559,Kyle McNeal,WR,0,,2028,166,,55.9,69.5,56.8,59.1,83,0,1,0,0,3,0,3,6,3,3,FIU,FIU,,,
175571,Braiden Staten,TE,0,,2027,166,,55.7,67.2,55.4,60,87,0,1,0,0,2,0,1,3,2,1,FIU,FIU,,,
175612,Kolt Dieterich,T,0,,2028,281,,64.8,75.7,,62.2,79,1,1,0,23,0,0,23,46,23,23,SM HOUSTON,SM HOUSTON,68.4,,
175620,D.J. McKinney,HB,0,,2028,281,72.7,59.1,73.9,62.1,,21,0,1,0,7,9,9,0,25,16,9,SM HOUSTON,SM HOUSTON,22.9,,61.2
175668,Donovan Faupel,WR,0,,2028,242,61,55.5,76.2,55.1,61.3,05,0,1,0,0,13,0,15,28,13,15,NEW MEX ST,NEW MEX ST,,,
175670,Dailan Goodman,HB,0,,2027,242,,60,62.7,,,30,0,1,0,1,0,0,0,1,1,0,NEW MEX ST,NEW MEX ST,72.2,,
175677,Jerry Lydiatt,TE,0,,2028,242,61,54.6,76.8,61.1,47.4,86,0,1,0,0,6,0,18,24,6,18,NEW MEX ST,NEW MEX ST,,,
175683,Adam Parks,TE,0,,2028,242,,63.6,72.7,53.3,70.7,84,0,1,0,1,5,0,10,16,6,10,NEW MEX ST,NEW MEX ST,67.3,,
175684,Isaiah Rudison,HB,0,,2027,242,,60,64.9,,60,37,0,1,0,0,0,0,1,1,0,1,NEW MEX ST,NEW MEX ST,,,
175687,BJ Tolo,G,0,,2028,242,,60.6,76.2,,57.4,61,0,1,0,14,0,0,16,30,14,16,NEW MEX ST,NEW MEX ST,81.4,,
175703,James Milovale,T,0,,2026,180,,55.5,0,,51.3,70,1,1,0,32,0,0,11,43,32,11,HAWAII,HAWAII,83.6,,
175709,John-Keawe Sagapolutele,QB,0,,2029,180,64.2,42.8,70.4,,60,16,0,1,6,0,0,0,4,10,6,4,HAWAII,HAWAII,,42.2,
175711,Oakie Salave'a,TE,0,,2028,180,,59.1,65,60,60,85,0,1,0,0,1,0,1,2,1,1,HAWAII,HAWAII,,,
175731,Aidan Armenta,QB,0,,2028,209,25.5,70.2,13,,60,10,1,1,20,0,0,2,26,48,20,28,LA MONROE,LA MONROE,,82.4,44.8
175734,Jake Godfrey,WR,0,,2028,209,61,55.4,74.6,55.5,59.2,02,0,1,0,0,10,0,9,19,10,9,LA MONROE,LA MONROE,,,
175741,Reese Steele,G,0,,2027,209,,55.6,68.8,,56.5,77,0,1,0,1,0,0,2,3,1,2,LA MONROE,LA MONROE,67.3,,
175742,Nic Trujillo,WR,0,,2028,241,,55.6,73,55.5,61.7,07,0,1,0,0,6,0,8,14,6,8,NEW MEXICO,NEW MEXICO,,,
175746,Briley Barron,G,0,,2028,284,,60,64.1,,,77,0,1,0,1,0,0,0,1,1,0,S DIEGO ST,S DIEGO ST,63.9,,
175757,Leo Kemp,FB,0,,2028,324,65.6,57.8,66.5,59.2,59.6,49,0,1,0,0,1,0,1,2,1,1,UCLA,UCLA,,,
175759,Jordan Napier,WR,0,,2029,284,65.7,62.8,75.1,62.5,60.3,19,0,1,0,0,17,0,12,29,17,12,S DIEGO ST,S DIEGO ST,,,
175760,Brady Nassar,ED,0,,2028,284,,60,63.6,60,,D93,0,1,0,1,1,0,0,2,2,0,S DIEGO ST,S DIEGO ST,63.8,,
175797,Duane Thomas Jr.,WR,0,,2028,136,66.3,62.1,73.2,54.9,60.3,10,0,1,0,0,16,2,4,22,16,6,CHARLOTTE,CHARLOTTE,,,69.4
175798,PJ Wilkins,G,0,,2028,136,,50.7,74.5,,55.2,71,0,1,0,13,0,0,5,18,13,5,CHARLOTTE,CHARLOTTE,22.9,,
175806,Bryson Graves,WR,0,,2029,141,66.2,71.4,77.3,74.4,33,04,1,1,0,0,27,0,12,39,27,12,COAST CAR,COAST CAR,,,
175807,Joseph Hanson,T,0,,2028,141,,44.7,0,,44.4,68,1,1,0,28,0,0,8,36,28,8,COAST CAR,COAST CAR,57.2,,
175844,Aleksi Pulkkinen,P,0,,2028,288,,60,70.3,,,S40,0,1,0,0,0,1,0,1,0,1,S ALABAMA,S ALABAMA,,,60
175859,Kaleb Fleming,WR,0,,2026,103,,60,66.2,,60,39,0,1,0,0,0,0,2,2,0,2,ALABAMA,ALABAMA,,,
175860,JR Gardner,HB,0,,2030,103,65.5,53,64.5,,,41,0,1,0,0,0,2,0,2,0,2,ALABAMA,ALABAMA,,,54.9
175862,Baker Hickman,T,0,,2028,103,,60.2,67.2,,60.5,66,0,1,0,0,0,0,3,3,0,3,ALABAMA,ALABAMA,,,
175868,Davis Peterson,G,0,,2028,103,,59.8,67.2,,59.7,62,0,1,0,0,0,0,2,2,0,2,ALABAMA,ALABAMA,,,
175870,Billy Roby,G,0,,2028,103,,60,65,,60,68,0,1,0,0,0,0,1,1,0,1,ALABAMA,ALABAMA,,,
175873,Mac Smith,G,0,,2028,103,,60.1,68.8,,60,64,0,1,0,0,0,0,3,3,0,3,ALABAMA,ALABAMA,,,
175877,Richard Young,HB,0,,2028,103,71.3,70.7,74,54.9,59.1,09,0,1,0,0,9,7,4,20,9,11,ALABAMA,ALABAMA,,,72.6
175899,Daniel Blood,WR,0,,2028,229,,56.1,69.3,59.9,58.7,16,0,1,0,0,1,0,2,3,1,2,MISSOURI,MISSOURI,,,
175904,Jordon Harris,TE,0,,2028,229,,66.2,74.2,52.8,75.1,86,0,1,0,4,8,0,16,28,12,16,MISSOURI,MISSOURI,70.3,,
175905,Gabarri Johnson,QB,0,,2029,265,70.6,51.4,74.6,,60,05,0,1,27,0,0,5,6,38,27,11,OREGON ST,OREGON ST,,43.2,65.9
175906,Marquis Johnson,WR,0,,2028,229,65.1,80.9,70,76.7,,02,0,1,0,0,5,0,0,5,5,0,MISSOURI,MISSOURI,,,
175909,Brett Norfleet,TE,0,,2028,229,62.9,63.1,77.7,59.6,63.6,87,0,1,0,3,21,0,23,47,24,23,MISSOURI,MISSOURI,71,,
175912,Jamal Roberts,HB,0,,2028,229,64.3,68.9,74,62.5,,20,0,1,0,11,3,1,0,15,14,1,MISSOURI,MISSOURI,73.5,,63.4
175918,Tree Babalade,T,0,,2029,289,,62.3,77.2,,57.2,51,0,1,0,38,0,0,31,69,38,31,S CAROLINA,S CAROLINA,69.3,,
175923,Nyck Harbor,WR,0,,2028,289,64.6,61.2,0,63.1,60.8,08,1,1,0,0,34,0,26,60,34,26,S CAROLINA,S CAROLINA,,,
175940,Marcel Reed,QB,0,,2028,312,69.3,78.6,76.3,,60,10,0,1,37,0,0,1,22,60,37,23,TEXAS A&M,TEXAS A&M,,72.1,77
175944,Jahdae Walker,WR,0,2025,2025,312,64.1,66.6,76.1,66.6,55.3,09,0,1,0,0,23,0,12,35,23,12,TEXAS A&M,TEXAS A&M,,,
175947,Aloali'i Maui,G,0,,2027,329,,59.3,0,,70.9,62,1,1,0,36,0,0,27,63,36,27,UTAH ST,UTAH ST,24.4,,
175953,Alexander Capka-Jones,WR,0,,2026,187,61,76.5,69.1,72.3,60,15,0,1,0,0,2,0,1,3,2,1,ILLINOIS,ILLINOIS,,,
175954,Collin Dixon,WR,0,,2028,187,61,54.1,76.3,53.6,60.9,17,0,1,0,0,18,0,9,27,18,9,ILLINOIS,ILLINOIS,,,
175956,Dezmond Schuster,T,0,,2027,187,,60,63.5,,60,63,0,1,0,0,0,0,1,1,0,1,ILLINOIS,ILLINOIS,,,
175980,Will Larkins,T,0,,2029,175,,35.3,72.4,,51.7,71,1,1,0,12,0,0,6,18,12,6,GA STATE,GA STATE,0,,
175984,Anthony Miller,TE,0,,2028,319,,47.6,76.8,50,50.9,85,0,1,0,4,12,0,21,37,16,21,TULANE,TULANE,70.5,,
176028,Max Runyon,FB,0,,2026,304,,58.2,66.9,,57.2,38,0,1,0,0,0,0,3,3,0,3,SYRACUSE,SYRACUSE,,,
176030,J'Onre Reed,C,0,,2026,304,,54.8,78.5,,56.9,50,0,1,0,33,0,0,17,50,33,17,SYRACUSE,SYRACUSE,44.8,,
176032,Trevion Mack,T,0,,2028,304,,60,63.5,,60,75,0,1,0,0,0,0,1,1,0,1,SYRACUSE,SYRACUSE,,,
176036,Darrell Gill Jr.,WR,0,,2028,304,,51.2,75.9,51.6,59.6,82,0,1,0,0,21,0,7,28,21,7,SYRACUSE,SYRACUSE,,,
176077,Deuce Alexander,WR,0,,2028,339,61,57.1,76.4,54.6,76.8,81,0,1,0,0,18,0,13,31,18,13,WAKE,WAKE,,,
176078,Micah Mays Jr.,WR,0,,2028,339,62.9,57.7,0,60.6,61,18,1,1,0,0,19,0,12,31,19,12,WAKE,WAKE,,,
176079,Christian Abney,TE,0,,2028,117,,50.9,75.4,46.4,58.7,87,0,1,0,4,20,0,28,52,24,28,BALL ST,BALL ST,51.5,,
176095,Curtis Douglas,HB,0,,2027,201,69.7,67.8,73.7,58.9,60,24,0,1,0,8,2,5,3,18,10,8,KENT STATE,KENT STATE,80.5,,62.2
176097,Chris Farrell,G,0,,2028,201,,51.1,0,,49.3,70,1,1,0,33,0,0,27,60,33,27,KENT STATE,KENT STATE,77.9,,
176106,Mohammed Hazime,TE,0,,2027,201,,60,64.4,,59.6,88,0,1,0,0,0,0,1,1,0,1,KENT STATE,KENT STATE,,,
176114,Aidan Johnson,G,0,,2028,259,,57.7,69.4,,57.6,71,0,1,0,0,0,0,4,4,0,4,OHIO,OHIO,,,
176166,Tevita Ahoafi-Noa,TE,0,,2025,198,,52.1,70.1,54.1,54.6,88,0,1,0,1,4,0,4,9,5,4,KANSAS,KANSAS,67.4,,
176190,Quintrevion Wisner,HB,0,,2028,311,75.9,73.8,74.5,65.7,60,26,0,1,0,2,14,17,2,35,16,19,TEXAS,TEXAS,73.8,,73.4
176206,Traylon Ray,WR,0,,2028,343,66.4,60,76.3,59.7,60.6,07,0,1,0,0,22,0,25,47,22,25,W VIRGINIA,W VIRGINIA,,,
176209,Breezy Dubar,HB,0,,2028,120,64.3,64.5,66.4,80,,01,0,1,0,0,1,1,0,2,1,1,BOISE ST,BOISE ST,,,59.6
176234,Catrell White,CB,0,,2028,102,,60,64.9,,60,D21,0,1,0,0,0,0,1,1,0,1,AKRON,AKRON,,,
176261,Caleb Ryan,TE,0,,2027,206,,48.4,74.6,51.7,49,48,0,1,0,1,8,0,24,33,9,24,LIBERTY,LIBERTY,65.4,,
176273,Delvin Morris,G,0,,2028,102,,41.6,80,,36.6,57,0,1,0,58,0,0,14,72,58,14,AKRON,AKRON,31.3,,
176280,Carson Rasmussen,G,0,,2028,120,,60,60,,,64,0,1,0,1,0,0,0,1,1,0,BOISE ST,BOISE ST,63.8,,
176287,Marcus Moore,DI,0,,2028,102,,60,60,,60,D52,0,1,0,0,0,0,1,1,0,1,AKRON,AKRON,,,
176291,Kyle Cox,T,0,,2028,120,,60,67.2,,,70,0,1,0,1,0,0,0,1,1,0,BOISE ST,BOISE ST,63.8,,
176301,Adrian Norton,WR,0,,2028,102,62.9,52.2,79.4,54.6,34.9,15,0,1,0,0,59,0,16,75,59,16,AKRON,AKRON,,,
176308,Paul Davis,WR,0,,2029,102,63.8,57.5,66.8,58.5,,16,0,1,0,0,2,0,0,2,2,0,AKRON,AKRON,,,
176312,Conner Cravaack,TE,0,,2028,102,64.1,45.9,73.7,44.2,58.7,85,0,1,0,1,17,0,8,26,18,8,AKRON,AKRON,66.5,,
176320,Matt Wagner,TE,0,,2028,120,61,52.5,75,66.9,41.8,88,0,1,0,6,10,0,22,38,16,22,BOISE ST,BOISE ST,72.4,,
176332,Bill Davis,HB,0,,2028,207,75.5,67.1,74.5,54.1,60,07,0,1,0,1,15,16,1,33,16,17,LA LAFAYET,LA LAFAYET,71.5,,68
176337,Harvey Broussard III,WR,0,,2028,207,66.2,66.8,78.5,67,54,03,0,1,0,0,34,0,21,55,34,21,LA LAFAYET,LA LAFAYET,,,
176338,Matthew Broussard,G,0,,2028,207,,60,64.1,,60,76,0,1,0,0,0,0,1,1,0,1,LA LAFAYET,LA LAFAYET,,,
176351,Caden Jensen,TE,0,,2028,207,61,58.1,73.9,53.3,63.3,88,0,1,0,0,10,0,18,28,10,18,LA LAFAYET,LA LAFAYET,,,
176372,Ahmere Foster,S,0,,2028,214,,60,64.9,,60,D41,0,1,0,0,0,0,1,1,0,1,MARSHALL,MARSHALL,,,
176373,Ian Foster,CB,0,,2028,214,65.6,60,60,,60,D00,0,1,0,0,0,0,1,1,0,1,MARSHALL,MARSHALL,,,
176382,Shawn Rouse,T,0,,2028,214,,60,60,,60,54,0,1,0,0,0,0,1,1,0,1,MARSHALL,MARSHALL,,,
176399,Jailen Holmes,WR,0,,2027,265,,58,63.4,59.5,,03,0,1,0,0,1,0,0,1,1,0,OREGON ST,OREGON ST,,,
176410,David Wells Jr.,WR,0,,2028,265,,57.4,68.9,58.1,60,06,0,1,0,0,3,0,1,4,3,1,OREGON ST,OREGON ST,,,
176413,Javieon Butler,WR,0,,2027,296,,58.6,71.4,58.7,60.3,06,0,1,0,0,2,0,5,7,2,5,SO MISS,SO MISS,,,
176418,JQ Gray,HB,0,,2027,296,73.7,66.3,72.6,58.7,58.5,20,0,1,0,1,2,11,2,16,3,13,SO MISS,SO MISS,70.8,,65.7
176420,Chris Hayes,T,0,,2028,296,,52.7,73.1,,55.2,59,0,1,0,7,0,0,18,25,7,18,SO MISS,SO MISS,39.2,,
176430,Justyn Reid,TE,0,,2028,296,,41.1,75.1,55,39.6,08,0,1,0,5,7,0,25,37,12,25,SO MISS,SO MISS,72.1,,
176432,Tanner Welch,T,0,,2028,296,,30.6,74.2,,50.6,71,0,1,0,11,0,0,19,30,11,19,SO MISS,SO MISS,0,,
176477,Jackson Olsen,WR,0,,2028,329,,61.1,72.4,,61.7,18,0,1,0,0,0,0,8,8,0,8,UTAH ST,UTAH ST,,,
176482,Rahsul Faison,HB,0,,2026,329,76.7,82,77.6,51.2,59.1,03,0,1,0,6,23,20,4,53,29,24,UTAH ST,UTAH ST,76.4,,86.5
176490,Jamel Hardy Jr.,WR,1,,2028,331,61,49.5,0,54.5,61.1,86,1,1,0,0,11,0,7,18,11,7,UTSA,UTSA,,,
176495,Patrick Overmyer,TE,0,,2028,331,66.7,71.1,78.6,71.9,57.5,89,0,1,0,2,33,0,24,59,35,24,UTSA,UTSA,70.6,,
176501,Devin Scura,TE,0,,2028,331,,60,64.4,,60,81,0,1,0,0,0,0,1,1,0,1,UTSA,UTSA,,,
176507,Alexander Doost,G,0,,2028,109,,69,79,,65.1,60,0,1,0,43,0,0,28,71,43,28,ARIZONA,ARIZONA,85.4,,
176513,Caleb Komolafe,HB,0,,2028,256,61,56.4,69.4,65.2,60,25,0,1,0,3,2,0,2,7,5,2,NWESTERN,NWESTERN,20.3,,
176521,Coleson Arends,TE,0,,2028,110,,60,60,,60,24,0,1,0,0,0,0,1,1,0,1,ARIZONA ST,ARIZONA ST,,,
176525,Kyson Brown,HB,0,,2029,110,70.7,61.9,74.6,64.9,59,02,0,1,0,5,11,6,3,25,16,9,ARIZONA ST,ARIZONA ST,17.1,,65
176528,Derek Eusebio,WR,0,,2028,110,,60,63.4,,60,83,0,1,0,0,0,0,1,1,0,1,ARIZONA ST,ARIZONA ST,,,
176531,Carston Kieffer,K,0,,2028,110,62.5,55.5,60,,,S50,0,1,0,0,0,1,0,1,0,1,ARIZONA ST,ARIZONA ST,,,59
176533,Cole Marszalek,LS,0,,2029,110,,60,60,,60,S35,0,1,0,0,0,0,1,1,0,1,ARIZONA ST,ARIZONA ST,,,
176536,Makua Pule,G,0,,2028,110,,58,66.1,,56.5,71,0,1,0,0,0,0,4,4,0,4,ARIZONA ST,ARIZONA ST,,,
176556,Nyziah Hunter,WR,0,,2029,130,64.1,63.6,78.8,63.1,62.1,13,0,1,0,0,36,0,12,48,36,12,CAL,CAL,,,
176564,Jaivian Thomas,HB,0,,2028,130,67.3,80.7,69.7,57.4,60,25,0,1,0,2,4,3,1,10,6,4,CAL,CAL,5.8,,84.6
176569,Frederick Williams III,T,0,,2028,130,,53.6,76.3,,64.8,54,1,1,0,44,0,0,18,62,44,18,CAL,CAL,30.7,,
176571,Kareem Harden,G,0,,2026,143,,63.1,75.6,,60.2,55,0,1,0,17,0,0,8,25,17,8,COLORADO,COLORADO,75.8,,
176606,Luke Baklenko,T,0,,2028,300,,61,77.3,,59.3,78,0,1,0,55,0,0,25,80,55,25,STANFORD,STANFORD,60.5,,
176609,Ismael Cisse,WR,0,,2028,300,61,66.3,72.7,65.2,60,84,0,1,0,0,9,0,1,10,9,1,STANFORD,STANFORD,,,
176626,Simione Pale,G,0,,2028,300,,60.3,79.6,,60.8,55,0,1,0,55,0,0,26,81,55,26,STANFORD,STANFORD,53.4,,
176636,Kade Eldridge,TE,0,,2028,326,,60,63.5,,59.9,88,0,1,0,0,0,0,1,1,0,1,USC,USC,,,
176638,Ja'Kobi Lane,WR,0,2026,2026,326,,56.9,71.1,57.5,60,08,0,1,0,0,5,0,1,6,5,1,USC,USC,,,
176640,Alani Noa,G,0,,2028,326,,59.3,79,,61.8,77,0,1,0,38,0,0,30,68,38,30,USC,USC,40.4,,
176642,Duce Robinson,WR,0,,2028,326,65,83.7,76.6,78.4,88.7,02,0,1,0,0,17,0,13,30,17,13,USC,USC,,,
176648,Dallen Bentley,TE,0,2026,2026,328,,51.6,71.7,55.6,53.4,88,0,1,0,1,3,0,13,17,4,13,UTAH,UTAH,64.5,,
176655,Caleb Lomu,T,0,2026,2026,328,,75.5,77.5,,81,71,0,1,0,50,0,0,22,72,50,22,UTAH,UTAH,63.8,,
176656,Mike Mitchell,HB,0,,2027,328,71.4,62.1,72.2,72.5,60,21,0,1,0,0,5,7,3,15,5,10,UTAH,UTAH,,,60
176663,Dijon Stanley,HB,0,,2028,328,,58.5,67.1,56.9,,23,0,1,0,0,4,0,0,4,4,0,UTAH,UTAH,,,
176666,Daidren Zipperer,WR,0,,2028,328,61,55.4,75.7,57.9,41.4,06,0,1,0,0,26,0,7,33,26,7,UTAH,UTAH,,,
176674,Branden Ganashamoorthy,WR,0,,2028,341,,57.9,66.3,58.8,,80,0,1,0,0,2,0,0,2,2,0,WASH STATE,WASH STATE,,,
176682,Trey Leckner,TE,0,,2028,341,,51.1,69.9,52.2,60,23,0,1,0,0,4,0,2,6,4,2,WASH STATE,WASH STATE,,,
176689,Leo Pulalasi,HB,0,,2028,341,73.2,79.2,74.1,68.8,60,20,0,1,0,4,16,10,1,31,20,11,WASH STATE,WASH STATE,78.9,,80.7
177032,Gavin Harris,TE,0,,2027,134,,58,66,59.5,60,29,0,1,0,0,1,0,1,2,1,1,C MICHIGAN,C MICHIGAN,,,
178477,Wesley Campbell VI,TE,0,,2027,209,,42.9,72.7,41.5,54.2,06,0,1,0,0,6,0,4,10,6,4,LA MONROE,LA MONROE,,,
181149,Sam Carson,T,0,,2025,209,,59.3,75.9,,57.7,60,0,1,0,20,0,0,28,48,20,28,LA MONROE,LA MONROE,61,,
181152,Cooper Eldridge,TE,0,,2028,209,,60,67.7,,60,39,0,1,0,1,0,0,1,2,1,1,LA MONROE,LA MONROE,64.5,,
181153,Jyren Ester,CB,0,,2026,209,,60,71.8,,60,D20,0,1,0,0,0,0,1,1,0,1,LA MONROE,LA MONROE,,,
181154,Steven Gorski,TE,0,,2028,209,,60,63.5,,59.4,42,0,1,0,0,0,0,1,1,0,1,LA MONROE,LA MONROE,,,
181165,Jay Mickle,G,0,,2026,209,,64,77.7,,63.8,56,0,1,0,20,0,0,29,49,20,29,LA MONROE,LA MONROE,61.1,,
181171,Travor Randle,S,0,,2026,209,,60,60,,60,D04,0,1,0,0,0,0,1,1,0,1,LA MONROE,LA MONROE,,,
181174,Si Stovall,TE,0,,2028,209,,60,64.1,,59.2,82,0,1,0,0,0,0,2,2,0,2,LA MONROE,LA MONROE,,,
181445,Alan Herron,T,0,2026,2026,215,,57.9,77.6,,67.4,71,0,1,0,65,0,0,21,86,65,21,MARYLAND,MARYLAND,42.7,,
182289,Tylor Latham,HB,0,,2026,101,,58.8,74.7,59.9,57.7,25,0,1,0,0,1,0,20,21,1,20,AIR FORCE,AIR FORCE,,,
182290,Tre Roberson,WR,0,,2026,101,,59.5,72.6,59.9,60.1,10,0,1,0,0,1,0,11,12,1,11,AIR FORCE,AIR FORCE,,,
182300,Anthony DeBerardino,LS,0,,2025,101,,60,63.8,,60,S45,0,1,0,0,0,0,1,1,0,1,AIR FORCE,AIR FORCE,,,
183051,Alec Clark,P,0,,2028,214,62.5,60,70.3,,,S98,0,1,0,0,0,1,0,1,0,1,MARSHALL,MARSHALL,,,60
183204,Elyjah Thurmon,T,0,,2029,140,,60,64.3,,60,52,0,1,0,0,0,0,1,1,0,1,CLEMSON,CLEMSON,,,
183206,Bryant Wesco Jr.,WR,0,,2029,140,64.1,63.3,76.6,62.8,61.9,12,0,1,0,0,34,0,14,48,34,14,CLEMSON,CLEMSON,,,
183278,Emmett Mosley V,WR,0,,2029,300,69.7,80.7,78.5,81.9,60.2,10,0,1,1,0,49,1,24,75,50,25,STANFORD,STANFORD,,60,63.1
183285,Kameron Courtney,WR,0,,2029,335,,47.8,71.5,56.6,36.1,85,0,1,0,0,3,0,5,8,3,5,VIRGINIA,VIRGINIA,,,
183312,Isaac Brown,HB,0,,2029,210,65.5,53.9,68.1,58.7,,25,0,1,0,0,2,2,0,4,2,2,LOUISVILLE,LOUISVILLE,,,55.4
183324,Aidan Banfield,G,0,,2029,245,,63.2,80.4,,59.8,68,0,1,0,33,0,0,44,77,33,44,N CAROLINA,N CAROLINA,81.1,,
183328,Davion Gause,HB,0,,2029,245,69.7,61.2,73.2,56.7,60,21,0,1,0,0,5,5,3,13,5,8,N CAROLINA,N CAROLINA,,,61.4
183338,Jordan Shipp,WR,0,,2029,245,62.9,74.3,71.7,72,,01,0,1,0,0,9,0,0,9,9,0,N CAROLINA,N CAROLINA,,,
183346,Malcolm Ziglar,S,0,,2029,245,,60,64.9,,60,D03,0,1,0,0,0,0,1,1,0,1,N CAROLINA,N CAROLINA,,,
183374,Jaden Hart,HB,0,,2029,304,62.5,64.5,67.9,57.9,,22,0,1,0,0,2,1,0,3,2,1,SYRACUSE,SYRACUSE,,,63.2
183381,Yasin Willis,HB,0,,2029,304,68.1,53.8,71,56,60,23,0,1,0,1,4,3,1,9,5,4,SYRACUSE,SYRACUSE,67.5,,55.6
183424,Leon Washington Jr.,WR,0,,2028,165,,55.8,75,54.5,61.3,81,0,1,0,0,9,0,13,22,9,13,FAU,FAU,,,
183432,Shaun Nicholas,WR,0,,2029,319,,59,71.9,59.6,60.7,19,0,1,0,0,1,0,5,6,1,5,TULANE,TULANE,,,
183434,Jayden Davis,WR,0,,2028,327,,60.7,70.1,,61.1,27,0,1,0,0,0,0,7,7,0,7,USF,USF,,,
183442,Alvon Isaac,HB,0,,2029,327,67.3,81.4,67.3,,60,10,0,1,0,0,0,3,1,4,0,4,USF,USF,,,76.6
183447,Joshua Porter,WR,0,,2029,327,,42.1,74.5,45.8,43.6,80,0,1,0,0,7,0,12,19,7,12,USF,USF,,,
183448,Wyatt Stiehl,TE,0,,2026,327,,55.7,71.8,,55.2,45,0,1,0,0,0,0,11,11,0,11,USF,USF,,,
183450,Brandon Winton,WR,0,,2029,327,,59.1,71.7,59.5,60.5,00,0,1,0,0,1,0,15,16,1,15,USF,USF,,,
183475,Oscar Hammond,TE,0,,2027,251,62.9,61.5,76.2,62.2,52.6,23,0,1,0,9,14,0,12,35,23,12,N TEXAS,N TEXAS,73.7,,
183479,Tyler Mercer,C,0,,2029,251,,62.5,79.3,,54.5,56,0,1,0,44,0,0,20,64,44,20,N TEXAS,N TEXAS,84.2,,
183483,Brandon Young Jr.,TE,0,,2029,251,,60,64.4,60,,87,0,1,0,0,1,0,0,1,1,0,N TEXAS,N TEXAS,,,
183515,Ca'Lil Valentine,HB,0,,2029,187,70.7,66.6,71.2,58.7,,05,0,1,0,1,5,6,0,12,6,6,ILLINOIS,ILLINOIS,67.8,,66.9
183541,Nick Marsh,WR,0,,2029,223,65,56.5,0,58.3,57,06,1,1,0,0,47,0,22,69,47,22,MICH STATE,MICH STATE,,,
183547,Jacory Barney Jr.,WR,0,,2029,238,69,51.5,74.8,51.9,60.7,17,0,1,0,0,25,0,6,31,25,6,NEBRASKA,NEBRASKA,,,
183581,Dylan Raiola,QB,0,,2029,238,69.2,56.7,76.7,,60.1,15,1,1,43,0,0,0,19,62,43,19,NEBRASKA,NEBRASKA,,59.8,49.1
183597,Eagan Boyer,T,0,,2029,266,,51.6,72.7,,49.2,64,0,1,0,7,0,0,12,19,7,12,PENN STATE,PENN STATE,65.8,,
183600,Cooper Cousins,G,0,,2029,266,,73.8,74.9,,72.9,50,0,1,0,9,0,0,12,21,9,12,PENN STATE,PENN STATE,79.7,,
183611,Luke Reynolds,TE,0,,2029,266,64.1,81.7,77.6,83.4,70.5,85,0,1,0,0,7,0,18,25,7,18,PENN STATE,PENN STATE,,,
183635,Decker DeGraaf,TE,0,,2029,340,62.9,78.7,72.6,80.9,58.3,86,0,1,0,1,10,0,6,17,11,6,WASHINGTON,WASHINGTON,65.1,,
183637,Audric Harris,WR,0,,2029,340,,58.3,64.1,59.6,,13,0,1,0,0,1,0,0,1,1,0,WASHINGTON,WASHINGTON,,,
183644,Adam Mohammed,HB,0,,2029,340,66.3,66.2,71.7,64.7,60,24,0,1,0,1,6,2,1,10,7,3,WASHINGTON,WASHINGTON,67.7,,64.6
183648,Demond Williams Jr.,QB,0,,2029,340,67.8,71.5,73.4,,60,02,0,1,13,0,0,2,12,27,13,14,WASHINGTON,WASHINGTON,,58.1,72.9
183651,Kyan Berry-Johnson,WR,0,,2029,349,,54.6,71.1,55.3,,22,0,1,0,0,9,0,0,9,9,0,WISCONSIN,WISCONSIN,,,
183656,Darrion Dupree,HB,0,,2029,349,73.1,64.9,71.9,62.3,60,13,0,1,0,2,5,10,1,18,7,11,WISCONSIN,WISCONSIN,75.9,,63.9
183694,Hayden Eligon II,WR,0,,2029,256,,56.1,76.9,52.6,75.2,80,0,1,0,0,20,0,16,36,20,16,NWESTERN,NWESTERN,,,
183704,Ian Moore,T,0,,2029,260,,59.8,66.9,,59.4,69,0,1,0,0,0,0,3,3,0,3,OHIO STATE,OHIO STATE,,,
183706,James Peoples,HB,0,,2029,260,68.6,63.3,67.5,,,20,0,1,0,0,0,4,0,4,0,4,OHIO STATE,OHIO STATE,,,62.5
183710,Jeremiah Smith,WR,0,,2029,260,66.5,74.2,77.4,77,54.3,04,0,1,0,0,21,1,24,46,21,25,OHIO STATE,OHIO STATE,,,57.7
183714,Jaden Ball,G,0,,2029,273,,47.6,72,,50.5,72,0,1,0,5,0,0,4,9,5,4,PURDUE,PURDUE,22.9,,
183723,Jaheim Merriweather,HB,0,,2029,273,68.9,66.4,69.5,79.9,,03,0,1,0,2,1,4,0,7,3,4,PURDUE,PURDUE,74.4,,61.7
183740,Kanyon Floyd,P,0,,2028,110,,60,60,,60,S31,0,1,0,0,0,0,1,1,0,1,ARIZONA ST,ARIZONA ST,,,
183746,Terrell Kim,G,0,,2029,110,,60,69.3,,60,73,0,1,0,0,0,0,2,2,0,2,ARIZONA ST,ARIZONA ST,,,
183773,Sione Moa,HB,0,,2029,128,62.5,63.2,68,,58.6,30,0,1,0,0,0,1,2,3,0,3,BYU,BYU,,,62.5
183782,Ryner Swanson,TE,0,,2028,128,61,58.9,69.4,58.7,60,80,0,1,0,0,3,0,2,5,3,2,BYU,BYU,,,
183794,Gavin Grover,TE,0,,2029,138,,49.4,71.5,58.2,50,87,0,1,0,0,2,0,6,8,2,6,CINCINNATI,CINCINNATI,,,
183872,Isaac Wilson,QB,0,,2029,328,24.2,45.3,76.8,,60,11,0,1,49,0,0,3,15,67,49,18,UTAH,UTAH,,46.4,53.1
183882,Jack Sammarco,TE,0,,2029,343,,54.4,67.8,59.2,56.4,88,0,1,0,0,1,0,3,4,1,3,W VIRGINIA,W VIRGINIA,,,
183886,Jordan Seaton,T,1,,2029,143,,62.9,16.9,,68.1,77,2,1,0,49,0,0,16,65,49,16,COLORADO,COLORADO,65.2,,
183892,Xavier Stillman,DI,0,,2026,182,,60,60,,,D93,0,1,0,1,0,0,0,1,1,0,HOUSTON,HOUSTON,60.5,,
183950,Omiri Wiggins,HB,0,,2028,208,72.7,68.6,73.8,59.4,58.9,22,0,1,0,4,9,9,5,27,13,14,LA TECH,LA TECH,56.2,,70.1
183978,Brandon Nunez,QB,0,,2026,242,66.6,59.2,71.6,,60,10,0,1,4,0,0,2,10,16,4,12,NEW MEX ST,NEW MEX ST,,50.2,64.5
183990,Michael Phoenix II,WR,0,,2026,281,64.1,58,76.7,60.3,45.9,04,0,1,0,0,19,0,19,38,19,19,SM HOUSTON,SM HOUSTON,,,
183993,Hunter Watson,QB,0,,2026,281,71.8,69.8,77.4,,60.1,10,0,1,40,0,0,7,30,77,40,37,SM HOUSTON,SM HOUSTON,,70.5,61
184044,Dodji Dahoue,T,0,,2026,160,,68.1,75.4,,67.5,77,0,1,0,27,0,0,19,46,27,19,E MICHIGAN,E MICHIGAN,64.3,,
184078,Conner Muldowney,TE,0,,2025,201,,47.5,74.5,52.5,45.8,89,0,1,0,8,10,0,18,36,18,18,KENT STATE,KENT STATE,64.9,,
184097,Anthonie Knapp,T,0,,2029,258,,60.3,77.6,,61.1,54,0,1,0,41,0,0,34,75,41,34,NOTRE DAME,NOTRE DAME,53.5,,
184106,Joseph Vinci,LS,0,,2029,258,,60,60,,60,S96,0,1,0,0,0,0,1,1,0,1,NOTRE DAME,NOTRE DAME,,,
184107,Cam Williams,WR,0,,2029,258,,60,64.9,,60,17,0,1,0,0,0,0,1,1,0,1,NOTRE DAME,NOTRE DAME,,,
184108,Aneyas Williams,HB,0,,2029,258,71.6,65,0,68.3,82.4,20,1,1,0,5,13,7,1,26,18,8,NOTRE DAME,NOTRE DAME,79.5,,62.1
184113,Duncan Brune,HB,0,,2029,259,67.3,54.7,69.1,,60,22,0,1,0,0,0,3,1,4,0,4,OHIO,OHIO,,,56
184120,Max Rodarte,WR,0,,2029,259,,54.9,72.6,55.4,60.4,03,0,1,0,0,6,0,5,11,6,5,OHIO,OHIO,,,
184123,Tashi Braceful,WR,0,,2030,316,,60,67.3,,59.8,14,0,1,0,0,0,0,2,2,0,2,TOLEDO,TOLEDO,,,
184141,Jerrod Burrell,G,0,,2026,102,,60,63.5,,59.6,58,0,1,0,0,0,0,1,1,0,1,AKRON,AKRON,,,
184146,Jarvis Rush,WR,0,,2026,102,61,57.2,75.8,57.1,61,03,0,1,0,0,27,0,6,33,27,6,AKRON,AKRON,,,
184157,AJ Hairston Jr.,QB,0,,2030,216,69.9,70.1,75.6,,60,08,0,1,32,0,0,3,15,50,32,18,UMASS,UMASS,,71.3,58.5
184162,Micah Alejado,QB,0,,2030,180,68.3,62.7,0,,60,12,1,1,18,0,0,2,3,23,18,5,HAWAII,HAWAII,,70.9,54.8
184169,Blaze Kamoku,WR,0,,2028,180,62.9,57.8,79,58,58.8,80,0,1,0,0,5,0,5,10,5,5,HAWAII,HAWAII,,,
184176,Christian Perry,T,0,,2026,180,,60,65.8,,60.1,54,0,1,0,0,0,0,2,2,0,2,HAWAII,HAWAII,,,
184180,Tama Uiliata,WR,0,,2030,180,62.9,55.7,74.8,56.1,59.8,82,0,1,0,0,12,0,2,14,12,2,HAWAII,HAWAII,,,
184181,Christian Vaughn,HB,0,,2026,180,65.5,67.6,70.6,58.3,59.5,47,0,1,0,5,2,2,2,11,7,4,HAWAII,HAWAII,77.5,,65.7
184198,Saipale Fuimaono,G,0,,2026,284,,49.1,75.4,,51.1,57,1,1,0,18,0,0,12,30,18,12,S DIEGO ST,S DIEGO ST,32.8,,
184200,Danny O'Neil,QB,0,,2029,284,29.5,66.5,76.3,,60,05,0,1,31,0,0,2,28,61,31,30,S DIEGO ST,S DIEGO ST,,75.7,48.7
184203,Jae Beasley II,TE,0,,2029,325,,53.7,72.5,54.8,56,43,0,1,0,0,3,0,8,11,3,8,UNLV,UNLV,,,
184204,Greg Burrell,HB,0,,2029,325,72.5,69.2,74.2,54.7,59.8,05,0,1,0,3,12,9,2,26,15,11,UNLV,UNLV,76.1,,70.4
184207,Damien McDaniel,WR,0,,2029,325,,56.6,71.3,56.8,60.2,02,0,1,0,0,3,0,7,10,3,7,UNLV,UNLV,,,
184219,Tony Freeman,WR,0,,2028,341,71.3,56.3,70.3,57.3,60,00,0,1,0,0,3,0,1,4,3,1,WASH STATE,WASH STATE,,,
184224,Wayshawn Parker,HB,0,,2029,341,25.2,55.6,73.8,69.1,59.7,21,0,1,0,2,12,11,3,28,14,14,WASH STATE,WASH STATE,35.2,,54
184257,Connor Adair,TE,0,,2029,136,,57.3,66.7,57.4,,34,0,1,0,0,3,0,0,3,3,0,CHARLOTTE,CHARLOTTE,,,
184261,Miles Burris,WR,0,,2029,136,,46.7,75,47.8,60.2,88,0,1,0,0,17,0,3,20,17,3,CHARLOTTE,CHARLOTTE,,,
184271,Deshawn Purdie,QB,0,,2029,136,17.6,41.9,77.6,,60,15,0,1,55,0,0,1,24,80,55,25,CHARLOTTE,CHARLOTTE,,38.2,67.4
184277,Johnnie Brown III,G,0,,2027,174,,59.3,66.9,,58.7,66,0,1,0,0,0,0,3,3,0,3,GA SOUTHRN,GA SOUTHRN,,,
184295,Sam Lindsey,LS,0,,2028,175,,60,60,,60,S27,0,1,0,0,0,0,1,1,0,1,GA STATE,GA STATE,,,
184310,Dylan Williams,WR,0,,2029,197,61,69.2,73.2,68,61,88,0,1,0,0,5,0,8,13,5,8,JAMES MAD,JAMES MAD,,,
184319,Amir McGruder,WR,0,,2027,209,61,58.5,69.5,58.8,59.1,01,0,1,0,0,3,0,3,6,3,3,LA MONROE,LA MONROE,,,
184353,Kylen Evans,T,0,,2029,314,,61.2,73.6,,61.8,17,0,1,0,0,0,0,11,11,0,11,TEXAS ST,TEXAS ST,,,
184354,Brad Jackson,QB,0,,2029,314,67.2,67.4,71.2,,60,08,0,1,8,0,0,2,3,13,8,5,TEXAS ST,TEXAS ST,,63.9,64
184377,Trae Swartz,TE,0,,2026,318,,56.8,75.6,50.6,63.3,89,1,1,0,5,10,0,24,39,15,24,TROY,TROY,69.3,,
184380,Kobe Branham,T,0,,2029,111,,60,64.1,,60,50,0,1,0,0,0,0,1,1,0,1,ARKANSAS,ARKANSAS,,,
184382,CJ Brown,WR,0,,2029,111,15.6,27.6,64.1,34.8,,17,0,1,0,0,1,0,0,1,1,0,ARKANSAS,ARKANSAS,,,
184396,Bryce Cain,WR,0,,2030,115,,57.1,70.7,57.8,58.7,06,0,1,0,0,2,0,9,11,2,9,AUBURN,AUBURN,,,
184398,Cam Coleman,WR,0,,2029,115,67.1,83.5,76.3,81.7,62.3,08,0,1,0,0,33,0,12,45,33,12,AUBURN,AUBURN,,,
184413,Walker White,QB,0,,2030,115,19.9,31.4,72.2,,60,09,0,1,6,0,0,4,9,19,6,13,AUBURN,AUBURN,,36.2,47.6
184417,Jadan Baugh,HB,0,,2029,163,71.3,73.8,74.5,54.9,60,13,0,1,0,3,7,7,1,18,10,8,FLORIDA,FLORIDA,78.6,,74.3
184426,DJ Lagway,QB,0,,2029,163,69.6,56.2,12.3,,60,02,1,1,27,0,0,3,15,45,27,18,FLORIDA,FLORIDA,,57.2,60.8
184449,Caden Durham,HB,0,,2029,211,77,71.6,77.4,61.8,,29,0,1,0,3,17,21,0,41,20,21,LSU,LSU,46,,72.1
184453,Trey'Dez Green,TE,0,,2029,211,,49.1,70.4,55,41,14,0,1,0,1,7,0,2,10,8,2,LSU,LSU,66.1,,
184458,Ju'Juan Johnson,HB,0,,2029,211,,55.7,69.1,56.9,,08,0,1,0,0,3,0,0,3,3,0,LSU,LSU,,,
184488,Mazeo Bennett Jr.,WR,0,,2029,289,65.7,58.1,76.8,60.5,44.4,03,0,1,0,0,24,0,22,46,24,22,S CAROLINA,S CAROLINA,,,
184509,Jerrick Gibson,HB,0,,2030,311,65.5,65.3,66.8,,,09,0,1,0,0,0,2,0,2,0,2,TEXAS,TEXAS,,,63.3
184520,Ryan Wingo,WR,0,,2029,311,,47.4,77.3,46.9,61.8,05,0,1,0,0,20,0,24,44,20,24,TEXAS,TEXAS,,,
184531,Colby Cruz,WR,0,,2026,103,,60.1,68.8,,60.1,84,0,1,0,0,0,0,3,3,0,3,ALABAMA,ALABAMA,,,
184535,Aeryn Hampton,WR,0,,2030,103,61,57.1,71.2,57.4,60,21,0,1,0,0,5,0,4,9,5,4,ALABAMA,ALABAMA,,,
184536,Daniel Hill,HB,0,,2029,103,68.6,56.7,70.4,29.1,,20,0,1,0,1,6,4,0,11,7,4,ALABAMA,ALABAMA,74.6,,64.8
184537,Joseph Ionata,C,0,,2029,103,,66.8,75,,63.9,69,0,1,0,9,0,0,10,19,9,10,ALABAMA,ALABAMA,77.2,,
184543,Caleb Odom,WR,0,,2029,103,62.9,54.8,0,61.8,42.3,18,1,1,0,0,13,0,9,22,13,9,ALABAMA,ALABAMA,,,
184550,Chauncey Bowens,HB,0,,2029,173,69.7,61.2,71,57.6,,33,0,1,0,1,4,5,0,10,5,5,GEORGIA,GEORGIA,22.1,,62.9
184580,Nitro Tuggle,WR,0,,2029,173,62.9,77.7,71.7,74.8,60,02,0,1,0,0,6,0,2,8,6,2,GEORGIA,GEORGIA,,,
184630,Cutter Boley,QB,0,,2029,202,69.5,76.2,74.6,,60,08,0,1,16,0,0,4,17,37,16,21,KENTUCKY,KENTUCKY,,69.1,72
184632,Hardley Gilmore,WR,0,,2029,202,65.3,64.8,0,60.5,60.7,17,1,1,0,0,19,1,15,35,19,16,KENTUCKY,KENTUCKY,,,67.9
184633,Hayes Johnson,T,0,,2030,202,,60,67.2,,60,72,0,1,0,0,0,0,3,3,0,3,KENTUCKY,KENTUCKY,,,
184638,Aba Selm,G,0,,2030,202,,68.9,76.1,,67.2,53,0,1,0,9,0,0,15,24,9,15,KENTUCKY,KENTUCKY,81.2,,
184643,Malik Aliane,C,0,,2027,241,,61.5,77,,59.3,51,0,1,0,9,0,0,23,32,9,23,NEW MEXICO,NEW MEXICO,77,,
184652,Ben Black III,WR,0,,2029,278,61,60.2,71.7,59.8,61,81,0,1,0,0,2,0,6,8,2,6,RUTGERS,RUTGERS,,,
184654,KJ Duff,WR,0,,2029,278,64.1,62.8,78.1,64.1,47.3,08,1,1,0,0,30,0,25,55,30,25,RUTGERS,RUTGERS,,,
184663,Matt Ogunniyi,TE,0,,2029,278,,60,66.3,,60,14,0,1,0,0,0,0,2,2,0,2,RUTGERS,RUTGERS,,,
184670,Jadyn Glasser,QB,0,,2029,134,20.8,29,22.4,,60,15,1,1,35,0,0,2,28,65,35,30,C MICHIGAN,C MICHIGAN,,28.6,59.9
184689,Connie Hewitt II,TE,0,,2029,206,,60,64.9,,60,85,0,1,0,0,0,0,1,1,0,1,LIBERTY,LIBERTY,,,
184692,Donte Lee Jr.,WR,0,,2027,206,,56.7,73.6,56.6,61.1,09,0,1,0,0,6,0,8,14,6,8,LIBERTY,LIBERTY,,,
184708,Makari Bodiford,HB,0,,2030,218,67.3,77.3,68.5,,60,21,0,1,0,0,0,3,1,4,0,4,MEMPHIS,MEMPHIS,,,73.4
184714,Brady Kluse,WR,0,,2029,218,62.9,80.2,76.9,80.5,58.3,12,0,1,0,0,11,0,22,33,11,22,MEMPHIS,MEMPHIS,,,
184781,Greg Nunnery,T,0,,2027,296,,36.9,75.1,,38.2,56,0,1,0,19,0,0,26,45,19,26,SO MISS,SO MISS,39.2,,
184787,Daniel Evert,TE,0,,2029,306,61,66.7,72.3,67.2,59.9,84,0,1,0,0,8,0,3,11,8,3,TEMPLE,TEMPLE,,,
184802,Ashton Funk,T,0,,2029,312,,56.2,73.6,,55.8,73,0,1,0,11,0,0,5,16,11,5,TEXAS A&M,TEXAS A&M,58.6,,
184804,Blake Ivy,G,0,,2029,312,,65.7,74.5,,64.1,52,0,1,0,14,0,0,5,19,14,5,TEXAS A&M,TEXAS A&M,72.9,,
184813,Izaiah Williams,WR,0,,2029,312,61,56.3,71.4,56.7,59.9,00,0,1,0,0,6,0,4,10,6,4,TEXAS A&M,TEXAS A&M,,,
184833,Easton Miller,HB,0,,2028,193,,60,60,,60,25,0,1,0,0,0,0,1,1,0,1,IOWA STATE,IOWA STATE,,,
184835,Connor Moberly,QB,0,,2029,193,62.5,67.1,67.6,54.3,60,05,0,1,0,0,1,1,1,3,1,2,IOWA STATE,IOWA STATE,,,63.5
184878,Jacob Stewart,WR,0,,2026,285,65,62.2,79.3,61.8,58.6,81,0,1,0,1,27,0,8,36,28,8,S JOSE ST,S JOSE ST,65.5,,
184885,Peyton Lewis,HB,0,,2029,307,71,64.8,72.3,59.7,,27,0,1,0,6,6,6,0,18,12,6,TENNESSEE,TENNESSEE,22.9,,68.6
184887,Mike Matthews,WR,0,,2029,307,,55.6,70,56.3,60,10,0,1,0,0,4,0,2,6,4,2,TENNESSEE,TENNESSEE,,,
184950,Chris Durr Jr.,WR,0,,2029,351,64.1,49.7,72.2,50.9,59.9,15,0,1,0,0,11,0,1,12,11,1,WYOMING,WYOMING,,,
184951,Justin Erb,TE,0,,2026,351,,60,63.5,,60,80,0,1,0,0,0,0,1,1,0,1,WYOMING,WYOMING,,,
184974,Jake Wilson,TE,0,,2030,351,,60,63.5,60,,89,0,1,0,0,1,0,0,1,1,0,WYOMING,WYOMING,,,
184979,Kwazi Gilmer,WR,0,,2029,324,66,53.3,79.1,51.8,60.3,03,0,1,0,0,50,1,15,66,50,16,UCLA,UCLA,,,63.4
186416,Nathan Elwood,T,0,,2028,101,,60,64.1,,60,52,0,1,0,0,0,0,1,1,0,1,AIR FORCE,AIR FORCE,,,
186417,Alec Falk,G,0,,2028,101,,60.8,80.2,,59.2,75,0,1,0,8,0,0,64,72,8,64,AIR FORCE,AIR FORCE,84.5,,
186423,Quentin Hayes,QB,0,,2028,101,31.8,93.2,77.1,92.3,60,07,0,1,7,0,1,16,48,72,8,64,AIR FORCE,AIR FORCE,,92.1,75.8
186426,Kemper Hodges,FB,0,,2028,101,,60,64.9,,60,14,0,1,0,0,0,0,1,1,0,1,AIR FORCE,AIR FORCE,,,
186429,Josh Johnson,QB,0,,2028,101,62.5,60,63.6,,,11,0,1,0,0,0,1,0,1,0,1,AIR FORCE,AIR FORCE,,,60
186447,Griffin Stalfort,G,0,,2028,101,,60,64.1,,60,53,0,1,0,0,0,0,1,1,0,1,AIR FORCE,AIR FORCE,,,
186448,TJ Tarascio,G,0,,2028,101,,60,65,,60,58,0,1,0,0,0,0,1,1,0,1,AIR FORCE,AIR FORCE,,,
186494,Tray Taylor,WR,0,,2028,141,66.2,63.2,74.2,62.9,59.5,02,0,1,0,0,12,0,7,19,12,7,COAST CAR,COAST CAR,,,
187922,Ted Hurst,WR,0,2026,2026,175,67.5,73.1,78.6,71.1,75.8,16,0,1,0,0,45,0,18,63,45,18,GA STATE,GA STATE,,,
188233,Da'Shawn Martin,WR,0,,2029,201,61,80.6,65.8,74.5,59.9,22,0,1,0,0,1,0,1,2,1,1,KENT STATE,KENT STATE,,,
188241,Ruel Tomlinson,QB,0,,2029,201,19.4,48.8,71.2,,60,17,0,1,7,0,0,3,4,14,7,7,KENT STATE,KENT STATE,,48.2,56.9
188246,Terez Davis,T,0,,2029,215,,57.1,75.7,,57.2,72,0,1,0,30,0,0,15,45,30,15,MARYLAND,MARYLAND,53,,
188250,Michael Hershey,C,0,,2029,215,,61.4,77.4,,59.5,61,0,1,0,33,0,0,5,38,33,5,MARYLAND,MARYLAND,63,,
188281,Braylon Isom,WR,0,,2029,221,,60.3,72.1,59.9,62.3,17,0,1,0,0,1,0,12,13,1,12,MIAMI OH,MIAMI OH,,,
188285,Kris Manu,C,0,,2029,221,,72.1,73.9,,69,72,0,1,0,1,0,0,13,14,1,13,MIAMI OH,MIAMI OH,70.4,,
188299,Caleb Lohner,TE,0,2025,2025,328,61,65.6,75.2,64.9,,84,0,1,0,0,11,0,0,11,11,0,UTAH,UTAH,,,
188305,Zacharyus Williams,WR,0,,2029,328,61,56.1,77.9,56,60.8,89,0,1,0,0,34,0,11,45,34,11,UTAH,UTAH,,,
188360,Devin Spencer,HB,0,,2029,113,65.5,63.1,69.8,57.5,,24,0,1,0,0,4,2,0,6,4,2,ARK STATE,ARK STATE,,,63.2
188410,La'Don Bryant,WR,0,,2029,254,,57,71.6,57.2,61.1,87,0,1,0,0,3,0,6,9,3,6,N ILLINOIS,N ILLINOIS,,,
188413,George Dimopoulos,WR,0,,2029,254,,34.1,71.4,37.1,59.8,84,0,1,0,0,4,0,6,10,4,6,N ILLINOIS,N ILLINOIS,,,
188414,Jason Fowler,TE,0,,2029,254,,57.8,65.8,59,59.4,83,0,1,0,0,1,0,1,2,1,1,N ILLINOIS,N ILLINOIS,,,
188420,Telly Johnson Jr.,HB,0,,2029,254,20.3,57,76.3,55.5,58.4,22,0,1,0,2,7,21,5,35,9,26,N ILLINOIS,N ILLINOIS,75.9,,57.5
188422,Lane Mahnesmith,G,0,,2029,254,,60,69.8,,60,66,0,1,0,0,0,0,2,2,0,2,N ILLINOIS,N ILLINOIS,,,
188457,Carson Heidecker,T,0,,2025,259,,63.6,79.7,,58.9,57,0,1,0,35,0,0,26,61,35,26,OHIO,OHIO,84.8,,
188474,Nick Poulos,QB,0,,2027,259,62.5,60.2,67.4,,60,08,0,1,0,0,0,1,3,4,0,4,OHIO,OHIO,,,60
188487,Devin Green,HB,0,,2028,325,70.5,55.5,71.6,57.3,60,22,0,1,0,0,5,6,2,13,5,8,UNLV,UNLV,,,56.6
188492,Kayden McGee,WR,0,,2029,325,62.9,85.5,67.7,79.9,,16,0,1,0,0,3,0,0,3,3,0,UNLV,UNLV,,,
188497,Hank Purvis,G,0,,2029,325,,57.5,72.1,,56.8,64,0,1,0,2,0,0,7,9,2,7,UNLV,UNLV,69.8,,
188745,Cameron Flowers,WR,0,,2029,346,,59,67.3,59.9,60,80,0,1,0,0,1,0,1,2,1,1,W KENTUCKY,W KENTUCKY,,,
188811,Krishna Clay,DI,0,,2028,284,,56.9,64.3,59.1,,D40,0,1,0,0,1,0,0,1,1,0,S DIEGO ST,S DIEGO ST,,,
188817,Tyler McMahan,G,0,,2026,284,,50,77.5,,43.5,65,0,1,0,22,0,0,23,45,22,23,S DIEGO ST,S DIEGO ST,77.1,,
188837,Makoni Manukainiu,TE,0,,2029,285,,57.5,67.9,58.9,59.5,71,0,1,0,0,1,0,3,4,1,3,S JOSE ST,S JOSE ST,,,
188840,Sione Nomani,G,0,,2026,285,61,55.9,0,65.2,53.2,74,1,1,0,32,1,0,17,50,33,17,S JOSE ST,S JOSE ST,74.9,,
188854,Aiden Black,TE,0,,2029,300,,60,64.1,,,87,0,1,0,1,0,0,0,1,1,0,STANFORD,STANFORD,66.5,,
188861,Chris Davis Jr.,HB,0,,2029,300,64.3,59.8,73.1,66.5,47.4,05,1,1,0,11,9,1,6,27,20,7,STANFORD,STANFORD,80.7,,59.6
188868,Kahlil House,T,0,,2029,300,,37.6,25,,58,58,1,1,0,55,0,0,26,81,55,26,STANFORD,STANFORD,12.2,,
188876,Cole Tabb,HB,0,,2029,300,74,59.1,77.3,51.8,58,33,0,1,0,23,23,12,10,68,46,22,STANFORD,STANFORD,63.4,,61.5
189369,T.J. Moore,WR,0,,2029,140,64.1,55.7,79.6,55.6,61.7,01,0,1,0,0,39,0,10,49,39,10,CLEMSON,CLEMSON,,,
189564,Reese Baker,T,0,,2029,319,,58.8,69.1,,58,78,0,1,0,0,0,0,6,6,0,6,TULANE,TULANE,,,
189614,Teriyan Morman,C,0,,2029,327,,54.8,71.6,,54.7,66,0,1,0,0,0,0,8,8,0,8,USF,USF,,,
189622,Kayden Luke,FB,0,,2029,109,,68.9,69.1,59.6,67.8,30,0,1,0,0,1,0,2,3,1,2,ARIZONA,ARIZONA,,,
189627,Jeremiah Patterson,WR,0,,2028,109,71.5,48.3,75.7,52.3,31.5,02,0,1,0,0,35,0,5,40,35,5,ARIZONA,ARIZONA,,,
189628,Michael Salgado-Medina,K,0,,2029,109,,60,60,,,S19,0,1,0,0,0,1,0,1,0,1,ARIZONA,ARIZONA,,,60
189778,Devonte Lyons,HB,0,,2029,166,26,65,73.5,89.2,,34,0,1,0,2,3,12,0,17,5,12,FIU,FIU,73,,60.6
189783,Amare Grayson,G,0,,2029,196,,57.4,79.5,,55.8,54,0,1,0,34,0,0,44,78,34,44,JVILLE ST,JVILLE ST,59.7,,
189819,Amani Givens,HB,0,,2026,208,75.8,74.1,74.1,60,56.6,25,0,1,0,2,4,17,11,34,6,28,LA TECH,LA TECH,31,,74.1
189863,Jahrique Lowe,WR,0,,2026,242,,54.9,72.9,55.4,60.1,03,0,1,0,0,7,0,3,10,7,3,NEW MEX ST,NEW MEX ST,,,
189866,TJ Pride,WR,0,,2029,242,61,48.7,75.2,48.4,58.5,17,0,1,0,0,19,0,21,40,19,21,NEW MEX ST,NEW MEX ST,,,
189884,James Rendell,P,0,,2026,258,,60,70.3,,60,S16,0,1,0,0,0,0,1,1,0,1,NOTRE DAME,NOTRE DAME,,,
189925,Ric'Darious Farmer,WR,0,,2029,343,61,61.8,72.8,61.4,60,11,0,1,0,0,14,0,2,16,14,2,W VIRGINIA,W VIRGINIA,,,
189949,James Allen,P,0,,2026,175,62.5,60,70.3,,,S98,0,1,0,0,0,1,0,1,0,1,GA STATE,GA STATE,,,60
189956,Donovan Funsch,G,0,,2029,175,,41,70.8,53.2,40.5,52,0,1,0,3,4,0,7,14,7,7,GA STATE,GA STATE,69.5,,
189965,Avery McFadden,WR,0,,2028,175,64.2,55.2,70,56.1,,80,0,1,0,0,6,0,0,6,6,0,GA STATE,GA STATE,,,
189966,Austin McGee,WR,0,,2029,175,61,73.1,67.5,70.1,,87,0,1,0,0,4,0,0,4,4,0,GA STATE,GA STATE,,,
189968,Phoenix Moss,HB,0,,2029,175,,60,71.8,,60,28,0,1,0,0,0,0,1,1,0,1,GA STATE,GA STATE,,,
189969,Dennis Murray Jr.,HB,0,,2029,175,62.5,61.6,71.6,54.9,,23,0,1,0,1,9,1,0,11,10,1,GA STATE,GA STATE,70.8,,62.4
189974,Petey Tucker,WR,0,,2028,175,65.7,63.5,78,64.7,42.6,17,0,1,0,0,44,0,11,55,44,11,GA STATE,GA STATE,,,
190005,Jonathan Bibbs,WR,0,,2029,209,61,97.5,66.2,92.4,60,83,0,1,0,0,1,0,1,2,1,1,LA MONROE,LA MONROE,,,
190011,Caleb Groce,WR,0,,2029,209,,57.8,65.6,59.5,59.8,89,0,1,0,0,1,0,1,2,1,1,LA MONROE,LA MONROE,,,
190013,Ahmad Hardy,HB,0,,2029,209,75.2,76.1,76.5,59.6,60,22,0,1,0,4,8,15,1,28,12,16,LA MONROE,LA MONROE,56.3,,75.8
190015,James Jones,HB,0,,2027,209,73.5,65.7,74.9,55.1,60,04,0,1,0,1,7,11,1,20,8,12,LA MONROE,LA MONROE,67.7,,66.3
190017,Seidrion Langston,LB,0,,2028,209,,60,65,,60,D16,0,1,0,0,0,0,1,1,0,1,LA MONROE,LA MONROE,,,
190018,Que McBroom,T,0,,2026,209,,60,67.2,,59.6,75,0,1,0,1,0,0,2,3,1,2,LA MONROE,LA MONROE,67.4,,
190023,Makenzie Ryan,P,0,,2029,209,,60,70.3,,,S47,0,1,0,0,0,1,0,1,0,1,LA MONROE,LA MONROE,,,60
190075,Fluff Bothwell,HB,0,,2029,288,72.6,64.2,74.1,56.6,56.9,24,0,1,0,0,15,9,3,27,15,12,S ALABAMA,S ALABAMA,,,66.5
190082,Rod Gibbs,TE,0,,2028,288,,58.2,68.6,57,60,19,0,1,0,0,2,0,1,3,2,1,S ALABAMA,S ALABAMA,,,
190110,Brock Riker,C,0,,2029,314,,65.4,71.5,,64.8,51,0,1,0,0,0,0,7,7,0,7,TEXAS ST,TEXAS ST,,,
190132,Zy'marion Lang,WR,0,,2029,316,62.9,77.2,71.6,75.2,60,08,0,1,0,0,4,0,6,10,4,6,TOLEDO,TOLEDO,,,
190135,Dane Nauman,HB,0,,2030,316,65.5,57.5,65.2,,,27,0,1,0,0,0,2,0,2,0,2,TOLEDO,TOLEDO,,,58.2
190157,Jeremy Schleicher,C,0,,2029,347,,58.8,66.6,,58.5,65,0,1,0,0,0,0,4,4,0,4,W MICHIGAN,W MICHIGAN,,,
190169,Monte Harrison,WR,0,,2029,111,,60.1,67.9,,60.2,82,0,1,0,0,0,0,3,3,0,3,ARKANSAS,ARKANSAS,,,
190197,Johnathan Montague Jr.,WR,0,,2029,121,65.6,53.1,71.6,54.2,,08,0,1,0,0,8,0,0,8,8,0,BOSTON COL,BOSTON COL,,,
190221,Kewan Lacy,HB,0,,2029,229,67.8,68.8,71.2,66.8,60,11,0,1,0,0,4,3,1,8,4,4,MISSOURI,MISSOURI,,,66.9
190237,Michael Smith,TE,0,,2029,289,61,63.6,74.3,62.6,60.1,20,0,1,0,1,10,0,3,14,11,3,S CAROLINA,S CAROLINA,67.4,,
190299,Jacob Norcross,C,0,,2029,200,,55.5,79.3,,58.4,59,0,1,0,31,0,0,31,62,31,31,KENNESAW,KENNESAW,39.3,,
190301,Jaden Robinson,WR,0,,2029,200,,54.6,71.9,56.4,55,88,0,1,0,0,4,0,5,9,4,5,KENNESAW,KENNESAW,,,
190323,Rakeem Johnson,T,0,,2029,223,,44.6,73,,59.4,55,0,1,0,19,0,0,4,23,19,4,MICH STATE,MICH STATE,19,,
190350,Walker Lyons,TE,0,,2029,326,,49.5,74,46.4,56.8,85,0,1,0,1,14,0,15,30,15,15,USC,USC,67.8,,
190378,Titus Miller,TE,0,,2029,341,,60,65,,53.5,E94,0,1,0,0,0,0,2,2,0,2,WASH STATE,WASH STATE,,,
190425,Yannick Smith,WR,0,,2029,156,65,70,0,72.2,61.3,15,1,1,0,0,22,0,25,47,22,25,E CAROLINA,E CAROLINA,,,
190434,Anfernee Crease,T,0,,2028,202,,61.1,73,,58.3,78,0,1,0,9,0,0,15,24,9,15,KENTUCKY,KENTUCKY,68.8,,
190439,Justin Kattus,TE,0,,2029,202,,60,66,,60,44,0,1,0,0,0,0,3,3,0,3,KENTUCKY,KENTUCKY,,,
190444,Tovani Mizell,HB,0,,2029,202,62.5,57.1,70.7,57.5,60,28,0,1,0,0,3,1,3,7,3,4,KENTUCKY,KENTUCKY,,,58.7
190445,Marc Nave Jr.,T,0,,2030,202,,72.5,70.3,,71.4,55,0,1,0,3,0,0,6,9,3,6,KENTUCKY,KENTUCKY,75.1,,
190448,Willie Rodriguez,TE,0,,2029,202,61,66.7,74.7,63,64.3,81,0,1,0,5,13,0,13,31,18,13,KENTUCKY,KENTUCKY,70.4,,
190453,David Washington Jr.,WR,0,,2028,202,61,57.6,74.6,56.7,60.9,82,0,1,0,1,7,0,12,20,8,12,KENTUCKY,KENTUCKY,61.9,,
190489,Antwan Raymond,HB,0,,2029,278,68.6,59.8,70.6,57.2,,21,0,1,0,4,4,4,0,12,8,4,RUTGERS,RUTGERS,54.9,,60.5
190596,Duke Watson,HB,0,,2029,210,73.5,82.2,75.1,54.3,,26,0,1,0,3,11,11,0,25,14,11,LOUISVILLE,LOUISVILLE,73.3,,83
190604,Miles Coleman,WR,0,,2029,251,65.1,60.4,75.3,60.3,59.1,13,0,1,0,0,14,0,4,18,14,4,N TEXAS,N TEXAS,,,
190617,Braydon Nelson,G,0,,2029,251,,65.2,76.9,,60.6,67,0,1,0,44,0,0,20,64,44,20,N TEXAS,N TEXAS,69.8,,
190632,Wyatt Young,WR,0,,2029,251,62.9,52.6,75.2,53.4,55.3,27,0,1,0,0,19,0,7,26,19,7,N TEXAS,N TEXAS,,,
190652,Ashton Allen,WR,0,,2025,306,69.2,64.7,78.7,56,84.2,28,0,1,0,0,36,4,25,65,36,29,TEMPLE,TEMPLE,,,72.1
190673,Jamar Taylor,WR,0,,2031,306,61,53,78.6,52.8,59.4,13,0,1,0,0,29,0,25,54,29,25,TEMPLE,TEMPLE,,,
190679,Terrez Worthy,HB,0,,2027,306,73.9,61.8,75,60.9,90.8,25,0,1,0,3,20,11,3,37,23,14,TEMPLE,TEMPLE,43.9,,57.2
190689,Matt Henry,G,0,,2026,318,,59.9,79.4,,68.7,67,0,1,0,36,0,0,38,74,36,38,TROY,TROY,11.8,,
190694,Roman Mothershed,WR,0,,2028,318,,56,73.3,55.7,61.5,17,0,1,0,0,4,0,11,15,4,11,TROY,TROY,,,
190713,Lloyd Avant,HB,0,,2029,320,72.5,65.1,73.9,69.5,52,25,0,1,0,6,8,7,3,24,14,10,TULSA,TULSA,80.1,,64.6
190720,Brody Duffel,T,0,,2029,320,,55.3,0,,58.1,77,1,1,0,17,0,0,17,34,17,17,TULSA,TULSA,76.5,,
190723,Viron Ellison Jr.,HB,0,,2029,320,67.3,59.9,73.9,56.3,56.9,22,0,1,0,0,8,3,5,16,8,8,TULSA,TULSA,,,61.5
190724,Jacob Emmers,WR,0,,2029,320,,54.5,72.5,54.9,60.4,06,0,1,0,0,7,0,4,11,7,4,TULSA,TULSA,,,
190726,Jackson Ford,TE,0,,2029,320,,57.6,66.5,57.7,60,88,0,1,0,0,1,0,1,2,1,1,TULSA,TULSA,,,
190745,Corey Smith,WR,0,,2028,320,,55.3,71.2,56.1,60,12,0,1,0,0,5,0,1,6,5,1,TULSA,TULSA,,,
190749,Jack Tanner,T,0,,2029,320,,53,16.3,,74.8,75,2,1,0,32,0,0,28,60,32,28,TULSA,TULSA,6.3,,
190753,Joseph Williams,WR,0,,2029,320,65.7,83.9,79.8,83.9,58.4,08,0,1,0,0,34,0,31,65,34,31,TULSA,TULSA,,,
190756,Solomon Beebe,HB,0,,2029,321,61,61.4,66.3,65.2,60,28,0,1,0,0,2,0,1,3,2,1,UAB,UAB,,,
190761,Xavier Daisy,WR,0,,2029,321,,60.4,64.1,,,82,0,1,0,1,0,0,0,1,1,0,UAB,UAB,62.6,,
190781,Cash Cleveland,C,0,,2029,143,,65.1,79.4,,58.3,52,0,1,0,49,0,0,16,65,49,16,COLORADO,COLORADO,79.2,,
190790,Dre'lon Miller,WR,0,,2029,143,66.2,81.9,74.7,79.8,59,06,0,1,0,0,17,0,4,21,17,4,COLORADO,COLORADO,,,
190802,J'Marion Burnette,HB,0,,2029,182,0,20.5,66.9,60,,20,0,1,0,0,1,2,0,3,1,2,HOUSTON,HOUSTON,,,24.1
190803,DJ Butler,HB,0,,2029,182,64.3,58.3,72.7,61.1,59.1,25,0,1,0,2,7,1,9,19,9,10,HOUSTON,HOUSTON,75.5,,57.7
190808,Traville Frederick Jr.,TE,0,,2029,182,,52.5,74,53.5,57.6,85,0,1,0,4,7,0,10,21,11,10,HOUSTON,HOUSTON,51.8,,
190852,Luke Masterson,T,0,,2028,245,,60,64.1,,59.6,71,0,1,0,0,0,0,1,1,0,1,N CAROLINA,N CAROLINA,,,
190888,Ezomo Oratokhai,G,0,,2029,256,,62.8,79.9,,56,62,0,1,0,46,0,0,21,67,46,21,NWESTERN,NWESTERN,80.7,,
190906,Antonio Harris,HB,0,,2029,273,62.5,69.8,68.8,,60,37,0,1,0,3,0,1,1,5,3,2,PURDUE,PURDUE,73.9,,62.6
190922,Shamar Rigby,WR,0,,2029,273,62.9,71.9,73.7,71.7,59,16,0,1,0,0,9,0,13,22,9,13,PURDUE,PURDUE,,,
190962,Simon Kibbee,T,0,,2028,101,,60,63.5,,60,80,0,1,0,0,0,0,1,1,0,1,AIR FORCE,AIR FORCE,,,
190963,Avery Book,P,0,,2025,102,11.1,60,70.3,,,S45,0,1,0,0,0,1,0,1,0,1,AKRON,AKRON,,,60
190986,Cam Bates,WR,0,,2029,120,9.2,61.1,71.3,60.7,60.1,80,0,1,0,0,1,0,6,7,1,6,BOISE ST,BOISE ST,,,
190992,Daylon Metoyer,T,0,,2027,120,,46.2,72.8,,45.3,75,0,1,0,6,0,0,16,22,6,16,BOISE ST,BOISE ST,77.6,,
190996,Dylan Riley,HB,0,,2029,120,61.9,58.3,64.1,59.6,,24,0,1,0,0,1,0,0,1,1,0,BOISE ST,BOISE ST,,,
191053,Jalen Dupree,HB,0,,2029,144,72,65.8,73.1,62.6,60,20,0,1,0,0,4,8,3,15,4,11,COLO STATE,COLO STATE,,,64.9
191062,Tommy Maher,WR,0,,2029,144,61,57.2,65.6,86.1,59.9,86,0,1,0,0,1,0,1,2,1,1,COLO STATE,COLO STATE,,,60
191068,Jordan Ross,WR,0,,2029,144,61,84.4,72.1,80.9,59.2,83,0,1,0,0,3,0,5,8,3,5,COLO STATE,COLO STATE,,,
191133,Jay Lindsey,TE,0,,2029,103,61,58.8,69.1,59.1,59.6,88,0,1,0,0,3,0,3,6,3,3,ALABAMA,ALABAMA,,,
191135,Cooper Mollison,WR,0,,2029,103,,60,67.1,,60,83,0,1,0,0,0,0,3,3,0,3,ALABAMA,ALABAMA,,,
191139,Kevin Riley,HB,0,,2029,103,68.2,70,70.5,74.9,,28,0,1,0,1,6,3,0,10,7,3,ALABAMA,ALABAMA,71.8,,67
191140,Rico Scott,WR,0,,2029,103,62.9,63.4,75.8,66.6,44,11,0,1,0,0,14,0,13,27,14,13,ALABAMA,ALABAMA,,,
191142,Ryan Coleman-Williams,WR,0,,2029,103,68.1,72.7,75.9,66.2,60.4,02,0,1,0,0,16,1,12,29,16,13,ALABAMA,ALABAMA,,,69.4
191146,Nate Frazier,HB,0,,2029,173,76.5,63.4,76.4,56.9,60,03,0,1,0,3,18,19,4,44,21,23,GEORGIA,GEORGIA,78.2,,63.4
191165,Leyton Cure,TE,0,,2027,198,,54,70.8,54.8,57.1,87,0,1,0,0,3,0,3,6,3,3,KANSAS,KANSAS,,,
191210,Salahadin Allah,HB,0,,2029,265,65.5,59.4,70.4,55.7,60,26,0,1,0,1,5,2,1,9,6,3,OREGON ST,OREGON ST,70,,60.9
191233,Joseph Cryer,G,0,,2029,296,,55.5,77.3,,55.4,77,0,1,0,11,0,0,23,34,11,23,SO MISS,SO MISS,49.1,,
191235,Ray Daly Jr.,WR,0,,2028,296,,58.3,74.3,57.3,62.1,82,0,1,0,0,4,0,18,22,4,18,SO MISS,SO MISS,,,
191240,Reed Jesiolowski,TE,0,,2029,296,,52,73.5,58.3,52.2,15,0,1,0,1,2,0,16,19,3,16,SO MISS,SO MISS,67.8,,
191245,Isendre Ahfua,G,0,,2029,312,,74.6,74.6,,73.5,50,0,1,0,11,0,0,5,16,11,5,TEXAS A&M,TEXAS A&M,82.1,,
191246,Ashton Bethel-Roman,WR,0,,2029,312,65.4,78.7,71.7,76.8,59,87,0,1,0,0,7,0,4,11,7,4,TEXAS A&M,TEXAS A&M,,,
191248,Robert Bourdon,T,0,,2029,312,,58,70.6,,51.2,70,0,1,0,6,0,0,4,10,6,4,TEXAS A&M,TEXAS A&M,82,,
191251,Terry Bussey,WR,0,,2029,312,64.1,64.4,75.4,63.9,59.7,02,0,1,0,0,22,0,5,27,22,5,TEXAS A&M,TEXAS A&M,,,
191260,Miles O'Neill,QB,0,,2029,312,64.2,89,70.1,,60,16,0,1,6,0,0,0,4,10,6,4,TEXAS A&M,TEXAS A&M,,88.5,
191268,DeAndre Carter,G,0,,2029,115,,64.3,75.2,,62.9,78,0,1,0,6,0,0,13,19,6,13,AUBURN,AUBURN,76.2,,
191274,Eli Morton,TE,0,,2029,115,,60,64.4,,60,48,0,1,0,0,0,0,1,1,0,1,AUBURN,AUBURN,,,
191275,Hunter Ousley,TE,0,,2029,115,,60,63.5,,60,40,0,1,0,0,0,0,1,1,0,1,AUBURN,AUBURN,,,
191278,Malcolm Simmons,WR,0,,2029,115,71.9,67,75.9,66.4,61,11,0,1,0,0,26,0,9,35,26,9,AUBURN,AUBURN,,,
191279,Perry Thompson,WR,0,,2028,115,,53.5,77,53.2,60.9,03,0,1,0,0,12,0,15,27,12,15,AUBURN,AUBURN,,,
191299,Brett Eskildsen,WR,0,,2029,193,62.9,74.6,73.1,73.3,59.7,81,0,1,0,0,8,0,7,15,8,7,IOWA STATE,IOWA STATE,,,
191300,Aiden Flora,HB,0,,2029,193,67.3,73.2,68.5,,60,35,0,1,0,0,0,3,1,4,0,4,IOWA STATE,IOWA STATE,,,69.3
191301,Beau Goodwin,S,0,,2029,193,,60,60,,60,D34,0,1,0,0,0,0,1,1,0,1,IOWA STATE,IOWA STATE,,,
191333,Tyseer Denmark,WR,0,,2029,266,66.5,41.6,71.4,45.4,54,04,0,1,0,0,6,1,4,11,6,5,PENN STATE,PENN STATE,,,57.5
191341,Corey Smith,HB,0,,2030,266,71.9,67.8,74,56.5,58.2,24,0,1,0,2,6,8,4,20,8,12,PENN STATE,PENN STATE,71.8,,68.3
191362,Grayson Brousseau,TE,0,,2029,329,,57.1,73.1,,56.1,33,0,1,0,0,0,0,10,10,0,10,UTAH ST,UTAH ST,,,
191363,Derrick Jameson,HB,0,,2027,329,68.6,74.1,69.1,58.6,60,22,0,1,0,0,2,4,1,7,2,5,UTAH ST,UTAH ST,,,72.4
191372,Herschel Turner,HB,0,,2029,329,69.7,65.9,71.6,54.7,,21,0,1,0,1,7,5,0,13,8,5,UTAH ST,UTAH ST,70.8,,67.4
193165,Keonde Henry,WR,0,,2029,218,,60.5,70.1,,60.6,11,0,1,0,0,0,0,7,7,0,7,MEMPHIS,MEMPHIS,,,
193184,Maxence LeBlanc,TE,0,,2029,260,,60,63.5,,60,86,0,1,0,0,0,0,1,1,0,1,OHIO STATE,OHIO STATE,,,
193227,Corey Myrick,S,0,,2029,214,,60,65,,60,D22,0,1,0,0,0,0,1,1,0,1,MARSHALL,MARSHALL,,,
193238,Benji Blackburn,TE,0,,2029,300,,60.2,73.7,54.9,70.3,88,0,1,0,5,6,0,7,18,11,7,STANFORD,STANFORD,71.1,,
193241,Jared Pele,T,0,,2026,329,,58.9,69.6,,58.5,51,0,1,0,0,0,0,8,8,0,8,UTAH ST,UTAH ST,,,
52809,David Afari,HB,0,,2025,253,66.9,61.1,70.7,74.4,,01,0,1,0,2,7,2,0,11,9,2,N COLORADO,N COLORADO,74.1,,56.1
52928,Chase Evans,C,0,,2025,295,,61.8,78.1,,54.4,62,0,1,0,30,0,0,16,46,30,16,S ILLINOIS,S ILLINOIS,84.6,,
53355,Hank Perry,T,0,,2026,168,,75.1,76.5,,86.5,73,0,1,0,28,0,0,34,62,28,34,FORDHAM,FORDHAM,26.6,,
53994,Dylan DeMaison,C,0,,2025,150,,62.2,80.1,,58.3,68,0,1,0,26,0,0,49,75,26,49,DAYTON,DAYTON,83.9,,
54183,Vincent Munlin Jr.,T,1,,2025,159,,43.8,0,,57.4,70,2,1,0,19,0,0,26,45,19,26,E KENTUCKY,E KENTUCKY,45.1,,
55452,Waydale Jones,WR,0,,2025,253,,56.7,67.9,57.8,60,38,0,1,0,0,2,0,1,3,2,1,N COLORADO,N COLORADO,,,
63937,Kayvon Britten,HB,0,,2025,401,77.5,81.8,75,76.8,,04,0,1,0,8,13,23,0,44,21,23,TARLETON,TARLETON,77.9,,78.8
65005,Nicholas Schwitzgebel,G,0,,2026,127,,60.1,80.2,,56.6,60,0,1,0,27,0,0,45,72,27,45,BUTLER,BUTLER,83.2,,
70591,Chase Nenad,WR,0,,2026,352,64.1,67.1,79.8,66.4,63.5,02,0,1,0,0,21,0,32,53,21,32,YALE,YALE,,,
70706,Jonathan Greaves,G,0,,2026,283,,52,71.2,,56.8,60,0,1,0,2,0,0,4,6,2,4,SAN DIEGO,SAN DIEGO,0,,
70767,Damien Moore,HB,0,,2026,204,62.5,64.4,67.3,58.2,,28,0,1,0,0,3,1,0,4,3,1,LAMAR,LAMAR,,,63
70865,Branden Alvarez,WR,0,,2026,269,62.9,59.9,78.8,59.3,61.5,02,0,1,0,0,21,0,36,57,21,36,PORTLAND,PORTLAND,,,
70985,Jay McEuen,TE,0,,2025,1285,62.9,64.9,76.4,68.4,57.4,85,0,1,0,6,16,0,24,46,22,24,UTAHTC,UTAHTC,74.6,,
71187,Quantraill Morris-Walker,CB,0,,2025,276,,60,60,,60,D16,0,1,0,0,0,0,1,1,0,1,RICHMOND,RICHMOND,,,
71402,Thomas Mirabella,G,0,,2025,322,,60,64.4,,59.6,62,0,1,0,0,0,0,1,1,0,1,UC DAVIS,UC DAVIS,,,
71408,Jacquez Robertson,HB,0,,2026,253,62.5,55.9,66.4,,,05,0,1,0,0,0,1,0,1,0,1,N COLORADO,N COLORADO,,,57.5
71780,Ty McCullouch,WR,0,,2025,233,65.7,68.4,78.3,68.7,58.5,06,0,1,0,0,27,0,33,60,27,33,MONTANA ST,MONTANA ST,,,
72173,Edward Riley,C,0,,2026,298,,58.7,79.8,,53.7,51,0,1,0,34,0,0,36,70,34,36,SO UTAH,SO UTAH,83.2,,
72199,Mathias Talavou,G,0,,2027,283,,71.6,77.9,,76.2,67,0,1,0,23,0,0,26,49,23,26,SAN DIEGO,SAN DIEGO,35.4,,
73589,Richie Pinomi,G,0,,2026,172,,49.8,79.2,,53.2,66,0,1,0,38,0,0,18,56,38,18,GEORGETOWN,GEORGETOWN,25.7,,
74287,Aidan Shinfeld,WR,0,,2025,145,71.3,60,64.9,,60,28,0,1,0,0,0,0,1,1,0,1,COLUMBIA,COLUMBIA,,,
75662,Brandon Lanier,TE,0,,2026,345,64.1,52.5,78.9,51.8,54.8,08,0,1,0,2,44,0,25,71,46,25,W ILLINOIS,W ILLINOIS,69.3,,
76149,Robert Coleman,QB,0,,2026,204,69.4,63.1,76.4,,60.2,05,0,1,24,0,0,4,32,60,24,36,LAMAR,LAMAR,,68.9,47.2
76606,Jalynn Williams,HB,0,,2026,344,69.9,81.1,71.1,60.4,60,05,0,1,0,0,3,5,1,9,3,6,W CAROLINA,W CAROLINA,,,78.4
77801,O'Shaan Allison,HB,0,,2025,116,61,63.7,68.4,61.3,60,00,0,1,0,3,1,0,1,5,4,1,AUSTINPEAY,AUSTINPEAY,76.6,,
77884,Alec Burton,TE,0,,2025,1285,,46,71.4,53.9,49.4,82,0,1,0,0,4,0,9,13,4,9,UTAHTC,UTAHTC,,,
78216,Tay Lanier,WR,0,,2026,252,62.5,54,72,57.3,60.4,08,0,1,0,0,4,1,5,10,4,6,N ARIZONA,N ARIZONA,,,57.7
78248,Drake Carroll,G,0,,2025,310,,64.8,78.8,,61.3,65,0,1,0,40,0,0,23,63,40,23,TENN MARTN,TENN MARTN,77.3,,
78465,Chance Newman,TE,0,,2025,257,,65.3,70.3,54.2,70.1,17,0,1,0,1,5,0,6,12,6,6,NWSTATE,NWSTATE,67.8,,
78795,Jay Parker,WR,0,,2025,309,66.3,60.7,70.9,58.9,60.3,04,0,1,0,0,4,2,5,11,4,7,TENN TECH,TENN TECH,,,61.4
81560,Ralph Frias III,G,0,,2025,252,,68.4,76.1,,66.7,73,0,1,0,10,0,0,13,23,10,13,N ARIZONA,N ARIZONA,79.9,,
81875,Chris Noble,G,0,,2025,282,,57.9,81.2,,49.6,58,0,1,0,54,0,0,41,95,54,41,SAMFORD,SAMFORD,87.7,,
82120,Matthew Downing,QB,0,,2025,162,68.2,80.5,76.3,,60,12,0,1,30,0,0,0,30,60,30,30,ELON,ELON,,85.5,50.2
82626,Wilson Beaverstock,K,0,,2025,282,,60,60,,60,S80,0,1,0,0,0,0,1,1,0,1,SAMFORD,SAMFORD,,,
83673,Keilon Elder,HB,0,,2025,177,14.3,37.2,67.9,28.8,60.1,23,0,1,0,0,5,4,2,11,5,6,GRAMBLING,GRAMBLING,,,44.4
83679,Kenyon Sims,HB,0,,2025,283,71.9,65.1,71.1,29.3,,04,0,1,0,0,7,8,0,15,7,8,SAN DIEGO,SAN DIEGO,,,71.5
84310,Cameron Gardner,TE,0,,2025,228,,57.3,73.2,57.2,60.4,09,0,1,0,0,3,0,11,14,3,11,MS VLY ST,MS VLY ST,,,
85688,Tienne Fridge,S,0,,2026,158,,60,71.8,,60,D08,0,1,0,0,0,0,1,1,0,1,E ILLINOIS,E ILLINOIS,,,
85731,Shaun Grayson,TE,0,,2026,204,,50,72.9,59.3,48.6,18,0,1,0,2,1,0,7,10,3,7,LAMAR,LAMAR,69.9,,
85924,TangiTangi Pongia,G,0,,2026,279,,56.7,69.6,59.2,57.1,52,0,1,0,1,1,0,5,7,2,5,SACRAMENTO,SACRAMENTO,64.8,,
86098,Isaias Sierra,G,0,,2025,253,,64.2,73.3,,64.3,61,0,1,0,9,0,0,2,11,9,2,N COLORADO,N COLORADO,42.8,,
86295,Alex Flores,QB,0,,2027,217,67.4,53.1,75.4,54.3,60,15,0,1,16,0,1,1,30,48,17,31,MCNEESE,MCNEESE,,49.9,62.1
86420,Xavier Harris,WR,0,,2025,232,,57.1,69.2,57.7,60,13,0,1,0,0,3,0,2,5,3,2,MONTANA,MONTANA,,,
86477,Koby Gross,TE,0,,2026,164,62.9,59.4,76.3,55.4,67.5,06,0,1,0,1,11,0,10,22,12,10,FL A&M,FL A&M,64.5,,
86569,Noah Cronquist,WR,0,,2026,161,62.5,61.1,75.1,53.8,80.2,22,0,1,0,0,9,1,10,20,9,11,E WASHGTON,E WASHGTON,,,63.4
86638,Aaron Fontes,WR,0,,2025,232,68.3,61,0,61.2,76.3,14,1,1,0,0,30,0,22,52,30,22,MONTANA,MONTANA,,,
86734,Bradley West,WR,0,,2025,234,61.8,65.3,70.9,55.4,60,85,0,1,2,0,5,0,2,9,7,2,MOREHEAD,MOREHEAD,,74.7,
88749,Bradley Clark,WR,0,,2025,295,,51.6,78.2,52,56.7,09,0,1,0,0,30,0,16,46,30,16,S ILLINOIS,S ILLINOIS,,,
88754,John Erby,WR,0,,2025,155,72.5,66.7,78.2,67.6,61,04,0,1,0,0,47,1,33,81,47,34,DUQUESNE,DUQUESNE,,,57.5
89376,Cole Sain,C,0,,2025,233,,72.1,79.2,,67.1,56,0,1,0,27,0,0,33,60,27,33,MONTANA ST,MONTANA ST,82,,
90602,JT Reed,G,0,,2026,233,,56.5,76.5,,52.3,55,0,1,0,12,0,0,14,26,12,14,MONTANA ST,MONTANA ST,81.2,,
97069,Calvin Hill,HB,0,,2025,183,71.9,60.4,71.8,57.9,,22,0,1,0,7,3,8,0,18,10,8,HOUCHR,HOUCHR,77.8,,59.3
97098,Michael Love,WR,0,,2025,1298,65.1,57,77.2,56.6,61,05,0,1,0,0,31,0,24,55,31,24,LIUSHAR,LIUSHAR,,,
97099,Micah Kelly,HB,0,,2025,282,72.5,69.2,75.4,52.5,55.2,20,0,1,0,5,14,9,9,37,19,18,SAMFORD,SAMFORD,78.3,,73.2
97103,Daniel Richardson,QB,0,,2025,164,28.3,73.5,76,,60,10,1,1,30,0,0,1,19,50,30,20,FL A&M,FL A&M,,81.9,40.4
97111,Chandler Whitfield,WR,0,,2025,297,64.1,60.5,0,62.5,61.6,19,1,1,0,0,23,0,35,58,23,35,SOUTHERN U,SOUTHERN U,,,
97142,Joshua Carter,HB,0,,2025,159,78.4,78.1,76.6,66.4,58.2,08,1,1,0,11,23,27,5,66,34,32,E KENTUCKY,E KENTUCKY,56.2,,78.9
97173,Jalen Mitchell,HB,0,,2025,309,73.6,65,75.5,70.1,46.9,00,0,1,0,3,19,11,7,40,22,18,TENN TECH,TENN TECH,84.6,,64.8
97196,Qualan Jones,HB,0,,2025,301,75.9,60.3,77.4,50.2,58.2,23,0,1,0,13,25,17,6,61,38,23,STF AUSTIN,STF AUSTIN,81.6,,61.3
97300,Edward Saydee,HB,0,,2025,171,76.5,65.1,76.9,65.2,60,06,0,1,0,9,29,19,1,58,38,20,GARD-WEBB,GARD-WEBB,83.2,,63.1
97318,Jacob Flynn,WR,0,,2025,1470,62.9,86.2,73.9,85.8,58.6,83,0,1,0,0,8,0,13,21,8,13,STHLSK,STHLSK,,,
97416,Jordan Yates,WR,0,,2025,309,77.2,59.5,75.7,54.3,60.7,01,0,1,2,0,10,9,6,27,12,15,TENN TECH,TENN TECH,,58.9,63.3
97429,Kelvin Dean Jr.,HB,0,,2025,164,72.6,66.5,73.3,60.6,,09,0,1,0,1,9,9,0,19,10,9,FL A&M,FL A&M,23.1,,68.1
97600,Trejan Bridges,WR,0,,2025,132,68.1,66.9,79.4,66.3,62.6,00,0,1,0,0,40,0,26,66,40,26,CENT ARK,CENT ARK,,,
97625,Keshawn Wicks,HB,0,,2025,164,61,61.5,63.5,65.7,,26,0,1,0,0,1,0,0,1,1,0,FL A&M,FL A&M,,,
97803,Khatib Lyles,WR,0,,2025,116,,57.1,69.1,58.1,59.4,07,0,1,0,0,2,0,3,5,2,3,AUSTINPEAY,AUSTINPEAY,,,
97820,Jayce Medlock,TE,0,,2025,270,62.9,55.9,75.5,54.2,59.9,88,0,1,0,4,16,0,4,24,20,4,PRVIEW A&M,PRVIEW A&M,75.7,,
97997,Jarrett Guest,QB,0,,2025,124,40.9,63.1,77.7,54.3,60,07,0,1,54,0,1,2,26,83,55,28,BRYANT,BRYANT,,63.4,58.7
98006,Zach Calzada,QB,0,,2026,189,70.9,48.8,76.8,,60,10,0,1,35,0,0,5,27,67,35,32,INCAR WORD,INCAR WORD,,46.6,60.1
98020,Nathan Lamb,QB,0,,2025,345,39.9,57.2,22.4,,60,12,1,1,45,0,0,5,18,68,45,23,W ILLINOIS,W ILLINOIS,,66.1,43.3
98039,Grayson Lewis,G,0,,2026,1298,,65.1,78.5,,61.7,75,0,1,0,31,0,0,28,59,31,28,LIUSHAR,LIUSHAR,81.1,,
98041,Xavier Graham,G,0,,2025,344,,61,80,,55.8,73,1,1,0,39,0,0,30,69,39,30,W CAROLINA,W CAROLINA,85,,
98076,Hunter Jones,G,0,,2025,129,,64.5,79,,58.6,62,0,1,0,39,0,0,14,53,39,14,CAL POLY,CAL POLY,81.4,,
98081,Austin Mosier,G,0,,2026,106,,60.6,75.2,,57.8,70,0,1,0,9,0,0,9,18,9,9,ALBANY,ALBANY,79.3,,
98133,Karter Johnson,TE,0,,2025,164,62.9,65.3,75.5,66.2,58,08,0,1,0,2,11,0,9,22,13,9,FL A&M,FL A&M,68.4,,
98218,Calvin Wiggins,WR,0,,2025,183,,54.2,76.2,54,61.4,05,0,1,0,0,12,0,12,24,12,12,HOUCHR,HOUCHR,,,
98260,Jermaine Donaldson,T,0,,2026,131,,68.3,75.8,,58,71,0,1,0,31,0,0,20,51,31,20,CAMPBELL,CAMPBELL,85.8,,
98295,Cooper Heisey,TE,0,,2025,212,62.9,55.9,76.9,59.5,46.6,82,0,1,0,6,22,0,13,41,28,13,MAINE,MAINE,71.4,,
98356,Cornelious Brown IV,QB,0,,2030,104,71.3,64.3,77.7,,60,10,0,1,47,0,0,6,31,84,47,37,ALAB A&M,ALAB A&M,,57.4,70.9
98382,Donnell Wilson,T,0,,2025,309,,53.6,20.3,,52,75,2,1,0,34,0,0,33,67,34,33,TENN TECH,TENN TECH,72.4,,
98393,Stevie Ballard,T,0,,2025,257,,63,76.6,,54.8,71,0,1,0,27,0,0,30,57,27,30,NWSTATE,NWSTATE,85,,
98682,Jaden Johnson,QB,0,,2025,270,67.9,57.4,74.2,,60,08,0,1,27,0,0,0,7,34,27,7,PRVIEW A&M,PRVIEW A&M,,48.9,75.1
98698,Kariem Al Soufi,G,0,,2025,401,,62.4,78.2,,59.3,74,0,1,0,22,0,0,31,53,22,31,TARLETON,TARLETON,81.4,,
99098,Brevyn Jones,T,1,,2025,1177,,51.1,77.2,,53.9,77,1,1,0,30,0,0,36,66,30,36,W GEORGIA,W GEORGIA,40.3,,
99114,Jake Pope,T,0,,2026,188,,65.1,76.8,,55.8,67,0,1,0,43,0,0,27,70,43,27,ILL STATE,ILL STATE,79.6,,
99132,Kinkead Dent,QB,0,,2025,310,37.5,56.9,76.5,,60,08,0,1,40,0,0,6,17,63,40,23,TENN MARTN,TENN MARTN,,53.9,63
99179,KeShawn Toney,TE,0,,2025,290,65.7,74.7,76,79.1,55.8,05,0,1,0,7,21,0,17,45,28,17,SCAR STATE,SCAR STATE,70.5,,
99180,Jackson Lowe,TE,0,,2026,189,,48.7,74.7,53.2,49.8,18,0,1,0,1,6,0,16,23,7,16,INCAR WORD,INCAR WORD,66.4,,
99250,Jacardia Wright,HB,0,2025,2025,230,74.5,76.2,76.8,70.3,,09,0,1,0,2,24,13,0,39,26,13,MO STATE,MO STATE,73,,76.7
99331,Marcus Hicks,T,0,,2025,292,,49.8,72.9,,48.4,78,0,1,0,3,0,0,16,19,3,16,S DAK ST,S DAK ST,75,,
99424,Layton Ernst,T,0,,2025,401,,61.6,75.9,,56.5,54,0,1,0,22,0,0,31,53,22,31,TARLETON,TARLETON,79.8,,
99432,Marcus Alexander,G,0,,2025,116,,48.9,79.4,,52.3,74,2,1,0,38,0,0,17,55,38,17,AUSTINPEAY,AUSTINPEAY,24.8,,
99472,Chris Herron,WR,0,,2025,270,62.4,49.7,77.5,52,55.2,16,0,1,1,0,41,0,8,50,42,8,PRVIEW A&M,PRVIEW A&M,,49.9,
99476,Maverick McIvor,QB,0,,2026,100,70.9,91.5,77.9,,60,01,0,1,59,0,0,2,28,89,59,30,ABILENE CH,ABILENE CH,,91.7,57.4
99526,Logan Compton,TE,0,,2026,189,62.9,69.3,78.4,73.4,53.3,89,0,1,0,4,18,0,29,51,22,29,INCAR WORD,INCAR WORD,70.4,,
99534,Freddie Brown,WR,0,,2025,401,,56.1,66.5,57.2,,17,0,1,0,0,3,0,0,3,3,0,TARLETON,TARLETON,,,
99570,Trey Cleveland,WR,0,,2025,100,65.7,56.3,80.5,56.4,57.2,07,0,1,0,0,48,0,21,69,48,21,ABILENE CH,ABILENE CH,,,
99576,Gino English,QB,0,,2025,157,69,63.3,74.9,,60,06,0,1,18,0,0,3,19,40,18,22,E TENN ST,E TENN ST,,54.9,73.1
99596,Garrison Johnson Sr.,HB,0,,2026,139,73.5,71.3,72.8,57.4,58.2,22,0,1,0,1,3,11,10,25,4,21,CITADEL,CITADEL,70,,70.6
99598,Gavin Thomson,WR,0,,2026,299,68.1,72.2,78.1,72,60.3,05,0,1,0,0,28,0,32,60,28,32,ST FRANCIS,ST FRANCIS,,,
99628,J'Wan Evans,HB,0,,2026,252,72.7,70.7,74,55.4,58.2,25,0,1,0,1,8,9,4,22,9,13,N ARIZONA,N ARIZONA,71.5,,71.6
99846,Cooper Dawson,TE,0,,2025,135,61,56,75,53.5,57.7,14,0,1,0,3,9,0,21,33,12,21,CHARLES SO,CHARLES SO,68.7,,
99850,Curtis Fann Jr.,ED,0,,2025,344,,60,0,,60,D06,1,1,0,0,0,0,1,1,0,1,W CAROLINA,W CAROLINA,,,
100260,Jordan Daniels,G,0,,2025,344,,51,79.6,,47.6,74,1,1,0,43,0,0,37,80,43,37,W CAROLINA,W CAROLINA,59.4,,
100328,Chris Oliver,T,0,,2025,155,,59.5,72.9,,50,59,0,1,0,14,0,0,6,20,14,6,DUQUESNE,DUQUESNE,83.2,,
100628,Mike Martinez,TE,0,,2025,185,64.1,54.4,0,54.4,61.5,80,1,1,0,4,12,0,24,40,16,24,IDAHO,IDAHO,71,,
100642,JR Waters,WR,0,,2025,177,61,76.8,72.8,71.4,80.2,01,0,1,0,0,8,0,4,12,8,4,GRAMBLING,GRAMBLING,,,
100831,Glover Cook III,HB,0,,2025,310,67.8,56.1,70.6,75.9,,15,0,1,0,4,3,3,0,10,7,3,TENN MARTN,TENN MARTN,23.6,,55.9
100938,Thomas Nance,TE,0,,2026,119,67.1,79.1,76.9,81.7,54,18,0,1,0,3,24,0,16,43,27,16,BETH COOK,BETH COOK,69,,
100993,Tama Tuitele,TE,0,,2025,253,61,46.5,0,57.4,46.5,45,1,1,0,1,6,0,18,25,7,18,N COLORADO,N COLORADO,69.8,,
101017,Marcelo Mendiola,G,1,,2026,295,,55.1,78.5,,55.7,77,1,1,0,30,0,0,16,46,30,16,S ILLINOIS,S ILLINOIS,44.7,,
101049,Michael Lindauer,QB,0,,2025,295,69,65.9,73.5,,60,10,0,1,18,0,0,3,7,28,18,10,S ILLINOIS,S ILLINOIS,,66.1,59.7
101297,Courtney Reese,HB,0,,2025,119,66.7,60.2,68.6,57.4,60,06,0,1,0,0,3,2,1,6,3,3,BETH COOK,BETH COOK,,,60.6
101338,Jeremiah Pruitte,TE,0,,2025,164,61,77.1,73.6,77.7,57.8,00,0,1,0,2,8,0,9,19,10,9,FL A&M,FL A&M,69.6,,
101542,Mahdi Hazime,G,0,,2025,183,,45.6,75.7,,43.2,64,0,1,0,8,0,0,19,27,8,19,HOUCHR,HOUCHR,76.2,,
101553,Dalton Daddona,G,0,,2025,181,,60,79.5,,56.1,78,0,1,0,22,0,0,39,61,22,39,HOLY CROSS,HOLY CROSS,84.2,,
101563,JJ Guedet,T,0,,2025,188,,76.9,77.3,,68.4,70,0,1,0,43,0,0,27,70,43,27,ILL STATE,ILL STATE,89.4,,
101593,Noah Fenske,T,0,,2026,295,,71.3,75.7,,74.5,53,0,1,0,30,0,0,16,46,30,16,S ILLINOIS,S ILLINOIS,62.5,,
101597,Dave Monnot III,T,0,,2025,137,,67,76.4,,65.2,79,0,1,0,39,0,0,24,63,39,24,CHATTNOOGA,CHATTNOOGA,66.5,,
101628,Jacob Clark,QB,0,2026,2026,230,31.3,57.5,76,60,60,12,0,1,39,0,1,0,14,54,40,14,MO STATE,MO STATE,,60.6,49.9
101649,Julius Davis,HB,0,,2026,233,74.4,75.2,72.1,,60,32,0,1,0,2,0,13,1,16,2,14,MONTANA ST,MONTANA ST,74.9,,71.8
101651,Anthony Williams Jr.,WR,0,,2025,107,71.9,55.2,71,56.1,60,14,0,1,0,2,4,8,1,15,6,9,ALCORN ST,ALCORN ST,72.8,,56.2
101675,Malik Jackson,TE,0,,2025,317,61,57.4,75.1,68.5,38.5,81,0,1,0,0,8,0,11,19,8,11,TOWSON,TOWSON,,,
101705,John Dunmore,WR,0,,2026,317,18.6,56.5,77.5,56.1,62.6,00,0,1,0,0,36,0,26,62,36,26,TOWSON,TOWSON,,,
101738,Desmond Hutson,WR,0,,2025,255,66.7,67.5,0,71.3,62.3,18,2,1,0,0,25,0,20,45,25,20,N IOWA,N IOWA,,,
101904,Jimmie Jenkins,G,0,,2025,105,,59.7,74.5,,57.2,76,0,1,0,7,0,0,11,18,7,11,ALABAMA ST,ALABAMA ST,79.2,,
102004,Marcus Wehr,G,0,,2025,233,,77.5,78.6,,76.5,76,0,1,0,27,0,0,33,60,27,33,MONTANA ST,MONTANA ST,84.5,,
102197,Ozzie Hutchinson,T,0,2025,2025,106,,63.2,78.4,,57.7,65,0,1,0,60,0,0,28,88,60,28,ALBANY,ALBANY,69.1,,
102202,Kevin Singer,G,0,,2025,338,,65.2,78.9,,57.6,75,0,1,0,44,0,0,19,63,44,19,WAGNER,WAGNER,88.7,,
102205,Steve Carter,C,0,,2025,107,,60.1,79.3,,57.2,56,0,1,0,22,0,0,41,63,22,41,ALCORN ST,ALCORN ST,75.9,,
102250,Luke Dahlgren,G,0,,2025,161,,80.7,79.6,,79.1,57,0,1,0,17,0,0,46,63,17,46,E WASHGTON,E WASHGTON,83.9,,
102256,Matthew Hewa Baddege,T,0,,2025,161,,82.6,75.7,,78.4,76,0,1,0,16,0,0,37,53,16,37,E WASHGTON,E WASHGTON,81,,
102264,Gabriel Thompson,G,0,,2025,157,,68.5,78.9,,66.1,61,0,1,0,23,0,0,29,52,23,29,E TENN ST,E TENN ST,82.8,,
102298,Jayden Borjas,G,0,,2025,189,,53.8,77.1,,47.5,77,0,1,0,19,0,0,19,38,19,19,INCAR WORD,INCAR WORD,84,,
102341,Tevarrius Adams,WR,0,,2025,107,63.6,58.9,78,58.6,59.8,08,0,1,0,0,21,0,22,43,21,22,ALCORN ST,ALCORN ST,,,
102342,Xzavier Vaughn,QB,0,,2026,107,68.6,56.2,74.1,,60,15,0,1,13,0,0,3,17,33,13,20,ALCORN ST,ALCORN ST,,49.6,66.1
102355,Tyler Riddell,QB,0,,2026,171,70,71.1,77.5,,60.2,02,0,1,49,0,0,1,27,77,49,28,GARD-WEBB,GARD-WEBB,,71.7,58.6
102413,Corey Russell,HB,0,,2025,297,74.8,66.2,73.1,57.1,60,08,0,1,0,2,5,13,1,21,7,14,SOUTHERN U,SOUTHERN U,73.9,,65.5
102441,Jaharie Martin,HB,0,,2025,212,71.5,61.9,75.7,65.4,59.1,19,0,1,0,3,18,7,3,31,21,10,MAINE,MAINE,76.1,,60.2
102509,Ryan Lonergan,TE,0,,2025,233,,52.3,74.3,52.4,56.8,87,0,1,0,1,9,0,28,38,10,28,MONTANA ST,MONTANA ST,66.9,,
102516,Jostein Clarke,WR,0,,2026,119,,54.4,76.8,54.7,60.4,11,0,1,0,0,8,0,6,14,8,6,BETH COOK,BETH COOK,,,
102561,Dervon Pesnell,WR,0,,2025,139,61,62.5,77.3,61.6,62.7,07,0,1,0,0,9,0,29,38,9,29,CITADEL,CITADEL,,,
102593,Jack Coulson,WR,0,,2026,332,,56.3,74.8,55.5,61.5,10,0,1,0,0,7,0,17,24,7,17,VALPO,VALPO,,,
102610,Alex Moore,TE,0,,2025,185,61,57.2,75.1,52,71.1,84,0,1,0,0,13,0,9,22,13,9,IDAHO,IDAHO,,,
102705,Luke Smith,C,0,,2025,157,,70.7,79.7,,65.9,66,0,1,0,28,0,0,41,69,28,41,E TENN ST,E TENN ST,81.5,,
102928,Sevonne Rhea,WR,0,,2025,204,61,61.3,75.1,60.8,62,07,0,1,0,0,12,0,15,27,12,15,LAMAR,LAMAR,,,
102950,Delvin Attafah,WR,0,,2025,133,,57.2,67.9,58.2,60,13,0,1,0,0,2,0,1,3,2,1,CENT CT ST,CENT CT ST,,,
103564,Jacob Sharp,WR,0,,2025,342,65.4,52.4,0,54.3,61.9,14,1,1,0,0,33,0,21,54,33,21,WEBER ST,WEBER ST,,,
103653,Kevin Brenner,TE,0,,2025,292,,50,76.6,51.2,54.3,44,0,1,0,2,9,0,30,41,11,30,S DAK ST,S DAK ST,30.4,,
103673,Elijah Reames,LS,0,,2025,243,,60,60,,60,S25,0,1,0,0,0,0,1,1,0,1,NICHOLLS,NICHOLLS,,,
103759,David Hoage,ED,1,,2026,253,,60,0,,60,D34,1,1,0,0,0,0,2,2,0,2,N COLORADO,N COLORADO,,,
103855,Jared Penning,T,0,2025,2025,255,,70.3,76,,66.2,75,0,1,0,27,0,0,22,49,27,22,N IOWA,N IOWA,75,,
103856,Tristan Roper,T,0,,2025,255,,64.9,75.5,,61.3,78,0,1,0,27,0,0,22,49,27,22,N IOWA,N IOWA,69.8,,
103858,Richard Estrella,T,0,,2025,269,,58,4.6,,58.1,78,1,1,0,23,0,0,46,69,23,46,PORTLAND,PORTLAND,86,,
103861,Jordan Riendeau,TE,0,,2025,274,,58.1,72.1,57.2,58.6,87,1,1,0,2,2,0,16,20,4,16,RHODE ISLD,RHODE ISLD,66.6,,
103865,Evan Beerntsen,G,0,2026,2026,292,,60.4,78.2,,56.7,61,0,1,0,20,0,0,33,53,20,33,S DAK ST,S DAK ST,84.6,,
103867,Ethan Vibert,G,0,,2025,292,,55.5,79.1,,51,64,0,1,0,20,0,0,33,53,20,33,S DAK ST,S DAK ST,84.6,,
103871,Lyle Santos,G,0,,2025,298,,60,80.2,,56.5,72,0,1,0,34,0,0,36,70,34,36,SO UTAH,SO UTAH,74.2,,
103928,Justin Fomby,QB,0,,2025,246,68.3,67.6,74.4,,60,04,0,1,25,0,0,1,10,36,25,11,NC A&T,NC A&T,,67.5,59.6
103930,Dante Chachere,QB,0,,2025,269,31.3,40.5,77.1,60,60,15,0,1,22,0,1,9,38,70,23,47,PORTLAND,PORTLAND,,41.4,49.9
103934,Darius Perrantes,QB,0,,2025,155,70.7,81.3,1.5,,60,07,2,1,47,0,0,3,31,81,47,34,DUQUESNE,DUQUESNE,,82.7,63.7
103936,Tommy Smith,TE,0,,2025,274,61,68.9,77.3,66.4,65.4,81,0,1,0,0,18,0,12,30,18,12,RHODE ISLD,RHODE ISLD,,,
103943,Miles Hastings,QB,0,,2025,322,33.1,63,21.1,60,60.8,07,1,1,43,0,1,0,27,71,44,27,UC DAVIS,UC DAVIS,,64.1,
103944,Trent Tompkins,WR,0,,2025,322,68.5,70,78.4,68.8,58,18,0,1,0,0,42,1,25,68,42,26,UC DAVIS,UC DAVIS,,,63.2
103954,Seth Morgan,QB,0,,2025,240,40.3,54.5,77.1,,60,07,0,1,48,0,0,4,21,73,48,25,NEW HAMP,NEW HAMP,,51.5,64.8
103980,Gabe Sloat,HB,0,,2025,274,66.5,59.6,69.6,56.5,,05,0,1,0,2,7,1,0,10,9,1,RHODE ISLD,RHODE ISLD,76,,59.8
104032,Elias Spence,TE,0,,2025,269,,54.7,78.7,59.9,53.3,84,0,1,0,2,1,0,26,29,3,26,PORTLAND,PORTLAND,66,,
104051,Brady Roark,TE,0,,2025,274,,59.2,74.3,52.3,63.7,89,0,1,0,4,7,0,23,34,11,23,RHODE ISLD,RHODE ISLD,68.2,,
104060,Ty Arrington,WR,0,,2025,155,61,57.8,76.1,57.8,59.7,08,0,1,0,0,23,0,5,28,23,5,DUQUESNE,DUQUESNE,,,
104092,Chaz Davis,WR,0,,2025,322,65,69,78.3,72.8,35.6,04,0,1,0,0,33,0,15,48,33,15,UC DAVIS,UC DAVIS,,,
104158,Johnathan Bennett,QB,0,,2026,139,21.4,69,19.1,,60.1,11,1,1,20,0,0,12,31,63,20,43,CITADEL,CITADEL,,71,62.7
104436,Niko Papic,T,0,,2026,303,,59,76.7,,61.2,73,0,1,0,39,0,0,29,68,39,29,STNY BROOK,STNY BROOK,50,,
104513,Grant Edwards,HB,0,,2025,127,,60,63.8,,60,49,0,1,0,0,0,0,1,1,0,1,BUTLER,BUTLER,,,
104625,Elkhanan Tanelus,G,0,,2025,158,,67,72.7,,65.5,72,0,1,0,5,0,0,6,11,5,6,E ILLINOIS,E ILLINOIS,77.7,,
104632,Payton Collins,T,0,,2025,159,,56.6,28.3,,46.6,74,1,1,0,44,0,0,41,85,44,41,E KENTUCKY,E KENTUCKY,89.8,,
104638,Ryan Joyce,G,0,,2026,168,,78.1,78.8,,81.1,65,0,1,0,28,0,0,34,62,28,34,FORDHAM,FORDHAM,60.2,,
104656,Max Lovblad,T,0,,2025,212,,62.9,76.4,,61.9,79,0,1,0,43,0,0,18,61,43,18,MAINE,MAINE,61.3,,
104686,Tom Elia,C,0,,2025,276,,65.6,79,,63.3,56,0,1,0,19,0,0,36,55,19,36,RICHMOND,RICHMOND,67.5,,
104689,Cade Salyers,G,0,,2025,276,,75,78.4,,74.3,74,0,1,0,19,0,0,36,55,19,36,RICHMOND,RICHMOND,75.9,,
104694,Billy Lutui,G,0,,2025,269,,61,79.2,,59.6,55,1,1,0,23,0,0,47,70,23,47,PORTLAND,PORTLAND,66.1,,
104700,Joey Lombard,C,0,2025,2025,291,,65.7,79.4,,65.6,76,0,1,0,25,0,0,38,63,25,38,S DAKOTA,S DAKOTA,50.4,,
104723,Blake Whitmore,C,0,,2025,344,,55.6,16.6,,52.9,72,1,1,0,49,0,0,41,90,49,41,W CAROLINA,W CAROLINA,83.5,,
104750,Abdou Toure,T,0,,2025,295,,63,69.2,,60.1,70,0,1,0,5,0,0,2,7,5,2,S ILLINOIS,S ILLINOIS,76.1,,
104751,Jake Green,G,0,,2025,295,,57.8,77.6,,55.3,79,0,1,0,30,0,0,16,46,30,16,S ILLINOIS,S ILLINOIS,60.9,,
104763,Quincy Casey,QB,0,,2025,1177,10.2,24.4,68.1,,60,08,0,1,2,0,0,1,2,5,2,3,W GEORGIA,W GEORGIA,,33,42.5
104797,Hollis Mathis,WR,0,,2025,348,62.9,66.8,75.5,66.8,59.9,12,0,1,0,0,8,0,10,18,8,10,WM & MARY,WM & MARY,,,
104837,Travis Theis,HB,0,,2025,291,75.6,83.8,77,61.6,63.9,05,0,1,0,4,12,16,8,40,16,24,S DAKOTA,S DAKOTA,25.3,,85.3
104840,Jadon Turner,HB,0,,2026,133,67.3,73,70.1,59.9,60,22,0,1,0,1,1,3,2,7,2,5,CENT CT ST,CENT CT ST,21.2,,72.4
104872,Bronson Yoder,HB,0,,2025,348,76.9,79.1,76.2,54.8,84.1,09,0,1,0,2,9,20,0,31,11,20,WM & MARY,WM & MARY,76.4,,75.7
104877,Anthony Manaves,TE,0,,2025,158,,60,64.4,,,11,0,1,0,1,0,0,0,1,1,0,E ILLINOIS,E ILLINOIS,64.5,,
104880,Jeff Ciccio,TE,0,,2025,168,62.9,81.4,74.5,78.9,69.7,89,0,1,0,2,8,0,16,26,10,16,FORDHAM,FORDHAM,42.8,,
104901,Marcus Velez,TE,0,,2026,119,62.9,54.3,76.6,54.2,54.6,89,0,1,0,4,15,0,19,38,19,19,BETH COOK,BETH COOK,71.6,,
104904,Cal Redman,TE,0,,2025,303,65.7,72.8,78.2,80.5,44.9,22,0,1,0,3,27,0,22,52,30,22,STNY BROOK,STNY BROOK,30.2,,
104925,Trevon Brown,WR,0,,2025,127,64.1,71.3,77.9,71.1,60.7,06,0,1,0,0,21,0,28,49,21,28,BUTLER,BUTLER,,,
104947,Jamie Lamson,WR,0,,2025,212,,57,70.5,57.9,60,80,0,1,0,0,2,0,2,4,2,2,MAINE,MAINE,,,
104948,Michael Monios,WR,0,,2025,212,,55.5,70.2,56.3,60,83,0,1,0,0,4,0,2,6,4,2,MAINE,MAINE,,,
104954,Mason Pierce,WR,0,,2025,189,61,66.7,72.5,62.3,81.6,01,0,1,0,0,13,0,3,16,13,3,INCAR WORD,INCAR WORD,,,
104957,Taylor Shields,WR,0,,2025,171,62.9,62.7,77.5,62.3,60.3,18,0,1,0,0,25,0,16,41,25,16,GARD-WEBB,GARD-WEBB,,,
104959,Elijah Downing,WR,0,,2026,236,61,48.2,74.9,49.1,60.2,08,0,1,0,0,15,0,4,19,15,4,MURRAY ST,MURRAY ST,,,
104965,Shawn Charles,WR,0,,2025,277,65.6,58.9,78.1,62.6,59.6,20,0,1,1,0,24,1,22,48,25,23,ROB MORRIS,ROB MORRIS,,37.5,63.4
104976,Khristopher Simmons,WR,0,,2026,177,,60,64.6,,60.1,10,0,1,0,0,0,0,2,2,0,2,GRAMBLING,GRAMBLING,,,
104995,Carter Bell,WR,0,,2025,291,70.5,65.2,77.5,67.7,59.2,14,0,1,1,0,24,0,23,48,25,23,S DAKOTA,S DAKOTA,,50.4,
105004,Shawn Harris Jr.,WR,0,,2025,274,68.4,57.2,76.1,56.6,60.1,06,0,1,0,0,16,0,12,28,16,12,RHODE ISLD,RHODE ISLD,,,
105005,RJ Lamarre,WR,0,,2026,303,,54.3,76.1,54.1,62.2,81,0,1,0,0,15,0,13,28,15,13,STNY BROOK,STNY BROOK,,,
105006,Dayron Johnson,WR,0,,2025,308,61,60.5,63.9,60.3,,05,0,1,0,0,1,0,0,1,1,0,TENN STATE,TENN STATE,,,
105023,Kahlil Overton,TE,0,,2025,1298,,51,74.6,52.4,53.6,07,0,1,0,1,13,0,7,21,14,7,LIUSHAR,LIUSHAR,63.5,,
105114,Jonathan Collins Jr.,CB,0,,2025,240,,60,64.9,,60,D07,0,1,0,0,0,0,1,1,0,1,NEW HAMP,NEW HAMP,,,
105125,Caleb Mead,CB,0,,2025,240,67.7,58,69.4,63.4,,D04,0,1,0,0,2,2,0,4,2,2,NEW HAMP,NEW HAMP,,,56.5
105198,Daniel Bettis,TE,0,,2025,282,,52.6,71.4,59.2,54.5,93,0,1,0,0,1,0,13,14,1,13,SAMFORD,SAMFORD,,,
105208,Charles Lincoln,G,0,,2025,129,,56.7,76.2,,50.8,71,0,1,0,13,0,0,11,24,13,11,CAL POLY,CAL POLY,82.7,,
105262,Jevale Roberson,G,0,,2025,204,,58.2,78.4,,53.4,71,1,1,0,24,0,0,33,57,24,33,LAMAR,LAMAR,85.5,,
105296,Sean Lehane,K,0,,2025,240,,60,70.3,,60,S30,0,1,0,0,0,0,1,1,0,1,NEW HAMP,NEW HAMP,,,
105310,Cole Grossman,TE,0,,2025,232,61,52.6,77.8,52.8,55.5,11,0,1,0,0,18,0,3,21,18,3,MONTANA,MONTANA,,,
105370,Ryan Toscano,LB,0,,2025,240,,60,60,,60,D39,0,1,0,0,0,0,1,1,0,1,NEW HAMP,NEW HAMP,,,
105422,Luke Byrne,G,0,,2025,282,,50.8,80.2,,45.3,54,0,1,0,54,0,0,41,95,54,41,SAMFORD,SAMFORD,65,,
105439,Kyler Edwards,T,0,,2025,159,,58.6,0,,65.4,67,1,1,0,25,0,0,15,40,25,15,E KENTUCKY,E KENTUCKY,61.8,,
105440,Jabril Williams,C,0,,2025,162,,63.6,79.2,,59,61,0,1,0,30,0,0,31,61,30,31,ELON,ELON,78.7,,
105462,Payson Campisano,G,0,,2025,129,,68.9,79.5,,64.8,52,0,1,0,52,0,0,25,77,52,25,CAL POLY,CAL POLY,84.2,,
105463,Jordin Martell,T,0,,2025,133,,65.4,74.2,,58.4,65,0,1,0,17,0,0,18,35,17,18,CENT CT ST,CENT CT ST,85.1,,
105466,Dylan Poirier,C,0,,2025,240,,64.7,79.9,,58.9,66,0,1,0,48,0,0,25,73,48,25,NEW HAMP,NEW HAMP,77.2,,
105469,Jordan Cooper,T,0,,2026,274,,61.2,71.7,,59.2,67,0,1,0,11,0,0,5,16,11,5,RHODE ISLD,RHODE ISLD,64.2,,
105484,Brock Bethea,T,0,,2026,274,,65.6,16.9,,65.1,79,1,1,0,31,0,0,33,64,31,33,RHODE ISLD,RHODE ISLD,79,,
105487,Jean Germain,G,0,,2026,317,,58,79.2,,54.6,71,0,1,0,42,0,0,27,69,42,27,TOWSON,TOWSON,65.4,,
105496,Bradly Anyanwu,G,0,,2025,151,,77.9,79.3,,79.6,73,0,1,0,32,0,0,40,72,32,40,DELAWARE,DELAWARE,64.3,,
105556,Cooper Wallace,HB,0,,2025,139,72.5,79.4,73.8,55.8,55.2,27,0,1,0,1,9,9,10,29,10,19,CITADEL,CITADEL,72.7,,81.9
105570,Jordan Davis,TE,0,,2026,350,64.1,78.4,75.9,85.9,48.8,09,0,1,0,1,15,0,11,27,16,11,WOFFORD,WOFFORD,65.4,,
105592,Quincy Watson,HB,0,,2025,151,69.7,54.9,71.2,55.4,60,23,0,1,0,1,4,5,3,13,5,8,DELAWARE,DELAWARE,70,,56.4
105610,Isaac Seide,HB,0,,2025,240,67.4,62.8,73.1,68.9,60,26,0,1,0,5,16,2,1,24,21,3,NEW HAMP,NEW HAMP,78.5,,58.6
105619,Irv Mulligan,HB,0,,2025,194,77.3,62.3,75.7,55.5,58.4,05,0,1,0,6,10,22,7,45,16,29,JACKSON ST,JACKSON ST,78.7,,62.1
105623,Nick Ostmo,HB,0,,2025,232,23.6,56.9,75.2,28.9,58.2,26,0,1,0,3,12,10,3,28,15,13,MONTANA,MONTANA,45.1,,66
105649,Mark Biggins,HB,0,,2026,131,74.8,62.8,75,54.3,59.2,04,0,1,0,3,15,14,3,35,18,17,CAMPBELL,CAMPBELL,75.9,,63.7
105669,Jay Gibson,TE,0,,2025,137,61,37.8,77,48.5,45.4,87,0,1,0,9,26,0,23,58,35,23,CHATTNOOGA,CHATTNOOGA,20.8,,
105697,Ryan Simpson,WR,0,,2025,232,,56.6,70.5,57.2,59.9,04,0,1,0,0,3,0,4,7,3,4,MONTANA,MONTANA,,,
105721,Chandler Brayboy,WR,0,2025,2025,162,66.9,75,77.5,73.4,59.9,04,0,1,0,0,25,1,16,42,25,17,ELON,ELON,,,63.2
105976,Aaron Tutino,WR,0,,2025,299,63.8,38.1,69.9,45.6,59.9,80,0,1,0,0,1,0,3,4,1,3,ST FRANCIS,ST FRANCIS,,,
106015,Wande Owens,S,0,2025,2025,240,,60,60,,60,D05,0,1,0,0,0,0,1,1,0,1,NEW HAMP,NEW HAMP,,,
106326,Tyreke Brown,ED,0,,2025,280,,60,60,,60,D00,0,1,0,0,0,0,1,1,0,1,SACR HEART,SACR HEART,,,
106368,Cole Birdow,T,0,2025,2025,385,,64.9,76.9,,58,56,0,1,0,30,0,0,42,72,30,42,MERRIMACK,MERRIMACK,83.8,,
106652,Quantez Mansfield,DI,0,,2025,247,,56.3,60,55.3,,D00,0,1,0,0,1,0,0,1,1,0,NC CENT,NC CENT,,,
106691,Logan Hofstedt,TE,0,,2025,250,,49.2,72,59.1,48.9,33,1,1,0,0,1,0,8,9,1,8,N DAK ST,N DAK ST,,,
106703,Caden Meis,HB,0,,2025,253,71.9,73.4,75.5,54,47.4,27,0,1,0,1,7,8,12,28,8,20,N COLORADO,N COLORADO,72.7,,80.5
108141,Jack Pilson,LB,0,,2025,158,,60,60,,60,D33,0,1,0,0,0,0,1,1,0,1,E ILLINOIS,E ILLINOIS,,,
108419,Brian McNamara,LS,0,,2025,280,,60,60,,60,S57,0,1,0,0,0,0,1,1,0,1,SACR HEART,SACR HEART,,,
108481,Jaison Williams,T,0,2025,2025,353,,82.7,77.1,,79.8,54,0,1,0,46,0,0,30,76,46,30,YNGTOWN ST,YNGTOWN ST,81.5,,
108544,Jaden Rolling,T,0,,2026,277,,71.2,77.4,,67.2,79,0,1,0,39,0,0,33,72,39,33,ROB MORRIS,ROB MORRIS,74.9,,
108591,Blake Feigenspan,C,0,,2025,272,,59.7,79,,53.4,53,0,1,0,39,0,0,16,55,39,16,PRINCETON,PRINCETON,75.7,,
108596,Mason Williams,C,0,,2025,189,,64,79.6,,58.8,60,0,1,0,35,0,0,32,67,35,32,INCAR WORD,INCAR WORD,79.9,,
108889,Jake Rock,G,0,,2025,250,,60.1,0,,60.8,78,1,1,0,30,0,0,33,63,30,33,N DAK ST,N DAK ST,79,,
108890,Hunter Poncius,T,0,,2025,250,,56.6,0,,65.7,76,1,1,0,3,0,0,10,13,3,10,N DAK ST,N DAK ST,75.1,,
108935,Jayden Johannsen,QB,0,,2025,236,67,27.2,72.5,,60,07,0,1,6,0,0,2,9,17,6,11,MURRAY ST,MURRAY ST,,23.6,67.7
108937,Grant Sergent,QB,0,,2025,283,68.7,94.8,76.5,89.1,60,12,0,1,33,0,1,0,29,63,34,29,SAN DIEGO,SAN DIEGO,,94.5,57.3
108945,Josh Navratil,ED,0,,2025,249,,60,60,,,D34,0,1,0,1,0,0,0,1,1,0,N DAKOTA,N DAKOTA,60.9,,
108959,Jared Lewis,QB,0,,2025,1298,62.5,55.5,63.6,,,12,0,1,0,0,0,1,0,1,0,1,LIUSHAR,LIUSHAR,,,58.2
108971,Connor Watkins,QB,0,,2025,334,73.4,71.3,76.9,,60,04,0,1,39,0,0,12,20,71,39,32,VILLANOVA,VILLANOVA,,70.3,63.8
108972,Matt O'Connor,QB,0,,2025,302,65.8,38.5,72.5,60,60,12,0,1,12,0,1,0,8,21,13,8,STETSON,STETSON,,39.2,57.3
108979,Nick Howard,QB,0,,2025,127,77.3,68.3,73.4,,,02,0,1,3,0,0,23,0,26,3,23,BUTLER,BUTLER,,65.4,64.5
108981,Pierce Holley,QB,0,,2025,158,30.4,64.4,77,,60,03,1,1,37,0,0,1,34,72,37,35,E ILLINOIS,E ILLINOIS,,68.3,48.8
108982,Tyler Knoop,QB,0,,2025,303,34.5,47.9,76.7,,60,12,0,1,39,0,0,3,25,67,39,28,STNY BROOK,STNY BROOK,,47.3,55.9
108989,Rob McCoy,QB,0,,2025,135,24.6,46.3,74.9,,60,01,1,1,16,0,0,3,17,36,16,20,CHARLES SO,CHARLES SO,,44.8,55.8
109120,Jaden Sutton,HB,0,,2026,152,38.2,64,76.6,58.4,58.2,01,0,1,0,6,23,23,5,57,29,28,DELWARE ST,DELWARE ST,16.2,,67.1
109131,Marques Mason,S,0,,2025,280,,60,71.8,,60,D06,0,1,0,0,0,0,1,1,0,1,SACR HEART,SACR HEART,,,
109133,Malik Grant,HB,0,,2025,274,78,66.2,75.8,53.4,60,04,0,1,0,4,11,25,1,41,15,26,RHODE ISLD,RHODE ISLD,76.1,,66.3
109136,Sone Ntoh,HB,0,2025,2025,231,74,61.5,74,73.3,60,18,0,1,0,1,5,12,2,20,6,14,MONMOUTH,MONMOUTH,20.9,,60.4
109276,Will Downes,WR,0,,2025,213,61,52.4,79.3,51.1,78.5,11,0,1,0,0,43,0,16,59,43,16,MARIST,MARIST,,,
109500,Braylon Henderson,WR,0,,2025,250,61,48.1,75.1,48.3,60.8,01,0,1,0,0,19,0,13,32,19,13,N DAK ST,N DAK ST,,,
109601,Dorrian Moultrie,WR,0,,2025,178,65,61.9,81.2,61.8,59.3,06,0,1,0,0,42,0,37,79,42,37,HAMPTON,HAMPTON,,,
109604,Jordan Hull,WR,0,,2026,152,66.7,63.4,79,63,60.4,02,0,1,0,0,31,0,28,59,31,28,DELWARE ST,DELWARE ST,,,
109605,Joe Gillette,WR,0,,2025,212,65.7,66.6,78,66.1,60.5,18,0,1,0,0,37,0,10,47,37,10,MAINE,MAINE,,,
109619,Joey Felton,WR,0,,2025,352,70,69.3,75.2,68.8,62.1,23,0,1,0,0,18,0,30,48,18,30,YALE,YALE,,,
112003,Andre Banks,WR,0,,2025,139,,55.4,71.8,55.4,59.6,10,0,1,0,0,5,0,5,10,5,5,CITADEL,CITADEL,,,
112920,Timothy Robinson,T,0,,2025,236,,47.9,8.4,,48.2,74,1,1,0,27,0,0,25,52,27,25,MURRAY ST,MURRAY ST,67.1,,
120737,Einaj Carter,WR,0,,2025,290,66,65,75.9,66,53.3,01,0,1,0,0,26,0,14,40,26,14,SCAR STATE,SCAR STATE,,,
121346,Draylen Ellis,QB,0,,2025,308,69.9,54.8,76.6,,60,01,0,1,33,0,0,3,28,64,33,31,TENN STATE,TENN STATE,,53.1,60.8
121347,C.J. Evans,HB,0,,2026,308,74.2,69.9,73.8,60.6,60,23,0,1,0,2,9,7,3,21,11,10,TENN STATE,TENN STATE,72.2,,69.7
121379,Bakarius Collier,G,0,,2025,132,,55.4,74,,53.4,72,0,1,0,5,0,0,9,14,5,9,CENT ARK,CENT ARK,76.7,,
121392,Myles Kitt-Denton,WR,0,,2026,257,65.1,55.5,77.3,54.8,63.4,03,0,1,0,0,17,0,23,40,17,23,NWSTATE,NWSTATE,,,
121393,Justin Lairy,T,0,,2025,132,,60.6,77.4,,58.8,79,0,1,0,42,0,0,29,71,42,29,CENT ARK,CENT ARK,60.6,,
121396,William Mayo,C,0,,2026,132,,60,67.3,,60,70,0,1,0,1,0,0,1,2,1,1,CENT ARK,CENT ARK,68,,
121398,Jamal Mull,G,0,,2026,132,,52.9,78.8,,48.9,58,0,1,0,40,0,0,23,63,40,23,CENT ARK,CENT ARK,61,,
121460,Jimmie Haywood,TE,0,,2026,105,,56.5,69.8,,56.3,33,0,1,0,0,0,0,9,9,0,9,ALABAMA ST,ALABAMA ST,,,
121658,John Stone,C,0,,2025,159,,62,16.6,,60.9,62,1,1,0,44,0,0,41,85,44,41,E KENTUCKY,E KENTUCKY,76.4,,
121677,Darryle Evans,HB,0,,2026,183,69.7,59.8,70.6,59,60,10,0,1,0,5,2,5,2,14,7,7,HOUCHR,HOUCHR,76.9,,58.8
121678,Ismael Fuller,WR,0,,2025,183,61,59.3,76,59,61.6,11,0,1,0,0,17,0,10,27,17,10,HOUCHR,HOUCHR,,,
121701,Kendal Septs,G,0,,2028,183,,55.6,77.8,56.6,56,77,0,1,0,31,2,0,34,67,33,34,HOUCHR,HOUCHR,51,,
121815,Jalen Montgomery,HB,0,,2026,159,22.7,58.9,67.1,59.5,60,23,0,1,0,0,1,0,1,2,1,1,E KENTUCKY,E KENTUCKY,,,
121873,Malcolm Terry II,HB,0,,2026,145,68.6,62.6,69.7,59.5,60,06,0,1,0,2,1,4,2,9,3,6,COLUMBIA,COLUMBIA,74.4,,61.5
121876,Drew Wilder,C,0,,2026,158,,69.1,79.8,,67.6,55,0,1,0,37,0,0,35,72,37,35,E ILLINOIS,E ILLINOIS,62.3,,
121973,Jaycob Horn,WR,0,,2025,159,62.9,70,76.5,69.4,61.8,00,0,1,0,0,12,0,18,30,12,18,E KENTUCKY,E KENTUCKY,,,
122093,Kellen Culberson,C,0,,2027,246,,58.7,79.7,,59.1,57,0,1,0,44,0,0,27,71,44,27,NC A&T,NC A&T,53.8,,
122107,Lavar Lindo,TE,0,,2026,301,,47.8,71.4,55.4,47.6,88,0,1,0,3,4,0,6,13,7,6,STF AUSTIN,STF AUSTIN,68.5,,
122149,Hunter Helms,QB,0,,2026,274,69.3,60.5,21.9,,60.2,18,1,1,31,0,0,2,31,64,31,33,RHODE ISLD,RHODE ISLD,,60.5,62.2
122258,Seth Williams,G,0,,2026,157,,64.5,77.5,,62.1,67,0,1,0,14,0,0,25,39,14,25,E TENN ST,E TENN ST,81.4,,
122277,Ty Moore,WR,0,,2026,257,,55.2,72.8,55.6,60.4,06,0,1,0,0,7,0,5,12,7,5,NWSTATE,NWSTATE,,,
122294,Brandon Fitez,WR,0,,2026,131,61,59.4,74.1,63.4,40,08,0,1,0,0,11,0,4,15,11,4,CAMPBELL,CAMPBELL,,,
122306,Lamagea McDowell,HB,0,,2026,270,73.1,58.1,77.2,52.6,39.2,23,0,1,0,9,26,10,1,46,35,11,PRVIEW A&M,PRVIEW A&M,48.9,,63.7
122348,Logan Mauldin,TE,0,,2027,217,61,64.2,77,58.2,67.4,21,0,1,0,0,19,0,30,49,19,30,MCNEESE,MCNEESE,,,
122368,Malik Bowen-Sims,WR,0,,2025,116,62.9,49.2,77.7,49.5,61.6,08,0,1,0,0,26,0,11,37,26,11,AUSTINPEAY,AUSTINPEAY,,,
122477,Wing Green,T,0,,2025,131,,40.7,71.1,,54.2,76,0,1,0,8,0,0,5,13,8,5,CAMPBELL,CAMPBELL,0,,
122484,Ryan King,WR,0,,2026,233,62.9,54.8,75.7,54.8,60.3,09,0,1,0,0,16,0,11,27,16,11,MONTANA ST,MONTANA ST,,,
122508,Aidan Bouman,QB,0,,2026,291,68.8,72.1,76.7,54.3,60.1,02,0,1,24,0,1,2,34,61,25,36,S DAKOTA,S DAKOTA,,68.1,70.4
122535,Anthony Smith,G,0,,2026,308,,61.3,74.5,,58.3,56,0,1,0,10,0,0,6,16,10,6,TENN STATE,TENN STATE,79.3,,
122573,Amauri Pesek-Hickson,HB,0,,2025,255,71,60.5,73.3,58.1,60,05,0,1,0,1,13,6,1,21,14,7,N IOWA,N IOWA,31.4,,62.2
122614,KJ Shankle,HB,0,,2026,1139,74.5,69.4,76.8,86.4,,00,0,1,0,9,36,13,0,58,45,13,TXAMEA,TXAMEA,79.6,,63.6
122622,Jaelon Travis,WR,0,,2026,189,,58.3,64.8,59.6,,07,0,1,0,0,1,0,0,1,1,0,INCAR WORD,INCAR WORD,,,
122702,Desmond Daniels,T,0,,2026,105,,35.7,1,,44.2,70,1,1,0,15,0,0,32,47,15,32,ALABAMA ST,ALABAMA ST,39.5,,
122717,Kade Neely,TE,0,,2026,236,,38.3,0,49.5,44.7,80,2,1,0,3,24,0,19,46,27,19,MURRAY ST,MURRAY ST,70.2,,
122746,Grant Goodson,T,0,,2026,230,,59.6,76.5,,62.9,66,0,1,0,39,0,0,25,64,39,25,MO STATE,MO STATE,48.9,,
122754,D'Vontae Key,WR,0,,2025,230,62.9,58.8,78.2,58.1,62.6,84,0,1,0,1,28,0,16,45,29,16,MO STATE,MO STATE,62.1,,
122770,Ja'Veo Toliver,T,0,,2025,230,,63.3,71.5,,60.1,78,0,1,0,4,0,0,10,14,4,10,MO STATE,MO STATE,78,,
122775,Hunter Wood,WR,0,,2025,230,67.4,64.5,77.7,62.5,53.4,02,0,1,1,0,41,0,19,61,42,19,MO STATE,MO STATE,,75.7,
122822,Jefferson Boaz,QB,0,,2026,344,68.9,63.6,72.2,,60,11,0,1,5,0,0,4,10,19,5,14,W CAROLINA,W CAROLINA,,53.5,66.3
122948,Trevon West,WR,0,,2026,401,61,71.2,70.4,69.3,60.1,19,0,1,0,0,4,0,3,7,4,3,TARLETON,TARLETON,,,
122971,Jake Henry,G,0,,2026,301,,62.1,80.6,,58.9,56,0,1,0,47,0,0,34,81,47,34,STF AUSTIN,STF AUSTIN,72.6,,
122983,Trent Pullen,T,0,,2026,100,,70.8,77.8,,60.8,57,0,1,0,59,0,0,30,89,59,30,ABILENE CH,ABILENE CH,82.9,,
123002,Jaylon Barden,WR,0,,2026,282,62.9,67.7,73.8,66.8,60.7,82,0,1,0,0,14,0,8,22,14,8,SAMFORD,SAMFORD,,,
123047,Steven Mahar Jr.,TE,0,,2026,155,61,59.4,75.6,68.9,52.6,10,0,1,0,8,5,0,23,36,13,23,DUQUESNE,DUQUESNE,72,,
123050,JaCobian Morgan,QB,0,,2026,194,16.9,39.3,76.3,,60,15,0,1,21,0,0,8,28,57,21,36,JACKSON ST,JACKSON ST,,38,52.1
123167,Zach Blanchard,G,0,,2025,139,,54.5,75,,57.9,70,0,1,0,7,0,0,14,21,7,14,CITADEL,CITADEL,12.2,,
123170,Tyler Cherry,WR,0,,2025,139,61,65.7,77.7,65.7,61.1,88,0,1,0,0,16,0,32,48,16,32,CITADEL,CITADEL,,,
123173,Saul Diaz,TE,0,,2026,139,62.9,48.5,75.5,56,48.5,80,0,1,0,2,12,0,41,55,14,41,CITADEL,CITADEL,52.3,,
123190,Cameron Moewe,T,0,,2025,139,,57.9,18.6,,60.6,71,1,1,0,21,0,0,49,70,21,49,CITADEL,CITADEL,62.4,,
123202,Graeson Underwood,TE,0,,2025,139,65.5,61.4,66.7,,60,18,0,1,0,0,0,2,1,3,0,3,CITADEL,CITADEL,,,60.1
123234,Joseph Solomon,T,1,,2026,158,,53.8,76.9,,58.1,78,1,1,0,37,0,0,36,73,37,36,E ILLINOIS,E ILLINOIS,39.7,,
123276,Sincere Brown,WR,0,2026,2026,131,61,51.9,79,51.6,61.6,09,0,1,0,0,39,0,22,61,39,22,CAMPBELL,CAMPBELL,,,
123307,Isaiah Davis,WR,0,,2026,301,62.9,52.5,75.2,55.6,43.9,14,0,1,0,0,12,0,13,25,12,13,STF AUSTIN,STF AUSTIN,,,
123326,Cameron Peters,QB,0,,2026,270,70.2,50.5,76.2,54,60,03,0,1,37,0,2,3,14,56,39,17,PRVIEW A&M,PRVIEW A&M,,47.7,62.8
123340,Derrell Bailey Jr.,T,0,2026,2026,157,,68.2,76,,63.8,71,0,1,0,24,0,0,31,55,24,31,E TENN ST,E TENN ST,77,,
123354,Jonathan Kuhler,C,0,,2026,133,,58.6,79.8,,57.7,64,0,1,0,37,0,0,35,72,37,35,CENT CT ST,CENT CT ST,59.7,,
123365,Carl Smith,WR,0,,2025,277,61,62,75,62.4,55,00,0,1,0,0,12,0,7,19,12,7,ROB MORRIS,ROB MORRIS,,,
123384,Christian Forbes,T,0,,2026,184,,65.2,76.2,,58,77,0,1,0,35,0,0,17,52,35,17,HOWARD,HOWARD,74.5,,
123528,Jacob Thielen,G,0,,2025,100,,72.3,80,,67.6,59,0,1,0,59,0,0,30,89,59,30,ABILENE CH,ABILENE CH,91.6,,
123539,Andre Hines Jr.,HB,0,,2026,338,14.3,47,70.3,60,58.3,05,0,1,0,1,1,4,4,10,2,8,WAGNER,WAGNER,72.7,,48.5
123555,Marquez Bell,WR,0,,2026,164,62.9,63.3,73.1,62.8,60.3,04,0,1,0,0,9,0,5,14,9,5,FL A&M,FL A&M,,,
123588,Matthew Akuchie,WR,0,,2025,348,62.9,87.2,74.6,83.9,72.8,19,0,1,0,0,6,0,15,21,6,15,WM & MARY,WM & MARY,,,
123629,Josh Guilford,WR,0,,2026,348,,58.9,70,59.6,60,10,0,1,0,0,1,0,4,5,1,4,WM & MARY,WM & MARY,,,
123744,Tony Forrest Jr.,G,0,,2025,177,,46.7,70.1,58.7,48.2,85,0,1,0,0,1,0,11,12,1,11,GRAMBLING,GRAMBLING,,,
123753,Stephen Martin,WR,0,,2025,282,64.1,65.9,77.7,65.3,60.3,18,0,1,0,0,18,0,13,31,18,13,SAMFORD,SAMFORD,,,
123767,Ira Armstead,ED,0,,2025,158,,60,60,,60,D00,0,1,0,0,0,0,1,1,0,1,E ILLINOIS,E ILLINOIS,,,
123810,Isaiah Foote,G,0,,2025,345,,63.9,79.4,,56.6,66,0,1,0,48,0,0,25,73,48,25,W ILLINOIS,W ILLINOIS,87.5,,
123838,Ryan Stubblefield,QB,0,,2026,290,14.5,53.9,1.1,,60,02,1,1,18,0,0,3,14,35,18,17,SCAR STATE,SCAR STATE,,56.1,58.8
123871,Sean Brown,QB,0,,2026,317,69.6,72.9,77,,60,09,0,1,42,0,0,1,26,69,42,27,TOWSON,TOWSON,,71.2,64.5
123872,Will Buchanan,T,0,,2026,137,,49.7,76.3,,41.3,78,0,1,0,33,0,0,21,54,33,21,CHATTNOOGA,CHATTNOOGA,68.9,,
123969,Nick Turner,CB,0,,2026,177,,60,60,,60,D11,0,1,0,0,0,0,2,2,0,2,GRAMBLING,GRAMBLING,,,
124047,RJ Adams,T,0,,2027,246,,43.5,77.2,,41.5,52,0,1,0,44,0,0,30,74,44,30,NC A&T,NC A&T,45.7,,
124088,Tre Bradford,HB,0,,2026,177,16.2,61.8,70.7,57.4,60,00,0,1,0,1,3,5,1,10,4,6,GRAMBLING,GRAMBLING,72.9,,61.6
124228,Ger-Cari Caldwell,WR,0,,2026,246,12,51.4,0,52.8,61.4,01,1,1,0,0,48,0,29,77,48,29,NC A&T,NC A&T,,,
124272,Jacob Brigman,G,0,,2025,171,,60,65,,60,67,0,1,0,0,0,0,1,1,0,1,GARD-WEBB,GARD-WEBB,,,
124356,Chase Lloyd,S,0,,2026,164,,60,60,,60,D12,0,1,0,0,0,0,1,1,0,1,FL A&M,FL A&M,,,
125047,Jett Sutton,S,0,,2028,249,,58.1,60,57.7,,D33,0,1,0,0,1,0,0,1,1,0,N DAKOTA,N DAKOTA,,,
125281,Seth Anderson,T,0,,2026,249,,58.6,76.6,,49.4,71,0,1,0,42,0,0,25,67,42,25,N DAKOTA,N DAKOTA,73.2,,
125295,Hayden Johnston,C,0,,2025,250,,56.7,73.9,,56.2,59,0,1,0,3,0,0,10,13,3,10,N DAK ST,N DAK ST,72.9,,
125298,TK Marshall,HB,0,,2025,250,66.7,62.2,70.9,56.3,60,28,0,1,0,1,7,2,1,11,8,3,N DAK ST,N DAK ST,72.6,,62.9
125299,Cam Miller,QB,0,2025,2025,250,68.6,79.4,76.2,,60,07,0,1,28,0,0,1,28,57,28,29,N DAK ST,N DAK ST,,73.4,74.7
125300,Mason Miller,T,0,2025,2025,250,,70.1,76.1,,66.9,73,0,1,0,28,0,0,29,57,28,29,N DAK ST,N DAK ST,72.5,,
125309,Joe Stoffel,TE,0,,2025,250,64.1,75.2,74.9,79.3,58.1,82,0,1,0,1,18,0,17,36,19,17,N DAK ST,N DAK ST,67.8,,
125310,Tyler Terhark,WR,0,,2025,250,64.1,66.8,74.9,66.6,59.2,06,0,1,0,0,7,0,12,19,7,12,N DAK ST,N DAK ST,,,
125314,Grey Zabel,T,1,2025,2025,250,,74.4,76.6,,72.4,74,2,1,0,28,0,0,29,57,28,29,N DAK ST,N DAK ST,70.4,,
125321,Sam Davis,G,0,,2025,277,,58.4,76.5,,56.8,73,0,1,0,19,0,0,15,34,19,15,ROB MORRIS,ROB MORRIS,61.8,,
125693,Peyton Kramer,WR,0,,2026,401,61,74.4,66.5,70.8,,80,0,1,0,0,3,0,0,3,3,0,TARLETON,TARLETON,,,
126530,Karate Brenson,WR,0,,2026,308,67.1,75.7,76.2,74.7,60.7,00,0,1,0,0,26,0,14,40,26,14,TENN STATE,TENN STATE,,,
126978,Tate Taylor,TE,0,,2026,282,,50.9,73.5,54.5,48.7,41,0,1,0,13,2,0,14,29,15,14,SAMFORD,SAMFORD,68.9,,
127093,Brady Anderson,C,1,,2026,338,,59.5,0,,59.4,71,2,1,0,44,0,0,19,63,44,19,WAGNER,WAGNER,82.4,,
127151,Jordan Nabors,WR,1,,2026,301,68,56.1,77.6,56.7,62.1,18,1,1,0,0,38,1,21,60,38,22,STF AUSTIN,STF AUSTIN,,,57.5
127156,Caleb Flores,G,0,,2027,189,,57.3,76,,55.9,73,0,1,0,16,0,0,13,29,16,13,INCAR WORD,INCAR WORD,59.2,,
127157,Lance Mason,TE,0,2026,2026,230,65,58.2,74.8,58.7,55.2,85,0,1,0,2,20,0,9,31,22,9,MO STATE,MO STATE,67.8,,
127178,Jack Ziebell,C,0,,2028,253,,64.2,78.2,,63.7,63,0,1,0,22,0,0,24,46,22,24,N COLORADO,N COLORADO,58.1,,
128015,Taj Butts,HB,0,,2026,155,77.3,59,76.1,57.2,,00,0,1,0,9,16,22,0,47,25,22,DUQUESNE,DUQUESNE,80.6,,58.4
128018,TJ Woodley,FB,0,,2026,313,,58.5,71.3,,57.1,48,0,1,0,1,0,0,4,5,1,4,TEXAS STHN,TEXAS STHN,70,,
128080,Onuma Dieke,WR,0,,2025,162,66.2,66.8,76.5,66.4,60.1,14,0,1,0,0,23,0,18,41,23,18,ELON,ELON,,,
128084,Joe Horn,C,0,,2025,212,,55.9,0,,60.7,70,1,1,0,43,0,0,18,61,43,18,MAINE,MAINE,55.4,,
128173,Joseph Church,T,0,,2025,228,,49.5,76.7,,51.3,75,0,1,0,33,0,0,34,67,33,34,MS VLY ST,MS VLY ST,43,,
128176,Logan Fife,QB,0,,2026,232,68.9,87.7,0,,60,12,1,1,17,0,0,3,15,35,17,18,MONTANA,MONTANA,,84.4,74.6
128185,Matt Lowe,TE,0,,2026,235,,50,73.8,57.1,56.1,86,0,1,0,1,3,0,13,17,4,13,MORGAN ST,MORGAN ST,27.2,,
128216,Dayton Toney,WR,0,,2025,232,,35.9,64.8,46,,85,0,1,0,0,1,0,0,1,1,0,MONTANA,MONTANA,,,
128227,Jonah Chong,QB,0,,2026,253,62.7,53,67.4,,60,06,0,1,3,0,0,0,1,4,3,1,N COLORADO,N COLORADO,,52.9,
128287,Connor Witthoft,TE,0,,2026,151,,59.5,68.6,,58.9,41,0,1,0,0,0,0,4,4,0,4,DELAWARE,DELAWARE,,,
128323,Shamar Garrett,WR,0,,2026,1285,22.2,44.9,77.8,49.9,60.6,04,0,1,0,0,32,2,9,43,32,11,UTAHTC,UTAHTC,,,43.8
128960,Mason Jones,G,0,,2026,125,,58.3,80.6,,59.3,73,1,1,0,52,0,0,26,78,52,26,BUCKNELL,BUCKNELL,47.4,,
129405,Reid Williams,C,0,,2026,137,,57.6,79.3,,50.9,64,0,1,0,39,0,0,24,63,39,24,CHATTNOOGA,CHATTNOOGA,83.3,,
129428,Blaise Sparks,T,0,,2025,151,,71,77.4,,67.2,67,0,1,0,31,0,0,39,70,31,39,DELAWARE,DELAWARE,75,,
129484,Josh Volk,G,0,,2026,255,,68.1,77.9,,64.7,71,0,1,0,27,0,0,22,49,27,22,N IOWA,N IOWA,85.6,,
129523,Khristopher Love,G,1,,2026,1139,,43.5,0,,58.2,50,2,1,0,9,0,0,6,15,9,6,TXAMEA,TXAMEA,80,,
129529,Zach Perkins,G,0,,2026,178,,53.6,76.1,,55.3,71,0,1,0,18,0,0,8,26,18,8,HAMPTON,HAMPTON,45.9,,
129563,Carter Peevy,QB,0,,2026,212,70,63.9,20.3,54.3,60.1,11,2,1,42,0,1,2,16,61,43,18,MAINE,MAINE,,66.7,57.3
129598,Noah Stewart,T,0,,2025,161,,69.1,69.2,,68.9,75,0,1,0,1,0,0,6,7,1,6,E WASHGTON,E WASHGTON,70.4,,
129600,Jake Thaw,WR,0,,2026,151,66.2,77.4,76.6,75.7,61.9,15,0,1,0,1,16,0,10,27,17,10,DELAWARE,DELAWARE,62.1,,
129612,Donovan Eaglin,HB,0,,2025,104,77.5,75.8,76,71,58.5,07,0,1,0,2,13,23,2,40,15,25,ALAB A&M,ALAB A&M,76.2,,74.2
129658,Tyrell Lawrence,G,0,,2030,104,,63.3,79.8,,60.1,73,0,1,0,47,0,0,38,85,47,38,ALAB A&M,ALAB A&M,74.6,,
129712,Eli Simonson,T,0,,2026,322,,59.1,77.4,,53.9,70,0,1,0,44,0,0,27,71,44,27,UC DAVIS,UC DAVIS,65.9,,
129795,Mason Stahl,WR,0,,2025,280,,59.5,73.7,60,60,02,0,1,0,0,1,0,3,4,1,3,SACR HEART,SACR HEART,,,
129847,Khalan Griffin,HB,0,,2025,204,77,71.2,75.2,65.7,68.2,06,0,1,0,5,9,21,4,39,14,25,LAMAR,LAMAR,79.4,,68.2
129883,Beau Lanzidelle,G,0,,2026,385,,60,64.1,,60,75,0,1,0,0,0,0,1,1,0,1,MERRIMACK,MERRIMACK,,,
129904,Kevin Schaeffer,TE,0,,2027,274,,43.9,70.4,,52.6,88,0,1,0,2,0,0,4,6,2,4,RHODE ISLD,RHODE ISLD,25.7,,
130273,John Hartman,G,0,,2025,142,,65,78.9,,59.1,78,0,1,0,45,0,0,21,66,45,21,COLGATE,COLGATE,86.1,,
130340,Donny Marcus,HB,0,,2027,133,70.5,64.2,72.5,55.2,,20,0,1,0,5,8,5,0,18,13,5,CENT CT ST,CENT CT ST,91,,64
130423,AJ Urbaniak,G,0,,2026,385,,58,79.2,,53.6,64,0,1,0,30,0,0,42,72,30,42,MERRIMACK,MERRIMACK,85.3,,
130440,Cade Klimczak,C,0,,2026,232,,60.3,79.3,,59.5,72,0,1,0,33,0,0,29,62,33,29,MONTANA,MONTANA,59,,
130454,Jason Eaton,T,0,,2025,310,,55.1,76.9,,63.9,76,0,1,0,40,0,0,23,63,40,23,TENN MARTN,TENN MARTN,34.1,,
130513,James Burns,WR,0,,2025,270,66.2,54.5,79.2,55.7,45.7,00,0,1,0,0,53,0,18,71,53,18,PRVIEW A&M,PRVIEW A&M,,,
130544,Drew Cassens,TE,0,,2026,127,,54.2,0.5,54.5,61.7,07,1,1,0,12,6,0,43,61,18,43,BUTLER,BUTLER,54.3,,
130549,Billy Dozier,HB,0,,2025,127,66.3,75.5,70.6,77.2,60,03,0,1,0,0,2,2,4,8,2,6,BUTLER,BUTLER,,,63.4
130553,Dustin Fletcher,QB,0,,2029,139,67.3,55.6,67.4,,60,01,0,1,0,0,0,3,1,4,0,4,CITADEL,CITADEL,,,57.3
130556,Patrick Hoffmann,WR,0,,2025,292,,58.1,71.6,59.3,59.6,86,0,1,0,0,1,0,7,8,1,7,S DAK ST,S DAK ST,,,
130608,Keegan Wilburn,WR,0,,2025,124,,58,64.8,59.3,,06,0,1,0,0,1,0,0,1,1,0,BRYANT,BRYANT,,,
130644,Mitch Bartol,TE,0,,2025,188,61,53.4,74.5,48,64.6,89,0,1,0,4,22,0,16,42,26,16,ILL STATE,ILL STATE,75.3,,
131436,Elijah Bowser,T,0,,2026,310,,51.3,76.4,,48.8,79,0,1,0,40,0,0,23,63,40,23,TENN MARTN,TENN MARTN,53.4,,
131443,Jayden Becks,HB,0,,2028,230,15.2,38,74.5,29.7,60,05,0,1,0,2,16,6,2,26,18,8,MO STATE,MO STATE,10.4,,44.8
131607,Evan Burkhart,WR,0,,2025,129,64.1,70.9,75.7,70,59.7,09,0,1,0,0,16,0,7,23,16,7,CAL POLY,CAL POLY,,,
131668,Chris Street,HB,0,,2026,1285,73.1,71.4,75.8,63.1,56.8,03,0,1,0,7,14,10,7,38,21,17,UTAHTC,UTAHTC,79.7,,71.9
131676,Caleb Fauria,TE,0,,2026,151,,66.3,0,50.9,83.8,12,1,1,0,6,19,0,32,57,25,32,DELAWARE,DELAWARE,72.1,,
131724,Cooper Shults,TE,0,,2025,283,,77.6,70.8,56.8,80.8,47,0,1,0,1,3,0,7,11,4,7,SAN DIEGO,SAN DIEGO,65.3,,
131808,Bradley Schlom,WR,0,,2026,283,65,72,78.4,71.5,62,86,0,1,0,0,31,0,23,54,31,23,SAN DIEGO,SAN DIEGO,,,
131885,Braedon Wissler,HB,0,,2026,298,68.9,72.4,71.2,57.5,60,21,0,1,0,4,4,2,2,12,8,4,SO UTAH,SO UTAH,78.1,,70.1
131910,Sawyer Racanelli,WR,0,,2026,232,65,66,78.9,65.6,60.4,09,0,1,0,0,30,0,24,54,30,24,MONTANA,MONTANA,,,
131932,Victor Gabalis,QB,0,,2026,401,67.4,91.7,75.9,,60,11,0,1,22,0,0,0,31,53,22,31,TARLETON,TARLETON,,91.2,64.1
131963,Donivan Wright,WR,0,,2026,104,70.7,69.5,0,70.9,62.6,14,1,1,0,0,32,0,17,49,32,17,ALAB A&M,ALAB A&M,,,
132433,Caleb Carter,T,0,,2026,344,,65.9,78.2,,58.2,75,0,1,0,49,0,0,42,91,49,42,W CAROLINA,W CAROLINA,82.7,,
132434,Colby Cross,LS,0,,2025,344,,60,64.7,,60,S48,0,1,0,0,0,0,2,2,0,2,W CAROLINA,W CAROLINA,,,
132437,Keenan Hambrick,WR,0,,2026,104,67.5,73.7,80.4,73.1,62.6,06,0,1,0,0,47,0,38,85,47,38,ALAB A&M,ALAB A&M,,,
132441,Calvin Jones,WR,0,,2026,344,,55.2,73.9,55.2,60.8,03,0,1,0,0,8,0,8,16,8,8,W CAROLINA,W CAROLINA,,,
132721,Trenton Leary,WR,0,,2027,313,72.2,66.2,79.3,65.8,61.7,12,0,1,0,0,26,0,31,57,26,31,TEXAS STHN,TEXAS STHN,,,
132972,Jestus Johnson,G,0,,2026,152,,50.7,0,,55.9,55,2,1,0,35,0,0,37,72,35,37,DELWARE ST,DELWARE ST,67,,
133096,Kamden Sixkiller,QB,0,,2028,217,66.5,32.8,72.7,,60,06,0,1,10,0,0,1,11,22,10,12,MCNEESE,MCNEESE,,31.8,55.6
133667,Quincy Hughes,T,1,,2026,350,,72.9,3.5,,87.5,71,2,1,0,25,0,0,20,45,25,20,WOFFORD,WOFFORD,48.4,,
134081,MJ Flowers,HB,0,,2027,158,77.8,66.1,75.7,77.5,60,04,0,1,0,12,17,24,1,54,29,25,E ILLINOIS,E ILLINOIS,70.4,,62.5
134531,Jonny Bottorff,C,0,,2025,252,,69.5,79.2,,64.6,62,0,1,0,26,0,0,34,60,26,34,N ARIZONA,N ARIZONA,82.7,,
134539,Shen Butler Lawson Jr,HB,0,,2025,191,77,57.4,78,69.5,58.3,09,0,1,0,9,31,21,8,69,40,29,INDIANA ST,INDIANA ST,45.9,,54.2
134762,Jay Jones,WR,0,,2026,295,,59.9,70.9,54.2,82.9,13,0,1,0,0,7,0,2,9,7,2,S ILLINOIS,S ILLINOIS,,,
136856,Braelon Bridges,HB,0,,2027,401,71.9,75.8,69.8,60,,08,0,1,0,0,1,8,0,9,1,8,TARLETON,TARLETON,,,72.9
136866,Darius Cooper,WR,0,2025,2025,401,66.2,75,79.8,74.5,61.6,06,1,1,0,0,22,0,31,53,22,31,TARLETON,TARLETON,,,
136896,Marvin Landy,TE,0,,2027,194,,54.3,77.9,52.5,58.4,88,0,1,0,3,12,0,35,50,15,35,JACKSON ST,JACKSON ST,68.4,,
136927,Kyle Weber,TE,0,,2025,401,,52.2,71.8,,53.4,41,1,1,0,0,0,0,19,19,0,19,TARLETON,TARLETON,,,
138032,Cooper Willman,WR,0,,2026,158,72.1,61.9,79.3,59.8,73,13,0,1,0,1,36,0,34,71,37,34,E ILLINOIS,E ILLINOIS,63.9,,
138062,Damonta Witherspoon,HB,0,,2025,282,74.1,67.6,76.8,64.6,57.3,31,0,1,0,9,26,12,9,56,35,21,SAMFORD,SAMFORD,80.7,,68.2
138071,Tramel Brown II,G,0,,2026,107,,56.7,78.8,,53.5,55,1,1,0,22,0,0,41,63,22,41,ALCORN ST,ALCORN ST,77.4,,
138095,Jalen Rouse,HB,0,,2025,308,,59.8,66.1,,58.8,22,0,1,0,0,0,0,3,3,0,3,TENN STATE,TENN STATE,,,
138107,Hunter Barnhart,TE,0,,2025,309,61.9,44.5,74.3,49.2,45.1,88,0,1,0,5,10,0,22,37,15,22,TENN TECH,TENN TECH,73.6,,
138121,Nate Hodnett,C,0,,2025,309,,55.7,79.5,,60.2,66,0,1,0,34,0,0,33,67,34,33,TENN TECH,TENN TECH,31.2,,
138129,Ashton Maples,WR,0,,2025,309,61,58.1,75.9,54.3,78.4,11,0,1,0,0,16,0,12,28,16,12,TENN TECH,TENN TECH,,,
138182,Zoe Roberts,WR,0,,2026,310,61,46.5,73.3,48.5,56.6,06,0,1,0,0,9,0,5,14,9,5,TENN MARTN,TENN MARTN,,,
138187,Josiah Tingley,G,0,,2026,310,,56.2,79.7,,48.6,62,0,1,0,40,0,0,23,63,40,23,TENN MARTN,TENN MARTN,77.3,,
138198,Micah Barnhart,G,0,,2026,188,,55.2,80,,48.4,69,0,1,0,43,0,0,27,70,43,27,ILL STATE,ILL STATE,76.4,,
138202,Javon Charles,TE,0,,2026,188,61.9,50.3,72.4,49.3,57.2,85,0,1,0,1,9,0,6,16,10,6,ILL STATE,ILL STATE,67.3,,
138214,Brett Spaulding,TE,0,,2026,188,,60.5,67.5,,60.6,81,0,1,0,0,0,0,5,5,0,5,ILL STATE,ILL STATE,,,
138226,Mark Hutchinson,G,0,,2026,230,,56,76.5,,56.2,72,0,1,0,19,0,0,8,27,19,8,MO STATE,MO STATE,47.4,,
138230,Bo Belquist,WR,0,,2025,249,68.2,77.9,78.7,77.1,60.3,01,0,1,0,0,41,0,22,63,41,22,N DAKOTA,N DAKOTA,,,
138239,Jack Ihry,TE,0,,2026,249,,58.6,68.6,,56.1,30,0,1,0,0,0,0,2,2,0,2,N DAKOTA,N DAKOTA,,,
138245,Jack Kuntz,G,0,,2025,249,,60.9,79.7,,56.5,73,0,1,0,41,0,0,23,64,41,23,N DAKOTA,N DAKOTA,74.2,,
138252,Marcus Preston,WR,0,,2025,292,61,81.7,74.2,81.3,60.5,02,0,1,0,0,3,0,14,17,3,14,S DAK ST,S DAK ST,,,
138255,Isaiah Smith,HB,0,,2025,249,70.7,64.5,72.9,38.1,60,29,0,1,0,5,7,6,3,21,12,9,N DAKOTA,N DAKOTA,76.4,,68.8
138259,Quincy Vaughn,TE,0,,2025,249,64.3,78.9,73.8,72.7,65,04,0,1,0,5,14,1,8,28,19,9,N DAKOTA,N DAKOTA,72.1,,63.3
138268,Hayden Amos,C,0,,2025,255,,57.9,78.4,,52.5,79,0,1,0,27,0,0,22,49,27,22,N IOWA,N IOWA,83,,
138269,Blake Anderson,G,0,,2026,255,,61,78.8,,56.5,65,0,1,0,27,0,0,22,49,27,22,N IOWA,N IOWA,79.2,,
138279,Tysen Kershaw,WR,0,,2026,255,61,55.6,75.9,53.9,74.6,13,0,1,0,0,22,0,14,36,22,14,N IOWA,N IOWA,,,
138297,Devon Cole Jr.,WR,0,,2025,292,,55.9,74.3,56.6,56.5,15,0,1,0,0,3,0,16,19,3,16,S DAK ST,S DAK ST,,,
138298,A.J. Coons,WR,0,,2025,291,,53.1,76.3,53.5,,10,0,1,0,0,13,0,0,13,13,0,S DAKOTA,S DAKOTA,,,
138303,Mark Gronowski,QB,0,2026,2026,292,68.4,86.6,75.2,,60,11,0,1,19,0,0,2,23,44,19,25,S DAK ST,S DAK ST,,83.5,69
138309,Jalen Lee,G,0,,2026,292,,59.2,0,,65.3,54,1,1,0,3,0,0,16,19,3,16,S DAK ST,S DAK ST,74.3,,
138312,Gus Miller,C,0,,2025,292,,75.8,78.8,,71.4,50,0,1,0,20,0,0,33,53,20,33,S DAK ST,S DAK ST,74.9,,
138348,David Metzler,G,0,,2025,353,,60,64.3,,60,73,0,1,0,0,0,0,1,1,0,1,YNGTOWN ST,YNGTOWN ST,,,
138352,Aidan Parker,G,0,,2025,353,,61,80.3,,53.3,56,0,1,0,46,0,0,30,76,46,30,YNGTOWN ST,YNGTOWN ST,88.1,,
138358,Brandan Serrano,TE,0,,2025,353,61,49.7,74.2,32.6,63.8,15,0,1,0,0,7,0,21,28,7,21,YNGTOWN ST,YNGTOWN ST,,,
138405,Julian Bumper,HB,0,,2026,162,62.5,55,69.5,56.6,60,08,0,1,0,2,4,1,1,8,6,2,ELON,ELON,76.2,,56.7
138416,Daniel Moyer,HB,0,,2026,277,29.1,59.9,76.7,53.6,59.8,09,0,1,0,2,27,17,5,51,29,22,ROB MORRIS,ROB MORRIS,76.9,,61
138427,Jack Forsyth,T,0,,2025,252,,60.6,71.3,,60,77,0,1,0,0,0,0,14,14,0,14,N ARIZONA,N ARIZONA,,,
138431,Kasey Hawthorne,WR,0,,2025,184,66,53.7,77.1,53.8,62.1,03,0,1,0,0,29,1,12,42,29,13,HOWARD,HOWARD,,,59.6
138434,Jarett Hunter,HB,0,,2025,184,73.2,56.7,74.6,44.2,59.7,02,0,1,0,5,14,10,2,31,19,12,HOWARD,HOWARD,63.7,,60.4
138996,Bryson Irby,HB,0,,2025,157,74.8,72.9,76.1,75.1,58.5,07,0,1,0,4,9,14,5,32,13,19,E TENN ST,E TENN ST,73.9,,70.5
139011,Trey Richburg,G,0,,2025,247,,59.8,72.2,,58.2,65,0,1,0,4,0,0,4,8,4,4,NC CENT,NC CENT,76.3,,
139013,Braxton Shipp,T,0,,2026,157,,46.8,0,,53.3,64,1,1,0,9,0,0,16,25,9,16,E TENN ST,E TENN ST,64.3,,
139032,Blake Hundley,T,0,,2025,170,,56.1,17.5,,55.2,65,1,1,0,29,0,0,41,70,29,41,FURMAN,FURMAN,73.1,,
139048,E.J. Wilson,G,0,,2025,170,,64.7,75.4,,62.4,69,0,1,0,8,0,0,12,20,8,12,FURMAN,FURMAN,80.8,,
139051,Riley Adcock,C,0,,2025,219,,59.3,78.4,,55.9,64,0,1,0,24,0,0,24,48,24,24,MERCER,MERCER,75.8,,
139055,Parker Wroble,WR,0,,2025,219,16.4,53.4,77.4,55.9,45.9,10,0,1,0,0,17,1,18,36,17,19,MERCER,MERCER,,,59.6
139057,Alex Applefield,LS,0,,2026,282,,60,60,,60,S61,0,1,0,0,0,0,1,1,0,1,SAMFORD,SAMFORD,,,
139060,Zach Brown,T,0,,2025,282,,43.2,78.2,,40,77,1,1,0,54,0,0,42,96,54,42,SAMFORD,SAMFORD,52.2,,
139062,Wesley Carlock,WR,0,,2026,282,61,54.3,78,52,70,85,0,1,0,0,22,0,11,33,22,11,SAMFORD,SAMFORD,,,
139071,Cooper Frazier,C,0,,2026,282,,66.7,80.8,,60.4,57,0,1,0,54,0,0,42,96,54,42,SAMFORD,SAMFORD,82,,
139072,Donovan Hawkins,T,0,,2025,282,,53.2,78.5,,40.7,79,1,1,0,54,0,0,42,96,54,42,SAMFORD,SAMFORD,78.3,,
139101,Julio DaSilva,WR,0,,2025,336,65,71.1,77.8,69.1,74.6,09,0,1,0,0,31,0,11,42,31,11,VA MILT IN,VA MILT IN,,,
139106,Cole Holtz,C,0,,2025,336,,46,0,,45.5,68,1,1,0,37,0,0,24,61,37,24,VA MILT IN,VA MILT IN,73.5,,
139131,Carlos Davis,QB,0,,2025,317,61.8,46.1,66.6,,60,07,0,1,2,0,0,0,1,3,2,1,TOWSON,TOWSON,,46.2,
139148,Ryan Ingram,HB,0,,2026,350,24.8,62.7,74.7,55.6,56.3,12,0,1,0,1,8,12,1,22,9,13,WOFFORD,WOFFORD,70.8,,63.7
139150,Briggs Kearse,G,0,,2025,350,,57.6,0,,66.6,73,1,1,0,25,0,0,20,45,25,20,WOFFORD,WOFFORD,36.5,,
139348,Desmond Moultrie,HB,0,,2026,194,,60,63.5,,60,21,0,1,0,0,0,0,1,1,0,1,JACKSON ST,JACKSON ST,,,
139357,Errick Simmons,WR,0,,2026,194,61,81.4,64.1,74.2,,17,0,1,0,0,1,0,0,1,1,0,JACKSON ST,JACKSON ST,,,
139371,Mike Chandler II,QB,0,,2026,131,71.1,49.2,20.6,,60,01,1,1,39,0,0,5,20,64,39,25,CAMPBELL,CAMPBELL,,52.6,53.4
139381,Devyn Gibbs,TE,0,,2026,204,65,63.2,75.7,68.6,51.5,81,0,1,0,3,19,0,27,49,22,27,LAMAR,LAMAR,69.8,,
139392,Marcques Mayo,T,0,,2026,177,,50.9,70,,,70,0,1,0,8,0,0,0,8,8,0,GRAMBLING,GRAMBLING,24.5,,
139408,Connor Venetis,TE,0,,2025,243,,54,67.9,53,59.8,88,0,1,0,0,3,0,2,5,3,2,NICHOLLS,NICHOLLS,,,
139438,James Louis,HB,0,,2025,234,78.2,69.7,75.6,53.5,59.5,07,0,1,0,4,15,26,2,47,19,28,MOREHEAD,MOREHEAD,49.8,,70.2
139445,Jaxsen Spears,C,0,,2025,234,,63,79.4,,59.3,53,0,1,0,28,0,0,37,65,28,37,MOREHEAD,MOREHEAD,79,,
139449,James Wayne,T,0,,2025,234,,54.8,76.5,,49.9,54,0,1,0,28,0,0,37,65,28,37,MOREHEAD,MOREHEAD,71.7,,
139460,Collin Guggenheim,HB,0,,2025,243,72,62.1,72.7,65.7,,19,0,1,0,0,11,8,0,19,11,8,NICHOLLS,NICHOLLS,,,60.8
139461,Nathan Hebb,TE,0,,2025,243,,39.9,74.5,36.1,54.4,43,0,1,0,0,15,0,16,31,15,16,NICHOLLS,NICHOLLS,37.6,,
139469,Reed Lambert,T,0,,2025,243,,60.2,6.8,,58.6,61,1,1,0,33,0,0,19,52,33,19,NICHOLLS,NICHOLLS,76.8,,
139474,Lee Negrotto,TE,0,,2025,243,,50.8,75.1,49.6,57.6,09,0,1,0,0,16,0,14,30,16,14,NICHOLLS,NICHOLLS,,,
139478,Evan Roussel,C,0,,2025,243,,65,79.4,,57.9,71,0,1,0,41,0,0,22,63,41,22,NICHOLLS,NICHOLLS,84.9,,
139486,Corey Warren Jr.,HB,0,,2026,243,70.7,56,73.9,63.2,31.8,30,1,1,0,0,14,6,1,21,14,7,NICHOLLS,NICHOLLS,,,59.5
139492,Scooter Adams,HB,0,,2025,270,68.1,61.3,71.5,56.9,,06,0,1,0,1,5,3,0,9,6,3,PRVIEW A&M,PRVIEW A&M,72.7,,61.6
141280,Ty Hyde,T,0,,2025,186,,66.4,77.3,,61.7,72,0,1,0,59,0,0,21,80,59,21,IDAHO ST,IDAHO ST,69.4,,
141298,Cannon Panfiloff,T,0,,2026,232,,43.4,76.9,,58.9,69,0,1,0,33,0,0,29,62,33,29,MONTANA,MONTANA,2.2,,
141317,Kobe Tracy,QB,0,,2025,186,45.2,63.2,77.5,,60,16,0,1,59,0,0,5,16,80,59,21,IDAHO ST,IDAHO ST,,61.2,63.5
141376,Anthony Chiccitt,QB,0,,2026,277,28.3,71.1,76.2,60,60,16,0,1,28,0,1,2,27,58,29,29,ROB MORRIS,ROB MORRIS,,69.7,63.9
141416,Dorian Anderson,WR,0,,2025,293,65.7,66.5,0,69,49.9,06,1,1,0,0,42,0,35,77,42,35,SE MO ST,SE MO ST,,,
141520,Jett Carpenter,TE,0,,2027,161,,75.5,76.2,51.3,81.3,85,0,1,0,1,10,0,35,46,11,35,E WASHGTON,E WASHGTON,65.4,,
141521,Efton Chism III,WR,0,2025,2025,161,69.7,88.6,77.5,86.2,78.8,07,0,1,0,0,17,0,45,62,17,45,E WASHGTON,E WASHGTON,,,
141525,Wyatt Hansen,T,0,,2025,161,,83.8,76.7,,78.8,61,0,1,0,17,0,0,44,61,17,44,E WASHGTON,E WASHGTON,84,,
141526,Justice Jackson,HB,0,,2025,186,68.2,66.5,69.8,79.9,,21,0,1,0,5,1,1,0,7,6,1,IDAHO ST,IDAHO ST,79.2,,59.7
141532,Brandon Montoya,HB,0,,2025,161,65.5,71.6,68.7,59.5,,43,0,1,0,0,1,2,0,3,1,2,E WASHGTON,E WASHGTON,,,69.2
141535,Brenden Rivera,G,0,,2025,161,,63.8,78.7,,61.5,64,0,1,0,17,0,0,46,63,17,46,E WASHGTON,E WASHGTON,83.9,,
141546,Nate Azzopardi,G,1,,2026,185,,66.6,0,,69.7,74,1,1,0,32,0,0,33,65,32,33,IDAHO,IDAHO,72.3,,
141594,Maika Heck,TE,0,,2026,133,,58.7,67.1,59.6,59.8,83,0,1,0,0,1,0,3,4,1,3,CENT CT ST,CENT CT ST,,,
141603,Jack O'Connor,G,0,,2026,131,,64.1,78.9,,63.5,77,0,1,0,39,0,0,25,64,39,25,CAMPBELL,CAMPBELL,64.2,,
141623,Ethen Cluff,WR,0,,2026,252,62.5,64.3,70.9,57.4,59.9,82,0,1,0,0,2,1,5,8,2,6,N ARIZONA,N ARIZONA,,,63.5
141653,Kody Say,WR,0,,2026,252,,60.7,70.4,,60.9,86,0,1,0,0,0,0,6,6,0,6,N ARIZONA,N ARIZONA,,,
141661,Xander Werner,TE,0,,2025,252,62.9,90.8,72,91.1,70.2,13,0,1,0,0,2,0,16,18,2,16,N ARIZONA,N ARIZONA,,,
141663,Jake Woods,TE,0,,2026,129,61,56.6,75.1,59.6,58.6,07,0,1,0,0,16,0,8,24,16,8,CAL POLY,CAL POLY,19.2,,
141671,Collin Gardner,T,0,,2025,298,,43.7,77.4,,39.1,73,0,1,0,34,0,0,36,70,34,36,SO UTAH,SO UTAH,59,,
141731,Myles Crawley,QB,0,,2025,177,68.8,53.2,76,,60,07,0,1,30,0,0,1,21,52,30,22,GRAMBLING,GRAMBLING,,49.7,63.3
141743,Dylan Creech,TE,0,,2026,105,,67.7,69.9,59.2,70.8,40,0,1,0,0,1,0,4,5,1,4,ALABAMA ST,ALABAMA ST,,,
141758,Rolando Jones,T,0,,2025,112,,51.1,77.1,,52,51,0,1,0,40,0,0,26,66,40,26,ARKAPB,ARKAPB,44.7,,
141763,Calvin Lester III,G,0,,2026,228,,59.5,79,,57.1,73,0,1,0,33,0,0,34,67,33,34,MS VLY ST,MS VLY ST,66.4,,
141764,Christon Love,C,0,,2025,112,,62,79.4,,56,74,0,1,0,40,0,0,26,66,40,26,ARKAPB,ARKAPB,82.2,,
141787,Kobe Dillon,HB,0,,2026,297,25.7,47.3,72.9,55.6,60,09,0,1,0,0,7,13,1,21,7,14,SOUTHERN U,SOUTHERN U,,,48.8
141796,Traveon Newsome,G,0,,2026,189,,62.5,80,,56.9,70,0,1,0,35,0,0,32,67,35,32,INCAR WORD,INCAR WORD,87,,
141802,Gregory Perkins,TE,0,,2025,244,64.1,67.8,75.9,73.2,54.7,09,0,1,0,5,16,0,29,50,21,29,NORFOLK,NORFOLK,70.1,,
141838,Michael Mansaray,HB,0,,2026,332,75.5,62.4,76.4,55.4,54.1,07,0,1,0,0,8,16,7,31,8,23,VALPO,VALPO,,,63.4
141844,Bryce Henderson,T,0,2026,2026,291,,78.3,76.6,,76.4,55,0,1,0,25,0,0,38,63,25,38,S DAKOTA,S DAKOTA,70.7,,
141853,Zach Witte,TE,0,,2026,291,61,72.2,71.6,75.3,55.5,89,0,1,0,0,4,0,8,12,4,8,S DAKOTA,S DAKOTA,,,
141913,Ludovick Choquette,HB,0,,2025,1298,69.9,67.1,72.9,87.5,59.3,09,0,1,0,0,3,5,3,11,3,8,LIUSHAR,LIUSHAR,,,62.3
141965,Jyrin Johnson,TE,0,,2026,313,65,78.8,78.7,75.1,70.7,07,0,1,0,3,22,0,29,54,25,29,TEXAS STHN,TEXAS STHN,70.8,,
141971,Mehdi Torrence,C,0,,2025,313,,60.5,79.7,,55.2,68,0,1,0,33,0,0,35,68,33,35,TEXAS STHN,TEXAS STHN,83.9,,
141985,Geor'Terrius Spivey,G,0,,2025,177,,49.1,0,,80.3,55,4,1,0,20,0,0,10,30,20,10,GRAMBLING,GRAMBLING,53.7,,
142050,Landon Ruggieri,WR,0,,2025,124,67.5,79.5,78.7,77.9,73,05,0,1,0,0,55,0,28,83,55,28,BRYANT,BRYANT,,,
142060,Ryan Clark,HB,0,,2026,124,64.8,56.5,68.5,64.8,,02,0,1,1,0,2,1,0,4,3,1,BRYANT,BRYANT,,58,57.3
142087,Payton Rhoades,WR,0,,2026,280,63.7,63.6,77.8,66.6,57.6,17,0,1,1,0,15,0,34,50,16,34,SACR HEART,SACR HEART,,,57.3
142089,Jalen Madison,HB,0,,2025,280,77,68,76.2,45.6,59,00,1,1,0,2,9,21,4,36,11,25,SACR HEART,SACR HEART,74.7,,68.5
142093,Cody Wilson,G,0,,2025,280,,63,77.9,,60,78,0,1,0,16,0,0,33,49,16,33,SACR HEART,SACR HEART,85.7,,
142103,Quinn Hart,CB,0,,2025,280,,60,60,,60,D08,0,1,0,0,0,0,1,1,0,1,SACR HEART,SACR HEART,,,
142156,Cooper Hutton,WR,0,,2025,322,61,55.1,77.5,55.5,55.7,01,0,1,0,0,30,0,18,48,30,18,UC DAVIS,UC DAVIS,,,
142157,Lan Larison,HB,0,2025,2025,322,77.5,81.9,79.1,86.6,60,03,0,1,1,3,34,23,1,62,38,24,UC DAVIS,UC DAVIS,74.8,60.4,75.7
142166,Andrew Rumary,T,0,,2025,322,,60,64.4,,59.6,71,0,1,0,0,0,0,1,1,0,1,UC DAVIS,UC DAVIS,,,
142195,Steven Thomas,T,0,,2026,270,,35.2,28,,50.2,77,1,1,0,65,0,0,24,89,65,24,PRVIEW A&M,PRVIEW A&M,21.2,,
142206,Roy Alexander,WR,0,,2027,189,67.4,73.7,0,74.4,60.5,09,1,1,0,0,34,1,29,64,34,30,INCAR WORD,INCAR WORD,,,63.1
142214,Tyson Foster,G,0,,2025,338,,60.6,0,,57.1,53,1,1,0,44,0,0,19,63,44,19,WAGNER,WAGNER,88.8,,
142219,Will Marotta,G,0,,2025,106,,56.8,80.1,,53.2,72,0,1,0,60,0,0,28,88,60,28,ALBANY,ALBANY,60.4,,
142225,Jackson Parker,WR,0,,2026,106,,60,71.4,60,60.7,10,0,1,0,0,1,0,5,6,1,5,ALBANY,ALBANY,,,
142247,Brock Gingrich,C,0,,2025,151,,71.7,79.9,,70.4,55,0,1,0,32,0,0,40,72,32,40,DELAWARE,DELAWARE,58.5,,
142268,Patrick Shupp,G,0,,2026,151,,74.2,80.2,,72.2,71,0,1,0,32,0,0,40,72,32,40,DELAWARE,DELAWARE,86.5,,
142272,Marcus Yarns,HB,0,2025,2025,151,75.8,74.4,75.5,54.9,59.1,21,0,1,0,7,7,17,7,38,14,24,DELAWARE,DELAWARE,28.1,,75.7
142282,Trevin Ewing,WR,0,,2026,212,68.9,56.2,72.7,55.1,60,02,0,1,0,0,9,2,1,12,9,3,MAINE,MAINE,,,60.8
142290,Montigo Moss,WR,0,,2025,212,65.9,75.5,77,73.2,55.8,81,0,1,1,0,34,0,10,45,35,10,MAINE,MAINE,,,64.3
142298,Derek Robertson,QB,0,,2026,231,68.3,95.1,76.3,,60.5,12,0,1,25,0,0,1,28,54,25,29,MONMOUTH,MONMOUTH,,95.2,60
142312,Caleb Burke,WR,0,,2026,240,68.1,74.2,76,73.8,54.3,08,0,1,0,0,34,0,10,44,34,10,NEW HAMP,NEW HAMP,,,
142313,Dominic Cavanagh,LB,0,,2026,240,,60,60,,60,D28,0,1,0,0,0,0,1,1,0,1,NEW HAMP,NEW HAMP,,,
142314,Joey Corcoran,WR,0,,2026,240,66.8,64,78.9,60.4,83.8,15,0,1,0,0,44,0,17,61,44,17,NEW HAMP,NEW HAMP,,,
142317,Mason Davis,T,0,,2026,240,,60.8,77,,57.8,69,0,1,0,48,0,0,25,73,48,25,NEW HAMP,NEW HAMP,62.4,,
142337,Josiah Silver,ED,0,,2025,240,62.5,64.5,60,,,D08,1,1,0,0,0,1,0,1,0,1,NEW HAMP,NEW HAMP,,,62.7
142340,Brendan Tighe,S,0,,2026,240,,60,60,,60,D27,0,1,0,0,0,0,1,1,0,1,NEW HAMP,NEW HAMP,,,
142343,Gavin Urda,S,0,,2026,240,,60,60,,60,D34,0,1,0,0,0,0,1,1,0,1,NEW HAMP,NEW HAMP,,,
142347,Wayne Galloway,LB,0,,2025,276,,60,60,,60,D09,0,1,0,0,0,0,1,1,0,1,RICHMOND,RICHMOND,,,
142348,Jeremiah Grant,ED,0,,2025,276,,60,60,,60,D02,0,1,0,0,0,0,1,1,0,1,RICHMOND,RICHMOND,,,
142349,Chance Graves,CB,0,,2026,276,,60,60,,60,D37,0,1,0,0,0,0,1,1,0,1,RICHMOND,RICHMOND,,,
142363,Fonnae Webb,HB,0,,2026,244,67.3,59,72.5,54.3,59.9,10,0,1,0,1,13,3,4,21,14,7,NORFOLK,NORFOLK,8.2,,64.4
142364,Jasiah Williams,WR,0,,2025,303,69.1,54.8,78.5,54.2,63.2,05,0,1,0,0,35,0,27,62,35,27,STNY BROOK,STNY BROOK,,,
142365,Tedy Afful,WR,1,,2025,155,67.9,77.7,0,78.3,63.4,09,2,1,0,0,44,0,32,76,44,32,DUQUESNE,DUQUESNE,,,
142367,Cole Bunicci,TE,0,,2026,303,61,59.6,76.3,62.1,54.1,86,0,1,0,1,12,0,12,25,13,12,STNY BROOK,STNY BROOK,29.9,,
142372,Roland Dempster,HB,0,,2026,303,77.3,64.8,77.3,58.6,59.2,04,0,1,0,6,28,22,3,59,34,25,STNY BROOK,STNY BROOK,27.3,,67.5
142386,Collin Tunc,G,0,,2026,303,,59.1,79.9,,53.5,66,1,1,0,39,0,0,29,68,39,29,STNY BROOK,STNY BROOK,80.7,,
142391,Brendan Bell,LB,0,,2025,334,,64.4,66.6,57.7,67,D28,0,1,0,0,1,0,2,3,1,2,VILLANOVA,VILLANOVA,,,
142401,Ricky Ortega,QB,0,,2026,133,65.6,81,71,83.5,59.5,01,0,1,1,0,2,1,2,6,3,3,CENT CT ST,CENT CT ST,,60,59.9
142402,Jake Picard,C,0,,2026,334,,65,79.7,,61.5,69,0,1,0,39,0,0,32,71,39,32,VILLANOVA,VILLANOVA,72.6,,
142410,Charles Grant,T,1,2025,2025,348,,64,76.1,,59.3,60,1,1,0,19,0,0,32,51,19,32,WM & MARY,WM & MARY,78.9,,
142414,Malachi Imoh,HB,0,,2025,348,72.1,79.6,73.7,82.9,58.2,01,0,1,1,1,7,8,5,22,9,13,WM & MARY,WM & MARY,26.4,60.4,77.7
142417,DreSean Kendrick,WR,0,,2026,348,67.2,63.1,73.8,64.3,59.8,05,0,1,0,0,10,1,4,15,10,5,WM & MARY,WM & MARY,,,59
142420,JT Mayo,WR,0,,2025,348,62.9,65.1,77,62.1,73.3,03,0,1,0,0,16,0,23,39,16,23,WM & MARY,WM & MARY,,,
142421,Ryan McKenna,C,0,,2026,348,,68.5,78.6,,66.5,75,0,1,0,19,0,0,32,51,19,32,WM & MARY,WM & MARY,62.9,,
142452,Michael Fallah,G,0,,2027,155,,58.3,80.7,,55,78,0,1,0,47,0,0,34,81,47,34,DUQUESNE,DUQUESNE,65.5,,
142453,Joey Isabella,WR,0,,2026,155,65.7,67,79.2,66.5,61,05,0,1,0,0,44,0,23,67,44,23,DUQUESNE,DUQUESNE,,,
142458,Tyler Padezan,WR,0,,2025,155,,38.3,68.4,44.2,60,14,0,1,0,0,2,0,1,3,2,1,DUQUESNE,DUQUESNE,,,
142493,Jake Timm,C,0,,2026,1298,,70.4,79,,64.8,52,0,1,0,31,0,0,28,59,31,28,LIUSHAR,LIUSHAR,84.3,,
142497,Lemeko Mayes,WR,0,,2025,1298,,60,64.1,,60,80,0,1,0,0,0,0,1,1,0,1,LIUSHAR,LIUSHAR,,,
142515,Mason Buono,G,0,,2026,1298,,60,66.4,,60,58,0,1,0,0,0,0,2,2,0,2,LIUSHAR,LIUSHAR,,,
142519,Elias Batten,G,0,,2025,1298,,60,67,,60,77,0,1,0,0,0,0,3,3,0,3,LIUSHAR,LIUSHAR,,,
142525,Jacari Carter,WR,0,,2025,106,72.7,56.4,0,59.4,61.9,13,1,1,0,0,17,0,12,29,17,12,ALBANY,ALBANY,,,
142540,Ralph Paige Jr.,C,0,,2025,317,,67.4,1.7,,68.7,53,1,1,0,42,0,0,27,69,42,27,TOWSON,TOWSON,71.6,,
142545,LJ Robinson,WR,0,,2025,385,,53,75.2,53.7,56.4,02,0,1,0,0,12,0,11,23,12,11,MERRIMACK,MERRIMACK,,,
142575,Delvecchio Powell II,HB,0,,2025,277,20.3,51.4,72.3,58.1,60,22,0,1,0,1,7,7,1,16,8,8,ROB MORRIS,ROB MORRIS,13.8,,53.8
142608,Worth Warner,TE,0,,2025,271,66,77.8,75.6,67.2,77.3,84,0,1,0,0,26,1,13,40,26,14,PRESBYTERN,PRESBYTERN,,,63
142663,Chase Stafford,TE,0,,2025,338,,49.7,77.7,50,56.7,10,0,1,0,0,16,0,14,30,16,14,WAGNER,WAGNER,,,
142685,Antonio Williams,T,0,,2026,152,,73.1,77.6,,65.4,51,0,1,0,35,0,0,37,72,35,37,DELWARE ST,DELWARE ST,88,,
142724,Xavier Lankford,QB,0,,2026,104,62.5,58,63.6,,,16,0,1,0,0,0,1,0,1,0,1,ALAB A&M,ALAB A&M,,,59.2
142732,Israel Mukwiza,G,0,,2026,219,,54.7,78.7,,48.5,71,0,1,0,24,0,0,24,48,24,24,MERCER,MERCER,84.8,,
142734,Carson Vinson,T,0,2025,2025,104,,64.9,0,,67.9,76,2,1,0,47,0,0,38,85,47,38,ALAB A&M,ALAB A&M,78.2,,
142750,Jordan Cumberbatch,S,0,,2026,164,,60,60,,60,D29,0,1,0,0,0,0,1,1,0,1,FL A&M,FL A&M,,,
142767,Khalil Ellis,TE,0,,2026,290,,47.9,71.2,56.1,49.7,49,0,1,0,0,3,0,9,12,3,9,SCAR STATE,SCAR STATE,,,
142769,Cam Johnson,T,0,,2025,290,,61.6,76.3,,61.2,73,0,1,0,31,0,0,23,54,31,23,SCAR STATE,SCAR STATE,57.6,,
142770,Eric Brown,C,0,,2025,290,,63,78.7,,57.8,76,0,1,0,31,0,0,23,54,31,23,SCAR STATE,SCAR STATE,81.6,,
142771,Nick Taiste,G,0,,2025,290,,58.4,77.3,,55.9,78,0,1,0,27,0,0,15,42,27,15,SCAR STATE,SCAR STATE,64.2,,
142775,Justin Smith-Brown,WR,0,,2026,290,64.1,65.5,78.8,64.9,61.9,06,0,1,0,0,29,0,17,46,29,17,SCAR STATE,SCAR STATE,,,
142796,Austin Anderson,T,0,,2025,129,,67.7,77.2,,58,72,0,1,0,52,0,0,25,77,52,25,CAL POLY,CAL POLY,79,,
142801,Giancarlo Woods,WR,0,,2025,129,66.2,59.4,78.8,59.2,59,02,0,1,0,0,42,0,21,63,42,21,CAL POLY,CAL POLY,,,
142810,Michael Briscoe,WR,0,2026,2026,129,64.3,54.9,79.3,55.5,60.2,10,0,1,0,0,46,1,21,68,46,22,CAL POLY,CAL POLY,,,57.5
142834,Eric Aldridge Jr.,G,0,,2026,107,,50.2,71.9,,50.7,51,0,1,0,0,0,0,15,15,0,15,ALCORN ST,ALCORN ST,,,
142837,Darius Meeks,G,0,,2026,177,,66.4,76.4,,63.9,74,0,1,0,12,0,0,14,26,12,14,GRAMBLING,GRAMBLING,82.1,,
142932,Jack Neri,TE,0,,2026,231,61,54.3,77.8,63.1,47.9,86,0,1,0,2,12,0,30,44,14,30,MONMOUTH,MONMOUTH,69,,
142942,JT Cornelius,T,0,,2026,231,,74.6,75.8,,69.2,62,0,1,0,24,0,0,30,54,24,30,MONMOUTH,MONMOUTH,82.7,,
142970,Adam McKanna,G,0,,2025,274,,54,70.9,,60,70,0,1,0,5,0,0,1,6,5,1,RHODE ISLD,RHODE ISLD,11.9,,
142971,Jacob Otts,T,0,,2026,274,,60.8,75.5,,55.8,72,0,1,0,20,0,0,28,48,20,28,RHODE ISLD,RHODE ISLD,76.3,,
142990,Casey Stephenson,G,0,,2025,125,,60,67.5,,60,74,0,1,0,1,0,0,1,2,1,1,BUCKNELL,BUCKNELL,3.7,,
142992,Christian Tait,WR,0,,2025,338,61,70.3,74.6,69.1,60,18,0,1,0,0,18,0,3,21,18,3,WAGNER,WAGNER,,,
143019,William Parker,TE,0,,2025,142,64.1,68.1,75.6,70.6,54.6,44,1,1,0,4,15,0,10,29,19,10,COLGATE,COLGATE,69.6,,
143021,Bardhyl Gashi,C,0,,2025,142,,68,79.4,,60.6,77,0,1,0,48,0,0,18,66,48,18,COLGATE,COLGATE,84.2,,
143040,Cole Thornton,WR,0,,2025,168,68.8,59,0,63.7,47.4,06,1,1,0,0,18,0,26,44,18,26,FORDHAM,FORDHAM,,,
143042,Mekai Felton,WR,0,,2025,168,61,53.7,75.8,53.3,61.4,01,0,1,0,0,18,0,20,38,18,20,FORDHAM,FORDHAM,,,
143049,Cody Johnson,C,0,,2025,168,,60.2,79.4,,63.7,78,0,1,0,28,0,0,34,62,28,34,FORDHAM,FORDHAM,31.5,,
143061,Byron Shipman,WR,0,,2025,181,,49.8,0,53.8,57.8,11,1,1,0,0,14,0,25,39,14,25,HOLY CROSS,HOLY CROSS,,,
143063,Christo Kelly,C,0,,2027,181,,56.7,78.8,,55.6,56,0,1,0,21,0,0,35,56,21,35,HOLY CROSS,HOLY CROSS,64.4,,
143070,Quinton Gregory,WR,0,,2025,181,,55.9,73.6,55.5,61.2,00,0,1,0,0,6,0,12,18,6,12,HOLY CROSS,HOLY CROSS,,,
143093,Mason Gilbert,TE,0,,2026,212,62.9,75.6,74,78.4,47.5,88,0,1,0,1,14,0,6,21,15,6,MAINE,MAINE,63.9,,
143117,George Padezanin,C,0,,2025,205,,71.2,78.6,,66.6,56,0,1,0,23,0,0,30,53,23,30,LEHIGH,LEHIGH,80.9,,
143119,Jackson Wiles,G,0,,2025,205,,69.1,69.4,,69,66,0,1,0,0,0,0,3,3,0,3,LEHIGH,LEHIGH,,,
143138,Ben Banks-Altekruse,K,0,,2026,322,,60,63.4,,60,S41,0,1,0,0,0,0,1,1,0,1,UC DAVIS,UC DAVIS,,,
143141,Joey Suchy,HB,0,,2025,127,69.7,66.2,73.9,59.5,60.1,22,0,1,0,9,1,5,4,19,10,9,BUTLER,BUTLER,80.1,,63.7
143147,Owen Keane,G,0,,2025,127,,60.9,79.3,,59.4,62,0,1,0,27,0,0,45,72,27,45,BUTLER,BUTLER,65.1,,
143148,Fabian Gonzalez,T,0,,2025,127,,59.9,77,,56.8,66,0,1,0,27,0,0,45,72,27,45,BUTLER,BUTLER,69.6,,
143172,Luke Bailey,QB,0,,2026,153,69.2,80,76.2,,60,02,0,1,43,0,0,0,15,58,43,15,DRAKE,DRAKE,,78,63.2
143173,Hunter Johnson,WR,0,,2025,153,61,62.2,73.9,61.7,60.5,05,0,1,0,0,10,0,6,16,10,6,DRAKE,DRAKE,,,
143179,Jacob McCauley,WR,0,,2025,153,,55,67.1,56.4,,03,0,1,0,0,3,0,0,3,3,0,DRAKE,DRAKE,,,
143181,Eli Stewart,FB,0,,2025,153,,56.6,68.9,59.8,54.5,49,0,1,0,1,1,0,5,7,2,5,DRAKE,DRAKE,67.7,,
143182,Bennet Krebs,C,0,,2025,153,,54.6,79.3,,59.3,52,0,1,0,44,0,0,19,63,44,19,DRAKE,DRAKE,37.6,,
143186,Ross Palmer,T,0,,2025,153,,73.5,76.4,,66.5,68,0,1,0,44,0,0,19,63,44,19,DRAKE,DRAKE,82.1,,
143188,Isaac House,G,0,,2025,153,,77,77.5,,81.1,72,0,1,0,31,0,0,14,45,31,14,DRAKE,DRAKE,70.5,,
143190,Trey Radocha,WR,0,,2025,153,64.1,68.6,77.3,70.3,43.2,13,0,1,0,0,31,0,11,42,31,11,DRAKE,DRAKE,,,
143205,Tim Nesslage,TE,0,,2025,153,65,70.8,74.9,69.7,59.5,87,0,1,0,2,16,0,5,23,18,5,DRAKE,DRAKE,68,,
143206,Sam Rodriguez,TE,0,,2025,153,,47.2,68,,46,08,0,1,0,1,0,0,4,5,1,4,DRAKE,DRAKE,65.1,,
143255,Braden Contreras,WR,0,,2025,188,,60.3,69.2,,60,09,0,1,0,0,0,0,6,6,0,6,ILL STATE,ILL STATE,,,
143259,Tyler Eberhart,C,0,,2025,332,,62.7,77.9,,59.7,60,0,1,0,14,0,0,28,42,14,28,VALPO,VALPO,78.8,,
143261,Carter Woody,G,0,,2025,332,,52.3,78.2,,49,62,0,1,0,14,0,0,28,42,14,28,VALPO,VALPO,80.9,,
143264,Jeremiah Orr,T,0,,2027,178,,69.4,77.2,,66.7,70,0,1,0,42,0,0,37,79,42,37,HAMPTON,HAMPTON,69.6,,
143272,Jake Vickers,TE,0,,2025,332,,49.7,76.4,49.5,52.1,89,0,1,0,0,14,0,26,40,14,26,VALPO,VALPO,,,
143329,DePhabian Fant,HB,0,,2026,228,69.2,65.8,73.1,57.6,58.3,21,0,1,0,4,3,4,7,18,7,11,MS VLY ST,MS VLY ST,78.1,,65.5
143339,Jakobe Thomas,HB,0,,2025,228,73.6,61.7,75.2,61.4,59.3,05,0,1,0,6,11,11,6,34,17,17,MS VLY ST,MS VLY ST,75.8,,60.5
143343,Jacob Allen,G,0,,2026,236,,49.2,73.9,,58.5,79,0,1,0,14,0,0,6,20,14,6,MURRAY ST,MURRAY ST,14.4,,
143535,Isaiah Smith,HB,0,,2026,283,76,71.7,75.4,57,,15,0,1,0,4,17,17,0,38,21,17,SAN DIEGO,SAN DIEGO,76.7,,72.1
143557,Colter May,FB,0,,2026,342,61.9,60,67,,60,34,0,1,0,1,0,0,1,2,1,1,WEBER ST,WEBER ST,69.6,,
143705,Brandon Casey,T,0,,2025,232,,70.1,76.4,,69.6,66,1,1,0,33,0,0,29,62,33,29,MONTANA,MONTANA,63.9,,
143708,Erik Barker,TE,0,,2025,232,61,70.4,76.9,67.1,66.7,88,0,1,0,8,7,0,26,41,15,26,MONTANA,MONTANA,62.3,,
143717,Journey Grimsrud,G,0,,2025,232,,67.4,79,,66.4,76,0,1,0,33,0,0,29,62,33,29,MONTANA,MONTANA,71.1,,
143731,Jake Olson,TE,0,,2026,232,,48.8,71.2,59.5,43.1,87,1,1,0,1,1,0,6,8,2,6,MONTANA,MONTANA,61.1,,
143735,Liam Brown,G,0,2026,2026,232,,57.2,0,,56.2,79,1,1,0,29,0,0,19,48,29,19,MONTANA,MONTANA,85,,
143822,Xavier Coleman,HB,0,,2026,204,16.2,47,70.8,57.9,59.8,00,0,1,0,0,3,5,3,11,3,8,LAMAR,LAMAR,,,48.6
143889,Vance Nicklaus,TE,0,,2026,282,,60,60,,60,49,0,1,0,0,0,0,1,1,0,1,SAMFORD,SAMFORD,,,
143905,James BlackStrain,WR,0,,2028,230,62.9,66.3,76.8,65.7,60.7,10,0,1,0,0,28,0,10,38,28,10,MO STATE,MO STATE,,,
143940,Thad Franklin Jr.,HB,0,,2026,164,71,80.8,73.2,72.1,60,23,0,1,0,3,12,6,1,22,15,7,FL A&M,FL A&M,76.3,,81.9
144004,Cedd Seabrough,TE,0,,2026,1177,,51.9,0,53.8,65.7,07,1,1,0,1,9,0,17,27,10,17,W GEORGIA,W GEORGIA,65.1,,
144031,Cole Mitchell,TE,0,,2026,277,,56.3,73.8,48.2,64.6,88,0,1,0,4,14,0,16,34,18,16,ROB MORRIS,ROB MORRIS,69.8,,
144078,Bryce Goodner,G,0,,2025,137,,45.3,77.9,,36,68,0,1,0,32,0,0,19,51,32,19,CHATTNOOGA,CHATTNOOGA,69.6,,
144080,Elijah Howard,HB,0,,2026,133,77,55.9,76.5,47.8,51.7,07,0,1,0,3,19,21,4,47,22,25,CENT CT ST,CENT CT ST,77.7,,59.1
144156,Aaron Gunn,G,0,,2026,155,,62.4,78.1,,57.9,77,0,1,0,26,0,0,26,52,26,26,DUQUESNE,DUQUESNE,84.7,,
144171,Christian Pedersen,TE,0,,2027,234,61,58.4,76.6,62.9,55.6,80,0,1,0,8,15,0,35,58,23,35,MOREHEAD,MOREHEAD,53.9,,
144213,Dez Williams,WR,0,,2026,303,61,55.4,77,52.4,78.2,84,0,1,0,0,32,0,25,57,32,25,STNY BROOK,STNY BROOK,,,
144227,Christian Lowery,K,0,,2026,344,,60,64.8,,60,S96,0,1,0,0,0,0,1,1,0,1,W CAROLINA,W CAROLINA,,,
144233,Triston O'Brien,LS,0,,2026,191,,60,60,,60,S86,0,1,0,0,0,0,1,1,0,1,INDIANA ST,INDIANA ST,,,
144258,Carson Walker,T,0,,2025,100,,60,64.3,,,54,0,1,0,1,0,0,0,1,1,0,ABILENE CH,ABILENE CH,75.4,,
144301,Cameren Dalrymple,FB,0,,2027,246,66.7,48.3,73.8,52.8,59.8,23,0,1,0,10,12,2,2,26,22,4,NC A&T,NC A&T,16.5,,58.7
144359,Brandon Epton Jr.,HB,0,,2026,293,77.3,82.1,76.4,67,59,03,0,1,0,5,30,22,5,62,35,27,SE MO ST,SE MO ST,76.4,,83.8
144374,Jayleen Record,WR,0,,2026,342,61,61.9,72.7,61.5,60.5,04,0,1,0,0,13,0,4,17,13,4,WEBER ST,WEBER ST,,,
144383,Jaden Coffen,TE,0,,2027,235,,51.5,74.3,51.2,60,13,0,1,0,0,14,0,2,16,14,2,MORGAN ST,MORGAN ST,,,
144384,Malik Cooper,WR,0,,2026,338,70.2,60.6,71.9,55.4,60,16,0,1,0,0,5,3,2,10,5,5,WAGNER,WAGNER,,,63.9
144425,Hutson Lillibridge,G,0,,2026,230,,58.9,79.1,,56.6,58,0,1,0,43,0,0,25,68,43,25,MO STATE,MO STATE,61.9,,
144441,Scottie Alexander,WR,0,,2026,310,64.3,57.5,75.5,54.9,60.7,18,0,1,0,0,17,1,7,25,17,8,TENN MARTN,TENN MARTN,,,63.2
144472,Anthony Williams Jr.,HB,0,,2026,301,,57.8,68.2,57.1,60,08,0,1,0,2,3,0,1,6,5,1,STF AUSTIN,STF AUSTIN,75,,
144496,Dequan Stanley,WR,0,,2026,159,62.9,54.2,76.6,54,61.7,19,0,1,0,0,27,0,14,41,27,14,E KENTUCKY,E KENTUCKY,,,
144509,Javon Gipson,WR,0,,2026,100,61,64.4,75.6,65,55,19,0,1,0,0,15,0,8,23,15,8,ABILENE CH,ABILENE CH,,,
144540,Deon Silas,HB,0,,2025,274,68.6,58.7,70.5,56.2,60,20,0,1,0,1,4,4,1,10,5,5,RHODE ISLD,RHODE ISLD,71.8,,59.5
144545,Tristan Michaud,WR,0,,2025,291,,59.2,73.7,58.8,60.9,01,0,1,0,0,2,0,11,13,2,11,S DAKOTA,S DAKOTA,,,
144596,Xavier Loyd,WR,0,2026,2026,188,68.7,69.5,78.5,68.7,62.7,01,0,1,0,0,43,0,21,64,43,21,ILL STATE,ILL STATE,,,
144621,Cody Jackson,WR,0,,2027,401,64.1,78.3,76.3,78.2,61.2,02,0,1,0,0,18,0,28,46,18,28,TARLETON,TARLETON,,,
144625,Ralph Rucker IV,QB,0,,2026,125,70.2,76.3,77.6,,60,10,1,1,53,0,0,1,26,80,53,27,BUCKNELL,BUCKNELL,,75.2,63.2
144742,Tay Yanta II,C,0,,2026,100,,59.8,16.6,,56.6,70,1,1,0,59,0,0,30,89,59,30,ABILENE CH,ABILENE CH,78.8,,
144759,Nehemiah Martinez,WR,0,,2025,100,70.3,61.5,78.4,60.7,55.9,20,0,1,0,0,45,1,20,66,45,21,ABILENE CH,ABILENE CH,,,63.2
144760,Jed Castles,TE,0,,2026,100,61,62.1,76.3,60.1,62.4,88,0,1,0,0,16,0,15,31,16,15,ABILENE CH,ABILENE CH,,,
144830,Jaquez Smith,WR,0,,2027,230,,60,70.8,,59.6,19,0,1,0,0,0,0,6,6,0,6,MO STATE,MO STATE,,,
144855,Denin Limouris,TE,0,,2026,240,,60,68.1,,60,44,0,1,0,0,0,0,4,4,0,4,NEW HAMP,NEW HAMP,,,
144885,Zack Jackson,WR,0,,2025,317,61,58.1,70.3,58.4,59.9,10,0,1,0,0,3,0,2,5,3,2,TOWSON,TOWSON,,,
145128,Max Patterson,WR,0,,2026,151,64.1,67.4,75,66.4,62.5,00,0,1,0,0,15,0,11,26,15,11,DELAWARE,DELAWARE,,,
145195,Kobe Stewart,WR,0,,2027,119,,60,68.8,,60,80,0,1,0,0,0,0,3,3,0,3,BETH COOK,BETH COOK,,,
145243,Matthew McCallister,WR,0,,2026,217,72.6,56.7,71.4,57,60.3,12,0,1,0,0,3,0,6,9,3,6,MCNEESE,MCNEESE,,,
145244,Erron Mahoney-Bean,T,0,,2026,177,,82.9,74.7,,85.2,52,0,1,0,20,0,0,14,34,20,14,GRAMBLING,GRAMBLING,71.7,,
145247,Demarcus Gordon,T,0,,2025,107,,62.4,76.9,,62.6,71,0,1,0,19,0,0,37,56,19,37,ALCORN ST,ALCORN ST,54.4,,
145248,Julien Lewis,WR,0,,2025,177,62.9,63.7,75,63,61.3,19,0,1,0,0,12,0,7,19,12,7,GRAMBLING,GRAMBLING,,,
145318,B.K. Jackson,HB,0,,2026,1139,70.6,67.9,74.8,67.6,60,21,0,1,0,5,21,5,1,32,26,6,TXAMEA,TXAMEA,77.7,,68
145345,Jordan Bly,WR,0,2025,2025,171,62.9,51,0,53.3,60.7,05,1,1,0,0,32,0,16,48,32,16,GARD-WEBB,GARD-WEBB,,,
145350,Dominique Anthony,QB,0,,2026,235,66.8,29.9,74.3,60,60,06,0,1,18,0,1,0,16,35,19,16,MORGAN ST,MORGAN ST,,29.7,57.3
145352,Noah Robinson,WR,0,,2026,277,66.5,65.4,78.7,66.2,61.4,02,0,1,0,0,37,1,29,67,37,30,ROB MORRIS,ROB MORRIS,,,57.5
145365,Levi Wentz,WR,0,2026,2026,106,67.5,72,80.1,72,49.6,11,1,1,0,0,59,0,23,82,59,23,ALBANY,ALBANY,,,
145444,A.J. Gates,HB,0,,2026,105,25.3,54.2,74.1,58,60,23,0,1,0,1,11,11,2,25,12,13,ALABAMA ST,ALABAMA ST,0,,56.5
145451,Therion Cannon,G,0,,2026,344,,60.1,68.8,,60,60,0,1,0,2,0,0,1,3,2,1,W CAROLINA,W CAROLINA,73.2,,
145456,Brett Johnson,G,0,,2026,282,,60,60,,60,70,0,1,0,0,0,0,1,1,0,1,SAMFORD,SAMFORD,,,
145463,Teddy Davenport,WR,0,,2026,282,62.9,66.5,69.6,65.4,60,33,0,1,0,0,7,0,1,8,7,1,SAMFORD,SAMFORD,,,
145548,Knox Boyd,T,0,,2026,204,,55,0,,55.9,74,1,1,0,16,0,0,22,38,16,22,LAMAR,LAMAR,86.1,,
145677,Carson Williams,TE,0,,2026,250,,64.3,73,54.1,66.6,88,0,1,0,3,3,0,15,21,6,15,N DAK ST,N DAK ST,70.7,,
145679,Janik Ogunlade,T,0,,2026,164,,78.7,73.7,,77.8,73,0,1,0,15,0,0,13,28,15,13,FL A&M,FL A&M,75.8,,
145682,Khamran Laborn,HB,0,,2025,157,69.7,87,71,,60,23,0,1,0,1,0,5,1,7,1,6,E TENN ST,E TENN ST,70.8,,80.9
145690,Jamari Gassett,WR,0,,2025,164,70.3,72.5,75.7,71.8,59,02,0,1,0,0,22,0,12,34,22,12,FL A&M,FL A&M,,,
145763,Austin Smith,QB,0,,2026,116,70.6,76.9,76.3,,60.1,04,0,1,38,0,0,4,13,55,38,17,AUSTINPEAY,AUSTINPEAY,,73.9,68.2
145783,Shakhi Carson,HB,0,,2026,303,62.5,64.4,68.3,58.7,60,20,0,1,0,1,2,1,1,5,3,2,STNY BROOK,STNY BROOK,72.7,,63
145792,Pat McQuaide,QB,0,,2027,243,69.1,49.7,76.6,,60,07,0,1,41,0,0,0,22,63,41,22,NICHOLLS,NICHOLLS,,51,52.7
145892,Aramoni Rhone,WR,0,,2027,112,,55.3,72.9,55.8,60.1,84,0,1,0,0,6,0,3,9,6,3,ARKAPB,ARKAPB,,,
145895,Quintell Quinn,HB,0,,2027,313,70.5,58.8,70.9,59.7,,31,0,1,0,1,1,6,0,8,2,6,TEXAS STHN,TEXAS STHN,70.3,,58.8
145908,Andrew Vaught,T,0,,2026,350,,60,64.4,,60,69,0,1,0,0,0,0,1,1,0,1,WOFFORD,WOFFORD,,,
146023,Drake Martinez,TE,0,,2028,183,,51.6,70.4,59.6,49,15,0,1,0,2,1,0,4,7,3,4,HOUCHR,HOUCHR,71.2,,
146035,Jordan Hornbeak,HB,0,,2025,253,67.8,62.3,70.7,62.2,,02,0,1,0,0,5,3,0,8,5,3,N COLORADO,N COLORADO,,,61.6
146038,Pedro Timoteo,T,0,,2026,269,,52,77.4,43.8,58.5,76,0,1,0,23,0,0,47,70,23,47,PORTLAND,PORTLAND,36,,
146074,Nate Adams,T,1,,2026,301,,58.9,77.3,,54.7,73,2,1,0,47,0,0,34,81,47,34,STF AUSTIN,STF AUSTIN,65.8,,
146075,Jalen Walthall,WR,0,2026,2026,189,62.9,60.5,80.1,60.1,60.7,06,0,1,0,0,33,0,28,61,33,28,INCAR WORD,INCAR WORD,,,
146077,Ty Marsh,S,0,,2026,243,,60,60,,60,D06,0,1,0,0,0,0,1,1,0,1,NICHOLLS,NICHOLLS,,,
146102,Duece Jones,CB,0,,2025,177,,60,64.9,,60,D14,0,1,0,0,0,0,1,1,0,1,GRAMBLING,GRAMBLING,,,
146148,JP Murphy,TE,0,,2026,161,,63.1,73,56,68.1,87,0,1,0,0,3,0,13,16,3,13,E WASHGTON,E WASHGTON,,,
146211,Jordan Riles,WR,0,,2026,253,,54.3,71.9,55,60,81,0,1,0,0,8,0,2,10,8,2,N COLORADO,N COLORADO,,,
146213,Deamikkio Nathan,WR,0,,2026,230,,59.1,66.9,60,60,81,0,1,0,0,1,0,1,2,1,1,MO STATE,MO STATE,,,
146268,Lonyatta Alexander Jr.,WR,0,,2027,233,62.9,69.1,76.2,68.8,60.9,02,0,1,0,0,11,0,21,32,11,21,MONTANA ST,MONTANA ST,,,
146346,Carter Neuman,TE,0,,2026,124,61.9,61.4,70.3,53,70,13,0,1,0,0,6,0,2,8,6,2,BRYANT,BRYANT,,,
146387,Keontez Lewis,WR,0,,2026,295,67.4,68.2,0,73.2,44.1,01,1,1,0,0,28,1,15,44,28,16,S ILLINOIS,S ILLINOIS,,,57.7
146437,Hayden Erickson,TE,0,,2026,291,,64.5,74.9,51.8,65.9,46,0,1,0,2,6,0,33,41,8,33,S DAKOTA,S DAKOTA,70.9,,
146493,Anderson Grover,WR,0,,2025,279,72,65.9,79,65.4,60.6,26,0,1,0,0,56,0,17,73,56,17,SACRAMENTO,SACRAMENTO,,,
146509,Tsion Nunnally,WR,0,,2026,186,66.2,65.1,79.5,63.6,73.4,09,0,1,0,0,52,0,18,70,52,18,IDAHO ST,IDAHO ST,,,
146562,Seven McGee,WR,0,,2025,106,15.1,55.4,78.3,56.6,45.9,07,0,1,0,0,56,0,21,77,56,21,ALBANY,ALBANY,,,
146573,D.J. Rias,WR,0,,2025,282,70.1,73.2,76.5,72.4,59.5,07,0,1,0,2,39,2,24,67,41,26,SAMFORD,SAMFORD,67.9,,62.9
146577,Donnie Hardin,G,0,,2026,1298,,60,79.4,,59.4,67,0,1,0,31,0,0,28,59,31,28,LIUSHAR,LIUSHAR,57.1,,
146736,La'Vell Wright,HB,0,,2027,116,71.9,69.5,73,56.5,60,11,0,1,0,3,6,8,3,20,9,11,AUSTINPEAY,AUSTINPEAY,71.2,,68.8
146816,Erick Cade,T,0,,2026,230,,51.1,76.7,,58.5,74,0,1,0,43,0,0,15,58,43,15,MO STATE,MO STATE,36.4,,
146817,J.J. Henry,WR,0,,2026,100,65.7,68.4,77.9,68,59.8,04,0,1,0,0,45,0,16,61,45,16,ABILENE CH,ABILENE CH,,,
146841,Ke'Travion Hargrove,HB,0,,2026,177,71.3,71.1,72.1,54.2,60,09,0,1,0,2,11,7,1,21,13,8,GRAMBLING,GRAMBLING,70.5,,73.9
146873,Tyler Macon,WR,0,,2026,107,62.5,53.6,75,55.4,61.5,05,0,1,0,0,10,1,11,22,10,12,ALCORN ST,ALCORN ST,,,57.6
146914,Sam Reynolds,WR,0,,2026,317,61,62.1,75,61.6,61.1,12,0,1,0,0,11,0,8,19,11,8,TOWSON,TOWSON,,,
146940,Nigel Lanier,WR,0,,2026,177,,59,67.3,59.9,,80,0,1,0,0,1,0,0,1,1,0,GRAMBLING,GRAMBLING,,,
146956,Patrick Smith,HB,0,,2025,310,74.1,51.7,76.2,56.9,58.8,02,0,1,0,12,21,12,8,53,33,20,TENN MARTN,TENN MARTN,82.8,,48.2
147027,Jaden Lindsay,G,0,,2026,171,,55.4,72,,58.7,73,0,1,0,4,0,0,5,9,4,5,GARD-WEBB,GARD-WEBB,20.5,,
147030,Coen Sutton,WR,0,,2027,172,,63.2,72,55.9,83.3,11,0,1,0,0,4,0,1,5,4,1,GEORGETOWN,GEORGETOWN,,,
147055,Nason Simmons,G,0,,2027,309,,49.3,78.9,,40.9,65,0,1,0,34,0,0,33,67,34,33,TENN TECH,TENN TECH,86.5,,
147059,Omari Walker,WR,0,,2026,274,,54.2,73.9,54,60.5,11,0,1,0,0,11,0,4,15,11,4,RHODE ISLD,RHODE ISLD,,,
147079,Ty Lyles,WR,0,,2026,171,66.2,61.5,68.2,60.9,60,08,0,1,0,0,1,0,1,2,1,1,GARD-WEBB,GARD-WEBB,,,
147089,Chris Rhone,WR,0,,2026,135,61,66,79,61.1,82,03,0,1,0,0,26,0,34,60,26,34,CHARLES SO,CHARLES SO,,,
147091,Malachi Taylor,WR,0,,2026,139,61,51.3,0,54.1,62.1,05,1,1,0,0,17,0,25,42,17,25,CITADEL,CITADEL,,,
147110,Cam'Ron Ransom,QB,0,,2026,119,38.7,60.2,77.3,,60.3,01,0,1,45,0,0,3,25,73,45,28,BETH COOK,BETH COOK,,59,60.5
147176,Coby Cavil,WR,0,,2025,270,69.8,58.4,68.4,58.7,,04,0,1,0,0,5,0,0,5,5,0,PRVIEW A&M,PRVIEW A&M,,,
147286,Cameron Dye,T,0,,2026,295,,61.6,75.2,,46.8,60,1,1,0,30,0,0,16,46,30,16,S ILLINOIS,S ILLINOIS,87.9,,
147305,Laquan Veney,WR,0,,2027,246,68.8,65.4,75,64.8,60,11,0,1,0,0,29,0,6,35,29,6,NC A&T,NC A&T,,,
147375,Devontae Houston,HB,0,,2026,157,74,81.1,76,67.1,58.4,03,0,1,0,3,11,12,4,30,14,16,E TENN ST,E TENN ST,73,,80.7
147390,Brandon Niemenski,TE,0,,2026,1298,61,67.7,75.2,69.1,59.2,83,0,1,0,1,16,0,21,38,17,21,LIUSHAR,LIUSHAR,65.6,,
147415,Brady Olson,QB,0,,2026,133,70.5,51.5,24.9,56.7,60.1,12,1,1,36,0,1,4,31,72,37,35,CENT CT ST,CENT CT ST,,48.8,68.9
147417,Eni Falayi,TE,0,2026,2026,1285,65.7,64.8,80.3,69.4,43.1,11,0,1,0,4,33,0,18,55,37,18,UTAHTC,UTAHTC,37,,
147435,Jason Weir,TE,0,,2025,1470,61,57.3,71.9,71.3,49.2,82,0,1,0,1,8,0,14,23,9,14,STHLSK,STHLSK,38.9,,
147446,Ron Vann Jr.,WR,0,,2026,159,65,57.7,0,59.3,60,06,1,1,0,0,39,0,37,76,39,37,E KENTUCKY,E KENTUCKY,,,
147509,Brock Gunderson,C,0,,2025,161,,64.6,70.4,,64.8,51,0,1,0,1,0,0,4,5,1,4,E WASHGTON,E WASHGTON,70.3,,
147546,Tim Coutras,S,0,,2026,309,,60,60,,60,D20,0,1,0,0,0,0,1,1,0,1,TENN TECH,TENN TECH,,,
147560,Zion Hall,HB,0,,2026,129,71,61.5,73,73.2,,19,0,1,0,5,11,6,0,22,16,6,CAL POLY,CAL POLY,10.3,,64.9
147581,Michael Otterstedt,TE,0,,2026,129,,46.3,0,49.3,58.4,24,1,1,0,2,14,0,16,32,16,16,CAL POLY,CAL POLY,71.7,,
147588,Kekoa Visperas,QB,0,,2026,161,71.6,82.5,74.4,,60,00,0,1,16,0,0,8,12,36,16,20,E WASHGTON,E WASHGTON,,83,66.6
147591,Tuna Altahir,HB,0,,2027,161,71.9,68.4,75.1,53.7,64.1,05,0,1,0,0,9,8,22,39,9,30,E WASHGTON,E WASHGTON,,,70.1
147597,Messiah Jones,TE,0,,2025,161,,66.7,68.8,,65.3,80,0,1,0,0,0,0,7,7,0,7,E WASHGTON,E WASHGTON,,,
147624,Christian Fredericksen,WR,0,,2025,186,67.5,71.4,78.1,70.8,60.2,15,0,1,0,0,59,0,21,80,59,21,IDAHO ST,IDAHO ST,,,
147626,Benjamin Omayebu,WR,0,,2025,401,,52.1,74.8,51.3,60.2,10,0,1,0,0,22,0,12,34,22,12,TARLETON,TARLETON,,,
147642,Junior Bergen,WR,0,2025,2025,232,62.9,59.1,75.1,58.8,61.4,05,0,1,0,0,22,0,8,30,22,8,MONTANA,MONTANA,,,
147646,Tommy Mellott,QB,0,2025,2025,233,69.1,89.2,76.3,,60,04,0,1,27,0,0,2,31,60,27,33,MONTANA ST,MONTANA ST,,91.6,50.2
147656,Cole Snyder,T,0,,2026,151,,60,66.1,,60,77,0,1,0,1,0,0,1,2,1,1,DELAWARE,DELAWARE,66.9,,
147659,Titan Fleischmann,T,0,,2027,233,,75.2,12,,78.6,66,1,1,0,27,0,0,33,60,27,33,MONTANA ST,MONTANA ST,71.6,,
147692,Connor DePrez,G,0,,2026,252,,60.9,79.1,,57.7,57,0,1,0,26,0,0,34,60,26,34,N ARIZONA,N ARIZONA,78.5,,
147696,Seth Smith,T,0,,2027,252,,63.9,13.8,,61.1,76,1,1,0,26,0,0,34,60,26,34,N ARIZONA,N ARIZONA,87.1,,
147710,Jihad Marks,WR,0,,2026,217,61,82.8,65.6,75,60,14,0,1,0,0,1,0,1,2,1,1,MCNEESE,MCNEESE,,,
147714,Darius Stewart,HB,0,,2026,253,,60,62.7,60,,00,0,1,0,0,1,0,0,1,1,0,N COLORADO,N COLORADO,,,
147718,Frank Thompson,G,0,,2027,253,,63.6,77.7,,62.3,57,0,1,0,22,0,0,24,46,22,24,N COLORADO,N COLORADO,67.6,,
147719,James Betschart,G,0,,2026,253,,59.8,67.5,,59.7,65,0,1,0,0,0,0,2,2,0,2,N COLORADO,N COLORADO,,,
147724,Ethan Kramer,T,0,,2027,252,,66.2,77.8,,67.1,72,0,1,0,26,0,0,34,60,26,34,N ARIZONA,N ARIZONA,54.2,,
147732,Donovan Payne,TE,0,,2027,104,,49.5,75.3,54.7,49.3,84,0,1,0,0,6,0,15,21,6,15,ALAB A&M,ALAB A&M,,,
147751,Micah Nanninga,T,0,,2025,253,,60,66.1,,60,66,0,1,0,0,0,0,2,2,0,2,N COLORADO,N COLORADO,,,
147781,Devin Gandy,WR,0,,2026,279,62.9,60.4,73.6,60.3,,02,0,1,0,0,14,0,0,14,14,0,SACRAMENTO,SACRAMENTO,,,
147783,Jared Gipson,WR,0,,2025,279,68.2,73.7,79.7,73,59.3,08,0,1,0,0,56,0,17,73,56,17,SACRAMENTO,SACRAMENTO,,,
147784,Michael Johnson,HB,0,,2026,279,61.9,59.4,65.9,60,60,11,0,1,0,0,1,0,1,2,1,1,SACRAMENTO,SACRAMENTO,,,
147785,Elijah Tau-Tolliver,HB,0,2026,2026,279,74.6,60.6,0,59.4,58.7,04,1,1,0,12,33,13,4,62,45,17,SACRAMENTO,SACRAMENTO,82.9,,61.6
147792,Aidan Meek,T,0,,2026,279,,63.9,20.6,,62.1,74,1,1,0,56,0,0,18,74,56,18,SACRAMENTO,SACRAMENTO,74.1,,
147794,Sawyer Hays,T,0,,2026,279,,59.9,77.6,,53.4,72,0,1,0,56,0,0,18,74,56,18,SACRAMENTO,SACRAMENTO,65.2,,
147798,Kaden Richardson,C,0,,2025,279,,57.6,80,,56.8,79,0,1,0,56,0,0,18,74,56,18,SACRAMENTO,SACRAMENTO,56.5,,
147830,Jackson Berry,QB,0,,2026,298,70.9,76.4,77,,60,03,0,1,34,0,0,5,31,70,34,36,SO UTAH,SO UTAH,,77.2,60.5
147834,Kyle Sfarcioc,G,0,,2027,298,,60,79.2,,60.7,64,0,1,0,34,0,0,36,70,34,36,SO UTAH,SO UTAH,48.1,,
147837,Jessie Campbell III,WR,0,,2026,217,64.1,56.6,0,61.4,48,05,2,1,0,0,16,0,18,34,16,18,MCNEESE,MCNEESE,,,
147854,Damon Bankston,HB,0,2026,2026,342,25.2,63,76.1,74.4,60,01,0,1,0,1,18,11,1,31,19,12,WEBER ST,WEBER ST,69.6,,57.7
147895,RJ Jackson,WR,0,,2026,131,,57.5,64.8,59.1,,17,0,1,0,0,1,0,0,1,1,0,CAMPBELL,CAMPBELL,,,
147911,Landon Sauers,TE,0,,2026,135,63.6,74.1,70.8,76.8,59.7,12,0,1,0,0,6,0,4,10,6,4,CHARLES SO,CHARLES SO,,,
147914,Jack Rowland,C,0,,2025,135,,49.9,0,,50.2,65,1,1,0,26,0,0,34,60,26,34,CHARLES SO,CHARLES SO,82.1,,
147920,Vinson Davis III,WR,0,,2026,295,68.5,59.4,74.3,61.1,59.4,00,0,1,0,0,18,1,7,26,18,8,S ILLINOIS,S ILLINOIS,,,57.4
147950,Jonathan Burns,TE,0,,2025,157,,59,79.2,52.1,63.5,18,1,1,0,7,11,0,29,47,18,29,E TENN ST,E TENN ST,75.1,,
147957,Maleek Huggins,WR,0,,2028,119,71.8,67,79.1,66.8,58.2,09,0,1,0,0,41,0,25,66,41,25,BETH COOK,BETH COOK,,,
147999,David Dutra,T,0,,2026,231,,47.9,76.3,,46.2,60,0,1,0,25,0,0,30,55,25,30,MONMOUTH,MONMOUTH,54.7,,
148000,TJ Lewis,C,0,,2025,231,,70.4,78.8,,65.5,79,0,1,0,25,0,0,30,55,25,30,MONMOUTH,MONMOUTH,82.1,,
148001,T.J. Speight,WR,0,,2026,231,67.4,87.5,75.1,85.9,60.7,01,0,1,0,0,17,0,15,32,17,15,MONMOUTH,MONMOUTH,,,
148013,Adrian Hawkins,G,0,,2026,291,,87.8,78.9,,88.8,59,0,1,0,25,0,0,38,63,25,38,S DAKOTA,S DAKOTA,82.2,,
148028,Tommy Rittenhouse,QB,0,,2026,188,70.5,79.2,76.9,,60,16,0,1,43,0,0,3,24,70,43,27,ILL STATE,ILL STATE,,81.9,52.1
148031,Wenkers Wright,HB,0,,2026,188,74.5,70,75.4,56.7,,32,0,1,0,8,23,13,0,44,31,13,ILL STATE,ILL STATE,81.7,,72.2
148032,Daniel Sobkowicz,WR,0,2026,2026,188,67.8,81.4,78.7,80.2,61.3,02,0,1,0,0,38,0,17,55,38,17,ILL STATE,ILL STATE,,,
148033,Scotty Presson Jr.,TE,0,,2026,188,61.9,51.9,75.8,52.2,60,11,0,1,0,1,16,0,4,21,17,4,ILL STATE,ILL STATE,68.7,,
148039,Ryan Gudaitis,C,0,,2026,188,,57.3,79.7,,55.7,75,0,1,0,43,0,0,27,70,43,27,ILL STATE,ILL STATE,61,,
148041,JK Carter,WR,0,,2026,236,68.6,76.4,77.8,76.2,57.7,02,0,1,0,0,35,0,24,59,35,24,MURRAY ST,MURRAY ST,,,
148043,Cameron Nelson,WR,0,,2026,228,64.1,64.3,77.4,63.8,61.8,17,0,1,0,0,32,0,31,63,32,31,MS VLY ST,MS VLY ST,,,
148076,Griffin Comer,C,0,,2025,191,,62.1,80.2,,56.7,65,0,1,0,46,0,0,32,78,46,32,INDIANA ST,INDIANA ST,79,,
148081,Ethan Chambers,WR,0,,2025,191,65,53.3,0,56.4,47.8,85,1,1,0,0,42,0,29,71,42,29,INDIANA ST,INDIANA ST,,,
148082,Lance Rees,TE,0,,2026,191,,49.7,73.5,51.8,56.3,87,0,1,0,3,8,0,13,24,11,13,INDIANA ST,INDIANA ST,29.7,,
148090,Joey Shew,ED,0,,2025,191,,60,71.8,,60,D27,0,1,0,0,0,0,1,1,0,1,INDIANA ST,INDIANA ST,,,
148116,Gary Clinton,TE,0,,2026,230,,39.1,74.6,36.6,53.2,87,0,1,0,1,19,0,10,30,20,10,MO STATE,MO STATE,63.3,,
148126,Simon Romfo,QB,0,,2026,249,71.2,69.7,76.7,,60,06,0,1,42,0,0,6,18,66,42,24,N DAKOTA,N DAKOTA,,65.6,67.3
148130,Gaven Ziebarth,HB,0,,2026,249,69.7,57.8,73.2,56,,28,0,1,0,7,8,5,0,20,15,5,N DAKOTA,N DAKOTA,40.9,,60.1
148133,Jaden Norby,TE,0,,2025,249,60.3,45.4,72.4,50.7,55.7,43,0,1,1,2,5,0,17,25,8,17,N DAKOTA,N DAKOTA,69.3,49.6,
148136,Sam Hagen,T,0,2026,2026,292,,50.4,75.9,,50.9,76,0,1,0,20,0,0,33,53,20,33,S DAK ST,S DAK ST,48.7,,
148137,Nick Kupfer,WR,0,,2026,249,64.1,70.6,78.8,70.7,55.7,80,0,1,0,0,24,0,8,32,24,8,N DAKOTA,N DAKOTA,,,
148138,Nate DeMontagnac,WR,1,,2026,249,,43.6,0,47.3,62.2,84,1,1,0,0,22,0,10,32,22,10,N DAKOTA,N DAKOTA,,,
148142,Clayton Bishop,CB,0,,2026,249,,60,65,,,D05,0,1,0,1,0,0,0,1,1,0,N DAKOTA,N DAKOTA,60.9,,
148151,Bryce Lance,WR,0,2026,2026,250,64.1,68.7,77,68,61.3,05,0,1,0,0,21,0,14,35,21,14,N DAK ST,N DAK ST,,,
148156,Barika Kpeenu,HB,0,2026,2026,250,73.1,90.3,72.9,55.1,60,08,0,1,0,2,8,10,1,21,10,11,N DAK ST,N DAK ST,73.5,,90.4
148158,Truman Werremeyer,TE,0,,2026,250,62.9,62.7,75.1,66,54.8,46,0,1,0,1,11,0,17,29,12,17,N DAK ST,N DAK ST,71.1,,
148162,Chris Harris,WR,0,,2026,250,64.1,68.7,76,66,76.9,19,0,1,0,0,15,0,9,24,15,9,N DAK ST,N DAK ST,,,
148164,Finn Diggins,TE,0,,2026,250,,54.9,67.1,59.6,55.9,89,0,1,0,0,1,0,3,4,1,3,N DAK ST,N DAK ST,,,
148177,Matt Morrissey,QB,0,,2025,159,71.9,65.8,77.8,,60,04,0,1,44,0,0,7,33,84,44,40,E KENTUCKY,E KENTUCKY,,60.2,67.4
148181,Aidan Dunne,QB,0,,2026,255,70.1,79.3,75.6,,60,10,0,1,27,0,0,4,18,49,27,22,N IOWA,N IOWA,,75.3,70.1
148184,Layne Pryor,TE,0,2025,2025,255,64.1,82.5,76.6,77,76.3,45,0,1,0,2,23,0,22,47,25,22,N IOWA,N IOWA,68.6,,
148191,Sergio Morancy,WR,0,,2025,255,68.1,53.3,0,54.4,75.6,21,1,1,0,0,21,0,19,40,21,19,N IOWA,N IOWA,,,
148192,Tay Norman,WR,0,,2027,255,61,58,70.4,58.3,60,84,0,1,0,0,4,0,1,5,4,1,N IOWA,N IOWA,,,
148197,Derek Anderson,TE,0,,2026,255,,44.3,72.1,53.4,47.2,88,0,1,0,1,4,0,10,15,5,10,N IOWA,N IOWA,34.4,,
148202,Jack Martens,WR,0,,2026,291,62.5,52.2,75.3,53.7,33.4,15,1,1,0,0,11,1,11,23,11,12,S DAKOTA,S DAKOTA,,,64.3
148203,Javion Phelps,WR,0,,2026,291,62.9,58.8,73.1,58.7,60.2,08,0,1,0,0,7,0,4,11,7,4,S DAKOTA,S DAKOTA,,,
148204,Nate Thomas,HB,0,,2026,185,74.4,63.9,75.1,54.3,60,28,0,1,0,4,9,13,4,30,13,17,IDAHO,IDAHO,77.9,,63.9
148207,Caden Ellingson,G,0,,2028,291,,58.8,71.4,,58.5,65,0,1,0,0,0,0,13,13,0,13,S DAKOTA,S DAKOTA,,,
148220,Amar Johnson,HB,0,2025,2025,292,75.2,75.2,75.1,87.9,60,03,0,1,0,1,5,15,1,22,6,16,S DAK ST,S DAK ST,21.2,,71.4
148223,Jon Bell,QB,0,,2026,292,65.2,66.9,73.4,,60,05,0,1,4,0,0,1,19,24,4,20,S DAK ST,S DAK ST,,64.2,58.3
148226,Angel Johnson,HB,0,,2026,292,72.9,75.7,75.4,74.1,,21,0,1,0,0,10,9,0,19,10,9,S DAK ST,S DAK ST,,,73.5
148297,Max Tomczak,WR,0,2026,2026,353,69.2,65.4,77.5,65.1,58.9,04,0,1,0,0,46,0,26,72,46,26,YNGTOWN ST,YNGTOWN ST,,,
148305,Emariyon Johnson,T,0,,2026,219,,50.5,75.4,,54.4,55,0,1,0,24,0,0,24,48,24,24,MERCER,MERCER,36.9,,
148308,Luke Hensley,WR,0,,2026,353,65.7,69.7,78.1,67.2,78.4,06,0,1,0,0,33,0,21,54,33,21,YNGTOWN ST,YNGTOWN ST,,,
148327,Kevin Burkett,T,0,,2025,162,,70.1,76.7,,62.8,64,0,1,0,30,0,0,31,61,30,31,ELON,ELON,83.8,,
148331,Jamarien Dalton,WR,0,,2027,162,64.1,71.7,76,70.8,60.7,01,0,1,0,0,15,0,11,26,15,11,ELON,ELON,,,
148333,Charlie Mill,WR,0,,2026,162,,60.3,70.4,,60.4,17,0,1,0,0,0,0,5,5,0,5,ELON,ELON,,,
148337,Davis LeDoyen,TE,0,,2026,162,,59.4,72.5,56,60.9,05,0,1,0,1,3,0,14,18,4,14,ELON,ELON,71.8,,
148351,Scott Hummel,G,0,,2026,276,,52.3,0,,55.9,71,1,1,0,11,0,0,24,35,11,24,RICHMOND,RICHMOND,68.1,,
148356,Maxwell James,WR,0,,2026,231,61,66.8,75.6,63.8,80.8,09,0,1,0,0,15,0,7,22,15,7,MONMOUTH,MONMOUTH,,,
148368,Jaelin Montgomery,T,0,,2026,317,,55.1,0,,56.1,75,2,1,0,42,0,0,27,69,42,27,TOWSON,TOWSON,76.1,,
148372,Eli Mahan,TE,0,,2027,212,,59.7,72.4,51.8,65.9,16,0,1,0,1,6,0,9,16,7,9,MAINE,MAINE,71.8,,
148374,Declan McKevitt,TE,0,,2026,212,,59.7,69,59.9,60,48,0,1,0,0,1,0,2,3,1,2,MAINE,MAINE,,,
148394,Tim Bonagura,DI,0,,2026,240,,60,60,,60,D93,0,1,0,0,0,0,1,1,0,1,NEW HAMP,NEW HAMP,,,
148400,Dylan Maciulewicz,G,0,,2026,240,,59.9,79,,55.4,76,0,1,0,45,0,0,23,68,45,23,NEW HAMP,NEW HAMP,69.6,,
148412,Aaron Trusler,P,0,,2025,276,62.5,64.7,70.3,,,S35,0,1,0,0,0,1,0,1,0,1,RICHMOND,RICHMOND,,,62.7
148413,Owen Laughlin,LB,0,,2026,276,,60,60,,60,D43,0,1,0,0,0,0,1,1,0,1,RICHMOND,RICHMOND,,,
148416,Brian Catanzarite,LS,0,,2026,276,,60,60,,60,S57,0,1,0,0,0,0,1,1,0,1,RICHMOND,RICHMOND,,,
148417,Keith Gouveia,G,0,,2027,276,,52.2,75.9,,50.4,66,0,1,0,8,0,0,14,22,8,14,RICHMOND,RICHMOND,64.8,,
148421,Gabriel Carbajal,T,0,,2026,276,,50.4,74.8,,49.7,52,0,1,0,11,0,0,24,35,11,24,RICHMOND,RICHMOND,57.1,,
148422,Ja'Vion Griffin,WR,0,,2026,276,64.1,67.1,77,65.9,67.1,05,0,1,0,0,18,0,32,50,18,32,RICHMOND,RICHMOND,,,
148425,Jerry Garcia Jr.,WR,0,,2025,276,65.3,69,75.1,69.3,62.2,04,0,1,0,0,12,1,16,29,12,17,RICHMOND,RICHMOND,,,59.5
148434,Kollin Melendez,G,0,,2026,303,,58,79,,67.3,65,0,1,0,39,0,0,29,68,39,29,STNY BROOK,STNY BROOK,15.9,,
148445,Florian Staehler,G,0,,2026,317,,66.5,80.1,,61.1,79,0,1,0,42,0,0,27,69,42,27,TOWSON,TOWSON,87.6,,
148446,Nathan Kent,QB,0,,2026,317,62.5,60,63.6,,,15,0,1,0,0,0,1,0,1,0,1,TOWSON,TOWSON,,,60
148460,Devin Matthews,HB,0,,2025,317,73.2,64.4,73.2,48.6,,03,0,1,0,0,12,10,0,22,12,10,TOWSON,TOWSON,,,67.9
148463,Lukkas Londono,WR,0,,2026,317,61,54,77.5,54.4,59.9,14,0,1,0,0,13,0,4,17,13,4,TOWSON,TOWSON,,,
148473,James Welde,TE,0,,2025,334,,85.2,72.9,,81.3,89,0,1,0,0,0,0,9,9,0,9,VILLANOVA,VILLANOVA,,,
148475,Stephane Voltaire,T,0,,2026,334,,62.9,77.3,,58.5,75,1,1,0,39,0,0,32,71,39,32,VILLANOVA,VILLANOVA,68.8,,
148477,Daniel Lopes,WR,0,,2026,334,62.9,53.3,77.8,56.7,37.4,84,1,1,0,0,30,0,20,50,30,20,VILLANOVA,VILLANOVA,,,
148485,Ryan Shonk,FB,0,,2026,348,,60,64.4,,60,45,0,1,0,0,0,0,1,1,0,1,WM & MARY,WM & MARY,,,
148489,Trey McDonald,TE,0,,2026,348,,68.1,75.4,52.6,72.6,85,0,1,0,3,7,0,28,38,10,28,WM & MARY,WM & MARY,50.9,,
148492,Darius Wilson,QB,0,,2025,348,68.3,62.5,76.1,59.5,60.2,11,0,1,18,0,1,2,30,51,19,32,WM & MARY,WM & MARY,,67.9,53.9
148513,Andrew Berkery,T,0,,2025,124,,61.3,24.7,,56.3,73,1,1,0,55,0,0,28,83,55,28,BRYANT,BRYANT,78.8,,
148516,Anthony Perez,G,0,,2026,124,,68.8,13.4,,67,77,1,1,0,55,0,0,28,83,55,28,BRYANT,BRYANT,81.9,,
148550,Tristen Riley,WR,0,,2026,124,65,73.2,75.2,72.1,60.9,03,0,1,0,0,32,0,7,39,32,7,BRYANT,BRYANT,,,
148557,Gary Satterwhite III,T,0,,2026,155,,67.2,77.5,,58.9,54,0,1,0,47,0,0,34,81,47,34,DUQUESNE,DUQUESNE,79.5,,
148562,Cameron McLaurin,C,0,,2026,155,,65.3,80.3,,58.6,57,0,1,0,47,0,0,34,81,47,34,DUQUESNE,DUQUESNE,84.6,,
148567,Jamario Clements,HB,0,,2026,155,62.5,58.9,66.2,60,,02,0,1,0,0,1,1,0,2,1,1,DUQUESNE,DUQUESNE,,,59.7
148585,James Smith Jr.,C,0,,2026,385,,60.1,69.6,,59.8,79,0,1,0,2,0,0,2,4,2,2,MERRIMACK,MERRIMACK,72,,
148593,Jared Dunn,TE,0,,2025,385,62.9,56.7,76.7,51.7,63.7,42,0,1,0,4,18,0,35,57,22,35,MERRIMACK,MERRIMACK,51.3,,
148603,Myles Wilson,WR,0,,2026,385,61,55.8,76.8,55.4,60.7,14,0,1,0,0,12,0,18,30,12,18,MERRIMACK,MERRIMACK,,,
148608,Rickey Spruill,HB,0,,2025,338,69.1,63.8,76.7,53.4,58.4,36,0,1,1,9,26,3,3,42,36,6,WAGNER,WAGNER,82.7,87.3,55.6
148610,Trevor Shorter,WR,0,,2026,385,,49.6,0,54.4,61.6,17,1,1,0,0,9,0,16,25,9,16,MERRIMACK,MERRIMACK,,,
148618,Da'Jour Dixon,G,0,,2027,235,,48.8,80.1,,51,76,1,1,0,36,0,0,33,69,36,33,MORGAN ST,MORGAN ST,27,,
148635,Mark Mahoney,WR,0,,2025,123,68.5,75.9,79.1,74.9,60.1,88,0,1,0,0,50,0,21,71,50,21,BROWN,BROWN,,,
148637,Nate Lussier,LB,0,,2025,123,62.5,48.7,65.9,,60,D05,0,1,0,0,0,1,1,2,0,2,BROWN,BROWN,,,57.7
148640,Jack Connolly,G,0,,2025,123,,66.4,81,,59.2,78,0,1,0,57,0,0,31,88,57,31,BROWN,BROWN,89.8,,
148649,Jake Willcox,QB,0,,2025,123,71.7,64.4,77.2,,60.1,03,0,1,47,0,0,6,16,69,47,22,BROWN,BROWN,,67.4,55
148658,Jordan DeLucia,HB,0,,2025,123,69.7,59.6,72,70.8,60,04,0,1,0,0,9,4,1,14,9,5,BROWN,BROWN,,,54.5
148661,AJ Heidtke,G,0,,2025,123,,65.7,78.9,,55.9,69,0,1,0,45,0,0,24,69,45,24,BROWN,BROWN,90.9,,
148662,Samuel Baddoo,WR,0,,2026,123,,53.8,71.5,54.5,59.5,02,0,1,0,0,7,0,6,13,7,6,BROWN,BROWN,,,
148664,Kyle Philbin,DI,0,,2025,123,,60,64.4,,59.7,D91,0,1,0,0,0,0,1,1,0,1,BROWN,BROWN,,,
148667,Will Jarvis,WR,0,,2026,123,,57,70.1,57.6,60.4,10,0,1,0,0,2,0,4,6,2,4,BROWN,BROWN,,,
148679,Stockton Owen,HB,0,,2025,123,73.2,63.3,75.4,75.5,58.7,06,0,1,0,1,23,9,3,36,24,12,BROWN,BROWN,72.7,,59.2
148686,Ben Moseley,WR,0,,2026,123,61,49.7,79.4,49.8,61.1,11,0,1,0,0,43,0,16,59,43,16,BROWN,BROWN,,,
148693,Joey Giorgi,HB,0,,2025,145,76.5,76.6,75.7,56.6,58.6,25,0,1,0,12,5,19,7,43,17,26,COLUMBIA,COLUMBIA,82.8,,74.3
148699,James Miller,TE,0,,2025,145,,59.9,73.6,49.2,66.2,89,0,1,0,5,9,0,20,34,14,20,COLUMBIA,COLUMBIA,71.3,,
148708,William Hughes,P,0,,2025,145,,60,70.3,,60,S11,0,1,0,0,0,0,1,1,0,1,COLUMBIA,COLUMBIA,,,
148710,Marcus Libman,WR,0,,2025,145,64.1,66.6,74.1,65.8,60.9,03,0,1,0,0,15,0,7,22,15,7,COLUMBIA,COLUMBIA,,,
148719,Pat Colicchio,G,0,,2025,145,,56.3,79.3,,55.2,73,0,1,0,30,0,0,34,64,30,34,COLUMBIA,COLUMBIA,61.1,,
148722,John Iannuzzi,G,0,,2027,145,,59.7,0,,58.6,60,2,1,0,30,0,0,34,64,30,34,COLUMBIA,COLUMBIA,86.7,,
148723,Patrick Passalacqua,DI,0,,2026,145,,60,60,,60,D76,1,1,0,0,0,0,1,1,0,1,COLUMBIA,COLUMBIA,,,
148726,Jack Larsen,TE,0,,2025,145,,51.2,70.9,60,51.4,83,0,1,0,1,1,0,11,13,2,11,COLUMBIA,COLUMBIA,68.7,,
148731,Bryson Canty,WR,0,,2026,145,67,84.5,77.3,83.4,61.4,02,0,1,0,0,26,0,20,46,26,20,COLUMBIA,COLUMBIA,,,
148745,Lucas Mireur,S,0,,2025,145,63.8,60,60,,60,D08,0,1,0,0,0,0,1,1,0,1,COLUMBIA,COLUMBIA,,,
148749,Matt Robbert,TE,0,,2026,276,61,59.3,77.4,53.3,63.2,06,0,1,0,4,15,0,36,55,19,36,RICHMOND,RICHMOND,72.1,,
148754,Matthew Pilc,TE,0,,2026,147,,53.4,74.6,54,59,88,0,1,0,6,5,0,20,31,11,20,CORNELL,CORNELL,37.1,,
148767,Nick Laboy,WR,0,,2026,151,,54,74.7,54.2,60.4,08,0,1,0,0,8,0,7,15,8,7,DELAWARE,DELAWARE,,,
148780,Hunter Sloan,DI,0,,2026,147,,60,71.8,,60,D48,0,1,0,0,0,0,1,1,0,1,CORNELL,CORNELL,,,
148782,Jameson Wang,QB,0,,2026,147,71.5,58.3,27.7,57,60,01,2,1,51,0,1,5,28,85,52,33,CORNELL,CORNELL,,53,71.7
148783,Chad Martini,WR,0,,2026,147,61,56.1,72.5,63.2,30.6,12,0,1,0,0,8,0,1,9,8,1,CORNELL,CORNELL,,,
148784,Eddy Tillman,HB,0,,2025,147,62.5,59.4,62.7,,,41,0,1,0,0,0,1,0,1,0,1,CORNELL,CORNELL,,,59.7
148787,Luke Malaga,WR,0,,2025,147,,59,64.8,59.9,,06,0,1,0,0,1,0,0,1,1,0,CORNELL,CORNELL,,,
148792,Robert Tucker III,HB,0,,2026,147,67.8,74.8,72.7,73,66.1,24,0,1,0,2,10,3,4,19,12,7,CORNELL,CORNELL,71.8,,70.4
148794,Terrance Caldwell,C,0,,2026,342,,60.1,0,,58.7,59,1,1,0,39,0,0,23,62,39,23,WEBER ST,WEBER ST,79.4,,
148813,Kyle Brown,G,0,,2026,148,,64.4,75.2,,63.5,63,0,1,0,14,0,0,5,19,14,5,DARTMOUTH,DARTMOUTH,67.4,,
148828,Isaac Boston,WR,0,,2025,133,61,57.1,77.6,56.8,61.4,08,0,1,0,0,25,0,22,47,25,22,CENT CT ST,CENT CT ST,,,
148843,Konstantin Spork,T,0,,2026,148,,55,76.7,,51.1,79,0,1,0,52,0,0,15,67,52,15,DARTMOUTH,DARTMOUTH,57.7,,
148846,Jackson Gerard,WR,0,,2025,148,61,61.4,75.3,60.9,61.3,03,0,1,0,0,14,0,10,24,14,10,DARTMOUTH,DARTMOUTH,,,
148847,Alex Geraci,TE,0,,2026,148,61,56.5,74.9,56.7,59,10,0,1,0,0,23,0,5,28,23,5,DARTMOUTH,DARTMOUTH,,,
148848,Nick Marinaro,C,0,,2026,148,,71.8,79.2,,67.3,59,0,1,0,46,0,0,15,61,46,15,DARTMOUTH,DARTMOUTH,79.4,,
148851,Jackson Proctor,QB,0,,2027,148,70.7,69.5,76.3,,60,12,0,1,47,0,0,3,11,61,47,14,DARTMOUTH,DARTMOUTH,,63.7,72.5
148852,Q Jones,HB,0,,2026,148,70.7,68.2,72.5,82.3,59.6,02,0,1,0,0,13,6,2,21,13,8,DARTMOUTH,DARTMOUTH,,,59.7
148858,Tristan Holmbeck,G,0,,2026,148,,63.6,78.9,,54.9,64,0,1,0,52,0,0,15,67,52,15,DARTMOUTH,DARTMOUTH,86.9,,
148860,Painter Richards-Baker,WR,0,,2028,148,62.9,65.6,76.8,59.7,91.9,14,0,1,0,0,30,0,5,35,30,5,DARTMOUTH,DARTMOUTH,,,
148875,Malik Frederick,HB,0,,2026,179,66.2,65.1,65.5,60,60,24,0,1,0,0,1,1,1,3,1,2,HARVARD,HARVARD,,,63.3
148879,Charles DePrima,QB,0,,2025,179,72.6,82.4,76.5,57.7,60,16,0,1,29,0,2,10,19,60,31,29,HARVARD,HARVARD,,84.7,67.8
148883,Kaedyn Odermann,WR,0,,2026,179,,48.7,0,50.9,60.5,07,1,1,0,0,30,0,20,50,30,20,HARVARD,HARVARD,,,
148885,Shane McLaughlin,HB,0,,2025,179,75.5,67.3,75.5,53.8,58.6,05,0,1,0,8,18,16,9,51,26,25,HARVARD,HARVARD,63,,68.9
148888,Scott Woods,WR,0,,2026,179,69,71.9,77.8,70.2,61.4,06,0,1,0,0,37,1,17,55,37,18,HARVARD,HARVARD,,,63
148895,Scott Giuliano,TE,0,,2025,179,,55.3,72.4,54.1,57.2,82,0,1,0,3,3,0,5,11,6,5,HARVARD,HARVARD,68.5,,
148902,Michael Entwistle,G,0,,2026,179,,65.1,80.3,,62.7,70,0,1,0,41,0,0,33,74,41,33,HARVARD,HARVARD,73.5,,
148907,Austin Gentle,C,0,,2026,179,,72.5,79.9,,72.1,68,0,1,0,41,0,0,33,74,41,33,HARVARD,HARVARD,60.7,,
148932,Joshua Casilli,WR,0,,2025,267,,54,71.9,54.4,59.7,87,0,1,0,0,6,0,7,13,6,7,PENN,PENN,,,
148953,Julien Stokes,WR,0,,2026,267,66.6,55.5,75.9,55,59.8,13,0,1,0,0,10,0,14,24,10,14,PENN,PENN,,,
148959,William Bergin,C,0,,2026,267,,67.6,78.8,,63.5,72,0,1,0,22,0,0,34,56,22,34,PENN,PENN,79.9,,
148960,Justin Cayenne,TE,0,,2026,267,61,54.4,0,63.9,53.3,84,1,1,0,6,11,0,27,44,17,27,PENN,PENN,70.2,,
148964,Bryce Myers,TE,0,,2026,267,,81.6,75,49.9,82.7,15,0,1,0,3,9,0,24,36,12,24,PENN,PENN,49.8,,
148966,Mike Fraraccio,TE,0,,2026,267,61,85.8,68.4,88.9,59.9,44,0,1,0,0,1,0,3,4,1,3,PENN,PENN,,,
148971,Davis Ellis,WR,0,,2026,267,61,60.5,66.2,60.3,60,03,0,1,0,0,1,0,1,2,1,1,PENN,PENN,,,
149107,Chandler Kirton,C,0,,2026,116,,53.2,0,,57.8,52,2,1,0,38,0,0,17,55,38,17,AUSTINPEAY,AUSTINPEAY,73.3,,
149115,Tae Gayden,WR,0,,2026,116,61,53.7,75.2,54.1,60.7,19,0,1,0,0,16,0,6,22,16,6,AUSTINPEAY,AUSTINPEAY,,,
149144,Jack Baker,TE,0,,2025,116,,57.1,72.7,56.1,57.5,87,0,1,0,2,2,0,8,12,4,8,AUSTINPEAY,AUSTINPEAY,66,,
149152,Joe McNab,TE,0,,2026,158,,60,60,,60,82,0,1,0,0,0,0,1,1,0,1,E ILLINOIS,E ILLINOIS,,,
149163,Jack Valente,G,0,,2025,158,,67.5,78.6,,66.5,66,0,1,0,32,0,0,29,61,32,29,E ILLINOIS,E ILLINOIS,71.2,,
149173,Julian Patino,K,0,,2025,158,,60,60,,60,S48,0,1,0,0,0,0,1,1,0,1,E ILLINOIS,E ILLINOIS,,,
149198,Jack Clinkenbeard,WR,0,,2027,293,,60,65.9,,60,83,0,1,0,0,0,0,2,2,0,2,SE MO ST,SE MO ST,,,
149210,Jalal Dean,WR,0,,2025,308,64.1,56.6,78.6,56.1,61.1,08,0,1,0,0,33,0,34,67,33,34,TENN STATE,TENN STATE,,,
149226,Christian Thomas,G,0,,2026,309,,46.8,79.9,,46,54,0,1,0,34,0,0,33,67,34,33,TENN TECH,TENN TECH,39,,
149230,Logan Weedman,T,0,,2026,309,,55.5,76.6,,48.1,73,0,1,0,34,0,0,33,67,34,33,TENN TECH,TENN TECH,75,,
149247,DJ Nelson,TE,0,,2026,104,,48.5,78.7,47.8,61.8,09,0,1,0,0,33,0,24,57,33,24,ALAB A&M,ALAB A&M,,,
149250,DeVonte Tanksley,WR,0,,2025,310,67,69.5,77.7,70.2,60.9,04,0,1,0,0,38,1,21,60,38,22,TENN MARTN,TENN MARTN,,,57.7
149262,Rushawn Baker,HB,0,2025,2025,162,78.5,73.1,75.5,54.4,60,23,0,1,0,10,14,27,1,52,24,28,ELON,ELON,82.4,,71.9
149285,Jake Guy,G,1,,2026,125,,52.1,13.4,,51.3,75,2,1,0,53,0,0,27,80,53,27,BUCKNELL,BUCKNELL,61.9,,
149286,Paul Neel,HB,0,,2026,125,70.7,60.4,74.4,55.6,,21,0,1,0,7,10,6,0,23,17,6,BUCKNELL,BUCKNELL,41.1,,65.1
149290,Brendan Cassamajor,HB,0,,2028,142,65.5,68.8,70.6,58.5,59,24,0,1,0,2,2,2,3,9,4,5,COLGATE,COLGATE,72.8,,67.2
149292,Chance Niesner,T,0,,2025,142,,70.2,77.2,,62.5,66,0,1,0,48,0,0,21,69,48,21,COLGATE,COLGATE,79.8,,
149316,Julius Loughridge,HB,0,,2026,168,75.5,65.7,75.3,60.6,59.3,15,0,1,0,10,7,16,6,39,17,22,FORDHAM,FORDHAM,62.1,,65.4
149325,Kaysen Mahuka-Kaawa,G,0,,2026,172,,58.2,0.2,,61.2,55,1,1,0,41,0,0,22,63,41,22,GEORGETOWN,GEORGETOWN,62.3,,
149326,Naieem Kearney,HB,0,,2026,172,69.7,55.4,72.8,54.2,,04,0,1,0,2,14,5,0,21,16,5,GEORGETOWN,GEORGETOWN,74,,55.2
149353,Cam Pygatt,WR,0,,2026,172,66.7,79.1,80.2,78.7,62,14,0,1,0,0,43,0,24,67,43,24,GEORGETOWN,GEORGETOWN,,,
149364,Hudson Harper,C,0,,2025,203,,64,75.1,,62.3,61,0,1,0,3,0,0,17,20,3,17,LAFAYETTE,LAFAYETTE,72.7,,
149367,Chris Carasia,WR,0,,2025,203,62.9,63.5,77.9,63.1,60.7,19,0,1,0,0,21,0,18,39,21,18,LAFAYETTE,LAFAYETTE,,,
149368,Sydney Weibel,G,0,,2025,203,,61.1,75.4,,60,79,0,1,0,3,0,0,17,20,3,17,LAFAYETTE,LAFAYETTE,72.4,,
149369,Gabe Decker,TE,0,,2025,203,61,50.2,77.3,52.4,51.2,49,0,1,0,1,15,0,20,36,16,20,LAFAYETTE,LAFAYETTE,67.8,,
149370,Tyler Roberts,TE,0,,2026,203,,57.6,72.8,55.5,60.3,87,0,1,0,0,2,0,9,11,2,9,LAFAYETTE,LAFAYETTE,,,
149375,Keller Gammons,TE,0,,2025,203,61,62.8,73.1,59.1,64.1,84,0,1,0,0,3,0,14,17,3,14,LAFAYETTE,LAFAYETTE,,,
149377,Ryder Langsdale,T,0,,2028,203,,66.2,76.2,,67.8,68,0,1,0,27,0,0,26,53,27,26,LAFAYETTE,LAFAYETTE,50.9,,
149381,Gus Salopek,T,0,,2026,203,,60.1,71.6,,57.8,65,0,1,0,4,0,0,9,13,4,9,LAFAYETTE,LAFAYETTE,73.2,,
149385,Matthew Sherer,T,0,,2025,203,,57.4,72.8,,58.5,67,0,1,0,9,0,0,13,22,9,13,LAFAYETTE,LAFAYETTE,47,,
149405,Jack Syslo,LS,0,,2025,205,,58.3,69.6,,54.8,S50,0,1,0,0,0,0,3,3,0,3,LEHIGH,LEHIGH,,,
149408,Christian Curatolo,T,0,,2026,205,,60.3,73.8,,54.5,78,0,1,0,14,0,0,17,31,14,17,LEHIGH,LEHIGH,80,,
149419,Justin Shorter,WR,0,,2025,181,70.1,60.3,75.1,60,60.6,05,0,1,0,0,18,0,15,33,18,15,HOLY CROSS,HOLY CROSS,,,
149424,Jacob Petersen,TE,0,,2026,181,64.1,63.7,78,68.1,55.5,86,0,1,0,0,19,0,35,54,19,35,HOLY CROSS,HOLY CROSS,,,
149426,Cam McNair,T,0,,2026,181,,73,76.2,,68.8,77,0,1,0,22,0,0,39,61,22,39,HOLY CROSS,HOLY CROSS,77.3,,
149434,Joe Pesansky,QB,0,,2026,181,28.2,48.1,76.7,,60.5,16,0,1,22,0,0,5,34,61,22,39,HOLY CROSS,HOLY CROSS,,46.1,56.9
149438,Luke Wooten,WR,0,,2026,127,67.7,83.1,77.2,84.6,57.1,23,0,1,0,0,21,0,24,45,21,24,BUTLER,BUTLER,,,
149440,Joey Audia,WR,0,,2026,127,69.3,56.2,75.6,55.2,61,15,0,1,0,0,7,0,26,33,7,26,BUTLER,BUTLER,,,
149443,Adam Dolan,T,0,,2026,127,,69.2,77.5,,63.9,75,0,1,0,27,0,0,45,72,27,45,BUTLER,BUTLER,83.5,,
149444,Cameron Heald,TE,0,,2026,127,61,60.6,76.2,54.1,65.3,82,0,1,0,6,6,0,22,34,12,22,BUTLER,BUTLER,69.9,,
149445,Thomas Brown,WR,0,,2026,246,,56.2,73.7,56.4,59.9,80,0,1,0,0,6,0,7,13,6,7,NC A&T,NC A&T,,,
149501,Luke Brenner,WR,0,,2025,150,64.1,66.9,76.6,66.9,60.9,10,0,1,0,0,14,0,23,37,14,23,DAYTON,DAYTON,,,
149504,Jake Coleman,WR,0,,2025,150,62.9,58.2,78.7,57.5,61.8,19,0,1,0,0,21,0,36,57,21,36,DAYTON,DAYTON,,,
149507,Cade Beam,TE,0,,2025,150,,49.1,74.8,53.8,49.7,20,0,1,0,0,4,0,19,23,4,19,DAYTON,DAYTON,,,
149509,Colin Koennecke,T,0,,2025,150,,59.4,77.2,,55.4,63,0,1,0,26,0,0,49,75,26,49,DAYTON,DAYTON,73.6,,
149512,Conor Clyde,T,0,,2026,150,,63.1,77.7,,55.8,71,0,1,0,26,0,0,49,75,26,49,DAYTON,DAYTON,88.6,,
149516,Kevin Roberts,TE,0,,2025,150,,55.4,69.2,59.8,56.2,80,0,1,0,0,1,0,5,6,1,5,DAYTON,DAYTON,,,
149517,Alec Keathley,TE,0,,2025,150,61,52.5,75.8,63.6,48.6,81,0,1,0,3,13,0,45,61,16,45,DAYTON,DAYTON,69.4,,
149550,Blake Ellingson,QB,0,,2026,153,67.5,50.5,68.1,,60,06,0,1,1,0,0,3,1,5,1,4,DRAKE,DRAKE,,56.8,57.2
149554,Davion Cherwin,HB,0,,2025,153,69.9,68.3,75.1,65.3,59.9,42,0,1,0,1,16,5,2,24,17,7,DRAKE,DRAKE,70,,67.7
149582,Wyatt Hodges,WR,0,,2025,271,61,53.8,76.1,47.8,78.9,06,0,1,0,0,25,0,10,35,25,10,PRESBYTERN,PRESBYTERN,,,
149585,Warner Bush,QB,0,,2026,271,68.8,52,71.2,,60,16,1,1,4,0,0,4,5,13,4,9,PRESBYTERN,PRESBYTERN,,43.7,63.3
149586,Jalyn Witcher,WR,0,,2026,151,,60.2,68.8,,60.2,07,0,1,0,0,0,0,3,3,0,3,DELAWARE,DELAWARE,,,
149591,Patch Bennett,T,0,,2025,271,,59.9,77.1,,55.2,61,0,1,0,39,0,0,25,64,39,25,PRESBYTERN,PRESBYTERN,65.7,,
149617,Josh Heverly,WR,0,,2026,283,64.1,68,78.4,64.5,85.4,03,0,1,0,0,29,0,26,55,29,26,SAN DIEGO,SAN DIEGO,,,
149619,Ja'seem Reed,WR,0,2025,2025,283,65.7,90.5,76.1,89.3,60.4,89,0,1,0,0,18,0,10,28,18,10,SAN DIEGO,SAN DIEGO,,,
149620,Logan Gingg,HB,0,,2025,283,71.4,68.2,71.9,74.5,,31,0,1,0,0,7,7,0,14,7,7,SAN DIEGO,SAN DIEGO,,,63.1
149625,Evans Bowling,T,0,,2026,283,,71.6,75.4,,66,73,0,1,0,30,0,0,18,48,30,18,SAN DIEGO,SAN DIEGO,79.6,,
149647,Logan Brabham,QB,0,,2026,213,61.8,74.3,66.6,,60,08,0,1,2,0,0,0,1,3,2,1,MARIST,MARIST,,73.8,
149648,Brock Bagozzi,QB,0,,2026,230,61.8,57.8,71.2,,60,18,0,1,3,0,0,0,11,14,3,11,MO STATE,MO STATE,,56.2,
149651,Tristan Shannon,HB,0,,2026,213,72,77.9,73.4,40.6,60,22,0,1,0,5,20,5,1,31,25,6,MARIST,MARIST,76.5,,92
149657,Reed Dexter,WR,0,,2025,213,61,64.4,75.3,58.8,89.1,83,0,1,0,0,18,0,9,27,18,9,MARIST,MARIST,,,
149658,Christopher Watkins,HB,0,,2025,317,70.5,66.9,74.1,61.3,60,26,0,1,0,0,17,5,1,23,17,6,TOWSON,TOWSON,,,69.7
149664,Masin Cobb,T,1,,2026,213,,43.2,75.8,,56.4,56,2,1,0,35,0,0,11,46,35,11,MARIST,MARIST,17.5,,
149665,Dominic Perricone,G,0,,2026,213,,60.6,79.3,,53.6,65,1,1,0,53,0,0,20,73,53,20,MARIST,MARIST,80.1,,
149668,Jake Anapol,C,0,,2025,213,,64.7,79,,64.4,55,0,1,0,42,0,0,16,58,42,16,MARIST,MARIST,60.6,,
149674,Luke Pecovic,TE,0,,2025,213,,50.9,75,51.1,54.5,86,0,1,0,4,14,0,10,28,18,10,MARIST,MARIST,73.1,,
149677,Jackson Willette,TE,0,,2025,213,62.9,70.2,76.3,74.9,64.7,88,1,1,0,5,20,0,10,35,25,10,MARIST,MARIST,27.6,,
149717,Dawson Harrington,T,0,,2026,302,,41.8,77.2,,53.4,66,0,1,0,51,0,0,17,68,51,17,STETSON,STETSON,23.8,,
149749,Evan Jernegan,TE,0,,2026,332,,46.4,76.1,52,45.6,87,0,1,0,0,10,0,15,25,10,15,VALPO,VALPO,,,
149763,Ryan Merklinger,T,0,,2026,345,,59.9,20.6,,54.3,56,1,1,0,48,0,0,25,73,48,25,W ILLINOIS,W ILLINOIS,78.2,,
149767,Hope Adebayo,HB,0,,2025,1129,74,71.8,77.2,53.5,59.3,04,0,1,0,17,14,12,4,47,31,16,STTHOM,STTHOM,85.9,,71.9
149796,Jacob WIldermuth,WR,0,,2025,1129,66.2,73.5,77.5,72.9,60.8,09,0,1,0,0,42,0,17,59,42,17,STTHOM,STTHOM,,,
149797,Grif Wurtz,S,0,,2025,1129,62.5,69.7,60,,,D03,0,1,0,0,0,1,0,1,0,1,STTHOM,STTHOM,,,62.6
149800,Shea Albrecht,G,0,,2025,1129,,54.3,78.5,,47.7,77,0,1,0,40,0,0,18,58,40,18,STTHOM,STTHOM,65,,
149804,Aiden Carlson,WR,0,,2025,1129,61,73.3,73.2,79.5,55.2,88,0,1,0,2,4,0,4,10,6,4,STTHOM,STTHOM,70.3,,
149813,Jason Laliberte Jr.,T,0,,2026,1129,,56.6,76.7,,50.5,67,0,1,0,43,0,0,19,62,43,19,STTHOM,STTHOM,62.2,,
149820,Alec Rasmussen,T,0,,2025,1129,,56.2,16.3,,56.4,72,1,1,0,43,0,0,18,61,43,18,STTHOM,STTHOM,65.6,,
149821,Landon Reed,TE,0,,2025,1129,,52,72,52.2,55.4,32,0,1,0,0,6,0,8,14,6,8,STTHOM,STTHOM,,,
149827,Brock Stanek,T,0,,2025,1129,,60.7,71.2,,59.3,76,0,1,0,4,0,0,2,6,4,2,STTHOM,STTHOM,77.8,,
149832,Javin Whatley,WR,0,,2026,137,68.9,52.6,76.6,53.7,48.9,06,0,1,0,0,33,0,19,52,33,19,CHATTNOOGA,CHATTNOOGA,,,
149833,Sam Phillips,WR,0,,2026,137,67.1,72.2,77.7,71.7,59.6,11,0,1,0,0,35,0,20,55,35,20,CHATTNOOGA,CHATTNOOGA,,,
149834,Reggie Davis,HB,0,,2026,137,75.2,65.6,77.1,64.4,60,03,0,1,0,7,18,15,1,41,25,16,CHATTNOOGA,CHATTNOOGA,63.3,,65.2
149836,Christian Anderson,T,0,,2027,104,,67.4,77.6,,63.2,58,0,1,0,47,0,0,38,85,47,38,ALAB A&M,ALAB A&M,71.7,,
149847,Javonte Graves-Billips,WR,0,,2026,139,65,66,75.3,67.5,59.8,00,0,1,0,0,12,0,25,37,12,25,CITADEL,CITADEL,,,
149848,Mike Bartilucci,C,0,,2026,139,,65.1,79.8,,62,57,0,1,0,21,0,0,49,70,21,49,CITADEL,CITADEL,74.4,,
149852,Cole England,TE,0,,2025,139,,69.5,72.5,60,67.6,49,0,1,0,0,1,0,16,17,1,16,CITADEL,CITADEL,,,
149888,Myion Hicks,HB,0,,2027,170,77.5,72.4,76.5,54.1,59.3,07,0,1,0,5,9,23,9,46,14,32,FURMAN,FURMAN,77.3,,71.5
149892,Jace Wilson,QB,0,,2026,313,69.5,56.3,76.9,,60,16,0,1,33,0,0,2,33,68,33,35,TEXAS STHN,TEXAS STHN,,59.1,50
149893,Grant Robinson,HB,0,,2026,170,68.6,51.9,70.6,,59.6,28,0,1,0,2,0,4,3,9,2,7,FURMAN,FURMAN,74.7,,52.7
149901,Luke Petit,G,0,,2027,170,,51.9,79.9,,46.9,51,1,1,0,29,0,0,41,70,29,41,FURMAN,FURMAN,79.6,,
149905,Ryan Lamb,G,0,,2026,170,,71.8,79.1,,69.3,79,0,1,0,29,0,0,41,70,29,41,FURMAN,FURMAN,85.8,,
149944,Quincy Crittendon,QB,0,,2026,282,75.1,76.3,78.1,,60,02,0,1,54,0,0,18,23,95,54,41,SAMFORD,SAMFORD,,70.1,72.6
149951,Michael Mitchler,TE,0,,2026,282,,48.2,71.8,59.2,50.1,89,0,1,0,0,1,0,12,13,1,12,SAMFORD,SAMFORD,,,
149970,Hunter Rice,HB,0,,2025,336,74.4,73.2,76.2,56.8,56.1,24,0,1,0,7,22,13,4,46,29,17,VA MILT IN,VA MILT IN,63.2,,77.1
149975,Tommy Inge,G,0,,2026,336,,54.4,79.6,,52.2,55,1,1,0,37,0,0,24,61,37,24,VA MILT IN,VA MILT IN,55,,
149980,Tyriq Poindexter,T,0,,2027,336,,42.9,15.1,,40.3,77,1,1,0,37,0,0,24,61,37,24,VA MILT IN,VA MILT IN,68.1,,
149982,Trace Pedigo,WR,0,,2026,336,61,56.1,74.5,56.2,59.4,11,0,1,0,0,11,0,10,21,11,10,VA MILT IN,VA MILT IN,,,
149993,Max Cullen,TE,0,,2026,336,,56.8,69.2,55.1,60.3,85,0,1,0,0,3,0,5,8,3,5,VA MILT IN,VA MILT IN,,,
150005,Branson Adams,HB,0,,2028,344,73.8,64.3,75,65.2,60,02,0,1,0,6,23,11,2,42,29,13,W CAROLINA,W CAROLINA,58,,64.3
150006,Brayden Blackmon,TE,0,,2026,344,62.9,79.5,75.4,77.9,67.7,86,0,1,0,4,10,0,23,37,14,23,W CAROLINA,W CAROLINA,67.8,,
150014,Caleb Fisher,ED,0,,2026,344,,60,64.9,,60,D11,0,1,0,0,0,0,1,1,0,1,W CAROLINA,W CAROLINA,,,
150033,Kyle Watkins,WR,0,,2025,350,,45.9,74.6,46.9,59.8,81,0,1,0,0,11,0,7,18,11,7,WOFFORD,WOFFORD,,,
150090,Dylan Dauzart,G,0,,2025,217,,79.1,78.5,,80,66,0,1,0,26,0,0,34,60,26,34,MCNEESE,MCNEESE,70.8,,
150096,Juan Gonzales,C,0,,2026,297,,60.8,76.9,,58.4,62,0,1,0,10,0,0,22,32,10,22,SOUTHERN U,SOUTHERN U,78.4,,
150097,Jalen Johnson,WR,0,,2026,177,61,58.4,78.8,60.2,46.7,02,0,1,0,0,29,0,21,50,29,21,GRAMBLING,GRAMBLING,,,
150100,Cameron Foster,T,0,,2026,297,,62.2,77.2,,58.4,72,0,1,0,24,0,0,42,66,24,42,SOUTHERN U,SOUTHERN U,73.1,,
150118,Terry Matthews,WR,0,,2025,243,69.8,71.2,77.4,70.3,63.2,01,0,1,0,0,35,0,17,52,35,17,NICHOLLS,NICHOLLS,,,
150119,Christian Mannino,DI,0,,2026,243,,60,60,,60,D65,0,1,0,0,0,0,1,1,0,1,NICHOLLS,NICHOLLS,,,
150121,Dany'e Brooks,WR,0,,2026,243,61,58.2,78.1,57.9,61.8,14,0,1,0,0,23,0,11,34,23,11,NICHOLLS,NICHOLLS,,,
150138,Kareame Cotton Jr.,WR,0,,2026,257,69.7,51.1,72.2,60,59.6,07,0,1,3,0,1,5,2,11,4,7,NWSTATE,NWSTATE,,56.4,54.6
150141,D'Andre Richard,G,0,,2025,297,,59.5,72.4,,58.6,66,1,1,0,2,0,0,7,9,2,7,SOUTHERN U,SOUTHERN U,73.1,,
150185,Darius Hale,HB,0,,2025,132,75.2,68.4,76.3,53.6,59.4,04,0,1,0,6,15,15,3,39,21,18,CENT ARK,CENT ARK,35.5,,70.9
150189,Kam Robinson,WR,0,,2026,132,65,55.2,78.2,61.1,30.8,03,1,1,0,0,39,0,26,65,39,26,CENT ARK,CENT ARK,,,
150219,Baylor Payan,LS,0,,2025,164,,60,60,,60,S49,0,1,0,0,0,0,1,1,0,1,FL A&M,FL A&M,,,
150220,Nolan Reynolds,C,0,,2026,1285,,65.3,77.4,,61.6,67,0,1,0,43,0,0,27,70,43,27,UTAHTC,UTAHTC,68.9,,
150345,Caleb Leonard,G,1,,2026,270,,47.1,77.7,,47.6,76,1,1,0,39,0,0,9,48,39,9,PRVIEW A&M,PRVIEW A&M,29,,
150346,Devin Fregia,T,0,,2026,204,,60.1,67.2,,60,62,0,1,0,0,0,0,3,3,0,3,LAMAR,LAMAR,,,
150350,B.J. Williams,C,0,,2026,204,,59.9,68.7,,59.5,75,0,1,0,0,0,0,3,3,0,3,LAMAR,LAMAR,,,
150384,Reggie Brooks,G,0,,2026,204,,59.7,68.8,,59.6,79,0,1,0,0,0,0,3,3,0,3,LAMAR,LAMAR,,,
150417,Tavian Morris,WR,0,,2025,244,,55.1,71.5,55.8,59.6,84,0,1,0,0,6,0,2,8,6,2,NORFOLK,NORFOLK,,,
150419,Andrew Nickens,G,0,,2028,247,,61,71.6,,59.4,74,0,1,0,4,0,0,4,8,4,4,NC CENT,NC CENT,76.3,,
150434,Jeff Woods,G,0,,2025,124,,74.8,80.6,,74.5,69,0,1,0,55,0,0,28,83,55,28,BRYANT,BRYANT,78.9,,
150439,Jaki Brevard,LB,0,,2025,247,,60,60,,,D45,0,1,0,1,0,0,0,1,1,0,NC CENT,NC CENT,63.8,,
150441,Joaquin Davis,WR,0,2025,2025,247,65.7,67.9,79.1,67.2,62.6,88,0,1,0,0,34,0,25,59,34,25,NC CENT,NC CENT,,,
150445,Sirr Green,T,0,,2025,247,,55.7,69.6,,60,68,0,1,0,4,0,0,4,8,4,4,NC CENT,NC CENT,31.2,,
150449,Walker Harris,QB,0,,2026,247,69.1,74.8,77.4,,60.2,03,1,1,42,0,0,0,34,76,42,34,NC CENT,NC CENT,,76.6,52.8
150461,Jordan McGill,G,0,,2027,247,,46.4,69.9,,57.6,69,0,1,0,5,0,0,4,9,5,4,NC CENT,NC CENT,0,,
150463,Kyle Morgan,TE,0,,2026,247,,52.1,73.4,54.9,49.6,84,1,1,0,2,5,0,13,20,7,13,NC CENT,NC CENT,77.4,,
150475,Devin Smith,WR,0,,2025,334,64.1,62.2,80.3,61.8,61.1,22,0,1,0,0,38,0,27,65,38,27,VILLANOVA,VILLANOVA,,,
150480,Mykah Stone,LS,0,,2026,247,,60,60,,,S47,0,1,0,1,0,0,0,1,1,0,NC CENT,NC CENT,63.8,,
150482,J'Mari Taylor,HB,0,2026,2026,247,77.8,78.5,76.8,84.3,,04,0,1,0,7,25,24,0,56,32,24,NC CENT,NC CENT,44,,76
150486,Juan Velarde Vasquez,P,0,,2025,247,60.3,44.5,70.3,,,S59,0,1,1,0,0,0,0,1,1,0,NC CENT,NC CENT,,28.1,
150493,Duce Taylor,QB,0,,2026,235,66.7,70.5,74.4,,60,11,0,1,17,0,0,0,17,34,17,17,MORGAN ST,MORGAN ST,,72.6,57.3
150502,Andre Crawley,WR,0,,2025,235,67.3,71,0,73.3,60.8,10,1,1,1,0,33,0,24,58,34,24,MORGAN ST,MORGAN ST,,60,
150517,Joseph Owumi,WR,0,,2026,235,,57.8,74.6,57.9,59.3,18,0,1,0,0,2,0,15,17,2,15,MORGAN ST,MORGAN ST,,,
150520,Tyler Wilkins,WR,0,,2026,235,62.9,64.9,73.9,64.4,59.8,17,0,1,0,0,17,0,1,18,17,1,MORGAN ST,MORGAN ST,,,
150521,Isaiah Gerena,TE,0,,2027,252,61,76.5,0,83,68.3,88,1,1,0,0,15,0,31,46,15,31,N ARIZONA,N ARIZONA,,,
150552,Korion Sharpe,G,0,,2026,246,,59.6,79.5,,54.3,59,1,1,0,48,0,0,30,78,48,30,NC A&T,NC A&T,73.3,,
150555,Calvin Cunningham,G,0,,2025,246,,48.6,80.4,,49.9,67,0,1,0,48,0,0,30,78,48,30,NC A&T,NC A&T,30.8,,
150559,Jason Ivey,T,0,2025,2025,246,,62.9,77.7,,59.7,77,0,1,0,48,0,0,30,78,48,30,NC A&T,NC A&T,64.9,,
150564,Nicholas Dobson,TE,0,,2025,246,65.4,58.4,75.7,66.8,50.9,83,0,1,0,5,14,0,27,46,19,27,NC A&T,NC A&T,58.1,,
150676,Griffin Edwards,TE,0,,2026,301,,53.8,68.1,59.4,55.3,85,0,1,0,0,1,0,2,3,1,2,STF AUSTIN,STF AUSTIN,,,
150679,Robert Keller,T,0,,2026,301,,55.2,77.9,,45.4,71,0,1,0,47,0,0,34,81,47,34,STF AUSTIN,STF AUSTIN,74.3,,
150705,Jordon Vaughn,HB,0,2026,2026,100,68.6,48.1,69.3,58.6,,26,0,1,0,0,2,4,0,6,2,4,ABILENE CH,ABILENE CH,,,50.2
150714,Carter Cravens,QB,0,,2026,234,69.5,74.3,76.7,49.7,60,09,0,1,26,0,2,3,34,65,28,37,MOREHEAD,MOREHEAD,,71.1,70.9
150720,Chance Harris,HB,0,,2025,234,65.5,59,69.5,57.8,,01,0,1,0,2,4,2,0,8,6,2,MOREHEAD,MOREHEAD,75.6,,58.6
150733,Ryan Upp,WR,0,,2026,234,68,75.5,76.4,75.1,61.5,13,0,1,0,0,26,0,31,57,26,31,MOREHEAD,MOREHEAD,,,
150777,Gianni Principato,G,0,,2026,280,,51.2,78.8,,47.1,56,0,1,0,16,0,0,33,49,16,33,SACR HEART,SACR HEART,85.7,,
150779,Ethan Rodriguez,ED,0,,2026,280,,60,60,,60,D21,0,1,0,0,0,0,1,1,0,1,SACR HEART,SACR HEART,,,
150781,Evan Scribner,C,0,,2026,280,,55.6,78.5,,55.4,62,0,1,0,16,0,0,33,49,16,33,SACR HEART,SACR HEART,61.2,,
150805,Robert McMinn,WR,0,,2026,105,69.7,55,73.4,55,61.4,87,0,1,0,0,8,0,7,15,8,7,ALABAMA ST,ALABAMA ST,,,
150808,Keeundra Salter,T,0,,2026,105,,69.3,72.6,,67.8,69,0,1,0,0,0,0,18,18,0,18,ALABAMA ST,ALABAMA ST,,,
150816,Tre'Vahn Lawrence,QB,0,,2028,107,69.8,38.8,0,,60,10,1,1,9,0,0,5,16,30,9,21,ALCORN ST,ALCORN ST,,29.9,67.2
150817,Skyler Jordan,WR,0,,2027,152,61.9,59.8,67.9,,59.5,18,0,1,0,0,0,0,3,3,0,3,DELWARE ST,DELWARE ST,,,
150819,Brandon Rogers,HB,0,,2026,107,62.5,58.8,67.3,58.2,,23,0,1,0,1,2,1,0,4,3,1,ALCORN ST,ALCORN ST,67.5,,59.6
150829,Tavarious Griffin,TE,0,,2025,107,74.4,72.5,78.3,42.6,75.7,02,0,1,0,2,14,13,20,49,16,33,ALCORN ST,ALCORN ST,27.4,,75.3
150848,Arelious Dunn,C,0,,2025,105,,56.1,0,,62.5,67,2,1,0,15,0,0,32,47,15,32,ALABAMA ST,ALABAMA ST,72,,
150861,Charles Davis,T,0,,2026,164,,77.3,76.4,,74.3,62,0,1,0,30,0,0,20,50,30,20,FL A&M,FL A&M,76.5,,
150862,Ricky Taylor,G,0,,2026,164,,53.2,0,,51,63,1,1,0,27,0,0,16,43,27,16,FL A&M,FL A&M,85.3,,
150863,TJ Lee,C,0,,2025,164,,68.5,78.6,,64,69,0,1,0,30,0,0,20,50,30,20,FL A&M,FL A&M,78.4,,
150875,Michael Marshall,G,0,,2028,164,,59.2,72.2,,57.7,55,0,1,0,3,0,0,4,7,3,4,FL A&M,FL A&M,76.1,,
150879,Malcolm Major,LB,0,,2026,164,,60,60,,60,D44,0,1,0,0,0,0,1,1,0,1,FL A&M,FL A&M,,,
150895,Ken Pierre-Charles,S,0,,2026,177,,60,67,,60,D33,0,1,0,0,0,0,2,2,0,2,GRAMBLING,GRAMBLING,,,
150937,Trevonte Rucker,WR,0,,2025,310,62.9,62.9,78.8,62.3,62.5,01,0,1,0,0,37,0,22,59,37,22,TENN MARTN,TENN MARTN,,,
150940,Dylan Spencer,C,0,,2026,132,,53.6,1.3,,55.9,73,2,1,0,41,0,0,28,69,41,28,CENT ARK,CENT ARK,61.6,,
150981,Kirk Ford,T,0,,2025,194,,56.4,76.7,,55.7,70,0,1,0,21,0,0,36,57,21,36,JACKSON ST,JACKSON ST,56.1,,
151023,Darnell Deas,HB,0,,2025,119,68,68.7,71.6,79.7,60,05,0,1,0,0,12,1,1,14,12,2,BETH COOK,BETH COOK,,,57.2
151048,T.J. Lockley,WR,0,,2027,1177,61,60.1,77.6,59.9,59.1,03,0,1,0,0,30,0,28,58,30,28,W GEORGIA,W GEORGIA,,,
151059,Walter Simmons III,WR,0,,2026,119,62.5,66.8,65.5,,60,04,0,1,0,0,0,1,1,2,0,2,BETH COOK,BETH COOK,,,62.8
151128,Tre Peterson,HB,0,,2025,352,72.5,74.7,73.2,56,60,00,0,1,0,0,8,9,3,20,8,12,YALE,YALE,,,74.4
151137,Ryan Belk,TE,0,,2025,352,61,78.9,72.9,54,81.4,88,0,1,0,1,6,0,16,23,7,16,YALE,YALE,65.1,,
151139,Nathan Denney,HB,0,,2026,352,65.5,64.3,68.8,,60,21,0,1,0,1,0,2,1,4,1,3,YALE,YALE,71.8,,62.9
151141,Luke Foster,TE,0,,2025,352,,66,73.1,55.7,66.5,80,0,1,0,1,2,0,20,23,3,20,YALE,YALE,67.3,,
151147,Grant Jordan,QB,0,,2027,352,70.8,83.2,76.5,,60,09,0,1,21,0,0,6,36,63,21,42,YALE,YALE,,72.2,77
151153,David Pantelis,WR,0,,2027,352,66.2,73.6,69.1,71,60,10,0,1,0,1,3,0,2,6,4,2,YALE,YALE,69.8,,
151156,Aaron Session,T,0,,2028,217,,56.7,66.9,,54.9,62,0,1,0,0,0,0,3,3,0,3,MCNEESE,MCNEESE,,,
151158,Mason Shipp,WR,0,,2026,352,61,61.2,77.3,57.4,76.3,01,0,1,0,0,20,0,42,62,20,42,YALE,YALE,,,
151159,Connor Smith,C,0,,2025,352,,61.6,79.2,,58.3,61,0,1,0,21,0,0,40,61,21,40,YALE,YALE,80.9,,
151161,Sean Sullivan,G,0,,2026,352,,62.6,78.3,,60.1,60,0,1,0,14,0,0,29,43,14,29,YALE,YALE,82.2,,
151176,Alan Hatten,G,0,,2025,100,,66.7,80.1,,62,55,0,1,0,44,0,0,28,72,44,28,ABILENE CH,ABILENE CH,84,,
151198,Derek Simmons,T,0,,2026,344,,76.6,76.2,,75,66,0,1,0,35,0,0,22,57,35,22,W CAROLINA,W CAROLINA,73.5,,
151215,Q'Daryius Jennings,HB,0,,2026,236,71.3,65.3,73.2,54.9,60,29,0,1,0,5,12,7,1,25,17,8,MURRAY ST,MURRAY ST,84.4,,66.2
151235,Henry Kofowo,G,0,,2026,236,,44.2,0,,49.6,77,3,1,0,29,0,0,19,48,29,19,MURRAY ST,MURRAY ST,62.9,,
151237,Rodreques Boller,T,0,,2026,236,,55.6,69.9,,,75,0,1,0,8,0,0,0,8,8,0,MURRAY ST,MURRAY ST,39.4,,
151245,Daniel Faccone,TE,0,,2026,234,,60,63.5,,60,45,0,1,0,0,0,0,1,1,0,1,MOREHEAD,MOREHEAD,,,
151296,Casey McKinney,WR,0,,2026,240,,59.4,70.4,59.9,60.5,01,0,1,0,0,1,0,5,6,1,5,NEW HAMP,NEW HAMP,,,
151710,Diu Dau,T,2,,2027,152,,55.4,0,,60.3,75,2,1,0,34,0,0,35,69,34,35,DELWARE ST,DELWARE ST,71.3,,
151718,NyGhee Lolley,WR,0,,2026,152,67.9,70.7,77.7,70.9,59.3,03,0,1,0,0,34,0,33,67,34,33,DELWARE ST,DELWARE ST,,,
152587,Jacquez Jones,WR,0,,2025,244,64.1,57.9,75.5,57.6,60.8,03,0,1,0,0,25,0,21,46,25,21,NORFOLK,NORFOLK,,,
153292,Romon Copeland,WR,0,,2025,116,72.9,66.3,77.3,66.7,44.3,01,0,1,0,0,37,1,14,52,37,15,AUSTINPEAY,AUSTINPEAY,,,62.5
153302,Tyler McDuffie,T,0,,2026,178,,64.1,77.8,,59.8,77,0,1,0,42,0,0,37,79,42,37,HAMPTON,HAMPTON,70.6,,
153305,TK Paisant,TE,0,,2027,178,61,70.9,74.9,59.8,75.6,10,0,1,0,1,15,0,23,39,16,23,HAMPTON,HAMPTON,64.4,,
153308,Tymere Robinson,HB,0,,2025,178,75.6,69,76.9,73.9,71.9,35,0,1,0,1,31,16,5,53,32,21,HAMPTON,HAMPTON,67.5,,65.6
153318,Jordan Wimberly,WR,0,,2025,178,,60.4,69.7,,60.4,03,0,1,0,0,0,0,6,6,0,6,HAMPTON,HAMPTON,,,
153319,Chris Zellous,QB,0,,2026,178,24.1,63.2,74.3,,60,01,0,1,15,0,0,3,17,35,15,20,HAMPTON,HAMPTON,,73.9,45.8
153461,Aidan Corning,T,0,,2026,161,,74.5,70.3,,73.4,73,0,1,0,1,0,0,9,10,1,9,E WASHGTON,E WASHGTON,65.9,,
153930,Daemon Dawkins,WR,0,,2025,112,61,55.6,75.5,58.2,44.1,01,0,1,0,0,20,0,13,33,20,13,ARKAPB,ARKAPB,,,
153940,C.J. Van Buren,G,0,,2027,112,,59.2,79.8,,53.5,77,0,1,0,40,0,0,26,66,40,26,ARKAPB,ARKAPB,78.7,,
153942,Kevin English,TE,0,,2026,112,,50.3,75.7,51.6,54.3,85,0,1,0,5,13,0,11,29,18,11,ARKAPB,ARKAPB,55.5,,
153951,Joe Crifasi,WR,0,,2026,133,,60,68.4,,60,18,0,1,0,1,0,0,2,3,1,2,CENT CT ST,CENT CT ST,62.1,,
153957,Alec Ambrosia,G,0,,2026,133,,61,80.2,,54.9,72,0,1,0,37,0,0,35,72,37,35,CENT CT ST,CENT CT ST,89.6,,
153961,Isaiah DeLoatch,T,0,,2026,133,,65.1,74.5,,56.5,74,0,1,0,20,0,0,17,37,20,17,CENT CT ST,CENT CT ST,84.7,,
153962,Isiah Williams,WR,0,,2025,184,69.3,61.8,78,61.3,61.5,00,0,1,0,0,31,0,15,46,31,15,HOWARD,HOWARD,,,
153963,Michael Plaskon,WR,0,,2026,133,66.8,67.3,76.3,66.8,61,10,0,1,0,0,23,0,18,41,23,18,CENT CT ST,CENT CT ST,,,
153965,Paul Marsh,WR,0,,2026,133,62.9,69.2,76.6,69,59.6,02,0,1,0,0,19,0,20,39,19,20,CENT CT ST,CENT CT ST,,,
153967,Peter Cleary,TE,0,,2026,133,61,57.4,78.4,62.4,52.4,87,0,1,0,5,14,0,30,49,19,30,CENT CT ST,CENT CT ST,55.3,,
153995,Trejon Spiller,WR,0,,2025,270,64.1,50.1,79.7,49.1,69.5,10,0,1,0,0,57,0,24,81,57,24,PRVIEW A&M,PRVIEW A&M,,,
154029,Chandler Muller,G,0,,2025,290,,51.7,70.1,,51.5,62,1,1,0,1,0,0,3,4,1,3,SCAR STATE,SCAR STATE,72.6,,
154034,Jordan Smith,WR,0,,2026,290,61,68.3,70.8,67.3,59.3,13,0,1,0,0,5,0,5,10,5,5,SCAR STATE,SCAR STATE,,,
154041,Kai Holloway,WR,0,,2026,277,61.9,56.1,67,56,,04,0,1,0,0,4,0,0,4,4,0,ROB MORRIS,ROB MORRIS,,,
154686,Aidan Quinn,TE,0,,2026,295,62.9,79.8,72.6,79.2,67.3,41,0,1,0,0,10,0,8,18,10,8,S ILLINOIS,S ILLINOIS,,,
154715,Cole Hoskyns,TE,0,,2025,171,,33.9,0,55.1,47,83,1,1,0,4,4,0,8,16,8,8,GARD-WEBB,GARD-WEBB,33.9,,
154736,Darius Fox,G,0,,2025,184,,68.9,79,,69.3,52,0,1,0,35,0,0,17,52,35,17,HOWARD,HOWARD,69.6,,
154740,Jamal Hines,T,0,,2025,184,,66.1,78.1,,63.1,50,0,1,0,35,0,0,17,52,35,17,HOWARD,HOWARD,77.2,,
154758,Montrell Walker,TE,0,,2026,184,,57.1,69.8,55,59.6,88,0,1,0,2,3,0,3,8,5,3,HOWARD,HOWARD,67.9,,
154768,ShunDerrick Powell,HB,0,2025,2025,132,9.8,47,70.7,54.7,,27,0,1,0,0,10,2,0,12,10,2,CENT ARK,CENT ARK,,,46.7
155205,Cee Chosen,WR,0,,2026,317,,55.4,71.7,56.1,60,02,0,1,0,0,4,0,3,7,4,3,TOWSON,TOWSON,,,
155242,Jeremiah Frazier,G,0,,2026,105,,64.5,76.3,,65.7,78,0,1,0,8,0,0,21,29,8,21,ALABAMA ST,ALABAMA ST,40.2,,
155249,Isaiah Nwokenkwo,HB,0,,2026,104,71.9,66.5,74.1,54.7,60,23,0,1,0,4,11,8,2,25,15,10,ALAB A&M,ALAB A&M,77.4,,67.6
155264,Hunter Smith,G,0,,2026,401,,62,0,,63.6,60,1,1,0,22,0,0,30,52,22,30,TARLETON,TARLETON,81.4,,
155277,Ryan Iiams,G,0,,2026,150,,51.2,79.2,,47.3,56,0,1,0,24,0,0,45,69,24,45,DAYTON,DAYTON,79.3,,
155299,Marqeese Dietz,WR,0,,2026,106,62.9,57.4,76.5,57.4,60,04,0,1,0,0,25,0,6,31,25,6,ALBANY,ALBANY,,,
155366,AJ Barber,WR,0,,2025,272,69.8,70.8,78.1,70.5,61,86,0,1,0,0,46,0,16,62,46,16,PRINCETON,PRINCETON,,,
155368,Simon Brackin,TE,0,,2026,272,,59.8,71.9,56.6,57.7,48,0,1,0,6,2,0,7,15,8,7,PRINCETON,PRINCETON,72.2,,
155372,Luke Colella,WR,0,,2026,272,66.2,63,0,64.2,62.3,01,1,1,0,0,47,0,20,67,47,20,PRINCETON,PRINCETON,,,
155375,Mac Duda,G,0,,2026,272,,60,60,,60,74,0,1,0,0,0,0,1,1,0,1,PRINCETON,PRINCETON,,,
155377,Jalen Geer,WR,0,,2027,272,64.1,58.3,78.8,58.3,57.3,08,0,1,0,0,43,0,13,56,43,13,PRINCETON,PRINCETON,,,
155381,Nick Hilliard,G,0,,2026,272,,68.1,79.6,,65.7,79,0,1,0,53,0,0,22,75,53,22,PRINCETON,PRINCETON,77.2,,
155382,Connor Hulstein,TE,0,2026,2026,272,,49.1,76.4,51.3,50.2,03,0,1,0,1,27,0,3,31,28,3,PRINCETON,PRINCETON,67.3,,
155388,Matthew Mahoney,WR,0,,2026,272,,50.2,74.6,54.3,41.8,10,0,1,0,0,9,0,9,18,9,9,PRINCETON,PRINCETON,,,
155391,Tommy Matheson,G,0,,2026,272,,75,80.5,,77.1,76,0,1,0,53,0,0,22,75,53,22,PRINCETON,PRINCETON,77.2,,
155401,Will Reed,T,0,,2027,272,,71.5,77.3,,66,66,0,1,0,53,0,0,22,75,53,22,PRINCETON,PRINCETON,76.2,,
155409,Payton Tally,S,0,,2026,272,,60,65,,60,D20,0,1,0,0,0,0,1,1,0,1,PRINCETON,PRINCETON,,,
155414,John Volker,HB,0,,2026,272,72.6,63.4,74.5,57.1,73.4,02,0,1,0,5,21,9,0,35,26,9,PRINCETON,PRINCETON,78,,61
155505,Jaylen White,HB,0,,2026,244,68.8,50,70.8,55.5,59.2,12,0,1,0,0,4,3,2,9,4,5,NORFOLK,NORFOLK,,,51.9
155509,Matt Carlino,TE,0,,2025,151,,60.1,68.4,,60.1,86,0,1,0,0,0,0,3,3,0,3,DELAWARE,DELAWARE,,,
155797,Dylan Boone,TE,0,,2026,290,,31.9,68.9,30.5,58.1,43,0,1,0,0,1,0,5,6,1,5,SCAR STATE,SCAR STATE,,,
155842,Dion Daniels,T,0,,2025,183,,63.3,77.1,,56.7,52,0,1,0,33,0,0,34,67,33,34,HOUCHR,HOUCHR,82.8,,
155862,Matthew Rau,G,0,,2026,124,,53.1,78.5,,51.4,55,0,1,0,43,0,0,16,59,43,16,BRYANT,BRYANT,47.7,,
155870,C.J. Henry,QB,0,,2026,152,69.5,58.5,76.7,,60,16,0,1,34,0,0,2,28,64,34,30,DELWARE ST,DELWARE ST,,59.4,54.7
155872,Nigel Brown,DI,0,,2025,271,,59.5,67.6,,58.4,D33,0,1,0,0,0,0,2,2,0,2,PRESBYTERN,PRESBYTERN,,,
155878,Tyleek Sealey,HB,0,,2025,271,65.5,64.5,70,59.9,60,34,0,1,0,0,1,2,2,5,1,4,PRESBYTERN,PRESBYTERN,,,63.5
155884,Reese Dykstra,TE,0,,2025,1298,,60.9,72,56.3,66.3,36,0,1,0,0,2,0,8,10,2,8,LIUSHAR,LIUSHAR,,,
155918,Remiello Thomas,TE,0,,2026,228,,44.3,74.2,57.2,45.1,89,0,1,0,4,2,0,22,28,6,22,MS VLY ST,MS VLY ST,69.3,,
155919,Tyler McMillan,T,0,,2027,293,,61.8,0.5,,58.9,75,1,1,0,25,0,0,20,45,25,20,SE MO ST,SE MO ST,86.7,,
155922,Adrian Green,WR,0,,2026,183,61,55,73.2,55.3,60.7,09,0,1,0,0,9,0,5,14,9,5,HOUCHR,HOUCHR,,,
155944,Alain Paul,WR,0,,2025,1298,,60,66.3,,60,31,0,1,0,0,0,0,2,2,0,2,LIUSHAR,LIUSHAR,,,
155969,Tyion Berry,WR,0,,2026,132,61,53.9,72.1,54.5,60,01,0,1,0,0,12,0,3,15,12,3,CENT ARK,CENT ARK,,,
155974,Peyton Davis,C,0,,2026,344,,60,68.7,,60,62,0,1,0,2,0,0,1,3,2,1,W CAROLINA,W CAROLINA,72.1,,
155988,Luke Beltavski,C,0,,2026,277,,62.7,79.8,,61,67,0,1,0,39,0,0,33,72,39,33,ROB MORRIS,ROB MORRIS,63.9,,
155995,Cory Hennings,LB,0,,2025,344,,60,60,,60,D40,0,1,0,0,0,0,1,1,0,1,W CAROLINA,W CAROLINA,,,
156050,Antuan Wells,G,0,,2026,119,,81.7,79.9,,83.5,79,0,1,0,41,0,0,27,68,41,27,BETH COOK,BETH COOK,82.4,,
156096,Billy Thursland,C,0,,2026,1139,,62.9,81,,56.3,51,0,1,0,75,0,0,24,99,75,24,TXAMEA,TXAMEA,74.1,,
156259,Eric Weatherly,WR,0,,2027,125,71,83.2,80,83.5,61.4,02,0,1,0,0,48,1,21,70,48,22,BUCKNELL,BUCKNELL,,,57.6
156261,Mehki Wall,WR,1,,2028,247,62.9,67.9,0,71.5,60.6,11,1,1,0,0,9,0,8,17,9,8,NC CENT,NC CENT,,,
156289,Jimmy Casey,TE,0,,2028,280,,51.5,75.6,51.8,58.3,81,0,1,0,2,8,0,26,36,10,26,SACR HEART,SACR HEART,18.9,,
156428,Cael Vanderbush,TE,0,,2027,191,,60,63.5,,60,16,0,1,0,0,0,0,1,1,0,1,INDIANA ST,INDIANA ST,,,
156502,Rashad Rochelle,WR,0,2026,2026,191,70.7,78.2,81.3,78.2,62.2,08,0,1,1,0,41,0,22,64,42,22,INDIANA ST,INDIANA ST,,56.9,
156570,Caleb Billiot,C,0,,2027,257,,45.6,76.9,,49.5,50,0,1,0,15,0,0,17,32,15,17,NWSTATE,NWSTATE,33.7,,
156659,Saidou Ba,T,0,,2027,308,,52.2,76.3,,50.9,55,0,1,0,25,0,0,29,54,25,29,TENN STATE,TENN STATE,53.1,,
156690,KZ Adams,HB,0,,2027,290,75,64.1,76.6,55.3,59.6,17,0,1,0,7,16,9,3,35,23,12,SCAR STATE,SCAR STATE,60.2,,66.9
156757,Tyler Hatcher,TE,0,,2027,178,,48.3,75.7,50.7,49.8,08,0,1,0,0,12,0,17,29,12,17,HAMPTON,HAMPTON,,,
156789,Antonio Robinson,WR,0,,2027,230,,60.3,70.2,,60.2,06,0,1,0,0,0,0,6,6,0,6,MO STATE,MO STATE,,,
156793,DeMarcus McElroy,HB,0,,2028,299,74,75.2,76.1,53.5,,12,0,1,0,2,16,12,0,30,18,12,ST FRANCIS,ST FRANCIS,74.8,,77.3
156795,Trent Fraley,C,0,,2027,250,,66.6,79,,64.1,63,0,1,0,28,0,0,28,56,28,28,N DAK ST,N DAK ST,68.4,,
156804,Cam Pedro,WR,0,,2027,293,68.4,75.5,77.7,71.6,59,00,0,1,0,0,38,1,17,56,38,18,SE MO ST,SE MO ST,,,69.4
156806,Sean Sallis,TE,0,,2029,1139,62.9,77.9,70.6,83.5,59.7,83,0,1,0,0,3,0,2,5,3,2,TXAMEA,TXAMEA,,,
156807,Caden Burti,WR,0,,2027,106,66.7,70.9,78.9,70.2,61.2,19,0,1,0,0,42,0,16,58,42,16,ALBANY,ALBANY,,,
156891,Dijon Jennings,QB,0,,2027,342,64.4,56.5,68.1,,60,19,0,1,2,0,0,1,2,5,2,3,WEBER ST,WEBER ST,,61.7,57.7
156919,Ta'ir Brooks,WR,0,,2026,252,62.9,62.5,77.7,62.1,60.8,01,0,1,0,0,21,0,24,45,21,24,N ARIZONA,N ARIZONA,,,
157209,Joey Treccia,C,0,,2027,345,,52,80,,51.8,54,0,1,0,48,0,0,25,73,48,25,W ILLINOIS,W ILLINOIS,50.9,,
157212,Vann Schield,HB,0,,2026,253,69.7,58.6,69.6,59.5,57.9,28,0,1,0,0,1,5,8,14,1,13,N COLORADO,N COLORADO,,,59.4
157335,Hut Graham,WR,0,,2027,100,,46.5,69.4,44.2,73.6,02,0,1,0,0,4,0,3,7,4,3,ABILENE CH,ABILENE CH,,,
157514,Vance Van Every,C,0,,2025,310,,66,79.3,,60.5,55,0,1,0,40,0,0,23,63,40,23,TENN MARTN,TENN MARTN,80.2,,
157566,Quaron Adams,WR,0,,2027,291,62.9,72.7,0,74.6,62.4,04,1,1,0,0,19,0,11,30,19,11,S DAKOTA,S DAKOTA,,,
157600,Greg Gaines III,WR,0,,2027,274,65,65.2,78.6,64.8,61.3,08,0,1,0,0,31,0,28,59,31,28,RHODE ISLD,RHODE ISLD,,,
157629,Ryder MacGillivray,WR,0,,2025,253,,55.7,70.4,56.3,60,84,0,1,0,0,6,0,2,8,6,2,N COLORADO,N COLORADO,,,
157701,Chernet Estes,WR,0,,2027,1285,,59,64.1,59.9,,81,0,1,0,0,1,0,0,1,1,0,UTAHTC,UTAHTC,,,
157830,Tyler Voss,QB,0,,2027,283,61.8,58.3,68.1,,60,18,0,1,2,0,0,0,3,5,2,3,SAN DIEGO,SAN DIEGO,,57.9,
157872,Caeleb Schlachter,TE,0,,2029,159,61,48.7,79.1,51.2,50.7,89,0,1,0,1,25,0,34,60,26,34,E KENTUCKY,E KENTUCKY,66.8,,
157967,Johnny Martin,HB,0,,2027,303,65.5,69.9,67.4,,,00,0,1,0,1,0,2,0,3,1,2,STNY BROOK,STNY BROOK,67.5,,67.2
157984,Micah Bell,HB,0,,2027,219,68.6,60.7,69.6,57.5,60,27,0,1,0,0,3,4,1,8,3,5,MERCER,MERCER,,,61.1
157995,Tevin Carter,QB,0,,2028,308,67.3,48.5,66.6,,,21,0,1,0,0,0,3,0,3,0,3,TENN STATE,TENN STATE,,,53.3
158044,Nevan Cremascoli,QB,0,,2027,291,65.5,72.5,65.5,,,13,0,1,0,0,0,2,0,2,0,2,S DAKOTA,S DAKOTA,,,66.8
158138,Hunter Ridley,K,0,,2026,322,,60,64.1,,60,S43,0,1,0,0,0,0,1,1,0,1,UC DAVIS,UC DAVIS,,,
158146,Jeff Weimer,WR,0,2026,2026,186,69,62.8,81.3,62.3,62.1,06,0,1,0,0,59,0,21,80,59,21,IDAHO ST,IDAHO ST,,,
158161,Nate Anderson,WR,0,,2026,125,69.2,71.4,77.8,70.6,63.2,17,0,1,0,0,51,0,26,77,51,26,BUCKNELL,BUCKNELL,,,
158204,Matt Fries,T,0,,2027,231,,60,64.3,,,73,0,1,0,1,0,0,0,1,1,0,MONMOUTH,MONMOUTH,72.5,,
158220,Chase Miller,WR,0,,2027,1470,62.9,59.7,76.1,59.6,59.4,18,0,1,0,0,21,0,14,35,21,14,STHLSK,STHLSK,,,
158357,Nate Lewis,G,0,,2027,116,,50.6,78.5,,52.8,68,0,1,0,38,0,0,17,55,38,17,AUSTINPEAY,AUSTINPEAY,29.4,,
158419,Taylor Love,LB,0,,2027,309,,60,60,,60,D10,0,1,0,0,0,0,1,1,0,1,TENN TECH,TENN TECH,,,
158446,Jaquan Lee,WR,0,,2028,164,62.9,62,0,62.4,79.5,21,1,1,0,0,24,0,16,40,24,16,FL A&M,FL A&M,,,
158474,Noah Bennee,TE,0,,2028,342,61,63.6,77.3,58.8,85.6,84,0,1,0,6,20,0,9,35,26,9,WEBER ST,WEBER ST,43.7,,
158519,Cole Pruett,WR,0,,2027,161,,54.2,74.3,55.3,55.6,83,0,1,0,0,6,0,9,15,6,9,E WASHGTON,E WASHGTON,,,
158584,Sam Hicks,HB,0,,2025,100,41.9,67.7,79,65.4,59.6,06,0,1,0,3,52,22,2,79,55,24,ABILENE CH,ABILENE CH,76.4,,68.3
158764,Tyler Leinberger,C,0,,2027,178,,61.6,80.5,,59.2,64,0,1,0,42,0,0,37,79,42,37,HAMPTON,HAMPTON,69,,
158797,Rambo Mageo,T,0,,2028,1285,,45.2,76.9,,53.4,78,0,1,0,43,0,0,27,70,43,27,UTAHTC,UTAHTC,25.4,,
158816,Tye Edwards,HB,0,,2026,255,74,74.5,73.8,65.8,58.7,02,0,1,0,1,14,12,3,30,15,15,N IOWA,N IOWA,68.1,,74.6
158922,Logan Booher,WR,0,,2026,129,66.7,66.3,77.7,65.9,59.8,00,0,1,0,0,38,0,9,47,38,9,CAL POLY,CAL POLY,,,
158925,Troy Fletcher,HB,0,,2027,129,69.9,68.7,73.7,68.7,59.9,21,0,1,0,4,9,5,3,21,13,8,CAL POLY,CAL POLY,77.1,,67.1
158951,Talon Betts,HB,0,,2027,161,65.5,72.2,65.2,,,25,0,1,0,0,0,2,0,2,0,2,E WASHGTON,E WASHGTON,,,68.9
158955,Wesley Garrett,WR,0,,2027,161,,53.9,76.8,52.8,61.6,13,0,1,0,0,11,0,27,38,11,27,E WASHGTON,E WASHGTON,,,
158957,Bret Fullington,G,0,,2026,161,,59.4,70.1,,58.9,74,0,1,0,1,0,0,4,5,1,4,E WASHGTON,E WASHGTON,70.6,,
158966,Jack Layne,QB,0,,2027,185,70.3,63.3,76.9,,60.1,02,0,1,32,0,0,4,29,65,32,33,IDAHO,IDAHO,,59.4,66
158967,Jordan Dwyer,WR,0,,2027,185,66,61.8,78.8,61.2,62.3,06,0,1,0,0,29,0,27,56,29,27,IDAHO,IDAHO,,,
158975,Jack Foster,T,0,,2027,185,,46.8,76.5,,48.6,55,0,1,0,32,0,0,33,65,32,33,IDAHO,IDAHO,42.1,,
158979,Ayden Knapik,T,0,,2026,185,,69.6,77.1,,65.3,75,0,1,0,32,0,0,33,65,32,33,IDAHO,IDAHO,74.5,,
159007,Eli Gillman,HB,0,,2027,232,74.8,72.2,75,52.6,60,10,0,1,0,4,11,14,2,31,15,16,MONTANA,MONTANA,51.9,,73.6
159044,Chance Miller,WR,0,,2026,269,,53.8,76.6,53.1,61.4,81,0,1,0,0,18,0,23,41,18,23,PORTLAND,PORTLAND,,,
159048,Brooks Ferguson,TE,0,,2027,269,,57.7,68.5,,57.4,16,0,1,0,0,0,0,4,4,0,4,PORTLAND,PORTLAND,,,
159056,Tanner Beaman,TE,0,,2029,269,61,70.8,77.4,78.7,60.9,89,0,1,0,1,12,0,44,57,13,44,PORTLAND,PORTLAND,65.6,,
159061,Quincy Craig,HB,0,,2027,269,76.6,68.9,75.2,64.7,60.1,17,0,1,1,0,18,16,3,38,19,19,PORTLAND,PORTLAND,,46.8,71
159064,Jaylen Lynch,WR,0,,2028,269,,56.4,76.6,53.3,75.1,00,0,1,0,0,17,0,23,40,17,23,PORTLAND,PORTLAND,,,
159079,Gavin Ortega,T,0,2026,2026,342,,77.6,77.1,,75.3,71,0,1,0,39,0,0,23,62,39,23,WEBER ST,WEBER ST,77.4,,
159080,Marvin Session,WR,0,,2027,342,61,55.9,72.4,56.3,60,18,0,1,0,0,9,0,3,12,9,3,WEBER ST,WEBER ST,,,
159082,Nelson Arapa,T,0,,2027,342,,58.5,73.7,,63.4,64,0,1,0,17,0,0,10,27,17,10,WEBER ST,WEBER ST,41.3,,
159084,Adrian Cormier,HB,0,,2027,342,66.9,62.8,69.4,66.6,,02,0,1,0,1,3,2,0,6,4,2,WEBER ST,WEBER ST,69.7,,58.6
159089,Marcus Chretien,WR,0,,2027,342,62.9,52.3,79.9,52,61.1,87,0,1,0,0,35,0,22,57,35,22,WEBER ST,WEBER ST,,,
159100,Bryant Ward,HB,0,,2025,162,62.5,55.8,63.5,,,D35,0,1,0,0,0,1,0,1,0,1,ELON,ELON,,,57.3
159106,William Lankford,WR,0,,2027,162,,60,66.2,,60,07,0,1,0,0,0,0,2,2,0,2,ELON,ELON,,,
159110,Carlos Moore,T,0,,2027,162,,71.2,76.2,,63.4,78,0,1,0,30,0,0,31,61,30,31,ELON,ELON,85.6,,
159119,Tim Hogan,G,0,,2027,162,,61.6,78.6,,59.9,65,0,1,0,30,0,0,31,61,30,31,ELON,ELON,66.3,,
159121,Landyn Backey,WR,0,,2027,162,62.9,67.8,73.3,67.2,59.7,03,0,1,0,0,6,0,9,15,6,9,ELON,ELON,,,
159125,Rohan Jones,TE,0,2026,2026,233,64.1,58.3,77.3,59.1,56.8,08,0,1,0,1,18,0,17,36,19,17,MONTANA ST,MONTANA ST,65.3,,
159126,Jack Boutaugh,G,0,,2027,212,,66.5,74,,64.6,64,0,1,0,8,0,0,7,15,8,7,MAINE,MAINE,79.3,,
159129,Ayden Pereira,QB,0,,2027,385,27.1,33.5,77,,60,13,0,1,30,0,0,14,28,72,30,42,MERRIMACK,MERRIMACK,,27.7,57.4
159163,Jackson Stone,S,0,,2027,240,,60,65,,60,D32,0,1,0,0,0,0,1,1,0,1,NEW HAMP,NEW HAMP,,,
159164,Colby Ramshaw,TE,0,,2027,240,62.9,51.1,77.3,50.2,56.9,85,0,1,0,4,36,0,14,54,40,14,NEW HAMP,NEW HAMP,70.1,,
159171,D.J. Linkins,WR,0,,2028,309,64.1,64.3,77.8,66.3,44.4,10,0,1,0,0,26,0,16,42,26,16,TENN TECH,TENN TECH,,,
159174,Quanye Veney,WR,0,,2028,276,61,68.9,70.8,67.3,60.2,03,0,1,0,0,6,0,4,10,6,4,RICHMOND,RICHMOND,,,
159176,Phillip Gray,T,0,,2027,276,,52.2,73.2,,49,73,0,1,0,8,0,0,14,22,8,14,RICHMOND,RICHMOND,71.5,,
159177,Parker Mitchell,T,0,,2027,276,,58.5,0,,66.2,76,2,1,0,19,0,0,36,55,19,36,RICHMOND,RICHMOND,71.5,,
159178,Sean Clarke,TE,0,,2027,276,,51.6,72.4,59.6,52.7,87,0,1,0,1,1,0,17,19,2,17,RICHMOND,RICHMOND,68.4,,
159180,Trae Tomlinson,CB,0,,2026,276,,60,64.9,,60,D20,0,1,0,0,0,0,1,1,0,1,RICHMOND,RICHMOND,,,
159181,Jordan Allen,S,0,,2027,276,,60,60,,60,D27,0,1,0,0,0,0,1,1,0,1,RICHMOND,RICHMOND,,,
159200,Muhammad Abbasi,WR,0,,2025,317,,48.4,67.5,58.2,37.4,84,0,1,0,0,2,0,1,3,2,1,TOWSON,TOWSON,,,
159212,Zay Perkins,WR,0,,2026,317,61,51.3,75.3,51.8,60.2,19,0,1,0,0,22,0,5,27,22,5,TOWSON,TOWSON,,,
159221,AJ Woodard,C,0,,2027,348,,60,65.2,,59.5,62,0,1,0,0,0,0,2,2,0,2,WM & MARY,WM & MARY,,,
159224,Kadin Lynch,G,0,,2027,348,,71.6,78.9,,74.5,72,0,1,0,19,0,0,32,51,19,32,WM & MARY,WM & MARY,40.5,,
159227,Carson Jenkins,WR,0,,2028,348,68.9,55.1,68,58.7,,83,0,1,0,0,2,1,0,3,2,1,WM & MARY,WM & MARY,,,59
159230,Sean McElwain,TE,0,,2028,348,,60.7,75.7,51.1,65.3,87,0,1,0,2,12,0,29,43,14,29,WM & MARY,WM & MARY,69.2,,
159231,Owen Copeland,TE,0,,2027,348,,58.1,65.6,59.5,,88,0,1,0,0,1,0,0,1,1,0,WM & MARY,WM & MARY,,,
159245,AJ Simpkins,QB,0,,2026,145,70.5,74.8,69.8,,,12,0,1,2,0,0,6,0,8,2,6,COLUMBIA,COLUMBIA,,92.8,53
159252,James Lill,C,0,,2026,145,,57.3,73.4,,59.8,64,0,1,0,7,0,0,5,12,7,5,COLUMBIA,COLUMBIA,36.8,,
159254,Noah Jordan,T,0,,2027,145,,63.6,15.2,,62.3,77,1,1,0,30,0,0,34,64,30,34,COLUMBIA,COLUMBIA,78.5,,
159257,Jordan Kelley,WR,0,,2028,145,61,56.6,77.7,56.3,61.4,19,0,1,0,0,26,0,19,45,26,19,COLUMBIA,COLUMBIA,,,
159259,Cobe Crews,CB,0,,2026,145,,60,60,,60,D09,0,1,0,0,0,0,1,1,0,1,COLUMBIA,COLUMBIA,,,
159262,Ethan Hebb,WR,0,,2026,145,61,68.9,74.1,68.6,60,10,0,1,0,0,4,0,15,19,4,15,COLUMBIA,COLUMBIA,,,
159264,Jack Smiechowski,LB,0,,2026,145,,60,60,,60,D15,0,1,0,0,0,0,1,1,0,1,COLUMBIA,COLUMBIA,,,
159265,Joshua Powell,ED,0,,2026,145,62.5,60,60,,,D13,0,1,0,0,0,1,0,1,0,1,COLUMBIA,COLUMBIA,,,60
159272,Aaron Yoo,LS,0,,2026,145,,60,60,,60,S39,0,1,0,0,0,0,1,1,0,1,COLUMBIA,COLUMBIA,,,
159274,Parker Woodring,WR,0,,2026,147,66.2,63.7,79.3,64.5,48.3,13,0,1,0,1,43,0,31,75,44,31,CORNELL,CORNELL,67.4,,
159275,Doryn Smith,WR,0,,2026,147,62.4,55.6,77,58.3,53.8,18,0,1,1,0,34,0,27,62,35,27,CORNELL,CORNELL,,50,
159280,Ty Short,G,0,,2026,147,,60.4,78.5,,57.3,65,0,1,0,39,0,0,14,53,39,14,CORNELL,CORNELL,66.8,,
159281,Evan Nesmith,T,0,,2027,147,,62.9,73.6,,60.5,66,0,1,0,11,0,0,18,29,11,18,CORNELL,CORNELL,69.6,,
159286,Joey Cheshire,LB,0,,2027,147,,60,60,,60,D14,0,1,0,0,0,0,1,1,0,1,CORNELL,CORNELL,,,
159290,James Reinbold,ED,0,,2027,147,,60,63.5,,60,D32,0,1,0,0,0,0,1,1,0,1,CORNELL,CORNELL,,,
159296,Kevin Ma,C,0,,2026,147,,74.5,80.5,,69.7,69,0,1,0,52,0,0,33,85,52,33,CORNELL,CORNELL,82.8,,
159302,Chris Corbo,TE,0,,2027,148,62.9,62.5,77.1,58.9,75.9,26,0,1,0,0,18,0,6,24,18,6,DARTMOUTH,DARTMOUTH,,,
159304,Maxwell Wentz,C,0,,2027,148,,63.1,75.3,,58.3,66,0,1,0,18,0,0,2,20,18,2,DARTMOUTH,DARTMOUTH,83.1,,
159309,Desmin Jackson,HB,0,,2027,148,65.7,69,73.8,73.8,60,25,0,1,0,0,24,0,1,25,24,1,DARTMOUTH,DARTMOUTH,,,
159311,D.J. Crowther,HB,0,,2027,148,69.9,58.6,74,54.7,81.8,15,0,1,0,0,15,5,1,21,15,6,DARTMOUTH,DARTMOUTH,,,56.9
159312,Vasean Washington,G,0,,2027,148,,55.5,68.1,,58.9,90,0,1,0,1,0,0,4,5,1,4,DARTMOUTH,DARTMOUTH,28.8,,
159313,Delby Lemieux,T,0,2026,2026,148,,60.1,77.1,,42.1,75,0,1,0,52,0,0,15,67,52,15,DARTMOUTH,DARTMOUTH,84.8,,
159314,Grayson O'Bara,WR,0,,2027,148,65.7,63.3,77.9,62.8,60.3,19,0,1,0,0,36,0,4,40,36,4,DARTMOUTH,DARTMOUTH,,,
159315,Daniel Haughton,WR,0,,2027,148,66.2,68.7,78.7,68,60.8,11,0,1,0,0,48,0,15,63,48,15,DARTMOUTH,DARTMOUTH,,,
159319,Sean Ward,TE,0,,2027,148,61,51.3,74.6,51.8,56.5,89,0,1,0,0,15,0,11,26,15,11,DARTMOUTH,DARTMOUTH,,,
159325,Caydon Coffman,WR,0,,2026,179,,58.6,71.1,59.3,60.1,15,0,1,0,0,1,0,9,10,1,9,HARVARD,HARVARD,,,
159328,Dean Boyd,WR,0,,2026,179,,56.8,73.6,56.8,60.1,02,0,1,0,0,3,0,10,13,3,10,HARVARD,HARVARD,,,
159330,Aidan Kilstrom,G,0,,2027,179,,68.5,79.3,,65.9,52,0,1,0,41,0,0,33,74,41,33,HARVARD,HARVARD,80.9,,
159333,Cooper Barkate,WR,0,,2027,179,68.2,81.1,78.6,82.1,47.5,18,0,1,0,0,40,0,24,64,40,24,HARVARD,HARVARD,,,
159336,Derek Osman,T,0,,2028,179,,61.8,74.7,,59.2,55,1,1,0,20,0,0,19,39,20,19,HARVARD,HARVARD,65.8,,
159342,Jaden Craig,QB,0,,2027,179,19.2,71.1,71.8,,60,01,0,1,12,0,0,0,4,16,12,4,HARVARD,HARVARD,,82.2,48.9
159353,Max Ziebarth,TE,0,,2027,188,,60,69.1,,60,82,0,1,0,0,0,0,4,4,0,4,ILL STATE,ILL STATE,,,
159358,Cal Martine,FB,0,,2026,188,,60,66.4,,60,45,0,1,0,0,0,0,2,2,0,2,ILL STATE,ILL STATE,,,
159363,Rylan Crawford,WR,0,,2027,188,,56,74.1,55.7,62.4,15,0,1,0,0,5,0,10,15,5,10,ILL STATE,ILL STATE,,,
159364,Landon Woodard,G,0,,2027,188,,65.3,79.1,,59.3,68,0,1,0,43,0,0,27,70,43,27,ILL STATE,ILL STATE,88.1,,
159367,Kai Rios,TE,0,,2027,191,,50,75.9,53,50.9,88,0,1,0,1,9,0,19,29,10,19,INDIANA ST,INDIANA ST,65.3,,
159369,Rocco Ciocca,TE,0,,2027,191,,58.1,67.5,60,59.3,80,0,1,0,0,1,0,3,4,1,3,INDIANA ST,INDIANA ST,,,
159372,Shane O'Mara,G,0,,2025,191,,60.4,79.6,,52.2,54,0,1,0,46,0,0,32,78,46,32,INDIANA ST,INDIANA ST,89.3,,
159374,Alex Todt,T,0,,2027,191,,59.1,11.8,,62.8,75,1,1,0,46,0,0,32,78,46,32,INDIANA ST,INDIANA ST,56.6,,
159377,Zavion Taylor,WR,0,,2026,191,66.4,57.1,78.7,53.9,70.1,04,0,1,0,0,45,1,30,76,45,31,INDIANA ST,INDIANA ST,,,62.7
159379,Kevin Barnett,WR,0,,2025,191,61,46.4,78.1,48.5,42.7,00,0,1,0,0,30,0,11,41,30,11,INDIANA ST,INDIANA ST,,,
159388,Kolten Gajewski,ED,0,,2027,191,,60,71.8,,60,D06,0,1,0,0,0,0,1,1,0,1,INDIANA ST,INDIANA ST,,,
159393,DJ Griffith,LB,0,,2027,191,,60,60,,60,D15,0,1,0,0,0,0,1,1,0,1,INDIANA ST,INDIANA ST,,,
159407,Harry Traum,P,0,,2026,191,,60,70.3,,60,S46,0,1,0,0,0,0,1,1,0,1,INDIANA ST,INDIANA ST,,,
159423,Brady McCullough,TE,0,,2027,255,,70.9,70,56.3,84.3,83,0,1,0,0,4,0,2,6,4,2,N IOWA,N IOWA,,,
159446,Pat Bowen,HB,0,,2026,1298,67.3,54.7,75.4,54,57.1,04,0,1,0,5,19,3,10,37,24,13,LIUSHAR,LIUSHAR,57.8,,55
159449,Luca Stanzani,QB,0,,2027,1298,67.9,72,71,60,60,11,0,1,5,0,1,3,4,13,6,7,LIUSHAR,LIUSHAR,,57.9,70.6
159482,James Tharpe,TE,0,,2026,299,61,80.9,71.3,84.4,59.5,49,0,1,0,0,2,0,3,5,2,3,ST FRANCIS,ST FRANCIS,,,
159483,Connor Van Tassell,T,0,,2027,299,,67.2,76.8,,64,67,0,1,0,30,0,0,38,68,30,38,ST FRANCIS,ST FRANCIS,70.9,,
159485,Mason Imbt,G,0,,2027,299,,67.7,80,,64.8,62,0,1,0,30,0,0,38,68,30,38,ST FRANCIS,ST FRANCIS,84.2,,
159487,Brayden Porter,FB,0,,2026,299,61.9,59.8,68.3,59.5,60,27,0,1,0,0,1,0,3,4,1,3,ST FRANCIS,ST FRANCIS,,,
159490,Nick Whitfield Jr.,QB,0,,2027,299,69.8,85.6,77.1,,60.3,06,1,1,30,0,0,3,35,68,30,38,ST FRANCIS,ST FRANCIS,,87.4,56.8
159496,Adrian Mejia,QB,0,,2027,299,65.5,62,72.2,59.7,58,08,0,1,0,0,1,2,4,7,1,6,ST FRANCIS,ST FRANCIS,,,62.8
159502,Carter Glassmyer,LB,0,,2027,276,,60,60,,60,D10,0,1,0,0,0,0,1,1,0,1,RICHMOND,RICHMOND,,,
159507,Quasean Holmes,HB,0,,2026,171,69.5,56.1,72.5,62.8,60,03,0,1,0,0,4,4,1,9,4,5,GARD-WEBB,GARD-WEBB,,,55.5
159547,Derek Burrell,WR,0,,2027,338,,53.2,72.9,53.9,60,19,0,1,0,0,10,0,2,12,10,2,WAGNER,WAGNER,,,
159550,Zach Palmer-Smith,HB,0,,2026,276,78.2,72.8,75.8,67,50.5,09,0,1,0,3,11,26,6,46,14,32,RICHMOND,RICHMOND,76.8,,71.9
159563,Prinz Guitian,G,0,,2027,338,,56.9,71.9,58.2,57.1,54,0,1,0,2,2,0,14,18,4,14,WAGNER,WAGNER,70.3,,
159584,Van Keen,C,0,,2027,353,,65.1,6.6,,65.2,67,1,1,0,46,0,0,30,76,46,30,YNGTOWN ST,YNGTOWN ST,73,,
159593,Jay Pearson,HB,0,,2027,158,73.1,60.4,71.8,60,,21,0,1,0,7,1,10,0,18,8,10,E ILLINOIS,E ILLINOIS,80,,59.1
159596,Johnathan Arellano,T,0,,2026,158,,60,60,,60,75,0,1,0,0,0,0,1,1,0,1,E ILLINOIS,E ILLINOIS,,,
159600,Bryce Burnett,T,0,,2027,158,,60,60,,60,76,0,1,0,0,0,0,1,1,0,1,E ILLINOIS,E ILLINOIS,,,
159606,Alex Ginnever,TE,0,,2027,158,61,48.5,77.4,40.9,66.4,87,0,1,0,8,23,0,35,66,31,35,E ILLINOIS,E ILLINOIS,32.6,,
159613,Cody Silzer,ED,0,,2028,158,,60,60,,60,D96,0,1,0,0,0,0,1,1,0,1,E ILLINOIS,E ILLINOIS,,,
159616,Brett Galletti,LS,0,,2026,158,,60,60,,60,S98,0,1,0,0,0,0,2,2,0,2,E ILLINOIS,E ILLINOIS,,,
159618,Paxton DeLaurent,QB,0,,2025,293,70.9,92.2,77.5,,60,10,0,1,43,0,0,4,31,78,43,35,SE MO ST,SE MO ST,,90.6,80.2
159621,Darrell Smith,HB,0,,2026,293,22.7,72,71,59.8,60,05,0,1,0,1,1,7,1,10,2,8,SE MO ST,SE MO ST,74.6,,70.5
159622,Kobe Sixkiller,C,0,,2025,293,,59.4,0,,61.1,69,2,1,0,43,0,0,35,78,43,35,SE MO ST,SE MO ST,80.9,,
159634,Jamarcus Hill,T,0,,2027,293,,44.2,0,,47.2,72,1,1,0,18,0,0,15,33,18,15,SE MO ST,SE MO ST,61.4,,
159635,Nolan Reed,TE,0,,2027,293,,62.6,74.5,56.1,62.9,43,0,1,0,4,2,0,16,22,6,16,SE MO ST,SE MO ST,68.5,,
159646,Rashad Turner,T,0,,2027,293,,62.4,77.4,,52.6,77,0,1,0,43,0,0,35,78,43,35,SE MO ST,SE MO ST,83.6,,
159654,Jordan Gant,HB,0,,2027,308,71,63.9,73.9,58.2,60,02,0,1,0,5,6,6,3,20,11,9,TENN STATE,TENN STATE,80,,63.5
159658,Jamari Freeman,G,0,,2027,308,,54.9,78.8,,56.9,63,0,1,0,31,0,0,33,64,31,33,TENN STATE,TENN STATE,30,,
159694,Austin Bray,TE,0,,2027,353,66.6,62,77.6,60.6,63.3,85,0,1,0,0,36,0,19,55,36,19,YNGTOWN ST,YNGTOWN ST,,,
159715,Josh Gary,WR,0,,2026,125,64.1,58.1,80.3,57.7,63.4,03,0,1,0,0,49,0,23,72,49,23,BUCKNELL,BUCKNELL,,,
159721,Kieran Coscia,T,0,,2026,125,,29.4,71.1,,48.4,60,1,1,0,3,0,0,12,15,3,12,BUCKNELL,BUCKNELL,0,,
159726,John Ohnegian,C,0,,2027,125,,72.3,12,,72.9,78,1,1,0,53,0,0,27,80,53,27,BUCKNELL,BUCKNELL,75.7,,
159727,Charlie Kreinbucher,TE,0,,2026,125,65,59,77.8,58.9,57.8,82,0,1,0,7,28,0,15,50,35,15,BUCKNELL,BUCKNELL,60.2,,
159740,Dean DeNobile,QB,0,,2027,203,68.4,77.9,75,,60,16,0,1,26,0,0,1,16,43,26,17,LAFAYETTE,LAFAYETTE,,77.9,59.4
159741,Jamar Curtis,HB,0,,2028,203,72.1,85,73.6,91,60,05,0,1,0,0,6,8,1,15,6,9,LAFAYETTE,LAFAYETTE,,,76.1
159745,Brian Baucia,G,0,,2026,203,,52.4,78.8,,52.2,66,0,1,0,27,0,0,23,50,27,23,LAFAYETTE,LAFAYETTE,42.6,,
159746,Reed Collins,G,0,,2027,203,,63,76.9,,59.7,70,0,1,0,20,0,0,18,38,20,18,LAFAYETTE,LAFAYETTE,81.2,,
159747,Spencer Adams,C,0,,2028,203,,68.4,74.7,,67.2,74,0,1,0,9,0,0,10,19,9,10,LAFAYETTE,LAFAYETTE,77,,
159749,Elijah Steward,WR,0,,2026,203,62.9,60.4,72.5,64.3,41.9,01,0,1,0,0,7,0,8,15,7,8,LAFAYETTE,LAFAYETTE,,,
159750,Dallas Holmes,TE,0,,2028,203,,55.9,67.8,59.2,57.4,09,0,1,0,0,1,0,3,4,1,3,LAFAYETTE,LAFAYETTE,,,
159763,Geoffrey Jamiel,WR,0,,2026,205,66.7,85.4,76.1,85.1,61,09,0,1,0,0,23,0,29,52,23,29,LEHIGH,LEHIGH,,,
159766,Langston Jones,G,0,,2026,205,,58.7,78.1,,54.8,60,0,1,0,23,0,0,30,53,23,30,LEHIGH,LEHIGH,83.1,,
159770,Aidan Palmer,T,0,,2027,205,,56.6,76.2,,51.3,79,0,1,0,23,0,0,30,53,23,30,LEHIGH,LEHIGH,77.2,,
159771,Jaden Wimberly,WR,0,,2027,178,65,55,78.3,52.9,71.3,04,0,1,0,0,42,0,31,73,42,31,HAMPTON,HAMPTON,,,
159772,Nick Williams,TE,0,,2026,205,,51.7,71.5,53,54.4,85,0,1,0,2,3,0,10,15,5,10,LEHIGH,LEHIGH,68,,
159794,Camden Overton-Howard,TE,0,,2026,171,67.1,63.7,0,70,44.5,00,1,1,0,2,44,0,25,71,46,25,GARD-WEBB,GARD-WEBB,71.9,,
159795,Luke Schomburg,QB,0,,2027,137,20.9,48.3,76.5,,60,17,0,1,39,0,0,0,24,63,39,24,CHATTNOOGA,CHATTNOOGA,,47.4,
159805,Ethan Harris,WR,0,,2027,170,64.1,69,80.1,68.7,60.6,00,0,1,0,0,27,0,36,63,27,36,FURMAN,FURMAN,,,
159806,Ben Ferguson,WR,0,,2026,170,62.9,65.8,76,66,57.7,03,0,1,0,0,24,0,27,51,24,27,FURMAN,FURMAN,,,
159810,Eli Brasher,T,0,,2027,170,,67.1,77.3,,62.2,66,0,1,0,29,0,0,41,70,29,41,FURMAN,FURMAN,76.1,,
159836,CJ Miller,HB,0,,2029,219,20.6,59.4,74.5,54.3,,22,0,1,0,5,6,8,0,19,11,8,MERCER,MERCER,28,,62.4
159839,Cedric Richardson,G,0,,2026,1177,,59.3,76.6,,54.1,50,0,1,0,19,0,0,14,33,19,14,W GEORGIA,W GEORGIA,83.4,,
159842,Eli Edwards,T,0,,2027,219,,62.3,72.9,,58.6,63,0,1,0,11,0,0,10,21,11,10,MERCER,MERCER,72.7,,
159847,Sawyer Burt,TE,0,,2027,219,,47.7,71.4,54.5,47.7,85,0,1,0,2,3,0,8,13,5,8,MERCER,MERCER,67.3,,
159896,Chauncey Spikes,WR,0,,2026,247,62.9,58.2,79.4,57.7,62.2,00,0,1,0,0,41,0,34,75,41,34,NC CENT,NC CENT,,,
159898,Luke Bracey,TE,0,,2027,247,64.6,51.6,74.9,53.7,52,83,0,1,0,5,14,0,27,46,19,27,NC CENT,NC CENT,71.9,,
159899,Noah McKinney,C,0,,2026,247,,63.7,79.6,,58.1,62,0,1,0,38,0,0,30,68,38,30,NC CENT,NC CENT,81,,
159900,Taron Williams,T,0,,2027,247,,52.7,17,,59.9,70,1,1,0,38,0,0,30,68,38,30,NC CENT,NC CENT,48.5,,
159901,Trevon Humphrey,T,0,,2027,247,,64.8,77.3,,55.7,55,0,1,0,38,0,0,30,68,38,30,NC CENT,NC CENT,81.3,,
159904,Dante Thompson,G,0,,2026,277,,65.5,80.1,,63.9,70,0,1,0,39,0,0,33,72,39,33,ROB MORRIS,ROB MORRIS,70.5,,
159919,Jake Bobbin,G,0,,2026,277,,56.3,76.9,,53.9,61,0,1,0,20,0,0,18,38,20,18,ROB MORRIS,ROB MORRIS,63.3,,
159921,Trevor Wilson,TE,0,,2027,277,,54,74.1,51.3,60.9,87,0,1,0,0,8,0,5,13,8,5,ROB MORRIS,ROB MORRIS,,,
159923,Zach Tanner,QB,0,,2027,277,19,54.5,71.2,,60,17,0,1,10,0,0,1,3,14,10,4,ROB MORRIS,ROB MORRIS,,47.7,64.9
159925,Garrison Curry,TE,0,,2027,271,,59.3,67.1,59.7,60,14,0,1,0,0,1,0,3,4,1,3,PRESBYTERN,PRESBYTERN,,,
159927,Nate Garnett Jr.,WR,0,,2028,234,64.6,69.3,80.6,68.8,63,81,0,1,0,0,27,0,35,62,27,35,MOREHEAD,MOREHEAD,,,
159944,Malik Knight,WR,1,,2027,344,65,59.5,0,66.8,53.1,07,2,1,0,0,15,0,13,28,15,13,W CAROLINA,W CAROLINA,,,
159947,AJ Colombo,WR,0,,2027,344,19,64.1,76.7,60.3,85.5,00,0,1,0,0,29,1,20,50,29,21,W CAROLINA,W CAROLINA,,,58.3
159950,Antoine Bell,TE,0,,2027,246,65,89.8,0,90.2,79.6,06,1,1,0,1,14,0,4,19,15,4,NC A&T,NC A&T,69.5,,
159952,Ken Moore Jr.,CB,0,,2027,344,,60,64.9,,60,D00,0,1,0,0,0,0,1,1,0,1,W CAROLINA,W CAROLINA,,,
159968,Justin Wallace,ED,0,,2027,344,,60,60,,60,D45,0,1,0,0,0,0,1,1,0,1,W CAROLINA,W CAROLINA,,,
159969,Antarron Turner,LB,0,,2027,344,,60,60,,60,D18,1,1,0,0,0,0,1,1,0,1,W CAROLINA,W CAROLINA,,,
159985,Isaac McLellan,TE,0,,2027,344,61.9,66.1,70.3,56.7,70.2,44,0,1,0,0,2,0,6,8,2,6,W CAROLINA,W CAROLINA,,,
159993,Cam Smith,WR,0,,2027,350,61,65,76,62.1,75.3,13,0,1,0,0,13,0,12,25,13,12,WOFFORD,WOFFORD,,,
159994,Dylan Djete,WR,0,,2026,350,66,72.5,74.5,70.1,59,04,0,1,0,0,19,1,8,28,19,9,WOFFORD,WOFFORD,,,63.4
159995,Rickie Shaw II,WR,0,,2027,350,64.1,73.4,73.6,72.4,59.6,06,0,1,0,0,9,0,9,18,9,9,WOFFORD,WOFFORD,,,
159997,Kyle Parsons,HB,0,,2026,350,66.2,61.5,70.7,57.2,60,28,0,1,0,4,6,1,1,12,10,2,WOFFORD,WOFFORD,54,,62.9
160002,Clayton Hixon,C,0,,2027,350,,68.7,78.3,,64.7,68,0,1,0,25,0,0,20,45,25,20,WOFFORD,WOFFORD,76.8,,
160006,Bryson Dickerson,TE,0,,2026,1177,,54,77.4,51,62.9,10,0,1,0,2,18,0,27,47,20,27,W GEORGIA,W GEORGIA,70,,
160039,Jaden Proctor,WR,0,,2027,1139,67.1,67.8,78.1,67.2,60.3,03,0,1,0,0,46,0,9,55,46,9,TXAMEA,TXAMEA,,,
160040,Dawson Hearne,TE,0,,2026,401,61,54.5,77.1,68,44.7,88,0,1,0,6,9,0,31,46,15,31,TARLETON,TARLETON,71.7,,
160083,Peyton Ellis,T,0,,2027,1139,,65.7,71.1,,60.1,69,0,1,0,9,0,0,3,12,9,3,TXAMEA,TXAMEA,79.2,,
160098,Jadin Jones,T,0,,2026,1139,,65.1,78.8,,47.7,77,0,1,0,75,0,0,24,99,75,24,TXAMEA,TXAMEA,85.7,,
160100,Nonso Omezi,G,0,,2028,183,,58.8,79.9,,54.3,73,0,1,0,33,0,0,34,67,33,34,HOUCHR,HOUCHR,82,,
160134,Ke'Nard King,WR,1,,2025,257,68,60.3,0,61.6,59,04,1,1,0,0,14,1,15,30,14,16,NWSTATE,NWSTATE,,,63.2
160141,Micah Jernigan,WR,0,,2025,257,,57.3,68.4,58.2,60,30,0,1,0,0,2,0,1,3,2,1,NWSTATE,NWSTATE,,,
160173,Kameran Senegal,WR,0,,2028,217,62.9,70.1,76,68.9,60.8,16,0,1,0,0,12,0,7,19,12,7,MCNEESE,MCNEESE,,,
160174,Jo'Shon Barbie,HB,0,,2027,217,77.3,80.6,76.9,64.8,71.4,25,0,1,0,2,11,22,2,37,13,24,MCNEESE,MCNEESE,72.7,,77.4
160183,Cole LeClair,G,0,,2025,217,,69.3,79.5,,69,61,0,1,0,26,0,0,35,61,26,35,MCNEESE,MCNEESE,63.5,,
160187,Hayes Creel,T,0,,2027,217,,77.4,76.6,,76.3,75,0,1,0,27,0,0,40,67,27,40,MCNEESE,MCNEESE,66.3,,
160188,Greg Knox III,T,0,,2027,217,,58.8,77.1,,56.1,79,1,1,0,27,0,0,40,67,27,40,MCNEESE,MCNEESE,67.4,,
160191,Tyronne Hayes,TE,0,,2026,217,61,57,76.4,54.2,59,41,0,1,0,2,8,0,29,39,10,29,MCNEESE,MCNEESE,70.4,,
160211,Quaterius Hawkins,QB,0,,2025,257,,58.7,63.4,59.9,,08,0,1,0,0,1,0,0,1,1,0,NWSTATE,NWSTATE,,,
160213,Covadis Knighten,TE,0,,2026,177,62.9,66.1,75.3,73.9,56.5,18,0,1,0,0,7,0,21,28,7,21,GRAMBLING,GRAMBLING,,,
160214,Dedrick Talbert,HB,0,,2025,177,19.2,41.7,71,58.8,,24,0,1,0,1,2,6,0,9,3,6,GRAMBLING,GRAMBLING,71.5,,44.5
160224,Kareem Burke,WR,0,,2027,112,69.3,62.8,78.2,62.3,62,83,0,1,0,0,37,0,25,62,37,25,ARKAPB,ARKAPB,,,
160230,Nay'Ron Jenkins,LB,0,,2026,164,,60,60,,60,D45,0,1,0,0,0,0,1,1,0,1,FL A&M,FL A&M,,,
160234,Jalon Howard,WR,0,,2026,164,,60,60,,60,84,0,1,0,0,0,0,1,1,0,1,FL A&M,FL A&M,,,
160261,Marcus Harris II,HB,0,,2027,105,67.3,57.3,66.3,,,26,0,1,0,0,0,3,0,3,0,3,ALABAMA ST,ALABAMA ST,,,58
160281,Ethan Vazquez,G,0,,2027,1139,,63.9,80.4,,57.2,62,0,1,0,75,0,0,24,99,75,24,TXAMEA,TXAMEA,81.6,,
160324,Dylan Walker,TE,0,,2026,106,61,72.4,71,77.1,57.5,86,0,1,0,1,4,0,7,12,5,7,ALBANY,ALBANY,67.8,,
160352,Tyquez Royal,CB,0,,2026,344,,60,64.9,,60,D13,1,1,0,0,0,0,1,1,0,1,W CAROLINA,W CAROLINA,,,
160356,VJ Wilkins,WR,0,,2027,131,67,74.2,76.5,76.3,46.3,21,0,1,0,0,37,1,22,60,37,23,CAMPBELL,CAMPBELL,,,59.6
160399,Anthony Rucker,TE,0,,2027,246,,54.7,72.9,55.3,60,82,0,1,0,0,5,0,2,7,5,2,NC A&T,NC A&T,,,
160424,Joshua George,TE,0,,2026,246,,30.7,72.2,30.5,44.2,88,0,1,0,2,3,0,15,20,5,15,NC A&T,NC A&T,66.3,,
160436,Luke Daly,WR,0,,2027,334,,56,70.4,56.8,60,83,0,1,0,0,4,0,2,6,4,2,VILLANOVA,VILLANOVA,,,
160451,Jaylan Sanchez,WR,0,,2026,334,65,62.3,0,62.6,74.8,05,1,1,0,0,13,0,14,27,13,14,VILLANOVA,VILLANOVA,,,
160458,Ryan Corbett,WR,0,,2025,142,,60.1,68.8,,60.1,87,0,1,0,0,0,0,3,3,0,3,COLGATE,COLGATE,,,
160460,Nick Dalessandro,T,0,,2027,142,,57.6,66.3,,57.2,59,0,1,0,0,0,0,3,3,0,3,COLGATE,COLGATE,,,
160462,Brendan Greaney,C,0,,2025,142,,60,68.7,,60.6,63,0,1,0,0,0,0,3,3,0,3,COLGATE,COLGATE,,,
160464,Brady Hutchison,WR,0,,2026,142,68.7,58.9,78.6,60.8,32.4,14,1,1,0,0,47,0,13,60,47,13,COLGATE,COLGATE,,,
160469,Marco Maldonado,HB,0,,2026,142,66.3,62.5,73.9,60.1,58.6,04,0,1,0,4,17,2,3,26,21,5,COLGATE,COLGATE,74.5,,63.1
160472,Mason Mozo,TE,0,,2026,142,,50.8,71.8,59.8,46.5,98,0,1,0,0,1,0,6,7,1,6,COLGATE,COLGATE,,,
160478,Miles Salinas,T,0,,2026,142,,60,63.5,,60,73,0,1,0,0,0,0,1,1,0,1,COLGATE,COLGATE,,,
160481,Jariyah Sawyer,WR,0,,2026,142,61,46.3,73.7,47.5,60.2,19,0,1,0,0,20,0,3,23,20,3,COLGATE,COLGATE,,,
160482,Dave Thomson,TE,0,,2026,142,,60.8,73.8,53.9,68.5,90,0,1,0,0,5,0,9,14,5,9,COLGATE,COLGATE,,,
160483,Max Walters,WR,0,,2026,142,,60.1,67.5,,60.2,84,0,1,0,0,0,0,3,3,0,3,COLGATE,COLGATE,,,
160494,Nathan Henry,G,0,,2027,153,,58.4,77.6,,60.6,66,0,1,0,23,0,0,13,36,23,13,DRAKE,DRAKE,40.9,,
160495,Taj Hughes,WR,0,,2027,153,67.1,69.7,76.3,71.1,54.9,25,0,1,0,1,33,0,9,43,34,9,DRAKE,DRAKE,71.1,,
160496,Mitchell January,WR,0,,2027,153,65,62.5,77.9,62.1,60.9,10,0,1,0,0,36,0,12,48,36,12,DRAKE,DRAKE,,,
160503,Tyler Nansel,TE,0,,2027,153,61,75.7,69.3,73.4,59.9,82,0,1,0,0,3,0,3,6,3,3,DRAKE,DRAKE,,,
160505,Parker Olthoff,TE,0,,2027,153,62.9,61.6,77.3,54.4,75.1,04,0,1,0,4,31,0,18,53,35,18,DRAKE,DRAKE,68.9,,
160513,Nathan VanDeWoestyne,T,0,,2026,153,,46,76.9,,51.1,78,0,1,0,44,0,0,19,63,44,19,DRAKE,DRAKE,33.4,,
160519,Luke Woodson,HB,0,,2026,153,73.2,53.1,75.3,53.9,60,20,0,1,0,2,14,10,1,27,16,11,DRAKE,DRAKE,70.3,,53.6
160531,Eden James,HB,0,,2027,184,67.8,49.8,73.6,36.8,58.4,05,0,1,0,2,17,3,4,26,19,7,HOWARD,HOWARD,76.4,,53.8
160532,Cam May,T,0,,2028,184,,63.6,75.7,,56.2,56,1,1,0,35,0,0,17,52,35,17,HOWARD,HOWARD,73.4,,
160544,Tavaris Ross,C,0,,2027,184,,63.3,77.1,,63.8,53,0,1,0,24,0,0,11,35,24,11,HOWARD,HOWARD,56.9,,
160545,Ja'Shawn Scroggins,QB,0,,2027,184,70.1,56.3,75.9,,60,07,0,1,35,0,0,3,14,52,35,17,HOWARD,HOWARD,,50.6,68.1
160547,Breylin Smith,WR,0,,2026,184,,52.6,73.7,52.9,61,06,0,1,0,0,17,0,6,23,17,6,HOWARD,HOWARD,,,
160572,Caleb Tillman,WR,0,,2027,234,,57.8,67.3,59.3,60,03,0,1,0,0,1,0,1,2,1,1,MOREHEAD,MOREHEAD,,,
160589,Miles Marshall,TE,0,,2028,295,61,59.4,67,59.4,,47,0,1,0,0,2,0,0,2,2,0,S ILLINOIS,S ILLINOIS,,,
160669,Jonathan Tejada,G,0,,2026,152,,60,64.3,,60,57,0,1,0,0,0,0,1,1,0,1,DELWARE ST,DELWARE ST,,,
160752,Bryzai White,TE,0,,2025,252,66.7,71.1,76.8,67.7,72.8,12,0,1,0,0,22,0,17,39,22,17,N ARIZONA,N ARIZONA,,,
160754,Asa Wondeh,WR,0,,2025,310,61,61,74.4,60.6,60,03,0,1,0,0,15,0,3,18,15,3,TENN MARTN,TENN MARTN,,,
160760,Joanes Fortilien,WR,0,,2027,194,61,55.1,77,54,62,16,1,1,0,0,20,0,34,54,20,34,JACKSON ST,JACKSON ST,,,
160765,Donavan Hunt,HB,0,,2026,249,,58,64.9,57.7,,14,0,1,0,0,1,0,0,1,1,0,N DAKOTA,N DAKOTA,,,
160768,Emari Matthews,HB,0,,2027,194,62.5,63.8,63.5,,,49,0,1,0,0,0,1,0,1,0,1,JACKSON ST,JACKSON ST,,,62.3
160827,Jason Barnes Jr.,WR,0,,2027,243,62.9,55.9,72,56.2,60,23,0,1,0,0,13,0,2,15,13,2,NICHOLLS,NICHOLLS,,,
160829,Ryan Bernard,G,0,,2027,243,,52.6,0,,52.8,76,1,1,0,41,0,0,22,63,41,22,NICHOLLS,NICHOLLS,63.5,,
160847,Tank McMath,WR,0,,2026,243,,54.9,72.1,55.5,60.4,17,0,1,0,0,5,0,4,9,5,4,NICHOLLS,NICHOLLS,,,
160850,Scrappy Osby,WR,0,,2027,243,66,52.9,75.3,55.2,42.5,80,1,1,0,0,24,0,9,33,24,9,NICHOLLS,NICHOLLS,,,
160853,Sameij Scott,T,0,,2027,243,,61.6,16.3,,59.4,66,1,1,0,41,0,0,22,63,41,22,NICHOLLS,NICHOLLS,76.7,,
160858,Treylin Whaley,TE,0,,2027,243,,49.6,69.4,55.8,59.5,81,0,1,0,0,5,0,3,8,5,3,NICHOLLS,NICHOLLS,21.4,,
160903,William Dixon III,T,0,,2027,336,,61.4,76.4,,60.8,56,0,1,0,37,0,0,24,61,37,24,VA MILT IN,VA MILT IN,58.7,,
160911,Isaiah Lemmond,WR,0,,2026,348,61,69.6,71.2,68.4,59.8,18,0,1,0,0,5,0,5,10,5,5,WM & MARY,WM & MARY,,,
160913,Morgan McPhaul,TE,0,,2027,336,61,43.9,76.6,50.7,41.3,88,0,1,0,5,19,0,24,48,24,24,VA MILT IN,VA MILT IN,71.4,,
160917,Luke Schalow,HB,0,,2027,336,64.3,60,68.7,62.5,,21,0,1,0,0,5,1,0,6,5,1,VA MILT IN,VA MILT IN,,,59.7
160924,Ivan Thorpe,WR,0,,2026,336,71.4,48.1,74,48.8,60,03,0,1,0,0,18,0,7,25,18,7,VA MILT IN,VA MILT IN,,,
160925,Ryan von Brandt,WR,0,,2026,336,,53.6,71.5,54.4,,18,0,1,0,0,13,0,0,13,13,0,VA MILT IN,VA MILT IN,,,
161150,Cameren Smith,HB,0,,2026,345,30,69.5,77.5,57.1,69.6,25,0,1,0,2,36,17,7,62,38,24,W ILLINOIS,W ILLINOIS,73.4,,71.9
161213,Brian Beidatsch,T,1,,2027,155,,62.6,23.4,,58.7,56,1,1,0,47,0,0,34,81,47,34,DUQUESNE,DUQUESNE,84.8,,
161245,Xavier Gaillardetz,WR,0,,2027,157,71.4,78.2,74,77.2,58.6,19,0,1,0,0,4,0,9,13,4,9,E TENN ST,E TENN ST,,,
161262,Tonorris Brookins II,WR,0,,2025,228,62.9,54.7,0,53.2,85.6,08,1,1,0,0,30,0,22,52,30,22,MS VLY ST,MS VLY ST,,,
161295,Griffin Caldwell,HB,0,,2027,127,66.3,57.9,73.1,58.8,60.3,27,0,1,0,7,3,2,4,16,10,6,BUTLER,BUTLER,78.5,,56.3
161299,Ethan Loss,WR,0,,2027,127,64.1,65,76.6,64.7,59.7,19,0,1,0,0,19,0,20,39,19,20,BUTLER,BUTLER,,,
161309,Reagan Andrew,QB,0,,2028,127,71.8,83.5,75.4,,60,13,0,1,24,0,0,8,14,46,24,22,BUTLER,BUTLER,,75.7,74.6
161313,Archie Cox,WR,0,,2027,127,,56,73.4,57.5,56,11,0,1,0,0,2,0,11,13,2,11,BUTLER,BUTLER,,,
161322,Ershod Jasey II,HB,0,,2027,127,69.7,60.7,70.7,,,09,0,1,0,1,0,5,0,6,1,5,BUTLER,BUTLER,70.3,,60.3
161331,Brady Preston,FB,0,,2027,127,61,68.1,75.5,67.6,59.9,87,0,1,0,5,7,0,24,36,12,24,BUTLER,BUTLER,70.7,,
161336,Joseph Bongono,TE,0,,2026,313,,63.5,71.4,56.2,67,87,0,1,0,1,2,0,9,12,3,9,TEXAS STHN,TEXAS STHN,68.7,,
161352,Malcolm Jefferies,TE,0,,2027,152,61,52.9,0,54.8,60.9,85,1,1,0,0,9,0,21,30,9,21,DELWARE ST,DELWARE ST,,,
161354,Ryan Lee,TE,0,,2026,152,,56.3,66.4,59.7,60,89,0,1,0,0,1,0,1,2,1,1,DELWARE ST,DELWARE ST,,,
161363,Joseph Kennerly Jr.,WR,0,,2027,235,62.9,49.7,78.3,49.7,60.7,82,0,1,0,0,34,0,17,51,34,17,MORGAN ST,MORGAN ST,,,
161371,Tre Alexander,C,0,,2027,274,,54.6,0,,56.2,74,1,1,0,23,0,0,32,55,23,32,RHODE ISLD,RHODE ISLD,75,,
161373,Marquis Buchanan,WR,0,,2027,274,66.2,78.6,77.7,78.9,57.6,01,0,1,0,0,31,0,28,59,31,28,RHODE ISLD,RHODE ISLD,,,
161376,Jaden Griffin,HB,0,,2028,274,62.5,56.1,64.5,,,21,0,1,0,1,0,1,0,2,1,1,RHODE ISLD,RHODE ISLD,67.9,,57.5
161411,Nolan Hay,T,0,,2027,189,,62.4,17,,63,72,1,1,0,35,0,0,32,67,35,32,INCAR WORD,INCAR WORD,71,,
161425,Deuce McMillan,WR,0,,2026,183,66.7,68,76.4,67.8,60.6,02,0,1,0,0,32,0,33,65,32,33,HOUCHR,HOUCHR,,,
161436,AJ Wilson,WR,0,,2028,183,65,81.8,78.8,85.2,40.4,19,1,1,0,0,29,0,27,56,29,27,HOUCHR,HOUCHR,,,
161505,Kylan Galbreath,WR,0,,2027,236,61,60.3,74.4,60.2,59.4,09,0,1,0,0,16,0,7,23,16,7,MURRAY ST,MURRAY ST,,,
161659,Torin Baker,HB,0,,2026,309,61.9,57.6,69.1,58.5,59.9,25,0,1,0,0,2,0,2,4,2,2,TENN TECH,TENN TECH,,,
161666,Theron Gaines,ED,0,2026,2026,309,,60,60,,60,D30,0,1,0,0,0,0,1,1,0,1,TENN TECH,TENN TECH,,,
161672,Isaac Knowles,WR,0,,2028,309,,54.3,73,54.6,60.9,82,0,1,0,0,7,0,6,13,7,6,TENN TECH,TENN TECH,,,
161825,Chason Barber,WR,0,,2028,123,,53.1,74,53.6,60.3,83,0,1,0,0,9,0,4,13,9,4,BROWN,BROWN,,,
161827,Hayden Bozich,T,1,,2026,123,,58.8,25,,52.2,72,2,1,0,52,0,0,29,81,52,29,BROWN,BROWN,77.9,,
161834,Dillon Golden,TE,0,,2028,123,61,52.9,74.6,51.5,59.6,85,0,1,0,0,12,0,14,26,12,14,BROWN,BROWN,,,
161837,Ty Holtz,TE,0,,2028,123,62.5,56.7,69.6,58.2,58.8,14,0,1,0,0,2,1,1,4,2,2,BROWN,BROWN,,,59.6
161841,Solomon Miller,WR,0,,2028,123,61,50.6,76.6,50.9,59.1,08,0,1,0,0,35,0,14,49,35,14,BROWN,BROWN,,,
161842,Marco Monteiro,G,0,,2028,123,,70,77.8,,66.8,56,0,1,0,31,0,0,17,48,31,17,BROWN,BROWN,86,,
161845,Ty Pezza,TE,0,2026,2028,123,65.7,59.3,79.4,59.6,55.8,19,0,1,0,0,47,0,20,67,47,20,BROWN,BROWN,,,
161862,Johnny Crawford III,HB,0,,2026,139,69.9,54.7,72.3,61.3,58.5,04,0,1,0,2,7,5,3,17,9,8,CITADEL,CITADEL,76.2,,53.5
161869,Ethan Greenwood,QB,0,,2027,1298,74.1,78.8,76.5,82.3,60.1,14,0,1,26,0,2,14,8,50,28,22,LIUSHAR,LIUSHAR,,74.6,67.5
161876,Corey Ibrahim,HB,0,,2027,139,71.4,55,73.4,70.1,56.7,42,0,1,0,0,7,7,10,24,7,17,CITADEL,CITADEL,,,53.5
162113,Ethan Hunt,G,0,,2027,135,,58.7,0.2,,59.6,62,1,1,0,26,0,0,34,60,26,34,CHARLES SO,CHARLES SO,77.8,,
162118,Josiah Lancaster,T,0,,2027,135,,34.5,15.8,,58.8,71,1,1,0,26,0,0,34,60,26,34,CHARLES SO,CHARLES SO,0,,
162134,Mike Burton,TE,0,,2027,172,,72.2,70.8,60,80.5,47,0,1,0,1,1,0,7,9,2,7,GEORGETOWN,GEORGETOWN,17.7,,
162144,Jimmy Kibble,WR,0,2026,2026,172,61,82.5,71.7,78.2,60,13,0,1,0,0,4,0,3,7,4,3,GEORGETOWN,GEORGETOWN,,,
162145,Danny Lauter,QB,0,,2027,172,66.3,55.8,71.8,,60,15,0,1,9,0,0,1,6,16,9,7,GEORGETOWN,GEORGETOWN,,55.6,59.6
162146,Losini Maka,C,0,,2027,172,,64.9,80,,61.1,62,0,1,0,47,0,0,25,72,47,25,GEORGETOWN,GEORGETOWN,71.8,,
162147,Max McCormick,TE,0,,2026,172,64.1,52.8,76.8,51.6,61.7,93,0,1,0,0,30,0,12,42,30,12,GEORGETOWN,GEORGETOWN,,,
162154,Keynan Richardson-Cook,WR,0,,2026,172,62.9,54.2,76.9,56.3,42.6,12,0,1,0,0,32,0,17,49,32,17,GEORGETOWN,GEORGETOWN,,,
162155,Joshua Sauickie,G,0,,2026,172,,60.6,74.8,,57.6,70,0,1,0,9,0,0,7,16,9,7,GEORGETOWN,GEORGETOWN,79.1,,
162157,Trevor Swan,T,0,,2027,172,,26.4,22.3,,44.8,76,1,1,0,47,0,0,25,72,47,25,GEORGETOWN,GEORGETOWN,0,,
162159,Liam Becher,T,0,,2027,249,,75.9,77.1,,75.1,67,0,1,0,42,0,0,25,67,42,25,N DAKOTA,N DAKOTA,71.4,,
162163,Caden Dennis,WR,0,,2026,249,65.7,56.9,77.6,56.8,61,10,0,1,0,0,36,0,13,49,36,13,N DAKOTA,N DAKOTA,,,
162173,David Neuberger,LS,0,,2027,249,,60,60,,,S96,0,1,0,1,0,0,0,1,1,0,N DAKOTA,N DAKOTA,60.9,,
162175,Caleb Olson,G,0,,2027,249,,72.2,78.8,,79,51,0,1,0,43,0,0,25,68,43,25,N DAKOTA,N DAKOTA,50.3,,
162177,Teagan Pfeffer,S,0,,2027,249,,60,60,,,D25,0,1,0,1,0,0,0,1,1,0,N DAKOTA,N DAKOTA,60.9,,
162180,Luke Silvernale,P,0,,2027,249,,60,70.3,,,S85,0,1,0,1,0,0,0,1,1,0,N DAKOTA,N DAKOTA,60.9,,
162181,Mason South,TE,0,,2027,249,,65.7,72.4,54.6,70.2,44,0,1,0,1,2,0,8,11,3,8,N DAKOTA,N DAKOTA,66.8,,
162184,Sam Strandell,WR,0,,2027,249,,60,60,,,81,0,1,0,1,0,0,0,1,1,0,N DAKOTA,N DAKOTA,60.9,,
162198,Mekhi Collins,WR,0,,2028,250,,55.7,73.2,55.7,59.4,15,0,1,0,0,4,0,10,14,4,10,N DAK ST,N DAK ST,,,
162200,Nate Forystek,TE,0,,2028,250,,59.8,67.5,,59.4,87,0,1,0,0,0,0,3,3,0,3,N DAK ST,N DAK ST,,,
162203,John Gores,WR,0,,2028,250,61,91,69.3,84.3,,80,0,1,0,0,2,0,0,2,2,0,N DAK ST,N DAK ST,,,
162204,Nathan Hayes,QB,0,,2028,250,66.4,88.8,70.4,,60,12,0,1,3,0,0,2,5,10,3,7,N DAK ST,N DAK ST,,90.9,61.7
162211,Luke Kokat,TE,0,,2028,250,65.6,54.6,70.2,55.1,57.6,44,0,1,0,0,3,0,5,8,3,5,N DAK ST,N DAK ST,,,
162214,Josh Magin,T,0,,2028,250,,55.5,71,,54.7,75,0,1,0,1,0,0,6,7,1,6,N DAK ST,N DAK ST,72,,
162223,Kaden Zenzen,TE,0,,2028,250,,58.3,69.8,59,59.7,40,0,1,0,0,1,0,6,7,1,6,N DAK ST,N DAK ST,,,
162253,Quante Jennings,HB,0,,2026,271,72.1,62.6,73.5,65.7,60,26,0,1,0,0,18,8,1,27,18,9,PRESBYTERN,PRESBYTERN,,,61.8
162256,Dominic Kibby,WR,0,,2026,271,65.9,70,76.5,64.7,60.5,01,0,1,1,0,32,0,16,49,33,16,PRESBYTERN,PRESBYTERN,,87.3,
162261,Anthony Marin,G,0,,2026,271,,61.5,74.5,,60.3,63,0,1,0,4,0,0,11,15,4,11,PRESBYTERN,PRESBYTERN,72.7,,
162262,Dru McClough,C,0,,2028,271,,55.9,78.7,,53.2,55,0,1,0,35,0,0,18,53,35,18,PRESBYTERN,PRESBYTERN,64,,
162265,Terik Mulder,TE,0,,2027,271,,46.6,68.9,59.6,47.7,89,0,1,0,0,1,0,6,7,1,6,PRESBYTERN,PRESBYTERN,,,
162270,Noah Peterson,G,0,,2026,271,,78,79,,80.1,66,0,1,0,35,0,0,18,53,35,18,PRESBYTERN,PRESBYTERN,77,,
162272,Jayden Pressey,WR,0,,2028,271,62.9,48.5,75,49.2,59.9,02,1,1,0,0,17,0,7,24,17,7,PRESBYTERN,PRESBYTERN,,,
162273,Caleb Rentz,C,0,,2026,271,,61.5,73.9,,60.1,62,0,1,0,4,0,0,9,13,4,9,PRESBYTERN,PRESBYTERN,72.6,,
162282,Brennen Taranto,WR,0,,2026,271,,55.6,75,55.8,60.4,11,0,1,0,0,4,0,7,11,4,7,PRESBYTERN,PRESBYTERN,,,
162299,Elijah Ford,WR,0,,2026,280,,56.5,72.2,57.1,60,04,0,1,0,0,4,0,2,6,4,2,SACR HEART,SACR HEART,,,
162311,Xavier Leigh,HB,0,,2026,280,16.2,39.6,72,71.7,59.6,08,0,1,0,2,3,5,3,13,5,8,SACR HEART,SACR HEART,47.4,,39.6
162316,Kevin McGuire,WR,0,,2026,280,61,58.5,77.1,61.7,47.6,03,0,1,0,0,13,0,26,39,13,26,SACR HEART,SACR HEART,,,
162341,Evan Chisolm,WR,0,,2026,401,,58,64.3,59.5,,18,0,1,0,0,1,0,0,1,1,0,TARLETON,TARLETON,,,
162348,Kurt Hatch,T,0,,2026,401,,60,65.2,,60,59,0,1,0,0,0,0,1,1,0,1,TARLETON,TARLETON,,,
162358,Malik Pete,T,0,,2025,401,,64,76.3,,58.2,65,0,1,0,22,0,0,31,53,22,31,TARLETON,TARLETON,82.3,,
162378,Samuel Gbatu Jr.,WR,0,,2027,322,65.1,61.1,75.9,60.8,60.5,08,0,1,0,0,18,0,12,30,18,12,UC DAVIS,UC DAVIS,,,
162384,David Main,G,0,,2027,322,,63,79.2,,59,55,0,1,0,44,0,0,28,72,44,28,UC DAVIS,UC DAVIS,76.2,,
162390,Tony Villarreal,LS,0,,2026,322,,60,65.1,,60,S98,0,1,0,0,0,0,1,1,0,1,UC DAVIS,UC DAVIS,,,
162391,Winston Williams,TE,0,,2027,322,62.5,57.4,77.3,48.6,72.1,23,0,1,0,1,23,1,14,39,24,15,UC DAVIS,UC DAVIS,67.3,,64.3
162508,Itty Henry,TE,0,,2027,100,,52.6,72.1,51.2,57.7,87,0,1,0,1,8,0,7,16,9,7,ABILENE CH,ABILENE CH,67.3,,
162514,CJ Nelson,WR,0,,2027,158,62.9,52.1,0,59,32.7,02,2,1,0,0,21,0,12,33,21,12,E ILLINOIS,E ILLINOIS,,,
162588,Andrew Threatt,T,1,,2027,171,,65.9,77.7,,60.2,72,1,1,0,47,0,0,26,73,47,26,GARD-WEBB,GARD-WEBB,71.3,,
162637,Omari Allen,G,0,,2027,178,,55.4,79.5,,50.8,75,0,1,0,42,0,0,37,79,42,37,HAMPTON,HAMPTON,71.4,,
162766,Jake Young,TE,0,,2027,344,66.2,90.1,76.8,90.6,67.5,87,0,1,0,10,24,0,18,52,34,18,W CAROLINA,W CAROLINA,60.8,,
162880,Curtis Deville,WR,0,,2029,217,,46.5,76.6,46.1,62.2,04,0,1,0,0,8,0,17,25,8,17,MCNEESE,MCNEESE,,,
162932,Donovan Giles,WR,0,,2027,112,,44.4,74.2,54.8,60.5,87,0,1,0,0,11,0,4,15,11,4,ARKAPB,ARKAPB,,,60
162954,Zyion Claville,WR,0,,2028,313,,52.4,77.3,51.6,61,06,0,1,0,0,23,0,29,52,23,29,TEXAS STHN,TEXAS STHN,,,
163066,Caleb Anderson,TE,0,,2027,107,61,58.6,76.3,67.4,44.9,06,0,1,0,0,8,0,15,23,8,15,ALCORN ST,ALCORN ST,,,
163127,Tyler Dostin,TE,0,,2027,310,,48.2,76.6,50.8,49.7,86,0,1,0,3,17,0,10,30,20,10,TENN MARTN,TENN MARTN,69.8,,
163131,Jameel Gardner Jr.,WR,0,,2027,194,62.9,61,80.2,60.3,62.4,07,0,1,0,0,21,0,34,55,21,34,JACKSON ST,JACKSON ST,,,
163167,Chris Gundy,WR,0,,2027,332,65,64.9,75.5,64.6,60.3,09,0,1,0,0,10,0,20,30,10,20,VALPO,VALPO,,,
163238,Kheagian Heckaman,TE,0,,2028,308,,58.8,72.1,59.8,59.8,18,0,1,0,0,1,0,4,5,1,4,TENN STATE,TENN STATE,,,
163257,Vae Soifua,G,0,,2028,342,,74.6,77.1,,73.8,74,0,1,0,24,0,0,13,37,24,13,WEBER ST,WEBER ST,83.7,,
163269,Thomas Le Boucher,T,0,,2025,204,,64.1,75.5,,56.9,76,0,1,0,21,0,0,27,48,21,27,LAMAR,LAMAR,83.5,,
163278,Patrick Williams II,WR,0,,2027,177,,58,72.1,59.1,60,04,0,1,0,0,1,0,9,10,1,9,GRAMBLING,GRAMBLING,,,
163458,Torrance Farmer,HB,0,,2026,345,65.3,66.1,71.2,69.4,,09,0,1,0,1,9,1,0,11,10,1,W ILLINOIS,W ILLINOIS,67.7,,62.5
163464,Marquis Harris,TE,0,,2027,177,61,71.8,70.9,72.7,59.4,28,0,1,0,0,6,0,1,7,6,1,GRAMBLING,GRAMBLING,,,
163580,Kobe Williams,T,0,,2026,177,,56.8,73.5,,51.8,75,0,1,0,12,0,0,10,22,12,10,GRAMBLING,GRAMBLING,71.9,,
163672,Davin Wydner,QB,0,,2028,1177,32.8,73.7,76.8,,60.3,02,1,1,28,0,0,7,26,61,28,33,W GEORGIA,W GEORGIA,,72.9,64.5
163769,Connor Meadows,T,0,,2027,308,,55.6,76.7,,46.8,57,0,1,0,33,0,0,34,67,33,34,TENN STATE,TENN STATE,83,,
163785,Dylan Gary,WR,0,,2028,1177,64.1,61.1,77.8,60.7,61.1,13,0,1,0,0,30,0,33,63,30,33,W GEORGIA,W GEORGIA,,,
163805,Max Dowling,TE,0,,2027,310,,37.2,72.2,39.7,52.8,87,0,1,0,2,10,0,3,15,12,3,TENN MARTN,TENN MARTN,70.9,,
163869,Erik Gray,C,0,,2027,301,,69.9,80.2,,65.7,55,0,1,0,47,0,0,34,81,47,34,STF AUSTIN,STF AUSTIN,76.3,,
163875,Luke Shields,WR,0,,2027,309,,59.2,70.1,59.8,60.7,17,0,1,0,0,1,0,6,7,1,6,TENN TECH,TENN TECH,,,
163878,Treyvhon Saunders,WR,0,2026,2026,142,67.5,58.3,77.5,58.2,60.5,09,0,1,0,0,47,0,14,61,47,14,COLGATE,COLGATE,,,
163882,Matt Buron,TE,0,,2027,168,,49.5,77.1,52.6,47.6,85,0,1,0,6,12,0,21,39,18,21,FORDHAM,FORDHAM,68.5,,
163883,Jack Capaldi,QB,0,,2027,168,16.1,70.1,19.7,,60,11,1,1,28,0,0,10,24,62,28,34,FORDHAM,FORDHAM,,81.1,47.9
163894,Duke Leonard,G,0,,2026,168,,68,79.7,,66.1,74,0,1,0,28,0,0,34,62,28,34,FORDHAM,FORDHAM,76.9,,
163921,Max Mosey,WR,0,,2027,181,15.2,66.5,77.6,70.2,76.4,13,0,1,0,0,17,3,15,35,17,18,HOLY CROSS,HOLY CROSS,,,50.8
163922,Cam Nolan,G,0,,2027,181,,58,78.6,,57,61,0,1,0,22,0,0,39,61,22,39,HOLY CROSS,HOLY CROSS,57.8,,
163924,John Owens,TE,0,,2027,181,,60,66.6,,60,47,0,1,0,0,0,0,3,3,0,3,HOLY CROSS,HOLY CROSS,,,
163929,Nathan Schillinger,TE,0,,2026,181,61,71.3,76.1,56.8,75.8,40,0,1,0,3,7,0,24,34,10,24,HOLY CROSS,HOLY CROSS,52.2,,
163930,Sam Slade,HB,0,,2027,181,71.3,67.1,73.1,55.9,60,26,0,1,0,4,5,7,3,19,9,10,HOLY CROSS,HOLY CROSS,76.2,,66.6
163931,Blake Youngblood,WR,0,,2026,181,,57.7,72.6,57.8,60.2,14,0,1,0,0,2,0,10,12,2,10,HOLY CROSS,HOLY CROSS,,,
163932,CJ Abell,T,0,,2027,205,,60,68,,59.8,74,0,1,0,0,0,0,3,3,0,3,LEHIGH,LEHIGH,,,
163953,Ashton Grable,G,0,,2026,164,,51.7,0,,51.4,71,1,1,0,30,0,0,20,50,30,20,FL A&M,FL A&M,70.6,,
163985,Khayman Barnes,WR,0,,2027,105,,58.9,69.1,59.6,60,80,0,1,0,0,1,0,3,4,1,3,ALABAMA ST,ALABAMA ST,,,
164004,Dezmond Penn,G,0,,2028,105,,57,78,,53.4,54,0,1,0,14,0,0,24,38,14,24,ALABAMA ST,ALABAMA ST,82.7,,
164014,Gerard Bullock Jr.,TE,0,,2027,308,61,55.5,77.9,56.2,54.2,17,0,1,0,8,22,0,33,63,30,33,TENN STATE,TENN STATE,70.6,,
164024,Donovan Haslam,T,0,,2027,116,,58.5,12.4,,55.8,63,1,1,0,38,0,0,17,55,38,17,AUSTINPEAY,AUSTINPEAY,74.6,,
164045,Marquez Phillips,WR,0,,2025,235,,48.4,76.5,48.3,61.6,04,0,1,0,0,17,0,16,33,17,16,MORGAN ST,MORGAN ST,,,
164060,Dason Brooks,HB,0,,2027,186,71.9,67.1,73.2,56,60,28,0,1,0,7,7,8,1,23,14,9,IDAHO ST,IDAHO ST,81.7,,66.5
164075,Keoua Kauhi,HB,0,,2025,186,67.3,73.9,71.7,57.1,60,24,0,1,0,6,5,2,1,14,11,3,IDAHO ST,IDAHO ST,79.7,,74.6
164095,Trevon Kleint,WR,0,,2025,234,9,50.1,77.3,49,61.2,05,0,1,0,1,25,0,33,59,26,33,MOREHEAD,MOREHEAD,61.9,,
164101,Kylon Harris,WR,0,,2027,301,66.2,67.4,78.7,67.1,59.7,04,0,1,0,0,45,0,31,76,45,31,STF AUSTIN,STF AUSTIN,,,
164117,Jerrell Wimbley,HB,0,,2026,301,67.3,66.9,79.3,69,47.6,10,0,1,0,6,29,1,29,65,35,30,STF AUSTIN,STF AUSTIN,75.7,,63.1
164134,JoJo Bermudez,WR,0,,2027,151,15.8,62.4,77.4,68.9,61.7,01,0,1,1,0,18,1,24,44,19,25,DELAWARE,DELAWARE,,48.8,54.4
164205,Zach Cochnauer,T,0,,2027,132,,34.8,75.9,,32.3,71,0,1,0,36,0,0,20,56,36,20,CENT ARK,CENT ARK,45.9,,
164207,Will Diggins,G,0,,2026,132,,58.5,79.7,,53.5,75,0,1,0,39,0,0,26,65,39,26,CENT ARK,CENT ARK,75.4,,
164208,Triston Edwards,WR,0,,2028,132,,60,64.1,,60,87,0,1,0,0,0,0,1,1,0,1,CENT ARK,CENT ARK,,,
164210,Zane Hayman,G,0,,2027,1139,,56,77.3,,53.7,76,0,1,0,19,0,0,14,33,19,14,TXAMEA,TXAMEA,60.6,,
164222,Jordan Owens,TE,0,,2026,132,66.5,72.9,76.6,80.1,52.1,09,0,1,0,7,17,1,23,48,24,24,CENT ARK,CENT ARK,73.3,,63.3
164223,Chaylin Peine,T,0,,2028,132,,42.6,0,,49.3,66,1,1,0,6,0,0,9,15,6,9,CENT ARK,CENT ARK,75.3,,
164227,Tyler Siddons,TE,0,,2028,132,,47.3,69.1,55.8,48.4,38,0,1,0,1,2,0,4,7,3,4,CENT ARK,CENT ARK,67.3,,
164229,Manny Smith,WR,0,,2028,132,65.6,54.2,70.5,54.9,60,28,0,1,0,0,6,0,3,9,6,3,CENT ARK,CENT ARK,,,
164247,Cameron Hergott,QB,0,,2031,159,,60,63.6,,60,02,0,1,0,0,0,0,1,1,0,1,E KENTUCKY,E KENTUCKY,,,
164249,Anthony Johns,C,0,,2028,159,,60,63.3,,60,60,0,1,0,0,0,0,1,1,0,1,E KENTUCKY,E KENTUCKY,,,
164335,Austin York,TE,0,,2025,161,61.9,74,78.4,50.9,84.6,44,0,1,0,1,8,0,32,41,9,32,E WASHGTON,E WASHGTON,34.4,,
164350,Hayden Kincheloe,HB,0,,2027,185,,60,63.5,,60,37,0,1,0,0,0,0,1,1,0,1,IDAHO,IDAHO,,,
164359,Joel Jameson,T,0,,2027,183,,48,77.9,54,50.5,80,0,1,0,14,5,0,24,43,19,24,HOUCHR,HOUCHR,41.6,,
164384,Christian Anaya,WR,0,,2027,345,62.9,50.6,77.6,52.4,44.7,17,0,1,0,0,37,0,17,54,37,17,W ILLINOIS,W ILLINOIS,,,
164387,Taco Dowler,WR,0,,2027,233,70.3,54.9,77.3,61.7,33.4,14,0,1,0,0,24,0,18,42,24,18,MONTANA ST,MONTANA ST,,,
164393,Burke Mastel,G,0,,2027,233,,67,77.3,,64.7,64,0,1,0,15,0,0,19,34,15,19,MONTANA ST,MONTANA ST,81.6,,
164394,Conner Moore,T,0,,2027,233,,59.7,76.7,,55.8,72,0,1,0,26,0,0,33,59,26,33,MONTANA ST,MONTANA ST,69.6,,
164401,Rylan Schlepp,TE,0,,2027,233,,53.6,68.3,58.7,55.5,88,0,1,0,0,1,0,4,5,1,4,MONTANA ST,MONTANA ST,,,
164410,Chase Belcher,HB,0,,2026,1177,72.9,68.2,73.7,76.2,58.6,04,0,1,0,0,11,9,3,23,11,12,W GEORGIA,W GEORGIA,,,65.8
164423,Braden Kramer,TE,0,,2027,252,61.9,60,70.8,,59.6,45,0,1,0,0,0,0,14,14,0,14,N ARIZONA,N ARIZONA,,,
164424,PJ London,QB,0,,2025,252,66.2,68,71.6,,60,15,0,1,2,0,0,2,12,16,2,14,N ARIZONA,N ARIZONA,,80.7,53.8
164425,Isaiah Lopez,HB,0,,2026,252,69.7,77.8,69.7,,60,26,0,1,0,0,0,5,2,7,0,7,N ARIZONA,N ARIZONA,,,74.2
164434,Alexis Sanchez,G,0,,2028,252,,63.9,73.5,,63.3,78,0,1,0,0,0,0,14,14,0,14,N ARIZONA,N ARIZONA,,,
164441,Charles Garrison,TE,0,,2026,253,,50.3,74.6,52.1,54.8,85,0,1,0,0,8,0,18,26,8,18,N COLORADO,N COLORADO,,,
164460,Hezephaniah Po Ching,C,0,,2027,269,,60,65.2,,60,59,0,1,0,0,0,0,1,1,0,1,PORTLAND,PORTLAND,,,
164482,Peter Knudson,TE,0,,2026,342,61,64.1,76.5,65.7,58.8,86,0,1,0,1,9,0,14,24,10,14,WEBER ST,WEBER ST,31.4,,
164486,Keayen Nead,TE,0,,2028,342,64.6,81.7,73.8,80,68.8,45,0,1,0,3,9,0,15,27,12,15,WEBER ST,WEBER ST,70.9,,
164503,Will McCraw,G,0,,2027,157,,61.8,77.7,,58.7,55,0,1,0,19,0,0,28,47,19,28,E TENN ST,E TENN ST,81.5,,
164504,Aaron McIver,C,0,,2027,171,,58,80.2,,51.2,56,0,1,0,49,0,0,28,77,49,28,GARD-WEBB,GARD-WEBB,78.5,,
164505,Hakeem Meggett,WR,0,,2026,157,15.6,54.4,73.8,54.8,59.5,04,0,1,0,0,10,0,6,16,10,6,E TENN ST,E TENN ST,,,
164511,Mofe Adewole,T,0,,2027,277,,67.8,76.9,,64.7,76,0,1,0,39,0,0,33,72,39,33,ROB MORRIS,ROB MORRIS,69.7,,
164523,Carter Moses,TE,0,,2027,106,62.9,48.5,77.9,49,50.6,84,0,1,0,7,28,0,22,57,35,22,ALBANY,ALBANY,69.6,,
164548,Elijah Sessoms,TE,0,,2027,151,,55.5,75.8,51.2,62.1,88,0,1,0,4,9,0,17,30,13,17,DELAWARE,DELAWARE,76.5,,
164549,Jo Silver,HB,0,,2027,151,70.7,66.2,72.6,59.3,60,27,0,1,0,3,7,6,2,18,10,8,DELAWARE,DELAWARE,34.8,,67.6
164552,Nic Cruji,G,0,,2027,212,,68.5,77.7,,63.5,65,0,1,0,35,0,0,11,46,35,11,MAINE,MAINE,88.1,,
164564,Makhi Green,HB,0,,2027,231,70.8,76.9,72.1,62.3,72.6,06,0,1,0,0,6,4,1,11,6,5,MONMOUTH,MONMOUTH,,,74
164565,Shalik Hubbard,G,0,,2027,231,,66.2,77.9,,65.7,72,0,1,0,25,0,0,30,55,25,30,MONMOUTH,MONMOUTH,66.9,,
164571,Gavin Nelson,WR,0,,2027,231,62.9,62.6,75.4,65.3,45.7,02,0,1,0,0,13,0,15,28,13,15,MONMOUTH,MONMOUTH,,,
164583,Josh Fillion,WR,0,,2027,240,61,57.8,70,58.2,,16,0,1,0,0,4,0,0,4,4,0,NEW HAMP,NEW HAMP,,,
164585,Kevin Gallic,LS,0,,2026,240,,60,60,,60,S46,0,1,0,0,0,0,1,1,0,1,NEW HAMP,NEW HAMP,,,
164607,Jayce Freeman,WR,0,,2027,303,66.4,67.8,79.1,65.5,80.1,80,0,1,0,0,31,0,17,48,31,17,STNY BROOK,STNY BROOK,,,
164622,Jace Rodriguez,G,0,,2027,322,,61.9,80.1,,55.2,64,0,1,0,44,0,0,28,72,44,28,UC DAVIS,UC DAVIS,87.4,,
164629,Sahil Bhullar,T,0,,2026,317,,53.4,70.6,,58.9,72,0,1,0,4,0,0,5,9,4,5,TOWSON,TOWSON,17.6,,
164632,Kevin Gaston,G,0,,2026,317,,61.2,71.7,,59.8,68,0,1,0,4,0,0,3,7,4,3,TOWSON,TOWSON,75.7,,
164638,Joden Nelson,G,0,,2027,317,,55.6,71.2,,57.7,64,0,1,0,4,0,0,3,7,4,3,TOWSON,TOWSON,75.7,,
164644,Dan Volpe,T,0,,2026,317,,64.5,77.4,,60.5,66,1,1,0,42,0,0,27,69,42,27,TOWSON,TOWSON,68,,
164659,Jackson Namian,WR,0,,2026,148,64.6,63.8,73.2,63.2,,85,0,1,0,0,19,0,0,19,19,0,DARTMOUTH,DARTMOUTH,,,
164662,Jake Bingham,G,0,,2026,267,,59.3,76.4,,56.1,62,0,1,0,13,0,0,13,26,13,13,PENN,PENN,79.8,,
164664,Maxwell Freeman,G,0,,2026,267,,56.3,76.9,,55.7,67,0,1,0,9,0,0,21,30,9,21,PENN,PENN,60.4,,
164675,Liam O'Brien,QB,0,,2027,267,23.3,71.3,75.9,,60,02,0,1,22,0,0,15,18,55,22,33,PENN,PENN,,84.2,53.8
164678,Netinho Olivieri,T,0,,2027,267,,56.9,76.4,,53.4,74,0,1,0,22,0,0,34,56,22,34,PENN,PENN,68.7,,
164679,Bisi Owens,WR,0,,2028,267,64.1,67.6,79.5,71.3,40.4,07,0,1,0,0,21,0,29,50,21,29,PENN,PENN,,,
164680,Jared Richardson,WR,0,,2027,267,64.1,64,77.2,63.5,61.8,17,0,1,0,0,20,0,30,50,20,30,PENN,PENN,,,
164687,Michael Bennett III,T,0,,2027,352,,65.3,14,,65.1,75,1,1,0,21,0,0,42,63,21,42,YALE,YALE,81.6,,
164688,Leo Bluhm,G,0,,2027,352,,56.9,75.7,,54.9,58,0,1,0,7,0,0,15,22,7,15,YALE,YALE,76.1,,
164689,Nico Brown,WR,0,,2028,352,,58.2,69.9,59.2,60.5,08,0,1,0,0,1,0,8,9,1,8,YALE,YALE,,,
164699,Josh Pitsenberger,HB,0,2026,2026,352,78,82.9,76,70.4,60,07,0,1,0,2,10,25,4,41,12,29,YALE,YALE,70.9,,80
164713,Jaden Bryant,G,0,,2027,244,,58,79.2,,58.2,62,0,1,0,26,0,0,29,55,26,29,NORFOLK,NORFOLK,48.3,,
164714,Vincent Byrd,T,0,,2026,244,,71.1,75.9,,65.2,66,0,1,0,26,0,0,29,55,26,29,NORFOLK,NORFOLK,83,,
164728,Kevon King,HB,0,,2026,244,75.8,65.4,73.4,55,60,13,0,1,0,0,9,17,1,27,9,18,NORFOLK,NORFOLK,,,65.4
164749,Garrison Wheatley,C,0,,2025,244,,69.3,78.8,,67,67,0,1,0,26,0,0,29,55,26,29,NORFOLK,NORFOLK,67.4,,
164762,Brian Hardy,C,0,,2027,247,,61.1,72,,59.6,72,0,1,0,4,0,0,4,8,4,4,NC CENT,NC CENT,75.9,,
164768,Chris Mosley,HB,0,,2026,247,73.2,71.4,72.5,71.7,,35,0,1,0,2,9,10,0,21,11,10,NC CENT,NC CENT,75,,69.4
164776,Jayden Jenkins,HB,0,,2027,152,72,61.1,72.9,59.5,60,20,0,1,0,0,7,8,2,17,7,10,DELWARE ST,DELWARE ST,,,61.2
164785,Eddie Kasper,WR,0,,2027,188,71.7,64.7,77.1,64.2,61.3,13,0,1,0,1,32,0,19,52,33,19,ILL STATE,ILL STATE,63.9,,
164802,Cash Hudson,C,0,,2027,230,,49.1,0,,54.7,71,2,1,0,43,0,0,15,58,43,15,MO STATE,MO STATE,64.7,,
164805,Cristian Loaiza,G,0,,2027,230,,50.2,78.2,,54.5,76,0,1,0,24,0,0,17,41,24,17,MO STATE,MO STATE,21.5,,
164812,Jmariyae Robinson,WR,0,,2027,230,62.9,64.2,75.4,62.2,77.3,00,0,1,0,0,29,0,9,38,29,9,MO STATE,MO STATE,,,
164813,Thomas Schulte,C,0,,2027,230,,64.7,72.7,,63.6,52,0,1,0,0,0,0,10,10,0,10,MO STATE,MO STATE,,,
164823,Tysen Boze,WR,0,,2027,291,,56.7,71.3,59.2,54.2,85,0,1,0,0,2,0,5,7,2,5,S DAKOTA,S DAKOTA,,,
164827,Joe Cotton,T,0,,2027,291,,66,16.9,,67.4,71,1,1,0,25,0,0,38,63,25,38,S DAKOTA,S DAKOTA,72.2,,
164836,Andrew Jacobs,WR,0,,2027,353,,60,66.3,,60,82,0,1,0,0,0,0,2,2,0,2,YNGTOWN ST,YNGTOWN ST,,,
164839,Jordan Larsen,G,0,,2027,291,,73.4,0,,77.3,73,1,1,0,25,0,0,38,63,25,38,S DAKOTA,S DAKOTA,72,,
164844,Charles Pierre Jr.,HB,0,,2027,291,75.3,89.3,76.3,89.7,60,03,0,1,0,1,10,15,2,28,11,17,S DAKOTA,S DAKOTA,36.1,,83.6
164853,David Alpers III,TE,0,,2027,292,62.9,65.6,75.3,85.5,49.3,83,0,1,0,0,8,0,29,37,8,29,S DAK ST,S DAK ST,,,
164857,Quinten Christensen,T,0,,2028,292,,62.2,76.3,,55.1,69,1,1,0,20,0,0,33,53,20,33,S DAK ST,S DAK ST,86.6,,
164897,Beau Brungard,QB,0,,2027,353,72.9,91.4,77.2,,60,12,0,1,46,0,0,10,20,76,46,30,YNGTOWN ST,YNGTOWN ST,,91.7,69.5
164908,Shane Keenan,G,0,,2027,353,,75.7,79.4,,76,62,0,1,0,46,0,0,30,76,46,30,YNGTOWN ST,YNGTOWN ST,80,,
164912,Desmeal Leigh,T,0,,2027,353,,82.7,77.6,,77.1,78,0,1,0,46,0,0,30,76,46,30,YNGTOWN ST,YNGTOWN ST,86.9,,
164924,Da'Shaun Whatley,HB,0,,2027,353,67.3,59.8,73.2,54.6,60,24,0,1,0,2,11,3,1,17,13,4,YNGTOWN ST,YNGTOWN ST,78,,60.1
164938,Seth Glatz,HB,0,,2027,188,,60,63.8,,60,21,0,1,0,0,0,0,1,1,0,1,ILL STATE,ILL STATE,,,
164939,Carter Gorder,C,0,,2027,249,,64.3,76.5,,59.5,60,0,1,0,19,0,0,10,29,19,10,N DAKOTA,N DAKOTA,80.8,,
165008,Rahtrel Perry,T,0,,2027,133,,71.4,77.4,,67.7,76,0,1,0,37,0,0,35,72,37,35,CENT CT ST,CENT CT ST,74.1,,
165018,Cameron Alves,WR,0,,2025,133,,55.8,73.9,56.1,60.4,14,0,1,0,0,5,0,5,10,5,5,CENT CT ST,CENT CT ST,,,
165033,Thomas Buxton,G,0,,2026,274,,60.7,79.6,,56.8,65,0,1,0,28,0,0,33,61,28,33,RHODE ISLD,RHODE ISLD,79.8,,
165040,Cole Clarke,TE,0,,2027,1470,61,50.6,75.4,51.6,53.1,17,0,1,0,2,14,0,13,29,16,13,STHLSK,STHLSK,67.9,,
165051,Jermaine Corbett,HB,0,,2025,385,77.6,66.8,76.5,53.9,57.8,10,0,1,0,5,19,23,13,60,24,36,MERRIMACK,MERRIMACK,77,,67.4
165052,Nick Crespo,C,0,,2026,1470,,73,78.4,,78.9,61,0,1,0,29,0,0,28,57,29,28,STHLSK,STHLSK,38.6,,
165058,Chris Domercant,WR,0,,2026,137,64.1,60.2,79,59.8,61.2,05,0,1,0,0,38,0,22,60,38,22,CHATTNOOGA,CHATTNOOGA,,,
165061,Brigham Dunphy,WR,0,,2026,1470,68.2,57.8,75.3,54.9,58.2,84,0,1,0,0,20,3,9,32,20,12,STHLSK,STHLSK,,,64.3
165088,Cam Macro,G,0,,2025,1470,,73.2,77.7,,79.6,62,0,1,0,19,0,0,17,36,19,17,STHLSK,STHLSK,37.2,,
165089,Dominic Mangiafico,LB,0,,2026,1470,,60,63.6,,60,D42,0,1,0,0,0,0,1,1,0,1,STHLSK,STHLSK,,,
165093,Eric Meslin,G,0,,2026,1470,,79.4,76.6,,87,75,0,1,0,29,0,0,28,57,29,28,STHLSK,STHLSK,42.9,,
165098,Jake Newsham,WR,0,,2026,1470,,49.6,78.1,49.4,59.4,04,0,1,0,0,24,0,17,41,24,17,STHLSK,STHLSK,,,
165101,Tolu Olajide,T,0,,2027,240,,55.4,21.3,,51.7,55,1,1,0,48,0,0,25,73,48,25,NEW HAMP,NEW HAMP,70,,
165110,Cody Ruff,TE,0,,2026,1470,61,50.5,72.6,36.4,68.5,00,0,1,0,0,13,0,16,29,13,16,STHLSK,STHLSK,,,
165123,Jarel Washington,HB,0,,2026,1470,74.8,64.8,75.1,55.4,59.6,08,0,1,0,1,13,14,2,30,14,16,STHLSK,STHLSK,71.5,,65.3
165127,Zavion Woodard,HB,0,,2026,1470,73.1,61.2,74.3,59.3,59.1,02,0,1,0,5,10,10,2,27,15,12,STHLSK,STHLSK,77.7,,60.7
165131,Jaxson Isaac,TE,0,,2027,112,61,60.8,76.6,62.2,53.6,86,0,1,0,6,13,0,17,36,19,17,ARKAPB,ARKAPB,70.6,,
165157,Alex Valbuena,C,0,,2027,308,,55.4,79.6,,50.6,51,0,1,0,33,0,0,34,67,33,34,TENN STATE,TENN STATE,81.8,,
165180,Ashton Flinn,G,1,,2026,236,,46.2,0,,51,71,1,1,0,27,0,0,25,52,27,25,MURRAY ST,MURRAY ST,35.3,,
165194,Jawaun Northington,HB,0,,2027,236,73.6,73.4,74.7,75.6,58.2,30,0,1,0,7,9,11,5,32,16,16,MURRAY ST,MURRAY ST,80.4,,70.8
165197,Eric Ruess,TE,0,,2026,157,,56.1,76.9,50.5,62.4,84,1,1,0,3,12,0,21,36,15,21,E TENN ST,E TENN ST,68.7,,
165202,Devin Tingle,G,0,,2026,236,,58.3,72.2,,,65,0,1,0,8,0,0,0,8,8,0,MURRAY ST,MURRAY ST,44.4,,
165246,Ben Huefner,C,0,,2027,150,,57.3,70.7,,58.7,54,0,1,0,2,0,0,4,6,2,4,DAYTON,DAYTON,25.3,,
165260,Dominic Vrbancic,WR,0,,2027,150,61,55.2,0,60.7,61,24,2,1,0,0,21,0,20,41,21,20,DAYTON,DAYTON,,,
165267,Jack D'Ambra,G,1,,2027,283,,65.5,0,,78.5,72,1,1,0,22,0,0,19,41,22,19,SAN DIEGO,SAN DIEGO,34,,
165275,Dylan Lawson,TE,0,,2026,283,61,94.1,65.9,92.4,,43,0,1,0,0,1,0,0,1,1,0,SAN DIEGO,SAN DIEGO,,,
165282,Cole Monach,WR,0,,2027,283,63.7,82.9,72,75.2,60,17,0,1,1,0,6,0,3,10,7,3,SAN DIEGO,SAN DIEGO,,74.3,
165288,Peyton Smith,TE,0,,2026,283,61,71.7,77.7,57.6,81.5,87,0,1,0,3,23,0,28,54,26,28,SAN DIEGO,SAN DIEGO,75.4,,
165289,Nick Struempf,G,0,,2026,283,,76.1,78.9,,74.9,68,0,1,0,27,0,0,24,51,27,24,SAN DIEGO,SAN DIEGO,85.7,,
165294,Gabriel Abel,HB,0,,2027,1129,66.2,57,69.4,55.9,,01,0,1,0,1,7,1,0,9,8,1,STTHOM,STTHOM,36.3,,59.7
165300,Lucas Cannon,T,0,,2026,1129,,60,65.1,,57.7,62,0,1,0,0,0,0,2,2,0,2,STTHOM,STTHOM,,,
165302,Colin Chase,WR,0,,2027,1129,71.3,80.9,78.3,79.7,61.7,24,0,1,0,0,42,0,17,59,42,17,STTHOM,STTHOM,,,
165315,James Morrison,G,0,,2027,1129,,61.3,79.3,,52.1,78,0,1,0,39,0,0,17,56,39,17,STTHOM,STTHOM,88.2,,
165316,Aidan Nasser,TE,0,,2026,1129,,58.6,66.5,59.8,60,85,0,1,0,0,1,0,1,2,1,1,STTHOM,STTHOM,,,
165319,Travis Plugge,TE,0,,2027,283,,61.9,68.8,,60.1,46,0,1,0,2,0,0,5,7,2,5,SAN DIEGO,SAN DIEGO,82,,
165332,Eric Brust Jr.,G,0,,2027,302,,57.5,74.2,,55.3,74,0,1,0,10,0,0,7,17,10,7,STETSON,STETSON,66.5,,
165335,Rowan Collins,C,0,,2027,302,,52.7,79.6,,54.8,63,1,1,0,51,0,0,17,68,51,17,STETSON,STETSON,44.2,,
165338,Aanjay Feliciano,WR,0,,2026,302,61,59.3,75.9,59,61.2,00,0,1,0,0,19,0,10,29,19,10,STETSON,STETSON,,,
165354,Donovan Shepard,HB,0,,2027,178,74.5,63.3,72.7,54.3,59,23,0,1,0,1,9,13,3,26,10,16,HAMPTON,HAMPTON,67.5,,64.1
165366,Max Carter,TE,0,,2027,332,,68.7,68.8,,70,81,0,1,0,0,0,0,3,3,0,3,VALPO,VALPO,,,
165390,Ryan Mann,HB,0,,2026,332,68.5,54.4,73,59.9,59,34,0,1,0,1,5,3,3,12,6,6,VALPO,VALPO,67.9,,54.1
165396,Niko Paic,G,0,,2027,332,,52.8,77.3,,49.7,50,0,1,0,14,0,0,28,42,14,28,VALPO,VALPO,80.9,,
165408,Devin Yeats,WR,0,,2027,332,,58.4,67.3,59.6,60,47,0,1,0,0,1,0,1,2,1,1,VALPO,VALPO,,,
165409,Malcolm Mays,QB,0,,2025,178,70.6,90,75.1,,60,07,0,1,27,0,0,5,12,44,27,17,HAMPTON,HAMPTON,,86.9,72.1
165434,Tyler Smith,HB,0,,2028,290,68.6,78.3,70,57.2,60,10,0,1,0,0,5,4,1,10,5,5,SCAR STATE,SCAR STATE,19.2,,79.4
165440,Moses Umoren,T,0,,2028,290,,65.6,68.3,,65.4,51,0,1,0,1,0,0,3,4,1,3,SCAR STATE,SCAR STATE,74.8,,
165441,Tray Franklin,T,0,,2027,290,,73.6,75.8,,69.9,58,0,1,0,31,0,0,23,54,31,23,SCAR STATE,SCAR STATE,77.6,,
165659,Matthew Broad,FB,0,,2026,257,62.5,55.8,66.6,,58.6,42,0,1,0,0,0,1,3,4,0,4,NWSTATE,NWSTATE,,,58.7
165683,Rovaughn Banks Jr.,HB,0,,2027,100,62.5,45.1,67.3,28,60,03,0,1,0,0,2,1,1,4,2,2,ABILENE CH,ABILENE CH,,,59.2
165690,Dylan Kinney,T,0,,2027,100,,76.4,78.3,,68.8,61,1,1,0,58,0,0,30,88,58,30,ABILENE CH,ABILENE CH,84.5,,
165691,Chidubem Lebechi,TE,0,,2027,100,,60,65,,59.2,86,0,1,0,0,0,0,2,2,0,2,ABILENE CH,ABILENE CH,,,
165697,Blayne Taylor,WR,0,2025,2025,100,68.2,78.4,78.3,77.7,60.6,13,0,1,0,0,54,0,27,81,54,27,ABILENE CH,ABILENE CH,,,
165704,Bryce Crowley,G,0,,2026,1285,,56.6,79.8,,58.5,74,2,1,0,43,0,0,27,70,43,27,UTAHTC,UTAHTC,46.2,,
165710,Reggie Graff,QB,0,,2027,1285,73.8,80.4,77.1,,60.1,05,1,1,43,0,0,13,14,70,43,27,UTAHTC,UTAHTC,,67.5,83
165724,Eric Olsen,TE,0,,2028,1285,62.9,72,78.7,71.2,59.3,80,0,1,0,3,19,0,8,30,22,8,UTAHTC,UTAHTC,67.7,,
165729,Stryker Rashid,G,0,,2027,186,,60.8,79.6,,63.6,51,0,1,0,59,0,0,21,80,59,21,IDAHO ST,IDAHO ST,49.5,,
165733,Bretton Stone,HB,0,,2026,1285,61,62,65.2,65.7,,06,0,1,0,1,1,0,0,2,2,0,UTAHTC,UTAHTC,70,,
165736,Daniel Thomason,WR,0,,2026,1285,,54.8,73.7,54.8,61.6,02,0,1,0,0,7,0,9,16,7,9,UTAHTC,UTAHTC,,,
165740,Major Bowden,HB,0,,2026,204,68.8,77.4,69.5,64,60,02,0,1,0,0,4,2,1,7,4,3,LAMAR,LAMAR,,,72.7
165742,Jayden Boyd,WR,0,,2027,204,61,65.4,74.2,64.7,61.2,13,0,1,0,0,8,0,11,19,8,11,LAMAR,LAMAR,,,
165757,Kyndon Fuselier,WR,0,,2027,204,71.6,75.1,76.9,74.6,60.5,08,0,1,0,0,20,0,23,43,20,23,LAMAR,LAMAR,,,
165761,John Hester,G,0,,2029,204,,60.9,77.1,,57.5,60,0,1,0,13,0,0,19,32,13,19,LAMAR,LAMAR,83.1,,
165763,Izaha Jones,WR,0,,2026,204,68.2,60.2,78.4,57.5,58.7,03,0,1,0,0,23,3,27,53,23,30,LAMAR,LAMAR,,,64.9
165767,Kendric Malone,WR,0,,2027,204,,60.1,67.1,,60.1,16,0,1,0,0,0,0,3,3,0,3,LAMAR,LAMAR,,,
165779,Kade Verden,G,0,,2029,204,,59.6,68.5,,59.5,61,0,1,0,0,0,0,3,3,0,3,LAMAR,LAMAR,,,
165789,Joshua Acord,TE,0,,2027,298,65.7,64.6,0,74.2,65.9,88,2,1,0,6,21,0,35,62,27,35,SO UTAH,SO UTAH,40.8,,
166541,Sawyer Whitman,G,0,,2026,139,,75.7,78.5,,78.1,65,0,1,0,15,0,0,41,56,15,41,CITADEL,CITADEL,34.5,,
166545,De'Andre Tamarez,WR,0,,2027,344,69.7,56.9,77.8,59.8,45.8,04,0,1,0,0,30,1,19,50,30,20,W CAROLINA,W CAROLINA,,,57.6
166586,Levi Wilkins,TE,0,,2026,124,,53.7,73.8,49.9,56.2,32,0,1,0,5,9,0,11,25,14,11,BRYANT,BRYANT,74,,
166604,Nickolas Molina,T,0,,2027,124,,55.8,77.8,,48.2,74,0,1,0,51,0,0,27,78,51,27,BRYANT,BRYANT,69.5,,
166672,Brandon Furey,C,0,,2027,213,,64.1,79.1,,57.4,66,0,1,0,41,0,0,15,56,41,15,MARIST,MARIST,81.5,,
166676,Jake Ciolino,WR,0,,2027,213,,58.6,65.6,59.3,,80,0,1,0,0,2,0,0,2,2,0,MARIST,MARIST,,,
166679,Chris Leonardo,T,1,,2027,213,,44.9,76.8,,47.7,76,1,1,0,51,0,0,19,70,51,19,MARIST,MARIST,37.4,,
166681,Dan Lozano,G,0,,2026,213,,68,78.3,,65.4,78,0,1,0,41,0,0,18,59,41,18,MARIST,MARIST,73.7,,
166688,Carter James,HB,0,,2027,213,71.6,59,75.2,64.3,78.5,41,0,1,1,3,24,7,3,38,28,10,MARIST,MARIST,76.3,37.1,60.7
166694,Sonny Mannino,QB,0,,2027,213,71.1,41.8,77.4,54.3,60,12,1,1,50,0,1,4,15,70,51,19,MARIST,MARIST,,38.2,59.1
167004,Mekhi Ferrell,TE,0,,2025,112,,56.5,69.2,56.3,59.9,99,0,1,0,1,3,0,2,6,4,2,ARKAPB,ARKAPB,68.3,,
167009,Mekhi Hagens,QB,0,,2030,112,68.9,55.4,75.7,,60,09,0,1,32,0,0,2,17,51,32,19,ARKAPB,ARKAPB,,55.1,58.1
167056,Nebanye Moore,TE,0,,2028,247,,53.9,71.2,51.2,57.8,80,0,1,0,2,5,0,3,10,7,3,NC CENT,NC CENT,83.7,,
167116,Tahj Martin,G,0,,2026,177,,52.9,78.4,,47.3,50,0,1,0,30,0,0,24,54,30,24,GRAMBLING,GRAMBLING,70.5,,
167128,Darren Morris,WR,0,,2027,297,64.1,59.1,79.4,58.1,64,04,0,1,0,0,24,0,42,66,24,42,SOUTHERN U,SOUTHERN U,,,
167130,Kendric Rhymes,HB,0,,2026,297,75.8,75.3,73.1,55.5,60,06,0,1,0,0,10,13,1,24,10,14,SOUTHERN U,SOUTHERN U,,,75.3
167135,Dupree Fuller,TE,0,,2026,297,64.1,50.2,73.8,41.3,63.8,05,0,1,0,0,9,0,15,24,9,15,SOUTHERN U,SOUTHERN U,,,
167153,AJ Bennett,WR,0,,2025,313,,45.2,74.2,46.4,60.8,04,0,1,0,0,7,0,6,13,7,6,TEXAS STHN,TEXAS STHN,,,
167198,Kaleb Jackson,QB,0,,2028,135,19,50.1,73.3,,60,15,0,1,10,0,0,1,13,24,10,14,CHARLES SO,CHARLES SO,,53.9,53.1
167521,Jake Cady,QB,0,,2025,338,71.6,66.8,76.7,,60.1,09,1,1,43,1,0,6,11,61,44,17,WAGNER,WAGNER,62.2,69.6,56.8
167643,Scott Becker,C,0,,2027,272,,59.2,0,,69.4,56,1,1,0,14,0,0,6,20,14,6,PRINCETON,PRINCETON,47.8,,
167656,Cooper Koers,T,0,,2026,272,,87.9,77.2,,93.6,60,0,1,0,43,0,0,21,64,43,21,PRINCETON,PRINCETON,64.8,,
167662,Blaine Hipa,QB,0,,2027,272,38.6,65.4,28,,60,15,2,1,53,0,0,0,22,75,53,22,PRINCETON,PRINCETON,,77,39.1
167665,Charley Rossi,WR,0,,2026,272,,56.3,69.8,56.9,60.2,82,0,1,0,0,4,0,3,7,4,3,PRINCETON,PRINCETON,,,
167666,Jalen Jones,S,0,,2026,272,,60,64.9,,60,D32,0,1,0,0,0,0,1,1,0,1,PRINCETON,PRINCETON,,,
167667,Solomon Williams,S,0,,2026,272,,60,60,,60,D14,0,1,0,0,0,0,1,1,0,1,PRINCETON,PRINCETON,,,
167761,Manasseh Ripert,T,0,,2027,344,,62.7,74.6,,57.8,52,0,1,0,16,0,0,22,38,16,22,W CAROLINA,W CAROLINA,78.8,,
168061,William Bressi,C,0,,2026,217,,76.8,79.1,,73.1,78,0,1,0,26,0,0,34,60,26,34,MCNEESE,MCNEESE,71,,
168334,Danny Valenzuela,G,0,,2026,252,,60.1,73.9,,59.7,55,0,1,0,0,0,0,14,14,0,14,N ARIZONA,N ARIZONA,,,
168338,Caleb Borders,WR,0,,2026,171,62.9,55.9,78,55.6,61.8,13,0,1,0,0,33,0,17,50,33,17,GARD-WEBB,GARD-WEBB,,,
168341,AJ Johnson,WR,0,,2027,157,66.2,81.7,78.2,84.6,43,11,1,1,0,0,20,0,34,54,20,34,E TENN ST,E TENN ST,,,
168342,Karim Page,WR,0,,2026,157,65.7,68.6,78.2,68.2,61.5,05,0,1,0,0,21,0,30,51,21,30,E TENN ST,E TENN ST,,,
168344,Kobe Brown,TE,0,,2026,104,,48.3,76.3,56.3,45.2,40,0,1,0,2,2,0,18,22,4,18,ALAB A&M,ALAB A&M,71.9,,
168347,Ephraim Floyd,WR,0,,2026,157,62.5,54.8,0,50.9,61.1,12,1,1,0,0,23,1,31,55,23,32,E TENN ST,E TENN ST,,,69.4
168354,Josh Shaw,HB,0,,2028,290,61.9,59.9,65.2,60,60,32,0,1,0,0,1,0,1,2,1,1,SCAR STATE,SCAR STATE,,,
168356,Chance Reid,G,0,,2026,171,,59.5,0,,56.4,69,1,1,0,37,0,0,16,53,37,16,GARD-WEBB,GARD-WEBB,88.3,,
168419,DeKalon Taylor,HB,0,,2027,189,76.1,68.1,76,64.2,75.8,03,0,1,0,3,20,12,6,41,23,18,INCAR WORD,INCAR WORD,22.9,,67.8
168433,Mosula Tapusoa,G,0,,2027,235,,55.2,76.7,,56.4,56,0,1,0,17,0,0,17,34,17,17,MORGAN ST,MORGAN ST,39.4,,
168447,Dylan Domel,TE,0,,2029,1139,,44.1,0,53.8,51.5,80,1,1,0,0,5,0,5,10,5,5,TXAMEA,TXAMEA,,,
168468,Ernesto Nava,T,0,,2026,322,,59.2,76.9,,53.8,79,0,1,0,44,0,0,27,71,44,27,UC DAVIS,UC DAVIS,66.9,,
168596,Christian Smith,G,0,,2026,385,,52.3,0,,55,55,3,1,0,30,0,0,42,72,30,42,MERRIMACK,MERRIMACK,85.3,,
169011,Christian Jourdain,WR,0,,2026,1139,66.2,67,79.1,67.7,62.1,18,0,1,0,0,75,0,24,99,75,24,TXAMEA,TXAMEA,49.9,,
169019,Da'Veon Ford,HB,0,,2026,313,69.9,60.6,0,66.8,60,03,1,1,0,8,11,5,1,25,19,6,TEXAS STHN,TEXAS STHN,81.5,,61
169023,Kerien Charlo,WR,0,,2026,313,64.6,53.7,75.6,53.5,60.8,15,0,1,0,0,23,0,19,42,23,19,TEXAS STHN,TEXAS STHN,,,
169039,Jadrien Collard,G,1,,2026,270,,45.5,0,,45.4,69,2,1,0,41,0,0,21,62,41,21,PRVIEW A&M,PRVIEW A&M,52.3,,
169194,Dennis Jones,G,0,,2028,313,,51.6,2.7,,50,76,1,1,0,33,0,0,35,68,33,35,TEXAS STHN,TEXAS STHN,75.4,,
169215,Christen Williams,CB,0,,2027,177,,60,64.9,,60,D29,0,1,0,0,0,0,1,1,0,1,GRAMBLING,GRAMBLING,,,
169238,Jamarious Brooks,HB,0,,2027,270,,59.8,65.4,58.9,,27,0,1,0,0,2,0,0,2,2,0,PRVIEW A&M,PRVIEW A&M,,,
169497,Lee Davis,C,0,,2026,290,,58.8,70.4,,56.7,60,0,1,0,1,0,0,3,4,1,3,SCAR STATE,SCAR STATE,72,,
169535,Jacorian Sewell,HB,0,,2026,107,73.2,68.7,74.6,69.9,58.8,28,0,1,0,4,9,10,8,31,13,18,ALCORN ST,ALCORN ST,75,,66.9
169559,Gabe Nunez,WR,0,,2027,298,70.1,60.9,76.2,61.2,56.2,19,0,1,0,0,27,0,12,39,27,12,SO UTAH,SO UTAH,,,
169590,Demetri Simmons,HB,0,,2026,290,70.5,75.5,70.4,58.6,69,23,0,1,0,0,2,6,2,10,2,8,SCAR STATE,SCAR STATE,,,71.8
169705,Haydn Stay,TE,0,,2027,249,,50.9,70.5,51.3,55.7,40,0,1,0,2,4,0,3,9,6,3,N DAKOTA,N DAKOTA,66.3,,
169949,Ray Mckneely-Harris,HB,0,,2027,257,71.4,65.5,73.7,70.6,60,20,0,1,0,2,10,7,2,21,12,9,NWSTATE,NWSTATE,73.7,,62.9
169968,Johnny Schifano,P,0,,2026,177,65.5,65.2,73.6,,,S95,0,1,0,0,0,2,0,2,0,2,GRAMBLING,GRAMBLING,,,63.9
170043,Apollos Cook,WR,0,,2028,219,,53.2,74.8,53.2,60.7,02,0,1,0,0,13,0,10,23,13,10,MERCER,MERCER,,,
170064,Elias Cloy,C,0,,2030,104,,45.6,80.4,,45.2,63,0,1,0,47,0,0,38,85,47,38,ALAB A&M,ALAB A&M,54.6,,
170118,Lorenzo Jenkins,WR,0,,2027,119,65,54.7,78.1,54.4,60.9,87,0,1,0,0,43,0,28,71,43,28,BETH COOK,BETH COOK,,,
170253,Willtrell Hartson,HB,0,,2027,295,67.8,59.4,71.9,69.8,59.1,04,0,1,0,1,8,3,2,14,9,5,S ILLINOIS,S ILLINOIS,73.9,,56.3
170346,Goldie Lawrence,WR,0,,2028,164,62.9,61.8,77.6,61.5,59.6,13,0,1,0,0,25,0,15,40,25,15,FL A&M,FL A&M,,,
170385,Ike Daniels,HB,0,,2027,317,65.5,63.3,69.3,57.3,60,17,0,1,0,0,4,2,1,7,4,3,TOWSON,TOWSON,,,63.7
170530,Landen Chambers,HB,0,,2028,132,70.7,64.3,73.2,59.5,59.5,25,0,1,0,2,10,6,3,21,12,9,CENT ARK,CENT ARK,74.6,,64.6
170550,Malachi Henry,WR,0,,2028,132,67.1,71.3,79.3,69.5,75.2,06,0,1,0,0,42,0,28,70,42,28,CENT ARK,CENT ARK,,,
170554,Caleb Koger,QB,0,,2028,132,69.3,64.3,76.7,54.3,60,13,0,1,38,0,1,1,22,62,39,23,CENT ARK,CENT ARK,,66.2,55.7
170576,Isaiah Allen,TE,0,,2025,159,,55.9,69.4,,56.2,84,0,1,0,0,0,0,9,9,0,9,E KENTUCKY,E KENTUCKY,,,
170580,Isaiah Bunn,G,0,,2026,159,,57.7,77.2,,53.3,58,0,1,0,25,0,0,15,40,25,15,E KENTUCKY,E KENTUCKY,69.2,,
170591,Brayden Latham,HB,0,,2028,159,21.4,50.4,72.9,61.7,60,14,0,1,0,4,6,7,3,20,10,10,E KENTUCKY,E KENTUCKY,76.5,,48.9
170602,Jayden West,WR,0,,2030,159,62.9,56.7,78.4,56.2,63.3,82,0,1,0,0,35,0,22,57,35,22,E KENTUCKY,E KENTUCKY,,,
170634,Dalton Bailey,WR,0,,2026,302,67.1,64.1,79.8,64.2,52.7,86,0,1,0,0,39,0,14,53,39,14,STETSON,STETSON,,,
170639,Racin Delgatty,C,0,,2028,129,,70.6,80.1,,66.1,78,0,1,0,52,0,0,25,77,52,25,CAL POLY,CAL POLY,77.5,,
170642,Jordan Garrison,WR,0,,2028,129,61,55.7,70,56.3,60,82,0,1,0,0,7,0,1,8,7,1,CAL POLY,CAL POLY,,,
170649,Brady Norton,T,0,,2028,129,,72.5,77.8,,66.6,73,0,1,0,52,0,0,25,77,52,25,CAL POLY,CAL POLY,78.3,,
170652,Aiden Ramos,HB,0,,2027,129,71.1,65.5,75.2,82,59.7,05,0,1,0,0,21,6,5,32,21,11,CAL POLY,CAL POLY,,,59.9
170654,Kian Salehi,WR,0,,2028,129,62.9,48.3,74.5,49,59.6,23,0,1,0,0,25,0,7,32,25,7,CAL POLY,CAL POLY,,,
170673,Nate Bell,QB,0,,2028,161,60.3,71.1,68.1,,60,02,0,1,1,0,0,0,4,5,1,4,E WASHGTON,E WASHGTON,,,64.3
170675,Mason Buttel-Strong,G,0,,2025,161,,67,70.6,,66.3,56,0,1,0,1,0,0,4,5,1,4,E WASHGTON,E WASHGTON,70.6,,
170682,Marcellus Honeycutt Jr.,WR,0,,2027,161,,57.9,64.1,59.3,,89,0,1,0,0,1,0,0,1,1,0,E WASHGTON,E WASHGTON,,,
170692,Riley Rudolfo,WR,0,,2026,161,,58.5,70,59.5,60.1,81,0,1,0,0,1,0,6,7,1,6,E WASHGTON,E WASHGTON,,,
170694,Jack Seelye,C,0,,2025,161,,58.5,79.3,,56.4,65,0,1,0,17,0,0,46,63,17,46,E WASHGTON,E WASHGTON,81.3,,
170695,Jared Taylor,QB,0,,2026,161,76.2,92.7,72.7,87.9,60,15,0,1,0,0,1,18,3,22,1,21,E WASHGTON,E WASHGTON,,,84
170696,Michael Wortham,QB,0,2026,2026,161,70.5,90.6,70.7,59.1,,06,0,1,1,0,1,5,0,7,2,5,E WASHGTON,E WASHGTON,,60.4,82.3
170710,Myseth Currie,WR,0,,2028,252,62.9,72.8,74.7,68.7,76.5,80,0,1,0,0,5,0,16,21,5,16,N ARIZONA,N ARIZONA,,,
170713,Isaiah Eastman,WR,0,,2026,252,71,66.2,74.3,64.2,57.2,03,0,1,0,0,11,1,18,30,11,19,N ARIZONA,N ARIZONA,,,63.4
170714,Ryan Fontaine,HB,0,,2027,252,67.3,73.6,70.5,,67.3,21,0,1,0,0,0,3,4,7,0,7,N ARIZONA,N ARIZONA,,,68.6
170736,Quintin Robinson,G,0,,2026,253,,57.5,77.3,,54.6,75,0,1,0,13,0,0,20,33,13,20,N COLORADO,N COLORADO,80.8,,
170742,Eric Denham,WR,0,,2028,269,17.2,63.9,78.1,63.5,60.6,13,0,1,0,0,18,0,21,39,18,21,PORTLAND,PORTLAND,,,
170751,Kristian Ingman,TE,0,,2029,269,,43.1,0,,57.4,85,1,1,0,0,0,0,11,11,0,11,PORTLAND,PORTLAND,,,
170755,Isaac Perez,C,0,,2028,269,,47.7,4.1,,57.1,79,1,1,0,23,0,0,47,70,23,47,PORTLAND,PORTLAND,19.9,,
170759,Delon Thompson,HB,0,,2029,269,77.3,76.1,76.7,54.2,59.6,24,0,1,0,1,5,22,6,34,6,28,PORTLAND,PORTLAND,70.8,,74.1
170761,Curron Borders,HB,0,,2030,279,69.5,66.8,72.7,78.3,70.2,14,0,1,0,4,11,4,6,25,15,10,SACRAMENTO,SACRAMENTO,77.2,,59.6
170765,Carson Conklin,QB,0,,2029,279,24.8,49.8,77.3,,60.1,17,0,1,56,0,0,1,17,74,56,18,SACRAMENTO,SACRAMENTO,,53.1,44.7
170769,Cade Gretlein,G,0,,2028,279,,61.7,8,,73.2,65,1,1,0,56,0,0,18,74,56,18,SACRAMENTO,SACRAMENTO,43.8,,
170774,Davis May,G,0,,2029,279,,60,64.3,,60,68,0,1,0,0,0,0,1,1,0,1,SACRAMENTO,SACRAMENTO,,,
170775,Richard McKay,C,0,,2029,279,,60,63.5,,60,78,0,1,0,0,0,0,1,1,0,1,SACRAMENTO,SACRAMENTO,,,
170781,Danny Scudero,WR,0,,2028,279,64.1,57,77.5,56.8,61.2,10,0,1,0,0,44,0,9,53,44,9,SACRAMENTO,SACRAMENTO,,,
170782,Onterrio Smith Jr.,WR,0,,2029,279,,56.6,66.8,57.9,,12,0,1,0,0,2,0,0,2,2,0,SACRAMENTO,SACRAMENTO,,,
170797,Evan Ferguson,G,0,,2027,171,,52.5,0,,56.3,59,2,1,0,25,0,0,15,40,25,15,GARD-WEBB,GARD-WEBB,86.3,,
170798,Will Fitzpatrick,T,0,,2028,171,,55.9,72.4,,59.4,77,0,1,0,12,0,0,7,19,12,7,GARD-WEBB,GARD-WEBB,44.6,,
170799,Jackson Head,TE,0,,2028,116,61,56,77,52.4,64,89,0,1,0,2,36,0,17,55,38,17,AUSTINPEAY,AUSTINPEAY,66,,
170801,Jaylen King,QB,0,,2028,157,69.7,58.7,72.2,,60,02,0,1,5,0,0,5,9,19,5,14,E TENN ST,E TENN ST,,50.2,63.4
170828,Landen Lucas,TE,0,,2026,277,66.6,73.2,79.1,73.7,65.3,82,0,1,0,4,28,0,32,64,32,32,ROB MORRIS,ROB MORRIS,35.5,,
170831,Trenell Ridgley,WR,0,,2026,277,64.3,58.7,75.3,61.2,60,05,0,1,0,0,13,1,3,17,13,4,ROB MORRIS,ROB MORRIS,,,56.9
170834,Aaron Arteaga,WR,0,,2027,212,,60,64.1,,60,13,0,1,0,0,0,0,1,1,0,1,MAINE,MAINE,,,
170842,Anthony Iliano,G,0,,2028,212,,59,79.7,,55.3,74,0,1,0,43,0,0,18,61,43,18,MAINE,MAINE,64.8,,
170847,Nick Laughlin,WR,0,,2028,212,64.6,62,73.4,58.2,79.9,20,0,1,0,0,6,0,6,12,6,6,MAINE,MAINE,,,
170875,Zack Hios,QB,0,,2027,231,62.5,54.3,63.6,,,11,0,1,0,0,0,1,0,1,0,1,MONMOUTH,MONMOUTH,,,57.5
170884,Marcus Middleton,TE,0,,2028,231,61,51.4,73.6,52.5,53.9,88,0,1,0,2,8,0,20,30,10,20,MONMOUTH,MONMOUTH,68.6,,
170885,Chris Moreno,G,0,,2028,231,,73,79.1,,71.1,64,1,1,0,25,0,0,30,55,25,30,MONMOUTH,MONMOUTH,84.2,,
170886,Tra Neal,WR,0,,2028,231,61,58.8,76.8,58.5,60.5,17,0,1,0,0,18,0,18,36,18,18,MONMOUTH,MONMOUTH,,,
170887,Rodney Nelson,HB,0,,2028,231,73.6,65.9,74.1,55.7,47.1,20,0,1,0,0,13,11,0,24,13,11,MONMOUTH,MONMOUTH,,,70
170889,Michael Petito,G,0,,2028,231,,65.8,69.4,,65.6,74,0,1,0,0,0,0,4,4,0,4,MONMOUTH,MONMOUTH,,,
170893,Drew Danson,TE,0,,2028,240,61,58.8,75.3,52.5,63.2,88,0,1,0,2,11,0,19,32,13,19,NEW HAMP,NEW HAMP,68,,
170894,Logan Tomlinson,WR,0,,2025,240,66.2,62.1,78.8,61.7,62,05,0,1,0,0,45,0,25,70,45,25,NEW HAMP,NEW HAMP,,,
170901,Camden Coleman,QB,0,,2028,276,27.2,61.1,76.2,,60,14,0,1,19,0,0,5,31,55,19,36,RICHMOND,RICHMOND,,73.2,40.1
170902,Landon Ellis,WR,0,,2028,276,65.7,72.5,79.1,78.9,38.8,01,0,1,0,0,19,0,34,53,19,34,RICHMOND,RICHMOND,,,
170904,Aziz Foster-Powell,HB,0,,2028,276,62.5,57.5,66.3,59.7,,38,0,1,0,1,1,1,0,3,2,1,RICHMOND,RICHMOND,43.1,,59.8
170906,CJ Fraser,CB,0,,2028,276,,60,64.9,,60,D29,0,1,0,0,0,0,1,1,0,1,RICHMOND,RICHMOND,,,
170917,Tommy Broderick,G,0,,2029,334,,61.8,79.6,,58.8,78,0,1,0,36,0,0,27,63,36,27,VILLANOVA,VILLANOVA,71.2,,
170919,Nolan Clayton,TE,0,,2029,334,,76,71.9,52.5,80.9,85,0,1,0,1,3,0,14,18,4,14,VILLANOVA,VILLANOVA,64.5,,
170921,Kyle Fay,T,0,,2029,334,,65.5,74.1,,61.1,67,0,1,0,15,0,0,19,34,15,19,VILLANOVA,VILLANOVA,78.7,,
170923,Jason Hall Jr.,TE,0,,2028,334,,56.4,68.3,57.7,58.4,D40,0,1,0,0,1,0,2,3,1,2,VILLANOVA,VILLANOVA,,,
170926,Ja'briel Mace,HB,0,,2029,334,68,62,70.7,76.5,,30,0,1,0,0,6,2,0,8,6,2,VILLANOVA,VILLANOVA,,,52.9
170928,Chris McCullers,G,0,,2029,334,,54.4,79.2,,59.3,76,0,1,0,39,0,0,32,71,39,32,VILLANOVA,VILLANOVA,24,,
170932,Isaiah Ragland,HB,0,,2029,334,69.9,55.2,72.3,39.7,59.3,20,0,1,0,2,9,5,2,18,11,7,VILLANOVA,VILLANOVA,73.5,,59.1
170936,Jackson Blee,TE,0,,2029,348,61,85.8,69.9,81.2,68.2,86,0,1,0,0,2,0,3,5,2,3,WM & MARY,WM & MARY,,,
170940,Kamron Frye,T,0,,2029,348,,77.1,73.1,,73.8,65,0,1,0,11,0,0,13,24,11,13,WM & MARY,WM & MARY,81.8,,
170946,Hayden Raley,G,0,,2029,348,,64.8,0,,67.8,66,1,1,0,19,0,0,32,51,19,32,WM & MARY,WM & MARY,75.2,,
170947,Garrett Robertson,WR,0,,2029,348,,60,64.8,,60,81,0,1,0,0,0,0,1,1,0,1,WM & MARY,WM & MARY,,,
171112,Braden Dougherty,TE,0,,2028,145,61,50.5,0,59.1,49.9,86,1,1,0,7,18,0,30,55,25,30,COLUMBIA,COLUMBIA,73.5,,
171113,Titus Evans,WR,0,,2028,145,,55.5,74.4,55.2,60.1,85,0,1,0,0,5,0,13,18,5,13,COLUMBIA,COLUMBIA,,,
171115,Braylon Gardoni,WR,0,,2028,145,61,73.6,67.5,70.5,,87,0,1,0,0,4,0,0,4,4,0,COLUMBIA,COLUMBIA,,,
171121,Griffin Johnson,HB,0,,2028,145,67.8,65.7,70.8,76.8,59.9,32,0,1,0,6,3,3,2,14,9,5,COLUMBIA,COLUMBIA,79.6,,60.7
171122,Sean Kimani,G,0,,2028,145,,55.5,78.1,,56.1,51,0,1,0,23,0,0,29,52,23,29,COLUMBIA,COLUMBIA,42.6,,
171132,Levi Robins,CB,0,,2028,145,,60,60,,60,D29,0,1,0,0,0,0,1,1,0,1,COLUMBIA,COLUMBIA,,,
171135,Nik Winzer,T,0,,2028,145,,79.1,77.1,,76,75,0,1,0,30,0,0,34,64,30,34,COLUMBIA,COLUMBIA,78,,
171136,Nolan Albright,TE,0,,2028,147,,60,60,,60,49,0,1,0,0,0,0,1,1,0,1,CORNELL,CORNELL,,,
171137,Garrett Bass-Sulpizio,QB,0,,2028,147,62.5,66.1,60,,,08,0,1,0,0,0,1,0,1,0,1,CORNELL,CORNELL,,,63.3
171141,Brayon Crawford,S,0,,2029,147,,60,60,,60,D05,0,1,0,0,0,0,1,1,0,1,CORNELL,CORNELL,,,
171148,Ryder Kurtz,TE,0,,2028,147,64.1,55.7,76.5,56.8,67.8,86,0,1,0,5,28,0,13,46,33,13,CORNELL,CORNELL,22.3,,
171149,Brendan Lee,WR,0,,2028,147,61,58.6,73.3,59.1,60,80,0,1,0,0,16,0,3,19,16,3,CORNELL,CORNELL,,,
171151,Samuel Musungu,WR,0,,2028,147,66.7,68.2,80,67.9,58.2,03,0,1,0,0,50,0,25,75,50,25,CORNELL,CORNELL,,,
171152,Dylan Page,T,0,,2028,147,,54.2,78.4,,50,64,0,1,0,52,0,0,33,85,52,33,CORNELL,CORNELL,62.1,,
171153,Matt Pante,C,0,,2028,147,,64.2,76.7,,58.8,74,0,1,0,22,0,0,9,31,22,9,CORNELL,CORNELL,81.2,,
171155,Ean Pope,HB,0,,2028,147,77.8,70.6,77.4,66.4,60,04,0,1,0,10,30,24,3,67,40,27,CORNELL,CORNELL,83.9,,69.5
171160,Nomar Tejada,CB,0,,2028,147,,60,65,,60,D20,0,1,0,0,0,0,1,1,0,1,CORNELL,CORNELL,,,
171162,Ian Wall,LB,0,,2028,147,,60,60,,60,D39,0,1,0,0,0,0,1,1,0,1,CORNELL,CORNELL,,,
171164,Johnny Williamson,S,0,,2028,147,,60,60,,60,D02,0,1,0,0,0,0,1,1,0,1,CORNELL,CORNELL,,,
171171,Cam Davenport,G,0,,2028,148,,77.8,77.3,,79.1,77,0,1,0,26,0,0,8,34,26,8,DARTMOUTH,DARTMOUTH,85.1,,
171185,Grayson Saunier,QB,0,,2028,148,1.9,25.4,68.6,,,16,0,1,5,0,0,1,0,6,5,1,DARTMOUTH,DARTMOUTH,,23.3,63.1
171203,Dylan Kedzior,HB,0,,2026,124,76.2,62.7,76.3,35.6,59.4,24,0,1,0,1,29,18,2,50,30,20,BRYANT,BRYANT,7.7,,70.6
171418,Carson Dunn,HB,0,,2028,191,67.3,62.7,69.7,64.3,60,33,0,1,0,3,3,2,2,10,6,4,INDIANA ST,INDIANA ST,44.3,,62.5
171424,Lucas McAllister,LB,0,,2028,191,,60,60,,60,D45,0,1,0,0,0,0,1,1,0,1,INDIANA ST,INDIANA ST,,,
171425,Jude McCoskey,T,0,,2028,191,,65.6,77.9,,57.7,74,0,1,0,46,0,0,32,78,46,32,INDIANA ST,INDIANA ST,78.8,,
171426,Elijah Owens,QB,0,,2028,191,72.6,73.9,77.5,57.2,60,02,0,1,45,0,1,9,23,78,46,32,INDIANA ST,INDIANA ST,,80.5,57.7
171443,BJ Wuest,WR,0,,2028,191,,55.9,70.5,56.9,59.5,14,0,1,0,0,3,0,2,5,3,2,INDIANA ST,INDIANA ST,,,
171488,Jimmy Athans,HB,0,,2029,295,62.5,58.6,66.3,58.5,,32,0,1,0,0,2,1,0,3,2,1,S ILLINOIS,S ILLINOIS,,,59.6
171493,Aidan Duerig,G,0,,2030,295,,59.1,71.2,,59.9,69,0,1,0,5,0,0,2,7,5,2,S ILLINOIS,S ILLINOIS,48,,
171496,Ostyn Friday,C,0,,2030,295,,61.1,71.5,,59.8,71,0,1,0,5,0,0,2,7,5,2,S ILLINOIS,S ILLINOIS,74.7,,
171499,Blaine Halley,G,0,,2030,295,,60.1,69.5,,57.2,67,0,1,0,5,0,0,2,7,5,2,S ILLINOIS,S ILLINOIS,77.7,,
171500,Colton Hoag,TE,0,,2025,295,65,58.2,77,58.6,56.6,48,0,1,0,1,28,0,15,44,29,15,S ILLINOIS,S ILLINOIS,67.4,,
171502,Aiden Logan,G,0,,2026,295,,61.2,71.7,,59.7,61,0,1,0,5,0,0,2,7,5,2,S ILLINOIS,S ILLINOIS,76.6,,
171504,Allen Middleton,WR,0,,2030,295,68.7,80.7,73.5,83.5,60.5,15,0,1,0,0,16,2,4,22,16,6,S ILLINOIS,S ILLINOIS,,,56
171512,Cal Weidemann,WR,0,,2026,295,,53.8,71.9,54.8,60,84,0,1,0,0,5,0,2,7,5,2,S ILLINOIS,S ILLINOIS,,,
171530,Tyshon King,HB,0,,2025,353,74.9,68.8,75.4,61.7,59.7,10,0,1,0,7,18,14,6,45,25,20,YNGTOWN ST,YNGTOWN ST,80.5,,68.6
171539,Cyrus Traugh,WR,0,,2028,353,69.3,61,78.6,60.4,63.7,18,0,1,0,0,35,0,22,57,35,22,YNGTOWN ST,YNGTOWN ST,,,
171590,Moshood Giwa,T,0,,2028,1298,,70.9,76.6,,61.9,74,0,1,0,31,0,0,28,59,31,28,LIUSHAR,LIUSHAR,88.9,,
171608,Dylan Simpson,HB,0,,2027,1298,,60,67.1,,60,41,0,1,0,0,0,0,3,3,0,3,LIUSHAR,LIUSHAR,,,
171609,Aviyon Smith-Mack,WR,0,,2028,1298,62.9,65.7,78,65.1,61.5,00,0,1,0,0,30,0,21,51,30,21,LIUSHAR,LIUSHAR,,,
171622,Amir Johnson,T,0,,2028,385,,54,77.4,,59.1,77,0,1,0,30,0,0,42,72,30,42,MERRIMACK,MERRIMACK,30.2,,
171624,Matthias Latham,HB,0,,2028,385,64.3,67.8,66.9,63.7,60,34,0,1,0,0,3,1,1,5,3,2,MERRIMACK,MERRIMACK,,,63.3
171626,Jalen McDonald,WR,0,,2028,385,64.1,68.6,78.9,68.1,63.1,04,0,1,0,0,29,0,40,69,29,40,MERRIMACK,MERRIMACK,,,
171629,Austin Palmer,WR,0,,2028,385,61,72.2,69.7,69.9,59.9,05,0,1,0,0,3,0,2,5,3,2,MERRIMACK,MERRIMACK,,,
171631,Brandon Smith,C,0,,2028,385,,43.7,0,,49.9,58,3,1,0,28,0,0,40,68,28,40,MERRIMACK,MERRIMACK,68.1,,
171632,Seth Sweitzer,WR,0,,2028,385,64.1,55.1,0,57,60.2,03,1,1,0,0,28,0,35,63,28,35,MERRIMACK,MERRIMACK,,,
171634,Brendon Wyatt,HB,0,,2028,385,68.6,64.8,69.3,58.8,,07,0,1,0,1,2,4,0,7,3,4,MERRIMACK,MERRIMACK,68.1,,64.1
171673,Joe Skule,TE,0,,2027,299,65,64.4,77.2,72.4,49.2,86,0,1,0,3,21,0,31,55,24,31,ST FRANCIS,ST FRANCIS,68.8,,
171689,Jaylen Bonelli,WR,1,,2028,338,67.1,73.7,0,74.5,61.3,02,1,1,0,0,44,0,16,60,44,16,WAGNER,WAGNER,,,
171694,Vincent Cajano III,TE,0,,2028,338,,58,63.9,59.5,,17,0,1,0,0,1,0,0,1,1,0,WAGNER,WAGNER,,,
171698,Jeremiah Colclough,WR,0,,2028,338,,41.7,71,45,,04,0,1,0,0,6,0,0,6,6,0,WAGNER,WAGNER,,,
171703,Mark Didio Jr.,WR,0,,2026,338,69.6,61.9,76.7,61.6,59.8,15,0,1,0,0,35,0,8,43,35,8,WAGNER,WAGNER,,,
171713,Sekou Kamau,HB,0,,2028,338,67.8,72.5,73,56.3,59.3,00,0,1,0,2,8,3,2,15,10,5,WAGNER,WAGNER,76,,75.7
171717,Mateo Lucero,C,0,,2028,338,,65.8,79.3,,62.1,78,0,1,0,42,0,0,18,60,42,18,WAGNER,WAGNER,72.3,,
171720,Teree McDonald,WR,0,,2028,338,62.9,61.9,78.2,61.5,60.6,14,0,1,0,0,35,0,17,52,35,17,WAGNER,WAGNER,,,
171753,Nicholas Oliveira-Chace,ED,0,,2025,158,,60,60,,60,D91,0,1,0,0,0,0,1,1,0,1,E ILLINOIS,E ILLINOIS,,,
171754,Sebastian Pares,G,0,,2025,158,,61.1,80.2,,60.3,71,0,1,0,37,0,0,35,72,37,35,E ILLINOIS,E ILLINOIS,59.5,,
171782,Kywon Morgan,HB,0,,2025,236,62.5,55.6,67.4,59.2,,06,0,1,0,0,2,1,0,3,2,1,MURRAY ST,MURRAY ST,,,57.5
171793,Donnie Cheers,WR,0,,2028,293,62.9,66.1,72.1,65.2,,81,0,1,0,0,17,0,0,17,17,0,SE MO ST,SE MO ST,,,
171795,Andrew Civey,TE,0,,2028,293,62.9,69.3,3.9,78.4,59.1,45,1,1,0,8,18,0,35,61,26,35,SE MO ST,SE MO ST,71.5,,
171806,Cole Ruble,HB,0,,2028,293,67.1,56.8,68.8,57.4,60,15,0,1,0,2,4,1,1,8,6,2,SE MO ST,SE MO ST,75.4,,57.7
171814,Hadine Diaby,G,0,,2028,308,,57.2,79.5,,50.7,58,0,1,0,33,0,0,34,67,33,34,TENN STATE,TENN STATE,86.7,,
171819,Jase Hoath,TE,0,,2028,308,61,62.6,74.7,68.4,54.8,89,0,1,0,1,8,0,21,30,9,21,TENN STATE,TENN STATE,64.5,,
171945,Xavier Allen,T,0,,2028,125,,59,25.5,,62.4,70,1,1,0,53,0,0,27,80,53,27,BUCKNELL,BUCKNELL,60.7,,
171964,Sam Milligan,WR,0,,2030,125,66.2,82.3,77,81.4,60.7,84,0,1,0,0,25,0,8,33,25,8,BUCKNELL,BUCKNELL,,,
171965,Mark Mulhern,T,0,,2030,125,,49.4,77.4,,56.8,56,0,1,0,53,0,0,27,80,53,27,BUCKNELL,BUCKNELL,32.4,,
171976,Mick Corrigan,QB,0,,2026,142,67.3,81.1,66.6,,,16,0,1,0,0,0,3,0,3,0,3,COLGATE,COLGATE,,,72
171978,Chris Gee,HB,0,,2028,142,72.1,68.6,74,65.8,60,25,0,1,0,4,17,8,2,31,21,10,COLGATE,COLGATE,73.4,,68.8
171980,Sean Haney,G,0,,2028,142,,49.7,74.9,,50.1,60,0,1,0,14,0,0,4,18,14,4,COLGATE,COLGATE,38.9,,
171985,Winston Moore,WR,0,,2028,142,69.3,53.4,74.7,54.7,61,02,0,1,0,0,20,1,7,28,20,8,COLGATE,COLGATE,,,57.9
171991,Jake Stearney,QB,0,,2028,142,70.6,74.3,76.3,,60,15,0,1,46,0,0,3,11,60,46,14,COLGATE,COLGATE,,73.7,61.3
171992,Ryan Steinbrink,T,0,,2028,142,,61.3,76.5,,51.4,76,0,1,0,48,0,0,18,66,48,18,COLGATE,COLGATE,74.4,,
171994,Reed Swanson,WR,0,,2028,142,67.1,70.7,77.6,69.7,61.3,80,0,1,0,0,35,0,10,45,35,10,COLGATE,COLGATE,,,
171998,Chuck Volans,TE,0,,2028,142,,60,64.4,,60,85,0,1,0,0,0,0,1,1,0,1,COLGATE,COLGATE,,,
172013,Nodin Tracy,WR,0,,2028,168,65,93,75.4,91.6,61.3,21,0,1,0,0,11,0,9,20,11,9,FORDHAM,FORDHAM,,,
172018,Burke Carroll,TE,0,,2028,172,61,51.4,76.1,51.7,53.4,87,0,1,0,1,19,0,12,32,20,12,GEORGETOWN,GEORGETOWN,67.4,,
172019,Bryce Cox,HB,0,,2028,172,72.6,62.8,73.9,55.7,59.4,31,0,1,0,3,16,9,2,30,19,11,GEORGETOWN,GEORGETOWN,49.4,,65.4
172022,Udechukwu Enyeribe,HB,0,,2028,172,67.1,58.6,69.9,61.3,60,27,0,1,0,1,6,0,1,8,7,1,GEORGETOWN,GEORGETOWN,24.1,,
172025,Jacob Holtschlag,QB,0,,2028,172,69.3,57.5,76.2,,60,16,0,1,38,0,0,1,17,56,38,18,GEORGETOWN,GEORGETOWN,,58,56.6
172035,Nathan Staggs,G,0,,2027,172,,61.4,72.6,,59.3,77,0,1,0,6,0,0,3,9,6,3,GEORGETOWN,GEORGETOWN,77.5,,
172036,Mosiah Talanoa,T,0,,2028,172,,44.4,77.1,,50.4,78,0,1,0,47,0,0,25,72,47,25,GEORGETOWN,GEORGETOWN,30.7,,
172039,Troy Bruce,HB,0,,2030,203,72.8,70.5,75.8,67.8,59.1,12,0,1,0,1,20,9,2,32,21,11,LAFAYETTE,LAFAYETTE,70.8,,71.2
172040,Benjamin Bussiere,WR,0,,2028,203,,59.2,72.6,59.6,60.8,06,0,1,0,0,1,0,12,13,1,12,LAFAYETTE,LAFAYETTE,,,
172042,Peyton Cosover,QB,0,,2028,203,67.7,55.9,71.8,,60,18,0,1,3,0,0,3,11,17,3,14,LAFAYETTE,LAFAYETTE,,52.1,60.8
172044,Michael Dincher,G,0,,2028,203,,49.3,0,,59.4,75,1,1,0,2,0,0,5,7,2,5,LAFAYETTE,LAFAYETTE,70.1,,
172045,Kente Edwards,HB,0,,2028,203,70.1,81.6,68.7,,,34,0,1,0,0,0,5,0,5,0,5,LAFAYETTE,LAFAYETTE,,,76.8
172046,Addison Hoffman,T,0,,2028,203,,55.7,72,,54.3,63,0,1,0,3,0,0,13,16,3,13,LAFAYETTE,LAFAYETTE,71,,
172047,Ethan Hosak,TE,0,,2028,203,,63.1,75.3,60.4,63.4,85,0,1,0,1,14,0,19,34,15,19,LAFAYETTE,LAFAYETTE,67.8,,
172053,Tray Mauney,QB,0,,2027,203,15.8,43.5,71.2,,60,10,0,1,3,0,0,3,7,13,3,10,LAFAYETTE,LAFAYETTE,,38.5,56.9
172056,Savion McKinnon,WR,0,,2027,203,,44.5,75.8,43.8,62.2,24,1,1,0,0,4,0,15,19,4,15,LAFAYETTE,LAFAYETTE,,,
172059,Devin Paige,WR,0,,2027,203,,55.1,72.6,55.1,60.1,13,0,1,0,0,6,0,11,17,6,11,LAFAYETTE,LAFAYETTE,,,
172060,Carson Persing,WR,0,,2028,203,66.2,70.8,74.3,69.7,61.2,07,0,1,0,0,19,0,8,27,19,8,LAFAYETTE,LAFAYETTE,,,
172061,Shaun Purvy,WR,0,,2028,203,61,57.4,74.5,56.9,62.3,03,0,1,0,0,7,0,13,20,7,13,LAFAYETTE,LAFAYETTE,,,
172063,Michael Senatore,WR,0,,2027,203,,49.5,70.6,59.7,40,11,0,1,0,0,1,0,8,9,1,8,LAFAYETTE,LAFAYETTE,,,
172066,Nick Strelczyk,C,0,,2028,203,,65.6,72,,64.8,72,0,1,0,2,0,0,5,7,2,5,LAFAYETTE,LAFAYETTE,71,,
172068,Ethan Weber,HB,0,,2028,203,74.8,68.7,74.3,55.9,57.4,32,0,1,0,0,6,14,7,27,6,21,LAFAYETTE,LAFAYETTE,,,68.9
172070,Sean Wilson,T,0,,2028,203,,61,74.5,,54.3,64,0,1,0,20,0,0,18,38,20,18,LAFAYETTE,LAFAYETTE,79.5,,
172079,Luke Henrich,QB,0,,2027,205,,60,0,,60,15,1,1,0,0,0,0,3,3,0,3,LEHIGH,LEHIGH,,,
172081,Austin Huff,G,0,,2028,205,,54.1,76.6,,51.8,67,0,1,0,13,0,0,15,28,13,15,LEHIGH,LEHIGH,69.1,,
172082,Mason Humphrey,WR,0,,2028,205,65,68,78.1,65.5,74.6,82,0,1,0,0,23,0,28,51,23,28,LEHIGH,LEHIGH,,,
172085,Joseph Marranca,TE,0,,2028,205,61,56.1,71.6,58.4,56,86,0,1,0,1,3,0,12,16,4,12,LEHIGH,LEHIGH,65.1,,
172092,Jake Stalsitz,TE,0,,2027,205,,53.2,72.2,59.2,54.2,87,0,1,0,1,1,0,12,14,2,12,LEHIGH,LEHIGH,64.4,,
172094,Luke Yoder,HB,0,,2028,205,75.5,66.9,74.7,55.1,59.1,06,0,1,0,5,9,16,3,33,14,19,LEHIGH,LEHIGH,75,,66.8
172112,Hayden Olmsted,C,0,,2025,127,,57.9,4.9,,57.9,55,1,1,0,27,0,0,45,72,27,45,BUTLER,BUTLER,81,,
172132,Vincent Anthony,TE,0,,2025,234,,75.7,68.5,,74.2,40,0,1,0,1,0,0,6,7,1,6,MOREHEAD,MOREHEAD,67.3,,
172159,Marcus Johnson,G,0,,2028,1129,,59,68.8,,60,61,0,1,0,3,0,0,2,5,3,2,STTHOM,STTHOM,75.9,,
172164,Owen Lyons,WR,0,,2028,1129,,55.2,67.9,56.5,,19,0,1,0,0,3,0,0,3,3,0,STTHOM,STTHOM,,,
172168,Eli Paulson,WR,0,,2028,1129,65,60.6,78.9,59.4,71.5,05,0,1,0,0,37,0,12,49,37,12,STTHOM,STTHOM,,,
172171,Kaleb Rector,C,0,,2028,1129,,54.9,0,,61.3,73,2,1,0,43,0,0,18,61,43,18,STTHOM,STTHOM,66,,
172172,Michael Rostberg,QB,0,,2027,1129,65.8,49.8,70.7,,,14,0,1,12,0,0,0,0,12,12,0,STTHOM,STTHOM,,54.3,53.1
172179,Tak Tateoka,QB,0,,2028,1129,32,56.2,15.6,,60,12,2,1,31,0,0,5,13,49,31,18,STTHOM,STTHOM,,55.4,63.1
172218,Rene Miller,T,1,,2027,107,,68.5,76.6,,64.8,77,2,1,0,22,0,0,41,63,22,41,ALCORN ST,ALCORN ST,72.7,,
172278,MarShawn Ferguson Jr.,WR,0,,2028,178,62.9,56.7,73.2,56.9,60,11,0,1,0,0,14,0,2,16,14,2,HAMPTON,HAMPTON,,,
172284,Alex Jreige,HB,0,,2027,106,75.2,67.8,77.3,58.6,,32,0,1,0,16,29,15,0,60,45,15,ALBANY,ALBANY,28.1,,74.1
172505,Deljay Bailey,QB,0,,2028,177,64.4,40.7,67.4,,60,05,0,1,2,0,0,1,1,4,2,2,GRAMBLING,GRAMBLING,,39.9,59.6
172564,Dylan Laible,QB,0,,2025,309,68.9,50,75.9,,60,07,0,1,32,0,0,1,22,55,32,23,TENN TECH,TENN TECH,,49,59.6
172640,Brock Chappell,TE,0,,2028,170,64.1,75.9,77.8,72.6,68,15,0,1,0,5,19,0,35,59,24,35,FURMAN,FURMAN,71.3,,
172646,Ja'Keith Hamilton,WR,0,,2028,170,61,67.9,69.7,67.4,60,09,0,1,0,0,5,0,1,6,5,1,FURMAN,FURMAN,,,
172651,Colton Hinton,WR,0,,2028,170,70.7,71.2,78.7,72.9,48.3,01,0,1,0,0,27,0,36,63,27,36,FURMAN,FURMAN,,,
172657,Chris Luna,C,0,,2028,170,,62.8,78.4,,59.6,72,0,1,0,21,0,0,31,52,21,31,FURMAN,FURMAN,75,,
172662,Aiden Ruckh,TE,0,,2027,170,,62.7,65.6,,66.9,85,0,1,0,0,0,0,2,2,0,2,FURMAN,FURMAN,,,
172666,Brennan Tormey,TE,0,,2027,170,,56.5,71.5,,56.2,86,0,1,0,0,0,0,12,12,0,12,FURMAN,FURMAN,,,
172672,Samuel Albee,TE,0,,2028,219,,54.9,75,50.2,62.8,86,0,1,0,2,10,0,8,20,12,8,MERCER,MERCER,69.7,,
172675,Tyrell Coard,HB,0,,2027,219,67.8,55.7,71,66.4,,25,0,1,0,0,7,3,0,10,7,3,MERCER,MERCER,,,53
172676,Adjatay Dabbs,WR,0,,2029,219,62.9,63.3,74.9,62.8,60.4,18,0,1,0,0,12,0,7,19,12,7,MERCER,MERCER,,,
172677,Ty Everson,TE,0,,2027,219,,33.1,0,56.5,46.5,88,1,1,0,4,3,0,7,14,7,7,MERCER,MERCER,30.6,,
172682,Kendall Harris,WR,0,,2028,219,62.9,75.6,75.6,75,60.4,07,0,1,0,0,11,0,16,27,11,16,MERCER,MERCER,,,
172686,Scooter Risper,WR,0,,2025,219,,58.2,67.9,59.4,60,81,0,1,0,0,1,0,2,3,1,2,MERCER,MERCER,,,
172687,Demetri Robinson,G,0,,2026,274,,56.4,78.7,,58.3,52,0,1,0,29,0,0,32,61,29,32,RHODE ISLD,RHODE ISLD,35.2,,
172703,Darwin Murillo,T,0,,2028,139,,67.2,77.4,,62.4,75,0,1,0,21,0,0,49,70,21,49,CITADEL,CITADEL,79.3,,
172708,Nico Rodriguez-Pena,G,0,,2028,139,,57.2,79.7,,56.6,63,0,1,0,20,0,0,43,63,20,43,CITADEL,CITADEL,53.7,,
172710,Kaiden Swortzel,TE,0,,2027,139,,55,68.3,59.6,55.9,81,0,1,0,0,1,0,6,7,1,6,CITADEL,CITADEL,,,
172721,Andrew Kocan,T,0,,2028,212,,58.3,76.9,,50.3,57,0,1,0,43,0,0,18,61,43,18,MAINE,MAINE,68.3,,
172724,Egypt Nelson,WR,0,,2028,336,61,61.8,76.7,64.4,42.7,05,0,1,0,0,18,0,11,29,18,11,VA MILT IN,VA MILT IN,,,
172735,Reed Boyd,TE,0,,2028,217,,60,67.7,,60,83,0,1,0,0,0,0,2,2,0,2,MCNEESE,MCNEESE,,,
172737,Jer'Michael Carter,WR,0,,2028,217,61,54,76.9,53.2,60.3,10,0,1,0,0,21,0,34,55,21,34,MCNEESE,MCNEESE,,,
172742,David Duvall,C,0,,2025,217,,66.7,72.7,,65.2,54,0,1,0,1,0,0,9,10,1,9,MCNEESE,MCNEESE,69.4,,
172746,Jamall Franklin Jr.,T,0,,2027,217,,60,67.2,,59.7,74,0,1,0,0,0,0,3,3,0,3,MCNEESE,MCNEESE,,,
172749,Coleby Hamm,HB,0,,2026,217,73.1,70.9,74.9,58.7,60,20,0,1,0,0,11,10,2,23,11,12,MCNEESE,MCNEESE,,,71.1
172750,Jonathan Harris,WR,0,,2026,217,62.9,53.2,72.6,57.6,39.5,03,0,1,0,0,9,0,3,12,9,3,MCNEESE,MCNEESE,,,
172753,Niko Johnson,WR,0,,2027,217,,60,67.2,,60,11,0,1,0,0,0,0,3,3,0,3,MCNEESE,MCNEESE,,,
172756,Jamaal Levi,WR,0,,2029,217,60.3,74.6,69.9,59.7,59.9,80,0,1,1,0,1,0,1,3,2,1,MCNEESE,MCNEESE,,75.7,
172760,Cory O'Bryant,WR,0,,2027,217,,54.6,72.1,54.9,59.6,84,0,1,0,0,6,0,7,13,6,7,MCNEESE,MCNEESE,,,
172774,Jalen Wright,WR,0,,2029,217,,56.8,72.6,57.4,59.5,85,0,1,0,0,2,0,7,9,2,7,MCNEESE,MCNEESE,,,
172775,Jordan Aaron,G,0,,2026,243,,58.1,76.4,,56.7,60,0,1,0,17,0,0,8,25,17,8,NICHOLLS,NICHOLLS,59.4,,
172783,J.T. Fayard,QB,0,,2028,257,63.8,37.2,70.7,60,60,14,0,1,5,0,1,0,6,12,6,6,NWSTATE,NWSTATE,,36.9,
172784,Twon Hines,WR,0,,2025,257,69.1,61.7,77.1,61.4,60.6,01,0,1,0,0,20,0,23,43,20,23,NWSTATE,NWSTATE,,,
172790,Quentin Ross,C,0,,2026,177,,48.9,0,,56.9,53,2,1,0,32,0,0,24,56,32,24,GRAMBLING,GRAMBLING,36.7,,
172833,Joshua Daniel,G,0,,2028,105,,54,73.9,,53.1,55,0,1,0,1,0,0,9,10,1,9,ALABAMA ST,ALABAMA ST,72.6,,
172838,Ajai Harrell,WR,0,,2028,105,64.2,55.8,76.4,53.4,66.3,06,0,1,0,0,15,0,31,46,15,31,ALABAMA ST,ALABAMA ST,,,
172840,Eric Horn,WR,0,,2029,105,,54.6,77.7,53.5,62.9,14,0,1,0,0,15,0,26,41,15,26,ALABAMA ST,ALABAMA ST,,,
172843,Zy'Terrio Lee,T,0,,2028,105,,60.5,66.9,,60,77,0,1,0,2,0,0,1,3,2,1,ALABAMA ST,ALABAMA ST,74.4,,
172854,Zavion Battle,CB,0,,2025,164,,60,64.9,,60,D14,0,1,0,0,0,0,1,1,0,1,FL A&M,FL A&M,,,
172859,Tyrese Gibson-Battles,ED,0,,2025,164,,60,65,,60,D25,0,1,0,0,0,0,1,1,0,1,FL A&M,FL A&M,,,
172864,Robert Lockhart,HB,0,,2029,164,66.2,61.6,63.5,65.8,,85,0,1,0,0,1,0,0,1,1,0,FL A&M,FL A&M,,,
172872,Levontai Summersett,HB,0,,2027,164,14.3,58.9,70.4,58,,20,0,1,0,1,3,4,0,8,4,4,FL A&M,FL A&M,72.9,,58.9
172885,Quaveon Davis,T,1,,2028,194,,51.6,0,,59.5,79,2,1,0,21,0,0,36,57,21,36,JACKSON ST,JACKSON ST,65.2,,
172887,Douglas Fowler,G,0,,2026,194,,59.4,78.4,,61.2,55,0,1,0,20,0,0,35,55,20,35,JACKSON ST,JACKSON ST,35.6,,
172900,Sebastien Saint-Louis,TE,0,,2028,194,,60,65,,60,83,0,1,0,0,0,0,2,2,0,2,JACKSON ST,JACKSON ST,,,
172906,Almetris Smith Jr.,C,0,,2026,194,,52.8,0,,53.7,62,1,1,0,21,0,0,36,57,21,36,JACKSON ST,JACKSON ST,81.8,,
172908,Isaiah Spencer,WR,0,,2028,194,64.3,55,74.1,55.3,43.9,11,0,1,0,0,13,1,12,26,13,13,JACKSON ST,JACKSON ST,,,63.1
172909,D'Andre Townes-Blue,G,0,,2026,194,,44.2,0,,42.6,74,1,1,0,21,0,0,36,57,21,36,JACKSON ST,JACKSON ST,83.8,,
172926,Colter Lynch,G,0,,2028,100,,66,75,,60,68,0,1,0,15,0,0,2,17,15,2,ABILENE CH,ABILENE CH,92.3,,
172942,Timothy Carter,HB,0,,2027,189,69.7,57.6,70.1,57.6,,20,0,1,0,1,2,5,0,8,3,5,INCAR WORD,INCAR WORD,72.9,,58.8
172945,Dane Farley,TE,0,,2028,189,,57.1,69.2,59.2,60,47,0,1,0,0,1,0,1,2,1,1,INCAR WORD,INCAR WORD,,,
172954,Rasheed Jackson,T,0,,2028,189,,56,77.2,,52.8,75,0,1,0,35,0,0,32,67,35,32,INCAR WORD,INCAR WORD,60.2,,
172961,Lontrell Turner,HB,0,,2028,189,71.9,68.4,74.3,55.1,60,00,0,1,0,0,9,8,4,21,9,12,INCAR WORD,INCAR WORD,,,69.4
172966,Elias Ripley,C,0,,2026,204,,62.4,79,,58.1,58,0,1,0,24,0,0,33,57,24,33,LAMAR,LAMAR,82.8,,
172977,Steven Eakins,T,0,,2026,298,,65.3,19.1,,75.2,71,1,1,0,34,0,0,36,70,34,36,SO UTAH,SO UTAH,46.2,,
172984,Anson Kraut,WR,0,,2027,298,,55.7,74,55.6,60.6,81,0,1,0,0,6,0,9,15,6,9,SO UTAH,SO UTAH,,,
172985,Chase Merrell,TE,0,,2027,298,65.4,85.2,77.1,82.5,74,84,1,1,0,4,15,0,29,48,19,29,SO UTAH,SO UTAH,35,,
173001,Kona Crowell,HB,0,,2028,1285,66.3,64.6,73.7,65.6,54.4,23,0,1,0,5,9,2,7,23,14,9,UTAHTC,UTAHTC,78.1,,64.8
173011,Misiolo Maluia,G,0,,2028,1177,,49.8,76.3,,49.3,54,0,1,0,11,0,0,21,32,11,21,W GEORGIA,W GEORGIA,46.7,,
173016,Bryce Parker,WR,0,,2028,1285,65,78.5,75,77,61.4,14,0,1,0,0,18,0,12,30,18,12,UTAHTC,UTAHTC,,,
173020,Chase Richards,G,0,,2026,1285,,37.3,4.9,,37.4,69,1,1,0,43,0,0,27,70,43,27,UTAHTC,UTAHTC,37.2,,
173215,Joshua Smith,TE,0,,2027,235,,52.9,74.5,52.4,55.2,08,0,1,0,0,7,0,12,19,7,12,MORGAN ST,MORGAN ST,,,
173264,Richard Dandridge,WR,0,,2028,353,65.4,50.6,0,56.5,32.6,03,1,1,0,0,32,0,9,41,32,9,YNGTOWN ST,YNGTOWN ST,,,
173415,Cade Osterman,WR,0,,2029,250,61,87.5,71.8,83.8,60.1,83,0,1,0,0,2,0,8,10,2,8,N DAK ST,N DAK ST,,,
173495,Jakob Belton,T,0,,2026,269,,58.5,19.1,,56.9,77,1,1,0,23,0,0,47,70,23,47,PORTLAND,PORTLAND,84.8,,
173503,Jaceon Doss,WR,0,,2027,317,61,53.4,80.2,53.1,61.4,11,0,1,0,0,41,0,25,66,41,25,TOWSON,TOWSON,,,
173561,Chinazo Obobi,T,0,,2026,116,,60.9,76.1,,48.8,55,0,1,0,38,0,0,17,55,38,17,AUSTINPEAY,AUSTINPEAY,76.5,,
173611,Ja'Carree Kelly,WR,0,,2028,151,64.1,81.5,75.1,81,61,09,0,1,0,0,10,0,19,29,10,19,DELAWARE,DELAWARE,,,
173613,Phil Lutz,WR,0,2025,2025,151,65,73.1,0,75.1,61.1,13,1,1,0,0,22,0,25,47,22,25,DELAWARE,DELAWARE,,,
173617,Nick Minicucci,QB,0,,2028,151,36,63,21.8,,60,04,1,1,31,1,0,9,28,69,32,37,DELAWARE,DELAWARE,62.2,63.9,61.4
173622,Saeed St. Fleur,HB,0,,2027,151,64.3,60.5,66.3,64.9,,28,0,1,0,0,2,1,0,3,2,1,DELAWARE,DELAWARE,,,59.6
173668,Richie Munoz,QB,0,,2028,342,70.5,70.3,76.3,,60,10,1,1,37,0,0,4,16,57,37,20,WEBER ST,WEBER ST,,69.6,62.4
173738,Jaden Barnes,WR,0,,2028,116,68.2,80.2,0,83.5,60.7,10,2,1,0,0,32,1,5,38,32,6,AUSTINPEAY,AUSTINPEAY,,,63.4
173768,Courtland Simmons,HB,0,,2028,116,,52.8,68.2,60,58.2,29,0,1,0,1,1,0,3,5,2,3,AUSTINPEAY,AUSTINPEAY,0,,
173775,Kaden Williams,HB,0,,2028,116,66.9,57.8,73.4,60.7,60,25,0,1,0,1,12,2,1,16,13,3,AUSTINPEAY,AUSTINPEAY,67.5,,56.3
173816,Kristopher Boyd,T,2,,2028,235,,43.5,76.8,,59.9,73,2,1,0,36,0,0,33,69,36,33,MORGAN ST,MORGAN ST,6.6,,
173819,Jason Collins Jr.,HB,0,,2028,235,74.1,53.9,75.7,51.5,60,02,0,1,0,0,23,12,2,37,23,14,MORGAN ST,MORGAN ST,,,55.5
173824,Kahari Finley,T,0,,2028,235,,61.1,77.3,,57.8,71,0,1,0,36,0,0,33,69,36,33,MORGAN ST,MORGAN ST,64.6,,
173829,Shane Marks,C,0,,2028,235,,49.8,2.3,,51.9,58,2,1,0,36,0,0,33,69,36,33,MORGAN ST,MORGAN ST,63,,
173833,Myles Miree,HB,0,,2025,235,70.9,55.7,72.5,62.1,,05,0,1,0,0,13,6,0,19,13,6,MORGAN ST,MORGAN ST,,,53.8
173860,Dylan Evans,WR,0,,2028,253,,57.4,69.9,58.1,60,17,0,1,0,0,3,0,1,4,3,1,N COLORADO,N COLORADO,,,
173889,Iverson Young,HB,0,,2028,230,70.5,78.3,69.3,,,03,0,1,0,0,0,6,0,6,0,6,MO STATE,MO STATE,,,74.4
173890,Will Beargie,T,0,,2028,272,,65.7,70.9,,60,70,0,1,0,10,0,0,2,12,10,2,PRINCETON,PRINCETON,75.3,,
173894,Ethan Clark,HB,0,,2028,272,74.2,78.7,75.3,78.1,,21,0,1,0,3,24,12,0,39,27,12,PRINCETON,PRINCETON,74.6,,78
173895,Brady Clark,P,0,,2028,272,,60,70.3,,,S89,0,1,0,0,0,1,0,1,0,1,PRINCETON,PRINCETON,,,60
173896,Jack Comeau,TE,0,,2028,272,,53.2,72.4,52.5,56.6,84,0,1,0,2,6,0,7,15,8,7,PRINCETON,PRINCETON,67.3,,
173898,Phil Eichelzer,C,0,,2028,272,,60,60,,60,50,0,1,0,0,0,0,1,1,0,1,PRINCETON,PRINCETON,,,
173899,Jackson Green,WR,0,,2028,272,61,57.2,70.5,57.5,60,80,0,1,0,0,6,0,2,8,6,2,PRINCETON,PRINCETON,,,
173904,Jay Mentink,S,0,,2028,272,,60,60,,60,D43,0,1,0,0,0,0,1,1,0,1,PRINCETON,PRINCETON,,,
173905,Kavon Miller,S,0,,2028,272,,60,60,,60,D12,1,1,0,0,0,0,1,1,0,1,PRINCETON,PRINCETON,,,
173915,Mavrick Torrico,LB,0,,2028,272,,60,60,,60,D30,0,1,0,0,0,0,1,1,0,1,PRINCETON,PRINCETON,,,
173918,Joey Wassler,TE,0,,2028,272,61,41,0,56.3,57.3,87,1,1,0,6,7,0,8,21,13,8,PRINCETON,PRINCETON,29.2,,
173924,Javon Robinson,WR,0,,2028,177,68,49.1,76.6,50.9,45.2,08,0,1,0,0,31,0,15,46,31,15,GRAMBLING,GRAMBLING,,,
173925,Tylon Williams,WR,0,,2029,177,,52.2,74,52.7,60.2,17,0,1,0,0,19,0,4,23,19,4,GRAMBLING,GRAMBLING,,,
173947,Christian Greenlaw,TE,0,,2028,178,,58.2,68.1,59.2,59.6,85,0,1,0,0,1,0,2,3,1,2,HAMPTON,HAMPTON,,,
173965,Jalen Williamson-Thomas,C,0,,2028,178,,64.2,78.6,,60.1,51,0,1,0,24,0,0,29,53,24,29,HAMPTON,HAMPTON,80.5,,
174018,Freddie Pelling,T,0,,2028,131,,64.1,17.5,,66.5,66,2,1,0,39,0,0,25,64,39,25,CAMPBELL,CAMPBELL,68,,
174200,Jacob Edmonds,G,0,,2028,342,,63.7,79.8,,64.9,62,0,1,0,39,0,0,23,62,39,23,WEBER ST,WEBER ST,56.1,,
174214,Bryson Summers,G,0,,2028,279,,63.1,79.4,,61,71,0,1,0,56,0,0,18,74,56,18,SACRAMENTO,SACRAMENTO,66.8,,
174226,Nolan Latulippe,T,0,,2028,106,,57.7,77.8,,53.2,77,1,1,0,60,0,0,28,88,60,28,ALBANY,ALBANY,61,,
174234,Kenaz McMillian,WR,0,,2028,162,15.6,32.5,70.5,36.2,60,09,0,1,0,0,3,0,5,8,3,5,ELON,ELON,,,
174277,Elyjah Mitchell,WR,0,,2028,244,64.1,58,77.3,57.6,61.4,81,0,1,0,0,25,0,27,52,25,27,NORFOLK,NORFOLK,,,
174335,Ian Markham-Miller,C,0,,2028,317,,59.6,72.4,,58.2,69,0,1,0,4,0,0,5,9,4,5,TOWSON,TOWSON,74.4,,
174371,Ramier Lewis,G,0,,2028,104,,54,80.8,,50.7,75,0,1,0,47,0,0,38,85,47,38,ALAB A&M,ALAB A&M,61.3,,
174389,Barry White,TE,0,,2026,104,62.9,64.6,75.9,65.7,59.1,42,0,1,0,1,13,0,10,24,14,10,ALAB A&M,ALAB A&M,67.4,,
174400,Christian Loving,C,0,,2027,119,,77.8,79.9,,72,55,0,1,0,45,0,0,28,73,45,28,BETH COOK,BETH COOK,85.9,,
174404,Markell Quick,WR,0,,2029,247,72.6,55.6,75.5,55.5,61.6,06,0,1,0,0,27,0,12,39,27,12,NC CENT,NC CENT,,,
174406,Darryl Taylor,WR,0,,2029,247,,52.3,73.8,53.3,55.9,81,0,1,0,0,10,0,8,18,10,8,NC CENT,NC CENT,,,
174409,CharMar Brown,HB,0,,2028,250,75.2,81.6,75.5,67.8,60,25,0,1,0,1,10,15,2,28,11,17,N DAK ST,N DAK ST,71.1,,79.9
174411,Trey Drake,QB,0,,2029,250,,60,65.5,,60,10,0,1,0,0,0,0,2,2,0,2,N DAK ST,N DAK ST,,,
174417,Beau Johnson,T,0,,2029,250,,59.2,70.8,,60.2,70,0,1,0,3,0,0,8,11,3,8,N DAK ST,N DAK ST,43.9,,
174421,Jack Liwienski,G,0,,2029,250,,57.9,73.9,,56.8,66,0,1,0,3,0,0,9,12,3,9,N DAK ST,N DAK ST,73.7,,
174433,Brady Wavrunek,HB,0,,2029,250,67.3,53,68.2,60,,42,0,1,0,0,1,3,0,4,1,3,N DAK ST,N DAK ST,,,54.5
174435,Will Averbuck,T,0,,2025,271,,65,69.4,,64.1,73,0,1,0,0,0,0,4,4,0,4,PRESBYTERN,PRESBYTERN,,,
174439,JT Hill,T,0,,2027,271,,68.8,76.5,,57.3,79,0,1,0,39,0,0,25,64,39,25,PRESBYTERN,PRESBYTERN,88.6,,
174445,Robert Porter,DI,0,,2026,271,,59.5,65.3,,58.4,D99,0,1,0,0,0,0,2,2,0,2,PRESBYTERN,PRESBYTERN,,,
174454,Keyondray Jones-Logan,WR,0,,2028,291,67.3,78.4,68.9,72.6,60,07,0,1,0,0,2,2,1,5,2,3,S DAKOTA,S DAKOTA,,,65.1
174457,Kyree Benton,WR,0,,2028,152,65.5,54.9,74.8,53.1,59.5,88,0,1,0,0,15,2,15,32,15,17,DELWARE ST,DELWARE ST,,,61.2
174459,Kenion Camphor,G,0,,2027,152,,65.2,79.3,,66.4,78,0,1,0,35,0,0,37,72,35,37,DELWARE ST,DELWARE ST,53.4,,
174465,Ebubedike Nnabugwu,C,0,,2028,152,,61,80.2,,60.2,50,0,1,0,35,0,0,37,72,35,37,DELWARE ST,DELWARE ST,58.9,,
174469,Kristian Tate,WR,0,,2028,152,,44.5,78.5,47.6,38.2,81,0,1,0,0,30,0,25,55,30,25,DELWARE ST,DELWARE ST,,,
174470,Takai Wallace,T,0,,2028,152,,60.3,67.7,,59.5,52,0,1,0,1,0,0,2,3,1,2,DELWARE ST,DELWARE ST,72.3,,
174480,Precious Ekeh,G,0,,2028,133,,65.6,79.2,,62.5,75,0,1,0,37,0,0,35,72,37,35,CENT CT ST,CENT CT ST,79.1,,
174489,Karl Khuns,TE,0,,2028,133,,60,64.9,,60,D99,0,1,0,0,0,0,1,1,0,1,CENT CT ST,CENT CT ST,,,
174495,Dave Pardo,WR,0,,2028,133,61,53,78.3,52.7,60.9,81,0,1,0,0,25,0,22,47,25,22,CENT CT ST,CENT CT ST,,,
174499,Jamir Robertson,HB,0,,2027,133,62.5,52,67.8,57.9,,27,0,1,0,0,2,1,0,3,2,1,CENT CT ST,CENT CT ST,,,57.3
174513,KC Comyford,T,0,,2025,183,,57.5,76.6,,57.5,70,1,1,0,33,0,0,34,67,33,34,HOUCHR,HOUCHR,52.9,,
174515,Champ Dozier,WR,0,,2028,183,71.3,58.1,72.6,65.6,60.1,01,0,1,0,3,10,5,3,21,13,8,HOUCHR,HOUCHR,72.1,,51.8
174527,Trent Savage,C,0,,2029,183,,59.9,79.5,,55.4,71,0,1,0,33,0,0,34,67,33,34,HOUCHR,HOUCHR,80.7,,
174531,Cutter Stewart,QB,0,,2028,183,33.4,48.9,76.7,,60,06,0,1,33,0,0,5,29,67,33,34,HOUCHR,HOUCHR,,39.3,75.9
174532,Jesse Valenzuela,HB,0,,2025,183,28.6,59.6,72.9,58.6,59.4,13,0,1,0,4,2,11,2,19,6,13,HOUCHR,HOUCHR,73.8,,59.5
174536,Alvarez Baker,WR,0,,2028,274,,58.6,67.8,59.7,,85,0,1,0,0,1,0,0,1,1,0,RHODE ISLD,RHODE ISLD,,,
174537,Dontay Bishop,TE,0,,2028,274,,70.6,67.6,,70.2,98,0,1,0,0,0,0,5,5,0,5,RHODE ISLD,RHODE ISLD,,,
174563,Angel Garcia,LB,0,,2026,309,,60,65,,60,D07,0,1,0,0,0,0,1,1,0,1,TENN TECH,TENN TECH,,,
174565,Jordan Harris,CB,0,,2027,309,,60,64.9,,60,24,0,1,0,0,0,0,1,1,0,1,TENN TECH,TENN TECH,,,
174572,Aidan Littles,HB,0,,2028,309,72.2,68.7,74.1,79.1,57.8,32,0,1,0,1,10,8,8,27,11,16,TENN TECH,TENN TECH,67.5,,62.4
174573,Tyler Nix,TE,0,,2028,309,62.9,67,72,70.5,47.9,81,0,1,0,0,5,0,6,11,5,6,TENN TECH,TENN TECH,,,
174575,Mekhi Penix,WR,0,,2029,309,,60,66.8,,60,13,0,1,0,0,0,0,2,2,0,2,TENN TECH,TENN TECH,,,
174576,Reece Perkins,TE,0,,2025,309,,46.4,77,48.9,46.5,84,0,1,0,4,12,0,19,35,16,19,TENN TECH,TENN TECH,76,,
174610,Matthew Welch,C,0,,2027,1139,,60.2,69.8,,59.6,64,0,1,0,2,0,0,2,4,2,2,TXAMEA,TXAMEA,74.6,,
174760,Jake Hellmann,G,0,,2027,186,,73.1,11.8,,76.4,75,1,1,0,59,0,0,21,80,59,21,IDAHO ST,IDAHO ST,86.8,,
174845,Miada Jones,G,0,,2027,157,,60,63.5,,58.8,65,0,1,0,0,0,0,1,1,0,1,E TENN ST,E TENN ST,,,
174895,Jackson Conners-McCarthy,WR,0,,2027,213,66.2,64.8,76.7,64.4,59.9,89,0,1,0,0,34,0,6,40,34,6,MARIST,MARIST,,,
174898,Aldrich Doe,WR,0,,2028,124,64.1,58.4,80.6,58,63.1,17,0,1,0,0,52,0,25,77,52,25,BRYANT,BRYANT,,,
175016,Devin Downing,WR,0,,2028,298,62.9,65.7,78.4,63.8,75.3,80,0,1,0,0,29,0,24,53,29,24,SO UTAH,SO UTAH,,,
175075,Deshaun Buchanan,HB,0,,2028,185,68.9,61.8,73.1,67.6,,08,0,1,0,1,10,4,0,15,11,4,IDAHO,IDAHO,70,,59.7
175077,Emmerson Cortez-Menjivar,WR,0,,2028,185,65.3,59.6,76.8,57.9,56.7,14,0,1,0,0,20,1,19,40,20,20,IDAHO,IDAHO,,,63.2
175085,Mark Hamper,WR,0,,2028,185,68.2,84.7,77.4,86.2,56.6,15,0,1,0,0,28,1,25,54,28,26,IDAHO,IDAHO,,,59.4
175087,Kiegan Henson,G,0,,2028,185,,59.4,78.9,,56,52,0,1,0,32,0,0,33,65,32,33,IDAHO,IDAHO,72.3,,
175102,Mason Mini,TE,0,,2028,185,,57.2,74.8,51.9,61.5,86,0,1,0,6,8,0,21,35,14,21,IDAHO,IDAHO,60.2,,
175110,Layton Vining,C,0,,2028,185,,58.4,79.4,,55.5,50,0,1,0,32,0,0,33,65,32,33,IDAHO,IDAHO,71.7,,
175113,Art Williams,HB,0,,2028,185,73.1,79.1,74.2,55.9,60,23,0,1,0,1,7,10,1,19,8,11,IDAHO,IDAHO,70.2,,78.1
175123,Messiyah Moye,C,0,,2027,186,,65.1,80.2,,60.6,53,0,1,0,59,0,0,21,80,59,21,IDAHO ST,IDAHO ST,72.1,,
175338,Logan Galletta,WR,0,,2029,205,64.6,61.9,75.9,62,57.3,81,0,1,0,0,11,0,15,26,11,15,LEHIGH,LEHIGH,,,
175625,Zach Session,G,0,,2029,217,,64,72.4,,63.4,72,0,1,0,1,0,0,9,10,1,9,MCNEESE,MCNEESE,68,,
175810,Jahbari Kuykendall,HB,0,,2029,105,68.6,55.5,68.2,,,18,0,1,0,1,0,4,0,5,1,4,ALABAMA ST,ALABAMA ST,70,,56.1
175854,Elijah Philippe,T,0,,2026,164,,58.7,0,,73.7,56,2,1,0,15,0,0,7,22,15,7,FL A&M,FL A&M,81.6,,
175983,Derrick Bohler,WR,0,,2028,301,,58.9,63.9,59.9,,11,0,1,0,0,1,0,0,1,1,0,STF AUSTIN,STF AUSTIN,,,
176212,Karmello English,WR,0,,2028,1177,72,73.8,78.7,73.2,60.5,01,0,1,0,0,22,0,23,45,22,23,W GEORGIA,W GEORGIA,,,
176384,Ryan Sissel,FB,0,,2028,234,,60,63.8,,60,D44,0,1,0,0,0,0,1,1,0,1,MOREHEAD,MOREHEAD,,,
176455,Joseph Moreland,TE,0,,2028,257,61,52.7,72.6,75,39.5,84,0,1,0,1,7,0,14,22,8,14,NWSTATE,NWSTATE,67.3,,
176541,Isaac Stopke,HB,0,,2028,234,70.5,61.9,71.7,58.1,60,23,0,1,0,1,2,6,1,10,3,7,MOREHEAD,MOREHEAD,19.8,,63
176675,Nate Gates,TE,0,,2027,164,,60.3,68.1,,60,70,0,1,0,2,0,0,1,3,2,1,FL A&M,FL A&M,67.9,,
176708,Zach Russell,TE,0,,2026,159,,60,64.7,,59.2,43,0,1,0,0,0,0,2,2,0,2,E KENTUCKY,E KENTUCKY,,,
176744,Malik Dotson,HB,0,,2027,161,70.9,81.7,73.2,88.6,65,26,0,1,0,0,8,6,10,24,8,16,E WASHGTON,E WASHGTON,,,71.5
176767,Scottre Humphrey,HB,0,,2028,233,71.3,69.8,70.3,58.9,60,22,0,1,0,0,2,7,1,10,2,8,MONTANA ST,MONTANA ST,,,68.4
176768,Cedric Jefferson,T,0,,2029,233,,60,64.3,,,73,0,1,0,1,0,0,0,1,1,0,MONTANA ST,MONTANA ST,74,,
176769,Adam Jones,HB,0,,2028,233,73.9,54.2,74.6,58.8,,23,0,1,0,7,16,11,0,34,23,11,MONTANA ST,MONTANA ST,38.2,,54.6
176784,Cade Berger,WR,0,,2025,252,66.5,81.9,71.3,,60.5,87,0,1,0,0,0,1,9,10,0,10,N ARIZONA,N ARIZONA,,,69.3
176788,Jefferson Giles,G,0,,2028,252,,57.4,74.2,,57.1,74,0,1,0,0,0,0,14,14,0,14,N ARIZONA,N ARIZONA,,,
176808,Cash Cheeks,TE,0,,2028,253,61,53,74.7,53.1,57.8,19,0,1,0,0,14,0,20,34,14,20,N COLORADO,N COLORADO,,,
176809,Carver Cheeks,WR,0,,2028,253,61,59.1,73.8,55.2,80.6,30,0,1,0,0,13,0,5,18,13,5,N COLORADO,N COLORADO,,,
176812,Levi Johnson,T,0,,2028,253,,60.1,75.7,,62.2,70,0,1,0,22,0,0,24,46,22,24,N COLORADO,N COLORADO,47.9,,
176815,Brayden Munroe,WR,0,,2028,253,68.4,60.7,75.3,60.4,60.5,88,0,1,0,0,18,0,7,25,18,7,N COLORADO,N COLORADO,,,
176840,Jayden Flaig,TE,0,,2027,279,64.6,52.5,78.1,52.8,49,81,0,1,0,7,38,0,12,57,45,12,SACRAMENTO,SACRAMENTO,72.1,,
176847,Jordan Fisher,HB,0,,2028,322,67.3,56.7,71.9,57,,20,0,1,0,1,5,3,0,9,6,3,UC DAVIS,UC DAVIS,0,,62.1
176855,Franz Pohlman,TE,0,,2028,322,,56.5,66.8,57.7,59.6,86,0,1,0,0,1,0,1,2,1,1,UC DAVIS,UC DAVIS,,,
176860,Ian Simpson,TE,0,,2026,322,61,64.5,76.1,60,65.5,00,0,1,0,4,19,0,21,44,23,21,UC DAVIS,UC DAVIS,70.4,,
176865,Mason Merriwether,C,0,,2028,131,,56.1,0,,57.4,55,2,1,0,39,0,0,25,64,39,25,CAMPBELL,CAMPBELL,85.4,,
176867,Andrew Guthrie,G,0,,2028,131,,58.9,79.9,,54.6,78,0,1,0,39,0,0,25,64,39,25,CAMPBELL,CAMPBELL,71.3,,
176868,JaQuan Adams,T,0,,2027,157,,65.4,76.6,,60.5,77,0,1,0,23,0,0,35,58,23,35,E TENN ST,E TENN ST,78,,
176878,Aiden Valdez,TE,0,,2028,131,63.6,52.1,75.7,47.1,60.4,11,0,1,0,4,28,0,25,57,32,25,CAMPBELL,CAMPBELL,70.2,,
176885,Giovanni Adopte,WR,0,,2028,171,61,63.9,74.5,63.3,60.7,09,0,1,0,0,10,0,6,16,10,6,GARD-WEBB,GARD-WEBB,,,
176903,Sean Dugery,C,0,,2028,106,,48,0,,55.6,60,3,1,0,60,0,0,28,88,60,28,ALBANY,ALBANY,49.4,,
176930,Dylan Magazu,TE,0,,2028,162,63.6,49.4,77.9,48.6,54.6,34,0,1,0,4,23,0,29,56,27,29,ELON,ELON,55.8,,
176931,Michael Muldrow Jr.,G,0,,2028,162,,60,64.1,,59.7,59,0,1,0,0,0,0,1,1,0,1,ELON,ELON,,,
176936,Brayden Walker,G,0,,2029,162,,51,79.5,,49.2,69,0,1,0,30,0,0,31,61,30,31,ELON,ELON,51.9,,
176937,Zimere Winston,WR,0,,2028,162,61,55.5,70.6,56,59.9,00,0,1,0,0,8,0,3,11,8,3,ELON,ELON,,,
176941,Josh Derry,WR,0,,2028,231,67.4,81.6,75.6,78.7,61.7,14,0,1,0,0,13,1,10,24,13,11,MONMOUTH,MONMOUTH,,,63.2
176950,Denzell Gibson,HB,0,,2029,240,75.9,64.1,76.1,77.7,60,29,0,1,0,6,20,17,3,46,26,20,NEW HAMP,NEW HAMP,58.5,,60.9
176959,Luke Swaine,G,0,,2028,240,,60.8,70.7,,59.8,74,0,1,0,3,0,0,2,5,3,2,NEW HAMP,NEW HAMP,75,,
176963,Charles Allen III,T,0,,2028,303,,27.8,77.2,,49.4,68,1,1,0,39,0,0,29,68,39,29,STNY BROOK,STNY BROOK,0,,
176967,Hunter Barlow,C,0,,2025,303,,60.1,79.6,,54.9,61,0,1,0,39,0,0,29,68,39,29,STNY BROOK,STNY BROOK,79.4,,
176969,Brandon Boria,HB,0,,2028,303,,60,62.7,60,,28,0,1,0,0,1,0,0,1,1,0,STNY BROOK,STNY BROOK,,,
176989,Tyrell Greene Jr.,HB,0,,2026,317,73.5,72.1,72.5,55,,04,0,1,0,0,9,11,0,20,9,11,TOWSON,TOWSON,,,72.3
177002,Carter Runyon,TE,0,2025,2025,317,66.7,66.2,0,70.4,53.8,08,1,1,0,0,40,0,28,68,40,28,TOWSON,TOWSON,,,
177014,Jaden Stewart,QB,0,,2027,152,65.9,67.1,69.5,,60,22,0,1,1,0,0,2,5,8,1,7,DELWARE ST,DELWARE ST,,55.3,67
177028,Josiah Chenault,C,0,,2028,184,,56.7,0,,65.3,75,1,1,0,11,0,0,6,17,11,6,HOWARD,HOWARD,55.2,,
177035,Cyrus Wilson,WR,0,,2025,184,,49.8,77.5,51.5,45.1,80,0,1,0,0,27,0,12,39,27,12,HOWARD,HOWARD,,,
177042,Se'Quan Osborne,WR,0,,2028,184,,55,73.1,55.4,60,18,0,1,0,0,8,0,4,12,8,4,HOWARD,HOWARD,,,
177052,Malique Leatherbury,WR,0,,2028,235,70.2,58.9,73.3,56.9,59.9,12,0,1,0,0,10,2,2,14,10,4,MORGAN ST,MORGAN ST,,,62.3
177058,Jayden Chappell,G,0,,2028,244,,59.9,78.3,,55.5,71,0,1,0,26,0,0,29,55,26,29,NORFOLK,NORFOLK,84.4,,
177059,Samuel Eskridge,T,0,,2030,244,,72.4,76.4,,65.6,64,0,1,0,26,0,0,29,55,26,29,NORFOLK,NORFOLK,86.2,,
177065,Taesean Burt,TE,0,,2027,244,,57,70.1,59,58.3,80,0,1,0,0,1,0,8,9,1,8,NORFOLK,NORFOLK,,,
177101,A.C. McMoore,G,0,,2028,247,,61.7,79.9,,54.8,51,0,1,0,39,0,0,30,69,39,30,NC CENT,NC CENT,88.8,,
177103,Ja'Quan Sprinkle,G,0,,2028,247,,57.7,79,,52.2,53,0,1,0,38,0,0,30,68,38,30,NC CENT,NC CENT,76.4,,
177110,Chance Peterson,WR,0,,2029,247,15.6,53,76,53.4,60.6,14,0,1,0,0,17,0,5,22,17,5,NC CENT,NC CENT,,,
177139,Watson Hafer,TE,0,,2028,230,,51.8,69.7,,51.5,80,0,1,0,0,0,0,6,6,0,6,MO STATE,MO STATE,,,
177146,Ben Buxa,C,0,,2028,249,,59,77.4,,53.6,62,0,1,0,23,0,0,15,38,23,15,N DAKOTA,N DAKOTA,81.7,,
177166,Sawyer Seidl,HB,1,,2028,249,72.6,75.5,72.3,57.9,59.3,20,1,1,0,11,3,7,3,24,14,10,N DAKOTA,N DAKOTA,51.2,,76.6
177167,Korey Tai,WR,0,,2028,249,,55.3,69,56.2,59.9,15,0,1,0,0,3,0,3,6,3,3,N DAKOTA,N DAKOTA,,,
177170,Griffin Empey,G,0,,2029,250,,62.7,79.3,,59.3,62,0,1,0,28,0,0,28,56,28,28,N DAK ST,N DAK ST,78.7,,
177174,Kelly Watson,HB,0,,2029,250,65.5,58,69.5,,60,30,0,1,0,0,0,2,1,3,0,3,N DAK ST,N DAK ST,,,58.6
177198,Jesse Miller,TE,0,,2028,291,,49.5,72.6,53.8,51.4,83,0,1,0,0,4,0,14,18,4,14,S DAKOTA,S DAKOTA,,,
177200,L.J. Phillips Jr.,HB,0,,2028,291,,67.7,72.9,,70.2,24,0,1,0,1,0,0,12,13,1,12,S DAKOTA,S DAKOTA,70,,
177207,Jack Amer,QB,0,,2028,292,62.5,60.2,67.4,,60,13,0,1,0,0,0,1,3,4,0,4,S DAK ST,S DAK ST,,,60
177209,Brenden Begeman,HB,0,,2029,292,73.1,62.5,74.1,57,60,24,0,1,0,0,3,10,2,15,3,12,S DAK ST,S DAK ST,,,62.6
177210,Kenyon BigBow,T,0,,2029,292,,49.5,72.5,,47.8,62,0,1,0,3,0,0,16,19,3,16,S DAK ST,S DAK ST,72.6,,
177211,Elijah Ervin,WR,0,,2026,292,,55.1,75.6,55.3,57,06,0,1,0,0,5,0,17,22,5,17,S DAK ST,S DAK ST,,,
177213,Andrew Gustad,TE,0,,2027,292,,51.7,69.5,,51.2,43,0,1,0,0,0,0,6,6,0,6,S DAK ST,S DAK ST,,,
177220,Joseph Neumann,TE,0,,2027,292,,55.1,68.6,,55.1,81,0,1,0,0,0,0,7,7,0,7,S DAK ST,S DAK ST,,,
177221,William Paepke,G,0,,2029,292,,63.5,75.6,,62.4,77,0,1,0,3,0,0,16,19,3,16,S DAK ST,S DAK ST,74.3,,
177222,Kentrell Prejean,WR,0,,2029,292,61,55.2,72.4,55.5,60.7,04,0,1,0,0,10,0,5,15,10,5,S DAK ST,S DAK ST,,,
177226,Davin Stoffel,TE,0,,2028,292,,45.1,76.8,48.8,50.3,87,0,1,0,1,17,0,27,45,18,27,S DAK ST,S DAK ST,64.4,,
177229,Kirby Vorhees,HB,0,,2028,292,72.5,71,0,57.6,57.9,20,1,1,0,1,3,9,4,17,4,13,S DAK ST,S DAK ST,70.2,,73.6
177231,Griffin Wilde,WR,0,,2028,292,65,64,0,67.7,53,18,1,1,0,0,17,0,16,33,17,16,S DAK ST,S DAK ST,,,
177244,Jayden Ivory,WR,0,,2027,299,64.1,74.2,74.3,74.3,56.2,13,0,1,0,0,18,0,15,33,18,15,ST FRANCIS,ST FRANCIS,,,
177257,Jahmil Perryman,WR,0,,2027,299,65.8,53.8,79.4,53.1,59.8,10,0,1,0,0,29,0,35,64,29,35,ST FRANCIS,ST FRANCIS,,,
177283,Brendan Errity,TE,0,,2028,280,,60,64.9,,60,85,0,1,0,0,0,0,1,1,0,1,SACR HEART,SACR HEART,,,
177286,Cole Canty,T,0,,2028,280,,53.1,75.6,,57.6,66,0,1,0,16,0,0,33,49,16,33,SACR HEART,SACR HEART,29.8,,
177287,Nathaniel Chandler,DI,0,,2029,280,,60,60,,60,D99,0,1,0,0,0,0,1,1,0,1,SACR HEART,SACR HEART,,,
177293,Luke Hackett,LB,0,,2028,280,,60,60,,60,D47,0,1,0,0,0,0,1,1,0,1,SACR HEART,SACR HEART,,,
177298,Jared Hirschfeld,DI,0,,2028,280,,60,60,,60,D90,0,1,0,0,0,0,1,1,0,1,SACR HEART,SACR HEART,,,
177302,Ethan Hilliman,WR,0,,2026,280,,56.5,72.2,56.7,60.1,05,0,1,0,0,5,0,7,12,5,7,SACR HEART,SACR HEART,,,
177310,John Michalski,QB,0,,2028,280,36.2,63,75.7,,60,11,0,1,15,1,0,7,26,49,16,33,SACR HEART,SACR HEART,62.2,61.2,61
177314,Ryan Palmieri,S,0,,2028,280,,60,60,,60,D23,0,1,0,0,0,0,1,1,0,1,SACR HEART,SACR HEART,,,
177316,Logan Lyson,TE,0,,2028,280,,61.2,75.3,52.4,66.6,80,0,1,0,1,9,0,25,35,10,25,SACR HEART,SACR HEART,63.9,,
177319,Jason Palmieri,WR,0,,2028,280,67.1,69.7,73.2,68.4,61.7,10,0,1,0,0,5,0,9,14,5,9,SACR HEART,SACR HEART,,,
177339,Mason VonJess,K,0,,2025,280,62.5,64.7,70.3,,,S37,0,1,0,0,0,1,0,1,0,1,SACR HEART,SACR HEART,,,62.7
177343,Isaac Perkins,G,0,,2028,142,,58.6,79,,56.9,62,0,1,0,37,0,0,17,54,37,17,COLGATE,COLGATE,58.5,,
177349,Owen Duetsch,T,0,,2028,168,,57.3,0,,68.1,71,2,1,0,28,0,0,34,62,28,34,FORDHAM,FORDHAM,55.7,,
177351,Ricky Gonzalez II,WR,0,,2028,168,61,56,77.4,56.6,52.5,05,1,1,0,0,27,0,33,60,27,33,FORDHAM,FORDHAM,,,
177360,KJ Reed,WR,0,,2028,168,61,58.5,73.6,58.3,60.8,04,0,1,0,0,10,0,11,21,10,11,FORDHAM,FORDHAM,,,
177361,Jacob Rodriguez,HB,0,,2028,168,71.9,71.1,73.9,55.1,65.7,34,0,1,0,4,7,8,4,23,11,12,FORDHAM,FORDHAM,51.4,,70.2
177364,Nicholas Dunneman,WR,0,,2028,172,70.3,59,77.1,59.6,60.9,03,0,1,0,0,42,1,18,61,42,19,GEORGETOWN,GEORGETOWN,,,57.6
177372,Bradford Blattner,T,0,,2028,181,,51.8,76.7,,49.5,72,0,1,0,22,0,0,39,61,22,39,HOLY CROSS,HOLY CROSS,60.2,,
177373,Jayden Clerveaux,HB,0,,2028,181,37.5,65.9,0,56.9,59.1,31,1,1,0,7,5,23,5,40,12,28,HOLY CROSS,HOLY CROSS,81.1,,66.5
177386,James McLaughlin,WR,0,,2026,181,,60,63.8,,60,81,0,1,0,0,0,0,1,1,0,1,HOLY CROSS,HOLY CROSS,,,
177391,Luke Petitta,TE,0,,2028,181,,53.6,68.5,57.4,58.5,83,0,1,0,0,2,0,3,5,2,3,HOLY CROSS,HOLY CROSS,36.2,,
177393,Nyeoti Punni,HB,0,,2028,181,,60,63.8,,60,42,0,1,0,0,0,0,1,1,0,1,HOLY CROSS,HOLY CROSS,,,
177403,Sean Woods,C,0,,2028,181,,56,70.4,,54.6,67,0,1,0,1,0,0,4,5,1,4,HOLY CROSS,HOLY CROSS,70.6,,
177416,Kai Faucher,T,0,,2027,123,,58.5,72.2,,54.1,63,0,1,0,13,0,0,5,18,13,5,BROWN,BROWN,66.4,,
177417,Charlie Pe'a-Shropshire,C,0,,2028,123,,61,79.8,,57.3,64,0,1,0,49,0,0,23,72,49,23,BROWN,BROWN,68.2,,
177421,Levi Linowes,TE,0,,2028,123,,51.4,72.3,52.7,56.6,86,0,1,0,0,7,0,7,14,7,7,BROWN,BROWN,,,
177426,James Murphy,QB,0,,2028,123,65.4,68.5,71.8,,60,15,0,1,10,0,0,0,7,17,10,7,BROWN,BROWN,,71.8,57
177428,Michael Nesbit,WR,0,,2028,123,,54.3,72.4,54.6,61.1,82,0,1,0,0,7,0,7,14,7,7,BROWN,BROWN,,,
177432,Najih Rahman,WR,0,,2028,123,67.5,51.8,72.7,54.2,50.5,89,0,1,0,0,9,0,8,17,9,8,BROWN,BROWN,,,
177444,Xaviah Bascon,HB,0,,2028,179,70.3,67.2,72,74.8,60,11,0,1,0,2,10,5,1,18,12,6,HARVARD,HARVARD,72.9,,64.2
177450,Spencer Doan,T,0,,2028,179,,69.2,77.4,,60.6,77,0,1,0,39,0,0,32,71,39,32,HARVARD,HARVARD,87,,
177453,Seamus Gilmartin,TE,0,,2028,179,61,57.1,76.6,57.1,56.9,81,0,1,0,4,24,0,16,44,28,16,HARVARD,HARVARD,68.7,,
177462,Thomas O'Brien,T,0,,2028,179,,70.2,76.3,,67.7,71,0,1,0,32,0,0,29,61,32,29,HARVARD,HARVARD,68.2,,
177464,Logan Reaska,TE,0,,2028,179,,54.6,72.7,57.6,54.5,42,0,1,0,2,2,0,13,17,4,13,HARVARD,HARVARD,68.6,,
177473,Jamal Bing Jr.,HB,0,,2028,267,62.5,64.9,68.7,58.4,59.1,22,0,1,0,0,2,1,3,6,2,4,PENN,PENN,,,63.1
177478,Jayden Drayton,WR,0,,2028,267,61,64,73.2,63.5,60,12,0,1,0,0,8,0,7,15,8,7,PENN,PENN,,,
177483,Malachi Hosley,HB,0,,2028,267,76.2,74.9,75.8,71.8,58.4,01,0,1,0,3,9,18,7,37,12,25,PENN,PENN,73.6,,72.7
177484,Aaron Kruse,T,0,,2028,267,,59.9,75.9,,55.1,51,0,1,0,22,0,0,34,56,22,34,PENN,PENN,80,,
177492,Luke Sacchetti,G,0,,2028,267,,66.4,78.3,,64,75,0,1,0,22,0,0,34,56,22,34,PENN,PENN,82.3,,
177512,Quinton Lewis,G,0,,2028,352,,63,78.8,,60.1,69,0,1,0,21,0,0,42,63,21,42,YALE,YALE,82.9,,
177514,Spencer Mermans,TE,0,,2028,352,,76,70.3,57.7,75.2,42,0,1,0,1,1,0,9,11,2,9,YALE,YALE,67.3,,
177517,Jackson St. Aubyn,T,0,,2028,352,,68.8,76.9,,63.3,54,0,1,0,21,0,0,42,63,21,42,YALE,YALE,84.8,,
177526,Eric Phoenix,QB,0,,2025,290,67.8,75.3,72.2,,60,07,0,1,13,0,0,2,4,19,13,6,SCAR STATE,SCAR STATE,,78.1,59
177537,Isaiah Richardson,S,0,,2028,158,,60,60,,60,D40,0,1,0,0,0,0,1,1,0,1,E ILLINOIS,E ILLINOIS,,,
177539,Reece Wilder,TE,0,,2028,236,,45.9,0,54,53.7,86,1,1,0,4,8,0,10,22,12,10,MURRAY ST,MURRAY ST,73.8,,
177541,Preston Jarvis,C,0,,2027,236,,34.4,79.3,,42.3,52,0,1,0,35,0,0,25,60,35,25,MURRAY ST,MURRAY ST,21.1,,
177554,Misan Sisk,T,0,,2028,228,,59.7,66.6,,59.2,67,0,1,0,0,0,0,4,4,0,4,MS VLY ST,MS VLY ST,,,
177558,Quenton Rogers,WR,0,,2028,158,65.7,70.6,78.2,69.7,63,80,0,1,0,1,22,0,26,49,23,26,E ILLINOIS,E ILLINOIS,63.9,,
177562,Marcus Floyd ,WR,0,,2028,236,62.9,63.2,75.2,63.3,59.2,18,0,1,0,0,12,0,13,25,12,13,MURRAY ST,MURRAY ST,,,
177564,Anthony Westervelt,WR,0,,2028,293,,58.7,63.4,59.9,,84,0,1,0,0,1,0,0,1,1,0,SE MO ST,SE MO ST,,,
177601,Christopher Sharp,CB,0,,2028,158,,60,60,,60,D25,0,1,0,0,0,0,1,1,0,1,E ILLINOIS,E ILLINOIS,,,
177602,Makhi Wilson,S,0,,2028,158,,60,60,,60,D26,0,1,0,0,0,0,1,1,0,1,E ILLINOIS,E ILLINOIS,,,
177616,Jacob Horvath,P,0,,2028,158,9.8,36.7,69.8,,,S93,0,1,0,0,0,2,0,2,0,2,E ILLINOIS,E ILLINOIS,,,56.9
177628,Mason Hackett,HB,0,,2028,150,74,56.2,72.1,60,,27,0,1,0,0,1,12,0,13,1,12,DAYTON,DAYTON,,,56.9
177629,Luke Hansen,HB,0,,2028,150,79.3,65.4,78.2,56.8,60.6,35,0,1,0,9,13,31,5,58,22,36,DAYTON,DAYTON,82.3,,64.6
177638,Gavin Lochow,WR,1,,2028,150,71.7,68.4,77.7,62.2,54.9,12,1,1,1,0,22,6,25,54,23,31,DAYTON,DAYTON,,71.9,70.9
177642,Zachary McDowell,G,0,,2028,150,,59,80.4,,55,58,0,1,0,26,0,0,49,75,26,49,DAYTON,DAYTON,86.9,,
177651,Ethan Thulin,WR,0,,2028,150,,55.4,69.1,56.5,60,05,0,1,0,0,3,0,1,4,3,1,DAYTON,DAYTON,,,
177653,Drew VanVleet,QB,0,,2027,150,67.7,56.5,0,57.6,60.4,11,2,1,25,0,1,0,49,75,26,49,DAYTON,DAYTON,,60.2,
177655,Donovan Weatherly,TE,0,,2028,150,,56.5,73.7,54.6,60.8,02,0,1,0,0,4,0,13,17,4,13,DAYTON,DAYTON,,,
177664,Drew Heiss,G,0,,2028,153,,63.1,78,,63.8,77,0,1,0,34,0,0,11,45,34,11,DRAKE,DRAKE,59.4,,
177670,Jaxon Laminack,WR,0,,2028,153,16.7,50.4,74.7,59.9,60.1,15,0,1,0,0,14,1,3,18,14,4,DRAKE,DRAKE,,,48.2
177706,Xavier Orta,G,0,,2025,234,,57.1,78.9,,57.5,76,0,1,0,28,0,0,37,65,28,37,MOREHEAD,MOREHEAD,45.2,,
177729,Cincere Gill,WR,0,,2026,271,71.2,73,0,71.4,78,00,1,1,0,0,29,1,13,43,29,14,PRESBYTERN,PRESBYTERN,,,63
177732,Collin Hurst,QB,0,,2029,271,29.7,72.5,75.7,54.3,60,08,0,1,34,0,1,1,15,51,35,16,PRESBYTERN,PRESBYTERN,,70.2,67.7
177734,CJ Johnson,HB,0,,2028,271,67.3,58.1,70.5,29.3,60,07,0,1,0,0,5,3,2,10,5,5,PRESBYTERN,PRESBYTERN,,,68.5
177738,Nate Levicki,TE,0,,2027,271,62.9,83.5,72.6,90.1,53.5,87,0,1,0,0,11,0,12,23,11,12,PRESBYTERN,PRESBYTERN,,,
177746,Jalen Patrick,WR,0,,2028,271,,54.2,72.2,55.9,54.9,18,0,1,0,0,4,0,9,13,4,9,PRESBYTERN,PRESBYTERN,,,
177754,Zach Switzer,HB,0,,2026,271,71.5,64.3,73.7,71.1,,05,0,1,0,0,11,5,0,16,11,5,PRESBYTERN,PRESBYTERN,,,59.9
177759,Oliver Bari,T,1,,2027,283,,77.4,76.9,,74.8,62,1,1,0,34,0,0,29,63,34,29,SAN DIEGO,SAN DIEGO,76.3,,
177789,Noah Kline,T,0,,2028,332,,59.8,75,,56.8,70,0,1,0,14,0,0,28,42,14,28,VALPO,VALPO,71,,
177806,Jacob Russell,T,0,,2028,332,,52.1,0,,53.5,77,1,1,0,14,0,0,28,42,14,28,VALPO,VALPO,81.9,,
177812,Brian Thomas,WR,0,,2028,332,68.1,61.7,69.7,59.3,60,04,0,1,0,0,1,3,1,5,1,4,VALPO,VALPO,,,62.2
177813,Caron Tyler,QB,0,,2028,332,70.6,77.2,75,,60,01,0,1,14,0,0,6,22,42,14,28,VALPO,VALPO,,70.1,70.8
177822,Aidan Donald,T,0,,2028,137,,63.3,70.3,,59,69,0,1,0,6,0,0,3,9,6,3,CHATTNOOGA,CHATTNOOGA,79.3,,
177829,A.J. Little,WR,0,,2028,137,69.7,58.7,69.1,59.2,60,04,0,1,0,0,2,0,2,4,2,2,CHATTNOOGA,CHATTNOOGA,,,
177831,Tyrell Ragland,G,0,,2026,137,,47.8,0,,44.6,67,1,1,0,26,0,0,13,39,26,13,CHATTNOOGA,CHATTNOOGA,84.5,,
177866,Tyler Douthit,T,0,,2029,282,,58.8,65.7,,56.7,74,0,1,0,0,0,0,3,3,0,3,SAMFORD,SAMFORD,,,
177868,E. Jai Mason,WR,0,,2026,282,65.7,52.9,77.5,52.7,61.6,03,0,1,0,0,39,0,26,65,39,26,SAMFORD,SAMFORD,,,
177870,Brendan Jenkins,WR,0,,2028,282,74.6,72.2,80.2,71.6,60.5,12,0,1,0,0,36,0,26,62,36,26,SAMFORD,SAMFORD,,,
177871,Duncan Johnson III,T,0,,2029,282,,60,63.3,,55.7,78,0,1,0,0,0,0,2,2,0,2,SAMFORD,SAMFORD,,,
177882,Will Thorley,P,0,,2028,282,62.5,89,60,,,S59,0,1,0,0,0,1,0,1,0,1,SAMFORD,SAMFORD,,,68
177883,Noah Watts,G,0,,2028,282,,60,62.7,,60,64,0,1,0,0,0,0,1,1,0,1,SAMFORD,SAMFORD,,,
177905,Bryce Burnett,G,0,,2028,336,,55.2,77.4,,52.4,52,0,1,0,26,0,0,17,43,26,17,VA MILT IN,VA MILT IN,60.7,,
177924,Destin Moore,WR,0,,2027,336,70.1,75.9,70.4,75.8,59.8,04,0,1,0,0,6,1,2,9,6,3,VA MILT IN,VA MILT IN,,,59.7
177935,Chandler Wilson,QB,0,,2028,336,66.4,27.9,73,,60,12,1,1,15,0,0,0,8,23,15,8,VA MILT IN,VA MILT IN,,26.3,63.2
177939,Zion Booker,WR,0,,2028,344,64.1,60,77.5,60.3,56.8,01,0,1,0,0,27,0,19,46,27,19,W CAROLINA,W CAROLINA,,,
177940,Jai Boyd,WR,0,,2028,344,64.1,66.3,75.9,65.9,60.3,15,0,1,0,0,18,0,17,35,18,17,W CAROLINA,W CAROLINA,,,
177941,Patrick Boyd Jr.,HB,0,,2028,344,70.9,75.2,70.6,55.9,,10,0,1,0,2,4,6,0,12,6,6,W CAROLINA,W CAROLINA,71.9,,74.6
177942,Stephen Brantley,P,0,,2027,344,62.5,64.7,70.3,,,S95,0,1,0,0,0,1,0,1,0,1,W CAROLINA,W CAROLINA,,,62.7
177944,Marlin Cochran,HB,0,,2028,344,73.1,72.5,73,54.9,45.1,25,0,1,0,2,9,10,6,27,11,16,W CAROLINA,W CAROLINA,71.6,,77.6
177946,Taron Dickens,QB,0,,2028,344,37.3,80.5,77.2,,60.1,08,0,1,44,0,0,3,24,71,44,27,W CAROLINA,W CAROLINA,,84.9,55.8
177951,Steven Hamby,T,0,,2028,344,,61.4,68.5,,60,67,0,1,0,2,0,0,4,6,2,4,W CAROLINA,W CAROLINA,74.7,,
177955,Bennett Judy,QB,0,,2027,344,61.8,39.9,67.4,,60,17,0,1,2,0,0,0,2,4,2,2,W CAROLINA,W CAROLINA,,39.9,
177960,Caden Robinson,TE,0,,2028,344,,60,64.4,,60,42,0,1,0,0,0,0,1,1,0,1,W CAROLINA,W CAROLINA,,,
177965,James Tyre,WR,0,,2028,344,62.5,55.8,70,57.6,59.9,16,0,1,0,0,3,1,3,7,3,4,W CAROLINA,W CAROLINA,,,59.3
177967,Zach Watson,G,0,,2028,344,,54.7,77.3,,53.2,53,0,1,0,18,0,0,19,37,18,19,W CAROLINA,W CAROLINA,55.2,,
177977,Cam Banks,G,0,,2027,243,,55.7,71.2,,58.9,77,0,1,0,5,0,0,3,8,5,3,NICHOLLS,NICHOLLS,16.4,,
177980,Shermar Carter,S,0,,2028,243,,60,64.9,,60,D33,0,1,0,0,0,0,1,1,0,1,NICHOLLS,NICHOLLS,,,
177985,Jackson Dufrene,WR,0,,2028,243,65,73.1,74.8,71.8,62,82,0,1,0,0,17,0,10,27,17,10,NICHOLLS,NICHOLLS,,,
177996,Jayden Milton,HB,0,,2028,243,69.7,61.2,71.6,53.6,60,32,0,1,0,0,10,5,1,16,10,6,NICHOLLS,NICHOLLS,,,64
177999,Hamza Rahman,T,0,,2028,243,,63.4,70.6,,59.4,63,0,1,0,8,0,0,3,11,8,3,NICHOLLS,NICHOLLS,75.8,,
178004,Ray Vallee,K,0,,2025,243,,60,70.3,,,S34,0,1,0,0,0,1,0,1,0,1,NICHOLLS,NICHOLLS,,,60
178005,Josh Wax,S,0,,2026,243,61.9,60,60,,60,D46,0,1,0,0,0,0,1,1,0,1,NICHOLLS,NICHOLLS,,,
178008,Chris Allen,G,0,,2028,257,,55.7,77.4,,57.9,65,0,1,0,19,0,0,20,39,19,20,NWSTATE,NWSTATE,40.3,,
178015,Amaaz Eugene,WR,0,,2028,257,61,55.2,72.8,55.4,60,05,0,1,0,0,13,0,7,20,13,7,NWSTATE,NWSTATE,,,
178023,Ryan Larson,G,0,,2028,257,,53.3,79.3,,47.3,74,0,1,0,27,0,0,30,57,27,30,NWSTATE,NWSTATE,83.8,,
178039,Jalen Jones,WR,0,,2028,105,61,62.1,76.5,61.5,62.3,11,0,1,0,0,14,0,17,31,14,17,ALABAMA ST,ALABAMA ST,,,
178060,Khalil Harris,WR,0,,2026,297,,54.7,74.5,54.1,60.6,85,0,1,0,0,9,0,17,26,9,17,SOUTHERN U,SOUTHERN U,,,
178062,Cam Jefferson,WR,0,,2028,297,61,64.9,75.9,64.5,62.1,87,0,1,0,0,16,0,32,48,16,32,SOUTHERN U,SOUTHERN U,,,
178066,Jermaine Minor Jr.,TE,0,,2028,297,62.9,89.7,72.2,92.8,53.1,84,0,1,0,0,5,0,10,15,5,10,SOUTHERN U,SOUTHERN U,,,
178081,Joshua Trask Jr.,C,0,,2026,297,,56.9,77.1,,54.3,55,0,1,0,14,0,0,20,34,14,20,SOUTHERN U,SOUTHERN U,79,,
178085,Jalen Woods,QB,0,,2028,297,69.4,80.4,76.8,,60,12,0,1,24,0,0,3,39,66,24,42,SOUTHERN U,SOUTHERN U,,82.3,58.6
178093,Koby Keenan,TE,0,,2028,124,61,44.3,75.3,39.2,59.9,83,0,1,0,2,18,0,17,37,20,17,BRYANT,BRYANT,77.4,,
178135,Donovan Lewis,WR,0,,2028,151,,60,67.5,,60,87,0,1,0,0,0,0,3,3,0,3,DELAWARE,DELAWARE,,,
178137,Anwar O'neal,T,0,,2028,151,,70.2,77,,66.6,70,0,1,0,32,0,0,40,72,32,40,DELAWARE,DELAWARE,73.4,,
178141,Keali'i Ah Yat,QB,0,,2028,232,68.1,73.5,73.5,,60,08,0,1,16,0,0,2,9,27,16,11,MONTANA,MONTANA,,68.8,68.4
178149,Lucas Freitas,G,0,,2028,232,,61.6,0,,69.1,78,1,1,0,4,0,0,10,14,4,10,MONTANA,MONTANA,75.5,,
178158,Evan Shafer,TE,0,,2026,232,,63.6,0,54.4,73.6,84,1,1,0,7,4,0,21,32,11,21,MONTANA,MONTANA,71.1,,
178164,Jack Bacon,T,0,,2026,253,,60.8,75.3,,54.1,76,0,1,0,22,0,0,24,46,22,24,N COLORADO,N COLORADO,77.9,,
178166,Jason Crowder,G,0,,2028,301,,57.5,65.8,,56.4,61,0,1,0,0,0,0,2,2,0,2,STF AUSTIN,STF AUSTIN,,,
178174,Jaylen Jenkins,HB,0,,2028,301,71.3,65.9,71.6,56.6,67.9,24,0,1,0,2,5,7,4,18,7,11,STF AUSTIN,STF AUSTIN,31,,65.1
178184,Chimdia Nwaiwu,T,0,,2028,301,,60,66.3,,60.1,54,0,1,0,0,0,0,2,2,0,2,STF AUSTIN,STF AUSTIN,,,
178188,Gavin Rutherford,QB,0,,2028,301,43.8,56.8,77.4,,60,13,0,1,46,1,0,8,24,79,47,32,STF AUSTIN,STF AUSTIN,62.2,56.4,58.1
178193,Zoom Esplin,T,0,,2029,342,,48.2,0,,62.5,76,1,1,0,22,0,0,13,35,22,13,WEBER ST,WEBER ST,37.2,,
178198,Ian Sheehan,WR,0,,2026,155,64.1,82.8,71.2,79.2,,03,0,1,0,0,7,0,0,7,7,0,DUQUESNE,DUQUESNE,,,
178212,Shawn Solomon Jr.,HB,0,,2028,155,71.3,60.4,75.1,54.2,59.9,24,0,1,0,8,13,7,4,32,21,11,DUQUESNE,DUQUESNE,69.1,,60.8
178218,Nate Chiarizio,TE,0,,2027,155,,60,64.4,,60,48,0,1,0,0,0,0,1,1,0,1,DUQUESNE,DUQUESNE,,,
178219,Kahini Austin,G,0,,2028,155,,63.2,72,,60,52,0,1,0,7,0,0,2,9,7,2,DUQUESNE,DUQUESNE,80.5,,
178225,Daniel Tarabrella,TE,0,,2028,155,61.9,47.1,0,53,54.2,30,1,1,0,3,5,0,17,25,8,17,DUQUESNE,DUQUESNE,68.4,,
178254,Ian Duarte,WR,0,,2028,186,62.9,61,78,60.7,60.1,11,0,1,0,0,26,0,10,36,26,10,IDAHO ST,IDAHO ST,,,
178255,Michael Shulikov,WR,0,,2026,186,,53.7,71.6,54.7,59.7,14,0,1,0,0,6,0,2,8,6,2,IDAHO ST,IDAHO ST,,,
178258,Raiden Brown,WR,0,,2030,186,65,56.1,76.9,56,60.9,13,0,1,0,0,34,0,12,46,34,12,IDAHO ST,IDAHO ST,,,
178276,Will Davis,T,0,,2028,186,,81.5,77.9,,86.7,62,0,1,0,59,0,0,21,80,59,21,IDAHO ST,IDAHO ST,72.3,,
178290,Jay Avery,WR,0,,2028,246,,59.4,63.9,60,,85,0,1,0,0,1,0,0,1,1,0,NC A&T,NC A&T,,,
178296,Shimique Blizzard,HB,0,,2028,246,74.8,66.3,75.6,54,59.1,09,0,1,0,3,14,14,3,34,17,17,NC A&T,NC A&T,75.2,,67.7
178302,Sterling Wiggins,T,0,,2028,246,,46.4,70.6,,57.3,66,0,1,0,8,0,0,3,11,8,3,NC A&T,NC A&T,15,,
178310,Darren Bennett,TE,0,,2026,194,,56.6,72.1,55.6,59.9,85,0,1,0,0,3,0,9,12,3,9,JACKSON ST,JACKSON ST,,,
178311,Jayvonne Dillard,WR,0,,2028,246,65,56.2,0,59.3,47.2,05,1,1,0,0,42,0,24,66,42,24,NC A&T,NC A&T,,,
178332,Dorian Arguelles,G,0,,2028,345,,65.7,77.7,,59.3,67,0,1,0,29,0,0,7,36,29,7,W ILLINOIS,W ILLINOIS,85.7,,
178335,Izaya Vimahi,G,0,,2026,345,,43.2,77.7,,37.9,74,0,1,0,19,0,0,18,37,19,18,W ILLINOIS,W ILLINOIS,61.1,,
178338,Dagen Miller,T,0,,2028,345,,50,77.6,,45.3,79,0,1,0,47,0,0,25,72,47,25,W ILLINOIS,W ILLINOIS,54.2,,
178350,Teddy Wilson,S,0,,2026,157,62.5,55.9,62.7,,,D27,0,1,0,0,0,1,0,1,0,1,E TENN ST,E TENN ST,,,57.7
178359,Marcellius Johnson,LB,0,,2027,177,,60,60,,60,D43,0,1,0,0,0,0,2,2,0,2,GRAMBLING,GRAMBLING,,,
178376,Lincoln Cardillo,HB,0,,2028,213,70.1,65.3,78,60.7,41.9,44,0,1,0,0,26,4,7,37,26,11,MARIST,MARIST,,,73.8
178379,Mohamed Diawara,WR,0,,2025,213,63.8,50.6,77.5,50.8,59.1,01,0,1,0,0,36,0,12,48,36,12,MARIST,MARIST,,,
178387,Devin Kennedy,T,0,,2026,213,,59.8,71.5,,58.7,68,0,1,0,2,0,0,7,9,2,7,MARIST,MARIST,67.8,,
178430,Ronnel Johnson,WR,0,,2028,302,68.2,63.7,79.5,63.3,59.9,01,0,1,0,0,48,0,16,64,48,16,STETSON,STETSON,,,
178442,Wyatt Rogers,WR,0,,2028,302,,58.8,64.8,59.9,,05,0,1,0,0,1,0,0,1,1,0,STETSON,STETSON,,,
178448,Charles Thorpe III,G,0,,2028,302,,62.6,79.6,,62.5,72,0,1,0,47,0,0,16,63,47,16,STETSON,STETSON,60.5,,
178453,Isaiah Ybarra,G,0,,2028,257,,53.5,74.8,,45.2,55,0,1,0,19,0,0,21,40,19,21,NWSTATE,NWSTATE,81.9,,
178454,James Yoest,WR,0,,2029,302,65.8,54.5,73.7,54,60.1,18,0,1,1,0,20,0,9,30,21,9,STETSON,STETSON,,60.4,
178475,Omarion Blakes,WR,0,,2028,107,71.3,54.9,71.8,55,60.5,03,0,1,0,0,7,0,8,15,7,8,ALCORN ST,ALCORN ST,,,
178494,Damien Jones,WR,0,,2027,107,64.1,64,73.7,63.5,60.8,82,0,1,0,0,13,0,11,24,13,11,ALCORN ST,ALCORN ST,,,
178511,Cam'Ron Richardson,G,0,,2026,107,,52.3,75.9,,51.8,62,0,1,0,0,0,0,15,15,0,15,ALCORN ST,ALCORN ST,,,
178517,Tyran Warren,WR,0,,2028,107,,55.6,72.5,55.6,61.2,07,0,1,0,0,6,0,8,14,6,8,ALCORN ST,ALCORN ST,,,
178528,BJ Curry,HB,0,,2028,112,75.8,73.4,75.8,72.3,60,24,0,1,0,8,12,17,1,38,20,18,ARKAPB,ARKAPB,77.9,,70.5
178530,Jamarkius Garrett,C,0,,2028,112,,53.2,71.2,,55.8,66,0,1,0,5,0,0,2,7,5,2,ARKAPB,ARKAPB,75.4,,
178581,David Poutasi,G,0,,2027,119,,61.6,71.2,,60,73,0,1,0,4,0,0,1,5,4,1,BETH COOK,BETH COOK,84.1,,
178593,Corey Turner,WR,0,,2027,119,,43.6,72.6,45.8,60.2,21,0,1,0,0,7,0,3,10,7,3,BETH COOK,BETH COOK,,,
178606,Tyson Greenwade,HB,0,,2028,135,71.6,76.7,73.9,56.1,66.1,23,0,1,0,1,7,7,8,23,8,15,CHARLES SO,CHARLES SO,69.7,,76.3
178608,Autavius Ison,HB,0,,2029,135,75.5,58.4,76.8,77.5,57.2,04,0,1,0,5,14,16,7,42,19,23,CHARLES SO,CHARLES SO,77.7,,54
178610,Noah Jennings,WR,0,,2028,135,71.5,50.2,0,49.8,68.5,06,1,1,0,0,26,0,32,58,26,32,CHARLES SO,CHARLES SO,,,
178616,Mekhi Campfield,WR,0,,2028,135,,55.9,74.4,56.6,57,16,0,1,0,0,5,0,9,14,5,9,CHARLES SO,CHARLES SO,,,
178624,Tyree Taylor,TE,0,,2025,135,62.9,60.7,73.7,54.6,70.4,11,0,1,0,0,11,0,4,15,11,4,CHARLES SO,CHARLES SO,,,
178626,Andrew Threatt,G,0,,2028,135,,52.6,0,,64.3,76,1,1,0,26,0,0,34,60,26,34,CHARLES SO,CHARLES SO,9.3,,
178633,Caden Bowers,G,0,,2028,270,,59.6,80,,61.3,72,0,1,0,50,0,0,18,68,50,18,PRVIEW A&M,PRVIEW A&M,50.1,,
178637,Pedro Chagas da Silva,C,0,,2028,270,,50.6,80.2,,54.7,73,1,1,0,59,0,0,20,79,59,20,PRVIEW A&M,PRVIEW A&M,37,,
178652,David Murray,TE,0,,2025,270,,56.5,75.2,51.9,57.9,89,0,1,0,6,7,0,14,27,13,14,PRVIEW A&M,PRVIEW A&M,74,,
178678,Santana Haynes-Goodman,T,0,,2027,350,,49.7,75.4,,47.5,62,0,1,0,25,0,0,20,45,25,20,WOFFORD,WOFFORD,53.7,,
178686,Amari Odom,QB,0,,2028,350,26.6,61,75.4,,60,02,0,1,25,0,0,1,19,45,25,20,WOFFORD,WOFFORD,,70.4,39.5
178687,Tyler Parker,WR,0,,2027,350,,58.1,67.3,59.3,60,11,0,1,0,0,1,0,1,2,1,1,WOFFORD,WOFFORD,,,
178693,JT Smith,HB,0,,2027,350,18.5,50.8,71.9,89.4,60,03,0,1,0,0,7,5,1,13,7,6,WOFFORD,WOFFORD,,,39.4
178856,Cayden Betts,HB,0,,2026,228,70.7,75,72.5,68.5,60,23,0,1,0,3,6,6,1,16,9,7,MS VLY ST,MS VLY ST,76.4,,73.1
178863,Jaxson Davis,TE,0,,2030,228,65.7,77.5,80.2,78.5,62.8,00,0,1,0,4,27,0,27,58,31,27,MS VLY ST,MS VLY ST,55.1,,
178868,Bryson Hart,T,0,,2027,228,,59.3,77.2,,51.3,78,0,1,0,33,0,0,34,67,33,34,MS VLY ST,MS VLY ST,76.9,,
178875,Brendon Magee,C,0,,2028,228,,54.9,0,,56.7,77,2,1,0,33,0,0,34,67,33,34,MS VLY ST,MS VLY ST,66.7,,
178876,Gregory Martin,WR,0,,2027,228,65.1,78.5,66.3,73.2,,12,0,1,0,0,2,0,0,2,2,0,MS VLY ST,MS VLY ST,,,
178887,Ty'Jarian Williams,QB,0,,2030,228,73.3,73.4,76.8,,60,11,0,1,33,0,0,12,22,67,33,34,MS VLY ST,MS VLY ST,,76.7,58.8
178965,Alex Haralson,T,0,,2028,204,,59.9,66.9,,59.6,51,0,1,0,0,0,0,3,3,0,3,LAMAR,LAMAR,,,
178978,Morgan Sampson,TE,0,,2029,204,,50.3,73.7,55,51.3,88,0,1,0,3,4,0,20,27,7,20,LAMAR,LAMAR,70.7,,
178988,Kortez Winslow,T,0,,2028,204,,55.2,76.3,,57.6,73,0,1,0,22,0,0,31,53,22,31,LAMAR,LAMAR,43.4,,
178990,Niko Alailefaleula,HB,0,,2028,298,,59.3,68.6,,58.2,23,0,1,0,0,0,0,3,3,0,3,SO UTAH,SO UTAH,,,
179003,Targhee Lambson,HB,0,,2025,298,78.9,78.3,76.6,54.2,59.9,04,0,1,0,14,12,29,5,60,26,34,SO UTAH,SO UTAH,63.6,,77.7
179048,Nicolas Brown,TE,0,,2028,290,,42.9,69.7,57.4,42.6,85,0,1,0,2,2,0,4,8,4,4,SCAR STATE,SCAR STATE,66.1,,
179066,Kanaan Ligons,G,0,,2029,290,,52.8,0,,59.4,65,1,1,0,5,0,0,11,16,5,11,SCAR STATE,SCAR STATE,77.7,,
179368,Kia'i Keone,QB,0,,2026,253,70.2,49.7,75.4,,59.9,10,0,1,19,0,0,5,18,42,19,23,N COLORADO,N COLORADO,,42.8,64.6
179705,Donny Austin,HB,0,,2025,186,69.7,69.8,75.2,54.2,59.7,20,0,1,0,16,12,5,3,36,28,8,IDAHO ST,IDAHO ST,84.4,,70.2
179991,Donovan Snyder,HB,0,,2025,302,68.5,71.9,72.4,77.2,,22,0,1,0,5,7,3,0,15,12,3,STETSON,STETSON,78.7,,68.3
181146,John Barr,WR,0,,2027,257,,48.4,0,55.6,59.7,82,1,1,0,0,7,0,5,12,7,5,NWSTATE,NWSTATE,,,
181177,Za'Marion Webber,HB,0,,2028,112,18.9,52.4,73.6,55.1,59.9,35,0,1,0,4,16,6,2,28,20,8,ARKAPB,ARKAPB,75.7,,50.9
181187,Devin Herring,WR,0,,2030,104,63.8,48.7,0,51.2,61.6,82,1,1,0,0,33,0,14,47,33,14,ALAB A&M,ALAB A&M,,,
181430,Justus Durant,HB,0,,2026,137,69.7,62.3,71.7,55.5,,02,0,1,0,3,5,5,0,13,8,5,CHATTNOOGA,CHATTNOOGA,75.8,,62.5
181614,Santos Valdez,G,0,,2026,1139,,64.4,78.6,,59.5,68,0,1,0,45,0,0,2,47,45,2,TXAMEA,TXAMEA,74.7,,
182277,Ethan Shine,FB,0,,2028,277,66.7,52,74.4,53.5,47.7,41,1,1,0,0,6,2,11,19,6,13,ROB MORRIS,ROB MORRIS,12,,62.8
182279,Chaz Middleton,TE,0,,2026,277,,55.1,69.1,57.7,54.6,83,0,1,0,0,3,0,3,6,3,3,ROB MORRIS,ROB MORRIS,,,
182298,Elijah Johnson,TE,0,,2026,283,,57.4,70.6,56.7,60.2,14,0,1,0,0,3,0,4,7,3,4,SAN DIEGO,SAN DIEGO,,,
182309,Tuli Teuhema,C,0,,2025,401,,69.8,78.8,,65.5,50,0,1,0,22,0,0,31,53,22,31,TARLETON,TARLETON,79.7,,
182333,Maicah Talavou,C,0,,2028,283,,76.3,0,,74.8,55,2,1,0,34,0,0,29,63,34,29,SAN DIEGO,SAN DIEGO,84.1,,
182782,Taki Dadiotis,C,0,,2028,283,,65.3,71,,64.8,65,0,1,0,2,0,0,4,6,2,4,SAN DIEGO,SAN DIEGO,72.9,,
182785,Roriyon Richardson,WR,0,,2028,313,61,63.5,72.8,62.9,60.7,01,0,1,0,0,10,0,5,15,10,5,TEXAS STHN,TEXAS STHN,,,
182853,Jayden Adebo,G,0,,2028,313,,64,79.1,,61.8,61,0,1,0,33,0,0,35,68,33,35,TEXAS STHN,TEXAS STHN,72.6,,
182862,James Gardner Jr.,ED,0,,2026,164,,60,60,,60,D94,0,1,0,0,0,0,1,1,0,1,FL A&M,FL A&M,,,
182863,Joshua Troiano,C,0,,2028,1470,,65.4,79,,60.1,65,0,1,0,29,0,0,28,57,29,28,STHLSK,STHLSK,83.4,,
182865,Brian Santana-Fis,HB,0,,2026,212,71.3,53.9,75.3,54,60,21,0,1,0,4,18,7,2,31,22,9,MAINE,MAINE,29.6,,55.6
182926,Ebuka Okafor,T,0,,2028,313,,75.1,76.8,,72,79,0,1,0,33,0,0,35,68,33,35,TEXAS STHN,TEXAS STHN,74.4,,
182977,Justin Thompson,TE,0,,2025,299,,71.9,75.5,50.6,81.6,84,0,1,0,4,12,0,24,40,16,24,ST FRANCIS,ST FRANCIS,69.9,,
183009,Jaden Gilbert,HB,0,,2028,353,68.8,62.5,70.5,56.8,59.8,23,0,1,0,0,3,3,2,8,3,5,YNGTOWN ST,YNGTOWN ST,,,63.4
184189,Jaden McGill,HB,0,,2027,308,75.2,79,74.2,79.1,,04,0,1,0,3,8,15,0,26,11,15,TENN STATE,TENN STATE,35.6,,74.6
184287,Deyandre Ruffin,WR,0,,2026,290,62.5,62.3,72.7,56.4,59,04,0,1,0,0,5,1,9,15,5,10,SCAR STATE,SCAR STATE,,,60
184992,Landon Cooper,TE,0,,2026,161,61.9,79.6,73.2,56.4,81.2,88,0,1,0,0,2,0,15,17,2,15,E WASHGTON,E WASHGTON,,,
184995,Clinton Azubuike,T,0,,2029,252,,77.4,74.6,,74.6,56,0,1,0,16,0,0,22,38,16,22,N ARIZONA,N ARIZONA,76.9,,
185002,Seth Cromwell,HB,0,,2027,252,75.9,82.1,0,78.4,57.8,34,1,1,0,0,17,17,4,38,17,21,N ARIZONA,N ARIZONA,,,81.5
185013,Mattis Karrasch,T,0,,2029,252,,53,71.6,,53.2,52,0,1,0,0,0,0,14,14,0,14,N ARIZONA,N ARIZONA,,,
185014,Kolbe Katsis,WR,0,2026,2026,252,62.9,62.7,77,62.5,60.5,11,0,1,0,0,22,0,24,46,22,24,N ARIZONA,N ARIZONA,,,
185015,Kyler Kruck,WR,0,,2027,252,65.5,63.6,66.6,,,24,0,1,0,0,0,2,0,2,0,2,N ARIZONA,N ARIZONA,,,62
185022,Ty Pennington,QB,0,,2028,252,69.9,70.1,75.8,,60,06,1,1,24,0,0,4,24,52,24,28,N ARIZONA,N ARIZONA,,65.9,67.2
185038,River Stout,WR,0,,2026,253,,58,66.8,58.8,,86,0,1,0,0,2,0,0,2,2,0,N COLORADO,N COLORADO,,,
185105,Zaire Collier,C,0,,2028,322,,58.5,79.8,,60,52,1,1,0,44,0,0,28,72,44,28,UC DAVIS,UC DAVIS,49.6,,
185107,Stacy Dobbins,WR,0,,2030,322,,56.7,72.2,57.1,60,14,0,1,0,0,5,0,2,7,5,2,UC DAVIS,UC DAVIS,,,
185112,Rayne Mayo Jr.,DI,0,,2029,322,,60,64.4,,59.6,D92,0,1,0,0,0,0,1,1,0,1,UC DAVIS,UC DAVIS,,,
185136,Jamil Bishop,WR,0,,2026,135,71.4,61.8,75.9,56.3,67.3,09,1,1,0,0,17,7,21,45,17,28,CHARLES SO,CHARLES SO,,,64.5
185167,Colin Sorensen,T,0,,2029,135,,49.3,17.5,,50.8,70,1,1,0,26,0,0,34,60,26,34,CHARLES SO,CHARLES SO,62.7,,
185175,CJ Dawson II,T,0,,2028,171,,63.1,12,,57,55,1,1,0,37,0,0,21,58,37,21,GARD-WEBB,GARD-WEBB,84.5,,
185177,Carson Gresock,HB,0,,2027,171,68.6,72.6,71.5,56.4,60,33,0,1,0,2,6,4,1,13,8,5,GARD-WEBB,GARD-WEBB,76.6,,72.4
185179,Anthony Lowe,WR,0,,2026,171,72.6,52.8,78.9,53.8,48.9,01,0,1,0,0,40,0,21,61,40,21,GARD-WEBB,GARD-WEBB,,,
185187,Taj Dyches,HB,0,,2028,277,62.5,58.9,66.4,,60,38,0,1,0,0,0,1,1,2,0,2,ROB MORRIS,ROB MORRIS,,,59.6
185212,Liam Carr,LB,0,,2026,158,,60,60,,60,D59,0,1,0,0,0,0,1,1,0,1,E ILLINOIS,E ILLINOIS,,,
185214,Alex Herrera,TE,0,,2027,158,65,68.6,78.2,66,66.2,81,0,1,0,5,30,0,35,70,35,35,E ILLINOIS,E ILLINOIS,70,,
185236,Bryant Williams,WR,0,,2026,308,61,53.5,0,55.6,61.4,06,1,1,0,0,28,0,23,51,28,23,TENN STATE,TENN STATE,,,
185284,Andrew King,HB,0,,2029,276,67.3,56.8,68.7,58.6,,08,0,1,0,1,2,3,0,6,3,3,RICHMOND,RICHMOND,0,,61.8
185303,Winston Watkins,QB,0,,2029,317,61.8,53.3,66.6,,60,06,0,1,2,0,0,0,1,3,2,1,TOWSON,TOWSON,,53.3,
185304,Linden Clemmons,T,0,,2030,348,,56.2,73.4,,58.7,69,0,1,0,8,0,0,19,27,8,19,WM & MARY,WM & MARY,38.5,,
185330,Braden Streeter,QB,0,,2029,151,,40.2,66.6,,60,16,0,1,0,0,0,1,2,3,0,3,DELAWARE,DELAWARE,,,56.4
185335,Luke Rogers,G,0,,2029,240,,58,80.2,,49.1,79,0,1,0,48,0,0,25,73,48,25,NEW HAMP,NEW HAMP,80.7,,
185391,Cole De Magistris,T,0,,2026,280,,54.6,76.1,,58.8,76,0,1,0,16,0,0,33,49,16,33,SACR HEART,SACR HEART,30.1,,
185442,Jaxton Santiago,WR,0,,2029,352,,53.6,73.2,53.9,60.2,18,0,1,0,0,8,0,7,15,8,7,YALE,YALE,,,
185454,Matt Lawson,HB,0,,2029,188,73.6,63.2,74.1,59.7,,25,0,1,0,2,10,11,0,23,12,11,ILL STATE,ILL STATE,73.2,,62.9
185495,Mike Adams,T,0,,2026,191,,50.6,0,,54.5,76,2,1,0,46,0,0,32,78,46,32,INDIANA ST,INDIANA ST,65.3,,
185498,Elijah Coker,WR,0,,2028,191,,60,60,,60,84,0,1,0,0,0,0,1,1,0,1,INDIANA ST,INDIANA ST,,,
185521,Dorian Harris,HB,0,,2029,235,74.4,68,72.4,,,22,0,1,0,0,0,13,0,13,0,13,MORGAN ST,MORGAN ST,,,66.2
185528,Kofi Irving,WR,0,,2030,235,,56.7,71.4,57.9,57.5,81,0,1,0,0,2,0,7,9,2,7,MORGAN ST,MORGAN ST,,,
185535,Tyreek Wood,TE,0,,2029,235,,49.6,73.7,59,48.5,89,0,1,0,0,1,0,14,15,1,14,MORGAN ST,MORGAN ST,,,
185541,Aidan Behymer,TE,0,,2028,249,66.2,74.4,70.3,77.7,57.6,87,0,1,0,2,4,0,4,10,6,4,N DAKOTA,N DAKOTA,69.8,,
185583,Jake Curry,QB,0,,2030,295,67.5,52.1,73.1,,60,07,0,1,17,0,0,1,7,25,17,8,S ILLINOIS,S ILLINOIS,,53.3,57.3
185595,Jerrian Parker Jr.,HB,0,,2029,295,70.7,51.9,74.7,42.6,57.7,33,0,1,0,5,14,6,5,30,19,11,S ILLINOIS,S ILLINOIS,81.4,,56.4
185602,Marcus Calwise Jr.,WR,1,,2028,159,66.2,78.9,0,80.3,61.2,83,1,1,0,0,35,0,25,60,35,25,E KENTUCKY,E KENTUCKY,,,
185605,Liam Coppinger,G,0,,2027,159,,54.7,81,,54.6,50,0,1,0,44,0,0,41,85,44,41,E KENTUCKY,E KENTUCKY,46,,
185610,Tyrell Green,G,0,,2028,159,,34.4,0,,44.2,55,3,1,0,19,0,0,26,45,19,26,E KENTUCKY,E KENTUCKY,63.4,,
185612,Benjamin Hayes,TE,0,,2028,159,,59.5,65.7,59.6,,88,0,1,0,0,1,0,0,1,1,0,E KENTUCKY,E KENTUCKY,,,
185628,Jonathan Alexander,WR,0,,2029,172,,49,73.3,49.9,60.1,82,0,1,0,0,11,0,5,16,11,5,GEORGETOWN,GEORGETOWN,,,
185636,Savion Hart,HB,0,,2029,172,71.9,60.8,0,57.6,,25,1,1,0,1,4,8,0,13,5,8,GEORGETOWN,GEORGETOWN,67.5,,64.3
185658,Connor Gaines,T,0,,2029,203,,48.1,70.8,,47.8,76,0,1,0,1,0,0,11,12,1,11,LAFAYETTE,LAFAYETTE,66.7,,
185660,Jakyre Henley,WR,0,,2029,203,61.9,57.1,68.4,58,60,17,0,1,0,0,2,0,2,4,2,2,LAFAYETTE,LAFAYETTE,,,
185664,Sean Kinney,C,0,,2029,203,,64.1,78.4,73.6,56.4,78,0,1,0,27,0,0,23,50,27,23,LAFAYETTE,LAFAYETTE,80.6,,
185665,Mason Kuehner,WR,0,,2029,203,70.3,73.1,75.3,72.2,60.7,08,0,1,0,0,20,0,13,33,20,13,LAFAYETTE,LAFAYETTE,,,
185669,Jonathan Moyer,WR,0,,2029,203,,57.7,72.1,58,60.6,86,0,1,0,0,2,0,6,8,2,6,LAFAYETTE,LAFAYETTE,,,
185670,Jason Penza,QB,0,,2029,203,65.5,83.1,67.4,,60,15,0,1,0,0,0,2,2,4,0,4,LAFAYETTE,LAFAYETTE,,,72.3
185671,Kristo Reinhardt,G,0,,2028,203,,67.6,71.2,,67,71,0,1,0,1,0,0,6,7,1,6,LAFAYETTE,LAFAYETTE,68.2,,
185677,Marc Tomljanovic,G,0,,2028,203,,59,73.3,,58.1,62,0,1,0,2,0,0,11,13,2,11,LAFAYETTE,LAFAYETTE,71,,
185682,Sammy Ayache,T,0,,2029,205,,56.2,73.4,,52.9,64,0,1,0,9,0,0,17,26,9,17,LEHIGH,LEHIGH,76.6,,
185685,Vincent Cordoba,WR,0,,2028,205,,60,68,,59.7,18,0,1,0,0,0,0,3,3,0,3,LEHIGH,LEHIGH,,,
185686,Aaron Crossley,HB,0,,2029,205,67.3,69,68.5,,,05,0,1,0,0,0,3,0,3,0,3,LEHIGH,LEHIGH,,,66.9
185687,Matt D'Avino,WR,0,,2029,205,,53.6,72.5,54.4,60,80,0,1,0,0,7,0,2,9,7,2,LEHIGH,LEHIGH,,,
185691,Jaden Ferguson,WR,0,,2029,205,,60.2,69.9,,60.1,83,0,1,0,0,0,0,3,3,0,3,LEHIGH,LEHIGH,,,
185693,Jaden Green,HB,0,,2029,205,74.5,81.3,73.1,75.6,60,00,0,1,0,4,5,12,2,23,9,14,LEHIGH,LEHIGH,73.9,,78.2
185694,Garrett Guess,TE,0,,2029,205,,60.1,66.6,,60.1,45,0,1,0,0,0,0,3,3,0,3,LEHIGH,LEHIGH,,,
185695,Jamaire Harden,WR,0,,2029,205,,47.4,70.8,52.8,37.5,08,0,1,0,0,9,0,1,10,9,1,LEHIGH,LEHIGH,,,
185698,Hayden Johnson,QB,0,,2029,205,68.1,80.7,75.7,,60,01,0,1,23,0,0,1,27,51,23,28,LEHIGH,LEHIGH,,84.7,53.7
185708,Colby Reph,G,0,,2029,205,,62.1,76.8,,60,68,0,1,0,10,0,0,18,28,10,18,LEHIGH,LEHIGH,78.5,,
185710,Aiden Schomp,TE,0,,2028,205,,49.1,71.5,50.6,53.3,43,0,1,0,1,7,0,10,18,8,10,LEHIGH,LEHIGH,64.5,,
185716,Ashtin Ancheta,G,0,,2026,299,,55.9,79.1,,54,60,0,1,0,30,0,0,38,68,30,38,ST FRANCIS,ST FRANCIS,60.5,,
185737,Markell Holman,HB,0,,2028,299,77,73.6,76.8,59.1,65.3,01,0,1,0,0,12,21,5,38,12,26,ST FRANCIS,ST FRANCIS,0,,73.8
185740,Guzzy Kayed,T,0,,2029,299,,58.2,19.2,,65.7,56,1,1,0,30,0,0,38,68,30,38,ST FRANCIS,ST FRANCIS,45.3,,
185749,Ben Midea,C,0,,2029,299,,67.4,79.7,,62.9,53,0,1,0,30,0,0,38,68,30,38,ST FRANCIS,ST FRANCIS,82.2,,
185816,Devan Taylor,T,0,,2029,338,,63.3,76.5,,49.5,52,1,1,0,44,0,0,19,63,44,19,WAGNER,WAGNER,81.6,,
185835,Travien Watson,WR,0,,2028,157,61,61.3,66.2,60.7,60,85,0,1,0,0,1,0,1,2,1,1,E TENN ST,E TENN ST,,,
185847,Gavin Hall,HB,0,,2028,170,71.9,57.2,71.5,79.3,,33,0,1,0,2,8,7,0,17,10,7,FURMAN,FURMAN,9.5,,54.1
185848,Trey Hedden,QB,0,,2029,170,71.5,79.4,76.9,,60,08,0,1,29,0,0,7,34,70,29,41,FURMAN,FURMAN,,80.7,59.5
185849,Devin Hester Jr.,WR,0,,2029,170,61,74.1,71.1,71.2,60.2,19,0,1,0,0,3,0,3,6,3,3,FURMAN,FURMAN,,,
185859,Jackson Pryor,TE,0,,2029,170,62.9,66.3,75.1,66.9,58.8,17,0,1,0,0,9,0,5,14,9,5,FURMAN,FURMAN,,,
185868,Javarius George,WR,0,,2029,219,65.6,54.7,70.4,55.2,60.1,05,0,1,0,0,5,0,5,10,5,5,MERCER,MERCER,,,
185878,Quory Ambrose,G,0,,2028,271,,60,78.6,,55.3,57,0,1,0,39,0,0,21,60,39,21,PRESBYTERN,PRESBYTERN,72.8,,
185891,Secrea Algie,G,0,,2029,344,,60,64.1,,60,55,0,1,0,0,0,0,1,1,0,1,W CAROLINA,W CAROLINA,,,
185892,Vanier Baptiste III,FB,0,,2029,344,,62.7,67.6,,67.3,D92,0,1,0,0,0,0,2,2,0,2,W CAROLINA,W CAROLINA,,,
185895,Bode Burns,TE,0,,2029,344,,58.1,66.5,57.6,60,89,0,1,0,0,2,0,1,3,2,1,W CAROLINA,W CAROLINA,,,
185897,Joshua Collins,HB,0,,2029,344,65.5,55,66.8,58.6,,27,0,1,0,0,2,2,0,4,2,2,W CAROLINA,W CAROLINA,,,56.3
185900,Dale Greene,T,0,,2030,344,,60,65.2,,60,68,0,1,0,0,0,0,1,1,0,1,W CAROLINA,W CAROLINA,,,
185903,Isaiah Johnson,WR,0,,2029,344,62.9,72.4,76.1,70,72.4,18,0,1,0,0,18,0,17,35,18,17,W CAROLINA,W CAROLINA,,,
185904,Matthew Keener,WR,0,,2029,344,,57.5,68.7,58.3,60,82,0,1,0,0,2,0,2,4,2,2,W CAROLINA,W CAROLINA,,,
185907,EJ Moore Jr.,DI,0,,2029,344,,60,64.1,,59.7,D50,0,1,0,0,0,0,1,1,0,1,W CAROLINA,W CAROLINA,,,
185908,Camden Myers,C,0,,2029,344,,60,65.1,,60,65,0,1,0,0,0,0,1,1,0,1,W CAROLINA,W CAROLINA,,,
185911,Jemarious Reaves,WR,0,,2029,344,,57.4,69.5,58.3,60,88,0,1,0,0,2,0,2,4,2,2,W CAROLINA,W CAROLINA,,,
185916,Caleb Williford,T,0,,2028,344,,60,65,,60,69,0,1,0,0,0,0,1,1,0,1,W CAROLINA,W CAROLINA,,,
185918,Ivory Aikens,WR,0,,2029,350,,60,63.9,,59.5,10,0,1,0,0,0,0,1,1,0,1,WOFFORD,WOFFORD,,,
185919,Carlos Anaya,TE,0,,2026,350,61,56.5,0,51.6,73.5,87,1,1,0,1,9,0,17,27,10,17,WOFFORD,WOFFORD,67.3,,
185941,Luke Moise,G,0,,2029,350,,69.8,78.6,,67,60,0,1,0,25,0,0,20,45,25,20,WOFFORD,WOFFORD,85.6,,
185945,Isaiah Scott,WR,0,,2029,350,62.9,57.1,76.8,59.8,42.6,14,0,1,0,0,20,0,11,31,20,11,WOFFORD,WOFFORD,,,
186010,Grady Faulk,TE,0,,2027,217,,60,63.5,,60,88,0,1,0,0,0,0,1,1,0,1,MCNEESE,MCNEESE,,,
186029,Bryce Strong,HB,0,,2026,217,21.8,78.7,72.4,56.9,59.5,22,0,1,0,0,2,9,2,13,2,11,MCNEESE,MCNEESE,,,77
186031,Jaylen Thompson,HB,0,,2028,217,,60,63.5,,60,29,0,1,0,0,0,0,1,1,0,1,MCNEESE,MCNEESE,,,
186037,Guadalupe Cedillo,T,0,,2026,257,,59.7,77.3,,57.2,77,0,1,0,20,0,0,23,43,20,23,NWSTATE,NWSTATE,72.5,,
186039,Zay Davis,HB,0,,2027,257,72,47.7,74.2,35.2,60,18,0,1,0,2,10,8,1,21,12,9,NWSTATE,NWSTATE,73.5,,52.1
186044,Ryan Tyler,FB,0,,2026,257,,60,62.7,,60,47,0,1,0,0,0,0,1,1,0,1,NWSTATE,NWSTATE,,,
186055,Donovan Price,TE,0,,2030,104,,42.9,73.2,53.9,34.4,85,0,1,0,2,5,0,7,14,7,7,ALAB A&M,ALAB A&M,69.3,,
186066,DeJay Welch,WR,0,,2029,104,66,64.7,0,66.6,60.7,17,1,1,0,0,29,0,12,41,29,12,ALAB A&M,ALAB A&M,,,
186080,Derick Harden,TE,0,,2026,105,,52.5,71.8,55.8,51.5,83,0,1,0,3,2,0,10,15,5,10,ALABAMA ST,ALABAMA ST,69.7,,
186088,Daquon Kincey,HB,0,,2025,105,74.4,75,73,59.5,60,03,0,1,0,2,1,13,1,17,3,14,ALABAMA ST,ALABAMA ST,73.4,,72.4
186101,Cameron Smith,T,0,,2026,105,,81,75.4,,76.9,75,0,1,0,13,0,0,31,44,13,31,ALABAMA ST,ALABAMA ST,82.1,,
186109,Jordan Edwards,WR,0,,2026,164,,56.8,68.4,57.8,60,82,0,1,0,0,2,0,1,3,2,1,FL A&M,FL A&M,,,
186120,Cortney Lyles,T,0,,2026,297,,66.7,73.7,,62.6,78,0,1,0,11,0,0,18,29,11,18,SOUTHERN U,SOUTHERN U,79.4,,
186138,Sean O'Brien,TE,0,,2029,133,62.9,59.5,76.1,59.9,56.5,88,0,1,0,2,21,0,12,35,23,12,CENT CT ST,CENT CT ST,66.3,,
186155,Tony Harste,WR,0,,2029,185,,59.7,71.4,55.1,78.4,04,0,1,0,0,8,0,4,12,8,4,IDAHO,IDAHO,,,
186179,Noah West-Baranco,WR,0,,2029,185,,60,64.1,,60,81,0,1,0,0,0,0,1,1,0,1,IDAHO,IDAHO,,,
186194,Spencer Ashby,P,0,,2029,309,62.5,60,70.3,,,S47,0,1,0,0,0,1,0,1,0,1,TENN TECH,TENN TECH,,,60
186197,J.D. Dixon,WR,0,,2026,309,10.3,50.2,73.8,51.8,55,03,0,1,0,0,8,0,7,15,8,7,TENN TECH,TENN TECH,,,
186201,Tremel Jones,WR,0,,2026,309,66.3,51.1,77,53.1,44.8,02,0,1,0,0,25,2,15,42,25,17,TENN TECH,TENN TECH,,,58.6
186206,Dayan Bilbo,WR,0,,2026,1139,65.3,60.3,63.4,60.2,,13,0,1,0,0,1,0,0,1,1,0,TXAMEA,TXAMEA,,,
186211,Tyler Daniels,WR,0,,2026,1139,65,63.5,76.5,61.5,79.6,17,0,1,0,0,42,0,4,46,42,4,TXAMEA,TXAMEA,,,
186224,Ron Peace,QB,0,,2026,1139,30,52.8,78.4,,60,02,0,1,75,0,0,1,23,99,75,24,TXAMEA,TXAMEA,,48.9,75.5
186229,Tyson Schilling,WR,0,,2026,1139,65.7,62.9,77.1,62.6,59.2,01,0,1,0,0,38,0,6,44,38,6,TXAMEA,TXAMEA,,,
186231,Dayeton Sweeting,TE,0,,2026,1139,61,66.5,77.9,66.6,66.7,89,0,1,0,2,14,0,22,38,16,22,TXAMEA,TXAMEA,3.7,,
186234,Jared Wilson,WR,0,,2025,1139,65,54.3,0,55.5,57.6,14,1,1,0,0,75,0,24,99,75,24,TXAMEA,TXAMEA,,,
186255,Corey Richardson,HB,0,,2029,116,13.5,49.3,70.2,30.5,,26,0,1,0,1,6,1,0,8,7,1,AUSTINPEAY,AUSTINPEAY,71.5,,59.6
186288,Kealen Juniel,TE,0,,2030,132,,60,64.9,,60,86,0,1,0,0,0,0,1,1,0,1,CENT ARK,CENT ARK,,,
186292,Eric McGehee,QB,0,,2029,132,68.8,61,70.7,,60,14,0,1,4,0,0,4,2,10,4,6,CENT ARK,CENT ARK,,37.5,75.9
186328,KD Mosley,TE,0,,2029,184,61,55.2,74.7,55.2,55.1,85,0,1,0,2,18,0,13,33,20,13,HOWARD,HOWARD,67.9,,
186353,Shane Carr,WR,0,,2029,298,66.2,73.2,78.3,72.8,61,16,0,1,0,0,28,0,30,58,28,30,SO UTAH,SO UTAH,,,
186379,David Avit,HB,0,,2027,334,74.5,76.7,75.5,71.3,65.6,24,0,1,0,7,20,13,10,50,27,23,VILLANOVA,VILLANOVA,79,,76
186385,Chris Colby,WR,0,,2029,334,65,72.4,75.4,71.5,60.5,80,0,1,0,0,25,0,14,39,25,14,VILLANOVA,VILLANOVA,,,
186387,Ryan Cregan,T,0,,2029,334,,56.1,75.6,,60.2,79,0,1,0,27,0,0,18,45,27,18,VILLANOVA,VILLANOVA,41.8,,
186392,Lucas Kopecky,WR,0,,2026,334,64.1,59.9,78.7,59.7,59.7,16,0,1,0,0,35,0,24,59,35,24,VILLANOVA,VILLANOVA,,,
186501,Cade Barnett,T,0,,2028,1177,,60,64.3,,60,52,0,1,0,0,0,0,1,1,0,1,W GEORGIA,W GEORGIA,,,
186506,David Bodden,C,0,,2025,1177,,49.1,79.6,,54.4,64,0,1,0,30,0,0,36,66,30,36,W GEORGIA,W GEORGIA,27.5,,
186540,Jacob King,G,0,,2029,1177,,60,63.5,,60,79,0,1,0,0,0,0,1,1,0,1,W GEORGIA,W GEORGIA,,,
186545,Jerry Mays,TE,0,,2025,1177,,59.8,70.6,,59.4,20,0,1,0,0,0,0,2,2,0,2,W GEORGIA,W GEORGIA,,,
186550,Jeff Miller,T,0,,2026,1177,,63.6,75.2,,60.7,53,0,1,0,22,0,0,22,44,22,22,W GEORGIA,W GEORGIA,67.8,,
186554,Rajaez Mosley,HB,0,,2025,1177,76,69.5,75.7,66.2,58.8,22,0,1,0,0,11,17,5,33,11,22,W GEORGIA,W GEORGIA,,,68.2
186555,Latrelle Murrell,HB,0,,2028,1177,66.3,74.6,71.9,66,60,26,0,1,0,0,8,2,1,11,8,3,W GEORGIA,W GEORGIA,,,74.8
186563,Sam Regina,G,0,,2026,1177,,66.4,79.9,,62.8,70,0,1,0,30,0,0,36,66,30,36,W GEORGIA,W GEORGIA,85.2,,
186584,Bryson Wilson,G,0,,2028,1177,,58.8,73.2,,59.1,71,1,1,0,8,0,0,16,24,8,16,W GEORGIA,W GEORGIA,54,,
187175,Chase Holmes,WR,0,,2026,150,,58,69.1,,55.2,39,0,1,0,0,0,0,4,4,0,4,DAYTON,DAYTON,,,
188050,Jayden Benjamin,G,0,,2028,1177,,60,63.5,,60,68,0,1,0,0,0,0,1,1,0,1,W GEORGIA,W GEORGIA,,,
188078,Devion Newson,WR,0,,2026,1177,61,68.8,74.3,67.7,60.5,88,0,1,0,0,5,0,7,12,5,7,W GEORGIA,W GEORGIA,,,
188082,Jamarcus Prince,WR,0,,2029,1177,,57.1,69.2,57.8,60,81,0,1,0,0,3,0,2,5,3,2,W GEORGIA,W GEORGIA,,,
188534,Landen Clark,QB,0,,2029,162,62.5,66,63.6,,,11,0,1,0,0,0,1,0,1,0,1,ELON,ELON,,,62.7
188538,Isaiah Fuhrmann,WR,0,,2029,162,,54.8,74.6,54.8,59.4,13,0,1,0,0,9,0,10,19,9,10,ELON,ELON,,,
188558,Xavier Jennings,T,1,,2026,219,,45.6,73.9,,43.8,70,1,1,0,13,0,0,14,27,13,14,MERCER,MERCER,58.7,,
188561,Dwayne McGee,HB,0,,2025,219,72,57.4,70.7,61,,03,0,1,0,0,3,8,0,11,3,8,MERCER,MERCER,,,57.3
188565,Tyler Murray,G,0,,2029,219,,59,77.8,,59.8,57,0,1,0,24,0,0,24,48,24,24,MERCER,MERCER,47.2,,
188566,Whitt Newbauer,QB,0,,2029,219,67.6,80.2,75.5,,60,08,0,1,24,0,0,0,24,48,24,24,MERCER,MERCER,,79.5,
188567,Kelin Parsons,WR,0,,2025,219,66.2,79.9,76.2,79.3,58.4,13,0,1,0,0,13,0,14,27,13,14,MERCER,MERCER,,,
188578,Cleveland Charlton,WR,0,,2029,317,,53.4,71.6,54.1,60.1,88,0,1,0,0,8,0,3,11,8,3,TOWSON,TOWSON,,,
188593,Jason Tulloch,T,0,,2029,317,,62.6,69.2,,60.2,76,0,1,0,4,0,0,3,7,4,3,TOWSON,TOWSON,74.9,,
188620,Ja'Naylon Dupree,WR,0,,2026,194,67.1,83.2,73.7,82.3,60.4,02,0,1,0,0,12,0,14,26,12,14,JACKSON ST,JACKSON ST,,,
188626,Travis Terrell Jr.,HB,0,,2029,194,21,68.4,71.5,63.3,59.3,00,0,1,0,0,4,4,4,12,4,8,JACKSON ST,JACKSON ST,,,68.1
188628,Brian Williams Jr.,G,0,,2029,194,,60,67.2,,60,64,0,1,0,1,0,0,1,2,1,1,JACKSON ST,JACKSON ST,68,,
188649,Trey Price,G,0,,2029,1285,,47.1,80.1,,41,76,0,1,0,43,0,0,27,70,43,27,UTAHTC,UTAHTC,63,,
188651,Josh Rillos,WR,0,,2028,1285,65,66.3,77.8,64.3,79.3,22,0,1,0,0,35,0,18,53,35,18,UTAHTC,UTAHTC,,,
188922,Cortez Lane,WR,0,,2029,246,65.1,57.5,76.9,58,54.4,15,0,1,0,0,22,0,6,28,22,6,NC A&T,NC A&T,,,
189014,Brennan Ridley,WR,0,,2029,178,65.7,58.2,77.9,61.4,41.5,14,0,1,0,0,41,0,30,71,41,30,HAMPTON,HAMPTON,,,
189064,Preston Bird,WR,0,,2029,282,65,72.1,76.4,71.3,60.6,84,0,1,0,0,22,0,13,35,22,13,SAMFORD,SAMFORD,,,
189092,Bennett Commander,T,0,,2025,283,,60.5,69.1,,58.5,70,0,1,0,2,0,0,4,6,2,4,SAN DIEGO,SAN DIEGO,75.3,,
189095,Christopher Hall,WR,0,,2029,283,64.1,67.7,78,68,54.6,81,0,1,0,0,21,0,20,41,21,20,SAN DIEGO,SAN DIEGO,,,
189099,Cayden Chambers,WR,0,,2026,283,,60,64.1,,60,83,0,1,0,0,0,0,1,1,0,1,SAN DIEGO,SAN DIEGO,,,
189100,Niu Lago'o,T,0,,2029,283,,69.9,68.8,,69.8,69,0,1,0,2,0,0,4,6,2,4,SAN DIEGO,SAN DIEGO,73.4,,
189102,Thomas Marckwardt,G,0,,2029,283,,60,65,,60,64,0,1,0,0,0,0,1,1,0,1,SAN DIEGO,SAN DIEGO,,,
189104,Eric Mulkey,HB,0,,2029,283,,60,64.5,,60,37,0,1,0,1,0,0,1,2,1,1,SAN DIEGO,SAN DIEGO,71.5,,
189112,Oscar Weigel,G,0,,2030,283,,73.4,70.1,,70.7,61,0,1,0,2,0,0,3,5,2,3,SAN DIEGO,SAN DIEGO,74.1,,
189126,Gary Givens III,WR,0,,2029,332,65.7,84.9,77.1,83.9,62.8,03,0,1,0,0,13,0,23,36,13,23,VALPO,VALPO,,,
189144,Gabe Rosen,T,0,,2027,332,,60,64.1,,60,69,0,1,0,0,0,0,1,1,0,1,VALPO,VALPO,,,
189150,Daniel Theiss,C,0,,2030,332,,60,65.2,,60,55,0,1,0,0,0,0,1,1,0,1,VALPO,VALPO,,,
189159,AJ Bosch,WR,0,,2029,125,,58.8,67.3,59.7,60.2,85,0,1,0,0,1,0,3,4,1,3,BUCKNELL,BUCKNELL,,,
189162,Logan Bush,HB,0,,2029,125,61.9,59.7,66.7,59.9,,29,0,1,0,1,1,0,0,2,2,0,BUCKNELL,BUCKNELL,67.5,,
189180,Tariq Thomas,HB,0,,2029,125,76.5,69.3,76.7,58.1,60,07,0,1,0,13,21,19,1,54,34,20,BUCKNELL,BUCKNELL,47.9,,71.7
189188,Luke Gnepper,LS,0,,2029,272,,60,60,,60,S52,0,1,0,0,0,0,1,1,0,1,PRINCETON,PRINCETON,,,
189193,Christian Lynch,HB,0,,2029,272,62.5,65,62.7,,,33,0,1,0,0,0,1,0,1,0,1,PRINCETON,PRINCETON,,,63.1
189227,Payton Hoff,LS,0,,2028,177,,60,60,,60,S47,0,1,0,0,0,0,2,2,0,2,GRAMBLING,GRAMBLING,,,
189231,Jamal Jordan,LB,0,,2029,177,,60,60,,60,D21,0,1,0,0,0,0,2,2,0,2,GRAMBLING,GRAMBLING,,,
189235,Frank Moss,G,0,,2029,177,,60,67.2,,,73,0,1,0,2,0,0,0,2,2,0,GRAMBLING,GRAMBLING,0,,
189238,Armond Owens,T,0,,2029,177,,49.9,75.6,,46.2,78,0,1,0,24,0,0,24,48,24,24,GRAMBLING,GRAMBLING,59.8,,
189266,Kamari Houze,CB,0,,2029,247,,60,65,,,D38,0,1,0,1,0,0,0,1,1,0,NC CENT,NC CENT,63.8,,
189269,Aleni Mageo,HB,0,,2028,247,,60,62.7,,60,24,0,1,0,0,0,0,1,1,0,1,NC CENT,NC CENT,,,
189280,Chase Bingmon,HB,0,,2029,270,72,67.9,0,86.5,59.7,20,1,1,0,8,14,8,2,32,22,10,PRVIEW A&M,PRVIEW A&M,45.5,,64.7
189281,William Boone,T,0,,2029,270,,62.4,77.8,,57.9,67,0,1,0,65,0,0,24,89,65,24,PRVIEW A&M,PRVIEW A&M,65,,
189284,Ethan John,TE,0,,2028,270,64.1,67,79.7,61.5,82.5,87,0,1,0,3,31,0,10,44,34,10,PRVIEW A&M,PRVIEW A&M,71.1,,
189287,Trelin Miles,C,0,,2027,270,,60.4,72.7,,60.3,53,0,1,0,6,0,0,4,10,6,4,PRVIEW A&M,PRVIEW A&M,58.5,,
189289,Rodny Ojo,WR,0,,2029,270,,55.7,72.2,56.1,60,18,0,1,0,0,10,0,2,12,10,2,PRVIEW A&M,PRVIEW A&M,,,
189290,Jeremiah Ratliff,WR,0,,2026,270,64.1,73.1,75.7,72.3,60.2,15,0,1,0,0,16,0,12,28,16,12,PRVIEW A&M,PRVIEW A&M,,,
189291,Albert Thomas,WR,0,,2026,270,61,70.7,73.4,65.5,79.4,05,0,1,0,1,8,0,4,13,9,4,PRVIEW A&M,PRVIEW A&M,64.4,,
189294,Kael Alexander,QB,0,,2030,302,30.6,56,75.4,,60,15,0,1,38,0,0,0,9,47,38,9,STETSON,STETSON,,55.5,
189296,Fabian Baez,WR,0,,2027,302,64.1,52.4,76.8,52.5,61,13,0,1,0,0,43,0,10,53,43,10,STETSON,STETSON,,,
189300,Almari Brown,WR,0,,2028,302,,50.3,73.4,51,59.3,33,0,1,0,0,27,0,4,31,27,4,STETSON,STETSON,,,
189304,Vincent Chen,T,0,,2029,302,,54.5,76.7,,57.3,69,0,1,0,51,0,0,17,68,51,17,STETSON,STETSON,48.2,,
189306,Trey Clark,HB,0,,2028,302,72.3,81.8,74.7,79.3,,20,0,1,0,6,12,8,0,26,18,8,STETSON,STETSON,80.2,,80.6
189309,Richard Dennis,G,0,,2029,302,,57.3,74.7,,60,65,0,1,0,18,0,0,2,20,18,2,STETSON,STETSON,43.7,,
189311,Jaxson Dicus,HB,0,,2029,302,70.7,62.7,75.8,62.4,57.3,D43,0,1,0,8,16,6,4,34,24,10,STETSON,STETSON,46.2,,65
189332,Ashton Reynolds,WR,0,,2029,302,,57.3,70,57.9,60,89,0,1,0,0,3,0,1,4,3,1,STETSON,STETSON,,,
189336,Mason Scott,G,0,,2028,302,,60.6,76.8,,60.9,52,0,1,0,27,0,0,9,36,27,9,STETSON,STETSON,56.4,,
191379,Jackson Akins,QB,0,,2028,129,72.2,65.4,77.4,,60,12,0,1,52,0,0,7,18,77,52,25,CAL POLY,CAL POLY,,64.4,61.8
191391,Tristan Fui,TE,0,,2029,129,,81.6,70.2,57.2,82.3,55,0,1,0,0,2,0,8,10,2,8,CAL POLY,CAL POLY,,,
191399,Alek Marshall,TE,0,,2029,129,,41.6,0,57.7,60,84,1,1,0,0,2,0,1,3,2,1,CAL POLY,CAL POLY,,,
191418,Alejandro Arellano,G,0,,2027,158,,60,60,,60,70,0,1,0,0,0,0,1,1,0,1,E ILLINOIS,E ILLINOIS,,,
191433,Sandro Malicevic,T,0,,2028,158,,63.1,21.6,,73.9,77,1,1,0,37,0,0,36,73,37,36,E ILLINOIS,E ILLINOIS,41.7,,
191456,Mark Johnson,T,0,,2029,161,,68.4,68.6,,68.8,67,0,1,0,1,0,0,4,5,1,4,E WASHGTON,E WASHGTON,71.6,,
191494,Lathan Boone,QB,0,,2027,252,65.5,57.7,68.6,,60,10,0,1,0,0,0,2,4,6,0,6,N ARIZONA,N ARIZONA,,,58.6
191512,Keenan Campbell,WR,0,,2029,253,,58.4,67.5,58.9,60,83,0,1,0,0,2,0,1,3,2,1,N COLORADO,N COLORADO,,,
191530,Matthew Quesada,WR,0,,2026,253,,57.4,68.4,57.9,60,13,0,1,0,0,3,0,2,5,3,2,N COLORADO,N COLORADO,,,
191570,Roshawn Lacy,WR,0,,2027,308,,56.4,70.5,56.9,60,14,0,1,0,0,4,0,4,8,4,4,TENN STATE,TENN STATE,,,
191601,Caleb Sanchez,QB,0,,2029,145,69.1,70.8,76.1,,60,08,0,1,28,0,0,2,26,56,28,28,COLUMBIA,COLUMBIA,,71.8,56
191608,Molayo Irefin,WR,0,,2026,212,71.8,61.9,77.3,62,54.5,04,0,1,0,0,28,0,7,35,28,7,MAINE,MAINE,,,
191616,Cade Callahan,TE,0,,2029,385,61,56.3,72.7,58.6,54.8,89,0,1,0,0,5,0,10,15,5,10,MERRIMACK,MERRIMACK,,,
191694,Malachi Marshall,QB,0,,2029,303,11.5,30.4,63.6,,,02,0,1,0,0,0,1,0,1,0,1,STNY BROOK,STNY BROOK,,,48.6
191717,Tyler Dunn,T,0,,2029,147,,56.8,78.1,,56.3,72,0,1,0,52,0,0,33,85,52,33,CORNELL,CORNELL,53.5,,
191722,Kamal Harris,G,0,,2029,147,,56.2,78.8,,55.6,60,0,1,0,32,0,0,25,57,32,25,CORNELL,CORNELL,51.6,,
191728,Caden Lesiewicz,K,0,,2029,147,,60,70.3,,60,S99,0,1,0,0,0,0,1,1,0,1,CORNELL,CORNELL,,,
191738,Blaine Zoller,TE,0,,2029,147,,42.1,74.2,53.4,40.2,87,0,1,0,2,8,0,11,21,10,11,CORNELL,CORNELL,34.5,,
191743,Brady Blackburn,WR,0,,2029,179,,55.3,71.8,55.8,60,19,0,1,0,0,6,0,3,9,6,3,HARVARD,HARVARD,,,
191783,Brendon McQueen,WR,0,,2029,230,,60.3,68.5,,60.3,17,0,1,0,0,0,0,6,6,0,6,MO STATE,MO STATE,,,
191790,Jalen Daniels,QB,0,,2027,244,70,63,76,,60,02,0,1,26,0,0,4,25,55,26,29,NORFOLK,NORFOLK,,61.3,61.6
191813,Dominic Theibault,WR,0,,2028,244,,60.1,69.6,,60,82,0,1,0,0,0,0,4,4,0,4,NORFOLK,NORFOLK,,,
191814,Kam'ryn Thomas,WR,0,,2026,244,67.4,67,0,68.4,61.2,18,2,1,0,0,25,2,22,49,25,24,NORFOLK,NORFOLK,,,68.4
191890,Alijah Cason,WR,0,,2028,181,67.8,68.2,65.9,,59.8,84,0,1,0,0,0,1,1,2,0,2,HOLY CROSS,HOLY CROSS,,,63.2
191902,Mason McSweeney,TE,0,,2029,181,,68.6,72.7,60,71.3,44,0,1,0,0,1,0,8,9,1,8,HOLY CROSS,HOLY CROSS,,,
191916,Keith Boddie Jr.,WR,0,,2026,235,,57.2,72,57.9,59.2,83,0,1,0,0,2,0,7,9,2,7,MORGAN ST,MORGAN ST,,,
191931,Blake Scriber,G,0,,2029,235,,54.7,76.6,,55.2,66,1,1,0,19,0,0,16,35,19,16,MORGAN ST,MORGAN ST,43.3,,
191934,Joseph Bradford,G,0,,2026,243,,56.6,77.1,,54.4,69,0,1,0,19,0,0,12,31,19,12,NICHOLLS,NICHOLLS,60.6,,
191935,Miequle Brock,HB,0,,2029,243,68.5,44.6,73.9,44.3,60,22,0,1,0,0,14,3,2,19,14,5,NICHOLLS,NICHOLLS,0,,53.9
191978,Ayden Teeter,G,0,,2027,249,,53.5,68.8,,54.9,76,0,1,0,1,0,0,2,3,1,2,N DAKOTA,N DAKOTA,72,,
191987,Peder Haugo,HB,0,,2030,250,65.5,55.3,68.3,58.6,60,45,0,1,0,0,2,2,1,5,2,3,N DAK ST,N DAK ST,,,56.4
192004,Jackson Williams,WR,0,,2029,250,69.2,60.5,73.9,62,59.3,81,0,1,0,0,10,1,9,20,10,10,N DAK ST,N DAK ST,,,58.5
192036,Lofton O'Groske,WR,0,,2029,292,61,64.5,76.9,64.8,56.4,80,0,1,0,0,16,0,18,34,16,18,S DAK ST,S DAK ST,,,
192039,Quinton Renfro,HB,0,,2029,292,65.5,64.7,65.4,,,35,0,1,0,0,0,2,0,2,0,2,S DAK ST,S DAK ST,,,63.4
192043,Jack Smith,WR,0,,2030,292,,60,64.8,,60,19,0,1,0,0,0,0,1,1,0,1,S DAK ST,S DAK ST,,,
192050,Shane Willenbring,C,0,,2030,292,,59.4,75.3,,58.5,74,0,1,0,3,0,0,16,19,3,16,S DAK ST,S DAK ST,73.6,,
192072,Matt Machalik,QB,0,,2028,205,62.5,55,65.5,,60,07,0,1,0,0,0,1,1,2,0,2,LEHIGH,LEHIGH,,,57.7
192109,John McIntyre,TE,0,,2029,137,,46.2,73.8,50,46.7,88,0,1,0,0,13,0,9,22,13,9,CHATTNOOGA,CHATTNOOGA,,,
192112,Nick Paul,G,0,,2029,137,,53.8,77.3,,47.9,56,0,1,0,20,0,0,16,36,20,16,CHATTNOOGA,CHATTNOOGA,81.5,,
192118,Journey Wyche,HB,0,,2029,137,68.9,53.9,71.7,63.3,,10,0,1,0,2,4,4,0,10,6,4,CHATTNOOGA,CHATTNOOGA,8.3,,56.9
192135,Baylor Hayes,QB,0,,2029,157,63.8,83.6,70.1,,60,10,0,1,5,0,0,0,5,10,5,5,E TENN ST,E TENN ST,,83.1,
192157,Trevion Green,WR,0,,2025,234,,59.1,68.4,59.9,60.1,32,0,1,0,0,1,0,3,4,1,3,MOREHEAD,MOREHEAD,,,
192163,Gabe Kays,G,0,,2029,234,,50.1,76.6,,57.5,64,0,1,0,12,0,0,15,27,12,15,MOREHEAD,MOREHEAD,2.3,,
192182,Jacob Ziegler,T,0,,2029,234,,54.4,77.1,,47.3,62,0,1,0,28,0,0,37,65,28,37,MOREHEAD,MOREHEAD,82.6,,
192186,Mariano Birdno,TE,0,,2029,1129,64.6,59.5,76.1,61.7,51,80,0,1,0,3,32,0,13,48,35,13,STTHOM,STTHOM,70.5,,
192194,Andrew Eichmann,WR,0,,2028,1129,,56.8,68.5,57.7,60,08,0,1,0,0,2,0,2,4,2,2,STTHOM,STTHOM,,,
192198,Ben Hoiland,K,0,,2029,1129,,60,60,,60,S39,0,1,0,0,0,0,1,1,0,1,STTHOM,STTHOM,,,
192206,Joseph Koch,HB,0,,2029,1129,61,61.3,65.4,62.4,,26,0,1,0,0,2,0,0,2,2,0,STTHOM,STTHOM,,,
192211,Cam Miller,FB,0,,2026,1129,,60,60,,60,33,0,1,0,0,0,0,1,1,0,1,STTHOM,STTHOM,,,
192217,Cody Stordahl,LB,0,,2026,1129,,60,60,,60,D34,0,1,0,0,0,0,1,1,0,1,STTHOM,STTHOM,,,
192224,Leo Boehling,HB,0,,2029,336,68.6,62.3,71.2,58.9,60,29,0,1,0,1,2,4,2,9,3,6,VA MILT IN,VA MILT IN,26.4,,63.6
192226,JoJo Crump,QB,0,,2029,336,27.6,72.3,75.3,,59.9,19,0,1,22,0,0,4,12,38,22,16,VA MILT IN,VA MILT IN,,76.2,59.6
192236,Ethen Horne,WR,0,,2028,336,62.9,55.4,75.1,55.5,59.7,13,0,1,0,0,19,0,12,31,19,12,VA MILT IN,VA MILT IN,,,
192237,Kam Johnson,HB,0,,2029,336,,59.5,66.8,,58,22,0,1,0,0,0,0,3,3,0,3,VA MILT IN,VA MILT IN,,,
192239,Aiden Jones,TE,0,,2029,336,,48.7,68.8,,49.9,58,0,1,0,0,0,0,7,7,0,7,VA MILT IN,VA MILT IN,,,
192255,Aslin Shipe,HB,0,,2029,336,66.7,59.7,66.2,60.8,59.9,25,0,1,0,0,1,1,1,3,1,2,VA MILT IN,VA MILT IN,,,59.6
192262,Britin Witt,G,0,,2028,336,,67.8,74.5,,65.8,73,0,1,0,11,0,0,7,18,11,7,VA MILT IN,VA MILT IN,81.1,,
192264,Victor Young,WR,0,,2028,336,,55.4,69.9,56.5,,87,0,1,0,0,4,0,0,4,4,0,VA MILT IN,VA MILT IN,,,
192284,Armand Burris,WR,0,,2031,164,,60,67.9,,60,87,0,1,0,0,0,0,3,3,0,3,FL A&M,FL A&M,,,
192295,Gunnar Trout,P,0,,2031,164,11.5,60,70.3,,,S99,0,1,0,0,0,1,0,1,0,1,FL A&M,FL A&M,,,60
192305,Josh Lorick,WR,0,,2027,189,64.3,54.5,76.6,52.4,61.4,11,0,1,0,0,29,1,17,47,29,18,INCAR WORD,INCAR WORD,,,63
192315,Cash Cross,WR,0,,2029,204,,57.9,70.4,59.1,60.2,17,0,1,0,0,1,0,4,5,1,4,LAMAR,LAMAR,,,
192317,C.J. DeMas,TE,0,,2030,204,,58.4,67.1,,57.4,84,0,1,0,0,0,0,3,3,0,3,LAMAR,LAMAR,,,
192344,Trevon Bradford,TE,0,,2029,257,,49,72.5,52.9,50.9,87,0,1,0,2,5,0,11,18,7,11,NWSTATE,NWSTATE,69.1,,
192352,Camryn Davis,WR,0,,2029,257,,57.8,66.9,58.6,60,09,0,1,0,0,2,0,1,3,2,1,NWSTATE,NWSTATE,,,
192355,Matt Gower,TE,0,,2029,257,,56,69.4,60,55.3,88,0,1,0,1,1,0,5,7,2,5,NWSTATE,NWSTATE,64.4,,
192358,Jeremiah James,HB,0,,2029,257,69.7,61.3,71.3,58.7,60,25,0,1,0,0,2,5,2,9,2,7,NWSTATE,NWSTATE,,,61.3
192360,Abram Johnston,QB,0,,2029,257,69.1,51.6,75,60,60,10,0,1,19,0,1,3,17,40,20,20,NWSTATE,NWSTATE,,47.9,61.2
192363,Eli Little,T,0,,2028,257,,44.5,71.9,,45.6,62,0,1,0,8,0,0,9,17,8,9,NWSTATE,NWSTATE,38.5,,
192437,Bradley Kamga,T,0,,2029,1298,,46.8,76.1,,56.1,62,1,1,0,31,0,0,28,59,31,28,LIUSHAR,LIUSHAR,22.5,,
192448,Cory Nichols,WR,0,,2028,1298,67.3,55.4,78.9,56.1,60.2,06,0,1,0,0,31,2,23,56,31,25,LIUSHAR,LIUSHAR,,,57
192469,Cobey Thompkins,QB,0,,2031,139,60.3,59.7,63.6,,,06,0,1,1,0,0,0,0,1,1,0,CITADEL,CITADEL,,60,
192530,Jim Ogle,QB,0,,2029,236,70.1,63.9,10.1,,60,04,1,1,28,1,0,4,10,43,29,14,MURRAY ST,MURRAY ST,62.2,63.7,64.2
192535,Huseyin Simsir,TE,0,,2029,236,,56.2,68.5,56.1,60,88,0,1,0,0,3,0,1,4,3,1,MURRAY ST,MURRAY ST,,,
192559,Logan Perez,WR,0,,2029,240,,54.5,70.9,55.4,,84,0,1,0,0,7,0,0,7,7,0,NEW HAMP,NEW HAMP,,,
192563,T.J. Wyman,TE,0,,2028,240,,66.2,69.1,59.2,66.8,D91,0,1,0,2,1,0,6,9,3,6,NEW HAMP,NEW HAMP,65.6,,
192628,Chris Martinez,HB,0,,2028,301,60.3,52.4,63.5,,,35,0,1,1,0,0,0,0,1,1,0,STF AUSTIN,STF AUSTIN,,49.9,
192641,Clayton Wayland,WR,0,,2029,301,64.1,57.7,80.3,57.4,60.2,21,0,1,0,0,45,0,29,74,45,29,STF AUSTIN,STF AUSTIN,,,
192642,Darren Wiancko,G,0,,2026,301,,51.7,79.6,,47.6,72,0,1,0,47,0,0,34,81,47,34,STF AUSTIN,STF AUSTIN,61.8,,
192652,Davion Godley,HB,0,,2029,342,70.8,60.8,74.9,70,60,27,0,1,0,1,15,5,3,24,16,8,WEBER ST,WEBER ST,70.8,,55.6
192658,Noah Kjar,WR,0,,2029,342,69.3,53.2,73,53.7,60.2,89,0,1,0,0,17,0,4,21,17,4,WEBER ST,WEBER ST,,,
192663,Cole Millward,G,0,,2028,342,,58.7,75.6,,53.6,79,0,1,0,15,0,0,10,25,15,10,WEBER ST,WEBER ST,81.6,,
192700,Matt Childs,HB,0,,2028,123,73.3,60.7,76.9,72.7,60,34,0,1,0,1,21,10,3,35,22,13,BROWN,BROWN,68.5,,56.2
192720,Beau Smith,T,0,,2029,123,,63.4,76.5,,55.2,75,0,1,0,38,0,0,26,64,38,26,BROWN,BROWN,76.4,,
192736,Markiel Cockrell,HB,0,,2028,124,21.5,59.4,74.2,57,,23,0,1,0,0,22,7,0,29,22,7,BRYANT,BRYANT,,,60.2
192758,Andrew Montez,WR,0,,2026,124,64.1,65.4,77.9,61.3,89.5,00,0,1,0,0,40,0,22,62,40,22,BRYANT,BRYANT,,,
192771,Aden Smith,G,0,,2029,124,,53.2,76.2,,53.1,71,0,1,0,16,0,0,13,29,16,13,BRYANT,BRYANT,44,,
192781,Julius Dominguez,WR,0,,2029,152,,60,64.8,,60,41,0,1,0,0,0,0,1,1,0,1,DELWARE ST,DELWARE ST,,,
192784,Kenneth Everrett,WR,0,,2028,152,,60,65.3,,60,34,0,1,0,0,0,0,2,2,0,2,DELWARE ST,DELWARE ST,,,
192787,Damar Jackson,TE,0,,2029,152,61,51.8,75.5,52.1,56.3,84,0,1,0,2,17,0,11,30,19,11,DELWARE ST,DELWARE ST,68.6,,
192792,Jaheem Reddick,T,0,,2029,152,,60,64.9,,60,79,0,1,0,0,0,0,1,1,0,1,DELWARE ST,DELWARE ST,,,
192795,Timothy Scott Jr.,WR,0,,2029,152,61.9,60,67.9,,59.8,30,0,1,0,0,0,0,3,3,0,3,DELWARE ST,DELWARE ST,,,
192838,Damon McMillian Jr.,C,0,,2029,274,,62.8,72.4,,60,75,0,1,0,8,0,0,1,9,8,1,RHODE ISLD,RHODE ISLD,81.9,,
192860,Carter Guillaume,G,0,,2030,293,,73.5,80.6,,70.9,68,0,1,0,43,0,0,35,78,43,35,SE MO ST,SE MO ST,87.7,,
192872,Yusef Sanogo-Kendrick,G,0,,2031,293,,51.9,79.6,,49.5,78,0,1,0,43,0,0,35,78,43,35,SE MO ST,SE MO ST,53.9,,
192874,Tristan Smith,WR,0,,2027,293,65.7,72.2,78.1,71.8,60.4,01,0,1,0,0,42,0,32,74,42,32,SE MO ST,SE MO ST,,,
192913,Athean Renfro Jr.,HB,0,,2028,313,77.3,75.3,76.2,58.6,60,43,0,1,0,10,2,22,1,35,12,23,TEXAS STHN,TEXAS STHN,80,,72.1
192915,Eli Aragon-Cruz,WR,0,,2028,345,68.4,86.5,78.1,85.5,59.2,02,0,1,0,0,31,0,21,52,31,21,W ILLINOIS,W ILLINOIS,,,
192925,Demari Davis,WR,0,,2026,345,65.4,76.5,74.2,74.9,59.8,03,0,1,0,0,17,0,4,21,17,4,W ILLINOIS,W ILLINOIS,,,
192930,Tristin Duncan,WR,0,,2026,345,,53.6,74.2,54,60.4,80,0,1,0,0,10,0,5,15,10,5,W ILLINOIS,W ILLINOIS,,,
192934,Holden Grieger,C,0,,2029,345,,60,64.3,,,73,0,1,0,1,0,0,0,1,1,0,W ILLINOIS,W ILLINOIS,0,,
192936,Matthew Henry,WR,0,2026,2026,345,66.7,74.8,0,75.7,61.1,00,1,1,0,0,48,0,25,73,48,25,W ILLINOIS,W ILLINOIS,,,
192938,Curtis Horras,TE,0,,2028,345,65.6,56,69.1,54.6,60.2,86,0,1,0,0,3,0,3,6,3,3,W ILLINOIS,W ILLINOIS,,,
192962,Tanner Zolnosky,QB,0,,2029,345,66.4,92.4,68.1,,,14,0,1,3,0,0,2,0,5,3,2,W ILLINOIS,W ILLINOIS,,92.1,65.6
193015,Jack Melore,WR,0,,2029,213,61,63.6,73.3,62.9,60.2,14,0,1,0,0,10,0,4,14,10,4,MARIST,MARIST,,,
193028,Steve Brown,WR,0,,2029,309,,46.7,0,58.4,61.5,80,1,1,0,0,2,0,8,10,2,8,TENN TECH,TENN TECH,,,
193044,Turner McLaughlin,LS,0,,2029,309,,60,60,,60,S49,0,1,0,0,0,0,1,1,0,1,TENN TECH,TENN TECH,,,
193063,Jaidyn Jones,T,0,,2028,1139,,52.7,25.9,59.6,50.3,72,1,1,0,65,1,0,21,87,66,21,TXAMEA,TXAMEA,62.9,,
193069,JaiSean McMillian,HB,0,,2028,1139,69.9,69.2,68.5,64.6,,22,0,1,0,1,2,5,0,8,3,5,TXAMEA,TXAMEA,70.3,,67.5
193273,Chance Roberts,T,0,,2026,106,,58.8,80.2,,55.8,58,0,1,0,51,0,0,19,70,51,19,ALBANY,ALBANY,61.7,,
193274,Jojo Uga,HB,0,,2029,106,74.4,59.5,74.3,55.5,,23,0,1,0,7,8,13,0,28,15,13,ALBANY,ALBANY,76.7,,59.1
193276,Van Weber,QB,0,,2030,106,70.2,73.6,78,,60,14,0,1,60,0,0,0,28,88,60,28,ALBANY,ALBANY,,75.7,50.2
193281,Keavius Barnes,T,0,,2025,112,,63.4,76.5,,55,76,0,1,0,40,0,0,26,66,40,26,ARKAPB,ARKAPB,81.4,,
193295,JV Gibson,WR,0,,2027,112,68.7,75,79.3,74,76.8,11,0,1,0,0,37,1,23,61,37,24,ARKAPB,ARKAPB,,,57.6
193317,Jeremiah Rodgers,G,0,,2026,112,,53.1,78.5,,49.1,61,0,1,0,35,0,0,24,59,35,24,ARKAPB,ARKAPB,62.5,,
193321,Cam Taylor,WR,0,,2028,112,61.9,54.7,71.5,55.1,60.8,26,0,1,0,0,8,0,5,13,8,5,ARKAPB,ARKAPB,,,
193331,Jaylen Booker,T,0,,2029,119,,60,65.8,,,71,0,1,0,2,0,0,0,2,2,0,BETH COOK,BETH COOK,72.3,,
193336,Vincent Forney,T,0,,2029,119,,63,0,,63.6,64,1,1,0,18,0,0,11,29,18,11,BETH COOK,BETH COOK,86.6,,
193339,Isaiah Maumalanga,T,0,,2027,119,,34.3,75.5,,46,58,1,1,0,27,0,0,17,44,27,17,BETH COOK,BETH COOK,8.2,,
193341,Marquis McCants,WR,0,,2029,119,,57.8,66.2,58.7,,81,0,1,0,0,2,0,0,2,2,0,BETH COOK,BETH COOK,,,
193345,Dennis Palmer,HB,0,,2029,119,76.7,73.2,76.3,52.2,59.9,34,0,1,0,8,27,20,2,57,35,22,BETH COOK,BETH COOK,81.7,,75.2
193346,Melvin Puckett,G,0,,2029,119,,66.9,79.3,,61.6,70,0,1,0,45,0,0,28,73,45,28,BETH COOK,BETH COOK,88.6,,
193348,Javon Ross,WR,0,,2029,119,65.3,52.8,0,55.4,60.7,14,1,1,0,0,28,1,10,39,28,11,BETH COOK,BETH COOK,,,59.7
193351,Teko Shoats,T,0,,2029,119,,65.8,76.9,,64.8,50,0,1,0,43,0,0,28,71,43,28,BETH COOK,BETH COOK,63.3,,
193378,Luke Rives,WR,0,,2028,148,61,58.3,72,58.6,,81,0,1,0,0,4,0,0,4,4,0,DARTMOUTH,DARTMOUTH,,,
193385,BJ Atkins,WR,0,,2029,271,61,71.2,74.3,66.5,79.8,12,0,1,0,0,6,0,9,15,6,9,PRESBYTERN,PRESBYTERN,,,
193391,Ellington Brooks-Lytle,T,0,,2029,271,,60,65.8,,60,69,0,1,0,0,0,0,2,2,0,2,PRESBYTERN,PRESBYTERN,,,
193398,Kaleb Ferschke,T,0,,2029,271,,60,66.1,,60,74,0,1,0,0,0,0,2,2,0,2,PRESBYTERN,PRESBYTERN,,,
193413,Justin Montgomery,HB,0,,2029,271,65.5,59.7,70.1,57.7,60,25,0,1,0,0,3,2,1,6,3,3,PRESBYTERN,PRESBYTERN,,,56.4
196451,Vito Moriana-Sigel,G,0,,2027,228,,54,79.9,,51.4,79,0,1,0,33,0,0,34,67,33,34,MS VLY ST,MS VLY ST,58,,
196456,Nate Rembert,WR,0,,2027,228,67.8,87.8,77.8,88.4,61.2,06,0,1,0,0,28,1,17,46,28,18,MS VLY ST,MS VLY ST,,,57.9
196476,Drew Eason,QB,0,,2029,1470,28,29.5,16.1,,60,12,1,1,29,0,0,1,27,57,29,28,STHLSK,STHLSK,,27.8,65.5
196479,Peter Fiumara,G,0,,2029,1470,,59.9,75.6,,56.7,71,0,1,0,10,0,0,11,21,10,11,STHLSK,STHLSK,80.6,,
196493,Tommy Miller,WR,0,,2030,1470,,60,65.6,,60,24,0,1,0,0,0,0,2,2,0,2,STHLSK,STHLSK,,,
196500,Thaibri Rogers,T,0,,2027,1470,,58.6,76.1,,60.8,70,0,1,0,29,0,0,28,57,29,28,STHLSK,STHLSK,48.9,,
196507,Damian Tyminski,WR,0,,2028,1470,,55.8,73.9,55.8,60.1,05,0,1,0,0,5,0,10,15,5,10,STHLSK,STHLSK,,,
196742,Kobe Brown,WR,0,,2029,297,64.1,64.9,81.2,64.2,61.6,82,0,1,0,0,10,0,17,27,10,17,SOUTHERN U,SOUTHERN U,,,
196748,Chris Garcia,G,0,,2026,297,,57.1,78.4,,56.4,65,0,1,0,17,0,0,27,44,17,27,SOUTHERN U,SOUTHERN U,55.5,,
196761,Jeron Lewis,G,0,,2027,297,,55.1,78.4,,51.1,68,0,1,0,22,0,0,35,57,22,35,SOUTHERN U,SOUTHERN U,83.2,,
196768,Antonio Sanders,G,0,,2027,297,,53.2,75.9,,50.8,77,0,1,0,7,0,0,15,22,7,15,SOUTHERN U,SOUTHERN U,78.7,,
196772,Bryan Wallace,T,0,,2029,297,,51.7,0,,53.8,74,1,1,0,13,0,0,24,37,13,24,SOUTHERN U,SOUTHERN U,79.5,,
196828,James Raber,G,0,,2025,171,,62.6,78.7,,56.9,68,0,1,0,32,0,0,19,51,32,19,GARD-WEBB,GARD-WEBB,82.3,,
196833,Justice Hill,WR,0,,2026,236,65.8,51,78.8,53.5,46.9,01,0,1,1,0,19,0,22,42,20,22,MURRAY ST,MURRAY ST,,60,
196855,Deablo Mcgee,WR,0,,2026,107,,55,72.9,55.1,61.1,13,0,1,0,0,7,0,8,15,7,8,ALCORN ST,ALCORN ST,,,
196856,Jackson Pickett,T,0,,2029,107,,49.8,72.7,,48.8,74,0,1,0,3,0,0,19,22,3,19,ALCORN ST,ALCORN ST,75.3,,
196865,Cameran Rogers,G,0,,2029,107,,57.4,79.7,,54.9,67,0,1,0,22,0,0,41,63,22,41,ALCORN ST,ALCORN ST,70.2,,
196872,Daniel Coles Jr.,HB,0,,2029,246,71.4,53.9,72.9,56.6,60,22,0,1,0,0,9,7,2,18,9,9,NC A&T,NC A&T,,,54.6
196882,Jaique Hart,QB,0,,2027,290,60.3,61.8,68.1,,60,14,1,1,1,0,0,0,3,4,1,3,SCAR STATE,SCAR STATE,,61,
196883,Caden High,WR,0,,2028,290,67,67.7,0,71.6,62.4,00,2,1,0,0,26,1,14,41,26,15,SCAR STATE,SCAR STATE,,,57.6
196884,Joe Johnson,T,0,,2028,290,,68.1,68.6,,68.8,74,0,1,0,1,0,0,3,4,1,3,SCAR STATE,SCAR STATE,75.8,,
196893,Roger Smith,G,0,,2028,290,,67,79,,66.6,71,0,1,0,31,0,0,23,54,31,23,SCAR STATE,SCAR STATE,66.9,,
196896,Darius Thompson,WR,0,,2028,290,,57.8,73.1,58,60.1,80,0,1,0,0,2,0,8,10,2,8,SCAR STATE,SCAR STATE,,,
196905,Chief Montalvo,WR,0,,2029,142,,60.1,67.4,,60.1,82,0,1,0,0,0,0,3,3,0,3,COLGATE,COLGATE,,,
196991,Dakevion Harris,C,0,,2027,107,,50,71.3,,49.5,72,0,1,0,0,0,0,15,15,0,15,ALCORN ST,ALCORN ST,,,
197024,Nicholas Howard,WR,0,,2027,177,,47.2,76.7,47.8,60.9,88,0,1,0,0,20,0,7,27,20,7,GRAMBLING,GRAMBLING,,,
197029,CJ Ceron,QB,0,,2029,283,62.5,68.1,63.6,,,11,0,1,0,0,0,1,0,1,0,1,SAN DIEGO,SAN DIEGO,,,63.5
197063,Randall King,WR,0,,2029,131,68,65.9,78.8,61.4,87.8,13,0,1,0,0,32,0,18,50,32,18,CAMPBELL,CAMPBELL,,,
197513,Adrian Lopez,G,0,,2030,234,,63,77.7,,66,70,0,1,0,16,0,0,22,38,16,22,MOREHEAD,MOREHEAD,28.2,,
197519,Kordell Rodgers,TE,0,,2029,313,61,60.8,74.7,62.5,54.9,84,0,1,0,1,13,0,8,22,14,8,TEXAS STHN,TEXAS STHN,67.8,,
197564,DJ Stevenson,QB,0,,2026,112,64.6,65.1,71.4,,60,18,0,1,8,0,0,0,7,15,8,7,ARKAPB,ARKAPB,,63.4,61.8
197598,Andrew Smithberger,TE,0,,2029,310,,51.4,74.3,55.1,57,88,0,1,0,8,4,0,19,31,12,19,TENN MARTN,TENN MARTN,37.8,,
197660,Hans Wisnewski,TE,0,,2025,131,61,78.3,71.9,89.7,53,81,0,1,0,1,5,0,10,16,6,10,CAMPBELL,CAMPBELL,65.6,,
197711,Braden Cain,T,0,,2029,313,,49.7,77.3,,58,71,0,1,0,33,0,0,35,68,33,35,TEXAS STHN,TEXAS STHN,25.2,,
197712,JJ Cowan,HB,0,,2029,131,70.3,59.1,73.5,63.5,60,24,0,1,0,3,16,5,1,25,19,6,CAMPBELL,CAMPBELL,20.4,,60.2
197714,Braxton Thomas,QB,0,,2030,246,70.9,65.1,74.9,,60,17,0,1,23,0,0,6,13,42,23,19,NC A&T,NC A&T,,53.7,76.4
197725,Arthur Avila,G,0,,2028,217,,58.3,72.8,,57.7,70,0,1,0,1,0,0,9,10,1,9,MCNEESE,MCNEESE,68,,
197741,Deng Deng,WR,0,,2029,249,,56.3,69.9,56.9,60,02,0,1,0,0,3,0,3,6,3,3,N DAKOTA,N DAKOTA,,,
197767,Kareem Keye,QB,0,,2029,105,22.3,27.3,75.7,,60,10,1,1,15,0,0,1,31,47,15,32,ALABAMA ST,ALABAMA ST,,28.1,41.4
197779,Bryce Hampton,T,0,,2025,236,,56.3,76.4,,56.4,78,0,1,0,27,0,0,25,52,27,25,MURRAY ST,MURRAY ST,51.9,,
197782,Ahmad Carwise,T,0,,2030,171,,53.9,68,,59.2,74,0,1,0,2,0,0,2,4,2,2,GARD-WEBB,GARD-WEBB,0.9,,
197791,Unknown Brown 66,T,0,,2028,123,,60,65,,60,66,0,1,0,0,0,0,1,1,0,1,BROWN,BROWN,,,
197815,Aleks Sitkowski,QB,0,,2029,142,66.2,50,67.4,,,12,0,1,2,0,0,2,0,4,2,2,COLGATE,COLGATE,,54.6,56.4
197881,Dominic Moe Werner,T,0,,2028,142,,58.2,66.9,,57.2,61,0,1,0,0,0,0,3,3,0,3,COLGATE,COLGATE,,,
197891,Casey Carlesimo,WR,0,,2029,283,61,60.2,70.7,60.1,59.9,84,0,1,0,0,2,0,5,7,2,5,SAN DIEGO,SAN DIEGO,,,
